=== ANALISE DE METRICAS DE GPU (Green IT + VRAM) ===
API de Renderizacao: WEBGL-RAW
Cenario: A
Timestamp Unix de Inicio do Ensaio (ms): 1787322216154
Janela do Ensaio: 60.00 s
Amostras de GPU Utilizadas (nvidia-smi, 1 Hz): 2632

--- CONSUMO ACUMULADO DO ENSAIO (integral da curva de potencia) ---
Potencia Media (ponderada pelo tempo, janela de 60s): 22.08 W
Consumo Acumulado do Ensaio: 1324.67 J (0.3680 Wh)

--- METRICAS POR QUADRO (media sobre 8641 frames correlacionados) ---
Potencia Instantanea Media: 22.08 W
Potencia Instantanea Minima: 18.54 W
Potencia Instantanea Maxima: 23.28 W
Assinatura Energetica Media por Quadro (Joules/Frame): 0.1533 J
Coeficiente de Eficiencia Medio (Frames por Watt): 6.53 FPS/W
Total de Quadros Correlacionados: 8641 frames

--- ALOCACAO DE VRAM (MB, via nvidia-smi memory.used) ---
VRAM Media durante o Ensaio: 459.3 MB
VRAM Minima durante o Ensaio: 459.0 MB
VRAM Maxima durante o Ensaio: 473.4 MB

--- TEMPERATURA DA GPU (°C, via nvidia-smi temperature.gpu) ---
Temperatura Media durante o Ensaio: 80.2 °C
Temperatura Minima durante o Ensaio: 79.0 °C
Temperatura Maxima durante o Ensaio: 81.0 °C
Deriva Termica no Ensaio (fim - inicio): +1.0 °C
  (nao e uma metrica da pesquisa — serve para auditar se a GPU estava em
  equilibrio termico. Compare entre ensaios do mesmo lote para checar vies
  sistematico entre condicoes testadas no inicio vs. no fim do lote.)

--- DADOS BRUTOS QUADRO A QUADRO (COM ENERGIA, VRAM E TEMPERATURA) ---
Tempo Decorrido (ms),FPS Instantaneo,Tempo de Frame (ms),Potencia Instantanea (W),Energia do Quadro (J),Frames por Watt,VRAM (MB),Temperatura (C)
5,208.3,4.80,18.54,0.0890,11.23,473.4,79.0
12,142.9,7.00,18.58,0.1301,7.69,473.3,79.0
19,144.9,6.90,18.62,0.1285,7.78,473.3,79.0
26,142.9,7.00,18.66,0.1306,7.66,473.2,79.0
33,147.1,6.80,18.69,0.1271,7.87,473.1,79.0
40,140.8,7.10,18.73,0.1330,7.52,473.1,79.0
47,144.9,6.90,18.77,0.1295,7.72,473.0,79.0
53,144.9,6.90,18.80,0.1297,7.71,472.9,79.0
60,142.9,7.00,18.84,0.1319,7.59,472.9,79.0
67,142.9,7.00,18.87,0.1321,7.57,472.8,79.0
74,147.1,6.80,18.91,0.1286,7.78,472.7,79.0
81,142.9,7.00,18.95,0.1326,7.54,472.6,79.0
88,144.9,6.90,18.99,0.1310,7.63,472.6,79.0
95,142.9,7.00,19.02,0.1332,7.51,472.5,79.0
102,144.9,6.90,19.06,0.1315,7.60,472.4,79.0
109,144.9,6.90,19.10,0.1318,7.59,472.4,79.0
116,142.9,7.00,19.13,0.1339,7.47,472.3,79.0
123,142.9,7.00,19.17,0.1342,7.45,472.2,79.0
130,144.9,6.90,19.21,0.1325,7.54,472.2,79.0
137,144.9,6.90,19.25,0.1328,7.53,472.1,79.0
144,142.9,7.00,19.28,0.1350,7.41,472.0,79.0
151,142.9,7.00,19.32,0.1352,7.40,471.9,79.0
158,147.1,6.80,19.36,0.1316,7.60,471.9,79.0
165,142.9,7.00,19.39,0.1358,7.37,471.8,79.0
171,144.9,6.90,19.43,0.1340,7.46,471.7,79.0
178,142.9,7.00,19.46,0.1362,7.34,471.7,79.0
185,142.9,7.00,19.50,0.1365,7.33,471.6,79.0
192,144.9,6.90,19.54,0.1348,7.42,471.5,79.0
199,147.1,6.80,19.57,0.1331,7.51,471.5,79.0
206,140.8,7.10,19.61,0.1392,7.18,471.4,79.0
213,144.9,6.90,19.65,0.1356,7.37,471.3,79.0
220,144.9,6.90,19.69,0.1358,7.36,471.3,79.0
227,142.9,7.00,19.72,0.1381,7.25,471.2,79.0
234,142.9,7.00,19.76,0.1383,7.23,471.1,79.0
241,144.9,6.90,19.80,0.1366,7.32,471.1,79.0
248,144.9,6.90,19.83,0.1369,7.31,471.0,79.0
255,142.9,7.00,19.87,0.1391,7.19,470.9,79.0
262,142.9,7.00,19.91,0.1394,7.18,470.8,79.0
269,144.9,6.90,19.95,0.1376,7.26,470.8,79.0
276,144.9,6.90,19.98,0.1379,7.25,470.7,79.0
283,142.9,7.00,20.02,0.1401,7.14,470.6,79.0
290,144.9,6.90,20.06,0.1384,7.22,470.6,79.0
296,144.9,6.90,20.09,0.1386,7.21,470.5,79.0
303,142.9,7.00,20.13,0.1409,7.10,470.4,79.0
310,144.9,6.90,20.16,0.1391,7.19,470.4,79.0
317,142.9,7.00,20.20,0.1414,7.07,470.3,79.0
324,144.9,6.90,20.24,0.1396,7.16,470.2,79.0
331,144.9,6.90,20.28,0.1399,7.15,470.1,79.0
338,142.9,7.00,20.31,0.1422,7.04,470.1,79.0
345,144.9,6.90,20.35,0.1404,7.12,470.0,79.0
352,142.9,7.00,20.39,0.1427,7.01,469.9,79.0
359,144.9,6.90,20.42,0.1409,7.09,469.9,79.0
366,142.9,7.00,20.46,0.1432,6.98,469.8,79.0
373,144.9,6.90,20.50,0.1414,7.07,469.7,79.0
380,142.9,7.00,20.54,0.1437,6.96,469.7,79.0
387,144.9,6.90,20.57,0.1420,7.04,469.6,79.0
394,144.9,6.90,20.61,0.1422,7.03,469.5,79.0
401,142.9,7.00,20.65,0.1445,6.92,469.4,79.0
408,144.9,6.90,20.68,0.1427,7.01,469.4,79.0
415,142.9,7.00,20.72,0.1450,6.90,469.3,79.0
422,142.9,7.00,20.76,0.1453,6.88,469.2,79.0
428,147.1,6.80,20.79,0.1414,7.08,469.2,79.0
435,142.9,7.00,20.83,0.1458,6.86,469.1,79.0
442,142.9,7.00,20.86,0.1461,6.85,469.0,79.0
449,144.9,6.90,20.90,0.1442,6.93,469.0,79.0
456,144.9,6.90,20.94,0.1445,6.92,468.9,79.0
463,142.9,7.00,20.98,0.1468,6.81,468.8,79.0
470,144.9,6.90,21.01,0.1450,6.90,468.8,79.0
477,142.9,7.00,21.05,0.1474,6.79,468.7,79.0
484,144.9,6.90,21.09,0.1455,6.87,468.6,79.0
491,142.9,7.00,21.12,0.1479,6.76,468.6,79.0
498,144.9,6.90,21.16,0.1460,6.85,468.5,79.0
505,142.9,7.00,21.20,0.1484,6.74,468.4,79.0
512,144.9,6.90,21.24,0.1465,6.82,468.3,79.0
519,142.9,7.00,21.27,0.1489,6.72,468.3,79.0
526,144.9,6.90,21.31,0.1470,6.80,468.2,79.0
533,142.9,7.00,21.35,0.1494,6.69,468.1,79.0
540,144.9,6.90,21.39,0.1476,6.78,468.1,79.0
547,142.9,7.00,21.42,0.1500,6.67,468.0,79.0
553,147.1,6.80,21.45,0.1459,6.86,467.9,79.0
560,142.9,7.00,21.49,0.1504,6.65,467.9,79.0
567,142.9,7.00,21.53,0.1507,6.64,467.8,79.0
574,144.9,6.90,21.57,0.1488,6.72,467.7,79.0
581,144.9,6.90,21.60,0.1491,6.71,467.6,79.0
588,142.9,7.00,21.64,0.1515,6.60,467.6,79.0
595,144.9,6.90,21.68,0.1496,6.68,467.5,79.0
602,142.9,7.00,21.71,0.1520,6.58,467.4,79.0
609,144.9,6.90,21.75,0.1501,6.66,467.4,79.0
616,144.9,6.90,21.79,0.1503,6.65,467.3,79.0
623,144.9,6.90,21.83,0.1506,6.64,467.2,79.0
630,140.8,7.10,21.86,0.1552,6.44,467.2,79.0
637,144.9,6.90,21.90,0.1511,6.62,467.1,79.0
644,144.9,6.90,21.94,0.1514,6.61,467.0,79.0
651,142.9,7.00,21.97,0.1538,6.50,466.9,79.0
658,144.9,6.90,22.01,0.1519,6.58,466.9,79.0
664,144.9,6.90,22.04,0.1521,6.57,466.8,79.0
672,140.8,7.10,22.09,0.1568,6.38,466.7,79.0
678,144.9,6.90,22.12,0.1526,6.55,466.7,79.0
685,142.9,7.00,22.16,0.1551,6.45,466.6,79.0
692,144.9,6.90,22.19,0.1531,6.53,466.5,79.0
699,142.9,7.00,22.23,0.1556,6.43,466.5,79.0
706,144.9,6.90,22.27,0.1536,6.51,466.4,79.0
713,142.9,7.00,22.30,0.1561,6.41,466.3,79.0
720,144.9,6.90,22.34,0.1542,6.49,466.3,79.0
727,144.9,6.90,22.38,0.1544,6.48,466.2,79.0
734,144.9,6.90,22.42,0.1547,6.46,466.1,79.0
741,140.8,7.10,22.45,0.1594,6.27,466.1,79.0
748,144.9,6.90,22.49,0.1552,6.44,466.0,79.0
755,142.9,7.00,22.53,0.1577,6.34,465.9,79.0
762,144.9,6.90,22.56,0.1557,6.42,465.8,79.0
769,144.9,6.90,22.60,0.1559,6.41,465.8,79.0
776,142.9,7.00,22.64,0.1585,6.31,465.7,79.0
783,144.9,6.90,22.68,0.1565,6.39,465.6,79.0
790,142.9,7.00,22.71,0.1590,6.29,465.6,79.0
796,147.1,6.80,22.74,0.1547,6.47,465.5,79.0
803,142.9,7.00,22.78,0.1595,6.27,465.4,79.0
810,142.9,7.00,22.82,0.1597,6.26,465.4,79.0
817,144.9,6.90,22.86,0.1577,6.34,465.3,79.0
824,142.9,7.00,22.89,0.1603,6.24,465.2,79.0
831,144.9,6.90,22.93,0.1582,6.32,465.1,79.0
838,142.9,7.00,22.97,0.1608,6.22,465.1,79.0
845,144.9,6.90,23.00,0.1587,6.30,465.0,79.0
852,144.9,6.90,23.01,0.1588,6.30,465.0,79.0
859,142.9,7.00,23.01,0.1611,6.21,465.0,79.0
866,144.9,6.90,23.01,0.1588,6.30,465.0,79.0
873,142.9,7.00,23.01,0.1611,6.21,465.0,79.0
880,144.9,6.90,23.01,0.1588,6.30,465.0,79.0
887,142.9,7.00,23.01,0.1611,6.21,465.0,79.0
894,144.9,6.90,23.01,0.1588,6.30,465.0,79.0
901,144.9,6.90,23.01,0.1588,6.30,465.0,79.0
908,142.9,7.00,23.01,0.1611,6.21,465.0,79.0
915,144.9,6.90,23.01,0.1588,6.30,465.0,79.0
922,142.9,7.00,23.01,0.1611,6.21,465.0,79.0
928,144.9,6.90,23.01,0.1588,6.30,465.0,79.0
935,142.9,7.00,23.01,0.1611,6.21,465.0,79.0
942,144.9,6.90,23.01,0.1588,6.30,465.0,79.0
949,142.9,7.00,23.01,0.1611,6.21,465.0,79.0
956,144.9,6.90,23.01,0.1588,6.30,465.0,79.0
963,144.9,6.90,23.01,0.1588,6.30,465.0,79.0
970,142.9,7.00,23.01,0.1611,6.21,465.0,79.0
977,144.9,6.90,23.01,0.1588,6.30,465.0,79.0
984,142.9,7.00,23.01,0.1611,6.21,465.0,79.0
991,142.9,7.00,23.01,0.1611,6.21,465.0,79.0
998,144.9,6.90,23.01,0.1588,6.30,465.0,79.0
1005,144.9,6.90,23.01,0.1588,6.30,465.0,79.0
1012,142.9,7.00,23.01,0.1611,6.21,465.0,79.0
1019,142.9,7.00,23.01,0.1611,6.21,465.0,79.0
1026,147.1,6.80,23.01,0.1565,6.39,465.0,79.0
1033,142.9,7.00,23.01,0.1611,6.21,465.0,79.0
1040,142.9,7.00,23.01,0.1611,6.21,465.0,79.0
1047,144.9,6.90,23.01,0.1588,6.30,465.0,79.0
1053,144.9,6.90,23.01,0.1588,6.30,465.0,79.0
1060,142.9,7.00,23.01,0.1611,6.21,465.0,79.0
1067,142.9,7.00,23.01,0.1611,6.21,465.0,79.0
1074,147.1,6.80,23.01,0.1565,6.39,465.0,79.0
1081,142.9,7.00,23.01,0.1611,6.21,465.0,79.0
1088,144.9,6.90,23.01,0.1588,6.30,465.0,79.0
1095,142.9,7.00,23.01,0.1611,6.21,465.0,79.0
1102,144.9,6.90,23.01,0.1588,6.30,465.0,79.0
1109,142.9,7.00,23.01,0.1611,6.21,465.0,79.0
1116,147.1,6.80,23.01,0.1564,6.39,465.0,79.0
1123,142.9,7.00,23.01,0.1611,6.21,465.0,79.0
1130,144.9,6.90,23.01,0.1587,6.30,465.0,79.0
1137,142.9,7.00,23.01,0.1610,6.21,465.0,79.0
1144,142.9,7.00,23.01,0.1610,6.21,465.0,79.0
1151,144.9,6.90,23.01,0.1587,6.30,465.0,79.0
1158,144.9,6.90,23.01,0.1587,6.30,465.0,79.0
1165,142.9,7.00,23.01,0.1610,6.21,465.0,79.0
1172,142.9,7.00,23.01,0.1610,6.21,465.0,79.0
1178,147.1,6.80,23.01,0.1564,6.39,465.0,79.0
1185,140.8,7.10,23.01,0.1633,6.12,465.0,79.0
1192,144.9,6.90,23.01,0.1587,6.30,465.0,79.0
1199,144.9,6.90,23.01,0.1587,6.30,465.0,79.0
1206,142.9,7.00,23.01,0.1610,6.21,465.0,79.0
1213,144.9,6.90,23.01,0.1587,6.30,465.0,79.0
1220,144.9,6.90,23.01,0.1587,6.30,465.0,79.0
1227,142.9,7.00,23.01,0.1610,6.21,465.0,79.0
1234,144.9,6.90,23.01,0.1587,6.30,465.0,79.0
1241,142.9,7.00,23.01,0.1610,6.21,465.0,79.0
1248,142.9,7.00,23.01,0.1610,6.21,465.0,79.0
1255,147.1,6.80,23.01,0.1564,6.39,465.0,79.0
1262,142.9,7.00,23.01,0.1610,6.21,465.0,79.0
1269,144.9,6.90,23.01,0.1587,6.30,465.0,79.0
1276,142.9,7.00,23.01,0.1610,6.21,465.0,79.0
1283,144.9,6.90,23.01,0.1587,6.30,465.0,79.0
1290,142.9,7.00,23.01,0.1610,6.21,465.0,79.0
1297,142.9,7.00,23.01,0.1610,6.21,465.0,79.0
1303,144.9,6.90,23.01,0.1587,6.30,465.0,79.0
1310,144.9,6.90,23.01,0.1587,6.30,465.0,79.0
1317,142.9,7.00,23.01,0.1610,6.21,465.0,79.0
1324,142.9,7.00,23.01,0.1610,6.21,465.0,79.0
1331,144.9,6.90,23.01,0.1587,6.30,465.0,79.0
1338,144.9,6.90,23.01,0.1587,6.30,465.0,79.0
1345,144.9,6.90,23.01,0.1587,6.30,465.0,79.0
1352,144.9,6.90,23.00,0.1587,6.30,465.0,79.0
1359,144.9,6.90,23.00,0.1587,6.30,465.0,79.0
1366,142.9,7.00,23.00,0.1610,6.21,465.0,79.0
1373,142.9,7.00,23.00,0.1610,6.21,465.0,79.0
1380,142.9,7.00,23.00,0.1610,6.21,465.0,79.0
1387,144.9,6.90,23.00,0.1587,6.30,465.0,79.0
1394,144.9,6.90,23.00,0.1587,6.30,465.0,79.0
1401,142.9,7.00,23.00,0.1610,6.21,465.0,79.0
1408,144.9,6.90,23.00,0.1587,6.30,465.0,79.0
1414,144.9,6.90,23.00,0.1587,6.30,465.0,79.0
1421,142.9,7.00,23.00,0.1610,6.21,465.0,79.0
1428,144.9,6.90,23.00,0.1587,6.30,465.0,79.0
1435,142.9,7.00,23.00,0.1610,6.21,465.0,79.0
1442,142.9,7.00,23.00,0.1610,6.21,465.0,79.0
1449,144.9,6.90,23.00,0.1587,6.30,465.0,79.0
1456,144.9,6.90,23.00,0.1587,6.30,465.0,79.0
1463,142.9,7.00,23.00,0.1610,6.21,465.0,79.0
1470,144.9,6.90,23.00,0.1587,6.30,465.0,79.0
1477,142.9,7.00,23.00,0.1610,6.21,465.0,79.0
1484,144.9,6.90,23.00,0.1587,6.30,465.0,79.0
1491,142.9,7.00,23.00,0.1610,6.21,465.0,79.0
1498,144.9,6.90,23.00,0.1587,6.30,465.0,79.0
1505,144.9,6.90,23.00,0.1587,6.30,465.0,79.0
1512,140.8,7.10,23.00,0.1633,6.12,465.0,79.0
1519,144.9,6.90,23.00,0.1587,6.30,465.0,79.0
1526,144.9,6.90,23.00,0.1587,6.30,465.0,79.0
1533,142.9,7.00,23.00,0.1610,6.21,465.0,79.0
1540,144.9,6.90,23.00,0.1587,6.30,465.0,79.0
1547,142.9,7.00,23.00,0.1610,6.21,465.0,79.0
1553,144.9,6.90,23.00,0.1587,6.30,465.0,79.0
1560,142.9,7.00,23.00,0.1610,6.21,465.0,79.0
1567,142.9,7.00,23.00,0.1610,6.21,465.0,79.0
1574,144.9,6.90,23.00,0.1587,6.30,465.0,79.0
1581,144.9,6.90,23.00,0.1587,6.30,465.0,79.0
1588,144.9,6.90,23.00,0.1587,6.30,465.0,79.0
1595,142.9,7.00,23.00,0.1610,6.21,465.0,79.0
1602,147.1,6.80,23.00,0.1564,6.39,465.0,79.0
1609,142.9,7.00,23.00,0.1610,6.21,465.0,79.0
1616,144.9,6.90,23.00,0.1587,6.30,465.0,79.0
1623,144.9,6.90,23.00,0.1587,6.30,465.0,79.0
1630,140.8,7.10,23.00,0.1633,6.12,465.0,79.0
1637,144.9,6.90,23.00,0.1587,6.30,465.0,79.0
1644,144.9,6.90,23.00,0.1587,6.30,465.0,79.0
1651,140.8,7.10,23.00,0.1633,6.12,465.0,79.0
1658,144.9,6.90,23.00,0.1587,6.30,465.0,79.0
1665,144.9,6.90,23.00,0.1587,6.30,465.0,79.0
1672,142.9,7.00,23.00,0.1610,6.21,465.0,79.0
1678,144.9,6.90,23.00,0.1587,6.30,465.0,79.0
1685,142.9,7.00,23.00,0.1610,6.21,465.0,79.0
1692,144.9,6.90,23.00,0.1587,6.30,465.0,79.0
1699,142.9,7.00,23.00,0.1610,6.21,465.0,79.0
1706,142.9,7.00,23.00,0.1610,6.21,465.0,79.0
1713,144.9,6.90,23.00,0.1587,6.30,465.0,79.0
1720,144.9,6.90,23.00,0.1587,6.30,465.0,79.0
1727,144.9,6.90,23.00,0.1587,6.30,465.0,79.0
1734,142.9,7.00,23.00,0.1610,6.21,465.0,79.0
1741,144.9,6.90,23.00,0.1587,6.30,465.0,79.0
1748,142.9,7.00,23.00,0.1610,6.21,465.0,79.0
1755,142.9,7.00,23.00,0.1610,6.21,465.0,79.0
1762,144.9,6.90,23.00,0.1587,6.30,465.0,79.0
1769,144.9,6.90,23.00,0.1587,6.30,465.0,79.0
1776,142.9,7.00,23.00,0.1610,6.21,465.0,79.0
1783,144.9,6.90,23.00,0.1587,6.30,465.0,79.0
1790,142.9,7.00,23.00,0.1610,6.21,465.0,79.0
1797,144.9,6.90,23.00,0.1587,6.30,465.0,79.0
1803,144.9,6.90,23.00,0.1587,6.30,465.0,79.0
1810,142.9,7.00,23.00,0.1610,6.21,465.0,79.0
1817,142.9,7.00,23.00,0.1610,6.21,465.0,79.0
1824,144.9,6.90,23.00,0.1587,6.30,465.0,79.0
1831,144.9,6.90,23.00,0.1587,6.30,465.0,79.0
1838,142.9,7.00,23.00,0.1610,6.21,465.0,79.0
1845,144.9,6.90,23.00,0.1587,6.30,465.0,79.0
1852,142.9,7.00,23.00,0.1610,6.21,465.0,79.0
1859,147.1,6.80,23.00,0.1564,6.40,464.9,79.0
1866,142.9,7.00,23.00,0.1610,6.21,464.9,79.0
1873,142.9,7.00,23.00,0.1610,6.21,464.8,79.0
1880,144.9,6.90,23.00,0.1587,6.30,464.8,79.0
1887,142.9,7.00,23.00,0.1610,6.21,464.8,79.0
1894,144.9,6.90,23.00,0.1587,6.30,464.7,79.0
1901,144.9,6.90,23.00,0.1587,6.30,464.7,79.0
1908,142.9,7.00,23.00,0.1610,6.21,464.6,79.0
1915,144.9,6.90,23.00,0.1587,6.30,464.6,79.0
1922,142.9,7.00,23.00,0.1610,6.21,464.5,79.0
1928,144.9,6.90,23.00,0.1587,6.30,464.5,79.0
1935,142.9,7.00,23.00,0.1610,6.21,464.5,79.0
1942,144.9,6.90,23.00,0.1587,6.30,464.4,79.0
1949,142.9,7.00,22.99,0.1610,6.21,464.4,79.0
1956,144.9,6.90,22.99,0.1587,6.30,464.3,79.0
1963,147.1,6.80,22.99,0.1564,6.40,464.3,79.0
1970,140.8,7.10,22.99,0.1633,6.12,464.3,79.0
1977,144.9,6.90,22.99,0.1587,6.30,464.2,79.0
1984,142.9,7.00,22.99,0.1610,6.21,464.2,79.0
1991,142.9,7.00,22.99,0.1609,6.22,464.1,79.0
1998,149.3,6.70,22.99,0.1540,6.49,464.1,79.0
2005,142.9,7.00,22.99,0.1609,6.22,464.0,79.0
2012,142.9,7.00,22.99,0.1609,6.22,464.0,79.0
2019,142.9,7.00,22.99,0.1609,6.22,464.0,79.0
2026,142.9,7.00,22.99,0.1609,6.22,463.9,79.0
2033,144.9,6.90,22.99,0.1586,6.30,463.9,79.0
2040,144.9,6.90,22.99,0.1586,6.30,463.8,79.0
2047,142.9,7.00,22.99,0.1609,6.22,463.8,79.0
2054,142.9,7.00,22.99,0.1609,6.22,463.8,79.0
2060,144.9,6.90,22.99,0.1586,6.30,463.7,79.0
2067,144.9,6.90,22.99,0.1586,6.30,463.7,79.0
2074,142.9,7.00,22.99,0.1609,6.22,463.6,79.0
2081,144.9,6.90,22.99,0.1586,6.30,463.6,79.0
2088,144.9,6.90,22.99,0.1586,6.30,463.5,79.0
2095,142.9,7.00,22.99,0.1609,6.22,463.5,79.0
2102,142.9,7.00,22.99,0.1609,6.22,463.5,79.0
2109,147.1,6.80,22.99,0.1563,6.40,463.4,79.0
2116,140.8,7.10,22.99,0.1632,6.13,463.4,79.0
2123,147.1,6.80,22.99,0.1563,6.40,463.3,79.0
2130,142.9,7.00,22.99,0.1609,6.22,463.3,79.0
2137,142.9,7.00,22.99,0.1609,6.22,463.3,79.0
2144,144.9,6.90,22.99,0.1586,6.30,463.2,79.0
2151,144.9,6.90,22.98,0.1586,6.30,463.2,79.0
2158,142.9,7.00,22.98,0.1609,6.22,463.1,79.0
2165,142.9,7.00,22.98,0.1609,6.22,463.1,79.0
2172,144.9,6.90,22.98,0.1586,6.30,463.0,79.0
2178,144.9,6.90,22.98,0.1586,6.30,463.0,79.0
2185,144.9,6.90,22.98,0.1586,6.30,463.0,79.0
2192,142.9,7.00,22.98,0.1609,6.22,462.9,79.0
2199,144.9,6.90,22.98,0.1586,6.30,462.9,79.0
2206,142.9,7.00,22.98,0.1609,6.22,462.8,79.0
2213,144.9,6.90,22.98,0.1586,6.31,462.8,79.0
2220,142.9,7.00,22.98,0.1609,6.22,462.8,79.0
2227,144.9,6.90,22.98,0.1586,6.31,462.7,79.0
2234,144.9,6.90,22.98,0.1586,6.31,462.7,79.0
2241,142.9,7.00,22.98,0.1609,6.22,462.6,79.0
2248,144.9,6.90,22.98,0.1586,6.31,462.6,79.0
2255,140.8,7.10,22.98,0.1632,6.13,462.5,79.0
2262,144.9,6.90,22.98,0.1586,6.31,462.5,79.0
2269,144.9,6.90,22.98,0.1586,6.31,462.5,79.0
2276,144.9,6.90,22.98,0.1586,6.31,462.4,79.0
2283,142.9,7.00,22.98,0.1608,6.22,462.4,79.0
2290,142.9,7.00,22.98,0.1608,6.22,462.3,79.0
2297,144.9,6.90,22.98,0.1585,6.31,462.3,79.0
2303,144.9,6.90,22.98,0.1585,6.31,462.3,79.0
2310,144.9,6.90,22.98,0.1585,6.31,462.2,79.0
2317,142.9,7.00,22.98,0.1608,6.22,462.2,79.0
2324,144.9,6.90,22.98,0.1585,6.31,462.1,79.0
2331,142.9,7.00,22.98,0.1608,6.22,462.1,79.0
2338,144.9,6.90,22.98,0.1585,6.31,462.0,79.0
2345,142.9,7.00,22.98,0.1608,6.22,462.0,79.0
2352,144.9,6.90,22.97,0.1585,6.31,462.0,79.0
2359,144.9,6.90,22.97,0.1585,6.31,461.9,79.0
2366,144.9,6.90,22.97,0.1585,6.31,461.9,79.0
2373,142.9,7.00,22.97,0.1608,6.22,461.8,79.0
2380,142.9,7.00,22.97,0.1608,6.22,461.8,79.0
2387,144.9,6.90,22.97,0.1585,6.31,461.8,79.0
2394,144.9,6.90,22.97,0.1585,6.31,461.7,79.0
2401,142.9,7.00,22.97,0.1608,6.22,461.7,79.0
2408,144.9,6.90,22.97,0.1585,6.31,461.6,79.0
2414,144.9,6.90,22.97,0.1585,6.31,461.6,79.0
2421,142.9,7.00,22.97,0.1608,6.22,461.5,79.0
2428,142.9,7.00,22.97,0.1608,6.22,461.5,79.0
2435,144.9,6.90,22.97,0.1585,6.31,461.5,79.0
2442,142.9,7.00,22.97,0.1608,6.22,461.4,79.0
2449,144.9,6.90,22.97,0.1585,6.31,461.4,79.0
2456,144.9,6.90,22.97,0.1585,6.31,461.3,79.0
2463,144.9,6.90,22.97,0.1585,6.31,461.3,79.0
2470,140.8,7.10,22.97,0.1631,6.13,461.3,79.0
2477,144.9,6.90,22.97,0.1585,6.31,461.2,79.0
2484,142.9,7.00,22.97,0.1608,6.22,461.2,79.0
2491,142.9,7.00,22.97,0.1608,6.22,461.1,79.0
2498,149.3,6.70,22.97,0.1539,6.50,461.1,79.0
2505,140.8,7.10,22.97,0.1631,6.13,461.0,79.0
2512,147.1,6.80,22.97,0.1562,6.40,461.0,79.0
2519,142.9,7.00,22.97,0.1608,6.22,461.0,79.0
2526,144.9,6.90,22.97,0.1585,6.31,460.9,79.0
2533,142.9,7.00,22.97,0.1608,6.22,460.9,79.0
2539,144.9,6.90,22.97,0.1585,6.31,460.8,79.0
2546,142.9,7.00,22.96,0.1608,6.22,460.8,79.0
2553,144.9,6.90,22.96,0.1585,6.31,460.8,79.0
2560,144.9,6.90,22.96,0.1585,6.31,460.7,79.0
2567,140.8,7.10,22.96,0.1630,6.13,460.7,79.0
2574,147.1,6.80,22.96,0.1562,6.41,460.6,79.0
2581,142.9,7.00,22.96,0.1607,6.22,460.6,79.0
2588,142.9,7.00,22.96,0.1607,6.22,460.5,79.0
2595,144.9,6.90,22.96,0.1584,6.31,460.5,79.0
2602,144.9,6.90,22.96,0.1584,6.31,460.5,79.0
2609,142.9,7.00,22.96,0.1607,6.22,460.4,79.0
2616,142.9,7.00,22.96,0.1607,6.22,460.4,79.0
2623,144.9,6.90,22.96,0.1584,6.31,460.3,79.0
2630,144.9,6.90,22.96,0.1584,6.31,460.3,79.0
2637,144.9,6.90,22.96,0.1584,6.31,460.3,79.0
2644,142.9,7.00,22.96,0.1607,6.22,460.2,79.0
2651,144.9,6.90,22.96,0.1584,6.31,460.2,79.0
2658,142.9,7.00,22.96,0.1607,6.22,460.1,79.0
2665,142.9,7.00,22.96,0.1607,6.22,460.1,79.0
2671,144.9,6.90,22.96,0.1584,6.31,460.0,79.0
2678,144.9,6.90,22.96,0.1584,6.31,460.0,79.0
2685,142.9,7.00,22.96,0.1607,6.22,460.0,79.0
2692,142.9,7.00,22.96,0.1607,6.22,459.9,79.0
2699,144.9,6.90,22.96,0.1584,6.31,459.9,79.0
2706,144.9,6.90,22.96,0.1584,6.31,459.8,79.0
2713,144.9,6.90,22.96,0.1584,6.31,459.8,79.0
2720,142.9,7.00,22.96,0.1607,6.22,459.8,79.0
2727,142.9,7.00,22.96,0.1607,6.22,459.7,79.0
2734,144.9,6.90,22.96,0.1584,6.31,459.7,79.0
2741,142.9,7.00,22.96,0.1607,6.23,459.6,79.0
2748,144.9,6.90,22.95,0.1584,6.31,459.6,79.0
2755,142.9,7.00,22.95,0.1607,6.23,459.5,79.0
2762,142.9,7.00,22.95,0.1607,6.23,459.5,79.0
2769,144.9,6.90,22.95,0.1584,6.31,459.5,79.0
2776,142.9,7.00,22.95,0.1607,6.23,459.4,79.0
2783,144.9,6.90,22.95,0.1584,6.31,459.4,79.0
2790,144.9,6.90,22.95,0.1584,6.31,459.3,79.0
2796,144.9,6.90,22.95,0.1584,6.31,459.3,79.0
2803,142.9,7.00,22.95,0.1607,6.23,459.3,79.0
2810,144.9,6.90,22.95,0.1584,6.31,459.2,79.0
2817,142.9,7.00,22.95,0.1607,6.23,459.2,79.0
2824,144.9,6.90,22.95,0.1584,6.31,459.1,79.0
2831,142.9,7.00,22.95,0.1607,6.23,459.1,79.0
2838,144.9,6.90,22.95,0.1584,6.31,459.0,79.0
2845,142.9,7.00,22.95,0.1607,6.23,459.0,79.0
2852,144.9,6.90,22.95,0.1584,6.31,459.0,79.0
2859,144.9,6.90,22.95,0.1584,6.31,459.0,79.0
2866,142.9,7.00,22.95,0.1607,6.23,459.0,79.0
2873,144.9,6.90,22.96,0.1584,6.31,459.0,79.0
2880,142.9,7.00,22.96,0.1607,6.22,459.0,79.0
2887,144.9,6.90,22.96,0.1584,6.31,459.0,79.0
2894,142.9,7.00,22.96,0.1607,6.22,459.0,79.0
2901,144.9,6.90,22.96,0.1584,6.31,459.0,79.1
2908,144.9,6.90,22.96,0.1584,6.31,459.0,79.1
2915,142.9,7.00,22.96,0.1608,6.22,459.0,79.1
2922,142.9,7.00,22.97,0.1608,6.22,459.0,79.1
2928,144.9,6.90,22.97,0.1585,6.31,459.0,79.1
2935,144.9,6.90,22.97,0.1585,6.31,459.0,79.1
2942,142.9,7.00,22.97,0.1608,6.22,459.0,79.1
2949,144.9,6.90,22.97,0.1585,6.31,459.0,79.1
2956,142.9,7.00,22.97,0.1608,6.22,459.0,79.1
2963,144.9,6.90,22.97,0.1585,6.31,459.0,79.1
2970,144.9,6.90,22.98,0.1585,6.31,459.0,79.1
2977,142.9,7.00,22.98,0.1608,6.22,459.0,79.1
2984,142.9,7.00,22.98,0.1609,6.22,459.0,79.1
2991,142.9,7.00,22.98,0.1609,6.22,459.0,79.1
2998,147.1,6.80,22.98,0.1563,6.40,459.0,79.2
3005,142.9,7.00,22.98,0.1609,6.22,459.0,79.2
3012,144.9,6.90,22.98,0.1586,6.30,459.0,79.2
3019,142.9,7.00,22.99,0.1609,6.22,459.0,79.2
3026,144.9,6.90,22.99,0.1586,6.30,459.0,79.2
3033,144.9,6.90,22.99,0.1586,6.30,459.0,79.2
3040,140.8,7.10,22.99,0.1632,6.12,459.0,79.2
3047,144.9,6.90,22.99,0.1586,6.30,459.0,79.2
3053,144.9,6.90,22.99,0.1587,6.30,459.0,79.2
3060,142.9,7.00,22.99,0.1610,6.21,459.0,79.2
3067,144.9,6.90,23.00,0.1587,6.30,459.0,79.2
3074,142.9,7.00,23.00,0.1610,6.21,459.0,79.2
3081,144.9,6.90,23.00,0.1587,6.30,459.0,79.2
3088,144.9,6.90,23.00,0.1587,6.30,459.0,79.2
3095,142.9,7.00,23.00,0.1610,6.21,459.0,79.2
3102,144.9,6.90,23.00,0.1587,6.30,459.0,79.3
3109,142.9,7.00,23.01,0.1610,6.21,459.0,79.3
3116,144.9,6.90,23.01,0.1587,6.30,459.0,79.3
3123,144.9,6.90,23.01,0.1588,6.30,459.0,79.3
3130,142.9,7.00,23.01,0.1611,6.21,459.0,79.3
3137,144.9,6.90,23.01,0.1588,6.30,459.0,79.3
3144,142.9,7.00,23.01,0.1611,6.21,459.0,79.3
3151,144.9,6.90,23.01,0.1588,6.30,459.0,79.3
3158,142.9,7.00,23.02,0.1611,6.21,459.0,79.3
3165,144.9,6.90,23.02,0.1588,6.30,459.0,79.3
3172,142.9,7.00,23.02,0.1611,6.21,459.0,79.3
3178,144.9,6.90,23.02,0.1588,6.29,459.0,79.3
3185,144.9,6.90,23.02,0.1588,6.29,459.0,79.3
3192,142.9,7.00,23.02,0.1612,6.21,459.0,79.3
3199,144.9,6.90,23.02,0.1589,6.29,459.0,79.4
3206,144.9,6.90,23.03,0.1589,6.29,459.0,79.4
3213,142.9,7.00,23.03,0.1612,6.21,459.0,79.4
3220,144.9,6.90,23.03,0.1589,6.29,459.0,79.4
3227,140.8,7.10,23.03,0.1635,6.11,459.0,79.4
3234,144.9,6.90,23.03,0.1589,6.29,459.0,79.4
3241,144.9,6.90,23.03,0.1589,6.29,459.0,79.4
3248,142.9,7.00,23.03,0.1612,6.20,459.0,79.4
3255,144.9,6.90,23.04,0.1589,6.29,459.0,79.4
3262,144.9,6.90,23.04,0.1590,6.29,459.0,79.4
3269,144.9,6.90,23.04,0.1590,6.29,459.0,79.4
3276,142.9,7.00,23.04,0.1613,6.20,459.0,79.4
3283,142.9,7.00,23.04,0.1613,6.20,459.0,79.4
3290,144.9,6.90,23.04,0.1590,6.29,459.0,79.4
3296,147.1,6.80,23.04,0.1567,6.38,459.0,79.5
3303,140.8,7.10,23.05,0.1636,6.11,459.0,79.5
3310,144.9,6.90,23.05,0.1590,6.29,459.0,79.5
3317,142.9,7.00,23.05,0.1613,6.20,459.0,79.5
3324,144.9,6.90,23.05,0.1590,6.29,459.0,79.5
3331,144.9,6.90,23.05,0.1591,6.29,459.0,79.5
3338,142.9,7.00,23.05,0.1614,6.20,459.0,79.5
3345,144.9,6.90,23.05,0.1591,6.29,459.0,79.5
3352,142.9,7.00,23.06,0.1614,6.20,459.0,79.5
3359,144.9,6.90,23.06,0.1591,6.28,459.0,79.5
3366,144.9,6.90,23.06,0.1591,6.28,459.0,79.5
3373,144.9,6.90,23.06,0.1591,6.28,459.0,79.5
3380,142.9,7.00,23.06,0.1614,6.20,459.0,79.5
3387,142.9,7.00,23.06,0.1614,6.20,459.0,79.5
3394,144.9,6.90,23.07,0.1591,6.28,459.0,79.5
3401,142.9,7.00,23.07,0.1615,6.20,459.0,79.6
3408,142.9,7.00,23.07,0.1615,6.19,459.0,79.6
3415,144.9,6.90,23.07,0.1592,6.28,459.0,79.6
3421,147.1,6.80,23.07,0.1569,6.38,459.0,79.6
3428,140.8,7.10,23.07,0.1638,6.10,459.0,79.6
3435,144.9,6.90,23.07,0.1592,6.28,459.0,79.6
3442,144.9,6.90,23.08,0.1592,6.28,459.0,79.6
3449,142.9,7.00,23.08,0.1615,6.19,459.0,79.6
3456,144.9,6.90,23.08,0.1592,6.28,459.0,79.6
3463,142.9,7.00,23.08,0.1616,6.19,459.0,79.6
3470,144.9,6.90,23.08,0.1593,6.28,459.0,79.6
3477,142.9,7.00,23.08,0.1616,6.19,459.0,79.6
3484,142.9,7.00,23.08,0.1616,6.19,459.0,79.6
3491,144.9,6.90,23.09,0.1593,6.28,459.0,79.6
3498,142.9,7.00,23.09,0.1616,6.19,459.0,79.7
3505,147.1,6.80,23.09,0.1570,6.37,459.0,79.7
3512,142.9,7.00,23.09,0.1616,6.19,459.0,79.7
3519,144.9,6.90,23.09,0.1593,6.28,459.0,79.7
3526,142.9,7.00,23.09,0.1616,6.19,459.0,79.7
3533,142.9,7.00,23.09,0.1617,6.19,459.0,79.7
3540,142.9,7.00,23.10,0.1617,6.19,459.0,79.7
3546,149.3,6.70,23.10,0.1547,6.46,459.0,79.7
3553,140.8,7.10,23.10,0.1640,6.10,459.0,79.7
3560,142.9,7.00,23.10,0.1617,6.19,459.0,79.7
3567,147.1,6.80,23.10,0.1571,6.37,459.0,79.7
3574,142.9,7.00,23.10,0.1617,6.19,459.0,79.7
3581,144.9,6.90,23.10,0.1594,6.27,459.0,79.7
3588,142.9,7.00,23.11,0.1617,6.18,459.0,79.7
3595,147.1,6.80,23.11,0.1571,6.37,459.0,79.7
3602,140.8,7.10,23.11,0.1641,6.09,459.0,79.8
3609,147.1,6.80,23.11,0.1571,6.37,459.0,79.8
3616,142.9,7.00,23.11,0.1618,6.18,459.0,79.8
3623,144.9,6.90,23.11,0.1595,6.27,459.0,79.8
3630,142.9,7.00,23.11,0.1618,6.18,459.0,79.8
3637,142.9,7.00,23.12,0.1618,6.18,459.0,79.8
3644,144.9,6.90,23.12,0.1595,6.27,459.0,79.8
3651,144.9,6.90,23.12,0.1595,6.27,459.0,79.8
3658,142.9,7.00,23.12,0.1618,6.18,459.0,79.8
3665,142.9,7.00,23.12,0.1619,6.18,459.0,79.8
3671,144.9,6.90,23.12,0.1596,6.27,459.0,79.8
3678,142.9,7.00,23.12,0.1619,6.18,459.0,79.8
3685,144.9,6.90,23.13,0.1596,6.27,459.0,79.8
3692,144.9,6.90,23.13,0.1596,6.27,459.0,79.8
3699,142.9,7.00,23.13,0.1619,6.18,459.0,79.9
3706,142.9,7.00,23.13,0.1619,6.18,459.0,79.9
3713,144.9,6.90,23.13,0.1596,6.26,459.0,79.9
3720,144.9,6.90,23.13,0.1596,6.26,459.0,79.9
3727,142.9,7.00,23.14,0.1619,6.18,459.0,79.9
3734,144.9,6.90,23.14,0.1596,6.26,459.0,79.9
3741,147.1,6.80,23.14,0.1573,6.36,459.0,79.9
3748,140.8,7.10,23.14,0.1643,6.08,459.0,79.9
3755,142.9,7.00,23.14,0.1620,6.18,459.0,79.9
3762,144.9,6.90,23.14,0.1597,6.26,459.0,79.9
3769,142.9,7.00,23.14,0.1620,6.17,459.0,79.9
3776,144.9,6.90,23.15,0.1597,6.26,459.0,79.9
3783,142.9,7.00,23.15,0.1620,6.17,459.0,79.9
3790,144.9,6.90,23.15,0.1597,6.26,459.0,79.9
3796,147.1,6.80,23.15,0.1574,6.35,459.0,80.0
3803,140.8,7.10,23.15,0.1644,6.08,459.0,80.0
3810,144.9,6.90,23.15,0.1598,6.26,459.0,80.0
3817,142.9,7.00,23.15,0.1621,6.17,459.0,80.0
3824,144.9,6.90,23.16,0.1598,6.26,459.0,80.0
3831,142.9,7.00,23.16,0.1621,6.17,459.0,80.0
3838,144.9,6.90,23.16,0.1598,6.26,459.0,80.0
3845,144.9,6.90,23.16,0.1598,6.26,459.0,80.0
3852,142.9,7.00,23.16,0.1621,6.17,459.0,80.0
3859,144.9,6.90,23.16,0.1598,6.26,459.0,80.0
3866,142.9,7.00,23.16,0.1621,6.17,459.0,80.0
3873,142.9,7.00,23.16,0.1621,6.17,459.0,80.0
3880,144.9,6.90,23.16,0.1598,6.26,459.0,80.0
3887,142.9,7.00,23.16,0.1622,6.17,459.0,80.0
3894,144.9,6.90,23.17,0.1598,6.25,459.0,80.0
3901,144.9,6.90,23.17,0.1598,6.25,459.0,80.0
3908,142.9,7.00,23.17,0.1622,6.17,459.0,80.0
3915,144.9,6.90,23.17,0.1599,6.25,459.0,80.0
3922,142.9,7.00,23.17,0.1622,6.17,459.0,80.0
3928,144.9,6.90,23.17,0.1599,6.25,459.0,80.0
3935,144.9,6.90,23.17,0.1599,6.25,459.0,80.0
3942,142.9,7.00,23.17,0.1622,6.17,459.0,80.0
3949,147.1,6.80,23.17,0.1576,6.35,459.0,80.0
3956,140.8,7.10,23.17,0.1645,6.08,459.0,80.0
3963,144.9,6.90,23.17,0.1599,6.25,459.0,80.0
3970,142.9,7.00,23.17,0.1622,6.17,459.0,80.0
3977,144.9,6.90,23.18,0.1599,6.25,459.0,80.0
3984,144.9,6.90,23.18,0.1599,6.25,459.0,80.0
3991,144.9,6.90,23.18,0.1599,6.25,459.0,80.0
3998,142.9,7.00,23.18,0.1622,6.17,459.0,80.0
4005,144.9,6.90,23.18,0.1599,6.25,459.0,80.0
4012,144.9,6.90,23.18,0.1599,6.25,459.0,80.0
4019,140.8,7.10,23.18,0.1646,6.07,459.0,80.0
4026,144.9,6.90,23.18,0.1600,6.25,459.0,80.0
4033,142.9,7.00,23.18,0.1623,6.16,459.0,80.0
4040,144.9,6.90,23.18,0.1600,6.25,459.0,80.0
4046,144.9,6.90,23.18,0.1600,6.25,459.0,80.0
4053,144.9,6.90,23.18,0.1600,6.25,459.0,80.0
4060,142.9,7.00,23.19,0.1623,6.16,459.0,80.0
4067,144.9,6.90,23.19,0.1600,6.25,459.0,80.0
4074,142.9,7.00,23.19,0.1623,6.16,459.0,80.0
4081,144.9,6.90,23.19,0.1600,6.25,459.0,80.0
4088,140.8,7.10,23.19,0.1646,6.07,459.0,80.0
4095,144.9,6.90,23.19,0.1600,6.25,459.0,80.0
4102,144.9,6.90,23.19,0.1600,6.25,459.0,80.0
4109,142.9,7.00,23.19,0.1623,6.16,459.0,80.0
4116,144.9,6.90,23.19,0.1600,6.25,459.0,80.0
4123,144.9,6.90,23.19,0.1600,6.25,459.0,80.0
4130,144.9,6.90,23.19,0.1600,6.25,459.0,80.0
4137,144.9,6.90,23.19,0.1600,6.25,459.0,80.0
4144,142.9,7.00,23.20,0.1624,6.16,459.0,80.0
4151,142.9,7.00,23.20,0.1624,6.16,459.0,80.0
4158,142.9,7.00,23.20,0.1624,6.16,459.0,80.0
4165,144.9,6.90,23.20,0.1601,6.25,459.0,80.0
4171,144.9,6.90,23.20,0.1601,6.25,459.0,80.0
4178,142.9,7.00,23.20,0.1624,6.16,459.0,80.0
4185,144.9,6.90,23.20,0.1601,6.25,459.0,80.0
4192,142.9,7.00,23.20,0.1624,6.16,459.0,80.0
4199,144.9,6.90,23.20,0.1601,6.25,459.0,80.0
4206,142.9,7.00,23.20,0.1624,6.16,459.0,80.0
4213,144.9,6.90,23.20,0.1601,6.24,459.0,80.0
4220,142.9,7.00,23.20,0.1624,6.16,459.0,80.0
4227,144.9,6.90,23.21,0.1601,6.24,459.0,80.0
4234,144.9,6.90,23.21,0.1601,6.24,459.0,80.0
4241,142.9,7.00,23.21,0.1625,6.16,459.0,80.0
4248,144.9,6.90,23.21,0.1601,6.24,459.0,80.0
4255,142.9,7.00,23.21,0.1625,6.16,459.0,80.0
4262,147.1,6.80,23.21,0.1578,6.34,459.0,80.0
4269,140.8,7.10,23.21,0.1648,6.07,459.0,80.0
4276,144.9,6.90,23.21,0.1602,6.24,459.0,80.0
4283,144.9,6.90,23.21,0.1602,6.24,459.0,80.0
4290,142.9,7.00,23.21,0.1625,6.16,459.0,80.0
4297,142.9,7.00,23.21,0.1625,6.16,459.0,80.0
4303,144.9,6.90,23.21,0.1602,6.24,459.0,80.0
4310,144.9,6.90,23.22,0.1602,6.24,459.0,80.0
4317,144.9,6.90,23.22,0.1602,6.24,459.0,80.0
4324,142.9,7.00,23.22,0.1625,6.15,459.0,80.0
4331,142.9,7.00,23.22,0.1625,6.15,459.0,80.0
4338,144.9,6.90,23.22,0.1602,6.24,459.0,80.0
4345,144.9,6.90,23.22,0.1602,6.24,459.0,80.0
4352,142.9,7.00,23.22,0.1625,6.15,459.0,80.0
4359,147.1,6.80,23.22,0.1579,6.33,459.0,80.0
4366,142.9,7.00,23.22,0.1626,6.15,459.0,80.0
4373,144.9,6.90,23.22,0.1602,6.24,459.0,80.0
4380,142.9,7.00,23.22,0.1626,6.15,459.0,80.0
4387,142.9,7.00,23.22,0.1626,6.15,459.0,80.0
4394,144.9,6.90,23.23,0.1603,6.24,459.0,80.0
4401,142.9,7.00,23.23,0.1626,6.15,459.0,80.0
4408,144.9,6.90,23.23,0.1603,6.24,459.0,80.0
4414,144.9,6.90,23.23,0.1603,6.24,459.0,80.0
4421,144.9,6.90,23.23,0.1603,6.24,459.0,80.0
4428,142.9,7.00,23.23,0.1626,6.15,459.0,80.0
4435,142.9,7.00,23.23,0.1626,6.15,459.0,80.0
4442,147.1,6.80,23.23,0.1580,6.33,459.0,80.0
4449,142.9,7.00,23.23,0.1626,6.15,459.0,80.0
4456,144.9,6.90,23.23,0.1603,6.24,459.0,80.0
4463,142.9,7.00,23.23,0.1626,6.15,459.0,80.0
4470,144.9,6.90,23.23,0.1603,6.24,459.0,80.0
4477,142.9,7.00,23.24,0.1627,6.15,459.0,80.0
4484,144.9,6.90,23.24,0.1603,6.24,459.0,80.0
4491,142.9,7.00,23.24,0.1627,6.15,459.0,80.0
4498,142.9,7.00,23.24,0.1627,6.15,459.0,80.0
4505,144.9,6.90,23.24,0.1603,6.24,459.0,80.0
4512,142.9,7.00,23.24,0.1627,6.15,459.0,80.0
4519,147.1,6.80,23.24,0.1580,6.33,459.0,80.0
4526,142.9,7.00,23.24,0.1627,6.15,459.0,80.0
4533,142.9,7.00,23.24,0.1627,6.15,459.0,80.0
4539,144.9,6.90,23.24,0.1604,6.23,459.0,80.0
4546,142.9,7.00,23.24,0.1627,6.15,459.0,80.0
4553,142.9,7.00,23.24,0.1627,6.15,459.0,80.0
4560,144.9,6.90,23.25,0.1604,6.23,459.0,80.0
4567,144.9,6.90,23.25,0.1604,6.23,459.0,80.0
4574,144.9,6.90,23.25,0.1604,6.23,459.0,80.0
4581,142.9,7.00,23.25,0.1627,6.15,459.0,80.0
4588,142.9,7.00,23.25,0.1627,6.15,459.0,80.0
4595,144.9,6.90,23.25,0.1604,6.23,459.0,80.0
4602,142.9,7.00,23.25,0.1628,6.15,459.0,80.0
4609,144.9,6.90,23.25,0.1604,6.23,459.0,80.0
4616,147.1,6.80,23.25,0.1581,6.33,459.0,80.0
4623,142.9,7.00,23.25,0.1628,6.15,459.0,80.0
4630,142.9,7.00,23.25,0.1628,6.15,459.0,80.0
4637,144.9,6.90,23.25,0.1605,6.23,459.0,80.0
4644,144.9,6.90,23.26,0.1605,6.23,459.0,80.0
4651,142.9,7.00,23.26,0.1628,6.14,459.0,80.0
4658,142.9,7.00,23.26,0.1628,6.14,459.0,80.0
4664,144.9,6.90,23.26,0.1605,6.23,459.0,80.0
4671,142.9,7.00,23.26,0.1628,6.14,459.0,80.0
4678,144.9,6.90,23.26,0.1605,6.23,459.0,80.0
4685,144.9,6.90,23.26,0.1605,6.23,459.0,80.0
4692,142.9,7.00,23.26,0.1628,6.14,459.0,80.0
4699,144.9,6.90,23.26,0.1605,6.23,459.0,80.0
4706,144.9,6.90,23.26,0.1605,6.23,459.0,80.0
4713,142.9,7.00,23.26,0.1628,6.14,459.0,80.0
4720,142.9,7.00,23.26,0.1629,6.14,459.0,80.0
4727,144.9,6.90,23.27,0.1605,6.23,459.0,80.0
4734,144.9,6.90,23.27,0.1605,6.23,459.0,80.0
4741,142.9,7.00,23.27,0.1629,6.14,459.0,80.0
4748,142.9,7.00,23.27,0.1629,6.14,459.0,80.0
4755,144.9,6.90,23.27,0.1606,6.23,459.0,80.0
4762,144.9,6.90,23.27,0.1606,6.23,459.0,80.0
4769,142.9,7.00,23.27,0.1629,6.14,459.0,80.0
4776,144.9,6.90,23.27,0.1606,6.23,459.0,80.0
4782,144.9,6.90,23.27,0.1606,6.23,459.0,80.0
4790,140.8,7.10,23.27,0.1652,6.05,459.0,80.0
4796,144.9,6.90,23.27,0.1606,6.23,459.0,80.0
4803,142.9,7.00,23.27,0.1629,6.14,459.0,80.0
4810,144.9,6.90,23.28,0.1606,6.23,459.0,80.0
4817,142.9,7.00,23.28,0.1629,6.14,459.0,80.0
4824,144.9,6.90,23.28,0.1606,6.22,459.0,80.0
4831,144.9,6.90,23.28,0.1606,6.22,459.0,80.0
4838,142.9,7.00,23.28,0.1630,6.14,459.0,80.0
4845,144.9,6.90,23.28,0.1606,6.22,459.0,80.0
4852,144.9,6.90,23.28,0.1606,6.22,459.0,80.0
4859,142.9,7.00,23.28,0.1629,6.14,459.0,80.0
4866,142.9,7.00,23.28,0.1629,6.14,459.0,80.0
4873,144.9,6.90,23.27,0.1606,6.23,459.0,80.0
4880,144.9,6.90,23.27,0.1606,6.23,459.0,80.0
4887,142.9,7.00,23.27,0.1629,6.14,459.0,80.0
4894,144.9,6.90,23.27,0.1606,6.23,459.0,80.0
4901,144.9,6.90,23.27,0.1606,6.23,459.0,80.0
4908,142.9,7.00,23.27,0.1629,6.14,459.0,80.0
4915,142.9,7.00,23.27,0.1629,6.14,459.0,80.0
4922,142.9,7.00,23.27,0.1629,6.14,459.0,80.0
4928,147.1,6.80,23.26,0.1582,6.32,459.0,80.0
4935,142.9,7.00,23.26,0.1628,6.14,459.0,80.0
4942,144.9,6.90,23.26,0.1605,6.23,459.0,80.0
4949,144.9,6.90,23.26,0.1605,6.23,459.0,80.0
4956,142.9,7.00,23.26,0.1628,6.14,459.0,80.0
4963,142.9,7.00,23.26,0.1628,6.14,459.0,80.0
4970,144.9,6.90,23.26,0.1605,6.23,459.0,80.0
4977,144.9,6.90,23.26,0.1605,6.23,459.0,80.0
4984,142.9,7.00,23.25,0.1628,6.15,459.0,80.0
4991,142.9,7.00,23.25,0.1628,6.15,459.0,80.0
4998,142.9,7.00,23.25,0.1628,6.15,459.0,80.0
5005,147.1,6.80,23.25,0.1581,6.33,459.0,80.0
5012,142.9,7.00,23.25,0.1627,6.15,459.0,80.0
5019,142.9,7.00,23.25,0.1627,6.15,459.0,80.0
5026,147.1,6.80,23.25,0.1581,6.33,459.0,80.0
5033,142.9,7.00,23.24,0.1627,6.15,459.0,80.0
5040,142.9,7.00,23.24,0.1627,6.15,459.0,80.0
5046,144.9,6.90,23.24,0.1604,6.23,459.0,80.0
5053,142.9,7.00,23.24,0.1627,6.15,459.0,80.0
5060,144.9,6.90,23.24,0.1604,6.24,459.0,80.0
5067,144.9,6.90,23.24,0.1603,6.24,459.0,80.0
5074,144.9,6.90,23.24,0.1603,6.24,459.0,80.0
5081,140.8,7.10,23.24,0.1650,6.06,459.0,80.0
5088,144.9,6.90,23.23,0.1603,6.24,459.0,80.0
5095,142.9,7.00,23.23,0.1626,6.15,459.0,80.0
5102,144.9,6.90,23.23,0.1603,6.24,459.0,80.0
5109,144.9,6.90,23.23,0.1603,6.24,459.0,80.0
5116,142.9,7.00,23.23,0.1626,6.15,459.0,80.0
5123,144.9,6.90,23.23,0.1603,6.24,459.0,80.0
5130,142.9,7.00,23.23,0.1626,6.15,459.0,80.0
5137,144.9,6.90,23.22,0.1603,6.24,459.0,80.0
5144,144.9,6.90,23.22,0.1602,6.24,459.0,80.0
5151,144.9,6.90,23.22,0.1602,6.24,459.0,80.0
5158,140.8,7.10,23.22,0.1649,6.06,459.0,80.0
5164,147.1,6.80,23.22,0.1579,6.34,459.0,80.0
5171,142.9,7.00,23.22,0.1625,6.15,459.0,80.0
5178,144.9,6.90,23.22,0.1602,6.24,459.0,80.0
5185,142.9,7.00,23.22,0.1625,6.16,459.0,80.0
5192,142.9,7.00,23.21,0.1625,6.16,459.0,80.0
5199,144.9,6.90,23.21,0.1602,6.24,459.0,80.0
5206,144.9,6.90,23.21,0.1602,6.24,459.0,80.0
5213,142.9,7.00,23.21,0.1625,6.16,459.0,80.0
5220,142.9,7.00,23.21,0.1625,6.16,459.0,80.0
5227,144.9,6.90,23.21,0.1601,6.24,459.0,80.0
5234,144.9,6.90,23.21,0.1601,6.24,459.0,80.0
5241,142.9,7.00,23.20,0.1624,6.16,459.0,80.0
5248,147.1,6.80,23.20,0.1578,6.34,459.0,80.0
5255,142.9,7.00,23.20,0.1624,6.16,459.0,80.0
5262,142.9,7.00,23.20,0.1624,6.16,459.0,80.0
5269,144.9,6.90,23.20,0.1601,6.25,459.0,80.0
5276,142.9,7.00,23.20,0.1624,6.16,459.0,80.0
5283,144.9,6.90,23.20,0.1601,6.25,459.0,80.0
5289,144.9,6.90,23.20,0.1601,6.25,459.0,80.0
5296,142.9,7.00,23.19,0.1624,6.16,459.0,80.0
5303,142.9,7.00,23.19,0.1624,6.16,459.0,80.0
5310,144.9,6.90,23.19,0.1600,6.25,459.0,80.0
5317,144.9,6.90,23.19,0.1600,6.25,459.0,80.0
5324,142.9,7.00,23.19,0.1623,6.16,459.0,80.0
5331,147.1,6.80,23.19,0.1577,6.34,459.0,80.0
5338,140.8,7.10,23.19,0.1646,6.07,459.0,80.0
5345,144.9,6.90,23.19,0.1600,6.25,459.0,80.0
5352,142.9,7.00,23.18,0.1623,6.16,459.0,80.0
5359,147.1,6.80,23.18,0.1576,6.35,459.0,80.0
5366,144.9,6.90,23.18,0.1600,6.25,459.0,80.0
5373,142.9,7.00,23.18,0.1623,6.16,459.0,80.0
5380,142.9,7.00,23.18,0.1622,6.17,459.0,80.0
5387,144.9,6.90,23.18,0.1599,6.25,459.0,80.0
5394,144.9,6.90,23.18,0.1599,6.25,459.0,80.0
5401,140.8,7.10,23.17,0.1645,6.08,459.0,80.0
5407,147.1,6.80,23.17,0.1576,6.35,459.0,80.0
5414,144.9,6.90,23.17,0.1599,6.25,459.0,80.0
5421,142.9,7.00,23.17,0.1622,6.17,459.0,80.0
5428,142.9,7.00,23.17,0.1622,6.17,459.0,80.0
5435,144.9,6.90,23.17,0.1599,6.25,459.0,80.0
5442,140.8,7.10,23.17,0.1645,6.08,459.0,80.0
5449,147.1,6.80,23.17,0.1575,6.35,459.0,80.0
5456,140.8,7.10,23.16,0.1645,6.08,459.0,80.0
5463,144.9,6.90,23.16,0.1598,6.26,459.0,80.0
5470,142.9,7.00,23.16,0.1621,6.17,459.0,80.0
5477,144.9,6.90,23.16,0.1598,6.26,459.0,80.0
5484,144.9,6.90,23.16,0.1598,6.26,459.0,80.0
5491,144.9,6.90,23.16,0.1598,6.26,459.0,80.0
5498,144.9,6.90,23.16,0.1598,6.26,459.0,80.0
5505,144.9,6.90,23.15,0.1598,6.26,459.0,80.0
5512,142.9,7.00,23.15,0.1621,6.17,459.0,80.0
5519,142.9,7.00,23.15,0.1621,6.17,459.0,80.0
5526,142.9,7.00,23.15,0.1621,6.17,459.0,80.0
5532,147.1,6.80,23.15,0.1574,6.35,459.0,80.0
5540,140.8,7.10,23.15,0.1644,6.08,459.0,80.0
5547,140.8,7.10,23.15,0.1643,6.08,459.0,80.0
5554,144.9,6.90,23.15,0.1597,6.26,459.0,80.0
5560,147.1,6.80,23.14,0.1574,6.36,459.0,80.0
5567,140.8,7.10,23.14,0.1643,6.08,459.0,80.0
5574,147.1,6.80,23.14,0.1574,6.36,459.0,80.0
5581,144.9,6.90,23.14,0.1597,6.26,459.0,80.0
5588,142.9,7.00,23.14,0.1620,6.18,459.0,80.0
5595,144.9,6.90,23.14,0.1597,6.26,459.0,80.0
5602,142.9,7.00,23.14,0.1620,6.18,459.0,80.0
5609,144.9,6.90,23.14,0.1596,6.26,459.0,80.0
5616,144.9,6.90,23.13,0.1596,6.26,459.0,80.0
5623,142.9,7.00,23.13,0.1619,6.18,459.0,80.0
5630,147.1,6.80,23.13,0.1573,6.36,459.0,80.0
5637,142.9,7.00,23.13,0.1619,6.18,459.0,80.0
5644,142.9,7.00,23.13,0.1619,6.18,459.0,80.0
5651,144.9,6.90,23.13,0.1596,6.27,459.0,80.0
5657,144.9,6.90,23.13,0.1596,6.27,459.0,80.0
5664,142.9,7.00,23.12,0.1619,6.18,459.0,80.0
5671,142.9,7.00,23.12,0.1619,6.18,459.0,80.0
5678,144.9,6.90,23.12,0.1595,6.27,459.0,80.0
5685,144.9,6.90,23.12,0.1595,6.27,459.0,80.0
5692,142.9,7.00,23.12,0.1618,6.18,459.0,80.0
5699,147.1,6.80,23.12,0.1572,6.36,459.0,80.0
5706,142.9,7.00,23.12,0.1618,6.18,459.0,80.0
5713,142.9,7.00,23.12,0.1618,6.18,459.0,80.0
5720,142.9,7.00,23.11,0.1618,6.18,459.0,80.0
5727,142.9,7.00,23.11,0.1618,6.18,459.0,80.0
5734,144.9,6.90,23.11,0.1595,6.27,459.0,80.0
5741,142.9,7.00,23.11,0.1618,6.18,459.0,80.0
5748,144.9,6.90,23.11,0.1594,6.27,459.0,80.0
5755,144.9,6.90,23.11,0.1594,6.27,459.0,80.0
5762,144.9,6.90,23.11,0.1594,6.27,459.0,80.0
5769,142.9,7.00,23.10,0.1617,6.18,459.0,80.0
5776,144.9,6.90,23.10,0.1594,6.27,459.0,80.0
5783,142.9,7.00,23.10,0.1617,6.19,459.0,80.0
5789,144.9,6.90,23.10,0.1594,6.27,459.0,80.0
5796,142.9,7.00,23.10,0.1617,6.19,459.0,80.0
5803,142.9,7.00,23.10,0.1617,6.19,459.0,80.0
5810,144.9,6.90,23.10,0.1594,6.27,459.0,80.0
5817,144.9,6.90,23.10,0.1594,6.27,459.0,80.0
5824,142.9,7.00,23.09,0.1617,6.19,459.0,80.0
5831,144.9,6.90,23.09,0.1593,6.27,459.0,80.0
5838,144.9,6.90,23.09,0.1593,6.28,459.0,80.0
5845,142.9,7.00,23.09,0.1616,6.19,459.0,80.0
5852,144.9,6.90,23.09,0.1593,6.28,459.0,80.0
5859,142.9,7.00,23.09,0.1616,6.19,459.0,80.0
5866,144.9,6.90,23.09,0.1593,6.28,459.0,80.0
5873,142.9,7.00,23.08,0.1616,6.19,459.0,80.0
5880,144.9,6.90,23.08,0.1593,6.28,459.0,80.0
5887,144.9,6.90,23.08,0.1593,6.28,459.0,80.0
5894,142.9,7.00,23.08,0.1616,6.19,459.0,80.0
5901,142.9,7.00,23.08,0.1615,6.19,459.0,80.0
5908,144.9,6.90,23.08,0.1592,6.28,459.0,80.0
5915,142.9,7.00,23.07,0.1615,6.19,459.0,80.0
5921,144.9,6.90,23.07,0.1592,6.28,459.0,80.0
5928,142.9,7.00,23.07,0.1615,6.19,459.0,80.0
5935,144.9,6.90,23.07,0.1592,6.28,459.0,80.0
5942,144.9,6.90,23.07,0.1592,6.28,459.0,80.0
5949,144.9,6.90,23.07,0.1592,6.28,459.0,80.0
5956,142.9,7.00,23.07,0.1615,6.20,459.0,80.0
5963,144.9,6.90,23.06,0.1591,6.28,459.0,80.0
5970,142.9,7.00,23.06,0.1614,6.20,459.0,80.0
5977,142.9,7.00,23.06,0.1614,6.20,459.0,80.0
5984,144.9,6.90,23.06,0.1591,6.28,459.0,80.0
5991,142.9,7.00,23.06,0.1614,6.20,459.0,80.0
5998,147.1,6.80,23.06,0.1568,6.38,459.0,80.0
6005,140.8,7.10,23.06,0.1637,6.11,459.0,80.0
6012,144.9,6.90,23.05,0.1591,6.29,459.0,80.0
6019,144.9,6.90,23.05,0.1591,6.29,459.0,80.0
6026,142.9,7.00,23.05,0.1614,6.20,459.0,80.0
6033,142.9,7.00,23.05,0.1613,6.20,459.0,80.0
6039,147.1,6.80,23.05,0.1567,6.38,459.0,80.0
6046,144.9,6.90,23.05,0.1590,6.29,459.0,80.0
6053,140.8,7.10,23.04,0.1636,6.11,459.0,80.0
6060,147.1,6.80,23.04,0.1567,6.38,459.0,80.0
6067,142.9,7.00,23.04,0.1613,6.20,459.0,80.0
6074,142.9,7.00,23.04,0.1613,6.20,459.0,80.0
6081,144.9,6.90,23.04,0.1590,6.29,459.0,80.0
6088,142.9,7.00,23.04,0.1613,6.20,459.0,80.0
6095,144.9,6.90,23.04,0.1589,6.29,459.0,80.0
6102,144.9,6.90,23.03,0.1589,6.29,459.0,80.0
6109,142.9,7.00,23.03,0.1612,6.20,459.0,80.0
6116,144.9,6.90,23.03,0.1589,6.29,459.0,80.0
6123,142.9,7.00,23.03,0.1612,6.21,459.0,80.0
6130,144.9,6.90,23.03,0.1589,6.29,459.0,80.0
6137,144.9,6.90,23.03,0.1589,6.29,459.0,80.0
6144,142.9,7.00,23.02,0.1612,6.21,459.0,80.0
6151,144.9,6.90,23.02,0.1589,6.29,459.0,80.0
6158,142.9,7.00,23.02,0.1611,6.21,459.0,80.0
6164,144.9,6.90,23.02,0.1588,6.29,459.0,80.0
6171,144.9,6.90,23.02,0.1588,6.29,459.0,80.0
6178,142.9,7.00,23.02,0.1611,6.21,459.0,80.0
6185,142.9,7.00,23.02,0.1611,6.21,459.0,80.0
6192,144.9,6.90,23.01,0.1588,6.30,459.0,80.0
6199,142.9,7.00,23.01,0.1611,6.21,459.0,80.0
6206,144.9,6.90,23.01,0.1588,6.30,459.0,80.0
6213,144.9,6.90,23.01,0.1588,6.30,459.0,80.0
6220,142.9,7.00,23.01,0.1611,6.21,459.0,80.0
6227,142.9,7.00,23.01,0.1610,6.21,459.0,80.0
6234,144.9,6.90,23.00,0.1587,6.30,459.0,80.0
6241,142.9,7.00,23.00,0.1610,6.21,459.0,80.0
6248,144.9,6.90,23.00,0.1587,6.30,459.0,80.0
6255,144.9,6.90,23.00,0.1587,6.30,459.0,80.0
6262,142.9,7.00,23.00,0.1610,6.21,459.0,80.0
6269,144.9,6.90,23.00,0.1587,6.30,459.0,80.0
6276,142.9,7.00,23.00,0.1610,6.21,459.0,80.0
6283,144.9,6.90,22.99,0.1587,6.30,459.0,80.0
6289,144.9,6.90,22.99,0.1586,6.30,459.0,80.0
6296,142.9,7.00,22.99,0.1609,6.22,459.0,80.0
6303,144.9,6.90,22.99,0.1586,6.30,459.0,80.0
6310,142.9,7.00,22.99,0.1609,6.22,459.0,80.0
6317,144.9,6.90,22.99,0.1586,6.30,459.0,80.0
6324,144.9,6.90,22.98,0.1586,6.30,459.0,80.0
6331,142.9,7.00,22.98,0.1609,6.22,459.0,80.0
6338,142.9,7.00,22.98,0.1609,6.22,459.0,80.0
6345,144.9,6.90,22.98,0.1586,6.31,459.0,80.0
6352,144.9,6.90,22.98,0.1586,6.31,459.0,80.0
6359,142.9,7.00,22.98,0.1608,6.22,459.0,80.0
6366,144.9,6.90,22.98,0.1585,6.31,459.0,80.0
6373,144.9,6.90,22.97,0.1585,6.31,459.0,80.0
6380,144.9,6.90,22.97,0.1585,6.31,459.0,80.0
6387,142.9,7.00,22.97,0.1608,6.22,459.0,80.0
6394,142.9,7.00,22.97,0.1608,6.22,459.0,80.0
6401,144.9,6.90,22.97,0.1585,6.31,459.0,80.0
6407,144.9,6.90,22.97,0.1585,6.31,459.0,80.0
6414,142.9,7.00,22.97,0.1608,6.22,459.0,80.0
6421,144.9,6.90,22.96,0.1584,6.31,459.0,80.0
6428,142.9,7.00,22.96,0.1607,6.22,459.0,80.0
6435,144.9,6.90,22.96,0.1584,6.31,459.0,80.0
6442,144.9,6.90,22.96,0.1584,6.31,459.0,80.0
6449,142.9,7.00,22.96,0.1607,6.22,459.0,80.0
6456,144.9,6.90,22.96,0.1584,6.31,459.0,80.0
6463,144.9,6.90,22.95,0.1584,6.31,459.0,80.0
6470,142.9,7.00,22.95,0.1607,6.23,459.0,80.0
6477,142.9,7.00,22.95,0.1607,6.23,459.0,80.0
6484,144.9,6.90,22.95,0.1584,6.31,459.0,80.0
6491,142.9,7.00,22.95,0.1606,6.23,459.0,80.0
6498,147.1,6.80,22.95,0.1560,6.41,459.0,80.0
6505,142.9,7.00,22.95,0.1606,6.23,459.0,80.0
6512,142.9,7.00,22.94,0.1606,6.23,459.0,80.0
6519,144.9,6.90,22.94,0.1583,6.32,459.0,80.0
6526,142.9,7.00,22.94,0.1606,6.23,459.0,80.0
6533,142.9,7.00,22.94,0.1606,6.23,459.0,80.0
6540,142.9,7.00,22.94,0.1606,6.23,459.0,80.0
6546,144.9,6.90,22.94,0.1583,6.32,459.0,80.0
6553,142.9,7.00,22.93,0.1605,6.23,459.0,80.0
6560,144.9,6.90,22.93,0.1582,6.32,459.0,80.0
6567,144.9,6.90,22.93,0.1582,6.32,459.0,80.0
6574,144.9,6.90,22.93,0.1582,6.32,459.0,80.0
6581,142.9,7.00,22.93,0.1605,6.23,459.0,80.0
6588,144.9,6.90,22.93,0.1582,6.32,459.0,80.0
6595,142.9,7.00,22.93,0.1605,6.23,459.0,80.0
6602,144.9,6.90,22.92,0.1582,6.32,459.0,80.0
6609,142.9,7.00,22.92,0.1605,6.23,459.0,80.0
6616,142.9,7.00,22.92,0.1604,6.23,459.0,80.0
6623,144.9,6.90,22.92,0.1581,6.32,459.0,80.0
6630,147.1,6.80,22.92,0.1558,6.42,459.0,80.0
6637,142.9,7.00,22.92,0.1604,6.24,459.0,80.0
6644,142.9,7.00,22.91,0.1604,6.24,459.0,80.0
6651,144.9,6.90,22.91,0.1581,6.32,459.0,80.0
6657,144.9,6.90,22.91,0.1581,6.32,459.0,80.0
6664,142.9,7.00,22.91,0.1604,6.24,459.0,80.0
6671,144.9,6.90,22.91,0.1581,6.33,459.0,80.0
6678,144.9,6.90,22.91,0.1581,6.33,459.0,80.0
6685,140.8,7.10,22.91,0.1626,6.15,459.0,80.0
6692,144.9,6.90,22.90,0.1580,6.33,459.0,80.0
6699,142.9,7.00,22.90,0.1603,6.24,459.0,80.0
6706,144.9,6.90,22.90,0.1580,6.33,459.0,80.0
6713,147.1,6.80,22.90,0.1557,6.42,459.0,80.0
6720,140.8,7.10,22.90,0.1626,6.15,459.0,80.0
6727,144.9,6.90,22.90,0.1580,6.33,459.0,80.0
6734,142.9,7.00,22.89,0.1603,6.24,459.0,80.0
6741,142.9,7.00,22.89,0.1603,6.24,459.0,80.0
6748,144.9,6.90,22.89,0.1580,6.33,459.0,80.0
6755,144.9,6.90,22.89,0.1579,6.33,459.0,80.0
6762,142.9,7.00,22.89,0.1602,6.24,459.0,80.0
6769,144.9,6.90,22.89,0.1579,6.33,459.0,80.0
6776,144.9,6.90,22.89,0.1579,6.33,459.0,80.0
6783,142.9,7.00,22.88,0.1602,6.24,459.0,80.0
6789,144.9,6.90,22.88,0.1579,6.33,459.0,80.0
6796,144.9,6.90,22.88,0.1579,6.33,459.0,80.0
6803,140.8,7.10,22.88,0.1624,6.15,459.0,80.0
6810,149.3,6.70,22.88,0.1533,6.53,459.0,80.0
6817,142.9,7.00,22.88,0.1601,6.25,459.0,80.0
6824,140.8,7.10,22.87,0.1624,6.16,459.0,80.0
6831,144.9,6.90,22.87,0.1578,6.33,459.0,80.0
6838,144.9,6.90,22.87,0.1578,6.34,459.0,80.0
6845,144.9,6.90,22.87,0.1578,6.34,459.0,80.0
6852,144.9,6.90,22.87,0.1578,6.34,459.0,80.0
6859,142.9,7.00,22.87,0.1601,6.25,459.0,80.0
6866,144.9,6.90,22.87,0.1578,6.34,459.0,80.0
6873,142.9,7.00,22.86,0.1601,6.25,459.0,80.0
6880,144.9,6.90,22.86,0.1578,6.34,459.0,80.0
6887,144.9,6.90,22.86,0.1577,6.34,459.0,80.0
6894,142.9,7.00,22.86,0.1600,6.25,459.0,80.0
6901,142.9,7.00,22.86,0.1600,6.25,459.0,80.0
6907,144.9,6.90,22.86,0.1577,6.34,459.0,80.0
6914,142.9,7.00,22.86,0.1600,6.25,459.0,80.0
6921,144.9,6.90,22.85,0.1577,6.34,459.0,80.0
6928,142.9,7.00,22.85,0.1600,6.25,459.0,80.0
6935,144.9,6.90,22.85,0.1577,6.34,459.0,80.0
6942,142.9,7.00,22.85,0.1600,6.25,459.0,80.0
6949,142.9,7.00,22.85,0.1599,6.25,459.0,80.0
6956,147.1,6.80,22.85,0.1554,6.44,459.0,80.0
6963,142.9,7.00,22.85,0.1599,6.25,459.0,80.0
6970,144.9,6.90,22.85,0.1576,6.34,459.0,80.0
6977,144.9,6.90,22.84,0.1576,6.34,459.0,80.0
6984,140.8,7.10,22.84,0.1622,6.16,459.0,80.0
6991,144.9,6.90,22.84,0.1576,6.34,459.0,80.0
6998,142.9,7.00,22.84,0.1599,6.26,459.0,80.0
7005,144.9,6.90,22.84,0.1576,6.34,459.0,80.0
7012,142.9,7.00,22.84,0.1599,6.26,459.0,80.0
7019,144.9,6.90,22.84,0.1576,6.35,459.0,80.0
7026,142.9,7.00,22.83,0.1598,6.26,459.0,80.0
7032,147.1,6.80,22.83,0.1553,6.44,459.0,80.0
7039,142.9,7.00,22.83,0.1598,6.26,459.0,80.0
7046,144.9,6.90,22.83,0.1575,6.35,459.0,80.0
7053,142.9,7.00,22.83,0.1598,6.26,459.0,80.0
7060,144.9,6.90,22.83,0.1575,6.35,459.0,80.0
7067,144.9,6.90,22.83,0.1575,6.35,459.0,80.0
7074,142.9,7.00,22.82,0.1598,6.26,459.0,80.0
7081,144.9,6.90,22.82,0.1575,6.35,459.0,80.0
7088,140.8,7.10,22.82,0.1620,6.17,459.0,80.0
7095,147.1,6.80,22.82,0.1552,6.45,459.0,80.0
7102,140.8,7.10,22.82,0.1620,6.17,459.0,80.0
7109,144.9,6.90,22.82,0.1574,6.35,459.0,80.0
7116,144.9,6.90,22.82,0.1574,6.35,459.0,80.0
7123,142.9,7.00,22.81,0.1597,6.26,459.0,80.0
7130,144.9,6.90,22.81,0.1574,6.35,459.0,80.0
7137,144.9,6.90,22.81,0.1574,6.35,459.0,80.0
7144,142.9,7.00,22.81,0.1597,6.26,459.0,80.0
7151,144.9,6.90,22.81,0.1574,6.35,459.0,80.0
7158,142.9,7.00,22.81,0.1597,6.27,459.0,80.0
7164,144.9,6.90,22.81,0.1574,6.35,459.0,80.0
7171,144.9,6.90,22.80,0.1574,6.35,459.0,80.0
7178,142.9,7.00,22.80,0.1596,6.27,459.0,80.0
7185,142.9,7.00,22.80,0.1596,6.27,459.0,80.0
7192,144.9,6.90,22.80,0.1573,6.36,459.0,80.0
7199,144.9,6.90,22.80,0.1573,6.36,459.0,80.0
7206,142.9,7.00,22.80,0.1596,6.27,459.0,80.0
7213,144.9,6.90,22.80,0.1573,6.36,459.0,80.0
7220,142.9,7.00,22.80,0.1596,6.27,459.0,80.0
7227,142.9,7.00,22.79,0.1596,6.27,459.0,80.0
7234,147.1,6.80,22.79,0.1550,6.45,459.0,80.0
7241,140.8,7.10,22.79,0.1618,6.18,459.0,80.0
7248,144.9,6.90,22.79,0.1572,6.36,459.0,80.0
7255,142.9,7.00,22.79,0.1595,6.27,459.0,80.0
7262,144.9,6.90,22.79,0.1572,6.36,459.0,80.0
7269,144.9,6.90,22.79,0.1572,6.36,459.0,80.0
7276,142.9,7.00,22.78,0.1595,6.27,459.0,80.0
7283,144.9,6.90,22.78,0.1572,6.36,459.0,80.0
7289,144.9,6.90,22.78,0.1572,6.36,459.0,80.0
7296,144.9,6.90,22.78,0.1572,6.36,459.0,80.0
7303,142.9,7.00,22.78,0.1595,6.27,459.0,80.0
7310,142.9,7.00,22.78,0.1594,6.27,459.0,80.0
7317,144.9,6.90,22.78,0.1572,6.36,459.0,80.0
7324,142.9,7.00,22.77,0.1594,6.27,459.0,80.0
7331,144.9,6.90,22.77,0.1571,6.36,459.0,80.0
7338,144.9,6.90,22.77,0.1571,6.36,459.0,80.0
7345,142.9,7.00,22.77,0.1594,6.28,459.0,80.0
7352,144.9,6.90,22.77,0.1571,6.36,459.0,80.0
7359,142.9,7.00,22.77,0.1594,6.28,459.0,80.0
7366,147.1,6.80,22.77,0.1548,6.46,459.0,80.0
7373,142.9,7.00,22.76,0.1594,6.28,459.0,80.0
7380,142.9,7.00,22.76,0.1593,6.28,459.0,80.0
7387,144.9,6.90,22.76,0.1571,6.37,459.0,80.0
7394,144.9,6.90,22.76,0.1570,6.37,459.0,80.0
7400,144.9,6.90,22.76,0.1570,6.37,459.0,80.0
7407,142.9,7.00,22.76,0.1593,6.28,459.0,80.0
7415,140.8,7.10,22.76,0.1616,6.19,459.0,80.0
7421,144.9,6.90,22.75,0.1570,6.37,459.0,80.0
7428,144.9,6.90,22.75,0.1570,6.37,459.0,80.0
7435,142.9,7.00,22.75,0.1593,6.28,459.0,80.0
7442,144.9,6.90,22.75,0.1570,6.37,459.0,80.0
7449,142.9,7.00,22.75,0.1592,6.28,459.0,80.0
7456,144.9,6.90,22.75,0.1570,6.37,459.0,80.0
7463,144.9,6.90,22.75,0.1570,6.37,459.0,80.0
7470,142.9,7.00,22.75,0.1592,6.28,459.0,80.0
7477,144.9,6.90,22.74,0.1569,6.37,459.0,80.0
7484,142.9,7.00,22.74,0.1592,6.28,459.0,80.0
7491,144.9,6.90,22.74,0.1569,6.37,459.0,80.0
7498,142.9,7.00,22.74,0.1592,6.28,459.0,80.0
7505,147.1,6.80,22.74,0.1546,6.47,459.0,80.0
7512,140.8,7.10,22.74,0.1614,6.19,459.0,80.0
7519,144.9,6.90,22.74,0.1569,6.37,459.0,80.0
7526,142.9,7.00,22.73,0.1591,6.29,459.0,80.0
7533,144.9,6.90,22.73,0.1569,6.37,459.0,80.0
7539,144.9,6.90,22.73,0.1568,6.37,459.0,80.0
7546,142.9,7.00,22.73,0.1591,6.29,459.0,80.0
7553,144.9,6.90,22.73,0.1568,6.38,459.0,80.0
7560,144.9,6.90,22.73,0.1568,6.38,459.0,80.0
7567,142.9,7.00,22.73,0.1591,6.29,459.0,80.0
7574,144.9,6.90,22.72,0.1568,6.38,459.0,80.0
7581,142.9,7.00,22.72,0.1591,6.29,459.0,80.0
7588,142.9,7.00,22.72,0.1591,6.29,459.0,80.0
7595,147.1,6.80,22.72,0.1545,6.47,459.0,80.0
7602,142.9,7.00,22.72,0.1590,6.29,459.0,80.0
7609,142.9,7.00,22.72,0.1590,6.29,459.0,80.0
7616,144.9,6.90,22.72,0.1567,6.38,459.0,80.0
7623,144.9,6.90,22.71,0.1567,6.38,459.0,80.0
7630,142.9,7.00,22.71,0.1590,6.29,459.0,80.0
7637,147.1,6.80,22.71,0.1544,6.48,459.0,80.0
7644,140.8,7.10,22.71,0.1612,6.20,459.0,80.0
7650,147.1,6.80,22.71,0.1544,6.48,459.0,80.0
7657,142.9,7.00,22.71,0.1590,6.29,459.0,80.0
7664,142.9,7.00,22.71,0.1589,6.29,459.0,80.0
7671,144.9,6.90,22.70,0.1567,6.38,459.0,80.0
7678,144.9,6.90,22.70,0.1567,6.38,459.0,80.0
7685,140.8,7.10,22.70,0.1612,6.20,459.0,80.0
7692,149.3,6.70,22.70,0.1521,6.58,459.0,80.0
7699,138.9,7.20,22.70,0.1634,6.12,459.0,80.0
7706,147.1,6.80,22.70,0.1543,6.48,459.0,80.0
7713,142.9,7.00,22.70,0.1589,6.30,459.0,80.0
7720,142.9,7.00,22.70,0.1589,6.30,459.0,80.0
7727,144.9,6.90,22.69,0.1566,6.39,459.0,80.0
7734,142.9,7.00,22.69,0.1588,6.30,459.0,80.0
7741,144.9,6.90,22.69,0.1566,6.39,459.0,80.0
7748,142.9,7.00,22.69,0.1588,6.30,459.0,80.0
7755,144.9,6.90,22.69,0.1565,6.39,459.0,80.0
7762,144.9,6.90,22.69,0.1565,6.39,459.0,80.0
7768,147.1,6.80,22.69,0.1543,6.48,459.0,80.0
7776,140.8,7.10,22.68,0.1611,6.21,459.0,80.0
7783,142.9,7.00,22.68,0.1588,6.30,459.0,80.0
7789,144.9,6.90,22.68,0.1565,6.39,459.0,80.0
7796,144.9,6.90,22.68,0.1565,6.39,459.0,80.0
7803,142.9,7.00,22.68,0.1588,6.30,459.0,80.0
7810,142.9,7.00,22.68,0.1587,6.30,459.0,80.0
7817,144.9,6.90,22.68,0.1565,6.39,459.0,80.0
7824,144.9,6.90,22.67,0.1565,6.39,459.0,80.0
7831,142.9,7.00,22.67,0.1587,6.30,459.0,80.0
7838,144.9,6.90,22.67,0.1564,6.39,459.0,80.0
7845,142.9,7.00,22.67,0.1587,6.30,459.0,80.0
7852,144.9,6.90,22.67,0.1564,6.39,459.0,80.0
7859,142.9,7.00,22.67,0.1587,6.30,459.0,80.0
7866,144.9,6.90,22.66,0.1564,6.39,459.0,80.0
7873,144.9,6.90,22.66,0.1564,6.39,459.0,80.0
7880,142.9,7.00,22.66,0.1586,6.31,459.0,80.0
7887,142.9,7.00,22.66,0.1586,6.31,459.0,80.0
7894,144.9,6.90,22.66,0.1563,6.40,459.0,80.0
7901,144.9,6.90,22.66,0.1563,6.40,459.0,80.0
7908,142.9,7.00,22.65,0.1586,6.31,459.0,80.0
7915,142.9,7.00,22.65,0.1586,6.31,459.0,80.0
7921,147.1,6.80,22.65,0.1540,6.49,459.0,80.0
7928,142.9,7.00,22.65,0.1585,6.31,459.0,80.0
7935,142.9,7.00,22.65,0.1585,6.31,459.0,80.0
7942,144.9,6.90,22.64,0.1562,6.40,459.0,80.0
7949,144.9,6.90,22.64,0.1562,6.40,459.0,80.0
7956,144.9,6.90,22.64,0.1562,6.40,459.0,80.0
7963,142.9,7.00,22.64,0.1585,6.31,459.0,80.0
7970,142.9,7.00,22.64,0.1585,6.31,459.0,80.0
7977,142.9,7.00,22.63,0.1584,6.31,459.0,80.0
7984,144.9,6.90,22.63,0.1562,6.40,459.0,80.0
7991,144.9,6.90,22.63,0.1562,6.40,459.0,80.0
7998,144.9,6.90,22.63,0.1561,6.40,459.0,80.0
8005,142.9,7.00,22.63,0.1584,6.32,459.0,80.0
8012,142.9,7.00,22.63,0.1584,6.32,459.0,80.0
8019,144.9,6.90,22.62,0.1561,6.40,459.0,80.0
8026,144.9,6.90,22.62,0.1561,6.41,459.0,80.0
8033,142.9,7.00,22.62,0.1583,6.32,459.0,80.0
8040,142.9,7.00,22.62,0.1583,6.32,459.0,80.0
8046,147.1,6.80,22.62,0.1538,6.50,459.0,80.0
8053,147.1,6.80,22.61,0.1538,6.50,459.0,80.0
8060,140.8,7.10,22.61,0.1605,6.23,459.0,80.0
8067,142.9,7.00,22.61,0.1583,6.32,459.0,80.0
8074,142.9,7.00,22.61,0.1583,6.32,459.0,80.0
8081,149.3,6.70,22.61,0.1515,6.60,459.0,80.0
8088,138.9,7.20,22.60,0.1628,6.14,459.0,80.0
8095,144.9,6.90,22.60,0.1560,6.41,459.0,80.0
8102,144.9,6.90,22.60,0.1559,6.41,459.0,80.0
8109,144.9,6.90,22.60,0.1559,6.41,459.0,80.0
8116,142.9,7.00,22.60,0.1582,6.32,459.0,80.0
8123,144.9,6.90,22.60,0.1559,6.41,459.0,80.0
8130,142.9,7.00,22.59,0.1582,6.32,459.0,80.0
8137,142.9,7.00,22.59,0.1581,6.33,459.0,80.0
8144,144.9,6.90,22.59,0.1559,6.41,459.0,80.0
8151,144.9,6.90,22.59,0.1559,6.42,459.0,80.0
8158,142.9,7.00,22.59,0.1581,6.33,459.0,80.0
8164,144.9,6.90,22.58,0.1558,6.42,459.0,80.0
8171,144.9,6.90,22.58,0.1558,6.42,459.0,80.0
8178,142.9,7.00,22.58,0.1581,6.33,459.0,80.0
8185,144.9,6.90,22.58,0.1558,6.42,459.0,80.0
8192,142.9,7.00,22.58,0.1580,6.33,459.0,80.0
8199,142.9,7.00,22.57,0.1580,6.33,459.0,80.0
8206,144.9,6.90,22.57,0.1558,6.42,459.0,80.0
8213,144.9,6.90,22.57,0.1557,6.42,459.0,80.0
8220,144.9,6.90,22.57,0.1557,6.42,459.0,80.0
8227,142.9,7.00,22.57,0.1580,6.33,459.0,80.0
8234,144.9,6.90,22.57,0.1557,6.42,459.0,80.0
8241,142.9,7.00,22.56,0.1579,6.33,459.0,80.0
8248,142.9,7.00,22.56,0.1579,6.33,459.0,80.0
8255,144.9,6.90,22.56,0.1557,6.42,459.0,80.0
8262,144.9,6.90,22.56,0.1556,6.42,459.0,80.0
8269,144.9,6.90,22.56,0.1556,6.42,459.0,80.0
8276,142.9,7.00,22.55,0.1579,6.34,459.0,80.0
8282,144.9,6.90,22.55,0.1556,6.43,459.0,80.0
8289,142.9,7.00,22.55,0.1579,6.34,459.0,80.0
8296,144.9,6.90,22.55,0.1556,6.43,459.0,80.0
8303,142.9,7.00,22.55,0.1578,6.34,459.0,80.0
8310,142.9,7.00,22.54,0.1578,6.34,459.0,80.0
8317,144.9,6.90,22.54,0.1555,6.43,459.0,80.0
8324,144.9,6.90,22.54,0.1555,6.43,459.0,80.0
8331,144.9,6.90,22.54,0.1555,6.43,459.0,80.0
8338,142.9,7.00,22.54,0.1578,6.34,459.0,80.0
8345,147.1,6.80,22.54,0.1532,6.53,459.0,80.0
8352,142.9,7.00,22.53,0.1577,6.34,459.0,80.0
8359,142.9,7.00,22.53,0.1577,6.34,459.0,80.0
8366,144.9,6.90,22.53,0.1555,6.43,459.0,80.0
8373,144.9,6.90,22.53,0.1554,6.43,459.0,80.0
8380,142.9,7.00,22.53,0.1577,6.34,459.0,80.0
8387,144.9,6.90,22.52,0.1554,6.43,459.0,80.0
8394,142.9,7.00,22.52,0.1577,6.34,459.0,80.0
8400,144.9,6.90,22.52,0.1554,6.43,459.0,80.0
8407,142.9,7.00,22.52,0.1576,6.35,459.0,80.0
8414,144.9,6.90,22.52,0.1554,6.44,459.0,80.0
8421,142.9,7.00,22.51,0.1576,6.35,459.0,80.0
8428,144.9,6.90,22.51,0.1553,6.44,459.0,80.0
8435,144.9,6.90,22.51,0.1553,6.44,459.0,80.0
8442,142.9,7.00,22.51,0.1576,6.35,459.0,80.0
8449,144.9,6.90,22.51,0.1553,6.44,459.0,80.0
8456,142.9,7.00,22.51,0.1575,6.35,459.0,80.0
8463,144.9,6.90,22.50,0.1553,6.44,459.0,80.0
8470,142.9,7.00,22.50,0.1575,6.35,459.0,80.0
8477,144.9,6.90,22.50,0.1552,6.44,459.0,80.0
8484,144.9,6.90,22.50,0.1552,6.44,459.0,80.0
8491,142.9,7.00,22.50,0.1575,6.35,459.0,80.0
8498,144.9,6.90,22.49,0.1552,6.44,459.0,80.0
8505,142.9,7.00,22.49,0.1574,6.35,459.0,80.0
8512,142.9,7.00,22.49,0.1574,6.35,459.0,80.0
8519,144.9,6.90,22.49,0.1552,6.44,459.0,80.0
8525,144.9,6.90,22.49,0.1552,6.44,459.0,80.0
8532,142.9,7.00,22.48,0.1574,6.36,459.0,80.0
8539,144.9,6.90,22.48,0.1551,6.44,459.0,80.0
8546,144.9,6.90,22.48,0.1551,6.45,459.0,80.0
8553,142.9,7.00,22.48,0.1574,6.36,459.0,80.0
8560,144.9,6.90,22.48,0.1551,6.45,459.0,80.0
8567,142.9,7.00,22.48,0.1573,6.36,459.0,80.0
8574,142.9,7.00,22.47,0.1573,6.36,459.0,80.0
8581,142.9,7.00,22.47,0.1573,6.36,459.0,80.0
8588,144.9,6.90,22.47,0.1550,6.45,459.0,80.0
8595,142.9,7.00,22.47,0.1573,6.36,459.0,80.0
8602,144.9,6.90,22.47,0.1550,6.45,459.0,80.0
8609,144.9,6.90,22.46,0.1550,6.45,459.0,80.0
8616,142.9,7.00,22.46,0.1572,6.36,459.0,80.0
8623,142.9,7.00,22.46,0.1572,6.36,459.0,80.0
8630,144.9,6.90,22.46,0.1550,6.45,459.0,80.0
8637,142.9,7.00,22.46,0.1572,6.36,459.0,80.0
8644,144.9,6.90,22.45,0.1549,6.45,459.0,80.0
8650,147.1,6.80,22.45,0.1527,6.55,459.0,80.0
8657,142.9,7.00,22.45,0.1572,6.36,459.0,80.0
8664,144.9,6.90,22.45,0.1549,6.45,459.0,80.0
8671,142.9,7.00,22.45,0.1571,6.37,459.0,80.0
8678,144.9,6.90,22.45,0.1549,6.46,459.0,80.0
8685,142.9,7.00,22.44,0.1571,6.37,459.0,80.0
8692,144.9,6.90,22.44,0.1548,6.46,459.0,80.0
8699,142.9,7.00,22.44,0.1571,6.37,459.0,80.0
8706,142.9,7.00,22.44,0.1571,6.37,459.0,80.0
8713,144.9,6.90,22.44,0.1548,6.46,459.0,80.0
8720,142.9,7.00,22.43,0.1570,6.37,459.0,80.0
8727,144.9,6.90,22.43,0.1548,6.46,459.0,80.0
8734,144.9,6.90,22.43,0.1548,6.46,459.0,80.0
8741,142.9,7.00,22.43,0.1570,6.37,459.0,80.0
8748,144.9,6.90,22.43,0.1547,6.46,459.0,80.0
8755,142.9,7.00,22.42,0.1570,6.37,459.0,80.0
8762,144.9,6.90,22.42,0.1547,6.46,459.0,80.0
8769,144.9,6.90,22.42,0.1547,6.46,459.0,80.0
8776,142.9,7.00,22.42,0.1569,6.37,459.0,80.0
8782,144.9,6.90,22.42,0.1547,6.46,459.0,80.0
8789,142.9,7.00,22.42,0.1569,6.38,459.0,80.0
8796,144.9,6.90,22.41,0.1547,6.46,459.0,80.0
8803,142.9,7.00,22.41,0.1569,6.38,459.0,80.0
8810,144.9,6.90,22.41,0.1546,6.47,459.0,80.0
8817,142.9,7.00,22.41,0.1569,6.38,459.0,80.0
8824,144.9,6.90,22.41,0.1546,6.47,459.0,80.0
8831,142.9,7.00,22.40,0.1568,6.38,459.0,80.0
8838,142.9,7.00,22.40,0.1568,6.38,459.0,80.0
8845,147.1,6.80,22.40,0.1523,6.57,459.0,80.0
8852,142.9,7.00,22.40,0.1568,6.38,459.0,80.0
8859,144.9,6.90,22.40,0.1546,6.47,459.0,80.0
8866,144.9,6.90,22.40,0.1546,6.47,459.0,80.0
8873,142.9,7.00,22.40,0.1568,6.38,459.0,80.0
8880,142.9,7.00,22.40,0.1568,6.38,459.0,80.0
8887,142.9,7.00,22.40,0.1568,6.38,459.0,80.0
8894,144.9,6.90,22.40,0.1545,6.47,459.0,80.0
8901,144.9,6.90,22.40,0.1545,6.47,459.0,80.0
8907,144.9,6.90,22.40,0.1545,6.47,459.0,80.0
8914,142.9,7.00,22.40,0.1568,6.38,459.0,80.0
8921,142.9,7.00,22.40,0.1568,6.38,459.0,80.0
8928,147.1,6.80,22.40,0.1523,6.57,459.0,80.0
8935,142.9,7.00,22.39,0.1568,6.38,459.0,80.0
8942,142.9,7.00,22.39,0.1568,6.38,459.0,80.0
8949,144.9,6.90,22.39,0.1545,6.47,459.0,80.0
8956,142.9,7.00,22.39,0.1568,6.38,459.0,80.0
8963,144.9,6.90,22.39,0.1545,6.47,459.0,80.0
8970,144.9,6.90,22.39,0.1545,6.47,459.0,80.0
8977,142.9,7.00,22.39,0.1567,6.38,459.0,80.0
8984,142.9,7.00,22.39,0.1567,6.38,459.0,80.0
8991,144.9,6.90,22.39,0.1545,6.47,459.0,80.0
8998,144.9,6.90,22.39,0.1545,6.47,459.0,80.0
9005,144.9,6.90,22.39,0.1545,6.47,459.0,80.0
9012,142.9,7.00,22.39,0.1567,6.38,459.0,80.0
9019,142.9,7.00,22.39,0.1567,6.38,459.0,80.0
9026,144.9,6.90,22.39,0.1545,6.47,459.0,80.0
9032,144.9,6.90,22.39,0.1545,6.47,459.0,80.0
9039,142.9,7.00,22.39,0.1567,6.38,459.0,80.0
9046,144.9,6.90,22.39,0.1545,6.47,459.0,80.0
9053,147.1,6.80,22.39,0.1522,6.57,459.0,80.0
9060,142.9,7.00,22.39,0.1567,6.38,459.0,80.0
9067,144.9,6.90,22.39,0.1545,6.47,459.0,80.0
9074,142.9,7.00,22.39,0.1567,6.38,459.0,80.0
9081,142.9,7.00,22.39,0.1567,6.38,459.0,80.0
9088,144.9,6.90,22.39,0.1545,6.47,459.0,80.0
9095,144.9,6.90,22.39,0.1545,6.47,459.0,80.0
9102,142.9,7.00,22.38,0.1567,6.38,459.0,80.0
9109,142.9,7.00,22.38,0.1567,6.38,459.0,80.0
9116,142.9,7.00,22.38,0.1567,6.38,459.0,80.0
9123,144.9,6.90,22.38,0.1544,6.47,459.0,80.0
9130,142.9,7.00,22.38,0.1567,6.38,459.0,80.0
9137,142.9,7.00,22.38,0.1567,6.38,459.0,80.0
9144,144.9,6.90,22.38,0.1544,6.47,459.0,80.0
9151,144.9,6.90,22.38,0.1544,6.47,459.0,80.0
9157,144.9,6.90,22.38,0.1544,6.47,459.0,80.0
9164,142.9,7.00,22.38,0.1567,6.38,459.0,80.0
9171,144.9,6.90,22.38,0.1544,6.47,459.0,80.0
9178,142.9,7.00,22.38,0.1567,6.39,459.0,80.0
9185,142.9,7.00,22.38,0.1567,6.39,459.0,80.0
9192,144.9,6.90,22.38,0.1544,6.47,459.0,80.0
9199,144.9,6.90,22.38,0.1544,6.47,459.0,80.0
9206,144.9,6.90,22.38,0.1544,6.47,459.0,80.0
9213,142.9,7.00,22.38,0.1566,6.39,459.0,80.0
9220,144.9,6.90,22.38,0.1544,6.48,459.0,80.0
9227,142.9,7.00,22.38,0.1566,6.39,459.0,80.0
9234,144.9,6.90,22.38,0.1544,6.48,459.0,80.0
9241,144.9,6.90,22.38,0.1544,6.48,459.0,80.0
9248,142.9,7.00,22.38,0.1566,6.39,459.0,80.0
9255,142.9,7.00,22.38,0.1566,6.39,459.0,80.0
9262,144.9,6.90,22.38,0.1544,6.48,459.0,80.0
9269,142.9,7.00,22.37,0.1566,6.39,459.0,80.0
9276,142.9,7.00,22.37,0.1566,6.39,459.0,80.0
9283,144.9,6.90,22.37,0.1544,6.48,459.0,80.0
9289,144.9,6.90,22.37,0.1544,6.48,459.0,80.0
9296,144.9,6.90,22.37,0.1544,6.48,459.0,80.0
9303,142.9,7.00,22.37,0.1566,6.39,459.0,80.0
9310,144.9,6.90,22.37,0.1544,6.48,459.0,80.0
9317,144.9,6.90,22.37,0.1544,6.48,459.0,80.0
9324,142.9,7.00,22.37,0.1566,6.39,459.0,80.0
9331,144.9,6.90,22.37,0.1544,6.48,459.0,80.0
9338,142.9,7.00,22.37,0.1566,6.39,459.0,80.0
9345,142.9,7.00,22.37,0.1566,6.39,459.0,80.0
9352,144.9,6.90,22.37,0.1544,6.48,459.0,80.0
9359,144.9,6.90,22.37,0.1543,6.48,459.0,80.0
9366,144.9,6.90,22.37,0.1543,6.48,459.0,80.0
9373,144.9,6.90,22.37,0.1543,6.48,459.0,80.0
9380,144.9,6.90,22.37,0.1543,6.48,459.0,80.0
9387,142.9,7.00,22.37,0.1566,6.39,459.0,80.0
9394,142.9,7.00,22.37,0.1566,6.39,459.0,80.0
9400,144.9,6.90,22.37,0.1543,6.48,459.0,80.0
9407,144.9,6.90,22.37,0.1543,6.48,459.0,80.0
9414,142.9,7.00,22.37,0.1566,6.39,459.0,80.0
9421,142.9,7.00,22.37,0.1566,6.39,459.0,80.0
9428,142.9,7.00,22.37,0.1566,6.39,459.0,80.0
9435,144.9,6.90,22.36,0.1543,6.48,459.0,80.0
9442,142.9,7.00,22.36,0.1565,6.39,459.0,80.0
9449,144.9,6.90,22.36,0.1543,6.48,459.0,80.0
9456,142.9,7.00,22.36,0.1565,6.39,459.0,80.0
9463,144.9,6.90,22.36,0.1543,6.48,459.0,80.0
9470,142.9,7.00,22.36,0.1565,6.39,459.0,80.0
9477,144.9,6.90,22.36,0.1543,6.48,459.0,80.0
9484,144.9,6.90,22.36,0.1543,6.48,459.0,80.0
9491,142.9,7.00,22.36,0.1565,6.39,459.0,80.0
9498,149.3,6.70,22.36,0.1498,6.68,459.0,80.0
9505,142.9,7.00,22.36,0.1565,6.39,459.0,80.0
9512,140.8,7.10,22.36,0.1588,6.30,459.0,80.0
9519,142.9,7.00,22.36,0.1565,6.39,459.0,80.0
9526,144.9,6.90,22.36,0.1543,6.48,459.0,80.0
9532,144.9,6.90,22.36,0.1543,6.48,459.0,80.0
9539,142.9,7.00,22.36,0.1565,6.39,459.0,80.0
9546,144.9,6.90,22.36,0.1543,6.48,459.0,80.0
9553,142.9,7.00,22.36,0.1565,6.39,459.0,80.0
9560,142.9,7.00,22.36,0.1565,6.39,459.0,80.0
9567,144.9,6.90,22.36,0.1543,6.48,459.0,80.0
9574,144.9,6.90,22.36,0.1543,6.48,459.0,80.0
9581,144.9,6.90,22.36,0.1543,6.48,459.0,80.0
9588,142.9,7.00,22.36,0.1565,6.39,459.0,80.0
9595,142.9,7.00,22.36,0.1565,6.39,459.0,80.0
9602,147.1,6.80,22.35,0.1520,6.58,459.0,80.0
9609,142.9,7.00,22.35,0.1565,6.39,459.0,80.0
9616,144.9,6.90,22.35,0.1542,6.48,459.0,80.0
9623,142.9,7.00,22.35,0.1565,6.39,459.0,80.0
9630,144.9,6.90,22.35,0.1542,6.48,459.0,80.0
9637,142.9,7.00,22.35,0.1565,6.39,459.0,80.0
9644,142.9,7.00,22.35,0.1565,6.39,459.0,80.0
9651,144.9,6.90,22.35,0.1542,6.48,459.0,80.0
9657,147.1,6.80,22.35,0.1520,6.58,459.0,80.0
9664,140.8,7.10,22.35,0.1587,6.30,459.0,80.0
9671,147.1,6.80,22.35,0.1520,6.58,459.0,80.0
9678,144.9,6.90,22.35,0.1542,6.48,459.0,80.0
9685,140.8,7.10,22.35,0.1587,6.30,459.0,80.0
9692,144.9,6.90,22.35,0.1542,6.48,459.0,80.0
9699,142.9,7.00,22.35,0.1564,6.39,459.0,80.0
9706,142.9,7.00,22.35,0.1564,6.39,459.0,80.0
9713,147.1,6.80,22.35,0.1520,6.58,459.0,80.0
9720,140.8,7.10,22.35,0.1587,6.30,459.0,80.0
9727,144.9,6.90,22.35,0.1542,6.48,459.0,80.0
9734,144.9,6.90,22.35,0.1542,6.48,459.0,80.0
9741,147.1,6.80,22.35,0.1520,6.58,459.0,80.0
9748,140.8,7.10,22.35,0.1587,6.30,459.0,80.0
9755,144.9,6.90,22.35,0.1542,6.48,459.0,80.0
9762,142.9,7.00,22.35,0.1564,6.40,459.0,80.0
9769,144.9,6.90,22.34,0.1542,6.48,459.0,80.0
9776,142.9,7.00,22.34,0.1564,6.40,459.0,80.0
9782,144.9,6.90,22.34,0.1542,6.49,459.0,80.0
9789,142.9,7.00,22.34,0.1564,6.40,459.0,80.0
9796,144.9,6.90,22.34,0.1542,6.49,459.0,80.0
9803,144.9,6.90,22.34,0.1542,6.49,459.0,80.0
9810,142.9,7.00,22.34,0.1564,6.40,459.0,80.0
9817,142.9,7.00,22.34,0.1564,6.40,459.0,80.0
9824,144.9,6.90,22.34,0.1542,6.49,459.0,80.0
9831,142.9,7.00,22.34,0.1564,6.40,459.0,80.0
9838,144.9,6.90,22.34,0.1541,6.49,459.0,80.0
9845,144.9,6.90,22.34,0.1541,6.49,459.0,80.0
9852,142.9,7.00,22.34,0.1564,6.40,459.0,80.0
9859,144.9,6.90,22.34,0.1541,6.49,459.0,80.0
9866,142.9,7.00,22.34,0.1564,6.40,459.0,80.0
9873,144.9,6.90,22.34,0.1541,6.49,459.0,80.0
9880,142.9,7.00,22.34,0.1564,6.40,459.0,80.0
9887,144.9,6.90,22.34,0.1541,6.49,459.0,80.0
9894,142.9,7.00,22.34,0.1564,6.40,459.0,80.0
9901,144.9,6.90,22.34,0.1541,6.49,459.0,80.0
9907,144.9,6.90,22.34,0.1541,6.49,459.0,80.0
9914,142.9,7.00,22.34,0.1564,6.40,459.0,80.0
9921,144.9,6.90,22.34,0.1541,6.49,459.0,80.0
9928,144.9,6.90,22.34,0.1541,6.49,459.0,80.0
9935,142.9,7.00,22.34,0.1564,6.40,459.0,80.0
9942,144.9,6.90,22.34,0.1541,6.49,459.0,80.0
9949,142.9,7.00,22.34,0.1564,6.40,459.0,80.0
9956,142.9,7.00,22.34,0.1564,6.40,459.0,80.0
9963,144.9,6.90,22.34,0.1541,6.49,459.0,80.0
9970,144.9,6.90,22.34,0.1541,6.49,459.0,80.0
9977,142.9,7.00,22.34,0.1564,6.40,459.0,80.0
9984,144.9,6.90,22.34,0.1541,6.49,459.0,80.0
9991,144.9,6.90,22.34,0.1541,6.49,459.0,80.0
9998,142.9,7.00,22.34,0.1563,6.40,459.0,80.0
10005,142.9,7.00,22.34,0.1563,6.40,459.0,80.0
10012,144.9,6.90,22.34,0.1541,6.49,459.0,80.0
10019,144.9,6.90,22.33,0.1541,6.49,459.0,80.0
10026,142.9,7.00,22.33,0.1563,6.40,459.0,80.0
10033,142.9,7.00,22.33,0.1563,6.40,459.0,80.0
10039,144.9,6.90,22.33,0.1541,6.49,459.0,80.0
10046,142.9,7.00,22.33,0.1563,6.40,459.0,80.0
10053,144.9,6.90,22.33,0.1541,6.49,459.0,80.0
10060,144.9,6.90,22.33,0.1541,6.49,459.0,80.0
10067,142.9,7.00,22.33,0.1563,6.40,459.0,80.0
10074,144.9,6.90,22.33,0.1541,6.49,459.0,80.0
10081,144.9,6.90,22.33,0.1541,6.49,459.0,80.0
10088,144.9,6.90,22.33,0.1541,6.49,459.0,80.0
10095,140.8,7.10,22.33,0.1586,6.30,459.0,80.0
10102,144.9,6.90,22.33,0.1541,6.49,459.0,80.0
10109,142.9,7.00,22.33,0.1563,6.40,459.0,80.0
10116,144.9,6.90,22.33,0.1541,6.49,459.0,80.0
10123,144.9,6.90,22.33,0.1541,6.49,459.0,80.0
10130,147.1,6.80,22.33,0.1519,6.59,459.0,80.0
10137,140.8,7.10,22.33,0.1586,6.31,459.0,80.0
10144,142.9,7.00,22.33,0.1563,6.40,459.0,80.0
10151,144.9,6.90,22.33,0.1541,6.49,459.0,80.0
10157,144.9,6.90,22.33,0.1541,6.49,459.0,80.0
10164,142.9,7.00,22.33,0.1563,6.40,459.0,80.0
10171,144.9,6.90,22.33,0.1541,6.49,459.0,80.0
10178,142.9,7.00,22.33,0.1563,6.40,459.0,80.0
10185,144.9,6.90,22.33,0.1541,6.49,459.0,80.0
10192,142.9,7.00,22.33,0.1563,6.40,459.0,80.0
10199,144.9,6.90,22.33,0.1541,6.49,459.0,80.0
10206,144.9,6.90,22.33,0.1541,6.49,459.0,80.0
10213,142.9,7.00,22.33,0.1563,6.40,459.0,80.0
10220,142.9,7.00,22.33,0.1563,6.40,459.0,80.0
10227,147.1,6.80,22.33,0.1518,6.59,459.0,80.0
10234,142.9,7.00,22.33,0.1563,6.40,459.0,80.0
10241,142.9,7.00,22.33,0.1563,6.40,459.0,80.0
10248,144.9,6.90,22.33,0.1541,6.49,459.0,80.0
10255,142.9,7.00,22.33,0.1563,6.40,459.0,80.0
10262,144.9,6.90,22.33,0.1541,6.49,459.0,80.0
10269,144.9,6.90,22.33,0.1541,6.49,459.0,80.0
10276,142.9,7.00,22.33,0.1563,6.40,459.0,80.0
10282,144.9,6.90,22.33,0.1541,6.49,459.0,80.0
10289,142.9,7.00,22.33,0.1563,6.40,459.0,80.0
10296,144.9,6.90,22.33,0.1541,6.49,459.0,80.0
10303,142.9,7.00,22.33,0.1563,6.40,459.0,80.0
10310,144.9,6.90,22.33,0.1540,6.49,459.0,80.0
10317,144.9,6.90,22.33,0.1540,6.49,459.0,80.0
10324,142.9,7.00,22.33,0.1563,6.40,459.0,80.0
10331,144.9,6.90,22.33,0.1540,6.49,459.0,80.0
10338,142.9,7.00,22.33,0.1563,6.40,459.0,80.0
10345,144.9,6.90,22.33,0.1540,6.49,459.0,80.0
10352,142.9,7.00,22.32,0.1563,6.40,459.0,80.0
10359,142.9,7.00,22.32,0.1563,6.40,459.0,80.0
10366,144.9,6.90,22.32,0.1540,6.49,459.0,80.0
10373,144.9,6.90,22.32,0.1540,6.49,459.0,80.0
10380,144.9,6.90,22.32,0.1540,6.49,459.0,80.0
10387,144.9,6.90,22.32,0.1540,6.49,459.0,80.0
10394,142.9,7.00,22.32,0.1563,6.40,459.0,80.0
10400,144.9,6.90,22.32,0.1540,6.49,459.0,80.0
10407,144.9,6.90,22.32,0.1540,6.49,459.0,80.0
10414,142.9,7.00,22.32,0.1563,6.40,459.0,80.0
10421,144.9,6.90,22.32,0.1540,6.49,459.0,80.0
10428,144.9,6.90,22.32,0.1540,6.49,459.0,80.0
10435,142.9,7.00,22.32,0.1563,6.40,459.0,80.0
10442,144.9,6.90,22.32,0.1540,6.49,459.0,80.0
10449,142.9,7.00,22.32,0.1563,6.40,459.0,80.0
10456,144.9,6.90,22.32,0.1540,6.49,459.0,80.0
10463,142.9,7.00,22.32,0.1563,6.40,459.0,80.0
10470,142.9,7.00,22.32,0.1562,6.40,459.0,80.0
10477,144.9,6.90,22.32,0.1540,6.49,459.0,80.0
10484,144.9,6.90,22.32,0.1540,6.49,459.0,80.0
10491,144.9,6.90,22.32,0.1540,6.49,459.0,80.0
10498,142.9,7.00,22.32,0.1562,6.40,459.0,80.0
10505,142.9,7.00,22.32,0.1562,6.40,459.0,80.0
10512,144.9,6.90,22.32,0.1540,6.49,459.0,80.0
10518,144.9,6.90,22.32,0.1540,6.49,459.0,80.0
10525,142.9,7.00,22.32,0.1562,6.40,459.0,80.0
10532,144.9,6.90,22.32,0.1540,6.49,459.0,80.0
10539,144.9,6.90,22.32,0.1540,6.49,459.0,80.0
10546,142.9,7.00,22.32,0.1562,6.40,459.0,80.0
10553,142.9,7.00,22.32,0.1562,6.40,459.0,80.0
10560,142.9,7.00,22.32,0.1562,6.40,459.0,80.0
10567,142.9,7.00,22.32,0.1562,6.40,459.0,80.0
10574,147.1,6.80,22.32,0.1518,6.59,459.0,80.0
10581,142.9,7.00,22.32,0.1562,6.40,459.0,80.0
10588,144.9,6.90,22.32,0.1540,6.49,459.0,80.0
10595,142.9,7.00,22.32,0.1562,6.40,459.0,80.0
10602,144.9,6.90,22.32,0.1540,6.49,459.0,80.0
10609,144.9,6.90,22.32,0.1540,6.49,459.0,80.0
10616,142.9,7.00,22.32,0.1562,6.40,459.0,80.0
10623,142.9,7.00,22.32,0.1562,6.40,459.0,80.0
10630,142.9,7.00,22.32,0.1562,6.40,459.0,80.0
10637,144.9,6.90,22.32,0.1540,6.49,459.0,80.0
10644,142.9,7.00,22.32,0.1562,6.40,459.0,80.0
10650,149.3,6.70,22.32,0.1495,6.69,459.0,80.0
10657,140.8,7.10,22.32,0.1584,6.31,459.0,80.0
10664,144.9,6.90,22.32,0.1540,6.49,459.0,80.0
10671,147.1,6.80,22.32,0.1517,6.59,459.0,80.0
10678,140.8,7.10,22.32,0.1584,6.31,459.0,80.0
10685,144.9,6.90,22.31,0.1540,6.49,459.0,80.0
10692,142.9,7.00,22.31,0.1562,6.40,459.0,80.0
10699,144.9,6.90,22.31,0.1540,6.49,459.0,80.0
10706,144.9,6.90,22.31,0.1540,6.49,459.0,80.0
10713,142.9,7.00,22.31,0.1562,6.40,459.0,80.0
10720,142.9,7.00,22.31,0.1562,6.40,459.0,80.0
10727,142.9,7.00,22.31,0.1562,6.40,459.0,80.0
10734,144.9,6.90,22.31,0.1540,6.49,459.0,80.0
10741,142.9,7.00,22.31,0.1562,6.40,459.0,80.0
10748,144.9,6.90,22.31,0.1540,6.49,459.0,80.0
10755,144.9,6.90,22.31,0.1540,6.49,459.0,80.0
10761,147.1,6.80,22.31,0.1517,6.59,459.0,80.0
10769,140.8,7.10,22.31,0.1584,6.31,459.0,80.0
10776,142.9,7.00,22.31,0.1562,6.40,459.0,80.0
10783,142.9,7.00,22.31,0.1562,6.40,459.0,80.0
10789,147.1,6.80,22.31,0.1517,6.59,459.0,80.0
10796,142.9,7.00,22.31,0.1562,6.40,459.0,80.0
10803,142.9,7.00,22.31,0.1562,6.40,459.0,80.0
10810,144.9,6.90,22.31,0.1539,6.49,459.0,80.0
10817,144.9,6.90,22.31,0.1539,6.49,459.0,80.0
10824,142.9,7.00,22.31,0.1562,6.41,459.0,80.0
10831,144.9,6.90,22.31,0.1539,6.49,459.0,80.0
10838,142.9,7.00,22.31,0.1562,6.41,459.0,80.0
10845,144.9,6.90,22.31,0.1539,6.49,459.0,80.0
10852,142.9,7.00,22.31,0.1562,6.41,459.0,80.0
10859,144.9,6.90,22.31,0.1539,6.50,459.0,80.0
10866,144.9,6.90,22.31,0.1539,6.50,459.0,80.0
10873,142.9,7.00,22.31,0.1562,6.41,459.0,80.0
10880,144.9,6.90,22.31,0.1539,6.50,459.0,80.0
10887,144.9,6.90,22.31,0.1539,6.50,459.0,80.0
10894,142.9,7.00,22.31,0.1561,6.41,459.0,80.0
10901,142.9,7.00,22.31,0.1561,6.41,459.0,80.0
10907,144.9,6.90,22.31,0.1539,6.50,459.0,80.0
10914,144.9,6.90,22.31,0.1539,6.50,459.0,80.0
10921,142.9,7.00,22.30,0.1561,6.41,459.0,80.0
10928,144.9,6.90,22.30,0.1539,6.50,459.0,80.0
10935,140.8,7.10,22.30,0.1584,6.31,459.0,80.0
10942,144.9,6.90,22.30,0.1539,6.50,459.0,80.0
10949,147.1,6.80,22.30,0.1517,6.60,459.0,80.0
10956,142.9,7.00,22.30,0.1561,6.41,459.0,80.0
10963,147.1,6.80,22.30,0.1517,6.60,459.0,80.0
10970,142.9,7.00,22.30,0.1561,6.41,459.0,80.0
10977,142.9,7.00,22.30,0.1561,6.41,459.0,80.0
10984,142.9,7.00,22.30,0.1561,6.41,459.0,80.0
10991,144.9,6.90,22.30,0.1539,6.50,459.0,80.0
10998,144.9,6.90,22.30,0.1539,6.50,459.0,80.0
11005,144.9,6.90,22.30,0.1539,6.50,459.0,80.0
11012,142.9,7.00,22.30,0.1561,6.41,459.0,80.0
11019,142.9,7.00,22.30,0.1561,6.41,459.0,80.0
11025,144.9,6.90,22.30,0.1539,6.50,459.0,80.0
11032,142.9,7.00,22.30,0.1561,6.41,459.0,80.0
11039,144.9,6.90,22.30,0.1538,6.50,459.0,80.0
11046,144.9,6.90,22.30,0.1538,6.50,459.0,80.0
11053,144.9,6.90,22.30,0.1538,6.50,459.0,80.0
11060,142.9,7.00,22.30,0.1561,6.41,459.0,80.0
11067,142.9,7.00,22.29,0.1561,6.41,459.0,80.0
11074,144.9,6.90,22.29,0.1538,6.50,459.0,80.0
11081,144.9,6.90,22.29,0.1538,6.50,459.0,80.0
11088,142.9,7.00,22.29,0.1561,6.41,459.0,80.0
11095,144.9,6.90,22.29,0.1538,6.50,459.0,80.0
11102,144.9,6.90,22.29,0.1538,6.50,459.0,80.0
11109,142.9,7.00,22.29,0.1560,6.41,459.0,80.0
11116,142.9,7.00,22.29,0.1560,6.41,459.0,80.0
11123,144.9,6.90,22.29,0.1538,6.50,459.0,80.0
11130,144.9,6.90,22.29,0.1538,6.50,459.0,80.0
11136,144.9,6.90,22.29,0.1538,6.50,459.0,80.0
11143,142.9,7.00,22.29,0.1560,6.41,459.0,80.0
11150,144.9,6.90,22.29,0.1538,6.50,459.0,80.0
11157,142.9,7.00,22.29,0.1560,6.41,459.0,80.0
11164,144.9,6.90,22.29,0.1538,6.50,459.0,80.0
11171,142.9,7.00,22.29,0.1560,6.41,459.0,80.0
11178,142.9,7.00,22.29,0.1560,6.41,459.0,80.0
11185,147.1,6.80,22.29,0.1515,6.60,459.0,80.0
11192,142.9,7.00,22.29,0.1560,6.41,459.0,80.0
11199,142.9,7.00,22.29,0.1560,6.41,459.0,80.0
11206,144.9,6.90,22.28,0.1538,6.50,459.0,80.0
11213,142.9,7.00,22.28,0.1560,6.41,459.0,80.0
11220,144.9,6.90,22.28,0.1538,6.50,459.0,80.0
11227,142.9,7.00,22.28,0.1560,6.41,459.0,80.0
11234,144.9,6.90,22.28,0.1538,6.50,459.0,80.0
11241,144.9,6.90,22.28,0.1537,6.50,459.0,80.0
11248,142.9,7.00,22.28,0.1560,6.41,459.0,80.0
11255,142.9,7.00,22.28,0.1560,6.41,459.0,80.0
11261,147.1,6.80,22.28,0.1515,6.60,459.0,80.0
11268,144.9,6.90,22.28,0.1537,6.50,459.0,80.0
11275,142.9,7.00,22.28,0.1560,6.41,459.0,80.0
11282,142.9,7.00,22.28,0.1560,6.41,459.0,80.0
11289,142.9,7.00,22.28,0.1560,6.41,459.0,80.0
11296,144.9,6.90,22.28,0.1537,6.50,459.0,80.0
11303,142.9,7.00,22.28,0.1559,6.41,459.0,80.0
11310,144.9,6.90,22.28,0.1537,6.50,459.0,80.0
11317,142.9,7.00,22.28,0.1559,6.41,459.0,80.0
11324,144.9,6.90,22.28,0.1537,6.50,459.0,80.0
11331,144.9,6.90,22.28,0.1537,6.50,459.0,80.0
11338,142.9,7.00,22.28,0.1559,6.42,459.0,80.0
11345,142.9,7.00,22.28,0.1559,6.42,459.0,80.0
11352,142.9,7.00,22.27,0.1559,6.42,459.0,80.0
11359,144.9,6.90,22.27,0.1537,6.51,459.0,80.0
11366,142.9,7.00,22.27,0.1559,6.42,459.0,80.0
11373,144.9,6.90,22.27,0.1537,6.51,459.0,80.0
11380,144.9,6.90,22.27,0.1537,6.51,459.0,80.0
11387,144.9,6.90,22.27,0.1537,6.51,459.0,80.0
11393,144.9,6.90,22.27,0.1537,6.51,459.0,80.0
11400,142.9,7.00,22.27,0.1559,6.42,459.0,80.0
11407,142.9,7.00,22.27,0.1559,6.42,459.0,80.0
11414,144.9,6.90,22.27,0.1537,6.51,459.0,80.0
11421,144.9,6.90,22.27,0.1537,6.51,459.0,80.0
11428,142.9,7.00,22.27,0.1559,6.42,459.0,80.0
11435,147.1,6.80,22.27,0.1514,6.61,459.0,80.0
11442,140.8,7.10,22.27,0.1581,6.32,459.0,80.0
11449,144.9,6.90,22.27,0.1536,6.51,459.0,80.0
11456,142.9,7.00,22.27,0.1559,6.42,459.0,80.0
11463,144.9,6.90,22.27,0.1536,6.51,459.0,80.0
11470,142.9,7.00,22.27,0.1559,6.42,459.0,80.0
11477,147.1,6.80,22.27,0.1514,6.61,459.0,80.0
11484,140.8,7.10,22.27,0.1581,6.32,459.0,80.0
11491,147.1,6.80,22.26,0.1514,6.61,459.0,80.0
11498,144.9,6.90,22.26,0.1536,6.51,459.0,80.0
11505,140.8,7.10,22.26,0.1581,6.32,459.0,80.0
11512,142.9,7.00,22.26,0.1558,6.42,459.0,80.0
11519,144.9,6.90,22.26,0.1536,6.51,459.0,80.0
11525,144.9,6.90,22.26,0.1536,6.51,459.0,80.0
11532,142.9,7.00,22.26,0.1558,6.42,459.0,80.0
11539,142.9,7.00,22.26,0.1558,6.42,459.0,80.0
11546,147.1,6.80,22.26,0.1514,6.61,459.0,80.0
11553,142.9,7.00,22.26,0.1558,6.42,459.0,80.0
11560,142.9,7.00,22.26,0.1558,6.42,459.0,80.0
11567,144.9,6.90,22.26,0.1536,6.51,459.0,80.0
11574,144.9,6.90,22.26,0.1536,6.51,459.0,80.0
11581,140.8,7.10,22.26,0.1580,6.33,459.0,80.0
11588,144.9,6.90,22.26,0.1536,6.51,459.0,80.0
11595,147.1,6.80,22.26,0.1514,6.61,459.0,80.0
11602,140.8,7.10,22.26,0.1580,6.33,459.0,80.0
11609,144.9,6.90,22.26,0.1536,6.51,459.0,80.0
11616,144.9,6.90,22.26,0.1536,6.51,459.0,80.0
11623,144.9,6.90,22.26,0.1536,6.51,459.0,80.0
11630,142.9,7.00,22.26,0.1558,6.42,459.0,80.0
11637,142.9,7.00,22.25,0.1558,6.42,459.0,80.0
11644,144.9,6.90,22.25,0.1536,6.51,459.0,80.0
11650,144.9,6.90,22.25,0.1536,6.51,459.0,80.0
11657,144.9,6.90,22.25,0.1535,6.51,459.0,80.0
11664,144.9,6.90,22.25,0.1535,6.51,459.0,80.0
11671,142.9,7.00,22.25,0.1558,6.42,459.0,80.0
11678,144.9,6.90,22.25,0.1535,6.51,459.0,80.0
11685,142.9,7.00,22.25,0.1558,6.42,459.0,80.0
11692,142.9,7.00,22.25,0.1558,6.42,459.0,80.0
11699,144.9,6.90,22.25,0.1535,6.51,459.0,80.0
11706,144.9,6.90,22.25,0.1535,6.51,459.0,80.0
11713,142.9,7.00,22.25,0.1557,6.42,459.0,80.0
11720,144.9,6.90,22.25,0.1535,6.51,459.0,80.0
11727,142.9,7.00,22.25,0.1557,6.42,459.0,80.0
11734,142.9,7.00,22.25,0.1557,6.42,459.0,80.0
11741,147.1,6.80,22.25,0.1513,6.61,459.0,80.0
11748,142.9,7.00,22.25,0.1557,6.42,459.0,80.0
11755,144.9,6.90,22.25,0.1535,6.51,459.0,80.0
11762,142.9,7.00,22.25,0.1557,6.42,459.0,80.0
11769,142.9,7.00,22.25,0.1557,6.42,459.0,80.0
11775,144.9,6.90,22.24,0.1535,6.51,459.0,80.0
11782,142.9,7.00,22.24,0.1557,6.42,459.0,80.0
11789,144.9,6.90,22.24,0.1535,6.51,459.0,80.0
11796,142.9,7.00,22.24,0.1557,6.42,459.0,80.0
11803,142.9,7.00,22.24,0.1557,6.42,459.0,80.0
11810,144.9,6.90,22.24,0.1535,6.51,459.0,80.0
11817,144.9,6.90,22.24,0.1535,6.51,459.0,80.0
11824,142.9,7.00,22.24,0.1557,6.42,459.0,80.0
11831,144.9,6.90,22.24,0.1535,6.51,459.0,80.0
11838,142.9,7.00,22.24,0.1557,6.43,459.0,80.0
11845,144.9,6.90,22.24,0.1535,6.52,459.0,80.0
11852,142.9,7.00,22.24,0.1557,6.43,459.0,80.0
11859,144.9,6.90,22.24,0.1535,6.52,459.0,80.0
11866,144.9,6.90,22.24,0.1535,6.52,459.0,80.0
11873,142.9,7.00,22.24,0.1557,6.43,459.0,80.0
11880,144.9,6.90,22.24,0.1535,6.52,459.0,80.0
11887,144.9,6.90,22.24,0.1535,6.52,459.0,80.0
11894,142.9,7.00,22.24,0.1557,6.43,459.0,80.0
11900,144.9,6.90,22.24,0.1534,6.52,459.0,80.0
11907,142.9,7.00,22.24,0.1557,6.43,459.0,80.0
11914,144.9,6.90,22.24,0.1534,6.52,459.0,80.0
11921,144.9,6.90,22.24,0.1534,6.52,459.0,80.0
11928,140.8,7.10,22.24,0.1579,6.33,459.0,80.0
11935,144.9,6.90,22.24,0.1534,6.52,459.0,80.0
11942,144.9,6.90,22.24,0.1534,6.52,459.0,80.0
11949,142.9,7.00,22.24,0.1557,6.43,459.0,80.0
11956,144.9,6.90,22.24,0.1534,6.52,459.0,80.0
11963,142.9,7.00,22.24,0.1557,6.43,459.0,80.0
11970,144.9,6.90,22.24,0.1534,6.52,459.0,80.0
11977,144.9,6.90,22.24,0.1534,6.52,459.0,80.0
11984,142.9,7.00,22.24,0.1557,6.43,459.0,80.0
11991,144.9,6.90,22.24,0.1534,6.52,459.0,80.0
11998,142.9,7.00,22.24,0.1557,6.43,459.0,80.0
12005,142.9,7.00,22.24,0.1557,6.43,459.0,80.0
12012,144.9,6.90,22.24,0.1534,6.52,459.0,80.0
12019,144.9,6.90,22.24,0.1534,6.52,459.0,80.0
12025,144.9,6.90,22.24,0.1534,6.52,459.0,80.0
12032,144.9,6.90,22.24,0.1534,6.52,459.0,80.0
12039,140.8,7.10,22.24,0.1579,6.33,459.0,80.0
12046,144.9,6.90,22.24,0.1534,6.52,459.0,80.0
12053,142.9,7.00,22.24,0.1557,6.43,459.0,80.0
12060,144.9,6.90,22.24,0.1534,6.52,459.0,80.0
12067,144.9,6.90,22.24,0.1534,6.52,459.0,80.0
12074,142.9,7.00,22.24,0.1556,6.43,459.0,80.0
12081,144.9,6.90,22.24,0.1534,6.52,459.0,80.0
12088,142.9,7.00,22.24,0.1556,6.43,459.0,80.0
12095,144.9,6.90,22.24,0.1534,6.52,459.0,80.0
12102,142.9,7.00,22.23,0.1556,6.43,459.0,80.0
12109,144.9,6.90,22.23,0.1534,6.52,459.0,80.0
12116,144.9,6.90,22.23,0.1534,6.52,459.0,80.0
12123,144.9,6.90,22.23,0.1534,6.52,459.0,80.0
12130,142.9,7.00,22.23,0.1556,6.43,459.0,80.0
12137,142.9,7.00,22.23,0.1556,6.43,459.0,80.0
12144,144.9,6.90,22.23,0.1534,6.52,459.0,80.0
12150,144.9,6.90,22.23,0.1534,6.52,459.0,80.0
12157,144.9,6.90,22.23,0.1534,6.52,459.0,80.0
12164,142.9,7.00,22.23,0.1556,6.43,459.0,80.0
12171,142.9,7.00,22.23,0.1556,6.43,459.0,80.0
12178,144.9,6.90,22.23,0.1534,6.52,459.0,80.0
12185,142.9,7.00,22.23,0.1556,6.43,459.0,80.0
12192,144.9,6.90,22.23,0.1534,6.52,459.0,80.0
12199,144.9,6.90,22.23,0.1534,6.52,459.0,80.0
12206,142.9,7.00,22.23,0.1556,6.43,459.0,80.0
12213,144.9,6.90,22.23,0.1534,6.52,459.0,80.0
12220,142.9,7.00,22.23,0.1556,6.43,459.0,80.0
12227,142.9,7.00,22.23,0.1556,6.43,459.0,80.0
12234,144.9,6.90,22.23,0.1534,6.52,459.0,80.0
12241,144.9,6.90,22.23,0.1534,6.52,459.0,80.0
12248,144.9,6.90,22.23,0.1534,6.52,459.0,80.0
12255,144.9,6.90,22.23,0.1534,6.52,459.0,80.0
12262,140.8,7.10,22.23,0.1578,6.33,459.0,80.0
12269,144.9,6.90,22.23,0.1534,6.52,459.0,80.0
12276,142.9,7.00,22.23,0.1556,6.43,459.0,80.0
12282,144.9,6.90,22.23,0.1534,6.52,459.0,80.0
12289,142.9,7.00,22.23,0.1556,6.43,459.0,80.0
12296,147.1,6.80,22.23,0.1512,6.62,459.0,80.0
12303,142.9,7.00,22.23,0.1556,6.43,459.0,80.0
12310,144.9,6.90,22.23,0.1534,6.52,459.0,80.0
12317,142.9,7.00,22.23,0.1556,6.43,459.0,80.0
12324,144.9,6.90,22.23,0.1534,6.52,459.0,80.0
12331,142.9,7.00,22.23,0.1556,6.43,459.0,80.0
12338,144.9,6.90,22.23,0.1534,6.52,459.0,80.0
12345,142.9,7.00,22.23,0.1556,6.43,459.0,80.0
12352,144.9,6.90,22.23,0.1534,6.52,459.0,80.0
12359,142.9,7.00,22.23,0.1556,6.43,459.0,80.0
12366,144.9,6.90,22.23,0.1534,6.52,459.0,80.0
12373,144.9,6.90,22.23,0.1534,6.52,459.0,80.0
12380,142.9,7.00,22.23,0.1556,6.43,459.0,80.0
12387,142.9,7.00,22.23,0.1556,6.43,459.0,80.0
12394,144.9,6.90,22.23,0.1534,6.52,459.0,80.0
12400,147.1,6.80,22.23,0.1512,6.62,459.0,80.0
12407,142.9,7.00,22.23,0.1556,6.43,459.0,80.0
12414,142.9,7.00,22.23,0.1556,6.43,459.0,80.0
12421,144.9,6.90,22.23,0.1534,6.52,459.0,80.0
12428,144.9,6.90,22.23,0.1534,6.52,459.0,80.0
12435,144.9,6.90,22.23,0.1534,6.52,459.0,80.0
12442,142.9,7.00,22.23,0.1556,6.43,459.0,80.0
12449,142.9,7.00,22.23,0.1556,6.43,459.0,80.0
12456,142.9,7.00,22.23,0.1556,6.43,459.0,80.0
12463,144.9,6.90,22.23,0.1534,6.52,459.0,80.0
12470,144.9,6.90,22.23,0.1534,6.52,459.0,80.0
12477,142.9,7.00,22.23,0.1556,6.43,459.0,80.0
12484,144.9,6.90,22.23,0.1534,6.52,459.0,80.0
12491,140.8,7.10,22.23,0.1578,6.33,459.0,80.0
12498,147.1,6.80,22.23,0.1511,6.62,459.0,80.0
12505,142.9,7.00,22.23,0.1556,6.43,459.0,80.0
12512,142.9,7.00,22.23,0.1556,6.43,459.0,80.0
12519,144.9,6.90,22.23,0.1534,6.52,459.0,80.0
12525,144.9,6.90,22.23,0.1534,6.52,459.0,80.0
12532,142.9,7.00,22.23,0.1556,6.43,459.0,80.0
12539,144.9,6.90,22.23,0.1534,6.52,459.0,80.0
12546,142.9,7.00,22.23,0.1556,6.43,459.0,80.0
12553,144.9,6.90,22.23,0.1534,6.52,459.0,80.0
12560,144.9,6.90,22.23,0.1534,6.52,459.0,80.0
12567,142.9,7.00,22.23,0.1556,6.43,459.0,80.0
12574,142.9,7.00,22.23,0.1556,6.43,459.0,80.0
12581,147.1,6.80,22.23,0.1511,6.62,459.0,80.0
12588,142.9,7.00,22.23,0.1556,6.43,459.0,80.0
12595,142.9,7.00,22.23,0.1556,6.43,459.0,80.0
12602,144.9,6.90,22.22,0.1534,6.52,459.0,80.0
12609,142.9,7.00,22.22,0.1556,6.43,459.0,80.0
12616,144.9,6.90,22.22,0.1533,6.52,459.0,80.0
12623,142.9,7.00,22.22,0.1556,6.43,459.0,80.0
12630,144.9,6.90,22.22,0.1533,6.52,459.0,80.0
12637,144.9,6.90,22.22,0.1533,6.52,459.0,80.0
12644,142.9,7.00,22.22,0.1556,6.43,459.0,80.0
12650,144.9,6.90,22.22,0.1533,6.52,459.0,80.0
12657,144.9,6.90,22.22,0.1533,6.52,459.0,80.0
12664,140.8,7.10,22.22,0.1578,6.34,459.0,80.0
12671,147.1,6.80,22.22,0.1511,6.62,459.0,80.0
12678,142.9,7.00,22.22,0.1556,6.43,459.0,80.0
12685,147.1,6.80,22.22,0.1511,6.62,459.0,80.0
12692,142.9,7.00,22.22,0.1556,6.43,459.0,80.0
12699,142.9,7.00,22.22,0.1556,6.43,459.0,80.0
12706,144.9,6.90,22.22,0.1533,6.52,459.0,80.0
12713,142.9,7.00,22.22,0.1556,6.43,459.0,80.0
12720,144.9,6.90,22.22,0.1533,6.52,459.0,80.0
12727,144.9,6.90,22.22,0.1533,6.52,459.0,80.0
12734,142.9,7.00,22.22,0.1556,6.43,459.0,80.0
12741,144.9,6.90,22.22,0.1533,6.52,459.0,80.0
12748,144.9,6.90,22.22,0.1533,6.52,459.0,80.0
12755,142.9,7.00,22.22,0.1556,6.43,459.0,80.0
12762,142.9,7.00,22.22,0.1556,6.43,459.0,80.0
12769,142.9,7.00,22.22,0.1556,6.43,459.0,80.0
12775,147.1,6.80,22.22,0.1511,6.62,459.0,80.0
12782,142.9,7.00,22.22,0.1555,6.43,459.0,80.0
12789,140.8,7.10,22.22,0.1578,6.34,459.0,80.0
12796,149.3,6.70,22.22,0.1489,6.72,459.0,80.0
12803,140.8,7.10,22.22,0.1578,6.34,459.0,80.0
12810,142.9,7.00,22.22,0.1555,6.43,459.0,80.0
12817,144.9,6.90,22.22,0.1533,6.52,459.0,80.0
12824,144.9,6.90,22.22,0.1533,6.52,459.0,80.0
12831,142.9,7.00,22.22,0.1555,6.43,459.0,80.0
12838,147.1,6.80,22.22,0.1511,6.62,459.0,80.0
12845,140.8,7.10,22.22,0.1578,6.34,459.0,80.0
12852,144.9,6.90,22.22,0.1533,6.52,459.0,80.0
12859,144.9,6.90,22.22,0.1533,6.52,459.0,80.0
12866,144.9,6.90,22.22,0.1533,6.52,459.0,80.0
12873,144.9,6.90,22.22,0.1533,6.52,459.0,80.0
12880,140.8,7.10,22.22,0.1578,6.34,459.0,80.0
12887,142.9,7.00,22.22,0.1555,6.43,459.0,80.0
12894,144.9,6.90,22.22,0.1533,6.52,459.0,80.0
12901,142.9,7.00,22.22,0.1555,6.43,459.0,80.0
12907,144.9,6.90,22.22,0.1533,6.52,459.0,80.0
12914,144.9,6.90,22.22,0.1533,6.52,459.0,80.0
12921,142.9,7.00,22.22,0.1556,6.43,459.0,80.0
12928,144.9,6.90,22.22,0.1533,6.52,459.0,80.0
12935,144.9,6.90,22.22,0.1533,6.52,459.0,80.0
12942,144.9,6.90,22.22,0.1533,6.52,459.0,80.0
12949,144.9,6.90,22.22,0.1533,6.52,459.0,80.0
12956,142.9,7.00,22.22,0.1556,6.43,459.0,80.0
12963,144.9,6.90,22.22,0.1533,6.52,459.0,80.0
12970,142.9,7.00,22.22,0.1556,6.43,459.0,80.0
12977,142.9,7.00,22.22,0.1556,6.43,459.0,80.0
12984,144.9,6.90,22.22,0.1533,6.52,459.0,80.0
12991,144.9,6.90,22.22,0.1533,6.52,459.0,80.0
12998,142.9,7.00,22.22,0.1556,6.43,459.0,80.0
13005,144.9,6.90,22.22,0.1533,6.52,459.0,80.0
13012,142.9,7.00,22.22,0.1556,6.43,459.0,80.0
13018,144.9,6.90,22.22,0.1533,6.52,459.0,80.0
13025,142.9,7.00,22.22,0.1556,6.43,459.0,80.0
13032,144.9,6.90,22.22,0.1533,6.52,459.0,80.0
13039,144.9,6.90,22.22,0.1533,6.52,459.0,80.0
13046,142.9,7.00,22.22,0.1556,6.43,459.0,80.0
13053,144.9,6.90,22.22,0.1533,6.52,459.0,80.0
13060,144.9,6.90,22.22,0.1533,6.52,459.0,80.0
13067,142.9,7.00,22.22,0.1556,6.43,459.0,80.0
13074,142.9,7.00,22.22,0.1556,6.43,459.0,80.0
13081,142.9,7.00,22.22,0.1556,6.43,459.0,80.0
13088,144.9,6.90,22.22,0.1534,6.52,459.0,80.0
13095,144.9,6.90,22.22,0.1534,6.52,459.0,80.0
13102,142.9,7.00,22.23,0.1556,6.43,459.0,80.0
13109,144.9,6.90,22.23,0.1534,6.52,459.0,80.0
13116,144.9,6.90,22.23,0.1534,6.52,459.0,80.0
13123,142.9,7.00,22.23,0.1556,6.43,459.0,80.0
13130,144.9,6.90,22.23,0.1534,6.52,459.0,80.0
13137,142.9,7.00,22.23,0.1556,6.43,459.0,80.0
13143,144.9,6.90,22.23,0.1534,6.52,459.0,80.0
13151,140.8,7.10,22.23,0.1578,6.33,459.0,80.0
13157,147.1,6.80,22.23,0.1511,6.62,459.0,80.0
13164,144.9,6.90,22.23,0.1534,6.52,459.0,80.0
13171,142.9,7.00,22.23,0.1556,6.43,459.0,80.0
13178,142.9,7.00,22.23,0.1556,6.43,459.0,80.0
13185,144.9,6.90,22.23,0.1534,6.52,459.0,80.0
13192,144.9,6.90,22.23,0.1534,6.52,459.0,80.0
13199,144.9,6.90,22.23,0.1534,6.52,459.0,80.0
13206,142.9,7.00,22.23,0.1556,6.43,459.0,80.0
13213,144.9,6.90,22.23,0.1534,6.52,459.0,80.0
13220,142.9,7.00,22.23,0.1556,6.43,459.0,80.0
13227,142.9,7.00,22.23,0.1556,6.43,459.0,80.0
13234,144.9,6.90,22.23,0.1534,6.52,459.0,80.0
13241,144.9,6.90,22.23,0.1534,6.52,459.0,80.0
13248,142.9,7.00,22.23,0.1556,6.43,459.0,80.0
13255,144.9,6.90,22.23,0.1534,6.52,459.0,80.0
13262,142.9,7.00,22.23,0.1556,6.43,459.0,80.0
13268,144.9,6.90,22.23,0.1534,6.52,459.0,80.0
13275,142.9,7.00,22.23,0.1556,6.43,459.0,80.0
13282,144.9,6.90,22.23,0.1534,6.52,459.0,80.0
13289,142.9,7.00,22.23,0.1556,6.43,459.0,80.0
13296,144.9,6.90,22.23,0.1534,6.52,459.0,80.0
13303,144.9,6.90,22.23,0.1534,6.52,459.0,80.0
13310,144.9,6.90,22.23,0.1534,6.52,459.0,80.0
13317,142.9,7.00,22.23,0.1556,6.43,459.0,80.0
13324,142.9,7.00,22.23,0.1556,6.43,459.0,80.0
13331,144.9,6.90,22.23,0.1534,6.52,459.0,80.0
13338,142.9,7.00,22.23,0.1556,6.43,459.0,80.0
13345,142.9,7.00,22.23,0.1556,6.43,459.0,80.0
13352,144.9,6.90,22.23,0.1534,6.52,459.0,80.0
13359,144.9,6.90,22.23,0.1534,6.52,459.0,80.0
13366,142.9,7.00,22.23,0.1556,6.43,459.0,80.0
13373,142.9,7.00,22.23,0.1556,6.43,459.0,80.0
13380,144.9,6.90,22.23,0.1534,6.52,459.0,80.0
13386,147.1,6.80,22.23,0.1512,6.62,459.0,80.0
13393,142.9,7.00,22.23,0.1556,6.43,459.0,80.0
13400,142.9,7.00,22.23,0.1556,6.43,459.0,80.0
13407,147.1,6.80,22.23,0.1512,6.62,459.0,80.0
13414,140.8,7.10,22.23,0.1578,6.33,459.0,80.0
13421,147.1,6.80,22.23,0.1512,6.62,459.0,80.0
13428,142.9,7.00,22.23,0.1556,6.43,459.0,80.0
13435,142.9,7.00,22.23,0.1556,6.43,459.0,80.0
13442,144.9,6.90,22.23,0.1534,6.52,459.0,80.0
13449,142.9,7.00,22.23,0.1556,6.43,459.0,80.0
13456,147.1,6.80,22.23,0.1512,6.62,459.0,80.0
13463,140.8,7.10,22.23,0.1578,6.33,459.0,80.0
13470,147.1,6.80,22.23,0.1512,6.62,459.0,80.0
13477,140.8,7.10,22.23,0.1579,6.33,459.0,80.0
13484,144.9,6.90,22.23,0.1534,6.52,459.0,80.0
13491,144.9,6.90,22.23,0.1534,6.52,459.0,80.0
13498,144.9,6.90,22.23,0.1534,6.52,459.0,80.0
13504,144.9,6.90,22.23,0.1534,6.52,459.0,80.0
13511,142.9,7.00,22.23,0.1556,6.43,459.0,80.0
13518,142.9,7.00,22.23,0.1556,6.43,459.0,80.0
13525,144.9,6.90,22.23,0.1534,6.52,459.0,80.0
13532,142.9,7.00,22.23,0.1556,6.43,459.0,80.0
13539,144.9,6.90,22.23,0.1534,6.52,459.0,80.0
13546,144.9,6.90,22.23,0.1534,6.52,459.0,80.0
13553,144.9,6.90,22.23,0.1534,6.52,459.0,80.0
13560,140.8,7.10,22.23,0.1579,6.33,459.0,80.0
13567,144.9,6.90,22.23,0.1534,6.52,459.0,80.0
13574,142.9,7.00,22.23,0.1556,6.43,459.0,80.0
13581,144.9,6.90,22.23,0.1534,6.52,459.0,80.0
13588,144.9,6.90,22.23,0.1534,6.52,459.0,80.0
13595,142.9,7.00,22.23,0.1556,6.43,459.0,80.0
13602,142.9,7.00,22.24,0.1556,6.43,459.0,80.0
13609,144.9,6.90,22.24,0.1534,6.52,459.0,80.0
13616,142.9,7.00,22.24,0.1556,6.43,459.0,80.0
13623,144.9,6.90,22.24,0.1534,6.52,459.0,80.0
13630,144.9,6.90,22.24,0.1534,6.52,459.0,80.0
13637,142.9,7.00,22.24,0.1557,6.43,459.0,80.0
13643,144.9,6.90,22.24,0.1534,6.52,459.0,80.0
13650,144.9,6.90,22.24,0.1534,6.52,459.0,80.0
13657,144.9,6.90,22.24,0.1534,6.52,459.0,80.0
13664,142.9,7.00,22.24,0.1557,6.43,459.0,80.0
13671,142.9,7.00,22.24,0.1557,6.43,459.0,80.0
13678,144.9,6.90,22.24,0.1534,6.52,459.0,80.0
13685,144.9,6.90,22.24,0.1534,6.52,459.0,80.0
13692,142.9,7.00,22.24,0.1557,6.43,459.0,80.0
13699,142.9,7.00,22.24,0.1557,6.43,459.0,80.0
13706,142.9,7.00,22.24,0.1557,6.43,459.0,80.0
13713,147.1,6.80,22.24,0.1512,6.61,459.0,80.0
13720,144.9,6.90,22.24,0.1534,6.52,459.0,80.0
13727,142.9,7.00,22.24,0.1557,6.43,459.0,80.0
13734,144.9,6.90,22.24,0.1534,6.52,459.0,80.0
13741,140.8,7.10,22.24,0.1579,6.33,459.0,80.0
13748,144.9,6.90,22.24,0.1534,6.52,459.0,80.0
13755,144.9,6.90,22.24,0.1534,6.52,459.0,80.0
13762,142.9,7.00,22.24,0.1557,6.43,459.0,80.0
13768,144.9,6.90,22.24,0.1534,6.52,459.0,80.0
13775,142.9,7.00,22.24,0.1557,6.43,459.0,80.0
13782,142.9,7.00,22.24,0.1557,6.43,459.0,80.0
13789,144.9,6.90,22.24,0.1534,6.52,459.0,80.0
13796,144.9,6.90,22.24,0.1534,6.52,459.0,80.0
13803,142.9,7.00,22.24,0.1557,6.43,459.0,80.0
13810,144.9,6.90,22.24,0.1535,6.52,459.0,80.0
13817,142.9,7.00,22.24,0.1557,6.43,459.0,80.0
13824,144.9,6.90,22.24,0.1535,6.52,459.0,80.0
13831,142.9,7.00,22.24,0.1557,6.43,459.0,80.0
13838,144.9,6.90,22.24,0.1535,6.52,459.0,80.0
13845,144.9,6.90,22.24,0.1535,6.52,459.0,80.0
13852,142.9,7.00,22.24,0.1557,6.43,459.0,80.0
13859,144.9,6.90,22.24,0.1535,6.52,459.0,80.0
13866,142.9,7.00,22.24,0.1557,6.43,459.0,80.0
13873,144.9,6.90,22.24,0.1535,6.52,459.0,80.0
13880,142.9,7.00,22.24,0.1557,6.43,459.0,80.0
13886,147.1,6.80,22.24,0.1512,6.61,459.0,80.0
13894,140.8,7.10,22.24,0.1579,6.33,459.0,80.0
13901,142.9,7.00,22.24,0.1557,6.43,459.0,80.0
13907,144.9,6.90,22.24,0.1534,6.52,459.0,80.0
13914,144.9,6.90,22.24,0.1534,6.52,459.0,80.0
13921,144.9,6.90,22.24,0.1534,6.52,459.0,80.0
13928,142.9,7.00,22.24,0.1557,6.43,459.0,80.0
13935,144.9,6.90,22.24,0.1534,6.52,459.0,80.0
13942,142.9,7.00,22.24,0.1557,6.43,459.0,80.0
13949,142.9,7.00,22.24,0.1557,6.43,459.0,80.0
13956,147.1,6.80,22.24,0.1512,6.61,459.0,80.0
13963,144.9,6.90,22.24,0.1534,6.52,459.0,80.0
13970,140.8,7.10,22.24,0.1579,6.33,459.0,80.0
13977,144.9,6.90,22.24,0.1534,6.52,459.0,80.0
13984,144.9,6.90,22.24,0.1534,6.52,459.0,80.0
13991,142.9,7.00,22.24,0.1557,6.43,459.0,80.0
13998,142.9,7.00,22.24,0.1557,6.43,459.0,80.0
14005,147.1,6.80,22.24,0.1512,6.62,459.0,80.0
14012,142.9,7.00,22.24,0.1557,6.43,459.0,80.0
14018,144.9,6.90,22.24,0.1534,6.52,459.0,80.0
14025,142.9,7.00,22.24,0.1557,6.43,459.0,80.0
14032,144.9,6.90,22.24,0.1534,6.52,459.0,80.0
14039,142.9,7.00,22.24,0.1557,6.43,459.0,80.0
14046,142.9,7.00,22.24,0.1557,6.43,459.0,80.0
14053,144.9,6.90,22.24,0.1534,6.52,459.0,80.0
14060,144.9,6.90,22.24,0.1534,6.52,459.0,80.0
14067,144.9,6.90,22.24,0.1534,6.52,459.0,80.0
14074,142.9,7.00,22.24,0.1556,6.43,459.0,80.0
14081,144.9,6.90,22.24,0.1534,6.52,459.0,80.0
14088,142.9,7.00,22.24,0.1556,6.43,459.0,80.0
14095,142.9,7.00,22.24,0.1556,6.43,459.0,80.0
14102,142.9,7.00,22.23,0.1556,6.43,459.0,80.0
14109,147.1,6.80,22.23,0.1512,6.62,459.0,80.0
14116,142.9,7.00,22.23,0.1556,6.43,459.0,80.0
14123,144.9,6.90,22.23,0.1534,6.52,459.0,80.0
14130,142.9,7.00,22.23,0.1556,6.43,459.0,80.0
14137,144.9,6.90,22.23,0.1534,6.52,459.0,80.0
14143,144.9,6.90,22.23,0.1534,6.52,459.0,80.0
14150,142.9,7.00,22.23,0.1556,6.43,459.0,80.0
14157,142.9,7.00,22.23,0.1556,6.43,459.0,80.0
14164,144.9,6.90,22.23,0.1534,6.52,459.0,80.0
14171,142.9,7.00,22.23,0.1556,6.43,459.0,80.0
14178,147.1,6.80,22.23,0.1512,6.62,459.0,80.0
14185,142.9,7.00,22.23,0.1556,6.43,459.0,80.0
14192,142.9,7.00,22.23,0.1556,6.43,459.0,80.0
14199,144.9,6.90,22.23,0.1534,6.52,459.0,80.0
14206,142.9,7.00,22.23,0.1556,6.43,459.0,80.0
14213,144.9,6.90,22.23,0.1534,6.52,459.0,80.0
14220,142.9,7.00,22.23,0.1556,6.43,459.0,80.0
14227,144.9,6.90,22.23,0.1534,6.52,459.0,80.0
14234,144.9,6.90,22.23,0.1534,6.52,459.0,80.0
14241,142.9,7.00,22.23,0.1556,6.43,459.0,80.0
14248,144.9,6.90,22.23,0.1534,6.52,459.0,80.0
14255,142.9,7.00,22.23,0.1556,6.43,459.0,80.0
14262,142.9,7.00,22.23,0.1556,6.43,459.0,80.0
14269,144.9,6.90,22.23,0.1534,6.52,459.0,80.0
14275,144.9,6.90,22.23,0.1534,6.52,459.0,80.0
14282,142.9,7.00,22.23,0.1556,6.43,459.0,80.0
14289,147.1,6.80,22.23,0.1512,6.62,459.0,80.0
14296,140.8,7.10,22.23,0.1578,6.33,459.0,80.0
14303,144.9,6.90,22.23,0.1534,6.52,459.0,80.0
14310,142.9,7.00,22.23,0.1556,6.43,459.0,80.0
14317,144.9,6.90,22.23,0.1534,6.52,459.0,80.0
14324,144.9,6.90,22.23,0.1534,6.52,459.0,80.0
14331,144.9,6.90,22.23,0.1534,6.52,459.0,80.0
14338,142.9,7.00,22.23,0.1556,6.43,459.0,80.0
14345,142.9,7.00,22.23,0.1556,6.43,459.0,80.0
14352,144.9,6.90,22.23,0.1534,6.52,459.0,80.0
14359,144.9,6.90,22.23,0.1534,6.52,459.0,80.0
14366,142.9,7.00,22.23,0.1556,6.43,459.0,80.0
14373,144.9,6.90,22.23,0.1534,6.52,459.0,80.0
14380,144.9,6.90,22.23,0.1534,6.52,459.0,80.0
14387,142.9,7.00,22.23,0.1556,6.43,459.0,80.0
14393,144.9,6.90,22.23,0.1534,6.52,459.0,80.0
14400,142.9,7.00,22.23,0.1556,6.43,459.0,80.0
14407,144.9,6.90,22.23,0.1534,6.52,459.0,80.0
14414,144.9,6.90,22.23,0.1534,6.52,459.0,80.0
14421,144.9,6.90,22.23,0.1534,6.52,459.0,80.0
14428,142.9,7.00,22.23,0.1556,6.43,459.0,80.0
14435,142.9,7.00,22.23,0.1556,6.43,459.0,80.0
14442,144.9,6.90,22.23,0.1534,6.52,459.0,80.0
14449,144.9,6.90,22.23,0.1534,6.52,459.0,80.0
14456,142.9,7.00,22.23,0.1556,6.43,459.0,80.0
14463,144.9,6.90,22.23,0.1534,6.52,459.0,80.0
14470,144.9,6.90,22.23,0.1534,6.52,459.0,80.0
14477,142.9,7.00,22.23,0.1556,6.43,459.0,80.0
14484,142.9,7.00,22.23,0.1556,6.43,459.0,80.0
14491,144.9,6.90,22.23,0.1534,6.52,459.0,80.0
14498,142.9,7.00,22.23,0.1556,6.43,459.0,80.0
14504,147.1,6.80,22.23,0.1511,6.62,459.0,80.0
14512,140.8,7.10,22.23,0.1578,6.33,459.0,80.0
14519,142.9,7.00,22.23,0.1556,6.43,459.0,80.0
14525,144.9,6.90,22.23,0.1534,6.52,459.0,80.0
14532,144.9,6.90,22.23,0.1534,6.52,459.0,80.0
14539,142.9,7.00,22.23,0.1556,6.43,459.0,80.0
14546,144.9,6.90,22.23,0.1534,6.52,459.0,80.0
14553,144.9,6.90,22.23,0.1534,6.52,459.0,80.0
14560,144.9,6.90,22.23,0.1534,6.52,459.0,80.0
14567,140.8,7.10,22.23,0.1578,6.34,459.0,80.0
14574,144.9,6.90,22.23,0.1534,6.52,459.0,80.0
14581,144.9,6.90,22.23,0.1534,6.52,459.0,80.0
14588,142.9,7.00,22.23,0.1556,6.43,459.0,80.0
14595,144.9,6.90,22.23,0.1534,6.52,459.0,80.0
14602,142.9,7.00,22.22,0.1556,6.43,459.0,80.0
14609,142.9,7.00,22.22,0.1556,6.43,459.0,80.0
14616,144.9,6.90,22.22,0.1533,6.52,459.0,80.0
14623,144.9,6.90,22.22,0.1533,6.52,459.0,80.0
14630,142.9,7.00,22.22,0.1556,6.43,459.0,80.0
14637,144.9,6.90,22.22,0.1533,6.52,459.0,80.0
14644,142.9,7.00,22.22,0.1556,6.43,459.0,80.0
14650,144.9,6.90,22.22,0.1533,6.52,459.0,80.0
14657,142.9,7.00,22.22,0.1556,6.43,459.0,80.0
14664,144.9,6.90,22.22,0.1533,6.52,459.0,80.0
14671,144.9,6.90,22.22,0.1533,6.52,459.0,80.0
14678,144.9,6.90,22.22,0.1533,6.52,459.0,80.0
14685,142.9,7.00,22.22,0.1556,6.43,459.0,80.0
14692,147.1,6.80,22.22,0.1511,6.62,459.0,80.0
14699,142.9,7.00,22.22,0.1556,6.43,459.0,80.0
14706,142.9,7.00,22.22,0.1556,6.43,459.0,80.0
14713,144.9,6.90,22.22,0.1533,6.52,459.0,80.0
14720,142.9,7.00,22.22,0.1556,6.43,459.0,80.0
14727,144.9,6.90,22.22,0.1533,6.52,459.0,80.0
14734,142.9,7.00,22.22,0.1556,6.43,459.0,80.0
14741,142.9,7.00,22.22,0.1556,6.43,459.0,80.0
14748,144.9,6.90,22.22,0.1533,6.52,459.0,80.0
14755,142.9,7.00,22.22,0.1556,6.43,459.0,80.0
14762,144.9,6.90,22.22,0.1533,6.52,459.0,80.0
14768,144.9,6.90,22.22,0.1533,6.52,459.0,80.0
14775,144.9,6.90,22.22,0.1533,6.52,459.0,80.0
14782,140.8,7.10,22.22,0.1578,6.34,459.0,80.0
14789,147.1,6.80,22.22,0.1511,6.62,459.0,80.0
14796,142.9,7.00,22.22,0.1555,6.43,459.0,80.0
14803,142.9,7.00,22.22,0.1555,6.43,459.0,80.0
14810,147.1,6.80,22.22,0.1511,6.62,459.0,80.0
14817,142.9,7.00,22.22,0.1555,6.43,459.0,80.0
14824,142.9,7.00,22.22,0.1555,6.43,459.0,80.0
14831,144.9,6.90,22.22,0.1533,6.52,459.0,80.0
14838,142.9,7.00,22.22,0.1555,6.43,459.0,80.0
14845,144.9,6.90,22.22,0.1533,6.52,459.0,80.0
14852,144.9,6.90,22.22,0.1533,6.52,459.0,80.0
14859,142.9,7.00,22.23,0.1556,6.43,459.0,80.0
14866,142.9,7.00,22.23,0.1556,6.43,459.0,80.0
14873,142.9,7.00,22.23,0.1556,6.43,459.0,80.0
14880,144.9,6.90,22.24,0.1534,6.52,459.0,80.0
14887,144.9,6.90,22.24,0.1534,6.52,459.0,80.0
14894,142.9,7.00,22.24,0.1557,6.42,459.0,80.0
14900,147.1,6.80,22.24,0.1513,6.61,459.0,80.0
14907,144.9,6.90,22.25,0.1535,6.51,459.0,80.0
14914,142.9,7.00,22.25,0.1558,6.42,459.0,80.0
14921,144.9,6.90,22.25,0.1536,6.51,459.0,80.0
14928,142.9,7.00,22.26,0.1558,6.42,459.0,80.0
14935,144.9,6.90,22.26,0.1536,6.51,459.0,80.0
14942,142.9,7.00,22.26,0.1558,6.42,459.0,80.0
14949,144.9,6.90,22.27,0.1536,6.51,459.0,80.0
14956,142.9,7.00,22.27,0.1559,6.42,459.0,80.0
14963,147.1,6.80,22.27,0.1515,6.60,459.0,80.0
14970,142.9,7.00,22.28,0.1559,6.41,459.0,80.0
14977,142.9,7.00,22.28,0.1560,6.41,459.0,80.0
14984,142.9,7.00,22.28,0.1560,6.41,459.0,80.0
14991,144.9,6.90,22.29,0.1538,6.50,459.0,80.0
14998,142.9,7.00,22.29,0.1560,6.41,459.0,80.0
15005,144.9,6.90,22.29,0.1538,6.50,459.0,80.0
15011,144.9,6.90,22.30,0.1538,6.50,459.0,80.0
15019,140.8,7.10,22.30,0.1583,6.31,459.0,80.0
15025,144.9,6.90,22.30,0.1539,6.50,459.0,80.0
15032,144.9,6.90,22.31,0.1539,6.50,459.0,80.0
15039,142.9,7.00,22.31,0.1562,6.41,459.0,80.0
15046,144.9,6.90,22.31,0.1540,6.49,459.0,80.0
15053,142.9,7.00,22.32,0.1562,6.40,459.0,80.0
15060,144.9,6.90,22.32,0.1540,6.49,459.0,80.0
15067,142.9,7.00,22.32,0.1563,6.40,459.0,80.0
15074,144.9,6.90,22.32,0.1540,6.49,459.0,80.0
15081,142.9,7.00,22.33,0.1563,6.40,459.0,80.0
15088,147.1,6.80,22.33,0.1519,6.59,459.0,80.0
15095,142.9,7.00,22.33,0.1563,6.40,459.0,80.0
15102,144.9,6.90,22.34,0.1541,6.49,459.0,80.0
15109,142.9,7.00,22.34,0.1564,6.40,459.0,80.0
15116,142.9,7.00,22.34,0.1564,6.40,459.0,80.0
15123,144.9,6.90,22.35,0.1542,6.48,459.0,80.0
15130,142.9,7.00,22.35,0.1565,6.39,459.0,80.0
15137,144.9,6.90,22.35,0.1542,6.48,459.0,80.0
15144,142.9,7.00,22.36,0.1565,6.39,459.0,80.0
15150,147.1,6.80,22.36,0.1520,6.58,459.0,80.0
15157,142.9,7.00,22.36,0.1565,6.39,459.0,80.0
15164,142.9,7.00,22.37,0.1566,6.39,459.0,80.0
15171,144.9,6.90,22.37,0.1543,6.48,459.0,80.0
15178,144.9,6.90,22.37,0.1544,6.48,459.0,80.0
15185,142.9,7.00,22.38,0.1566,6.39,459.0,80.0
15192,142.9,7.00,22.38,0.1567,6.39,459.0,80.0
15199,144.9,6.90,22.38,0.1544,6.47,459.0,80.0
15206,142.9,7.00,22.39,0.1567,6.38,459.0,80.0
15213,144.9,6.90,22.39,0.1545,6.47,459.0,80.0
15220,142.9,7.00,22.39,0.1567,6.38,459.0,80.0
15227,147.1,6.80,22.40,0.1523,6.57,459.0,80.0
15234,142.9,7.00,22.40,0.1568,6.38,459.0,80.0
15241,144.9,6.90,22.40,0.1546,6.47,459.0,80.0
15248,144.9,6.90,22.40,0.1546,6.47,459.0,80.0
15255,142.9,7.00,22.41,0.1569,6.38,459.0,80.0
15262,142.9,7.00,22.41,0.1569,6.38,459.0,80.0
15268,144.9,6.90,22.41,0.1547,6.46,459.0,80.0
15275,142.9,7.00,22.42,0.1569,6.37,459.0,80.0
15282,142.9,7.00,22.42,0.1569,6.37,459.0,80.0
15289,144.9,6.90,22.42,0.1547,6.46,459.0,80.0
15296,144.9,6.90,22.43,0.1547,6.46,459.0,80.0
15303,144.9,6.90,22.43,0.1548,6.46,459.0,80.0
15310,144.9,6.90,22.43,0.1548,6.46,459.0,80.0
15317,142.9,7.00,22.44,0.1571,6.37,459.0,80.0
15324,144.9,6.90,22.44,0.1548,6.46,459.0,80.0
15331,142.9,7.00,22.44,0.1571,6.37,459.0,80.0
15338,144.9,6.90,22.45,0.1549,6.46,459.0,80.0
15345,142.9,7.00,22.45,0.1571,6.37,459.0,80.0
15352,144.9,6.90,22.45,0.1549,6.45,459.0,80.0
15359,142.9,7.00,22.46,0.1572,6.36,459.0,80.0
15366,142.9,7.00,22.46,0.1572,6.36,459.0,80.0
15373,144.9,6.90,22.46,0.1550,6.45,459.0,80.0
15380,144.9,6.90,22.47,0.1550,6.45,459.0,80.0
15386,147.1,6.80,22.47,0.1528,6.55,459.0,80.0
15393,140.8,7.10,22.47,0.1595,6.27,459.0,80.0
15400,142.9,7.00,22.47,0.1573,6.36,459.0,80.0
15407,142.9,7.00,22.48,0.1573,6.36,459.0,80.0
15414,144.9,6.90,22.48,0.1551,6.45,459.0,80.0
15421,147.1,6.80,22.48,0.1529,6.54,459.0,80.0
15428,144.9,6.90,22.49,0.1552,6.44,459.0,80.0
15435,142.9,7.00,22.49,0.1574,6.35,459.0,80.0
15442,144.9,6.90,22.49,0.1552,6.44,459.0,80.0
15449,142.9,7.00,22.50,0.1575,6.35,459.0,80.0
15456,144.9,6.90,22.50,0.1553,6.44,459.0,80.0
15463,144.9,6.90,22.50,0.1553,6.44,459.0,80.0
15470,142.9,7.00,22.51,0.1575,6.35,459.0,80.0
15477,144.9,6.90,22.51,0.1553,6.44,459.0,80.0
15484,142.9,7.00,22.51,0.1576,6.35,459.0,80.0
15491,142.9,7.00,22.52,0.1576,6.35,459.0,80.0
15498,144.9,6.90,22.52,0.1554,6.43,459.0,80.0
15505,140.8,7.10,22.52,0.1599,6.25,459.0,80.0
15511,147.1,6.80,22.53,0.1532,6.53,459.0,80.0
15518,142.9,7.00,22.53,0.1577,6.34,459.0,80.0
15525,147.1,6.80,22.53,0.1532,6.53,459.0,80.0
15532,140.8,7.10,22.54,0.1600,6.25,459.0,80.0
15539,147.1,6.80,22.54,0.1533,6.53,459.0,80.0
15546,142.9,7.00,22.54,0.1578,6.34,459.0,80.0
15553,142.9,7.00,22.55,0.1578,6.34,459.0,80.0
15560,142.9,7.00,22.55,0.1578,6.34,459.0,80.0
15567,147.1,6.80,22.55,0.1534,6.52,459.0,80.0
15574,142.9,7.00,22.55,0.1579,6.34,459.0,80.0
15581,144.9,6.90,22.56,0.1557,6.42,459.0,80.0
15588,142.9,7.00,22.56,0.1579,6.33,459.0,80.0
15595,142.9,7.00,22.56,0.1580,6.33,459.0,80.0
15602,144.9,6.90,22.57,0.1557,6.42,459.0,80.0
15609,142.9,7.00,22.57,0.1580,6.33,459.0,80.0
15616,144.9,6.90,22.57,0.1558,6.42,459.0,80.0
15623,144.9,6.90,22.58,0.1558,6.42,459.0,80.0
15629,144.9,6.90,22.58,0.1558,6.42,459.0,80.0
15636,142.9,7.00,22.58,0.1581,6.33,459.0,80.0
15643,144.9,6.90,22.59,0.1558,6.42,459.0,80.0
15650,142.9,7.00,22.59,0.1581,6.33,459.0,80.0
15657,142.9,7.00,22.59,0.1582,6.32,459.0,80.0
15664,147.1,6.80,22.60,0.1537,6.51,459.0,80.0
15671,142.9,7.00,22.60,0.1582,6.32,459.0,80.0
15678,144.9,6.90,22.60,0.1560,6.41,459.0,80.0
15685,144.9,6.90,22.61,0.1560,6.41,459.0,80.0
15692,140.8,7.10,22.61,0.1605,6.23,459.0,80.0
15699,144.9,6.90,22.61,0.1560,6.41,459.0,80.0
15706,144.9,6.90,22.62,0.1560,6.41,459.0,80.0
15713,142.9,7.00,22.62,0.1583,6.32,459.0,80.0
15720,144.9,6.90,22.62,0.1561,6.41,459.0,80.0
15727,144.9,6.90,22.63,0.1561,6.40,459.0,80.0
15734,142.9,7.00,22.63,0.1584,6.32,459.0,80.0
15741,144.9,6.90,22.63,0.1562,6.40,459.0,80.0
15747,144.9,6.90,22.63,0.1562,6.40,459.0,80.0
15755,140.8,7.10,22.64,0.1607,6.22,459.0,80.0
15761,144.9,6.90,22.64,0.1562,6.40,459.0,80.0
15768,144.9,6.90,22.64,0.1562,6.40,459.0,80.0
15775,142.9,7.00,22.65,0.1585,6.31,459.0,80.0
15782,144.9,6.90,22.65,0.1563,6.40,459.0,80.0
15789,144.9,6.90,22.65,0.1563,6.40,459.0,80.0
15796,142.9,7.00,22.66,0.1586,6.31,459.0,80.0
15803,142.9,7.00,22.66,0.1586,6.31,459.0,80.0
15810,142.9,7.00,22.66,0.1586,6.31,459.0,80.0
15817,144.9,6.90,22.67,0.1564,6.39,459.0,80.0
15824,142.9,7.00,22.67,0.1587,6.30,459.0,80.0
15831,147.1,6.80,22.67,0.1542,6.49,459.0,80.0
15838,140.8,7.10,22.68,0.1610,6.21,459.0,80.0
15845,144.9,6.90,22.68,0.1565,6.39,459.0,80.0
15852,142.9,7.00,22.68,0.1587,6.30,459.0,80.0
15859,144.9,6.90,22.67,0.1565,6.39,459.0,80.0
15866,144.9,6.90,22.67,0.1564,6.39,459.0,80.0
15873,142.9,7.00,22.67,0.1587,6.30,459.0,80.0
15880,142.9,7.00,22.66,0.1587,6.31,459.0,80.0
15886,147.1,6.80,22.66,0.1541,6.49,459.0,80.0
15893,144.9,6.90,22.66,0.1563,6.39,459.0,80.0
15900,144.9,6.90,22.66,0.1563,6.40,459.0,80.0
15907,138.9,7.20,22.65,0.1631,6.13,459.0,80.0
15914,144.9,6.90,22.65,0.1563,6.40,459.0,80.0
15921,144.9,6.90,22.65,0.1563,6.40,459.0,80.0
15928,142.9,7.00,22.64,0.1585,6.31,459.0,80.0
15935,144.9,6.90,22.64,0.1562,6.40,459.0,80.0
15942,142.9,7.00,22.64,0.1585,6.31,459.0,80.0
15949,144.9,6.90,22.63,0.1562,6.40,459.0,80.0
15956,144.9,6.90,22.63,0.1561,6.40,459.0,80.0
15963,142.9,7.00,22.63,0.1584,6.32,459.0,80.0
15970,144.9,6.90,22.62,0.1561,6.40,459.0,80.0
15977,142.9,7.00,22.62,0.1583,6.32,459.0,80.0
15984,144.9,6.90,22.62,0.1561,6.41,459.0,80.0
15991,144.9,6.90,22.61,0.1560,6.41,459.0,80.0
15998,142.9,7.00,22.61,0.1583,6.32,459.0,80.0
16005,144.9,6.90,22.61,0.1560,6.41,459.0,80.0
16012,142.9,7.00,22.60,0.1582,6.32,459.0,80.0
16018,144.9,6.90,22.60,0.1559,6.41,459.0,80.0
16025,144.9,6.90,22.60,0.1559,6.41,459.0,80.0
16032,142.9,7.00,22.59,0.1582,6.32,459.0,80.0
16039,142.9,7.00,22.59,0.1581,6.33,459.0,80.0
16046,144.9,6.90,22.59,0.1559,6.41,459.0,80.0
16053,144.9,6.90,22.58,0.1558,6.42,459.0,80.0
16060,142.9,7.00,22.58,0.1581,6.33,459.0,80.0
16067,144.9,6.90,22.58,0.1558,6.42,459.0,80.0
16074,142.9,7.00,22.58,0.1580,6.33,459.0,80.0
16081,144.9,6.90,22.57,0.1557,6.42,459.0,80.0
16088,142.9,7.00,22.57,0.1580,6.33,459.0,80.0
16095,147.1,6.80,22.57,0.1534,6.52,459.0,80.0
16102,142.9,7.00,22.56,0.1579,6.33,459.0,80.0
16109,140.8,7.10,22.56,0.1602,6.24,459.0,80.0
16116,147.1,6.80,22.56,0.1534,6.52,459.0,80.0
16123,142.9,7.00,22.55,0.1579,6.34,459.0,80.0
16130,144.9,6.90,22.55,0.1556,6.43,459.0,80.0
16137,142.9,7.00,22.55,0.1578,6.34,459.0,80.0
16143,144.9,6.90,22.54,0.1555,6.43,459.0,80.0
16150,142.9,7.00,22.54,0.1578,6.34,459.0,80.0
16157,144.9,6.90,22.54,0.1555,6.43,459.0,80.0
16164,142.9,7.00,22.53,0.1577,6.34,459.0,80.0
16171,144.9,6.90,22.53,0.1555,6.43,459.0,80.0
16178,142.9,7.00,22.53,0.1577,6.34,459.0,80.0
16185,144.9,6.90,22.52,0.1554,6.43,459.0,80.0
16192,144.9,6.90,22.52,0.1554,6.43,459.0,80.0
16199,142.9,7.00,22.52,0.1576,6.35,459.0,80.0
16206,144.9,6.90,22.51,0.1553,6.44,459.0,80.0
16213,142.9,7.00,22.51,0.1576,6.35,459.0,80.0
16220,144.9,6.90,22.51,0.1553,6.44,459.0,80.0
16227,144.9,6.90,22.50,0.1553,6.44,459.0,80.0
16234,144.9,6.90,22.50,0.1553,6.44,459.0,80.0
16241,142.9,7.00,22.50,0.1575,6.35,459.0,80.0
16248,144.9,6.90,22.50,0.1552,6.44,459.0,80.0
16255,142.9,7.00,22.49,0.1574,6.35,459.0,80.0
16261,144.9,6.90,22.49,0.1552,6.44,459.0,80.0
16269,140.8,7.10,22.49,0.1596,6.26,459.0,80.0
16275,147.1,6.80,22.48,0.1529,6.54,459.0,80.0
16282,144.9,6.90,22.48,0.1551,6.45,459.0,80.0
16289,140.8,7.10,22.48,0.1596,6.26,459.0,80.0
16296,144.9,6.90,22.47,0.1551,6.45,459.0,80.0
16303,142.9,7.00,22.47,0.1573,6.36,459.0,80.0
16310,147.1,6.80,22.47,0.1528,6.55,459.0,80.0
16317,140.8,7.10,22.46,0.1595,6.27,459.0,80.0
16324,147.1,6.80,22.46,0.1527,6.55,459.0,80.0
16331,142.9,7.00,22.46,0.1572,6.36,459.0,80.0
16338,142.9,7.00,22.45,0.1572,6.36,459.0,80.0
16345,144.9,6.90,22.45,0.1549,6.45,459.0,80.0
16352,144.9,6.90,22.45,0.1549,6.46,459.0,80.0
16359,144.9,6.90,22.44,0.1549,6.46,459.0,80.0
16366,142.9,7.00,22.44,0.1571,6.37,459.0,80.0
16373,144.9,6.90,22.44,0.1548,6.46,459.0,80.0
16380,142.9,7.00,22.43,0.1570,6.37,459.0,80.0
16387,142.9,7.00,22.43,0.1570,6.37,459.0,80.0
16393,144.9,6.90,22.43,0.1548,6.46,459.0,80.0
16400,144.9,6.90,22.43,0.1547,6.46,459.0,80.0
16407,142.9,7.00,22.42,0.1570,6.37,459.0,80.0
16414,144.9,6.90,22.42,0.1547,6.46,459.0,80.0
16421,144.9,6.90,22.42,0.1547,6.46,459.0,80.0
16428,140.8,7.10,22.41,0.1591,6.28,459.0,80.0
16435,147.1,6.80,22.41,0.1524,6.56,459.0,80.0
16442,144.9,6.90,22.41,0.1546,6.47,459.0,80.0
16449,142.9,7.00,22.40,0.1568,6.38,459.0,80.0
16456,144.9,6.90,22.40,0.1546,6.47,459.0,80.0
16463,144.9,6.90,22.40,0.1545,6.47,459.0,80.0
16470,142.9,7.00,22.39,0.1568,6.38,459.0,80.0
16477,144.9,6.90,22.39,0.1545,6.47,459.0,80.0
16484,142.9,7.00,22.39,0.1567,6.38,459.0,80.0
16491,144.9,6.90,22.38,0.1544,6.47,459.0,80.0
16498,142.9,7.00,22.38,0.1567,6.39,459.0,80.0
16504,144.9,6.90,22.38,0.1544,6.48,459.0,80.0
16511,142.9,7.00,22.37,0.1566,6.39,459.0,80.0
16518,142.9,7.00,22.37,0.1566,6.39,459.0,80.0
16525,144.9,6.90,22.37,0.1543,6.48,459.0,80.0
16532,144.9,6.90,22.36,0.1543,6.48,459.0,80.0
16539,142.9,7.00,22.36,0.1565,6.39,459.0,80.0
16546,144.9,6.90,22.36,0.1543,6.48,459.0,80.0
16553,142.9,7.00,22.35,0.1565,6.39,459.0,80.0
16560,144.9,6.90,22.35,0.1542,6.48,459.0,80.0
16567,142.9,7.00,22.35,0.1564,6.39,459.0,80.0
16574,144.9,6.90,22.35,0.1542,6.48,459.0,80.0
16581,142.9,7.00,22.34,0.1564,6.40,459.0,80.0
16588,142.9,7.00,22.34,0.1564,6.40,459.0,80.0
16595,144.9,6.90,22.34,0.1541,6.49,459.0,80.0
16602,144.9,6.90,22.33,0.1541,6.49,459.0,80.0
16609,142.9,7.00,22.33,0.1563,6.40,459.0,80.0
16616,144.9,6.90,22.33,0.1540,6.49,459.0,80.0
16623,144.9,6.90,22.32,0.1540,6.49,459.0,80.0
16630,142.9,7.00,22.32,0.1562,6.40,459.0,80.0
16636,144.9,6.90,22.32,0.1540,6.49,459.0,80.0
16643,142.9,7.00,22.31,0.1562,6.40,459.0,80.0
16650,142.9,7.00,22.31,0.1562,6.41,459.0,80.0
16657,147.1,6.80,22.31,0.1517,6.59,459.0,80.0
16664,140.8,7.10,22.30,0.1584,6.31,459.0,80.0
16671,144.9,6.90,22.30,0.1539,6.50,459.0,80.0
16678,142.9,7.00,22.30,0.1561,6.41,459.0,80.0
16685,144.9,6.90,22.29,0.1538,6.50,459.0,80.0
16692,147.1,6.80,22.29,0.1516,6.60,459.0,80.0
16699,142.9,7.00,22.29,0.1560,6.41,459.0,80.0
16706,144.9,6.90,22.28,0.1538,6.50,459.0,80.0
16713,142.9,7.00,22.28,0.1560,6.41,459.0,80.0
16720,144.9,6.90,22.28,0.1537,6.50,459.0,80.0
16727,142.9,7.00,22.27,0.1559,6.42,459.0,80.0
16734,144.9,6.90,22.27,0.1537,6.51,459.0,80.0
16741,144.9,6.90,22.27,0.1537,6.51,459.0,80.0
16748,140.8,7.10,22.27,0.1581,6.32,459.0,80.0
16755,144.9,6.90,22.26,0.1536,6.51,459.0,80.0
16762,142.9,7.00,22.26,0.1558,6.42,459.0,80.0
16768,144.9,6.90,22.26,0.1536,6.51,459.0,80.0
16775,144.9,6.90,22.25,0.1535,6.51,459.0,80.0
16782,144.9,6.90,22.25,0.1535,6.51,459.0,80.0
16789,142.9,7.00,22.25,0.1557,6.42,459.0,80.0
16796,144.9,6.90,22.24,0.1535,6.51,459.0,80.0
16803,142.9,7.00,22.24,0.1557,6.43,459.0,80.0
16810,142.9,7.00,22.24,0.1557,6.43,459.0,80.0
16817,144.9,6.90,22.23,0.1534,6.52,459.0,80.0
16824,142.9,7.00,22.23,0.1556,6.43,459.0,80.0
16831,144.9,6.90,22.23,0.1534,6.52,459.0,80.0
16838,144.9,6.90,22.22,0.1533,6.52,459.0,80.0
16845,142.9,7.00,22.22,0.1555,6.43,459.0,80.0
16852,144.9,6.90,22.22,0.1533,6.52,459.0,80.0
16859,144.9,6.90,22.22,0.1533,6.52,459.0,80.0
16866,142.9,7.00,22.22,0.1555,6.43,459.0,80.0
16873,144.9,6.90,22.22,0.1533,6.52,459.0,80.0
16880,142.9,7.00,22.22,0.1555,6.43,459.0,80.0
16887,142.9,7.00,22.22,0.1555,6.43,459.0,80.0
16893,144.9,6.90,22.22,0.1533,6.52,459.0,80.0
16900,144.9,6.90,22.22,0.1533,6.52,459.0,80.0
16907,142.9,7.00,22.22,0.1555,6.43,459.0,80.0
16914,142.9,7.00,22.22,0.1555,6.43,459.0,80.0
16921,144.9,6.90,22.22,0.1533,6.52,459.0,80.0
16928,144.9,6.90,22.22,0.1533,6.52,459.0,80.0
16935,142.9,7.00,22.22,0.1555,6.43,459.0,80.0
16942,144.9,6.90,22.22,0.1533,6.52,459.0,80.0
16949,142.9,7.00,22.22,0.1555,6.43,459.0,80.0
16956,144.9,6.90,22.22,0.1533,6.52,459.0,80.0
16963,142.9,7.00,22.22,0.1555,6.43,459.0,80.0
16970,144.9,6.90,22.22,0.1533,6.52,459.0,80.0
16977,144.9,6.90,22.22,0.1533,6.52,459.0,80.0
16984,144.9,6.90,22.22,0.1533,6.52,459.0,80.0
16991,142.9,7.00,22.22,0.1556,6.43,459.0,80.0
16998,142.9,7.00,22.22,0.1556,6.43,459.0,80.0
17005,144.9,6.90,22.22,0.1533,6.52,459.0,80.0
17011,144.9,6.90,22.22,0.1533,6.52,459.0,80.0
17018,142.9,7.00,22.22,0.1556,6.43,459.0,80.0
17025,144.9,6.90,22.22,0.1533,6.52,459.0,80.0
17032,142.9,7.00,22.22,0.1556,6.43,459.0,80.0
17039,144.9,6.90,22.22,0.1533,6.52,459.0,80.0
17046,142.9,7.00,22.22,0.1556,6.43,459.0,80.0
17053,144.9,6.90,22.22,0.1533,6.52,459.0,80.0
17060,142.9,7.00,22.22,0.1556,6.43,459.0,80.0
17067,147.1,6.80,22.22,0.1511,6.62,459.0,80.0
17074,142.9,7.00,22.22,0.1556,6.43,459.0,80.0
17081,142.9,7.00,22.22,0.1556,6.43,459.0,80.0
17088,144.9,6.90,22.22,0.1533,6.52,459.0,80.0
17095,142.9,7.00,22.22,0.1556,6.43,459.0,80.0
17102,142.9,7.00,22.22,0.1556,6.43,459.0,80.0
17109,144.9,6.90,22.22,0.1533,6.52,459.0,80.0
17116,144.9,6.90,22.22,0.1533,6.52,459.0,80.0
17123,142.9,7.00,22.22,0.1556,6.43,459.0,80.0
17130,142.9,7.00,22.22,0.1556,6.43,459.0,80.0
17136,147.1,6.80,22.22,0.1511,6.62,459.0,80.0
17143,142.9,7.00,22.22,0.1556,6.43,459.0,80.0
17150,142.9,7.00,22.22,0.1556,6.43,459.0,80.0
17157,144.9,6.90,22.22,0.1533,6.52,459.0,80.0
17164,144.9,6.90,22.22,0.1533,6.52,459.0,80.0
17171,144.9,6.90,22.22,0.1533,6.52,459.0,80.0
17178,140.8,7.10,22.22,0.1578,6.34,459.0,80.0
17185,144.9,6.90,22.22,0.1533,6.52,459.0,80.0
17192,144.9,6.90,22.22,0.1533,6.52,459.0,80.0
17199,142.9,7.00,22.22,0.1556,6.43,459.0,80.0
17206,144.9,6.90,22.22,0.1533,6.52,459.0,80.0
17213,144.9,6.90,22.22,0.1533,6.52,459.0,80.0
17220,144.9,6.90,22.22,0.1533,6.52,459.0,80.0
17227,142.9,7.00,22.22,0.1556,6.43,459.0,80.0
17234,142.9,7.00,22.22,0.1556,6.43,459.0,80.0
17241,144.9,6.90,22.22,0.1533,6.52,459.0,80.0
17248,144.9,6.90,22.22,0.1533,6.52,459.0,80.0
17255,140.8,7.10,22.22,0.1578,6.34,459.0,80.0
17261,147.1,6.80,22.22,0.1511,6.62,459.0,80.0
17268,142.9,7.00,22.22,0.1556,6.43,459.0,80.0
17275,142.9,7.00,22.22,0.1556,6.43,459.0,80.0
17282,144.9,6.90,22.22,0.1533,6.52,459.0,80.0
17289,144.9,6.90,22.22,0.1533,6.52,459.0,80.0
17296,144.9,6.90,22.22,0.1533,6.52,459.0,80.0
17303,140.8,7.10,22.22,0.1578,6.34,459.0,80.0
17310,144.9,6.90,22.22,0.1534,6.52,459.0,80.0
17317,144.9,6.90,22.22,0.1534,6.52,459.0,80.0
17324,144.9,6.90,22.22,0.1534,6.52,459.0,80.0
17331,142.9,7.00,22.22,0.1556,6.43,459.0,80.0
17338,144.9,6.90,22.22,0.1534,6.52,459.0,80.0
17345,142.9,7.00,22.22,0.1556,6.43,459.0,80.0
17352,144.9,6.90,22.23,0.1534,6.52,459.0,80.0
17359,142.9,7.00,22.23,0.1556,6.43,459.0,80.0
17366,144.9,6.90,22.23,0.1534,6.52,459.0,80.0
17373,142.9,7.00,22.23,0.1556,6.43,459.0,80.0
17380,142.9,7.00,22.23,0.1556,6.43,459.0,80.0
17386,147.1,6.80,22.23,0.1511,6.62,459.0,80.0
17393,142.9,7.00,22.23,0.1556,6.43,459.0,80.0
17400,144.9,6.90,22.23,0.1534,6.52,459.0,80.0
17407,142.9,7.00,22.23,0.1556,6.43,459.0,80.0
17414,142.9,7.00,22.23,0.1556,6.43,459.0,80.0
17421,144.9,6.90,22.23,0.1534,6.52,459.0,80.0
17428,144.9,6.90,22.23,0.1534,6.52,459.0,80.0
17435,142.9,7.00,22.23,0.1556,6.43,459.0,80.0
17442,147.1,6.80,22.23,0.1511,6.62,459.0,80.0
17449,144.9,6.90,22.23,0.1534,6.52,459.0,80.0
17456,142.9,7.00,22.23,0.1556,6.43,459.0,80.0
17463,142.9,7.00,22.23,0.1556,6.43,459.0,80.0
17470,144.9,6.90,22.23,0.1534,6.52,459.0,80.0
17477,144.9,6.90,22.23,0.1534,6.52,459.0,80.0
17484,142.9,7.00,22.23,0.1556,6.43,459.0,80.0
17491,144.9,6.90,22.23,0.1534,6.52,459.0,80.0
17498,142.9,7.00,22.23,0.1556,6.43,459.0,80.0
17504,144.9,6.90,22.23,0.1534,6.52,459.0,80.0
17511,144.9,6.90,22.23,0.1534,6.52,459.0,80.0
17518,144.9,6.90,22.23,0.1534,6.52,459.0,80.0
17525,142.9,7.00,22.23,0.1556,6.43,459.0,80.0
17532,142.9,7.00,22.23,0.1556,6.43,459.0,80.0
17539,144.9,6.90,22.23,0.1534,6.52,459.0,80.0
17546,142.9,7.00,22.23,0.1556,6.43,459.0,80.0
17553,144.9,6.90,22.23,0.1534,6.52,459.0,80.0
17560,142.9,7.00,22.23,0.1556,6.43,459.0,80.0
17567,144.9,6.90,22.23,0.1534,6.52,459.0,80.0
17574,144.9,6.90,22.23,0.1534,6.52,459.0,80.0
17581,142.9,7.00,22.23,0.1556,6.43,459.0,80.0
17588,142.9,7.00,22.23,0.1556,6.43,459.0,80.0
17595,144.9,6.90,22.23,0.1534,6.52,459.0,80.0
17602,142.9,7.00,22.23,0.1556,6.43,459.0,80.0
17609,144.9,6.90,22.23,0.1534,6.52,459.0,80.0
17616,144.9,6.90,22.23,0.1534,6.52,459.0,80.0
17623,142.9,7.00,22.23,0.1556,6.43,459.0,80.0
17629,144.9,6.90,22.23,0.1534,6.52,459.0,80.0
17636,142.9,7.00,22.23,0.1556,6.43,459.0,80.0
17643,142.9,7.00,22.23,0.1556,6.43,459.0,80.0
17650,144.9,6.90,22.23,0.1534,6.52,459.0,80.0
17657,147.1,6.80,22.23,0.1512,6.62,459.0,80.0
17664,140.8,7.10,22.23,0.1578,6.33,459.0,80.0
17671,144.9,6.90,22.23,0.1534,6.52,459.0,80.0
17678,142.9,7.00,22.23,0.1556,6.43,459.0,80.0
17685,142.9,7.00,22.23,0.1556,6.43,459.0,80.0
17692,144.9,6.90,22.23,0.1534,6.52,459.0,80.0
17699,144.9,6.90,22.23,0.1534,6.52,459.0,80.0
17706,144.9,6.90,22.23,0.1534,6.52,459.0,80.0
17713,142.9,7.00,22.23,0.1556,6.43,459.0,80.0
17720,144.9,6.90,22.23,0.1534,6.52,459.0,80.0
17727,142.9,7.00,22.23,0.1556,6.43,459.0,80.0
17734,147.1,6.80,22.23,0.1512,6.62,459.0,80.0
17741,140.8,7.10,22.23,0.1578,6.33,459.0,80.0
17748,144.9,6.90,22.23,0.1534,6.52,459.0,80.0
17754,144.9,6.90,22.23,0.1534,6.52,459.0,80.0
17761,144.9,6.90,22.23,0.1534,6.52,459.0,80.0
17768,142.9,7.00,22.23,0.1556,6.43,459.0,80.0
17775,144.9,6.90,22.23,0.1534,6.52,459.0,80.0
17782,142.9,7.00,22.23,0.1556,6.43,459.0,80.0
17789,144.9,6.90,22.23,0.1534,6.52,459.0,80.0
17796,144.9,6.90,22.23,0.1534,6.52,459.0,80.0
17803,142.9,7.00,22.23,0.1556,6.43,459.0,80.0
17810,142.9,7.00,22.23,0.1556,6.43,459.0,80.0
17817,144.9,6.90,22.23,0.1534,6.52,459.0,80.0
17824,144.9,6.90,22.23,0.1534,6.52,459.0,80.0
17831,142.9,7.00,22.23,0.1556,6.43,459.0,80.0
17838,144.9,6.90,22.23,0.1534,6.52,459.0,80.0
17845,144.9,6.90,22.23,0.1534,6.52,459.0,80.0
17852,142.9,7.00,22.23,0.1556,6.43,459.0,80.0
17859,142.9,7.00,22.23,0.1556,6.43,459.0,80.0
17866,144.9,6.90,22.22,0.1533,6.52,459.0,80.0
17873,142.9,7.00,22.22,0.1556,6.43,459.0,80.0
17879,144.9,6.90,22.22,0.1533,6.52,459.0,80.0
17886,142.9,7.00,22.22,0.1555,6.43,459.0,80.0
17893,142.9,7.00,22.22,0.1555,6.43,459.0,80.0
17900,144.9,6.90,22.21,0.1533,6.52,459.0,80.0
17907,142.9,7.00,22.21,0.1555,6.43,459.0,80.0
17914,147.1,6.80,22.21,0.1510,6.62,459.0,80.0
17921,142.9,7.00,22.21,0.1555,6.43,459.0,80.0
17928,142.9,7.00,22.21,0.1554,6.44,459.0,80.0
17935,144.9,6.90,22.20,0.1532,6.53,459.0,80.0
17942,142.9,7.00,22.20,0.1554,6.44,459.0,80.0
17949,144.9,6.90,22.20,0.1532,6.53,459.0,80.0
17956,147.1,6.80,22.20,0.1509,6.63,459.0,80.0
17963,140.8,7.10,22.19,0.1576,6.34,459.0,80.0
17970,144.9,6.90,22.19,0.1531,6.53,459.0,80.0
17977,142.9,7.00,22.19,0.1553,6.44,459.0,80.0
17984,144.9,6.90,22.19,0.1531,6.53,459.0,80.0
17991,142.9,7.00,22.19,0.1553,6.44,459.0,80.0
17998,144.9,6.90,22.18,0.1531,6.53,459.0,80.0
18005,142.9,7.00,22.18,0.1553,6.44,459.0,80.0
18011,144.9,6.90,22.18,0.1530,6.53,459.0,80.0
18018,142.9,7.00,22.18,0.1552,6.44,459.0,80.0
18025,144.9,6.90,22.18,0.1530,6.53,459.0,80.0
18032,142.9,7.00,22.17,0.1552,6.44,459.0,80.0
18039,144.9,6.90,22.17,0.1530,6.54,459.0,80.0
18046,144.9,6.90,22.17,0.1530,6.54,459.0,80.0
18053,142.9,7.00,22.17,0.1552,6.45,459.0,80.0
18060,144.9,6.90,22.17,0.1529,6.54,459.0,80.0
18067,142.9,7.00,22.16,0.1551,6.45,459.0,80.0
18074,144.9,6.90,22.16,0.1529,6.54,459.0,80.0
18081,142.9,7.00,22.16,0.1551,6.45,459.0,80.0
18088,144.9,6.90,22.16,0.1529,6.54,459.0,80.0
18095,144.9,6.90,22.16,0.1529,6.54,459.0,80.0
18102,142.9,7.00,22.15,0.1551,6.45,459.0,80.0
18109,144.9,6.90,22.15,0.1528,6.54,459.0,80.0
18116,142.9,7.00,22.15,0.1550,6.45,459.0,80.0
18123,144.9,6.90,22.15,0.1528,6.54,459.0,80.0
18130,142.9,7.00,22.14,0.1550,6.45,459.0,80.0
18137,142.9,7.00,22.14,0.1550,6.45,459.0,80.0
18143,144.9,6.90,22.14,0.1528,6.54,459.0,80.0
18150,144.9,6.90,22.14,0.1528,6.55,459.0,80.0
18157,142.9,7.00,22.14,0.1550,6.46,459.0,80.0
18164,144.9,6.90,22.13,0.1527,6.55,459.0,80.0
18171,142.9,7.00,22.13,0.1549,6.46,459.0,80.0
18178,144.9,6.90,22.13,0.1527,6.55,459.0,80.0
18185,142.9,7.00,22.13,0.1549,6.46,459.0,80.0
18192,144.9,6.90,22.13,0.1527,6.55,459.0,80.0
18199,144.9,6.90,22.12,0.1527,6.55,459.0,80.0
18206,142.9,7.00,22.12,0.1549,6.46,459.0,80.0
18213,144.9,6.90,22.12,0.1526,6.55,459.0,80.0
18220,142.9,7.00,22.12,0.1548,6.46,459.0,80.0
18227,144.9,6.90,22.12,0.1526,6.55,459.0,80.0
18234,142.9,7.00,22.11,0.1548,6.46,459.0,80.0
18241,144.9,6.90,22.11,0.1526,6.55,459.0,80.0
18248,142.9,7.00,22.11,0.1548,6.46,459.0,80.0
18255,144.9,6.90,22.11,0.1525,6.55,459.0,80.0
18261,144.9,6.90,22.11,0.1525,6.55,459.0,80.0
18268,142.9,7.00,22.10,0.1547,6.47,459.0,80.0
18275,144.9,6.90,22.10,0.1525,6.56,459.0,80.0
18282,142.9,7.00,22.10,0.1547,6.47,459.0,80.0
18289,144.9,6.90,22.10,0.1525,6.56,459.0,80.0
18296,142.9,7.00,22.09,0.1547,6.47,459.0,80.0
18303,144.9,6.90,22.09,0.1524,6.56,459.0,80.0
18310,144.9,6.90,22.09,0.1524,6.56,459.0,80.0
18317,142.9,7.00,22.09,0.1546,6.47,459.0,80.0
18324,144.9,6.90,22.09,0.1524,6.56,459.0,80.0
18331,144.9,6.90,22.08,0.1524,6.56,459.0,80.0
18338,142.9,7.00,22.08,0.1546,6.47,459.0,80.0
18345,144.9,6.90,22.08,0.1524,6.56,459.0,80.0
18352,144.9,6.90,22.08,0.1523,6.56,459.0,80.0
18359,142.9,7.00,22.08,0.1545,6.47,459.0,80.0
18365,147.1,6.80,22.07,0.1501,6.66,459.0,80.0
18373,138.9,7.20,22.07,0.1589,6.29,459.0,80.0
18380,144.9,6.90,22.07,0.1523,6.57,459.0,80.0
18387,142.9,7.00,22.07,0.1545,6.48,459.0,80.0
18393,144.9,6.90,22.07,0.1523,6.57,459.0,80.0
18400,144.9,6.90,22.06,0.1522,6.57,459.0,80.0
18407,147.1,6.80,22.06,0.1500,6.67,459.0,80.0
18414,140.8,7.10,22.06,0.1566,6.38,459.0,80.0
18421,144.9,6.90,22.06,0.1522,6.57,459.0,80.0
18428,142.9,7.00,22.06,0.1544,6.48,459.0,80.0
18435,144.9,6.90,22.05,0.1522,6.57,459.0,80.0
18442,144.9,6.90,22.05,0.1522,6.57,459.0,80.0
18449,144.9,6.90,22.05,0.1521,6.57,459.0,80.0
18456,142.9,7.00,22.05,0.1543,6.48,459.0,80.0
18463,144.9,6.90,22.04,0.1521,6.57,459.0,80.0
18470,142.9,7.00,22.04,0.1543,6.48,459.0,80.0
18477,144.9,6.90,22.04,0.1521,6.57,459.0,80.0
18484,142.9,7.00,22.04,0.1543,6.48,459.0,80.0
18491,144.9,6.90,22.04,0.1521,6.58,459.0,80.0
18498,142.9,7.00,22.03,0.1542,6.49,459.0,80.0
18505,140.8,7.10,22.03,0.1564,6.39,459.0,80.0
18511,147.1,6.80,22.03,0.1498,6.68,459.0,80.0
18518,144.9,6.90,22.03,0.1520,6.58,459.0,80.0
18525,142.9,7.00,22.03,0.1542,6.49,459.0,80.0
18532,144.9,6.90,22.02,0.1520,6.58,459.0,80.0
18539,144.9,6.90,22.02,0.1520,6.58,459.0,80.0
18546,144.9,6.90,22.02,0.1519,6.58,459.0,80.0
18553,142.9,7.00,22.02,0.1541,6.49,459.0,80.0
18560,142.9,7.00,22.02,0.1541,6.49,459.0,80.0
18567,144.9,6.90,22.01,0.1519,6.58,459.0,80.0
18574,142.9,7.00,22.01,0.1541,6.49,459.0,80.0
18581,144.9,6.90,22.01,0.1519,6.58,459.0,80.0
18588,142.9,7.00,22.01,0.1541,6.49,459.0,80.0
18595,144.9,6.90,22.01,0.1518,6.58,459.0,80.0
18602,144.9,6.90,22.00,0.1518,6.59,459.0,80.0
18609,144.9,6.90,22.00,0.1518,6.59,459.0,80.0
18616,140.8,7.10,22.00,0.1562,6.40,459.0,80.0
18623,144.9,6.90,22.00,0.1518,6.59,459.0,80.0
18629,144.9,6.90,22.00,0.1518,6.59,459.0,80.0
18636,144.9,6.90,21.99,0.1518,6.59,459.0,80.0
18643,142.9,7.00,21.99,0.1539,6.50,459.0,80.0
18650,142.9,7.00,21.99,0.1539,6.50,459.0,80.0
18657,144.9,6.90,21.99,0.1517,6.59,459.0,80.0
18664,142.9,7.00,21.98,0.1539,6.50,459.0,80.0
18671,144.9,6.90,21.98,0.1517,6.59,459.0,80.0
18678,142.9,7.00,21.98,0.1539,6.50,459.0,80.0
18685,144.9,6.90,21.98,0.1517,6.59,459.0,80.0
18692,144.9,6.90,21.98,0.1516,6.59,459.0,80.0
18699,144.9,6.90,21.97,0.1516,6.59,459.0,80.0
18706,142.9,7.00,21.97,0.1538,6.50,459.0,80.0
18713,144.9,6.90,21.97,0.1516,6.60,459.0,80.0
18720,142.9,7.00,21.97,0.1538,6.50,459.0,80.0
18727,144.9,6.90,21.97,0.1516,6.60,459.0,80.0
18734,144.9,6.90,21.96,0.1515,6.60,459.0,80.0
18741,142.9,7.00,21.96,0.1537,6.51,459.0,80.0
18748,142.9,7.00,21.96,0.1537,6.51,459.0,80.0
18755,142.9,7.00,21.96,0.1537,6.51,459.0,80.0
18761,147.1,6.80,21.96,0.1493,6.70,459.0,80.0
18768,142.9,7.00,21.95,0.1537,6.51,459.0,80.0
18775,142.9,7.00,21.95,0.1537,6.51,459.0,80.0
18782,142.9,7.00,21.95,0.1536,6.51,459.0,80.0
18789,144.9,6.90,21.95,0.1514,6.60,459.0,80.0
18796,142.9,7.00,21.94,0.1536,6.51,459.0,80.0
18803,144.9,6.90,21.94,0.1514,6.60,459.0,80.0
18810,142.9,7.00,21.94,0.1536,6.51,459.0,80.0
18817,144.9,6.90,21.94,0.1514,6.60,459.0,80.0
18824,144.9,6.90,21.94,0.1514,6.61,459.0,80.0
18831,142.9,7.00,21.93,0.1535,6.51,459.0,80.0
18838,144.9,6.90,21.93,0.1513,6.61,459.0,80.0
18845,142.9,7.00,21.93,0.1535,6.52,459.0,80.0
18852,144.9,6.90,21.93,0.1513,6.61,459.0,80.0
18859,142.9,7.00,21.94,0.1536,6.51,459.0,80.0
18866,144.9,6.90,21.94,0.1514,6.60,459.0,80.0
18873,142.9,7.00,21.94,0.1536,6.51,459.0,80.0
18879,147.1,6.80,21.95,0.1492,6.70,459.0,80.0
18886,142.9,7.00,21.95,0.1536,6.51,459.0,80.0
18893,144.9,6.90,21.95,0.1515,6.60,459.0,80.0
18900,142.9,7.00,21.96,0.1537,6.51,459.0,80.0
18907,142.9,7.00,21.96,0.1537,6.51,459.0,80.0
18914,144.9,6.90,21.96,0.1515,6.60,459.0,80.0
18921,142.9,7.00,21.97,0.1538,6.51,459.0,80.0
18928,144.9,6.90,21.97,0.1516,6.60,459.0,80.0
18935,144.9,6.90,21.97,0.1516,6.59,459.0,80.0
18942,142.9,7.00,21.98,0.1538,6.50,459.0,80.0
18949,142.9,7.00,21.98,0.1539,6.50,459.0,80.0
18956,147.1,6.80,21.98,0.1495,6.69,459.0,80.0
18963,142.9,7.00,21.99,0.1539,6.50,459.0,80.0
18970,147.1,6.80,21.99,0.1495,6.69,459.0,80.0
18977,142.9,7.00,21.99,0.1540,6.50,459.0,80.0
18984,142.9,7.00,22.00,0.1540,6.50,459.0,80.0
18991,142.9,7.00,22.00,0.1540,6.50,459.0,80.0
18998,144.9,6.90,22.00,0.1518,6.59,459.0,80.0
19005,142.9,7.00,22.01,0.1541,6.49,459.0,80.0
19011,144.9,6.90,22.01,0.1519,6.58,459.0,80.0
19018,144.9,6.90,22.01,0.1519,6.58,459.0,80.0
19025,142.9,7.00,22.02,0.1541,6.49,459.0,80.0
19032,144.9,6.90,22.02,0.1519,6.58,459.0,80.0
19039,144.9,6.90,22.02,0.1520,6.58,459.0,80.0
19046,142.9,7.00,22.03,0.1542,6.49,459.0,80.0
19053,142.9,7.00,22.03,0.1542,6.49,459.0,80.0
19060,142.9,7.00,22.03,0.1542,6.49,459.0,80.0
19067,144.9,6.90,22.04,0.1521,6.57,459.0,80.0
19074,144.9,6.90,22.04,0.1521,6.57,459.0,80.0
19081,144.9,6.90,22.05,0.1521,6.57,459.0,80.0
19088,144.9,6.90,22.05,0.1521,6.57,459.0,80.0
19095,142.9,7.00,22.05,0.1544,6.48,459.0,80.0
19102,142.9,7.00,22.06,0.1544,6.48,459.0,80.0
19109,144.9,6.90,22.06,0.1522,6.57,459.0,80.0
19116,142.9,7.00,22.06,0.1544,6.48,459.0,80.0
19123,144.9,6.90,22.07,0.1523,6.57,459.0,80.0
19130,142.9,7.00,22.07,0.1545,6.48,459.0,80.0
19136,144.9,6.90,22.07,0.1523,6.56,459.0,80.0
19143,144.9,6.90,22.08,0.1523,6.56,459.0,80.0
19150,142.9,7.00,22.08,0.1546,6.47,459.0,80.0
19157,144.9,6.90,22.08,0.1524,6.56,459.0,80.0
19164,142.9,7.00,22.09,0.1546,6.47,459.0,80.0
19171,142.9,7.00,22.09,0.1546,6.47,459.0,80.0
19178,144.9,6.90,22.09,0.1524,6.56,459.0,80.0
19185,144.9,6.90,22.10,0.1525,6.56,459.0,80.0
19192,144.9,6.90,22.10,0.1525,6.56,459.0,80.0
19199,142.9,7.00,22.10,0.1547,6.47,459.0,80.0
19206,142.9,7.00,22.11,0.1547,6.46,459.0,80.0
19213,144.9,6.90,22.11,0.1526,6.55,459.0,80.0
19220,142.9,7.00,22.11,0.1548,6.46,459.0,80.0
19227,144.9,6.90,22.12,0.1526,6.55,459.0,80.0
19234,144.9,6.90,22.12,0.1526,6.55,459.0,80.0
19241,142.9,7.00,22.12,0.1549,6.46,459.0,80.0
19248,144.9,6.90,22.13,0.1527,6.55,459.0,80.0
19255,142.9,7.00,22.13,0.1549,6.46,459.0,80.0
19261,144.9,6.90,22.13,0.1527,6.55,459.0,80.0
19268,144.9,6.90,22.14,0.1527,6.55,459.0,80.0
19275,144.9,6.90,22.14,0.1528,6.54,459.0,80.0
19282,140.8,7.10,22.14,0.1572,6.36,459.0,80.0
19289,144.9,6.90,22.15,0.1528,6.54,459.0,80.0
19296,144.9,6.90,22.15,0.1528,6.54,459.0,80.0
19303,144.9,6.90,22.15,0.1529,6.54,459.0,80.0
19310,142.9,7.00,22.16,0.1551,6.45,459.0,80.0
19317,144.9,6.90,22.16,0.1529,6.54,459.0,80.0
19324,142.9,7.00,22.16,0.1551,6.45,459.0,80.0
19331,142.9,7.00,22.17,0.1552,6.45,459.0,80.0
19338,144.9,6.90,22.17,0.1530,6.54,459.0,80.0
19345,142.9,7.00,22.17,0.1552,6.44,459.0,80.0
19352,144.9,6.90,22.18,0.1530,6.53,459.0,80.0
19359,142.9,7.00,22.18,0.1553,6.44,459.0,80.0
19366,144.9,6.90,22.18,0.1531,6.53,459.0,80.0
19373,144.9,6.90,22.19,0.1531,6.53,459.0,80.0
19379,144.9,6.90,22.19,0.1531,6.53,459.0,80.0
19386,142.9,7.00,22.19,0.1554,6.44,459.0,80.0
19393,144.9,6.90,22.20,0.1532,6.53,459.0,80.0
19400,142.9,7.00,22.20,0.1554,6.44,459.0,80.0
19407,144.9,6.90,22.20,0.1532,6.53,459.0,80.0
19414,144.9,6.90,22.21,0.1532,6.52,459.0,80.0
19421,142.9,7.00,22.21,0.1555,6.43,459.0,80.0
19428,142.9,7.00,22.22,0.1555,6.43,459.0,80.0
19435,147.1,6.80,22.22,0.1511,6.62,459.0,80.0
19442,142.9,7.00,22.22,0.1556,6.43,459.0,80.0
19449,142.9,7.00,22.23,0.1556,6.43,459.0,80.0
19456,147.1,6.80,22.23,0.1512,6.62,459.0,80.0
19463,142.9,7.00,22.23,0.1556,6.43,459.0,80.0
19470,144.9,6.90,22.24,0.1534,6.52,459.0,80.0
19477,144.9,6.90,22.24,0.1535,6.52,459.0,80.0
19484,142.9,7.00,22.24,0.1557,6.42,459.0,80.0
19491,142.9,7.00,22.25,0.1557,6.42,459.0,80.0
19497,144.9,6.90,22.25,0.1535,6.51,459.0,80.0
19504,142.9,7.00,22.25,0.1558,6.42,459.0,80.0
19511,147.1,6.80,22.26,0.1513,6.61,459.0,80.0
19518,142.9,7.00,22.26,0.1558,6.42,459.0,80.0
19525,142.9,7.00,22.26,0.1558,6.42,459.0,80.0
19532,144.9,6.90,22.27,0.1536,6.51,459.0,80.0
19539,142.9,7.00,22.27,0.1559,6.42,459.0,80.0
19546,144.9,6.90,22.27,0.1537,6.51,459.0,80.0
19553,142.9,7.00,22.28,0.1559,6.41,459.0,80.0
19560,144.9,6.90,22.28,0.1537,6.50,459.0,80.0
19567,142.9,7.00,22.28,0.1560,6.41,459.0,80.0
19574,147.1,6.80,22.29,0.1515,6.60,459.0,80.0
19581,142.9,7.00,22.29,0.1560,6.41,459.0,80.0
19588,144.9,6.90,22.29,0.1538,6.50,459.0,80.0
19595,138.9,7.20,22.30,0.1605,6.23,459.0,80.0
19602,144.9,6.90,22.30,0.1539,6.50,459.0,80.0
19609,142.9,7.00,22.30,0.1561,6.41,459.0,80.0
19616,144.9,6.90,22.31,0.1539,6.50,459.0,80.0
19623,144.9,6.90,22.31,0.1539,6.49,459.0,80.0
19629,144.9,6.90,22.31,0.1540,6.49,459.0,80.0
19636,142.9,7.00,22.32,0.1562,6.40,459.0,80.0
19643,142.9,7.00,22.32,0.1562,6.40,459.0,80.0
19650,144.9,6.90,22.32,0.1540,6.49,459.0,80.0
19657,144.9,6.90,22.33,0.1541,6.49,459.0,80.0
19664,142.9,7.00,22.33,0.1563,6.40,459.0,80.0
19671,142.9,7.00,22.33,0.1563,6.40,459.0,80.0
19678,147.1,6.80,22.34,0.1519,6.59,459.0,80.0
19685,142.9,7.00,22.34,0.1564,6.40,459.0,80.0
19692,144.9,6.90,22.34,0.1542,6.48,459.0,80.0
19699,142.9,7.00,22.35,0.1564,6.39,459.0,80.0
19706,144.9,6.90,22.35,0.1542,6.48,459.0,80.0
19713,144.9,6.90,22.35,0.1542,6.48,459.0,80.0
19720,144.9,6.90,22.36,0.1543,6.48,459.0,80.0
19727,142.9,7.00,22.36,0.1565,6.39,459.0,80.0
19734,142.9,7.00,22.37,0.1566,6.39,459.0,80.0
19741,144.9,6.90,22.37,0.1543,6.48,459.0,80.0
19747,144.9,6.90,22.37,0.1544,6.48,459.0,80.0
19754,142.9,7.00,22.37,0.1566,6.39,459.0,80.0
19761,144.9,6.90,22.38,0.1544,6.48,459.0,80.0
19768,144.9,6.90,22.38,0.1544,6.47,459.0,80.0
19775,142.9,7.00,22.39,0.1567,6.38,459.0,80.0
19782,144.9,6.90,22.39,0.1545,6.47,459.0,80.0
19789,142.9,7.00,22.39,0.1567,6.38,459.0,80.0
19796,144.9,6.90,22.40,0.1545,6.47,459.0,80.0
19803,144.9,6.90,22.40,0.1546,6.47,459.0,80.0
19810,142.9,7.00,22.40,0.1568,6.38,459.0,80.0
19817,144.9,6.90,22.41,0.1546,6.47,459.0,80.0
19824,144.9,6.90,22.41,0.1546,6.47,459.0,80.0
19831,142.9,7.00,22.41,0.1569,6.38,459.0,80.0
19838,142.9,7.00,22.42,0.1569,6.37,459.0,80.0
19845,144.9,6.90,22.42,0.1547,6.46,459.0,80.0
19852,144.9,6.90,22.42,0.1547,6.46,459.0,80.0
19859,142.9,7.00,22.42,0.1570,6.37,459.0,80.0
19865,144.9,6.90,22.42,0.1547,6.46,459.0,80.0
19872,142.9,7.00,22.43,0.1570,6.37,459.0,80.0
19879,144.9,6.90,22.43,0.1548,6.46,459.0,80.0
19886,142.9,7.00,22.43,0.1570,6.37,459.0,80.0
19893,142.9,7.00,22.43,0.1570,6.37,459.0,80.0
19900,144.9,6.90,22.43,0.1548,6.46,459.0,80.0
19907,144.9,6.90,22.44,0.1548,6.46,459.0,80.0
19914,142.9,7.00,22.44,0.1571,6.37,459.0,80.0
19921,144.9,6.90,22.44,0.1548,6.46,459.0,80.0
19928,144.9,6.90,22.44,0.1548,6.46,459.0,80.0
19935,140.8,7.10,22.44,0.1593,6.27,459.0,80.0
19942,147.1,6.80,22.44,0.1526,6.55,459.0,80.0
19949,144.9,6.90,22.45,0.1549,6.46,459.0,80.0
19956,142.9,7.00,22.45,0.1571,6.37,459.0,80.0
19963,144.9,6.90,22.45,0.1549,6.45,459.0,80.0
19970,142.9,7.00,22.45,0.1572,6.36,459.0,80.0
19977,142.9,7.00,22.45,0.1572,6.36,459.0,80.0
19984,144.9,6.90,22.46,0.1549,6.45,459.0,80.0
19990,144.9,6.90,22.46,0.1550,6.45,459.0,80.0
19997,142.9,7.00,22.46,0.1572,6.36,459.0,80.0
20004,142.9,7.00,22.46,0.1572,6.36,459.0,80.0
20011,144.9,6.90,22.46,0.1550,6.45,459.0,80.0
20018,144.9,6.90,22.46,0.1550,6.45,459.0,80.0
20025,144.9,6.90,22.47,0.1550,6.45,459.0,80.0
20032,142.9,7.00,22.47,0.1573,6.36,459.0,80.0
20039,142.9,7.00,22.47,0.1573,6.36,459.0,80.0
20046,142.9,7.00,22.47,0.1573,6.36,459.0,80.0
20053,144.9,6.90,22.47,0.1551,6.45,459.0,80.0
20060,144.9,6.90,22.48,0.1551,6.45,459.0,80.0
20067,142.9,7.00,22.48,0.1573,6.36,459.0,80.0
20074,147.1,6.80,22.48,0.1529,6.54,459.0,80.0
20081,142.9,7.00,22.48,0.1574,6.36,459.0,80.0
20088,140.8,7.10,22.48,0.1596,6.26,459.0,80.0
20095,144.9,6.90,22.48,0.1551,6.44,459.0,80.0
20102,144.9,6.90,22.49,0.1552,6.44,459.0,80.0
20109,142.9,7.00,22.49,0.1574,6.35,459.0,80.0
20116,142.9,7.00,22.49,0.1574,6.35,459.0,80.0
20123,142.9,7.00,22.49,0.1574,6.35,459.0,80.0
20130,144.9,6.90,22.49,0.1552,6.44,459.0,80.0
20136,147.1,6.80,22.50,0.1530,6.54,459.0,80.0
20143,142.9,7.00,22.50,0.1575,6.35,459.0,80.0
20150,147.1,6.80,22.50,0.1530,6.54,459.0,80.0
20157,140.8,7.10,22.50,0.1598,6.26,459.0,80.0
20164,144.9,6.90,22.50,0.1553,6.44,459.0,80.0
20171,142.9,7.00,22.50,0.1575,6.35,459.0,80.0
20178,144.9,6.90,22.51,0.1553,6.44,459.0,80.0
20185,142.9,7.00,22.51,0.1576,6.35,459.0,80.0
20192,142.9,7.00,22.51,0.1576,6.35,459.0,80.0
20199,144.9,6.90,22.51,0.1553,6.44,459.0,80.0
20206,142.9,7.00,22.51,0.1576,6.35,459.0,80.0
20213,144.9,6.90,22.52,0.1554,6.44,459.0,80.0
20220,144.9,6.90,22.52,0.1554,6.44,459.0,80.0
20227,144.9,6.90,22.52,0.1554,6.43,459.0,80.0
20234,142.9,7.00,22.52,0.1576,6.35,459.0,80.0
20241,144.9,6.90,22.52,0.1554,6.43,459.0,80.0
20248,142.9,7.00,22.52,0.1577,6.34,459.0,80.0
20254,144.9,6.90,22.53,0.1554,6.43,459.0,80.0
20261,142.9,7.00,22.53,0.1577,6.34,459.0,80.0
20268,144.9,6.90,22.53,0.1555,6.43,459.0,80.0
20275,142.9,7.00,22.53,0.1577,6.34,459.0,80.0
20282,144.9,6.90,22.53,0.1555,6.43,459.0,80.0
20289,142.9,7.00,22.54,0.1577,6.34,459.0,80.0
20296,144.9,6.90,22.54,0.1555,6.43,459.0,80.0
20303,144.9,6.90,22.54,0.1555,6.43,459.0,80.0
20310,142.9,7.00,22.54,0.1578,6.34,459.0,80.0
20317,144.9,6.90,22.54,0.1555,6.43,459.0,80.0
20324,142.9,7.00,22.54,0.1578,6.34,459.0,80.0
20331,144.9,6.90,22.55,0.1556,6.43,459.0,80.0
20338,144.9,6.90,22.55,0.1556,6.43,459.0,80.0
20345,142.9,7.00,22.55,0.1578,6.34,459.0,80.0
20352,142.9,7.00,22.55,0.1579,6.34,459.0,80.0
20359,144.9,6.90,22.55,0.1556,6.42,459.0,80.0
20366,144.9,6.90,22.56,0.1556,6.42,459.0,80.0
20373,142.9,7.00,22.56,0.1579,6.34,459.0,80.0
20379,144.9,6.90,22.56,0.1557,6.42,459.0,80.0
20386,144.9,6.90,22.56,0.1557,6.42,459.0,80.0
20393,140.8,7.10,22.56,0.1602,6.24,459.0,80.0
20400,147.1,6.80,22.56,0.1534,6.52,459.0,80.0
20407,140.8,7.10,22.57,0.1602,6.24,459.0,80.0
20414,144.9,6.90,22.57,0.1557,6.42,459.0,80.0
20421,144.9,6.90,22.57,0.1557,6.42,459.0,80.0
20428,144.9,6.90,22.57,0.1557,6.42,459.0,80.0
20435,142.9,7.00,22.57,0.1580,6.33,459.0,80.0
20442,144.9,6.90,22.57,0.1558,6.42,459.0,80.0
20449,142.9,7.00,22.58,0.1580,6.33,459.0,80.0
20456,144.9,6.90,22.58,0.1558,6.42,459.0,80.0
20463,144.9,6.90,22.58,0.1558,6.42,459.0,80.0
20470,147.1,6.80,22.58,0.1536,6.51,459.0,80.0
20477,140.8,7.10,22.58,0.1603,6.23,459.0,80.0
20484,144.9,6.90,22.59,0.1558,6.42,459.0,80.0
20491,142.9,7.00,22.59,0.1581,6.33,459.0,80.0
20497,147.1,6.80,22.59,0.1536,6.51,459.0,80.0
20504,140.8,7.10,22.59,0.1604,6.23,459.0,80.0
20511,144.9,6.90,22.59,0.1559,6.41,459.0,80.0
20518,142.9,7.00,22.59,0.1582,6.32,459.0,80.0
20525,142.9,7.00,22.60,0.1582,6.32,459.0,80.0
20532,144.9,6.90,22.60,0.1559,6.41,459.0,80.0
20539,142.9,7.00,22.60,0.1582,6.32,459.0,80.0
20546,144.9,6.90,22.60,0.1560,6.41,459.0,80.0
20553,142.9,7.00,22.60,0.1582,6.32,459.0,80.0
20560,144.9,6.90,22.61,0.1560,6.41,459.0,80.0
20567,144.9,6.90,22.61,0.1560,6.41,459.0,80.0
20574,144.9,6.90,22.61,0.1560,6.41,459.0,80.0
20581,142.9,7.00,22.61,0.1583,6.32,459.0,80.0
20588,144.9,6.90,22.61,0.1560,6.41,459.0,80.0
20595,144.9,6.90,22.61,0.1560,6.41,459.0,80.0
20602,142.9,7.00,22.62,0.1583,6.32,459.0,80.0
20609,142.9,7.00,22.62,0.1583,6.32,459.0,80.0
20616,142.9,7.00,22.62,0.1583,6.32,459.0,80.0
20622,147.1,6.80,22.62,0.1538,6.50,459.0,80.0
20629,142.9,7.00,22.62,0.1584,6.32,459.0,80.0
20636,142.9,7.00,22.63,0.1584,6.32,459.0,80.0
20643,144.9,6.90,22.63,0.1561,6.40,459.0,80.0
20650,142.9,7.00,22.63,0.1584,6.31,459.0,80.0
20657,144.9,6.90,22.63,0.1562,6.40,459.0,80.0
20664,144.9,6.90,22.63,0.1562,6.40,459.0,80.0
20671,144.9,6.90,22.63,0.1562,6.40,459.0,80.0
20678,140.8,7.10,22.64,0.1607,6.22,459.0,80.0
20685,144.9,6.90,22.64,0.1562,6.40,459.0,80.0
20692,144.9,6.90,22.64,0.1562,6.40,459.0,80.0
20699,142.9,7.00,22.64,0.1585,6.31,459.0,80.0
20706,147.1,6.80,22.64,0.1540,6.50,459.0,80.0
20713,142.9,7.00,22.65,0.1585,6.31,459.0,80.0
20720,144.9,6.90,22.65,0.1563,6.40,459.0,80.0
20727,144.9,6.90,22.65,0.1563,6.40,459.0,80.0
20734,142.9,7.00,22.65,0.1586,6.31,459.0,80.0
20741,142.9,7.00,22.65,0.1586,6.31,459.0,80.0
20747,144.9,6.90,22.65,0.1563,6.40,459.0,80.0
20754,142.9,7.00,22.66,0.1586,6.31,459.0,80.0
20761,144.9,6.90,22.66,0.1563,6.40,459.0,80.0
20768,142.9,7.00,22.66,0.1586,6.31,459.0,80.0
20775,144.9,6.90,22.66,0.1564,6.39,459.0,80.0
20782,144.9,6.90,22.66,0.1564,6.39,459.0,80.0
20789,140.8,7.10,22.67,0.1609,6.21,459.0,80.0
20796,144.9,6.90,22.67,0.1564,6.39,459.0,80.0
20803,144.9,6.90,22.67,0.1564,6.39,459.0,80.0
20810,144.9,6.90,22.67,0.1564,6.39,459.0,80.0
20817,142.9,7.00,22.67,0.1587,6.30,459.0,80.0
20824,144.9,6.90,22.67,0.1565,6.39,459.0,80.0
20831,144.9,6.90,22.68,0.1565,6.39,459.0,80.0
20838,140.8,7.10,22.68,0.1610,6.21,459.0,80.0
20845,147.1,6.80,22.68,0.1542,6.49,459.0,80.0
20852,142.9,7.00,22.68,0.1588,6.30,459.0,80.0
20859,142.9,7.00,22.68,0.1588,6.30,459.0,80.0
20866,142.9,7.00,22.68,0.1587,6.30,459.0,80.0
20873,144.9,6.90,22.68,0.1565,6.39,459.0,80.0
20880,142.9,7.00,22.68,0.1587,6.30,459.0,80.0
20886,144.9,6.90,22.68,0.1565,6.39,459.0,80.0
20893,144.9,6.90,22.68,0.1565,6.39,459.0,80.0
20900,142.9,7.00,22.67,0.1587,6.30,459.0,80.0
20907,144.9,6.90,22.67,0.1564,6.39,459.0,80.0
20914,144.9,6.90,22.67,0.1564,6.39,459.0,80.0
20921,142.9,7.00,22.67,0.1587,6.30,459.0,80.0
20928,144.9,6.90,22.67,0.1564,6.39,459.0,80.0
20935,142.9,7.00,22.67,0.1587,6.30,459.0,80.0
20942,144.9,6.90,22.67,0.1564,6.39,459.0,80.0
20949,142.9,7.00,22.67,0.1587,6.30,459.0,80.0
20956,142.9,7.00,22.67,0.1587,6.30,459.0,80.0
20963,147.1,6.80,22.67,0.1541,6.49,459.0,80.0
20970,142.9,7.00,22.67,0.1587,6.30,459.0,80.0
20977,144.9,6.90,22.67,0.1564,6.39,459.0,80.0
20984,142.9,7.00,22.67,0.1587,6.30,459.0,80.0
20991,142.9,7.00,22.67,0.1587,6.30,459.0,80.0
20997,147.1,6.80,22.66,0.1541,6.49,459.0,80.0
21004,142.9,7.00,22.66,0.1586,6.31,459.0,80.0
21011,142.9,7.00,22.66,0.1586,6.31,459.0,80.0
21018,144.9,6.90,22.66,0.1564,6.39,459.0,80.0
21025,144.9,6.90,22.66,0.1564,6.39,459.0,80.0
21032,142.9,7.00,22.66,0.1586,6.31,459.0,80.0
21039,144.9,6.90,22.66,0.1564,6.39,459.0,80.0
21046,142.9,7.00,22.66,0.1586,6.31,459.0,80.0
21053,144.9,6.90,22.66,0.1563,6.39,459.0,80.0
21060,144.9,6.90,22.66,0.1563,6.39,459.0,80.0
21067,142.9,7.00,22.66,0.1586,6.31,459.0,80.0
21074,142.9,7.00,22.66,0.1586,6.31,459.0,80.0
21081,144.9,6.90,22.66,0.1563,6.40,459.0,80.0
21088,142.9,7.00,22.66,0.1586,6.31,459.0,80.0
21095,147.1,6.80,22.66,0.1541,6.49,459.0,80.0
21102,142.9,7.00,22.65,0.1586,6.31,459.0,80.0
21109,142.9,7.00,22.65,0.1586,6.31,459.0,80.0
21116,144.9,6.90,22.65,0.1563,6.40,459.0,80.0
21123,142.9,7.00,22.65,0.1586,6.31,459.0,80.0
21129,144.9,6.90,22.65,0.1563,6.40,459.0,80.0
21136,144.9,6.90,22.65,0.1563,6.40,459.0,80.0
21143,142.9,7.00,22.65,0.1586,6.31,459.0,80.0
21150,144.9,6.90,22.65,0.1563,6.40,459.0,80.0
21157,142.9,7.00,22.65,0.1585,6.31,459.0,80.0
21164,142.9,7.00,22.65,0.1585,6.31,459.0,80.0
21171,144.9,6.90,22.65,0.1563,6.40,459.0,80.0
21178,142.9,7.00,22.65,0.1585,6.31,459.0,80.0
21185,147.1,6.80,22.65,0.1540,6.50,459.0,80.0
21192,142.9,7.00,22.65,0.1585,6.31,459.0,80.0
21199,142.9,7.00,22.64,0.1585,6.31,459.0,80.0
21206,144.9,6.90,22.64,0.1562,6.40,459.0,80.0
21213,142.9,7.00,22.64,0.1585,6.31,459.0,80.0
21220,147.1,6.80,22.64,0.1540,6.50,459.0,80.0
21227,142.9,7.00,22.64,0.1585,6.31,459.0,80.0
21234,144.9,6.90,22.64,0.1562,6.40,459.0,80.0
21241,142.9,7.00,22.64,0.1585,6.31,459.0,80.0
21248,142.9,7.00,22.64,0.1585,6.31,459.0,80.0
21254,144.9,6.90,22.64,0.1562,6.40,459.0,80.0
21261,142.9,7.00,22.64,0.1585,6.31,459.0,80.0
21268,144.9,6.90,22.64,0.1562,6.40,459.0,80.0
21275,142.9,7.00,22.64,0.1585,6.31,459.0,80.0
21282,144.9,6.90,22.64,0.1562,6.40,459.0,80.0
21289,142.9,7.00,22.64,0.1584,6.31,459.0,80.0
21296,144.9,6.90,22.63,0.1562,6.40,459.0,80.0
21303,144.9,6.90,22.63,0.1562,6.40,459.0,80.0
21310,142.9,7.00,22.63,0.1584,6.31,459.0,80.0
21317,144.9,6.90,22.63,0.1562,6.40,459.0,80.0
21324,142.9,7.00,22.63,0.1584,6.31,459.0,80.0
21331,147.1,6.80,22.63,0.1539,6.50,459.0,80.0
21338,142.9,7.00,22.63,0.1584,6.31,459.0,80.0
21345,142.9,7.00,22.63,0.1584,6.31,459.0,80.0
21352,144.9,6.90,22.63,0.1561,6.40,459.0,80.0
21359,142.9,7.00,22.63,0.1584,6.31,459.0,80.0
21366,144.9,6.90,22.63,0.1561,6.40,459.0,80.0
21373,142.9,7.00,22.63,0.1584,6.32,459.0,80.0
21379,144.9,6.90,22.63,0.1561,6.40,459.0,80.0
21386,144.9,6.90,22.63,0.1561,6.40,459.0,80.0
21393,142.9,7.00,22.63,0.1584,6.32,459.0,80.0
21400,144.9,6.90,22.62,0.1561,6.40,459.0,80.0
21407,142.9,7.00,22.62,0.1584,6.32,459.0,80.0
21414,142.9,7.00,22.62,0.1584,6.32,459.0,80.0
21421,144.9,6.90,22.62,0.1561,6.41,459.0,80.0
21428,144.9,6.90,22.62,0.1561,6.41,459.0,80.0
21435,142.9,7.00,22.62,0.1583,6.32,459.0,80.0
21442,144.9,6.90,22.62,0.1561,6.41,459.0,80.0
21449,144.9,6.90,22.62,0.1561,6.41,459.0,80.0
21456,142.9,7.00,22.62,0.1583,6.32,459.0,80.0
21463,144.9,6.90,22.62,0.1561,6.41,459.0,80.0
21470,142.9,7.00,22.62,0.1583,6.32,459.0,80.0
21477,147.1,6.80,22.62,0.1538,6.50,459.0,80.0
21484,142.9,7.00,22.62,0.1583,6.32,459.0,80.0
21490,144.9,6.90,22.62,0.1560,6.41,459.0,80.0
21497,142.9,7.00,22.61,0.1583,6.32,459.0,80.0
21504,144.9,6.90,22.61,0.1560,6.41,459.0,80.0
21511,144.9,6.90,22.61,0.1560,6.41,459.0,80.0
21518,142.9,7.00,22.61,0.1583,6.32,459.0,80.0
21525,142.9,7.00,22.61,0.1583,6.32,459.0,80.0
21532,144.9,6.90,22.61,0.1560,6.41,459.0,80.0
21539,142.9,7.00,22.61,0.1583,6.32,459.0,80.0
21546,147.1,6.80,22.61,0.1537,6.51,459.0,80.0
21553,142.9,7.00,22.61,0.1583,6.32,459.0,80.0
21560,142.9,7.00,22.61,0.1583,6.32,459.0,80.0
21567,142.9,7.00,22.61,0.1583,6.32,459.0,80.0
21574,144.9,6.90,22.61,0.1560,6.41,459.0,80.0
21581,144.9,6.90,22.61,0.1560,6.41,459.0,80.0
21588,144.9,6.90,22.61,0.1560,6.41,459.0,80.0
21595,142.9,7.00,22.61,0.1582,6.32,459.0,80.0
21602,144.9,6.90,22.60,0.1560,6.41,459.0,80.0
21609,142.9,7.00,22.60,0.1582,6.32,459.0,80.0
21615,144.9,6.90,22.60,0.1560,6.41,459.0,80.0
21622,142.9,7.00,22.60,0.1582,6.32,459.0,80.0
21629,144.9,6.90,22.60,0.1560,6.41,459.0,80.0
21636,142.9,7.00,22.60,0.1582,6.32,459.0,80.0
21643,144.9,6.90,22.60,0.1559,6.41,459.0,80.0
21650,142.9,7.00,22.60,0.1582,6.32,459.0,80.0
21657,144.9,6.90,22.60,0.1559,6.41,459.0,80.0
21664,142.9,7.00,22.60,0.1582,6.32,459.0,80.0
21671,144.9,6.90,22.60,0.1559,6.41,459.0,80.0
21678,144.9,6.90,22.60,0.1559,6.41,459.0,80.0
21685,142.9,7.00,22.60,0.1582,6.32,459.0,80.0
21692,144.9,6.90,22.60,0.1559,6.41,459.0,80.0
21699,142.9,7.00,22.59,0.1582,6.32,459.0,80.0
21706,142.9,7.00,22.59,0.1582,6.32,459.0,80.0
21713,144.9,6.90,22.59,0.1559,6.41,459.0,80.0
21720,144.9,6.90,22.59,0.1559,6.41,459.0,80.0
21727,142.9,7.00,22.59,0.1581,6.33,459.0,80.0
21733,147.1,6.80,22.59,0.1536,6.51,459.0,80.0
21740,142.9,7.00,22.59,0.1581,6.33,459.0,80.0
21747,142.9,7.00,22.59,0.1581,6.33,459.0,80.0
21754,142.9,7.00,22.59,0.1581,6.33,459.0,80.0
21761,144.9,6.90,22.59,0.1559,6.41,459.0,80.0
21768,142.9,7.00,22.59,0.1581,6.33,459.0,80.0
21775,144.9,6.90,22.59,0.1559,6.42,459.0,80.0
21782,144.9,6.90,22.59,0.1558,6.42,459.0,80.0
21789,142.9,7.00,22.59,0.1581,6.33,459.0,80.0
21796,142.9,7.00,22.58,0.1581,6.33,459.0,80.0
21803,144.9,6.90,22.58,0.1558,6.42,459.0,80.0
21810,142.9,7.00,22.58,0.1581,6.33,459.0,80.0
21817,144.9,6.90,22.58,0.1558,6.42,459.0,80.0
21824,142.9,7.00,22.58,0.1581,6.33,459.0,80.0
21831,144.9,6.90,22.58,0.1558,6.42,459.0,80.0
21838,144.9,6.90,22.58,0.1558,6.42,459.0,80.0
21845,142.9,7.00,22.58,0.1581,6.33,459.0,80.0
21852,144.9,6.90,22.58,0.1558,6.42,459.0,80.0
21859,142.9,7.00,22.58,0.1580,6.33,459.0,80.0
21866,142.9,7.00,22.58,0.1580,6.33,459.0,80.0
21873,144.9,6.90,22.58,0.1558,6.42,459.0,80.0
21879,144.9,6.90,22.58,0.1558,6.42,459.0,80.0
21886,142.9,7.00,22.58,0.1580,6.33,459.0,80.0
21893,144.9,6.90,22.57,0.1558,6.42,459.0,80.0
21900,144.9,6.90,22.57,0.1558,6.42,459.0,80.0
21907,142.9,7.00,22.57,0.1580,6.33,459.0,80.0
21914,144.9,6.90,22.57,0.1557,6.42,459.0,80.0
21921,144.9,6.90,22.57,0.1557,6.42,459.0,80.0
21928,142.9,7.00,22.57,0.1580,6.33,459.0,80.0
21935,144.9,6.90,22.57,0.1557,6.42,459.0,80.0
21942,142.9,7.00,22.57,0.1580,6.33,459.0,80.0
21949,144.9,6.90,22.57,0.1557,6.42,459.0,80.0
21956,142.9,7.00,22.57,0.1580,6.33,459.0,80.0
21963,147.1,6.80,22.57,0.1534,6.52,459.0,80.0
21970,140.8,7.10,22.57,0.1602,6.24,459.0,80.0
21977,144.9,6.90,22.56,0.1557,6.42,459.0,80.0
21984,142.9,7.00,22.56,0.1579,6.33,459.0,80.0
21991,144.9,6.90,22.56,0.1557,6.42,459.0,80.0
21998,142.9,7.00,22.56,0.1579,6.33,459.0,80.0
22004,144.9,6.90,22.56,0.1557,6.42,459.0,80.0
22011,142.9,7.00,22.56,0.1579,6.33,459.0,80.0
22018,144.9,6.90,22.56,0.1557,6.42,459.0,80.0
22025,142.9,7.00,22.56,0.1579,6.33,459.0,80.0
22032,144.9,6.90,22.56,0.1556,6.42,459.0,80.0
22039,144.9,6.90,22.56,0.1556,6.42,459.0,80.0
22046,142.9,7.00,22.56,0.1579,6.34,459.0,80.0
22053,144.9,6.90,22.56,0.1556,6.42,459.0,80.0
22060,144.9,6.90,22.55,0.1556,6.42,459.0,80.0
22067,142.9,7.00,22.55,0.1579,6.34,459.0,80.0
22074,144.9,6.90,22.55,0.1556,6.42,459.0,80.0
22081,142.9,7.00,22.55,0.1579,6.34,459.0,80.0
22088,144.9,6.90,22.55,0.1556,6.43,459.0,80.0
22095,142.9,7.00,22.55,0.1579,6.34,459.0,80.0
22102,144.9,6.90,22.55,0.1556,6.43,459.0,80.0
22109,142.9,7.00,22.55,0.1578,6.34,459.0,80.0
22116,144.9,6.90,22.55,0.1556,6.43,459.0,80.0
22123,142.9,7.00,22.55,0.1578,6.34,459.0,80.0
22129,144.9,6.90,22.55,0.1556,6.43,459.0,80.0
22136,144.9,6.90,22.55,0.1556,6.43,459.0,80.0
22143,142.9,7.00,22.54,0.1578,6.34,459.0,80.0
22150,147.1,6.80,22.54,0.1533,6.53,459.0,80.0
22157,144.9,6.90,22.54,0.1555,6.43,459.0,80.0
22164,142.9,7.00,22.54,0.1578,6.34,459.0,80.0
22171,144.9,6.90,22.54,0.1555,6.43,459.0,80.0
22178,142.9,7.00,22.54,0.1578,6.34,459.0,80.0
22185,142.9,7.00,22.54,0.1578,6.34,459.0,80.0
22192,144.9,6.90,22.54,0.1555,6.43,459.0,80.0
22199,142.9,7.00,22.54,0.1578,6.34,459.0,80.0
22206,144.9,6.90,22.54,0.1555,6.43,459.0,80.0
22213,142.9,7.00,22.54,0.1578,6.34,459.0,80.0
22220,142.9,7.00,22.54,0.1577,6.34,459.0,80.0
22227,147.1,6.80,22.53,0.1532,6.53,459.0,80.0
22234,142.9,7.00,22.53,0.1577,6.34,459.0,80.0
22241,142.9,7.00,22.53,0.1577,6.34,459.0,80.0
22247,144.9,6.90,22.53,0.1555,6.43,459.0,80.0
22254,142.9,7.00,22.53,0.1577,6.34,459.0,80.0
22261,144.9,6.90,22.53,0.1555,6.43,459.0,80.0
22268,142.9,7.00,22.53,0.1577,6.34,459.0,80.0
22275,144.9,6.90,22.53,0.1554,6.43,459.0,80.0
22282,142.9,7.00,22.53,0.1577,6.34,459.0,80.0
22289,144.9,6.90,22.53,0.1554,6.43,459.0,80.0
22296,142.9,7.00,22.53,0.1577,6.34,459.0,80.0
22303,144.9,6.90,22.53,0.1554,6.43,459.0,80.0
22310,144.9,6.90,22.52,0.1554,6.43,459.0,80.0
22317,142.9,7.00,22.52,0.1577,6.34,459.0,80.0
22324,144.9,6.90,22.52,0.1554,6.43,459.0,80.0
22331,142.9,7.00,22.52,0.1577,6.34,459.0,80.0
22338,144.9,6.90,22.52,0.1554,6.43,459.0,80.0
22345,142.9,7.00,22.52,0.1576,6.35,459.0,80.0
22352,144.9,6.90,22.52,0.1554,6.43,459.0,80.0
22359,142.9,7.00,22.52,0.1576,6.35,459.0,80.0
22366,144.9,6.90,22.52,0.1554,6.43,459.0,80.0
22372,144.9,6.90,22.52,0.1554,6.44,459.0,80.0
22379,144.9,6.90,22.52,0.1554,6.44,459.0,80.0
22386,140.8,7.10,22.52,0.1599,6.25,459.0,80.0
22393,144.9,6.90,22.51,0.1553,6.44,459.0,80.0
22400,142.9,7.00,22.51,0.1576,6.35,459.0,80.0
22407,144.9,6.90,22.51,0.1553,6.44,459.0,80.0
22414,144.9,6.90,22.51,0.1553,6.44,459.0,80.0
22421,142.9,7.00,22.51,0.1576,6.35,459.0,80.0
22428,144.9,6.90,22.51,0.1553,6.44,459.0,80.0
22435,142.9,7.00,22.51,0.1576,6.35,459.0,80.0
22442,142.9,7.00,22.51,0.1576,6.35,459.0,80.0
22449,147.1,6.80,22.51,0.1531,6.54,459.0,80.0
22456,142.9,7.00,22.51,0.1575,6.35,459.0,80.0
22463,142.9,7.00,22.51,0.1575,6.35,459.0,80.0
22470,144.9,6.90,22.51,0.1553,6.44,459.0,80.0
22477,144.9,6.90,22.50,0.1553,6.44,459.0,80.0
22483,147.1,6.80,22.50,0.1530,6.54,459.0,80.0
22490,142.9,7.00,22.50,0.1575,6.35,459.0,80.0
22497,142.9,7.00,22.50,0.1575,6.35,459.0,80.0
22504,144.9,6.90,22.50,0.1553,6.44,459.0,80.0
22511,142.9,7.00,22.50,0.1575,6.35,459.0,80.0
22518,144.9,6.90,22.50,0.1552,6.44,459.0,80.0
22525,144.9,6.90,22.50,0.1552,6.44,459.0,80.0
22532,142.9,7.00,22.50,0.1575,6.35,459.0,80.0
22539,142.9,7.00,22.50,0.1575,6.35,459.0,80.0
22546,144.9,6.90,22.50,0.1552,6.44,459.0,80.0
22553,144.9,6.90,22.50,0.1552,6.44,459.0,80.0
22560,142.9,7.00,22.49,0.1575,6.35,459.0,80.0
22567,144.9,6.90,22.49,0.1552,6.44,459.0,80.0
22574,142.9,7.00,22.49,0.1574,6.35,459.0,80.0
22581,142.9,7.00,22.49,0.1574,6.35,459.0,80.0
22588,144.9,6.90,22.49,0.1552,6.44,459.0,80.0
22595,142.9,7.00,22.49,0.1574,6.35,459.0,80.0
22602,142.9,7.00,22.49,0.1574,6.35,459.0,80.0
22609,144.9,6.90,22.49,0.1552,6.44,459.0,80.0
22615,147.1,6.80,22.49,0.1529,6.54,459.0,80.0
22623,140.8,7.10,22.49,0.1597,6.26,459.0,80.0
22629,144.9,6.90,22.49,0.1552,6.44,459.0,80.0
22636,142.9,7.00,22.49,0.1574,6.36,459.0,80.0
22643,144.9,6.90,22.48,0.1551,6.44,459.0,80.0
22650,144.9,6.90,22.48,0.1551,6.44,459.0,80.0
22657,142.9,7.00,22.48,0.1574,6.36,459.0,80.0
22664,142.9,7.00,22.48,0.1574,6.36,459.0,80.0
22671,147.1,6.80,22.48,0.1529,6.54,459.0,80.0
22678,142.9,7.00,22.48,0.1574,6.36,459.0,80.0
22685,142.9,7.00,22.48,0.1574,6.36,459.0,80.0
22692,144.9,6.90,22.48,0.1551,6.45,459.0,80.0
22699,144.9,6.90,22.48,0.1551,6.45,459.0,80.0
22706,142.9,7.00,22.48,0.1573,6.36,459.0,80.0
22713,144.9,6.90,22.48,0.1551,6.45,459.0,80.0
22720,144.9,6.90,22.48,0.1551,6.45,459.0,80.0
22727,144.9,6.90,22.47,0.1551,6.45,459.0,80.0
22733,144.9,6.90,22.47,0.1551,6.45,459.0,80.0
22741,140.8,7.10,22.47,0.1596,6.27,459.0,80.0
22747,144.9,6.90,22.47,0.1551,6.45,459.0,80.0
22754,144.9,6.90,22.47,0.1551,6.45,459.0,80.0
22761,142.9,7.00,22.47,0.1573,6.36,459.0,80.0
22768,144.9,6.90,22.47,0.1550,6.45,459.0,80.0
22775,144.9,6.90,22.47,0.1550,6.45,459.0,80.0
22782,142.9,7.00,22.47,0.1573,6.36,459.0,80.0
22789,144.9,6.90,22.47,0.1550,6.45,459.0,80.0
22796,140.8,7.10,22.47,0.1595,6.27,459.0,80.0
22803,144.9,6.90,22.47,0.1550,6.45,459.0,80.0
22810,142.9,7.00,22.46,0.1573,6.36,459.0,80.0
22817,144.9,6.90,22.46,0.1550,6.45,459.0,80.0
22824,144.9,6.90,22.46,0.1550,6.45,459.0,80.0
22831,142.9,7.00,22.46,0.1572,6.36,459.0,80.0
22838,144.9,6.90,22.46,0.1550,6.45,459.0,80.0
22845,142.9,7.00,22.46,0.1572,6.36,459.0,80.0
22852,144.9,6.90,22.46,0.1550,6.45,459.0,80.0
22859,142.9,7.00,22.46,0.1572,6.36,459.0,80.0
22866,144.9,6.90,22.46,0.1550,6.45,459.0,80.0
22873,142.9,7.00,22.46,0.1572,6.36,459.0,80.0
22879,144.9,6.90,22.46,0.1549,6.45,459.0,80.0
22886,147.1,6.80,22.46,0.1527,6.55,459.0,80.0
22893,140.8,7.10,22.45,0.1594,6.27,459.0,80.0
22900,144.9,6.90,22.45,0.1549,6.45,459.0,80.0
22907,142.9,7.00,22.45,0.1572,6.36,459.0,80.0
22914,144.9,6.90,22.45,0.1549,6.45,459.0,80.0
22921,144.9,6.90,22.45,0.1549,6.45,459.0,80.0
22928,142.9,7.00,22.45,0.1572,6.37,459.0,80.0
22935,144.9,6.90,22.45,0.1549,6.45,459.0,80.0
22942,142.9,7.00,22.45,0.1571,6.37,459.0,80.0
22949,144.9,6.90,22.45,0.1549,6.46,459.0,80.0
22956,144.9,6.90,22.45,0.1549,6.46,459.0,80.0
22963,142.9,7.00,22.45,0.1571,6.37,459.0,80.0
22970,142.9,7.00,22.45,0.1571,6.37,459.0,80.0
22977,144.9,6.90,22.44,0.1549,6.46,459.0,80.0
22984,142.9,7.00,22.44,0.1571,6.37,459.0,80.0
22991,144.9,6.90,22.44,0.1549,6.46,459.0,80.0
22997,144.9,6.90,22.44,0.1548,6.46,459.0,80.0
23004,142.9,7.00,22.44,0.1571,6.37,459.0,80.0
23011,144.9,6.90,22.44,0.1548,6.46,459.0,80.0
23018,142.9,7.00,22.44,0.1571,6.37,459.0,80.0
23025,144.9,6.90,22.44,0.1548,6.46,459.0,80.0
23032,144.9,6.90,22.44,0.1548,6.46,459.0,80.0
23039,142.9,7.00,22.44,0.1571,6.37,459.0,80.0
23046,142.9,7.00,22.44,0.1571,6.37,459.0,80.0
23053,144.9,6.90,22.44,0.1548,6.46,459.0,80.0
23060,142.9,7.00,22.43,0.1570,6.37,459.0,80.0
23067,144.9,6.90,22.43,0.1548,6.46,459.0,80.0
23074,144.9,6.90,22.43,0.1548,6.46,459.0,80.0
23081,142.9,7.00,22.43,0.1570,6.37,459.0,80.0
23088,144.9,6.90,22.43,0.1548,6.46,459.0,80.0
23095,144.9,6.90,22.43,0.1548,6.46,459.0,80.0
23102,142.9,7.00,22.43,0.1570,6.37,459.0,80.0
23109,142.9,7.00,22.43,0.1570,6.37,459.0,80.0
23116,144.9,6.90,22.43,0.1548,6.46,459.0,80.0
23122,144.9,6.90,22.43,0.1547,6.46,459.0,80.0
23129,142.9,7.00,22.43,0.1570,6.37,459.0,80.0
23136,142.9,7.00,22.43,0.1570,6.37,459.0,80.0
23143,144.9,6.90,22.42,0.1547,6.46,459.0,80.0
23150,142.9,7.00,22.42,0.1570,6.37,459.0,80.0
23157,147.1,6.80,22.42,0.1525,6.56,459.0,80.0
23164,142.9,7.00,22.42,0.1570,6.37,459.0,80.0
23171,142.9,7.00,22.42,0.1569,6.37,459.0,80.0
23178,144.9,6.90,22.42,0.1547,6.46,459.0,80.0
23185,144.9,6.90,22.42,0.1547,6.46,459.0,80.0
23192,144.9,6.90,22.42,0.1547,6.46,459.0,80.0
23199,142.9,7.00,22.42,0.1569,6.37,459.0,80.0
23206,142.9,7.00,22.42,0.1569,6.37,459.0,80.0
23213,144.9,6.90,22.42,0.1547,6.46,459.0,80.0
23220,142.9,7.00,22.42,0.1569,6.38,459.0,80.0
23227,144.9,6.90,22.41,0.1547,6.46,459.0,80.0
23234,144.9,6.90,22.41,0.1547,6.46,459.0,80.0
23241,142.9,7.00,22.41,0.1569,6.38,459.0,80.0
23247,144.9,6.90,22.41,0.1546,6.47,459.0,80.0
23254,144.9,6.90,22.41,0.1546,6.47,459.0,80.0
23261,140.8,7.10,22.41,0.1591,6.28,459.0,80.0
23268,144.9,6.90,22.41,0.1546,6.47,459.0,80.0
23275,144.9,6.90,22.41,0.1546,6.47,459.0,80.0
23282,144.9,6.90,22.41,0.1546,6.47,459.0,80.0
23289,142.9,7.00,22.41,0.1568,6.38,459.0,80.0
23296,142.9,7.00,22.41,0.1568,6.38,459.0,80.0
23303,144.9,6.90,22.41,0.1546,6.47,459.0,80.0
23310,142.9,7.00,22.40,0.1568,6.38,459.0,80.0
23317,144.9,6.90,22.40,0.1546,6.47,459.0,80.0
23324,144.9,6.90,22.40,0.1546,6.47,459.0,80.0
23331,142.9,7.00,22.40,0.1568,6.38,459.0,80.0
23338,144.9,6.90,22.40,0.1546,6.47,459.0,80.0
23345,144.9,6.90,22.40,0.1546,6.47,459.0,80.0
23352,142.9,7.00,22.40,0.1568,6.38,459.0,80.0
23359,144.9,6.90,22.40,0.1545,6.47,459.0,80.0
23366,142.9,7.00,22.40,0.1568,6.38,459.0,80.0
23372,144.9,6.90,22.40,0.1545,6.47,459.0,80.0
23379,144.9,6.90,22.40,0.1545,6.47,459.0,80.0
23386,142.9,7.00,22.40,0.1568,6.38,459.0,80.0
23393,144.9,6.90,22.39,0.1545,6.47,459.0,80.0
23400,142.9,7.00,22.39,0.1568,6.38,459.0,80.0
23407,144.9,6.90,22.39,0.1545,6.47,459.0,80.0
23414,144.9,6.90,22.39,0.1545,6.47,459.0,80.0
23421,140.8,7.10,22.39,0.1590,6.29,459.0,80.0
23428,144.9,6.90,22.39,0.1545,6.47,459.0,80.0
23435,144.9,6.90,22.39,0.1545,6.47,459.0,80.0
23442,142.9,7.00,22.39,0.1567,6.38,459.0,80.0
23449,144.9,6.90,22.39,0.1545,6.47,459.0,80.0
23456,144.9,6.90,22.39,0.1545,6.47,459.0,80.0
23463,142.9,7.00,22.39,0.1567,6.38,459.0,80.0
23470,144.9,6.90,22.39,0.1545,6.47,459.0,80.0
23477,142.9,7.00,22.38,0.1567,6.38,459.0,80.0
23484,144.9,6.90,22.38,0.1544,6.47,459.0,80.0
23490,147.1,6.80,22.38,0.1522,6.57,459.0,80.0
23497,142.9,7.00,22.38,0.1567,6.38,459.0,80.0
23504,142.9,7.00,22.38,0.1567,6.38,459.0,80.0
23511,144.9,6.90,22.38,0.1544,6.47,459.0,80.0
23518,144.9,6.90,22.38,0.1544,6.47,459.0,80.0
23525,144.9,6.90,22.38,0.1544,6.47,459.0,80.0
23532,140.8,7.10,22.38,0.1589,6.29,459.0,80.0
23539,144.9,6.90,22.38,0.1544,6.48,459.0,80.0
23546,144.9,6.90,22.38,0.1544,6.48,459.0,80.0
23553,142.9,7.00,22.38,0.1566,6.39,459.0,80.0
23560,144.9,6.90,22.37,0.1544,6.48,459.0,80.0
23567,142.9,7.00,22.37,0.1566,6.39,459.0,80.0
23574,144.9,6.90,22.37,0.1544,6.48,459.0,80.0
23581,142.9,7.00,22.37,0.1566,6.39,459.0,80.0
23588,144.9,6.90,22.37,0.1544,6.48,459.0,80.0
23595,144.9,6.90,22.37,0.1544,6.48,459.0,80.0
23602,142.9,7.00,22.37,0.1566,6.39,459.0,80.0
23609,142.9,7.00,22.37,0.1566,6.39,459.0,80.0
23615,147.1,6.80,22.37,0.1521,6.58,459.0,80.0
23622,142.9,7.00,22.37,0.1566,6.39,459.0,80.0
23629,142.9,7.00,22.37,0.1566,6.39,459.0,80.0
23636,144.9,6.90,22.37,0.1543,6.48,459.0,80.0
23643,140.8,7.10,22.36,0.1588,6.30,459.0,80.0
23650,144.9,6.90,22.36,0.1543,6.48,459.0,80.0
23657,144.9,6.90,22.36,0.1543,6.48,459.0,80.0
23664,142.9,7.00,22.36,0.1565,6.39,459.0,80.0
23671,144.9,6.90,22.36,0.1543,6.48,459.0,80.0
23678,142.9,7.00,22.36,0.1565,6.39,459.0,80.0
23685,144.9,6.90,22.36,0.1543,6.48,459.0,80.0
23692,142.9,7.00,22.36,0.1565,6.39,459.0,80.0
23699,144.9,6.90,22.36,0.1543,6.48,459.0,80.0
23706,144.9,6.90,22.36,0.1543,6.48,459.0,80.0
23713,142.9,7.00,22.36,0.1565,6.39,459.0,80.0
23720,144.9,6.90,22.36,0.1543,6.48,459.0,80.0
23727,144.9,6.90,22.35,0.1542,6.48,459.0,80.0
23733,144.9,6.90,22.35,0.1542,6.48,459.0,80.0
23740,142.9,7.00,22.35,0.1565,6.39,459.0,80.0
23747,142.9,7.00,22.35,0.1565,6.39,459.0,80.0
23754,142.9,7.00,22.35,0.1565,6.39,459.0,80.0
23761,144.9,6.90,22.35,0.1542,6.48,459.0,80.0
23768,144.9,6.90,22.35,0.1542,6.48,459.0,80.0
23775,144.9,6.90,22.35,0.1542,6.48,459.0,80.0
23782,142.9,7.00,22.35,0.1564,6.39,459.0,80.0
23789,142.9,7.00,22.35,0.1564,6.39,459.0,80.0
23796,144.9,6.90,22.35,0.1542,6.48,459.0,80.0
23803,142.9,7.00,22.35,0.1564,6.40,459.0,80.0
23810,142.9,7.00,22.34,0.1564,6.40,459.0,80.0
23817,147.1,6.80,22.34,0.1519,6.58,459.0,80.0
23824,142.9,7.00,22.34,0.1564,6.40,459.0,80.0
23831,142.9,7.00,22.34,0.1564,6.40,459.0,80.0
23838,147.1,6.80,22.34,0.1519,6.58,459.0,80.0
23845,140.8,7.10,22.34,0.1586,6.30,459.0,80.0
23852,147.1,6.80,22.34,0.1519,6.58,459.0,80.0
23859,142.9,7.00,22.34,0.1564,6.40,459.0,80.0
23866,142.9,7.00,22.34,0.1564,6.40,459.0,80.0
23872,147.1,6.80,22.34,0.1519,6.58,459.0,80.0
23879,140.8,7.10,22.34,0.1586,6.30,459.0,80.0
23886,147.1,6.80,22.34,0.1519,6.58,459.0,80.0
23893,140.8,7.10,22.34,0.1586,6.30,459.0,80.0
23900,147.1,6.80,22.34,0.1519,6.58,459.0,80.0
23907,142.9,7.00,22.35,0.1564,6.40,459.0,80.0
23914,142.9,7.00,22.35,0.1564,6.39,459.0,80.0
23921,142.9,7.00,22.35,0.1564,6.39,459.0,80.0
23928,144.9,6.90,22.35,0.1542,6.48,459.0,80.0
23935,144.9,6.90,22.35,0.1542,6.48,459.0,80.0
23942,144.9,6.90,22.35,0.1542,6.48,459.0,80.0
23949,142.9,7.00,22.35,0.1564,6.39,459.0,80.0
23956,144.9,6.90,22.35,0.1542,6.48,459.0,80.0
23963,147.1,6.80,22.35,0.1520,6.58,459.0,80.0
23970,140.8,7.10,22.35,0.1587,6.30,459.0,80.0
23977,144.9,6.90,22.35,0.1542,6.48,459.0,80.0
23983,144.9,6.90,22.35,0.1542,6.48,459.0,80.0
23990,142.9,7.00,22.35,0.1565,6.39,459.0,80.0
23997,144.9,6.90,22.35,0.1542,6.48,459.0,80.0
24004,144.9,6.90,22.35,0.1542,6.48,459.0,80.0
24011,142.9,7.00,22.35,0.1565,6.39,459.0,80.0
24018,144.9,6.90,22.36,0.1543,6.48,459.0,80.0
24025,142.9,7.00,22.36,0.1565,6.39,459.0,80.0
24032,142.9,7.00,22.36,0.1565,6.39,459.0,80.0
24039,144.9,6.90,22.36,0.1543,6.48,459.0,80.0
24046,144.9,6.90,22.36,0.1543,6.48,459.0,80.0
24053,144.9,6.90,22.36,0.1543,6.48,459.0,80.0
24060,142.9,7.00,22.36,0.1565,6.39,459.0,80.0
24067,142.9,7.00,22.36,0.1565,6.39,459.0,80.0
24074,144.9,6.90,22.36,0.1543,6.48,459.0,80.0
24081,142.9,7.00,22.36,0.1565,6.39,459.0,80.0
24088,147.1,6.80,22.36,0.1521,6.58,459.0,80.0
24095,140.8,7.10,22.36,0.1588,6.30,459.0,80.0
24102,144.9,6.90,22.36,0.1543,6.48,459.0,80.0
24109,142.9,7.00,22.36,0.1565,6.39,459.0,80.0
24115,147.1,6.80,22.36,0.1521,6.58,459.0,80.0
24122,144.9,6.90,22.36,0.1543,6.48,459.0,80.0
24129,142.9,7.00,22.37,0.1566,6.39,459.0,80.0
24136,142.9,7.00,22.37,0.1566,6.39,459.0,80.0
24143,144.9,6.90,22.37,0.1543,6.48,459.0,80.0
24150,142.9,7.00,22.37,0.1566,6.39,459.0,80.0
24157,144.9,6.90,22.37,0.1543,6.48,459.0,80.0
24164,142.9,7.00,22.37,0.1566,6.39,459.0,80.0
24171,144.9,6.90,22.37,0.1543,6.48,459.0,80.0
24178,142.9,7.00,22.37,0.1566,6.39,459.0,80.0
24185,147.1,6.80,22.37,0.1521,6.58,459.0,80.0
24192,140.8,7.10,22.37,0.1588,6.29,459.0,80.0
24199,144.9,6.90,22.37,0.1544,6.48,459.0,80.0
24206,144.9,6.90,22.37,0.1544,6.48,459.0,80.0
24213,142.9,7.00,22.37,0.1566,6.39,459.0,80.0
24220,144.9,6.90,22.37,0.1544,6.48,459.0,80.0
24227,140.8,7.10,22.37,0.1589,6.29,459.0,80.0
24234,144.9,6.90,22.37,0.1544,6.48,459.0,80.0
24240,144.9,6.90,22.38,0.1544,6.48,459.0,80.0
24247,144.9,6.90,22.38,0.1544,6.48,459.0,80.0
24254,142.9,7.00,22.38,0.1566,6.39,459.0,80.0
24261,140.8,7.10,22.38,0.1589,6.29,459.0,80.0
24268,144.9,6.90,22.38,0.1544,6.48,459.0,80.0
24275,144.9,6.90,22.38,0.1544,6.47,459.0,80.0
24282,144.9,6.90,22.38,0.1544,6.47,459.0,80.0
24289,142.9,7.00,22.38,0.1567,6.39,459.0,80.0
24296,144.9,6.90,22.38,0.1544,6.47,459.0,80.0
24303,142.9,7.00,22.38,0.1567,6.38,459.0,80.0
24310,144.9,6.90,22.38,0.1544,6.47,459.0,80.0
24317,142.9,7.00,22.38,0.1567,6.38,459.0,80.0
24324,147.1,6.80,22.38,0.1522,6.57,459.0,80.0
24331,142.9,7.00,22.38,0.1567,6.38,459.0,80.0
24338,144.9,6.90,22.38,0.1545,6.47,459.0,80.0
24345,144.9,6.90,22.38,0.1545,6.47,459.0,80.0
24352,142.9,7.00,22.39,0.1567,6.38,459.0,80.0
24359,142.9,7.00,22.39,0.1567,6.38,459.0,80.0
24365,147.1,6.80,22.39,0.1522,6.57,459.0,80.0
24372,142.9,7.00,22.39,0.1567,6.38,459.0,80.0
24379,142.9,7.00,22.39,0.1567,6.38,459.0,80.0
24386,144.9,6.90,22.39,0.1545,6.47,459.0,80.0
24393,140.8,7.10,22.39,0.1590,6.29,459.0,80.0
24400,147.1,6.80,22.39,0.1523,6.57,459.0,80.0
24407,140.8,7.10,22.39,0.1590,6.29,459.0,80.0
24414,147.1,6.80,22.39,0.1523,6.57,459.0,80.0
24421,142.9,7.00,22.39,0.1567,6.38,459.0,80.0
24428,144.9,6.90,22.39,0.1545,6.47,459.0,80.0
24435,142.9,7.00,22.39,0.1568,6.38,459.0,80.0
24442,144.9,6.90,22.39,0.1545,6.47,459.0,80.0
24449,142.9,7.00,22.39,0.1568,6.38,459.0,80.0
24456,144.9,6.90,22.39,0.1545,6.47,459.0,80.0
24463,144.9,6.90,22.40,0.1545,6.47,459.0,80.0
24470,140.8,7.10,22.40,0.1590,6.29,459.0,80.0
24477,144.9,6.90,22.40,0.1545,6.47,459.0,80.0
24483,147.1,6.80,22.40,0.1523,6.57,459.0,80.0
24490,142.9,7.00,22.40,0.1568,6.38,459.0,80.0
24497,144.9,6.90,22.40,0.1546,6.47,459.0,80.0
24504,142.9,7.00,22.40,0.1568,6.38,459.0,80.0
24511,144.9,6.90,22.40,0.1546,6.47,459.0,80.0
24518,144.9,6.90,22.40,0.1546,6.47,459.0,80.0
24525,142.9,7.00,22.40,0.1568,6.38,459.0,80.0
24532,144.9,6.90,22.40,0.1546,6.47,459.0,80.0
24539,142.9,7.00,22.40,0.1568,6.38,459.0,80.0
24546,144.9,6.90,22.40,0.1546,6.47,459.0,80.0
24553,142.9,7.00,22.40,0.1568,6.38,459.0,80.0
24560,144.9,6.90,22.40,0.1546,6.47,459.0,80.0
24567,144.9,6.90,22.40,0.1546,6.47,459.0,80.0
24574,140.8,7.10,22.41,0.1591,6.28,459.0,80.0
24581,144.9,6.90,22.41,0.1546,6.47,459.0,80.0
24588,144.9,6.90,22.41,0.1546,6.47,459.0,80.0
24595,142.9,7.00,22.41,0.1569,6.38,459.0,80.0
24602,144.9,6.90,22.41,0.1546,6.47,459.0,80.0
24609,140.8,7.10,22.41,0.1591,6.28,459.0,80.0
24616,144.9,6.90,22.41,0.1546,6.47,459.0,80.0
24622,144.9,6.90,22.41,0.1546,6.47,459.0,80.0
24629,142.9,7.00,22.41,0.1569,6.38,459.0,80.0
24636,144.9,6.90,22.41,0.1546,6.47,459.0,80.0
24643,144.9,6.90,22.41,0.1546,6.47,459.0,80.0
24650,142.9,7.00,22.41,0.1569,6.38,459.0,80.0
24657,144.9,6.90,22.41,0.1546,6.47,459.0,80.0
24664,144.9,6.90,22.41,0.1547,6.46,459.0,80.0
24671,142.9,7.00,22.41,0.1569,6.38,459.0,80.0
24678,142.9,7.00,22.41,0.1569,6.38,459.0,80.0
24685,144.9,6.90,22.42,0.1547,6.46,459.0,80.0
24692,144.9,6.90,22.42,0.1547,6.46,459.0,80.0
24699,142.9,7.00,22.42,0.1569,6.37,459.0,80.0
24706,144.9,6.90,22.42,0.1547,6.46,459.0,80.0
24713,142.9,7.00,22.42,0.1569,6.37,459.0,80.0
24720,147.1,6.80,22.42,0.1524,6.56,459.0,80.0
24726,144.9,6.90,22.42,0.1547,6.46,459.0,80.0
24733,142.9,7.00,22.42,0.1569,6.37,459.0,80.0
24740,142.9,7.00,22.42,0.1569,6.37,459.0,80.0
24747,142.9,7.00,22.42,0.1569,6.37,459.0,80.0
24754,144.9,6.90,22.42,0.1547,6.46,459.0,80.0
24761,144.9,6.90,22.42,0.1547,6.46,459.0,80.0
24768,144.9,6.90,22.42,0.1547,6.46,459.0,80.0
24775,144.9,6.90,22.42,0.1547,6.46,459.0,80.0
24782,142.9,7.00,22.42,0.1570,6.37,459.0,80.0
24789,142.9,7.00,22.42,0.1570,6.37,459.0,80.0
24796,144.9,6.90,22.43,0.1547,6.46,459.0,80.0
24803,142.9,7.00,22.43,0.1570,6.37,459.0,80.0
24810,142.9,7.00,22.43,0.1570,6.37,459.0,80.0
24817,142.9,7.00,22.43,0.1570,6.37,459.0,80.0
24824,144.9,6.90,22.43,0.1548,6.46,459.0,80.0
24831,144.9,6.90,22.43,0.1548,6.46,459.0,80.0
24838,144.9,6.90,22.43,0.1548,6.46,459.0,80.0
24845,142.9,7.00,22.43,0.1570,6.37,459.0,80.0
24852,142.9,7.00,22.43,0.1570,6.37,459.0,80.0
24859,144.9,6.90,22.43,0.1548,6.46,459.0,80.0
24866,142.9,7.00,22.43,0.1570,6.37,459.0,80.0
24872,144.9,6.90,22.43,0.1547,6.46,459.0,80.0
24879,144.9,6.90,22.43,0.1547,6.46,459.0,80.0
24886,142.9,7.00,22.43,0.1570,6.37,459.0,80.0
24893,144.9,6.90,22.42,0.1547,6.46,459.0,80.0
24900,142.9,7.00,22.42,0.1570,6.37,459.0,80.0
24907,144.9,6.90,22.42,0.1547,6.46,459.0,80.0
24914,144.9,6.90,22.42,0.1547,6.46,459.0,80.0
24921,142.9,7.00,22.42,0.1569,6.37,459.0,80.0
24928,142.9,7.00,22.42,0.1569,6.37,459.0,80.0
24935,144.9,6.90,22.42,0.1547,6.46,459.0,80.0
24942,142.9,7.00,22.42,0.1569,6.37,459.0,80.0
24949,144.9,6.90,22.42,0.1547,6.46,459.0,80.0
24956,144.9,6.90,22.42,0.1547,6.46,459.0,80.0
24963,144.9,6.90,22.42,0.1547,6.46,459.0,80.0
24970,142.9,7.00,22.42,0.1569,6.38,459.0,80.0
24976,147.1,6.80,22.41,0.1524,6.56,459.0,80.0
24984,140.8,7.10,22.41,0.1591,6.28,459.0,80.0
24991,142.9,7.00,22.41,0.1569,6.38,459.0,80.0
24998,142.9,7.00,22.41,0.1569,6.38,459.0,80.0
25004,147.1,6.80,22.41,0.1524,6.56,459.0,80.0
25011,144.9,6.90,22.41,0.1546,6.47,459.0,80.0
25018,142.9,7.00,22.41,0.1569,6.38,459.0,80.0
25025,142.9,7.00,22.41,0.1569,6.38,459.0,80.0
25032,144.9,6.90,22.41,0.1546,6.47,459.0,80.0
25039,142.9,7.00,22.41,0.1568,6.38,459.0,80.0
25046,144.9,6.90,22.41,0.1546,6.47,459.0,80.0
25053,144.9,6.90,22.41,0.1546,6.47,459.0,80.0
25060,144.9,6.90,22.40,0.1546,6.47,459.0,80.0
25067,142.9,7.00,22.40,0.1568,6.38,459.0,80.0
25074,142.9,7.00,22.40,0.1568,6.38,459.0,80.0
25081,144.9,6.90,22.40,0.1546,6.47,459.0,80.0
25088,142.9,7.00,22.40,0.1568,6.38,459.0,80.0
25095,144.9,6.90,22.40,0.1546,6.47,459.0,80.0
25102,142.9,7.00,22.40,0.1568,6.38,459.0,80.0
25109,144.9,6.90,22.40,0.1545,6.47,459.0,80.0
25116,142.9,7.00,22.40,0.1568,6.38,459.0,80.0
25122,144.9,6.90,22.40,0.1545,6.47,459.0,80.0
25129,142.9,7.00,22.40,0.1568,6.38,459.0,80.0
25136,144.9,6.90,22.40,0.1545,6.47,459.0,80.0
25143,144.9,6.90,22.39,0.1545,6.47,459.0,80.0
25150,144.9,6.90,22.39,0.1545,6.47,459.0,80.0
25157,140.8,7.10,22.39,0.1590,6.29,459.0,80.0
25164,147.1,6.80,22.39,0.1523,6.57,459.0,80.0
25171,144.9,6.90,22.39,0.1545,6.47,459.0,80.0
25178,140.8,7.10,22.39,0.1590,6.29,459.0,80.0
25185,144.9,6.90,22.39,0.1545,6.47,459.0,80.0
25192,144.9,6.90,22.39,0.1545,6.47,459.0,80.0
25199,142.9,7.00,22.39,0.1567,6.38,459.0,80.0
25206,144.9,6.90,22.39,0.1545,6.47,459.0,80.0
25213,142.9,7.00,22.39,0.1567,6.38,459.0,80.0
25220,144.9,6.90,22.39,0.1545,6.47,459.0,80.0
25227,144.9,6.90,22.38,0.1545,6.47,459.0,80.0
25234,142.9,7.00,22.38,0.1567,6.38,459.0,80.0
25240,147.1,6.80,22.38,0.1522,6.57,459.0,80.0
25247,140.8,7.10,22.38,0.1589,6.29,459.0,80.0
25254,144.9,6.90,22.38,0.1544,6.47,459.0,80.0
25261,142.9,7.00,22.38,0.1567,6.39,459.0,80.0
25268,142.9,7.00,22.38,0.1567,6.39,459.0,80.0
25275,144.9,6.90,22.38,0.1544,6.47,459.0,80.0
25282,142.9,7.00,22.38,0.1566,6.39,459.0,80.0
25289,149.3,6.70,22.38,0.1499,6.67,459.0,80.0
25296,140.8,7.10,22.38,0.1589,6.29,459.0,80.0
25303,144.9,6.90,22.38,0.1544,6.48,459.0,80.0
25310,142.9,7.00,22.37,0.1566,6.39,459.0,80.0
25317,144.9,6.90,22.37,0.1544,6.48,459.0,80.0
25324,142.9,7.00,22.37,0.1566,6.39,459.0,80.0
25331,144.9,6.90,22.37,0.1544,6.48,459.0,80.0
25338,144.9,6.90,22.37,0.1544,6.48,459.0,80.0
25345,142.9,7.00,22.37,0.1566,6.39,459.0,80.0
25352,144.9,6.90,22.37,0.1543,6.48,459.0,80.0
25359,142.9,7.00,22.37,0.1566,6.39,459.0,80.0
25365,144.9,6.90,22.37,0.1543,6.48,459.0,80.0
25372,142.9,7.00,22.37,0.1566,6.39,459.0,80.0
25379,144.9,6.90,22.37,0.1543,6.48,459.0,80.0
25386,142.9,7.00,22.37,0.1566,6.39,459.0,80.0
25393,144.9,6.90,22.36,0.1543,6.48,459.0,80.0
25400,144.9,6.90,22.36,0.1543,6.48,459.0,80.0
25407,142.9,7.00,22.36,0.1565,6.39,459.0,80.0
25414,142.9,7.00,22.36,0.1565,6.39,459.0,80.0
25421,144.9,6.90,22.36,0.1543,6.48,459.0,80.0
25428,144.9,6.90,22.36,0.1543,6.48,459.0,80.0
25435,144.9,6.90,22.36,0.1543,6.48,459.0,80.0
25442,142.9,7.00,22.36,0.1565,6.39,459.0,80.0
25449,144.9,6.90,22.36,0.1543,6.48,459.0,80.0
25456,142.9,7.00,22.36,0.1565,6.39,459.0,80.0
25463,144.9,6.90,22.36,0.1543,6.48,459.0,80.0
25470,140.8,7.10,22.36,0.1587,6.30,459.0,80.0
25477,147.1,6.80,22.35,0.1520,6.58,459.0,80.0
25484,142.9,7.00,22.35,0.1565,6.39,459.0,80.0
25490,144.9,6.90,22.35,0.1542,6.48,459.0,80.0
25497,142.9,7.00,22.35,0.1565,6.39,459.0,80.0
25504,147.1,6.80,22.35,0.1520,6.58,459.0,80.0
25511,142.9,7.00,22.35,0.1565,6.39,459.0,80.0
25518,142.9,7.00,22.35,0.1564,6.39,459.0,80.0
25525,144.9,6.90,22.35,0.1542,6.48,459.0,80.0
25532,144.9,6.90,22.35,0.1542,6.48,459.0,80.0
25539,142.9,7.00,22.35,0.1564,6.39,459.0,80.0
25546,144.9,6.90,22.35,0.1542,6.48,459.0,80.0
25553,144.9,6.90,22.35,0.1542,6.48,459.0,80.0
25560,142.9,7.00,22.34,0.1564,6.40,459.0,80.0
25567,142.9,7.00,22.34,0.1564,6.40,459.0,80.0
25574,144.9,6.90,22.34,0.1542,6.49,459.0,80.0
25581,144.9,6.90,22.34,0.1542,6.49,459.0,80.0
25588,144.9,6.90,22.34,0.1542,6.49,459.0,80.0
25595,142.9,7.00,22.34,0.1564,6.40,459.0,80.0
25601,144.9,6.90,22.34,0.1541,6.49,459.0,80.0
25608,142.9,7.00,22.34,0.1564,6.40,459.0,80.0
25615,142.9,7.00,22.34,0.1564,6.40,459.0,80.0
25622,144.9,6.90,22.34,0.1541,6.49,459.0,80.0
25629,144.9,6.90,22.34,0.1541,6.49,459.0,80.0
25636,142.9,7.00,22.34,0.1563,6.40,459.0,80.0
25643,144.9,6.90,22.33,0.1541,6.49,459.0,80.0
25650,142.9,7.00,22.33,0.1563,6.40,459.0,80.0
25657,142.9,7.00,22.33,0.1563,6.40,459.0,80.0
25664,144.9,6.90,22.33,0.1541,6.49,459.0,80.0
25671,144.9,6.90,22.33,0.1541,6.49,459.0,80.0
25678,144.9,6.90,22.33,0.1541,6.49,459.0,80.0
25685,142.9,7.00,22.33,0.1563,6.40,459.0,80.0
25692,142.9,7.00,22.33,0.1563,6.40,459.0,80.0
25699,144.9,6.90,22.33,0.1541,6.49,459.0,80.0
25706,142.9,7.00,22.33,0.1563,6.40,459.0,80.0
25713,144.9,6.90,22.33,0.1540,6.49,459.0,80.0
25720,144.9,6.90,22.33,0.1540,6.49,459.0,80.0
25726,144.9,6.90,22.32,0.1540,6.49,459.0,80.0
25733,142.9,7.00,22.32,0.1563,6.40,459.0,80.0
25740,144.9,6.90,22.32,0.1540,6.49,459.0,80.0
25747,142.9,7.00,22.32,0.1563,6.40,459.0,80.0
25754,144.9,6.90,22.32,0.1540,6.49,459.0,80.0
25761,142.9,7.00,22.32,0.1562,6.40,459.0,80.0
25768,144.9,6.90,22.32,0.1540,6.49,459.0,80.0
25775,144.9,6.90,22.32,0.1540,6.49,459.0,80.0
25782,140.8,7.10,22.32,0.1585,6.31,459.0,80.0
25789,144.9,6.90,22.32,0.1540,6.49,459.0,80.0
25796,144.9,6.90,22.32,0.1540,6.49,459.0,80.0
25803,142.9,7.00,22.32,0.1562,6.40,459.0,80.0
25810,142.9,7.00,22.31,0.1562,6.40,459.0,80.0
25817,144.9,6.90,22.31,0.1540,6.49,459.0,80.0
25824,144.9,6.90,22.31,0.1540,6.49,459.0,80.0
25831,142.9,7.00,22.31,0.1562,6.40,459.0,80.0
25838,142.9,7.00,22.31,0.1562,6.40,459.0,80.0
25845,147.1,6.80,22.31,0.1517,6.59,459.0,80.0
25852,142.9,7.00,22.31,0.1562,6.41,459.0,80.0
25859,142.9,7.00,22.30,0.1561,6.41,459.0,80.0
25865,144.9,6.90,22.30,0.1539,6.50,459.0,80.0
25872,142.9,7.00,22.30,0.1561,6.41,459.0,80.0
25879,144.9,6.90,22.30,0.1538,6.50,459.0,80.0
25886,142.9,7.00,22.29,0.1560,6.41,459.0,80.0
25893,147.1,6.80,22.29,0.1516,6.60,459.0,80.0
25900,140.8,7.10,22.29,0.1582,6.32,459.0,80.0
25907,144.9,6.90,22.28,0.1538,6.50,459.0,80.0
25914,144.9,6.90,22.28,0.1537,6.50,459.0,80.0
25921,142.9,7.00,22.28,0.1559,6.41,459.0,80.0
25928,142.9,7.00,22.27,0.1559,6.42,459.0,80.0
25935,144.9,6.90,22.27,0.1537,6.51,459.0,80.0
25942,144.9,6.90,22.27,0.1537,6.51,459.0,80.0
25949,144.9,6.90,22.27,0.1536,6.51,459.0,80.0
25956,142.9,7.00,22.26,0.1558,6.42,459.0,80.0
25963,144.9,6.90,22.26,0.1536,6.51,459.0,80.0
25970,144.9,6.90,22.26,0.1536,6.51,459.0,80.0
25977,140.8,7.10,22.25,0.1580,6.33,459.0,80.0
25983,147.1,6.80,22.25,0.1513,6.61,459.0,80.0
25991,140.8,7.10,22.25,0.1580,6.33,459.0,80.0
25997,144.9,6.90,22.25,0.1535,6.51,459.0,80.0
26004,144.9,6.90,22.24,0.1535,6.51,459.0,80.0
26011,144.9,6.90,22.24,0.1534,6.52,459.0,80.0
26018,142.9,7.00,22.24,0.1557,6.43,459.0,80.0
26025,142.9,7.00,22.23,0.1556,6.43,459.0,80.0
26032,144.9,6.90,22.23,0.1534,6.52,459.0,80.0
26039,142.9,7.00,22.23,0.1556,6.43,459.0,80.0
26046,144.9,6.90,22.22,0.1533,6.52,459.0,80.0
26053,144.9,6.90,22.22,0.1533,6.52,459.0,80.0
26060,142.9,7.00,22.22,0.1555,6.43,459.0,80.0
26067,147.1,6.80,22.21,0.1511,6.62,459.0,80.0
26074,140.8,7.10,22.21,0.1577,6.34,459.0,80.0
26081,144.9,6.90,22.21,0.1532,6.52,459.0,80.0
26088,142.9,7.00,22.21,0.1554,6.44,459.0,80.0
26095,147.1,6.80,22.20,0.1510,6.63,459.0,80.0
26102,142.9,7.00,22.20,0.1554,6.44,459.0,80.0
26109,142.9,7.00,22.20,0.1554,6.44,459.0,80.0
26115,144.9,6.90,22.19,0.1531,6.53,459.0,80.0
26122,144.9,6.90,22.19,0.1531,6.53,459.0,80.0
26129,142.9,7.00,22.19,0.1553,6.44,459.0,80.0
26136,144.9,6.90,22.19,0.1531,6.53,459.0,80.0
26143,142.9,7.00,22.18,0.1553,6.44,459.0,80.0
26150,144.9,6.90,22.18,0.1530,6.53,459.0,80.0
26157,142.9,7.00,22.18,0.1552,6.44,459.0,80.0
26164,144.9,6.90,22.17,0.1530,6.53,459.0,80.0
26171,142.9,7.00,22.17,0.1552,6.45,459.0,80.0
26178,144.9,6.90,22.17,0.1530,6.54,459.0,80.0
26185,144.9,6.90,22.16,0.1529,6.54,459.0,80.0
26192,142.9,7.00,22.16,0.1551,6.45,459.0,80.0
26199,144.9,6.90,22.16,0.1529,6.54,459.0,80.0
26206,142.9,7.00,22.16,0.1551,6.45,459.0,80.0
26213,142.9,7.00,22.15,0.1551,6.45,459.0,80.0
26220,144.9,6.90,22.15,0.1528,6.54,459.0,80.0
26227,144.9,6.90,22.15,0.1528,6.54,459.0,80.0
26234,142.9,7.00,22.14,0.1550,6.45,459.0,80.0
26240,144.9,6.90,22.14,0.1528,6.54,459.0,80.0
26247,142.9,7.00,22.14,0.1550,6.46,459.0,80.0
26254,144.9,6.90,22.13,0.1527,6.55,459.0,80.0
26261,144.9,6.90,22.13,0.1527,6.55,459.0,80.0
26268,142.9,7.00,22.13,0.1549,6.46,459.0,80.0
26275,144.9,6.90,22.13,0.1527,6.55,459.0,80.0
26282,142.9,7.00,22.12,0.1549,6.46,459.0,80.0
26289,142.9,7.00,22.12,0.1548,6.46,459.0,80.0
26296,144.9,6.90,22.12,0.1526,6.55,459.0,80.0
26303,144.9,6.90,22.11,0.1526,6.55,459.0,80.0
26310,142.9,7.00,22.11,0.1548,6.46,459.0,80.0
26317,144.9,6.90,22.11,0.1525,6.55,459.0,80.0
26324,142.9,7.00,22.10,0.1547,6.46,459.0,80.0
26331,144.9,6.90,22.10,0.1525,6.56,459.0,80.0
26338,142.9,7.00,22.10,0.1547,6.47,459.0,80.0
26345,144.9,6.90,22.10,0.1525,6.56,459.0,80.0
26352,142.9,7.00,22.09,0.1546,6.47,459.0,80.0
26359,144.9,6.90,22.09,0.1524,6.56,459.0,80.0
26365,144.9,6.90,22.09,0.1524,6.56,459.0,80.0
26372,142.9,7.00,22.08,0.1546,6.47,459.0,80.0
26379,144.9,6.90,22.08,0.1524,6.56,459.0,80.0
26386,142.9,7.00,22.08,0.1545,6.47,459.0,80.0
26393,142.9,7.00,22.07,0.1545,6.47,459.0,80.0
26400,144.9,6.90,22.07,0.1523,6.56,459.0,80.0
26407,144.9,6.90,22.07,0.1523,6.57,459.0,80.0
26414,144.9,6.90,22.07,0.1523,6.57,459.0,80.0
26421,147.1,6.80,22.06,0.1500,6.67,459.0,80.0
26428,140.8,7.10,22.06,0.1566,6.38,459.0,80.0
26435,147.1,6.80,22.06,0.1500,6.67,459.0,80.0
26442,142.9,7.00,22.05,0.1544,6.48,459.0,80.0
26449,142.9,7.00,22.05,0.1544,6.48,459.0,80.0
26456,144.9,6.90,22.05,0.1521,6.57,459.0,80.0
26463,144.9,6.90,22.04,0.1521,6.57,459.0,80.0
26469,144.9,6.90,22.04,0.1521,6.57,459.0,80.0
26476,142.9,7.00,22.04,0.1543,6.48,459.0,80.0
26484,140.8,7.10,22.04,0.1565,6.39,459.0,80.0
26490,144.9,6.90,22.03,0.1520,6.58,459.0,80.0
26497,144.9,6.90,22.03,0.1520,6.58,459.0,80.0
26504,144.9,6.90,22.03,0.1520,6.58,459.0,80.0
26511,144.9,6.90,22.02,0.1520,6.58,459.0,80.0
26518,142.9,7.00,22.02,0.1541,6.49,459.0,80.0
26525,144.9,6.90,22.02,0.1519,6.58,459.0,80.0
26532,142.9,7.00,22.02,0.1541,6.49,459.0,80.0
26539,142.9,7.00,22.01,0.1541,6.49,459.0,80.0
26546,144.9,6.90,22.01,0.1519,6.58,459.0,80.0
26553,142.9,7.00,22.01,0.1540,6.49,459.0,80.0
26560,144.9,6.90,22.00,0.1518,6.59,459.0,80.0
26567,144.9,6.90,22.00,0.1518,6.59,459.0,80.0
26574,142.9,7.00,22.00,0.1540,6.50,459.0,80.0
26581,142.9,7.00,21.99,0.1540,6.50,459.0,80.0
26588,147.1,6.80,21.99,0.1495,6.69,459.0,80.0
26595,142.9,7.00,21.99,0.1539,6.50,459.0,80.0
26601,144.9,6.90,21.99,0.1517,6.59,459.0,80.0
26608,142.9,7.00,21.98,0.1539,6.50,459.0,80.0
26615,144.9,6.90,21.98,0.1517,6.59,459.0,80.0
26622,142.9,7.00,21.98,0.1538,6.50,459.0,80.0
26629,142.9,7.00,21.97,0.1538,6.50,459.0,80.0
26636,142.9,7.00,21.97,0.1538,6.50,459.0,80.0
26643,144.9,6.90,21.97,0.1516,6.60,459.0,80.0
26650,144.9,6.90,21.96,0.1516,6.60,459.0,80.0
26657,144.9,6.90,21.96,0.1515,6.60,459.0,80.0
26664,142.9,7.00,21.96,0.1537,6.51,459.0,80.0
26671,144.9,6.90,21.96,0.1515,6.60,459.0,80.0
26678,142.9,7.00,21.95,0.1537,6.51,459.0,80.0
26685,144.9,6.90,21.95,0.1514,6.60,459.0,80.0
26692,142.9,7.00,21.95,0.1536,6.51,459.0,80.0
26699,147.1,6.80,21.94,0.1492,6.70,459.0,80.0
26706,140.8,7.10,21.94,0.1558,6.42,459.0,80.0
26713,144.9,6.90,21.94,0.1514,6.61,459.0,80.0
26720,144.9,6.90,21.93,0.1513,6.61,459.0,80.0
26726,144.9,6.90,21.93,0.1513,6.61,459.0,80.0
26733,142.9,7.00,21.93,0.1535,6.52,459.0,80.0
26740,142.9,7.00,21.93,0.1535,6.52,459.0,80.0
26747,144.9,6.90,21.92,0.1513,6.61,459.0,80.0
26754,142.9,7.00,21.92,0.1534,6.52,459.0,80.0
26761,147.1,6.80,21.92,0.1490,6.71,459.0,80.0
26768,140.8,7.10,21.91,0.1556,6.43,459.0,80.0
26775,144.9,6.90,21.91,0.1512,6.61,459.0,80.0
26782,142.9,7.00,21.91,0.1534,6.52,459.0,80.0
26789,147.1,6.80,21.90,0.1490,6.72,459.0,80.0
26796,142.9,7.00,21.90,0.1533,6.52,459.0,80.0
26803,142.9,7.00,21.90,0.1533,6.53,459.0,80.0
26810,142.9,7.00,21.90,0.1533,6.53,459.0,80.0
26817,144.9,6.90,21.89,0.1511,6.62,459.0,80.0
26824,142.9,7.00,21.89,0.1532,6.53,459.0,80.0
26831,144.9,6.90,21.89,0.1510,6.62,459.0,80.0
26838,142.9,7.00,21.88,0.1532,6.53,459.0,80.0
26845,144.9,6.90,21.88,0.1510,6.62,459.0,80.0
26852,142.9,7.00,21.88,0.1532,6.53,459.0,80.0
26859,144.9,6.90,21.88,0.1510,6.62,459.0,80.0
26865,144.9,6.90,21.88,0.1510,6.62,459.0,80.0
26872,144.9,6.90,21.88,0.1510,6.62,459.0,80.0
26879,142.9,7.00,21.88,0.1532,6.53,459.0,80.0
26886,144.9,6.90,21.88,0.1510,6.62,459.0,80.0
26893,142.9,7.00,21.88,0.1532,6.53,459.0,80.0
26900,144.9,6.90,21.88,0.1510,6.62,459.0,80.0
26907,142.9,7.00,21.88,0.1531,6.53,459.0,80.0
26914,142.9,7.00,21.88,0.1531,6.53,459.0,80.0
26921,147.1,6.80,21.88,0.1488,6.72,459.0,80.0
26928,142.9,7.00,21.88,0.1531,6.53,459.0,80.0
26935,142.9,7.00,21.88,0.1531,6.53,459.0,80.0
26942,144.9,6.90,21.88,0.1510,6.62,459.0,80.0
26949,142.9,7.00,21.88,0.1531,6.53,459.0,80.0
26956,144.9,6.90,21.88,0.1509,6.62,459.0,80.0
26963,144.9,6.90,21.88,0.1509,6.62,459.0,80.0
26970,142.9,7.00,21.88,0.1531,6.53,459.0,80.0
26977,142.9,7.00,21.88,0.1531,6.53,459.0,80.0
26983,147.1,6.80,21.88,0.1488,6.72,459.0,80.0
26990,142.9,7.00,21.88,0.1531,6.53,459.0,80.0
26997,144.9,6.90,21.88,0.1509,6.62,459.0,80.0
27004,142.9,7.00,21.88,0.1531,6.53,459.0,80.0
27011,142.9,7.00,21.88,0.1531,6.53,459.0,80.0
27018,144.9,6.90,21.87,0.1509,6.62,459.0,80.0
27025,144.9,6.90,21.87,0.1509,6.62,459.0,80.0
27032,142.9,7.00,21.87,0.1531,6.53,459.0,80.0
27039,144.9,6.90,21.87,0.1509,6.62,459.0,80.0
27046,142.9,7.00,21.87,0.1531,6.53,459.0,80.0
27053,144.9,6.90,21.87,0.1509,6.62,459.0,80.0
27060,142.9,7.00,21.87,0.1531,6.53,459.0,80.0
27067,147.1,6.80,21.87,0.1487,6.73,459.0,80.0
27074,142.9,7.00,21.87,0.1531,6.53,459.0,80.0
27081,142.9,7.00,21.87,0.1531,6.53,459.0,80.0
27088,144.9,6.90,21.87,0.1509,6.62,459.0,80.0
27095,142.9,7.00,21.87,0.1531,6.53,459.0,80.0
27102,144.9,6.90,21.87,0.1509,6.62,459.0,80.0
27109,142.9,7.00,21.87,0.1531,6.53,459.0,80.0
27115,144.9,6.90,21.87,0.1509,6.62,459.0,80.0
27122,144.9,6.90,21.87,0.1509,6.62,459.0,80.0
27129,142.9,7.00,21.87,0.1531,6.53,459.0,80.0
27136,144.9,6.90,21.87,0.1509,6.63,459.0,80.0
27143,142.9,7.00,21.87,0.1531,6.53,459.0,80.0
27150,144.9,6.90,21.87,0.1509,6.63,459.0,80.0
27157,142.9,7.00,21.87,0.1531,6.53,459.0,80.0
27164,144.9,6.90,21.87,0.1509,6.63,459.0,80.0
27171,147.1,6.80,21.87,0.1487,6.73,459.0,80.0
27178,140.8,7.10,21.87,0.1553,6.44,459.0,80.0
27185,147.1,6.80,21.87,0.1487,6.73,459.0,80.0
27192,140.8,7.10,21.87,0.1553,6.44,459.0,80.0
27199,144.9,6.90,21.87,0.1509,6.63,459.0,80.0
27206,142.9,7.00,21.87,0.1531,6.53,459.0,80.0
27213,144.9,6.90,21.87,0.1509,6.63,459.0,80.0
27220,144.9,6.90,21.87,0.1509,6.63,459.0,80.0
27227,142.9,7.00,21.87,0.1531,6.53,459.0,80.0
27233,144.9,6.90,21.87,0.1509,6.63,459.0,80.0
27240,142.9,7.00,21.87,0.1531,6.53,459.0,80.0
27247,144.9,6.90,21.87,0.1509,6.63,459.0,80.0
27254,142.9,7.00,21.87,0.1531,6.53,459.0,80.0
27261,144.9,6.90,21.87,0.1509,6.63,459.0,80.0
27268,142.9,7.00,21.87,0.1531,6.53,459.0,80.0
27275,142.9,7.00,21.87,0.1531,6.53,459.0,80.0
27282,147.1,6.80,21.87,0.1487,6.73,459.0,80.0
27289,140.8,7.10,21.87,0.1553,6.44,459.0,80.0
27296,147.1,6.80,21.87,0.1487,6.73,459.0,80.0
27303,140.8,7.10,21.87,0.1553,6.44,459.0,80.0
27310,144.9,6.90,21.87,0.1509,6.63,459.0,80.0
27317,144.9,6.90,21.87,0.1509,6.63,459.0,80.0
27324,142.9,7.00,21.87,0.1531,6.54,459.0,80.0
27331,144.9,6.90,21.87,0.1509,6.63,459.0,80.0
27338,144.9,6.90,21.87,0.1509,6.63,459.0,80.0
27345,142.9,7.00,21.87,0.1531,6.54,459.0,80.0
27352,144.9,6.90,21.86,0.1509,6.63,459.0,80.0
27358,144.9,6.90,21.86,0.1509,6.63,459.0,80.0
27365,142.9,7.00,21.86,0.1531,6.54,459.0,80.0
27372,144.9,6.90,21.86,0.1509,6.63,459.0,80.0
27379,142.9,7.00,21.86,0.1530,6.54,459.0,80.0
27386,142.9,7.00,21.86,0.1530,6.54,459.0,80.0
27393,144.9,6.90,21.86,0.1509,6.63,459.0,80.0
27400,144.9,6.90,21.86,0.1509,6.63,459.0,80.0
27407,142.9,7.00,21.86,0.1530,6.54,459.0,80.0
27414,144.9,6.90,21.86,0.1509,6.63,459.0,80.0
27421,144.9,6.90,21.86,0.1509,6.63,459.0,80.0
27428,142.9,7.00,21.86,0.1530,6.54,459.0,80.0
27435,142.9,7.00,21.86,0.1530,6.54,459.0,80.0
27442,144.9,6.90,21.86,0.1508,6.63,459.0,80.0
27449,144.9,6.90,21.86,0.1508,6.63,459.0,80.0
27456,144.9,6.90,21.86,0.1508,6.63,459.0,80.0
27463,144.9,6.90,21.86,0.1508,6.63,459.0,80.0
27470,142.9,7.00,21.86,0.1530,6.54,459.0,80.0
27477,142.9,7.00,21.86,0.1530,6.54,459.0,80.0
27484,142.9,7.00,21.86,0.1530,6.54,459.0,80.0
27490,144.9,6.90,21.86,0.1508,6.63,459.0,80.0
27497,144.9,6.90,21.86,0.1508,6.63,459.0,80.0
27504,147.1,6.80,21.86,0.1486,6.73,459.0,80.0
27511,140.8,7.10,21.86,0.1552,6.44,459.0,80.0
27518,144.9,6.90,21.86,0.1508,6.63,459.0,80.0
27525,144.9,6.90,21.86,0.1508,6.63,459.0,80.0
27532,142.9,7.00,21.86,0.1530,6.54,459.0,80.0
27539,144.9,6.90,21.86,0.1508,6.63,459.0,80.0
27546,144.9,6.90,21.86,0.1508,6.63,459.0,80.0
27553,142.9,7.00,21.86,0.1530,6.54,459.0,80.0
27560,142.9,7.00,21.86,0.1530,6.54,459.0,80.0
27567,142.9,7.00,21.86,0.1530,6.54,459.0,80.0
27574,144.9,6.90,21.86,0.1508,6.63,459.0,80.0
27581,144.9,6.90,21.86,0.1508,6.63,459.0,80.0
27588,142.9,7.00,21.86,0.1530,6.54,459.0,80.0
27595,144.9,6.90,21.86,0.1508,6.63,459.0,80.0
27602,142.9,7.00,21.86,0.1530,6.54,459.0,80.0
27608,147.1,6.80,21.86,0.1486,6.73,459.0,80.0
27615,142.9,7.00,21.86,0.1530,6.54,459.0,80.0
27622,142.9,7.00,21.86,0.1530,6.54,459.0,80.0
27629,142.9,7.00,21.86,0.1530,6.54,459.0,80.0
27636,144.9,6.90,21.86,0.1508,6.63,459.0,80.0
27643,142.9,7.00,21.86,0.1530,6.54,459.0,80.0
27650,144.9,6.90,21.86,0.1508,6.63,459.0,80.0
27657,142.9,7.00,21.86,0.1530,6.54,459.0,80.0
27664,147.1,6.80,21.86,0.1486,6.73,459.0,80.0
27671,140.8,7.10,21.86,0.1552,6.44,459.0,80.0
27678,147.1,6.80,21.86,0.1486,6.73,459.0,80.0
27685,142.9,7.00,21.85,0.1530,6.54,459.0,80.0
27692,142.9,7.00,21.85,0.1530,6.54,459.0,80.0
27699,144.9,6.90,21.85,0.1508,6.63,459.0,80.0
27706,144.9,6.90,21.85,0.1508,6.63,459.0,80.0
27713,142.9,7.00,21.85,0.1530,6.54,459.0,80.0
27720,144.9,6.90,21.85,0.1508,6.63,459.0,80.0
27726,144.9,6.90,21.85,0.1508,6.63,459.0,80.0
27733,142.9,7.00,21.85,0.1530,6.54,459.0,80.0
27740,144.9,6.90,21.85,0.1508,6.63,459.0,80.0
27747,144.9,6.90,21.85,0.1508,6.63,459.0,80.0
27754,142.9,7.00,21.85,0.1530,6.54,459.0,80.0
27761,142.9,7.00,21.85,0.1530,6.54,459.0,80.0
27768,142.9,7.00,21.85,0.1530,6.54,459.0,80.0
27775,142.9,7.00,21.85,0.1530,6.54,459.0,80.0
27782,144.9,6.90,21.85,0.1508,6.63,459.0,80.0
27789,144.9,6.90,21.85,0.1508,6.63,459.0,80.0
27796,144.9,6.90,21.85,0.1508,6.63,459.0,80.0
27803,140.8,7.10,21.85,0.1551,6.44,459.0,80.0
27810,144.9,6.90,21.85,0.1508,6.63,459.0,80.0
27817,147.1,6.80,21.85,0.1486,6.73,459.0,80.0
27824,142.9,7.00,21.85,0.1530,6.54,459.0,80.0
27831,142.9,7.00,21.85,0.1530,6.54,459.0,80.0
27838,142.9,7.00,21.85,0.1530,6.54,459.0,80.0
27845,147.1,6.80,21.85,0.1486,6.73,459.0,80.0
27852,142.9,7.00,21.85,0.1530,6.54,459.0,80.0
27859,142.9,7.00,21.86,0.1530,6.54,459.0,80.0
27865,144.9,6.90,21.86,0.1508,6.63,459.0,80.0
27872,142.9,7.00,21.86,0.1530,6.54,459.0,80.0
27879,144.9,6.90,21.87,0.1509,6.63,459.0,80.0
27886,144.9,6.90,21.87,0.1509,6.63,459.0,80.0
27893,144.9,6.90,21.87,0.1509,6.62,459.0,80.0
27900,142.9,7.00,21.88,0.1531,6.53,459.0,80.0
27907,142.9,7.00,21.88,0.1532,6.53,459.0,80.0
27914,144.9,6.90,21.88,0.1510,6.62,459.0,80.0
27921,144.9,6.90,21.89,0.1510,6.62,459.0,80.0
27928,142.9,7.00,21.89,0.1532,6.53,459.0,80.0
27935,142.9,7.00,21.90,0.1533,6.53,459.0,80.0
27942,144.9,6.90,21.90,0.1511,6.62,459.0,80.0
27949,144.9,6.90,21.90,0.1511,6.62,459.0,80.0
27956,144.9,6.90,21.91,0.1512,6.61,459.0,80.0
27963,142.9,7.00,21.91,0.1534,6.52,459.0,80.0
27970,142.9,7.00,21.91,0.1534,6.52,459.0,80.0
27977,144.9,6.90,21.92,0.1512,6.61,459.0,80.0
27983,144.9,6.90,21.92,0.1512,6.61,459.0,80.0
27990,142.9,7.00,21.92,0.1535,6.52,459.0,80.0
27997,144.9,6.90,21.93,0.1513,6.61,459.0,80.0
28004,142.9,7.00,21.93,0.1535,6.52,459.0,80.0
28011,144.9,6.90,21.93,0.1513,6.61,459.0,80.0
28018,144.9,6.90,21.94,0.1514,6.61,459.0,80.0
28025,142.9,7.00,21.94,0.1536,6.51,459.0,80.0
28032,142.9,7.00,21.94,0.1536,6.51,459.0,80.0
28039,147.1,6.80,21.95,0.1492,6.70,459.0,80.0
28046,142.9,7.00,21.95,0.1537,6.51,459.0,80.0
28053,142.9,7.00,21.96,0.1537,6.51,459.0,80.0
28060,142.9,7.00,21.96,0.1537,6.51,459.0,80.0
28067,144.9,6.90,21.96,0.1515,6.60,459.0,80.0
28074,142.9,7.00,21.97,0.1538,6.51,459.0,80.0
28081,149.3,6.70,21.97,0.1472,6.80,459.0,80.0
28088,142.9,7.00,21.97,0.1538,6.50,459.0,80.0
28095,140.8,7.10,21.98,0.1560,6.41,459.0,80.0
28102,144.9,6.90,21.98,0.1517,6.59,459.0,80.0
28109,142.9,7.00,21.98,0.1539,6.50,459.0,80.0
28115,144.9,6.90,21.99,0.1517,6.59,459.0,80.0
28122,144.9,6.90,21.99,0.1517,6.59,459.0,80.0
28129,142.9,7.00,21.99,0.1540,6.50,459.0,80.0
28136,142.9,7.00,22.00,0.1540,6.50,459.0,80.0
28143,144.9,6.90,22.00,0.1518,6.59,459.0,80.0
28150,144.9,6.90,22.01,0.1518,6.58,459.0,80.0
28157,142.9,7.00,22.01,0.1541,6.49,459.0,80.0
28164,144.9,6.90,22.01,0.1519,6.58,459.0,80.0
28171,144.9,6.90,22.02,0.1519,6.58,459.0,80.0
28178,142.9,7.00,22.02,0.1541,6.49,459.0,80.0
28185,142.9,7.00,22.02,0.1542,6.49,459.0,80.0
28192,144.9,6.90,22.03,0.1520,6.58,459.0,80.0
28199,144.9,6.90,22.03,0.1520,6.58,459.0,80.0
28206,142.9,7.00,22.03,0.1542,6.49,459.0,80.0
28213,144.9,6.90,22.04,0.1521,6.58,459.0,80.0
28220,144.9,6.90,22.04,0.1521,6.57,459.0,80.0
28226,144.9,6.90,22.04,0.1521,6.57,459.0,80.0
28233,144.9,6.90,22.05,0.1521,6.57,459.0,80.0
28240,142.9,7.00,22.05,0.1544,6.48,459.0,80.0
28247,144.9,6.90,22.05,0.1522,6.57,459.0,80.0
28254,142.9,7.00,22.06,0.1544,6.48,459.0,80.0
28261,144.9,6.90,22.06,0.1522,6.57,459.0,80.0
28268,142.9,7.00,22.07,0.1545,6.48,459.0,80.0
28275,144.9,6.90,22.07,0.1523,6.57,459.0,80.0
28282,144.9,6.90,22.07,0.1523,6.56,459.0,80.0
28289,140.8,7.10,22.08,0.1567,6.38,459.0,80.0
28296,147.1,6.80,22.08,0.1501,6.66,459.0,80.0
28303,144.9,6.90,22.08,0.1524,6.56,459.0,80.0
28310,142.9,7.00,22.09,0.1546,6.47,459.0,80.0
28317,142.9,7.00,22.09,0.1546,6.47,459.0,80.0
28324,144.9,6.90,22.09,0.1524,6.56,459.0,80.0
28331,142.9,7.00,22.10,0.1547,6.47,459.0,80.0
28338,144.9,6.90,22.10,0.1525,6.56,459.0,80.0
28345,142.9,7.00,22.10,0.1547,6.46,459.0,80.0
28351,144.9,6.90,22.11,0.1525,6.55,459.0,80.0
28358,144.9,6.90,22.11,0.1526,6.55,459.0,80.0
28365,142.9,7.00,22.11,0.1548,6.46,459.0,80.0
28372,144.9,6.90,22.12,0.1526,6.55,459.0,80.0
28379,142.9,7.00,22.12,0.1549,6.46,459.0,80.0
28386,144.9,6.90,22.13,0.1527,6.55,459.0,80.0
28393,142.9,7.00,22.13,0.1549,6.46,459.0,80.0
28400,144.9,6.90,22.13,0.1527,6.55,459.0,80.0
28407,144.9,6.90,22.14,0.1527,6.55,459.0,80.0
28414,142.9,7.00,22.14,0.1550,6.45,459.0,80.0
28421,144.9,6.90,22.14,0.1528,6.54,459.0,80.0
28428,142.9,7.00,22.15,0.1550,6.45,459.0,80.0
28435,142.9,7.00,22.15,0.1551,6.45,459.0,80.0
28442,144.9,6.90,22.15,0.1529,6.54,459.0,80.0
28449,144.9,6.90,22.16,0.1529,6.54,459.0,80.0
28456,144.9,6.90,22.16,0.1529,6.54,459.0,80.0
28463,142.9,7.00,22.16,0.1552,6.45,459.0,80.0
28470,142.9,7.00,22.17,0.1552,6.45,459.0,80.0
28476,144.9,6.90,22.17,0.1530,6.54,459.0,80.0
28483,142.9,7.00,22.17,0.1552,6.44,459.0,80.0
28490,144.9,6.90,22.18,0.1530,6.53,459.0,80.0
28497,144.9,6.90,22.18,0.1531,6.53,459.0,80.0
28504,140.8,7.10,22.19,0.1575,6.35,459.0,80.0
28511,142.9,7.00,22.19,0.1553,6.44,459.0,80.0
28518,147.1,6.80,22.19,0.1509,6.63,459.0,80.0
28525,144.9,6.90,22.20,0.1532,6.53,459.0,80.0
28532,144.9,6.90,22.20,0.1532,6.53,459.0,80.0
28539,142.9,7.00,22.20,0.1554,6.44,459.0,80.0
28546,142.9,7.00,22.21,0.1554,6.43,459.0,80.0
28553,144.9,6.90,22.21,0.1533,6.52,459.0,80.0
28560,144.9,6.90,22.21,0.1533,6.52,459.0,80.0
28567,140.8,7.10,22.22,0.1577,6.34,459.0,80.0
28574,147.1,6.80,22.22,0.1511,6.62,459.0,80.0
28581,142.9,7.00,22.22,0.1556,6.43,459.0,80.0
28588,144.9,6.90,22.23,0.1534,6.52,459.0,80.0
28595,142.9,7.00,22.23,0.1556,6.43,459.0,80.0
28601,144.9,6.90,22.24,0.1534,6.52,459.0,80.0
28608,142.9,7.00,22.24,0.1557,6.43,459.0,80.0
28615,144.9,6.90,22.24,0.1535,6.51,459.0,80.0
28622,144.9,6.90,22.25,0.1535,6.51,459.0,80.0
28629,142.9,7.00,22.25,0.1557,6.42,459.0,80.0
28636,142.9,7.00,22.25,0.1558,6.42,459.0,80.0
28643,144.9,6.90,22.26,0.1536,6.51,459.0,80.0
28650,144.9,6.90,22.26,0.1536,6.51,459.0,80.0
28657,144.9,6.90,22.26,0.1536,6.51,459.0,80.0
28664,142.9,7.00,22.27,0.1559,6.42,459.0,80.0
28671,144.9,6.90,22.27,0.1537,6.51,459.0,80.0
28678,140.8,7.10,22.27,0.1581,6.32,459.0,80.0
28685,142.9,7.00,22.28,0.1559,6.41,459.0,80.0
28692,147.1,6.80,22.28,0.1515,6.60,459.0,80.0
28699,144.9,6.90,22.29,0.1538,6.50,459.0,80.0
28706,144.9,6.90,22.29,0.1538,6.50,459.0,80.0
28713,142.9,7.00,22.29,0.1560,6.41,459.0,80.0
28719,144.9,6.90,22.30,0.1538,6.50,459.0,80.0
28726,142.9,7.00,22.30,0.1561,6.41,459.0,80.0
28733,144.9,6.90,22.30,0.1539,6.50,459.0,80.0
28740,142.9,7.00,22.31,0.1561,6.41,459.0,80.0
28747,142.9,7.00,22.31,0.1562,6.41,459.0,80.0
28754,144.9,6.90,22.31,0.1540,6.49,459.0,80.0
28761,144.9,6.90,22.32,0.1540,6.49,459.0,80.0
28768,142.9,7.00,22.32,0.1562,6.40,459.0,80.0
28775,144.9,6.90,22.32,0.1540,6.49,459.0,80.0
28782,142.9,7.00,22.33,0.1563,6.40,459.0,80.0
28789,144.9,6.90,22.33,0.1541,6.49,459.0,80.0
28796,142.9,7.00,22.33,0.1563,6.40,459.0,80.0
28803,144.9,6.90,22.34,0.1541,6.49,459.0,80.0
28810,142.9,7.00,22.34,0.1564,6.40,459.0,80.0
28817,144.9,6.90,22.35,0.1542,6.48,459.0,80.0
28824,144.9,6.90,22.35,0.1542,6.48,459.0,80.0
28831,142.9,7.00,22.35,0.1565,6.39,459.0,80.0
28838,144.9,6.90,22.36,0.1543,6.48,459.0,80.0
28845,142.9,7.00,22.36,0.1565,6.39,459.0,80.0
28851,144.9,6.90,22.36,0.1543,6.48,459.0,80.0
28858,142.9,7.00,22.36,0.1565,6.39,459.0,80.0
28865,142.9,7.00,22.36,0.1566,6.39,459.0,80.0
28872,144.9,6.90,22.37,0.1543,6.48,459.0,80.0
28879,142.9,7.00,22.37,0.1566,6.39,459.0,80.0
28886,144.9,6.90,22.37,0.1544,6.48,459.0,80.0
28893,142.9,7.00,22.37,0.1566,6.39,459.0,80.0
28900,144.9,6.90,22.37,0.1544,6.48,459.0,80.0
28907,144.9,6.90,22.37,0.1544,6.48,459.0,80.0
28914,142.9,7.00,22.38,0.1566,6.39,459.0,80.0
28921,142.9,7.00,22.38,0.1566,6.39,459.0,80.0
28928,147.1,6.80,22.38,0.1522,6.57,459.0,80.0
28935,144.9,6.90,22.38,0.1544,6.47,459.0,80.0
28942,140.8,7.10,22.38,0.1589,6.29,459.0,80.0
28949,144.9,6.90,22.38,0.1545,6.47,459.0,80.0
28956,144.9,6.90,22.39,0.1545,6.47,459.0,80.0
28963,142.9,7.00,22.39,0.1567,6.38,459.0,80.0
28970,142.9,7.00,22.39,0.1567,6.38,459.0,80.0
28977,144.9,6.90,22.39,0.1545,6.47,459.0,80.0
28983,144.9,6.90,22.39,0.1545,6.47,459.0,80.0
28990,142.9,7.00,22.39,0.1568,6.38,459.0,80.0
28997,144.9,6.90,22.40,0.1545,6.47,459.0,80.0
29004,144.9,6.90,22.40,0.1545,6.47,459.0,80.0
29011,142.9,7.00,22.40,0.1568,6.38,459.0,80.0
29018,144.9,6.90,22.40,0.1546,6.47,459.0,80.0
29025,144.9,6.90,22.40,0.1546,6.47,459.0,80.0
29032,142.9,7.00,22.40,0.1568,6.38,459.0,80.0
29039,144.9,6.90,22.41,0.1546,6.47,459.0,80.0
29046,140.8,7.10,22.41,0.1591,6.28,459.0,80.0
29053,144.9,6.90,22.41,0.1546,6.47,459.0,80.0
29060,144.9,6.90,22.41,0.1546,6.47,459.0,80.0
29067,144.9,6.90,22.41,0.1546,6.46,459.0,80.0
29074,142.9,7.00,22.41,0.1569,6.38,459.0,80.0
29081,144.9,6.90,22.42,0.1547,6.46,459.0,80.0
29088,144.9,6.90,22.42,0.1547,6.46,459.0,80.0
29095,142.9,7.00,22.42,0.1569,6.37,459.0,80.0
29102,142.9,7.00,22.42,0.1570,6.37,459.0,80.0
29108,144.9,6.90,22.42,0.1547,6.46,459.0,80.0
29115,142.9,7.00,22.42,0.1570,6.37,459.0,80.0
29122,144.9,6.90,22.43,0.1547,6.46,459.0,80.0
29129,144.9,6.90,22.43,0.1548,6.46,459.0,80.0
29136,142.9,7.00,22.43,0.1570,6.37,459.0,80.0
29143,144.9,6.90,22.43,0.1548,6.46,459.0,80.0
29150,144.9,6.90,22.43,0.1548,6.46,459.0,80.0
29157,140.8,7.10,22.43,0.1593,6.28,459.0,80.0
29164,144.9,6.90,22.44,0.1548,6.46,459.0,80.0
29171,144.9,6.90,22.44,0.1548,6.46,459.0,80.0
29178,142.9,7.00,22.44,0.1571,6.37,459.0,80.0
29185,144.9,6.90,22.44,0.1548,6.46,459.0,80.0
29192,144.9,6.90,22.44,0.1549,6.46,459.0,80.0
29199,142.9,7.00,22.44,0.1571,6.37,459.0,80.0
29206,142.9,7.00,22.45,0.1571,6.37,459.0,80.0
29213,144.9,6.90,22.45,0.1549,6.45,459.0,80.0
29220,144.9,6.90,22.45,0.1549,6.45,459.0,80.0
29227,142.9,7.00,22.45,0.1572,6.36,459.0,80.0
29233,144.9,6.90,22.45,0.1549,6.45,459.0,80.0
29240,142.9,7.00,22.45,0.1572,6.36,459.0,80.0
29247,144.9,6.90,22.46,0.1549,6.45,459.0,80.0
29254,142.9,7.00,22.46,0.1572,6.36,459.0,80.0
29261,144.9,6.90,22.46,0.1550,6.45,459.0,80.0
29268,142.9,7.00,22.46,0.1572,6.36,459.0,80.0
29275,144.9,6.90,22.46,0.1550,6.45,459.0,80.0
29282,147.1,6.80,22.46,0.1528,6.55,459.0,80.0
29289,142.9,7.00,22.47,0.1573,6.36,459.0,80.0
29296,142.9,7.00,22.47,0.1573,6.36,459.0,80.0
29303,142.9,7.00,22.47,0.1573,6.36,459.0,80.0
29310,144.9,6.90,22.47,0.1551,6.45,459.0,80.0
29317,144.9,6.90,22.47,0.1551,6.45,459.0,80.0
29324,142.9,7.00,22.47,0.1573,6.36,459.0,80.0
29331,142.9,7.00,22.48,0.1573,6.36,459.0,80.0
29338,147.1,6.80,22.48,0.1529,6.54,459.0,80.0
29345,142.9,7.00,22.48,0.1574,6.36,459.0,80.0
29351,144.9,6.90,22.48,0.1551,6.45,459.0,80.0
29358,142.9,7.00,22.48,0.1574,6.36,459.0,80.0
29365,142.9,7.00,22.48,0.1574,6.36,459.0,80.0
29372,144.9,6.90,22.49,0.1552,6.44,459.0,80.0
29379,144.9,6.90,22.49,0.1552,6.44,459.0,80.0
29386,142.9,7.00,22.49,0.1574,6.35,459.0,80.0
29393,144.9,6.90,22.49,0.1552,6.44,459.0,80.0
29400,142.9,7.00,22.49,0.1575,6.35,459.0,80.0
29407,144.9,6.90,22.49,0.1552,6.44,459.0,80.0
29414,142.9,7.00,22.50,0.1575,6.35,459.0,80.0
29421,144.9,6.90,22.50,0.1552,6.44,459.0,80.0
29428,142.9,7.00,22.50,0.1575,6.35,459.0,80.0
29435,144.9,6.90,22.50,0.1553,6.44,459.0,80.0
29442,142.9,7.00,22.50,0.1575,6.35,459.0,80.0
29449,147.1,6.80,22.50,0.1530,6.54,459.0,80.0
29456,142.9,7.00,22.51,0.1575,6.35,459.0,80.0
29463,142.9,7.00,22.51,0.1576,6.35,459.0,80.0
29470,144.9,6.90,22.51,0.1553,6.44,459.0,80.0
29476,144.9,6.90,22.51,0.1553,6.44,459.0,80.0
29484,140.8,7.10,22.51,0.1598,6.25,459.0,80.0
29490,147.1,6.80,22.51,0.1531,6.53,459.0,80.0
29497,142.9,7.00,22.52,0.1576,6.35,459.0,80.0
29504,144.9,6.90,22.52,0.1554,6.43,459.0,80.0
29511,142.9,7.00,22.52,0.1576,6.35,459.0,80.0
29518,144.9,6.90,22.52,0.1554,6.43,459.0,80.0
29525,144.9,6.90,22.52,0.1554,6.43,459.0,80.0
29532,144.9,6.90,22.52,0.1554,6.43,459.0,80.0
29539,142.9,7.00,22.53,0.1577,6.34,459.0,80.0
29546,142.9,7.00,22.53,0.1577,6.34,459.0,80.0
29553,144.9,6.90,22.53,0.1555,6.43,459.0,80.0
29560,144.9,6.90,22.53,0.1555,6.43,459.0,80.0
29567,144.9,6.90,22.53,0.1555,6.43,459.0,80.0
29574,142.9,7.00,22.53,0.1577,6.34,459.0,80.0
29581,144.9,6.90,22.54,0.1555,6.43,459.0,80.0
29588,142.9,7.00,22.54,0.1578,6.34,459.0,80.0
29594,144.9,6.90,22.54,0.1555,6.43,459.0,80.0
29601,144.9,6.90,22.54,0.1555,6.43,459.0,80.0
29608,142.9,7.00,22.54,0.1578,6.34,459.0,80.0
29615,142.9,7.00,22.54,0.1578,6.34,459.0,80.0
29622,144.9,6.90,22.55,0.1556,6.43,459.0,80.0
29629,144.9,6.90,22.55,0.1556,6.43,459.0,80.0
29636,142.9,7.00,22.55,0.1578,6.34,459.0,80.0
29643,142.9,7.00,22.55,0.1579,6.34,459.0,80.0
29650,142.9,7.00,22.55,0.1579,6.34,459.0,80.0
29657,144.9,6.90,22.55,0.1556,6.42,459.0,80.0
29664,144.9,6.90,22.56,0.1556,6.42,459.0,80.0
29671,142.9,7.00,22.56,0.1579,6.33,459.0,80.0
29678,142.9,7.00,22.56,0.1579,6.33,459.0,80.0
29685,144.9,6.90,22.56,0.1557,6.42,459.0,80.0
29692,144.9,6.90,22.56,0.1557,6.42,459.0,80.0
29699,142.9,7.00,22.56,0.1580,6.33,459.0,80.0
29706,144.9,6.90,22.57,0.1557,6.42,459.0,80.0
29713,142.9,7.00,22.57,0.1580,6.33,459.0,80.0
29720,144.9,6.90,22.57,0.1557,6.42,459.0,80.0
29727,142.9,7.00,22.57,0.1580,6.33,459.0,80.0
29733,147.1,6.80,22.57,0.1535,6.52,459.0,80.0
29740,142.9,7.00,22.57,0.1580,6.33,459.0,80.0
29747,144.9,6.90,22.58,0.1558,6.42,459.0,80.0
29754,144.9,6.90,22.58,0.1558,6.42,459.0,80.0
29761,142.9,7.00,22.58,0.1581,6.33,459.0,80.0
29768,144.9,6.90,22.58,0.1558,6.42,459.0,80.0
29775,142.9,7.00,22.58,0.1581,6.33,459.0,80.0
29782,144.9,6.90,22.58,0.1558,6.42,459.0,80.0
29789,142.9,7.00,22.59,0.1581,6.33,459.0,80.0
29796,142.9,7.00,22.59,0.1581,6.33,459.0,80.0
29803,144.9,6.90,22.59,0.1559,6.41,459.0,80.0
29810,142.9,7.00,22.59,0.1581,6.33,459.0,80.0
29817,144.9,6.90,22.59,0.1559,6.41,459.0,80.0
29824,142.9,7.00,22.59,0.1582,6.32,459.0,80.0
29831,144.9,6.90,22.60,0.1559,6.41,459.0,80.0
29838,142.9,7.00,22.60,0.1582,6.32,459.0,80.0
29845,144.9,6.90,22.60,0.1559,6.41,459.0,80.0
29851,144.9,6.90,22.60,0.1559,6.41,459.0,80.0
29858,142.9,7.00,22.60,0.1582,6.32,459.0,80.0
29865,144.9,6.90,22.60,0.1560,6.41,459.0,80.0
29872,142.9,7.00,22.60,0.1582,6.32,459.0,80.0
29879,142.9,7.00,22.61,0.1582,6.32,459.0,80.0
29886,144.9,6.90,22.61,0.1560,6.41,459.0,80.0
29893,144.9,6.90,22.61,0.1560,6.41,459.0,80.0
29900,144.9,6.90,22.61,0.1560,6.41,459.0,80.0
29907,140.8,7.10,22.61,0.1605,6.23,459.0,80.0
29914,147.1,6.80,22.61,0.1538,6.51,459.0,80.0
29921,142.9,7.00,22.61,0.1583,6.32,459.0,80.0
29928,144.9,6.90,22.62,0.1560,6.41,459.0,80.0
29935,142.9,7.00,22.62,0.1583,6.32,459.0,80.0
29942,142.9,7.00,22.62,0.1583,6.32,459.0,80.0
29949,144.9,6.90,22.62,0.1561,6.41,459.0,80.0
29956,144.9,6.90,22.62,0.1561,6.41,459.0,80.0
29963,142.9,7.00,22.62,0.1584,6.32,459.0,80.0
29970,144.9,6.90,22.62,0.1561,6.40,459.0,80.0
29976,144.9,6.90,22.62,0.1561,6.40,459.0,80.0
29983,142.9,7.00,22.63,0.1584,6.32,459.0,80.0
29990,144.9,6.90,22.63,0.1561,6.40,459.0,80.0
29997,142.9,7.00,22.63,0.1584,6.31,459.0,80.0
30004,142.9,7.00,22.63,0.1584,6.31,459.0,80.0
30011,144.9,6.90,22.63,0.1562,6.40,459.0,80.0
30018,144.9,6.90,22.63,0.1562,6.40,459.0,80.0
30025,144.9,6.90,22.63,0.1562,6.40,459.0,80.0
30032,144.9,6.90,22.64,0.1562,6.40,459.0,80.0
30039,144.9,6.90,22.64,0.1562,6.40,459.0,80.0
30046,140.8,7.10,22.64,0.1607,6.22,459.0,80.0
30053,142.9,7.00,22.64,0.1585,6.31,459.0,80.0
30060,144.9,6.90,22.64,0.1562,6.40,459.0,80.0
30067,144.9,6.90,22.64,0.1562,6.40,459.0,80.0
30074,142.9,7.00,22.64,0.1585,6.31,459.0,80.0
30081,144.9,6.90,22.64,0.1562,6.40,459.0,80.0
30088,144.9,6.90,22.65,0.1563,6.40,459.0,80.0
30095,142.9,7.00,22.65,0.1585,6.31,459.0,80.0
30102,142.9,7.00,22.65,0.1585,6.31,459.0,80.0
30108,144.9,6.90,22.65,0.1563,6.40,459.0,80.0
30115,144.9,6.90,22.65,0.1563,6.40,459.0,80.0
30122,142.9,7.00,22.65,0.1586,6.31,459.0,80.0
30129,144.9,6.90,22.65,0.1563,6.40,459.0,80.0
30136,142.9,7.00,22.66,0.1586,6.31,459.0,80.0
30143,144.9,6.90,22.66,0.1563,6.40,459.0,80.0
30150,142.9,7.00,22.66,0.1586,6.31,459.0,80.0
30157,147.1,6.80,22.66,0.1541,6.49,459.0,80.0
30164,140.8,7.10,22.66,0.1609,6.21,459.0,80.0
30171,144.9,6.90,22.66,0.1564,6.39,459.0,80.0
30178,142.9,7.00,22.66,0.1586,6.31,459.0,80.0
30185,144.9,6.90,22.66,0.1564,6.39,459.0,80.0
30192,144.9,6.90,22.67,0.1564,6.39,459.0,80.0
30199,144.9,6.90,22.67,0.1564,6.39,459.0,80.0
30206,140.8,7.10,22.67,0.1609,6.21,459.0,80.0
30213,147.1,6.80,22.67,0.1542,6.49,459.0,80.0
30220,142.9,7.00,22.67,0.1587,6.30,459.0,80.0
30227,142.9,7.00,22.67,0.1587,6.30,459.0,80.0
30233,144.9,6.90,22.67,0.1564,6.39,459.0,80.0
30240,144.9,6.90,22.67,0.1565,6.39,459.0,80.0
30247,142.9,7.00,22.68,0.1587,6.30,459.0,80.0
30254,144.9,6.90,22.68,0.1565,6.39,459.0,80.0
30261,142.9,7.00,22.68,0.1588,6.30,459.0,80.0
30268,144.9,6.90,22.68,0.1565,6.39,459.0,80.0
30275,142.9,7.00,22.68,0.1588,6.30,459.0,80.0
30282,144.9,6.90,22.68,0.1565,6.39,459.0,80.0
30289,144.9,6.90,22.68,0.1565,6.39,459.0,80.0
30296,144.9,6.90,22.69,0.1565,6.39,459.0,80.0
30303,140.8,7.10,22.69,0.1611,6.21,459.0,80.0
30310,144.9,6.90,22.69,0.1565,6.39,459.0,80.0
30317,144.9,6.90,22.69,0.1566,6.39,459.0,80.0
30324,142.9,7.00,22.69,0.1588,6.30,459.0,80.0
30331,144.9,6.90,22.69,0.1566,6.39,459.0,80.0
30338,142.9,7.00,22.69,0.1589,6.30,459.0,80.0
30345,144.9,6.90,22.69,0.1566,6.38,459.0,80.0
30352,142.9,7.00,22.70,0.1589,6.30,459.0,80.0
30358,144.9,6.90,22.70,0.1566,6.38,459.0,80.0
30365,142.9,7.00,22.70,0.1589,6.30,459.0,80.0
30372,144.9,6.90,22.70,0.1566,6.38,459.0,80.0
30379,144.9,6.90,22.70,0.1566,6.38,459.0,80.0
30386,142.9,7.00,22.70,0.1589,6.29,459.0,80.0
30393,144.9,6.90,22.70,0.1567,6.38,459.0,80.0
30400,144.9,6.90,22.71,0.1567,6.38,459.0,80.0
30407,142.9,7.00,22.71,0.1589,6.29,459.0,80.0
30414,144.9,6.90,22.71,0.1567,6.38,459.0,80.0
30421,142.9,7.00,22.71,0.1590,6.29,459.0,80.0
30428,144.9,6.90,22.71,0.1567,6.38,459.0,80.0
30435,142.9,7.00,22.71,0.1590,6.29,459.0,80.0
30442,144.9,6.90,22.71,0.1567,6.38,459.0,80.0
30449,144.9,6.90,22.71,0.1567,6.38,459.0,80.0
30456,142.9,7.00,22.72,0.1590,6.29,459.0,80.0
30463,142.9,7.00,22.72,0.1590,6.29,459.0,80.0
30469,147.1,6.80,22.72,0.1545,6.47,459.0,80.0
30476,142.9,7.00,22.72,0.1590,6.29,459.0,80.0
30483,144.9,6.90,22.72,0.1568,6.38,459.0,80.0
30490,140.8,7.10,22.72,0.1613,6.20,459.0,80.0
30497,144.9,6.90,22.72,0.1568,6.38,459.0,80.0
30504,147.1,6.80,22.73,0.1545,6.47,459.0,80.0
30511,140.8,7.10,22.73,0.1614,6.20,459.0,80.0
30518,144.9,6.90,22.73,0.1568,6.38,459.0,80.0
30525,144.9,6.90,22.73,0.1568,6.38,459.0,80.0
30532,144.9,6.90,22.73,0.1568,6.37,459.0,80.0
30539,140.8,7.10,22.73,0.1614,6.19,459.0,80.0
30546,147.1,6.80,22.73,0.1546,6.47,459.0,80.0
30553,144.9,6.90,22.73,0.1569,6.37,459.0,80.0
30560,144.9,6.90,22.74,0.1569,6.37,459.0,80.0
30567,140.8,7.10,22.74,0.1614,6.19,459.0,80.0
30574,144.9,6.90,22.74,0.1569,6.37,459.0,80.0
30581,144.9,6.90,22.74,0.1569,6.37,459.0,80.0
30588,142.9,7.00,22.74,0.1592,6.28,459.0,80.0
30594,144.9,6.90,22.74,0.1569,6.37,459.0,80.0
30601,142.9,7.00,22.74,0.1592,6.28,459.0,80.0
30608,144.9,6.90,22.74,0.1569,6.37,459.0,80.0
30615,142.9,7.00,22.75,0.1592,6.28,459.0,80.0
30622,144.9,6.90,22.75,0.1570,6.37,459.0,80.0
30629,144.9,6.90,22.75,0.1570,6.37,459.0,80.0
30636,142.9,7.00,22.75,0.1593,6.28,459.0,80.0
30643,144.9,6.90,22.75,0.1570,6.37,459.0,80.0
30650,142.9,7.00,22.75,0.1593,6.28,459.0,80.0
30657,144.9,6.90,22.75,0.1570,6.37,459.0,80.0
30664,142.9,7.00,22.76,0.1593,6.28,459.0,80.0
30671,144.9,6.90,22.76,0.1570,6.37,459.0,80.0
30678,144.9,6.90,22.76,0.1570,6.37,459.0,80.0
30685,142.9,7.00,22.76,0.1593,6.28,459.0,80.0
30692,144.9,6.90,22.76,0.1570,6.37,459.0,80.0
30699,142.9,7.00,22.76,0.1593,6.28,459.0,80.0
30706,142.9,7.00,22.76,0.1593,6.28,459.0,80.0
30713,144.9,6.90,22.76,0.1571,6.37,459.0,80.0
30719,144.9,6.90,22.77,0.1571,6.36,459.0,80.0
30726,144.9,6.90,22.77,0.1571,6.36,459.0,80.0
30733,142.9,7.00,22.77,0.1594,6.28,459.0,80.0
30740,144.9,6.90,22.77,0.1571,6.36,459.0,80.0
30747,142.9,7.00,22.77,0.1594,6.28,459.0,80.0
30754,142.9,7.00,22.77,0.1594,6.28,459.0,80.0
30761,144.9,6.90,22.77,0.1571,6.36,459.0,80.0
30768,144.9,6.90,22.78,0.1571,6.36,459.0,80.0
30775,144.9,6.90,22.78,0.1572,6.36,459.0,80.0
30782,142.9,7.00,22.78,0.1594,6.27,459.0,80.0
30789,140.8,7.10,22.78,0.1617,6.18,459.0,80.0
30796,144.9,6.90,22.78,0.1572,6.36,459.0,80.0
30803,144.9,6.90,22.78,0.1572,6.36,459.0,80.0
30810,142.9,7.00,22.78,0.1595,6.27,459.0,80.0
30817,144.9,6.90,22.78,0.1572,6.36,459.0,80.0
30824,144.9,6.90,22.79,0.1572,6.36,459.0,80.0
30831,142.9,7.00,22.79,0.1595,6.27,459.0,80.0
30838,142.9,7.00,22.79,0.1595,6.27,459.0,80.0
30844,147.1,6.80,22.79,0.1550,6.45,459.0,80.0
30851,142.9,7.00,22.79,0.1595,6.27,459.0,80.0
30858,144.9,6.90,22.79,0.1572,6.36,459.0,80.0
30865,142.9,7.00,22.78,0.1595,6.27,459.0,80.0
30872,147.1,6.80,22.78,0.1549,6.46,459.0,80.0
30879,142.9,7.00,22.78,0.1595,6.27,459.0,80.0
30886,142.9,7.00,22.78,0.1594,6.27,459.0,80.0
30893,144.9,6.90,22.78,0.1572,6.36,459.0,80.0
30900,142.9,7.00,22.77,0.1594,6.27,459.0,80.0
30907,144.9,6.90,22.77,0.1571,6.36,459.0,80.0
30914,144.9,6.90,22.77,0.1571,6.36,459.0,80.0
30921,142.9,7.00,22.77,0.1594,6.28,459.0,80.0
30928,142.9,7.00,22.77,0.1594,6.28,459.0,80.0
30935,142.9,7.00,22.76,0.1593,6.28,459.0,80.0
30942,144.9,6.90,22.76,0.1571,6.37,459.0,80.0
30949,144.9,6.90,22.76,0.1570,6.37,459.0,80.0
30956,142.9,7.00,22.76,0.1593,6.28,459.0,80.0
30963,144.9,6.90,22.75,0.1570,6.37,459.0,80.0
30969,144.9,6.90,22.75,0.1570,6.37,459.0,80.0
30976,142.9,7.00,22.75,0.1593,6.28,459.0,80.0
30983,142.9,7.00,22.75,0.1592,6.28,459.0,80.0
30990,144.9,6.90,22.75,0.1570,6.37,459.0,80.0
30997,142.9,7.00,22.74,0.1592,6.28,459.0,80.0
31004,144.9,6.90,22.74,0.1569,6.37,459.0,80.0
31011,142.9,7.00,22.74,0.1592,6.28,459.0,80.0
31018,144.9,6.90,22.74,0.1569,6.37,459.0,80.0
31025,142.9,7.00,22.74,0.1592,6.29,459.0,80.0
31032,144.9,6.90,22.73,0.1569,6.37,459.0,80.0
31039,144.9,6.90,22.73,0.1569,6.37,459.0,80.0
31046,144.9,6.90,22.73,0.1568,6.37,459.0,80.0
31053,142.9,7.00,22.73,0.1591,6.29,459.0,80.0
31060,142.9,7.00,22.73,0.1591,6.29,459.0,80.0
31067,144.9,6.90,22.72,0.1568,6.38,459.0,80.0
31074,142.9,7.00,22.72,0.1591,6.29,459.0,80.0
31081,144.9,6.90,22.72,0.1568,6.38,459.0,80.0
31088,144.9,6.90,22.72,0.1568,6.38,459.0,80.0
31095,142.9,7.00,22.72,0.1590,6.29,459.0,80.0
31101,144.9,6.90,22.71,0.1567,6.38,459.0,80.0
31108,142.9,7.00,22.71,0.1590,6.29,459.0,80.0
31115,144.9,6.90,22.71,0.1567,6.38,459.0,80.0
31122,142.9,7.00,22.71,0.1590,6.29,459.0,80.0
31129,144.9,6.90,22.71,0.1567,6.38,459.0,80.0
31136,142.9,7.00,22.70,0.1589,6.29,459.0,80.0
31143,144.9,6.90,22.70,0.1566,6.38,459.0,80.0
31150,144.9,6.90,22.70,0.1566,6.38,459.0,80.0
31157,142.9,7.00,22.70,0.1589,6.30,459.0,80.0
31164,142.9,7.00,22.69,0.1589,6.30,459.0,80.0
31171,144.9,6.90,22.69,0.1566,6.39,459.0,80.0
31178,144.9,6.90,22.69,0.1566,6.39,459.0,80.0
31185,144.9,6.90,22.69,0.1565,6.39,459.0,80.0
31192,142.9,7.00,22.69,0.1588,6.30,459.0,80.0
31199,142.9,7.00,22.68,0.1588,6.30,459.0,80.0
31206,144.9,6.90,22.68,0.1565,6.39,459.0,80.0
31213,142.9,7.00,22.68,0.1588,6.30,459.0,80.0
31220,144.9,6.90,22.68,0.1565,6.39,459.0,80.0
31226,144.9,6.90,22.68,0.1565,6.39,459.0,80.0
31233,142.9,7.00,22.67,0.1587,6.30,459.0,80.0
31240,144.9,6.90,22.67,0.1564,6.39,459.0,80.0
31247,142.9,7.00,22.67,0.1587,6.30,459.0,80.0
31254,144.9,6.90,22.67,0.1564,6.39,459.0,80.0
31261,144.9,6.90,22.67,0.1564,6.39,459.0,80.0
31268,142.9,7.00,22.66,0.1586,6.31,459.0,80.0
31275,142.9,7.00,22.66,0.1586,6.31,459.0,80.0
31282,144.9,6.90,22.66,0.1563,6.39,459.0,80.0
31289,144.9,6.90,22.66,0.1563,6.40,459.0,80.0
31296,142.9,7.00,22.65,0.1586,6.31,459.0,80.0
31303,147.1,6.80,22.65,0.1540,6.49,459.0,80.0
31310,142.9,7.00,22.65,0.1586,6.31,459.0,80.0
31317,144.9,6.90,22.65,0.1563,6.40,459.0,80.0
31324,140.8,7.10,22.65,0.1608,6.22,459.0,80.0
31331,147.1,6.80,22.64,0.1540,6.50,459.0,80.0
31338,142.9,7.00,22.64,0.1585,6.31,459.0,80.0
31345,142.9,7.00,22.64,0.1585,6.31,459.0,80.0
31351,144.9,6.90,22.64,0.1562,6.40,459.0,80.0
31358,142.9,7.00,22.64,0.1585,6.31,459.0,80.0
31365,144.9,6.90,22.63,0.1562,6.40,459.0,80.0
31372,144.9,6.90,22.63,0.1562,6.40,459.0,80.0
31379,144.9,6.90,22.63,0.1561,6.40,459.0,80.0
31386,142.9,7.00,22.63,0.1584,6.32,459.0,80.0
31393,144.9,6.90,22.63,0.1561,6.40,459.0,80.0
31400,142.9,7.00,22.62,0.1584,6.32,459.0,80.0
31407,142.9,7.00,22.62,0.1584,6.32,459.0,80.0
31414,144.9,6.90,22.62,0.1561,6.41,459.0,80.0
31421,144.9,6.90,22.62,0.1561,6.41,459.0,80.0
31428,142.9,7.00,22.62,0.1583,6.32,459.0,80.0
31435,142.9,7.00,22.61,0.1583,6.32,459.0,80.0
31442,144.9,6.90,22.61,0.1560,6.41,459.0,80.0
31449,144.9,6.90,22.61,0.1560,6.41,459.0,80.0
31456,142.9,7.00,22.61,0.1582,6.32,459.0,80.0
31463,144.9,6.90,22.60,0.1560,6.41,459.0,80.0
31470,142.9,7.00,22.60,0.1582,6.32,459.0,80.0
31476,144.9,6.90,22.60,0.1559,6.41,459.0,80.0
31483,144.9,6.90,22.60,0.1559,6.41,459.0,80.0
31490,142.9,7.00,22.60,0.1582,6.32,459.0,80.0
31497,147.1,6.80,22.59,0.1536,6.51,459.0,80.0
31504,142.9,7.00,22.59,0.1581,6.33,459.0,80.0
31511,142.9,7.00,22.59,0.1581,6.33,459.0,80.0
31518,142.9,7.00,22.59,0.1581,6.33,459.0,80.0
31525,147.1,6.80,22.59,0.1536,6.51,459.0,80.0
31532,142.9,7.00,22.58,0.1581,6.33,459.0,80.0
31539,144.9,6.90,22.58,0.1558,6.42,459.0,80.0
31546,142.9,7.00,22.58,0.1581,6.33,459.0,80.0
31553,144.9,6.90,22.58,0.1558,6.42,459.0,80.0
31560,142.9,7.00,22.58,0.1580,6.33,459.0,80.0
31567,144.9,6.90,22.57,0.1558,6.42,459.0,80.0
31574,142.9,7.00,22.57,0.1580,6.33,459.0,80.0
31581,144.9,6.90,22.57,0.1557,6.42,459.0,80.0
31588,142.9,7.00,22.57,0.1580,6.33,459.0,80.0
31594,144.9,6.90,22.57,0.1557,6.42,459.0,80.0
31601,142.9,7.00,22.56,0.1579,6.33,459.0,80.0
31608,142.9,7.00,22.56,0.1579,6.33,459.0,80.0
31615,144.9,6.90,22.56,0.1557,6.42,459.0,80.0
31622,144.9,6.90,22.56,0.1556,6.42,459.0,80.0
31629,142.9,7.00,22.56,0.1579,6.34,459.0,80.0
31636,142.9,7.00,22.55,0.1579,6.34,459.0,80.0
31643,144.9,6.90,22.55,0.1556,6.43,459.0,80.0
31650,142.9,7.00,22.55,0.1578,6.34,459.0,80.0
31657,144.9,6.90,22.55,0.1556,6.43,459.0,80.0
31664,142.9,7.00,22.54,0.1578,6.34,459.0,80.0
31671,144.9,6.90,22.54,0.1555,6.43,459.0,80.0
31678,144.9,6.90,22.54,0.1555,6.43,459.0,80.0
31685,144.9,6.90,22.54,0.1555,6.43,459.0,80.0
31692,142.9,7.00,22.54,0.1578,6.34,459.0,80.0
31699,144.9,6.90,22.53,0.1555,6.43,459.0,80.0
31706,142.9,7.00,22.53,0.1577,6.34,459.0,80.0
31713,144.9,6.90,22.53,0.1555,6.43,459.0,80.0
31719,144.9,6.90,22.53,0.1554,6.43,459.0,80.0
31726,142.9,7.00,22.53,0.1577,6.34,459.0,80.0
31733,142.9,7.00,22.52,0.1577,6.34,459.0,80.0
31740,144.9,6.90,22.52,0.1554,6.43,459.0,80.0
31747,144.9,6.90,22.52,0.1554,6.43,459.0,80.0
31754,147.1,6.80,22.52,0.1531,6.53,459.0,80.0
31761,140.8,7.10,22.52,0.1599,6.25,459.0,80.0
31768,144.9,6.90,22.51,0.1553,6.44,459.0,80.0
31775,142.9,7.00,22.51,0.1576,6.35,459.0,80.0
31782,144.9,6.90,22.51,0.1553,6.44,459.0,80.0
31789,144.9,6.90,22.51,0.1553,6.44,459.0,80.0
31796,142.9,7.00,22.50,0.1575,6.35,459.0,80.0
31803,144.9,6.90,22.50,0.1553,6.44,459.0,80.0
31810,142.9,7.00,22.50,0.1575,6.35,459.0,80.0
31817,144.9,6.90,22.50,0.1552,6.44,459.0,80.0
31824,142.9,7.00,22.50,0.1575,6.35,459.0,80.0
31831,142.9,7.00,22.49,0.1575,6.35,459.0,80.0
31838,144.9,6.90,22.49,0.1552,6.44,459.0,80.0
31845,142.9,7.00,22.49,0.1574,6.35,459.0,80.0
31852,142.9,7.00,22.49,0.1574,6.35,459.0,80.0
31858,144.9,6.90,22.49,0.1552,6.44,459.0,80.0
31865,144.9,6.90,22.48,0.1551,6.44,459.0,80.0
31872,144.9,6.90,22.48,0.1551,6.44,459.0,80.0
31879,142.9,7.00,22.48,0.1574,6.36,459.0,80.0
31886,142.9,7.00,22.48,0.1574,6.36,459.0,80.0
31893,147.1,6.80,22.48,0.1528,6.54,459.0,80.0
31900,142.9,7.00,22.47,0.1573,6.36,459.0,80.0
31907,142.9,7.00,22.47,0.1573,6.36,459.0,80.0
31914,144.9,6.90,22.47,0.1550,6.45,459.0,80.0
31921,142.9,7.00,22.47,0.1573,6.36,459.0,80.0
31928,144.9,6.90,22.47,0.1550,6.45,459.0,80.0
31935,142.9,7.00,22.47,0.1573,6.36,459.0,80.0
31942,147.1,6.80,22.46,0.1527,6.55,459.0,80.0
31949,142.9,7.00,22.46,0.1572,6.36,459.0,80.0
31956,142.9,7.00,22.46,0.1572,6.36,459.0,80.0
31963,144.9,6.90,22.46,0.1550,6.45,459.0,80.0
31969,144.9,6.90,22.46,0.1549,6.45,459.0,80.0
31976,142.9,7.00,22.45,0.1572,6.36,459.0,80.0
31983,142.9,7.00,22.45,0.1572,6.36,459.0,80.0
31990,144.9,6.90,22.45,0.1549,6.45,459.0,80.0
31997,144.9,6.90,22.45,0.1549,6.45,459.0,80.0
32004,142.9,7.00,22.45,0.1571,6.37,459.0,80.0
32011,144.9,6.90,22.44,0.1549,6.46,459.0,80.0
32018,144.9,6.90,22.44,0.1548,6.46,459.0,80.0
32025,142.9,7.00,22.44,0.1571,6.37,459.0,80.0
32032,142.9,7.00,22.44,0.1571,6.37,459.0,80.0
32039,144.9,6.90,22.44,0.1548,6.46,459.0,80.0
32046,142.9,7.00,22.43,0.1570,6.37,459.0,80.0
32053,144.9,6.90,22.43,0.1548,6.46,459.0,80.0
32060,144.9,6.90,22.43,0.1548,6.46,459.0,80.0
32067,142.9,7.00,22.43,0.1570,6.37,459.0,80.0
32074,142.9,7.00,22.43,0.1570,6.37,459.0,80.0
32081,147.1,6.80,22.42,0.1525,6.56,459.0,80.0
32088,142.9,7.00,22.42,0.1570,6.37,459.0,80.0
32095,142.9,7.00,22.42,0.1569,6.37,459.0,80.0
32101,144.9,6.90,22.42,0.1547,6.46,459.0,80.0
32108,142.9,7.00,22.42,0.1569,6.37,459.0,80.0
32115,144.9,6.90,22.41,0.1547,6.46,459.0,80.0
32122,142.9,7.00,22.41,0.1569,6.38,459.0,80.0
32129,144.9,6.90,22.41,0.1546,6.47,459.0,80.0
32136,144.9,6.90,22.41,0.1546,6.47,459.0,80.0
32143,144.9,6.90,22.41,0.1546,6.47,459.0,80.0
32150,142.9,7.00,22.40,0.1568,6.38,459.0,80.0
32157,142.9,7.00,22.40,0.1568,6.38,459.0,80.0
32164,142.9,7.00,22.40,0.1568,6.38,459.0,80.0
32171,147.1,6.80,22.40,0.1523,6.57,459.0,80.0
32178,142.9,7.00,22.40,0.1568,6.38,459.0,80.0
32185,144.9,6.90,22.40,0.1545,6.47,459.0,80.0
32192,142.9,7.00,22.39,0.1568,6.38,459.0,80.0
32199,144.9,6.90,22.39,0.1545,6.47,459.0,80.0
32206,142.9,7.00,22.39,0.1567,6.38,459.0,80.0
32213,142.9,7.00,22.39,0.1567,6.38,459.0,80.0
32219,147.1,6.80,22.39,0.1522,6.57,459.0,80.0
32226,142.9,7.00,22.38,0.1567,6.38,459.0,80.0
32233,142.9,7.00,22.38,0.1567,6.38,459.0,80.0
32240,144.9,6.90,22.38,0.1544,6.47,459.0,80.0
32247,144.9,6.90,22.38,0.1544,6.48,459.0,80.0
32254,144.9,6.90,22.38,0.1544,6.48,459.0,80.0
32261,142.9,7.00,22.37,0.1566,6.39,459.0,80.0
32268,142.9,7.00,22.37,0.1566,6.39,459.0,80.0
32275,144.9,6.90,22.37,0.1544,6.48,459.0,80.0
32282,142.9,7.00,22.37,0.1566,6.39,459.0,80.0
32289,144.9,6.90,22.37,0.1543,6.48,459.0,80.0
32296,142.9,7.00,22.36,0.1565,6.39,459.0,80.0
32303,144.9,6.90,22.36,0.1543,6.48,459.0,80.0
32310,144.9,6.90,22.36,0.1543,6.48,459.0,80.0
32317,142.9,7.00,22.36,0.1565,6.39,459.0,80.0
32324,147.1,6.80,22.36,0.1520,6.58,459.0,80.0
32331,142.9,7.00,22.35,0.1565,6.39,459.0,80.0
32338,140.8,7.10,22.35,0.1587,6.30,459.0,80.0
32344,147.1,6.80,22.35,0.1520,6.58,459.0,80.0
32351,142.9,7.00,22.35,0.1564,6.39,459.0,80.0
32358,144.9,6.90,22.35,0.1542,6.48,459.0,80.0
32365,142.9,7.00,22.34,0.1564,6.40,459.0,80.0
32372,142.9,7.00,22.34,0.1564,6.40,459.0,80.0
32379,147.1,6.80,22.34,0.1519,6.58,459.0,80.0
32386,144.9,6.90,22.34,0.1541,6.49,459.0,80.0
32393,142.9,7.00,22.34,0.1564,6.40,459.0,80.0
32400,144.9,6.90,22.33,0.1541,6.49,459.0,80.0
32407,140.8,7.10,22.33,0.1586,6.30,459.0,80.0
32414,144.9,6.90,22.33,0.1541,6.49,459.0,80.0
32421,142.9,7.00,22.33,0.1563,6.40,459.0,80.0
32428,147.1,6.80,22.33,0.1518,6.59,459.0,80.0
32435,140.8,7.10,22.33,0.1585,6.31,459.0,80.0
32442,147.1,6.80,22.32,0.1518,6.59,459.0,80.0
32449,140.8,7.10,22.32,0.1585,6.31,459.0,80.0
32456,144.9,6.90,22.32,0.1540,6.49,459.0,80.0
32463,142.9,7.00,22.32,0.1562,6.40,459.0,80.0
32470,144.9,6.90,22.32,0.1540,6.49,459.0,80.0
32476,147.1,6.80,22.31,0.1517,6.59,459.0,80.0
32483,144.9,6.90,22.31,0.1540,6.49,459.0,80.0
32490,142.9,7.00,22.31,0.1562,6.41,459.0,80.0
32497,144.9,6.90,22.31,0.1539,6.50,459.0,80.0
32504,142.9,7.00,22.31,0.1561,6.41,459.0,80.0
32511,144.9,6.90,22.30,0.1539,6.50,459.0,80.0
32518,142.9,7.00,22.30,0.1561,6.41,459.0,80.0
32525,144.9,6.90,22.30,0.1539,6.50,459.0,80.0
32532,144.9,6.90,22.30,0.1539,6.50,459.0,80.0
32539,142.9,7.00,22.30,0.1561,6.41,459.0,80.0
32546,144.9,6.90,22.29,0.1538,6.50,459.0,80.0
32553,142.9,7.00,22.29,0.1560,6.41,459.0,80.0
32560,144.9,6.90,22.29,0.1538,6.50,459.0,80.0
32567,142.9,7.00,22.29,0.1560,6.41,459.0,80.0
32574,144.9,6.90,22.29,0.1538,6.50,459.0,80.0
32581,142.9,7.00,22.28,0.1560,6.41,459.0,80.0
32587,144.9,6.90,22.28,0.1537,6.50,459.0,80.0
32594,142.9,7.00,22.28,0.1560,6.41,459.0,80.0
32601,144.9,6.90,22.28,0.1537,6.50,459.0,80.0
32608,142.9,7.00,22.28,0.1559,6.41,459.0,80.0
32615,144.9,6.90,22.27,0.1537,6.51,459.0,80.0
32622,142.9,7.00,22.27,0.1559,6.42,459.0,80.0
32629,144.9,6.90,22.27,0.1537,6.51,459.0,80.0
32636,144.9,6.90,22.27,0.1537,6.51,459.0,80.0
32643,144.9,6.90,22.27,0.1536,6.51,459.0,80.0
32650,142.9,7.00,22.26,0.1559,6.42,459.0,80.0
32657,144.9,6.90,22.26,0.1536,6.51,459.0,80.0
32664,140.8,7.10,22.26,0.1581,6.32,459.0,80.0
32671,144.9,6.90,22.26,0.1536,6.51,459.0,80.0
32678,144.9,6.90,22.26,0.1536,6.51,459.0,80.0
32685,142.9,7.00,22.26,0.1558,6.42,459.0,80.0
32692,144.9,6.90,22.25,0.1535,6.51,459.0,80.0
32699,142.9,7.00,22.25,0.1558,6.42,459.0,80.0
32706,144.9,6.90,22.25,0.1535,6.51,459.0,80.0
32712,144.9,6.90,22.25,0.1535,6.51,459.0,80.0
32719,144.9,6.90,22.25,0.1535,6.51,459.0,80.0
32726,140.8,7.10,22.24,0.1579,6.33,459.0,80.0
32733,144.9,6.90,22.24,0.1535,6.51,459.0,80.0
32740,144.9,6.90,22.24,0.1535,6.52,459.0,80.0
32747,144.9,6.90,22.24,0.1534,6.52,459.0,80.0
32754,144.9,6.90,22.24,0.1534,6.52,459.0,80.0
32761,142.9,7.00,22.23,0.1556,6.43,459.0,80.0
32768,140.8,7.10,22.23,0.1578,6.33,459.0,80.0
32775,144.9,6.90,22.23,0.1534,6.52,459.0,80.0
32782,144.9,6.90,22.23,0.1534,6.52,459.0,80.0
32789,142.9,7.00,22.23,0.1556,6.43,459.0,80.0
32796,144.9,6.90,22.22,0.1533,6.52,459.0,80.0
32803,144.9,6.90,22.22,0.1533,6.52,459.0,80.0
32810,142.9,7.00,22.22,0.1555,6.43,459.0,80.0
32817,142.9,7.00,22.22,0.1555,6.43,459.0,80.0
32824,144.9,6.90,22.22,0.1533,6.52,459.0,80.0
32831,142.9,7.00,22.21,0.1555,6.43,459.0,80.0
32838,144.9,6.90,22.21,0.1533,6.52,459.0,80.0
32845,142.9,7.00,22.21,0.1555,6.43,459.0,80.0
32851,144.9,6.90,22.21,0.1532,6.52,459.0,80.0
32858,144.9,6.90,22.21,0.1532,6.53,459.0,80.0
32865,142.9,7.00,22.20,0.1554,6.44,459.0,80.0
32872,144.9,6.90,22.20,0.1532,6.53,459.0,80.0
32879,142.9,7.00,22.20,0.1554,6.44,459.0,80.0
32886,142.9,7.00,22.19,0.1554,6.44,459.0,80.0
32893,147.1,6.80,22.19,0.1509,6.63,459.0,80.0
32900,142.9,7.00,22.19,0.1553,6.44,459.0,80.0
32907,144.9,6.90,22.19,0.1531,6.53,459.0,80.0
32914,142.9,7.00,22.18,0.1553,6.44,459.0,80.0
32921,142.9,7.00,22.18,0.1553,6.44,459.0,80.0
32928,144.9,6.90,22.18,0.1530,6.53,459.0,80.0
32935,142.9,7.00,22.18,0.1552,6.44,459.0,80.0
32942,147.1,6.80,22.17,0.1508,6.63,459.0,80.0
32949,142.9,7.00,22.17,0.1552,6.45,459.0,80.0
32956,142.9,7.00,22.17,0.1552,6.45,459.0,80.0
32963,144.9,6.90,22.17,0.1529,6.54,459.0,80.0
32969,144.9,6.90,22.16,0.1529,6.54,459.0,80.0
32976,144.9,6.90,22.16,0.1529,6.54,459.0,80.0
32983,144.9,6.90,22.16,0.1529,6.54,459.0,80.0
32990,142.9,7.00,22.16,0.1551,6.45,459.0,80.0
32997,144.9,6.90,22.15,0.1529,6.54,459.0,80.0
33004,142.9,7.00,22.15,0.1550,6.45,459.0,80.0
33011,144.9,6.90,22.15,0.1528,6.54,459.0,80.0
33018,140.8,7.10,22.14,0.1572,6.36,459.0,80.0
33025,144.9,6.90,22.14,0.1528,6.54,459.0,80.0
33032,142.9,7.00,22.14,0.1550,6.45,459.0,80.0
33039,144.9,6.90,22.14,0.1527,6.55,459.0,80.0
33046,144.9,6.90,22.13,0.1527,6.55,459.0,80.0
33053,144.9,6.90,22.13,0.1527,6.55,459.0,80.0
33060,144.9,6.90,22.13,0.1527,6.55,459.0,80.0
33067,144.9,6.90,22.13,0.1527,6.55,459.0,80.0
33074,142.9,7.00,22.12,0.1549,6.46,459.0,80.0
33080,144.9,6.90,22.12,0.1526,6.55,459.0,80.0
33087,142.9,7.00,22.12,0.1548,6.46,459.0,80.0
33094,142.9,7.00,22.12,0.1548,6.46,459.0,80.0
33101,144.9,6.90,22.11,0.1526,6.55,459.0,80.0
33108,144.9,6.90,22.11,0.1526,6.55,459.0,80.0
33115,142.9,7.00,22.11,0.1548,6.46,459.0,80.0
33122,144.9,6.90,22.11,0.1525,6.56,459.0,80.0
33129,142.9,7.00,22.10,0.1547,6.47,459.0,80.0
33136,144.9,6.90,22.10,0.1525,6.56,459.0,80.0
33143,144.9,6.90,22.10,0.1525,6.56,459.0,80.0
33150,142.9,7.00,22.09,0.1547,6.47,459.0,80.0
33157,142.9,7.00,22.09,0.1546,6.47,459.0,80.0
33164,144.9,6.90,22.09,0.1524,6.56,459.0,80.0
33171,144.9,6.90,22.09,0.1524,6.56,459.0,80.0
33178,144.9,6.90,22.08,0.1524,6.56,459.0,80.0
33185,142.9,7.00,22.08,0.1546,6.47,459.0,80.0
33192,142.9,7.00,22.08,0.1545,6.47,459.0,80.0
33199,142.9,7.00,22.08,0.1545,6.47,459.0,80.0
33206,144.9,6.90,22.07,0.1523,6.56,459.0,80.0
33212,144.9,6.90,22.07,0.1523,6.57,459.0,80.0
33219,144.9,6.90,22.07,0.1523,6.57,459.0,80.0
33226,142.9,7.00,22.07,0.1545,6.48,459.0,80.0
33233,144.9,6.90,22.06,0.1522,6.57,459.0,80.0
33240,142.9,7.00,22.06,0.1544,6.48,459.0,80.0
33247,144.9,6.90,22.06,0.1522,6.57,459.0,80.0
33254,140.8,7.10,22.05,0.1566,6.38,459.0,80.0
33261,144.9,6.90,22.05,0.1522,6.57,459.0,80.0
33268,144.9,6.90,22.05,0.1521,6.57,459.0,80.0
33275,142.9,7.00,22.05,0.1543,6.48,459.0,80.0
33282,144.9,6.90,22.04,0.1521,6.57,459.0,80.0
33289,144.9,6.90,22.04,0.1521,6.57,459.0,80.0
33296,144.9,6.90,22.04,0.1521,6.57,459.0,80.0
33303,142.9,7.00,22.04,0.1543,6.48,459.0,80.0
33310,142.9,7.00,22.03,0.1542,6.49,459.0,80.0
33317,144.9,6.90,22.03,0.1520,6.58,459.0,80.0
33324,144.9,6.90,22.03,0.1520,6.58,459.0,80.0
33331,140.8,7.10,22.03,0.1564,6.39,459.0,80.0
33338,144.9,6.90,22.02,0.1520,6.58,459.0,80.0
33345,142.9,7.00,22.02,0.1541,6.49,459.0,80.0
33351,147.1,6.80,22.02,0.1497,6.68,459.0,80.0
33358,140.8,7.10,22.02,0.1563,6.40,459.0,80.0
33365,147.1,6.80,22.01,0.1497,6.68,459.0,80.0
33372,142.9,7.00,22.01,0.1541,6.49,459.0,80.0
33379,142.9,7.00,22.01,0.1541,6.49,459.0,80.0
33386,144.9,6.90,22.00,0.1518,6.58,459.0,80.0
33393,144.9,6.90,22.00,0.1518,6.59,459.0,80.0
33400,142.9,7.00,22.00,0.1540,6.50,459.0,80.0
33407,142.9,7.00,22.00,0.1540,6.50,459.0,80.0
33414,147.1,6.80,21.99,0.1496,6.69,459.0,80.0
33421,142.9,7.00,21.99,0.1539,6.50,459.0,80.0
33428,142.9,7.00,21.99,0.1539,6.50,459.0,80.0
33435,144.9,6.90,21.99,0.1517,6.59,459.0,80.0
33442,144.9,6.90,21.98,0.1517,6.59,459.0,80.0
33449,142.9,7.00,21.98,0.1539,6.50,459.0,80.0
33456,142.9,7.00,21.98,0.1538,6.50,459.0,80.0
33463,142.9,7.00,21.98,0.1538,6.50,459.0,80.0
33470,144.9,6.90,21.97,0.1516,6.59,459.0,80.0
33476,147.1,6.80,21.97,0.1494,6.70,459.0,80.0
33483,142.9,7.00,21.97,0.1538,6.50,459.0,80.0
33490,142.9,7.00,21.97,0.1538,6.51,459.0,80.0
33497,147.1,6.80,21.96,0.1493,6.70,459.0,80.0
33504,142.9,7.00,21.96,0.1537,6.51,459.0,80.0
33511,140.8,7.10,21.96,0.1559,6.41,459.0,80.0
33518,144.9,6.90,21.95,0.1515,6.60,459.0,80.0
33525,147.1,6.80,21.95,0.1493,6.70,459.0,80.0
33532,140.8,7.10,21.95,0.1558,6.41,459.0,80.0
33539,147.1,6.80,21.95,0.1492,6.70,459.0,80.0
33546,144.9,6.90,21.94,0.1514,6.60,459.0,80.0
33553,142.9,7.00,21.94,0.1536,6.51,459.0,80.0
33560,144.9,6.90,21.94,0.1514,6.60,459.0,80.0
33567,142.9,7.00,21.94,0.1536,6.51,459.0,80.0
33574,144.9,6.90,21.93,0.1513,6.61,459.0,80.0
33581,142.9,7.00,21.93,0.1535,6.52,459.0,80.0
33588,142.9,7.00,21.93,0.1535,6.52,459.0,80.0
33594,147.1,6.80,21.93,0.1491,6.71,459.0,80.0
33601,142.9,7.00,21.92,0.1535,6.52,459.0,80.0
33608,144.9,6.90,21.92,0.1513,6.61,459.0,80.0
33615,144.9,6.90,21.92,0.1512,6.61,459.0,80.0
33622,140.8,7.10,21.92,0.1556,6.42,459.0,80.0
33629,144.9,6.90,21.91,0.1512,6.61,459.0,80.0
33636,144.9,6.90,21.91,0.1512,6.61,459.0,80.0
33643,142.9,7.00,21.91,0.1533,6.52,459.0,80.0
33650,144.9,6.90,21.90,0.1511,6.62,459.0,80.0
33657,144.9,6.90,21.90,0.1511,6.62,459.0,80.0
33664,142.9,7.00,21.90,0.1533,6.53,459.0,80.0
33671,142.9,7.00,21.90,0.1533,6.53,459.0,80.0
33678,144.9,6.90,21.89,0.1511,6.62,459.0,80.0
33685,144.9,6.90,21.89,0.1510,6.62,459.0,80.0
33692,142.9,7.00,21.89,0.1532,6.53,459.0,80.0
33699,144.9,6.90,21.89,0.1510,6.62,459.0,80.0
33706,140.8,7.10,21.88,0.1554,6.43,459.0,80.0
33713,144.9,6.90,21.88,0.1510,6.62,459.0,80.0
33719,144.9,6.90,21.88,0.1510,6.62,459.0,80.0
33726,144.9,6.90,21.88,0.1509,6.62,459.0,80.0
33733,142.9,7.00,21.87,0.1531,6.53,459.0,80.0
33740,147.1,6.80,21.87,0.1487,6.73,459.0,80.0
33747,140.8,7.10,21.87,0.1553,6.44,459.0,80.0
33754,144.9,6.90,21.86,0.1509,6.63,459.0,80.0
33761,144.9,6.90,21.86,0.1508,6.63,459.0,80.0
33768,144.9,6.90,21.86,0.1508,6.63,459.0,80.0
33775,142.9,7.00,21.86,0.1530,6.54,459.0,80.0
33782,142.9,7.00,21.85,0.1530,6.54,459.0,80.0
33789,144.9,6.90,21.85,0.1508,6.63,459.0,80.0
33796,144.9,6.90,21.85,0.1508,6.63,459.0,80.0
33803,142.9,7.00,21.85,0.1529,6.54,459.0,80.0
33810,144.9,6.90,21.84,0.1507,6.63,459.0,80.0
33817,140.8,7.10,21.84,0.1551,6.45,459.0,80.0
33824,144.9,6.90,21.84,0.1507,6.64,459.0,80.0
33831,144.9,6.90,21.84,0.1507,6.64,459.0,80.0
33837,144.9,6.90,21.83,0.1507,6.64,459.0,80.0
33844,142.9,7.00,21.83,0.1528,6.55,459.0,80.0
33851,144.9,6.90,21.83,0.1506,6.64,459.0,80.0
33858,142.9,7.00,21.83,0.1528,6.55,459.0,80.0
33865,144.9,6.90,21.83,0.1506,6.64,459.0,80.0
33872,142.9,7.00,21.83,0.1528,6.54,459.0,80.0
33879,144.9,6.90,21.83,0.1507,6.64,459.0,80.0
33886,142.9,7.00,21.84,0.1528,6.54,459.0,80.0
33893,142.9,7.00,21.84,0.1529,6.54,459.0,80.0
33900,144.9,6.90,21.84,0.1507,6.64,459.0,80.0
33907,144.9,6.90,21.84,0.1507,6.64,459.0,80.0
33914,142.9,7.00,21.84,0.1529,6.54,459.0,80.0
33921,144.9,6.90,21.84,0.1507,6.63,459.0,80.0
33928,144.9,6.90,21.84,0.1507,6.63,459.0,80.0
33935,142.9,7.00,21.84,0.1529,6.54,459.0,80.0
33942,142.9,7.00,21.84,0.1529,6.54,459.0,80.0
33949,144.9,6.90,21.84,0.1507,6.63,459.0,80.0
33956,144.9,6.90,21.85,0.1507,6.63,459.0,80.0
33963,142.9,7.00,21.85,0.1529,6.54,459.0,80.0
33969,147.1,6.80,21.85,0.1486,6.73,459.0,80.0
33976,140.8,7.10,21.85,0.1551,6.44,459.0,80.0
33983,142.9,7.00,21.85,0.1529,6.54,459.0,80.0
33990,149.3,6.70,21.85,0.1464,6.83,459.0,80.0
33997,140.8,7.10,21.85,0.1551,6.44,459.0,80.0
34004,144.9,6.90,21.85,0.1508,6.63,459.0,80.0
34011,142.9,7.00,21.85,0.1530,6.54,459.0,80.0
34018,144.9,6.90,21.85,0.1508,6.63,459.0,80.0
34025,142.9,7.00,21.86,0.1530,6.54,459.0,80.0
34032,144.9,6.90,21.86,0.1508,6.63,459.0,80.0
34039,142.9,7.00,21.86,0.1530,6.54,459.0,80.0
34046,144.9,6.90,21.86,0.1508,6.63,459.0,80.0
34053,142.9,7.00,21.86,0.1530,6.54,459.0,80.0
34060,144.9,6.90,21.86,0.1508,6.63,459.0,80.0
34067,144.9,6.90,21.86,0.1508,6.63,459.0,80.0
34074,144.9,6.90,21.86,0.1508,6.63,459.0,80.0
34081,142.9,7.00,21.86,0.1530,6.54,459.0,80.0
34087,144.9,6.90,21.86,0.1509,6.63,459.0,80.0
34094,142.9,7.00,21.86,0.1531,6.54,459.0,80.0
34101,144.9,6.90,21.87,0.1509,6.63,459.0,80.0
34108,142.9,7.00,21.87,0.1531,6.54,459.0,80.0
34115,147.1,6.80,21.87,0.1487,6.73,459.0,80.0
34122,142.9,7.00,21.87,0.1531,6.53,459.0,80.0
34129,142.9,7.00,21.87,0.1531,6.53,459.0,80.0
34136,144.9,6.90,21.87,0.1509,6.63,459.0,80.0
34143,142.9,7.00,21.87,0.1531,6.53,459.0,80.0
34150,142.9,7.00,21.87,0.1531,6.53,459.0,80.0
34157,142.9,7.00,21.87,0.1531,6.53,459.0,80.0
34164,144.9,6.90,21.87,0.1509,6.62,459.0,80.0
34171,144.9,6.90,21.88,0.1509,6.62,459.0,80.0
34178,144.9,6.90,21.88,0.1509,6.62,459.0,80.0
34185,144.9,6.90,21.88,0.1510,6.62,459.0,80.0
34192,142.9,7.00,21.88,0.1531,6.53,459.0,80.0
34199,142.9,7.00,21.88,0.1532,6.53,459.0,80.0
34206,144.9,6.90,21.88,0.1510,6.62,459.0,80.0
34213,142.9,7.00,21.88,0.1532,6.53,459.0,80.0
34219,144.9,6.90,21.88,0.1510,6.62,459.0,80.0
34226,144.9,6.90,21.88,0.1510,6.62,459.0,80.0
34233,142.9,7.00,21.88,0.1532,6.53,459.0,80.0
34240,142.9,7.00,21.89,0.1532,6.53,459.0,80.0
34247,144.9,6.90,21.89,0.1510,6.62,459.0,80.0
34254,142.9,7.00,21.89,0.1532,6.53,459.0,80.0
34261,144.9,6.90,21.89,0.1510,6.62,459.0,80.0
34268,144.9,6.90,21.89,0.1510,6.62,459.0,80.0
34275,142.9,7.00,21.89,0.1532,6.53,459.0,80.0
34282,144.9,6.90,21.89,0.1510,6.62,459.0,80.0
34289,142.9,7.00,21.89,0.1532,6.53,459.0,80.0
34296,144.9,6.90,21.89,0.1511,6.62,459.0,80.0
34303,147.1,6.80,21.89,0.1489,6.72,459.0,80.0
34310,140.8,7.10,21.89,0.1555,6.43,459.0,80.0
34317,142.9,7.00,21.90,0.1533,6.53,459.0,80.0
34324,144.9,6.90,21.90,0.1511,6.62,459.0,80.0
34331,144.9,6.90,21.90,0.1511,6.62,459.0,80.0
34337,144.9,6.90,21.90,0.1511,6.62,459.0,80.0
34344,144.9,6.90,21.90,0.1511,6.62,459.0,80.0
34351,142.9,7.00,21.90,0.1533,6.52,459.0,80.0
34358,144.9,6.90,21.90,0.1511,6.62,459.0,80.0
34365,142.9,7.00,21.90,0.1533,6.52,459.0,80.0
34372,142.9,7.00,21.90,0.1533,6.52,459.0,80.0
34379,144.9,6.90,21.90,0.1511,6.62,459.0,80.0
34386,142.9,7.00,21.91,0.1533,6.52,459.0,80.0
34393,147.1,6.80,21.91,0.1490,6.71,459.0,80.0
34400,140.8,7.10,21.91,0.1555,6.43,459.0,80.0
34407,142.9,7.00,21.91,0.1534,6.52,459.0,80.0
34414,147.1,6.80,21.91,0.1490,6.71,459.0,80.0
34421,142.9,7.00,21.91,0.1534,6.52,459.0,80.0
34428,144.9,6.90,21.91,0.1512,6.61,459.0,80.0
34435,142.9,7.00,21.91,0.1534,6.52,459.0,80.0
34442,142.9,7.00,21.91,0.1534,6.52,459.0,80.0
34449,144.9,6.90,21.91,0.1512,6.61,459.0,80.0
34456,144.9,6.90,21.92,0.1512,6.61,459.0,80.0
34463,142.9,7.00,21.92,0.1534,6.52,459.0,80.0
34469,144.9,6.90,21.92,0.1512,6.61,459.0,80.0
34476,142.9,7.00,21.92,0.1534,6.52,459.0,80.0
34483,147.1,6.80,21.92,0.1491,6.71,459.0,80.0
34490,142.9,7.00,21.92,0.1534,6.52,459.0,80.0
34497,144.9,6.90,21.92,0.1513,6.61,459.0,80.0
34504,142.9,7.00,21.92,0.1535,6.52,459.0,80.0
34511,142.9,7.00,21.92,0.1535,6.52,459.0,80.0
34518,142.9,7.00,21.92,0.1535,6.52,459.0,80.0
34525,144.9,6.90,21.93,0.1513,6.61,459.0,80.0
34532,144.9,6.90,21.93,0.1513,6.61,459.0,80.0
34539,142.9,7.00,21.93,0.1535,6.52,459.0,80.0
34546,147.1,6.80,21.93,0.1491,6.71,459.0,80.0
34553,144.9,6.90,21.93,0.1513,6.61,459.0,80.0
34560,142.9,7.00,21.93,0.1535,6.52,459.0,80.0
34567,144.9,6.90,21.93,0.1513,6.61,459.0,80.0
34574,142.9,7.00,21.93,0.1535,6.52,459.0,80.0
34581,142.9,7.00,21.93,0.1535,6.52,459.0,80.0
34587,147.1,6.80,21.93,0.1491,6.71,459.0,80.0
34594,142.9,7.00,21.93,0.1535,6.51,459.0,80.0
34601,144.9,6.90,21.94,0.1514,6.61,459.0,80.0
34608,140.8,7.10,21.94,0.1558,6.42,459.0,80.0
34615,144.9,6.90,21.94,0.1514,6.61,459.0,80.0
34622,144.9,6.90,21.94,0.1514,6.60,459.0,80.0
34629,144.9,6.90,21.94,0.1514,6.60,459.0,80.0
34636,142.9,7.00,21.94,0.1536,6.51,459.0,80.0
34643,142.9,7.00,21.94,0.1536,6.51,459.0,80.0
34650,144.9,6.90,21.94,0.1514,6.60,459.0,80.0
34657,144.9,6.90,21.94,0.1514,6.60,459.0,80.0
34664,142.9,7.00,21.94,0.1536,6.51,459.0,80.0
34671,144.9,6.90,21.95,0.1514,6.60,459.0,80.0
34678,142.9,7.00,21.95,0.1536,6.51,459.0,80.0
34685,144.9,6.90,21.95,0.1514,6.60,459.0,80.0
34692,142.9,7.00,21.95,0.1536,6.51,459.0,80.0
34699,142.9,7.00,21.95,0.1536,6.51,459.0,80.0
34705,147.1,6.80,21.95,0.1493,6.70,459.0,80.0
34712,142.9,7.00,21.95,0.1537,6.51,459.0,80.0
34719,144.9,6.90,21.95,0.1515,6.60,459.0,80.0
34726,142.9,7.00,21.95,0.1537,6.51,459.0,80.0
34733,144.9,6.90,21.95,0.1515,6.60,459.0,80.0
34740,142.9,7.00,21.96,0.1537,6.51,459.0,80.0
34747,144.9,6.90,21.96,0.1515,6.60,459.0,80.0
34754,142.9,7.00,21.96,0.1537,6.51,459.0,80.0
34761,144.9,6.90,21.96,0.1515,6.60,459.0,80.0
34768,144.9,6.90,21.96,0.1515,6.60,459.0,80.0
34775,142.9,7.00,21.96,0.1537,6.51,459.0,80.0
34782,144.9,6.90,21.96,0.1515,6.60,459.0,80.0
34789,142.9,7.00,21.96,0.1537,6.51,459.0,80.0
34796,142.9,7.00,21.96,0.1537,6.51,459.0,80.0
34803,144.9,6.90,21.96,0.1516,6.60,459.0,80.0
34810,144.9,6.90,21.96,0.1516,6.60,459.0,80.0
34817,144.9,6.90,21.97,0.1516,6.60,459.0,80.0
34824,140.8,7.10,21.97,0.1560,6.41,459.0,80.0
34831,144.9,6.90,21.97,0.1516,6.60,459.0,80.0
34837,144.9,6.90,21.97,0.1516,6.60,459.0,80.0
34844,144.9,6.90,21.97,0.1516,6.60,459.0,80.0
34851,142.9,7.00,21.97,0.1538,6.50,459.0,80.0
34858,144.9,6.90,21.97,0.1516,6.60,459.0,80.0
34865,142.9,7.00,21.97,0.1538,6.50,459.0,80.0
34872,142.9,7.00,21.97,0.1538,6.50,459.0,80.0
34879,144.9,6.90,21.97,0.1516,6.60,459.0,80.0
34886,144.9,6.90,21.97,0.1516,6.60,459.0,80.0
34893,142.9,7.00,21.97,0.1538,6.50,459.0,80.0
34900,142.9,7.00,21.97,0.1538,6.50,459.0,80.0
34907,144.9,6.90,21.97,0.1516,6.60,459.0,80.0
34914,142.9,7.00,21.97,0.1538,6.50,459.0,80.0
34921,144.9,6.90,21.97,0.1516,6.60,459.0,80.0
34928,142.9,7.00,21.97,0.1538,6.50,459.0,80.0
34935,147.1,6.80,21.97,0.1494,6.70,459.0,80.0
34942,140.8,7.10,21.97,0.1560,6.41,459.0,80.0
34949,147.1,6.80,21.97,0.1494,6.70,459.0,80.0
34956,142.9,7.00,21.97,0.1538,6.50,459.0,80.0
34963,142.9,7.00,21.97,0.1538,6.50,459.0,80.0
34969,144.9,6.90,21.97,0.1516,6.59,459.0,80.0
34976,142.9,7.00,21.97,0.1538,6.50,459.0,80.0
34983,144.9,6.90,21.97,0.1516,6.59,459.0,80.0
34990,144.9,6.90,21.97,0.1516,6.59,459.0,80.0
34997,142.9,7.00,21.97,0.1538,6.50,459.0,80.0
35004,144.9,6.90,21.97,0.1516,6.59,459.0,80.0
35011,142.9,7.00,21.97,0.1538,6.50,459.0,80.0
35018,142.9,7.00,21.97,0.1538,6.50,459.0,80.0
35025,147.1,6.80,21.97,0.1494,6.69,459.0,80.0
35032,140.8,7.10,21.97,0.1560,6.41,459.0,80.0
35039,147.1,6.80,21.97,0.1494,6.69,459.0,80.0
35046,142.9,7.00,21.97,0.1538,6.50,459.0,80.0
35053,144.9,6.90,21.97,0.1516,6.59,459.0,80.0
35060,142.9,7.00,21.97,0.1538,6.50,459.0,80.0
35067,144.9,6.90,21.97,0.1516,6.59,459.0,80.0
35074,142.9,7.00,21.97,0.1538,6.50,459.0,80.0
35081,144.9,6.90,21.97,0.1516,6.59,459.0,80.0
35087,144.9,6.90,21.97,0.1516,6.59,459.0,80.0
35094,142.9,7.00,21.97,0.1538,6.50,459.0,80.0
35101,144.9,6.90,21.97,0.1516,6.59,459.0,80.0
35108,142.9,7.00,21.97,0.1538,6.50,459.0,80.0
35115,147.1,6.80,21.97,0.1494,6.69,459.0,80.0
35122,140.8,7.10,21.97,0.1560,6.41,459.0,80.0
35129,142.9,7.00,21.97,0.1538,6.50,459.0,80.0
35136,147.1,6.80,21.97,0.1494,6.69,459.0,80.0
35143,142.9,7.00,21.97,0.1538,6.50,459.0,80.0
35150,144.9,6.90,21.97,0.1516,6.59,459.0,80.0
35157,144.9,6.90,21.97,0.1516,6.59,459.0,80.0
35164,142.9,7.00,21.97,0.1538,6.50,459.0,80.0
35171,142.9,7.00,21.97,0.1538,6.50,459.0,80.0
35178,147.1,6.80,21.97,0.1494,6.69,459.0,80.0
35185,144.9,6.90,21.97,0.1516,6.59,459.0,80.0
35192,140.8,7.10,21.97,0.1560,6.41,459.0,80.0
35199,144.9,6.90,21.97,0.1516,6.59,459.0,80.0
35206,142.9,7.00,21.97,0.1538,6.50,459.0,80.0
35213,142.9,7.00,21.97,0.1538,6.50,459.0,80.0
35219,144.9,6.90,21.97,0.1516,6.59,459.0,80.0
35226,144.9,6.90,21.97,0.1516,6.59,459.0,80.0
35233,144.9,6.90,21.97,0.1516,6.59,459.0,80.0
35240,142.9,7.00,21.97,0.1538,6.50,459.0,80.0
35247,144.9,6.90,21.97,0.1516,6.59,459.0,80.0
35254,144.9,6.90,21.97,0.1516,6.59,459.0,80.0
35261,142.9,7.00,21.97,0.1538,6.50,459.0,80.0
35268,144.9,6.90,21.97,0.1516,6.59,459.0,80.0
35275,144.9,6.90,21.97,0.1516,6.59,459.0,80.0
35282,142.9,7.00,21.97,0.1538,6.50,459.0,80.0
35289,142.9,7.00,21.97,0.1538,6.50,459.0,80.0
35296,144.9,6.90,21.97,0.1516,6.59,459.0,80.0
35303,142.9,7.00,21.97,0.1538,6.50,459.0,80.0
35310,144.9,6.90,21.97,0.1516,6.59,459.0,80.0
35317,144.9,6.90,21.97,0.1516,6.59,459.0,80.0
35324,142.9,7.00,21.97,0.1538,6.50,459.0,80.0
35331,140.8,7.10,21.97,0.1560,6.41,459.0,80.0
35337,147.1,6.80,21.97,0.1494,6.69,459.0,80.0
35344,142.9,7.00,21.97,0.1538,6.50,459.0,80.0
35351,142.9,7.00,21.98,0.1538,6.50,459.0,80.0
35358,147.1,6.80,21.98,0.1494,6.69,459.0,80.0
35365,142.9,7.00,21.98,0.1538,6.50,459.0,80.0
35372,144.9,6.90,21.98,0.1516,6.59,459.0,80.0
35379,144.9,6.90,21.98,0.1516,6.59,459.0,80.0
35386,142.9,7.00,21.98,0.1538,6.50,459.0,80.0
35393,144.9,6.90,21.98,0.1516,6.59,459.0,80.0
35400,144.9,6.90,21.98,0.1516,6.59,459.0,80.0
35407,142.9,7.00,21.98,0.1538,6.50,459.0,80.0
35414,144.9,6.90,21.98,0.1516,6.59,459.0,80.0
35421,142.9,7.00,21.98,0.1538,6.50,459.0,80.0
35428,144.9,6.90,21.98,0.1516,6.59,459.0,80.0
35435,142.9,7.00,21.98,0.1538,6.50,459.0,80.0
35442,142.9,7.00,21.98,0.1538,6.50,459.0,80.0
35449,144.9,6.90,21.98,0.1516,6.59,459.0,80.0
35456,142.9,7.00,21.98,0.1538,6.50,459.0,80.0
35462,147.1,6.80,21.98,0.1494,6.69,459.0,80.0
35469,140.8,7.10,21.98,0.1560,6.41,459.0,80.0
35476,144.9,6.90,21.98,0.1516,6.59,459.0,80.0
35483,142.9,7.00,21.98,0.1538,6.50,459.0,80.0
35490,142.9,7.00,21.98,0.1538,6.50,459.0,80.0
35497,147.1,6.80,21.98,0.1494,6.69,459.0,80.0
35504,144.9,6.90,21.98,0.1516,6.59,459.0,80.0
35511,140.8,7.10,21.98,0.1560,6.41,459.0,80.0
35518,147.1,6.80,21.98,0.1494,6.69,459.0,80.0
35525,142.9,7.00,21.98,0.1538,6.50,459.0,80.0
35532,142.9,7.00,21.98,0.1538,6.50,459.0,80.0
35539,144.9,6.90,21.98,0.1516,6.59,459.0,80.0
35546,142.9,7.00,21.98,0.1538,6.50,459.0,80.0
35553,147.1,6.80,21.98,0.1494,6.69,459.0,80.0
35560,142.9,7.00,21.98,0.1538,6.50,459.0,80.0
35567,144.9,6.90,21.98,0.1516,6.59,459.0,80.0
35574,142.9,7.00,21.98,0.1538,6.50,459.0,80.0
35580,144.9,6.90,21.98,0.1516,6.59,459.0,80.0
35587,142.9,7.00,21.98,0.1538,6.50,459.0,80.0
35594,144.9,6.90,21.98,0.1516,6.59,459.0,80.0
35601,142.9,7.00,21.98,0.1538,6.50,459.0,80.0
35608,144.9,6.90,21.98,0.1516,6.59,459.0,80.0
35615,142.9,7.00,21.98,0.1538,6.50,459.0,80.0
35622,144.9,6.90,21.98,0.1516,6.59,459.0,80.0
35629,142.9,7.00,21.98,0.1538,6.50,459.0,80.0
35636,142.9,7.00,21.98,0.1538,6.50,459.0,80.0
35643,144.9,6.90,21.98,0.1516,6.59,459.0,80.0
35650,144.9,6.90,21.98,0.1516,6.59,459.0,80.0
35657,142.9,7.00,21.98,0.1538,6.50,459.0,80.0
35664,142.9,7.00,21.98,0.1538,6.50,459.0,80.0
35671,147.1,6.80,21.98,0.1495,6.69,459.0,80.0
35678,142.9,7.00,21.98,0.1538,6.50,459.0,80.0
35685,144.9,6.90,21.98,0.1517,6.59,459.0,80.0
35692,142.9,7.00,21.98,0.1538,6.50,459.0,80.0
35699,144.9,6.90,21.98,0.1517,6.59,459.0,80.0
35706,142.9,7.00,21.98,0.1539,6.50,459.0,80.0
35713,142.9,7.00,21.98,0.1539,6.50,459.0,80.0
35719,144.9,6.90,21.98,0.1517,6.59,459.0,80.0
35726,142.9,7.00,21.98,0.1539,6.50,459.0,80.0
35733,147.1,6.80,21.98,0.1495,6.69,459.0,80.0
35740,142.9,7.00,21.98,0.1539,6.50,459.0,80.0
35747,144.9,6.90,21.98,0.1517,6.59,459.0,80.0
35754,142.9,7.00,21.98,0.1539,6.50,459.0,80.0
35761,144.9,6.90,21.98,0.1517,6.59,459.0,80.0
35768,142.9,7.00,21.98,0.1539,6.50,459.0,80.0
35775,144.9,6.90,21.98,0.1517,6.59,459.0,80.0
35782,144.9,6.90,21.98,0.1517,6.59,459.0,80.0
35789,140.8,7.10,21.98,0.1561,6.41,459.0,80.0
35796,147.1,6.80,21.98,0.1495,6.69,459.0,80.0
35803,142.9,7.00,21.98,0.1539,6.50,459.0,80.0
35810,142.9,7.00,21.98,0.1539,6.50,459.0,80.0
35817,147.1,6.80,21.98,0.1495,6.69,459.0,80.0
35824,142.9,7.00,21.98,0.1539,6.50,459.0,80.0
35831,142.9,7.00,21.98,0.1539,6.50,459.0,80.0
35838,142.9,7.00,21.98,0.1539,6.50,459.0,80.0
35844,144.9,6.90,21.98,0.1517,6.59,459.0,80.0
35851,144.9,6.90,21.98,0.1517,6.59,459.0,80.0
35858,144.9,6.90,21.98,0.1516,6.59,459.0,80.0
35865,140.8,7.10,21.98,0.1560,6.41,459.0,80.0
35872,147.1,6.80,21.97,0.1494,6.69,459.0,80.0
35879,142.9,7.00,21.97,0.1538,6.50,459.0,80.0
35886,142.9,7.00,21.97,0.1538,6.50,459.0,80.0
35893,144.9,6.90,21.97,0.1516,6.60,459.0,80.0
35900,142.9,7.00,21.97,0.1538,6.51,459.0,80.0
35907,144.9,6.90,21.97,0.1516,6.60,459.0,80.0
35914,144.9,6.90,21.96,0.1516,6.60,459.0,80.0
35921,142.9,7.00,21.96,0.1537,6.51,459.0,80.0
35928,147.1,6.80,21.96,0.1493,6.70,459.0,80.0
35935,142.9,7.00,21.96,0.1537,6.51,459.0,80.0
35942,142.9,7.00,21.96,0.1537,6.51,459.0,80.0
35949,142.9,7.00,21.96,0.1537,6.51,459.0,80.0
35956,142.9,7.00,21.95,0.1537,6.51,459.0,80.0
35962,147.1,6.80,21.95,0.1493,6.70,459.0,80.0
35969,142.9,7.00,21.95,0.1537,6.51,459.0,80.0
35976,144.9,6.90,21.95,0.1515,6.60,459.0,80.0
35983,142.9,7.00,21.95,0.1536,6.51,459.0,80.0
35990,144.9,6.90,21.95,0.1514,6.60,459.0,80.0
35997,142.9,7.00,21.95,0.1536,6.51,459.0,80.0
36004,144.9,6.90,21.94,0.1514,6.60,459.0,80.0
36011,142.9,7.00,21.94,0.1536,6.51,459.0,80.0
36018,144.9,6.90,21.94,0.1514,6.60,459.0,80.0
36025,144.9,6.90,21.94,0.1514,6.60,459.0,80.0
36032,142.9,7.00,21.94,0.1536,6.51,459.0,80.0
36039,144.9,6.90,21.94,0.1514,6.61,459.0,80.0
36046,142.9,7.00,21.93,0.1535,6.51,459.0,80.0
36053,144.9,6.90,21.93,0.1513,6.61,459.0,80.0
36060,144.9,6.90,21.93,0.1513,6.61,459.0,80.0
36067,142.9,7.00,21.93,0.1535,6.52,459.0,80.0
36074,142.9,7.00,21.93,0.1535,6.52,459.0,80.0
36081,144.9,6.90,21.93,0.1513,6.61,459.0,80.0
36088,142.9,7.00,21.92,0.1535,6.52,459.0,80.0
36094,144.9,6.90,21.92,0.1513,6.61,459.0,80.0
36101,142.9,7.00,21.92,0.1534,6.52,459.0,80.0
36108,147.1,6.80,21.92,0.1491,6.71,459.0,80.0
36115,142.9,7.00,21.92,0.1534,6.52,459.0,80.0
36122,144.9,6.90,21.92,0.1512,6.61,459.0,80.0
36129,142.9,7.00,21.91,0.1534,6.52,459.0,80.0
36136,142.9,7.00,21.91,0.1534,6.52,459.0,80.0
36143,144.9,6.90,21.91,0.1512,6.61,459.0,80.0
36150,142.9,7.00,21.91,0.1534,6.52,459.0,80.0
36157,147.1,6.80,21.91,0.1490,6.71,459.0,80.0
36164,142.9,7.00,21.91,0.1533,6.52,459.0,80.0
36171,142.9,7.00,21.91,0.1533,6.52,459.0,80.0
36178,144.9,6.90,21.90,0.1511,6.62,459.0,80.0
36185,142.9,7.00,21.90,0.1533,6.52,459.0,80.0
36192,144.9,6.90,21.90,0.1511,6.62,459.0,80.0
36199,144.9,6.90,21.90,0.1511,6.62,459.0,80.0
36206,142.9,7.00,21.90,0.1533,6.53,459.0,80.0
36212,144.9,6.90,21.90,0.1511,6.62,459.0,80.0
36219,142.9,7.00,21.89,0.1533,6.53,459.0,80.0
36226,144.9,6.90,21.89,0.1511,6.62,459.0,80.0
36233,142.9,7.00,21.89,0.1532,6.53,459.0,80.0
36240,144.9,6.90,21.89,0.1510,6.62,459.0,80.0
36247,142.9,7.00,21.89,0.1532,6.53,459.0,80.0
36254,144.9,6.90,21.89,0.1510,6.62,459.0,80.0
36261,144.9,6.90,21.88,0.1510,6.62,459.0,80.0
36268,144.9,6.90,21.88,0.1510,6.62,459.0,80.0
36275,142.9,7.00,21.88,0.1532,6.53,459.0,80.0
36282,142.9,7.00,21.88,0.1532,6.53,459.0,80.0
36289,144.9,6.90,21.88,0.1510,6.62,459.0,80.0
36296,142.9,7.00,21.88,0.1531,6.53,459.0,80.0
36303,144.9,6.90,21.87,0.1509,6.62,459.0,80.0
36310,144.9,6.90,21.87,0.1509,6.62,459.0,80.0
36317,142.9,7.00,21.87,0.1531,6.53,459.0,80.0
36324,142.9,7.00,21.87,0.1531,6.53,459.0,80.0
36330,147.1,6.80,21.87,0.1487,6.73,459.0,80.0
36338,140.8,7.10,21.87,0.1553,6.44,459.0,80.0
36344,144.9,6.90,21.87,0.1509,6.63,459.0,80.0
36351,144.9,6.90,21.86,0.1509,6.63,459.0,80.0
36358,142.9,7.00,21.86,0.1530,6.54,459.0,80.0
36365,144.9,6.90,21.86,0.1508,6.63,459.0,80.0
36372,142.9,7.00,21.86,0.1530,6.54,459.0,80.0
36379,144.9,6.90,21.86,0.1508,6.63,459.0,80.0
36386,142.9,7.00,21.86,0.1530,6.54,459.0,80.0
36393,144.9,6.90,21.85,0.1508,6.63,459.0,80.0
36400,144.9,6.90,21.85,0.1508,6.63,459.0,80.0
36407,142.9,7.00,21.85,0.1530,6.54,459.0,80.0
36414,144.9,6.90,21.85,0.1508,6.63,459.0,80.0
36421,142.9,7.00,21.85,0.1529,6.54,459.0,80.0
36428,144.9,6.90,21.85,0.1507,6.63,459.0,80.0
36435,142.9,7.00,21.84,0.1529,6.54,459.0,80.0
36442,144.9,6.90,21.84,0.1507,6.63,459.0,80.0
36449,142.9,7.00,21.84,0.1529,6.54,459.0,80.0
36456,144.9,6.90,21.84,0.1507,6.63,459.0,80.0
36463,142.9,7.00,21.84,0.1529,6.54,459.0,80.0
36469,147.1,6.80,21.84,0.1485,6.74,459.0,80.0
36476,142.9,7.00,21.84,0.1528,6.54,459.0,80.0
36483,142.9,7.00,21.83,0.1528,6.54,459.0,80.0
36490,144.9,6.90,21.83,0.1506,6.64,459.0,80.0
36497,147.1,6.80,21.83,0.1484,6.74,459.0,80.0
36504,142.9,7.00,21.83,0.1528,6.55,459.0,80.0
36511,144.9,6.90,21.83,0.1506,6.64,459.0,80.0
36518,140.8,7.10,21.83,0.1550,6.45,459.0,80.0
36525,147.1,6.80,21.82,0.1484,6.74,459.0,80.0
36532,140.8,7.10,21.82,0.1549,6.45,459.0,80.0
36539,142.9,7.00,21.82,0.1527,6.55,459.0,80.0
36546,144.9,6.90,21.82,0.1506,6.64,459.0,80.0
36553,147.1,6.80,21.82,0.1484,6.74,459.0,80.0
36560,142.9,7.00,21.82,0.1527,6.55,459.0,80.0
36567,144.9,6.90,21.81,0.1505,6.64,459.0,80.0
36573,144.9,6.90,21.81,0.1505,6.64,459.0,80.0
36580,144.9,6.90,21.81,0.1505,6.64,459.0,80.0
36587,142.9,7.00,21.81,0.1527,6.55,459.0,80.0
36594,142.9,7.00,21.81,0.1527,6.55,459.0,80.0
36601,142.9,7.00,21.81,0.1526,6.55,459.0,80.0
36608,147.1,6.80,21.80,0.1483,6.75,459.0,80.0
36615,142.9,7.00,21.80,0.1526,6.55,459.0,80.0
36622,142.9,7.00,21.80,0.1526,6.55,459.0,80.0
36629,142.9,7.00,21.80,0.1526,6.56,459.0,80.0
36636,147.1,6.80,21.80,0.1482,6.75,459.0,80.0
36643,144.9,6.90,21.80,0.1504,6.65,459.0,80.0
36650,142.9,7.00,21.80,0.1526,6.56,459.0,80.0
36657,144.9,6.90,21.79,0.1504,6.65,459.0,80.0
36664,142.9,7.00,21.79,0.1525,6.56,459.0,80.0
36671,144.9,6.90,21.79,0.1504,6.65,459.0,80.0
36678,142.9,7.00,21.79,0.1525,6.56,459.0,80.0
36685,144.9,6.90,21.79,0.1503,6.65,459.0,80.0
36692,142.9,7.00,21.79,0.1525,6.56,459.0,80.0
36698,144.9,6.90,21.78,0.1503,6.65,459.0,80.0
36706,140.8,7.10,21.78,0.1547,6.46,459.0,80.0
36713,142.9,7.00,21.78,0.1525,6.56,459.0,80.0
36719,147.1,6.80,21.78,0.1481,6.75,459.0,80.0
36726,142.9,7.00,21.78,0.1524,6.56,459.0,80.0
36733,142.9,7.00,21.78,0.1524,6.56,459.0,80.0
36740,147.1,6.80,21.77,0.1481,6.76,459.0,80.0
36747,144.9,6.90,21.77,0.1502,6.66,459.0,80.0
36754,142.9,7.00,21.77,0.1524,6.56,459.0,80.0
36761,144.9,6.90,21.77,0.1502,6.66,459.0,80.0
36768,144.9,6.90,21.77,0.1502,6.66,459.0,80.0
36775,142.9,7.00,21.77,0.1524,6.57,459.0,80.0
36782,142.9,7.00,21.76,0.1524,6.57,459.0,80.0
36789,142.9,7.00,21.76,0.1523,6.57,459.0,80.0
36796,144.9,6.90,21.76,0.1502,6.66,459.0,80.0
36803,144.9,6.90,21.76,0.1501,6.66,459.0,80.0
36810,144.9,6.90,21.76,0.1501,6.66,459.0,80.0
36817,140.8,7.10,21.76,0.1545,6.47,459.0,80.0
36824,144.9,6.90,21.76,0.1501,6.66,459.0,80.0
36830,144.9,6.90,21.75,0.1501,6.66,459.0,80.0
36837,144.9,6.90,21.75,0.1501,6.66,459.0,80.0
36844,142.9,7.00,21.75,0.1523,6.57,459.0,80.0
36851,142.9,7.00,21.75,0.1522,6.57,459.0,80.0
36858,144.9,6.90,21.75,0.1501,6.66,459.0,80.0
36865,144.9,6.90,21.75,0.1501,6.66,459.0,80.0
36872,142.9,7.00,21.75,0.1522,6.57,459.0,80.0
36879,144.9,6.90,21.75,0.1501,6.66,459.0,80.0
36886,144.9,6.90,21.75,0.1501,6.66,459.0,80.0
36893,144.9,6.90,21.75,0.1501,6.66,459.0,80.0
36900,142.9,7.00,21.75,0.1522,6.57,459.0,80.0
36907,142.9,7.00,21.75,0.1522,6.57,459.0,80.0
36914,144.9,6.90,21.75,0.1500,6.66,459.0,80.0
36921,142.9,7.00,21.74,0.1522,6.57,459.0,80.0
36928,144.9,6.90,21.74,0.1500,6.66,459.0,80.0
36935,142.9,7.00,21.74,0.1522,6.57,459.0,80.0
36942,144.9,6.90,21.74,0.1500,6.66,459.0,80.0
36948,144.9,6.90,21.74,0.1500,6.66,459.0,80.0
36955,142.9,7.00,21.74,0.1522,6.57,459.0,80.0
36962,144.9,6.90,21.74,0.1500,6.66,459.0,80.0
36969,142.9,7.00,21.74,0.1522,6.57,459.0,80.0
36976,144.9,6.90,21.74,0.1500,6.66,459.0,80.0
36983,144.9,6.90,21.74,0.1500,6.67,459.0,80.0
36990,142.9,7.00,21.74,0.1522,6.57,459.0,80.0
36997,142.9,7.00,21.74,0.1522,6.57,459.0,80.0
37004,144.9,6.90,21.74,0.1500,6.67,459.0,80.0
37011,142.9,7.00,21.74,0.1522,6.57,459.0,80.0
37018,142.9,7.00,21.74,0.1522,6.57,459.0,80.0
37025,144.9,6.90,21.74,0.1500,6.67,459.0,80.0
37032,144.9,6.90,21.74,0.1500,6.67,459.0,80.0
37039,142.9,7.00,21.74,0.1522,6.57,459.0,80.0
37046,142.9,7.00,21.74,0.1522,6.57,459.0,80.0
37053,144.9,6.90,21.74,0.1500,6.67,459.0,80.0
37060,142.9,7.00,21.74,0.1521,6.57,459.0,80.0
37067,144.9,6.90,21.73,0.1500,6.67,459.0,80.0
37074,142.9,7.00,21.73,0.1521,6.57,459.0,80.0
37081,144.9,6.90,21.73,0.1500,6.67,459.0,80.0
37087,144.9,6.90,21.73,0.1500,6.67,459.0,80.0
37094,142.9,7.00,21.73,0.1521,6.58,459.0,80.0
37101,142.9,7.00,21.73,0.1521,6.58,459.0,80.0
37108,144.9,6.90,21.73,0.1499,6.67,459.0,80.0
37115,144.9,6.90,21.73,0.1499,6.67,459.0,80.0
37122,147.1,6.80,21.73,0.1478,6.77,459.0,80.0
37129,140.8,7.10,21.73,0.1543,6.48,459.0,80.0
37136,144.9,6.90,21.73,0.1499,6.67,459.0,80.0
37143,142.9,7.00,21.73,0.1521,6.58,459.0,80.0
37150,144.9,6.90,21.73,0.1499,6.67,459.0,80.0
37157,144.9,6.90,21.73,0.1499,6.67,459.0,80.0
37164,142.9,7.00,21.73,0.1521,6.58,459.0,80.0
37171,142.9,7.00,21.73,0.1521,6.58,459.0,80.0
37178,144.9,6.90,21.73,0.1499,6.67,459.0,80.0
37185,142.9,7.00,21.73,0.1521,6.58,459.0,80.0
37192,144.9,6.90,21.73,0.1499,6.67,459.0,80.0
37199,144.9,6.90,21.73,0.1499,6.67,459.0,80.0
37205,144.9,6.90,21.72,0.1499,6.67,459.0,80.0
37212,142.9,7.00,21.72,0.1521,6.58,459.0,80.0
37219,142.9,7.00,21.72,0.1521,6.58,459.0,80.0
37226,144.9,6.90,21.72,0.1499,6.67,459.0,80.0
37233,142.9,7.00,21.72,0.1521,6.58,459.0,80.0
37240,144.9,6.90,21.72,0.1499,6.67,459.0,80.0
37247,144.9,6.90,21.72,0.1499,6.67,459.0,80.0
37254,142.9,7.00,21.72,0.1521,6.58,459.0,80.0
37261,144.9,6.90,21.72,0.1499,6.67,459.0,80.0
37268,144.9,6.90,21.72,0.1499,6.67,459.0,80.0
37275,142.9,7.00,21.72,0.1520,6.58,459.0,80.0
37282,144.9,6.90,21.72,0.1499,6.67,459.0,80.0
37289,142.9,7.00,21.72,0.1520,6.58,459.0,80.0
37296,144.9,6.90,21.72,0.1499,6.67,459.0,80.0
37303,142.9,7.00,21.72,0.1520,6.58,459.0,80.0
37310,142.9,7.00,21.72,0.1520,6.58,459.0,80.0
37317,144.9,6.90,21.72,0.1498,6.67,459.0,80.0
37324,142.9,7.00,21.72,0.1520,6.58,459.0,80.0
37330,147.1,6.80,21.72,0.1477,6.77,459.0,80.0
37337,142.9,7.00,21.72,0.1520,6.58,459.0,80.0
37344,142.9,7.00,21.72,0.1520,6.58,459.0,80.0
37351,142.9,7.00,21.71,0.1520,6.58,459.0,80.0
37358,147.1,6.80,21.71,0.1477,6.77,459.0,80.0
37365,142.9,7.00,21.71,0.1520,6.58,459.0,80.0
37372,144.9,6.90,21.71,0.1498,6.67,459.0,80.0
37379,144.9,6.90,21.71,0.1498,6.67,459.0,80.0
37386,142.9,7.00,21.71,0.1520,6.58,459.0,80.0
37393,142.9,7.00,21.71,0.1520,6.58,459.0,80.0
37400,147.1,6.80,21.71,0.1476,6.78,459.0,80.0
37407,144.9,6.90,21.71,0.1498,6.67,459.0,80.0
37414,142.9,7.00,21.71,0.1520,6.58,459.0,80.0
37421,144.9,6.90,21.71,0.1498,6.67,459.0,80.0
37428,142.9,7.00,21.71,0.1520,6.58,459.0,80.0
37435,144.9,6.90,21.71,0.1498,6.67,459.0,80.0
37442,142.9,7.00,21.71,0.1520,6.58,459.0,80.0
37448,144.9,6.90,21.71,0.1498,6.68,459.0,80.0
37455,144.9,6.90,21.71,0.1498,6.68,459.0,80.0
37462,142.9,7.00,21.71,0.1519,6.58,459.0,80.0
37469,142.9,7.00,21.71,0.1519,6.58,459.0,80.0
37476,144.9,6.90,21.71,0.1498,6.68,459.0,80.0
37483,142.9,7.00,21.71,0.1519,6.58,459.0,80.0
37490,144.9,6.90,21.70,0.1498,6.68,459.0,80.0
37497,144.9,6.90,21.70,0.1498,6.68,459.0,80.0
37504,144.9,6.90,21.70,0.1498,6.68,459.0,80.0
37511,142.9,7.00,21.70,0.1519,6.58,459.0,80.0
37518,142.9,7.00,21.70,0.1519,6.58,459.0,80.0
37525,142.9,7.00,21.70,0.1519,6.58,459.0,80.0
37532,144.9,6.90,21.70,0.1497,6.68,459.0,80.0
37539,144.9,6.90,21.70,0.1497,6.68,459.0,80.0
37546,142.9,7.00,21.70,0.1519,6.58,459.0,80.0
37553,144.9,6.90,21.70,0.1497,6.68,459.0,80.0
37560,144.9,6.90,21.70,0.1497,6.68,459.0,80.0
37567,142.9,7.00,21.70,0.1519,6.59,459.0,80.0
37573,144.9,6.90,21.70,0.1497,6.68,459.0,80.0
37580,144.9,6.90,21.70,0.1497,6.68,459.0,80.0
37587,142.9,7.00,21.70,0.1519,6.59,459.0,80.0
37594,142.9,7.00,21.70,0.1519,6.59,459.0,80.0
37601,144.9,6.90,21.70,0.1497,6.68,459.0,80.0
37608,142.9,7.00,21.70,0.1519,6.59,459.0,80.0
37615,142.9,7.00,21.70,0.1519,6.59,459.0,80.0
37622,147.1,6.80,21.70,0.1475,6.78,459.0,80.0
37629,142.9,7.00,21.70,0.1519,6.59,459.0,80.0
37636,142.9,7.00,21.69,0.1519,6.59,459.0,80.0
37643,142.9,7.00,21.69,0.1519,6.59,459.0,80.0
37650,144.9,6.90,21.69,0.1497,6.68,459.0,80.0
37657,142.9,7.00,21.69,0.1519,6.59,459.0,80.0
37664,144.9,6.90,21.69,0.1497,6.68,459.0,80.0
37671,147.1,6.80,21.69,0.1475,6.78,459.0,80.0
37678,140.8,7.10,21.69,0.1540,6.49,459.0,80.0
37685,144.9,6.90,21.69,0.1497,6.68,459.0,80.0
37692,142.9,7.00,21.69,0.1518,6.59,459.0,80.0
37699,144.9,6.90,21.69,0.1497,6.68,459.0,80.0
37706,142.9,7.00,21.69,0.1518,6.59,459.0,80.0
37712,144.9,6.90,21.69,0.1497,6.68,459.0,80.0
37719,142.9,7.00,21.69,0.1518,6.59,459.0,80.0
37726,144.9,6.90,21.69,0.1496,6.68,459.0,80.0
37733,142.9,7.00,21.69,0.1518,6.59,459.0,80.0
37740,144.9,6.90,21.69,0.1496,6.68,459.0,80.0
37747,144.9,6.90,21.69,0.1496,6.68,459.0,80.0
37754,144.9,6.90,21.69,0.1496,6.68,459.0,80.0
37761,142.9,7.00,21.69,0.1518,6.59,459.0,80.0
37768,144.9,6.90,21.69,0.1496,6.68,459.0,80.0
37775,144.9,6.90,21.68,0.1496,6.68,459.0,80.0
37782,144.9,6.90,21.68,0.1496,6.68,459.0,80.0
37789,142.9,7.00,21.68,0.1518,6.59,459.0,80.0
37796,144.9,6.90,21.68,0.1496,6.68,459.0,80.0
37803,142.9,7.00,21.68,0.1518,6.59,459.0,80.0
37810,142.9,7.00,21.68,0.1518,6.59,459.0,80.0
37817,142.9,7.00,21.68,0.1518,6.59,459.0,80.0
37824,144.9,6.90,21.68,0.1496,6.68,459.0,80.0
37830,144.9,6.90,21.68,0.1496,6.68,459.0,80.0
37837,142.9,7.00,21.68,0.1518,6.59,459.0,80.0
37844,142.9,7.00,21.68,0.1518,6.59,459.0,80.0
37851,144.9,6.90,21.68,0.1496,6.68,459.0,80.0
37858,142.9,7.00,21.68,0.1518,6.59,459.0,80.0
37865,144.9,6.90,21.68,0.1496,6.68,459.0,80.0
37872,147.1,6.80,21.68,0.1474,6.79,459.0,80.0
37879,140.8,7.10,21.68,0.1539,6.49,459.0,80.0
37886,144.9,6.90,21.68,0.1496,6.68,459.0,80.0
37893,144.9,6.90,21.68,0.1496,6.68,459.0,80.0
37900,142.9,7.00,21.68,0.1517,6.59,459.0,80.1
37907,142.9,7.00,21.68,0.1517,6.59,459.0,80.1
37914,144.9,6.90,21.68,0.1496,6.68,459.0,80.1
37921,144.9,6.90,21.68,0.1496,6.68,459.0,80.1
37928,142.9,7.00,21.68,0.1517,6.59,459.0,80.1
37935,144.9,6.90,21.68,0.1496,6.68,459.0,80.1
37942,144.9,6.90,21.68,0.1496,6.68,459.0,80.1
37949,142.9,7.00,21.68,0.1517,6.59,459.0,80.1
37956,142.9,7.00,21.68,0.1517,6.59,459.0,80.1
37962,144.9,6.90,21.68,0.1496,6.69,459.0,80.1
37969,144.9,6.90,21.68,0.1496,6.69,459.0,80.1
37976,142.9,7.00,21.67,0.1517,6.59,459.0,80.1
37983,142.9,7.00,21.67,0.1517,6.59,459.0,80.1
37990,144.9,6.90,21.67,0.1496,6.69,459.0,80.1
37997,144.9,6.90,21.67,0.1496,6.69,459.0,80.2
38004,142.9,7.00,21.67,0.1517,6.59,459.0,80.2
38011,144.9,6.90,21.67,0.1495,6.69,459.0,80.2
38018,142.9,7.00,21.67,0.1517,6.59,459.0,80.2
38025,144.9,6.90,21.67,0.1495,6.69,459.0,80.2
38032,144.9,6.90,21.67,0.1495,6.69,459.0,80.2
38039,144.9,6.90,21.67,0.1495,6.69,459.0,80.2
38046,140.8,7.10,21.67,0.1539,6.50,459.0,80.2
38053,144.9,6.90,21.67,0.1495,6.69,459.0,80.2
38060,142.9,7.00,21.67,0.1517,6.59,459.0,80.2
38067,144.9,6.90,21.67,0.1495,6.69,459.0,80.2
38074,144.9,6.90,21.67,0.1495,6.69,459.0,80.2
38080,144.9,6.90,21.67,0.1495,6.69,459.0,80.2
38087,142.9,7.00,21.67,0.1517,6.59,459.0,80.2
38094,144.9,6.90,21.67,0.1495,6.69,459.0,80.2
38101,144.9,6.90,21.67,0.1495,6.69,459.0,80.3
38108,140.8,7.10,21.67,0.1539,6.50,459.0,80.3
38115,147.1,6.80,21.67,0.1474,6.79,459.0,80.3
38122,142.9,7.00,21.67,0.1517,6.59,459.0,80.3
38129,144.9,6.90,21.67,0.1495,6.69,459.0,80.3
38136,142.9,7.00,21.67,0.1517,6.59,459.0,80.3
38143,144.9,6.90,21.67,0.1495,6.69,459.0,80.3
38150,142.9,7.00,21.67,0.1517,6.60,459.0,80.3
38157,144.9,6.90,21.67,0.1495,6.69,459.0,80.3
38164,142.9,7.00,21.67,0.1517,6.60,459.0,80.3
38171,142.9,7.00,21.67,0.1517,6.60,459.0,80.3
38178,144.9,6.90,21.67,0.1495,6.69,459.0,80.3
38185,144.9,6.90,21.67,0.1495,6.69,459.0,80.3
38192,142.9,7.00,21.67,0.1517,6.60,459.0,80.3
38199,142.9,7.00,21.67,0.1517,6.60,459.0,80.4
38206,144.9,6.90,21.67,0.1495,6.69,459.0,80.4
38212,144.9,6.90,21.67,0.1495,6.69,459.0,80.4
38219,144.9,6.90,21.67,0.1495,6.69,459.0,80.4
38226,142.9,7.00,21.66,0.1517,6.60,459.0,80.4
38233,144.9,6.90,21.66,0.1495,6.69,459.0,80.4
38240,142.9,7.00,21.66,0.1516,6.60,459.0,80.4
38247,142.9,7.00,21.66,0.1516,6.60,459.0,80.4
38254,144.9,6.90,21.66,0.1495,6.69,459.0,80.4
38261,144.9,6.90,21.66,0.1495,6.69,459.0,80.4
38268,144.9,6.90,21.66,0.1495,6.69,459.0,80.4
38275,142.9,7.00,21.66,0.1516,6.60,459.0,80.4
38282,144.9,6.90,21.66,0.1495,6.69,459.0,80.4
38289,142.9,7.00,21.66,0.1516,6.60,459.0,80.4
38296,142.9,7.00,21.66,0.1516,6.60,459.0,80.5
38303,147.1,6.80,21.66,0.1473,6.79,459.0,80.5
38310,142.9,7.00,21.66,0.1516,6.60,459.0,80.5
38317,142.9,7.00,21.66,0.1516,6.60,459.0,80.5
38324,144.9,6.90,21.66,0.1495,6.69,459.0,80.5
38330,144.9,6.90,21.66,0.1495,6.69,459.0,80.5
38337,142.9,7.00,21.66,0.1516,6.60,459.0,80.5
38344,144.9,6.90,21.66,0.1495,6.69,459.0,80.5
38351,144.9,6.90,21.66,0.1495,6.69,459.0,80.5
38358,142.9,7.00,21.66,0.1516,6.60,459.0,80.5
38365,144.9,6.90,21.66,0.1494,6.69,459.0,80.5
38372,142.9,7.00,21.66,0.1516,6.60,459.0,80.5
38379,144.9,6.90,21.66,0.1494,6.69,459.0,80.5
38386,144.9,6.90,21.66,0.1494,6.69,459.0,80.5
38393,142.9,7.00,21.66,0.1516,6.60,459.0,80.5
38400,144.9,6.90,21.66,0.1494,6.69,459.0,80.6
38407,142.9,7.00,21.66,0.1516,6.60,459.0,80.6
38414,147.1,6.80,21.66,0.1473,6.79,459.0,80.6
38421,140.8,7.10,21.66,0.1538,6.50,459.0,80.6
38428,144.9,6.90,21.66,0.1494,6.69,459.0,80.6
38435,142.9,7.00,21.66,0.1516,6.60,459.0,80.6
38442,144.9,6.90,21.66,0.1494,6.69,459.0,80.6
38449,142.9,7.00,21.66,0.1516,6.60,459.0,80.6
38455,144.9,6.90,21.66,0.1494,6.69,459.0,80.6
38462,144.9,6.90,21.66,0.1494,6.69,459.0,80.6
38469,142.9,7.00,21.66,0.1516,6.60,459.0,80.6
38476,144.9,6.90,21.65,0.1494,6.69,459.0,80.6
38483,144.9,6.90,21.65,0.1494,6.69,459.0,80.6
38490,142.9,7.00,21.65,0.1516,6.60,459.0,80.6
38497,144.9,6.90,21.65,0.1494,6.69,459.0,80.7
38504,140.8,7.10,21.65,0.1537,6.50,459.0,80.7
38511,144.9,6.90,21.65,0.1494,6.69,459.0,80.7
38518,147.1,6.80,21.65,0.1472,6.79,459.0,80.7
38525,138.9,7.20,21.65,0.1559,6.41,459.0,80.7
38532,144.9,6.90,21.65,0.1494,6.69,459.0,80.7
38539,147.1,6.80,21.65,0.1472,6.79,459.0,80.7
38546,142.9,7.00,21.65,0.1516,6.60,459.0,80.7
38553,144.9,6.90,21.65,0.1494,6.69,459.0,80.7
38560,142.9,7.00,21.65,0.1516,6.60,459.0,80.7
38566,147.1,6.80,21.65,0.1472,6.79,459.0,80.7
38573,142.9,7.00,21.65,0.1516,6.60,459.0,80.7
38580,144.9,6.90,21.65,0.1494,6.69,459.0,80.7
38587,142.9,7.00,21.65,0.1516,6.60,459.0,80.7
38594,144.9,6.90,21.65,0.1494,6.69,459.0,80.7
38601,142.9,7.00,21.65,0.1515,6.60,459.0,80.8
38608,144.9,6.90,21.65,0.1494,6.69,459.0,80.8
38615,144.9,6.90,21.65,0.1494,6.69,459.0,80.8
38622,142.9,7.00,21.65,0.1515,6.60,459.0,80.8
38629,144.9,6.90,21.65,0.1494,6.69,459.0,80.8
38636,142.9,7.00,21.65,0.1515,6.60,459.0,80.8
38643,144.9,6.90,21.65,0.1494,6.69,459.0,80.8
38650,142.9,7.00,21.65,0.1515,6.60,459.0,80.8
38657,144.9,6.90,21.65,0.1494,6.69,459.0,80.8
38664,142.9,7.00,21.65,0.1515,6.60,459.0,80.8
38671,142.9,7.00,21.65,0.1515,6.60,459.0,80.8
38678,144.9,6.90,21.65,0.1494,6.69,459.0,80.8
38685,144.9,6.90,21.65,0.1494,6.69,459.0,80.8
38692,142.9,7.00,21.65,0.1515,6.60,459.0,80.8
38698,144.9,6.90,21.65,0.1494,6.69,459.0,80.9
38705,142.9,7.00,21.65,0.1515,6.60,459.0,80.9
38712,142.9,7.00,21.65,0.1515,6.60,459.0,80.9
38719,147.1,6.80,21.65,0.1472,6.80,459.0,80.9
38726,144.9,6.90,21.64,0.1493,6.69,459.0,80.9
38733,140.8,7.10,21.64,0.1537,6.51,459.0,80.9
38740,144.9,6.90,21.64,0.1493,6.69,459.0,80.9
38747,142.9,7.00,21.64,0.1515,6.60,459.0,80.9
38754,144.9,6.90,21.64,0.1493,6.69,459.0,80.9
38761,144.9,6.90,21.64,0.1493,6.69,459.0,80.9
38768,142.9,7.00,21.64,0.1515,6.60,459.0,80.9
38775,147.1,6.80,21.64,0.1472,6.80,459.0,80.9
38782,140.8,7.10,21.64,0.1537,6.51,459.0,80.9
38789,144.9,6.90,21.64,0.1493,6.70,459.0,80.9
38796,144.9,6.90,21.64,0.1493,6.70,459.0,81.0
38803,142.9,7.00,21.64,0.1515,6.60,459.0,81.0
38810,142.9,7.00,21.64,0.1515,6.60,459.0,81.0
38817,142.9,7.00,21.64,0.1515,6.60,459.0,81.0
38823,147.1,6.80,21.64,0.1472,6.80,459.0,81.0
38830,142.9,7.00,21.64,0.1515,6.60,459.0,81.0
38838,140.8,7.10,21.64,0.1536,6.51,459.0,81.0
38844,147.1,6.80,21.64,0.1472,6.80,459.0,81.0
38851,144.9,6.90,21.64,0.1493,6.70,459.0,81.0
38858,140.8,7.10,21.64,0.1536,6.51,459.0,81.0
38865,144.9,6.90,21.64,0.1493,6.70,459.0,81.0
38872,144.9,6.90,21.64,0.1493,6.70,459.0,81.0
38879,144.9,6.90,21.64,0.1493,6.70,459.0,81.0
38886,142.9,7.00,21.64,0.1515,6.60,459.0,81.0
38893,142.9,7.00,21.64,0.1515,6.60,459.0,81.0
38900,144.9,6.90,21.64,0.1493,6.70,459.0,80.9
38907,144.9,6.90,21.64,0.1493,6.70,459.0,80.9
38914,142.9,7.00,21.64,0.1515,6.60,459.0,80.9
38921,144.9,6.90,21.64,0.1493,6.70,459.0,80.9
38928,142.9,7.00,21.64,0.1515,6.60,459.0,80.9
38935,144.9,6.90,21.64,0.1493,6.70,459.0,80.9
38942,144.9,6.90,21.64,0.1493,6.70,459.0,80.9
38949,142.9,7.00,21.64,0.1515,6.60,459.0,80.9
38956,142.9,7.00,21.64,0.1515,6.60,459.0,80.9
38962,144.9,6.90,21.64,0.1493,6.70,459.0,80.9
38969,144.9,6.90,21.64,0.1493,6.70,459.0,80.9
38976,144.9,6.90,21.64,0.1493,6.70,459.0,80.9
38983,142.9,7.00,21.64,0.1515,6.60,459.0,80.9
38990,142.9,7.00,21.64,0.1514,6.60,459.0,80.9
38997,144.9,6.90,21.64,0.1493,6.70,459.0,80.8
39004,142.9,7.00,21.64,0.1514,6.60,459.0,80.8
39011,144.9,6.90,21.64,0.1493,6.70,459.0,80.8
39018,142.9,7.00,21.63,0.1514,6.61,459.0,80.8
39025,147.1,6.80,21.63,0.1471,6.80,459.0,80.8
39032,142.9,7.00,21.63,0.1514,6.61,459.0,80.8
39039,144.9,6.90,21.63,0.1493,6.70,459.0,80.8
39046,142.9,7.00,21.63,0.1514,6.61,459.0,80.8
39053,144.9,6.90,21.63,0.1493,6.70,459.0,80.8
39060,142.9,7.00,21.63,0.1514,6.61,459.0,80.8
39067,144.9,6.90,21.63,0.1493,6.70,459.0,80.8
39073,144.9,6.90,21.63,0.1493,6.70,459.0,80.8
39080,142.9,7.00,21.63,0.1514,6.61,459.0,80.8
39087,142.9,7.00,21.63,0.1514,6.61,459.0,80.8
39094,144.9,6.90,21.63,0.1493,6.70,459.0,80.8
39101,142.9,7.00,21.63,0.1514,6.61,459.0,80.7
39108,142.9,7.00,21.63,0.1514,6.61,459.0,80.7
39115,144.9,6.90,21.63,0.1493,6.70,459.0,80.7
39122,144.9,6.90,21.63,0.1493,6.70,459.0,80.7
39129,142.9,7.00,21.63,0.1514,6.61,459.0,80.7
39136,144.9,6.90,21.63,0.1493,6.70,459.0,80.7
39143,147.1,6.80,21.63,0.1471,6.80,459.0,80.7
39150,140.8,7.10,21.63,0.1536,6.51,459.0,80.7
39157,144.9,6.90,21.63,0.1493,6.70,459.0,80.7
39164,144.9,6.90,21.63,0.1493,6.70,459.0,80.7
39171,142.9,7.00,21.63,0.1514,6.61,459.0,80.7
39178,144.9,6.90,21.63,0.1492,6.70,459.0,80.7
39185,142.9,7.00,21.63,0.1514,6.61,459.0,80.7
39191,147.1,6.80,21.63,0.1471,6.80,459.0,80.7
39199,140.8,7.10,21.63,0.1536,6.51,459.0,80.6
39205,144.9,6.90,21.63,0.1492,6.70,459.0,80.6
39212,144.9,6.90,21.63,0.1492,6.70,459.0,80.6
39219,140.8,7.10,21.63,0.1536,6.51,459.0,80.6
39226,144.9,6.90,21.63,0.1492,6.70,459.0,80.6
39233,144.9,6.90,21.63,0.1492,6.70,459.0,80.6
39240,142.9,7.00,21.63,0.1514,6.61,459.0,80.6
39247,144.9,6.90,21.63,0.1492,6.70,459.0,80.6
39254,142.9,7.00,21.63,0.1514,6.61,459.0,80.6
39261,144.9,6.90,21.63,0.1492,6.70,459.0,80.6
39268,144.9,6.90,21.63,0.1492,6.70,459.0,80.6
39275,142.9,7.00,21.63,0.1514,6.61,459.0,80.6
39282,144.9,6.90,21.63,0.1492,6.70,459.0,80.6
39289,144.9,6.90,21.63,0.1492,6.70,459.0,80.6
39296,142.9,7.00,21.63,0.1514,6.61,459.0,80.5
39303,144.9,6.90,21.63,0.1492,6.70,459.0,80.5
39310,142.9,7.00,21.63,0.1514,6.61,459.0,80.5
39317,144.9,6.90,21.63,0.1492,6.70,459.0,80.5
39324,142.9,7.00,21.63,0.1514,6.61,459.0,80.5
39330,144.9,6.90,21.63,0.1492,6.70,459.0,80.5
39337,142.9,7.00,21.63,0.1514,6.61,459.0,80.5
39344,144.9,6.90,21.63,0.1492,6.70,459.0,80.5
39351,142.9,7.00,21.62,0.1514,6.61,459.0,80.5
39359,135.1,7.40,21.62,0.1600,6.25,459.0,80.5
39365,158.7,6.30,21.62,0.1362,7.34,459.0,80.5
39372,140.8,7.10,21.62,0.1535,6.51,459.0,80.5
39379,142.9,7.00,21.62,0.1514,6.61,459.0,80.5
39386,144.9,6.90,21.62,0.1492,6.70,459.0,80.5
39393,144.9,6.90,21.62,0.1492,6.70,459.0,80.5
39400,142.9,7.00,21.62,0.1514,6.61,459.0,80.4
39407,144.9,6.90,21.62,0.1492,6.70,459.0,80.4
39414,144.9,6.90,21.62,0.1492,6.70,459.0,80.4
39421,142.9,7.00,21.62,0.1514,6.61,459.0,80.4
39428,144.9,6.90,21.62,0.1492,6.70,459.0,80.4
39434,147.1,6.80,21.62,0.1470,6.80,459.0,80.4
39442,138.9,7.20,21.62,0.1557,6.42,459.0,80.4
39448,147.1,6.80,21.62,0.1470,6.80,459.0,80.4
39455,142.9,7.00,21.62,0.1514,6.61,459.0,80.4
39462,144.9,6.90,21.62,0.1492,6.70,459.0,80.4
39469,140.8,7.10,21.62,0.1535,6.51,459.0,80.4
39476,144.9,6.90,21.62,0.1492,6.70,459.0,80.4
39483,144.9,6.90,21.62,0.1492,6.70,459.0,80.4
39490,142.9,7.00,21.62,0.1513,6.61,459.0,80.4
39497,144.9,6.90,21.62,0.1492,6.70,459.0,80.3
39504,147.1,6.80,21.62,0.1470,6.80,459.0,80.3
39511,140.8,7.10,21.62,0.1535,6.51,459.0,80.3
39518,144.9,6.90,21.62,0.1492,6.70,459.0,80.3
39525,147.1,6.80,21.62,0.1470,6.80,459.0,80.3
39532,140.8,7.10,21.62,0.1535,6.51,459.0,80.3
39539,142.9,7.00,21.62,0.1513,6.61,459.0,80.3
39546,144.9,6.90,21.62,0.1492,6.70,459.0,80.3
39553,144.9,6.90,21.62,0.1492,6.70,459.0,80.3
39560,142.9,7.00,21.62,0.1513,6.61,459.0,80.3
39567,144.9,6.90,21.62,0.1492,6.70,459.0,80.3
39574,142.9,7.00,21.62,0.1513,6.61,459.0,80.3
39580,144.9,6.90,21.62,0.1492,6.70,459.0,80.3
39587,147.1,6.80,21.62,0.1470,6.80,459.0,80.3
39594,140.8,7.10,21.62,0.1535,6.51,459.0,80.3
39601,144.9,6.90,21.62,0.1492,6.70,459.0,80.2
39608,142.9,7.00,21.62,0.1513,6.61,459.0,80.2
39615,147.1,6.80,21.62,0.1470,6.80,459.0,80.2
39622,142.9,7.00,21.62,0.1513,6.61,459.0,80.2
39629,144.9,6.90,21.62,0.1492,6.70,459.0,80.2
39636,142.9,7.00,21.62,0.1513,6.61,459.0,80.2
39643,144.9,6.90,21.62,0.1492,6.70,459.0,80.2
39650,142.9,7.00,21.62,0.1513,6.61,459.0,80.2
39657,144.9,6.90,21.62,0.1491,6.70,459.0,80.2
39664,144.9,6.90,21.62,0.1491,6.70,459.0,80.2
39671,140.8,7.10,21.62,0.1535,6.51,459.0,80.2
39678,144.9,6.90,21.62,0.1491,6.70,459.0,80.2
39685,144.9,6.90,21.61,0.1491,6.70,459.0,80.2
39691,144.9,6.90,21.61,0.1491,6.70,459.0,80.2
39698,142.9,7.00,21.61,0.1513,6.61,459.0,80.1
39705,144.9,6.90,21.61,0.1491,6.70,459.0,80.1
39712,142.9,7.00,21.61,0.1513,6.61,459.0,80.1
39719,144.9,6.90,21.61,0.1491,6.70,459.0,80.1
39726,144.9,6.90,21.61,0.1491,6.70,459.0,80.1
39733,142.9,7.00,21.61,0.1513,6.61,459.0,80.1
39740,144.9,6.90,21.61,0.1491,6.70,459.0,80.1
39747,140.8,7.10,21.61,0.1535,6.51,459.0,80.1
39754,142.9,7.00,21.61,0.1513,6.61,459.0,80.1
39761,144.9,6.90,21.61,0.1491,6.70,459.0,80.1
39768,147.1,6.80,21.61,0.1470,6.81,459.0,80.1
39775,140.8,7.10,21.61,0.1534,6.51,459.0,80.1
39782,147.1,6.80,21.61,0.1470,6.81,459.0,80.1
39789,142.9,7.00,21.61,0.1513,6.61,459.0,80.1
39796,144.9,6.90,21.61,0.1491,6.70,459.0,80.0
39803,142.9,7.00,21.61,0.1513,6.61,459.0,80.0
39810,142.9,7.00,21.61,0.1513,6.61,459.0,80.0
39817,144.9,6.90,21.61,0.1491,6.70,459.0,80.0
39823,144.9,6.90,21.61,0.1491,6.71,459.0,80.0
39830,144.9,6.90,21.61,0.1491,6.71,459.0,80.0
39837,142.9,7.00,21.61,0.1513,6.61,459.0,80.0
39844,142.9,7.00,21.61,0.1513,6.61,459.0,80.0
39851,144.9,6.90,21.61,0.1491,6.71,459.0,80.0
39858,140.8,7.10,21.61,0.1534,6.52,459.0,80.0
39865,144.9,6.90,21.61,0.1491,6.71,459.0,80.0
39872,144.9,6.90,21.61,0.1491,6.71,459.0,80.0
39879,144.9,6.90,21.61,0.1491,6.71,459.0,80.0
39886,142.9,7.00,21.61,0.1513,6.61,459.0,80.0
39893,144.9,6.90,21.61,0.1491,6.71,459.0,80.0
39900,142.9,7.00,21.61,0.1513,6.61,459.0,80.0
39907,144.9,6.90,21.61,0.1491,6.71,459.0,80.0
39914,144.9,6.90,21.61,0.1491,6.71,459.0,80.0
39921,142.9,7.00,21.61,0.1513,6.61,459.0,80.0
39928,144.9,6.90,21.61,0.1491,6.71,459.0,80.0
39935,142.9,7.00,21.61,0.1513,6.61,459.0,80.0
39942,142.9,7.00,21.61,0.1513,6.61,459.0,80.0
39948,147.1,6.80,21.61,0.1469,6.81,459.0,80.0
39955,142.9,7.00,21.61,0.1513,6.61,459.0,80.0
39962,144.9,6.90,21.61,0.1491,6.71,459.0,80.0
39969,142.9,7.00,21.61,0.1513,6.61,459.0,80.0
39976,147.1,6.80,21.61,0.1469,6.81,459.0,80.0
39983,140.8,7.10,21.61,0.1534,6.52,459.0,80.0
39990,144.9,6.90,21.61,0.1491,6.71,459.0,80.0
39997,142.9,7.00,21.61,0.1512,6.61,459.0,80.0
40004,147.1,6.80,21.61,0.1469,6.81,459.0,80.0
40011,140.8,7.10,21.61,0.1534,6.52,459.0,80.0
40018,144.9,6.90,21.61,0.1491,6.71,459.0,80.0
40025,142.9,7.00,21.61,0.1512,6.61,459.0,80.0
40032,144.9,6.90,21.61,0.1491,6.71,459.0,80.0
40039,142.9,7.00,21.61,0.1512,6.61,459.0,80.0
40046,144.9,6.90,21.61,0.1491,6.71,459.0,80.0
40053,144.9,6.90,21.61,0.1491,6.71,459.0,80.0
40060,142.9,7.00,21.61,0.1512,6.61,459.0,80.0
40067,144.9,6.90,21.61,0.1491,6.71,459.0,80.0
40074,142.9,7.00,21.61,0.1512,6.61,459.0,80.0
40081,142.9,7.00,21.61,0.1512,6.61,459.0,80.0
40087,147.1,6.80,21.61,0.1469,6.81,459.0,80.0
40094,142.9,7.00,21.61,0.1512,6.61,459.0,80.0
40101,142.9,7.00,21.60,0.1512,6.61,459.0,80.0
40108,144.9,6.90,21.60,0.1491,6.71,459.0,80.0
40115,142.9,7.00,21.60,0.1512,6.61,459.0,80.0
40122,144.9,6.90,21.60,0.1491,6.71,459.0,80.0
40129,142.9,7.00,21.60,0.1512,6.61,459.0,80.0
40136,144.9,6.90,21.60,0.1491,6.71,459.0,80.0
40143,144.9,6.90,21.60,0.1491,6.71,459.0,80.0
40150,142.9,7.00,21.60,0.1512,6.61,459.0,80.0
40157,144.9,6.90,21.60,0.1491,6.71,459.0,80.0
40164,142.9,7.00,21.60,0.1512,6.61,459.0,80.0
40171,144.9,6.90,21.60,0.1491,6.71,459.0,80.0
40178,142.9,7.00,21.60,0.1512,6.61,459.0,80.0
40185,144.9,6.90,21.60,0.1491,6.71,459.0,80.0
40192,142.9,7.00,21.60,0.1512,6.61,459.0,80.0
40199,144.9,6.90,21.60,0.1491,6.71,459.0,80.0
40206,142.9,7.00,21.60,0.1512,6.61,459.0,80.0
40212,147.1,6.80,21.60,0.1469,6.81,459.0,80.0
40219,144.9,6.90,21.60,0.1491,6.71,459.0,80.0
40226,142.9,7.00,21.60,0.1512,6.62,459.0,80.0
40233,142.9,7.00,21.60,0.1512,6.62,459.0,80.0
40240,144.9,6.90,21.60,0.1491,6.71,459.0,80.0
40247,144.9,6.90,21.60,0.1491,6.71,459.0,80.0
40254,142.9,7.00,21.60,0.1512,6.62,459.0,80.0
40261,144.9,6.90,21.60,0.1491,6.71,459.0,80.0
40268,142.9,7.00,21.60,0.1512,6.62,459.0,80.0
40275,142.9,7.00,21.60,0.1512,6.62,459.0,80.0
40282,142.9,7.00,21.60,0.1512,6.62,459.0,80.0
40289,147.1,6.80,21.60,0.1469,6.81,459.0,80.0
40296,142.9,7.00,21.60,0.1512,6.62,459.0,80.0
40303,144.9,6.90,21.60,0.1490,6.71,459.0,80.0
40310,142.9,7.00,21.60,0.1512,6.62,459.0,80.0
40317,144.9,6.90,21.60,0.1490,6.71,459.0,80.0
40324,142.9,7.00,21.60,0.1512,6.62,459.0,80.0
40330,144.9,6.90,21.60,0.1490,6.71,459.0,80.0
40337,142.9,7.00,21.60,0.1512,6.62,459.0,80.0
40344,144.9,6.90,21.60,0.1490,6.71,459.0,80.0
40351,144.9,6.90,21.60,0.1490,6.71,459.0,80.0
40358,142.9,7.00,21.60,0.1512,6.62,459.0,80.0
40365,144.9,6.90,21.60,0.1490,6.71,459.0,80.0
40372,144.9,6.90,21.60,0.1490,6.71,459.0,80.0
40379,140.8,7.10,21.60,0.1534,6.52,459.0,80.0
40386,147.1,6.80,21.60,0.1469,6.81,459.0,80.0
40393,142.9,7.00,21.60,0.1512,6.62,459.0,80.0
40400,142.9,7.00,21.60,0.1512,6.62,459.0,80.0
40407,144.9,6.90,21.60,0.1490,6.71,459.0,80.0
40414,144.9,6.90,21.60,0.1490,6.71,459.0,80.0
40421,142.9,7.00,21.60,0.1512,6.62,459.0,80.0
40428,144.9,6.90,21.60,0.1490,6.71,459.0,80.0
40435,142.9,7.00,21.60,0.1512,6.62,459.0,80.0
40442,144.9,6.90,21.60,0.1490,6.71,459.0,80.0
40448,144.9,6.90,21.60,0.1490,6.71,459.0,80.0
40455,142.9,7.00,21.60,0.1512,6.62,459.0,80.0
40462,142.9,7.00,21.60,0.1512,6.62,459.0,80.0
40469,144.9,6.90,21.60,0.1490,6.71,459.0,80.0
40476,144.9,6.90,21.60,0.1490,6.71,459.0,80.0
40483,142.9,7.00,21.60,0.1512,6.62,459.0,80.0
40490,144.9,6.90,21.60,0.1490,6.71,459.0,80.0
40497,144.9,6.90,21.60,0.1490,6.71,459.0,80.0
40504,144.9,6.90,21.60,0.1490,6.71,459.0,80.0
40511,138.9,7.20,21.60,0.1555,6.43,459.0,80.0
40518,144.9,6.90,21.60,0.1490,6.71,459.0,80.0
40525,144.9,6.90,21.60,0.1490,6.71,459.0,80.0
40532,144.9,6.90,21.60,0.1490,6.71,459.0,80.0
40539,142.9,7.00,21.60,0.1512,6.62,459.0,80.0
40546,144.9,6.90,21.60,0.1490,6.71,459.0,80.0
40553,144.9,6.90,21.60,0.1490,6.71,459.0,80.0
40560,144.9,6.90,21.60,0.1490,6.71,459.0,80.0
40567,142.9,7.00,21.60,0.1512,6.62,459.0,80.0
40573,144.9,6.90,21.60,0.1490,6.71,459.0,80.0
40580,147.1,6.80,21.60,0.1468,6.81,459.0,80.0
40587,142.9,7.00,21.60,0.1512,6.62,459.0,80.0
40594,142.9,7.00,21.60,0.1512,6.62,459.0,80.0
40601,142.9,7.00,21.59,0.1512,6.62,459.0,80.0
40608,144.9,6.90,21.59,0.1490,6.71,459.0,80.0
40615,144.9,6.90,21.59,0.1490,6.71,459.0,80.0
40622,144.9,6.90,21.59,0.1490,6.71,459.0,80.0
40629,142.9,7.00,21.59,0.1512,6.62,459.0,80.0
40636,142.9,7.00,21.59,0.1512,6.62,459.0,80.0
40643,144.9,6.90,21.59,0.1490,6.71,459.0,80.0
40650,142.9,7.00,21.59,0.1512,6.62,459.0,80.0
40657,144.9,6.90,21.59,0.1490,6.71,459.0,80.0
40664,142.9,7.00,21.59,0.1512,6.62,459.0,80.0
40671,144.9,6.90,21.59,0.1490,6.71,459.0,80.0
40678,144.9,6.90,21.59,0.1490,6.71,459.0,80.0
40685,142.9,7.00,21.59,0.1512,6.62,459.0,80.0
40691,144.9,6.90,21.59,0.1490,6.71,459.0,80.0
40699,140.8,7.10,21.59,0.1533,6.52,459.0,80.0
40705,144.9,6.90,21.59,0.1490,6.71,459.0,80.0
40712,144.9,6.90,21.59,0.1490,6.71,459.0,80.0
40719,142.9,7.00,21.59,0.1511,6.62,459.0,80.0
40726,142.9,7.00,21.59,0.1511,6.62,459.0,80.0
40733,147.1,6.80,21.59,0.1468,6.81,459.0,80.0
40740,142.9,7.00,21.59,0.1511,6.62,459.0,80.0
40747,144.9,6.90,21.59,0.1490,6.71,459.0,80.0
40754,142.9,7.00,21.59,0.1511,6.62,459.0,80.0
40761,142.9,7.00,21.59,0.1511,6.62,459.0,80.0
40768,144.9,6.90,21.59,0.1490,6.71,459.0,80.0
40775,142.9,7.00,21.59,0.1511,6.62,459.0,80.0
40782,144.9,6.90,21.59,0.1490,6.71,459.0,80.0
40789,144.9,6.90,21.59,0.1490,6.71,459.0,80.0
40796,142.9,7.00,21.59,0.1511,6.62,459.0,80.0
40803,147.1,6.80,21.59,0.1468,6.81,459.0,80.0
40810,142.9,7.00,21.59,0.1511,6.62,459.0,80.0
40817,142.9,7.00,21.59,0.1511,6.62,459.0,80.0
40824,142.9,7.00,21.59,0.1511,6.62,459.0,80.0
40830,147.1,6.80,21.59,0.1468,6.81,459.0,80.0
40837,142.9,7.00,21.59,0.1511,6.62,459.0,80.0
40844,144.9,6.90,21.59,0.1490,6.71,459.0,80.0
40851,142.9,7.00,21.59,0.1511,6.62,459.0,80.0
40858,142.9,7.00,21.59,0.1511,6.62,459.0,80.0
40865,144.9,6.90,21.59,0.1490,6.71,459.0,80.0
40872,144.9,6.90,21.59,0.1490,6.71,459.0,80.0
40879,142.9,7.00,21.59,0.1511,6.62,459.0,80.0
40886,142.9,7.00,21.59,0.1511,6.62,459.0,80.0
40893,142.9,7.00,21.59,0.1511,6.62,459.0,80.0
40900,147.1,6.80,21.59,0.1468,6.81,459.0,80.0
40907,142.9,7.00,21.59,0.1511,6.62,459.0,80.0
40914,142.9,7.00,21.59,0.1511,6.62,459.0,80.0
40921,144.9,6.90,21.59,0.1490,6.71,459.0,80.0
40928,142.9,7.00,21.59,0.1511,6.62,459.0,80.0
40935,147.1,6.80,21.59,0.1468,6.81,459.0,80.0
40941,144.9,6.90,21.59,0.1490,6.71,459.0,80.0
40949,140.8,7.10,21.59,0.1533,6.52,459.0,80.0
40956,142.9,7.00,21.59,0.1511,6.62,459.0,80.0
40962,149.3,6.70,21.59,0.1446,6.92,459.0,80.0
40969,140.8,7.10,21.59,0.1533,6.52,459.0,80.0
40976,147.1,6.80,21.59,0.1468,6.81,459.0,80.0
40983,142.9,7.00,21.59,0.1511,6.62,459.0,80.0
40990,142.9,7.00,21.59,0.1511,6.62,459.0,80.0
40997,144.9,6.90,21.59,0.1490,6.71,459.0,80.0
41004,142.9,7.00,21.59,0.1511,6.62,459.0,80.0
41011,142.9,7.00,21.59,0.1511,6.62,459.0,80.0
41018,144.9,6.90,21.59,0.1489,6.71,459.0,80.0
41025,144.9,6.90,21.59,0.1489,6.71,459.0,80.0
41032,142.9,7.00,21.59,0.1511,6.62,459.0,80.0
41039,142.9,7.00,21.59,0.1511,6.62,459.0,80.0
41046,144.9,6.90,21.59,0.1489,6.71,459.0,80.0
41053,142.9,7.00,21.59,0.1511,6.62,459.0,80.0
41060,147.1,6.80,21.59,0.1468,6.81,459.0,80.0
41067,142.9,7.00,21.59,0.1511,6.62,459.0,80.0
41074,142.9,7.00,21.59,0.1511,6.62,459.0,80.0
41080,144.9,6.90,21.59,0.1489,6.71,459.0,80.0
41087,142.9,7.00,21.59,0.1511,6.62,459.0,80.0
41094,147.1,6.80,21.59,0.1468,6.81,459.0,80.0
41101,144.9,6.90,21.58,0.1489,6.71,459.0,80.0
41108,142.9,7.00,21.58,0.1511,6.62,459.0,80.0
41115,142.9,7.00,21.58,0.1511,6.62,459.0,80.0
41122,144.9,6.90,21.58,0.1489,6.71,459.0,80.0
41129,144.9,6.90,21.58,0.1489,6.71,459.0,80.0
41136,142.9,7.00,21.58,0.1511,6.62,459.0,80.0
41143,144.9,6.90,21.58,0.1489,6.71,459.0,80.0
41150,142.9,7.00,21.58,0.1511,6.62,459.0,80.0
41157,144.9,6.90,21.58,0.1489,6.71,459.0,80.0
41164,144.9,6.90,21.58,0.1489,6.71,459.0,80.0
41171,142.9,7.00,21.58,0.1511,6.62,459.0,80.0
41178,144.9,6.90,21.58,0.1489,6.71,459.0,80.0
41185,142.9,7.00,21.58,0.1511,6.62,459.0,80.0
41191,144.9,6.90,21.58,0.1489,6.71,459.0,80.0
41198,142.9,7.00,21.58,0.1511,6.62,459.0,80.0
41205,144.9,6.90,21.58,0.1489,6.71,459.0,80.0
41212,144.9,6.90,21.58,0.1489,6.71,459.0,80.0
41219,142.9,7.00,21.58,0.1511,6.62,459.0,80.0
41226,144.9,6.90,21.58,0.1489,6.71,459.0,80.0
41233,142.9,7.00,21.58,0.1511,6.62,459.0,80.0
41240,144.9,6.90,21.58,0.1489,6.71,459.0,80.0
41247,144.9,6.90,21.58,0.1489,6.71,459.0,80.0
41254,142.9,7.00,21.58,0.1511,6.62,459.0,80.0
41261,144.9,6.90,21.58,0.1489,6.71,459.0,80.0
41268,142.9,7.00,21.58,0.1511,6.62,459.0,80.0
41275,142.9,7.00,21.58,0.1511,6.62,459.0,80.0
41282,142.9,7.00,21.58,0.1511,6.62,459.0,80.0
41289,147.1,6.80,21.58,0.1468,6.82,459.0,80.0
41296,140.8,7.10,21.58,0.1532,6.52,459.0,80.0
41303,142.9,7.00,21.58,0.1511,6.62,459.0,80.0
41309,149.3,6.70,21.58,0.1446,6.92,459.0,80.0
41317,140.8,7.10,21.58,0.1532,6.52,459.0,80.0
41323,144.9,6.90,21.58,0.1489,6.71,459.0,80.0
41330,142.9,7.00,21.58,0.1511,6.62,459.0,80.0
41337,144.9,6.90,21.58,0.1489,6.71,459.0,80.0
41344,144.9,6.90,21.58,0.1489,6.71,459.0,80.0
41351,142.9,7.00,21.58,0.1511,6.62,459.0,80.0
41358,142.9,7.00,21.58,0.1511,6.62,459.0,80.0
41365,144.9,6.90,21.58,0.1489,6.71,459.0,80.0
41372,144.9,6.90,21.58,0.1489,6.71,459.0,80.0
41379,142.9,7.00,21.58,0.1511,6.62,459.0,80.0
41386,144.9,6.90,21.58,0.1489,6.71,459.0,80.0
41393,142.9,7.00,21.58,0.1511,6.62,459.0,80.0
41400,144.9,6.90,21.58,0.1489,6.71,459.0,80.0
41407,142.9,7.00,21.58,0.1511,6.62,459.0,80.0
41414,144.9,6.90,21.58,0.1489,6.71,459.0,80.0
41421,142.9,7.00,21.58,0.1510,6.62,459.0,80.0
41428,142.9,7.00,21.58,0.1510,6.62,459.0,80.0
41435,144.9,6.90,21.58,0.1489,6.72,459.0,80.0
41442,144.9,6.90,21.58,0.1489,6.72,459.0,80.0
41449,142.9,7.00,21.58,0.1510,6.62,459.0,80.0
41455,144.9,6.90,21.58,0.1489,6.72,459.0,80.0
41462,142.9,7.00,21.58,0.1510,6.62,459.0,80.0
41469,149.3,6.70,21.58,0.1446,6.92,459.0,80.0
41476,140.8,7.10,21.58,0.1532,6.53,459.0,80.0
41483,144.9,6.90,21.58,0.1489,6.72,459.0,80.0
41490,142.9,7.00,21.58,0.1510,6.62,459.0,80.0
41497,142.9,7.00,21.58,0.1510,6.62,459.0,80.0
41504,147.1,6.80,21.58,0.1467,6.82,459.0,80.0
41511,140.8,7.10,21.58,0.1532,6.53,459.0,80.0
41518,144.9,6.90,21.58,0.1489,6.72,459.0,80.0
41525,142.9,7.00,21.58,0.1510,6.62,459.0,80.0
41532,144.9,6.90,21.58,0.1489,6.72,459.0,80.0
41539,144.9,6.90,21.58,0.1489,6.72,459.0,80.0
41546,142.9,7.00,21.58,0.1510,6.62,459.0,80.0
41553,144.9,6.90,21.58,0.1489,6.72,459.0,80.0
41560,142.9,7.00,21.58,0.1510,6.62,459.0,80.0
41567,144.9,6.90,21.58,0.1489,6.72,459.0,80.0
41573,144.9,6.90,21.58,0.1489,6.72,459.0,80.0
41580,144.9,6.90,21.58,0.1489,6.72,459.0,80.0
41587,144.9,6.90,21.58,0.1489,6.72,459.0,80.0
41594,144.9,6.90,21.58,0.1489,6.72,459.0,80.0
41601,142.9,7.00,21.57,0.1510,6.62,459.0,80.0
41608,142.9,7.00,21.57,0.1510,6.62,459.0,80.0
41615,144.9,6.90,21.57,0.1489,6.72,459.0,80.0
41622,144.9,6.90,21.57,0.1489,6.72,459.0,80.0
41629,142.9,7.00,21.57,0.1510,6.62,459.0,80.0
41636,144.9,6.90,21.57,0.1489,6.72,459.0,80.0
41643,142.9,7.00,21.57,0.1510,6.62,459.0,80.0
41650,142.9,7.00,21.57,0.1510,6.62,459.0,80.0
41657,144.9,6.90,21.57,0.1489,6.72,459.0,80.0
41664,144.9,6.90,21.57,0.1489,6.72,459.0,80.0
41671,142.9,7.00,21.57,0.1510,6.62,459.0,80.0
41678,144.9,6.90,21.57,0.1489,6.72,459.0,80.0
41684,144.9,6.90,21.57,0.1489,6.72,459.0,80.0
41691,142.9,7.00,21.57,0.1510,6.62,459.0,80.0
41698,144.9,6.90,21.57,0.1489,6.72,459.0,80.0
41705,144.9,6.90,21.57,0.1489,6.72,459.0,80.0
41712,142.9,7.00,21.57,0.1510,6.62,459.0,80.0
41719,142.9,7.00,21.57,0.1510,6.62,459.0,80.0
41726,144.9,6.90,21.57,0.1488,6.72,459.0,80.0
41733,142.9,7.00,21.57,0.1510,6.62,459.0,80.0
41740,142.9,7.00,21.57,0.1510,6.62,459.0,80.0
41747,147.1,6.80,21.57,0.1467,6.82,459.0,80.0
41754,140.8,7.10,21.57,0.1532,6.53,459.0,80.0
41761,142.9,7.00,21.57,0.1510,6.62,459.0,80.0
41768,144.9,6.90,21.57,0.1488,6.72,459.0,80.0
41775,147.1,6.80,21.57,0.1467,6.82,459.0,80.0
41782,144.9,6.90,21.57,0.1488,6.72,459.0,80.0
41789,142.9,7.00,21.57,0.1510,6.62,459.0,80.0
41796,142.9,7.00,21.57,0.1510,6.62,459.0,80.0
41803,144.9,6.90,21.57,0.1488,6.72,459.0,80.0
41810,142.9,7.00,21.57,0.1510,6.62,459.0,80.0
41816,144.9,6.90,21.57,0.1488,6.72,459.0,80.0
41823,144.9,6.90,21.57,0.1488,6.72,459.0,80.0
41830,144.9,6.90,21.57,0.1488,6.72,459.0,80.0
41837,142.9,7.00,21.57,0.1510,6.62,459.0,80.0
41844,140.8,7.10,21.57,0.1531,6.53,459.0,80.0
41851,147.1,6.80,21.58,0.1467,6.82,459.0,81.0
41858,142.9,7.00,21.58,0.1511,6.62,459.0,81.0
41865,144.9,6.90,21.58,0.1489,6.71,459.0,81.0
41872,140.8,7.10,21.58,0.1532,6.52,459.0,81.0
41879,147.1,6.80,21.58,0.1468,6.82,459.0,81.0
41886,142.9,7.00,21.58,0.1511,6.62,459.0,81.0
41893,144.9,6.90,21.58,0.1489,6.71,459.0,81.0
41900,142.9,7.00,21.58,0.1511,6.62,459.0,81.0
41907,142.9,7.00,21.58,0.1511,6.62,459.0,81.0
41914,144.9,6.90,21.58,0.1489,6.71,459.0,81.0
41921,144.9,6.90,21.58,0.1489,6.71,459.0,81.0
41928,144.9,6.90,21.58,0.1489,6.71,459.0,81.0
41935,140.8,7.10,21.58,0.1532,6.52,459.0,81.0
41942,144.9,6.90,21.58,0.1489,6.71,459.0,81.0
41948,144.9,6.90,21.58,0.1489,6.71,459.0,80.9
41955,142.9,7.00,21.58,0.1511,6.62,459.0,80.9
41962,144.9,6.90,21.58,0.1489,6.71,459.0,80.9
41969,144.9,6.90,21.58,0.1489,6.71,459.0,80.9
41976,144.9,6.90,21.58,0.1489,6.71,459.0,80.9
41983,144.9,6.90,21.58,0.1489,6.71,459.0,80.9
41990,138.9,7.20,21.58,0.1554,6.44,459.0,80.9
41997,147.1,6.80,21.58,0.1468,6.82,459.0,80.9
42004,142.9,7.00,21.58,0.1511,6.62,459.0,80.9
42011,144.9,6.90,21.58,0.1489,6.71,459.0,80.9
42018,142.9,7.00,21.59,0.1511,6.62,459.0,80.9
42025,144.9,6.90,21.59,0.1489,6.71,459.0,80.9
42032,144.9,6.90,21.59,0.1489,6.71,459.0,80.9
42039,142.9,7.00,21.59,0.1511,6.62,459.0,80.9
42046,144.9,6.90,21.59,0.1489,6.71,459.0,80.9
42053,142.9,7.00,21.59,0.1511,6.62,459.0,80.9
42059,147.1,6.80,21.59,0.1468,6.81,459.0,80.9
42067,140.8,7.10,21.59,0.1533,6.52,459.0,80.9
42073,144.9,6.90,21.59,0.1489,6.71,459.0,80.9
42080,142.9,7.00,21.59,0.1511,6.62,459.0,80.9
42087,144.9,6.90,21.59,0.1490,6.71,459.0,80.9
42094,142.9,7.00,21.59,0.1511,6.62,459.0,80.9
42101,144.9,6.90,21.59,0.1490,6.71,459.0,80.9
42108,144.9,6.90,21.59,0.1490,6.71,459.0,80.9
42115,142.9,7.00,21.59,0.1511,6.62,459.0,80.9
42122,142.9,7.00,21.59,0.1511,6.62,459.0,80.9
42129,147.1,6.80,21.59,0.1468,6.81,459.0,80.9
42136,142.9,7.00,21.59,0.1511,6.62,459.0,80.9
42143,142.9,7.00,21.59,0.1511,6.62,459.0,80.9
42150,144.9,6.90,21.59,0.1490,6.71,459.0,80.8
42157,144.9,6.90,21.59,0.1490,6.71,459.0,80.8
42164,142.9,7.00,21.59,0.1511,6.62,459.0,80.8
42171,144.9,6.90,21.59,0.1490,6.71,459.0,80.8
42178,144.9,6.90,21.59,0.1490,6.71,459.0,80.8
42185,142.9,7.00,21.59,0.1511,6.62,459.0,80.8
42192,142.9,7.00,21.59,0.1511,6.62,459.0,80.8
42198,144.9,6.90,21.59,0.1490,6.71,459.0,80.8
42205,144.9,6.90,21.59,0.1490,6.71,459.0,80.8
42212,142.9,7.00,21.59,0.1511,6.62,459.0,80.8
42219,144.9,6.90,21.59,0.1490,6.71,459.0,80.8
42226,142.9,7.00,21.59,0.1511,6.62,459.0,80.8
42233,142.9,7.00,21.59,0.1511,6.62,459.0,80.8
42240,144.9,6.90,21.59,0.1490,6.71,459.0,80.8
42247,144.9,6.90,21.59,0.1490,6.71,459.0,80.8
42254,142.9,7.00,21.59,0.1511,6.62,459.0,80.8
42261,144.9,6.90,21.59,0.1490,6.71,459.0,80.8
42268,147.1,6.80,21.59,0.1468,6.81,459.0,80.8
42275,142.9,7.00,21.59,0.1512,6.62,459.0,80.8
42282,140.8,7.10,21.59,0.1533,6.52,459.0,80.8
42289,144.9,6.90,21.59,0.1490,6.71,459.0,80.8
42296,144.9,6.90,21.59,0.1490,6.71,459.0,80.8
42303,142.9,7.00,21.59,0.1512,6.62,459.0,80.8
42310,142.9,7.00,21.59,0.1512,6.62,459.0,80.8
42316,147.1,6.80,21.59,0.1468,6.81,459.0,80.8
42323,142.9,7.00,21.59,0.1512,6.62,459.0,80.8
42330,142.9,7.00,21.59,0.1512,6.62,459.0,80.8
42337,144.9,6.90,21.59,0.1490,6.71,459.0,80.8
42344,142.9,7.00,21.59,0.1512,6.62,459.0,80.8
42351,144.9,6.90,21.60,0.1490,6.71,459.0,80.7
42358,142.9,7.00,21.60,0.1512,6.62,459.0,80.7
42365,144.9,6.90,21.60,0.1490,6.71,459.0,80.7
42372,142.9,7.00,21.60,0.1512,6.62,459.0,80.7
42379,147.1,6.80,21.60,0.1469,6.81,459.0,80.7
42386,140.8,7.10,21.60,0.1533,6.52,459.0,80.7
42393,147.1,6.80,21.60,0.1469,6.81,459.0,80.7
42400,142.9,7.00,21.60,0.1512,6.62,459.0,80.7
42407,144.9,6.90,21.60,0.1490,6.71,459.0,80.7
42414,144.9,6.90,21.60,0.1490,6.71,459.0,80.7
42421,142.9,7.00,21.60,0.1512,6.62,459.0,80.7
42428,142.9,7.00,21.60,0.1512,6.62,459.0,80.7
42435,144.9,6.90,21.60,0.1490,6.71,459.0,80.7
42442,142.9,7.00,21.60,0.1512,6.62,459.0,80.7
42448,144.9,6.90,21.60,0.1490,6.71,459.0,80.7
42455,144.9,6.90,21.60,0.1490,6.71,459.0,80.7
42462,142.9,7.00,21.60,0.1512,6.62,459.0,80.7
42469,144.9,6.90,21.60,0.1490,6.71,459.0,80.7
42476,142.9,7.00,21.60,0.1512,6.62,459.0,80.7
42483,144.9,6.90,21.60,0.1490,6.71,459.0,80.7
42490,142.9,7.00,21.60,0.1512,6.62,459.0,80.7
42497,144.9,6.90,21.60,0.1490,6.71,459.0,80.7
42504,147.1,6.80,21.60,0.1469,6.81,459.0,80.7
42511,138.9,7.20,21.60,0.1555,6.43,459.0,80.7
42518,142.9,7.00,21.60,0.1512,6.62,459.0,80.7
42525,144.9,6.90,21.60,0.1490,6.71,459.0,80.7
42532,144.9,6.90,21.60,0.1490,6.71,459.0,80.7
42539,142.9,7.00,21.60,0.1512,6.62,459.0,80.7
42546,144.9,6.90,21.60,0.1490,6.71,459.0,80.6
42553,144.9,6.90,21.60,0.1490,6.71,459.0,80.6
42560,144.9,6.90,21.60,0.1490,6.71,459.0,80.6
42566,144.9,6.90,21.60,0.1491,6.71,459.0,80.6
42573,142.9,7.00,21.60,0.1512,6.62,459.0,80.6
42580,142.9,7.00,21.60,0.1512,6.62,459.0,80.6
42587,144.9,6.90,21.60,0.1491,6.71,459.0,80.6
42594,144.9,6.90,21.60,0.1491,6.71,459.0,80.6
42601,144.9,6.90,21.60,0.1491,6.71,459.0,80.6
42608,142.9,7.00,21.60,0.1512,6.61,459.0,80.6
42615,144.9,6.90,21.60,0.1491,6.71,459.0,80.6
42622,144.9,6.90,21.60,0.1491,6.71,459.0,80.6
42629,144.9,6.90,21.60,0.1491,6.71,459.0,80.6
42636,142.9,7.00,21.60,0.1512,6.61,459.0,80.6
42643,142.9,7.00,21.60,0.1512,6.61,459.0,80.6
42650,144.9,6.90,21.60,0.1491,6.71,459.0,80.6
42657,142.9,7.00,21.60,0.1512,6.61,459.0,80.6
42664,144.9,6.90,21.60,0.1491,6.71,459.0,80.6
42671,144.9,6.90,21.60,0.1491,6.71,459.0,80.6
42678,142.9,7.00,21.60,0.1512,6.61,459.0,80.6
42684,144.9,6.90,21.61,0.1491,6.71,459.0,80.6
42691,142.9,7.00,21.61,0.1512,6.61,459.0,80.6
42698,144.9,6.90,21.61,0.1491,6.71,459.0,80.6
42705,142.9,7.00,21.61,0.1512,6.61,459.0,80.6
42712,144.9,6.90,21.61,0.1491,6.71,459.0,80.6
42719,142.9,7.00,21.61,0.1512,6.61,459.0,80.6
42726,144.9,6.90,21.61,0.1491,6.71,459.0,80.6
42733,144.9,6.90,21.61,0.1491,6.71,459.0,80.6
42740,142.9,7.00,21.61,0.1512,6.61,459.0,80.6
42747,144.9,6.90,21.61,0.1491,6.71,459.0,80.5
42754,142.9,7.00,21.61,0.1513,6.61,459.0,80.5
42761,144.9,6.90,21.61,0.1491,6.71,459.0,80.5
42768,142.9,7.00,21.61,0.1513,6.61,459.0,80.5
42775,144.9,6.90,21.61,0.1491,6.71,459.0,80.5
42782,142.9,7.00,21.61,0.1513,6.61,459.0,80.5
42789,144.9,6.90,21.61,0.1491,6.71,459.0,80.5
42796,142.9,7.00,21.61,0.1513,6.61,459.0,80.5
42803,144.9,6.90,21.61,0.1491,6.71,459.0,80.5
42809,144.9,6.90,21.61,0.1491,6.71,459.0,80.5
42816,142.9,7.00,21.61,0.1513,6.61,459.0,80.5
42823,144.9,6.90,21.61,0.1491,6.71,459.0,80.5
42830,144.9,6.90,21.61,0.1491,6.71,459.0,80.5
42837,142.9,7.00,21.61,0.1513,6.61,459.0,80.5
42844,142.9,7.00,21.61,0.1513,6.61,459.0,80.5
42851,144.9,6.90,21.61,0.1491,6.71,459.0,80.5
42858,142.9,7.00,21.61,0.1513,6.61,459.0,80.5
42865,142.9,7.00,21.61,0.1513,6.61,459.0,80.5
42872,142.9,7.00,21.61,0.1513,6.61,459.0,80.5
42879,144.9,6.90,21.61,0.1491,6.70,459.0,80.5
42886,149.3,6.70,21.61,0.1448,6.91,459.0,80.5
42893,140.8,7.10,21.61,0.1534,6.52,459.0,80.5
42900,142.9,7.00,21.61,0.1513,6.61,459.0,80.5
42907,142.9,7.00,21.61,0.1513,6.61,459.0,80.5
42914,144.9,6.90,21.61,0.1491,6.70,459.0,80.5
42921,144.9,6.90,21.61,0.1491,6.70,459.0,80.5
42928,142.9,7.00,21.61,0.1513,6.61,459.0,80.5
42935,144.9,6.90,21.61,0.1491,6.70,459.0,80.5
42942,142.9,7.00,21.61,0.1513,6.61,459.0,80.5
42949,142.9,7.00,21.61,0.1513,6.61,459.0,80.4
42955,144.9,6.90,21.61,0.1491,6.70,459.0,80.4
42962,144.9,6.90,21.61,0.1491,6.70,459.0,80.4
42969,144.9,6.90,21.61,0.1491,6.70,459.0,80.4
42976,147.1,6.80,21.61,0.1470,6.81,459.0,80.4
42983,138.9,7.20,21.61,0.1556,6.43,459.0,80.4
42990,147.1,6.80,21.61,0.1470,6.81,459.0,80.4
42997,142.9,7.00,21.61,0.1513,6.61,459.0,80.4
43004,144.9,6.90,21.61,0.1491,6.70,459.0,80.4
43011,142.9,7.00,21.61,0.1513,6.61,459.0,80.4
43018,142.9,7.00,21.62,0.1513,6.61,459.0,80.4
43025,144.9,6.90,21.62,0.1491,6.70,459.0,80.4
43032,142.9,7.00,21.62,0.1513,6.61,459.0,80.4
43039,144.9,6.90,21.62,0.1491,6.70,459.0,80.4
43046,142.9,7.00,21.62,0.1513,6.61,459.0,80.4
43053,147.1,6.80,21.62,0.1470,6.81,459.0,80.4
43060,140.8,7.10,21.62,0.1535,6.51,459.0,80.4
43066,147.1,6.80,21.62,0.1470,6.80,459.0,80.4
43073,142.9,7.00,21.62,0.1513,6.61,459.0,80.4
43080,144.9,6.90,21.62,0.1492,6.70,459.0,80.4
43087,142.9,7.00,21.62,0.1513,6.61,459.0,80.4
43094,144.9,6.90,21.62,0.1492,6.70,459.0,80.4
43101,142.9,7.00,21.62,0.1513,6.61,459.0,80.4
43108,142.9,7.00,21.62,0.1513,6.61,459.0,80.4
43115,144.9,6.90,21.62,0.1492,6.70,459.0,80.4
43122,144.9,6.90,21.62,0.1492,6.70,459.0,80.4
43129,144.9,6.90,21.62,0.1492,6.70,459.0,80.4
43136,142.9,7.00,21.62,0.1513,6.61,459.0,80.4
43143,144.9,6.90,21.62,0.1492,6.70,459.0,80.4
43150,140.8,7.10,21.62,0.1535,6.51,459.0,80.3
43157,147.1,6.80,21.62,0.1470,6.80,459.0,80.3
43164,142.9,7.00,21.62,0.1513,6.61,459.0,80.3
43171,144.9,6.90,21.62,0.1492,6.70,459.0,80.3
43178,142.9,7.00,21.62,0.1513,6.61,459.0,80.3
43185,144.9,6.90,21.62,0.1492,6.70,459.0,80.3
43192,142.9,7.00,21.62,0.1513,6.61,459.0,80.3
43198,144.9,6.90,21.62,0.1492,6.70,459.0,80.3
43205,142.9,7.00,21.62,0.1513,6.61,459.0,80.3
43212,144.9,6.90,21.62,0.1492,6.70,459.0,80.3
43219,142.9,7.00,21.62,0.1513,6.61,459.0,80.3
43226,144.9,6.90,21.62,0.1492,6.70,459.0,80.3
43233,142.9,7.00,21.62,0.1514,6.61,459.0,80.3
43240,144.9,6.90,21.62,0.1492,6.70,459.0,80.3
43247,144.9,6.90,21.62,0.1492,6.70,459.0,80.3
43254,142.9,7.00,21.62,0.1514,6.61,459.0,80.3
43261,144.9,6.90,21.62,0.1492,6.70,459.0,80.3
43268,142.9,7.00,21.62,0.1514,6.61,459.0,80.3
43275,144.9,6.90,21.62,0.1492,6.70,459.0,80.3
43282,144.9,6.90,21.62,0.1492,6.70,459.0,80.3
43289,142.9,7.00,21.62,0.1514,6.61,459.0,80.3
43296,144.9,6.90,21.62,0.1492,6.70,459.0,80.3
43303,144.9,6.90,21.62,0.1492,6.70,459.0,80.3
43310,140.8,7.10,21.62,0.1535,6.51,459.0,80.3
43316,147.1,6.80,21.62,0.1470,6.80,459.0,80.3
43323,142.9,7.00,21.62,0.1514,6.61,459.0,80.3
43330,142.9,7.00,21.62,0.1514,6.61,459.0,80.3
43337,144.9,6.90,21.62,0.1492,6.70,459.0,80.3
43344,142.9,7.00,21.62,0.1514,6.61,459.0,80.3
43351,147.1,6.80,21.63,0.1471,6.80,459.0,80.2
43358,142.9,7.00,21.63,0.1514,6.61,459.0,80.2
43365,144.9,6.90,21.63,0.1492,6.70,459.0,80.2
43372,142.9,7.00,21.63,0.1514,6.61,459.0,80.2
43379,147.1,6.80,21.63,0.1471,6.80,459.0,80.2
43386,142.9,7.00,21.63,0.1514,6.61,459.0,80.2
43393,142.9,7.00,21.63,0.1514,6.61,459.0,80.2
43400,144.9,6.90,21.63,0.1492,6.70,459.0,80.2
43407,144.9,6.90,21.63,0.1492,6.70,459.0,80.2
43414,142.9,7.00,21.63,0.1514,6.61,459.0,80.2
43421,142.9,7.00,21.63,0.1514,6.61,459.0,80.2
43428,144.9,6.90,21.63,0.1492,6.70,459.0,80.2
43435,140.8,7.10,21.63,0.1536,6.51,459.0,80.2
43441,147.1,6.80,21.63,0.1471,6.80,459.0,80.2
43448,142.9,7.00,21.63,0.1514,6.61,459.0,80.2
43455,142.9,7.00,21.63,0.1514,6.61,459.0,80.2
43462,144.9,6.90,21.63,0.1492,6.70,459.0,80.2
43469,142.9,7.00,21.63,0.1514,6.61,459.0,80.2
43476,147.1,6.80,21.63,0.1471,6.80,459.0,80.2
43483,142.9,7.00,21.63,0.1514,6.61,459.0,80.2
43490,142.9,7.00,21.63,0.1514,6.61,459.0,80.2
43497,144.9,6.90,21.63,0.1492,6.70,459.0,80.2
43504,147.1,6.80,21.63,0.1471,6.80,459.0,80.2
43511,140.8,7.10,21.63,0.1536,6.51,459.0,80.2
43518,144.9,6.90,21.63,0.1492,6.70,459.0,80.2
43525,142.9,7.00,21.63,0.1514,6.61,459.0,80.2
43532,144.9,6.90,21.63,0.1493,6.70,459.0,80.2
43539,142.9,7.00,21.63,0.1514,6.61,459.0,80.2
43546,144.9,6.90,21.63,0.1493,6.70,459.0,80.1
43553,144.9,6.90,21.63,0.1493,6.70,459.0,80.1
43560,142.9,7.00,21.63,0.1514,6.61,459.0,80.1
43567,142.9,7.00,21.63,0.1514,6.61,459.0,80.1
43573,144.9,6.90,21.63,0.1493,6.70,459.0,80.1
43580,144.9,6.90,21.63,0.1493,6.70,459.0,80.1
43587,142.9,7.00,21.63,0.1514,6.61,459.0,80.1
43594,144.9,6.90,21.63,0.1493,6.70,459.0,80.1
43601,142.9,7.00,21.63,0.1514,6.61,459.0,80.1
43608,144.9,6.90,21.63,0.1493,6.70,459.0,80.1
43615,142.9,7.00,21.63,0.1514,6.61,459.0,80.1
43622,142.9,7.00,21.63,0.1514,6.61,459.0,80.1
43629,147.1,6.80,21.63,0.1471,6.80,459.0,80.1
43636,142.9,7.00,21.63,0.1514,6.61,459.0,80.1
43643,142.9,7.00,21.63,0.1514,6.61,459.0,80.1
43650,144.9,6.90,21.63,0.1493,6.70,459.0,80.1
43657,144.9,6.90,21.63,0.1493,6.70,459.0,80.1
43664,142.9,7.00,21.63,0.1514,6.61,459.0,80.1
43671,142.9,7.00,21.63,0.1514,6.61,459.0,80.1
43678,147.1,6.80,21.63,0.1471,6.80,459.0,80.1
43685,142.9,7.00,21.64,0.1514,6.60,459.0,80.1
43691,144.9,6.90,21.64,0.1493,6.70,459.0,80.1
43698,142.9,7.00,21.64,0.1514,6.60,459.0,80.1
43705,142.9,7.00,21.64,0.1515,6.60,459.0,80.1
43712,147.1,6.80,21.64,0.1471,6.80,459.0,80.1
43719,142.9,7.00,21.64,0.1515,6.60,459.0,80.1
43726,142.9,7.00,21.64,0.1515,6.60,459.0,80.1
43733,144.9,6.90,21.64,0.1493,6.70,459.0,80.1
43740,144.9,6.90,21.64,0.1493,6.70,459.0,80.1
43747,142.9,7.00,21.64,0.1515,6.60,459.0,80.0
43754,144.9,6.90,21.64,0.1493,6.70,459.0,80.0
43761,142.9,7.00,21.64,0.1515,6.60,459.0,80.0
43768,144.9,6.90,21.64,0.1493,6.70,459.0,80.0
43775,142.9,7.00,21.64,0.1515,6.60,459.0,80.0
43782,144.9,6.90,21.64,0.1493,6.70,459.0,80.0
43789,142.9,7.00,21.64,0.1515,6.60,459.0,80.0
43796,144.9,6.90,21.64,0.1493,6.70,459.0,80.0
43803,144.9,6.90,21.64,0.1493,6.70,459.0,80.0
43810,142.9,7.00,21.64,0.1515,6.60,459.0,80.0
43816,147.1,6.80,21.64,0.1471,6.80,459.0,80.0
43823,142.9,7.00,21.64,0.1515,6.60,459.0,80.0
43830,142.9,7.00,21.64,0.1515,6.60,459.0,80.0
43837,142.9,7.00,21.64,0.1515,6.60,459.0,80.0
43844,144.9,6.90,21.64,0.1493,6.70,459.0,80.0
43851,144.9,6.90,21.64,0.1493,6.70,459.0,80.0
43858,142.9,7.00,21.64,0.1515,6.60,459.0,80.0
43865,142.9,7.00,21.64,0.1515,6.60,459.0,80.0
43872,144.9,6.90,21.64,0.1493,6.70,459.0,80.0
43879,142.9,7.00,21.64,0.1515,6.60,459.0,80.0
43886,144.9,6.90,21.64,0.1493,6.70,459.0,80.0
43893,142.9,7.00,21.64,0.1515,6.60,459.0,80.0
43900,144.9,6.90,21.64,0.1493,6.69,459.0,80.0
43907,144.9,6.90,21.64,0.1493,6.69,459.0,80.0
43914,144.9,6.90,21.64,0.1493,6.69,459.0,80.0
43921,144.9,6.90,21.64,0.1493,6.69,459.0,80.0
43928,140.8,7.10,21.64,0.1537,6.50,459.0,80.0
43935,144.9,6.90,21.65,0.1494,6.69,459.0,80.0
43941,144.9,6.90,21.65,0.1494,6.69,459.0,80.0
43948,142.9,7.00,21.65,0.1515,6.60,459.0,80.0
43955,144.9,6.90,21.65,0.1494,6.69,459.0,80.0
43962,147.1,6.80,21.65,0.1472,6.80,459.0,80.0
43969,142.9,7.00,21.65,0.1515,6.60,459.0,80.0
43976,144.9,6.90,21.65,0.1494,6.69,459.0,80.0
43983,142.9,7.00,21.65,0.1515,6.60,459.0,80.0
43990,144.9,6.90,21.65,0.1494,6.69,459.0,80.0
43997,142.9,7.00,21.65,0.1515,6.60,459.0,80.0
44004,144.9,6.90,21.65,0.1494,6.69,459.0,80.0
44011,142.9,7.00,21.65,0.1515,6.60,459.0,80.0
44018,144.9,6.90,21.65,0.1494,6.69,459.0,80.0
44025,142.9,7.00,21.65,0.1516,6.60,459.0,80.0
44032,142.9,7.00,21.65,0.1516,6.60,459.0,80.0
44039,147.1,6.80,21.65,0.1472,6.79,459.0,80.0
44046,142.9,7.00,21.65,0.1516,6.60,459.0,80.0
44053,142.9,7.00,21.65,0.1516,6.60,459.0,80.0
44059,147.1,6.80,21.65,0.1472,6.79,459.0,80.0
44066,142.9,7.00,21.65,0.1516,6.60,459.0,80.0
44073,142.9,7.00,21.65,0.1516,6.60,459.0,80.0
44080,144.9,6.90,21.65,0.1494,6.69,459.0,80.0
44087,140.8,7.10,21.65,0.1537,6.50,459.0,80.0
44094,147.1,6.80,21.65,0.1473,6.79,459.0,80.0
44101,142.9,7.00,21.66,0.1516,6.60,459.0,80.0
44108,144.9,6.90,21.66,0.1494,6.69,459.0,80.0
44115,144.9,6.90,21.66,0.1494,6.69,459.0,80.0
44122,140.8,7.10,21.66,0.1538,6.50,459.0,80.0
44129,144.9,6.90,21.66,0.1494,6.69,459.0,80.0
44136,142.9,7.00,21.66,0.1516,6.60,459.0,80.0
44143,142.9,7.00,21.66,0.1516,6.60,459.0,80.0
44150,144.9,6.90,21.66,0.1494,6.69,459.0,80.0
44157,144.9,6.90,21.66,0.1494,6.69,459.0,80.0
44164,142.9,7.00,21.66,0.1516,6.60,459.0,80.0
44171,144.9,6.90,21.66,0.1495,6.69,459.0,80.0
44178,144.9,6.90,21.66,0.1495,6.69,459.0,80.0
44184,144.9,6.90,21.66,0.1495,6.69,459.0,80.0
44191,142.9,7.00,21.66,0.1516,6.60,459.0,80.0
44198,142.9,7.00,21.66,0.1516,6.60,459.0,80.0
44205,144.9,6.90,21.66,0.1495,6.69,459.0,80.0
44212,142.9,7.00,21.66,0.1516,6.60,459.0,80.0
44219,144.9,6.90,21.66,0.1495,6.69,459.0,80.0
44226,142.9,7.00,21.66,0.1516,6.60,459.0,80.0
44233,144.9,6.90,21.66,0.1495,6.69,459.0,80.0
44240,142.9,7.00,21.66,0.1516,6.60,459.0,80.0
44247,144.9,6.90,21.66,0.1495,6.69,459.0,80.0
44254,144.9,6.90,21.66,0.1495,6.69,459.0,80.0
44261,142.9,7.00,21.66,0.1517,6.60,459.0,80.0
44268,144.9,6.90,21.67,0.1495,6.69,459.0,80.0
44275,144.9,6.90,21.67,0.1495,6.69,459.0,80.0
44282,140.8,7.10,21.67,0.1538,6.50,459.0,80.0
44289,144.9,6.90,21.67,0.1495,6.69,459.0,80.0
44296,144.9,6.90,21.67,0.1495,6.69,459.0,80.0
44303,142.9,7.00,21.67,0.1517,6.60,459.0,80.0
44310,144.9,6.90,21.67,0.1495,6.69,459.0,80.0
44317,142.9,7.00,21.67,0.1517,6.59,459.0,80.0
44323,149.3,6.70,21.67,0.1452,6.89,459.0,80.0
44330,140.8,7.10,21.67,0.1539,6.50,459.0,80.0
44337,142.9,7.00,21.67,0.1517,6.59,459.0,80.0
44344,144.9,6.90,21.67,0.1495,6.69,459.0,80.0
44351,142.9,7.00,21.67,0.1517,6.59,459.0,80.0
44358,144.9,6.90,21.67,0.1495,6.69,459.0,80.0
44365,144.9,6.90,21.67,0.1495,6.69,459.0,80.0
44372,142.9,7.00,21.67,0.1517,6.59,459.0,80.0
44379,142.9,7.00,21.67,0.1517,6.59,459.0,80.0
44386,144.9,6.90,21.67,0.1495,6.69,459.0,80.0
44393,142.9,7.00,21.67,0.1517,6.59,459.0,80.0
44400,147.1,6.80,21.67,0.1474,6.79,459.0,80.0
44407,142.9,7.00,21.67,0.1517,6.59,459.0,80.0
44414,144.9,6.90,21.67,0.1496,6.69,459.0,80.0
44421,142.9,7.00,21.67,0.1517,6.59,459.0,80.0
44428,142.9,7.00,21.67,0.1517,6.59,459.0,80.0
44435,144.9,6.90,21.68,0.1496,6.69,459.0,80.0
44441,147.1,6.80,21.68,0.1474,6.79,459.0,80.0
44448,140.8,7.10,21.68,0.1539,6.50,459.0,80.0
44455,144.9,6.90,21.68,0.1496,6.68,459.0,80.0
44462,144.9,6.90,21.68,0.1496,6.68,459.0,80.0
44469,142.9,7.00,21.68,0.1517,6.59,459.0,80.0
44476,142.9,7.00,21.68,0.1517,6.59,459.0,80.0
44483,144.9,6.90,21.68,0.1496,6.68,459.0,80.0
44490,144.9,6.90,21.68,0.1496,6.68,459.0,80.0
44497,142.9,7.00,21.68,0.1518,6.59,459.0,80.0
44504,147.1,6.80,21.68,0.1474,6.79,459.0,80.0
44511,142.9,7.00,21.68,0.1518,6.59,459.0,80.0
44518,142.9,7.00,21.68,0.1518,6.59,459.0,80.0
44525,144.9,6.90,21.68,0.1496,6.68,459.0,80.0
44532,140.8,7.10,21.68,0.1539,6.49,459.0,80.0
44539,147.1,6.80,21.68,0.1474,6.78,459.0,80.0
44546,142.9,7.00,21.68,0.1518,6.59,459.0,80.0
44553,144.9,6.90,21.68,0.1496,6.68,459.0,80.0
44560,142.9,7.00,21.68,0.1518,6.59,459.0,80.0
44566,144.9,6.90,21.68,0.1496,6.68,459.0,80.0
44573,142.9,7.00,21.68,0.1518,6.59,459.0,80.0
44580,144.9,6.90,21.68,0.1496,6.68,459.0,80.0
44587,144.9,6.90,21.68,0.1496,6.68,459.0,80.0
44594,144.9,6.90,21.68,0.1496,6.68,459.0,80.0
44601,144.9,6.90,21.69,0.1496,6.68,459.0,80.0
44608,142.9,7.00,21.69,0.1518,6.59,459.0,80.0
44615,142.9,7.00,21.69,0.1518,6.59,459.0,80.0
44622,144.9,6.90,21.69,0.1496,6.68,459.0,80.0
44629,142.9,7.00,21.69,0.1518,6.59,459.0,80.0
44636,144.9,6.90,21.69,0.1496,6.68,459.0,80.0
44643,144.9,6.90,21.69,0.1496,6.68,459.0,80.0
44650,142.9,7.00,21.69,0.1518,6.59,459.0,80.0
44657,144.9,6.90,21.69,0.1497,6.68,459.0,80.0
44664,144.9,6.90,21.69,0.1497,6.68,459.0,80.0
44671,140.8,7.10,21.69,0.1540,6.49,459.0,80.0
44678,144.9,6.90,21.69,0.1497,6.68,459.0,80.0
44684,144.9,6.90,21.69,0.1497,6.68,459.0,80.0
44691,142.9,7.00,21.69,0.1518,6.59,459.0,80.0
44698,142.9,7.00,21.69,0.1518,6.59,459.0,80.0
44705,144.9,6.90,21.69,0.1497,6.68,459.0,80.0
44712,144.9,6.90,21.69,0.1497,6.68,459.0,80.0
44719,142.9,7.00,21.69,0.1518,6.59,459.0,80.0
44726,142.9,7.00,21.69,0.1518,6.59,459.0,80.0
44733,144.9,6.90,21.69,0.1497,6.68,459.0,80.0
44740,142.9,7.00,21.69,0.1519,6.59,459.0,80.0
44747,144.9,6.90,21.69,0.1497,6.68,459.0,80.0
44754,144.9,6.90,21.69,0.1497,6.68,459.0,80.0
44761,142.9,7.00,21.69,0.1519,6.59,459.0,80.0
44768,144.9,6.90,21.70,0.1497,6.68,459.0,80.0
44775,142.9,7.00,21.70,0.1519,6.59,459.0,80.0
44782,144.9,6.90,21.70,0.1497,6.68,459.0,80.0
44789,144.9,6.90,21.70,0.1497,6.68,459.0,80.0
44796,142.9,7.00,21.70,0.1519,6.59,459.0,80.0
44803,144.9,6.90,21.70,0.1497,6.68,459.0,80.0
44809,144.9,6.90,21.70,0.1497,6.68,459.0,80.0
44816,142.9,7.00,21.70,0.1519,6.59,459.0,80.0
44823,144.9,6.90,21.70,0.1497,6.68,459.0,80.0
44830,144.9,6.90,21.70,0.1497,6.68,459.0,80.0
44837,142.9,7.00,21.70,0.1519,6.59,459.0,80.0
44844,142.9,7.00,21.70,0.1519,6.59,459.0,80.0
44851,144.9,6.90,21.70,0.1497,6.68,459.0,80.0
44858,144.9,6.90,21.70,0.1497,6.68,459.0,80.0
44865,140.8,7.10,21.70,0.1541,6.49,459.0,80.0
44872,147.1,6.80,21.70,0.1476,6.78,459.0,80.0
44879,142.9,7.00,21.71,0.1519,6.58,459.0,80.0
44886,142.9,7.00,21.71,0.1520,6.58,459.0,80.0
44893,142.9,7.00,21.71,0.1520,6.58,459.0,80.0
44900,144.9,6.90,21.71,0.1498,6.67,459.0,80.1
44907,142.9,7.00,21.71,0.1520,6.58,459.0,80.1
44914,144.9,6.90,21.71,0.1498,6.67,459.0,80.1
44921,144.9,6.90,21.71,0.1498,6.67,459.0,80.1
44928,144.9,6.90,21.71,0.1498,6.67,459.0,80.1
44935,142.9,7.00,21.72,0.1520,6.58,459.0,80.1
44942,142.9,7.00,21.72,0.1520,6.58,459.0,80.1
44948,144.9,6.90,21.72,0.1499,6.67,459.0,80.1
44955,144.9,6.90,21.72,0.1499,6.67,459.0,80.1
44962,142.9,7.00,21.72,0.1520,6.58,459.0,80.1
44969,144.9,6.90,21.72,0.1499,6.67,459.0,80.1
44976,144.9,6.90,21.72,0.1499,6.67,459.0,80.1
44983,144.9,6.90,21.72,0.1499,6.67,459.0,80.1
44990,142.9,7.00,21.73,0.1521,6.58,459.0,80.1
44997,144.9,6.90,21.73,0.1499,6.67,459.0,80.2
45004,142.9,7.00,21.73,0.1521,6.58,459.0,80.2
45011,142.9,7.00,21.73,0.1521,6.58,459.0,80.2
45018,144.9,6.90,21.73,0.1499,6.67,459.0,80.2
45025,142.9,7.00,21.73,0.1521,6.58,459.0,80.2
45032,142.9,7.00,21.73,0.1521,6.58,459.0,80.2
45039,147.1,6.80,21.73,0.1478,6.77,459.0,80.2
45046,144.9,6.90,21.74,0.1500,6.67,459.0,80.2
45053,140.8,7.10,21.74,0.1543,6.48,459.0,80.2
45060,144.9,6.90,21.74,0.1500,6.67,459.0,80.2
45066,144.9,6.90,21.74,0.1500,6.67,459.0,80.2
45073,142.9,7.00,21.74,0.1522,6.57,459.0,80.2
45080,142.9,7.00,21.74,0.1522,6.57,459.0,80.2
45087,147.1,6.80,21.74,0.1479,6.77,459.0,80.2
45094,142.9,7.00,21.74,0.1522,6.57,459.0,80.2
45101,142.9,7.00,21.75,0.1522,6.57,459.0,80.3
45108,144.9,6.90,21.75,0.1501,6.66,459.0,80.3
45115,142.9,7.00,21.75,0.1522,6.57,459.0,80.3
45122,144.9,6.90,21.75,0.1501,6.66,459.0,80.3
45129,144.9,6.90,21.75,0.1501,6.66,459.0,80.3
45136,142.9,7.00,21.75,0.1523,6.57,459.0,80.3
45143,144.9,6.90,21.75,0.1501,6.66,459.0,80.3
45150,144.9,6.90,21.75,0.1501,6.66,459.0,80.3
45157,142.9,7.00,21.76,0.1523,6.57,459.0,80.3
45164,142.9,7.00,21.76,0.1523,6.57,459.0,80.3
45171,144.9,6.90,21.76,0.1501,6.66,459.0,80.3
45178,144.9,6.90,21.76,0.1501,6.66,459.0,80.3
45185,142.9,7.00,21.76,0.1523,6.57,459.0,80.3
45191,144.9,6.90,21.76,0.1502,6.66,459.0,80.3
45198,142.9,7.00,21.76,0.1523,6.57,459.0,80.4
45205,144.9,6.90,21.76,0.1502,6.66,459.0,80.4
45212,142.9,7.00,21.77,0.1524,6.57,459.0,80.4
45219,144.9,6.90,21.77,0.1502,6.66,459.0,80.4
45226,144.9,6.90,21.77,0.1502,6.66,459.0,80.4
45233,142.9,7.00,21.77,0.1524,6.56,459.0,80.4
45240,144.9,6.90,21.77,0.1502,6.66,459.0,80.4
45247,142.9,7.00,21.77,0.1524,6.56,459.0,80.4
45254,144.9,6.90,21.77,0.1502,6.65,459.0,80.4
45261,144.9,6.90,21.77,0.1502,6.65,459.0,80.4
45268,142.9,7.00,21.78,0.1524,6.56,459.0,80.4
45275,142.9,7.00,21.78,0.1524,6.56,459.0,80.4
45282,144.9,6.90,21.78,0.1503,6.65,459.0,80.4
45289,142.9,7.00,21.78,0.1525,6.56,459.0,80.4
45296,147.1,6.80,21.78,0.1481,6.75,459.0,80.5
45303,140.8,7.10,21.78,0.1547,6.46,459.0,80.5
45310,144.9,6.90,21.78,0.1503,6.65,459.0,80.5
45316,144.9,6.90,21.78,0.1503,6.65,459.0,80.5
45323,144.9,6.90,21.79,0.1503,6.65,459.0,80.5
45330,142.9,7.00,21.79,0.1525,6.56,459.0,80.5
45337,142.9,7.00,21.79,0.1525,6.56,459.0,80.5
45344,147.1,6.80,21.79,0.1482,6.75,459.0,80.5
45351,140.8,7.10,21.79,0.1547,6.46,459.0,80.5
45358,144.9,6.90,21.79,0.1504,6.65,459.0,80.5
45365,144.9,6.90,21.79,0.1504,6.65,459.0,80.5
45372,144.9,6.90,21.79,0.1504,6.65,459.0,80.5
45379,142.9,7.00,21.80,0.1526,6.56,459.0,80.5
45386,142.9,7.00,21.80,0.1526,6.56,459.0,80.5
45393,144.9,6.90,21.80,0.1504,6.65,459.0,80.5
45400,142.9,7.00,21.80,0.1526,6.56,459.0,80.6
45407,147.1,6.80,21.80,0.1482,6.75,459.0,80.6
45414,140.8,7.10,21.80,0.1548,6.46,459.0,80.6
45421,147.1,6.80,21.80,0.1483,6.75,459.0,80.6
45428,142.9,7.00,21.80,0.1526,6.55,459.0,80.6
45434,144.9,6.90,21.81,0.1505,6.65,459.0,80.6
45441,142.9,7.00,21.81,0.1526,6.55,459.0,80.6
45448,142.9,7.00,21.81,0.1527,6.55,459.0,80.6
45455,144.9,6.90,21.81,0.1505,6.64,459.0,80.6
45462,144.9,6.90,21.81,0.1505,6.64,459.0,80.6
45469,142.9,7.00,21.81,0.1527,6.55,459.0,80.6
45476,144.9,6.90,21.81,0.1505,6.64,459.0,80.6
45483,142.9,7.00,21.81,0.1527,6.55,459.0,80.6
45490,142.9,7.00,21.82,0.1527,6.55,459.0,80.6
45497,144.9,6.90,21.82,0.1505,6.64,459.0,80.7
45504,147.1,6.80,21.82,0.1484,6.74,459.0,80.7
45511,142.9,7.00,21.82,0.1527,6.55,459.0,80.7
45518,144.9,6.90,21.82,0.1506,6.64,459.0,80.7
45525,142.9,7.00,21.82,0.1528,6.55,459.0,80.7
45532,144.9,6.90,21.82,0.1506,6.64,459.0,80.7
45539,142.9,7.00,21.82,0.1528,6.55,459.0,80.7
45546,144.9,6.90,21.83,0.1506,6.64,459.0,80.7
45552,144.9,6.90,21.83,0.1506,6.64,459.0,80.7
45559,144.9,6.90,21.83,0.1506,6.64,459.0,80.7
45566,142.9,7.00,21.83,0.1528,6.55,459.0,80.7
45573,142.9,7.00,21.83,0.1528,6.55,459.0,80.7
45580,144.9,6.90,21.83,0.1506,6.64,459.0,80.7
45587,144.9,6.90,21.83,0.1507,6.64,459.0,80.7
45594,142.9,7.00,21.83,0.1528,6.54,459.0,80.7
45601,144.9,6.90,21.84,0.1507,6.64,459.0,80.8
45608,142.9,7.00,21.84,0.1529,6.54,459.0,80.8
45615,144.9,6.90,21.84,0.1507,6.64,459.0,80.8
45622,144.9,6.90,21.84,0.1507,6.63,459.0,80.8
45629,140.8,7.10,21.84,0.1551,6.45,459.0,80.8
45636,144.9,6.90,21.84,0.1507,6.63,459.0,80.8
45643,144.9,6.90,21.84,0.1507,6.63,459.0,80.8
45650,144.9,6.90,21.84,0.1507,6.63,459.0,80.8
45657,142.9,7.00,21.85,0.1529,6.54,459.0,80.8
45664,144.9,6.90,21.85,0.1507,6.63,459.0,80.8
45671,142.9,7.00,21.85,0.1529,6.54,459.0,80.8
45677,144.9,6.90,21.85,0.1508,6.63,459.0,80.8
45684,144.9,6.90,21.85,0.1508,6.63,459.0,80.8
45691,142.9,7.00,21.85,0.1530,6.54,459.0,80.8
45698,142.9,7.00,21.85,0.1530,6.54,459.0,80.9
45705,144.9,6.90,21.85,0.1508,6.63,459.0,80.9
45712,142.9,7.00,21.86,0.1530,6.54,459.0,80.9
45719,144.9,6.90,21.86,0.1508,6.63,459.0,80.9
45726,144.9,6.90,21.86,0.1508,6.63,459.0,80.9
45733,142.9,7.00,21.86,0.1530,6.54,459.0,80.9
45740,144.9,6.90,21.86,0.1508,6.63,459.0,80.9
45747,144.9,6.90,21.86,0.1508,6.63,459.0,80.9
45754,142.9,7.00,21.86,0.1530,6.54,459.0,80.9
45761,144.9,6.90,21.86,0.1509,6.63,459.0,80.9
45768,142.9,7.00,21.87,0.1531,6.54,459.0,80.9
45775,142.9,7.00,21.87,0.1531,6.53,459.0,80.9
45782,142.9,7.00,21.87,0.1531,6.53,459.0,80.9
45789,144.9,6.90,21.87,0.1509,6.63,459.0,80.9
45796,142.9,7.00,21.87,0.1531,6.53,459.0,81.0
45803,144.9,6.90,21.87,0.1509,6.62,459.0,81.0
45809,144.9,6.90,21.87,0.1509,6.62,459.0,81.0
45816,144.9,6.90,21.87,0.1509,6.62,459.0,81.0
45823,142.9,7.00,21.88,0.1531,6.53,459.0,81.0
45830,144.9,6.90,21.88,0.1510,6.62,459.0,81.0
45837,142.9,7.00,21.88,0.1531,6.53,459.0,81.0
45844,144.9,6.90,21.88,0.1510,6.62,459.0,81.0
45851,142.9,7.00,21.88,0.1532,6.53,459.0,81.0
45858,144.9,6.90,21.88,0.1510,6.62,459.0,81.0
45865,144.9,6.90,21.88,0.1510,6.62,459.0,81.0
45872,144.9,6.90,21.88,0.1510,6.62,459.0,81.0
45879,140.8,7.10,21.89,0.1554,6.43,459.0,81.0
45886,147.1,6.80,21.89,0.1488,6.72,459.0,81.0
45893,142.9,7.00,21.89,0.1532,6.53,459.0,81.0
45900,144.9,6.90,21.89,0.1510,6.62,459.0,81.0
45907,142.9,7.00,21.89,0.1532,6.53,459.0,81.0
45914,142.9,7.00,21.89,0.1532,6.53,459.0,81.0
45921,144.9,6.90,21.89,0.1511,6.62,459.0,81.0
45928,142.9,7.00,21.89,0.1533,6.53,459.0,81.0
45934,147.1,6.80,21.89,0.1489,6.72,459.0,81.0
45941,140.8,7.10,21.90,0.1555,6.43,459.0,81.0
45948,144.9,6.90,21.90,0.1511,6.62,459.0,81.0
45955,144.9,6.90,21.90,0.1511,6.62,459.0,81.0
45962,142.9,7.00,21.90,0.1533,6.53,459.0,81.0
45969,142.9,7.00,21.90,0.1533,6.53,459.0,81.0
45976,147.1,6.80,21.90,0.1489,6.72,459.0,81.0
45983,142.9,7.00,21.90,0.1533,6.52,459.0,81.0
45990,142.9,7.00,21.90,0.1533,6.52,459.0,81.0
45997,144.9,6.90,21.90,0.1511,6.62,459.0,81.0
46004,140.8,7.10,21.91,0.1555,6.43,459.0,81.0
46011,147.1,6.80,21.91,0.1490,6.71,459.0,81.0
46018,142.9,7.00,21.91,0.1534,6.52,459.0,81.0
46025,142.9,7.00,21.91,0.1534,6.52,459.0,81.0
46032,144.9,6.90,21.91,0.1512,6.61,459.0,81.0
46039,144.9,6.90,21.91,0.1512,6.61,459.0,81.0
46046,142.9,7.00,21.91,0.1534,6.52,459.0,81.0
46052,147.1,6.80,21.91,0.1490,6.71,459.0,81.0
46059,142.9,7.00,21.91,0.1534,6.52,459.0,81.0
46066,147.1,6.80,21.92,0.1490,6.71,459.0,81.0
46073,140.8,7.10,21.92,0.1556,6.42,459.0,81.0
46080,144.9,6.90,21.92,0.1512,6.61,459.0,81.0
46087,142.9,7.00,21.92,0.1534,6.52,459.0,81.0
46094,142.9,7.00,21.92,0.1534,6.52,459.0,81.0
46101,144.9,6.90,21.92,0.1513,6.61,459.0,81.0
46108,142.9,7.00,21.92,0.1535,6.52,459.0,81.0
46115,144.9,6.90,21.92,0.1513,6.61,459.0,81.0
46122,144.9,6.90,21.92,0.1513,6.61,459.0,81.0
46129,142.9,7.00,21.93,0.1535,6.52,459.0,81.0
46136,144.9,6.90,21.93,0.1513,6.61,459.0,81.0
46143,144.9,6.90,21.93,0.1513,6.61,459.0,81.0
46150,144.9,6.90,21.93,0.1513,6.61,459.0,81.0
46157,142.9,7.00,21.93,0.1535,6.52,459.0,81.0
46164,144.9,6.90,21.93,0.1513,6.61,459.0,81.0
46171,142.9,7.00,21.93,0.1535,6.52,459.0,81.0
46177,144.9,6.90,21.93,0.1513,6.61,459.0,81.0
46184,144.9,6.90,21.93,0.1513,6.61,459.0,81.0
46191,142.9,7.00,21.94,0.1535,6.51,459.0,81.0
46198,144.9,6.90,21.94,0.1514,6.61,459.0,81.0
46205,142.9,7.00,21.94,0.1536,6.51,459.0,81.0
46212,142.9,7.00,21.94,0.1536,6.51,459.0,81.0
46219,144.9,6.90,21.94,0.1514,6.60,459.0,81.0
46226,144.9,6.90,21.94,0.1514,6.60,459.0,81.0
46233,142.9,7.00,21.94,0.1536,6.51,459.0,81.0
46240,142.9,7.00,21.94,0.1536,6.51,459.0,81.0
46247,144.9,6.90,21.94,0.1514,6.60,459.0,81.0
46254,142.9,7.00,21.95,0.1536,6.51,459.0,81.0
46261,142.9,7.00,21.95,0.1536,6.51,459.0,81.0
46268,144.9,6.90,21.95,0.1514,6.60,459.0,81.0
46275,142.9,7.00,21.95,0.1536,6.51,459.0,81.0
46282,147.1,6.80,21.95,0.1493,6.70,459.0,81.0
46289,142.9,7.00,21.95,0.1537,6.51,459.0,81.0
46296,144.9,6.90,21.95,0.1515,6.60,459.0,81.0
46303,142.9,7.00,21.95,0.1537,6.51,459.0,81.0
46309,144.9,6.90,21.95,0.1515,6.60,459.0,81.0
46316,144.9,6.90,21.96,0.1515,6.60,459.0,81.0
46323,140.8,7.10,21.96,0.1559,6.41,459.0,81.0
46330,149.3,6.70,21.96,0.1471,6.80,459.0,81.0
46337,140.8,7.10,21.96,0.1559,6.41,459.0,81.0
46344,142.9,7.00,21.96,0.1537,6.51,459.0,81.0
46351,144.9,6.90,21.96,0.1515,6.60,459.0,81.0
46358,142.9,7.00,21.96,0.1537,6.51,459.0,81.0
46365,144.9,6.90,21.96,0.1515,6.60,459.0,81.0
46372,142.9,7.00,21.96,0.1537,6.51,459.0,81.0
46379,144.9,6.90,21.97,0.1516,6.60,459.0,81.0
46386,144.9,6.90,21.97,0.1516,6.60,459.0,81.0
46393,144.9,6.90,21.97,0.1516,6.60,459.0,81.0
46400,144.9,6.90,21.97,0.1516,6.60,459.0,81.0
46407,142.9,7.00,21.97,0.1538,6.50,459.0,81.0
46414,142.9,7.00,21.97,0.1538,6.50,459.0,81.0
46421,142.9,7.00,21.97,0.1538,6.50,459.0,81.0
46428,144.9,6.90,21.97,0.1516,6.59,459.0,81.0
46434,144.9,6.90,21.97,0.1516,6.59,459.0,81.0
46441,142.9,7.00,21.98,0.1538,6.50,459.0,81.0
46448,142.9,7.00,21.98,0.1538,6.50,459.0,81.0
46455,144.9,6.90,21.98,0.1516,6.59,459.0,81.0
46462,144.9,6.90,21.98,0.1517,6.59,459.0,81.0
46469,142.9,7.00,21.98,0.1539,6.50,459.0,81.0
46476,144.9,6.90,21.98,0.1517,6.59,459.0,81.0
46483,144.9,6.90,21.98,0.1517,6.59,459.0,81.0
46490,142.9,7.00,21.98,0.1539,6.50,459.0,81.0
46497,147.1,6.80,21.98,0.1495,6.69,459.0,81.0
46504,140.8,7.10,21.99,0.1561,6.40,459.0,81.0
46511,144.9,6.90,21.99,0.1517,6.59,459.0,81.0
46518,144.9,6.90,21.99,0.1517,6.59,459.0,81.0
46525,140.8,7.10,21.99,0.1561,6.40,459.0,81.0
46532,144.9,6.90,21.99,0.1517,6.59,459.0,81.0
46539,144.9,6.90,21.99,0.1517,6.59,459.0,81.0
46546,142.9,7.00,21.99,0.1539,6.50,459.0,81.0
46553,144.9,6.90,21.99,0.1518,6.59,459.0,81.0
46559,144.9,6.90,21.99,0.1518,6.59,459.0,81.0
46566,142.9,7.00,22.00,0.1540,6.50,459.0,81.0
46573,144.9,6.90,22.00,0.1518,6.59,459.0,81.0
46580,142.9,7.00,22.00,0.1540,6.50,459.0,81.0
46587,144.9,6.90,22.00,0.1518,6.59,459.0,81.0
46594,144.9,6.90,22.00,0.1518,6.59,459.0,81.0
46601,142.9,7.00,22.00,0.1540,6.50,459.0,81.0
46608,144.9,6.90,22.00,0.1518,6.59,459.0,81.0
46615,144.9,6.90,22.00,0.1518,6.59,459.0,81.0
46622,144.9,6.90,22.00,0.1518,6.59,459.0,81.0
46629,142.9,7.00,22.01,0.1540,6.49,459.0,81.0
46636,142.9,7.00,22.01,0.1540,6.49,459.0,81.0
46643,144.9,6.90,22.01,0.1519,6.58,459.0,81.0
46650,144.9,6.90,22.01,0.1519,6.58,459.0,81.0
46657,142.9,7.00,22.01,0.1541,6.49,459.0,81.0
46664,142.9,7.00,22.01,0.1541,6.49,459.0,81.0
46670,147.1,6.80,22.01,0.1497,6.68,459.0,81.0
46677,142.9,7.00,22.01,0.1541,6.49,459.0,81.0
46684,144.9,6.90,22.01,0.1519,6.58,459.0,81.0
46691,142.9,7.00,22.02,0.1541,6.49,459.0,81.0
46698,144.9,6.90,22.02,0.1519,6.58,459.0,81.0
46705,144.9,6.90,22.02,0.1519,6.58,459.0,81.0
46712,142.9,7.00,22.02,0.1541,6.49,459.0,81.0
46719,142.9,7.00,22.02,0.1541,6.49,459.0,81.0
46726,144.9,6.90,22.02,0.1519,6.58,459.0,81.0
46733,142.9,7.00,22.02,0.1542,6.49,459.0,81.0
46740,147.1,6.80,22.02,0.1498,6.68,459.0,81.0
46747,142.9,7.00,22.02,0.1542,6.49,459.0,81.0
46754,142.9,7.00,22.03,0.1542,6.49,459.0,81.0
46761,144.9,6.90,22.03,0.1520,6.58,459.0,81.0
46768,144.9,6.90,22.03,0.1520,6.58,459.0,81.0
46775,142.9,7.00,22.03,0.1542,6.49,459.0,81.0
46782,142.9,7.00,22.03,0.1542,6.49,459.0,81.0
46789,144.9,6.90,22.03,0.1520,6.58,459.0,81.0
46796,142.9,7.00,22.03,0.1542,6.49,459.0,81.0
46802,144.9,6.90,22.03,0.1520,6.58,459.0,81.0
46809,142.9,7.00,22.03,0.1542,6.49,459.0,81.0
46816,147.1,6.80,22.04,0.1498,6.68,459.0,81.0
46823,142.9,7.00,22.04,0.1543,6.48,459.0,81.0
46830,142.9,7.00,22.04,0.1543,6.48,459.0,81.0
46837,144.9,6.90,22.04,0.1521,6.57,459.0,81.0
46844,144.9,6.90,22.04,0.1521,6.57,459.0,81.0
46851,142.9,7.00,22.04,0.1543,6.48,459.0,81.0
46858,142.9,7.00,22.04,0.1543,6.48,459.0,81.0
46865,144.9,6.90,22.04,0.1521,6.57,459.0,81.0
46872,142.9,7.00,22.04,0.1543,6.48,459.0,81.0
46879,144.9,6.90,22.04,0.1521,6.57,459.0,81.0
46886,144.9,6.90,22.04,0.1521,6.57,459.0,81.0
46893,140.8,7.10,22.05,0.1565,6.39,459.0,81.0
46900,144.9,6.90,22.05,0.1521,6.57,459.0,81.0
46907,142.9,7.00,22.05,0.1543,6.48,459.0,81.0
46914,144.9,6.90,22.05,0.1521,6.57,459.0,81.0
46921,142.9,7.00,22.05,0.1543,6.48,459.0,81.0
46928,144.9,6.90,22.05,0.1521,6.57,459.0,81.0
46934,144.9,6.90,22.05,0.1521,6.57,459.0,81.0
46941,142.9,7.00,22.05,0.1544,6.48,459.0,81.0
46948,142.9,7.00,22.05,0.1544,6.48,459.0,81.0
46955,144.9,6.90,22.05,0.1522,6.57,459.0,81.0
46962,144.9,6.90,22.05,0.1522,6.57,459.0,81.0
46969,144.9,6.90,22.05,0.1522,6.57,459.0,81.0
46976,142.9,7.00,22.06,0.1544,6.48,459.0,81.0
46983,142.9,7.00,22.06,0.1544,6.48,459.0,81.0
46990,144.9,6.90,22.06,0.1522,6.57,459.0,81.0
46997,144.9,6.90,22.06,0.1522,6.57,459.0,81.0
47004,142.9,7.00,22.06,0.1544,6.48,459.0,81.0
47011,142.9,7.00,22.06,0.1544,6.48,459.0,81.0
47018,144.9,6.90,22.06,0.1522,6.57,459.0,81.0
47025,144.9,6.90,22.06,0.1522,6.57,459.0,81.0
47032,142.9,7.00,22.06,0.1544,6.48,459.0,81.0
47039,144.9,6.90,22.06,0.1522,6.57,459.0,81.0
47046,144.9,6.90,22.06,0.1522,6.57,459.0,81.0
47053,142.9,7.00,22.06,0.1545,6.48,459.0,81.0
47060,142.9,7.00,22.07,0.1545,6.48,459.0,81.0
47066,144.9,6.90,22.07,0.1523,6.57,459.0,81.0
47073,142.9,7.00,22.07,0.1545,6.48,459.0,81.0
47080,144.9,6.90,22.07,0.1523,6.57,459.0,81.0
47087,147.1,6.80,22.07,0.1501,6.67,459.0,81.0
47094,140.8,7.10,22.07,0.1567,6.38,459.0,81.0
47101,144.9,6.90,22.07,0.1523,6.57,459.0,81.0
47108,147.1,6.80,22.07,0.1501,6.66,459.0,81.0
47115,142.9,7.00,22.07,0.1545,6.47,459.0,81.0
47122,142.9,7.00,22.07,0.1545,6.47,459.0,81.0
47129,144.9,6.90,22.07,0.1523,6.56,459.0,81.0
47136,142.9,7.00,22.07,0.1545,6.47,459.0,81.0
47143,144.9,6.90,22.08,0.1523,6.56,459.0,81.0
47150,142.9,7.00,22.08,0.1545,6.47,459.0,81.0
47157,144.9,6.90,22.08,0.1523,6.56,459.0,81.0
47164,144.9,6.90,22.08,0.1523,6.56,459.0,81.0
47171,142.9,7.00,22.08,0.1546,6.47,459.0,81.0
47178,142.9,7.00,22.08,0.1546,6.47,459.0,81.0
47184,144.9,6.90,22.08,0.1524,6.56,459.0,81.0
47191,142.9,7.00,22.08,0.1546,6.47,459.0,81.0
47198,144.9,6.90,22.08,0.1524,6.56,459.0,81.0
47205,142.9,7.00,22.08,0.1546,6.47,459.0,81.0
47212,144.9,6.90,22.08,0.1524,6.56,459.0,81.0
47219,142.9,7.00,22.08,0.1546,6.47,459.0,81.0
47226,144.9,6.90,22.09,0.1524,6.56,459.0,81.0
47233,142.9,7.00,22.09,0.1546,6.47,459.0,81.0
47240,144.9,6.90,22.09,0.1524,6.56,459.0,81.0
47247,144.9,6.90,22.09,0.1524,6.56,459.0,81.0
47254,144.9,6.90,22.09,0.1524,6.56,459.0,81.0
47261,142.9,7.00,22.09,0.1546,6.47,459.0,81.0
47268,142.9,7.00,22.09,0.1546,6.47,459.0,81.0
47275,144.9,6.90,22.09,0.1524,6.56,459.0,81.0
47282,142.9,7.00,22.09,0.1546,6.47,459.0,81.0
47289,144.9,6.90,22.09,0.1524,6.56,459.0,81.0
47296,144.9,6.90,22.09,0.1524,6.56,459.0,81.0
47303,142.9,7.00,22.09,0.1547,6.47,459.0,81.0
47310,142.9,7.00,22.10,0.1547,6.47,459.0,81.0
47316,144.9,6.90,22.10,0.1525,6.56,459.0,81.0
47323,144.9,6.90,22.10,0.1525,6.56,459.0,81.0
47330,144.9,6.90,22.10,0.1525,6.56,459.0,81.0
47337,142.9,7.00,22.10,0.1547,6.47,459.0,81.0
47344,144.9,6.90,22.10,0.1525,6.56,459.0,81.0
47351,142.9,7.00,22.10,0.1547,6.47,459.0,81.0
47358,144.9,6.90,22.10,0.1525,6.56,459.0,81.0
47365,142.9,7.00,22.10,0.1547,6.47,459.0,81.0
47372,144.9,6.90,22.10,0.1525,6.56,459.0,81.0
47379,142.9,7.00,22.10,0.1547,6.46,459.0,81.0
47386,144.9,6.90,22.10,0.1525,6.56,459.0,81.0
47393,144.9,6.90,22.11,0.1525,6.55,459.0,81.0
47400,142.9,7.00,22.11,0.1547,6.46,459.0,81.0
47407,144.9,6.90,22.11,0.1525,6.55,459.0,81.0
47414,142.9,7.00,22.11,0.1548,6.46,459.0,81.0
47421,142.9,7.00,22.11,0.1548,6.46,459.0,81.0
47428,144.9,6.90,22.11,0.1526,6.55,459.0,81.0
47435,142.9,7.00,22.11,0.1548,6.46,459.0,81.0
47441,147.1,6.80,22.11,0.1504,6.65,459.0,81.0
47448,142.9,7.00,22.11,0.1548,6.46,459.0,81.0
47455,144.9,6.90,22.11,0.1526,6.55,459.0,81.0
47462,140.8,7.10,22.11,0.1570,6.37,459.0,81.0
47469,147.1,6.80,22.11,0.1504,6.65,459.0,81.0
47476,142.9,7.00,22.12,0.1548,6.46,459.0,81.0
47483,144.9,6.90,22.12,0.1526,6.55,459.0,81.0
47490,142.9,7.00,22.12,0.1548,6.46,459.0,81.0
47497,144.9,6.90,22.12,0.1526,6.55,459.0,81.0
47504,147.1,6.80,22.12,0.1504,6.65,459.0,81.0
47511,140.8,7.10,22.12,0.1571,6.37,459.0,81.0
47518,144.9,6.90,22.12,0.1526,6.55,459.0,81.0
47525,142.9,7.00,22.12,0.1549,6.46,459.0,81.0
47532,144.9,6.90,22.12,0.1526,6.55,459.0,81.0
47539,144.9,6.90,22.12,0.1526,6.55,459.0,81.0
47546,140.8,7.10,22.12,0.1571,6.36,459.0,81.0
47552,147.1,6.80,22.12,0.1504,6.65,459.0,81.0
47559,142.9,7.00,22.13,0.1549,6.46,459.0,81.0
47566,144.9,6.90,22.13,0.1527,6.55,459.0,81.0
47573,140.8,7.10,22.13,0.1571,6.36,459.0,81.0
47580,144.9,6.90,22.13,0.1527,6.55,459.0,81.0
47587,144.9,6.90,22.13,0.1527,6.55,459.0,81.0
47594,142.9,7.00,22.13,0.1549,6.46,459.0,81.0
47601,144.9,6.90,22.13,0.1527,6.55,459.0,81.0
47608,144.9,6.90,22.13,0.1527,6.55,459.0,81.0
47615,144.9,6.90,22.13,0.1527,6.55,459.0,81.0
47622,142.9,7.00,22.13,0.1549,6.46,459.0,81.0
47629,144.9,6.90,22.13,0.1527,6.55,459.0,81.0
47636,142.9,7.00,22.13,0.1549,6.46,459.0,81.0
47643,144.9,6.90,22.14,0.1527,6.55,459.0,81.0
47650,144.9,6.90,22.14,0.1527,6.55,459.0,81.0
47657,140.8,7.10,22.14,0.1572,6.36,459.0,81.0
47664,144.9,6.90,22.14,0.1528,6.55,459.0,81.0
47671,144.9,6.90,22.14,0.1528,6.55,459.0,81.0
47677,147.1,6.80,22.14,0.1506,6.64,459.0,81.0
47684,140.8,7.10,22.14,0.1572,6.36,459.0,81.0
47692,140.8,7.10,22.14,0.1572,6.36,459.0,81.0
47698,147.1,6.80,22.14,0.1506,6.64,459.0,81.0
47705,144.9,6.90,22.14,0.1528,6.54,459.0,81.0
47712,142.9,7.00,22.14,0.1550,6.45,459.0,81.0
47719,144.9,6.90,22.14,0.1528,6.54,459.0,81.0
47726,144.9,6.90,22.15,0.1528,6.54,459.0,81.0
47733,140.8,7.10,22.15,0.1572,6.36,459.0,81.0
47740,144.9,6.90,22.15,0.1528,6.54,459.0,81.0
47747,147.1,6.80,22.15,0.1506,6.64,459.0,81.0
47754,140.8,7.10,22.15,0.1573,6.36,459.0,81.0
47761,144.9,6.90,22.15,0.1528,6.54,459.0,81.0
47768,142.9,7.00,22.15,0.1551,6.45,459.0,81.0
47775,144.9,6.90,22.15,0.1528,6.54,459.0,81.0
47782,144.9,6.90,22.15,0.1529,6.54,459.0,81.0
47789,142.9,7.00,22.15,0.1551,6.45,459.0,81.0
47796,144.9,6.90,22.15,0.1529,6.54,459.0,81.0
47803,142.9,7.00,22.15,0.1551,6.45,459.0,81.0
47809,144.9,6.90,22.16,0.1529,6.54,459.0,81.0
47816,142.9,7.00,22.16,0.1551,6.45,459.0,81.0
47823,144.9,6.90,22.16,0.1529,6.54,459.0,81.0
47830,147.1,6.80,22.16,0.1507,6.64,459.0,81.0
47837,144.9,6.90,22.16,0.1529,6.54,459.0,81.0
47844,140.8,7.10,22.16,0.1573,6.35,459.0,81.0
47851,147.1,6.80,22.16,0.1507,6.64,459.0,81.0
47858,142.9,7.00,22.16,0.1551,6.45,459.0,81.0
47865,144.9,6.90,22.16,0.1529,6.54,459.0,81.0
47872,140.8,7.10,22.16,0.1574,6.35,459.0,81.0
47879,144.9,6.90,22.17,0.1529,6.54,459.0,81.0
47886,142.9,7.00,22.17,0.1552,6.45,459.0,81.0
47893,144.9,6.90,22.17,0.1530,6.54,459.0,81.0
47900,144.9,6.90,22.17,0.1530,6.54,459.0,81.0
47907,140.8,7.10,22.17,0.1574,6.35,459.0,81.0
47914,144.9,6.90,22.17,0.1530,6.53,459.0,81.0
47921,144.9,6.90,22.17,0.1530,6.53,459.0,81.0
47928,142.9,7.00,22.18,0.1552,6.44,459.0,81.0
47934,144.9,6.90,22.18,0.1530,6.53,459.0,81.0
47941,142.9,7.00,22.18,0.1552,6.44,459.0,81.0
47948,147.1,6.80,22.18,0.1508,6.63,459.0,81.0
47955,142.9,7.00,22.18,0.1553,6.44,459.0,81.0
47962,142.9,7.00,22.18,0.1553,6.44,459.0,81.0
47969,144.9,6.90,22.18,0.1531,6.53,459.0,81.0
47976,142.9,7.00,22.18,0.1553,6.44,459.0,81.0
47983,144.9,6.90,22.19,0.1531,6.53,459.0,81.0
47990,142.9,7.00,22.19,0.1553,6.44,459.0,81.0
47997,144.9,6.90,22.19,0.1531,6.53,459.0,81.0
48004,144.9,6.90,22.19,0.1531,6.53,459.0,81.0
48011,142.9,7.00,22.19,0.1553,6.44,459.0,81.0
48018,142.9,7.00,22.19,0.1553,6.44,459.0,81.0
48025,144.9,6.90,22.19,0.1531,6.53,459.0,81.0
48032,144.9,6.90,22.20,0.1531,6.53,459.0,81.0
48039,144.9,6.90,22.20,0.1532,6.53,459.0,81.0
48045,144.9,6.90,22.20,0.1532,6.53,459.0,81.0
48053,140.8,7.10,22.20,0.1576,6.34,459.0,81.0
48059,144.9,6.90,22.20,0.1532,6.53,459.0,81.0
48066,142.9,7.00,22.20,0.1554,6.44,459.0,81.0
48073,144.9,6.90,22.20,0.1532,6.53,459.0,81.0
48080,144.9,6.90,22.20,0.1532,6.53,459.0,81.0
48087,142.9,7.00,22.21,0.1554,6.44,459.0,81.0
48094,142.9,7.00,22.21,0.1554,6.43,459.0,81.0
48101,144.9,6.90,22.21,0.1532,6.52,459.0,81.0
48108,144.9,6.90,22.21,0.1532,6.52,459.0,81.0
48115,144.9,6.90,22.21,0.1533,6.52,459.0,81.0
48122,142.9,7.00,22.21,0.1555,6.43,459.0,81.0
48129,144.9,6.90,22.21,0.1533,6.52,459.0,81.0
48136,142.9,7.00,22.22,0.1555,6.43,459.0,81.0
48143,144.9,6.90,22.22,0.1533,6.52,459.0,81.0
48150,142.9,7.00,22.22,0.1555,6.43,459.0,81.0
48157,144.9,6.90,22.22,0.1533,6.52,459.0,81.0
48164,144.9,6.90,22.22,0.1533,6.52,459.0,81.0
48171,142.9,7.00,22.22,0.1556,6.43,459.0,81.0
48178,142.9,7.00,22.22,0.1556,6.43,459.0,81.0
48184,144.9,6.90,22.22,0.1533,6.52,459.0,81.0
48191,144.9,6.90,22.23,0.1534,6.52,459.0,81.0
48198,142.9,7.00,22.23,0.1556,6.43,459.0,81.0
48205,142.9,7.00,22.23,0.1556,6.43,459.0,81.0
48212,144.9,6.90,22.23,0.1534,6.52,459.0,81.0
48219,147.1,6.80,22.23,0.1512,6.62,459.0,81.0
48226,140.8,7.10,22.23,0.1578,6.33,459.0,81.0
48233,144.9,6.90,22.23,0.1534,6.52,459.0,81.0
48240,142.9,7.00,22.23,0.1556,6.43,459.0,81.0
48247,142.9,7.00,22.24,0.1557,6.43,459.0,81.0
48254,147.1,6.80,22.24,0.1512,6.61,459.0,81.0
48261,142.9,7.00,22.24,0.1557,6.43,459.0,81.0
48268,142.9,7.00,22.24,0.1557,6.43,459.0,81.0
48275,144.9,6.90,22.24,0.1535,6.51,459.0,81.0
48282,144.9,6.90,22.24,0.1535,6.51,459.0,81.0
48289,142.9,7.00,22.24,0.1557,6.42,459.0,81.0
48296,144.9,6.90,22.25,0.1535,6.51,459.0,81.0
48302,144.9,6.90,22.25,0.1535,6.51,459.0,81.0
48309,142.9,7.00,22.25,0.1557,6.42,459.0,81.0
48316,142.9,7.00,22.25,0.1557,6.42,459.0,81.0
48323,147.1,6.80,22.25,0.1513,6.61,459.0,81.0
48330,142.9,7.00,22.25,0.1558,6.42,459.0,81.0
48337,147.1,6.80,22.25,0.1513,6.61,459.0,81.0
48344,142.9,7.00,22.25,0.1558,6.42,459.0,81.0
48351,142.9,7.00,22.26,0.1558,6.42,459.0,81.0
48358,144.9,6.90,22.26,0.1536,6.51,459.0,81.0
48365,142.9,7.00,22.26,0.1558,6.42,459.0,81.0
48372,144.9,6.90,22.26,0.1536,6.51,459.0,81.0
48379,142.9,7.00,22.26,0.1558,6.42,459.0,81.0
48386,144.9,6.90,22.26,0.1536,6.51,459.0,81.0
48393,142.9,7.00,22.26,0.1558,6.42,459.0,81.0
48400,144.9,6.90,22.27,0.1536,6.51,459.0,81.0
48407,144.9,6.90,22.27,0.1536,6.51,459.0,81.0
48413,144.9,6.90,22.27,0.1536,6.51,459.0,81.0
48420,142.9,7.00,22.27,0.1559,6.42,459.0,81.0
48428,140.8,7.10,22.27,0.1581,6.32,459.0,81.0
48434,144.9,6.90,22.27,0.1537,6.51,459.0,81.0
48441,142.9,7.00,22.27,0.1559,6.42,459.0,81.0
48448,147.1,6.80,22.27,0.1515,6.60,459.0,81.0
48455,140.8,7.10,22.28,0.1582,6.32,459.0,81.0
48462,144.9,6.90,22.28,0.1537,6.50,459.0,81.0
48469,142.9,7.00,22.28,0.1559,6.41,459.0,81.0
48476,144.9,6.90,22.28,0.1537,6.50,459.0,81.0
48483,144.9,6.90,22.28,0.1537,6.50,459.0,81.0
48490,142.9,7.00,22.28,0.1560,6.41,459.0,81.0
48497,149.3,6.70,22.28,0.1493,6.70,459.0,81.0
48504,142.9,7.00,22.29,0.1560,6.41,459.0,81.0
48511,140.8,7.10,22.29,0.1582,6.32,459.0,81.0
48518,144.9,6.90,22.29,0.1538,6.50,459.0,81.0
48525,142.9,7.00,22.29,0.1560,6.41,459.0,81.0
48532,144.9,6.90,22.29,0.1538,6.50,459.0,81.0
48539,144.9,6.90,22.29,0.1538,6.50,459.0,81.0
48546,142.9,7.00,22.29,0.1561,6.41,459.0,81.0
48552,144.9,6.90,22.29,0.1538,6.50,459.0,81.0
48559,142.9,7.00,22.30,0.1561,6.41,459.0,81.0
48566,142.9,7.00,22.30,0.1561,6.41,459.0,81.0
48573,144.9,6.90,22.30,0.1539,6.50,459.0,81.0
48580,142.9,7.00,22.30,0.1561,6.41,459.0,81.0
48587,144.9,6.90,22.30,0.1539,6.50,459.0,81.0
48594,144.9,6.90,22.30,0.1539,6.50,459.0,81.0
48601,142.9,7.00,22.30,0.1561,6.41,459.0,81.0
48608,144.9,6.90,22.30,0.1539,6.50,459.0,81.0
48615,142.9,7.00,22.31,0.1561,6.41,459.0,81.0
48622,147.1,6.80,22.31,0.1517,6.59,459.0,81.0
48629,144.9,6.90,22.31,0.1539,6.50,459.0,81.0
48636,144.9,6.90,22.31,0.1539,6.49,459.0,81.0
48643,140.8,7.10,22.31,0.1584,6.31,459.0,81.0
48650,144.9,6.90,22.31,0.1540,6.49,459.0,81.0
48657,144.9,6.90,22.31,0.1540,6.49,459.0,81.0
48663,144.9,6.90,22.32,0.1540,6.49,459.0,81.0
48670,142.9,7.00,22.32,0.1562,6.40,459.0,81.0
48677,142.9,7.00,22.32,0.1562,6.40,459.0,81.0
48684,144.9,6.90,22.32,0.1540,6.49,459.0,81.0
48691,142.9,7.00,22.32,0.1562,6.40,459.0,81.0
48698,144.9,6.90,22.32,0.1540,6.49,459.0,81.0
48705,142.9,7.00,22.32,0.1563,6.40,459.0,81.0
48712,144.9,6.90,22.32,0.1540,6.49,459.0,81.0
48719,142.9,7.00,22.33,0.1563,6.40,459.0,81.0
48726,144.9,6.90,22.33,0.1541,6.49,459.0,81.0
48733,142.9,7.00,22.33,0.1563,6.40,459.0,81.0
48740,142.9,7.00,22.33,0.1563,6.40,459.0,81.0
48747,144.9,6.90,22.33,0.1541,6.49,459.0,81.0
48754,144.9,6.90,22.33,0.1541,6.49,459.0,81.0
48761,144.9,6.90,22.33,0.1541,6.49,459.0,81.0
48768,142.9,7.00,22.34,0.1563,6.40,459.0,81.0
48775,142.9,7.00,22.34,0.1564,6.40,459.0,81.0
48782,147.1,6.80,22.34,0.1519,6.59,459.0,81.0
48789,142.9,7.00,22.34,0.1564,6.40,459.0,81.0
48796,140.8,7.10,22.34,0.1586,6.30,459.0,81.0
48802,147.1,6.80,22.34,0.1519,6.58,459.0,81.0
48809,142.9,7.00,22.34,0.1564,6.40,459.0,81.0
48816,144.9,6.90,22.34,0.1542,6.48,459.0,81.0
48823,144.9,6.90,22.35,0.1542,6.48,459.0,81.0
48830,144.9,6.90,22.35,0.1542,6.48,459.0,81.0
48837,142.9,7.00,22.35,0.1564,6.39,459.0,81.0
48844,142.9,7.00,22.35,0.1564,6.39,459.0,81.0
48851,147.1,6.80,22.35,0.1520,6.58,459.0,81.0
48858,142.9,7.00,22.35,0.1564,6.39,459.0,81.0
48865,144.9,6.90,22.35,0.1542,6.48,459.0,81.0
48872,142.9,7.00,22.35,0.1564,6.39,459.0,81.0
48879,142.9,7.00,22.35,0.1564,6.39,459.0,81.0
48886,144.9,6.90,22.34,0.1542,6.48,459.0,81.0
48893,140.8,7.10,22.34,0.1586,6.30,459.0,81.0
48900,147.1,6.80,22.34,0.1519,6.58,459.0,81.0
48907,142.9,7.00,22.34,0.1564,6.40,459.0,81.0
48914,142.9,7.00,22.34,0.1564,6.40,459.0,81.0
48921,144.9,6.90,22.34,0.1541,6.49,459.0,81.0
48928,142.9,7.00,22.34,0.1564,6.40,459.0,81.0
48934,144.9,6.90,22.34,0.1541,6.49,459.0,81.0
48941,142.9,7.00,22.34,0.1564,6.40,459.0,81.0
48948,147.1,6.80,22.34,0.1519,6.59,459.0,81.0
48955,142.9,7.00,22.34,0.1564,6.40,459.0,81.0
48962,142.9,7.00,22.33,0.1563,6.40,459.0,81.0
48969,144.9,6.90,22.33,0.1541,6.49,459.0,81.0
48976,144.9,6.90,22.33,0.1541,6.49,459.0,81.0
48983,142.9,7.00,22.33,0.1563,6.40,459.0,81.0
48990,142.9,7.00,22.33,0.1563,6.40,459.0,81.0
48997,147.1,6.80,22.33,0.1518,6.59,459.0,81.0
49004,142.9,7.00,22.33,0.1563,6.40,459.0,81.0
49011,142.9,7.00,22.33,0.1563,6.40,459.0,81.0
49018,144.9,6.90,22.33,0.1541,6.49,459.0,81.0
49025,142.9,7.00,22.33,0.1563,6.40,459.0,81.0
49032,144.9,6.90,22.33,0.1540,6.49,459.0,81.0
49039,142.9,7.00,22.32,0.1563,6.40,459.0,81.0
49046,144.9,6.90,22.32,0.1540,6.49,459.0,81.0
49053,142.9,7.00,22.32,0.1563,6.40,459.0,81.0
49059,144.9,6.90,22.32,0.1540,6.49,459.0,81.0
49066,142.9,7.00,22.32,0.1562,6.40,459.0,81.0
49073,144.9,6.90,22.32,0.1540,6.49,459.0,81.0
49080,144.9,6.90,22.32,0.1540,6.49,459.0,81.0
49087,147.1,6.80,22.32,0.1518,6.59,459.0,81.0
49094,140.8,7.10,22.32,0.1585,6.31,459.0,81.0
49101,142.9,7.00,22.32,0.1562,6.40,459.0,81.0
49108,144.9,6.90,22.32,0.1540,6.49,459.0,81.0
49115,144.9,6.90,22.32,0.1540,6.49,459.0,81.0
49122,142.9,7.00,22.31,0.1562,6.40,459.0,81.0
49129,144.9,6.90,22.31,0.1540,6.49,459.0,81.0
49136,142.9,7.00,22.31,0.1562,6.40,459.0,81.0
49143,147.1,6.80,22.31,0.1517,6.59,459.0,81.0
49150,142.9,7.00,22.31,0.1562,6.41,459.0,81.0
49157,144.9,6.90,22.31,0.1539,6.49,459.0,81.0
49164,142.9,7.00,22.31,0.1562,6.41,459.0,81.0
49171,142.9,7.00,22.31,0.1562,6.41,459.0,81.0
49177,144.9,6.90,22.31,0.1539,6.50,459.0,81.0
49184,142.9,7.00,22.31,0.1561,6.41,459.0,81.0
49191,144.9,6.90,22.31,0.1539,6.50,459.0,81.0
49198,142.9,7.00,22.30,0.1561,6.41,459.0,81.0
49205,142.9,7.00,22.30,0.1561,6.41,459.0,81.0
49212,147.1,6.80,22.30,0.1517,6.60,459.0,81.0
49219,142.9,7.00,22.30,0.1561,6.41,459.0,81.0
49226,142.9,7.00,22.30,0.1561,6.41,459.0,81.0
49233,144.9,6.90,22.30,0.1539,6.50,459.0,81.0
49240,142.9,7.00,22.30,0.1561,6.41,459.0,81.0
49247,144.9,6.90,22.30,0.1539,6.50,459.0,81.0
49254,144.9,6.90,22.30,0.1538,6.50,459.0,81.0
49261,142.9,7.00,22.30,0.1561,6.41,459.0,81.0
49268,144.9,6.90,22.30,0.1538,6.50,459.0,81.0
49275,142.9,7.00,22.29,0.1561,6.41,459.0,81.0
49282,144.9,6.90,22.29,0.1538,6.50,459.0,81.0
49289,144.9,6.90,22.29,0.1538,6.50,459.0,81.0
49296,142.9,7.00,22.29,0.1560,6.41,459.0,81.0
49302,144.9,6.90,22.29,0.1538,6.50,459.0,81.0
49309,144.9,6.90,22.29,0.1538,6.50,459.0,81.0
49316,142.9,7.00,22.29,0.1560,6.41,459.0,81.0
49323,142.9,7.00,22.29,0.1560,6.41,459.0,81.0
49330,142.9,7.00,22.29,0.1560,6.41,459.0,81.0
49337,144.9,6.90,22.29,0.1538,6.50,459.0,81.0
49344,144.9,6.90,22.29,0.1538,6.50,459.0,81.0
49351,144.9,6.90,22.28,0.1538,6.50,459.0,81.0
49358,142.9,7.00,22.28,0.1560,6.41,459.0,81.0
49365,144.9,6.90,22.28,0.1537,6.50,459.0,81.0
49372,142.9,7.00,22.28,0.1560,6.41,459.0,81.0
49379,144.9,6.90,22.28,0.1537,6.50,459.0,81.0
49386,142.9,7.00,22.28,0.1560,6.41,459.0,81.0
49393,144.9,6.90,22.28,0.1537,6.50,459.0,81.0
49400,142.9,7.00,22.28,0.1559,6.41,459.0,81.0
49407,144.9,6.90,22.28,0.1537,6.50,459.0,81.0
49414,144.9,6.90,22.28,0.1537,6.50,459.0,81.0
49420,144.9,6.90,22.28,0.1537,6.50,459.0,81.0
49427,142.9,7.00,22.27,0.1559,6.42,459.0,81.0
49434,142.9,7.00,22.27,0.1559,6.42,459.0,81.0
49441,144.9,6.90,22.27,0.1537,6.51,459.0,81.0
49448,142.9,7.00,22.27,0.1559,6.42,459.0,81.0
49455,142.9,7.00,22.27,0.1559,6.42,459.0,81.0
49462,149.3,6.70,22.27,0.1492,6.70,459.0,81.0
49469,142.9,7.00,22.27,0.1559,6.42,459.0,81.0
49476,140.8,7.10,22.27,0.1581,6.32,459.0,81.0
49483,144.9,6.90,22.27,0.1536,6.51,459.0,81.0
49490,144.9,6.90,22.27,0.1536,6.51,459.0,81.0
49497,142.9,7.00,22.27,0.1559,6.42,459.0,81.0
49504,147.1,6.80,22.26,0.1514,6.61,459.0,81.0
49511,140.8,7.10,22.26,0.1581,6.32,459.0,81.0
49518,144.9,6.90,22.26,0.1536,6.51,459.0,81.0
49525,144.9,6.90,22.26,0.1536,6.51,459.0,81.0
49532,144.9,6.90,22.26,0.1536,6.51,459.0,81.0
49539,140.8,7.10,22.26,0.1580,6.33,459.0,81.0
49545,147.1,6.80,22.26,0.1514,6.61,459.0,81.0
49552,142.9,7.00,22.26,0.1558,6.42,459.0,81.0
49559,142.9,7.00,22.26,0.1558,6.42,459.0,81.0
49566,144.9,6.90,22.26,0.1536,6.51,459.0,81.0
49573,144.9,6.90,22.26,0.1536,6.51,459.0,81.0
49580,142.9,7.00,22.25,0.1558,6.42,459.0,81.0
49587,142.9,7.00,22.25,0.1558,6.42,459.0,81.0
49594,144.9,6.90,22.25,0.1535,6.51,459.0,81.0
49601,142.9,7.00,22.25,0.1558,6.42,459.0,81.0
49608,144.9,6.90,22.25,0.1535,6.51,459.0,81.0
49615,144.9,6.90,22.25,0.1535,6.51,459.0,81.0
49622,144.9,6.90,22.25,0.1535,6.51,459.0,81.0
49629,144.9,6.90,22.25,0.1535,6.51,459.0,81.0
49636,142.9,7.00,22.25,0.1557,6.42,459.0,81.0
49643,144.9,6.90,22.25,0.1535,6.51,459.0,81.0
49650,144.9,6.90,22.25,0.1535,6.51,459.0,81.0
49657,142.9,7.00,22.24,0.1557,6.42,459.0,81.0
49663,144.9,6.90,22.24,0.1535,6.51,459.0,81.0
49670,142.9,7.00,22.24,0.1557,6.42,459.0,81.0
49677,144.9,6.90,22.24,0.1535,6.51,459.0,81.0
49684,142.9,7.00,22.24,0.1557,6.43,459.0,81.0
49691,144.9,6.90,22.24,0.1535,6.52,459.0,81.0
49698,144.9,6.90,22.24,0.1535,6.52,459.0,81.0
49705,142.9,7.00,22.24,0.1557,6.43,459.0,81.0
49712,144.9,6.90,22.24,0.1534,6.52,459.0,81.0
49719,142.9,7.00,22.24,0.1557,6.43,459.0,81.0
49726,144.9,6.90,22.24,0.1534,6.52,459.0,81.0
49733,142.9,7.00,22.23,0.1556,6.43,459.0,81.0
49740,144.9,6.90,22.23,0.1534,6.52,459.0,81.0
49747,142.9,7.00,22.23,0.1556,6.43,459.0,81.0
49754,144.9,6.90,22.23,0.1534,6.52,459.0,81.0
49761,142.9,7.00,22.23,0.1556,6.43,459.0,81.0
49768,144.9,6.90,22.23,0.1534,6.52,459.0,81.0
49775,144.9,6.90,22.23,0.1534,6.52,459.0,81.0
49782,142.9,7.00,22.23,0.1556,6.43,459.0,81.0
49789,142.9,7.00,22.23,0.1556,6.43,459.0,81.0
49795,144.9,6.90,22.23,0.1534,6.52,459.0,81.0
49802,142.9,7.00,22.23,0.1556,6.43,459.0,81.0
49809,147.1,6.80,22.22,0.1511,6.62,459.0,81.0
49816,140.8,7.10,22.22,0.1578,6.34,459.0,81.0
49823,147.1,6.80,22.22,0.1511,6.62,459.0,81.0
49830,140.8,7.10,22.22,0.1578,6.34,459.0,81.0
49837,147.1,6.80,22.22,0.1511,6.62,459.0,81.0
49844,142.9,7.00,22.22,0.1555,6.43,459.0,81.0
49851,144.9,6.90,22.22,0.1533,6.52,459.0,81.0
49858,142.9,7.00,22.22,0.1555,6.43,459.0,81.0
49865,144.9,6.90,22.21,0.1533,6.52,459.0,81.0
49872,142.9,7.00,22.21,0.1555,6.43,459.0,81.0
49879,142.9,7.00,22.21,0.1555,6.43,459.0,81.0
49886,144.9,6.90,22.21,0.1532,6.53,459.0,81.0
49893,144.9,6.90,22.20,0.1532,6.53,459.0,81.0
49900,142.9,7.00,22.20,0.1554,6.44,459.0,81.0
49907,144.9,6.90,22.20,0.1532,6.53,459.0,81.0
49913,144.9,6.90,22.20,0.1532,6.53,459.0,81.0
49920,144.9,6.90,22.19,0.1531,6.53,459.0,81.0
49928,138.9,7.20,22.19,0.1598,6.26,459.0,81.0
49934,147.1,6.80,22.19,0.1509,6.63,459.0,81.0
49941,142.9,7.00,22.19,0.1553,6.44,459.0,81.0
49948,144.9,6.90,22.18,0.1531,6.53,459.0,81.0
49955,144.9,6.90,22.18,0.1530,6.53,459.0,81.0
49962,142.9,7.00,22.18,0.1552,6.44,459.0,81.0
49969,144.9,6.90,22.18,0.1530,6.53,459.0,81.0
49976,140.8,7.10,22.17,0.1574,6.35,459.0,81.0
49983,147.1,6.80,22.17,0.1508,6.63,459.0,81.0
49990,140.8,7.10,22.17,0.1574,6.35,459.0,81.0
49997,144.9,6.90,22.17,0.1529,6.54,459.0,81.0
50004,142.9,7.00,22.16,0.1551,6.45,459.0,81.0
50011,144.9,6.90,22.16,0.1529,6.54,459.0,81.0
50018,144.9,6.90,22.16,0.1529,6.54,459.0,81.0
50025,144.9,6.90,22.16,0.1529,6.54,459.0,81.0
50032,142.9,7.00,22.15,0.1551,6.45,459.0,81.0
50039,142.9,7.00,22.15,0.1551,6.45,459.0,81.0
50046,144.9,6.90,22.15,0.1528,6.54,459.0,81.0
50053,142.9,7.00,22.15,0.1550,6.45,459.0,81.0
50059,147.1,6.80,22.14,0.1506,6.64,459.0,81.0
50066,140.8,7.10,22.14,0.1572,6.36,459.0,81.0
50073,147.1,6.80,22.14,0.1505,6.64,459.0,81.0
50080,142.9,7.00,22.14,0.1550,6.46,459.0,81.0
50087,147.1,6.80,22.13,0.1505,6.65,459.0,81.0
50094,140.8,7.10,22.13,0.1571,6.36,459.0,81.0
50101,144.9,6.90,22.13,0.1527,6.55,459.0,81.0
50108,142.9,7.00,22.13,0.1549,6.46,459.0,81.0
50115,144.9,6.90,22.12,0.1526,6.55,459.0,81.0
50122,142.9,7.00,22.12,0.1548,6.46,459.0,81.0
50129,142.9,7.00,22.12,0.1548,6.46,459.0,81.0
50136,144.9,6.90,22.12,0.1526,6.55,459.0,81.0
50143,144.9,6.90,22.11,0.1526,6.55,459.0,81.0
50150,142.9,7.00,22.11,0.1548,6.46,459.0,81.0
50157,144.9,6.90,22.11,0.1525,6.55,459.0,81.0
50164,144.9,6.90,22.11,0.1525,6.55,459.0,81.0
50171,142.9,7.00,22.10,0.1547,6.47,459.0,81.0
50177,144.9,6.90,22.10,0.1525,6.56,459.0,81.0
50184,142.9,7.00,22.10,0.1547,6.47,459.0,81.0
50191,144.9,6.90,22.10,0.1525,6.56,459.0,81.0
50198,142.9,7.00,22.09,0.1547,6.47,459.0,81.0
50205,144.9,6.90,22.09,0.1524,6.56,459.0,81.0
50212,142.9,7.00,22.09,0.1546,6.47,459.0,81.0
50219,144.9,6.90,22.09,0.1524,6.56,459.0,81.0
50226,144.9,6.90,22.08,0.1524,6.56,459.0,81.0
50233,147.1,6.80,22.08,0.1501,6.66,459.0,81.0
50240,140.8,7.10,22.08,0.1568,6.38,459.0,81.0
50247,144.9,6.90,22.08,0.1523,6.56,459.0,81.0
50254,142.9,7.00,22.07,0.1545,6.47,459.0,81.0
50261,142.9,7.00,22.07,0.1545,6.47,459.0,81.0
50268,142.9,7.00,22.07,0.1545,6.48,459.0,81.0
50275,149.3,6.70,22.07,0.1478,6.77,459.0,81.0
50282,140.8,7.10,22.06,0.1566,6.38,459.0,81.0
50289,144.9,6.90,22.06,0.1522,6.57,459.0,81.0
50296,142.9,7.00,22.06,0.1544,6.48,459.0,81.0
50302,144.9,6.90,22.06,0.1522,6.57,459.0,81.0
50309,144.9,6.90,22.05,0.1522,6.57,459.0,81.0
50316,140.8,7.10,22.05,0.1566,6.39,459.0,81.0
50323,147.1,6.80,22.05,0.1499,6.67,459.0,81.0
50330,142.9,7.00,22.05,0.1543,6.48,459.0,81.0
50337,142.9,7.00,22.04,0.1543,6.48,459.0,81.0
50344,144.9,6.90,22.04,0.1521,6.57,459.0,81.0
50351,144.9,6.90,22.04,0.1521,6.57,459.0,81.0
50358,142.9,7.00,22.04,0.1542,6.48,459.0,81.0
50365,144.9,6.90,22.03,0.1520,6.58,459.0,81.0
50372,142.9,7.00,22.03,0.1542,6.49,459.0,81.0
50379,144.9,6.90,22.03,0.1520,6.58,459.0,81.0
50386,142.9,7.00,22.03,0.1542,6.49,459.0,81.0
50393,144.9,6.90,22.02,0.1520,6.58,459.0,81.0
50400,142.9,7.00,22.02,0.1541,6.49,459.0,81.0
50407,144.9,6.90,22.02,0.1519,6.58,459.0,81.0
50414,142.9,7.00,22.02,0.1541,6.49,459.0,81.0
50420,147.1,6.80,22.01,0.1497,6.68,459.0,81.0
50427,142.9,7.00,22.01,0.1541,6.49,459.0,81.0
50434,142.9,7.00,22.01,0.1541,6.49,459.0,81.0
50441,144.9,6.90,22.01,0.1518,6.58,459.0,81.0
50448,144.9,6.90,22.00,0.1518,6.59,459.0,81.0
50455,142.9,7.00,22.00,0.1540,6.50,459.0,81.0
50462,144.9,6.90,22.00,0.1518,6.59,459.0,81.0
50469,142.9,7.00,22.00,0.1540,6.50,459.0,81.0
50476,147.1,6.80,21.99,0.1496,6.69,459.0,81.0
50483,140.8,7.10,21.99,0.1561,6.40,459.0,81.0
50490,144.9,6.90,21.99,0.1517,6.59,459.0,81.0
50497,144.9,6.90,21.99,0.1517,6.59,459.0,81.0
50504,144.9,6.90,21.98,0.1517,6.59,459.0,81.0
50511,144.9,6.90,21.98,0.1517,6.59,459.0,81.0
50518,142.9,7.00,21.98,0.1538,6.50,459.0,81.0
50525,144.9,6.90,21.98,0.1516,6.59,459.0,81.0
50532,142.9,7.00,21.97,0.1538,6.50,459.0,81.0
50538,144.9,6.90,21.97,0.1516,6.60,459.0,81.0
50545,142.9,7.00,21.97,0.1538,6.50,459.0,81.0
50552,144.9,6.90,21.97,0.1516,6.60,459.0,81.0
50559,142.9,7.00,21.96,0.1537,6.51,459.0,81.0
50566,144.9,6.90,21.96,0.1515,6.60,459.0,81.0
50573,142.9,7.00,21.96,0.1537,6.51,459.0,81.0
50580,142.9,7.00,21.96,0.1537,6.51,459.0,81.0
50587,144.9,6.90,21.95,0.1515,6.60,459.0,81.0
50594,142.9,7.00,21.95,0.1537,6.51,459.0,81.0
50601,142.9,7.00,21.95,0.1536,6.51,459.0,81.0
50608,144.9,6.90,21.95,0.1514,6.60,459.0,81.0
50615,144.9,6.90,21.94,0.1514,6.60,459.0,81.0
50622,142.9,7.00,21.94,0.1536,6.51,459.0,81.0
50629,144.9,6.90,21.94,0.1514,6.60,459.0,81.0
50636,144.9,6.90,21.94,0.1514,6.61,459.0,81.0
50643,147.1,6.80,21.93,0.1491,6.71,459.0,81.0
50650,142.9,7.00,21.93,0.1535,6.52,459.0,81.0
50657,142.9,7.00,21.93,0.1535,6.52,459.0,81.0
50663,144.9,6.90,21.93,0.1513,6.61,459.0,81.0
50670,142.9,7.00,21.92,0.1535,6.52,459.0,81.0
50677,144.9,6.90,21.92,0.1513,6.61,459.0,81.0
50684,144.9,6.90,21.92,0.1512,6.61,459.0,81.0
50691,142.9,7.00,21.92,0.1534,6.52,459.0,81.0
50698,144.9,6.90,21.91,0.1512,6.61,459.0,81.0
50705,142.9,7.00,21.91,0.1534,6.52,459.0,81.0
50712,142.9,7.00,21.91,0.1534,6.52,459.0,81.0
50719,142.9,7.00,21.91,0.1533,6.52,459.0,81.0
50726,147.1,6.80,21.90,0.1489,6.72,459.0,81.0
50733,142.9,7.00,21.90,0.1533,6.52,459.0,81.0
50740,142.9,7.00,21.90,0.1533,6.53,459.0,81.0
50747,144.9,6.90,21.90,0.1511,6.62,459.0,81.0
50754,142.9,7.00,21.89,0.1533,6.53,459.0,81.0
50761,144.9,6.90,21.89,0.1510,6.62,459.0,81.0
50768,144.9,6.90,21.89,0.1510,6.62,459.0,81.0
50775,144.9,6.90,21.89,0.1510,6.62,459.0,81.0
50782,142.9,7.00,21.88,0.1532,6.53,459.0,81.0
50789,142.9,7.00,21.88,0.1532,6.53,459.0,81.0
50795,144.9,6.90,21.88,0.1510,6.62,459.0,81.0
50802,142.9,7.00,21.88,0.1531,6.53,459.0,81.0
50809,144.9,6.90,21.87,0.1509,6.62,459.0,81.0
50816,142.9,7.00,21.87,0.1531,6.53,459.0,81.0
50823,142.9,7.00,21.87,0.1531,6.53,459.0,81.0
50830,144.9,6.90,21.87,0.1509,6.63,459.0,81.0
50837,144.9,6.90,21.86,0.1509,6.63,459.0,81.0
50844,144.9,6.90,21.86,0.1508,6.63,459.0,81.0
50851,144.9,6.90,21.86,0.1508,6.63,459.0,81.0
50858,142.9,7.00,21.86,0.1530,6.54,459.0,81.0
50865,144.9,6.90,21.86,0.1508,6.63,459.0,81.0
50872,142.9,7.00,21.85,0.1530,6.54,459.0,81.0
50879,144.9,6.90,21.85,0.1508,6.63,459.0,81.0
50886,144.9,6.90,21.85,0.1508,6.63,459.0,81.0
50893,142.9,7.00,21.85,0.1529,6.54,459.0,81.0
50900,142.9,7.00,21.85,0.1529,6.54,459.0,81.0
50907,144.9,6.90,21.85,0.1507,6.63,459.0,81.0
50913,144.9,6.90,21.85,0.1507,6.63,459.0,81.0
50920,142.9,7.00,21.84,0.1529,6.54,459.0,81.0
50928,140.8,7.10,21.84,0.1551,6.45,459.0,81.0
50934,147.1,6.80,21.84,0.1485,6.74,459.0,81.0
50941,144.9,6.90,21.84,0.1507,6.63,459.0,81.0
50948,140.8,7.10,21.84,0.1550,6.45,459.0,81.0
50955,144.9,6.90,21.84,0.1507,6.64,459.0,81.0
50962,144.9,6.90,21.83,0.1507,6.64,459.0,81.0
50969,142.9,7.00,21.83,0.1528,6.55,459.0,81.0
50976,144.9,6.90,21.83,0.1506,6.64,459.0,81.0
50983,142.9,7.00,21.83,0.1528,6.55,459.0,81.0
50990,147.1,6.80,21.83,0.1484,6.74,459.0,81.0
50997,140.8,7.10,21.83,0.1550,6.45,459.0,81.0
51004,142.9,7.00,21.83,0.1528,6.55,459.0,81.0
51011,147.1,6.80,21.82,0.1484,6.74,459.0,81.0
51018,142.9,7.00,21.82,0.1528,6.55,459.0,81.0
51025,144.9,6.90,21.82,0.1506,6.64,459.0,81.0
51032,142.9,7.00,21.82,0.1527,6.55,459.0,81.0
51039,142.9,7.00,21.82,0.1527,6.55,459.0,81.0
51045,147.1,6.80,21.82,0.1484,6.74,459.0,81.0
51052,142.9,7.00,21.81,0.1527,6.55,459.0,81.0
51059,142.9,7.00,21.81,0.1527,6.55,459.0,81.0
51066,144.9,6.90,21.81,0.1505,6.64,459.0,81.0
51073,142.9,7.00,21.81,0.1527,6.55,459.0,81.0
51080,147.1,6.80,21.81,0.1483,6.75,459.0,81.0
51087,142.9,7.00,21.81,0.1526,6.55,459.0,81.0
51094,142.9,7.00,21.81,0.1526,6.55,459.0,81.0
51101,144.9,6.90,21.80,0.1504,6.65,459.0,81.0
51108,144.9,6.90,21.80,0.1504,6.65,459.0,81.0
51115,140.8,7.10,21.80,0.1548,6.46,459.0,81.0
51122,147.1,6.80,21.80,0.1482,6.75,459.0,81.0
51129,142.9,7.00,21.80,0.1526,6.56,459.0,81.0
51136,142.9,7.00,21.80,0.1526,6.56,459.0,81.0
51143,144.9,6.90,21.79,0.1504,6.65,459.0,81.0
51150,142.9,7.00,21.79,0.1526,6.56,459.0,81.0
51157,144.9,6.90,21.79,0.1504,6.65,459.0,81.0
51164,144.9,6.90,21.79,0.1504,6.65,459.0,81.0
51170,144.9,6.90,21.79,0.1503,6.65,459.0,81.0
51177,142.9,7.00,21.79,0.1525,6.56,459.0,81.0
51184,142.9,7.00,21.79,0.1525,6.56,459.0,81.0
51191,147.1,6.80,21.78,0.1481,6.75,459.0,81.0
51198,140.8,7.10,21.78,0.1547,6.46,459.0,81.0
51205,144.9,6.90,21.78,0.1503,6.65,459.0,81.0
51212,142.9,7.00,21.78,0.1525,6.56,459.0,81.0
51219,144.9,6.90,21.78,0.1503,6.65,459.0,81.0
51226,144.9,6.90,21.78,0.1503,6.65,459.0,81.0
51233,142.9,7.00,21.77,0.1524,6.56,459.0,81.0
51240,144.9,6.90,21.77,0.1502,6.65,459.0,81.0
51247,142.9,7.00,21.77,0.1524,6.56,459.0,81.0
51254,144.9,6.90,21.77,0.1502,6.66,459.0,81.0
51261,142.9,7.00,21.77,0.1524,6.56,459.0,81.0
51268,147.1,6.80,21.77,0.1480,6.76,459.0,81.0
51275,142.9,7.00,21.77,0.1524,6.57,459.0,81.0
51282,142.9,7.00,21.76,0.1523,6.57,459.0,81.0
51289,144.9,6.90,21.76,0.1502,6.66,459.0,81.0
51296,142.9,7.00,21.76,0.1523,6.57,459.0,81.0
51302,144.9,6.90,21.76,0.1501,6.66,459.0,81.0
51309,142.9,7.00,21.76,0.1523,6.57,459.0,81.0
51316,144.9,6.90,21.76,0.1501,6.66,459.0,81.0
51323,142.9,7.00,21.76,0.1523,6.57,459.0,81.0
51330,149.3,6.70,21.75,0.1457,6.86,459.0,81.0
51337,140.8,7.10,21.75,0.1544,6.47,459.0,81.0
51344,144.9,6.90,21.75,0.1501,6.66,459.0,81.0
51351,144.9,6.90,21.75,0.1501,6.66,459.0,81.0
51358,140.8,7.10,21.75,0.1544,6.47,459.0,81.0
51365,147.1,6.80,21.75,0.1479,6.76,459.0,81.0
51372,140.8,7.10,21.74,0.1544,6.48,459.0,81.0
51379,144.9,6.90,21.74,0.1500,6.66,459.0,81.0
51386,142.9,7.00,21.74,0.1522,6.57,459.0,81.0
51393,144.9,6.90,21.74,0.1500,6.67,459.0,81.0
51400,142.9,7.00,21.74,0.1522,6.57,459.0,81.0
51407,144.9,6.90,21.74,0.1500,6.67,459.0,81.0
51414,144.9,6.90,21.74,0.1500,6.67,459.0,81.0
51421,142.9,7.00,21.73,0.1521,6.58,459.0,81.0
51427,149.3,6.70,21.73,0.1456,6.87,459.0,81.0
51434,140.8,7.10,21.73,0.1543,6.48,459.0,81.0
51441,142.9,7.00,21.73,0.1521,6.58,459.0,81.0
51448,142.9,7.00,21.73,0.1521,6.58,459.0,81.0
51455,147.1,6.80,21.73,0.1477,6.77,459.0,81.0
51462,142.9,7.00,21.72,0.1521,6.58,459.0,81.0
51469,144.9,6.90,21.72,0.1499,6.67,459.0,81.0
51476,140.8,7.10,21.72,0.1542,6.48,459.0,81.0
51483,144.9,6.90,21.72,0.1499,6.67,459.0,81.0
51490,144.9,6.90,21.72,0.1499,6.67,459.0,81.0
51497,147.1,6.80,21.72,0.1477,6.77,459.0,81.0
51504,142.9,7.00,21.72,0.1520,6.58,459.0,81.0
51511,140.8,7.10,21.71,0.1542,6.48,459.0,81.0
51518,147.1,6.80,21.71,0.1476,6.78,459.0,81.0
51525,142.9,7.00,21.71,0.1520,6.58,459.0,81.0
51532,144.9,6.90,21.71,0.1498,6.67,459.0,81.0
51539,142.9,7.00,21.71,0.1520,6.58,459.0,81.0
51545,144.9,6.90,21.71,0.1498,6.68,459.0,81.0
51552,142.9,7.00,21.70,0.1519,6.58,459.0,81.0
51559,144.9,6.90,21.70,0.1498,6.68,459.0,81.0
51566,142.9,7.00,21.70,0.1519,6.58,459.0,81.0
51573,144.9,6.90,21.70,0.1497,6.68,459.0,81.0
51580,144.9,6.90,21.70,0.1497,6.68,459.0,81.0
51587,142.9,7.00,21.70,0.1519,6.59,459.0,81.0
51594,142.9,7.00,21.70,0.1519,6.59,459.0,81.0
51601,144.9,6.90,21.69,0.1497,6.68,459.0,81.0
51608,144.9,6.90,21.69,0.1497,6.68,459.0,81.0
51615,144.9,6.90,21.69,0.1497,6.68,459.0,81.0
51622,142.9,7.00,21.69,0.1518,6.59,459.0,81.0
51629,142.9,7.00,21.69,0.1518,6.59,459.0,81.0
51636,144.9,6.90,21.69,0.1496,6.68,459.0,81.0
51643,144.9,6.90,21.68,0.1496,6.68,459.0,81.0
51649,147.1,6.80,21.68,0.1474,6.78,459.0,81.0
51657,140.8,7.10,21.68,0.1539,6.49,459.0,81.0
51663,144.9,6.90,21.68,0.1496,6.68,459.0,81.0
51670,144.9,6.90,21.68,0.1496,6.68,459.0,81.0
51677,142.9,7.00,21.68,0.1517,6.59,459.0,81.0
51684,144.9,6.90,21.68,0.1496,6.68,459.0,81.0
51691,142.9,7.00,21.67,0.1517,6.59,459.0,81.0
51698,144.9,6.90,21.67,0.1495,6.69,459.0,81.0
51705,144.9,6.90,21.67,0.1495,6.69,459.0,81.0
51712,142.9,7.00,21.67,0.1517,6.59,459.0,81.0
51719,144.9,6.90,21.67,0.1495,6.69,459.0,81.0
51726,142.9,7.00,21.67,0.1517,6.60,459.0,81.0
51733,144.9,6.90,21.66,0.1495,6.69,459.0,81.0
51740,142.9,7.00,21.66,0.1516,6.60,459.0,81.0
51747,144.9,6.90,21.66,0.1495,6.69,459.0,81.0
51754,142.9,7.00,21.66,0.1516,6.60,459.0,81.0
51761,144.9,6.90,21.66,0.1494,6.69,459.0,81.0
51768,144.9,6.90,21.66,0.1494,6.69,459.0,81.0
51775,142.9,7.00,21.66,0.1516,6.60,459.0,81.0
51781,144.9,6.90,21.65,0.1494,6.69,459.0,81.0
51788,142.9,7.00,21.65,0.1516,6.60,459.0,81.0
51795,142.9,7.00,21.65,0.1516,6.60,459.0,81.0
51802,144.9,6.90,21.65,0.1494,6.69,459.0,81.0
51809,142.9,7.00,21.65,0.1515,6.60,459.0,81.0
51816,142.9,7.00,21.65,0.1515,6.60,459.0,81.0
51823,142.9,7.00,21.65,0.1515,6.60,459.0,81.0
51830,147.1,6.80,21.64,0.1472,6.80,459.0,81.0
51837,144.9,6.90,21.64,0.1493,6.70,459.0,81.0
51844,142.9,7.00,21.64,0.1515,6.60,459.0,81.0
51851,144.9,6.90,21.64,0.1493,6.70,459.0,81.0
51858,142.9,7.00,21.64,0.1515,6.60,459.0,81.0
51865,144.9,6.90,21.64,0.1493,6.70,459.0,81.0
51872,142.9,7.00,21.64,0.1515,6.60,459.0,81.0
51879,144.9,6.90,21.64,0.1493,6.70,459.0,81.0
51886,144.9,6.90,21.64,0.1493,6.70,459.0,81.0
51893,142.9,7.00,21.64,0.1515,6.60,459.0,81.0
51900,142.9,7.00,21.64,0.1515,6.60,459.0,81.0
51907,144.9,6.90,21.64,0.1493,6.70,459.0,81.0
51914,142.9,7.00,21.64,0.1515,6.60,459.0,81.0
51920,144.9,6.90,21.64,0.1493,6.70,459.0,81.0
51927,142.9,7.00,21.64,0.1515,6.60,459.0,81.0
51934,144.9,6.90,21.64,0.1493,6.70,459.0,81.0
51941,144.9,6.90,21.64,0.1493,6.70,459.0,81.0
51948,142.9,7.00,21.63,0.1514,6.61,459.0,81.0
51955,144.9,6.90,21.63,0.1493,6.70,459.0,81.0
51962,142.9,7.00,21.63,0.1514,6.61,459.0,81.0
51969,144.9,6.90,21.63,0.1493,6.70,459.0,81.0
51976,142.9,7.00,21.63,0.1514,6.61,459.0,81.0
51983,144.9,6.90,21.63,0.1493,6.70,459.0,81.0
51990,142.9,7.00,21.63,0.1514,6.61,459.0,81.0
51997,147.1,6.80,21.63,0.1471,6.80,459.0,81.0
52004,140.8,7.10,21.63,0.1536,6.51,459.0,81.0
52011,144.9,6.90,21.63,0.1493,6.70,459.0,81.0
52018,144.9,6.90,21.63,0.1493,6.70,459.0,81.0
52025,140.8,7.10,21.63,0.1536,6.51,459.0,81.0
52032,144.9,6.90,21.63,0.1493,6.70,459.0,81.0
52039,144.9,6.90,21.63,0.1492,6.70,459.0,81.0
52045,144.9,6.90,21.63,0.1492,6.70,459.0,81.0
52052,142.9,7.00,21.63,0.1514,6.61,459.0,81.0
52059,144.9,6.90,21.63,0.1492,6.70,459.0,81.0
52066,147.1,6.80,21.63,0.1471,6.80,459.0,81.0
52073,140.8,7.10,21.63,0.1536,6.51,459.0,81.0
52080,142.9,7.00,21.63,0.1514,6.61,459.0,81.0
52087,147.1,6.80,21.63,0.1471,6.80,459.0,81.0
52094,142.9,7.00,21.63,0.1514,6.61,459.0,81.0
52101,142.9,7.00,21.63,0.1514,6.61,459.0,81.0
52108,144.9,6.90,21.63,0.1492,6.70,459.0,81.0
52115,142.9,7.00,21.63,0.1514,6.61,459.0,81.0
52122,142.9,7.00,21.63,0.1514,6.61,459.0,81.0
52129,144.9,6.90,21.63,0.1492,6.70,459.0,81.0
52136,144.9,6.90,21.63,0.1492,6.70,459.0,81.0
52143,142.9,7.00,21.63,0.1514,6.61,459.0,81.0
52150,144.9,6.90,21.62,0.1492,6.70,459.0,81.0
52157,142.9,7.00,21.62,0.1514,6.61,459.0,81.0
52163,147.1,6.80,21.62,0.1470,6.80,459.0,81.0
52170,142.9,7.00,21.62,0.1514,6.61,459.0,81.0
52177,142.9,7.00,21.62,0.1514,6.61,459.0,81.0
52184,147.1,6.80,21.62,0.1470,6.80,459.0,81.0
52191,142.9,7.00,21.62,0.1514,6.61,459.0,81.0
52198,144.9,6.90,21.62,0.1492,6.70,459.0,81.0
52205,142.9,7.00,21.62,0.1514,6.61,459.0,81.0
52212,142.9,7.00,21.62,0.1514,6.61,459.0,81.0
52219,144.9,6.90,21.62,0.1492,6.70,459.0,81.0
52226,142.9,7.00,21.62,0.1513,6.61,459.0,81.0
52233,142.9,7.00,21.62,0.1513,6.61,459.0,81.0
52240,144.9,6.90,21.62,0.1492,6.70,459.0,81.0
52247,144.9,6.90,21.62,0.1492,6.70,459.0,81.0
52254,142.9,7.00,21.62,0.1513,6.61,459.0,81.0
52261,144.9,6.90,21.62,0.1492,6.70,459.0,81.0
52268,147.1,6.80,21.62,0.1470,6.80,459.0,81.0
52275,142.9,7.00,21.62,0.1513,6.61,459.0,81.0
52281,144.9,6.90,21.62,0.1492,6.70,459.0,81.0
52288,142.9,7.00,21.62,0.1513,6.61,459.0,81.0
52295,144.9,6.90,21.62,0.1492,6.70,459.0,81.0
52302,142.9,7.00,21.62,0.1513,6.61,459.0,81.0
52309,142.9,7.00,21.62,0.1513,6.61,459.0,81.0
52316,142.9,7.00,21.62,0.1513,6.61,459.0,81.0
52323,144.9,6.90,21.62,0.1492,6.70,459.0,81.0
52330,142.9,7.00,21.62,0.1513,6.61,459.0,81.0
52337,144.9,6.90,21.62,0.1491,6.70,459.0,81.0
52344,144.9,6.90,21.62,0.1491,6.70,459.0,81.0
52351,140.8,7.10,21.61,0.1535,6.51,459.0,81.0
52358,147.1,6.80,21.61,0.1470,6.81,459.0,81.0
52365,142.9,7.00,21.61,0.1513,6.61,459.0,81.0
52372,144.9,6.90,21.61,0.1491,6.70,459.0,81.0
52379,144.9,6.90,21.61,0.1491,6.70,459.0,81.0
52386,142.9,7.00,21.61,0.1513,6.61,459.0,81.0
52393,144.9,6.90,21.61,0.1491,6.70,459.0,81.0
52400,142.9,7.00,21.61,0.1513,6.61,459.0,81.0
52407,144.9,6.90,21.61,0.1491,6.70,459.0,81.0
52414,142.9,7.00,21.61,0.1513,6.61,459.0,81.0
52420,144.9,6.90,21.61,0.1491,6.70,459.0,81.0
52427,142.9,7.00,21.61,0.1513,6.61,459.0,81.0
52434,144.9,6.90,21.61,0.1491,6.71,459.0,81.0
52441,144.9,6.90,21.61,0.1491,6.71,459.0,81.0
52448,142.9,7.00,21.61,0.1513,6.61,459.0,81.0
52455,142.9,7.00,21.61,0.1513,6.61,459.0,81.0
52462,144.9,6.90,21.61,0.1491,6.71,459.0,81.0
52469,147.1,6.80,21.61,0.1469,6.81,459.0,81.0
52476,140.8,7.10,21.61,0.1534,6.52,459.0,81.0
52483,144.9,6.90,21.61,0.1491,6.71,459.0,81.0
52490,144.9,6.90,21.61,0.1491,6.71,459.0,81.0
52497,142.9,7.00,21.61,0.1513,6.61,459.0,81.0
52504,147.1,6.80,21.61,0.1469,6.81,459.0,81.0
52511,140.8,7.10,21.61,0.1534,6.52,459.0,81.0
52518,142.9,7.00,21.61,0.1512,6.61,459.0,81.0
52525,144.9,6.90,21.61,0.1491,6.71,459.0,81.0
52532,144.9,6.90,21.61,0.1491,6.71,459.0,81.0
52539,142.9,7.00,21.61,0.1512,6.61,459.0,81.0
52545,144.9,6.90,21.61,0.1491,6.71,459.0,81.0
52552,142.9,7.00,21.60,0.1512,6.61,459.0,81.0
52559,144.9,6.90,21.60,0.1491,6.71,459.0,81.0
52566,144.9,6.90,21.60,0.1491,6.71,459.0,81.0
52573,142.9,7.00,21.60,0.1512,6.61,459.0,81.0
52580,144.9,6.90,21.60,0.1491,6.71,459.0,81.0
52587,144.9,6.90,21.60,0.1491,6.71,459.0,81.0
52594,142.9,7.00,21.60,0.1512,6.61,459.0,81.0
52601,142.9,7.00,21.60,0.1512,6.62,459.0,81.0
52608,144.9,6.90,21.60,0.1491,6.71,459.0,81.0
52615,142.9,7.00,21.60,0.1512,6.62,459.0,81.0
52622,144.9,6.90,21.60,0.1490,6.71,459.0,81.0
52629,144.9,6.90,21.60,0.1490,6.71,459.0,81.0
52636,142.9,7.00,21.60,0.1512,6.62,459.0,81.0
52643,144.9,6.90,21.60,0.1490,6.71,459.0,81.0
52650,140.8,7.10,21.60,0.1534,6.52,459.0,81.0
52657,147.1,6.80,21.60,0.1469,6.81,459.0,81.0
52664,142.9,7.00,21.60,0.1512,6.62,459.0,81.0
52670,144.9,6.90,21.60,0.1490,6.71,459.0,81.0
52677,144.9,6.90,21.60,0.1490,6.71,459.0,81.0
52684,144.9,6.90,21.60,0.1490,6.71,459.0,81.0
52691,144.9,6.90,21.60,0.1490,6.71,459.0,81.0
52698,142.9,7.00,21.60,0.1512,6.62,459.0,81.0
52705,142.9,7.00,21.60,0.1512,6.62,459.0,81.0
52712,144.9,6.90,21.60,0.1490,6.71,459.0,81.0
52719,144.9,6.90,21.60,0.1490,6.71,459.0,81.0
52726,142.9,7.00,21.60,0.1512,6.62,459.0,81.0
52733,144.9,6.90,21.60,0.1490,6.71,459.0,81.0
52740,142.9,7.00,21.60,0.1512,6.62,459.0,81.0
52747,144.9,6.90,21.59,0.1490,6.71,459.0,81.0
52754,144.9,6.90,21.59,0.1490,6.71,459.0,81.0
52761,142.9,7.00,21.59,0.1512,6.62,459.0,81.0
52768,142.9,7.00,21.59,0.1512,6.62,459.0,81.0
52775,144.9,6.90,21.59,0.1490,6.71,459.0,81.0
52781,144.9,6.90,21.59,0.1490,6.71,459.0,81.0
52789,140.8,7.10,21.59,0.1533,6.52,459.0,81.0
52795,144.9,6.90,21.59,0.1490,6.71,459.0,81.0
52802,144.9,6.90,21.59,0.1490,6.71,459.0,81.0
52809,142.9,7.00,21.59,0.1511,6.62,459.0,81.0
52816,142.9,7.00,21.59,0.1511,6.62,459.0,81.0
52823,144.9,6.90,21.59,0.1490,6.71,459.0,81.0
52830,144.9,6.90,21.59,0.1490,6.71,459.0,81.0
52837,142.9,7.00,21.59,0.1511,6.62,459.0,81.0
52844,147.1,6.80,21.59,0.1468,6.81,459.0,81.0
52851,140.8,7.10,21.59,0.1533,6.52,459.0,81.0
52858,144.9,6.90,21.59,0.1490,6.71,459.0,81.0
52865,147.1,6.80,21.59,0.1468,6.81,459.0,81.0
52872,140.8,7.10,21.59,0.1533,6.52,459.0,81.0
52879,144.9,6.90,21.59,0.1490,6.71,459.0,81.0
52886,144.9,6.90,21.59,0.1489,6.71,459.0,81.0
52893,142.9,7.00,21.59,0.1511,6.62,459.0,81.0
52900,144.9,6.90,21.59,0.1489,6.71,459.0,81.0
52906,144.9,6.90,21.58,0.1489,6.71,459.0,81.0
52913,142.9,7.00,21.58,0.1511,6.62,459.0,81.0
52920,144.9,6.90,21.58,0.1489,6.71,459.0,81.0
52927,142.9,7.00,21.58,0.1511,6.62,459.0,81.0
52934,142.9,7.00,21.58,0.1511,6.62,459.0,81.0
52941,144.9,6.90,21.58,0.1489,6.71,459.0,81.0
52948,144.9,6.90,21.58,0.1489,6.71,459.0,81.0
52955,142.9,7.00,21.58,0.1511,6.62,459.0,81.0
52962,142.9,7.00,21.58,0.1511,6.62,459.0,81.0
52969,144.9,6.90,21.58,0.1489,6.71,459.0,81.0
52976,144.9,6.90,21.58,0.1489,6.72,459.0,81.0
52983,144.9,6.90,21.58,0.1489,6.72,459.0,81.0
52990,142.9,7.00,21.58,0.1510,6.62,459.0,81.0
52997,142.9,7.00,21.58,0.1510,6.62,459.0,81.0
53004,147.1,6.80,21.58,0.1467,6.82,459.0,81.0
53011,140.8,7.10,21.58,0.1532,6.53,459.0,81.0
53018,142.9,7.00,21.57,0.1510,6.62,459.0,81.0
53025,144.9,6.90,21.57,0.1489,6.72,459.0,81.0
53032,144.9,6.90,21.57,0.1489,6.72,459.0,81.0
53038,144.9,6.90,21.57,0.1489,6.72,459.0,81.0
53045,142.9,7.00,21.57,0.1510,6.62,459.0,81.0
53052,142.9,7.00,21.57,0.1510,6.62,459.0,81.0
53059,144.9,6.90,21.57,0.1488,6.72,459.0,81.0
53066,144.9,6.90,21.57,0.1488,6.72,459.0,81.0
53073,142.9,7.00,21.57,0.1510,6.63,459.0,81.0
53080,144.9,6.90,21.57,0.1488,6.72,459.0,81.0
53087,142.9,7.00,21.57,0.1510,6.63,459.0,81.0
53094,144.9,6.90,21.57,0.1488,6.72,459.0,81.0
53101,142.9,7.00,21.57,0.1510,6.63,459.0,81.0
53108,144.9,6.90,21.57,0.1488,6.72,459.0,81.0
53115,142.9,7.00,21.57,0.1510,6.63,459.0,81.0
53122,142.9,7.00,21.57,0.1510,6.63,459.0,81.0
53129,147.1,6.80,21.56,0.1466,6.82,459.0,81.0
53136,142.9,7.00,21.56,0.1509,6.63,459.0,81.0
53143,144.9,6.90,21.56,0.1488,6.72,459.0,81.0
53150,142.9,7.00,21.56,0.1509,6.63,459.0,81.0
53157,142.9,7.00,21.56,0.1509,6.63,459.0,81.0
53163,147.1,6.80,21.56,0.1466,6.82,459.0,81.0
53170,142.9,7.00,21.56,0.1509,6.63,459.0,81.0
53177,142.9,7.00,21.56,0.1509,6.63,459.0,81.0
53184,144.9,6.90,21.56,0.1488,6.72,459.0,81.0
53191,142.9,7.00,21.56,0.1509,6.63,459.0,81.0
53198,144.9,6.90,21.56,0.1488,6.72,459.0,81.0
53205,144.9,6.90,21.56,0.1487,6.72,459.0,81.0
53212,142.9,7.00,21.56,0.1509,6.63,459.0,81.0
53219,144.9,6.90,21.56,0.1487,6.72,459.0,81.0
53226,144.9,6.90,21.56,0.1487,6.72,459.0,81.0
53233,140.8,7.10,21.56,0.1530,6.53,459.0,81.0
53240,144.9,6.90,21.55,0.1487,6.72,459.0,81.0
53247,144.9,6.90,21.55,0.1487,6.72,459.0,81.0
53254,142.9,7.00,21.55,0.1509,6.63,459.0,81.0
53261,144.9,6.90,21.55,0.1487,6.72,459.0,81.0
53268,144.9,6.90,21.55,0.1487,6.72,459.0,81.0
53275,142.9,7.00,21.55,0.1509,6.63,459.0,81.0
53282,142.9,7.00,21.55,0.1509,6.63,459.0,81.0
53289,144.9,6.90,21.55,0.1487,6.72,459.0,81.0
53295,144.9,6.90,21.55,0.1487,6.72,459.0,81.0
53302,142.9,7.00,21.55,0.1508,6.63,459.0,81.0
53309,144.9,6.90,21.55,0.1487,6.72,459.0,81.0
53316,142.9,7.00,21.55,0.1508,6.63,459.0,81.0
53323,144.9,6.90,21.55,0.1487,6.72,459.0,81.0
53330,142.9,7.00,21.55,0.1508,6.63,459.0,81.0
53337,147.1,6.80,21.55,0.1465,6.83,459.0,81.0
53344,142.9,7.00,21.55,0.1508,6.63,459.0,81.0
53351,142.9,7.00,21.54,0.1508,6.63,459.0,81.0
53358,144.9,6.90,21.54,0.1487,6.73,459.0,81.0
53365,144.9,6.90,21.54,0.1486,6.73,459.0,81.0
53372,142.9,7.00,21.54,0.1508,6.63,459.0,81.0
53379,142.9,7.00,21.54,0.1508,6.63,459.0,81.0
53386,144.9,6.90,21.54,0.1486,6.73,459.0,81.0
53393,147.1,6.80,21.54,0.1465,6.83,459.0,81.0
53400,140.8,7.10,21.54,0.1529,6.54,459.0,81.0
53407,142.9,7.00,21.54,0.1508,6.63,459.0,81.0
53413,147.1,6.80,21.54,0.1465,6.83,459.0,81.0
53420,142.9,7.00,21.54,0.1508,6.63,459.0,81.0
53427,142.9,7.00,21.54,0.1508,6.63,459.0,81.0
53434,144.9,6.90,21.54,0.1486,6.73,459.0,81.0
53441,144.9,6.90,21.54,0.1486,6.73,459.0,81.0
53448,142.9,7.00,21.54,0.1508,6.64,459.0,81.0
53455,144.9,6.90,21.54,0.1486,6.73,459.0,81.0
53462,142.9,7.00,21.53,0.1507,6.64,459.0,81.0
53469,144.9,6.90,21.53,0.1486,6.73,459.0,81.0
53476,144.9,6.90,21.53,0.1486,6.73,459.0,81.0
53483,140.8,7.10,21.53,0.1529,6.54,459.0,81.0
53490,144.9,6.90,21.53,0.1486,6.73,459.0,81.0
53497,144.9,6.90,21.53,0.1486,6.73,459.0,81.0
53504,147.1,6.80,21.53,0.1464,6.83,459.0,81.0
53511,140.8,7.10,21.53,0.1529,6.54,459.0,81.0
53518,147.1,6.80,21.53,0.1464,6.83,459.0,81.0
53525,140.8,7.10,21.53,0.1529,6.54,459.0,81.0
53532,142.9,7.00,21.53,0.1507,6.64,459.0,81.0
53539,144.9,6.90,21.53,0.1485,6.73,459.0,81.0
53546,142.9,7.00,21.53,0.1507,6.64,459.0,81.0
53552,144.9,6.90,21.53,0.1485,6.73,459.0,81.0
53559,144.9,6.90,21.53,0.1485,6.73,459.0,81.0
53566,142.9,7.00,21.53,0.1507,6.64,459.0,81.0
53573,144.9,6.90,21.52,0.1485,6.73,459.0,81.0
53580,144.9,6.90,21.52,0.1485,6.73,459.0,81.0
53587,142.9,7.00,21.52,0.1507,6.64,459.0,81.0
53594,147.1,6.80,21.52,0.1464,6.83,459.0,81.0
53601,142.9,7.00,21.52,0.1507,6.64,459.0,81.0
53608,140.8,7.10,21.52,0.1528,6.54,459.0,81.0
53615,147.1,6.80,21.52,0.1463,6.84,459.0,81.0
53622,142.9,7.00,21.52,0.1506,6.64,459.0,81.0
53629,144.9,6.90,21.52,0.1485,6.73,459.0,81.0
53636,142.9,7.00,21.52,0.1506,6.64,459.0,81.0
53643,142.9,7.00,21.52,0.1506,6.64,459.0,81.0
53650,144.9,6.90,21.52,0.1485,6.73,459.0,81.0
53656,147.1,6.80,21.52,0.1463,6.84,459.0,81.0
53663,142.9,7.00,21.52,0.1506,6.64,459.0,81.0
53670,144.9,6.90,21.52,0.1485,6.73,459.0,81.0
53677,144.9,6.90,21.52,0.1485,6.73,459.0,81.0
53684,140.8,7.10,21.51,0.1528,6.54,459.0,81.0
53691,147.1,6.80,21.51,0.1463,6.84,459.0,81.0
53698,144.9,6.90,21.51,0.1484,6.74,459.0,81.0
53705,142.9,7.00,21.51,0.1506,6.64,459.0,81.0
53712,144.9,6.90,21.51,0.1484,6.74,459.0,81.0
53719,142.9,7.00,21.51,0.1506,6.64,459.0,81.0
53726,144.9,6.90,21.51,0.1484,6.74,459.0,81.0
53733,142.9,7.00,21.51,0.1506,6.64,459.0,81.0
53740,144.9,6.90,21.51,0.1484,6.74,459.0,81.0
53747,142.9,7.00,21.51,0.1506,6.64,459.0,81.0
53754,142.9,7.00,21.51,0.1506,6.64,459.0,81.0
53761,144.9,6.90,21.51,0.1484,6.74,459.0,81.0
53768,140.8,7.10,21.51,0.1527,6.55,459.0,81.0
53775,144.9,6.90,21.51,0.1484,6.74,459.0,81.0
53782,144.9,6.90,21.51,0.1484,6.74,459.0,81.0
53788,144.9,6.90,21.51,0.1484,6.74,459.0,81.0
53795,144.9,6.90,21.50,0.1484,6.74,459.0,81.0
53802,142.9,7.00,21.50,0.1505,6.65,459.0,81.0
53809,142.9,7.00,21.50,0.1505,6.65,459.0,81.0
53816,147.1,6.80,21.50,0.1462,6.84,459.0,81.0
53823,144.9,6.90,21.50,0.1484,6.74,459.0,81.0
53830,140.8,7.10,21.50,0.1527,6.55,459.0,81.0
53837,144.9,6.90,21.50,0.1484,6.74,459.0,81.0
53844,142.9,7.00,21.50,0.1505,6.65,459.0,81.0
53851,144.9,6.90,21.50,0.1483,6.74,459.0,81.0
53858,144.9,6.90,21.49,0.1483,6.74,459.0,81.0
53865,142.9,7.00,21.49,0.1504,6.65,459.0,81.0
53872,144.9,6.90,21.49,0.1483,6.74,459.0,81.0
53879,142.9,7.00,21.48,0.1504,6.65,459.0,81.0
53886,142.9,7.00,21.48,0.1504,6.65,459.0,81.0
53893,144.9,6.90,21.48,0.1482,6.75,459.0,81.0
53900,144.9,6.90,21.47,0.1482,6.75,459.0,80.9
53907,142.9,7.00,21.47,0.1503,6.66,459.0,80.9
53913,144.9,6.90,21.47,0.1481,6.75,459.0,80.9
53920,144.9,6.90,21.47,0.1481,6.75,459.0,80.9
53927,140.8,7.10,21.46,0.1524,6.56,459.0,80.9
53934,147.1,6.80,21.46,0.1459,6.86,459.0,80.9
53941,144.9,6.90,21.46,0.1480,6.75,459.0,80.9
53948,142.9,7.00,21.45,0.1502,6.66,459.0,80.9
53955,144.9,6.90,21.45,0.1480,6.76,459.0,80.9
53962,142.9,7.00,21.45,0.1501,6.66,459.0,80.9
53969,144.9,6.90,21.44,0.1480,6.76,459.0,80.9
53976,144.9,6.90,21.44,0.1479,6.76,459.0,80.9
53983,142.9,7.00,21.44,0.1500,6.67,459.0,80.9
53990,144.9,6.90,21.43,0.1479,6.76,459.0,80.9
53997,142.9,7.00,21.43,0.1500,6.67,459.0,80.8
54004,144.9,6.90,21.43,0.1478,6.76,459.0,80.8
54011,142.9,7.00,21.42,0.1500,6.67,459.0,80.8
54018,144.9,6.90,21.42,0.1478,6.76,459.0,80.8
54025,142.9,7.00,21.42,0.1499,6.67,459.0,80.8
54031,144.9,6.90,21.41,0.1478,6.77,459.0,80.8
54038,142.9,7.00,21.41,0.1499,6.67,459.0,80.8
54045,144.9,6.90,21.41,0.1477,6.77,459.0,80.8
54052,142.9,7.00,21.40,0.1498,6.68,459.0,80.8
54059,144.9,6.90,21.40,0.1477,6.77,459.0,80.8
54066,144.9,6.90,21.40,0.1476,6.77,459.0,80.8
54073,142.9,7.00,21.39,0.1498,6.68,459.0,80.8
54080,144.9,6.90,21.39,0.1476,6.77,459.0,80.8
54087,142.9,7.00,21.39,0.1497,6.68,459.0,80.8
54094,144.9,6.90,21.38,0.1475,6.78,459.0,80.8
54101,142.9,7.00,21.38,0.1497,6.68,459.0,80.7
54108,144.9,6.90,21.38,0.1475,6.78,459.0,80.7
54115,144.9,6.90,21.37,0.1475,6.78,459.0,80.7
54122,142.9,7.00,21.37,0.1496,6.69,459.0,80.7
54129,142.9,7.00,21.37,0.1496,6.69,459.0,80.7
54136,144.9,6.90,21.36,0.1474,6.78,459.0,80.7
54143,144.9,6.90,21.36,0.1474,6.78,459.0,80.7
54150,142.9,7.00,21.36,0.1495,6.69,459.0,80.7
54156,144.9,6.90,21.35,0.1473,6.79,459.0,80.7
54163,142.9,7.00,21.35,0.1495,6.69,459.0,80.7
54170,147.1,6.80,21.35,0.1452,6.89,459.0,80.7
54177,142.9,7.00,21.34,0.1494,6.69,459.0,80.7
54184,142.9,7.00,21.34,0.1494,6.70,459.0,80.7
54191,142.9,7.00,21.34,0.1494,6.70,459.0,80.7
54198,144.9,6.90,21.33,0.1472,6.79,459.0,80.6
54205,144.9,6.90,21.33,0.1472,6.79,459.0,80.6
54212,144.9,6.90,21.33,0.1472,6.79,459.0,80.6
54219,142.9,7.00,21.32,0.1493,6.70,459.0,80.6
54226,142.9,7.00,21.32,0.1492,6.70,459.0,80.6
54233,147.1,6.80,21.32,0.1450,6.90,459.0,80.6
54240,140.8,7.10,21.31,0.1513,6.61,459.0,80.6
54247,144.9,6.90,21.31,0.1470,6.80,459.0,80.6
54254,144.9,6.90,21.31,0.1470,6.80,459.0,80.6
54261,142.9,7.00,21.30,0.1491,6.71,459.0,80.6
54268,142.9,7.00,21.30,0.1491,6.71,459.0,80.6
54275,142.9,7.00,21.30,0.1491,6.71,459.0,80.6
54282,144.9,6.90,21.30,0.1469,6.80,459.0,80.6
54288,144.9,6.90,21.29,0.1469,6.81,459.0,80.6
54295,142.9,7.00,21.29,0.1490,6.71,459.0,80.6
54302,144.9,6.90,21.29,0.1469,6.81,459.0,80.5
54309,142.9,7.00,21.28,0.1490,6.71,459.0,80.5
54316,144.9,6.90,21.28,0.1468,6.81,459.0,80.5
54323,142.9,7.00,21.28,0.1489,6.72,459.0,80.5
54330,144.9,6.90,21.27,0.1468,6.81,459.0,80.5
54337,142.9,7.00,21.27,0.1489,6.72,459.0,80.5
54344,147.1,6.80,21.27,0.1446,6.92,459.0,80.5
54351,140.8,7.10,21.26,0.1510,6.62,459.0,80.5
54358,147.1,6.80,21.26,0.1446,6.92,459.0,80.5
54365,142.9,7.00,21.26,0.1488,6.72,459.0,80.5
54372,142.9,7.00,21.25,0.1488,6.72,459.0,80.5
54379,144.9,6.90,21.25,0.1466,6.82,459.0,80.5
54386,144.9,6.90,21.25,0.1466,6.82,459.0,80.5
54393,142.9,7.00,21.24,0.1487,6.73,459.0,80.5
54400,142.9,7.00,21.24,0.1487,6.73,459.0,80.4
54407,144.9,6.90,21.24,0.1465,6.82,459.0,80.4
54413,144.9,6.90,21.23,0.1465,6.82,459.0,80.4
54420,144.9,6.90,21.23,0.1465,6.83,459.0,80.4
54427,142.9,7.00,21.23,0.1486,6.73,459.0,80.4
54434,144.9,6.90,21.22,0.1464,6.83,459.0,80.4
54441,142.9,7.00,21.22,0.1485,6.73,459.0,80.4
54448,144.9,6.90,21.22,0.1464,6.83,459.0,80.4
54455,142.9,7.00,21.21,0.1485,6.74,459.0,80.4
54462,142.9,7.00,21.21,0.1485,6.74,459.0,80.4
54469,144.9,6.90,21.21,0.1463,6.83,459.0,80.4
54476,144.9,6.90,21.20,0.1463,6.83,459.0,80.4
54483,142.9,7.00,21.20,0.1484,6.74,459.0,80.4
54490,144.9,6.90,21.20,0.1463,6.84,459.0,80.4
54497,142.9,7.00,21.19,0.1484,6.74,459.0,80.3
54504,147.1,6.80,21.19,0.1441,6.94,459.0,80.3
54511,144.9,6.90,21.19,0.1462,6.84,459.0,80.3
54518,138.9,7.20,21.18,0.1525,6.56,459.0,80.3
54525,144.9,6.90,21.18,0.1461,6.84,459.0,80.3
54532,144.9,6.90,21.18,0.1461,6.84,459.0,80.3
54538,144.9,6.90,21.17,0.1461,6.84,459.0,80.3
54545,142.9,7.00,21.17,0.1482,6.75,459.0,80.3
54552,144.9,6.90,21.17,0.1461,6.85,459.0,80.3
54559,142.9,7.00,21.16,0.1482,6.75,459.0,80.3
54566,144.9,6.90,21.16,0.1460,6.85,459.0,80.3
54573,144.9,6.90,21.16,0.1460,6.85,459.0,80.3
54580,142.9,7.00,21.16,0.1481,6.75,459.0,80.3
54587,142.9,7.00,21.15,0.1481,6.76,459.0,80.3
54594,144.9,6.90,21.15,0.1459,6.85,459.0,80.3
54601,144.9,6.90,21.15,0.1459,6.85,459.0,80.2
54608,144.9,6.90,21.14,0.1459,6.85,459.0,80.2
54615,142.9,7.00,21.14,0.1480,6.76,459.0,80.2
54622,142.9,7.00,21.14,0.1479,6.76,459.0,80.2
54629,147.1,6.80,21.13,0.1437,6.96,459.0,80.2
54636,140.8,7.10,21.13,0.1500,6.66,459.0,80.2
54643,147.1,6.80,21.13,0.1437,6.96,459.0,80.2
54650,142.9,7.00,21.12,0.1479,6.77,459.0,80.2
54657,142.9,7.00,21.12,0.1478,6.77,459.0,80.2
54663,147.1,6.80,21.12,0.1436,6.97,459.0,80.2
54670,142.9,7.00,21.11,0.1478,6.77,459.0,80.2
54677,144.9,6.90,21.11,0.1457,6.86,459.0,80.2
54684,142.9,7.00,21.11,0.1477,6.77,459.0,80.2
54691,144.9,6.90,21.10,0.1456,6.87,459.0,80.2
54698,144.9,6.90,21.10,0.1456,6.87,459.0,80.1
54705,142.9,7.00,21.10,0.1477,6.77,459.0,80.1
54712,142.9,7.00,21.09,0.1477,6.77,459.0,80.1
54719,144.9,6.90,21.09,0.1455,6.87,459.0,80.1
54726,142.9,7.00,21.09,0.1476,6.78,459.0,80.1
54733,144.9,6.90,21.08,0.1455,6.87,459.0,80.1
54740,144.9,6.90,21.08,0.1455,6.87,459.0,80.1
54747,142.9,7.00,21.08,0.1475,6.78,459.0,80.1
54754,144.9,6.90,21.07,0.1454,6.88,459.0,80.1
54761,142.9,7.00,21.07,0.1475,6.78,459.0,80.1
54768,144.9,6.90,21.07,0.1454,6.88,459.0,80.1
54774,144.9,6.90,21.06,0.1453,6.88,459.0,80.1
54781,144.9,6.90,21.06,0.1453,6.88,459.0,80.1
54788,140.8,7.10,21.06,0.1495,6.69,459.0,80.1
54795,144.9,6.90,21.05,0.1453,6.88,459.0,80.1
54802,142.9,7.00,21.05,0.1474,6.79,459.0,80.0
54809,144.9,6.90,21.05,0.1452,6.88,459.0,80.0
54816,144.9,6.90,21.04,0.1452,6.89,459.0,80.0
54823,142.9,7.00,21.04,0.1473,6.79,459.0,80.0
54830,144.9,6.90,21.04,0.1452,6.89,459.0,80.0
54837,142.9,7.00,21.03,0.1472,6.79,459.0,80.0
54844,144.9,6.90,21.03,0.1451,6.89,459.0,80.0
54851,142.9,7.00,21.03,0.1472,6.80,459.0,80.0
54858,147.1,6.80,21.03,0.1430,7.00,459.0,80.0
54865,142.9,7.00,21.03,0.1472,6.80,459.0,80.0
54872,144.9,6.90,21.03,0.1451,6.89,459.0,80.0
54879,140.8,7.10,21.03,0.1493,6.70,459.0,80.0
54886,147.1,6.80,21.03,0.1430,7.00,459.0,80.0
54893,142.9,7.00,21.03,0.1472,6.80,459.0,80.0
54899,144.9,6.90,21.03,0.1451,6.89,459.0,80.1
54906,142.9,7.00,21.03,0.1472,6.80,459.0,80.1
54913,144.9,6.90,21.03,0.1451,6.89,459.0,80.1
54920,142.9,7.00,21.02,0.1472,6.80,459.0,80.1
54927,142.9,7.00,21.02,0.1472,6.80,459.0,80.1
54934,142.9,7.00,21.02,0.1472,6.80,459.0,80.1
54941,144.9,6.90,21.02,0.1451,6.89,459.0,80.1
54948,144.9,6.90,21.02,0.1451,6.89,459.0,80.1
54955,142.9,7.00,21.02,0.1472,6.80,459.0,80.1
54962,142.9,7.00,21.02,0.1472,6.80,459.0,80.1
54969,144.9,6.90,21.02,0.1450,6.89,459.0,80.1
54976,144.9,6.90,21.02,0.1450,6.89,459.0,80.1
54983,142.9,7.00,21.02,0.1471,6.80,459.0,80.1
54990,144.9,6.90,21.02,0.1450,6.89,459.0,80.1
54997,144.9,6.90,21.02,0.1450,6.89,459.0,80.2
55004,142.9,7.00,21.02,0.1471,6.80,459.0,80.2
55011,144.9,6.90,21.02,0.1450,6.89,459.0,80.2
55018,142.9,7.00,21.02,0.1471,6.80,459.0,80.2
55025,144.9,6.90,21.02,0.1450,6.89,459.0,80.2
55031,144.9,6.90,21.02,0.1450,6.89,459.0,80.2
55038,142.9,7.00,21.02,0.1471,6.80,459.0,80.2
55045,142.9,7.00,21.02,0.1471,6.80,459.0,80.2
55052,144.9,6.90,21.02,0.1450,6.89,459.0,80.2
55059,142.9,7.00,21.02,0.1471,6.80,459.0,80.2
55066,144.9,6.90,21.01,0.1450,6.90,459.0,80.2
55073,142.9,7.00,21.01,0.1471,6.80,459.0,80.2
55080,144.9,6.90,21.01,0.1450,6.90,459.0,80.2
55087,144.9,6.90,21.01,0.1450,6.90,459.0,80.2
55094,144.9,6.90,21.01,0.1450,6.90,459.0,80.2
55101,142.9,7.00,21.01,0.1471,6.80,459.0,80.3
55108,142.9,7.00,21.01,0.1471,6.80,459.0,80.3
55115,144.9,6.90,21.01,0.1450,6.90,459.0,80.3
55122,142.9,7.00,21.01,0.1471,6.80,459.0,80.3
55129,144.9,6.90,21.01,0.1450,6.90,459.0,80.3
55136,142.9,7.00,21.01,0.1471,6.80,459.0,80.3
55143,144.9,6.90,21.01,0.1450,6.90,459.0,80.3
55150,144.9,6.90,21.01,0.1450,6.90,459.0,80.3
55157,142.9,7.00,21.01,0.1471,6.80,459.0,80.3
55164,142.9,7.00,21.01,0.1471,6.80,459.0,80.3
55170,147.1,6.80,21.01,0.1428,7.00,459.0,80.3
55177,142.9,7.00,21.01,0.1470,6.80,459.0,80.3
55184,142.9,7.00,21.01,0.1470,6.80,459.0,80.3
55191,144.9,6.90,21.01,0.1449,6.90,459.0,80.3
55198,144.9,6.90,21.01,0.1449,6.90,459.0,80.4
55205,142.9,7.00,21.00,0.1470,6.80,459.0,80.4
55212,142.9,7.00,21.00,0.1470,6.80,459.0,80.4
55219,144.9,6.90,21.00,0.1449,6.90,459.0,80.4
55226,142.9,7.00,21.00,0.1470,6.80,459.0,80.4
55233,147.1,6.80,21.00,0.1428,7.00,459.0,80.4
55240,142.9,7.00,21.00,0.1470,6.80,459.0,80.4
55247,142.9,7.00,21.00,0.1470,6.80,459.0,80.4
55254,144.9,6.90,21.00,0.1449,6.90,459.0,80.4
55261,142.9,7.00,21.00,0.1470,6.80,459.0,80.4
55268,144.9,6.90,21.00,0.1449,6.90,459.0,80.4
55275,142.9,7.00,21.00,0.1470,6.80,459.0,80.4
55282,144.9,6.90,21.00,0.1449,6.90,459.0,80.4
55288,144.9,6.90,21.00,0.1449,6.90,459.0,80.4
55295,142.9,7.00,21.00,0.1470,6.81,459.0,80.4
55302,144.9,6.90,21.00,0.1449,6.90,459.0,80.5
55309,142.9,7.00,21.00,0.1470,6.81,459.0,80.5
55316,144.9,6.90,21.00,0.1449,6.90,459.0,80.5
55323,142.9,7.00,21.00,0.1470,6.81,459.0,80.5
55330,149.3,6.70,21.00,0.1407,7.11,459.0,80.5
55337,140.8,7.10,21.00,0.1491,6.71,459.0,80.5
55344,142.9,7.00,21.00,0.1470,6.81,459.0,80.5
55351,144.9,6.90,20.99,0.1449,6.90,459.0,80.5
55358,142.9,7.00,20.99,0.1470,6.81,459.0,80.5
55365,144.9,6.90,20.99,0.1449,6.90,459.0,80.5
55372,144.9,6.90,20.99,0.1449,6.90,459.0,80.5
55379,142.9,7.00,20.99,0.1469,6.81,459.0,80.5
55386,144.9,6.90,20.99,0.1448,6.90,459.0,80.5
55393,142.9,7.00,20.99,0.1469,6.81,459.0,80.5
55400,144.9,6.90,20.99,0.1448,6.90,459.0,80.6
55407,142.9,7.00,20.99,0.1469,6.81,459.0,80.6
55413,144.9,6.90,20.99,0.1448,6.90,459.0,80.6
55420,144.9,6.90,20.99,0.1448,6.90,459.0,80.6
55427,142.9,7.00,20.99,0.1469,6.81,459.0,80.6
55434,144.9,6.90,20.99,0.1448,6.90,459.0,80.6
55441,142.9,7.00,20.99,0.1469,6.81,459.0,80.6
55448,144.9,6.90,20.99,0.1448,6.90,459.0,80.6
55455,142.9,7.00,20.99,0.1469,6.81,459.0,80.6
55462,144.9,6.90,20.99,0.1448,6.90,459.0,80.6
55469,142.9,7.00,20.99,0.1469,6.81,459.0,80.6
55476,144.9,6.90,20.99,0.1448,6.90,459.0,80.6
55483,142.9,7.00,20.99,0.1469,6.81,459.0,80.6
55490,144.9,6.90,20.98,0.1448,6.90,459.0,80.6
55497,144.9,6.90,20.98,0.1448,6.91,459.0,80.7
55504,142.9,7.00,20.98,0.1469,6.81,459.0,80.7
55511,144.9,6.90,20.98,0.1448,6.91,459.0,80.7
55518,142.9,7.00,20.98,0.1469,6.81,459.0,80.7
55525,144.9,6.90,20.98,0.1448,6.91,459.0,80.7
55531,144.9,6.90,20.98,0.1448,6.91,459.0,80.7
55538,142.9,7.00,20.98,0.1469,6.81,459.0,80.7
55545,144.9,6.90,20.98,0.1448,6.91,459.0,80.7
55552,142.9,7.00,20.98,0.1469,6.81,459.0,80.7
55559,144.9,6.90,20.98,0.1448,6.91,459.0,80.7
55566,142.9,7.00,20.98,0.1469,6.81,459.0,80.7
55573,144.9,6.90,20.98,0.1448,6.91,459.0,80.7
55580,142.9,7.00,20.98,0.1469,6.81,459.0,80.7
55587,144.9,6.90,20.98,0.1447,6.91,459.0,80.7
55594,142.9,7.00,20.98,0.1468,6.81,459.0,80.7
55601,147.1,6.80,20.98,0.1426,7.01,459.0,80.8
55608,140.8,7.10,20.98,0.1489,6.71,459.0,80.8
55615,144.9,6.90,20.98,0.1447,6.91,459.0,80.8
55622,142.9,7.00,20.98,0.1468,6.81,459.0,80.8
55629,144.9,6.90,20.98,0.1447,6.91,459.0,80.8
55636,144.9,6.90,20.97,0.1447,6.91,459.0,80.8
55643,142.9,7.00,20.97,0.1468,6.81,459.0,80.8
55650,144.9,6.90,20.97,0.1447,6.91,459.0,80.8
55657,142.9,7.00,20.97,0.1468,6.81,459.0,80.8
55663,147.1,6.80,20.97,0.1426,7.01,459.0,80.8
55670,144.9,6.90,20.97,0.1447,6.91,459.0,80.8
55677,142.9,7.00,20.97,0.1468,6.81,459.0,80.8
55684,144.9,6.90,20.97,0.1447,6.91,459.0,80.8
55691,142.9,7.00,20.97,0.1468,6.81,459.0,80.8
55698,144.9,6.90,20.97,0.1447,6.91,459.0,80.9
55705,142.9,7.00,20.97,0.1468,6.81,459.0,80.9
55712,144.9,6.90,20.97,0.1447,6.91,459.0,80.9
55719,142.9,7.00,20.97,0.1468,6.81,459.0,80.9
55726,144.9,6.90,20.97,0.1447,6.91,459.0,80.9
55733,142.9,7.00,20.97,0.1468,6.82,459.0,80.9
55740,144.9,6.90,20.97,0.1447,6.91,459.0,80.9
55747,142.9,7.00,20.97,0.1468,6.82,459.0,80.9
55754,144.9,6.90,20.97,0.1447,6.91,459.0,80.9
55761,144.9,6.90,20.97,0.1447,6.91,459.0,80.9
55768,142.9,7.00,20.97,0.1468,6.82,459.0,80.9
55774,144.9,6.90,20.97,0.1447,6.91,459.0,80.9
55781,144.9,6.90,20.96,0.1447,6.91,459.0,80.9
55788,142.9,7.00,20.96,0.1467,6.82,459.0,80.9
55795,144.9,6.90,20.96,0.1446,6.91,459.0,80.9
55802,142.9,7.00,20.96,0.1467,6.82,459.0,81.0
55809,144.9,6.90,20.96,0.1446,6.91,459.0,81.0
55816,142.9,7.00,20.96,0.1467,6.82,459.0,81.0
55823,144.9,6.90,20.96,0.1446,6.91,459.0,81.0
55830,142.9,7.00,20.96,0.1467,6.82,459.0,81.0
55837,144.9,6.90,20.96,0.1446,6.91,459.0,81.0
55844,144.9,6.90,20.96,0.1446,6.91,459.0,81.0
55851,142.9,7.00,20.96,0.1467,6.82,459.0,81.0
55858,144.9,6.90,20.96,0.1446,6.91,459.0,81.0
55865,140.8,7.10,20.96,0.1488,6.72,459.0,81.0
55872,144.9,6.90,20.96,0.1446,6.91,459.0,81.0
55879,142.9,7.00,20.96,0.1467,6.82,459.0,81.0
55886,147.1,6.80,20.96,0.1425,7.02,459.0,81.0
55893,140.8,7.10,20.95,0.1488,6.72,459.0,81.0
55900,144.9,6.90,20.95,0.1446,6.92,459.0,81.0
55906,144.9,6.90,20.95,0.1446,6.92,459.0,81.0
55913,144.9,6.90,20.95,0.1446,6.92,459.0,81.0
55920,142.9,7.00,20.95,0.1467,6.82,459.0,81.0
55927,142.9,7.00,20.95,0.1467,6.82,459.0,81.0
55934,142.9,7.00,20.95,0.1466,6.82,459.0,81.0
55941,147.1,6.80,20.95,0.1425,7.02,459.0,81.0
55948,142.9,7.00,20.95,0.1466,6.82,459.0,81.0
55955,142.9,7.00,20.95,0.1466,6.82,459.0,81.0
55962,147.1,6.80,20.95,0.1424,7.02,459.0,81.0
55969,140.8,7.10,20.95,0.1487,6.72,459.0,81.0
55976,144.9,6.90,20.94,0.1445,6.92,459.0,81.0
55983,142.9,7.00,20.94,0.1466,6.82,459.0,81.0
55990,144.9,6.90,20.94,0.1445,6.92,459.0,81.0
55997,142.9,7.00,20.94,0.1466,6.82,459.0,81.0
56004,144.9,6.90,20.94,0.1445,6.92,459.0,81.0
56011,142.9,7.00,20.94,0.1466,6.82,459.0,81.0
56018,147.1,6.80,20.94,0.1424,7.03,459.0,81.0
56025,142.9,7.00,20.94,0.1466,6.82,459.0,81.0
56031,144.9,6.90,20.94,0.1445,6.92,459.0,81.0
56038,142.9,7.00,20.94,0.1466,6.83,459.0,81.0
56045,144.9,6.90,20.94,0.1445,6.92,459.0,81.0
56052,142.9,7.00,20.94,0.1465,6.83,459.0,81.0
56059,142.9,7.00,20.93,0.1465,6.83,459.0,81.0
56066,144.9,6.90,20.93,0.1444,6.92,459.0,81.0
56073,142.9,7.00,20.93,0.1465,6.83,459.0,81.0
56080,147.1,6.80,20.93,0.1423,7.03,459.0,81.0
56087,142.9,7.00,20.93,0.1465,6.83,459.0,81.0
56094,142.9,7.00,20.93,0.1465,6.83,459.0,81.0
56101,144.9,6.90,20.93,0.1444,6.92,459.0,81.0
56108,142.9,7.00,20.93,0.1465,6.83,459.0,81.0
56115,144.9,6.90,20.93,0.1444,6.92,459.0,81.0
56122,144.9,6.90,20.93,0.1444,6.92,459.0,81.0
56129,144.9,6.90,20.93,0.1444,6.92,459.0,81.0
56136,140.8,7.10,20.93,0.1486,6.73,459.0,81.0
56143,144.9,6.90,20.92,0.1444,6.92,459.0,81.0
56150,144.9,6.90,20.92,0.1444,6.93,459.0,81.0
56157,142.9,7.00,20.92,0.1465,6.83,459.0,81.0
56163,144.9,6.90,20.92,0.1444,6.93,459.0,81.0
56170,144.9,6.90,20.92,0.1444,6.93,459.0,81.0
56177,144.9,6.90,20.92,0.1443,6.93,459.0,81.0
56184,142.9,7.00,20.92,0.1464,6.83,459.0,81.0
56191,144.9,6.90,20.92,0.1443,6.93,459.0,81.0
56198,142.9,7.00,20.92,0.1464,6.83,459.0,81.0
56205,142.9,7.00,20.92,0.1464,6.83,459.0,81.0
56212,142.9,7.00,20.92,0.1464,6.83,459.0,81.0
56219,144.9,6.90,20.92,0.1443,6.93,459.0,81.0
56226,147.1,6.80,20.91,0.1422,7.03,459.0,81.0
56233,140.8,7.10,20.91,0.1485,6.73,459.0,81.0
56240,144.9,6.90,20.91,0.1443,6.93,459.0,81.0
56247,144.9,6.90,20.91,0.1443,6.93,459.0,81.0
56254,144.9,6.90,20.91,0.1443,6.93,459.0,81.0
56261,142.9,7.00,20.91,0.1464,6.83,459.0,81.0
56268,144.9,6.90,20.91,0.1443,6.93,459.0,81.0
56275,142.9,7.00,20.91,0.1464,6.83,459.0,81.0
56281,144.9,6.90,20.91,0.1443,6.93,459.0,81.0
56288,142.9,7.00,20.91,0.1463,6.84,459.0,81.0
56295,142.9,7.00,20.91,0.1463,6.84,459.0,81.0
56302,144.9,6.90,20.91,0.1442,6.93,459.0,81.0
56309,144.9,6.90,20.90,0.1442,6.93,459.0,81.0
56316,142.9,7.00,20.90,0.1463,6.84,459.0,81.0
56323,144.9,6.90,20.90,0.1442,6.93,459.0,81.0
56330,147.1,6.80,20.90,0.1421,7.04,459.0,81.0
56337,140.8,7.10,20.90,0.1484,6.74,459.0,81.0
56344,142.9,7.00,20.90,0.1463,6.84,459.0,81.0
56351,144.9,6.90,20.90,0.1442,6.93,459.0,81.0
56358,142.9,7.00,20.90,0.1463,6.84,459.0,81.0
56365,144.9,6.90,20.90,0.1442,6.93,459.0,81.0
56372,144.9,6.90,20.90,0.1442,6.93,459.0,81.0
56379,142.9,7.00,20.90,0.1463,6.84,459.0,81.0
56386,144.9,6.90,20.90,0.1442,6.93,459.0,81.0
56393,144.9,6.90,20.89,0.1442,6.93,459.0,81.0
56399,144.9,6.90,20.89,0.1442,6.94,459.0,81.0
56406,142.9,7.00,20.89,0.1462,6.84,459.0,81.0
56413,144.9,6.90,20.89,0.1442,6.94,459.0,81.0
56420,142.9,7.00,20.89,0.1462,6.84,459.0,81.0
56427,144.9,6.90,20.89,0.1441,6.94,459.0,81.0
56434,142.9,7.00,20.89,0.1462,6.84,459.0,81.0
56441,144.9,6.90,20.89,0.1441,6.94,459.0,81.0
56448,144.9,6.90,20.89,0.1441,6.94,459.0,81.0
56455,142.9,7.00,20.89,0.1462,6.84,459.0,81.0
56462,144.9,6.90,20.89,0.1441,6.94,459.0,81.0
56469,142.9,7.00,20.89,0.1462,6.84,459.0,81.0
56476,142.9,7.00,20.88,0.1462,6.84,459.0,81.0
56483,147.1,6.80,20.88,0.1420,7.04,459.0,81.0
56490,142.9,7.00,20.88,0.1462,6.84,459.0,81.0
56497,144.9,6.90,20.88,0.1441,6.94,459.0,81.0
56504,144.9,6.90,20.88,0.1441,6.94,459.0,81.0
56511,138.9,7.20,20.88,0.1503,6.65,459.0,81.0
56518,147.1,6.80,20.88,0.1420,7.05,459.0,81.0
56525,142.9,7.00,20.88,0.1461,6.84,459.0,81.0
56531,144.9,6.90,20.88,0.1441,6.94,459.0,81.0
56538,142.9,7.00,20.88,0.1461,6.84,459.0,81.0
56545,142.9,7.00,20.88,0.1461,6.85,459.0,81.0
56552,144.9,6.90,20.88,0.1440,6.94,459.0,81.0
56559,144.9,6.90,20.87,0.1440,6.94,459.0,81.0
56566,142.9,7.00,20.87,0.1461,6.85,459.0,81.0
56573,144.9,6.90,20.87,0.1440,6.94,459.0,81.0
56580,144.9,6.90,20.87,0.1440,6.94,459.0,81.0
56587,142.9,7.00,20.87,0.1461,6.85,459.0,81.0
56594,142.9,7.00,20.87,0.1461,6.85,459.0,81.0
56601,144.9,6.90,20.87,0.1440,6.94,459.0,81.0
56608,142.9,7.00,20.87,0.1461,6.85,459.0,81.0
56615,144.9,6.90,20.87,0.1440,6.94,459.0,81.0
56622,142.9,7.00,20.87,0.1461,6.85,459.0,81.0
56629,144.9,6.90,20.87,0.1440,6.94,459.0,81.0
56636,144.9,6.90,20.87,0.1440,6.94,459.0,81.0
56643,144.9,6.90,20.86,0.1440,6.94,459.0,81.0
56649,144.9,6.90,20.86,0.1440,6.95,459.0,81.0
56656,142.9,7.00,20.86,0.1460,6.85,459.0,81.0
56663,144.9,6.90,20.86,0.1439,6.95,459.0,81.0
56670,142.9,7.00,20.86,0.1460,6.85,459.0,81.0
56677,144.9,6.90,20.86,0.1439,6.95,459.0,81.0
56684,140.8,7.10,20.86,0.1481,6.75,459.0,81.0
56691,144.9,6.90,20.86,0.1439,6.95,459.0,81.0
56698,144.9,6.90,20.86,0.1439,6.95,459.0,81.0
56705,142.9,7.00,20.86,0.1460,6.85,459.0,81.0
56712,144.9,6.90,20.86,0.1439,6.95,459.0,81.0
56719,144.9,6.90,20.86,0.1439,6.95,459.0,81.0
56726,142.9,7.00,20.85,0.1460,6.85,459.0,81.0
56733,142.9,7.00,20.85,0.1460,6.85,459.0,81.0
56740,144.9,6.90,20.85,0.1439,6.95,459.0,81.0
56747,144.9,6.90,20.85,0.1439,6.95,459.0,81.0
56754,144.9,6.90,20.85,0.1439,6.95,459.0,81.0
56761,142.9,7.00,20.85,0.1460,6.85,459.0,81.0
56768,142.9,7.00,20.85,0.1459,6.85,459.0,81.0
56774,147.1,6.80,20.85,0.1418,7.06,459.0,81.0
56781,142.9,7.00,20.85,0.1459,6.85,459.0,81.0
56788,142.9,7.00,20.85,0.1459,6.85,459.0,81.0
56795,144.9,6.90,20.85,0.1438,6.95,459.0,81.0
56802,144.9,6.90,20.85,0.1438,6.95,459.0,81.0
56809,142.9,7.00,20.84,0.1459,6.86,459.0,81.0
56816,144.9,6.90,20.84,0.1438,6.95,459.0,81.0
56823,142.9,7.00,20.84,0.1459,6.86,459.0,81.0
56830,144.9,6.90,20.84,0.1438,6.95,459.0,81.0
56837,142.9,7.00,20.84,0.1459,6.86,459.0,81.0
56844,144.9,6.90,20.84,0.1438,6.95,459.0,81.0
56851,144.9,6.90,20.84,0.1438,6.95,459.0,81.0
56858,144.9,6.90,20.84,0.1438,6.95,459.0,81.0
56865,142.9,7.00,20.84,0.1459,6.86,459.0,81.0
56872,142.9,7.00,20.84,0.1459,6.86,459.0,81.0
56879,144.9,6.90,20.84,0.1438,6.95,459.0,81.0
56886,144.9,6.90,20.84,0.1438,6.95,459.0,81.0
56893,142.9,7.00,20.84,0.1459,6.86,459.0,81.0
56899,144.9,6.90,20.84,0.1438,6.95,459.0,80.9
56906,142.9,7.00,20.84,0.1459,6.86,459.0,80.9
56913,144.9,6.90,20.84,0.1438,6.95,459.0,80.9
56920,144.9,6.90,20.84,0.1438,6.95,459.0,80.9
56927,142.9,7.00,20.84,0.1459,6.86,459.0,80.9
56934,144.9,6.90,20.84,0.1438,6.95,459.0,80.9
56941,142.9,7.00,20.84,0.1459,6.86,459.0,80.9
56948,144.9,6.90,20.84,0.1438,6.95,459.0,80.9
56955,142.9,7.00,20.84,0.1459,6.86,459.0,80.9
56962,144.9,6.90,20.84,0.1438,6.95,459.0,80.9
56969,142.9,7.00,20.84,0.1459,6.86,459.0,80.9
56976,144.9,6.90,20.84,0.1438,6.95,459.0,80.9
56983,144.9,6.90,20.84,0.1438,6.95,459.0,80.9
56990,142.9,7.00,20.84,0.1458,6.86,459.0,80.9
56997,142.9,7.00,20.84,0.1458,6.86,459.0,80.8
57004,144.9,6.90,20.84,0.1438,6.95,459.0,80.8
57011,142.9,7.00,20.84,0.1458,6.86,459.0,80.8
57018,144.9,6.90,20.83,0.1438,6.95,459.0,80.8
57024,144.9,6.90,20.83,0.1438,6.95,459.0,80.8
57031,144.9,6.90,20.83,0.1438,6.95,459.0,80.8
57038,142.9,7.00,20.83,0.1458,6.86,459.0,80.8
57045,144.9,6.90,20.83,0.1438,6.95,459.0,80.8
57052,142.9,7.00,20.83,0.1458,6.86,459.0,80.8
57059,142.9,7.00,20.83,0.1458,6.86,459.0,80.8
57066,144.9,6.90,20.83,0.1438,6.96,459.0,80.8
57073,144.9,6.90,20.83,0.1437,6.96,459.0,80.8
57080,144.9,6.90,20.83,0.1437,6.96,459.0,80.8
57087,142.9,7.00,20.83,0.1458,6.86,459.0,80.8
57094,142.9,7.00,20.83,0.1458,6.86,459.0,80.8
57101,147.1,6.80,20.83,0.1417,7.06,459.0,80.7
57108,140.8,7.10,20.83,0.1479,6.76,459.0,80.7
57115,144.9,6.90,20.83,0.1437,6.96,459.0,80.7
57122,144.9,6.90,20.83,0.1437,6.96,459.0,80.7
57129,142.9,7.00,20.83,0.1458,6.86,459.0,80.7
57136,142.9,7.00,20.83,0.1458,6.86,459.0,80.7
57143,144.9,6.90,20.83,0.1437,6.96,459.0,80.7
57149,144.9,6.90,20.83,0.1437,6.96,459.0,80.7
57156,142.9,7.00,20.83,0.1458,6.86,459.0,80.7
57163,144.9,6.90,20.83,0.1437,6.96,459.0,80.7
57170,142.9,7.00,20.83,0.1458,6.86,459.0,80.7
57177,144.9,6.90,20.83,0.1437,6.96,459.0,80.7
57184,144.9,6.90,20.83,0.1437,6.96,459.0,80.7
57191,142.9,7.00,20.83,0.1458,6.86,459.0,80.7
57198,144.9,6.90,20.83,0.1437,6.96,459.0,80.6
57205,142.9,7.00,20.83,0.1458,6.86,459.0,80.6
57212,144.9,6.90,20.83,0.1437,6.96,459.0,80.6
57219,142.9,7.00,20.83,0.1458,6.86,459.0,80.6
57226,144.9,6.90,20.83,0.1437,6.96,459.0,80.6
57233,142.9,7.00,20.83,0.1458,6.86,459.0,80.6
57240,144.9,6.90,20.83,0.1437,6.96,459.0,80.6
57247,144.9,6.90,20.83,0.1437,6.96,459.0,80.6
57254,142.9,7.00,20.83,0.1458,6.86,459.0,80.6
57261,144.9,6.90,20.83,0.1437,6.96,459.0,80.6
57267,144.9,6.90,20.83,0.1437,6.96,459.0,80.6
57274,142.9,7.00,20.83,0.1458,6.86,459.0,80.6
57282,140.8,7.10,20.83,0.1479,6.76,459.0,80.6
57288,144.9,6.90,20.83,0.1437,6.96,459.0,80.6
57295,142.9,7.00,20.83,0.1458,6.86,459.0,80.6
57302,144.9,6.90,20.83,0.1437,6.96,459.0,80.5
57309,144.9,6.90,20.83,0.1437,6.96,459.0,80.5
57316,142.9,7.00,20.83,0.1458,6.86,459.0,80.5
57323,144.9,6.90,20.83,0.1437,6.96,459.0,80.5
57330,144.9,6.90,20.83,0.1437,6.96,459.0,80.5
57337,142.9,7.00,20.83,0.1458,6.86,459.0,80.5
57344,144.9,6.90,20.83,0.1437,6.96,459.0,80.5
57351,142.9,7.00,20.82,0.1458,6.86,459.0,80.5
57358,144.9,6.90,20.82,0.1437,6.96,459.0,80.5
57365,142.9,7.00,20.82,0.1458,6.86,459.0,80.5
57372,144.9,6.90,20.82,0.1437,6.96,459.0,80.5
57379,144.9,6.90,20.82,0.1437,6.96,459.0,80.5
57386,144.9,6.90,20.82,0.1437,6.96,459.0,80.5
57393,142.9,7.00,20.82,0.1458,6.86,459.0,80.5
57399,144.9,6.90,20.82,0.1437,6.96,459.0,80.4
57407,140.8,7.10,20.82,0.1478,6.76,459.0,80.4
57413,144.9,6.90,20.82,0.1437,6.96,459.0,80.4
57420,144.9,6.90,20.82,0.1437,6.96,459.0,80.4
57427,144.9,6.90,20.82,0.1437,6.96,459.0,80.4
57434,142.9,7.00,20.82,0.1458,6.86,459.0,80.4
57441,144.9,6.90,20.82,0.1437,6.96,459.0,80.4
57448,144.9,6.90,20.82,0.1437,6.96,459.0,80.4
57455,142.9,7.00,20.82,0.1458,6.86,459.0,80.4
57462,144.9,6.90,20.82,0.1437,6.96,459.0,80.4
57469,142.9,7.00,20.82,0.1457,6.86,459.0,80.4
57476,142.9,7.00,20.82,0.1457,6.86,459.0,80.4
57483,144.9,6.90,20.82,0.1437,6.96,459.0,80.4
57490,142.9,7.00,20.82,0.1457,6.86,459.0,80.4
57497,144.9,6.90,20.82,0.1437,6.96,459.0,80.3
57504,147.1,6.80,20.82,0.1416,7.07,459.0,80.3
57511,142.9,7.00,20.82,0.1457,6.86,459.0,80.3
57518,140.8,7.10,20.82,0.1478,6.76,459.0,80.3
57525,144.9,6.90,20.82,0.1437,6.96,459.0,80.3
57531,144.9,6.90,20.82,0.1437,6.96,459.0,80.3
57538,142.9,7.00,20.82,0.1457,6.86,459.0,80.3
57545,142.9,7.00,20.82,0.1457,6.86,459.0,80.3
57552,144.9,6.90,20.82,0.1436,6.96,459.0,80.3
57559,144.9,6.90,20.82,0.1436,6.96,459.0,80.3
57566,142.9,7.00,20.82,0.1457,6.86,459.0,80.3
57573,144.9,6.90,20.82,0.1436,6.96,459.0,80.3
57580,144.9,6.90,20.82,0.1436,6.96,459.0,80.3
57587,144.9,6.90,20.82,0.1436,6.96,459.0,80.3
57594,144.9,6.90,20.82,0.1436,6.96,459.0,80.3
57601,142.9,7.00,20.82,0.1457,6.86,459.0,80.2
57608,142.9,7.00,20.82,0.1457,6.86,459.0,80.2
57615,142.9,7.00,20.82,0.1457,6.86,459.0,80.2
57622,144.9,6.90,20.82,0.1436,6.96,459.0,80.2
57629,144.9,6.90,20.82,0.1436,6.96,459.0,80.2
57636,144.9,6.90,20.82,0.1436,6.96,459.0,80.2
57643,142.9,7.00,20.82,0.1457,6.86,459.0,80.2
57649,144.9,6.90,20.82,0.1436,6.96,459.0,80.2
57656,142.9,7.00,20.82,0.1457,6.87,459.0,80.2
57663,144.9,6.90,20.82,0.1436,6.96,459.0,80.2
57670,142.9,7.00,20.82,0.1457,6.87,459.0,80.2
57677,147.1,6.80,20.82,0.1415,7.07,459.0,80.2
57684,142.9,7.00,20.81,0.1457,6.87,459.0,80.2
57691,142.9,7.00,20.81,0.1457,6.87,459.0,80.2
57698,144.9,6.90,20.81,0.1436,6.96,459.0,80.1
57705,144.9,6.90,20.81,0.1436,6.96,459.0,80.1
57712,142.9,7.00,20.81,0.1457,6.87,459.0,80.1
57719,142.9,7.00,20.81,0.1457,6.87,459.0,80.1
57726,144.9,6.90,20.81,0.1436,6.96,459.0,80.1
57733,144.9,6.90,20.81,0.1436,6.96,459.0,80.1
57740,142.9,7.00,20.81,0.1457,6.87,459.0,80.1
57747,144.9,6.90,20.81,0.1436,6.96,459.0,80.1
57754,144.9,6.90,20.81,0.1436,6.96,459.0,80.1
57761,142.9,7.00,20.81,0.1457,6.87,459.0,80.1
57767,144.9,6.90,20.81,0.1436,6.96,459.0,80.1
57774,142.9,7.00,20.81,0.1457,6.87,459.0,80.1
57781,144.9,6.90,20.81,0.1436,6.96,459.0,80.1
57788,142.9,7.00,20.81,0.1457,6.87,459.0,80.1
57795,144.9,6.90,20.81,0.1436,6.96,459.0,80.1
57802,142.9,7.00,20.81,0.1457,6.87,459.0,80.0
57809,144.9,6.90,20.81,0.1436,6.96,459.0,80.0
57816,144.9,6.90,20.81,0.1436,6.96,459.0,80.0
57823,142.9,7.00,20.81,0.1457,6.87,459.0,80.0
57830,142.9,7.00,20.81,0.1457,6.87,459.0,80.0
57837,144.9,6.90,20.81,0.1436,6.96,459.0,80.0
57844,144.9,6.90,20.81,0.1436,6.96,459.0,80.0
57851,144.9,6.90,20.81,0.1436,6.96,459.0,80.0
57858,142.9,7.00,20.81,0.1457,6.87,459.0,80.0
57865,144.9,6.90,20.81,0.1436,6.96,459.0,80.0
57872,142.9,7.00,20.81,0.1457,6.87,459.0,80.0
57879,142.9,7.00,20.82,0.1457,6.86,459.0,80.0
57886,144.9,6.90,20.82,0.1436,6.96,459.0,80.0
57892,144.9,6.90,20.82,0.1436,6.96,459.0,80.0
57899,142.9,7.00,20.82,0.1457,6.86,459.0,80.1
57906,144.9,6.90,20.82,0.1437,6.96,459.0,80.1
57913,142.9,7.00,20.82,0.1458,6.86,459.0,80.1
57920,142.9,7.00,20.82,0.1458,6.86,459.0,80.1
57927,144.9,6.90,20.82,0.1437,6.96,459.0,80.1
57934,144.9,6.90,20.83,0.1437,6.96,459.0,80.1
57941,142.9,7.00,20.83,0.1458,6.86,459.0,80.1
57948,144.9,6.90,20.83,0.1437,6.96,459.0,80.1
57955,142.9,7.00,20.83,0.1458,6.86,459.0,80.1
57962,144.9,6.90,20.83,0.1437,6.96,459.0,80.1
57969,144.9,6.90,20.83,0.1437,6.96,459.0,80.1
57976,144.9,6.90,20.83,0.1438,6.96,459.0,80.1
57983,140.8,7.10,20.83,0.1479,6.76,459.0,80.1
57990,144.9,6.90,20.84,0.1438,6.95,459.0,80.1
57997,144.9,6.90,20.84,0.1438,6.95,459.0,80.2
58004,142.9,7.00,20.84,0.1459,6.86,459.0,80.2
58011,142.9,7.00,20.84,0.1459,6.86,459.0,80.2
58018,144.9,6.90,20.84,0.1438,6.95,459.0,80.2
58024,144.9,6.90,20.84,0.1438,6.95,459.0,80.2
58031,142.9,7.00,20.84,0.1459,6.86,459.0,80.2
58038,144.9,6.90,20.84,0.1438,6.95,459.0,80.2
58045,144.9,6.90,20.85,0.1438,6.95,459.0,80.2
58052,142.9,7.00,20.85,0.1459,6.85,459.0,80.2
58059,144.9,6.90,20.85,0.1439,6.95,459.0,80.2
58066,142.9,7.00,20.85,0.1459,6.85,459.0,80.2
58073,144.9,6.90,20.85,0.1439,6.95,459.0,80.2
58080,142.9,7.00,20.85,0.1460,6.85,459.0,80.2
58087,147.1,6.80,20.85,0.1418,7.05,459.0,80.2
58094,142.9,7.00,20.85,0.1460,6.85,459.0,80.2
58101,138.9,7.20,20.86,0.1502,6.66,459.0,80.3
58108,147.1,6.80,20.86,0.1418,7.05,459.0,80.3
58115,144.9,6.90,20.86,0.1439,6.95,459.0,80.3
58122,142.9,7.00,20.86,0.1460,6.85,459.0,80.3
58129,142.9,7.00,20.86,0.1460,6.85,459.0,80.3
58136,144.9,6.90,20.86,0.1439,6.95,459.0,80.3
58142,147.1,6.80,20.86,0.1419,7.05,459.0,80.3
58149,142.9,7.00,20.86,0.1461,6.85,459.0,80.3
58156,142.9,7.00,20.87,0.1461,6.85,459.0,80.3
58163,142.9,7.00,20.87,0.1461,6.85,459.0,80.3
58170,144.9,6.90,20.87,0.1440,6.94,459.0,80.3
58177,142.9,7.00,20.87,0.1461,6.85,459.0,80.3
58184,147.1,6.80,20.87,0.1419,7.05,459.0,80.3
58191,142.9,7.00,20.87,0.1461,6.85,459.0,80.3
58198,142.9,7.00,20.87,0.1461,6.85,459.0,80.4
58205,144.9,6.90,20.87,0.1440,6.94,459.0,80.4
58212,144.9,6.90,20.88,0.1440,6.94,459.0,80.4
58219,142.9,7.00,20.88,0.1461,6.84,459.0,80.4
58226,144.9,6.90,20.88,0.1441,6.94,459.0,80.4
58233,142.9,7.00,20.88,0.1462,6.84,459.0,80.4
58240,144.9,6.90,20.88,0.1441,6.94,459.0,80.4
58247,142.9,7.00,20.88,0.1462,6.84,459.0,80.4
58254,144.9,6.90,20.88,0.1441,6.94,459.0,80.4
58261,142.9,7.00,20.88,0.1462,6.84,459.0,80.4
58268,144.9,6.90,20.89,0.1441,6.94,459.0,80.4
58275,142.9,7.00,20.89,0.1462,6.84,459.0,80.4
58282,142.9,7.00,20.89,0.1462,6.84,459.0,80.4
58288,144.9,6.90,20.89,0.1441,6.94,459.0,80.4
58295,144.9,6.90,20.89,0.1441,6.94,459.0,80.4
58302,144.9,6.90,20.89,0.1442,6.94,459.0,80.5
58309,144.9,6.90,20.89,0.1442,6.94,459.0,80.5
58316,142.9,7.00,20.89,0.1463,6.84,459.0,80.5
58323,144.9,6.90,20.90,0.1442,6.93,459.0,80.5
58330,144.9,6.90,20.90,0.1442,6.93,459.0,80.5
58337,144.9,6.90,20.90,0.1442,6.93,459.0,80.5
58344,142.9,7.00,20.90,0.1463,6.84,459.0,80.5
58351,140.8,7.10,20.90,0.1484,6.74,459.0,80.5
58358,144.9,6.90,20.90,0.1442,6.93,459.0,80.5
58365,144.9,6.90,20.90,0.1442,6.93,459.0,80.5
58372,140.8,7.10,20.90,0.1484,6.74,459.0,80.5
58379,144.9,6.90,20.91,0.1443,6.93,459.0,80.5
58386,147.1,6.80,20.91,0.1422,7.04,459.0,80.5
58393,142.9,7.00,20.91,0.1464,6.83,459.0,80.5
58400,140.8,7.10,20.91,0.1485,6.73,459.0,80.6
58406,149.3,6.70,20.91,0.1401,7.14,459.0,80.6
58413,142.9,7.00,20.91,0.1464,6.83,459.0,80.6
58420,142.9,7.00,20.91,0.1464,6.83,459.0,80.6
58427,144.9,6.90,20.91,0.1443,6.93,459.0,80.6
58434,144.9,6.90,20.92,0.1443,6.93,459.0,80.6
58441,144.9,6.90,20.92,0.1443,6.93,459.0,80.6
58448,144.9,6.90,20.92,0.1443,6.93,459.0,80.6
58455,142.9,7.00,20.92,0.1464,6.83,459.0,80.6
58462,142.9,7.00,20.92,0.1464,6.83,459.0,80.6
58469,144.9,6.90,20.92,0.1444,6.93,459.0,80.6
58476,144.9,6.90,20.92,0.1444,6.93,459.0,80.6
58483,142.9,7.00,20.92,0.1465,6.83,459.0,80.6
58490,144.9,6.90,20.93,0.1444,6.92,459.0,80.6
58497,142.9,7.00,20.93,0.1465,6.83,459.0,80.7
58504,142.9,7.00,20.93,0.1465,6.83,459.0,80.7
58511,142.9,7.00,20.93,0.1465,6.83,459.0,80.7
58518,142.9,7.00,20.93,0.1465,6.83,459.0,80.7
58525,144.9,6.90,20.93,0.1444,6.92,459.0,80.7
58531,144.9,6.90,20.93,0.1444,6.92,459.0,80.7
58538,144.9,6.90,20.93,0.1444,6.92,459.0,80.7
58545,142.9,7.00,20.94,0.1466,6.83,459.0,80.7
58552,144.9,6.90,20.94,0.1445,6.92,459.0,80.7
58559,142.9,7.00,20.94,0.1466,6.82,459.0,80.7
58566,144.9,6.90,20.94,0.1445,6.92,459.0,80.7
58573,142.9,7.00,20.94,0.1466,6.82,459.0,80.7
58580,142.9,7.00,20.94,0.1466,6.82,459.0,80.7
58587,144.9,6.90,20.94,0.1445,6.92,459.0,80.7
58594,144.9,6.90,20.94,0.1445,6.92,459.0,80.7
58601,144.9,6.90,20.95,0.1445,6.92,459.0,80.8
58608,144.9,6.90,20.95,0.1445,6.92,459.0,80.8
58615,142.9,7.00,20.95,0.1466,6.82,459.0,80.8
58622,142.9,7.00,20.95,0.1466,6.82,459.0,80.8
58629,144.9,6.90,20.95,0.1446,6.92,459.0,80.8
58636,144.9,6.90,20.95,0.1446,6.92,459.0,80.8
58643,142.9,7.00,20.95,0.1467,6.82,459.0,80.8
58650,142.9,7.00,20.95,0.1467,6.82,459.0,80.8
58656,144.9,6.90,20.96,0.1446,6.91,459.0,80.8
58663,142.9,7.00,20.96,0.1467,6.82,459.0,80.8
58670,144.9,6.90,20.96,0.1446,6.91,459.0,80.8
58677,144.9,6.90,20.96,0.1446,6.91,459.0,80.8
58684,144.9,6.90,20.96,0.1446,6.91,459.0,80.8
58691,144.9,6.90,20.96,0.1446,6.91,459.0,80.8
58698,144.9,6.90,20.96,0.1446,6.91,459.0,80.9
58705,142.9,7.00,20.96,0.1468,6.82,459.0,80.9
58712,144.9,6.90,20.97,0.1447,6.91,459.0,80.9
58719,142.9,7.00,20.97,0.1468,6.82,459.0,80.9
58726,144.9,6.90,20.97,0.1447,6.91,459.0,80.9
58733,142.9,7.00,20.97,0.1468,6.81,459.0,80.9
58740,144.9,6.90,20.97,0.1447,6.91,459.0,80.9
58747,144.9,6.90,20.97,0.1447,6.91,459.0,80.9
58754,142.9,7.00,20.97,0.1468,6.81,459.0,80.9
58761,142.9,7.00,20.97,0.1468,6.81,459.0,80.9
58768,142.9,7.00,20.98,0.1468,6.81,459.0,80.9
58774,147.1,6.80,20.98,0.1426,7.01,459.0,80.9
58781,142.9,7.00,20.98,0.1468,6.81,459.0,80.9
58788,144.9,6.90,20.98,0.1448,6.91,459.0,80.9
58795,142.9,7.00,20.98,0.1469,6.81,459.0,80.9
58802,144.9,6.90,20.98,0.1448,6.91,459.0,81.0
58809,142.9,7.00,20.98,0.1469,6.81,459.0,81.0
58816,144.9,6.90,20.98,0.1448,6.91,459.0,81.0
58823,142.9,7.00,20.99,0.1469,6.81,459.0,81.0
58830,142.9,7.00,20.99,0.1469,6.81,459.0,81.0
58837,144.9,6.90,20.99,0.1448,6.90,459.0,81.0
58844,144.9,6.90,20.99,0.1448,6.90,459.0,81.0
58851,144.9,6.90,20.99,0.1448,6.90,459.0,81.0
58858,142.9,7.00,20.99,0.1469,6.81,459.0,81.0
58865,142.9,7.00,20.99,0.1469,6.81,459.0,81.0
58872,144.9,6.90,20.99,0.1448,6.90,459.0,81.0
58879,142.9,7.00,20.99,0.1469,6.81,459.0,81.0
58886,144.9,6.90,20.99,0.1448,6.90,459.0,81.0
58892,144.9,6.90,20.99,0.1448,6.90,459.0,81.0
58899,142.9,7.00,20.99,0.1469,6.81,459.0,80.9
58906,144.9,6.90,20.99,0.1448,6.90,459.0,80.9
58913,142.9,7.00,20.99,0.1469,6.81,459.0,80.9
58920,142.9,7.00,20.99,0.1469,6.81,459.0,80.9
58927,144.9,6.90,20.99,0.1448,6.90,459.0,80.9
58934,144.9,6.90,20.99,0.1448,6.90,459.0,80.9
58941,144.9,6.90,20.99,0.1448,6.90,459.0,80.9
58948,142.9,7.00,20.99,0.1469,6.81,459.0,80.9
58955,144.9,6.90,20.99,0.1448,6.90,459.0,80.9
58962,142.9,7.00,20.99,0.1469,6.81,459.0,80.9
58969,144.9,6.90,20.99,0.1448,6.90,459.0,80.9
58976,144.9,6.90,20.98,0.1448,6.90,459.0,80.9
58983,142.9,7.00,20.98,0.1469,6.81,459.0,80.9
58990,144.9,6.90,20.98,0.1448,6.91,459.0,80.9
58997,142.9,7.00,20.98,0.1469,6.81,459.0,80.8
59004,142.9,7.00,20.98,0.1469,6.81,459.0,80.8
59011,144.9,6.90,20.98,0.1448,6.91,459.0,80.8
59017,144.9,6.90,20.98,0.1448,6.91,459.0,80.8
59024,142.9,7.00,20.98,0.1469,6.81,459.0,80.8
59031,144.9,6.90,20.98,0.1448,6.91,459.0,80.8
59038,142.9,7.00,20.98,0.1469,6.81,459.0,80.8
59045,144.9,6.90,20.98,0.1448,6.91,459.0,80.8
59052,144.9,6.90,20.98,0.1448,6.91,459.0,80.8
59059,140.8,7.10,20.98,0.1490,6.71,459.0,80.8
59066,144.9,6.90,20.98,0.1448,6.91,459.0,80.8
59073,142.9,7.00,20.98,0.1469,6.81,459.0,80.8
59080,144.9,6.90,20.98,0.1448,6.91,459.0,80.8
59087,144.9,6.90,20.98,0.1448,6.91,459.0,80.8
59094,142.9,7.00,20.98,0.1469,6.81,459.0,80.8
59101,144.9,6.90,20.98,0.1448,6.91,459.0,80.7
59108,142.9,7.00,20.98,0.1469,6.81,459.0,80.7
59115,144.9,6.90,20.98,0.1448,6.91,459.0,80.7
59122,142.9,7.00,20.98,0.1469,6.81,459.0,80.7
59129,144.9,6.90,20.98,0.1448,6.91,459.0,80.7
59136,144.9,6.90,20.98,0.1448,6.91,459.0,80.7
59143,142.9,7.00,20.98,0.1468,6.81,459.0,80.7
59150,142.9,7.00,20.98,0.1468,6.81,459.0,80.7
59156,144.9,6.90,20.98,0.1447,6.91,459.0,80.7
59163,144.9,6.90,20.98,0.1447,6.91,459.0,80.7
59170,142.9,7.00,20.98,0.1468,6.81,459.0,80.7
59177,142.9,7.00,20.98,0.1468,6.81,459.0,80.7
59184,144.9,6.90,20.98,0.1447,6.91,459.0,80.7
59191,142.9,7.00,20.98,0.1468,6.81,459.0,80.7
59198,144.9,6.90,20.98,0.1447,6.91,459.0,80.6
59205,144.9,6.90,20.98,0.1447,6.91,459.0,80.6
59212,147.1,6.80,20.98,0.1426,7.01,459.0,80.6
59219,142.9,7.00,20.98,0.1468,6.81,459.0,80.6
59226,142.9,7.00,20.97,0.1468,6.81,459.0,80.6
59233,144.9,6.90,20.97,0.1447,6.91,459.0,80.6
59240,144.9,6.90,20.97,0.1447,6.91,459.0,80.6
59247,142.9,7.00,20.97,0.1468,6.81,459.0,80.6
59254,144.9,6.90,20.97,0.1447,6.91,459.0,80.6
59261,142.9,7.00,20.97,0.1468,6.81,459.0,80.6
59267,144.9,6.90,20.97,0.1447,6.91,459.0,80.6
59274,142.9,7.00,20.97,0.1468,6.81,459.0,80.6
59281,144.9,6.90,20.97,0.1447,6.91,459.0,80.6
59288,144.9,6.90,20.97,0.1447,6.91,459.0,80.6
59295,142.9,7.00,20.97,0.1468,6.81,459.0,80.6
59302,144.9,6.90,20.97,0.1447,6.91,459.0,80.5
59309,142.9,7.00,20.97,0.1468,6.81,459.0,80.5
59316,142.9,7.00,20.97,0.1468,6.81,459.0,80.5
59323,144.9,6.90,20.97,0.1447,6.91,459.0,80.5
59330,142.9,7.00,20.97,0.1468,6.81,459.0,80.5
59337,144.9,6.90,20.97,0.1447,6.91,459.0,80.5
59344,144.9,6.90,20.97,0.1447,6.91,459.0,80.5
59351,142.9,7.00,20.97,0.1468,6.81,459.0,80.5
59358,144.9,6.90,20.97,0.1447,6.91,459.0,80.5
59365,142.9,7.00,20.97,0.1468,6.81,459.0,80.5
59372,144.9,6.90,20.97,0.1447,6.91,459.0,80.5
59379,144.9,6.90,20.97,0.1447,6.91,459.0,80.5
59385,144.9,6.90,20.97,0.1447,6.91,459.0,80.5
59392,142.9,7.00,20.97,0.1468,6.82,459.0,80.5
59399,142.9,7.00,20.97,0.1468,6.82,459.0,80.4
59406,142.9,7.00,20.97,0.1468,6.82,459.0,80.4
59413,142.9,7.00,20.97,0.1468,6.82,459.0,80.4
59420,147.1,6.80,20.97,0.1426,7.02,459.0,80.4
59427,142.9,7.00,20.97,0.1468,6.82,459.0,80.4
59434,142.9,7.00,20.97,0.1468,6.82,459.0,80.4
59441,144.9,6.90,20.97,0.1447,6.91,459.0,80.4
59448,144.9,6.90,20.97,0.1447,6.91,459.0,80.4
59455,142.9,7.00,20.97,0.1468,6.82,459.0,80.4
59462,144.9,6.90,20.97,0.1447,6.91,459.0,80.4
59469,142.9,7.00,20.97,0.1468,6.82,459.0,80.4
59476,142.9,7.00,20.96,0.1468,6.82,459.0,80.4
59483,144.9,6.90,20.96,0.1447,6.91,459.0,80.4
59490,144.9,6.90,20.96,0.1447,6.91,459.0,80.4
59497,142.9,7.00,20.96,0.1467,6.82,459.0,80.3
59504,147.1,6.80,20.96,0.1426,7.02,459.0,80.3
59511,142.9,7.00,20.96,0.1467,6.82,459.0,80.3
59518,142.9,7.00,20.96,0.1467,6.82,459.0,80.3
59524,144.9,6.90,20.96,0.1446,6.91,459.0,80.3
59531,142.9,7.00,20.96,0.1467,6.82,459.0,80.3
59538,144.9,6.90,20.96,0.1446,6.91,459.0,80.3
59545,144.9,6.90,20.96,0.1446,6.91,459.0,80.3
59552,142.9,7.00,20.96,0.1467,6.82,459.0,80.3
59559,144.9,6.90,20.96,0.1446,6.91,459.0,80.3
59566,142.9,7.00,20.96,0.1467,6.82,459.0,80.3
59573,142.9,7.00,20.96,0.1467,6.82,459.0,80.3
59580,144.9,6.90,20.96,0.1446,6.91,459.0,80.3
59587,142.9,7.00,20.96,0.1467,6.82,459.0,80.3
59594,144.9,6.90,20.96,0.1446,6.91,459.0,80.3
59601,144.9,6.90,20.96,0.1446,6.91,459.0,80.2
59608,142.9,7.00,20.96,0.1467,6.82,459.0,80.2
59615,142.9,7.00,20.96,0.1467,6.82,459.0,80.2
59622,147.1,6.80,20.96,0.1425,7.02,459.0,80.2
59629,142.9,7.00,20.96,0.1467,6.82,459.0,80.2
59636,142.9,7.00,20.96,0.1467,6.82,459.0,80.2
59643,144.9,6.90,20.96,0.1446,6.91,459.0,80.2
59650,142.9,7.00,20.96,0.1467,6.82,459.0,80.2
59656,144.9,6.90,20.96,0.1446,6.91,459.0,80.2
59663,144.9,6.90,20.96,0.1446,6.91,459.0,80.2
59670,142.9,7.00,20.96,0.1467,6.82,459.0,80.2
59677,144.9,6.90,20.96,0.1446,6.91,459.0,80.2
59684,142.9,7.00,20.96,0.1467,6.82,459.0,80.2
59691,147.1,6.80,20.96,0.1425,7.02,459.0,80.2
59698,144.9,6.90,20.96,0.1446,6.91,459.0,80.1
59705,142.9,7.00,20.96,0.1467,6.82,459.0,80.1
59712,142.9,7.00,20.96,0.1467,6.82,459.0,80.1
59719,147.1,6.80,20.96,0.1425,7.02,459.0,80.1
59726,142.9,7.00,20.95,0.1467,6.82,459.0,80.1
59733,142.9,7.00,20.95,0.1467,6.82,459.0,80.1
59740,144.9,6.90,20.95,0.1446,6.92,459.0,80.1
59747,142.9,7.00,20.95,0.1467,6.82,459.0,80.1
59754,142.9,7.00,20.95,0.1467,6.82,459.0,80.1
59761,144.9,6.90,20.95,0.1446,6.92,459.0,80.1
59767,144.9,6.90,20.95,0.1446,6.92,459.0,80.1
59774,144.9,6.90,20.95,0.1446,6.92,459.0,80.1
59781,142.9,7.00,20.95,0.1467,6.82,459.0,80.1
59788,144.9,6.90,20.95,0.1446,6.92,459.0,80.1
59795,142.9,7.00,20.95,0.1467,6.82,459.0,80.1
59802,142.9,7.00,20.95,0.1467,6.82,459.0,80.0
59809,144.9,6.90,20.95,0.1446,6.92,459.0,80.0
59816,144.9,6.90,20.95,0.1446,6.92,459.0,80.0
59823,142.9,7.00,20.95,0.1467,6.82,459.0,80.0
59830,142.9,7.00,20.95,0.1467,6.82,459.0,80.0
59837,144.9,6.90,20.95,0.1446,6.92,459.0,80.0
59844,144.9,6.90,20.95,0.1446,6.92,459.0,80.0
59851,142.9,7.00,20.95,0.1467,6.82,459.0,80.0
59858,144.9,6.90,20.95,0.1446,6.92,459.0,80.0
59865,144.9,6.90,20.95,0.1446,6.92,459.0,80.0
59872,142.9,7.00,20.95,0.1467,6.82,459.0,80.0
59879,144.9,6.90,20.95,0.1446,6.92,459.0,80.0
59886,142.9,7.00,20.95,0.1467,6.82,459.0,80.0
59892,144.9,6.90,20.95,0.1446,6.92,459.0,80.0
59899,142.9,7.00,20.95,0.1467,6.82,459.0,80.0
59906,144.9,6.90,20.95,0.1446,6.92,459.0,80.0
59913,142.9,7.00,20.95,0.1467,6.82,459.0,80.0
59920,144.9,6.90,20.95,0.1446,6.92,459.0,80.0
59927,142.9,7.00,20.95,0.1467,6.82,459.0,80.0
59934,144.9,6.90,20.95,0.1446,6.92,459.0,80.0
59941,144.9,6.90,20.95,0.1446,6.92,459.0,80.0
59948,142.9,7.00,20.95,0.1467,6.82,459.0,80.0
59955,144.9,6.90,20.95,0.1446,6.92,459.0,80.0
59962,144.9,6.90,20.95,0.1446,6.92,459.0,80.0
59969,142.9,7.00,20.95,0.1467,6.82,459.0,80.0
59976,142.9,7.00,20.95,0.1467,6.82,459.0,80.0
59983,144.9,6.90,20.95,0.1446,6.92,459.0,80.0
59990,144.9,6.90,20.95,0.1446,6.92,459.0,80.0
59997,142.9,7.00,20.95,0.1467,6.82,459.0,80.0
60004,144.9,6.90,20.95,0.1446,6.92,459.0,80.0
