=== ANALISE DE METRICAS DE GPU (Green IT + VRAM) ===
API de Renderizacao: WEBGL
Cenario: D
Timestamp Unix de Inicio do Ensaio (ms): 1787324061718
Janela do Ensaio: 60.00 s
Amostras de GPU Utilizadas (nvidia-smi, 1 Hz): 4468

--- CONSUMO ACUMULADO DO ENSAIO (integral da curva de potencia) ---
Potencia Media (ponderada pelo tempo, janela de 60s): 32.50 W
Consumo Acumulado do Ensaio: 1950.23 J (0.5417 Wh)

--- METRICAS POR QUADRO (media sobre 8184 frames correlacionados) ---
Potencia Instantanea Media: 32.52 W
Potencia Instantanea Minima: 23.03 W
Potencia Instantanea Maxima: 46.11 W
Assinatura Energetica Media por Quadro (Joules/Frame): 0.2388 J
Coeficiente de Eficiencia Medio (Frames por Watt): 4.38 FPS/W
Total de Quadros Correlacionados: 8184 frames

--- ALOCACAO DE VRAM (MB, via nvidia-smi memory.used) ---
VRAM Media durante o Ensaio: 3817.3 MB
VRAM Minima durante o Ensaio: 3809.2 MB
VRAM Maxima durante o Ensaio: 3838.0 MB

--- TEMPERATURA DA GPU (°C, via nvidia-smi temperature.gpu) ---
Temperatura Media durante o Ensaio: 86.0 °C
Temperatura Minima durante o Ensaio: 81.1 °C
Temperatura Maxima durante o Ensaio: 87.0 °C
Deriva Termica no Ensaio (fim - inicio): +3.9 °C
  (nao e uma metrica da pesquisa — serve para auditar se a GPU estava em
  equilibrio termico. Compare entre ensaios do mesmo lote para checar vies
  sistematico entre condicoes testadas no inicio vs. no fim do lote.)

--- DADOS BRUTOS QUADRO A QUADRO (COM ENERGIA, VRAM E TEMPERATURA) ---
Tempo Decorrido (ms),FPS Instantaneo,Tempo de Frame (ms),Potencia Instantanea (W),Energia do Quadro (J),Frames por Watt,VRAM (MB),Temperatura (C)
808,1.2,807.80,23.03,18.6026,0.05,3809.2,81.1
818,95.2,10.50,23.17,0.2433,4.11,3809.7,81.1
826,135.1,7.40,23.28,0.1723,5.80,3810.1,81.1
835,112.4,8.90,23.41,0.2084,4.80,3810.5,81.1
842,138.9,7.20,23.51,0.1693,5.91,3810.9,81.1
851,112.4,8.90,23.64,0.2104,4.75,3811.3,81.1
861,97.1,10.30,23.78,0.2449,4.08,3811.8,81.2
869,119.0,8.40,23.89,0.2007,4.98,3812.2,81.2
878,113.6,8.80,24.02,0.2114,4.73,3812.6,81.2
889,94.3,10.60,24.18,0.2563,3.90,3813.1,81.2
898,113.6,8.80,24.30,0.2139,4.67,3813.6,81.2
908,101.0,9.90,24.45,0.2420,4.13,3814.0,81.3
919,85.5,11.70,24.60,0.2879,3.48,3814.6,81.3
928,112.4,8.90,24.73,0.2201,4.55,3815.0,81.3
937,111.1,9.00,24.86,0.2237,4.47,3815.4,81.3
946,111.1,9.00,24.99,0.2249,4.45,3815.9,81.3
954,120.5,8.30,25.10,0.2083,4.80,3816.3,81.3
964,109.9,9.10,25.24,0.2297,4.35,3816.7,81.4
973,103.1,9.70,25.37,0.2461,4.06,3817.2,81.4
982,111.1,9.00,25.50,0.2295,4.36,3817.6,81.4
992,107.5,9.30,25.64,0.2384,4.19,3818.1,81.4
1002,98.0,10.20,25.78,0.2630,3.80,3818.6,81.4
1011,105.3,9.50,25.91,0.2461,4.06,3819.0,81.5
1021,105.3,9.50,26.05,0.2475,4.04,3819.5,81.5
1030,111.1,9.00,26.18,0.2356,4.24,3819.9,81.5
1039,108.7,9.20,26.30,0.2420,4.13,3820.3,81.5
1049,105.3,9.50,26.45,0.2512,3.98,3820.8,81.5
1058,109.9,9.10,26.57,0.2418,4.14,3821.2,81.6
1067,109.9,9.10,26.70,0.2430,4.12,3821.7,81.6
1076,104.2,9.60,26.83,0.2576,3.88,3822.1,81.6
1087,95.2,10.50,26.98,0.2833,3.53,3822.6,81.6
1094,144.9,6.90,27.08,0.1869,5.35,3823.0,81.6
1103,112.4,8.90,27.21,0.2422,4.13,3823.4,81.6
1112,111.1,9.00,27.34,0.2461,4.06,3823.8,81.7
1120,113.6,8.80,27.45,0.2416,4.14,3824.2,81.7
1129,122.0,8.20,27.58,0.2262,4.42,3824.7,81.7
1137,114.9,8.70,27.69,0.2409,4.15,3825.0,81.7
1146,113.6,8.80,27.82,0.2448,4.08,3825.5,81.7
1155,111.1,9.00,27.95,0.2515,3.98,3825.9,81.7
1163,131.6,7.60,28.06,0.2133,4.69,3826.3,81.8
1172,113.6,8.80,28.19,0.2481,4.03,3826.7,81.8
1180,111.1,9.00,28.30,0.2547,3.93,3827.1,81.8
1189,123.5,8.10,28.43,0.2303,4.34,3827.5,81.8
1197,117.6,8.50,28.54,0.2426,4.12,3827.9,81.8
1205,129.9,7.70,28.66,0.2207,4.53,3828.3,81.8
1213,125.0,8.00,28.77,0.2302,4.34,3828.7,81.9
1222,113.6,8.80,28.90,0.2543,3.93,3829.1,81.9
1231,112.4,8.90,29.03,0.2583,3.87,3829.6,81.9
1239,123.5,8.10,29.14,0.2360,4.24,3829.9,81.9
1247,114.9,8.70,29.25,0.2545,3.93,3830.3,81.9
1256,122.0,8.20,29.38,0.2409,4.15,3830.8,81.9
1264,125.0,8.00,29.49,0.2360,4.24,3831.1,82.0
1272,114.9,8.70,29.61,0.2576,3.88,3831.5,82.0
1282,108.7,9.20,29.75,0.2737,3.65,3832.0,82.0
1290,122.0,8.20,29.78,0.2442,4.10,3831.9,82.0
1299,111.1,9.00,29.81,0.2683,3.73,3831.9,82.0
1307,117.6,8.50,29.84,0.2537,3.94,3831.8,82.0
1316,119.0,8.40,29.87,0.2509,3.98,3831.8,82.0
1325,112.4,8.90,29.91,0.2662,3.76,3831.7,82.0
1333,112.4,8.90,29.94,0.2664,3.75,3831.6,82.1
1341,128.2,7.80,29.97,0.2337,4.28,3831.6,82.1
1350,114.9,8.70,30.00,0.2610,3.83,3831.5,82.1
1357,138.9,7.20,30.02,0.2162,4.63,3831.5,82.1
1365,122.0,8.20,30.05,0.2464,4.06,3831.4,82.1
1375,104.2,9.60,30.09,0.2889,3.46,3831.3,82.1
1383,129.9,7.70,30.12,0.2319,4.31,3831.3,82.1
1390,129.9,7.70,30.14,0.2321,4.31,3831.2,82.1
1399,117.6,8.50,30.18,0.2565,3.90,3831.2,82.1
1407,117.6,8.50,30.21,0.2568,3.89,3831.1,82.1
1417,108.7,9.20,30.24,0.2782,3.59,3831.1,82.1
1425,119.0,8.40,30.27,0.2543,3.93,3831.0,82.1
1434,114.9,8.70,30.30,0.2637,3.79,3830.9,82.2
1441,131.6,7.60,30.33,0.2305,4.34,3830.9,82.2
1453,86.2,11.60,30.37,0.3523,2.84,3830.8,82.2
1460,133.3,7.50,30.40,0.2280,4.38,3830.8,82.2
1468,133.3,7.50,30.43,0.2282,4.38,3830.7,82.2
1475,135.1,7.40,30.45,0.2254,4.44,3830.6,82.2
1483,131.6,7.60,30.48,0.2317,4.32,3830.6,82.2
1491,123.5,8.10,30.51,0.2472,4.05,3830.5,82.2
1499,119.0,8.40,30.54,0.2566,3.90,3830.5,82.2
1507,125.0,8.00,30.57,0.2446,4.09,3830.4,82.2
1516,117.6,8.50,30.60,0.2601,3.84,3830.4,82.2
1525,112.4,8.90,30.64,0.2727,3.67,3830.3,82.2
1532,135.1,7.40,30.66,0.2269,4.41,3830.3,82.3
1540,126.6,7.90,30.69,0.2425,4.12,3830.2,82.3
1549,116.3,8.60,30.72,0.2642,3.79,3830.1,82.3
1557,126.6,7.90,30.75,0.2430,4.12,3830.1,82.3
1565,116.3,8.60,30.78,0.2647,3.78,3830.0,82.3
1572,142.9,7.00,30.81,0.2157,4.64,3830.0,82.3
1580,126.6,7.90,30.84,0.2436,4.11,3829.9,82.3
1588,120.5,8.30,30.87,0.2562,3.90,3829.9,82.3
1597,114.9,8.70,30.90,0.2688,3.72,3829.8,82.3
1605,122.0,8.20,30.93,0.2536,3.94,3829.7,82.3
1612,140.8,7.10,30.95,0.2198,4.55,3829.7,82.3
1621,122.0,8.20,30.99,0.2541,3.94,3829.6,82.3
1629,123.5,8.10,31.02,0.2512,3.98,3829.6,82.3
1636,133.3,7.50,31.04,0.2328,4.29,3829.5,82.4
1644,133.3,7.50,31.07,0.2330,4.29,3829.5,82.4
1653,114.9,8.70,31.10,0.2706,3.69,3829.4,82.4
1661,116.3,8.60,31.13,0.2677,3.74,3829.3,82.4
1669,123.5,8.10,31.16,0.2524,3.96,3829.3,82.4
1679,105.3,9.50,31.20,0.2964,3.38,3829.2,82.4
1688,111.1,9.00,31.23,0.2811,3.56,3829.2,82.4
1696,120.5,8.30,31.26,0.2595,3.85,3829.1,82.4
1704,122.0,8.20,31.29,0.2566,3.90,3829.0,82.4
1714,107.5,9.30,31.33,0.2913,3.43,3829.0,82.4
1722,116.3,8.60,31.36,0.2697,3.71,3828.9,82.4
1731,119.0,8.40,31.39,0.2637,3.79,3828.9,82.4
1740,109.9,9.10,31.42,0.2859,3.50,3828.8,82.5
1748,114.9,8.70,31.45,0.2736,3.65,3828.7,82.5
1757,113.6,8.80,31.48,0.2771,3.61,3828.7,82.5
1766,113.6,8.80,31.52,0.2773,3.60,3828.6,82.5
1774,128.2,7.80,31.55,0.2461,4.06,3828.6,82.5
1780,151.5,6.60,31.57,0.2083,4.80,3828.5,82.5
1787,149.3,6.70,31.59,0.2117,4.73,3828.5,82.5
1795,137.0,7.30,31.62,0.2308,4.33,3828.4,82.5
1803,113.6,8.80,31.65,0.2785,3.59,3828.4,82.5
1812,117.6,8.50,31.68,0.2693,3.71,3828.3,82.5
1821,113.6,8.80,31.72,0.2791,3.58,3828.2,82.5
1830,109.9,9.10,31.75,0.2889,3.46,3828.2,82.5
1838,120.5,8.30,31.78,0.2638,3.79,3828.1,82.6
1846,126.6,7.90,31.81,0.2513,3.98,3828.1,82.6
1853,133.3,7.50,31.83,0.2388,4.19,3828.0,82.6
1860,158.7,6.30,31.86,0.2007,4.98,3828.0,82.6
1867,140.8,7.10,31.89,0.2264,4.42,3827.9,82.6
1874,140.8,7.10,31.91,0.2266,4.41,3827.9,82.6
1883,113.6,8.80,31.94,0.2811,3.56,3827.8,82.6
1890,131.6,7.60,31.97,0.2430,4.12,3827.7,82.6
1898,125.0,8.00,32.00,0.2560,3.91,3827.7,82.6
1907,119.0,8.40,32.03,0.2691,3.72,3827.6,82.6
1914,137.0,7.30,32.06,0.2340,4.27,3827.6,82.6
1921,138.9,7.20,32.08,0.2310,4.33,3827.5,82.6
1929,129.9,7.70,32.11,0.2473,4.05,3827.5,82.6
1937,123.5,8.10,32.14,0.2603,3.84,3827.4,82.7
1945,119.0,8.40,32.17,0.2702,3.70,3827.4,82.7
1954,111.1,9.00,32.20,0.2898,3.45,3827.3,82.7
1962,133.3,7.50,32.23,0.2417,4.14,3827.2,82.7
1971,113.6,8.80,32.26,0.2839,3.52,3827.2,82.7
1978,137.0,7.30,32.29,0.2357,4.24,3827.1,82.7
1985,153.8,6.50,32.32,0.2101,4.76,3827.1,82.7
1992,131.6,7.60,32.34,0.2458,4.07,3827.0,82.7
2000,137.0,7.30,32.37,0.2363,4.23,3827.0,82.7
2007,138.9,7.20,32.40,0.2333,4.29,3826.9,82.7
2014,147.1,6.80,32.42,0.2205,4.54,3826.9,82.7
2022,114.9,8.70,32.45,0.2823,3.54,3826.8,82.7
2028,181.8,5.50,32.47,0.1786,5.60,3826.8,82.7
2035,142.9,7.00,32.50,0.2275,4.40,3826.7,82.8
2042,135.1,7.40,32.52,0.2407,4.15,3826.7,82.8
2049,149.3,6.70,32.55,0.2181,4.59,3826.6,82.8
2056,135.1,7.40,32.58,0.2411,4.15,3826.6,82.8
2064,133.3,7.50,32.60,0.2445,4.09,3826.5,82.8
2073,112.4,8.90,32.64,0.2905,3.44,3826.5,82.8
2080,135.1,7.40,32.66,0.2417,4.14,3826.4,82.8
2088,126.6,7.90,32.69,0.2583,3.87,3826.4,82.8
2097,107.5,9.30,32.72,0.3043,3.28,3826.3,82.8
2105,137.0,7.30,32.75,0.2391,4.18,3826.2,82.8
2111,151.5,6.60,32.78,0.2163,4.62,3826.2,82.8
2120,114.9,8.70,32.81,0.2854,3.50,3826.1,82.8
2128,120.5,8.30,32.84,0.2726,3.67,3826.1,82.8
2137,117.6,8.50,32.87,0.2794,3.58,3826.0,82.9
2145,125.0,8.00,32.90,0.2632,3.80,3826.0,82.9
2152,140.8,7.10,32.93,0.2338,4.28,3825.9,82.9
2159,135.1,7.40,32.95,0.2438,4.10,3825.9,82.9
2167,126.6,7.90,32.98,0.2605,3.84,3825.8,82.9
2174,142.9,7.00,33.01,0.2310,4.33,3825.8,82.9
2182,131.6,7.60,33.03,0.2511,3.98,3825.7,82.9
2189,140.8,7.10,33.06,0.2347,4.26,3825.7,82.9
2194,178.6,5.60,33.08,0.1852,5.40,3825.6,82.9
2201,140.8,7.10,33.10,0.2350,4.25,3825.6,82.9
2209,125.0,8.00,33.13,0.2651,3.77,3825.5,82.9
2218,120.5,8.30,33.17,0.2753,3.63,3825.4,82.9
2225,140.8,7.10,33.19,0.2357,4.24,3825.4,82.9
2233,119.0,8.40,33.22,0.2791,3.58,3825.3,83.0
2242,117.6,8.50,33.25,0.2827,3.54,3825.3,83.0
2249,137.0,7.30,33.28,0.2429,4.12,3825.2,83.0
2255,161.3,6.20,33.30,0.2065,4.84,3825.2,83.0
2262,153.8,6.50,33.33,0.2166,4.61,3825.1,83.0
2270,129.9,7.70,33.36,0.2568,3.89,3825.1,83.0
2279,103.1,9.70,33.39,0.3239,3.09,3825.0,83.0
2287,135.1,7.40,33.40,0.2472,4.04,3825.0,83.0
2293,156.2,6.40,33.40,0.2138,4.68,3825.0,83.0
2300,147.1,6.80,33.41,0.2272,4.40,3825.0,83.0
2306,153.8,6.50,33.41,0.2172,4.60,3825.0,83.0
2313,161.3,6.20,33.41,0.2072,4.83,3825.0,83.0
2320,142.9,7.00,33.42,0.2339,4.28,3825.0,83.0
2327,135.1,7.40,33.42,0.2473,4.04,3825.0,83.0
2335,133.3,7.50,33.42,0.2507,3.99,3825.0,83.1
2343,111.1,9.00,33.43,0.3008,3.32,3825.0,83.1
2353,107.5,9.30,33.43,0.3109,3.22,3825.0,83.1
2361,126.6,7.90,33.43,0.2641,3.79,3825.0,83.1
2367,156.2,6.40,33.43,0.2140,4.67,3825.0,83.1
2376,116.3,8.60,33.44,0.2876,3.48,3825.0,83.1
2383,138.9,7.20,33.44,0.2408,4.15,3825.0,83.1
2389,163.9,6.10,33.44,0.2040,4.90,3825.0,83.1
2396,147.1,6.80,33.45,0.2274,4.40,3825.0,83.1
2405,106.4,9.40,33.45,0.3144,3.18,3825.0,83.1
2414,114.9,8.70,33.45,0.2911,3.43,3825.0,83.1
2422,123.5,8.10,33.46,0.2710,3.69,3825.0,83.1
2429,142.9,7.00,33.46,0.2342,4.27,3825.0,83.1
2435,161.3,6.20,33.46,0.2075,4.82,3825.0,83.2
2441,166.7,6.00,33.47,0.2008,4.98,3825.0,83.2
2449,122.0,8.20,33.47,0.2744,3.65,3825.0,83.2
2456,144.9,6.90,33.47,0.2310,4.33,3825.0,83.2
2463,156.2,6.40,33.47,0.2142,4.67,3825.0,83.2
2470,142.9,7.00,33.48,0.2343,4.27,3825.0,83.2
2477,144.9,6.90,33.48,0.2310,4.33,3825.0,83.2
2485,125.0,8.00,33.48,0.2679,3.73,3825.0,83.2
2492,129.9,7.70,33.49,0.2578,3.88,3825.0,83.2
2501,111.1,9.00,33.49,0.3014,3.32,3825.0,83.2
2510,116.3,8.60,33.49,0.2880,3.47,3825.0,83.2
2518,123.5,8.10,33.50,0.2713,3.69,3825.0,83.2
2526,131.6,7.60,33.50,0.2546,3.93,3825.0,83.2
2532,169.5,5.90,33.50,0.1977,5.06,3825.0,83.3
2538,151.5,6.60,33.50,0.2211,4.52,3825.0,83.3
2546,125.0,8.00,33.51,0.2681,3.73,3825.0,83.3
2554,122.0,8.20,33.51,0.2748,3.64,3825.0,83.3
2563,122.0,8.20,33.52,0.2748,3.64,3825.0,83.3
2569,144.9,6.90,33.52,0.2313,4.32,3825.0,83.3
2576,144.9,6.90,33.52,0.2313,4.32,3825.0,83.3
2583,144.9,6.90,33.52,0.2313,4.32,3825.0,83.3
2591,133.3,7.50,33.53,0.2515,3.98,3825.0,83.3
2599,123.5,8.10,33.53,0.2716,3.68,3825.0,83.3
2607,120.5,8.30,33.53,0.2783,3.59,3825.0,83.3
2614,147.1,6.80,33.54,0.2280,4.39,3825.0,83.3
2620,156.2,6.40,33.54,0.2146,4.66,3825.0,83.3
2627,147.1,6.80,33.54,0.2281,4.39,3825.0,83.3
2636,113.6,8.80,33.55,0.2952,3.39,3825.0,83.4
2643,138.9,7.20,33.55,0.2415,4.14,3825.0,83.4
2649,163.9,6.10,33.55,0.2047,4.89,3825.0,83.4
2658,116.3,8.60,33.55,0.2886,3.47,3825.0,83.4
2667,112.4,8.90,33.56,0.2987,3.35,3825.0,83.4
2675,114.9,8.70,33.56,0.2920,3.42,3825.0,83.4
2685,107.5,9.30,33.57,0.3122,3.20,3825.0,83.4
2693,126.6,7.90,33.57,0.2652,3.77,3825.0,83.4
2701,117.6,8.50,33.57,0.2854,3.50,3825.0,83.4
2710,113.6,8.80,33.58,0.2955,3.38,3825.0,83.4
2717,147.1,6.80,33.58,0.2283,4.38,3825.0,83.4
2723,151.5,6.60,33.58,0.2216,4.51,3825.0,83.4
2731,140.8,7.10,33.58,0.2384,4.19,3825.0,83.4
2740,102.0,9.80,33.59,0.3292,3.04,3825.0,83.5
2750,109.9,9.10,33.59,0.3057,3.27,3825.0,83.5
2758,116.3,8.60,33.60,0.2889,3.46,3825.0,83.5
2767,114.9,8.70,33.60,0.2923,3.42,3825.0,83.5
2776,112.4,8.90,33.60,0.2991,3.34,3825.0,83.5
2785,106.4,9.40,33.61,0.3159,3.17,3825.0,83.5
2793,123.5,8.10,33.61,0.2722,3.67,3825.0,83.5
2802,119.0,8.40,33.61,0.2824,3.54,3825.0,83.5
2809,137.0,7.30,33.62,0.2454,4.08,3825.0,83.5
2815,158.7,6.30,33.62,0.2118,4.72,3825.0,83.5
2824,119.0,8.40,33.62,0.2824,3.54,3825.0,83.5
2831,135.1,7.40,33.63,0.2488,4.02,3825.0,83.5
2838,153.8,6.50,33.63,0.2186,4.57,3825.0,83.6
2845,137.0,7.30,33.63,0.2455,4.07,3825.0,83.6
2853,123.5,8.10,33.63,0.2724,3.67,3825.0,83.6
2861,129.9,7.70,33.64,0.2590,3.86,3825.0,83.6
2868,135.1,7.40,33.64,0.2489,4.02,3825.0,83.6
2877,113.6,8.80,33.64,0.2961,3.38,3825.0,83.6
2885,125.0,8.00,33.65,0.2692,3.72,3825.0,83.6
2893,120.5,8.30,33.65,0.2793,3.58,3825.0,83.6
2901,123.5,8.10,33.65,0.2726,3.67,3825.0,83.6
2910,109.9,9.10,33.66,0.3063,3.27,3825.0,83.6
2919,116.3,8.60,33.66,0.2895,3.46,3825.0,83.6
2929,100.0,10.00,33.67,0.3367,2.97,3825.0,83.6
2939,102.0,9.80,33.67,0.3300,3.03,3825.0,83.7
2947,116.3,8.60,33.67,0.2896,3.45,3825.0,83.7
2956,114.9,8.70,33.68,0.2930,3.41,3825.0,83.7
2966,101.0,9.90,33.68,0.3334,3.00,3825.0,83.7
2976,96.2,10.40,33.68,0.3503,2.86,3825.0,83.7
2989,76.3,13.10,33.69,0.4413,2.26,3825.0,83.7
2997,131.6,7.60,33.69,0.2561,3.91,3825.0,83.7
3004,149.3,6.70,33.70,0.2258,4.43,3825.0,83.7
3011,133.3,7.50,33.70,0.2527,3.96,3825.0,83.7
3018,153.8,6.50,33.70,0.2191,4.56,3825.0,83.7
3025,131.6,7.60,33.70,0.2562,3.90,3825.0,83.7
3034,119.0,8.40,33.71,0.2831,3.53,3825.0,83.8
3042,119.0,8.40,33.71,0.2832,3.53,3825.0,83.8
3050,126.6,7.90,33.71,0.2663,3.76,3825.0,83.8
3059,116.3,8.60,33.72,0.2900,3.45,3825.0,83.8
3067,117.6,8.50,33.72,0.2866,3.49,3825.0,83.8
3075,126.6,7.90,33.73,0.2664,3.75,3825.0,83.8
3083,129.9,7.70,33.73,0.2597,3.85,3825.0,83.8
3089,153.8,6.50,33.73,0.2193,4.56,3825.0,83.8
3095,161.3,6.20,33.73,0.2091,4.78,3825.0,83.8
3103,131.6,7.60,33.74,0.2564,3.90,3825.0,83.8
3110,147.1,6.80,33.74,0.2294,4.36,3825.0,83.8
3116,161.3,6.20,33.74,0.2092,4.78,3825.0,83.8
3123,151.5,6.60,33.74,0.2227,4.49,3825.0,83.8
3129,156.2,6.40,33.75,0.2160,4.63,3825.0,83.8
3134,204.1,4.90,33.75,0.1654,6.05,3825.0,83.9
3140,169.5,5.90,33.75,0.1991,5.02,3825.0,83.9
3146,169.5,5.90,33.75,0.1992,5.02,3825.0,83.9
3153,144.9,6.90,33.76,0.2329,4.29,3825.0,83.9
3161,119.0,8.40,33.76,0.2836,3.52,3825.0,83.9
3169,125.0,8.00,33.76,0.2701,3.70,3825.0,83.9
3178,114.9,8.70,33.77,0.2938,3.40,3825.0,83.9
3186,117.6,8.50,33.77,0.2871,3.48,3825.0,83.9
3195,119.0,8.40,33.77,0.2837,3.52,3825.0,83.9
3201,153.8,6.50,33.78,0.2195,4.55,3825.0,83.9
3209,133.3,7.50,33.78,0.2534,3.95,3825.0,83.9
3217,123.5,8.10,33.78,0.2736,3.66,3825.0,83.9
3224,142.9,7.00,33.79,0.2365,4.23,3825.0,83.9
3230,163.9,6.10,33.79,0.2061,4.85,3825.0,83.9
3236,161.3,6.20,33.79,0.2095,4.77,3825.0,84.0
3243,147.1,6.80,33.79,0.2298,4.35,3825.0,84.0
3251,128.2,7.80,33.80,0.2636,3.79,3825.0,84.0
3259,123.5,8.10,33.80,0.2738,3.65,3825.0,84.0
3267,116.3,8.60,33.80,0.2907,3.44,3825.0,84.0
3276,117.6,8.50,33.81,0.2874,3.48,3825.0,84.0
3284,126.6,7.90,33.81,0.2671,3.74,3825.0,84.0
3293,112.4,8.90,33.80,0.3008,3.33,3825.0,84.0
3302,113.6,8.80,33.79,0.2973,3.36,3825.0,84.0
3310,117.6,8.50,33.78,0.2871,3.48,3825.0,84.0
3317,142.9,7.00,33.77,0.2364,4.23,3825.0,84.0
3323,161.3,6.20,33.76,0.2093,4.78,3825.0,84.0
3330,142.9,7.00,33.76,0.2363,4.23,3825.0,84.0
3340,108.7,9.20,33.75,0.3105,3.22,3825.0,84.0
3348,119.0,8.40,33.74,0.2834,3.53,3825.0,84.0
3355,140.8,7.10,33.73,0.2395,4.17,3825.0,84.0
3363,123.5,8.10,33.72,0.2731,3.66,3825.0,84.0
3371,128.2,7.80,33.71,0.2630,3.80,3825.0,84.0
3380,112.4,8.90,33.70,0.2999,3.34,3825.0,84.0
3388,122.0,8.20,33.69,0.2763,3.62,3825.0,84.0
3395,142.9,7.00,33.69,0.2358,4.24,3825.0,84.0
3402,140.8,7.10,33.68,0.2391,4.18,3825.0,84.0
3409,147.1,6.80,33.67,0.2290,4.37,3825.0,84.0
3419,103.1,9.70,33.66,0.3265,3.06,3825.0,84.0
3427,117.6,8.50,33.65,0.2860,3.49,3825.0,84.0
3436,116.3,8.60,33.64,0.2893,3.46,3825.0,84.0
3445,112.4,8.90,33.63,0.2993,3.34,3825.0,84.0
3453,123.5,8.10,33.62,0.2723,3.67,3825.0,84.0
3461,122.0,8.20,33.61,0.2756,3.63,3825.0,84.0
3470,112.4,8.90,33.60,0.2991,3.34,3825.0,84.0
3479,112.4,8.90,33.59,0.2990,3.35,3825.0,84.0
3488,106.4,9.40,33.58,0.3157,3.17,3825.0,84.0
3498,99.0,10.10,33.57,0.3391,2.95,3825.0,84.0
3507,116.3,8.60,33.56,0.2886,3.47,3825.0,84.0
3516,112.4,8.90,33.55,0.2986,3.35,3825.0,84.0
3524,122.0,8.20,33.54,0.2751,3.64,3825.0,84.0
3532,131.6,7.60,33.54,0.2549,3.92,3825.0,84.0
3539,133.3,7.50,33.53,0.2515,3.98,3825.0,84.0
3547,122.0,8.20,33.52,0.2749,3.64,3825.0,84.0
3555,125.0,8.00,33.51,0.2681,3.73,3825.0,84.0
3563,128.2,7.80,33.50,0.2613,3.83,3825.0,84.0
3571,125.0,8.00,33.49,0.2679,3.73,3825.0,84.0
3579,126.6,7.90,33.48,0.2645,3.78,3825.0,84.0
3587,131.6,7.60,33.47,0.2544,3.93,3825.0,84.0
3595,117.6,8.50,33.47,0.2845,3.51,3825.0,84.0
3603,133.3,7.50,33.46,0.2509,3.98,3825.0,84.0
3609,161.3,6.20,33.45,0.2074,4.82,3825.0,84.0
3616,138.9,7.20,33.44,0.2408,4.15,3825.0,84.0
3623,135.1,7.40,33.43,0.2474,4.04,3825.0,84.0
3630,142.9,7.00,33.43,0.2340,4.27,3825.0,84.0
3638,135.1,7.40,33.42,0.2473,4.04,3825.0,84.0
3645,147.1,6.80,33.41,0.2272,4.40,3825.0,84.0
3652,140.8,7.10,33.40,0.2372,4.22,3825.0,84.0
3659,142.9,7.00,33.40,0.2338,4.28,3825.0,84.0
3666,133.3,7.50,33.39,0.2504,3.99,3825.0,84.0
3673,138.9,7.20,33.38,0.2403,4.16,3825.0,84.0
3681,123.5,8.10,33.37,0.2703,3.70,3825.0,84.0
3690,123.5,8.10,33.36,0.2702,3.70,3825.0,84.0
3697,129.9,7.70,33.35,0.2568,3.89,3825.0,84.0
3705,137.0,7.30,33.34,0.2434,4.11,3825.0,84.0
3713,122.0,8.20,33.34,0.2734,3.66,3825.0,84.0
3720,138.9,7.20,33.33,0.2400,4.17,3825.0,84.0
3727,133.3,7.50,33.32,0.2499,4.00,3825.0,84.0
3735,133.3,7.50,33.31,0.2498,4.00,3825.0,84.0
3743,126.6,7.90,33.30,0.2631,3.80,3825.0,84.0
3750,140.8,7.10,33.30,0.2364,4.23,3825.0,84.0
3757,144.9,6.90,33.29,0.2297,4.35,3825.0,84.0
3765,129.9,7.70,33.28,0.2562,3.90,3825.0,84.0
3771,144.9,6.90,33.27,0.2296,4.36,3825.0,84.0
3780,120.5,8.30,33.26,0.2761,3.62,3825.0,84.0
3788,117.6,8.50,33.25,0.2827,3.54,3825.0,84.0
3795,140.8,7.10,33.25,0.2360,4.24,3825.0,84.0
3803,137.0,7.30,33.24,0.2426,4.12,3825.0,84.0
3810,128.2,7.80,33.23,0.2592,3.86,3825.0,84.0
3818,131.6,7.60,33.22,0.2525,3.96,3825.0,84.0
3825,147.1,6.80,33.21,0.2258,4.43,3825.0,84.0
3832,138.9,7.20,33.21,0.2391,4.18,3825.0,84.0
3840,135.1,7.40,33.20,0.2457,4.07,3825.0,84.0
3847,142.9,7.00,33.19,0.2323,4.31,3825.0,84.0
3853,153.8,6.50,33.18,0.2157,4.64,3825.0,84.0
3860,137.0,7.30,33.17,0.2422,4.13,3825.0,84.0
3868,126.6,7.90,33.17,0.2620,3.82,3825.0,84.0
3875,140.8,7.10,33.16,0.2354,4.25,3825.0,84.0
3884,117.6,8.50,33.15,0.2818,3.55,3825.0,84.0
3892,122.0,8.20,33.14,0.2717,3.68,3825.0,84.0
3899,149.3,6.70,33.13,0.2220,4.51,3825.0,84.0
3906,135.1,7.40,33.12,0.2451,4.08,3825.0,84.0
3915,117.6,8.50,33.11,0.2815,3.55,3825.0,84.0
3922,128.2,7.80,33.11,0.2582,3.87,3825.0,84.0
3930,126.6,7.90,33.10,0.2615,3.83,3825.0,84.0
3939,117.6,8.50,33.09,0.2812,3.55,3825.0,84.0
3946,135.1,7.40,33.08,0.2448,4.08,3825.0,84.0
3956,102.0,9.80,33.07,0.3241,3.08,3825.0,84.0
3964,128.2,7.80,33.06,0.2579,3.88,3825.0,84.0
3972,128.2,7.80,33.05,0.2578,3.88,3825.0,84.0
3981,112.4,8.90,33.04,0.2941,3.40,3825.0,84.0
3987,153.8,6.50,33.03,0.2147,4.66,3825.0,84.0
3995,125.0,8.00,33.03,0.2642,3.78,3825.0,84.0
4002,135.1,7.40,33.02,0.2443,4.09,3825.0,84.0
4010,126.6,7.90,33.01,0.2608,3.84,3825.0,84.0
4018,128.2,7.80,33.00,0.2574,3.88,3825.0,84.0
4026,120.5,8.30,32.99,0.2738,3.65,3825.0,84.0
4034,125.0,8.00,32.98,0.2639,3.79,3825.0,84.0
4043,120.5,8.30,32.97,0.2737,3.65,3825.0,84.0
4052,109.9,9.10,32.96,0.3000,3.33,3825.0,84.0
4060,125.0,8.00,32.95,0.2636,3.79,3825.0,84.0
4068,131.6,7.60,32.95,0.2504,3.99,3825.0,84.0
4076,119.0,8.40,32.94,0.2767,3.61,3825.0,84.0
4083,149.3,6.70,32.93,0.2206,4.53,3825.0,84.0
4090,133.3,7.50,32.92,0.2469,4.05,3825.0,84.0
4097,153.8,6.50,32.91,0.2139,4.67,3825.0,84.0
4104,129.9,7.70,32.91,0.2534,3.95,3825.0,84.0
4113,114.9,8.70,32.90,0.2862,3.49,3825.0,84.0
4122,107.5,9.30,32.89,0.3058,3.27,3825.0,84.0
4129,140.8,7.10,32.88,0.2334,4.28,3825.0,84.0
4139,108.7,9.20,32.87,0.3024,3.31,3825.0,84.0
4147,113.6,8.80,32.86,0.2892,3.46,3825.0,84.0
4156,117.6,8.50,32.85,0.2792,3.58,3825.0,84.0
4164,117.6,8.50,32.84,0.2791,3.58,3825.0,84.0
4173,116.3,8.60,32.83,0.2823,3.54,3825.0,84.0
4182,112.4,8.90,32.82,0.2921,3.42,3825.0,84.0
4194,80.0,12.50,32.81,0.4101,2.44,3825.0,84.0
4204,106.4,9.40,32.80,0.3083,3.24,3825.0,84.0
4213,112.4,8.90,32.79,0.2918,3.43,3825.0,84.0
4221,116.3,8.60,32.78,0.2819,3.55,3825.0,84.0
4230,116.3,8.60,32.77,0.2818,3.55,3825.0,84.0
4239,116.3,8.60,32.76,0.2817,3.55,3825.0,84.0
4248,109.9,9.10,32.75,0.2980,3.36,3825.0,84.0
4256,113.6,8.80,32.74,0.2881,3.47,3825.0,84.0
4266,100.0,10.00,32.73,0.3273,3.06,3825.0,84.0
4276,104.2,9.60,32.72,0.3141,3.18,3825.0,84.0
4285,106.4,9.40,32.71,0.3075,3.25,3825.0,84.0
4294,119.0,8.40,32.71,0.2748,3.64,3825.2,84.0
4303,106.4,9.40,32.71,0.3075,3.25,3825.3,84.0
4311,138.9,7.20,32.71,0.2355,4.25,3825.4,84.0
4319,120.5,8.30,32.71,0.2715,3.68,3825.5,84.0
4328,111.1,9.00,32.71,0.2944,3.40,3825.6,84.0
4337,106.4,9.40,32.72,0.3075,3.25,3825.7,84.0
4346,117.6,8.50,32.72,0.2781,3.59,3825.8,84.0
4355,109.9,9.10,32.72,0.2977,3.36,3825.9,84.0
4364,111.1,9.00,32.72,0.2945,3.40,3826.1,84.0
4371,147.1,6.80,32.72,0.2225,4.50,3826.2,84.0
4378,144.9,6.90,32.72,0.2258,4.43,3826.2,84.0
4385,126.6,7.90,32.72,0.2585,3.87,3826.3,84.0
4395,108.7,9.20,32.72,0.3010,3.32,3826.5,84.0
4404,104.2,9.60,32.72,0.3141,3.18,3826.6,84.0
4413,108.7,9.20,32.72,0.3011,3.32,3826.7,84.0
4421,125.0,8.00,32.72,0.2618,3.82,3826.8,84.0
4431,103.1,9.70,32.72,0.3174,3.15,3826.9,84.0
4441,106.4,9.40,32.73,0.3076,3.25,3827.1,84.0
4450,108.7,9.20,32.73,0.3011,3.32,3827.2,84.0
4459,113.6,8.80,32.73,0.2880,3.47,3827.3,84.0
4467,116.3,8.60,32.73,0.2815,3.55,3827.4,84.0
4476,111.1,9.00,32.73,0.2946,3.39,3827.5,84.0
4484,123.5,8.10,32.73,0.2651,3.77,3827.6,84.0
4492,125.0,8.00,32.73,0.2618,3.82,3827.7,84.0
4501,120.5,8.30,32.73,0.2717,3.68,3827.8,84.0
4509,122.0,8.20,32.73,0.2684,3.73,3828.0,84.0
4515,161.3,6.20,32.73,0.2029,4.93,3828.0,84.0
4523,126.6,7.90,32.73,0.2586,3.87,3828.1,84.0
4530,133.3,7.50,32.73,0.2455,4.07,3828.2,84.0
4537,149.3,6.70,32.74,0.2193,4.56,3828.3,84.0
4543,158.7,6.30,32.74,0.2062,4.85,3828.4,84.0
4552,117.6,8.50,32.74,0.2783,3.59,3828.5,84.0
4561,116.3,8.60,32.74,0.2815,3.55,3828.6,84.0
4569,113.6,8.80,32.74,0.2881,3.47,3828.7,84.0
4578,116.3,8.60,32.74,0.2816,3.55,3828.8,84.0
4587,114.9,8.70,32.74,0.2848,3.51,3829.0,84.0
4595,122.0,8.20,32.74,0.2685,3.73,3829.1,84.0
4603,120.5,8.30,32.74,0.2718,3.68,3829.2,84.0
4612,116.3,8.60,32.74,0.2816,3.55,3829.3,84.0
4620,126.6,7.90,32.74,0.2587,3.87,3829.4,84.0
4628,126.6,7.90,32.74,0.2587,3.87,3829.5,84.0
4636,122.0,8.20,32.75,0.2685,3.73,3829.6,84.0
4644,126.6,7.90,32.75,0.2587,3.87,3829.7,84.0
4652,125.0,8.00,32.75,0.2620,3.82,3829.8,84.0
4660,122.0,8.20,32.75,0.2685,3.73,3829.9,84.0
4668,119.0,8.40,32.75,0.2751,3.63,3830.0,84.0
4677,122.0,8.20,32.75,0.2685,3.73,3830.1,84.0
4685,120.5,8.30,32.75,0.2718,3.68,3830.2,84.0
4693,116.3,8.60,32.75,0.2817,3.55,3830.3,84.0
4701,126.6,7.90,32.75,0.2587,3.87,3830.4,84.0
4709,126.6,7.90,32.75,0.2587,3.87,3830.6,84.0
4717,126.6,7.90,32.75,0.2588,3.87,3830.7,84.0
4725,125.0,8.00,32.75,0.2620,3.82,3830.8,84.0
4733,122.0,8.20,32.76,0.2686,3.72,3830.9,84.0
4742,119.0,8.40,32.76,0.2752,3.63,3831.0,84.0
4750,123.5,8.10,32.76,0.2653,3.77,3831.1,84.0
4758,120.5,8.30,32.76,0.2719,3.68,3831.2,84.0
4766,120.5,8.30,32.76,0.2719,3.68,3831.3,84.0
4775,119.0,8.40,32.76,0.2752,3.63,3831.4,84.0
4783,116.3,8.60,32.76,0.2817,3.55,3831.5,84.0
4793,108.7,9.20,32.76,0.3014,3.32,3831.6,84.0
4801,126.6,7.90,32.76,0.2588,3.86,3831.7,84.0
4809,120.5,8.30,32.76,0.2719,3.68,3831.9,84.0
4817,120.5,8.30,32.76,0.2719,3.68,3832.0,84.0
4826,109.9,9.10,32.76,0.2982,3.35,3832.1,84.0
4834,129.9,7.70,32.77,0.2523,3.96,3832.2,84.0
4842,119.0,8.40,32.77,0.2752,3.63,3832.3,84.0
4851,114.9,8.70,32.77,0.2851,3.51,3832.4,84.0
4860,111.1,9.00,32.77,0.2949,3.39,3832.5,84.0
4869,116.3,8.60,32.77,0.2818,3.55,3832.6,84.0
4877,116.3,8.60,32.77,0.2818,3.55,3832.7,84.0
4886,113.6,8.80,32.77,0.2884,3.47,3832.9,84.0
4895,109.9,9.10,32.77,0.2982,3.35,3833.0,84.0
4904,116.3,8.60,32.77,0.2818,3.55,3833.1,84.0
4913,112.4,8.90,32.77,0.2917,3.43,3833.2,84.0
4922,108.7,9.20,32.77,0.3015,3.32,3833.3,84.0
4932,98.0,10.20,32.77,0.3343,2.99,3833.4,84.0
4942,100.0,10.00,32.78,0.3278,3.05,3833.6,84.0
4950,122.0,8.20,32.78,0.2688,3.72,3833.7,84.0
4960,105.3,9.50,32.78,0.3114,3.21,3833.8,84.0
4968,113.6,8.80,32.78,0.2885,3.47,3833.9,84.0
4977,111.1,9.00,32.78,0.2950,3.39,3834.0,84.0
4986,112.4,8.90,32.78,0.2917,3.43,3834.2,84.0
4995,111.1,9.00,32.78,0.2950,3.39,3834.3,84.0
5004,122.0,8.20,32.78,0.2688,3.72,3834.4,84.0
5012,122.0,8.20,32.78,0.2688,3.72,3834.5,84.0
5020,117.6,8.50,32.78,0.2787,3.59,3834.6,84.0
5029,120.5,8.30,32.78,0.2721,3.68,3834.7,84.0
5037,114.9,8.70,32.79,0.2852,3.50,3834.8,84.0
5046,117.6,8.50,32.79,0.2787,3.59,3834.9,84.0
5054,120.5,8.30,32.79,0.2721,3.68,3835.0,84.0
5063,116.3,8.60,32.79,0.2820,3.55,3835.2,84.0
5071,117.6,8.50,32.79,0.2787,3.59,3835.3,84.0
5079,120.5,8.30,32.79,0.2722,3.67,3835.4,84.0
5088,114.9,8.70,32.79,0.2853,3.50,3835.5,84.0
5097,113.6,8.80,32.79,0.2886,3.46,3835.6,84.0
5105,123.5,8.10,32.79,0.2656,3.77,3835.7,84.0
5113,122.0,8.20,32.79,0.2689,3.72,3835.8,84.0
5122,116.3,8.60,32.79,0.2820,3.55,3835.9,84.0
5131,116.3,8.60,32.79,0.2820,3.55,3836.0,84.0
5139,116.3,8.60,32.80,0.2820,3.55,3836.1,84.0
5148,109.9,9.10,32.80,0.2984,3.35,3836.3,84.0
5157,117.6,8.50,32.80,0.2788,3.59,3836.4,84.0
5165,113.6,8.80,32.80,0.2886,3.46,3836.5,84.0
5174,122.0,8.20,32.80,0.2690,3.72,3836.6,84.0
5182,116.3,8.60,32.80,0.2821,3.55,3836.7,84.0
5192,100.0,10.00,32.80,0.3280,3.05,3836.8,84.0
5201,120.5,8.30,32.80,0.2723,3.67,3836.9,84.0
5210,105.3,9.50,32.80,0.3116,3.21,3837.1,84.0
5218,120.5,8.30,32.80,0.2723,3.67,3837.2,84.0
5227,119.0,8.40,32.80,0.2756,3.63,3837.3,84.0
5235,114.9,8.70,32.81,0.2854,3.50,3837.4,84.0
5244,117.6,8.50,32.81,0.2789,3.58,3837.5,84.0
5252,117.6,8.50,32.81,0.2789,3.58,3837.6,84.0
5261,119.0,8.40,32.81,0.2756,3.63,3837.7,84.0
5271,101.0,9.90,32.81,0.3248,3.08,3837.9,84.0
5279,123.5,8.10,32.81,0.2658,3.76,3838.0,84.0
5287,117.6,8.50,32.86,0.2793,3.58,3838.0,84.0
5296,113.6,8.80,32.96,0.2901,3.45,3838.0,84.0
5304,120.5,8.30,33.05,0.2743,3.65,3838.0,84.0
5314,109.9,9.10,33.15,0.3017,3.31,3838.0,84.1
5323,103.1,9.70,33.25,0.3225,3.10,3838.0,84.1
5332,114.9,8.70,33.35,0.2901,3.45,3838.0,84.1
5341,113.6,8.80,33.45,0.2943,3.40,3838.0,84.1
5350,103.1,9.70,33.54,0.3254,3.07,3838.0,84.1
5359,114.9,8.70,33.64,0.2927,3.42,3838.0,84.2
5369,103.1,9.70,33.75,0.3273,3.06,3838.0,84.2
5378,113.6,8.80,33.84,0.2978,3.36,3838.0,84.2
5386,114.9,8.70,33.93,0.2952,3.39,3838.0,84.2
5396,107.5,9.30,34.04,0.3166,3.16,3838.0,84.2
5403,128.2,7.80,34.11,0.2661,3.76,3838.0,84.2
5411,125.0,8.00,34.20,0.2736,3.66,3838.0,84.3
5420,119.0,8.40,34.30,0.2881,3.47,3838.0,84.3
5430,95.2,10.50,34.40,0.3612,2.77,3838.0,84.3
5439,109.9,9.10,34.50,0.3140,3.19,3838.0,84.3
5449,106.4,9.40,34.61,0.3253,3.07,3838.0,84.3
5458,108.7,9.20,34.71,0.3193,3.13,3838.0,84.4
5468,102.0,9.80,34.81,0.3412,2.93,3838.0,84.4
5478,99.0,10.10,34.92,0.3527,2.83,3838.0,84.4
5487,116.3,8.60,35.02,0.3012,3.32,3838.0,84.4
5495,113.6,8.80,35.10,0.3089,3.24,3838.0,84.4
5504,111.1,9.00,35.20,0.3168,3.16,3838.0,84.4
5514,105.3,9.50,35.31,0.3354,2.98,3838.0,84.5
5522,122.0,8.20,35.39,0.2902,3.45,3838.0,84.5
5531,114.9,8.70,35.49,0.3088,3.24,3838.0,84.5
5540,112.4,8.90,35.59,0.3167,3.16,3838.0,84.5
5549,108.7,9.20,35.69,0.3283,3.05,3838.0,84.5
5559,98.0,10.20,35.79,0.3651,2.74,3838.0,84.6
5568,117.6,8.50,35.89,0.3051,3.28,3838.0,84.6
5576,112.4,8.90,35.98,0.3202,3.12,3838.0,84.6
5587,92.6,10.80,36.09,0.3898,2.57,3838.0,84.6
5597,102.0,9.80,36.20,0.3548,2.82,3838.0,84.6
5606,106.4,9.40,36.30,0.3412,2.93,3838.0,84.6
5617,93.5,10.70,36.42,0.3897,2.57,3838.0,84.7
5627,101.0,9.90,36.53,0.3616,2.77,3838.0,84.7
5636,108.7,9.20,36.62,0.3369,2.97,3838.0,84.7
5646,104.2,9.60,36.73,0.3526,2.84,3838.0,84.7
5656,96.2,10.40,36.84,0.3831,2.61,3838.0,84.7
5666,98.0,10.20,36.95,0.3768,2.65,3838.0,84.8
5676,106.4,9.40,37.05,0.3483,2.87,3838.0,84.8
5686,101.0,9.90,37.16,0.3679,2.72,3838.0,84.8
5697,87.7,11.40,37.28,0.4250,2.35,3838.0,84.8
5707,100.0,10.00,37.39,0.3739,2.67,3838.0,84.8
5718,96.2,10.40,37.51,0.3901,2.56,3838.0,84.9
5729,87.0,11.50,37.62,0.4327,2.31,3838.0,84.9
5740,95.2,10.50,37.74,0.3963,2.52,3838.0,84.9
5750,95.2,10.50,37.85,0.3974,2.52,3838.0,84.9
5759,109.9,9.10,37.95,0.3453,2.90,3838.0,85.0
5770,92.6,10.80,38.07,0.4111,2.43,3838.0,85.0
5779,105.3,9.50,38.16,0.3625,2.76,3838.0,85.0
5789,108.7,9.20,38.27,0.3521,2.84,3838.0,85.0
5798,102.0,9.80,38.37,0.3760,2.66,3838.0,85.0
5808,100.0,10.00,38.48,0.3848,2.60,3838.0,85.1
5820,89.3,11.20,38.60,0.4324,2.31,3838.0,85.1
5833,74.1,13.50,38.74,0.5230,1.91,3838.0,85.1
5844,93.5,10.70,38.86,0.4158,2.41,3838.0,85.1
5855,86.2,11.60,38.98,0.4522,2.21,3838.0,85.1
5865,100.0,10.00,39.09,0.3909,2.56,3838.0,85.2
5877,85.5,11.70,39.22,0.4589,2.18,3838.0,85.2
5889,81.3,12.30,39.35,0.4840,2.07,3838.0,85.2
5902,81.3,12.30,39.49,0.4857,2.06,3838.0,85.2
5914,84.0,11.90,39.62,0.4714,2.12,3838.0,85.3
5927,74.1,13.50,39.76,0.5367,1.86,3838.0,85.3
5939,87.0,11.50,39.89,0.4587,2.18,3838.0,85.3
5951,78.7,12.70,40.02,0.5082,1.97,3838.0,85.3
5962,95.2,10.50,40.13,0.4214,2.37,3838.0,85.4
5972,94.3,10.60,40.24,0.4266,2.34,3838.0,85.4
5987,70.9,14.10,40.40,0.5697,1.75,3838.0,85.4
6000,74.1,13.50,40.54,0.5473,1.83,3838.0,85.4
6012,81.3,12.30,40.67,0.5003,2.00,3838.0,85.5
6023,93.5,10.70,40.79,0.4365,2.29,3838.0,85.5
6034,95.2,10.50,40.91,0.4295,2.33,3838.0,85.5
6045,91.7,10.90,41.03,0.4472,2.24,3838.0,85.5
6055,91.7,10.90,41.14,0.4484,2.23,3838.0,85.5
6066,97.1,10.30,41.25,0.4249,2.35,3838.0,85.6
6075,105.3,9.50,41.35,0.3928,2.55,3838.0,85.6
6086,91.7,10.90,41.47,0.4520,2.21,3838.0,85.6
6097,91.7,10.90,41.59,0.4533,2.20,3838.0,85.6
6107,102.0,9.80,41.70,0.4086,2.45,3838.0,85.7
6117,102.0,9.80,41.80,0.4097,2.44,3838.0,85.7
6128,90.9,11.00,41.92,0.4611,2.17,3838.0,85.7
6137,107.5,9.30,42.02,0.3908,2.56,3838.0,85.7
6146,112.4,8.90,42.12,0.3748,2.67,3838.0,85.7
6155,113.6,8.80,42.21,0.3715,2.69,3838.0,85.7
6166,85.5,11.70,42.33,0.4953,2.02,3838.0,85.8
6177,98.0,10.20,42.45,0.4330,2.31,3838.0,85.8
6187,92.6,10.80,42.56,0.4596,2.18,3838.0,85.8
6199,87.7,11.40,42.69,0.4866,2.05,3838.0,85.8
6210,89.3,11.20,42.80,0.4794,2.09,3838.0,85.9
6220,101.0,9.90,42.91,0.4248,2.35,3838.0,85.9
6230,103.1,9.70,43.02,0.4173,2.40,3838.0,85.9
6239,104.2,9.60,43.12,0.4139,2.42,3838.0,85.9
6247,122.0,8.20,43.20,0.3543,2.82,3838.0,85.9
6256,120.5,8.30,43.30,0.3594,2.78,3838.0,85.9
6266,95.2,10.50,43.41,0.4558,2.19,3838.0,86.0
6275,119.0,8.40,43.50,0.3654,2.74,3838.0,86.0
6285,99.0,10.10,43.59,0.4402,2.27,3838.0,86.0
6294,113.6,8.80,43.61,0.3838,2.60,3837.8,86.0
6304,93.5,10.70,43.64,0.4669,2.14,3837.7,86.0
6315,95.2,10.50,43.66,0.4585,2.18,3837.6,86.0
6326,87.0,11.50,43.69,0.5025,1.99,3837.4,86.0
6334,123.5,8.10,43.71,0.3541,2.83,3837.3,86.1
6343,114.9,8.70,43.73,0.3805,2.63,3837.2,86.1
6354,92.6,10.80,43.76,0.4726,2.12,3837.1,86.1
6363,104.2,9.60,43.79,0.4203,2.38,3836.9,86.1
6372,112.4,8.90,43.81,0.3899,2.57,3836.8,86.1
6383,95.2,10.50,43.84,0.4603,2.17,3836.7,86.1
6392,114.9,8.70,43.86,0.3816,2.62,3836.6,86.1
6407,66.7,15.00,43.90,0.6585,1.52,3836.4,86.1
6413,144.9,6.90,43.91,0.3030,3.30,3836.3,86.1
6423,100.0,10.00,43.94,0.4394,2.28,3836.2,86.1
6432,113.6,8.80,43.96,0.3869,2.58,3836.1,86.1
6444,82.6,12.10,43.99,0.5323,1.88,3835.9,86.2
6455,90.9,11.00,44.02,0.4842,2.06,3835.8,86.2
6464,116.3,8.60,44.04,0.3788,2.64,3835.6,86.2
6474,100.0,10.00,44.07,0.4407,2.27,3835.5,86.2
6485,93.5,10.70,44.10,0.4718,2.12,3835.4,86.2
6494,112.4,8.90,44.12,0.3927,2.55,3835.2,86.2
6502,120.5,8.30,44.14,0.3664,2.73,3835.1,86.2
6511,109.9,9.10,44.16,0.4019,2.49,3835.0,86.2
6521,105.3,9.50,44.19,0.4198,2.38,3834.9,86.2
6531,98.0,10.20,44.21,0.4510,2.22,3834.8,86.2
6539,123.5,8.10,44.23,0.3583,2.79,3834.7,86.3
6548,105.3,9.50,44.26,0.4204,2.38,3834.5,86.3
6557,111.1,9.00,44.28,0.3985,2.51,3834.4,86.3
6568,90.9,11.00,44.31,0.4874,2.05,3834.3,86.3
6577,112.4,8.90,44.33,0.3945,2.54,3834.2,86.3
6586,114.9,8.70,44.35,0.3859,2.59,3834.0,86.3
6596,104.2,9.60,44.38,0.4260,2.35,3833.9,86.3
6606,101.0,9.90,44.40,0.4396,2.27,3833.8,86.3
6616,93.5,10.70,44.43,0.4754,2.10,3833.7,86.3
6627,94.3,10.60,44.46,0.4712,2.12,3833.5,86.3
6637,104.2,9.60,44.48,0.4270,2.34,3833.4,86.4
6648,87.7,11.40,44.51,0.5074,1.97,3833.2,86.4
6658,105.3,9.50,44.54,0.4231,2.36,3833.1,86.4
6669,89.3,11.20,44.56,0.4991,2.00,3833.0,86.4
6679,98.0,10.20,44.59,0.4548,2.20,3832.8,86.4
6688,107.5,9.30,44.61,0.4149,2.41,3832.7,86.4
6698,105.3,9.50,44.64,0.4240,2.36,3832.6,86.4
6707,111.1,9.00,44.66,0.4019,2.49,3832.5,86.4
6718,92.6,10.80,44.69,0.4826,2.07,3832.3,86.4
6727,101.0,9.90,44.71,0.4426,2.26,3832.2,86.4
6738,95.2,10.50,44.74,0.4698,2.13,3832.1,86.5
6746,119.0,8.40,44.76,0.3760,2.66,3832.0,86.5
6756,108.7,9.20,44.78,0.4120,2.43,3831.8,86.5
6764,113.6,8.80,44.80,0.3943,2.54,3831.7,86.5
6773,122.0,8.20,44.83,0.3676,2.72,3831.6,86.5
6781,114.9,8.70,44.85,0.3902,2.56,3831.5,86.5
6791,100.0,10.00,44.87,0.4487,2.23,3831.4,86.5
6800,120.5,8.30,44.90,0.3726,2.68,3831.3,86.5
6809,111.1,9.00,44.92,0.4043,2.47,3831.1,86.5
6818,103.1,9.70,44.94,0.4359,2.29,3831.0,86.5
6827,120.5,8.30,44.96,0.3732,2.68,3830.9,86.5
6835,119.0,8.40,44.98,0.3779,2.65,3830.8,86.6
6844,111.1,9.00,45.01,0.4051,2.47,3830.7,86.6
6852,126.6,7.90,45.03,0.3557,2.81,3830.6,86.6
6861,107.5,9.30,45.05,0.4190,2.39,3830.5,86.6
6870,107.5,9.30,45.07,0.4192,2.38,3830.4,86.6
6878,131.6,7.60,45.09,0.3427,2.92,3830.3,86.6
6886,128.2,7.80,45.11,0.3519,2.84,3830.1,86.6
6894,119.0,8.40,45.13,0.3791,2.64,3830.0,86.6
6903,111.1,9.00,45.16,0.4064,2.46,3829.9,86.6
6911,125.0,8.00,45.18,0.3614,2.77,3829.8,86.6
6919,129.9,7.70,45.20,0.3480,2.87,3829.7,86.6
6927,119.0,8.40,45.22,0.3798,2.63,3829.6,86.6
6936,109.9,9.10,45.24,0.4117,2.43,3829.5,86.7
6945,123.5,8.10,45.26,0.3666,2.73,3829.4,86.7
6953,112.4,8.90,45.28,0.4030,2.48,3829.3,86.7
6962,111.1,9.00,45.31,0.4078,2.45,3829.2,86.7
6971,123.5,8.10,45.33,0.3672,2.72,3829.0,86.7
6980,105.3,9.50,45.35,0.4309,2.32,3828.9,86.7
6989,109.9,9.10,45.38,0.4129,2.42,3828.8,86.7
6997,123.5,8.10,45.40,0.3677,2.72,3828.7,86.7
7006,114.9,8.70,45.42,0.3951,2.53,3828.6,86.7
7015,106.4,9.40,45.44,0.4272,2.34,3828.5,86.7
7023,128.2,7.80,45.46,0.3546,2.82,3828.4,86.7
7032,111.1,9.00,45.48,0.4094,2.44,3828.3,86.8
7042,105.3,9.50,45.51,0.4323,2.31,3828.1,86.8
7050,119.0,8.40,45.53,0.3825,2.61,3828.0,86.8
7058,129.9,7.70,45.55,0.3507,2.85,3827.9,86.8
7066,117.6,8.50,45.57,0.3874,2.58,3827.8,86.8
7076,106.4,9.40,45.60,0.4286,2.33,3827.7,86.8
7084,116.3,8.60,45.62,0.3923,2.55,3827.6,86.8
7093,120.5,8.30,45.64,0.3788,2.64,3827.5,86.8
7101,114.9,8.70,45.66,0.3972,2.52,3827.4,86.8
7110,111.1,9.00,45.68,0.4111,2.43,3827.2,86.8
7119,119.0,8.40,45.71,0.3839,2.60,3827.1,86.8
7126,137.0,7.30,45.72,0.3338,3.00,3827.0,86.8
7133,149.3,6.70,45.74,0.3065,3.26,3826.9,86.9
7139,149.3,6.70,45.76,0.3066,3.26,3826.9,86.9
7146,153.8,6.50,45.77,0.2975,3.36,3826.8,86.9
7153,147.1,6.80,45.79,0.3114,3.21,3826.7,86.9
7160,128.2,7.80,45.81,0.3573,2.80,3826.6,86.9
7168,129.9,7.70,45.83,0.3529,2.83,3826.5,86.9
7175,137.0,7.30,45.85,0.3347,2.99,3826.4,86.9
7183,138.9,7.20,45.87,0.3303,3.03,3826.3,86.9
7190,140.8,7.10,45.89,0.3258,3.07,3826.2,86.9
7198,114.9,8.70,45.91,0.3994,2.50,3826.1,86.9
7205,147.1,6.80,45.92,0.3123,3.20,3826.0,86.9
7212,142.9,7.00,45.94,0.3216,3.11,3825.9,86.9
7219,153.8,6.50,45.96,0.2987,3.35,3825.8,86.9
7226,142.9,7.00,45.98,0.3218,3.11,3825.7,86.9
7233,144.9,6.90,46.00,0.3174,3.15,3825.6,87.0
7240,135.1,7.40,46.01,0.3405,2.94,3825.5,87.0
7248,133.3,7.50,46.03,0.3453,2.90,3825.4,87.0
7255,137.0,7.30,46.05,0.3362,2.97,3825.4,87.0
7262,138.9,7.20,46.07,0.3317,3.02,3825.3,87.0
7269,138.9,7.20,46.09,0.3318,3.01,3825.2,87.0
7278,117.6,8.50,46.11,0.3919,2.55,3825.1,87.0
7285,142.9,7.00,46.11,0.3228,3.10,3825.0,87.0
7292,135.1,7.40,46.09,0.3410,2.93,3825.1,87.0
7298,158.7,6.30,46.07,0.2902,3.45,3825.2,87.0
7306,135.1,7.40,46.04,0.3407,2.93,3825.3,87.0
7314,123.5,8.10,46.01,0.3727,2.68,3825.4,87.0
7322,117.6,8.50,45.98,0.3909,2.56,3825.5,87.0
7331,116.3,8.60,45.95,0.3952,2.53,3825.6,87.0
7340,113.6,8.80,45.92,0.4041,2.47,3825.8,86.9
7347,142.9,7.00,45.90,0.3213,3.11,3825.8,86.9
7355,117.6,8.50,45.87,0.3899,2.56,3825.9,86.9
7364,117.6,8.50,45.84,0.3896,2.57,3826.1,86.9
7372,120.5,8.30,45.81,0.3802,2.63,3826.2,86.9
7381,116.3,8.60,45.78,0.3937,2.54,3826.3,86.9
7389,120.5,8.30,45.76,0.3798,2.63,3826.4,86.9
7398,109.9,9.10,45.72,0.4161,2.40,3826.5,86.9
7405,137.0,7.30,45.70,0.3336,3.00,3826.6,86.9
7412,149.3,6.70,45.68,0.3060,3.27,3826.7,86.9
7418,172.4,5.80,45.66,0.2648,3.78,3826.8,86.9
7425,133.3,7.50,45.63,0.3422,2.92,3826.9,86.9
7434,114.9,8.70,45.60,0.3967,2.52,3827.0,86.8
7443,106.4,9.40,45.57,0.4284,2.33,3827.1,86.8
7453,111.1,9.00,45.54,0.4098,2.44,3827.2,86.8
7460,129.9,7.70,45.51,0.3505,2.85,3827.3,86.8
7468,128.2,7.80,45.49,0.3548,2.82,3827.4,86.8
7477,114.9,8.70,45.46,0.3955,2.53,3827.5,86.8
7486,111.1,9.00,45.42,0.4088,2.45,3827.7,86.8
7493,135.1,7.40,45.40,0.3360,2.98,3827.7,86.8
7501,125.0,8.00,45.37,0.3630,2.75,3827.8,86.8
7509,123.5,8.10,45.35,0.3673,2.72,3828.0,86.8
7518,120.5,8.30,45.32,0.3761,2.66,3828.1,86.8
7526,120.5,8.30,45.29,0.3759,2.66,3828.2,86.8
7534,123.5,8.10,45.26,0.3666,2.73,3828.3,86.7
7542,122.0,8.20,45.23,0.3709,2.70,3828.4,86.7
7549,140.8,7.10,45.21,0.3210,3.11,3828.5,86.7
7556,138.9,7.20,45.19,0.3253,3.07,3828.6,86.7
7564,133.3,7.50,45.16,0.3387,2.95,3828.7,86.7
7571,142.9,7.00,45.13,0.3159,3.17,3828.8,86.7
7579,125.0,8.00,45.11,0.3609,2.77,3828.9,86.7
7586,135.1,7.40,45.08,0.3336,3.00,3829.0,86.7
7593,161.3,6.20,45.06,0.2794,3.58,3829.0,86.7
7600,131.6,7.60,45.04,0.3423,2.92,3829.1,86.7
7607,149.3,6.70,45.01,0.3016,3.32,3829.2,86.7
7615,126.6,7.90,44.98,0.3554,2.81,3829.3,86.7
7622,129.9,7.70,44.96,0.3462,2.89,3829.4,86.7
7630,128.2,7.80,44.93,0.3505,2.85,3829.5,86.7
7637,140.8,7.10,44.91,0.3189,3.14,3829.6,86.6
7645,133.3,7.50,44.88,0.3366,2.97,3829.7,86.6
7652,144.9,6.90,44.86,0.3095,3.23,3829.8,86.6
7662,97.1,10.30,44.82,0.4617,2.17,3829.9,86.6
7669,138.9,7.20,44.80,0.3226,3.10,3830.0,86.6
7675,161.3,6.20,44.78,0.2776,3.60,3830.1,86.6
7684,122.0,8.20,44.75,0.3669,2.73,3830.2,86.6
7692,123.5,8.10,44.72,0.3622,2.76,3830.3,86.6
7699,133.3,7.50,44.70,0.3352,2.98,3830.4,86.6
7707,131.6,7.60,44.67,0.3395,2.95,3830.5,86.6
7715,126.6,7.90,44.64,0.3527,2.84,3830.6,86.6
7721,151.5,6.60,44.62,0.2945,3.40,3830.7,86.6
7730,119.0,8.40,44.59,0.3746,2.67,3830.8,86.6
7738,114.9,8.70,44.57,0.3877,2.58,3830.9,86.5
7746,140.8,7.10,44.54,0.3162,3.16,3831.0,86.5
7752,166.7,6.00,44.52,0.2671,3.74,3831.1,86.5
7759,133.3,7.50,44.49,0.3337,3.00,3831.2,86.5
7767,119.0,8.40,44.47,0.3735,2.68,3831.3,86.5
7776,119.0,8.40,44.44,0.3733,2.68,3831.4,86.5
7784,123.5,8.10,44.41,0.3597,2.78,3831.5,86.5
7792,128.2,7.80,44.38,0.3462,2.89,3831.6,86.5
7800,125.0,8.00,44.35,0.3548,2.82,3831.7,86.5
7807,133.3,7.50,44.33,0.3325,3.01,3831.8,86.5
7815,135.1,7.40,44.30,0.3278,3.05,3831.9,86.5
7823,126.6,7.90,44.28,0.3498,2.86,3832.0,86.5
7829,147.1,6.80,44.25,0.3009,3.32,3832.1,86.5
7837,125.0,8.00,44.23,0.3538,2.83,3832.2,86.4
7845,125.0,8.00,44.20,0.3536,2.83,3832.3,86.4
7855,107.5,9.30,44.17,0.4107,2.43,3832.4,86.4
7863,114.9,8.70,44.14,0.3840,2.60,3832.6,86.4
7873,106.4,9.40,44.10,0.4146,2.41,3832.7,86.4
7882,113.6,8.80,44.07,0.3879,2.58,3832.8,86.4
7890,112.4,8.90,44.05,0.3920,2.55,3832.9,86.4
7899,119.0,8.40,44.02,0.3697,2.70,3833.0,86.4
7907,119.0,8.40,43.99,0.3695,2.71,3833.1,86.4
7916,114.9,8.70,43.96,0.3824,2.61,3833.2,86.4
7924,120.5,8.30,43.93,0.3646,2.74,3833.3,86.4
7934,105.3,9.50,43.90,0.4170,2.40,3833.5,86.3
7942,120.5,8.30,43.87,0.3641,2.75,3833.6,86.3
7949,140.8,7.10,43.85,0.3113,3.21,3833.7,86.3
7960,93.5,10.70,43.81,0.4687,2.13,3833.8,86.3
7969,112.4,8.90,43.78,0.3896,2.57,3833.9,86.3
7978,113.6,8.80,43.75,0.3850,2.60,3834.0,86.3
7986,113.6,8.80,43.72,0.3847,2.60,3834.2,86.3
7994,129.9,7.70,43.69,0.3364,2.97,3834.3,86.3
8002,128.2,7.80,43.66,0.3406,2.94,3834.4,86.3
8010,129.9,7.70,43.64,0.3360,2.98,3834.5,86.3
8017,129.9,7.70,43.61,0.3358,2.98,3834.6,86.3
8026,109.9,9.10,43.58,0.3966,2.52,3834.7,86.3
8034,137.0,7.30,43.56,0.3180,3.15,3834.8,86.2
8041,137.0,7.30,43.53,0.3178,3.15,3834.9,86.2
8049,126.6,7.90,43.50,0.3437,2.91,3835.0,86.2
8056,138.9,7.20,43.48,0.3131,3.19,3835.1,86.2
8063,151.5,6.60,43.46,0.2868,3.49,3835.2,86.2
8070,137.0,7.30,43.43,0.3171,3.15,3835.2,86.2
8077,135.1,7.40,43.41,0.3212,3.11,3835.3,86.2
8086,119.0,8.40,43.38,0.3644,2.74,3835.5,86.2
8093,131.6,7.60,43.35,0.3295,3.04,3835.5,86.2
8101,133.3,7.50,43.33,0.3250,3.08,3835.6,86.2
8109,116.3,8.60,43.30,0.3724,2.69,3835.8,86.2
8117,133.3,7.50,43.27,0.3245,3.08,3835.9,86.2
8124,137.0,7.30,43.25,0.3157,3.17,3835.9,86.2
8132,125.0,8.00,43.22,0.3458,2.89,3836.0,86.2
8141,114.9,8.70,43.19,0.3758,2.66,3836.2,86.1
8148,142.9,7.00,43.17,0.3022,3.31,3836.3,86.1
8154,161.3,6.20,43.15,0.2675,3.74,3836.3,86.1
8160,166.7,6.00,43.13,0.2588,3.87,3836.4,86.1
8167,153.8,6.50,43.10,0.2802,3.57,3836.5,86.1
8174,137.0,7.30,43.08,0.3145,3.18,3836.6,86.1
8181,151.5,6.60,43.05,0.2842,3.52,3836.7,86.1
8187,144.9,6.90,43.03,0.2969,3.37,3836.8,86.1
8194,144.9,6.90,43.01,0.2968,3.37,3836.9,86.1
8202,133.3,7.50,42.98,0.3224,3.10,3837.0,86.1
8209,147.1,6.80,42.96,0.2921,3.42,3837.1,86.1
8216,131.6,7.60,42.94,0.3263,3.07,3837.1,86.1
8225,114.9,8.70,42.90,0.3733,2.68,3837.3,86.1
8233,129.9,7.70,42.88,0.3302,3.03,3837.4,86.0
8240,129.9,7.70,42.85,0.3300,3.03,3837.5,86.0
8250,107.5,9.30,42.82,0.3982,2.51,3837.6,86.0
8257,131.6,7.60,42.80,0.3252,3.08,3837.7,86.0
8265,122.0,8.20,42.77,0.3507,2.85,3837.8,86.0
8273,125.0,8.00,42.74,0.3419,2.92,3837.9,86.0
8282,125.0,8.00,42.71,0.3417,2.93,3838.0,86.0
8290,123.5,8.10,42.68,0.3457,2.89,3838.0,86.0
8297,128.2,7.80,42.65,0.3327,3.01,3837.9,86.0
8306,122.0,8.20,42.62,0.3495,2.86,3837.9,86.0
8314,122.0,8.20,42.59,0.3492,2.86,3837.8,86.0
8322,125.0,8.00,42.55,0.3404,2.94,3837.8,86.0
8330,123.5,8.10,42.52,0.3444,2.90,3837.7,86.0
8338,123.5,8.10,42.49,0.3442,2.91,3837.7,86.1
8347,109.9,9.10,42.46,0.3864,2.59,3837.6,86.1
8355,129.9,7.70,42.43,0.3267,3.06,3837.6,86.1
8363,126.6,7.90,42.39,0.3349,2.99,3837.5,86.1
8371,122.0,8.20,42.36,0.3474,2.88,3837.5,86.1
8379,119.0,8.40,42.33,0.3556,2.81,3837.4,86.1
8388,122.0,8.20,42.30,0.3468,2.88,3837.4,86.1
8396,120.5,8.30,42.27,0.3508,2.85,3837.3,86.1
8405,113.6,8.80,42.23,0.3716,2.69,3837.3,86.1
8413,119.0,8.40,42.20,0.3545,2.82,3837.2,86.1
8422,113.6,8.80,42.17,0.3711,2.69,3837.2,86.1
8431,114.9,8.70,42.13,0.3665,2.73,3837.1,86.1
8440,111.1,9.00,42.10,0.3789,2.64,3837.1,86.2
8449,104.2,9.60,42.06,0.4038,2.48,3837.0,86.2
8459,101.0,9.90,42.02,0.4160,2.40,3836.9,86.2
8468,109.9,9.10,41.99,0.3821,2.62,3836.9,86.2
8477,113.6,8.80,41.95,0.3692,2.71,3836.8,86.2
8487,98.0,10.20,41.91,0.4275,2.34,3836.8,86.2
8497,105.3,9.50,41.87,0.3978,2.51,3836.7,86.2
8506,107.5,9.30,41.84,0.3891,2.57,3836.7,86.2
8515,111.1,9.00,41.80,0.3762,2.66,3836.6,86.2
8524,113.6,8.80,41.77,0.3676,2.72,3836.5,86.2
8533,113.6,8.80,41.73,0.3673,2.72,3836.5,86.3
8541,113.6,8.80,41.70,0.3670,2.72,3836.4,86.3
8552,92.6,10.80,41.66,0.4499,2.22,3836.4,86.3
8563,96.2,10.40,41.62,0.4328,2.31,3836.3,86.3
8573,97.1,10.30,41.58,0.4283,2.34,3836.3,86.3
8583,102.0,9.80,41.54,0.4071,2.46,3836.2,86.3
8592,106.4,9.40,41.50,0.3901,2.56,3836.1,86.3
8601,111.1,9.00,41.47,0.3732,2.68,3836.1,86.3
8611,99.0,10.10,41.43,0.4184,2.39,3836.0,86.3
8620,108.7,9.20,41.40,0.3808,2.63,3836.0,86.3
8629,109.9,9.10,41.36,0.3764,2.66,3835.9,86.3
8638,117.6,8.50,41.33,0.3513,2.85,3835.9,86.4
8647,111.1,9.00,41.29,0.3716,2.69,3835.8,86.4
8656,109.9,9.10,41.26,0.3754,2.66,3835.8,86.4
8665,109.9,9.10,41.22,0.3751,2.67,3835.7,86.4
8674,116.3,8.60,41.19,0.3542,2.82,3835.6,86.4
8682,116.3,8.60,41.15,0.3539,2.83,3835.6,86.4
8691,113.6,8.80,41.12,0.3618,2.76,3835.5,86.4
8700,116.3,8.60,41.08,0.3533,2.83,3835.5,86.4
8709,112.4,8.90,41.05,0.3653,2.74,3835.4,86.4
8718,111.1,9.00,41.01,0.3691,2.71,3835.4,86.4
8728,101.0,9.90,40.98,0.4057,2.46,3835.3,86.4
8737,108.7,9.20,40.94,0.3766,2.66,3835.3,86.5
8746,109.9,9.10,40.91,0.3722,2.69,3835.2,86.5
8756,102.0,9.80,40.87,0.4005,2.50,3835.2,86.5
8765,105.3,9.50,40.83,0.3879,2.58,3835.1,86.5
8774,111.1,9.00,40.80,0.3672,2.72,3835.0,86.5
8783,109.9,9.10,40.76,0.3709,2.70,3835.0,86.5
8792,111.1,9.00,40.73,0.3665,2.73,3834.9,86.5
8801,112.4,8.90,40.69,0.3622,2.76,3834.9,86.5
8809,120.5,8.30,40.66,0.3375,2.96,3834.8,86.5
8818,117.6,8.50,40.62,0.3453,2.89,3834.8,86.5
8827,114.9,8.70,40.59,0.3531,2.83,3834.7,86.5
8835,119.0,8.40,40.56,0.3407,2.93,3834.7,86.6
8844,116.3,8.60,40.52,0.3485,2.87,3834.6,86.6
8853,112.4,8.90,40.49,0.3604,2.78,3834.6,86.6
8861,113.6,8.80,40.46,0.3560,2.81,3834.5,86.6
8870,117.6,8.50,40.42,0.3436,2.91,3834.5,86.6
8878,116.3,8.60,40.39,0.3474,2.88,3834.4,86.6
8887,114.9,8.70,40.36,0.3511,2.85,3834.4,86.6
8896,114.9,8.70,40.32,0.3508,2.85,3834.3,86.6
8904,116.3,8.60,40.29,0.3465,2.89,3834.3,86.6
8913,119.0,8.40,40.26,0.3381,2.96,3834.2,86.6
8921,117.6,8.50,40.22,0.3419,2.92,3834.2,86.6
8930,117.6,8.50,40.19,0.3416,2.93,3834.1,86.6
8939,105.3,9.50,40.15,0.3815,2.62,3834.1,86.7
8949,107.5,9.30,40.12,0.3731,2.68,3834.0,86.7
8959,101.0,9.90,40.08,0.3968,2.52,3833.9,86.7
8968,111.1,9.00,40.04,0.3604,2.77,3833.9,86.7
8977,107.5,9.30,40.01,0.3721,2.69,3833.8,86.7
8986,107.5,9.30,39.97,0.3717,2.69,3833.8,86.7
8995,117.6,8.50,39.94,0.3395,2.94,3833.7,86.7
9003,125.0,8.00,39.91,0.3192,3.13,3833.7,86.7
9011,120.5,8.30,39.87,0.3310,3.02,3833.6,86.7
9020,114.9,8.70,39.84,0.3466,2.88,3833.6,86.7
9028,117.6,8.50,39.81,0.3384,2.95,3833.5,86.7
9037,111.1,9.00,39.77,0.3580,2.79,3833.5,86.8
9045,123.5,8.10,39.74,0.3219,3.11,3833.4,86.8
9053,129.9,7.70,39.71,0.3058,3.27,3833.4,86.8
9063,103.1,9.70,39.67,0.3848,2.60,3833.3,86.8
9072,104.2,9.60,39.64,0.3805,2.63,3833.3,86.8
9082,100.0,10.00,39.60,0.3960,2.53,3833.2,86.8
9091,114.9,8.70,39.56,0.3442,2.90,3833.1,86.8
9100,112.4,8.90,39.53,0.3518,2.84,3833.1,86.8
9108,125.0,8.00,39.50,0.3160,3.16,3833.0,86.8
9116,128.2,7.80,39.47,0.3078,3.25,3833.0,86.8
9125,111.1,9.00,39.43,0.3549,2.82,3832.9,86.8
9133,122.0,8.20,39.40,0.3231,3.10,3832.9,86.9
9141,119.0,8.40,39.37,0.3307,3.02,3832.8,86.9
9149,125.0,8.00,39.34,0.3147,3.18,3832.8,86.9
9156,140.8,7.10,39.31,0.2791,3.58,3832.8,86.9
9163,153.8,6.50,39.28,0.2553,3.92,3832.7,86.9
9171,123.5,8.10,39.25,0.3179,3.15,3832.7,86.9
9179,129.9,7.70,39.22,0.3020,3.31,3832.6,86.9
9187,119.0,8.40,39.19,0.3292,3.04,3832.6,86.9
9195,133.3,7.50,39.16,0.2937,3.40,3832.5,86.9
9202,142.9,7.00,39.13,0.2739,3.65,3832.5,86.9
9209,135.1,7.40,39.10,0.2894,3.45,3832.4,86.9
9217,120.5,8.30,39.07,0.3243,3.08,3832.4,86.9
9227,107.5,9.30,39.03,0.3630,2.75,3832.3,86.9
9234,129.9,7.70,39.01,0.3004,3.33,3832.3,87.0
9241,147.1,6.80,38.98,0.2651,3.77,3832.2,87.0
9248,137.0,7.30,38.95,0.2844,3.52,3832.2,87.0
9256,137.0,7.30,38.92,0.2841,3.52,3832.2,87.0
9265,106.4,9.40,38.89,0.3655,2.74,3832.1,87.0
9273,122.0,8.20,38.86,0.3186,3.14,3832.1,87.0
9281,126.6,7.90,38.82,0.3067,3.26,3832.0,87.0
9289,128.2,7.80,38.82,0.3028,3.30,3832.0,87.0
9296,137.0,7.30,38.83,0.2834,3.53,3831.9,87.0
9303,140.8,7.10,38.83,0.2757,3.63,3831.9,87.0
9311,128.2,7.80,38.84,0.3029,3.30,3831.8,87.0
9319,125.0,8.00,38.84,0.3107,3.22,3831.7,87.0
9328,107.5,9.30,38.85,0.3613,2.77,3831.7,87.0
9337,122.0,8.20,38.85,0.3186,3.14,3831.6,86.9
9344,144.9,6.90,38.85,0.2681,3.73,3831.6,86.9
9351,140.8,7.10,38.86,0.2759,3.62,3831.5,86.9
9358,142.9,7.00,38.86,0.2720,3.68,3831.5,86.9
9364,149.3,6.70,38.87,0.2604,3.84,3831.4,86.9
9373,112.4,8.90,38.87,0.3460,2.89,3831.4,86.9
9382,112.4,8.90,38.88,0.3460,2.89,3831.3,86.9
9390,128.2,7.80,38.88,0.3033,3.30,3831.2,86.9
9399,116.3,8.60,38.89,0.3344,2.99,3831.2,86.9
9407,114.9,8.70,38.89,0.3383,2.95,3831.1,86.9
9417,107.5,9.30,38.90,0.3617,2.76,3831.1,86.9
9424,138.9,7.20,38.90,0.2801,3.57,3831.0,86.9
9430,153.8,6.50,38.90,0.2529,3.95,3831.0,86.9
9439,120.5,8.30,38.91,0.3229,3.10,3830.9,86.8
9449,101.0,9.90,38.91,0.3852,2.60,3830.8,86.8
9457,113.6,8.80,38.92,0.3425,2.92,3830.8,86.8
9466,111.1,9.00,38.92,0.3503,2.85,3830.7,86.8
9474,131.6,7.60,38.93,0.2958,3.38,3830.7,86.8
9482,123.5,8.10,38.93,0.3153,3.17,3830.6,86.8
9490,133.3,7.50,38.94,0.2920,3.42,3830.5,86.8
9499,108.7,9.20,38.94,0.3583,2.79,3830.5,86.8
9507,120.5,8.30,38.95,0.3233,3.09,3830.4,86.8
9514,147.1,6.80,38.95,0.2649,3.78,3830.4,86.8
9522,122.0,8.20,38.95,0.3194,3.13,3830.3,86.8
9530,123.5,8.10,38.96,0.3156,3.17,3830.3,86.8
9537,142.9,7.00,38.96,0.2727,3.67,3830.2,86.7
9544,142.9,7.00,38.97,0.2728,3.67,3830.2,86.7
9551,151.5,6.60,38.97,0.2572,3.89,3830.1,86.7
9558,147.1,6.80,38.97,0.2650,3.77,3830.1,86.7
9564,156.2,6.40,38.98,0.2495,4.01,3830.0,86.7
9571,142.9,7.00,38.98,0.2729,3.67,3830.0,86.7
9578,137.0,7.30,38.99,0.2846,3.51,3829.9,86.7
9586,131.6,7.60,38.99,0.2963,3.38,3829.9,86.7
9594,125.0,8.00,38.99,0.3120,3.21,3829.8,86.7
9602,123.5,8.10,39.00,0.3159,3.17,3829.8,86.7
9611,111.1,9.00,39.00,0.3510,2.85,3829.7,86.7
9618,138.9,7.20,39.01,0.2809,3.56,3829.6,86.7
9626,120.5,8.30,39.01,0.3238,3.09,3829.6,86.7
9634,135.1,7.40,39.02,0.2887,3.46,3829.5,86.6
9642,128.2,7.80,39.02,0.3044,3.29,3829.5,86.6
9649,126.6,7.90,39.03,0.3083,3.24,3829.4,86.6
9658,123.5,8.10,39.03,0.3161,3.16,3829.4,86.6
9666,113.6,8.80,39.04,0.3435,2.91,3829.3,86.6
9674,133.3,7.50,39.04,0.2928,3.41,3829.3,86.6
9682,120.5,8.30,39.04,0.3241,3.09,3829.2,86.6
9690,125.0,8.00,39.05,0.3124,3.20,3829.1,86.6
9698,128.2,7.80,39.05,0.3046,3.28,3829.1,86.6
9706,123.5,8.10,39.06,0.3164,3.16,3829.0,86.6
9715,111.1,9.00,39.06,0.3516,2.84,3829.0,86.6
9722,135.1,7.40,39.07,0.2891,3.46,3828.9,86.6
9731,123.5,8.10,39.07,0.3165,3.16,3828.9,86.6
9738,129.9,7.70,39.08,0.3009,3.32,3828.8,86.5
9746,128.2,7.80,39.08,0.3048,3.28,3828.8,86.5
9754,128.2,7.80,39.08,0.3049,3.28,3828.7,86.5
9762,119.0,8.40,39.09,0.3283,3.04,3828.6,86.5
9772,105.3,9.50,39.09,0.3714,2.69,3828.6,86.5
9783,89.3,11.20,39.10,0.4379,2.28,3828.5,86.5
9791,126.6,7.90,39.11,0.3089,3.24,3828.4,86.5
9799,122.0,8.20,39.11,0.3207,3.12,3828.4,86.5
9807,129.9,7.70,39.11,0.3012,3.32,3828.3,86.5
9815,123.5,8.10,39.12,0.3169,3.16,3828.3,86.5
9823,128.2,7.80,39.12,0.3052,3.28,3828.2,86.5
9830,138.9,7.20,39.13,0.2817,3.55,3828.2,86.5
9839,112.4,8.90,39.13,0.3483,2.87,3828.1,86.4
9846,133.3,7.50,39.14,0.2935,3.41,3828.1,86.4
9855,119.0,8.40,39.14,0.3288,3.04,3828.0,86.4
9862,131.6,7.60,39.14,0.2975,3.36,3827.9,86.4
9870,128.2,7.80,39.15,0.3054,3.27,3827.9,86.4
9878,125.0,8.00,39.15,0.3132,3.19,3827.8,86.4
9886,133.3,7.50,39.16,0.2937,3.40,3827.8,86.4
9893,131.6,7.60,39.16,0.2976,3.36,3827.7,86.4
9901,137.0,7.30,39.17,0.2859,3.50,3827.7,86.4
9908,133.3,7.50,39.17,0.2938,3.40,3827.6,86.4
9916,133.3,7.50,39.18,0.2938,3.40,3827.6,86.4
9923,126.6,7.90,39.18,0.3095,3.23,3827.5,86.4
9931,138.9,7.20,39.18,0.2821,3.54,3827.5,86.4
9939,117.6,8.50,39.19,0.3331,3.00,3827.4,86.3
9946,144.9,6.90,39.19,0.2704,3.70,3827.4,86.3
9954,131.6,7.60,39.20,0.2979,3.36,3827.3,86.3
9961,135.1,7.40,39.20,0.2901,3.45,3827.2,86.3
9969,126.6,7.90,39.20,0.3097,3.23,3827.2,86.3
9976,135.1,7.40,39.21,0.2901,3.45,3827.1,86.3
9985,109.9,9.10,39.21,0.3568,2.80,3827.1,86.3
9994,119.0,8.40,39.22,0.3294,3.03,3827.0,86.3
10001,131.6,7.60,39.22,0.2981,3.36,3827.0,86.3
10009,138.9,7.20,39.23,0.2824,3.54,3826.9,86.3
10015,147.1,6.80,39.23,0.2668,3.75,3826.9,86.3
10023,131.6,7.60,39.23,0.2982,3.35,3826.8,86.3
10031,126.6,7.90,39.24,0.3100,3.23,3826.8,86.3
10038,138.9,7.20,39.24,0.2826,3.54,3826.7,86.2
10045,142.9,7.00,39.25,0.2747,3.64,3826.7,86.2
10052,140.8,7.10,39.25,0.2787,3.59,3826.6,86.2
10060,126.6,7.90,39.26,0.3101,3.23,3826.6,86.2
10069,109.9,9.10,39.26,0.3573,2.80,3826.5,86.2
10078,111.1,9.00,39.27,0.3534,2.83,3826.4,86.2
10087,108.7,9.20,39.27,0.3613,2.77,3826.4,86.2
10096,113.6,8.80,39.28,0.3456,2.89,3826.3,86.2
10106,98.0,10.20,39.28,0.4007,2.49,3826.2,86.2
10115,112.4,8.90,39.29,0.3496,2.86,3826.2,86.2
10125,106.4,9.40,39.29,0.3693,2.71,3826.1,86.2
10133,114.9,8.70,39.30,0.3419,2.92,3826.0,86.1
10141,138.9,7.20,39.30,0.2830,3.53,3826.0,86.1
10148,131.6,7.60,39.30,0.2987,3.35,3825.9,86.1
10155,140.8,7.10,39.31,0.2791,3.58,3825.9,86.1
10162,158.7,6.30,39.31,0.2477,4.04,3825.8,86.1
10168,161.3,6.20,39.32,0.2438,4.10,3825.8,86.1
10174,166.7,6.00,39.32,0.2359,4.24,3825.8,86.1
10180,153.8,6.50,39.32,0.2556,3.91,3825.7,86.1
10188,135.1,7.40,39.33,0.2910,3.44,3825.7,86.1
10196,128.2,7.80,39.33,0.3068,3.26,3825.6,86.1
10204,126.6,7.90,39.34,0.3108,3.22,3825.5,86.1
10211,137.0,7.30,39.34,0.2872,3.48,3825.5,86.1
10218,149.3,6.70,39.34,0.2636,3.79,3825.4,86.1
10223,178.6,5.60,39.35,0.2203,4.54,3825.4,86.1
10229,163.9,6.10,39.35,0.2400,4.17,3825.4,86.1
10237,138.9,7.20,39.35,0.2834,3.53,3825.3,86.0
10244,142.9,7.00,39.36,0.2755,3.63,3825.3,86.0
10250,156.2,6.40,39.36,0.2519,3.97,3825.2,86.0
10257,142.9,7.00,39.37,0.2756,3.63,3825.2,86.0
10264,144.9,6.90,39.37,0.2717,3.68,3825.1,86.0
10272,126.6,7.90,39.37,0.3111,3.22,3825.1,86.0
10280,126.6,7.90,39.38,0.3111,3.21,3825.0,86.0
10288,116.3,8.60,39.36,0.3385,2.95,3825.0,86.0
10296,126.6,7.90,39.34,0.3108,3.22,3825.0,86.0
10302,158.7,6.30,39.32,0.2477,4.04,3825.0,86.0
10308,166.7,6.00,39.30,0.2358,4.24,3825.0,86.0
10315,158.7,6.30,39.28,0.2475,4.04,3825.0,86.0
10321,158.7,6.30,39.26,0.2474,4.04,3825.0,86.0
10327,161.3,6.20,39.25,0.2433,4.11,3825.0,86.0
10334,158.7,6.30,39.23,0.2471,4.05,3825.0,86.0
10341,142.9,7.00,39.21,0.2744,3.64,3825.0,86.0
10349,116.3,8.60,39.18,0.3370,2.97,3825.0,86.0
10358,108.7,9.20,39.16,0.3602,2.78,3825.0,86.0
10365,144.9,6.90,39.14,0.2700,3.70,3825.0,86.0
10371,178.6,5.60,39.12,0.2191,4.57,3825.0,86.0
10378,149.3,6.70,39.10,0.2619,3.82,3825.0,86.0
10384,151.5,6.60,39.08,0.2579,3.88,3825.0,86.0
10391,153.8,6.50,39.06,0.2539,3.94,3825.0,86.0
10398,142.9,7.00,39.04,0.2733,3.66,3825.0,86.0
10407,112.4,8.90,39.01,0.3472,2.88,3825.0,86.0
10415,119.0,8.40,38.99,0.3275,3.05,3825.0,86.0
10422,137.0,7.30,38.97,0.2845,3.52,3825.0,86.0
10430,126.6,7.90,38.94,0.3077,3.25,3825.0,86.0
10439,120.5,8.30,38.92,0.3230,3.10,3825.0,86.0
10447,116.3,8.60,38.89,0.3345,2.99,3825.0,86.0
10456,117.6,8.50,38.87,0.3304,3.03,3825.0,86.0
10464,117.6,8.50,38.84,0.3302,3.03,3825.0,86.0
10472,135.1,7.40,38.82,0.2873,3.48,3825.0,86.0
10478,144.9,6.90,38.80,0.2677,3.73,3825.0,86.0
10486,128.2,7.80,38.78,0.3025,3.31,3825.0,86.0
10493,153.8,6.50,38.76,0.2519,3.97,3825.0,86.0
10501,119.0,8.40,38.73,0.3254,3.07,3825.0,86.0
10508,140.8,7.10,38.71,0.2749,3.64,3825.0,86.0
10516,138.9,7.20,38.69,0.2786,3.59,3825.0,86.0
10523,135.1,7.40,38.67,0.2862,3.49,3825.0,86.0
10529,161.3,6.20,38.65,0.2396,4.17,3825.0,86.0
10536,147.1,6.80,38.63,0.2627,3.81,3825.0,86.0
10543,133.3,7.50,38.61,0.2896,3.45,3825.0,86.0
10550,142.9,7.00,38.59,0.2701,3.70,3825.0,86.0
10558,129.9,7.70,38.57,0.2970,3.37,3825.0,86.0
10566,133.3,7.50,38.54,0.2891,3.46,3825.0,86.0
10573,138.9,7.20,38.52,0.2774,3.61,3825.0,86.0
10580,131.6,7.60,38.50,0.2926,3.42,3825.0,86.0
10588,125.0,8.00,38.48,0.3078,3.25,3825.0,86.0
10596,137.0,7.30,38.45,0.2807,3.56,3825.0,86.0
10603,140.8,7.10,38.43,0.2729,3.66,3825.0,86.0
10611,129.9,7.70,38.41,0.2958,3.38,3825.0,86.0
10618,140.8,7.10,38.39,0.2726,3.67,3825.0,86.0
10625,135.1,7.40,38.37,0.2839,3.52,3825.0,86.0
10631,156.2,6.40,38.35,0.2454,4.07,3825.0,86.0
10639,133.3,7.50,38.33,0.2875,3.48,3825.0,86.0
10646,151.5,6.60,38.31,0.2528,3.95,3825.0,86.0
10653,140.8,7.10,38.29,0.2718,3.68,3825.0,86.0
10660,142.9,7.00,38.26,0.2679,3.73,3825.0,86.0
10667,144.9,6.90,38.24,0.2639,3.79,3825.0,86.0
10673,144.9,6.90,38.23,0.2638,3.79,3825.0,86.0
10682,123.5,8.10,38.20,0.3094,3.23,3825.0,86.0
10689,135.1,7.40,38.18,0.2825,3.54,3825.0,86.0
10696,137.0,7.30,38.16,0.2786,3.59,3825.0,86.0
10703,138.9,7.20,38.14,0.2746,3.64,3825.0,86.0
10711,137.0,7.30,38.11,0.2782,3.59,3825.0,86.0
10718,131.6,7.60,38.09,0.2895,3.45,3825.0,86.0
10726,133.3,7.50,38.07,0.2855,3.50,3825.0,86.0
10734,129.9,7.70,38.05,0.2930,3.41,3825.0,86.0
10741,133.3,7.50,38.03,0.2852,3.51,3825.0,86.0
10748,147.1,6.80,38.01,0.2584,3.87,3825.0,86.0
10755,137.0,7.30,37.98,0.2773,3.61,3825.0,86.0
10762,138.9,7.20,37.96,0.2733,3.66,3825.0,86.0
10770,135.1,7.40,37.94,0.2808,3.56,3825.0,86.0
10777,133.3,7.50,37.92,0.2844,3.52,3825.0,86.0
10784,142.9,7.00,37.90,0.2653,3.77,3825.0,86.0
10791,156.2,6.40,37.88,0.2424,4.12,3825.0,86.0
10798,131.6,7.60,37.86,0.2877,3.48,3825.0,86.0
10805,149.3,6.70,37.84,0.2535,3.95,3825.0,86.0
10812,144.9,6.90,37.82,0.2609,3.83,3825.0,86.0
10819,144.9,6.90,37.80,0.2608,3.83,3825.0,86.0
10825,147.1,6.80,37.78,0.2569,3.89,3825.0,86.0
10832,153.8,6.50,37.76,0.2454,4.07,3825.0,86.0
10839,142.9,7.00,37.74,0.2642,3.79,3825.0,86.0
10847,123.5,8.10,37.71,0.3055,3.27,3825.0,86.0
10854,147.1,6.80,37.69,0.2563,3.90,3825.0,86.0
10862,117.6,8.50,37.67,0.3202,3.12,3825.0,86.0
10870,135.1,7.40,37.65,0.2786,3.59,3825.0,86.0
10878,120.5,8.30,37.62,0.3123,3.20,3825.0,86.0
10886,125.0,8.00,37.60,0.3008,3.32,3825.0,86.0
10893,137.0,7.30,37.58,0.2743,3.65,3825.0,86.0
10901,138.9,7.20,37.55,0.2704,3.70,3825.0,86.0
10907,151.5,6.60,37.54,0.2477,4.04,3825.0,86.0
10914,149.3,6.70,37.52,0.2514,3.98,3825.0,86.0
10921,138.9,7.20,37.49,0.2700,3.70,3825.0,86.0
10928,147.1,6.80,37.47,0.2548,3.93,3825.0,86.0
10935,137.0,7.30,37.45,0.2734,3.66,3825.0,86.0
10943,133.3,7.50,37.43,0.2807,3.56,3825.0,86.0
10950,144.9,6.90,37.41,0.2581,3.87,3825.0,86.0
10956,156.2,6.40,37.39,0.2393,4.18,3825.0,86.0
10963,140.8,7.10,37.37,0.2653,3.77,3825.0,86.0
10971,119.0,8.40,37.35,0.3137,3.19,3825.0,86.0
10982,91.7,10.90,37.31,0.4067,2.46,3825.0,86.0
10989,142.9,7.00,37.29,0.2611,3.83,3825.0,86.0
10997,137.0,7.30,37.27,0.2721,3.68,3825.0,86.0
11004,131.6,7.60,37.25,0.2831,3.53,3825.0,86.0
11012,133.3,7.50,37.23,0.2792,3.58,3825.0,86.0
11018,163.9,6.10,37.21,0.2270,4.40,3825.0,86.0
11025,137.0,7.30,37.19,0.2715,3.68,3825.0,86.0
11035,99.0,10.10,37.16,0.3753,2.66,3825.0,86.0
11044,116.3,8.60,37.13,0.3193,3.13,3825.0,86.0
11051,131.6,7.60,37.11,0.2820,3.55,3825.0,86.0
11058,144.9,6.90,37.09,0.2559,3.91,3825.0,86.0
11064,178.6,5.60,37.07,0.2076,4.82,3825.0,86.0
11070,161.3,6.20,37.06,0.2297,4.35,3825.0,86.0
11076,169.5,5.90,37.04,0.2185,4.58,3825.0,86.0
11084,131.6,7.60,37.01,0.2813,3.56,3825.0,86.0
11090,156.2,6.40,37.00,0.2368,4.22,3825.0,86.0
11097,142.9,7.00,36.98,0.2588,3.86,3825.0,86.0
11104,147.1,6.80,36.96,0.2513,3.98,3825.0,86.0
11111,137.0,7.30,36.93,0.2696,3.71,3825.0,86.0
11118,149.3,6.70,36.91,0.2473,4.04,3825.0,86.0
11125,144.9,6.90,36.89,0.2546,3.93,3825.0,86.0
11132,142.9,7.00,36.87,0.2581,3.88,3825.0,86.0
11139,144.9,6.90,36.85,0.2543,3.93,3825.0,86.0
11146,142.9,7.00,36.83,0.2578,3.88,3825.0,86.0
11153,142.9,7.00,36.81,0.2577,3.88,3825.0,86.0
11160,144.9,6.90,36.79,0.2539,3.94,3825.0,86.0
11167,142.9,7.00,36.77,0.2574,3.89,3825.0,86.0
11173,144.9,6.90,36.75,0.2536,3.94,3825.0,86.0
11180,147.1,6.80,36.73,0.2498,4.00,3825.0,86.0
11189,120.5,8.30,36.70,0.3046,3.28,3825.0,86.0
11194,172.4,5.80,36.69,0.2128,4.70,3825.0,86.0
11201,147.1,6.80,36.67,0.2493,4.01,3825.0,86.0
11208,142.9,7.00,36.65,0.2565,3.90,3825.0,86.0
11215,142.9,7.00,36.63,0.2564,3.90,3825.0,86.0
11222,144.9,6.90,36.61,0.2526,3.96,3825.0,86.0
11229,144.9,6.90,36.59,0.2524,3.96,3825.0,86.0
11236,144.9,6.90,36.57,0.2523,3.96,3825.0,86.0
11243,144.9,6.90,36.55,0.2522,3.96,3825.0,86.0
11250,142.9,7.00,36.52,0.2557,3.91,3825.0,86.0
11257,142.9,7.00,36.50,0.2555,3.91,3825.0,86.0
11264,133.3,7.50,36.48,0.2736,3.65,3825.0,86.0
11272,133.3,7.50,36.46,0.2734,3.66,3825.0,86.0
11278,161.3,6.20,36.44,0.2259,4.43,3825.0,86.0
11284,153.8,6.50,36.43,0.2368,4.22,3825.0,86.0
11291,142.9,7.00,36.43,0.2550,3.92,3825.1,86.0
11298,144.9,6.90,36.42,0.2513,3.98,3825.1,86.0
11305,144.9,6.90,36.42,0.2513,3.98,3825.2,86.0
11312,142.9,7.00,36.42,0.2549,3.92,3825.2,86.0
11319,144.9,6.90,36.42,0.2513,3.98,3825.3,86.0
11326,142.9,7.00,36.42,0.2549,3.92,3825.3,86.0
11333,140.8,7.10,36.41,0.2585,3.87,3825.4,86.0
11340,149.3,6.70,36.41,0.2439,4.10,3825.4,86.0
11347,142.9,7.00,36.41,0.2549,3.92,3825.5,86.0
11354,142.9,7.00,36.41,0.2548,3.93,3825.5,86.0
11361,142.9,7.00,36.40,0.2548,3.93,3825.6,86.0
11368,144.9,6.90,36.40,0.2512,3.98,3825.6,86.0
11375,142.9,7.00,36.40,0.2548,3.93,3825.7,86.0
11382,147.1,6.80,36.40,0.2475,4.04,3825.7,86.0
11389,144.9,6.90,36.39,0.2511,3.98,3825.7,86.0
11396,138.9,7.20,36.39,0.2620,3.82,3825.8,86.0
11403,144.9,6.90,36.39,0.2511,3.98,3825.8,86.0
11409,147.1,6.80,36.39,0.2474,4.04,3825.9,86.0
11416,144.9,6.90,36.38,0.2511,3.98,3825.9,86.0
11423,142.9,7.00,36.38,0.2547,3.93,3826.0,86.0
11430,142.9,7.00,36.38,0.2547,3.93,3826.0,86.0
11437,144.9,6.90,36.38,0.2510,3.98,3826.1,86.0
11445,125.0,8.00,36.37,0.2910,3.44,3826.1,86.0
11453,129.9,7.70,36.37,0.2801,3.57,3826.2,86.0
11461,131.6,7.60,36.37,0.2764,3.62,3826.3,86.0
11468,138.9,7.20,36.37,0.2618,3.82,3826.3,86.0
11475,131.6,7.60,36.36,0.2764,3.62,3826.4,86.0
11483,135.1,7.40,36.36,0.2691,3.72,3826.4,86.0
11493,97.1,10.30,36.36,0.3745,2.67,3826.5,86.0
11502,114.9,8.70,36.36,0.3163,3.16,3826.5,86.0
11509,138.9,7.20,36.35,0.2617,3.82,3826.6,86.0
11516,151.5,6.60,36.35,0.2399,4.17,3826.6,86.0
11522,151.5,6.60,36.35,0.2399,4.17,3826.7,86.0
11529,151.5,6.60,36.35,0.2399,4.17,3826.7,86.0
11535,156.2,6.40,36.34,0.2326,4.30,3826.8,86.0
11542,156.2,6.40,36.34,0.2326,4.30,3826.8,86.0
11548,144.9,6.90,36.34,0.2507,3.99,3826.9,86.0
11555,147.1,6.80,36.34,0.2471,4.05,3826.9,86.0
11563,126.6,7.90,36.33,0.2870,3.48,3827.0,86.0
11570,147.1,6.80,36.33,0.2471,4.05,3827.0,86.0
11576,163.9,6.10,36.33,0.2216,4.51,3827.1,86.0
11583,142.9,7.00,36.33,0.2543,3.93,3827.1,86.0
11590,142.9,7.00,36.33,0.2543,3.93,3827.2,86.0
11597,138.9,7.20,36.32,0.2615,3.82,3827.2,86.0
11605,137.0,7.30,36.32,0.2651,3.77,3827.3,86.0
11613,119.0,8.40,36.32,0.3051,3.28,3827.3,86.0
11619,178.6,5.60,36.32,0.2034,4.92,3827.4,86.0
11625,151.5,6.60,36.31,0.2397,4.17,3827.4,86.0
11632,153.8,6.50,36.31,0.2360,4.24,3827.4,86.0
11639,144.9,6.90,36.31,0.2505,3.99,3827.5,86.0
11646,140.8,7.10,36.31,0.2578,3.88,3827.5,86.0
11654,126.6,7.90,36.30,0.2868,3.49,3827.6,86.0
11660,151.5,6.60,36.30,0.2396,4.17,3827.6,86.0
11667,147.1,6.80,36.30,0.2468,4.05,3827.7,86.0
11674,142.9,7.00,36.30,0.2541,3.94,3827.7,86.0
11681,137.0,7.30,36.29,0.2649,3.77,3827.8,86.0
11688,138.9,7.20,36.29,0.2613,3.83,3827.8,86.0
11696,138.9,7.20,36.29,0.2613,3.83,3827.9,86.0
11703,140.8,7.10,36.29,0.2576,3.88,3827.9,86.0
11710,144.9,6.90,36.28,0.2504,3.99,3828.0,86.0
11717,140.8,7.10,36.28,0.2576,3.88,3828.0,86.0
11724,133.3,7.50,36.28,0.2721,3.67,3828.1,86.0
11732,135.1,7.40,36.28,0.2684,3.72,3828.2,86.0
11739,137.0,7.30,36.27,0.2648,3.78,3828.2,86.0
11746,135.1,7.40,36.27,0.2684,3.72,3828.2,86.0
11754,135.1,7.40,36.27,0.2684,3.72,3828.3,86.0
11761,135.1,7.40,36.27,0.2684,3.73,3828.4,86.0
11769,131.6,7.60,36.26,0.2756,3.63,3828.4,86.0
11776,135.1,7.40,36.26,0.2683,3.73,3828.5,86.0
11783,137.0,7.30,36.26,0.2647,3.78,3828.5,86.0
11791,126.6,7.90,36.26,0.2864,3.49,3828.6,86.0
11799,138.9,7.20,36.25,0.2610,3.83,3828.6,86.0
11807,120.5,8.30,36.25,0.3009,3.32,3828.7,86.0
11814,140.8,7.10,36.25,0.2574,3.88,3828.7,86.0
11822,131.6,7.60,36.25,0.2755,3.63,3828.8,86.0
11829,140.8,7.10,36.24,0.2573,3.88,3828.8,86.0
11836,135.1,7.40,36.24,0.2682,3.73,3828.9,86.0
11843,138.9,7.20,36.24,0.2609,3.83,3828.9,86.0
11850,142.9,7.00,36.24,0.2537,3.94,3829.0,86.0
11858,138.9,7.20,36.23,0.2609,3.83,3829.0,86.0
11865,138.9,7.20,36.23,0.2609,3.83,3829.1,86.0
11872,137.0,7.30,36.23,0.2645,3.78,3829.1,86.0
11879,138.9,7.20,36.23,0.2608,3.83,3829.2,86.0
11887,133.3,7.50,36.22,0.2717,3.68,3829.2,86.0
11894,129.9,7.70,36.22,0.2789,3.59,3829.3,86.0
11903,123.5,8.10,36.22,0.2934,3.41,3829.3,86.0
11909,144.9,6.90,36.22,0.2499,4.00,3829.4,86.0
11917,138.9,7.20,36.21,0.2607,3.84,3829.4,86.0
11925,119.0,8.40,36.21,0.3042,3.29,3829.5,86.0
11932,151.5,6.60,36.21,0.2390,4.18,3829.5,86.0
11939,131.6,7.60,36.21,0.2752,3.63,3829.6,86.0
11948,122.0,8.20,36.20,0.2969,3.37,3829.7,86.0
11956,117.6,8.50,36.20,0.3077,3.25,3829.7,86.0
11964,126.6,7.90,36.20,0.2860,3.50,3829.8,86.0
11972,120.5,8.30,36.20,0.3004,3.33,3829.8,86.0
11981,119.0,8.40,36.19,0.3040,3.29,3829.9,86.0
11989,120.5,8.30,36.19,0.3004,3.33,3829.9,86.0
11997,122.0,8.20,36.19,0.2967,3.37,3830.0,86.0
12005,122.0,8.20,36.18,0.2967,3.37,3830.1,86.0
12013,123.5,8.10,36.18,0.2931,3.41,3830.1,86.0
12021,125.0,8.00,36.18,0.2894,3.46,3830.2,86.0
12030,122.0,8.20,36.18,0.2966,3.37,3830.2,86.0
12039,112.4,8.90,36.17,0.3219,3.11,3830.3,86.0
12046,129.9,7.70,36.17,0.2785,3.59,3830.3,86.0
12054,135.1,7.40,36.17,0.2676,3.74,3830.4,86.0
12062,125.0,8.00,36.16,0.2893,3.46,3830.5,86.0
12069,144.9,6.90,36.16,0.2495,4.01,3830.5,86.0
12076,131.6,7.60,36.16,0.2748,3.64,3830.6,86.0
12085,116.3,8.60,36.16,0.3110,3.22,3830.6,86.0
12092,144.9,6.90,36.15,0.2495,4.01,3830.7,86.0
12099,131.6,7.60,36.15,0.2748,3.64,3830.7,86.0
12107,131.6,7.60,36.15,0.2747,3.64,3830.8,86.0
12114,131.6,7.60,36.15,0.2747,3.64,3830.8,86.0
12122,129.9,7.70,36.14,0.2783,3.59,3830.9,86.0
12130,135.1,7.40,36.14,0.2674,3.74,3830.9,86.0
12137,131.6,7.60,36.14,0.2747,3.64,3831.0,86.0
12144,138.9,7.20,36.14,0.2602,3.84,3831.0,86.0
12152,123.5,8.10,36.13,0.2927,3.42,3831.1,86.0
12159,142.9,7.00,36.13,0.2529,3.95,3831.1,86.0
12166,147.1,6.80,36.13,0.2457,4.07,3831.2,86.0
12174,137.0,7.30,36.13,0.2637,3.79,3831.2,86.0
12182,117.6,8.50,36.12,0.3071,3.26,3831.3,86.0
12189,144.9,6.90,36.12,0.2492,4.01,3831.3,86.0
12196,133.3,7.50,36.12,0.2709,3.69,3831.4,86.0
12204,128.2,7.80,36.12,0.2817,3.55,3831.5,86.0
12211,142.9,7.00,36.11,0.2528,3.96,3831.5,86.0
12219,126.6,7.90,36.11,0.2853,3.51,3831.6,86.0
12227,135.1,7.40,36.11,0.2672,3.74,3831.6,86.0
12234,129.9,7.70,36.11,0.2780,3.60,3831.7,86.0
12243,116.3,8.60,36.10,0.3105,3.22,3831.7,86.0
12251,117.6,8.50,36.10,0.3069,3.26,3831.8,86.0
12259,131.6,7.60,36.10,0.2743,3.65,3831.8,86.0
12267,123.5,8.10,36.10,0.2924,3.42,3831.9,86.0
12275,122.0,8.20,36.09,0.2960,3.38,3832.0,86.0
12284,109.9,9.10,36.10,0.3285,3.04,3832.0,86.0
12292,135.1,7.40,36.13,0.2673,3.74,3832.1,86.0
12300,122.0,8.20,36.15,0.2965,3.37,3832.1,86.0
12308,129.9,7.70,36.18,0.2786,3.59,3832.2,86.0
12315,129.9,7.70,36.21,0.2788,3.59,3832.2,86.0
12323,129.9,7.70,36.24,0.2790,3.58,3832.2,86.0
12330,137.0,7.30,36.26,0.2647,3.78,3832.3,86.0
12338,133.3,7.50,36.29,0.2722,3.67,3832.3,86.1
12346,128.2,7.80,36.32,0.2833,3.53,3832.4,86.1
12353,129.9,7.70,36.34,0.2798,3.57,3832.4,86.1
12361,123.5,8.10,36.37,0.2946,3.40,3832.5,86.1
12370,123.5,8.10,36.40,0.2949,3.39,3832.5,86.1
12377,126.6,7.90,36.43,0.2878,3.48,3832.6,86.1
12385,133.3,7.50,36.46,0.2734,3.66,3832.6,86.1
12393,122.0,8.20,36.49,0.2992,3.34,3832.7,86.1
12401,129.9,7.70,36.51,0.2812,3.56,3832.7,86.1
12409,128.2,7.80,36.54,0.2850,3.51,3832.8,86.1
12417,125.0,8.00,36.57,0.2926,3.42,3832.8,86.1
12425,122.0,8.20,36.60,0.3001,3.33,3832.9,86.1
12432,144.9,6.90,36.63,0.2527,3.96,3832.9,86.1
12439,131.6,7.60,36.65,0.2785,3.59,3832.9,86.2
12449,101.0,9.90,36.69,0.3632,2.75,3833.0,86.2
12458,112.4,8.90,36.72,0.3268,3.06,3833.1,86.2
12467,119.0,8.40,36.75,0.3087,3.24,3833.1,86.2
12474,126.6,7.90,36.78,0.2905,3.44,3833.2,86.2
12482,126.6,7.90,36.80,0.2908,3.44,3833.2,86.2
12491,114.9,8.70,36.84,0.3205,3.12,3833.3,86.2
12500,114.9,8.70,36.87,0.3208,3.12,3833.3,86.2
12507,142.9,7.00,36.89,0.2583,3.87,3833.3,86.2
12515,123.5,8.10,36.92,0.2991,3.34,3833.4,86.2
12522,133.3,7.50,36.95,0.2771,3.61,3833.4,86.2
12530,133.3,7.50,36.98,0.2773,3.61,3833.5,86.2
12537,135.1,7.40,37.00,0.2738,3.65,3833.5,86.3
12545,128.2,7.80,37.03,0.2888,3.46,3833.6,86.3
12552,135.1,7.40,37.05,0.2742,3.65,3833.6,86.3
12560,135.1,7.40,37.08,0.2744,3.64,3833.7,86.3
12568,129.9,7.70,37.11,0.2858,3.50,3833.7,86.3
12575,133.3,7.50,37.14,0.2785,3.59,3833.8,86.3
12583,125.0,8.00,37.16,0.2973,3.36,3833.8,86.3
12590,140.8,7.10,37.19,0.2640,3.79,3833.8,86.3
12598,135.1,7.40,37.22,0.2754,3.63,3833.9,86.3
12606,125.0,8.00,37.25,0.2980,3.36,3833.9,86.3
12613,126.6,7.90,37.27,0.2944,3.40,3834.0,86.3
12621,135.1,7.40,37.30,0.2760,3.62,3834.0,86.3
12628,140.8,7.10,37.33,0.2650,3.77,3834.1,86.3
12635,133.3,7.50,37.35,0.2801,3.57,3834.1,86.4
12643,135.1,7.40,37.38,0.2766,3.61,3834.2,86.4
12650,133.3,7.50,37.40,0.2805,3.56,3834.2,86.4
12658,135.1,7.40,37.43,0.2770,3.61,3834.3,86.4
12665,138.9,7.20,37.46,0.2697,3.71,3834.3,86.4
12672,137.0,7.30,37.48,0.2736,3.66,3834.3,86.4
12680,125.0,8.00,37.51,0.3001,3.33,3834.4,86.4
12687,142.9,7.00,37.54,0.2628,3.81,3834.4,86.4
12695,137.0,7.30,37.56,0.2742,3.65,3834.5,86.4
12703,123.5,8.10,37.59,0.3045,3.29,3834.5,86.4
12710,140.8,7.10,37.62,0.2671,3.74,3834.6,86.4
12718,125.0,8.00,37.65,0.3012,3.32,3834.6,86.4
12725,135.1,7.40,37.67,0.2788,3.59,3834.7,86.4
12733,135.1,7.40,37.70,0.2790,3.58,3834.7,86.5
12740,128.2,7.80,37.73,0.2943,3.40,3834.7,86.5
12749,117.6,8.50,37.76,0.3209,3.11,3834.8,86.5
12757,119.0,8.40,37.79,0.3174,3.15,3834.8,86.5
12765,123.5,8.10,37.81,0.3063,3.27,3834.9,86.5
12773,137.0,7.30,37.84,0.2763,3.62,3834.9,86.5
12780,131.6,7.60,37.87,0.2878,3.48,3835.0,86.5
12788,128.2,7.80,37.90,0.2956,3.38,3835.0,86.5
12796,126.6,7.90,37.92,0.2996,3.34,3835.1,86.5
12804,129.9,7.70,37.95,0.2922,3.42,3835.1,86.5
12812,114.9,8.70,37.98,0.3304,3.03,3835.2,86.5
12820,137.0,7.30,38.01,0.2775,3.60,3835.2,86.5
12828,120.5,8.30,38.04,0.3157,3.17,3835.3,86.5
12835,137.0,7.30,38.06,0.2779,3.60,3835.3,86.6
12843,126.6,7.90,38.09,0.3009,3.32,3835.4,86.6
12851,129.9,7.70,38.12,0.2935,3.41,3835.4,86.6
12859,128.2,7.80,38.15,0.2976,3.36,3835.5,86.6
12867,126.6,7.90,38.18,0.3016,3.32,3835.5,86.6
12874,131.6,7.60,38.20,0.2903,3.44,3835.6,86.6
12882,122.0,8.20,38.23,0.3135,3.19,3835.6,86.6
12890,123.5,8.10,38.26,0.3099,3.23,3835.6,86.6
12898,131.6,7.60,38.29,0.2910,3.44,3835.7,86.6
12906,129.9,7.70,38.32,0.2950,3.39,3835.7,86.6
12914,125.0,8.00,38.35,0.3068,3.26,3835.8,86.6
12922,114.9,8.70,38.37,0.3339,2.99,3835.8,86.6
12930,128.2,7.80,38.40,0.2995,3.34,3835.9,86.6
12938,123.5,8.10,38.43,0.3113,3.21,3835.9,86.7
12946,128.2,7.80,38.46,0.3000,3.33,3836.0,86.7
12955,119.0,8.40,38.49,0.3233,3.09,3836.0,86.7
12963,116.3,8.60,38.52,0.3313,3.02,3836.1,86.7
12972,113.6,8.80,38.55,0.3393,2.95,3836.1,86.7
12980,128.2,7.80,38.58,0.3009,3.32,3836.2,86.7
12988,114.9,8.70,38.61,0.3359,2.98,3836.2,86.7
12997,117.6,8.50,38.64,0.3285,3.04,3836.3,86.7
13005,117.6,8.50,38.67,0.3287,3.04,3836.3,86.7
13014,116.3,8.60,38.70,0.3328,3.00,3836.4,86.7
13025,92.6,10.80,38.74,0.4184,2.39,3836.5,86.7
13034,104.2,9.60,38.77,0.3722,2.69,3836.5,86.8
13046,90.1,11.10,38.82,0.4309,2.32,3836.6,86.8
13056,91.7,10.90,38.85,0.4235,2.36,3836.6,86.8
13067,97.1,10.30,38.89,0.4006,2.50,3836.7,86.8
13078,87.0,11.50,38.93,0.4477,2.23,3836.8,86.8
13087,109.9,9.10,38.96,0.3546,2.82,3836.8,86.8
13095,137.0,7.30,38.99,0.2846,3.51,3836.9,86.8
13103,122.0,8.20,39.02,0.3200,3.13,3836.9,86.8
13112,105.3,9.50,39.05,0.3710,2.70,3837.0,86.8
13121,120.5,8.30,39.09,0.3244,3.08,3837.0,86.8
13128,140.8,7.10,39.11,0.2777,3.60,3837.1,86.8
13135,147.1,6.80,39.14,0.2661,3.76,3837.1,86.9
13141,147.1,6.80,39.16,0.2663,3.76,3837.2,86.9
13149,125.0,8.00,39.19,0.3135,3.19,3837.2,86.9
13158,120.5,8.30,39.22,0.3255,3.07,3837.3,86.9
13167,107.5,9.30,39.25,0.3650,2.74,3837.3,86.9
13176,114.9,8.70,39.28,0.3417,2.93,3837.4,86.9
13183,133.3,7.50,39.31,0.2948,3.39,3837.4,86.9
13190,153.8,6.50,39.33,0.2557,3.91,3837.4,86.9
13198,117.6,8.50,39.36,0.3346,2.99,3837.5,86.9
13207,116.3,8.60,39.39,0.3388,2.95,3837.5,86.9
13215,120.5,8.30,39.42,0.3272,3.06,3837.6,86.9
13223,120.5,8.30,39.45,0.3274,3.05,3837.6,86.9
13232,120.5,8.30,39.48,0.3277,3.05,3837.7,87.0
13240,116.3,8.60,39.51,0.3398,2.94,3837.7,87.0
13250,105.3,9.50,39.55,0.3757,2.66,3837.8,87.0
13257,135.1,7.40,39.57,0.2928,3.41,3837.8,87.0
13265,122.0,8.20,39.60,0.3247,3.08,3837.9,87.0
13273,126.6,7.90,39.63,0.3131,3.19,3837.9,87.0
13281,125.0,8.00,39.66,0.3173,3.15,3838.0,87.0
13289,125.0,8.00,39.63,0.3171,3.15,3838.0,87.0
13297,126.6,7.90,39.60,0.3129,3.20,3838.0,87.0
13305,123.5,8.10,39.57,0.3206,3.12,3838.0,87.0
13313,131.6,7.60,39.54,0.3005,3.33,3838.0,87.0
13321,128.2,7.80,39.51,0.3082,3.24,3838.0,87.0
13329,123.5,8.10,39.48,0.3198,3.13,3838.0,87.0
13337,123.5,8.10,39.45,0.3196,3.13,3838.0,87.0
13346,114.9,8.70,39.42,0.3430,2.91,3838.0,87.0
13355,104.2,9.60,39.39,0.3781,2.65,3838.0,87.0
13364,119.0,8.40,39.35,0.3306,3.02,3838.0,87.0
13372,119.0,8.40,39.32,0.3303,3.03,3838.0,87.0
13381,113.6,8.80,39.29,0.3458,2.89,3838.0,87.0
13389,123.5,8.10,39.26,0.3180,3.15,3838.0,87.0
13397,123.5,8.10,39.23,0.3178,3.15,3838.0,87.0
13405,122.0,8.20,39.20,0.3214,3.11,3838.0,87.0
13414,109.9,9.10,39.17,0.3564,2.81,3838.0,87.0
13423,113.6,8.80,39.13,0.3444,2.90,3838.0,87.0
13432,117.6,8.50,39.10,0.3324,3.01,3838.0,87.0
13440,116.3,8.60,39.07,0.3360,2.98,3838.0,87.0
13451,97.1,10.30,39.03,0.4020,2.49,3838.0,87.0
13461,92.6,10.80,38.99,0.4211,2.37,3838.0,87.0
13472,94.3,10.60,38.95,0.4129,2.42,3838.0,87.0
13481,112.4,8.90,38.92,0.3464,2.89,3838.0,87.0
13491,99.0,10.10,38.88,0.3927,2.55,3838.0,87.0
13500,109.9,9.10,38.85,0.3535,2.83,3838.0,87.0
13509,107.5,9.30,38.81,0.3610,2.77,3838.0,87.0
13518,112.4,8.90,38.78,0.3451,2.90,3838.0,87.0
13527,109.9,9.10,38.75,0.3526,2.84,3838.0,87.0
13537,105.3,9.50,38.71,0.3677,2.72,3838.0,87.0
13546,106.4,9.40,38.68,0.3635,2.75,3838.0,87.0
13555,108.7,9.20,38.64,0.3555,2.81,3838.0,87.0
13564,114.9,8.70,38.61,0.3359,2.98,3838.0,87.0
13573,117.6,8.50,38.57,0.3279,3.05,3838.0,87.0
13581,116.3,8.60,38.54,0.3315,3.02,3838.0,87.0
13590,116.3,8.60,38.51,0.3312,3.02,3838.0,87.0
13598,122.0,8.20,38.48,0.3155,3.17,3838.0,87.0
13606,122.0,8.20,38.45,0.3153,3.17,3838.0,87.0
13616,103.1,9.70,38.41,0.3726,2.68,3838.0,87.0
13625,106.4,9.40,38.38,0.3608,2.77,3838.0,87.0
13634,109.9,9.10,38.35,0.3490,2.87,3838.0,87.0
13643,116.3,8.60,38.31,0.3295,3.04,3838.0,87.0
13652,107.5,9.30,38.28,0.3560,2.81,3838.0,87.0
13660,128.2,7.80,38.25,0.2984,3.35,3838.0,87.0
13668,126.6,7.90,38.22,0.3019,3.31,3838.0,87.0
13676,122.0,8.20,38.19,0.3132,3.19,3838.0,87.0
13684,125.0,8.00,38.16,0.3053,3.28,3838.0,87.0
13692,122.0,8.20,38.13,0.3127,3.20,3838.0,87.0
13701,114.9,8.70,38.10,0.3314,3.02,3838.0,87.0
13709,128.2,7.80,38.07,0.2969,3.37,3838.0,87.0
13717,126.6,7.90,38.04,0.3005,3.33,3838.0,87.0
13725,126.6,7.90,38.01,0.3003,3.33,3838.0,87.0
13733,128.2,7.80,37.98,0.2962,3.38,3838.0,87.0
13741,122.0,8.20,37.95,0.3112,3.21,3838.0,87.0
13749,123.5,8.10,37.92,0.3071,3.26,3838.0,87.0
13757,129.9,7.70,37.89,0.2917,3.43,3838.0,87.0
13764,126.6,7.90,37.86,0.2991,3.34,3838.0,87.0
13772,129.9,7.70,37.83,0.2913,3.43,3838.0,87.0
13780,128.2,7.80,37.80,0.2949,3.39,3838.0,87.0
13787,133.3,7.50,37.78,0.2833,3.53,3838.0,87.0
13795,133.3,7.50,37.75,0.2831,3.53,3838.0,87.0
13803,131.6,7.60,37.72,0.2866,3.49,3838.0,87.0
13810,128.2,7.80,37.69,0.2940,3.40,3838.0,87.0
13818,137.0,7.30,37.66,0.2749,3.64,3838.0,87.0
13826,120.5,8.30,37.63,0.3123,3.20,3838.0,87.0
13834,126.6,7.90,37.60,0.2970,3.37,3838.0,87.0
13842,129.9,7.70,37.57,0.2893,3.46,3838.0,87.0
13849,135.1,7.40,37.55,0.2778,3.60,3838.0,87.0
13856,133.3,7.50,37.52,0.2814,3.55,3838.0,87.0
13864,129.9,7.70,37.49,0.2887,3.47,3838.0,87.0
13872,133.3,7.50,37.46,0.2809,3.56,3838.0,87.0
13879,131.6,7.60,37.43,0.2845,3.52,3838.0,87.0
13887,131.6,7.60,37.40,0.2843,3.52,3838.0,87.0
13894,133.3,7.50,37.38,0.2803,3.57,3838.0,87.0
13902,125.0,8.00,37.35,0.2988,3.35,3838.0,87.0
13909,140.8,7.10,37.32,0.2650,3.77,3838.0,87.0
13917,135.1,7.40,37.29,0.2760,3.62,3838.0,87.0
13925,125.0,8.00,37.26,0.2981,3.35,3838.0,87.0
13932,140.8,7.10,37.24,0.2644,3.78,3838.0,87.0
13940,128.2,7.80,37.21,0.2902,3.45,3838.0,87.0
13947,135.1,7.40,37.18,0.2751,3.63,3838.0,87.0
13954,138.9,7.20,37.15,0.2675,3.74,3838.0,87.0
13963,119.0,8.40,37.12,0.3118,3.21,3838.0,87.0
13971,123.5,8.10,37.09,0.3004,3.33,3838.0,87.0
13979,122.0,8.20,37.06,0.3039,3.29,3838.0,87.0
13988,114.9,8.70,37.03,0.3221,3.10,3838.0,87.0
13996,119.0,8.40,37.00,0.3108,3.22,3838.0,87.0
14004,131.6,7.60,36.97,0.2809,3.56,3838.0,87.0
14011,133.3,7.50,36.94,0.2771,3.61,3838.0,87.0
14019,129.9,7.70,36.91,0.2842,3.52,3838.0,87.0
14028,116.3,8.60,36.88,0.3171,3.15,3838.0,87.0
14036,117.6,8.50,36.85,0.3132,3.19,3838.0,87.0
14044,125.0,8.00,36.82,0.2945,3.40,3838.0,87.0
14053,116.3,8.60,36.78,0.3163,3.16,3838.0,87.0
14060,129.9,7.70,36.76,0.2830,3.53,3838.0,87.0
14068,129.9,7.70,36.73,0.2828,3.54,3838.0,87.0
14076,125.0,8.00,36.70,0.2936,3.41,3838.0,87.0
14084,131.6,7.60,36.67,0.2787,3.59,3838.0,87.0
14092,125.0,8.00,36.64,0.2931,3.41,3838.0,87.0
14100,122.0,8.20,36.61,0.3002,3.33,3838.0,87.0
14108,125.0,8.00,36.58,0.2926,3.42,3838.0,87.0
14115,131.6,7.60,36.55,0.2778,3.60,3838.0,87.0
14123,125.0,8.00,36.52,0.2922,3.42,3838.0,87.0
14132,122.0,8.20,36.49,0.2992,3.34,3838.0,87.0
14139,129.9,7.70,36.46,0.2808,3.56,3838.0,87.0
14147,128.2,7.80,36.43,0.2842,3.52,3838.0,87.0
14154,142.9,7.00,36.41,0.2549,3.93,3838.0,87.0
14161,140.8,7.10,36.38,0.2583,3.87,3838.0,87.0
14168,140.8,7.10,36.36,0.2581,3.87,3838.0,87.0
14176,138.9,7.20,36.33,0.2615,3.82,3838.0,87.0
14183,135.1,7.40,36.30,0.2686,3.72,3838.0,87.0
14190,137.0,7.30,36.27,0.2648,3.78,3838.0,87.0
14197,138.9,7.20,36.25,0.2610,3.83,3838.0,87.0
14205,138.9,7.20,36.22,0.2608,3.84,3838.0,87.0
14212,140.8,7.10,36.19,0.2570,3.89,3838.0,87.0
14219,133.3,7.50,36.16,0.2712,3.69,3838.0,87.0
14227,133.3,7.50,36.14,0.2710,3.69,3838.0,87.0
14234,135.1,7.40,36.11,0.2672,3.74,3838.0,87.0
14243,117.6,8.50,36.08,0.3066,3.26,3838.0,87.0
14250,140.8,7.10,36.05,0.2560,3.91,3838.0,87.0
14257,135.1,7.40,36.02,0.2666,3.75,3838.0,87.0
14265,123.5,8.10,35.99,0.2915,3.43,3838.0,87.0
14273,131.6,7.60,35.96,0.2733,3.66,3838.0,87.0
14280,133.3,7.50,35.94,0.2695,3.71,3838.0,87.0
14288,131.6,7.60,35.93,0.2731,3.66,3838.0,87.0
14296,128.2,7.80,35.93,0.2803,3.57,3837.9,87.0
14303,137.0,7.30,35.93,0.2623,3.81,3837.9,87.0
14311,133.3,7.50,35.93,0.2695,3.71,3837.8,87.0
14318,135.1,7.40,35.93,0.2659,3.76,3837.8,87.0
14325,135.1,7.40,35.93,0.2659,3.76,3837.7,87.0
14333,131.6,7.60,35.93,0.2731,3.66,3837.7,87.0
14341,123.5,8.10,35.93,0.2911,3.44,3837.6,87.0
14349,131.6,7.60,35.94,0.2731,3.66,3837.6,87.0
14356,131.6,7.60,35.94,0.2731,3.66,3837.6,87.0
14364,129.9,7.70,35.94,0.2767,3.61,3837.5,87.0
14372,129.9,7.70,35.94,0.2767,3.61,3837.5,87.0
14379,133.3,7.50,35.94,0.2695,3.71,3837.4,87.0
14387,123.5,8.10,35.94,0.2911,3.44,3837.4,87.0
14395,122.0,8.20,35.94,0.2947,3.39,3837.3,87.0
14403,135.1,7.40,35.94,0.2660,3.76,3837.3,87.0
14411,120.5,8.30,35.94,0.2983,3.35,3837.2,87.0
14419,122.0,8.20,35.94,0.2947,3.39,3837.2,87.0
14428,117.6,8.50,35.94,0.3055,3.27,3837.1,87.0
14437,112.4,8.90,35.94,0.3199,3.13,3837.1,87.0
14446,109.9,9.10,35.94,0.3271,3.06,3837.0,87.0
14455,111.1,9.00,35.94,0.3235,3.09,3837.0,87.0
14465,99.0,10.10,35.94,0.3630,2.75,3836.9,87.0
14475,100.0,10.00,35.95,0.3595,2.78,3836.8,87.0
14483,120.5,8.30,35.95,0.2984,3.35,3836.8,87.0
14491,129.9,7.70,35.95,0.2768,3.61,3836.7,87.0
14499,129.9,7.70,35.95,0.2768,3.61,3836.7,87.0
14508,106.4,9.40,35.95,0.3379,2.96,3836.6,87.0
14516,119.0,8.40,35.95,0.3020,3.31,3836.6,87.0
14524,128.2,7.80,35.95,0.2804,3.57,3836.5,87.0
14532,126.6,7.90,35.95,0.2840,3.52,3836.5,87.0
14540,126.6,7.90,35.95,0.2840,3.52,3836.5,87.0
14548,126.6,7.90,35.95,0.2840,3.52,3836.4,87.0
14556,129.9,7.70,35.95,0.2768,3.61,3836.4,87.0
14564,122.0,8.20,35.95,0.2948,3.39,3836.3,87.0
14572,129.9,7.70,35.95,0.2768,3.61,3836.3,87.0
14579,126.6,7.90,35.95,0.2840,3.52,3836.2,87.0
14588,122.0,8.20,35.95,0.2948,3.39,3836.2,87.0
14596,125.0,8.00,35.96,0.2876,3.48,3836.1,87.0
14604,119.0,8.40,35.96,0.3020,3.31,3836.1,87.0
14613,117.6,8.50,35.96,0.3056,3.27,3836.0,87.0
14621,117.6,8.50,35.96,0.3056,3.27,3836.0,87.0
14629,129.9,7.70,35.96,0.2769,3.61,3835.9,87.0
14637,126.6,7.90,35.96,0.2841,3.52,3835.9,87.0
14645,114.9,8.70,35.96,0.3128,3.20,3835.8,87.0
14653,131.6,7.60,35.96,0.2733,3.66,3835.8,87.0
14661,125.0,8.00,35.96,0.2877,3.48,3835.7,87.0
14668,133.3,7.50,35.96,0.2697,3.71,3835.7,87.0
14677,117.6,8.50,35.96,0.3057,3.27,3835.6,87.0
14685,126.6,7.90,35.96,0.2841,3.52,3835.6,87.0
14693,128.2,7.80,35.96,0.2805,3.56,3835.5,87.0
14701,119.0,8.40,35.96,0.3021,3.31,3835.5,87.0
14708,138.9,7.20,35.96,0.2589,3.86,3835.4,87.0
14717,119.0,8.40,35.96,0.3021,3.31,3835.4,87.0
14724,138.9,7.20,35.97,0.2590,3.86,3835.3,87.0
14732,126.6,7.90,35.97,0.2841,3.52,3835.3,87.0
14740,122.0,8.20,35.97,0.2949,3.39,3835.3,87.0
14748,123.5,8.10,35.97,0.2913,3.43,3835.2,87.0
14757,117.6,8.50,35.97,0.3057,3.27,3835.2,87.0
14764,138.9,7.20,35.97,0.2590,3.86,3835.1,87.0
14772,117.6,8.50,35.97,0.3057,3.27,3835.1,87.0
14780,125.0,8.00,35.97,0.2878,3.48,3835.0,87.0
14790,106.4,9.40,35.97,0.3381,2.96,3835.0,87.0
14798,117.6,8.50,35.97,0.3058,3.27,3834.9,87.0
14806,129.9,7.70,35.97,0.2770,3.61,3834.9,87.0
14814,126.6,7.90,35.97,0.2842,3.52,3834.8,87.0
14821,135.1,7.40,35.97,0.2662,3.76,3834.8,87.0
14829,129.9,7.70,35.97,0.2770,3.61,3834.7,87.0
14836,135.1,7.40,35.97,0.2662,3.76,3834.7,87.0
14844,123.5,8.10,35.97,0.2914,3.43,3834.6,87.0
14852,126.6,7.90,35.98,0.2842,3.52,3834.6,87.0
14860,126.6,7.90,35.98,0.2842,3.52,3834.5,87.0
14868,129.9,7.70,35.98,0.2770,3.61,3834.5,87.0
14876,116.3,8.60,35.98,0.3094,3.23,3834.4,87.0
14883,147.1,6.80,35.98,0.2447,4.09,3834.4,87.0
14891,128.2,7.80,35.98,0.2806,3.56,3834.3,87.0
14899,129.9,7.70,35.98,0.2770,3.61,3834.3,87.0
14907,126.6,7.90,35.98,0.2842,3.52,3834.3,87.0
14914,131.6,7.60,35.98,0.2735,3.66,3834.2,87.0
14922,126.6,7.90,35.98,0.2843,3.52,3834.2,87.0
14930,131.6,7.60,35.98,0.2735,3.66,3834.1,87.0
14938,122.0,8.20,35.98,0.2951,3.39,3834.1,87.0
14946,122.0,8.20,35.98,0.2951,3.39,3834.0,87.0
14954,126.6,7.90,35.98,0.2843,3.52,3834.0,87.0
14961,137.0,7.30,35.98,0.2627,3.81,3833.9,87.0
14970,111.1,9.00,35.99,0.3239,3.09,3833.9,87.0
14979,116.3,8.60,35.99,0.3095,3.23,3833.8,87.0
14988,108.7,9.20,35.99,0.3311,3.02,3833.8,87.0
14997,114.9,8.70,35.99,0.3131,3.19,3833.7,87.0
15006,113.6,8.80,35.99,0.3167,3.16,3833.7,87.0
15015,112.4,8.90,35.99,0.3203,3.12,3833.6,87.0
15023,123.5,8.10,35.99,0.2915,3.43,3833.6,87.0
15031,120.5,8.30,35.99,0.2987,3.35,3833.5,87.0
15039,120.5,8.30,35.99,0.2987,3.35,3833.5,87.0
15049,107.5,9.30,35.99,0.3347,2.99,3833.4,87.0
15057,125.0,8.00,35.99,0.2879,3.47,3833.4,87.0
15065,123.5,8.10,35.99,0.2915,3.43,3833.3,87.0
15073,119.0,8.40,35.99,0.3023,3.31,3833.3,87.0
15081,122.0,8.20,35.99,0.2952,3.39,3833.2,87.0
15090,120.5,8.30,35.99,0.2988,3.35,3833.2,87.0
15098,114.9,8.70,36.00,0.3132,3.19,3833.1,87.0
15107,116.3,8.60,36.00,0.3096,3.23,3833.0,87.0
15115,123.5,8.10,36.00,0.2916,3.43,3833.0,87.0
15125,102.0,9.80,36.00,0.3528,2.83,3832.9,87.0
15132,137.0,7.30,36.00,0.2628,3.81,3832.9,87.0
15141,117.6,8.50,36.00,0.3060,3.27,3832.8,87.0
15149,114.9,8.70,36.00,0.3132,3.19,3832.8,87.0
15158,116.3,8.60,36.00,0.3096,3.23,3832.7,87.0
15166,120.5,8.30,36.00,0.2988,3.35,3832.7,87.0
15175,119.0,8.40,36.00,0.3024,3.31,3832.6,87.0
15183,125.0,8.00,36.00,0.2880,3.47,3832.6,87.0
15190,129.9,7.70,36.00,0.2772,3.61,3832.6,87.0
15198,128.2,7.80,36.00,0.2808,3.56,3832.5,87.0
15206,128.2,7.80,36.00,0.2808,3.56,3832.5,87.0
15213,131.6,7.60,36.00,0.2736,3.66,3832.4,87.0
15222,117.6,8.50,36.01,0.3060,3.27,3832.4,87.0
15229,137.0,7.30,36.01,0.2628,3.80,3832.3,87.0
15237,123.5,8.10,36.01,0.2917,3.43,3832.3,87.0
15245,131.6,7.60,36.01,0.2737,3.65,3832.2,87.0
15253,125.0,8.00,36.01,0.2881,3.47,3832.2,87.0
15262,114.9,8.70,36.01,0.3133,3.19,3832.1,87.0
15270,126.6,7.90,36.01,0.2845,3.52,3832.1,87.0
15278,123.5,8.10,36.01,0.2917,3.43,3832.0,87.0
15286,119.0,8.40,36.01,0.3025,3.30,3832.0,87.0
15294,123.5,8.10,36.02,0.2918,3.43,3832.0,87.0
15302,126.6,7.90,36.03,0.2846,3.51,3832.0,87.0
15310,120.5,8.30,36.03,0.2991,3.34,3832.0,87.0
15318,126.6,7.90,36.04,0.2847,3.51,3832.0,87.0
15327,119.0,8.40,36.05,0.3028,3.30,3832.0,87.0
15335,125.0,8.00,36.06,0.2885,3.47,3832.0,87.0
15342,129.9,7.70,36.06,0.2777,3.60,3832.0,87.0
15351,122.0,8.20,36.07,0.2958,3.38,3832.0,87.0
15360,111.1,9.00,36.08,0.3247,3.08,3832.0,87.0
15368,120.5,8.30,36.09,0.2995,3.34,3832.0,87.0
15376,117.6,8.50,36.09,0.3068,3.26,3832.0,87.0
15384,133.3,7.50,36.10,0.2707,3.69,3832.0,87.0
15392,125.0,8.00,36.11,0.2889,3.46,3832.0,87.0
15400,126.6,7.90,36.11,0.2853,3.51,3832.0,87.0
15408,123.5,8.10,36.12,0.2926,3.42,3832.0,87.0
15416,129.9,7.70,36.13,0.2782,3.60,3832.0,87.0
15423,128.2,7.80,36.13,0.2818,3.55,3832.0,87.0
15432,117.6,8.50,36.14,0.3072,3.25,3832.0,87.0
15439,135.1,7.40,36.15,0.2675,3.74,3832.0,87.0
15447,126.6,7.90,36.16,0.2856,3.50,3832.0,87.0
15456,108.7,9.20,36.16,0.3327,3.01,3832.0,87.0
15465,116.3,8.60,36.17,0.3111,3.22,3832.0,87.0
15474,109.9,9.10,36.18,0.3292,3.04,3832.0,87.0
15483,113.6,8.80,36.19,0.3184,3.14,3832.0,87.0
15491,123.5,8.10,36.19,0.2932,3.41,3832.0,87.0
15500,111.1,9.00,36.20,0.3258,3.07,3832.0,87.0
15508,120.5,8.30,36.21,0.3005,3.33,3832.0,87.0
15516,135.1,7.40,36.22,0.2680,3.73,3832.0,87.0
15523,137.0,7.30,36.22,0.2644,3.78,3832.0,87.0
15530,135.1,7.40,36.23,0.2681,3.73,3832.0,87.0
15538,138.9,7.20,36.24,0.2609,3.83,3832.0,87.0
15545,128.2,7.80,36.24,0.2827,3.54,3832.0,87.0
15553,128.2,7.80,36.25,0.2827,3.54,3832.0,87.0
15561,128.2,7.80,36.26,0.2828,3.54,3832.0,87.0
15569,125.0,8.00,36.26,0.2901,3.45,3832.0,87.0
15576,142.9,7.00,36.27,0.2539,3.94,3832.0,87.0
15583,140.8,7.10,36.27,0.2576,3.88,3832.0,87.0
15590,140.8,7.10,36.28,0.2576,3.88,3832.0,87.0
15599,116.3,8.60,36.29,0.3121,3.20,3832.0,87.0
15606,147.1,6.80,36.30,0.2468,4.05,3832.0,87.0
15613,140.8,7.10,36.30,0.2577,3.88,3832.0,87.0
15619,149.3,6.70,36.31,0.2433,4.11,3832.0,87.0
15626,147.1,6.80,36.31,0.2469,4.05,3832.0,87.0
15633,142.9,7.00,36.32,0.2542,3.93,3832.0,87.0
15640,142.9,7.00,36.33,0.2543,3.93,3832.0,87.0
15647,144.9,6.90,36.33,0.2507,3.99,3832.0,87.0
15654,137.0,7.30,36.34,0.2653,3.77,3832.0,87.0
15661,151.5,6.60,36.34,0.2399,4.17,3832.0,87.0
15668,142.9,7.00,36.35,0.2544,3.93,3832.0,87.0
15675,138.9,7.20,36.36,0.2618,3.82,3832.0,87.0
15682,151.5,6.60,36.36,0.2400,4.17,3832.0,87.0
15689,142.9,7.00,36.37,0.2546,3.93,3832.0,87.0
15696,142.9,7.00,36.37,0.2546,3.93,3832.0,87.0
15703,144.9,6.90,36.38,0.2510,3.98,3832.0,87.0
15710,140.8,7.10,36.39,0.2583,3.87,3832.0,87.0
15717,144.9,6.90,36.39,0.2511,3.98,3832.0,87.0
15724,144.9,6.90,36.40,0.2512,3.98,3832.0,87.0
15731,142.9,7.00,36.41,0.2548,3.93,3832.0,87.0
15737,147.1,6.80,36.41,0.2476,4.04,3832.0,87.0
15744,140.8,7.10,36.42,0.2586,3.87,3832.0,87.0
15757,80.0,12.50,36.43,0.4553,2.20,3832.0,87.0
15765,120.5,8.30,36.44,0.3024,3.31,3832.0,87.0
15772,147.1,6.80,36.44,0.2478,4.04,3832.0,87.0
15779,140.8,7.10,36.45,0.2588,3.86,3832.0,87.0
15786,142.9,7.00,36.45,0.2552,3.92,3832.0,87.0
15793,142.9,7.00,36.46,0.2552,3.92,3832.0,87.0
15800,144.9,6.90,36.47,0.2516,3.97,3832.0,87.0
15807,147.1,6.80,36.47,0.2480,4.03,3832.0,87.0
15814,144.9,6.90,36.48,0.2517,3.97,3832.0,87.0
15821,142.9,7.00,36.48,0.2554,3.92,3832.0,87.0
15828,144.9,6.90,36.49,0.2518,3.97,3832.0,87.0
15834,147.1,6.80,36.50,0.2482,4.03,3832.0,87.0
15842,140.8,7.10,36.50,0.2592,3.86,3832.0,87.0
15848,144.9,6.90,36.51,0.2519,3.97,3832.0,87.0
15856,133.3,7.50,36.52,0.2739,3.65,3832.0,87.0
15863,151.5,6.60,36.52,0.2410,4.15,3832.0,87.0
15869,149.3,6.70,36.53,0.2447,4.09,3832.0,87.0
15876,140.8,7.10,36.53,0.2594,3.85,3832.0,87.0
15883,144.9,6.90,36.54,0.2521,3.97,3832.0,87.0
15890,147.1,6.80,36.55,0.2485,4.03,3832.0,87.0
15897,142.9,7.00,36.55,0.2559,3.91,3832.0,87.0
15904,144.9,6.90,36.56,0.2522,3.96,3832.0,87.0
15911,140.8,7.10,36.56,0.2596,3.85,3832.0,87.0
15918,144.9,6.90,36.57,0.2523,3.96,3832.0,87.0
15925,144.9,6.90,36.58,0.2524,3.96,3832.0,87.0
15932,142.9,7.00,36.58,0.2561,3.91,3832.0,87.0
15939,144.9,6.90,36.59,0.2525,3.96,3832.0,87.0
15946,144.9,6.90,36.59,0.2525,3.96,3832.0,87.0
15953,142.9,7.00,36.60,0.2562,3.90,3832.0,87.0
15960,137.0,7.30,36.61,0.2672,3.74,3832.0,87.0
15967,153.8,6.50,36.61,0.2380,4.20,3832.0,87.0
15973,144.9,6.90,36.62,0.2527,3.96,3832.0,87.0
15980,142.9,7.00,36.62,0.2564,3.90,3832.0,87.0
15987,142.9,7.00,36.63,0.2564,3.90,3832.0,87.0
15994,147.1,6.80,36.64,0.2491,4.02,3832.0,87.0
16001,142.9,7.00,36.64,0.2565,3.90,3832.0,87.0
16008,142.9,7.00,36.65,0.2565,3.90,3832.0,87.0
16015,144.9,6.90,36.66,0.2529,3.95,3832.0,87.0
16022,140.8,7.10,36.66,0.2603,3.84,3832.0,87.0
16029,140.8,7.10,36.67,0.2603,3.84,3832.0,87.0
16036,149.3,6.70,36.67,0.2457,4.07,3832.0,87.0
16043,144.9,6.90,36.68,0.2531,3.95,3832.0,87.0
16050,142.9,7.00,36.69,0.2568,3.90,3832.0,87.0
16057,144.9,6.90,36.69,0.2532,3.95,3832.0,87.0
16064,138.9,7.20,36.70,0.2642,3.78,3832.0,87.0
16071,151.5,6.60,36.70,0.2422,4.13,3832.0,87.0
16078,142.9,7.00,36.71,0.2570,3.89,3832.0,87.0
16085,142.9,7.00,36.72,0.2570,3.89,3832.0,87.0
16092,144.9,6.90,36.72,0.2534,3.95,3832.0,87.0
16098,144.9,6.90,36.73,0.2534,3.95,3832.0,87.0
16106,138.9,7.20,36.74,0.2645,3.78,3832.0,87.0
16113,142.9,7.00,36.74,0.2572,3.89,3832.0,87.0
16120,138.9,7.20,36.75,0.2646,3.78,3832.0,87.0
16128,116.3,8.60,36.75,0.3161,3.16,3832.0,87.0
16135,151.5,6.60,36.76,0.2426,4.12,3832.0,87.0
16142,144.9,6.90,36.77,0.2537,3.94,3832.0,87.0
16148,156.2,6.40,36.77,0.2353,4.25,3832.0,87.0
16154,169.5,5.90,36.78,0.2170,4.61,3832.0,87.0
16161,138.9,7.20,36.78,0.2648,3.78,3832.0,87.0
16169,140.8,7.10,36.79,0.2612,3.83,3832.0,87.0
16176,142.9,7.00,36.80,0.2576,3.88,3832.0,87.0
16183,137.0,7.30,36.80,0.2687,3.72,3832.0,87.0
16189,158.7,6.30,36.81,0.2319,4.31,3832.0,87.0
16196,147.1,6.80,36.81,0.2503,4.00,3832.0,87.0
16203,140.8,7.10,36.82,0.2614,3.82,3832.0,87.0
16210,142.9,7.00,36.83,0.2578,3.88,3832.0,87.0
16217,149.3,6.70,36.83,0.2468,4.05,3832.0,87.0
16224,140.8,7.10,36.84,0.2616,3.82,3832.0,87.0
16231,147.1,6.80,36.85,0.2505,3.99,3832.0,87.0
16237,147.1,6.80,36.85,0.2506,3.99,3832.0,87.0
16244,144.9,6.90,36.86,0.2543,3.93,3832.0,87.0
16251,142.9,7.00,36.86,0.2580,3.88,3832.0,87.0
16258,144.9,6.90,36.87,0.2544,3.93,3832.0,87.0
16265,138.9,7.20,36.88,0.2655,3.77,3832.0,87.0
16273,137.0,7.30,36.88,0.2692,3.71,3832.0,87.0
16279,156.2,6.40,36.89,0.2361,4.23,3832.0,87.0
16286,149.3,6.70,36.88,0.2471,4.05,3832.0,87.0
16293,140.8,7.10,36.87,0.2618,3.82,3832.0,87.0
16300,142.9,7.00,36.86,0.2580,3.88,3832.0,87.0
16307,144.9,6.90,36.85,0.2543,3.93,3832.0,87.0
16314,144.9,6.90,36.84,0.2542,3.93,3832.0,87.0
16321,140.8,7.10,36.83,0.2615,3.82,3832.0,87.0
16328,149.3,6.70,36.82,0.2467,4.05,3832.0,87.0
16335,140.8,7.10,36.81,0.2614,3.83,3832.0,86.9
16341,147.1,6.80,36.80,0.2502,4.00,3832.0,86.9
16348,142.9,7.00,36.79,0.2575,3.88,3832.0,86.9
16356,140.8,7.10,36.78,0.2611,3.83,3832.0,86.9
16363,140.8,7.10,36.77,0.2611,3.83,3832.0,86.9
16369,149.3,6.70,36.76,0.2463,4.06,3832.0,86.9
16376,140.8,7.10,36.75,0.2609,3.83,3832.0,86.9
16383,144.9,6.90,36.74,0.2535,3.94,3832.0,86.9
16390,144.9,6.90,36.73,0.2534,3.95,3832.0,86.9
16397,142.9,7.00,36.72,0.2570,3.89,3832.0,86.9
16404,144.9,6.90,36.71,0.2533,3.95,3832.0,86.9
16411,147.1,6.80,36.70,0.2495,4.01,3832.0,86.9
16418,142.9,7.00,36.68,0.2568,3.90,3832.0,86.9
16425,144.9,6.90,36.67,0.2531,3.95,3832.0,86.9
16432,144.9,6.90,36.66,0.2530,3.95,3832.0,86.9
16439,142.9,7.00,36.65,0.2566,3.90,3832.0,86.8
16446,144.9,6.90,36.64,0.2528,3.95,3832.0,86.8
16453,142.9,7.00,36.63,0.2564,3.90,3832.0,86.8
16460,138.9,7.20,36.62,0.2637,3.79,3832.0,86.8
16467,142.9,7.00,36.61,0.2563,3.90,3832.0,86.8
16474,149.3,6.70,36.60,0.2452,4.08,3832.0,86.8
16481,133.3,7.50,36.59,0.2744,3.64,3832.0,86.8
16487,158.7,6.30,36.58,0.2305,4.34,3832.0,86.8
16494,140.8,7.10,36.57,0.2596,3.85,3832.0,86.8
16502,137.0,7.30,36.56,0.2669,3.75,3832.0,86.8
16509,147.1,6.80,36.55,0.2485,4.02,3832.0,86.8
16515,144.9,6.90,36.54,0.2521,3.97,3832.0,86.8
16522,142.9,7.00,36.53,0.2557,3.91,3832.0,86.8
16529,147.1,6.80,36.52,0.2483,4.03,3832.0,86.8
16536,147.1,6.80,36.51,0.2482,4.03,3832.0,86.7
16543,144.9,6.90,36.50,0.2518,3.97,3832.0,86.7
16550,142.9,7.00,36.49,0.2554,3.92,3832.0,86.7
16557,144.9,6.90,36.47,0.2517,3.97,3832.0,86.7
16564,142.9,7.00,36.46,0.2552,3.92,3832.0,86.7
16571,144.9,6.90,36.45,0.2515,3.97,3832.0,86.7
16578,144.9,6.90,36.44,0.2515,3.98,3832.0,86.7
16585,140.8,7.10,36.43,0.2587,3.86,3832.0,86.7
16592,144.9,6.90,36.42,0.2513,3.98,3832.0,86.7
16598,147.1,6.80,36.41,0.2476,4.04,3832.0,86.7
16605,142.9,7.00,36.40,0.2548,3.93,3832.0,86.7
16612,142.9,7.00,36.39,0.2547,3.93,3832.0,86.7
16620,135.1,7.40,36.38,0.2692,3.71,3832.0,86.7
16626,151.5,6.60,36.37,0.2400,4.17,3832.0,86.7
16633,147.1,6.80,36.36,0.2472,4.05,3832.0,86.6
16640,140.8,7.10,36.35,0.2581,3.87,3832.0,86.6
16647,142.9,7.00,36.34,0.2544,3.93,3832.0,86.6
16654,142.9,7.00,36.33,0.2543,3.93,3832.0,86.6
16661,149.3,6.70,36.32,0.2433,4.11,3832.0,86.6
16668,144.9,6.90,36.31,0.2505,3.99,3832.0,86.6
16675,142.9,7.00,36.30,0.2541,3.94,3832.0,86.6
16682,144.9,6.90,36.29,0.2504,3.99,3832.0,86.6
16689,140.8,7.10,36.28,0.2576,3.88,3832.0,86.6
16696,147.1,6.80,36.26,0.2466,4.06,3832.0,86.6
16703,144.9,6.90,36.25,0.2502,4.00,3832.0,86.6
16710,144.9,6.90,36.24,0.2501,4.00,3832.0,86.6
16717,142.9,7.00,36.23,0.2536,3.94,3832.0,86.6
16724,142.9,7.00,36.22,0.2536,3.95,3832.0,86.6
16730,144.9,6.90,36.21,0.2499,4.00,3832.0,86.6
16737,144.9,6.90,36.20,0.2498,4.00,3832.0,86.5
16744,144.9,6.90,36.19,0.2497,4.00,3832.0,86.5
16751,138.9,7.20,36.18,0.2605,3.84,3832.0,86.5
16758,144.9,6.90,36.17,0.2496,4.01,3832.0,86.5
16765,142.9,7.00,36.16,0.2531,3.95,3832.0,86.5
16772,144.9,6.90,36.15,0.2494,4.01,3832.0,86.5
16779,144.9,6.90,36.14,0.2494,4.01,3832.0,86.5
16786,142.9,7.00,36.13,0.2529,3.96,3832.0,86.5
16793,137.0,7.30,36.12,0.2637,3.79,3832.0,86.5
16800,156.2,6.40,36.11,0.2311,4.33,3832.0,86.5
16807,140.8,7.10,36.10,0.2563,3.90,3832.0,86.5
16814,144.9,6.90,36.09,0.2490,4.02,3832.0,86.5
16821,147.1,6.80,36.08,0.2453,4.08,3832.0,86.5
16828,138.9,7.20,36.07,0.2597,3.85,3832.0,86.5
16835,147.1,6.80,36.05,0.2452,4.08,3832.0,86.4
16842,144.9,6.90,36.04,0.2487,4.02,3832.0,86.4
16848,144.9,6.90,36.04,0.2486,4.02,3832.0,86.4
16855,142.9,7.00,36.02,0.2522,3.97,3832.0,86.4
16862,142.9,7.00,36.01,0.2521,3.97,3832.0,86.4
16869,147.1,6.80,36.00,0.2448,4.09,3832.0,86.4
16876,142.9,7.00,35.99,0.2520,3.97,3832.0,86.4
16883,142.9,7.00,35.98,0.2519,3.97,3832.0,86.4
16890,142.9,7.00,35.97,0.2518,3.97,3832.0,86.4
16897,142.9,7.00,35.96,0.2517,3.97,3832.0,86.4
16904,147.1,6.80,35.95,0.2445,4.09,3832.0,86.4
16911,144.9,6.90,35.94,0.2480,4.03,3832.0,86.4
16918,142.9,7.00,35.93,0.2515,3.98,3832.0,86.4
16925,144.9,6.90,35.92,0.2478,4.03,3832.0,86.4
16932,144.9,6.90,35.91,0.2478,4.04,3832.0,86.4
16939,142.9,7.00,35.90,0.2513,3.98,3832.0,86.3
16946,142.9,7.00,35.89,0.2512,3.98,3832.0,86.3
16953,144.9,6.90,35.88,0.2475,4.04,3832.0,86.3
16960,142.9,7.00,35.87,0.2511,3.98,3832.0,86.3
16967,142.9,7.00,35.86,0.2510,3.99,3832.0,86.3
16974,142.9,7.00,35.85,0.2509,3.99,3832.0,86.3
16981,144.9,6.90,35.83,0.2473,4.04,3832.0,86.3
16988,142.9,7.00,35.82,0.2508,3.99,3832.0,86.3
16994,144.9,6.90,35.81,0.2471,4.05,3832.0,86.3
17002,137.0,7.30,35.80,0.2614,3.83,3832.0,86.3
17008,153.8,6.50,35.79,0.2327,4.30,3832.0,86.3
17015,140.8,7.10,35.78,0.2541,3.93,3832.0,86.3
17022,144.9,6.90,35.77,0.2468,4.05,3832.0,86.3
17029,142.9,7.00,35.76,0.2503,4.00,3832.0,86.3
17036,142.9,7.00,35.75,0.2503,4.00,3832.0,86.2
17044,137.0,7.30,35.74,0.2609,3.83,3832.0,86.2
17050,149.3,6.70,35.73,0.2394,4.18,3832.0,86.2
17057,142.9,7.00,35.72,0.2500,4.00,3832.0,86.2
17064,144.9,6.90,35.71,0.2464,4.06,3832.0,86.2
17071,144.9,6.90,35.70,0.2463,4.06,3832.0,86.2
17078,142.9,7.00,35.69,0.2498,4.00,3832.0,86.2
17085,144.9,6.90,35.68,0.2462,4.06,3832.0,86.2
17092,142.9,7.00,35.67,0.2497,4.01,3832.0,86.2
17099,147.1,6.80,35.66,0.2425,4.13,3832.0,86.2
17106,135.1,7.40,35.65,0.2638,3.79,3832.0,86.2
17113,149.3,6.70,35.64,0.2388,4.19,3832.0,86.2
17120,135.1,7.40,35.62,0.2636,3.79,3832.0,86.2
17127,140.8,7.10,35.61,0.2529,3.95,3832.0,86.2
17134,153.8,6.50,35.60,0.2314,4.32,3832.0,86.1
17141,149.3,6.70,35.59,0.2385,4.19,3832.0,86.1
17147,147.1,6.80,35.58,0.2420,4.13,3832.0,86.1
17155,138.9,7.20,35.57,0.2561,3.90,3832.0,86.1
17162,140.8,7.10,35.56,0.2525,3.96,3832.0,86.1
17169,144.9,6.90,35.55,0.2453,4.08,3832.0,86.1
17175,149.3,6.70,35.54,0.2381,4.20,3832.0,86.1
17183,135.1,7.40,35.53,0.2629,3.80,3832.0,86.1
17191,126.6,7.90,35.52,0.2806,3.56,3832.0,86.1
17198,131.6,7.60,35.51,0.2699,3.71,3832.0,86.1
17205,140.8,7.10,35.50,0.2520,3.97,3832.0,86.1
17212,142.9,7.00,35.49,0.2484,4.03,3832.0,86.1
17219,151.5,6.60,35.48,0.2341,4.27,3832.0,86.1
17225,158.7,6.30,35.47,0.2234,4.47,3832.0,86.1
17231,169.5,5.90,35.46,0.2092,4.78,3832.0,86.1
17238,151.5,6.60,35.45,0.2339,4.27,3832.0,86.0
17244,147.1,6.80,35.44,0.2410,4.15,3832.0,86.0
17251,142.9,7.00,35.43,0.2480,4.03,3832.0,86.0
17259,140.8,7.10,35.41,0.2514,3.98,3832.0,86.0
17265,147.1,6.80,35.41,0.2408,4.15,3832.0,86.0
17272,142.9,7.00,35.40,0.2478,4.04,3832.0,86.0
17279,147.1,6.80,35.38,0.2406,4.16,3832.0,86.0
17286,142.9,7.00,35.38,0.2477,4.04,3832.0,86.0
17293,142.9,7.00,35.38,0.2476,4.04,3832.1,86.0
17300,144.9,6.90,35.37,0.2441,4.10,3832.1,86.0
17307,142.9,7.00,35.37,0.2476,4.04,3832.1,86.0
17315,131.6,7.60,35.37,0.2688,3.72,3832.2,86.0
17321,149.3,6.70,35.37,0.2370,4.22,3832.2,86.0
17328,149.3,6.70,35.36,0.2369,4.22,3832.3,86.0
17335,151.5,6.60,35.36,0.2334,4.28,3832.3,86.1
17342,138.9,7.20,35.36,0.2546,3.93,3832.4,86.1
17349,142.9,7.00,35.36,0.2475,4.04,3832.4,86.1
17356,147.1,6.80,35.35,0.2404,4.16,3832.4,86.1
17363,144.9,6.90,35.35,0.2439,4.10,3832.5,86.1
17369,149.3,6.70,35.35,0.2368,4.22,3832.5,86.1
17376,144.9,6.90,35.35,0.2439,4.10,3832.6,86.1
17383,144.9,6.90,35.34,0.2439,4.10,3832.6,86.1
17390,142.9,7.00,35.34,0.2474,4.04,3832.6,86.1
17397,142.9,7.00,35.34,0.2474,4.04,3832.7,86.1
17404,144.9,6.90,35.34,0.2438,4.10,3832.7,86.1
17411,140.8,7.10,35.33,0.2509,3.98,3832.8,86.1
17418,149.3,6.70,35.33,0.2367,4.23,3832.8,86.1
17425,142.9,7.00,35.33,0.2473,4.04,3832.9,86.1
17432,140.8,7.10,35.33,0.2508,3.99,3832.9,86.1
17439,147.1,6.80,35.33,0.2402,4.16,3832.9,86.2
17446,142.9,7.00,35.32,0.2473,4.05,3833.0,86.2
17453,147.1,6.80,35.32,0.2402,4.16,3833.0,86.2
17460,138.9,7.20,35.32,0.2543,3.93,3833.1,86.2
17467,140.8,7.10,35.32,0.2507,3.99,3833.1,86.2
17475,129.9,7.70,35.31,0.2719,3.68,3833.2,86.2
17482,133.3,7.50,35.31,0.2648,3.78,3833.2,86.2
17490,120.5,8.30,35.31,0.2930,3.41,3833.2,86.2
17497,140.8,7.10,35.30,0.2507,3.99,3833.3,86.2
17505,126.6,7.90,35.30,0.2789,3.59,3833.3,86.2
17513,128.2,7.80,35.30,0.2753,3.63,3833.4,86.2
17520,138.9,7.20,35.30,0.2541,3.94,3833.4,86.2
17527,140.8,7.10,35.29,0.2506,3.99,3833.5,86.2
17534,144.9,6.90,35.29,0.2435,4.11,3833.5,86.3
17541,142.9,7.00,35.29,0.2470,4.05,3833.6,86.3
17548,144.9,6.90,35.29,0.2435,4.11,3833.6,86.3
17555,140.8,7.10,35.28,0.2505,3.99,3833.6,86.3
17562,144.9,6.90,35.28,0.2434,4.11,3833.7,86.3
17569,142.9,7.00,35.28,0.2470,4.05,3833.7,86.3
17576,144.9,6.90,35.28,0.2434,4.11,3833.8,86.3
17585,116.3,8.60,35.27,0.3034,3.30,3833.8,86.3
17592,142.9,7.00,35.27,0.2469,4.05,3833.9,86.3
17599,149.3,6.70,35.27,0.2363,4.23,3833.9,86.3
17605,144.9,6.90,35.27,0.2433,4.11,3833.9,86.3
17613,140.8,7.10,35.26,0.2504,3.99,3834.0,86.3
17620,137.0,7.30,35.26,0.2574,3.89,3834.0,86.3
17627,140.8,7.10,35.26,0.2503,3.99,3834.1,86.3
17634,142.9,7.00,35.26,0.2468,4.05,3834.1,86.4
17641,135.1,7.40,35.25,0.2609,3.83,3834.2,86.4
17648,142.9,7.00,35.25,0.2468,4.05,3834.2,86.4
17656,135.1,7.40,35.25,0.2608,3.83,3834.2,86.4
17663,147.1,6.80,35.25,0.2397,4.17,3834.3,86.4
17670,142.9,7.00,35.24,0.2467,4.05,3834.3,86.4
17676,144.9,6.90,35.24,0.2432,4.11,3834.4,86.4
17684,137.0,7.30,35.24,0.2572,3.89,3834.4,86.4
17691,138.9,7.20,35.24,0.2537,3.94,3834.5,86.4
17698,140.8,7.10,35.23,0.2502,4.00,3834.5,86.4
17705,138.9,7.20,35.23,0.2537,3.94,3834.5,86.4
17712,140.8,7.10,35.23,0.2501,4.00,3834.6,86.4
17720,128.2,7.80,35.23,0.2748,3.64,3834.6,86.4
17727,140.8,7.10,35.22,0.2501,4.00,3834.7,86.4
17735,137.0,7.30,35.22,0.2571,3.89,3834.7,86.5
17742,140.8,7.10,35.22,0.2501,4.00,3834.8,86.5
17750,126.6,7.90,35.22,0.2782,3.59,3834.8,86.5
17757,140.8,7.10,35.21,0.2500,4.00,3834.8,86.5
17764,144.9,6.90,35.21,0.2430,4.12,3834.9,86.5
17771,140.8,7.10,35.21,0.2500,4.00,3834.9,86.5
17778,138.9,7.20,35.21,0.2535,3.95,3835.0,86.5
17786,120.5,8.30,35.20,0.2922,3.42,3835.0,86.5
17793,144.9,6.90,35.20,0.2429,4.12,3835.1,86.5
17800,140.8,7.10,35.20,0.2499,4.00,3835.1,86.5
17808,135.1,7.40,35.20,0.2604,3.84,3835.2,86.5
17815,135.1,7.40,35.19,0.2604,3.84,3835.2,86.5
17823,128.2,7.80,35.19,0.2745,3.64,3835.2,86.5
17830,137.0,7.30,35.19,0.2569,3.89,3835.3,86.5
17838,128.2,7.80,35.19,0.2744,3.64,3835.3,86.6
17845,133.3,7.50,35.18,0.2639,3.79,3835.4,86.6
17853,135.1,7.40,35.18,0.2603,3.84,3835.4,86.6
17860,131.6,7.60,35.18,0.2674,3.74,3835.5,86.6
17868,131.6,7.60,35.17,0.2673,3.74,3835.5,86.6
17876,117.6,8.50,35.17,0.2990,3.34,3835.6,86.6
17883,147.1,6.80,35.17,0.2392,4.18,3835.6,86.6
17891,126.6,7.90,35.17,0.2778,3.60,3835.7,86.6
17899,135.1,7.40,35.16,0.2602,3.84,3835.7,86.6
17906,131.6,7.60,35.16,0.2672,3.74,3835.7,86.6
17914,133.3,7.50,35.16,0.2637,3.79,3835.8,86.6
17922,125.0,8.00,35.16,0.2812,3.56,3835.8,86.6
17929,137.0,7.30,35.15,0.2566,3.90,3835.9,86.6
17937,123.5,8.10,35.15,0.2847,3.51,3835.9,86.7
17944,140.8,7.10,35.15,0.2496,4.01,3836.0,86.7
17952,133.3,7.50,35.15,0.2636,3.79,3836.0,86.7
17960,126.6,7.90,35.14,0.2776,3.60,3836.1,86.7
17967,131.6,7.60,35.14,0.2671,3.74,3836.1,86.7
17974,142.9,7.00,35.14,0.2460,4.07,3836.2,86.7
17982,129.9,7.70,35.13,0.2705,3.70,3836.2,86.7
17991,117.6,8.50,35.13,0.2986,3.35,3836.3,86.7
17998,131.6,7.60,35.13,0.2670,3.75,3836.3,86.7
18007,119.0,8.40,35.13,0.2951,3.39,3836.3,86.7
18014,140.8,7.10,35.12,0.2494,4.01,3836.4,86.7
18021,133.3,7.50,35.12,0.2634,3.80,3836.4,86.7
18029,126.6,7.90,35.12,0.2774,3.60,3836.5,86.7
18036,135.1,7.40,35.12,0.2599,3.85,3836.5,86.8
18044,129.9,7.70,35.11,0.2704,3.70,3836.6,86.8
18052,133.3,7.50,35.11,0.2633,3.80,3836.6,86.8
18059,135.1,7.40,35.11,0.2598,3.85,3836.7,86.8
18067,131.6,7.60,35.11,0.2668,3.75,3836.7,86.8
18074,129.9,7.70,35.10,0.2703,3.70,3836.8,86.8
18083,116.3,8.60,35.10,0.3019,3.31,3836.8,86.8
18090,140.8,7.10,35.10,0.2492,4.01,3836.8,86.8
18097,144.9,6.90,35.09,0.2422,4.13,3836.9,86.8
18104,138.9,7.20,35.09,0.2527,3.96,3836.9,86.8
18112,120.5,8.30,35.09,0.2912,3.43,3837.0,86.8
18120,138.9,7.20,35.09,0.2526,3.96,3837.0,86.8
18128,116.3,8.60,35.08,0.3017,3.31,3837.1,86.8
18136,125.0,8.00,35.08,0.2806,3.56,3837.1,86.9
18144,133.3,7.50,35.08,0.2631,3.80,3837.2,86.9
18151,131.6,7.60,35.08,0.2666,3.75,3837.2,86.9
18159,137.0,7.30,35.07,0.2560,3.91,3837.3,86.9
18166,131.6,7.60,35.07,0.2665,3.75,3837.3,86.9
18174,133.3,7.50,35.07,0.2630,3.80,3837.4,86.9
18182,119.0,8.40,35.07,0.2945,3.39,3837.4,86.9
18189,138.9,7.20,35.06,0.2525,3.96,3837.4,86.9
18197,135.1,7.40,35.06,0.2594,3.85,3837.5,86.9
18204,133.3,7.50,35.06,0.2629,3.80,3837.5,86.9
18212,135.1,7.40,35.05,0.2594,3.85,3837.6,86.9
18219,137.0,7.30,35.05,0.2559,3.91,3837.6,86.9
18227,120.5,8.30,35.05,0.2909,3.44,3837.7,86.9
18235,135.1,7.40,35.05,0.2593,3.85,3837.7,87.0
18242,131.6,7.60,35.04,0.2663,3.76,3837.8,87.0
18250,135.1,7.40,35.04,0.2593,3.86,3837.8,87.0
18257,133.3,7.50,35.04,0.2628,3.80,3837.8,87.0
18265,123.5,8.10,35.04,0.2838,3.52,3837.9,87.0
18272,140.8,7.10,35.03,0.2487,4.02,3837.9,87.0
18280,131.6,7.60,35.03,0.2662,3.76,3838.0,87.0
18287,133.3,7.50,35.04,0.2628,3.80,3838.0,87.0
18295,133.3,7.50,35.05,0.2629,3.80,3837.9,87.0
18303,131.6,7.60,35.06,0.2665,3.75,3837.9,87.0
18310,128.2,7.80,35.08,0.2736,3.65,3837.8,87.0
18318,131.6,7.60,35.09,0.2667,3.75,3837.8,87.0
18326,119.0,8.40,35.10,0.2949,3.39,3837.7,87.0
18335,117.6,8.50,35.12,0.2985,3.35,3837.7,87.0
18342,147.1,6.80,35.13,0.2389,4.19,3837.6,87.0
18349,133.3,7.50,35.14,0.2636,3.79,3837.6,87.0
18357,128.2,7.80,35.15,0.2742,3.65,3837.5,87.0
18364,135.1,7.40,35.17,0.2602,3.84,3837.5,87.0
18372,131.6,7.60,35.18,0.2674,3.74,3837.5,87.0
18380,131.6,7.60,35.19,0.2675,3.74,3837.4,87.0
18387,128.2,7.80,35.20,0.2746,3.64,3837.4,87.0
18395,131.6,7.60,35.22,0.2677,3.74,3837.3,87.0
18403,129.9,7.70,35.23,0.2713,3.69,3837.3,87.0
18411,117.6,8.50,35.24,0.2996,3.34,3837.2,87.0
18418,142.9,7.00,35.26,0.2468,4.05,3837.2,87.0
18427,114.9,8.70,35.27,0.3069,3.26,3837.1,87.0
18435,126.6,7.90,35.28,0.2787,3.59,3837.1,87.0
18442,129.9,7.70,35.30,0.2718,3.68,3837.0,87.0
18450,133.3,7.50,35.31,0.2648,3.78,3837.0,87.0
18458,125.0,8.00,35.32,0.2826,3.54,3836.9,87.0
18465,138.9,7.20,35.33,0.2544,3.93,3836.9,87.0
18474,112.4,8.90,35.35,0.3146,3.18,3836.8,87.0
18483,116.3,8.60,35.36,0.3041,3.29,3836.8,87.0
18491,114.9,8.70,35.38,0.3078,3.25,3836.7,87.0
18500,114.9,8.70,35.39,0.3079,3.25,3836.7,87.0
18508,119.0,8.40,35.41,0.2974,3.36,3836.6,87.0
18517,116.3,8.60,35.42,0.3046,3.28,3836.6,87.0
18526,109.9,9.10,35.44,0.3225,3.10,3836.5,87.0
18534,120.5,8.30,35.45,0.2942,3.40,3836.5,87.0
18542,131.6,7.60,35.46,0.2695,3.71,3836.4,87.0
18550,126.6,7.90,35.47,0.2803,3.57,3836.4,87.0
18557,135.1,7.40,35.49,0.2626,3.81,3836.4,87.0
18565,131.6,7.60,35.50,0.2698,3.71,3836.3,87.0
18572,133.3,7.50,35.51,0.2663,3.75,3836.3,87.0
18580,135.1,7.40,35.52,0.2629,3.80,3836.2,87.0
18587,133.3,7.50,35.54,0.2665,3.75,3836.2,87.0
18595,131.6,7.60,35.55,0.2702,3.70,3836.1,87.0
18602,133.3,7.50,35.56,0.2667,3.75,3836.1,87.0
18610,131.6,7.60,35.57,0.2704,3.70,3836.0,87.0
18618,129.9,7.70,35.59,0.2740,3.65,3836.0,87.0
18625,131.6,7.60,35.60,0.2706,3.70,3835.9,87.0
18633,126.6,7.90,35.61,0.2813,3.55,3835.9,87.0
18641,135.1,7.40,35.63,0.2636,3.79,3835.8,87.0
18648,135.1,7.40,35.64,0.2637,3.79,3835.8,87.0
18656,133.3,7.50,35.65,0.2674,3.74,3835.8,87.0
18663,137.0,7.30,35.66,0.2603,3.84,3835.7,87.0
18670,137.0,7.30,35.67,0.2604,3.84,3835.7,87.0
18678,135.1,7.40,35.69,0.2641,3.79,3835.6,87.0
18685,138.9,7.20,35.70,0.2570,3.89,3835.6,87.0
18692,133.3,7.50,35.71,0.2678,3.73,3835.5,87.0
18700,123.5,8.10,35.72,0.2894,3.46,3835.5,87.0
18709,117.6,8.50,35.74,0.3038,3.29,3835.4,87.0
18717,131.6,7.60,35.75,0.2717,3.68,3835.4,87.0
18724,133.3,7.50,35.76,0.2682,3.73,3835.3,87.0
18732,126.6,7.90,35.78,0.2826,3.54,3835.3,87.0
18739,137.0,7.30,35.79,0.2613,3.83,3835.3,87.0
18747,137.0,7.30,35.80,0.2614,3.83,3835.2,87.0
18754,133.3,7.50,35.81,0.2686,3.72,3835.2,87.0
18762,133.3,7.50,35.83,0.2687,3.72,3835.1,87.0
18769,137.0,7.30,35.84,0.2616,3.82,3835.1,87.0
18777,116.3,8.60,35.85,0.3083,3.24,3835.0,87.0
18785,140.8,7.10,35.86,0.2546,3.93,3835.0,87.0
18793,114.9,8.70,35.88,0.3121,3.20,3834.9,87.0
18801,126.6,7.90,35.89,0.2835,3.53,3834.9,87.0
18809,123.5,8.10,35.90,0.2908,3.44,3834.8,87.0
18817,129.9,7.70,35.92,0.2766,3.62,3834.8,87.0
18825,122.0,8.20,35.93,0.2946,3.40,3834.7,87.0
18833,126.6,7.90,35.94,0.2840,3.52,3834.7,87.0
18841,128.2,7.80,35.96,0.2805,3.57,3834.6,87.0
18849,129.9,7.70,35.97,0.2770,3.61,3834.6,87.0
18856,140.8,7.10,35.98,0.2555,3.91,3834.6,87.0
18863,138.9,7.20,35.99,0.2592,3.86,3834.5,87.0
18870,144.9,6.90,36.01,0.2484,4.02,3834.5,87.0
18877,142.9,7.00,36.02,0.2521,3.97,3834.4,87.0
18884,144.9,6.90,36.03,0.2486,4.02,3834.4,87.0
18890,147.1,6.80,36.04,0.2451,4.08,3834.4,87.0
18897,144.9,6.90,36.05,0.2488,4.02,3834.3,87.0
18904,142.9,7.00,36.06,0.2524,3.96,3834.3,87.0
18911,147.1,6.80,36.07,0.2453,4.08,3834.2,87.0
18918,147.1,6.80,36.09,0.2454,4.08,3834.2,87.0
18925,142.9,7.00,36.10,0.2527,3.96,3834.1,87.0
18932,140.8,7.10,36.11,0.2564,3.90,3834.1,87.0
18939,140.8,7.10,36.12,0.2565,3.90,3834.1,87.0
18946,149.3,6.70,36.13,0.2421,4.13,3834.0,87.0
18953,138.9,7.20,36.14,0.2602,3.84,3834.0,87.0
18961,133.3,7.50,36.16,0.2712,3.69,3833.9,87.0
18968,140.8,7.10,36.17,0.2568,3.89,3833.9,87.0
18974,147.1,6.80,36.18,0.2460,4.07,3833.8,87.0
18982,135.1,7.40,36.19,0.2678,3.73,3833.8,87.0
18991,114.9,8.70,36.21,0.3150,3.17,3833.7,87.0
18998,133.3,7.50,36.22,0.2716,3.68,3833.7,87.0
19006,131.6,7.60,36.23,0.2754,3.63,3833.7,87.0
19014,126.6,7.90,36.25,0.2863,3.49,3833.6,87.0
19021,138.9,7.20,36.26,0.2610,3.83,3833.6,87.0
19029,119.0,8.40,36.27,0.3047,3.28,3833.5,87.0
19037,135.1,7.40,36.28,0.2685,3.72,3833.5,87.0
19044,131.6,7.60,36.29,0.2758,3.63,3833.4,87.0
19052,133.3,7.50,36.31,0.2723,3.67,3833.4,87.0
19060,123.5,8.10,36.32,0.2942,3.40,3833.3,87.0
19068,128.2,7.80,36.33,0.2834,3.53,3833.3,87.0
19075,137.0,7.30,36.35,0.2653,3.77,3833.2,87.0
19082,135.1,7.40,36.36,0.2690,3.72,3833.2,87.0
19090,129.9,7.70,36.37,0.2801,3.57,3833.2,87.0
19097,138.9,7.20,36.38,0.2620,3.82,3833.1,87.0
19106,119.0,8.40,36.40,0.3057,3.27,3833.1,87.0
19112,144.9,6.90,36.41,0.2512,3.98,3833.0,87.0
19119,142.9,7.00,36.42,0.2549,3.92,3833.0,87.0
19127,140.8,7.10,36.43,0.2587,3.86,3832.9,87.0
19133,151.5,6.60,36.44,0.2405,4.16,3832.9,87.0
19140,138.9,7.20,36.45,0.2625,3.81,3832.9,87.0
19147,149.3,6.70,36.47,0.2443,4.09,3832.8,87.0
19154,144.9,6.90,36.48,0.2517,3.97,3832.8,87.0
19161,138.9,7.20,36.49,0.2627,3.81,3832.7,87.0
19168,144.9,6.90,36.50,0.2519,3.97,3832.7,87.0
19175,144.9,6.90,36.51,0.2519,3.97,3832.6,87.0
19182,142.9,7.00,36.52,0.2557,3.91,3832.6,87.0
19189,144.9,6.90,36.54,0.2521,3.97,3832.6,87.0
19196,144.9,6.90,36.55,0.2522,3.96,3832.5,87.0
19203,142.9,7.00,36.56,0.2559,3.91,3832.5,87.0
19210,144.9,6.90,36.57,0.2523,3.96,3832.4,87.0
19217,142.9,7.00,36.58,0.2561,3.91,3832.4,87.0
19224,144.9,6.90,36.59,0.2525,3.96,3832.3,87.0
19231,142.9,7.00,36.61,0.2562,3.90,3832.3,87.0
19237,147.1,6.80,36.62,0.2490,4.02,3832.3,87.0
19245,137.0,7.30,36.63,0.2674,3.74,3832.2,87.0
19251,147.1,6.80,36.64,0.2491,4.01,3832.2,87.0
19258,144.9,6.90,36.65,0.2529,3.95,3832.1,87.0
19265,144.9,6.90,36.66,0.2530,3.95,3832.1,87.0
19272,140.8,7.10,36.67,0.2604,3.84,3832.1,87.0
19279,144.9,6.90,36.69,0.2531,3.95,3832.0,87.0
19286,147.1,6.80,36.69,0.2495,4.01,3832.0,87.0
19293,140.8,7.10,36.69,0.2605,3.84,3832.0,87.0
19300,149.3,6.70,36.69,0.2458,4.07,3832.0,87.0
19307,140.8,7.10,36.69,0.2605,3.84,3832.0,87.0
19314,144.9,6.90,36.69,0.2531,3.95,3832.0,87.0
19321,142.9,7.00,36.69,0.2568,3.90,3832.0,87.0
19328,147.1,6.80,36.69,0.2495,4.01,3832.0,87.0
19335,142.9,7.00,36.69,0.2568,3.90,3832.0,87.0
19342,144.9,6.90,36.69,0.2531,3.95,3832.0,87.0
19349,133.3,7.50,36.69,0.2751,3.63,3832.0,87.0
19356,153.8,6.50,36.69,0.2385,4.19,3832.0,87.0
19362,144.9,6.90,36.69,0.2531,3.95,3832.0,87.0
19370,140.8,7.10,36.68,0.2605,3.84,3832.0,87.0
19376,147.1,6.80,36.68,0.2495,4.01,3832.0,87.0
19383,142.9,7.00,36.68,0.2568,3.90,3832.0,87.0
19390,140.8,7.10,36.68,0.2605,3.84,3832.0,87.0
19397,147.1,6.80,36.68,0.2494,4.01,3832.0,87.0
19404,144.9,6.90,36.68,0.2531,3.95,3832.0,87.0
19411,144.9,6.90,36.68,0.2531,3.95,3832.0,87.0
19418,142.9,7.00,36.68,0.2568,3.90,3832.0,87.0
19425,144.9,6.90,36.68,0.2531,3.95,3832.0,87.0
19432,147.1,6.80,36.68,0.2494,4.01,3832.0,87.0
19439,142.9,7.00,36.68,0.2568,3.90,3832.0,87.0
19446,144.9,6.90,36.68,0.2531,3.95,3832.0,87.0
19453,137.0,7.30,36.68,0.2678,3.74,3832.0,87.0
19460,149.3,6.70,36.68,0.2458,4.07,3832.0,87.0
19467,144.9,6.90,36.68,0.2531,3.95,3832.0,87.0
19474,138.9,7.20,36.68,0.2641,3.79,3832.0,87.0
19481,142.9,7.00,36.68,0.2567,3.90,3832.0,87.0
19487,151.5,6.60,36.68,0.2421,4.13,3832.0,87.0
19495,140.8,7.10,36.68,0.2604,3.84,3832.0,87.0
19501,149.3,6.70,36.68,0.2457,4.07,3832.0,87.0
19508,142.9,7.00,36.68,0.2567,3.90,3832.0,87.0
19515,142.9,7.00,36.68,0.2567,3.90,3832.0,87.0
19522,144.9,6.90,36.68,0.2531,3.95,3832.0,87.0
19529,142.9,7.00,36.68,0.2567,3.90,3832.0,87.0
19536,142.9,7.00,36.67,0.2567,3.90,3832.0,87.0
19543,147.1,6.80,36.67,0.2494,4.01,3832.0,87.0
19550,144.9,6.90,36.67,0.2531,3.95,3832.0,87.0
19557,138.9,7.20,36.67,0.2640,3.79,3832.0,87.0
19564,147.1,6.80,36.67,0.2494,4.01,3832.0,87.0
19571,142.9,7.00,36.67,0.2567,3.90,3832.0,87.0
19578,144.9,6.90,36.67,0.2530,3.95,3832.0,87.0
19585,147.1,6.80,36.67,0.2494,4.01,3832.0,87.0
19592,140.8,7.10,36.67,0.2604,3.84,3832.0,87.0
19599,144.9,6.90,36.67,0.2530,3.95,3832.0,87.0
19606,142.9,7.00,36.67,0.2567,3.90,3832.0,87.0
19612,144.9,6.90,36.67,0.2530,3.95,3832.0,87.0
19619,144.9,6.90,36.67,0.2530,3.95,3832.0,87.0
19626,142.9,7.00,36.67,0.2567,3.90,3832.0,87.0
19633,144.9,6.90,36.67,0.2530,3.95,3832.0,87.0
19640,142.9,7.00,36.67,0.2567,3.90,3832.0,87.0
19647,142.9,7.00,36.67,0.2567,3.90,3832.0,87.0
19654,144.9,6.90,36.67,0.2530,3.95,3832.0,87.0
19661,140.8,7.10,36.67,0.2603,3.84,3832.0,87.0
19668,138.9,7.20,36.67,0.2640,3.79,3832.0,87.0
19675,147.1,6.80,36.67,0.2493,4.01,3832.0,87.0
19682,149.3,6.70,36.67,0.2457,4.07,3832.0,87.0
19689,142.9,7.00,36.67,0.2567,3.90,3832.0,87.0
19696,147.1,6.80,36.67,0.2493,4.01,3832.0,87.0
19703,144.9,6.90,36.66,0.2530,3.95,3832.0,87.0
19710,140.8,7.10,36.66,0.2603,3.84,3832.0,87.0
19717,147.1,6.80,36.66,0.2493,4.01,3832.0,87.0
19724,142.9,7.00,36.66,0.2566,3.90,3832.0,87.0
19730,144.9,6.90,36.66,0.2530,3.95,3832.0,87.0
19737,142.9,7.00,36.66,0.2566,3.90,3832.0,87.0
19744,142.9,7.00,36.66,0.2566,3.90,3832.0,87.0
19751,144.9,6.90,36.66,0.2530,3.95,3832.0,87.0
19758,142.9,7.00,36.66,0.2566,3.90,3832.0,87.0
19765,140.8,7.10,36.66,0.2603,3.84,3832.0,87.0
19772,147.1,6.80,36.66,0.2493,4.01,3832.0,87.0
19779,144.9,6.90,36.66,0.2530,3.95,3832.0,87.0
19786,142.9,7.00,36.66,0.2566,3.90,3832.0,87.0
19793,147.1,6.80,36.66,0.2493,4.01,3832.0,87.0
19800,142.9,7.00,36.66,0.2566,3.90,3832.0,87.0
19807,147.1,6.80,36.66,0.2493,4.01,3832.0,87.0
19814,140.8,7.10,36.66,0.2603,3.84,3832.0,87.0
19821,144.9,6.90,36.66,0.2529,3.95,3832.0,87.0
19828,142.9,7.00,36.66,0.2566,3.90,3832.0,87.0
19835,142.9,7.00,36.66,0.2566,3.90,3832.0,87.0
19842,144.9,6.90,36.66,0.2529,3.95,3832.0,87.0
19849,142.9,7.00,36.66,0.2566,3.90,3832.0,87.0
19856,144.9,6.90,36.66,0.2529,3.95,3832.0,87.0
19862,144.9,6.90,36.66,0.2529,3.95,3832.0,87.0
19870,140.8,7.10,36.65,0.2602,3.84,3832.0,87.0
19876,147.1,6.80,36.65,0.2492,4.01,3832.0,87.0
19883,140.8,7.10,36.65,0.2602,3.84,3832.0,87.0
19890,147.1,6.80,36.65,0.2492,4.01,3832.0,87.0
19897,142.9,7.00,36.65,0.2566,3.90,3832.0,87.0
19904,144.9,6.90,36.65,0.2529,3.95,3832.0,87.0
19911,144.9,6.90,36.65,0.2529,3.95,3832.0,87.0
19918,142.9,7.00,36.65,0.2566,3.90,3832.0,87.0
19925,144.9,6.90,36.65,0.2529,3.95,3832.0,87.0
19932,142.9,7.00,36.65,0.2566,3.90,3832.0,87.0
19939,144.9,6.90,36.65,0.2529,3.95,3832.0,87.0
19946,140.8,7.10,36.65,0.2602,3.84,3832.0,87.0
19953,149.3,6.70,36.65,0.2456,4.07,3832.0,87.0
19959,147.1,6.80,36.65,0.2492,4.01,3832.0,87.0
19967,140.8,7.10,36.65,0.2602,3.84,3832.0,87.0
19974,142.9,7.00,36.65,0.2565,3.90,3832.0,87.0
19981,142.9,7.00,36.65,0.2565,3.90,3832.0,87.0
19989,119.0,8.40,36.65,0.3078,3.25,3832.0,87.0
19997,125.0,8.00,36.65,0.2932,3.41,3832.0,87.0
20005,129.9,7.70,36.65,0.2822,3.54,3832.0,87.0
20012,131.6,7.60,36.65,0.2785,3.59,3832.0,87.0
20020,122.0,8.20,36.65,0.3005,3.33,3832.0,87.0
20028,140.8,7.10,36.65,0.2602,3.84,3832.0,87.0
20035,142.9,7.00,36.64,0.2565,3.90,3832.0,87.0
20043,116.3,8.60,36.64,0.3151,3.17,3832.0,87.0
20050,140.8,7.10,36.64,0.2602,3.84,3832.0,87.0
20058,128.2,7.80,36.64,0.2858,3.50,3832.0,87.0
20066,122.0,8.20,36.64,0.3005,3.33,3832.0,87.0
20074,126.6,7.90,36.64,0.2895,3.46,3832.0,87.0
20082,131.6,7.60,36.64,0.2785,3.59,3832.0,87.0
20089,140.8,7.10,36.64,0.2602,3.84,3832.0,87.0
20097,125.0,8.00,36.64,0.2931,3.41,3832.0,87.0
20104,138.9,7.20,36.64,0.2638,3.79,3832.0,87.0
20113,117.6,8.50,36.64,0.3114,3.21,3832.0,87.0
20119,149.3,6.70,36.64,0.2455,4.07,3832.0,87.0
20127,133.3,7.50,36.64,0.2748,3.64,3832.0,87.0
20134,138.9,7.20,36.64,0.2638,3.79,3832.0,87.0
20141,142.9,7.00,36.64,0.2565,3.90,3832.0,87.0
20148,137.0,7.30,36.64,0.2675,3.74,3832.0,87.0
20156,137.0,7.30,36.64,0.2675,3.74,3832.0,87.0
20163,140.8,7.10,36.64,0.2601,3.84,3832.0,87.0
20170,144.9,6.90,36.64,0.2528,3.96,3832.0,87.0
20177,140.8,7.10,36.64,0.2601,3.84,3832.0,87.0
20184,138.9,7.20,36.64,0.2638,3.79,3832.0,87.0
20191,144.9,6.90,36.64,0.2528,3.96,3832.0,87.0
20198,135.1,7.40,36.64,0.2711,3.69,3832.0,87.0
20205,138.9,7.20,36.63,0.2638,3.79,3832.0,87.0
20212,144.9,6.90,36.63,0.2528,3.96,3832.0,87.0
20220,133.3,7.50,36.63,0.2748,3.64,3832.0,87.0
20227,147.1,6.80,36.63,0.2491,4.02,3832.0,87.0
20234,137.0,7.30,36.63,0.2674,3.74,3832.0,87.0
20241,138.9,7.20,36.63,0.2638,3.79,3832.0,87.0
20248,138.9,7.20,36.63,0.2638,3.79,3832.0,87.0
20255,144.9,6.90,36.63,0.2528,3.96,3832.0,87.0
20262,138.9,7.20,36.63,0.2637,3.79,3832.0,87.0
20270,138.9,7.20,36.63,0.2637,3.79,3832.0,87.0
20277,128.2,7.80,36.63,0.2857,3.50,3832.0,87.0
20285,133.3,7.50,36.63,0.2747,3.64,3832.0,87.0
20293,122.0,8.20,36.63,0.3004,3.33,3832.1,87.0
20300,142.9,7.00,36.63,0.2564,3.90,3832.1,87.0
20307,137.0,7.30,36.63,0.2674,3.74,3832.1,87.0
20314,147.1,6.80,36.63,0.2491,4.02,3832.2,87.0
20322,135.1,7.40,36.63,0.2710,3.69,3832.2,87.0
20329,137.0,7.30,36.63,0.2674,3.74,3832.3,87.0
20336,138.9,7.20,36.63,0.2637,3.79,3832.3,87.0
20343,144.9,6.90,36.62,0.2527,3.96,3832.4,87.0
20350,147.1,6.80,36.62,0.2490,4.02,3832.4,87.0
20356,156.2,6.40,36.62,0.2344,4.27,3832.4,87.0
20363,149.3,6.70,36.62,0.2454,4.08,3832.5,87.0
20369,161.3,6.20,36.62,0.2271,4.40,3832.5,87.0
20376,137.0,7.30,36.62,0.2673,3.74,3832.6,87.0
20383,142.9,7.00,36.62,0.2563,3.90,3832.6,87.0
20390,151.5,6.60,36.62,0.2417,4.14,3832.6,87.0
20397,140.8,7.10,36.62,0.2600,3.84,3832.7,87.0
20404,144.9,6.90,36.62,0.2527,3.96,3832.7,87.0
20411,142.9,7.00,36.62,0.2563,3.90,3832.8,87.0
20418,144.9,6.90,36.62,0.2527,3.96,3832.8,87.0
20425,142.9,7.00,36.62,0.2563,3.90,3832.9,87.0
20432,144.9,6.90,36.62,0.2527,3.96,3832.9,87.0
20439,144.9,6.90,36.62,0.2526,3.96,3832.9,87.0
20446,142.9,7.00,36.62,0.2563,3.90,3833.0,87.0
20453,144.9,6.90,36.61,0.2526,3.96,3833.0,87.0
20460,142.9,7.00,36.61,0.2563,3.90,3833.1,87.0
20467,144.9,6.90,36.61,0.2526,3.96,3833.1,87.0
20474,135.1,7.40,36.61,0.2709,3.69,3833.2,87.0
20481,151.5,6.60,36.61,0.2416,4.14,3833.2,87.0
20488,137.0,7.30,36.61,0.2673,3.74,3833.2,87.0
20495,142.9,7.00,36.61,0.2563,3.90,3833.3,87.0
20502,144.9,6.90,36.61,0.2526,3.96,3833.3,87.0
20508,158.7,6.30,36.61,0.2306,4.33,3833.4,87.0
20516,133.3,7.50,36.61,0.2746,3.64,3833.4,87.0
20523,142.9,7.00,36.61,0.2563,3.90,3833.4,87.0
20529,158.7,6.30,36.61,0.2306,4.34,3833.5,87.0
20536,138.9,7.20,36.61,0.2636,3.79,3833.5,87.0
20543,144.9,6.90,36.61,0.2526,3.96,3833.6,87.0
20550,147.1,6.80,36.61,0.2489,4.02,3833.6,87.0
20557,142.9,7.00,36.61,0.2562,3.90,3833.6,87.0
20564,142.9,7.00,36.60,0.2562,3.90,3833.7,87.0
20571,144.9,6.90,36.60,0.2526,3.96,3833.7,87.0
20578,144.9,6.90,36.60,0.2526,3.96,3833.8,87.0
20585,140.8,7.10,36.60,0.2599,3.85,3833.8,87.0
20592,144.9,6.90,36.60,0.2526,3.96,3833.9,87.0
20599,144.9,6.90,36.60,0.2526,3.96,3833.9,87.0
20606,142.9,7.00,36.60,0.2562,3.90,3833.9,87.0
20612,144.9,6.90,36.60,0.2525,3.96,3834.0,87.0
20619,142.9,7.00,36.60,0.2562,3.90,3834.0,87.0
20627,140.8,7.10,36.60,0.2599,3.85,3834.1,87.0
20633,149.3,6.70,36.60,0.2452,4.08,3834.1,87.0
20640,144.9,6.90,36.60,0.2525,3.96,3834.1,87.0
20647,142.9,7.00,36.60,0.2562,3.90,3834.2,87.0
20654,144.9,6.90,36.60,0.2525,3.96,3834.2,87.0
20661,140.8,7.10,36.60,0.2598,3.85,3834.3,87.0
20668,147.1,6.80,36.60,0.2488,4.02,3834.3,87.0
20675,144.9,6.90,36.59,0.2525,3.96,3834.4,87.0
20682,142.9,7.00,36.59,0.2562,3.91,3834.4,87.0
20689,140.8,7.10,36.59,0.2598,3.85,3834.4,87.0
20696,147.1,6.80,36.59,0.2488,4.02,3834.5,87.0
20703,142.9,7.00,36.59,0.2561,3.91,3834.5,87.0
20710,142.9,7.00,36.59,0.2561,3.91,3834.6,87.0
20716,149.3,6.70,36.59,0.2452,4.08,3834.6,87.0
20724,140.8,7.10,36.59,0.2598,3.85,3834.7,87.0
20730,144.9,6.90,36.59,0.2525,3.96,3834.7,87.0
20737,144.9,6.90,36.59,0.2525,3.96,3834.7,87.0
20744,142.9,7.00,36.59,0.2561,3.91,3834.8,87.0
20755,97.1,10.30,36.59,0.3769,2.65,3834.8,87.0
20761,156.2,6.40,36.59,0.2342,4.27,3834.9,87.0
20767,166.7,6.00,36.59,0.2195,4.56,3834.9,87.0
20773,166.7,6.00,36.59,0.2195,4.56,3834.9,87.0
20779,172.4,5.80,36.59,0.2122,4.71,3835.0,87.0
20786,138.9,7.20,36.58,0.2634,3.80,3835.0,87.0
20793,140.8,7.10,36.58,0.2597,3.85,3835.1,87.0
20800,147.1,6.80,36.58,0.2488,4.02,3835.1,87.0
20807,147.1,6.80,36.58,0.2488,4.02,3835.1,87.0
20820,74.1,13.50,36.58,0.4939,2.03,3835.2,87.0
20828,131.6,7.60,36.58,0.2780,3.60,3835.3,87.0
20835,149.3,6.70,36.58,0.2451,4.08,3835.3,87.0
20842,140.8,7.10,36.58,0.2597,3.85,3835.4,87.0
20848,147.1,6.80,36.58,0.2487,4.02,3835.4,87.0
20855,142.9,7.00,36.58,0.2560,3.91,3835.4,87.0
20862,142.9,7.00,36.58,0.2560,3.91,3835.5,87.0
20869,144.9,6.90,36.58,0.2524,3.96,3835.5,87.0
20879,107.5,9.30,36.58,0.3402,2.94,3835.6,87.0
20883,212.8,4.70,36.58,0.1719,5.82,3835.6,87.0
20890,144.9,6.90,36.58,0.2524,3.96,3835.6,87.0
20897,140.8,7.10,36.57,0.2597,3.85,3835.7,87.0
20904,147.1,6.80,36.57,0.2487,4.02,3835.7,87.0
20911,142.9,7.00,36.57,0.2560,3.91,3835.8,87.0
20918,144.9,6.90,36.57,0.2524,3.96,3835.8,87.0
20925,147.1,6.80,36.57,0.2487,4.02,3835.9,87.0
20932,142.9,7.00,36.57,0.2560,3.91,3835.9,87.0
20942,102.0,9.80,36.57,0.3584,2.79,3836.0,87.0
20947,200.0,5.00,36.57,0.1829,5.47,3836.0,87.0
20953,163.9,6.10,36.57,0.2231,4.48,3836.0,87.0
20960,147.1,6.80,36.57,0.2487,4.02,3836.1,87.0
20967,140.8,7.10,36.57,0.2596,3.85,3836.1,87.0
20974,144.9,6.90,36.57,0.2523,3.96,3836.2,87.0
20981,142.9,7.00,36.57,0.2560,3.91,3836.2,87.0
20988,128.2,7.80,36.57,0.2852,3.51,3836.2,87.0
20998,99.0,10.10,36.57,0.3693,2.71,3836.3,87.0
21009,94.3,10.60,36.56,0.3876,2.58,3836.4,87.0
21015,156.2,6.40,36.56,0.2340,4.27,3836.4,87.0
21022,151.5,6.60,36.56,0.2413,4.14,3836.4,87.0
21029,140.8,7.10,36.56,0.2596,3.85,3836.5,87.0
21036,144.9,6.90,36.56,0.2523,3.96,3836.5,87.0
21043,142.9,7.00,36.56,0.2559,3.91,3836.6,87.0
21050,142.9,7.00,36.56,0.2559,3.91,3836.6,87.0
21057,144.9,6.90,36.56,0.2523,3.96,3836.6,87.0
21070,75.8,13.20,36.56,0.4826,2.07,3836.7,87.0
21078,126.6,7.90,36.56,0.2888,3.46,3836.8,87.0
21085,153.8,6.50,36.56,0.2376,4.21,3836.8,87.0
21092,140.8,7.10,36.56,0.2596,3.85,3836.9,87.0
21099,142.9,7.00,36.56,0.2559,3.91,3836.9,87.0
21106,144.9,6.90,36.56,0.2522,3.96,3836.9,87.0
21112,147.1,6.80,36.56,0.2486,4.02,3837.0,87.0
21119,142.9,7.00,36.55,0.2559,3.91,3837.0,87.0
21130,92.6,10.80,36.55,0.3948,2.53,3837.1,87.0
21135,204.1,4.90,36.55,0.1791,5.58,3837.1,87.0
21140,188.7,5.30,36.55,0.1937,5.16,3837.1,87.0
21147,149.3,6.70,36.55,0.2449,4.08,3837.2,87.0
21154,142.9,7.00,36.55,0.2559,3.91,3837.2,87.0
21161,142.9,7.00,36.55,0.2559,3.91,3837.3,87.0
21168,147.1,6.80,36.55,0.2485,4.02,3837.3,87.0
21175,144.9,6.90,36.55,0.2522,3.96,3837.4,87.0
21182,142.9,7.00,36.55,0.2558,3.91,3837.4,87.0
21192,98.0,10.20,36.55,0.3728,2.68,3837.5,87.0
21197,208.3,4.80,36.55,0.1754,5.70,3837.5,87.0
21203,175.4,5.70,36.55,0.2083,4.80,3837.5,87.0
21210,142.9,7.00,36.55,0.2558,3.91,3837.6,87.0
21217,140.8,7.10,36.55,0.2595,3.85,3837.6,87.0
21224,144.9,6.90,36.55,0.2522,3.96,3837.7,87.0
21231,142.9,7.00,36.54,0.2558,3.91,3837.7,87.0
21237,144.9,6.90,36.54,0.2522,3.97,3837.7,87.0
21244,144.9,6.90,36.54,0.2521,3.97,3837.8,87.0
21255,92.6,10.80,36.54,0.3947,2.53,3837.8,87.0
21261,181.8,5.50,36.54,0.2010,4.98,3837.9,87.0
21266,188.7,5.30,36.54,0.1937,5.16,3837.9,87.0
21272,158.7,6.30,36.54,0.2302,4.34,3837.9,87.0
21279,142.9,7.00,36.54,0.2558,3.91,3838.0,87.0
21286,144.9,6.90,36.53,0.2521,3.97,3837.9,87.0
21293,140.8,7.10,36.52,0.2593,3.86,3837.7,87.0
21300,147.1,6.80,36.51,0.2483,4.03,3837.5,87.0
21307,144.9,6.90,36.50,0.2518,3.97,3837.3,87.0
21314,147.1,6.80,36.49,0.2481,4.03,3837.1,87.0
21321,142.9,7.00,36.48,0.2553,3.92,3836.9,87.0
21328,144.9,6.90,36.47,0.2516,3.97,3836.7,87.0
21335,142.9,7.00,36.45,0.2552,3.92,3836.5,87.0
21342,142.9,7.00,36.44,0.2551,3.92,3836.3,87.0
21349,144.9,6.90,36.43,0.2514,3.98,3836.1,87.0
21356,142.9,7.00,36.42,0.2549,3.92,3835.9,87.0
21366,96.2,10.40,36.40,0.3786,2.64,3835.6,87.0
21371,200.0,5.00,36.40,0.1820,5.50,3835.5,87.0
21377,178.6,5.60,36.39,0.2038,4.91,3835.3,87.0
21383,147.1,6.80,36.38,0.2474,4.04,3835.2,87.0
21390,144.9,6.90,36.37,0.2509,3.98,3835.0,87.0
21397,142.9,7.00,36.35,0.2545,3.93,3834.8,87.0
21405,137.0,7.30,36.34,0.2653,3.77,3834.6,87.0
21411,149.3,6.70,36.33,0.2434,4.11,3834.4,87.0
21418,144.9,6.90,36.32,0.2506,3.99,3834.2,87.0
21425,144.9,6.90,36.31,0.2505,3.99,3834.0,87.0
21432,140.8,7.10,36.30,0.2577,3.88,3833.8,87.0
21439,149.3,6.70,36.29,0.2431,4.11,3833.6,87.0
21446,144.9,6.90,36.28,0.2503,3.99,3833.4,87.0
21453,138.9,7.20,36.26,0.2611,3.83,3833.2,87.0
21460,149.3,6.70,36.25,0.2429,4.12,3833.0,87.0
21467,140.8,7.10,36.24,0.2573,3.88,3832.8,87.0
21474,138.9,7.20,36.23,0.2609,3.83,3832.6,87.0
21481,142.9,7.00,36.22,0.2535,3.95,3832.4,87.0
21488,149.3,6.70,36.21,0.2426,4.12,3832.2,87.0
21494,151.5,6.60,36.20,0.2389,4.19,3832.1,87.0
21501,142.9,7.00,36.19,0.2533,3.95,3831.9,87.0
21508,142.9,7.00,36.18,0.2532,3.95,3831.7,87.0
21515,144.9,6.90,36.16,0.2495,4.01,3831.5,87.0
21522,140.8,7.10,36.15,0.2567,3.89,3831.3,87.0
21529,144.9,6.90,36.14,0.2494,4.01,3831.1,87.0
21536,142.9,7.00,36.13,0.2529,3.96,3830.9,87.0
21543,144.9,6.90,36.12,0.2492,4.01,3830.7,87.0
21550,144.9,6.90,36.11,0.2491,4.01,3830.5,87.0
21557,142.9,7.00,36.10,0.2527,3.96,3830.3,87.0
21567,96.2,10.40,36.08,0.3752,2.67,3830.0,87.0
21573,169.5,5.90,36.07,0.2128,4.70,3829.9,87.0
21579,166.7,6.00,36.06,0.2164,4.62,3829.7,87.0
21585,161.3,6.20,36.05,0.2235,4.47,3829.5,87.0
21591,166.7,6.00,36.04,0.2163,4.63,3829.3,87.0
21599,138.9,7.20,36.03,0.2594,3.86,3829.1,87.0
21605,151.5,6.60,36.02,0.2377,4.21,3829.0,87.0
21613,135.1,7.40,36.01,0.2665,3.75,3828.7,87.0
21620,137.0,7.30,36.00,0.2628,3.81,3828.5,87.0
21632,84.0,11.90,35.98,0.4281,2.33,3828.2,87.0
21640,119.0,8.40,35.96,0.3021,3.31,3828.0,87.0
21647,144.9,6.90,35.95,0.2481,4.03,3827.8,87.0
21654,142.9,7.00,35.94,0.2516,3.98,3827.6,87.0
21661,147.1,6.80,35.93,0.2443,4.09,3827.4,87.0
21668,142.9,7.00,35.92,0.2514,3.98,3827.2,87.0
21675,142.9,7.00,35.91,0.2514,3.98,3827.0,87.0
21682,144.9,6.90,35.90,0.2477,4.04,3826.8,87.0
21693,89.3,11.20,35.88,0.4018,2.49,3826.5,87.0
21698,204.1,4.90,35.87,0.1758,5.69,3826.4,87.0
21703,208.3,4.80,35.86,0.1721,5.81,3826.2,87.0
21710,144.9,6.90,35.85,0.2474,4.04,3826.0,87.0
21717,142.9,7.00,35.84,0.2509,3.99,3825.8,87.0
21724,144.9,6.90,35.83,0.2472,4.04,3825.6,87.0
21730,144.9,6.90,35.82,0.2471,4.05,3825.5,87.0
21737,142.9,7.00,35.81,0.2507,3.99,3825.3,87.0
21744,147.1,6.80,35.80,0.2434,4.11,3825.1,87.0
21756,88.5,11.30,35.78,0.4043,2.47,3824.7,87.0
21761,196.1,5.10,35.77,0.1824,5.48,3824.6,87.0
21765,208.3,4.80,35.76,0.1717,5.82,3824.5,87.0
21772,153.8,6.50,35.75,0.2324,4.30,3824.3,87.0
21779,138.9,7.20,35.74,0.2573,3.89,3824.1,87.0
21786,144.9,6.90,35.73,0.2465,4.06,3823.9,87.0
21793,142.9,7.00,35.72,0.2500,4.00,3823.7,87.0
21800,144.9,6.90,35.71,0.2464,4.06,3823.5,87.0
21807,144.9,6.90,35.69,0.2463,4.06,3823.3,87.0
21818,88.5,11.30,35.68,0.4032,2.48,3823.0,87.0
21823,212.8,4.70,35.67,0.1676,5.97,3822.9,87.0
21828,208.3,4.80,35.66,0.1712,5.84,3822.7,87.0
21835,142.9,7.00,35.65,0.2495,4.01,3822.5,87.0
21842,140.8,7.10,35.64,0.2530,3.95,3822.3,87.0
21849,147.1,6.80,35.63,0.2423,4.13,3822.1,87.0
21855,144.9,6.90,35.62,0.2458,4.07,3822.0,87.0
21862,144.9,6.90,35.61,0.2457,4.07,3821.8,87.0
21869,142.9,7.00,35.59,0.2492,4.01,3821.6,87.0
21881,88.5,11.30,35.58,0.4020,2.49,3821.2,87.0
21886,172.4,5.80,35.57,0.2063,4.85,3821.1,87.0
21892,172.4,5.80,35.56,0.2062,4.85,3820.9,87.0
21897,196.1,5.10,35.55,0.1813,5.52,3820.8,87.0
21904,147.1,6.80,35.54,0.2417,4.14,3820.6,87.0
21911,144.9,6.90,35.53,0.2451,4.08,3820.4,87.0
21918,137.0,7.30,35.52,0.2593,3.86,3820.2,87.0
21925,153.8,6.50,35.50,0.2308,4.33,3820.0,87.0
21932,142.9,7.00,35.49,0.2485,4.03,3819.8,87.0
21943,92.6,10.80,35.48,0.3831,2.61,3819.5,87.0
21948,200.0,5.00,35.47,0.1773,5.64,3819.4,87.0
21952,208.3,4.80,35.46,0.1702,5.87,3819.2,87.0
21960,137.0,7.30,35.45,0.2588,3.86,3819.0,87.0
21967,144.9,6.90,35.44,0.2445,4.09,3818.8,87.0
21973,147.1,6.80,35.43,0.2409,4.15,3818.7,87.0
21981,140.8,7.10,35.41,0.2514,3.98,3818.4,87.0
21988,142.9,7.00,35.40,0.2478,4.04,3818.2,87.0
21994,147.1,6.80,35.39,0.2407,4.16,3818.1,87.0
22007,81.3,12.30,35.37,0.4351,2.30,3817.7,87.0
22013,147.1,6.80,35.36,0.2405,4.16,3817.5,87.0
22020,142.9,7.00,35.35,0.2475,4.04,3817.3,87.0
22027,142.9,7.00,35.34,0.2474,4.04,3817.1,87.0
22034,144.9,6.90,35.33,0.2438,4.10,3816.9,87.0
22041,142.9,7.00,35.32,0.2472,4.05,3816.7,87.0
22048,144.9,6.90,35.31,0.2436,4.10,3816.6,87.0
22055,147.1,6.80,35.30,0.2400,4.17,3816.4,87.0
22062,142.9,7.00,35.28,0.2470,4.05,3816.2,87.0
22069,144.9,6.90,35.27,0.2434,4.11,3816.0,87.0
22076,137.0,7.30,35.26,0.2574,3.89,3815.8,87.0
22083,151.5,6.60,35.25,0.2327,4.30,3815.6,87.0
22090,142.9,7.00,35.24,0.2467,4.06,3815.4,87.0
22097,147.1,6.80,35.23,0.2395,4.18,3815.2,87.0
22104,142.9,7.00,35.22,0.2465,4.06,3815.0,87.0
22111,142.9,7.00,35.21,0.2464,4.06,3814.8,87.0
22118,147.1,6.80,35.19,0.2393,4.18,3814.6,87.0
22125,144.9,6.90,35.18,0.2428,4.12,3814.4,87.0
22131,144.9,6.90,35.17,0.2427,4.12,3814.2,87.0
22138,142.9,7.00,35.16,0.2461,4.06,3814.0,87.0
22146,138.9,7.20,35.15,0.2531,3.95,3813.8,87.0
22154,120.5,8.30,35.14,0.2916,3.43,3813.6,87.0
22161,142.9,7.00,35.12,0.2459,4.07,3813.4,87.0
22168,142.9,7.00,35.11,0.2458,4.07,3813.2,87.0
22175,144.9,6.90,35.10,0.2422,4.13,3813.0,87.0
22182,142.9,7.00,35.09,0.2456,4.07,3812.8,87.0
22189,142.9,7.00,35.08,0.2456,4.07,3812.6,87.0
22196,147.1,6.80,35.07,0.2385,4.19,3812.4,87.0
22204,123.5,8.10,35.06,0.2840,3.52,3812.2,87.0
22209,178.6,5.60,35.05,0.1963,5.10,3812.0,87.0
22216,140.8,7.10,35.04,0.2488,4.02,3811.8,87.0
22224,137.0,7.30,35.02,0.2557,3.91,3811.6,87.0
22230,151.5,6.60,35.01,0.2311,4.33,3811.5,87.0
22237,144.9,6.90,35.00,0.2415,4.14,3811.3,87.0
22244,140.8,7.10,34.99,0.2484,4.02,3811.1,87.0
22251,144.9,6.90,34.98,0.2414,4.14,3810.9,87.0
22258,142.9,7.00,34.97,0.2448,4.09,3810.7,87.0
22268,98.0,10.20,34.95,0.3565,2.80,3810.4,87.0
22273,238.1,4.20,34.94,0.1468,6.81,3810.3,87.0
22279,163.9,6.10,34.93,0.2131,4.69,3810.1,87.0
22286,140.8,7.10,34.92,0.2479,4.03,3810.0,87.0
22293,142.9,7.00,34.91,0.2443,4.09,3810.0,87.0
22300,142.9,7.00,34.89,0.2442,4.10,3810.0,87.0
22307,142.9,7.00,34.88,0.2441,4.10,3810.0,87.0
22314,142.9,7.00,34.86,0.2440,4.10,3810.0,87.0
22321,144.9,6.90,34.84,0.2404,4.16,3810.0,87.0
22328,140.8,7.10,34.83,0.2473,4.04,3810.0,87.0
22335,149.3,6.70,34.81,0.2333,4.29,3810.0,86.9
22341,144.9,6.90,34.80,0.2401,4.16,3810.0,86.9
22348,142.9,7.00,34.79,0.2435,4.11,3810.0,86.9
22355,147.1,6.80,34.77,0.2364,4.23,3810.0,86.9
22362,140.8,7.10,34.76,0.2468,4.05,3810.0,86.9
22370,138.9,7.20,34.74,0.2501,4.00,3810.0,86.9
22376,149.3,6.70,34.73,0.2327,4.30,3810.0,86.9
22383,144.9,6.90,34.71,0.2395,4.17,3810.0,86.9
22390,142.9,7.00,34.69,0.2429,4.12,3810.0,86.9
22397,147.1,6.80,34.68,0.2358,4.24,3810.0,86.9
22404,142.9,7.00,34.66,0.2426,4.12,3810.0,86.9
22411,142.9,7.00,34.65,0.2425,4.12,3810.0,86.9
22418,142.9,7.00,34.63,0.2424,4.13,3810.0,86.9
22425,142.9,7.00,34.62,0.2423,4.13,3810.0,86.9
22432,140.8,7.10,34.60,0.2457,4.07,3810.0,86.9
22439,153.8,6.50,34.59,0.2248,4.45,3810.0,86.8
22446,140.8,7.10,34.57,0.2455,4.07,3810.0,86.8
22453,142.9,7.00,34.56,0.2419,4.14,3810.0,86.8
22460,144.9,6.90,34.54,0.2383,4.19,3810.0,86.8
22466,144.9,6.90,34.53,0.2382,4.20,3810.0,86.8
22473,142.9,7.00,34.51,0.2416,4.14,3810.0,86.8
22481,140.8,7.10,34.50,0.2449,4.08,3810.0,86.8
22487,147.1,6.80,34.48,0.2345,4.27,3810.0,86.8
22494,149.3,6.70,34.47,0.2309,4.33,3810.0,86.8
22501,138.9,7.20,34.45,0.2481,4.03,3810.0,86.8
22508,144.9,6.90,34.44,0.2376,4.21,3810.0,86.8
22515,144.9,6.90,34.42,0.2375,4.21,3810.0,86.8
22522,140.8,7.10,34.41,0.2443,4.09,3810.0,86.8
22529,147.1,6.80,34.39,0.2339,4.28,3810.0,86.8
22536,140.8,7.10,34.38,0.2441,4.10,3810.0,86.7
22543,151.5,6.60,34.36,0.2268,4.41,3810.0,86.7
22550,142.9,7.00,34.35,0.2404,4.16,3810.0,86.7
22557,144.9,6.90,34.33,0.2369,4.22,3810.0,86.7
22564,140.8,7.10,34.32,0.2436,4.10,3810.0,86.7
22571,144.9,6.90,34.30,0.2367,4.22,3810.0,86.7
22578,140.8,7.10,34.28,0.2434,4.11,3810.0,86.7
22585,137.0,7.30,34.27,0.2502,4.00,3810.0,86.7
22591,158.7,6.30,34.26,0.2158,4.63,3810.0,86.7
22599,138.9,7.20,34.24,0.2465,4.06,3810.0,86.7
22605,147.1,6.80,34.23,0.2327,4.30,3810.0,86.7
22612,140.8,7.10,34.21,0.2429,4.12,3810.0,86.7
22619,147.1,6.80,34.20,0.2325,4.30,3810.0,86.7
22626,142.9,7.00,34.18,0.2393,4.18,3810.0,86.7
22633,147.1,6.80,34.16,0.2323,4.31,3810.0,86.6
22640,137.0,7.30,34.15,0.2493,4.01,3810.0,86.6
22647,151.5,6.60,34.13,0.2253,4.44,3810.0,86.6
22654,140.8,7.10,34.12,0.2422,4.13,3810.0,86.6
22661,144.9,6.90,34.10,0.2353,4.25,3810.0,86.6
22668,144.9,6.90,34.09,0.2352,4.25,3810.0,86.6
22675,144.9,6.90,34.07,0.2351,4.25,3810.0,86.6
22682,142.9,7.00,34.06,0.2384,4.20,3810.0,86.6
22689,144.9,6.90,34.04,0.2349,4.26,3810.0,86.6
22696,138.9,7.20,34.03,0.2450,4.08,3810.0,86.6
22703,149.3,6.70,34.01,0.2279,4.39,3810.0,86.6
22710,140.8,7.10,34.00,0.2414,4.14,3810.0,86.6
22716,147.1,6.80,33.98,0.2311,4.33,3810.0,86.6
22723,147.1,6.80,33.97,0.2310,4.33,3810.0,86.6
22730,140.8,7.10,33.95,0.2411,4.15,3810.0,86.6
22737,144.9,6.90,33.94,0.2342,4.27,3810.0,86.5
22744,138.9,7.20,33.92,0.2442,4.09,3810.0,86.5
22751,149.3,6.70,33.91,0.2272,4.40,3810.0,86.5
22758,138.9,7.20,33.89,0.2440,4.10,3810.0,86.5
22765,149.3,6.70,33.88,0.2270,4.41,3810.0,86.5
22772,140.8,7.10,33.86,0.2404,4.16,3810.0,86.5
22779,144.9,6.90,33.85,0.2335,4.28,3810.0,86.5
22786,137.0,7.30,33.83,0.2470,4.05,3810.0,86.5
22793,151.5,6.60,33.82,0.2232,4.48,3810.0,86.5
22800,140.8,7.10,33.80,0.2400,4.17,3810.0,86.5
22807,144.9,6.90,33.79,0.2331,4.29,3810.0,86.5
22814,149.3,6.70,33.77,0.2263,4.42,3810.0,86.5
22821,135.1,7.40,33.75,0.2498,4.00,3810.0,86.5
22828,147.1,6.80,33.74,0.2294,4.36,3810.0,86.5
22835,142.9,7.00,33.72,0.2361,4.24,3810.0,86.4
22841,151.5,6.60,33.71,0.2225,4.49,3810.0,86.4
22849,137.0,7.30,33.69,0.2460,4.07,3810.0,86.4
22855,149.3,6.70,33.68,0.2257,4.43,3810.0,86.4
22862,142.9,7.00,33.67,0.2357,4.24,3810.0,86.4
22869,147.1,6.80,33.65,0.2288,4.37,3810.0,86.4
22876,140.8,7.10,33.64,0.2388,4.19,3810.0,86.4
22883,144.9,6.90,33.62,0.2320,4.31,3810.0,86.4
22890,147.1,6.80,33.60,0.2285,4.38,3810.0,86.4
22897,144.9,6.90,33.59,0.2318,4.31,3810.0,86.4
22904,142.9,7.00,33.57,0.2350,4.26,3810.0,86.4
22911,140.8,7.10,33.56,0.2383,4.20,3810.0,86.4
22918,147.1,6.80,33.54,0.2281,4.39,3810.0,86.4
22925,142.9,7.00,33.53,0.2347,4.26,3810.0,86.4
22932,142.9,7.00,33.51,0.2346,4.26,3810.0,86.4
22939,144.9,6.90,33.50,0.2311,4.33,3810.0,86.3
22946,147.1,6.80,33.48,0.2277,4.39,3810.0,86.3
22953,137.0,7.30,33.47,0.2443,4.09,3810.0,86.3
22960,149.3,6.70,33.45,0.2241,4.46,3810.0,86.3
22967,142.9,7.00,33.44,0.2341,4.27,3810.0,86.3
22973,147.1,6.80,33.42,0.2273,4.40,3810.0,86.3
22980,142.9,7.00,33.41,0.2339,4.28,3810.0,86.3
22987,140.8,7.10,33.39,0.2371,4.22,3810.0,86.3
22994,149.3,6.70,33.38,0.2236,4.47,3810.0,86.3
23001,140.8,7.10,33.36,0.2369,4.22,3810.0,86.3
23008,147.1,6.80,33.35,0.2268,4.41,3810.0,86.3
23015,140.8,7.10,33.33,0.2367,4.22,3810.0,86.3
23022,147.1,6.80,33.32,0.2266,4.42,3810.0,86.3
23029,144.9,6.90,33.30,0.2298,4.35,3810.0,86.3
23036,138.9,7.20,33.29,0.2397,4.17,3810.0,86.2
23043,144.9,6.90,33.27,0.2296,4.36,3810.0,86.2
23050,140.8,7.10,33.26,0.2361,4.23,3810.0,86.2
23057,149.3,6.70,33.24,0.2227,4.49,3810.0,86.2
23064,147.1,6.80,33.23,0.2259,4.43,3810.0,86.2
23071,138.9,7.20,33.21,0.2391,4.18,3810.0,86.2
23078,140.8,7.10,33.19,0.2357,4.24,3810.0,86.2
23085,147.1,6.80,33.18,0.2256,4.43,3810.0,86.2
23091,151.5,6.60,33.17,0.2189,4.57,3810.0,86.2
23098,140.8,7.10,33.15,0.2354,4.25,3810.0,86.2
23105,147.1,6.80,33.14,0.2253,4.44,3810.0,86.2
23112,140.8,7.10,33.12,0.2352,4.25,3810.0,86.2
23119,144.9,6.90,33.11,0.2284,4.38,3810.0,86.2
23126,142.9,7.00,33.09,0.2316,4.32,3810.0,86.2
23133,147.1,6.80,33.07,0.2249,4.45,3810.0,86.1
23140,140.8,7.10,33.06,0.2347,4.26,3810.0,86.1
23147,144.9,6.90,33.04,0.2280,4.39,3810.0,86.1
23154,149.3,6.70,33.03,0.2213,4.52,3810.0,86.1
23161,142.9,7.00,33.01,0.2311,4.33,3810.0,86.1
23168,138.9,7.20,33.00,0.2376,4.21,3810.0,86.1
23175,147.1,6.80,32.98,0.2243,4.46,3810.0,86.1
23182,142.9,7.00,32.97,0.2308,4.33,3810.0,86.1
23189,144.9,6.90,32.95,0.2274,4.40,3810.0,86.1
23196,144.9,6.90,32.94,0.2273,4.40,3810.0,86.1
23202,144.9,6.90,32.92,0.2272,4.40,3810.0,86.1
23209,142.9,7.00,32.91,0.2304,4.34,3810.0,86.1
23217,140.8,7.10,32.89,0.2335,4.28,3810.0,86.1
23223,144.9,6.90,32.88,0.2269,4.41,3810.0,86.1
23230,144.9,6.90,32.86,0.2268,4.41,3810.0,86.1
23237,142.9,7.00,32.85,0.2299,4.35,3810.0,86.0
23244,149.3,6.70,32.83,0.2200,4.55,3810.0,86.0
23251,137.0,7.30,32.82,0.2396,4.17,3810.0,86.0
23258,142.9,7.00,32.80,0.2296,4.36,3810.0,86.0
23265,140.8,7.10,32.79,0.2328,4.29,3810.0,86.0
23272,151.5,6.60,32.77,0.2163,4.62,3810.0,86.0
23279,140.8,7.10,32.76,0.2326,4.30,3810.0,86.0
23286,142.9,7.00,32.75,0.2292,4.36,3810.0,86.0
23293,144.9,6.90,32.74,0.2259,4.43,3810.0,86.0
23300,144.9,6.90,32.74,0.2259,4.43,3810.0,86.0
23307,147.1,6.80,32.73,0.2226,4.49,3810.0,86.0
23314,142.9,7.00,32.72,0.2291,4.37,3810.0,86.0
23321,147.1,6.80,32.72,0.2225,4.50,3810.0,86.0
23327,144.9,6.90,32.71,0.2257,4.43,3810.0,86.0
23334,142.9,7.00,32.71,0.2289,4.37,3810.0,86.0
23342,140.8,7.10,32.70,0.2322,4.31,3810.0,86.0
23348,144.9,6.90,32.70,0.2256,4.43,3810.0,86.0
23355,144.9,6.90,32.69,0.2256,4.43,3810.0,86.0
23362,144.9,6.90,32.68,0.2255,4.43,3810.0,86.0
23369,138.9,7.20,32.68,0.2353,4.25,3810.0,86.0
23376,151.5,6.60,32.67,0.2156,4.64,3810.0,86.0
23383,142.9,7.00,32.67,0.2287,4.37,3810.0,86.0
23390,142.9,7.00,32.66,0.2286,4.38,3810.0,86.0
23397,142.9,7.00,32.65,0.2286,4.38,3810.0,86.0
23404,142.9,7.00,32.65,0.2285,4.38,3810.0,86.0
23411,138.9,7.20,32.64,0.2350,4.26,3810.0,86.0
23418,153.8,6.50,32.64,0.2121,4.71,3810.0,86.0
23425,140.8,7.10,32.63,0.2317,4.31,3810.0,86.0
23432,147.1,6.80,32.63,0.2219,4.51,3810.0,86.0
23439,140.8,7.10,32.62,0.2316,4.32,3810.0,86.0
23446,144.9,6.90,32.61,0.2250,4.44,3810.0,86.0
23453,144.9,6.90,32.61,0.2250,4.44,3810.0,86.0
23460,142.9,7.00,32.60,0.2282,4.38,3810.0,86.0
23467,142.9,7.00,32.60,0.2282,4.38,3810.0,86.0
23474,138.9,7.20,32.59,0.2347,4.26,3810.0,86.0
23481,144.9,6.90,32.58,0.2248,4.45,3810.0,86.0
23487,156.2,6.40,32.58,0.2085,4.79,3810.0,86.0
23494,138.9,7.20,32.57,0.2345,4.26,3810.0,86.0
23501,142.9,7.00,32.57,0.2280,4.39,3810.0,86.0
23508,144.9,6.90,32.56,0.2247,4.45,3810.0,86.0
23515,144.9,6.90,32.56,0.2246,4.45,3810.0,86.0
23522,140.8,7.10,32.55,0.2311,4.33,3810.0,86.0
23530,131.6,7.60,32.54,0.2473,4.04,3810.0,86.0
23537,144.9,6.90,32.54,0.2245,4.45,3810.0,86.0
23543,163.9,6.10,32.53,0.1985,5.04,3810.0,86.0
23550,138.9,7.20,32.53,0.2342,4.27,3810.0,86.0
23557,147.1,6.80,32.52,0.2211,4.52,3810.0,86.0
23564,140.8,7.10,32.52,0.2309,4.33,3810.0,86.0
23570,151.5,6.60,32.51,0.2146,4.66,3810.0,86.0
23578,137.0,7.30,32.50,0.2373,4.21,3810.0,86.0
23584,149.3,6.70,32.50,0.2177,4.59,3810.0,86.0
23591,142.9,7.00,32.49,0.2275,4.40,3810.0,86.0
23599,140.8,7.10,32.49,0.2307,4.33,3810.0,86.0
23605,147.1,6.80,32.48,0.2209,4.53,3810.0,86.0
23612,142.9,7.00,32.48,0.2273,4.40,3810.0,86.0
23619,142.9,7.00,32.47,0.2273,4.40,3810.0,86.0
23626,147.1,6.80,32.46,0.2208,4.53,3810.0,86.0
23633,142.9,7.00,32.46,0.2272,4.40,3810.0,86.0
23640,144.9,6.90,32.45,0.2239,4.46,3810.0,86.0
23647,144.9,6.90,32.45,0.2239,4.47,3810.0,86.0
23654,142.9,7.00,32.44,0.2271,4.40,3810.0,86.0
23661,144.9,6.90,32.44,0.2238,4.47,3810.0,86.0
23668,142.9,7.00,32.43,0.2270,4.41,3810.0,86.0
23675,142.9,7.00,32.42,0.2270,4.41,3810.0,86.0
23682,144.9,6.90,32.42,0.2237,4.47,3810.0,86.0
23689,147.1,6.80,32.41,0.2204,4.54,3810.0,86.0
23696,137.0,7.30,32.41,0.2366,4.23,3810.0,86.0
23703,147.1,6.80,32.40,0.2203,4.54,3810.0,86.0
23710,144.9,6.90,32.39,0.2235,4.47,3810.0,86.0
23716,144.9,6.90,32.39,0.2235,4.47,3810.0,86.0
23724,140.8,7.10,32.38,0.2299,4.35,3810.0,86.0
23730,149.3,6.70,32.38,0.2169,4.61,3810.0,86.0
23737,142.9,7.00,32.37,0.2266,4.41,3810.0,86.0
23744,142.9,7.00,32.37,0.2266,4.42,3810.0,86.0
23751,144.9,6.90,32.36,0.2233,4.48,3810.0,86.0
23758,140.8,7.10,32.35,0.2297,4.35,3810.0,86.0
23765,140.8,7.10,32.35,0.2297,4.35,3810.0,86.0
23772,144.9,6.90,32.34,0.2232,4.48,3810.0,86.0
23779,140.8,7.10,32.34,0.2296,4.35,3810.0,86.0
23786,144.9,6.90,32.33,0.2231,4.48,3810.0,86.0
23793,144.9,6.90,32.33,0.2230,4.48,3810.0,86.0
23800,144.9,6.90,32.32,0.2230,4.48,3810.0,86.0
23807,151.5,6.60,32.31,0.2133,4.69,3810.0,86.0
23814,133.3,7.50,32.31,0.2423,4.13,3810.0,86.0
23821,153.8,6.50,32.30,0.2100,4.76,3810.0,86.0
23827,147.1,6.80,32.30,0.2196,4.55,3810.0,86.0
23835,140.8,7.10,32.29,0.2293,4.36,3810.0,86.0
23841,144.9,6.90,32.29,0.2228,4.49,3810.0,86.0
23848,142.9,7.00,32.28,0.2260,4.43,3810.0,86.0
23855,142.9,7.00,32.27,0.2259,4.43,3810.0,86.0
23862,144.9,6.90,32.27,0.2227,4.49,3810.0,86.0
23869,142.9,7.00,32.26,0.2258,4.43,3810.0,86.0
23879,105.3,9.50,32.25,0.3064,3.26,3810.0,86.0
23884,204.1,4.90,32.25,0.1580,6.33,3810.0,86.0
23890,156.2,6.40,32.25,0.2064,4.84,3810.0,86.0
23897,144.9,6.90,32.24,0.2225,4.49,3810.0,86.0
23904,142.9,7.00,32.23,0.2256,4.43,3810.0,86.0
23911,142.9,7.00,32.23,0.2256,4.43,3810.0,86.0
23918,147.1,6.80,32.22,0.2191,4.57,3810.0,86.0
23925,142.9,7.00,32.22,0.2255,4.44,3810.0,86.0
23932,144.9,6.90,32.21,0.2223,4.50,3810.0,86.0
23939,142.9,7.00,32.20,0.2254,4.44,3810.0,86.0
23946,147.1,6.80,32.20,0.2190,4.57,3810.0,86.0
23953,138.9,7.20,32.19,0.2318,4.31,3810.0,86.0
23960,144.9,6.90,32.19,0.2221,4.50,3810.0,86.0
23967,144.9,6.90,32.18,0.2221,4.50,3810.0,86.0
23974,142.9,7.00,32.18,0.2252,4.44,3810.0,86.0
23980,149.3,6.70,32.17,0.2155,4.64,3810.0,86.0
23987,140.8,7.10,32.16,0.2284,4.38,3810.0,86.0
23994,140.8,7.10,32.16,0.2283,4.38,3810.0,86.0
24001,153.8,6.50,32.15,0.2090,4.78,3810.0,86.0
24008,135.1,7.40,32.15,0.2379,4.20,3810.0,86.0
24015,149.3,6.70,32.14,0.2153,4.65,3810.0,86.0
24022,144.9,6.90,32.14,0.2217,4.51,3810.0,86.0
24029,147.1,6.80,32.13,0.2185,4.58,3810.0,86.0
24036,144.9,6.90,32.12,0.2217,4.51,3810.0,86.0
24043,140.8,7.10,32.12,0.2280,4.38,3810.0,86.0
24050,142.9,7.00,32.11,0.2248,4.45,3810.0,86.0
24057,147.1,6.80,32.11,0.2183,4.58,3810.0,86.0
24064,140.8,7.10,32.10,0.2279,4.39,3810.0,86.0
24071,144.9,6.90,32.10,0.2215,4.51,3810.0,86.0
24078,142.9,7.00,32.09,0.2246,4.45,3810.0,86.0
24085,142.9,7.00,32.08,0.2246,4.45,3810.0,86.0
24092,144.9,6.90,32.08,0.2213,4.52,3810.0,86.0
24099,142.9,7.00,32.07,0.2245,4.46,3810.0,86.0
24105,149.3,6.70,32.07,0.2148,4.66,3810.0,86.0
24112,144.9,6.90,32.06,0.2212,4.52,3810.0,86.0
24119,140.8,7.10,32.06,0.2276,4.39,3810.0,86.0
24126,142.9,7.00,32.05,0.2243,4.46,3810.0,86.0
24133,144.9,6.90,32.04,0.2211,4.52,3810.0,86.0
24140,144.9,6.90,32.04,0.2211,4.52,3810.0,86.0
24147,144.9,6.90,32.03,0.2210,4.52,3810.0,86.0
24154,142.9,7.00,32.03,0.2242,4.46,3810.0,86.0
24161,144.9,6.90,32.02,0.2209,4.53,3810.0,86.0
24168,144.9,6.90,32.01,0.2209,4.53,3810.0,86.0
24175,140.8,7.10,32.01,0.2273,4.40,3810.0,86.0
24182,144.9,6.90,32.00,0.2208,4.53,3810.0,86.0
24189,144.9,6.90,32.00,0.2208,4.53,3810.0,86.0
24196,142.9,7.00,31.99,0.2239,4.47,3810.0,86.0
24203,142.9,7.00,31.99,0.2239,4.47,3810.0,86.0
24210,144.9,6.90,31.98,0.2207,4.53,3810.0,86.0
24217,140.8,7.10,31.97,0.2270,4.40,3810.0,86.0
24224,137.0,7.30,31.97,0.2334,4.29,3810.0,86.0
24231,149.3,6.70,31.96,0.2141,4.67,3810.0,86.0
24237,151.5,6.60,31.96,0.2109,4.74,3810.0,86.0
24244,142.9,7.00,31.95,0.2237,4.47,3810.0,86.0
24251,142.9,7.00,31.95,0.2236,4.47,3810.0,86.0
24258,144.9,6.90,31.94,0.2204,4.54,3810.0,86.0
24265,142.9,7.00,31.93,0.2235,4.47,3810.0,86.0
24272,147.1,6.80,31.93,0.2171,4.61,3810.0,86.0
24279,140.8,7.10,31.92,0.2266,4.41,3810.0,86.0
24286,137.0,7.30,31.92,0.2330,4.29,3810.0,86.0
24293,147.1,6.80,31.92,0.2170,4.61,3810.0,86.0
24300,144.9,6.90,31.92,0.2202,4.54,3810.0,86.0
24307,140.8,7.10,31.91,0.2266,4.41,3810.0,86.0
24314,147.1,6.80,31.91,0.2170,4.61,3810.0,86.0
24321,142.9,7.00,31.91,0.2234,4.48,3810.0,86.0
24328,144.9,6.90,31.91,0.2202,4.54,3810.0,86.0
24335,144.9,6.90,31.91,0.2202,4.54,3810.0,86.0
24342,142.9,7.00,31.91,0.2233,4.48,3810.0,86.0
24348,151.5,6.60,31.90,0.2106,4.75,3810.0,86.0
24356,138.9,7.20,31.90,0.2297,4.35,3810.0,86.0
24362,147.1,6.80,31.90,0.2169,4.61,3810.0,86.0
24369,149.3,6.70,31.90,0.2137,4.68,3810.0,86.0
24376,140.8,7.10,31.90,0.2265,4.41,3810.0,86.0
24383,142.9,7.00,31.89,0.2233,4.48,3810.0,86.0
24390,142.9,7.00,31.89,0.2233,4.48,3810.0,86.0
24397,144.9,6.90,31.89,0.2200,4.54,3810.0,86.0
24404,142.9,7.00,31.89,0.2232,4.48,3810.0,86.0
24411,140.8,7.10,31.89,0.2264,4.42,3810.0,86.0
24418,140.8,7.10,31.89,0.2264,4.42,3810.0,86.0
24425,144.9,6.90,31.88,0.2200,4.54,3810.0,86.0
24432,144.9,6.90,31.88,0.2200,4.54,3810.0,86.0
24439,153.8,6.50,31.88,0.2072,4.82,3810.0,86.0
24446,138.9,7.20,31.88,0.2295,4.36,3810.0,86.0
24453,137.0,7.30,31.88,0.2327,4.30,3810.0,86.0
24460,149.3,6.70,31.88,0.2136,4.68,3810.0,86.0
24467,140.8,7.10,31.87,0.2263,4.42,3810.0,86.0
24474,144.9,6.90,31.87,0.2199,4.55,3810.0,86.0
24480,149.3,6.70,31.87,0.2135,4.68,3810.0,86.0
24487,147.1,6.80,31.87,0.2167,4.62,3810.0,86.0
24494,144.9,6.90,31.87,0.2199,4.55,3810.0,86.0
24501,140.8,7.10,31.87,0.2262,4.42,3810.0,86.0
24508,147.1,6.80,31.86,0.2167,4.62,3810.0,86.0
24515,140.8,7.10,31.86,0.2262,4.42,3810.0,86.0
24522,149.3,6.70,31.86,0.2135,4.69,3810.0,86.0
24529,140.8,7.10,31.86,0.2262,4.42,3810.0,86.0
24536,138.9,7.20,31.86,0.2294,4.36,3810.0,86.0
24543,142.9,7.00,31.85,0.2230,4.49,3810.0,86.0
24550,147.1,6.80,31.85,0.2166,4.62,3810.0,86.0
24557,151.5,6.60,31.85,0.2102,4.76,3810.0,86.0
24564,140.8,7.10,31.85,0.2261,4.42,3810.0,86.0
24571,144.9,6.90,31.85,0.2197,4.55,3810.0,86.0
24578,142.9,7.00,31.85,0.2229,4.49,3810.0,86.0
24585,138.9,7.20,31.84,0.2293,4.36,3810.0,86.0
24592,144.9,6.90,31.84,0.2197,4.55,3810.0,86.0
24599,142.9,7.00,31.84,0.2229,4.49,3810.0,86.0
24606,142.9,7.00,31.84,0.2229,4.49,3810.0,86.0
24612,153.8,6.50,31.84,0.2069,4.83,3810.0,86.0
24619,138.9,7.20,31.84,0.2292,4.36,3810.0,86.0
24626,147.1,6.80,31.83,0.2165,4.62,3810.0,86.0
24633,144.9,6.90,31.83,0.2196,4.55,3810.0,86.0
24640,144.9,6.90,31.83,0.2196,4.55,3810.0,86.0
24647,135.1,7.40,31.83,0.2355,4.24,3810.0,86.0
24654,147.1,6.80,31.83,0.2164,4.62,3810.0,86.0
24661,144.9,6.90,31.83,0.2196,4.55,3810.0,86.0
24668,156.2,6.40,31.82,0.2037,4.91,3810.0,86.0
24675,140.8,7.10,31.82,0.2259,4.42,3810.0,86.0
24682,140.8,7.10,31.82,0.2259,4.42,3810.0,86.0
24689,144.9,6.90,31.82,0.2195,4.55,3810.0,86.0
24696,142.9,7.00,31.82,0.2227,4.49,3810.0,86.0
24703,144.9,6.90,31.81,0.2195,4.55,3810.0,86.0
24710,142.9,7.00,31.81,0.2227,4.49,3810.0,86.0
24716,144.9,6.90,31.81,0.2195,4.55,3810.0,86.0
24724,138.9,7.20,31.81,0.2290,4.37,3810.0,86.0
24730,151.5,6.60,31.81,0.2099,4.76,3810.0,86.0
24737,142.9,7.00,31.81,0.2226,4.49,3810.0,86.0
24744,142.9,7.00,31.80,0.2226,4.49,3810.0,86.0
24751,140.8,7.10,31.80,0.2258,4.43,3810.0,86.0
24758,147.1,6.80,31.80,0.2162,4.63,3810.0,86.0
24765,144.9,6.90,31.80,0.2194,4.56,3810.0,86.0
24772,142.9,7.00,31.80,0.2226,4.49,3810.0,86.0
24779,142.9,7.00,31.80,0.2226,4.49,3810.0,86.0
24786,144.9,6.90,31.79,0.2194,4.56,3810.0,86.0
24793,147.1,6.80,31.79,0.2162,4.63,3810.0,86.0
24800,140.8,7.10,31.79,0.2257,4.43,3810.0,86.0
24807,147.1,6.80,31.79,0.2162,4.63,3810.0,86.0
24814,142.9,7.00,31.79,0.2225,4.50,3810.0,86.0
24821,142.9,7.00,31.79,0.2225,4.50,3810.0,86.0
24828,140.8,7.10,31.78,0.2257,4.43,3810.0,86.0
24834,151.5,6.60,31.78,0.2098,4.77,3810.0,86.0
24842,138.9,7.20,31.78,0.2288,4.37,3810.0,86.0
24848,147.1,6.80,31.78,0.2161,4.63,3810.0,86.0
24855,144.9,6.90,31.78,0.2193,4.56,3810.0,86.0
24862,140.8,7.10,31.78,0.2256,4.43,3810.0,86.0
24869,144.9,6.90,31.77,0.2192,4.56,3810.0,86.0
24876,144.9,6.90,31.77,0.2192,4.56,3810.0,86.0
24883,144.9,6.90,31.77,0.2192,4.56,3810.0,86.0
24890,142.9,7.00,31.77,0.2224,4.50,3810.0,86.0
24897,144.9,6.90,31.77,0.2192,4.56,3810.0,86.0
24904,142.9,7.00,31.76,0.2224,4.50,3810.0,86.0
24911,144.9,6.90,31.76,0.2192,4.56,3810.0,86.0
24918,142.9,7.00,31.76,0.2223,4.50,3810.0,86.0
24925,144.9,6.90,31.76,0.2191,4.56,3810.0,86.0
24932,140.8,7.10,31.76,0.2255,4.43,3810.0,86.0
24939,149.3,6.70,31.76,0.2128,4.70,3810.0,86.0
24946,142.9,7.00,31.75,0.2223,4.50,3810.0,86.0
24953,142.9,7.00,31.75,0.2223,4.50,3810.0,86.0
24959,144.9,6.90,31.75,0.2191,4.56,3810.0,86.0
24966,144.9,6.90,31.75,0.2191,4.56,3810.0,86.0
24973,140.8,7.10,31.75,0.2254,4.44,3810.0,86.0
24980,144.9,6.90,31.75,0.2190,4.56,3810.0,86.0
24987,144.9,6.90,31.74,0.2190,4.56,3810.0,86.0
24994,142.9,7.00,31.74,0.2222,4.50,3810.0,86.0
25001,142.9,7.00,31.74,0.2222,4.50,3810.0,86.0
25008,144.9,6.90,31.74,0.2190,4.57,3810.0,86.0
25015,144.9,6.90,31.74,0.2190,4.57,3810.0,86.0
25022,144.9,6.90,31.73,0.2190,4.57,3810.0,86.0
25029,144.9,6.90,31.73,0.2190,4.57,3810.0,86.0
25036,137.0,7.30,31.73,0.2316,4.32,3810.0,86.0
25043,147.1,6.80,31.73,0.2158,4.64,3810.0,86.0
25050,147.1,6.80,31.73,0.2158,4.64,3810.0,86.0
25057,142.9,7.00,31.73,0.2221,4.50,3810.0,86.0
25064,144.9,6.90,31.72,0.2189,4.57,3810.0,86.0
25071,144.9,6.90,31.72,0.2189,4.57,3810.0,86.0
25078,142.9,7.00,31.72,0.2220,4.50,3810.0,86.0
25084,144.9,6.90,31.72,0.2189,4.57,3810.0,86.0
25091,142.9,7.00,31.72,0.2220,4.51,3810.0,86.0
25099,140.8,7.10,31.72,0.2252,4.44,3810.0,86.0
25105,149.3,6.70,31.71,0.2125,4.71,3810.0,86.0
25112,138.9,7.20,31.71,0.2283,4.38,3810.0,86.0
25119,149.3,6.70,31.71,0.2125,4.71,3810.0,86.0
25127,135.1,7.40,31.71,0.2346,4.26,3810.0,86.0
25133,151.5,6.60,31.71,0.2093,4.78,3810.0,86.0
25140,142.9,7.00,31.71,0.2219,4.51,3810.0,86.0
25147,144.9,6.90,31.70,0.2188,4.57,3810.0,86.0
25154,140.8,7.10,31.70,0.2251,4.44,3810.0,86.0
25161,151.5,6.60,31.70,0.2092,4.78,3810.0,86.0
25168,144.9,6.90,31.70,0.2187,4.57,3810.0,86.0
25175,140.8,7.10,31.70,0.2250,4.44,3810.0,86.0
25182,140.8,7.10,31.70,0.2250,4.44,3810.0,86.0
25189,149.3,6.70,31.69,0.2123,4.71,3810.0,86.0
25196,142.9,7.00,31.69,0.2218,4.51,3810.0,86.0
25203,142.9,7.00,31.69,0.2218,4.51,3810.0,86.0
25209,147.1,6.80,31.69,0.2155,4.64,3810.0,86.0
25216,140.8,7.10,31.69,0.2250,4.44,3810.0,86.0
25223,144.9,6.90,31.68,0.2186,4.57,3810.0,86.0
25230,142.9,7.00,31.68,0.2218,4.51,3810.0,86.0
25237,147.1,6.80,31.68,0.2154,4.64,3810.0,86.0
25244,138.9,7.20,31.68,0.2281,4.38,3810.0,86.0
25251,149.3,6.70,31.68,0.2122,4.71,3810.0,86.0
25258,142.9,7.00,31.68,0.2217,4.51,3810.0,86.0
25265,142.9,7.00,31.67,0.2217,4.51,3810.0,86.0
25272,144.9,6.90,31.67,0.2185,4.57,3810.0,86.0
25279,144.9,6.90,31.67,0.2185,4.58,3810.0,86.0
25286,140.8,7.10,31.67,0.2249,4.45,3810.0,86.0
25293,137.0,7.30,31.67,0.2312,4.33,3810.0,86.0
25300,151.5,6.60,31.67,0.2090,4.78,3810.0,86.0
25307,144.9,6.90,31.67,0.2185,4.58,3810.0,86.0
25314,142.9,7.00,31.67,0.2217,4.51,3810.0,86.0
25321,142.9,7.00,31.67,0.2217,4.51,3810.0,86.0
25327,149.3,6.70,31.67,0.2122,4.71,3810.0,86.0
25334,142.9,7.00,31.67,0.2217,4.51,3810.0,86.0
25342,140.8,7.10,31.66,0.2248,4.45,3810.0,86.0
25349,137.0,7.30,31.66,0.2311,4.33,3810.0,86.0
25355,156.2,6.40,31.66,0.2026,4.93,3810.0,86.0
25362,144.9,6.90,31.66,0.2185,4.58,3810.0,86.0
25369,142.9,7.00,31.66,0.2216,4.51,3810.0,86.0
25376,144.9,6.90,31.66,0.2185,4.58,3810.0,86.0
25383,140.8,7.10,31.66,0.2248,4.45,3810.0,86.0
25390,142.9,7.00,31.66,0.2216,4.51,3810.0,86.0
25397,147.1,6.80,31.66,0.2153,4.65,3810.0,86.0
25404,142.9,7.00,31.66,0.2216,4.51,3810.0,86.0
25411,144.9,6.90,31.66,0.2184,4.58,3810.0,86.0
25418,142.9,7.00,31.66,0.2216,4.51,3810.0,86.0
25430,85.5,11.70,31.66,0.3704,2.70,3810.0,86.0
25435,196.1,5.10,31.66,0.1614,6.19,3810.0,86.0
25439,217.4,4.60,31.66,0.1456,6.87,3810.0,86.0
25446,158.7,6.30,31.66,0.1994,5.01,3810.0,86.0
25453,138.9,7.20,31.65,0.2279,4.39,3810.0,86.0
25459,149.3,6.70,31.65,0.2121,4.72,3810.0,86.0
25466,144.9,6.90,31.65,0.2184,4.58,3810.0,86.0
25473,142.9,7.00,31.65,0.2216,4.51,3810.0,86.0
25480,142.9,7.00,31.65,0.2216,4.51,3810.0,86.0
25488,138.9,7.20,31.65,0.2279,4.39,3810.0,86.0
25494,151.5,6.60,31.65,0.2089,4.79,3810.0,86.0
25501,144.9,6.90,31.65,0.2184,4.58,3810.0,86.0
25508,138.9,7.20,31.65,0.2279,4.39,3810.0,86.0
25515,147.1,6.80,31.65,0.2152,4.65,3810.0,86.0
25522,142.9,7.00,31.65,0.2215,4.52,3810.0,86.0
25529,142.9,7.00,31.65,0.2215,4.52,3810.0,86.0
25536,147.1,6.80,31.65,0.2152,4.65,3810.0,86.0
25543,138.9,7.20,31.65,0.2279,4.39,3810.0,86.0
25550,149.3,6.70,31.65,0.2120,4.72,3810.0,86.0
25557,144.9,6.90,31.65,0.2184,4.58,3810.0,86.0
25564,144.9,6.90,31.64,0.2183,4.58,3810.0,86.0
25571,140.8,7.10,31.64,0.2247,4.45,3810.0,86.0
25578,142.9,7.00,31.64,0.2215,4.52,3810.0,86.0
25584,147.1,6.80,31.64,0.2152,4.65,3810.0,86.0
25591,142.9,7.00,31.64,0.2215,4.52,3810.0,86.0
25598,142.9,7.00,31.64,0.2215,4.52,3810.0,86.0
25605,142.9,7.00,31.64,0.2215,4.52,3810.0,86.0
25612,144.9,6.90,31.64,0.2183,4.58,3810.0,86.0
25619,142.9,7.00,31.64,0.2215,4.52,3810.0,86.0
25626,142.9,7.00,31.64,0.2215,4.52,3810.0,86.0
25633,144.9,6.90,31.64,0.2183,4.58,3810.0,86.0
25640,144.9,6.90,31.64,0.2183,4.58,3810.0,86.0
25647,144.9,6.90,31.64,0.2183,4.58,3810.0,86.0
25654,140.8,7.10,31.64,0.2246,4.45,3810.0,86.0
25661,144.9,6.90,31.64,0.2183,4.58,3810.0,86.0
25668,149.3,6.70,31.64,0.2120,4.72,3810.0,86.0
25675,138.9,7.20,31.63,0.2278,4.39,3810.0,86.0
25682,144.9,6.90,31.63,0.2183,4.58,3810.0,86.0
25689,144.9,6.90,31.63,0.2183,4.58,3810.0,86.0
25696,140.8,7.10,31.63,0.2246,4.45,3810.0,86.0
25703,147.1,6.80,31.63,0.2151,4.65,3810.0,86.0
25711,117.6,8.50,31.63,0.2689,3.72,3810.0,86.0
25717,178.6,5.60,31.63,0.1771,5.65,3810.0,86.0
25724,147.1,6.80,31.63,0.2151,4.65,3810.0,86.0
25730,147.1,6.80,31.63,0.2151,4.65,3810.0,86.0
25738,140.8,7.10,31.63,0.2246,4.45,3810.0,86.0
25744,144.9,6.90,31.63,0.2182,4.58,3810.0,86.0
25751,142.9,7.00,31.63,0.2214,4.52,3810.0,86.0
25759,140.8,7.10,31.63,0.2246,4.45,3810.0,86.0
25765,153.8,6.50,31.63,0.2056,4.86,3810.0,86.0
25772,138.9,7.20,31.63,0.2277,4.39,3810.0,86.0
25779,144.9,6.90,31.63,0.2182,4.58,3810.0,86.0
25786,144.9,6.90,31.62,0.2182,4.58,3810.0,86.0
25793,142.9,7.00,31.62,0.2214,4.52,3810.0,86.0
25800,144.9,6.90,31.62,0.2182,4.58,3810.0,86.0
25807,144.9,6.90,31.62,0.2182,4.58,3810.0,86.0
25814,142.9,7.00,31.62,0.2214,4.52,3810.0,86.0
25821,142.9,7.00,31.62,0.2214,4.52,3810.0,86.0
25828,144.9,6.90,31.62,0.2182,4.58,3810.0,86.0
25835,144.9,6.90,31.62,0.2182,4.58,3810.0,86.0
25842,144.9,6.90,31.62,0.2182,4.58,3810.0,86.0
25849,140.8,7.10,31.62,0.2245,4.45,3810.0,86.0
25856,144.9,6.90,31.62,0.2182,4.58,3810.0,86.0
25863,142.9,7.00,31.62,0.2213,4.52,3810.0,86.0
25869,149.3,6.70,31.62,0.2118,4.72,3810.0,86.0
25876,144.9,6.90,31.62,0.2182,4.58,3810.0,86.0
25883,144.9,6.90,31.62,0.2181,4.58,3810.0,86.0
25890,137.0,7.30,31.62,0.2308,4.33,3810.0,86.0
25897,151.5,6.60,31.61,0.2087,4.79,3810.0,86.0
25904,137.0,7.30,31.61,0.2308,4.33,3810.0,86.0
25911,142.9,7.00,31.61,0.2213,4.52,3810.0,86.0
25918,149.3,6.70,31.61,0.2118,4.72,3810.0,86.0
25925,149.3,6.70,31.61,0.2118,4.72,3810.0,86.0
25932,140.8,7.10,31.61,0.2244,4.45,3810.0,86.0
25938,149.3,6.70,31.61,0.2118,4.72,3810.0,86.0
25945,142.9,7.00,31.61,0.2213,4.52,3810.0,86.0
25952,142.9,7.00,31.61,0.2213,4.52,3810.0,86.0
25959,142.9,7.00,31.61,0.2213,4.52,3810.0,86.0
25967,140.8,7.10,31.61,0.2244,4.45,3810.0,86.0
25973,147.1,6.80,31.61,0.2149,4.65,3810.0,86.0
25980,147.1,6.80,31.61,0.2149,4.65,3810.0,86.0
25987,140.8,7.10,31.61,0.2244,4.45,3810.0,86.0
25994,144.9,6.90,31.61,0.2181,4.58,3810.0,86.0
26001,142.9,7.00,31.61,0.2212,4.52,3810.0,86.0
26008,144.9,6.90,31.60,0.2181,4.58,3810.0,86.0
26015,142.9,7.00,31.60,0.2212,4.52,3810.0,86.0
26022,144.9,6.90,31.60,0.2181,4.58,3810.0,86.0
26029,144.9,6.90,31.60,0.2181,4.59,3810.0,86.0
26036,144.9,6.90,31.60,0.2181,4.59,3810.0,86.0
26043,140.8,7.10,31.60,0.2244,4.46,3810.0,86.0
26050,147.1,6.80,31.60,0.2149,4.65,3810.0,86.0
26057,144.9,6.90,31.60,0.2180,4.59,3810.0,86.0
26064,140.8,7.10,31.60,0.2244,4.46,3810.0,86.0
26070,149.3,6.70,31.60,0.2117,4.72,3810.0,86.0
26077,140.8,7.10,31.60,0.2243,4.46,3810.0,86.0
26084,144.9,6.90,31.60,0.2180,4.59,3810.0,86.0
26091,142.9,7.00,31.60,0.2212,4.52,3810.0,86.0
26098,144.9,6.90,31.60,0.2180,4.59,3810.0,86.0
26105,140.8,7.10,31.60,0.2243,4.46,3810.0,86.0
26112,149.3,6.70,31.60,0.2117,4.73,3810.0,86.0
26119,140.8,7.10,31.59,0.2243,4.46,3810.0,86.0
26126,137.0,7.30,31.59,0.2306,4.34,3810.0,86.0
26133,153.8,6.50,31.59,0.2054,4.87,3810.0,86.0
26140,147.1,6.80,31.59,0.2148,4.66,3810.0,86.0
26147,142.9,7.00,31.59,0.2211,4.52,3810.0,86.0
26154,142.9,7.00,31.59,0.2211,4.52,3810.0,86.0
26161,138.9,7.20,31.59,0.2275,4.40,3810.0,86.0
26168,147.1,6.80,31.59,0.2148,4.66,3810.0,86.0
26175,140.8,7.10,31.59,0.2243,4.46,3810.0,86.0
26182,149.3,6.70,31.59,0.2116,4.73,3810.0,86.0
26189,138.9,7.20,31.59,0.2274,4.40,3810.0,86.0
26196,147.1,6.80,31.59,0.2148,4.66,3810.0,86.0
26203,142.9,7.00,31.59,0.2211,4.52,3810.0,86.0
26209,144.9,6.90,31.59,0.2179,4.59,3810.0,86.0
26216,144.9,6.90,31.59,0.2179,4.59,3810.0,86.0
26223,142.9,7.00,31.59,0.2211,4.52,3810.0,86.0
26230,142.9,7.00,31.58,0.2211,4.52,3810.0,86.0
26237,144.9,6.90,31.58,0.2179,4.59,3810.0,86.0
26244,144.9,6.90,31.58,0.2179,4.59,3810.0,86.0
26251,140.8,7.10,31.58,0.2242,4.46,3810.0,86.0
26258,147.1,6.80,31.58,0.2148,4.66,3810.0,86.0
26265,137.0,7.30,31.58,0.2305,4.34,3810.0,86.0
26272,153.8,6.50,31.58,0.2053,4.87,3810.0,86.0
26279,135.1,7.40,31.58,0.2337,4.28,3810.0,86.0
26286,153.8,6.50,31.58,0.2053,4.87,3810.0,86.0
26293,142.9,7.00,31.59,0.2211,4.52,3810.0,86.0
26300,140.8,7.10,31.59,0.2243,4.46,3810.0,86.0
26307,144.9,6.90,31.60,0.2180,4.59,3810.0,86.0
26314,137.0,7.30,31.61,0.2307,4.33,3810.0,86.0
26321,149.3,6.70,31.61,0.2118,4.72,3810.0,86.0
26328,140.8,7.10,31.62,0.2245,4.45,3810.0,86.0
26334,153.8,6.50,31.62,0.2056,4.86,3810.0,86.0
26342,138.9,7.20,31.63,0.2277,4.39,3810.0,86.0
26348,147.1,6.80,31.63,0.2151,4.65,3810.0,86.0
26356,135.1,7.40,31.64,0.2341,4.27,3810.0,86.0
26363,147.1,6.80,31.65,0.2152,4.65,3810.0,86.0
26370,142.9,7.00,31.65,0.2216,4.51,3810.0,86.0
26376,144.9,6.90,31.66,0.2184,4.58,3810.0,86.0
26383,149.3,6.70,31.66,0.2121,4.72,3810.0,86.0
26390,147.1,6.80,31.67,0.2154,4.64,3810.0,86.0
26397,133.3,7.50,31.68,0.2376,4.21,3810.0,86.0
26404,149.3,6.70,31.68,0.2123,4.71,3810.0,86.0
26411,151.5,6.60,31.69,0.2091,4.78,3810.0,86.0
26418,142.9,7.00,31.69,0.2219,4.51,3810.0,86.0
26425,142.9,7.00,31.70,0.2219,4.51,3810.0,86.0
26432,144.9,6.90,31.70,0.2188,4.57,3810.0,86.0
26439,144.9,6.90,31.71,0.2188,4.57,3810.0,86.0
26445,144.9,6.90,31.72,0.2188,4.57,3810.0,86.0
26452,142.9,7.00,31.72,0.2220,4.50,3810.0,86.0
26459,144.9,6.90,31.73,0.2189,4.57,3810.0,86.0
26466,144.9,6.90,31.73,0.2190,4.57,3810.0,86.0
26473,142.9,7.00,31.74,0.2222,4.50,3810.0,86.0
26480,142.9,7.00,31.74,0.2222,4.50,3810.0,86.0
26488,133.3,7.50,31.75,0.2381,4.20,3810.0,86.0
26494,153.8,6.50,31.76,0.2064,4.84,3810.0,86.0
26501,151.5,6.60,31.76,0.2096,4.77,3810.0,86.0
26508,138.9,7.20,31.77,0.2287,4.37,3810.0,86.0
26515,142.9,7.00,31.77,0.2224,4.50,3810.0,86.0
26522,147.1,6.80,31.78,0.2161,4.63,3810.0,86.0
26529,140.8,7.10,31.79,0.2257,4.43,3810.0,86.0
26536,147.1,6.80,31.79,0.2162,4.63,3810.0,86.0
26543,142.9,7.00,31.80,0.2226,4.49,3810.0,86.0
26550,144.9,6.90,31.80,0.2194,4.56,3810.0,86.0
26557,144.9,6.90,31.81,0.2195,4.56,3810.0,86.0
26563,144.9,6.90,31.81,0.2195,4.55,3810.0,86.0
26571,140.8,7.10,31.82,0.2259,4.42,3810.0,86.0
26577,147.1,6.80,31.82,0.2164,4.62,3810.0,86.0
26584,140.8,7.10,31.83,0.2260,4.42,3810.0,86.0
26592,140.8,7.10,31.84,0.2260,4.42,3810.0,86.0
26598,151.5,6.60,31.84,0.2102,4.76,3810.0,86.0
26605,142.9,7.00,31.85,0.2229,4.49,3810.0,86.0
26612,142.9,7.00,31.85,0.2230,4.49,3810.0,86.0
26619,142.9,7.00,31.86,0.2230,4.49,3810.0,86.0
26626,144.9,6.90,31.87,0.2199,4.55,3810.0,86.0
26633,144.9,6.90,31.87,0.2199,4.55,3810.0,86.0
26640,142.9,7.00,31.88,0.2231,4.48,3810.0,86.0
26647,147.1,6.80,31.88,0.2168,4.61,3810.0,86.0
26654,138.9,7.20,31.89,0.2296,4.36,3810.0,86.0
26661,147.1,6.80,31.89,0.2169,4.61,3810.0,86.0
26668,142.9,7.00,31.90,0.2233,4.48,3810.0,86.0
26675,142.9,7.00,31.91,0.2233,4.48,3810.0,86.0
26682,135.1,7.40,31.91,0.2361,4.23,3810.0,86.0
26689,147.1,6.80,31.92,0.2170,4.61,3810.0,86.0
26696,147.1,6.80,31.92,0.2171,4.61,3810.0,86.0
26702,149.3,6.70,31.93,0.2139,4.68,3810.0,86.0
26709,142.9,7.00,31.93,0.2235,4.47,3810.0,86.0
26717,135.1,7.40,31.94,0.2364,4.23,3810.0,86.0
26723,153.8,6.50,31.95,0.2076,4.81,3810.0,86.0
26730,144.9,6.90,31.95,0.2205,4.53,3810.0,86.0
26737,142.9,7.00,31.96,0.2237,4.47,3810.0,86.0
26744,144.9,6.90,31.96,0.2205,4.53,3810.0,86.0
26751,144.9,6.90,31.97,0.2206,4.53,3810.0,86.0
26758,142.9,7.00,31.98,0.2238,4.47,3810.0,86.0
26765,142.9,7.00,31.98,0.2239,4.47,3810.0,86.0
26772,144.9,6.90,31.99,0.2207,4.53,3810.0,86.0
26779,144.9,6.90,31.99,0.2207,4.53,3810.0,86.0
26786,147.1,6.80,32.00,0.2176,4.60,3810.0,86.0
26793,142.9,7.00,32.00,0.2240,4.47,3810.0,86.0
26800,140.8,7.10,32.01,0.2273,4.40,3810.0,86.0
26807,144.9,6.90,32.02,0.2209,4.53,3810.0,86.0
26813,147.1,6.80,32.02,0.2177,4.59,3810.0,86.0
26820,142.9,7.00,32.03,0.2242,4.46,3810.0,86.0
26827,142.9,7.00,32.03,0.2242,4.46,3810.0,86.0
26834,147.1,6.80,32.04,0.2179,4.59,3810.0,86.0
26841,142.9,7.00,32.04,0.2243,4.46,3810.0,86.0
26848,142.9,7.00,32.05,0.2243,4.46,3810.0,86.0
26855,147.1,6.80,32.06,0.2180,4.59,3810.0,86.0
26862,142.9,7.00,32.06,0.2244,4.46,3810.0,86.0
26869,142.9,7.00,32.07,0.2245,4.46,3810.0,86.0
26876,142.9,7.00,32.07,0.2245,4.46,3810.0,86.0
26883,140.8,7.10,32.08,0.2278,4.39,3810.0,86.0
26890,147.1,6.80,32.08,0.2182,4.58,3810.0,86.0
26897,142.9,7.00,32.09,0.2246,4.45,3810.0,86.0
26904,140.8,7.10,32.10,0.2279,4.39,3810.0,86.0
26911,147.1,6.80,32.10,0.2183,4.58,3810.0,86.0
26918,140.8,7.10,32.11,0.2280,4.39,3810.0,86.0
26925,147.1,6.80,32.11,0.2184,4.58,3810.0,86.0
26932,142.9,7.00,32.12,0.2248,4.45,3810.0,86.0
26939,147.1,6.80,32.13,0.2185,4.58,3810.0,86.0
26946,142.9,7.00,32.13,0.2249,4.45,3810.0,86.0
26952,144.9,6.90,32.14,0.2217,4.51,3810.0,86.0
26960,140.8,7.10,32.14,0.2282,4.38,3810.0,86.0
26966,147.1,6.80,32.15,0.2186,4.58,3810.0,86.0
26973,140.8,7.10,32.15,0.2283,4.38,3810.0,86.0
26980,147.1,6.80,32.16,0.2187,4.57,3810.0,86.0
26987,142.9,7.00,32.17,0.2252,4.44,3810.0,86.0
26994,144.9,6.90,32.17,0.2220,4.50,3810.0,86.0
27001,144.9,6.90,32.18,0.2220,4.50,3810.0,86.0
27008,140.8,7.10,32.18,0.2285,4.38,3810.0,86.0
27015,151.5,6.60,32.19,0.2124,4.71,3810.0,86.0
27022,138.9,7.20,32.19,0.2318,4.31,3810.0,86.0
27029,144.9,6.90,32.20,0.2222,4.50,3810.0,86.0
27036,144.9,6.90,32.21,0.2222,4.50,3810.0,86.0
27043,144.9,6.90,32.21,0.2223,4.50,3810.0,86.0
27050,140.8,7.10,32.22,0.2287,4.37,3810.0,86.0
27056,149.3,6.70,32.22,0.2159,4.63,3810.0,86.0
27064,137.0,7.30,32.23,0.2353,4.25,3810.0,86.0
27070,149.3,6.70,32.23,0.2160,4.63,3810.0,86.0
27077,142.9,7.00,32.24,0.2257,4.43,3810.0,86.0
27084,144.9,6.90,32.25,0.2225,4.49,3810.0,86.0
27091,140.8,7.10,32.25,0.2290,4.37,3810.0,86.0
27098,151.5,6.60,32.26,0.2129,4.70,3810.0,86.0
27105,135.1,7.40,32.26,0.2387,4.19,3810.0,86.0
27112,142.9,7.00,32.27,0.2259,4.43,3810.0,86.0
27119,149.3,6.70,32.27,0.2162,4.63,3810.0,86.0
27126,142.9,7.00,32.28,0.2260,4.43,3810.0,86.0
27133,144.9,6.90,32.29,0.2228,4.49,3810.0,86.0
27140,144.9,6.90,32.29,0.2228,4.49,3810.0,86.0
27147,138.9,7.20,32.30,0.2325,4.30,3810.0,86.0
27154,149.3,6.70,32.30,0.2164,4.62,3810.0,86.0
27161,142.9,7.00,32.31,0.2262,4.42,3810.0,86.0
27168,144.9,6.90,32.32,0.2230,4.48,3810.0,86.0
27175,147.1,6.80,32.32,0.2198,4.55,3810.0,86.0
27182,142.9,7.00,32.33,0.2263,4.42,3810.0,86.0
27189,140.8,7.10,32.33,0.2296,4.35,3810.0,86.0
27195,147.1,6.80,32.34,0.2199,4.55,3810.0,86.0
27202,142.9,7.00,32.34,0.2264,4.42,3810.0,86.0
27209,144.9,6.90,32.35,0.2232,4.48,3810.0,86.0
27216,140.8,7.10,32.36,0.2297,4.35,3810.0,86.0
27223,149.3,6.70,32.36,0.2168,4.61,3810.0,86.0
27230,140.8,7.10,32.37,0.2298,4.35,3810.0,86.0
27237,142.9,7.00,32.37,0.2266,4.41,3810.0,86.0
27245,137.0,7.30,32.38,0.2364,4.23,3810.0,86.0
27251,149.3,6.70,32.38,0.2170,4.61,3810.0,86.0
27258,142.9,7.00,32.39,0.2267,4.41,3810.0,86.0
27265,144.9,6.90,32.40,0.2235,4.47,3810.0,86.0
27272,149.3,6.70,32.40,0.2171,4.61,3810.0,86.0
27279,135.1,7.40,32.41,0.2398,4.17,3810.0,86.0
27286,147.1,6.80,32.41,0.2204,4.54,3810.0,86.0
27293,142.9,7.00,32.42,0.2269,4.41,3810.0,86.0
27300,142.9,7.00,32.42,0.2270,4.41,3810.0,86.0
27307,144.9,6.90,32.43,0.2238,4.47,3810.0,86.0
27314,151.5,6.60,32.43,0.2141,4.67,3810.0,86.0
27321,137.0,7.30,32.44,0.2368,4.22,3810.0,86.0
27327,156.2,6.40,32.44,0.2076,4.81,3810.0,86.0
27334,140.8,7.10,32.45,0.2304,4.34,3810.0,86.0
27341,140.8,7.10,32.45,0.2304,4.34,3810.0,86.0
27348,144.9,6.90,32.46,0.2240,4.46,3810.0,86.0
27355,144.9,6.90,32.46,0.2240,4.46,3810.0,86.0
27362,142.9,7.00,32.47,0.2273,4.40,3810.0,86.0
27369,149.3,6.70,32.47,0.2176,4.60,3810.0,86.0
27376,142.9,7.00,32.48,0.2274,4.40,3810.0,86.0
27383,144.9,6.90,32.48,0.2241,4.46,3810.0,86.0
27390,140.8,7.10,32.49,0.2307,4.33,3810.0,86.0
27397,144.9,6.90,32.49,0.2242,4.46,3810.0,86.0
27404,142.9,7.00,32.50,0.2275,4.40,3810.0,86.0
27411,147.1,6.80,32.50,0.2210,4.53,3810.0,86.0
27418,144.9,6.90,32.51,0.2243,4.46,3810.0,86.0
27425,133.3,7.50,32.51,0.2439,4.10,3810.0,86.0
27432,153.8,6.50,32.52,0.2114,4.73,3810.0,86.0
27438,144.9,6.90,32.52,0.2244,4.46,3810.0,86.0
27446,140.8,7.10,32.53,0.2310,4.33,3810.0,86.0
27452,144.9,6.90,32.53,0.2245,4.45,3810.0,86.0
27459,144.9,6.90,32.54,0.2245,4.45,3810.0,86.0
27466,144.9,6.90,32.54,0.2246,4.45,3810.0,86.0
27473,142.9,7.00,32.55,0.2278,4.39,3810.0,86.0
27480,142.9,7.00,32.55,0.2279,4.39,3810.0,86.0
27488,137.0,7.30,32.56,0.2377,4.21,3810.0,86.0
27494,149.3,6.70,32.56,0.2182,4.58,3810.0,86.0
27501,147.1,6.80,32.57,0.2215,4.52,3810.0,86.0
27508,144.9,6.90,32.57,0.2248,4.45,3810.0,86.0
27515,140.8,7.10,32.58,0.2313,4.32,3810.0,86.0
27522,144.9,6.90,32.59,0.2248,4.45,3810.0,86.0
27529,137.0,7.30,32.59,0.2379,4.20,3810.0,86.0
27536,151.5,6.60,32.60,0.2151,4.65,3810.0,86.0
27543,140.8,7.10,32.60,0.2315,4.32,3810.0,86.0
27550,149.3,6.70,32.61,0.2185,4.58,3810.0,86.0
27557,144.9,6.90,32.61,0.2250,4.44,3810.0,86.0
27564,140.8,7.10,32.62,0.2316,4.32,3810.0,86.0
27571,144.9,6.90,32.62,0.2251,4.44,3810.0,86.0
27578,142.9,7.00,32.63,0.2284,4.38,3810.0,86.0
27584,149.3,6.70,32.63,0.2186,4.58,3810.0,86.0
27591,140.8,7.10,32.64,0.2317,4.31,3810.0,86.0
27598,140.8,7.10,32.64,0.2317,4.31,3810.0,86.0
27605,149.3,6.70,32.65,0.2187,4.57,3810.0,86.0
27612,142.9,7.00,32.65,0.2286,4.38,3810.0,86.0
27619,144.9,6.90,32.66,0.2253,4.44,3810.0,86.0
27626,138.9,7.20,32.66,0.2352,4.25,3810.0,86.0
27633,144.9,6.90,32.67,0.2254,4.44,3810.0,86.0
27640,147.1,6.80,32.67,0.2222,4.50,3810.0,86.0
27647,137.0,7.30,32.68,0.2385,4.19,3810.0,86.0
27654,149.3,6.70,32.68,0.2190,4.57,3810.0,86.0
27661,140.8,7.10,32.69,0.2321,4.31,3810.0,86.0
27668,149.3,6.70,32.69,0.2190,4.57,3810.0,86.0
27675,144.9,6.90,32.70,0.2256,4.43,3810.0,86.0
27682,142.9,7.00,32.70,0.2289,4.37,3810.0,86.0
27689,142.9,7.00,32.71,0.2289,4.37,3810.0,86.0
27695,147.1,6.80,32.71,0.2224,4.50,3810.0,86.0
27702,144.9,6.90,32.72,0.2257,4.43,3810.0,86.0
27709,142.9,7.00,32.72,0.2291,4.37,3810.0,86.0
27716,144.9,6.90,32.73,0.2258,4.43,3810.0,86.0
27723,142.9,7.00,32.73,0.2291,4.37,3810.0,86.0
27730,144.9,6.90,32.74,0.2259,4.43,3810.0,86.0
27737,144.9,6.90,32.74,0.2259,4.43,3810.0,86.0
27744,144.9,6.90,32.75,0.2260,4.42,3810.0,86.0
27751,142.9,7.00,32.75,0.2293,4.36,3810.0,86.0
27758,142.9,7.00,32.76,0.2293,4.36,3810.0,86.0
27765,142.9,7.00,32.76,0.2293,4.36,3810.0,86.0
27772,144.9,6.90,32.77,0.2261,4.42,3810.0,86.0
27779,144.9,6.90,32.77,0.2261,4.42,3810.0,86.0
27786,142.9,7.00,32.78,0.2294,4.36,3810.0,86.0
27793,142.9,7.00,32.78,0.2295,4.36,3810.0,86.0
27800,147.1,6.80,32.79,0.2230,4.49,3810.0,86.0
27807,142.9,7.00,32.79,0.2296,4.36,3810.0,86.0
27814,142.9,7.00,32.80,0.2296,4.36,3810.0,86.0
27820,144.9,6.90,32.80,0.2263,4.42,3810.0,86.0
27827,144.9,6.90,32.81,0.2264,4.42,3810.0,86.0
27834,144.9,6.90,32.81,0.2264,4.42,3810.0,86.0
27841,140.8,7.10,32.82,0.2330,4.29,3810.0,86.0
27848,149.3,6.70,32.82,0.2199,4.55,3810.0,86.0
27855,142.9,7.00,32.83,0.2298,4.35,3810.0,86.0
27862,142.9,7.00,32.83,0.2298,4.35,3810.0,86.0
27869,147.1,6.80,32.84,0.2233,4.48,3810.0,86.0
27876,140.8,7.10,32.84,0.2332,4.29,3810.0,86.0
27883,147.1,6.80,32.85,0.2234,4.48,3810.0,86.0
27890,138.9,7.20,32.85,0.2365,4.23,3810.0,86.0
27897,147.1,6.80,32.86,0.2234,4.48,3810.0,86.0
27904,142.9,7.00,32.86,0.2300,4.35,3810.0,86.0
27911,147.1,6.80,32.87,0.2235,4.48,3810.0,86.0
27918,142.9,7.00,32.87,0.2301,4.35,3810.0,86.0
27925,142.9,7.00,32.88,0.2302,4.35,3810.0,86.0
27932,142.9,7.00,32.88,0.2302,4.35,3810.0,86.0
27938,147.1,6.80,32.89,0.2236,4.47,3810.0,86.0
27945,142.9,7.00,32.89,0.2303,4.34,3810.0,86.0
27952,144.9,6.90,32.90,0.2270,4.40,3810.0,86.0
27959,140.8,7.10,32.90,0.2336,4.28,3810.0,86.0
27966,147.1,6.80,32.91,0.2238,4.47,3810.0,86.0
27973,142.9,7.00,32.91,0.2304,4.34,3810.0,86.0
27980,144.9,6.90,32.92,0.2271,4.40,3810.0,86.0
27987,142.9,7.00,32.92,0.2305,4.34,3810.0,86.0
27994,142.9,7.00,32.93,0.2305,4.34,3810.0,86.0
28001,147.1,6.80,32.93,0.2240,4.47,3810.0,86.0
28008,142.9,7.00,32.94,0.2306,4.34,3810.0,86.0
28015,142.9,7.00,32.95,0.2306,4.34,3810.0,86.0
28022,147.1,6.80,32.95,0.2241,4.46,3810.0,86.0
28029,140.8,7.10,32.96,0.2340,4.27,3810.0,86.0
28036,147.1,6.80,32.96,0.2241,4.46,3810.0,86.0
28043,142.9,7.00,32.97,0.2308,4.33,3810.0,86.0
28050,135.1,7.40,32.97,0.2440,4.10,3810.0,86.0
28057,153.8,6.50,32.98,0.2143,4.66,3810.0,86.0
28064,142.9,7.00,32.98,0.2309,4.33,3810.0,86.0
28071,142.9,7.00,32.99,0.2309,4.33,3810.0,86.0
28077,149.3,6.70,32.99,0.2210,4.53,3810.0,86.0
28084,140.8,7.10,33.00,0.2343,4.27,3810.0,86.0
28091,140.8,7.10,33.00,0.2343,4.27,3810.0,86.0
28098,144.9,6.90,33.01,0.2277,4.39,3810.0,86.0
28105,144.9,6.90,33.01,0.2278,4.39,3810.0,86.0
28112,144.9,6.90,33.02,0.2278,4.39,3810.0,86.0
28119,142.9,7.00,33.02,0.2311,4.33,3810.0,86.0
28126,147.1,6.80,33.03,0.2246,4.45,3810.0,86.0
28133,142.9,7.00,33.03,0.2312,4.33,3810.0,86.0
28140,147.1,6.80,33.04,0.2246,4.45,3810.0,86.0
28147,140.8,7.10,33.04,0.2346,4.26,3810.0,86.0
28154,140.8,7.10,33.05,0.2346,4.26,3810.0,86.0
28161,149.3,6.70,33.05,0.2214,4.52,3810.0,86.0
28168,138.9,7.20,33.06,0.2380,4.20,3810.0,86.0
28175,144.9,6.90,33.06,0.2281,4.38,3810.0,86.0
28182,147.1,6.80,33.07,0.2249,4.45,3810.0,86.0
28189,140.8,7.10,33.07,0.2348,4.26,3810.0,86.0
28195,149.3,6.70,33.08,0.2216,4.51,3810.0,86.0
28202,140.8,7.10,33.08,0.2349,4.26,3810.0,86.0
28209,144.9,6.90,33.09,0.2283,4.38,3810.0,86.0
28216,144.9,6.90,33.09,0.2283,4.38,3810.0,86.0
28223,142.9,7.00,33.10,0.2317,4.32,3810.0,86.0
28230,142.9,7.00,33.10,0.2317,4.32,3810.0,86.0
28237,144.9,6.90,33.11,0.2284,4.38,3810.0,86.0
28244,144.9,6.90,33.11,0.2285,4.38,3810.0,86.0
28251,142.9,7.00,33.12,0.2318,4.31,3810.0,86.0
28258,142.9,7.00,33.12,0.2319,4.31,3810.0,86.0
28265,147.1,6.80,33.13,0.2253,4.44,3810.0,86.0
28272,142.9,7.00,33.13,0.2319,4.31,3810.0,86.0
28279,142.9,7.00,33.14,0.2320,4.31,3810.0,86.0
28286,144.9,6.90,33.14,0.2287,4.37,3810.0,86.0
28293,144.9,6.90,33.14,0.2287,4.37,3810.0,86.0
28300,144.9,6.90,33.14,0.2287,4.37,3810.0,86.0
28307,140.8,7.10,33.14,0.2353,4.25,3810.0,86.0
28313,147.1,6.80,33.14,0.2253,4.44,3810.0,86.0
28320,142.9,7.00,33.14,0.2320,4.31,3810.0,86.0
28327,144.9,6.90,33.14,0.2287,4.37,3810.0,86.0
28334,142.9,7.00,33.14,0.2320,4.31,3810.0,86.0
28341,147.1,6.80,33.14,0.2253,4.44,3810.0,86.0
28348,140.8,7.10,33.14,0.2353,4.25,3810.0,86.0
28355,142.9,7.00,33.14,0.2320,4.31,3810.0,86.0
28362,144.9,6.90,33.14,0.2286,4.37,3810.0,86.0
28369,147.1,6.80,33.14,0.2253,4.44,3810.0,86.0
28376,140.8,7.10,33.14,0.2353,4.25,3810.0,86.0
28383,142.9,7.00,33.14,0.2320,4.31,3810.0,86.0
28390,147.1,6.80,33.14,0.2253,4.44,3810.0,86.0
28397,140.8,7.10,33.14,0.2353,4.25,3810.0,86.0
28404,144.9,6.90,33.14,0.2286,4.37,3810.0,86.0
28411,144.9,6.90,33.13,0.2286,4.37,3810.0,86.0
28418,147.1,6.80,33.13,0.2253,4.44,3810.0,86.0
28425,140.8,7.10,33.13,0.2353,4.25,3810.0,86.0
28432,144.9,6.90,33.13,0.2286,4.37,3810.0,86.0
28439,142.9,7.00,33.13,0.2319,4.31,3810.0,86.0
28445,144.9,6.90,33.13,0.2286,4.37,3810.0,86.0
28452,142.9,7.00,33.13,0.2319,4.31,3810.0,86.0
28459,144.9,6.90,33.13,0.2286,4.37,3810.0,86.0
28466,142.9,7.00,33.13,0.2319,4.31,3810.0,86.0
28473,147.1,6.80,33.13,0.2253,4.44,3810.0,86.0
28480,142.9,7.00,33.13,0.2319,4.31,3810.0,86.0
28487,138.9,7.20,33.13,0.2385,4.19,3810.0,86.0
28494,149.3,6.70,33.13,0.2220,4.51,3810.0,86.0
28501,135.1,7.40,33.13,0.2452,4.08,3810.0,86.0
28508,149.3,6.70,33.13,0.2220,4.51,3810.0,86.0
28515,149.3,6.70,33.13,0.2220,4.51,3810.0,86.0
28522,142.9,7.00,33.13,0.2319,4.31,3810.0,86.0
28529,140.8,7.10,33.13,0.2352,4.25,3810.0,86.0
28536,147.1,6.80,33.13,0.2253,4.44,3810.0,86.0
28543,142.9,7.00,33.13,0.2319,4.31,3810.0,86.0
28550,144.9,6.90,33.13,0.2286,4.37,3810.0,86.0
28557,144.9,6.90,33.13,0.2286,4.37,3810.0,86.0
28563,144.9,6.90,33.13,0.2286,4.37,3810.0,86.0
28571,140.8,7.10,33.13,0.2352,4.25,3810.0,86.0
28578,142.9,7.00,33.13,0.2319,4.31,3810.0,86.0
28584,149.3,6.70,33.13,0.2220,4.51,3810.0,86.0
28591,142.9,7.00,33.13,0.2319,4.31,3810.0,86.0
28598,140.8,7.10,33.13,0.2352,4.25,3810.0,86.0
28605,144.9,6.90,33.13,0.2286,4.37,3810.0,86.0
28612,147.1,6.80,33.13,0.2253,4.44,3810.0,86.0
28619,142.9,7.00,33.13,0.2319,4.31,3810.0,86.0
28626,142.9,7.00,33.13,0.2319,4.31,3810.0,86.0
28633,147.1,6.80,33.13,0.2253,4.44,3810.0,86.0
28640,142.9,7.00,33.13,0.2319,4.31,3810.0,86.0
28647,144.9,6.90,33.13,0.2286,4.37,3810.0,86.0
28654,142.9,7.00,33.13,0.2319,4.31,3810.0,86.0
28661,142.9,7.00,33.12,0.2319,4.31,3810.0,86.0
28668,144.9,6.90,33.12,0.2286,4.37,3810.0,86.0
28675,137.0,7.30,33.12,0.2418,4.14,3810.0,86.0
28682,144.9,6.90,33.12,0.2286,4.37,3810.0,86.0
28689,144.9,6.90,33.12,0.2286,4.37,3810.0,86.0
28695,149.3,6.70,33.12,0.2219,4.51,3810.0,86.0
28702,144.9,6.90,33.12,0.2286,4.37,3810.0,86.0
28709,140.8,7.10,33.12,0.2352,4.25,3810.0,86.0
28716,147.1,6.80,33.12,0.2252,4.44,3810.0,86.0
28723,142.9,7.00,33.12,0.2319,4.31,3810.0,86.0
28730,144.9,6.90,33.12,0.2285,4.37,3810.0,86.0
28737,144.9,6.90,33.12,0.2285,4.37,3810.0,86.0
28744,140.8,7.10,33.12,0.2352,4.25,3810.0,86.0
28751,144.9,6.90,33.12,0.2285,4.37,3810.0,86.0
28758,147.1,6.80,33.12,0.2252,4.44,3810.0,86.0
28765,142.9,7.00,33.12,0.2318,4.31,3810.0,86.0
28772,142.9,7.00,33.12,0.2318,4.31,3810.0,86.0
28779,138.9,7.20,33.12,0.2385,4.19,3810.0,86.0
28786,151.5,6.60,33.12,0.2186,4.57,3810.0,86.0
28793,144.9,6.90,33.12,0.2285,4.38,3810.0,86.0
28800,140.8,7.10,33.12,0.2351,4.25,3810.0,86.0
28806,147.1,6.80,33.12,0.2252,4.44,3810.0,86.0
28813,144.9,6.90,33.12,0.2285,4.38,3810.0,86.0
28820,142.9,7.00,33.12,0.2318,4.31,3810.0,86.0
28827,142.9,7.00,33.12,0.2318,4.31,3810.0,86.0
28834,140.8,7.10,33.12,0.2351,4.25,3810.0,86.0
28841,147.1,6.80,33.12,0.2252,4.44,3810.0,86.0
28848,142.9,7.00,33.12,0.2318,4.31,3810.0,86.0
28855,144.9,6.90,33.12,0.2285,4.38,3810.0,86.0
28862,142.9,7.00,33.12,0.2318,4.32,3810.0,86.0
28869,144.9,6.90,33.12,0.2285,4.38,3810.0,86.0
28876,144.9,6.90,33.12,0.2285,4.38,3810.0,86.0
28883,138.9,7.20,33.12,0.2384,4.19,3810.0,86.0
28890,149.3,6.70,33.12,0.2219,4.51,3810.0,86.0
28897,144.9,6.90,33.12,0.2285,4.38,3810.0,86.0
28904,142.9,7.00,33.12,0.2318,4.32,3810.0,86.0
28911,144.9,6.90,33.11,0.2285,4.38,3810.0,86.0
28918,142.9,7.00,33.11,0.2318,4.32,3810.0,86.0
28925,144.9,6.90,33.11,0.2285,4.38,3810.0,86.0
28932,142.9,7.00,33.11,0.2318,4.32,3810.0,86.0
28939,142.9,7.00,33.11,0.2318,4.32,3810.0,86.0
28946,142.9,7.00,33.11,0.2318,4.32,3810.0,86.0
28952,144.9,6.90,33.11,0.2285,4.38,3810.0,86.0
28959,144.9,6.90,33.11,0.2285,4.38,3810.0,86.0
28966,142.9,7.00,33.11,0.2318,4.32,3810.0,86.0
28973,144.9,6.90,33.11,0.2285,4.38,3810.0,86.0
28980,144.9,6.90,33.11,0.2285,4.38,3810.0,86.0
28987,138.9,7.20,33.11,0.2384,4.19,3810.0,86.0
28994,147.1,6.80,33.11,0.2252,4.44,3810.0,86.0
29001,144.9,6.90,33.11,0.2285,4.38,3810.0,86.0
29008,144.9,6.90,33.11,0.2285,4.38,3810.0,86.0
29015,144.9,6.90,33.11,0.2285,4.38,3810.0,86.0
29022,144.9,6.90,33.11,0.2285,4.38,3810.0,86.0
29029,140.8,7.10,33.11,0.2351,4.25,3810.0,86.0
29036,142.9,7.00,33.11,0.2318,4.32,3810.0,86.0
29043,142.9,7.00,33.11,0.2318,4.32,3810.0,86.0
29050,142.9,7.00,33.11,0.2318,4.32,3810.0,86.0
29057,144.9,6.90,33.11,0.2285,4.38,3810.0,86.0
29063,149.3,6.70,33.11,0.2218,4.51,3810.0,86.0
29070,144.9,6.90,33.11,0.2284,4.38,3810.0,86.0
29078,138.9,7.20,33.11,0.2384,4.20,3810.0,86.0
29084,144.9,6.90,33.11,0.2284,4.38,3810.0,86.0
29092,138.9,7.20,33.11,0.2384,4.20,3810.0,86.0
29098,149.3,6.70,33.11,0.2218,4.51,3810.0,86.0
29105,144.9,6.90,33.11,0.2284,4.38,3810.0,86.0
29113,126.6,7.90,33.11,0.2615,3.82,3810.0,86.0
29121,135.1,7.40,33.11,0.2450,4.08,3810.0,86.0
29128,142.9,7.00,33.11,0.2317,4.32,3810.0,86.0
29133,169.5,5.90,33.11,0.1953,5.12,3810.0,86.0
29140,149.3,6.70,33.11,0.2218,4.51,3810.0,86.0
29147,138.9,7.20,33.11,0.2384,4.20,3810.0,86.0
29155,135.1,7.40,33.11,0.2450,4.08,3810.0,86.0
29162,142.9,7.00,33.10,0.2317,4.32,3810.0,86.0
29168,161.3,6.20,33.10,0.2052,4.87,3810.0,86.0
29175,147.1,6.80,33.10,0.2251,4.44,3810.0,86.0
29182,138.9,7.20,33.10,0.2383,4.20,3810.0,86.0
29189,149.3,6.70,33.10,0.2218,4.51,3810.0,86.0
29196,138.9,7.20,33.10,0.2383,4.20,3810.0,86.0
29203,140.8,7.10,33.10,0.2350,4.25,3810.0,86.0
29210,151.5,6.60,33.10,0.2185,4.58,3810.0,86.0
29216,149.3,6.70,33.10,0.2218,4.51,3810.0,86.0
29223,138.9,7.20,33.10,0.2383,4.20,3810.0,86.0
29230,147.1,6.80,33.10,0.2251,4.44,3810.0,86.0
29237,144.9,6.90,33.10,0.2284,4.38,3810.0,86.0
29244,144.9,6.90,33.10,0.2284,4.38,3810.0,86.0
29251,144.9,6.90,33.10,0.2284,4.38,3810.0,86.0
29258,144.9,6.90,33.10,0.2284,4.38,3810.0,86.0
29265,140.8,7.10,33.10,0.2350,4.25,3810.0,86.0
29272,149.3,6.70,33.10,0.2218,4.51,3810.0,86.0
29279,142.9,7.00,33.10,0.2317,4.32,3810.0,86.0
29286,138.9,7.20,33.10,0.2383,4.20,3810.0,86.0
29293,144.9,6.90,33.09,0.2283,4.38,3810.1,86.0
29300,140.8,7.10,33.08,0.2349,4.26,3810.1,86.0
29306,153.8,6.50,33.08,0.2150,4.65,3810.1,86.0
29313,140.8,7.10,33.07,0.2348,4.26,3810.2,86.0
29320,142.9,7.00,33.06,0.2314,4.32,3810.2,86.0
29328,140.8,7.10,33.06,0.2347,4.26,3810.3,86.0
29334,149.3,6.70,33.05,0.2214,4.52,3810.3,86.0
29341,142.9,7.00,33.04,0.2313,4.32,3810.4,86.0
29348,142.9,7.00,33.04,0.2313,4.33,3810.4,86.0
29355,144.9,6.90,33.03,0.2279,4.39,3810.4,86.0
29362,142.9,7.00,33.02,0.2312,4.33,3810.5,86.0
29369,144.9,6.90,33.02,0.2278,4.39,3810.5,86.0
29376,147.1,6.80,33.01,0.2245,4.46,3810.6,86.0
29383,142.9,7.00,33.00,0.2310,4.33,3810.6,86.0
29390,142.9,7.00,33.00,0.2310,4.33,3810.6,86.0
29397,140.8,7.10,32.99,0.2342,4.27,3810.7,86.0
29404,142.9,7.00,32.98,0.2309,4.33,3810.7,86.0
29411,142.9,7.00,32.97,0.2308,4.33,3810.8,86.0
29418,149.3,6.70,32.97,0.2209,4.53,3810.8,86.0
29425,142.9,7.00,32.96,0.2307,4.34,3810.9,86.0
29432,142.9,7.00,32.95,0.2307,4.34,3810.9,86.0
29439,144.9,6.90,32.95,0.2273,4.40,3810.9,86.0
29445,147.1,6.80,32.94,0.2240,4.47,3811.0,86.0
29452,142.9,7.00,32.94,0.2305,4.34,3811.0,86.0
29459,144.9,6.90,32.93,0.2272,4.40,3811.1,86.0
29466,138.9,7.20,32.92,0.2370,4.22,3811.1,86.0
29473,144.9,6.90,32.91,0.2271,4.40,3811.1,86.0
29480,144.9,6.90,32.91,0.2271,4.40,3811.2,86.0
29487,144.9,6.90,32.90,0.2270,4.40,3811.2,86.0
29494,137.0,7.30,32.89,0.2401,4.16,3811.3,86.0
29501,149.3,6.70,32.89,0.2203,4.54,3811.3,86.0
29508,142.9,7.00,32.88,0.2302,4.35,3811.4,86.0
29515,147.1,6.80,32.87,0.2235,4.47,3811.4,86.0
29522,144.9,6.90,32.87,0.2268,4.41,3811.4,86.0
29529,142.9,7.00,32.86,0.2300,4.35,3811.5,86.0
29536,142.9,7.00,32.85,0.2300,4.35,3811.5,86.0
29543,144.9,6.90,32.85,0.2266,4.41,3811.6,86.0
29550,147.1,6.80,32.84,0.2233,4.48,3811.6,86.0
29556,144.9,6.90,32.83,0.2266,4.41,3811.6,86.0
29563,144.9,6.90,32.83,0.2265,4.41,3811.7,86.0
29570,142.9,7.00,32.82,0.2297,4.35,3811.7,86.0
29577,140.8,7.10,32.81,0.2330,4.29,3811.8,86.0
29584,147.1,6.80,32.81,0.2231,4.48,3811.8,86.0
29591,142.9,7.00,32.80,0.2296,4.36,3811.9,86.0
29598,142.9,7.00,32.79,0.2296,4.36,3811.9,86.0
29605,147.1,6.80,32.79,0.2229,4.49,3811.9,86.0
29612,140.8,7.10,32.78,0.2327,4.30,3812.0,86.0
29619,147.1,6.80,32.77,0.2229,4.49,3812.0,86.0
29626,144.9,6.90,32.77,0.2261,4.42,3812.1,86.0
29633,142.9,7.00,32.76,0.2293,4.36,3812.1,86.0
29640,138.9,7.20,32.75,0.2358,4.24,3812.1,86.0
29647,151.5,6.60,32.75,0.2161,4.63,3812.2,86.0
29654,142.9,7.00,32.74,0.2292,4.36,3812.2,86.0
29661,142.9,7.00,32.73,0.2291,4.37,3812.3,86.0
29668,142.9,7.00,32.73,0.2291,4.37,3812.3,86.0
29675,140.8,7.10,32.72,0.2323,4.30,3812.4,86.0
29682,147.1,6.80,32.71,0.2224,4.50,3812.4,86.0
29688,144.9,6.90,32.71,0.2257,4.43,3812.4,86.0
29696,140.8,7.10,32.70,0.2322,4.31,3812.5,86.0
29702,144.9,6.90,32.69,0.2256,4.43,3812.5,86.0
29710,138.9,7.20,32.68,0.2353,4.25,3812.6,86.0
29717,142.9,7.00,32.68,0.2287,4.37,3812.6,86.0
29723,149.3,6.70,32.67,0.2189,4.57,3812.6,86.0
29730,149.3,6.70,32.67,0.2189,4.57,3812.7,86.0
29737,138.9,7.20,32.66,0.2351,4.25,3812.7,86.0
29744,144.9,6.90,32.65,0.2253,4.44,3812.8,86.0
29751,142.9,7.00,32.65,0.2285,4.38,3812.8,86.0
29758,147.1,6.80,32.64,0.2219,4.51,3812.9,86.0
29765,144.9,6.90,32.63,0.2252,4.44,3812.9,86.0
29772,142.9,7.00,32.62,0.2284,4.38,3812.9,86.0
29779,147.1,6.80,32.62,0.2218,4.51,3813.0,86.0
29786,140.8,7.10,32.61,0.2315,4.32,3813.0,86.0
29793,144.9,6.90,32.60,0.2250,4.44,3813.1,86.0
29800,142.9,7.00,32.60,0.2282,4.38,3813.1,86.0
29807,142.9,7.00,32.59,0.2281,4.38,3813.1,86.0
29814,144.9,6.90,32.58,0.2248,4.45,3813.2,86.0
29821,142.9,7.00,32.58,0.2280,4.39,3813.2,86.0
29828,142.9,7.00,32.57,0.2280,4.39,3813.3,86.0
29834,147.1,6.80,32.56,0.2214,4.52,3813.3,86.0
29841,144.9,6.90,32.56,0.2246,4.45,3813.4,86.0
29848,142.9,7.00,32.55,0.2279,4.39,3813.4,86.0
29855,144.9,6.90,32.54,0.2246,4.45,3813.4,86.0
29862,147.1,6.80,32.54,0.2213,4.52,3813.5,86.0
29869,142.9,7.00,32.53,0.2277,4.39,3813.5,86.0
29876,140.8,7.10,32.52,0.2309,4.33,3813.6,86.0
29883,147.1,6.80,32.52,0.2211,4.52,3813.6,86.0
29890,137.0,7.30,32.51,0.2373,4.21,3813.6,86.0
29897,153.8,6.50,32.50,0.2113,4.73,3813.7,86.0
29904,138.9,7.20,32.50,0.2340,4.27,3813.7,86.0
29911,142.9,7.00,32.49,0.2274,4.40,3813.8,86.0
29918,144.9,6.90,32.48,0.2241,4.46,3813.8,86.0
29925,142.9,7.00,32.48,0.2273,4.40,3813.9,86.0
29932,142.9,7.00,32.47,0.2273,4.40,3813.9,86.0
29939,149.3,6.70,32.46,0.2175,4.60,3813.9,86.0
29946,138.9,7.20,32.46,0.2337,4.28,3814.0,86.0
29953,135.1,7.40,32.45,0.2401,4.16,3814.0,86.0
29960,153.8,6.50,32.44,0.2109,4.74,3814.1,86.0
29966,151.5,6.60,32.44,0.2141,4.67,3814.1,86.0
29973,142.9,7.00,32.43,0.2270,4.41,3814.1,86.0
29980,142.9,7.00,32.42,0.2270,4.41,3814.2,86.0
29987,142.9,7.00,32.42,0.2269,4.41,3814.2,86.0
29994,140.8,7.10,32.41,0.2301,4.34,3814.3,86.0
30001,144.9,6.90,32.40,0.2236,4.47,3814.3,86.0
30008,149.3,6.70,32.40,0.2171,4.61,3814.4,86.0
30015,144.9,6.90,32.39,0.2235,4.47,3814.4,86.0
30022,138.9,7.20,32.38,0.2332,4.29,3814.4,86.0
30029,135.1,7.40,32.38,0.2396,4.17,3814.5,86.0
30038,123.5,8.10,32.37,0.2622,3.82,3814.5,86.0
30045,135.1,7.40,32.36,0.2395,4.17,3814.6,86.0
30052,133.3,7.50,32.35,0.2426,4.12,3814.6,86.0
30059,156.3,6.40,32.35,0.2070,4.83,3814.7,86.0
30065,163.9,6.10,32.34,0.1973,5.07,3814.7,86.0
30072,142.9,7.00,32.33,0.2263,4.42,3814.7,86.0
30078,169.5,5.90,32.33,0.1907,5.24,3814.8,86.0
30085,149.3,6.70,32.32,0.2166,4.62,3814.8,86.0
30091,149.3,6.70,32.32,0.2165,4.62,3814.9,86.0
30098,142.9,7.00,32.31,0.2262,4.42,3814.9,86.0
30105,142.9,7.00,32.30,0.2261,4.42,3814.9,86.0
30112,144.9,6.90,32.29,0.2228,4.49,3815.0,86.0
30119,142.9,7.00,32.29,0.2260,4.43,3815.0,86.0
30126,140.8,7.10,32.28,0.2292,4.36,3815.1,86.0
30133,138.9,7.20,32.27,0.2324,4.30,3815.1,86.0
30141,135.1,7.40,32.27,0.2388,4.19,3815.2,86.0
30147,153.8,6.50,32.26,0.2097,4.77,3815.2,86.0
30154,158.7,6.30,32.25,0.2032,4.92,3815.2,86.0
30161,135.1,7.40,32.25,0.2386,4.19,3815.3,86.0
30168,142.9,7.00,32.24,0.2257,4.43,3815.3,86.0
30175,149.3,6.70,32.23,0.2160,4.63,3815.4,86.0
30182,140.8,7.10,32.23,0.2288,4.37,3815.4,86.0
30189,149.3,6.70,32.22,0.2159,4.63,3815.4,86.0
30196,131.6,7.60,32.21,0.2448,4.09,3815.5,86.0
30203,153.8,6.50,32.21,0.2093,4.78,3815.5,86.0
30209,147.1,6.80,32.20,0.2190,4.57,3815.6,86.0
30216,144.9,6.90,32.19,0.2221,4.50,3815.6,86.0
30223,144.9,6.90,32.19,0.2221,4.50,3815.6,86.0
30230,144.9,6.90,32.18,0.2220,4.50,3815.7,86.0
30237,140.8,7.10,32.17,0.2284,4.38,3815.7,86.0
30244,147.1,6.80,32.17,0.2187,4.57,3815.8,86.0
30251,142.9,7.00,32.16,0.2251,4.44,3815.8,86.0
30258,144.9,6.90,32.15,0.2219,4.51,3815.9,86.0
30265,144.9,6.90,32.15,0.2218,4.51,3815.9,86.0
30272,142.9,7.00,32.14,0.2250,4.45,3815.9,86.0
30279,147.1,6.80,32.13,0.2185,4.58,3816.0,86.0
30286,140.8,7.10,32.13,0.2281,4.38,3816.0,86.0
30293,147.1,6.80,32.12,0.2184,4.58,3815.9,86.0
30300,140.8,7.10,32.12,0.2280,4.38,3815.9,86.0
30307,138.9,7.20,32.11,0.2312,4.33,3815.9,86.0
30313,151.5,6.60,32.11,0.2119,4.72,3815.8,86.0
30320,144.9,6.90,32.10,0.2215,4.51,3815.8,86.0
30327,142.9,7.00,32.10,0.2247,4.45,3815.7,86.0
30334,142.9,7.00,32.09,0.2246,4.45,3815.7,86.0
30342,138.9,7.20,32.09,0.2310,4.33,3815.6,86.0
30348,147.1,6.80,32.08,0.2181,4.59,3815.6,86.0
30355,140.8,7.10,32.08,0.2277,4.39,3815.6,86.0
30362,149.3,6.70,32.07,0.2149,4.66,3815.5,86.0
30369,144.9,6.90,32.06,0.2212,4.52,3815.5,86.0
30376,144.9,6.90,32.06,0.2212,4.52,3815.4,86.0
30383,137.0,7.30,32.05,0.2340,4.27,3815.4,86.0
30394,94.3,10.60,32.05,0.3397,2.94,3815.3,86.0
30400,163.9,6.10,32.04,0.1955,5.12,3815.3,86.0
30406,178.6,5.60,32.04,0.1794,5.57,3815.3,86.0
30411,192.3,5.20,32.03,0.1666,6.00,3815.2,86.0
30418,142.9,7.00,32.03,0.2242,4.46,3815.2,86.0
30425,142.9,7.00,32.02,0.2242,4.46,3815.1,86.0
30432,142.9,7.00,32.02,0.2241,4.46,3815.1,86.0
30439,144.9,6.90,32.01,0.2209,4.53,3815.1,86.0
30446,140.8,7.10,32.01,0.2272,4.40,3815.0,86.0
30453,144.9,6.90,32.00,0.2208,4.53,3815.0,86.0
30459,149.3,6.70,32.00,0.2144,4.67,3814.9,86.0
30466,142.9,7.00,31.99,0.2239,4.47,3814.9,86.0
30473,144.9,6.90,31.99,0.2207,4.53,3814.9,86.0
30480,144.9,6.90,31.98,0.2207,4.53,3814.8,86.0
30487,137.0,7.30,31.98,0.2334,4.28,3814.8,86.0
30494,142.9,7.00,31.97,0.2238,4.47,3814.7,86.0
30501,144.9,6.90,31.97,0.2206,4.53,3814.7,86.0
30508,147.1,6.80,31.96,0.2173,4.60,3814.6,86.0
30515,144.9,6.90,31.96,0.2205,4.53,3814.6,86.0
30522,149.3,6.70,31.95,0.2141,4.67,3814.6,86.0
30529,138.9,7.20,31.94,0.2300,4.35,3814.5,86.0
30537,128.2,7.80,31.94,0.2491,4.01,3814.5,86.0
30544,147.1,6.80,31.93,0.2171,4.61,3814.4,86.0
30550,153.8,6.50,31.93,0.2075,4.82,3814.4,86.0
30557,151.5,6.60,31.92,0.2107,4.75,3814.4,86.0
30564,144.9,6.90,31.92,0.2202,4.54,3814.3,86.0
30570,144.9,6.90,31.91,0.2202,4.54,3814.3,86.0
30577,144.9,6.90,31.91,0.2202,4.54,3814.2,86.0
30584,147.1,6.80,31.90,0.2169,4.61,3814.2,86.0
30591,142.9,7.00,31.90,0.2233,4.48,3814.1,86.0
30598,140.8,7.10,31.89,0.2264,4.41,3814.1,86.0
30605,144.9,6.90,31.89,0.2200,4.54,3814.1,86.0
30612,144.9,6.90,31.88,0.2200,4.54,3814.0,86.0
30619,142.9,7.00,31.88,0.2231,4.48,3814.0,86.0
30626,144.9,6.90,31.87,0.2199,4.55,3813.9,86.0
30633,144.9,6.90,31.87,0.2199,4.55,3813.9,86.0
30640,142.9,7.00,31.86,0.2230,4.49,3813.9,86.0
30647,142.9,7.00,31.86,0.2230,4.49,3813.8,86.0
30654,138.9,7.20,31.85,0.2293,4.36,3813.8,86.0
30661,151.5,6.60,31.85,0.2102,4.76,3813.7,86.0
30668,144.9,6.90,31.84,0.2197,4.55,3813.7,86.0
30675,140.8,7.10,31.84,0.2260,4.42,3813.6,86.0
30682,140.8,7.10,31.83,0.2260,4.42,3813.6,86.0
30689,144.9,6.90,31.82,0.2196,4.55,3813.6,86.0
30696,144.9,6.90,31.82,0.2196,4.55,3813.5,86.0
30702,149.3,6.70,31.82,0.2132,4.69,3813.5,86.0
30709,140.8,7.10,31.81,0.2258,4.43,3813.4,86.0
30716,140.8,7.10,31.80,0.2258,4.43,3813.4,86.0
30723,151.5,6.60,31.80,0.2099,4.76,3813.4,86.0
30730,140.8,7.10,31.79,0.2257,4.43,3813.3,86.0
30737,147.1,6.80,31.79,0.2162,4.63,3813.3,86.0
30744,142.9,7.00,31.78,0.2225,4.50,3813.2,86.0
30751,144.9,6.90,31.78,0.2193,4.56,3813.2,86.0
30758,137.0,7.30,31.77,0.2319,4.31,3813.1,86.0
30765,151.5,6.60,31.77,0.2097,4.77,3813.1,86.0
30772,140.8,7.10,31.76,0.2255,4.43,3813.1,86.0
30779,142.9,7.00,31.76,0.2223,4.50,3813.0,86.0
30786,149.3,6.70,31.75,0.2127,4.70,3813.0,86.0
30793,142.9,7.00,31.75,0.2222,4.50,3812.9,86.0
30799,144.9,6.90,31.74,0.2190,4.56,3812.9,86.0
30806,142.9,7.00,31.74,0.2222,4.50,3812.9,86.0
30813,142.9,7.00,31.73,0.2221,4.50,3812.8,86.0
30820,144.9,6.90,31.73,0.2189,4.57,3812.8,86.0
30827,140.8,7.10,31.72,0.2252,4.44,3812.7,86.0
30834,144.9,6.90,31.72,0.2188,4.57,3812.7,86.0
30841,144.9,6.90,31.71,0.2188,4.57,3812.6,86.0
30848,142.9,7.00,31.71,0.2219,4.51,3812.6,86.0
30855,147.1,6.80,31.70,0.2156,4.64,3812.6,86.0
30863,133.3,7.50,31.69,0.2377,4.21,3812.5,86.0
30869,153.8,6.50,31.69,0.2060,4.85,3812.5,86.0
30876,142.9,7.00,31.68,0.2218,4.51,3812.4,86.0
30883,144.9,6.90,31.68,0.2186,4.57,3812.4,86.0
30890,144.9,6.90,31.67,0.2186,4.57,3812.4,86.0
30897,138.9,7.20,31.67,0.2280,4.39,3812.3,86.0
30904,147.1,6.80,31.66,0.2153,4.65,3812.3,86.0
30911,149.3,6.70,31.66,0.2121,4.72,3812.2,86.0
30918,142.9,7.00,31.65,0.2216,4.51,3812.2,86.0
30925,140.8,7.10,31.65,0.2247,4.45,3812.1,86.0
30931,147.1,6.80,31.64,0.2152,4.65,3812.1,86.0
30939,140.8,7.10,31.64,0.2246,4.45,3812.1,86.0
30945,147.1,6.80,31.63,0.2151,4.65,3812.0,86.0
30952,144.9,6.90,31.63,0.2182,4.58,3812.0,86.0
30959,142.9,7.00,31.62,0.2214,4.52,3811.9,86.0
30966,138.9,7.20,31.62,0.2276,4.39,3811.9,86.0
30973,149.3,6.70,31.61,0.2118,4.72,3811.9,86.0
30980,147.1,6.80,31.61,0.2149,4.65,3811.8,86.0
30987,138.9,7.20,31.60,0.2275,4.40,3811.8,86.0
30994,142.9,7.00,31.60,0.2212,4.52,3811.7,86.0
31001,149.3,6.70,31.59,0.2117,4.73,3811.7,86.0
31008,144.9,6.90,31.59,0.2179,4.59,3811.6,86.0
31015,138.9,7.20,31.58,0.2274,4.40,3811.6,86.0
31022,149.3,6.70,31.57,0.2116,4.73,3811.6,86.0
31029,138.9,7.20,31.57,0.2273,4.40,3811.5,86.0
31036,138.9,7.20,31.56,0.2273,4.40,3811.5,86.0
31043,149.3,6.70,31.56,0.2114,4.73,3811.4,86.0
31050,142.9,7.00,31.55,0.2209,4.53,3811.4,86.0
31057,140.8,7.10,31.55,0.2240,4.46,3811.4,86.0
31064,144.9,6.90,31.54,0.2177,4.59,3811.3,86.0
31071,142.9,7.00,31.54,0.2208,4.53,3811.3,86.0
31077,151.5,6.60,31.53,0.2081,4.80,3811.2,86.0
31084,140.8,7.10,31.53,0.2239,4.47,3811.2,86.0
31091,149.3,6.70,31.52,0.2112,4.74,3811.1,86.0
31098,140.8,7.10,31.52,0.2238,4.47,3811.1,86.0
31105,144.9,6.90,31.51,0.2174,4.60,3811.1,86.0
31112,144.9,6.90,31.51,0.2174,4.60,3811.0,86.0
31119,142.9,7.00,31.50,0.2205,4.54,3811.0,86.0
31126,142.9,7.00,31.50,0.2205,4.54,3810.9,86.0
31133,144.9,6.90,31.49,0.2173,4.60,3810.9,86.0
31140,144.9,6.90,31.49,0.2173,4.60,3810.9,86.0
31147,144.9,6.90,31.48,0.2172,4.60,3810.8,86.0
31154,140.8,7.10,31.48,0.2235,4.47,3810.8,86.0
31160,151.5,6.60,31.47,0.2077,4.81,3810.7,86.0
31168,135.1,7.40,31.47,0.2328,4.29,3810.7,86.0
31175,142.9,7.00,31.46,0.2202,4.54,3810.6,86.0
31182,135.1,7.40,31.46,0.2328,4.30,3810.6,86.0
31189,156.2,6.40,31.45,0.2013,4.97,3810.6,86.0
31195,147.1,6.80,31.45,0.2138,4.68,3810.5,86.0
31202,144.9,6.90,31.44,0.2169,4.61,3810.5,86.0
31209,144.9,6.90,31.43,0.2169,4.61,3810.4,86.0
31216,142.9,7.00,31.43,0.2200,4.55,3810.4,86.0
31223,142.9,7.00,31.42,0.2200,4.55,3810.4,86.0
31230,144.9,6.90,31.42,0.2168,4.61,3810.3,86.0
31237,140.8,7.10,31.41,0.2230,4.48,3810.3,86.0
31244,144.9,6.90,31.41,0.2167,4.61,3810.2,86.0
31251,142.9,7.00,31.40,0.2198,4.55,3810.2,86.0
31258,147.1,6.80,31.40,0.2135,4.69,3810.1,86.0
31265,140.8,7.10,31.39,0.2229,4.49,3810.1,86.0
31272,149.3,6.70,31.39,0.2103,4.76,3810.1,86.0
31279,138.9,7.20,31.38,0.2260,4.43,3810.0,86.0
31286,149.3,6.70,31.38,0.2102,4.76,3810.0,86.0
31293,144.9,6.90,31.38,0.2165,4.62,3810.0,86.0
31300,140.8,7.10,31.38,0.2228,4.49,3810.0,86.0
31307,142.9,7.00,31.38,0.2197,4.55,3810.0,86.0
31314,144.9,6.90,31.38,0.2165,4.62,3810.0,86.0
31320,144.9,6.90,31.38,0.2165,4.62,3810.0,86.0
31327,142.9,7.00,31.38,0.2196,4.55,3810.0,86.0
31334,142.9,7.00,31.38,0.2196,4.55,3810.0,86.0
31341,149.3,6.70,31.38,0.2102,4.76,3810.0,86.0
31348,140.8,7.10,31.38,0.2228,4.49,3810.0,86.0
31355,140.8,7.10,31.38,0.2228,4.49,3810.0,86.0
31362,149.3,6.70,31.38,0.2102,4.76,3810.0,86.0
31369,144.9,6.90,31.38,0.2165,4.62,3810.0,86.0
31376,142.9,7.00,31.38,0.2196,4.55,3810.0,86.0
31383,135.1,7.40,31.37,0.2322,4.31,3810.0,86.0
31390,156.2,6.40,31.37,0.2008,4.98,3810.0,86.0
31397,142.9,7.00,31.37,0.2196,4.55,3810.0,86.0
31404,140.8,7.10,31.37,0.2228,4.49,3810.0,86.0
31411,147.1,6.80,31.37,0.2133,4.69,3810.0,86.0
31418,144.9,6.90,31.37,0.2165,4.62,3810.0,86.0
31425,140.8,7.10,31.37,0.2227,4.49,3810.0,86.0
31431,147.1,6.80,31.37,0.2133,4.69,3810.0,86.0
31438,144.9,6.90,31.37,0.2165,4.62,3810.0,86.0
31446,138.9,7.20,31.37,0.2259,4.43,3810.0,86.0
31452,144.9,6.90,31.37,0.2165,4.62,3810.0,86.0
31459,147.1,6.80,31.37,0.2133,4.69,3810.0,86.0
31466,142.9,7.00,31.37,0.2196,4.56,3810.0,86.0
31473,142.9,7.00,31.37,0.2196,4.56,3810.0,86.0
31480,144.9,6.90,31.37,0.2165,4.62,3810.0,86.0
31487,138.9,7.20,31.37,0.2259,4.43,3810.0,86.0
31494,144.9,6.90,31.37,0.2164,4.62,3810.0,86.0
31501,147.1,6.80,31.37,0.2133,4.69,3810.0,86.0
31508,144.9,6.90,31.37,0.2164,4.62,3810.0,86.0
31515,140.8,7.10,31.37,0.2227,4.49,3810.0,86.0
31522,147.1,6.80,31.37,0.2133,4.69,3810.0,86.0
31529,140.8,7.10,31.37,0.2227,4.49,3810.0,86.0
31536,147.1,6.80,31.37,0.2133,4.69,3810.0,86.0
31543,138.9,7.20,31.37,0.2258,4.43,3810.0,86.0
31550,147.1,6.80,31.37,0.2133,4.69,3810.0,86.0
31557,144.9,6.90,31.37,0.2164,4.62,3810.0,86.0
31564,142.9,7.00,31.37,0.2196,4.56,3810.0,86.0
31571,144.9,6.90,31.37,0.2164,4.62,3810.0,86.0
31577,147.1,6.80,31.37,0.2133,4.69,3810.0,86.0
31584,147.1,6.80,31.36,0.2133,4.69,3810.0,86.0
31592,135.1,7.40,31.36,0.2321,4.31,3810.0,86.0
31598,149.3,6.70,31.36,0.2101,4.76,3810.0,86.0
31605,144.9,6.90,31.36,0.2164,4.62,3810.0,86.0
31612,140.8,7.10,31.36,0.2227,4.49,3810.0,86.0
31619,151.5,6.60,31.36,0.2070,4.83,3810.0,86.0
31626,138.9,7.20,31.36,0.2258,4.43,3810.0,86.0
31633,144.9,6.90,31.36,0.2164,4.62,3810.0,86.0
31640,144.9,6.90,31.36,0.2164,4.62,3810.0,86.0
31647,140.8,7.10,31.36,0.2227,4.49,3810.0,86.0
31654,149.3,6.70,31.36,0.2101,4.76,3810.0,86.0
31661,142.9,7.00,31.36,0.2195,4.56,3810.0,86.0
31668,144.9,6.90,31.36,0.2164,4.62,3810.0,86.0
31675,140.8,7.10,31.36,0.2227,4.49,3810.0,86.0
31681,147.1,6.80,31.36,0.2132,4.69,3810.0,86.0
31688,144.9,6.90,31.36,0.2164,4.62,3810.0,86.0
31696,138.9,7.20,31.36,0.2258,4.43,3810.0,86.0
31702,147.1,6.80,31.36,0.2132,4.69,3810.0,86.0
31709,142.9,7.00,31.36,0.2195,4.56,3810.0,86.0
31716,144.9,6.90,31.36,0.2164,4.62,3810.0,86.0
31723,144.9,6.90,31.36,0.2164,4.62,3810.0,86.0
31730,142.9,7.00,31.36,0.2195,4.56,3810.0,86.0
31737,144.9,6.90,31.36,0.2164,4.62,3810.0,86.0
31744,144.9,6.90,31.36,0.2164,4.62,3810.0,86.0
31751,142.9,7.00,31.36,0.2195,4.56,3810.0,86.0
31758,144.9,6.90,31.36,0.2164,4.62,3810.0,86.0
31765,142.9,7.00,31.36,0.2195,4.56,3810.0,86.0
31772,140.8,7.10,31.36,0.2226,4.49,3810.0,86.0
31779,142.9,7.00,31.36,0.2195,4.56,3810.0,86.0
31786,147.1,6.80,31.35,0.2132,4.69,3810.0,86.0
31793,142.9,7.00,31.35,0.2195,4.56,3810.0,86.0
31800,138.9,7.20,31.35,0.2257,4.43,3810.0,86.0
31807,147.1,6.80,31.35,0.2132,4.69,3810.0,86.0
31814,142.9,7.00,31.35,0.2195,4.56,3810.0,86.0
31821,147.1,6.80,31.35,0.2132,4.69,3810.0,86.0
31827,147.1,6.80,31.35,0.2132,4.69,3810.0,86.0
31834,142.9,7.00,31.35,0.2195,4.56,3810.0,86.0
31841,144.9,6.90,31.35,0.2163,4.62,3810.0,86.0
31848,142.9,7.00,31.35,0.2195,4.56,3810.0,86.0
31855,144.9,6.90,31.35,0.2163,4.62,3810.0,86.0
31862,140.8,7.10,31.35,0.2226,4.49,3810.0,86.0
31869,149.3,6.70,31.35,0.2100,4.76,3810.0,86.0
31876,144.9,6.90,31.35,0.2163,4.62,3810.0,86.0
31883,138.9,7.20,31.35,0.2257,4.43,3810.0,86.0
31890,144.9,6.90,31.35,0.2163,4.62,3810.0,86.0
31897,144.9,6.90,31.35,0.2163,4.62,3810.0,86.0
31904,138.9,7.20,31.35,0.2257,4.43,3810.0,86.0
31911,151.5,6.60,31.35,0.2069,4.83,3810.0,86.0
31918,140.8,7.10,31.35,0.2226,4.49,3810.0,86.0
31925,142.9,7.00,31.35,0.2194,4.56,3810.0,86.0
31932,147.1,6.80,31.35,0.2132,4.69,3810.0,86.0
31938,144.9,6.90,31.35,0.2163,4.62,3810.0,86.0
31945,142.9,7.00,31.35,0.2194,4.56,3810.0,86.0
31952,144.9,6.90,31.35,0.2163,4.62,3810.0,86.0
31959,142.9,7.00,31.35,0.2194,4.56,3810.0,86.0
31966,147.1,6.80,31.35,0.2132,4.69,3810.0,86.0
31973,144.9,6.90,31.35,0.2163,4.62,3810.0,86.0
31980,144.9,6.90,31.35,0.2163,4.62,3810.0,86.0
31987,140.8,7.10,31.34,0.2225,4.49,3810.0,86.0
31994,137.0,7.30,31.34,0.2288,4.37,3810.0,86.0
32001,142.9,7.00,31.34,0.2194,4.56,3810.0,86.0
32008,147.1,6.80,31.34,0.2131,4.69,3810.0,86.0
32015,153.8,6.50,31.34,0.2037,4.91,3810.0,86.0
32022,142.9,7.00,31.34,0.2194,4.56,3810.0,86.0
32029,140.8,7.10,31.34,0.2225,4.49,3810.0,86.0
32036,140.8,7.10,31.34,0.2225,4.49,3810.0,86.0
32043,144.9,6.90,31.34,0.2163,4.62,3810.0,86.0
32050,147.1,6.80,31.34,0.2131,4.69,3810.0,86.0
32057,140.8,7.10,31.34,0.2225,4.49,3810.0,86.0
32064,137.0,7.30,31.34,0.2288,4.37,3810.0,86.0
32071,147.1,6.80,31.34,0.2131,4.69,3810.0,86.0
32077,151.5,6.60,31.34,0.2068,4.83,3810.0,86.0
32084,144.9,6.90,31.34,0.2162,4.62,3810.0,86.0
32091,144.9,6.90,31.34,0.2162,4.62,3810.0,86.0
32098,144.9,6.90,31.34,0.2162,4.62,3810.0,86.0
32105,144.9,6.90,31.34,0.2162,4.62,3810.0,86.0
32112,138.9,7.20,31.34,0.2256,4.43,3810.0,86.0
32119,147.1,6.80,31.34,0.2131,4.69,3810.0,86.0
32126,144.9,6.90,31.34,0.2162,4.62,3810.0,86.0
32133,138.9,7.20,31.34,0.2256,4.43,3810.0,86.0
32140,149.3,6.70,31.34,0.2100,4.76,3810.0,86.0
32147,144.9,6.90,31.34,0.2162,4.62,3810.0,86.0
32154,142.9,7.00,31.34,0.2194,4.56,3810.0,86.0
32161,144.9,6.90,31.34,0.2162,4.62,3810.0,86.0
32168,144.9,6.90,31.34,0.2162,4.62,3810.0,86.0
32175,142.9,7.00,31.34,0.2193,4.56,3810.0,86.0
32182,140.8,7.10,31.34,0.2225,4.49,3810.0,86.0
32189,140.8,7.10,31.33,0.2225,4.49,3810.0,86.0
32195,151.5,6.60,31.33,0.2068,4.83,3810.0,86.0
32202,140.8,7.10,31.33,0.2225,4.49,3810.0,86.0
32209,144.9,6.90,31.33,0.2162,4.62,3810.0,86.0
32216,140.8,7.10,31.33,0.2225,4.49,3810.0,86.0
32223,147.1,6.80,31.33,0.2131,4.69,3810.0,86.0
32230,147.1,6.80,31.33,0.2131,4.69,3810.0,86.0
32237,144.9,6.90,31.33,0.2162,4.62,3810.0,86.0
32244,144.9,6.90,31.33,0.2162,4.62,3810.0,86.0
32251,138.9,7.20,31.33,0.2256,4.43,3810.0,86.0
32258,144.9,6.90,31.33,0.2162,4.62,3810.0,86.0
32265,147.1,6.80,31.33,0.2130,4.70,3810.0,86.0
32272,144.9,6.90,31.33,0.2162,4.62,3810.0,86.0
32279,144.9,6.90,31.33,0.2162,4.62,3810.0,86.0
32286,138.9,7.20,31.33,0.2256,4.43,3810.0,86.0
32293,147.1,6.80,31.33,0.2131,4.69,3810.0,86.0
32300,142.9,7.00,31.33,0.2193,4.56,3810.0,86.0
32306,144.9,6.90,31.34,0.2162,4.62,3810.0,86.0
32313,142.9,7.00,31.34,0.2194,4.56,3810.0,86.0
32321,140.8,7.10,31.34,0.2225,4.49,3810.0,86.0
32327,149.3,6.70,31.34,0.2100,4.76,3810.0,86.0
32334,144.9,6.90,31.34,0.2163,4.62,3810.0,86.0
32341,140.8,7.10,31.35,0.2226,4.49,3810.0,86.0
32348,144.9,6.90,31.35,0.2163,4.62,3810.0,86.0
32355,144.9,6.90,31.35,0.2163,4.62,3810.0,86.0
32362,140.8,7.10,31.35,0.2226,4.49,3810.0,86.0
32369,144.9,6.90,31.35,0.2163,4.62,3810.0,86.0
32376,142.9,7.00,31.35,0.2195,4.56,3810.0,86.0
32383,149.3,6.70,31.36,0.2101,4.76,3810.0,86.0
32390,140.8,7.10,31.36,0.2226,4.49,3810.0,86.0
32397,144.9,6.90,31.36,0.2164,4.62,3810.0,86.0
32404,147.1,6.80,31.36,0.2133,4.69,3810.0,86.0
32411,137.0,7.30,31.36,0.2290,4.37,3810.0,86.0
32418,149.3,6.70,31.37,0.2101,4.76,3810.0,86.0
32425,138.9,7.20,31.37,0.2258,4.43,3810.0,86.0
32431,149.3,6.70,31.37,0.2102,4.76,3810.0,86.0
32438,142.9,7.00,31.37,0.2196,4.56,3810.0,86.0
32445,144.9,6.90,31.37,0.2165,4.62,3810.0,86.0
32452,142.9,7.00,31.37,0.2196,4.55,3810.0,86.0
32459,144.9,6.90,31.38,0.2165,4.62,3810.0,86.0
32466,144.9,6.90,31.38,0.2165,4.62,3810.0,86.0
32473,142.9,7.00,31.38,0.2197,4.55,3810.0,86.0
32480,144.9,6.90,31.38,0.2165,4.62,3810.0,86.0
32487,144.9,6.90,31.38,0.2165,4.62,3810.0,86.0
32494,138.9,7.20,31.39,0.2260,4.43,3810.0,86.0
32501,149.3,6.70,31.39,0.2103,4.76,3810.0,86.0
32508,142.9,7.00,31.39,0.2197,4.55,3810.0,86.0
32515,140.8,7.10,31.39,0.2229,4.49,3810.0,86.0
32522,147.1,6.80,31.39,0.2135,4.69,3810.0,86.0
32529,142.9,7.00,31.39,0.2198,4.55,3810.0,86.0
32536,142.9,7.00,31.40,0.2198,4.55,3810.0,86.0
32543,144.9,6.90,31.40,0.2166,4.61,3810.0,86.0
32550,140.8,7.10,31.40,0.2229,4.48,3810.0,86.0
32557,144.9,6.90,31.40,0.2167,4.61,3810.0,86.0
32564,142.9,7.00,31.40,0.2198,4.55,3810.0,86.0
32571,144.9,6.90,31.41,0.2167,4.61,3810.0,86.0
32577,147.1,6.80,31.41,0.2136,4.68,3810.0,86.0
32584,144.9,6.90,31.41,0.2167,4.61,3810.0,86.0
32591,144.9,6.90,31.41,0.2167,4.61,3810.0,86.0
32598,142.9,7.00,31.41,0.2199,4.55,3810.0,86.0
32605,144.9,6.90,31.41,0.2168,4.61,3810.0,86.0
32612,142.9,7.00,31.42,0.2199,4.55,3810.0,86.0
32619,147.1,6.80,31.42,0.2136,4.68,3810.0,86.0
32626,142.9,7.00,31.42,0.2199,4.55,3810.0,86.0
32633,138.9,7.20,31.42,0.2262,4.42,3810.0,86.0
32640,142.9,7.00,31.42,0.2200,4.55,3810.0,86.0
32647,147.1,6.80,31.42,0.2137,4.68,3810.0,86.0
32654,144.9,6.90,31.43,0.2168,4.61,3810.0,86.0
32661,144.9,6.90,31.43,0.2169,4.61,3810.0,86.0
32668,140.8,7.10,31.43,0.2232,4.48,3810.0,86.0
32675,147.1,6.80,31.43,0.2137,4.68,3810.0,86.0
32682,142.9,7.00,31.43,0.2200,4.55,3810.0,86.0
32689,142.9,7.00,31.44,0.2201,4.55,3810.0,86.0
32695,149.3,6.70,31.44,0.2106,4.75,3810.0,86.0
32702,140.8,7.10,31.44,0.2232,4.48,3810.0,86.0
32709,144.9,6.90,31.44,0.2169,4.61,3810.0,86.0
32716,142.9,7.00,31.44,0.2201,4.54,3810.0,86.0
32723,144.9,6.90,31.44,0.2170,4.61,3810.0,86.0
32730,144.9,6.90,31.45,0.2170,4.61,3810.0,86.0
32737,137.0,7.30,31.45,0.2296,4.36,3810.0,86.0
32744,153.8,6.50,31.45,0.2044,4.89,3810.0,86.0
32751,133.3,7.50,31.45,0.2359,4.24,3810.0,86.0
32758,149.3,6.70,31.45,0.2107,4.75,3810.0,86.0
32765,149.3,6.70,31.46,0.2108,4.75,3810.0,86.0
32772,144.9,6.90,31.46,0.2171,4.61,3810.0,86.0
32779,140.8,7.10,31.46,0.2234,4.48,3810.0,86.0
32787,117.6,8.50,31.46,0.2674,3.74,3810.0,86.0
32793,169.5,5.90,31.46,0.1856,5.39,3810.0,86.0
32800,156.2,6.40,31.46,0.2014,4.96,3810.0,86.0
32806,147.1,6.80,31.47,0.2140,4.67,3810.0,86.0
32813,140.8,7.10,31.47,0.2234,4.47,3810.0,86.0
32820,144.9,6.90,31.47,0.2171,4.60,3810.0,86.0
32827,142.9,7.00,31.47,0.2203,4.54,3810.0,86.0
32834,144.9,6.90,31.47,0.2172,4.60,3810.0,86.0
32841,138.9,7.20,31.48,0.2266,4.41,3810.0,86.0
32848,151.5,6.60,31.48,0.2077,4.81,3810.0,86.0
32855,142.9,7.00,31.48,0.2204,4.54,3810.0,86.0
32862,140.8,7.10,31.48,0.2235,4.47,3810.0,86.0
32869,147.1,6.80,31.48,0.2141,4.67,3810.0,86.0
32876,142.9,7.00,31.48,0.2204,4.54,3810.0,86.0
32883,147.1,6.80,31.49,0.2141,4.67,3810.0,86.0
32890,140.8,7.10,31.49,0.2236,4.47,3810.0,86.0
32897,147.1,6.80,31.49,0.2141,4.67,3810.0,86.0
32904,140.8,7.10,31.49,0.2236,4.47,3810.0,86.0
32911,144.9,6.90,31.49,0.2173,4.60,3810.0,86.0
32918,138.9,7.20,31.50,0.2268,4.41,3810.0,86.0
32924,151.5,6.60,31.50,0.2079,4.81,3810.0,86.0
32931,142.9,7.00,31.50,0.2205,4.54,3810.0,86.0
32938,142.9,7.00,31.50,0.2205,4.54,3810.0,86.0
32946,138.9,7.20,31.50,0.2268,4.41,3810.0,86.0
32952,151.5,6.60,31.50,0.2079,4.81,3810.0,86.0
32959,140.8,7.10,31.51,0.2237,4.47,3810.0,86.0
32966,144.9,6.90,31.51,0.2174,4.60,3810.0,86.0
32973,142.9,7.00,31.51,0.2206,4.54,3810.0,86.0
32980,147.1,6.80,31.51,0.2143,4.67,3810.0,86.0
32987,138.9,7.20,31.51,0.2269,4.41,3810.0,86.0
32994,144.9,6.90,31.52,0.2175,4.60,3810.0,86.0
33001,147.1,6.80,31.52,0.2143,4.67,3810.0,86.0
33008,147.1,6.80,31.52,0.2143,4.67,3810.0,86.0
33015,137.0,7.30,31.52,0.2301,4.35,3810.0,86.0
33022,149.3,6.70,31.52,0.2112,4.74,3810.0,86.0
33029,147.1,6.80,31.52,0.2144,4.67,3810.0,86.0
33036,138.9,7.20,31.53,0.2270,4.41,3810.0,86.0
33043,147.1,6.80,31.53,0.2144,4.67,3810.0,86.0
33050,142.9,7.00,31.53,0.2207,4.53,3810.0,86.0
33056,144.9,6.90,31.53,0.2176,4.60,3810.0,86.0
33064,138.9,7.20,31.53,0.2270,4.40,3810.0,86.0
33070,149.3,6.70,31.53,0.2113,4.73,3810.0,86.0
33077,144.9,6.90,31.54,0.2176,4.59,3810.0,86.0
33084,140.8,7.10,31.54,0.2239,4.46,3810.0,86.0
33091,144.9,6.90,31.54,0.2176,4.59,3810.0,86.0
33098,144.9,6.90,31.54,0.2176,4.59,3810.0,86.0
33105,142.9,7.00,31.54,0.2208,4.53,3810.0,86.0
33112,138.9,7.20,31.55,0.2271,4.40,3810.0,86.0
33119,142.9,7.00,31.55,0.2208,4.53,3810.0,86.0
33127,135.1,7.40,31.55,0.2335,4.28,3810.0,86.0
33134,144.9,6.90,31.55,0.2177,4.59,3810.0,86.0
33140,153.8,6.50,31.55,0.2051,4.87,3810.0,86.0
33147,151.5,6.60,31.55,0.2083,4.80,3810.0,86.0
33154,138.9,7.20,31.56,0.2272,4.40,3810.0,86.0
33161,149.3,6.70,31.56,0.2114,4.73,3810.0,86.0
33168,140.8,7.10,31.56,0.2241,4.46,3810.0,86.0
33175,144.9,6.90,31.56,0.2178,4.59,3810.0,86.0
33182,142.9,7.00,31.56,0.2209,4.53,3810.0,86.0
33189,142.9,7.00,31.57,0.2210,4.53,3810.0,86.0
33195,151.5,6.60,31.57,0.2083,4.80,3810.0,86.0
33202,138.9,7.20,31.57,0.2273,4.40,3810.0,86.0
33209,147.1,6.80,31.57,0.2147,4.66,3810.0,86.0
33216,144.9,6.90,31.57,0.2179,4.59,3810.0,86.0
33223,142.9,7.00,31.57,0.2210,4.53,3810.0,86.0
33230,144.9,6.90,31.58,0.2179,4.59,3810.0,86.0
33237,142.9,7.00,31.58,0.2210,4.53,3810.0,86.0
33244,142.9,7.00,31.58,0.2211,4.52,3810.0,86.0
33251,142.9,7.00,31.58,0.2211,4.52,3810.0,86.0
33258,144.9,6.90,31.58,0.2179,4.59,3810.0,86.0
33265,144.9,6.90,31.59,0.2179,4.59,3810.0,86.0
33272,142.9,7.00,31.59,0.2211,4.52,3810.0,86.0
33279,142.9,7.00,31.59,0.2211,4.52,3810.0,86.0
33286,144.9,6.90,31.59,0.2180,4.59,3810.0,86.0
33293,147.1,6.80,31.60,0.2149,4.66,3810.0,86.0
33300,142.9,7.00,31.60,0.2212,4.52,3810.0,86.0
33307,142.9,7.00,31.60,0.2212,4.52,3810.0,86.0
33313,144.9,6.90,31.61,0.2181,4.58,3810.0,86.0
33320,142.9,7.00,31.61,0.2213,4.52,3810.0,86.0
33327,144.9,6.90,31.61,0.2181,4.58,3810.0,86.0
33334,140.8,7.10,31.62,0.2245,4.45,3810.0,86.0
33341,144.9,6.90,31.62,0.2182,4.58,3810.0,86.0
33348,147.1,6.80,31.62,0.2150,4.65,3810.0,86.0
33355,142.9,7.00,31.63,0.2214,4.52,3810.0,86.0
33362,142.9,7.00,31.63,0.2214,4.52,3810.0,86.0
33369,147.1,6.80,31.64,0.2151,4.65,3810.0,86.0
33376,142.9,7.00,31.64,0.2215,4.52,3810.0,86.0
33383,142.9,7.00,31.64,0.2215,4.52,3810.0,86.0
33390,144.9,6.90,31.65,0.2184,4.58,3810.0,86.0
33397,144.9,6.90,31.65,0.2184,4.58,3810.0,86.0
33404,142.9,7.00,31.65,0.2216,4.51,3810.0,86.0
33411,144.9,6.90,31.66,0.2184,4.58,3810.0,86.0
33418,144.9,6.90,31.66,0.2185,4.58,3810.0,86.0
33425,140.8,7.10,31.66,0.2248,4.45,3810.0,86.0
33432,144.9,6.90,31.67,0.2185,4.58,3810.0,86.0
33438,144.9,6.90,31.67,0.2185,4.58,3810.0,86.0
33445,144.9,6.90,31.67,0.2186,4.57,3810.0,86.0
33452,140.8,7.10,31.68,0.2249,4.44,3810.0,86.0
33459,147.1,6.80,31.68,0.2154,4.64,3810.0,86.0
33466,138.9,7.20,31.69,0.2281,4.38,3810.0,86.0
33473,151.5,6.60,31.69,0.2091,4.78,3810.0,86.0
33480,142.9,7.00,31.69,0.2219,4.51,3810.0,86.0
33487,144.9,6.90,31.70,0.2187,4.57,3810.0,86.0
33494,137.0,7.30,31.70,0.2314,4.32,3810.0,86.0
33501,147.1,6.80,31.70,0.2156,4.64,3810.0,86.0
33508,142.9,7.00,31.71,0.2220,4.51,3810.0,86.0
33515,144.9,6.90,31.71,0.2188,4.57,3810.0,86.0
33522,147.1,6.80,31.71,0.2157,4.64,3810.0,86.0
33529,140.8,7.10,31.72,0.2252,4.44,3810.0,86.0
33536,137.0,7.30,31.72,0.2316,4.32,3810.0,86.0
33543,156.2,6.40,31.73,0.2030,4.92,3810.0,86.0
33550,140.8,7.10,31.73,0.2253,4.44,3810.0,86.0
33557,144.9,6.90,31.73,0.2190,4.57,3810.0,86.0
33563,144.9,6.90,31.74,0.2190,4.57,3810.0,86.0
33571,140.8,7.10,31.74,0.2254,4.44,3810.0,86.0
33577,149.3,6.70,31.74,0.2127,4.70,3810.0,86.0
33584,142.9,7.00,31.75,0.2222,4.50,3810.0,86.0
33591,142.9,7.00,31.75,0.2223,4.50,3810.0,86.0
33598,142.9,7.00,31.75,0.2223,4.50,3810.0,86.0
33605,144.9,6.90,31.76,0.2191,4.56,3810.0,86.0
33612,147.1,6.80,31.76,0.2160,4.63,3810.0,86.0
33619,140.8,7.10,31.77,0.2255,4.43,3810.0,86.0
33626,147.1,6.80,31.77,0.2160,4.63,3810.0,86.0
33633,142.9,7.00,31.77,0.2224,4.50,3810.0,86.0
33640,144.9,6.90,31.78,0.2193,4.56,3810.0,86.0
33647,142.9,7.00,31.78,0.2225,4.50,3810.0,86.0
33654,147.1,6.80,31.78,0.2161,4.63,3810.0,86.0
33661,144.9,6.90,31.79,0.2193,4.56,3810.0,86.0
33668,137.0,7.30,31.79,0.2321,4.31,3810.0,86.0
33675,140.8,7.10,31.79,0.2257,4.43,3810.0,86.0
33682,149.3,6.70,31.80,0.2130,4.70,3810.0,86.0
33689,144.9,6.90,31.80,0.2194,4.56,3810.0,86.0
33696,142.9,7.00,31.81,0.2226,4.49,3810.0,86.0
33702,147.1,6.80,31.81,0.2163,4.62,3810.0,86.0
33709,142.9,7.00,31.81,0.2227,4.49,3810.0,86.0
33717,138.9,7.20,31.82,0.2291,4.37,3810.0,86.0
33723,149.3,6.70,31.82,0.2132,4.69,3810.0,86.0
33730,140.8,7.10,31.82,0.2259,4.42,3810.0,86.0
33737,144.9,6.90,31.83,0.2196,4.55,3810.0,86.0
33744,147.1,6.80,31.83,0.2164,4.62,3810.0,86.0
33751,144.9,6.90,31.83,0.2197,4.55,3810.0,86.0
33758,144.9,6.90,31.84,0.2197,4.55,3810.0,86.0
33765,142.9,7.00,31.84,0.2229,4.49,3810.0,86.0
33772,144.9,6.90,31.84,0.2197,4.55,3810.0,86.0
33779,138.9,7.20,31.85,0.2293,4.36,3810.0,86.0
33786,149.3,6.70,31.85,0.2134,4.69,3810.0,86.0
33793,144.9,6.90,31.86,0.2198,4.55,3810.0,86.0
33800,140.8,7.10,31.86,0.2262,4.42,3810.0,86.0
33806,147.1,6.80,31.86,0.2167,4.62,3810.0,86.0
33813,142.9,7.00,31.87,0.2231,4.48,3810.0,86.0
33820,142.9,7.00,31.87,0.2231,4.48,3810.0,86.0
33827,144.9,6.90,31.87,0.2199,4.55,3810.0,86.0
33834,142.9,7.00,31.88,0.2231,4.48,3810.0,86.0
33841,144.9,6.90,31.88,0.2200,4.55,3810.0,86.0
33848,142.9,7.00,31.88,0.2232,4.48,3810.0,86.0
33855,144.9,6.90,31.89,0.2200,4.54,3810.0,86.0
33862,144.9,6.90,31.89,0.2201,4.54,3810.0,86.0
33869,144.9,6.90,31.90,0.2201,4.54,3810.0,86.0
33876,142.9,7.00,31.90,0.2233,4.48,3810.0,86.0
33883,138.9,7.20,31.90,0.2297,4.35,3810.0,86.0
33890,149.3,6.70,31.91,0.2138,4.68,3810.0,86.0
33897,147.1,6.80,31.91,0.2170,4.61,3810.0,86.0
33904,140.8,7.10,31.91,0.2266,4.41,3810.0,86.0
33911,144.9,6.90,31.92,0.2202,4.54,3810.0,86.0
33918,140.8,7.10,31.92,0.2266,4.41,3810.0,86.0
33925,142.9,7.00,31.92,0.2235,4.48,3810.0,86.0
33931,149.3,6.70,31.93,0.2139,4.68,3810.0,86.0
33938,142.9,7.00,31.93,0.2235,4.48,3810.0,86.0
33945,147.1,6.80,31.93,0.2172,4.61,3810.0,86.0
33952,142.9,7.00,31.94,0.2236,4.47,3810.0,86.0
33959,144.9,6.90,31.94,0.2204,4.54,3810.0,86.0
33966,142.9,7.00,31.95,0.2236,4.47,3810.0,86.0
33973,144.9,6.90,31.95,0.2205,4.54,3810.0,86.0
33980,142.9,7.00,31.95,0.2237,4.47,3810.0,86.0
33987,140.8,7.10,31.96,0.2269,4.41,3810.0,86.0
33994,142.9,7.00,31.96,0.2237,4.47,3810.0,86.0
34001,151.5,6.60,31.96,0.2110,4.74,3810.0,86.0
34008,140.8,7.10,31.97,0.2270,4.40,3810.0,86.0
34015,147.1,6.80,31.97,0.2174,4.60,3810.0,86.0
34022,140.8,7.10,31.97,0.2270,4.40,3810.0,86.0
34029,142.9,7.00,31.98,0.2238,4.47,3810.0,86.0
34036,144.9,6.90,31.98,0.2207,4.53,3810.0,86.0
34043,138.9,7.20,31.99,0.2303,4.34,3810.0,86.0
34050,147.1,6.80,31.99,0.2175,4.60,3810.0,86.0
34057,135.1,7.40,31.99,0.2367,4.22,3810.0,86.0
34064,140.8,7.10,32.00,0.2272,4.40,3810.0,86.0
34071,142.9,7.00,32.00,0.2240,4.47,3810.0,86.0
34078,140.8,7.10,32.00,0.2272,4.40,3810.0,86.0
34086,133.3,7.50,32.01,0.2401,4.16,3810.0,86.0
34094,122.0,8.20,32.01,0.2625,3.81,3810.0,86.0
34101,149.3,6.70,32.02,0.2145,4.66,3810.0,86.0
34107,149.3,6.70,32.02,0.2145,4.66,3810.0,86.0
34114,138.9,7.20,32.02,0.2306,4.34,3810.0,86.0
34122,131.6,7.60,32.03,0.2434,4.11,3810.0,86.0
34128,166.7,6.00,32.03,0.1922,5.20,3810.0,86.0
34134,163.9,6.10,32.03,0.1954,5.12,3810.0,86.0
34140,178.6,5.60,32.04,0.1794,5.57,3810.0,86.0
34147,144.9,6.90,32.04,0.2211,4.52,3810.0,86.0
34154,142.9,7.00,32.04,0.2243,4.46,3810.0,86.0
34160,149.3,6.70,32.05,0.2147,4.66,3810.0,86.0
34167,140.8,7.10,32.05,0.2276,4.39,3810.0,86.0
34174,142.9,7.00,32.05,0.2244,4.46,3810.0,86.0
34182,140.8,7.10,32.06,0.2276,4.39,3810.0,86.0
34188,144.9,6.90,32.06,0.2212,4.52,3810.0,86.0
34195,144.9,6.90,32.06,0.2212,4.52,3810.0,86.0
34202,144.9,6.90,32.07,0.2213,4.52,3810.0,86.0
34209,142.9,7.00,32.07,0.2245,4.46,3810.0,86.0
34217,137.0,7.30,32.08,0.2342,4.27,3810.0,86.0
34223,147.1,6.80,32.08,0.2181,4.59,3810.0,86.0
34230,142.9,7.00,32.08,0.2246,4.45,3810.0,86.0
34237,144.9,6.90,32.09,0.2214,4.52,3810.0,86.0
34244,144.9,6.90,32.09,0.2214,4.52,3810.0,86.0
34251,147.1,6.80,32.09,0.2182,4.58,3810.0,86.0
34258,142.9,7.00,32.10,0.2247,4.45,3810.0,86.0
34265,142.9,7.00,32.10,0.2247,4.45,3810.0,86.0
34272,144.9,6.90,32.10,0.2215,4.51,3810.0,86.0
34279,140.8,7.10,32.11,0.2280,4.39,3810.0,86.0
34286,144.9,6.90,32.11,0.2216,4.51,3810.0,86.0
34293,147.1,6.80,32.12,0.2184,4.58,3810.0,86.0
34300,138.9,7.20,32.13,0.2313,4.32,3810.0,86.0
34307,149.3,6.70,32.14,0.2153,4.65,3810.0,86.0
34314,135.1,7.40,32.15,0.2379,4.20,3810.0,86.0
34321,147.1,6.80,32.16,0.2187,4.57,3810.0,86.0
34327,151.5,6.60,32.16,0.2123,4.71,3810.0,86.0
34334,140.8,7.10,32.17,0.2284,4.38,3810.0,86.1
34341,142.9,7.00,32.18,0.2253,4.44,3810.0,86.1
34348,144.9,6.90,32.19,0.2221,4.50,3810.0,86.1
34355,144.9,6.90,32.20,0.2221,4.50,3810.0,86.1
34362,144.9,6.90,32.20,0.2222,4.50,3810.0,86.1
34369,138.9,7.20,32.21,0.2319,4.31,3810.0,86.1
34376,147.1,6.80,32.22,0.2191,4.57,3810.0,86.1
34383,137.0,7.30,32.23,0.2353,4.25,3810.0,86.1
34390,153.8,6.50,32.24,0.2095,4.77,3810.0,86.1
34397,144.9,6.90,32.24,0.2225,4.49,3810.0,86.1
34404,137.0,7.30,32.25,0.2354,4.25,3810.0,86.1
34411,140.8,7.10,32.26,0.2291,4.36,3810.0,86.1
34418,144.9,6.90,32.27,0.2227,4.49,3810.0,86.1
34425,153.8,6.50,32.28,0.2098,4.76,3810.0,86.1
34432,144.9,6.90,32.29,0.2228,4.49,3810.0,86.1
34438,144.9,6.90,32.29,0.2228,4.49,3810.0,86.2
34445,149.3,6.70,32.30,0.2164,4.62,3810.0,86.2
34452,138.9,7.20,32.31,0.2326,4.30,3810.0,86.2
34459,142.9,7.00,32.32,0.2262,4.42,3810.0,86.2
34466,147.1,6.80,32.33,0.2198,4.55,3810.0,86.2
34473,144.9,6.90,32.33,0.2231,4.48,3810.0,86.2
34480,144.9,6.90,32.34,0.2232,4.48,3810.0,86.2
34487,144.9,6.90,32.35,0.2232,4.48,3810.0,86.2
34494,137.0,7.30,32.36,0.2362,4.23,3810.0,86.2
34502,131.6,7.60,32.37,0.2460,4.07,3810.0,86.2
34509,144.9,6.90,32.38,0.2234,4.48,3810.0,86.2
34516,140.8,7.10,32.38,0.2299,4.35,3810.0,86.2
34523,140.8,7.10,32.39,0.2300,4.35,3810.0,86.2
34529,181.8,5.50,32.40,0.1782,5.61,3810.0,86.2
34536,142.9,7.00,32.41,0.2269,4.41,3810.0,86.3
34543,142.9,7.00,32.42,0.2269,4.41,3810.0,86.3
34550,140.8,7.10,32.42,0.2302,4.34,3810.0,86.3
34556,149.3,6.70,32.43,0.2173,4.60,3810.0,86.3
34563,142.9,7.00,32.44,0.2271,4.41,3810.0,86.3
34571,128.2,7.80,32.45,0.2531,3.95,3810.0,86.3
34578,156.2,6.40,32.46,0.2077,4.81,3810.0,86.3
34587,103.1,9.70,32.47,0.3149,3.18,3810.0,86.3
34594,158.7,6.30,32.48,0.2046,4.89,3810.0,86.3
34599,178.6,5.60,32.48,0.1819,5.50,3810.0,86.3
34605,169.5,5.90,32.49,0.1917,5.22,3810.0,86.3
34612,144.9,6.90,32.50,0.2242,4.46,3810.0,86.3
34619,140.8,7.10,32.50,0.2308,4.33,3810.0,86.3
34626,147.1,6.80,32.51,0.2211,4.52,3810.0,86.3
34633,144.9,6.90,32.52,0.2244,4.46,3810.0,86.4
34640,147.1,6.80,32.53,0.2212,4.52,3810.0,86.4
34647,142.9,7.00,32.54,0.2278,4.39,3810.0,86.4
34654,140.8,7.10,32.55,0.2311,4.33,3810.0,86.4
34661,142.9,7.00,32.55,0.2279,4.39,3810.0,86.4
34668,144.9,6.90,32.56,0.2247,4.45,3810.0,86.4
34675,142.9,7.00,32.57,0.2280,4.39,3810.0,86.4
34681,147.1,6.80,32.58,0.2215,4.52,3810.0,86.4
34688,140.8,7.10,32.59,0.2314,4.32,3810.0,86.4
34695,142.9,7.00,32.59,0.2282,4.38,3810.0,86.4
34702,144.9,6.90,32.60,0.2249,4.44,3810.0,86.4
34709,140.8,7.10,32.61,0.2315,4.32,3810.0,86.4
34716,147.1,6.80,32.62,0.2218,4.51,3810.0,86.4
34723,147.1,6.80,32.63,0.2219,4.51,3810.0,86.4
34730,144.9,6.90,32.63,0.2252,4.44,3810.0,86.4
34737,140.8,7.10,32.64,0.2318,4.31,3810.0,86.5
34744,147.1,6.80,32.65,0.2220,4.51,3810.0,86.5
34751,142.9,7.00,32.66,0.2286,4.38,3810.0,86.5
34758,144.9,6.90,32.67,0.2254,4.44,3810.0,86.5
34765,142.9,7.00,32.68,0.2287,4.37,3810.0,86.5
34772,142.9,7.00,32.68,0.2288,4.37,3810.0,86.5
34779,142.9,7.00,32.69,0.2288,4.37,3810.0,86.5
34786,147.1,6.80,32.70,0.2224,4.50,3810.0,86.5
34793,142.9,7.00,32.71,0.2290,4.37,3810.0,86.5
34800,142.9,7.00,32.72,0.2290,4.37,3810.0,86.5
34807,140.8,7.10,32.72,0.2323,4.30,3810.0,86.5
34813,149.3,6.70,32.73,0.2193,4.56,3810.0,86.5
34820,140.8,7.10,32.74,0.2325,4.30,3810.0,86.5
34827,144.9,6.90,32.75,0.2260,4.42,3810.0,86.5
34834,142.9,7.00,32.76,0.2293,4.36,3810.0,86.6
34841,144.9,6.90,32.76,0.2261,4.42,3810.0,86.6
34848,144.9,6.90,32.77,0.2261,4.42,3810.0,86.6
34855,142.9,7.00,32.78,0.2295,4.36,3810.0,86.6
34862,144.9,6.90,32.79,0.2262,4.42,3810.0,86.6
34869,147.1,6.80,32.80,0.2230,4.49,3810.0,86.6
34876,140.8,7.10,32.80,0.2329,4.29,3810.0,86.6
34883,147.1,6.80,32.81,0.2231,4.48,3810.0,86.6
34890,144.9,6.90,32.82,0.2265,4.41,3810.0,86.6
34897,142.9,7.00,32.83,0.2298,4.35,3810.0,86.6
34904,144.9,6.90,32.84,0.2266,4.41,3810.0,86.6
34910,144.9,6.90,32.84,0.2266,4.41,3810.0,86.6
34917,142.9,7.00,32.85,0.2300,4.35,3810.0,86.6
34925,138.9,7.20,32.86,0.2366,4.23,3810.0,86.6
34931,149.3,6.70,32.87,0.2202,4.54,3810.0,86.6
34938,144.9,6.90,32.88,0.2269,4.41,3810.0,86.7
34945,142.9,7.00,32.89,0.2302,4.35,3810.0,86.7
34952,142.9,7.00,32.89,0.2303,4.34,3810.0,86.7
34959,147.1,6.80,32.90,0.2237,4.47,3810.0,86.7
34966,140.8,7.10,32.91,0.2337,4.28,3810.0,86.7
34973,144.9,6.90,32.92,0.2271,4.40,3810.0,86.7
34980,142.9,7.00,32.93,0.2305,4.34,3810.0,86.7
34987,142.9,7.00,32.93,0.2305,4.34,3810.0,86.7
34994,147.1,6.80,32.94,0.2240,4.47,3810.0,86.7
35001,144.9,6.90,32.95,0.2274,4.40,3810.0,86.7
35008,142.9,7.00,32.96,0.2307,4.34,3810.0,86.7
35015,144.9,6.90,32.97,0.2275,4.40,3810.0,86.7
35022,142.9,7.00,32.98,0.2308,4.33,3810.0,86.7
35029,138.9,7.20,32.98,0.2375,4.21,3810.0,86.7
35036,149.3,6.70,32.99,0.2210,4.53,3810.0,86.8
35043,142.9,7.00,33.00,0.2310,4.33,3810.0,86.8
35050,142.9,7.00,33.01,0.2311,4.33,3810.0,86.8
35056,147.1,6.80,33.02,0.2245,4.46,3810.0,86.8
35063,142.9,7.00,33.02,0.2312,4.33,3810.0,86.8
35070,147.1,6.80,33.03,0.2246,4.45,3810.0,86.8
35077,142.9,7.00,33.04,0.2313,4.33,3810.0,86.8
35084,142.9,7.00,33.05,0.2313,4.32,3810.0,86.8
35091,142.9,7.00,33.06,0.2314,4.32,3810.0,86.8
35098,144.9,6.90,33.06,0.2281,4.38,3810.0,86.8
35105,144.9,6.90,33.07,0.2282,4.38,3810.0,86.8
35112,140.8,7.10,33.08,0.2349,4.26,3810.0,86.8
35119,137.0,7.30,33.09,0.2416,4.14,3810.0,86.8
35126,153.8,6.50,33.10,0.2151,4.65,3810.0,86.8
35133,142.9,7.00,33.11,0.2317,4.32,3810.0,86.9
35140,142.9,7.00,33.11,0.2318,4.32,3810.0,86.9
35147,149.3,6.70,33.12,0.2219,4.51,3810.0,86.9
35154,138.9,7.20,33.13,0.2385,4.19,3810.0,86.9
35161,142.9,7.00,33.14,0.2320,4.31,3810.0,86.9
35168,144.9,6.90,33.15,0.2287,4.37,3810.0,86.9
35175,144.9,6.90,33.15,0.2288,4.37,3810.0,86.9
35181,144.9,6.90,33.16,0.2288,4.37,3810.0,86.9
35188,142.9,7.00,33.17,0.2322,4.31,3810.0,86.9
35195,147.1,6.80,33.18,0.2256,4.43,3810.0,86.9
35202,144.9,6.90,33.19,0.2290,4.37,3810.0,86.9
35209,140.8,7.10,33.19,0.2357,4.24,3810.0,86.9
35216,144.9,6.90,33.20,0.2291,4.36,3810.0,86.9
35223,142.9,7.00,33.21,0.2325,4.30,3810.0,86.9
35230,144.9,6.90,33.22,0.2292,4.36,3810.0,86.9
35237,147.1,6.80,33.23,0.2259,4.43,3810.0,87.0
35244,140.8,7.10,33.24,0.2360,4.24,3810.0,87.0
35251,144.9,6.90,33.24,0.2294,4.36,3810.0,87.0
35258,144.9,6.90,33.25,0.2294,4.36,3810.0,87.0
35265,142.9,7.00,33.26,0.2328,4.30,3810.0,87.0
35272,144.9,6.90,33.27,0.2296,4.36,3810.0,87.0
35279,144.9,6.90,33.28,0.2296,4.35,3810.0,87.0
35286,138.9,7.20,33.28,0.2396,4.17,3810.0,87.0
35292,149.3,6.70,33.29,0.2230,4.49,3810.0,87.0
35299,144.9,6.90,33.29,0.2297,4.35,3810.0,87.0
35306,140.8,7.10,33.30,0.2364,4.23,3810.0,87.0
35313,142.9,7.00,33.30,0.2331,4.29,3810.0,87.0
35320,144.9,6.90,33.31,0.2298,4.35,3810.0,87.0
35327,147.1,6.80,33.31,0.2265,4.42,3810.0,87.0
35334,140.8,7.10,33.32,0.2366,4.23,3810.0,87.0
35341,147.1,6.80,33.32,0.2266,4.41,3810.0,87.0
35348,142.9,7.00,33.33,0.2333,4.29,3810.0,87.0
35355,142.9,7.00,33.33,0.2333,4.29,3810.0,87.0
35362,144.9,6.90,33.34,0.2300,4.35,3810.0,87.0
35369,147.1,6.80,33.34,0.2267,4.41,3810.0,87.0
35376,137.0,7.30,33.35,0.2434,4.11,3810.0,87.0
35383,149.3,6.70,33.35,0.2235,4.48,3810.0,87.0
35390,140.8,7.10,33.36,0.2368,4.22,3810.0,87.0
35397,144.9,6.90,33.36,0.2302,4.34,3810.0,87.0
35404,142.9,7.00,33.37,0.2336,4.28,3810.0,87.0
35411,140.8,7.10,33.37,0.2369,4.22,3810.0,87.0
35418,149.3,6.70,33.38,0.2236,4.47,3810.0,87.0
35425,142.9,7.00,33.38,0.2337,4.28,3810.0,87.0
35431,147.1,6.80,33.39,0.2270,4.41,3810.0,87.0
35439,138.9,7.20,33.39,0.2404,4.16,3810.0,87.0
35445,147.1,6.80,33.40,0.2271,4.40,3810.0,87.0
35452,142.9,7.00,33.40,0.2338,4.28,3810.0,87.0
35459,142.9,7.00,33.41,0.2339,4.28,3810.0,87.0
35466,147.1,6.80,33.41,0.2272,4.40,3810.0,87.0
35473,142.9,7.00,33.42,0.2339,4.28,3810.0,87.0
35480,144.9,6.90,33.42,0.2306,4.34,3810.0,87.0
35487,144.9,6.90,33.43,0.2307,4.33,3810.0,87.0
35494,140.8,7.10,33.43,0.2374,4.21,3810.0,87.0
35501,149.3,6.70,33.44,0.2240,4.47,3810.0,87.0
35508,142.9,7.00,33.44,0.2341,4.27,3810.0,87.0
35515,140.8,7.10,33.45,0.2375,4.21,3810.0,87.0
35522,144.9,6.90,33.45,0.2308,4.33,3810.0,87.0
35529,147.1,6.80,33.46,0.2275,4.40,3810.0,87.0
35536,140.8,7.10,33.46,0.2376,4.21,3810.0,87.0
35543,142.9,7.00,33.47,0.2343,4.27,3810.0,87.0
35550,144.9,6.90,33.47,0.2310,4.33,3810.0,87.0
35556,147.1,6.80,33.48,0.2276,4.39,3810.0,87.0
35563,147.1,6.80,33.48,0.2277,4.39,3810.0,87.0
35570,144.9,6.90,33.49,0.2311,4.33,3810.0,87.0
35577,137.0,7.30,33.49,0.2445,4.09,3810.0,87.0
35584,142.9,7.00,33.50,0.2345,4.27,3810.0,87.0
35591,147.1,6.80,33.50,0.2278,4.39,3810.0,87.0
35598,138.9,7.20,33.51,0.2413,4.15,3810.0,87.0
35605,147.1,6.80,33.51,0.2279,4.39,3810.0,87.0
35612,140.8,7.10,33.52,0.2380,4.20,3810.0,87.0
35619,147.1,6.80,33.52,0.2280,4.39,3810.0,87.0
35626,147.1,6.80,33.53,0.2280,4.39,3810.0,87.0
35633,142.9,7.00,33.53,0.2347,4.26,3810.0,87.0
35640,147.1,6.80,33.54,0.2281,4.39,3810.0,87.0
35647,137.0,7.30,33.54,0.2449,4.08,3810.0,87.0
35653,153.8,6.50,33.55,0.2181,4.58,3810.0,87.0
35661,140.8,7.10,33.55,0.2382,4.20,3810.0,87.0
35667,144.9,6.90,33.56,0.2315,4.32,3810.0,87.0
35675,138.9,7.20,33.56,0.2417,4.14,3810.0,87.0
35681,151.5,6.60,33.57,0.2215,4.51,3810.0,87.0
35688,142.9,7.00,33.57,0.2350,4.26,3810.0,87.0
35695,142.9,7.00,33.58,0.2350,4.26,3810.0,87.0
35702,144.9,6.90,33.58,0.2317,4.31,3810.0,87.0
35709,142.9,7.00,33.59,0.2351,4.25,3810.0,87.0
35716,142.9,7.00,33.59,0.2351,4.25,3810.0,87.0
35723,144.9,6.90,33.60,0.2318,4.31,3810.0,87.0
35730,142.9,7.00,33.60,0.2352,4.25,3810.0,87.0
35737,144.9,6.90,33.61,0.2319,4.31,3810.0,87.0
35744,140.8,7.10,33.61,0.2386,4.19,3810.0,87.0
35751,142.9,7.00,33.62,0.2353,4.25,3810.0,87.0
35758,147.1,6.80,33.62,0.2286,4.38,3810.0,87.0
35765,140.8,7.10,33.63,0.2388,4.19,3810.0,87.0
35772,142.9,7.00,33.63,0.2354,4.25,3810.0,87.0
35779,147.1,6.80,33.64,0.2287,4.37,3810.0,87.0
35786,142.9,7.00,33.64,0.2355,4.25,3810.0,87.0
35793,147.1,6.80,33.65,0.2288,4.37,3810.0,87.0
35799,144.9,6.90,33.65,0.2322,4.31,3810.0,87.0
35806,144.9,6.90,33.66,0.2322,4.31,3810.0,87.0
35813,144.9,6.90,33.66,0.2323,4.30,3810.0,87.0
35820,142.9,7.00,33.67,0.2357,4.24,3810.0,87.0
35827,142.9,7.00,33.67,0.2357,4.24,3810.0,87.0
35834,142.9,7.00,33.68,0.2357,4.24,3810.0,87.0
35841,149.3,6.70,33.68,0.2257,4.43,3810.0,87.0
35848,138.9,7.20,33.69,0.2426,4.12,3810.0,87.0
35855,142.9,7.00,33.69,0.2358,4.24,3810.0,87.0
35862,140.8,7.10,33.70,0.2393,4.18,3810.0,87.0
35869,149.3,6.70,33.70,0.2258,4.43,3810.0,87.0
35876,144.9,6.90,33.71,0.2326,4.30,3810.0,87.0
35883,144.9,6.90,33.71,0.2326,4.30,3810.0,87.0
35890,140.8,7.10,33.72,0.2394,4.18,3810.0,87.0
35897,149.3,6.70,33.72,0.2259,4.43,3810.0,87.0
35904,142.9,7.00,33.73,0.2361,4.24,3810.0,87.0
35911,140.8,7.10,33.73,0.2395,4.17,3810.0,87.0
35918,140.8,7.10,33.74,0.2395,4.17,3810.0,87.0
35924,149.3,6.70,33.74,0.2261,4.42,3810.0,87.0
35931,147.1,6.80,33.75,0.2295,4.36,3810.0,87.0
35938,142.9,7.00,33.75,0.2363,4.23,3810.0,87.0
35945,142.9,7.00,33.76,0.2363,4.23,3810.0,87.0
35952,142.9,7.00,33.76,0.2363,4.23,3810.0,87.0
35959,142.9,7.00,33.77,0.2364,4.23,3810.0,87.0
35966,147.1,6.80,33.77,0.2297,4.36,3810.0,87.0
35973,144.9,6.90,33.78,0.2331,4.29,3810.0,87.0
35980,140.8,7.10,33.78,0.2399,4.17,3810.0,87.0
35987,144.9,6.90,33.79,0.2331,4.29,3810.0,87.0
35994,142.9,7.00,33.79,0.2365,4.23,3810.0,87.0
36001,142.9,7.00,33.80,0.2366,4.23,3810.0,87.0
36008,144.9,6.90,33.80,0.2332,4.29,3810.0,87.0
36015,147.1,6.80,33.81,0.2299,4.35,3810.0,87.0
36022,142.9,7.00,33.81,0.2367,4.23,3810.0,87.0
36029,144.9,6.90,33.82,0.2333,4.28,3810.0,87.0
36036,140.8,7.10,33.82,0.2401,4.16,3810.0,87.0
36042,149.3,6.70,33.83,0.2266,4.41,3810.0,87.0
36049,140.8,7.10,33.83,0.2402,4.16,3810.0,87.0
36056,144.9,6.90,33.84,0.2335,4.28,3810.0,87.0
36063,140.8,7.10,33.84,0.2403,4.16,3810.0,87.0
36070,147.1,6.80,33.85,0.2302,4.35,3810.0,87.0
36077,142.9,7.00,33.85,0.2370,4.22,3810.0,87.0
36084,147.1,6.80,33.86,0.2302,4.34,3810.0,87.0
36091,144.9,6.90,33.86,0.2337,4.28,3810.0,87.0
36098,138.9,7.20,33.87,0.2438,4.10,3810.0,87.0
36105,147.1,6.80,33.87,0.2303,4.34,3810.0,87.0
36112,144.9,6.90,33.88,0.2338,4.28,3810.0,87.0
36119,144.9,6.90,33.88,0.2338,4.28,3810.0,87.0
36126,138.9,7.20,33.89,0.2440,4.10,3810.0,87.0
36133,142.9,7.00,33.89,0.2372,4.22,3810.0,87.0
36140,147.1,6.80,33.90,0.2305,4.34,3810.0,87.0
36147,147.1,6.80,33.90,0.2305,4.34,3810.0,87.0
36154,142.9,7.00,33.91,0.2374,4.21,3810.0,87.0
36161,140.8,7.10,33.91,0.2408,4.15,3810.0,87.0
36168,142.9,7.00,33.92,0.2374,4.21,3810.0,87.0
36174,147.1,6.80,33.92,0.2307,4.34,3810.0,87.0
36181,144.9,6.90,33.93,0.2341,4.27,3810.0,87.0
36189,137.0,7.30,33.93,0.2477,4.04,3810.0,87.0
36195,147.1,6.80,33.94,0.2308,4.33,3810.0,87.0
36202,144.9,6.90,33.94,0.2342,4.27,3810.0,87.0
36209,142.9,7.00,33.95,0.2376,4.21,3810.0,87.0
36216,142.9,7.00,33.95,0.2377,4.21,3810.0,87.0
36223,144.9,6.90,33.96,0.2343,4.27,3810.0,87.0
36230,140.8,7.10,33.96,0.2411,4.15,3810.0,87.0
36237,149.3,6.70,33.97,0.2276,4.40,3810.0,87.0
36244,144.9,6.90,33.97,0.2344,4.27,3810.0,87.0
36251,144.9,6.90,33.98,0.2344,4.26,3810.0,87.0
36258,142.9,7.00,33.98,0.2379,4.21,3810.0,87.0
36265,144.9,6.90,33.99,0.2345,4.26,3810.0,87.0
36272,140.8,7.10,33.99,0.2413,4.14,3810.0,87.0
36279,144.9,6.90,34.00,0.2346,4.26,3810.0,87.0
36286,147.1,6.80,34.00,0.2312,4.33,3810.0,87.0
36292,144.9,6.90,34.00,0.2346,4.26,3810.0,87.0
36300,137.0,7.30,34.00,0.2482,4.03,3810.0,87.0
36306,153.8,6.50,34.00,0.2210,4.52,3810.0,87.0
36313,142.9,7.00,34.00,0.2380,4.20,3810.0,87.0
36320,142.9,7.00,34.00,0.2380,4.20,3810.0,87.0
36327,144.9,6.90,34.00,0.2346,4.26,3810.0,87.0
36334,144.9,6.90,34.00,0.2346,4.26,3810.0,87.0
36341,142.9,7.00,34.00,0.2380,4.20,3810.0,87.0
36348,142.9,7.00,34.00,0.2380,4.20,3810.0,87.0
36355,144.9,6.90,34.00,0.2346,4.26,3810.0,87.0
36362,142.9,7.00,34.00,0.2380,4.20,3810.0,87.0
36369,144.9,6.90,34.00,0.2346,4.26,3810.0,87.0
36376,140.8,7.10,34.00,0.2414,4.14,3810.0,87.0
36383,147.1,6.80,34.00,0.2312,4.33,3810.0,87.0
36390,144.9,6.90,34.00,0.2346,4.26,3810.0,87.0
36397,144.9,6.90,34.00,0.2346,4.26,3810.0,87.0
36404,138.9,7.20,34.00,0.2448,4.09,3810.0,87.0
36410,149.3,6.70,34.00,0.2278,4.39,3810.0,87.0
36417,144.9,6.90,34.00,0.2346,4.26,3810.0,87.0
36424,142.9,7.00,34.00,0.2380,4.20,3810.0,87.0
36431,142.9,7.00,34.00,0.2380,4.20,3810.0,87.0
36438,142.9,7.00,34.00,0.2380,4.20,3810.0,87.0
36445,144.9,6.90,34.00,0.2346,4.26,3810.0,87.0
36452,142.9,7.00,34.00,0.2380,4.20,3810.0,87.0
36459,144.9,6.90,34.00,0.2346,4.26,3810.0,87.0
36466,144.9,6.90,34.00,0.2346,4.26,3810.0,87.0
36473,142.9,7.00,34.00,0.2380,4.20,3810.0,87.0
36480,142.9,7.00,34.00,0.2380,4.20,3810.0,87.0
36487,147.1,6.80,34.00,0.2312,4.33,3810.0,87.0
36494,140.8,7.10,34.00,0.2414,4.14,3810.0,87.0
36501,142.9,7.00,34.00,0.2380,4.20,3810.0,87.0
36508,147.1,6.80,34.00,0.2312,4.33,3810.0,87.0
36515,142.9,7.00,34.00,0.2380,4.20,3810.0,87.0
36522,147.1,6.80,34.00,0.2312,4.33,3810.0,87.0
36528,147.1,6.80,34.00,0.2312,4.33,3810.0,87.0
36535,140.8,7.10,34.00,0.2414,4.14,3810.0,87.0
36542,142.9,7.00,34.00,0.2380,4.20,3810.0,87.0
36549,142.9,7.00,34.00,0.2380,4.20,3810.0,87.0
36556,142.9,7.00,34.00,0.2380,4.20,3810.0,87.0
36563,147.1,6.80,34.00,0.2312,4.33,3810.0,87.0
36570,140.8,7.10,34.00,0.2414,4.14,3810.0,87.0
36577,147.1,6.80,34.00,0.2312,4.33,3810.0,87.0
36584,140.8,7.10,34.00,0.2414,4.14,3810.0,87.0
36591,138.9,7.20,34.00,0.2448,4.08,3810.0,87.0
36598,151.5,6.60,34.00,0.2244,4.46,3810.0,87.0
36605,138.9,7.20,34.00,0.2448,4.08,3810.0,87.0
36612,142.9,7.00,34.00,0.2380,4.20,3810.0,87.0
36619,147.1,6.80,34.00,0.2312,4.33,3810.0,87.0
36626,149.3,6.70,34.00,0.2278,4.39,3810.0,87.0
36633,142.9,7.00,34.00,0.2380,4.20,3810.0,87.0
36640,142.9,7.00,34.00,0.2380,4.20,3810.0,87.0
36647,147.1,6.80,34.00,0.2312,4.33,3810.0,87.0
36654,142.9,7.00,34.00,0.2380,4.20,3810.0,87.0
36661,142.9,7.00,34.00,0.2380,4.20,3810.0,87.0
36667,147.1,6.80,34.00,0.2312,4.33,3810.0,87.0
36674,142.9,7.00,34.00,0.2380,4.20,3810.0,87.0
36681,147.1,6.80,34.00,0.2312,4.33,3810.0,87.0
36689,135.1,7.40,34.00,0.2516,3.97,3810.0,87.0
36695,147.1,6.80,34.00,0.2312,4.33,3810.0,87.0
36702,144.9,6.90,34.00,0.2346,4.26,3810.0,87.0
36709,147.1,6.80,34.00,0.2312,4.33,3810.0,87.0
36716,144.9,6.90,34.00,0.2346,4.26,3810.0,87.0
36723,140.8,7.10,34.00,0.2414,4.14,3810.0,87.0
36730,144.9,6.90,34.00,0.2346,4.26,3810.0,87.0
36737,142.9,7.00,34.00,0.2380,4.20,3810.0,87.0
36744,147.1,6.80,34.00,0.2312,4.33,3810.0,87.0
36751,142.9,7.00,34.00,0.2380,4.20,3810.0,87.0
36758,138.9,7.20,34.00,0.2448,4.08,3810.0,87.0
36765,144.9,6.90,34.00,0.2346,4.26,3810.0,87.0
36772,147.1,6.80,34.00,0.2312,4.33,3810.0,87.0
36779,144.9,6.90,34.00,0.2346,4.26,3810.0,87.0
36786,142.9,7.00,34.01,0.2380,4.20,3810.0,87.0
36793,142.9,7.00,34.01,0.2380,4.20,3810.0,87.0
36799,149.3,6.70,34.01,0.2278,4.39,3810.0,87.0
36806,142.9,7.00,34.01,0.2380,4.20,3810.0,87.0
36813,144.9,6.90,34.01,0.2346,4.26,3810.0,87.0
36820,144.9,6.90,34.01,0.2346,4.26,3810.0,87.0
36827,140.8,7.10,34.01,0.2414,4.14,3810.0,87.0
36834,144.9,6.90,34.01,0.2346,4.26,3810.0,87.0
36841,147.1,6.80,34.01,0.2312,4.33,3810.0,87.0
36848,142.9,7.00,34.01,0.2380,4.20,3810.0,87.0
36855,144.9,6.90,34.01,0.2346,4.26,3810.0,87.0
36862,142.9,7.00,34.01,0.2380,4.20,3810.0,87.0
36869,142.9,7.00,34.01,0.2380,4.20,3810.0,87.0
36876,144.9,6.90,34.01,0.2346,4.26,3810.0,87.0
36883,142.9,7.00,34.01,0.2380,4.20,3810.0,87.0
36890,142.9,7.00,34.01,0.2380,4.20,3810.0,87.0
36897,144.9,6.90,34.01,0.2346,4.26,3810.0,87.0
36904,144.9,6.90,34.01,0.2346,4.26,3810.0,87.0
36910,144.9,6.90,34.01,0.2346,4.26,3810.0,87.0
36917,142.9,7.00,34.01,0.2380,4.20,3810.0,87.0
36924,142.9,7.00,34.01,0.2380,4.20,3810.0,87.0
36931,144.9,6.90,34.01,0.2346,4.26,3810.0,87.0
36938,144.9,6.90,34.01,0.2346,4.26,3810.0,87.0
36945,144.9,6.90,34.01,0.2346,4.26,3810.0,87.0
36952,140.8,7.10,34.01,0.2414,4.14,3810.0,87.0
36959,144.9,6.90,34.01,0.2346,4.26,3810.0,87.0
36966,142.9,7.00,34.01,0.2380,4.20,3810.0,87.0
36973,142.9,7.00,34.01,0.2380,4.20,3810.0,87.0
36980,144.9,6.90,34.01,0.2346,4.26,3810.0,87.0
36987,147.1,6.80,34.01,0.2312,4.33,3810.0,87.0
36994,142.9,7.00,34.01,0.2380,4.20,3810.0,87.0
37001,142.9,7.00,34.01,0.2381,4.20,3810.0,87.0
37008,147.1,6.80,34.01,0.2312,4.33,3810.0,87.0
37015,142.9,7.00,34.01,0.2381,4.20,3810.0,87.0
37022,142.9,7.00,34.01,0.2381,4.20,3810.0,87.0
37029,144.9,6.90,34.01,0.2347,4.26,3810.0,87.0
37035,144.9,6.90,34.01,0.2347,4.26,3810.0,87.0
37042,144.9,6.90,34.01,0.2347,4.26,3810.0,87.0
37050,138.9,7.20,34.01,0.2449,4.08,3810.0,87.0
37056,144.9,6.90,34.01,0.2347,4.26,3810.0,87.0
37063,144.9,6.90,34.01,0.2347,4.26,3810.0,87.0
37070,142.9,7.00,34.01,0.2381,4.20,3810.0,87.0
37077,140.8,7.10,34.01,0.2415,4.14,3810.0,87.0
37084,144.9,6.90,34.01,0.2347,4.26,3810.0,87.0
37091,149.3,6.70,34.01,0.2279,4.39,3810.0,87.0
37098,140.8,7.10,34.01,0.2415,4.14,3810.0,87.0
37105,144.9,6.90,34.01,0.2347,4.26,3810.0,87.0
37112,147.1,6.80,34.01,0.2313,4.33,3810.0,87.0
37119,142.9,7.00,34.01,0.2381,4.20,3810.0,87.0
37126,142.9,7.00,34.01,0.2381,4.20,3810.0,87.0
37133,142.9,7.00,34.01,0.2381,4.20,3810.0,87.0
37140,144.9,6.90,34.01,0.2347,4.26,3810.0,87.0
37147,147.1,6.80,34.01,0.2313,4.33,3810.0,87.0
37153,144.9,6.90,34.01,0.2347,4.26,3810.0,87.0
37161,140.8,7.10,34.01,0.2415,4.14,3810.0,87.0
37167,144.9,6.90,34.01,0.2347,4.26,3810.0,87.0
37174,144.9,6.90,34.01,0.2347,4.26,3810.0,87.0
37181,142.9,7.00,34.01,0.2381,4.20,3810.0,87.0
37188,142.9,7.00,34.01,0.2381,4.20,3810.0,87.0
37195,147.1,6.80,34.01,0.2313,4.33,3810.0,87.0
37202,144.9,6.90,34.01,0.2347,4.26,3810.0,87.0
37209,140.8,7.10,34.01,0.2415,4.14,3810.0,87.0
37216,149.3,6.70,34.01,0.2279,4.39,3810.0,87.0
37223,138.9,7.20,34.01,0.2449,4.08,3810.0,87.0
37230,142.9,7.00,34.01,0.2381,4.20,3810.0,87.0
37237,144.9,6.90,34.01,0.2347,4.26,3810.0,87.0
37244,147.1,6.80,34.01,0.2313,4.33,3810.0,87.0
37251,142.9,7.00,34.01,0.2381,4.20,3810.0,87.0
37258,142.9,7.00,34.01,0.2381,4.20,3810.0,87.0
37265,144.9,6.90,34.01,0.2347,4.26,3810.0,87.0
37271,147.1,6.80,34.01,0.2313,4.33,3810.0,87.0
37279,140.8,7.10,34.01,0.2415,4.14,3810.0,87.0
37286,142.9,7.00,34.00,0.2380,4.20,3810.0,87.0
37292,147.1,6.80,33.99,0.2312,4.33,3810.1,87.0
37299,144.9,6.90,33.98,0.2345,4.26,3810.1,87.0
37306,142.9,7.00,33.97,0.2378,4.21,3810.1,87.0
37313,142.9,7.00,33.96,0.2377,4.21,3810.2,87.0
37320,144.9,6.90,33.95,0.2343,4.27,3810.2,87.0
37327,142.9,7.00,33.94,0.2376,4.21,3810.3,87.0
37334,140.8,7.10,33.93,0.2409,4.15,3810.3,87.0
37341,142.9,7.00,33.92,0.2374,4.21,3810.4,87.0
37348,147.1,6.80,33.91,0.2306,4.34,3810.4,87.0
37355,144.9,6.90,33.90,0.2339,4.27,3810.4,87.0
37362,144.9,6.90,33.89,0.2338,4.28,3810.5,87.0
37369,147.1,6.80,33.88,0.2304,4.34,3810.5,87.0
37376,140.8,7.10,33.87,0.2405,4.16,3810.6,87.0
37383,142.9,7.00,33.86,0.2370,4.22,3810.6,87.0
37390,144.9,6.90,33.85,0.2335,4.28,3810.6,87.0
37397,142.9,7.00,33.84,0.2369,4.22,3810.7,87.0
37404,144.9,6.90,33.83,0.2334,4.28,3810.7,87.0
37410,144.9,6.90,33.82,0.2333,4.28,3810.8,87.0
37418,140.8,7.10,33.80,0.2400,4.17,3810.8,87.0
37424,147.1,6.80,33.80,0.2298,4.35,3810.9,87.0
37431,142.9,7.00,33.79,0.2365,4.23,3810.9,87.0
37438,142.9,7.00,33.77,0.2364,4.23,3810.9,87.0
37445,147.1,6.80,33.76,0.2296,4.36,3811.0,87.0
37452,142.9,7.00,33.75,0.2363,4.23,3811.0,87.0
37459,142.9,7.00,33.74,0.2362,4.23,3811.1,87.0
37466,142.9,7.00,33.73,0.2361,4.24,3811.1,87.0
37473,144.9,6.90,33.72,0.2327,4.30,3811.1,87.0
37480,144.9,6.90,33.71,0.2326,4.30,3811.2,87.0
37487,142.9,7.00,33.70,0.2359,4.24,3811.2,87.0
37494,140.8,7.10,33.69,0.2392,4.18,3811.3,87.0
37501,147.1,6.80,33.68,0.2290,4.37,3811.3,87.0
37508,142.9,7.00,33.67,0.2357,4.24,3811.4,87.0
37515,144.9,6.90,33.66,0.2322,4.31,3811.4,87.0
37522,140.8,7.10,33.65,0.2389,4.18,3811.4,87.0
37528,153.8,6.50,33.64,0.2187,4.57,3811.5,87.0
37536,137.0,7.30,33.63,0.2455,4.07,3811.5,87.0
37543,144.9,6.90,33.62,0.2319,4.31,3811.6,87.0
37549,144.9,6.90,33.61,0.2319,4.31,3811.6,87.0
37556,144.9,6.90,33.60,0.2318,4.31,3811.6,87.0
37563,142.9,7.00,33.59,0.2351,4.25,3811.7,87.0
37570,149.3,6.70,33.58,0.2250,4.45,3811.7,87.0
37577,140.8,7.10,33.56,0.2383,4.19,3811.8,87.0
37584,142.9,7.00,33.55,0.2349,4.26,3811.8,87.0
37591,147.1,6.80,33.54,0.2281,4.39,3811.9,87.0
37598,147.1,6.80,33.53,0.2280,4.39,3811.9,87.0
37605,138.9,7.20,33.52,0.2414,4.14,3811.9,87.0
37612,144.9,6.90,33.51,0.2312,4.32,3812.0,87.0
37619,144.9,6.90,33.50,0.2312,4.33,3812.0,87.0
37626,138.9,7.20,33.49,0.2411,4.15,3812.1,87.0
37633,149.3,6.70,33.48,0.2243,4.46,3812.1,87.0
37640,144.9,6.90,33.47,0.2309,4.33,3812.1,87.0
37647,142.9,7.00,33.46,0.2342,4.27,3812.2,87.0
37653,144.9,6.90,33.45,0.2308,4.33,3812.2,87.0
37661,140.8,7.10,33.44,0.2374,4.21,3812.3,87.0
37667,147.1,6.80,33.43,0.2273,4.40,3812.3,87.0
37674,140.8,7.10,33.42,0.2373,4.21,3812.4,87.0
37681,144.9,6.90,33.41,0.2305,4.34,3812.4,87.0
37688,142.9,7.00,33.40,0.2338,4.28,3812.4,87.0
37695,147.1,6.80,33.39,0.2270,4.41,3812.5,87.0
37702,144.9,6.90,33.38,0.2303,4.34,3812.5,87.0
37709,142.9,7.00,33.37,0.2336,4.28,3812.6,87.0
37716,142.9,7.00,33.35,0.2335,4.28,3812.6,87.0
37723,142.9,7.00,33.34,0.2334,4.29,3812.6,87.0
37730,140.8,7.10,33.33,0.2367,4.22,3812.7,87.0
37737,151.5,6.60,33.32,0.2199,4.55,3812.7,87.0
37744,144.9,6.90,33.31,0.2299,4.35,3812.8,87.0
37751,142.9,7.00,33.30,0.2331,4.29,3812.8,87.0
37757,147.1,6.80,33.29,0.2264,4.42,3812.8,87.0
37765,140.8,7.10,33.28,0.2363,4.23,3812.9,87.0
37771,144.9,6.90,33.27,0.2296,4.36,3812.9,87.0
37778,142.9,7.00,33.26,0.2328,4.30,3813.0,87.0
37785,142.9,7.00,33.25,0.2328,4.30,3813.0,87.0
37792,144.9,6.90,33.24,0.2294,4.36,3813.1,87.0
37799,144.9,6.90,33.23,0.2293,4.36,3813.1,87.0
37806,142.9,7.00,33.22,0.2325,4.30,3813.1,87.0
37813,144.9,6.90,33.21,0.2291,4.36,3813.2,87.0
37820,138.9,7.20,33.20,0.2390,4.18,3813.2,87.0
37827,144.9,6.90,33.19,0.2290,4.37,3813.3,87.0
37834,144.9,6.90,33.18,0.2289,4.37,3813.3,87.0
37841,144.9,6.90,33.17,0.2288,4.37,3813.4,87.0
37848,147.1,6.80,33.16,0.2255,4.44,3813.4,87.0
37855,142.9,7.00,33.14,0.2320,4.31,3813.4,87.0
37862,144.9,6.90,33.13,0.2286,4.37,3813.5,87.0
37869,142.9,7.00,33.12,0.2319,4.31,3813.5,87.0
37876,144.9,6.90,33.11,0.2285,4.38,3813.6,87.0
37883,138.9,7.20,33.10,0.2383,4.20,3813.6,87.0
37890,149.3,6.70,33.09,0.2217,4.51,3813.6,87.0
37896,144.9,6.90,33.08,0.2283,4.38,3813.7,87.0
37903,142.9,7.00,33.07,0.2315,4.32,3813.7,87.0
37911,140.8,7.10,33.06,0.2347,4.26,3813.8,87.0
37917,144.9,6.90,33.05,0.2281,4.38,3813.8,87.0
37924,142.9,7.00,33.04,0.2313,4.32,3813.9,87.0
37931,142.9,7.00,33.03,0.2312,4.33,3813.9,87.0
37939,138.9,7.20,33.02,0.2377,4.21,3813.9,87.0
37945,156.2,6.40,33.01,0.2113,4.73,3814.0,87.0
37952,140.8,7.10,33.00,0.2343,4.27,3814.0,87.0
37959,144.9,6.90,32.99,0.2276,4.39,3814.1,87.0
37966,144.9,6.90,32.98,0.2275,4.39,3814.1,87.0
37973,140.8,7.10,32.97,0.2341,4.27,3814.1,87.0
37980,149.3,6.70,32.96,0.2208,4.53,3814.2,87.0
37987,142.9,7.00,32.95,0.2306,4.34,3814.2,87.0
37994,144.9,6.90,32.93,0.2273,4.40,3814.3,87.0
38001,144.9,6.90,32.92,0.2272,4.40,3814.3,87.0
38008,138.9,7.20,32.91,0.2370,4.22,3814.4,87.0
38015,147.1,6.80,32.90,0.2237,4.47,3814.4,87.0
38021,144.9,6.90,32.89,0.2270,4.41,3814.4,87.0
38029,140.8,7.10,32.88,0.2335,4.28,3814.5,87.0
38036,140.8,7.10,32.87,0.2334,4.28,3814.5,87.0
38043,140.8,7.10,32.86,0.2333,4.28,3814.6,87.0
38049,156.2,6.40,32.85,0.2103,4.75,3814.6,87.0
38056,140.8,7.10,32.84,0.2332,4.29,3814.6,87.0
38063,144.9,6.90,32.83,0.2265,4.41,3814.7,87.0
38070,140.8,7.10,32.82,0.2330,4.29,3814.7,87.0
38077,142.9,7.00,32.81,0.2297,4.36,3814.8,87.0
38084,142.9,7.00,32.80,0.2296,4.36,3814.8,87.0
38091,149.3,6.70,32.79,0.2197,4.55,3814.9,87.0
38098,140.8,7.10,32.78,0.2327,4.30,3814.9,87.0
38105,144.9,6.90,32.77,0.2261,4.42,3814.9,87.0
38112,144.9,6.90,32.76,0.2260,4.42,3815.0,87.0
38119,147.1,6.80,32.75,0.2227,4.49,3815.0,87.0
38126,140.8,7.10,32.74,0.2324,4.30,3815.1,87.0
38133,144.9,6.90,32.72,0.2258,4.43,3815.1,87.0
38140,142.9,7.00,32.71,0.2290,4.37,3815.1,87.0
38147,142.9,7.00,32.70,0.2289,4.37,3815.2,87.0
38153,149.3,6.70,32.69,0.2191,4.57,3815.2,87.0
38160,140.8,7.10,32.68,0.2321,4.31,3815.3,87.0
38167,142.9,7.00,32.67,0.2287,4.37,3815.3,87.0
38174,149.3,6.70,32.66,0.2188,4.57,3815.4,87.0
38181,138.9,7.20,32.65,0.2351,4.25,3815.4,87.0
38188,144.9,6.90,32.64,0.2252,4.44,3815.4,87.0
38195,142.9,7.00,32.63,0.2284,4.38,3815.5,87.0
38202,144.9,6.90,32.62,0.2251,4.44,3815.5,87.0
38209,142.9,7.00,32.61,0.2283,4.38,3815.6,87.0
38216,144.9,6.90,32.60,0.2249,4.44,3815.6,87.0
38223,142.9,7.00,32.59,0.2281,4.38,3815.6,87.0
38230,144.9,6.90,32.58,0.2248,4.45,3815.7,87.0
38237,147.1,6.80,32.57,0.2215,4.52,3815.7,87.0
38244,142.9,7.00,32.56,0.2279,4.39,3815.8,87.0
38251,133.3,7.50,32.55,0.2441,4.10,3815.8,87.0
38258,153.8,6.50,32.54,0.2115,4.73,3815.9,87.0
38265,140.8,7.10,32.53,0.2309,4.33,3815.9,87.0
38272,144.9,6.90,32.52,0.2244,4.46,3815.9,87.0
38278,149.3,6.70,32.51,0.2178,4.59,3816.0,87.0
38286,140.8,7.10,32.50,0.2308,4.33,3816.0,87.0
38293,142.9,7.00,32.51,0.2276,4.40,3815.9,87.0
38299,144.9,6.90,32.51,0.2243,4.46,3815.9,87.0
38306,144.9,6.90,32.52,0.2244,4.46,3815.9,87.0
38313,142.9,7.00,32.52,0.2277,4.39,3815.8,87.0
38320,144.9,6.90,32.53,0.2244,4.45,3815.8,87.0
38327,147.1,6.80,32.53,0.2212,4.52,3815.7,87.0
38334,140.8,7.10,32.54,0.2310,4.33,3815.7,87.0
38341,147.1,6.80,32.54,0.2213,4.52,3815.6,87.0
38348,142.9,7.00,32.55,0.2278,4.39,3815.6,87.0
38355,140.8,7.10,32.55,0.2311,4.33,3815.6,87.0
38362,151.5,6.60,32.56,0.2149,4.65,3815.5,87.0
38369,140.8,7.10,32.56,0.2312,4.32,3815.5,87.0
38376,137.0,7.30,32.57,0.2378,4.21,3815.4,87.0
38383,151.5,6.60,32.57,0.2150,4.65,3815.4,87.0
38390,144.9,6.90,32.58,0.2248,4.45,3815.4,87.0
38397,140.8,7.10,32.58,0.2313,4.32,3815.3,87.0
38404,144.9,6.90,32.59,0.2249,4.45,3815.3,87.0
38410,144.9,6.90,32.59,0.2249,4.45,3815.2,87.0
38418,138.9,7.20,32.60,0.2347,4.26,3815.2,87.0
38424,156.2,6.40,32.60,0.2087,4.79,3815.1,87.0
38431,138.9,7.20,32.61,0.2348,4.26,3815.1,87.0
38438,142.9,7.00,32.61,0.2283,4.38,3815.1,87.0
38445,142.9,7.00,32.62,0.2283,4.38,3815.0,87.0
38452,147.1,6.80,32.62,0.2218,4.51,3815.0,87.0
38459,138.9,7.20,32.63,0.2349,4.26,3814.9,87.0
38466,142.9,7.00,32.63,0.2284,4.38,3814.9,87.0
38474,137.0,7.30,32.64,0.2383,4.20,3814.8,87.0
38480,144.9,6.90,32.64,0.2252,4.44,3814.8,87.0
38487,147.1,6.80,32.65,0.2220,4.51,3814.8,87.0
38494,151.5,6.60,32.65,0.2155,4.64,3814.7,87.0
38501,138.9,7.20,32.66,0.2352,4.25,3814.7,87.0
38508,142.9,7.00,32.66,0.2287,4.37,3814.6,87.0
38515,138.9,7.20,32.67,0.2352,4.25,3814.6,87.0
38522,151.5,6.60,32.68,0.2157,4.64,3814.6,87.0
38529,147.1,6.80,32.68,0.2222,4.50,3814.5,87.0
38535,147.1,6.80,32.68,0.2223,4.50,3814.5,87.0
38543,140.8,7.10,32.69,0.2321,4.31,3814.4,87.0
38549,147.1,6.80,32.69,0.2223,4.50,3814.4,87.0
38557,138.9,7.20,32.70,0.2354,4.25,3814.4,87.0
38563,144.9,6.90,32.71,0.2257,4.43,3814.3,87.0
38570,144.9,6.90,32.71,0.2257,4.43,3814.3,87.0
38580,101.0,9.90,32.72,0.3239,3.09,3814.2,87.0
38586,166.7,6.00,32.72,0.1963,5.09,3814.2,87.0
38592,178.6,5.60,32.73,0.1833,5.46,3814.1,87.0
38598,163.9,6.10,32.73,0.1997,5.01,3814.1,87.0
38605,140.8,7.10,32.74,0.2324,4.30,3814.1,87.0
38612,147.1,6.80,32.74,0.2226,4.49,3814.0,87.0
38619,138.9,7.20,32.75,0.2358,4.24,3814.0,87.0
38626,147.1,6.80,32.75,0.2227,4.49,3813.9,87.0
38633,149.3,6.70,32.76,0.2195,4.56,3813.9,87.0
38640,142.9,7.00,32.76,0.2293,4.36,3813.9,87.0
38646,144.9,6.90,32.77,0.2261,4.42,3813.8,87.0
38653,142.9,7.00,32.77,0.2294,4.36,3813.8,87.0
38660,142.9,7.00,32.78,0.2294,4.36,3813.7,87.0
38668,138.9,7.20,32.78,0.2360,4.24,3813.7,87.0
38675,142.9,7.00,32.79,0.2295,4.36,3813.6,87.0
38681,147.1,6.80,32.79,0.2230,4.49,3813.6,87.0
38688,144.9,6.90,32.80,0.2263,4.42,3813.6,87.0
38695,144.9,6.90,32.80,0.2263,4.42,3813.5,87.0
38702,144.9,6.90,32.81,0.2264,4.42,3813.5,87.0
38709,142.9,7.00,32.81,0.2297,4.36,3813.4,87.0
38716,147.1,6.80,32.82,0.2232,4.48,3813.4,87.0
38723,140.8,7.10,32.82,0.2330,4.29,3813.4,87.0
38730,144.9,6.90,32.83,0.2265,4.41,3813.3,87.0
38737,142.9,7.00,32.83,0.2298,4.35,3813.3,87.0
38744,144.9,6.90,32.84,0.2266,4.41,3813.2,87.0
38751,147.1,6.80,32.84,0.2233,4.48,3813.2,87.0
38758,144.9,6.90,32.85,0.2266,4.41,3813.1,87.0
38765,140.8,7.10,32.85,0.2333,4.29,3813.1,87.0
38772,142.9,7.00,32.86,0.2300,4.35,3813.1,87.0
38779,144.9,6.90,32.86,0.2268,4.41,3813.0,87.0
38786,142.9,7.00,32.87,0.2301,4.35,3813.0,87.0
38792,144.9,6.90,32.87,0.2268,4.41,3812.9,87.0
38799,142.9,7.00,32.88,0.2301,4.35,3812.9,87.0
38806,147.1,6.80,32.88,0.2236,4.47,3812.9,87.0
38813,144.9,6.90,32.89,0.2269,4.41,3812.8,87.0
38820,142.9,7.00,32.89,0.2302,4.34,3812.8,87.0
38827,142.9,7.00,32.90,0.2303,4.34,3812.7,87.0
38834,147.1,6.80,32.90,0.2237,4.47,3812.7,87.0
38841,142.9,7.00,32.91,0.2304,4.34,3812.6,87.0
38848,142.9,7.00,32.91,0.2304,4.34,3812.6,87.0
38855,142.9,7.00,32.92,0.2304,4.34,3812.6,87.0
38862,147.1,6.80,32.92,0.2239,4.47,3812.5,87.0
38869,142.9,7.00,32.93,0.2305,4.34,3812.5,87.0
38876,140.8,7.10,32.93,0.2338,4.28,3812.4,87.0
38883,144.9,6.90,32.94,0.2273,4.40,3812.4,87.0
38890,140.8,7.10,32.94,0.2339,4.27,3812.4,87.0
38897,144.9,6.90,32.95,0.2273,4.40,3812.3,87.0
38904,147.1,6.80,32.95,0.2241,4.46,3812.3,87.0
38911,142.9,7.00,32.96,0.2307,4.34,3812.2,87.0
38918,142.9,7.00,32.96,0.2307,4.33,3812.2,87.0
38924,151.5,6.60,32.97,0.2176,4.60,3812.1,87.0
38932,131.6,7.60,32.97,0.2506,3.99,3812.1,87.0
38938,149.3,6.70,32.98,0.2210,4.53,3812.1,87.0
38945,149.3,6.70,32.98,0.2210,4.53,3812.0,87.0
38952,138.9,7.20,32.99,0.2375,4.21,3812.0,87.0
38959,149.3,6.70,32.99,0.2211,4.53,3811.9,87.0
38966,140.8,7.10,33.00,0.2343,4.27,3811.9,87.0
38973,147.1,6.80,33.00,0.2244,4.46,3811.9,87.0
38980,138.9,7.20,33.01,0.2377,4.21,3811.8,87.0
38987,149.3,6.70,33.01,0.2212,4.52,3811.8,87.0
38994,147.1,6.80,33.02,0.2245,4.45,3811.7,87.0
39001,135.1,7.40,33.02,0.2444,4.09,3811.7,87.0
39008,144.9,6.90,33.03,0.2279,4.39,3811.6,87.0
39015,149.3,6.70,33.04,0.2213,4.52,3811.6,87.0
39022,144.9,6.90,33.04,0.2280,4.39,3811.6,87.0
39028,144.9,6.90,33.04,0.2280,4.38,3811.5,87.0
39036,140.8,7.10,33.05,0.2347,4.26,3811.5,87.0
39042,147.1,6.80,33.05,0.2248,4.45,3811.4,87.0
39049,144.9,6.90,33.06,0.2281,4.38,3811.4,87.0
39056,147.1,6.80,33.07,0.2248,4.45,3811.4,87.0
39063,142.9,7.00,33.07,0.2315,4.32,3811.3,87.0
39070,142.9,7.00,33.08,0.2315,4.32,3811.3,87.0
39077,144.9,6.90,33.08,0.2283,4.38,3811.2,87.0
39084,140.8,7.10,33.09,0.2349,4.26,3811.2,87.0
39091,147.1,6.80,33.09,0.2250,4.45,3811.1,87.0
39098,142.9,7.00,33.10,0.2317,4.32,3811.1,87.0
39105,144.9,6.90,33.10,0.2284,4.38,3811.1,87.0
39112,131.6,7.60,33.11,0.2516,3.98,3811.0,87.0
39120,129.9,7.70,33.11,0.2550,3.92,3811.0,87.0
39126,175.4,5.70,33.12,0.1888,5.30,3810.9,87.0
39137,93.5,10.70,33.12,0.3544,2.82,3810.9,87.0
39144,135.1,7.40,33.13,0.2452,4.08,3810.8,87.0
39151,142.9,7.00,33.13,0.2319,4.31,3810.8,87.0
39157,178.6,5.60,33.14,0.1856,5.39,3810.8,87.0
39163,161.3,6.20,33.14,0.2055,4.87,3810.7,87.0
39169,172.4,5.80,33.15,0.1923,5.20,3810.7,87.0
39174,169.5,5.90,33.15,0.1956,5.11,3810.6,87.0
39181,147.1,6.80,33.16,0.2255,4.44,3810.6,87.0
39188,140.8,7.10,33.16,0.2354,4.25,3810.6,87.0
39195,149.3,6.70,33.17,0.2222,4.50,3810.5,87.0
39202,140.8,7.10,33.17,0.2355,4.24,3810.5,87.0
39209,144.9,6.90,33.18,0.2289,4.37,3810.4,87.0
39216,142.9,7.00,33.18,0.2323,4.31,3810.4,87.0
39223,142.9,7.00,33.19,0.2323,4.31,3810.4,87.0
39230,144.9,6.90,33.19,0.2290,4.37,3810.3,87.0
39237,144.9,6.90,33.20,0.2291,4.36,3810.3,87.0
39244,142.9,7.00,33.20,0.2324,4.30,3810.2,87.0
39251,144.9,6.90,33.21,0.2291,4.36,3810.2,87.0
39258,144.9,6.90,33.21,0.2292,4.36,3810.1,87.0
39265,144.9,6.90,33.22,0.2292,4.36,3810.1,87.0
39272,142.9,7.00,33.22,0.2326,4.30,3810.1,87.0
39279,142.9,7.00,33.23,0.2326,4.30,3810.0,87.0
39285,144.9,6.90,33.23,0.2293,4.36,3810.0,87.0
39293,140.8,7.10,33.23,0.2359,4.24,3810.0,87.0
39300,142.9,7.00,33.23,0.2326,4.30,3810.0,87.0
39306,149.3,6.70,33.22,0.2226,4.49,3810.0,87.0
39313,147.1,6.80,33.22,0.2259,4.43,3810.0,87.0
39320,142.9,7.00,33.22,0.2325,4.30,3810.0,87.0
39327,140.8,7.10,33.22,0.2358,4.24,3810.0,87.0
39334,144.9,6.90,33.22,0.2292,4.36,3810.0,87.0
39341,142.9,7.00,33.21,0.2325,4.30,3810.0,87.0
39348,144.9,6.90,33.21,0.2292,4.36,3810.0,87.0
39355,144.9,6.90,33.21,0.2292,4.36,3810.0,87.0
39362,140.8,7.10,33.21,0.2358,4.24,3810.0,87.0
39369,147.1,6.80,33.21,0.2258,4.43,3810.0,87.0
39376,147.1,6.80,33.20,0.2258,4.43,3810.0,87.0
39383,142.9,7.00,33.20,0.2324,4.30,3810.0,87.0
39390,142.9,7.00,33.20,0.2324,4.30,3810.0,87.0
39397,142.9,7.00,33.20,0.2324,4.30,3810.0,87.0
39403,144.9,6.90,33.20,0.2291,4.36,3810.0,87.0
39410,144.9,6.90,33.20,0.2290,4.37,3810.0,87.0
39417,142.9,7.00,33.19,0.2324,4.31,3810.0,87.0
39424,142.9,7.00,33.19,0.2323,4.31,3810.0,87.0
39431,144.9,6.90,33.19,0.2290,4.37,3810.0,87.0
39438,140.8,7.10,33.19,0.2356,4.24,3810.0,87.0
39445,149.3,6.70,33.19,0.2223,4.50,3810.0,87.0
39452,144.9,6.90,33.18,0.2290,4.37,3810.0,87.0
39459,144.9,6.90,33.18,0.2290,4.37,3810.0,87.0
39466,144.9,6.90,33.18,0.2289,4.37,3810.0,87.0
39473,140.8,7.10,33.18,0.2356,4.24,3810.0,87.0
39480,142.9,7.00,33.18,0.2322,4.31,3810.0,87.0
39487,144.9,6.90,33.17,0.2289,4.37,3810.0,87.0
39494,142.9,7.00,33.17,0.2322,4.31,3810.0,87.0
39501,137.0,7.30,33.17,0.2421,4.13,3810.0,87.0
39508,149.3,6.70,33.17,0.2222,4.50,3810.0,87.0
39515,144.9,6.90,33.17,0.2289,4.37,3810.0,87.0
39522,142.9,7.00,33.17,0.2322,4.31,3810.0,87.0
39528,147.1,6.80,33.16,0.2255,4.44,3810.0,87.0
39535,147.1,6.80,33.16,0.2255,4.44,3810.0,87.0
39542,140.8,7.10,33.16,0.2354,4.25,3810.0,87.0
39549,144.9,6.90,33.16,0.2288,4.37,3810.0,87.0
39556,140.8,7.10,33.16,0.2354,4.25,3810.0,87.0
39563,149.3,6.70,33.15,0.2221,4.50,3810.0,87.0
39570,138.9,7.20,33.15,0.2387,4.19,3810.0,87.0
39577,144.9,6.90,33.15,0.2287,4.37,3810.0,87.0
39584,144.9,6.90,33.15,0.2287,4.37,3810.0,87.0
39591,144.9,6.90,33.15,0.2287,4.37,3810.0,87.0
39598,142.9,7.00,33.14,0.2320,4.31,3810.0,87.0
39605,140.8,7.10,33.14,0.2353,4.25,3810.0,87.0
39612,149.3,6.70,33.14,0.2220,4.51,3810.0,87.0
39619,142.9,7.00,33.14,0.2320,4.31,3810.0,87.0
39626,142.9,7.00,33.14,0.2320,4.31,3810.0,87.0
39633,144.9,6.90,33.14,0.2286,4.37,3810.0,87.0
39640,142.9,7.00,33.13,0.2319,4.31,3810.0,87.0
39646,147.1,6.80,33.13,0.2253,4.44,3810.0,87.0
39653,142.9,7.00,33.13,0.2319,4.31,3810.0,87.0
39660,144.9,6.90,33.13,0.2286,4.37,3810.0,87.0
39667,144.9,6.90,33.13,0.2286,4.37,3810.0,87.0
39674,142.9,7.00,33.12,0.2319,4.31,3810.0,87.0
39681,144.9,6.90,33.12,0.2285,4.37,3810.0,87.0
39688,142.9,7.00,33.12,0.2318,4.31,3810.0,87.0
39695,144.9,6.90,33.12,0.2285,4.38,3810.0,87.0
39702,142.9,7.00,33.12,0.2318,4.32,3810.0,87.0
39709,140.8,7.10,33.11,0.2351,4.25,3810.0,87.0
39716,147.1,6.80,33.11,0.2252,4.44,3810.0,87.0
39723,142.9,7.00,33.11,0.2318,4.32,3810.0,87.0
39730,147.1,6.80,33.11,0.2251,4.44,3810.0,87.0
39737,140.8,7.10,33.11,0.2351,4.25,3810.0,87.0
39744,147.1,6.80,33.11,0.2251,4.44,3810.0,87.0
39751,142.9,7.00,33.10,0.2317,4.32,3810.0,87.0
39758,142.9,7.00,33.10,0.2317,4.32,3810.0,87.0
39765,144.9,6.90,33.10,0.2284,4.38,3810.0,87.0
39771,144.9,6.90,33.10,0.2284,4.38,3810.0,87.0
39778,142.9,7.00,33.10,0.2317,4.32,3810.0,87.0
39785,144.9,6.90,33.09,0.2283,4.38,3810.0,87.0
39792,142.9,7.00,33.09,0.2316,4.32,3810.0,87.0
39799,142.9,7.00,33.09,0.2316,4.32,3810.0,87.0
39807,138.9,7.20,33.09,0.2382,4.20,3810.0,87.0
39813,147.1,6.80,33.09,0.2250,4.45,3810.0,87.0
39821,138.9,7.20,33.08,0.2382,4.20,3810.0,87.0
39827,149.3,6.70,33.08,0.2217,4.51,3810.0,87.0
39834,140.8,7.10,33.08,0.2349,4.26,3810.0,87.0
39841,149.3,6.70,33.08,0.2216,4.51,3810.0,87.0
39848,144.9,6.90,33.08,0.2282,4.38,3810.0,87.0
39855,137.0,7.30,33.08,0.2414,4.14,3810.0,87.0
39862,144.9,6.90,33.07,0.2282,4.38,3810.0,87.0
39869,151.5,6.60,33.07,0.2183,4.58,3810.0,87.0
39876,144.9,6.90,33.07,0.2282,4.38,3810.0,87.0
39883,142.9,7.00,33.07,0.2315,4.32,3810.0,87.0
39890,135.1,7.40,33.07,0.2447,4.09,3810.0,87.0
39897,144.9,6.90,33.06,0.2281,4.38,3810.0,87.0
39904,144.9,6.90,33.06,0.2281,4.38,3810.0,87.0
39910,153.8,6.50,33.06,0.2149,4.65,3810.0,87.0
39918,133.3,7.50,33.06,0.2479,4.03,3810.0,87.0
39925,147.1,6.80,33.06,0.2248,4.45,3810.0,87.0
39932,142.9,7.00,33.05,0.2314,4.32,3810.0,87.0
39938,151.5,6.60,33.05,0.2181,4.58,3810.0,87.0
39945,140.8,7.10,33.05,0.2347,4.26,3810.0,87.0
39952,147.1,6.80,33.05,0.2247,4.45,3810.0,87.0
39959,142.9,7.00,33.05,0.2313,4.32,3810.0,87.0
39966,144.9,6.90,33.05,0.2280,4.38,3810.0,87.0
39973,144.9,6.90,33.04,0.2280,4.39,3810.0,87.0
39980,144.9,6.90,33.04,0.2280,4.39,3810.0,87.0
39987,142.9,7.00,33.04,0.2313,4.33,3810.0,87.0
39994,147.1,6.80,33.04,0.2247,4.45,3810.0,87.0
40001,142.9,7.00,33.04,0.2313,4.33,3810.0,87.0
40008,140.8,7.10,33.03,0.2345,4.26,3810.0,87.0
40015,147.1,6.80,33.03,0.2246,4.45,3810.0,87.0
40022,140.8,7.10,33.03,0.2345,4.26,3810.0,87.0
40028,149.3,6.70,33.03,0.2213,4.52,3810.0,87.0
40035,142.9,7.00,33.03,0.2312,4.33,3810.0,87.0
40042,142.9,7.00,33.02,0.2312,4.33,3810.0,87.0
40049,144.9,6.90,33.02,0.2279,4.39,3810.0,87.0
40056,142.9,7.00,33.02,0.2311,4.33,3810.0,87.0
40063,144.9,6.90,33.02,0.2278,4.39,3810.0,87.0
40070,142.9,7.00,33.02,0.2311,4.33,3810.0,87.0
40077,147.1,6.80,33.02,0.2245,4.46,3810.0,87.0
40084,135.1,7.40,33.01,0.2443,4.09,3810.0,87.0
40091,144.9,6.90,33.01,0.2278,4.39,3810.0,87.0
40098,149.3,6.70,33.01,0.2212,4.52,3810.0,87.0
40105,144.9,6.90,33.01,0.2278,4.39,3810.0,87.0
40112,142.9,7.00,33.01,0.2310,4.33,3810.0,87.0
40119,142.9,7.00,33.00,0.2310,4.33,3810.0,87.0
40126,142.9,7.00,33.00,0.2310,4.33,3810.0,87.0
40132,151.5,6.60,33.00,0.2178,4.59,3810.0,87.0
40140,138.9,7.20,33.00,0.2376,4.21,3810.0,87.0
40147,144.9,6.90,33.00,0.2277,4.39,3810.0,87.0
40153,144.9,6.90,32.99,0.2277,4.39,3810.0,87.0
40160,147.1,6.80,32.99,0.2244,4.46,3810.0,87.0
40167,140.8,7.10,32.99,0.2342,4.27,3810.0,87.0
40174,142.9,7.00,32.99,0.2309,4.33,3810.0,87.0
40181,140.8,7.10,32.99,0.2342,4.27,3810.0,87.0
40188,151.5,6.60,32.99,0.2177,4.59,3810.0,87.0
40195,144.9,6.90,32.98,0.2276,4.39,3810.0,87.0
40202,142.9,7.00,32.98,0.2309,4.33,3810.0,87.0
40209,140.8,7.10,32.98,0.2342,4.27,3810.0,87.0
40216,144.9,6.90,32.98,0.2275,4.39,3810.0,87.0
40223,144.9,6.90,32.98,0.2275,4.39,3810.0,87.0
40230,140.8,7.10,32.97,0.2341,4.27,3810.0,87.0
40237,147.1,6.80,32.97,0.2242,4.46,3810.0,87.0
40244,144.9,6.90,32.97,0.2275,4.39,3810.0,87.0
40251,142.9,7.00,32.97,0.2308,4.33,3810.0,87.0
40257,147.1,6.80,32.97,0.2242,4.46,3810.0,87.0
40264,142.9,7.00,32.96,0.2308,4.33,3810.0,87.0
40271,142.9,7.00,32.96,0.2307,4.34,3810.0,87.0
40278,142.9,7.00,32.96,0.2307,4.34,3810.0,87.0
40285,142.9,7.00,32.95,0.2307,4.34,3810.0,87.0
40292,147.1,6.80,32.94,0.2240,4.47,3810.0,87.0
40299,142.9,7.00,32.93,0.2305,4.34,3810.0,87.0
40306,142.9,7.00,32.91,0.2304,4.34,3810.0,87.0
40313,142.9,7.00,32.90,0.2303,4.34,3810.0,87.0
40320,144.9,6.90,32.89,0.2269,4.41,3810.0,87.0
40327,144.9,6.90,32.88,0.2268,4.41,3810.0,87.0
40334,144.9,6.90,32.86,0.2267,4.41,3810.0,86.9
40341,147.1,6.80,32.85,0.2234,4.48,3810.0,86.9
40348,140.8,7.10,32.84,0.2331,4.29,3810.0,86.9
40355,142.9,7.00,32.82,0.2298,4.35,3810.0,86.9
40362,147.1,6.80,32.81,0.2231,4.48,3810.0,86.9
40369,140.8,7.10,32.80,0.2329,4.29,3810.0,86.9
40376,142.9,7.00,32.78,0.2295,4.36,3810.0,86.9
40383,147.1,6.80,32.77,0.2228,4.49,3810.0,86.9
40390,142.9,7.00,32.76,0.2293,4.36,3810.0,86.9
40396,144.9,6.90,32.75,0.2259,4.43,3810.0,86.9
40403,142.9,7.00,32.73,0.2291,4.37,3810.0,86.9
40410,142.9,7.00,32.72,0.2290,4.37,3810.0,86.9
40417,147.1,6.80,32.71,0.2224,4.50,3810.0,86.9
40424,142.9,7.00,32.69,0.2289,4.37,3810.0,86.9
40431,147.1,6.80,32.68,0.2222,4.50,3810.0,86.9
40439,133.3,7.50,32.66,0.2450,4.08,3810.0,86.8
40445,151.5,6.60,32.65,0.2155,4.64,3810.0,86.8
40452,142.9,7.00,32.64,0.2285,4.38,3810.0,86.8
40459,142.9,7.00,32.63,0.2284,4.38,3810.0,86.8
40466,142.9,7.00,32.61,0.2283,4.38,3810.0,86.8
40473,147.1,6.80,32.60,0.2217,4.51,3810.0,86.8
40480,144.9,6.90,32.59,0.2249,4.45,3810.0,86.8
40487,133.3,7.50,32.57,0.2443,4.09,3810.0,86.8
40494,149.3,6.70,32.56,0.2182,4.59,3810.0,86.8
40501,149.3,6.70,32.55,0.2181,4.59,3810.0,86.8
40508,147.1,6.80,32.54,0.2212,4.52,3810.0,86.8
40515,142.9,7.00,32.52,0.2277,4.39,3810.0,86.8
40522,142.9,7.00,32.51,0.2276,4.40,3810.0,86.8
40528,144.9,6.90,32.50,0.2242,4.46,3810.0,86.8
40535,142.9,7.00,32.48,0.2274,4.40,3810.0,86.7
40543,135.1,7.40,32.47,0.2403,4.16,3810.0,86.7
40549,153.8,6.50,32.46,0.2110,4.74,3810.0,86.7
40556,142.9,7.00,32.44,0.2271,4.40,3810.0,86.7
40564,135.1,7.40,32.43,0.2400,4.17,3810.0,86.7
40570,156.2,6.40,32.42,0.2075,4.82,3810.0,86.7
40577,140.8,7.10,32.41,0.2301,4.34,3810.0,86.7
40584,138.9,7.20,32.39,0.2332,4.29,3810.0,86.7
40591,147.1,6.80,32.38,0.2202,4.54,3810.0,86.7
40598,144.9,6.90,32.37,0.2233,4.48,3810.0,86.7
40605,144.9,6.90,32.35,0.2232,4.48,3810.0,86.7
40612,149.3,6.70,32.34,0.2167,4.62,3810.0,86.7
40619,142.9,7.00,32.33,0.2263,4.42,3810.0,86.7
40626,137.0,7.30,32.31,0.2359,4.24,3810.0,86.7
40633,147.1,6.80,32.30,0.2196,4.55,3810.0,86.6
40640,147.1,6.80,32.29,0.2196,4.56,3810.0,86.6
40647,142.9,7.00,32.27,0.2259,4.43,3810.0,86.6
40654,144.9,6.90,32.26,0.2226,4.49,3810.0,86.6
40660,144.9,6.90,32.25,0.2225,4.49,3810.0,86.6
40667,142.9,7.00,32.24,0.2257,4.43,3810.0,86.6
40674,151.5,6.60,32.22,0.2127,4.70,3810.0,86.6
40681,140.8,7.10,32.21,0.2287,4.37,3810.0,86.6
40688,144.9,6.90,32.20,0.2222,4.50,3810.0,86.6
40695,140.8,7.10,32.18,0.2285,4.37,3810.0,86.6
40702,142.9,7.00,32.17,0.2252,4.44,3810.0,86.6
40709,147.1,6.80,32.16,0.2187,4.57,3810.0,86.6
40716,140.8,7.10,32.14,0.2282,4.38,3810.0,86.6
40723,135.1,7.40,32.13,0.2378,4.20,3810.0,86.6
40730,158.7,6.30,32.12,0.2023,4.94,3810.0,86.6
40737,138.9,7.20,32.10,0.2312,4.33,3810.0,86.5
40744,144.9,6.90,32.09,0.2214,4.52,3810.0,86.5
40751,135.1,7.40,32.08,0.2374,4.21,3810.0,86.5
40758,151.5,6.60,32.07,0.2116,4.72,3810.0,86.5
40765,138.9,7.20,32.05,0.2308,4.33,3810.0,86.5
40772,144.9,6.90,32.04,0.2211,4.52,3810.0,86.5
40779,147.1,6.80,32.03,0.2178,4.59,3810.0,86.5
40785,149.3,6.70,32.01,0.2145,4.66,3810.0,86.5
40793,133.3,7.50,32.00,0.2400,4.17,3810.0,86.5
40799,158.7,6.30,31.99,0.2015,4.96,3810.0,86.5
40807,135.1,7.40,31.97,0.2366,4.23,3810.0,86.5
40813,151.5,6.60,31.96,0.2109,4.74,3810.0,86.5
40821,135.1,7.40,31.95,0.2364,4.23,3810.0,86.5
40827,147.1,6.80,31.94,0.2172,4.61,3810.0,86.5
40834,153.8,6.50,31.92,0.2075,4.82,3810.0,86.4
40841,140.8,7.10,31.91,0.2266,4.41,3810.0,86.4
40848,142.9,7.00,31.90,0.2233,4.48,3810.0,86.4
40855,140.8,7.10,31.88,0.2264,4.42,3810.0,86.4
40862,151.5,6.60,31.87,0.2103,4.75,3810.0,86.4
40869,137.0,7.30,31.86,0.2326,4.30,3810.0,86.4
40876,149.3,6.70,31.84,0.2133,4.69,3810.0,86.4
40883,144.9,6.90,31.83,0.2196,4.55,3810.0,86.4
40890,135.1,7.40,31.82,0.2354,4.25,3810.0,86.4
40897,149.3,6.70,31.80,0.2131,4.69,3810.0,86.4
40904,144.9,6.90,31.79,0.2194,4.56,3810.0,86.4
40911,140.8,7.10,31.78,0.2256,4.43,3810.0,86.4
40918,144.9,6.90,31.76,0.2192,4.56,3810.0,86.4
40925,142.9,7.00,31.75,0.2223,4.50,3810.0,86.4
40932,144.9,6.90,31.74,0.2190,4.57,3810.0,86.4
40938,149.3,6.70,31.73,0.2126,4.71,3810.0,86.3
40946,140.8,7.10,31.71,0.2252,4.44,3810.0,86.3
40952,144.9,6.90,31.70,0.2187,4.57,3810.0,86.3
40959,142.9,7.00,31.69,0.2218,4.51,3810.0,86.3
40966,142.9,7.00,31.67,0.2217,4.51,3810.0,86.3
40973,144.9,6.90,31.66,0.2185,4.58,3810.0,86.3
40980,144.9,6.90,31.65,0.2184,4.58,3810.0,86.3
40987,147.1,6.80,31.63,0.2151,4.65,3810.0,86.3
40994,142.9,7.00,31.62,0.2214,4.52,3810.0,86.3
41001,142.9,7.00,31.61,0.2213,4.52,3810.0,86.3
41008,142.9,7.00,31.60,0.2212,4.52,3810.0,86.3
41015,151.5,6.60,31.58,0.2084,4.80,3810.0,86.3
41022,133.3,7.50,31.57,0.2368,4.22,3810.0,86.3
41029,151.5,6.60,31.56,0.2083,4.80,3810.0,86.3
41036,140.8,7.10,31.54,0.2240,4.46,3810.0,86.2
41043,144.9,6.90,31.53,0.2176,4.60,3810.0,86.2
41049,151.5,6.60,31.52,0.2080,4.81,3810.0,86.2
41056,140.8,7.10,31.50,0.2237,4.47,3810.0,86.2
41064,138.9,7.20,31.49,0.2267,4.41,3810.0,86.2
41070,147.1,6.80,31.48,0.2141,4.67,3810.0,86.2
41077,142.9,7.00,31.47,0.2203,4.54,3810.0,86.2
41084,144.9,6.90,31.45,0.2170,4.61,3810.0,86.2
41091,142.9,7.00,31.44,0.2201,4.55,3810.0,86.2
41098,147.1,6.80,31.43,0.2137,4.68,3810.0,86.2
41105,149.3,6.70,31.41,0.2105,4.75,3810.0,86.2
41112,140.8,7.10,31.40,0.2229,4.48,3810.0,86.2
41119,142.9,7.00,31.39,0.2197,4.55,3810.0,86.2
41126,142.9,7.00,31.37,0.2196,4.55,3810.0,86.2
41133,142.9,7.00,31.36,0.2195,4.56,3810.0,86.1
41140,142.9,7.00,31.35,0.2194,4.56,3810.0,86.1
41147,149.3,6.70,31.33,0.2099,4.76,3810.0,86.1
41153,147.1,6.80,31.32,0.2130,4.70,3810.0,86.1
41161,135.1,7.40,31.31,0.2317,4.32,3810.0,86.1
41168,144.9,6.90,31.29,0.2159,4.63,3810.0,86.1
41174,149.3,6.70,31.28,0.2096,4.77,3810.0,86.1
41182,140.8,7.10,31.27,0.2220,4.50,3810.0,86.1
41189,140.8,7.10,31.25,0.2219,4.50,3810.0,86.1
41195,147.1,6.80,31.24,0.2125,4.71,3810.0,86.1
41202,142.9,7.00,31.23,0.2186,4.58,3810.0,86.1
41209,144.9,6.90,31.22,0.2154,4.64,3810.0,86.1
41216,140.8,7.10,31.20,0.2215,4.51,3810.0,86.1
41223,144.9,6.90,31.19,0.2152,4.65,3810.0,86.1
41230,144.9,6.90,31.18,0.2151,4.65,3810.0,86.1
41237,142.9,7.00,31.16,0.2182,4.59,3810.0,86.0
41244,142.9,7.00,31.15,0.2181,4.59,3810.0,86.0
41251,147.1,6.80,31.14,0.2117,4.72,3810.0,86.0
41258,142.9,7.00,31.13,0.2179,4.59,3810.0,86.0
41265,144.9,6.90,31.11,0.2147,4.66,3810.0,86.0
41272,142.9,7.00,31.10,0.2177,4.60,3810.0,86.0
41279,151.5,6.60,31.09,0.2052,4.87,3810.0,86.0
41286,137.0,7.30,31.08,0.2269,4.41,3810.0,86.0
41293,144.9,6.90,31.07,0.2144,4.66,3810.0,86.0
41300,147.1,6.80,31.06,0.2112,4.74,3810.0,86.0
41307,140.8,7.10,31.05,0.2205,4.53,3810.0,86.0
41314,144.9,6.90,31.05,0.2142,4.67,3810.0,86.0
41320,144.9,6.90,31.04,0.2142,4.67,3810.0,86.0
41328,140.8,7.10,31.03,0.2203,4.54,3810.0,86.0
41335,142.9,7.00,31.02,0.2172,4.61,3810.0,86.0
41342,142.9,7.00,31.02,0.2171,4.61,3810.0,86.0
41348,147.1,6.80,31.01,0.2109,4.74,3810.0,86.0
41355,144.9,6.90,31.00,0.2139,4.67,3810.0,86.0
41362,142.9,7.00,30.99,0.2170,4.61,3810.0,86.0
41369,144.9,6.90,30.99,0.2138,4.68,3810.0,86.0
41376,142.9,7.00,30.98,0.2168,4.61,3810.0,86.0
41383,144.9,6.90,30.97,0.2137,4.68,3810.0,86.0
41390,142.9,7.00,30.96,0.2167,4.62,3810.0,86.0
41397,142.9,7.00,30.96,0.2167,4.62,3810.0,86.0
41404,149.3,6.70,30.95,0.2074,4.82,3810.0,86.0
41411,142.9,7.00,30.94,0.2166,4.62,3810.0,86.0
41418,142.9,7.00,30.93,0.2165,4.62,3810.0,86.0
41425,144.9,6.90,30.93,0.2134,4.69,3810.0,86.0
41432,144.9,6.90,30.92,0.2133,4.69,3810.0,86.0
41439,140.8,7.10,30.91,0.2195,4.56,3810.0,86.0
41446,144.9,6.90,30.90,0.2132,4.69,3810.0,86.0
41453,142.9,7.00,30.90,0.2163,4.63,3810.0,86.0
41459,147.1,6.80,30.89,0.2100,4.76,3810.0,86.0
41466,140.8,7.10,30.88,0.2193,4.56,3810.0,86.0
41473,147.1,6.80,30.87,0.2099,4.76,3810.0,86.0
41480,140.8,7.10,30.87,0.2191,4.56,3810.0,86.0
41487,149.3,6.70,30.86,0.2068,4.84,3810.0,86.0
41494,138.9,7.20,30.85,0.2221,4.50,3810.0,86.0
41501,149.3,6.70,30.84,0.2067,4.84,3810.0,86.0
41508,147.1,6.80,30.84,0.2097,4.77,3810.0,86.0
41515,147.1,6.80,30.83,0.2096,4.77,3810.0,86.0
41522,138.9,7.20,30.82,0.2219,4.51,3810.0,86.0
41528,149.3,6.70,30.81,0.2065,4.85,3810.0,86.0
41536,140.8,7.10,30.81,0.2187,4.57,3810.0,86.0
41543,142.9,7.00,30.80,0.2156,4.64,3810.0,86.0
41549,147.1,6.80,30.79,0.2094,4.78,3810.0,86.0
41556,142.9,7.00,30.78,0.2155,4.64,3810.0,86.0
41563,142.9,7.00,30.78,0.2154,4.64,3810.0,86.0
41570,142.9,7.00,30.77,0.2154,4.64,3810.0,86.0
41577,140.8,7.10,30.76,0.2184,4.58,3810.0,86.0
41584,151.5,6.60,30.75,0.2030,4.93,3810.0,86.0
41591,142.9,7.00,30.75,0.2152,4.65,3810.0,86.0
41598,137.0,7.30,30.74,0.2244,4.46,3810.0,86.0
41605,144.9,6.90,30.73,0.2120,4.72,3810.0,86.0
41612,144.9,6.90,30.72,0.2120,4.72,3810.0,86.0
41619,142.9,7.00,30.72,0.2150,4.65,3810.0,86.0
41626,151.5,6.60,30.71,0.2027,4.93,3810.0,86.0
41633,140.8,7.10,30.70,0.2180,4.59,3810.0,86.0
41640,138.9,7.20,30.69,0.2210,4.53,3810.0,86.0
41647,140.8,7.10,30.69,0.2179,4.59,3810.0,86.0
41654,156.2,6.40,30.68,0.1963,5.09,3810.0,86.0
41661,140.8,7.10,30.67,0.2178,4.59,3810.0,86.0
41667,147.1,6.80,30.66,0.2085,4.80,3810.0,86.0
41675,137.0,7.30,30.66,0.2238,4.47,3810.0,86.0
41682,144.9,6.90,30.65,0.2115,4.73,3810.0,86.0
41689,140.8,7.10,30.64,0.2175,4.60,3810.0,86.0
41696,147.1,6.80,30.63,0.2083,4.80,3810.0,86.0
41703,142.9,7.00,30.63,0.2144,4.67,3810.0,86.0
41709,144.9,6.90,30.62,0.2113,4.73,3810.0,86.0
41716,149.3,6.70,30.61,0.2051,4.88,3810.0,86.0
41723,144.9,6.90,30.60,0.2112,4.73,3810.0,86.0
41730,138.9,7.20,30.60,0.2203,4.54,3810.0,86.0
41737,144.9,6.90,30.59,0.2111,4.74,3810.0,86.0
41744,144.9,6.90,30.58,0.2110,4.74,3810.0,86.0
41751,142.9,7.00,30.57,0.2140,4.67,3810.0,86.0
41758,140.8,7.10,30.57,0.2170,4.61,3810.0,86.0
41765,147.1,6.80,30.56,0.2078,4.81,3810.0,86.0
41772,144.9,6.90,30.55,0.2108,4.74,3810.0,86.0
41779,142.9,7.00,30.54,0.2138,4.68,3810.0,86.0
41786,149.3,6.70,30.54,0.2046,4.89,3810.0,86.0
41793,142.9,7.00,30.53,0.2137,4.68,3810.0,86.0
41800,142.9,7.00,30.52,0.2136,4.68,3810.0,86.0
41807,142.9,7.00,30.51,0.2136,4.68,3810.0,86.0
41814,144.9,6.90,30.51,0.2105,4.75,3810.0,86.0
41821,142.9,7.00,30.50,0.2135,4.69,3810.0,86.0
41828,142.9,7.00,30.49,0.2134,4.69,3810.0,86.0
41834,144.9,6.90,30.48,0.2103,4.75,3810.0,86.0
41841,147.1,6.80,30.48,0.2072,4.83,3810.0,86.0
41848,142.9,7.00,30.47,0.2133,4.69,3810.0,86.0
41855,142.9,7.00,30.46,0.2132,4.69,3810.0,86.0
41862,147.1,6.80,30.45,0.2071,4.83,3810.0,86.0
41869,138.9,7.20,30.45,0.2192,4.56,3810.0,86.0
41876,149.3,6.70,30.44,0.2039,4.90,3810.0,86.0
41883,140.8,7.10,30.43,0.2161,4.63,3810.0,86.0
41890,144.9,6.90,30.42,0.2099,4.76,3810.0,86.0
41897,142.9,7.00,30.42,0.2129,4.70,3810.0,86.0
41904,147.1,6.80,30.41,0.2068,4.84,3810.0,86.0
41911,138.9,7.20,30.40,0.2189,4.57,3810.0,86.0
41918,147.1,6.80,30.39,0.2067,4.84,3810.0,86.0
41925,142.9,7.00,30.39,0.2127,4.70,3810.0,86.0
41932,144.9,6.90,30.38,0.2096,4.77,3810.0,86.0
41938,147.1,6.80,30.37,0.2065,4.84,3810.0,86.0
41946,138.9,7.20,30.36,0.2186,4.57,3810.0,86.0
41952,156.2,6.40,30.36,0.1943,5.15,3810.0,86.0
41960,133.3,7.50,30.35,0.2276,4.39,3810.0,86.0
41966,149.3,6.70,30.34,0.2033,4.92,3810.0,86.0
41973,142.9,7.00,30.33,0.2123,4.71,3810.0,86.0
41980,142.9,7.00,30.33,0.2123,4.71,3810.0,86.0
41987,144.9,6.90,30.32,0.2092,4.78,3810.0,86.0
41994,140.8,7.10,30.31,0.2152,4.65,3810.0,86.0
42001,147.1,6.80,30.30,0.2061,4.85,3810.0,86.0
42008,140.8,7.10,30.30,0.2151,4.65,3810.0,86.0
42015,147.1,6.80,30.29,0.2060,4.86,3810.0,86.0
42022,144.9,6.90,30.28,0.2089,4.79,3810.0,86.0
42029,144.9,6.90,30.27,0.2089,4.79,3810.0,86.0
42036,142.9,7.00,30.27,0.2119,4.72,3810.0,86.0
42043,144.9,6.90,30.26,0.2088,4.79,3810.0,86.0
42050,140.8,7.10,30.25,0.2148,4.65,3810.0,86.0
42057,144.9,6.90,30.24,0.2087,4.79,3810.0,86.0
42064,140.8,7.10,30.24,0.2147,4.66,3810.0,86.0
42070,153.8,6.50,30.23,0.1965,5.09,3810.0,86.0
42078,135.1,7.40,30.22,0.2236,4.47,3810.0,86.0
42084,149.3,6.70,30.21,0.2024,4.94,3810.0,86.0
42092,138.9,7.20,30.21,0.2175,4.60,3810.0,86.0
42098,151.5,6.60,30.20,0.1993,5.02,3810.0,86.0
42105,138.9,7.20,30.19,0.2174,4.60,3810.0,86.0
42112,149.3,6.70,30.18,0.2022,4.95,3810.0,86.0
42119,147.1,6.80,30.18,0.2052,4.87,3810.0,86.0
42126,142.9,7.00,30.17,0.2112,4.74,3810.0,86.0
42133,142.9,7.00,30.16,0.2111,4.74,3810.0,86.0
42139,151.5,6.60,30.15,0.1990,5.02,3810.0,86.0
42147,140.8,7.10,30.15,0.2140,4.67,3810.0,86.0
42153,144.9,6.90,30.14,0.2080,4.81,3810.0,86.0
42161,137.0,7.30,30.13,0.2200,4.55,3810.0,86.0
42167,149.3,6.70,30.12,0.2018,4.96,3810.0,86.0
42174,144.9,6.90,30.12,0.2078,4.81,3810.0,86.0
42181,142.9,7.00,30.11,0.2108,4.75,3810.0,86.0
42188,147.1,6.80,30.10,0.2047,4.89,3810.0,86.0
42195,138.9,7.20,30.09,0.2167,4.62,3810.0,86.0
42202,142.9,7.00,30.09,0.2106,4.75,3810.0,86.0
42210,135.1,7.40,30.08,0.2226,4.49,3810.0,86.0
42216,158.7,6.30,30.07,0.1894,5.28,3810.0,86.0
42223,142.9,7.00,30.06,0.2104,4.75,3810.0,86.0
42230,144.9,6.90,30.06,0.2074,4.82,3810.0,86.0
42237,147.1,6.80,30.05,0.2043,4.90,3810.0,86.0
42244,137.0,7.30,30.04,0.2193,4.56,3810.0,86.0
42251,147.1,6.80,30.03,0.2042,4.90,3810.0,86.0
42258,142.9,7.00,30.03,0.2102,4.76,3810.0,86.0
42265,140.8,7.10,30.02,0.2131,4.69,3810.0,86.0
42272,144.9,6.90,30.01,0.2071,4.83,3810.0,86.0
42279,149.3,6.70,30.00,0.2010,4.98,3810.0,86.0
42286,138.9,7.20,30.00,0.2160,4.63,3810.0,86.0
42293,144.9,6.90,29.99,0.2070,4.83,3810.0,86.0
42300,142.9,7.00,29.99,0.2099,4.76,3810.0,86.0
42306,147.1,6.80,29.99,0.2039,4.91,3810.0,86.0
42314,135.1,7.40,29.98,0.2219,4.51,3810.0,86.0
42320,151.5,6.60,29.98,0.1979,5.05,3810.0,86.0
42327,142.9,7.00,29.98,0.2098,4.77,3810.0,86.0
42334,147.1,6.80,29.97,0.2038,4.91,3810.0,86.0
42341,140.8,7.10,29.97,0.2128,4.70,3810.0,86.0
42348,144.9,6.90,29.97,0.2068,4.84,3810.0,86.0
42355,140.8,7.10,29.96,0.2127,4.70,3810.0,86.0
42362,147.1,6.80,29.96,0.2037,4.91,3810.0,86.0
42369,142.9,7.00,29.95,0.2097,4.77,3810.0,86.0
42376,149.3,6.70,29.95,0.2007,4.98,3810.0,86.0
42383,144.9,6.90,29.95,0.2066,4.84,3810.0,86.0
42390,137.0,7.30,29.94,0.2186,4.58,3810.0,86.0
42397,147.1,6.80,29.94,0.2036,4.91,3810.0,86.0
42404,142.9,7.00,29.94,0.2095,4.77,3810.0,86.0
42411,147.1,6.80,29.93,0.2035,4.91,3810.0,86.0
42418,138.9,7.20,29.93,0.2155,4.64,3810.0,86.0
42425,147.1,6.80,29.92,0.2035,4.92,3810.0,86.0
42432,142.9,7.00,29.92,0.2094,4.78,3810.0,86.0
42438,153.8,6.50,29.92,0.1945,5.14,3810.0,86.0
42445,137.0,7.30,29.91,0.2184,4.58,3810.0,86.0
42452,144.9,6.90,29.91,0.2064,4.84,3810.0,86.0
42459,144.9,6.90,29.91,0.2064,4.85,3810.0,86.0
42466,140.8,7.10,29.90,0.2123,4.71,3810.0,86.0
42473,144.9,6.90,29.90,0.2063,4.85,3810.0,86.0
42480,142.9,7.00,29.90,0.2093,4.78,3810.0,86.0
42487,147.1,6.80,29.89,0.2033,4.92,3810.0,86.0
42494,140.8,7.10,29.89,0.2122,4.71,3810.0,86.0
42501,151.5,6.60,29.88,0.1972,5.07,3810.0,86.0
42508,144.9,6.90,29.88,0.2062,4.85,3810.0,86.0
42515,144.9,6.90,29.88,0.2061,4.85,3810.0,86.0
42522,138.9,7.20,29.87,0.2151,4.65,3810.0,86.0
42528,151.5,6.60,29.87,0.1971,5.07,3810.0,86.0
42536,140.8,7.10,29.87,0.2120,4.71,3810.0,86.0
42543,137.0,7.30,29.86,0.2180,4.59,3810.0,86.0
42549,153.8,6.50,29.86,0.1941,5.15,3810.0,86.0
42556,144.9,6.90,29.85,0.2060,4.85,3810.0,86.0
42563,138.9,7.20,29.85,0.2149,4.65,3810.0,86.0
42570,147.1,6.80,29.85,0.2030,4.93,3810.0,86.0
42578,137.0,7.30,29.84,0.2179,4.59,3810.0,86.0
42584,149.3,6.70,29.84,0.1999,5.00,3810.0,86.0
42592,137.0,7.30,29.84,0.2178,4.59,3810.0,86.0
42598,147.1,6.80,29.83,0.2029,4.93,3810.0,86.0
42605,144.9,6.90,29.83,0.2058,4.86,3810.0,86.0
42612,140.8,7.10,29.83,0.2118,4.72,3810.0,86.0
42619,156.3,6.40,29.82,0.1909,5.24,3810.0,86.0
42626,131.6,7.60,29.82,0.2266,4.41,3810.0,86.0
42633,156.3,6.40,29.81,0.1908,5.24,3810.0,86.0
42640,137.0,7.30,29.81,0.2176,4.60,3810.0,86.0
42647,149.3,6.70,29.81,0.1997,5.01,3810.0,86.0
42654,138.9,7.20,29.80,0.2146,4.66,3810.0,86.0
42661,147.1,6.80,29.80,0.2026,4.94,3810.0,86.0
42668,142.9,7.00,29.80,0.2086,4.80,3810.0,86.0
42675,142.9,7.00,29.79,0.2085,4.80,3810.0,86.0
42682,144.9,6.90,29.79,0.2055,4.86,3810.0,86.0
42689,144.9,6.90,29.78,0.2055,4.86,3810.0,86.0
42695,144.9,6.90,29.78,0.2055,4.87,3810.0,86.0
42703,140.8,7.10,29.78,0.2114,4.73,3810.0,86.0
42709,147.1,6.80,29.77,0.2025,4.94,3810.0,86.0
42716,140.8,7.10,29.77,0.2114,4.73,3810.0,86.0
42723,144.9,6.90,29.77,0.2054,4.87,3810.0,86.0
42730,147.1,6.80,29.76,0.2024,4.94,3810.0,86.0
42737,142.9,7.00,29.76,0.2083,4.80,3810.0,86.0
42744,144.9,6.90,29.76,0.2053,4.87,3810.0,86.0
42751,142.9,7.00,29.75,0.2083,4.80,3810.0,86.0
42758,140.8,7.10,29.75,0.2112,4.73,3810.0,86.0
42765,149.3,6.70,29.74,0.1993,5.02,3810.0,86.0
42772,138.9,7.20,29.74,0.2141,4.67,3810.0,86.0
42778,156.2,6.40,29.74,0.1903,5.25,3810.0,86.0
42786,138.9,7.20,29.73,0.2141,4.67,3810.0,86.0
42792,147.1,6.80,29.73,0.2022,4.95,3810.0,86.0
42799,142.9,7.00,29.73,0.2081,4.81,3810.0,86.0
42806,142.9,7.00,29.72,0.2081,4.81,3810.0,86.0
42813,147.1,6.80,29.72,0.2021,4.95,3810.0,86.0
42820,147.1,6.80,29.71,0.2021,4.95,3810.0,86.0
42827,142.9,7.00,29.71,0.2080,4.81,3810.0,86.0
42834,138.9,7.20,29.71,0.2139,4.68,3810.0,86.0
42841,147.1,6.80,29.70,0.2020,4.95,3810.0,86.0
42848,149.3,6.70,29.70,0.1990,5.03,3810.0,86.0
42855,137.0,7.30,29.70,0.2168,4.61,3810.0,86.0
42862,151.5,6.60,29.69,0.1960,5.10,3810.0,86.0
42869,138.9,7.20,29.69,0.2138,4.68,3810.0,86.0
42876,144.9,6.90,29.69,0.2048,4.88,3810.0,86.0
42883,142.9,7.00,29.68,0.2078,4.81,3810.0,86.0
42890,144.9,6.90,29.68,0.2048,4.88,3810.0,86.0
42897,142.9,7.00,29.67,0.2077,4.82,3810.0,86.0
42904,144.9,6.90,29.67,0.2047,4.88,3810.0,86.0
42910,144.9,6.90,29.67,0.2047,4.88,3810.0,86.0
42917,144.9,6.90,29.66,0.2047,4.88,3810.0,86.0
42924,140.8,7.10,29.66,0.2106,4.75,3810.0,86.0
42932,138.9,7.20,29.66,0.2135,4.68,3810.0,86.0
42939,144.9,6.90,29.65,0.2046,4.89,3810.0,86.0
42945,149.3,6.70,29.65,0.1986,5.04,3810.0,86.0
42952,138.9,7.20,29.64,0.2134,4.69,3810.0,86.0
42959,149.3,6.70,29.64,0.1986,5.04,3810.0,86.0
42966,147.1,6.80,29.64,0.2015,4.96,3810.0,86.0
42973,142.9,7.00,29.63,0.2074,4.82,3810.0,86.0
42980,144.9,6.90,29.63,0.2044,4.89,3810.0,86.0
42987,142.9,7.00,29.63,0.2074,4.82,3810.0,86.0
42994,144.9,6.90,29.62,0.2044,4.89,3810.0,86.0
43001,142.9,7.00,29.62,0.2073,4.82,3810.0,86.0
43008,144.9,6.90,29.62,0.2043,4.89,3810.0,86.0
43015,140.8,7.10,29.61,0.2102,4.75,3810.0,86.0
43022,144.9,6.90,29.61,0.2043,4.89,3810.0,86.0
43029,144.9,6.90,29.60,0.2043,4.89,3810.0,86.0
43036,138.9,7.20,29.60,0.2131,4.69,3810.0,86.0
43043,140.8,7.10,29.60,0.2101,4.76,3810.0,86.0
43049,151.5,6.60,29.59,0.1953,5.12,3810.0,86.0
43056,144.9,6.90,29.59,0.2042,4.90,3810.0,86.0
43064,138.9,7.20,29.59,0.2130,4.69,3810.0,86.0
43070,147.1,6.80,29.58,0.2012,4.97,3810.0,86.0
43077,142.9,7.00,29.58,0.2071,4.83,3810.0,86.0
43085,137.0,7.30,29.57,0.2159,4.63,3810.0,86.0
43091,149.3,6.70,29.57,0.1981,5.05,3810.0,86.0
43098,140.8,7.10,29.57,0.2099,4.76,3810.0,86.0
43105,149.3,6.70,29.56,0.1981,5.05,3810.0,86.0
43112,147.1,6.80,29.56,0.2010,4.98,3810.0,86.0
43119,147.1,6.80,29.56,0.2010,4.98,3810.0,86.0
43126,140.8,7.10,29.55,0.2098,4.76,3810.0,86.0
43133,142.9,7.00,29.55,0.2068,4.84,3810.0,86.0
43140,135.1,7.40,29.55,0.2186,4.57,3810.0,86.0
43147,151.5,6.60,29.54,0.1950,5.13,3810.0,86.0
43153,153.8,6.50,29.54,0.1920,5.21,3810.0,86.0
43161,138.9,7.20,29.53,0.2126,4.70,3810.0,86.0
43167,144.9,6.90,29.53,0.2038,4.91,3810.0,86.0
43174,144.9,6.90,29.53,0.2037,4.91,3810.0,86.0
43181,142.9,7.00,29.52,0.2067,4.84,3810.0,86.0
43188,144.9,6.90,29.52,0.2037,4.91,3810.0,86.0
43195,144.9,6.90,29.52,0.2037,4.91,3810.0,86.0
43202,137.0,7.30,29.51,0.2154,4.64,3810.0,86.0
43209,149.3,6.70,29.51,0.1977,5.06,3810.0,86.0
43216,144.9,6.90,29.50,0.2036,4.91,3810.0,86.0
43223,137.0,7.30,29.50,0.2154,4.64,3810.0,86.0
43230,140.8,7.10,29.50,0.2094,4.77,3810.0,86.0
43237,158.7,6.30,29.49,0.1858,5.38,3810.0,86.0
43244,135.1,7.40,29.49,0.2182,4.58,3810.0,86.0
43251,142.9,7.00,29.49,0.2064,4.85,3810.0,86.0
43258,156.2,6.40,29.48,0.1887,5.30,3810.0,86.0
43265,133.3,7.50,29.48,0.2211,4.52,3810.0,86.0
43272,144.9,6.90,29.48,0.2034,4.92,3810.0,86.0
43279,142.9,7.00,29.47,0.2063,4.85,3810.0,86.0
43286,144.9,6.90,29.47,0.2033,4.92,3810.0,86.0
43293,144.9,6.90,29.47,0.2033,4.92,3810.0,86.0
43300,140.8,7.10,29.46,0.2092,4.78,3810.0,86.0
43307,142.9,7.00,29.46,0.2062,4.85,3810.0,86.0
43314,147.1,6.80,29.46,0.2003,4.99,3810.0,86.0
43321,144.9,6.90,29.46,0.2032,4.92,3810.0,86.0
43328,140.8,7.10,29.45,0.2091,4.78,3810.0,86.0
43335,144.9,6.90,29.45,0.2032,4.92,3810.0,86.0
43342,142.9,7.00,29.45,0.2061,4.85,3810.0,86.0
43348,151.5,6.60,29.44,0.1943,5.15,3810.0,86.0
43355,142.9,7.00,29.44,0.2061,4.85,3810.0,86.0
43362,144.9,6.90,29.44,0.2031,4.92,3810.0,86.0
43369,142.9,7.00,29.44,0.2061,4.85,3810.0,86.0
43376,138.9,7.20,29.43,0.2119,4.72,3810.0,86.0
43383,147.1,6.80,29.43,0.2001,5.00,3810.0,86.0
43390,147.1,6.80,29.43,0.2001,5.00,3810.0,86.0
43397,142.9,7.00,29.43,0.2060,4.86,3810.0,86.0
43404,144.9,6.90,29.42,0.2030,4.92,3810.0,86.0
43411,144.9,6.90,29.42,0.2030,4.93,3810.0,86.0
43418,142.9,7.00,29.42,0.2059,4.86,3810.0,86.0
43425,140.8,7.10,29.42,0.2089,4.79,3810.0,86.0
43432,147.1,6.80,29.41,0.2000,5.00,3810.0,86.0
43439,140.8,7.10,29.41,0.2088,4.79,3810.0,86.0
43446,147.1,6.80,29.41,0.2000,5.00,3810.0,86.0
43452,147.1,6.80,29.41,0.2000,5.00,3810.0,86.0
43459,140.8,7.10,29.40,0.2088,4.79,3810.0,86.0
43466,144.9,6.90,29.40,0.2029,4.93,3810.0,86.0
43473,144.9,6.90,29.40,0.2028,4.93,3810.0,86.0
43480,138.9,7.20,29.39,0.2116,4.73,3810.0,86.0
43487,156.2,6.40,29.39,0.1881,5.31,3810.0,86.0
43494,137.0,7.30,29.39,0.2145,4.66,3810.0,86.0
43501,149.3,6.70,29.39,0.1969,5.08,3810.0,86.0
43508,144.9,6.90,29.38,0.2028,4.93,3810.0,86.0
43515,144.9,6.90,29.38,0.2027,4.93,3810.0,86.0
43522,142.9,7.00,29.38,0.2057,4.86,3810.0,86.0
43529,144.9,6.90,29.38,0.2027,4.93,3810.0,86.0
43536,142.9,7.00,29.37,0.2056,4.86,3810.0,86.0
43542,147.1,6.80,29.37,0.1997,5.01,3810.0,86.0
43550,133.3,7.50,29.37,0.2203,4.54,3810.0,86.0
43556,153.8,6.50,29.37,0.1909,5.24,3810.0,86.0
43564,135.1,7.40,29.36,0.2173,4.60,3810.0,86.0
43570,156.2,6.40,29.36,0.1879,5.32,3810.0,86.0
43579,111.1,9.00,29.36,0.2642,3.78,3810.0,86.0
43584,196.1,5.10,29.36,0.1497,6.68,3810.0,86.0
43591,140.8,7.10,29.35,0.2084,4.80,3810.0,86.0
43598,153.8,6.50,29.35,0.1908,5.24,3810.0,86.0
43605,137.0,7.30,29.35,0.2142,4.67,3810.0,86.0
43612,140.8,7.10,29.34,0.2083,4.80,3810.0,86.0
43619,142.9,7.00,29.34,0.2054,4.87,3810.0,86.0
43626,156.2,6.40,29.34,0.1878,5.32,3810.0,86.0
43633,142.9,7.00,29.34,0.2054,4.87,3810.0,86.0
43640,144.9,6.90,29.33,0.2024,4.94,3810.0,86.0
43647,142.9,7.00,29.33,0.2053,4.87,3810.0,86.0
43653,144.9,6.90,29.33,0.2024,4.94,3810.0,86.0
43660,142.9,7.00,29.33,0.2053,4.87,3810.0,86.0
43668,140.8,7.10,29.32,0.2082,4.80,3810.0,86.0
43674,147.1,6.80,29.32,0.1994,5.02,3810.0,86.0
43681,142.9,7.00,29.32,0.2052,4.87,3810.0,86.0
43689,135.1,7.40,29.32,0.2169,4.61,3810.0,86.0
43695,149.3,6.70,29.31,0.1964,5.09,3810.0,86.0
43702,142.9,7.00,29.31,0.2052,4.88,3810.0,86.0
43709,144.9,6.90,29.31,0.2022,4.94,3810.0,86.0
43716,140.8,7.10,29.31,0.2081,4.80,3810.0,86.0
43723,147.1,6.80,29.30,0.1993,5.02,3810.0,86.0
43730,140.8,7.10,29.30,0.2080,4.81,3810.0,86.0
43737,142.9,7.00,29.30,0.2051,4.88,3810.0,86.0
43744,158.7,6.30,29.29,0.1846,5.42,3810.0,86.0
43751,131.6,7.60,29.29,0.2226,4.49,3810.0,86.0
43758,153.8,6.50,29.29,0.1904,5.25,3810.0,86.0
43765,142.9,7.00,29.29,0.2050,4.88,3810.0,86.0
43772,138.9,7.20,29.28,0.2108,4.74,3810.0,86.0
43779,149.3,6.70,29.28,0.1962,5.10,3810.0,86.0
43786,135.1,7.40,29.28,0.2167,4.61,3810.0,86.0
43793,149.3,6.70,29.28,0.1961,5.10,3810.0,86.0
43800,144.9,6.90,29.27,0.2020,4.95,3810.0,86.0
43807,138.9,7.20,29.27,0.2107,4.75,3810.0,86.0
43813,151.5,6.60,29.27,0.1932,5.18,3810.0,86.0
43821,138.9,7.20,29.27,0.2107,4.75,3810.0,86.0
43827,149.3,6.70,29.26,0.1961,5.10,3810.0,86.0
43834,140.8,7.10,29.26,0.2077,4.81,3810.0,86.0
43841,144.9,6.90,29.26,0.2019,4.95,3810.0,86.0
43848,142.9,7.00,29.25,0.2048,4.88,3810.0,86.0
43855,147.1,6.80,29.25,0.1989,5.03,3810.0,86.0
43862,144.9,6.90,29.25,0.2018,4.95,3810.0,86.0
43869,140.8,7.10,29.25,0.2077,4.81,3810.0,86.0
43876,144.9,6.90,29.24,0.2018,4.95,3810.0,86.0
43883,142.9,7.00,29.24,0.2047,4.89,3810.0,86.0
43890,147.1,6.80,29.24,0.1988,5.03,3810.0,86.0
43897,137.0,7.30,29.24,0.2134,4.69,3810.0,86.0
43904,147.1,6.80,29.23,0.1988,5.03,3810.0,86.0
43911,142.9,7.00,29.23,0.2046,4.89,3810.0,86.0
43917,153.8,6.50,29.23,0.1900,5.26,3810.0,86.0
43924,142.9,7.00,29.23,0.2046,4.89,3810.0,86.0
43931,144.9,6.90,29.22,0.2016,4.96,3810.0,86.0
43938,144.9,6.90,29.22,0.2016,4.96,3810.0,86.0
43945,142.9,7.00,29.22,0.2045,4.89,3810.0,86.0
43952,142.9,7.00,29.22,0.2045,4.89,3810.0,86.0
43959,142.9,7.00,29.21,0.2045,4.89,3810.0,86.0
43966,147.1,6.80,29.21,0.1986,5.04,3810.0,86.0
43973,144.9,6.90,29.21,0.2015,4.96,3810.0,86.0
43980,138.9,7.20,29.20,0.2103,4.76,3810.0,86.0
43987,149.3,6.70,29.20,0.1957,5.11,3810.0,86.0
43994,142.9,7.00,29.20,0.2044,4.89,3810.0,86.0
44001,144.9,6.90,29.20,0.2015,4.96,3810.0,86.0
44008,144.9,6.90,29.19,0.2014,4.96,3810.0,86.0
44015,140.8,7.10,29.19,0.2073,4.82,3810.0,86.0
44022,144.9,6.90,29.19,0.2014,4.96,3810.0,86.0
44029,142.9,7.00,29.19,0.2043,4.90,3810.0,86.0
44036,138.9,7.20,29.18,0.2101,4.76,3810.0,86.0
44043,144.9,6.90,29.18,0.2013,4.97,3810.0,86.0
44050,147.1,6.80,29.18,0.1984,5.04,3810.0,86.0
44057,140.8,7.10,29.18,0.2071,4.83,3810.0,86.0
44064,140.8,7.10,29.17,0.2071,4.83,3810.0,86.0
44071,147.1,6.80,29.17,0.1984,5.04,3810.0,86.0
44078,140.8,7.10,29.17,0.2071,4.83,3810.0,86.0
44084,147.1,6.80,29.17,0.1983,5.04,3810.0,86.0
44091,142.9,7.00,29.16,0.2041,4.90,3810.0,86.0
44098,151.5,6.60,29.16,0.1925,5.20,3810.0,86.0
44105,137.0,7.30,29.16,0.2128,4.70,3810.0,86.0
44112,149.3,6.70,29.15,0.1953,5.12,3810.0,86.0
44119,147.1,6.80,29.15,0.1982,5.05,3810.0,86.0
44126,149.3,6.70,29.15,0.1953,5.12,3810.0,86.0
44133,140.8,7.10,29.15,0.2069,4.83,3810.0,86.0
44140,142.9,7.00,29.14,0.2040,4.90,3810.0,86.0
44146,147.1,6.80,29.14,0.1982,5.05,3810.0,86.0
44154,140.8,7.10,29.14,0.2069,4.83,3810.0,86.0
44161,142.9,7.00,29.14,0.2040,4.90,3810.0,86.0
44167,149.3,6.70,29.13,0.1952,5.12,3810.0,86.0
44174,140.8,7.10,29.13,0.2068,4.83,3810.0,86.0
44181,142.9,7.00,29.13,0.2039,4.91,3810.0,86.0
44189,138.9,7.20,29.13,0.2097,4.77,3810.0,86.0
44195,149.3,6.70,29.12,0.1951,5.13,3810.0,86.0
44202,140.8,7.10,29.12,0.2068,4.84,3810.0,86.0
44209,142.9,7.00,29.12,0.2038,4.91,3810.0,86.0
44216,149.3,6.70,29.12,0.1951,5.13,3810.0,86.0
44223,147.1,6.80,29.11,0.1980,5.05,3810.0,86.0
44230,142.9,7.00,29.11,0.2038,4.91,3810.0,86.0
44237,144.9,6.90,29.11,0.2008,4.98,3810.0,86.0
44244,142.9,7.00,29.10,0.2037,4.91,3810.0,86.0
44251,142.9,7.00,29.10,0.2037,4.91,3810.0,86.0
44258,142.9,7.00,29.10,0.2037,4.91,3810.0,86.0
44265,142.9,7.00,29.10,0.2037,4.91,3810.0,86.0
44272,142.9,7.00,29.09,0.2037,4.91,3810.0,86.0
44279,144.9,6.90,29.09,0.2007,4.98,3810.0,86.0
44286,144.9,6.90,29.09,0.2007,4.98,3810.0,86.0
44293,142.9,7.00,29.09,0.2036,4.91,3810.0,86.0
44299,144.9,6.90,29.09,0.2007,4.98,3810.0,86.0
44306,142.9,7.00,29.08,0.2036,4.91,3810.0,86.0
44314,138.9,7.20,29.08,0.2094,4.78,3810.0,86.0
44321,142.9,7.00,29.08,0.2036,4.91,3810.0,86.0
44328,144.9,6.90,29.08,0.2006,4.98,3810.0,86.0
44334,144.9,6.90,29.08,0.2006,4.98,3810.0,86.0
44341,147.1,6.80,29.07,0.1977,5.06,3810.0,86.0
44348,149.3,6.70,29.07,0.1948,5.14,3810.0,86.0
44355,138.9,7.20,29.07,0.2093,4.78,3810.0,86.0
44362,140.8,7.10,29.07,0.2064,4.84,3810.0,86.0
44369,147.1,6.80,29.07,0.1977,5.06,3810.0,86.0
44376,144.9,6.90,29.07,0.2006,4.99,3810.0,86.0
44383,138.9,7.20,29.06,0.2093,4.78,3810.0,86.0
44390,153.8,6.50,29.06,0.1889,5.29,3810.0,86.0
44397,135.1,7.40,29.06,0.2150,4.65,3810.0,86.0
44404,149.3,6.70,29.06,0.1947,5.14,3810.0,86.0
44411,144.9,6.90,29.06,0.2005,4.99,3810.0,86.0
44418,138.9,7.20,29.05,0.2092,4.78,3810.0,86.0
44425,144.9,6.90,29.05,0.2005,4.99,3810.0,86.0
44432,147.1,6.80,29.05,0.1975,5.06,3810.0,86.0
44438,147.1,6.80,29.05,0.1975,5.06,3810.0,86.0
44445,140.8,7.10,29.05,0.2062,4.85,3810.0,86.0
44453,140.8,7.10,29.05,0.2062,4.85,3810.0,86.0
44459,147.1,6.80,29.04,0.1975,5.06,3810.0,86.0
44466,144.9,6.90,29.04,0.2004,4.99,3810.0,86.0
44473,144.9,6.90,29.04,0.2004,4.99,3810.0,86.0
44480,138.9,7.20,29.04,0.2091,4.78,3810.0,86.0
44487,144.9,6.90,29.04,0.2004,4.99,3810.0,86.0
44494,147.1,6.80,29.03,0.1974,5.07,3810.0,86.0
44501,138.9,7.20,29.03,0.2090,4.78,3810.0,86.0
44508,158.7,6.30,29.03,0.1829,5.47,3810.0,86.0
44515,142.9,7.00,29.03,0.2032,4.92,3810.0,86.0
44522,138.9,7.20,29.03,0.2090,4.79,3810.0,86.0
44529,147.1,6.80,29.03,0.1974,5.07,3810.0,86.0
44535,144.9,6.90,29.02,0.2003,4.99,3810.0,86.0
44543,140.8,7.10,29.02,0.2061,4.85,3810.0,86.0
44549,144.9,6.90,29.02,0.2002,4.99,3810.0,86.0
44556,142.9,7.00,29.02,0.2031,4.92,3810.0,86.0
44563,147.1,6.80,29.02,0.1973,5.07,3810.0,86.0
44570,147.1,6.80,29.02,0.1973,5.07,3810.0,86.0
44577,135.1,7.40,29.01,0.2147,4.66,3810.0,86.0
44584,144.9,6.90,29.01,0.2002,4.99,3810.0,86.0
44591,142.9,7.00,29.01,0.2031,4.93,3810.0,86.0
44598,147.1,6.80,29.01,0.1973,5.07,3810.0,86.0
44605,144.9,6.90,29.01,0.2001,5.00,3810.0,86.0
44612,151.5,6.60,29.00,0.1914,5.22,3810.0,86.0
44619,133.3,7.50,29.00,0.2175,4.60,3810.0,86.0
44626,142.9,7.00,29.00,0.2030,4.93,3810.0,86.0
44633,147.1,6.80,29.00,0.1972,5.07,3810.0,86.0
44640,142.9,7.00,29.00,0.2030,4.93,3810.0,86.0
44647,149.3,6.70,29.00,0.1943,5.15,3810.0,86.0
44653,149.3,6.70,28.99,0.1943,5.15,3810.0,86.0
44661,140.8,7.10,28.99,0.2058,4.86,3810.0,86.0
44667,147.1,6.80,28.99,0.1971,5.07,3810.0,86.0
44674,142.9,7.00,28.99,0.2029,4.93,3810.0,86.0
44681,142.9,7.00,28.99,0.2029,4.93,3810.0,86.0
44688,142.9,7.00,28.98,0.2029,4.93,3810.0,86.0
44695,144.9,6.90,28.98,0.2000,5.00,3810.0,86.0
44703,137.0,7.30,28.98,0.2116,4.73,3810.0,86.0
44709,147.1,6.80,28.98,0.1971,5.08,3810.0,86.0
44716,144.9,6.90,28.98,0.1999,5.00,3810.0,86.0
44723,140.8,7.10,28.98,0.2057,4.86,3810.0,86.0
44730,140.8,7.10,28.97,0.2057,4.86,3810.0,86.0
44737,151.5,6.60,28.97,0.1912,5.23,3810.0,86.0
44744,144.9,6.90,28.97,0.1999,5.00,3810.0,86.0
44751,138.9,7.20,28.97,0.2086,4.79,3810.0,86.0
44758,140.8,7.10,28.97,0.2057,4.86,3810.0,86.0
44765,158.7,6.30,28.96,0.1825,5.48,3810.0,86.0
44772,142.9,7.00,28.96,0.2027,4.93,3810.0,86.0
44779,140.8,7.10,28.96,0.2056,4.86,3810.0,86.0
44786,147.1,6.80,28.96,0.1969,5.08,3810.0,86.0
44792,144.9,6.90,28.96,0.1998,5.00,3810.0,86.0
44800,140.8,7.10,28.96,0.2056,4.86,3810.0,86.0
44806,149.3,6.70,28.95,0.1940,5.16,3810.0,86.0
44813,138.9,7.20,28.95,0.2085,4.80,3810.0,86.0
44820,149.3,6.70,28.95,0.1940,5.16,3810.0,86.0
44827,144.9,6.90,28.95,0.1997,5.01,3810.0,86.0
44834,147.1,6.80,28.95,0.1968,5.08,3810.0,86.0
44841,142.9,7.00,28.94,0.2026,4.94,3810.0,86.0
44848,147.1,6.80,28.94,0.1968,5.08,3810.0,86.0
44855,142.9,7.00,28.94,0.2026,4.94,3810.0,86.0
44862,144.9,6.90,28.94,0.1997,5.01,3810.0,86.0
44869,142.9,7.00,28.94,0.2026,4.94,3810.0,86.0
44876,140.8,7.10,28.94,0.2054,4.87,3810.0,86.0
44883,142.9,7.00,28.93,0.2025,4.94,3810.0,86.0
44890,135.1,7.40,28.93,0.2141,4.67,3810.0,86.0
44897,144.9,6.90,28.93,0.1996,5.01,3810.0,86.0
44904,142.9,7.00,28.93,0.2025,4.94,3810.0,86.0
44911,151.5,6.60,28.93,0.1909,5.24,3810.0,86.0
44918,142.9,7.00,28.92,0.2025,4.94,3810.0,86.0
44925,138.9,7.20,28.92,0.2082,4.80,3810.0,86.0
44932,144.9,6.90,28.92,0.1996,5.01,3810.0,86.0
44938,149.3,6.70,28.92,0.1938,5.16,3810.0,86.0
44945,140.8,7.10,28.92,0.2053,4.87,3810.0,86.0
44953,140.8,7.10,28.92,0.2053,4.87,3810.0,86.0
44959,149.3,6.70,28.91,0.1937,5.16,3810.0,86.0
44966,140.8,7.10,28.91,0.2053,4.87,3810.0,86.0
44973,149.3,6.70,28.91,0.1937,5.16,3810.0,86.0
44980,144.9,6.90,28.91,0.1995,5.01,3810.0,86.0
44987,142.9,7.00,28.91,0.2023,4.94,3810.0,86.0
44994,140.8,7.10,28.90,0.2052,4.87,3810.0,86.0
45001,142.9,7.00,28.90,0.2023,4.94,3810.0,86.0
45008,153.8,6.50,28.90,0.1879,5.32,3810.0,86.0
45015,140.8,7.10,28.90,0.2052,4.87,3810.0,86.0
45022,137.0,7.30,28.90,0.2110,4.74,3810.0,86.0
45028,158.7,6.30,28.90,0.1820,5.49,3810.0,86.0
45036,133.3,7.50,28.89,0.2167,4.61,3810.0,86.0
45042,151.5,6.60,28.89,0.1907,5.24,3810.0,86.0
45049,140.8,7.10,28.89,0.2051,4.87,3810.0,86.0
45056,147.1,6.80,28.89,0.1964,5.09,3810.0,86.0
45063,140.8,7.10,28.89,0.2051,4.87,3810.0,86.0
45070,147.1,6.80,28.89,0.1964,5.09,3810.0,86.0
45077,142.9,7.00,28.88,0.2022,4.95,3810.0,86.0
45084,137.0,7.30,28.88,0.2108,4.74,3810.0,86.0
45091,151.5,6.60,28.88,0.1906,5.25,3810.0,86.0
45098,147.1,6.80,28.88,0.1964,5.09,3810.0,86.0
45105,142.9,7.00,28.88,0.2021,4.95,3810.0,86.0
45112,149.3,6.70,28.87,0.1935,5.17,3810.0,86.0
45119,140.8,7.10,28.87,0.2050,4.88,3810.0,86.0
45126,133.3,7.50,28.87,0.2165,4.62,3810.0,86.0
45133,153.8,6.50,28.87,0.1876,5.33,3810.0,86.0
45140,142.9,7.00,28.87,0.2021,4.95,3810.0,86.0
45147,135.1,7.40,28.87,0.2136,4.68,3810.0,86.0
45153,158.7,6.30,28.86,0.1818,5.50,3810.0,86.0
45160,140.8,7.10,28.86,0.2049,4.88,3810.0,86.0
45167,142.9,7.00,28.86,0.2020,4.95,3810.0,86.0
45174,144.9,6.90,28.86,0.1991,5.02,3810.0,86.0
45181,147.1,6.80,28.86,0.1962,5.10,3810.0,86.0
45188,144.9,6.90,28.85,0.1991,5.02,3810.0,86.0
45195,142.9,7.00,28.85,0.2020,4.95,3810.0,86.0
45202,140.8,7.10,28.85,0.2048,4.88,3810.0,86.0
45210,135.1,7.40,28.85,0.2135,4.68,3810.0,86.0
45216,147.1,6.80,28.85,0.1962,5.10,3810.0,86.0
45223,144.9,6.90,28.85,0.1990,5.02,3810.0,86.0
45230,144.9,6.90,28.84,0.1990,5.02,3810.0,86.0
45237,144.9,6.90,28.84,0.1990,5.02,3810.0,86.0
45244,142.9,7.00,28.84,0.2019,4.95,3810.0,86.0
45251,138.9,7.20,28.84,0.2076,4.82,3810.0,86.0
45258,147.1,6.80,28.84,0.1961,5.10,3810.0,86.0
45265,142.9,7.00,28.83,0.2018,4.96,3810.0,86.0
45272,147.1,6.80,28.83,0.1961,5.10,3810.0,86.0
45279,140.8,7.10,28.83,0.2047,4.88,3810.0,86.0
45285,158.7,6.30,28.83,0.1816,5.50,3810.0,86.0
45292,138.9,7.20,28.83,0.2076,4.82,3810.0,86.0
45300,137.0,7.30,28.82,0.2104,4.75,3810.0,86.0
45307,147.1,6.80,28.82,0.1960,5.10,3810.0,86.0
45313,151.5,6.60,28.82,0.1902,5.26,3810.0,86.0
45320,142.9,7.00,28.82,0.2017,4.96,3810.0,86.0
45327,137.0,7.30,28.82,0.2104,4.75,3810.0,86.0
45334,142.9,7.00,28.81,0.2017,4.96,3810.0,86.0
45341,144.9,6.90,28.81,0.1988,5.03,3810.0,86.0
45348,149.3,6.70,28.81,0.1930,5.18,3810.0,86.0
45355,140.8,7.10,28.81,0.2045,4.89,3810.0,86.0
45362,142.9,7.00,28.80,0.2016,4.96,3810.0,86.0
45369,142.9,7.00,28.80,0.2016,4.96,3810.0,86.0
45376,153.8,6.50,28.80,0.1872,5.34,3810.0,86.0
45382,147.1,6.80,28.80,0.1958,5.11,3810.0,86.0
45390,140.8,7.10,28.79,0.2044,4.89,3810.0,86.0
45397,142.9,7.00,28.79,0.2015,4.96,3810.0,86.0
45403,144.9,6.90,28.79,0.1987,5.03,3810.0,86.0
45410,147.1,6.80,28.79,0.1958,5.11,3810.0,86.0
45417,149.3,6.70,28.79,0.1929,5.19,3810.0,86.0
45424,138.9,7.20,28.78,0.2072,4.83,3810.0,86.0
45431,142.9,7.00,28.78,0.2015,4.97,3810.0,86.0
45439,133.3,7.50,28.78,0.2158,4.63,3810.0,86.0
45445,149.3,6.70,28.78,0.1928,5.19,3810.0,86.0
45453,138.9,7.20,28.77,0.2072,4.83,3810.0,86.0
45459,147.1,6.80,28.77,0.1956,5.11,3810.0,86.0
45466,151.5,6.60,28.77,0.1899,5.27,3810.0,86.0
45473,147.1,6.80,28.77,0.1956,5.11,3810.0,86.0
45480,144.9,6.90,28.76,0.1985,5.04,3810.0,86.0
45486,147.1,6.80,28.76,0.1956,5.11,3810.0,86.0
45494,140.8,7.10,28.76,0.2042,4.90,3810.0,86.0
45501,138.9,7.20,28.76,0.2071,4.83,3810.0,86.0
45508,147.1,6.80,28.76,0.1955,5.12,3810.0,86.0
45515,140.8,7.10,28.75,0.2041,4.90,3810.0,86.0
45522,140.8,7.10,28.75,0.2041,4.90,3810.0,86.0
45529,144.9,6.90,28.75,0.1984,5.04,3810.0,86.0
45536,144.9,6.90,28.75,0.1983,5.04,3810.0,86.0
45543,135.1,7.40,28.74,0.2127,4.70,3810.0,86.0
45549,156.2,6.40,28.74,0.1839,5.43,3810.0,86.0
45557,135.1,7.40,28.74,0.2127,4.70,3810.0,86.0
45564,147.1,6.80,28.74,0.1954,5.12,3810.0,86.0
45571,140.8,7.10,28.73,0.2040,4.90,3810.0,86.0
45577,153.8,6.50,28.73,0.1868,5.35,3810.0,86.0
45584,144.9,6.90,28.73,0.1982,5.04,3810.0,86.0
45591,144.9,6.90,28.73,0.1982,5.04,3810.0,86.0
45598,144.9,6.90,28.73,0.1982,5.04,3810.0,86.0
45605,140.8,7.10,28.72,0.2039,4.90,3810.0,86.0
45612,140.8,7.10,28.72,0.2039,4.90,3810.0,86.0
45619,138.9,7.20,28.72,0.2068,4.84,3810.0,86.0
45626,144.9,6.90,28.72,0.1981,5.05,3810.0,86.0
45633,144.9,6.90,28.71,0.1981,5.05,3810.0,86.0
45640,144.9,6.90,28.71,0.1981,5.05,3810.0,86.0
45647,140.8,7.10,28.71,0.2038,4.90,3810.0,86.0
45654,144.9,6.90,28.71,0.1981,5.05,3810.0,86.0
45661,147.1,6.80,28.70,0.1952,5.12,3810.0,86.0
45668,147.1,6.80,28.70,0.1952,5.12,3810.0,86.0
45674,144.9,6.90,28.70,0.1980,5.05,3810.0,86.0
45681,142.9,7.00,28.70,0.2009,4.98,3810.0,86.0
45689,138.9,7.20,28.70,0.2066,4.84,3810.0,86.0
45696,144.9,6.90,28.69,0.1980,5.05,3810.0,86.0
45702,151.5,6.60,28.69,0.1894,5.28,3810.0,86.0
45709,142.9,7.00,28.69,0.2008,4.98,3810.0,86.0
45716,138.9,7.20,28.69,0.2065,4.84,3810.0,86.0
45723,147.1,6.80,28.68,0.1951,5.13,3810.0,86.0
45730,140.8,7.10,28.68,0.2036,4.91,3810.0,86.0
45737,144.9,6.90,28.68,0.1979,5.05,3810.0,86.0
45744,151.5,6.60,28.68,0.1893,5.28,3810.0,86.0
45751,147.1,6.80,28.68,0.1950,5.13,3810.0,86.0
45758,138.9,7.20,28.67,0.2064,4.84,3810.0,86.0
45765,147.1,6.80,28.67,0.1950,5.13,3810.0,86.0
45772,144.9,6.90,28.67,0.1978,5.05,3810.0,86.0
45778,149.3,6.70,28.67,0.1921,5.21,3810.0,86.0
45786,137.0,7.30,28.66,0.2092,4.78,3810.0,86.0
45793,137.0,7.30,28.66,0.2092,4.78,3810.0,86.0
45800,144.9,6.90,28.66,0.1977,5.06,3810.0,86.0
45807,144.9,6.90,28.66,0.1977,5.06,3810.0,86.0
45814,142.9,7.00,28.65,0.2006,4.99,3810.0,86.0
45821,142.9,7.00,28.65,0.2006,4.99,3810.0,86.0
45827,149.3,6.70,28.65,0.1920,5.21,3810.0,86.0
45834,140.8,7.10,28.65,0.2034,4.91,3810.0,86.0
45841,142.9,7.00,28.65,0.2005,4.99,3810.0,86.0
45848,147.1,6.80,28.64,0.1948,5.14,3810.0,86.0
45855,140.8,7.10,28.64,0.2034,4.92,3810.0,86.0
45862,149.3,6.70,28.64,0.1919,5.21,3810.0,86.0
45869,138.9,7.20,28.64,0.2062,4.85,3810.0,86.0
45876,144.9,6.90,28.63,0.1976,5.06,3810.0,86.0
45883,149.3,6.70,28.63,0.1918,5.21,3810.0,86.0
45890,140.8,7.10,28.63,0.2033,4.92,3810.0,86.0
45897,142.9,7.00,28.63,0.2004,4.99,3810.0,86.0
45904,142.9,7.00,28.62,0.2004,4.99,3810.0,86.0
45911,142.9,7.00,28.62,0.2004,4.99,3810.0,86.0
45918,147.1,6.80,28.62,0.1946,5.14,3810.0,86.0
45925,142.9,7.00,28.62,0.2003,4.99,3810.0,86.0
45932,144.9,6.90,28.62,0.1974,5.06,3810.0,86.0
45938,147.1,6.80,28.61,0.1946,5.14,3810.0,86.0
45945,144.9,6.90,28.61,0.1974,5.06,3810.0,86.0
45952,140.8,7.10,28.61,0.2031,4.92,3810.0,86.0
45959,142.9,7.00,28.61,0.2002,5.00,3810.0,86.0
45966,149.3,6.70,28.60,0.1916,5.22,3810.0,86.0
45973,140.8,7.10,28.60,0.2031,4.92,3810.0,86.0
45980,140.8,7.10,28.60,0.2031,4.92,3810.0,86.0
45987,144.9,6.90,28.60,0.1973,5.07,3810.0,86.0
45994,144.9,6.90,28.60,0.1973,5.07,3810.0,86.0
46001,142.9,7.00,28.59,0.2001,5.00,3810.0,86.0
46008,149.3,6.70,28.59,0.1916,5.22,3810.0,86.0
46015,138.9,7.20,28.59,0.2058,4.86,3810.0,86.0
46022,144.9,6.90,28.59,0.1972,5.07,3810.0,86.0
46029,142.9,7.00,28.58,0.2001,5.00,3810.0,86.0
46036,142.9,7.00,28.58,0.2001,5.00,3810.0,86.0
46043,147.1,6.80,28.58,0.1943,5.15,3810.0,86.0
46049,151.5,6.60,28.58,0.1886,5.30,3810.0,86.0
46056,142.9,7.00,28.57,0.2000,5.00,3810.0,86.0
46063,140.8,7.10,28.57,0.2029,4.93,3810.0,86.0
46070,147.1,6.80,28.57,0.1943,5.15,3810.0,86.0
46077,142.9,7.00,28.57,0.2000,5.00,3810.0,86.0
46084,140.8,7.10,28.57,0.2028,4.93,3810.0,86.0
46091,151.5,6.60,28.56,0.1885,5.30,3810.0,86.0
46098,144.9,6.90,28.56,0.1971,5.07,3810.0,86.0
46105,144.9,6.90,28.56,0.1971,5.07,3810.0,86.0
46112,140.8,7.10,28.56,0.2027,4.93,3810.0,86.0
46119,137.0,7.30,28.55,0.2084,4.80,3810.0,86.0
46126,151.5,6.60,28.55,0.1884,5.31,3810.0,86.0
46133,138.9,7.20,28.55,0.2056,4.87,3810.0,86.0
46139,153.8,6.50,28.55,0.1856,5.39,3810.0,86.0
46147,138.9,7.20,28.54,0.2055,4.87,3810.0,86.0
46153,149.3,6.70,28.54,0.1912,5.23,3810.0,86.0
46160,140.8,7.10,28.54,0.2026,4.93,3810.0,86.0
46168,135.1,7.40,28.54,0.2112,4.73,3810.0,86.0
46174,153.8,6.50,28.54,0.1855,5.39,3810.0,86.0
46181,142.9,7.00,28.53,0.1997,5.01,3810.0,86.0
46188,144.9,6.90,28.53,0.1969,5.08,3810.0,86.0
46195,147.1,6.80,28.53,0.1940,5.16,3810.0,86.0
46202,140.8,7.10,28.53,0.2025,4.94,3810.0,86.0
46209,147.1,6.80,28.52,0.1940,5.16,3810.0,86.0
46216,142.9,7.00,28.52,0.1997,5.01,3810.0,86.0
46223,140.8,7.10,28.52,0.2025,4.94,3810.0,86.0
46230,147.1,6.80,28.52,0.1939,5.16,3810.0,86.0
46237,142.9,7.00,28.51,0.1996,5.01,3810.0,86.0
46244,144.9,6.90,28.51,0.1967,5.08,3810.0,86.0
46251,142.9,7.00,28.51,0.1996,5.01,3810.0,86.0
46258,144.9,6.90,28.51,0.1967,5.08,3810.0,86.0
46265,144.9,6.90,28.51,0.1967,5.08,3810.0,86.0
46272,140.8,7.10,28.50,0.2024,4.94,3810.0,86.0
46279,144.9,6.90,28.50,0.1967,5.08,3810.0,86.0
46285,147.1,6.80,28.50,0.1938,5.16,3810.0,86.0
46292,140.8,7.10,28.50,0.2023,4.94,3810.0,86.0
46300,138.9,7.20,28.50,0.2052,4.87,3810.0,86.0
46307,140.8,7.10,28.49,0.2023,4.94,3810.0,86.0
46313,158.7,6.30,28.49,0.1795,5.57,3810.0,86.0
46320,137.0,7.30,28.49,0.2080,4.81,3810.0,86.0
46328,138.9,7.20,28.49,0.2051,4.88,3810.0,86.0
46334,151.5,6.60,28.49,0.1880,5.32,3810.0,86.0
46341,147.1,6.80,28.49,0.1937,5.16,3810.0,86.0
46348,142.9,7.00,28.48,0.1994,5.02,3810.0,86.0
46355,138.9,7.20,28.48,0.2051,4.88,3810.0,86.0
46362,142.9,7.00,28.48,0.1994,5.02,3810.0,86.0
46369,142.9,7.00,28.48,0.1994,5.02,3810.0,86.0
46376,149.3,6.70,28.48,0.1908,5.24,3810.0,86.0
46382,151.5,6.60,28.48,0.1879,5.32,3810.0,86.0
46389,144.9,6.90,28.48,0.1965,5.09,3810.0,86.0
46396,144.9,6.90,28.47,0.1965,5.09,3810.0,86.0
46403,138.9,7.20,28.47,0.2050,4.88,3810.0,86.0
46411,138.9,7.20,28.47,0.2050,4.88,3810.0,86.0
46418,142.9,7.00,28.47,0.1993,5.02,3810.0,86.0
46424,149.3,6.70,28.47,0.1907,5.24,3810.0,86.0
46432,137.0,7.30,28.47,0.2078,4.81,3810.0,86.0
46439,144.9,6.90,28.46,0.1964,5.09,3810.0,86.0
46445,147.1,6.80,28.46,0.1935,5.17,3810.0,86.0
46452,149.3,6.70,28.46,0.1907,5.25,3810.0,86.0
46459,147.1,6.80,28.46,0.1935,5.17,3810.0,86.0
46466,147.1,6.80,28.46,0.1935,5.17,3810.0,86.0
46473,142.9,7.00,28.46,0.1992,5.02,3810.0,86.0
46480,140.8,7.10,28.45,0.2020,4.95,3810.0,86.0
46487,142.9,7.00,28.45,0.1992,5.02,3810.0,86.0
46494,147.1,6.80,28.45,0.1935,5.17,3810.0,86.0
46501,137.0,7.30,28.45,0.2077,4.82,3810.0,86.0
46508,140.8,7.10,28.45,0.2020,4.95,3810.0,86.0
46515,147.1,6.80,28.45,0.1934,5.17,3810.0,86.0
46522,142.9,7.00,28.44,0.1991,5.02,3810.0,86.0
46529,147.1,6.80,28.44,0.1934,5.17,3810.0,86.0
46536,140.8,7.10,28.44,0.2019,4.95,3810.0,86.0
46543,144.9,6.90,28.44,0.1962,5.09,3810.0,86.0
46549,144.9,6.90,28.44,0.1962,5.10,3810.0,86.0
46556,144.9,6.90,28.44,0.1962,5.10,3810.0,86.0
46563,144.9,6.90,28.44,0.1962,5.10,3810.0,86.0
46570,144.9,6.90,28.43,0.1962,5.10,3810.0,86.0
46577,142.9,7.00,28.43,0.1990,5.03,3810.0,86.0
46584,147.1,6.80,28.43,0.1933,5.17,3810.0,86.0
46591,140.8,7.10,28.43,0.2018,4.95,3810.0,86.0
46598,142.9,7.00,28.43,0.1990,5.03,3810.0,86.0
46606,133.3,7.50,28.43,0.2132,4.69,3810.0,86.0
46612,147.1,6.80,28.42,0.1933,5.18,3810.0,86.0
46619,156.3,6.40,28.42,0.1819,5.50,3810.0,86.0
46626,135.1,7.40,28.42,0.2103,4.75,3810.0,86.0
46633,144.9,6.90,28.42,0.1961,5.10,3810.0,86.0
46640,144.9,6.90,28.42,0.1961,5.10,3810.0,86.0
46647,144.9,6.90,28.42,0.1961,5.10,3810.0,86.0
46654,142.9,7.00,28.41,0.1989,5.03,3810.0,86.0
46661,144.9,6.90,28.41,0.1960,5.10,3810.0,86.0
46668,142.9,7.00,28.41,0.1989,5.03,3810.0,86.0
46675,144.9,6.90,28.41,0.1960,5.10,3810.0,86.0
46682,142.9,7.00,28.41,0.1989,5.03,3810.0,86.0
46688,149.3,6.70,28.41,0.1903,5.26,3810.0,86.0
46695,144.9,6.90,28.41,0.1960,5.10,3810.0,86.0
46703,137.0,7.30,28.40,0.2073,4.82,3810.0,86.0
46709,147.1,6.80,28.40,0.1931,5.18,3810.0,86.0
46716,142.9,7.00,28.40,0.1988,5.03,3810.0,86.0
46723,144.9,6.90,28.40,0.1960,5.10,3810.0,86.0
46730,144.9,6.90,28.40,0.1959,5.10,3810.0,86.0
46737,147.1,6.80,28.40,0.1931,5.18,3810.0,86.0
46744,144.9,6.90,28.39,0.1959,5.10,3810.0,86.0
46751,140.8,7.10,28.39,0.2016,4.96,3810.0,86.0
46758,144.9,6.90,28.39,0.1959,5.10,3810.0,86.0
46765,142.9,7.00,28.39,0.1987,5.03,3810.0,86.0
46772,142.9,7.00,28.39,0.1987,5.03,3810.0,86.0
46779,142.9,7.00,28.39,0.1987,5.03,3810.0,86.0
46785,156.2,6.40,28.38,0.1817,5.50,3810.0,86.0
46793,137.0,7.30,28.38,0.2072,4.83,3810.0,86.0
46799,147.1,6.80,28.38,0.1930,5.18,3810.0,86.0
46806,144.9,6.90,28.38,0.1958,5.11,3810.0,86.0
46814,137.0,7.30,28.38,0.2072,4.83,3810.0,86.0
46820,151.5,6.60,28.38,0.1873,5.34,3810.0,86.0
46828,137.0,7.30,28.37,0.2071,4.83,3810.0,86.0
46834,144.9,6.90,28.37,0.1958,5.11,3810.0,86.0
46841,144.9,6.90,28.37,0.1958,5.11,3810.0,86.0
46848,142.9,7.00,28.37,0.1986,5.04,3810.0,86.0
46855,144.9,6.90,28.37,0.1957,5.11,3810.0,86.0
46862,142.9,7.00,28.37,0.1986,5.04,3810.0,86.0
46869,147.1,6.80,28.36,0.1929,5.19,3810.0,86.0
46876,140.8,7.10,28.36,0.2014,4.96,3810.0,86.0
46883,151.5,6.60,28.36,0.1872,5.34,3810.0,86.0
46890,137.0,7.30,28.36,0.2070,4.83,3810.0,86.0
46897,144.9,6.90,28.36,0.1957,5.11,3810.0,86.0
46904,149.3,6.70,28.36,0.1900,5.27,3810.0,86.0
46911,137.0,7.30,28.36,0.2070,4.83,3810.0,86.0
46918,147.1,6.80,28.35,0.1928,5.19,3810.0,86.0
46925,142.9,7.00,28.35,0.1985,5.04,3810.0,86.0
46932,144.9,6.90,28.35,0.1956,5.11,3810.0,86.0
46939,142.9,7.00,28.35,0.1984,5.04,3810.0,86.0
46946,142.9,7.00,28.35,0.1984,5.04,3810.0,86.0
46953,144.9,6.90,28.35,0.1956,5.11,3810.0,86.0
46959,147.1,6.80,28.34,0.1927,5.19,3810.0,86.0
46966,142.9,7.00,28.34,0.1984,5.04,3810.0,86.0
46973,142.9,7.00,28.34,0.1984,5.04,3810.0,86.0
46980,147.1,6.80,28.34,0.1927,5.19,3810.0,86.0
46987,140.8,7.10,28.34,0.2012,4.97,3810.0,86.0
46994,149.3,6.70,28.34,0.1899,5.27,3810.0,86.0
47001,138.9,7.20,28.33,0.2040,4.90,3810.0,86.0
47008,156.2,6.40,28.33,0.1813,5.51,3810.0,86.0
47015,138.9,7.20,28.33,0.2040,4.90,3810.0,86.0
47022,144.9,6.90,28.33,0.1955,5.11,3810.0,86.0
47028,149.3,6.70,28.33,0.1898,5.27,3810.0,86.0
47035,144.9,6.90,28.33,0.1955,5.12,3810.0,86.0
47042,140.8,7.10,28.33,0.2011,4.97,3810.0,86.0
47049,147.1,6.80,28.32,0.1926,5.19,3810.0,86.0
47056,142.9,7.00,28.32,0.1983,5.05,3810.0,86.0
47063,138.9,7.20,28.32,0.2039,4.90,3810.0,86.0
47070,142.9,7.00,28.32,0.1982,5.05,3810.0,86.0
47077,140.8,7.10,28.32,0.2011,4.97,3810.0,86.0
47084,149.3,6.70,28.32,0.1897,5.27,3810.0,86.0
47091,138.9,7.20,28.31,0.2039,4.91,3810.0,86.0
47098,149.3,6.70,28.31,0.1897,5.27,3810.0,86.0
47105,138.9,7.20,28.31,0.2038,4.91,3810.0,86.0
47112,147.1,6.80,28.31,0.1925,5.20,3810.0,86.0
47119,147.1,6.80,28.31,0.1925,5.20,3810.0,86.0
47126,138.9,7.20,28.31,0.2038,4.91,3810.0,86.0
47133,151.5,6.60,28.30,0.1868,5.35,3810.0,86.0
47140,142.9,7.00,28.30,0.1981,5.05,3810.0,86.0
47147,142.9,7.00,28.30,0.1981,5.05,3810.0,86.0
47154,144.9,6.90,28.30,0.1953,5.12,3810.0,86.0
47161,140.8,7.10,28.30,0.2009,4.98,3810.0,86.0
47167,149.3,6.70,28.30,0.1896,5.28,3810.0,86.0
47174,142.9,7.00,28.29,0.1981,5.05,3810.0,86.0
47181,142.9,7.00,28.29,0.1981,5.05,3810.0,86.0
47188,142.9,7.00,28.29,0.1980,5.05,3810.0,86.0
47195,151.5,6.60,28.29,0.1867,5.36,3810.0,86.0
47202,137.0,7.30,28.29,0.2065,4.84,3810.0,86.0
47209,142.9,7.00,28.29,0.1980,5.05,3810.0,86.0
47216,149.3,6.70,28.29,0.1895,5.28,3810.0,86.0
47223,144.9,6.90,28.28,0.1952,5.12,3810.0,86.0
47230,147.1,6.80,28.28,0.1923,5.20,3810.0,86.0
47237,135.1,7.40,28.28,0.2093,4.78,3810.0,86.0
47244,151.5,6.60,28.28,0.1866,5.36,3810.0,86.0
47251,140.8,7.10,28.28,0.2008,4.98,3810.0,86.0
47258,147.1,6.80,28.28,0.1923,5.20,3810.0,86.0
47265,138.9,7.20,28.27,0.2036,4.91,3810.0,86.0
47272,147.1,6.80,28.27,0.1923,5.20,3810.0,86.0
47279,140.8,7.10,28.27,0.2007,4.98,3810.0,86.0
47285,149.3,6.70,28.27,0.1894,5.28,3810.0,86.0
47292,144.9,6.90,28.27,0.1951,5.13,3810.0,86.0
47300,135.1,7.40,28.27,0.2092,4.78,3810.0,86.0
47306,147.1,6.80,28.27,0.1922,5.20,3810.0,86.0
47314,137.0,7.30,28.27,0.2064,4.85,3810.0,86.0
47320,156.2,6.40,28.27,0.1809,5.53,3810.0,86.0
47327,138.9,7.20,28.27,0.2035,4.91,3810.0,86.0
47334,147.1,6.80,28.27,0.1922,5.20,3810.0,86.0
47341,140.8,7.10,28.27,0.2007,4.98,3810.0,86.0
47348,147.1,6.80,28.27,0.1922,5.20,3810.0,86.0
47355,137.0,7.30,28.27,0.2064,4.85,3810.0,86.0
47362,147.1,6.80,28.27,0.1922,5.20,3810.0,86.0
47369,142.9,7.00,28.27,0.1979,5.06,3810.0,86.0
47376,144.9,6.90,28.27,0.1951,5.13,3810.0,86.0
47383,142.9,7.00,28.27,0.1979,5.06,3810.0,86.0
47390,144.9,6.90,28.27,0.1950,5.13,3810.0,86.0
47397,144.9,6.90,28.27,0.1950,5.13,3810.0,86.0
47404,144.9,6.90,28.27,0.1950,5.13,3810.0,86.0
47410,153.8,6.50,28.27,0.1837,5.44,3810.0,86.0
47417,142.9,7.00,28.27,0.1979,5.06,3810.0,86.0
47425,137.0,7.30,28.27,0.2064,4.85,3810.0,86.0
47431,149.3,6.70,28.27,0.1894,5.28,3810.0,86.0
47438,144.9,6.90,28.27,0.1950,5.13,3810.0,86.0
47445,144.9,6.90,28.27,0.1950,5.13,3810.0,86.0
47452,142.9,7.00,28.27,0.1979,5.06,3810.0,86.0
47459,135.1,7.40,28.27,0.2092,4.78,3810.0,86.0
47466,149.3,6.70,28.27,0.1894,5.28,3810.0,86.0
47473,138.9,7.20,28.27,0.2035,4.91,3810.0,86.0
47480,144.9,6.90,28.27,0.1950,5.13,3810.0,86.0
47487,147.1,6.80,28.27,0.1922,5.20,3810.0,86.0
47494,142.9,7.00,28.27,0.1979,5.06,3810.0,86.0
47501,142.9,7.00,28.27,0.1979,5.06,3810.0,86.0
47508,138.9,7.20,28.27,0.2035,4.91,3810.0,86.0
47515,142.9,7.00,28.27,0.1979,5.06,3810.0,86.0
47522,153.8,6.50,28.27,0.1837,5.44,3810.0,86.0
47529,147.1,6.80,28.27,0.1922,5.20,3810.0,86.0
47536,142.9,7.00,28.26,0.1979,5.06,3810.0,86.0
47542,147.1,6.80,28.26,0.1922,5.20,3810.0,86.0
47549,144.9,6.90,28.26,0.1950,5.13,3810.0,86.0
47556,140.8,7.10,28.26,0.2007,4.98,3810.0,86.0
47563,144.9,6.90,28.26,0.1950,5.13,3810.0,86.0
47570,142.9,7.00,28.26,0.1978,5.06,3810.0,86.0
47577,142.9,7.00,28.26,0.1978,5.06,3810.0,86.0
47584,142.9,7.00,28.26,0.1978,5.06,3810.0,86.0
47591,142.9,7.00,28.26,0.1978,5.06,3810.0,86.0
47598,142.9,7.00,28.26,0.1978,5.06,3810.0,86.0
47605,144.9,6.90,28.26,0.1950,5.13,3810.0,86.0
47612,147.1,6.80,28.26,0.1922,5.20,3810.0,86.0
47619,144.9,6.90,28.26,0.1950,5.13,3810.0,86.0
47626,138.9,7.20,28.26,0.2035,4.91,3810.0,86.0
47632,158.7,6.30,28.26,0.1781,5.62,3810.0,86.0
47639,142.9,7.00,28.26,0.1978,5.06,3810.0,86.0
47647,135.1,7.40,28.26,0.2091,4.78,3810.0,86.0
47654,140.8,7.10,28.26,0.2007,4.98,3810.0,86.0
47661,144.9,6.90,28.26,0.1950,5.13,3810.0,86.0
47668,147.1,6.80,28.26,0.1922,5.20,3810.0,86.0
47674,147.1,6.80,28.26,0.1922,5.20,3810.0,86.0
47682,140.8,7.10,28.26,0.2007,4.98,3810.0,86.0
47688,144.9,6.90,28.26,0.1950,5.13,3810.0,86.0
47696,140.8,7.10,28.26,0.2007,4.98,3810.0,86.0
47702,147.1,6.80,28.26,0.1922,5.20,3810.0,86.0
47709,144.9,6.90,28.26,0.1950,5.13,3810.0,86.0
47716,142.9,7.00,28.26,0.1978,5.06,3810.0,86.0
47723,140.8,7.10,28.26,0.2007,4.98,3810.0,86.0
47730,144.9,6.90,28.26,0.1950,5.13,3810.0,86.0
47737,142.9,7.00,28.26,0.1978,5.06,3810.0,86.0
47744,147.1,6.80,28.26,0.1922,5.21,3810.0,86.0
47751,144.9,6.90,28.26,0.1950,5.13,3810.0,86.0
47758,138.9,7.20,28.26,0.2035,4.91,3810.0,86.0
47765,153.8,6.50,28.26,0.1837,5.44,3810.0,86.0
47772,138.9,7.20,28.26,0.2035,4.92,3810.0,86.0
47779,140.8,7.10,28.26,0.2006,4.98,3810.0,86.0
47786,149.3,6.70,28.26,0.1893,5.28,3810.0,86.0
47793,140.8,7.10,28.26,0.2006,4.98,3810.0,86.0
47799,151.5,6.60,28.26,0.1865,5.36,3810.0,86.0
47806,147.1,6.80,28.26,0.1922,5.21,3810.0,86.0
47814,137.0,7.30,28.26,0.2063,4.85,3810.0,86.0
47820,144.9,6.90,28.26,0.1950,5.13,3810.0,86.0
47828,140.8,7.10,28.26,0.2006,4.98,3810.0,86.0
47834,147.1,6.80,28.26,0.1922,5.21,3810.0,86.0
47841,149.3,6.70,28.26,0.1893,5.28,3810.0,86.0
47848,140.8,7.10,28.26,0.2006,4.98,3810.0,86.0
47855,138.9,7.20,28.26,0.2035,4.92,3810.0,86.0
47862,144.9,6.90,28.26,0.1950,5.13,3810.0,86.0
47869,144.9,6.90,28.26,0.1950,5.13,3810.0,86.0
47876,142.9,7.00,28.26,0.1978,5.06,3810.0,86.0
47883,144.9,6.90,28.26,0.1950,5.13,3810.0,86.0
47890,144.9,6.90,28.26,0.1950,5.13,3810.0,86.0
47897,144.9,6.90,28.26,0.1950,5.13,3810.0,86.0
47904,142.9,7.00,28.26,0.1978,5.06,3810.0,86.0
47911,144.9,6.90,28.26,0.1950,5.13,3810.0,86.0
47918,142.9,7.00,28.26,0.1978,5.06,3810.0,86.0
47925,147.1,6.80,28.26,0.1921,5.21,3810.0,86.0
47932,140.8,7.10,28.26,0.2006,4.98,3810.0,86.0
47939,147.1,6.80,28.26,0.1921,5.21,3810.0,86.0
47945,151.5,6.60,28.26,0.1865,5.36,3810.0,86.0
47952,144.9,6.90,28.26,0.1950,5.13,3810.0,86.0
47959,147.1,6.80,28.26,0.1921,5.21,3810.0,86.0
47966,140.8,7.10,28.26,0.2006,4.98,3810.0,86.0
47973,138.9,7.20,28.26,0.2034,4.92,3810.0,86.0
47980,153.8,6.50,28.26,0.1837,5.44,3810.0,86.0
47987,137.0,7.30,28.26,0.2063,4.85,3810.0,86.0
47994,138.9,7.20,28.26,0.2034,4.92,3810.0,86.0
48001,144.9,6.90,28.26,0.1950,5.13,3810.0,86.0
48008,147.1,6.80,28.26,0.1921,5.21,3810.0,86.0
48015,140.8,7.10,28.26,0.2006,4.98,3810.0,86.0
48022,142.9,7.00,28.26,0.1978,5.06,3810.0,86.0
48029,144.9,6.90,28.26,0.1950,5.13,3810.0,86.0
48036,149.3,6.70,28.25,0.1893,5.28,3810.0,86.0
48042,144.9,6.90,28.25,0.1950,5.13,3810.0,86.0
48050,137.0,7.30,28.25,0.2063,4.85,3810.0,86.0
48057,147.1,6.80,28.25,0.1921,5.21,3810.0,86.0
48063,147.1,6.80,28.25,0.1921,5.21,3810.0,86.0
48070,144.9,6.90,28.25,0.1950,5.13,3810.0,86.0
48077,144.9,6.90,28.25,0.1950,5.13,3810.0,86.0
48084,144.9,6.90,28.25,0.1950,5.13,3810.0,86.0
48091,137.0,7.30,28.25,0.2063,4.85,3810.0,86.0
48098,149.3,6.70,28.25,0.1893,5.28,3810.0,86.0
48105,142.9,7.00,28.25,0.1978,5.06,3810.0,86.0
48112,144.9,6.90,28.25,0.1949,5.13,3810.0,86.0
48119,140.8,7.10,28.25,0.2006,4.98,3810.0,86.0
48126,144.9,6.90,28.25,0.1949,5.13,3810.0,86.0
48133,138.9,7.20,28.25,0.2034,4.92,3810.0,86.0
48140,153.8,6.50,28.25,0.1836,5.44,3810.0,86.0
48147,137.0,7.30,28.25,0.2062,4.85,3810.0,86.0
48153,156.2,6.40,28.25,0.1808,5.53,3810.0,86.0
48161,137.0,7.30,28.25,0.2062,4.85,3810.0,86.0
48167,149.3,6.70,28.25,0.1893,5.28,3810.0,86.0
48174,142.9,7.00,28.25,0.1978,5.06,3810.0,86.0
48181,142.9,7.00,28.25,0.1978,5.06,3810.0,86.0
48188,142.9,7.00,28.25,0.1978,5.06,3810.0,86.0
48195,144.9,6.90,28.25,0.1949,5.13,3810.0,86.0
48202,144.9,6.90,28.25,0.1949,5.13,3810.0,86.0
48209,144.9,6.90,28.25,0.1949,5.13,3810.0,86.0
48216,147.1,6.80,28.25,0.1921,5.21,3810.0,86.0
48223,138.9,7.20,28.25,0.2034,4.92,3810.0,86.0
48230,144.9,6.90,28.25,0.1949,5.13,3810.0,86.0
48237,142.9,7.00,28.25,0.1978,5.06,3810.0,86.0
48244,138.9,7.20,28.25,0.2034,4.92,3810.0,86.0
48251,153.8,6.50,28.25,0.1836,5.44,3810.0,86.0
48258,138.9,7.20,28.25,0.2034,4.92,3810.0,86.0
48265,149.3,6.70,28.25,0.1893,5.28,3810.0,86.0
48272,140.8,7.10,28.25,0.2006,4.98,3810.0,86.0
48279,142.9,7.00,28.25,0.1978,5.06,3810.0,86.0
48285,147.1,6.80,28.25,0.1921,5.21,3810.0,86.0
48292,144.9,6.90,28.25,0.1949,5.13,3810.0,86.0
48299,144.9,6.90,28.25,0.1949,5.13,3810.0,86.0
48306,140.8,7.10,28.25,0.2006,4.98,3810.0,86.0
48313,149.3,6.70,28.25,0.1893,5.28,3810.0,86.0
48320,140.8,7.10,28.25,0.2006,4.98,3810.0,86.0
48327,138.9,7.20,28.25,0.2034,4.92,3810.0,86.0
48334,140.8,7.10,28.25,0.2006,4.98,3810.0,86.0
48341,144.9,6.90,28.25,0.1949,5.13,3810.0,86.0
48348,142.9,7.00,28.25,0.1978,5.06,3810.0,86.0
48355,142.9,7.00,28.25,0.1978,5.06,3810.0,86.0
48362,149.3,6.70,28.25,0.1893,5.28,3810.0,86.0
48369,140.8,7.10,28.25,0.2006,4.98,3810.0,86.0
48376,153.8,6.50,28.25,0.1836,5.44,3810.0,86.0
48383,142.9,7.00,28.25,0.1978,5.06,3810.0,86.0
48390,137.0,7.30,28.25,0.2062,4.85,3810.0,86.0
48397,142.9,7.00,28.25,0.1978,5.06,3810.0,86.0
48404,144.9,6.90,28.25,0.1949,5.13,3810.0,86.0
48411,147.1,6.80,28.25,0.1921,5.21,3810.0,86.0
48417,151.5,6.60,28.25,0.1865,5.36,3810.0,86.0
48424,142.9,7.00,28.25,0.1978,5.06,3810.0,86.0
48431,149.3,6.70,28.25,0.1893,5.28,3810.0,86.0
48438,144.9,6.90,28.25,0.1949,5.13,3810.0,86.0
48445,137.0,7.30,28.25,0.2062,4.85,3810.0,86.0
48452,137.0,7.30,28.25,0.2062,4.85,3810.0,86.0
48459,142.9,7.00,28.25,0.1978,5.06,3810.0,86.0
48466,142.9,7.00,28.25,0.1978,5.06,3810.0,86.0
48473,151.5,6.60,28.25,0.1865,5.36,3810.0,86.0
48480,140.8,7.10,28.25,0.2006,4.98,3810.0,86.0
48487,140.8,7.10,28.25,0.2006,4.98,3810.0,86.0
48494,156.2,6.40,28.25,0.1808,5.53,3810.0,86.0
48501,142.9,7.00,28.25,0.1978,5.06,3810.0,86.0
48508,142.9,7.00,28.25,0.1978,5.06,3810.0,86.0
48515,137.0,7.30,28.25,0.2063,4.85,3810.0,86.0
48522,149.3,6.70,28.25,0.1893,5.28,3810.0,86.0
48529,142.9,7.00,28.25,0.1978,5.06,3810.0,86.0
48536,142.9,7.00,28.26,0.1978,5.06,3810.0,86.0
48542,149.3,6.70,28.26,0.1893,5.28,3810.0,86.0
48549,144.9,6.90,28.26,0.1950,5.13,3810.0,86.0
48557,138.9,7.20,28.26,0.2034,4.92,3810.0,86.0
48563,149.3,6.70,28.26,0.1893,5.28,3810.0,86.0
48570,138.9,7.20,28.26,0.2034,4.92,3810.0,86.0
48577,142.9,7.00,28.26,0.1978,5.06,3810.0,86.0
48585,133.3,7.50,28.26,0.2119,4.72,3810.0,86.0
48591,163.9,6.10,28.26,0.1724,5.80,3810.0,86.0
48598,147.1,6.80,28.26,0.1921,5.21,3810.0,86.0
48605,144.9,6.90,28.26,0.1950,5.13,3810.0,86.0
48612,144.9,6.90,28.26,0.1950,5.13,3810.0,86.0
48619,138.9,7.20,28.26,0.2034,4.92,3810.0,86.0
48626,142.9,7.00,28.26,0.1978,5.06,3810.0,86.0
48633,149.3,6.70,28.26,0.1893,5.28,3810.0,86.0
48640,135.1,7.40,28.26,0.2091,4.78,3810.0,86.0
48647,144.9,6.90,28.26,0.1950,5.13,3810.0,86.0
48654,147.1,6.80,28.26,0.1922,5.21,3810.0,86.0
48661,140.8,7.10,28.26,0.2006,4.98,3810.0,86.0
48667,156.2,6.40,28.26,0.1808,5.53,3810.0,86.0
48674,140.8,7.10,28.26,0.2006,4.98,3810.0,86.0
48681,142.9,7.00,28.26,0.1978,5.06,3810.0,86.0
48688,144.9,6.90,28.26,0.1950,5.13,3810.0,86.0
48695,138.9,7.20,28.26,0.2035,4.92,3810.0,86.0
48702,140.8,7.10,28.26,0.2006,4.98,3810.0,86.0
48709,144.9,6.90,28.26,0.1950,5.13,3810.0,86.0
48716,142.9,7.00,28.26,0.1978,5.06,3810.0,86.0
48723,147.1,6.80,28.26,0.1922,5.21,3810.0,86.0
48730,147.1,6.80,28.26,0.1922,5.21,3810.0,86.0
48737,140.8,7.10,28.26,0.2006,4.98,3810.0,86.0
48744,147.1,6.80,28.26,0.1922,5.21,3810.0,86.0
48751,137.0,7.30,28.26,0.2063,4.85,3810.0,86.0
48758,151.5,6.60,28.26,0.1865,5.36,3810.0,86.0
48765,138.9,7.20,28.26,0.2035,4.92,3810.0,86.0
48772,151.5,6.60,28.26,0.1865,5.36,3810.0,86.0
48779,135.1,7.40,28.26,0.2091,4.78,3810.0,86.0
48786,147.1,6.80,28.26,0.1922,5.21,3810.0,86.0
48793,142.9,7.00,28.26,0.1978,5.06,3810.0,86.0
48800,144.9,6.90,28.26,0.1950,5.13,3810.0,86.0
48807,144.9,6.90,28.26,0.1950,5.13,3810.0,86.0
48813,144.9,6.90,28.26,0.1950,5.13,3810.0,86.0
48820,144.9,6.90,28.26,0.1950,5.13,3810.0,86.0
48827,151.5,6.60,28.26,0.1865,5.36,3810.0,86.0
48834,142.9,7.00,28.26,0.1978,5.06,3810.0,86.0
48841,138.9,7.20,28.26,0.2035,4.91,3810.0,86.0
48848,140.8,7.10,28.26,0.2007,4.98,3810.0,86.0
48855,144.9,6.90,28.26,0.1950,5.13,3810.0,86.0
48862,147.1,6.80,28.26,0.1922,5.20,3810.0,86.0
48869,142.9,7.00,28.26,0.1978,5.06,3810.0,86.0
48876,144.9,6.90,28.26,0.1950,5.13,3810.0,86.0
48883,149.3,6.70,28.26,0.1894,5.28,3810.0,86.0
48890,140.8,7.10,28.26,0.2007,4.98,3810.0,86.0
48897,133.3,7.50,28.26,0.2120,4.72,3810.0,86.0
48904,153.8,6.50,28.26,0.1837,5.44,3810.0,86.0
48911,138.9,7.20,28.26,0.2035,4.91,3810.0,86.0
48918,142.9,7.00,28.26,0.1978,5.06,3810.0,86.0
48925,147.1,6.80,28.26,0.1922,5.20,3810.0,86.0
48932,142.9,7.00,28.26,0.1978,5.06,3810.0,86.0
48939,144.9,6.90,28.26,0.1950,5.13,3810.0,86.0
48945,144.9,6.90,28.26,0.1950,5.13,3810.0,86.0
48952,144.9,6.90,28.26,0.1950,5.13,3810.0,86.0
48959,144.9,6.90,28.26,0.1950,5.13,3810.0,86.0
48966,140.8,7.10,28.26,0.2007,4.98,3810.0,86.0
48973,142.9,7.00,28.26,0.1978,5.06,3810.0,86.0
48980,153.8,6.50,28.26,0.1837,5.44,3810.0,86.0
48987,137.0,7.30,28.26,0.2063,4.85,3810.0,86.0
48994,144.9,6.90,28.26,0.1950,5.13,3810.0,86.0
49001,144.9,6.90,28.26,0.1950,5.13,3810.0,86.0
49008,140.8,7.10,28.26,0.2007,4.98,3810.0,86.0
49015,144.9,6.90,28.26,0.1950,5.13,3810.0,86.0
49022,151.5,6.60,28.26,0.1865,5.36,3810.0,86.0
49028,144.9,6.90,28.26,0.1950,5.13,3810.0,86.0
49035,147.1,6.80,28.27,0.1922,5.20,3810.0,86.0
49042,147.1,6.80,28.27,0.1922,5.20,3810.0,86.0
49049,140.8,7.10,28.27,0.2007,4.98,3810.0,86.0
49056,137.0,7.30,28.27,0.2063,4.85,3810.0,86.0
49064,140.8,7.10,28.27,0.2007,4.98,3810.0,86.0
49070,153.8,6.50,28.27,0.1837,5.44,3810.0,86.0
49077,135.1,7.40,28.27,0.2092,4.78,3810.0,86.0
49084,147.1,6.80,28.27,0.1922,5.20,3810.0,86.0
49091,140.8,7.10,28.27,0.2007,4.98,3810.0,86.0
49098,144.9,6.90,28.27,0.1950,5.13,3810.0,86.0
49105,144.9,6.90,28.27,0.1950,5.13,3810.0,86.0
49112,142.9,7.00,28.27,0.1979,5.06,3810.0,86.0
49119,142.9,7.00,28.27,0.1979,5.06,3810.0,86.0
49126,147.1,6.80,28.27,0.1922,5.20,3810.0,86.0
49133,142.9,7.00,28.27,0.1979,5.06,3810.0,86.0
49140,144.9,6.90,28.27,0.1950,5.13,3810.0,86.0
49147,147.1,6.80,28.27,0.1922,5.20,3810.0,86.0
49154,140.8,7.10,28.27,0.2007,4.98,3810.0,86.0
49161,147.1,6.80,28.27,0.1922,5.20,3810.0,86.0
49167,144.9,6.90,28.27,0.1950,5.13,3810.0,86.0
49174,142.9,7.00,28.27,0.1979,5.06,3810.0,86.0
49182,138.9,7.20,28.27,0.2035,4.91,3810.0,86.0
49188,156.2,6.40,28.27,0.1809,5.53,3810.0,86.0
49195,138.9,7.20,28.27,0.2035,4.91,3810.0,86.0
49202,144.9,6.90,28.27,0.1951,5.13,3810.0,86.0
49209,138.9,7.20,28.27,0.2035,4.91,3810.0,86.0
49216,142.9,7.00,28.27,0.1979,5.06,3810.0,86.0
49223,142.9,7.00,28.27,0.1979,5.06,3810.0,86.0
49230,144.9,6.90,28.27,0.1951,5.13,3810.0,86.0
49237,147.1,6.80,28.27,0.1922,5.20,3810.0,86.0
49244,140.8,7.10,28.27,0.2007,4.98,3810.0,86.0
49251,149.3,6.70,28.27,0.1894,5.28,3810.0,86.0
49258,142.9,7.00,28.27,0.1979,5.05,3810.0,86.0
49265,142.9,7.00,28.27,0.1979,5.05,3810.0,86.0
49271,153.8,6.50,28.27,0.1838,5.44,3810.0,86.0
49278,149.3,6.70,28.27,0.1894,5.28,3810.0,86.0
49285,142.9,7.00,28.27,0.1979,5.05,3810.0,86.0
49292,140.8,7.10,28.27,0.2007,4.98,3810.0,86.0
49299,142.9,7.00,28.27,0.1979,5.05,3810.0,86.0
49306,138.9,7.20,28.27,0.2036,4.91,3810.0,86.0
49314,138.9,7.20,28.27,0.2036,4.91,3810.0,86.0
49320,147.1,6.80,28.27,0.1923,5.20,3810.0,86.0
49327,144.9,6.90,28.27,0.1951,5.12,3810.0,86.0
49334,138.9,7.20,28.27,0.2036,4.91,3810.0,86.0
49341,147.1,6.80,28.27,0.1923,5.20,3810.0,86.0
49348,142.9,7.00,28.28,0.1979,5.05,3810.0,86.0
49355,153.8,6.50,28.28,0.1838,5.44,3810.0,86.0
49362,142.9,7.00,28.28,0.1979,5.05,3810.0,86.0
49369,140.8,7.10,28.28,0.2008,4.98,3810.0,86.0
49376,140.8,7.10,28.28,0.2008,4.98,3810.0,86.0
49383,144.9,6.90,28.28,0.1951,5.12,3810.0,86.0
49390,138.9,7.20,28.28,0.2036,4.91,3810.0,86.0
49396,156.2,6.40,28.28,0.1810,5.52,3810.0,86.0
49404,140.8,7.10,28.28,0.2008,4.98,3810.0,86.0
49411,142.9,7.00,28.28,0.1980,5.05,3810.0,86.0
49418,142.9,7.00,28.28,0.1980,5.05,3810.0,86.0
49425,142.9,7.00,28.28,0.1980,5.05,3810.0,86.0
49432,133.3,7.50,28.28,0.2121,4.71,3810.0,86.0
49438,166.7,6.00,28.28,0.1697,5.89,3810.0,86.0
49445,142.9,7.00,28.28,0.1980,5.05,3810.0,86.0
49453,133.3,7.50,28.28,0.2121,4.71,3810.0,86.0
49459,144.9,6.90,28.28,0.1952,5.12,3810.0,86.0
49466,153.8,6.50,28.28,0.1839,5.44,3810.0,86.0
49473,140.8,7.10,28.29,0.2008,4.98,3810.0,86.0
49480,147.1,6.80,28.29,0.1923,5.20,3810.0,86.0
49487,144.9,6.90,28.29,0.1952,5.12,3810.0,86.0
49494,140.8,7.10,28.29,0.2008,4.98,3810.0,86.0
49501,144.9,6.90,28.29,0.1952,5.12,3810.0,86.0
49507,149.3,6.70,28.29,0.1895,5.28,3810.0,86.0
49514,144.9,6.90,28.29,0.1952,5.12,3810.0,86.0
49522,133.3,7.50,28.29,0.2122,4.71,3810.0,86.0
49528,153.8,6.50,28.29,0.1839,5.44,3810.0,86.0
49536,138.9,7.20,28.29,0.2037,4.91,3810.0,86.0
49542,144.9,6.90,28.29,0.1952,5.12,3810.0,86.0
49549,147.1,6.80,28.29,0.1924,5.20,3810.0,86.0
49556,142.9,7.00,28.29,0.1980,5.05,3810.0,86.0
49563,147.1,6.80,28.29,0.1924,5.20,3810.0,86.0
49570,144.9,6.90,28.29,0.1952,5.12,3810.0,86.0
49577,142.9,7.00,28.29,0.1981,5.05,3810.0,86.0
49584,144.9,6.90,28.29,0.1952,5.12,3810.0,86.0
49591,147.1,6.80,28.29,0.1924,5.20,3810.0,86.0
49598,142.9,7.00,28.30,0.1981,5.05,3810.0,86.0
49605,137.0,7.30,28.30,0.2066,4.84,3810.0,86.0
49612,140.8,7.10,28.30,0.2009,4.98,3810.0,86.0
49619,142.9,7.00,28.30,0.1981,5.05,3810.0,86.0
49626,140.8,7.10,28.30,0.2009,4.98,3810.0,86.0
49633,149.3,6.70,28.30,0.1896,5.28,3810.0,86.0
49640,140.8,7.10,28.30,0.2009,4.98,3810.0,86.0
49647,151.5,6.60,28.30,0.1868,5.35,3810.0,86.0
49653,147.1,6.80,28.30,0.1924,5.20,3810.0,86.0
49661,135.1,7.40,28.30,0.2094,4.77,3810.0,86.0
49668,142.9,7.00,28.30,0.1981,5.05,3810.0,86.0
49675,144.9,6.90,28.30,0.1953,5.12,3810.0,86.0
49682,144.9,6.90,28.30,0.1953,5.12,3810.0,86.0
49689,142.9,7.00,28.30,0.1981,5.05,3810.0,86.0
49696,140.8,7.10,28.30,0.2010,4.97,3810.0,86.0
49702,147.1,6.80,28.30,0.1925,5.20,3810.0,86.0
49709,144.9,6.90,28.30,0.1953,5.12,3810.0,86.0
49716,142.9,7.00,28.30,0.1981,5.05,3810.0,86.0
49723,144.9,6.90,28.31,0.1953,5.12,3810.0,86.0
49730,142.9,7.00,28.31,0.1981,5.05,3810.0,86.0
49737,144.9,6.90,28.31,0.1953,5.12,3810.0,86.0
49744,144.9,6.90,28.31,0.1953,5.12,3810.0,86.0
49751,142.9,7.00,28.31,0.1982,5.05,3810.0,86.0
49758,144.9,6.90,28.31,0.1953,5.12,3810.0,86.0
49765,144.9,6.90,28.31,0.1953,5.12,3810.0,86.0
49772,140.8,7.10,28.31,0.2010,4.97,3810.0,86.0
49779,144.9,6.90,28.31,0.1953,5.12,3810.0,86.0
49786,147.1,6.80,28.31,0.1925,5.20,3810.0,86.0
49793,140.8,7.10,28.31,0.2010,4.97,3810.0,86.0
49800,144.9,6.90,28.31,0.1953,5.12,3810.0,86.0
49807,144.9,6.90,28.31,0.1954,5.12,3810.0,86.0
49813,149.3,6.70,28.31,0.1897,5.27,3810.0,86.0
49820,138.9,7.20,28.31,0.2039,4.91,3810.0,86.0
49827,142.9,7.00,28.31,0.1982,5.05,3810.0,86.0
49834,153.8,6.50,28.31,0.1840,5.43,3810.0,86.0
49841,144.9,6.90,28.31,0.1954,5.12,3810.0,86.0
49848,149.3,6.70,28.32,0.1897,5.27,3810.0,86.0
49855,142.9,7.00,28.32,0.1982,5.05,3810.0,86.0
49862,142.9,7.00,28.32,0.1982,5.05,3810.0,86.0
49869,142.9,7.00,28.32,0.1982,5.05,3810.0,86.0
49875,149.3,6.70,28.32,0.1897,5.27,3810.0,86.0
49882,138.9,7.20,28.32,0.2039,4.91,3810.0,86.0
49889,144.9,6.90,28.32,0.1954,5.12,3810.0,86.0
49896,147.1,6.80,28.32,0.1926,5.19,3810.0,86.0
49903,142.9,7.00,28.32,0.1982,5.05,3810.0,86.0
49910,142.9,7.00,28.32,0.1982,5.05,3810.0,86.0
49917,142.9,7.00,28.32,0.1982,5.05,3810.0,86.0
49924,147.1,6.80,28.32,0.1926,5.19,3810.0,86.0
49931,138.9,7.20,28.32,0.2039,4.90,3810.0,86.0
49939,135.1,7.40,28.32,0.2096,4.77,3810.0,86.0
49946,142.9,7.00,28.32,0.1983,5.05,3810.0,86.0
49952,147.1,6.80,28.32,0.1926,5.19,3810.0,86.0
49959,142.9,7.00,28.32,0.1983,5.05,3810.0,86.0
49966,144.9,6.90,28.32,0.1954,5.12,3810.0,86.0
49973,144.9,6.90,28.33,0.1954,5.12,3810.0,86.0
49980,142.9,7.00,28.33,0.1983,5.04,3810.0,86.0
49987,142.9,7.00,28.33,0.1983,5.04,3810.0,86.0
49994,144.9,6.90,28.33,0.1955,5.12,3810.0,86.0
50001,142.9,7.00,28.33,0.1983,5.04,3810.0,86.0
50008,151.5,6.60,28.33,0.1870,5.35,3810.0,86.0
50015,138.9,7.20,28.33,0.2040,4.90,3810.0,86.0
50022,147.1,6.80,28.33,0.1926,5.19,3810.0,86.0
50029,140.8,7.10,28.33,0.2011,4.97,3810.0,86.0
50036,140.8,7.10,28.33,0.2011,4.97,3810.0,86.0
50042,153.8,6.50,28.33,0.1842,5.43,3810.0,86.0
50049,149.3,6.70,28.33,0.1898,5.27,3810.0,86.0
50056,142.9,7.00,28.33,0.1983,5.04,3810.0,86.0
50063,137.0,7.30,28.33,0.2068,4.84,3810.0,86.0
50070,144.9,6.90,28.33,0.1955,5.11,3810.0,86.0
50077,142.9,7.00,28.33,0.1983,5.04,3810.0,86.0
50084,142.9,7.00,28.33,0.1983,5.04,3810.0,86.0
50091,147.1,6.80,28.33,0.1927,5.19,3810.0,86.0
50098,142.9,7.00,28.34,0.1983,5.04,3810.0,86.0
50105,140.8,7.10,28.34,0.2012,4.97,3810.0,86.0
50112,147.1,6.80,28.34,0.1927,5.19,3810.0,86.0
50119,140.8,7.10,28.34,0.2012,4.97,3810.0,86.0
50126,142.9,7.00,28.34,0.1984,5.04,3810.0,86.0
50133,147.1,6.80,28.34,0.1927,5.19,3810.0,86.0
50140,142.9,7.00,28.34,0.1984,5.04,3810.0,86.0
50147,140.8,7.10,28.34,0.2012,4.97,3810.0,86.0
50154,151.5,6.60,28.34,0.1870,5.35,3810.0,86.0
50160,149.3,6.70,28.34,0.1899,5.27,3810.0,86.0
50167,142.9,7.00,28.34,0.1984,5.04,3810.0,86.0
50174,144.9,6.90,28.34,0.1956,5.11,3810.0,86.0
50181,140.8,7.10,28.34,0.2012,4.97,3810.0,86.0
50189,140.8,7.10,28.34,0.2012,4.97,3810.0,86.0
50195,147.1,6.80,28.34,0.1927,5.19,3810.0,86.0
50202,149.3,6.70,28.34,0.1899,5.27,3810.0,86.0
50209,142.9,7.00,28.34,0.1984,5.04,3810.0,86.0
50216,144.9,6.90,28.34,0.1956,5.11,3810.0,86.0
50223,138.9,7.20,28.35,0.2041,4.90,3810.0,86.0
50230,151.5,6.60,28.35,0.1871,5.34,3810.0,86.0
50237,147.1,6.80,28.35,0.1928,5.19,3810.0,86.0
50243,144.9,6.90,28.35,0.1956,5.11,3810.0,86.0
50250,144.9,6.90,28.35,0.1956,5.11,3810.0,86.0
50257,147.1,6.80,28.35,0.1928,5.19,3810.0,86.0
50264,142.9,7.00,28.35,0.1984,5.04,3810.0,86.0
50271,142.9,7.00,28.35,0.1984,5.04,3810.0,86.0
50278,144.9,6.90,28.35,0.1956,5.11,3810.0,86.0
50285,142.9,7.00,28.35,0.1985,5.04,3810.0,86.0
50292,142.9,7.00,28.35,0.1985,5.04,3810.0,86.0
50299,142.9,7.00,28.35,0.1985,5.04,3810.0,86.0
50306,137.0,7.30,28.35,0.2070,4.83,3810.0,86.0
50313,140.8,7.10,28.35,0.2013,4.97,3810.0,86.0
50320,142.9,7.00,28.36,0.1985,5.04,3810.0,86.0
50327,142.9,7.00,28.36,0.1985,5.04,3810.0,86.0
50334,147.1,6.80,28.36,0.1928,5.19,3810.0,86.0
50341,140.8,7.10,28.36,0.2013,4.97,3810.0,86.0
50348,144.9,6.90,28.36,0.1957,5.11,3810.0,86.0
50355,147.1,6.80,28.36,0.1928,5.19,3810.0,86.0
50362,144.9,6.90,28.36,0.1957,5.11,3810.0,86.0
50369,140.8,7.10,28.36,0.2014,4.96,3810.0,86.0
50376,142.9,7.00,28.36,0.1985,5.04,3810.0,86.0
50383,144.9,6.90,28.36,0.1957,5.11,3810.0,86.0
50390,144.9,6.90,28.37,0.1957,5.11,3810.0,86.0
50397,142.9,7.00,28.37,0.1986,5.04,3810.0,86.0
50404,142.9,7.00,28.37,0.1986,5.04,3810.0,86.0
50411,144.9,6.90,28.37,0.1957,5.11,3810.0,86.0
50418,144.9,6.90,28.37,0.1957,5.11,3810.0,86.0
50425,142.9,7.00,28.37,0.1986,5.04,3810.0,86.0
50432,142.9,7.00,28.37,0.1986,5.04,3810.0,86.0
50438,153.8,6.50,28.37,0.1844,5.42,3810.0,86.0
50445,147.1,6.80,28.37,0.1929,5.18,3810.0,86.0
50452,138.9,7.20,28.37,0.2043,4.90,3810.0,86.0
50459,142.9,7.00,28.37,0.1986,5.04,3810.0,86.0
50466,137.0,7.30,28.38,0.2071,4.83,3810.0,86.0
50473,151.5,6.60,28.38,0.1873,5.34,3810.0,86.0
50480,140.8,7.10,28.38,0.2015,4.96,3810.0,86.0
50487,142.9,7.00,28.38,0.1987,5.04,3810.0,86.0
50494,144.9,6.90,28.38,0.1958,5.11,3810.0,86.0
50501,142.9,7.00,28.38,0.1987,5.04,3810.0,86.0
50508,144.9,6.90,28.38,0.1958,5.11,3810.0,86.0
50515,142.9,7.00,28.38,0.1987,5.03,3810.0,86.0
50522,147.1,6.80,28.38,0.1930,5.18,3810.0,86.0
50528,153.8,6.50,28.38,0.1845,5.42,3810.0,86.0
50536,133.3,7.50,28.39,0.2129,4.70,3810.0,86.0
50543,147.1,6.80,28.39,0.1930,5.18,3810.0,86.0
50549,149.3,6.70,28.39,0.1902,5.26,3810.0,86.0
50557,135.1,7.40,28.39,0.2101,4.76,3810.0,86.0
50563,156.2,6.40,28.39,0.1817,5.50,3810.0,86.0
50570,138.9,7.20,28.39,0.2044,4.89,3810.0,86.0
50577,144.9,6.90,28.39,0.1959,5.10,3810.0,86.0
50584,147.1,6.80,28.39,0.1931,5.18,3810.0,86.0
50591,144.9,6.90,28.39,0.1959,5.10,3810.0,86.0
50598,142.9,7.00,28.39,0.1988,5.03,3810.0,86.0
50605,135.1,7.40,28.40,0.2101,4.76,3810.0,86.0
50612,147.1,6.80,28.40,0.1931,5.18,3810.0,86.0
50619,149.3,6.70,28.40,0.1903,5.26,3810.0,86.0
50625,151.5,6.60,28.40,0.1874,5.33,3810.0,86.0
50633,138.9,7.20,28.40,0.2045,4.89,3810.0,86.0
50640,138.9,7.20,28.40,0.2045,4.89,3810.0,86.0
50646,151.5,6.60,28.40,0.1874,5.33,3810.0,86.0
50654,137.0,7.30,28.40,0.2073,4.82,3810.0,86.0
50661,140.8,7.10,28.40,0.2017,4.96,3810.0,86.0
50668,142.9,7.00,28.40,0.1988,5.03,3810.0,86.0
50674,153.8,6.50,28.40,0.1846,5.41,3810.0,86.0
50682,135.1,7.40,28.41,0.2102,4.76,3810.0,86.0
50688,156.2,6.40,28.41,0.1818,5.50,3810.0,86.0
50695,149.3,6.70,28.41,0.1903,5.26,3810.0,86.0
50702,142.9,7.00,28.41,0.1989,5.03,3810.0,86.0
50709,144.9,6.90,28.41,0.1960,5.10,3810.0,86.0
50716,144.9,6.90,28.41,0.1960,5.10,3810.0,86.0
50723,138.9,7.20,28.41,0.2046,4.89,3810.0,86.0
50730,137.0,7.30,28.41,0.2074,4.82,3810.0,86.0
50737,138.9,7.20,28.41,0.2046,4.89,3810.0,86.0
50744,149.3,6.70,28.41,0.1904,5.25,3810.0,86.0
50751,151.5,6.60,28.42,0.1875,5.33,3810.0,86.0
50758,135.1,7.40,28.42,0.2103,4.75,3810.0,86.0
50765,147.1,6.80,28.42,0.1932,5.18,3810.0,86.0
50772,140.8,7.10,28.42,0.2018,4.95,3810.0,86.0
50779,144.9,6.90,28.42,0.1961,5.10,3810.0,86.0
50786,147.1,6.80,28.42,0.1933,5.18,3810.0,86.0
50792,144.9,6.90,28.42,0.1961,5.10,3810.0,86.0
50799,144.9,6.90,28.42,0.1961,5.10,3810.0,86.0
50806,140.8,7.10,28.42,0.2018,4.95,3810.0,86.0
50814,140.8,7.10,28.42,0.2018,4.95,3810.0,86.0
50820,144.9,6.90,28.43,0.1961,5.10,3810.0,86.0
50827,147.1,6.80,28.43,0.1933,5.17,3810.0,86.0
50834,142.9,7.00,28.43,0.1990,5.03,3810.0,86.0
50841,147.1,6.80,28.43,0.1933,5.17,3810.0,86.0
50848,140.8,7.10,28.43,0.2018,4.95,3810.0,86.0
50855,142.9,7.00,28.43,0.1990,5.03,3810.0,86.0
50862,142.9,7.00,28.43,0.1990,5.03,3810.0,86.0
50869,144.9,6.90,28.43,0.1962,5.10,3810.0,86.0
50876,149.3,6.70,28.43,0.1905,5.25,3810.0,86.0
50883,140.8,7.10,28.43,0.2019,4.95,3810.0,86.0
50890,138.9,7.20,28.44,0.2047,4.88,3810.0,86.0
50897,149.3,6.70,28.44,0.1905,5.25,3810.0,86.0
50904,142.9,7.00,28.44,0.1991,5.03,3810.0,86.0
50911,140.8,7.10,28.44,0.2019,4.95,3810.0,86.0
50918,149.3,6.70,28.44,0.1905,5.25,3810.0,86.0
50925,140.8,7.10,28.44,0.2019,4.95,3810.0,86.0
50932,144.9,6.90,28.44,0.1962,5.09,3810.0,86.0
50939,142.9,7.00,28.44,0.1991,5.02,3810.0,86.0
50945,147.1,6.80,28.44,0.1934,5.17,3810.0,86.0
50952,140.8,7.10,28.44,0.2020,4.95,3810.0,86.0
50959,156.2,6.40,28.44,0.1820,5.49,3810.0,86.0
50966,140.8,7.10,28.45,0.2020,4.95,3810.0,86.0
50973,137.0,7.30,28.45,0.2077,4.82,3810.0,86.0
50980,144.9,6.90,28.45,0.1963,5.09,3810.0,86.0
50987,142.9,7.00,28.45,0.1991,5.02,3810.0,86.0
50994,144.9,6.90,28.45,0.1963,5.09,3810.0,86.0
51001,142.9,7.00,28.45,0.1992,5.02,3810.0,86.0
51008,149.3,6.70,28.45,0.1906,5.25,3810.0,86.0
51015,140.8,7.10,28.45,0.2020,4.95,3810.0,86.0
51022,140.8,7.10,28.45,0.2020,4.95,3810.0,86.0
51029,147.1,6.80,28.45,0.1935,5.17,3810.0,86.0
51036,142.9,7.00,28.46,0.1992,5.02,3810.0,86.0
51043,147.1,6.80,28.46,0.1935,5.17,3810.0,86.0
51050,140.8,7.10,28.46,0.2020,4.95,3810.0,86.0
51057,142.9,7.00,28.46,0.1992,5.02,3810.0,86.0
51063,149.3,6.70,28.46,0.1907,5.25,3810.0,86.0
51070,140.8,7.10,28.46,0.2021,4.95,3810.0,86.0
51077,153.8,6.50,28.46,0.1850,5.40,3810.0,86.0
51084,137.0,7.30,28.46,0.2078,4.81,3810.0,86.0
51091,151.5,6.60,28.46,0.1879,5.32,3810.0,86.0
51098,137.0,7.30,28.46,0.2078,4.81,3810.0,86.0
51105,142.9,7.00,28.47,0.1993,5.02,3810.0,86.0
51112,142.9,7.00,28.47,0.1993,5.02,3810.0,86.0
51119,144.9,6.90,28.47,0.1964,5.09,3810.0,86.0
51126,144.9,6.90,28.47,0.1964,5.09,3810.0,86.0
51133,144.9,6.90,28.47,0.1964,5.09,3810.0,86.0
51140,142.9,7.00,28.47,0.1993,5.02,3810.0,86.0
51147,135.1,7.40,28.47,0.2107,4.75,3810.0,86.0
51153,166.7,6.00,28.47,0.1708,5.85,3810.0,86.0
51161,133.3,7.50,28.47,0.2135,4.68,3810.0,86.0
51167,156.2,6.40,28.47,0.1822,5.49,3810.0,86.0
51174,137.0,7.30,28.47,0.2079,4.81,3810.0,86.0
51181,147.1,6.80,28.48,0.1936,5.17,3810.0,86.0
51188,142.9,7.00,28.48,0.1993,5.02,3810.0,86.0
51195,144.9,6.90,28.48,0.1965,5.09,3810.0,86.0
51202,140.8,7.10,28.48,0.2022,4.94,3810.0,86.0
51209,144.9,6.90,28.48,0.1965,5.09,3810.0,86.0
51216,144.9,6.90,28.48,0.1965,5.09,3810.0,86.0
51223,147.1,6.80,28.48,0.1937,5.16,3810.0,86.0
51230,142.9,7.00,28.48,0.1994,5.02,3810.0,86.0
51237,142.9,7.00,28.48,0.1994,5.02,3810.0,86.0
51244,140.8,7.10,28.48,0.2022,4.94,3810.0,86.0
51251,147.1,6.80,28.49,0.1937,5.16,3810.0,86.0
51258,142.9,7.00,28.49,0.1994,5.02,3810.0,86.0
51265,138.9,7.20,28.49,0.2051,4.88,3810.0,86.0
51271,158.7,6.30,28.49,0.1795,5.57,3810.0,86.0
51278,138.9,7.20,28.49,0.2051,4.88,3810.0,86.0
51286,138.9,7.20,28.49,0.2051,4.88,3810.0,86.0
51292,151.5,6.60,28.49,0.1880,5.32,3810.0,86.0
51299,140.8,7.10,28.49,0.2023,4.94,3810.0,86.0
51306,140.8,7.10,28.50,0.2023,4.94,3810.0,86.0
51313,153.8,6.50,28.50,0.1852,5.40,3810.0,86.0
51320,137.0,7.30,28.50,0.2080,4.81,3810.0,86.0
51327,144.9,6.90,28.50,0.1966,5.08,3810.0,86.0
51334,144.9,6.90,28.50,0.1967,5.08,3810.0,86.0
51341,142.9,7.00,28.50,0.1995,5.01,3810.0,86.0
51348,144.9,6.90,28.50,0.1967,5.08,3810.0,86.0
51355,142.9,7.00,28.51,0.1995,5.01,3810.0,86.0
51362,144.9,6.90,28.51,0.1967,5.08,3810.0,86.0
51369,140.8,7.10,28.51,0.2024,4.94,3810.0,86.0
51376,144.9,6.90,28.51,0.1967,5.08,3810.0,86.0
51383,144.9,6.90,28.51,0.1967,5.08,3810.0,86.0
51390,147.1,6.80,28.51,0.1939,5.16,3810.0,86.0
51397,140.8,7.10,28.51,0.2025,4.94,3810.0,86.0
51403,147.1,6.80,28.52,0.1939,5.16,3810.0,86.0
51411,140.8,7.10,28.52,0.2025,4.94,3810.0,86.0
51418,142.9,7.00,28.52,0.1996,5.01,3810.0,86.0
51424,149.3,6.70,28.52,0.1911,5.23,3810.0,86.0
51432,137.0,7.30,28.52,0.2082,4.80,3810.0,86.0
51438,153.8,6.50,28.52,0.1854,5.39,3810.0,86.0
51445,138.9,7.20,28.52,0.2054,4.87,3810.0,86.0
51452,142.9,7.00,28.53,0.1997,5.01,3810.0,86.0
51459,149.3,6.70,28.53,0.1911,5.23,3810.0,86.0
51466,138.9,7.20,28.53,0.2054,4.87,3810.0,86.0
51473,149.3,6.70,28.53,0.1912,5.23,3810.0,86.0
51480,142.9,7.00,28.53,0.1997,5.01,3810.0,86.0
51487,140.8,7.10,28.53,0.2026,4.93,3810.0,86.0
51494,149.3,6.70,28.53,0.1912,5.23,3810.0,86.0
51501,138.9,7.20,28.54,0.2055,4.87,3810.0,86.0
51508,142.9,7.00,28.54,0.1998,5.01,3810.0,86.0
51515,142.9,7.00,28.54,0.1998,5.01,3810.0,86.0
51522,144.9,6.90,28.54,0.1969,5.08,3810.0,86.0
51528,153.8,6.50,28.54,0.1855,5.39,3810.0,86.0
51535,138.9,7.20,28.54,0.2055,4.87,3810.0,86.0
51543,140.8,7.10,28.54,0.2027,4.93,3810.0,86.0
51549,149.3,6.70,28.55,0.1913,5.23,3810.0,86.0
51557,137.0,7.30,28.55,0.2084,4.80,3810.0,86.0
51563,147.1,6.80,28.55,0.1941,5.15,3810.0,86.0
51570,151.5,6.60,28.55,0.1884,5.31,3810.0,86.0
51577,133.3,7.50,28.55,0.2141,4.67,3810.0,86.0
51584,147.1,6.80,28.55,0.1942,5.15,3810.0,86.0
51591,151.5,6.60,28.55,0.1885,5.31,3810.0,86.0
51598,144.9,6.90,28.56,0.1970,5.07,3810.0,86.0
51605,142.9,7.00,28.56,0.1999,5.00,3810.0,86.0
51612,140.8,7.10,28.56,0.2028,4.93,3810.0,86.0
51619,144.9,6.90,28.56,0.1971,5.07,3810.0,86.0
51626,142.9,7.00,28.56,0.1999,5.00,3810.0,86.0
51633,142.9,7.00,28.56,0.1999,5.00,3810.0,86.0
51640,147.1,6.80,28.57,0.1942,5.15,3810.0,86.0
51646,147.1,6.80,28.57,0.1943,5.15,3810.0,86.0
51653,144.9,6.90,28.57,0.1971,5.07,3810.0,86.0
51660,144.9,6.90,28.57,0.1971,5.07,3810.0,86.0
51667,144.9,6.90,28.57,0.1971,5.07,3810.0,86.0
51674,144.9,6.90,28.57,0.1971,5.07,3810.0,86.0
51681,142.9,7.00,28.57,0.2000,5.00,3810.0,86.0
51688,140.8,7.10,28.58,0.2029,4.93,3810.0,86.0
51695,149.3,6.70,28.58,0.1915,5.22,3810.0,86.0
51702,144.9,6.90,28.58,0.1972,5.07,3810.0,86.0
51709,142.9,7.00,28.58,0.2001,5.00,3810.0,86.0
51716,144.9,6.90,28.58,0.1972,5.07,3810.0,86.0
51723,137.0,7.30,28.58,0.2087,4.79,3810.0,86.0
51730,147.1,6.80,28.58,0.1944,5.15,3810.0,86.0
51737,144.9,6.90,28.59,0.1972,5.07,3810.0,86.0
51743,147.1,6.80,28.59,0.1944,5.15,3810.0,86.0
51751,138.9,7.20,28.59,0.2058,4.86,3810.0,86.0
51758,135.1,7.40,28.59,0.2116,4.73,3810.0,86.0
51765,142.9,7.00,28.59,0.2001,5.00,3810.0,86.0
51771,153.8,6.50,28.59,0.1859,5.38,3810.0,86.0
51778,142.9,7.00,28.59,0.2002,5.00,3810.0,86.0
51786,138.9,7.20,28.60,0.2059,4.86,3810.0,86.0
51792,149.3,6.70,28.60,0.1916,5.22,3810.0,86.0
51799,144.9,6.90,28.60,0.1973,5.07,3810.0,86.0
51806,147.1,6.80,28.60,0.1945,5.14,3810.0,86.0
51813,137.0,7.30,28.60,0.2088,4.79,3810.0,86.0
51820,142.9,7.00,28.60,0.2002,5.00,3810.0,86.0
51827,140.8,7.10,28.60,0.2031,4.92,3810.0,86.0
51834,144.9,6.90,28.61,0.1974,5.07,3810.0,86.0
51841,142.9,7.00,28.61,0.2003,5.00,3810.0,86.0
51848,149.3,6.70,28.61,0.1917,5.22,3810.0,86.0
51855,140.8,7.10,28.61,0.2031,4.92,3810.0,86.0
51862,144.9,6.90,28.61,0.1974,5.06,3810.0,86.0
51869,142.9,7.00,28.61,0.2003,4.99,3810.0,86.0
51876,144.9,6.90,28.61,0.1974,5.06,3810.0,86.0
51883,144.9,6.90,28.62,0.1975,5.06,3810.0,86.0
51890,149.3,6.70,28.62,0.1917,5.22,3810.0,86.0
51896,144.9,6.90,28.62,0.1975,5.06,3810.0,86.0
51903,144.9,6.90,28.62,0.1975,5.06,3810.0,86.0
51910,140.8,7.10,28.62,0.2032,4.92,3810.0,86.0
51918,138.9,7.20,28.62,0.2061,4.85,3810.0,86.0
51924,147.1,6.80,28.62,0.1946,5.14,3810.0,86.0
51932,140.8,7.10,28.63,0.2032,4.92,3810.0,86.0
51938,144.9,6.90,28.63,0.1975,5.06,3810.0,86.0
51945,144.9,6.90,28.63,0.1975,5.06,3810.0,86.0
51952,140.8,7.10,28.63,0.2033,4.92,3810.0,86.0
51959,147.1,6.80,28.63,0.1947,5.14,3810.0,86.0
51966,144.9,6.90,28.63,0.1976,5.06,3810.0,86.0
51973,147.1,6.80,28.64,0.1947,5.14,3810.0,86.0
51980,140.8,7.10,28.64,0.2033,4.92,3810.0,86.0
51987,144.9,6.90,28.64,0.1976,5.06,3810.0,86.0
51994,140.8,7.10,28.64,0.2033,4.92,3810.0,86.0
52001,147.1,6.80,28.64,0.1948,5.14,3810.0,86.0
52008,138.9,7.20,28.64,0.2062,4.85,3810.0,86.0
52015,151.5,6.60,28.64,0.1890,5.29,3810.0,86.0
52022,140.8,7.10,28.65,0.2034,4.92,3810.0,86.0
52029,142.9,7.00,28.65,0.2005,4.99,3810.0,86.0
52036,142.9,7.00,28.65,0.2005,4.99,3810.0,86.0
52042,156.2,6.40,28.65,0.1834,5.45,3810.0,86.0
52049,138.9,7.20,28.65,0.2063,4.85,3810.0,86.0
52056,140.8,7.10,28.65,0.2034,4.91,3810.0,86.0
52063,142.9,7.00,28.65,0.2006,4.99,3810.0,86.0
52070,144.9,6.90,28.66,0.1977,5.06,3810.0,86.0
52077,142.9,7.00,28.66,0.2006,4.99,3810.0,86.0
52084,144.9,6.90,28.66,0.1977,5.06,3810.0,86.0
52091,147.1,6.80,28.66,0.1949,5.13,3810.0,86.0
52098,140.8,7.10,28.66,0.2035,4.91,3810.0,86.0
52105,156.2,6.40,28.66,0.1834,5.45,3810.0,86.0
52112,142.9,7.00,28.66,0.2007,4.99,3810.0,86.0
52118,147.1,6.80,28.67,0.1949,5.13,3810.0,86.0
52126,135.1,7.40,28.67,0.2121,4.71,3810.0,86.0
52133,140.8,7.10,28.67,0.2035,4.91,3810.0,86.0
52140,144.9,6.90,28.67,0.1978,5.05,3810.0,86.0
52147,140.8,7.10,28.67,0.2036,4.91,3810.0,86.0
52153,156.3,6.40,28.67,0.1835,5.45,3810.0,86.0
52161,137.0,7.30,28.67,0.2093,4.78,3810.0,86.0
52167,147.1,6.80,28.68,0.1950,5.13,3810.0,86.0
52174,147.1,6.80,28.68,0.1950,5.13,3810.0,86.0
52181,140.8,7.10,28.68,0.2036,4.91,3810.0,86.0
52188,144.9,6.90,28.68,0.1979,5.05,3810.0,86.0
52195,144.9,6.90,28.68,0.1979,5.05,3810.0,86.0
52202,137.0,7.30,28.68,0.2094,4.78,3810.0,86.0
52209,149.3,6.70,28.68,0.1922,5.20,3810.0,86.0
52216,142.9,7.00,28.69,0.2008,4.98,3810.0,86.0
52223,147.1,6.80,28.69,0.1951,5.13,3810.0,86.0
52230,140.8,7.10,28.69,0.2037,4.91,3810.0,86.0
52237,151.5,6.60,28.69,0.1894,5.28,3810.0,86.0
52244,142.9,7.00,28.69,0.2008,4.98,3810.0,86.0
52251,138.9,7.20,28.69,0.2066,4.84,3810.0,86.0
52258,144.9,6.90,28.69,0.1980,5.05,3810.0,86.0
52265,138.9,7.20,28.70,0.2066,4.84,3810.0,86.0
52272,142.9,7.00,28.70,0.2009,4.98,3810.0,86.0
52279,147.1,6.80,28.70,0.1952,5.13,3810.0,86.0
52285,151.5,6.60,28.70,0.1894,5.28,3810.0,86.0
52292,147.1,6.80,28.70,0.1952,5.13,3810.0,86.0
52299,147.1,6.80,28.70,0.1952,5.13,3810.0,86.0
52306,138.9,7.20,28.70,0.2066,4.84,3810.0,86.0
52313,142.9,7.00,28.70,0.2009,4.98,3810.0,86.0
52320,149.3,6.70,28.70,0.1923,5.20,3810.0,86.0
52327,144.9,6.90,28.70,0.1980,5.05,3810.0,86.0
52334,142.9,7.00,28.70,0.2009,4.98,3810.0,86.0
52340,147.1,6.80,28.70,0.1952,5.13,3810.0,86.0
52347,142.9,7.00,28.70,0.2009,4.98,3810.0,86.0
52354,142.9,7.00,28.70,0.2009,4.98,3810.0,86.0
52362,140.8,7.10,28.70,0.2038,4.91,3810.0,86.0
52369,142.9,7.00,28.70,0.2009,4.98,3810.0,86.0
52375,147.1,6.80,28.70,0.1952,5.13,3810.0,86.0
52382,142.9,7.00,28.70,0.2009,4.98,3810.0,86.0
52389,142.9,7.00,28.70,0.2009,4.98,3810.0,86.0
52396,147.1,6.80,28.70,0.1952,5.13,3810.0,86.0
52403,144.9,6.90,28.70,0.1980,5.05,3810.0,86.0
52410,137.0,7.30,28.70,0.2095,4.77,3810.0,86.0
52417,142.9,7.00,28.70,0.2009,4.98,3810.0,86.0
52424,147.1,6.80,28.70,0.1952,5.13,3810.0,86.0
52431,144.9,6.90,28.70,0.1980,5.05,3810.0,86.0
52438,144.9,6.90,28.70,0.1980,5.05,3810.0,86.0
52445,144.9,6.90,28.70,0.1980,5.05,3810.0,86.0
52452,135.1,7.40,28.70,0.2124,4.71,3810.0,86.0
52459,140.8,7.10,28.70,0.2038,4.91,3810.0,86.0
52466,142.9,7.00,28.70,0.2009,4.98,3810.0,86.0
52473,144.9,6.90,28.70,0.1980,5.05,3810.0,86.0
52480,144.9,6.90,28.70,0.1980,5.05,3810.0,86.0
52487,144.9,6.90,28.70,0.1980,5.05,3810.0,86.0
52494,142.9,7.00,28.70,0.2009,4.98,3810.0,86.0
52501,151.5,6.60,28.70,0.1894,5.28,3810.0,86.0
52508,137.0,7.30,28.70,0.2095,4.77,3810.0,86.0
52515,144.9,6.90,28.70,0.1980,5.05,3810.0,86.0
52521,151.5,6.60,28.70,0.1894,5.28,3810.0,86.0
52528,142.9,7.00,28.70,0.2009,4.98,3810.0,86.0
52535,142.9,7.00,28.70,0.2009,4.98,3810.0,86.0
52542,144.9,6.90,28.70,0.1980,5.05,3810.0,86.0
52549,144.9,6.90,28.70,0.1980,5.05,3810.0,86.0
52556,144.9,6.90,28.70,0.1980,5.05,3810.0,86.0
52563,144.9,6.90,28.70,0.1980,5.05,3810.0,86.0
52570,142.9,7.00,28.70,0.2009,4.98,3810.0,86.0
52577,147.1,6.80,28.70,0.1951,5.13,3810.0,86.0
52584,149.3,6.70,28.70,0.1923,5.20,3810.0,86.0
52591,142.9,7.00,28.70,0.2009,4.98,3810.0,86.0
52597,144.9,6.90,28.70,0.1980,5.05,3810.0,86.0
52604,142.9,7.00,28.70,0.2009,4.98,3810.0,86.0
52611,144.9,6.90,28.70,0.1980,5.05,3810.0,86.0
52618,142.9,7.00,28.70,0.2009,4.98,3810.0,86.0
52626,137.0,7.30,28.70,0.2095,4.77,3810.0,86.0
52632,149.3,6.70,28.70,0.1923,5.20,3810.0,86.0
52639,147.1,6.80,28.70,0.1951,5.13,3810.0,86.0
52646,144.9,6.90,28.70,0.1980,5.05,3810.0,86.0
52653,138.9,7.20,28.70,0.2066,4.84,3810.0,86.0
52660,142.9,7.00,28.70,0.2009,4.98,3810.0,86.0
52667,147.1,6.80,28.70,0.1951,5.13,3810.0,86.0
52674,142.9,7.00,28.70,0.2009,4.98,3810.0,86.0
52681,144.9,6.90,28.70,0.1980,5.05,3810.0,86.0
52688,137.0,7.30,28.70,0.2095,4.77,3810.0,86.0
52695,138.9,7.20,28.70,0.2066,4.84,3810.0,86.0
52702,144.9,6.90,28.70,0.1980,5.05,3810.0,86.0
52709,142.9,7.00,28.70,0.2009,4.98,3810.0,86.0
52716,147.1,6.80,28.70,0.1951,5.13,3810.0,86.0
52723,140.8,7.10,28.70,0.2037,4.91,3810.0,86.0
52730,144.9,6.90,28.70,0.1980,5.05,3810.0,86.0
52737,142.9,7.00,28.70,0.2009,4.98,3810.0,86.0
52744,144.9,6.90,28.70,0.1980,5.05,3810.0,86.0
52751,142.9,7.00,28.70,0.2009,4.98,3810.0,86.0
52758,144.9,6.90,28.70,0.1980,5.05,3810.0,86.0
52765,144.9,6.90,28.70,0.1980,5.05,3810.0,86.0
52772,149.3,6.70,28.70,0.1923,5.20,3810.0,86.0
52779,137.0,7.30,28.70,0.2095,4.77,3810.0,86.0
52786,149.3,6.70,28.69,0.1923,5.20,3810.0,86.0
52793,142.9,7.00,28.69,0.2009,4.98,3810.0,86.0
52800,142.9,7.00,28.69,0.2009,4.98,3810.0,86.0
52806,144.9,6.90,28.69,0.1980,5.05,3810.0,86.0
52813,142.9,7.00,28.69,0.2009,4.98,3810.0,86.0
52820,142.9,7.00,28.69,0.2009,4.98,3810.0,86.0
52827,144.9,6.90,28.69,0.1980,5.05,3810.0,86.0
52834,140.8,7.10,28.69,0.2037,4.91,3810.0,86.0
52841,149.3,6.70,28.69,0.1923,5.20,3810.0,86.0
52848,138.9,7.20,28.69,0.2066,4.84,3810.0,86.0
52855,147.1,6.80,28.69,0.1951,5.13,3810.0,86.0
52862,142.9,7.00,28.69,0.2009,4.98,3810.0,86.0
52869,144.9,6.90,28.69,0.1980,5.05,3810.0,86.0
52876,144.9,6.90,28.69,0.1980,5.05,3810.0,86.0
52883,147.1,6.80,28.69,0.1951,5.13,3810.0,86.0
52890,142.9,7.00,28.69,0.2009,4.98,3810.0,86.0
52897,140.8,7.10,28.69,0.2037,4.91,3810.0,86.0
52904,144.9,6.90,28.69,0.1980,5.05,3810.0,86.0
52911,144.9,6.90,28.69,0.1980,5.05,3810.0,86.0
52918,142.9,7.00,28.69,0.2009,4.98,3810.0,86.0
52924,147.1,6.80,28.69,0.1951,5.13,3810.0,86.0
52932,140.8,7.10,28.69,0.2037,4.91,3810.0,86.0
52938,156.2,6.40,28.69,0.1836,5.44,3810.0,86.0
52945,147.1,6.80,28.69,0.1951,5.13,3810.0,86.0
52952,137.0,7.30,28.69,0.2095,4.77,3810.0,86.0
52959,137.0,7.30,28.69,0.2095,4.77,3810.0,86.0
52966,144.9,6.90,28.69,0.1980,5.05,3810.0,86.0
52973,147.1,6.80,28.69,0.1951,5.13,3810.0,86.0
52980,140.8,7.10,28.69,0.2037,4.91,3810.0,86.0
52987,144.9,6.90,28.69,0.1980,5.05,3810.0,86.0
52994,144.9,6.90,28.69,0.1980,5.05,3810.0,86.0
53001,140.8,7.10,28.69,0.2037,4.91,3810.0,86.0
53008,142.9,7.00,28.69,0.2008,4.98,3810.0,86.0
53015,153.8,6.50,28.69,0.1865,5.36,3810.0,86.0
53022,138.9,7.20,28.69,0.2066,4.84,3810.0,86.0
53029,144.9,6.90,28.69,0.1980,5.05,3810.0,86.0
53036,140.8,7.10,28.69,0.2037,4.91,3810.0,86.0
53042,149.3,6.70,28.69,0.1922,5.20,3810.0,86.0
53049,142.9,7.00,28.69,0.2008,4.98,3810.0,86.0
53056,147.1,6.80,28.69,0.1951,5.13,3810.0,86.0
53064,137.0,7.30,28.69,0.2095,4.77,3810.0,86.0
53070,144.9,6.90,28.69,0.1980,5.05,3810.0,86.0
53077,144.9,6.90,28.69,0.1980,5.05,3810.0,86.0
53084,142.9,7.00,28.69,0.2008,4.98,3810.0,86.0
53091,144.9,6.90,28.69,0.1980,5.05,3810.0,86.0
53098,144.9,6.90,28.69,0.1980,5.05,3810.0,86.0
53105,140.8,7.10,28.69,0.2037,4.91,3810.0,86.0
53112,147.1,6.80,28.69,0.1951,5.13,3810.0,86.0
53119,142.9,7.00,28.69,0.2008,4.98,3810.0,86.0
53126,144.9,6.90,28.69,0.1980,5.05,3810.0,86.0
53133,142.9,7.00,28.69,0.2008,4.98,3810.0,86.0
53140,144.9,6.90,28.69,0.1980,5.05,3810.0,86.0
53147,140.8,7.10,28.69,0.2037,4.91,3810.0,86.0
53154,147.1,6.80,28.69,0.1951,5.13,3810.0,86.0
53161,129.9,7.70,28.69,0.2209,4.53,3810.0,86.0
53167,169.5,5.90,28.69,0.1693,5.91,3810.0,86.0
53174,144.9,6.90,28.69,0.1980,5.05,3810.0,86.0
53181,142.9,7.00,28.69,0.2008,4.98,3810.0,86.0
53188,142.9,7.00,28.69,0.2008,4.98,3810.0,86.0
53195,147.1,6.80,28.69,0.1951,5.13,3810.0,86.0
53202,142.9,7.00,28.69,0.2008,4.98,3810.0,86.0
53209,138.9,7.20,28.69,0.2066,4.84,3810.0,86.0
53216,140.8,7.10,28.69,0.2037,4.91,3810.0,86.0
53223,158.7,6.30,28.69,0.1808,5.53,3810.0,86.0
53230,138.9,7.20,28.69,0.2066,4.84,3810.0,86.0
53237,144.9,6.90,28.69,0.1980,5.05,3810.0,86.0
53244,138.9,7.20,28.69,0.2066,4.84,3810.0,86.0
53251,147.1,6.80,28.69,0.1951,5.13,3810.0,86.0
53258,138.9,7.20,28.69,0.2066,4.84,3810.0,86.0
53264,153.8,6.50,28.69,0.1865,5.36,3810.0,86.0
53271,144.9,6.90,28.69,0.1980,5.05,3810.0,86.0
53278,147.1,6.80,28.69,0.1951,5.13,3810.0,86.0
53285,140.8,7.10,28.69,0.2037,4.91,3810.0,86.0
53293,135.1,7.40,28.68,0.2123,4.71,3810.0,86.0
53300,142.9,7.00,28.68,0.2008,4.98,3810.0,86.0
53306,147.1,6.80,28.68,0.1950,5.13,3810.0,86.0
53314,140.8,7.10,28.67,0.2036,4.91,3810.0,86.0
53320,147.1,6.80,28.67,0.1949,5.13,3810.0,86.0
53327,142.9,7.00,28.66,0.2007,4.99,3810.0,86.0
53334,144.9,6.90,28.66,0.1978,5.06,3810.0,86.0
53341,142.9,7.00,28.66,0.2006,4.99,3810.0,86.0
53348,144.9,6.90,28.65,0.1977,5.06,3810.0,86.0
53355,142.9,7.00,28.65,0.2005,4.99,3810.0,86.0
53362,144.9,6.90,28.65,0.1977,5.06,3810.0,86.0
53369,147.1,6.80,28.64,0.1948,5.14,3810.0,86.0
53376,144.9,6.90,28.64,0.1976,5.06,3810.0,86.0
53383,147.1,6.80,28.63,0.1947,5.14,3810.0,86.0
53390,142.9,7.00,28.63,0.2004,4.99,3810.0,86.0
53397,137.0,7.30,28.63,0.2090,4.79,3810.0,86.0
53404,144.9,6.90,28.62,0.1975,5.06,3810.0,86.0
53410,149.3,6.70,28.62,0.1917,5.22,3810.0,86.0
53418,140.8,7.10,28.61,0.2032,4.92,3810.0,86.0
53424,144.9,6.90,28.61,0.1974,5.06,3810.0,86.0
53431,142.9,7.00,28.61,0.2002,5.00,3810.0,86.0
53438,142.9,7.00,28.60,0.2002,5.00,3810.0,86.0
53445,142.9,7.00,28.60,0.2002,5.00,3810.0,86.0
53452,142.9,7.00,28.59,0.2002,5.00,3810.0,86.0
53459,142.9,7.00,28.59,0.2001,5.00,3810.0,86.0
53466,144.9,6.90,28.59,0.1973,5.07,3810.0,86.0
53473,153.8,6.50,28.58,0.1858,5.38,3810.0,86.0
53480,138.9,7.20,28.58,0.2058,4.86,3810.0,86.0
53487,144.9,6.90,28.58,0.1972,5.07,3810.0,86.0
53494,142.9,7.00,28.57,0.2000,5.00,3810.0,86.0
53501,149.3,6.70,28.57,0.1914,5.23,3810.0,86.0
53507,149.3,6.70,28.56,0.1914,5.23,3810.0,86.0
53514,149.3,6.70,28.56,0.1914,5.23,3810.0,86.0
53521,140.8,7.10,28.56,0.2027,4.93,3810.0,86.0
53528,137.0,7.30,28.55,0.2084,4.80,3810.0,86.0
53536,140.8,7.10,28.55,0.2027,4.93,3810.0,86.0
53543,142.9,7.00,28.54,0.1998,5.01,3810.0,86.0
53549,149.3,6.70,28.54,0.1912,5.23,3810.0,86.0
53556,144.9,6.90,28.54,0.1969,5.08,3810.0,86.0
53563,144.9,6.90,28.53,0.1969,5.08,3810.0,86.0
53570,144.9,6.90,28.53,0.1968,5.08,3810.0,86.0
53577,147.1,6.80,28.52,0.1940,5.16,3810.0,86.0
53584,147.1,6.80,28.52,0.1939,5.16,3810.0,86.0
53590,147.1,6.80,28.52,0.1939,5.16,3810.0,86.0
53597,140.8,7.10,28.51,0.2024,4.94,3810.0,86.0
53605,135.1,7.40,28.51,0.2110,4.74,3810.0,86.0
53612,138.9,7.20,28.51,0.2052,4.87,3810.0,86.0
53619,142.9,7.00,28.50,0.1995,5.01,3810.0,86.0
53626,144.9,6.90,28.50,0.1966,5.08,3810.0,86.0
53633,142.9,7.00,28.49,0.1995,5.02,3810.0,86.0
53640,147.1,6.80,28.49,0.1937,5.16,3810.0,86.0
53647,142.9,7.00,28.49,0.1994,5.02,3810.0,86.0
53654,144.9,6.90,28.48,0.1965,5.09,3810.0,86.0
53661,142.9,7.00,28.48,0.1993,5.02,3810.0,86.0
53667,151.5,6.60,28.47,0.1879,5.32,3810.0,86.0
53674,142.9,7.00,28.47,0.1993,5.02,3810.0,86.0
53681,138.9,7.20,28.47,0.2050,4.88,3810.0,86.0
53688,144.9,6.90,28.46,0.1964,5.09,3810.0,86.0
53695,142.9,7.00,28.46,0.1992,5.02,3810.0,86.0
53702,142.9,7.00,28.45,0.1992,5.02,3810.0,86.0
53709,147.1,6.80,28.45,0.1935,5.17,3810.0,86.0
53716,142.9,7.00,28.45,0.1991,5.02,3810.0,86.0
53723,142.9,7.00,28.44,0.1991,5.02,3810.0,86.0
53730,149.3,6.70,28.44,0.1905,5.25,3810.0,86.0
53737,147.1,6.80,28.44,0.1934,5.17,3810.0,86.0
53743,147.1,6.80,28.43,0.1933,5.17,3810.0,86.0
53751,137.0,7.30,28.43,0.2075,4.82,3810.0,86.0
53758,147.1,6.80,28.42,0.1933,5.18,3810.0,86.0
53765,138.9,7.20,28.42,0.2046,4.89,3810.0,86.0
53771,149.3,6.70,28.42,0.1904,5.25,3810.0,86.0
53778,147.1,6.80,28.41,0.1932,5.18,3810.0,86.0
53785,140.8,7.10,28.41,0.2017,4.96,3810.0,86.0
53792,142.9,7.00,28.40,0.1988,5.03,3810.0,86.0
53799,149.3,6.70,28.40,0.1903,5.26,3810.0,86.0
53806,144.9,6.90,28.40,0.1959,5.10,3810.0,86.0
53813,147.1,6.80,28.39,0.1931,5.18,3810.0,86.0
53820,142.9,7.00,28.39,0.1987,5.03,3810.0,86.0
53827,147.1,6.80,28.38,0.1930,5.18,3810.0,86.0
53833,144.9,6.90,28.38,0.1958,5.11,3810.0,86.0
53840,142.9,7.00,28.38,0.1986,5.04,3810.0,86.0
53847,142.9,7.00,28.37,0.1986,5.04,3810.0,86.0
53854,147.1,6.80,28.37,0.1929,5.19,3810.0,86.0
53861,142.9,7.00,28.37,0.1986,5.04,3810.0,86.0
53868,138.9,7.20,28.36,0.2042,4.90,3810.0,86.0
53875,144.9,6.90,28.36,0.1957,5.11,3810.0,86.0
53882,144.9,6.90,28.35,0.1956,5.11,3810.0,86.0
53889,147.1,6.80,28.35,0.1928,5.19,3810.0,86.0
53896,140.8,7.10,28.35,0.2013,4.97,3810.0,86.0
53903,144.9,6.90,28.34,0.1956,5.11,3810.0,86.0
53910,149.3,6.70,28.34,0.1899,5.27,3810.0,86.0
53917,142.9,7.00,28.33,0.1983,5.04,3810.0,86.0
53924,140.8,7.10,28.33,0.2011,4.97,3810.0,86.0
53931,144.9,6.90,28.33,0.1955,5.12,3810.0,86.0
53938,144.9,6.90,28.32,0.1954,5.12,3810.0,86.0
53945,142.9,7.00,28.32,0.1982,5.05,3810.0,86.0
53952,142.9,7.00,28.31,0.1982,5.05,3810.0,86.0
53958,147.1,6.80,28.31,0.1925,5.20,3810.0,86.0
53966,140.8,7.10,28.31,0.2010,4.97,3810.0,86.0
53972,144.9,6.90,28.30,0.1953,5.12,3810.0,86.0
53979,144.9,6.90,28.30,0.1953,5.12,3810.0,86.0
53986,142.9,7.00,28.30,0.1981,5.05,3810.0,86.0
53993,144.9,6.90,28.29,0.1952,5.12,3810.0,86.0
54000,144.9,6.90,28.29,0.1952,5.12,3810.0,86.0
54007,142.9,7.00,28.28,0.1980,5.05,3810.0,86.0
54014,142.9,7.00,28.28,0.1980,5.05,3810.0,86.0
54021,144.9,6.90,28.28,0.1951,5.12,3810.0,86.0
54028,144.9,6.90,28.27,0.1951,5.13,3810.0,86.0
54035,142.9,7.00,28.27,0.1979,5.06,3810.0,86.0
54042,144.9,6.90,28.26,0.1950,5.13,3810.0,86.0
54049,142.9,7.00,28.26,0.1978,5.06,3810.0,86.0
54056,147.1,6.80,28.26,0.1921,5.21,3810.0,86.0
54063,142.9,7.00,28.25,0.1978,5.06,3810.0,86.0
54070,142.9,7.00,28.25,0.1977,5.06,3810.0,86.0
54077,140.8,7.10,28.24,0.2005,4.98,3810.0,86.0
54084,144.9,6.90,28.24,0.1949,5.13,3810.0,86.0
54091,144.9,6.90,28.24,0.1948,5.13,3810.0,86.0
54097,147.1,6.80,28.23,0.1920,5.21,3810.0,86.0
54104,142.9,7.00,28.23,0.1976,5.06,3810.0,86.0
54111,142.9,7.00,28.23,0.1976,5.06,3810.0,86.0
54118,147.1,6.80,28.22,0.1919,5.21,3810.0,86.0
54125,142.9,7.00,28.22,0.1975,5.06,3810.0,86.0
54132,142.9,7.00,28.21,0.1975,5.06,3810.0,86.0
54139,142.9,7.00,28.21,0.1975,5.07,3810.0,86.0
54146,147.1,6.80,28.21,0.1918,5.22,3810.0,86.0
54153,140.8,7.10,28.20,0.2002,4.99,3810.0,86.0
54160,147.1,6.80,28.20,0.1917,5.22,3810.0,86.0
54167,142.9,7.00,28.19,0.1974,5.07,3810.0,86.0
54174,142.9,7.00,28.19,0.1973,5.07,3810.0,86.0
54181,142.9,7.00,28.19,0.1973,5.07,3810.0,86.0
54188,147.1,6.80,28.18,0.1916,5.22,3810.0,86.0
54195,142.9,7.00,28.18,0.1973,5.07,3810.0,86.0
54202,144.9,6.90,28.17,0.1944,5.14,3810.0,86.0
54209,142.9,7.00,28.17,0.1972,5.07,3810.0,86.0
54215,144.9,6.90,28.17,0.1944,5.14,3810.0,86.0
54222,142.9,7.00,28.16,0.1971,5.07,3810.0,86.0
54229,147.1,6.80,28.16,0.1915,5.22,3810.0,86.0
54236,142.9,7.00,28.16,0.1971,5.08,3810.0,86.0
54243,142.9,7.00,28.15,0.1971,5.08,3810.0,86.0
54250,144.9,6.90,28.15,0.1942,5.15,3810.0,86.0
54257,144.9,6.90,28.14,0.1942,5.15,3810.0,86.0
54264,142.9,7.00,28.14,0.1970,5.08,3810.0,86.0
54271,142.9,7.00,28.14,0.1970,5.08,3810.0,86.0
54278,144.9,6.90,28.13,0.1941,5.15,3810.0,86.0
54285,140.8,7.10,28.13,0.1997,5.01,3810.0,86.0
54292,147.1,6.80,28.12,0.1912,5.23,3810.0,86.0
54299,144.9,6.90,28.11,0.1940,5.15,3810.0,86.0
54306,142.9,7.00,28.10,0.1967,5.08,3810.0,86.0
54313,142.9,7.00,28.09,0.1967,5.09,3810.0,86.0
54320,144.9,6.90,28.09,0.1938,5.16,3810.0,86.0
54327,144.9,6.90,28.08,0.1937,5.16,3810.0,86.0
54334,142.9,7.00,28.07,0.1965,5.09,3810.0,86.0
54340,144.9,6.90,28.06,0.1936,5.16,3810.0,86.0
54347,142.9,7.00,28.06,0.1964,5.09,3810.0,86.0
54354,142.9,7.00,28.05,0.1963,5.09,3810.0,86.0
54362,138.9,7.20,28.04,0.2019,4.95,3810.0,86.0
54369,142.9,7.00,28.03,0.1962,5.10,3810.0,86.0
54376,144.9,6.90,28.02,0.1934,5.17,3810.0,86.0
54382,144.9,6.90,28.02,0.1933,5.17,3810.0,86.0
54390,137.0,7.30,28.01,0.2045,4.89,3810.0,86.0
54397,142.9,7.00,28.00,0.1960,5.10,3810.0,86.0
54404,144.9,6.90,27.99,0.1931,5.18,3810.0,86.0
54411,144.9,6.90,27.98,0.1931,5.18,3810.0,86.0
54417,147.1,6.80,27.98,0.1902,5.26,3810.0,86.0
54424,142.9,7.00,27.97,0.1958,5.11,3810.0,86.0
54431,142.9,7.00,27.96,0.1957,5.11,3810.0,86.0
54438,151.5,6.60,27.95,0.1845,5.42,3810.0,86.0
54445,149.3,6.70,27.95,0.1872,5.34,3810.0,86.0
54452,144.9,6.90,27.94,0.1928,5.19,3810.0,86.0
54459,142.9,7.00,27.93,0.1955,5.12,3810.0,86.0
54466,142.9,7.00,27.92,0.1955,5.12,3810.0,86.0
54472,147.1,6.80,27.92,0.1898,5.27,3810.0,86.0
54479,142.9,7.00,27.91,0.1954,5.12,3810.0,86.0
54486,144.9,6.90,27.90,0.1925,5.19,3810.0,86.0
54493,140.8,7.10,27.89,0.1980,5.05,3810.0,86.0
54500,147.1,6.80,27.88,0.1896,5.28,3810.0,86.0
54507,147.1,6.80,27.88,0.1896,5.28,3810.0,86.0
54514,140.8,7.10,27.87,0.1979,5.05,3810.0,86.0
54521,144.9,6.90,27.86,0.1922,5.20,3810.0,86.0
54528,133.3,7.50,27.85,0.2089,4.79,3810.0,86.0
54535,147.1,6.80,27.84,0.1893,5.28,3810.0,86.0
54542,147.1,6.80,27.84,0.1893,5.28,3810.0,86.0
54549,149.3,6.70,27.83,0.1864,5.37,3810.0,86.0
54556,144.9,6.90,27.82,0.1920,5.21,3810.0,86.0
54563,138.9,7.20,27.81,0.2002,4.99,3810.0,86.0
54570,144.9,6.90,27.80,0.1919,5.21,3810.0,86.0
54577,147.1,6.80,27.80,0.1890,5.29,3810.0,86.0
54584,140.8,7.10,27.79,0.1973,5.07,3810.0,86.0
54590,147.1,6.80,27.78,0.1889,5.29,3810.0,86.0
54598,140.8,7.10,27.77,0.1972,5.07,3810.0,86.0
54605,138.9,7.20,27.77,0.1999,5.00,3810.0,86.0
54612,147.1,6.80,27.76,0.1887,5.30,3810.0,86.0
54618,144.9,6.90,27.75,0.1915,5.22,3810.0,86.0
54625,149.3,6.70,27.74,0.1859,5.38,3810.0,86.0
54632,142.9,7.00,27.73,0.1941,5.15,3810.0,86.0
54639,142.9,7.00,27.73,0.1941,5.15,3810.0,86.0
54646,144.9,6.90,27.72,0.1913,5.23,3810.0,86.0
54653,144.9,6.90,27.71,0.1912,5.23,3810.0,86.0
54660,142.9,7.00,27.70,0.1939,5.16,3810.0,86.0
54667,144.9,6.90,27.69,0.1911,5.23,3810.0,86.0
54674,142.9,7.00,27.69,0.1938,5.16,3810.0,86.0
54681,144.9,6.90,27.68,0.1910,5.23,3810.0,86.0
54688,144.9,6.90,27.67,0.1909,5.24,3810.0,86.0
54695,144.9,6.90,27.66,0.1909,5.24,3810.0,86.0
54702,138.9,7.20,27.66,0.1991,5.02,3810.0,86.0
54708,149.3,6.70,27.65,0.1852,5.40,3810.0,86.0
54716,140.8,7.10,27.64,0.1962,5.09,3810.0,86.0
54722,144.9,6.90,27.63,0.1907,5.24,3810.0,86.0
54729,147.1,6.80,27.62,0.1878,5.32,3810.0,86.0
54736,142.9,7.00,27.62,0.1933,5.17,3810.0,86.0
54743,142.9,7.00,27.61,0.1933,5.18,3810.0,86.0
54750,140.8,7.10,27.60,0.1960,5.10,3810.0,86.0
54757,147.1,6.80,27.59,0.1876,5.33,3810.0,86.0
54764,144.9,6.90,27.59,0.1903,5.25,3810.0,86.0
54771,144.9,6.90,27.58,0.1903,5.25,3810.0,86.0
54778,142.9,7.00,27.57,0.1930,5.18,3810.0,86.0
54785,144.9,6.90,27.56,0.1902,5.26,3810.0,86.0
54792,140.8,7.10,27.55,0.1956,5.11,3810.0,86.0
54799,144.9,6.90,27.55,0.1901,5.26,3810.0,86.0
54806,140.8,7.10,27.54,0.1955,5.11,3810.0,86.0
54813,149.3,6.70,27.53,0.1845,5.42,3810.0,86.0
54820,142.9,7.00,27.52,0.1927,5.19,3810.0,86.0
54827,144.9,6.90,27.51,0.1898,5.27,3810.0,86.0
54834,142.9,7.00,27.51,0.1925,5.20,3810.0,86.0
54840,147.1,6.80,27.50,0.1870,5.35,3810.0,86.0
54847,140.8,7.10,27.49,0.1952,5.12,3810.0,86.0
54854,144.9,6.90,27.48,0.1896,5.27,3810.0,86.0
54861,144.9,6.90,27.48,0.1896,5.27,3810.0,86.0
54868,142.9,7.00,27.47,0.1923,5.20,3810.0,86.0
54875,144.9,6.90,27.46,0.1895,5.28,3810.0,86.0
54882,142.9,7.00,27.45,0.1922,5.21,3810.0,86.0
54889,144.9,6.90,27.44,0.1894,5.28,3810.0,86.0
54896,144.9,6.90,27.44,0.1893,5.28,3810.0,86.0
54903,142.9,7.00,27.43,0.1920,5.21,3810.0,86.0
54910,140.8,7.10,27.42,0.1947,5.13,3810.0,86.0
54917,149.3,6.70,27.41,0.1837,5.45,3810.0,86.0
54924,140.8,7.10,27.40,0.1946,5.14,3810.0,86.0
54931,144.9,6.90,27.40,0.1890,5.29,3810.0,86.0
54938,144.9,6.90,27.39,0.1890,5.29,3810.0,86.0
54945,144.9,6.90,27.38,0.1889,5.29,3810.0,86.0
54952,140.8,7.10,27.37,0.1943,5.14,3810.0,86.0
54959,144.9,6.90,27.36,0.1888,5.30,3810.0,86.0
54965,144.9,6.90,27.36,0.1888,5.30,3810.0,86.0
54972,142.9,7.00,27.35,0.1915,5.22,3810.0,86.0
54979,144.9,6.90,27.34,0.1887,5.30,3810.0,86.0
54986,142.9,7.00,27.33,0.1913,5.23,3810.0,86.0
54993,142.9,7.00,27.33,0.1913,5.23,3810.0,86.0
55000,142.9,7.00,27.32,0.1912,5.23,3810.0,86.0
55007,140.8,7.10,27.31,0.1939,5.16,3810.0,86.0
55014,144.9,6.90,27.30,0.1884,5.31,3810.0,86.0
55021,140.8,7.10,27.29,0.1938,5.16,3810.0,86.0
55028,147.1,6.80,27.29,0.1856,5.39,3810.0,86.0
55035,140.8,7.10,27.28,0.1937,5.16,3810.0,86.0
55042,144.9,6.90,27.27,0.1882,5.31,3810.0,86.0
55049,140.8,7.10,27.26,0.1936,5.16,3810.0,86.0
55056,149.3,6.70,27.26,0.1826,5.48,3810.0,86.0
55063,138.9,7.20,27.25,0.1962,5.10,3810.0,86.0
55070,142.9,7.00,27.24,0.1907,5.25,3810.0,86.0
55077,142.9,7.00,27.23,0.1906,5.25,3810.0,86.0
55084,144.9,6.90,27.22,0.1878,5.32,3810.0,86.0
55091,151.5,6.60,27.22,0.1796,5.57,3810.0,86.0
55097,149.3,6.70,27.21,0.1823,5.49,3810.0,86.0
55104,144.9,6.90,27.20,0.1877,5.33,3810.0,86.0
55111,142.9,7.00,27.19,0.1904,5.25,3810.0,86.0
55118,142.9,7.00,27.19,0.1903,5.26,3810.0,86.0
55126,137.0,7.30,27.18,0.1984,5.04,3810.0,86.0
55133,142.9,7.00,27.17,0.1902,5.26,3810.0,86.0
55140,142.9,7.00,27.16,0.1901,5.26,3810.0,86.0
55146,147.1,6.80,27.15,0.1846,5.42,3810.0,86.0
55153,142.9,7.00,27.15,0.1900,5.26,3810.0,86.0
55160,147.1,6.80,27.14,0.1845,5.42,3810.0,86.0
55168,131.6,7.60,27.13,0.2062,4.85,3810.0,86.0
55174,158.7,6.30,27.12,0.1709,5.85,3810.0,86.0
55181,142.9,7.00,27.11,0.1898,5.27,3810.0,86.0
55188,147.1,6.80,27.11,0.1843,5.43,3810.0,86.0
55195,140.8,7.10,27.10,0.1924,5.20,3810.0,86.0
55202,144.9,6.90,27.09,0.1869,5.35,3810.0,86.0
55209,149.3,6.70,27.08,0.1815,5.51,3810.0,86.0
55216,144.9,6.90,27.07,0.1868,5.35,3810.0,86.0
55223,140.8,7.10,27.07,0.1922,5.20,3810.0,86.0
55230,138.9,7.20,27.06,0.1948,5.13,3810.0,86.0
55237,147.1,6.80,27.05,0.1839,5.44,3810.0,86.0
55244,144.9,6.90,27.04,0.1866,5.36,3810.0,86.0
55250,149.3,6.70,27.04,0.1811,5.52,3810.0,86.0
55257,142.9,7.00,27.03,0.1892,5.29,3810.0,86.0
55264,142.9,7.00,27.02,0.1891,5.29,3810.0,86.0
55271,142.9,7.00,27.01,0.1891,5.29,3810.0,86.0
55278,142.9,7.00,27.00,0.1890,5.29,3810.0,86.0
55285,140.8,7.10,27.00,0.1917,5.21,3810.0,86.0
55293,138.9,7.20,27.00,0.1944,5.14,3810.0,86.0
55299,144.9,6.90,27.00,0.1863,5.37,3810.0,86.0
55306,147.1,6.80,27.00,0.1836,5.45,3810.0,86.0
55313,144.9,6.90,27.00,0.1863,5.37,3810.0,86.0
55320,147.1,6.80,27.00,0.1836,5.45,3810.0,86.0
55327,138.9,7.20,27.00,0.1944,5.14,3810.0,86.0
55334,149.3,6.70,27.00,0.1809,5.53,3810.0,85.9
55341,149.3,6.70,27.00,0.1809,5.53,3810.0,85.9
55347,144.9,6.90,27.00,0.1863,5.37,3810.0,85.9
55354,144.9,6.90,27.00,0.1863,5.37,3810.0,85.9
55362,137.0,7.30,27.00,0.1971,5.07,3810.0,85.9
55369,142.9,7.00,27.00,0.1890,5.29,3810.0,85.9
55375,147.1,6.80,27.00,0.1836,5.45,3810.0,85.9
55383,135.1,7.40,27.00,0.1998,5.00,3810.0,85.9
55390,149.3,6.70,27.00,0.1809,5.53,3810.0,85.9
55396,147.1,6.80,27.00,0.1836,5.45,3810.0,85.9
55403,140.8,7.10,27.00,0.1917,5.22,3810.0,85.9
55410,151.5,6.60,26.99,0.1782,5.61,3810.0,85.9
55417,137.0,7.30,26.99,0.1971,5.08,3810.0,85.9
55424,142.9,7.00,26.99,0.1890,5.29,3810.0,85.9
55431,140.8,7.10,26.99,0.1917,5.22,3810.0,85.9
55438,142.9,7.00,26.99,0.1890,5.29,3810.0,85.8
55445,147.1,6.80,26.99,0.1836,5.45,3810.0,85.8
55452,147.1,6.80,26.99,0.1836,5.45,3810.0,85.8
55459,142.9,7.00,26.99,0.1890,5.29,3810.0,85.8
55466,144.9,6.90,26.99,0.1862,5.37,3810.0,85.8
55473,144.9,6.90,26.99,0.1862,5.37,3810.0,85.8
55480,144.9,6.90,26.99,0.1862,5.37,3810.0,85.8
55487,142.9,7.00,26.99,0.1889,5.29,3810.0,85.8
55494,140.8,7.10,26.99,0.1916,5.22,3810.0,85.8
55501,140.8,7.10,26.99,0.1916,5.22,3810.0,85.8
55508,147.1,6.80,26.99,0.1835,5.45,3810.0,85.8
55514,149.3,6.70,26.99,0.1808,5.53,3810.0,85.8
55522,137.0,7.30,26.99,0.1970,5.08,3810.0,85.8
55528,149.3,6.70,26.99,0.1808,5.53,3810.0,85.8
55535,147.1,6.80,26.99,0.1835,5.45,3810.0,85.7
55542,142.9,7.00,26.99,0.1889,5.29,3810.0,85.7
55549,147.1,6.80,26.99,0.1835,5.45,3810.0,85.7
55556,149.3,6.70,26.99,0.1808,5.53,3810.0,85.7
55563,144.9,6.90,26.99,0.1862,5.37,3810.0,85.7
55570,142.9,7.00,26.99,0.1889,5.29,3810.0,85.7
55577,142.9,7.00,26.99,0.1889,5.29,3810.0,85.7
55583,147.1,6.80,26.99,0.1835,5.45,3810.0,85.7
55591,140.8,7.10,26.99,0.1916,5.22,3810.0,85.7
55598,142.9,7.00,26.99,0.1889,5.30,3810.0,85.7
55605,142.9,7.00,26.99,0.1889,5.30,3810.0,85.7
55611,144.9,6.90,26.99,0.1862,5.37,3810.0,85.7
55618,142.9,7.00,26.99,0.1889,5.30,3810.0,85.7
55625,142.9,7.00,26.99,0.1889,5.30,3810.0,85.7
55633,140.8,7.10,26.99,0.1916,5.22,3810.0,85.6
55640,142.9,7.00,26.99,0.1889,5.30,3810.0,85.6
55646,149.3,6.70,26.99,0.1808,5.53,3810.0,85.6
55653,140.8,7.10,26.99,0.1916,5.22,3810.0,85.6
55660,142.9,7.00,26.98,0.1889,5.30,3810.0,85.6
55667,147.1,6.80,26.98,0.1835,5.45,3810.0,85.6
55674,140.8,7.10,26.98,0.1916,5.22,3810.0,85.6
55681,142.9,7.00,26.98,0.1889,5.30,3810.0,85.6
55688,142.9,7.00,26.98,0.1889,5.30,3810.0,85.6
55695,140.8,7.10,26.98,0.1916,5.22,3810.0,85.6
55702,144.9,6.90,26.98,0.1862,5.37,3810.0,85.6
55709,144.9,6.90,26.98,0.1862,5.37,3810.0,85.6
55716,138.9,7.20,26.98,0.1943,5.15,3810.0,85.6
55723,149.3,6.70,26.98,0.1808,5.53,3810.0,85.6
55730,142.9,7.00,26.98,0.1889,5.30,3810.0,85.6
55737,144.9,6.90,26.98,0.1862,5.37,3810.0,85.5
55744,142.9,7.00,26.98,0.1889,5.30,3810.0,85.5
55751,144.9,6.90,26.98,0.1862,5.37,3810.0,85.5
55757,151.5,6.60,26.98,0.1781,5.62,3810.0,85.5
55764,142.9,7.00,26.98,0.1889,5.30,3810.0,85.5
55771,144.9,6.90,26.98,0.1862,5.37,3810.0,85.5
55778,144.9,6.90,26.98,0.1862,5.37,3810.0,85.5
55785,144.9,6.90,26.98,0.1862,5.37,3810.0,85.5
55792,142.9,7.00,26.98,0.1889,5.30,3810.0,85.5
55799,142.9,7.00,26.98,0.1889,5.30,3810.0,85.5
55806,138.9,7.20,26.98,0.1942,5.15,3810.0,85.5
55813,144.9,6.90,26.98,0.1862,5.37,3810.0,85.5
55820,140.8,7.10,26.98,0.1915,5.22,3810.0,85.5
55827,140.8,7.10,26.98,0.1915,5.22,3810.0,85.5
55834,153.8,6.50,26.98,0.1754,5.70,3810.0,85.4
55841,144.9,6.90,26.98,0.1861,5.37,3810.0,85.4
55848,142.9,7.00,26.98,0.1888,5.30,3810.0,85.4
55855,138.9,7.20,26.98,0.1942,5.15,3810.0,85.4
55862,144.9,6.90,26.98,0.1861,5.37,3810.0,85.4
55869,142.9,7.00,26.98,0.1888,5.30,3810.0,85.4
55876,144.9,6.90,26.98,0.1861,5.37,3810.0,85.4
55882,151.5,6.60,26.98,0.1780,5.62,3810.0,85.4
55889,149.3,6.70,26.98,0.1807,5.53,3810.0,85.4
55896,140.8,7.10,26.98,0.1915,5.22,3810.0,85.4
55903,149.3,6.70,26.98,0.1807,5.53,3810.0,85.4
55910,140.8,7.10,26.97,0.1915,5.22,3810.0,85.4
55917,151.5,6.60,26.97,0.1780,5.62,3810.0,85.4
55924,133.3,7.50,26.97,0.2023,4.94,3810.0,85.4
55931,147.1,6.80,26.97,0.1834,5.45,3810.0,85.4
55938,147.1,6.80,26.97,0.1834,5.45,3810.0,85.3
55945,147.1,6.80,26.97,0.1834,5.45,3810.0,85.3
55952,135.1,7.40,26.97,0.1996,5.01,3810.0,85.3
55959,144.9,6.90,26.97,0.1861,5.37,3810.0,85.3
55966,147.1,6.80,26.97,0.1834,5.45,3810.0,85.3
55972,147.1,6.80,26.97,0.1834,5.45,3810.0,85.3
55979,147.1,6.80,26.97,0.1834,5.45,3810.0,85.3
55986,142.9,7.00,26.97,0.1888,5.30,3810.0,85.3
55993,144.9,6.90,26.97,0.1861,5.37,3810.0,85.3
56000,142.9,7.00,26.97,0.1888,5.30,3810.0,85.3
56007,144.9,6.90,26.97,0.1861,5.37,3810.0,85.3
56014,140.8,7.10,26.97,0.1915,5.22,3810.0,85.3
56021,147.1,6.80,26.97,0.1834,5.45,3810.0,85.3
56028,142.9,7.00,26.97,0.1888,5.30,3810.0,85.3
56035,142.9,7.00,26.97,0.1888,5.30,3810.0,85.2
56042,144.9,6.90,26.97,0.1861,5.37,3810.0,85.2
56049,144.9,6.90,26.97,0.1861,5.37,3810.0,85.2
56056,140.8,7.10,26.97,0.1915,5.22,3810.0,85.2
56063,147.1,6.80,26.97,0.1834,5.45,3810.0,85.2
56070,144.9,6.90,26.97,0.1861,5.37,3810.0,85.2
56077,142.9,7.00,26.97,0.1888,5.30,3810.0,85.2
56083,144.9,6.90,26.97,0.1861,5.37,3810.0,85.2
56090,142.9,7.00,26.97,0.1888,5.30,3810.0,85.2
56097,144.9,6.90,26.97,0.1861,5.37,3810.0,85.2
56104,140.8,7.10,26.97,0.1915,5.22,3810.0,85.2
56111,147.1,6.80,26.97,0.1834,5.45,3810.0,85.2
56118,144.9,6.90,26.97,0.1861,5.37,3810.0,85.2
56125,147.1,6.80,26.97,0.1834,5.45,3810.0,85.2
56132,140.8,7.10,26.97,0.1915,5.22,3810.0,85.2
56139,142.9,7.00,26.97,0.1888,5.30,3810.0,85.1
56146,147.1,6.80,26.97,0.1834,5.46,3810.0,85.1
56153,140.8,7.10,26.97,0.1915,5.22,3810.0,85.1
56160,140.8,7.10,26.96,0.1915,5.22,3810.0,85.1
56167,147.1,6.80,26.96,0.1834,5.46,3810.0,85.1
56174,142.9,7.00,26.96,0.1888,5.30,3810.0,85.1
56181,142.9,7.00,26.96,0.1887,5.30,3810.0,85.1
56188,137.0,7.30,26.96,0.1968,5.08,3810.0,85.1
56195,142.9,7.00,26.96,0.1887,5.30,3810.0,85.1
56202,149.3,6.70,26.96,0.1807,5.54,3810.0,85.1
56209,147.1,6.80,26.96,0.1833,5.46,3810.0,85.1
56215,147.1,6.80,26.96,0.1833,5.46,3810.0,85.1
56222,142.9,7.00,26.96,0.1887,5.30,3810.0,85.1
56229,142.9,7.00,26.96,0.1887,5.30,3810.0,85.1
56237,138.9,7.20,26.96,0.1941,5.15,3810.0,85.0
56244,144.9,6.90,26.96,0.1860,5.37,3810.0,85.0
56250,149.3,6.70,26.96,0.1806,5.54,3810.0,85.0
56257,142.9,7.00,26.96,0.1887,5.30,3810.0,85.0
56265,137.0,7.30,26.96,0.1968,5.08,3810.0,85.0
56271,149.3,6.70,26.96,0.1806,5.54,3810.0,85.0
56278,144.9,6.90,26.96,0.1860,5.37,3810.0,85.0
56285,140.8,7.10,26.96,0.1914,5.22,3810.0,85.0
56292,147.1,6.80,26.96,0.1833,5.46,3810.0,85.0
56299,144.9,6.90,26.96,0.1860,5.38,3810.0,85.0
56306,144.9,6.90,26.96,0.1860,5.38,3810.0,85.0
56313,144.9,6.90,26.96,0.1860,5.38,3810.0,85.0
56320,142.9,7.00,26.95,0.1887,5.30,3810.0,85.0
56327,140.8,7.10,26.95,0.1914,5.22,3810.0,85.0
56334,142.9,7.00,26.95,0.1887,5.30,3810.0,85.0
56341,144.9,6.90,26.95,0.1860,5.38,3810.0,85.0
56348,144.9,6.90,26.95,0.1860,5.38,3810.0,85.0
56354,147.1,6.80,26.95,0.1833,5.46,3810.0,85.0
56361,144.9,6.90,26.95,0.1859,5.38,3810.0,85.0
56369,138.9,7.20,26.95,0.1940,5.15,3810.0,85.0
56375,147.1,6.80,26.95,0.1832,5.46,3810.0,85.0
56382,147.1,6.80,26.95,0.1832,5.46,3810.0,85.0
56389,144.9,6.90,26.94,0.1859,5.38,3810.0,85.0
56396,144.9,6.90,26.94,0.1859,5.38,3810.0,85.0
56403,147.1,6.80,26.94,0.1832,5.46,3810.0,85.0
56410,138.9,7.20,26.94,0.1940,5.16,3810.0,85.0
56417,147.1,6.80,26.94,0.1832,5.46,3810.0,85.0
56424,142.9,7.00,26.94,0.1886,5.30,3810.0,85.0
56431,142.9,7.00,26.94,0.1886,5.30,3810.0,85.0
56438,144.9,6.90,26.94,0.1859,5.38,3810.0,85.0
56445,142.9,7.00,26.94,0.1885,5.31,3810.0,85.0
56452,144.9,6.90,26.93,0.1858,5.38,3810.0,85.0
56458,144.9,6.90,26.93,0.1858,5.38,3810.0,85.0
56465,144.9,6.90,26.93,0.1858,5.38,3810.0,85.0
56472,140.8,7.10,26.93,0.1912,5.23,3810.0,85.0
56479,147.1,6.80,26.93,0.1831,5.46,3810.0,85.0
56486,144.9,6.90,26.93,0.1858,5.38,3810.0,85.0
56493,142.9,7.00,26.93,0.1885,5.31,3810.0,85.0
56500,142.9,7.00,26.93,0.1885,5.31,3810.0,85.0
56507,144.9,6.90,26.93,0.1858,5.38,3810.0,85.0
56514,140.8,7.10,26.93,0.1912,5.23,3810.0,85.0
56521,144.9,6.90,26.92,0.1858,5.38,3810.0,85.0
56528,144.9,6.90,26.92,0.1858,5.38,3810.0,85.0
56535,142.9,7.00,26.92,0.1885,5.31,3810.0,85.0
56542,142.9,7.00,26.92,0.1884,5.31,3810.0,85.0
56549,142.9,7.00,26.92,0.1884,5.31,3810.0,85.0
56556,147.1,6.80,26.92,0.1830,5.46,3810.0,85.0
56563,144.9,6.90,26.92,0.1857,5.38,3810.0,85.0
56570,138.9,7.20,26.92,0.1938,5.16,3810.0,85.0
56578,119.0,8.40,26.92,0.2261,4.42,3810.0,85.0
56584,188.7,5.30,26.91,0.1426,7.01,3810.0,85.0
56590,144.9,6.90,26.91,0.1857,5.38,3810.0,85.0
56597,142.9,7.00,26.91,0.1884,5.31,3810.0,85.0
56604,144.9,6.90,26.91,0.1857,5.38,3810.0,85.0
56611,144.9,6.90,26.91,0.1857,5.38,3810.0,85.0
56618,142.9,7.00,26.91,0.1884,5.31,3810.0,85.0
56625,142.9,7.00,26.91,0.1884,5.31,3810.0,85.0
56632,144.9,6.90,26.91,0.1857,5.39,3810.0,85.0
56639,138.9,7.20,26.91,0.1937,5.16,3810.0,85.0
56646,142.9,7.00,26.91,0.1883,5.31,3810.0,85.0
56653,142.9,7.00,26.90,0.1883,5.31,3810.0,85.0
56660,142.9,7.00,26.90,0.1883,5.31,3810.0,85.0
56667,147.1,6.80,26.90,0.1829,5.47,3810.0,85.0
56674,140.8,7.10,26.90,0.1910,5.23,3810.0,85.0
56681,144.9,6.90,26.90,0.1856,5.39,3810.0,85.0
56688,140.8,7.10,26.90,0.1910,5.23,3810.0,85.0
56695,153.8,6.50,26.90,0.1748,5.72,3810.0,85.0
56702,140.8,7.10,26.90,0.1910,5.23,3810.0,85.0
56709,142.9,7.00,26.90,0.1883,5.31,3810.0,85.0
56716,144.9,6.90,26.89,0.1856,5.39,3810.0,85.0
56723,142.9,7.00,26.89,0.1883,5.31,3810.0,85.0
56729,151.5,6.60,26.89,0.1775,5.63,3810.0,85.0
56737,138.9,7.20,26.89,0.1936,5.17,3810.0,85.0
56744,142.9,7.00,26.89,0.1882,5.31,3810.0,85.0
56751,144.9,6.90,26.89,0.1855,5.39,3810.0,85.0
56757,144.9,6.90,26.89,0.1855,5.39,3810.0,85.0
56764,144.9,6.90,26.89,0.1855,5.39,3810.0,85.0
56771,151.5,6.60,26.89,0.1775,5.63,3810.0,85.0
56778,144.9,6.90,26.89,0.1855,5.39,3810.0,85.0
56786,128.2,7.80,26.88,0.2097,4.77,3810.0,85.0
56792,149.3,6.70,26.88,0.1801,5.55,3810.0,85.0
56799,140.8,7.10,26.88,0.1909,5.24,3810.0,85.0
56806,151.5,6.60,26.88,0.1774,5.64,3810.0,85.0
56813,144.9,6.90,26.88,0.1855,5.39,3810.0,85.0
56820,144.9,6.90,26.88,0.1855,5.39,3810.0,85.0
56827,144.9,6.90,26.88,0.1855,5.39,3810.0,85.0
56834,144.9,6.90,26.88,0.1855,5.39,3810.0,85.0
56841,142.9,7.00,26.88,0.1881,5.32,3810.0,85.0
56847,149.3,6.70,26.88,0.1801,5.56,3810.0,85.0
56854,142.9,7.00,26.87,0.1881,5.32,3810.0,85.0
56861,144.9,6.90,26.87,0.1854,5.39,3810.0,85.0
56868,142.9,7.00,26.87,0.1881,5.32,3810.0,85.0
56875,142.9,7.00,26.87,0.1881,5.32,3810.0,85.0
56882,138.9,7.20,26.87,0.1935,5.17,3810.0,85.0
56889,144.9,6.90,26.87,0.1854,5.39,3810.0,85.0
56897,138.9,7.20,26.87,0.1934,5.17,3810.0,85.0
56903,149.3,6.70,26.87,0.1800,5.56,3810.0,85.0
56910,147.1,6.80,26.87,0.1827,5.48,3810.0,85.0
56917,140.8,7.10,26.86,0.1907,5.24,3810.0,85.0
56924,140.8,7.10,26.86,0.1907,5.24,3810.0,85.0
56931,147.1,6.80,26.86,0.1827,5.48,3810.0,85.0
56938,142.9,7.00,26.86,0.1880,5.32,3810.0,85.0
56945,144.9,6.90,26.86,0.1853,5.39,3810.0,85.0
56952,149.3,6.70,26.86,0.1800,5.56,3810.0,85.0
56958,147.1,6.80,26.86,0.1826,5.48,3810.0,85.0
56965,144.9,6.90,26.86,0.1853,5.40,3810.0,85.0
56972,144.9,6.90,26.86,0.1853,5.40,3810.0,85.0
56979,142.9,7.00,26.86,0.1880,5.32,3810.0,85.0
56986,144.9,6.90,26.85,0.1853,5.40,3810.0,85.0
56993,137.0,7.30,26.85,0.1960,5.10,3810.0,85.0
57000,151.5,6.60,26.85,0.1772,5.64,3810.0,85.0
57007,142.9,7.00,26.85,0.1880,5.32,3810.0,85.0
57014,138.9,7.20,26.85,0.1933,5.17,3810.0,85.0
57021,140.8,7.10,26.85,0.1906,5.24,3810.0,85.0
57028,147.1,6.80,26.85,0.1826,5.48,3810.0,85.0
57035,140.8,7.10,26.85,0.1906,5.24,3810.0,85.0
57042,142.9,7.00,26.85,0.1879,5.32,3810.0,85.0
57049,153.8,6.50,26.84,0.1745,5.73,3810.0,85.0
57056,140.8,7.10,26.84,0.1906,5.25,3810.0,85.0
57063,140.8,7.10,26.84,0.1906,5.25,3810.0,85.0
57070,140.8,7.10,26.84,0.1906,5.25,3810.0,85.0
57077,144.9,6.90,26.84,0.1852,5.40,3810.0,85.0
57084,147.1,6.80,26.84,0.1825,5.48,3810.0,85.0
57091,144.9,6.90,26.84,0.1852,5.40,3810.0,85.0
57098,140.8,7.10,26.84,0.1905,5.25,3810.0,85.0
57104,149.3,6.70,26.84,0.1798,5.56,3810.0,85.0
57111,147.1,6.80,26.84,0.1825,5.48,3810.0,85.0
57118,144.9,6.90,26.83,0.1852,5.40,3810.0,85.0
57125,142.9,7.00,26.83,0.1878,5.33,3810.0,85.0
57132,144.9,6.90,26.83,0.1851,5.40,3810.0,85.0
57139,144.9,6.90,26.83,0.1851,5.40,3810.0,85.0
57146,142.9,7.00,26.83,0.1878,5.33,3810.0,85.0
57153,140.8,7.10,26.83,0.1905,5.25,3810.0,85.0
57160,147.1,6.80,26.83,0.1824,5.48,3810.0,85.0
57167,142.9,7.00,26.83,0.1878,5.33,3810.0,85.0
57174,147.1,6.80,26.83,0.1824,5.48,3810.0,85.0
57181,138.9,7.20,26.83,0.1931,5.18,3810.0,85.0
57188,142.9,7.00,26.82,0.1878,5.33,3810.0,85.0
57195,142.9,7.00,26.82,0.1878,5.33,3810.0,85.0
57202,142.9,7.00,26.82,0.1878,5.33,3810.0,85.0
57209,144.9,6.90,26.82,0.1851,5.40,3810.0,85.0
57215,149.3,6.70,26.82,0.1797,5.57,3810.0,85.0
57223,140.8,7.10,26.82,0.1904,5.25,3810.0,85.0
57229,147.1,6.80,26.82,0.1824,5.49,3810.0,85.0
57236,144.9,6.90,26.82,0.1850,5.40,3810.0,85.0
57244,137.0,7.30,26.82,0.1958,5.11,3810.0,85.0
57250,147.1,6.80,26.81,0.1823,5.49,3810.0,85.0
57257,149.3,6.70,26.81,0.1797,5.57,3810.0,85.0
57264,138.9,7.20,26.81,0.1931,5.18,3810.0,85.0
57271,147.1,6.80,26.81,0.1823,5.49,3810.0,85.0
57278,147.1,6.80,26.81,0.1823,5.49,3810.0,85.0
57285,142.9,7.00,26.81,0.1877,5.33,3810.0,85.0
57292,142.9,7.00,26.81,0.1877,5.33,3810.0,85.0
57299,147.1,6.80,26.81,0.1823,5.49,3810.0,85.0
57306,140.8,7.10,26.81,0.1903,5.25,3810.0,85.0
57313,144.9,6.90,26.81,0.1850,5.41,3810.0,85.0
57320,144.9,6.90,26.80,0.1849,5.41,3810.0,85.0
57327,142.9,7.00,26.80,0.1876,5.33,3810.0,85.0
57333,144.9,6.90,26.80,0.1849,5.41,3810.0,85.0
57340,144.9,6.90,26.80,0.1849,5.41,3810.0,85.0
57347,144.9,6.90,26.80,0.1849,5.41,3810.0,85.0
57354,142.9,7.00,26.80,0.1876,5.33,3810.0,85.0
57361,140.8,7.10,26.80,0.1903,5.25,3810.0,85.0
57368,144.9,6.90,26.80,0.1849,5.41,3810.0,85.0
57375,147.1,6.80,26.80,0.1822,5.49,3810.0,85.0
57382,142.9,7.00,26.80,0.1876,5.33,3810.0,85.0
57389,140.8,7.10,26.79,0.1902,5.25,3810.0,85.0
57396,147.1,6.80,26.79,0.1822,5.49,3810.0,85.0
57403,144.9,6.90,26.79,0.1849,5.41,3810.0,85.0
57410,142.9,7.00,26.79,0.1875,5.33,3810.0,85.0
57417,142.9,7.00,26.79,0.1875,5.33,3810.0,85.0
57424,138.9,7.20,26.79,0.1929,5.19,3810.0,85.0
57431,140.8,7.10,26.79,0.1902,5.26,3810.0,85.0
57438,151.5,6.60,26.79,0.1768,5.66,3810.0,85.0
57445,147.1,6.80,26.79,0.1821,5.49,3810.0,85.0
57452,140.8,7.10,26.78,0.1902,5.26,3810.0,85.0
57459,140.8,7.10,26.78,0.1902,5.26,3810.0,85.0
57466,149.3,6.70,26.78,0.1794,5.57,3810.0,85.0
57473,135.1,7.40,26.78,0.1982,5.04,3810.0,85.0
57480,149.3,6.70,26.78,0.1794,5.57,3810.0,85.0
57486,147.1,6.80,26.78,0.1821,5.49,3810.0,85.0
57493,142.9,7.00,26.78,0.1874,5.34,3810.0,85.0
57501,138.9,7.20,26.78,0.1928,5.19,3810.0,85.0
57507,151.5,6.60,26.78,0.1767,5.66,3810.0,85.0
57514,142.9,7.00,26.78,0.1874,5.34,3810.0,85.0
57521,138.9,7.20,26.77,0.1928,5.19,3810.0,85.0
57528,149.3,6.70,26.77,0.1794,5.58,3810.0,85.0
57535,142.9,7.00,26.77,0.1874,5.34,3810.0,85.0
57542,140.8,7.10,26.77,0.1901,5.26,3810.0,85.0
57549,147.1,6.80,26.77,0.1820,5.49,3810.0,85.0
57556,147.1,6.80,26.77,0.1820,5.50,3810.0,85.0
57563,147.1,6.80,26.77,0.1820,5.50,3810.0,85.0
57570,144.9,6.90,26.77,0.1847,5.41,3810.0,85.0
57577,142.9,7.00,26.77,0.1874,5.34,3810.0,85.0
57584,144.9,6.90,26.76,0.1847,5.41,3810.0,85.0
57590,147.1,6.80,26.76,0.1820,5.50,3810.0,85.0
57597,142.9,7.00,26.76,0.1873,5.34,3810.0,85.0
57604,144.9,6.90,26.76,0.1847,5.41,3810.0,85.0
57611,144.9,6.90,26.76,0.1846,5.41,3810.0,85.0
57618,142.9,7.00,26.76,0.1873,5.34,3810.0,85.0
57625,144.9,6.90,26.76,0.1846,5.42,3810.0,85.0
57632,135.1,7.40,26.76,0.1980,5.05,3810.0,85.0
57639,149.3,6.70,26.76,0.1793,5.58,3810.0,85.0
57646,140.8,7.10,26.76,0.1900,5.26,3810.0,85.0
57653,144.9,6.90,26.75,0.1846,5.42,3810.0,85.0
57660,147.1,6.80,26.75,0.1819,5.50,3810.0,85.0
57667,140.8,7.10,26.75,0.1899,5.26,3810.0,85.0
57674,140.8,7.10,26.75,0.1899,5.26,3810.0,85.0
57681,147.1,6.80,26.75,0.1819,5.50,3810.0,85.0
57688,144.9,6.90,26.75,0.1846,5.42,3810.0,85.0
57695,149.3,6.70,26.75,0.1792,5.58,3810.0,85.0
57701,147.1,6.80,26.75,0.1819,5.50,3810.0,85.0
57708,142.9,7.00,26.75,0.1872,5.34,3810.0,85.0
57716,138.9,7.20,26.74,0.1926,5.19,3810.0,85.0
57723,142.9,7.00,26.74,0.1872,5.34,3810.0,85.0
57729,149.3,6.70,26.74,0.1792,5.58,3810.0,85.0
57736,147.1,6.80,26.74,0.1818,5.50,3810.0,85.0
57743,140.8,7.10,26.74,0.1899,5.27,3810.0,85.0
57750,142.9,7.00,26.74,0.1872,5.34,3810.0,85.0
57757,147.1,6.80,26.74,0.1818,5.50,3810.0,85.0
57764,142.9,7.00,26.74,0.1872,5.34,3810.0,85.0
57771,140.8,7.10,26.74,0.1898,5.27,3810.0,85.0
57778,142.9,7.00,26.74,0.1871,5.34,3810.0,85.0
57785,147.1,6.80,26.73,0.1818,5.50,3810.0,85.0
57792,144.9,6.90,26.73,0.1845,5.42,3810.0,85.0
57799,142.9,7.00,26.73,0.1871,5.35,3810.0,85.0
57806,144.9,6.90,26.73,0.1844,5.42,3810.0,85.0
57813,144.9,6.90,26.73,0.1844,5.42,3810.0,85.0
57820,140.8,7.10,26.73,0.1898,5.27,3810.0,85.0
57827,142.9,7.00,26.73,0.1871,5.35,3810.0,85.0
57833,147.1,6.80,26.73,0.1817,5.50,3810.0,85.0
57840,144.9,6.90,26.73,0.1844,5.42,3810.0,85.0
57847,140.8,7.10,26.73,0.1897,5.27,3810.0,85.0
57854,149.3,6.70,26.72,0.1791,5.59,3810.0,85.0
57861,140.8,7.10,26.72,0.1897,5.27,3810.0,85.0
57868,144.9,6.90,26.72,0.1844,5.42,3810.0,85.0
57875,144.9,6.90,26.72,0.1844,5.42,3810.0,85.0
57882,142.9,7.00,26.72,0.1870,5.35,3810.0,85.0
57889,142.9,7.00,26.72,0.1870,5.35,3810.0,85.0
57896,147.1,6.80,26.72,0.1817,5.51,3810.0,85.0
57903,138.9,7.20,26.72,0.1924,5.20,3810.0,85.0
57910,144.9,6.90,26.72,0.1843,5.42,3810.0,85.0
57917,142.9,7.00,26.71,0.1870,5.35,3810.0,85.0
57924,147.1,6.80,26.71,0.1817,5.51,3810.0,85.0
57931,137.0,7.30,26.71,0.1950,5.13,3810.0,85.0
57938,147.1,6.80,26.71,0.1816,5.51,3810.0,85.0
57945,149.3,6.70,26.71,0.1790,5.59,3810.0,85.0
57952,140.8,7.10,26.71,0.1896,5.27,3810.0,85.0
57958,147.1,6.80,26.71,0.1816,5.51,3810.0,85.0
57965,144.9,6.90,26.71,0.1843,5.43,3810.0,85.0
57972,142.9,7.00,26.71,0.1869,5.35,3810.0,85.0
57980,137.0,7.30,26.71,0.1949,5.13,3810.0,85.0
57986,153.8,6.50,26.70,0.1736,5.76,3810.0,85.0
57993,142.9,7.00,26.70,0.1869,5.35,3810.0,85.0
58000,144.9,6.90,26.70,0.1842,5.43,3810.0,85.0
58007,140.8,7.10,26.70,0.1896,5.27,3810.0,85.0
58014,142.9,7.00,26.70,0.1869,5.35,3810.0,85.0
58021,147.1,6.80,26.70,0.1816,5.51,3810.0,85.0
58028,142.9,7.00,26.70,0.1869,5.35,3810.0,85.0
58035,142.9,7.00,26.70,0.1869,5.35,3810.0,85.0
58042,147.1,6.80,26.70,0.1815,5.51,3810.0,85.0
58049,142.9,7.00,26.69,0.1869,5.35,3810.0,85.0
58056,144.9,6.90,26.69,0.1842,5.43,3810.0,85.0
58063,142.9,7.00,26.69,0.1868,5.35,3810.0,85.0
58070,144.9,6.90,26.69,0.1842,5.43,3810.0,85.0
58077,138.9,7.20,26.69,0.1922,5.20,3810.0,85.0
58084,144.9,6.90,26.69,0.1842,5.43,3810.0,85.0
58090,147.1,6.80,26.69,0.1815,5.51,3810.0,85.0
58097,147.1,6.80,26.69,0.1815,5.51,3810.0,85.0
58104,140.8,7.10,26.69,0.1895,5.28,3810.0,85.0
58112,140.8,7.10,26.69,0.1895,5.28,3810.0,85.0
58118,144.9,6.90,26.68,0.1841,5.43,3810.0,85.0
58125,147.1,6.80,26.68,0.1814,5.51,3810.0,85.0
58132,138.9,7.20,26.68,0.1921,5.21,3810.0,85.0
58140,140.8,7.10,26.68,0.1894,5.28,3810.0,85.0
58146,144.9,6.90,26.68,0.1841,5.43,3810.0,85.0
58153,149.3,6.70,26.68,0.1788,5.60,3810.0,85.0
58160,144.9,6.90,26.68,0.1841,5.43,3810.0,85.0
58167,144.9,6.90,26.68,0.1841,5.43,3810.0,85.0
58174,144.9,6.90,26.68,0.1841,5.43,3810.0,85.0
58181,142.9,7.00,26.68,0.1867,5.36,3810.0,85.0
58188,142.9,7.00,26.67,0.1867,5.36,3810.0,85.0
58195,147.1,6.80,26.67,0.1814,5.51,3810.0,85.0
58202,144.9,6.90,26.67,0.1840,5.43,3810.0,85.0
58209,142.9,7.00,26.67,0.1867,5.36,3810.0,85.0
58216,142.9,7.00,26.67,0.1867,5.36,3810.0,85.0
58222,147.1,6.80,26.67,0.1813,5.52,3810.0,85.0
58229,144.9,6.90,26.67,0.1840,5.43,3810.0,85.0
58236,142.9,7.00,26.67,0.1867,5.36,3810.0,85.0
58243,138.9,7.20,26.67,0.1920,5.21,3810.0,85.0
58250,149.3,6.70,26.66,0.1787,5.60,3810.0,85.0
58257,144.9,6.90,26.66,0.1840,5.43,3810.0,85.0
58264,138.9,7.20,26.66,0.1920,5.21,3810.0,85.0
58271,151.5,6.60,26.66,0.1760,5.68,3810.0,85.0
58278,142.9,7.00,26.66,0.1866,5.36,3810.0,85.0
58285,144.9,6.90,26.66,0.1839,5.44,3810.0,85.0
58292,142.9,7.00,26.66,0.1866,5.36,3810.0,85.0
58299,147.1,6.80,26.65,0.1813,5.52,3810.0,85.0
58306,138.9,7.20,26.65,0.1919,5.21,3810.0,85.0
58313,144.9,6.90,26.65,0.1839,5.44,3810.0,85.0
58320,144.9,6.90,26.65,0.1839,5.44,3810.0,85.0
58327,142.9,7.00,26.65,0.1865,5.36,3810.0,85.0
58333,149.3,6.70,26.64,0.1785,5.60,3810.0,85.0
58340,142.9,7.00,26.64,0.1865,5.36,3810.0,85.0
58347,138.9,7.20,26.64,0.1918,5.21,3810.0,85.0
58354,147.1,6.80,26.64,0.1811,5.52,3810.0,85.0
58361,144.9,6.90,26.64,0.1838,5.44,3810.0,85.0
58368,140.8,7.10,26.63,0.1891,5.29,3810.0,85.0
58375,147.1,6.80,26.63,0.1811,5.52,3810.0,85.0
58382,142.9,7.00,26.63,0.1864,5.37,3810.0,85.0
58389,140.8,7.10,26.63,0.1891,5.29,3810.0,85.0
58396,149.3,6.70,26.63,0.1784,5.61,3810.0,85.0
58403,140.8,7.10,26.62,0.1890,5.29,3810.0,85.0
58410,147.1,6.80,26.62,0.1810,5.53,3810.0,85.0
58417,142.9,7.00,26.62,0.1863,5.37,3810.0,85.0
58424,142.9,7.00,26.62,0.1863,5.37,3810.0,85.0
58431,144.9,6.90,26.62,0.1836,5.44,3810.0,85.0
58438,144.9,6.90,26.61,0.1836,5.44,3810.0,85.0
58445,142.9,7.00,26.61,0.1863,5.37,3810.0,85.0
58452,140.8,7.10,26.61,0.1889,5.29,3810.0,85.0
58458,147.1,6.80,26.61,0.1809,5.53,3810.0,85.0
58465,144.9,6.90,26.61,0.1836,5.45,3810.0,85.0
58472,142.9,7.00,26.60,0.1862,5.37,3810.0,85.0
58479,142.9,7.00,26.60,0.1862,5.37,3810.0,85.0
58486,147.1,6.80,26.60,0.1809,5.53,3810.0,85.0
58493,142.9,7.00,26.60,0.1862,5.37,3810.0,85.0
58500,144.9,6.90,26.59,0.1835,5.45,3810.0,85.0
58507,140.8,7.10,26.59,0.1888,5.29,3810.0,85.0
58514,147.1,6.80,26.59,0.1808,5.53,3810.0,85.0
58521,144.9,6.90,26.59,0.1835,5.45,3810.0,85.0
58528,144.9,6.90,26.59,0.1834,5.45,3810.0,85.0
58535,131.6,7.60,26.58,0.2020,4.95,3810.0,85.0
58542,151.5,6.60,26.58,0.1754,5.70,3810.0,85.0
58549,147.1,6.80,26.58,0.1807,5.53,3810.0,85.0
58556,140.8,7.10,26.58,0.1887,5.30,3810.0,85.0
58563,149.3,6.70,26.58,0.1781,5.62,3810.0,85.0
58570,142.9,7.00,26.57,0.1860,5.38,3810.0,85.0
58577,140.8,7.10,26.57,0.1887,5.30,3810.0,85.0
58583,147.1,6.80,26.57,0.1807,5.54,3810.0,85.0
58590,144.9,6.90,26.57,0.1833,5.45,3810.0,85.0
58597,144.9,6.90,26.57,0.1833,5.45,3810.0,85.0
58604,142.9,7.00,26.56,0.1859,5.38,3810.0,85.0
58611,142.9,7.00,26.56,0.1859,5.38,3810.0,85.0
58618,144.9,6.90,26.56,0.1833,5.46,3810.0,85.0
58625,140.8,7.10,26.56,0.1886,5.30,3810.0,85.0
58632,149.3,6.70,26.56,0.1779,5.62,3810.0,85.0
58639,140.8,7.10,26.55,0.1885,5.30,3810.0,85.0
58646,142.9,7.00,26.55,0.1859,5.38,3810.0,85.0
58653,147.1,6.80,26.55,0.1805,5.54,3810.0,85.0
58660,142.9,7.00,26.55,0.1858,5.38,3810.0,85.0
58667,147.1,6.80,26.54,0.1805,5.54,3810.0,85.0
58674,142.9,7.00,26.54,0.1858,5.38,3810.0,85.0
58681,140.8,7.10,26.54,0.1884,5.31,3810.0,85.0
58688,144.9,6.90,26.54,0.1831,5.46,3810.0,85.0
58695,144.9,6.90,26.54,0.1831,5.46,3810.0,85.0
58701,144.9,6.90,26.53,0.1831,5.46,3810.0,85.0
58709,140.8,7.10,26.53,0.1884,5.31,3810.0,85.0
58715,144.9,6.90,26.53,0.1831,5.46,3810.0,85.0
58722,147.1,6.80,26.53,0.1804,5.55,3810.0,85.0
58729,144.9,6.90,26.53,0.1830,5.46,3810.0,85.0
58736,142.9,7.00,26.52,0.1857,5.39,3810.0,85.0
58743,144.9,6.90,26.52,0.1830,5.46,3810.0,85.0
58750,142.9,7.00,26.52,0.1856,5.39,3810.0,85.0
58757,144.9,6.90,26.52,0.1830,5.46,3810.0,85.0
58764,140.8,7.10,26.52,0.1883,5.31,3810.0,85.0
58771,144.9,6.90,26.51,0.1829,5.47,3810.0,85.0
58778,140.8,7.10,26.51,0.1882,5.31,3810.0,85.0
58785,147.1,6.80,26.51,0.1803,5.55,3810.0,85.0
58792,144.9,6.90,26.51,0.1829,5.47,3810.0,85.0
58799,142.9,7.00,26.50,0.1855,5.39,3810.0,85.0
58806,142.9,7.00,26.50,0.1855,5.39,3810.0,85.0
58813,147.1,6.80,26.50,0.1802,5.55,3810.0,85.0
58819,147.1,6.80,26.50,0.1802,5.55,3810.0,85.0
58827,133.3,7.50,26.50,0.1987,5.03,3810.0,85.0
58834,147.1,6.80,26.49,0.1802,5.55,3810.0,85.0
58841,142.9,7.00,26.49,0.1854,5.39,3810.0,85.0
58848,142.9,7.00,26.49,0.1854,5.39,3810.0,85.0
58855,142.9,7.00,26.49,0.1854,5.39,3810.0,85.0
58862,142.9,7.00,26.49,0.1854,5.40,3810.0,85.0
58868,149.3,6.70,26.48,0.1774,5.64,3810.0,85.0
58876,138.9,7.20,26.48,0.1907,5.25,3810.0,85.0
58882,147.1,6.80,26.48,0.1801,5.56,3810.0,85.0
58889,140.8,7.10,26.48,0.1880,5.32,3810.0,85.0
58896,147.1,6.80,26.48,0.1800,5.56,3810.0,85.0
58903,142.9,7.00,26.47,0.1853,5.40,3810.0,85.0
58910,151.5,6.60,26.47,0.1747,5.72,3810.0,85.0
58917,147.1,6.80,26.47,0.1800,5.56,3810.0,85.0
58924,140.8,7.10,26.47,0.1879,5.32,3810.0,85.0
58931,144.9,6.90,26.47,0.1826,5.48,3810.0,85.0
58938,144.9,6.90,26.46,0.1826,5.48,3810.0,85.0
58945,142.9,7.00,26.46,0.1852,5.40,3810.0,85.0
58951,144.9,6.90,26.46,0.1826,5.48,3810.0,85.0
58958,144.9,6.90,26.46,0.1826,5.48,3810.0,85.0
58965,144.9,6.90,26.46,0.1825,5.48,3810.0,85.0
58972,140.8,7.10,26.45,0.1878,5.32,3810.0,85.0
58979,144.9,6.90,26.45,0.1825,5.48,3810.0,85.0
58986,142.9,7.00,26.45,0.1851,5.40,3810.0,85.0
58993,144.9,6.90,26.45,0.1825,5.48,3810.0,85.0
59000,144.9,6.90,26.44,0.1825,5.48,3810.0,85.0
59007,142.9,7.00,26.44,0.1851,5.40,3810.0,85.0
59014,138.9,7.20,26.44,0.1904,5.25,3810.0,85.0
59021,151.5,6.60,26.44,0.1745,5.73,3810.0,85.0
59028,142.9,7.00,26.44,0.1851,5.41,3810.0,85.0
59035,142.9,7.00,26.43,0.1850,5.41,3810.0,85.0
59042,144.9,6.90,26.43,0.1824,5.48,3810.0,85.0
59049,142.9,7.00,26.43,0.1850,5.41,3810.0,85.0
59056,144.9,6.90,26.43,0.1824,5.48,3810.0,85.0
59063,142.9,7.00,26.43,0.1850,5.41,3810.0,85.0
59070,144.9,6.90,26.42,0.1823,5.48,3810.0,85.0
59077,138.9,7.20,26.42,0.1902,5.26,3810.0,85.0
59084,135.1,7.40,26.42,0.1955,5.11,3810.0,85.0
59091,142.9,7.00,26.42,0.1849,5.41,3810.0,85.0
59097,158.7,6.30,26.42,0.1664,6.01,3810.0,85.0
59104,147.1,6.80,26.41,0.1796,5.57,3810.0,85.0
59111,144.9,6.90,26.41,0.1822,5.49,3810.0,85.0
59118,142.9,7.00,26.41,0.1849,5.41,3810.0,85.0
59125,142.9,7.00,26.41,0.1848,5.41,3810.0,85.0
59132,144.9,6.90,26.41,0.1822,5.49,3810.0,85.0
59139,142.9,7.00,26.40,0.1848,5.41,3810.0,85.0
59146,144.9,6.90,26.40,0.1822,5.49,3810.0,85.0
59153,138.9,7.20,26.40,0.1901,5.26,3810.0,85.0
59160,147.1,6.80,26.40,0.1795,5.57,3810.0,85.0
59167,147.1,6.80,26.39,0.1795,5.57,3810.0,85.0
59174,142.9,7.00,26.39,0.1847,5.41,3810.0,85.0
59181,144.9,6.90,26.39,0.1821,5.49,3810.0,85.0
59188,140.8,7.10,26.39,0.1874,5.34,3810.0,85.0
59195,144.9,6.90,26.39,0.1821,5.49,3810.0,85.0
59202,142.9,7.00,26.38,0.1847,5.42,3810.0,85.0
59209,142.9,7.00,26.38,0.1847,5.42,3810.0,85.0
59215,147.1,6.80,26.38,0.1794,5.58,3810.0,85.0
59222,144.9,6.90,26.38,0.1820,5.49,3810.0,85.0
59229,140.8,7.10,26.38,0.1873,5.34,3810.0,85.0
59236,144.9,6.90,26.37,0.1820,5.49,3810.0,85.0
59243,147.1,6.80,26.37,0.1793,5.58,3810.0,85.0
59250,142.9,7.00,26.37,0.1846,5.42,3810.0,85.0
59257,144.9,6.90,26.37,0.1819,5.50,3810.0,85.0
59264,144.9,6.90,26.37,0.1819,5.50,3810.0,85.0
59271,142.9,7.00,26.36,0.1845,5.42,3810.0,85.0
59278,142.9,7.00,26.36,0.1845,5.42,3810.0,85.0
59285,137.0,7.30,26.36,0.1924,5.20,3810.0,85.0
59292,142.9,7.00,26.36,0.1845,5.42,3810.0,85.0
59299,149.3,6.70,26.36,0.1766,5.66,3810.0,85.0
59306,149.3,6.70,26.36,0.1766,5.66,3810.0,85.0
59313,142.9,7.00,26.36,0.1845,5.42,3810.0,85.0
59320,144.9,6.90,26.36,0.1819,5.50,3810.0,85.0
59327,142.9,7.00,26.36,0.1845,5.42,3810.0,85.0
59333,147.1,6.80,26.36,0.1792,5.58,3810.0,85.0
59340,140.8,7.10,26.36,0.1872,5.34,3810.0,85.0
59347,144.9,6.90,26.36,0.1819,5.50,3810.0,85.0
59354,144.9,6.90,26.36,0.1819,5.50,3810.0,85.0
59361,144.9,6.90,26.36,0.1819,5.50,3810.0,85.0
59368,142.9,7.00,26.36,0.1845,5.42,3810.0,85.0
59375,142.9,7.00,26.36,0.1845,5.42,3810.0,85.0
59382,144.9,6.90,26.36,0.1819,5.50,3810.0,85.0
59389,140.8,7.10,26.36,0.1872,5.34,3810.0,85.0
59396,149.3,6.70,26.36,0.1766,5.66,3810.0,85.0
59403,144.9,6.90,26.36,0.1819,5.50,3810.0,85.0
59410,142.9,7.00,26.36,0.1845,5.42,3810.0,85.0
59417,142.9,7.00,26.36,0.1845,5.42,3810.0,85.0
59424,144.9,6.90,26.36,0.1819,5.50,3810.0,85.0
59431,142.9,7.00,26.36,0.1845,5.42,3810.0,85.0
59438,144.9,6.90,26.36,0.1819,5.50,3810.0,85.0
59444,144.9,6.90,26.36,0.1819,5.50,3810.0,85.0
59451,142.9,7.00,26.36,0.1845,5.42,3810.0,85.0
59458,144.9,6.90,26.36,0.1819,5.50,3810.0,85.0
59465,144.9,6.90,26.36,0.1819,5.50,3810.0,85.0
59472,142.9,7.00,26.36,0.1845,5.42,3810.0,85.0
59479,142.9,7.00,26.36,0.1845,5.42,3810.0,85.0
59486,142.9,7.00,26.36,0.1845,5.42,3810.0,85.0
59493,142.9,7.00,26.36,0.1845,5.42,3810.0,85.0
59500,147.1,6.80,26.36,0.1792,5.58,3810.0,85.0
59507,142.9,7.00,26.36,0.1845,5.42,3810.0,85.0
59514,144.9,6.90,26.36,0.1819,5.50,3810.0,85.0
59521,142.9,7.00,26.36,0.1845,5.42,3810.0,85.0
59528,140.8,7.10,26.36,0.1872,5.34,3810.0,85.0
59535,140.8,7.10,26.36,0.1872,5.34,3810.0,85.0
59542,144.9,6.90,26.36,0.1819,5.50,3810.0,85.0
59549,149.3,6.70,26.36,0.1766,5.66,3810.0,85.0
59556,142.9,7.00,26.36,0.1845,5.42,3810.0,85.0
59563,142.9,7.00,26.36,0.1845,5.42,3810.0,85.0
59570,147.1,6.80,26.36,0.1792,5.58,3810.0,85.0
59577,142.9,7.00,26.36,0.1845,5.42,3810.0,85.0
59583,144.9,6.90,26.36,0.1819,5.50,3810.0,85.0
59590,144.9,6.90,26.36,0.1819,5.50,3810.0,85.0
59597,142.9,7.00,26.36,0.1845,5.42,3810.0,85.0
59604,144.9,6.90,26.36,0.1819,5.50,3810.0,85.0
59611,144.9,6.90,26.36,0.1819,5.50,3810.0,85.0
59618,142.9,7.00,26.36,0.1845,5.42,3810.0,85.0
59625,144.9,6.90,26.36,0.1819,5.50,3810.0,85.0
59632,144.9,6.90,26.36,0.1819,5.50,3810.0,85.0
59639,140.8,7.10,26.36,0.1872,5.34,3810.0,85.0
59646,147.1,6.80,26.36,0.1792,5.58,3810.0,85.0
59653,142.9,7.00,26.36,0.1845,5.42,3810.0,85.0
59660,144.9,6.90,26.36,0.1819,5.50,3810.0,85.0
59667,142.9,7.00,26.36,0.1845,5.42,3810.0,85.0
59674,144.9,6.90,26.36,0.1819,5.50,3810.0,85.0
59681,144.9,6.90,26.36,0.1819,5.50,3810.0,85.0
59688,142.9,7.00,26.36,0.1845,5.42,3810.0,85.0
59694,144.9,6.90,26.36,0.1819,5.50,3810.0,85.0
59702,138.9,7.20,26.36,0.1898,5.27,3810.0,85.0
59708,149.3,6.70,26.36,0.1766,5.66,3810.0,85.0
59715,140.8,7.10,26.36,0.1872,5.34,3810.0,85.0
59722,144.9,6.90,26.36,0.1819,5.50,3810.0,85.0
59729,144.9,6.90,26.36,0.1819,5.50,3810.0,85.0
59736,144.9,6.90,26.36,0.1819,5.50,3810.0,85.0
59743,144.9,6.90,26.36,0.1819,5.50,3810.0,85.0
59750,142.9,7.00,26.36,0.1845,5.42,3810.0,85.0
59757,147.1,6.80,26.36,0.1792,5.58,3810.0,85.0
59764,142.9,7.00,26.36,0.1845,5.42,3810.0,85.0
59771,144.9,6.90,26.36,0.1819,5.50,3810.0,85.0
59778,144.9,6.90,26.36,0.1819,5.50,3810.0,85.0
59785,135.1,7.40,26.36,0.1951,5.13,3810.0,85.0
59792,142.9,7.00,26.36,0.1845,5.42,3810.0,85.0
59799,147.1,6.80,26.36,0.1792,5.58,3810.0,85.0
59806,142.9,7.00,26.36,0.1845,5.42,3810.0,85.0
59813,144.9,6.90,26.36,0.1819,5.50,3810.0,85.0
59820,151.5,6.60,26.36,0.1740,5.75,3810.0,85.0
59826,144.9,6.90,26.36,0.1819,5.50,3810.0,85.0
59833,142.9,7.00,26.36,0.1845,5.42,3810.0,85.0
59840,144.9,6.90,26.36,0.1819,5.50,3810.0,85.0
59847,142.9,7.00,26.36,0.1845,5.42,3810.0,85.0
59854,147.1,6.80,26.36,0.1792,5.58,3810.0,85.0
59861,140.8,7.10,26.36,0.1872,5.34,3810.0,85.0
59868,140.8,7.10,26.36,0.1872,5.34,3810.0,85.0
59875,144.9,6.90,26.36,0.1819,5.50,3810.0,85.0
59882,140.8,7.10,26.36,0.1872,5.34,3810.0,85.0
59889,144.9,6.90,26.36,0.1819,5.50,3810.0,85.0
59896,144.9,6.90,26.36,0.1819,5.50,3810.0,85.0
59903,144.9,6.90,26.36,0.1819,5.50,3810.0,85.0
59910,144.9,6.90,26.36,0.1819,5.50,3810.0,85.0
59917,140.8,7.10,26.36,0.1872,5.34,3810.0,85.0
59924,147.1,6.80,26.36,0.1792,5.58,3810.0,85.0
59931,140.8,7.10,26.36,0.1872,5.34,3810.0,85.0
59938,142.9,7.00,26.36,0.1845,5.42,3810.0,85.0
59945,149.3,6.70,26.36,0.1766,5.66,3810.0,85.0
59952,138.9,7.20,26.36,0.1898,5.27,3810.0,85.0
59959,144.9,6.90,26.36,0.1819,5.50,3810.0,85.0
59966,147.1,6.80,26.36,0.1792,5.58,3810.0,85.0
59972,144.9,6.90,26.36,0.1819,5.50,3810.0,85.0
59980,138.9,7.20,26.36,0.1898,5.27,3810.0,85.0
59987,144.9,6.90,26.36,0.1819,5.50,3810.0,85.0
59993,144.9,6.90,26.36,0.1819,5.50,3810.0,85.0
60000,144.9,6.90,26.36,0.1819,5.50,3810.0,85.0
