=== ANALISE DE METRICAS DE GPU (Green IT + VRAM) ===
API de Renderizacao: WEBGL
Cenario: B
Timestamp Unix de Inicio do Ensaio (ms): 1787858490529
Janela do Ensaio: 60.00 s
Amostras de GPU Utilizadas (nvidia-smi): 16289

--- CONSUMO ACUMULADO DO ENSAIO (integral da curva de potencia) ---
Potencia Media (ponderada pelo tempo, janela de 60s): 29.47 W
Consumo Acumulado do Ensaio: 1768.18 J (0.4912 Wh)

--- METRICAS POR QUADRO (media sobre 8633 frames correlacionados) ---
Potencia Instantanea Media: 29.47 W
Potencia Instantanea Minima: 12.33 W
Potencia Instantanea Maxima: 32.74 W
Assinatura Energetica Media por Quadro (Joules/Frame): 0.2048 J
Coeficiente de Eficiencia Medio (Frames por Watt): 4.91 FPS/W
Total de Quadros Correlacionados: 8633 frames

--- ALOCACAO DE VRAM (MB, via nvidia-smi memory.used) ---
VRAM Media durante o Ensaio: 734.5 MB
VRAM Minima durante o Ensaio: 734.0 MB
VRAM Maxima durante o Ensaio: 746.0 MB

--- TEMPERATURA DA GPU (°C, via nvidia-smi temperature.gpu) ---
Temperatura Media durante o Ensaio: 86.0 °C
Temperatura Minima durante o Ensaio: 80.3 °C
Temperatura Maxima durante o Ensaio: 87.0 °C
Deriva Termica no Ensaio (fim - inicio): +6.7 °C
  (nao e uma metrica da pesquisa — serve para auditar se a GPU estava em
  equilibrio termico. Compare entre ensaios do mesmo lote para checar vies
  sistematico entre condicoes testadas no inicio vs. no fim do lote.)

--- CLOCK E THROTTLING TERMICO (via nvidia-smi, 549 amostras na janela do ensaio) ---
Clock de Nucleo Medio: 780 MHz
Clock de Nucleo Minimo: 780 MHz
Clock de Nucleo Maximo: 780 MHz
Tempo em SW Thermal Slowdown: 0.0 %
Tempo em HW Thermal Slowdown: 0.0 %
Tempo em Throttling Termico (SW ou HW): 0.0 %
  (a temperatura de nucleo do nvidia-smi satura num teto de fabrica e por
  isso nao revela throttling sustentado por si so -- clock e o flag do
  proprio driver mostram o efeito direto, sem precisar inferir a partir
  de temperatura+potencia+FPS.)

--- DADOS BRUTOS QUADRO A QUADRO (COM ENERGIA, VRAM E TEMPERATURA) ---
Tempo Decorrido (ms),FPS Instantaneo,Tempo de Frame (ms),Potencia Instantanea (W),Energia do Quadro (J),Frames por Watt,VRAM (MB),Temperatura (C)
8,142.9,7.00,12.33,0.0863,11.59,745.1,80.3
15,144.9,6.90,12.88,0.0888,11.25,745.2,80.5
22,144.9,6.90,13.42,0.0926,10.79,745.2,80.7
29,138.9,7.20,13.97,0.1006,9.94,745.3,80.9
36,147.1,6.80,14.52,0.0987,10.13,745.4,81.1
42,144.9,6.90,14.99,0.1034,9.67,745.4,81.3
49,142.9,7.00,15.53,0.1087,9.20,745.5,81.5
56,144.9,6.90,16.08,0.1110,9.01,745.6,81.7
63,144.9,6.90,16.63,0.1147,8.71,745.6,81.9
70,144.9,6.90,17.17,0.1185,8.44,745.7,82.0
77,142.9,7.00,17.72,0.1240,8.06,745.7,82.2
84,144.9,6.90,18.27,0.1260,7.93,745.8,82.4
91,142.9,7.00,18.81,0.1317,7.60,745.9,82.6
98,144.9,6.90,19.36,0.1336,7.48,745.9,82.8
105,144.9,6.90,19.83,0.1368,7.31,746.0,83.0
112,140.8,7.10,19.83,0.1408,7.10,746.0,83.0
119,144.9,6.90,19.83,0.1368,7.31,746.0,83.0
126,144.9,6.90,19.83,0.1368,7.31,746.0,83.0
133,142.9,7.00,19.83,0.1388,7.21,746.0,83.0
140,144.9,6.90,19.83,0.1368,7.31,746.0,83.0
147,142.9,7.00,19.83,0.1388,7.21,746.0,83.0
154,142.9,7.00,19.83,0.1388,7.21,746.0,83.0
161,144.9,6.90,19.83,0.1368,7.31,746.0,83.0
167,144.9,6.90,19.83,0.1368,7.31,746.0,83.0
174,142.9,7.00,19.83,0.1388,7.21,746.0,83.0
181,144.9,6.90,19.83,0.1368,7.31,746.0,83.0
188,142.9,7.00,19.83,0.1388,7.21,746.0,83.0
195,144.9,6.90,19.83,0.1368,7.31,746.0,83.0
202,142.9,7.00,19.83,0.1388,7.21,746.0,83.0
209,147.1,6.80,19.83,0.1348,7.42,746.0,83.0
216,142.9,7.00,19.83,0.1388,7.21,746.0,83.0
223,142.9,7.00,19.83,0.1388,7.21,746.0,83.0
230,147.1,6.80,19.83,0.1348,7.42,746.0,83.0
237,142.9,7.00,19.83,0.1388,7.21,746.0,83.0
244,142.9,7.00,19.83,0.1388,7.21,746.0,83.0
251,144.9,6.90,19.83,0.1368,7.31,746.0,83.0
258,142.9,7.00,19.83,0.1388,7.21,746.0,83.0
265,142.9,7.00,19.83,0.1388,7.21,746.0,83.0
272,144.9,6.90,19.83,0.1368,7.31,746.0,83.0
279,144.9,6.90,19.83,0.1368,7.31,746.0,83.0
285,144.9,6.90,19.83,0.1368,7.31,746.0,83.0
292,142.9,7.00,19.83,0.1388,7.21,746.0,83.0
299,144.9,6.90,19.83,0.1368,7.31,746.0,83.0
306,142.9,7.00,19.83,0.1388,7.21,746.0,83.0
313,144.9,6.90,19.83,0.1368,7.31,746.0,83.0
320,144.9,6.90,19.83,0.1368,7.31,746.0,83.0
327,142.9,7.00,19.83,0.1388,7.21,746.0,83.0
334,144.9,6.90,19.83,0.1368,7.31,746.0,83.0
341,144.9,6.90,19.83,0.1368,7.31,746.0,83.0
348,133.3,7.50,19.83,0.1487,6.72,746.0,83.0
355,156.2,6.40,19.83,0.1269,7.88,746.0,83.0
362,142.9,7.00,19.83,0.1388,7.21,746.0,83.0
369,142.9,7.00,19.83,0.1388,7.21,746.0,83.0
376,144.9,6.90,19.83,0.1368,7.31,746.0,83.0
383,142.9,7.00,19.83,0.1388,7.21,746.0,83.0
390,144.9,6.90,19.83,0.1368,7.31,746.0,83.0
397,142.9,7.00,19.83,0.1388,7.21,746.0,83.0
404,144.9,6.90,19.83,0.1368,7.31,746.0,83.0
411,142.9,7.00,19.83,0.1388,7.21,746.0,83.0
417,144.9,6.90,19.83,0.1368,7.31,746.0,83.0
425,140.8,7.10,19.83,0.1408,7.10,746.0,83.0
431,147.1,6.80,19.83,0.1348,7.42,746.0,83.0
438,142.9,7.00,19.83,0.1388,7.21,746.0,83.0
445,140.8,7.10,19.83,0.1408,7.10,746.0,83.0
452,149.3,6.70,19.83,0.1329,7.53,746.0,83.0
459,144.9,6.90,19.83,0.1368,7.31,746.0,83.0
466,142.9,7.00,19.83,0.1388,7.21,746.0,83.0
473,144.9,6.90,19.83,0.1368,7.31,746.0,83.0
480,142.9,7.00,19.83,0.1388,7.21,746.0,83.0
487,144.9,6.90,19.83,0.1368,7.31,746.0,83.0
494,142.9,7.00,19.83,0.1388,7.21,746.0,83.0
501,144.9,6.90,19.83,0.1368,7.31,746.0,83.0
508,142.9,7.00,19.83,0.1388,7.21,746.0,83.0
515,142.9,7.00,19.83,0.1388,7.21,746.0,83.0
522,147.1,6.80,19.83,0.1348,7.42,746.0,83.0
529,142.9,7.00,19.83,0.1388,7.21,746.0,83.0
535,144.9,6.90,19.83,0.1368,7.31,746.0,83.0
542,144.9,6.90,19.83,0.1368,7.31,746.0,83.0
549,142.9,7.00,20.60,0.1442,6.94,746.0,83.1
556,142.9,7.00,21.37,0.1496,6.69,746.0,83.1
563,144.9,6.90,22.14,0.1527,6.55,746.0,83.2
570,144.9,6.90,22.90,0.1580,6.33,746.0,83.3
577,142.9,7.00,23.67,0.1657,6.04,746.0,83.3
584,144.9,6.90,24.44,0.1687,5.93,746.0,83.4
591,142.9,7.00,25.21,0.1765,5.67,746.0,83.4
598,142.9,7.00,25.98,0.1819,5.50,746.0,83.5
605,147.1,6.80,26.75,0.1819,5.50,746.0,83.6
612,142.9,7.00,27.52,0.1926,5.19,746.0,83.6
619,142.9,7.00,28.29,0.1980,5.05,746.0,83.7
626,144.9,6.90,29.05,0.2005,4.99,746.0,83.8
633,140.8,7.10,29.82,0.2117,4.72,746.0,83.8
640,147.1,6.80,30.59,0.2080,4.81,746.0,83.9
647,142.9,7.00,31.36,0.2195,4.56,746.0,83.9
654,144.9,6.90,32.02,0.2209,4.53,746.0,84.0
661,144.9,6.90,32.02,0.2209,4.53,746.0,84.0
667,144.9,6.90,32.02,0.2209,4.53,746.0,84.0
674,144.9,6.90,32.02,0.2209,4.53,746.0,84.0
681,144.9,6.90,32.02,0.2209,4.53,746.0,84.0
688,140.8,7.10,32.02,0.2273,4.40,746.0,84.0
695,147.1,6.80,32.02,0.2177,4.59,746.0,84.0
702,142.9,7.00,32.02,0.2241,4.46,746.0,84.0
709,144.9,6.90,32.02,0.2209,4.53,746.0,84.0
716,144.9,6.90,32.02,0.2209,4.53,746.0,84.0
723,142.9,7.00,32.02,0.2241,4.46,746.0,84.0
730,142.9,7.00,32.02,0.2241,4.46,746.0,84.0
737,144.9,6.90,32.02,0.2209,4.53,746.0,84.0
744,142.9,7.00,32.02,0.2241,4.46,746.0,84.0
751,144.9,6.90,32.02,0.2209,4.53,746.0,84.0
758,144.9,6.90,32.02,0.2209,4.53,746.0,84.0
765,140.8,7.10,32.02,0.2273,4.40,746.0,84.0
772,147.1,6.80,32.02,0.2177,4.59,746.0,84.0
779,142.9,7.00,32.02,0.2241,4.46,746.0,84.0
785,144.9,6.90,32.02,0.2209,4.53,746.0,84.0
792,142.9,7.00,32.02,0.2241,4.46,746.0,84.0
799,142.9,7.00,32.02,0.2241,4.46,746.0,84.0
806,147.1,6.80,32.02,0.2177,4.59,746.0,84.0
813,142.9,7.00,32.02,0.2241,4.46,746.0,84.0
820,144.9,6.90,32.02,0.2209,4.53,746.0,84.0
827,142.9,7.00,32.02,0.2241,4.46,746.0,84.0
834,144.9,6.90,32.02,0.2209,4.53,746.0,84.0
841,142.9,7.00,32.02,0.2241,4.46,746.0,84.0
848,144.9,6.90,32.02,0.2209,4.53,746.0,84.0
855,142.9,7.00,32.02,0.2241,4.46,746.0,84.0
862,144.9,6.90,32.02,0.2209,4.53,746.0,84.0
869,142.9,7.00,32.02,0.2241,4.46,746.0,84.0
876,144.9,6.90,32.02,0.2209,4.53,746.0,84.0
883,142.9,7.00,32.02,0.2241,4.46,746.0,84.0
890,144.9,6.90,32.02,0.2209,4.53,746.0,84.0
897,142.9,7.00,32.02,0.2241,4.46,746.0,84.0
904,144.9,6.90,32.02,0.2209,4.53,746.0,84.0
910,144.9,6.90,32.02,0.2209,4.53,746.0,84.0
917,144.9,6.90,32.02,0.2209,4.53,746.0,84.0
924,140.8,7.10,32.02,0.2273,4.40,746.0,84.0
931,144.9,6.90,32.02,0.2209,4.53,746.0,84.0
938,142.9,7.00,32.02,0.2241,4.46,746.0,84.0
945,147.1,6.80,32.02,0.2177,4.59,746.0,84.0
952,144.9,6.90,32.02,0.2209,4.53,746.0,84.0
959,144.9,6.90,32.02,0.2209,4.53,746.0,84.0
966,140.8,7.10,32.02,0.2273,4.40,746.0,84.0
973,142.9,7.00,32.02,0.2241,4.46,746.0,84.0
980,144.9,6.90,32.02,0.2209,4.53,746.0,84.0
987,142.9,7.00,32.02,0.2241,4.46,746.0,84.0
994,144.9,6.90,32.02,0.2209,4.53,746.0,84.0
1001,142.9,7.00,32.02,0.2241,4.46,746.0,84.0
1008,142.9,7.00,32.02,0.2241,4.46,746.0,84.0
1015,147.1,6.80,32.02,0.2177,4.59,746.0,84.0
1021,147.1,6.80,32.02,0.2177,4.59,746.0,84.0
1029,140.8,7.10,32.02,0.2273,4.40,746.0,84.0
1035,144.9,6.90,32.02,0.2209,4.53,746.0,84.0
1042,142.9,7.00,32.02,0.2241,4.46,746.0,84.0
1049,144.9,6.90,32.02,0.2209,4.53,746.0,84.0
1056,142.9,7.00,32.02,0.2241,4.46,746.0,84.0
1063,144.9,6.90,32.02,0.2209,4.53,746.0,84.0
1070,142.9,7.00,32.02,0.2241,4.46,746.0,84.0
1077,147.1,6.80,32.02,0.2177,4.59,746.0,84.0
1084,140.8,7.10,32.02,0.2273,4.40,746.0,84.0
1091,142.9,7.00,32.02,0.2241,4.46,746.0,84.0
1099,120.5,8.30,32.00,0.2656,3.77,746.0,84.0
1106,142.9,7.00,31.99,0.2239,4.47,746.0,84.0
1112,163.9,6.10,31.98,0.1951,5.12,746.0,84.0
1119,158.7,6.30,31.97,0.2014,4.96,746.0,84.0
1126,147.1,6.80,31.96,0.2173,4.60,746.0,84.0
1133,140.8,7.10,31.95,0.2268,4.41,746.0,84.0
1140,142.9,7.00,31.94,0.2235,4.47,746.0,84.0
1147,144.9,6.90,31.92,0.2203,4.54,746.0,84.0
1153,144.9,6.90,31.91,0.2202,4.54,746.0,84.0
1160,142.9,7.00,31.90,0.2233,4.48,746.0,84.0
1167,147.1,6.80,31.89,0.2169,4.61,746.0,84.0
1174,144.9,6.90,31.88,0.2200,4.55,746.0,84.0
1181,142.9,7.00,31.87,0.2231,4.48,746.0,84.0
1189,137.0,7.30,31.86,0.2326,4.30,746.0,84.0
1195,151.5,6.60,31.85,0.2102,4.76,746.0,84.0
1202,144.9,6.90,31.84,0.2197,4.55,746.0,84.0
1209,144.9,6.90,31.84,0.2197,4.55,746.0,84.0
1216,142.9,7.00,31.84,0.2229,4.49,746.0,84.0
1223,144.9,6.90,31.84,0.2197,4.55,746.0,84.0
1230,144.9,6.90,31.84,0.2197,4.55,746.0,84.0
1237,142.9,7.00,31.84,0.2229,4.49,746.0,84.0
1245,117.6,8.50,31.84,0.2706,3.69,746.0,84.0
1251,175.4,5.70,31.84,0.1815,5.51,746.0,84.0
1258,151.5,6.60,31.84,0.2101,4.76,746.0,84.0
1265,140.8,7.10,31.84,0.2261,4.42,746.0,84.0
1271,147.1,6.80,31.84,0.2165,4.62,746.0,84.0
1278,142.9,7.00,31.84,0.2229,4.49,746.0,84.0
1285,142.9,7.00,31.84,0.2229,4.49,746.0,84.0
1292,144.9,6.90,31.84,0.2197,4.55,746.0,84.0
1299,144.9,6.90,31.84,0.2197,4.55,746.0,84.0
1306,142.9,7.00,31.84,0.2229,4.49,746.0,84.0
1313,144.9,6.90,31.84,0.2197,4.55,746.0,84.0
1322,119.0,8.40,31.84,0.2675,3.74,746.0,84.0
1327,181.8,5.50,31.84,0.1751,5.71,746.0,84.0
1334,144.9,6.90,31.84,0.2197,4.55,746.0,84.0
1341,142.9,7.00,31.84,0.2229,4.49,746.0,84.0
1348,144.9,6.90,31.84,0.2197,4.55,746.0,84.0
1355,140.8,7.10,31.84,0.2261,4.42,746.0,84.0
1362,149.3,6.70,31.84,0.2133,4.69,746.0,84.0
1369,140.8,7.10,31.84,0.2261,4.42,746.0,84.0
1376,144.9,6.90,31.84,0.2197,4.55,746.0,84.0
1383,144.9,6.90,31.84,0.2197,4.55,746.0,84.0
1389,144.9,6.90,31.84,0.2197,4.55,746.0,84.0
1397,142.9,7.00,31.84,0.2229,4.49,746.0,84.0
1403,144.9,6.90,31.84,0.2197,4.55,746.0,84.0
1410,144.9,6.90,31.84,0.2197,4.55,746.0,84.0
1417,144.9,6.90,31.84,0.2197,4.55,746.0,84.0
1424,142.9,7.00,31.84,0.2229,4.49,745.9,84.0
1431,144.9,6.90,31.84,0.2197,4.55,745.7,84.0
1438,142.9,7.00,31.84,0.2229,4.49,745.6,84.0
1445,144.9,6.90,31.84,0.2197,4.55,745.5,84.0
1452,142.9,7.00,31.84,0.2229,4.49,745.4,84.0
1459,144.9,6.90,31.84,0.2197,4.55,745.2,84.0
1466,142.9,7.00,31.84,0.2229,4.49,745.1,84.0
1473,142.9,7.00,31.84,0.2229,4.49,745.0,84.0
1480,144.9,6.90,31.84,0.2197,4.55,744.8,84.0
1487,142.9,7.00,31.84,0.2229,4.49,744.7,84.0
1494,147.1,6.80,31.84,0.2165,4.62,744.6,84.0
1501,140.8,7.10,31.84,0.2261,4.42,744.5,84.0
1508,147.1,6.80,31.84,0.2165,4.62,744.3,84.0
1515,142.9,7.00,31.84,0.2229,4.49,744.2,84.0
1522,142.9,7.00,31.84,0.2229,4.49,744.1,84.0
1528,144.9,6.90,31.84,0.2197,4.55,744.0,84.0
1535,142.9,7.00,31.86,0.2230,4.49,744.0,84.0
1542,144.9,6.90,31.88,0.2199,4.55,744.0,84.0
1549,144.9,6.90,31.89,0.2200,4.54,744.0,84.0
1556,142.9,7.00,31.91,0.2233,4.48,744.0,84.0
1563,144.9,6.90,31.92,0.2203,4.54,744.0,84.0
1570,144.9,6.90,31.94,0.2204,4.54,744.0,84.0
1577,142.9,7.00,31.95,0.2237,4.47,744.0,84.0
1584,144.9,6.90,31.97,0.2206,4.53,744.0,84.0
1591,144.9,6.90,31.98,0.2207,4.53,744.0,84.0
1598,144.9,6.90,32.00,0.2208,4.53,744.0,84.0
1605,140.8,7.10,32.01,0.2273,4.40,744.0,84.0
1612,144.9,6.90,32.03,0.2210,4.52,744.0,84.0
1619,144.9,6.90,32.04,0.2211,4.52,744.0,84.0
1626,142.9,7.00,32.06,0.2244,4.46,744.0,84.0
1633,144.9,6.90,32.08,0.2213,4.52,744.0,84.0
1640,142.9,7.00,32.08,0.2246,4.45,744.0,84.0
1646,144.9,6.90,32.08,0.2214,4.52,744.0,84.0
1653,142.9,7.00,32.08,0.2246,4.45,744.0,84.0
1660,144.9,6.90,32.08,0.2214,4.52,744.0,84.0
1667,144.9,6.90,32.08,0.2214,4.52,744.0,84.0
1674,142.9,7.00,32.08,0.2246,4.45,744.0,84.0
1681,144.9,6.90,32.08,0.2214,4.52,744.0,84.0
1688,142.9,7.00,32.08,0.2246,4.45,744.0,84.0
1695,144.9,6.90,32.08,0.2214,4.52,744.0,84.0
1702,142.9,7.00,32.08,0.2246,4.45,744.0,84.0
1709,144.9,6.90,32.08,0.2214,4.52,744.0,84.0
1716,144.9,6.90,32.08,0.2214,4.52,744.0,84.0
1723,140.8,7.10,32.08,0.2278,4.39,744.0,84.0
1730,142.9,7.00,32.08,0.2246,4.45,744.0,84.0
1737,147.1,6.80,32.08,0.2181,4.59,744.0,84.0
1744,142.9,7.00,32.08,0.2246,4.45,744.0,84.0
1751,144.9,6.90,32.08,0.2214,4.52,744.0,84.0
1758,144.9,6.90,32.08,0.2214,4.52,744.0,84.0
1765,142.9,7.00,32.08,0.2246,4.45,744.0,84.0
1771,144.9,6.90,32.08,0.2214,4.52,744.0,84.0
1778,144.9,6.90,32.08,0.2214,4.52,744.0,84.0
1785,142.9,7.00,32.08,0.2246,4.45,744.0,84.0
1792,142.9,7.00,32.08,0.2246,4.45,744.0,84.0
1799,144.9,6.90,32.08,0.2214,4.52,744.0,84.0
1806,144.9,6.90,32.08,0.2214,4.52,744.0,84.0
1813,140.8,7.10,32.08,0.2278,4.39,744.0,84.0
1820,144.9,6.90,32.08,0.2214,4.52,744.0,84.0
1827,147.1,6.80,32.08,0.2181,4.59,744.0,84.0
1834,142.9,7.00,32.08,0.2246,4.45,744.0,84.0
1841,142.9,7.00,32.08,0.2246,4.45,744.0,84.0
1848,144.9,6.90,32.08,0.2214,4.52,744.0,84.0
1855,144.9,6.90,32.08,0.2214,4.52,744.0,84.0
1862,142.9,7.00,32.08,0.2246,4.45,744.0,84.0
1869,144.9,6.90,32.08,0.2214,4.52,744.0,84.0
1876,142.9,7.00,32.08,0.2246,4.45,744.0,84.0
1883,144.9,6.90,32.08,0.2214,4.52,744.0,84.0
1890,140.8,7.10,32.08,0.2278,4.39,744.0,84.0
1896,147.1,6.80,32.08,0.2181,4.59,744.0,84.0
1903,142.9,7.00,32.08,0.2246,4.45,744.0,84.0
1910,144.9,6.90,32.08,0.2214,4.52,744.0,84.0
1917,144.9,6.90,32.08,0.2214,4.52,744.0,84.0
1924,142.9,7.00,32.08,0.2246,4.45,744.0,84.0
1931,144.9,6.90,32.08,0.2214,4.52,744.0,84.0
1938,142.9,7.00,32.08,0.2246,4.45,744.0,84.0
1945,144.9,6.90,32.08,0.2214,4.52,744.0,84.0
1952,142.9,7.00,32.08,0.2246,4.45,744.0,84.0
1959,144.9,6.90,32.08,0.2214,4.52,744.0,84.0
1966,142.9,7.00,32.08,0.2246,4.45,744.0,84.0
1973,142.9,7.00,32.08,0.2246,4.45,744.0,84.0
1980,144.9,6.90,32.08,0.2214,4.52,744.0,84.0
1987,147.1,6.80,32.08,0.2181,4.59,744.0,84.0
1994,142.9,7.00,32.08,0.2246,4.45,744.0,84.0
2001,144.9,6.90,32.08,0.2214,4.52,744.0,84.0
2008,142.9,7.00,32.08,0.2246,4.45,744.0,84.0
2015,142.9,7.00,32.08,0.2246,4.45,744.0,84.0
2021,144.9,6.90,32.08,0.2214,4.52,744.0,84.0
2028,142.9,7.00,32.08,0.2246,4.45,744.0,84.0
2035,144.9,6.90,32.08,0.2214,4.52,744.0,84.0
2042,144.9,6.90,32.08,0.2214,4.52,744.0,84.0
2049,144.9,6.90,32.08,0.2214,4.52,744.0,84.0
2056,142.9,7.00,32.08,0.2246,4.45,744.0,84.0
2063,147.1,6.80,32.08,0.2181,4.59,744.0,84.0
2070,142.9,7.00,32.08,0.2246,4.45,744.0,84.0
2077,142.9,7.00,32.08,0.2245,4.45,744.0,84.0
2084,144.9,6.90,32.07,0.2213,4.52,744.0,84.0
2091,142.9,7.00,32.07,0.2245,4.46,744.0,84.0
2098,144.9,6.90,32.07,0.2213,4.52,744.0,84.0
2105,144.9,6.90,32.06,0.2212,4.52,744.0,84.0
2112,142.9,7.00,32.06,0.2244,4.46,744.0,84.0
2119,144.9,6.90,32.05,0.2212,4.52,744.0,84.0
2126,144.9,6.90,32.05,0.2211,4.52,744.0,84.0
2133,142.9,7.00,32.05,0.2243,4.46,744.0,84.0
2139,144.9,6.90,32.04,0.2211,4.52,744.0,84.0
2146,142.9,7.00,32.04,0.2243,4.46,744.0,84.0
2153,144.9,6.90,32.04,0.2210,4.52,744.0,84.0
2160,142.9,7.00,32.03,0.2242,4.46,744.0,84.0
2167,142.9,7.00,32.03,0.2242,4.46,744.0,84.0
2174,144.9,6.90,32.02,0.2210,4.52,744.0,84.0
2181,144.9,6.90,32.02,0.2209,4.53,744.0,84.0
2188,142.9,7.00,32.02,0.2241,4.46,744.0,84.0
2195,144.9,6.90,32.02,0.2209,4.53,744.0,84.0
2202,142.9,7.00,32.02,0.2241,4.46,744.0,84.0
2209,144.9,6.90,32.02,0.2209,4.53,744.0,84.0
2216,142.9,7.00,32.02,0.2241,4.46,744.0,84.0
2223,144.9,6.90,32.02,0.2209,4.53,744.0,84.0
2230,144.9,6.90,32.02,0.2209,4.53,744.0,84.0
2237,142.9,7.00,32.02,0.2241,4.46,744.0,84.0
2244,142.9,7.00,32.02,0.2241,4.46,744.0,84.0
2251,144.9,6.90,32.02,0.2209,4.53,744.0,84.0
2258,144.9,6.90,32.02,0.2209,4.53,744.0,84.0
2264,144.9,6.90,32.02,0.2209,4.53,744.0,84.0
2271,142.9,7.00,32.02,0.2241,4.46,744.0,84.0
2278,142.9,7.00,32.02,0.2241,4.46,744.0,84.0
2285,147.1,6.80,32.02,0.2177,4.59,744.0,84.0
2292,144.9,6.90,32.02,0.2209,4.53,744.0,84.0
2299,140.8,7.10,32.02,0.2273,4.40,744.0,84.0
2306,142.9,7.00,32.02,0.2241,4.46,744.0,84.0
2313,147.1,6.80,32.02,0.2177,4.59,744.0,84.0
2320,144.9,6.90,32.02,0.2209,4.53,744.0,84.0
2327,140.8,7.10,32.02,0.2273,4.40,744.0,84.0
2334,135.1,7.40,32.02,0.2369,4.22,744.0,84.0
2341,151.5,6.60,32.02,0.2113,4.73,744.0,84.0
2348,147.1,6.80,32.02,0.2177,4.59,744.0,84.0
2355,144.9,6.90,32.02,0.2209,4.53,744.0,84.0
2362,142.9,7.00,32.02,0.2241,4.46,744.0,84.0
2369,144.9,6.90,32.02,0.2209,4.53,744.0,84.0
2377,123.5,8.10,32.02,0.2594,3.86,744.0,84.0
2383,169.5,5.90,32.02,0.1889,5.29,744.0,84.0
2390,144.9,6.90,32.02,0.2209,4.53,744.0,84.0
2397,142.9,7.00,32.02,0.2241,4.46,744.0,84.0
2403,147.1,6.80,32.02,0.2177,4.59,744.0,84.0
2410,140.8,7.10,32.02,0.2273,4.40,744.0,84.0
2417,147.1,6.80,32.02,0.2177,4.59,744.0,84.0
2424,144.9,6.90,32.02,0.2209,4.53,744.0,84.0
2431,142.9,7.00,32.02,0.2241,4.46,744.0,84.0
2438,142.9,7.00,32.02,0.2241,4.46,744.0,84.0
2445,144.9,6.90,32.02,0.2209,4.53,744.0,84.0
2452,142.9,7.00,32.02,0.2241,4.46,744.0,84.0
2459,144.9,6.90,32.02,0.2209,4.53,744.0,84.0
2466,142.9,7.00,32.02,0.2241,4.46,744.0,84.0
2473,144.9,6.90,32.02,0.2209,4.53,744.0,84.0
2480,142.9,7.00,32.02,0.2241,4.46,744.0,84.0
2487,142.9,7.00,32.02,0.2241,4.46,744.0,84.0
2494,144.9,6.90,32.02,0.2209,4.53,744.0,84.0
2501,144.9,6.90,32.02,0.2209,4.53,744.0,84.0
2508,142.9,7.00,32.02,0.2241,4.46,744.0,84.0
2515,144.9,6.90,32.03,0.2210,4.52,744.0,84.0
2522,142.9,7.00,32.04,0.2243,4.46,744.0,84.0
2528,144.9,6.90,32.04,0.2211,4.52,744.0,84.0
2535,144.9,6.90,32.05,0.2212,4.52,744.0,84.0
2542,142.9,7.00,32.06,0.2244,4.46,744.0,84.0
2549,144.9,6.90,32.07,0.2213,4.52,744.0,84.0
2556,144.9,6.90,32.08,0.2214,4.52,744.0,84.0
2563,142.9,7.00,32.09,0.2246,4.45,744.0,84.0
2570,144.9,6.90,32.10,0.2215,4.51,744.0,84.0
2577,142.9,7.00,32.11,0.2247,4.45,744.0,84.0
2584,144.9,6.90,32.12,0.2216,4.51,744.0,84.0
2591,144.9,6.90,32.12,0.2217,4.51,744.0,84.0
2598,144.9,6.90,32.13,0.2217,4.51,744.0,84.0
2605,144.9,6.90,32.14,0.2218,4.51,744.0,84.0
2612,142.9,7.00,32.15,0.2251,4.44,744.0,84.0
2619,144.9,6.90,32.16,0.2219,4.51,744.0,84.0
2626,144.9,6.90,32.16,0.2219,4.51,744.0,84.0
2632,144.9,6.90,32.16,0.2219,4.51,744.0,84.0
2640,140.8,7.10,32.16,0.2283,4.38,744.0,84.0
2646,147.1,6.80,32.16,0.2187,4.57,744.0,84.0
2653,140.8,7.10,32.16,0.2283,4.38,744.0,84.0
2660,147.1,6.80,32.16,0.2187,4.57,744.0,84.0
2667,142.9,7.00,32.16,0.2251,4.44,744.0,84.0
2674,144.9,6.90,32.16,0.2219,4.51,744.0,84.0
2681,144.9,6.90,32.16,0.2219,4.51,744.0,84.0
2688,142.9,7.00,32.16,0.2251,4.44,744.0,84.0
2695,144.9,6.90,32.16,0.2219,4.51,744.0,84.0
2702,142.9,7.00,32.16,0.2251,4.44,744.0,84.0
2709,144.9,6.90,32.16,0.2219,4.51,744.0,84.0
2716,142.9,7.00,32.16,0.2251,4.44,744.0,84.0
2723,144.9,6.90,32.16,0.2219,4.51,744.0,84.0
2730,142.9,7.00,32.16,0.2251,4.44,744.0,84.0
2737,147.1,6.80,32.16,0.2187,4.57,744.0,84.0
2744,142.9,7.00,32.16,0.2251,4.44,744.0,84.0
2751,144.9,6.90,32.16,0.2219,4.51,744.0,84.0
2758,142.9,7.00,32.16,0.2251,4.44,744.0,84.0
2764,144.9,6.90,32.16,0.2219,4.51,744.0,84.0
2771,142.9,7.00,32.16,0.2251,4.44,744.0,84.0
2778,144.9,6.90,32.16,0.2219,4.51,744.0,84.0
2785,142.9,7.00,32.16,0.2251,4.44,744.0,84.0
2792,144.9,6.90,32.16,0.2219,4.51,744.0,84.0
2799,144.9,6.90,32.16,0.2219,4.51,744.0,84.0
2806,144.9,6.90,32.16,0.2219,4.51,744.0,84.0
2813,144.9,6.90,32.16,0.2219,4.51,744.0,84.0
2820,140.8,7.10,32.16,0.2283,4.38,744.0,84.0
2827,147.1,6.80,32.16,0.2187,4.57,744.0,84.0
2834,144.9,6.90,32.16,0.2219,4.51,744.0,84.0
2841,140.8,7.10,32.16,0.2283,4.38,744.0,84.0
2848,144.9,6.90,32.16,0.2219,4.51,744.0,84.0
2855,142.9,7.00,32.16,0.2251,4.44,744.0,84.0
2862,144.9,6.90,32.16,0.2219,4.51,744.0,84.0
2869,144.9,6.90,32.16,0.2219,4.51,744.0,84.0
2876,140.8,7.10,32.16,0.2283,4.38,744.0,84.0
2883,144.9,6.90,32.16,0.2219,4.51,744.0,84.0
2890,144.9,6.90,32.16,0.2219,4.51,744.0,84.0
2896,144.9,6.90,32.16,0.2219,4.51,744.0,84.0
2903,142.9,7.00,32.16,0.2251,4.44,744.0,84.0
2910,144.9,6.90,32.16,0.2219,4.51,744.0,84.0
2917,142.9,7.00,32.16,0.2251,4.44,744.0,84.0
2924,147.1,6.80,32.16,0.2187,4.57,744.0,84.0
2931,142.9,7.00,32.16,0.2251,4.44,744.0,84.0
2940,107.5,9.30,32.16,0.2991,3.34,744.0,84.0
2951,97.1,10.30,32.16,0.3312,3.02,743.6,84.0
2960,113.6,8.80,32.16,0.2830,3.53,742.8,84.0
2966,158.7,6.30,32.16,0.2026,4.93,742.3,84.0
2974,125.0,8.00,32.16,0.2573,3.89,741.5,84.0
2982,128.2,7.80,32.16,0.2508,3.99,740.8,84.0
2987,178.6,5.60,32.16,0.1801,5.55,740.3,84.0
2994,156.2,6.40,32.16,0.2058,4.86,739.7,84.0
3001,142.9,7.00,32.16,0.2251,4.44,739.0,84.0
3007,147.1,6.80,32.16,0.2187,4.57,738.5,84.0
3014,142.9,7.00,32.16,0.2251,4.44,737.9,84.0
3021,144.9,6.90,32.16,0.2219,4.51,737.2,84.0
3028,142.9,7.00,32.16,0.2251,4.44,736.6,84.0
3037,120.5,8.30,32.16,0.2669,3.75,735.7,84.0
3042,175.4,5.70,32.16,0.1833,5.45,735.3,84.0
3049,147.1,6.80,32.16,0.2187,4.57,734.6,84.0
3056,140.8,7.10,32.16,0.2283,4.38,734.0,84.0
3063,144.9,6.90,32.14,0.2218,4.51,734.0,84.0
3070,144.9,6.90,32.13,0.2217,4.51,734.0,84.0
3077,142.9,7.00,32.11,0.2248,4.45,734.0,84.0
3084,142.9,7.00,32.10,0.2247,4.45,734.0,84.0
3091,147.1,6.80,32.08,0.2181,4.59,734.0,84.0
3098,140.8,7.10,32.06,0.2277,4.39,734.0,84.0
3105,149.3,6.70,32.05,0.2147,4.66,734.0,84.0
3112,142.9,7.00,32.03,0.2242,4.46,734.0,84.0
3119,142.9,7.00,32.02,0.2241,4.46,734.0,84.0
3126,144.9,6.90,32.00,0.2208,4.53,734.0,84.0
3133,142.9,7.00,31.99,0.2239,4.47,734.0,84.0
3140,142.9,7.00,31.97,0.2238,4.47,734.0,84.0
3146,144.9,6.90,31.96,0.2205,4.53,734.0,84.0
3153,144.9,6.90,31.94,0.2204,4.54,734.0,84.0
3160,144.9,6.90,31.92,0.2203,4.54,734.0,84.0
3167,142.9,7.00,31.91,0.2234,4.48,734.0,84.0
3174,142.9,7.00,31.91,0.2234,4.48,734.0,84.0
3181,147.1,6.80,31.91,0.2170,4.61,734.0,84.0
3188,142.9,7.00,31.91,0.2234,4.48,734.0,84.0
3195,144.9,6.90,31.91,0.2202,4.54,734.0,84.0
3202,140.8,7.10,31.91,0.2266,4.41,734.0,84.0
3209,144.9,6.90,31.91,0.2202,4.54,734.0,84.0
3216,144.9,6.90,31.91,0.2202,4.54,734.0,84.0
3223,142.9,7.00,31.91,0.2234,4.48,734.0,84.0
3230,144.9,6.90,31.91,0.2202,4.54,734.0,84.0
3237,142.9,7.00,31.91,0.2234,4.48,734.0,84.0
3244,144.9,6.90,31.91,0.2202,4.54,734.0,84.0
3251,142.9,7.00,31.91,0.2234,4.48,734.0,84.0
3258,144.9,6.90,31.91,0.2202,4.54,734.0,84.0
3265,142.9,7.00,31.91,0.2234,4.48,734.0,84.0
3272,142.9,7.00,31.91,0.2234,4.48,734.0,84.0
3278,147.1,6.80,31.91,0.2170,4.61,734.0,84.0
3285,142.9,7.00,31.91,0.2234,4.48,734.0,84.0
3292,147.1,6.80,31.91,0.2170,4.61,734.0,84.0
3299,140.8,7.10,31.91,0.2266,4.41,734.0,84.0
3306,144.9,6.90,31.91,0.2202,4.54,734.0,84.0
3313,142.9,7.00,31.91,0.2234,4.48,734.0,84.0
3320,144.9,6.90,31.91,0.2202,4.54,734.0,84.0
3327,144.9,6.90,31.91,0.2202,4.54,734.0,84.0
3334,144.9,6.90,31.91,0.2202,4.54,734.0,84.0
3341,142.9,7.00,31.91,0.2234,4.48,734.0,84.0
3348,142.9,7.00,31.91,0.2234,4.48,734.0,84.0
3355,147.1,6.80,31.91,0.2170,4.61,734.0,84.0
3362,142.9,7.00,31.91,0.2234,4.48,734.0,84.0
3369,142.9,7.00,31.91,0.2234,4.48,734.0,84.0
3376,144.9,6.90,31.91,0.2202,4.54,734.0,84.0
3383,142.9,7.00,31.91,0.2234,4.48,734.0,84.0
3390,142.9,7.00,31.91,0.2234,4.48,734.0,84.0
3396,144.9,6.90,31.91,0.2202,4.54,734.0,84.0
3403,142.9,7.00,31.91,0.2234,4.48,734.0,84.0
3410,147.1,6.80,31.91,0.2170,4.61,734.0,84.0
3417,142.9,7.00,31.91,0.2234,4.48,734.0,84.0
3424,142.9,7.00,31.91,0.2234,4.48,734.0,84.0
3431,147.1,6.80,31.91,0.2170,4.61,734.0,84.0
3438,140.8,7.10,31.91,0.2266,4.41,734.0,84.0
3445,147.1,6.80,31.91,0.2170,4.61,734.0,84.0
3452,142.9,7.00,31.91,0.2234,4.48,734.0,84.0
3459,142.9,7.00,31.91,0.2234,4.48,734.0,84.0
3466,142.9,7.00,31.91,0.2234,4.48,734.0,84.0
3473,147.1,6.80,31.91,0.2170,4.61,734.0,84.0
3480,142.9,7.00,31.91,0.2234,4.48,734.0,84.0
3487,133.3,7.50,31.91,0.2393,4.18,734.0,84.0
3494,156.2,6.40,31.91,0.2042,4.90,734.0,84.0
3501,147.1,6.80,31.91,0.2170,4.61,734.0,84.0
3508,142.9,7.00,31.92,0.2234,4.48,734.0,84.0
3514,144.9,6.90,31.93,0.2203,4.54,734.0,84.0
3521,144.9,6.90,31.94,0.2204,4.54,734.0,84.0
3528,142.9,7.00,31.94,0.2236,4.47,734.0,84.0
3535,142.9,7.00,31.95,0.2237,4.47,734.0,84.0
3542,144.9,6.90,31.96,0.2205,4.53,734.0,84.0
3549,144.9,6.90,31.97,0.2206,4.53,734.0,84.0
3556,144.9,6.90,31.97,0.2206,4.53,734.0,84.0
3563,142.9,7.00,31.98,0.2239,4.47,734.0,84.0
3570,144.9,6.90,31.99,0.2207,4.53,734.0,84.0
3577,142.9,7.00,32.00,0.2240,4.47,734.0,84.0
3584,144.9,6.90,32.00,0.2208,4.53,734.0,84.0
3591,140.8,7.10,32.01,0.2273,4.40,734.0,84.0
3598,147.1,6.80,32.02,0.2177,4.59,734.0,84.0
3605,142.9,7.00,32.03,0.2242,4.46,734.0,84.0
3612,144.9,6.90,32.03,0.2210,4.52,734.0,84.0
3619,142.9,7.00,32.03,0.2242,4.46,734.0,84.0
3626,142.9,7.00,32.03,0.2242,4.46,734.0,84.0
3632,147.1,6.80,32.03,0.2178,4.59,734.0,84.0
3639,142.9,7.00,32.03,0.2242,4.46,734.0,84.0
3646,142.9,7.00,32.03,0.2242,4.46,734.0,84.0
3653,147.1,6.80,32.03,0.2178,4.59,734.0,84.0
3660,142.9,7.00,32.03,0.2242,4.46,734.0,84.0
3667,144.9,6.90,32.03,0.2210,4.52,734.0,84.0
3674,140.8,7.10,32.03,0.2274,4.40,734.0,84.0
3681,144.9,6.90,32.03,0.2210,4.52,734.0,84.0
3688,144.9,6.90,32.03,0.2210,4.52,734.0,84.0
3695,144.9,6.90,32.03,0.2210,4.52,734.0,84.0
3702,142.9,7.00,32.03,0.2242,4.46,734.0,84.0
3709,144.9,6.90,32.03,0.2210,4.52,734.0,84.0
3716,144.9,6.90,32.03,0.2210,4.52,734.0,84.0
3723,142.9,7.00,32.03,0.2242,4.46,734.0,84.0
3730,142.9,7.00,32.03,0.2242,4.46,734.0,84.0
3737,142.9,7.00,32.03,0.2242,4.46,734.0,84.0
3744,144.9,6.90,32.03,0.2210,4.52,734.0,84.0
3751,142.9,7.00,32.03,0.2242,4.46,734.0,84.0
3758,144.9,6.90,32.03,0.2210,4.52,734.0,84.0
3764,144.9,6.90,32.03,0.2210,4.52,734.0,84.0
3771,144.9,6.90,32.03,0.2210,4.52,734.0,84.0
3778,142.9,7.00,32.03,0.2242,4.46,734.0,84.0
3785,142.9,7.00,32.03,0.2242,4.46,734.0,84.0
3792,144.9,6.90,32.03,0.2210,4.52,734.0,84.0
3799,144.9,6.90,32.03,0.2210,4.52,734.0,84.0
3806,142.9,7.00,32.03,0.2242,4.46,734.0,84.0
3813,142.9,7.00,32.03,0.2242,4.46,734.0,84.0
3820,144.9,6.90,32.03,0.2210,4.52,734.0,84.0
3827,144.9,6.90,32.03,0.2210,4.52,734.0,84.0
3834,142.9,7.00,32.03,0.2242,4.46,734.0,84.0
3841,147.1,6.80,32.03,0.2178,4.59,734.0,84.0
3848,142.9,7.00,32.03,0.2242,4.46,734.0,84.0
3855,142.9,7.00,32.03,0.2242,4.46,734.0,84.0
3862,144.9,6.90,32.03,0.2210,4.52,734.0,84.0
3869,142.9,7.00,32.03,0.2242,4.46,734.0,84.0
3876,144.9,6.90,32.03,0.2210,4.52,734.0,84.0
3883,144.9,6.90,32.03,0.2210,4.52,734.0,84.0
3890,142.9,7.00,32.03,0.2242,4.46,734.0,84.0
3896,144.9,6.90,32.03,0.2210,4.52,734.0,84.0
3903,144.9,6.90,32.03,0.2210,4.52,734.0,84.0
3910,142.9,7.00,32.03,0.2242,4.46,734.0,84.0
3917,144.9,6.90,32.03,0.2210,4.52,734.0,84.0
3924,142.9,7.00,32.03,0.2242,4.46,734.0,84.0
3931,142.9,7.00,32.03,0.2242,4.46,734.0,84.0
3938,144.9,6.90,32.03,0.2210,4.52,734.0,84.0
3945,144.9,6.90,32.03,0.2210,4.52,734.0,84.0
3952,140.8,7.10,32.03,0.2274,4.40,734.0,84.0
3959,147.1,6.80,32.03,0.2178,4.59,734.0,84.0
3966,142.9,7.00,32.03,0.2242,4.46,734.0,84.0
3978,82.0,12.20,32.03,0.3908,2.56,734.0,84.0
3987,119.0,8.40,32.03,0.2691,3.72,734.0,84.0
3994,126.6,7.90,32.03,0.2530,3.95,734.0,84.0
4004,102.0,9.80,32.03,0.3139,3.18,734.0,84.0
4013,113.6,8.80,32.03,0.2819,3.55,734.0,84.0
4021,126.6,7.90,32.03,0.2530,3.95,734.0,84.0
4029,120.5,8.30,32.03,0.2658,3.76,734.0,84.0
4036,140.8,7.10,32.03,0.2274,4.40,734.0,84.0
4047,91.7,10.90,32.02,0.3490,2.86,734.0,84.0
4055,125.0,8.00,32.01,0.2560,3.91,734.0,84.0
4061,161.3,6.20,31.99,0.1984,5.04,734.0,84.0
4067,172.4,5.80,31.98,0.1855,5.39,734.0,84.0
4073,181.8,5.50,31.97,0.1758,5.69,734.0,84.0
4078,185.2,5.40,31.96,0.1726,5.79,734.0,84.0
4084,172.4,5.80,31.95,0.1853,5.40,734.0,84.0
4091,140.8,7.10,31.93,0.2267,4.41,734.0,84.0
4098,144.9,6.90,31.92,0.2202,4.54,734.0,84.0
4105,147.1,6.80,31.90,0.2170,4.61,734.0,84.0
4112,140.8,7.10,31.89,0.2264,4.42,734.0,84.0
4119,142.9,7.00,31.88,0.2231,4.48,734.0,84.0
4126,147.1,6.80,31.86,0.2167,4.62,734.0,84.0
4133,142.9,7.00,31.85,0.2229,4.49,734.0,84.0
4140,144.9,6.90,31.83,0.2197,4.55,734.0,84.0
4147,142.9,7.00,31.82,0.2227,4.49,734.0,84.0
4153,144.9,6.90,31.81,0.2195,4.56,734.0,84.0
4160,144.9,6.90,31.81,0.2195,4.56,734.0,84.0
4167,144.9,6.90,31.81,0.2195,4.56,734.0,84.0
4174,142.9,7.00,31.81,0.2227,4.49,734.0,84.0
4181,142.9,7.00,31.81,0.2227,4.49,734.0,84.0
4188,144.9,6.90,31.81,0.2195,4.56,734.0,84.0
4195,142.9,7.00,31.81,0.2227,4.49,734.0,84.0
4202,144.9,6.90,31.81,0.2195,4.56,734.0,84.0
4209,142.9,7.00,31.81,0.2227,4.49,734.0,84.0
4216,147.1,6.80,31.81,0.2163,4.62,734.0,84.0
4223,142.9,7.00,31.81,0.2227,4.49,734.0,84.0
4230,138.9,7.20,31.81,0.2290,4.37,734.0,84.0
4237,149.3,6.70,31.81,0.2131,4.69,734.0,84.0
4244,144.9,6.90,31.81,0.2195,4.56,734.0,84.0
4251,142.9,7.00,31.81,0.2227,4.49,734.0,84.0
4257,144.9,6.90,31.81,0.2195,4.56,734.0,84.0
4264,144.9,6.90,31.81,0.2195,4.56,734.0,84.0
4271,142.9,7.00,31.81,0.2227,4.49,734.0,84.0
4278,142.9,7.00,31.81,0.2227,4.49,734.0,84.0
4285,144.9,6.90,31.81,0.2195,4.56,734.0,84.0
4292,142.9,7.00,31.81,0.2227,4.49,734.0,84.0
4299,144.9,6.90,31.81,0.2195,4.56,734.0,84.0
4306,142.9,7.00,31.81,0.2227,4.49,734.0,84.0
4313,144.9,6.90,31.81,0.2195,4.56,734.0,84.0
4320,144.9,6.90,31.81,0.2195,4.56,734.0,84.0
4327,142.9,7.00,31.81,0.2227,4.49,734.0,84.0
4334,144.9,6.90,31.81,0.2195,4.56,734.0,84.0
4341,142.9,7.00,31.81,0.2227,4.49,734.0,84.0
4348,142.9,7.00,31.81,0.2227,4.49,734.0,84.0
4355,147.1,6.80,31.81,0.2163,4.62,734.0,84.0
4362,140.8,7.10,31.81,0.2259,4.43,734.0,84.0
4369,147.1,6.80,31.81,0.2163,4.62,734.0,84.0
4375,144.9,6.90,31.81,0.2195,4.56,734.0,84.0
4383,140.8,7.10,31.81,0.2259,4.43,734.0,84.0
4389,144.9,6.90,31.81,0.2195,4.56,734.0,84.0
4396,144.9,6.90,31.81,0.2195,4.56,734.0,84.0
4403,142.9,7.00,31.81,0.2227,4.49,734.0,84.0
4410,147.1,6.80,31.81,0.2163,4.62,734.0,84.0
4417,140.8,7.10,31.81,0.2259,4.43,734.0,84.0
4424,144.9,6.90,31.81,0.2195,4.56,734.0,84.0
4431,147.1,6.80,31.81,0.2163,4.62,734.0,84.0
4438,142.9,7.00,31.81,0.2227,4.49,734.0,84.0
4445,144.9,6.90,31.81,0.2195,4.56,734.0,84.0
4452,142.9,7.00,31.81,0.2227,4.49,734.0,84.0
4459,142.9,7.00,31.81,0.2227,4.49,734.0,84.0
4466,144.9,6.90,31.81,0.2195,4.56,734.0,84.0
4473,140.8,7.10,31.81,0.2259,4.43,734.0,84.0
4480,149.3,6.70,31.81,0.2131,4.69,734.0,84.0
4487,142.9,7.00,31.81,0.2227,4.49,734.0,84.0
4494,142.9,7.00,31.81,0.2227,4.49,734.0,84.0
4501,144.9,6.90,31.81,0.2195,4.56,734.0,84.0
4508,142.9,7.00,31.81,0.2227,4.49,734.0,84.0
4514,144.9,6.90,31.81,0.2195,4.56,734.0,84.0
4521,144.9,6.90,31.81,0.2195,4.56,734.0,84.0
4528,144.9,6.90,31.81,0.2195,4.56,734.0,84.0
4535,140.8,7.10,31.81,0.2259,4.43,734.0,84.0
4542,144.9,6.90,31.81,0.2195,4.56,734.0,84.0
4549,144.9,6.90,31.81,0.2195,4.56,734.0,84.0
4556,144.9,6.90,31.81,0.2195,4.56,734.0,84.0
4563,144.9,6.90,31.81,0.2195,4.56,734.0,84.0
4570,140.8,7.10,31.81,0.2259,4.43,734.0,84.0
4577,147.1,6.80,31.81,0.2163,4.62,734.0,84.0
4584,142.9,7.00,31.81,0.2227,4.49,734.0,84.0
4591,142.9,7.00,31.81,0.2227,4.49,734.0,84.0
4598,142.9,7.00,31.84,0.2229,4.49,734.0,84.1
4605,144.9,6.90,31.87,0.2199,4.55,734.0,84.1
4612,140.8,7.10,31.90,0.2265,4.41,734.0,84.2
4619,149.3,6.70,31.92,0.2139,4.68,734.0,84.3
4626,142.9,7.00,31.95,0.2236,4.47,734.0,84.3
4632,144.9,6.90,31.97,0.2206,4.53,734.0,84.4
4640,140.8,7.10,32.00,0.2272,4.40,734.0,84.5
4646,147.1,6.80,32.03,0.2178,4.59,734.0,84.5
4653,142.9,7.00,32.06,0.2244,4.46,734.0,84.6
4660,147.1,6.80,32.08,0.2182,4.59,734.0,84.6
4667,140.8,7.10,32.11,0.2280,4.39,734.0,84.7
4674,144.9,6.90,32.14,0.2217,4.51,734.0,84.8
4681,144.9,6.90,32.16,0.2219,4.51,734.0,84.8
4688,142.9,7.00,32.19,0.2253,4.44,734.0,84.9
4695,142.9,7.00,32.22,0.2255,4.44,734.0,85.0
4702,144.9,6.90,32.23,0.2224,4.50,734.0,85.0
4709,147.1,6.80,32.23,0.2192,4.56,734.0,85.0
4716,140.8,7.10,32.23,0.2288,4.37,734.0,85.0
4723,144.9,6.90,32.23,0.2224,4.50,734.0,85.0
4730,142.9,7.00,32.23,0.2256,4.43,734.0,85.0
4737,144.9,6.90,32.23,0.2224,4.50,734.0,85.0
4744,142.9,7.00,32.23,0.2256,4.43,734.0,85.0
4751,144.9,6.90,32.23,0.2224,4.50,734.0,85.0
4757,144.9,6.90,32.23,0.2224,4.50,734.0,85.0
4764,142.9,7.00,32.23,0.2256,4.43,734.0,85.0
4771,144.9,6.90,32.23,0.2224,4.50,734.0,85.0
4778,142.9,7.00,32.23,0.2256,4.43,734.0,85.0
4785,144.9,6.90,32.23,0.2224,4.50,734.0,85.0
4792,144.9,6.90,32.23,0.2224,4.50,734.0,85.0
4799,142.9,7.00,32.23,0.2256,4.43,734.0,85.0
4806,144.9,6.90,32.23,0.2224,4.50,734.0,85.0
4813,142.9,7.00,32.23,0.2256,4.43,734.0,85.0
4820,144.9,6.90,32.23,0.2224,4.50,734.0,85.0
4827,144.9,6.90,32.23,0.2224,4.50,734.0,85.0
4834,142.9,7.00,32.23,0.2256,4.43,734.0,85.0
4841,142.9,7.00,32.23,0.2256,4.43,734.0,85.0
4848,144.9,6.90,32.23,0.2224,4.50,734.0,85.0
4855,144.9,6.90,32.23,0.2224,4.50,734.0,85.0
4862,140.8,7.10,32.23,0.2288,4.37,734.0,85.0
4869,142.9,7.00,32.23,0.2256,4.43,734.0,85.0
4876,147.1,6.80,32.23,0.2192,4.56,734.0,85.0
4883,142.9,7.00,32.23,0.2256,4.43,734.0,85.0
4889,144.9,6.90,32.23,0.2224,4.50,734.0,85.0
4896,144.9,6.90,32.23,0.2224,4.50,734.0,85.0
4903,144.9,6.90,32.23,0.2224,4.50,734.0,85.0
4910,142.9,7.00,32.23,0.2256,4.43,734.0,85.0
4917,144.9,6.90,32.23,0.2224,4.50,734.0,85.0
4924,142.9,7.00,32.23,0.2256,4.43,734.0,85.0
4931,142.9,7.00,32.23,0.2256,4.43,734.0,85.0
4938,147.1,6.80,32.23,0.2192,4.56,734.0,85.0
4945,142.9,7.00,32.23,0.2256,4.43,734.0,85.0
4952,142.9,7.00,32.23,0.2256,4.43,734.0,85.0
4959,144.9,6.90,32.23,0.2224,4.50,734.0,85.0
4966,142.9,7.00,32.23,0.2256,4.43,734.0,85.0
4973,142.9,7.00,32.23,0.2256,4.43,734.0,85.0
4980,144.9,6.90,32.23,0.2224,4.50,734.0,85.0
4987,144.9,6.90,32.23,0.2224,4.50,734.0,85.0
4994,142.9,7.00,32.23,0.2256,4.43,734.0,85.0
5001,144.9,6.90,32.23,0.2224,4.50,734.0,85.0
5007,144.9,6.90,32.23,0.2224,4.50,734.0,85.0
5014,144.9,6.90,32.23,0.2224,4.50,734.0,85.0
5021,142.9,7.00,32.23,0.2256,4.43,734.0,85.0
5028,142.9,7.00,32.24,0.2257,4.43,734.0,85.0
5035,147.1,6.80,32.28,0.2195,4.56,734.0,85.0
5042,142.9,7.00,32.31,0.2262,4.42,734.0,85.0
5049,142.9,7.00,32.34,0.2264,4.42,734.0,85.0
5056,144.9,6.90,32.37,0.2234,4.48,734.0,85.0
5063,144.9,6.90,32.40,0.2236,4.47,734.0,85.0
5070,142.9,7.00,32.44,0.2271,4.41,734.0,85.0
5077,142.9,7.00,32.47,0.2273,4.40,734.0,85.0
5084,144.9,6.90,32.50,0.2243,4.46,734.0,85.0
5091,142.9,7.00,32.53,0.2277,4.39,734.0,85.0
5098,144.9,6.90,32.57,0.2247,4.45,734.0,85.0
5105,142.9,7.00,32.60,0.2282,4.38,734.0,85.0
5112,144.9,6.90,32.63,0.2251,4.44,734.0,85.0
5119,142.9,7.00,32.66,0.2286,4.38,734.0,85.0
5126,142.9,7.00,32.69,0.2289,4.37,734.0,85.0
5132,147.1,6.80,32.72,0.2225,4.50,734.0,85.0
5139,142.9,7.00,32.74,0.2292,4.36,734.0,85.0
5146,144.9,6.90,32.74,0.2259,4.43,734.0,85.0
5153,142.9,7.00,32.74,0.2292,4.36,734.0,85.0
5160,147.1,6.80,32.74,0.2226,4.49,734.0,85.0
5167,142.9,7.00,32.74,0.2292,4.36,734.0,85.0
5174,144.9,6.90,32.74,0.2259,4.43,734.0,85.0
5181,140.8,7.10,32.74,0.2325,4.30,734.0,85.0
5188,144.9,6.90,32.74,0.2259,4.43,734.0,85.0
5195,144.9,6.90,32.74,0.2259,4.43,734.0,85.0
5202,144.9,6.90,32.74,0.2259,4.43,734.0,85.0
5209,142.9,7.00,32.74,0.2292,4.36,734.0,85.0
5216,144.9,6.90,32.74,0.2259,4.43,734.0,85.0
5223,144.9,6.90,32.74,0.2259,4.43,734.0,85.0
5230,142.9,7.00,32.74,0.2292,4.36,734.0,85.0
5237,142.9,7.00,32.74,0.2292,4.36,734.0,85.0
5244,144.9,6.90,32.74,0.2259,4.43,734.0,85.0
5252,120.5,8.30,32.74,0.2717,3.68,734.0,85.0
5257,178.6,5.60,32.74,0.1833,5.46,734.0,85.0
5264,142.9,7.00,32.74,0.2292,4.36,734.0,85.0
5271,147.1,6.80,32.74,0.2226,4.49,734.0,85.0
5278,142.9,7.00,32.74,0.2292,4.36,734.0,85.0
5285,142.9,7.00,32.74,0.2292,4.36,734.0,85.0
5292,144.9,6.90,32.74,0.2259,4.43,734.0,85.0
5299,142.9,7.00,32.74,0.2292,4.36,734.0,85.0
5306,144.9,6.90,32.74,0.2259,4.43,734.0,85.0
5313,142.9,7.00,32.74,0.2292,4.36,734.0,85.0
5320,147.1,6.80,32.74,0.2226,4.49,734.0,85.0
5327,142.9,7.00,32.74,0.2292,4.36,734.0,85.0
5334,142.9,7.00,32.74,0.2292,4.36,734.0,85.0
5341,144.9,6.90,32.74,0.2259,4.43,734.0,85.0
5348,142.9,7.00,32.74,0.2292,4.36,734.0,85.0
5355,144.9,6.90,32.74,0.2259,4.43,734.0,85.0
5362,140.8,7.10,32.74,0.2325,4.30,734.0,85.0
5369,147.1,6.80,32.74,0.2226,4.49,734.0,85.0
5376,142.9,7.00,32.74,0.2292,4.36,734.0,85.0
5382,144.9,6.90,32.74,0.2259,4.43,734.0,85.0
5389,142.9,7.00,32.74,0.2292,4.36,734.0,85.0
5396,144.9,6.90,32.74,0.2259,4.43,734.0,85.0
5403,144.9,6.90,32.74,0.2259,4.43,734.0,85.0
5410,144.9,6.90,32.74,0.2259,4.43,734.0,85.0
5417,142.9,7.00,32.74,0.2292,4.36,734.0,85.0
5424,142.9,7.00,32.74,0.2292,4.36,734.0,85.0
5431,144.9,6.90,32.74,0.2259,4.43,734.0,85.0
5438,144.9,6.90,32.74,0.2259,4.43,734.0,85.0
5445,142.9,7.00,32.74,0.2292,4.36,734.0,85.0
5452,142.9,7.00,32.74,0.2292,4.36,734.0,85.0
5459,142.9,7.00,32.74,0.2292,4.36,734.0,85.0
5466,147.1,6.80,32.74,0.2226,4.49,734.0,85.0
5473,144.9,6.90,32.74,0.2259,4.43,734.0,85.0
5480,140.8,7.10,32.74,0.2325,4.30,734.0,85.0
5487,144.9,6.90,32.74,0.2259,4.43,734.0,85.0
5494,144.9,6.90,32.74,0.2259,4.43,734.0,85.0
5501,142.9,7.00,32.74,0.2292,4.36,734.0,85.0
5507,144.9,6.90,32.74,0.2259,4.43,734.0,85.0
5514,142.9,7.00,32.74,0.2292,4.36,734.0,85.0
5521,142.9,7.00,32.74,0.2292,4.36,734.0,85.0
5528,144.9,6.90,32.74,0.2259,4.43,734.0,85.0
5535,144.9,6.90,32.74,0.2259,4.43,734.0,85.0
5542,142.9,7.00,32.74,0.2292,4.36,734.0,85.0
5549,144.9,6.90,32.74,0.2259,4.43,734.0,85.0
5556,144.9,6.90,32.74,0.2259,4.43,734.0,85.0
5563,142.9,7.00,32.74,0.2292,4.36,734.0,85.0
5570,144.9,6.90,32.74,0.2259,4.43,734.0,85.0
5577,142.9,7.00,32.74,0.2292,4.36,734.0,85.0
5584,144.9,6.90,32.74,0.2259,4.43,734.0,85.0
5591,144.9,6.90,32.73,0.2259,4.43,734.0,85.0
5598,142.9,7.00,32.73,0.2291,4.37,734.0,85.0
5605,144.9,6.90,32.73,0.2258,4.43,734.0,85.0
5612,144.9,6.90,32.73,0.2258,4.43,734.0,85.0
5619,140.8,7.10,32.72,0.2323,4.30,734.0,85.0
5625,147.1,6.80,32.72,0.2225,4.50,734.0,85.0
5632,142.9,7.00,32.72,0.2290,4.37,734.0,85.0
5639,142.9,7.00,32.72,0.2290,4.37,734.0,85.0
5646,144.9,6.90,32.71,0.2257,4.43,734.0,85.0
5653,142.9,7.00,32.71,0.2290,4.37,734.0,85.0
5660,144.9,6.90,32.71,0.2257,4.43,734.0,85.0
5667,144.9,6.90,32.71,0.2257,4.43,734.0,85.0
5674,144.9,6.90,32.70,0.2257,4.43,734.0,85.0
5681,140.8,7.10,32.70,0.2322,4.31,734.0,85.0
5688,144.9,6.90,32.70,0.2256,4.43,734.0,85.0
5695,138.9,7.20,32.70,0.2354,4.25,734.0,85.0
5702,149.3,6.70,32.70,0.2191,4.57,734.0,85.0
5709,144.9,6.90,32.70,0.2256,4.43,734.0,85.0
5716,142.9,7.00,32.70,0.2289,4.37,734.0,85.0
5723,144.9,6.90,32.70,0.2256,4.43,734.0,85.0
5730,144.9,6.90,32.70,0.2256,4.43,734.0,85.0
5737,142.9,7.00,32.70,0.2289,4.37,734.0,85.0
5744,144.9,6.90,32.70,0.2256,4.43,734.0,85.0
5751,142.9,7.00,32.70,0.2289,4.37,734.0,85.0
5758,142.9,7.00,32.70,0.2289,4.37,734.0,85.0
5765,142.9,7.00,32.70,0.2289,4.37,734.0,85.0
5772,142.9,7.00,32.70,0.2289,4.37,734.0,85.0
5778,147.1,6.80,32.70,0.2224,4.50,734.0,85.0
5785,144.9,6.90,32.70,0.2256,4.43,734.0,85.0
5792,144.9,6.90,32.70,0.2256,4.43,734.0,85.0
5799,147.1,6.80,32.70,0.2224,4.50,734.0,85.0
5806,138.9,7.20,32.70,0.2354,4.25,734.0,85.0
5813,144.9,6.90,32.70,0.2256,4.43,734.0,85.0
5820,144.9,6.90,32.70,0.2256,4.43,734.0,85.0
5827,142.9,7.00,32.70,0.2289,4.37,734.0,85.0
5834,147.1,6.80,32.70,0.2224,4.50,734.0,85.0
5841,142.9,7.00,32.70,0.2289,4.37,734.0,85.0
5848,142.9,7.00,32.70,0.2289,4.37,734.0,85.0
5855,142.9,7.00,32.70,0.2289,4.37,734.0,85.0
5862,144.9,6.90,32.70,0.2256,4.43,734.0,85.0
5868,147.1,6.80,32.70,0.2224,4.50,734.0,85.0
5876,140.8,7.10,32.70,0.2322,4.31,734.0,85.0
5883,144.9,6.90,32.70,0.2256,4.43,734.0,85.0
5889,144.9,6.90,32.70,0.2256,4.43,734.0,85.0
5896,144.9,6.90,32.70,0.2256,4.43,734.0,85.0
5903,142.9,7.00,32.70,0.2289,4.37,734.0,85.0
5910,144.9,6.90,32.70,0.2256,4.43,734.0,85.0
5917,144.9,6.90,32.70,0.2256,4.43,734.0,85.0
5924,142.9,7.00,32.70,0.2289,4.37,734.0,85.0
5931,144.9,6.90,32.70,0.2256,4.43,734.0,85.0
5938,144.9,6.90,32.70,0.2256,4.43,734.0,85.0
5945,140.8,7.10,32.70,0.2322,4.31,734.0,85.0
5952,144.9,6.90,32.70,0.2256,4.43,734.0,85.0
5959,144.9,6.90,32.70,0.2256,4.43,734.0,85.0
5966,144.9,6.90,32.70,0.2256,4.43,734.0,85.0
5973,144.9,6.90,32.70,0.2256,4.43,734.0,85.0
5980,142.9,7.00,32.70,0.2289,4.37,734.0,85.0
5987,140.8,7.10,32.70,0.2322,4.31,734.0,85.0
5993,149.3,6.70,32.70,0.2191,4.57,734.0,85.0
6000,142.9,7.00,32.70,0.2289,4.37,734.0,85.0
6008,140.8,7.10,32.70,0.2322,4.31,734.0,85.0
6014,144.9,6.90,32.69,0.2256,4.43,734.0,85.0
6021,144.9,6.90,32.68,0.2255,4.43,734.0,85.0
6028,142.9,7.00,32.67,0.2287,4.37,734.0,85.0
6035,147.1,6.80,32.66,0.2221,4.50,734.0,85.0
6042,142.9,7.00,32.66,0.2286,4.38,734.0,85.0
6049,142.9,7.00,32.65,0.2285,4.38,734.0,85.0
6056,144.9,6.90,32.64,0.2252,4.44,734.0,85.0
6063,142.9,7.00,32.63,0.2284,4.38,734.0,85.0
6070,144.9,6.90,32.62,0.2251,4.44,734.0,85.0
6077,144.9,6.90,32.61,0.2250,4.44,734.0,85.0
6084,142.9,7.00,32.60,0.2282,4.38,734.0,85.0
6091,144.9,6.90,32.59,0.2249,4.45,734.0,85.0
6098,142.9,7.00,32.58,0.2281,4.39,734.0,85.0
6105,144.9,6.90,32.57,0.2248,4.45,734.0,85.0
6112,144.9,6.90,32.57,0.2247,4.45,734.0,85.0
6119,142.9,7.00,32.56,0.2279,4.39,734.0,85.0
6125,144.9,6.90,32.56,0.2247,4.45,734.0,85.0
6132,142.9,7.00,32.56,0.2279,4.39,734.0,85.0
6139,142.9,7.00,32.56,0.2279,4.39,734.0,85.0
6146,147.1,6.80,32.56,0.2214,4.52,734.0,85.0
6153,140.8,7.10,32.56,0.2312,4.32,734.0,85.0
6160,144.9,6.90,32.56,0.2247,4.45,734.0,85.0
6167,144.9,6.90,32.56,0.2247,4.45,734.0,85.0
6174,147.1,6.80,32.56,0.2214,4.52,734.0,85.0
6181,142.9,7.00,32.56,0.2279,4.39,734.0,85.0
6188,142.9,7.00,32.56,0.2279,4.39,734.0,85.0
6195,144.9,6.90,32.56,0.2247,4.45,734.0,85.0
6202,142.9,7.00,32.56,0.2279,4.39,734.0,85.0
6209,144.9,6.90,32.56,0.2247,4.45,734.0,85.0
6216,142.9,7.00,32.56,0.2279,4.39,734.0,85.0
6223,147.1,6.80,32.56,0.2214,4.52,734.0,85.0
6230,142.9,7.00,32.56,0.2279,4.39,734.0,85.0
6237,142.9,7.00,32.56,0.2279,4.39,734.0,85.0
6244,144.9,6.90,32.56,0.2247,4.45,734.0,85.0
6251,142.9,7.00,32.56,0.2279,4.39,734.0,85.0
6257,144.9,6.90,32.56,0.2247,4.45,734.0,85.0
6264,142.9,7.00,32.56,0.2279,4.39,734.0,85.0
6271,147.1,6.80,32.56,0.2214,4.52,734.0,85.0
6278,142.9,7.00,32.56,0.2279,4.39,734.0,85.0
6285,140.8,7.10,32.56,0.2312,4.32,734.0,85.0
6292,144.9,6.90,32.56,0.2247,4.45,734.0,85.0
6299,144.9,6.90,32.56,0.2247,4.45,734.0,85.0
6306,144.9,6.90,32.56,0.2247,4.45,734.0,85.0
6313,144.9,6.90,32.56,0.2247,4.45,734.0,85.0
6320,142.9,7.00,32.56,0.2279,4.39,734.0,85.0
6327,142.9,7.00,32.56,0.2279,4.39,734.0,85.0
6334,147.1,6.80,32.56,0.2214,4.52,734.0,85.0
6341,140.8,7.10,32.56,0.2312,4.32,734.0,85.0
6348,147.1,6.80,32.56,0.2214,4.52,734.0,85.0
6355,140.8,7.10,32.56,0.2312,4.32,734.0,85.0
6362,144.9,6.90,32.56,0.2247,4.45,734.0,85.0
6369,144.9,6.90,32.56,0.2247,4.45,734.0,85.0
6376,142.9,7.00,32.56,0.2279,4.39,734.0,85.0
6383,142.9,7.00,32.56,0.2279,4.39,734.0,85.0
6390,133.3,7.50,32.56,0.2442,4.09,734.0,85.0
6396,158.7,6.30,32.56,0.2051,4.87,734.0,85.0
6403,142.9,7.00,32.56,0.2279,4.39,734.0,85.0
6410,142.9,7.00,32.56,0.2279,4.39,734.0,85.0
6417,144.9,6.90,32.56,0.2247,4.45,734.0,85.0
6424,147.1,6.80,32.56,0.2214,4.52,734.0,85.0
6431,142.9,7.00,32.56,0.2279,4.39,734.0,85.0
6438,144.9,6.90,32.56,0.2247,4.45,734.0,85.0
6445,142.9,7.00,32.56,0.2279,4.39,734.0,85.0
6452,144.9,6.90,32.56,0.2247,4.45,734.0,85.0
6459,142.9,7.00,32.56,0.2279,4.39,734.0,85.0
6466,142.9,7.00,32.56,0.2279,4.39,734.0,85.0
6473,144.9,6.90,32.56,0.2247,4.45,734.0,85.0
6480,144.9,6.90,32.56,0.2247,4.45,734.0,85.0
6487,144.9,6.90,32.56,0.2247,4.45,734.0,85.0
6494,140.8,7.10,32.56,0.2312,4.32,734.0,85.0
6500,147.1,6.80,32.56,0.2214,4.52,734.0,85.0
6507,142.9,7.00,32.56,0.2279,4.39,734.0,85.0
6514,144.9,6.90,32.56,0.2247,4.45,734.0,85.0
6521,142.9,7.00,32.56,0.2279,4.39,734.0,85.0
6528,142.9,7.00,32.56,0.2279,4.39,734.0,85.0
6535,144.9,6.90,32.56,0.2247,4.45,734.0,85.0
6542,144.9,6.90,32.56,0.2247,4.45,734.0,85.0
6549,142.9,7.00,32.56,0.2279,4.39,734.0,85.0
6556,142.9,7.00,32.56,0.2279,4.39,734.0,85.0
6563,144.9,6.90,32.55,0.2246,4.45,734.0,85.0
6570,144.9,6.90,32.55,0.2246,4.45,734.0,85.0
6577,142.9,7.00,32.54,0.2278,4.39,734.0,85.0
6584,144.9,6.90,32.54,0.2245,4.45,734.0,85.0
6591,144.9,6.90,32.53,0.2245,4.45,734.0,85.0
6598,142.9,7.00,32.52,0.2277,4.39,734.0,85.0
6605,142.9,7.00,32.52,0.2276,4.39,734.0,85.0
6612,142.9,7.00,32.51,0.2276,4.40,734.0,85.0
6619,144.9,6.90,32.51,0.2243,4.46,734.0,85.0
6625,147.1,6.80,32.50,0.2210,4.53,734.0,85.0
6633,140.8,7.10,32.49,0.2307,4.33,734.0,85.0
6639,144.9,6.90,32.49,0.2242,4.46,734.0,85.0
6646,147.1,6.80,32.48,0.2209,4.53,734.0,85.0
6653,142.9,7.00,32.48,0.2273,4.40,734.0,85.0
6660,142.9,7.00,32.47,0.2273,4.40,734.0,85.0
6667,144.9,6.90,32.47,0.2240,4.46,734.0,85.0
6674,144.9,6.90,32.47,0.2240,4.46,734.0,85.0
6681,142.9,7.00,32.47,0.2273,4.40,734.0,85.0
6688,144.9,6.90,32.47,0.2240,4.46,734.0,85.0
6695,140.8,7.10,32.47,0.2305,4.34,734.0,85.0
6702,147.1,6.80,32.47,0.2208,4.53,734.0,85.0
6709,142.9,7.00,32.47,0.2273,4.40,734.0,85.0
6716,147.1,6.80,32.47,0.2208,4.53,734.0,85.0
6723,140.8,7.10,32.47,0.2305,4.34,734.0,85.0
6730,144.9,6.90,32.47,0.2240,4.46,734.0,85.0
6737,142.9,7.00,32.47,0.2273,4.40,734.0,85.0
6744,142.9,7.00,32.47,0.2273,4.40,734.0,85.0
6751,144.9,6.90,32.47,0.2240,4.46,734.0,85.0
6757,144.9,6.90,32.47,0.2240,4.46,734.0,85.0
6764,144.9,6.90,32.47,0.2240,4.46,734.0,85.0
6771,142.9,7.00,32.47,0.2273,4.40,734.0,85.0
6778,144.9,6.90,32.47,0.2240,4.46,734.0,85.0
6785,142.9,7.00,32.47,0.2273,4.40,734.0,85.0
6792,144.9,6.90,32.47,0.2240,4.46,734.0,85.0
6799,142.9,7.00,32.47,0.2273,4.40,734.0,85.0
6806,144.9,6.90,32.47,0.2240,4.46,734.0,85.0
6813,142.9,7.00,32.47,0.2273,4.40,734.0,85.0
6820,147.1,6.80,32.47,0.2208,4.53,734.0,85.0
6827,142.9,7.00,32.47,0.2273,4.40,734.0,85.0
6834,142.9,7.00,32.47,0.2273,4.40,734.0,85.0
6841,144.9,6.90,32.47,0.2240,4.46,734.0,85.0
6848,142.9,7.00,32.47,0.2273,4.40,734.0,85.0
6855,147.1,6.80,32.47,0.2208,4.53,734.0,85.0
6862,140.8,7.10,32.47,0.2305,4.34,734.0,85.0
6869,144.9,6.90,32.47,0.2240,4.46,734.0,85.0
6875,144.9,6.90,32.47,0.2240,4.46,734.0,85.0
6882,144.9,6.90,32.47,0.2240,4.46,734.0,85.0
6889,142.9,7.00,32.47,0.2273,4.40,734.0,85.0
6896,142.9,7.00,32.47,0.2273,4.40,734.0,85.0
6903,144.9,6.90,32.47,0.2240,4.46,734.0,85.0
6910,142.9,7.00,32.47,0.2273,4.40,734.0,85.0
6917,142.9,7.00,32.47,0.2273,4.40,734.0,85.0
6924,144.9,6.90,32.47,0.2240,4.46,734.0,85.0
6931,144.9,6.90,32.47,0.2240,4.46,734.0,85.0
6938,144.9,6.90,32.47,0.2240,4.46,734.0,85.0
6945,142.9,7.00,32.47,0.2273,4.40,734.0,85.0
6952,144.9,6.90,32.47,0.2240,4.46,734.0,85.0
6959,142.9,7.00,32.47,0.2273,4.40,734.0,85.0
6966,144.9,6.90,32.47,0.2240,4.46,734.0,85.0
6973,144.9,6.90,32.47,0.2240,4.46,734.0,85.0
6980,142.9,7.00,32.47,0.2273,4.40,734.0,85.0
6987,142.9,7.00,32.47,0.2273,4.40,734.0,85.0
6994,144.9,6.90,32.45,0.2239,4.46,734.0,85.0
7000,144.9,6.90,32.42,0.2237,4.47,734.0,85.0
7007,142.9,7.00,32.38,0.2267,4.41,734.0,85.0
7014,144.9,6.90,32.34,0.2232,4.48,734.0,85.0
7021,142.9,7.00,32.31,0.2261,4.42,734.0,85.0
7028,144.9,6.90,32.27,0.2227,4.49,734.0,85.0
7035,142.9,7.00,32.23,0.2256,4.43,734.0,85.0
7042,147.1,6.80,32.19,0.2189,4.57,734.0,85.0
7049,142.9,7.00,32.15,0.2251,4.44,734.0,85.0
7056,142.9,7.00,32.12,0.2248,4.45,734.0,85.0
7063,144.9,6.90,32.08,0.2213,4.52,734.0,85.0
7070,142.9,7.00,32.04,0.2243,4.46,734.0,85.0
7077,144.9,6.90,32.00,0.2208,4.53,734.0,85.0
7084,144.9,6.90,31.96,0.2205,4.53,734.0,85.0
7091,144.9,6.90,31.92,0.2203,4.54,734.0,85.0
7098,142.9,7.00,31.89,0.2232,4.48,734.0,85.0
7105,142.9,7.00,31.87,0.2231,4.48,734.0,85.0
7112,144.9,6.90,31.87,0.2199,4.55,734.0,85.0
7119,144.9,6.90,31.87,0.2199,4.55,734.0,85.0
7126,142.9,7.00,31.87,0.2231,4.48,734.0,85.0
7133,142.9,7.00,31.87,0.2231,4.48,734.0,85.0
7139,147.1,6.80,31.87,0.2167,4.62,734.0,85.0
7146,142.9,7.00,31.87,0.2231,4.48,734.0,85.0
7153,144.9,6.90,31.87,0.2199,4.55,734.0,85.0
7160,144.9,6.90,31.87,0.2199,4.55,734.0,85.0
7167,142.9,7.00,31.87,0.2231,4.48,734.0,85.0
7174,142.9,7.00,31.87,0.2231,4.48,734.0,85.0
7181,147.1,6.80,31.87,0.2167,4.62,734.0,85.0
7188,142.9,7.00,31.87,0.2231,4.48,734.0,85.0
7195,144.9,6.90,31.87,0.2199,4.55,734.0,85.0
7202,142.9,7.00,31.87,0.2231,4.48,734.0,85.0
7209,135.1,7.40,31.87,0.2358,4.24,734.0,85.0
7216,151.5,6.60,31.87,0.2103,4.75,734.0,85.0
7223,147.1,6.80,31.87,0.2167,4.62,734.0,85.0
7230,142.9,7.00,31.87,0.2231,4.48,734.0,85.0
7237,144.9,6.90,31.87,0.2199,4.55,734.0,85.0
7244,140.8,7.10,31.87,0.2263,4.42,734.0,85.0
7250,147.1,6.80,31.87,0.2167,4.62,734.0,85.0
7257,142.9,7.00,31.87,0.2231,4.48,734.0,85.0
7264,142.9,7.00,31.87,0.2231,4.48,734.0,85.0
7271,144.9,6.90,31.87,0.2199,4.55,734.0,85.0
7278,144.9,6.90,31.87,0.2199,4.55,734.0,85.0
7285,142.9,7.00,31.87,0.2231,4.48,734.0,85.0
7292,142.9,7.00,31.87,0.2231,4.48,734.0,85.0
7299,144.9,6.90,31.87,0.2199,4.55,734.0,85.0
7306,144.9,6.90,31.87,0.2199,4.55,734.0,85.0
7313,142.9,7.00,31.87,0.2231,4.48,734.0,85.0
7320,142.9,7.00,31.87,0.2231,4.48,734.0,85.0
7327,144.9,6.90,31.87,0.2199,4.55,734.0,85.0
7334,144.9,6.90,31.87,0.2199,4.55,734.0,85.0
7341,144.9,6.90,31.87,0.2199,4.55,734.0,85.0
7348,142.9,7.00,31.87,0.2231,4.48,734.0,85.0
7355,144.9,6.90,31.87,0.2199,4.55,734.0,85.0
7362,142.9,7.00,31.87,0.2231,4.48,734.0,85.0
7369,144.9,6.90,31.87,0.2199,4.55,734.0,85.0
7376,140.8,7.10,31.87,0.2263,4.42,734.0,85.0
7382,149.3,6.70,31.87,0.2135,4.68,734.0,85.0
7389,142.9,7.00,31.87,0.2231,4.48,734.0,85.0
7396,144.9,6.90,31.87,0.2199,4.55,734.0,85.0
7403,142.9,7.00,31.87,0.2231,4.48,734.0,85.0
7410,147.1,6.80,31.87,0.2167,4.62,734.0,85.0
7417,144.9,6.90,31.87,0.2199,4.55,734.0,85.0
7424,140.8,7.10,31.87,0.2263,4.42,734.0,85.0
7431,144.9,6.90,31.87,0.2199,4.55,734.0,85.0
7438,142.9,7.00,31.87,0.2231,4.48,734.0,85.0
7445,144.9,6.90,31.87,0.2199,4.55,734.0,85.0
7452,142.9,7.00,31.87,0.2231,4.48,734.0,85.0
7459,144.9,6.90,31.87,0.2199,4.55,734.0,85.0
7466,144.9,6.90,31.87,0.2199,4.55,734.0,85.0
7473,142.9,7.00,31.87,0.2231,4.48,734.0,85.0
7480,144.9,6.90,31.87,0.2199,4.55,734.0,85.0
7487,144.9,6.90,31.87,0.2199,4.55,734.0,85.0
7494,142.9,7.00,31.87,0.2231,4.48,734.0,85.0
7500,144.9,6.90,31.87,0.2199,4.55,734.0,85.0
7507,144.9,6.90,31.87,0.2199,4.55,734.0,85.0
7514,142.9,7.00,31.87,0.2231,4.48,734.0,85.0
7521,142.9,7.00,31.87,0.2231,4.48,734.0,85.0
7528,144.9,6.90,31.87,0.2199,4.55,734.0,85.0
7535,142.9,7.00,31.87,0.2231,4.48,734.0,85.0
7542,144.9,6.90,31.87,0.2199,4.55,734.0,85.0
7549,144.9,6.90,31.85,0.2198,4.55,734.0,85.0
7556,144.9,6.90,31.84,0.2197,4.55,734.0,85.0
7563,142.9,7.00,31.82,0.2228,4.49,734.0,85.0
7570,142.9,7.00,31.81,0.2227,4.49,734.0,85.0
7577,142.9,7.00,31.80,0.2226,4.49,734.0,85.0
7584,144.9,6.90,31.78,0.2193,4.56,734.0,85.0
7591,142.9,7.00,31.77,0.2224,4.50,734.0,85.0
7598,144.9,6.90,31.75,0.2191,4.56,734.0,85.0
7605,144.9,6.90,31.74,0.2190,4.57,734.0,85.0
7612,144.9,6.90,31.72,0.2189,4.57,734.0,85.0
7619,142.9,7.00,31.71,0.2220,4.51,734.0,85.0
7625,144.9,6.90,31.70,0.2187,4.57,734.0,85.0
7632,142.9,7.00,31.68,0.2218,4.51,734.0,85.0
7639,144.9,6.90,31.67,0.2185,4.58,734.0,85.0
7646,142.9,7.00,31.66,0.2216,4.51,734.0,85.0
7653,144.9,6.90,31.65,0.2184,4.58,734.0,85.0
7660,144.9,6.90,31.65,0.2184,4.58,734.0,85.0
7667,142.9,7.00,31.65,0.2215,4.52,734.0,85.0
7674,142.9,7.00,31.65,0.2215,4.52,734.0,85.0
7681,144.9,6.90,31.65,0.2184,4.58,734.0,85.0
7688,144.9,6.90,31.65,0.2184,4.58,734.0,85.0
7695,142.9,7.00,31.65,0.2215,4.52,734.0,85.0
7702,144.9,6.90,31.65,0.2184,4.58,734.0,85.0
7709,144.9,6.90,31.65,0.2184,4.58,734.0,85.0
7716,144.9,6.90,31.65,0.2184,4.58,734.0,85.0
7723,140.8,7.10,31.65,0.2247,4.45,734.0,85.0
7730,144.9,6.90,31.65,0.2184,4.58,734.0,85.0
7737,144.9,6.90,31.65,0.2184,4.58,734.0,85.0
7744,142.9,7.00,31.65,0.2215,4.52,734.0,85.0
7750,144.9,6.90,31.65,0.2184,4.58,734.0,85.0
7758,140.8,7.10,31.65,0.2247,4.45,734.0,85.0
7764,147.1,6.80,31.65,0.2152,4.65,734.0,85.0
7771,142.9,7.00,31.65,0.2215,4.52,734.0,85.0
7778,142.9,7.00,31.65,0.2215,4.52,734.0,85.0
7785,147.1,6.80,31.65,0.2152,4.65,734.0,85.0
7792,142.9,7.00,31.65,0.2215,4.52,734.0,85.0
7799,144.9,6.90,31.65,0.2184,4.58,734.0,85.0
7806,142.9,7.00,31.65,0.2215,4.52,734.0,85.0
7813,144.9,6.90,31.65,0.2184,4.58,734.0,85.0
7820,142.9,7.00,31.65,0.2215,4.52,734.0,85.0
7827,142.9,7.00,31.65,0.2215,4.52,734.0,85.0
7834,144.9,6.90,31.65,0.2184,4.58,734.0,85.0
7841,144.9,6.90,31.65,0.2184,4.58,734.0,85.0
7848,144.9,6.90,31.65,0.2184,4.58,734.0,85.0
7855,140.8,7.10,31.65,0.2247,4.45,734.0,85.0
7862,147.1,6.80,31.65,0.2152,4.65,734.0,85.0
7868,147.1,6.80,31.65,0.2152,4.65,734.0,85.0
7875,142.9,7.00,31.65,0.2215,4.52,734.0,85.0
7882,142.9,7.00,31.65,0.2215,4.52,734.0,85.0
7889,144.9,6.90,31.65,0.2184,4.58,734.0,85.0
7896,140.8,7.10,31.65,0.2247,4.45,734.0,85.0
7903,147.1,6.80,31.65,0.2152,4.65,734.0,85.0
7910,142.9,7.00,31.65,0.2215,4.52,734.0,85.0
7917,144.9,6.90,31.65,0.2184,4.58,734.0,85.0
7924,142.9,7.00,31.65,0.2215,4.52,734.0,85.0
7931,144.9,6.90,31.65,0.2184,4.58,734.0,85.0
7938,142.9,7.00,31.65,0.2215,4.52,734.0,85.0
7945,144.9,6.90,31.65,0.2184,4.58,734.0,85.0
7952,144.9,6.90,31.65,0.2184,4.58,734.0,85.0
7959,142.9,7.00,31.65,0.2215,4.52,734.0,85.0
7966,147.1,6.80,31.65,0.2152,4.65,734.0,85.0
7973,142.9,7.00,31.65,0.2215,4.52,734.0,85.0
7980,142.9,7.00,31.65,0.2215,4.52,734.0,85.0
7987,144.9,6.90,31.65,0.2184,4.58,734.0,85.0
7994,142.9,7.00,31.65,0.2215,4.52,734.0,85.0
8001,142.9,7.00,31.65,0.2215,4.52,734.0,85.0
8007,147.1,6.80,31.65,0.2152,4.65,734.0,85.0
8014,142.9,7.00,31.65,0.2215,4.52,734.0,85.0
8021,144.9,6.90,31.65,0.2184,4.58,734.0,85.0
8028,144.9,6.90,31.65,0.2184,4.58,734.0,85.0
8035,142.9,7.00,31.65,0.2215,4.52,734.0,85.0
8042,142.9,7.00,31.65,0.2215,4.52,734.0,85.0
8049,144.9,6.90,31.65,0.2184,4.58,734.0,85.0
8056,142.9,7.00,31.65,0.2215,4.52,734.0,85.0
8063,144.9,6.90,31.65,0.2184,4.58,734.0,85.0
8070,144.9,6.90,31.65,0.2184,4.58,734.0,85.0
8077,142.9,7.00,31.65,0.2215,4.52,734.0,85.0
8084,142.9,7.00,31.65,0.2216,4.52,734.0,85.0
8091,147.1,6.80,31.66,0.2153,4.65,734.0,85.0
8098,140.8,7.10,31.67,0.2249,4.45,734.0,85.0
8105,144.9,6.90,31.68,0.2186,4.57,734.0,85.0
8112,144.9,6.90,31.70,0.2187,4.57,734.0,85.0
8119,142.9,7.00,31.71,0.2220,4.51,734.0,85.0
8126,142.9,7.00,31.72,0.2220,4.51,734.0,85.0
8132,144.9,6.90,31.73,0.2189,4.57,734.0,85.0
8139,144.9,6.90,31.74,0.2190,4.57,734.0,85.0
8146,144.9,6.90,31.75,0.2191,4.56,734.0,85.0
8153,142.9,7.00,31.76,0.2223,4.50,734.0,85.0
8160,144.9,6.90,31.77,0.2192,4.56,734.0,85.0
8167,142.9,7.00,31.79,0.2225,4.50,734.0,85.0
8174,142.9,7.00,31.80,0.2226,4.49,734.0,85.0
8181,147.1,6.80,31.81,0.2163,4.62,734.0,85.0
8188,140.8,7.10,31.82,0.2259,4.42,734.0,85.0
8195,144.9,6.90,31.83,0.2196,4.55,734.0,85.0
8202,144.9,6.90,31.83,0.2196,4.55,734.0,85.0
8209,144.9,6.90,31.83,0.2196,4.55,734.0,85.0
8216,142.9,7.00,31.83,0.2228,4.49,734.0,85.0
8223,142.9,7.00,31.83,0.2228,4.49,734.0,85.0
8230,144.9,6.90,31.83,0.2196,4.55,734.0,85.0
8237,142.9,7.00,31.83,0.2228,4.49,734.0,85.0
8244,144.9,6.90,31.83,0.2196,4.55,734.0,85.0
8251,137.0,7.30,31.83,0.2324,4.30,734.0,85.0
8258,147.1,6.80,31.83,0.2164,4.62,734.0,85.0
8264,149.3,6.70,31.83,0.2133,4.69,734.0,85.0
8271,144.9,6.90,31.83,0.2196,4.55,734.0,85.0
8278,140.8,7.10,31.83,0.2260,4.42,734.0,85.0
8285,147.1,6.80,31.83,0.2164,4.62,734.0,85.0
8292,140.8,7.10,31.83,0.2260,4.42,734.0,85.0
8299,147.1,6.80,31.83,0.2164,4.62,734.0,85.0
8306,142.9,7.00,31.83,0.2228,4.49,734.0,85.0
8313,144.9,6.90,31.83,0.2196,4.55,734.0,85.0
8320,142.9,7.00,31.83,0.2228,4.49,734.0,85.0
8327,144.9,6.90,31.83,0.2196,4.55,734.0,85.0
8334,144.9,6.90,31.83,0.2196,4.55,734.0,85.0
8341,142.9,7.00,31.83,0.2228,4.49,734.0,85.0
8348,144.9,6.90,31.83,0.2196,4.55,734.0,85.0
8355,144.9,6.90,31.83,0.2196,4.55,734.0,85.0
8362,142.9,7.00,31.83,0.2228,4.49,734.0,85.0
8369,140.8,7.10,31.83,0.2260,4.42,734.0,85.0
8382,76.9,13.00,31.83,0.4138,2.42,734.0,85.0
8390,126.6,7.90,31.83,0.2515,3.98,734.0,85.0
8397,137.0,7.30,31.83,0.2324,4.30,734.0,85.0
8404,131.6,7.60,31.83,0.2419,4.13,734.0,85.0
8421,61.7,16.20,31.83,0.5156,1.94,734.0,85.0
8426,196.1,5.10,31.83,0.1623,6.16,734.0,85.0
8431,181.8,5.50,31.83,0.1751,5.71,734.0,85.0
8438,147.1,6.80,31.83,0.2164,4.62,734.0,85.0
8445,144.9,6.90,31.83,0.2196,4.55,734.0,85.0
8452,144.9,6.90,31.83,0.2196,4.55,734.0,85.0
8459,144.9,6.90,31.83,0.2196,4.55,734.0,85.0
8466,144.9,6.90,31.83,0.2196,4.55,734.0,85.0
8473,140.8,7.10,31.83,0.2260,4.42,734.0,85.0
8480,144.9,6.90,31.83,0.2196,4.55,734.0,85.0
8487,144.9,6.90,31.83,0.2196,4.55,734.0,85.0
8494,142.9,7.00,31.83,0.2228,4.49,734.0,85.0
8500,144.9,6.90,31.83,0.2196,4.55,734.0,85.0
8507,142.9,7.00,31.83,0.2228,4.49,734.0,85.0
8514,142.9,7.00,31.83,0.2228,4.49,734.0,85.0
8521,147.1,6.80,31.83,0.2164,4.62,734.0,85.0
8528,142.9,7.00,31.81,0.2227,4.49,734.0,85.0
8535,144.9,6.90,31.78,0.2193,4.56,734.0,85.0
8542,142.9,7.00,31.75,0.2223,4.50,734.0,85.0
8549,142.9,7.00,31.72,0.2220,4.50,734.0,85.0
8556,144.9,6.90,31.69,0.2187,4.57,734.0,85.0
8563,144.9,6.90,31.66,0.2185,4.58,734.0,85.0
8570,144.9,6.90,31.63,0.2183,4.58,734.0,85.0
8577,140.8,7.10,31.60,0.2244,4.46,734.0,85.0
8584,144.9,6.90,31.57,0.2179,4.59,734.0,85.0
8591,144.9,6.90,31.55,0.2177,4.59,734.0,85.0
8598,142.9,7.00,31.52,0.2206,4.53,734.0,85.0
8605,144.9,6.90,31.49,0.2173,4.60,734.0,85.0
8612,142.9,7.00,31.46,0.2202,4.54,734.0,85.0
8618,147.1,6.80,31.43,0.2137,4.68,734.0,85.0
8625,142.9,7.00,31.40,0.2198,4.55,734.0,85.0
8632,144.9,6.90,31.37,0.2165,4.62,734.0,85.0
8639,142.9,7.00,31.37,0.2196,4.56,734.0,85.0
8646,144.9,6.90,31.37,0.2165,4.62,734.0,85.0
8653,142.9,7.00,31.37,0.2196,4.56,734.0,85.0
8660,142.9,7.00,31.37,0.2196,4.56,734.0,85.0
8667,144.9,6.90,31.37,0.2165,4.62,734.0,85.0
8674,142.9,7.00,31.37,0.2196,4.56,734.0,85.0
8681,144.9,6.90,31.37,0.2165,4.62,734.0,85.0
8688,144.9,6.90,31.37,0.2165,4.62,734.0,85.0
8695,142.9,7.00,31.37,0.2196,4.56,734.0,85.0
8702,147.1,6.80,31.37,0.2133,4.69,734.0,85.0
8709,140.8,7.10,31.37,0.2227,4.49,734.0,85.0
8716,142.9,7.00,31.37,0.2196,4.56,734.0,85.0
8723,144.9,6.90,31.37,0.2165,4.62,734.0,85.0
8730,147.1,6.80,31.37,0.2133,4.69,734.0,85.0
8737,142.9,7.00,31.37,0.2196,4.56,734.0,85.0
8744,142.9,7.00,31.37,0.2196,4.56,734.0,85.0
8750,147.1,6.80,31.37,0.2133,4.69,734.0,85.0
8757,142.9,7.00,31.37,0.2196,4.56,734.0,85.0
8764,142.9,7.00,31.37,0.2196,4.56,734.0,85.0
8771,144.9,6.90,31.37,0.2165,4.62,734.0,85.0
8778,142.9,7.00,31.37,0.2196,4.56,734.0,85.0
8785,144.9,6.90,31.37,0.2165,4.62,734.0,85.0
8792,142.9,7.00,31.37,0.2196,4.56,734.0,85.0
8799,142.9,7.00,31.37,0.2196,4.56,734.0,85.0
8806,144.9,6.90,31.37,0.2165,4.62,734.0,85.0
8813,144.9,6.90,31.37,0.2165,4.62,734.0,85.0
8820,142.9,7.00,31.37,0.2196,4.56,734.0,85.0
8827,142.9,7.00,31.37,0.2196,4.56,734.0,85.0
8834,147.1,6.80,31.37,0.2133,4.69,734.0,85.0
8841,142.9,7.00,31.37,0.2196,4.56,734.0,85.0
8848,144.9,6.90,31.37,0.2165,4.62,734.0,85.0
8855,144.9,6.90,31.37,0.2165,4.62,734.0,85.0
8862,140.8,7.10,31.37,0.2227,4.49,734.0,85.0
8868,147.1,6.80,31.37,0.2133,4.69,734.0,85.0
8876,140.8,7.10,31.37,0.2227,4.49,734.0,85.0
8882,147.1,6.80,31.37,0.2133,4.69,734.0,85.0
8889,144.9,6.90,31.37,0.2165,4.62,734.0,85.0
8896,142.9,7.00,31.37,0.2196,4.56,734.0,85.0
8903,142.9,7.00,31.37,0.2196,4.56,734.0,85.0
8910,147.1,6.80,31.37,0.2133,4.69,734.0,85.0
8917,142.9,7.00,31.37,0.2196,4.56,734.0,85.0
8924,144.9,6.90,31.37,0.2165,4.62,734.0,85.0
8931,144.9,6.90,31.37,0.2165,4.62,734.0,85.0
8938,142.9,7.00,31.37,0.2196,4.56,734.0,85.0
8945,144.9,6.90,31.37,0.2165,4.62,734.0,85.0
8952,144.9,6.90,31.37,0.2165,4.62,734.0,85.0
8959,142.9,7.00,31.37,0.2196,4.56,734.0,85.0
8966,144.9,6.90,31.37,0.2165,4.62,734.0,85.0
8973,142.9,7.00,31.37,0.2196,4.56,734.0,85.0
8980,144.9,6.90,31.37,0.2165,4.62,734.0,85.0
8986,147.1,6.80,31.37,0.2133,4.69,734.0,85.0
8994,138.9,7.20,31.37,0.2259,4.43,734.0,85.0
9000,147.1,6.80,31.37,0.2133,4.69,734.0,85.0
9007,144.9,6.90,31.37,0.2165,4.62,734.0,85.0
9014,142.9,7.00,31.37,0.2196,4.56,734.0,85.0
9021,142.9,7.00,31.37,0.2196,4.56,734.0,85.0
9028,144.9,6.90,31.37,0.2165,4.62,734.0,85.0
9035,142.9,7.00,31.37,0.2196,4.56,734.0,85.0
9042,144.9,6.90,31.37,0.2165,4.62,734.0,85.0
9049,144.9,6.90,31.37,0.2165,4.62,734.0,85.0
9056,144.9,6.90,31.37,0.2165,4.62,734.0,85.0
9063,142.9,7.00,31.37,0.2196,4.56,734.0,85.0
9070,142.9,7.00,31.37,0.2196,4.56,734.0,85.0
9077,144.9,6.90,31.38,0.2166,4.62,734.0,85.0
9084,142.9,7.00,31.40,0.2198,4.55,734.0,85.0
9091,144.9,6.90,31.41,0.2167,4.61,734.0,85.0
9098,142.9,7.00,31.43,0.2200,4.55,734.0,85.0
9105,144.9,6.90,31.44,0.2169,4.61,734.0,85.0
9112,144.9,6.90,31.45,0.2170,4.61,734.0,85.0
9119,142.9,7.00,31.47,0.2203,4.54,734.0,85.0
9125,144.9,6.90,31.48,0.2172,4.60,734.0,85.0
9132,142.9,7.00,31.50,0.2205,4.54,734.0,85.0
9139,142.9,7.00,31.51,0.2206,4.54,734.0,85.0
9146,144.9,6.90,31.52,0.2175,4.60,734.0,85.0
9153,144.9,6.90,31.54,0.2176,4.59,734.0,85.0
9160,144.9,6.90,31.55,0.2177,4.59,734.0,85.0
9167,142.9,7.00,31.57,0.2210,4.53,734.0,85.0
9174,144.9,6.90,31.58,0.2179,4.59,734.0,85.0
9181,142.9,7.00,31.59,0.2211,4.52,734.0,85.0
9188,144.9,6.90,31.59,0.2180,4.59,734.0,85.0
9195,142.9,7.00,31.59,0.2211,4.52,734.0,85.0
9202,144.9,6.90,31.59,0.2180,4.59,734.0,85.0
9209,140.8,7.10,31.59,0.2243,4.46,734.0,85.0
9216,147.1,6.80,31.59,0.2148,4.66,734.0,85.0
9223,147.1,6.80,31.59,0.2148,4.66,734.0,85.0
9230,140.8,7.10,31.59,0.2243,4.46,734.0,85.0
9237,144.9,6.90,31.59,0.2180,4.59,734.0,85.0
9244,142.9,7.00,31.59,0.2211,4.52,734.0,85.0
9250,144.9,6.90,31.59,0.2180,4.59,734.0,85.0
9257,144.9,6.90,31.59,0.2180,4.59,734.0,85.0
9264,142.9,7.00,31.59,0.2211,4.52,734.0,85.0
9271,144.9,6.90,31.59,0.2180,4.59,734.0,85.0
9278,140.8,7.10,31.59,0.2243,4.46,734.0,85.0
9285,147.1,6.80,31.59,0.2148,4.66,734.0,85.0
9292,142.9,7.00,31.59,0.2211,4.52,734.0,85.0
9299,144.9,6.90,31.59,0.2180,4.59,734.0,85.0
9306,142.9,7.00,31.59,0.2211,4.52,734.0,85.0
9313,142.9,7.00,31.59,0.2211,4.52,734.0,85.0
9320,144.9,6.90,31.59,0.2180,4.59,734.0,85.0
9327,144.9,6.90,31.59,0.2180,4.59,734.0,85.0
9334,144.9,6.90,31.59,0.2180,4.59,734.0,85.0
9341,142.9,7.00,31.59,0.2211,4.52,734.0,85.0
9348,144.9,6.90,31.59,0.2180,4.59,734.0,85.0
9355,142.9,7.00,31.59,0.2211,4.52,734.0,85.0
9362,144.9,6.90,31.59,0.2180,4.59,734.0,85.0
9369,142.9,7.00,31.59,0.2211,4.52,734.0,85.0
9375,144.9,6.90,31.59,0.2180,4.59,734.0,85.0
9382,144.9,6.90,31.59,0.2180,4.59,734.0,85.0
9389,140.8,7.10,31.59,0.2243,4.46,734.0,85.0
9396,144.9,6.90,31.59,0.2180,4.59,734.0,85.0
9403,142.9,7.00,31.59,0.2211,4.52,734.0,85.0
9410,144.9,6.90,31.59,0.2180,4.59,734.0,85.0
9417,144.9,6.90,31.59,0.2180,4.59,734.0,85.0
9424,144.9,6.90,31.59,0.2180,4.59,734.0,85.0
9431,142.9,7.00,31.59,0.2211,4.52,734.0,85.0
9438,144.9,6.90,31.59,0.2180,4.59,734.0,85.0
9445,144.9,6.90,31.59,0.2180,4.59,734.0,85.0
9452,142.9,7.00,31.59,0.2211,4.52,734.0,85.0
9459,142.9,7.00,31.59,0.2211,4.52,734.0,85.0
9466,144.9,6.90,31.59,0.2180,4.59,734.0,85.0
9473,142.9,7.00,31.59,0.2211,4.52,734.0,85.0
9480,142.9,7.00,31.59,0.2211,4.52,734.0,85.0
9487,149.3,6.70,31.59,0.2117,4.73,734.0,85.0
9494,142.9,7.00,31.59,0.2211,4.52,734.0,85.0
9500,144.9,6.90,31.59,0.2180,4.59,734.0,85.0
9507,142.9,7.00,31.59,0.2211,4.52,734.0,85.0
9514,144.9,6.90,31.58,0.2179,4.59,734.0,85.0
9521,147.1,6.80,31.57,0.2147,4.66,734.0,85.0
9528,140.8,7.10,31.56,0.2241,4.46,734.0,85.0
9535,144.9,6.90,31.55,0.2177,4.59,734.0,85.0
9542,144.9,6.90,31.53,0.2176,4.60,734.0,85.0
9549,144.9,6.90,31.52,0.2175,4.60,734.0,85.0
9556,140.8,7.10,31.51,0.2237,4.47,734.0,85.0
9563,147.1,6.80,31.50,0.2142,4.67,734.0,85.0
9570,140.8,7.10,31.48,0.2235,4.47,734.0,85.0
9577,144.9,6.90,31.47,0.2172,4.60,734.0,85.0
9584,142.9,7.00,31.46,0.2202,4.54,734.0,85.0
9591,144.9,6.90,31.45,0.2170,4.61,734.0,85.0
9598,142.9,7.00,31.44,0.2201,4.55,734.0,85.0
9605,147.1,6.80,31.42,0.2137,4.68,734.0,85.0
9612,142.9,7.00,31.41,0.2199,4.55,734.0,85.0
9619,142.9,7.00,31.40,0.2198,4.55,734.0,85.0
9625,144.9,6.90,31.40,0.2167,4.61,734.0,85.0
9632,144.9,6.90,31.40,0.2167,4.61,734.0,85.0
9639,142.9,7.00,31.40,0.2198,4.55,734.0,85.0
9646,142.9,7.00,31.40,0.2198,4.55,734.0,85.0
9653,144.9,6.90,31.40,0.2167,4.61,734.0,85.0
9660,144.9,6.90,31.40,0.2167,4.61,734.0,85.0
9667,142.9,7.00,31.40,0.2198,4.55,734.0,85.0
9674,144.9,6.90,31.40,0.2167,4.61,734.0,85.0
9681,142.9,7.00,31.40,0.2198,4.55,734.0,85.0
9688,147.1,6.80,31.40,0.2135,4.68,734.0,85.0
9695,142.9,7.00,31.40,0.2198,4.55,734.0,85.0
9702,144.9,6.90,31.40,0.2167,4.61,734.0,85.0
9709,142.9,7.00,31.40,0.2198,4.55,734.0,85.0
9716,144.9,6.90,31.40,0.2167,4.61,734.0,85.0
9723,144.9,6.90,31.40,0.2167,4.61,734.0,85.0
9730,144.9,6.90,31.40,0.2167,4.61,734.0,85.0
9737,142.9,7.00,31.40,0.2198,4.55,734.0,85.0
9743,144.9,6.90,31.40,0.2167,4.61,734.0,85.0
9750,142.9,7.00,31.40,0.2198,4.55,734.0,85.0
9757,142.9,7.00,31.40,0.2198,4.55,734.0,85.0
9764,144.9,6.90,31.40,0.2167,4.61,734.0,85.0
9771,144.9,6.90,31.40,0.2167,4.61,734.0,85.0
9778,144.9,6.90,31.40,0.2167,4.61,734.0,85.0
9785,142.9,7.00,31.40,0.2198,4.55,734.0,85.0
9792,144.9,6.90,31.40,0.2167,4.61,734.0,85.0
9799,144.9,6.90,31.40,0.2167,4.61,734.0,85.0
9806,140.8,7.10,31.40,0.2229,4.48,734.0,85.0
9813,144.9,6.90,31.40,0.2167,4.61,734.0,85.0
9820,144.9,6.90,31.40,0.2167,4.61,734.0,85.0
9827,142.9,7.00,31.40,0.2198,4.55,734.0,85.0
9834,144.9,6.90,31.40,0.2167,4.61,734.0,85.0
9841,144.9,6.90,31.40,0.2167,4.61,734.0,85.0
9848,142.9,7.00,31.40,0.2198,4.55,734.0,85.0
9855,144.9,6.90,31.40,0.2167,4.61,734.0,85.0
9862,142.9,7.00,31.40,0.2198,4.55,734.0,85.0
9869,142.9,7.00,31.40,0.2198,4.55,734.0,85.0
9876,144.9,6.90,31.40,0.2167,4.61,734.0,85.0
9882,144.9,6.90,31.40,0.2167,4.61,734.0,85.0
9889,142.9,7.00,31.40,0.2198,4.55,734.0,85.0
9896,147.1,6.80,31.40,0.2135,4.68,734.0,85.0
9903,144.9,6.90,31.40,0.2167,4.61,734.0,85.0
9910,142.9,7.00,31.40,0.2198,4.55,734.0,85.0
9917,144.9,6.90,31.40,0.2167,4.61,734.0,85.0
9924,144.9,6.90,31.40,0.2167,4.61,734.0,85.0
9931,140.8,7.10,31.40,0.2229,4.48,734.0,85.0
9938,144.9,6.90,31.40,0.2167,4.61,734.0,85.0
9945,147.1,6.80,31.40,0.2135,4.68,734.0,85.0
9952,140.8,7.10,31.40,0.2229,4.48,734.0,85.0
9959,144.9,6.90,31.40,0.2167,4.61,734.0,85.0
9966,144.9,6.90,31.40,0.2167,4.61,734.0,85.0
9973,140.8,7.10,31.40,0.2229,4.48,734.0,85.0
9980,147.1,6.80,31.40,0.2135,4.68,734.0,85.0
9987,142.9,7.00,31.40,0.2198,4.55,734.0,85.0
9994,142.9,7.00,31.40,0.2198,4.55,734.0,85.0
10000,144.9,6.90,31.40,0.2167,4.61,734.0,85.0
10007,142.9,7.00,31.40,0.2198,4.55,734.0,85.0
10014,144.9,6.90,31.40,0.2167,4.61,734.0,85.0
10021,144.9,6.90,31.40,0.2167,4.61,734.0,85.0
10028,142.9,7.00,31.40,0.2198,4.55,734.0,85.0
10035,142.9,7.00,31.40,0.2198,4.55,734.0,85.0
10042,144.9,6.90,31.40,0.2167,4.61,734.0,85.0
10049,142.9,7.00,31.40,0.2198,4.55,734.0,85.0
10056,147.1,6.80,31.40,0.2135,4.68,734.0,85.0
10063,142.9,7.00,31.39,0.2197,4.55,734.0,85.0
10070,144.9,6.90,31.37,0.2165,4.62,734.0,85.0
10077,144.9,6.90,31.36,0.2164,4.62,734.0,85.0
10084,140.8,7.10,31.35,0.2226,4.49,734.0,85.0
10091,142.9,7.00,31.33,0.2193,4.56,734.0,85.0
10099,117.6,8.50,31.32,0.2662,3.75,734.0,85.0
10105,169.5,5.90,31.31,0.1847,5.41,734.0,85.0
10112,158.7,6.30,31.29,0.1972,5.07,734.0,85.0
10118,144.9,6.90,31.28,0.2158,4.63,734.0,85.0
10125,142.9,7.00,31.27,0.2189,4.57,734.0,85.0
10132,142.9,7.00,31.26,0.2188,4.57,734.0,85.0
10139,144.9,6.90,31.24,0.2156,4.64,734.0,85.0
10146,144.9,6.90,31.23,0.2155,4.64,734.0,85.0
10153,144.9,6.90,31.22,0.2154,4.64,734.0,85.0
10160,142.9,7.00,31.20,0.2184,4.58,734.0,85.0
10167,142.9,7.00,31.19,0.2183,4.58,734.0,85.0
10174,144.9,6.90,31.19,0.2152,4.65,734.0,85.0
10181,144.9,6.90,31.19,0.2152,4.65,734.0,85.0
10188,142.9,7.00,31.19,0.2183,4.58,734.0,85.0
10195,144.9,6.90,31.19,0.2152,4.65,734.0,85.0
10202,144.9,6.90,31.19,0.2152,4.65,734.0,85.0
10209,142.9,7.00,31.19,0.2183,4.58,734.0,85.0
10216,144.9,6.90,31.19,0.2152,4.65,734.0,85.0
10223,142.9,7.00,31.19,0.2183,4.58,734.0,85.0
10230,144.9,6.90,31.19,0.2152,4.65,734.0,85.0
10237,140.8,7.10,31.19,0.2214,4.51,734.0,85.0
10244,144.9,6.90,31.19,0.2152,4.65,734.0,85.0
10250,144.9,6.90,31.19,0.2152,4.65,734.0,85.0
10257,144.9,6.90,31.19,0.2152,4.65,734.0,85.0
10264,144.9,6.90,31.19,0.2152,4.65,734.0,85.0
10271,144.9,6.90,31.19,0.2152,4.65,734.0,85.0
10278,140.8,7.10,31.19,0.2214,4.51,734.0,85.0
10285,144.9,6.90,31.19,0.2152,4.65,734.0,85.0
10292,144.9,6.90,31.19,0.2152,4.65,734.0,85.0
10299,142.9,7.00,31.19,0.2183,4.58,734.0,85.0
10306,144.9,6.90,31.19,0.2152,4.65,734.0,85.0
10313,144.9,6.90,31.19,0.2152,4.65,734.0,85.0
10320,142.9,7.00,31.19,0.2183,4.58,734.0,85.0
10327,142.9,7.00,31.19,0.2183,4.58,734.0,85.0
10334,142.9,7.00,31.19,0.2183,4.58,734.0,85.0
10341,144.9,6.90,31.19,0.2152,4.65,734.0,85.0
10348,142.9,7.00,31.19,0.2183,4.58,734.0,85.0
10355,144.9,6.90,31.19,0.2152,4.65,734.0,85.0
10361,147.1,6.80,31.19,0.2121,4.72,734.0,85.0
10368,142.9,7.00,31.19,0.2183,4.58,734.0,85.0
10375,142.9,7.00,31.19,0.2183,4.58,734.0,85.0
10382,144.9,6.90,31.19,0.2152,4.65,734.0,85.0
10389,142.9,7.00,31.19,0.2183,4.58,734.0,85.0
10396,144.9,6.90,31.19,0.2152,4.65,734.0,85.0
10403,142.9,7.00,31.19,0.2183,4.58,734.0,85.0
10410,144.9,6.90,31.19,0.2152,4.65,734.0,85.0
10417,142.9,7.00,31.19,0.2183,4.58,734.0,85.0
10424,144.9,6.90,31.19,0.2152,4.65,734.0,85.0
10431,144.9,6.90,31.19,0.2152,4.65,734.0,85.0
10438,140.8,7.10,31.19,0.2214,4.51,734.0,85.0
10445,142.9,7.00,31.19,0.2183,4.58,734.0,85.0
10452,147.1,6.80,31.19,0.2121,4.72,734.0,85.0
10459,144.9,6.90,31.19,0.2152,4.65,734.0,85.0
10466,142.9,7.00,31.19,0.2183,4.58,734.0,85.0
10473,144.9,6.90,31.19,0.2152,4.65,734.0,85.0
10480,144.9,6.90,31.19,0.2152,4.65,734.0,85.0
10486,144.9,6.90,31.19,0.2152,4.65,734.0,85.0
10493,142.9,7.00,31.19,0.2183,4.58,734.0,85.0
10500,144.9,6.90,31.19,0.2152,4.65,734.0,85.0
10507,142.9,7.00,31.19,0.2183,4.58,734.0,85.0
10514,144.9,6.90,31.19,0.2152,4.65,734.0,85.0
10521,142.9,7.00,31.19,0.2183,4.58,734.0,85.0
10528,144.9,6.90,31.19,0.2152,4.65,734.0,85.0
10535,144.9,6.90,31.19,0.2152,4.65,734.0,85.0
10542,142.9,7.00,31.19,0.2183,4.58,734.0,85.0
10549,142.9,7.00,31.19,0.2183,4.58,734.0,85.0
10556,144.9,6.90,31.19,0.2152,4.65,734.0,85.0
10563,142.9,7.00,31.19,0.2183,4.58,734.0,85.0
10570,144.9,6.90,31.19,0.2152,4.65,734.0,85.0
10577,142.9,7.00,31.19,0.2183,4.58,734.0,85.0
10584,142.9,7.00,31.19,0.2183,4.58,734.0,85.0
10591,144.9,6.90,31.19,0.2152,4.65,734.0,85.0
10598,144.9,6.90,31.19,0.2152,4.65,734.0,85.0
10605,144.9,6.90,31.18,0.2152,4.65,734.0,85.0
10611,144.9,6.90,31.18,0.2151,4.65,734.0,85.0
10618,142.9,7.00,31.17,0.2182,4.58,734.0,85.0
10625,142.9,7.00,31.16,0.2181,4.59,734.0,85.0
10632,144.9,6.90,31.15,0.2150,4.65,734.0,85.0
10639,144.9,6.90,31.14,0.2149,4.65,734.0,85.0
10646,142.9,7.00,31.14,0.2180,4.59,734.0,85.0
10653,144.9,6.90,31.13,0.2148,4.65,734.0,85.0
10660,142.9,7.00,31.12,0.2179,4.59,734.0,85.0
10667,144.9,6.90,31.11,0.2147,4.66,734.0,85.0
10674,142.9,7.00,31.11,0.2177,4.59,734.0,85.0
10681,144.9,6.90,31.10,0.2146,4.66,734.0,85.0
10688,144.9,6.90,31.09,0.2145,4.66,734.0,85.0
10695,144.9,6.90,31.08,0.2145,4.66,734.0,85.0
10702,140.8,7.10,31.08,0.2206,4.53,734.0,85.0
10709,144.9,6.90,31.07,0.2144,4.66,734.0,85.0
10716,144.9,6.90,31.07,0.2144,4.66,734.0,85.0
10723,142.9,7.00,31.07,0.2175,4.60,734.0,85.0
10730,142.9,7.00,31.07,0.2175,4.60,734.0,85.0
10737,144.9,6.90,31.07,0.2144,4.66,734.0,85.0
10744,142.9,7.00,31.07,0.2175,4.60,734.0,85.0
10750,144.9,6.90,31.07,0.2144,4.66,734.0,85.0
10757,144.9,6.90,31.07,0.2144,4.66,734.0,85.0
10764,142.9,7.00,31.07,0.2175,4.60,734.0,85.0
10771,144.9,6.90,31.07,0.2144,4.66,734.0,85.0
10778,142.9,7.00,31.07,0.2175,4.60,734.0,85.0
10785,144.9,6.90,31.07,0.2144,4.66,734.0,85.0
10792,147.1,6.80,31.07,0.2113,4.73,734.0,85.0
10799,142.9,7.00,31.07,0.2175,4.60,734.0,85.0
10806,142.9,7.00,31.07,0.2175,4.60,734.0,85.0
10813,142.9,7.00,31.07,0.2175,4.60,734.0,85.0
10820,144.9,6.90,31.07,0.2144,4.66,734.0,85.0
10827,142.9,7.00,31.07,0.2175,4.60,734.0,85.0
10834,144.9,6.90,31.07,0.2144,4.66,734.0,85.0
10841,142.9,7.00,31.07,0.2175,4.60,734.0,85.0
10848,147.1,6.80,31.07,0.2113,4.73,734.0,85.0
10855,140.8,7.10,31.07,0.2206,4.53,734.0,85.0
10862,144.9,6.90,31.07,0.2144,4.66,734.0,85.0
10868,144.9,6.90,31.07,0.2144,4.66,734.0,85.0
10875,142.9,7.00,31.07,0.2175,4.60,734.0,85.0
10882,144.9,6.90,31.07,0.2144,4.66,734.0,85.0
10889,142.9,7.00,31.07,0.2175,4.60,734.0,85.0
10896,144.9,6.90,31.07,0.2144,4.66,734.0,85.0
10903,144.9,6.90,31.07,0.2144,4.66,734.0,85.0
10910,142.9,7.00,31.07,0.2175,4.60,734.0,85.0
10917,144.9,6.90,31.07,0.2144,4.66,734.0,85.0
10924,142.9,7.00,31.07,0.2175,4.60,734.0,85.0
10931,144.9,6.90,31.07,0.2144,4.66,734.0,85.0
10938,142.9,7.00,31.07,0.2175,4.60,734.0,85.0
10945,144.9,6.90,31.07,0.2144,4.66,734.0,85.0
10952,144.9,6.90,31.07,0.2144,4.66,734.0,85.0
10959,147.1,6.80,31.07,0.2113,4.73,734.0,85.0
10966,142.9,7.00,31.07,0.2175,4.60,734.0,85.0
10973,142.9,7.00,31.07,0.2175,4.60,734.0,85.0
10980,144.9,6.90,31.07,0.2144,4.66,734.0,85.0
10987,142.9,7.00,31.07,0.2175,4.60,734.0,85.0
10993,144.9,6.90,31.07,0.2144,4.66,734.0,85.0
11000,144.9,6.90,31.07,0.2144,4.66,734.0,85.0
11007,142.9,7.00,31.07,0.2175,4.60,734.0,85.0
11014,142.9,7.00,31.07,0.2175,4.60,734.0,85.0
11021,144.9,6.90,31.07,0.2144,4.66,734.0,85.0
11028,142.9,7.00,31.07,0.2175,4.60,734.0,85.0
11035,144.9,6.90,31.07,0.2144,4.66,734.0,85.0
11042,144.9,6.90,31.07,0.2144,4.66,734.0,85.0
11049,142.9,7.00,31.06,0.2174,4.60,734.0,85.0
11056,144.9,6.90,31.06,0.2143,4.67,734.0,85.0
11063,144.9,6.90,31.06,0.2143,4.67,734.0,85.0
11070,142.9,7.00,31.05,0.2174,4.60,734.0,85.0
11077,142.9,7.00,31.05,0.2174,4.60,734.0,85.0
11084,144.9,6.90,31.05,0.2142,4.67,734.0,85.0
11091,142.9,7.00,31.04,0.2173,4.60,734.0,85.0
11098,144.9,6.90,31.04,0.2142,4.67,734.0,85.0
11105,142.9,7.00,31.04,0.2173,4.60,734.0,85.0
11111,147.1,6.80,31.03,0.2110,4.74,734.0,85.0
11118,142.9,7.00,31.03,0.2172,4.60,734.0,85.0
11125,142.9,7.00,31.03,0.2172,4.61,734.0,85.0
11132,144.9,6.90,31.03,0.2141,4.67,734.0,85.0
11139,142.9,7.00,31.02,0.2172,4.61,734.0,85.0
11146,144.9,6.90,31.02,0.2140,4.67,734.0,85.0
11153,142.9,7.00,31.02,0.2171,4.61,734.0,85.0
11160,144.9,6.90,31.02,0.2140,4.67,734.0,85.0
11167,142.9,7.00,31.02,0.2171,4.61,734.0,85.0
11174,144.9,6.90,31.02,0.2140,4.67,734.0,85.0
11181,144.9,6.90,31.02,0.2140,4.67,734.0,85.0
11188,142.9,7.00,31.02,0.2171,4.61,734.0,85.0
11195,144.9,6.90,31.02,0.2140,4.67,734.0,85.0
11202,144.9,6.90,31.02,0.2140,4.67,734.0,85.0
11209,142.9,7.00,31.02,0.2171,4.61,734.0,85.0
11216,142.9,7.00,31.02,0.2171,4.61,734.0,85.0
11223,144.9,6.90,31.02,0.2140,4.67,734.0,85.0
11230,144.9,6.90,31.02,0.2140,4.67,734.0,85.0
11237,142.9,7.00,31.02,0.2171,4.61,734.0,85.0
11243,144.9,6.90,31.02,0.2140,4.67,734.0,85.0
11250,144.9,6.90,31.02,0.2140,4.67,734.0,85.0
11257,144.9,6.90,31.02,0.2140,4.67,734.0,85.0
11264,140.8,7.10,31.02,0.2202,4.54,734.0,85.0
11271,144.9,6.90,31.02,0.2140,4.67,734.0,85.0
11278,144.9,6.90,31.02,0.2140,4.67,734.0,85.0
11285,144.9,6.90,31.02,0.2140,4.67,734.0,85.0
11292,142.9,7.00,31.02,0.2171,4.61,734.0,85.0
11299,144.9,6.90,31.02,0.2140,4.67,734.0,85.0
11306,142.9,7.00,31.02,0.2171,4.61,734.0,85.0
11313,144.9,6.90,31.02,0.2140,4.67,734.0,85.0
11320,144.9,6.90,31.02,0.2140,4.67,734.0,85.0
11327,140.8,7.10,31.02,0.2202,4.54,734.0,85.0
11334,144.9,6.90,31.02,0.2140,4.67,734.0,85.0
11341,144.9,6.90,31.02,0.2140,4.67,734.0,85.0
11348,144.9,6.90,31.02,0.2140,4.67,734.0,85.0
11355,142.9,7.00,31.02,0.2171,4.61,734.0,85.0
11361,144.9,6.90,31.02,0.2140,4.67,734.0,85.0
11369,140.8,7.10,31.02,0.2202,4.54,734.0,85.0
11375,147.1,6.80,31.02,0.2109,4.74,734.0,85.0
11382,142.9,7.00,31.02,0.2171,4.61,734.0,85.0
11389,144.9,6.90,31.02,0.2140,4.67,734.0,85.0
11396,140.8,7.10,31.02,0.2202,4.54,734.0,85.0
11403,147.1,6.80,31.02,0.2109,4.74,734.0,85.0
11410,144.9,6.90,31.02,0.2140,4.67,734.0,85.0
11417,140.8,7.10,31.02,0.2202,4.54,734.0,85.0
11424,147.1,6.80,31.02,0.2109,4.74,734.0,85.0
11431,142.9,7.00,31.02,0.2171,4.61,734.0,85.0
11438,144.9,6.90,31.02,0.2140,4.67,734.0,85.0
11445,142.9,7.00,31.02,0.2171,4.61,734.0,85.0
11452,144.9,6.90,31.02,0.2140,4.67,734.0,85.0
11459,140.8,7.10,31.02,0.2202,4.54,734.0,85.0
11466,142.9,7.00,31.02,0.2171,4.61,734.0,85.0
11474,120.5,8.30,31.02,0.2575,3.88,734.0,85.0
11483,119.0,8.40,31.02,0.2606,3.84,734.0,85.0
11490,140.8,7.10,31.02,0.2202,4.54,734.0,85.0
11497,140.8,7.10,31.02,0.2202,4.54,734.0,85.0
11503,156.2,6.40,31.02,0.1985,5.04,734.0,85.0
11510,156.2,6.40,31.02,0.1985,5.04,734.0,85.0
11516,161.3,6.20,31.02,0.1923,5.20,734.0,85.0
11522,169.5,5.90,31.02,0.1830,5.46,734.0,85.0
11534,84.0,11.90,31.02,0.3691,2.71,734.0,85.0
11539,172.4,5.80,31.02,0.1799,5.56,734.0,85.0
11544,227.3,4.40,31.02,0.1365,7.33,734.0,85.0
11549,192.3,5.20,31.02,0.1613,6.20,734.0,85.0
11556,140.8,7.10,31.02,0.2202,4.54,734.0,85.0
11563,144.9,6.90,31.02,0.2140,4.67,734.0,85.0
11570,144.9,6.90,31.02,0.2140,4.67,734.0,85.0
11577,142.9,7.00,31.02,0.2171,4.61,734.0,85.0
11584,144.9,6.90,31.02,0.2141,4.67,734.0,85.0
11591,142.9,7.00,31.04,0.2173,4.60,734.0,85.0
11598,144.9,6.90,31.06,0.2143,4.67,734.0,85.0
11605,144.9,6.90,31.08,0.2144,4.66,734.0,85.0
11612,142.9,7.00,31.10,0.2177,4.60,734.0,85.0
11619,140.8,7.10,31.12,0.2209,4.52,734.0,85.0
11625,149.3,6.70,31.13,0.2086,4.80,734.0,85.0
11632,142.9,7.00,31.15,0.2181,4.59,734.0,85.0
11639,142.9,7.00,31.17,0.2182,4.58,734.0,85.0
11646,144.9,6.90,31.19,0.2152,4.65,734.0,85.0
11653,147.1,6.80,31.21,0.2122,4.71,734.0,85.0
11660,140.8,7.10,31.23,0.2217,4.51,734.0,85.0
11667,144.9,6.90,31.25,0.2156,4.64,734.0,85.0
11674,140.8,7.10,31.27,0.2220,4.50,734.0,85.0
11681,144.9,6.90,31.28,0.2159,4.63,734.0,85.0
11688,144.9,6.90,31.30,0.2160,4.63,734.0,85.0
11695,144.9,6.90,31.32,0.2161,4.63,734.0,85.0
11702,142.9,7.00,31.32,0.2192,4.56,734.0,85.0
11709,142.9,7.00,31.32,0.2192,4.56,734.0,85.0
11716,147.1,6.80,31.32,0.2130,4.70,734.0,85.0
11723,142.9,7.00,31.32,0.2192,4.56,734.0,85.0
11730,142.9,7.00,31.32,0.2192,4.56,734.0,85.0
11736,147.1,6.80,31.32,0.2130,4.70,734.0,85.0
11744,140.8,7.10,31.32,0.2224,4.50,734.0,85.0
11750,147.1,6.80,31.32,0.2130,4.70,734.0,85.0
11757,142.9,7.00,31.32,0.2192,4.56,734.0,85.0
11764,142.9,7.00,31.32,0.2192,4.56,734.0,85.0
11771,142.9,7.00,31.32,0.2192,4.56,734.0,85.0
11778,144.9,6.90,31.32,0.2161,4.63,734.0,85.0
11785,144.9,6.90,31.32,0.2161,4.63,734.0,85.0
11792,144.9,6.90,31.32,0.2161,4.63,734.0,85.0
11799,142.9,7.00,31.32,0.2192,4.56,734.0,85.0
11806,144.9,6.90,31.32,0.2161,4.63,734.0,85.0
11813,142.9,7.00,31.32,0.2192,4.56,734.0,85.0
11820,144.9,6.90,31.32,0.2161,4.63,734.0,85.0
11827,142.9,7.00,31.32,0.2192,4.56,734.0,85.0
11834,147.1,6.80,31.32,0.2130,4.70,734.0,85.0
11841,140.8,7.10,31.32,0.2224,4.50,734.0,85.0
11848,147.1,6.80,31.32,0.2130,4.70,734.0,85.0
11855,142.9,7.00,31.32,0.2192,4.56,734.0,85.0
11861,144.9,6.90,31.32,0.2161,4.63,734.0,85.0
11868,142.9,7.00,31.32,0.2192,4.56,734.0,85.0
11875,142.9,7.00,31.32,0.2192,4.56,734.0,85.0
11882,147.1,6.80,31.32,0.2130,4.70,734.0,85.0
11889,142.9,7.00,31.32,0.2192,4.56,734.0,85.0
11896,142.9,7.00,31.32,0.2192,4.56,734.0,85.0
11903,144.9,6.90,31.32,0.2161,4.63,734.0,85.0
11910,144.9,6.90,31.32,0.2161,4.63,734.0,85.0
11917,142.9,7.00,31.32,0.2192,4.56,734.0,85.0
11924,144.9,6.90,31.32,0.2161,4.63,734.0,85.0
11931,142.9,7.00,31.32,0.2192,4.56,734.0,85.0
11938,142.9,7.00,31.32,0.2192,4.56,734.0,85.0
11945,147.1,6.80,31.32,0.2130,4.70,734.0,85.0
11952,140.8,7.10,31.32,0.2224,4.50,734.0,85.0
11959,144.9,6.90,31.32,0.2161,4.63,734.0,85.0
11966,144.9,6.90,31.32,0.2161,4.63,734.0,85.0
11973,142.9,7.00,31.32,0.2192,4.56,734.0,85.0
11980,142.9,7.00,31.32,0.2192,4.56,734.0,85.0
11986,147.1,6.80,31.32,0.2130,4.70,734.0,85.0
11993,142.9,7.00,31.32,0.2192,4.56,734.0,85.0
12000,144.9,6.90,31.32,0.2161,4.63,734.0,85.0
12007,140.8,7.10,31.32,0.2224,4.50,734.0,85.0
12014,147.1,6.80,31.32,0.2130,4.70,734.0,85.0
12021,142.9,7.00,31.32,0.2192,4.56,734.0,85.0
12028,144.9,6.90,31.27,0.2158,4.63,734.0,85.0
12035,144.9,6.90,31.21,0.2153,4.64,734.0,85.0
12042,142.9,7.00,31.15,0.2180,4.59,734.0,85.0
12049,144.9,6.90,31.09,0.2145,4.66,734.0,85.0
12056,142.9,7.00,31.03,0.2172,4.61,734.0,85.0
12063,144.9,6.90,30.97,0.2137,4.68,734.0,85.0
12070,142.9,7.00,30.91,0.2164,4.62,734.0,85.0
12077,142.9,7.00,30.85,0.2160,4.63,734.0,85.0
12084,144.9,6.90,30.79,0.2125,4.71,734.0,85.0
12091,144.9,6.90,30.73,0.2120,4.72,734.0,85.0
12098,144.9,6.90,30.67,0.2116,4.72,734.0,85.0
12105,142.9,7.00,30.61,0.2143,4.67,734.0,85.0
12111,144.9,6.90,30.56,0.2109,4.74,734.0,85.0
12118,144.9,6.90,30.50,0.2104,4.75,734.0,85.0
12125,142.9,7.00,30.44,0.2131,4.69,734.0,85.0
12132,144.9,6.90,30.38,0.2096,4.77,734.0,85.0
12139,142.9,7.00,30.38,0.2127,4.70,734.0,85.0
12146,142.9,7.00,30.38,0.2127,4.70,734.0,85.0
12156,106.4,9.40,30.38,0.2856,3.50,734.0,85.0
12165,106.4,9.40,30.38,0.2856,3.50,734.0,85.0
12175,103.1,9.70,30.38,0.2947,3.39,734.0,85.0
12185,102.0,9.80,30.38,0.2977,3.36,734.0,85.0
12191,144.9,6.90,30.38,0.2096,4.77,734.0,85.0
12199,140.8,7.10,30.38,0.2157,4.63,734.0,85.0
12205,147.1,6.80,30.38,0.2066,4.84,734.0,85.0
12213,129.9,7.70,30.38,0.2339,4.28,734.0,85.0
12220,149.3,6.70,30.38,0.2035,4.91,734.0,85.0
12226,169.5,5.90,30.38,0.1792,5.58,734.0,85.0
12233,138.9,7.20,30.38,0.2187,4.57,734.0,85.0
12242,106.4,9.40,30.38,0.2856,3.50,734.0,85.0
12248,163.9,6.10,30.38,0.1853,5.39,734.0,85.0
12253,212.8,4.70,30.38,0.1428,7.00,734.0,85.0
12260,153.8,6.50,30.38,0.1975,5.06,734.0,85.0
12264,212.8,4.70,30.38,0.1428,7.00,734.0,85.0
12271,142.9,7.00,30.38,0.2127,4.70,734.0,85.0
12278,142.9,7.00,30.38,0.2127,4.70,734.0,85.0
12285,142.9,7.00,30.38,0.2127,4.70,734.0,85.0
12292,147.1,6.80,30.38,0.2066,4.84,734.0,85.0
12299,142.9,7.00,30.38,0.2127,4.70,734.0,85.0
12306,142.9,7.00,30.38,0.2127,4.70,734.0,85.0
12313,144.9,6.90,30.38,0.2096,4.77,734.0,85.0
12320,142.9,7.00,30.38,0.2127,4.70,734.0,85.0
12327,147.1,6.80,30.38,0.2066,4.84,734.0,85.0
12334,142.9,7.00,30.38,0.2127,4.70,734.0,85.0
12341,144.9,6.90,30.38,0.2096,4.77,734.0,85.0
12348,144.9,6.90,30.38,0.2096,4.77,734.0,85.0
12355,142.9,7.00,30.38,0.2127,4.70,734.0,85.0
12361,144.9,6.90,30.38,0.2096,4.77,734.0,85.0
12368,142.9,7.00,30.38,0.2127,4.70,734.0,85.0
12375,144.9,6.90,30.38,0.2096,4.77,734.0,85.0
12382,140.8,7.10,30.38,0.2157,4.63,734.0,85.0
12389,144.9,6.90,30.38,0.2096,4.77,734.0,85.0
12396,144.9,6.90,30.38,0.2096,4.77,734.0,85.0
12403,144.9,6.90,30.38,0.2096,4.77,734.0,85.0
12410,142.9,7.00,30.38,0.2127,4.70,734.0,85.0
12417,142.9,7.00,30.38,0.2127,4.70,734.0,85.0
12424,144.9,6.90,30.38,0.2096,4.77,734.0,85.0
12431,147.1,6.80,30.38,0.2066,4.84,734.0,85.0
12438,138.9,7.20,30.38,0.2187,4.57,734.0,85.0
12445,147.1,6.80,30.38,0.2066,4.84,734.0,85.0
12452,144.9,6.90,30.38,0.2096,4.77,734.0,85.0
12459,147.1,6.80,30.38,0.2066,4.84,734.0,85.0
12466,140.8,7.10,30.38,0.2157,4.63,734.0,85.0
12473,144.9,6.90,30.38,0.2096,4.77,734.0,85.0
12480,142.9,7.00,30.38,0.2127,4.70,734.0,85.0
12486,144.9,6.90,30.38,0.2096,4.77,734.0,85.0
12493,142.9,7.00,30.38,0.2127,4.70,734.0,85.0
12500,142.9,7.00,30.38,0.2127,4.70,734.0,85.0
12507,147.1,6.80,30.38,0.2066,4.84,734.0,85.0
12514,142.9,7.00,30.38,0.2127,4.70,734.0,85.0
12521,142.9,7.00,30.38,0.2127,4.70,734.0,85.0
12528,147.1,6.80,30.38,0.2066,4.84,734.0,85.0
12535,142.9,7.00,30.38,0.2127,4.70,734.0,85.0
12542,142.9,7.00,30.38,0.2127,4.70,734.0,85.0
12549,142.9,7.00,30.38,0.2127,4.70,734.0,85.0
12556,147.1,6.80,30.38,0.2066,4.84,734.0,85.0
12563,140.8,7.10,30.38,0.2157,4.63,734.0,85.0
12570,144.9,6.90,30.36,0.2095,4.77,734.0,85.0
12577,144.9,6.90,30.32,0.2092,4.78,734.0,85.0
12584,142.9,7.00,30.28,0.2119,4.72,734.0,85.0
12591,144.9,6.90,30.24,0.2086,4.79,734.0,85.0
12598,142.9,7.00,30.20,0.2114,4.73,734.0,85.0
12605,144.9,6.90,30.16,0.2081,4.80,734.0,85.0
12611,144.9,6.90,30.12,0.2079,4.81,734.0,85.0
12618,144.9,6.90,30.08,0.2076,4.82,734.0,85.0
12625,142.9,7.00,30.04,0.2103,4.76,734.0,85.0
12632,142.9,7.00,30.00,0.2100,4.76,734.0,85.0
12639,144.9,6.90,29.96,0.2068,4.84,734.0,85.0
12646,144.9,6.90,29.92,0.2065,4.84,734.0,85.0
12653,142.9,7.00,29.89,0.2092,4.78,734.0,85.0
12660,144.9,6.90,29.85,0.2059,4.86,734.0,85.0
12667,142.9,7.00,29.81,0.2086,4.79,734.0,85.0
12674,142.9,7.00,29.77,0.2084,4.80,734.0,85.0
12681,144.9,6.90,29.76,0.2053,4.87,734.0,85.0
12688,144.9,6.90,29.76,0.2053,4.87,734.0,85.0
12695,142.9,7.00,29.76,0.2083,4.80,734.0,85.0
12702,144.9,6.90,29.76,0.2053,4.87,734.0,85.0
12709,142.9,7.00,29.76,0.2083,4.80,734.0,85.0
12716,144.9,6.90,29.76,0.2053,4.87,734.0,85.0
12723,142.9,7.00,29.76,0.2083,4.80,734.0,85.0
12730,144.9,6.90,29.76,0.2053,4.87,734.0,85.0
12736,144.9,6.90,29.76,0.2053,4.87,734.0,85.0
12743,144.9,6.90,29.76,0.2053,4.87,734.0,85.0
12750,142.9,7.00,29.76,0.2083,4.80,734.0,85.0
12757,142.9,7.00,29.76,0.2083,4.80,734.0,85.0
12764,142.9,7.00,29.76,0.2083,4.80,734.0,85.0
12771,147.1,6.80,29.76,0.2024,4.94,734.0,85.0
12778,142.9,7.00,29.76,0.2083,4.80,734.0,85.0
12785,144.9,6.90,29.76,0.2053,4.87,734.0,85.0
12792,142.9,7.00,29.76,0.2083,4.80,734.0,85.0
12799,144.9,6.90,29.76,0.2053,4.87,734.0,85.0
12806,142.9,7.00,29.76,0.2083,4.80,734.0,85.0
12813,144.9,6.90,29.76,0.2053,4.87,734.0,85.0
12820,144.9,6.90,29.76,0.2053,4.87,734.0,85.0
12827,142.9,7.00,29.76,0.2083,4.80,734.0,85.0
12834,140.8,7.10,29.76,0.2113,4.73,734.0,85.0
12842,117.6,8.50,29.76,0.2530,3.95,734.0,85.0
12851,117.6,8.50,29.76,0.2530,3.95,734.0,85.0
12859,122.0,8.20,29.76,0.2440,4.10,734.0,85.0
12866,138.9,7.20,29.76,0.2143,4.67,734.0,85.0
12873,140.8,7.10,29.76,0.2113,4.73,734.0,85.0
12880,151.5,6.60,29.76,0.1964,5.09,734.0,85.0
12887,144.9,6.90,29.76,0.2053,4.87,734.0,85.0
12895,129.9,7.70,29.76,0.2292,4.36,734.0,85.0
12901,163.9,6.10,29.76,0.1815,5.51,734.0,85.0
12908,137.0,7.30,29.76,0.2172,4.60,734.0,85.0
12918,103.1,9.70,29.76,0.2887,3.46,734.0,85.0
12925,129.9,7.70,29.76,0.2292,4.36,734.0,85.0
12931,172.4,5.80,29.76,0.1726,5.79,734.0,85.0
12938,147.1,6.80,29.76,0.2024,4.94,734.0,85.0
12945,144.9,6.90,29.76,0.2053,4.87,734.0,85.0
12952,142.9,7.00,29.76,0.2083,4.80,734.0,85.0
12959,144.9,6.90,29.76,0.2053,4.87,734.0,85.0
12966,142.9,7.00,29.76,0.2083,4.80,734.0,85.0
12973,144.9,6.90,29.76,0.2053,4.87,734.0,85.0
12979,147.1,6.80,29.76,0.2024,4.94,734.0,85.0
12987,140.8,7.10,29.76,0.2113,4.73,734.0,85.0
12993,144.9,6.90,29.76,0.2053,4.87,734.0,85.0
13000,142.9,7.00,29.76,0.2083,4.80,734.0,85.0
13007,144.9,6.90,29.84,0.2059,4.86,734.0,85.0
13014,144.9,6.90,29.92,0.2065,4.84,734.0,85.0
13021,144.9,6.90,30.01,0.2070,4.83,734.0,85.0
13028,142.9,7.00,30.09,0.2106,4.75,734.0,85.0
13035,142.9,7.00,30.17,0.2112,4.74,734.0,85.0
13042,144.9,6.90,30.25,0.2087,4.79,734.0,85.0
13049,144.9,6.90,30.34,0.2093,4.78,734.0,85.0
13056,142.9,7.00,30.42,0.2129,4.70,734.0,85.0
13063,147.1,6.80,30.50,0.2074,4.82,734.0,85.0
13070,142.9,7.00,30.58,0.2141,4.67,734.0,85.0
13077,147.1,6.80,30.66,0.2085,4.80,734.0,85.0
13084,140.8,7.10,30.75,0.2183,4.58,734.0,85.0
13091,144.9,6.90,30.83,0.2127,4.70,734.0,85.0
13098,142.9,7.00,30.91,0.2164,4.62,734.0,85.0
13105,142.9,7.00,30.99,0.2170,4.61,734.0,85.0
13112,144.9,6.90,31.04,0.2142,4.67,734.0,85.0
13118,144.9,6.90,31.04,0.2142,4.67,734.0,85.0
13125,144.9,6.90,31.04,0.2142,4.67,734.0,85.0
13132,142.9,7.00,31.04,0.2173,4.60,734.0,85.0
13139,142.9,7.00,31.04,0.2173,4.60,734.0,85.0
13146,144.9,6.90,31.04,0.2142,4.67,734.0,85.0
13153,142.9,7.00,31.04,0.2173,4.60,734.0,85.0
13160,144.9,6.90,31.04,0.2142,4.67,734.0,85.0
13167,144.9,6.90,31.04,0.2142,4.67,734.0,85.0
13174,142.9,7.00,31.04,0.2173,4.60,734.0,85.0
13181,144.9,6.90,31.04,0.2142,4.67,734.0,85.0
13188,144.9,6.90,31.04,0.2142,4.67,734.0,85.0
13195,142.9,7.00,31.04,0.2173,4.60,734.0,85.0
13202,144.9,6.90,31.04,0.2142,4.67,734.0,85.0
13209,144.9,6.90,31.04,0.2142,4.67,734.0,85.0
13216,142.9,7.00,31.04,0.2173,4.60,734.0,85.0
13223,142.9,7.00,31.04,0.2173,4.60,734.0,85.0
13230,144.9,6.90,31.04,0.2142,4.67,734.0,85.0
13237,142.9,7.00,31.04,0.2173,4.60,734.0,85.0
13243,144.9,6.90,31.04,0.2142,4.67,734.0,85.0
13250,142.9,7.00,31.04,0.2173,4.60,734.0,85.0
13257,144.9,6.90,31.04,0.2142,4.67,734.0,85.0
13264,144.9,6.90,31.04,0.2142,4.67,734.0,85.0
13271,144.9,6.90,31.04,0.2142,4.67,734.0,85.0
13278,142.9,7.00,31.04,0.2173,4.60,734.0,85.0
13285,144.9,6.90,31.04,0.2142,4.67,734.0,85.0
13292,144.9,6.90,31.04,0.2142,4.67,734.0,85.0
13299,140.8,7.10,31.04,0.2204,4.54,734.0,85.0
13306,144.9,6.90,31.04,0.2142,4.67,734.0,85.0
13313,144.9,6.90,31.04,0.2142,4.67,734.0,85.0
13320,142.9,7.00,31.04,0.2173,4.60,734.0,85.0
13327,144.9,6.90,31.04,0.2142,4.67,734.0,85.0
13334,142.9,7.00,31.04,0.2173,4.60,734.0,85.0
13341,147.1,6.80,31.04,0.2111,4.74,734.0,85.0
13348,142.9,7.00,31.04,0.2173,4.60,734.0,85.0
13355,142.9,7.00,31.04,0.2173,4.60,734.0,85.0
13361,144.9,6.90,31.04,0.2142,4.67,734.0,85.0
13368,142.9,7.00,31.04,0.2173,4.60,734.0,85.0
13375,144.9,6.90,31.04,0.2142,4.67,734.0,85.0
13382,144.9,6.90,31.04,0.2142,4.67,734.0,85.0
13389,142.9,7.00,31.04,0.2173,4.60,734.0,85.0
13396,144.9,6.90,31.04,0.2142,4.67,734.0,85.0
13403,142.9,7.00,31.04,0.2173,4.60,734.0,85.0
13410,142.9,7.00,31.04,0.2173,4.60,734.0,85.0
13417,144.9,6.90,31.04,0.2142,4.67,734.0,85.0
13424,144.9,6.90,31.04,0.2142,4.67,734.0,85.0
13431,142.9,7.00,31.04,0.2173,4.60,734.0,85.0
13438,144.9,6.90,31.04,0.2142,4.67,734.0,85.0
13445,144.9,6.90,31.04,0.2142,4.67,734.0,85.0
13452,142.9,7.00,31.04,0.2173,4.60,734.0,85.0
13459,142.9,7.00,31.04,0.2173,4.60,734.0,85.0
13466,147.1,6.80,31.04,0.2111,4.74,734.0,85.0
13473,140.8,7.10,31.04,0.2204,4.54,734.0,85.0
13480,144.9,6.90,31.04,0.2142,4.67,734.0,85.0
13486,144.9,6.90,31.04,0.2142,4.67,734.0,85.0
13493,142.9,7.00,31.04,0.2173,4.60,734.0,85.0
13500,144.9,6.90,31.04,0.2142,4.67,734.0,85.0
13507,142.9,7.00,31.04,0.2173,4.60,734.0,85.0
13514,147.1,6.80,31.04,0.2111,4.74,734.0,85.0
13521,142.9,7.00,31.04,0.2173,4.60,734.0,85.0
13528,144.9,6.90,31.04,0.2142,4.67,734.0,85.0
13535,142.9,7.00,31.04,0.2173,4.60,734.0,85.0
13542,142.9,7.00,31.04,0.2173,4.60,734.0,85.0
13549,144.9,6.90,31.03,0.2141,4.67,734.0,85.0
13556,144.9,6.90,30.94,0.2135,4.68,734.0,85.0
13563,142.9,7.00,30.85,0.2160,4.63,734.0,85.0
13570,142.9,7.00,30.76,0.2153,4.65,734.0,85.0
13577,144.9,6.90,30.67,0.2117,4.72,734.0,85.0
13584,142.9,7.00,30.59,0.2141,4.67,734.0,85.0
13591,142.9,7.00,30.50,0.2135,4.69,734.0,85.0
13598,142.9,7.00,30.41,0.2129,4.70,734.0,85.0
13605,147.1,6.80,30.32,0.2062,4.85,734.0,85.0
13612,142.9,7.00,30.23,0.2116,4.73,734.0,85.0
13618,144.9,6.90,30.16,0.2081,4.80,734.0,85.0
13625,142.9,7.00,30.07,0.2105,4.75,734.0,85.0
13632,144.9,6.90,29.98,0.2069,4.83,734.0,85.0
13639,144.9,6.90,29.89,0.2063,4.85,734.0,85.0
13646,144.9,6.90,29.80,0.2056,4.86,734.0,85.0
13653,144.9,6.90,29.72,0.2050,4.88,734.0,85.0
13660,142.9,7.00,29.64,0.2075,4.82,734.0,85.0
13667,142.9,7.00,29.64,0.2075,4.82,734.0,85.0
13674,144.9,6.90,29.64,0.2045,4.89,734.0,85.0
13681,142.9,7.00,29.64,0.2075,4.82,734.0,85.0
13688,144.9,6.90,29.64,0.2045,4.89,734.0,85.0
13695,144.9,6.90,29.64,0.2045,4.89,734.0,85.0
13702,142.9,7.00,29.64,0.2075,4.82,734.0,85.0
13709,142.9,7.00,29.64,0.2075,4.82,734.0,85.0
13716,147.1,6.80,29.64,0.2016,4.96,734.0,85.0
13723,140.8,7.10,29.64,0.2104,4.75,734.0,85.0
13730,142.9,7.00,29.64,0.2075,4.82,734.0,85.0
13736,147.1,6.80,29.64,0.2016,4.96,734.0,85.0
13743,142.9,7.00,29.64,0.2075,4.82,734.0,85.0
13750,142.9,7.00,29.64,0.2075,4.82,734.0,85.0
13757,147.1,6.80,29.64,0.2016,4.96,734.0,85.0
13764,142.9,7.00,29.64,0.2075,4.82,734.0,85.0
13771,142.9,7.00,29.64,0.2075,4.82,734.0,85.0
13778,142.9,7.00,29.64,0.2075,4.82,734.0,85.0
13785,149.3,6.70,29.64,0.1986,5.04,734.0,85.0
13792,140.8,7.10,29.64,0.2104,4.75,734.0,85.0
13799,144.9,6.90,29.64,0.2045,4.89,734.0,85.0
13806,144.9,6.90,29.64,0.2045,4.89,734.0,85.0
13813,142.9,7.00,29.64,0.2075,4.82,734.0,85.0
13820,142.9,7.00,29.64,0.2075,4.82,734.0,85.0
13827,142.9,7.00,29.64,0.2075,4.82,734.0,85.0
13834,144.9,6.90,29.64,0.2045,4.89,734.0,85.0
13841,147.1,6.80,29.64,0.2016,4.96,734.0,85.0
13848,140.8,7.10,29.64,0.2104,4.75,734.0,85.0
13854,147.1,6.80,29.64,0.2016,4.96,734.0,85.0
13861,142.9,7.00,29.64,0.2075,4.82,734.0,85.0
13868,142.9,7.00,29.64,0.2075,4.82,734.0,85.0
13875,142.9,7.00,29.64,0.2075,4.82,734.0,85.0
13882,144.9,6.90,29.64,0.2045,4.89,734.0,85.0
13889,144.9,6.90,29.64,0.2045,4.89,734.0,85.0
13896,144.9,6.90,29.64,0.2045,4.89,734.0,85.0
13903,142.9,7.00,29.64,0.2075,4.82,734.0,85.0
13910,147.1,6.80,29.64,0.2016,4.96,734.0,85.0
13917,142.9,7.00,29.64,0.2075,4.82,734.0,85.0
13924,142.9,7.00,29.64,0.2075,4.82,734.0,85.0
13931,144.9,6.90,29.64,0.2045,4.89,734.0,85.0
13938,144.9,6.90,29.64,0.2045,4.89,734.0,85.0
13945,140.8,7.10,29.64,0.2104,4.75,734.0,85.0
13952,144.9,6.90,29.64,0.2045,4.89,734.0,85.0
13959,144.9,6.90,29.64,0.2045,4.89,734.0,85.0
13966,142.9,7.00,29.64,0.2075,4.82,734.0,85.0
13973,144.9,6.90,29.64,0.2045,4.89,734.0,85.0
13979,144.9,6.90,29.64,0.2045,4.89,734.0,85.0
13986,142.9,7.00,29.64,0.2075,4.82,734.0,85.0
13993,142.9,7.00,29.64,0.2075,4.82,734.0,85.0
14000,144.9,6.90,29.64,0.2045,4.89,734.0,85.0
14007,142.9,7.00,29.64,0.2075,4.82,734.0,85.0
14014,144.9,6.90,29.64,0.2045,4.89,734.0,85.0
14021,144.9,6.90,29.64,0.2045,4.89,734.0,85.0
14028,140.8,7.10,29.64,0.2104,4.75,734.0,85.0
14035,147.1,6.80,29.64,0.2016,4.96,734.0,85.0
14042,144.9,6.90,29.64,0.2045,4.89,734.0,85.0
14049,142.9,7.00,29.64,0.2075,4.82,734.0,85.0
14056,144.9,6.90,29.64,0.2045,4.89,734.0,85.0
14063,142.9,7.00,29.64,0.2075,4.82,734.0,85.0
14070,140.8,7.10,29.64,0.2104,4.75,734.0,85.0
14077,147.1,6.80,29.64,0.2016,4.96,734.0,85.0
14084,142.9,7.00,29.64,0.2075,4.82,734.0,85.0
14091,147.1,6.80,29.64,0.2016,4.96,734.0,85.0
14098,142.9,7.00,29.64,0.2075,4.82,734.0,85.0
14104,144.9,6.90,29.65,0.2046,4.89,734.0,85.0
14111,142.9,7.00,29.65,0.2076,4.82,734.0,85.0
14118,142.9,7.00,29.66,0.2076,4.82,734.0,85.0
14125,142.9,7.00,29.67,0.2077,4.82,734.0,85.0
14132,147.1,6.80,29.68,0.2018,4.96,734.0,85.0
14139,142.9,7.00,29.69,0.2078,4.81,734.0,85.0
14146,144.9,6.90,29.70,0.2049,4.88,734.0,85.0
14153,142.9,7.00,29.70,0.2079,4.81,734.0,85.0
14160,144.9,6.90,29.71,0.2050,4.88,734.0,85.0
14167,142.9,7.00,29.72,0.2080,4.81,734.0,85.0
14174,142.9,7.00,29.73,0.2081,4.81,734.0,85.0
14181,144.9,6.90,29.74,0.2052,4.87,734.0,85.0
14188,144.9,6.90,29.74,0.2052,4.87,734.0,85.0
14195,142.9,7.00,29.75,0.2083,4.80,734.0,85.0
14202,144.9,6.90,29.76,0.2053,4.87,734.0,85.0
14209,144.9,6.90,29.77,0.2054,4.87,734.0,85.0
14216,144.9,6.90,29.77,0.2054,4.87,734.0,85.0
14223,142.9,7.00,29.77,0.2084,4.80,734.0,85.0
14229,144.9,6.90,29.77,0.2054,4.87,734.0,85.0
14236,142.9,7.00,29.77,0.2084,4.80,734.0,85.0
14243,142.9,7.00,29.77,0.2084,4.80,734.0,85.0
14250,144.9,6.90,29.77,0.2054,4.87,734.0,85.0
14257,142.9,7.00,29.77,0.2084,4.80,734.0,85.0
14264,144.9,6.90,29.77,0.2054,4.87,734.0,85.0
14271,142.9,7.00,29.77,0.2084,4.80,734.0,85.0
14278,144.9,6.90,29.77,0.2054,4.87,734.0,85.0
14285,142.9,7.00,29.77,0.2084,4.80,734.0,85.0
14292,144.9,6.90,29.77,0.2054,4.87,734.0,85.0
14299,147.1,6.80,29.77,0.2024,4.94,734.0,85.0
14306,142.9,7.00,29.77,0.2084,4.80,734.0,85.0
14313,140.8,7.10,29.77,0.2114,4.73,734.0,85.0
14320,147.1,6.80,29.77,0.2024,4.94,734.0,85.0
14327,142.9,7.00,29.77,0.2084,4.80,734.0,85.0
14334,147.1,6.80,29.77,0.2024,4.94,734.0,85.0
14341,138.9,7.20,29.77,0.2143,4.67,734.0,85.0
14347,149.3,6.70,29.77,0.1995,5.02,734.0,85.0
14355,140.8,7.10,29.77,0.2114,4.73,734.0,85.0
14361,144.9,6.90,29.77,0.2054,4.87,734.0,85.0
14368,142.9,7.00,29.77,0.2084,4.80,734.0,85.0
14375,147.1,6.80,29.77,0.2024,4.94,734.0,85.0
14382,144.9,6.90,29.77,0.2054,4.87,734.0,85.0
14389,140.8,7.10,29.77,0.2114,4.73,734.0,85.0
14396,142.9,7.00,29.77,0.2084,4.80,734.0,85.0
14403,144.9,6.90,29.77,0.2054,4.87,734.0,85.0
14410,144.9,6.90,29.77,0.2054,4.87,734.0,85.0
14417,142.9,7.00,29.77,0.2084,4.80,734.0,85.0
14424,142.9,7.00,29.77,0.2084,4.80,734.0,85.0
14431,147.1,6.80,29.77,0.2024,4.94,734.0,85.0
14438,142.9,7.00,29.77,0.2084,4.80,734.0,85.0
14445,144.9,6.90,29.77,0.2054,4.87,734.0,85.0
14452,140.8,7.10,29.77,0.2114,4.73,734.0,85.0
14459,147.1,6.80,29.77,0.2024,4.94,734.0,85.0
14466,140.8,7.10,29.77,0.2114,4.73,734.0,85.0
14473,147.1,6.80,29.77,0.2024,4.94,734.0,85.0
14480,142.9,7.00,29.77,0.2084,4.80,734.0,85.0
14486,144.9,6.90,29.77,0.2054,4.87,734.0,85.0
14493,144.9,6.90,29.77,0.2054,4.87,734.0,85.0
14500,142.9,7.00,29.77,0.2084,4.80,734.0,85.0
14507,144.9,6.90,29.77,0.2054,4.87,734.0,85.0
14514,142.9,7.00,29.77,0.2084,4.80,734.0,85.0
14521,142.9,7.00,29.77,0.2084,4.80,734.0,85.0
14530,120.5,8.30,29.77,0.2471,4.05,734.0,85.0
14537,138.9,7.20,29.77,0.2143,4.67,734.0,85.0
14542,188.7,5.30,29.80,0.1579,6.33,734.0,85.0
14549,144.9,6.90,29.83,0.2058,4.86,734.0,85.0
14556,144.9,6.90,29.87,0.2061,4.85,734.0,85.0
14563,142.9,7.00,29.90,0.2093,4.78,734.0,85.0
14570,144.9,6.90,29.93,0.2066,4.84,734.0,85.0
14577,144.9,6.90,29.97,0.2068,4.83,734.0,85.0
14584,142.9,7.00,30.01,0.2100,4.76,734.0,85.0
14591,144.9,6.90,30.04,0.2073,4.82,734.0,85.0
14598,142.9,7.00,30.08,0.2105,4.75,734.0,85.0
14604,144.9,6.90,30.11,0.2077,4.81,734.0,85.0
14611,142.9,7.00,30.14,0.2110,4.74,734.0,85.0
14618,144.9,6.90,30.18,0.2082,4.80,734.0,85.0
14625,142.9,7.00,30.21,0.2115,4.73,734.0,85.0
14632,142.9,7.00,30.24,0.2117,4.72,734.0,85.0
14639,144.9,6.90,30.28,0.2089,4.79,734.0,85.0
14646,142.9,7.00,30.31,0.2122,4.71,734.0,85.0
14653,144.9,6.90,30.31,0.2091,4.78,734.0,85.0
14660,147.1,6.80,30.31,0.2061,4.85,734.0,85.0
14667,142.9,7.00,30.31,0.2122,4.71,734.0,85.0
14674,142.9,7.00,30.31,0.2122,4.71,734.0,85.0
14681,144.9,6.90,30.31,0.2091,4.78,734.0,85.0
14688,142.9,7.00,30.31,0.2122,4.71,734.0,85.0
14695,142.9,7.00,30.31,0.2122,4.71,734.0,85.0
14702,147.1,6.80,30.31,0.2061,4.85,734.0,85.0
14709,140.8,7.10,30.31,0.2152,4.65,734.0,85.0
14716,144.9,6.90,30.31,0.2091,4.78,734.0,85.0
14723,144.9,6.90,30.31,0.2091,4.78,734.0,85.0
14730,142.9,7.00,30.31,0.2122,4.71,734.0,85.0
14736,144.9,6.90,30.31,0.2091,4.78,734.0,85.0
14743,142.9,7.00,30.31,0.2122,4.71,734.0,85.0
14750,144.9,6.90,30.31,0.2091,4.78,734.0,85.0
14757,144.9,6.90,30.31,0.2091,4.78,734.0,85.0
14764,144.9,6.90,30.31,0.2091,4.78,734.0,85.0
14771,144.9,6.90,30.31,0.2091,4.78,734.0,85.0
14778,140.8,7.10,30.31,0.2152,4.65,734.0,85.0
14785,147.1,6.80,30.31,0.2061,4.85,734.0,85.0
14792,140.8,7.10,30.31,0.2152,4.65,734.0,85.0
14799,147.1,6.80,30.31,0.2061,4.85,734.0,85.0
14806,140.8,7.10,30.31,0.2152,4.65,734.0,85.0
14813,147.1,6.80,30.31,0.2061,4.85,734.0,85.0
14820,142.9,7.00,30.31,0.2122,4.71,734.0,85.0
14827,144.9,6.90,30.31,0.2091,4.78,734.0,85.0
14834,140.8,7.10,30.31,0.2152,4.65,734.0,85.0
14841,142.9,7.00,30.31,0.2122,4.71,734.0,85.0
14848,144.9,6.90,30.31,0.2091,4.78,734.0,85.0
14855,142.9,7.00,30.31,0.2122,4.71,734.0,85.0
14862,144.9,6.90,30.31,0.2091,4.78,734.0,85.0
14868,147.1,6.80,30.31,0.2061,4.85,734.0,85.0
14875,140.8,7.10,30.31,0.2152,4.65,734.0,85.0
14882,144.9,6.90,30.31,0.2091,4.78,734.0,85.0
14889,144.9,6.90,30.31,0.2091,4.78,734.0,85.0
14896,142.9,7.00,30.31,0.2122,4.71,734.0,85.0
14903,142.9,7.00,30.31,0.2122,4.71,734.0,85.0
14910,144.9,6.90,30.31,0.2091,4.78,734.0,85.0
14917,144.9,6.90,30.31,0.2091,4.78,734.0,85.0
14924,144.9,6.90,30.31,0.2091,4.78,734.0,85.0
14931,142.9,7.00,30.31,0.2122,4.71,734.0,85.0
14938,144.9,6.90,30.31,0.2091,4.78,734.0,85.0
14945,142.9,7.00,30.31,0.2122,4.71,734.0,85.0
14952,142.9,7.00,30.31,0.2122,4.71,734.0,85.0
14959,144.9,6.90,30.31,0.2091,4.78,734.0,85.0
14966,147.1,6.80,30.31,0.2061,4.85,734.0,85.0
14973,142.9,7.00,30.31,0.2122,4.71,734.0,85.0
14980,142.9,7.00,30.31,0.2122,4.71,734.0,85.0
14987,142.9,7.00,30.31,0.2122,4.71,734.0,85.0
14994,142.9,7.00,30.31,0.2122,4.71,734.0,85.0
15000,144.9,6.90,30.31,0.2091,4.78,734.0,85.0
15007,142.9,7.00,30.31,0.2122,4.71,734.0,85.0
15014,147.1,6.80,30.31,0.2061,4.85,734.0,85.0
15021,142.9,7.00,30.31,0.2122,4.71,734.0,85.0
15028,144.9,6.90,30.31,0.2091,4.78,734.0,85.0
15035,144.9,6.90,30.31,0.2091,4.78,734.0,85.0
15042,142.9,7.00,30.31,0.2122,4.71,734.0,85.0
15049,144.9,6.90,30.31,0.2091,4.78,734.0,85.0
15056,142.9,7.00,30.31,0.2122,4.71,734.0,85.0
15063,142.9,7.00,30.31,0.2122,4.71,734.0,85.0
15070,144.9,6.90,30.31,0.2091,4.78,734.0,85.0
15077,144.9,6.90,30.31,0.2091,4.78,734.0,85.0
15084,142.9,7.00,30.31,0.2122,4.71,734.0,85.0
15091,144.9,6.90,30.31,0.2092,4.78,734.0,85.1
15098,144.9,6.90,30.32,0.2092,4.78,734.0,85.1
15105,142.9,7.00,30.32,0.2122,4.71,734.0,85.2
15111,144.9,6.90,30.32,0.2092,4.78,734.0,85.3
15118,142.9,7.00,30.33,0.2123,4.71,734.0,85.3
15126,140.8,7.10,30.33,0.2153,4.64,734.0,85.4
15132,144.9,6.90,30.33,0.2093,4.78,734.0,85.5
15139,147.1,6.80,30.34,0.2063,4.85,734.0,85.5
15146,144.9,6.90,30.34,0.2093,4.78,734.0,85.6
15153,140.8,7.10,30.34,0.2154,4.64,734.0,85.6
15160,147.1,6.80,30.35,0.2063,4.85,734.0,85.7
15167,144.9,6.90,30.35,0.2094,4.77,734.0,85.8
15174,142.9,7.00,30.35,0.2125,4.71,734.0,85.8
15181,144.9,6.90,30.36,0.2094,4.77,734.0,85.9
15188,144.9,6.90,30.36,0.2095,4.77,734.0,86.0
15195,140.8,7.10,30.36,0.2156,4.64,734.0,86.0
15202,144.9,6.90,30.36,0.2095,4.77,734.0,86.0
15209,144.9,6.90,30.36,0.2095,4.77,734.0,86.0
15216,142.9,7.00,30.36,0.2125,4.71,734.0,86.0
15223,142.9,7.00,30.36,0.2125,4.71,734.0,86.0
15229,147.1,6.80,30.36,0.2064,4.85,734.0,86.0
15237,140.8,7.10,30.36,0.2156,4.64,734.0,86.0
15243,144.9,6.90,30.36,0.2095,4.77,734.0,86.0
15250,142.9,7.00,30.36,0.2125,4.71,734.0,86.0
15257,147.1,6.80,30.36,0.2064,4.85,734.0,86.0
15264,142.9,7.00,30.36,0.2125,4.71,734.0,86.0
15271,144.9,6.90,30.36,0.2095,4.77,734.0,86.0
15278,144.9,6.90,30.36,0.2095,4.77,734.0,86.0
15285,142.9,7.00,30.36,0.2125,4.71,734.0,86.0
15292,142.9,7.00,30.36,0.2125,4.71,734.0,86.0
15299,144.9,6.90,30.36,0.2095,4.77,734.0,86.0
15306,142.9,7.00,30.36,0.2125,4.71,734.0,86.0
15313,142.9,7.00,30.36,0.2125,4.71,734.0,86.0
15320,144.9,6.90,30.36,0.2095,4.77,734.0,86.0
15327,147.1,6.80,30.36,0.2064,4.85,734.0,86.0
15334,142.9,7.00,30.36,0.2125,4.71,734.0,86.0
15341,142.9,7.00,30.36,0.2125,4.71,734.0,86.0
15348,144.9,6.90,30.36,0.2095,4.77,734.0,86.0
15354,144.9,6.90,30.36,0.2095,4.77,734.0,86.0
15361,142.9,7.00,30.36,0.2125,4.71,734.0,86.0
15368,144.9,6.90,30.36,0.2095,4.77,734.0,86.0
15375,144.9,6.90,30.36,0.2095,4.77,734.0,86.0
15382,140.8,7.10,30.36,0.2156,4.64,734.0,86.0
15389,144.9,6.90,30.36,0.2095,4.77,734.0,86.0
15396,144.9,6.90,30.36,0.2095,4.77,734.0,86.0
15403,144.9,6.90,30.36,0.2095,4.77,734.0,86.0
15410,144.9,6.90,30.36,0.2095,4.77,734.0,86.0
15417,140.8,7.10,30.36,0.2156,4.64,734.0,86.0
15424,147.1,6.80,30.36,0.2064,4.85,734.0,86.0
15431,142.9,7.00,30.36,0.2125,4.71,734.0,86.0
15438,142.9,7.00,30.36,0.2125,4.71,734.0,86.0
15445,142.9,7.00,30.36,0.2125,4.71,734.0,86.0
15452,144.9,6.90,30.36,0.2095,4.77,734.0,86.0
15459,142.9,7.00,30.36,0.2125,4.71,734.0,86.0
15466,144.9,6.90,30.36,0.2095,4.77,734.0,86.0
15473,142.9,7.00,30.36,0.2125,4.71,734.0,86.0
15480,144.9,6.90,30.36,0.2095,4.77,734.0,86.0
15487,142.9,7.00,30.36,0.2125,4.71,734.0,86.0
15493,144.9,6.90,30.36,0.2095,4.77,734.0,86.0
15500,144.9,6.90,30.36,0.2095,4.77,734.0,86.0
15507,142.9,7.00,30.36,0.2125,4.71,734.0,86.0
15514,144.9,6.90,30.36,0.2095,4.77,734.0,86.0
15521,142.9,7.00,30.36,0.2125,4.71,734.0,86.0
15529,137.0,7.30,30.36,0.2216,4.51,734.0,86.0
15535,151.5,6.60,30.36,0.2003,4.99,734.0,86.0
15542,144.9,6.90,30.35,0.2094,4.77,734.0,86.0
15549,144.9,6.90,30.35,0.2094,4.77,734.0,86.0
15556,144.9,6.90,30.35,0.2094,4.77,734.0,86.0
15563,142.9,7.00,30.35,0.2124,4.71,734.0,86.0
15570,142.9,7.00,30.35,0.2124,4.71,734.0,86.0
15577,147.1,6.80,30.34,0.2063,4.85,734.0,86.0
15584,142.9,7.00,30.34,0.2124,4.71,734.0,86.0
15591,144.9,6.90,30.34,0.2093,4.78,734.0,86.0
15598,142.9,7.00,30.34,0.2124,4.71,734.0,86.0
15604,144.9,6.90,30.34,0.2093,4.78,734.0,86.0
15611,142.9,7.00,30.33,0.2123,4.71,734.0,86.0
15618,144.9,6.90,30.33,0.2093,4.78,734.0,86.0
15625,142.9,7.00,30.33,0.2123,4.71,734.0,86.0
15632,144.9,6.90,30.33,0.2093,4.78,734.0,86.0
15639,142.9,7.00,30.33,0.2123,4.71,734.0,86.0
15646,142.9,7.00,30.33,0.2123,4.71,734.0,86.0
15653,147.1,6.80,30.33,0.2062,4.85,734.0,86.0
15660,144.9,6.90,30.33,0.2093,4.78,734.0,86.0
15667,142.9,7.00,30.33,0.2123,4.71,734.0,86.0
15674,142.9,7.00,30.33,0.2123,4.71,734.0,86.0
15681,144.9,6.90,30.33,0.2093,4.78,734.0,86.0
15688,142.9,7.00,30.33,0.2123,4.71,734.0,86.0
15695,144.9,6.90,30.33,0.2093,4.78,734.0,86.0
15702,142.9,7.00,30.33,0.2123,4.71,734.0,86.0
15709,144.9,6.90,30.33,0.2093,4.78,734.0,86.0
15716,144.9,6.90,30.33,0.2093,4.78,734.0,86.0
15723,142.9,7.00,30.33,0.2123,4.71,734.0,86.0
15729,144.9,6.90,30.33,0.2093,4.78,734.0,86.0
15736,142.9,7.00,30.33,0.2123,4.71,734.0,86.0
15743,144.9,6.90,30.33,0.2093,4.78,734.0,86.0
15750,144.9,6.90,30.33,0.2093,4.78,734.0,86.0
15757,142.9,7.00,30.33,0.2123,4.71,734.0,86.0
15764,142.9,7.00,30.33,0.2123,4.71,734.0,86.0
15771,144.9,6.90,30.33,0.2093,4.78,734.0,86.0
15778,144.9,6.90,30.33,0.2093,4.78,734.0,86.0
15785,138.9,7.20,30.33,0.2184,4.58,734.0,86.0
15792,147.1,6.80,30.33,0.2062,4.85,734.0,86.0
15799,144.9,6.90,30.33,0.2093,4.78,734.0,86.0
15806,142.9,7.00,30.33,0.2123,4.71,734.0,86.0
15813,144.9,6.90,30.33,0.2093,4.78,734.0,86.0
15820,144.9,6.90,30.33,0.2093,4.78,734.0,86.0
15827,140.8,7.10,30.33,0.2153,4.64,734.0,86.0
15834,147.1,6.80,30.33,0.2062,4.85,734.0,86.0
15841,144.9,6.90,30.33,0.2093,4.78,734.0,86.0
15848,140.8,7.10,30.33,0.2153,4.64,734.0,86.0
15855,144.9,6.90,30.33,0.2093,4.78,734.0,86.0
15861,144.9,6.90,30.33,0.2093,4.78,734.0,86.0
15868,144.9,6.90,30.33,0.2093,4.78,734.0,86.0
15875,142.9,7.00,30.33,0.2123,4.71,734.0,86.0
15882,142.9,7.00,30.33,0.2123,4.71,734.0,86.0
15889,144.9,6.90,30.33,0.2093,4.78,734.0,86.0
15896,144.9,6.90,30.33,0.2093,4.78,734.0,86.0
15903,142.9,7.00,30.33,0.2123,4.71,734.0,86.0
15910,144.9,6.90,30.33,0.2093,4.78,734.0,86.0
15917,142.9,7.00,30.33,0.2123,4.71,734.0,86.0
15924,144.9,6.90,30.33,0.2093,4.78,734.0,86.0
15931,142.9,7.00,30.33,0.2123,4.71,734.0,86.0
15938,144.9,6.90,30.33,0.2093,4.78,734.0,86.0
15945,142.9,7.00,30.33,0.2123,4.71,734.0,86.0
15952,144.9,6.90,30.33,0.2093,4.78,734.0,86.0
15959,144.9,6.90,30.33,0.2093,4.78,734.0,86.0
15966,142.9,7.00,30.33,0.2123,4.71,734.0,86.0
15973,144.9,6.90,30.33,0.2093,4.78,734.0,86.0
15979,144.9,6.90,30.33,0.2093,4.78,734.0,86.0
15986,144.9,6.90,30.33,0.2093,4.78,734.0,86.0
15993,142.9,7.00,30.33,0.2123,4.71,734.0,86.0
16000,142.9,7.00,30.33,0.2123,4.71,734.0,86.0
16007,144.9,6.90,30.33,0.2093,4.78,734.0,86.0
16014,144.9,6.90,30.33,0.2093,4.78,734.0,86.0
16021,142.9,7.00,30.33,0.2123,4.71,734.0,86.0
16028,142.9,7.00,30.33,0.2123,4.71,734.0,86.0
16035,147.1,6.80,30.33,0.2062,4.85,734.0,86.0
16042,140.8,7.10,30.33,0.2153,4.64,734.0,86.0
16049,142.9,7.00,30.33,0.2123,4.71,734.0,86.0
16056,144.9,6.90,30.33,0.2093,4.78,734.0,86.0
16063,144.9,6.90,30.33,0.2093,4.78,734.0,86.0
16070,144.9,6.90,30.32,0.2092,4.78,734.0,86.0
16077,142.9,7.00,30.29,0.2120,4.72,734.0,85.9
16084,147.1,6.80,30.26,0.2057,4.86,734.0,85.8
16091,142.9,7.00,30.22,0.2116,4.73,734.0,85.8
16097,144.9,6.90,30.20,0.2084,4.80,734.0,85.7
16104,142.9,7.00,30.17,0.2112,4.74,734.0,85.7
16111,142.9,7.00,30.14,0.2110,4.74,734.0,85.6
16118,142.9,7.00,30.11,0.2107,4.75,734.0,85.5
16125,147.1,6.80,30.08,0.2045,4.89,734.0,85.5
16132,142.9,7.00,30.04,0.2103,4.76,734.0,85.4
16139,142.9,7.00,30.01,0.2101,4.76,734.0,85.3
16146,144.9,6.90,29.98,0.2069,4.83,734.0,85.3
16153,142.9,7.00,29.95,0.2097,4.77,734.0,85.2
16160,147.1,6.80,29.92,0.2035,4.92,734.0,85.1
16167,142.9,7.00,29.89,0.2092,4.78,734.0,85.1
16174,142.9,7.00,29.86,0.2090,4.79,734.0,85.0
16181,144.9,6.90,29.86,0.2060,4.85,734.0,85.0
16188,142.9,7.00,29.86,0.2090,4.79,734.0,85.0
16195,142.9,7.00,29.86,0.2090,4.79,734.0,85.0
16202,144.9,6.90,29.86,0.2060,4.85,734.0,85.0
16209,144.9,6.90,29.86,0.2060,4.85,734.0,85.0
16216,144.9,6.90,29.86,0.2060,4.85,734.0,85.0
16222,144.9,6.90,29.86,0.2060,4.85,734.0,85.0
16229,142.9,7.00,29.86,0.2090,4.79,734.0,85.0
16236,142.9,7.00,29.86,0.2090,4.79,734.0,85.0
16243,142.9,7.00,29.86,0.2090,4.79,734.0,85.0
16250,144.9,6.90,29.86,0.2060,4.85,734.0,85.0
16257,142.9,7.00,29.86,0.2090,4.79,734.0,85.0
16264,144.9,6.90,29.86,0.2060,4.85,734.0,85.0
16271,142.9,7.00,29.86,0.2090,4.79,734.0,85.0
16278,147.1,6.80,29.86,0.2030,4.93,734.0,85.0
16285,142.9,7.00,29.86,0.2090,4.79,734.0,85.0
16292,144.9,6.90,29.86,0.2060,4.85,734.0,85.0
16299,142.9,7.00,29.86,0.2090,4.79,734.0,85.0
16306,144.9,6.90,29.86,0.2060,4.85,734.0,85.0
16313,142.9,7.00,29.86,0.2090,4.79,734.0,85.0
16320,144.9,6.90,29.86,0.2060,4.85,734.0,85.0
16327,144.9,6.90,29.86,0.2060,4.85,734.0,85.0
16334,144.9,6.90,29.86,0.2060,4.85,734.0,85.0
16341,142.9,7.00,29.86,0.2090,4.79,734.0,85.0
16348,142.9,7.00,29.86,0.2090,4.79,734.0,85.0
16354,144.9,6.90,29.86,0.2060,4.85,734.0,85.0
16361,142.9,7.00,29.86,0.2090,4.79,734.0,85.0
16368,144.9,6.90,29.86,0.2060,4.85,734.0,85.0
16375,144.9,6.90,29.86,0.2060,4.85,734.0,85.0
16382,142.9,7.00,29.86,0.2090,4.79,734.0,85.0
16389,142.9,7.00,29.86,0.2090,4.79,734.0,85.0
16396,144.9,6.90,29.86,0.2060,4.85,734.0,85.0
16403,144.9,6.90,29.86,0.2060,4.85,734.0,85.0
16410,142.9,7.00,29.86,0.2090,4.79,734.0,85.0
16417,144.9,6.90,29.86,0.2060,4.85,734.0,85.0
16424,144.9,6.90,29.86,0.2060,4.85,734.0,85.0
16431,144.9,6.90,29.86,0.2060,4.85,734.0,85.0
16438,138.9,7.20,29.86,0.2150,4.65,734.0,85.0
16445,147.1,6.80,29.86,0.2030,4.93,734.0,85.0
16452,144.9,6.90,29.86,0.2060,4.85,734.0,85.0
16459,142.9,7.00,29.86,0.2090,4.79,734.0,85.0
16466,144.9,6.90,29.86,0.2060,4.85,734.0,85.0
16473,142.9,7.00,29.86,0.2090,4.79,734.0,85.0
16479,144.9,6.90,29.86,0.2060,4.85,734.0,85.0
16486,144.9,6.90,29.86,0.2060,4.85,734.0,85.0
16493,142.9,7.00,29.86,0.2090,4.79,734.0,85.0
16500,142.9,7.00,29.86,0.2090,4.79,734.0,85.0
16507,142.9,7.00,29.86,0.2090,4.79,734.0,85.0
16514,147.1,6.80,29.84,0.2029,4.93,734.0,85.1
16521,142.9,7.00,29.83,0.2088,4.79,734.0,85.2
16528,142.9,7.00,29.82,0.2088,4.79,734.0,85.2
16535,144.9,6.90,29.81,0.2057,4.86,734.0,85.3
16542,140.8,7.10,29.80,0.2116,4.72,734.0,85.4
16549,147.1,6.80,29.79,0.2026,4.94,734.0,85.4
16556,144.9,6.90,29.78,0.2055,4.87,734.0,85.5
16563,144.9,6.90,29.77,0.2054,4.87,734.0,85.5
16570,142.9,7.00,29.76,0.2083,4.80,734.0,85.6
16577,144.9,6.90,29.75,0.2052,4.87,734.0,85.7
16584,140.8,7.10,29.73,0.2111,4.74,734.0,85.7
16591,144.9,6.90,29.72,0.2051,4.88,734.0,85.8
16597,147.1,6.80,29.71,0.2021,4.95,734.0,85.9
16604,142.9,7.00,29.70,0.2079,4.81,734.0,85.9
16611,142.9,7.00,29.69,0.2078,4.81,734.0,86.0
16618,144.9,6.90,29.69,0.2049,4.88,734.0,86.0
16625,144.9,6.90,29.69,0.2049,4.88,734.0,86.0
16632,144.9,6.90,29.69,0.2049,4.88,734.0,86.0
16639,140.8,7.10,29.69,0.2108,4.74,734.0,86.0
16646,144.9,6.90,29.69,0.2049,4.88,734.0,86.0
16653,144.9,6.90,29.69,0.2049,4.88,734.0,86.0
16660,142.9,7.00,29.69,0.2078,4.81,734.0,86.0
16667,142.9,7.00,29.69,0.2078,4.81,734.0,86.0
16674,147.1,6.80,29.69,0.2019,4.95,734.0,86.0
16681,140.8,7.10,29.69,0.2108,4.74,734.0,86.0
16688,144.9,6.90,29.69,0.2049,4.88,734.0,86.0
16695,142.9,7.00,29.69,0.2078,4.81,734.0,86.0
16702,142.9,7.00,29.69,0.2078,4.81,734.0,86.0
16709,147.1,6.80,29.69,0.2019,4.95,734.0,86.0
16716,144.9,6.90,29.69,0.2049,4.88,734.0,86.0
16723,142.9,7.00,29.69,0.2078,4.81,734.0,86.0
16730,142.9,7.00,29.69,0.2078,4.81,734.0,86.0
16736,144.9,6.90,29.69,0.2049,4.88,734.0,86.0
16743,147.1,6.80,29.69,0.2019,4.95,734.0,86.0
16750,142.9,7.00,29.69,0.2078,4.81,734.0,86.0
16757,142.9,7.00,29.69,0.2078,4.81,734.0,86.0
16764,144.9,6.90,29.69,0.2049,4.88,734.0,86.0
16771,142.9,7.00,29.69,0.2078,4.81,734.0,86.0
16778,142.9,7.00,29.69,0.2078,4.81,734.0,86.0
16785,147.1,6.80,29.69,0.2019,4.95,734.0,86.0
16792,142.9,7.00,29.69,0.2078,4.81,734.0,86.0
16799,142.9,7.00,29.69,0.2078,4.81,734.0,86.0
16806,142.9,7.00,29.69,0.2078,4.81,734.0,86.0
16813,147.1,6.80,29.69,0.2019,4.95,734.0,86.0
16820,142.9,7.00,29.69,0.2078,4.81,734.0,86.0
16827,144.9,6.90,29.69,0.2049,4.88,734.0,86.0
16834,144.9,6.90,29.69,0.2049,4.88,734.0,86.0
16840,144.9,6.90,29.69,0.2049,4.88,734.0,86.0
16847,142.9,7.00,29.69,0.2078,4.81,734.0,86.0
16855,140.8,7.10,29.69,0.2108,4.74,734.0,86.0
16861,147.1,6.80,29.69,0.2019,4.95,734.0,86.0
16868,140.8,7.10,29.69,0.2108,4.74,734.0,86.0
16875,142.9,7.00,29.69,0.2078,4.81,734.0,86.0
16882,144.9,6.90,29.69,0.2049,4.88,734.0,86.0
16889,144.9,6.90,29.69,0.2049,4.88,734.0,86.0
16896,144.9,6.90,29.69,0.2049,4.88,734.0,86.0
16903,142.9,7.00,29.69,0.2078,4.81,734.0,86.0
16910,142.9,7.00,29.69,0.2078,4.81,734.0,86.0
16917,144.9,6.90,29.69,0.2049,4.88,734.0,86.0
16924,144.9,6.90,29.69,0.2049,4.88,734.0,86.0
16931,144.9,6.90,29.69,0.2049,4.88,734.0,86.0
16938,144.9,6.90,29.69,0.2049,4.88,734.0,86.0
16945,144.9,6.90,29.69,0.2049,4.88,734.0,86.0
16952,142.9,7.00,29.69,0.2078,4.81,734.0,86.0
16959,142.9,7.00,29.69,0.2078,4.81,734.0,86.0
16966,144.9,6.90,29.69,0.2049,4.88,734.0,86.0
16973,142.9,7.00,29.69,0.2078,4.81,734.0,86.0
16979,144.9,6.90,29.69,0.2049,4.88,734.0,86.0
16986,144.9,6.90,29.69,0.2049,4.88,734.0,86.0
16993,142.9,7.00,29.69,0.2078,4.81,734.0,86.0
17000,144.9,6.90,29.69,0.2049,4.88,734.0,86.0
17007,142.9,7.00,29.69,0.2078,4.81,734.0,86.0
17014,144.9,6.90,29.69,0.2049,4.88,734.0,86.0
17021,142.9,7.00,29.69,0.2078,4.81,734.0,86.0
17028,142.9,7.00,29.69,0.2078,4.81,734.0,86.0
17035,142.9,7.00,29.69,0.2078,4.81,734.0,86.0
17042,147.1,6.80,29.69,0.2019,4.95,734.0,86.0
17049,142.9,7.00,29.70,0.2079,4.81,734.0,86.0
17056,144.9,6.90,29.73,0.2051,4.87,734.0,86.0
17063,142.9,7.00,29.75,0.2083,4.80,734.0,86.0
17070,144.9,6.90,29.78,0.2055,4.87,734.0,86.0
17077,144.9,6.90,29.81,0.2057,4.86,734.0,86.0
17084,140.8,7.10,29.83,0.2118,4.72,734.0,86.0
17091,144.9,6.90,29.86,0.2060,4.85,734.0,86.0
17097,147.1,6.80,29.88,0.2032,4.92,734.0,86.0
17104,142.9,7.00,29.91,0.2094,4.78,734.0,86.0
17111,142.9,7.00,29.94,0.2096,4.77,734.0,86.0
17118,144.9,6.90,29.96,0.2067,4.84,734.0,86.0
17125,142.9,7.00,29.99,0.2099,4.76,734.0,86.0
17132,144.9,6.90,30.02,0.2071,4.83,734.0,86.0
17139,142.9,7.00,30.04,0.2103,4.76,734.0,86.0
17146,144.9,6.90,30.07,0.2075,4.82,734.0,86.0
17153,142.9,7.00,30.10,0.2107,4.75,734.0,86.0
17160,142.9,7.00,30.10,0.2107,4.75,734.0,86.0
17167,147.1,6.80,30.10,0.2047,4.89,734.0,86.0
17174,140.8,7.10,30.10,0.2137,4.68,734.0,86.0
17181,142.9,7.00,30.10,0.2107,4.75,734.0,86.0
17188,147.1,6.80,30.10,0.2047,4.89,734.0,86.0
17195,142.9,7.00,30.10,0.2107,4.75,734.0,86.0
17202,142.9,7.00,30.10,0.2107,4.75,734.0,86.0
17209,147.1,6.80,30.10,0.2047,4.89,734.0,86.0
17216,142.9,7.00,30.10,0.2107,4.75,734.0,86.0
17223,144.9,6.90,30.10,0.2077,4.81,734.0,86.0
17230,144.9,6.90,30.10,0.2077,4.81,734.0,86.0
17237,142.9,7.00,30.10,0.2107,4.75,734.0,86.0
17243,144.9,6.90,30.10,0.2077,4.81,734.0,86.0
17250,144.9,6.90,30.10,0.2077,4.81,734.0,86.0
17257,144.9,6.90,30.10,0.2077,4.81,734.0,86.0
17264,140.8,7.10,30.10,0.2137,4.68,734.0,86.0
17271,144.9,6.90,30.10,0.2077,4.81,734.0,86.0
17278,144.9,6.90,30.10,0.2077,4.81,734.0,86.0
17285,142.9,7.00,30.10,0.2107,4.75,734.0,86.0
17292,144.9,6.90,30.10,0.2077,4.81,734.0,86.0
17299,144.9,6.90,30.10,0.2077,4.81,734.0,86.0
17306,142.9,7.00,30.10,0.2107,4.75,734.0,86.0
17313,144.9,6.90,30.10,0.2077,4.81,734.0,86.0
17320,142.9,7.00,30.10,0.2107,4.75,734.0,86.0
17327,144.9,6.90,30.10,0.2077,4.81,734.0,86.0
17334,140.8,7.10,30.10,0.2137,4.68,734.0,86.0
17341,147.1,6.80,30.10,0.2047,4.89,734.0,86.0
17348,142.9,7.00,30.10,0.2107,4.75,734.0,86.0
17355,144.9,6.90,30.10,0.2077,4.81,734.0,86.0
17361,147.1,6.80,30.10,0.2047,4.89,734.0,86.0
17368,142.9,7.00,30.10,0.2107,4.75,734.0,86.0
17375,140.8,7.10,30.10,0.2137,4.68,734.0,86.0
17382,144.9,6.90,30.10,0.2077,4.81,734.0,86.0
17389,142.9,7.00,30.10,0.2107,4.75,734.0,86.0
17396,144.9,6.90,30.10,0.2077,4.81,734.0,86.0
17403,142.9,7.00,30.10,0.2107,4.75,734.0,86.0
17410,147.1,6.80,30.10,0.2047,4.89,734.0,86.0
17417,142.9,7.00,30.10,0.2107,4.75,734.0,86.0
17424,144.9,6.90,30.10,0.2077,4.81,734.0,86.0
17431,142.9,7.00,30.10,0.2107,4.75,734.0,86.0
17438,144.9,6.90,30.10,0.2077,4.81,734.0,86.0
17445,140.8,7.10,30.10,0.2137,4.68,734.0,86.0
17452,144.9,6.90,30.10,0.2077,4.81,734.0,86.0
17459,147.1,6.80,30.10,0.2047,4.89,734.0,86.0
17466,142.9,7.00,30.10,0.2107,4.75,734.0,86.0
17473,144.9,6.90,30.10,0.2077,4.81,734.0,86.0
17480,142.9,7.00,30.10,0.2107,4.75,734.0,86.0
17486,147.1,6.80,30.10,0.2047,4.89,734.0,86.0
17493,142.9,7.00,30.10,0.2107,4.75,734.0,86.0
17500,144.9,6.90,30.10,0.2077,4.81,734.0,86.0
17507,142.9,7.00,30.10,0.2107,4.75,734.0,86.0
17514,142.9,7.00,30.10,0.2107,4.75,734.0,86.0
17521,144.9,6.90,30.10,0.2077,4.81,734.0,86.0
17528,144.9,6.90,30.10,0.2077,4.81,734.0,86.0
17535,142.9,7.00,30.10,0.2107,4.75,734.0,86.0
17542,142.9,7.00,30.10,0.2107,4.75,734.0,86.0
17549,144.9,6.90,30.10,0.2077,4.81,734.0,86.0
17556,147.1,6.80,30.10,0.2047,4.89,734.0,86.0
17563,142.9,7.00,30.10,0.2107,4.75,734.0,86.0
17570,140.8,7.10,30.10,0.2137,4.68,734.0,86.0
17577,147.1,6.80,30.10,0.2047,4.89,734.0,86.0
17584,142.9,7.00,30.10,0.2107,4.75,734.0,86.0
17591,142.9,7.00,30.10,0.2107,4.75,734.0,86.0
17598,144.9,6.90,30.13,0.2079,4.81,734.0,86.0
17604,144.9,6.90,30.16,0.2081,4.80,734.0,86.0
17611,142.9,7.00,30.19,0.2113,4.73,734.0,86.0
17618,144.9,6.90,30.22,0.2085,4.79,734.0,86.0
17625,142.9,7.00,30.26,0.2118,4.72,734.0,86.0
17632,144.9,6.90,30.29,0.2090,4.78,734.0,86.0
17639,144.9,6.90,30.32,0.2092,4.78,734.0,86.0
17646,142.9,7.00,30.36,0.2125,4.71,734.0,86.0
17653,144.9,6.90,30.39,0.2097,4.77,734.0,86.0
17660,142.9,7.00,30.42,0.2130,4.70,734.0,86.0
17667,144.9,6.90,30.46,0.2102,4.76,734.0,86.0
17674,144.9,6.90,30.49,0.2104,4.75,734.0,86.0
17681,142.9,7.00,30.52,0.2137,4.68,734.0,86.0
17688,142.9,7.00,30.56,0.2139,4.68,734.0,86.0
17695,144.9,6.90,30.59,0.2111,4.74,734.0,86.0
17702,144.9,6.90,30.62,0.2113,4.73,734.0,86.0
17709,144.9,6.90,30.62,0.2113,4.73,734.0,86.0
17716,142.9,7.00,30.62,0.2143,4.67,734.0,86.0
17723,142.9,7.00,30.62,0.2143,4.67,734.0,86.0
17730,142.9,7.00,30.62,0.2143,4.67,734.0,86.0
17736,147.1,6.80,30.62,0.2082,4.80,734.0,86.0
17743,142.9,7.00,30.62,0.2143,4.67,734.0,86.0
17750,140.8,7.10,30.62,0.2174,4.60,734.0,86.0
17757,147.1,6.80,30.62,0.2082,4.80,734.0,86.0
17764,142.9,7.00,30.62,0.2143,4.67,734.0,86.0
17771,144.9,6.90,30.62,0.2113,4.73,734.0,86.0
17778,144.9,6.90,30.62,0.2113,4.73,734.0,86.0
17785,144.9,6.90,30.62,0.2113,4.73,734.0,86.0
17792,142.9,7.00,30.62,0.2143,4.67,734.0,86.0
17799,144.9,6.90,30.62,0.2113,4.73,734.0,86.0
17806,142.9,7.00,30.62,0.2143,4.67,734.0,86.0
17813,144.9,6.90,30.62,0.2113,4.73,734.0,86.0
17820,140.8,7.10,30.62,0.2174,4.60,734.0,86.0
17827,144.9,6.90,30.62,0.2113,4.73,734.0,86.0
17834,140.8,7.10,30.62,0.2174,4.60,734.0,86.0
17841,144.9,6.90,30.62,0.2113,4.73,734.0,86.0
17848,147.1,6.80,30.62,0.2082,4.80,734.0,86.0
17855,142.9,7.00,30.62,0.2143,4.67,734.0,86.0
17861,144.9,6.90,30.62,0.2113,4.73,734.0,86.0
17868,144.9,6.90,30.62,0.2113,4.73,734.0,86.0
17875,142.9,7.00,30.62,0.2143,4.67,734.0,86.0
17882,144.9,6.90,30.62,0.2113,4.73,734.0,86.0
17889,144.9,6.90,30.62,0.2113,4.73,734.0,86.0
17896,142.9,7.00,30.62,0.2143,4.67,734.0,86.0
17903,142.9,7.00,30.62,0.2143,4.67,734.0,86.0
17910,142.9,7.00,30.62,0.2143,4.67,734.0,86.0
17917,147.1,6.80,30.62,0.2082,4.80,734.0,86.0
17924,144.9,6.90,30.62,0.2113,4.73,734.0,86.0
17931,142.9,7.00,30.62,0.2143,4.67,734.0,86.0
17938,142.9,7.00,30.62,0.2143,4.67,734.0,86.0
17945,147.1,6.80,30.62,0.2082,4.80,734.0,86.0
17952,137.0,7.30,30.62,0.2235,4.47,734.0,86.0
17959,149.3,6.70,30.62,0.2052,4.88,734.0,86.0
17966,144.9,6.90,30.62,0.2113,4.73,734.0,86.0
17973,142.9,7.00,30.62,0.2143,4.67,734.0,86.0
17979,144.9,6.90,30.62,0.2113,4.73,734.0,86.0
17986,144.9,6.90,30.62,0.2113,4.73,734.0,86.0
17993,142.9,7.00,30.62,0.2143,4.67,734.0,86.0
18000,142.9,7.00,30.62,0.2143,4.67,734.0,86.0
18007,147.1,6.80,30.62,0.2082,4.80,734.0,86.0
18014,142.9,7.00,30.62,0.2143,4.67,734.0,86.0
18021,142.9,7.00,30.62,0.2143,4.67,734.0,86.0
18028,144.9,6.90,30.62,0.2113,4.73,734.0,86.0
18035,142.9,7.00,30.60,0.2142,4.67,734.0,86.0
18042,142.9,7.00,30.58,0.2140,4.67,734.0,86.0
18049,142.9,7.00,30.56,0.2139,4.68,734.0,86.0
18056,142.9,7.00,30.53,0.2137,4.68,734.0,86.0
18063,147.1,6.80,30.51,0.2075,4.82,734.0,86.0
18070,142.9,7.00,30.49,0.2134,4.69,734.0,86.0
18077,144.9,6.90,30.46,0.2102,4.76,734.0,86.0
18084,144.9,6.90,30.44,0.2100,4.76,734.0,86.0
18091,142.9,7.00,30.42,0.2129,4.70,734.0,86.0
18097,147.1,6.80,30.40,0.2067,4.84,734.0,86.0
18104,142.9,7.00,30.38,0.2126,4.70,734.0,86.0
18111,144.9,6.90,30.35,0.2094,4.77,734.0,86.0
18118,142.9,7.00,30.33,0.2123,4.71,734.0,86.0
18125,144.9,6.90,30.31,0.2091,4.78,734.0,86.0
18132,140.8,7.10,30.29,0.2150,4.65,734.0,86.0
18139,147.1,6.80,30.27,0.2058,4.86,734.0,86.0
18146,142.9,7.00,30.27,0.2119,4.72,734.0,86.0
18153,144.9,6.90,30.27,0.2089,4.79,734.0,86.0
18160,144.9,6.90,30.27,0.2089,4.79,734.0,86.0
18167,142.9,7.00,30.27,0.2119,4.72,734.0,86.0
18174,142.9,7.00,30.27,0.2119,4.72,734.0,86.0
18181,144.9,6.90,30.27,0.2089,4.79,734.0,86.0
18188,142.9,7.00,30.27,0.2119,4.72,734.0,86.0
18195,144.9,6.90,30.27,0.2089,4.79,734.0,86.0
18202,142.9,7.00,30.27,0.2119,4.72,734.0,86.0
18209,144.9,6.90,30.27,0.2089,4.79,734.0,86.0
18216,144.9,6.90,30.27,0.2089,4.79,734.0,86.0
18223,142.9,7.00,30.27,0.2119,4.72,734.0,86.0
18229,144.9,6.90,30.27,0.2089,4.79,734.0,86.0
18236,142.9,7.00,30.27,0.2119,4.72,734.0,86.0
18243,142.9,7.00,30.27,0.2119,4.72,734.0,86.0
18250,144.9,6.90,30.27,0.2089,4.79,734.0,86.0
18257,144.9,6.90,30.27,0.2089,4.79,734.0,86.0
18264,142.9,7.00,30.27,0.2119,4.72,734.0,86.0
18271,142.9,7.00,30.27,0.2119,4.72,734.0,86.0
18278,144.9,6.90,30.27,0.2089,4.79,734.0,86.0
18285,142.9,7.00,30.27,0.2119,4.72,734.0,86.0
18292,144.9,6.90,30.27,0.2089,4.79,734.0,86.0
18299,144.9,6.90,30.27,0.2089,4.79,734.0,86.0
18306,147.1,6.80,30.27,0.2058,4.86,734.0,86.0
18313,142.9,7.00,30.27,0.2119,4.72,734.0,86.0
18320,142.9,7.00,30.27,0.2119,4.72,734.0,86.0
18327,144.9,6.90,30.27,0.2089,4.79,734.0,86.0
18334,144.9,6.90,30.27,0.2089,4.79,734.0,86.0
18341,142.9,7.00,30.27,0.2119,4.72,734.0,86.0
18348,142.9,7.00,30.27,0.2119,4.72,734.0,86.0
18354,144.9,6.90,30.27,0.2089,4.79,734.0,86.0
18362,140.8,7.10,30.27,0.2149,4.65,734.0,86.0
18368,147.1,6.80,30.27,0.2058,4.86,734.0,86.0
18375,144.9,6.90,30.27,0.2089,4.79,734.0,86.0
18382,142.9,7.00,30.27,0.2119,4.72,734.0,86.0
18389,144.9,6.90,30.27,0.2089,4.79,734.0,86.0
18396,142.9,7.00,30.27,0.2119,4.72,734.0,86.0
18403,144.9,6.90,30.27,0.2089,4.79,734.0,86.0
18410,144.9,6.90,30.27,0.2089,4.79,734.0,86.0
18417,142.9,7.00,30.27,0.2119,4.72,734.0,86.0
18424,144.9,6.90,30.27,0.2089,4.79,734.0,86.0
18431,140.8,7.10,30.27,0.2149,4.65,734.0,86.0
18438,142.9,7.00,30.27,0.2119,4.72,734.0,86.0
18445,149.3,6.70,30.27,0.2028,4.93,734.0,86.0
18452,140.8,7.10,30.27,0.2149,4.65,734.0,86.0
18459,147.1,6.80,30.27,0.2058,4.86,734.0,86.0
18466,140.8,7.10,30.27,0.2149,4.65,734.0,86.0
18473,144.9,6.90,30.27,0.2089,4.79,734.0,86.0
18479,144.9,6.90,30.27,0.2089,4.79,734.0,86.0
18486,144.9,6.90,30.27,0.2089,4.79,734.0,86.0
18493,142.9,7.00,30.27,0.2119,4.72,734.0,86.0
18500,142.9,7.00,30.27,0.2119,4.72,734.0,86.0
18507,144.9,6.90,30.27,0.2089,4.79,734.0,86.0
18514,142.9,7.00,30.27,0.2119,4.72,734.0,86.0
18521,144.9,6.90,30.27,0.2089,4.79,734.0,86.0
18528,144.9,6.90,30.27,0.2089,4.79,734.0,86.0
18535,142.9,7.00,30.27,0.2119,4.72,734.0,86.0
18542,140.8,7.10,30.27,0.2149,4.65,734.0,86.0
18549,147.1,6.80,30.27,0.2058,4.86,734.0,86.0
18556,144.9,6.90,30.27,0.2089,4.79,734.0,86.0
18563,142.9,7.00,30.27,0.2119,4.72,734.0,86.0
18570,142.9,7.00,30.27,0.2119,4.72,734.0,86.0
18577,144.9,6.90,30.26,0.2088,4.79,734.0,86.0
18584,144.9,6.90,30.24,0.2087,4.79,734.0,86.0
18591,144.9,6.90,30.22,0.2085,4.80,734.0,86.0
18598,142.9,7.00,30.19,0.2113,4.73,734.0,86.0
18604,144.9,6.90,30.17,0.2082,4.80,734.0,86.0
18611,142.9,7.00,30.15,0.2110,4.74,734.0,86.0
18618,144.9,6.90,30.12,0.2078,4.81,734.0,86.0
18625,140.8,7.10,30.10,0.2137,4.68,734.0,86.0
18632,147.1,6.80,30.07,0.2045,4.89,734.0,86.0
18639,144.9,6.90,30.05,0.2074,4.82,734.0,86.0
18646,144.9,6.90,30.03,0.2072,4.83,734.0,86.0
18653,142.9,7.00,30.00,0.2100,4.76,734.0,86.0
18660,142.9,7.00,29.98,0.2099,4.77,734.0,86.0
18667,147.1,6.80,29.96,0.2037,4.91,734.0,86.0
18674,142.9,7.00,29.93,0.2095,4.77,734.0,86.0
18681,142.9,7.00,29.91,0.2093,4.78,734.0,86.0
18688,144.9,6.90,29.89,0.2062,4.85,734.0,86.0
18695,142.9,7.00,29.89,0.2092,4.78,734.0,86.0
18702,144.9,6.90,29.89,0.2062,4.85,734.0,86.0
18709,144.9,6.90,29.89,0.2062,4.85,734.0,86.0
18716,140.8,7.10,29.89,0.2122,4.71,734.0,86.0
18723,144.9,6.90,29.89,0.2062,4.85,734.0,86.0
18729,144.9,6.90,29.89,0.2062,4.85,734.0,86.0
18736,144.9,6.90,29.89,0.2062,4.85,734.0,86.0
18743,140.8,7.10,29.89,0.2122,4.71,734.0,86.0
18750,147.1,6.80,29.89,0.2033,4.92,734.0,86.0
18757,144.9,6.90,29.89,0.2062,4.85,734.0,86.0
18764,140.8,7.10,29.89,0.2122,4.71,734.0,86.0
18771,144.9,6.90,29.89,0.2062,4.85,734.0,86.0
18778,142.9,7.00,29.89,0.2092,4.78,734.0,86.0
18785,144.9,6.90,29.89,0.2062,4.85,734.0,86.0
18792,147.1,6.80,29.89,0.2033,4.92,734.0,86.0
18799,142.9,7.00,29.89,0.2092,4.78,734.0,86.0
18806,142.9,7.00,29.89,0.2092,4.78,734.0,86.0
18813,144.9,6.90,29.89,0.2062,4.85,734.0,86.0
18820,144.9,6.90,29.89,0.2062,4.85,734.0,86.0
18827,142.9,7.00,29.89,0.2092,4.78,734.0,86.0
18834,142.9,7.00,29.89,0.2092,4.78,734.0,86.0
18841,144.9,6.90,29.89,0.2062,4.85,734.0,86.0
18847,144.9,6.90,29.89,0.2062,4.85,734.0,86.0
18854,142.9,7.00,29.89,0.2092,4.78,734.0,86.0
18861,142.9,7.00,29.89,0.2092,4.78,734.0,86.0
18869,140.8,7.10,29.89,0.2122,4.71,734.0,86.0
18875,149.3,6.70,29.89,0.2003,4.99,734.0,86.0
18882,140.8,7.10,29.89,0.2122,4.71,734.0,86.0
18889,147.1,6.80,29.89,0.2033,4.92,734.0,86.0
18896,142.9,7.00,29.89,0.2092,4.78,734.0,86.0
18903,140.8,7.10,29.89,0.2122,4.71,734.0,86.0
18910,147.1,6.80,29.89,0.2033,4.92,734.0,86.0
18917,142.9,7.00,29.89,0.2092,4.78,734.0,86.0
18924,144.9,6.90,29.89,0.2062,4.85,734.0,86.0
18931,144.9,6.90,29.89,0.2062,4.85,734.0,86.0
18938,140.8,7.10,29.89,0.2122,4.71,734.0,86.0
18945,144.9,6.90,29.89,0.2062,4.85,734.0,86.0
18952,147.1,6.80,29.89,0.2033,4.92,734.0,86.0
18959,144.9,6.90,29.89,0.2062,4.85,734.0,86.0
18966,140.8,7.10,29.89,0.2122,4.71,734.0,86.0
18973,144.9,6.90,29.89,0.2062,4.85,734.0,86.0
18979,144.9,6.90,29.89,0.2062,4.85,734.0,86.0
18986,144.9,6.90,29.89,0.2062,4.85,734.0,86.0
18993,142.9,7.00,29.89,0.2092,4.78,734.0,86.0
19000,144.9,6.90,29.89,0.2062,4.85,734.0,86.0
19007,142.9,7.00,29.89,0.2092,4.78,734.0,86.0
19014,140.8,7.10,29.89,0.2122,4.71,734.0,86.0
19021,147.1,6.80,29.86,0.2031,4.93,734.0,86.0
19028,142.9,7.00,29.84,0.2089,4.79,734.0,86.0
19035,147.1,6.80,29.81,0.2027,4.93,734.0,86.0
19042,142.9,7.00,29.79,0.2085,4.80,734.0,86.0
19049,144.9,6.90,29.76,0.2054,4.87,734.0,86.0
19056,142.9,7.00,29.74,0.2082,4.81,734.0,86.0
19063,144.9,6.90,29.71,0.2050,4.88,734.0,86.0
19070,142.9,7.00,29.69,0.2078,4.81,734.0,86.0
19077,144.9,6.90,29.66,0.2047,4.88,734.0,86.0
19084,142.9,7.00,29.64,0.2075,4.82,734.0,86.0
19091,144.9,6.90,29.61,0.2043,4.89,734.0,86.0
19097,144.9,6.90,29.59,0.2042,4.90,734.0,86.0
19104,142.9,7.00,29.57,0.2070,4.83,734.0,86.0
19111,144.9,6.90,29.54,0.2038,4.90,734.0,86.0
19118,144.9,6.90,29.52,0.2037,4.91,734.0,86.0
19125,142.9,7.00,29.50,0.2065,4.84,734.0,86.0
19132,144.9,6.90,29.50,0.2036,4.91,734.0,86.0
19139,142.9,7.00,29.50,0.2065,4.84,734.0,86.0
19146,144.9,6.90,29.50,0.2036,4.91,734.0,86.0
19153,142.9,7.00,29.50,0.2065,4.84,734.0,86.0
19160,140.8,7.10,29.50,0.2094,4.77,734.0,86.0
19167,147.1,6.80,29.50,0.2006,4.99,734.0,86.0
19174,144.9,6.90,29.50,0.2036,4.91,734.0,86.0
19181,144.9,6.90,29.50,0.2036,4.91,734.0,86.0
19188,138.9,7.20,29.50,0.2124,4.71,734.0,86.0
19195,147.1,6.80,29.50,0.2006,4.99,734.0,86.0
19202,144.9,6.90,29.50,0.2036,4.91,734.0,86.0
19209,142.9,7.00,29.50,0.2065,4.84,734.0,86.0
19216,144.9,6.90,29.50,0.2036,4.91,734.0,86.0
19222,144.9,6.90,29.50,0.2036,4.91,734.0,86.0
19230,140.8,7.10,29.50,0.2094,4.77,734.0,86.0
19236,147.1,6.80,29.50,0.2006,4.99,734.0,86.0
19243,142.9,7.00,29.50,0.2065,4.84,734.0,86.0
19250,144.9,6.90,29.50,0.2036,4.91,734.0,86.0
19257,144.9,6.90,29.50,0.2036,4.91,734.0,86.0
19264,144.9,6.90,29.50,0.2036,4.91,734.0,86.0
19271,140.8,7.10,29.50,0.2094,4.77,734.0,86.0
19278,144.9,6.90,29.50,0.2036,4.91,734.0,86.0
19285,142.9,7.00,29.50,0.2065,4.84,734.0,86.0
19292,142.9,7.00,29.50,0.2065,4.84,734.0,86.0
19299,144.9,6.90,29.50,0.2036,4.91,734.0,86.0
19306,144.9,6.90,29.50,0.2036,4.91,734.0,86.0
19313,144.9,6.90,29.50,0.2036,4.91,734.0,86.0
19320,142.9,7.00,29.50,0.2065,4.84,734.0,86.0
19327,144.9,6.90,29.50,0.2036,4.91,734.0,86.0
19334,140.8,7.10,29.50,0.2094,4.77,734.0,86.0
19341,147.1,6.80,29.50,0.2006,4.99,734.0,86.0
19347,144.9,6.90,29.50,0.2036,4.91,734.0,86.0
19355,140.8,7.10,29.50,0.2094,4.77,734.0,86.0
19361,144.9,6.90,29.50,0.2036,4.91,734.0,86.0
19368,144.9,6.90,29.50,0.2036,4.91,734.0,86.0
19375,144.9,6.90,29.50,0.2036,4.91,734.0,86.0
19382,142.9,7.00,29.50,0.2065,4.84,734.0,86.0
19389,144.9,6.90,29.50,0.2036,4.91,734.0,86.0
19396,144.9,6.90,29.50,0.2036,4.91,734.0,86.0
19403,142.9,7.00,29.50,0.2065,4.84,734.0,86.0
19410,144.9,6.90,29.50,0.2036,4.91,734.0,86.0
19417,142.9,7.00,29.50,0.2065,4.84,734.0,86.0
19424,144.9,6.90,29.50,0.2036,4.91,734.0,86.0
19431,142.9,7.00,29.50,0.2065,4.84,734.0,86.0
19438,144.9,6.90,29.50,0.2036,4.91,734.0,86.0
19445,144.9,6.90,29.50,0.2036,4.91,734.0,86.0
19452,140.8,7.10,29.50,0.2094,4.77,734.0,86.0
19459,147.1,6.80,29.50,0.2006,4.99,734.0,86.0
19466,140.8,7.10,29.50,0.2094,4.77,734.0,86.0
19472,147.1,6.80,29.50,0.2006,4.99,734.0,86.0
19479,142.9,7.00,29.50,0.2065,4.84,734.0,86.0
19486,144.9,6.90,29.50,0.2036,4.91,734.0,86.0
19493,142.9,7.00,29.50,0.2065,4.84,734.0,86.0
19500,144.9,6.90,29.50,0.2036,4.91,734.0,86.0
19507,142.9,7.00,29.50,0.2065,4.84,734.0,86.0
19514,144.9,6.90,29.50,0.2036,4.91,734.0,86.0
19521,140.8,7.10,29.50,0.2094,4.77,734.0,86.0
19528,147.1,6.80,29.50,0.2006,4.99,734.0,86.0
19535,144.9,6.90,29.50,0.2036,4.91,734.0,86.0
19542,142.9,7.00,29.50,0.2065,4.84,734.0,86.0
19549,142.9,7.00,29.50,0.2065,4.84,734.0,86.0
19556,147.1,6.80,29.50,0.2006,4.99,734.0,86.0
19563,142.9,7.00,29.50,0.2065,4.84,734.0,86.0
19570,142.9,7.00,29.50,0.2065,4.84,734.0,86.0
19577,144.9,6.90,29.50,0.2036,4.91,734.0,86.0
19584,144.9,6.90,29.51,0.2036,4.91,734.0,86.0
19591,142.9,7.00,29.51,0.2066,4.84,734.0,86.0
19598,142.9,7.00,29.51,0.2066,4.84,734.0,86.0
19604,144.9,6.90,29.51,0.2037,4.91,734.0,86.0
19611,144.9,6.90,29.52,0.2037,4.91,734.0,86.0
19618,142.9,7.00,29.52,0.2066,4.84,734.0,86.0
19625,144.9,6.90,29.52,0.2037,4.91,734.0,86.0
19632,142.9,7.00,29.52,0.2067,4.84,734.0,86.0
19639,144.9,6.90,29.53,0.2037,4.91,734.0,86.0
19646,140.8,7.10,29.53,0.2097,4.77,734.0,86.0
19653,144.9,6.90,29.53,0.2038,4.91,734.0,86.0
19660,144.9,6.90,29.54,0.2038,4.91,734.0,86.0
19667,144.9,6.90,29.54,0.2038,4.91,734.0,86.0
19674,144.9,6.90,29.54,0.2038,4.91,734.0,86.0
19681,142.9,7.00,29.54,0.2068,4.84,734.0,86.0
19688,147.1,6.80,29.54,0.2009,4.98,734.0,86.0
19695,140.8,7.10,29.54,0.2097,4.77,734.0,86.0
19702,144.9,6.90,29.54,0.2038,4.91,734.0,86.0
19709,144.9,6.90,29.54,0.2038,4.91,734.0,86.0
19716,142.9,7.00,29.54,0.2068,4.84,734.0,86.0
19723,142.9,7.00,29.54,0.2068,4.84,734.0,86.0
19729,144.9,6.90,29.54,0.2038,4.91,734.0,86.0
19736,144.9,6.90,29.54,0.2038,4.91,734.0,86.0
19743,144.9,6.90,29.54,0.2038,4.91,734.0,86.0
19750,138.9,7.20,29.54,0.2127,4.70,734.0,86.0
19757,149.3,6.70,29.54,0.1979,5.05,734.0,86.0
19764,142.9,7.00,29.54,0.2068,4.84,734.0,86.0
19771,142.9,7.00,29.54,0.2068,4.84,734.0,86.0
19778,144.9,6.90,29.54,0.2038,4.91,734.0,86.0
19785,142.9,7.00,29.54,0.2068,4.84,734.0,86.0
19792,147.1,6.80,29.54,0.2009,4.98,734.0,86.0
19799,140.8,7.10,29.54,0.2097,4.77,734.0,86.0
19806,147.1,6.80,29.54,0.2009,4.98,734.0,86.0
19813,140.8,7.10,29.54,0.2097,4.77,734.0,86.0
19820,144.9,6.90,29.54,0.2038,4.91,734.0,86.0
19827,142.9,7.00,29.54,0.2068,4.84,734.0,86.0
19834,147.1,6.80,29.54,0.2009,4.98,734.0,86.0
19840,144.9,6.90,29.54,0.2038,4.91,734.0,86.0
19847,142.9,7.00,29.54,0.2068,4.84,734.0,86.0
19854,142.9,7.00,29.54,0.2068,4.84,734.0,86.0
19861,142.9,7.00,29.54,0.2068,4.84,734.0,86.0
19868,142.9,7.00,29.54,0.2068,4.84,734.0,86.0
19875,147.1,6.80,29.54,0.2009,4.98,734.0,86.0
19882,142.9,7.00,29.54,0.2068,4.84,734.0,86.0
19889,142.9,7.00,29.54,0.2068,4.84,734.0,86.0
19896,144.9,6.90,29.54,0.2038,4.91,734.0,86.0
19903,144.9,6.90,29.54,0.2038,4.91,734.0,86.0
19910,144.9,6.90,29.54,0.2038,4.91,734.0,86.0
19917,144.9,6.90,29.54,0.2038,4.91,734.0,86.0
19924,144.9,6.90,29.54,0.2038,4.91,734.0,86.0
19931,140.8,7.10,29.54,0.2097,4.77,734.0,86.0
19938,144.9,6.90,29.54,0.2038,4.91,734.0,86.0
19945,144.9,6.90,29.54,0.2038,4.91,734.0,86.0
19952,142.9,7.00,29.54,0.2068,4.84,734.0,86.0
19959,144.9,6.90,29.54,0.2038,4.91,734.0,86.0
19966,142.9,7.00,29.54,0.2068,4.84,734.0,86.0
19972,144.9,6.90,29.54,0.2038,4.91,734.0,86.0
19979,144.9,6.90,29.54,0.2038,4.91,734.0,86.0
19986,142.9,7.00,29.54,0.2068,4.84,734.0,86.0
19993,144.9,6.90,29.54,0.2038,4.91,734.0,86.0
20000,142.9,7.00,29.54,0.2068,4.84,734.0,86.0
20007,144.9,6.90,29.55,0.2039,4.90,734.0,86.0
20014,142.9,7.00,29.55,0.2069,4.84,734.0,86.0
20021,144.9,6.90,29.56,0.2040,4.90,734.0,86.0
20028,142.9,7.00,29.57,0.2070,4.83,734.0,86.0
20035,144.9,6.90,29.58,0.2041,4.90,734.0,86.0
20042,140.8,7.10,29.59,0.2101,4.76,734.0,86.0
20049,147.1,6.80,29.60,0.2012,4.97,734.0,86.0
20056,144.9,6.90,29.60,0.2043,4.89,734.0,86.0
20063,144.9,6.90,29.61,0.2043,4.89,734.0,86.0
20070,142.9,7.00,29.62,0.2073,4.82,734.0,86.0
20077,147.1,6.80,29.63,0.2015,4.96,734.0,86.0
20084,140.8,7.10,29.64,0.2104,4.75,734.0,86.0
20091,144.9,6.90,29.64,0.2045,4.89,734.0,86.0
20098,142.9,7.00,29.65,0.2076,4.82,734.0,86.0
20104,144.9,6.90,29.66,0.2047,4.89,734.0,86.0
20111,142.9,7.00,29.67,0.2077,4.82,734.0,86.0
20118,144.9,6.90,29.67,0.2047,4.88,734.0,86.0
20125,144.9,6.90,29.67,0.2047,4.88,734.0,86.0
20132,142.9,7.00,29.67,0.2077,4.82,734.0,86.0
20139,144.9,6.90,29.67,0.2047,4.88,734.0,86.0
20146,144.9,6.90,29.67,0.2047,4.88,734.0,86.0
20153,142.9,7.00,29.67,0.2077,4.82,734.0,86.0
20160,142.9,7.00,29.67,0.2077,4.82,734.0,86.0
20167,144.9,6.90,29.67,0.2047,4.88,734.0,86.0
20174,142.9,7.00,29.67,0.2077,4.82,734.0,86.0
20181,144.9,6.90,29.67,0.2047,4.88,734.0,86.0
20188,142.9,7.00,29.67,0.2077,4.82,734.0,86.0
20195,147.1,6.80,29.67,0.2018,4.96,734.0,86.0
20202,142.9,7.00,29.67,0.2077,4.82,734.0,86.0
20209,144.9,6.90,29.67,0.2047,4.88,734.0,86.0
20216,142.9,7.00,29.67,0.2077,4.82,734.0,86.0
20222,144.9,6.90,29.67,0.2047,4.88,734.0,86.0
20229,142.9,7.00,29.67,0.2077,4.82,734.0,86.0
20236,144.9,6.90,29.67,0.2047,4.88,734.0,86.0
20243,142.9,7.00,29.67,0.2077,4.82,734.0,86.0
20250,144.9,6.90,29.67,0.2047,4.88,734.0,86.0
20257,142.9,7.00,29.67,0.2077,4.82,734.0,86.0
20264,144.9,6.90,29.67,0.2047,4.88,734.0,86.0
20271,142.9,7.00,29.67,0.2077,4.82,734.0,86.0
20278,144.9,6.90,29.67,0.2047,4.88,734.0,86.0
20285,142.9,7.00,29.67,0.2077,4.82,734.0,86.0
20292,142.9,7.00,29.67,0.2077,4.82,734.0,86.0
20299,147.1,6.80,29.67,0.2018,4.96,734.0,86.0
20306,142.9,7.00,29.67,0.2077,4.82,734.0,86.0
20313,144.9,6.90,29.67,0.2047,4.88,734.0,86.0
20320,144.9,6.90,29.67,0.2047,4.88,734.0,86.0
20327,142.9,7.00,29.67,0.2077,4.82,734.0,86.0
20334,144.9,6.90,29.67,0.2047,4.88,734.0,86.0
20341,140.8,7.10,29.67,0.2107,4.75,734.0,86.0
20347,147.1,6.80,29.67,0.2018,4.96,734.0,86.0
20354,142.9,7.00,29.67,0.2077,4.82,734.0,86.0
20361,144.9,6.90,29.67,0.2047,4.88,734.0,86.0
20368,142.9,7.00,29.67,0.2077,4.82,734.0,86.0
20375,144.9,6.90,29.67,0.2047,4.88,734.0,86.0
20382,144.9,6.90,29.67,0.2047,4.88,734.0,86.0
20389,144.9,6.90,29.67,0.2047,4.88,734.0,86.0
20396,140.8,7.10,29.67,0.2107,4.75,734.0,86.0
20403,144.9,6.90,29.67,0.2047,4.88,734.0,86.0
20410,144.9,6.90,29.67,0.2047,4.88,734.0,86.0
20417,142.9,7.00,29.67,0.2077,4.82,734.0,86.0
20424,144.9,6.90,29.67,0.2047,4.88,734.0,86.0
20431,144.9,6.90,29.67,0.2047,4.88,734.0,86.0
20438,142.9,7.00,29.67,0.2077,4.82,734.0,86.0
20445,142.9,7.00,29.67,0.2077,4.82,734.0,86.0
20452,144.9,6.90,29.67,0.2047,4.88,734.0,86.0
20459,142.9,7.00,29.67,0.2077,4.82,734.0,86.0
20465,147.1,6.80,29.67,0.2018,4.96,734.0,86.0
20472,142.9,7.00,29.67,0.2077,4.82,734.0,86.0
20479,142.9,7.00,29.67,0.2077,4.82,734.0,86.0
20486,144.9,6.90,29.67,0.2047,4.88,734.0,86.0
20493,142.9,7.00,29.67,0.2077,4.82,734.0,86.0
20500,142.9,7.00,29.67,0.2077,4.82,734.0,86.0
20507,147.1,6.80,29.67,0.2018,4.96,734.0,86.0
20514,142.9,7.00,29.67,0.2077,4.82,734.0,86.0
20521,147.1,6.80,29.67,0.2018,4.96,734.0,86.0
20528,140.8,7.10,29.67,0.2107,4.75,734.0,86.0
20535,142.9,7.00,29.67,0.2077,4.82,734.0,86.0
20542,144.9,6.90,29.67,0.2047,4.88,734.0,86.0
20549,144.9,6.90,29.67,0.2047,4.88,734.0,86.0
20556,144.9,6.90,29.67,0.2047,4.88,734.0,86.0
20563,142.9,7.00,29.65,0.2076,4.82,734.0,86.0
20570,144.9,6.90,29.64,0.2045,4.89,734.0,86.0
20577,142.9,7.00,29.63,0.2074,4.82,734.0,86.0
20584,144.9,6.90,29.62,0.2044,4.89,734.0,86.0
20591,142.9,7.00,29.60,0.2072,4.83,734.0,86.0
20597,144.9,6.90,29.59,0.2042,4.90,734.0,86.0
20604,142.9,7.00,29.58,0.2071,4.83,734.0,86.0
20611,144.9,6.90,29.57,0.2040,4.90,734.0,86.0
20618,147.1,6.80,29.56,0.2010,4.98,734.0,86.0
20625,140.8,7.10,29.55,0.2098,4.77,734.0,86.0
20632,147.1,6.80,29.53,0.2008,4.98,734.0,86.0
20639,140.8,7.10,29.52,0.2096,4.77,734.0,86.0
20646,144.9,6.90,29.51,0.2036,4.91,734.0,86.0
20653,142.9,7.00,29.50,0.2065,4.84,734.0,86.0
20660,144.9,6.90,29.48,0.2034,4.91,734.0,86.0
20667,142.9,7.00,29.48,0.2064,4.85,734.0,86.0
20674,142.9,7.00,29.48,0.2064,4.85,734.0,86.0
20681,142.9,7.00,29.48,0.2064,4.85,734.0,86.0
20688,147.1,6.80,29.48,0.2005,4.99,734.0,86.0
20695,142.9,7.00,29.48,0.2064,4.85,734.0,86.0
20702,147.1,6.80,29.48,0.2005,4.99,734.0,86.0
20709,142.9,7.00,29.48,0.2064,4.85,734.0,86.0
20716,142.9,7.00,29.48,0.2064,4.85,734.0,86.0
20722,144.9,6.90,29.48,0.2034,4.92,734.0,86.0
20729,142.9,7.00,29.48,0.2064,4.85,734.0,86.0
20736,144.9,6.90,29.48,0.2034,4.92,734.0,86.0
20743,144.9,6.90,29.48,0.2034,4.92,734.0,86.0
20750,142.9,7.00,29.48,0.2064,4.85,734.0,86.0
20757,144.9,6.90,29.48,0.2034,4.92,734.0,86.0
20764,142.9,7.00,29.48,0.2064,4.85,734.0,86.0
20771,147.1,6.80,29.48,0.2005,4.99,734.0,86.0
20778,140.8,7.10,29.48,0.2093,4.78,734.0,86.0
20785,144.9,6.90,29.48,0.2034,4.92,734.0,86.0
20792,142.9,7.00,29.48,0.2064,4.85,734.0,86.0
20799,147.1,6.80,29.48,0.2005,4.99,734.0,86.0
20806,140.8,7.10,29.48,0.2093,4.78,734.0,86.0
20813,147.1,6.80,29.48,0.2005,4.99,734.0,86.0
20820,142.9,7.00,29.48,0.2064,4.85,734.0,86.0
20827,144.9,6.90,29.48,0.2034,4.92,734.0,86.0
20834,142.9,7.00,29.48,0.2064,4.85,734.0,86.0
20840,144.9,6.90,29.48,0.2034,4.92,734.0,86.0
20847,144.9,6.90,29.48,0.2034,4.92,734.0,86.0
20854,142.9,7.00,29.48,0.2064,4.85,734.0,86.0
20861,142.9,7.00,29.48,0.2064,4.85,734.0,86.0
20868,140.8,7.10,29.48,0.2093,4.78,734.0,86.0
20875,144.9,6.90,29.48,0.2034,4.92,734.0,86.0
20882,147.1,6.80,29.48,0.2005,4.99,734.0,86.0
20889,144.9,6.90,29.48,0.2034,4.92,734.0,86.0
20896,142.9,7.00,29.48,0.2064,4.85,734.0,86.0
20903,142.9,7.00,29.48,0.2064,4.85,734.0,86.0
20910,144.9,6.90,29.48,0.2034,4.92,734.0,86.0
20917,142.9,7.00,29.48,0.2064,4.85,734.0,86.0
20924,144.9,6.90,29.48,0.2034,4.92,734.0,86.0
20931,142.9,7.00,29.48,0.2064,4.85,734.0,86.0
20938,142.9,7.00,29.48,0.2064,4.85,734.0,86.0
20945,144.9,6.90,29.48,0.2034,4.92,734.0,86.0
20952,147.1,6.80,29.48,0.2005,4.99,734.0,86.0
20958,144.9,6.90,29.48,0.2034,4.92,734.0,86.0
20965,142.9,7.00,29.48,0.2064,4.85,734.0,86.0
20973,140.8,7.10,29.48,0.2093,4.78,734.0,86.0
20979,147.1,6.80,29.48,0.2005,4.99,734.0,86.0
20986,140.8,7.10,29.48,0.2093,4.78,734.0,86.0
20993,147.1,6.80,29.48,0.2005,4.99,734.0,86.0
21000,142.9,7.00,29.48,0.2064,4.85,734.0,86.0
21007,144.9,6.90,29.48,0.2034,4.92,734.0,86.0
21014,142.9,7.00,29.48,0.2064,4.85,734.0,86.0
21021,142.9,7.00,29.48,0.2064,4.85,734.0,86.0
21028,147.1,6.80,29.48,0.2005,4.99,734.0,86.0
21035,140.8,7.10,29.48,0.2093,4.78,734.0,86.0
21042,147.1,6.80,29.48,0.2005,4.99,734.0,86.0
21049,144.9,6.90,29.48,0.2034,4.92,734.0,86.0
21056,140.8,7.10,29.48,0.2093,4.78,734.0,86.0
21063,144.9,6.90,29.48,0.2034,4.92,734.0,86.0
21070,144.9,6.90,29.48,0.2034,4.92,734.0,86.0
21077,140.8,7.10,29.48,0.2093,4.78,734.0,86.0
21083,149.3,6.70,29.48,0.1975,5.06,734.0,86.0
21091,140.8,7.10,29.48,0.2093,4.78,734.0,86.0
21097,144.9,6.90,29.48,0.2034,4.92,734.0,86.0
21104,144.9,6.90,29.48,0.2034,4.92,734.0,86.0
21111,142.9,7.00,29.47,0.2063,4.85,734.0,86.0
21118,142.9,7.00,29.46,0.2063,4.85,734.0,86.0
21125,144.9,6.90,29.46,0.2033,4.92,734.0,86.0
21132,147.1,6.80,29.45,0.2003,4.99,734.0,86.0
21139,140.8,7.10,29.45,0.2091,4.78,734.0,86.0
21146,144.9,6.90,29.44,0.2031,4.92,734.0,86.0
21153,144.9,6.90,29.44,0.2031,4.92,734.0,86.0
21160,144.9,6.90,29.43,0.2031,4.92,734.0,86.0
21167,142.9,7.00,29.42,0.2060,4.86,734.0,86.0
21174,142.9,7.00,29.42,0.2059,4.86,734.0,86.0
21181,147.1,6.80,29.41,0.2000,5.00,734.0,86.0
21188,140.8,7.10,29.41,0.2088,4.79,734.0,86.0
21195,142.9,7.00,29.40,0.2058,4.86,734.0,86.0
21202,144.9,6.90,29.40,0.2028,4.93,734.0,86.0
21209,144.9,6.90,29.39,0.2028,4.93,734.0,86.0
21216,140.8,7.10,29.39,0.2087,4.79,734.0,86.0
21223,142.9,7.00,29.39,0.2057,4.86,734.0,86.0
21229,149.3,6.70,29.39,0.1969,5.08,734.0,86.0
21236,140.8,7.10,29.39,0.2087,4.79,734.0,86.0
21243,144.9,6.90,29.39,0.2028,4.93,734.0,86.0
21250,144.9,6.90,29.39,0.2028,4.93,734.0,86.0
21257,144.9,6.90,29.39,0.2028,4.93,734.0,86.0
21264,142.9,7.00,29.39,0.2057,4.86,734.0,86.0
21271,144.9,6.90,29.39,0.2028,4.93,734.0,86.0
21278,142.9,7.00,29.39,0.2057,4.86,734.0,86.0
21285,147.1,6.80,29.39,0.1999,5.01,734.0,86.0
21292,140.8,7.10,29.39,0.2087,4.79,734.0,86.0
21299,144.9,6.90,29.39,0.2028,4.93,734.0,86.0
21306,144.9,6.90,29.39,0.2028,4.93,734.0,86.0
21313,142.9,7.00,29.39,0.2057,4.86,734.0,86.0
21320,144.9,6.90,29.39,0.2028,4.93,734.0,86.0
21327,142.9,7.00,29.39,0.2057,4.86,734.0,86.0
21334,144.9,6.90,29.39,0.2028,4.93,734.0,86.0
21341,142.9,7.00,29.39,0.2057,4.86,734.0,86.0
21347,144.9,6.90,29.39,0.2028,4.93,734.0,86.0
21354,142.9,7.00,29.39,0.2057,4.86,734.0,86.0
21361,144.9,6.90,29.39,0.2028,4.93,734.0,86.0
21368,142.9,7.00,29.39,0.2057,4.86,734.0,86.0
21375,147.1,6.80,29.39,0.1999,5.01,734.0,86.0
21382,142.9,7.00,29.39,0.2057,4.86,734.0,86.0
21389,144.9,6.90,29.39,0.2028,4.93,734.0,86.0
21396,144.9,6.90,29.39,0.2028,4.93,734.0,86.0
21403,140.8,7.10,29.39,0.2087,4.79,734.0,86.0
21410,144.9,6.90,29.39,0.2028,4.93,734.0,86.0
21417,144.9,6.90,29.39,0.2028,4.93,734.0,86.0
21424,142.9,7.00,29.39,0.2057,4.86,734.0,86.0
21431,144.9,6.90,29.39,0.2028,4.93,734.0,86.0
21438,144.9,6.90,29.39,0.2028,4.93,734.0,86.0
21445,142.9,7.00,29.39,0.2057,4.86,734.0,86.0
21452,142.9,7.00,29.39,0.2057,4.86,734.0,86.0
21459,144.9,6.90,29.39,0.2028,4.93,734.0,86.0
21465,144.9,6.90,29.39,0.2028,4.93,734.0,86.0
21472,142.9,7.00,29.39,0.2057,4.86,734.0,86.0
21479,144.9,6.90,29.39,0.2028,4.93,734.0,86.0
21486,142.9,7.00,29.39,0.2057,4.86,734.0,86.0
21493,144.9,6.90,29.39,0.2028,4.93,734.0,86.0
21500,142.9,7.00,29.39,0.2057,4.86,734.0,86.0
21507,142.9,7.00,29.39,0.2057,4.86,734.0,86.0
21514,144.9,6.90,29.39,0.2028,4.93,734.0,86.0
21521,144.9,6.90,29.39,0.2028,4.93,734.0,86.0
21528,142.9,7.00,29.39,0.2057,4.86,734.0,86.0
21535,144.9,6.90,29.39,0.2028,4.93,734.0,86.0
21542,144.9,6.90,29.40,0.2029,4.93,734.0,86.0
21549,142.9,7.00,29.41,0.2059,4.86,734.0,86.0
21556,142.9,7.00,29.42,0.2059,4.86,734.0,86.0
21563,144.9,6.90,29.43,0.2030,4.92,734.0,86.0
21570,142.9,7.00,29.43,0.2060,4.85,734.0,86.0
21579,105.3,9.50,29.45,0.2797,3.58,734.0,86.0
21584,227.3,4.40,29.45,0.1296,7.72,734.0,86.0
21590,147.1,6.80,29.46,0.2003,4.99,734.0,86.0
21597,142.9,7.00,29.47,0.2063,4.85,734.0,86.0
21604,142.9,7.00,29.48,0.2064,4.85,734.0,86.0
21611,144.9,6.90,29.49,0.2035,4.91,734.0,86.0
21618,142.9,7.00,29.50,0.2065,4.84,734.0,86.0
21625,144.9,6.90,29.51,0.2036,4.91,734.0,86.0
21632,142.9,7.00,29.51,0.2066,4.84,734.0,86.0
21639,144.9,6.90,29.52,0.2037,4.91,734.0,86.0
21646,144.9,6.90,29.53,0.2038,4.91,734.0,86.0
21653,140.8,7.10,29.53,0.2097,4.77,734.0,86.0
21660,149.3,6.70,29.53,0.1979,5.06,734.0,86.0
21667,142.9,7.00,29.53,0.2067,4.84,734.0,86.0
21674,142.9,7.00,29.53,0.2067,4.84,734.0,86.0
21681,144.9,6.90,29.53,0.2038,4.91,734.0,86.0
21688,142.9,7.00,29.53,0.2067,4.84,734.0,86.0
21695,144.9,6.90,29.53,0.2038,4.91,734.0,86.0
21702,142.9,7.00,29.53,0.2067,4.84,734.0,86.0
21709,142.9,7.00,29.53,0.2067,4.84,734.0,86.0
21716,144.9,6.90,29.53,0.2038,4.91,734.0,86.0
21723,142.9,7.00,29.53,0.2067,4.84,734.0,86.0
21729,144.9,6.90,29.53,0.2038,4.91,734.0,86.0
21736,144.9,6.90,29.53,0.2038,4.91,734.0,86.0
21743,144.9,6.90,29.53,0.2038,4.91,734.0,86.0
21750,142.9,7.00,29.53,0.2067,4.84,734.0,86.0
21757,142.9,7.00,29.53,0.2067,4.84,734.0,86.0
21764,142.9,7.00,29.53,0.2067,4.84,734.0,86.0
21771,144.9,6.90,29.53,0.2038,4.91,734.0,86.0
21778,144.9,6.90,29.53,0.2038,4.91,734.0,86.0
21785,144.9,6.90,29.53,0.2038,4.91,734.0,86.0
21792,144.9,6.90,29.53,0.2038,4.91,734.0,86.0
21799,142.9,7.00,29.53,0.2067,4.84,734.0,86.0
21806,144.9,6.90,29.53,0.2038,4.91,734.0,86.0
21813,144.9,6.90,29.53,0.2038,4.91,734.0,86.0
21820,142.9,7.00,29.53,0.2067,4.84,734.0,86.0
21827,142.9,7.00,29.53,0.2067,4.84,734.0,86.0
21833,147.1,6.80,29.53,0.2008,4.98,734.0,86.0
21841,140.8,7.10,29.53,0.2097,4.77,734.0,86.0
21847,144.9,6.90,29.53,0.2038,4.91,734.0,86.0
21854,144.9,6.90,29.53,0.2038,4.91,734.0,86.0
21861,144.9,6.90,29.53,0.2038,4.91,734.0,86.0
21868,140.8,7.10,29.53,0.2097,4.77,734.0,86.0
21875,147.1,6.80,29.53,0.2008,4.98,734.0,86.0
21882,142.9,7.00,29.53,0.2067,4.84,734.0,86.0
21889,142.9,7.00,29.53,0.2067,4.84,734.0,86.0
21896,144.9,6.90,29.53,0.2038,4.91,734.0,86.0
21903,144.9,6.90,29.53,0.2038,4.91,734.0,86.0
21910,142.9,7.00,29.53,0.2067,4.84,734.0,86.0
21917,142.9,7.00,29.53,0.2067,4.84,734.0,86.0
21924,142.9,7.00,29.53,0.2067,4.84,734.0,86.0
21931,147.1,6.80,29.53,0.2008,4.98,734.0,86.0
21938,142.9,7.00,29.53,0.2067,4.84,734.0,86.0
21945,147.1,6.80,29.53,0.2008,4.98,734.0,86.0
21952,142.9,7.00,29.53,0.2067,4.84,734.0,86.0
21959,144.9,6.90,29.53,0.2038,4.91,734.0,86.0
21966,144.9,6.90,29.53,0.2038,4.91,734.0,86.0
21972,144.9,6.90,29.53,0.2038,4.91,734.0,86.0
21979,142.9,7.00,29.53,0.2067,4.84,734.0,86.0
21986,142.9,7.00,29.53,0.2067,4.84,734.0,86.0
21993,147.1,6.80,29.53,0.2008,4.98,734.0,86.0
22000,142.9,7.00,29.53,0.2067,4.84,734.0,86.0
22007,144.9,6.90,29.53,0.2038,4.91,734.0,86.0
22014,142.9,7.00,29.53,0.2067,4.84,734.0,86.0
22021,144.9,6.90,29.53,0.2038,4.91,734.0,86.0
22028,142.9,7.00,29.53,0.2067,4.84,734.0,86.0
22035,147.1,6.80,29.53,0.2008,4.98,734.0,86.0
22042,140.8,7.10,29.53,0.2097,4.77,734.0,86.0
22049,144.9,6.90,29.53,0.2038,4.91,734.0,86.0
22056,142.9,7.00,29.53,0.2067,4.84,734.0,86.0
22063,147.1,6.80,29.53,0.2008,4.98,734.0,86.0
22070,144.9,6.90,29.53,0.2038,4.91,734.0,86.0
22077,144.9,6.90,29.53,0.2038,4.91,734.0,86.0
22083,144.9,6.90,29.53,0.2038,4.91,734.0,86.0
22091,140.8,7.10,29.52,0.2096,4.77,734.0,86.0
22097,147.1,6.80,29.51,0.2007,4.98,734.0,86.0
22104,142.9,7.00,29.50,0.2065,4.84,734.0,86.0
22111,142.9,7.00,29.49,0.2064,4.85,734.0,86.0
22118,144.9,6.90,29.47,0.2034,4.92,734.0,86.0
22125,142.9,7.00,29.46,0.2062,4.85,734.0,86.0
22132,142.9,7.00,29.45,0.2062,4.85,734.0,86.0
22139,149.3,6.70,29.44,0.1972,5.07,734.0,86.0
22146,140.8,7.10,29.43,0.2089,4.78,734.0,86.0
22153,140.8,7.10,29.42,0.2089,4.79,734.0,86.0
22160,144.9,6.90,29.40,0.2029,4.93,734.0,86.0
22167,144.9,6.90,29.39,0.2028,4.93,734.0,86.0
22174,142.9,7.00,29.38,0.2057,4.86,734.0,86.0
22181,144.9,6.90,29.37,0.2027,4.93,734.0,86.0
22188,144.9,6.90,29.36,0.2026,4.94,734.0,86.0
22195,144.9,6.90,29.35,0.2025,4.94,734.0,86.0
22202,142.9,7.00,29.35,0.2055,4.87,734.0,86.0
22209,142.9,7.00,29.35,0.2055,4.87,734.0,86.0
22215,147.1,6.80,29.35,0.1996,5.01,734.0,86.0
22222,142.9,7.00,29.35,0.2055,4.87,734.0,86.0
22229,142.9,7.00,29.35,0.2055,4.87,734.0,86.0
22236,142.9,7.00,29.35,0.2055,4.87,734.0,86.0
22243,144.9,6.90,29.35,0.2025,4.94,734.0,86.0
22250,144.9,6.90,29.35,0.2025,4.94,734.0,86.0
22257,144.9,6.90,29.35,0.2025,4.94,734.0,86.0
22264,142.9,7.00,29.35,0.2055,4.87,734.0,86.0
22271,142.9,7.00,29.35,0.2055,4.87,734.0,86.0
22278,147.1,6.80,29.35,0.1996,5.01,734.0,86.0
22285,142.9,7.00,29.35,0.2055,4.87,734.0,86.0
22292,144.9,6.90,29.35,0.2025,4.94,734.0,86.0
22299,144.9,6.90,29.35,0.2025,4.94,734.0,86.0
22306,140.8,7.10,29.35,0.2084,4.80,734.0,86.0
22313,144.9,6.90,29.35,0.2025,4.94,734.0,86.0
22320,144.9,6.90,29.35,0.2025,4.94,734.0,86.0
22327,140.8,7.10,29.35,0.2084,4.80,734.0,86.0
22334,147.1,6.80,29.35,0.1996,5.01,734.0,86.0
22341,142.9,7.00,29.35,0.2055,4.87,734.0,86.0
22347,144.9,6.90,29.35,0.2025,4.94,734.0,86.0
22354,142.9,7.00,29.35,0.2055,4.87,734.0,86.0
22361,142.9,7.00,29.35,0.2055,4.87,734.0,86.0
22368,147.1,6.80,29.35,0.1996,5.01,734.0,86.0
22375,142.9,7.00,29.35,0.2055,4.87,734.0,86.0
22382,144.9,6.90,29.35,0.2025,4.94,734.0,86.0
22389,142.9,7.00,29.35,0.2055,4.87,734.0,86.0
22396,144.9,6.90,29.35,0.2025,4.94,734.0,86.0
22403,144.9,6.90,29.35,0.2025,4.94,734.0,86.0
22410,140.8,7.10,29.35,0.2084,4.80,734.0,86.0
22417,144.9,6.90,29.35,0.2025,4.94,734.0,86.0
22424,144.9,6.90,29.35,0.2025,4.94,734.0,86.0
22431,144.9,6.90,29.35,0.2025,4.94,734.0,86.0
22438,142.9,7.00,29.35,0.2055,4.87,734.0,86.0
22445,144.9,6.90,29.35,0.2025,4.94,734.0,86.0
22452,142.9,7.00,29.35,0.2055,4.87,734.0,86.0
22459,144.9,6.90,29.35,0.2025,4.94,734.0,86.0
22466,138.9,7.20,29.35,0.2113,4.73,734.0,86.0
22472,151.5,6.60,29.35,0.1937,5.16,734.0,86.0
22479,142.9,7.00,29.35,0.2055,4.87,734.0,86.0
22486,144.9,6.90,29.35,0.2025,4.94,734.0,86.0
22493,144.9,6.90,29.35,0.2025,4.94,734.0,86.0
22501,131.6,7.60,29.35,0.2231,4.48,734.0,86.0
22507,158.7,6.30,29.35,0.1849,5.41,734.0,86.0
22514,144.9,6.90,29.35,0.2025,4.94,734.0,86.0
22521,140.8,7.10,29.35,0.2084,4.80,734.0,86.0
22528,144.9,6.90,29.34,0.2024,4.94,734.0,86.0
22535,142.9,7.00,29.32,0.2052,4.87,734.0,86.0
22542,144.9,6.90,29.30,0.2022,4.95,734.0,86.0
22549,140.8,7.10,29.28,0.2079,4.81,734.0,86.0
22556,142.9,7.00,29.27,0.2049,4.88,734.0,86.0
22563,149.3,6.70,29.25,0.1960,5.10,734.0,86.0
22570,142.9,7.00,29.23,0.2046,4.89,734.0,86.0
22577,142.9,7.00,29.21,0.2045,4.89,734.0,86.0
22584,142.9,7.00,29.19,0.2044,4.89,734.0,86.0
22590,147.1,6.80,29.18,0.1984,5.04,734.0,86.0
22597,144.9,6.90,29.16,0.2012,4.97,734.0,86.0
22604,142.9,7.00,29.14,0.2040,4.90,734.0,86.0
22611,147.1,6.80,29.12,0.1980,5.05,734.0,86.0
22618,142.9,7.00,29.11,0.2037,4.91,734.0,86.0
22625,140.8,7.10,29.09,0.2065,4.84,734.0,86.0
22632,142.9,7.00,29.07,0.2035,4.92,734.0,86.0
22639,147.1,6.80,29.07,0.1977,5.06,734.0,86.0
22646,144.9,6.90,29.07,0.2006,4.98,734.0,86.0
22653,142.9,7.00,29.07,0.2035,4.92,734.0,86.0
22660,142.9,7.00,29.07,0.2035,4.92,734.0,86.0
22667,144.9,6.90,29.07,0.2006,4.98,734.0,86.0
22674,142.9,7.00,29.07,0.2035,4.92,734.0,86.0
22681,144.9,6.90,29.07,0.2006,4.98,734.0,86.0
22688,144.9,6.90,29.07,0.2006,4.98,734.0,86.0
22695,142.9,7.00,29.07,0.2035,4.92,734.0,86.0
22702,142.9,7.00,29.07,0.2035,4.92,734.0,86.0
22709,144.9,6.90,29.07,0.2006,4.98,734.0,86.0
22715,144.9,6.90,29.07,0.2006,4.98,734.0,86.0
22722,144.9,6.90,29.07,0.2006,4.98,734.0,86.0
22729,144.9,6.90,29.07,0.2006,4.98,734.0,86.0
22736,142.9,7.00,29.07,0.2035,4.92,734.0,86.0
22743,142.9,7.00,29.07,0.2035,4.92,734.0,86.0
22750,144.9,6.90,29.07,0.2006,4.98,734.0,86.0
22757,144.9,6.90,29.07,0.2006,4.98,734.0,86.0
22764,142.9,7.00,29.07,0.2035,4.92,734.0,86.0
22771,142.9,7.00,29.07,0.2035,4.92,734.0,86.0
22778,142.9,7.00,29.07,0.2035,4.92,734.0,86.0
22785,144.9,6.90,29.07,0.2006,4.98,734.0,86.0
22792,144.9,6.90,29.07,0.2006,4.98,734.0,86.0
22799,142.9,7.00,29.07,0.2035,4.92,734.0,86.0
22806,144.9,6.90,29.07,0.2006,4.98,734.0,86.0
22813,142.9,7.00,29.07,0.2035,4.92,734.0,86.0
22820,142.9,7.00,29.07,0.2035,4.92,734.0,86.0
22827,144.9,6.90,29.07,0.2006,4.98,734.0,86.0
22833,147.1,6.80,29.07,0.1977,5.06,734.0,86.0
22840,142.9,7.00,29.07,0.2035,4.92,734.0,86.0
22847,142.9,7.00,29.07,0.2035,4.92,734.0,86.0
22854,144.9,6.90,29.07,0.2006,4.98,734.0,86.0
22861,144.9,6.90,29.07,0.2006,4.98,734.0,86.0
22868,142.9,7.00,29.07,0.2035,4.92,734.0,86.0
22875,144.9,6.90,29.07,0.2006,4.98,734.0,86.0
22882,142.9,7.00,29.07,0.2035,4.92,734.0,86.0
22889,147.1,6.80,29.07,0.1977,5.06,734.0,86.0
22896,142.9,7.00,29.07,0.2035,4.92,734.0,86.0
22903,144.9,6.90,29.07,0.2006,4.98,734.0,86.0
22910,140.8,7.10,29.07,0.2064,4.84,734.0,86.0
22917,144.9,6.90,29.07,0.2006,4.98,734.0,86.0
22924,142.9,7.00,29.07,0.2035,4.92,734.0,86.0
22931,147.1,6.80,29.07,0.1977,5.06,734.0,86.0
22938,140.8,7.10,29.07,0.2064,4.84,734.0,86.0
22945,147.1,6.80,29.07,0.1977,5.06,734.0,86.0
22952,142.9,7.00,29.07,0.2035,4.92,734.0,86.0
22959,142.9,7.00,29.07,0.2035,4.92,734.0,86.0
22965,144.9,6.90,29.07,0.2006,4.98,734.0,86.0
22972,142.9,7.00,29.07,0.2035,4.92,734.0,86.0
22979,144.9,6.90,29.07,0.2006,4.98,734.0,86.0
22986,144.9,6.90,29.07,0.2006,4.98,734.0,86.0
22993,142.9,7.00,29.07,0.2035,4.92,734.0,86.0
23000,144.9,6.90,29.07,0.2006,4.98,734.0,86.0
23007,142.9,7.00,29.07,0.2035,4.92,734.0,86.0
23014,142.9,7.00,29.07,0.2035,4.92,734.0,86.0
23021,144.9,6.90,29.07,0.2006,4.98,734.0,86.0
23028,144.9,6.90,29.07,0.2006,4.98,734.0,86.0
23035,142.9,7.00,29.07,0.2035,4.92,734.0,86.0
23042,147.1,6.80,29.07,0.1977,5.06,734.0,86.0
23049,138.9,7.20,29.07,0.2093,4.78,734.0,86.0
23056,147.1,6.80,29.07,0.1977,5.06,734.0,86.0
23063,142.9,7.00,29.07,0.2035,4.92,734.0,86.0
23070,142.9,7.00,29.08,0.2035,4.91,734.0,86.0
23077,144.9,6.90,29.10,0.2008,4.98,734.0,86.0
23084,144.9,6.90,29.12,0.2009,4.98,734.0,86.0
23091,142.9,7.00,29.13,0.2039,4.90,734.0,86.0
23097,144.9,6.90,29.15,0.2011,4.97,734.0,86.0
23104,142.9,7.00,29.17,0.2042,4.90,734.0,86.0
23111,142.9,7.00,29.19,0.2043,4.90,734.0,86.0
23118,147.1,6.80,29.21,0.1986,5.04,734.0,86.0
23125,142.9,7.00,29.22,0.2046,4.89,734.0,86.0
23132,144.9,6.90,29.24,0.2018,4.96,734.0,86.0
23139,142.9,7.00,29.26,0.2048,4.88,734.0,86.0
23146,147.1,6.80,29.28,0.1991,5.02,734.0,86.0
23153,142.9,7.00,29.30,0.2051,4.88,734.0,86.0
23160,140.8,7.10,29.32,0.2082,4.80,734.0,86.0
23167,147.1,6.80,29.34,0.1995,5.01,734.0,86.0
23174,144.9,6.90,29.35,0.2025,4.94,734.0,86.0
23181,142.9,7.00,29.36,0.2055,4.87,734.0,86.0
23188,144.9,6.90,29.36,0.2026,4.94,734.0,86.0
23195,144.9,6.90,29.36,0.2026,4.94,734.0,86.0
23202,140.8,7.10,29.36,0.2085,4.80,734.0,86.0
23209,144.9,6.90,29.36,0.2026,4.94,734.0,86.0
23216,142.9,7.00,29.36,0.2055,4.87,734.0,86.0
23223,142.9,7.00,29.36,0.2055,4.87,734.0,86.0
23229,149.3,6.70,29.36,0.1967,5.09,734.0,86.0
23236,144.9,6.90,29.36,0.2026,4.94,734.0,86.0
23243,142.9,7.00,29.36,0.2055,4.87,734.0,86.0
23250,144.9,6.90,29.36,0.2026,4.94,734.0,86.0
23257,142.9,7.00,29.36,0.2055,4.87,734.0,86.0
23264,144.9,6.90,29.36,0.2026,4.94,734.0,86.0
23271,144.9,6.90,29.36,0.2026,4.94,734.0,86.0
23278,144.9,6.90,29.36,0.2026,4.94,734.0,86.0
23285,142.9,7.00,29.36,0.2055,4.87,734.0,86.0
23292,142.9,7.00,29.36,0.2055,4.87,734.0,86.0
23299,144.9,6.90,29.36,0.2026,4.94,734.0,86.0
23306,142.9,7.00,29.36,0.2055,4.87,734.0,86.0
23313,142.9,7.00,29.36,0.2055,4.87,734.0,86.0
23320,147.1,6.80,29.36,0.1996,5.01,734.0,86.0
23326,144.9,6.90,29.36,0.2026,4.94,734.0,86.0
23333,142.9,7.00,29.36,0.2055,4.87,734.0,86.0
23340,142.9,7.00,29.36,0.2055,4.87,734.0,86.0
23347,142.9,7.00,29.36,0.2055,4.87,734.0,86.0
23354,144.9,6.90,29.36,0.2026,4.94,734.0,86.0
23361,142.9,7.00,29.36,0.2055,4.87,734.0,86.0
23368,147.1,6.80,29.36,0.1996,5.01,734.0,86.0
23375,140.8,7.10,29.36,0.2085,4.80,734.0,86.0
23382,144.9,6.90,29.36,0.2026,4.94,734.0,86.0
23389,147.1,6.80,29.36,0.1996,5.01,734.0,86.0
23396,142.9,7.00,29.36,0.2055,4.87,734.0,86.0
23403,140.8,7.10,29.36,0.2085,4.80,734.0,86.0
23410,144.9,6.90,29.36,0.2026,4.94,734.0,86.0
23417,147.1,6.80,29.36,0.1996,5.01,734.0,86.0
23424,140.8,7.10,29.36,0.2085,4.80,734.0,86.0
23431,147.1,6.80,29.36,0.1996,5.01,734.0,86.0
23438,140.8,7.10,29.36,0.2085,4.80,734.0,86.0
23445,144.9,6.90,29.36,0.2026,4.94,734.0,86.0
23452,142.9,7.00,29.36,0.2055,4.87,734.0,86.0
23459,144.9,6.90,29.36,0.2026,4.94,734.0,86.0
23465,144.9,6.90,29.36,0.2026,4.94,734.0,86.0
23472,142.9,7.00,29.36,0.2055,4.87,734.0,86.0
23479,147.1,6.80,29.36,0.1996,5.01,734.0,86.0
23486,144.9,6.90,29.36,0.2026,4.94,734.0,86.0
23493,140.8,7.10,29.36,0.2085,4.80,734.0,86.0
23500,144.9,6.90,29.36,0.2026,4.94,734.0,86.0
23507,142.9,7.00,29.35,0.2055,4.87,734.0,86.0
23514,144.9,6.90,29.33,0.2024,4.94,734.0,86.0
23521,144.9,6.90,29.30,0.2022,4.94,734.0,86.0
23528,144.9,6.90,29.28,0.2020,4.95,734.0,86.0
23535,142.9,7.00,29.26,0.2048,4.88,734.0,86.0
23542,140.8,7.10,29.23,0.2076,4.82,734.0,86.0
23549,147.1,6.80,29.21,0.1986,5.04,734.0,86.0
23556,142.9,7.00,29.19,0.2043,4.90,734.0,86.0
23563,144.9,6.90,29.17,0.2012,4.97,734.0,86.0
23570,142.9,7.00,29.14,0.2040,4.90,734.0,86.0
23577,142.9,7.00,29.12,0.2038,4.91,734.0,86.0
23584,144.9,6.90,29.10,0.2008,4.98,734.0,86.0
23591,142.9,7.00,29.07,0.2035,4.92,734.0,86.0
23597,144.9,6.90,29.05,0.2005,4.99,734.0,86.0
23604,142.9,7.00,29.03,0.2032,4.92,734.0,86.0
23611,142.9,7.00,29.01,0.2030,4.93,734.0,86.0
23618,144.9,6.90,29.00,0.2001,5.00,734.0,86.0
23625,147.1,6.80,29.00,0.1972,5.07,734.0,86.0
23632,142.9,7.00,29.00,0.2030,4.93,734.0,86.0
23639,142.9,7.00,29.00,0.2030,4.93,734.0,86.0
23646,144.9,6.90,29.00,0.2001,5.00,734.0,86.0
23653,144.9,6.90,29.00,0.2001,5.00,734.0,86.0
23660,144.9,6.90,29.00,0.2001,5.00,734.0,86.0
23667,142.9,7.00,29.00,0.2030,4.93,734.0,86.0
23674,144.9,6.90,29.00,0.2001,5.00,734.0,86.0
23681,142.9,7.00,29.00,0.2030,4.93,734.0,86.0
23688,144.9,6.90,29.00,0.2001,5.00,734.0,86.0
23695,144.9,6.90,29.00,0.2001,5.00,734.0,86.0
23702,140.8,7.10,29.00,0.2059,4.86,734.0,86.0
23708,147.1,6.80,29.00,0.1972,5.07,734.0,86.0
23716,140.8,7.10,29.00,0.2059,4.86,734.0,86.0
23722,147.1,6.80,29.00,0.1972,5.07,734.0,86.0
23729,140.8,7.10,29.00,0.2059,4.86,734.0,86.0
23736,144.9,6.90,29.00,0.2001,5.00,734.0,86.0
23743,144.9,6.90,29.00,0.2001,5.00,734.0,86.0
23750,142.9,7.00,29.00,0.2030,4.93,734.0,86.0
23757,144.9,6.90,29.00,0.2001,5.00,734.0,86.0
23764,144.9,6.90,29.00,0.2001,5.00,734.0,86.0
23771,144.9,6.90,29.00,0.2001,5.00,734.0,86.0
23778,140.8,7.10,29.00,0.2059,4.86,734.0,86.0
23785,144.9,6.90,29.00,0.2001,5.00,734.0,86.0
23792,144.9,6.90,29.00,0.2001,5.00,734.0,86.0
23799,144.9,6.90,29.00,0.2001,5.00,734.0,86.0
23806,144.9,6.90,29.00,0.2001,5.00,734.0,86.0
23813,144.9,6.90,29.00,0.2001,5.00,734.0,86.0
23820,138.9,7.20,29.00,0.2088,4.79,734.0,86.0
23827,144.9,6.90,29.00,0.2001,5.00,734.0,86.0
23833,147.1,6.80,29.00,0.1972,5.07,734.0,86.0
23840,142.9,7.00,29.00,0.2030,4.93,734.0,86.0
23847,142.9,7.00,29.00,0.2030,4.93,734.0,86.0
23854,142.9,7.00,29.00,0.2030,4.93,734.0,86.0
23861,149.3,6.70,29.00,0.1943,5.15,734.0,86.0
23868,140.8,7.10,29.00,0.2059,4.86,734.0,86.0
23875,144.9,6.90,29.00,0.2001,5.00,734.0,86.0
23882,144.9,6.90,29.00,0.2001,5.00,734.0,86.0
23889,142.9,7.00,29.00,0.2030,4.93,734.0,86.0
23896,144.9,6.90,29.00,0.2001,5.00,734.0,86.0
23903,142.9,7.00,29.00,0.2030,4.93,734.0,86.0
23910,142.9,7.00,29.00,0.2030,4.93,734.0,86.0
23917,142.9,7.00,29.00,0.2030,4.93,734.0,86.0
23924,147.1,6.80,29.00,0.1972,5.07,734.0,86.0
23931,142.9,7.00,29.00,0.2030,4.93,734.0,86.0
23938,142.9,7.00,29.00,0.2030,4.93,734.0,86.0
23945,142.9,7.00,29.00,0.2030,4.93,734.0,86.0
23952,144.9,6.90,29.00,0.2001,5.00,734.0,86.0
23959,144.9,6.90,29.00,0.2001,5.00,734.0,86.0
23966,142.9,7.00,29.00,0.2030,4.93,734.0,86.0
23972,147.1,6.80,29.00,0.1972,5.07,734.0,86.0
23979,142.9,7.00,29.00,0.2030,4.93,734.0,86.0
23986,140.8,7.10,29.00,0.2059,4.86,734.0,86.0
23993,147.1,6.80,29.00,0.1972,5.07,734.0,86.0
24000,144.9,6.90,29.00,0.2001,5.00,734.0,86.0
24007,144.9,6.90,29.00,0.2001,5.00,734.0,86.0
24014,144.9,6.90,29.00,0.2001,5.00,734.0,86.0
24021,142.9,7.00,29.00,0.2030,4.93,734.0,86.0
24028,142.9,7.00,29.00,0.2030,4.93,734.0,86.0
24035,144.9,6.90,29.00,0.2001,5.00,734.0,86.0
24042,142.9,7.00,29.00,0.2030,4.93,734.0,86.0
24049,144.9,6.90,29.00,0.2001,5.00,734.0,86.0
24056,142.9,7.00,28.99,0.2030,4.93,734.0,86.0
24063,144.9,6.90,28.98,0.2000,5.00,734.0,86.0
24070,142.9,7.00,28.97,0.2028,4.93,734.0,86.0
24077,142.9,7.00,28.96,0.2027,4.93,734.0,86.0
24083,147.1,6.80,28.95,0.1969,5.08,734.0,86.0
24090,142.9,7.00,28.94,0.2026,4.94,734.0,86.0
24097,144.9,6.90,28.93,0.1996,5.01,734.0,86.0
24104,142.9,7.00,28.92,0.2025,4.94,734.0,86.0
24111,144.9,6.90,28.91,0.1995,5.01,734.0,86.0
24118,144.9,6.90,28.90,0.1994,5.01,734.0,86.0
24125,142.9,7.00,28.89,0.2022,4.95,734.0,86.0
24132,142.9,7.00,28.88,0.2022,4.95,734.0,86.0
24139,142.9,7.00,28.87,0.2021,4.95,734.0,86.0
24146,147.1,6.80,28.86,0.1963,5.10,734.0,86.0
24153,142.9,7.00,28.85,0.2020,4.95,734.0,86.0
24160,144.9,6.90,28.84,0.1990,5.02,734.0,86.0
24167,144.9,6.90,28.84,0.1990,5.02,734.0,86.0
24174,142.9,7.00,28.84,0.2019,4.95,734.0,86.0
24181,142.9,7.00,28.84,0.2019,4.95,734.0,86.0
24188,140.8,7.10,28.84,0.2048,4.88,734.0,86.0
24195,149.3,6.70,28.84,0.1932,5.18,734.0,86.0
24202,144.9,6.90,28.84,0.1990,5.02,734.0,86.0
24209,142.9,7.00,28.84,0.2019,4.95,734.0,86.0
24215,147.1,6.80,28.84,0.1961,5.10,734.0,86.0
24223,138.9,7.20,28.84,0.2076,4.82,734.0,86.0
24229,147.1,6.80,28.84,0.1961,5.10,734.0,86.0
24236,144.9,6.90,28.84,0.1990,5.02,734.0,86.0
24243,142.9,7.00,28.84,0.2019,4.95,734.0,86.0
24250,140.8,7.10,28.84,0.2048,4.88,734.0,86.0
24257,147.1,6.80,28.84,0.1961,5.10,734.0,86.0
24264,144.9,6.90,28.84,0.1990,5.02,734.0,86.0
24271,142.9,7.00,28.84,0.2019,4.95,734.0,86.0
24278,142.9,7.00,28.84,0.2019,4.95,734.0,86.0
24285,144.9,6.90,28.84,0.1990,5.02,734.0,86.0
24292,142.9,7.00,28.84,0.2019,4.95,734.0,86.0
24299,142.9,7.00,28.84,0.2019,4.95,734.0,86.0
24306,142.9,7.00,28.84,0.2019,4.95,734.0,86.0
24313,149.3,6.70,28.84,0.1932,5.18,734.0,86.0
24320,138.9,7.20,28.84,0.2076,4.82,734.0,86.0
24327,147.1,6.80,28.84,0.1961,5.10,734.0,86.0
24334,144.9,6.90,28.84,0.1990,5.02,734.0,86.0
24340,144.9,6.90,28.84,0.1990,5.02,734.0,86.0
24347,142.9,7.00,28.84,0.2019,4.95,734.0,86.0
24354,144.9,6.90,28.84,0.1990,5.02,734.0,86.0
24361,144.9,6.90,28.84,0.1990,5.02,734.0,86.0
24368,142.9,7.00,28.84,0.2019,4.95,734.0,86.0
24375,144.9,6.90,28.84,0.1990,5.02,734.0,86.0
24382,142.9,7.00,28.84,0.2019,4.95,734.0,86.0
24389,144.9,6.90,28.84,0.1990,5.02,734.0,86.0
24396,144.9,6.90,28.84,0.1990,5.02,734.0,86.0
24403,142.9,7.00,28.84,0.2019,4.95,734.0,86.0
24410,144.9,6.90,28.84,0.1990,5.02,734.0,86.0
24417,142.9,7.00,28.84,0.2019,4.95,734.0,86.0
24424,140.8,7.10,28.84,0.2048,4.88,734.0,86.0
24431,149.3,6.70,28.84,0.1932,5.18,734.0,86.0
24438,142.9,7.00,28.84,0.2019,4.95,734.0,86.0
24445,144.9,6.90,28.84,0.1990,5.02,734.0,86.0
24452,140.8,7.10,28.84,0.2048,4.88,734.0,86.0
24458,147.1,6.80,28.84,0.1961,5.10,734.0,86.0
24466,140.8,7.10,28.84,0.2048,4.88,734.0,86.0
24472,144.9,6.90,28.84,0.1990,5.02,734.0,86.0
24479,147.1,6.80,28.84,0.1961,5.10,734.0,86.0
24486,140.8,7.10,28.84,0.2048,4.88,734.0,86.0
24493,142.9,7.00,28.84,0.2019,4.95,734.0,86.0
24500,144.9,6.90,28.84,0.1990,5.02,734.0,86.0
24507,142.9,7.00,28.84,0.2019,4.95,734.0,86.0
24514,142.9,7.00,28.84,0.2019,4.95,734.0,86.0
24521,144.9,6.90,28.84,0.1990,5.02,734.0,86.0
24528,147.1,6.80,28.84,0.1961,5.10,734.0,86.0
24535,144.9,6.90,28.84,0.1990,5.02,734.0,86.0
24542,140.8,7.10,28.84,0.2048,4.88,734.0,86.0
24549,147.1,6.80,28.84,0.1961,5.10,734.0,86.0
24556,142.9,7.00,28.84,0.2019,4.95,734.0,86.0
24563,142.9,7.00,28.84,0.2019,4.95,734.0,86.0
24570,147.1,6.80,28.84,0.1961,5.10,734.0,86.0
24577,142.9,7.00,28.84,0.2019,4.95,734.0,86.0
24583,144.9,6.90,28.84,0.1990,5.02,734.0,86.0
24590,144.9,6.90,28.84,0.1990,5.02,734.0,86.0
24597,140.8,7.10,28.84,0.2048,4.88,734.0,86.0
24604,144.9,6.90,28.83,0.1990,5.03,734.0,86.0
24611,142.9,7.00,28.83,0.2018,4.96,734.0,86.0
24618,147.1,6.80,28.82,0.1960,5.10,734.0,86.0
24625,142.9,7.00,28.81,0.2017,4.96,734.0,86.0
24632,144.9,6.90,28.81,0.1988,5.03,734.0,86.0
24639,140.8,7.10,28.80,0.2045,4.89,734.0,86.0
24646,147.1,6.80,28.79,0.1958,5.11,734.0,86.0
24653,142.9,7.00,28.79,0.2015,4.96,734.0,86.0
24660,144.9,6.90,28.78,0.1986,5.04,734.0,86.0
24667,144.9,6.90,28.77,0.1985,5.04,734.0,86.0
24674,142.9,7.00,28.76,0.2014,4.97,734.0,86.0
24681,140.8,7.10,28.76,0.2042,4.90,734.0,86.0
24688,147.1,6.80,28.75,0.1955,5.12,734.0,86.0
24695,142.9,7.00,28.74,0.2012,4.97,734.0,86.0
24702,142.9,7.00,28.74,0.2012,4.97,734.0,86.0
24709,144.9,6.90,28.73,0.1982,5.04,734.0,86.0
24715,144.9,6.90,28.73,0.1982,5.04,734.0,86.0
24722,142.9,7.00,28.73,0.2011,4.97,734.0,86.0
24729,142.9,7.00,28.73,0.2011,4.97,734.0,86.0
24736,144.9,6.90,28.73,0.1982,5.04,734.0,86.0
24743,144.9,6.90,28.73,0.1982,5.04,734.0,86.0
24750,144.9,6.90,28.73,0.1982,5.04,734.0,86.0
24757,142.9,7.00,28.73,0.2011,4.97,734.0,86.0
24764,144.9,6.90,28.73,0.1982,5.04,734.0,86.0
24771,144.9,6.90,28.73,0.1982,5.04,734.0,86.0
24778,142.9,7.00,28.73,0.2011,4.97,734.0,86.0
24785,140.8,7.10,28.73,0.2040,4.90,734.0,86.0
24792,144.9,6.90,28.73,0.1982,5.04,734.0,86.0
24799,144.9,6.90,28.73,0.1982,5.04,734.0,86.0
24806,147.1,6.80,28.73,0.1954,5.12,734.0,86.0
24813,144.9,6.90,28.73,0.1982,5.04,734.0,86.0
24820,142.9,7.00,28.73,0.2011,4.97,734.0,86.0
24827,144.9,6.90,28.73,0.1982,5.04,734.0,86.0
24834,142.9,7.00,28.73,0.2011,4.97,734.0,86.0
24841,142.9,7.00,28.73,0.2011,4.97,734.0,86.0
24847,144.9,6.90,28.73,0.1982,5.04,734.0,86.0
24855,140.8,7.10,28.73,0.2040,4.90,734.0,86.0
24861,149.3,6.70,28.73,0.1925,5.20,734.0,86.0
24868,142.9,7.00,28.73,0.2011,4.97,734.0,86.0
24875,144.9,6.90,28.73,0.1982,5.04,734.0,86.0
24882,142.9,7.00,28.73,0.2011,4.97,734.0,86.0
24889,142.9,7.00,28.73,0.2011,4.97,734.0,86.0
24896,147.1,6.80,28.73,0.1954,5.12,734.0,86.0
24903,140.8,7.10,28.73,0.2040,4.90,734.0,86.0
24910,144.9,6.90,28.73,0.1982,5.04,734.0,86.0
24917,142.9,7.00,28.73,0.2011,4.97,734.0,86.0
24924,144.9,6.90,28.73,0.1982,5.04,734.0,86.0
24931,144.9,6.90,28.73,0.1982,5.04,734.0,86.0
24938,142.9,7.00,28.73,0.2011,4.97,734.0,86.0
24945,142.9,7.00,28.73,0.2011,4.97,734.0,86.0
24952,147.1,6.80,28.73,0.1954,5.12,734.0,86.0
24959,142.9,7.00,28.73,0.2011,4.97,734.0,86.0
24966,144.9,6.90,28.73,0.1982,5.04,734.0,86.0
24972,144.9,6.90,28.73,0.1982,5.04,734.0,86.0
24979,142.9,7.00,28.73,0.2011,4.97,734.0,86.0
24986,144.9,6.90,28.73,0.1982,5.04,734.0,86.0
24993,142.9,7.00,28.73,0.2011,4.97,734.0,86.0
25000,144.9,6.90,28.73,0.1982,5.04,734.0,86.0
25007,144.9,6.90,28.73,0.1982,5.04,734.0,86.0
25014,142.9,7.00,28.73,0.2011,4.97,734.0,86.0
25021,147.1,6.80,28.73,0.1954,5.12,734.0,86.0
25028,142.9,7.00,28.73,0.2011,4.97,734.0,86.0
25035,142.9,7.00,28.73,0.2011,4.97,734.0,86.0
25042,144.9,6.90,28.73,0.1982,5.04,734.0,86.0
25049,140.8,7.10,28.72,0.2039,4.90,734.0,86.0
25056,144.9,6.90,28.72,0.1981,5.05,734.0,86.0
25063,144.9,6.90,28.71,0.1981,5.05,734.0,86.0
25070,142.9,7.00,28.71,0.2009,4.98,734.0,86.0
25077,144.9,6.90,28.70,0.1980,5.05,734.0,86.0
25084,142.9,7.00,28.69,0.2009,4.98,734.0,86.0
25091,142.9,7.00,28.69,0.2008,4.98,734.0,86.0
25097,147.1,6.80,28.69,0.1951,5.13,734.0,86.0
25104,142.9,7.00,28.68,0.2008,4.98,734.0,86.0
25111,142.9,7.00,28.67,0.2007,4.98,734.0,86.0
25118,142.9,7.00,28.67,0.2007,4.98,734.0,86.0
25125,144.9,6.90,28.66,0.1978,5.06,734.0,86.0
25132,144.9,6.90,28.66,0.1978,5.06,734.0,86.0
25139,142.9,7.00,28.65,0.2006,4.99,734.0,86.0
25146,147.1,6.80,28.65,0.1948,5.13,734.0,86.0
25153,144.9,6.90,28.65,0.1977,5.06,734.0,86.0
25160,142.9,7.00,28.65,0.2006,4.99,734.0,86.0
25167,142.9,7.00,28.65,0.2006,4.99,734.0,86.0
25174,142.9,7.00,28.65,0.2006,4.99,734.0,86.0
25181,142.9,7.00,28.65,0.2006,4.99,734.0,86.0
25188,144.9,6.90,28.65,0.1977,5.06,734.0,86.0
25195,144.9,6.90,28.65,0.1977,5.06,734.0,86.0
25202,144.9,6.90,28.65,0.1977,5.06,734.0,86.0
25209,144.9,6.90,28.65,0.1977,5.06,734.0,86.0
25215,144.9,6.90,28.65,0.1977,5.06,734.0,86.0
25222,144.9,6.90,28.65,0.1977,5.06,734.0,86.0
25229,140.8,7.10,28.65,0.2034,4.91,734.0,86.0
25236,144.9,6.90,28.65,0.1977,5.06,734.0,86.0
25243,142.9,7.00,28.65,0.2006,4.99,734.0,86.0
25250,144.9,6.90,28.65,0.1977,5.06,734.0,86.0
25257,140.8,7.10,28.65,0.2034,4.91,734.0,86.0
25264,147.1,6.80,28.65,0.1948,5.13,734.0,86.0
25271,140.8,7.10,28.65,0.2034,4.91,734.0,86.0
25278,149.3,6.70,28.65,0.1920,5.21,734.0,86.0
25285,142.9,7.00,28.65,0.2006,4.99,734.0,86.0
25292,142.9,7.00,28.65,0.2006,4.99,734.0,86.0
25299,142.9,7.00,28.65,0.2006,4.99,734.0,86.0
25306,144.9,6.90,28.65,0.1977,5.06,734.0,86.0
25313,144.9,6.90,28.65,0.1977,5.06,734.0,86.0
25320,142.9,7.00,28.65,0.2006,4.99,734.0,86.0
25327,144.9,6.90,28.65,0.1977,5.06,734.0,86.0
25334,144.9,6.90,28.65,0.1977,5.06,734.0,86.0
25341,142.9,7.00,28.65,0.2006,4.99,734.0,86.0
25347,144.9,6.90,28.65,0.1977,5.06,734.0,86.0
25354,142.9,7.00,28.65,0.2006,4.99,734.0,86.0
25361,144.9,6.90,28.65,0.1977,5.06,734.0,86.0
25368,144.9,6.90,28.65,0.1977,5.06,734.0,86.0
25375,142.9,7.00,28.65,0.2006,4.99,734.0,86.0
25382,142.9,7.00,28.65,0.2006,4.99,734.0,86.0
25389,144.9,6.90,28.65,0.1977,5.06,734.0,86.0
25396,144.9,6.90,28.65,0.1977,5.06,734.0,86.0
25403,140.8,7.10,28.65,0.2034,4.91,734.0,86.0
25410,144.9,6.90,28.65,0.1977,5.06,734.0,86.0
25417,144.9,6.90,28.65,0.1977,5.06,734.0,86.0
25424,147.1,6.80,28.65,0.1948,5.13,734.0,86.0
25431,140.8,7.10,28.65,0.2034,4.91,734.0,86.0
25438,144.9,6.90,28.65,0.1977,5.06,734.0,86.0
25445,144.9,6.90,28.65,0.1977,5.06,734.0,86.0
25452,142.9,7.00,28.65,0.2006,4.99,734.0,86.0
25459,144.9,6.90,28.65,0.1977,5.06,734.0,86.0
25465,144.9,6.90,28.65,0.1977,5.06,734.0,86.0
25472,144.9,6.90,28.65,0.1977,5.06,734.0,86.0
25479,142.9,7.00,28.65,0.2006,4.99,734.0,86.0
25486,142.9,7.00,28.65,0.2006,4.99,734.0,86.0
25493,142.9,7.00,28.65,0.2006,4.99,734.0,86.0
25500,144.9,6.90,28.65,0.1977,5.06,734.0,86.0
25507,142.9,7.00,28.65,0.2006,4.99,734.0,86.0
25514,144.9,6.90,28.65,0.1977,5.06,734.0,86.0
25521,144.9,6.90,28.65,0.1977,5.06,734.0,86.0
25528,140.8,7.10,28.65,0.2034,4.91,734.0,86.0
25535,147.1,6.80,28.65,0.1948,5.13,734.0,86.0
25542,144.9,6.90,28.65,0.1977,5.06,734.0,86.0
25549,142.9,7.00,28.65,0.2006,4.99,734.0,86.0
25556,144.9,6.90,28.65,0.1977,5.06,734.0,86.0
25563,142.9,7.00,28.65,0.2006,4.99,734.0,86.0
25570,144.9,6.90,28.65,0.1977,5.06,734.0,86.0
25577,142.9,7.00,28.65,0.2006,4.99,734.0,86.0
25584,142.9,7.00,28.65,0.2005,4.99,734.0,86.0
25591,144.9,6.90,28.64,0.1976,5.06,734.0,86.0
25598,142.9,7.00,28.64,0.2005,4.99,734.0,86.0
25604,144.9,6.90,28.64,0.1976,5.06,734.0,86.0
25611,144.9,6.90,28.63,0.1976,5.06,734.0,86.0
25618,144.9,6.90,28.63,0.1975,5.06,734.0,86.0
25625,142.9,7.00,28.63,0.2004,4.99,734.0,86.0
25632,144.9,6.90,28.62,0.1975,5.06,734.0,86.0
25639,144.9,6.90,28.62,0.1975,5.06,734.0,86.0
25646,142.9,7.00,28.61,0.2003,4.99,734.0,86.0
25653,144.9,6.90,28.61,0.1974,5.06,734.0,86.0
25660,142.9,7.00,28.61,0.2002,5.00,734.0,86.0
25667,144.9,6.90,28.60,0.1974,5.07,734.0,86.0
25674,142.9,7.00,28.60,0.2002,5.00,734.0,86.0
25681,144.9,6.90,28.59,0.1973,5.07,734.0,86.0
25688,140.8,7.10,28.59,0.2030,4.92,734.0,86.0
25695,147.1,6.80,28.59,0.1944,5.15,734.0,86.0
25702,142.9,7.00,28.59,0.2001,5.00,734.0,86.0
25709,142.9,7.00,28.59,0.2001,5.00,734.0,86.0
25715,147.1,6.80,28.59,0.1944,5.15,734.0,86.0
25723,140.8,7.10,28.59,0.2030,4.92,734.0,86.0
25729,144.9,6.90,28.59,0.1973,5.07,734.0,86.0
25736,144.9,6.90,28.59,0.1973,5.07,734.0,86.0
25743,142.9,7.00,28.59,0.2001,5.00,734.0,86.0
25750,144.9,6.90,28.59,0.1973,5.07,734.0,86.0
25757,142.9,7.00,28.59,0.2001,5.00,734.0,86.0
25764,144.9,6.90,28.59,0.1973,5.07,734.0,86.0
25771,142.9,7.00,28.59,0.2001,5.00,734.0,86.0
25778,144.9,6.90,28.59,0.1973,5.07,734.0,86.0
25785,142.9,7.00,28.59,0.2001,5.00,734.0,86.0
25792,144.9,6.90,28.59,0.1973,5.07,734.0,86.0
25799,144.9,6.90,28.59,0.1973,5.07,734.0,86.0
25806,144.9,6.90,28.59,0.1973,5.07,734.0,86.0
25813,140.8,7.10,28.59,0.2030,4.92,734.0,86.0
25820,144.9,6.90,28.59,0.1973,5.07,734.0,86.0
25827,144.9,6.90,28.59,0.1973,5.07,734.0,86.0
25834,142.9,7.00,28.59,0.2001,5.00,734.0,86.0
25841,144.9,6.90,28.59,0.1973,5.07,734.0,86.0
25847,144.9,6.90,28.59,0.1973,5.07,734.0,86.0
25854,142.9,7.00,28.59,0.2001,5.00,734.0,86.0
25862,140.8,7.10,28.59,0.2030,4.92,734.0,86.0
25868,147.1,6.80,28.59,0.1944,5.15,734.0,86.0
25875,147.1,6.80,28.59,0.1944,5.15,734.0,86.0
25882,140.8,7.10,28.59,0.2030,4.92,734.0,86.0
25889,142.9,7.00,28.59,0.2001,5.00,734.0,86.0
25896,144.9,6.90,28.59,0.1973,5.07,734.0,86.0
25903,144.9,6.90,28.59,0.1973,5.07,734.0,86.0
25910,142.9,7.00,28.59,0.2001,5.00,734.0,86.0
25917,144.9,6.90,28.59,0.1973,5.07,734.0,86.0
25924,144.9,6.90,28.59,0.1973,5.07,734.0,86.0
25931,142.9,7.00,28.59,0.2001,5.00,734.0,86.0
25938,144.9,6.90,28.59,0.1973,5.07,734.0,86.0
25945,142.9,7.00,28.59,0.2001,5.00,734.0,86.0
25952,142.9,7.00,28.59,0.2001,5.00,734.0,86.0
25959,144.9,6.90,28.59,0.1973,5.07,734.0,86.0
25966,144.9,6.90,28.59,0.1973,5.07,734.0,86.0
25972,144.9,6.90,28.59,0.1973,5.07,734.0,86.0
25979,144.9,6.90,28.59,0.1973,5.07,734.0,86.0
25986,142.9,7.00,28.59,0.2001,5.00,734.0,86.0
25993,140.8,7.10,28.59,0.2030,4.92,734.0,86.0
26000,147.1,6.80,28.59,0.1944,5.15,734.0,86.0
26007,144.9,6.90,28.59,0.1973,5.07,734.0,86.0
26014,144.9,6.90,28.59,0.1973,5.07,734.0,86.0
26021,138.9,7.20,28.60,0.2059,4.86,734.0,86.0
26028,147.1,6.80,28.61,0.1945,5.14,734.0,86.0
26035,144.9,6.90,28.61,0.1974,5.06,734.0,86.0
26042,142.9,7.00,28.62,0.2004,4.99,734.0,86.0
26049,142.9,7.00,28.63,0.2004,4.99,734.0,86.0
26056,147.1,6.80,28.64,0.1948,5.14,734.0,86.0
26063,144.9,6.90,28.65,0.1977,5.06,734.0,86.0
26070,138.9,7.20,28.66,0.2063,4.85,734.0,86.0
26077,149.3,6.70,28.67,0.1921,5.21,734.0,86.0
26084,140.8,7.10,28.68,0.2036,4.91,734.0,86.0
26091,144.9,6.90,28.69,0.1979,5.05,734.0,86.0
26097,144.9,6.90,28.69,0.1980,5.05,734.0,86.0
26104,142.9,7.00,28.70,0.2009,4.98,734.0,86.0
26111,144.9,6.90,28.71,0.1981,5.05,734.0,86.0
26118,144.9,6.90,28.72,0.1982,5.05,734.0,86.0
26125,138.9,7.20,28.73,0.2069,4.83,734.0,86.0
26132,147.1,6.80,28.73,0.1954,5.12,734.0,86.0
26139,144.9,6.90,28.73,0.1982,5.04,734.0,86.0
26146,144.9,6.90,28.73,0.1982,5.04,734.0,86.0
26153,142.9,7.00,28.73,0.2011,4.97,734.0,86.0
26160,144.9,6.90,28.73,0.1982,5.04,734.0,86.0
26167,144.9,6.90,28.73,0.1982,5.04,734.0,86.0
26174,142.9,7.00,28.73,0.2011,4.97,734.0,86.0
26181,144.9,6.90,28.73,0.1982,5.04,734.0,86.0
26188,140.8,7.10,28.73,0.2040,4.90,734.0,86.0
26195,144.9,6.90,28.73,0.1982,5.04,734.0,86.0
26202,147.1,6.80,28.73,0.1954,5.12,734.0,86.0
26209,142.9,7.00,28.73,0.2011,4.97,734.0,86.0
26215,144.9,6.90,28.73,0.1982,5.04,734.0,86.0
26222,144.9,6.90,28.73,0.1982,5.04,734.0,86.0
26229,140.8,7.10,28.73,0.2040,4.90,734.0,86.0
26236,144.9,6.90,28.73,0.1982,5.04,734.0,86.0
26243,147.1,6.80,28.73,0.1954,5.12,734.0,86.0
26250,140.8,7.10,28.73,0.2040,4.90,734.0,86.0
26257,144.9,6.90,28.73,0.1982,5.04,734.0,86.0
26264,142.9,7.00,28.73,0.2011,4.97,734.0,86.0
26271,144.9,6.90,28.73,0.1982,5.04,734.0,86.0
26278,142.9,7.00,28.73,0.2011,4.97,734.0,86.0
26285,144.9,6.90,28.73,0.1982,5.04,734.0,86.0
26292,144.9,6.90,28.73,0.1982,5.04,734.0,86.0
26299,142.9,7.00,28.73,0.2011,4.97,734.0,86.0
26306,147.1,6.80,28.73,0.1954,5.12,734.0,86.0
26313,142.9,7.00,28.73,0.2011,4.97,734.0,86.0
26320,140.8,7.10,28.73,0.2040,4.90,734.0,86.0
26327,144.9,6.90,28.73,0.1982,5.04,734.0,86.0
26334,144.9,6.90,28.73,0.1982,5.04,734.0,86.0
26341,142.9,7.00,28.73,0.2011,4.97,734.0,86.0
26347,147.1,6.80,28.73,0.1954,5.12,734.0,86.0
26354,140.8,7.10,28.73,0.2040,4.90,734.0,86.0
26361,142.9,7.00,28.73,0.2011,4.97,734.0,86.0
26368,144.9,6.90,28.73,0.1982,5.04,734.0,86.0
26375,142.9,7.00,28.73,0.2011,4.97,734.0,86.0
26382,147.1,6.80,28.73,0.1954,5.12,734.0,86.0
26389,142.9,7.00,28.73,0.2011,4.97,734.0,86.0
26396,144.9,6.90,28.73,0.1982,5.04,734.0,86.0
26403,142.9,7.00,28.73,0.2011,4.97,734.0,86.0
26410,144.9,6.90,28.73,0.1982,5.04,734.0,86.0
26417,144.9,6.90,28.73,0.1982,5.04,734.0,86.0
26424,142.9,7.00,28.73,0.2011,4.97,734.0,86.0
26431,144.9,6.90,28.73,0.1982,5.04,734.0,86.0
26438,144.9,6.90,28.73,0.1982,5.04,734.0,86.0
26445,142.9,7.00,28.73,0.2011,4.97,734.0,86.0
26452,142.9,7.00,28.73,0.2011,4.97,734.0,86.0
26459,142.9,7.00,28.73,0.2011,4.97,734.0,86.0
26466,142.9,7.00,28.73,0.2011,4.97,734.0,86.0
26473,144.9,6.90,28.73,0.1982,5.04,734.0,86.0
26479,144.9,6.90,28.73,0.1982,5.04,734.0,86.0
26486,144.9,6.90,28.73,0.1982,5.04,734.0,86.0
26493,142.9,7.00,28.73,0.2011,4.97,734.0,86.0
26500,142.9,7.00,28.73,0.2011,4.97,734.0,86.0
26507,147.1,6.80,28.73,0.1954,5.12,734.0,86.0
26514,142.9,7.00,28.73,0.2011,4.97,734.0,86.0
26521,144.9,6.90,28.73,0.1982,5.04,734.0,86.0
26528,142.9,7.00,28.73,0.2011,4.97,734.0,86.0
26535,142.9,7.00,28.73,0.2011,4.97,734.0,86.0
26542,147.1,6.80,28.73,0.1954,5.12,734.0,86.0
26549,142.9,7.00,28.73,0.2011,4.97,734.0,86.0
26556,147.1,6.80,28.73,0.1954,5.12,734.0,86.0
26563,140.8,7.10,28.73,0.2040,4.90,734.0,86.0
26570,144.9,6.90,28.79,0.1986,5.03,734.0,86.0
26577,142.9,7.00,28.86,0.2020,4.95,734.0,86.0
26583,147.1,6.80,28.92,0.1966,5.09,734.0,86.0
26590,142.9,7.00,28.99,0.2029,4.93,734.0,86.0
26597,144.9,6.90,29.06,0.2005,4.99,734.0,86.0
26604,140.8,7.10,29.13,0.2068,4.83,734.0,86.0
26611,144.9,6.90,29.20,0.2015,4.96,734.0,86.0
26618,142.9,7.00,29.27,0.2049,4.88,734.0,86.0
26625,144.9,6.90,29.33,0.2024,4.94,734.0,86.0
26632,144.9,6.90,29.40,0.2029,4.93,734.0,86.0
26639,142.9,7.00,29.47,0.2063,4.85,734.0,86.0
26646,140.8,7.10,29.54,0.2098,4.77,734.0,86.0
26653,149.3,6.70,29.61,0.1984,5.04,734.0,86.0
26660,140.8,7.10,29.68,0.2107,4.74,734.0,86.0
26667,147.1,6.80,29.75,0.2023,4.94,734.0,86.0
26674,144.9,6.90,29.82,0.2058,4.86,734.0,86.0
26681,142.9,7.00,29.82,0.2087,4.79,734.0,86.0
26688,142.9,7.00,29.82,0.2087,4.79,734.0,86.0
26695,142.9,7.00,29.82,0.2087,4.79,734.0,86.0
26702,144.9,6.90,29.82,0.2058,4.86,734.0,86.0
26709,144.9,6.90,29.82,0.2058,4.86,734.0,86.0
26716,140.8,7.10,29.82,0.2117,4.72,734.0,86.0
26723,144.9,6.90,29.82,0.2058,4.86,734.0,86.0
26729,147.1,6.80,29.82,0.2028,4.93,734.0,86.0
26736,142.9,7.00,29.82,0.2087,4.79,734.0,86.0
26743,144.9,6.90,29.82,0.2058,4.86,734.0,86.0
26750,144.9,6.90,29.82,0.2058,4.86,734.0,86.0
26757,138.9,7.20,29.82,0.2147,4.66,734.0,86.0
26764,147.1,6.80,29.82,0.2028,4.93,734.0,86.0
26771,144.9,6.90,29.82,0.2058,4.86,734.0,86.0
26778,140.8,7.10,29.82,0.2117,4.72,734.0,86.0
26785,144.9,6.90,29.82,0.2058,4.86,734.0,86.0
26792,144.9,6.90,29.82,0.2058,4.86,734.0,86.0
26799,144.9,6.90,29.82,0.2058,4.86,734.0,86.0
26806,140.8,7.10,29.82,0.2117,4.72,734.0,86.0
26813,144.9,6.90,29.82,0.2058,4.86,734.0,86.0
26820,144.9,6.90,29.82,0.2058,4.86,734.0,86.0
26827,142.9,7.00,29.82,0.2087,4.79,734.0,86.0
26834,147.1,6.80,29.82,0.2028,4.93,734.0,86.0
26841,138.9,7.20,29.82,0.2147,4.66,734.0,86.0
26848,147.1,6.80,29.82,0.2028,4.93,734.0,86.0
26854,144.9,6.90,29.82,0.2058,4.86,734.0,86.0
26861,142.9,7.00,29.82,0.2087,4.79,734.0,86.0
26868,144.9,6.90,29.82,0.2058,4.86,734.0,86.0
26875,144.9,6.90,29.82,0.2058,4.86,734.0,86.0
26882,142.9,7.00,29.82,0.2087,4.79,734.0,86.0
26889,144.9,6.90,29.82,0.2058,4.86,734.0,86.0
26896,142.9,7.00,29.82,0.2087,4.79,734.0,86.0
26903,144.9,6.90,29.82,0.2058,4.86,734.0,86.0
26910,142.9,7.00,29.82,0.2087,4.79,734.0,86.0
26917,144.9,6.90,29.82,0.2058,4.86,734.0,86.0
26924,144.9,6.90,29.82,0.2058,4.86,734.0,86.0
26931,142.9,7.00,29.82,0.2087,4.79,734.0,86.0
26938,142.9,7.00,29.82,0.2087,4.79,734.0,86.0
26945,142.9,7.00,29.82,0.2087,4.79,734.0,86.0
26952,147.1,6.80,29.82,0.2028,4.93,734.0,86.0
26959,142.9,7.00,29.82,0.2087,4.79,734.0,86.0
26966,144.9,6.90,29.82,0.2058,4.86,734.0,86.0
26972,144.9,6.90,29.82,0.2058,4.86,734.0,86.0
26979,142.9,7.00,29.82,0.2087,4.79,734.0,86.0
26986,142.9,7.00,29.82,0.2087,4.79,734.0,86.0
26993,144.9,6.90,29.82,0.2058,4.86,734.0,86.0
27000,142.9,7.00,29.82,0.2087,4.79,734.0,86.0
27007,147.1,6.80,29.82,0.2028,4.93,734.0,86.0
27014,142.9,7.00,29.82,0.2087,4.79,734.0,86.0
27021,147.1,6.80,29.82,0.2028,4.93,734.0,86.0
27028,142.9,7.00,29.82,0.2087,4.79,734.0,86.0
27035,142.9,7.00,29.81,0.2087,4.79,734.0,86.0
27042,144.9,6.90,29.81,0.2057,4.86,734.0,86.0
27049,142.9,7.00,29.81,0.2087,4.79,734.0,86.0
27056,144.9,6.90,29.81,0.2057,4.86,734.0,86.0
27063,142.9,7.00,29.81,0.2087,4.79,734.0,86.0
27070,144.9,6.90,29.81,0.2057,4.86,734.0,86.0
27077,144.9,6.90,29.81,0.2057,4.86,734.0,86.0
27083,144.9,6.90,29.81,0.2057,4.86,734.0,86.0
27090,142.9,7.00,29.80,0.2086,4.79,734.0,86.0
27097,142.9,7.00,29.80,0.2086,4.79,734.0,86.0
27104,144.9,6.90,29.80,0.2056,4.86,734.0,86.0
27111,142.9,7.00,29.80,0.2086,4.80,734.0,86.0
27118,142.9,7.00,29.80,0.2086,4.80,734.0,86.0
27125,142.9,7.00,29.80,0.2086,4.80,734.0,86.0
27132,144.9,6.90,29.80,0.2056,4.86,734.0,86.0
27139,144.9,6.90,29.80,0.2056,4.86,734.0,86.0
27146,142.9,7.00,29.80,0.2086,4.80,734.0,86.0
27153,144.9,6.90,29.80,0.2056,4.86,734.0,86.0
27160,142.9,7.00,29.80,0.2086,4.80,734.0,86.0
27167,147.1,6.80,29.80,0.2026,4.94,734.0,86.0
27174,142.9,7.00,29.80,0.2086,4.80,734.0,86.0
27181,144.9,6.90,29.80,0.2056,4.86,734.0,86.0
27188,142.9,7.00,29.80,0.2086,4.80,734.0,86.0
27195,142.9,7.00,29.80,0.2086,4.80,734.0,86.0
27202,144.9,6.90,29.80,0.2056,4.86,734.0,86.0
27209,142.9,7.00,29.80,0.2086,4.80,734.0,86.0
27216,144.9,6.90,29.80,0.2056,4.86,734.0,86.0
27222,144.9,6.90,29.80,0.2056,4.86,734.0,86.0
27229,144.9,6.90,29.80,0.2056,4.86,734.0,86.0
27236,142.9,7.00,29.80,0.2086,4.80,734.0,86.0
27243,144.9,6.90,29.80,0.2056,4.86,734.0,86.0
27250,144.9,6.90,29.80,0.2056,4.86,734.0,86.0
27257,142.9,7.00,29.80,0.2086,4.80,734.0,86.0
27264,144.9,6.90,29.80,0.2056,4.86,734.0,86.0
27271,142.9,7.00,29.80,0.2086,4.80,734.0,86.0
27278,142.9,7.00,29.80,0.2086,4.80,734.0,86.0
27285,144.9,6.90,29.80,0.2056,4.86,734.0,86.0
27292,144.9,6.90,29.80,0.2056,4.86,734.0,86.0
27299,144.9,6.90,29.80,0.2056,4.86,734.0,86.0
27306,142.9,7.00,29.80,0.2086,4.80,734.0,86.0
27313,144.9,6.90,29.80,0.2056,4.86,734.0,86.0
27320,142.9,7.00,29.80,0.2086,4.80,734.0,86.0
27327,144.9,6.90,29.80,0.2056,4.86,734.0,86.0
27334,142.9,7.00,29.80,0.2086,4.80,734.0,86.0
27341,142.9,7.00,29.80,0.2086,4.80,734.0,86.0
27347,144.9,6.90,29.80,0.2056,4.86,734.0,86.0
27354,142.9,7.00,29.80,0.2086,4.80,734.0,86.0
27361,144.9,6.90,29.80,0.2056,4.86,734.0,86.0
27368,142.9,7.00,29.80,0.2086,4.80,734.0,86.0
27375,144.9,6.90,29.80,0.2056,4.86,734.0,86.0
27382,144.9,6.90,29.80,0.2056,4.86,734.0,86.0
27389,142.9,7.00,29.80,0.2086,4.80,734.0,86.0
27396,147.1,6.80,29.80,0.2026,4.94,734.0,86.0
27403,142.9,7.00,29.80,0.2086,4.80,734.0,86.0
27410,144.9,6.90,29.80,0.2056,4.86,734.0,86.0
27417,142.9,7.00,29.80,0.2086,4.80,734.0,86.0
27424,142.9,7.00,29.80,0.2086,4.80,734.0,86.0
27431,144.9,6.90,29.80,0.2056,4.86,734.0,86.0
27438,142.9,7.00,29.80,0.2086,4.80,734.0,86.0
27445,147.1,6.80,29.80,0.2026,4.94,734.0,86.0
27452,142.9,7.00,29.80,0.2086,4.80,734.0,86.0
27459,142.9,7.00,29.80,0.2086,4.80,734.0,86.0
27465,144.9,6.90,29.80,0.2056,4.86,734.0,86.0
27472,142.9,7.00,29.80,0.2086,4.80,734.0,86.0
27479,144.9,6.90,29.80,0.2056,4.86,734.0,86.0
27486,142.9,7.00,29.80,0.2086,4.80,734.0,86.0
27493,144.9,6.90,29.80,0.2056,4.86,734.0,86.0
27500,144.9,6.90,29.80,0.2056,4.86,734.0,86.0
27507,144.9,6.90,29.80,0.2056,4.86,734.0,86.0
27514,142.9,7.00,29.80,0.2086,4.80,734.0,86.0
27521,144.9,6.90,29.80,0.2056,4.86,734.0,86.0
27528,142.9,7.00,29.80,0.2086,4.80,734.0,86.0
27535,144.9,6.90,29.80,0.2056,4.86,734.0,86.0
27542,142.9,7.00,29.80,0.2086,4.80,734.0,86.0
27549,142.9,7.00,29.80,0.2086,4.80,734.0,86.0
27556,147.1,6.80,29.82,0.2027,4.93,734.0,86.0
27563,142.9,7.00,29.84,0.2089,4.79,734.0,86.0
27570,144.9,6.90,29.86,0.2060,4.85,734.0,86.0
27577,142.9,7.00,29.88,0.2091,4.78,734.0,86.0
27584,142.9,7.00,29.90,0.2093,4.78,734.0,86.0
27591,140.8,7.10,29.92,0.2124,4.71,734.0,86.0
27597,147.1,6.80,29.94,0.2036,4.91,734.0,86.0
27604,144.9,6.90,29.96,0.2067,4.84,734.0,86.0
27611,142.9,7.00,29.98,0.2099,4.77,734.0,86.0
27618,144.9,6.90,30.00,0.2070,4.83,734.0,86.0
27625,142.9,7.00,30.02,0.2102,4.76,734.0,86.0
27632,144.9,6.90,30.04,0.2073,4.82,734.0,86.0
27639,144.9,6.90,30.07,0.2075,4.82,734.0,86.0
27646,144.9,6.90,30.09,0.2076,4.82,734.0,86.0
27653,144.9,6.90,30.11,0.2077,4.81,734.0,86.0
27660,140.8,7.10,30.12,0.2139,4.67,734.0,86.0
27667,147.1,6.80,30.12,0.2048,4.88,734.0,86.0
27674,140.8,7.10,30.12,0.2139,4.67,734.0,86.0
27681,142.9,7.00,30.12,0.2108,4.74,734.0,86.0
27688,144.9,6.90,30.12,0.2078,4.81,734.0,86.0
27695,144.9,6.90,30.12,0.2078,4.81,734.0,86.0
27702,142.9,7.00,30.12,0.2108,4.74,734.0,86.0
27709,142.9,7.00,30.12,0.2108,4.74,734.0,86.0
27716,144.9,6.90,30.12,0.2078,4.81,734.0,86.0
27722,144.9,6.90,30.12,0.2078,4.81,734.0,86.0
27729,144.9,6.90,30.12,0.2078,4.81,734.0,86.0
27736,144.9,6.90,30.12,0.2078,4.81,734.0,86.0
27743,144.9,6.90,30.12,0.2078,4.81,734.0,86.0
27750,142.9,7.00,30.12,0.2108,4.74,734.0,86.0
27757,142.9,7.00,30.12,0.2108,4.74,734.0,86.0
27764,144.9,6.90,30.12,0.2078,4.81,734.0,86.0
27771,142.9,7.00,30.12,0.2108,4.74,734.0,86.0
27778,144.9,6.90,30.12,0.2078,4.81,734.0,86.0
27785,144.9,6.90,30.12,0.2078,4.81,734.0,86.0
27792,140.8,7.10,30.12,0.2139,4.67,734.0,86.0
27799,147.1,6.80,30.12,0.2048,4.88,734.0,86.0
27806,142.9,7.00,30.12,0.2108,4.74,734.0,86.0
27813,144.9,6.90,30.12,0.2078,4.81,734.0,86.0
27820,140.8,7.10,30.12,0.2139,4.67,734.0,86.0
27827,147.1,6.80,30.12,0.2048,4.88,734.0,86.0
27833,144.9,6.90,30.12,0.2078,4.81,734.0,86.0
27840,142.9,7.00,30.12,0.2108,4.74,734.0,86.0
27848,140.8,7.10,30.12,0.2139,4.67,734.0,86.0
27854,149.3,6.70,30.12,0.2018,4.96,734.0,86.0
27861,142.9,7.00,30.12,0.2108,4.74,734.0,86.0
27868,144.9,6.90,30.12,0.2078,4.81,734.0,86.0
27875,140.8,7.10,30.12,0.2139,4.67,734.0,86.0
27882,144.9,6.90,30.12,0.2078,4.81,734.0,86.0
27889,144.9,6.90,30.12,0.2078,4.81,734.0,86.0
27896,142.9,7.00,30.12,0.2108,4.74,734.0,86.0
27903,144.9,6.90,30.12,0.2078,4.81,734.0,86.0
27910,142.9,7.00,30.12,0.2108,4.74,734.0,86.0
27917,144.9,6.90,30.12,0.2078,4.81,734.0,86.0
27924,140.8,7.10,30.12,0.2139,4.67,734.0,86.0
27931,144.9,6.90,30.12,0.2078,4.81,734.0,86.0
27938,144.9,6.90,30.12,0.2078,4.81,734.0,86.0
27945,147.1,6.80,30.12,0.2048,4.88,734.0,86.0
27952,142.9,7.00,30.12,0.2108,4.74,734.0,86.0
27959,142.9,7.00,30.12,0.2108,4.74,734.0,86.0
27966,142.9,7.00,30.12,0.2108,4.74,734.0,86.0
27972,144.9,6.90,30.12,0.2078,4.81,734.0,86.0
27979,142.9,7.00,30.12,0.2108,4.74,734.0,86.0
27986,147.1,6.80,30.12,0.2048,4.88,734.0,86.0
27993,142.9,7.00,30.12,0.2108,4.74,734.0,86.0
28000,140.8,7.10,30.12,0.2139,4.67,734.0,86.0
28007,147.1,6.80,30.12,0.2048,4.88,734.0,86.0
28014,144.9,6.90,30.12,0.2078,4.81,734.0,86.0
28021,140.8,7.10,30.12,0.2139,4.67,734.0,86.0
28028,144.9,6.90,30.12,0.2078,4.81,734.0,86.0
28035,140.8,7.10,30.12,0.2139,4.67,734.0,86.0
28042,149.3,6.70,30.12,0.2018,4.96,734.0,86.0
28049,144.9,6.90,30.12,0.2078,4.81,734.0,86.0
28056,144.9,6.90,30.12,0.2078,4.81,734.0,86.0
28063,142.9,7.00,30.12,0.2108,4.74,734.0,86.0
28070,144.9,6.90,30.12,0.2078,4.81,734.0,86.0
28077,142.9,7.00,30.12,0.2108,4.74,734.0,86.0
28084,142.9,7.00,30.12,0.2108,4.74,734.0,86.0
28090,144.9,6.90,30.12,0.2078,4.81,734.0,86.0
28097,142.9,7.00,30.12,0.2109,4.74,734.0,86.0
28104,144.9,6.90,30.16,0.2081,4.80,734.0,86.0
28111,144.9,6.90,30.19,0.2083,4.80,734.0,86.0
28118,140.8,7.10,30.22,0.2146,4.66,734.0,86.0
28125,147.1,6.80,30.26,0.2057,4.86,734.0,86.0
28132,142.9,7.00,30.29,0.2120,4.72,734.0,86.0
28139,142.9,7.00,30.32,0.2122,4.71,734.0,86.0
28146,144.9,6.90,30.35,0.2094,4.77,734.0,86.0
28153,144.9,6.90,30.39,0.2097,4.77,734.0,86.0
28160,142.9,7.00,30.42,0.2129,4.70,734.0,86.0
28167,144.9,6.90,30.45,0.2101,4.76,734.0,86.0
28174,144.9,6.90,30.48,0.2103,4.75,734.0,86.0
28181,144.9,6.90,30.52,0.2106,4.75,734.0,86.0
28188,142.9,7.00,30.55,0.2139,4.68,734.0,86.0
28195,140.8,7.10,30.58,0.2171,4.60,734.0,86.0
28202,147.1,6.80,30.62,0.2082,4.80,734.0,86.0
28209,142.9,7.00,30.63,0.2144,4.67,734.0,86.0
28215,147.1,6.80,30.63,0.2083,4.80,734.0,86.0
28222,140.8,7.10,30.63,0.2175,4.60,734.0,86.0
28229,144.9,6.90,30.63,0.2113,4.73,734.0,86.0
28236,144.9,6.90,30.63,0.2113,4.73,734.0,86.0
28243,144.9,6.90,30.63,0.2113,4.73,734.0,86.0
28250,142.9,7.00,30.63,0.2144,4.67,734.0,86.0
28257,142.9,7.00,30.63,0.2144,4.67,734.0,86.0
28264,144.9,6.90,30.63,0.2113,4.73,734.0,86.0
28271,142.9,7.00,30.63,0.2144,4.67,734.0,86.0
28278,140.8,7.10,30.63,0.2175,4.60,734.0,86.0
28286,135.1,7.40,30.63,0.2267,4.41,734.0,86.0
28292,158.7,6.30,30.63,0.1930,5.18,734.0,86.0
28299,144.9,6.90,30.63,0.2113,4.73,734.0,86.0
28306,142.9,7.00,30.63,0.2144,4.67,734.0,86.0
28313,144.9,6.90,30.63,0.2113,4.73,734.0,86.0
28320,142.9,7.00,30.63,0.2144,4.67,734.0,86.0
28327,144.9,6.90,30.63,0.2113,4.73,734.0,86.0
28333,144.9,6.90,30.63,0.2113,4.73,734.0,86.0
28341,140.8,7.10,30.63,0.2175,4.60,734.0,86.0
28348,142.9,7.00,30.63,0.2144,4.67,734.0,86.0
28354,147.1,6.80,30.63,0.2083,4.80,734.0,86.0
28361,142.9,7.00,30.63,0.2144,4.67,734.0,86.0
28368,144.9,6.90,30.63,0.2113,4.73,734.0,86.0
28375,144.9,6.90,30.63,0.2113,4.73,734.0,86.0
28382,142.9,7.00,30.63,0.2144,4.67,734.0,86.0
28389,142.9,7.00,30.63,0.2144,4.67,734.0,86.0
28396,144.9,6.90,30.63,0.2113,4.73,734.0,86.0
28403,142.9,7.00,30.63,0.2144,4.67,734.0,86.0
28410,147.1,6.80,30.63,0.2083,4.80,734.0,86.0
28417,144.9,6.90,30.63,0.2113,4.73,734.0,86.0
28424,144.9,6.90,30.63,0.2113,4.73,734.0,86.0
28431,140.8,7.10,30.63,0.2175,4.60,734.0,86.0
28438,144.9,6.90,30.63,0.2113,4.73,734.0,86.0
28445,142.9,7.00,30.63,0.2144,4.67,734.0,86.0
28452,144.9,6.90,30.63,0.2113,4.73,734.0,86.0
28458,144.9,6.90,30.63,0.2113,4.73,734.0,86.0
28465,144.9,6.90,30.63,0.2113,4.73,734.0,86.0
28472,142.9,7.00,30.63,0.2144,4.67,734.0,86.0
28479,144.9,6.90,30.63,0.2113,4.73,734.0,86.0
28486,142.9,7.00,30.63,0.2144,4.67,734.0,86.0
28493,142.9,7.00,30.63,0.2144,4.67,734.0,86.0
28500,144.9,6.90,30.63,0.2113,4.73,734.0,86.0
28507,142.9,7.00,30.63,0.2144,4.67,734.0,86.0
28514,142.9,7.00,30.63,0.2144,4.67,734.0,86.0
28521,144.9,6.90,30.63,0.2113,4.73,734.0,86.0
28528,144.9,6.90,30.63,0.2113,4.73,734.0,86.0
28535,140.8,7.10,30.64,0.2175,4.60,734.0,86.0
28542,147.1,6.80,30.66,0.2085,4.80,734.0,86.1
28549,144.9,6.90,30.69,0.2118,4.72,734.0,86.1
28556,144.9,6.90,30.71,0.2119,4.72,734.0,86.2
28563,142.9,7.00,30.74,0.2152,4.65,734.0,86.3
28570,144.9,6.90,30.77,0.2123,4.71,734.0,86.3
28576,144.9,6.90,30.79,0.2124,4.71,734.0,86.4
28584,140.8,7.10,30.82,0.2188,4.57,734.0,86.5
28590,144.9,6.90,30.84,0.2128,4.70,734.0,86.5
28597,142.9,7.00,30.87,0.2161,4.63,734.0,86.6
28604,144.9,6.90,30.89,0.2132,4.69,734.0,86.6
28611,142.9,7.00,30.92,0.2164,4.62,734.0,86.7
28618,147.1,6.80,30.94,0.2104,4.75,734.0,86.8
28625,142.9,7.00,30.97,0.2168,4.61,734.0,86.8
28632,142.9,7.00,31.00,0.2170,4.61,734.0,86.9
28639,144.9,6.90,31.02,0.2140,4.67,734.0,87.0
28646,142.9,7.00,31.04,0.2173,4.60,734.0,87.0
28653,144.9,6.90,31.04,0.2142,4.67,734.0,87.0
28660,147.1,6.80,31.04,0.2111,4.74,734.0,87.0
28667,144.9,6.90,31.04,0.2142,4.67,734.0,87.0
28674,142.9,7.00,31.04,0.2173,4.60,734.0,87.0
28681,142.9,7.00,31.04,0.2173,4.60,734.0,87.0
28688,144.9,6.90,31.04,0.2142,4.67,734.0,87.0
28695,144.9,6.90,31.04,0.2142,4.67,734.0,87.0
28702,142.9,7.00,31.04,0.2173,4.60,734.0,87.0
28709,142.9,7.00,31.04,0.2173,4.60,734.0,87.0
28715,144.9,6.90,31.04,0.2142,4.67,734.0,87.0
28723,140.8,7.10,31.04,0.2204,4.54,734.0,87.0
28729,147.1,6.80,31.04,0.2111,4.74,734.0,87.0
28736,142.9,7.00,31.04,0.2173,4.60,734.0,87.0
28743,144.9,6.90,31.04,0.2142,4.67,734.0,87.0
28750,144.9,6.90,31.04,0.2142,4.67,734.0,87.0
28757,144.9,6.90,31.04,0.2142,4.67,734.0,87.0
28764,142.9,7.00,31.04,0.2173,4.60,734.0,87.0
28771,144.9,6.90,31.04,0.2142,4.67,734.0,87.0
28778,142.9,7.00,31.04,0.2173,4.60,734.0,87.0
28785,144.9,6.90,31.04,0.2142,4.67,734.0,87.0
28792,142.9,7.00,31.04,0.2173,4.60,734.0,87.0
28799,142.9,7.00,31.04,0.2173,4.60,734.0,87.0
28806,147.1,6.80,31.04,0.2111,4.74,734.0,87.0
28813,142.9,7.00,31.04,0.2173,4.60,734.0,87.0
28820,142.9,7.00,31.04,0.2173,4.60,734.0,87.0
28827,144.9,6.90,31.04,0.2142,4.67,734.0,87.0
28834,142.9,7.00,31.04,0.2173,4.60,734.0,87.0
28840,144.9,6.90,31.04,0.2142,4.67,734.0,87.0
28847,144.9,6.90,31.04,0.2142,4.67,734.0,87.0
28854,142.9,7.00,31.04,0.2173,4.60,734.0,87.0
28861,144.9,6.90,31.04,0.2142,4.67,734.0,87.0
28868,142.9,7.00,31.04,0.2173,4.60,734.0,87.0
28875,142.9,7.00,31.04,0.2173,4.60,734.0,87.0
28882,144.9,6.90,31.04,0.2142,4.67,734.0,87.0
28889,142.9,7.00,31.04,0.2173,4.60,734.0,87.0
28896,142.9,7.00,31.04,0.2173,4.60,734.0,87.0
28903,144.9,6.90,31.04,0.2142,4.67,734.0,87.0
28910,147.1,6.80,31.04,0.2111,4.74,734.0,87.0
28917,142.9,7.00,31.04,0.2173,4.60,734.0,87.0
28924,144.9,6.90,31.04,0.2142,4.67,734.0,87.0
28931,144.9,6.90,31.04,0.2142,4.67,734.0,87.0
28938,142.9,7.00,31.04,0.2173,4.60,734.0,87.0
28945,144.9,6.90,31.04,0.2142,4.67,734.0,87.0
28952,142.9,7.00,31.04,0.2173,4.60,734.0,87.0
28959,142.9,7.00,31.04,0.2173,4.60,734.0,87.0
28965,144.9,6.90,31.04,0.2142,4.67,734.0,87.0
28972,142.9,7.00,31.04,0.2173,4.60,734.0,87.0
28979,144.9,6.90,31.04,0.2142,4.67,734.0,87.0
28986,144.9,6.90,31.04,0.2142,4.67,734.0,87.0
28993,144.9,6.90,31.04,0.2142,4.67,734.0,87.0
29000,142.9,7.00,31.04,0.2173,4.60,734.0,87.0
29007,144.9,6.90,31.04,0.2142,4.67,734.0,87.0
29014,142.9,7.00,31.04,0.2173,4.60,734.0,87.0
29021,144.9,6.90,31.04,0.2142,4.67,734.0,87.0
29028,142.9,7.00,31.04,0.2173,4.60,734.0,87.0
29035,147.1,6.80,31.04,0.2111,4.74,734.0,87.0
29042,140.8,7.10,31.04,0.2204,4.54,734.0,87.0
29049,144.9,6.90,31.04,0.2142,4.67,734.0,87.0
29056,144.9,6.90,31.04,0.2142,4.67,734.0,87.0
29063,142.9,7.00,31.04,0.2173,4.60,734.0,87.0
29070,144.9,6.90,31.04,0.2142,4.67,734.0,87.0
29077,142.9,7.00,31.04,0.2173,4.60,734.0,87.0
29083,144.9,6.90,31.04,0.2142,4.67,734.0,87.0
29090,144.9,6.90,31.06,0.2143,4.67,734.0,87.0
29097,142.9,7.00,31.08,0.2176,4.60,734.0,87.0
29104,142.9,7.00,31.11,0.2178,4.59,734.0,87.0
29111,144.9,6.90,31.13,0.2148,4.65,734.0,87.0
29118,144.9,6.90,31.16,0.2150,4.65,734.0,87.0
29125,142.9,7.00,31.19,0.2183,4.58,734.0,87.0
29132,144.9,6.90,31.21,0.2154,4.64,734.0,87.0
29139,144.9,6.90,31.24,0.2156,4.64,734.0,87.0
29146,140.8,7.10,31.27,0.2220,4.50,734.0,87.0
29153,144.9,6.90,31.29,0.2159,4.63,734.0,87.0
29161,126.6,7.90,31.32,0.2474,4.04,734.0,87.0
29167,166.7,6.00,31.34,0.1881,5.32,734.0,87.0
29174,144.9,6.90,31.37,0.2165,4.62,734.0,87.0
29181,144.9,6.90,31.40,0.2166,4.62,734.0,87.0
29188,142.9,7.00,31.42,0.2200,4.55,734.0,87.0
29195,144.9,6.90,31.45,0.2170,4.61,734.0,87.0
29201,144.9,6.90,31.45,0.2170,4.61,734.0,87.0
29208,142.9,7.00,31.45,0.2202,4.54,734.0,87.0
29215,142.9,7.00,31.45,0.2202,4.54,734.0,87.0
29222,144.9,6.90,31.45,0.2170,4.61,734.0,87.0
29229,144.9,6.90,31.45,0.2170,4.61,734.0,87.0
29236,142.9,7.00,31.45,0.2202,4.54,734.0,87.0
29243,144.9,6.90,31.45,0.2170,4.61,734.0,87.0
29250,142.9,7.00,31.45,0.2202,4.54,734.0,87.0
29257,144.9,6.90,31.45,0.2170,4.61,734.0,87.0
29264,142.9,7.00,31.45,0.2202,4.54,734.0,87.0
29271,142.9,7.00,31.45,0.2202,4.54,734.0,87.0
29278,144.9,6.90,31.45,0.2170,4.61,734.0,87.0
29285,147.1,6.80,31.45,0.2139,4.68,734.0,87.0
29292,140.8,7.10,31.45,0.2233,4.48,734.0,87.0
29299,144.9,6.90,31.45,0.2170,4.61,734.0,87.0
29306,140.8,7.10,31.45,0.2233,4.48,734.0,87.0
29313,147.1,6.80,31.45,0.2139,4.68,734.0,87.0
29320,142.9,7.00,31.45,0.2202,4.54,734.0,87.0
29327,142.9,7.00,31.45,0.2202,4.54,734.0,87.0
29334,144.9,6.90,31.45,0.2170,4.61,734.0,87.0
29340,147.1,6.80,31.45,0.2139,4.68,734.0,87.0
29347,142.9,7.00,31.45,0.2202,4.54,734.0,87.0
29354,144.9,6.90,31.45,0.2170,4.61,734.0,87.0
29361,142.9,7.00,31.45,0.2202,4.54,734.0,87.0
29368,144.9,6.90,31.45,0.2170,4.61,734.0,87.0
29375,142.9,7.00,31.45,0.2202,4.54,734.0,87.0
29382,144.9,6.90,31.45,0.2170,4.61,734.0,87.0
29389,142.9,7.00,31.45,0.2202,4.54,734.0,87.0
29396,144.9,6.90,31.45,0.2170,4.61,734.0,87.0
29403,142.9,7.00,31.45,0.2202,4.54,734.0,87.0
29410,144.9,6.90,31.45,0.2170,4.61,734.0,87.0
29417,144.9,6.90,31.45,0.2170,4.61,734.0,87.0
29424,142.9,7.00,31.45,0.2202,4.54,734.0,87.0
29431,142.9,7.00,31.45,0.2202,4.54,734.0,87.0
29438,147.1,6.80,31.45,0.2139,4.68,734.0,87.0
29445,142.9,7.00,31.45,0.2202,4.54,734.0,87.0
29452,142.9,7.00,31.45,0.2202,4.54,734.0,87.0
29459,142.9,7.00,31.45,0.2202,4.54,734.0,87.0
29465,147.1,6.80,31.45,0.2139,4.68,734.0,87.0
29472,142.9,7.00,31.45,0.2202,4.54,734.0,87.0
29480,138.9,7.20,31.45,0.2264,4.42,734.0,87.0
29486,149.3,6.70,31.45,0.2107,4.75,734.0,87.0
29493,144.9,6.90,31.45,0.2170,4.61,734.0,87.0
29500,144.9,6.90,31.45,0.2170,4.61,734.0,87.0
29507,142.9,7.00,31.45,0.2202,4.54,734.0,87.0
29514,144.9,6.90,31.45,0.2170,4.61,734.0,87.0
29521,142.9,7.00,31.45,0.2202,4.54,734.0,87.0
29528,144.9,6.90,31.45,0.2170,4.61,734.0,87.0
29535,140.8,7.10,31.44,0.2232,4.48,734.0,87.0
29542,144.9,6.90,31.43,0.2169,4.61,734.0,87.0
29549,144.9,6.90,31.42,0.2168,4.61,734.0,87.0
29556,144.9,6.90,31.41,0.2168,4.61,734.0,87.0
29563,142.9,7.00,31.41,0.2198,4.55,734.0,87.0
29570,142.9,7.00,31.40,0.2198,4.55,734.0,87.0
29577,144.9,6.90,31.39,0.2166,4.62,734.0,87.0
29584,142.9,7.00,31.38,0.2197,4.55,734.0,87.0
29590,144.9,6.90,31.37,0.2165,4.62,734.0,87.0
29597,144.9,6.90,31.37,0.2164,4.62,734.0,87.0
29604,142.9,7.00,31.36,0.2195,4.56,734.0,87.0
29611,142.9,7.00,31.35,0.2194,4.56,734.0,87.0
29618,147.1,6.80,31.34,0.2131,4.69,734.0,87.0
29625,142.9,7.00,31.33,0.2193,4.56,734.0,87.0
29632,142.9,7.00,31.32,0.2193,4.56,734.0,87.0
29639,142.9,7.00,31.32,0.2192,4.56,734.0,87.0
29646,144.9,6.90,31.32,0.2161,4.63,734.0,87.0
29653,144.9,6.90,31.32,0.2161,4.63,734.0,87.0
29660,144.9,6.90,31.32,0.2161,4.63,734.0,87.0
29667,142.9,7.00,31.32,0.2192,4.56,734.0,87.0
29674,144.9,6.90,31.32,0.2161,4.63,734.0,87.0
29681,144.9,6.90,31.32,0.2161,4.63,734.0,87.0
29688,142.9,7.00,31.32,0.2192,4.56,734.0,87.0
29695,142.9,7.00,31.32,0.2192,4.56,734.0,87.0
29702,144.9,6.90,31.32,0.2161,4.63,734.0,87.0
29708,144.9,6.90,31.32,0.2161,4.63,734.0,87.0
29715,144.9,6.90,31.32,0.2161,4.63,734.0,87.0
29722,142.9,7.00,31.32,0.2192,4.56,734.0,87.0
29729,144.9,6.90,31.32,0.2161,4.63,734.0,87.0
29736,142.9,7.00,31.32,0.2192,4.56,734.0,87.0
29743,144.9,6.90,31.32,0.2161,4.63,734.0,87.0
29750,144.9,6.90,31.32,0.2161,4.63,734.0,87.0
29757,142.9,7.00,31.32,0.2192,4.56,734.0,87.0
29764,144.9,6.90,31.32,0.2161,4.63,734.0,87.0
29771,142.9,7.00,31.32,0.2192,4.56,734.0,87.0
29778,144.9,6.90,31.32,0.2161,4.63,734.0,87.0
29785,144.9,6.90,31.32,0.2161,4.63,734.0,87.0
29792,140.8,7.10,31.32,0.2224,4.50,734.0,87.0
29799,144.9,6.90,31.32,0.2161,4.63,734.0,87.0
29806,144.9,6.90,31.32,0.2161,4.63,734.0,87.0
29813,142.9,7.00,31.32,0.2192,4.56,734.0,87.0
29820,144.9,6.90,31.32,0.2161,4.63,734.0,87.0
29827,142.9,7.00,31.32,0.2192,4.56,734.0,87.0
29833,144.9,6.90,31.32,0.2161,4.63,734.0,87.0
29840,142.9,7.00,31.32,0.2192,4.56,734.0,87.0
29847,144.9,6.90,31.32,0.2161,4.63,734.0,87.0
29854,142.9,7.00,31.32,0.2192,4.56,734.0,87.0
29861,144.9,6.90,31.32,0.2161,4.63,734.0,87.0
29868,144.9,6.90,31.32,0.2161,4.63,734.0,87.0
29875,142.9,7.00,31.32,0.2192,4.56,734.0,87.0
29882,142.9,7.00,31.32,0.2192,4.56,734.0,87.0
29889,144.9,6.90,31.32,0.2161,4.63,734.0,87.0
29896,142.9,7.00,31.32,0.2192,4.56,734.0,87.0
29903,147.1,6.80,31.32,0.2130,4.70,734.0,87.0
29910,142.9,7.00,31.32,0.2192,4.56,734.0,87.0
29917,142.9,7.00,31.32,0.2192,4.56,734.0,87.0
29924,144.9,6.90,31.32,0.2161,4.63,734.0,87.0
29931,144.9,6.90,31.32,0.2161,4.63,734.0,87.0
29938,142.9,7.00,31.32,0.2192,4.56,734.0,87.0
29944,147.1,6.80,31.32,0.2130,4.70,734.0,87.0
29951,142.9,7.00,31.32,0.2192,4.56,734.0,87.0
29958,142.9,7.00,31.32,0.2192,4.56,734.0,87.0
29965,142.9,7.00,31.32,0.2192,4.56,734.0,87.0
29972,144.9,6.90,31.32,0.2161,4.63,734.0,87.0
29979,142.9,7.00,31.32,0.2192,4.56,734.0,87.0
29986,144.9,6.90,31.32,0.2161,4.63,734.0,87.0
29993,144.9,6.90,31.32,0.2161,4.63,734.0,87.0
30000,142.9,7.00,31.32,0.2192,4.56,734.0,87.0
30007,144.9,6.90,31.32,0.2161,4.63,734.0,87.0
30014,144.9,6.90,31.32,0.2161,4.63,734.0,87.0
30021,142.9,7.00,31.32,0.2192,4.56,734.0,87.0
30028,144.9,6.90,31.32,0.2161,4.63,734.0,87.0
30035,142.9,7.00,31.32,0.2192,4.56,734.0,87.0
30042,144.9,6.90,31.32,0.2161,4.63,734.0,87.0
30049,142.9,7.00,31.32,0.2192,4.56,734.0,87.0
30056,142.9,7.00,31.32,0.2192,4.56,734.0,87.0
30063,147.1,6.80,31.32,0.2130,4.70,734.0,87.0
30070,142.9,7.00,31.32,0.2192,4.56,734.0,87.0
30077,142.9,7.00,31.31,0.2192,4.56,734.0,87.0
30083,144.9,6.90,31.28,0.2158,4.63,734.0,86.9
30090,144.9,6.90,31.23,0.2155,4.64,734.0,86.9
30097,142.9,7.00,31.19,0.2183,4.58,734.0,86.8
30104,144.9,6.90,31.14,0.2149,4.65,734.0,86.7
30111,144.9,6.90,31.10,0.2146,4.66,734.0,86.7
30118,142.9,7.00,31.05,0.2174,4.60,734.0,86.6
30125,142.9,7.00,31.01,0.2170,4.61,734.0,86.6
30132,144.9,6.90,30.96,0.2136,4.68,734.0,86.5
30139,144.9,6.90,30.92,0.2133,4.69,734.0,86.4
30146,142.9,7.00,30.87,0.2161,4.63,734.0,86.4
30153,142.9,7.00,30.83,0.2158,4.64,734.0,86.3
30160,142.9,7.00,30.78,0.2155,4.64,734.0,86.2
30167,147.1,6.80,30.74,0.2090,4.79,734.0,86.2
30174,144.9,6.90,30.69,0.2118,4.72,734.0,86.1
30181,140.8,7.10,30.65,0.2176,4.59,734.0,86.0
30188,147.1,6.80,30.62,0.2082,4.80,734.0,86.0
30195,142.9,7.00,30.62,0.2143,4.67,734.0,86.0
30201,144.9,6.90,30.62,0.2113,4.73,734.0,86.0
30208,142.9,7.00,30.62,0.2143,4.67,734.0,86.0
30215,144.9,6.90,30.62,0.2113,4.73,734.0,86.0
30222,142.9,7.00,30.62,0.2143,4.67,734.0,86.0
30229,144.9,6.90,30.62,0.2113,4.73,734.0,86.0
30236,142.9,7.00,30.62,0.2143,4.67,734.0,86.0
30243,144.9,6.90,30.62,0.2113,4.73,734.0,86.0
30250,144.9,6.90,30.62,0.2113,4.73,734.0,86.0
30257,142.9,7.00,30.62,0.2143,4.67,734.0,86.0
30264,142.9,7.00,30.62,0.2143,4.67,734.0,86.0
30271,144.9,6.90,30.62,0.2113,4.73,734.0,86.0
30278,142.9,7.00,30.62,0.2143,4.67,734.0,86.0
30285,144.9,6.90,30.62,0.2113,4.73,734.0,86.0
30292,144.9,6.90,30.62,0.2113,4.73,734.0,86.0
30299,142.9,7.00,30.62,0.2143,4.67,734.0,86.0
30306,144.9,6.90,30.62,0.2113,4.73,734.0,86.0
30313,144.9,6.90,30.62,0.2113,4.73,734.0,86.0
30320,142.9,7.00,30.62,0.2143,4.67,734.0,86.0
30326,144.9,6.90,30.62,0.2113,4.73,734.0,86.0
30333,142.9,7.00,30.62,0.2143,4.67,734.0,86.0
30340,142.9,7.00,30.62,0.2143,4.67,734.0,86.0
30347,142.9,7.00,30.62,0.2143,4.67,734.0,86.0
30354,144.9,6.90,30.62,0.2113,4.73,734.0,86.0
30361,144.9,6.90,30.62,0.2113,4.73,734.0,86.0
30368,144.9,6.90,30.62,0.2113,4.73,734.0,86.0
30375,144.9,6.90,30.62,0.2113,4.73,734.0,86.0
30382,142.9,7.00,30.62,0.2143,4.67,734.0,86.0
30389,144.9,6.90,30.62,0.2113,4.73,734.0,86.0
30396,142.9,7.00,30.62,0.2143,4.67,734.0,86.0
30403,144.9,6.90,30.62,0.2113,4.73,734.0,86.0
30410,142.9,7.00,30.62,0.2143,4.67,734.0,86.0
30417,144.9,6.90,30.62,0.2113,4.73,734.0,86.0
30424,144.9,6.90,30.62,0.2113,4.73,734.0,86.0
30431,144.9,6.90,30.62,0.2113,4.73,734.0,86.0
30438,142.9,7.00,30.62,0.2143,4.67,734.0,86.0
30445,144.9,6.90,30.62,0.2113,4.73,734.0,86.0
30451,147.1,6.80,30.62,0.2082,4.80,734.0,86.0
30458,142.9,7.00,30.62,0.2143,4.67,734.0,86.0
30465,142.9,7.00,30.62,0.2143,4.67,734.0,86.0
30472,142.9,7.00,30.62,0.2143,4.67,734.0,86.0
30479,144.9,6.90,30.62,0.2113,4.73,734.0,86.0
30486,142.9,7.00,30.62,0.2143,4.67,734.0,86.0
30493,144.9,6.90,30.62,0.2113,4.73,734.0,86.0
30500,142.9,7.00,30.62,0.2143,4.67,734.0,86.0
30507,144.9,6.90,30.62,0.2113,4.73,734.0,86.0
30514,142.9,7.00,30.61,0.2143,4.67,734.0,86.0
30521,144.9,6.90,30.57,0.2109,4.74,734.0,86.0
30528,142.9,7.00,30.52,0.2136,4.68,734.0,86.0
30535,144.9,6.90,30.47,0.2103,4.75,734.0,86.0
30542,142.9,7.00,30.43,0.2130,4.70,734.0,86.0
30549,144.9,6.90,30.38,0.2096,4.77,734.0,86.0
30556,147.1,6.80,30.33,0.2063,4.85,734.0,86.0
30563,142.9,7.00,30.29,0.2120,4.72,734.0,86.0
30570,142.9,7.00,30.24,0.2117,4.73,734.0,86.0
30577,144.9,6.90,30.20,0.2083,4.80,734.0,86.0
30584,142.9,7.00,30.15,0.2110,4.74,734.0,86.0
30590,144.9,6.90,30.11,0.2078,4.81,734.0,86.0
30597,144.9,6.90,30.06,0.2074,4.82,734.0,86.0
30604,142.9,7.00,30.02,0.2101,4.76,734.0,86.0
30611,147.1,6.80,29.97,0.2038,4.91,734.0,86.0
30618,140.8,7.10,29.92,0.2125,4.71,734.0,86.0
30625,144.9,6.90,29.89,0.2062,4.85,734.0,86.0
30632,144.9,6.90,29.89,0.2062,4.85,734.0,86.0
30639,142.9,7.00,29.89,0.2092,4.78,734.0,86.0
30646,142.9,7.00,29.89,0.2092,4.78,734.0,86.0
30653,144.9,6.90,29.89,0.2062,4.85,734.0,86.0
30660,137.0,7.30,29.89,0.2182,4.58,734.0,86.0
30670,98.0,10.20,29.89,0.3049,3.28,734.0,86.0
30678,137.0,7.30,29.89,0.2182,4.58,734.0,86.0
30684,151.5,6.60,29.89,0.1973,5.07,734.0,86.0
30691,151.5,6.60,29.89,0.1973,5.07,734.0,86.0
30698,147.1,6.80,29.89,0.2033,4.92,734.0,86.0
30706,126.6,7.90,29.89,0.2361,4.24,734.0,86.0
30713,133.3,7.50,29.89,0.2242,4.46,734.0,86.0
30722,112.4,8.90,29.89,0.2660,3.76,734.0,86.0
30730,122.0,8.20,29.89,0.2451,4.08,734.0,86.0
30738,125.0,8.00,29.89,0.2391,4.18,734.0,86.0
30746,133.3,7.50,29.89,0.2242,4.46,734.0,86.0
30752,166.7,6.00,29.89,0.1793,5.58,734.0,86.0
30757,185.2,5.40,29.89,0.1614,6.20,734.0,86.0
30764,142.9,7.00,29.89,0.2092,4.78,734.0,86.0
30771,144.9,6.90,29.89,0.2062,4.85,734.0,86.0
30778,147.1,6.80,29.89,0.2033,4.92,734.0,86.0
30785,140.8,7.10,29.89,0.2122,4.71,734.0,86.0
30792,147.1,6.80,29.89,0.2033,4.92,734.0,86.0
30799,142.9,7.00,29.89,0.2092,4.78,734.0,86.0
30806,142.9,7.00,29.89,0.2092,4.78,734.0,86.0
30813,147.1,6.80,29.89,0.2033,4.92,734.0,86.0
30820,142.9,7.00,29.89,0.2092,4.78,734.0,86.0
30826,144.9,6.90,29.89,0.2062,4.85,734.0,86.0
30833,144.9,6.90,29.89,0.2062,4.85,734.0,86.0
30840,142.9,7.00,29.89,0.2092,4.78,734.0,86.0
30847,140.8,7.10,29.89,0.2122,4.71,734.0,86.0
30854,144.9,6.90,29.89,0.2062,4.85,734.0,86.0
30861,144.9,6.90,29.89,0.2062,4.85,734.0,86.0
30868,144.9,6.90,29.89,0.2062,4.85,734.0,86.0
30875,144.9,6.90,29.89,0.2062,4.85,734.0,86.0
30882,142.9,7.00,29.89,0.2092,4.78,734.0,86.0
30889,142.9,7.00,29.89,0.2092,4.78,734.0,86.0
30896,144.9,6.90,29.89,0.2062,4.85,734.0,86.0
30903,142.9,7.00,29.89,0.2092,4.78,734.0,86.0
30910,147.1,6.80,29.89,0.2033,4.92,734.0,86.0
30917,140.8,7.10,29.89,0.2122,4.71,734.0,86.0
30924,144.9,6.90,29.89,0.2062,4.85,734.0,86.0
30931,144.9,6.90,29.89,0.2062,4.85,734.0,86.0
30938,144.9,6.90,29.89,0.2062,4.85,734.0,86.0
30945,140.8,7.10,29.89,0.2122,4.71,734.0,86.0
30952,144.9,6.90,29.89,0.2062,4.85,734.0,86.0
30958,144.9,6.90,29.89,0.2062,4.85,734.0,86.0
30965,144.9,6.90,29.89,0.2062,4.85,734.0,86.0
30972,142.9,7.00,29.89,0.2092,4.78,734.0,86.0
30979,144.9,6.90,29.89,0.2062,4.85,734.0,86.0
30986,142.9,7.00,29.89,0.2092,4.78,734.0,86.0
30993,144.9,6.90,29.89,0.2062,4.85,734.0,86.0
31000,142.9,7.00,29.89,0.2092,4.78,734.0,86.0
31007,144.9,6.90,29.89,0.2062,4.85,734.0,86.0
31014,142.9,7.00,29.89,0.2092,4.78,734.0,86.0
31021,144.9,6.90,29.89,0.2062,4.85,734.0,86.0
31028,142.9,7.00,29.89,0.2092,4.78,734.0,86.0
31035,144.9,6.90,29.89,0.2062,4.85,734.0,86.0
31042,142.9,7.00,29.89,0.2092,4.78,734.0,86.0
31049,144.9,6.90,29.89,0.2062,4.85,734.0,86.0
31056,142.9,7.00,29.89,0.2092,4.78,734.0,86.0
31063,144.9,6.90,29.87,0.2061,4.85,734.0,86.0
31070,144.9,6.90,29.83,0.2058,4.86,734.0,86.0
31077,140.8,7.10,29.78,0.2115,4.73,734.0,86.0
31083,147.1,6.80,29.75,0.2023,4.95,734.0,86.0
31090,142.9,7.00,29.70,0.2079,4.81,734.0,86.0
31097,144.9,6.90,29.66,0.2046,4.89,734.0,86.0
31104,144.9,6.90,29.61,0.2043,4.89,734.0,86.0
31111,142.9,7.00,29.57,0.2070,4.83,734.0,86.0
31118,144.9,6.90,29.53,0.2037,4.91,734.0,86.0
31125,144.9,6.90,29.48,0.2034,4.91,734.0,86.0
31132,144.9,6.90,29.44,0.2031,4.92,734.0,86.0
31139,142.9,7.00,29.39,0.2058,4.86,734.0,86.0
31146,142.9,7.00,29.35,0.2055,4.87,734.0,86.0
31153,142.9,7.00,29.31,0.2051,4.88,734.0,86.0
31160,147.1,6.80,29.26,0.1990,5.03,734.0,86.0
31167,140.8,7.10,29.22,0.2075,4.82,734.0,86.0
31174,147.1,6.80,29.20,0.1986,5.04,734.0,86.0
31181,142.9,7.00,29.20,0.2044,4.89,734.0,86.0
31188,142.9,7.00,29.20,0.2044,4.89,734.0,86.0
31195,142.9,7.00,29.20,0.2044,4.89,734.0,86.0
31201,147.1,6.80,29.20,0.1986,5.04,734.0,86.0
31209,140.8,7.10,29.20,0.2073,4.82,734.0,86.0
31216,142.9,7.00,29.20,0.2044,4.89,734.0,86.0
31222,147.1,6.80,29.20,0.1986,5.04,734.0,86.0
31229,144.9,6.90,29.20,0.2015,4.96,734.0,86.0
31236,144.9,6.90,29.20,0.2015,4.96,734.0,86.0
31243,142.9,7.00,29.20,0.2044,4.89,734.0,86.0
31250,142.9,7.00,29.20,0.2044,4.89,734.0,86.0
31257,144.9,6.90,29.20,0.2015,4.96,734.0,86.0
31264,140.8,7.10,29.20,0.2073,4.82,734.0,86.0
31271,149.3,6.70,29.20,0.1956,5.11,734.0,86.0
31278,142.9,7.00,29.20,0.2044,4.89,734.0,86.0
31285,142.9,7.00,29.20,0.2044,4.89,734.0,86.0
31292,144.9,6.90,29.20,0.2015,4.96,734.0,86.0
31299,142.9,7.00,29.20,0.2044,4.89,734.0,86.0
31306,144.9,6.90,29.20,0.2015,4.96,734.0,86.0
31313,142.9,7.00,29.20,0.2044,4.89,734.0,86.0
31320,144.9,6.90,29.20,0.2015,4.96,734.0,86.0
31326,144.9,6.90,29.20,0.2015,4.96,734.0,86.0
31333,144.9,6.90,29.20,0.2015,4.96,734.0,86.0
31340,142.9,7.00,29.20,0.2044,4.89,734.0,86.0
31347,142.9,7.00,29.20,0.2044,4.89,734.0,86.0
31354,144.9,6.90,29.20,0.2015,4.96,734.0,86.0
31361,142.9,7.00,29.20,0.2044,4.89,734.0,86.0
31368,144.9,6.90,29.20,0.2015,4.96,734.0,86.0
31375,144.9,6.90,29.20,0.2015,4.96,734.0,86.0
31382,140.8,7.10,29.20,0.2073,4.82,734.0,86.0
31389,147.1,6.80,29.20,0.1986,5.04,734.0,86.0
31396,140.8,7.10,29.20,0.2073,4.82,734.0,86.0
31403,147.1,6.80,29.20,0.1986,5.04,734.0,86.0
31410,142.9,7.00,29.20,0.2044,4.89,734.0,86.0
31417,144.9,6.90,29.20,0.2015,4.96,734.0,86.0
31424,142.9,7.00,29.20,0.2044,4.89,734.0,86.0
31431,147.1,6.80,29.20,0.1986,5.04,734.0,86.0
31438,140.8,7.10,29.20,0.2073,4.82,734.0,86.0
31445,144.9,6.90,29.20,0.2015,4.96,734.0,86.0
31452,140.8,7.10,29.20,0.2073,4.82,734.0,86.0
31458,147.1,6.80,29.20,0.1986,5.04,734.0,86.0
31465,144.9,6.90,29.20,0.2015,4.96,734.0,86.0
31472,142.9,7.00,29.20,0.2044,4.89,734.0,86.0
31479,144.9,6.90,29.20,0.2015,4.96,734.0,86.0
31486,144.9,6.90,29.20,0.2015,4.96,734.0,86.0
31493,142.9,7.00,29.20,0.2044,4.89,734.0,86.0
31500,144.9,6.90,29.19,0.2014,4.96,734.0,86.0
31507,142.9,7.00,29.16,0.2041,4.90,734.0,86.0
31514,144.9,6.90,29.14,0.2011,4.97,734.0,86.0
31521,144.9,6.90,29.12,0.2009,4.98,734.0,86.0
31528,142.9,7.00,29.09,0.2037,4.91,734.0,86.0
31535,144.9,6.90,29.07,0.2006,4.98,734.0,86.0
31542,142.9,7.00,29.05,0.2033,4.92,734.0,86.0
31549,142.9,7.00,29.02,0.2032,4.92,734.0,86.0
31556,142.9,7.00,29.00,0.2030,4.93,734.0,86.0
31563,144.9,6.90,28.98,0.2000,5.00,734.0,86.0
31570,144.9,6.90,28.96,0.1998,5.00,734.0,86.0
31577,140.8,7.10,28.93,0.2054,4.87,734.0,86.0
31584,144.9,6.90,28.91,0.1995,5.01,734.0,86.0
31590,144.9,6.90,28.89,0.1993,5.02,734.0,86.0
31597,142.9,7.00,28.87,0.2021,4.95,734.0,86.0
31604,144.9,6.90,28.84,0.1990,5.02,734.0,86.0
31611,144.9,6.90,28.84,0.1990,5.02,734.0,86.0
31618,144.9,6.90,28.84,0.1990,5.02,734.0,86.0
31625,144.9,6.90,28.84,0.1990,5.02,734.0,86.0
31632,137.0,7.30,28.84,0.2105,4.75,734.0,86.0
31639,149.3,6.70,28.84,0.1932,5.18,734.0,86.0
31646,144.9,6.90,28.84,0.1990,5.02,734.0,86.0
31653,144.9,6.90,28.84,0.1990,5.02,734.0,86.0
31660,142.9,7.00,28.84,0.2019,4.95,734.0,86.0
31667,144.9,6.90,28.84,0.1990,5.02,734.0,86.0
31674,142.9,7.00,28.84,0.2019,4.95,734.0,86.0
31681,147.1,6.80,28.84,0.1961,5.10,734.0,86.0
31688,140.8,7.10,28.84,0.2048,4.88,734.0,86.0
31695,144.9,6.90,28.84,0.1990,5.02,734.0,86.0
31701,144.9,6.90,28.84,0.1990,5.02,734.0,86.0
31708,144.9,6.90,28.84,0.1990,5.02,734.0,86.0
31715,142.9,7.00,28.84,0.2019,4.95,734.0,86.0
31722,142.9,7.00,28.84,0.2019,4.95,734.0,86.0
31729,144.9,6.90,28.84,0.1990,5.02,734.0,86.0
31736,142.9,7.00,28.84,0.2019,4.95,734.0,86.0
31743,147.1,6.80,28.84,0.1961,5.10,734.0,86.0
31750,144.9,6.90,28.84,0.1990,5.02,734.0,86.0
31757,142.9,7.00,28.84,0.2019,4.95,734.0,86.0
31764,144.9,6.90,28.84,0.1990,5.02,734.0,86.0
31771,144.9,6.90,28.84,0.1990,5.02,734.0,86.0
31778,142.9,7.00,28.84,0.2019,4.95,734.0,86.0
31785,142.9,7.00,28.84,0.2019,4.95,734.0,86.0
31792,144.9,6.90,28.84,0.1990,5.02,734.0,86.0
31799,142.9,7.00,28.84,0.2019,4.95,734.0,86.0
31806,144.9,6.90,28.84,0.1990,5.02,734.0,86.0
31813,142.9,7.00,28.84,0.2019,4.95,734.0,86.0
31820,142.9,7.00,28.84,0.2019,4.95,734.0,86.0
31826,147.1,6.80,28.84,0.1961,5.10,734.0,86.0
31833,142.9,7.00,28.84,0.2019,4.95,734.0,86.0
31840,142.9,7.00,28.84,0.2019,4.95,734.0,86.0
31847,142.9,7.00,28.84,0.2019,4.95,734.0,86.0
31854,144.9,6.90,28.84,0.1990,5.02,734.0,86.0
31861,142.9,7.00,28.84,0.2019,4.95,734.0,86.0
31868,144.9,6.90,28.84,0.1990,5.02,734.0,86.0
31875,144.9,6.90,28.84,0.1990,5.02,734.0,86.0
31882,144.9,6.90,28.84,0.1990,5.02,734.0,86.0
31889,144.9,6.90,28.84,0.1990,5.02,734.0,86.0
31896,142.9,7.00,28.84,0.2019,4.95,734.0,86.0
31903,142.9,7.00,28.84,0.2019,4.95,734.0,86.0
31910,147.1,6.80,28.84,0.1961,5.10,734.0,86.0
31917,142.9,7.00,28.84,0.2019,4.95,734.0,86.0
31924,144.9,6.90,28.84,0.1990,5.02,734.0,86.0
31931,142.9,7.00,28.84,0.2019,4.95,734.0,86.0
31938,142.9,7.00,28.84,0.2019,4.95,734.0,86.0
31945,142.9,7.00,28.84,0.2019,4.95,734.0,86.0
31952,144.9,6.90,28.84,0.1990,5.02,734.0,86.0
31958,144.9,6.90,28.84,0.1990,5.02,734.0,86.0
31965,144.9,6.90,28.84,0.1990,5.02,734.0,86.0
31972,142.9,7.00,28.84,0.2019,4.95,734.0,86.0
31979,142.9,7.00,28.84,0.2019,4.95,734.0,86.0
31986,144.9,6.90,28.84,0.1990,5.02,734.0,86.0
31993,144.9,6.90,28.84,0.1990,5.02,734.0,86.0
32000,142.9,7.00,28.84,0.2019,4.95,734.0,86.0
32007,142.9,7.00,28.84,0.2019,4.95,734.0,86.0
32014,144.9,6.90,28.84,0.1990,5.02,734.0,86.0
32021,147.1,6.80,28.84,0.1961,5.10,734.0,86.0
32028,142.9,7.00,28.84,0.2019,4.95,734.0,86.0
32035,144.9,6.90,28.84,0.1990,5.02,734.0,86.0
32042,142.9,7.00,28.84,0.2019,4.96,734.0,86.0
32049,144.9,6.90,28.83,0.1989,5.03,734.0,86.0
32056,142.9,7.00,28.83,0.2018,4.96,734.0,86.0
32063,142.9,7.00,28.82,0.2018,4.96,734.0,86.0
32069,147.1,6.80,28.82,0.1960,5.10,734.0,86.0
32077,140.8,7.10,28.81,0.2046,4.89,734.0,86.0
32083,147.1,6.80,28.81,0.1959,5.11,734.0,86.0
32090,140.8,7.10,28.81,0.2045,4.89,734.0,86.0
32097,144.9,6.90,28.80,0.1987,5.03,734.0,86.0
32104,144.9,6.90,28.80,0.1987,5.03,734.0,86.0
32111,142.9,7.00,28.79,0.2015,4.96,734.0,86.0
32118,144.9,6.90,28.79,0.1986,5.03,734.0,86.0
32125,144.9,6.90,28.78,0.1986,5.03,734.0,86.0
32132,142.9,7.00,28.78,0.2015,4.97,734.0,86.0
32139,144.9,6.90,28.77,0.1985,5.04,734.0,86.0
32146,142.9,7.00,28.77,0.2014,4.97,734.0,86.0
32153,144.9,6.90,28.77,0.1985,5.04,734.0,86.0
32160,144.9,6.90,28.77,0.1985,5.04,734.0,86.0
32167,142.9,7.00,28.77,0.2014,4.97,734.0,86.0
32174,142.9,7.00,28.77,0.2014,4.97,734.0,86.0
32181,144.9,6.90,28.77,0.1985,5.04,734.0,86.0
32188,142.9,7.00,28.77,0.2014,4.97,734.0,86.0
32195,137.0,7.30,28.77,0.2100,4.76,734.0,86.0
32202,151.5,6.60,28.77,0.1899,5.27,734.0,86.0
32208,144.9,6.90,28.77,0.1985,5.04,734.0,86.0
32215,142.9,7.00,28.77,0.2014,4.97,734.0,86.0
32222,142.9,7.00,28.77,0.2014,4.97,734.0,86.0
32229,147.1,6.80,28.77,0.1956,5.11,734.0,86.0
32236,142.9,7.00,28.77,0.2014,4.97,734.0,86.0
32243,144.9,6.90,28.77,0.1985,5.04,734.0,86.0
32250,142.9,7.00,28.77,0.2014,4.97,734.0,86.0
32257,144.9,6.90,28.77,0.1985,5.04,734.0,86.0
32264,144.9,6.90,28.77,0.1985,5.04,734.0,86.0
32271,144.9,6.90,28.77,0.1985,5.04,734.0,86.0
32278,142.9,7.00,28.77,0.2014,4.97,734.0,86.0
32285,144.9,6.90,28.77,0.1985,5.04,734.0,86.0
32292,142.9,7.00,28.77,0.2014,4.97,734.0,86.0
32299,144.9,6.90,28.77,0.1985,5.04,734.0,86.0
32306,142.9,7.00,28.77,0.2014,4.97,734.0,86.0
32313,142.9,7.00,28.77,0.2014,4.97,734.0,86.0
32319,147.1,6.80,28.77,0.1956,5.11,734.0,86.0
32327,140.8,7.10,28.77,0.2043,4.89,734.0,86.0
32333,144.9,6.90,28.77,0.1985,5.04,734.0,86.0
32340,144.9,6.90,28.77,0.1985,5.04,734.0,86.0
32347,142.9,7.00,28.77,0.2014,4.97,734.0,86.0
32354,144.9,6.90,28.77,0.1985,5.04,734.0,86.0
32361,142.9,7.00,28.77,0.2014,4.97,734.0,86.0
32368,144.9,6.90,28.77,0.1985,5.04,734.0,86.0
32375,142.9,7.00,28.77,0.2014,4.97,734.0,86.0
32382,144.9,6.90,28.77,0.1985,5.04,734.0,86.0
32389,142.9,7.00,28.77,0.2014,4.97,734.0,86.0
32396,144.9,6.90,28.77,0.1985,5.04,734.0,86.0
32403,142.9,7.00,28.77,0.2014,4.97,734.0,86.0
32410,144.9,6.90,28.77,0.1985,5.04,734.0,86.0
32417,144.9,6.90,28.77,0.1985,5.04,734.0,86.0
32424,144.9,6.90,28.77,0.1985,5.04,734.0,86.0
32431,144.9,6.90,28.77,0.1985,5.04,734.0,86.0
32438,140.8,7.10,28.77,0.2043,4.89,734.0,86.0
32445,144.9,6.90,28.77,0.1985,5.04,734.0,86.0
32454,104.2,9.60,28.77,0.2762,3.62,734.0,86.0
32460,166.7,6.00,28.77,0.1726,5.79,734.0,86.0
32465,188.7,5.30,28.77,0.1525,6.56,734.0,86.0
32472,147.1,6.80,28.77,0.1956,5.11,734.0,86.0
32479,142.9,7.00,28.77,0.2014,4.97,734.0,86.0
32486,142.9,7.00,28.77,0.2014,4.97,734.0,86.0
32493,144.9,6.90,28.77,0.1985,5.04,734.0,86.0
32500,142.9,7.00,28.77,0.2014,4.97,734.0,86.0
32507,142.9,7.00,28.77,0.2014,4.97,734.0,86.0
32514,144.9,6.90,28.77,0.1985,5.04,734.0,86.0
32521,144.9,6.90,28.77,0.1985,5.04,734.0,86.0
32528,144.9,6.90,28.77,0.1985,5.04,734.0,86.0
32535,142.9,7.00,28.77,0.2014,4.97,734.0,86.0
32542,144.9,6.90,28.77,0.1985,5.04,734.0,86.0
32549,144.9,6.90,28.77,0.1985,5.04,734.0,86.0
32556,142.9,7.00,28.77,0.2014,4.97,734.0,86.0
32563,144.9,6.90,28.77,0.1985,5.04,734.0,86.0
32570,142.9,7.00,28.77,0.2014,4.97,734.0,86.0
32576,144.9,6.90,28.77,0.1985,5.04,734.0,86.0
32583,142.9,7.00,28.77,0.2014,4.97,734.0,86.0
32590,144.9,6.90,28.77,0.1985,5.04,734.0,86.0
32597,142.9,7.00,28.76,0.2013,4.97,734.0,86.0
32604,144.9,6.90,28.76,0.1984,5.04,734.0,86.0
32611,140.8,7.10,28.75,0.2041,4.90,734.0,86.0
32618,144.9,6.90,28.75,0.1984,5.04,734.0,86.0
32625,147.1,6.80,28.74,0.1955,5.12,734.0,86.0
32632,142.9,7.00,28.74,0.2012,4.97,734.0,86.0
32639,142.9,7.00,28.73,0.2011,4.97,734.0,86.0
32646,147.1,6.80,28.73,0.1954,5.12,734.0,86.0
32653,140.8,7.10,28.73,0.2040,4.90,734.0,86.0
32660,144.9,6.90,28.72,0.1982,5.05,734.0,86.0
32667,142.9,7.00,28.72,0.2010,4.98,734.0,86.0
32674,144.9,6.90,28.71,0.1981,5.05,734.0,86.0
32681,147.1,6.80,28.71,0.1952,5.12,734.0,86.0
32688,142.9,7.00,28.70,0.2009,4.98,734.0,86.0
32695,142.9,7.00,28.70,0.2009,4.98,734.0,86.0
32702,142.9,7.00,28.70,0.2009,4.98,734.0,86.0
32708,147.1,6.80,28.70,0.1952,5.13,734.0,86.0
32715,142.9,7.00,28.70,0.2009,4.98,734.0,86.0
32722,142.9,7.00,28.70,0.2009,4.98,734.0,86.0
32729,144.9,6.90,28.70,0.1980,5.05,734.0,86.0
32736,144.9,6.90,28.70,0.1980,5.05,734.0,86.0
32743,142.9,7.00,28.70,0.2009,4.98,734.0,86.0
32750,142.9,7.00,28.70,0.2009,4.98,734.0,86.0
32757,144.9,6.90,28.70,0.1980,5.05,734.0,86.0
32764,142.9,7.00,28.70,0.2009,4.98,734.0,86.0
32771,144.9,6.90,28.70,0.1980,5.05,734.0,86.0
32778,144.9,6.90,28.70,0.1980,5.05,734.0,86.0
32785,144.9,6.90,28.70,0.1980,5.05,734.0,86.0
32792,142.9,7.00,28.70,0.2009,4.98,734.0,86.0
32799,144.9,6.90,28.70,0.1980,5.05,734.0,86.0
32806,142.9,7.00,28.70,0.2009,4.98,734.0,86.0
32813,144.9,6.90,28.70,0.1980,5.05,734.0,86.0
32820,142.9,7.00,28.70,0.2009,4.98,734.0,86.0
32826,144.9,6.90,28.70,0.1980,5.05,734.0,86.0
32833,144.9,6.90,28.70,0.1980,5.05,734.0,86.0
32840,140.8,7.10,28.70,0.2038,4.91,734.0,86.0
32847,144.9,6.90,28.70,0.1980,5.05,734.0,86.0
32854,144.9,6.90,28.70,0.1980,5.05,734.0,86.0
32861,142.9,7.00,28.70,0.2009,4.98,734.0,86.0
32868,144.9,6.90,28.70,0.1980,5.05,734.0,86.0
32875,144.9,6.90,28.70,0.1980,5.05,734.0,86.0
32882,142.9,7.00,28.70,0.2009,4.98,734.0,86.0
32889,144.9,6.90,28.70,0.1980,5.05,734.0,86.0
32896,147.1,6.80,28.70,0.1952,5.13,734.0,86.0
32903,142.9,7.00,28.70,0.2009,4.98,734.0,86.0
32910,142.9,7.00,28.70,0.2009,4.98,734.0,86.0
32917,144.9,6.90,28.70,0.1980,5.05,734.0,86.0
32924,142.9,7.00,28.70,0.2009,4.98,734.0,86.0
32931,144.9,6.90,28.70,0.1980,5.05,734.0,86.0
32938,140.8,7.10,28.70,0.2038,4.91,734.0,86.0
32945,144.9,6.90,28.70,0.1980,5.05,734.0,86.0
32952,142.9,7.00,28.70,0.2009,4.98,734.0,86.0
32958,147.1,6.80,28.70,0.1952,5.13,734.0,86.0
32965,144.9,6.90,28.70,0.1980,5.05,734.0,86.0
32972,142.9,7.00,28.70,0.2009,4.98,734.0,86.0
32979,144.9,6.90,28.70,0.1980,5.05,734.0,86.0
32986,142.9,7.00,28.70,0.2009,4.98,734.0,86.0
32993,144.9,6.90,28.70,0.1980,5.05,734.0,86.0
33000,144.9,6.90,28.70,0.1980,5.05,734.0,86.0
33007,144.9,6.90,28.70,0.1980,5.05,734.0,86.0
33014,142.9,7.00,28.70,0.2009,4.98,734.0,86.0
33021,142.9,7.00,28.70,0.2009,4.98,734.0,86.0
33028,142.9,7.00,28.70,0.2009,4.98,734.0,86.0
33035,147.1,6.80,28.70,0.1951,5.13,734.0,86.0
33042,142.9,7.00,28.70,0.2009,4.98,734.0,86.0
33049,144.9,6.90,28.69,0.1980,5.05,734.0,86.0
33056,142.9,7.00,28.69,0.2009,4.98,734.0,86.0
33063,144.9,6.90,28.69,0.1980,5.05,734.0,86.0
33070,142.9,7.00,28.69,0.2008,4.98,734.0,86.0
33076,144.9,6.90,28.69,0.1980,5.05,734.0,86.0
33083,142.9,7.00,28.69,0.2008,4.98,734.0,86.0
33090,147.1,6.80,28.69,0.1951,5.13,734.0,86.0
33097,142.9,7.00,28.69,0.2008,4.98,734.0,86.0
33104,142.9,7.00,28.68,0.2008,4.98,734.0,86.0
33111,142.9,7.00,28.68,0.2008,4.98,734.0,86.0
33118,144.9,6.90,28.68,0.1979,5.05,734.0,86.0
33125,142.9,7.00,28.68,0.2008,4.98,734.0,86.0
33132,147.1,6.80,28.68,0.1950,5.13,734.0,86.0
33139,142.9,7.00,28.68,0.2008,4.98,734.0,86.0
33146,142.9,7.00,28.68,0.2008,4.98,734.0,86.0
33153,147.1,6.80,28.68,0.1950,5.13,734.0,86.0
33160,142.9,7.00,28.68,0.2008,4.98,734.0,86.0
33167,142.9,7.00,28.68,0.2008,4.98,734.0,86.0
33174,144.9,6.90,28.68,0.1979,5.05,734.0,86.0
33181,142.9,7.00,28.68,0.2008,4.98,734.0,86.0
33188,144.9,6.90,28.68,0.1979,5.05,734.0,86.0
33195,142.9,7.00,28.68,0.2008,4.98,734.0,86.0
33201,147.1,6.80,28.68,0.1950,5.13,734.0,86.0
33208,140.8,7.10,28.68,0.2036,4.91,734.0,86.0
33215,144.9,6.90,28.68,0.1979,5.05,734.0,86.0
33222,144.9,6.90,28.68,0.1979,5.05,734.0,86.0
33229,144.9,6.90,28.68,0.1979,5.05,734.0,86.0
33236,140.8,7.10,28.68,0.2036,4.91,734.0,86.0
33243,147.1,6.80,28.68,0.1950,5.13,734.0,86.0
33250,140.8,7.10,28.68,0.2036,4.91,734.0,86.0
33257,144.9,6.90,28.68,0.1979,5.05,734.0,86.0
33264,144.9,6.90,28.68,0.1979,5.05,734.0,86.0
33271,142.9,7.00,28.68,0.2008,4.98,734.0,86.0
33278,144.9,6.90,28.68,0.1979,5.05,734.0,86.0
33285,142.9,7.00,28.68,0.2008,4.98,734.0,86.0
33292,144.9,6.90,28.68,0.1979,5.05,734.0,86.0
33299,144.9,6.90,28.68,0.1979,5.05,734.0,86.0
33306,142.9,7.00,28.68,0.2008,4.98,734.0,86.0
33313,144.9,6.90,28.68,0.1979,5.05,734.0,86.0
33319,144.9,6.90,28.68,0.1979,5.05,734.0,86.0
33326,142.9,7.00,28.68,0.2008,4.98,734.0,86.0
33333,142.9,7.00,28.68,0.2008,4.98,734.0,86.0
33340,142.9,7.00,28.68,0.2008,4.98,734.0,86.0
33347,144.9,6.90,28.68,0.1979,5.05,734.0,86.0
33354,144.9,6.90,28.68,0.1979,5.05,734.0,86.0
33361,142.9,7.00,28.68,0.2008,4.98,734.0,86.0
33368,144.9,6.90,28.68,0.1979,5.05,734.0,86.0
33375,144.9,6.90,28.68,0.1979,5.05,734.0,86.0
33382,144.9,6.90,28.68,0.1979,5.05,734.0,86.0
33389,144.9,6.90,28.68,0.1979,5.05,734.0,86.0
33396,142.9,7.00,28.68,0.2008,4.98,734.0,86.0
33403,142.9,7.00,28.68,0.2008,4.98,734.0,86.0
33410,144.9,6.90,28.68,0.1979,5.05,734.0,86.0
33417,144.9,6.90,28.68,0.1979,5.05,734.0,86.0
33424,142.9,7.00,28.68,0.2008,4.98,734.0,86.0
33431,142.9,7.00,28.68,0.2008,4.98,734.0,86.0
33438,142.9,7.00,28.68,0.2008,4.98,734.0,86.0
33444,147.1,6.80,28.68,0.1950,5.13,734.0,86.0
33451,144.9,6.90,28.68,0.1979,5.05,734.0,86.0
33458,142.9,7.00,28.68,0.2008,4.98,734.0,86.0
33465,144.9,6.90,28.68,0.1979,5.05,734.0,86.0
33472,138.9,7.20,28.68,0.2065,4.84,734.0,86.0
33479,147.1,6.80,28.68,0.1950,5.13,734.0,86.0
33486,144.9,6.90,28.68,0.1979,5.05,734.0,86.0
33493,144.9,6.90,28.68,0.1979,5.05,734.0,86.0
33500,144.9,6.90,28.68,0.1979,5.05,734.0,86.0
33507,142.9,7.00,28.68,0.2008,4.98,734.0,86.0
33514,140.8,7.10,28.68,0.2036,4.91,734.0,86.0
33521,144.9,6.90,28.68,0.1979,5.05,734.0,86.0
33528,142.9,7.00,28.68,0.2008,4.98,734.0,86.0
33535,144.9,6.90,28.68,0.1979,5.05,734.0,86.0
33542,144.9,6.90,28.68,0.1979,5.05,734.0,86.0
33549,142.9,7.00,28.68,0.2008,4.98,734.0,86.0
33556,147.1,6.80,28.68,0.1950,5.13,734.0,86.0
33563,144.9,6.90,28.68,0.1979,5.05,734.0,86.0
33570,142.9,7.00,28.68,0.2007,4.98,734.0,86.0
33576,144.9,6.90,28.67,0.1979,5.05,734.0,86.0
33583,142.9,7.00,28.67,0.2007,4.98,734.0,86.0
33590,144.9,6.90,28.67,0.1978,5.05,734.0,86.0
33597,142.9,7.00,28.67,0.2007,4.98,734.0,86.0
33604,142.9,7.00,28.66,0.2006,4.99,734.0,86.0
33611,144.9,6.90,28.66,0.1978,5.06,734.0,86.0
33618,147.1,6.80,28.66,0.1949,5.13,734.0,86.0
33625,142.9,7.00,28.66,0.2006,4.99,734.0,86.0
33632,142.9,7.00,28.65,0.2006,4.99,734.0,86.0
33639,144.9,6.90,28.65,0.1977,5.06,734.0,86.0
33646,142.9,7.00,28.65,0.2005,4.99,734.0,86.0
33653,144.9,6.90,28.65,0.1977,5.06,734.0,86.0
33660,144.9,6.90,28.64,0.1976,5.06,734.0,86.0
33667,140.8,7.10,28.64,0.2034,4.92,734.0,86.0
33674,147.1,6.80,28.64,0.1948,5.14,734.0,86.0
33681,142.9,7.00,28.64,0.2005,4.99,734.0,86.0
33688,144.9,6.90,28.64,0.1976,5.06,734.0,86.0
33694,144.9,6.90,28.64,0.1976,5.06,734.0,86.0
33701,142.9,7.00,28.64,0.2005,4.99,734.0,86.0
33708,144.9,6.90,28.64,0.1976,5.06,734.0,86.0
33715,142.9,7.00,28.64,0.2005,4.99,734.0,86.0
33722,142.9,7.00,28.64,0.2005,4.99,734.0,86.0
33729,142.9,7.00,28.64,0.2005,4.99,734.0,86.0
33736,147.1,6.80,28.64,0.1948,5.14,734.0,86.0
33743,142.9,7.00,28.64,0.2005,4.99,734.0,86.0
33750,142.9,7.00,28.64,0.2005,4.99,734.0,86.0
33757,144.9,6.90,28.64,0.1976,5.06,734.0,86.0
33764,142.9,7.00,28.64,0.2005,4.99,734.0,86.0
33771,144.9,6.90,28.64,0.1976,5.06,734.0,86.0
33778,142.9,7.00,28.64,0.2005,4.99,734.0,86.0
33785,149.3,6.70,28.64,0.1919,5.21,734.0,86.0
33792,142.9,7.00,28.64,0.2005,4.99,734.0,86.0
33799,142.9,7.00,28.64,0.2005,4.99,734.0,86.0
33806,144.9,6.90,28.64,0.1976,5.06,734.0,86.0
33813,140.8,7.10,28.64,0.2033,4.92,734.0,86.0
33819,147.1,6.80,28.64,0.1948,5.14,734.0,86.0
33826,142.9,7.00,28.64,0.2005,4.99,734.0,86.0
33833,142.9,7.00,28.64,0.2005,4.99,734.0,86.0
33840,144.9,6.90,28.64,0.1976,5.06,734.0,86.0
33847,144.9,6.90,28.64,0.1976,5.06,734.0,86.0
33854,142.9,7.00,28.64,0.2005,4.99,734.0,86.0
33861,142.9,7.00,28.64,0.2005,4.99,734.0,86.0
33868,147.1,6.80,28.64,0.1948,5.14,734.0,86.0
33875,142.9,7.00,28.64,0.2005,4.99,734.0,86.0
33882,142.9,7.00,28.64,0.2005,4.99,734.0,86.0
33889,144.9,6.90,28.64,0.1976,5.06,734.0,86.0
33896,144.9,6.90,28.64,0.1976,5.06,734.0,86.0
33903,142.9,7.00,28.64,0.2005,4.99,734.0,86.0
33910,144.9,6.90,28.64,0.1976,5.06,734.0,86.0
33917,142.9,7.00,28.64,0.2005,4.99,734.0,86.0
33924,144.9,6.90,28.64,0.1976,5.06,734.0,86.0
33931,144.9,6.90,28.64,0.1976,5.06,734.0,86.0
33937,144.9,6.90,28.64,0.1976,5.06,734.0,86.0
33944,142.9,7.00,28.64,0.2005,4.99,734.0,86.0
33951,142.9,7.00,28.64,0.2005,4.99,734.0,86.0
33958,144.9,6.90,28.64,0.1976,5.06,734.0,86.0
33965,144.9,6.90,28.64,0.1976,5.06,734.0,86.0
33972,142.9,7.00,28.64,0.2005,4.99,734.0,86.0
33979,144.9,6.90,28.64,0.1976,5.06,734.0,86.0
33986,142.9,7.00,28.64,0.2005,4.99,734.0,86.0
33993,142.9,7.00,28.64,0.2005,4.99,734.0,86.0
34000,144.9,6.90,28.64,0.1976,5.06,734.0,86.0
34007,140.8,7.10,28.64,0.2034,4.92,734.0,86.0
34014,147.1,6.80,28.64,0.1948,5.14,734.0,86.0
34021,142.9,7.00,28.65,0.2005,4.99,734.0,86.0
34028,144.9,6.90,28.65,0.1977,5.06,734.0,86.0
34035,144.9,6.90,28.65,0.1977,5.06,734.0,86.0
34042,142.9,7.00,28.65,0.2006,4.99,734.0,86.0
34049,142.9,7.00,28.65,0.2006,4.99,734.0,86.0
34056,144.9,6.90,28.66,0.1977,5.06,734.0,86.0
34063,144.9,6.90,28.66,0.1977,5.06,734.0,86.0
34070,142.9,7.00,28.66,0.2006,4.99,734.0,86.0
34076,144.9,6.90,28.66,0.1978,5.06,734.0,86.0
34083,144.9,6.90,28.66,0.1978,5.06,734.0,86.0
34090,144.9,6.90,28.66,0.1978,5.05,734.0,86.0
34097,142.9,7.00,28.67,0.2007,4.98,734.0,86.0
34104,144.9,6.90,28.67,0.1978,5.05,734.0,86.0
34111,140.8,7.10,28.67,0.2036,4.91,734.0,86.0
34118,147.1,6.80,28.67,0.1950,5.13,734.0,86.0
34125,142.9,7.00,28.67,0.2007,4.98,734.0,86.0
34132,142.9,7.00,28.67,0.2007,4.98,734.0,86.0
34139,144.9,6.90,28.67,0.1978,5.05,734.0,86.0
34146,142.9,7.00,28.67,0.2007,4.98,734.0,86.0
34153,144.9,6.90,28.67,0.1978,5.05,734.0,86.0
34160,144.9,6.90,28.67,0.1978,5.05,734.0,86.0
34167,142.9,7.00,28.67,0.2007,4.98,734.0,86.0
34174,144.9,6.90,28.67,0.1978,5.05,734.0,86.0
34181,142.9,7.00,28.67,0.2007,4.98,734.0,86.0
34187,147.1,6.80,28.67,0.1950,5.13,734.0,86.0
34194,142.9,7.00,28.67,0.2007,4.98,734.0,86.0
34201,144.9,6.90,28.67,0.1978,5.05,734.0,86.0
34208,142.9,7.00,28.67,0.2007,4.98,734.0,86.0
34215,142.9,7.00,28.67,0.2007,4.98,734.0,86.0
34222,147.1,6.80,28.67,0.1950,5.13,734.0,86.0
34229,142.9,7.00,28.67,0.2007,4.98,734.0,86.0
34236,142.9,7.00,28.67,0.2007,4.98,734.0,86.0
34243,144.9,6.90,28.67,0.1978,5.05,734.0,86.0
34250,140.8,7.10,28.67,0.2036,4.91,734.0,86.0
34257,147.1,6.80,28.67,0.1950,5.13,734.0,86.0
34264,142.9,7.00,28.67,0.2007,4.98,734.0,86.0
34271,142.9,7.00,28.67,0.2007,4.98,734.0,86.0
34278,142.9,7.00,28.67,0.2007,4.98,734.0,86.0
34285,144.9,6.90,28.67,0.1978,5.05,734.0,86.0
34292,144.9,6.90,28.67,0.1978,5.05,734.0,86.0
34299,144.9,6.90,28.67,0.1978,5.05,734.0,86.0
34306,144.9,6.90,28.67,0.1978,5.05,734.0,86.0
34313,138.9,7.20,28.67,0.2064,4.84,734.0,86.0
34319,149.3,6.70,28.67,0.1921,5.21,734.0,86.0
34326,142.9,7.00,28.67,0.2007,4.98,734.0,86.0
34333,144.9,6.90,28.67,0.1978,5.05,734.0,86.0
34340,140.8,7.10,28.67,0.2036,4.91,734.0,86.0
34347,144.9,6.90,28.67,0.1978,5.05,734.0,86.0
34354,144.9,6.90,28.67,0.1978,5.05,734.0,86.0
34361,144.9,6.90,28.67,0.1978,5.05,734.0,86.0
34368,140.8,7.10,28.67,0.2036,4.91,734.0,86.0
34375,147.1,6.80,28.67,0.1950,5.13,734.0,86.0
34382,144.9,6.90,28.67,0.1978,5.05,734.0,86.0
34389,142.9,7.00,28.67,0.2007,4.98,734.0,86.0
34396,144.9,6.90,28.67,0.1978,5.05,734.0,86.0
34403,144.9,6.90,28.67,0.1978,5.05,734.0,86.0
34410,142.9,7.00,28.67,0.2007,4.98,734.0,86.0
34417,144.9,6.90,28.67,0.1978,5.05,734.0,86.0
34424,140.8,7.10,28.67,0.2036,4.91,734.0,86.0
34431,142.9,7.00,28.67,0.2007,4.98,734.0,86.0
34438,147.1,6.80,28.67,0.1950,5.13,734.0,86.0
34445,142.9,7.00,28.67,0.2007,4.98,734.0,86.0
34451,144.9,6.90,28.67,0.1978,5.05,734.0,86.0
34458,144.9,6.90,28.67,0.1978,5.05,734.0,86.0
34465,144.9,6.90,28.67,0.1978,5.05,734.0,86.0
34472,142.9,7.00,28.67,0.2007,4.98,734.0,86.0
34479,144.9,6.90,28.67,0.1978,5.05,734.0,86.0
34486,140.8,7.10,28.67,0.2036,4.91,734.0,86.0
34493,144.9,6.90,28.67,0.1978,5.05,734.0,86.0
34500,144.9,6.90,28.67,0.1978,5.05,734.0,86.0
34507,142.9,7.00,28.67,0.2007,4.98,734.0,86.0
34514,144.9,6.90,28.67,0.1978,5.05,734.0,86.0
34521,144.9,6.90,28.67,0.1978,5.05,734.0,86.0
34528,144.9,6.90,28.67,0.1978,5.05,734.0,86.0
34535,142.9,7.00,28.67,0.2007,4.98,734.0,86.0
34542,144.9,6.90,28.67,0.1978,5.05,734.0,86.0
34549,142.9,7.00,28.68,0.2007,4.98,734.0,86.0
34556,144.9,6.90,28.69,0.1979,5.05,734.0,86.0
34563,140.8,7.10,28.70,0.2038,4.91,734.0,86.0
34569,147.1,6.80,28.71,0.1952,5.12,734.0,86.0
34576,142.9,7.00,28.72,0.2010,4.98,734.0,86.0
34583,144.9,6.90,28.73,0.1982,5.04,734.0,86.0
34590,144.9,6.90,28.73,0.1983,5.04,734.0,86.0
34597,142.9,7.00,28.74,0.2012,4.97,734.0,86.0
34604,144.9,6.90,28.75,0.1984,5.04,734.0,86.0
34611,140.8,7.10,28.76,0.2042,4.90,734.0,86.0
34618,147.1,6.80,28.77,0.1957,5.11,734.0,86.0
34625,140.8,7.10,28.78,0.2044,4.89,734.0,86.0
34632,144.9,6.90,28.79,0.1987,5.03,734.0,86.0
34639,144.9,6.90,28.80,0.1987,5.03,734.0,86.0
34646,144.9,6.90,28.81,0.1988,5.03,734.0,86.0
34653,144.9,6.90,28.82,0.1989,5.03,734.0,86.0
34660,142.9,7.00,28.82,0.2017,4.96,734.0,86.0
34667,142.9,7.00,28.82,0.2017,4.96,734.0,86.0
34674,144.9,6.90,28.82,0.1989,5.03,734.0,86.0
34681,144.9,6.90,28.82,0.1989,5.03,734.0,86.0
34688,142.9,7.00,28.82,0.2017,4.96,734.0,86.0
34694,144.9,6.90,28.82,0.1989,5.03,734.0,86.0
34702,140.8,7.10,28.82,0.2046,4.89,734.0,86.0
34708,147.1,6.80,28.82,0.1960,5.10,734.0,86.0
34715,142.9,7.00,28.82,0.2017,4.96,734.0,86.0
34722,144.9,6.90,28.82,0.1989,5.03,734.0,86.0
34729,144.9,6.90,28.82,0.1989,5.03,734.0,86.0
34736,142.9,7.00,28.82,0.2017,4.96,734.0,86.0
34743,144.9,6.90,28.82,0.1989,5.03,734.0,86.0
34750,144.9,6.90,28.82,0.1989,5.03,734.0,86.0
34757,144.9,6.90,28.82,0.1989,5.03,734.0,86.0
34764,144.9,6.90,28.82,0.1989,5.03,734.0,86.0
34771,140.8,7.10,28.82,0.2046,4.89,734.0,86.0
34778,144.9,6.90,28.82,0.1989,5.03,734.0,86.0
34785,144.9,6.90,28.82,0.1989,5.03,734.0,86.0
34792,142.9,7.00,28.82,0.2017,4.96,734.0,86.0
34799,142.9,7.00,28.82,0.2017,4.96,734.0,86.0
34806,147.1,6.80,28.82,0.1960,5.10,734.0,86.0
34813,142.9,7.00,28.82,0.2017,4.96,734.0,86.0
34820,142.9,7.00,28.82,0.2017,4.96,734.0,86.0
34826,144.9,6.90,28.82,0.1989,5.03,734.0,86.0
34833,144.9,6.90,28.82,0.1989,5.03,734.0,86.0
34840,144.9,6.90,28.82,0.1989,5.03,734.0,86.0
34847,142.9,7.00,28.82,0.2017,4.96,734.0,86.0
34854,142.9,7.00,28.82,0.2017,4.96,734.0,86.0
34861,142.9,7.00,28.82,0.2017,4.96,734.0,86.0
34868,149.3,6.70,28.82,0.1931,5.18,734.0,86.0
34875,140.8,7.10,28.82,0.2046,4.89,734.0,86.0
34882,142.9,7.00,28.82,0.2017,4.96,734.0,86.0
34889,144.9,6.90,28.82,0.1989,5.03,734.0,86.0
34896,142.9,7.00,28.82,0.2017,4.96,734.0,86.0
34903,142.9,7.00,28.82,0.2017,4.96,734.0,86.0
34910,144.9,6.90,28.82,0.1989,5.03,734.0,86.0
34917,144.9,6.90,28.82,0.1989,5.03,734.0,86.0
34924,144.9,6.90,28.82,0.1989,5.03,734.0,86.0
34930,147.1,6.80,28.82,0.1960,5.10,734.0,86.0
34938,140.8,7.10,28.82,0.2046,4.89,734.0,86.0
34944,144.9,6.90,28.82,0.1989,5.03,734.0,86.0
34951,142.9,7.00,28.82,0.2017,4.96,734.0,86.0
34958,144.9,6.90,28.82,0.1989,5.03,734.0,86.0
34965,144.9,6.90,28.82,0.1989,5.03,734.0,86.0
34972,144.9,6.90,28.82,0.1989,5.03,734.0,86.0
34979,142.9,7.00,28.82,0.2017,4.96,734.0,86.0
34986,142.9,7.00,28.82,0.2017,4.96,734.0,86.0
34993,144.9,6.90,28.82,0.1989,5.03,734.0,86.0
35000,144.9,6.90,28.82,0.1989,5.03,734.0,86.0
35007,142.9,7.00,28.82,0.2017,4.96,734.0,86.0
35014,142.9,7.00,28.82,0.2017,4.96,734.0,86.0
35021,142.9,7.00,28.82,0.2017,4.96,734.0,86.0
35028,142.9,7.00,28.82,0.2017,4.96,734.0,86.0
35035,144.9,6.90,28.82,0.1989,5.03,734.0,86.0
35042,140.8,7.10,28.82,0.2046,4.89,734.0,86.0
35049,149.3,6.70,28.82,0.1931,5.18,734.0,86.0
35056,142.9,7.00,28.82,0.2017,4.96,734.0,86.0
35063,144.9,6.90,28.82,0.1989,5.03,734.0,86.0
35069,144.9,6.90,28.82,0.1989,5.03,734.0,86.0
35076,144.9,6.90,28.82,0.1989,5.03,734.0,86.0
35083,142.9,7.00,28.82,0.2017,4.96,734.0,86.0
35090,142.9,7.00,28.82,0.2018,4.96,734.0,86.0
35097,142.9,7.00,28.84,0.2019,4.96,734.0,86.0
35104,142.9,7.00,28.85,0.2020,4.95,734.0,86.0
35111,149.3,6.70,28.87,0.1934,5.17,734.0,86.0
35118,140.8,7.10,28.89,0.2051,4.87,734.0,86.0
35125,147.1,6.80,28.90,0.1965,5.09,734.0,86.0
35132,140.8,7.10,28.92,0.2053,4.87,734.0,86.0
35139,147.1,6.80,28.93,0.1967,5.08,734.0,86.0
35146,142.9,7.00,28.95,0.2026,4.94,734.0,86.0
35153,147.1,6.80,28.97,0.1970,5.08,734.0,86.0
35160,138.9,7.20,28.98,0.2087,4.79,734.0,86.0
35167,144.9,6.90,29.00,0.2001,5.00,734.0,86.0
35174,144.9,6.90,29.01,0.2002,4.99,734.0,86.0
35181,144.9,6.90,29.03,0.2003,4.99,734.0,86.0
35188,142.9,7.00,29.05,0.2033,4.92,734.0,86.0
35195,140.8,7.10,29.06,0.2063,4.84,734.0,86.0
35201,147.1,6.80,29.07,0.1977,5.06,734.0,86.0
35208,144.9,6.90,29.07,0.2006,4.98,734.0,86.0
35215,147.1,6.80,29.07,0.1977,5.06,734.0,86.0
35222,140.8,7.10,29.07,0.2064,4.84,734.0,86.0
35229,144.9,6.90,29.07,0.2006,4.98,734.0,86.0
35236,142.9,7.00,29.07,0.2035,4.92,734.0,86.0
35243,144.9,6.90,29.07,0.2006,4.98,734.0,86.0
35250,142.9,7.00,29.07,0.2035,4.92,734.0,86.0
35257,144.9,6.90,29.07,0.2006,4.98,734.0,86.0
35264,144.9,6.90,29.07,0.2006,4.98,734.0,86.0
35271,142.9,7.00,29.07,0.2035,4.92,734.0,86.0
35278,144.9,6.90,29.07,0.2006,4.98,734.0,86.0
35285,142.9,7.00,29.07,0.2035,4.92,734.0,86.0
35292,144.9,6.90,29.07,0.2006,4.98,734.0,86.0
35299,140.8,7.10,29.07,0.2064,4.84,734.0,86.0
35306,142.9,7.00,29.07,0.2035,4.92,734.0,86.0
35313,144.9,6.90,29.07,0.2006,4.98,734.0,86.0
35320,142.9,7.00,29.07,0.2035,4.92,734.0,86.0
35326,147.1,6.80,29.07,0.1977,5.06,734.0,86.0
35333,142.9,7.00,29.07,0.2035,4.92,734.0,86.0
35340,144.9,6.90,29.07,0.2006,4.98,734.0,86.0
35347,144.9,6.90,29.07,0.2006,4.98,734.0,86.0
35354,144.9,6.90,29.07,0.2006,4.98,734.0,86.0
35361,142.9,7.00,29.07,0.2035,4.92,734.0,86.0
35368,142.9,7.00,29.07,0.2035,4.92,734.0,86.0
35375,144.9,6.90,29.07,0.2006,4.98,734.0,86.0
35382,144.9,6.90,29.07,0.2006,4.98,734.0,86.0
35389,142.9,7.00,29.07,0.2035,4.92,734.0,86.0
35396,144.9,6.90,29.07,0.2006,4.98,734.0,86.0
35403,142.9,7.00,29.07,0.2035,4.92,734.0,86.0
35410,142.9,7.00,29.07,0.2035,4.92,734.0,86.0
35417,144.9,6.90,29.07,0.2006,4.98,734.0,86.0
35424,144.9,6.90,29.07,0.2006,4.98,734.0,86.0
35431,144.9,6.90,29.07,0.2006,4.98,734.0,86.0
35438,142.9,7.00,29.07,0.2035,4.92,734.0,86.0
35445,142.9,7.00,29.07,0.2035,4.92,734.0,86.0
35452,142.9,7.00,29.07,0.2035,4.92,734.0,86.0
35458,147.1,6.80,29.07,0.1977,5.06,734.0,86.0
35465,142.9,7.00,29.07,0.2035,4.92,734.0,86.0
35472,142.9,7.00,29.07,0.2035,4.92,734.0,86.0
35479,144.9,6.90,29.07,0.2006,4.98,734.0,86.0
35486,142.9,7.00,29.07,0.2035,4.92,734.0,86.0
35493,147.1,6.80,29.07,0.1977,5.06,734.0,86.0
35500,140.8,7.10,29.07,0.2064,4.84,734.0,86.0
35507,142.9,7.00,29.07,0.2035,4.92,734.0,86.0
35514,149.3,6.70,29.07,0.1948,5.14,734.0,86.0
35521,140.8,7.10,29.07,0.2064,4.84,734.0,86.0
35528,144.9,6.90,29.08,0.2007,4.98,734.0,86.0
35535,144.9,6.90,29.10,0.2008,4.98,734.0,86.0
35542,144.9,6.90,29.12,0.2010,4.98,734.0,86.0
35549,144.9,6.90,29.14,0.2011,4.97,734.0,86.0
35555,144.9,6.90,29.16,0.2012,4.97,734.0,86.0
35563,140.8,7.10,29.19,0.2072,4.82,734.0,86.0
35569,144.9,6.90,29.20,0.2015,4.96,734.0,86.0
35576,142.9,7.00,29.22,0.2046,4.89,734.0,86.0
35583,144.9,6.90,29.24,0.2018,4.95,734.0,86.0
35590,144.9,6.90,29.27,0.2019,4.95,734.0,86.0
35597,140.8,7.10,29.29,0.2079,4.81,734.0,86.0
35604,147.1,6.80,29.31,0.1993,5.02,734.0,86.0
35611,142.9,7.00,29.33,0.2053,4.87,734.0,86.0
35618,144.9,6.90,29.35,0.2025,4.94,734.0,86.0
35625,142.9,7.00,29.37,0.2056,4.87,734.0,86.0
35632,142.9,7.00,29.39,0.2057,4.86,734.0,86.0
35639,144.9,6.90,29.39,0.2028,4.93,734.0,86.0
35646,142.9,7.00,29.39,0.2057,4.86,734.0,86.0
35653,142.9,7.00,29.39,0.2057,4.86,734.0,86.0
35660,144.9,6.90,29.39,0.2028,4.93,734.0,86.0
35667,147.1,6.80,29.39,0.1999,5.01,734.0,86.0
35674,144.9,6.90,29.39,0.2028,4.93,734.0,86.0
35681,142.9,7.00,29.39,0.2057,4.86,734.0,86.0
35688,142.9,7.00,29.39,0.2057,4.86,734.0,86.0
35695,142.9,7.00,29.39,0.2057,4.86,734.0,86.0
35701,144.9,6.90,29.39,0.2028,4.93,734.0,86.0
35708,147.1,6.80,29.39,0.1999,5.01,734.0,86.0
35715,140.8,7.10,29.39,0.2087,4.79,734.0,86.0
35722,144.9,6.90,29.39,0.2028,4.93,734.0,86.0
35729,144.9,6.90,29.39,0.2028,4.93,734.0,86.0
35736,140.8,7.10,29.39,0.2087,4.79,734.0,86.0
35743,147.1,6.80,29.39,0.1999,5.01,734.0,86.0
35750,142.9,7.00,29.39,0.2057,4.86,734.0,86.0
35757,144.9,6.90,29.39,0.2028,4.93,734.0,86.0
35764,144.9,6.90,29.39,0.2028,4.93,734.0,86.0
35771,142.9,7.00,29.39,0.2057,4.86,734.0,86.0
35778,144.9,6.90,29.39,0.2028,4.93,734.0,86.0
35785,142.9,7.00,29.39,0.2057,4.86,734.0,86.0
35792,142.9,7.00,29.39,0.2057,4.86,734.0,86.0
35799,144.9,6.90,29.39,0.2028,4.93,734.0,86.0
35806,144.9,6.90,29.39,0.2028,4.93,734.0,86.0
35813,142.9,7.00,29.39,0.2057,4.86,734.0,86.0
35819,144.9,6.90,29.39,0.2028,4.93,734.0,86.0
35827,140.8,7.10,29.39,0.2087,4.79,734.0,86.0
35833,147.1,6.80,29.39,0.1999,5.01,734.0,86.0
35840,142.9,7.00,29.39,0.2057,4.86,734.0,86.0
35847,144.9,6.90,29.39,0.2028,4.93,734.0,86.0
35854,144.9,6.90,29.39,0.2028,4.93,734.0,86.0
35861,144.9,6.90,29.39,0.2028,4.93,734.0,86.0
35868,140.8,7.10,29.39,0.2087,4.79,734.0,86.0
35875,142.9,7.00,29.39,0.2057,4.86,734.0,86.0
35882,144.9,6.90,29.39,0.2028,4.93,734.0,86.0
35889,147.1,6.80,29.39,0.1999,5.01,734.0,86.0
35896,142.9,7.00,29.39,0.2057,4.86,734.0,86.0
35903,144.9,6.90,29.39,0.2028,4.93,734.0,86.0
35910,140.8,7.10,29.39,0.2087,4.79,734.0,86.0
35917,147.1,6.80,29.39,0.1999,5.01,734.0,86.0
35924,142.9,7.00,29.39,0.2057,4.86,734.0,86.0
35931,144.9,6.90,29.39,0.2028,4.93,734.0,86.0
35938,142.9,7.00,29.39,0.2057,4.86,734.0,86.0
35945,144.9,6.90,29.39,0.2028,4.93,734.0,86.0
35951,144.9,6.90,29.39,0.2028,4.93,734.0,86.0
35958,144.9,6.90,29.39,0.2028,4.93,734.0,86.0
35965,142.9,7.00,29.39,0.2057,4.86,734.0,86.0
35972,144.9,6.90,29.39,0.2028,4.93,734.0,86.0
35979,144.9,6.90,29.39,0.2028,4.93,734.0,86.0
35986,142.9,7.00,29.39,0.2057,4.86,734.0,86.0
35993,142.9,7.00,29.39,0.2057,4.86,734.0,86.0
36000,144.9,6.90,29.39,0.2028,4.93,734.0,86.0
36007,144.9,6.90,29.39,0.2028,4.93,734.0,86.0
36014,144.9,6.90,29.39,0.2028,4.93,734.0,86.0
36021,144.9,6.90,29.39,0.2028,4.93,734.0,86.0
36028,142.9,7.00,29.39,0.2057,4.86,734.0,86.0
36035,144.9,6.90,29.39,0.2028,4.93,734.0,86.0
36042,140.8,7.10,29.39,0.2087,4.79,734.0,86.0
36049,144.9,6.90,29.39,0.2028,4.93,734.0,86.0
36056,144.9,6.90,29.39,0.2028,4.93,734.0,86.0
36062,144.9,6.90,29.39,0.2028,4.93,734.0,86.0
36069,142.9,7.00,29.39,0.2057,4.86,734.0,86.0
36076,142.9,7.00,29.39,0.2057,4.86,734.0,86.0
36083,144.9,6.90,29.39,0.2028,4.93,734.0,86.0
36090,144.9,6.90,29.39,0.2028,4.93,734.0,86.0
36097,144.9,6.90,29.39,0.2028,4.93,734.0,86.0
36104,140.8,7.10,29.40,0.2087,4.79,734.0,86.0
36111,144.9,6.90,29.40,0.2028,4.93,734.0,86.0
36118,142.9,7.00,29.40,0.2058,4.86,734.0,86.0
36125,147.1,6.80,29.40,0.1999,5.00,734.0,86.0
36132,144.9,6.90,29.40,0.2029,4.93,734.0,86.0
36139,142.9,7.00,29.40,0.2058,4.86,734.0,86.0
36146,142.9,7.00,29.40,0.2058,4.86,734.0,86.0
36153,144.9,6.90,29.40,0.2029,4.93,734.0,86.0
36160,142.9,7.00,29.41,0.2058,4.86,734.0,86.0
36167,144.9,6.90,29.41,0.2029,4.93,734.0,86.0
36174,142.9,7.00,29.41,0.2059,4.86,734.0,86.0
36181,144.9,6.90,29.41,0.2029,4.93,734.0,86.0
36188,142.9,7.00,29.41,0.2059,4.86,734.0,86.0
36195,142.9,7.00,29.41,0.2059,4.86,734.0,86.0
36201,144.9,6.90,29.41,0.2029,4.93,734.0,86.0
36208,144.9,6.90,29.41,0.2029,4.93,734.0,86.0
36215,142.9,7.00,29.41,0.2059,4.86,734.0,86.0
36222,142.9,7.00,29.41,0.2059,4.86,734.0,86.0
36229,142.9,7.00,29.41,0.2059,4.86,734.0,86.0
36236,147.1,6.80,29.41,0.2000,5.00,734.0,86.0
36243,147.1,6.80,29.41,0.2000,5.00,734.0,86.0
36250,142.9,7.00,29.41,0.2059,4.86,734.0,86.0
36257,144.9,6.90,29.41,0.2029,4.93,734.0,86.0
36264,142.9,7.00,29.41,0.2059,4.86,734.0,86.0
36271,144.9,6.90,29.41,0.2029,4.93,734.0,86.0
36278,144.9,6.90,29.41,0.2029,4.93,734.0,86.0
36285,142.9,7.00,29.41,0.2059,4.86,734.0,86.0
36292,144.9,6.90,29.41,0.2029,4.93,734.0,86.0
36299,144.9,6.90,29.41,0.2029,4.93,734.0,86.0
36306,140.8,7.10,29.41,0.2088,4.79,734.0,86.0
36313,144.9,6.90,29.41,0.2029,4.93,734.0,86.0
36320,140.8,7.10,29.41,0.2088,4.79,734.0,86.0
36326,147.1,6.80,29.41,0.2000,5.00,734.0,86.0
36333,142.9,7.00,29.41,0.2059,4.86,734.0,86.0
36340,147.1,6.80,29.41,0.2000,5.00,734.0,86.0
36347,140.8,7.10,29.41,0.2088,4.79,734.0,86.0
36354,144.9,6.90,29.41,0.2029,4.93,734.0,86.0
36361,140.8,7.10,29.41,0.2088,4.79,734.0,86.0
36368,147.1,6.80,29.41,0.2000,5.00,734.0,86.0
36375,144.9,6.90,29.41,0.2029,4.93,734.0,86.0
36382,144.9,6.90,29.41,0.2029,4.93,734.0,86.0
36389,140.8,7.10,29.41,0.2088,4.79,734.0,86.0
36396,147.1,6.80,29.41,0.2000,5.00,734.0,86.0
36403,140.8,7.10,29.41,0.2088,4.79,734.0,86.0
36410,147.1,6.80,29.41,0.2000,5.00,734.0,86.0
36417,142.9,7.00,29.41,0.2059,4.86,734.0,86.0
36424,144.9,6.90,29.41,0.2029,4.93,734.0,86.0
36431,142.9,7.00,29.41,0.2059,4.86,734.0,86.0
36437,147.1,6.80,29.41,0.2000,5.00,734.0,86.0
36444,142.9,7.00,29.41,0.2059,4.86,734.0,86.0
36451,144.9,6.90,29.41,0.2029,4.93,734.0,86.0
36458,142.9,7.00,29.41,0.2059,4.86,734.0,86.0
36465,142.9,7.00,29.41,0.2059,4.86,734.0,86.0
36472,147.1,6.80,29.41,0.2000,5.00,734.0,86.0
36479,142.9,7.00,29.41,0.2059,4.86,734.0,86.0
36486,142.9,7.00,29.41,0.2059,4.86,734.0,86.0
36493,142.9,7.00,29.41,0.2059,4.86,734.0,86.0
36500,147.1,6.80,29.41,0.2000,5.00,734.0,86.0
36507,142.9,7.00,29.41,0.2059,4.86,734.0,86.0
36514,142.9,7.00,29.40,0.2058,4.86,734.0,86.0
36521,142.9,7.00,29.37,0.2056,4.87,734.0,86.0
36528,147.1,6.80,29.35,0.1996,5.01,734.0,86.0
36535,144.9,6.90,29.32,0.2023,4.94,734.0,86.0
36542,140.8,7.10,29.30,0.2080,4.81,734.0,86.0
36549,144.9,6.90,29.28,0.2020,4.95,734.0,86.0
36556,144.9,6.90,29.25,0.2018,4.95,734.0,86.0
36563,140.8,7.10,29.23,0.2075,4.82,734.0,86.0
36569,147.1,6.80,29.21,0.1986,5.04,734.0,86.0
36576,142.9,7.00,29.18,0.2043,4.90,734.0,86.0
36583,144.9,6.90,29.16,0.2012,4.97,734.0,86.0
36590,142.9,7.00,29.13,0.2039,4.91,734.0,86.0
36597,147.1,6.80,29.11,0.1979,5.05,734.0,86.0
36604,144.9,6.90,29.08,0.2007,4.98,734.0,86.0
36611,142.9,7.00,29.06,0.2034,4.92,734.0,86.0
36618,142.9,7.00,29.04,0.2033,4.92,734.0,86.0
36625,144.9,6.90,29.04,0.2004,4.99,734.0,86.0
36632,142.9,7.00,29.04,0.2033,4.92,734.0,86.0
36639,147.1,6.80,29.04,0.1975,5.07,734.0,86.0
36646,142.9,7.00,29.04,0.2033,4.92,734.0,86.0
36653,142.9,7.00,29.04,0.2033,4.92,734.0,86.0
36660,144.9,6.90,29.04,0.2004,4.99,734.0,86.0
36667,144.9,6.90,29.04,0.2004,4.99,734.0,86.0
36674,142.9,7.00,29.04,0.2033,4.92,734.0,86.0
36680,144.9,6.90,29.04,0.2004,4.99,734.0,86.0
36687,142.9,7.00,29.04,0.2033,4.92,734.0,86.0
36694,142.9,7.00,29.04,0.2033,4.92,734.0,86.0
36701,142.9,7.00,29.04,0.2033,4.92,734.0,86.0
36708,144.9,6.90,29.04,0.2004,4.99,734.0,86.0
36715,144.9,6.90,29.04,0.2004,4.99,734.0,86.0
36722,144.9,6.90,29.04,0.2004,4.99,734.0,86.0
36729,138.9,7.20,29.04,0.2091,4.78,734.0,86.0
36736,147.1,6.80,29.04,0.1975,5.07,734.0,86.0
36743,144.9,6.90,29.04,0.2004,4.99,734.0,86.0
36750,142.9,7.00,29.04,0.2033,4.92,734.0,86.0
36757,144.9,6.90,29.04,0.2004,4.99,734.0,86.0
36764,142.9,7.00,29.04,0.2033,4.92,734.0,86.0
36771,142.9,7.00,29.04,0.2033,4.92,734.0,86.0
36778,147.1,6.80,29.04,0.1975,5.07,734.0,86.0
36785,142.9,7.00,29.04,0.2033,4.92,734.0,86.0
36792,142.9,7.00,29.04,0.2033,4.92,734.0,86.0
36799,147.1,6.80,29.04,0.1975,5.07,734.0,86.0
36806,142.9,7.00,29.04,0.2033,4.92,734.0,86.0
36812,144.9,6.90,29.04,0.2004,4.99,734.0,86.0
36819,144.9,6.90,29.04,0.2004,4.99,734.0,86.0
36826,144.9,6.90,29.04,0.2004,4.99,734.0,86.0
36833,142.9,7.00,29.04,0.2033,4.92,734.0,86.0
36840,142.9,7.00,29.04,0.2033,4.92,734.0,86.0
36847,142.9,7.00,29.04,0.2033,4.92,734.0,86.0
36854,147.1,6.80,29.04,0.1975,5.07,734.0,86.0
36861,142.9,7.00,29.04,0.2033,4.92,734.0,86.0
36868,144.9,6.90,29.04,0.2004,4.99,734.0,86.0
36875,140.8,7.10,29.04,0.2062,4.85,734.0,86.0
36882,147.1,6.80,29.04,0.1975,5.07,734.0,86.0
36889,140.8,7.10,29.04,0.2062,4.85,734.0,86.0
36896,144.9,6.90,29.04,0.2004,4.99,734.0,86.0
36903,142.9,7.00,29.04,0.2033,4.92,734.0,86.0
36910,147.1,6.80,29.04,0.1975,5.07,734.0,86.0
36917,140.8,7.10,29.04,0.2062,4.85,734.0,86.0
36924,144.9,6.90,29.04,0.2004,4.99,734.0,86.0
36931,144.9,6.90,29.04,0.2004,4.99,734.0,86.0
36937,144.9,6.90,29.04,0.2004,4.99,734.0,86.0
36946,116.3,8.60,29.04,0.2497,4.00,734.0,86.0
36951,185.2,5.40,29.04,0.1568,6.38,734.0,86.0
36958,142.9,7.00,29.04,0.2033,4.92,734.0,86.0
36965,142.9,7.00,29.04,0.2033,4.92,734.0,86.0
36972,144.9,6.90,29.04,0.2004,4.99,734.0,86.0
36979,147.1,6.80,29.04,0.1975,5.07,734.0,86.0
36986,142.9,7.00,29.04,0.2033,4.92,734.0,86.0
36993,142.9,7.00,29.04,0.2033,4.92,734.0,86.0
37000,144.9,6.90,29.04,0.2004,4.99,734.0,86.0
37007,144.9,6.90,29.04,0.2004,4.99,734.0,86.0
37014,142.9,7.00,29.04,0.2033,4.92,734.0,86.0
37021,144.9,6.90,29.04,0.2004,4.99,734.0,86.0
37028,144.9,6.90,29.04,0.2004,4.99,734.0,86.0
37035,144.9,6.90,29.04,0.2004,4.99,734.0,86.0
37042,144.9,6.90,29.04,0.2004,4.99,734.0,86.0
37049,140.8,7.10,29.04,0.2062,4.85,734.0,86.0
37056,144.9,6.90,29.04,0.2004,4.99,734.0,86.0
37063,142.9,7.00,29.02,0.2031,4.92,734.0,86.0
37069,144.9,6.90,29.00,0.2001,5.00,734.0,86.0
37076,142.9,7.00,28.97,0.2028,4.93,734.0,86.0
37083,142.9,7.00,28.95,0.2026,4.94,734.0,86.0
37090,144.9,6.90,28.92,0.1996,5.01,734.0,86.0
37097,144.9,6.90,28.90,0.1994,5.01,734.0,86.0
37104,144.9,6.90,28.87,0.1992,5.02,734.0,86.0
37111,142.9,7.00,28.85,0.2019,4.95,734.0,86.0
37118,144.9,6.90,28.82,0.1989,5.03,734.0,86.0
37125,142.9,7.00,28.80,0.2016,4.96,734.0,86.0
37132,142.9,7.00,28.77,0.2014,4.97,734.0,86.0
37139,144.9,6.90,28.75,0.1984,5.04,734.0,86.0
37146,144.9,6.90,28.72,0.1982,5.04,734.0,86.0
37153,140.8,7.10,28.70,0.2038,4.91,734.0,86.0
37160,144.9,6.90,28.67,0.1979,5.05,734.0,86.0
37167,147.1,6.80,28.65,0.1948,5.13,734.0,86.0
37174,144.9,6.90,28.65,0.1977,5.06,734.0,86.0
37181,142.9,7.00,28.65,0.2006,4.99,734.0,86.0
37187,144.9,6.90,28.65,0.1977,5.06,734.0,86.0
37194,142.9,7.00,28.65,0.2006,4.99,734.0,86.0
37201,142.9,7.00,28.65,0.2006,4.99,734.0,86.0
37208,144.9,6.90,28.65,0.1977,5.06,734.0,86.0
37215,144.9,6.90,28.65,0.1977,5.06,734.0,86.0
37222,142.9,7.00,28.65,0.2006,4.99,734.0,86.0
37229,144.9,6.90,28.65,0.1977,5.06,734.0,86.0
37236,142.9,7.00,28.65,0.2006,4.99,734.0,86.0
37243,144.9,6.90,28.65,0.1977,5.06,734.0,86.0
37250,142.9,7.00,28.65,0.2006,4.99,734.0,86.0
37257,147.1,6.80,28.65,0.1948,5.13,734.0,86.0
37264,142.9,7.00,28.65,0.2006,4.99,734.0,86.0
37271,144.9,6.90,28.65,0.1977,5.06,734.0,86.0
37278,142.9,7.00,28.65,0.2006,4.99,734.0,86.0
37285,144.9,6.90,28.65,0.1977,5.06,734.0,86.0
37292,142.9,7.00,28.65,0.2006,4.99,734.0,86.0
37299,144.9,6.90,28.65,0.1977,5.06,734.0,86.0
37306,142.9,7.00,28.65,0.2006,4.99,734.0,86.0
37312,144.9,6.90,28.65,0.1977,5.06,734.0,86.0
37319,142.9,7.00,28.65,0.2006,4.99,734.0,86.0
37326,142.9,7.00,28.65,0.2006,4.99,734.0,86.0
37333,142.9,7.00,28.65,0.2006,4.99,734.0,86.0
37340,147.1,6.80,28.65,0.1948,5.13,734.0,86.0
37347,142.9,7.00,28.65,0.2006,4.99,734.0,86.0
37354,140.8,7.10,28.65,0.2034,4.91,734.0,86.0
37361,147.1,6.80,28.65,0.1948,5.13,734.0,86.0
37368,140.8,7.10,28.65,0.2034,4.91,734.0,86.0
37375,144.9,6.90,28.65,0.1977,5.06,734.0,86.0
37382,147.1,6.80,28.65,0.1948,5.13,734.0,86.0
37389,147.1,6.80,28.65,0.1948,5.13,734.0,86.0
37396,140.8,7.10,28.65,0.2034,4.91,734.0,86.0
37403,144.9,6.90,28.65,0.1977,5.06,734.0,86.0
37410,144.9,6.90,28.65,0.1977,5.06,734.0,86.0
37417,140.8,7.10,28.65,0.2034,4.91,734.0,86.0
37424,147.1,6.80,28.65,0.1948,5.13,734.0,86.0
37430,144.9,6.90,28.65,0.1977,5.06,734.0,86.0
37437,142.9,7.00,28.65,0.2006,4.99,734.0,86.0
37444,142.9,7.00,28.65,0.2006,4.99,734.0,86.0
37451,147.1,6.80,28.65,0.1948,5.13,734.0,86.0
37458,142.9,7.00,28.65,0.2006,4.99,734.0,86.0
37465,140.8,7.10,28.65,0.2034,4.91,734.0,86.0
37472,147.1,6.80,28.65,0.1948,5.13,734.0,86.0
37479,142.9,7.00,28.65,0.2006,4.99,734.0,86.0
37486,144.9,6.90,28.65,0.1977,5.06,734.0,86.0
37493,142.9,7.00,28.65,0.2006,4.99,734.0,86.0
37500,147.1,6.80,28.66,0.1949,5.13,734.0,86.0
37507,142.9,7.00,28.67,0.2007,4.98,734.0,86.0
37514,142.9,7.00,28.69,0.2008,4.98,734.0,86.0
37521,144.9,6.90,28.70,0.1981,5.05,734.0,86.0
37528,147.1,6.80,28.72,0.1953,5.12,734.0,86.0
37535,142.9,7.00,28.73,0.2011,4.97,734.0,86.0
37542,142.9,7.00,28.75,0.2012,4.97,734.0,86.0
37549,142.9,7.00,28.76,0.2013,4.97,734.0,86.0
37556,144.9,6.90,28.78,0.1986,5.04,734.0,86.0
37562,147.1,6.80,28.79,0.1958,5.11,734.0,86.0
37569,140.8,7.10,28.81,0.2045,4.89,734.0,86.0
37576,142.9,7.00,28.82,0.2017,4.96,734.0,86.0
37583,142.9,7.00,28.84,0.2018,4.96,734.0,86.0
37590,144.9,6.90,28.85,0.1991,5.02,734.0,86.0
37597,144.9,6.90,28.87,0.1992,5.02,734.0,86.0
37604,147.1,6.80,28.88,0.1964,5.09,734.0,86.0
37611,140.8,7.10,28.88,0.2050,4.88,734.0,86.0
37618,147.1,6.80,28.88,0.1964,5.09,734.0,86.0
37625,142.9,7.00,28.88,0.2022,4.95,734.0,86.0
37632,144.9,6.90,28.88,0.1993,5.02,734.0,86.0
37639,142.9,7.00,28.88,0.2022,4.95,734.0,86.0
37646,144.9,6.90,28.88,0.1993,5.02,734.0,86.0
37653,144.9,6.90,28.88,0.1993,5.02,734.0,86.0
37660,142.9,7.00,28.88,0.2022,4.95,734.0,86.0
37667,142.9,7.00,28.88,0.2022,4.95,734.0,86.0
37674,142.9,7.00,28.88,0.2022,4.95,734.0,86.0
37681,144.9,6.90,28.88,0.1993,5.02,734.0,86.0
37687,147.1,6.80,28.88,0.1964,5.09,734.0,86.0
37694,142.9,7.00,28.88,0.2022,4.95,734.0,86.0
37701,140.8,7.10,28.88,0.2050,4.88,734.0,86.0
37708,144.9,6.90,28.88,0.1993,5.02,734.0,86.0
37715,144.9,6.90,28.88,0.1993,5.02,734.0,86.0
37722,144.9,6.90,28.88,0.1993,5.02,734.0,86.0
37729,142.9,7.00,28.88,0.2022,4.95,734.0,86.0
37736,144.9,6.90,28.88,0.1993,5.02,734.0,86.0
37743,142.9,7.00,28.88,0.2022,4.95,734.0,86.0
37750,144.9,6.90,28.88,0.1993,5.02,734.0,86.0
37757,142.9,7.00,28.88,0.2022,4.95,734.0,86.0
37764,140.8,7.10,28.88,0.2050,4.88,734.0,86.0
37771,149.3,6.70,28.88,0.1935,5.17,734.0,86.0
37778,142.9,7.00,28.88,0.2022,4.95,734.0,86.0
37785,140.8,7.10,28.88,0.2050,4.88,734.0,86.0
37792,144.9,6.90,28.88,0.1993,5.02,734.0,86.0
37799,144.9,6.90,28.88,0.1993,5.02,734.0,86.0
37806,144.9,6.90,28.88,0.1993,5.02,734.0,86.0
37812,144.9,6.90,28.88,0.1993,5.02,734.0,86.0
37819,142.9,7.00,28.88,0.2022,4.95,734.0,86.0
37826,142.9,7.00,28.88,0.2022,4.95,734.0,86.0
37833,149.3,6.70,28.88,0.1935,5.17,734.0,86.0
37840,142.9,7.00,28.88,0.2022,4.95,734.0,86.0
37847,142.9,7.00,28.88,0.2022,4.95,734.0,86.0
37854,144.9,6.90,28.88,0.1993,5.02,734.0,86.0
37861,142.9,7.00,28.88,0.2022,4.95,734.0,86.0
37868,144.9,6.90,28.88,0.1993,5.02,734.0,86.0
37875,142.9,7.00,28.88,0.2022,4.95,734.0,86.0
37882,142.9,7.00,28.88,0.2022,4.95,734.0,86.0
37889,144.9,6.90,28.88,0.1993,5.02,734.0,86.0
37896,144.9,6.90,28.88,0.1993,5.02,734.0,86.0
37903,144.9,6.90,28.88,0.1993,5.02,734.0,86.0
37910,144.9,6.90,28.88,0.1993,5.02,734.0,86.0
37917,142.9,7.00,28.88,0.2022,4.95,734.0,86.0
37924,144.9,6.90,28.88,0.1993,5.02,734.0,86.0
37931,142.9,7.00,28.88,0.2022,4.95,734.0,86.0
37937,147.1,6.80,28.88,0.1964,5.09,734.0,86.0
37944,142.9,7.00,28.88,0.2022,4.95,734.0,86.0
37951,142.9,7.00,28.88,0.2022,4.95,734.0,86.0
37958,142.9,7.00,28.88,0.2022,4.95,734.0,86.0
37965,144.9,6.90,28.88,0.1993,5.02,734.0,86.0
37972,144.9,6.90,28.88,0.1993,5.02,734.0,86.0
37979,144.9,6.90,28.88,0.1993,5.02,734.0,86.0
37986,142.9,7.00,28.88,0.2022,4.95,734.0,86.0
37993,142.9,7.00,28.88,0.2022,4.95,734.0,86.0
38000,144.9,6.90,28.88,0.1993,5.02,734.0,86.0
38007,142.9,7.00,28.88,0.2022,4.95,734.0,86.0
38014,142.9,7.00,28.88,0.2022,4.95,734.0,86.0
38021,144.9,6.90,28.88,0.1993,5.02,734.0,86.0
38028,147.1,6.80,28.88,0.1964,5.09,734.0,86.0
38035,138.9,7.20,28.88,0.2079,4.81,734.0,86.0
38042,147.1,6.80,28.88,0.1964,5.09,734.0,86.0
38049,144.9,6.90,28.90,0.1994,5.01,734.0,86.1
38056,142.9,7.00,28.93,0.2025,4.94,734.0,86.1
38062,147.1,6.80,28.95,0.1968,5.08,734.0,86.2
38069,142.9,7.00,28.97,0.2028,4.93,734.0,86.2
38076,142.9,7.00,28.99,0.2030,4.93,734.0,86.3
38083,144.9,6.90,29.02,0.2002,4.99,734.0,86.4
38090,144.9,6.90,29.04,0.2004,4.99,734.0,86.4
38097,140.8,7.10,29.06,0.2063,4.84,734.0,86.5
38104,142.9,7.00,29.09,0.2036,4.91,734.0,86.6
38111,147.1,6.80,29.11,0.1979,5.05,734.0,86.6
38118,142.9,7.00,29.13,0.2039,4.91,734.0,86.7
38125,144.9,6.90,29.16,0.2012,4.97,734.0,86.7
38132,142.9,7.00,29.18,0.2043,4.90,734.0,86.8
38139,147.1,6.80,29.20,0.1986,5.04,734.0,86.9
38146,142.9,7.00,29.23,0.2046,4.89,734.0,86.9
38153,144.9,6.90,29.25,0.2018,4.95,734.0,87.0
38160,140.8,7.10,29.25,0.2077,4.81,734.0,87.0
38167,144.9,6.90,29.25,0.2018,4.95,734.0,87.0
38174,144.9,6.90,29.25,0.2018,4.95,734.0,87.0
38181,142.9,7.00,29.25,0.2048,4.89,734.0,87.0
38187,144.9,6.90,29.25,0.2018,4.95,734.0,87.0
38194,142.9,7.00,29.25,0.2048,4.89,734.0,87.0
38201,144.9,6.90,29.25,0.2018,4.95,734.0,87.0
38208,144.9,6.90,29.25,0.2018,4.95,734.0,87.0
38215,142.9,7.00,29.25,0.2048,4.89,734.0,87.0
38222,142.9,7.00,29.25,0.2048,4.89,734.0,87.0
38229,147.1,6.80,29.25,0.1989,5.03,734.0,87.0
38236,142.9,7.00,29.25,0.2048,4.89,734.0,87.0
38243,144.9,6.90,29.25,0.2018,4.95,734.0,87.0
38250,142.9,7.00,29.25,0.2048,4.89,734.0,87.0
38257,147.1,6.80,29.25,0.1989,5.03,734.0,87.0
38264,144.9,6.90,29.25,0.2018,4.95,734.0,87.0
38271,140.8,7.10,29.25,0.2077,4.81,734.0,87.0
38278,144.9,6.90,29.25,0.2018,4.95,734.0,87.0
38285,142.9,7.00,29.25,0.2048,4.89,734.0,87.0
38292,144.9,6.90,29.25,0.2018,4.95,734.0,87.0
38299,144.9,6.90,29.25,0.2018,4.95,734.0,87.0
38305,144.9,6.90,29.25,0.2018,4.95,734.0,87.0
38313,140.8,7.10,29.25,0.2077,4.81,734.0,87.0
38319,147.1,6.80,29.25,0.1989,5.03,734.0,87.0
38326,144.9,6.90,29.25,0.2018,4.95,734.0,87.0
38333,142.9,7.00,29.25,0.2048,4.89,734.0,87.0
38340,140.8,7.10,29.25,0.2077,4.81,734.0,87.0
38347,147.1,6.80,29.25,0.1989,5.03,734.0,87.0
38354,142.9,7.00,29.25,0.2048,4.89,734.0,87.0
38361,144.9,6.90,29.25,0.2018,4.95,734.0,87.0
38368,144.9,6.90,29.25,0.2018,4.95,734.0,87.0
38375,140.8,7.10,29.25,0.2077,4.81,734.0,87.0
38382,144.9,6.90,29.25,0.2018,4.95,734.0,87.0
38389,144.9,6.90,29.25,0.2018,4.95,734.0,87.0
38396,142.9,7.00,29.25,0.2048,4.89,734.0,87.0
38403,144.9,6.90,29.25,0.2018,4.95,734.0,87.0
38410,147.1,6.80,29.25,0.1989,5.03,734.0,87.0
38417,138.9,7.20,29.25,0.2106,4.75,734.0,87.0
38424,147.1,6.80,29.25,0.1989,5.03,734.0,87.0
38431,140.8,7.10,29.25,0.2077,4.81,734.0,87.0
38438,144.9,6.90,29.25,0.2018,4.95,734.0,87.0
38445,142.9,7.00,29.25,0.2048,4.89,734.0,87.0
38451,147.1,6.80,29.25,0.1989,5.03,734.0,87.0
38458,142.9,7.00,29.25,0.2048,4.89,734.0,87.0
38465,142.9,7.00,29.25,0.2048,4.89,734.0,87.0
38472,144.9,6.90,29.25,0.2018,4.95,734.0,87.0
38479,144.9,6.90,29.25,0.2018,4.95,734.0,87.0
38486,144.9,6.90,29.25,0.2018,4.95,734.0,87.0
38493,142.9,7.00,29.25,0.2048,4.89,734.0,87.0
38500,147.1,6.80,29.25,0.1989,5.03,734.0,87.0
38507,140.8,7.10,29.25,0.2077,4.81,734.0,87.0
38514,147.1,6.80,29.25,0.1989,5.03,734.0,87.0
38521,142.9,7.00,29.25,0.2048,4.89,734.0,87.0
38528,142.9,7.00,29.25,0.2048,4.89,734.0,87.0
38535,144.9,6.90,29.25,0.2018,4.95,734.0,87.0
38542,142.9,7.00,29.25,0.2048,4.89,734.0,87.0
38549,144.9,6.90,29.25,0.2018,4.95,734.0,87.0
38556,142.9,7.00,29.25,0.2048,4.89,734.0,87.0
38562,144.9,6.90,29.25,0.2018,4.95,734.0,87.0
38569,142.9,7.00,29.25,0.2048,4.89,734.0,87.0
38576,147.1,6.80,29.25,0.1989,5.03,734.0,87.0
38583,142.9,7.00,29.25,0.2048,4.89,734.0,87.0
38590,142.9,7.00,29.25,0.2048,4.89,734.0,87.0
38597,140.8,7.10,29.27,0.2078,4.81,734.0,87.0
38604,147.1,6.80,29.31,0.1993,5.02,734.0,87.0
38611,144.9,6.90,29.34,0.2025,4.94,734.0,87.0
38618,142.9,7.00,29.38,0.2056,4.86,734.0,87.0
38625,142.9,7.00,29.41,0.2059,4.86,734.0,87.0
38632,147.1,6.80,29.45,0.2002,5.00,734.0,87.0
38639,142.9,7.00,29.48,0.2064,4.85,734.0,87.0
38646,142.9,7.00,29.52,0.2066,4.84,734.0,87.0
38653,147.1,6.80,29.55,0.2010,4.98,734.0,87.0
38660,142.9,7.00,29.59,0.2071,4.83,734.0,87.0
38667,144.9,6.90,29.62,0.2044,4.89,734.0,87.0
38674,142.9,7.00,29.66,0.2076,4.82,734.0,87.0
38681,142.9,7.00,29.69,0.2079,4.81,734.0,87.0
38688,142.9,7.00,29.73,0.2081,4.81,734.0,87.0
38695,142.9,7.00,29.76,0.2084,4.80,734.0,87.0
38701,149.3,6.70,29.79,0.1996,5.01,734.0,87.0
38708,142.9,7.00,29.79,0.2085,4.80,734.0,87.0
38715,144.9,6.90,29.79,0.2056,4.86,734.0,87.0
38722,140.8,7.10,29.79,0.2115,4.73,734.0,87.0
38729,144.9,6.90,29.79,0.2056,4.86,734.0,87.0
38736,144.9,6.90,29.79,0.2056,4.86,734.0,87.0
38743,142.9,7.00,29.79,0.2085,4.80,734.0,87.0
38750,142.9,7.00,29.79,0.2085,4.80,734.0,87.0
38757,147.1,6.80,29.79,0.2026,4.94,734.0,87.0
38764,144.9,6.90,29.79,0.2056,4.86,734.0,87.0
38771,140.8,7.10,29.79,0.2115,4.73,734.0,87.0
38778,147.1,6.80,29.79,0.2026,4.94,734.0,87.0
38785,140.8,7.10,29.79,0.2115,4.73,734.0,87.0
38792,144.9,6.90,29.79,0.2056,4.86,734.0,87.0
38799,144.9,6.90,29.79,0.2056,4.86,734.0,87.0
38806,142.9,7.00,29.79,0.2085,4.80,734.0,87.0
38812,144.9,6.90,29.79,0.2056,4.86,734.0,87.0
38819,144.9,6.90,29.79,0.2056,4.86,734.0,87.0
38827,138.9,7.20,29.79,0.2145,4.66,734.0,87.0
38833,147.1,6.80,29.79,0.2026,4.94,734.0,87.0
38840,147.1,6.80,29.79,0.2026,4.94,734.0,87.0
38847,140.8,7.10,29.79,0.2115,4.73,734.0,87.0
38854,147.1,6.80,29.79,0.2026,4.94,734.0,87.0
38861,142.9,7.00,29.79,0.2085,4.80,734.0,87.0
38868,140.8,7.10,29.79,0.2115,4.73,734.0,87.0
38875,149.3,6.70,29.79,0.1996,5.01,734.0,87.0
38882,140.8,7.10,29.79,0.2115,4.73,734.0,87.0
38889,144.9,6.90,29.79,0.2056,4.86,734.0,87.0
38896,142.9,7.00,29.79,0.2085,4.80,734.0,87.0
38903,144.9,6.90,29.79,0.2056,4.86,734.0,87.0
38910,144.9,6.90,29.79,0.2056,4.86,734.0,87.0
38917,144.9,6.90,29.79,0.2056,4.86,734.0,87.0
38923,144.9,6.90,29.79,0.2056,4.86,734.0,87.0
38930,142.9,7.00,29.79,0.2085,4.80,734.0,87.0
38937,142.9,7.00,29.79,0.2085,4.80,734.0,87.0
38944,144.9,6.90,29.79,0.2056,4.86,734.0,87.0
38951,144.9,6.90,29.79,0.2056,4.86,734.0,87.0
38958,142.9,7.00,29.79,0.2085,4.80,734.0,87.0
38965,142.9,7.00,29.79,0.2085,4.80,734.0,87.0
38972,142.9,7.00,29.79,0.2085,4.80,734.0,87.0
38979,147.1,6.80,29.79,0.2026,4.94,734.0,87.0
38986,142.9,7.00,29.79,0.2085,4.80,734.0,87.0
38993,144.9,6.90,29.79,0.2056,4.86,734.0,87.0
39000,142.9,7.00,29.79,0.2085,4.80,734.0,87.0
39007,142.9,7.00,29.79,0.2085,4.80,734.0,87.0
39014,144.9,6.90,29.79,0.2056,4.86,734.0,87.0
39021,144.9,6.90,29.79,0.2056,4.86,734.0,87.0
39028,144.9,6.90,29.79,0.2056,4.86,734.0,87.0
39035,142.9,7.00,29.81,0.2087,4.79,734.0,87.0
39042,142.9,7.00,29.85,0.2090,4.79,734.0,87.0
39049,144.9,6.90,29.90,0.2063,4.85,734.0,87.0
39056,142.9,7.00,29.94,0.2096,4.77,734.0,87.0
39062,147.1,6.80,29.98,0.2038,4.91,734.0,87.0
39069,142.9,7.00,30.02,0.2101,4.76,734.0,87.0
39076,142.9,7.00,30.06,0.2104,4.75,734.0,87.0
39083,142.9,7.00,30.11,0.2107,4.75,734.0,87.0
39090,144.9,6.90,30.15,0.2080,4.81,734.0,87.0
39097,144.9,6.90,30.19,0.2083,4.80,734.0,87.0
39104,144.9,6.90,30.24,0.2086,4.79,734.0,87.0
39111,142.9,7.00,30.28,0.2120,4.72,734.0,87.0
39118,144.9,6.90,30.32,0.2092,4.78,734.0,87.0
39125,142.9,7.00,30.37,0.2126,4.71,734.0,87.0
39132,142.9,7.00,30.41,0.2129,4.70,734.0,87.0
39139,144.9,6.90,30.45,0.2101,4.76,734.0,87.0
39146,142.9,7.00,30.46,0.2132,4.69,734.0,87.0
39153,147.1,6.80,30.46,0.2071,4.83,734.0,87.0
39160,142.9,7.00,30.46,0.2132,4.69,734.0,87.0
39167,142.9,7.00,30.46,0.2132,4.69,734.0,87.0
39174,144.9,6.90,30.46,0.2102,4.76,734.0,87.0
39180,144.9,6.90,30.46,0.2102,4.76,734.0,87.0
39187,142.9,7.00,30.46,0.2132,4.69,734.0,87.0
39194,144.9,6.90,30.46,0.2102,4.76,734.0,87.0
39201,142.9,7.00,30.46,0.2132,4.69,734.0,87.0
39208,144.9,6.90,30.46,0.2102,4.76,734.0,87.0
39215,144.9,6.90,30.46,0.2102,4.76,734.0,87.0
39222,142.9,7.00,30.46,0.2132,4.69,734.0,87.0
39229,142.9,7.00,30.46,0.2132,4.69,734.0,87.0
39236,144.9,6.90,30.46,0.2102,4.76,734.0,87.0
39243,147.1,6.80,30.46,0.2071,4.83,734.0,87.0
39250,140.8,7.10,30.46,0.2163,4.62,734.0,87.0
39257,142.9,7.00,30.46,0.2132,4.69,734.0,87.0
39264,144.9,6.90,30.46,0.2102,4.76,734.0,87.0
39271,144.9,6.90,30.46,0.2102,4.76,734.0,87.0
39278,144.9,6.90,30.46,0.2102,4.76,734.0,87.0
39285,142.9,7.00,30.46,0.2132,4.69,734.0,87.0
39292,142.9,7.00,30.46,0.2132,4.69,734.0,87.0
39299,144.9,6.90,30.46,0.2102,4.76,734.0,87.0
39306,142.9,7.00,30.46,0.2132,4.69,734.0,87.0
39312,144.9,6.90,30.46,0.2102,4.76,734.0,87.0
39319,144.9,6.90,30.46,0.2102,4.76,734.0,87.0
39326,147.1,6.80,30.46,0.2071,4.83,734.0,87.0
39333,140.8,7.10,30.46,0.2163,4.62,734.0,87.0
39340,147.1,6.80,30.46,0.2071,4.83,734.0,87.0
39347,142.9,7.00,30.46,0.2132,4.69,734.0,87.0
39354,144.9,6.90,30.46,0.2102,4.76,734.0,87.0
39361,144.9,6.90,30.46,0.2102,4.76,734.0,87.0
39368,144.9,6.90,30.46,0.2102,4.76,734.0,87.0
39375,144.9,6.90,30.46,0.2102,4.76,734.0,87.0
39382,142.9,7.00,30.46,0.2132,4.69,734.0,87.0
39389,142.9,7.00,30.46,0.2132,4.69,734.0,87.0
39396,142.9,7.00,30.46,0.2132,4.69,734.0,87.0
39403,144.9,6.90,30.46,0.2102,4.76,734.0,87.0
39410,144.9,6.90,30.46,0.2102,4.76,734.0,87.0
39417,144.9,6.90,30.46,0.2102,4.76,734.0,87.0
39424,142.9,7.00,30.46,0.2132,4.69,734.0,87.0
39430,144.9,6.90,30.46,0.2102,4.76,734.0,87.0
39437,142.9,7.00,30.46,0.2132,4.69,734.0,87.0
39444,142.9,7.00,30.46,0.2132,4.69,734.0,87.0
39451,147.1,6.80,30.46,0.2071,4.83,734.0,87.0
39458,142.9,7.00,30.46,0.2132,4.69,734.0,87.0
39465,142.9,7.00,30.46,0.2132,4.69,734.0,87.0
39472,142.9,7.00,30.46,0.2132,4.69,734.0,87.0
39479,144.9,6.90,30.46,0.2102,4.76,734.0,87.0
39486,144.9,6.90,30.46,0.2102,4.76,734.0,87.0
39493,142.9,7.00,30.46,0.2132,4.69,734.0,87.0
39500,144.9,6.90,30.46,0.2102,4.76,734.0,87.0
39507,140.8,7.10,30.46,0.2163,4.62,734.0,87.0
39514,144.9,6.90,30.46,0.2102,4.76,734.0,87.0
39521,144.9,6.90,30.46,0.2102,4.76,734.0,87.0
39528,144.9,6.90,30.46,0.2102,4.76,734.0,87.0
39535,142.9,7.00,30.46,0.2132,4.69,734.0,87.0
39542,144.9,6.90,30.46,0.2102,4.76,734.0,87.0
39549,144.9,6.90,30.46,0.2102,4.76,734.0,87.0
39555,144.9,6.90,30.46,0.2102,4.76,734.0,87.0
39562,144.9,6.90,30.46,0.2102,4.76,734.0,87.0
39569,142.9,7.00,30.46,0.2132,4.69,734.0,87.0
39576,142.9,7.00,30.46,0.2132,4.69,734.0,87.0
39583,144.9,6.90,30.49,0.2104,4.75,734.0,87.0
39590,142.9,7.00,30.52,0.2137,4.68,734.0,87.0
39597,142.9,7.00,30.56,0.2139,4.68,734.0,87.0
39604,147.1,6.80,30.59,0.2080,4.81,734.0,87.0
39611,140.8,7.10,30.62,0.2174,4.60,734.0,87.0
39618,147.1,6.80,30.66,0.2085,4.80,734.0,87.0
39625,144.9,6.90,30.69,0.2118,4.72,734.0,87.0
39632,142.9,7.00,30.72,0.2151,4.65,734.0,87.0
39639,142.9,7.00,30.76,0.2153,4.65,734.0,87.0
39646,144.9,6.90,30.79,0.2125,4.71,734.0,87.0
39653,144.9,6.90,30.83,0.2127,4.70,734.0,87.0
39660,140.8,7.10,30.86,0.2191,4.56,734.0,87.0
39667,144.9,6.90,30.89,0.2132,4.69,734.0,87.0
39674,144.9,6.90,30.93,0.2134,4.69,734.0,87.0
39681,142.9,7.00,30.96,0.2167,4.62,734.0,87.0
39687,144.9,6.90,30.98,0.2138,4.68,734.0,87.0
39694,144.9,6.90,30.98,0.2138,4.68,734.0,87.0
39701,142.9,7.00,30.98,0.2169,4.61,734.0,87.0
39708,144.9,6.90,30.98,0.2138,4.68,734.0,87.0
39715,144.9,6.90,30.98,0.2138,4.68,734.0,87.0
39722,142.9,7.00,30.98,0.2169,4.61,734.0,87.0
39729,144.9,6.90,30.98,0.2138,4.68,734.0,87.0
39736,142.9,7.00,30.98,0.2169,4.61,734.0,87.0
39743,142.9,7.00,30.98,0.2169,4.61,734.0,87.0
39750,144.9,6.90,30.98,0.2138,4.68,734.0,87.0
39757,144.9,6.90,30.98,0.2138,4.68,734.0,87.0
39764,142.9,7.00,30.98,0.2169,4.61,734.0,87.0
39771,144.9,6.90,30.98,0.2138,4.68,734.0,87.0
39778,144.9,6.90,30.98,0.2138,4.68,734.0,87.0
39785,142.9,7.00,30.98,0.2169,4.61,734.0,87.0
39792,144.9,6.90,30.98,0.2138,4.68,734.0,87.0
39799,140.8,7.10,30.98,0.2200,4.54,734.0,87.0
39806,144.9,6.90,30.98,0.2138,4.68,734.0,87.0
39812,144.9,6.90,30.98,0.2138,4.68,734.0,87.0
39819,142.9,7.00,30.98,0.2169,4.61,734.0,87.0
39826,147.1,6.80,30.98,0.2107,4.75,734.0,87.0
39833,142.9,7.00,30.98,0.2169,4.61,734.0,87.0
39840,142.9,7.00,30.98,0.2169,4.61,734.0,87.0
39847,142.9,7.00,30.98,0.2169,4.61,734.0,87.0
39854,147.1,6.80,30.98,0.2107,4.75,734.0,87.0
39861,142.9,7.00,30.98,0.2169,4.61,734.0,87.0
39868,142.9,7.00,30.98,0.2169,4.61,734.0,87.0
39875,147.1,6.80,30.98,0.2107,4.75,734.0,87.0
39882,142.9,7.00,30.98,0.2169,4.61,734.0,87.0
39889,142.9,7.00,30.98,0.2169,4.61,734.0,87.0
39896,144.9,6.90,30.98,0.2138,4.68,734.0,87.0
39903,140.8,7.10,30.98,0.2200,4.54,734.0,87.0
39910,147.1,6.80,30.98,0.2107,4.75,734.0,87.0
39917,144.9,6.90,30.98,0.2138,4.68,734.0,87.0
39924,140.8,7.10,30.98,0.2200,4.54,734.0,87.0
39931,144.9,6.90,30.98,0.2138,4.68,734.0,87.0
39937,144.9,6.90,30.98,0.2138,4.68,734.0,87.0
39944,144.9,6.90,30.98,0.2138,4.68,734.0,87.0
39951,142.9,7.00,30.98,0.2169,4.61,734.0,87.0
39958,144.9,6.90,30.98,0.2138,4.68,734.0,87.0
39965,144.9,6.90,30.98,0.2138,4.68,734.0,87.0
39972,142.9,7.00,30.98,0.2169,4.61,734.0,87.0
39979,144.9,6.90,30.98,0.2138,4.68,734.0,87.0
39986,142.9,7.00,30.98,0.2169,4.61,734.0,87.0
39993,144.9,6.90,30.98,0.2138,4.68,734.0,87.0
40000,144.9,6.90,30.98,0.2138,4.68,734.0,87.0
40007,142.9,7.00,30.98,0.2169,4.61,734.0,87.0
40014,144.9,6.90,30.98,0.2138,4.68,734.0,87.0
40021,144.9,6.90,30.98,0.2138,4.68,734.0,87.0
40028,142.9,7.00,30.98,0.2169,4.61,734.0,87.0
40035,142.9,7.00,30.99,0.2169,4.61,734.0,87.0
40042,144.9,6.90,30.99,0.2138,4.68,734.0,87.0
40049,142.9,7.00,30.99,0.2169,4.61,734.0,87.0
40056,140.8,7.10,30.99,0.2200,4.54,734.0,87.0
40063,144.9,6.90,30.99,0.2139,4.68,734.0,87.0
40069,147.1,6.80,31.00,0.2108,4.75,734.0,87.0
40076,140.8,7.10,31.00,0.2201,4.54,734.0,87.0
40083,147.1,6.80,31.00,0.2108,4.75,734.0,87.0
40090,144.9,6.90,31.00,0.2139,4.67,734.0,87.0
40097,142.9,7.00,31.00,0.2170,4.61,734.0,87.0
40104,142.9,7.00,31.01,0.2170,4.61,734.0,87.0
40111,147.1,6.80,31.01,0.2108,4.74,734.0,87.0
40118,140.8,7.10,31.01,0.2202,4.54,734.0,87.0
40125,142.9,7.00,31.01,0.2171,4.61,734.0,87.0
40132,147.1,6.80,31.01,0.2109,4.74,734.0,87.0
40139,144.9,6.90,31.01,0.2140,4.67,734.0,87.0
40146,142.9,7.00,31.01,0.2171,4.61,734.0,87.0
40153,142.9,7.00,31.01,0.2171,4.61,734.0,87.0
40160,142.9,7.00,31.01,0.2171,4.61,734.0,87.0
40167,144.9,6.90,31.01,0.2140,4.67,734.0,87.0
40174,144.9,6.90,31.01,0.2140,4.67,734.0,87.0
40180,144.9,6.90,31.01,0.2140,4.67,734.0,87.0
40188,140.8,7.10,31.01,0.2202,4.54,734.0,87.0
40194,144.9,6.90,31.01,0.2140,4.67,734.0,87.0
40201,147.1,6.80,31.01,0.2109,4.74,734.0,87.0
40208,142.9,7.00,31.01,0.2171,4.61,734.0,87.0
40215,144.9,6.90,31.01,0.2140,4.67,734.0,87.0
40222,142.9,7.00,31.01,0.2171,4.61,734.0,87.0
40229,142.9,7.00,31.01,0.2171,4.61,734.0,87.0
40236,144.9,6.90,31.01,0.2140,4.67,734.0,87.0
40243,147.1,6.80,31.01,0.2109,4.74,734.0,87.0
40250,142.9,7.00,31.01,0.2171,4.61,734.0,87.0
40257,140.8,7.10,31.01,0.2202,4.54,734.0,87.0
40264,147.1,6.80,31.01,0.2109,4.74,734.0,87.0
40271,142.9,7.00,31.01,0.2171,4.61,734.0,87.0
40278,144.9,6.90,31.01,0.2140,4.67,734.0,87.0
40285,140.8,7.10,31.01,0.2202,4.54,734.0,87.0
40292,144.9,6.90,31.01,0.2140,4.67,734.0,87.0
40299,142.9,7.00,31.01,0.2171,4.61,734.0,87.0
40305,147.1,6.80,31.01,0.2109,4.74,734.0,87.0
40312,142.9,7.00,31.01,0.2171,4.61,734.0,87.0
40319,142.9,7.00,31.01,0.2171,4.61,734.0,87.0
40326,144.9,6.90,31.01,0.2140,4.67,734.0,87.0
40333,142.9,7.00,31.01,0.2171,4.61,734.0,87.0
40340,144.9,6.90,31.01,0.2140,4.67,734.0,87.0
40347,144.9,6.90,31.01,0.2140,4.67,734.0,87.0
40354,144.9,6.90,31.01,0.2140,4.67,734.0,87.0
40361,140.8,7.10,31.01,0.2202,4.54,734.0,87.0
40368,147.1,6.80,31.01,0.2109,4.74,734.0,87.0
40375,144.9,6.90,31.01,0.2140,4.67,734.0,87.0
40382,140.8,7.10,31.01,0.2202,4.54,734.0,87.0
40389,144.9,6.90,31.01,0.2140,4.67,734.0,87.0
40396,142.9,7.00,31.01,0.2171,4.61,734.0,87.0
40403,144.9,6.90,31.01,0.2140,4.67,734.0,87.0
40410,142.9,7.00,31.01,0.2171,4.61,734.0,87.0
40417,144.9,6.90,31.01,0.2140,4.67,734.0,87.0
40424,144.9,6.90,31.01,0.2140,4.67,734.0,87.0
40430,144.9,6.90,31.01,0.2140,4.67,734.0,87.0
40437,142.9,7.00,31.01,0.2171,4.61,734.0,87.0
40444,142.9,7.00,31.01,0.2171,4.61,734.0,87.0
40451,144.9,6.90,31.01,0.2140,4.67,734.0,87.0
40458,144.9,6.90,31.01,0.2140,4.67,734.0,87.0
40465,142.9,7.00,31.01,0.2171,4.61,734.0,87.0
40472,144.9,6.90,31.01,0.2140,4.67,734.0,87.0
40479,144.9,6.90,31.01,0.2140,4.67,734.0,87.0
40486,142.9,7.00,31.01,0.2171,4.61,734.0,87.0
40493,142.9,7.00,31.01,0.2171,4.61,734.0,87.0
40500,144.9,6.90,31.01,0.2140,4.67,734.0,87.0
40507,147.1,6.80,31.01,0.2109,4.74,734.0,87.0
40514,144.9,6.90,31.01,0.2140,4.67,734.0,87.0
40521,144.9,6.90,31.01,0.2140,4.67,734.0,87.0
40528,142.9,7.00,31.01,0.2171,4.61,734.0,87.0
40535,147.1,6.80,31.01,0.2109,4.74,734.0,87.0
40542,142.9,7.00,31.01,0.2171,4.61,734.0,87.0
40549,142.9,7.00,31.01,0.2171,4.61,734.0,87.0
40555,144.9,6.90,31.01,0.2140,4.67,734.0,87.0
40562,142.9,7.00,31.00,0.2170,4.61,734.0,87.0
40569,142.9,7.00,30.98,0.2169,4.61,734.0,87.0
40576,144.9,6.90,30.96,0.2137,4.68,734.0,87.0
40583,147.1,6.80,30.95,0.2104,4.75,734.0,87.0
40590,140.8,7.10,30.93,0.2196,4.55,734.0,87.0
40597,142.9,7.00,30.91,0.2164,4.62,734.0,87.0
40604,144.9,6.90,30.89,0.2132,4.69,734.0,87.0
40611,144.9,6.90,30.88,0.2130,4.69,734.0,87.0
40618,142.9,7.00,30.86,0.2160,4.63,734.0,87.0
40625,142.9,7.00,30.84,0.2159,4.63,734.0,87.0
40632,149.3,6.70,30.82,0.2065,4.84,734.0,87.0
40639,144.9,6.90,30.80,0.2125,4.70,734.0,87.0
40646,142.9,7.00,30.79,0.2155,4.64,734.0,87.0
40653,144.9,6.90,30.77,0.2123,4.71,734.0,87.0
40660,142.9,7.00,30.75,0.2153,4.65,734.0,87.0
40667,144.9,6.90,30.73,0.2121,4.71,734.0,87.0
40674,142.9,7.00,30.73,0.2151,4.65,734.0,87.0
40680,144.9,6.90,30.73,0.2120,4.72,734.0,87.0
40687,144.9,6.90,30.73,0.2120,4.72,734.0,87.0
40694,144.9,6.90,30.73,0.2120,4.72,734.0,87.0
40701,140.8,7.10,30.73,0.2182,4.58,734.0,87.0
40708,144.9,6.90,30.73,0.2120,4.72,734.0,87.0
40715,144.9,6.90,30.73,0.2120,4.72,734.0,87.0
40722,142.9,7.00,30.73,0.2151,4.65,734.0,87.0
40729,142.9,7.00,30.73,0.2151,4.65,734.0,87.0
40736,147.1,6.80,30.73,0.2090,4.79,734.0,87.0
40743,142.9,7.00,30.73,0.2151,4.65,734.0,87.0
40750,144.9,6.90,30.73,0.2120,4.72,734.0,87.0
40757,144.9,6.90,30.73,0.2120,4.72,734.0,87.0
40764,142.9,7.00,30.73,0.2151,4.65,734.0,87.0
40771,142.9,7.00,30.73,0.2151,4.65,734.0,87.0
40778,147.1,6.80,30.73,0.2090,4.79,734.0,87.0
40785,140.8,7.10,30.73,0.2182,4.58,734.0,87.0
40792,142.9,7.00,30.73,0.2151,4.65,734.0,87.0
40799,144.9,6.90,30.73,0.2120,4.72,734.0,87.0
40805,144.9,6.90,30.73,0.2120,4.72,734.0,87.0
40812,144.9,6.90,30.73,0.2120,4.72,734.0,87.0
40819,142.9,7.00,30.73,0.2151,4.65,734.0,87.0
40826,142.9,7.00,30.73,0.2151,4.65,734.0,87.0
40833,144.9,6.90,30.73,0.2120,4.72,734.0,87.0
40840,144.9,6.90,30.73,0.2120,4.72,734.0,87.0
40847,142.9,7.00,30.73,0.2151,4.65,734.0,87.0
40854,144.9,6.90,30.73,0.2120,4.72,734.0,87.0
40861,144.9,6.90,30.73,0.2120,4.72,734.0,87.0
40868,142.9,7.00,30.73,0.2151,4.65,734.0,87.0
40875,144.9,6.90,30.73,0.2120,4.72,734.0,87.0
40882,147.1,6.80,30.73,0.2090,4.79,734.0,87.0
40889,142.9,7.00,30.73,0.2151,4.65,734.0,87.0
40896,142.9,7.00,30.73,0.2151,4.65,734.0,87.0
40903,144.9,6.90,30.73,0.2120,4.72,734.0,87.0
40910,140.8,7.10,30.73,0.2182,4.58,734.0,87.0
40917,144.9,6.90,30.73,0.2120,4.72,734.0,87.0
40924,144.9,6.90,30.73,0.2120,4.72,734.0,87.0
40931,142.9,7.00,30.73,0.2151,4.65,734.0,87.0
40937,147.1,6.80,30.73,0.2090,4.79,734.0,87.0
40944,142.9,7.00,30.73,0.2151,4.65,734.0,87.0
40951,142.9,7.00,30.73,0.2151,4.65,734.0,87.0
40958,144.9,6.90,30.73,0.2120,4.72,734.0,87.0
40965,142.9,7.00,30.73,0.2151,4.65,734.0,87.0
40972,147.1,6.80,30.73,0.2090,4.79,734.0,87.0
40979,142.9,7.00,30.73,0.2151,4.65,734.0,87.0
40986,144.9,6.90,30.73,0.2120,4.72,734.0,87.0
40993,144.9,6.90,30.73,0.2120,4.72,734.0,87.0
41000,138.9,7.20,30.71,0.2211,4.52,734.0,87.0
41007,144.9,6.90,30.67,0.2116,4.73,734.0,87.0
41014,144.9,6.90,30.63,0.2113,4.73,734.0,87.0
41021,144.9,6.90,30.59,0.2110,4.74,734.0,87.0
41028,142.9,7.00,30.55,0.2138,4.68,734.0,87.0
41035,144.9,6.90,30.50,0.2105,4.75,734.0,87.0
41042,144.9,6.90,30.46,0.2102,4.76,734.0,87.0
41048,144.9,6.90,30.43,0.2100,4.76,734.0,87.0
41056,140.8,7.10,30.38,0.2157,4.63,734.0,87.0
41063,142.9,7.00,30.34,0.2124,4.71,734.0,87.0
41069,147.1,6.80,30.31,0.2061,4.85,734.0,87.0
41076,142.9,7.00,30.27,0.2119,4.72,734.0,87.0
41083,144.9,6.90,30.23,0.2086,4.79,734.0,87.0
41090,142.9,7.00,30.19,0.2113,4.73,734.0,87.0
41097,144.9,6.90,30.15,0.2080,4.81,734.0,87.0
41104,144.9,6.90,30.11,0.2077,4.81,734.0,87.0
41111,142.9,7.00,30.10,0.2107,4.75,734.0,87.0
41118,147.1,6.80,30.10,0.2047,4.89,734.0,87.0
41125,140.8,7.10,30.10,0.2137,4.68,734.0,87.0
41132,144.9,6.90,30.10,0.2077,4.81,734.0,87.0
41139,144.9,6.90,30.10,0.2077,4.81,734.0,87.0
41146,142.9,7.00,30.10,0.2107,4.75,734.0,87.0
41153,147.1,6.80,30.10,0.2047,4.89,734.0,87.0
41160,140.8,7.10,30.10,0.2137,4.68,734.0,87.0
41167,144.9,6.90,30.10,0.2077,4.81,734.0,87.0
41174,142.9,7.00,30.10,0.2107,4.75,734.0,87.0
41181,142.9,7.00,30.10,0.2107,4.75,734.0,87.0
41187,147.1,6.80,30.10,0.2047,4.89,734.0,87.0
41194,142.9,7.00,30.10,0.2107,4.75,734.0,87.0
41201,144.9,6.90,30.10,0.2077,4.81,734.0,87.0
41208,140.8,7.10,30.10,0.2137,4.68,734.0,87.0
41215,147.1,6.80,30.10,0.2047,4.89,734.0,87.0
41222,142.9,7.00,30.10,0.2107,4.75,734.0,87.0
41229,144.9,6.90,30.10,0.2077,4.81,734.0,87.0
41236,142.9,7.00,30.10,0.2107,4.75,734.0,87.0
41243,147.1,6.80,30.10,0.2047,4.89,734.0,87.0
41250,140.8,7.10,30.10,0.2137,4.68,734.0,87.0
41257,144.9,6.90,30.10,0.2077,4.81,734.0,87.0
41264,144.9,6.90,30.10,0.2077,4.81,734.0,87.0
41271,144.9,6.90,30.10,0.2077,4.81,734.0,87.0
41278,140.8,7.10,30.10,0.2137,4.68,734.0,87.0
41285,144.9,6.90,30.10,0.2077,4.81,734.0,87.0
41292,142.9,7.00,30.10,0.2107,4.75,734.0,87.0
41299,144.9,6.90,30.10,0.2077,4.81,734.0,87.0
41306,142.9,7.00,30.10,0.2107,4.75,734.0,87.0
41312,144.9,6.90,30.10,0.2077,4.81,734.0,87.0
41319,142.9,7.00,30.10,0.2107,4.75,734.0,87.0
41326,144.9,6.90,30.10,0.2077,4.81,734.0,87.0
41333,142.9,7.00,30.10,0.2107,4.75,734.0,87.0
41340,144.9,6.90,30.10,0.2077,4.81,734.0,87.0
41347,142.9,7.00,30.10,0.2107,4.75,734.0,87.0
41354,144.9,6.90,30.10,0.2077,4.81,734.0,87.0
41361,142.9,7.00,30.10,0.2107,4.75,734.0,87.0
41368,144.9,6.90,30.10,0.2077,4.81,734.0,87.0
41375,144.9,6.90,30.10,0.2077,4.81,734.0,87.0
41382,142.9,7.00,30.10,0.2107,4.75,734.0,87.0
41389,147.1,6.80,30.10,0.2047,4.89,734.0,87.0
41396,142.9,7.00,30.10,0.2107,4.75,734.0,87.0
41403,144.9,6.90,30.10,0.2077,4.81,734.0,87.0
41410,142.9,7.00,30.10,0.2107,4.75,734.0,87.0
41417,142.9,7.00,30.10,0.2107,4.75,734.0,87.0
41424,138.9,7.20,30.10,0.2167,4.61,734.0,87.0
41431,149.3,6.70,30.10,0.2017,4.96,734.0,87.0
41437,144.9,6.90,30.10,0.2077,4.81,734.0,87.0
41444,142.9,7.00,30.10,0.2107,4.75,734.0,87.0
41451,144.9,6.90,30.10,0.2077,4.81,734.0,87.0
41458,142.9,7.00,30.10,0.2107,4.75,734.0,87.0
41465,144.9,6.90,30.10,0.2077,4.81,734.0,87.0
41472,142.9,7.00,30.10,0.2107,4.75,734.0,87.0
41479,142.9,7.00,30.10,0.2107,4.75,734.0,87.0
41486,147.1,6.80,30.10,0.2047,4.89,734.0,87.0
41493,142.9,7.00,30.10,0.2107,4.75,734.0,87.0
41500,147.1,6.80,30.10,0.2047,4.89,734.0,87.0
41507,142.9,7.00,30.10,0.2107,4.75,734.0,87.0
41514,144.9,6.90,30.10,0.2077,4.81,734.0,87.0
41521,142.9,7.00,30.10,0.2107,4.75,734.0,87.0
41528,144.9,6.90,30.10,0.2077,4.81,734.0,87.0
41535,142.9,7.00,30.10,0.2107,4.75,734.0,87.0
41542,142.9,7.00,30.10,0.2107,4.75,734.0,87.0
41548,147.1,6.80,30.09,0.2046,4.89,734.0,87.0
41556,140.8,7.10,30.04,0.2132,4.69,734.0,87.0
41562,147.1,6.80,30.00,0.2040,4.90,734.0,87.0
41569,142.9,7.00,29.95,0.2097,4.77,734.0,87.0
41576,144.9,6.90,29.91,0.2063,4.85,734.0,87.0
41583,142.9,7.00,29.86,0.2090,4.79,734.0,87.0
41590,142.9,7.00,29.81,0.2087,4.79,734.0,87.0
41597,144.9,6.90,29.77,0.2054,4.87,734.0,87.0
41604,142.9,7.00,29.72,0.2081,4.81,734.0,87.0
41611,144.9,6.90,29.68,0.2048,4.88,734.0,87.0
41618,144.9,6.90,29.63,0.2045,4.89,734.0,87.0
41625,140.8,7.10,29.59,0.2101,4.76,734.0,87.0
41632,147.1,6.80,29.54,0.2009,4.98,734.0,87.0
41639,144.9,6.90,29.50,0.2035,4.91,734.0,87.0
41646,140.8,7.10,29.45,0.2091,4.78,734.0,87.0
41653,147.1,6.80,29.41,0.2000,5.00,734.0,87.0
41660,144.9,6.90,29.40,0.2029,4.93,734.0,87.0
41667,142.9,7.00,29.40,0.2058,4.86,734.0,87.0
41673,144.9,6.90,29.40,0.2029,4.93,734.0,87.0
41680,142.9,7.00,29.40,0.2058,4.86,734.0,87.0
41687,142.9,7.00,29.40,0.2058,4.86,734.0,87.0
41694,142.9,7.00,29.40,0.2058,4.86,734.0,87.0
41701,147.1,6.80,29.40,0.1999,5.00,734.0,87.0
41708,142.9,7.00,29.40,0.2058,4.86,734.0,87.0
41715,142.9,7.00,29.40,0.2058,4.86,734.0,87.0
41722,144.9,6.90,29.40,0.2029,4.93,734.0,87.0
41729,144.9,6.90,29.40,0.2029,4.93,734.0,87.0
41736,142.9,7.00,29.40,0.2058,4.86,734.0,87.0
41743,144.9,6.90,29.40,0.2029,4.93,734.0,87.0
41750,144.9,6.90,29.40,0.2029,4.93,734.0,87.0
41757,142.9,7.00,29.40,0.2058,4.86,734.0,87.0
41764,142.9,7.00,29.40,0.2058,4.86,734.0,87.0
41771,144.9,6.90,29.40,0.2029,4.93,734.0,87.0
41778,142.9,7.00,29.40,0.2058,4.86,734.0,87.0
41785,147.1,6.80,29.40,0.1999,5.00,734.0,87.0
41792,142.9,7.00,29.40,0.2058,4.86,734.0,87.0
41799,140.8,7.10,29.40,0.2087,4.79,734.0,87.0
41805,147.1,6.80,29.40,0.1999,5.00,734.0,87.0
41812,142.9,7.00,29.40,0.2058,4.86,734.0,87.0
41819,142.9,7.00,29.40,0.2058,4.86,734.0,87.0
41826,144.9,6.90,29.40,0.2029,4.93,734.0,87.0
41833,147.1,6.80,29.40,0.1999,5.00,734.0,87.0
41840,140.8,7.10,29.40,0.2087,4.79,734.0,87.0
41847,144.9,6.90,29.40,0.2029,4.93,734.0,87.0
41854,144.9,6.90,29.40,0.2029,4.93,734.0,87.0
41861,142.9,7.00,29.40,0.2058,4.86,734.0,87.0
41868,142.9,7.00,29.40,0.2058,4.86,734.0,87.0
41875,144.9,6.90,29.40,0.2029,4.93,734.0,87.0
41882,144.9,6.90,29.40,0.2029,4.93,734.0,87.0
41889,142.9,7.00,29.40,0.2058,4.86,734.0,87.0
41896,142.9,7.00,29.40,0.2058,4.86,734.0,87.0
41903,144.9,6.90,29.40,0.2029,4.93,734.0,87.0
41910,142.9,7.00,29.40,0.2058,4.86,734.0,87.0
41917,144.9,6.90,29.40,0.2029,4.93,734.0,87.0
41923,147.1,6.80,29.40,0.1999,5.00,734.0,87.0
41930,142.9,7.00,29.40,0.2058,4.86,734.0,87.0
41938,140.8,7.10,29.40,0.2087,4.79,734.0,87.0
41944,144.9,6.90,29.40,0.2029,4.93,734.0,87.0
41951,144.9,6.90,29.40,0.2029,4.93,734.0,87.0
41958,144.9,6.90,29.40,0.2029,4.93,734.0,87.0
41965,142.9,7.00,29.40,0.2058,4.86,734.0,87.0
41972,144.9,6.90,29.40,0.2029,4.93,734.0,87.0
41979,142.9,7.00,29.40,0.2058,4.86,734.0,87.0
41986,144.9,6.90,29.40,0.2029,4.93,734.0,87.0
41993,144.9,6.90,29.40,0.2029,4.93,734.0,87.0
42000,140.8,7.10,29.40,0.2087,4.79,734.0,87.0
42007,147.1,6.80,29.40,0.1999,5.00,734.0,87.0
42014,140.8,7.10,29.40,0.2087,4.79,734.0,87.0
42021,144.9,6.90,29.40,0.2029,4.93,734.0,87.0
42028,144.9,6.90,29.40,0.2029,4.93,734.0,87.0
42035,144.9,6.90,29.40,0.2029,4.93,734.0,87.0
42042,142.9,7.00,29.40,0.2058,4.86,734.0,87.0
42049,144.9,6.90,29.40,0.2029,4.93,734.0,87.0
42056,142.9,7.00,29.40,0.2058,4.86,734.0,87.0
42062,147.1,6.80,29.40,0.1999,5.00,734.0,87.0
42069,140.8,7.10,29.40,0.2087,4.79,734.0,87.0
42076,147.1,6.80,29.40,0.1999,5.00,734.0,87.0
42083,142.9,7.00,29.40,0.2058,4.86,734.0,87.0
42090,144.9,6.90,29.40,0.2028,4.93,734.0,87.0
42097,142.9,7.00,29.38,0.2057,4.86,734.0,87.0
42104,144.9,6.90,29.37,0.2027,4.93,734.0,87.0
42111,142.9,7.00,29.36,0.2055,4.87,734.0,87.0
42118,144.9,6.90,29.34,0.2025,4.94,734.0,87.0
42125,144.9,6.90,29.33,0.2024,4.94,734.0,87.0
42132,144.9,6.90,29.31,0.2023,4.94,734.0,87.0
42139,142.9,7.00,29.30,0.2051,4.88,734.0,87.0
42146,144.9,6.90,29.28,0.2021,4.95,734.0,87.0
42153,147.1,6.80,29.27,0.1990,5.03,734.0,87.0
42160,142.9,7.00,29.26,0.2048,4.88,734.0,87.0
42167,144.9,6.90,29.24,0.2018,4.96,734.0,87.0
42173,144.9,6.90,29.23,0.2017,4.96,734.0,87.0
42180,142.9,7.00,29.22,0.2045,4.89,734.0,87.0
42187,144.9,6.90,29.20,0.2015,4.96,734.0,87.0
42194,142.9,7.00,29.19,0.2043,4.90,734.0,87.0
42201,142.9,7.00,29.18,0.2043,4.90,734.0,87.0
42208,144.9,6.90,29.18,0.2013,4.97,734.0,87.0
42215,144.9,6.90,29.18,0.2013,4.97,734.0,87.0
42222,142.9,7.00,29.18,0.2043,4.90,734.0,87.0
42229,144.9,6.90,29.18,0.2013,4.97,734.0,87.0
42236,142.9,7.00,29.18,0.2043,4.90,734.0,87.0
42243,144.9,6.90,29.18,0.2013,4.97,734.0,87.0
42250,140.8,7.10,29.18,0.2072,4.83,734.0,87.0
42257,144.9,6.90,29.18,0.2013,4.97,734.0,87.0
42264,144.9,6.90,29.18,0.2013,4.97,734.0,87.0
42271,144.9,6.90,29.18,0.2013,4.97,734.0,87.0
42278,144.9,6.90,29.18,0.2013,4.97,734.0,87.0
42285,142.9,7.00,29.18,0.2043,4.90,734.0,87.0
42292,144.9,6.90,29.18,0.2013,4.97,734.0,87.0
42298,144.9,6.90,29.18,0.2013,4.97,734.0,87.0
42305,142.9,7.00,29.18,0.2043,4.90,734.0,87.0
42312,142.9,7.00,29.18,0.2043,4.90,734.0,87.0
42319,142.9,7.00,29.18,0.2043,4.90,734.0,87.0
42326,147.1,6.80,29.18,0.1984,5.04,734.0,87.0
42333,144.9,6.90,29.18,0.2013,4.97,734.0,87.0
42340,142.9,7.00,29.18,0.2043,4.90,734.0,87.0
42347,144.9,6.90,29.18,0.2013,4.97,734.0,87.0
42354,142.9,7.00,29.18,0.2043,4.90,734.0,87.0
42361,142.9,7.00,29.18,0.2043,4.90,734.0,87.0
42368,142.9,7.00,29.18,0.2043,4.90,734.0,87.0
42375,147.1,6.80,29.18,0.1984,5.04,734.0,87.0
42382,140.8,7.10,29.18,0.2072,4.83,734.0,87.0
42389,147.1,6.80,29.18,0.1984,5.04,734.0,87.0
42396,142.9,7.00,29.18,0.2043,4.90,734.0,87.0
42403,142.9,7.00,29.18,0.2043,4.90,734.0,87.0
42410,144.9,6.90,29.18,0.2013,4.97,734.0,87.0
42417,144.9,6.90,29.18,0.2013,4.97,734.0,87.0
42424,142.9,7.00,29.18,0.2043,4.90,734.0,87.0
42431,142.9,7.00,29.18,0.2043,4.90,734.0,87.0
42438,140.8,7.10,29.18,0.2072,4.83,734.0,87.0
42444,147.1,6.80,29.18,0.1984,5.04,734.0,87.0
42451,144.9,6.90,29.18,0.2013,4.97,734.0,87.0
42458,144.9,6.90,29.18,0.2013,4.97,734.0,87.0
42465,144.9,6.90,29.18,0.2013,4.97,734.0,87.0
42472,140.8,7.10,29.18,0.2072,4.83,734.0,87.0
42479,147.1,6.80,29.18,0.1984,5.04,734.0,87.0
42486,142.9,7.00,29.18,0.2043,4.90,734.0,87.0
42493,142.9,7.00,29.18,0.2043,4.90,734.0,87.0
42500,144.9,6.90,29.18,0.2013,4.97,734.0,87.0
42507,144.9,6.90,29.18,0.2013,4.97,734.0,87.0
42514,144.9,6.90,29.18,0.2013,4.97,734.0,87.0
42521,144.9,6.90,29.18,0.2013,4.97,734.0,87.0
42528,140.8,7.10,29.18,0.2072,4.83,734.0,87.0
42535,147.1,6.80,29.17,0.1984,5.04,734.0,87.0
42542,142.9,7.00,29.17,0.2042,4.90,734.0,87.0
42549,142.9,7.00,29.16,0.2041,4.90,734.0,87.0
42555,144.9,6.90,29.15,0.2012,4.97,734.0,87.0
42562,142.9,7.00,29.15,0.2040,4.90,734.0,87.0
42569,144.9,6.90,29.14,0.2011,4.97,734.0,87.0
42576,142.9,7.00,29.13,0.2039,4.90,734.0,87.0
42583,144.9,6.90,29.13,0.2010,4.97,734.0,87.0
42590,144.9,6.90,29.12,0.2009,4.98,734.0,87.0
42597,142.9,7.00,29.11,0.2038,4.91,734.0,87.0
42604,144.9,6.90,29.11,0.2008,4.98,734.0,87.0
42611,140.8,7.10,29.10,0.2066,4.84,734.0,87.0
42618,147.1,6.80,29.09,0.1978,5.06,734.0,87.0
42625,142.9,7.00,29.09,0.2036,4.91,734.0,87.0
42632,144.9,6.90,29.08,0.2007,4.98,734.0,87.0
42639,142.9,7.00,29.08,0.2036,4.91,734.0,87.0
42646,142.9,7.00,29.08,0.2036,4.91,734.0,87.0
42653,147.1,6.80,29.08,0.1977,5.06,734.0,87.0
42660,144.9,6.90,29.08,0.2007,4.98,734.0,87.0
42667,140.8,7.10,29.08,0.2065,4.84,734.0,87.0
42674,144.9,6.90,29.08,0.2007,4.98,734.0,87.0
42680,144.9,6.90,29.08,0.2007,4.98,734.0,87.0
42687,142.9,7.00,29.08,0.2036,4.91,734.0,87.0
42694,142.9,7.00,29.08,0.2036,4.91,734.0,87.0
42701,147.1,6.80,29.08,0.1977,5.06,734.0,87.0
42708,142.9,7.00,29.08,0.2036,4.91,734.0,87.0
42715,144.9,6.90,29.08,0.2007,4.98,734.0,87.0
42722,142.9,7.00,29.08,0.2036,4.91,734.0,87.0
42729,144.9,6.90,29.08,0.2007,4.98,734.0,87.0
42736,142.9,7.00,29.08,0.2036,4.91,734.0,87.0
42743,142.9,7.00,29.08,0.2036,4.91,734.0,87.0
42750,147.1,6.80,29.08,0.1977,5.06,734.0,87.0
42757,142.9,7.00,29.08,0.2036,4.91,734.0,87.0
42764,142.9,7.00,29.08,0.2036,4.91,734.0,87.0
42771,144.9,6.90,29.08,0.2007,4.98,734.0,87.0
42778,142.9,7.00,29.08,0.2036,4.91,734.0,87.0
42785,144.9,6.90,29.08,0.2007,4.98,734.0,87.0
42792,142.9,7.00,29.08,0.2036,4.91,734.0,87.0
42799,142.9,7.00,29.08,0.2036,4.91,734.0,87.0
42806,144.9,6.90,29.08,0.2007,4.98,734.0,87.0
42812,144.9,6.90,29.08,0.2007,4.98,734.0,87.0
42820,140.8,7.10,29.08,0.2065,4.84,734.0,87.0
42826,147.1,6.80,29.08,0.1977,5.06,734.0,87.0
42833,144.9,6.90,29.08,0.2007,4.98,734.0,87.0
42840,142.9,7.00,29.08,0.2036,4.91,734.0,87.0
42847,142.9,7.00,29.08,0.2036,4.91,734.0,87.0
42854,149.3,6.70,29.08,0.1948,5.13,734.0,87.0
42861,138.9,7.20,29.08,0.2094,4.78,734.0,87.0
42868,147.1,6.80,29.08,0.1977,5.06,734.0,87.0
42875,142.9,7.00,29.08,0.2036,4.91,734.0,87.0
42882,144.9,6.90,29.08,0.2007,4.98,734.0,87.0
42889,142.9,7.00,29.08,0.2036,4.91,734.0,87.0
42896,144.9,6.90,29.08,0.2007,4.98,734.0,87.0
42903,144.9,6.90,29.08,0.2007,4.98,734.0,87.0
42910,144.9,6.90,29.08,0.2007,4.98,734.0,87.0
42917,140.8,7.10,29.08,0.2065,4.84,734.0,87.0
42923,147.1,6.80,29.08,0.1977,5.06,734.0,87.0
42930,142.9,7.00,29.08,0.2036,4.91,734.0,87.0
42937,144.9,6.90,29.08,0.2007,4.98,734.0,87.0
42944,142.9,7.00,29.08,0.2036,4.91,734.0,87.0
42951,142.9,7.00,29.08,0.2036,4.91,734.0,87.0
42958,147.1,6.80,29.08,0.1977,5.06,734.0,87.0
42965,142.9,7.00,29.08,0.2036,4.91,734.0,87.0
42972,144.9,6.90,29.08,0.2007,4.98,734.0,87.0
42979,140.8,7.10,29.08,0.2065,4.84,734.0,87.0
42986,147.1,6.80,29.08,0.1977,5.06,734.0,87.0
42993,144.9,6.90,29.08,0.2007,4.98,734.0,87.0
43000,142.9,7.00,29.08,0.2036,4.91,734.0,87.0
43007,142.9,7.00,29.08,0.2036,4.91,734.0,87.0
43014,144.9,6.90,29.08,0.2007,4.98,734.0,87.0
43021,142.9,7.00,29.08,0.2036,4.91,734.0,87.0
43028,142.9,7.00,29.08,0.2036,4.91,734.0,87.0
43035,147.1,6.80,29.08,0.1977,5.06,734.0,87.0
43041,144.9,6.90,29.08,0.2007,4.98,734.0,87.0
43049,138.9,7.20,29.08,0.2094,4.78,734.0,87.0
43055,149.3,6.70,29.08,0.1948,5.13,734.0,87.0
43062,140.8,7.10,29.08,0.2065,4.84,734.0,87.0
43069,144.9,6.90,29.08,0.2007,4.98,734.0,87.0
43076,142.9,7.00,29.08,0.2035,4.91,734.0,87.0
43083,147.1,6.80,29.06,0.1976,5.06,734.0,87.0
43090,142.9,7.00,29.05,0.2033,4.92,734.0,87.0
43097,142.9,7.00,29.03,0.2032,4.92,734.0,87.0
43104,144.9,6.90,29.02,0.2002,4.99,734.0,87.0
43111,142.9,7.00,29.00,0.2030,4.93,734.0,87.0
43118,144.9,6.90,28.99,0.2000,5.00,734.0,87.0
43125,142.9,7.00,28.97,0.2028,4.93,734.0,87.0
43132,147.1,6.80,28.96,0.1969,5.08,734.0,87.0
43139,142.9,7.00,28.94,0.2026,4.94,734.0,87.0
43146,142.9,7.00,28.93,0.2025,4.94,734.0,87.0
43153,147.1,6.80,28.91,0.1966,5.09,734.0,87.0
43160,142.9,7.00,28.90,0.2023,4.94,734.0,87.0
43167,142.9,7.00,28.88,0.2022,4.95,734.0,87.0
43173,144.9,6.90,28.87,0.1992,5.02,734.0,87.0
43180,144.9,6.90,28.86,0.1991,5.02,734.0,87.0
43187,144.9,6.90,28.85,0.1991,5.02,734.0,87.0
43194,140.8,7.10,28.85,0.2048,4.88,734.0,87.0
43201,144.9,6.90,28.85,0.1991,5.02,734.0,87.0
43208,142.9,7.00,28.85,0.2020,4.95,734.0,87.0
43215,147.1,6.80,28.85,0.1962,5.10,734.0,87.0
43222,140.8,7.10,28.85,0.2048,4.88,734.0,87.0
43229,147.1,6.80,28.85,0.1962,5.10,734.0,87.0
43236,140.8,7.10,28.85,0.2048,4.88,734.0,87.0
43243,142.9,7.00,28.85,0.2020,4.95,734.0,87.0
43250,144.9,6.90,28.85,0.1991,5.02,734.0,87.0
43257,144.9,6.90,28.85,0.1991,5.02,734.0,87.0
43264,142.9,7.00,28.85,0.2020,4.95,734.0,87.0
43271,144.9,6.90,28.85,0.1991,5.02,734.0,87.0
43278,147.1,6.80,28.85,0.1962,5.10,734.0,87.0
43285,142.9,7.00,28.85,0.2020,4.95,734.0,87.0
43292,142.9,7.00,28.85,0.2020,4.95,734.0,87.0
43298,144.9,6.90,28.85,0.1991,5.02,734.0,87.0
43305,144.9,6.90,28.85,0.1991,5.02,734.0,87.0
43312,142.9,7.00,28.85,0.2020,4.95,734.0,87.0
43319,142.9,7.00,28.85,0.2020,4.95,734.0,87.0
43326,142.9,7.00,28.85,0.2020,4.95,734.0,87.0
43333,144.9,6.90,28.85,0.1991,5.02,734.0,87.0
43340,144.9,6.90,28.85,0.1991,5.02,734.0,87.0
43347,142.9,7.00,28.85,0.2020,4.95,734.0,87.0
43354,144.9,6.90,28.85,0.1991,5.02,734.0,87.0
43361,142.9,7.00,28.85,0.2020,4.95,734.0,87.0
43368,144.9,6.90,28.85,0.1991,5.02,734.0,87.0
43375,144.9,6.90,28.85,0.1991,5.02,734.0,87.0
43382,142.9,7.00,28.85,0.2020,4.95,734.0,87.0
43389,142.9,7.00,28.85,0.2020,4.95,734.0,87.0
43396,144.9,6.90,28.85,0.1991,5.02,734.0,87.0
43403,144.9,6.90,28.85,0.1991,5.02,734.0,87.0
43410,142.9,7.00,28.85,0.2020,4.95,734.0,87.0
43417,142.9,7.00,28.85,0.2020,4.95,734.0,87.0
43423,147.1,6.80,28.85,0.1962,5.10,734.0,87.0
43431,140.8,7.10,28.85,0.2048,4.88,734.0,87.0
43437,144.9,6.90,28.85,0.1991,5.02,734.0,87.0
43444,144.9,6.90,28.85,0.1991,5.02,734.0,87.0
43451,144.9,6.90,28.85,0.1991,5.02,734.0,87.0
43458,144.9,6.90,28.85,0.1991,5.02,734.0,87.0
43465,142.9,7.00,28.85,0.2020,4.95,734.0,87.0
43472,142.9,7.00,28.85,0.2020,4.95,734.0,87.0
43479,147.1,6.80,28.85,0.1962,5.10,734.0,87.0
43486,144.9,6.90,28.85,0.1991,5.02,734.0,87.0
43493,140.8,7.10,28.85,0.2048,4.88,734.0,87.0
43500,144.9,6.90,28.85,0.1991,5.02,734.0,87.0
43507,144.9,6.90,28.85,0.1991,5.02,734.0,87.0
43514,142.9,7.00,28.84,0.2019,4.95,734.0,87.0
43521,144.9,6.90,28.83,0.1989,5.03,734.0,87.0
43528,142.9,7.00,28.82,0.2017,4.96,734.0,87.0
43535,142.9,7.00,28.81,0.2017,4.96,734.0,87.0
43542,144.9,6.90,28.80,0.1987,5.03,734.0,87.0
43549,142.9,7.00,28.78,0.2015,4.96,734.0,87.0
43556,142.9,7.00,28.77,0.2014,4.97,734.0,87.0
43562,144.9,6.90,28.76,0.1985,5.04,734.0,87.0
43569,142.9,7.00,28.75,0.2012,4.97,734.0,87.0
43576,144.9,6.90,28.74,0.1983,5.04,734.0,87.0
43583,144.9,6.90,28.73,0.1982,5.04,734.0,87.0
43590,147.1,6.80,28.71,0.1953,5.12,734.0,87.0
43597,140.8,7.10,28.70,0.2038,4.91,734.0,87.0
43604,144.9,6.90,28.69,0.1980,5.05,734.0,87.0
43611,144.9,6.90,28.68,0.1979,5.05,734.0,87.0
43618,142.9,7.00,28.67,0.2007,4.99,734.0,87.0
43625,142.9,7.00,28.66,0.2006,4.99,734.0,87.0
43632,147.1,6.80,28.66,0.1949,5.13,734.0,87.0
43639,142.9,7.00,28.66,0.2006,4.99,734.0,87.0
43646,144.9,6.90,28.66,0.1978,5.06,734.0,87.0
43655,106.4,9.40,28.66,0.2694,3.71,734.0,87.0
43660,217.4,4.60,28.66,0.1318,7.59,734.0,87.0
43667,144.9,6.90,28.66,0.1978,5.06,734.0,87.0
43674,142.9,7.00,28.66,0.2006,4.99,734.0,87.0
43680,147.1,6.80,28.66,0.1949,5.13,734.0,87.0
43687,140.8,7.10,28.66,0.2035,4.91,734.0,87.0
43694,147.1,6.80,28.66,0.1949,5.13,734.0,87.0
43701,142.9,7.00,28.66,0.2006,4.99,734.0,87.0
43708,142.9,7.00,28.66,0.2006,4.99,734.0,87.0
43715,144.9,6.90,28.66,0.1978,5.06,734.0,87.0
43722,144.9,6.90,28.66,0.1978,5.06,734.0,87.0
43729,144.9,6.90,28.66,0.1978,5.06,734.0,87.0
43736,140.8,7.10,28.66,0.2035,4.91,734.0,87.0
43743,147.1,6.80,28.66,0.1949,5.13,734.0,87.0
43750,142.9,7.00,28.66,0.2006,4.99,734.0,87.0
43757,142.9,7.00,28.66,0.2006,4.99,734.0,87.0
43764,142.9,7.00,28.66,0.2006,4.99,734.0,87.0
43771,147.1,6.80,28.66,0.1949,5.13,734.0,87.0
43778,142.9,7.00,28.66,0.2006,4.99,734.0,87.0
43785,144.9,6.90,28.66,0.1978,5.06,734.0,87.0
43792,140.8,7.10,28.66,0.2035,4.91,734.0,87.0
43798,147.1,6.80,28.66,0.1949,5.13,734.0,87.0
43805,142.9,7.00,28.66,0.2006,4.99,734.0,87.0
43812,142.9,7.00,28.66,0.2006,4.99,734.0,87.0
43819,144.9,6.90,28.66,0.1978,5.06,734.0,87.0
43826,144.9,6.90,28.66,0.1978,5.06,734.0,87.0
43833,144.9,6.90,28.66,0.1978,5.06,734.0,87.0
43840,142.9,7.00,28.66,0.2006,4.99,734.0,87.0
43847,142.9,7.00,28.66,0.2006,4.99,734.0,87.0
43854,144.9,6.90,28.66,0.1978,5.06,734.0,87.0
43861,142.9,7.00,28.66,0.2006,4.99,734.0,87.0
43868,144.9,6.90,28.66,0.1978,5.06,734.0,87.0
43875,144.9,6.90,28.66,0.1978,5.06,734.0,87.0
43882,144.9,6.90,28.66,0.1978,5.06,734.0,87.0
43889,142.9,7.00,28.66,0.2006,4.99,734.0,87.0
43896,144.9,6.90,28.66,0.1978,5.06,734.0,87.0
43903,142.9,7.00,28.66,0.2006,4.99,734.0,87.0
43910,142.9,7.00,28.66,0.2006,4.99,734.0,87.0
43917,144.9,6.90,28.66,0.1978,5.06,734.0,87.0
43924,142.9,7.00,28.66,0.2006,4.99,734.0,87.0
43930,144.9,6.90,28.66,0.1978,5.06,734.0,87.0
43937,144.9,6.90,28.66,0.1978,5.06,734.0,87.0
43944,144.9,6.90,28.66,0.1978,5.06,734.0,87.0
43951,142.9,7.00,28.66,0.2006,4.99,734.0,87.0
43958,142.9,7.00,28.66,0.2006,4.99,734.0,87.0
43965,144.9,6.90,28.66,0.1978,5.06,734.0,87.0
43972,142.9,7.00,28.66,0.2006,4.99,734.0,87.0
43979,142.9,7.00,28.66,0.2006,4.99,734.0,87.0
43986,144.9,6.90,28.66,0.1978,5.06,734.0,87.0
43993,149.3,6.70,28.66,0.1920,5.21,734.0,87.0
44000,140.8,7.10,28.66,0.2035,4.91,734.0,87.0
44007,142.9,7.00,28.66,0.2006,4.99,734.0,87.0
44014,144.9,6.90,28.66,0.1978,5.06,734.0,87.0
44021,144.9,6.90,28.66,0.1978,5.06,734.0,87.0
44028,140.8,7.10,28.66,0.2035,4.91,734.0,87.0
44035,147.1,6.80,28.66,0.1949,5.13,734.0,87.0
44042,142.9,7.00,28.66,0.2006,4.99,734.0,87.0
44048,144.9,6.90,28.66,0.1978,5.06,734.0,87.0
44055,142.9,7.00,28.66,0.2006,4.99,734.0,87.0
44062,144.9,6.90,28.66,0.1977,5.06,734.0,87.0
44069,142.9,7.00,28.66,0.2006,4.99,734.0,87.0
44076,142.9,7.00,28.65,0.2006,4.99,734.0,87.0
44083,144.9,6.90,28.65,0.1977,5.06,734.0,87.0
44090,144.9,6.90,28.65,0.1977,5.06,734.0,87.0
44097,142.9,7.00,28.65,0.2005,4.99,734.0,87.0
44104,144.9,6.90,28.64,0.1976,5.06,734.0,87.0
44111,144.9,6.90,28.64,0.1976,5.06,734.0,87.0
44118,142.9,7.00,28.64,0.2005,4.99,734.0,87.0
44125,144.9,6.90,28.64,0.1976,5.06,734.0,87.0
44132,144.9,6.90,28.63,0.1976,5.06,734.0,87.0
44139,140.8,7.10,28.63,0.2033,4.92,734.0,87.0
44146,144.9,6.90,28.63,0.1975,5.06,734.0,87.0
44153,144.9,6.90,28.63,0.1975,5.06,734.0,87.0
44160,144.9,6.90,28.62,0.1975,5.06,734.0,87.0
44167,142.9,7.00,28.62,0.2003,4.99,734.0,87.0
44173,144.9,6.90,28.62,0.1975,5.06,734.0,87.0
44181,140.8,7.10,28.62,0.2032,4.92,734.0,87.0
44187,144.9,6.90,28.62,0.1975,5.06,734.0,87.0
44194,142.9,7.00,28.62,0.2003,4.99,734.0,87.0
44201,144.9,6.90,28.62,0.1975,5.06,734.0,87.0
44208,144.9,6.90,28.62,0.1975,5.06,734.0,87.0
44215,147.1,6.80,28.62,0.1946,5.14,734.0,87.0
44222,140.8,7.10,28.62,0.2032,4.92,734.0,87.0
44229,147.1,6.80,28.62,0.1946,5.14,734.0,87.0
44236,138.9,7.20,28.62,0.2061,4.85,734.0,87.0
44243,147.1,6.80,28.62,0.1946,5.14,734.0,87.0
44250,144.9,6.90,28.62,0.1975,5.06,734.0,87.0
44257,142.9,7.00,28.62,0.2003,4.99,734.0,87.0
44264,142.9,7.00,28.62,0.2003,4.99,734.0,87.0
44271,147.1,6.80,28.62,0.1946,5.14,734.0,87.0
44278,142.9,7.00,28.62,0.2003,4.99,734.0,87.0
44285,142.9,7.00,28.62,0.2003,4.99,734.0,87.0
44292,144.9,6.90,28.62,0.1975,5.06,734.0,87.0
44298,147.1,6.80,28.62,0.1946,5.14,734.0,87.0
44306,137.0,7.30,28.62,0.2089,4.79,734.0,87.0
44312,147.1,6.80,28.62,0.1946,5.14,734.0,87.0
44319,142.9,7.00,28.62,0.2003,4.99,734.0,87.0
44326,144.9,6.90,28.62,0.1975,5.06,734.0,87.0
44333,144.9,6.90,28.62,0.1975,5.06,734.0,87.0
44340,144.9,6.90,28.62,0.1975,5.06,734.0,87.0
44347,140.8,7.10,28.62,0.2032,4.92,734.0,87.0
44354,147.1,6.80,28.62,0.1946,5.14,734.0,87.0
44361,144.9,6.90,28.62,0.1975,5.06,734.0,87.0
44368,142.9,7.00,28.62,0.2003,4.99,734.0,87.0
44375,142.9,7.00,28.62,0.2003,4.99,734.0,87.0
44382,144.9,6.90,28.62,0.1975,5.06,734.0,87.0
44389,142.9,7.00,28.62,0.2003,4.99,734.0,87.0
44396,144.9,6.90,28.62,0.1975,5.06,734.0,87.0
44403,144.9,6.90,28.62,0.1975,5.06,734.0,87.0
44410,142.9,7.00,28.62,0.2003,4.99,734.0,87.0
44417,144.9,6.90,28.62,0.1975,5.06,734.0,87.0
44423,144.9,6.90,28.62,0.1975,5.06,734.0,87.0
44430,144.9,6.90,28.62,0.1975,5.06,734.0,87.0
44437,142.9,7.00,28.62,0.2003,4.99,734.0,87.0
44444,142.9,7.00,28.62,0.2003,4.99,734.0,87.0
44451,144.9,6.90,28.62,0.1975,5.06,734.0,87.0
44458,140.8,7.10,28.62,0.2032,4.92,734.0,87.0
44465,147.1,6.80,28.62,0.1946,5.14,734.0,87.0
44472,142.9,7.00,28.62,0.2003,4.99,734.0,87.0
44479,144.9,6.90,28.62,0.1975,5.06,734.0,87.0
44486,142.9,7.00,28.62,0.2003,4.99,734.0,87.0
44493,144.9,6.90,28.62,0.1975,5.06,734.0,87.0
44500,144.9,6.90,28.62,0.1975,5.06,734.0,87.0
44507,144.9,6.90,28.62,0.1975,5.06,734.0,87.0
44514,142.9,7.00,28.62,0.2003,4.99,734.0,87.0
44521,142.9,7.00,28.62,0.2003,4.99,734.0,87.0
44528,144.9,6.90,28.62,0.1975,5.06,734.0,87.0
44535,142.9,7.00,28.62,0.2003,4.99,734.0,87.0
44541,147.1,6.80,28.62,0.1946,5.14,734.0,87.0
44548,142.9,7.00,28.62,0.2003,4.99,734.0,87.0
44555,144.9,6.90,28.62,0.1975,5.06,734.0,87.0
44562,142.9,7.00,28.62,0.2003,4.99,734.0,87.0
44569,140.8,7.10,28.62,0.2032,4.92,734.0,87.0
44576,147.1,6.80,28.62,0.1946,5.14,734.0,87.0
44583,140.8,7.10,28.62,0.2032,4.92,734.0,87.0
44590,147.1,6.80,28.62,0.1946,5.14,734.0,87.0
44597,142.9,7.00,28.62,0.2003,4.99,734.0,87.0
44604,147.1,6.80,28.62,0.1946,5.14,734.0,87.0
44611,140.8,7.10,28.62,0.2032,4.92,734.0,87.0
44618,147.1,6.80,28.61,0.1946,5.14,734.0,87.0
44625,140.8,7.10,28.61,0.2031,4.92,734.0,87.0
44632,147.1,6.80,28.61,0.1945,5.14,734.0,87.0
44639,142.9,7.00,28.61,0.2002,5.00,734.0,87.0
44646,144.9,6.90,28.60,0.1974,5.07,734.0,87.0
44653,142.9,7.00,28.60,0.2002,5.00,734.0,87.0
44660,144.9,6.90,28.60,0.1973,5.07,734.0,87.0
44666,144.9,6.90,28.60,0.1973,5.07,734.0,87.0
44673,142.9,7.00,28.59,0.2002,5.00,734.0,87.0
44680,144.9,6.90,28.59,0.1973,5.07,734.0,87.0
44687,142.9,7.00,28.59,0.2001,5.00,734.0,87.0
44694,144.9,6.90,28.59,0.1972,5.07,734.0,87.0
44701,144.9,6.90,28.58,0.1972,5.07,734.0,87.0
44708,142.9,7.00,28.58,0.2001,5.00,734.0,87.0
44715,142.9,7.00,28.58,0.2001,5.00,734.0,87.0
44722,142.9,7.00,28.58,0.2001,5.00,734.0,87.0
44729,147.1,6.80,28.58,0.1943,5.15,734.0,87.0
44736,142.9,7.00,28.58,0.2001,5.00,734.0,87.0
44743,142.9,7.00,28.58,0.2001,5.00,734.0,87.0
44750,147.1,6.80,28.58,0.1943,5.15,734.0,87.0
44757,142.9,7.00,28.58,0.2001,5.00,734.0,87.0
44764,140.8,7.10,28.58,0.2029,4.93,734.0,87.0
44771,147.1,6.80,28.58,0.1943,5.15,734.0,87.0
44778,142.9,7.00,28.58,0.2001,5.00,734.0,87.0
44785,144.9,6.90,28.58,0.1972,5.07,734.0,87.0
44792,140.8,7.10,28.58,0.2029,4.93,734.0,87.0
44798,149.3,6.70,28.58,0.1915,5.22,734.0,87.0
44805,142.9,7.00,28.58,0.2001,5.00,734.0,87.0
44812,140.8,7.10,28.58,0.2029,4.93,734.0,87.0
44819,147.1,6.80,28.58,0.1943,5.15,734.0,87.0
44826,144.9,6.90,28.58,0.1972,5.07,734.0,87.0
44833,142.9,7.00,28.58,0.2001,5.00,734.0,87.0
44840,142.9,7.00,28.58,0.2001,5.00,734.0,87.0
44847,144.9,6.90,28.58,0.1972,5.07,734.0,87.0
44854,147.1,6.80,28.58,0.1943,5.15,734.0,87.0
44861,140.8,7.10,28.58,0.2029,4.93,734.0,87.0
44868,144.9,6.90,28.58,0.1972,5.07,734.0,87.0
44875,142.9,7.00,28.58,0.2001,5.00,734.0,87.0
44882,144.9,6.90,28.58,0.1972,5.07,734.0,87.0
44889,144.9,6.90,28.58,0.1972,5.07,734.0,87.0
44896,142.9,7.00,28.58,0.2001,5.00,734.0,87.0
44903,142.9,7.00,28.58,0.2001,5.00,734.0,87.0
44910,144.9,6.90,28.58,0.1972,5.07,734.0,87.0
44917,140.8,7.10,28.58,0.2029,4.93,734.0,87.0
44923,149.3,6.70,28.58,0.1915,5.22,734.0,87.0
44930,142.9,7.00,28.58,0.2001,5.00,734.0,87.0
44937,144.9,6.90,28.58,0.1972,5.07,734.0,87.0
44944,142.9,7.00,28.58,0.2001,5.00,734.0,87.0
44951,144.9,6.90,28.58,0.1972,5.07,734.0,87.0
44958,144.9,6.90,28.58,0.1972,5.07,734.0,87.0
44965,142.9,7.00,28.58,0.2001,5.00,734.0,87.0
44972,144.9,6.90,28.58,0.1972,5.07,734.0,87.0
44979,144.9,6.90,28.58,0.1972,5.07,734.0,87.0
44986,142.9,7.00,28.58,0.2001,5.00,734.0,87.0
44993,144.9,6.90,28.58,0.1972,5.07,734.0,87.0
45000,142.9,7.00,28.58,0.2001,5.00,734.0,87.0
45007,142.9,7.00,28.58,0.2001,5.00,734.0,87.0
45014,144.9,6.90,28.58,0.1972,5.07,734.0,87.0
45021,144.9,6.90,28.58,0.1972,5.07,734.0,87.0
45028,140.8,7.10,28.58,0.2029,4.93,734.0,87.0
45035,147.1,6.80,28.58,0.1943,5.15,734.0,87.0
45041,144.9,6.90,28.58,0.1972,5.07,734.0,87.0
45048,142.9,7.00,28.56,0.1999,5.00,734.0,87.0
45055,144.9,6.90,28.54,0.1969,5.08,734.0,87.0
45062,144.9,6.90,28.53,0.1968,5.08,734.0,87.0
45069,142.9,7.00,28.51,0.1996,5.01,734.0,87.0
45076,142.9,7.00,28.49,0.1994,5.02,734.0,87.0
45083,142.9,7.00,28.47,0.1993,5.02,734.0,87.0
45090,144.9,6.90,28.46,0.1963,5.09,734.0,87.0
45097,144.9,6.90,28.44,0.1962,5.10,734.0,87.0
45104,144.9,6.90,28.42,0.1961,5.10,734.0,87.0
45111,142.9,7.00,28.40,0.1988,5.03,734.0,87.0
45118,144.9,6.90,28.39,0.1959,5.10,734.0,87.0
45125,144.9,6.90,28.37,0.1957,5.11,734.0,87.0
45132,142.9,7.00,28.35,0.1985,5.04,734.0,87.0
45139,142.9,7.00,28.33,0.1983,5.04,734.0,87.0
45146,144.9,6.90,28.32,0.1954,5.12,734.0,87.0
45153,144.9,6.90,28.31,0.1953,5.12,734.0,87.0
45160,142.9,7.00,28.31,0.1982,5.05,734.0,87.0
45167,142.9,7.00,28.31,0.1982,5.05,734.0,87.0
45173,147.1,6.80,28.31,0.1925,5.20,734.0,87.0
45180,142.9,7.00,28.31,0.1982,5.05,734.0,87.0
45187,144.9,6.90,28.31,0.1953,5.12,734.0,87.0
45194,142.9,7.00,28.31,0.1982,5.05,734.0,87.0
45201,144.9,6.90,28.31,0.1953,5.12,734.0,87.0
45208,142.9,7.00,28.31,0.1982,5.05,734.0,87.0
45215,144.9,6.90,28.31,0.1953,5.12,734.0,87.0
45222,142.9,7.00,28.31,0.1982,5.05,734.0,87.0
45229,144.9,6.90,28.31,0.1953,5.12,734.0,87.0
45236,142.9,7.00,28.31,0.1982,5.05,734.0,87.0
45243,144.9,6.90,28.31,0.1953,5.12,734.0,87.0
45250,142.9,7.00,28.31,0.1982,5.05,734.0,87.0
45257,142.9,7.00,28.31,0.1982,5.05,734.0,87.0
45264,142.9,7.00,28.31,0.1982,5.05,734.0,87.0
45271,147.1,6.80,28.31,0.1925,5.20,734.0,87.0
45278,142.9,7.00,28.31,0.1982,5.05,734.0,87.0
45285,144.9,6.90,28.31,0.1953,5.12,734.0,87.0
45292,142.9,7.00,28.31,0.1982,5.05,734.0,87.0
45299,140.8,7.10,28.31,0.2010,4.97,734.0,87.0
45306,144.9,6.90,28.31,0.1953,5.12,734.0,87.0
45312,144.9,6.90,28.31,0.1953,5.12,734.0,87.0
45319,144.9,6.90,28.31,0.1953,5.12,734.0,87.0
45326,147.1,6.80,28.31,0.1925,5.20,734.0,87.0
45333,142.9,7.00,28.31,0.1982,5.05,734.0,87.0
45340,144.9,6.90,28.31,0.1953,5.12,734.0,87.0
45347,142.9,7.00,28.31,0.1982,5.05,734.0,87.0
45354,144.9,6.90,28.31,0.1953,5.12,734.0,87.0
45361,144.9,6.90,28.31,0.1953,5.12,734.0,87.0
45368,142.9,7.00,28.31,0.1982,5.05,734.0,87.0
45375,144.9,6.90,28.31,0.1953,5.12,734.0,87.0
45382,142.9,7.00,28.31,0.1982,5.05,734.0,87.0
45389,144.9,6.90,28.31,0.1953,5.12,734.0,87.0
45396,142.9,7.00,28.31,0.1982,5.05,734.0,87.0
45403,142.9,7.00,28.31,0.1982,5.05,734.0,87.0
45410,144.9,6.90,28.31,0.1953,5.12,734.0,87.0
45416,144.9,6.90,28.31,0.1953,5.12,734.0,87.0
45423,142.9,7.00,28.31,0.1982,5.05,734.0,87.0
45430,144.9,6.90,28.31,0.1953,5.12,734.0,87.0
45437,142.9,7.00,28.31,0.1982,5.05,734.0,87.0
45444,144.9,6.90,28.31,0.1953,5.12,734.0,87.0
45451,144.9,6.90,28.31,0.1953,5.12,734.0,87.0
45458,142.9,7.00,28.31,0.1982,5.05,734.0,87.0
45465,142.9,7.00,28.31,0.1982,5.05,734.0,87.0
45472,144.9,6.90,28.31,0.1953,5.12,734.0,87.0
45479,142.9,7.00,28.31,0.1982,5.05,734.0,87.0
45486,142.9,7.00,28.31,0.1982,5.05,734.0,87.0
45493,144.9,6.90,28.31,0.1953,5.12,734.0,87.0
45500,142.9,7.00,28.31,0.1982,5.05,734.0,87.0
45507,147.1,6.80,28.31,0.1925,5.20,734.0,87.0
45514,140.8,7.10,28.31,0.2010,4.97,734.0,87.0
45521,144.9,6.90,28.31,0.1953,5.12,734.0,87.0
45528,144.9,6.90,28.31,0.1953,5.12,734.0,87.0
45535,144.9,6.90,28.31,0.1953,5.12,734.0,87.0
45541,144.9,6.90,28.31,0.1953,5.12,734.0,87.0
45548,142.9,7.00,28.31,0.1982,5.05,734.0,87.0
45555,142.9,7.00,28.31,0.1982,5.05,734.0,87.0
45562,144.9,6.90,28.31,0.1953,5.12,734.0,87.0
45569,142.9,7.00,28.31,0.1982,5.05,734.0,87.0
45576,144.9,6.90,28.31,0.1953,5.12,734.0,87.0
45583,144.9,6.90,28.31,0.1953,5.12,734.0,87.0
45590,142.9,7.00,28.28,0.1980,5.05,734.0,87.0
45597,142.9,7.00,28.26,0.1978,5.06,734.0,87.0
45604,144.9,6.90,28.23,0.1948,5.13,734.0,87.0
45611,144.9,6.90,28.21,0.1946,5.14,734.0,87.0
45618,144.9,6.90,28.18,0.1944,5.14,734.0,87.0
45625,140.8,7.10,28.15,0.1999,5.00,734.0,87.0
45632,144.9,6.90,28.13,0.1941,5.15,734.0,87.0
45639,144.9,6.90,28.10,0.1939,5.16,734.0,87.0
45646,147.1,6.80,28.08,0.1909,5.24,734.0,87.0
45653,138.9,7.20,28.05,0.2020,4.95,734.0,87.0
45660,147.1,6.80,28.03,0.1906,5.25,734.0,87.0
45667,142.9,7.00,28.00,0.1960,5.10,734.0,87.0
45673,144.9,6.90,27.98,0.1930,5.18,734.0,87.0
45680,142.9,7.00,27.95,0.1957,5.11,734.0,87.0
45687,142.9,7.00,27.93,0.1955,5.12,734.0,87.0
45694,147.1,6.80,27.90,0.1897,5.27,734.0,87.0
45701,140.8,7.10,27.90,0.1981,5.05,734.0,87.0
45708,144.9,6.90,27.90,0.1925,5.19,734.0,87.0
45715,144.9,6.90,27.90,0.1925,5.19,734.0,87.0
45722,142.9,7.00,27.90,0.1953,5.12,734.0,87.0
45729,144.9,6.90,27.90,0.1925,5.19,734.0,87.0
45736,144.9,6.90,27.90,0.1925,5.19,734.0,87.0
45743,142.9,7.00,27.90,0.1953,5.12,734.0,87.0
45750,142.9,7.00,27.90,0.1953,5.12,734.0,87.0
45757,144.9,6.90,27.90,0.1925,5.19,734.0,87.0
45764,142.9,7.00,27.90,0.1953,5.12,734.0,87.0
45771,144.9,6.90,27.90,0.1925,5.19,734.0,87.0
45778,144.9,6.90,27.90,0.1925,5.19,734.0,87.0
45785,142.9,7.00,27.90,0.1953,5.12,734.0,87.0
45791,147.1,6.80,27.90,0.1897,5.27,734.0,87.0
45798,142.9,7.00,27.90,0.1953,5.12,734.0,87.0
45805,142.9,7.00,27.90,0.1953,5.12,734.0,87.0
45812,144.9,6.90,27.90,0.1925,5.19,734.0,87.0
45819,140.8,7.10,27.90,0.1981,5.05,734.0,87.0
45826,147.1,6.80,27.90,0.1897,5.27,734.0,87.0
45833,142.9,7.00,27.90,0.1953,5.12,734.0,87.0
45840,147.1,6.80,27.90,0.1897,5.27,734.0,87.0
45847,142.9,7.00,27.90,0.1953,5.12,734.0,87.0
45854,144.9,6.90,27.90,0.1925,5.19,734.0,87.0
45861,142.9,7.00,27.90,0.1953,5.12,734.0,87.0
45868,142.9,7.00,27.90,0.1953,5.12,734.0,87.0
45875,144.9,6.90,27.90,0.1925,5.19,734.0,87.0
45882,142.9,7.00,27.90,0.1953,5.12,734.0,87.0
45889,144.9,6.90,27.90,0.1925,5.19,734.0,87.0
45896,140.8,7.10,27.90,0.1981,5.05,734.0,87.0
45903,147.1,6.80,27.90,0.1897,5.27,734.0,87.0
45910,142.9,7.00,27.90,0.1953,5.12,734.0,87.0
45917,144.9,6.90,27.90,0.1925,5.19,734.0,87.0
45924,142.9,7.00,27.90,0.1953,5.12,734.0,87.0
45931,142.9,7.00,27.90,0.1953,5.12,734.0,87.0
45937,147.1,6.80,27.90,0.1897,5.27,734.0,87.0
45944,142.9,7.00,27.90,0.1953,5.12,734.0,87.0
45951,144.9,6.90,27.90,0.1925,5.19,734.0,87.0
45958,144.9,6.90,27.90,0.1925,5.19,734.0,87.0
45965,142.9,7.00,27.90,0.1953,5.12,734.0,87.0
45972,144.9,6.90,27.90,0.1925,5.19,734.0,87.0
45979,142.9,7.00,27.90,0.1953,5.12,734.0,87.0
45986,144.9,6.90,27.90,0.1925,5.19,734.0,87.0
45993,142.9,7.00,27.90,0.1953,5.12,734.0,87.0
46000,144.9,6.90,27.90,0.1925,5.19,734.0,87.0
46007,144.9,6.90,27.90,0.1925,5.19,734.0,87.0
46014,142.9,7.00,27.90,0.1953,5.12,734.0,87.0
46021,144.9,6.90,27.90,0.1925,5.19,734.0,87.0
46028,144.9,6.90,27.89,0.1924,5.20,734.0,87.0
46035,142.9,7.00,27.87,0.1951,5.13,734.0,87.0
46041,144.9,6.90,27.86,0.1922,5.20,734.0,87.0
46048,142.9,7.00,27.85,0.1949,5.13,734.0,87.0
46055,144.9,6.90,27.83,0.1920,5.21,734.0,87.0
46062,142.9,7.00,27.82,0.1947,5.14,734.0,87.0
46069,144.9,6.90,27.80,0.1918,5.21,734.0,87.0
46076,140.8,7.10,27.79,0.1973,5.07,734.0,87.0
46083,147.1,6.80,27.78,0.1889,5.30,734.0,87.0
46090,144.9,6.90,27.76,0.1916,5.22,734.0,87.0
46097,140.8,7.10,27.75,0.1970,5.07,734.0,87.0
46104,147.1,6.80,27.73,0.1886,5.30,734.0,87.0
46111,142.9,7.00,27.72,0.1940,5.16,734.0,87.0
46118,142.9,7.00,27.70,0.1939,5.16,734.0,87.0
46125,144.9,6.90,27.69,0.1911,5.23,734.0,87.0
46132,142.9,7.00,27.68,0.1938,5.16,734.0,87.0
46139,144.9,6.90,27.68,0.1910,5.23,734.0,87.0
46146,142.9,7.00,27.68,0.1938,5.16,734.0,87.0
46153,147.1,6.80,27.68,0.1882,5.31,734.0,87.0
46160,142.9,7.00,27.68,0.1938,5.16,734.0,87.0
46167,142.9,7.00,27.68,0.1938,5.16,734.0,87.0
46173,147.1,6.80,27.68,0.1882,5.31,734.0,87.0
46180,142.9,7.00,27.68,0.1938,5.16,734.0,87.0
46187,144.9,6.90,27.68,0.1910,5.23,734.0,87.0
46194,142.9,7.00,27.68,0.1938,5.16,734.0,87.0
46201,144.9,6.90,27.68,0.1910,5.23,734.0,87.0
46208,144.9,6.90,27.68,0.1910,5.23,734.0,87.0
46215,140.8,7.10,27.68,0.1965,5.09,734.0,87.0
46222,144.9,6.90,27.68,0.1910,5.23,734.0,87.0
46229,142.9,7.00,27.68,0.1938,5.16,734.0,87.0
46236,142.9,7.00,27.68,0.1938,5.16,734.0,87.0
46243,144.9,6.90,27.68,0.1910,5.23,734.0,87.0
46250,144.9,6.90,27.68,0.1910,5.23,734.0,87.0
46257,144.9,6.90,27.68,0.1910,5.23,734.0,87.0
46264,142.9,7.00,27.68,0.1938,5.16,734.0,87.0
46271,144.9,6.90,27.68,0.1910,5.23,734.0,87.0
46278,142.9,7.00,27.68,0.1938,5.16,734.0,87.0
46285,142.9,7.00,27.68,0.1938,5.16,734.0,87.0
46291,149.3,6.70,27.68,0.1855,5.39,734.0,87.0
46298,142.9,7.00,27.68,0.1938,5.16,734.0,87.0
46305,144.9,6.90,27.68,0.1910,5.23,734.0,87.0
46313,137.0,7.30,27.68,0.2021,4.95,734.0,87.0
46319,147.1,6.80,27.68,0.1882,5.31,734.0,87.0
46326,142.9,7.00,27.68,0.1938,5.16,734.0,87.0
46333,144.9,6.90,27.68,0.1910,5.23,734.0,87.0
46340,144.9,6.90,27.68,0.1910,5.23,734.0,87.0
46347,144.9,6.90,27.68,0.1910,5.23,734.0,87.0
46354,140.8,7.10,27.68,0.1965,5.09,734.0,87.0
46361,144.9,6.90,27.68,0.1910,5.23,734.0,87.0
46368,142.9,7.00,27.68,0.1938,5.16,734.0,87.0
46375,144.9,6.90,27.68,0.1910,5.23,734.0,87.0
46382,147.1,6.80,27.68,0.1882,5.31,734.0,87.0
46389,142.9,7.00,27.68,0.1938,5.16,734.0,87.0
46396,144.9,6.90,27.68,0.1910,5.23,734.0,87.0
46403,142.9,7.00,27.68,0.1938,5.16,734.0,87.0
46410,144.9,6.90,27.68,0.1910,5.23,734.0,87.0
46416,144.9,6.90,27.68,0.1910,5.23,734.0,87.0
46423,142.9,7.00,27.68,0.1938,5.16,734.0,87.0
46430,144.9,6.90,27.68,0.1910,5.23,734.0,87.0
46437,144.9,6.90,27.68,0.1910,5.23,734.0,87.0
46444,140.8,7.10,27.68,0.1965,5.09,734.0,87.0
46451,144.9,6.90,27.68,0.1910,5.23,734.0,87.0
46458,144.9,6.90,27.68,0.1910,5.23,734.0,87.0
46465,142.9,7.00,27.68,0.1938,5.16,734.0,87.0
46472,144.9,6.90,27.68,0.1910,5.23,734.0,87.0
46479,142.9,7.00,27.68,0.1938,5.16,734.0,87.0
46486,144.9,6.90,27.68,0.1910,5.23,734.0,87.0
46493,142.9,7.00,27.68,0.1938,5.16,734.0,87.0
46500,142.9,7.00,27.68,0.1938,5.16,734.0,87.0
46507,147.1,6.80,27.68,0.1882,5.31,734.0,87.0
46514,142.9,7.00,27.68,0.1938,5.16,734.0,87.0
46521,144.9,6.90,27.68,0.1910,5.23,734.0,87.0
46528,144.9,6.90,27.68,0.1910,5.23,734.0,87.0
46535,142.9,7.00,27.68,0.1938,5.16,734.0,87.0
46542,142.9,7.00,27.68,0.1938,5.16,734.0,87.0
46548,147.1,6.80,27.68,0.1882,5.31,734.0,87.0
46555,142.9,7.00,27.68,0.1938,5.16,734.0,87.0
46562,142.9,7.00,27.68,0.1938,5.16,734.0,87.0
46569,144.9,6.90,27.68,0.1910,5.23,734.0,87.0
46576,142.9,7.00,27.67,0.1937,5.16,734.0,87.0
46583,144.9,6.90,27.67,0.1909,5.24,734.0,87.0
46590,144.9,6.90,27.66,0.1909,5.24,734.0,87.0
46597,144.9,6.90,27.66,0.1908,5.24,734.0,87.0
46604,142.9,7.00,27.65,0.1935,5.17,734.0,87.0
46611,144.9,6.90,27.64,0.1907,5.24,734.0,87.0
46618,142.9,7.00,27.64,0.1935,5.17,734.0,87.0
46625,144.9,6.90,27.63,0.1907,5.24,734.0,87.0
46632,138.9,7.20,27.62,0.1989,5.03,734.0,87.0
46639,149.3,6.70,27.62,0.1850,5.41,734.0,87.0
46646,140.8,7.10,27.61,0.1960,5.10,734.0,87.0
46653,144.9,6.90,27.61,0.1905,5.25,734.0,87.0
46660,144.9,6.90,27.60,0.1904,5.25,734.0,87.0
46666,144.9,6.90,27.59,0.1904,5.25,734.0,87.0
46674,140.8,7.10,27.59,0.1959,5.10,734.0,87.0
46680,147.1,6.80,27.58,0.1876,5.33,734.0,87.0
46687,144.9,6.90,27.58,0.1903,5.25,734.0,87.0
46694,144.9,6.90,27.58,0.1903,5.25,734.0,87.0
46701,140.8,7.10,27.58,0.1958,5.11,734.0,87.0
46708,144.9,6.90,27.58,0.1903,5.25,734.0,87.0
46715,144.9,6.90,27.58,0.1903,5.25,734.0,87.0
46722,144.9,6.90,27.58,0.1903,5.25,734.0,87.0
46729,140.8,7.10,27.58,0.1958,5.11,734.0,87.0
46736,144.9,6.90,27.58,0.1903,5.25,734.0,87.0
46743,144.9,6.90,27.58,0.1903,5.25,734.0,87.0
46750,144.9,6.90,27.58,0.1903,5.25,734.0,87.0
46757,142.9,7.00,27.58,0.1931,5.18,734.0,87.0
46764,142.9,7.00,27.58,0.1931,5.18,734.0,87.0
46771,144.9,6.90,27.58,0.1903,5.25,734.0,87.0
46778,142.9,7.00,27.58,0.1931,5.18,734.0,87.0
46785,144.9,6.90,27.58,0.1903,5.25,734.0,87.0
46791,144.9,6.90,27.58,0.1903,5.25,734.0,87.0
46798,142.9,7.00,27.58,0.1931,5.18,734.0,87.0
46805,144.9,6.90,27.58,0.1903,5.25,734.0,87.0
46812,147.1,6.80,27.58,0.1875,5.33,734.0,87.0
46819,142.9,7.00,27.58,0.1931,5.18,734.0,87.0
46826,142.9,7.00,27.58,0.1931,5.18,734.0,87.0
46833,142.9,7.00,27.58,0.1931,5.18,734.0,87.0
46840,144.9,6.90,27.58,0.1903,5.25,734.0,87.0
46847,142.9,7.00,27.58,0.1931,5.18,734.0,87.0
46854,144.9,6.90,27.58,0.1903,5.25,734.0,87.0
46861,144.9,6.90,27.58,0.1903,5.25,734.0,87.0
46868,142.9,7.00,27.58,0.1931,5.18,734.0,87.0
46875,142.9,7.00,27.58,0.1931,5.18,734.0,87.0
46882,144.9,6.90,27.58,0.1903,5.25,734.0,87.0
46889,144.9,6.90,27.58,0.1903,5.25,734.0,87.0
46896,142.9,7.00,27.58,0.1931,5.18,734.0,87.0
46903,142.9,7.00,27.58,0.1931,5.18,734.0,87.0
46910,144.9,6.90,27.58,0.1903,5.25,734.0,87.0
46916,144.9,6.90,27.58,0.1903,5.25,734.0,87.0
46923,144.9,6.90,27.58,0.1903,5.25,734.0,87.0
46930,144.9,6.90,27.58,0.1903,5.25,734.0,87.0
46937,140.8,7.10,27.58,0.1958,5.11,734.0,87.0
46944,144.9,6.90,27.58,0.1903,5.25,734.0,87.0
46951,142.9,7.00,27.58,0.1931,5.18,734.0,87.0
46958,144.9,6.90,27.58,0.1903,5.25,734.0,87.0
46965,144.9,6.90,27.58,0.1903,5.25,734.0,87.0
46972,140.8,7.10,27.58,0.1958,5.11,734.0,87.0
46979,147.1,6.80,27.58,0.1875,5.33,734.0,87.0
46986,147.1,6.80,27.58,0.1875,5.33,734.0,87.0
46993,142.9,7.00,27.58,0.1931,5.18,734.0,87.0
47000,140.8,7.10,27.58,0.1958,5.11,734.0,87.0
47007,144.9,6.90,27.58,0.1903,5.25,734.0,87.0
47014,142.9,7.00,27.58,0.1930,5.18,734.0,87.0
47021,144.9,6.90,27.57,0.1903,5.25,734.0,87.0
47028,142.9,7.00,27.57,0.1930,5.18,734.0,87.0
47035,144.9,6.90,27.57,0.1902,5.26,734.0,87.0
47041,144.9,6.90,27.57,0.1902,5.26,734.0,87.0
47049,140.8,7.10,27.56,0.1957,5.11,734.0,87.0
47055,147.1,6.80,27.56,0.1874,5.34,734.0,87.0
47062,142.9,7.00,27.56,0.1929,5.19,734.0,87.0
47069,142.9,7.00,27.55,0.1929,5.19,734.0,87.0
47076,147.1,6.80,27.55,0.1873,5.34,734.0,87.0
47083,142.9,7.00,27.55,0.1928,5.19,734.0,87.0
47090,142.9,7.00,27.54,0.1928,5.19,734.0,87.0
47097,144.9,6.90,27.54,0.1900,5.26,734.0,87.0
47104,147.1,6.80,27.54,0.1872,5.34,734.0,87.0
47111,140.8,7.10,27.53,0.1955,5.11,734.0,87.0
47118,144.9,6.90,27.53,0.1900,5.26,734.0,87.0
47125,142.9,7.00,27.53,0.1927,5.19,734.0,87.0
47132,144.9,6.90,27.53,0.1900,5.26,734.0,87.0
47139,142.9,7.00,27.53,0.1927,5.19,734.0,87.0
47146,142.9,7.00,27.53,0.1927,5.19,734.0,87.0
47153,147.1,6.80,27.53,0.1872,5.34,734.0,87.0
47160,142.9,7.00,27.53,0.1927,5.19,734.0,87.0
47166,147.1,6.80,27.53,0.1872,5.34,734.0,87.0
47173,140.8,7.10,27.53,0.1955,5.11,734.0,87.0
47180,142.9,7.00,27.53,0.1927,5.19,734.0,87.0
47187,147.1,6.80,27.53,0.1872,5.34,734.0,87.0
47194,138.9,7.20,27.53,0.1982,5.05,734.0,87.0
47201,149.3,6.70,27.53,0.1845,5.42,734.0,87.0
47208,142.9,7.00,27.53,0.1927,5.19,734.0,87.0
47215,142.9,7.00,27.53,0.1927,5.19,734.0,87.0
47222,147.1,6.80,27.53,0.1872,5.34,734.0,87.0
47229,144.9,6.90,27.53,0.1900,5.26,734.0,87.0
47236,138.9,7.20,27.53,0.1982,5.05,734.0,87.0
47243,147.1,6.80,27.53,0.1872,5.34,734.0,87.0
47250,144.9,6.90,27.53,0.1900,5.26,734.0,87.0
47257,142.9,7.00,27.53,0.1927,5.19,734.0,87.0
47264,144.9,6.90,27.53,0.1900,5.26,734.0,87.0
47271,142.9,7.00,27.53,0.1927,5.19,734.0,87.0
47278,142.9,7.00,27.53,0.1927,5.19,734.0,87.0
47285,142.9,7.00,27.53,0.1927,5.19,734.0,87.0
47291,147.1,6.80,27.53,0.1872,5.34,734.0,87.0
47298,142.9,7.00,27.53,0.1927,5.19,734.0,87.0
47305,142.9,7.00,27.53,0.1927,5.19,734.0,87.0
47312,144.9,6.90,27.53,0.1900,5.26,734.0,87.0
47319,142.9,7.00,27.53,0.1927,5.19,734.0,87.0
47326,142.9,7.00,27.53,0.1927,5.19,734.0,87.0
47333,144.9,6.90,27.53,0.1900,5.26,734.0,87.0
47340,147.1,6.80,27.53,0.1872,5.34,734.0,87.0
47347,142.9,7.00,27.53,0.1927,5.19,734.0,87.0
47354,142.9,7.00,27.53,0.1927,5.19,734.0,87.0
47361,147.1,6.80,27.53,0.1872,5.34,734.0,87.0
47368,144.9,6.90,27.53,0.1900,5.26,734.0,87.0
47375,142.9,7.00,27.53,0.1927,5.19,734.0,87.0
47382,142.9,7.00,27.53,0.1927,5.19,734.0,87.0
47389,144.9,6.90,27.53,0.1900,5.26,734.0,87.0
47396,142.9,7.00,27.53,0.1927,5.19,734.0,87.0
47403,144.9,6.90,27.53,0.1900,5.26,734.0,87.0
47409,144.9,6.90,27.53,0.1900,5.26,734.0,87.0
47416,142.9,7.00,27.53,0.1927,5.19,734.0,87.0
47423,142.9,7.00,27.53,0.1927,5.19,734.0,87.0
47430,144.9,6.90,27.53,0.1900,5.26,734.0,87.0
47437,144.9,6.90,27.53,0.1900,5.26,734.0,87.0
47444,144.9,6.90,27.53,0.1900,5.26,734.0,87.0
47451,142.9,7.00,27.53,0.1927,5.19,734.0,87.0
47458,142.9,7.00,27.53,0.1927,5.19,734.0,87.0
47465,147.1,6.80,27.53,0.1872,5.34,734.0,87.0
47472,140.8,7.10,27.53,0.1955,5.11,734.0,87.0
47479,147.1,6.80,27.53,0.1872,5.34,734.0,87.0
47486,140.8,7.10,27.53,0.1955,5.11,734.0,87.0
47493,147.1,6.80,27.53,0.1872,5.34,734.0,87.0
47500,140.8,7.10,27.53,0.1955,5.11,734.0,87.0
47507,144.9,6.90,27.53,0.1900,5.26,734.0,87.0
47514,144.9,6.90,27.53,0.1900,5.26,734.0,87.0
47521,142.9,7.00,27.53,0.1927,5.19,734.0,87.0
47528,144.9,6.90,27.53,0.1900,5.26,734.0,87.0
47535,142.9,7.00,27.53,0.1927,5.19,734.0,87.0
47541,144.9,6.90,27.53,0.1900,5.26,734.0,87.0
47548,144.9,6.90,27.53,0.1900,5.26,734.0,87.0
47555,144.9,6.90,27.53,0.1900,5.26,734.0,87.0
47562,140.8,7.10,27.53,0.1955,5.11,734.0,86.9
47569,144.9,6.90,27.53,0.1900,5.26,734.0,86.9
47576,142.9,7.00,27.54,0.1928,5.19,734.0,86.8
47583,144.9,6.90,27.54,0.1900,5.26,734.0,86.7
47590,142.9,7.00,27.54,0.1928,5.19,734.0,86.7
47597,147.1,6.80,27.54,0.1873,5.34,734.0,86.6
47604,144.9,6.90,27.54,0.1901,5.26,734.0,86.5
47611,140.8,7.10,27.55,0.1956,5.11,734.0,86.5
47618,142.9,7.00,27.55,0.1928,5.19,734.0,86.4
47625,142.9,7.00,27.55,0.1928,5.19,734.0,86.3
47632,149.3,6.70,27.55,0.1846,5.42,734.0,86.3
47639,140.8,7.10,27.55,0.1956,5.11,734.0,86.2
47646,144.9,6.90,27.56,0.1901,5.26,734.0,86.1
47653,144.9,6.90,27.56,0.1901,5.26,734.0,86.1
47660,142.9,7.00,27.56,0.1929,5.19,734.0,86.0
47667,142.9,7.00,27.56,0.1929,5.19,734.0,86.0
47673,144.9,6.90,27.56,0.1902,5.26,734.0,86.0
47680,144.9,6.90,27.56,0.1902,5.26,734.0,86.0
47687,142.9,7.00,27.56,0.1929,5.19,734.0,86.0
47694,144.9,6.90,27.56,0.1902,5.26,734.0,86.0
47701,142.9,7.00,27.56,0.1929,5.19,734.0,86.0
47708,147.1,6.80,27.56,0.1874,5.34,734.0,86.0
47715,140.8,7.10,27.56,0.1957,5.11,734.0,86.0
47722,144.9,6.90,27.56,0.1902,5.26,734.0,86.0
47729,147.1,6.80,27.56,0.1874,5.34,734.0,86.0
47736,144.9,6.90,27.56,0.1902,5.26,734.0,86.0
47743,138.9,7.20,27.56,0.1984,5.04,734.0,86.0
47750,149.3,6.70,27.56,0.1847,5.42,734.0,86.0
47757,144.9,6.90,27.56,0.1902,5.26,734.0,86.0
47764,140.8,7.10,27.56,0.1957,5.11,734.0,86.0
47771,142.9,7.00,27.56,0.1929,5.19,734.0,86.0
47778,142.9,7.00,27.56,0.1929,5.19,734.0,86.0
47784,147.1,6.80,27.56,0.1874,5.34,734.0,86.0
47792,140.8,7.10,27.56,0.1957,5.11,734.0,86.0
47798,144.9,6.90,27.56,0.1902,5.26,734.0,86.0
47805,142.9,7.00,27.56,0.1929,5.19,734.0,86.0
47812,144.9,6.90,27.56,0.1902,5.26,734.0,86.0
47819,147.1,6.80,27.56,0.1874,5.34,734.0,86.0
47826,142.9,7.00,27.56,0.1929,5.19,734.0,86.0
47833,144.9,6.90,27.56,0.1902,5.26,734.0,86.0
47840,140.8,7.10,27.56,0.1957,5.11,734.0,86.0
47847,144.9,6.90,27.56,0.1902,5.26,734.0,86.0
47854,144.9,6.90,27.56,0.1902,5.26,734.0,86.0
47861,144.9,6.90,27.56,0.1902,5.26,734.0,86.0
47868,142.9,7.00,27.56,0.1929,5.19,734.0,86.0
47875,142.9,7.00,27.56,0.1929,5.19,734.0,86.0
47882,144.9,6.90,27.56,0.1902,5.26,734.0,86.0
47889,144.9,6.90,27.56,0.1902,5.26,734.0,86.0
47896,142.9,7.00,27.56,0.1929,5.19,734.0,86.0
47903,140.8,7.10,27.56,0.1957,5.11,734.0,86.0
47910,144.9,6.90,27.56,0.1902,5.26,734.0,86.0
47917,142.9,7.00,27.56,0.1929,5.19,734.0,86.0
47924,144.9,6.90,27.56,0.1902,5.26,734.0,86.0
47930,144.9,6.90,27.56,0.1902,5.26,734.0,86.0
47937,142.9,7.00,27.56,0.1929,5.19,734.0,86.0
47944,147.1,6.80,27.56,0.1874,5.34,734.0,86.0
47951,142.9,7.00,27.56,0.1929,5.19,734.0,86.0
47958,144.9,6.90,27.56,0.1902,5.26,734.0,86.0
47965,142.9,7.00,27.56,0.1929,5.19,734.0,86.0
47972,144.9,6.90,27.56,0.1902,5.26,734.0,86.0
47979,142.9,7.00,27.56,0.1929,5.19,734.0,86.0
47988,116.3,8.60,27.56,0.2370,4.22,734.0,86.0
47993,188.7,5.30,27.56,0.1461,6.85,734.0,86.0
48000,142.9,7.00,27.56,0.1929,5.19,734.0,86.0
48007,144.9,6.90,27.56,0.1902,5.26,734.0,86.0
48014,142.9,7.00,27.56,0.1929,5.19,734.0,86.0
48021,144.9,6.90,27.56,0.1902,5.26,734.0,86.0
48028,144.9,6.90,27.56,0.1902,5.26,734.0,86.0
48035,140.8,7.10,27.56,0.1957,5.11,734.0,86.0
48042,147.1,6.80,27.56,0.1874,5.34,734.0,86.0
48049,140.8,7.10,27.56,0.1957,5.11,734.0,86.0
48055,147.1,6.80,27.56,0.1874,5.34,734.0,86.0
48062,144.9,6.90,27.56,0.1902,5.26,734.0,86.0
48069,144.9,6.90,27.56,0.1902,5.26,734.0,86.0
48076,142.9,7.00,27.56,0.1929,5.19,734.0,86.0
48083,142.9,7.00,27.56,0.1929,5.19,734.0,86.0
48090,147.1,6.80,27.56,0.1874,5.34,734.0,86.0
48097,144.9,6.90,27.56,0.1902,5.26,734.0,86.0
48104,142.9,7.00,27.56,0.1929,5.19,734.0,86.0
48111,144.9,6.90,27.56,0.1901,5.26,734.0,86.1
48118,149.3,6.70,27.55,0.1846,5.42,734.0,86.1
48125,138.9,7.20,27.55,0.1984,5.04,734.0,86.2
48132,147.1,6.80,27.55,0.1873,5.34,734.0,86.3
48139,142.9,7.00,27.54,0.1928,5.19,734.0,86.3
48146,140.8,7.10,27.54,0.1955,5.11,734.0,86.4
48153,144.9,6.90,27.54,0.1900,5.26,734.0,86.5
48159,147.1,6.80,27.53,0.1872,5.34,734.0,86.5
48166,142.9,7.00,27.53,0.1927,5.19,734.0,86.6
48173,142.9,7.00,27.53,0.1927,5.19,734.0,86.7
48180,144.9,6.90,27.52,0.1899,5.26,734.0,86.7
48187,142.9,7.00,27.52,0.1926,5.19,734.0,86.8
48194,144.9,6.90,27.52,0.1899,5.27,734.0,86.9
48201,142.9,7.00,27.51,0.1926,5.19,734.0,86.9
48208,144.9,6.90,27.51,0.1898,5.27,734.0,87.0
48215,142.9,7.00,27.51,0.1926,5.19,734.0,87.0
48222,144.9,6.90,27.51,0.1898,5.27,734.0,87.0
48229,144.9,6.90,27.51,0.1898,5.27,734.0,87.0
48236,142.9,7.00,27.51,0.1926,5.19,734.0,87.0
48243,144.9,6.90,27.51,0.1898,5.27,734.0,87.0
48250,142.9,7.00,27.51,0.1926,5.19,734.0,87.0
48257,147.1,6.80,27.51,0.1871,5.35,734.0,87.0
48264,140.8,7.10,27.51,0.1953,5.12,734.0,87.0
48271,142.9,7.00,27.51,0.1926,5.19,734.0,87.0
48278,144.9,6.90,27.51,0.1898,5.27,734.0,87.0
48285,144.9,6.90,27.51,0.1898,5.27,734.0,87.0
48291,144.9,6.90,27.51,0.1898,5.27,734.0,87.0
48298,144.9,6.90,27.51,0.1898,5.27,734.0,87.0
48305,140.8,7.10,27.51,0.1953,5.12,734.0,87.0
48312,147.1,6.80,27.51,0.1871,5.35,734.0,87.0
48319,140.8,7.10,27.51,0.1953,5.12,734.0,87.0
48326,147.1,6.80,27.51,0.1871,5.35,734.0,87.0
48333,144.9,6.90,27.51,0.1898,5.27,734.0,87.0
48340,142.9,7.00,27.51,0.1926,5.19,734.0,87.0
48347,144.9,6.90,27.51,0.1898,5.27,734.0,87.0
48354,142.9,7.00,27.51,0.1926,5.19,734.0,87.0
48361,144.9,6.90,27.51,0.1898,5.27,734.0,87.0
48368,144.9,6.90,27.51,0.1898,5.27,734.0,87.0
48375,142.9,7.00,27.51,0.1926,5.19,734.0,87.0
48382,144.9,6.90,27.51,0.1898,5.27,734.0,87.0
48389,140.8,7.10,27.51,0.1953,5.12,734.0,87.0
48396,144.9,6.90,27.51,0.1898,5.27,734.0,87.0
48403,144.9,6.90,27.51,0.1898,5.27,734.0,87.0
48410,142.9,7.00,27.51,0.1926,5.19,734.0,87.0
48416,144.9,6.90,27.51,0.1898,5.27,734.0,87.0
48423,142.9,7.00,27.51,0.1926,5.19,734.0,87.0
48430,144.9,6.90,27.51,0.1898,5.27,734.0,87.0
48437,144.9,6.90,27.51,0.1898,5.27,734.0,87.0
48444,142.9,7.00,27.51,0.1926,5.19,734.0,87.0
48451,144.9,6.90,27.51,0.1898,5.27,734.0,87.0
48458,142.9,7.00,27.51,0.1926,5.19,734.0,87.0
48465,144.9,6.90,27.51,0.1898,5.27,734.0,87.0
48472,144.9,6.90,27.51,0.1898,5.27,734.0,87.0
48479,142.9,7.00,27.51,0.1926,5.19,734.0,87.0
48486,144.9,6.90,27.51,0.1898,5.27,734.0,87.0
48493,142.9,7.00,27.51,0.1926,5.19,734.0,87.0
48500,142.9,7.00,27.51,0.1926,5.19,734.0,87.0
48507,147.1,6.80,27.51,0.1871,5.35,734.0,87.0
48514,142.9,7.00,27.51,0.1926,5.19,734.0,87.0
48521,144.9,6.90,27.51,0.1898,5.27,734.0,87.0
48528,142.9,7.00,27.51,0.1926,5.19,734.0,87.0
48534,144.9,6.90,27.51,0.1898,5.27,734.0,87.0
48541,144.9,6.90,27.51,0.1898,5.27,734.0,87.0
48548,140.8,7.10,27.50,0.1952,5.12,734.0,87.0
48555,147.1,6.80,27.49,0.1869,5.35,734.0,87.0
48562,142.9,7.00,27.48,0.1923,5.20,734.0,87.0
48569,142.9,7.00,27.47,0.1923,5.20,734.0,87.0
48576,144.9,6.90,27.46,0.1895,5.28,734.0,87.0
48583,144.9,6.90,27.45,0.1894,5.28,734.0,87.0
48590,140.8,7.10,27.44,0.1948,5.13,734.0,87.0
48597,144.9,6.90,27.43,0.1893,5.28,734.0,87.0
48604,144.9,6.90,27.42,0.1892,5.28,734.0,87.0
48611,142.9,7.00,27.41,0.1919,5.21,734.0,87.0
48618,147.1,6.80,27.40,0.1863,5.37,734.0,87.0
48625,140.8,7.10,27.39,0.1945,5.14,734.0,87.0
48632,147.1,6.80,27.38,0.1862,5.37,734.0,87.0
48639,142.9,7.00,27.37,0.1916,5.22,734.0,87.0
48646,144.9,6.90,27.36,0.1888,5.30,734.0,87.0
48653,140.8,7.10,27.36,0.1943,5.15,734.0,87.0
48660,144.9,6.90,27.36,0.1888,5.30,734.0,87.0
48666,147.1,6.80,27.36,0.1860,5.38,734.0,87.0
48673,144.9,6.90,27.36,0.1888,5.30,734.0,87.0
48680,142.9,7.00,27.36,0.1915,5.22,734.0,87.0
48687,142.9,7.00,27.36,0.1915,5.22,734.0,87.0
48694,144.9,6.90,27.36,0.1888,5.30,734.0,87.0
48701,142.9,7.00,27.36,0.1915,5.22,734.0,87.0
48708,142.9,7.00,27.36,0.1915,5.22,734.0,87.0
48715,142.9,7.00,27.36,0.1915,5.22,734.0,87.0
48722,147.1,6.80,27.36,0.1860,5.38,734.0,87.0
48729,144.9,6.90,27.36,0.1888,5.30,734.0,87.0
48736,140.8,7.10,27.36,0.1943,5.15,734.0,87.0
48743,147.1,6.80,27.36,0.1860,5.38,734.0,87.0
48750,144.9,6.90,27.36,0.1888,5.30,734.0,87.0
48757,142.9,7.00,27.36,0.1915,5.22,734.0,87.0
48764,140.8,7.10,27.36,0.1943,5.15,734.0,87.0
48770,149.3,6.70,27.36,0.1833,5.46,734.0,87.0
48777,142.9,7.00,27.36,0.1915,5.22,734.0,87.0
48784,142.9,7.00,27.36,0.1915,5.22,734.0,87.0
48791,142.9,7.00,27.36,0.1915,5.22,734.0,87.0
48798,144.9,6.90,27.36,0.1888,5.30,734.0,87.0
48805,144.9,6.90,27.36,0.1888,5.30,734.0,87.0
48812,142.9,7.00,27.36,0.1915,5.22,734.0,87.0
48819,144.9,6.90,27.36,0.1888,5.30,734.0,87.0
48826,142.9,7.00,27.36,0.1915,5.22,734.0,87.0
48833,144.9,6.90,27.36,0.1888,5.30,734.0,87.0
48840,142.9,7.00,27.36,0.1915,5.22,734.0,87.0
48847,144.9,6.90,27.36,0.1888,5.30,734.0,87.0
48854,144.9,6.90,27.36,0.1888,5.30,734.0,87.0
48861,140.8,7.10,27.36,0.1943,5.15,734.0,87.0
48868,147.1,6.80,27.36,0.1860,5.38,734.0,87.0
48875,144.9,6.90,27.36,0.1888,5.30,734.0,87.0
48882,140.8,7.10,27.36,0.1943,5.15,734.0,87.0
48889,144.9,6.90,27.36,0.1888,5.30,734.0,87.0
48896,142.9,7.00,27.36,0.1915,5.22,734.0,87.0
48903,144.9,6.90,27.36,0.1888,5.30,734.0,87.0
48909,144.9,6.90,27.36,0.1888,5.30,734.0,87.0
48916,142.9,7.00,27.36,0.1915,5.22,734.0,87.0
48923,142.9,7.00,27.36,0.1915,5.22,734.0,87.0
48930,144.9,6.90,27.36,0.1888,5.30,734.0,87.0
48937,144.9,6.90,27.36,0.1888,5.30,734.0,87.0
48944,142.9,7.00,27.36,0.1915,5.22,734.0,87.0
48951,147.1,6.80,27.36,0.1860,5.38,734.0,87.0
48958,142.9,7.00,27.36,0.1915,5.22,734.0,87.0
48965,144.9,6.90,27.36,0.1888,5.30,734.0,87.0
48972,140.8,7.10,27.36,0.1943,5.15,734.0,87.0
48979,144.9,6.90,27.36,0.1888,5.30,734.0,87.0
48986,144.9,6.90,27.36,0.1888,5.30,734.0,87.0
48993,142.9,7.00,27.36,0.1915,5.22,734.0,87.0
49000,144.9,6.90,27.36,0.1888,5.30,734.0,87.0
49007,144.9,6.90,27.36,0.1888,5.30,734.0,87.0
49014,142.9,7.00,27.36,0.1915,5.22,734.0,87.0
49021,144.9,6.90,27.36,0.1888,5.30,734.0,87.0
49028,142.9,7.00,27.36,0.1915,5.22,734.0,87.0
49034,144.9,6.90,27.36,0.1888,5.30,734.0,87.0
49041,142.9,7.00,27.36,0.1915,5.22,734.0,87.0
49048,144.9,6.90,27.36,0.1888,5.30,734.0,87.0
49055,144.9,6.90,27.36,0.1888,5.30,734.0,87.0
49062,142.9,7.00,27.36,0.1915,5.22,734.0,87.0
49069,142.9,7.00,27.36,0.1915,5.22,734.0,87.0
49076,142.9,7.00,27.36,0.1915,5.22,734.0,87.0
49083,144.9,6.90,27.36,0.1888,5.30,734.0,87.0
49090,142.9,7.00,27.36,0.1915,5.22,734.0,86.9
49097,147.1,6.80,27.37,0.1861,5.38,734.0,86.9
49104,140.8,7.10,27.37,0.1943,5.14,734.0,86.8
49111,144.9,6.90,27.37,0.1889,5.29,734.0,86.7
49118,144.9,6.90,27.37,0.1889,5.29,734.0,86.7
49125,144.9,6.90,27.38,0.1889,5.29,734.0,86.6
49132,144.9,6.90,27.38,0.1889,5.29,734.0,86.5
49139,142.9,7.00,27.38,0.1917,5.22,734.0,86.5
49146,142.9,7.00,27.38,0.1917,5.22,734.0,86.4
49153,144.9,6.90,27.39,0.1890,5.29,734.0,86.4
49160,142.9,7.00,27.39,0.1917,5.22,734.0,86.3
49166,144.9,6.90,27.39,0.1890,5.29,734.0,86.2
49174,140.8,7.10,27.39,0.1945,5.14,734.0,86.2
49180,147.1,6.80,27.40,0.1863,5.37,734.0,86.1
49187,142.9,7.00,27.40,0.1918,5.22,734.0,86.0
49194,144.9,6.90,27.40,0.1891,5.29,734.0,86.0
49201,144.9,6.90,27.40,0.1891,5.29,734.0,86.0
49208,144.9,6.90,27.40,0.1891,5.29,734.0,86.0
49215,144.9,6.90,27.40,0.1891,5.29,734.0,86.0
49222,142.9,7.00,27.40,0.1918,5.22,734.0,86.0
49229,142.9,7.00,27.40,0.1918,5.22,734.0,86.0
49236,147.1,6.80,27.40,0.1863,5.37,734.0,86.0
49243,142.9,7.00,27.40,0.1918,5.22,734.0,86.0
49250,144.9,6.90,27.40,0.1891,5.29,734.0,86.0
49257,144.9,6.90,27.40,0.1891,5.29,734.0,86.0
49264,140.8,7.10,27.40,0.1945,5.14,734.0,86.0
49270,147.1,6.80,27.40,0.1863,5.37,734.0,86.0
49278,140.8,7.10,27.40,0.1945,5.14,734.0,86.0
49285,142.9,7.00,27.40,0.1918,5.22,734.0,86.0
49291,144.9,6.90,27.40,0.1891,5.29,734.0,86.0
49298,142.9,7.00,27.40,0.1918,5.22,734.0,86.0
49305,144.9,6.90,27.40,0.1891,5.29,734.0,86.0
49312,144.9,6.90,27.40,0.1891,5.29,734.0,86.0
49319,144.9,6.90,27.40,0.1891,5.29,734.0,86.0
49326,142.9,7.00,27.40,0.1918,5.22,734.0,86.0
49333,142.9,7.00,27.40,0.1918,5.22,734.0,86.0
49340,144.9,6.90,27.40,0.1891,5.29,734.0,86.0
49347,142.9,7.00,27.40,0.1918,5.22,734.0,86.0
49354,144.9,6.90,27.40,0.1891,5.29,734.0,86.0
49361,144.9,6.90,27.40,0.1891,5.29,734.0,86.0
49368,142.9,7.00,27.40,0.1918,5.22,734.0,86.0
49375,144.9,6.90,27.40,0.1891,5.29,734.0,86.0
49382,142.9,7.00,27.40,0.1918,5.22,734.0,86.0
49389,144.9,6.90,27.40,0.1891,5.29,734.0,86.0
49396,142.9,7.00,27.40,0.1918,5.22,734.0,86.0
49403,144.9,6.90,27.40,0.1891,5.29,734.0,86.0
49409,147.1,6.80,27.40,0.1863,5.37,734.0,86.0
49416,140.8,7.10,27.40,0.1945,5.14,734.0,86.0
49423,144.9,6.90,27.40,0.1891,5.29,734.0,86.0
49430,144.9,6.90,27.40,0.1891,5.29,734.0,86.0
49437,144.9,6.90,27.40,0.1891,5.29,734.0,86.0
49444,140.8,7.10,27.40,0.1945,5.14,734.0,86.0
49451,144.9,6.90,27.40,0.1891,5.29,734.0,86.0
49458,144.9,6.90,27.40,0.1891,5.29,734.0,86.0
49465,144.9,6.90,27.40,0.1891,5.29,734.0,86.0
49472,142.9,7.00,27.40,0.1918,5.22,734.0,86.0
49479,142.9,7.00,27.40,0.1918,5.22,734.0,86.0
49486,144.9,6.90,27.40,0.1891,5.29,734.0,86.0
49493,142.9,7.00,27.40,0.1918,5.22,734.0,86.0
49500,144.9,6.90,27.40,0.1891,5.29,734.0,86.0
49507,142.9,7.00,27.40,0.1918,5.22,734.0,86.0
49514,144.9,6.90,27.40,0.1891,5.29,734.0,86.0
49521,142.9,7.00,27.40,0.1918,5.22,734.0,86.0
49528,144.9,6.90,27.41,0.1891,5.29,734.0,86.1
49534,144.9,6.90,27.41,0.1892,5.29,734.0,86.1
49541,144.9,6.90,27.42,0.1892,5.28,734.0,86.2
49548,144.9,6.90,27.43,0.1893,5.28,734.0,86.2
49555,144.9,6.90,27.44,0.1893,5.28,734.0,86.3
49562,142.9,7.00,27.44,0.1921,5.21,734.0,86.4
49569,142.9,7.00,27.45,0.1922,5.21,734.0,86.4
49576,144.9,6.90,27.46,0.1895,5.28,734.0,86.5
49583,142.9,7.00,27.47,0.1923,5.20,734.0,86.6
49590,144.9,6.90,27.48,0.1896,5.27,734.0,86.6
49597,142.9,7.00,27.48,0.1924,5.20,734.0,86.7
49604,144.9,6.90,27.49,0.1897,5.27,734.0,86.8
49611,142.9,7.00,27.50,0.1925,5.20,734.0,86.8
49618,142.9,7.00,27.51,0.1925,5.20,734.0,86.9
49625,147.1,6.80,27.51,0.1871,5.35,734.0,86.9
49632,142.9,7.00,27.52,0.1926,5.19,734.0,87.0
49639,142.9,7.00,27.52,0.1926,5.19,734.0,87.0
49646,144.9,6.90,27.52,0.1899,5.27,734.0,87.0
49652,144.9,6.90,27.52,0.1899,5.27,734.0,87.0
49660,140.8,7.10,27.52,0.1954,5.12,734.0,87.0
49666,147.1,6.80,27.52,0.1871,5.35,734.0,87.0
49673,142.9,7.00,27.52,0.1926,5.19,734.0,87.0
49680,144.9,6.90,27.52,0.1899,5.27,734.0,87.0
49687,142.9,7.00,27.52,0.1926,5.19,734.0,87.0
49694,147.1,6.80,27.52,0.1871,5.35,734.0,87.0
49701,140.8,7.10,27.52,0.1954,5.12,734.0,87.0
49708,142.9,7.00,27.52,0.1926,5.19,734.0,87.0
49715,147.1,6.80,27.52,0.1871,5.35,734.0,87.0
49722,140.8,7.10,27.52,0.1954,5.12,734.0,87.0
49729,147.1,6.80,27.52,0.1871,5.35,734.0,87.0
49736,142.9,7.00,27.52,0.1926,5.19,734.0,87.0
49743,142.9,7.00,27.52,0.1926,5.19,734.0,87.0
49750,142.9,7.00,27.52,0.1926,5.19,734.0,87.0
49757,144.9,6.90,27.52,0.1899,5.27,734.0,87.0
49764,144.9,6.90,27.52,0.1899,5.27,734.0,87.0
49771,144.9,6.90,27.52,0.1899,5.27,734.0,87.0
49778,142.9,7.00,27.52,0.1926,5.19,734.0,87.0
49785,142.9,7.00,27.52,0.1926,5.19,734.0,87.0
49792,142.9,7.00,27.52,0.1926,5.19,734.0,87.0
49798,149.3,6.70,27.52,0.1844,5.43,734.0,87.0
49805,142.9,7.00,27.52,0.1926,5.19,734.0,87.0
49812,142.9,7.00,27.52,0.1926,5.19,734.0,87.0
49819,142.9,7.00,27.52,0.1926,5.19,734.0,87.0
49826,144.9,6.90,27.52,0.1899,5.27,734.0,87.0
49833,144.9,6.90,27.52,0.1899,5.27,734.0,87.0
49840,142.9,7.00,27.52,0.1926,5.19,734.0,87.0
49847,144.9,6.90,27.52,0.1899,5.27,734.0,87.0
49854,144.9,6.90,27.52,0.1899,5.27,734.0,87.0
49861,142.9,7.00,27.52,0.1926,5.19,734.0,87.0
49868,142.9,7.00,27.52,0.1926,5.19,734.0,87.0
49875,147.1,6.80,27.52,0.1871,5.35,734.0,87.0
49882,142.9,7.00,27.52,0.1926,5.19,734.0,87.0
49889,144.9,6.90,27.52,0.1899,5.27,734.0,87.0
49895,144.9,6.90,27.52,0.1899,5.27,734.0,87.0
49903,140.8,7.10,27.52,0.1954,5.12,734.0,87.0
49909,144.9,6.90,27.52,0.1899,5.27,734.0,87.0
49916,142.9,7.00,27.52,0.1926,5.19,734.0,87.0
49923,144.9,6.90,27.52,0.1899,5.27,734.0,87.0
49930,142.9,7.00,27.52,0.1926,5.19,734.0,87.0
49937,147.1,6.80,27.52,0.1871,5.35,734.0,87.0
49944,142.9,7.00,27.52,0.1926,5.19,734.0,87.0
49951,142.9,7.00,27.52,0.1926,5.19,734.0,87.0
49958,142.9,7.00,27.52,0.1926,5.19,734.0,87.0
49965,144.9,6.90,27.52,0.1899,5.27,734.0,87.0
49972,142.9,7.00,27.52,0.1926,5.19,734.0,87.0
49979,144.9,6.90,27.52,0.1899,5.27,734.0,87.0
49986,142.9,7.00,27.52,0.1926,5.19,734.0,87.0
49993,144.9,6.90,27.52,0.1899,5.27,734.0,87.0
50000,144.9,6.90,27.52,0.1899,5.27,734.0,87.0
50007,144.9,6.90,27.52,0.1899,5.27,734.0,87.0
50014,142.9,7.00,27.52,0.1926,5.19,734.0,87.0
50021,144.9,6.90,27.52,0.1899,5.27,734.0,87.0
50028,142.9,7.00,27.52,0.1926,5.19,734.0,87.0
50034,144.9,6.90,27.52,0.1899,5.27,734.0,87.0
50041,144.9,6.90,27.52,0.1899,5.27,734.0,87.0
50048,142.9,7.00,27.52,0.1926,5.19,734.0,87.0
50055,142.9,7.00,27.52,0.1926,5.19,734.0,87.0
50062,142.9,7.00,27.52,0.1926,5.19,734.0,87.0
50069,144.9,6.90,27.52,0.1899,5.26,734.0,87.0
50076,147.1,6.80,27.53,0.1872,5.34,734.0,87.0
50083,142.9,7.00,27.54,0.1928,5.19,734.0,87.0
50090,144.9,6.90,27.55,0.1901,5.26,734.0,87.0
50097,142.9,7.00,27.56,0.1929,5.19,734.0,87.0
50104,144.9,6.90,27.56,0.1902,5.26,734.0,87.0
50111,144.9,6.90,27.57,0.1903,5.26,734.0,87.0
50118,144.9,6.90,27.58,0.1903,5.25,734.0,87.0
50125,142.9,7.00,27.59,0.1931,5.18,734.0,87.0
50132,144.9,6.90,27.60,0.1904,5.25,734.0,87.0
50139,142.9,7.00,27.61,0.1932,5.18,734.0,87.0
50146,144.9,6.90,27.61,0.1905,5.25,734.0,87.0
50153,142.9,7.00,27.62,0.1934,5.17,734.0,87.0
50160,142.9,7.00,27.63,0.1934,5.17,734.0,87.0
50166,147.1,6.80,27.64,0.1879,5.32,734.0,87.0
50173,142.9,7.00,27.65,0.1935,5.17,734.0,87.0
50180,144.9,6.90,27.65,0.1908,5.24,734.0,87.0
50187,142.9,7.00,27.65,0.1935,5.17,734.0,87.0
50194,144.9,6.90,27.65,0.1908,5.24,734.0,87.0
50201,144.9,6.90,27.65,0.1908,5.24,734.0,87.0
50208,142.9,7.00,27.65,0.1935,5.17,734.0,87.0
50215,144.9,6.90,27.65,0.1908,5.24,734.0,87.0
50222,142.9,7.00,27.65,0.1935,5.17,734.0,87.0
50229,144.9,6.90,27.65,0.1908,5.24,734.0,87.0
50236,142.9,7.00,27.65,0.1935,5.17,734.0,87.0
50243,147.1,6.80,27.65,0.1880,5.32,734.0,87.0
50250,140.8,7.10,27.65,0.1963,5.09,734.0,87.0
50257,147.1,6.80,27.65,0.1880,5.32,734.0,87.0
50264,144.9,6.90,27.65,0.1908,5.24,734.0,87.0
50271,140.8,7.10,27.65,0.1963,5.09,734.0,87.0
50278,144.9,6.90,27.65,0.1908,5.24,734.0,87.0
50284,144.9,6.90,27.65,0.1908,5.24,734.0,87.0
50291,144.9,6.90,27.65,0.1908,5.24,734.0,87.0
50298,142.9,7.00,27.65,0.1935,5.17,734.0,87.0
50305,142.9,7.00,27.65,0.1935,5.17,734.0,87.0
50312,142.9,7.00,27.65,0.1935,5.17,734.0,87.0
50319,144.9,6.90,27.65,0.1908,5.24,734.0,87.0
50326,144.9,6.90,27.65,0.1908,5.24,734.0,87.0
50333,144.9,6.90,27.65,0.1908,5.24,734.0,87.0
50340,144.9,6.90,27.65,0.1908,5.24,734.0,87.0
50347,142.9,7.00,27.65,0.1935,5.17,734.0,87.0
50354,140.8,7.10,27.65,0.1963,5.09,734.0,87.0
50361,144.9,6.90,27.65,0.1908,5.24,734.0,87.0
50368,147.1,6.80,27.65,0.1880,5.32,734.0,87.0
50375,140.8,7.10,27.65,0.1963,5.09,734.0,87.0
50382,147.1,6.80,27.65,0.1880,5.32,734.0,87.0
50389,142.9,7.00,27.65,0.1935,5.17,734.0,87.0
50396,142.9,7.00,27.65,0.1935,5.17,734.0,87.0
50403,144.9,6.90,27.65,0.1908,5.24,734.0,87.0
50409,144.9,6.90,27.65,0.1908,5.24,734.0,87.0
50416,142.9,7.00,27.65,0.1935,5.17,734.0,87.0
50423,144.9,6.90,27.65,0.1908,5.24,734.0,87.0
50430,144.9,6.90,27.65,0.1908,5.24,734.0,87.0
50437,142.9,7.00,27.65,0.1935,5.17,734.0,87.0
50444,142.9,7.00,27.65,0.1935,5.17,734.0,87.0
50451,144.9,6.90,27.65,0.1908,5.24,734.0,87.0
50458,142.9,7.00,27.65,0.1935,5.17,734.0,87.0
50465,144.9,6.90,27.65,0.1908,5.24,734.0,87.0
50472,144.9,6.90,27.65,0.1908,5.24,734.0,87.0
50479,142.9,7.00,27.65,0.1935,5.17,734.0,87.0
50486,144.9,6.90,27.65,0.1908,5.24,734.0,87.0
50493,144.9,6.90,27.65,0.1908,5.24,734.0,87.0
50500,142.9,7.00,27.65,0.1935,5.17,734.0,87.0
50507,144.9,6.90,27.65,0.1908,5.24,734.0,87.0
50514,142.9,7.00,27.65,0.1936,5.17,734.0,87.0
50521,142.9,7.00,27.65,0.1936,5.17,734.0,87.0
50528,142.9,7.00,27.65,0.1936,5.17,734.0,87.0
50534,147.1,6.80,27.66,0.1881,5.32,734.0,87.0
50542,140.8,7.10,27.66,0.1964,5.09,734.0,87.0
50548,147.1,6.80,27.66,0.1881,5.32,734.0,87.0
50555,142.9,7.00,27.66,0.1936,5.17,734.0,87.0
50562,142.9,7.00,27.66,0.1936,5.17,734.0,87.0
50569,144.9,6.90,27.66,0.1909,5.24,734.0,87.0
50576,142.9,7.00,27.66,0.1936,5.17,734.0,87.0
50583,144.9,6.90,27.66,0.1909,5.24,734.0,87.0
50590,142.9,7.00,27.67,0.1937,5.17,734.0,87.0
50597,144.9,6.90,27.67,0.1909,5.24,734.0,87.0
50604,144.9,6.90,27.67,0.1909,5.24,734.0,87.0
50611,147.1,6.80,27.67,0.1882,5.32,734.0,87.0
50618,144.9,6.90,27.67,0.1909,5.24,734.0,87.0
50625,142.9,7.00,27.67,0.1937,5.16,734.0,87.0
50632,142.9,7.00,27.67,0.1937,5.16,734.0,87.0
50639,144.9,6.90,27.67,0.1909,5.24,734.0,87.0
50646,142.9,7.00,27.67,0.1937,5.16,734.0,87.0
50653,142.9,7.00,27.67,0.1937,5.16,734.0,87.0
50659,144.9,6.90,27.67,0.1909,5.24,734.0,87.0
50666,144.9,6.90,27.67,0.1909,5.24,734.0,87.0
50673,142.9,7.00,27.67,0.1937,5.16,734.0,87.0
50680,144.9,6.90,27.67,0.1909,5.24,734.0,87.0
50687,142.9,7.00,27.67,0.1937,5.16,734.0,87.0
50694,142.9,7.00,27.67,0.1937,5.16,734.0,87.0
50701,147.1,6.80,27.67,0.1882,5.32,734.0,87.0
50708,142.9,7.00,27.67,0.1937,5.16,734.0,87.0
50715,144.9,6.90,27.67,0.1909,5.24,734.0,87.0
50722,142.9,7.00,27.67,0.1937,5.16,734.0,87.0
50729,140.8,7.10,27.67,0.1965,5.09,734.0,87.0
50736,147.1,6.80,27.67,0.1882,5.32,734.0,87.0
50743,142.9,7.00,27.67,0.1937,5.16,734.0,87.0
50750,144.9,6.90,27.67,0.1909,5.24,734.0,87.0
50757,144.9,6.90,27.67,0.1909,5.24,734.0,87.0
50764,144.9,6.90,27.67,0.1909,5.24,734.0,87.0
50770,144.9,6.90,27.67,0.1909,5.24,734.0,87.0
50777,142.9,7.00,27.67,0.1937,5.16,734.0,87.0
50784,144.9,6.90,27.67,0.1909,5.24,734.0,87.0
50791,140.8,7.10,27.67,0.1965,5.09,734.0,87.0
50798,144.9,6.90,27.67,0.1909,5.24,734.0,87.0
50805,142.9,7.00,27.67,0.1937,5.16,734.0,87.0
50812,142.9,7.00,27.67,0.1937,5.16,734.0,87.0
50819,144.9,6.90,27.67,0.1909,5.24,734.0,87.0
50826,144.9,6.90,27.67,0.1909,5.24,734.0,87.0
50833,144.9,6.90,27.67,0.1909,5.24,734.0,87.0
50840,144.9,6.90,27.67,0.1909,5.24,734.0,87.0
50847,140.8,7.10,27.67,0.1965,5.09,734.0,87.0
50854,147.1,6.80,27.67,0.1882,5.32,734.0,87.0
50861,144.9,6.90,27.67,0.1909,5.24,734.0,87.0
50868,142.9,7.00,27.67,0.1937,5.16,734.0,87.0
50875,142.9,7.00,27.67,0.1937,5.16,734.0,87.0
50882,144.9,6.90,27.67,0.1909,5.24,734.0,87.0
50889,144.9,6.90,27.67,0.1909,5.24,734.0,87.0
50895,144.9,6.90,27.67,0.1909,5.24,734.0,87.0
50903,140.8,7.10,27.67,0.1965,5.09,734.0,87.0
50909,144.9,6.90,27.67,0.1909,5.24,734.0,87.0
50916,144.9,6.90,27.67,0.1909,5.24,734.0,87.0
50923,140.8,7.10,27.67,0.1965,5.09,734.0,87.0
50930,147.1,6.80,27.67,0.1882,5.32,734.0,87.0
50937,142.9,7.00,27.67,0.1937,5.16,734.0,87.0
50944,142.9,7.00,27.67,0.1937,5.16,734.0,87.0
50951,144.9,6.90,27.67,0.1909,5.24,734.0,87.0
50958,144.9,6.90,27.67,0.1909,5.24,734.0,87.0
50965,144.9,6.90,27.67,0.1909,5.24,734.0,87.0
50972,140.8,7.10,27.67,0.1965,5.09,734.0,87.0
50979,147.1,6.80,27.67,0.1882,5.32,734.0,87.0
50986,140.8,7.10,27.67,0.1965,5.09,734.0,87.0
50993,147.1,6.80,27.67,0.1882,5.32,734.0,87.0
51000,142.9,7.00,27.67,0.1937,5.16,734.0,87.0
51007,144.9,6.90,27.67,0.1909,5.24,734.0,87.0
51014,142.9,7.00,27.67,0.1937,5.16,734.0,87.0
51021,144.9,6.90,27.67,0.1909,5.24,734.0,87.0
51028,142.9,7.00,27.67,0.1937,5.16,734.0,87.0
51034,147.1,6.80,27.67,0.1882,5.32,734.0,87.0
51041,140.8,7.10,27.67,0.1965,5.09,734.0,87.0
51048,144.9,6.90,27.67,0.1909,5.24,734.0,87.0
51055,144.9,6.90,27.67,0.1910,5.24,734.0,87.0
51062,144.9,6.90,27.69,0.1910,5.23,734.0,87.0
51069,144.9,6.90,27.70,0.1911,5.23,734.0,87.0
51076,138.9,7.20,27.71,0.1995,5.01,734.0,87.0
51083,144.9,6.90,27.72,0.1913,5.23,734.0,87.0
51090,144.9,6.90,27.73,0.1913,5.23,734.0,87.0
51097,142.9,7.00,27.74,0.1942,5.15,734.0,87.0
51104,144.9,6.90,27.75,0.1915,5.22,734.0,87.0
51111,144.9,6.90,27.76,0.1916,5.22,734.0,87.0
51118,142.9,7.00,27.77,0.1944,5.15,734.0,87.0
51125,144.9,6.90,27.78,0.1917,5.22,734.0,87.0
51132,142.9,7.00,27.79,0.1946,5.14,734.0,87.0
51139,144.9,6.90,27.81,0.1919,5.21,734.0,87.0
51146,142.9,7.00,27.82,0.1947,5.14,734.0,87.0
51153,144.9,6.90,27.83,0.1920,5.21,734.0,87.0
51160,142.9,7.00,27.84,0.1949,5.13,734.0,87.0
51166,144.9,6.90,27.84,0.1921,5.20,734.0,87.0
51173,144.9,6.90,27.84,0.1921,5.20,734.0,87.0
51180,142.9,7.00,27.84,0.1949,5.13,734.0,87.0
51187,147.1,6.80,27.84,0.1893,5.28,734.0,87.0
51194,142.9,7.00,27.84,0.1949,5.13,734.0,87.0
51201,144.9,6.90,27.84,0.1921,5.20,734.0,87.0
51208,140.8,7.10,27.84,0.1977,5.06,734.0,87.0
51215,147.1,6.80,27.84,0.1893,5.28,734.0,87.0
51222,140.8,7.10,27.84,0.1977,5.06,734.0,87.0
51229,147.1,6.80,27.84,0.1893,5.28,734.0,87.0
51236,142.9,7.00,27.84,0.1949,5.13,734.0,87.0
51243,144.9,6.90,27.84,0.1921,5.20,734.0,87.0
51250,142.9,7.00,27.84,0.1949,5.13,734.0,87.0
51257,144.9,6.90,27.84,0.1921,5.20,734.0,87.0
51264,144.9,6.90,27.84,0.1921,5.20,734.0,87.0
51271,140.8,7.10,27.84,0.1977,5.06,734.0,87.0
51278,144.9,6.90,27.84,0.1921,5.20,734.0,87.0
51284,144.9,6.90,27.84,0.1921,5.20,734.0,87.0
51291,142.9,7.00,27.84,0.1949,5.13,734.0,87.0
51298,144.9,6.90,27.84,0.1921,5.20,734.0,87.0
51305,142.9,7.00,27.84,0.1949,5.13,734.0,87.0
51312,144.9,6.90,27.84,0.1921,5.20,734.0,87.0
51319,140.8,7.10,27.84,0.1977,5.06,734.0,87.0
51326,147.1,6.80,27.84,0.1893,5.28,734.0,87.0
51333,142.9,7.00,27.84,0.1949,5.13,734.0,87.0
51340,144.9,6.90,27.84,0.1921,5.20,734.0,87.0
51347,144.9,6.90,27.84,0.1921,5.20,734.0,87.0
51354,142.9,7.00,27.84,0.1949,5.13,734.0,87.0
51361,144.9,6.90,27.84,0.1921,5.20,734.0,87.0
51368,144.9,6.90,27.84,0.1921,5.20,734.0,87.0
51375,142.9,7.00,27.84,0.1949,5.13,734.0,87.0
51382,144.9,6.90,27.84,0.1921,5.20,734.0,87.0
51389,144.9,6.90,27.84,0.1921,5.20,734.0,87.0
51395,144.9,6.90,27.84,0.1921,5.20,734.0,87.0
51402,142.9,7.00,27.84,0.1949,5.13,734.0,87.0
51409,142.9,7.00,27.84,0.1949,5.13,734.0,87.0
51416,144.9,6.90,27.84,0.1921,5.20,734.0,87.0
51423,144.9,6.90,27.84,0.1921,5.20,734.0,87.0
51430,144.9,6.90,27.84,0.1921,5.20,734.0,87.0
51437,142.9,7.00,27.84,0.1949,5.13,734.0,87.0
51444,142.9,7.00,27.84,0.1949,5.13,734.0,87.0
51451,147.1,6.80,27.84,0.1893,5.28,734.0,87.0
51458,140.8,7.10,27.84,0.1977,5.06,734.0,87.0
51465,142.9,7.00,27.84,0.1949,5.13,734.0,87.0
51472,147.1,6.80,27.84,0.1893,5.28,734.0,87.0
51479,142.9,7.00,27.84,0.1949,5.13,734.0,87.0
51486,142.9,7.00,27.84,0.1949,5.13,734.0,87.0
51493,142.9,7.00,27.84,0.1949,5.13,734.0,87.0
51500,147.1,6.80,27.84,0.1893,5.28,734.0,87.0
51507,142.9,7.00,27.84,0.1949,5.13,734.0,87.0
51514,142.9,7.00,27.84,0.1949,5.13,734.0,87.0
51521,144.9,6.90,27.84,0.1921,5.20,734.0,87.0
51527,147.1,6.80,27.84,0.1893,5.28,734.0,87.0
51534,144.9,6.90,27.84,0.1921,5.20,734.0,87.0
51541,140.8,7.10,27.84,0.1977,5.06,734.0,87.0
51548,144.9,6.90,27.84,0.1921,5.20,734.0,87.0
51555,142.9,7.00,27.84,0.1949,5.13,734.0,87.0
51562,144.9,6.90,27.84,0.1921,5.20,734.0,87.0
51569,144.9,6.90,27.84,0.1921,5.20,734.0,87.0
51576,144.9,6.90,27.84,0.1921,5.20,734.0,87.0
51583,144.9,6.90,27.84,0.1921,5.20,734.0,87.0
51590,142.9,7.00,27.84,0.1949,5.13,734.0,87.0
51597,144.9,6.90,27.84,0.1921,5.20,734.0,87.0
51604,142.9,7.00,27.85,0.1949,5.13,734.0,87.0
51611,142.9,7.00,27.86,0.1950,5.13,734.0,87.0
51618,144.9,6.90,27.87,0.1923,5.20,734.0,87.0
51625,142.9,7.00,27.88,0.1952,5.13,734.0,87.0
51632,144.9,6.90,27.89,0.1924,5.20,734.0,87.0
51639,144.9,6.90,27.90,0.1925,5.19,734.0,87.0
51646,142.9,7.00,27.91,0.1954,5.12,734.0,87.0
51653,142.9,7.00,27.92,0.1954,5.12,734.0,87.0
51659,144.9,6.90,27.93,0.1927,5.19,734.0,87.0
51666,144.9,6.90,27.94,0.1928,5.19,734.0,87.0
51673,142.9,7.00,27.95,0.1957,5.11,734.0,87.0
51680,144.9,6.90,27.96,0.1929,5.18,734.0,87.0
51687,147.1,6.80,27.97,0.1902,5.26,734.0,87.0
51694,140.8,7.10,27.98,0.1987,5.03,734.0,87.0
51701,144.9,6.90,27.99,0.1931,5.18,734.0,87.0
51708,144.9,6.90,28.00,0.1932,5.17,734.0,87.0
51715,144.9,6.90,28.00,0.1932,5.17,734.0,87.0
51722,140.8,7.10,28.00,0.1988,5.03,734.0,87.0
51729,142.9,7.00,28.00,0.1960,5.10,734.0,87.0
51736,147.1,6.80,28.00,0.1904,5.25,734.0,87.0
51743,144.9,6.90,28.00,0.1932,5.17,734.0,87.0
51750,142.9,7.00,28.00,0.1960,5.10,734.0,87.0
51757,144.9,6.90,28.00,0.1932,5.17,734.0,87.0
51764,140.8,7.10,28.00,0.1988,5.03,734.0,87.0
51780,59.9,16.70,28.00,0.4676,2.14,734.0,87.0
51783,322.6,3.10,28.00,0.0868,11.52,734.0,87.0
51786,400.0,2.50,28.00,0.0700,14.29,734.0,87.0
51791,188.7,5.30,28.00,0.1484,6.74,734.0,87.0
51798,140.8,7.10,28.00,0.1988,5.03,734.0,87.0
51805,144.9,6.90,28.00,0.1932,5.17,734.0,87.0
51812,144.9,6.90,28.00,0.1932,5.17,734.0,87.0
51819,144.9,6.90,28.00,0.1932,5.17,734.0,87.0
51826,142.9,7.00,28.00,0.1960,5.10,734.0,87.0
51833,142.9,7.00,28.00,0.1960,5.10,734.0,87.0
51840,140.8,7.10,28.00,0.1988,5.03,734.0,87.0
51847,149.3,6.70,28.00,0.1876,5.33,734.0,87.0
51854,142.9,7.00,28.00,0.1960,5.10,734.0,87.0
51861,142.9,7.00,28.00,0.1960,5.10,734.0,87.0
51868,144.9,6.90,28.00,0.1932,5.17,734.0,87.0
51875,142.9,7.00,28.00,0.1960,5.10,734.0,87.0
51882,142.9,7.00,28.00,0.1960,5.10,734.0,87.0
51889,142.9,7.00,28.00,0.1960,5.10,734.0,87.0
51896,147.1,6.80,28.00,0.1904,5.25,734.0,87.0
51903,142.9,7.00,28.00,0.1960,5.10,734.0,87.0
51909,147.1,6.80,28.00,0.1904,5.25,734.0,87.0
51916,140.8,7.10,28.00,0.1988,5.03,734.0,87.0
51923,144.9,6.90,28.00,0.1932,5.17,734.0,87.0
51930,144.9,6.90,28.00,0.1932,5.17,734.0,87.0
51937,144.9,6.90,28.00,0.1932,5.17,734.0,87.0
51944,142.9,7.00,28.00,0.1960,5.10,734.0,87.0
51951,144.9,6.90,28.00,0.1932,5.17,734.0,87.0
51958,140.8,7.10,28.00,0.1988,5.03,734.0,87.0
51965,149.3,6.70,28.00,0.1876,5.33,734.0,87.0
51972,138.9,7.20,28.00,0.2016,4.96,734.0,87.0
51979,144.9,6.90,28.00,0.1932,5.17,734.0,87.0
51986,144.9,6.90,28.00,0.1932,5.17,734.0,87.0
51993,142.9,7.00,28.00,0.1960,5.10,734.0,87.0
52000,147.1,6.80,28.00,0.1904,5.25,734.0,87.0
52007,142.9,7.00,28.00,0.1960,5.10,734.0,87.0
52014,144.9,6.90,28.00,0.1932,5.17,734.0,87.0
52021,142.9,7.00,28.00,0.1960,5.10,734.0,87.0
52028,142.9,7.00,28.00,0.1960,5.10,734.0,87.0
52034,144.9,6.90,28.00,0.1932,5.17,734.0,87.0
52041,147.1,6.80,28.02,0.1905,5.25,734.0,87.0
52048,140.8,7.10,28.03,0.1990,5.02,734.0,87.0
52055,144.9,6.90,28.04,0.1935,5.17,734.0,87.0
52062,144.9,6.90,28.06,0.1936,5.16,734.0,87.0
52069,142.9,7.00,28.07,0.1965,5.09,734.0,87.0
52076,142.9,7.00,28.08,0.1966,5.09,734.0,87.0
52083,142.9,7.00,28.09,0.1967,5.09,734.0,87.0
52090,144.9,6.90,28.11,0.1939,5.16,734.0,87.0
52097,144.9,6.90,28.12,0.1940,5.15,734.0,87.0
52104,144.9,6.90,28.13,0.1941,5.15,734.0,87.0
52111,142.9,7.00,28.15,0.1970,5.08,734.0,87.0
52118,142.9,7.00,28.16,0.1971,5.07,734.0,87.0
52125,144.9,6.90,28.17,0.1944,5.14,734.0,87.0
52132,144.9,6.90,28.19,0.1945,5.14,734.0,87.0
52139,140.8,7.10,28.20,0.2002,4.99,734.0,87.0
52146,147.1,6.80,28.20,0.1918,5.22,734.0,87.0
52153,142.9,7.00,28.20,0.1974,5.07,734.0,87.0
52160,142.9,7.00,28.20,0.1974,5.07,734.0,87.0
52167,142.9,7.00,28.20,0.1974,5.07,734.0,87.0
52173,147.1,6.80,28.20,0.1918,5.22,734.0,87.0
52180,144.9,6.90,28.20,0.1946,5.14,734.0,87.0
52187,142.9,7.00,28.20,0.1974,5.07,734.0,87.0
52194,144.9,6.90,28.20,0.1946,5.14,734.0,87.0
52201,147.1,6.80,28.20,0.1918,5.22,734.0,87.0
52208,140.8,7.10,28.20,0.2002,4.99,734.0,87.0
52215,144.9,6.90,28.20,0.1946,5.14,734.0,87.0
52222,144.9,6.90,28.20,0.1946,5.14,734.0,87.0
52229,142.9,7.00,28.20,0.1974,5.07,734.0,87.0
52236,144.9,6.90,28.20,0.1946,5.14,734.0,87.0
52243,142.9,7.00,28.20,0.1974,5.07,734.0,87.0
52250,142.9,7.00,28.20,0.1974,5.07,734.0,87.0
52257,144.9,6.90,28.20,0.1946,5.14,734.0,87.0
52264,142.9,7.00,28.20,0.1974,5.07,734.0,87.0
52271,144.9,6.90,28.20,0.1946,5.14,734.0,87.0
52277,144.9,6.90,28.20,0.1946,5.14,734.0,87.0
52284,142.9,7.00,28.20,0.1974,5.07,734.0,87.0
52291,144.9,6.90,28.20,0.1946,5.14,734.0,87.0
52298,144.9,6.90,28.20,0.1946,5.14,734.0,87.0
52305,142.9,7.00,28.20,0.1974,5.07,734.0,87.0
52312,140.8,7.10,28.20,0.2002,4.99,734.0,87.0
52319,149.3,6.70,28.20,0.1889,5.29,734.0,87.0
52326,140.8,7.10,28.20,0.2002,4.99,734.0,87.0
52333,144.9,6.90,28.20,0.1946,5.14,734.0,87.0
52340,140.8,7.10,28.20,0.2002,4.99,734.0,87.0
52347,147.1,6.80,28.20,0.1918,5.22,734.0,87.0
52354,144.9,6.90,28.20,0.1946,5.14,734.0,87.0
52361,142.9,7.00,28.20,0.1974,5.07,734.0,87.0
52368,144.9,6.90,28.20,0.1946,5.14,734.0,87.0
52375,142.9,7.00,28.20,0.1974,5.07,734.0,87.0
52382,144.9,6.90,28.20,0.1946,5.14,734.0,87.0
52394,84.0,11.90,28.20,0.3356,2.98,734.0,87.0
52396,476.2,2.10,28.20,0.0592,16.89,734.0,87.0
52402,147.1,6.80,28.20,0.1918,5.22,734.0,87.0
52409,142.9,7.00,28.20,0.1974,5.07,734.0,87.0
52416,144.9,6.90,28.20,0.1946,5.14,734.0,87.0
52423,144.9,6.90,28.20,0.1946,5.14,734.0,87.0
52430,142.9,7.00,28.20,0.1974,5.07,734.0,87.0
52437,147.1,6.80,28.20,0.1918,5.22,734.0,87.0
52444,142.9,7.00,28.20,0.1974,5.07,734.0,87.0
52451,142.9,7.00,28.20,0.1974,5.07,734.0,87.0
52458,142.9,7.00,28.20,0.1974,5.07,734.0,87.0
52465,147.1,6.80,28.20,0.1918,5.22,734.0,87.0
52472,138.9,7.20,28.20,0.2030,4.93,734.0,87.0
52479,147.1,6.80,28.20,0.1918,5.22,734.0,87.0
52486,144.9,6.90,28.20,0.1946,5.14,734.0,87.0
52493,142.9,7.00,28.20,0.1974,5.07,734.0,87.0
52500,140.8,7.10,28.20,0.2002,4.99,734.0,87.0
52507,147.1,6.80,28.20,0.1918,5.22,734.0,87.0
52513,147.1,6.80,28.20,0.1918,5.22,734.0,87.0
52521,140.8,7.10,28.20,0.2002,4.99,734.0,87.0
52527,144.9,6.90,28.20,0.1946,5.14,734.0,87.0
52534,144.9,6.90,28.20,0.1946,5.14,734.0,87.0
52541,144.9,6.90,28.20,0.1946,5.14,734.0,87.0
52548,142.9,7.00,28.20,0.1974,5.07,734.0,87.0
52555,142.9,7.00,28.20,0.1974,5.07,734.0,87.0
52562,144.9,6.90,28.20,0.1946,5.14,734.0,87.0
52569,144.9,6.90,28.20,0.1946,5.14,734.0,87.0
52576,142.9,7.00,28.20,0.1974,5.07,734.0,87.0
52583,144.9,6.90,28.22,0.1947,5.14,734.0,87.0
52590,144.9,6.90,28.24,0.1948,5.13,734.0,87.0
52597,140.8,7.10,28.26,0.2006,4.98,734.0,87.0
52604,144.9,6.90,28.28,0.1951,5.12,734.0,87.0
52611,144.9,6.90,28.30,0.1953,5.12,734.0,87.0
52618,142.9,7.00,28.32,0.1982,5.05,734.0,87.0
52625,142.9,7.00,28.34,0.1984,5.04,734.0,87.0
52632,147.1,6.80,28.36,0.1929,5.19,734.0,87.0
52639,142.9,7.00,28.38,0.1987,5.03,734.0,87.0
52646,142.9,7.00,28.40,0.1988,5.03,734.0,87.0
52652,144.9,6.90,28.42,0.1961,5.10,734.0,87.0
52659,142.9,7.00,28.44,0.1991,5.02,734.0,87.0
52666,142.9,7.00,28.46,0.1992,5.02,734.0,87.0
52673,147.1,6.80,28.48,0.1937,5.16,734.0,87.0
52680,144.9,6.90,28.50,0.1967,5.08,734.0,87.0
52687,147.1,6.80,28.52,0.1939,5.16,734.0,87.0
52694,142.9,7.00,28.52,0.1996,5.01,734.0,87.0
52701,140.8,7.10,28.52,0.2025,4.94,734.0,87.0
52708,147.1,6.80,28.52,0.1939,5.16,734.0,87.0
52715,142.9,7.00,28.52,0.1996,5.01,734.0,87.0
52722,142.9,7.00,28.52,0.1996,5.01,734.0,87.0
52729,144.9,6.90,28.52,0.1968,5.08,734.0,87.0
52736,144.9,6.90,28.52,0.1968,5.08,734.0,87.0
52743,142.9,7.00,28.52,0.1996,5.01,734.0,87.0
52750,147.1,6.80,28.52,0.1939,5.16,734.0,87.0
52757,140.8,7.10,28.52,0.2025,4.94,734.0,87.0
52764,144.9,6.90,28.52,0.1968,5.08,734.0,87.0
52771,142.9,7.00,28.52,0.1996,5.01,734.0,87.0
52777,147.1,6.80,28.52,0.1939,5.16,734.0,87.0
52784,142.9,7.00,28.52,0.1996,5.01,734.0,87.0
52791,144.9,6.90,28.52,0.1968,5.08,734.0,87.0
52798,142.9,7.00,28.52,0.1996,5.01,734.0,87.0
52805,142.9,7.00,28.52,0.1996,5.01,734.0,87.0
52812,147.1,6.80,28.52,0.1939,5.16,734.0,87.0
52819,142.9,7.00,28.52,0.1996,5.01,734.0,87.0
52826,144.9,6.90,28.52,0.1968,5.08,734.0,87.0
52833,142.9,7.00,28.52,0.1996,5.01,734.0,87.0
52840,142.9,7.00,28.52,0.1996,5.01,734.0,87.0
52847,144.9,6.90,28.52,0.1968,5.08,734.0,87.0
52854,138.9,7.20,28.52,0.2053,4.87,734.0,87.0
52861,149.3,6.70,28.52,0.1911,5.23,734.0,87.0
52868,138.9,7.20,28.52,0.2053,4.87,734.0,87.0
52875,147.1,6.80,28.52,0.1939,5.16,734.0,87.0
52882,142.9,7.00,28.52,0.1996,5.01,734.0,87.0
52889,144.9,6.90,28.52,0.1968,5.08,734.0,87.0
52896,144.9,6.90,28.52,0.1968,5.08,734.0,87.0
52903,142.9,7.00,28.52,0.1996,5.01,734.0,87.0
52909,144.9,6.90,28.52,0.1968,5.08,734.0,87.0
52916,144.9,6.90,28.52,0.1968,5.08,734.0,87.0
52923,144.9,6.90,28.52,0.1968,5.08,734.0,87.0
52930,142.9,7.00,28.52,0.1996,5.01,734.0,87.0
52937,142.9,7.00,28.52,0.1996,5.01,734.0,87.0
52944,144.9,6.90,28.52,0.1968,5.08,734.0,87.0
52951,142.9,7.00,28.52,0.1996,5.01,734.0,87.0
52958,144.9,6.90,28.52,0.1968,5.08,734.0,87.0
52965,142.9,7.00,28.52,0.1996,5.01,734.0,87.0
52972,142.9,7.00,28.52,0.1996,5.01,734.0,87.0
52979,147.1,6.80,28.52,0.1939,5.16,734.0,87.0
52986,144.9,6.90,28.52,0.1968,5.08,734.0,87.0
52993,142.9,7.00,28.52,0.1996,5.01,734.0,87.0
53000,144.9,6.90,28.52,0.1968,5.08,734.0,87.0
53007,142.9,7.00,28.52,0.1996,5.01,734.0,87.0
53014,144.9,6.90,28.52,0.1968,5.08,734.0,87.0
53020,144.9,6.90,28.52,0.1968,5.08,734.0,87.0
53028,140.8,7.10,28.54,0.2026,4.93,734.0,87.0
53034,147.1,6.80,28.55,0.1942,5.15,734.0,87.0
53041,144.9,6.90,28.57,0.1971,5.07,734.0,87.0
53048,144.9,6.90,28.59,0.1972,5.07,734.0,87.0
53055,140.8,7.10,28.60,0.2031,4.92,734.0,87.0
53062,147.1,6.80,28.62,0.1946,5.14,734.0,87.0
53069,144.9,6.90,28.63,0.1976,5.06,734.0,87.0
53076,142.9,7.00,28.65,0.2005,4.99,734.0,87.0
53083,142.9,7.00,28.66,0.2006,4.99,734.0,87.0
53090,147.1,6.80,28.68,0.1950,5.13,734.0,87.0
53097,142.9,7.00,28.69,0.2008,4.98,734.0,87.0
53104,142.9,7.00,28.71,0.2010,4.98,734.0,87.0
53111,144.9,6.90,28.72,0.1982,5.04,734.0,87.0
53118,142.9,7.00,28.74,0.2012,4.97,734.0,87.0
53125,147.1,6.80,28.75,0.1955,5.12,734.0,87.0
53132,140.8,7.10,28.76,0.2042,4.90,734.0,87.0
53139,144.9,6.90,28.76,0.1984,5.04,734.0,87.0
53145,144.9,6.90,28.76,0.1984,5.04,734.0,87.0
53152,142.9,7.00,28.76,0.2013,4.97,734.0,87.0
53159,142.9,7.00,28.76,0.2013,4.97,734.0,87.0
53166,142.9,7.00,28.76,0.2013,4.97,734.0,87.0
53173,147.1,6.80,28.76,0.1956,5.11,734.0,87.0
53180,144.9,6.90,28.76,0.1984,5.04,734.0,87.0
53187,142.9,7.00,28.76,0.2013,4.97,734.0,87.0
53194,144.9,6.90,28.76,0.1984,5.04,734.0,87.0
53201,142.9,7.00,28.76,0.2013,4.97,734.0,87.0
53208,142.9,7.00,28.76,0.2013,4.97,734.0,87.0
53215,144.9,6.90,28.76,0.1984,5.04,734.0,87.0
53222,142.9,7.00,28.76,0.2013,4.97,734.0,87.0
53229,144.9,6.90,28.76,0.1984,5.04,734.0,87.0
53236,142.9,7.00,28.76,0.2013,4.97,734.0,87.0
53243,144.9,6.90,28.76,0.1984,5.04,734.0,87.0
53250,142.9,7.00,28.76,0.2013,4.97,734.0,87.0
53257,144.9,6.90,28.76,0.1984,5.04,734.0,87.0
53264,142.9,7.00,28.76,0.2013,4.97,734.0,87.0
53270,147.1,6.80,28.76,0.1956,5.11,734.0,87.0
53277,144.9,6.90,28.76,0.1984,5.04,734.0,87.0
53284,140.8,7.10,28.76,0.2042,4.90,734.0,87.0
53291,142.9,7.00,28.76,0.2013,4.97,734.0,87.0
53298,147.1,6.80,28.76,0.1956,5.11,734.0,87.0
53305,142.9,7.00,28.76,0.2013,4.97,734.0,87.0
53312,142.9,7.00,28.76,0.2013,4.97,734.0,87.0
53319,144.9,6.90,28.76,0.1984,5.04,734.0,87.0
53326,144.9,6.90,28.76,0.1984,5.04,734.0,87.0
53333,142.9,7.00,28.76,0.2013,4.97,734.0,87.0
53340,144.9,6.90,28.76,0.1984,5.04,734.0,87.0
53347,140.8,7.10,28.76,0.2042,4.90,734.0,87.0
53354,144.9,6.90,28.76,0.1984,5.04,734.0,87.0
53361,144.9,6.90,28.76,0.1984,5.04,734.0,87.0
53368,142.9,7.00,28.76,0.2013,4.97,734.0,87.0
53375,144.9,6.90,28.76,0.1984,5.04,734.0,87.0
53382,144.9,6.90,28.76,0.1984,5.04,734.0,87.0
53389,144.9,6.90,28.76,0.1984,5.04,734.0,87.0
53395,144.9,6.90,28.76,0.1984,5.04,734.0,87.0
53402,142.9,7.00,28.76,0.2013,4.97,734.0,87.0
53409,144.9,6.90,28.76,0.1984,5.04,734.0,87.0
53416,144.9,6.90,28.76,0.1984,5.04,734.0,87.0
53423,142.9,7.00,28.76,0.2013,4.97,734.0,87.0
53430,142.9,7.00,28.76,0.2013,4.97,734.0,87.0
53437,144.9,6.90,28.76,0.1984,5.04,734.0,87.0
53444,142.9,7.00,28.76,0.2013,4.97,734.0,87.0
53451,144.9,6.90,28.76,0.1984,5.04,734.0,87.0
53458,144.9,6.90,28.76,0.1984,5.04,734.0,87.0
53465,142.9,7.00,28.76,0.2013,4.97,734.0,87.0
53472,142.9,7.00,28.76,0.2013,4.97,734.0,87.0
53479,147.1,6.80,28.76,0.1956,5.11,734.0,87.0
53486,142.9,7.00,28.76,0.2013,4.97,734.0,87.0
53493,140.8,7.10,28.76,0.2042,4.90,734.0,87.0
53500,147.1,6.80,28.76,0.1956,5.11,734.0,87.0
53507,144.9,6.90,28.76,0.1984,5.04,734.0,87.0
53514,142.9,7.00,28.76,0.2013,4.97,734.0,87.0
53521,142.9,7.00,28.76,0.2013,4.97,734.0,87.0
53527,144.9,6.90,28.76,0.1984,5.04,734.0,87.0
53534,144.9,6.90,28.76,0.1984,5.04,734.0,87.0
53541,142.9,7.00,28.76,0.2013,4.97,734.0,87.0
53548,147.1,6.80,28.76,0.1956,5.11,734.0,87.0
53555,140.8,7.10,28.76,0.2042,4.90,734.0,87.0
53562,144.9,6.90,28.76,0.1984,5.04,734.0,87.0
53569,144.9,6.90,28.76,0.1984,5.04,734.0,87.0
53576,142.9,7.00,28.76,0.2013,4.97,734.0,87.0
53583,144.9,6.90,28.75,0.1984,5.04,734.0,87.0
53590,144.9,6.90,28.75,0.1984,5.04,734.0,87.0
53597,142.9,7.00,28.75,0.2012,4.97,734.0,87.0
53604,142.9,7.00,28.74,0.2012,4.97,734.0,87.0
53611,144.9,6.90,28.74,0.1983,5.04,734.0,87.0
53618,142.9,7.00,28.74,0.2012,4.97,734.0,87.0
53625,142.9,7.00,28.74,0.2012,4.97,734.0,87.0
53632,144.9,6.90,28.73,0.1983,5.04,734.0,87.0
53639,142.9,7.00,28.73,0.2011,4.97,734.0,87.0
53645,149.3,6.70,28.73,0.1925,5.20,734.0,87.0
53652,142.9,7.00,28.73,0.2011,4.97,734.0,87.0
53659,142.9,7.00,28.72,0.2011,4.97,734.0,87.0
53666,144.9,6.90,28.72,0.1982,5.04,734.0,87.0
53673,142.9,7.00,28.72,0.2010,4.98,734.0,87.0
53680,142.9,7.00,28.72,0.2010,4.98,734.0,87.0
53687,144.9,6.90,28.72,0.1982,5.05,734.0,87.0
53694,142.9,7.00,28.72,0.2010,4.98,734.0,87.0
53701,144.9,6.90,28.72,0.1982,5.05,734.0,87.0
53708,142.9,7.00,28.72,0.2010,4.98,734.0,87.0
53715,147.1,6.80,28.72,0.1953,5.12,734.0,87.0
53722,142.9,7.00,28.72,0.2010,4.98,734.0,87.0
53729,142.9,7.00,28.72,0.2010,4.98,734.0,87.0
53736,142.9,7.00,28.72,0.2010,4.98,734.0,87.0
53743,144.9,6.90,28.72,0.1982,5.05,734.0,87.0
53750,142.9,7.00,28.72,0.2010,4.98,734.0,87.0
53757,147.1,6.80,28.72,0.1953,5.12,734.0,87.0
53764,142.9,7.00,28.72,0.2010,4.98,734.0,87.0
53770,144.9,6.90,28.72,0.1982,5.05,734.0,87.0
53777,142.9,7.00,28.72,0.2010,4.98,734.0,87.0
53784,144.9,6.90,28.72,0.1982,5.05,734.0,87.0
53791,142.9,7.00,28.72,0.2010,4.98,734.0,87.0
53798,147.1,6.80,28.72,0.1953,5.12,734.0,87.0
53805,140.8,7.10,28.72,0.2039,4.90,734.0,87.0
53812,144.9,6.90,28.72,0.1982,5.05,734.0,87.0
53819,142.9,7.00,28.72,0.2010,4.98,734.0,87.0
53826,144.9,6.90,28.72,0.1982,5.05,734.0,87.0
53833,140.8,7.10,28.72,0.2039,4.90,734.0,87.0
53840,147.1,6.80,28.72,0.1953,5.12,734.0,87.0
53847,144.9,6.90,28.72,0.1982,5.05,734.0,87.0
53854,142.9,7.00,28.72,0.2010,4.98,734.0,87.0
53861,142.9,7.00,28.72,0.2010,4.98,734.0,87.0
53868,147.1,6.80,28.72,0.1953,5.12,734.0,87.0
53875,140.8,7.10,28.72,0.2039,4.90,734.0,87.0
53882,144.9,6.90,28.72,0.1982,5.05,734.0,87.0
53889,144.9,6.90,28.72,0.1982,5.05,734.0,87.0
53896,142.9,7.00,28.72,0.2010,4.98,734.0,87.0
53902,147.1,6.80,28.72,0.1953,5.12,734.0,87.0
53909,142.9,7.00,28.72,0.2010,4.98,734.0,87.0
53916,140.8,7.10,28.72,0.2039,4.90,734.0,87.0
53923,149.3,6.70,28.72,0.1924,5.20,734.0,87.0
53930,142.9,7.00,28.72,0.2010,4.98,734.0,87.0
53937,142.9,7.00,28.72,0.2010,4.98,734.0,87.0
53944,144.9,6.90,28.72,0.1982,5.05,734.0,87.0
53951,142.9,7.00,28.72,0.2010,4.98,734.0,87.0
53958,144.9,6.90,28.72,0.1982,5.05,734.0,87.0
53965,142.9,7.00,28.72,0.2010,4.98,734.0,87.0
53972,144.9,6.90,28.72,0.1982,5.05,734.0,87.0
53979,142.9,7.00,28.72,0.2010,4.98,734.0,87.0
53986,144.9,6.90,28.72,0.1982,5.05,734.0,87.0
53993,144.9,6.90,28.72,0.1982,5.05,734.0,87.0
54000,142.9,7.00,28.72,0.2010,4.98,734.0,87.0
54007,144.9,6.90,28.71,0.1981,5.05,734.0,87.0
54014,142.9,7.00,28.70,0.2009,4.98,734.0,87.0
54021,142.9,7.00,28.69,0.2008,4.98,734.0,87.0
54027,147.1,6.80,28.68,0.1951,5.13,734.0,87.0
54034,142.9,7.00,28.67,0.2007,4.98,734.0,87.0
54041,144.9,6.90,28.66,0.1978,5.05,734.0,87.0
54048,144.9,6.90,28.66,0.1977,5.06,734.0,87.0
54055,142.9,7.00,28.65,0.2005,4.99,734.0,87.0
54062,142.9,7.00,28.64,0.2005,4.99,734.0,87.0
54069,144.9,6.90,28.63,0.1975,5.06,734.0,87.0
54076,142.9,7.00,28.62,0.2003,4.99,734.0,87.0
54083,142.9,7.00,28.61,0.2003,5.00,734.0,87.0
54090,144.9,6.90,28.60,0.1973,5.07,734.0,87.0
54097,144.9,6.90,28.59,0.1973,5.07,734.0,87.0
54104,140.8,7.10,28.58,0.2029,4.93,734.0,87.0
54111,147.1,6.80,28.57,0.1943,5.15,734.0,87.0
54118,142.9,7.00,28.57,0.2000,5.00,734.0,87.0
54125,144.9,6.90,28.57,0.1971,5.07,734.0,87.0
54132,140.8,7.10,28.57,0.2028,4.93,734.0,87.0
54139,144.9,6.90,28.57,0.1971,5.07,734.0,87.0
54146,144.9,6.90,28.57,0.1971,5.07,734.0,87.0
54152,144.9,6.90,28.57,0.1971,5.07,734.0,87.0
54159,142.9,7.00,28.57,0.2000,5.00,734.0,87.0
54166,144.9,6.90,28.57,0.1971,5.07,734.0,87.0
54173,147.1,6.80,28.57,0.1943,5.15,734.0,87.0
54180,142.9,7.00,28.57,0.2000,5.00,734.0,87.0
54187,142.9,7.00,28.57,0.2000,5.00,734.0,87.0
54194,140.8,7.10,28.57,0.2028,4.93,734.0,87.0
54201,144.9,6.90,28.57,0.1971,5.07,734.0,87.0
54208,147.1,6.80,28.57,0.1943,5.15,734.0,87.0
54215,142.9,7.00,28.57,0.2000,5.00,734.0,87.0
54222,144.9,6.90,28.57,0.1971,5.07,734.0,87.0
54229,142.9,7.00,28.57,0.2000,5.00,734.0,87.0
54236,144.9,6.90,28.57,0.1971,5.07,734.0,87.0
54243,142.9,7.00,28.57,0.2000,5.00,734.0,87.0
54250,144.9,6.90,28.57,0.1971,5.07,734.0,87.0
54257,144.9,6.90,28.57,0.1971,5.07,734.0,87.0
54264,144.9,6.90,28.57,0.1971,5.07,734.0,87.0
54271,140.8,7.10,28.57,0.2028,4.93,734.0,87.0
54278,144.9,6.90,28.57,0.1971,5.07,734.0,87.0
54285,142.9,7.00,28.57,0.2000,5.00,734.0,87.0
54292,142.9,7.00,28.57,0.2000,5.00,734.0,87.0
54298,149.3,6.70,28.57,0.1914,5.23,734.0,87.0
54305,144.9,6.90,28.57,0.1971,5.07,734.0,87.0
54312,144.9,6.90,28.57,0.1971,5.07,734.0,87.0
54319,142.9,7.00,28.57,0.2000,5.00,734.0,87.0
54326,142.9,7.00,28.57,0.2000,5.00,734.0,87.0
54333,144.9,6.90,28.57,0.1971,5.07,734.0,87.0
54340,144.9,6.90,28.57,0.1971,5.07,734.0,87.0
54347,142.9,7.00,28.57,0.2000,5.00,734.0,87.0
54354,144.9,6.90,28.57,0.1971,5.07,734.0,87.0
54361,144.9,6.90,28.57,0.1971,5.07,734.0,87.0
54368,140.8,7.10,28.57,0.2028,4.93,734.0,87.0
54375,144.9,6.90,28.57,0.1971,5.07,734.0,87.0
54382,142.9,7.00,28.57,0.2000,5.00,734.0,87.0
54389,144.9,6.90,28.57,0.1971,5.07,734.0,87.0
54395,144.9,6.90,28.57,0.1971,5.07,734.0,87.0
54402,144.9,6.90,28.57,0.1971,5.07,734.0,87.0
54409,140.8,7.10,28.57,0.2028,4.93,734.0,87.0
54416,147.1,6.80,28.57,0.1943,5.15,734.0,87.0
54423,142.9,7.00,28.57,0.2000,5.00,734.0,87.0
54430,142.9,7.00,28.57,0.2000,5.00,734.0,87.0
54437,144.9,6.90,28.57,0.1971,5.07,734.0,87.0
54444,144.9,6.90,28.57,0.1971,5.07,734.0,87.0
54451,142.9,7.00,28.57,0.2000,5.00,734.0,87.0
54458,144.9,6.90,28.57,0.1971,5.07,734.0,87.0
54465,142.9,7.00,28.57,0.2000,5.00,734.0,87.0
54472,142.9,7.00,28.57,0.2000,5.00,734.0,87.0
54479,147.1,6.80,28.57,0.1943,5.15,734.0,87.0
54486,142.9,7.00,28.57,0.2000,5.00,734.0,87.0
54493,142.9,7.00,28.57,0.2000,5.00,734.0,87.0
54500,144.9,6.90,28.57,0.1971,5.07,734.0,87.0
54507,142.9,7.00,28.57,0.2000,5.00,734.0,87.0
54513,147.1,6.80,28.57,0.1943,5.15,734.0,87.0
54520,142.9,7.00,28.57,0.2000,5.00,734.0,87.0
54527,142.9,7.00,28.57,0.2000,5.00,734.0,87.0
54534,144.9,6.90,28.57,0.1971,5.07,734.0,87.0
54541,142.9,7.00,28.57,0.2000,5.00,734.0,87.0
54548,142.9,7.00,28.57,0.2000,5.00,734.0,87.0
54555,142.9,7.00,28.56,0.1999,5.00,734.0,87.0
54562,144.9,6.90,28.53,0.1969,5.08,734.0,87.0
54569,147.1,6.80,28.51,0.1939,5.16,734.0,87.0
54576,140.8,7.10,28.49,0.2023,4.94,734.0,87.0
54583,144.9,6.90,28.47,0.1965,5.09,734.0,87.0
54590,142.9,7.00,28.45,0.1992,5.02,734.0,87.0
54597,147.1,6.80,28.43,0.1933,5.17,734.0,87.0
54604,144.9,6.90,28.41,0.1960,5.10,734.0,87.0
54611,142.9,7.00,28.39,0.1987,5.03,734.0,87.0
54618,144.9,6.90,28.37,0.1957,5.11,734.0,87.0
54625,142.9,7.00,28.35,0.1984,5.04,734.0,87.0
54632,142.9,7.00,28.33,0.1983,5.04,734.0,87.0
54638,147.1,6.80,28.31,0.1925,5.20,734.0,87.0
54646,140.8,7.10,28.29,0.2008,4.98,734.0,87.0
54652,144.9,6.90,28.27,0.1950,5.13,734.0,87.0
54659,144.9,6.90,28.25,0.1949,5.13,734.0,87.0
54666,144.9,6.90,28.25,0.1949,5.13,734.0,87.0
54673,142.9,7.00,28.25,0.1978,5.06,734.0,87.0
54680,144.9,6.90,28.25,0.1949,5.13,734.0,87.0
54687,144.9,6.90,28.25,0.1949,5.13,734.0,87.0
54694,138.9,7.20,28.25,0.2034,4.92,734.0,87.0
54701,147.1,6.80,28.25,0.1921,5.21,734.0,87.0
54708,144.9,6.90,28.25,0.1949,5.13,734.0,87.0
54715,142.9,7.00,28.25,0.1978,5.06,734.0,87.0
54722,144.9,6.90,28.25,0.1949,5.13,734.0,87.0
54729,142.9,7.00,28.25,0.1978,5.06,734.0,87.0
54736,144.9,6.90,28.25,0.1949,5.13,734.0,87.0
54743,144.9,6.90,28.25,0.1949,5.13,734.0,87.0
54750,142.9,7.00,28.25,0.1978,5.06,734.0,87.0
54757,144.9,6.90,28.25,0.1949,5.13,734.0,87.0
54764,142.9,7.00,28.25,0.1978,5.06,734.0,87.0
54770,144.9,6.90,28.25,0.1949,5.13,734.0,87.0
54777,144.9,6.90,28.25,0.1949,5.13,734.0,87.0
54784,142.9,7.00,28.25,0.1978,5.06,734.0,87.0
54791,140.8,7.10,28.25,0.2006,4.98,734.0,87.0
54798,147.1,6.80,28.25,0.1921,5.21,734.0,87.0
54805,144.9,6.90,28.25,0.1949,5.13,734.0,87.0
54812,140.8,7.10,28.25,0.2006,4.98,734.0,87.0
54819,142.9,7.00,28.25,0.1978,5.06,734.0,87.0
54826,147.1,6.80,28.25,0.1921,5.21,734.0,87.0
54833,144.9,6.90,28.25,0.1949,5.13,734.0,87.0
54840,142.9,7.00,28.25,0.1978,5.06,734.0,87.0
54847,144.9,6.90,28.25,0.1949,5.13,734.0,87.0
54854,142.9,7.00,28.25,0.1978,5.06,734.0,87.0
54861,142.9,7.00,28.25,0.1978,5.06,734.0,87.0
54868,144.9,6.90,28.25,0.1949,5.13,734.0,87.0
54875,144.9,6.90,28.25,0.1949,5.13,734.0,87.0
54882,142.9,7.00,28.25,0.1978,5.06,734.0,87.0
54889,144.9,6.90,28.25,0.1949,5.13,734.0,87.0
54896,142.9,7.00,28.25,0.1978,5.06,734.0,87.0
54902,144.9,6.90,28.25,0.1949,5.13,734.0,87.0
54909,142.9,7.00,28.25,0.1978,5.06,734.0,87.0
54916,144.9,6.90,28.25,0.1949,5.13,734.0,87.0
54923,144.9,6.90,28.25,0.1949,5.13,734.0,87.0
54930,142.9,7.00,28.25,0.1978,5.06,734.0,87.0
54937,144.9,6.90,28.25,0.1949,5.13,734.0,87.0
54944,142.9,7.00,28.25,0.1978,5.06,734.0,87.0
54951,144.9,6.90,28.25,0.1949,5.13,734.0,87.0
54958,142.9,7.00,28.25,0.1978,5.06,734.0,87.0
54965,142.9,7.00,28.25,0.1978,5.06,734.0,87.0
54972,147.1,6.80,28.25,0.1921,5.21,734.0,87.0
54979,142.9,7.00,28.25,0.1978,5.06,734.0,87.0
54986,142.9,7.00,28.25,0.1978,5.06,734.0,87.0
54993,144.9,6.90,28.25,0.1949,5.13,734.0,87.0
55000,142.9,7.00,28.25,0.1978,5.06,734.0,87.0
55007,144.9,6.90,28.25,0.1949,5.13,734.0,87.0
55014,142.9,7.00,28.25,0.1978,5.06,734.0,87.0
55020,147.1,6.80,28.25,0.1921,5.21,734.0,87.0
55027,144.9,6.90,28.25,0.1949,5.13,734.0,87.0
55034,144.9,6.90,28.25,0.1949,5.13,734.0,87.0
55041,142.9,7.00,28.25,0.1978,5.06,734.0,87.0
55048,144.9,6.90,28.25,0.1949,5.13,734.0,87.0
55055,140.8,7.10,28.25,0.2006,4.98,734.0,87.0
55062,144.9,6.90,28.25,0.1949,5.13,734.0,87.0
55069,142.9,7.00,28.25,0.1978,5.06,734.0,87.0
55076,144.9,6.90,28.25,0.1949,5.13,734.0,87.0
55083,142.9,7.00,28.25,0.1978,5.06,734.0,87.0
55090,144.9,6.90,28.25,0.1949,5.13,734.0,87.0
55097,142.9,7.00,28.24,0.1977,5.06,734.0,87.0
55104,142.9,7.00,28.22,0.1975,5.06,734.0,87.0
55111,144.9,6.90,28.20,0.1946,5.14,734.0,87.0
55118,144.9,6.90,28.18,0.1945,5.14,734.0,87.0
55125,147.1,6.80,28.16,0.1915,5.22,734.0,87.0
55132,142.9,7.00,28.15,0.1970,5.08,734.0,87.0
55139,142.9,7.00,28.13,0.1969,5.08,734.0,87.0
55145,144.9,6.90,28.11,0.1940,5.15,734.0,87.0
55152,142.9,7.00,28.09,0.1966,5.09,734.0,87.0
55159,147.1,6.80,28.07,0.1909,5.24,734.0,87.0
55166,142.9,7.00,28.05,0.1964,5.09,734.0,87.0
55173,140.8,7.10,28.04,0.1990,5.02,734.0,87.0
55180,147.1,6.80,28.02,0.1905,5.25,734.0,87.0
55187,142.9,7.00,28.00,0.1960,5.10,734.0,87.0
55194,144.9,6.90,27.98,0.1931,5.18,734.0,87.0
55201,142.9,7.00,27.96,0.1957,5.11,734.0,87.0
55208,144.9,6.90,27.96,0.1929,5.18,734.0,87.0
55215,144.9,6.90,27.96,0.1929,5.18,734.0,87.0
55222,142.9,7.00,27.96,0.1957,5.11,734.0,87.0
55229,142.9,7.00,27.96,0.1957,5.11,734.0,87.0
55236,144.9,6.90,27.96,0.1929,5.18,734.0,87.0
55243,140.8,7.10,27.96,0.1985,5.04,734.0,87.0
55250,147.1,6.80,27.96,0.1901,5.26,734.0,87.0
55257,142.9,7.00,27.96,0.1957,5.11,734.0,87.0
55264,142.9,7.00,27.96,0.1957,5.11,734.0,87.0
55271,144.9,6.90,27.96,0.1929,5.18,734.0,87.0
55278,142.9,7.00,27.96,0.1957,5.11,734.0,87.0
55284,144.9,6.90,27.96,0.1929,5.18,734.0,87.0
55291,144.9,6.90,27.96,0.1929,5.18,734.0,87.0
55298,142.9,7.00,27.96,0.1957,5.11,734.0,87.0
55305,147.1,6.80,27.96,0.1901,5.26,734.0,87.0
55312,140.8,7.10,27.96,0.1985,5.04,734.0,87.0
55319,147.1,6.80,27.96,0.1901,5.26,734.0,87.0
55326,142.9,7.00,27.96,0.1957,5.11,734.0,87.0
55333,144.9,6.90,27.96,0.1929,5.18,734.0,87.0
55340,142.9,7.00,27.96,0.1957,5.11,734.0,87.0
55347,147.1,6.80,27.96,0.1901,5.26,734.0,87.0
55354,142.9,7.00,27.96,0.1957,5.11,734.0,87.0
55361,142.9,7.00,27.96,0.1957,5.11,734.0,87.0
55368,144.9,6.90,27.96,0.1929,5.18,734.0,87.0
55375,140.8,7.10,27.96,0.1985,5.04,734.0,87.0
55382,144.9,6.90,27.96,0.1929,5.18,734.0,87.0
55388,147.1,6.80,27.96,0.1901,5.26,734.0,87.0
55395,142.9,7.00,27.96,0.1957,5.11,734.0,87.0
55402,142.9,7.00,27.96,0.1957,5.11,734.0,87.0
55409,144.9,6.90,27.96,0.1929,5.18,734.0,87.0
55416,142.9,7.00,27.96,0.1957,5.11,734.0,87.0
55423,144.9,6.90,27.96,0.1929,5.18,734.0,87.0
55430,144.9,6.90,27.96,0.1929,5.18,734.0,87.0
55437,142.9,7.00,27.96,0.1957,5.11,734.0,87.0
55444,142.9,7.00,27.96,0.1957,5.11,734.0,87.0
55451,144.9,6.90,27.96,0.1929,5.18,734.0,87.0
55458,144.9,6.90,27.96,0.1929,5.18,734.0,87.0
55465,142.9,7.00,27.96,0.1957,5.11,734.0,87.0
55472,142.9,7.00,27.96,0.1957,5.11,734.0,87.0
55479,147.1,6.80,27.96,0.1901,5.26,734.0,87.0
55486,144.9,6.90,27.96,0.1929,5.18,734.0,87.0
55493,140.8,7.10,27.96,0.1985,5.04,734.0,87.0
55500,144.9,6.90,27.96,0.1929,5.18,734.0,87.0
55507,144.9,6.90,27.96,0.1929,5.18,734.0,87.0
55514,142.9,7.00,27.96,0.1957,5.11,734.0,87.0
55521,142.9,7.00,27.96,0.1957,5.11,734.0,87.0
55527,149.3,6.70,27.96,0.1873,5.34,734.0,87.0
55534,140.8,7.10,27.96,0.1985,5.03,734.0,87.0
55541,144.9,6.90,27.97,0.1930,5.18,734.0,87.0
55548,142.9,7.00,27.97,0.1958,5.11,734.0,87.0
55555,144.9,6.90,27.98,0.1930,5.18,734.0,87.0
55562,140.8,7.10,27.98,0.1987,5.03,734.0,87.0
55569,147.1,6.80,27.99,0.1903,5.26,734.0,87.0
55576,142.9,7.00,27.99,0.1959,5.11,734.0,87.0
55583,142.9,7.00,28.00,0.1960,5.10,734.0,87.0
55590,144.9,6.90,28.00,0.1932,5.17,734.0,87.0
55597,142.9,7.00,28.01,0.1960,5.10,734.0,87.0
55604,147.1,6.80,28.01,0.1905,5.25,734.0,87.0
55611,140.8,7.10,28.01,0.1989,5.03,734.0,87.0
55618,144.9,6.90,28.02,0.1933,5.17,734.0,87.0
55625,144.9,6.90,28.02,0.1934,5.17,734.0,87.0
55632,142.9,7.00,28.03,0.1962,5.10,734.0,87.0
55639,142.9,7.00,28.03,0.1962,5.10,734.0,87.0
55646,144.9,6.90,28.03,0.1934,5.17,734.0,87.0
55652,147.1,6.80,28.03,0.1906,5.25,734.0,87.0
55659,142.9,7.00,28.03,0.1962,5.10,734.0,87.0
55666,144.9,6.90,28.03,0.1934,5.17,734.0,87.0
55673,142.9,7.00,28.03,0.1962,5.10,734.0,87.0
55680,142.9,7.00,28.03,0.1962,5.10,734.0,87.0
55687,147.1,6.80,28.03,0.1906,5.25,734.0,87.0
55694,142.9,7.00,28.03,0.1962,5.10,734.0,87.0
55701,142.9,7.00,28.03,0.1962,5.10,734.0,87.0
55708,144.9,6.90,28.03,0.1934,5.17,734.0,87.0
55715,144.9,6.90,28.03,0.1934,5.17,734.0,87.0
55722,144.9,6.90,28.03,0.1934,5.17,734.0,87.0
55729,142.9,7.00,28.03,0.1962,5.10,734.0,87.0
55736,142.9,7.00,28.03,0.1962,5.10,734.0,87.0
55743,142.9,7.00,28.03,0.1962,5.10,734.0,87.0
55750,147.1,6.80,28.03,0.1906,5.25,734.0,87.0
55756,144.9,6.90,28.03,0.1934,5.17,734.0,87.0
55764,140.8,7.10,28.03,0.1990,5.02,734.0,87.0
55770,147.1,6.80,28.03,0.1906,5.25,734.0,87.0
55777,140.8,7.10,28.03,0.1990,5.02,734.0,87.0
55784,144.9,6.90,28.03,0.1934,5.17,734.0,87.0
55791,144.9,6.90,28.03,0.1934,5.17,734.0,87.0
55798,142.9,7.00,28.03,0.1962,5.10,734.0,87.0
55805,142.9,7.00,28.03,0.1962,5.10,734.0,87.0
55812,147.1,6.80,28.03,0.1906,5.25,734.0,87.0
55819,142.9,7.00,28.03,0.1962,5.10,734.0,87.0
55826,142.9,7.00,28.03,0.1962,5.10,734.0,87.0
55833,144.9,6.90,28.03,0.1934,5.17,734.0,87.0
55840,144.9,6.90,28.03,0.1934,5.17,734.0,87.0
55847,142.9,7.00,28.03,0.1962,5.10,734.0,87.0
55854,144.9,6.90,28.03,0.1934,5.17,734.0,87.0
55861,142.9,7.00,28.03,0.1962,5.10,734.0,87.0
55868,135.1,7.40,28.03,0.2074,4.82,734.0,87.0
55875,156.2,6.40,28.03,0.1794,5.57,734.0,87.0
55882,142.9,7.00,28.03,0.1962,5.10,734.0,87.0
55889,142.9,7.00,28.03,0.1962,5.10,734.0,87.0
55896,142.9,7.00,28.03,0.1962,5.10,734.0,87.0
55902,147.1,6.80,28.03,0.1906,5.25,734.0,87.0
55909,144.9,6.90,28.03,0.1934,5.17,734.0,87.0
55916,144.9,6.90,28.03,0.1934,5.17,734.0,87.0
55923,144.9,6.90,28.03,0.1934,5.17,734.0,87.0
55930,138.9,7.20,28.03,0.2018,4.96,734.0,87.0
55937,147.1,6.80,28.03,0.1906,5.25,734.0,87.0
55944,144.9,6.90,28.03,0.1934,5.17,734.0,87.0
55951,140.8,7.10,28.03,0.1990,5.02,734.0,87.0
55958,144.9,6.90,28.03,0.1934,5.17,734.0,87.0
55965,140.8,7.10,28.03,0.1990,5.02,734.0,87.0
55972,149.3,6.70,28.03,0.1878,5.33,734.0,87.0
55979,142.9,7.00,28.03,0.1962,5.10,734.0,87.0
55986,144.9,6.90,28.03,0.1934,5.17,734.0,87.0
55993,140.8,7.10,28.03,0.1990,5.02,734.0,87.0
56000,147.1,6.80,28.03,0.1906,5.25,734.0,87.0
56007,142.9,7.00,28.03,0.1962,5.10,734.0,87.0
56014,142.9,7.00,28.03,0.1962,5.10,734.0,87.0
56020,144.9,6.90,28.03,0.1934,5.17,734.0,87.0
56027,142.9,7.00,28.03,0.1962,5.10,734.0,87.0
56034,144.9,6.90,28.03,0.1934,5.17,734.0,87.0
56041,142.9,7.00,28.03,0.1962,5.10,734.0,87.0
56048,142.9,7.00,28.03,0.1962,5.10,734.0,87.0
56055,149.3,6.70,28.03,0.1878,5.33,734.0,87.0
56062,140.8,7.10,28.03,0.1990,5.02,734.0,87.0
56069,144.9,6.90,28.03,0.1934,5.17,734.0,87.0
56076,140.8,7.10,28.03,0.1990,5.02,734.0,87.0
56083,147.1,6.80,28.02,0.1906,5.25,734.0,87.0
56090,142.9,7.00,28.02,0.1961,5.10,734.0,87.0
56097,144.9,6.90,28.02,0.1933,5.17,734.0,87.0
56104,142.9,7.00,28.01,0.1961,5.10,734.0,87.0
56111,142.9,7.00,28.01,0.1961,5.10,734.0,87.0
56118,147.1,6.80,28.00,0.1904,5.25,734.0,87.0
56125,142.9,7.00,28.00,0.1960,5.10,734.0,87.0
56132,144.9,6.90,28.00,0.1932,5.18,734.0,87.0
56138,144.9,6.90,27.99,0.1932,5.18,734.0,87.0
56145,142.9,7.00,27.99,0.1959,5.11,734.0,87.0
56152,144.9,6.90,27.99,0.1931,5.18,734.0,87.0
56159,142.9,7.00,27.98,0.1959,5.11,734.0,87.0
56166,144.9,6.90,27.98,0.1930,5.18,734.0,87.0
56173,144.9,6.90,27.97,0.1930,5.18,734.0,87.0
56180,144.9,6.90,27.97,0.1930,5.18,734.0,87.0
56187,142.9,7.00,27.97,0.1958,5.11,734.0,87.0
56194,144.9,6.90,27.97,0.1930,5.18,734.0,87.0
56201,142.9,7.00,27.97,0.1958,5.11,734.0,87.0
56208,142.9,7.00,27.97,0.1958,5.11,734.0,87.0
56215,140.8,7.10,27.97,0.1986,5.03,734.0,87.0
56222,147.1,6.80,27.97,0.1902,5.26,734.0,87.0
56229,142.9,7.00,27.97,0.1958,5.11,734.0,87.0
56236,147.1,6.80,27.97,0.1902,5.26,734.0,87.0
56243,142.9,7.00,27.97,0.1958,5.11,734.0,87.0
56250,144.9,6.90,27.97,0.1930,5.18,734.0,87.0
56257,142.9,7.00,27.97,0.1958,5.11,734.0,87.0
56264,142.9,7.00,27.97,0.1958,5.11,734.0,87.0
56270,144.9,6.90,27.97,0.1930,5.18,734.0,87.0
56277,144.9,6.90,27.97,0.1930,5.18,734.0,87.0
56284,142.9,7.00,27.97,0.1958,5.11,734.0,87.0
56291,144.9,6.90,27.97,0.1930,5.18,734.0,87.0
56298,142.9,7.00,27.97,0.1958,5.11,734.0,87.0
56305,144.9,6.90,27.97,0.1930,5.18,734.0,87.0
56312,142.9,7.00,27.97,0.1958,5.11,734.0,87.0
56319,144.9,6.90,27.97,0.1930,5.18,734.0,87.0
56326,144.9,6.90,27.97,0.1930,5.18,734.0,87.0
56333,142.9,7.00,27.97,0.1958,5.11,734.0,87.0
56340,142.9,7.00,27.97,0.1958,5.11,734.0,87.0
56347,144.9,6.90,27.97,0.1930,5.18,734.0,87.0
56354,147.1,6.80,27.97,0.1902,5.26,734.0,87.0
56361,142.9,7.00,27.97,0.1958,5.11,734.0,87.0
56368,142.9,7.00,27.97,0.1958,5.11,734.0,87.0
56375,140.8,7.10,27.97,0.1986,5.03,734.0,87.0
56381,149.3,6.70,27.97,0.1874,5.34,734.0,87.0
56388,142.9,7.00,27.97,0.1958,5.11,734.0,87.0
56395,142.9,7.00,27.97,0.1958,5.11,734.0,87.0
56402,142.9,7.00,27.97,0.1958,5.11,734.0,87.0
56409,144.9,6.90,27.97,0.1930,5.18,734.0,87.0
56416,144.9,6.90,27.97,0.1930,5.18,734.0,87.0
56423,142.9,7.00,27.97,0.1958,5.11,734.0,87.0
56430,144.9,6.90,27.97,0.1930,5.18,734.0,87.0
56437,142.9,7.00,27.97,0.1958,5.11,734.0,87.0
56444,147.1,6.80,27.97,0.1902,5.26,734.0,87.0
56451,140.8,7.10,27.97,0.1986,5.03,734.0,87.0
56458,144.9,6.90,27.97,0.1930,5.18,734.0,87.0
56465,144.9,6.90,27.97,0.1930,5.18,734.0,87.0
56472,140.8,7.10,27.97,0.1986,5.03,734.0,87.0
56479,147.1,6.80,27.97,0.1902,5.26,734.0,87.0
56486,144.9,6.90,27.97,0.1930,5.18,734.0,87.0
56493,142.9,7.00,27.97,0.1958,5.11,734.0,87.0
56500,144.9,6.90,27.97,0.1930,5.18,734.0,87.0
56506,144.9,6.90,27.97,0.1930,5.18,734.0,87.0
56513,142.9,7.00,27.95,0.1957,5.11,734.0,87.0
56520,142.9,7.00,27.93,0.1955,5.12,734.0,87.0
56527,144.9,6.90,27.92,0.1926,5.19,734.0,87.0
56534,144.9,6.90,27.90,0.1925,5.19,734.0,87.0
56541,142.9,7.00,27.88,0.1952,5.13,734.0,87.0
56548,144.9,6.90,27.86,0.1922,5.20,734.0,87.0
56555,144.9,6.90,27.84,0.1921,5.20,734.0,87.0
56562,142.9,7.00,27.82,0.1948,5.14,734.0,87.0
56569,142.9,7.00,27.81,0.1946,5.14,734.0,87.0
56576,144.9,6.90,27.79,0.1917,5.21,734.0,87.0
56583,142.9,7.00,27.77,0.1944,5.15,734.0,87.0
56590,144.9,6.90,27.75,0.1915,5.22,734.0,87.0
56597,144.9,6.90,27.73,0.1914,5.22,734.0,87.0
56604,142.9,7.00,27.72,0.1940,5.16,734.0,87.0
56611,140.8,7.10,27.70,0.1967,5.08,734.0,87.0
56618,144.9,6.90,27.69,0.1911,5.23,734.0,87.0
56625,144.9,6.90,27.69,0.1911,5.23,734.0,87.0
56632,142.9,7.00,27.69,0.1938,5.16,734.0,87.0
56638,147.1,6.80,27.69,0.1883,5.31,734.0,87.0
56645,142.9,7.00,27.69,0.1938,5.16,734.0,87.0
56653,140.8,7.10,27.69,0.1966,5.08,734.0,87.0
56659,147.1,6.80,27.69,0.1883,5.31,734.0,87.0
56666,142.9,7.00,27.69,0.1938,5.16,734.0,87.0
56673,144.9,6.90,27.69,0.1911,5.23,734.0,87.0
56680,142.9,7.00,27.69,0.1938,5.16,734.0,87.0
56687,147.1,6.80,27.69,0.1883,5.31,734.0,87.0
56694,140.8,7.10,27.69,0.1966,5.08,734.0,87.0
56701,144.9,6.90,27.69,0.1911,5.23,734.0,87.0
56708,144.9,6.90,27.69,0.1911,5.23,734.0,87.0
56715,142.9,7.00,27.69,0.1938,5.16,734.0,87.0
56722,144.9,6.90,27.69,0.1911,5.23,734.0,87.0
56729,144.9,6.90,27.69,0.1911,5.23,734.0,87.0
56736,144.9,6.90,27.69,0.1911,5.23,734.0,87.0
56743,142.9,7.00,27.69,0.1938,5.16,734.0,87.0
56750,142.9,7.00,27.69,0.1938,5.16,734.0,87.0
56757,144.9,6.90,27.69,0.1911,5.23,734.0,87.0
56763,144.9,6.90,27.69,0.1911,5.23,734.0,87.0
56770,142.9,7.00,27.69,0.1938,5.16,734.0,87.0
56777,142.9,7.00,27.69,0.1938,5.16,734.0,87.0
56784,144.9,6.90,27.69,0.1911,5.23,734.0,87.0
56791,144.9,6.90,27.69,0.1911,5.23,734.0,87.0
56798,142.9,7.00,27.69,0.1938,5.16,734.0,87.0
56805,144.9,6.90,27.69,0.1911,5.23,734.0,87.0
56812,144.9,6.90,27.69,0.1911,5.23,734.0,87.0
56819,140.8,7.10,27.69,0.1966,5.08,734.0,87.0
56826,144.9,6.90,27.69,0.1911,5.23,734.0,87.0
56833,144.9,6.90,27.69,0.1911,5.23,734.0,87.0
56840,144.9,6.90,27.69,0.1911,5.23,734.0,87.0
56847,142.9,7.00,27.69,0.1938,5.16,734.0,87.0
56854,144.9,6.90,27.69,0.1911,5.23,734.0,87.0
56861,142.9,7.00,27.69,0.1938,5.16,734.0,87.0
56868,142.9,7.00,27.69,0.1938,5.16,734.0,87.0
56875,144.9,6.90,27.69,0.1911,5.23,734.0,87.0
56882,144.9,6.90,27.69,0.1911,5.23,734.0,87.0
56889,140.8,7.10,27.69,0.1966,5.08,734.0,87.0
56895,147.1,6.80,27.69,0.1883,5.31,734.0,87.0
56902,142.9,7.00,27.69,0.1938,5.16,734.0,87.0
56909,144.9,6.90,27.69,0.1911,5.23,734.0,87.0
56916,144.9,6.90,27.69,0.1911,5.23,734.0,87.0
56923,144.9,6.90,27.69,0.1911,5.23,734.0,87.0
56930,142.9,7.00,27.69,0.1938,5.16,734.0,87.0
56937,142.9,7.00,27.69,0.1938,5.16,734.0,87.0
56944,147.1,6.80,27.69,0.1883,5.31,734.0,87.0
56951,142.9,7.00,27.69,0.1938,5.16,734.0,87.0
56958,140.8,7.10,27.69,0.1966,5.08,734.0,87.0
56965,142.9,7.00,27.69,0.1938,5.16,734.0,87.0
56972,147.1,6.80,27.69,0.1883,5.31,734.0,87.0
56979,144.9,6.90,27.69,0.1911,5.23,734.0,87.0
56986,144.9,6.90,27.69,0.1911,5.23,734.0,87.0
56993,142.9,7.00,27.69,0.1938,5.16,734.0,87.0
57000,142.9,7.00,27.69,0.1938,5.16,734.0,87.0
57007,144.9,6.90,27.69,0.1911,5.23,734.0,87.0
57014,142.9,7.00,27.69,0.1938,5.16,734.0,87.0
57020,144.9,6.90,27.69,0.1911,5.23,734.0,87.0
57027,142.9,7.00,27.69,0.1938,5.16,734.0,87.0
57034,144.9,6.90,27.69,0.1911,5.23,734.0,87.0
57041,144.9,6.90,27.69,0.1911,5.23,734.0,87.0
57048,140.8,7.10,27.69,0.1966,5.08,734.0,87.0
57055,144.9,6.90,27.67,0.1910,5.24,734.0,87.0
57062,147.1,6.80,27.66,0.1881,5.32,734.0,87.0
57069,142.9,7.00,27.64,0.1935,5.17,734.0,87.0
57076,144.9,6.90,27.62,0.1906,5.25,734.0,87.0
57083,144.9,6.90,27.60,0.1904,5.25,734.0,87.0
57090,142.9,7.00,27.58,0.1931,5.18,734.0,87.0
57097,144.9,6.90,27.56,0.1902,5.26,734.0,87.0
57104,140.8,7.10,27.54,0.1956,5.11,734.0,87.0
57111,144.9,6.90,27.53,0.1899,5.26,734.0,87.0
57118,144.9,6.90,27.51,0.1898,5.27,734.0,87.0
57125,144.9,6.90,27.49,0.1897,5.27,734.0,87.0
57132,142.9,7.00,27.47,0.1923,5.20,734.0,87.0
57138,144.9,6.90,27.45,0.1894,5.28,734.0,87.0
57145,142.9,7.00,27.43,0.1920,5.21,734.0,87.0
57152,144.9,6.90,27.42,0.1892,5.29,734.0,87.0
57159,144.9,6.90,27.40,0.1891,5.29,734.0,87.0
57166,142.9,7.00,27.40,0.1918,5.22,734.0,87.0
57173,144.9,6.90,27.40,0.1891,5.29,734.0,87.0
57180,142.9,7.00,27.40,0.1918,5.22,734.0,87.0
57187,144.9,6.90,27.40,0.1891,5.29,734.0,87.0
57194,144.9,6.90,27.40,0.1891,5.29,734.0,87.0
57201,140.8,7.10,27.40,0.1945,5.14,734.0,87.0
57208,144.9,6.90,27.40,0.1891,5.29,734.0,87.0
57215,144.9,6.90,27.40,0.1891,5.29,734.0,87.0
57222,144.9,6.90,27.40,0.1891,5.29,734.0,87.0
57229,142.9,7.00,27.40,0.1918,5.22,734.0,87.0
57236,142.9,7.00,27.40,0.1918,5.22,734.0,87.0
57243,144.9,6.90,27.40,0.1891,5.29,734.0,87.0
57250,144.9,6.90,27.40,0.1891,5.29,734.0,87.0
57257,142.9,7.00,27.40,0.1918,5.22,734.0,87.0
57264,142.9,7.00,27.40,0.1918,5.22,734.0,87.0
57270,147.1,6.80,27.40,0.1863,5.37,734.0,87.0
57277,142.9,7.00,27.40,0.1918,5.22,734.0,87.0
57284,142.9,7.00,27.40,0.1918,5.22,734.0,87.0
57291,142.9,7.00,27.40,0.1918,5.22,734.0,87.0
57298,144.9,6.90,27.40,0.1891,5.29,734.0,87.0
57305,144.9,6.90,27.40,0.1891,5.29,734.0,87.0
57312,144.9,6.90,27.40,0.1891,5.29,734.0,87.0
57319,142.9,7.00,27.40,0.1918,5.22,734.0,87.0
57326,144.9,6.90,27.40,0.1891,5.29,734.0,87.0
57333,142.9,7.00,27.40,0.1918,5.22,734.0,87.0
57340,144.9,6.90,27.40,0.1891,5.29,734.0,87.0
57347,142.9,7.00,27.40,0.1918,5.22,734.0,87.0
57354,144.9,6.90,27.40,0.1891,5.29,734.0,87.0
57361,144.9,6.90,27.40,0.1891,5.29,734.0,87.0
57368,144.9,6.90,27.40,0.1891,5.29,734.0,87.0
57375,142.9,7.00,27.40,0.1918,5.22,734.0,87.0
57382,142.9,7.00,27.40,0.1918,5.22,734.0,87.0
57388,144.9,6.90,27.40,0.1891,5.29,734.0,87.0
57395,144.9,6.90,27.40,0.1891,5.29,734.0,87.0
57402,142.9,7.00,27.40,0.1918,5.22,734.0,87.0
57409,144.9,6.90,27.40,0.1891,5.29,734.0,87.0
57416,142.9,7.00,27.40,0.1918,5.22,734.0,87.0
57423,142.9,7.00,27.40,0.1918,5.22,734.0,87.0
57430,144.9,6.90,27.40,0.1891,5.29,734.0,87.0
57437,142.9,7.00,27.40,0.1918,5.22,734.0,87.0
57444,144.9,6.90,27.40,0.1891,5.29,734.0,87.0
57451,144.9,6.90,27.40,0.1891,5.29,734.0,87.0
57458,142.9,7.00,27.40,0.1918,5.22,734.0,87.0
57465,142.9,7.00,27.40,0.1918,5.22,734.0,87.0
57472,142.9,7.00,27.40,0.1918,5.22,734.0,87.0
57479,147.1,6.80,27.40,0.1863,5.37,734.0,87.0
57486,144.9,6.90,27.40,0.1891,5.29,734.0,87.0
57493,140.8,7.10,27.40,0.1945,5.14,734.0,87.0
57500,144.9,6.90,27.40,0.1891,5.29,734.0,87.0
57507,144.9,6.90,27.40,0.1891,5.29,734.0,87.0
57513,144.9,6.90,27.40,0.1891,5.29,734.0,87.0
57520,142.9,7.00,27.40,0.1918,5.22,734.0,87.0
57527,144.9,6.90,27.40,0.1891,5.29,734.0,87.0
57534,144.9,6.90,27.40,0.1891,5.29,734.0,87.0
57541,140.8,7.10,27.40,0.1945,5.14,734.0,87.0
57548,147.1,6.80,27.40,0.1863,5.37,734.0,87.0
57555,142.9,7.00,27.40,0.1918,5.22,734.0,87.0
57562,138.9,7.20,27.40,0.1973,5.07,734.0,87.0
57569,144.9,6.90,27.40,0.1891,5.29,734.0,87.0
57576,147.1,6.80,27.40,0.1863,5.37,734.0,87.0
57583,144.9,6.90,27.40,0.1891,5.29,734.0,87.0
57590,144.9,6.90,27.40,0.1891,5.29,734.0,87.0
57597,144.9,6.90,27.40,0.1890,5.29,734.0,87.0
57604,144.9,6.90,27.38,0.1890,5.29,734.0,87.0
57611,144.9,6.90,27.37,0.1889,5.29,734.0,87.0
57618,142.9,7.00,27.36,0.1915,5.22,734.0,87.0
57625,142.9,7.00,27.34,0.1914,5.23,734.0,87.0
57632,144.9,6.90,27.33,0.1886,5.30,734.0,87.0
57638,144.9,6.90,27.32,0.1885,5.30,734.0,87.0
57645,142.9,7.00,27.30,0.1911,5.23,734.0,87.0
57652,144.9,6.90,27.29,0.1883,5.31,734.0,87.0
57659,142.9,7.00,27.28,0.1909,5.24,734.0,87.0
57666,144.9,6.90,27.26,0.1881,5.31,734.0,87.0
57673,144.9,6.90,27.25,0.1880,5.32,734.0,87.0
57680,142.9,7.00,27.24,0.1907,5.25,734.0,87.0
57687,142.9,7.00,27.22,0.1906,5.25,734.0,87.0
57694,144.9,6.90,27.21,0.1877,5.33,734.0,87.0
57701,144.9,6.90,27.20,0.1877,5.33,734.0,87.0
57708,142.9,7.00,27.19,0.1903,5.26,734.0,87.0
57715,144.9,6.90,27.19,0.1876,5.33,734.0,87.0
57722,142.9,7.00,27.19,0.1903,5.26,734.0,87.0
57729,144.9,6.90,27.19,0.1876,5.33,734.0,87.0
57736,140.8,7.10,27.19,0.1930,5.18,734.0,87.0
57743,149.3,6.70,27.19,0.1822,5.49,734.0,87.0
57750,140.8,7.10,27.19,0.1930,5.18,734.0,87.0
57757,144.9,6.90,27.19,0.1876,5.33,734.0,87.0
57763,144.9,6.90,27.19,0.1876,5.33,734.0,87.0
57770,142.9,7.00,27.19,0.1903,5.26,734.0,87.0
57777,142.9,7.00,27.19,0.1903,5.26,734.0,87.0
57784,144.9,6.90,27.19,0.1876,5.33,734.0,87.0
57791,142.9,7.00,27.19,0.1903,5.26,734.0,87.0
57798,144.9,6.90,27.19,0.1876,5.33,734.0,87.0
57805,147.1,6.80,27.19,0.1849,5.41,734.0,87.0
57812,144.9,6.90,27.19,0.1876,5.33,734.0,87.0
57819,140.8,7.10,27.19,0.1930,5.18,734.0,87.0
57826,144.9,6.90,27.19,0.1876,5.33,734.0,87.0
57833,142.9,7.00,27.19,0.1903,5.26,734.0,87.0
57840,144.9,6.90,27.19,0.1876,5.33,734.0,87.0
57847,142.9,7.00,27.19,0.1903,5.26,734.0,87.0
57854,144.9,6.90,27.19,0.1876,5.33,734.0,87.0
57861,142.9,7.00,27.19,0.1903,5.26,734.0,87.0
57868,147.1,6.80,27.19,0.1849,5.41,734.0,87.0
57874,144.9,6.90,27.19,0.1876,5.33,734.0,87.0
57881,142.9,7.00,27.19,0.1903,5.26,734.0,87.0
57888,142.9,7.00,27.19,0.1903,5.26,734.0,87.0
57895,144.9,6.90,27.19,0.1876,5.33,734.0,87.0
57902,140.8,7.10,27.19,0.1930,5.18,734.0,87.0
57909,144.9,6.90,27.19,0.1876,5.33,734.0,87.0
57916,144.9,6.90,27.19,0.1876,5.33,734.0,87.0
57923,144.9,6.90,27.19,0.1876,5.33,734.0,87.0
57930,144.9,6.90,27.19,0.1876,5.33,734.0,87.0
57937,140.8,7.10,27.19,0.1930,5.18,734.0,87.0
57944,144.9,6.90,27.19,0.1876,5.33,734.0,87.0
57951,147.1,6.80,27.19,0.1849,5.41,734.0,87.0
57958,142.9,7.00,27.19,0.1903,5.26,734.0,87.0
57965,142.9,7.00,27.19,0.1903,5.26,734.0,87.0
57972,144.9,6.90,27.19,0.1876,5.33,734.0,87.0
57979,142.9,7.00,27.19,0.1903,5.26,734.0,87.0
57986,147.1,6.80,27.19,0.1849,5.41,734.0,87.0
57993,140.8,7.10,27.19,0.1930,5.18,734.0,87.0
58000,144.9,6.90,27.19,0.1876,5.33,734.0,87.0
58007,144.9,6.90,27.19,0.1876,5.33,734.0,87.0
58013,144.9,6.90,27.19,0.1876,5.33,734.0,87.0
58020,142.9,7.00,27.19,0.1903,5.26,734.0,87.0
58027,144.9,6.90,27.19,0.1876,5.33,734.0,87.0
58034,142.9,7.00,27.19,0.1903,5.26,734.0,87.0
58041,144.9,6.90,27.18,0.1875,5.33,734.0,87.0
58048,144.9,6.90,27.17,0.1875,5.33,734.0,87.0
58055,140.8,7.10,27.16,0.1928,5.18,734.0,87.0
58062,147.1,6.80,27.15,0.1846,5.42,734.0,87.0
58069,140.8,7.10,27.14,0.1927,5.19,734.0,87.0
58076,147.1,6.80,27.12,0.1844,5.42,734.0,87.0
58083,142.9,7.00,27.11,0.1898,5.27,734.0,87.0
58090,144.9,6.90,27.10,0.1870,5.35,734.0,87.0
58097,147.1,6.80,27.09,0.1842,5.43,734.0,87.0
58104,142.9,7.00,27.08,0.1896,5.28,734.0,87.0
58111,144.9,6.90,27.07,0.1868,5.35,734.0,87.0
58118,142.9,7.00,27.06,0.1894,5.28,734.0,87.0
58125,142.9,7.00,27.05,0.1893,5.28,734.0,87.0
58132,142.9,7.00,27.04,0.1893,5.29,734.0,87.0
58138,144.9,6.90,27.03,0.1865,5.36,734.0,87.0
58145,144.9,6.90,27.02,0.1864,5.36,734.0,87.0
58152,142.9,7.00,27.02,0.1891,5.29,734.0,87.0
58159,144.9,6.90,27.02,0.1864,5.36,734.0,87.0
58166,144.9,6.90,27.02,0.1864,5.36,734.0,87.0
58173,142.9,7.00,27.02,0.1891,5.29,734.0,87.0
58180,142.9,7.00,27.02,0.1891,5.29,734.0,87.0
58187,142.9,7.00,27.02,0.1891,5.29,734.0,87.0
58194,147.1,6.80,27.02,0.1837,5.44,734.0,87.0
58201,142.9,7.00,27.02,0.1891,5.29,734.0,87.0
58208,144.9,6.90,27.02,0.1864,5.36,734.0,87.0
58215,142.9,7.00,27.02,0.1891,5.29,734.0,87.0
58222,144.9,6.90,27.02,0.1864,5.36,734.0,87.0
58229,142.9,7.00,27.02,0.1891,5.29,734.0,87.0
58236,144.9,6.90,27.02,0.1864,5.36,734.0,87.0
58243,142.9,7.00,27.02,0.1891,5.29,734.0,87.0
58249,147.1,6.80,27.02,0.1837,5.44,734.0,87.0
58257,140.8,7.10,27.02,0.1918,5.21,734.0,87.0
58263,144.9,6.90,27.02,0.1864,5.36,734.0,87.0
58270,144.9,6.90,27.02,0.1864,5.36,734.0,87.0
58277,142.9,7.00,27.02,0.1891,5.29,734.0,87.0
58284,147.1,6.80,27.02,0.1837,5.44,734.0,87.0
58291,142.9,7.00,27.02,0.1891,5.29,734.0,87.0
58298,140.8,7.10,27.02,0.1918,5.21,734.0,87.0
58305,144.9,6.90,27.02,0.1864,5.36,734.0,87.0
58312,140.8,7.10,27.02,0.1918,5.21,734.0,87.0
58319,147.1,6.80,27.02,0.1837,5.44,734.0,87.0
58326,147.1,6.80,27.02,0.1837,5.44,734.0,87.0
58333,142.9,7.00,27.02,0.1891,5.29,734.0,87.0
58340,142.9,7.00,27.02,0.1891,5.29,734.0,87.0
58347,142.9,7.00,27.02,0.1891,5.29,734.0,87.0
58354,147.1,6.80,27.02,0.1837,5.44,734.0,87.0
58361,142.9,7.00,27.02,0.1891,5.29,734.0,87.0
58368,142.9,7.00,27.02,0.1891,5.29,734.0,87.0
58374,147.1,6.80,27.02,0.1837,5.44,734.0,87.0
58381,142.9,7.00,27.02,0.1891,5.29,734.0,87.0
58388,142.9,7.00,27.02,0.1891,5.29,734.0,87.0
58395,142.9,7.00,27.02,0.1891,5.29,734.0,87.0
58402,144.9,6.90,27.02,0.1864,5.36,734.0,87.0
58409,144.9,6.90,27.02,0.1864,5.36,734.0,87.0
58416,142.9,7.00,27.02,0.1891,5.29,734.0,87.0
58423,144.9,6.90,27.02,0.1864,5.36,734.0,87.0
58430,142.9,7.00,27.02,0.1891,5.29,734.0,87.0
58437,144.9,6.90,27.02,0.1864,5.36,734.0,87.0
58444,144.9,6.90,27.02,0.1864,5.36,734.0,87.0
58451,142.9,7.00,27.02,0.1891,5.29,734.0,87.0
58458,144.9,6.90,27.02,0.1864,5.36,734.0,87.0
58465,144.9,6.90,27.02,0.1864,5.36,734.0,87.0
58472,144.9,6.90,27.02,0.1864,5.36,734.0,87.0
58479,142.9,7.00,27.02,0.1891,5.29,734.0,87.0
58486,144.9,6.90,27.02,0.1864,5.36,734.0,87.0
58493,142.9,7.00,27.02,0.1891,5.29,734.0,87.0
58500,142.9,7.00,27.02,0.1891,5.29,734.0,87.0
58507,142.9,7.00,27.02,0.1891,5.29,734.0,87.0
58513,144.9,6.90,27.02,0.1864,5.36,734.0,87.0
58520,144.9,6.90,27.02,0.1864,5.36,734.0,87.0
58527,142.9,7.00,27.02,0.1891,5.29,734.0,87.0
58534,144.9,6.90,27.02,0.1864,5.36,734.0,87.0
58541,142.9,7.00,27.02,0.1891,5.29,734.0,87.0
58548,144.9,6.90,27.02,0.1864,5.36,734.0,87.0
58555,142.9,7.00,27.02,0.1891,5.29,734.0,87.0
58562,144.9,6.90,27.02,0.1864,5.36,734.0,87.0
58569,144.9,6.90,27.02,0.1864,5.36,734.0,87.0
58576,140.8,7.10,27.02,0.1918,5.21,734.0,87.0
58583,144.9,6.90,27.02,0.1864,5.36,734.0,87.0
58590,144.9,6.90,27.01,0.1864,5.36,734.0,87.0
58597,142.9,7.00,27.01,0.1890,5.29,734.0,87.0
58604,142.9,7.00,27.00,0.1890,5.29,734.0,87.0
58611,144.9,6.90,26.99,0.1863,5.37,734.0,87.0
58618,142.9,7.00,26.99,0.1889,5.29,734.0,87.0
58624,149.3,6.70,26.98,0.1808,5.53,734.0,87.0
58631,142.9,7.00,26.98,0.1888,5.30,734.0,87.0
58638,144.9,6.90,26.97,0.1861,5.37,734.0,87.0
58645,142.9,7.00,26.97,0.1888,5.30,734.0,87.0
58652,144.9,6.90,26.96,0.1860,5.37,734.0,87.0
58659,142.9,7.00,26.95,0.1887,5.30,734.0,87.0
58666,142.9,7.00,26.95,0.1886,5.30,734.0,87.0
58673,144.9,6.90,26.94,0.1859,5.38,734.0,87.0
58680,142.9,7.00,26.94,0.1886,5.31,734.0,87.0
58687,144.9,6.90,26.93,0.1858,5.38,734.0,87.0
58694,144.9,6.90,26.93,0.1858,5.38,734.0,87.0
58701,142.9,7.00,26.93,0.1885,5.31,734.0,87.0
58708,142.9,7.00,26.93,0.1885,5.31,734.0,87.0
58715,144.9,6.90,26.93,0.1858,5.38,734.0,87.0
58722,140.8,7.10,26.93,0.1912,5.23,734.0,87.0
58729,144.9,6.90,26.93,0.1858,5.38,734.0,87.0
58736,147.1,6.80,26.93,0.1831,5.46,734.0,87.0
58743,142.9,7.00,26.93,0.1885,5.31,734.0,87.0
58750,144.9,6.90,26.93,0.1858,5.38,734.0,87.0
58757,142.9,7.00,26.93,0.1885,5.31,734.0,87.0
58763,144.9,6.90,26.93,0.1858,5.38,734.0,87.0
58770,144.9,6.90,26.93,0.1858,5.38,734.0,87.0
58777,144.9,6.90,26.93,0.1858,5.38,734.0,87.0
58784,144.9,6.90,26.93,0.1858,5.38,734.0,87.0
58791,144.9,6.90,26.93,0.1858,5.38,734.0,87.0
58798,140.8,7.10,26.93,0.1912,5.23,734.0,87.0
58805,144.9,6.90,26.93,0.1858,5.38,734.0,87.0
58812,142.9,7.00,26.93,0.1885,5.31,734.0,87.0
58819,144.9,6.90,26.93,0.1858,5.38,734.0,87.0
58826,142.9,7.00,26.93,0.1885,5.31,734.0,87.0
58833,142.9,7.00,26.93,0.1885,5.31,734.0,87.0
58840,144.9,6.90,26.93,0.1858,5.38,734.0,87.0
58847,144.9,6.90,26.93,0.1858,5.38,734.0,87.0
58854,142.9,7.00,26.93,0.1885,5.31,734.0,87.0
58861,142.9,7.00,26.93,0.1885,5.31,734.0,87.0
58868,144.9,6.90,26.93,0.1858,5.38,734.0,87.0
58874,147.1,6.80,26.93,0.1831,5.46,734.0,87.0
58881,142.9,7.00,26.93,0.1885,5.31,734.0,87.0
58888,144.9,6.90,26.93,0.1858,5.38,734.0,87.0
58895,144.9,6.90,26.93,0.1858,5.38,734.0,87.0
58902,142.9,7.00,26.93,0.1885,5.31,734.0,87.0
58909,144.9,6.90,26.93,0.1858,5.38,734.0,87.0
58916,142.9,7.00,26.93,0.1885,5.31,734.0,87.0
58923,142.9,7.00,26.93,0.1885,5.31,734.0,87.0
58930,142.9,7.00,26.93,0.1885,5.31,734.0,87.0
58937,142.9,7.00,26.93,0.1885,5.31,734.0,87.0
58944,147.1,6.80,26.93,0.1831,5.46,734.0,87.0
58951,142.9,7.00,26.93,0.1885,5.31,734.0,87.0
58958,142.9,7.00,26.93,0.1885,5.31,734.0,87.0
58965,144.9,6.90,26.93,0.1858,5.38,734.0,87.0
58972,144.9,6.90,26.93,0.1858,5.38,734.0,87.0
58979,142.9,7.00,26.93,0.1885,5.31,734.0,87.0
58986,144.9,6.90,26.93,0.1858,5.38,734.0,87.0
58993,142.9,7.00,26.93,0.1885,5.31,734.0,87.0
59000,142.9,7.00,26.93,0.1885,5.31,734.0,87.0
59007,144.9,6.90,26.93,0.1858,5.38,734.0,87.0
59013,144.9,6.90,26.93,0.1858,5.38,734.0,87.0
59020,144.9,6.90,26.93,0.1858,5.38,734.0,87.0
59027,144.9,6.90,26.93,0.1858,5.38,734.0,87.0
59034,144.9,6.90,26.92,0.1858,5.38,734.0,87.0
59041,138.9,7.20,26.92,0.1938,5.16,734.0,87.0
59048,147.1,6.80,26.92,0.1831,5.46,734.0,87.0
59055,140.8,7.10,26.92,0.1911,5.23,734.0,87.0
59062,144.9,6.90,26.91,0.1857,5.38,734.0,87.0
59069,144.9,6.90,26.91,0.1857,5.38,734.0,87.0
59076,144.9,6.90,26.91,0.1857,5.38,734.0,87.0
59083,142.9,7.00,26.91,0.1883,5.31,734.0,87.0
59090,142.9,7.00,26.90,0.1883,5.31,734.0,87.0
59097,147.1,6.80,26.90,0.1829,5.47,734.0,87.0
59104,144.9,6.90,26.90,0.1856,5.39,734.0,87.0
59111,142.9,7.00,26.90,0.1883,5.31,734.0,87.0
59118,144.9,6.90,26.89,0.1856,5.39,734.0,87.0
59125,140.8,7.10,26.89,0.1909,5.24,734.0,87.0
59131,147.1,6.80,26.89,0.1829,5.47,734.0,87.0
59138,144.9,6.90,26.89,0.1855,5.39,734.0,87.0
59145,142.9,7.00,26.89,0.1882,5.31,734.0,87.0
59152,140.8,7.10,26.89,0.1909,5.24,734.0,87.0
59159,144.9,6.90,26.89,0.1855,5.39,734.0,87.0
59166,144.9,6.90,26.89,0.1855,5.39,734.0,87.0
59173,144.9,6.90,26.89,0.1855,5.39,734.0,87.0
59180,142.9,7.00,26.89,0.1882,5.31,734.0,87.0
59187,142.9,7.00,26.89,0.1882,5.31,734.0,87.0
59194,147.1,6.80,26.89,0.1829,5.47,734.0,87.0
59201,144.9,6.90,26.89,0.1855,5.39,734.0,87.0
59208,144.9,6.90,26.89,0.1855,5.39,734.0,87.0
59215,140.8,7.10,26.89,0.1909,5.24,734.0,87.0
59222,144.9,6.90,26.89,0.1855,5.39,734.0,87.0
59229,140.8,7.10,26.89,0.1909,5.24,734.0,87.0
59236,147.1,6.80,26.89,0.1829,5.47,734.0,87.0
59243,144.9,6.90,26.89,0.1855,5.39,734.0,87.0
59250,142.9,7.00,26.89,0.1882,5.31,734.0,87.0
59256,144.9,6.90,26.89,0.1855,5.39,734.0,87.0
59264,140.8,7.10,26.89,0.1909,5.24,734.0,87.0
59270,147.1,6.80,26.89,0.1829,5.47,734.0,87.0
59277,142.9,7.00,26.89,0.1882,5.31,734.0,87.0
59284,144.9,6.90,26.89,0.1855,5.39,734.0,87.0
59291,142.9,7.00,26.89,0.1882,5.31,734.0,87.0
59298,144.9,6.90,26.89,0.1855,5.39,734.0,87.0
59305,142.9,7.00,26.89,0.1882,5.31,734.0,87.0
59312,144.9,6.90,26.89,0.1855,5.39,734.0,87.0
59319,144.9,6.90,26.89,0.1855,5.39,734.0,87.0
59326,140.8,7.10,26.89,0.1909,5.24,734.0,87.0
59333,144.9,6.90,26.89,0.1855,5.39,734.0,87.0
59340,144.9,6.90,26.89,0.1855,5.39,734.0,87.0
59347,144.9,6.90,26.89,0.1855,5.39,734.0,87.0
59354,142.9,7.00,26.89,0.1882,5.31,734.0,87.0
59361,144.9,6.90,26.89,0.1855,5.39,734.0,87.0
59368,144.9,6.90,26.89,0.1855,5.39,734.0,87.0
59375,142.9,7.00,26.89,0.1882,5.31,734.0,87.0
59381,144.9,6.90,26.89,0.1855,5.39,734.0,87.0
59388,144.9,6.90,26.89,0.1855,5.39,734.0,87.0
59395,142.9,7.00,26.89,0.1882,5.31,734.0,87.0
59402,144.9,6.90,26.89,0.1855,5.39,734.0,87.0
59409,144.9,6.90,26.89,0.1855,5.39,734.0,87.0
59416,140.8,7.10,26.89,0.1909,5.24,734.0,87.0
59423,144.9,6.90,26.89,0.1855,5.39,734.0,87.0
59430,142.9,7.00,26.89,0.1882,5.31,734.0,87.0
59437,144.9,6.90,26.89,0.1855,5.39,734.0,87.0
59444,142.9,7.00,26.89,0.1882,5.31,734.0,87.0
59451,144.9,6.90,26.89,0.1855,5.39,734.0,87.0
59458,144.9,6.90,26.89,0.1855,5.39,734.0,87.0
59465,144.9,6.90,26.89,0.1855,5.39,734.0,87.0
59472,142.9,7.00,26.89,0.1882,5.31,734.0,87.0
59479,144.9,6.90,26.89,0.1855,5.39,734.0,87.0
59486,142.9,7.00,26.89,0.1882,5.31,734.0,87.0
59493,142.9,7.00,26.89,0.1882,5.31,734.0,87.0
59500,144.9,6.90,26.89,0.1855,5.39,734.0,87.0
59506,147.1,6.80,26.89,0.1829,5.47,734.0,87.0
59513,140.8,7.10,26.89,0.1909,5.24,734.0,87.0
59520,144.9,6.90,26.89,0.1855,5.39,734.0,87.0
59527,142.9,7.00,26.89,0.1882,5.31,734.0,87.0
59534,142.9,7.00,26.89,0.1882,5.31,734.0,87.0
59541,144.9,6.90,26.89,0.1855,5.39,734.0,87.0
59548,144.9,6.90,26.89,0.1855,5.39,734.0,87.0
59555,142.9,7.00,26.89,0.1882,5.31,734.0,87.0
59562,140.8,7.10,26.89,0.1909,5.24,734.0,87.0
59569,147.1,6.80,26.89,0.1829,5.47,734.0,87.0
59576,142.9,7.00,26.89,0.1883,5.31,734.0,87.0
59583,147.1,6.80,26.90,0.1829,5.47,734.0,87.0
59590,142.9,7.00,26.90,0.1883,5.31,734.0,87.0
59597,142.9,7.00,26.90,0.1883,5.31,734.0,87.0
59604,144.9,6.90,26.90,0.1856,5.39,734.0,87.0
59611,142.9,7.00,26.90,0.1883,5.31,734.0,87.0
59618,144.9,6.90,26.91,0.1856,5.39,734.0,87.0
59625,144.9,6.90,26.91,0.1857,5.39,734.0,87.0
59632,142.9,7.00,26.91,0.1884,5.31,734.0,87.0
59639,142.9,7.00,26.91,0.1884,5.31,734.0,87.0
59645,147.1,6.80,26.91,0.1830,5.47,734.0,87.0
59652,142.9,7.00,26.91,0.1884,5.31,734.0,87.0
59659,142.9,7.00,26.92,0.1884,5.31,734.0,87.0
59666,142.9,7.00,26.92,0.1884,5.31,734.0,87.0
59673,144.9,6.90,26.92,0.1857,5.38,734.0,87.0
59680,147.1,6.80,26.92,0.1831,5.46,734.0,87.0
59687,142.9,7.00,26.92,0.1884,5.31,734.0,87.0
59694,144.9,6.90,26.92,0.1857,5.38,734.0,87.0
59701,142.9,7.00,26.92,0.1884,5.31,734.0,87.0
59708,144.9,6.90,26.92,0.1857,5.38,734.0,87.0
59715,142.9,7.00,26.92,0.1884,5.31,734.0,87.0
59722,144.9,6.90,26.92,0.1857,5.38,734.0,87.0
59729,142.9,7.00,26.92,0.1884,5.31,734.0,87.0
59736,142.9,7.00,26.92,0.1884,5.31,734.0,87.0
59743,144.9,6.90,26.92,0.1857,5.38,734.0,87.0
59750,144.9,6.90,26.92,0.1857,5.38,734.0,87.0
59756,144.9,6.90,26.92,0.1857,5.38,734.0,87.0
59763,144.9,6.90,26.92,0.1857,5.38,734.0,87.0
59770,140.8,7.10,26.92,0.1911,5.23,734.0,87.0
59777,147.1,6.80,26.92,0.1831,5.46,734.0,87.0
59784,140.8,7.10,26.92,0.1911,5.23,734.0,87.0
59791,147.1,6.80,26.92,0.1831,5.46,734.0,87.0
59798,140.8,7.10,26.92,0.1911,5.23,734.0,87.0
59805,140.8,7.10,26.92,0.1911,5.23,734.0,87.0
59812,151.5,6.60,26.92,0.1777,5.63,734.0,87.0
59819,142.9,7.00,26.92,0.1884,5.31,734.0,87.0
59826,144.9,6.90,26.92,0.1857,5.38,734.0,87.0
59833,140.8,7.10,26.92,0.1911,5.23,734.0,87.0
59840,147.1,6.80,26.92,0.1831,5.46,734.0,87.0
59847,142.9,7.00,26.92,0.1884,5.31,734.0,87.0
59854,147.1,6.80,26.92,0.1831,5.46,734.0,87.0
59861,138.9,7.20,26.92,0.1938,5.16,734.0,87.0
59868,147.1,6.80,26.92,0.1831,5.46,734.0,87.0
59874,144.9,6.90,26.92,0.1857,5.38,734.0,87.0
59881,142.9,7.00,26.92,0.1884,5.31,734.0,87.0
59888,142.9,7.00,26.92,0.1884,5.31,734.0,87.0
59895,142.9,7.00,26.92,0.1884,5.31,734.0,87.0
59902,147.1,6.80,26.92,0.1831,5.46,734.0,87.0
59909,142.9,7.00,26.92,0.1884,5.31,734.0,87.0
59916,147.1,6.80,26.92,0.1831,5.46,734.0,87.0
59923,137.0,7.30,26.92,0.1965,5.09,734.0,87.0
59930,147.1,6.80,26.92,0.1831,5.46,734.0,87.0
59937,142.9,7.00,26.92,0.1884,5.31,734.0,87.0
59944,147.1,6.80,26.92,0.1831,5.46,734.0,87.0
59951,144.9,6.90,26.92,0.1857,5.38,734.0,87.0
59958,142.9,7.00,26.92,0.1884,5.31,734.0,87.0
59965,144.9,6.90,26.92,0.1857,5.38,734.0,87.0
59972,142.9,7.00,26.92,0.1884,5.31,734.0,87.0
59979,142.9,7.00,26.92,0.1884,5.31,734.0,87.0
59986,144.9,6.90,26.92,0.1857,5.38,734.0,87.0
59993,140.8,7.10,26.92,0.1911,5.23,734.0,87.0
60000,147.1,6.80,26.92,0.1831,5.46,735.0,87.0
60006,144.9,6.90,26.92,0.1857,5.38,738.1,87.0
