=== ANALISE DE METRICAS DE GPU (Green IT + VRAM) ===
API de Renderizacao: WEBGPU-RAW
Cenario: A
Timestamp Unix de Inicio do Ensaio (ms): 1787322073908
Janela do Ensaio: 60.00 s
Amostras de GPU Utilizadas (nvidia-smi, 1 Hz): 2490

--- CONSUMO ACUMULADO DO ENSAIO (integral da curva de potencia) ---
Potencia Media (ponderada pelo tempo, janela de 60s): 19.93 W
Consumo Acumulado do Ensaio: 1196.04 J (0.3322 Wh)

--- METRICAS POR QUADRO (media sobre 8641 frames correlacionados) ---
Potencia Instantanea Media: 19.93 W
Potencia Instantanea Minima: 16.37 W
Potencia Instantanea Maxima: 21.27 W
Assinatura Energetica Media por Quadro (Joules/Frame): 0.1384 J
Coeficiente de Eficiencia Medio (Frames por Watt): 7.24 FPS/W
Total de Quadros Correlacionados: 8641 frames

--- ALOCACAO DE VRAM (MB, via nvidia-smi memory.used) ---
VRAM Media durante o Ensaio: 612.4 MB
VRAM Minima durante o Ensaio: 597.7 MB
VRAM Maxima durante o Ensaio: 627.0 MB

--- TEMPERATURA DA GPU (°C, via nvidia-smi temperature.gpu) ---
Temperatura Media durante o Ensaio: 80.3 °C
Temperatura Minima durante o Ensaio: 79.9 °C
Temperatura Maxima durante o Ensaio: 81.0 °C
Deriva Termica no Ensaio (fim - inicio): +0.1 °C
  (nao e uma metrica da pesquisa — serve para auditar se a GPU estava em
  equilibrio termico. Compare entre ensaios do mesmo lote para checar vies
  sistematico entre condicoes testadas no inicio vs. no fim do lote.)

--- DADOS BRUTOS QUADRO A QUADRO (COM ENERGIA, VRAM E TEMPERATURA) ---
Tempo Decorrido (ms),FPS Instantaneo,Tempo de Frame (ms),Potencia Instantanea (W),Energia do Quadro (J),Frames por Watt,VRAM (MB),Temperatura (C)
4,227.3,4.40,16.37,0.0720,13.89,597.7,79.9
11,144.9,6.90,16.40,0.1132,8.83,600.0,79.9
18,144.9,6.90,16.44,0.1134,8.81,602.4,79.9
25,144.9,6.90,16.47,0.1137,8.80,604.7,79.9
32,140.8,7.10,16.51,0.1172,8.53,607.0,79.9
39,144.9,6.90,16.54,0.1141,8.76,609.4,79.9
46,144.9,6.90,16.58,0.1144,8.74,611.7,80.0
53,142.9,7.00,16.61,0.1163,8.60,614.0,80.0
60,147.1,6.80,16.64,0.1132,8.84,616.3,80.0
67,144.9,6.90,16.68,0.1151,8.69,618.7,80.0
74,142.9,7.00,16.71,0.1170,8.55,621.0,80.0
81,142.9,7.00,16.75,0.1172,8.53,623.3,80.0
88,144.9,6.90,16.78,0.1158,8.64,625.7,80.0
95,144.9,6.90,16.81,0.1160,8.62,627.0,80.0
102,142.9,7.00,16.84,0.1179,8.48,626.9,80.0
109,142.9,7.00,16.87,0.1181,8.47,626.8,80.0
115,144.9,6.90,16.90,0.1166,8.57,626.8,80.0
122,144.9,6.90,16.93,0.1168,8.56,626.7,80.0
129,144.9,6.90,16.96,0.1170,8.54,626.7,80.0
136,140.8,7.10,16.99,0.1206,8.29,626.6,80.0
143,144.9,6.90,17.02,0.1174,8.51,626.5,80.0
150,142.9,7.00,17.05,0.1193,8.38,626.5,80.0
157,144.9,6.90,17.08,0.1178,8.48,626.4,80.0
164,142.9,7.00,17.11,0.1198,8.35,626.4,80.0
171,144.9,6.90,17.14,0.1182,8.46,626.3,80.0
178,144.9,6.90,17.17,0.1185,8.44,626.2,80.0
185,142.9,7.00,17.20,0.1204,8.31,626.2,80.0
192,144.9,6.90,17.23,0.1189,8.41,626.1,80.0
199,144.9,6.90,17.26,0.1191,8.40,626.0,80.0
206,142.9,7.00,17.29,0.1210,8.27,626.0,80.0
213,144.9,6.90,17.32,0.1195,8.37,625.9,80.0
220,142.9,7.00,17.35,0.1214,8.24,625.8,80.0
227,144.9,6.90,17.38,0.1199,8.34,625.8,80.0
234,142.9,7.00,17.41,0.1218,8.21,625.7,80.0
241,142.9,7.00,17.44,0.1221,8.20,625.7,80.0
247,147.1,6.80,17.46,0.1187,8.42,625.6,80.0
254,144.9,6.90,17.49,0.1207,8.28,625.5,80.0
261,140.8,7.10,17.52,0.1244,8.04,625.5,80.0
268,144.9,6.90,17.55,0.1211,8.26,625.4,80.0
275,142.9,7.00,17.58,0.1231,8.13,625.4,80.0
282,144.9,6.90,17.61,0.1215,8.23,625.3,80.0
289,144.9,6.90,17.64,0.1217,8.21,625.2,80.0
296,142.9,7.00,17.67,0.1237,8.09,625.2,80.0
303,142.9,7.00,17.70,0.1239,8.07,625.1,80.0
310,147.1,6.80,17.73,0.1206,8.30,625.0,80.0
317,144.9,6.90,17.76,0.1225,8.16,625.0,80.0
324,142.9,7.00,17.79,0.1245,8.03,624.9,80.0
331,142.9,7.00,17.82,0.1247,8.02,624.8,80.0
338,144.9,6.90,17.85,0.1232,8.12,624.8,80.0
345,142.9,7.00,17.88,0.1252,7.99,624.7,80.0
352,144.9,6.90,17.91,0.1236,8.09,624.7,80.0
358,144.9,6.90,17.94,0.1238,8.08,624.6,80.0
365,142.9,7.00,17.97,0.1258,7.95,624.5,80.0
372,142.9,7.00,18.00,0.1260,7.94,624.5,80.0
379,144.9,6.90,18.03,0.1244,8.04,624.4,80.0
386,144.9,6.90,18.06,0.1246,8.03,624.4,80.0
393,142.9,7.00,18.09,0.1266,7.90,624.3,80.0
400,142.9,7.00,18.12,0.1268,7.89,624.2,80.0
407,144.9,6.90,18.15,0.1252,7.99,624.2,80.0
414,144.9,6.90,18.17,0.1254,7.97,624.1,80.0
421,142.9,7.00,18.20,0.1274,7.85,624.0,80.0
428,144.9,6.90,18.23,0.1258,7.95,624.0,80.0
435,142.9,7.00,18.26,0.1279,7.82,623.9,80.0
442,144.9,6.90,18.29,0.1262,7.92,623.9,80.0
449,142.9,7.00,18.32,0.1283,7.80,623.8,80.0
456,144.9,6.90,18.35,0.1266,7.89,623.7,80.0
463,144.9,6.90,18.38,0.1269,7.88,623.7,80.0
470,142.9,7.00,18.41,0.1289,7.76,623.6,80.0
477,144.9,6.90,18.44,0.1273,7.86,623.5,80.0
483,144.9,6.90,18.47,0.1274,7.85,623.5,80.0
490,144.9,6.90,18.50,0.1276,7.83,623.4,80.0
497,142.9,7.00,18.53,0.1297,7.71,623.4,80.0
504,144.9,6.90,18.56,0.1281,7.81,623.3,80.0
511,142.9,7.00,18.59,0.1301,7.69,623.2,80.0
518,144.9,6.90,18.62,0.1285,7.78,623.2,80.0
525,142.9,7.00,18.65,0.1305,7.66,623.1,80.0
532,144.9,6.90,18.68,0.1289,7.76,623.0,80.0
539,142.9,7.00,18.71,0.1310,7.64,623.0,80.0
546,142.9,7.00,18.74,0.1312,7.63,622.9,80.0
553,144.9,6.90,18.77,0.1295,7.72,622.9,80.0
560,142.9,7.00,18.80,0.1316,7.60,622.8,80.0
567,142.9,7.00,18.83,0.1318,7.59,622.7,80.0
574,144.9,6.90,18.86,0.1301,7.68,622.7,80.0
581,142.9,7.00,18.89,0.1322,7.57,622.6,80.0
588,144.9,6.90,18.92,0.1305,7.66,622.5,80.0
595,144.9,6.90,18.95,0.1307,7.65,622.5,80.0
602,142.9,7.00,18.98,0.1328,7.53,622.4,80.0
608,147.1,6.80,19.00,0.1292,7.74,622.4,80.0
615,142.9,7.00,19.03,0.1332,7.51,622.3,80.0
622,142.9,7.00,19.06,0.1334,7.50,622.2,80.0
629,144.9,6.90,19.09,0.1317,7.59,622.2,80.0
636,142.9,7.00,19.12,0.1339,7.47,622.1,80.0
643,144.9,6.90,19.15,0.1322,7.57,622.0,80.0
650,142.9,7.00,19.18,0.1343,7.45,622.0,80.0
657,144.9,6.90,19.21,0.1326,7.54,621.9,80.0
664,144.9,6.90,19.24,0.1328,7.53,621.9,80.0
671,142.9,7.00,19.27,0.1349,7.41,621.8,80.0
678,144.9,6.90,19.30,0.1332,7.51,621.7,80.0
685,142.9,7.00,19.33,0.1353,7.39,621.7,80.0
692,142.9,7.00,19.36,0.1355,7.38,621.6,80.0
699,147.1,6.80,19.39,0.1319,7.59,621.5,80.0
706,142.9,7.00,19.42,0.1360,7.36,621.5,80.0
713,144.9,6.90,19.45,0.1342,7.45,621.4,80.0
720,140.8,7.10,19.48,0.1383,7.23,621.3,80.0
727,142.9,7.00,19.51,0.1366,7.32,621.3,80.0
734,144.9,6.90,19.54,0.1348,7.42,621.2,80.0
740,147.1,6.80,19.57,0.1331,7.52,621.2,80.0
747,142.9,7.00,19.60,0.1372,7.29,621.1,80.0
754,142.9,7.00,19.63,0.1374,7.28,621.0,80.0
761,144.9,6.90,19.66,0.1356,7.37,621.0,80.0
768,142.9,7.00,19.69,0.1378,7.26,620.9,80.0
775,144.9,6.90,19.72,0.1360,7.35,620.9,80.0
782,144.9,6.90,19.75,0.1362,7.34,620.8,80.0
789,144.9,6.90,19.78,0.1365,7.33,620.7,80.0
796,142.9,7.00,19.81,0.1386,7.21,620.7,80.0
803,142.9,7.00,19.84,0.1389,7.20,620.6,80.0
810,142.9,7.00,19.87,0.1391,7.19,620.5,80.0
817,147.1,6.80,19.90,0.1353,7.39,620.5,80.0
824,144.9,6.90,19.93,0.1375,7.27,620.4,80.0
831,144.9,6.90,19.96,0.1377,7.26,620.3,80.0
838,142.9,7.00,19.99,0.1399,7.15,620.3,80.0
845,144.9,6.90,20.02,0.1381,7.24,620.2,80.0
852,142.9,7.00,20.05,0.1403,7.13,620.2,80.0
858,144.9,6.90,20.07,0.1385,7.22,620.1,80.0
865,144.9,6.90,20.10,0.1387,7.21,620.0,80.0
872,142.9,7.00,20.13,0.1409,7.10,620.0,80.0
879,144.9,6.90,20.16,0.1391,7.19,619.9,80.0
886,142.9,7.00,20.19,0.1413,7.08,619.9,80.0
893,144.9,6.90,20.22,0.1395,7.17,619.8,80.0
900,144.9,6.90,20.25,0.1397,7.16,619.7,80.0
907,142.9,7.00,20.28,0.1420,7.05,619.7,80.0
914,144.9,6.90,20.31,0.1401,7.13,619.6,80.0
921,144.9,6.90,20.34,0.1403,7.12,619.5,80.0
928,142.9,7.00,20.37,0.1426,7.02,619.5,80.0
935,142.9,7.00,20.40,0.1428,7.01,619.4,80.0
942,144.9,6.90,20.43,0.1410,7.09,619.4,80.0
949,142.9,7.00,20.46,0.1432,6.98,619.3,80.0
956,144.9,6.90,20.49,0.1414,7.07,619.2,80.0
963,144.9,6.90,20.52,0.1416,7.06,619.2,80.0
970,142.9,7.00,20.55,0.1438,6.95,619.1,80.0
977,142.9,7.00,20.58,0.1441,6.94,619.0,80.0
984,142.9,7.00,20.61,0.1443,6.93,619.0,80.0
991,142.9,7.00,20.64,0.1445,6.92,618.9,80.0
997,144.9,6.90,20.66,0.1426,7.01,618.9,80.0
1004,142.9,7.00,20.69,0.1449,6.91,618.8,80.0
1011,144.9,6.90,20.72,0.1430,6.99,618.7,80.0
1018,142.9,7.00,20.75,0.1453,6.89,618.7,80.0
1025,144.9,6.90,20.78,0.1434,6.97,618.6,80.0
1032,144.9,6.90,20.81,0.1436,6.96,618.5,80.0
1039,144.9,6.90,20.84,0.1438,6.95,618.5,80.0
1046,142.9,7.00,20.87,0.1461,6.85,618.4,80.0
1053,144.9,6.90,20.90,0.1442,6.93,618.4,80.0
1060,144.9,6.90,20.93,0.1444,6.92,618.3,80.0
1067,142.9,7.00,20.96,0.1467,6.82,618.2,80.0
1074,144.9,6.90,20.99,0.1449,6.90,618.2,80.0
1081,144.9,6.90,21.02,0.1451,6.89,618.1,80.0
1088,144.9,6.90,21.05,0.1453,6.88,618.0,80.0
1095,142.9,7.00,21.07,0.1475,6.78,618.0,80.0
1101,144.9,6.90,21.07,0.1454,6.88,618.0,80.0
1108,142.9,7.00,21.07,0.1475,6.78,618.0,80.0
1115,142.9,7.00,21.07,0.1475,6.78,618.0,80.0
1122,142.9,7.00,21.07,0.1475,6.78,618.0,80.0
1129,144.9,6.90,21.07,0.1454,6.88,618.0,80.0
1136,142.9,7.00,21.07,0.1475,6.78,618.0,80.0
1143,144.9,6.90,21.07,0.1454,6.88,618.0,80.0
1150,142.9,7.00,21.07,0.1475,6.78,618.0,80.0
1157,147.1,6.80,21.07,0.1433,6.98,618.0,80.0
1164,142.9,7.00,21.07,0.1475,6.78,618.0,80.0
1171,142.9,7.00,21.07,0.1475,6.78,618.0,80.0
1178,142.9,7.00,21.07,0.1475,6.78,618.0,80.0
1185,142.9,7.00,21.07,0.1475,6.78,618.0,80.0
1192,144.9,6.90,21.07,0.1454,6.88,618.0,80.0
1199,144.9,6.90,21.07,0.1454,6.88,618.0,80.0
1206,144.9,6.90,21.07,0.1454,6.88,618.0,80.0
1213,144.9,6.90,21.07,0.1454,6.88,618.0,80.0
1220,142.9,7.00,21.08,0.1475,6.78,618.0,80.0
1227,144.9,6.90,21.08,0.1454,6.88,618.0,80.0
1234,142.9,7.00,21.08,0.1475,6.78,618.0,80.0
1240,144.9,6.90,21.08,0.1454,6.88,618.0,80.0
1247,142.9,7.00,21.08,0.1475,6.78,618.0,80.0
1254,147.1,6.80,21.08,0.1433,6.98,618.0,80.0
1261,142.9,7.00,21.08,0.1475,6.78,618.0,80.0
1268,142.9,7.00,21.08,0.1475,6.78,618.0,80.0
1275,144.9,6.90,21.08,0.1454,6.87,618.0,80.0
1282,142.9,7.00,21.08,0.1475,6.78,618.0,80.0
1289,144.9,6.90,21.08,0.1454,6.87,618.0,80.0
1296,142.9,7.00,21.08,0.1475,6.78,618.0,80.0
1303,142.9,7.00,21.08,0.1475,6.78,618.0,80.0
1310,147.1,6.80,21.08,0.1433,6.98,618.0,80.0
1317,144.9,6.90,21.08,0.1454,6.87,618.0,80.0
1324,142.9,7.00,21.08,0.1476,6.78,618.0,80.0
1331,142.9,7.00,21.08,0.1476,6.78,618.0,80.0
1338,142.9,7.00,21.08,0.1476,6.78,618.0,80.0
1345,147.1,6.80,21.08,0.1433,6.98,618.0,80.0
1352,140.8,7.10,21.08,0.1497,6.68,618.0,80.0
1359,144.9,6.90,21.08,0.1455,6.87,618.0,80.0
1366,142.9,7.00,21.08,0.1476,6.78,618.0,80.0
1372,144.9,6.90,21.08,0.1455,6.87,618.0,80.0
1379,142.9,7.00,21.08,0.1476,6.78,618.0,80.0
1386,144.9,6.90,21.08,0.1455,6.87,618.0,80.0
1393,142.9,7.00,21.08,0.1476,6.78,618.0,80.0
1400,144.9,6.90,21.08,0.1455,6.87,618.0,80.0
1407,142.9,7.00,21.08,0.1476,6.78,618.0,80.0
1414,144.9,6.90,21.08,0.1455,6.87,618.0,80.0
1421,147.1,6.80,21.08,0.1434,6.98,618.0,80.0
1428,140.8,7.10,21.08,0.1497,6.68,618.0,80.0
1435,144.9,6.90,21.08,0.1455,6.87,618.0,80.0
1442,144.9,6.90,21.08,0.1455,6.87,618.0,80.0
1449,142.9,7.00,21.08,0.1476,6.78,618.0,80.0
1456,144.9,6.90,21.08,0.1455,6.87,618.0,80.0
1463,144.9,6.90,21.08,0.1455,6.87,618.0,80.0
1470,142.9,7.00,21.09,0.1476,6.78,618.0,80.0
1477,144.9,6.90,21.09,0.1455,6.87,618.0,80.0
1483,144.9,6.90,21.09,0.1455,6.87,618.0,80.0
1490,142.9,7.00,21.09,0.1476,6.78,618.0,80.0
1497,142.9,7.00,21.09,0.1476,6.78,618.0,80.0
1504,142.9,7.00,21.09,0.1476,6.78,618.0,80.0
1511,142.9,7.00,21.09,0.1476,6.78,618.0,80.0
1518,144.9,6.90,21.09,0.1455,6.87,618.0,80.0
1525,144.9,6.90,21.09,0.1455,6.87,618.0,80.0
1532,144.9,6.90,21.09,0.1455,6.87,618.0,80.0
1539,142.9,7.00,21.09,0.1476,6.78,618.0,80.0
1546,144.9,6.90,21.09,0.1455,6.87,618.0,80.0
1553,142.9,7.00,21.09,0.1476,6.78,618.0,80.0
1560,144.9,6.90,21.09,0.1455,6.87,618.0,80.0
1567,142.9,7.00,21.09,0.1476,6.78,618.0,80.0
1574,144.9,6.90,21.09,0.1455,6.87,618.0,80.0
1581,144.9,6.90,21.09,0.1455,6.87,618.0,80.0
1588,144.9,6.90,21.09,0.1455,6.87,618.0,80.0
1595,140.8,7.10,21.09,0.1497,6.68,618.0,80.0
1602,144.9,6.90,21.09,0.1455,6.87,618.0,80.0
1609,144.9,6.90,21.09,0.1455,6.87,618.0,80.0
1616,142.9,7.00,21.09,0.1476,6.78,618.0,80.0
1623,142.9,7.00,21.09,0.1476,6.78,618.0,80.0
1629,144.9,6.90,21.09,0.1455,6.87,618.0,80.0
1636,142.9,7.00,21.09,0.1476,6.78,618.0,80.0
1643,147.1,6.80,21.09,0.1434,6.97,618.0,80.0
1650,144.9,6.90,21.09,0.1455,6.87,618.0,80.0
1657,142.9,7.00,21.09,0.1476,6.77,618.0,80.0
1664,144.9,6.90,21.09,0.1455,6.87,618.0,80.0
1671,142.9,7.00,21.09,0.1477,6.77,618.0,80.0
1678,144.9,6.90,21.09,0.1455,6.87,618.0,80.0
1685,144.9,6.90,21.09,0.1455,6.87,618.0,80.0
1692,144.9,6.90,21.09,0.1455,6.87,618.0,80.0
1699,142.9,7.00,21.09,0.1477,6.77,618.0,80.0
1706,142.9,7.00,21.09,0.1477,6.77,618.0,80.0
1713,142.9,7.00,21.09,0.1477,6.77,618.0,80.0
1720,144.9,6.90,21.10,0.1456,6.87,618.0,80.0
1727,144.9,6.90,21.10,0.1456,6.87,618.0,80.0
1734,142.9,7.00,21.10,0.1477,6.77,618.0,80.0
1740,144.9,6.90,21.10,0.1456,6.87,618.0,80.0
1747,142.9,7.00,21.10,0.1477,6.77,618.0,80.0
1754,144.9,6.90,21.10,0.1456,6.87,618.0,80.0
1761,142.9,7.00,21.10,0.1477,6.77,618.0,80.0
1768,144.9,6.90,21.10,0.1456,6.87,618.0,80.0
1775,144.9,6.90,21.10,0.1456,6.87,618.0,80.0
1782,142.9,7.00,21.10,0.1477,6.77,618.0,80.0
1789,147.1,6.80,21.10,0.1435,6.97,618.0,80.0
1796,140.8,7.10,21.10,0.1498,6.67,618.0,80.0
1803,142.9,7.00,21.10,0.1477,6.77,618.0,80.0
1810,144.9,6.90,21.10,0.1456,6.87,618.0,80.0
1817,144.9,6.90,21.10,0.1456,6.87,618.0,80.0
1824,147.1,6.80,21.10,0.1435,6.97,618.0,80.0
1831,142.9,7.00,21.10,0.1477,6.77,618.0,80.0
1838,142.9,7.00,21.10,0.1477,6.77,618.0,80.0
1845,144.9,6.90,21.10,0.1456,6.87,618.0,80.0
1851,144.9,6.90,21.10,0.1456,6.87,618.0,80.0
1858,142.9,7.00,21.10,0.1477,6.77,618.0,80.0
1865,144.9,6.90,21.10,0.1456,6.87,618.0,80.0
1872,142.9,7.00,21.10,0.1477,6.77,618.0,80.0
1879,142.9,7.00,21.10,0.1477,6.77,618.0,80.0
1886,144.9,6.90,21.10,0.1456,6.87,618.0,80.0
1893,144.9,6.90,21.10,0.1456,6.87,618.0,80.0
1900,142.9,7.00,21.10,0.1477,6.77,618.0,80.0
1907,142.9,7.00,21.10,0.1477,6.77,618.0,80.0
1914,142.9,7.00,21.10,0.1477,6.77,618.0,80.0
1921,147.1,6.80,21.10,0.1435,6.97,618.0,80.0
1928,140.8,7.10,21.10,0.1498,6.67,618.0,80.0
1935,147.1,6.80,21.10,0.1435,6.97,618.0,80.0
1942,144.9,6.90,21.10,0.1456,6.87,618.0,80.0
1949,142.9,7.00,21.10,0.1477,6.77,618.0,80.0
1956,144.9,6.90,21.10,0.1456,6.87,618.0,80.0
1963,142.9,7.00,21.10,0.1477,6.77,618.0,80.0
1970,142.9,7.00,21.11,0.1477,6.77,618.0,80.0
1977,142.9,7.00,21.11,0.1477,6.77,618.0,80.0
1984,144.9,6.90,21.11,0.1456,6.87,618.0,80.0
1990,144.9,6.90,21.11,0.1456,6.87,618.0,80.0
1997,144.9,6.90,21.11,0.1456,6.87,618.0,80.0
2004,142.9,7.00,21.11,0.1477,6.77,618.0,80.0
2011,144.9,6.90,21.11,0.1456,6.87,618.0,80.0
2018,142.9,7.00,21.11,0.1477,6.77,618.0,80.0
2025,144.9,6.90,21.11,0.1456,6.86,618.0,80.0
2032,144.9,6.90,21.11,0.1456,6.86,618.0,80.0
2039,142.9,7.00,21.11,0.1478,6.77,618.0,80.0
2046,142.9,7.00,21.11,0.1478,6.77,618.0,80.0
2053,144.9,6.90,21.11,0.1456,6.86,618.0,80.0
2060,142.9,7.00,21.11,0.1478,6.77,618.0,80.0
2067,144.9,6.90,21.11,0.1457,6.86,618.0,80.0
2074,142.9,7.00,21.11,0.1478,6.77,618.0,80.0
2081,147.1,6.80,21.11,0.1435,6.97,618.0,80.0
2088,142.9,7.00,21.11,0.1478,6.77,618.0,80.0
2095,144.9,6.90,21.11,0.1457,6.86,618.0,80.0
2102,142.9,7.00,21.11,0.1478,6.77,618.0,80.0
2109,142.9,7.00,21.11,0.1478,6.77,617.9,80.0
2115,144.9,6.90,21.11,0.1457,6.86,617.9,80.0
2122,142.9,7.00,21.11,0.1478,6.77,617.9,80.0
2129,144.9,6.90,21.11,0.1457,6.86,617.9,80.0
2136,142.9,7.00,21.12,0.1478,6.77,617.8,80.0
2143,144.9,6.90,21.12,0.1457,6.86,617.8,80.0
2150,144.9,6.90,21.12,0.1457,6.86,617.8,80.0
2157,142.9,7.00,21.12,0.1478,6.77,617.7,80.0
2164,142.9,7.00,21.12,0.1478,6.77,617.7,80.0
2171,144.9,6.90,21.12,0.1457,6.86,617.7,80.0
2178,144.9,6.90,21.12,0.1457,6.86,617.7,80.0
2185,144.9,6.90,21.12,0.1457,6.86,617.6,80.0
2192,142.9,7.00,21.12,0.1479,6.77,617.6,80.0
2199,142.9,7.00,21.12,0.1479,6.76,617.6,80.0
2206,144.9,6.90,21.12,0.1458,6.86,617.5,80.0
2213,144.9,6.90,21.13,0.1458,6.86,617.5,80.0
2220,142.9,7.00,21.13,0.1479,6.76,617.5,80.0
2227,142.9,7.00,21.13,0.1479,6.76,617.5,80.0
2233,147.1,6.80,21.13,0.1437,6.96,617.4,80.0
2240,142.9,7.00,21.13,0.1479,6.76,617.4,80.0
2247,142.9,7.00,21.13,0.1479,6.76,617.4,80.0
2254,144.9,6.90,21.13,0.1458,6.86,617.4,80.0
2261,144.9,6.90,21.13,0.1458,6.86,617.3,80.0
2268,142.9,7.00,21.13,0.1479,6.76,617.3,80.0
2275,144.9,6.90,21.13,0.1458,6.86,617.3,80.0
2282,142.9,7.00,21.13,0.1479,6.76,617.2,80.0
2289,144.9,6.90,21.14,0.1458,6.86,617.2,80.0
2296,144.9,6.90,21.14,0.1458,6.86,617.2,80.0
2303,142.9,7.00,21.14,0.1480,6.76,617.2,80.0
2310,144.9,6.90,21.14,0.1459,6.85,617.1,80.0
2317,142.9,7.00,21.14,0.1480,6.76,617.1,80.0
2324,144.9,6.90,21.14,0.1459,6.85,617.1,80.0
2331,144.9,6.90,21.14,0.1459,6.85,617.0,80.0
2338,144.9,6.90,21.14,0.1459,6.85,617.0,80.0
2345,142.9,7.00,21.14,0.1480,6.76,617.0,80.0
2351,144.9,6.90,21.14,0.1459,6.85,617.0,80.0
2358,142.9,7.00,21.14,0.1480,6.76,616.9,80.0
2366,140.8,7.10,21.15,0.1501,6.66,616.9,80.0
2372,147.1,6.80,21.15,0.1438,6.96,616.9,80.0
2379,142.9,7.00,21.15,0.1480,6.76,616.9,80.0
2386,144.9,6.90,21.15,0.1459,6.85,616.8,80.0
2393,142.9,7.00,21.15,0.1480,6.76,616.8,80.0
2400,142.9,7.00,21.15,0.1481,6.76,616.8,80.0
2407,144.9,6.90,21.15,0.1459,6.85,616.7,80.0
2414,144.9,6.90,21.15,0.1459,6.85,616.7,80.0
2421,142.9,7.00,21.15,0.1481,6.76,616.7,80.0
2428,144.9,6.90,21.15,0.1460,6.85,616.7,80.0
2435,147.1,6.80,21.15,0.1439,6.95,616.6,80.0
2442,142.9,7.00,21.16,0.1481,6.75,616.6,80.0
2449,142.9,7.00,21.16,0.1481,6.75,616.6,80.0
2456,144.9,6.90,21.16,0.1460,6.85,616.5,80.0
2463,144.9,6.90,21.16,0.1460,6.85,616.5,80.0
2470,140.8,7.10,21.16,0.1502,6.65,616.5,80.0
2476,147.1,6.80,21.16,0.1439,6.95,616.5,80.0
2484,140.8,7.10,21.16,0.1502,6.65,616.4,80.0
2490,144.9,6.90,21.16,0.1460,6.85,616.4,80.0
2497,144.9,6.90,21.16,0.1460,6.85,616.4,80.0
2504,142.9,7.00,21.16,0.1481,6.75,616.4,80.0
2511,142.9,7.00,21.16,0.1482,6.75,616.3,80.0
2518,144.9,6.90,21.17,0.1460,6.85,616.3,80.0
2525,142.9,7.00,21.17,0.1482,6.75,616.3,80.0
2532,144.9,6.90,21.17,0.1461,6.85,616.2,80.0
2539,144.9,6.90,21.17,0.1461,6.85,616.2,80.0
2546,142.9,7.00,21.17,0.1482,6.75,616.2,80.0
2553,144.9,6.90,21.17,0.1461,6.84,616.2,80.0
2560,142.9,7.00,21.17,0.1482,6.75,616.1,80.0
2567,144.9,6.90,21.17,0.1461,6.84,616.1,80.0
2574,144.9,6.90,21.17,0.1461,6.84,616.1,80.0
2581,144.9,6.90,21.17,0.1461,6.84,616.0,80.0
2588,142.9,7.00,21.17,0.1482,6.75,616.0,80.0
2595,144.9,6.90,21.18,0.1461,6.84,616.0,80.0
2602,140.8,7.10,21.18,0.1504,6.65,616.0,80.0
2609,144.9,6.90,21.18,0.1461,6.84,615.9,80.0
2615,144.9,6.90,21.18,0.1461,6.84,615.9,80.0
2622,144.9,6.90,21.18,0.1461,6.84,615.9,80.0
2629,142.9,7.00,21.18,0.1483,6.75,615.9,80.0
2636,144.9,6.90,21.18,0.1461,6.84,615.8,80.0
2643,144.9,6.90,21.18,0.1462,6.84,615.8,80.0
2650,142.9,7.00,21.18,0.1483,6.75,615.8,80.0
2657,142.9,7.00,21.18,0.1483,6.75,615.7,80.0
2664,142.9,7.00,21.18,0.1483,6.75,615.7,80.0
2671,147.1,6.80,21.19,0.1441,6.94,615.7,80.0
2678,142.9,7.00,21.19,0.1483,6.74,615.7,80.0
2685,142.9,7.00,21.19,0.1483,6.74,615.6,80.0
2692,144.9,6.90,21.19,0.1462,6.84,615.6,80.0
2699,147.1,6.80,21.19,0.1441,6.94,615.6,80.0
2706,140.8,7.10,21.19,0.1504,6.64,615.5,80.0
2713,142.9,7.00,21.19,0.1483,6.74,615.5,80.0
2720,147.1,6.80,21.19,0.1441,6.94,615.5,80.0
2727,142.9,7.00,21.19,0.1483,6.74,615.5,80.0
2734,142.9,7.00,21.19,0.1484,6.74,615.4,80.0
2740,144.9,6.90,21.19,0.1462,6.84,615.4,80.0
2747,147.1,6.80,21.20,0.1441,6.94,615.4,80.0
2754,140.8,7.10,21.20,0.1505,6.64,615.4,80.0
2761,144.9,6.90,21.20,0.1463,6.84,615.3,80.0
2768,142.9,7.00,21.20,0.1484,6.74,615.3,80.0
2775,144.9,6.90,21.20,0.1463,6.84,615.3,80.0
2782,142.9,7.00,21.20,0.1484,6.74,615.2,80.0
2789,144.9,6.90,21.20,0.1463,6.83,615.2,80.0
2796,144.9,6.90,21.20,0.1463,6.83,615.2,80.0
2803,142.9,7.00,21.20,0.1484,6.74,615.2,80.0
2810,144.9,6.90,21.20,0.1463,6.83,615.1,80.0
2817,144.9,6.90,21.20,0.1463,6.83,615.1,80.0
2824,140.8,7.10,21.21,0.1506,6.64,615.1,80.0
2831,144.9,6.90,21.21,0.1463,6.83,615.0,80.0
2838,147.1,6.80,21.21,0.1442,6.94,615.0,80.0
2844,144.9,6.90,21.21,0.1463,6.83,615.0,80.0
2851,142.9,7.00,21.21,0.1485,6.74,615.0,80.0
2858,144.9,6.90,21.21,0.1463,6.83,614.9,80.0
2865,142.9,7.00,21.21,0.1485,6.74,614.9,80.0
2872,144.9,6.90,21.21,0.1464,6.83,614.9,80.0
2879,142.9,7.00,21.21,0.1485,6.74,614.9,80.0
2886,144.9,6.90,21.21,0.1464,6.83,614.8,80.0
2893,142.9,7.00,21.21,0.1485,6.74,614.8,80.0
2900,142.9,7.00,21.22,0.1485,6.74,614.8,80.0
2907,144.9,6.90,21.22,0.1464,6.83,614.7,80.0
2914,142.9,7.00,21.22,0.1485,6.74,614.7,80.0
2921,144.9,6.90,21.22,0.1464,6.83,614.7,80.0
2928,144.9,6.90,21.22,0.1464,6.83,614.7,80.0
2935,142.9,7.00,21.22,0.1485,6.73,614.6,80.0
2942,144.9,6.90,21.22,0.1464,6.83,614.6,80.0
2949,142.9,7.00,21.22,0.1485,6.73,614.6,80.0
2956,144.9,6.90,21.22,0.1464,6.83,614.5,80.0
2963,144.9,6.90,21.22,0.1464,6.83,614.5,80.0
2970,142.9,7.00,21.22,0.1486,6.73,614.5,80.0
2976,144.9,6.90,21.22,0.1465,6.83,614.5,80.0
2984,140.8,7.10,21.23,0.1507,6.63,614.4,80.0
2990,144.9,6.90,21.23,0.1465,6.83,614.4,80.0
2997,144.9,6.90,21.23,0.1465,6.83,614.4,80.0
3004,142.9,7.00,21.23,0.1486,6.73,614.4,80.0
3011,144.9,6.90,21.23,0.1465,6.83,614.3,80.0
3018,142.9,7.00,21.23,0.1486,6.73,614.3,80.0
3025,142.9,7.00,21.23,0.1486,6.73,614.3,80.0
3032,144.9,6.90,21.23,0.1465,6.82,614.2,80.0
3039,142.9,7.00,21.23,0.1486,6.73,614.2,80.0
3046,144.9,6.90,21.23,0.1465,6.82,614.2,80.0
3053,147.1,6.80,21.23,0.1444,6.93,614.2,80.0
3060,140.8,7.10,21.24,0.1508,6.63,614.1,80.0
3067,144.9,6.90,21.24,0.1465,6.82,614.1,80.0
3074,144.9,6.90,21.24,0.1465,6.82,614.1,80.0
3081,140.8,7.10,21.24,0.1508,6.63,614.0,80.0
3088,144.9,6.90,21.24,0.1466,6.82,614.0,80.0
3095,147.1,6.80,21.24,0.1444,6.93,614.0,80.0
3102,142.9,7.00,21.24,0.1487,6.73,614.0,80.0
3109,140.8,7.10,21.24,0.1508,6.63,614.0,80.0
3116,144.9,6.90,21.24,0.1465,6.82,614.0,80.0
3122,144.9,6.90,21.24,0.1465,6.82,613.9,80.0
3129,144.9,6.90,21.24,0.1465,6.82,613.9,80.0
3136,142.9,7.00,21.24,0.1487,6.73,613.9,80.0
3143,144.9,6.90,21.24,0.1465,6.82,613.9,80.1
3150,142.9,7.00,21.24,0.1487,6.73,613.9,80.1
3157,142.9,7.00,21.24,0.1486,6.73,613.9,80.1
3164,147.1,6.80,21.23,0.1444,6.93,613.9,80.1
3171,147.1,6.80,21.23,0.1444,6.93,613.8,80.1
3178,140.8,7.10,21.23,0.1508,6.63,613.8,80.1
3185,142.9,7.00,21.23,0.1486,6.73,613.8,80.1
3192,149.3,6.70,21.23,0.1423,7.03,613.8,80.1
3199,140.8,7.10,21.23,0.1508,6.63,613.8,80.1
3206,144.9,6.90,21.23,0.1465,6.82,613.8,80.1
3213,144.9,6.90,21.23,0.1465,6.82,613.8,80.1
3220,142.9,7.00,21.23,0.1486,6.73,613.7,80.1
3226,144.9,6.90,21.23,0.1465,6.83,613.7,80.1
3233,142.9,7.00,21.23,0.1486,6.73,613.7,80.1
3240,144.9,6.90,21.23,0.1465,6.83,613.7,80.1
3247,144.9,6.90,21.23,0.1465,6.83,613.7,80.2
3254,140.8,7.10,21.23,0.1507,6.63,613.7,80.2
3261,147.1,6.80,21.23,0.1444,6.93,613.7,80.2
3268,142.9,7.00,21.23,0.1486,6.73,613.6,80.2
3275,142.9,7.00,21.23,0.1486,6.73,613.6,80.2
3282,142.9,7.00,21.23,0.1486,6.73,613.6,80.2
3289,144.9,6.90,21.23,0.1465,6.83,613.6,80.2
3296,147.1,6.80,21.23,0.1443,6.93,613.6,80.2
3303,142.9,7.00,21.23,0.1486,6.73,613.6,80.2
3310,144.9,6.90,21.22,0.1465,6.83,613.6,80.2
3317,140.8,7.10,21.22,0.1507,6.63,613.6,80.2
3324,144.9,6.90,21.22,0.1464,6.83,613.5,80.2
3331,144.9,6.90,21.22,0.1464,6.83,613.5,80.2
3338,142.9,7.00,21.22,0.1486,6.73,613.5,80.2
3345,142.9,7.00,21.22,0.1486,6.73,613.5,80.3
3351,147.1,6.80,21.22,0.1443,6.93,613.5,80.3
3358,142.9,7.00,21.22,0.1485,6.73,613.5,80.3
3365,144.9,6.90,21.22,0.1464,6.83,613.5,80.3
3372,142.9,7.00,21.22,0.1485,6.73,613.4,80.3
3379,144.9,6.90,21.22,0.1464,6.83,613.4,80.3
3386,144.9,6.90,21.22,0.1464,6.83,613.4,80.3
3393,144.9,6.90,21.22,0.1464,6.83,613.4,80.3
3400,142.9,7.00,21.22,0.1485,6.73,613.4,80.3
3407,144.9,6.90,21.22,0.1464,6.83,613.4,80.3
3414,142.9,7.00,21.22,0.1485,6.74,613.4,80.3
3421,142.9,7.00,21.22,0.1485,6.74,613.3,80.3
3428,142.9,7.00,21.22,0.1485,6.74,613.3,80.3
3435,147.1,6.80,21.22,0.1443,6.93,613.3,80.3
3442,142.9,7.00,21.22,0.1485,6.74,613.3,80.3
3449,144.9,6.90,21.22,0.1464,6.83,613.3,80.4
3456,142.9,7.00,21.21,0.1485,6.74,613.3,80.4
3463,138.9,7.20,21.21,0.1527,6.55,613.3,80.4
3470,147.1,6.80,21.21,0.1443,6.93,613.2,80.4
3476,147.1,6.80,21.21,0.1442,6.93,613.2,80.4
3483,144.9,6.90,21.21,0.1464,6.83,613.2,80.4
3490,144.9,6.90,21.21,0.1464,6.83,613.2,80.4
3497,138.9,7.20,21.21,0.1527,6.55,613.2,80.4
3504,144.9,6.90,21.21,0.1464,6.83,613.2,80.4
3511,142.9,7.00,21.21,0.1485,6.74,613.2,80.4
3518,147.1,6.80,21.21,0.1442,6.94,613.1,80.4
3525,140.8,7.10,21.21,0.1506,6.64,613.1,80.4
3532,144.9,6.90,21.21,0.1463,6.83,613.1,80.4
3539,142.9,7.00,21.21,0.1485,6.74,613.1,80.4
3546,144.9,6.90,21.21,0.1463,6.83,613.1,80.5
3553,144.9,6.90,21.21,0.1463,6.83,613.1,80.5
3560,144.9,6.90,21.21,0.1463,6.83,613.1,80.5
3567,142.9,7.00,21.21,0.1484,6.74,613.1,80.5
3574,144.9,6.90,21.21,0.1463,6.83,613.0,80.5
3581,140.8,7.10,21.21,0.1506,6.64,613.0,80.5
3588,147.1,6.80,21.21,0.1442,6.94,613.0,80.5
3595,144.9,6.90,21.20,0.1463,6.83,613.0,80.5
3602,142.9,7.00,21.20,0.1484,6.74,613.0,80.5
3608,144.9,6.90,21.20,0.1463,6.83,613.0,80.5
3615,142.9,7.00,21.20,0.1484,6.74,613.0,80.5
3622,142.9,7.00,21.20,0.1484,6.74,612.9,80.5
3629,144.9,6.90,21.20,0.1463,6.83,612.9,80.5
3636,144.9,6.90,21.20,0.1463,6.83,612.9,80.5
3643,144.9,6.90,21.20,0.1463,6.83,612.9,80.6
3650,142.9,7.00,21.20,0.1484,6.74,612.9,80.6
3657,144.9,6.90,21.20,0.1463,6.83,612.9,80.6
3664,142.9,7.00,21.20,0.1484,6.74,612.9,80.6
3671,144.9,6.90,21.20,0.1463,6.84,612.8,80.6
3678,142.9,7.00,21.20,0.1484,6.74,612.8,80.6
3685,144.9,6.90,21.20,0.1463,6.84,612.8,80.6
3692,142.9,7.00,21.20,0.1484,6.74,612.8,80.6
3699,144.9,6.90,21.20,0.1463,6.84,612.8,80.6
3706,142.9,7.00,21.20,0.1484,6.74,612.8,80.6
3713,144.9,6.90,21.20,0.1463,6.84,612.8,80.6
3720,142.9,7.00,21.20,0.1484,6.74,612.7,80.6
3727,144.9,6.90,21.20,0.1462,6.84,612.7,80.6
3734,142.9,7.00,21.20,0.1484,6.74,612.7,80.6
3740,144.9,6.90,21.19,0.1462,6.84,612.7,80.6
3747,142.9,7.00,21.19,0.1484,6.74,612.7,80.7
3754,144.9,6.90,21.19,0.1462,6.84,612.7,80.7
3761,147.1,6.80,21.19,0.1441,6.94,612.7,80.7
3768,142.9,7.00,21.19,0.1483,6.74,612.6,80.7
3775,144.9,6.90,21.19,0.1462,6.84,612.6,80.7
3782,142.9,7.00,21.19,0.1483,6.74,612.6,80.7
3789,142.9,7.00,21.19,0.1483,6.74,612.6,80.7
3796,142.9,7.00,21.19,0.1483,6.74,612.6,80.7
3803,144.9,6.90,21.19,0.1462,6.84,612.6,80.7
3810,147.1,6.80,21.19,0.1441,6.94,612.6,80.7
3817,142.9,7.00,21.19,0.1483,6.74,612.6,80.7
3824,142.9,7.00,21.19,0.1483,6.74,612.5,80.7
3831,144.9,6.90,21.19,0.1462,6.84,612.5,80.7
3838,142.9,7.00,21.19,0.1483,6.74,612.5,80.7
3845,144.9,6.90,21.19,0.1462,6.84,612.5,80.8
3851,144.9,6.90,21.19,0.1462,6.84,612.5,80.8
3858,144.9,6.90,21.19,0.1462,6.84,612.5,80.8
3865,142.9,7.00,21.19,0.1483,6.75,612.5,80.8
3872,142.9,7.00,21.19,0.1483,6.75,612.4,80.8
3879,144.9,6.90,21.18,0.1462,6.84,612.4,80.8
3886,142.9,7.00,21.18,0.1483,6.75,612.4,80.8
3893,144.9,6.90,21.18,0.1462,6.84,612.4,80.8
3900,142.9,7.00,21.18,0.1483,6.75,612.4,80.8
3907,142.9,7.00,21.18,0.1483,6.75,612.4,80.8
3914,147.1,6.80,21.18,0.1440,6.94,612.4,80.8
3921,140.8,7.10,21.18,0.1504,6.65,612.3,80.8
3928,144.9,6.90,21.18,0.1462,6.84,612.3,80.8
3935,144.9,6.90,21.18,0.1461,6.84,612.3,80.8
3942,144.9,6.90,21.18,0.1461,6.84,612.3,80.8
3949,142.9,7.00,21.18,0.1483,6.75,612.3,80.9
3956,144.9,6.90,21.18,0.1461,6.84,612.3,80.9
3963,142.9,7.00,21.18,0.1483,6.75,612.3,80.9
3970,144.9,6.90,21.18,0.1461,6.84,612.2,80.9
3977,142.9,7.00,21.18,0.1482,6.75,612.2,80.9
3984,142.9,7.00,21.18,0.1482,6.75,612.2,80.9
3990,144.9,6.90,21.18,0.1461,6.84,612.2,80.9
3997,144.9,6.90,21.18,0.1461,6.84,612.2,80.9
4004,142.9,7.00,21.18,0.1482,6.75,612.2,80.9
4011,144.9,6.90,21.18,0.1461,6.84,612.2,80.9
4018,144.9,6.90,21.18,0.1461,6.84,612.1,80.9
4025,142.9,7.00,21.17,0.1482,6.75,612.1,80.9
4032,144.9,6.90,21.17,0.1461,6.84,612.1,80.9
4039,142.9,7.00,21.17,0.1482,6.75,612.1,80.9
4046,144.9,6.90,21.17,0.1461,6.84,612.1,81.0
4053,144.9,6.90,21.17,0.1461,6.84,612.1,81.0
4060,140.8,7.10,21.17,0.1503,6.65,612.1,81.0
4067,147.1,6.80,21.17,0.1440,6.95,612.1,81.0
4074,142.9,7.00,21.17,0.1482,6.75,612.0,81.0
4081,144.9,6.90,21.17,0.1461,6.84,612.0,81.0
4088,142.9,7.00,21.17,0.1482,6.75,612.0,81.0
4095,144.9,6.90,21.17,0.1461,6.84,612.0,81.0
4101,144.9,6.90,21.17,0.1461,6.84,612.0,81.0
4108,142.9,7.00,21.17,0.1482,6.75,612.0,81.0
4115,142.9,7.00,21.17,0.1482,6.75,612.0,81.0
4122,142.9,7.00,21.17,0.1482,6.75,612.0,81.0
4129,144.9,6.90,21.17,0.1461,6.84,612.0,81.0
4136,144.9,6.90,21.17,0.1461,6.84,612.0,81.0
4143,142.9,7.00,21.18,0.1482,6.75,612.0,81.0
4150,144.9,6.90,21.18,0.1461,6.84,612.0,81.0
4157,142.9,7.00,21.18,0.1482,6.75,612.0,81.0
4164,144.9,6.90,21.18,0.1461,6.84,612.0,81.0
4171,144.9,6.90,21.18,0.1461,6.84,612.0,81.0
4178,142.9,7.00,21.18,0.1483,6.75,612.0,81.0
4185,144.9,6.90,21.18,0.1461,6.84,612.0,81.0
4192,142.9,7.00,21.18,0.1483,6.75,612.0,81.0
4199,144.9,6.90,21.18,0.1461,6.84,612.0,81.0
4206,142.9,7.00,21.18,0.1483,6.75,612.0,81.0
4213,144.9,6.90,21.18,0.1462,6.84,612.0,81.0
4220,144.9,6.90,21.18,0.1462,6.84,612.0,81.0
4227,142.9,7.00,21.18,0.1483,6.75,612.0,81.0
4233,144.9,6.90,21.18,0.1462,6.84,612.0,81.0
4240,144.9,6.90,21.18,0.1462,6.84,612.0,81.0
4247,142.9,7.00,21.19,0.1483,6.75,612.0,81.0
4254,144.9,6.90,21.19,0.1462,6.84,612.0,81.0
4261,144.9,6.90,21.19,0.1462,6.84,612.0,81.0
4268,142.9,7.00,21.19,0.1483,6.74,612.0,81.0
4275,140.8,7.10,21.19,0.1504,6.65,612.0,81.0
4282,144.9,6.90,21.19,0.1462,6.84,612.0,81.0
4289,144.9,6.90,21.19,0.1462,6.84,612.0,81.0
4296,142.9,7.00,21.19,0.1483,6.74,612.0,81.0
4303,144.9,6.90,21.19,0.1462,6.84,612.0,81.0
4310,142.9,7.00,21.19,0.1483,6.74,612.0,81.0
4317,144.9,6.90,21.19,0.1462,6.84,612.0,81.0
4324,144.9,6.90,21.19,0.1462,6.84,612.0,81.0
4331,147.1,6.80,21.19,0.1441,6.94,612.0,81.0
4338,142.9,7.00,21.19,0.1484,6.74,612.0,81.0
4345,142.9,7.00,21.20,0.1484,6.74,612.0,81.0
4351,144.9,6.90,21.20,0.1463,6.84,612.0,81.0
4359,140.8,7.10,21.20,0.1505,6.64,612.0,81.0
4365,147.1,6.80,21.20,0.1441,6.94,612.0,81.0
4372,140.8,7.10,21.20,0.1505,6.64,612.0,81.0
4379,147.1,6.80,21.20,0.1442,6.94,612.0,81.0
4386,144.9,6.90,21.20,0.1463,6.84,612.0,81.0
4393,142.9,7.00,21.20,0.1484,6.74,612.0,81.0
4400,142.9,7.00,21.20,0.1484,6.74,612.0,81.0
4407,142.9,7.00,21.20,0.1484,6.74,612.0,81.0
4414,144.9,6.90,21.20,0.1463,6.83,612.0,81.0
4421,144.9,6.90,21.20,0.1463,6.83,612.0,81.0
4428,142.9,7.00,21.20,0.1484,6.74,612.0,81.0
4435,144.9,6.90,21.20,0.1463,6.83,612.0,81.0
4442,142.9,7.00,21.20,0.1484,6.74,612.0,81.0
4449,144.9,6.90,21.21,0.1463,6.83,612.0,81.0
4456,142.9,7.00,21.21,0.1484,6.74,612.0,81.0
4463,144.9,6.90,21.21,0.1463,6.83,612.0,81.0
4470,144.9,6.90,21.21,0.1463,6.83,612.0,81.0
4476,144.9,6.90,21.21,0.1463,6.83,612.0,81.0
4483,142.9,7.00,21.21,0.1485,6.74,612.0,81.0
4490,144.9,6.90,21.21,0.1463,6.83,612.0,81.0
4497,140.8,7.10,21.21,0.1506,6.64,612.0,81.0
4504,144.9,6.90,21.21,0.1464,6.83,612.0,81.0
4511,144.9,6.90,21.21,0.1464,6.83,612.0,81.0
4518,144.9,6.90,21.21,0.1464,6.83,612.0,81.0
4525,144.9,6.90,21.21,0.1464,6.83,612.0,81.0
4532,140.8,7.10,21.21,0.1506,6.64,612.0,81.0
4539,144.9,6.90,21.21,0.1464,6.83,612.0,81.0
4546,142.9,7.00,21.22,0.1485,6.74,612.0,81.0
4553,147.1,6.80,21.22,0.1443,6.93,612.0,81.0
4560,142.9,7.00,21.22,0.1485,6.74,612.0,81.0
4567,142.9,7.00,21.22,0.1485,6.74,612.0,81.0
4574,144.9,6.90,21.22,0.1464,6.83,612.0,81.0
4581,147.1,6.80,21.22,0.1443,6.93,612.0,81.0
4588,142.9,7.00,21.22,0.1485,6.73,612.0,81.0
4595,142.9,7.00,21.22,0.1485,6.73,612.0,81.0
4602,142.9,7.00,21.22,0.1485,6.73,612.0,81.0
4609,142.9,7.00,21.22,0.1486,6.73,612.0,81.0
4615,144.9,6.90,21.22,0.1464,6.83,612.0,81.0
4622,144.9,6.90,21.22,0.1464,6.83,612.0,81.0
4629,142.9,7.00,21.22,0.1486,6.73,612.0,81.0
4636,144.9,6.90,21.22,0.1464,6.83,612.0,81.0
4643,144.9,6.90,21.23,0.1465,6.83,612.0,81.0
4650,144.9,6.90,21.23,0.1465,6.83,612.0,81.0
4657,140.8,7.10,21.23,0.1507,6.63,612.0,81.0
4664,144.9,6.90,21.23,0.1465,6.83,612.0,81.0
4671,144.9,6.90,21.23,0.1465,6.83,612.0,81.0
4678,142.9,7.00,21.23,0.1486,6.73,612.0,81.0
4685,144.9,6.90,21.23,0.1465,6.83,612.0,81.0
4692,142.9,7.00,21.23,0.1486,6.73,612.0,81.0
4699,147.1,6.80,21.23,0.1444,6.93,612.0,81.0
4706,142.9,7.00,21.23,0.1486,6.73,612.0,81.0
4713,144.9,6.90,21.23,0.1465,6.82,612.0,81.0
4720,142.9,7.00,21.23,0.1486,6.73,612.0,81.0
4726,147.1,6.80,21.23,0.1444,6.93,612.0,81.0
4733,140.8,7.10,21.23,0.1508,6.63,612.0,81.0
4740,142.9,7.00,21.23,0.1486,6.73,612.0,81.0
4747,144.9,6.90,21.24,0.1465,6.82,612.0,81.0
4754,142.9,7.00,21.24,0.1487,6.73,612.0,81.0
4761,144.9,6.90,21.24,0.1465,6.82,612.0,81.0
4768,144.9,6.90,21.24,0.1465,6.82,612.0,81.0
4775,142.9,7.00,21.24,0.1487,6.73,612.0,81.0
4782,142.9,7.00,21.24,0.1487,6.73,612.0,81.0
4789,144.9,6.90,21.24,0.1466,6.82,612.0,81.0
4796,144.9,6.90,21.24,0.1466,6.82,612.0,81.0
4803,142.9,7.00,21.24,0.1487,6.73,612.0,81.0
4810,147.1,6.80,21.24,0.1444,6.93,612.0,81.0
4817,144.9,6.90,21.24,0.1466,6.82,612.0,81.0
4824,140.8,7.10,21.24,0.1508,6.63,612.0,81.0
4831,144.9,6.90,21.24,0.1466,6.82,612.0,81.0
4838,142.9,7.00,21.24,0.1487,6.73,612.0,81.0
4845,144.9,6.90,21.25,0.1466,6.82,612.0,81.0
4851,147.1,6.80,21.25,0.1445,6.92,612.0,81.0
4858,142.9,7.00,21.25,0.1487,6.73,612.0,81.0
4865,142.9,7.00,21.25,0.1487,6.73,612.0,81.0
4872,144.9,6.90,21.25,0.1466,6.82,612.0,81.0
4879,144.9,6.90,21.25,0.1466,6.82,612.0,81.0
4886,142.9,7.00,21.25,0.1487,6.72,612.0,81.0
4893,142.9,7.00,21.25,0.1488,6.72,612.0,81.0
4900,144.9,6.90,21.25,0.1466,6.82,612.0,81.0
4907,142.9,7.00,21.25,0.1488,6.72,612.0,81.0
4914,144.9,6.90,21.25,0.1466,6.82,612.0,81.0
4921,144.9,6.90,21.25,0.1466,6.82,612.0,81.0
4928,142.9,7.00,21.25,0.1488,6.72,612.0,81.0
4935,144.9,6.90,21.25,0.1467,6.82,612.0,81.0
4942,142.9,7.00,21.25,0.1488,6.72,612.0,81.0
4949,144.9,6.90,21.26,0.1467,6.82,612.0,81.0
4956,142.9,7.00,21.26,0.1488,6.72,612.0,81.0
4963,144.9,6.90,21.26,0.1467,6.82,612.0,81.0
4969,144.9,6.90,21.26,0.1467,6.82,612.0,81.0
4976,142.9,7.00,21.26,0.1488,6.72,612.0,81.0
4983,144.9,6.90,21.26,0.1467,6.82,612.0,81.0
4990,142.9,7.00,21.26,0.1488,6.72,612.0,81.0
4997,142.9,7.00,21.26,0.1488,6.72,612.0,81.0
5004,142.9,7.00,21.26,0.1488,6.72,612.0,81.0
5011,144.9,6.90,21.26,0.1467,6.82,612.0,81.0
5018,144.9,6.90,21.26,0.1467,6.81,612.0,81.0
5025,144.9,6.90,21.26,0.1467,6.81,612.0,81.0
5032,142.9,7.00,21.26,0.1488,6.72,612.0,81.0
5039,142.9,7.00,21.26,0.1489,6.72,612.0,81.0
5046,142.9,7.00,21.27,0.1489,6.72,612.0,81.0
5053,144.9,6.90,21.27,0.1467,6.81,612.0,81.0
5060,147.1,6.80,21.27,0.1446,6.92,612.0,81.0
5067,140.8,7.10,21.27,0.1510,6.62,612.0,81.0
5074,144.9,6.90,21.27,0.1468,6.81,612.0,81.0
5081,142.9,7.00,21.27,0.1489,6.72,612.0,81.0
5088,144.9,6.90,21.27,0.1468,6.81,612.0,81.0
5095,144.9,6.90,21.27,0.1468,6.81,612.0,81.0
5102,142.9,7.00,21.27,0.1489,6.72,612.0,81.0
5108,144.9,6.90,21.27,0.1468,6.81,612.0,81.0
5115,144.9,6.90,21.27,0.1468,6.81,612.0,81.0
5122,142.9,7.00,21.27,0.1489,6.72,612.0,81.0
5129,144.9,6.90,21.27,0.1468,6.81,612.0,81.0
5136,144.9,6.90,21.27,0.1468,6.81,612.0,81.0
5143,140.8,7.10,21.27,0.1510,6.62,612.0,81.0
5150,147.1,6.80,21.27,0.1446,6.92,612.0,81.0
5157,142.9,7.00,21.27,0.1489,6.72,612.0,81.0
5164,142.9,7.00,21.27,0.1489,6.72,612.0,81.0
5171,144.9,6.90,21.27,0.1467,6.81,612.0,81.0
5178,142.9,7.00,21.27,0.1489,6.72,612.0,81.0
5185,147.1,6.80,21.27,0.1446,6.92,612.0,81.0
5192,142.9,7.00,21.27,0.1489,6.72,612.0,81.0
5199,142.9,7.00,21.27,0.1489,6.72,612.0,81.0
5206,144.9,6.90,21.27,0.1467,6.81,612.0,81.0
5213,144.9,6.90,21.27,0.1467,6.81,612.0,81.0
5220,142.9,7.00,21.27,0.1489,6.72,612.0,81.0
5227,142.9,7.00,21.27,0.1489,6.72,612.0,81.0
5233,147.1,6.80,21.27,0.1446,6.92,612.0,81.0
5240,140.8,7.10,21.27,0.1510,6.62,612.0,81.0
5247,144.9,6.90,21.27,0.1467,6.81,612.0,81.0
5254,144.9,6.90,21.27,0.1467,6.81,612.0,81.0
5261,142.9,7.00,21.26,0.1489,6.72,612.0,81.0
5268,144.9,6.90,21.26,0.1467,6.81,612.0,81.0
5275,142.9,7.00,21.26,0.1489,6.72,612.0,81.0
5282,147.1,6.80,21.26,0.1446,6.92,612.0,81.0
5289,142.9,7.00,21.26,0.1488,6.72,612.0,81.0
5296,144.9,6.90,21.26,0.1467,6.81,612.0,81.0
5303,142.9,7.00,21.26,0.1488,6.72,612.0,81.0
5310,142.9,7.00,21.26,0.1488,6.72,612.0,81.0
5317,144.9,6.90,21.26,0.1467,6.81,612.0,81.0
5324,144.9,6.90,21.26,0.1467,6.81,612.0,81.0
5331,144.9,6.90,21.26,0.1467,6.81,612.0,81.0
5338,142.9,7.00,21.26,0.1488,6.72,612.0,81.0
5344,144.9,6.90,21.26,0.1467,6.81,612.0,81.0
5351,144.9,6.90,21.26,0.1467,6.81,612.0,81.0
5358,140.8,7.10,21.26,0.1510,6.62,612.0,81.0
5365,144.9,6.90,21.26,0.1467,6.82,612.0,81.0
5372,142.9,7.00,21.26,0.1488,6.72,612.0,81.0
5379,144.9,6.90,21.26,0.1467,6.82,612.0,81.0
5386,144.9,6.90,21.26,0.1467,6.82,612.0,81.0
5393,142.9,7.00,21.26,0.1488,6.72,612.0,81.0
5400,144.9,6.90,21.26,0.1467,6.82,612.0,81.0
5407,144.9,6.90,21.26,0.1467,6.82,612.0,81.0
5414,142.9,7.00,21.26,0.1488,6.72,612.0,81.0
5421,142.9,7.00,21.26,0.1488,6.72,612.0,81.0
5428,147.1,6.80,21.26,0.1446,6.92,612.0,81.0
5435,142.9,7.00,21.26,0.1488,6.72,612.0,81.0
5442,144.9,6.90,21.26,0.1467,6.82,612.0,81.0
5449,142.9,7.00,21.26,0.1488,6.72,612.0,81.0
5456,144.9,6.90,21.26,0.1467,6.82,612.0,81.0
5463,142.9,7.00,21.26,0.1488,6.72,612.0,81.0
5469,144.9,6.90,21.26,0.1467,6.82,612.0,81.0
5476,142.9,7.00,21.26,0.1488,6.72,612.0,81.0
5483,144.9,6.90,21.26,0.1467,6.82,612.0,81.0
5490,142.9,7.00,21.26,0.1488,6.72,612.0,81.0
5497,144.9,6.90,21.26,0.1467,6.82,612.0,81.0
5504,140.8,7.10,21.26,0.1509,6.62,612.0,81.0
5511,144.9,6.90,21.26,0.1467,6.82,612.0,81.0
5518,142.9,7.00,21.26,0.1488,6.72,612.0,81.0
5525,144.9,6.90,21.26,0.1467,6.82,612.0,81.0
5532,144.9,6.90,21.26,0.1467,6.82,612.0,81.0
5539,144.9,6.90,21.26,0.1467,6.82,612.0,81.0
5546,142.9,7.00,21.26,0.1488,6.72,612.0,81.0
5553,144.9,6.90,21.26,0.1467,6.82,612.0,81.0
5560,144.9,6.90,21.26,0.1467,6.82,612.0,81.0
5567,142.9,7.00,21.26,0.1488,6.72,612.0,81.0
5574,142.9,7.00,21.26,0.1488,6.72,612.0,81.0
5581,144.9,6.90,21.26,0.1467,6.82,612.0,81.0
5588,142.9,7.00,21.26,0.1488,6.72,612.0,81.0
5595,144.9,6.90,21.25,0.1467,6.82,612.0,81.0
5601,144.9,6.90,21.25,0.1467,6.82,612.0,81.0
5608,142.9,7.00,21.25,0.1488,6.72,612.0,81.0
5615,144.9,6.90,21.25,0.1467,6.82,612.0,81.0
5622,144.9,6.90,21.25,0.1467,6.82,612.0,81.0
5629,142.9,7.00,21.25,0.1488,6.72,612.0,81.0
5636,142.9,7.00,21.25,0.1488,6.72,612.0,81.0
5643,144.9,6.90,21.25,0.1466,6.82,612.0,81.0
5650,144.9,6.90,21.25,0.1466,6.82,612.0,81.0
5657,142.9,7.00,21.25,0.1488,6.72,612.0,81.0
5664,142.9,7.00,21.25,0.1488,6.72,612.0,81.0
5671,144.9,6.90,21.25,0.1466,6.82,612.0,81.0
5678,144.9,6.90,21.25,0.1466,6.82,612.0,81.0
5685,142.9,7.00,21.25,0.1488,6.72,612.0,81.0
5692,142.9,7.00,21.25,0.1488,6.72,612.0,81.0
5699,147.1,6.80,21.25,0.1445,6.92,612.0,81.0
5706,142.9,7.00,21.25,0.1488,6.72,612.0,81.0
5713,142.9,7.00,21.25,0.1488,6.72,612.0,81.0
5720,142.9,7.00,21.25,0.1488,6.72,612.0,81.0
5726,147.1,6.80,21.25,0.1445,6.92,612.0,81.0
5733,142.9,7.00,21.25,0.1488,6.72,612.0,81.0
5740,144.9,6.90,21.25,0.1466,6.82,612.0,81.0
5747,142.9,7.00,21.25,0.1488,6.72,612.0,81.0
5754,144.9,6.90,21.25,0.1466,6.82,612.0,81.0
5761,144.9,6.90,21.25,0.1466,6.82,612.0,81.0
5768,144.9,6.90,21.25,0.1466,6.82,612.0,81.0
5775,142.9,7.00,21.25,0.1487,6.72,612.0,81.0
5782,142.9,7.00,21.25,0.1487,6.72,612.0,81.0
5789,144.9,6.90,21.25,0.1466,6.82,612.0,81.0
5796,142.9,7.00,21.25,0.1487,6.73,612.0,81.0
5803,144.9,6.90,21.25,0.1466,6.82,612.0,81.0
5810,144.9,6.90,21.25,0.1466,6.82,612.0,81.0
5817,142.9,7.00,21.25,0.1487,6.73,612.0,81.0
5824,144.9,6.90,21.25,0.1466,6.82,612.0,81.0
5831,142.9,7.00,21.25,0.1487,6.73,612.0,81.0
5838,144.9,6.90,21.25,0.1466,6.82,612.0,81.0
5845,142.9,7.00,21.25,0.1487,6.73,612.0,81.0
5852,142.9,7.00,21.25,0.1487,6.73,612.0,81.0
5858,147.1,6.80,21.25,0.1445,6.92,612.0,81.0
5865,144.9,6.90,21.25,0.1466,6.82,612.0,81.0
5872,142.9,7.00,21.25,0.1487,6.73,612.0,81.0
5879,144.9,6.90,21.25,0.1466,6.82,612.0,81.0
5886,142.9,7.00,21.25,0.1487,6.73,612.0,81.0
5893,144.9,6.90,21.25,0.1466,6.82,612.0,81.0
5900,140.8,7.10,21.25,0.1508,6.63,612.0,81.0
5907,144.9,6.90,21.25,0.1466,6.82,612.0,81.0
5914,140.8,7.10,21.25,0.1508,6.63,612.0,81.0
5921,147.1,6.80,21.25,0.1445,6.92,612.0,81.0
5928,142.9,7.00,21.24,0.1487,6.73,612.0,81.0
5935,144.9,6.90,21.24,0.1466,6.82,612.0,81.0
5942,142.9,7.00,21.24,0.1487,6.73,612.0,81.0
5949,147.1,6.80,21.24,0.1445,6.92,612.0,81.0
5956,142.9,7.00,21.24,0.1487,6.73,612.0,81.0
5963,144.9,6.90,21.24,0.1466,6.82,612.0,81.0
5970,142.9,7.00,21.24,0.1487,6.73,612.0,81.0
5976,144.9,6.90,21.24,0.1466,6.82,612.0,81.0
5983,144.9,6.90,21.24,0.1466,6.82,612.0,81.0
5990,142.9,7.00,21.24,0.1487,6.73,612.0,81.0
5997,142.9,7.00,21.24,0.1487,6.73,612.0,81.0
6004,147.1,6.80,21.24,0.1444,6.92,612.0,81.0
6011,140.8,7.10,21.24,0.1508,6.63,612.0,81.0
6018,144.9,6.90,21.24,0.1466,6.82,612.0,81.0
6025,142.9,7.00,21.24,0.1487,6.73,612.0,81.0
6032,144.9,6.90,21.24,0.1466,6.82,612.0,81.0
6039,144.9,6.90,21.24,0.1466,6.82,612.0,81.0
6046,144.9,6.90,21.24,0.1466,6.82,612.0,81.0
6053,142.9,7.00,21.24,0.1487,6.73,612.0,81.0
6060,142.9,7.00,21.24,0.1487,6.73,612.0,81.0
6067,142.9,7.00,21.24,0.1487,6.73,612.0,81.0
6074,144.9,6.90,21.24,0.1466,6.82,612.0,81.0
6081,142.9,7.00,21.24,0.1487,6.73,612.0,81.0
6088,144.9,6.90,21.24,0.1466,6.82,612.0,81.0
6095,142.9,7.00,21.24,0.1487,6.73,612.0,81.0
6102,144.9,6.90,21.24,0.1465,6.82,612.0,81.0
6108,144.9,6.90,21.24,0.1465,6.82,612.0,81.0
6115,142.9,7.00,21.24,0.1486,6.73,612.0,81.0
6122,147.1,6.80,21.23,0.1444,6.93,612.0,81.0
6129,142.9,7.00,21.23,0.1486,6.73,612.0,81.0
6136,144.9,6.90,21.23,0.1465,6.82,612.0,81.0
6143,142.9,7.00,21.23,0.1486,6.73,612.0,81.0
6150,144.9,6.90,21.23,0.1465,6.83,612.0,81.0
6157,142.9,7.00,21.23,0.1486,6.73,612.0,81.0
6164,144.9,6.90,21.23,0.1465,6.83,612.0,81.0
6171,142.9,7.00,21.22,0.1486,6.73,612.0,81.0
6178,144.9,6.90,21.22,0.1464,6.83,612.0,81.0
6185,144.9,6.90,21.22,0.1464,6.83,612.0,81.0
6192,142.9,7.00,21.22,0.1485,6.73,612.0,81.0
6199,142.9,7.00,21.22,0.1485,6.73,612.0,81.0
6206,144.9,6.90,21.22,0.1464,6.83,612.0,81.0
6213,144.9,6.90,21.22,0.1464,6.83,612.0,81.0
6220,140.8,7.10,21.22,0.1506,6.64,612.0,81.0
6226,147.1,6.80,21.21,0.1443,6.93,612.0,81.0
6233,144.9,6.90,21.21,0.1464,6.83,612.0,81.0
6240,142.9,7.00,21.21,0.1485,6.74,612.0,81.0
6247,142.9,7.00,21.21,0.1485,6.74,612.0,81.0
6254,144.9,6.90,21.21,0.1463,6.83,612.0,81.0
6261,144.9,6.90,21.21,0.1463,6.83,612.0,81.0
6268,142.9,7.00,21.21,0.1484,6.74,612.0,81.0
6275,144.9,6.90,21.21,0.1463,6.83,612.0,81.0
6282,142.9,7.00,21.20,0.1484,6.74,612.0,81.0
6289,144.9,6.90,21.20,0.1463,6.83,612.0,81.0
6296,142.9,7.00,21.20,0.1484,6.74,612.0,81.0
6303,144.9,6.90,21.20,0.1463,6.83,612.0,81.0
6310,144.9,6.90,21.20,0.1463,6.84,612.0,81.0
6317,142.9,7.00,21.20,0.1484,6.74,612.0,81.0
6324,144.9,6.90,21.20,0.1463,6.84,612.0,81.0
6331,140.8,7.10,21.19,0.1505,6.64,612.0,81.0
6338,144.9,6.90,21.19,0.1462,6.84,612.0,81.0
6345,142.9,7.00,21.19,0.1483,6.74,612.0,81.0
6351,147.1,6.80,21.19,0.1441,6.94,612.0,81.0
6358,144.9,6.90,21.19,0.1462,6.84,612.0,81.0
6365,140.8,7.10,21.19,0.1504,6.65,612.0,81.0
6372,144.9,6.90,21.19,0.1462,6.84,612.0,81.0
6379,142.9,7.00,21.19,0.1483,6.75,612.0,81.0
6386,144.9,6.90,21.18,0.1462,6.84,612.0,81.0
6393,144.9,6.90,21.18,0.1462,6.84,612.0,81.0
6400,144.9,6.90,21.18,0.1462,6.84,612.0,81.0
6407,142.9,7.00,21.18,0.1483,6.75,612.0,81.0
6414,144.9,6.90,21.18,0.1461,6.84,612.0,81.0
6421,140.8,7.10,21.18,0.1504,6.65,612.0,81.0
6428,144.9,6.90,21.18,0.1461,6.84,612.0,81.0
6435,144.9,6.90,21.17,0.1461,6.84,612.0,81.0
6442,144.9,6.90,21.17,0.1461,6.84,612.0,81.0
6449,142.9,7.00,21.17,0.1482,6.75,612.0,81.0
6456,144.9,6.90,21.17,0.1461,6.84,612.0,81.0
6463,144.9,6.90,21.17,0.1461,6.84,612.0,81.0
6470,142.9,7.00,21.17,0.1482,6.75,612.0,81.0
6476,147.1,6.80,21.17,0.1439,6.95,612.0,81.0
6483,140.8,7.10,21.17,0.1503,6.65,612.0,81.0
6490,144.9,6.90,21.16,0.1460,6.85,612.0,81.0
6497,142.9,7.00,21.16,0.1481,6.75,612.0,81.0
6504,142.9,7.00,21.16,0.1481,6.75,612.0,81.0
6511,142.9,7.00,21.16,0.1481,6.75,612.0,81.0
6518,147.1,6.80,21.16,0.1439,6.95,612.0,81.0
6525,140.8,7.10,21.16,0.1502,6.65,612.0,81.0
6532,147.1,6.80,21.16,0.1439,6.95,612.0,81.0
6539,144.9,6.90,21.16,0.1460,6.85,612.0,81.0
6546,140.8,7.10,21.15,0.1502,6.66,612.0,81.0
6553,147.1,6.80,21.15,0.1438,6.95,612.0,81.0
6560,140.8,7.10,21.15,0.1502,6.66,612.0,81.0
6567,144.9,6.90,21.15,0.1459,6.85,612.0,81.0
6574,144.9,6.90,21.15,0.1459,6.85,612.0,81.0
6581,144.9,6.90,21.15,0.1459,6.85,612.0,81.0
6588,140.8,7.10,21.15,0.1501,6.66,612.0,81.0
6595,144.9,6.90,21.14,0.1459,6.85,612.0,81.0
6602,144.9,6.90,21.14,0.1459,6.85,612.0,81.0
6608,149.3,6.70,21.14,0.1417,7.06,612.0,81.0
6615,138.9,7.20,21.14,0.1522,6.57,612.0,81.0
6622,144.9,6.90,21.14,0.1459,6.85,612.0,81.0
6629,144.9,6.90,21.14,0.1459,6.85,612.0,81.0
6636,144.9,6.90,21.14,0.1458,6.86,612.0,81.0
6643,142.9,7.00,21.14,0.1479,6.76,612.0,81.0
6650,144.9,6.90,21.13,0.1458,6.86,612.0,81.0
6657,142.9,7.00,21.13,0.1479,6.76,612.0,81.0
6664,142.9,7.00,21.13,0.1479,6.76,612.0,81.0
6671,147.1,6.80,21.13,0.1437,6.96,612.0,81.0
6678,142.9,7.00,21.13,0.1479,6.76,612.0,81.0
6685,142.9,7.00,21.13,0.1479,6.76,612.0,81.0
6692,144.9,6.90,21.13,0.1458,6.86,612.0,81.0
6699,144.9,6.90,21.12,0.1458,6.86,612.0,81.0
6706,142.9,7.00,21.12,0.1479,6.77,612.0,81.0
6713,142.9,7.00,21.12,0.1479,6.77,612.0,81.0
6720,144.9,6.90,21.12,0.1457,6.86,612.0,81.0
6727,142.9,7.00,21.12,0.1478,6.77,612.0,81.0
6733,147.1,6.80,21.12,0.1436,6.97,612.0,81.0
6740,142.9,7.00,21.12,0.1478,6.77,612.0,81.0
6747,144.9,6.90,21.12,0.1457,6.86,612.0,81.0
6754,142.9,7.00,21.11,0.1478,6.77,612.0,81.0
6761,144.9,6.90,21.11,0.1457,6.86,612.0,81.0
6768,142.9,7.00,21.11,0.1478,6.77,612.0,81.0
6775,144.9,6.90,21.11,0.1457,6.86,612.0,81.0
6782,144.9,6.90,21.11,0.1457,6.86,612.0,81.0
6789,142.9,7.00,21.11,0.1478,6.77,612.0,81.0
6796,142.9,7.00,21.11,0.1477,6.77,612.0,81.0
6803,144.9,6.90,21.10,0.1456,6.87,612.0,81.0
6810,144.9,6.90,21.10,0.1456,6.87,612.0,81.0
6817,142.9,7.00,21.10,0.1477,6.77,612.0,81.0
6824,142.9,7.00,21.10,0.1477,6.77,612.0,81.0
6831,144.9,6.90,21.10,0.1456,6.87,612.0,81.0
6838,144.9,6.90,21.10,0.1456,6.87,612.0,81.0
6845,142.9,7.00,21.10,0.1477,6.77,612.0,81.0
6851,144.9,6.90,21.10,0.1456,6.87,612.0,81.0
6858,144.9,6.90,21.09,0.1456,6.87,612.0,81.0
6865,142.9,7.00,21.09,0.1477,6.77,612.0,81.0
6872,147.1,6.80,21.09,0.1434,6.97,612.0,81.0
6879,142.9,7.00,21.09,0.1476,6.78,612.0,81.0
6886,142.9,7.00,21.09,0.1476,6.78,612.0,81.0
6893,144.9,6.90,21.09,0.1455,6.87,612.0,81.0
6900,142.9,7.00,21.09,0.1476,6.78,612.0,81.0
6907,144.9,6.90,21.09,0.1455,6.87,612.0,81.0
6914,144.9,6.90,21.08,0.1455,6.87,612.0,81.0
6921,144.9,6.90,21.08,0.1455,6.87,612.0,81.0
6928,140.8,7.10,21.08,0.1497,6.68,612.0,81.0
6935,144.9,6.90,21.08,0.1455,6.87,612.0,81.0
6942,144.9,6.90,21.08,0.1454,6.87,612.0,81.0
6949,144.9,6.90,21.08,0.1454,6.87,612.0,81.0
6956,142.9,7.00,21.08,0.1475,6.78,612.0,81.0
6962,144.9,6.90,21.07,0.1454,6.88,612.0,81.0
6969,142.9,7.00,21.07,0.1475,6.78,612.0,81.0
6976,142.9,7.00,21.07,0.1475,6.78,612.0,81.0
6983,147.1,6.80,21.07,0.1433,6.98,612.0,81.0
6990,142.9,7.00,21.07,0.1475,6.78,612.0,81.0
6997,140.8,7.10,21.07,0.1496,6.68,612.0,81.0
7004,144.9,6.90,21.07,0.1454,6.88,612.0,81.0
7011,142.9,7.00,21.07,0.1475,6.78,612.0,81.0
7018,142.9,7.00,21.06,0.1474,6.78,612.0,81.0
7025,144.9,6.90,21.06,0.1453,6.88,612.0,81.0
7032,147.1,6.80,21.06,0.1432,6.98,612.0,81.0
7039,140.8,7.10,21.06,0.1495,6.69,612.0,81.0
7046,147.1,6.80,21.06,0.1432,6.99,612.0,81.0
7053,140.8,7.10,21.06,0.1495,6.69,612.0,81.0
7060,147.1,6.80,21.06,0.1432,6.99,612.0,81.0
7067,142.9,7.00,21.05,0.1474,6.79,612.0,81.0
7074,142.9,7.00,21.05,0.1474,6.79,612.0,81.0
7081,144.9,6.90,21.05,0.1453,6.88,612.0,81.0
7088,144.9,6.90,21.05,0.1453,6.88,612.0,81.0
7095,142.9,7.00,21.05,0.1473,6.79,612.0,81.0
7102,142.9,7.00,21.05,0.1473,6.79,612.0,81.0
7108,144.9,6.90,21.05,0.1452,6.88,612.0,81.0
7115,144.9,6.90,21.05,0.1452,6.88,612.0,81.0
7122,142.9,7.00,21.05,0.1473,6.79,612.0,81.0
7129,144.9,6.90,21.05,0.1452,6.88,612.0,81.0
7136,144.9,6.90,21.05,0.1452,6.88,612.0,81.0
7143,142.9,7.00,21.05,0.1473,6.79,612.0,81.0
7150,144.9,6.90,21.04,0.1452,6.89,612.0,81.0
7157,142.9,7.00,21.04,0.1473,6.79,612.0,81.0
7164,147.1,6.80,21.04,0.1431,6.99,612.0,81.0
7171,140.8,7.10,21.04,0.1494,6.69,612.0,81.0
7178,144.9,6.90,21.04,0.1452,6.89,612.0,81.0
7185,142.9,7.00,21.04,0.1473,6.79,612.0,81.0
7192,144.9,6.90,21.04,0.1452,6.89,612.0,81.0
7199,142.9,7.00,21.04,0.1473,6.79,612.0,81.0
7206,144.9,6.90,21.04,0.1452,6.89,612.0,81.0
7213,144.9,6.90,21.04,0.1452,6.89,612.0,81.0
7220,142.9,7.00,21.04,0.1473,6.79,612.0,81.0
7226,144.9,6.90,21.04,0.1452,6.89,612.0,81.0
7233,142.9,7.00,21.04,0.1473,6.79,612.0,81.0
7240,144.9,6.90,21.04,0.1452,6.89,612.0,81.0
7247,142.9,7.00,21.04,0.1473,6.79,612.0,81.0
7254,147.1,6.80,21.04,0.1430,6.99,612.0,81.0
7261,142.9,7.00,21.03,0.1472,6.79,612.0,81.0
7268,142.9,7.00,21.03,0.1472,6.79,612.0,81.0
7275,147.1,6.80,21.03,0.1430,6.99,612.0,81.0
7282,140.8,7.10,21.03,0.1493,6.69,612.0,81.0
7289,144.9,6.90,21.03,0.1451,6.89,612.0,81.0
7296,144.9,6.90,21.03,0.1451,6.89,612.0,81.0
7303,142.9,7.00,21.03,0.1472,6.79,612.0,81.0
7310,142.9,7.00,21.03,0.1472,6.79,612.0,81.0
7317,144.9,6.90,21.03,0.1451,6.89,612.0,81.0
7324,144.9,6.90,21.03,0.1451,6.89,612.0,81.0
7331,142.9,7.00,21.03,0.1472,6.80,612.0,81.0
7338,142.9,7.00,21.03,0.1472,6.80,612.0,81.0
7344,147.1,6.80,21.03,0.1430,7.00,612.0,81.0
7351,144.9,6.90,21.03,0.1451,6.89,612.0,81.0
7358,142.9,7.00,21.03,0.1472,6.80,612.0,81.0
7365,142.9,7.00,21.03,0.1472,6.80,612.0,81.0
7372,144.9,6.90,21.02,0.1451,6.89,612.0,81.0
7379,144.9,6.90,21.02,0.1451,6.89,612.0,81.0
7386,142.9,7.00,21.02,0.1472,6.80,612.0,81.0
7393,142.9,7.00,21.02,0.1472,6.80,612.0,81.0
7400,144.9,6.90,21.02,0.1451,6.89,612.0,81.0
7407,142.9,7.00,21.02,0.1472,6.80,612.0,81.0
7414,144.9,6.90,21.02,0.1450,6.89,612.0,81.0
7421,144.9,6.90,21.02,0.1450,6.89,612.0,81.0
7428,142.9,7.00,21.02,0.1471,6.80,612.0,81.0
7435,142.9,7.00,21.02,0.1471,6.80,612.0,81.0
7442,144.9,6.90,21.02,0.1450,6.89,612.0,81.0
7449,142.9,7.00,21.02,0.1471,6.80,612.0,81.0
7456,147.1,6.80,21.02,0.1429,7.00,612.0,81.0
7463,142.9,7.00,21.02,0.1471,6.80,612.0,81.0
7470,142.9,7.00,21.02,0.1471,6.80,612.0,81.0
7476,147.1,6.80,21.02,0.1429,7.00,612.0,81.0
7483,142.9,7.00,21.01,0.1471,6.80,612.0,81.0
7490,142.9,7.00,21.01,0.1471,6.80,612.0,81.0
7497,144.9,6.90,21.01,0.1450,6.90,612.0,81.0
7504,142.9,7.00,21.01,0.1471,6.80,612.0,81.0
7511,144.9,6.90,21.01,0.1450,6.90,612.0,81.0
7518,142.9,7.00,21.01,0.1471,6.80,612.0,81.0
7525,144.9,6.90,21.01,0.1450,6.90,612.0,81.0
7532,142.9,7.00,21.01,0.1471,6.80,612.0,81.0
7539,144.9,6.90,21.01,0.1450,6.90,612.0,81.0
7546,142.9,7.00,21.01,0.1471,6.80,612.0,81.0
7553,144.9,6.90,21.01,0.1450,6.90,612.0,81.0
7560,144.9,6.90,21.01,0.1450,6.90,612.0,81.0
7567,144.9,6.90,21.01,0.1450,6.90,612.0,81.0
7574,144.9,6.90,21.01,0.1449,6.90,612.0,81.0
7581,142.9,7.00,21.01,0.1470,6.80,612.0,81.0
7588,142.9,7.00,21.01,0.1470,6.80,612.0,81.0
7594,147.1,6.80,21.00,0.1428,7.00,612.0,81.0
7601,140.8,7.10,21.00,0.1491,6.70,612.0,81.0
7608,144.9,6.90,21.00,0.1449,6.90,612.0,81.0
7615,142.9,7.00,21.00,0.1470,6.80,612.0,81.0
7622,147.1,6.80,21.00,0.1428,7.00,612.0,81.0
7629,142.9,7.00,21.00,0.1470,6.80,612.0,81.0
7636,142.9,7.00,21.00,0.1470,6.80,612.0,81.0
7643,144.9,6.90,21.00,0.1449,6.90,612.0,81.0
7650,142.9,7.00,21.00,0.1470,6.80,612.0,81.0
7657,144.9,6.90,21.00,0.1449,6.90,612.0,81.0
7664,144.9,6.90,21.00,0.1449,6.90,612.0,81.0
7671,144.9,6.90,21.00,0.1449,6.90,612.0,81.0
7678,142.9,7.00,21.00,0.1470,6.81,612.0,81.0
7685,142.9,7.00,21.00,0.1470,6.81,612.0,81.0
7692,142.9,7.00,21.00,0.1470,6.81,612.0,81.0
7699,144.9,6.90,21.00,0.1449,6.90,612.0,81.0
7706,142.9,7.00,20.99,0.1470,6.81,612.0,81.0
7713,144.9,6.90,20.99,0.1449,6.90,612.0,81.0
7720,142.9,7.00,20.99,0.1470,6.81,612.0,81.0
7727,142.9,7.00,20.99,0.1469,6.81,612.0,81.0
7733,147.1,6.80,20.99,0.1427,7.01,612.0,81.0
7740,142.9,7.00,20.99,0.1469,6.81,612.0,81.0
7747,142.9,7.00,20.99,0.1469,6.81,612.0,81.0
7754,144.9,6.90,20.99,0.1448,6.90,612.0,81.0
7761,142.9,7.00,20.99,0.1469,6.81,612.0,81.0
7768,144.9,6.90,20.99,0.1448,6.90,612.0,81.0
7775,144.9,6.90,20.99,0.1448,6.90,612.0,81.0
7782,142.9,7.00,20.99,0.1469,6.81,612.0,81.0
7789,144.9,6.90,20.99,0.1448,6.90,612.0,81.0
7796,144.9,6.90,20.99,0.1448,6.90,612.0,81.0
7803,144.9,6.90,20.99,0.1448,6.90,612.0,81.0
7810,142.9,7.00,20.99,0.1469,6.81,612.0,81.0
7817,144.9,6.90,20.98,0.1448,6.91,612.0,81.0
7824,142.9,7.00,20.98,0.1469,6.81,612.0,81.0
7831,144.9,6.90,20.98,0.1448,6.91,612.0,81.0
7838,142.9,7.00,20.98,0.1469,6.81,612.0,81.0
7844,144.9,6.90,20.98,0.1448,6.91,612.0,81.0
7851,144.9,6.90,20.98,0.1448,6.91,612.0,81.0
7858,142.9,7.00,20.98,0.1469,6.81,612.0,81.0
7865,144.9,6.90,20.98,0.1448,6.91,612.0,81.0
7872,142.9,7.00,20.98,0.1469,6.81,612.0,81.0
7879,144.9,6.90,20.98,0.1448,6.91,612.0,81.0
7886,142.9,7.00,20.98,0.1468,6.81,612.0,81.0
7893,144.9,6.90,20.98,0.1447,6.91,612.0,81.0
7900,142.9,7.00,20.98,0.1468,6.81,612.0,81.0
7907,144.9,6.90,20.98,0.1447,6.91,612.0,81.0
7914,142.9,7.00,20.98,0.1468,6.81,612.0,81.0
7921,144.9,6.90,20.98,0.1447,6.91,612.0,81.0
7928,142.9,7.00,20.97,0.1468,6.81,612.0,81.0
7935,142.9,7.00,20.97,0.1468,6.81,612.0,81.0
7942,147.1,6.80,20.97,0.1426,7.01,612.0,81.0
7949,142.9,7.00,20.97,0.1468,6.81,612.0,81.0
7956,144.9,6.90,20.97,0.1447,6.91,612.0,81.0
7962,144.9,6.90,20.97,0.1447,6.91,612.0,81.0
7969,144.9,6.90,20.97,0.1447,6.91,612.0,81.0
7976,142.9,7.00,20.97,0.1468,6.81,612.0,81.0
7983,140.8,7.10,20.97,0.1489,6.71,612.0,81.0
7990,142.9,7.00,20.97,0.1468,6.81,612.0,81.0
7997,144.9,6.90,20.97,0.1447,6.91,612.0,81.0
8004,144.9,6.90,20.97,0.1447,6.91,612.0,81.0
8011,144.9,6.90,20.97,0.1447,6.91,612.0,81.0
8018,142.9,7.00,20.97,0.1468,6.82,612.0,81.0
8025,144.9,6.90,20.97,0.1447,6.91,612.0,81.0
8032,142.9,7.00,20.97,0.1468,6.82,612.0,81.0
8039,144.9,6.90,20.96,0.1447,6.91,612.0,81.0
8046,144.9,6.90,20.96,0.1447,6.91,612.0,81.0
8053,142.9,7.00,20.96,0.1467,6.82,612.0,81.0
8060,144.9,6.90,20.96,0.1446,6.91,612.0,81.0
8067,144.9,6.90,20.96,0.1446,6.91,612.0,81.0
8074,144.9,6.90,20.96,0.1446,6.91,612.0,81.0
8081,140.8,7.10,20.96,0.1488,6.72,612.0,81.0
8088,144.9,6.90,20.96,0.1446,6.91,612.0,81.0
8094,144.9,6.90,20.96,0.1446,6.91,612.0,81.0
8101,142.9,7.00,20.96,0.1467,6.82,612.0,81.0
8108,144.9,6.90,20.96,0.1446,6.91,612.0,81.0
8115,142.9,7.00,20.96,0.1467,6.82,612.0,81.0
8122,144.9,6.90,20.96,0.1446,6.91,612.0,81.0
8129,144.9,6.90,20.96,0.1446,6.91,612.0,81.0
8136,144.9,6.90,20.96,0.1446,6.91,612.0,81.0
8143,140.8,7.10,20.95,0.1488,6.72,612.0,81.0
8150,144.9,6.90,20.95,0.1446,6.92,612.0,81.0
8157,142.9,7.00,20.95,0.1467,6.82,612.0,81.0
8164,144.9,6.90,20.95,0.1446,6.92,612.0,81.0
8171,144.9,6.90,20.95,0.1446,6.92,612.0,81.0
8178,142.9,7.00,20.95,0.1467,6.82,612.0,81.0
8185,142.9,7.00,20.95,0.1466,6.82,612.0,81.0
8192,144.9,6.90,20.95,0.1445,6.92,612.0,81.0
8199,144.9,6.90,20.95,0.1445,6.92,612.0,81.0
8206,144.9,6.90,20.95,0.1445,6.92,612.0,81.0
8213,142.9,7.00,20.95,0.1466,6.82,612.0,81.0
8219,144.9,6.90,20.95,0.1445,6.92,612.0,81.0
8226,142.9,7.00,20.95,0.1466,6.82,612.0,81.0
8233,144.9,6.90,20.94,0.1445,6.92,612.0,81.0
8240,142.9,7.00,20.94,0.1466,6.82,612.0,81.0
8247,144.9,6.90,20.94,0.1445,6.92,612.0,81.0
8254,142.9,7.00,20.94,0.1466,6.82,612.0,81.0
8261,142.9,7.00,20.94,0.1466,6.82,612.0,81.0
8268,147.1,6.80,20.94,0.1424,7.02,612.0,81.0
8275,144.9,6.90,20.94,0.1445,6.92,612.0,81.0
8282,140.8,7.10,20.94,0.1487,6.72,612.0,81.0
8289,144.9,6.90,20.94,0.1445,6.92,612.0,81.0
8296,144.9,6.90,20.94,0.1445,6.92,612.0,81.0
8303,142.9,7.00,20.94,0.1466,6.83,612.0,81.0
8310,144.9,6.90,20.94,0.1445,6.92,612.0,81.0
8317,144.9,6.90,20.94,0.1445,6.92,612.0,81.0
8324,142.9,7.00,20.93,0.1465,6.83,612.0,81.0
8331,142.9,7.00,20.93,0.1465,6.83,612.0,81.0
8338,144.9,6.90,20.93,0.1444,6.92,612.0,81.0
8344,144.9,6.90,20.93,0.1444,6.92,612.0,81.0
8351,144.9,6.90,20.93,0.1444,6.92,612.0,81.0
8358,144.9,6.90,20.93,0.1444,6.92,612.0,81.0
8365,142.9,7.00,20.93,0.1465,6.83,612.0,81.0
8372,142.9,7.00,20.93,0.1465,6.83,612.0,81.0
8379,142.9,7.00,20.93,0.1465,6.83,612.0,81.0
8386,144.9,6.90,20.93,0.1444,6.92,612.0,81.0
8393,144.9,6.90,20.93,0.1444,6.92,612.0,81.0
8400,142.9,7.00,20.93,0.1465,6.83,612.0,81.0
8407,144.9,6.90,20.93,0.1444,6.92,612.0,81.0
8414,142.9,7.00,20.92,0.1465,6.83,612.0,81.0
8421,144.9,6.90,20.92,0.1444,6.93,612.0,81.0
8428,142.9,7.00,20.92,0.1465,6.83,612.0,81.0
8435,144.9,6.90,20.92,0.1444,6.93,612.0,81.0
8442,144.9,6.90,20.92,0.1444,6.93,612.0,81.0
8449,140.8,7.10,20.92,0.1485,6.73,612.0,81.0
8456,147.1,6.80,20.92,0.1423,7.03,612.0,81.0
8463,140.8,7.10,20.92,0.1485,6.73,612.0,81.0
8470,144.9,6.90,20.92,0.1443,6.93,612.0,81.0
8476,147.1,6.80,20.92,0.1422,7.03,612.0,81.0
8483,140.8,7.10,20.92,0.1485,6.73,612.0,81.0
8490,142.9,7.00,20.92,0.1464,6.83,612.0,81.0
8497,144.9,6.90,20.92,0.1443,6.93,612.0,81.0
8504,144.9,6.90,20.91,0.1443,6.93,612.0,81.0
8511,142.9,7.00,20.91,0.1464,6.83,612.0,81.0
8518,144.9,6.90,20.91,0.1443,6.93,612.0,81.0
8525,142.9,7.00,20.91,0.1464,6.83,612.0,81.0
8532,147.1,6.80,20.91,0.1422,7.03,612.0,81.0
8539,142.9,7.00,20.91,0.1464,6.83,612.0,81.0
8546,144.9,6.90,20.91,0.1443,6.93,612.0,81.0
8553,142.9,7.00,20.91,0.1464,6.83,612.0,81.0
8560,142.9,7.00,20.91,0.1464,6.83,612.0,81.0
8567,144.9,6.90,20.91,0.1443,6.93,612.0,81.0
8574,144.9,6.90,20.91,0.1443,6.93,612.0,81.0
8581,142.9,7.00,20.91,0.1463,6.84,612.0,81.0
8587,147.1,6.80,20.91,0.1422,7.04,612.0,81.0
8595,140.8,7.10,20.90,0.1484,6.74,612.0,81.0
8601,147.1,6.80,20.90,0.1421,7.04,612.0,81.0
8608,144.9,6.90,20.90,0.1442,6.93,612.0,81.0
8615,142.9,7.00,20.90,0.1463,6.84,612.0,81.0
8622,142.9,7.00,20.90,0.1463,6.84,612.0,81.0
8629,144.9,6.90,20.90,0.1442,6.93,612.0,81.0
8636,142.9,7.00,20.90,0.1463,6.84,612.0,81.0
8643,142.9,7.00,20.90,0.1463,6.84,612.0,81.0
8650,144.9,6.90,20.90,0.1442,6.93,612.0,81.0
8657,144.9,6.90,20.90,0.1442,6.93,612.0,81.0
8664,144.9,6.90,20.90,0.1442,6.93,612.0,81.0
8671,142.9,7.00,20.90,0.1463,6.84,612.0,81.0
8678,142.9,7.00,20.90,0.1463,6.84,612.0,81.0
8685,144.9,6.90,20.89,0.1442,6.93,612.0,81.0
8692,142.9,7.00,20.89,0.1463,6.84,612.0,81.0
8699,144.9,6.90,20.89,0.1442,6.94,612.0,81.0
8706,144.9,6.90,20.89,0.1442,6.94,612.0,81.0
8713,142.9,7.00,20.89,0.1462,6.84,612.0,81.0
8720,142.9,7.00,20.89,0.1462,6.84,612.0,81.0
8726,147.1,6.80,20.89,0.1421,7.04,612.0,81.0
8733,142.9,7.00,20.89,0.1462,6.84,612.0,81.0
8740,142.9,7.00,20.89,0.1462,6.84,612.0,81.0
8747,142.9,7.00,20.89,0.1462,6.84,612.0,81.0
8754,144.9,6.90,20.89,0.1441,6.94,612.0,81.0
8761,144.9,6.90,20.89,0.1441,6.94,612.0,81.0
8768,144.9,6.90,20.89,0.1441,6.94,612.0,81.0
8775,144.9,6.90,20.88,0.1441,6.94,612.0,81.0
8782,142.9,7.00,20.88,0.1462,6.84,612.0,81.0
8789,144.9,6.90,20.88,0.1441,6.94,612.0,81.0
8796,144.9,6.90,20.88,0.1441,6.94,612.0,81.0
8803,140.8,7.10,20.88,0.1483,6.74,612.0,81.0
8810,144.9,6.90,20.88,0.1441,6.94,612.0,81.0
8817,144.9,6.90,20.88,0.1441,6.94,612.0,81.0
8824,144.9,6.90,20.88,0.1441,6.94,612.0,81.0
8831,140.8,7.10,20.88,0.1482,6.74,612.0,81.0
8838,144.9,6.90,20.88,0.1441,6.94,612.0,81.0
8844,144.9,6.90,20.88,0.1441,6.94,612.0,81.0
8851,142.9,7.00,20.88,0.1461,6.85,612.0,81.0
8858,142.9,7.00,20.88,0.1461,6.85,612.0,81.0
8865,144.9,6.90,20.87,0.1440,6.94,612.0,81.0
8872,144.9,6.90,20.87,0.1440,6.94,612.0,81.0
8879,142.9,7.00,20.87,0.1461,6.85,612.0,81.0
8886,144.9,6.90,20.87,0.1440,6.94,612.0,81.0
8893,144.9,6.90,20.87,0.1440,6.94,612.0,81.0
8900,144.9,6.90,20.87,0.1440,6.94,612.0,81.0
8907,142.9,7.00,20.87,0.1461,6.85,612.0,81.0
8914,142.9,7.00,20.87,0.1461,6.85,612.0,81.0
8921,142.9,7.00,20.87,0.1461,6.85,612.0,81.0
8928,147.1,6.80,20.87,0.1419,7.05,612.0,81.0
8935,140.8,7.10,20.87,0.1482,6.75,612.0,81.0
8942,147.1,6.80,20.87,0.1419,7.05,612.0,81.0
8949,140.8,7.10,20.87,0.1481,6.75,612.0,81.0
8956,144.9,6.90,20.86,0.1440,6.94,612.0,81.0
8963,144.9,6.90,20.86,0.1440,6.94,612.0,81.0
8970,142.9,7.00,20.86,0.1460,6.85,612.0,81.0
8976,144.9,6.90,20.86,0.1440,6.95,612.0,81.0
8983,144.9,6.90,20.86,0.1439,6.95,612.0,81.0
8990,144.9,6.90,20.86,0.1439,6.95,612.0,81.0
8997,144.9,6.90,20.86,0.1439,6.95,612.0,81.0
9004,142.9,7.00,20.86,0.1460,6.85,612.0,81.0
9011,142.9,7.00,20.86,0.1460,6.85,612.0,81.0
9018,144.9,6.90,20.86,0.1439,6.95,612.0,81.0
9025,142.9,7.00,20.86,0.1460,6.85,612.0,81.0
9032,144.9,6.90,20.86,0.1439,6.95,612.0,81.0
9039,142.9,7.00,20.86,0.1460,6.85,612.0,81.0
9046,142.9,7.00,20.86,0.1460,6.85,612.0,81.0
9053,144.9,6.90,20.85,0.1439,6.95,612.0,81.0
9060,144.9,6.90,20.85,0.1439,6.95,612.0,81.0
9067,147.1,6.80,20.85,0.1418,7.05,612.0,81.0
9074,142.9,7.00,20.85,0.1460,6.85,612.0,81.0
9081,140.8,7.10,20.85,0.1480,6.75,612.0,81.0
9088,144.9,6.90,20.85,0.1439,6.95,612.0,81.0
9094,144.9,6.90,20.85,0.1439,6.95,612.0,81.0
9101,142.9,7.00,20.85,0.1459,6.85,612.0,81.0
9108,144.9,6.90,20.85,0.1439,6.95,612.0,81.0
9115,142.9,7.00,20.85,0.1459,6.85,612.0,81.0
9122,147.1,6.80,20.85,0.1418,7.06,612.0,81.0
9129,142.9,7.00,20.85,0.1459,6.85,612.0,81.0
9136,142.9,7.00,20.85,0.1459,6.85,612.0,81.0
9143,142.9,7.00,20.85,0.1459,6.85,612.0,81.0
9150,144.9,6.90,20.85,0.1439,6.95,612.0,81.0
9157,144.9,6.90,20.85,0.1439,6.95,612.0,81.0
9164,142.9,7.00,20.85,0.1459,6.85,612.0,81.0
9171,144.9,6.90,20.85,0.1438,6.95,612.0,81.0
9178,142.9,7.00,20.85,0.1459,6.85,612.0,81.0
9185,144.9,6.90,20.85,0.1438,6.95,612.0,81.0
9192,144.9,6.90,20.85,0.1438,6.95,612.0,81.0
9199,142.9,7.00,20.85,0.1459,6.85,612.0,81.0
9206,142.9,7.00,20.85,0.1459,6.85,612.0,81.0
9212,147.1,6.80,20.85,0.1418,7.06,612.0,81.0
9219,142.9,7.00,20.85,0.1459,6.85,612.0,81.0
9226,142.9,7.00,20.85,0.1459,6.86,612.0,81.0
9233,144.9,6.90,20.85,0.1438,6.95,612.0,81.0
9240,142.9,7.00,20.85,0.1459,6.86,612.0,81.0
9247,144.9,6.90,20.85,0.1438,6.95,612.0,81.0
9254,142.9,7.00,20.85,0.1459,6.86,612.0,81.0
9261,144.9,6.90,20.84,0.1438,6.95,612.0,81.0
9268,147.1,6.80,20.84,0.1417,7.06,612.0,81.0
9275,140.8,7.10,20.84,0.1480,6.75,612.0,81.0
9282,144.9,6.90,20.84,0.1438,6.95,612.0,81.0
9289,144.9,6.90,20.84,0.1438,6.95,612.0,81.0
9296,142.9,7.00,20.84,0.1459,6.86,612.0,81.0
9303,142.9,7.00,20.84,0.1459,6.86,612.0,81.0
9310,144.9,6.90,20.84,0.1438,6.95,612.0,81.0
9317,144.9,6.90,20.84,0.1438,6.95,612.0,81.0
9324,142.9,7.00,20.84,0.1459,6.86,612.0,81.0
9331,144.9,6.90,20.84,0.1438,6.95,612.0,81.0
9338,142.9,7.00,20.84,0.1459,6.86,612.0,81.0
9344,144.9,6.90,20.84,0.1438,6.95,612.0,81.0
9351,142.9,7.00,20.84,0.1459,6.86,612.0,81.0
9358,147.1,6.80,20.84,0.1417,7.06,612.0,81.0
9365,142.9,7.00,20.84,0.1459,6.86,612.0,81.0
9372,142.9,7.00,20.84,0.1459,6.86,612.0,81.0
9379,144.9,6.90,20.84,0.1438,6.95,612.0,81.0
9386,142.9,7.00,20.84,0.1459,6.86,612.0,81.0
9393,147.1,6.80,20.84,0.1417,7.06,612.0,81.0
9400,140.8,7.10,20.84,0.1480,6.76,612.0,81.0
9407,144.9,6.90,20.84,0.1438,6.95,612.0,81.0
9414,142.9,7.00,20.84,0.1459,6.86,612.0,81.0
9421,144.9,6.90,20.84,0.1438,6.95,612.0,81.0
9428,144.9,6.90,20.84,0.1438,6.95,612.0,81.0
9435,142.9,7.00,20.84,0.1459,6.86,612.0,81.0
9442,144.9,6.90,20.84,0.1438,6.95,612.0,81.0
9449,142.9,7.00,20.84,0.1459,6.86,612.0,81.0
9456,144.9,6.90,20.84,0.1438,6.95,612.0,81.0
9462,144.9,6.90,20.84,0.1438,6.95,612.0,81.0
9469,142.9,7.00,20.84,0.1459,6.86,612.0,81.0
9476,144.9,6.90,20.84,0.1438,6.95,612.0,81.0
9483,142.9,7.00,20.84,0.1459,6.86,612.0,81.0
9490,142.9,7.00,20.84,0.1459,6.86,612.0,81.0
9497,142.9,7.00,20.84,0.1459,6.86,612.0,81.0
9504,144.9,6.90,20.84,0.1438,6.95,612.0,81.0
9511,142.9,7.00,20.84,0.1459,6.86,612.0,81.0
9518,144.9,6.90,20.84,0.1438,6.95,612.0,81.0
9525,144.9,6.90,20.84,0.1438,6.95,612.0,81.0
9532,144.9,6.90,20.84,0.1438,6.95,612.0,81.0
9539,142.9,7.00,20.84,0.1459,6.86,612.0,81.0
9546,144.9,6.90,20.84,0.1438,6.95,612.0,81.0
9553,142.9,7.00,20.84,0.1459,6.86,612.0,81.0
9560,144.9,6.90,20.84,0.1438,6.95,612.0,81.0
9567,144.9,6.90,20.84,0.1438,6.95,612.0,81.0
9574,142.9,7.00,20.84,0.1458,6.86,612.0,81.0
9581,142.9,7.00,20.84,0.1458,6.86,612.0,81.0
9588,144.9,6.90,20.84,0.1438,6.95,612.0,81.0
9594,144.9,6.90,20.83,0.1438,6.95,612.0,81.0
9601,144.9,6.90,20.83,0.1438,6.95,612.0,81.0
9608,140.8,7.10,20.83,0.1479,6.76,612.0,81.0
9615,147.1,6.80,20.83,0.1417,7.06,612.0,81.0
9622,142.9,7.00,20.83,0.1458,6.86,612.0,81.0
9629,142.9,7.00,20.83,0.1458,6.86,612.0,81.0
9636,144.9,6.90,20.83,0.1438,6.96,612.0,81.0
9643,142.9,7.00,20.83,0.1458,6.86,612.0,81.0
9650,144.9,6.90,20.83,0.1437,6.96,612.0,81.0
9657,142.9,7.00,20.83,0.1458,6.86,612.0,81.0
9664,144.9,6.90,20.83,0.1437,6.96,612.0,81.0
9671,144.9,6.90,20.83,0.1437,6.96,612.0,81.0
9678,144.9,6.90,20.83,0.1437,6.96,612.0,81.0
9685,142.9,7.00,20.83,0.1458,6.86,612.0,81.0
9692,144.9,6.90,20.83,0.1437,6.96,612.0,81.0
9699,142.9,7.00,20.83,0.1458,6.86,612.0,81.0
9706,144.9,6.90,20.83,0.1437,6.96,612.0,81.0
9713,142.9,7.00,20.83,0.1458,6.86,612.0,81.0
9719,144.9,6.90,20.83,0.1437,6.96,612.0,81.0
9726,144.9,6.90,20.83,0.1437,6.96,612.0,81.0
9733,144.9,6.90,20.83,0.1437,6.96,612.0,81.0
9740,142.9,7.00,20.83,0.1458,6.86,612.0,81.0
9747,144.9,6.90,20.83,0.1437,6.96,612.0,81.0
9754,144.9,6.90,20.83,0.1437,6.96,612.0,81.0
9761,142.9,7.00,20.83,0.1458,6.86,612.0,81.0
9768,144.9,6.90,20.83,0.1437,6.96,612.0,81.0
9775,142.9,7.00,20.83,0.1458,6.86,612.0,81.0
9782,144.9,6.90,20.83,0.1437,6.96,612.0,81.0
9789,142.9,7.00,20.83,0.1458,6.86,612.0,81.0
9796,142.9,7.00,20.83,0.1458,6.86,612.0,81.0
9803,147.1,6.80,20.83,0.1416,7.06,612.0,81.0
9810,140.8,7.10,20.83,0.1479,6.76,612.0,81.0
9817,147.1,6.80,20.83,0.1416,7.06,612.0,81.0
9824,140.8,7.10,20.83,0.1479,6.76,612.0,81.0
9830,147.1,6.80,20.83,0.1416,7.06,612.0,81.0
9838,140.8,7.10,20.83,0.1479,6.76,612.0,81.0
9844,144.9,6.90,20.83,0.1437,6.96,612.0,81.0
9851,142.9,7.00,20.83,0.1458,6.86,612.0,81.0
9858,144.9,6.90,20.83,0.1437,6.96,612.0,81.0
9865,142.9,7.00,20.83,0.1458,6.86,612.0,81.0
9872,144.9,6.90,20.83,0.1437,6.96,612.0,81.0
9879,144.9,6.90,20.83,0.1437,6.96,612.0,81.0
9886,142.9,7.00,20.83,0.1458,6.86,612.0,81.0
9893,147.1,6.80,20.83,0.1416,7.06,612.0,81.0
9900,142.9,7.00,20.83,0.1458,6.86,612.0,81.0
9907,144.9,6.90,20.83,0.1437,6.96,612.0,81.0
9914,142.9,7.00,20.83,0.1458,6.86,612.0,81.0
9921,144.9,6.90,20.83,0.1437,6.96,612.0,81.0
9928,142.9,7.00,20.82,0.1458,6.86,612.0,81.0
9935,142.9,7.00,20.82,0.1458,6.86,612.0,81.0
9942,147.1,6.80,20.82,0.1416,7.06,612.0,81.0
9949,142.9,7.00,20.82,0.1458,6.86,612.0,81.0
9956,142.9,7.00,20.82,0.1458,6.86,612.0,81.0
9962,144.9,6.90,20.82,0.1437,6.96,612.0,81.0
9969,144.9,6.90,20.82,0.1437,6.96,612.0,81.0
9976,142.9,7.00,20.82,0.1458,6.86,612.0,81.0
9983,142.9,7.00,20.82,0.1458,6.86,612.0,81.0
9990,144.9,6.90,20.82,0.1437,6.96,612.0,81.0
9997,142.9,7.00,20.82,0.1458,6.86,612.0,81.0
10004,142.9,7.00,20.82,0.1458,6.86,612.0,81.0
10011,144.9,6.90,20.82,0.1437,6.96,612.0,81.0
10018,142.9,7.00,20.82,0.1458,6.86,612.0,81.0
10025,144.9,6.90,20.82,0.1437,6.96,612.0,81.0
10032,142.9,7.00,20.82,0.1458,6.86,612.0,81.0
10039,142.9,7.00,20.82,0.1458,6.86,612.0,81.0
10046,144.9,6.90,20.82,0.1437,6.96,612.0,81.0
10053,144.9,6.90,20.82,0.1437,6.96,612.0,81.0
10060,144.9,6.90,20.82,0.1437,6.96,612.0,81.0
10067,144.9,6.90,20.82,0.1437,6.96,612.0,81.0
10074,144.9,6.90,20.82,0.1437,6.96,612.0,81.0
10081,142.9,7.00,20.82,0.1457,6.86,612.0,81.0
10088,142.9,7.00,20.82,0.1457,6.86,612.0,81.0
10094,144.9,6.90,20.82,0.1437,6.96,612.0,81.0
10101,142.9,7.00,20.82,0.1457,6.86,612.0,81.0
10108,144.9,6.90,20.82,0.1437,6.96,612.0,81.0
10115,142.9,7.00,20.82,0.1457,6.86,612.0,81.0
10122,147.1,6.80,20.82,0.1416,7.07,612.0,81.0
10129,140.8,7.10,20.82,0.1478,6.76,612.0,81.0
10136,147.1,6.80,20.82,0.1416,7.07,612.0,81.0
10143,142.9,7.00,20.82,0.1457,6.86,612.0,81.0
10150,144.9,6.90,20.82,0.1437,6.96,612.0,81.0
10157,142.9,7.00,20.82,0.1457,6.86,612.0,81.0
10164,144.9,6.90,20.82,0.1437,6.96,612.0,81.0
10171,142.9,7.00,20.82,0.1457,6.86,612.0,81.0
10178,144.9,6.90,20.82,0.1437,6.96,612.0,81.0
10185,142.9,7.00,20.82,0.1457,6.86,612.0,81.0
10192,144.9,6.90,20.82,0.1437,6.96,612.0,81.0
10199,142.9,7.00,20.82,0.1457,6.86,612.0,81.0
10206,144.9,6.90,20.82,0.1437,6.96,612.0,81.0
10213,142.9,7.00,20.82,0.1457,6.86,612.0,81.0
10219,144.9,6.90,20.82,0.1437,6.96,612.0,81.0
10226,142.9,7.00,20.82,0.1457,6.86,612.0,81.0
10233,142.9,7.00,20.82,0.1457,6.86,612.0,81.0
10240,144.9,6.90,20.82,0.1437,6.96,612.0,81.0
10247,144.9,6.90,20.82,0.1437,6.96,612.0,81.0
10254,142.9,7.00,20.82,0.1458,6.86,612.0,81.0
10261,144.9,6.90,20.82,0.1437,6.96,612.0,81.0
10268,144.9,6.90,20.82,0.1437,6.96,612.0,81.0
10275,142.9,7.00,20.82,0.1458,6.86,612.0,81.0
10282,144.9,6.90,20.82,0.1437,6.96,612.0,81.0
10289,142.9,7.00,20.82,0.1458,6.86,612.0,81.0
10296,144.9,6.90,20.82,0.1437,6.96,612.0,81.0
10303,144.9,6.90,20.82,0.1437,6.96,612.0,81.0
10310,142.9,7.00,20.82,0.1458,6.86,612.0,81.0
10317,144.9,6.90,20.82,0.1437,6.96,612.0,81.0
10324,142.9,7.00,20.82,0.1458,6.86,612.0,81.0
10330,147.1,6.80,20.82,0.1416,7.06,612.0,81.0
10338,140.8,7.10,20.82,0.1478,6.76,612.0,81.0
10344,144.9,6.90,20.82,0.1437,6.96,612.0,81.0
10351,142.9,7.00,20.82,0.1458,6.86,612.0,81.0
10358,144.9,6.90,20.82,0.1437,6.96,612.0,81.0
10365,144.9,6.90,20.82,0.1437,6.96,612.0,81.0
10372,144.9,6.90,20.82,0.1437,6.96,612.0,81.0
10379,144.9,6.90,20.82,0.1437,6.96,612.0,81.0
10386,142.9,7.00,20.82,0.1458,6.86,612.0,81.0
10393,142.9,7.00,20.82,0.1458,6.86,612.0,81.0
10400,142.9,7.00,20.82,0.1458,6.86,612.0,81.0
10407,142.9,7.00,20.82,0.1458,6.86,612.0,81.0
10414,144.9,6.90,20.82,0.1437,6.96,612.0,81.0
10421,147.1,6.80,20.82,0.1416,7.06,612.0,81.0
10428,140.8,7.10,20.82,0.1478,6.76,612.0,81.0
10435,147.1,6.80,20.82,0.1416,7.06,612.0,81.0
10442,142.9,7.00,20.82,0.1458,6.86,612.0,81.0
10449,142.9,7.00,20.82,0.1458,6.86,612.0,81.0
10455,147.1,6.80,20.82,0.1416,7.06,612.0,81.0
10462,142.9,7.00,20.82,0.1458,6.86,612.0,81.0
10469,142.9,7.00,20.82,0.1458,6.86,612.0,81.0
10476,147.1,6.80,20.82,0.1416,7.06,612.0,81.0
10483,140.8,7.10,20.82,0.1478,6.76,612.0,81.0
10490,142.9,7.00,20.82,0.1458,6.86,612.0,81.0
10497,144.9,6.90,20.82,0.1437,6.96,612.0,81.0
10504,144.9,6.90,20.82,0.1437,6.96,612.0,81.0
10511,140.8,7.10,20.82,0.1479,6.76,612.0,81.0
10518,144.9,6.90,20.82,0.1437,6.96,612.0,81.0
10525,144.9,6.90,20.82,0.1437,6.96,612.0,81.0
10532,144.9,6.90,20.82,0.1437,6.96,612.0,81.0
10539,142.9,7.00,20.82,0.1458,6.86,612.0,81.0
10546,144.9,6.90,20.82,0.1437,6.96,612.0,81.0
10553,142.9,7.00,20.82,0.1458,6.86,612.0,81.0
10560,144.9,6.90,20.82,0.1437,6.96,612.0,81.0
10567,144.9,6.90,20.82,0.1437,6.96,612.0,81.0
10574,142.9,7.00,20.82,0.1458,6.86,612.0,81.0
10581,144.9,6.90,20.82,0.1437,6.96,612.0,81.0
10588,142.9,7.00,20.82,0.1458,6.86,612.0,81.0
10594,144.9,6.90,20.83,0.1437,6.96,612.0,81.0
10601,142.9,7.00,20.83,0.1458,6.86,612.0,81.0
10608,144.9,6.90,20.83,0.1437,6.96,612.0,81.0
10615,144.9,6.90,20.83,0.1437,6.96,612.0,81.0
10622,144.9,6.90,20.83,0.1437,6.96,612.0,81.0
10629,142.9,7.00,20.83,0.1458,6.86,612.0,81.0
10636,144.9,6.90,20.83,0.1437,6.96,612.0,81.0
10643,142.9,7.00,20.83,0.1458,6.86,612.0,81.0
10650,144.9,6.90,20.83,0.1437,6.96,612.0,81.0
10657,144.9,6.90,20.83,0.1437,6.96,612.0,81.0
10664,142.9,7.00,20.83,0.1458,6.86,612.0,81.0
10671,142.9,7.00,20.83,0.1458,6.86,612.0,81.0
10678,142.9,7.00,20.83,0.1458,6.86,612.0,81.0
10685,147.1,6.80,20.83,0.1416,7.06,612.0,81.0
10692,142.9,7.00,20.83,0.1458,6.86,612.0,81.0
10699,144.9,6.90,20.83,0.1437,6.96,612.0,81.0
10705,144.9,6.90,20.83,0.1437,6.96,612.0,81.0
10712,142.9,7.00,20.83,0.1458,6.86,612.0,81.0
10719,144.9,6.90,20.83,0.1437,6.96,612.0,81.0
10726,140.8,7.10,20.83,0.1479,6.76,612.0,81.0
10733,144.9,6.90,20.83,0.1437,6.96,612.0,81.0
10740,144.9,6.90,20.83,0.1437,6.96,612.0,81.0
10747,142.9,7.00,20.83,0.1458,6.86,612.0,81.0
10754,144.9,6.90,20.83,0.1437,6.96,612.0,81.0
10761,142.9,7.00,20.83,0.1458,6.86,612.0,81.0
10768,144.9,6.90,20.83,0.1437,6.96,612.0,81.0
10775,144.9,6.90,20.83,0.1437,6.96,612.0,81.0
10782,144.9,6.90,20.83,0.1437,6.96,612.0,81.0
10789,142.9,7.00,20.83,0.1458,6.86,612.0,81.0
10796,142.9,7.00,20.83,0.1458,6.86,612.0,81.0
10803,142.9,7.00,20.83,0.1458,6.86,612.0,81.0
10810,144.9,6.90,20.83,0.1437,6.96,612.0,81.0
10817,144.9,6.90,20.83,0.1437,6.96,612.0,81.0
10824,144.9,6.90,20.83,0.1437,6.96,612.0,81.0
10831,142.9,7.00,20.83,0.1458,6.86,612.0,81.0
10838,142.9,7.00,20.83,0.1458,6.86,612.0,81.0
10845,142.9,7.00,20.83,0.1458,6.86,612.0,81.0
10851,144.9,6.90,20.83,0.1437,6.96,612.0,81.0
10858,144.9,6.90,20.83,0.1437,6.96,612.0,81.0
10865,142.9,7.00,20.83,0.1458,6.86,612.0,81.0
10872,144.9,6.90,20.83,0.1437,6.96,612.0,81.0
10879,142.9,7.00,20.83,0.1458,6.86,612.0,81.0
10886,144.9,6.90,20.83,0.1437,6.96,612.0,81.0
10893,144.9,6.90,20.83,0.1437,6.96,612.0,81.0
10900,144.9,6.90,20.83,0.1437,6.96,612.0,81.0
10907,144.9,6.90,20.83,0.1437,6.96,612.0,81.0
10914,144.9,6.90,20.83,0.1437,6.96,612.0,81.0
10921,144.9,6.90,20.83,0.1437,6.96,612.0,81.0
10928,140.8,7.10,20.83,0.1479,6.76,612.0,81.0
10935,142.9,7.00,20.83,0.1458,6.86,612.0,81.0
10942,144.9,6.90,20.83,0.1437,6.96,612.0,81.0
10948,147.1,6.80,20.83,0.1416,7.06,612.0,81.0
10955,142.9,7.00,20.83,0.1458,6.86,612.0,81.0
10962,142.9,7.00,20.83,0.1458,6.86,612.0,81.0
10969,144.9,6.90,20.83,0.1437,6.96,612.0,81.0
10976,144.9,6.90,20.83,0.1437,6.96,612.0,81.0
10983,142.9,7.00,20.83,0.1458,6.86,612.0,81.0
10990,142.9,7.00,20.83,0.1458,6.86,612.0,81.0
10997,147.1,6.80,20.83,0.1416,7.06,612.0,81.0
11004,142.9,7.00,20.83,0.1458,6.86,612.0,81.0
11011,144.9,6.90,20.83,0.1437,6.96,612.0,81.0
11018,142.9,7.00,20.83,0.1458,6.86,612.0,81.0
11025,142.9,7.00,20.83,0.1458,6.86,612.0,81.0
11032,142.9,7.00,20.83,0.1458,6.86,612.0,81.0
11039,147.1,6.80,20.83,0.1416,7.06,612.0,81.0
11046,140.8,7.10,20.83,0.1479,6.76,612.0,81.0
11053,144.9,6.90,20.83,0.1437,6.96,612.0,81.0
11060,144.9,6.90,20.83,0.1437,6.96,612.0,81.0
11067,144.9,6.90,20.83,0.1437,6.96,612.0,81.0
11074,140.8,7.10,20.83,0.1479,6.76,612.0,81.0
11081,144.9,6.90,20.83,0.1437,6.96,612.0,81.0
11088,142.9,7.00,20.83,0.1458,6.86,612.0,81.0
11095,142.9,7.00,20.83,0.1458,6.86,612.0,81.0
11101,144.9,6.90,20.83,0.1437,6.96,612.0,81.0
11108,144.9,6.90,20.83,0.1437,6.96,612.0,81.0
11115,144.9,6.90,20.83,0.1437,6.96,612.0,81.0
11122,144.9,6.90,20.83,0.1437,6.96,612.0,81.0
11129,142.9,7.00,20.83,0.1458,6.86,612.0,81.0
11136,144.9,6.90,20.83,0.1437,6.96,612.0,81.0
11143,144.9,6.90,20.83,0.1437,6.96,612.0,81.0
11150,142.9,7.00,20.83,0.1458,6.86,612.0,81.0
11157,144.9,6.90,20.83,0.1437,6.96,612.0,81.0
11164,142.9,7.00,20.83,0.1458,6.86,612.0,81.0
11171,142.9,7.00,20.83,0.1458,6.86,612.0,81.0
11178,142.9,7.00,20.83,0.1458,6.86,612.0,81.0
11185,142.9,7.00,20.83,0.1458,6.86,612.0,81.0
11192,147.1,6.80,20.83,0.1416,7.06,612.0,81.0
11199,142.9,7.00,20.83,0.1458,6.86,612.0,81.0
11205,147.1,6.80,20.83,0.1416,7.06,612.0,81.0
11213,138.9,7.20,20.83,0.1500,6.67,612.0,81.0
11219,149.3,6.70,20.83,0.1396,7.17,612.0,81.0
11226,142.9,7.00,20.83,0.1458,6.86,612.0,81.0
11233,144.9,6.90,20.83,0.1437,6.96,612.0,81.0
11240,142.9,7.00,20.83,0.1458,6.86,612.0,81.0
11247,144.9,6.90,20.83,0.1437,6.96,612.0,81.0
11254,142.9,7.00,20.83,0.1458,6.86,612.0,81.0
11261,142.9,7.00,20.83,0.1458,6.86,612.0,81.0
11268,144.9,6.90,20.83,0.1437,6.96,612.0,81.0
11275,144.9,6.90,20.83,0.1437,6.96,612.0,81.0
11282,142.9,7.00,20.83,0.1458,6.86,612.0,81.0
11289,142.9,7.00,20.83,0.1458,6.86,612.0,81.0
11296,144.9,6.90,20.83,0.1437,6.96,612.0,81.0
11303,142.9,7.00,20.83,0.1458,6.86,612.0,81.0
11310,144.9,6.90,20.83,0.1437,6.96,612.0,81.0
11317,142.9,7.00,20.83,0.1458,6.86,612.0,81.0
11324,142.9,7.00,20.83,0.1458,6.86,612.0,81.0
11331,144.9,6.90,20.83,0.1437,6.96,612.0,81.0
11338,144.9,6.90,20.83,0.1437,6.96,612.0,81.0
11344,144.9,6.90,20.83,0.1437,6.96,612.0,81.0
11352,140.8,7.10,20.83,0.1479,6.76,612.0,81.0
11358,147.1,6.80,20.83,0.1416,7.06,612.0,81.0
11365,142.9,7.00,20.83,0.1458,6.86,612.0,81.0
11372,144.9,6.90,20.83,0.1437,6.96,612.0,81.0
11379,142.9,7.00,20.83,0.1458,6.86,612.0,81.0
11386,147.1,6.80,20.83,0.1416,7.06,612.0,81.0
11393,142.9,7.00,20.83,0.1458,6.86,612.0,81.0
11400,144.9,6.90,20.83,0.1437,6.96,612.0,81.0
11407,140.8,7.10,20.83,0.1479,6.76,612.0,81.0
11414,144.9,6.90,20.83,0.1437,6.96,612.0,81.0
11421,144.9,6.90,20.83,0.1437,6.96,612.0,81.0
11428,144.9,6.90,20.83,0.1437,6.96,612.0,81.0
11435,142.9,7.00,20.83,0.1458,6.86,612.0,81.0
11442,144.9,6.90,20.83,0.1437,6.96,612.0,81.0
11449,140.8,7.10,20.83,0.1479,6.76,612.0,81.0
11456,144.9,6.90,20.83,0.1437,6.96,612.0,81.0
11462,147.1,6.80,20.83,0.1416,7.06,612.0,81.0
11470,140.8,7.10,20.83,0.1479,6.76,612.0,81.0
11476,147.1,6.80,20.83,0.1416,7.06,612.0,81.0
11483,144.9,6.90,20.83,0.1437,6.96,612.0,81.0
11490,142.9,7.00,20.83,0.1458,6.86,612.0,81.0
11497,142.9,7.00,20.83,0.1458,6.86,612.0,81.0
11504,142.9,7.00,20.83,0.1458,6.86,612.0,81.0
11511,144.9,6.90,20.83,0.1437,6.96,612.0,81.0
11518,144.9,6.90,20.83,0.1437,6.96,612.0,81.0
11525,142.9,7.00,20.83,0.1458,6.86,612.0,81.0
11532,149.3,6.70,20.83,0.1396,7.17,612.0,81.0
11539,138.9,7.20,20.83,0.1500,6.67,612.0,81.0
11546,147.1,6.80,20.83,0.1416,7.06,612.0,81.0
11553,142.9,7.00,20.83,0.1458,6.86,612.0,81.0
11560,142.9,7.00,20.83,0.1458,6.86,612.0,81.0
11567,144.9,6.90,20.83,0.1437,6.96,612.0,81.0
11574,144.9,6.90,20.83,0.1437,6.96,612.0,81.0
11581,140.8,7.10,20.83,0.1479,6.76,612.0,81.0
11588,144.9,6.90,20.83,0.1437,6.96,612.0,81.0
11594,144.9,6.90,20.83,0.1437,6.96,612.0,81.0
11601,142.9,7.00,20.83,0.1458,6.86,612.0,81.0
11608,142.9,7.00,20.83,0.1458,6.86,612.0,81.0
11615,144.9,6.90,20.83,0.1437,6.96,612.0,81.0
11622,144.9,6.90,20.83,0.1437,6.96,612.0,81.0
11629,142.9,7.00,20.83,0.1458,6.86,612.0,81.0
11636,144.9,6.90,20.83,0.1437,6.96,612.0,81.0
11643,142.9,7.00,20.83,0.1458,6.86,612.0,81.0
11650,144.9,6.90,20.83,0.1437,6.96,612.0,81.0
11657,144.9,6.90,20.83,0.1437,6.96,612.0,81.0
11664,144.9,6.90,20.83,0.1437,6.96,612.0,81.0
11671,144.9,6.90,20.83,0.1437,6.96,612.0,81.0
11678,142.9,7.00,20.83,0.1458,6.86,612.0,81.0
11685,142.9,7.00,20.83,0.1458,6.86,612.0,81.0
11692,144.9,6.90,20.83,0.1437,6.96,612.0,81.0
11699,142.9,7.00,20.83,0.1458,6.86,612.0,81.0
11706,144.9,6.90,20.83,0.1437,6.96,612.0,81.0
11712,144.9,6.90,20.83,0.1437,6.96,612.0,81.0
11719,142.9,7.00,20.83,0.1458,6.86,612.0,81.0
11726,144.9,6.90,20.83,0.1437,6.96,612.0,81.0
11733,142.9,7.00,20.83,0.1458,6.86,612.0,81.0
11740,144.9,6.90,20.83,0.1437,6.96,612.0,81.0
11747,144.9,6.90,20.83,0.1437,6.96,612.0,81.0
11754,142.9,7.00,20.83,0.1458,6.86,612.0,81.0
11761,142.9,7.00,20.83,0.1458,6.86,612.0,81.0
11768,144.9,6.90,20.83,0.1437,6.96,612.0,81.0
11775,144.9,6.90,20.83,0.1437,6.96,612.0,81.0
11782,144.9,6.90,20.83,0.1437,6.96,612.0,81.0
11789,142.9,7.00,20.83,0.1458,6.86,612.0,81.0
11796,142.9,7.00,20.83,0.1458,6.86,612.0,81.0
11803,144.9,6.90,20.83,0.1437,6.96,612.0,81.0
11810,142.9,7.00,20.83,0.1458,6.86,612.0,81.0
11817,147.1,6.80,20.83,0.1416,7.06,612.0,81.0
11824,142.9,7.00,20.83,0.1458,6.86,612.0,81.0
11831,142.9,7.00,20.83,0.1458,6.86,612.0,81.0
11837,144.9,6.90,20.83,0.1437,6.96,612.0,81.0
11844,142.9,7.00,20.83,0.1458,6.86,612.0,81.0
11851,144.9,6.90,20.83,0.1437,6.96,612.0,81.0
11858,142.9,7.00,20.83,0.1458,6.86,612.0,81.0
11865,142.9,7.00,20.83,0.1458,6.86,612.0,81.0
11872,144.9,6.90,20.83,0.1437,6.96,612.0,81.0
11879,147.1,6.80,20.83,0.1416,7.06,612.0,81.0
11886,142.9,7.00,20.83,0.1458,6.86,612.0,81.0
11893,142.9,7.00,20.83,0.1458,6.86,612.0,81.0
11900,144.9,6.90,20.83,0.1437,6.96,612.0,81.0
11907,142.9,7.00,20.83,0.1458,6.86,612.0,81.0
11914,144.9,6.90,20.83,0.1437,6.96,612.0,81.0
11921,144.9,6.90,20.83,0.1437,6.96,612.0,81.0
11928,140.8,7.10,20.83,0.1479,6.76,612.0,81.0
11935,147.1,6.80,20.83,0.1416,7.06,612.0,81.0
11942,144.9,6.90,20.83,0.1437,6.96,612.0,81.0
11949,142.9,7.00,20.83,0.1458,6.86,612.0,81.0
11956,142.9,7.00,20.83,0.1458,6.86,612.0,81.0
11963,142.9,7.00,20.83,0.1458,6.86,612.0,81.0
11969,147.1,6.80,20.83,0.1416,7.06,612.0,81.0
11976,142.9,7.00,20.83,0.1458,6.86,612.0,81.0
11983,142.9,7.00,20.83,0.1458,6.86,612.0,81.0
11990,147.1,6.80,20.83,0.1416,7.06,612.0,81.0
11997,140.8,7.10,20.83,0.1479,6.76,612.0,81.0
12004,147.1,6.80,20.83,0.1416,7.06,612.0,81.0
12011,142.9,7.00,20.83,0.1458,6.86,612.0,81.0
12018,144.9,6.90,20.83,0.1437,6.96,612.0,81.0
12025,142.9,7.00,20.83,0.1458,6.86,612.0,81.0
12032,142.9,7.00,20.83,0.1458,6.86,612.0,81.0
12039,144.9,6.90,20.83,0.1437,6.96,612.0,81.0
12046,142.9,7.00,20.83,0.1458,6.86,612.0,81.0
12053,144.9,6.90,20.83,0.1437,6.96,612.0,81.0
12060,144.9,6.90,20.83,0.1437,6.96,612.0,81.0
12067,142.9,7.00,20.83,0.1458,6.86,612.0,81.0
12073,147.1,6.80,20.83,0.1416,7.06,612.0,81.0
12080,142.9,7.00,20.83,0.1458,6.86,612.0,81.0
12087,142.9,7.00,20.83,0.1458,6.86,612.0,81.0
12094,142.9,7.00,20.83,0.1458,6.86,612.0,81.0
12101,144.9,6.90,20.82,0.1437,6.96,612.0,81.0
12108,144.9,6.90,20.82,0.1436,6.96,612.0,81.0
12115,142.9,7.00,20.81,0.1457,6.87,612.0,81.0
12122,142.9,7.00,20.80,0.1456,6.87,612.0,81.0
12129,147.1,6.80,20.80,0.1414,7.07,612.0,81.0
12136,142.9,7.00,20.79,0.1455,6.87,612.0,81.0
12143,144.9,6.90,20.79,0.1434,6.97,612.0,80.9
12150,144.9,6.90,20.78,0.1434,6.97,612.0,80.9
12157,142.9,7.00,20.77,0.1454,6.88,612.0,80.9
12164,142.9,7.00,20.77,0.1454,6.88,612.0,80.9
12171,140.8,7.10,20.76,0.1474,6.78,612.0,80.9
12178,144.9,6.90,20.76,0.1432,6.98,612.0,80.9
12185,144.9,6.90,20.75,0.1432,6.98,612.0,80.9
12192,144.9,6.90,20.75,0.1431,6.98,612.0,80.9
12199,142.9,7.00,20.74,0.1452,6.89,612.0,80.9
12206,144.9,6.90,20.73,0.1431,6.99,612.0,80.9
12213,142.9,7.00,20.73,0.1451,6.89,612.0,80.9
12219,144.9,6.90,20.72,0.1430,6.99,612.0,80.9
12226,142.9,7.00,20.72,0.1450,6.90,612.0,80.9
12233,144.9,6.90,20.71,0.1429,7.00,612.0,80.9
12240,144.9,6.90,20.70,0.1429,7.00,612.0,80.9
12247,140.8,7.10,20.70,0.1470,6.80,612.0,80.8
12254,147.1,6.80,20.69,0.1407,7.11,612.0,80.8
12261,142.9,7.00,20.69,0.1448,6.91,612.0,80.8
12268,142.9,7.00,20.68,0.1448,6.91,612.0,80.8
12275,144.9,6.90,20.67,0.1427,7.01,612.0,80.8
12282,144.9,6.90,20.67,0.1426,7.01,612.0,80.8
12289,142.9,7.00,20.66,0.1446,6.92,612.0,80.8
12296,144.9,6.90,20.66,0.1425,7.01,612.0,80.8
12303,142.9,7.00,20.65,0.1446,6.92,612.0,80.8
12310,144.9,6.90,20.64,0.1424,7.02,612.0,80.8
12317,144.9,6.90,20.64,0.1424,7.02,612.0,80.8
12324,142.9,7.00,20.63,0.1444,6.93,612.0,80.8
12331,144.9,6.90,20.63,0.1423,7.02,612.0,80.8
12338,142.9,7.00,20.62,0.1443,6.93,612.0,80.8
12345,140.8,7.10,20.61,0.1464,6.83,612.0,80.7
12352,142.9,7.00,20.61,0.1443,6.93,612.0,80.7
12358,147.1,6.80,20.60,0.1401,7.14,612.0,80.7
12365,144.9,6.90,20.60,0.1421,7.03,612.0,80.7
12372,147.1,6.80,20.59,0.1400,7.14,612.0,80.7
12379,142.9,7.00,20.59,0.1441,6.94,612.0,80.7
12386,144.9,6.90,20.58,0.1420,7.04,612.0,80.7
12393,142.9,7.00,20.57,0.1440,6.95,612.0,80.7
12400,144.9,6.90,20.57,0.1419,7.04,612.0,80.7
12407,144.9,6.90,20.56,0.1419,7.05,612.0,80.7
12414,140.8,7.10,20.56,0.1459,6.85,612.0,80.7
12421,144.9,6.90,20.55,0.1418,7.05,612.0,80.7
12428,142.9,7.00,20.54,0.1438,6.96,612.0,80.7
12435,144.9,6.90,20.54,0.1417,7.06,612.0,80.7
12442,147.1,6.80,20.53,0.1396,7.16,612.0,80.7
12449,140.8,7.10,20.53,0.1457,6.86,612.0,80.6
12456,142.9,7.00,20.52,0.1436,6.96,612.0,80.6
12463,144.9,6.90,20.51,0.1416,7.06,612.0,80.6
12470,142.9,7.00,20.51,0.1436,6.97,612.0,80.6
12476,151.5,6.60,20.50,0.1353,7.39,612.0,80.6
12483,138.9,7.20,20.50,0.1476,6.78,612.0,80.6
12490,142.9,7.00,20.49,0.1434,6.97,612.0,80.6
12497,144.9,6.90,20.49,0.1414,7.07,612.0,80.6
12504,142.9,7.00,20.48,0.1434,6.98,612.0,80.6
12511,144.9,6.90,20.47,0.1413,7.08,612.0,80.6
12518,144.9,6.90,20.47,0.1412,7.08,612.0,80.6
12525,144.9,6.90,20.46,0.1412,7.08,612.0,80.6
12532,144.9,6.90,20.46,0.1411,7.08,612.0,80.6
12539,142.9,7.00,20.45,0.1432,6.99,612.0,80.6
12546,142.9,7.00,20.44,0.1431,6.99,612.0,80.5
12553,144.9,6.90,20.44,0.1410,7.09,612.0,80.5
12560,142.9,7.00,20.43,0.1430,6.99,612.0,80.5
12567,144.9,6.90,20.43,0.1409,7.09,612.0,80.5
12574,144.9,6.90,20.42,0.1409,7.10,612.0,80.5
12581,142.9,7.00,20.41,0.1429,7.00,612.0,80.5
12587,144.9,6.90,20.41,0.1408,7.10,612.0,80.5
12595,140.8,7.10,20.40,0.1449,6.90,612.0,80.5
12601,144.9,6.90,20.40,0.1407,7.10,612.0,80.5
12608,144.9,6.90,20.39,0.1407,7.11,612.0,80.5
12615,142.9,7.00,20.39,0.1427,7.01,612.0,80.5
12622,144.9,6.90,20.38,0.1406,7.11,612.0,80.5
12629,142.9,7.00,20.37,0.1426,7.01,612.0,80.5
12636,144.9,6.90,20.37,0.1405,7.11,612.0,80.5
12643,144.9,6.90,20.36,0.1405,7.12,612.0,80.4
12650,142.9,7.00,20.36,0.1425,7.02,612.0,80.4
12657,144.9,6.90,20.35,0.1404,7.12,612.0,80.4
12664,144.9,6.90,20.34,0.1404,7.12,612.0,80.4
12671,140.8,7.10,20.34,0.1444,6.92,612.0,80.4
12678,144.9,6.90,20.33,0.1403,7.13,612.0,80.4
12685,144.9,6.90,20.33,0.1402,7.13,612.0,80.4
12692,142.9,7.00,20.32,0.1422,7.03,612.0,80.4
12699,144.9,6.90,20.31,0.1402,7.13,612.0,80.4
12706,144.9,6.90,20.31,0.1401,7.14,612.0,80.4
12713,142.9,7.00,20.30,0.1421,7.04,612.0,80.4
12719,144.9,6.90,20.30,0.1400,7.14,612.0,80.4
12726,144.9,6.90,20.29,0.1400,7.14,612.0,80.4
12733,140.8,7.10,20.29,0.1440,6.94,612.0,80.4
12740,144.9,6.90,20.28,0.1399,7.15,612.0,80.4
12747,142.9,7.00,20.27,0.1419,7.05,612.0,80.3
12754,147.1,6.80,20.27,0.1378,7.26,612.0,80.3
12761,144.9,6.90,20.26,0.1398,7.15,612.0,80.3
12768,142.9,7.00,20.26,0.1418,7.05,612.0,80.3
12775,142.9,7.00,20.25,0.1417,7.06,612.0,80.3
12782,144.9,6.90,20.24,0.1397,7.16,612.0,80.3
12789,142.9,7.00,20.24,0.1417,7.06,612.0,80.3
12796,142.9,7.00,20.23,0.1416,7.06,612.0,80.3
12803,147.1,6.80,20.23,0.1375,7.27,612.0,80.3
12810,142.9,7.00,20.22,0.1415,7.07,612.0,80.3
12817,144.9,6.90,20.21,0.1395,7.17,612.0,80.3
12824,142.9,7.00,20.21,0.1415,7.07,612.0,80.3
12831,144.9,6.90,20.20,0.1394,7.17,612.0,80.3
12838,142.9,7.00,20.20,0.1414,7.08,612.0,80.3
12845,142.9,7.00,20.19,0.1413,7.08,612.0,80.2
12851,144.9,6.90,20.18,0.1393,7.18,612.0,80.2
12858,144.9,6.90,20.18,0.1392,7.18,612.0,80.2
12865,142.9,7.00,20.17,0.1412,7.08,612.0,80.2
12872,144.9,6.90,20.17,0.1392,7.19,612.0,80.2
12879,144.9,6.90,20.16,0.1391,7.19,612.0,80.2
12886,142.9,7.00,20.16,0.1411,7.09,612.0,80.2
12893,144.9,6.90,20.15,0.1390,7.19,612.0,80.2
12900,142.9,7.00,20.14,0.1410,7.09,612.0,80.2
12907,144.9,6.90,20.14,0.1389,7.20,612.0,80.2
12914,147.1,6.80,20.13,0.1369,7.31,612.0,80.2
12921,142.9,7.00,20.13,0.1409,7.10,612.0,80.2
12928,144.9,6.90,20.12,0.1388,7.20,612.0,80.2
12935,142.9,7.00,20.11,0.1408,7.10,612.0,80.2
12942,142.9,7.00,20.11,0.1408,7.11,612.0,80.2
12948,147.1,6.80,20.10,0.1367,7.32,612.0,80.1
12955,142.9,7.00,20.10,0.1407,7.11,612.0,80.1
12962,144.9,6.90,20.09,0.1386,7.21,612.0,80.1
12969,142.9,7.00,20.08,0.1406,7.11,612.0,80.1
12976,144.9,6.90,20.08,0.1385,7.22,612.0,80.1
12983,142.9,7.00,20.07,0.1405,7.12,612.0,80.1
12990,144.9,6.90,20.07,0.1385,7.22,612.0,80.1
12997,144.9,6.90,20.06,0.1384,7.22,612.0,80.1
13004,142.9,7.00,20.05,0.1404,7.13,612.0,80.1
13011,144.9,6.90,20.05,0.1383,7.23,612.0,80.1
13018,144.9,6.90,20.04,0.1383,7.23,612.0,80.1
13025,142.9,7.00,20.04,0.1403,7.13,612.0,80.1
13032,142.9,7.00,20.03,0.1402,7.13,612.0,80.1
13039,142.9,7.00,20.03,0.1402,7.14,612.0,80.1
13046,144.9,6.90,20.02,0.1381,7.24,612.0,80.0
13053,142.9,7.00,20.01,0.1401,7.14,612.0,80.0
13060,144.9,6.90,20.01,0.1380,7.24,612.0,80.0
13067,144.9,6.90,20.00,0.1380,7.24,612.0,80.0
13074,142.9,7.00,20.00,0.1400,7.15,612.0,80.0
13080,144.9,6.90,19.99,0.1379,7.25,612.0,80.0
13087,142.9,7.00,19.98,0.1399,7.15,612.0,80.0
13094,144.9,6.90,19.98,0.1379,7.25,612.0,80.0
13101,142.9,7.00,19.98,0.1399,7.15,612.0,80.0
13108,144.9,6.90,19.98,0.1379,7.25,612.0,80.0
13115,142.9,7.00,19.99,0.1399,7.15,612.0,80.0
13122,144.9,6.90,19.99,0.1379,7.25,612.0,80.0
13129,142.9,7.00,19.99,0.1399,7.15,612.0,80.0
13136,144.9,6.90,19.99,0.1379,7.25,612.0,80.0
13143,144.9,6.90,19.99,0.1380,7.25,612.0,80.1
13150,142.9,7.00,20.00,0.1400,7.15,612.0,80.1
13157,142.9,7.00,20.00,0.1400,7.15,612.0,80.1
13164,144.9,6.90,20.00,0.1380,7.25,612.0,80.1
13171,142.9,7.00,20.00,0.1400,7.14,612.0,80.1
13178,144.9,6.90,20.00,0.1380,7.24,612.0,80.1
13185,144.9,6.90,20.01,0.1380,7.24,612.0,80.1
13192,144.9,6.90,20.01,0.1380,7.24,612.0,80.1
13199,142.9,7.00,20.01,0.1401,7.14,612.0,80.1
13206,142.9,7.00,20.01,0.1401,7.14,612.0,80.1
13212,147.1,6.80,20.01,0.1361,7.35,612.0,80.1
13219,142.9,7.00,20.01,0.1401,7.14,612.0,80.1
13226,142.9,7.00,20.02,0.1401,7.14,612.0,80.1
13233,144.9,6.90,20.02,0.1381,7.24,612.0,80.1
13240,144.9,6.90,20.02,0.1381,7.24,612.0,80.1
13247,142.9,7.00,20.02,0.1402,7.14,612.0,80.2
13254,142.9,7.00,20.02,0.1402,7.14,612.0,80.2
13261,142.9,7.00,20.03,0.1402,7.14,612.0,80.2
13268,144.9,6.90,20.03,0.1382,7.24,612.0,80.2
13275,142.9,7.00,20.03,0.1402,7.13,612.0,80.2
13282,144.9,6.90,20.03,0.1382,7.23,612.0,80.2
13289,144.9,6.90,20.03,0.1382,7.23,612.0,80.2
13296,142.9,7.00,20.04,0.1402,7.13,612.0,80.2
13303,144.9,6.90,20.04,0.1383,7.23,612.0,80.2
13310,142.9,7.00,20.04,0.1403,7.13,612.0,80.2
13317,144.9,6.90,20.04,0.1383,7.23,612.0,80.2
13324,144.9,6.90,20.04,0.1383,7.23,612.0,80.2
13331,142.9,7.00,20.04,0.1403,7.13,612.0,80.2
13337,144.9,6.90,20.05,0.1383,7.23,612.0,80.2
13344,142.9,7.00,20.05,0.1403,7.13,612.0,80.3
13351,142.9,7.00,20.05,0.1403,7.13,612.0,80.3
13358,144.9,6.90,20.05,0.1384,7.23,612.0,80.3
13365,142.9,7.00,20.05,0.1404,7.13,612.0,80.3
13372,144.9,6.90,20.06,0.1384,7.22,612.0,80.3
13379,144.9,6.90,20.06,0.1384,7.22,612.0,80.3
13386,144.9,6.90,20.06,0.1384,7.22,612.0,80.3
13393,144.9,6.90,20.06,0.1384,7.22,612.0,80.3
13400,144.9,6.90,20.06,0.1384,7.22,612.0,80.3
13407,142.9,7.00,20.07,0.1405,7.12,612.0,80.3
13414,142.9,7.00,20.07,0.1405,7.12,612.0,80.3
13421,144.9,6.90,20.07,0.1385,7.22,612.0,80.3
13428,142.9,7.00,20.07,0.1405,7.12,612.0,80.3
13435,142.9,7.00,20.07,0.1405,7.12,612.0,80.3
13442,147.1,6.80,20.07,0.1365,7.33,612.0,80.3
13449,142.9,7.00,20.08,0.1405,7.12,612.0,80.4
13456,142.9,7.00,20.08,0.1405,7.12,612.0,80.4
13462,144.9,6.90,20.08,0.1386,7.22,612.0,80.4
13469,144.9,6.90,20.08,0.1386,7.22,612.0,80.4
13476,144.9,6.90,20.08,0.1386,7.21,612.0,80.4
13483,142.9,7.00,20.09,0.1406,7.11,612.0,80.4
13490,142.9,7.00,20.09,0.1406,7.11,612.0,80.4
13497,144.9,6.90,20.09,0.1386,7.21,612.0,80.4
13504,142.9,7.00,20.09,0.1406,7.11,612.0,80.4
13511,142.9,7.00,20.09,0.1407,7.11,612.0,80.4
13518,147.1,6.80,20.10,0.1366,7.32,612.0,80.4
13525,142.9,7.00,20.10,0.1407,7.11,612.0,80.4
13532,142.9,7.00,20.10,0.1407,7.11,612.0,80.4
13539,144.9,6.90,20.10,0.1387,7.21,612.0,80.4
13546,144.9,6.90,20.10,0.1387,7.21,612.0,80.5
13553,142.9,7.00,20.10,0.1407,7.11,612.0,80.5
13560,144.9,6.90,20.11,0.1387,7.21,612.0,80.5
13567,142.9,7.00,20.11,0.1408,7.11,612.0,80.5
13574,144.9,6.90,20.11,0.1388,7.21,612.0,80.5
13580,144.9,6.90,20.11,0.1388,7.20,612.0,80.5
13587,142.9,7.00,20.11,0.1408,7.10,612.0,80.5
13594,144.9,6.90,20.12,0.1388,7.20,612.0,80.5
13601,142.9,7.00,20.12,0.1408,7.10,612.0,80.5
13608,142.9,7.00,20.12,0.1408,7.10,612.0,80.5
13615,147.1,6.80,20.12,0.1368,7.31,612.0,80.5
13622,142.9,7.00,20.12,0.1409,7.10,612.0,80.5
13629,144.9,6.90,20.12,0.1389,7.20,612.0,80.5
13636,142.9,7.00,20.13,0.1409,7.10,612.0,80.5
13643,142.9,7.00,20.13,0.1409,7.10,612.0,80.6
13650,144.9,6.90,20.13,0.1389,7.20,612.0,80.6
13657,144.9,6.90,20.13,0.1389,7.20,612.0,80.6
13664,142.9,7.00,20.13,0.1409,7.10,612.0,80.6
13671,142.9,7.00,20.14,0.1410,7.10,612.0,80.6
13678,144.9,6.90,20.14,0.1390,7.20,612.0,80.6
13685,144.9,6.90,20.14,0.1390,7.19,612.0,80.6
13692,142.9,7.00,20.14,0.1410,7.09,612.0,80.6
13699,144.9,6.90,20.14,0.1390,7.19,612.0,80.6
13706,142.9,7.00,20.15,0.1410,7.09,612.0,80.6
13712,144.9,6.90,20.15,0.1390,7.19,612.0,80.6
13719,144.9,6.90,20.15,0.1390,7.19,612.0,80.6
13726,142.9,7.00,20.15,0.1411,7.09,612.0,80.6
13733,142.9,7.00,20.15,0.1411,7.09,612.0,80.6
13740,144.9,6.90,20.15,0.1391,7.19,612.0,80.6
13747,144.9,6.90,20.16,0.1391,7.19,612.0,80.7
13754,144.9,6.90,20.16,0.1391,7.19,612.0,80.7
13761,142.9,7.00,20.16,0.1411,7.09,612.0,80.7
13768,142.9,7.00,20.16,0.1411,7.09,612.0,80.7
13775,144.9,6.90,20.16,0.1391,7.19,612.0,80.7
13782,144.9,6.90,20.17,0.1391,7.19,612.0,80.7
13789,142.9,7.00,20.17,0.1412,7.09,612.0,80.7
13796,144.9,6.90,20.17,0.1392,7.18,612.0,80.7
13803,144.9,6.90,20.17,0.1392,7.18,612.0,80.7
13810,140.8,7.10,20.17,0.1432,6.98,612.0,80.7
13817,147.1,6.80,20.18,0.1372,7.29,612.0,80.7
13824,140.8,7.10,20.18,0.1433,6.98,612.0,80.7
13830,149.3,6.70,20.18,0.1352,7.40,612.0,80.7
13837,140.8,7.10,20.18,0.1433,6.98,612.0,80.7
13844,144.9,6.90,20.18,0.1393,7.18,612.0,80.8
13851,142.9,7.00,20.18,0.1413,7.08,612.0,80.8
13858,144.9,6.90,20.19,0.1393,7.18,612.0,80.8
13865,144.9,6.90,20.19,0.1393,7.18,612.0,80.8
13872,142.9,7.00,20.19,0.1413,7.08,612.0,80.8
13879,142.9,7.00,20.19,0.1413,7.08,612.0,80.8
13886,144.9,6.90,20.19,0.1393,7.18,612.0,80.8
13893,144.9,6.90,20.20,0.1394,7.17,612.0,80.8
13900,142.9,7.00,20.20,0.1414,7.07,612.0,80.8
13907,144.9,6.90,20.20,0.1394,7.17,612.0,80.8
13914,142.9,7.00,20.20,0.1414,7.07,612.0,80.8
13921,147.1,6.80,20.20,0.1374,7.28,612.0,80.8
13928,142.9,7.00,20.21,0.1414,7.07,612.0,80.8
13935,142.9,7.00,20.21,0.1415,7.07,612.0,80.8
13942,144.9,6.90,20.21,0.1394,7.17,612.0,80.8
13949,142.9,7.00,20.21,0.1415,7.07,612.0,80.9
13956,142.9,7.00,20.21,0.1415,7.07,612.0,80.9
13962,144.9,6.90,20.21,0.1395,7.17,612.0,80.9
13969,144.9,6.90,20.22,0.1395,7.17,612.0,80.9
13976,144.9,6.90,20.22,0.1395,7.17,612.0,80.9
13983,142.9,7.00,20.22,0.1415,7.07,612.0,80.9
13990,144.9,6.90,20.22,0.1395,7.17,612.0,80.9
13997,142.9,7.00,20.22,0.1416,7.07,612.0,80.9
14004,142.9,7.00,20.23,0.1416,7.07,612.0,80.9
14011,144.9,6.90,20.23,0.1396,7.16,612.0,80.9
14018,142.9,7.00,20.23,0.1416,7.06,612.0,80.9
14025,142.9,7.00,20.23,0.1416,7.06,612.0,80.9
14032,147.1,6.80,20.23,0.1376,7.27,612.0,80.9
14039,142.9,7.00,20.24,0.1416,7.06,612.0,80.9
14046,144.9,6.90,20.24,0.1396,7.16,612.0,81.0
14053,142.9,7.00,20.24,0.1417,7.06,612.0,81.0
14060,144.9,6.90,20.24,0.1397,7.16,612.0,81.0
14067,142.9,7.00,20.24,0.1417,7.06,612.0,81.0
14074,144.9,6.90,20.25,0.1397,7.16,612.0,81.0
14081,142.9,7.00,20.25,0.1417,7.06,612.0,81.0
14087,144.9,6.90,20.25,0.1397,7.16,612.0,81.0
14094,144.9,6.90,20.25,0.1397,7.16,612.0,81.0
14101,144.9,6.90,20.25,0.1397,7.16,612.0,81.0
14108,142.9,7.00,20.25,0.1417,7.06,612.0,81.0
14115,142.9,7.00,20.25,0.1417,7.06,612.0,81.0
14122,144.9,6.90,20.24,0.1397,7.16,612.0,81.0
14129,147.1,6.80,20.24,0.1377,7.27,612.0,81.0
14136,142.9,7.00,20.24,0.1417,7.06,612.0,81.0
14143,144.9,6.90,20.24,0.1397,7.16,612.0,81.0
14150,142.9,7.00,20.24,0.1417,7.06,612.0,81.0
14157,144.9,6.90,20.24,0.1396,7.16,612.0,81.0
14164,144.9,6.90,20.24,0.1396,7.16,612.0,81.0
14171,140.8,7.10,20.24,0.1437,6.96,612.0,81.0
14178,147.1,6.80,20.23,0.1376,7.27,612.0,81.0
14185,142.9,7.00,20.23,0.1416,7.06,612.0,81.0
14192,142.9,7.00,20.23,0.1416,7.06,612.0,81.0
14199,142.9,7.00,20.23,0.1416,7.06,612.0,81.0
14205,144.9,6.90,20.23,0.1396,7.16,612.0,81.0
14212,142.9,7.00,20.23,0.1416,7.06,612.0,81.0
14219,144.9,6.90,20.23,0.1396,7.16,612.0,81.0
14226,144.9,6.90,20.23,0.1396,7.16,612.0,81.0
14233,142.9,7.00,20.22,0.1416,7.07,612.0,81.0
14240,142.9,7.00,20.22,0.1416,7.07,612.0,81.0
14247,142.9,7.00,20.22,0.1416,7.07,612.0,81.0
14254,144.9,6.90,20.22,0.1395,7.17,612.0,81.0
14261,144.9,6.90,20.22,0.1395,7.17,612.0,81.0
14268,142.9,7.00,20.22,0.1415,7.07,612.0,81.0
14275,144.9,6.90,20.22,0.1395,7.17,612.0,81.0
14282,144.9,6.90,20.22,0.1395,7.17,612.0,81.0
14289,140.8,7.10,20.21,0.1435,6.97,612.0,81.0
14296,144.9,6.90,20.21,0.1395,7.17,612.0,81.0
14303,144.9,6.90,20.21,0.1395,7.17,612.0,81.0
14310,144.9,6.90,20.21,0.1395,7.17,612.0,81.0
14317,142.9,7.00,20.21,0.1415,7.07,612.0,81.0
14324,142.9,7.00,20.21,0.1415,7.07,612.0,81.0
14331,144.9,6.90,20.21,0.1394,7.17,612.0,81.0
14338,142.9,7.00,20.21,0.1414,7.07,612.0,81.0
14344,144.9,6.90,20.20,0.1394,7.17,612.0,81.0
14351,144.9,6.90,20.20,0.1394,7.17,612.0,81.0
14358,142.9,7.00,20.20,0.1414,7.07,612.0,81.0
14365,144.9,6.90,20.20,0.1394,7.17,612.0,81.0
14372,142.9,7.00,20.20,0.1414,7.07,612.0,81.0
14379,144.9,6.90,20.20,0.1394,7.17,612.0,81.0
14386,147.1,6.80,20.20,0.1373,7.28,612.0,81.0
14393,142.9,7.00,20.20,0.1414,7.08,612.0,81.0
14400,142.9,7.00,20.19,0.1414,7.08,612.0,81.0
14407,144.9,6.90,20.19,0.1393,7.18,612.0,81.0
14414,142.9,7.00,20.19,0.1413,7.08,612.0,81.0
14421,144.9,6.90,20.19,0.1393,7.18,612.0,81.0
14428,144.9,6.90,20.19,0.1393,7.18,612.0,81.0
14435,142.9,7.00,20.19,0.1413,7.08,612.0,81.0
14442,142.9,7.00,20.19,0.1413,7.08,612.0,81.0
14449,144.9,6.90,20.19,0.1393,7.18,612.0,81.0
14455,144.9,6.90,20.18,0.1393,7.18,612.0,81.0
14462,142.9,7.00,20.18,0.1413,7.08,612.0,81.0
14469,144.9,6.90,20.18,0.1393,7.18,612.0,81.0
14476,147.1,6.80,20.18,0.1372,7.29,612.0,81.0
14483,138.9,7.20,20.18,0.1453,6.88,612.0,81.0
14490,144.9,6.90,20.18,0.1392,7.18,612.0,81.0
14497,142.9,7.00,20.18,0.1412,7.08,612.0,81.0
14504,144.9,6.90,20.18,0.1392,7.18,612.0,81.0
14511,142.9,7.00,20.17,0.1412,7.08,612.0,81.0
14518,144.9,6.90,20.17,0.1392,7.18,612.0,81.0
14525,142.9,7.00,20.17,0.1412,7.08,612.0,81.0
14532,142.9,7.00,20.17,0.1412,7.08,612.0,81.0
14539,144.9,6.90,20.17,0.1392,7.18,612.0,81.0
14546,144.9,6.90,20.17,0.1392,7.18,612.0,81.0
14553,144.9,6.90,20.17,0.1392,7.18,612.0,81.0
14560,144.9,6.90,20.17,0.1391,7.19,612.0,81.0
14567,140.8,7.10,20.16,0.1432,6.98,612.0,81.0
14574,147.1,6.80,20.16,0.1371,7.30,612.0,81.0
14580,144.9,6.90,20.16,0.1391,7.19,612.0,81.0
14587,142.9,7.00,20.16,0.1411,7.09,612.0,81.0
14594,142.9,7.00,20.16,0.1411,7.09,612.0,81.0
14601,144.9,6.90,20.16,0.1391,7.19,612.0,81.0
14608,142.9,7.00,20.16,0.1411,7.09,612.0,81.0
14615,144.9,6.90,20.16,0.1391,7.19,612.0,81.0
14622,144.9,6.90,20.15,0.1391,7.19,612.0,81.0
14629,142.9,7.00,20.15,0.1411,7.09,612.0,81.0
14636,144.9,6.90,20.15,0.1390,7.19,612.0,81.0
14643,142.9,7.00,20.15,0.1411,7.09,612.0,81.0
14650,144.9,6.90,20.15,0.1390,7.19,612.0,81.0
14657,142.9,7.00,20.15,0.1410,7.09,612.0,81.0
14664,142.9,7.00,20.15,0.1410,7.09,612.0,81.0
14671,144.9,6.90,20.15,0.1390,7.19,612.0,81.0
14678,142.9,7.00,20.14,0.1410,7.09,612.0,81.0
14685,144.9,6.90,20.14,0.1390,7.19,612.0,81.0
14692,144.9,6.90,20.14,0.1390,7.19,612.0,81.0
14699,142.9,7.00,20.14,0.1410,7.10,612.0,81.0
14706,144.9,6.90,20.14,0.1390,7.19,612.0,81.0
14713,142.9,7.00,20.14,0.1410,7.10,612.0,81.0
14719,144.9,6.90,20.14,0.1389,7.20,612.0,81.0
14726,144.9,6.90,20.14,0.1389,7.20,612.0,81.0
14733,142.9,7.00,20.13,0.1409,7.10,612.0,81.0
14740,147.1,6.80,20.13,0.1369,7.31,612.0,81.0
14747,142.9,7.00,20.13,0.1409,7.10,612.0,81.0
14754,142.9,7.00,20.13,0.1409,7.10,612.0,81.0
14761,144.9,6.90,20.13,0.1389,7.20,612.0,81.0
14768,144.9,6.90,20.13,0.1389,7.20,612.0,81.0
14775,144.9,6.90,20.13,0.1389,7.20,612.0,81.0
14782,144.9,6.90,20.13,0.1389,7.20,612.0,81.0
14789,140.8,7.10,20.12,0.1429,7.00,612.0,81.0
14796,147.1,6.80,20.12,0.1368,7.31,612.0,81.0
14803,144.9,6.90,20.12,0.1388,7.20,612.0,81.0
14810,142.9,7.00,20.12,0.1408,7.10,612.0,81.0
14817,142.9,7.00,20.12,0.1408,7.10,612.0,81.0
14824,142.9,7.00,20.12,0.1408,7.10,612.0,81.0
14830,144.9,6.90,20.12,0.1388,7.20,612.0,81.0
14837,144.9,6.90,20.12,0.1388,7.20,612.0,81.0
14844,142.9,7.00,20.11,0.1408,7.10,612.0,81.0
14851,144.9,6.90,20.11,0.1388,7.20,612.0,81.0
14858,140.8,7.10,20.11,0.1428,7.00,612.0,81.0
14865,144.9,6.90,20.11,0.1388,7.21,612.0,81.0
14872,149.3,6.70,20.11,0.1347,7.42,612.0,81.0
14879,138.9,7.20,20.11,0.1448,6.91,612.0,81.0
14886,144.9,6.90,20.11,0.1387,7.21,612.0,81.0
14893,142.9,7.00,20.11,0.1407,7.11,612.0,81.0
14900,144.9,6.90,20.10,0.1387,7.21,612.0,81.0
14907,144.9,6.90,20.10,0.1387,7.21,612.0,81.0
14914,144.9,6.90,20.10,0.1387,7.21,612.0,81.0
14921,142.9,7.00,20.10,0.1407,7.11,612.0,81.0
14928,144.9,6.90,20.10,0.1387,7.21,612.0,81.0
14935,144.9,6.90,20.10,0.1387,7.21,612.0,81.0
14942,142.9,7.00,20.10,0.1407,7.11,612.0,81.0
14948,144.9,6.90,20.10,0.1387,7.21,612.0,81.0
14955,142.9,7.00,20.09,0.1407,7.11,612.0,81.0
14962,144.9,6.90,20.09,0.1386,7.21,612.0,81.0
14969,142.9,7.00,20.09,0.1406,7.11,612.0,81.0
14976,147.1,6.80,20.09,0.1366,7.32,612.0,81.0
14983,142.9,7.00,20.09,0.1406,7.11,612.0,81.0
14990,142.9,7.00,20.09,0.1406,7.11,612.0,81.0
14997,144.9,6.90,20.09,0.1386,7.21,612.0,81.0
15004,142.9,7.00,20.09,0.1406,7.11,612.0,81.0
15011,144.9,6.90,20.08,0.1386,7.21,612.0,81.0
15018,142.9,7.00,20.08,0.1406,7.12,612.0,81.0
15025,142.9,7.00,20.08,0.1406,7.12,612.0,81.0
15032,144.9,6.90,20.08,0.1386,7.22,612.0,81.0
15039,142.9,7.00,20.08,0.1406,7.12,612.0,81.0
15046,142.9,7.00,20.08,0.1405,7.12,612.0,81.0
15053,147.1,6.80,20.08,0.1365,7.33,612.0,81.0
15060,144.9,6.90,20.08,0.1385,7.22,612.0,81.0
15067,140.8,7.10,20.07,0.1425,7.01,612.0,81.0
15074,142.9,7.00,20.07,0.1405,7.12,612.0,81.0
15081,144.9,6.90,20.07,0.1385,7.22,612.0,81.0
15087,144.9,6.90,20.07,0.1385,7.22,612.0,81.0
15094,142.9,7.00,20.07,0.1405,7.12,612.0,81.0
15101,144.9,6.90,20.07,0.1385,7.22,612.0,81.0
15108,144.9,6.90,20.07,0.1385,7.22,612.0,81.0
15115,142.9,7.00,20.07,0.1405,7.12,612.0,81.0
15122,142.9,7.00,20.07,0.1405,7.12,612.0,81.0
15129,144.9,6.90,20.07,0.1385,7.22,612.0,81.0
15136,144.9,6.90,20.07,0.1385,7.22,612.0,81.0
15143,144.9,6.90,20.07,0.1385,7.22,612.0,80.9
15150,142.9,7.00,20.07,0.1405,7.12,612.0,80.9
15157,142.9,7.00,20.07,0.1405,7.12,612.0,80.9
15164,142.9,7.00,20.07,0.1405,7.12,612.0,80.9
15171,144.9,6.90,20.07,0.1385,7.22,612.0,80.9
15178,144.9,6.90,20.08,0.1385,7.22,612.0,80.9
15185,142.9,7.00,20.08,0.1405,7.12,612.0,80.9
15192,144.9,6.90,20.08,0.1385,7.22,612.0,80.9
15199,144.9,6.90,20.08,0.1385,7.22,612.0,80.9
15206,142.9,7.00,20.08,0.1405,7.12,612.0,80.9
15212,144.9,6.90,20.08,0.1385,7.22,612.0,80.9
15219,142.9,7.00,20.08,0.1405,7.12,612.0,80.9
15226,144.9,6.90,20.08,0.1385,7.22,612.0,80.9
15233,144.9,6.90,20.08,0.1385,7.22,612.0,80.9
15240,142.9,7.00,20.08,0.1406,7.12,612.0,80.9
15247,142.9,7.00,20.08,0.1406,7.12,612.0,80.8
15254,144.9,6.90,20.08,0.1386,7.22,612.0,80.8
15261,142.9,7.00,20.08,0.1406,7.12,612.0,80.8
15268,147.1,6.80,20.08,0.1365,7.33,612.0,80.8
15275,144.9,6.90,20.08,0.1386,7.22,612.0,80.8
15282,142.9,7.00,20.08,0.1406,7.12,612.0,80.8
15289,144.9,6.90,20.08,0.1386,7.22,612.0,80.8
15296,142.9,7.00,20.08,0.1406,7.12,612.0,80.8
15303,142.9,7.00,20.08,0.1406,7.12,612.0,80.8
15310,144.9,6.90,20.08,0.1386,7.22,612.0,80.8
15317,144.9,6.90,20.08,0.1386,7.21,612.0,80.8
15323,144.9,6.90,20.08,0.1386,7.21,612.0,80.8
15330,142.9,7.00,20.08,0.1406,7.12,612.0,80.8
15337,142.9,7.00,20.08,0.1406,7.11,612.0,80.8
15344,144.9,6.90,20.09,0.1386,7.21,612.0,80.7
15351,140.8,7.10,20.09,0.1426,7.01,612.0,80.7
15358,147.1,6.80,20.09,0.1366,7.32,612.0,80.7
15365,142.9,7.00,20.09,0.1406,7.11,612.0,80.7
15372,144.9,6.90,20.09,0.1386,7.21,612.0,80.7
15379,142.9,7.00,20.09,0.1406,7.11,612.0,80.7
15386,142.9,7.00,20.09,0.1406,7.11,612.0,80.7
15393,147.1,6.80,20.09,0.1366,7.32,612.0,80.7
15400,142.9,7.00,20.09,0.1406,7.11,612.0,80.7
15407,147.1,6.80,20.09,0.1366,7.32,612.0,80.7
15414,142.9,7.00,20.09,0.1406,7.11,612.0,80.7
15421,140.8,7.10,20.09,0.1426,7.01,612.0,80.7
15428,147.1,6.80,20.09,0.1366,7.32,612.0,80.7
15435,144.9,6.90,20.09,0.1386,7.21,612.0,80.7
15442,142.9,7.00,20.09,0.1406,7.11,612.0,80.7
15449,140.8,7.10,20.09,0.1426,7.01,612.0,80.6
15455,149.3,6.70,20.09,0.1346,7.43,612.0,80.6
15462,140.8,7.10,20.09,0.1427,7.01,612.0,80.6
15469,144.9,6.90,20.09,0.1386,7.21,612.0,80.6
15476,144.9,6.90,20.09,0.1386,7.21,612.0,80.6
15483,144.9,6.90,20.09,0.1386,7.21,612.0,80.6
15490,140.8,7.10,20.09,0.1427,7.01,612.0,80.6
15497,144.9,6.90,20.09,0.1387,7.21,612.0,80.6
15504,144.9,6.90,20.09,0.1387,7.21,612.0,80.6
15511,142.9,7.00,20.10,0.1407,7.11,612.0,80.6
15518,144.9,6.90,20.10,0.1387,7.21,612.0,80.6
15525,144.9,6.90,20.10,0.1387,7.21,612.0,80.6
15532,142.9,7.00,20.10,0.1407,7.11,612.0,80.6
15539,144.9,6.90,20.10,0.1387,7.21,612.0,80.6
15546,142.9,7.00,20.10,0.1407,7.11,612.0,80.5
15553,144.9,6.90,20.10,0.1387,7.21,612.0,80.5
15560,142.9,7.00,20.10,0.1407,7.11,612.0,80.5
15567,142.9,7.00,20.10,0.1407,7.11,612.0,80.5
15574,144.9,6.90,20.10,0.1387,7.21,612.0,80.5
15581,142.9,7.00,20.10,0.1407,7.11,612.0,80.5
15587,144.9,6.90,20.10,0.1387,7.21,612.0,80.5
15594,142.9,7.00,20.10,0.1407,7.11,612.0,80.5
15601,144.9,6.90,20.10,0.1387,7.21,612.0,80.5
15608,144.9,6.90,20.10,0.1387,7.21,612.0,80.5
15615,142.9,7.00,20.10,0.1407,7.11,612.0,80.5
15622,142.9,7.00,20.10,0.1407,7.11,612.0,80.5
15629,144.9,6.90,20.10,0.1387,7.21,612.0,80.5
15636,142.9,7.00,20.10,0.1407,7.11,612.0,80.5
15643,144.9,6.90,20.10,0.1387,7.21,612.0,80.4
15650,142.9,7.00,20.10,0.1407,7.11,612.0,80.4
15657,144.9,6.90,20.10,0.1387,7.21,612.0,80.4
15664,144.9,6.90,20.10,0.1387,7.21,612.0,80.4
15671,142.9,7.00,20.10,0.1407,7.11,612.0,80.4
15678,147.1,6.80,20.11,0.1367,7.32,612.0,80.4
15685,140.8,7.10,20.11,0.1427,7.00,612.0,80.4
15692,144.9,6.90,20.11,0.1387,7.21,612.0,80.4
15699,144.9,6.90,20.11,0.1387,7.21,612.0,80.4
15706,142.9,7.00,20.11,0.1407,7.11,612.0,80.4
15713,142.9,7.00,20.11,0.1408,7.11,612.0,80.4
15719,147.1,6.80,20.11,0.1367,7.32,612.0,80.4
15726,142.9,7.00,20.11,0.1408,7.11,612.0,80.4
15733,142.9,7.00,20.11,0.1408,7.11,612.0,80.4
15740,144.9,6.90,20.11,0.1388,7.21,612.0,80.4
15747,142.9,7.00,20.11,0.1408,7.11,612.0,80.3
15754,144.9,6.90,20.11,0.1388,7.21,612.0,80.3
15761,142.9,7.00,20.11,0.1408,7.11,612.0,80.3
15768,144.9,6.90,20.11,0.1388,7.21,612.0,80.3
15775,144.9,6.90,20.11,0.1388,7.21,612.0,80.3
15782,142.9,7.00,20.11,0.1408,7.11,612.0,80.3
15789,142.9,7.00,20.11,0.1408,7.11,612.0,80.3
15796,147.1,6.80,20.11,0.1368,7.31,612.0,80.3
15803,142.9,7.00,20.11,0.1408,7.10,612.0,80.3
15810,144.9,6.90,20.11,0.1388,7.20,612.0,80.3
15817,144.9,6.90,20.11,0.1388,7.20,612.0,80.3
15824,142.9,7.00,20.11,0.1408,7.10,612.0,80.3
15831,142.9,7.00,20.11,0.1408,7.10,612.0,80.3
15837,147.1,6.80,20.11,0.1368,7.31,612.0,80.3
15844,142.9,7.00,20.12,0.1408,7.10,612.0,80.2
15851,144.9,6.90,20.12,0.1388,7.20,612.0,80.2
15858,142.9,7.00,20.12,0.1408,7.10,612.0,80.2
15865,144.9,6.90,20.12,0.1388,7.20,612.0,80.2
15872,142.9,7.00,20.12,0.1408,7.10,612.0,80.2
15879,142.9,7.00,20.12,0.1408,7.10,612.0,80.2
15886,147.1,6.80,20.12,0.1368,7.31,612.0,80.2
15893,142.9,7.00,20.12,0.1408,7.10,612.0,80.2
15900,144.9,6.90,20.12,0.1388,7.20,612.0,80.2
15907,142.9,7.00,20.12,0.1408,7.10,612.0,80.2
15914,142.9,7.00,20.12,0.1408,7.10,612.0,80.2
15921,144.9,6.90,20.12,0.1388,7.20,612.0,80.2
15928,147.1,6.80,20.12,0.1368,7.31,612.0,80.2
15935,140.8,7.10,20.12,0.1429,7.00,612.0,80.2
15942,144.9,6.90,20.12,0.1388,7.20,612.0,80.2
15948,144.9,6.90,20.12,0.1388,7.20,612.0,80.1
15956,140.8,7.10,20.12,0.1429,7.00,612.0,80.1
15962,147.1,6.80,20.12,0.1368,7.31,612.0,80.1
15969,144.9,6.90,20.12,0.1388,7.20,612.0,80.1
15976,138.9,7.20,20.12,0.1449,6.90,612.0,80.1
15983,149.3,6.70,20.12,0.1348,7.42,612.0,80.1
15990,142.9,7.00,20.12,0.1409,7.10,612.0,80.1
15997,144.9,6.90,20.12,0.1389,7.20,612.0,80.1
16004,142.9,7.00,20.12,0.1409,7.10,612.0,80.1
16011,142.9,7.00,20.13,0.1409,7.10,612.0,80.1
16018,144.9,6.90,20.13,0.1389,7.20,612.0,80.1
16025,144.9,6.90,20.13,0.1389,7.20,612.0,80.1
16032,142.9,7.00,20.13,0.1409,7.10,612.0,80.1
16039,142.9,7.00,20.13,0.1409,7.10,612.0,80.1
16046,142.9,7.00,20.13,0.1409,7.10,612.0,80.0
16053,144.9,6.90,20.13,0.1389,7.20,612.0,80.0
16060,144.9,6.90,20.13,0.1389,7.20,612.0,80.0
16067,142.9,7.00,20.13,0.1409,7.10,612.0,80.0
16074,144.9,6.90,20.13,0.1389,7.20,612.0,80.0
16080,144.9,6.90,20.13,0.1389,7.20,612.0,80.0
16087,144.9,6.90,20.13,0.1389,7.20,612.0,80.0
16094,142.9,7.00,20.13,0.1409,7.10,612.0,80.0
16101,144.9,6.90,20.12,0.1389,7.20,612.0,80.0
16108,142.9,7.00,20.12,0.1408,7.10,612.0,80.0
16115,144.9,6.90,20.12,0.1388,7.20,612.0,80.0
16122,142.9,7.00,20.11,0.1408,7.10,612.0,80.0
16129,144.9,6.90,20.11,0.1388,7.21,612.0,80.0
16136,142.9,7.00,20.10,0.1407,7.11,612.0,80.0
16143,144.9,6.90,20.10,0.1387,7.21,612.0,80.0
16150,144.9,6.90,20.10,0.1387,7.21,612.0,80.0
16157,144.9,6.90,20.09,0.1386,7.21,612.0,80.0
16164,144.9,6.90,20.09,0.1386,7.21,612.0,80.0
16171,144.9,6.90,20.08,0.1386,7.21,612.0,80.0
16178,140.8,7.10,20.08,0.1426,7.01,612.0,80.0
16185,144.9,6.90,20.08,0.1385,7.22,612.0,80.0
16191,144.9,6.90,20.07,0.1385,7.22,612.0,80.0
16198,142.9,7.00,20.07,0.1405,7.12,612.0,80.0
16205,144.9,6.90,20.07,0.1385,7.22,612.0,80.0
16212,142.9,7.00,20.06,0.1404,7.12,612.0,80.0
16219,144.9,6.90,20.06,0.1384,7.22,612.0,80.0
16226,142.9,7.00,20.05,0.1404,7.13,612.0,80.0
16233,144.9,6.90,20.05,0.1383,7.23,612.0,80.0
16240,142.9,7.00,20.05,0.1403,7.13,612.0,80.0
16247,144.9,6.90,20.04,0.1383,7.23,612.0,80.0
16254,144.9,6.90,20.04,0.1383,7.23,612.0,80.0
16261,140.8,7.10,20.03,0.1422,7.03,612.0,80.0
16268,147.1,6.80,20.03,0.1362,7.34,612.0,80.0
16275,142.9,7.00,20.03,0.1402,7.14,612.0,80.0
16282,144.9,6.90,20.02,0.1381,7.24,612.0,80.0
16289,144.9,6.90,20.02,0.1381,7.24,612.0,80.0
16296,140.8,7.10,20.01,0.1421,7.04,612.0,80.0
16303,144.9,6.90,20.01,0.1381,7.24,612.0,80.0
16310,144.9,6.90,20.01,0.1380,7.24,612.0,80.0
16317,142.9,7.00,20.00,0.1400,7.14,612.0,80.0
16324,142.9,7.00,20.00,0.1400,7.15,612.0,80.0
16330,147.1,6.80,19.99,0.1360,7.36,612.0,80.0
16337,142.9,7.00,19.99,0.1399,7.15,612.0,80.0
16344,142.9,7.00,19.99,0.1399,7.15,612.0,80.0
16351,144.9,6.90,19.98,0.1379,7.25,612.0,80.0
16358,144.9,6.90,19.98,0.1379,7.25,612.0,80.0
16365,142.9,7.00,19.97,0.1398,7.15,612.0,80.0
16372,144.9,6.90,19.97,0.1378,7.26,612.0,80.0
16379,144.9,6.90,19.97,0.1378,7.26,612.0,80.0
16386,142.9,7.00,19.96,0.1397,7.16,612.0,80.0
16393,144.9,6.90,19.96,0.1377,7.26,612.0,80.0
16400,144.9,6.90,19.95,0.1377,7.26,612.0,80.0
16407,140.8,7.10,19.95,0.1416,7.06,612.0,80.0
16414,144.9,6.90,19.95,0.1376,7.26,612.0,80.0
16421,144.9,6.90,19.94,0.1376,7.27,612.0,80.0
16428,142.9,7.00,19.94,0.1396,7.17,612.0,80.0
16435,142.9,7.00,19.93,0.1395,7.17,612.0,80.0
16442,144.9,6.90,19.93,0.1375,7.27,612.0,80.0
16448,144.9,6.90,19.93,0.1375,7.27,612.0,80.0
16455,142.9,7.00,19.92,0.1395,7.17,612.0,80.0
16462,144.9,6.90,19.92,0.1374,7.27,612.0,80.0
16469,140.8,7.10,19.92,0.1414,7.07,612.0,80.0
16476,149.3,6.70,19.91,0.1334,7.50,612.0,80.0
16483,142.9,7.00,19.91,0.1393,7.18,612.0,80.0
16490,140.8,7.10,19.90,0.1413,7.07,612.0,80.0
16497,144.9,6.90,19.90,0.1373,7.28,612.0,80.0
16504,142.9,7.00,19.90,0.1393,7.18,612.0,80.0
16511,144.9,6.90,19.89,0.1372,7.28,612.0,80.0
16518,142.9,7.00,19.89,0.1392,7.19,612.0,80.0
16525,144.9,6.90,19.88,0.1372,7.29,612.0,80.0
16532,142.9,7.00,19.88,0.1392,7.19,612.0,80.0
16539,144.9,6.90,19.88,0.1371,7.29,612.0,80.0
16546,144.9,6.90,19.87,0.1371,7.29,612.0,80.0
16553,142.9,7.00,19.87,0.1391,7.19,612.0,80.0
16560,144.9,6.90,19.86,0.1371,7.29,612.0,80.0
16567,144.9,6.90,19.86,0.1370,7.30,612.0,80.0
16574,142.9,7.00,19.86,0.1390,7.20,612.0,80.0
16580,144.9,6.90,19.85,0.1370,7.30,612.0,80.0
16587,142.9,7.00,19.85,0.1389,7.20,612.0,80.0
16594,142.9,7.00,19.84,0.1389,7.20,612.0,80.0
16601,144.9,6.90,19.84,0.1369,7.30,612.0,80.0
16608,142.9,7.00,19.84,0.1389,7.20,612.0,80.0
16615,144.9,6.90,19.83,0.1368,7.31,612.0,80.0
16622,144.9,6.90,19.83,0.1368,7.31,612.0,80.0
16629,144.9,6.90,19.82,0.1368,7.31,612.0,80.0
16636,142.9,7.00,19.82,0.1387,7.21,612.0,80.0
16643,142.9,7.00,19.82,0.1387,7.21,612.0,80.0
16650,144.9,6.90,19.81,0.1367,7.31,612.0,80.0
16657,144.9,6.90,19.81,0.1367,7.32,612.0,80.0
16664,142.9,7.00,19.80,0.1386,7.22,612.0,80.0
16671,142.9,7.00,19.80,0.1386,7.22,612.0,80.0
16678,147.1,6.80,19.80,0.1346,7.43,612.0,80.0
16685,142.9,7.00,19.79,0.1385,7.22,612.0,80.0
16692,144.9,6.90,19.79,0.1365,7.32,612.0,80.0
16699,142.9,7.00,19.78,0.1385,7.22,612.0,80.0
16705,144.9,6.90,19.78,0.1365,7.33,612.0,80.0
16712,142.9,7.00,19.78,0.1384,7.23,612.0,80.0
16719,144.9,6.90,19.77,0.1364,7.33,612.0,80.0
16726,142.9,7.00,19.77,0.1384,7.23,612.0,80.0
16733,144.9,6.90,19.76,0.1364,7.33,612.0,80.0
16740,142.9,7.00,19.76,0.1383,7.23,612.0,80.0
16747,144.9,6.90,19.76,0.1363,7.33,612.0,80.0
16754,144.9,6.90,19.75,0.1363,7.34,612.0,80.0
16761,142.9,7.00,19.75,0.1382,7.24,612.0,80.0
16768,142.9,7.00,19.74,0.1382,7.24,612.0,80.0
16775,144.9,6.90,19.74,0.1362,7.34,612.0,80.0
16782,142.9,7.00,19.74,0.1382,7.24,612.0,80.0
16789,142.9,7.00,19.73,0.1381,7.24,612.0,80.0
16796,144.9,6.90,19.73,0.1361,7.34,612.0,80.0
16803,142.9,7.00,19.72,0.1381,7.24,612.0,80.0
16810,147.1,6.80,19.72,0.1341,7.46,612.0,80.0
16817,142.9,7.00,19.72,0.1380,7.25,612.0,80.0
16823,147.1,6.80,19.71,0.1341,7.46,612.0,80.0
16830,142.9,7.00,19.71,0.1380,7.25,612.0,80.0
16837,144.9,6.90,19.71,0.1360,7.35,612.0,80.0
16844,142.9,7.00,19.70,0.1379,7.25,612.0,80.0
16851,144.9,6.90,19.70,0.1359,7.36,612.0,80.0
16858,142.9,7.00,19.69,0.1379,7.26,612.0,80.0
16865,144.9,6.90,19.69,0.1359,7.36,612.0,80.0
16872,142.9,7.00,19.69,0.1378,7.26,612.0,80.0
16879,144.9,6.90,19.68,0.1358,7.36,612.0,80.0
16886,142.9,7.00,19.68,0.1377,7.26,612.0,80.0
16893,144.9,6.90,19.67,0.1357,7.37,612.0,80.0
16900,142.9,7.00,19.67,0.1377,7.27,612.0,80.0
16907,144.9,6.90,19.67,0.1357,7.37,612.0,80.0
16914,142.9,7.00,19.66,0.1376,7.27,612.0,80.0
16921,147.1,6.80,19.66,0.1337,7.48,612.0,80.0
16928,144.9,6.90,19.65,0.1356,7.37,612.0,80.0
16935,142.9,7.00,19.65,0.1375,7.27,612.0,80.0
16941,144.9,6.90,19.65,0.1356,7.38,612.0,80.0
16948,142.9,7.00,19.64,0.1375,7.28,612.0,80.0
16955,144.9,6.90,19.64,0.1355,7.38,612.0,80.0
16962,144.9,6.90,19.63,0.1355,7.38,612.0,80.0
16969,144.9,6.90,19.63,0.1354,7.38,612.0,80.0
16976,142.9,7.00,19.63,0.1374,7.28,612.0,80.0
16983,142.9,7.00,19.62,0.1374,7.28,612.0,80.0
16990,144.9,6.90,19.62,0.1354,7.39,612.0,80.0
16997,142.9,7.00,19.61,0.1373,7.29,612.0,80.0
17004,144.9,6.90,19.61,0.1353,7.39,612.0,80.0
17011,142.9,7.00,19.61,0.1372,7.29,612.0,80.0
17018,144.9,6.90,19.60,0.1353,7.39,612.0,80.0
17025,144.9,6.90,19.60,0.1352,7.39,612.0,80.0
17032,142.9,7.00,19.59,0.1372,7.29,612.0,80.0
17039,142.9,7.00,19.59,0.1371,7.29,612.0,80.0
17046,142.9,7.00,19.59,0.1371,7.30,612.0,80.0
17053,144.9,6.90,19.58,0.1351,7.40,612.0,80.0
17060,140.8,7.10,19.58,0.1390,7.19,612.0,80.0
17067,147.1,6.80,19.57,0.1331,7.51,612.0,80.0
17074,142.9,7.00,19.57,0.1370,7.30,612.0,80.0
17081,142.9,7.00,19.57,0.1370,7.30,612.0,80.0
17087,144.9,6.90,19.56,0.1350,7.41,612.0,80.0
17094,144.9,6.90,19.56,0.1350,7.41,612.0,80.0
17101,142.9,7.00,19.56,0.1369,7.31,612.0,80.0
17108,144.9,6.90,19.56,0.1350,7.41,612.0,80.0
17115,142.9,7.00,19.56,0.1369,7.31,612.0,80.0
17122,144.9,6.90,19.56,0.1350,7.41,612.0,80.0
17129,142.9,7.00,19.56,0.1369,7.30,612.0,80.0
17136,144.9,6.90,19.56,0.1350,7.41,612.0,80.0
17143,142.9,7.00,19.56,0.1369,7.30,612.0,80.0
17150,144.9,6.90,19.56,0.1350,7.41,612.0,80.0
17157,144.9,6.90,19.57,0.1350,7.41,612.0,80.0
17164,142.9,7.00,19.57,0.1370,7.30,612.0,80.0
17171,144.9,6.90,19.57,0.1350,7.41,612.0,80.0
17178,142.9,7.00,19.57,0.1370,7.30,612.0,80.0
17185,144.9,6.90,19.57,0.1350,7.41,612.0,80.0
17192,142.9,7.00,19.57,0.1370,7.30,612.0,80.0
17199,144.9,6.90,19.57,0.1350,7.40,612.0,80.0
17205,144.9,6.90,19.57,0.1350,7.40,612.0,80.0
17212,142.9,7.00,19.57,0.1370,7.30,612.0,80.0
17219,144.9,6.90,19.57,0.1350,7.40,612.0,80.0
17226,142.9,7.00,19.57,0.1370,7.30,612.0,80.0
17233,144.9,6.90,19.57,0.1350,7.40,612.0,80.0
17240,142.9,7.00,19.57,0.1370,7.30,612.0,80.0
17247,147.1,6.80,19.57,0.1331,7.52,612.0,80.0
17254,142.9,7.00,19.57,0.1370,7.30,612.0,80.0
17261,140.8,7.10,19.57,0.1390,7.19,612.0,80.0
17268,147.1,6.80,19.57,0.1331,7.52,612.0,80.0
17275,142.9,7.00,19.57,0.1370,7.30,612.0,80.0
17282,144.9,6.90,19.58,0.1351,7.40,612.0,80.0
17289,144.9,6.90,19.58,0.1351,7.40,612.0,80.0
17296,142.9,7.00,19.58,0.1370,7.30,612.0,80.0
17303,142.9,7.00,19.58,0.1370,7.30,612.0,80.0
17310,144.9,6.90,19.58,0.1351,7.40,612.0,80.0
17317,144.9,6.90,19.58,0.1351,7.40,612.0,80.0
17323,144.9,6.90,19.58,0.1351,7.40,612.0,80.0
17330,142.9,7.00,19.58,0.1371,7.30,612.0,80.0
17337,142.9,7.00,19.58,0.1371,7.30,612.0,80.0
17344,144.9,6.90,19.58,0.1351,7.40,612.0,80.0
17351,142.9,7.00,19.58,0.1371,7.30,612.0,80.0
17358,142.9,7.00,19.58,0.1371,7.30,612.0,80.0
17365,144.9,6.90,19.58,0.1351,7.40,612.0,80.0
17372,144.9,6.90,19.58,0.1351,7.40,612.0,80.0
17379,144.9,6.90,19.58,0.1351,7.40,612.0,80.0
17386,142.9,7.00,19.58,0.1371,7.30,612.0,80.0
17393,144.9,6.90,19.58,0.1351,7.40,612.0,80.0
17400,142.9,7.00,19.58,0.1371,7.30,612.0,80.0
17407,147.1,6.80,19.59,0.1332,7.51,612.0,80.0
17414,142.9,7.00,19.59,0.1371,7.30,612.0,80.0
17421,142.9,7.00,19.59,0.1371,7.30,612.0,80.0
17428,144.9,6.90,19.59,0.1351,7.40,612.0,80.0
17435,142.9,7.00,19.59,0.1371,7.30,612.0,80.0
17441,147.1,6.80,19.59,0.1332,7.51,612.0,80.0
17449,140.8,7.10,19.59,0.1391,7.19,612.0,80.0
17455,147.1,6.80,19.59,0.1332,7.51,612.0,80.0
17462,140.8,7.10,19.59,0.1391,7.19,612.0,80.0
17469,144.9,6.90,19.59,0.1352,7.40,612.0,80.0
17476,144.9,6.90,19.59,0.1352,7.40,612.0,80.0
17483,142.9,7.00,19.59,0.1371,7.29,612.0,80.0
17490,144.9,6.90,19.59,0.1352,7.40,612.0,80.0
17497,144.9,6.90,19.59,0.1352,7.40,612.0,80.0
17504,142.9,7.00,19.59,0.1372,7.29,612.0,80.0
17511,144.9,6.90,19.59,0.1352,7.40,612.0,80.0
17518,142.9,7.00,19.59,0.1372,7.29,612.0,80.0
17525,142.9,7.00,19.59,0.1372,7.29,612.0,80.0
17532,147.1,6.80,19.60,0.1332,7.51,612.0,80.0
17539,140.8,7.10,19.60,0.1391,7.19,612.0,80.0
17546,144.9,6.90,19.60,0.1352,7.39,612.0,80.0
17553,142.9,7.00,19.60,0.1372,7.29,612.0,80.0
17560,142.9,7.00,19.60,0.1372,7.29,612.0,80.0
17567,142.9,7.00,19.60,0.1372,7.29,612.0,80.0
17574,142.9,7.00,19.60,0.1372,7.29,612.0,80.0
17581,144.9,6.90,19.60,0.1352,7.39,612.0,80.0
17587,147.1,6.80,19.60,0.1333,7.51,612.0,80.0
17594,147.1,6.80,19.60,0.1333,7.51,612.0,80.0
17601,140.8,7.10,19.60,0.1392,7.18,612.0,80.0
17608,144.9,6.90,19.60,0.1352,7.39,612.0,80.0
17615,147.1,6.80,19.60,0.1333,7.50,612.0,80.0
17622,142.9,7.00,19.60,0.1372,7.29,612.0,80.0
17629,140.8,7.10,19.60,0.1392,7.18,612.0,80.0
17636,142.9,7.00,19.60,0.1372,7.29,612.0,80.0
17643,144.9,6.90,19.60,0.1353,7.39,612.0,80.0
17650,147.1,6.80,19.60,0.1333,7.50,612.0,80.0
17657,142.9,7.00,19.61,0.1372,7.29,612.0,80.0
17664,144.9,6.90,19.61,0.1353,7.39,612.0,80.0
17671,142.9,7.00,19.61,0.1372,7.29,612.0,80.0
17678,144.9,6.90,19.61,0.1353,7.39,612.0,80.0
17685,142.9,7.00,19.61,0.1373,7.29,612.0,80.0
17692,144.9,6.90,19.61,0.1353,7.39,612.0,80.0
17699,142.9,7.00,19.61,0.1373,7.29,612.0,80.0
17705,147.1,6.80,19.61,0.1333,7.50,612.0,80.0
17712,142.9,7.00,19.61,0.1373,7.29,612.0,80.0
17719,144.9,6.90,19.61,0.1353,7.39,612.0,80.0
17726,142.9,7.00,19.61,0.1373,7.29,612.0,80.0
17733,142.9,7.00,19.61,0.1373,7.29,612.0,80.0
17740,144.9,6.90,19.61,0.1353,7.39,612.0,80.0
17747,142.9,7.00,19.61,0.1373,7.29,612.0,80.0
17754,144.9,6.90,19.61,0.1353,7.39,612.0,80.0
17761,142.9,7.00,19.61,0.1373,7.29,612.0,80.0
17768,144.9,6.90,19.61,0.1353,7.39,612.0,80.0
17775,142.9,7.00,19.61,0.1373,7.29,612.0,80.0
17782,144.9,6.90,19.62,0.1353,7.39,612.0,80.0
17789,142.9,7.00,19.62,0.1373,7.28,612.0,80.0
17796,144.9,6.90,19.62,0.1354,7.39,612.0,80.0
17803,142.9,7.00,19.62,0.1373,7.28,612.0,80.0
17810,147.1,6.80,19.62,0.1334,7.50,612.0,80.0
17817,140.8,7.10,19.62,0.1393,7.18,612.0,80.0
17824,144.9,6.90,19.62,0.1354,7.39,612.0,80.0
17830,144.9,6.90,19.62,0.1354,7.39,612.0,80.0
17837,142.9,7.00,19.62,0.1373,7.28,612.0,80.0
17844,144.9,6.90,19.62,0.1354,7.39,612.0,80.0
17851,144.9,6.90,19.62,0.1354,7.39,612.0,80.0
17858,142.9,7.00,19.62,0.1373,7.28,612.0,80.0
17865,142.9,7.00,19.62,0.1374,7.28,612.0,80.0
17872,144.9,6.90,19.62,0.1354,7.38,612.0,80.0
17879,144.9,6.90,19.62,0.1354,7.38,612.0,80.0
17886,142.9,7.00,19.62,0.1374,7.28,612.0,80.0
17893,144.9,6.90,19.62,0.1354,7.38,612.0,80.0
17900,142.9,7.00,19.62,0.1374,7.28,612.0,80.0
17907,144.9,6.90,19.63,0.1354,7.38,612.0,80.0
17914,142.9,7.00,19.63,0.1374,7.28,612.0,80.0
17921,144.9,6.90,19.63,0.1354,7.38,612.0,80.0
17928,144.9,6.90,19.63,0.1354,7.38,612.0,80.0
17935,142.9,7.00,19.63,0.1374,7.28,612.0,80.0
17942,144.9,6.90,19.63,0.1354,7.38,612.0,80.0
17948,144.9,6.90,19.63,0.1354,7.38,612.0,80.0
17955,142.9,7.00,19.63,0.1374,7.28,612.0,80.0
17962,147.1,6.80,19.63,0.1335,7.49,612.0,80.0
17969,140.8,7.10,19.63,0.1394,7.17,612.0,80.0
17976,144.9,6.90,19.63,0.1355,7.38,612.0,80.0
17983,144.9,6.90,19.63,0.1355,7.38,612.0,80.0
17990,144.9,6.90,19.63,0.1355,7.38,612.0,80.0
17997,142.9,7.00,19.63,0.1374,7.28,612.0,80.0
18004,142.9,7.00,19.63,0.1374,7.28,612.0,80.0
18011,147.1,6.80,19.63,0.1335,7.49,612.0,80.0
18018,144.9,6.90,19.63,0.1355,7.38,612.0,80.0
18025,142.9,7.00,19.63,0.1374,7.28,612.0,80.0
18032,142.9,7.00,19.64,0.1374,7.28,612.0,80.0
18039,144.9,6.90,19.64,0.1355,7.38,612.0,80.0
18046,142.9,7.00,19.64,0.1375,7.28,612.0,80.0
18053,142.9,7.00,19.64,0.1375,7.28,612.0,80.0
18060,144.9,6.90,19.64,0.1355,7.38,612.0,80.0
18067,142.9,7.00,19.64,0.1375,7.28,612.0,80.0
18073,144.9,6.90,19.64,0.1355,7.38,612.0,80.0
18080,142.9,7.00,19.64,0.1375,7.28,612.0,80.0
18087,144.9,6.90,19.64,0.1355,7.38,612.0,80.0
18094,144.9,6.90,19.64,0.1355,7.38,612.0,80.0
18101,142.9,7.00,19.64,0.1375,7.28,612.0,80.0
18108,144.9,6.90,19.64,0.1355,7.38,612.0,80.0
18115,142.9,7.00,19.64,0.1375,7.28,612.0,80.0
18122,142.9,7.00,19.64,0.1375,7.28,612.0,80.0
18129,144.9,6.90,19.64,0.1355,7.38,612.0,80.0
18136,144.9,6.90,19.64,0.1355,7.38,612.0,80.0
18143,142.9,7.00,19.64,0.1375,7.27,612.0,80.0
18150,144.9,6.90,19.64,0.1355,7.38,612.0,80.0
18157,142.9,7.00,19.64,0.1375,7.27,612.0,80.0
18164,142.9,7.00,19.64,0.1375,7.27,612.0,80.0
18171,144.9,6.90,19.64,0.1355,7.38,612.0,80.0
18178,144.9,6.90,19.65,0.1356,7.38,612.0,80.0
18185,142.9,7.00,19.65,0.1375,7.27,612.0,80.0
18192,144.9,6.90,19.65,0.1356,7.38,612.0,80.0
18199,142.9,7.00,19.65,0.1375,7.27,612.0,80.0
18205,144.9,6.90,19.65,0.1356,7.38,612.0,80.0
18212,144.9,6.90,19.65,0.1356,7.38,612.0,80.0
18219,144.9,6.90,19.65,0.1356,7.37,612.0,80.0
18226,144.9,6.90,19.65,0.1356,7.37,612.0,80.0
18233,140.8,7.10,19.65,0.1395,7.17,612.0,80.0
18240,142.9,7.00,19.65,0.1375,7.27,612.0,80.0
18247,147.1,6.80,19.65,0.1336,7.49,612.0,80.0
18254,142.9,7.00,19.65,0.1375,7.27,612.0,80.0
18261,142.9,7.00,19.65,0.1376,7.27,612.0,80.0
18268,144.9,6.90,19.65,0.1356,7.37,612.0,80.0
18275,142.9,7.00,19.65,0.1376,7.27,612.0,80.0
18282,144.9,6.90,19.65,0.1356,7.37,612.0,80.0
18289,142.9,7.00,19.65,0.1376,7.27,612.0,80.0
18296,144.9,6.90,19.65,0.1356,7.37,612.0,80.0
18303,142.9,7.00,19.65,0.1376,7.27,612.0,80.0
18310,144.9,6.90,19.65,0.1356,7.37,612.0,80.0
18317,140.8,7.10,19.65,0.1395,7.16,612.0,80.0
18324,147.1,6.80,19.65,0.1336,7.48,612.0,80.0
18330,144.9,6.90,19.65,0.1356,7.37,612.0,80.0
18337,144.9,6.90,19.65,0.1356,7.37,612.0,80.0
18344,142.9,7.00,19.66,0.1376,7.27,612.0,80.0
18351,140.8,7.10,19.66,0.1396,7.16,612.0,80.0
18358,142.9,7.00,19.66,0.1376,7.27,612.0,80.0
18365,142.9,7.00,19.66,0.1376,7.27,612.0,80.0
18372,149.3,6.70,19.66,0.1317,7.60,612.0,80.0
18379,144.9,6.90,19.66,0.1356,7.37,612.0,80.0
18386,147.1,6.80,19.66,0.1337,7.48,612.0,80.0
18393,138.9,7.20,19.66,0.1415,7.07,612.0,80.0
18400,147.1,6.80,19.66,0.1337,7.48,612.0,80.0
18407,144.9,6.90,19.66,0.1356,7.37,612.0,80.0
18414,142.9,7.00,19.66,0.1376,7.27,612.0,80.0
18421,142.9,7.00,19.66,0.1376,7.27,612.0,80.0
18428,144.9,6.90,19.66,0.1357,7.37,612.0,80.0
18434,147.1,6.80,19.66,0.1337,7.48,612.0,80.0
18442,140.8,7.10,19.66,0.1396,7.16,612.0,80.0
18448,147.1,6.80,19.66,0.1337,7.48,612.0,80.0
18455,140.8,7.10,19.66,0.1396,7.16,612.0,80.0
18462,147.1,6.80,19.66,0.1337,7.48,612.0,80.0
18469,142.9,7.00,19.66,0.1376,7.27,612.0,80.0
18476,142.9,7.00,19.66,0.1376,7.27,612.0,80.0
18483,144.9,6.90,19.66,0.1357,7.37,612.0,80.0
18490,147.1,6.80,19.66,0.1337,7.48,612.0,80.0
18497,140.8,7.10,19.66,0.1396,7.16,612.0,80.0
18504,142.9,7.00,19.66,0.1377,7.27,612.0,80.0
18511,144.9,6.90,19.67,0.1357,7.37,612.0,80.0
18518,142.9,7.00,19.67,0.1377,7.27,612.0,80.0
18525,147.1,6.80,19.67,0.1337,7.48,612.0,80.0
18532,142.9,7.00,19.67,0.1377,7.27,612.0,80.0
18539,142.9,7.00,19.67,0.1377,7.27,612.0,80.0
18546,147.1,6.80,19.67,0.1337,7.48,612.0,80.0
18553,142.9,7.00,19.67,0.1377,7.27,612.0,80.0
18560,140.8,7.10,19.67,0.1396,7.16,612.0,80.0
18567,142.9,7.00,19.67,0.1377,7.27,612.0,80.0
18573,147.1,6.80,19.67,0.1337,7.48,612.0,80.0
18580,142.9,7.00,19.67,0.1377,7.27,612.0,80.0
18587,144.9,6.90,19.67,0.1357,7.37,612.0,80.0
18594,144.9,6.90,19.67,0.1357,7.37,612.0,80.0
18601,144.9,6.90,19.67,0.1357,7.37,612.0,80.0
18608,142.9,7.00,19.67,0.1377,7.26,612.0,80.0
18615,144.9,6.90,19.67,0.1357,7.37,612.0,80.0
18622,142.9,7.00,19.67,0.1377,7.26,612.0,80.0
18629,144.9,6.90,19.67,0.1357,7.37,612.0,80.0
18636,144.9,6.90,19.67,0.1357,7.37,612.0,80.0
18643,142.9,7.00,19.67,0.1377,7.26,612.0,80.0
18650,144.9,6.90,19.67,0.1357,7.37,612.0,80.0
18657,142.9,7.00,19.67,0.1377,7.26,612.0,80.0
18664,142.9,7.00,19.67,0.1377,7.26,612.0,80.0
18671,140.8,7.10,19.67,0.1397,7.16,612.0,80.0
18678,144.9,6.90,19.68,0.1358,7.36,612.0,80.0
18685,147.1,6.80,19.68,0.1338,7.48,612.0,80.0
18692,142.9,7.00,19.68,0.1377,7.26,612.0,80.0
18698,144.9,6.90,19.68,0.1358,7.36,612.0,80.0
18705,144.9,6.90,19.68,0.1358,7.36,612.0,80.0
18712,142.9,7.00,19.68,0.1377,7.26,612.0,80.0
18719,144.9,6.90,19.68,0.1358,7.36,612.0,80.0
18726,142.9,7.00,19.68,0.1377,7.26,612.0,80.0
18733,144.9,6.90,19.68,0.1358,7.36,612.0,80.0
18740,144.9,6.90,19.68,0.1358,7.36,612.0,80.0
18747,140.8,7.10,19.68,0.1397,7.15,612.0,80.0
18754,144.9,6.90,19.68,0.1358,7.36,612.0,80.0
18761,142.9,7.00,19.68,0.1378,7.26,612.0,80.0
18768,147.1,6.80,19.68,0.1338,7.47,612.0,80.0
18775,144.9,6.90,19.68,0.1358,7.36,612.0,80.0
18782,142.9,7.00,19.68,0.1378,7.26,612.0,80.0
18789,142.9,7.00,19.68,0.1378,7.26,612.0,80.0
18796,144.9,6.90,19.68,0.1358,7.36,612.0,80.0
18803,144.9,6.90,19.68,0.1358,7.36,612.0,80.0
18810,142.9,7.00,19.68,0.1378,7.26,612.0,80.0
18817,142.9,7.00,19.68,0.1378,7.26,612.0,80.0
18823,147.1,6.80,19.68,0.1339,7.47,612.0,80.0
18830,140.8,7.10,19.68,0.1398,7.15,612.0,80.0
18837,144.9,6.90,19.68,0.1358,7.36,612.0,80.0
18844,142.9,7.00,19.69,0.1378,7.26,612.0,80.0
18851,144.9,6.90,19.69,0.1358,7.36,612.0,80.0
18858,144.9,6.90,19.69,0.1358,7.36,612.0,80.0
18865,140.8,7.10,19.69,0.1398,7.15,612.0,80.0
18872,147.1,6.80,19.69,0.1339,7.47,612.0,80.0
18879,144.9,6.90,19.69,0.1358,7.36,612.0,80.0
18886,144.9,6.90,19.69,0.1358,7.36,612.0,80.0
18893,142.9,7.00,19.69,0.1378,7.26,612.0,80.0
18900,142.9,7.00,19.69,0.1378,7.26,612.0,80.0
18907,142.9,7.00,19.69,0.1378,7.26,612.0,80.0
18914,144.9,6.90,19.69,0.1359,7.36,612.0,80.0
18921,144.9,6.90,19.69,0.1359,7.36,612.0,80.0
18928,142.9,7.00,19.69,0.1378,7.26,612.0,80.0
18935,144.9,6.90,19.69,0.1359,7.36,612.0,80.0
18941,144.9,6.90,19.69,0.1359,7.36,612.0,80.0
18948,144.9,6.90,19.69,0.1359,7.36,612.0,80.0
18955,144.9,6.90,19.69,0.1359,7.36,612.0,80.0
18962,142.9,7.00,19.69,0.1378,7.26,612.0,80.0
18969,142.9,7.00,19.69,0.1378,7.26,612.0,80.0
18976,147.1,6.80,19.69,0.1339,7.47,612.0,80.0
18983,142.9,7.00,19.69,0.1379,7.26,612.0,80.0
18990,142.9,7.00,19.69,0.1379,7.26,612.0,80.0
18997,144.9,6.90,19.69,0.1359,7.36,612.0,80.0
19004,144.9,6.90,19.69,0.1359,7.36,612.0,80.0
19011,142.9,7.00,19.70,0.1379,7.26,612.0,80.0
19018,140.8,7.10,19.70,0.1398,7.15,612.0,80.0
19025,144.9,6.90,19.70,0.1359,7.36,612.0,80.0
19032,144.9,6.90,19.70,0.1359,7.36,612.0,80.0
19039,142.9,7.00,19.70,0.1379,7.25,612.0,80.0
19046,144.9,6.90,19.70,0.1359,7.36,612.0,80.0
19053,142.9,7.00,19.70,0.1379,7.25,612.0,80.0
19060,142.9,7.00,19.70,0.1379,7.25,612.0,80.0
19067,144.9,6.90,19.70,0.1359,7.36,612.0,80.0
19074,142.9,7.00,19.70,0.1379,7.25,612.0,80.0
19080,144.9,6.90,19.70,0.1359,7.36,612.0,80.0
19087,144.9,6.90,19.70,0.1359,7.36,612.0,80.0
19094,142.9,7.00,19.70,0.1379,7.25,612.0,80.0
19101,144.9,6.90,19.70,0.1359,7.36,612.0,80.0
19108,144.9,6.90,19.70,0.1359,7.36,612.0,80.0
19115,142.9,7.00,19.70,0.1379,7.25,612.0,80.0
19122,144.9,6.90,19.70,0.1359,7.36,612.0,80.0
19129,144.9,6.90,19.70,0.1359,7.36,612.0,80.0
19136,144.9,6.90,19.70,0.1359,7.36,612.0,80.0
19143,142.9,7.00,19.70,0.1379,7.26,612.0,80.0
19150,144.9,6.90,19.70,0.1359,7.36,612.0,80.0
19157,140.8,7.10,19.70,0.1398,7.15,612.0,80.0
19164,147.1,6.80,19.69,0.1339,7.47,612.0,80.0
19171,140.8,7.10,19.69,0.1398,7.15,612.0,80.0
19178,147.1,6.80,19.69,0.1339,7.47,612.0,80.0
19185,142.9,7.00,19.69,0.1379,7.26,612.0,80.0
19192,142.9,7.00,19.69,0.1379,7.26,612.0,80.0
19198,144.9,6.90,19.69,0.1359,7.36,612.0,80.0
19205,144.9,6.90,19.69,0.1359,7.36,612.0,80.0
19212,142.9,7.00,19.69,0.1378,7.26,612.0,80.0
19219,142.9,7.00,19.69,0.1378,7.26,612.0,80.0
19226,142.9,7.00,19.69,0.1378,7.26,612.0,80.0
19233,144.9,6.90,19.69,0.1359,7.36,612.0,80.0
19240,144.9,6.90,19.69,0.1359,7.36,612.0,80.0
19247,142.9,7.00,19.69,0.1378,7.26,612.0,80.0
19254,144.9,6.90,19.69,0.1359,7.36,612.0,80.0
19261,144.9,6.90,19.69,0.1358,7.36,612.0,80.0
19268,144.9,6.90,19.69,0.1358,7.36,612.0,80.0
19275,142.9,7.00,19.69,0.1378,7.26,612.0,80.0
19282,142.9,7.00,19.69,0.1378,7.26,612.0,80.0
19289,142.9,7.00,19.69,0.1378,7.26,612.0,80.0
19296,144.9,6.90,19.69,0.1358,7.36,612.0,80.0
19303,142.9,7.00,19.69,0.1378,7.26,612.0,80.0
19310,147.1,6.80,19.68,0.1339,7.47,612.0,80.0
19317,140.8,7.10,19.68,0.1398,7.15,612.0,80.0
19323,147.1,6.80,19.68,0.1339,7.47,612.0,80.0
19330,144.9,6.90,19.68,0.1358,7.36,612.0,80.0
19337,144.9,6.90,19.68,0.1358,7.36,612.0,80.0
19344,142.9,7.00,19.68,0.1378,7.26,612.0,80.0
19351,144.9,6.90,19.68,0.1358,7.36,612.0,80.0
19358,142.9,7.00,19.68,0.1378,7.26,612.0,80.0
19365,142.9,7.00,19.68,0.1378,7.26,612.0,80.0
19372,144.9,6.90,19.68,0.1358,7.36,612.0,80.0
19379,144.9,6.90,19.68,0.1358,7.36,612.0,80.0
19386,142.9,7.00,19.68,0.1378,7.26,612.0,80.0
19393,142.9,7.00,19.68,0.1378,7.26,612.0,80.0
19400,144.9,6.90,19.68,0.1358,7.36,612.0,80.0
19407,147.1,6.80,19.68,0.1338,7.48,612.0,80.0
19414,142.9,7.00,19.68,0.1377,7.26,612.0,80.0
19421,142.9,7.00,19.68,0.1377,7.26,612.0,80.0
19428,144.9,6.90,19.68,0.1358,7.36,612.0,80.0
19435,142.9,7.00,19.68,0.1377,7.26,612.0,80.0
19442,142.9,7.00,19.68,0.1377,7.26,612.0,80.0
19448,147.1,6.80,19.68,0.1338,7.48,612.0,80.0
19455,142.9,7.00,19.67,0.1377,7.26,612.0,80.0
19462,142.9,7.00,19.67,0.1377,7.26,612.0,80.0
19469,144.9,6.90,19.67,0.1357,7.37,612.0,80.0
19476,147.1,6.80,19.67,0.1338,7.48,612.0,80.0
19483,138.9,7.20,19.67,0.1416,7.06,612.0,80.0
19490,144.9,6.90,19.67,0.1357,7.37,612.0,80.0
19497,144.9,6.90,19.67,0.1357,7.37,612.0,80.0
19504,140.8,7.10,19.67,0.1397,7.16,612.0,80.0
19511,147.1,6.80,19.67,0.1338,7.48,612.0,80.0
19518,144.9,6.90,19.67,0.1357,7.37,612.0,80.0
19525,144.9,6.90,19.67,0.1357,7.37,612.0,80.0
19532,142.9,7.00,19.67,0.1377,7.27,612.0,80.0
19539,142.9,7.00,19.67,0.1377,7.27,612.0,80.0
19546,147.1,6.80,19.67,0.1337,7.48,612.0,80.0
19553,142.9,7.00,19.67,0.1377,7.27,612.0,80.0
19560,142.9,7.00,19.67,0.1377,7.27,612.0,80.0
19566,144.9,6.90,19.67,0.1357,7.37,612.0,80.0
19573,142.9,7.00,19.67,0.1377,7.27,612.0,80.0
19580,144.9,6.90,19.67,0.1357,7.37,612.0,80.0
19587,142.9,7.00,19.67,0.1377,7.27,612.0,80.0
19594,144.9,6.90,19.66,0.1357,7.37,612.0,80.0
19601,142.9,7.00,19.66,0.1377,7.27,612.0,80.0
19608,144.9,6.90,19.66,0.1357,7.37,612.0,80.0
19615,142.9,7.00,19.66,0.1376,7.27,612.0,80.0
19622,144.9,6.90,19.66,0.1357,7.37,612.0,80.0
19629,142.9,7.00,19.66,0.1376,7.27,612.0,80.0
19636,144.9,6.90,19.66,0.1357,7.37,612.0,80.0
19643,144.9,6.90,19.66,0.1357,7.37,612.0,80.0
19650,142.9,7.00,19.66,0.1376,7.27,612.0,80.0
19657,144.9,6.90,19.66,0.1357,7.37,612.0,80.0
19664,144.9,6.90,19.66,0.1357,7.37,612.0,80.0
19671,142.9,7.00,19.66,0.1376,7.27,612.0,80.0
19678,144.9,6.90,19.66,0.1356,7.37,612.0,80.0
19684,147.1,6.80,19.66,0.1337,7.48,612.0,80.0
19692,138.9,7.20,19.66,0.1415,7.07,612.0,80.0
19698,144.9,6.90,19.66,0.1356,7.37,612.0,80.0
19705,142.9,7.00,19.66,0.1376,7.27,612.0,80.0
19712,144.9,6.90,19.66,0.1356,7.37,612.0,80.0
19719,144.9,6.90,19.66,0.1356,7.37,612.0,80.0
19726,142.9,7.00,19.66,0.1376,7.27,612.0,80.0
19733,144.9,6.90,19.66,0.1356,7.37,612.0,80.0
19740,142.9,7.00,19.65,0.1376,7.27,612.0,80.0
19747,144.9,6.90,19.65,0.1356,7.37,612.0,80.0
19754,144.9,6.90,19.65,0.1356,7.37,612.0,80.0
19761,142.9,7.00,19.65,0.1376,7.27,612.0,80.0
19768,144.9,6.90,19.65,0.1356,7.37,612.0,80.0
19775,144.9,6.90,19.65,0.1356,7.37,612.0,80.0
19782,140.8,7.10,19.65,0.1395,7.16,612.0,80.0
19789,144.9,6.90,19.65,0.1356,7.37,612.0,80.0
19796,142.9,7.00,19.65,0.1376,7.27,612.0,80.0
19803,147.1,6.80,19.65,0.1336,7.49,612.0,80.0
19810,142.9,7.00,19.65,0.1375,7.27,612.0,80.0
19816,144.9,6.90,19.65,0.1356,7.37,612.0,80.0
19823,144.9,6.90,19.65,0.1356,7.37,612.0,80.0
19830,142.9,7.00,19.65,0.1375,7.27,612.0,80.0
19837,142.9,7.00,19.65,0.1375,7.27,612.0,80.0
19844,147.1,6.80,19.65,0.1336,7.49,612.0,80.0
19851,140.8,7.10,19.65,0.1395,7.17,612.0,80.0
19858,142.9,7.00,19.65,0.1375,7.27,612.0,80.0
19865,147.1,6.80,19.65,0.1336,7.49,612.0,80.0
19872,142.9,7.00,19.65,0.1375,7.27,612.0,80.0
19879,144.9,6.90,19.64,0.1355,7.38,612.0,80.0
19886,142.9,7.00,19.64,0.1375,7.27,612.0,80.0
19893,144.9,6.90,19.64,0.1355,7.38,612.0,80.0
19900,142.9,7.00,19.64,0.1375,7.27,612.0,80.0
19907,144.9,6.90,19.64,0.1355,7.38,612.0,80.0
19914,142.9,7.00,19.64,0.1375,7.28,612.0,80.0
19921,144.9,6.90,19.64,0.1355,7.38,612.0,80.0
19928,144.9,6.90,19.64,0.1355,7.38,612.0,80.0
19935,140.8,7.10,19.64,0.1395,7.17,612.0,80.0
19941,147.1,6.80,19.64,0.1336,7.49,612.0,80.0
19948,144.9,6.90,19.64,0.1355,7.38,612.0,80.0
19955,142.9,7.00,19.64,0.1375,7.28,612.0,80.0
19962,144.9,6.90,19.64,0.1355,7.38,612.0,80.0
19969,144.9,6.90,19.64,0.1355,7.38,612.0,80.0
19976,144.9,6.90,19.64,0.1355,7.38,612.0,80.0
19983,142.9,7.00,19.64,0.1375,7.28,612.0,80.0
19990,142.9,7.00,19.64,0.1375,7.28,612.0,80.0
19997,144.9,6.90,19.64,0.1355,7.38,612.0,80.0
20004,142.9,7.00,19.64,0.1375,7.28,612.0,80.0
20011,144.9,6.90,19.64,0.1355,7.38,612.0,80.0
20018,144.9,6.90,19.64,0.1355,7.38,612.0,80.0
20025,142.9,7.00,19.63,0.1374,7.28,612.0,80.0
20032,144.9,6.90,19.63,0.1355,7.38,612.0,80.0
20039,144.9,6.90,19.63,0.1355,7.38,612.0,80.0
20046,140.8,7.10,19.63,0.1394,7.17,612.0,80.0
20052,147.1,6.80,19.63,0.1335,7.49,612.0,80.0
20059,144.9,6.90,19.63,0.1355,7.38,612.0,80.0
20066,142.9,7.00,19.63,0.1374,7.28,612.0,80.0
20073,140.8,7.10,19.63,0.1394,7.17,612.0,80.0
20080,147.1,6.80,19.63,0.1335,7.49,612.0,80.0
20087,142.9,7.00,19.63,0.1374,7.28,612.0,80.0
20094,144.9,6.90,19.63,0.1354,7.38,612.0,80.0
20101,142.9,7.00,19.63,0.1374,7.28,612.0,80.0
20108,142.9,7.00,19.63,0.1374,7.28,612.0,80.0
20115,144.9,6.90,19.63,0.1355,7.38,612.0,80.0
20122,142.9,7.00,19.64,0.1374,7.28,612.0,80.0
20129,142.9,7.00,19.64,0.1375,7.28,612.0,80.0
20136,144.9,6.90,19.64,0.1355,7.38,612.0,80.0
20143,142.9,7.00,19.64,0.1375,7.28,612.0,80.0
20150,144.9,6.90,19.64,0.1355,7.38,612.0,80.0
20157,142.9,7.00,19.64,0.1375,7.28,612.0,80.0
20164,144.9,6.90,19.64,0.1355,7.38,612.0,80.0
20171,144.9,6.90,19.64,0.1355,7.38,612.0,80.0
20178,142.9,7.00,19.64,0.1375,7.27,612.0,80.0
20185,142.9,7.00,19.65,0.1375,7.27,612.0,80.0
20192,144.9,6.90,19.65,0.1356,7.38,612.0,80.0
20198,144.9,6.90,19.65,0.1356,7.37,612.0,80.0
20205,142.9,7.00,19.65,0.1375,7.27,612.0,80.0
20212,142.9,7.00,19.65,0.1376,7.27,612.0,80.0
20219,144.9,6.90,19.65,0.1356,7.37,612.0,80.0
20226,144.9,6.90,19.65,0.1356,7.37,612.0,80.0
20233,144.9,6.90,19.65,0.1356,7.37,612.0,80.0
20240,142.9,7.00,19.66,0.1376,7.27,612.0,80.0
20247,144.9,6.90,19.66,0.1356,7.37,612.0,80.0
20254,142.9,7.00,19.66,0.1376,7.27,612.0,80.0
20261,144.9,6.90,19.66,0.1356,7.37,612.0,80.0
20268,142.9,7.00,19.66,0.1376,7.27,612.0,80.0
20275,144.9,6.90,19.66,0.1357,7.37,612.0,80.0
20282,142.9,7.00,19.66,0.1376,7.27,612.0,80.0
20289,144.9,6.90,19.66,0.1357,7.37,612.0,80.0
20296,142.9,7.00,19.66,0.1377,7.27,612.0,80.0
20303,142.9,7.00,19.67,0.1377,7.27,612.0,80.0
20310,147.1,6.80,19.67,0.1337,7.48,612.0,80.0
20317,142.9,7.00,19.67,0.1377,7.27,612.0,80.0
20324,142.9,7.00,19.67,0.1377,7.27,612.0,80.0
20330,144.9,6.90,19.67,0.1357,7.37,612.0,80.0
20337,142.9,7.00,19.67,0.1377,7.26,612.0,80.0
20344,144.9,6.90,19.67,0.1357,7.37,612.0,80.0
20351,142.9,7.00,19.67,0.1377,7.26,612.0,80.0
20358,147.1,6.80,19.68,0.1338,7.48,612.0,80.0
20365,142.9,7.00,19.68,0.1377,7.26,612.0,80.0
20372,144.9,6.90,19.68,0.1358,7.36,612.0,80.0
20379,142.9,7.00,19.68,0.1378,7.26,612.0,80.0
20386,144.9,6.90,19.68,0.1358,7.36,612.0,80.0
20393,147.1,6.80,19.68,0.1338,7.47,612.0,80.0
20400,140.8,7.10,19.68,0.1397,7.15,612.0,80.0
20407,144.9,6.90,19.68,0.1358,7.36,612.0,80.0
20414,144.9,6.90,19.68,0.1358,7.36,612.0,80.0
20421,142.9,7.00,19.69,0.1378,7.26,612.0,80.0
20428,144.9,6.90,19.69,0.1358,7.36,612.0,80.0
20434,144.9,6.90,19.69,0.1358,7.36,612.0,80.0
20441,142.9,7.00,19.69,0.1378,7.26,612.0,80.0
20448,142.9,7.00,19.69,0.1378,7.26,612.0,80.0
20455,144.9,6.90,19.69,0.1359,7.36,612.0,80.0
20462,142.9,7.00,19.69,0.1379,7.26,612.0,80.0
20469,142.9,7.00,19.69,0.1379,7.26,612.0,80.0
20476,147.1,6.80,19.70,0.1339,7.47,612.0,80.0
20483,142.9,7.00,19.70,0.1379,7.26,612.0,80.0
20490,144.9,6.90,19.70,0.1359,7.36,612.0,80.0
20497,144.9,6.90,19.70,0.1359,7.36,612.0,80.0
20504,140.8,7.10,19.70,0.1399,7.15,612.0,80.0
20511,147.1,6.80,19.70,0.1340,7.47,612.0,80.0
20518,142.9,7.00,19.70,0.1379,7.25,612.0,80.0
20525,142.9,7.00,19.70,0.1379,7.25,612.0,80.0
20532,147.1,6.80,19.70,0.1340,7.47,612.0,80.0
20539,142.9,7.00,19.71,0.1379,7.25,612.0,80.0
20546,142.9,7.00,19.71,0.1380,7.25,612.0,80.0
20553,144.9,6.90,19.71,0.1360,7.35,612.0,80.0
20560,142.9,7.00,19.71,0.1380,7.25,612.0,80.0
20566,144.9,6.90,19.71,0.1360,7.35,612.0,80.0
20573,142.9,7.00,19.71,0.1380,7.25,612.0,80.0
20580,144.9,6.90,19.71,0.1360,7.35,612.0,80.0
20587,142.9,7.00,19.71,0.1380,7.25,612.0,80.0
20594,147.1,6.80,19.72,0.1341,7.46,612.0,80.0
20601,142.9,7.00,19.72,0.1380,7.25,612.0,80.0
20608,142.9,7.00,19.72,0.1380,7.25,612.0,80.0
20615,144.9,6.90,19.72,0.1361,7.35,612.0,80.0
20622,144.9,6.90,19.72,0.1361,7.35,612.0,80.0
20629,142.9,7.00,19.72,0.1380,7.25,612.0,80.0
20636,144.9,6.90,19.72,0.1361,7.35,612.0,80.0
20643,142.9,7.00,19.72,0.1381,7.25,612.0,80.0
20650,144.9,6.90,19.72,0.1361,7.35,612.0,80.0
20657,144.9,6.90,19.73,0.1361,7.35,612.0,80.0
20664,142.9,7.00,19.73,0.1381,7.24,612.0,80.0
20671,144.9,6.90,19.73,0.1361,7.34,612.0,80.0
20677,144.9,6.90,19.73,0.1361,7.34,612.0,80.0
20684,142.9,7.00,19.73,0.1381,7.24,612.0,80.0
20691,142.9,7.00,19.73,0.1381,7.24,612.0,80.0
20698,144.9,6.90,19.73,0.1362,7.34,612.0,80.0
20705,142.9,7.00,19.73,0.1381,7.24,612.0,80.0
20712,147.1,6.80,19.74,0.1342,7.45,612.0,80.0
20719,142.9,7.00,19.74,0.1382,7.24,612.0,80.0
20726,144.9,6.90,19.74,0.1362,7.34,612.0,80.0
20733,142.9,7.00,19.74,0.1382,7.24,612.0,80.0
20740,142.9,7.00,19.74,0.1382,7.24,612.0,80.0
20747,144.9,6.90,19.74,0.1362,7.34,612.0,80.0
20754,142.9,7.00,19.74,0.1382,7.24,612.0,80.0
20761,142.9,7.00,19.74,0.1382,7.24,612.0,80.0
20768,144.9,6.90,19.74,0.1362,7.34,612.0,80.0
20775,142.9,7.00,19.75,0.1382,7.24,612.0,80.0
20782,144.9,6.90,19.75,0.1363,7.34,612.0,80.0
20789,142.9,7.00,19.75,0.1382,7.24,612.0,80.0
20796,142.9,7.00,19.75,0.1382,7.24,612.0,80.0
20803,147.1,6.80,19.75,0.1343,7.45,612.0,80.0
20810,140.8,7.10,19.75,0.1402,7.13,612.0,80.0
20817,142.9,7.00,19.75,0.1383,7.23,612.0,80.0
20823,147.1,6.80,19.75,0.1343,7.45,612.0,80.0
20830,144.9,6.90,19.76,0.1363,7.33,612.0,80.0
20837,142.9,7.00,19.76,0.1383,7.23,612.0,80.0
20844,144.9,6.90,19.76,0.1363,7.33,612.0,80.0
20851,142.9,7.00,19.76,0.1383,7.23,612.0,80.0
20858,144.9,6.90,19.76,0.1363,7.33,612.0,80.0
20865,142.9,7.00,19.76,0.1383,7.23,612.0,80.0
20872,142.9,7.00,19.76,0.1383,7.23,612.0,80.0
20879,144.9,6.90,19.76,0.1364,7.33,612.0,80.0
20886,144.9,6.90,19.76,0.1364,7.33,612.0,80.0
20893,142.9,7.00,19.77,0.1384,7.23,612.0,80.0
20900,144.9,6.90,19.77,0.1364,7.33,612.0,80.0
20907,144.9,6.90,19.77,0.1364,7.33,612.0,80.0
20914,142.9,7.00,19.77,0.1384,7.23,612.0,80.0
20921,142.9,7.00,19.77,0.1384,7.23,612.0,80.0
20928,144.9,6.90,19.77,0.1364,7.33,612.0,80.0
20935,144.9,6.90,19.77,0.1364,7.33,612.0,80.0
20941,144.9,6.90,19.77,0.1364,7.33,612.0,80.0
20948,142.9,7.00,19.78,0.1384,7.23,612.0,80.0
20955,147.1,6.80,19.78,0.1345,7.44,612.0,80.0
20962,142.9,7.00,19.78,0.1384,7.23,612.0,80.0
20969,144.9,6.90,19.78,0.1365,7.33,612.0,80.0
20976,142.9,7.00,19.78,0.1385,7.22,612.0,80.0
20983,144.9,6.90,19.78,0.1365,7.33,612.0,80.0
20990,144.9,6.90,19.78,0.1365,7.32,612.0,80.0
20997,142.9,7.00,19.78,0.1385,7.22,612.0,80.0
21004,142.9,7.00,19.79,0.1385,7.22,612.0,80.0
21011,147.1,6.80,19.79,0.1345,7.43,612.0,80.0
21018,142.9,7.00,19.79,0.1385,7.22,612.0,80.0
21025,142.9,7.00,19.79,0.1385,7.22,612.0,80.0
21032,144.9,6.90,19.79,0.1365,7.32,612.0,80.0
21039,142.9,7.00,19.79,0.1385,7.22,612.0,80.0
21046,144.9,6.90,19.79,0.1366,7.32,612.0,80.0
21053,142.9,7.00,19.79,0.1386,7.22,612.0,80.0
21060,142.9,7.00,19.79,0.1386,7.22,612.0,80.0
21066,147.1,6.80,19.80,0.1346,7.43,612.0,80.0
21073,140.8,7.10,19.80,0.1406,7.11,612.0,80.0
21080,144.9,6.90,19.80,0.1366,7.32,612.0,80.0
21087,142.9,7.00,19.80,0.1386,7.22,612.0,80.0
21094,144.9,6.90,19.80,0.1366,7.32,612.0,80.0
21101,142.9,7.00,19.81,0.1387,7.21,612.0,80.0
21108,147.1,6.80,19.81,0.1347,7.42,612.0,80.0
21115,142.9,7.00,19.82,0.1387,7.21,612.0,80.0
21122,142.9,7.00,19.83,0.1388,7.21,612.0,80.0
21129,144.9,6.90,19.83,0.1369,7.31,612.0,80.0
21136,144.9,6.90,19.84,0.1369,7.30,612.0,80.0
21143,142.9,7.00,19.85,0.1389,7.20,612.0,80.1
21150,147.1,6.80,19.85,0.1350,7.41,612.0,80.1
21157,142.9,7.00,19.86,0.1390,7.20,612.0,80.1
21164,144.9,6.90,19.87,0.1371,7.29,612.0,80.1
21171,140.8,7.10,19.87,0.1411,7.09,612.0,80.1
21178,144.9,6.90,19.88,0.1372,7.29,612.0,80.1
21185,142.9,7.00,19.89,0.1392,7.19,612.0,80.1
21191,147.1,6.80,19.89,0.1353,7.40,612.0,80.1
21198,142.9,7.00,19.90,0.1393,7.18,612.0,80.1
21205,142.9,7.00,19.90,0.1393,7.18,612.0,80.1
21212,142.9,7.00,19.91,0.1394,7.18,612.0,80.1
21219,142.9,7.00,19.92,0.1394,7.17,612.0,80.1
21226,144.9,6.90,19.92,0.1375,7.27,612.0,80.1
21233,144.9,6.90,19.93,0.1375,7.27,612.0,80.1
21240,142.9,7.00,19.94,0.1396,7.17,612.0,80.1
21247,147.1,6.80,19.94,0.1356,7.38,612.0,80.2
21254,144.9,6.90,19.95,0.1376,7.26,612.0,80.2
21261,140.8,7.10,19.96,0.1417,7.06,612.0,80.2
21268,142.9,7.00,19.96,0.1397,7.16,612.0,80.2
21275,144.9,6.90,19.97,0.1378,7.26,612.0,80.2
21282,147.1,6.80,19.97,0.1358,7.36,612.0,80.2
21289,144.9,6.90,19.98,0.1379,7.25,612.0,80.2
21296,142.9,7.00,19.99,0.1399,7.15,612.0,80.2
21303,142.9,7.00,19.99,0.1400,7.15,612.0,80.2
21310,142.9,7.00,20.00,0.1400,7.14,612.0,80.2
21316,144.9,6.90,20.01,0.1380,7.24,612.0,80.2
21323,142.9,7.00,20.01,0.1401,7.14,612.0,80.2
21330,147.1,6.80,20.02,0.1361,7.35,612.0,80.2
21337,142.9,7.00,20.03,0.1402,7.14,612.0,80.2
21344,144.9,6.90,20.03,0.1382,7.23,612.0,80.3
21351,142.9,7.00,20.04,0.1403,7.13,612.0,80.3
21358,142.9,7.00,20.04,0.1403,7.13,612.0,80.3
21365,144.9,6.90,20.05,0.1384,7.23,612.0,80.3
21372,144.9,6.90,20.06,0.1384,7.22,612.0,80.3
21379,142.9,7.00,20.06,0.1404,7.12,612.0,80.3
21386,144.9,6.90,20.07,0.1385,7.22,612.0,80.3
21393,142.9,7.00,20.08,0.1405,7.12,612.0,80.3
21400,144.9,6.90,20.08,0.1386,7.21,612.0,80.3
21407,144.9,6.90,20.09,0.1386,7.21,612.0,80.3
21414,142.9,7.00,20.10,0.1407,7.11,612.0,80.3
21421,144.9,6.90,20.10,0.1387,7.21,612.0,80.3
21427,144.9,6.90,20.11,0.1387,7.21,612.0,80.3
21434,142.9,7.00,20.11,0.1408,7.10,612.0,80.3
21441,144.9,6.90,20.12,0.1388,7.20,612.0,80.3
21448,142.9,7.00,20.13,0.1409,7.10,612.0,80.4
21455,144.9,6.90,20.13,0.1389,7.20,612.0,80.4
21462,140.8,7.10,20.14,0.1430,6.99,612.0,80.4
21469,147.1,6.80,20.15,0.1370,7.30,612.0,80.4
21476,144.9,6.90,20.15,0.1391,7.19,612.0,80.4
21483,144.9,6.90,20.16,0.1391,7.19,612.0,80.4
21490,138.9,7.20,20.17,0.1452,6.89,612.0,80.4
21497,144.9,6.90,20.17,0.1392,7.18,612.0,80.4
21504,142.9,7.00,20.18,0.1413,7.08,612.0,80.4
21511,144.9,6.90,20.19,0.1393,7.18,612.0,80.4
21518,144.9,6.90,20.19,0.1393,7.18,612.0,80.4
21525,142.9,7.00,20.20,0.1414,7.07,612.0,80.4
21532,142.9,7.00,20.20,0.1414,7.07,612.0,80.4
21539,144.9,6.90,20.21,0.1395,7.17,612.0,80.4
21546,144.9,6.90,20.22,0.1395,7.17,612.0,80.5
21553,142.9,7.00,20.22,0.1416,7.07,612.0,80.5
21560,142.9,7.00,20.23,0.1416,7.06,612.0,80.5
21567,144.9,6.90,20.24,0.1396,7.16,612.0,80.5
21573,144.9,6.90,20.24,0.1397,7.16,612.0,80.5
21580,144.9,6.90,20.25,0.1397,7.16,612.0,80.5
21587,144.9,6.90,20.26,0.1398,7.15,612.0,80.5
21594,144.9,6.90,20.26,0.1398,7.15,612.0,80.5
21601,142.9,7.00,20.27,0.1419,7.05,612.0,80.5
21608,142.9,7.00,20.27,0.1419,7.05,612.0,80.5
21615,142.9,7.00,20.28,0.1420,7.05,612.0,80.5
21622,144.9,6.90,20.29,0.1400,7.14,612.0,80.5
21629,147.1,6.80,20.29,0.1380,7.25,612.0,80.5
21636,142.9,7.00,20.30,0.1421,7.04,612.0,80.5
21643,142.9,7.00,20.31,0.1421,7.04,612.0,80.6
21650,142.9,7.00,20.31,0.1422,7.03,612.0,80.6
21657,147.1,6.80,20.32,0.1382,7.24,612.0,80.6
21664,142.9,7.00,20.33,0.1423,7.03,612.0,80.6
21671,142.9,7.00,20.33,0.1423,7.03,612.0,80.6
21677,147.1,6.80,20.34,0.1383,7.23,612.0,80.6
21684,142.9,7.00,20.34,0.1424,7.02,612.0,80.6
21691,142.9,7.00,20.35,0.1425,7.02,612.0,80.6
21698,144.9,6.90,20.36,0.1405,7.12,612.0,80.6
21705,142.9,7.00,20.36,0.1425,7.02,612.0,80.6
21712,144.9,6.90,20.37,0.1406,7.11,612.0,80.6
21719,142.9,7.00,20.38,0.1426,7.01,612.0,80.6
21726,144.9,6.90,20.38,0.1406,7.11,612.0,80.6
21733,144.9,6.90,20.39,0.1407,7.11,612.0,80.6
21740,142.9,7.00,20.40,0.1428,7.01,612.0,80.6
21747,142.9,7.00,20.40,0.1428,7.00,612.0,80.7
21754,144.9,6.90,20.41,0.1408,7.10,612.0,80.7
21761,144.9,6.90,20.42,0.1409,7.10,612.0,80.7
21768,142.9,7.00,20.42,0.1430,7.00,612.0,80.7
21775,144.9,6.90,20.43,0.1410,7.09,612.0,80.7
21782,142.9,7.00,20.43,0.1430,6.99,612.0,80.7
21789,144.9,6.90,20.44,0.1410,7.09,612.0,80.7
21796,142.9,7.00,20.45,0.1431,6.99,612.0,80.7
21803,144.9,6.90,20.45,0.1411,7.08,612.0,80.7
21810,142.9,7.00,20.46,0.1432,6.98,612.0,80.7
21816,144.9,6.90,20.47,0.1412,7.08,612.0,80.7
21823,142.9,7.00,20.47,0.1433,6.98,612.0,80.7
21830,144.9,6.90,20.48,0.1413,7.08,612.0,80.7
21837,142.9,7.00,20.49,0.1434,6.98,612.0,80.7
21844,144.9,6.90,20.49,0.1414,7.07,612.0,80.8
21851,142.9,7.00,20.50,0.1435,6.97,612.0,80.8
21858,147.1,6.80,20.50,0.1394,7.17,612.0,80.8
21865,144.9,6.90,20.51,0.1415,7.06,612.0,80.8
21872,142.9,7.00,20.52,0.1436,6.96,612.0,80.8
21879,144.9,6.90,20.52,0.1416,7.06,612.0,80.8
21886,142.9,7.00,20.53,0.1437,6.96,612.0,80.8
21893,142.9,7.00,20.54,0.1438,6.96,612.0,80.8
21900,142.9,7.00,20.54,0.1438,6.96,612.0,80.8
21907,144.9,6.90,20.55,0.1418,7.05,612.0,80.8
21914,144.9,6.90,20.56,0.1418,7.05,612.0,80.8
21921,142.9,7.00,20.56,0.1439,6.95,612.0,80.8
21928,144.9,6.90,20.57,0.1419,7.04,612.0,80.8
21934,144.9,6.90,20.57,0.1420,7.04,612.0,80.8
21941,142.9,7.00,20.58,0.1441,6.94,612.0,80.8
21948,144.9,6.90,20.59,0.1421,7.04,612.0,80.9
21955,142.9,7.00,20.59,0.1442,6.94,612.0,80.9
21962,147.1,6.80,20.60,0.1401,7.14,612.0,80.9
21969,142.9,7.00,20.61,0.1442,6.93,612.0,80.9
21976,144.9,6.90,20.61,0.1422,7.03,612.0,80.9
21983,142.9,7.00,20.62,0.1443,6.93,612.0,80.9
21990,144.9,6.90,20.63,0.1423,7.03,612.0,80.9
21997,142.9,7.00,20.63,0.1444,6.93,612.0,80.9
22004,144.9,6.90,20.64,0.1424,7.02,612.0,80.9
22011,144.9,6.90,20.65,0.1425,7.02,612.0,80.9
22018,142.9,7.00,20.65,0.1446,6.92,612.0,80.9
22025,142.9,7.00,20.66,0.1446,6.92,612.0,80.9
22032,144.9,6.90,20.66,0.1426,7.01,612.0,80.9
22039,144.9,6.90,20.67,0.1426,7.01,612.0,80.9
22046,142.9,7.00,20.68,0.1447,6.91,612.0,81.0
22052,144.9,6.90,20.68,0.1427,7.01,612.0,81.0
22059,142.9,7.00,20.69,0.1448,6.91,612.0,81.0
22066,142.9,7.00,20.70,0.1449,6.90,612.0,81.0
22073,142.9,7.00,20.70,0.1449,6.90,612.0,81.0
22080,142.9,7.00,20.71,0.1450,6.90,612.0,81.0
22087,147.1,6.80,20.72,0.1409,7.10,612.0,81.0
22094,142.9,7.00,20.72,0.1450,6.90,612.0,81.0
22101,142.9,7.00,20.72,0.1450,6.90,612.0,81.0
22108,144.9,6.90,20.72,0.1430,6.99,612.0,81.0
22115,142.9,7.00,20.72,0.1451,6.90,612.0,81.0
22122,144.9,6.90,20.72,0.1430,6.99,612.0,81.0
22129,142.9,7.00,20.72,0.1451,6.90,612.0,81.0
22136,144.9,6.90,20.73,0.1430,6.99,612.0,81.0
22143,142.9,7.00,20.73,0.1451,6.89,612.0,81.0
22150,142.9,7.00,20.73,0.1451,6.89,612.0,81.0
22157,147.1,6.80,20.73,0.1409,7.10,612.0,81.0
22164,144.9,6.90,20.73,0.1430,6.99,612.0,81.0
22171,142.9,7.00,20.73,0.1451,6.89,612.0,81.0
22178,142.9,7.00,20.73,0.1451,6.89,612.0,81.0
22185,142.9,7.00,20.73,0.1451,6.89,612.0,81.0
22192,144.9,6.90,20.73,0.1431,6.99,612.0,81.0
22198,147.1,6.80,20.73,0.1410,7.10,612.0,81.0
22205,142.9,7.00,20.73,0.1451,6.89,612.0,81.0
22212,144.9,6.90,20.73,0.1431,6.99,612.0,81.0
22219,142.9,7.00,20.74,0.1451,6.89,612.0,81.0
22226,142.9,7.00,20.74,0.1452,6.89,612.0,81.0
22233,142.9,7.00,20.74,0.1452,6.89,612.0,81.0
22240,147.1,6.80,20.74,0.1410,7.09,612.0,81.0
22247,142.9,7.00,20.74,0.1452,6.89,612.0,81.0
22254,147.1,6.80,20.74,0.1410,7.09,612.0,81.0
22261,138.9,7.20,20.74,0.1493,6.70,612.0,81.0
22268,147.1,6.80,20.74,0.1410,7.09,612.0,81.0
22275,140.8,7.10,20.74,0.1473,6.79,612.0,81.0
22282,144.9,6.90,20.74,0.1431,6.99,612.0,81.0
22289,149.3,6.70,20.74,0.1390,7.20,612.0,81.0
22296,140.8,7.10,20.74,0.1473,6.79,612.0,81.0
22303,144.9,6.90,20.75,0.1431,6.98,612.0,81.0
22310,142.9,7.00,20.75,0.1452,6.89,612.0,81.0
22317,142.9,7.00,20.75,0.1452,6.89,612.0,81.0
22323,144.9,6.90,20.75,0.1432,6.98,612.0,81.0
22330,144.9,6.90,20.75,0.1432,6.98,612.0,81.0
22337,142.9,7.00,20.75,0.1452,6.89,612.0,81.0
22344,142.9,7.00,20.75,0.1453,6.89,612.0,81.0
22351,144.9,6.90,20.75,0.1432,6.98,612.0,81.0
22358,144.9,6.90,20.75,0.1432,6.98,612.0,81.0
22365,142.9,7.00,20.75,0.1453,6.89,612.0,81.0
22372,144.9,6.90,20.75,0.1432,6.98,612.0,81.0
22379,144.9,6.90,20.75,0.1432,6.98,612.0,81.0
22386,144.9,6.90,20.76,0.1432,6.98,612.0,81.0
22393,142.9,7.00,20.76,0.1453,6.88,612.0,81.0
22400,144.9,6.90,20.76,0.1432,6.98,612.0,81.0
22407,142.9,7.00,20.76,0.1453,6.88,612.0,81.0
22414,147.1,6.80,20.76,0.1412,7.09,612.0,81.0
22421,142.9,7.00,20.76,0.1453,6.88,612.0,81.0
22428,142.9,7.00,20.76,0.1453,6.88,612.0,81.0
22435,142.9,7.00,20.76,0.1453,6.88,612.0,81.0
22442,142.9,7.00,20.76,0.1453,6.88,612.0,81.0
22448,144.9,6.90,20.76,0.1433,6.98,612.0,81.0
22455,144.9,6.90,20.76,0.1433,6.98,612.0,81.0
22462,142.9,7.00,20.76,0.1454,6.88,612.0,81.0
22469,144.9,6.90,20.77,0.1433,6.98,612.0,81.0
22476,147.1,6.80,20.77,0.1412,7.08,612.0,81.0
22483,142.9,7.00,20.77,0.1454,6.88,612.0,81.0
22490,144.9,6.90,20.77,0.1433,6.98,612.0,81.0
22497,140.8,7.10,20.77,0.1475,6.78,612.0,81.0
22504,144.9,6.90,20.77,0.1433,6.98,612.0,81.0
22511,142.9,7.00,20.77,0.1454,6.88,612.0,81.0
22518,144.9,6.90,20.77,0.1433,6.98,612.0,81.0
22525,147.1,6.80,20.77,0.1412,7.08,612.0,81.0
22532,142.9,7.00,20.77,0.1454,6.88,612.0,81.0
22539,142.9,7.00,20.77,0.1454,6.88,612.0,81.0
22546,142.9,7.00,20.77,0.1454,6.88,612.0,81.0
22553,144.9,6.90,20.78,0.1433,6.97,612.0,81.0
22559,144.9,6.90,20.78,0.1434,6.97,612.0,81.0
22566,142.9,7.00,20.78,0.1454,6.88,612.0,81.0
22573,144.9,6.90,20.78,0.1434,6.97,612.0,81.0
22580,142.9,7.00,20.78,0.1454,6.88,612.0,81.0
22587,144.9,6.90,20.78,0.1434,6.97,612.0,81.0
22594,142.9,7.00,20.78,0.1455,6.88,612.0,81.0
22601,147.1,6.80,20.78,0.1413,7.08,612.0,81.0
22608,142.9,7.00,20.78,0.1455,6.88,612.0,81.0
22615,140.8,7.10,20.78,0.1476,6.77,612.0,81.0
22622,144.9,6.90,20.78,0.1434,6.97,612.0,81.0
22629,144.9,6.90,20.78,0.1434,6.97,612.0,81.0
22636,142.9,7.00,20.79,0.1455,6.88,612.0,81.0
22643,144.9,6.90,20.79,0.1434,6.97,612.0,81.0
22650,142.9,7.00,20.79,0.1455,6.87,612.0,81.0
22657,142.9,7.00,20.79,0.1455,6.87,612.0,81.0
22664,147.1,6.80,20.79,0.1414,7.08,612.0,81.0
22671,142.9,7.00,20.79,0.1455,6.87,612.0,81.0
22678,144.9,6.90,20.79,0.1435,6.97,612.0,81.0
22685,142.9,7.00,20.79,0.1455,6.87,612.0,81.0
22692,142.9,7.00,20.79,0.1455,6.87,612.0,81.0
22698,144.9,6.90,20.79,0.1435,6.97,612.0,81.0
22705,144.9,6.90,20.79,0.1435,6.97,612.0,81.0
22712,144.9,6.90,20.79,0.1435,6.97,612.0,81.0
22719,142.9,7.00,20.80,0.1456,6.87,612.0,81.0
22726,142.9,7.00,20.80,0.1456,6.87,612.0,81.0
22733,147.1,6.80,20.80,0.1414,7.07,612.0,81.0
22740,144.9,6.90,20.80,0.1435,6.97,612.0,81.0
22747,140.8,7.10,20.80,0.1477,6.77,612.0,81.0
22754,144.9,6.90,20.80,0.1435,6.97,612.0,81.0
22761,144.9,6.90,20.80,0.1435,6.97,612.0,81.0
22768,142.9,7.00,20.80,0.1456,6.87,612.0,81.0
22775,144.9,6.90,20.80,0.1435,6.97,612.0,81.0
22782,144.9,6.90,20.80,0.1435,6.97,612.0,81.0
22789,142.9,7.00,20.80,0.1456,6.87,612.0,81.0
22796,144.9,6.90,20.80,0.1436,6.96,612.0,81.0
22803,142.9,7.00,20.81,0.1456,6.87,612.0,81.0
22809,144.9,6.90,20.81,0.1436,6.96,612.0,81.0
22816,142.9,7.00,20.81,0.1456,6.87,612.0,81.0
22823,144.9,6.90,20.81,0.1436,6.96,612.0,81.0
22830,142.9,7.00,20.81,0.1457,6.87,612.0,81.0
22837,147.1,6.80,20.81,0.1415,7.07,612.0,81.0
22844,144.9,6.90,20.81,0.1436,6.96,612.0,81.0
22851,142.9,7.00,20.81,0.1457,6.87,612.0,81.0
22858,142.9,7.00,20.81,0.1457,6.87,612.0,81.0
22865,144.9,6.90,20.81,0.1436,6.96,612.0,81.0
22872,142.9,7.00,20.81,0.1457,6.87,612.0,81.0
22879,144.9,6.90,20.81,0.1436,6.96,612.0,81.0
22886,144.9,6.90,20.82,0.1436,6.96,612.0,81.0
22893,140.8,7.10,20.82,0.1478,6.76,612.0,81.0
22900,147.1,6.80,20.82,0.1416,7.07,612.0,81.0
22907,140.8,7.10,20.82,0.1478,6.76,612.0,81.0
22914,147.1,6.80,20.82,0.1416,7.07,612.0,81.0
22921,140.8,7.10,20.82,0.1478,6.76,612.0,81.0
22928,144.9,6.90,20.82,0.1437,6.96,612.0,81.0
22934,147.1,6.80,20.82,0.1416,7.06,612.0,81.0
22941,140.8,7.10,20.82,0.1478,6.76,612.0,81.0
22948,144.9,6.90,20.82,0.1437,6.96,612.0,81.0
22955,142.9,7.00,20.82,0.1458,6.86,612.0,81.0
22962,144.9,6.90,20.82,0.1437,6.96,612.0,81.0
22969,144.9,6.90,20.83,0.1437,6.96,612.0,81.0
22976,144.9,6.90,20.83,0.1437,6.96,612.0,81.0
22983,142.9,7.00,20.83,0.1458,6.86,612.0,81.0
22990,144.9,6.90,20.83,0.1437,6.96,612.0,81.0
22997,142.9,7.00,20.83,0.1458,6.86,612.0,81.0
23004,144.9,6.90,20.83,0.1437,6.96,612.0,81.0
23011,142.9,7.00,20.83,0.1458,6.86,612.0,81.0
23018,144.9,6.90,20.83,0.1437,6.96,612.0,81.0
23025,144.9,6.90,20.83,0.1437,6.96,612.0,81.0
23032,142.9,7.00,20.83,0.1458,6.86,612.0,81.0
23039,142.9,7.00,20.83,0.1458,6.86,612.0,81.0
23046,144.9,6.90,20.83,0.1438,6.95,612.0,81.0
23053,142.9,7.00,20.84,0.1458,6.86,612.0,81.0
23059,144.9,6.90,20.84,0.1438,6.95,612.0,81.0
23066,144.9,6.90,20.84,0.1438,6.95,612.0,81.0
23073,142.9,7.00,20.84,0.1459,6.86,612.0,81.0
23080,144.9,6.90,20.84,0.1438,6.95,612.0,81.0
23087,142.9,7.00,20.84,0.1459,6.86,612.0,81.0
23094,144.9,6.90,20.84,0.1438,6.95,612.0,81.0
23101,142.9,7.00,20.84,0.1459,6.86,612.0,81.0
23108,142.9,7.00,20.84,0.1459,6.86,612.0,81.0
23115,147.1,6.80,20.84,0.1417,7.06,612.0,81.0
23122,142.9,7.00,20.84,0.1458,6.86,612.0,81.0
23129,142.9,7.00,20.83,0.1458,6.86,612.0,81.0
23136,144.9,6.90,20.83,0.1437,6.96,612.0,81.0
23143,144.9,6.90,20.83,0.1437,6.96,612.0,80.9
23150,142.9,7.00,20.83,0.1458,6.86,612.0,80.9
23157,142.9,7.00,20.83,0.1458,6.86,612.0,80.9
23164,144.9,6.90,20.83,0.1437,6.96,612.0,80.9
23171,144.9,6.90,20.83,0.1437,6.96,612.0,80.9
23177,144.9,6.90,20.83,0.1437,6.96,612.0,80.9
23184,142.9,7.00,20.83,0.1458,6.86,612.0,80.9
23191,142.9,7.00,20.82,0.1458,6.86,612.0,80.9
23198,144.9,6.90,20.82,0.1437,6.96,612.0,80.9
23205,142.9,7.00,20.82,0.1458,6.86,612.0,80.9
23212,144.9,6.90,20.82,0.1437,6.96,612.0,80.9
23219,142.9,7.00,20.82,0.1457,6.86,612.0,80.9
23226,144.9,6.90,20.82,0.1436,6.96,612.0,80.9
23233,142.9,7.00,20.82,0.1457,6.86,612.0,80.9
23240,144.9,6.90,20.82,0.1436,6.96,612.0,80.9
23247,142.9,7.00,20.82,0.1457,6.87,612.0,80.8
23254,147.1,6.80,20.81,0.1415,7.07,612.0,80.8
23261,140.8,7.10,20.81,0.1478,6.77,612.0,80.8
23268,144.9,6.90,20.81,0.1436,6.96,612.0,80.8
23275,144.9,6.90,20.81,0.1436,6.96,612.0,80.8
23282,142.9,7.00,20.81,0.1457,6.87,612.0,80.8
23289,144.9,6.90,20.81,0.1436,6.96,612.0,80.8
23296,142.9,7.00,20.81,0.1457,6.87,612.0,80.8
23303,144.9,6.90,20.81,0.1436,6.96,612.0,80.8
23310,142.9,7.00,20.81,0.1456,6.87,612.0,80.8
23316,144.9,6.90,20.80,0.1435,6.96,612.0,80.8
23323,142.9,7.00,20.80,0.1456,6.87,612.0,80.8
23330,142.9,7.00,20.80,0.1456,6.87,612.0,80.8
23337,147.1,6.80,20.80,0.1414,7.07,612.0,80.8
23344,144.9,6.90,20.80,0.1435,6.97,612.0,80.7
23351,144.9,6.90,20.80,0.1435,6.97,612.0,80.7
23358,142.9,7.00,20.80,0.1456,6.87,612.0,80.7
23365,142.9,7.00,20.80,0.1456,6.87,612.0,80.7
23372,144.9,6.90,20.80,0.1435,6.97,612.0,80.7
23379,142.9,7.00,20.79,0.1456,6.87,612.0,80.7
23386,144.9,6.90,20.79,0.1435,6.97,612.0,80.7
23393,144.9,6.90,20.79,0.1435,6.97,612.0,80.7
23400,142.9,7.00,20.79,0.1455,6.87,612.0,80.7
23407,142.9,7.00,20.79,0.1455,6.87,612.0,80.7
23414,144.9,6.90,20.79,0.1434,6.97,612.0,80.7
23420,147.1,6.80,20.79,0.1414,7.08,612.0,80.7
23427,142.9,7.00,20.79,0.1455,6.87,612.0,80.7
23434,144.9,6.90,20.79,0.1434,6.97,612.0,80.7
23441,140.8,7.10,20.78,0.1476,6.77,612.0,80.7
23448,144.9,6.90,20.78,0.1434,6.97,612.0,80.6
23455,144.9,6.90,20.78,0.1434,6.97,612.0,80.6
23462,142.9,7.00,20.78,0.1455,6.88,612.0,80.6
23469,142.9,7.00,20.78,0.1455,6.88,612.0,80.6
23476,147.1,6.80,20.78,0.1413,7.08,612.0,80.6
23483,142.9,7.00,20.78,0.1454,6.88,612.0,80.6
23490,142.9,7.00,20.78,0.1454,6.88,612.0,80.6
23497,142.9,7.00,20.78,0.1454,6.88,612.0,80.6
23504,144.9,6.90,20.77,0.1433,6.98,612.0,80.6
23511,142.9,7.00,20.77,0.1454,6.88,612.0,80.6
23518,142.9,7.00,20.77,0.1454,6.88,612.0,80.6
23525,147.1,6.80,20.77,0.1412,7.08,612.0,80.6
23532,144.9,6.90,20.77,0.1433,6.98,612.0,80.6
23539,142.9,7.00,20.77,0.1454,6.88,612.0,80.6
23546,144.9,6.90,20.77,0.1433,6.98,612.0,80.5
23553,142.9,7.00,20.77,0.1454,6.88,612.0,80.5
23559,144.9,6.90,20.77,0.1433,6.98,612.0,80.5
23566,142.9,7.00,20.76,0.1453,6.88,612.0,80.5
23573,144.9,6.90,20.76,0.1433,6.98,612.0,80.5
23580,144.9,6.90,20.76,0.1433,6.98,612.0,80.5
23587,142.9,7.00,20.76,0.1453,6.88,612.0,80.5
23594,144.9,6.90,20.76,0.1432,6.98,612.0,80.5
23601,142.9,7.00,20.76,0.1453,6.88,612.0,80.5
23608,144.9,6.90,20.76,0.1432,6.98,612.0,80.5
23615,144.9,6.90,20.76,0.1432,6.98,612.0,80.5
23622,142.9,7.00,20.76,0.1453,6.89,612.0,80.5
23629,144.9,6.90,20.75,0.1432,6.98,612.0,80.5
23636,142.9,7.00,20.75,0.1453,6.89,612.0,80.5
23643,142.9,7.00,20.75,0.1453,6.89,612.0,80.4
23650,147.1,6.80,20.75,0.1411,7.09,612.0,80.4
23657,142.9,7.00,20.75,0.1452,6.89,612.0,80.4
23664,140.8,7.10,20.75,0.1473,6.79,612.0,80.4
23671,140.8,7.10,20.75,0.1473,6.79,612.0,80.4
23678,147.1,6.80,20.75,0.1411,7.09,612.0,80.4
23684,147.1,6.80,20.75,0.1411,7.09,612.0,80.4
23691,144.9,6.90,20.74,0.1431,6.99,612.0,80.4
23698,140.8,7.10,20.74,0.1473,6.79,612.0,80.4
23705,142.9,7.00,20.74,0.1452,6.89,612.0,80.4
23712,142.9,7.00,20.74,0.1452,6.89,612.0,80.4
23719,144.9,6.90,20.74,0.1431,6.99,612.0,80.4
23726,147.1,6.80,20.74,0.1410,7.09,612.0,80.4
23733,142.9,7.00,20.74,0.1452,6.89,612.0,80.4
23740,147.1,6.80,20.74,0.1410,7.09,612.0,80.4
23747,142.9,7.00,20.74,0.1451,6.89,612.0,80.3
23754,142.9,7.00,20.73,0.1451,6.89,612.0,80.3
23761,140.8,7.10,20.73,0.1472,6.79,612.0,80.3
23768,147.1,6.80,20.73,0.1410,7.10,612.0,80.3
23775,144.9,6.90,20.73,0.1430,6.99,612.0,80.3
23782,144.9,6.90,20.73,0.1430,6.99,612.0,80.3
23789,140.8,7.10,20.73,0.1472,6.79,612.0,80.3
23796,144.9,6.90,20.73,0.1430,6.99,612.0,80.3
23803,144.9,6.90,20.73,0.1430,6.99,612.0,80.3
23810,142.9,7.00,20.73,0.1451,6.90,612.0,80.3
23816,144.9,6.90,20.72,0.1430,6.99,612.0,80.3
23823,144.9,6.90,20.72,0.1430,6.99,612.0,80.3
23830,142.9,7.00,20.72,0.1451,6.90,612.0,80.3
23837,144.9,6.90,20.72,0.1430,6.99,612.0,80.3
23844,142.9,7.00,20.72,0.1450,6.90,612.0,80.2
23851,144.9,6.90,20.72,0.1430,6.99,612.0,80.2
23858,142.9,7.00,20.72,0.1450,6.90,612.0,80.2
23865,144.9,6.90,20.72,0.1429,6.99,612.0,80.2
23872,144.9,6.90,20.72,0.1429,6.99,612.0,80.2
23879,144.9,6.90,20.71,0.1429,7.00,612.0,80.2
23886,142.9,7.00,20.71,0.1450,6.90,612.0,80.2
23893,142.9,7.00,20.71,0.1450,6.90,612.0,80.2
23900,144.9,6.90,20.71,0.1429,7.00,612.0,80.2
23907,142.9,7.00,20.71,0.1450,6.90,612.0,80.2
23914,144.9,6.90,20.71,0.1429,7.00,612.0,80.2
23921,142.9,7.00,20.71,0.1450,6.90,612.0,80.2
23928,144.9,6.90,20.71,0.1429,7.00,612.0,80.2
23934,144.9,6.90,20.71,0.1429,7.00,612.0,80.2
23941,142.9,7.00,20.70,0.1449,6.90,612.0,80.2
23948,144.9,6.90,20.70,0.1429,7.00,612.0,80.1
23955,144.9,6.90,20.70,0.1428,7.00,612.0,80.1
23962,142.9,7.00,20.70,0.1449,6.90,612.0,80.1
23969,142.9,7.00,20.70,0.1449,6.90,612.0,80.1
23976,147.1,6.80,20.70,0.1408,7.11,612.0,80.1
23983,142.9,7.00,20.70,0.1449,6.90,612.0,80.1
23990,147.1,6.80,20.70,0.1407,7.11,612.0,80.1
23997,142.9,7.00,20.70,0.1449,6.90,612.0,80.1
24004,144.9,6.90,20.69,0.1428,7.00,612.0,80.1
24011,142.9,7.00,20.69,0.1449,6.91,612.0,80.1
24018,144.9,6.90,20.69,0.1428,7.00,612.0,80.1
24025,144.9,6.90,20.69,0.1428,7.00,612.0,80.1
24032,142.9,7.00,20.69,0.1448,6.91,612.0,80.1
24039,142.9,7.00,20.69,0.1448,6.91,612.0,80.1
24045,144.9,6.90,20.69,0.1427,7.00,612.0,80.0
24052,142.9,7.00,20.69,0.1448,6.91,612.0,80.0
24059,144.9,6.90,20.69,0.1427,7.00,612.0,80.0
24066,142.9,7.00,20.68,0.1448,6.91,612.0,80.0
24073,142.9,7.00,20.68,0.1448,6.91,612.0,80.0
24080,144.9,6.90,20.68,0.1427,7.01,612.0,80.0
24087,144.9,6.90,20.68,0.1427,7.01,612.0,80.0
24094,142.9,7.00,20.68,0.1448,6.91,612.0,80.0
24101,147.1,6.80,20.68,0.1406,7.11,612.0,80.0
24108,140.8,7.10,20.68,0.1468,6.81,612.0,80.0
24115,144.9,6.90,20.68,0.1427,7.01,612.0,80.0
24122,142.9,7.00,20.67,0.1447,6.91,612.0,80.0
24129,142.9,7.00,20.67,0.1447,6.91,612.0,80.0
24136,142.9,7.00,20.67,0.1447,6.91,612.0,80.0
24143,144.9,6.90,20.67,0.1426,7.01,612.0,80.0
24150,144.9,6.90,20.67,0.1426,7.01,612.0,80.0
24157,144.9,6.90,20.67,0.1426,7.01,612.0,80.0
24164,140.8,7.10,20.67,0.1467,6.81,612.0,80.0
24171,144.9,6.90,20.67,0.1426,7.01,612.0,80.0
24178,144.9,6.90,20.66,0.1426,7.01,612.0,80.0
24184,144.9,6.90,20.66,0.1426,7.01,612.0,80.0
24191,144.9,6.90,20.66,0.1426,7.01,612.0,80.0
24198,142.9,7.00,20.66,0.1446,6.92,612.0,80.0
24205,144.9,6.90,20.66,0.1426,7.01,612.0,80.0
24212,142.9,7.00,20.66,0.1446,6.92,612.0,80.0
24219,144.9,6.90,20.66,0.1425,7.01,612.0,80.0
24226,142.9,7.00,20.66,0.1446,6.92,612.0,80.0
24233,144.9,6.90,20.65,0.1425,7.02,612.0,80.0
24240,144.9,6.90,20.65,0.1425,7.02,612.0,80.0
24247,142.9,7.00,20.65,0.1446,6.92,612.0,80.0
24254,144.9,6.90,20.65,0.1425,7.02,612.0,80.0
24261,142.9,7.00,20.65,0.1445,6.92,612.0,80.0
24268,142.9,7.00,20.65,0.1445,6.92,612.0,80.0
24275,142.9,7.00,20.65,0.1445,6.92,612.0,80.0
24282,144.9,6.90,20.65,0.1425,7.02,612.0,80.0
24289,144.9,6.90,20.64,0.1424,7.02,612.0,80.0
24296,144.9,6.90,20.64,0.1424,7.02,612.0,80.0
24303,142.9,7.00,20.64,0.1445,6.92,612.0,80.0
24309,144.9,6.90,20.64,0.1424,7.02,612.0,80.0
24316,142.9,7.00,20.64,0.1445,6.92,612.0,80.0
24323,142.9,7.00,20.64,0.1445,6.92,612.0,80.0
24330,147.1,6.80,20.64,0.1403,7.13,612.0,80.0
24337,142.9,7.00,20.64,0.1445,6.92,612.0,80.0
24344,142.9,7.00,20.63,0.1444,6.93,612.0,80.0
24351,144.9,6.90,20.63,0.1424,7.02,612.0,80.0
24358,147.1,6.80,20.63,0.1403,7.13,612.0,80.0
24365,142.9,7.00,20.63,0.1444,6.93,612.0,80.0
24372,142.9,7.00,20.63,0.1444,6.93,612.0,80.0
24379,144.9,6.90,20.63,0.1423,7.02,612.0,80.0
24386,142.9,7.00,20.63,0.1444,6.93,612.0,80.0
24393,142.9,7.00,20.63,0.1444,6.93,612.0,80.0
24400,144.9,6.90,20.62,0.1423,7.03,612.0,80.0
24407,144.9,6.90,20.62,0.1423,7.03,612.0,80.0
24413,147.1,6.80,20.62,0.1402,7.13,612.0,80.0
24420,142.9,7.00,20.62,0.1443,6.93,612.0,80.0
24427,142.9,7.00,20.62,0.1443,6.93,612.0,80.0
24434,144.9,6.90,20.62,0.1423,7.03,612.0,80.0
24441,144.9,6.90,20.62,0.1423,7.03,612.0,80.0
24448,142.9,7.00,20.62,0.1443,6.93,612.0,80.0
24455,142.9,7.00,20.61,0.1443,6.93,612.0,80.0
24462,142.9,7.00,20.61,0.1443,6.93,612.0,80.0
24469,144.9,6.90,20.61,0.1422,7.03,612.0,80.0
24476,144.9,6.90,20.61,0.1422,7.03,612.0,80.0
24483,142.9,7.00,20.61,0.1443,6.93,612.0,80.0
24490,147.1,6.80,20.61,0.1401,7.14,612.0,80.0
24497,140.8,7.10,20.61,0.1463,6.83,612.0,80.0
24504,144.9,6.90,20.61,0.1422,7.03,612.0,80.0
24511,142.9,7.00,20.60,0.1442,6.94,612.0,80.0
24518,142.9,7.00,20.60,0.1442,6.94,612.0,80.0
24525,147.1,6.80,20.60,0.1401,7.14,612.0,80.0
24532,142.9,7.00,20.60,0.1442,6.94,612.0,80.0
24539,144.9,6.90,20.60,0.1421,7.03,612.0,80.0
24546,142.9,7.00,20.60,0.1442,6.94,612.0,80.0
24552,144.9,6.90,20.60,0.1421,7.03,612.0,80.0
24559,142.9,7.00,20.60,0.1442,6.94,612.0,80.0
24566,144.9,6.90,20.59,0.1421,7.04,612.0,80.0
24573,144.9,6.90,20.59,0.1421,7.04,612.0,80.0
24580,142.9,7.00,20.59,0.1441,6.94,612.0,80.0
24587,142.9,7.00,20.59,0.1441,6.94,612.0,80.0
24594,144.9,6.90,20.59,0.1421,7.04,612.0,80.0
24601,144.9,6.90,20.59,0.1421,7.04,612.0,80.0
24608,144.9,6.90,20.59,0.1421,7.04,612.0,80.0
24615,142.9,7.00,20.59,0.1441,6.94,612.0,80.0
24622,142.9,7.00,20.58,0.1441,6.94,612.0,80.0
24629,144.9,6.90,20.58,0.1420,7.04,612.0,80.0
24636,142.9,7.00,20.58,0.1441,6.94,612.0,80.0
24643,144.9,6.90,20.58,0.1420,7.04,612.0,80.0
24650,144.9,6.90,20.58,0.1420,7.04,612.0,80.0
24657,142.9,7.00,20.58,0.1440,6.94,612.0,80.0
24664,144.9,6.90,20.58,0.1420,7.04,612.0,80.0
24671,142.9,7.00,20.58,0.1440,6.95,612.0,80.0
24678,142.9,7.00,20.57,0.1440,6.95,612.0,80.0
24684,147.1,6.80,20.57,0.1399,7.15,612.0,80.0
24691,142.9,7.00,20.57,0.1440,6.95,612.0,80.0
24698,142.9,7.00,20.57,0.1440,6.95,612.0,80.0
24705,147.1,6.80,20.57,0.1399,7.15,612.0,80.0
24712,142.9,7.00,20.57,0.1440,6.95,612.0,80.0
24719,142.9,7.00,20.57,0.1440,6.95,612.0,80.0
24726,144.9,6.90,20.57,0.1419,7.05,612.0,80.0
24733,144.9,6.90,20.56,0.1419,7.05,612.0,80.0
24740,140.8,7.10,20.56,0.1460,6.85,612.0,80.0
24747,142.9,7.00,20.56,0.1439,6.95,612.0,80.0
24754,147.1,6.80,20.56,0.1398,7.15,612.0,80.0
24761,142.9,7.00,20.56,0.1439,6.95,612.0,80.0
24768,142.9,7.00,20.56,0.1439,6.95,612.0,80.0
24775,144.9,6.90,20.56,0.1418,7.05,612.0,80.0
24782,142.9,7.00,20.56,0.1439,6.95,612.0,80.0
24789,147.1,6.80,20.55,0.1398,7.16,612.0,80.0
24796,142.9,7.00,20.55,0.1439,6.95,612.0,80.0
24802,144.9,6.90,20.55,0.1418,7.05,612.0,80.0
24810,140.8,7.10,20.55,0.1459,6.85,612.0,80.0
24816,147.1,6.80,20.55,0.1397,7.16,612.0,80.0
24823,142.9,7.00,20.55,0.1438,6.95,612.0,80.0
24830,144.9,6.90,20.55,0.1418,7.05,612.0,80.0
24837,142.9,7.00,20.55,0.1438,6.96,612.0,80.0
24844,144.9,6.90,20.54,0.1418,7.05,612.0,80.0
24851,142.9,7.00,20.54,0.1438,6.96,612.0,80.0
24858,147.1,6.80,20.54,0.1397,7.16,612.0,80.0
24865,142.9,7.00,20.54,0.1438,6.96,612.0,80.0
24872,140.8,7.10,20.54,0.1458,6.86,612.0,80.0
24879,147.1,6.80,20.54,0.1397,7.16,612.0,80.0
24886,144.9,6.90,20.54,0.1417,7.06,612.0,80.0
24893,142.9,7.00,20.54,0.1438,6.96,612.0,80.0
24900,144.9,6.90,20.53,0.1417,7.06,612.0,80.0
24907,142.9,7.00,20.53,0.1437,6.96,612.0,80.0
24914,144.9,6.90,20.53,0.1417,7.06,612.0,80.0
24921,140.8,7.10,20.53,0.1458,6.86,612.0,80.0
24928,144.9,6.90,20.53,0.1417,7.06,612.0,80.0
24934,147.1,6.80,20.53,0.1396,7.17,612.0,80.0
24941,140.8,7.10,20.53,0.1457,6.86,612.0,80.0
24948,144.9,6.90,20.53,0.1416,7.06,612.0,80.0
24955,144.9,6.90,20.52,0.1416,7.06,612.0,80.0
24962,142.9,7.00,20.52,0.1437,6.96,612.0,80.0
24969,142.9,7.00,20.52,0.1437,6.96,612.0,80.0
24976,142.9,7.00,20.52,0.1436,6.96,612.0,80.0
24983,149.3,6.70,20.52,0.1375,7.28,612.0,80.0
24990,140.8,7.10,20.52,0.1457,6.86,612.0,80.0
24997,144.9,6.90,20.52,0.1416,7.06,612.0,80.0
25004,142.9,7.00,20.52,0.1436,6.97,612.0,80.0
25011,147.1,6.80,20.51,0.1395,7.17,612.0,80.0
25018,142.9,7.00,20.51,0.1436,6.97,612.0,80.0
25025,144.9,6.90,20.51,0.1415,7.06,612.0,80.0
25032,142.9,7.00,20.51,0.1436,6.97,612.0,80.0
25039,144.9,6.90,20.51,0.1415,7.07,612.0,80.0
25045,144.9,6.90,20.51,0.1415,7.07,612.0,80.0
25052,142.9,7.00,20.51,0.1436,6.97,612.0,80.0
25059,142.9,7.00,20.51,0.1435,6.97,612.0,80.0
25066,147.1,6.80,20.50,0.1394,7.17,612.0,80.0
25073,142.9,7.00,20.50,0.1435,6.97,612.0,80.0
25080,140.8,7.10,20.50,0.1456,6.87,612.0,80.0
25087,147.1,6.80,20.50,0.1394,7.18,612.0,80.0
25094,142.9,7.00,20.50,0.1435,6.97,612.0,80.0
25101,142.9,7.00,20.50,0.1435,6.97,612.0,80.0
25108,142.9,7.00,20.50,0.1435,6.97,612.0,80.0
25115,144.9,6.90,20.50,0.1414,7.07,612.0,80.0
25122,142.9,7.00,20.50,0.1435,6.97,612.0,80.0
25129,144.9,6.90,20.50,0.1414,7.07,612.0,80.0
25136,144.9,6.90,20.50,0.1414,7.07,612.0,80.0
25143,142.9,7.00,20.50,0.1435,6.97,612.0,80.1
25150,142.9,7.00,20.50,0.1435,6.97,612.0,80.1
25157,144.9,6.90,20.50,0.1414,7.07,612.0,80.1
25164,144.9,6.90,20.50,0.1414,7.07,612.0,80.1
25170,147.1,6.80,20.50,0.1394,7.18,612.0,80.1
25177,144.9,6.90,20.50,0.1414,7.07,612.0,80.1
25184,140.8,7.10,20.50,0.1455,6.87,612.0,80.1
25191,144.9,6.90,20.50,0.1414,7.07,612.0,80.1
25198,144.9,6.90,20.50,0.1414,7.07,612.0,80.1
25205,140.8,7.10,20.50,0.1455,6.87,612.0,80.1
25212,144.9,6.90,20.50,0.1414,7.07,612.0,80.1
25219,144.9,6.90,20.50,0.1414,7.07,612.0,80.1
25226,144.9,6.90,20.50,0.1414,7.07,612.0,80.1
25233,142.9,7.00,20.50,0.1435,6.97,612.0,80.1
25240,142.9,7.00,20.50,0.1435,6.97,612.0,80.1
25247,144.9,6.90,20.50,0.1414,7.07,612.0,80.2
25254,142.9,7.00,20.50,0.1435,6.97,612.0,80.2
25261,144.9,6.90,20.49,0.1414,7.07,612.0,80.2
25268,144.9,6.90,20.49,0.1414,7.07,612.0,80.2
25275,142.9,7.00,20.49,0.1435,6.97,612.0,80.2
25282,147.1,6.80,20.49,0.1394,7.18,612.0,80.2
25289,140.8,7.10,20.49,0.1455,6.87,612.0,80.2
25296,144.9,6.90,20.49,0.1414,7.07,612.0,80.2
25302,144.9,6.90,20.49,0.1414,7.07,612.0,80.2
25309,142.9,7.00,20.49,0.1435,6.97,612.0,80.2
25316,144.9,6.90,20.49,0.1414,7.07,612.0,80.2
25323,142.9,7.00,20.49,0.1435,6.97,612.0,80.2
25330,144.9,6.90,20.49,0.1414,7.07,612.0,80.2
25337,144.9,6.90,20.49,0.1414,7.07,612.0,80.2
25344,142.9,7.00,20.49,0.1434,6.97,612.0,80.3
25351,142.9,7.00,20.49,0.1434,6.97,612.0,80.3
25358,147.1,6.80,20.49,0.1393,7.18,612.0,80.3
25365,142.9,7.00,20.49,0.1434,6.97,612.0,80.3
25372,142.9,7.00,20.49,0.1434,6.97,612.0,80.3
25379,147.1,6.80,20.49,0.1393,7.18,612.0,80.3
25386,140.8,7.10,20.49,0.1455,6.87,612.0,80.3
25393,144.9,6.90,20.49,0.1414,7.07,612.0,80.3
25400,144.9,6.90,20.49,0.1414,7.07,612.0,80.3
25407,140.8,7.10,20.49,0.1455,6.87,612.0,80.3
25414,147.1,6.80,20.49,0.1393,7.18,612.0,80.3
25420,144.9,6.90,20.49,0.1414,7.07,612.0,80.3
25427,142.9,7.00,20.49,0.1434,6.97,612.0,80.3
25434,144.9,6.90,20.49,0.1414,7.07,612.0,80.3
25441,142.9,7.00,20.49,0.1434,6.97,612.0,80.3
25448,144.9,6.90,20.49,0.1414,7.07,612.0,80.4
25455,144.9,6.90,20.49,0.1414,7.07,612.0,80.4
25462,142.9,7.00,20.49,0.1434,6.97,612.0,80.4
25469,144.9,6.90,20.49,0.1414,7.07,612.0,80.4
25476,144.9,6.90,20.49,0.1414,7.07,612.0,80.4
25483,144.9,6.90,20.49,0.1414,7.07,612.0,80.4
25490,138.9,7.20,20.49,0.1475,6.78,612.0,80.4
25497,142.9,7.00,20.49,0.1434,6.97,612.0,80.4
25504,144.9,6.90,20.49,0.1414,7.07,612.0,80.4
25511,144.9,6.90,20.49,0.1414,7.07,612.0,80.4
25518,144.9,6.90,20.49,0.1414,7.07,612.0,80.4
25525,144.9,6.90,20.49,0.1414,7.07,612.0,80.4
25532,142.9,7.00,20.49,0.1434,6.98,612.0,80.4
25539,142.9,7.00,20.49,0.1434,6.98,612.0,80.4
25546,144.9,6.90,20.49,0.1414,7.07,612.0,80.5
25552,144.9,6.90,20.49,0.1414,7.07,612.0,80.5
25559,142.9,7.00,20.49,0.1434,6.98,612.0,80.5
25566,144.9,6.90,20.49,0.1414,7.07,612.0,80.5
25573,142.9,7.00,20.49,0.1434,6.98,612.0,80.5
25580,144.9,6.90,20.49,0.1413,7.07,612.0,80.5
25587,142.9,7.00,20.49,0.1434,6.98,612.0,80.5
25594,144.9,6.90,20.48,0.1413,7.07,612.0,80.5
25601,144.9,6.90,20.48,0.1413,7.07,612.0,80.5
25608,142.9,7.00,20.48,0.1434,6.98,612.0,80.5
25615,142.9,7.00,20.48,0.1434,6.98,612.0,80.5
25622,144.9,6.90,20.48,0.1413,7.07,612.0,80.5
25629,144.9,6.90,20.48,0.1413,7.07,612.0,80.5
25636,142.9,7.00,20.48,0.1434,6.98,612.0,80.5
25643,142.9,7.00,20.48,0.1434,6.98,612.0,80.6
25650,144.9,6.90,20.48,0.1413,7.07,612.0,80.6
25657,142.9,7.00,20.48,0.1434,6.98,612.0,80.6
25664,144.9,6.90,20.48,0.1413,7.07,612.0,80.6
25671,144.9,6.90,20.48,0.1413,7.07,612.0,80.6
25678,142.9,7.00,20.48,0.1434,6.98,612.0,80.6
25684,144.9,6.90,20.48,0.1413,7.07,612.0,80.6
25691,142.9,7.00,20.48,0.1434,6.98,612.0,80.6
25698,144.9,6.90,20.48,0.1413,7.07,612.0,80.6
25705,144.9,6.90,20.48,0.1413,7.07,612.0,80.6
25712,142.9,7.00,20.48,0.1434,6.98,612.0,80.6
25719,144.9,6.90,20.48,0.1413,7.07,612.0,80.6
25726,142.9,7.00,20.48,0.1434,6.98,612.0,80.6
25733,144.9,6.90,20.48,0.1413,7.07,612.0,80.6
25740,144.9,6.90,20.48,0.1413,7.08,612.0,80.6
25747,140.8,7.10,20.48,0.1454,6.87,612.0,80.7
25754,144.9,6.90,20.48,0.1413,7.08,612.0,80.7
25761,144.9,6.90,20.48,0.1413,7.08,612.0,80.7
25768,140.8,7.10,20.48,0.1454,6.88,612.0,80.7
25775,147.1,6.80,20.48,0.1393,7.18,612.0,80.7
25782,140.8,7.10,20.48,0.1454,6.88,612.0,80.7
25789,147.1,6.80,20.48,0.1393,7.18,612.0,80.7
25796,144.9,6.90,20.48,0.1413,7.08,612.0,80.7
25802,144.9,6.90,20.48,0.1413,7.08,612.0,80.7
25810,140.8,7.10,20.48,0.1454,6.88,612.0,80.7
25816,144.9,6.90,20.48,0.1413,7.08,612.0,80.7
25823,144.9,6.90,20.48,0.1413,7.08,612.0,80.7
25830,142.9,7.00,20.48,0.1433,6.98,612.0,80.7
25837,144.9,6.90,20.48,0.1413,7.08,612.0,80.7
25844,144.9,6.90,20.48,0.1413,7.08,612.0,80.8
25851,142.9,7.00,20.48,0.1433,6.98,612.0,80.8
25858,144.9,6.90,20.48,0.1413,7.08,612.0,80.8
25865,144.9,6.90,20.48,0.1413,7.08,612.0,80.8
25872,144.9,6.90,20.48,0.1413,7.08,612.0,80.8
25879,142.9,7.00,20.48,0.1433,6.98,612.0,80.8
25886,144.9,6.90,20.48,0.1413,7.08,612.0,80.8
25893,142.9,7.00,20.48,0.1433,6.98,612.0,80.8
25900,144.9,6.90,20.48,0.1413,7.08,612.0,80.8
25907,142.9,7.00,20.48,0.1433,6.98,612.0,80.8
25914,144.9,6.90,20.48,0.1413,7.08,612.0,80.8
25921,142.9,7.00,20.48,0.1433,6.98,612.0,80.8
25927,144.9,6.90,20.47,0.1413,7.08,612.0,80.8
25934,142.9,7.00,20.47,0.1433,6.98,612.0,80.8
25941,144.9,6.90,20.47,0.1413,7.08,612.0,80.8
25948,142.9,7.00,20.47,0.1433,6.98,612.0,80.9
25955,144.9,6.90,20.47,0.1413,7.08,612.0,80.9
25962,144.9,6.90,20.47,0.1413,7.08,612.0,80.9
25969,142.9,7.00,20.47,0.1433,6.98,612.0,80.9
25976,142.9,7.00,20.47,0.1433,6.98,612.0,80.9
25983,147.1,6.80,20.47,0.1392,7.18,612.0,80.9
25990,142.9,7.00,20.47,0.1433,6.98,612.0,80.9
25997,144.9,6.90,20.47,0.1413,7.08,612.0,80.9
26004,144.9,6.90,20.47,0.1413,7.08,612.0,80.9
26011,142.9,7.00,20.47,0.1433,6.98,612.0,80.9
26018,144.9,6.90,20.47,0.1413,7.08,612.0,80.9
26025,142.9,7.00,20.47,0.1433,6.98,612.0,80.9
26032,144.9,6.90,20.47,0.1413,7.08,612.0,80.9
26038,144.9,6.90,20.47,0.1413,7.08,612.0,80.9
26045,142.9,7.00,20.47,0.1433,6.98,612.0,81.0
26052,144.9,6.90,20.47,0.1413,7.08,612.0,81.0
26059,142.9,7.00,20.47,0.1433,6.98,612.0,81.0
26066,144.9,6.90,20.47,0.1412,7.08,612.0,81.0
26073,144.9,6.90,20.47,0.1412,7.08,612.0,81.0
26080,138.9,7.20,20.47,0.1474,6.79,612.0,81.0
26087,147.1,6.80,20.47,0.1392,7.19,612.0,81.0
26094,142.9,7.00,20.47,0.1433,6.98,612.0,81.0
26101,142.9,7.00,20.47,0.1433,6.98,612.0,81.0
26108,144.9,6.90,20.47,0.1413,7.08,612.0,81.0
26115,142.9,7.00,20.48,0.1433,6.98,612.0,81.0
26122,144.9,6.90,20.48,0.1413,7.08,612.0,81.0
26129,144.9,6.90,20.48,0.1413,7.08,612.0,81.0
26136,142.9,7.00,20.48,0.1434,6.98,612.0,81.0
26143,144.9,6.90,20.48,0.1413,7.07,612.0,81.0
26150,144.9,6.90,20.48,0.1413,7.07,612.0,81.0
26157,142.9,7.00,20.48,0.1434,6.98,612.0,81.0
26164,144.9,6.90,20.49,0.1414,7.07,612.0,81.0
26171,142.9,7.00,20.49,0.1434,6.97,612.0,81.0
26177,144.9,6.90,20.49,0.1414,7.07,612.0,81.0
26184,142.9,7.00,20.49,0.1434,6.97,612.0,81.0
26191,144.9,6.90,20.49,0.1414,7.07,612.0,81.0
26198,144.9,6.90,20.49,0.1414,7.07,612.0,81.0
26205,142.9,7.00,20.50,0.1435,6.97,612.0,81.0
26212,142.9,7.00,20.50,0.1435,6.97,612.0,81.0
26219,144.9,6.90,20.50,0.1414,7.07,612.0,81.0
26226,142.9,7.00,20.50,0.1435,6.97,612.0,81.0
26233,147.1,6.80,20.50,0.1394,7.17,612.0,81.0
26240,140.8,7.10,20.50,0.1456,6.87,612.0,81.0
26247,142.9,7.00,20.51,0.1435,6.97,612.0,81.0
26254,147.1,6.80,20.51,0.1394,7.17,612.0,81.0
26261,147.1,6.80,20.51,0.1395,7.17,612.0,81.0
26268,140.8,7.10,20.51,0.1456,6.86,612.0,81.0
26275,142.9,7.00,20.51,0.1436,6.97,612.0,81.0
26282,144.9,6.90,20.51,0.1415,7.06,612.0,81.0
26289,142.9,7.00,20.52,0.1436,6.97,612.0,81.0
26296,144.9,6.90,20.52,0.1416,7.06,612.0,81.0
26302,144.9,6.90,20.52,0.1416,7.06,612.0,81.0
26309,144.9,6.90,20.52,0.1416,7.06,612.0,81.0
26316,142.9,7.00,20.52,0.1437,6.96,612.0,81.0
26323,144.9,6.90,20.52,0.1416,7.06,612.0,81.0
26330,144.9,6.90,20.52,0.1416,7.06,612.0,81.0
26337,140.8,7.10,20.53,0.1457,6.86,612.0,81.0
26344,147.1,6.80,20.53,0.1396,7.17,612.0,81.0
26351,142.9,7.00,20.53,0.1437,6.96,612.0,81.0
26358,142.9,7.00,20.53,0.1437,6.96,612.0,81.0
26365,147.1,6.80,20.53,0.1396,7.16,612.0,81.0
26372,140.8,7.10,20.53,0.1458,6.86,612.0,81.0
26379,144.9,6.90,20.54,0.1417,7.06,612.0,81.0
26386,142.9,7.00,20.54,0.1438,6.96,612.0,81.0
26393,144.9,6.90,20.54,0.1417,7.05,612.0,81.0
26400,144.9,6.90,20.54,0.1417,7.05,612.0,81.0
26407,144.9,6.90,20.54,0.1417,7.05,612.0,81.0
26414,142.9,7.00,20.54,0.1438,6.96,612.0,81.0
26420,144.9,6.90,20.55,0.1418,7.05,612.0,81.0
26427,144.9,6.90,20.55,0.1418,7.05,612.0,81.0
26434,142.9,7.00,20.55,0.1438,6.95,612.0,81.0
26441,142.9,7.00,20.55,0.1439,6.95,612.0,81.0
26448,142.9,7.00,20.55,0.1439,6.95,612.0,81.0
26455,144.9,6.90,20.55,0.1418,7.05,612.0,81.0
26462,144.9,6.90,20.56,0.1418,7.05,612.0,81.0
26469,144.9,6.90,20.56,0.1418,7.05,612.0,81.0
26476,144.9,6.90,20.56,0.1419,7.05,612.0,81.0
26483,142.9,7.00,20.56,0.1439,6.95,612.0,81.0
26490,140.8,7.10,20.56,0.1460,6.85,612.0,81.0
26497,147.1,6.80,20.56,0.1398,7.15,612.0,81.0
26504,144.9,6.90,20.56,0.1419,7.05,612.0,81.0
26511,140.8,7.10,20.57,0.1460,6.85,612.0,81.0
26518,144.9,6.90,20.57,0.1419,7.04,612.0,81.0
26525,144.9,6.90,20.57,0.1419,7.04,612.0,81.0
26532,144.9,6.90,20.57,0.1419,7.04,612.0,81.0
26539,142.9,7.00,20.57,0.1440,6.95,612.0,81.0
26546,142.9,7.00,20.57,0.1440,6.95,612.0,81.0
26552,144.9,6.90,20.58,0.1420,7.04,612.0,81.0
26559,142.9,7.00,20.58,0.1440,6.94,612.0,81.0
26566,144.9,6.90,20.58,0.1420,7.04,612.0,81.0
26573,142.9,7.00,20.58,0.1441,6.94,612.0,81.0
26580,144.9,6.90,20.58,0.1420,7.04,612.0,81.0
26587,144.9,6.90,20.58,0.1420,7.04,612.0,81.0
26594,142.9,7.00,20.59,0.1441,6.94,612.0,81.0
26601,144.9,6.90,20.59,0.1421,7.04,612.0,81.0
26608,144.9,6.90,20.59,0.1421,7.04,612.0,81.0
26615,142.9,7.00,20.59,0.1441,6.94,612.0,81.0
26622,144.9,6.90,20.59,0.1421,7.04,612.0,81.0
26629,142.9,7.00,20.59,0.1442,6.94,612.0,81.0
26636,144.9,6.90,20.60,0.1421,7.04,612.0,81.0
26643,142.9,7.00,20.60,0.1442,6.94,612.0,81.0
26650,144.9,6.90,20.60,0.1421,7.03,612.0,81.0
26657,144.9,6.90,20.60,0.1421,7.03,612.0,81.0
26664,142.9,7.00,20.60,0.1442,6.94,612.0,81.0
26671,142.9,7.00,20.60,0.1442,6.94,612.0,81.0
26677,144.9,6.90,20.60,0.1422,7.03,612.0,81.0
26684,144.9,6.90,20.61,0.1422,7.03,612.0,81.0
26691,142.9,7.00,20.61,0.1443,6.93,612.0,81.0
26698,144.9,6.90,20.61,0.1422,7.03,612.0,81.0
26705,142.9,7.00,20.61,0.1443,6.93,612.0,81.0
26712,142.9,7.00,20.61,0.1443,6.93,612.0,81.0
26719,147.1,6.80,20.61,0.1402,7.14,612.0,81.0
26726,144.9,6.90,20.62,0.1422,7.03,612.0,81.0
26733,140.8,7.10,20.62,0.1464,6.83,612.0,81.0
26740,144.9,6.90,20.62,0.1423,7.03,612.0,81.0
26747,142.9,7.00,20.62,0.1443,6.93,612.0,81.0
26754,147.1,6.80,20.62,0.1402,7.13,612.0,81.0
26761,142.9,7.00,20.62,0.1444,6.93,612.0,81.0
26768,142.9,7.00,20.63,0.1444,6.93,612.0,81.0
26775,144.9,6.90,20.63,0.1423,7.02,612.0,81.0
26782,144.9,6.90,20.63,0.1423,7.02,612.0,81.0
26789,142.9,7.00,20.63,0.1444,6.93,612.0,81.0
26795,144.9,6.90,20.63,0.1424,7.02,612.0,81.0
26802,142.9,7.00,20.63,0.1444,6.93,612.0,81.0
26809,142.9,7.00,20.63,0.1444,6.93,612.0,81.0
26816,142.9,7.00,20.64,0.1445,6.92,612.0,81.0
26823,144.9,6.90,20.64,0.1424,7.02,612.0,81.0
26830,144.9,6.90,20.64,0.1424,7.02,612.0,81.0
26837,144.9,6.90,20.64,0.1424,7.02,612.0,81.0
26844,142.9,7.00,20.64,0.1445,6.92,612.0,81.0
26851,142.9,7.00,20.64,0.1445,6.92,612.0,81.0
26858,144.9,6.90,20.65,0.1425,7.02,612.0,81.0
26865,142.9,7.00,20.65,0.1445,6.92,612.0,81.0
26872,144.9,6.90,20.65,0.1425,7.02,612.0,81.0
26879,144.9,6.90,20.65,0.1425,7.02,612.0,81.0
26886,140.8,7.10,20.65,0.1466,6.82,612.0,81.0
26893,147.1,6.80,20.65,0.1404,7.12,612.0,81.0
26900,144.9,6.90,20.66,0.1425,7.01,612.0,81.0
26907,142.9,7.00,20.66,0.1446,6.92,612.0,81.0
26914,144.9,6.90,20.66,0.1425,7.01,612.0,81.0
26921,142.9,7.00,20.66,0.1446,6.92,612.0,81.0
26927,144.9,6.90,20.66,0.1426,7.01,612.0,81.0
26934,142.9,7.00,20.66,0.1446,6.92,612.0,81.0
26941,142.9,7.00,20.67,0.1447,6.91,612.0,81.0
26948,144.9,6.90,20.67,0.1426,7.01,612.0,81.0
26955,144.9,6.90,20.67,0.1426,7.01,612.0,81.0
26962,144.9,6.90,20.67,0.1426,7.01,612.0,81.0
26969,142.9,7.00,20.67,0.1447,6.91,612.0,81.0
26976,142.9,7.00,20.67,0.1447,6.91,612.0,81.0
26983,144.9,6.90,20.67,0.1427,7.01,612.0,81.0
26990,147.1,6.80,20.68,0.1406,7.11,612.0,81.0
26997,142.9,7.00,20.68,0.1447,6.91,612.0,81.0
27004,147.1,6.80,20.68,0.1406,7.11,612.0,81.0
27011,140.8,7.10,20.68,0.1468,6.81,612.0,81.0
27018,144.9,6.90,20.68,0.1427,7.01,612.0,81.0
27025,144.9,6.90,20.68,0.1427,7.01,612.0,81.0
27032,142.9,7.00,20.69,0.1448,6.91,612.0,81.0
27038,144.9,6.90,20.69,0.1427,7.00,612.0,81.0
27045,142.9,7.00,20.69,0.1448,6.91,612.0,81.0
27052,144.9,6.90,20.69,0.1428,7.00,612.0,81.0
27059,142.9,7.00,20.69,0.1448,6.91,612.0,81.0
27066,144.9,6.90,20.69,0.1428,7.00,612.0,81.0
27073,142.9,7.00,20.70,0.1449,6.90,612.0,81.0
27080,144.9,6.90,20.70,0.1428,7.00,612.0,81.0
27087,140.8,7.10,20.70,0.1470,6.80,612.0,81.0
27094,147.1,6.80,20.70,0.1407,7.11,612.0,81.0
27101,142.9,7.00,20.69,0.1448,6.91,612.0,81.0
27108,142.9,7.00,20.68,0.1448,6.91,612.0,81.0
27115,147.1,6.80,20.68,0.1406,7.11,612.0,81.0
27122,140.8,7.10,20.67,0.1467,6.81,612.0,81.0
27129,144.9,6.90,20.66,0.1426,7.01,612.0,81.0
27136,144.9,6.90,20.65,0.1425,7.02,612.0,81.0
27143,144.9,6.90,20.65,0.1425,7.02,612.0,80.9
27150,142.9,7.00,20.64,0.1445,6.92,612.0,80.9
27157,140.8,7.10,20.63,0.1465,6.82,612.0,80.9
27164,144.9,6.90,20.62,0.1423,7.03,612.0,80.9
27171,144.9,6.90,20.62,0.1423,7.03,612.0,80.9
27177,144.9,6.90,20.61,0.1422,7.03,612.0,80.9
27184,147.1,6.80,20.60,0.1401,7.14,612.0,80.9
27191,142.9,7.00,20.60,0.1442,6.94,612.0,80.9
27198,140.8,7.10,20.59,0.1462,6.84,612.0,80.9
27205,147.1,6.80,20.58,0.1400,7.15,612.0,80.9
27212,144.9,6.90,20.57,0.1420,7.04,612.0,80.9
27219,140.8,7.10,20.57,0.1460,6.85,612.0,80.9
27226,147.1,6.80,20.56,0.1398,7.15,612.0,80.9
27233,144.9,6.90,20.55,0.1418,7.05,612.0,80.9
27240,142.9,7.00,20.54,0.1438,6.96,612.0,80.9
27247,142.9,7.00,20.54,0.1438,6.96,612.0,80.8
27254,144.9,6.90,20.53,0.1417,7.06,612.0,80.8
27261,140.8,7.10,20.52,0.1457,6.86,612.0,80.8
27268,144.9,6.90,20.52,0.1416,7.06,612.0,80.8
27275,144.9,6.90,20.51,0.1415,7.07,612.0,80.8
27282,142.9,7.00,20.50,0.1435,6.97,612.0,80.8
27289,142.9,7.00,20.49,0.1435,6.97,612.0,80.8
27296,142.9,7.00,20.49,0.1434,6.98,612.0,80.8
27302,147.1,6.80,20.48,0.1393,7.18,612.0,80.8
27309,144.9,6.90,20.47,0.1413,7.08,612.0,80.8
27316,142.9,7.00,20.46,0.1433,6.98,612.0,80.8
27323,144.9,6.90,20.46,0.1412,7.08,612.0,80.8
27330,142.9,7.00,20.45,0.1432,6.99,612.0,80.8
27337,144.9,6.90,20.44,0.1411,7.09,612.0,80.8
27344,142.9,7.00,20.44,0.1430,6.99,612.0,80.7
27351,142.9,7.00,20.43,0.1430,7.00,612.0,80.7
27358,144.9,6.90,20.42,0.1409,7.10,612.0,80.7
27365,144.9,6.90,20.41,0.1409,7.10,612.0,80.7
27372,142.9,7.00,20.41,0.1428,7.00,612.0,80.7
27379,144.9,6.90,20.40,0.1408,7.10,612.0,80.7
27386,142.9,7.00,20.39,0.1427,7.01,612.0,80.7
27393,144.9,6.90,20.38,0.1406,7.11,612.0,80.7
27400,142.9,7.00,20.38,0.1426,7.01,612.0,80.7
27407,144.9,6.90,20.37,0.1405,7.11,612.0,80.7
27414,144.9,6.90,20.36,0.1405,7.12,612.0,80.7
27420,144.9,6.90,20.36,0.1405,7.12,612.0,80.7
27427,144.9,6.90,20.35,0.1404,7.12,612.0,80.7
27434,142.9,7.00,20.34,0.1424,7.03,612.0,80.7
27441,142.9,7.00,20.33,0.1423,7.03,612.0,80.7
27448,144.9,6.90,20.33,0.1403,7.13,612.0,80.6
27455,144.9,6.90,20.32,0.1402,7.13,612.0,80.6
27462,142.9,7.00,20.31,0.1422,7.04,612.0,80.6
27469,142.9,7.00,20.30,0.1421,7.04,612.0,80.6
27476,147.1,6.80,20.30,0.1380,7.25,612.0,80.6
27483,140.8,7.10,20.29,0.1441,6.94,612.0,80.6
27490,144.9,6.90,20.28,0.1399,7.14,612.0,80.6
27497,142.9,7.00,20.27,0.1419,7.05,612.0,80.6
27504,144.9,6.90,20.27,0.1398,7.15,612.0,80.6
27511,142.9,7.00,20.26,0.1418,7.05,612.0,80.6
27518,142.9,7.00,20.25,0.1418,7.06,612.0,80.6
27525,144.9,6.90,20.25,0.1397,7.16,612.0,80.6
27532,144.9,6.90,20.24,0.1396,7.16,612.0,80.6
27539,142.9,7.00,20.23,0.1416,7.06,612.0,80.6
27546,144.9,6.90,20.22,0.1395,7.17,612.0,80.5
27552,144.9,6.90,20.22,0.1395,7.17,612.0,80.5
27559,142.9,7.00,20.21,0.1415,7.07,612.0,80.5
27566,144.9,6.90,20.20,0.1394,7.17,612.0,80.5
27573,144.9,6.90,20.19,0.1393,7.18,612.0,80.5
27580,142.9,7.00,20.19,0.1413,7.08,612.0,80.5
27587,144.9,6.90,20.18,0.1392,7.18,612.0,80.5
27594,142.9,7.00,20.17,0.1412,7.08,612.0,80.5
27601,144.9,6.90,20.17,0.1391,7.19,612.0,80.5
27608,144.9,6.90,20.16,0.1391,7.19,612.0,80.5
27615,142.9,7.00,20.15,0.1411,7.09,612.0,80.5
27622,144.9,6.90,20.14,0.1390,7.19,612.0,80.5
27629,144.9,6.90,20.14,0.1389,7.20,612.0,80.5
27636,144.9,6.90,20.13,0.1389,7.20,612.0,80.5
27643,140.8,7.10,20.12,0.1429,7.00,612.0,80.4
27650,147.1,6.80,20.11,0.1368,7.31,612.0,80.4
27657,140.8,7.10,20.11,0.1428,7.00,612.0,80.4
27663,147.1,6.80,20.10,0.1367,7.32,612.0,80.4
27670,142.9,7.00,20.09,0.1407,7.11,612.0,80.4
27677,142.9,7.00,20.09,0.1406,7.11,612.0,80.4
27684,144.9,6.90,20.08,0.1385,7.22,612.0,80.4
27691,142.9,7.00,20.07,0.1405,7.12,612.0,80.4
27698,147.1,6.80,20.06,0.1364,7.33,612.0,80.4
27705,142.9,7.00,20.06,0.1404,7.12,612.0,80.4
27712,142.9,7.00,20.05,0.1403,7.13,612.0,80.4
27719,144.9,6.90,20.04,0.1383,7.23,612.0,80.4
27726,142.9,7.00,20.03,0.1402,7.13,612.0,80.4
27733,144.9,6.90,20.03,0.1382,7.24,612.0,80.4
27740,144.9,6.90,20.02,0.1381,7.24,612.0,80.4
27747,142.9,7.00,20.01,0.1401,7.14,612.0,80.3
27754,142.9,7.00,20.00,0.1400,7.14,612.0,80.3
27761,144.9,6.90,20.00,0.1380,7.25,612.0,80.3
27768,142.9,7.00,19.99,0.1399,7.15,612.0,80.3
27775,144.9,6.90,19.98,0.1379,7.25,612.0,80.3
27782,144.9,6.90,19.98,0.1378,7.25,612.0,80.3
27789,142.9,7.00,19.97,0.1398,7.16,612.0,80.3
27796,142.9,7.00,19.96,0.1397,7.16,612.0,80.3
27802,144.9,6.90,19.95,0.1377,7.26,612.0,80.3
27809,144.9,6.90,19.95,0.1376,7.26,612.0,80.3
27816,142.9,7.00,19.94,0.1396,7.17,612.0,80.3
27823,144.9,6.90,19.93,0.1375,7.27,612.0,80.3
27830,142.9,7.00,19.93,0.1395,7.17,612.0,80.3
27837,144.9,6.90,19.92,0.1374,7.27,612.0,80.3
27844,142.9,7.00,19.91,0.1394,7.18,612.0,80.2
27851,144.9,6.90,19.90,0.1373,7.28,612.0,80.2
27858,142.9,7.00,19.90,0.1393,7.18,612.0,80.2
27865,144.9,6.90,19.89,0.1372,7.29,612.0,80.2
27872,144.9,6.90,19.88,0.1372,7.29,612.0,80.2
27879,142.9,7.00,19.87,0.1391,7.19,612.0,80.2
27886,144.9,6.90,19.87,0.1371,7.29,612.0,80.2
27893,144.9,6.90,19.86,0.1370,7.30,612.0,80.2
27900,144.9,6.90,19.85,0.1370,7.30,612.0,80.2
27907,140.8,7.10,19.84,0.1409,7.10,612.0,80.2
27914,144.9,6.90,19.84,0.1369,7.30,612.0,80.2
27921,142.9,7.00,19.83,0.1388,7.21,612.0,80.2
27927,147.1,6.80,19.82,0.1348,7.42,612.0,80.2
27934,142.9,7.00,19.82,0.1387,7.21,612.0,80.2
27941,144.9,6.90,19.81,0.1367,7.32,612.0,80.2
27948,142.9,7.00,19.80,0.1386,7.22,612.0,80.1
27955,144.9,6.90,19.79,0.1366,7.32,612.0,80.1
27962,142.9,7.00,19.79,0.1385,7.22,612.0,80.1
27969,144.9,6.90,19.78,0.1365,7.33,612.0,80.1
27976,142.9,7.00,19.77,0.1384,7.23,612.0,80.1
27983,142.9,7.00,19.76,0.1384,7.23,612.0,80.1
27990,147.1,6.80,19.76,0.1343,7.45,612.0,80.1
27997,142.9,7.00,19.75,0.1382,7.24,612.0,80.1
28004,144.9,6.90,19.74,0.1362,7.34,612.0,80.1
28011,142.9,7.00,19.74,0.1381,7.24,612.0,80.1
28018,147.1,6.80,19.73,0.1341,7.46,612.0,80.1
28025,140.8,7.10,19.72,0.1400,7.14,612.0,80.1
28032,144.9,6.90,19.71,0.1360,7.35,612.0,80.1
28039,142.9,7.00,19.71,0.1379,7.25,612.0,80.1
28045,144.9,6.90,19.70,0.1359,7.36,612.0,80.0
28052,147.1,6.80,19.69,0.1339,7.47,612.0,80.0
28059,142.9,7.00,19.68,0.1378,7.26,612.0,80.0
28066,142.9,7.00,19.68,0.1377,7.26,612.0,80.0
28073,144.9,6.90,19.67,0.1357,7.37,612.0,80.0
28080,142.9,7.00,19.66,0.1376,7.27,612.0,80.0
28087,144.9,6.90,19.66,0.1356,7.37,612.0,80.0
28094,142.9,7.00,19.65,0.1375,7.27,612.0,80.0
28101,144.9,6.90,19.65,0.1356,7.37,612.0,80.0
28108,140.8,7.10,19.65,0.1395,7.17,612.0,80.0
28115,144.9,6.90,19.65,0.1356,7.37,612.0,80.0
28122,142.9,7.00,19.65,0.1375,7.27,612.0,80.0
28129,144.9,6.90,19.65,0.1356,7.38,612.0,80.0
28136,144.9,6.90,19.65,0.1356,7.38,612.0,80.0
28143,142.9,7.00,19.65,0.1375,7.27,612.0,80.0
28150,144.9,6.90,19.65,0.1356,7.38,612.0,80.0
28157,142.9,7.00,19.64,0.1375,7.27,612.0,80.0
28164,144.9,6.90,19.64,0.1355,7.38,612.0,80.0
28170,144.9,6.90,19.64,0.1355,7.38,612.0,80.0
28177,142.9,7.00,19.64,0.1375,7.27,612.0,80.0
28184,144.9,6.90,19.64,0.1355,7.38,612.0,80.0
28191,142.9,7.00,19.64,0.1375,7.28,612.0,80.0
28198,142.9,7.00,19.64,0.1375,7.28,612.0,80.0
28205,142.9,7.00,19.64,0.1375,7.28,612.0,80.0
28212,147.1,6.80,19.64,0.1336,7.49,612.0,80.0
28219,142.9,7.00,19.64,0.1375,7.28,612.0,80.0
28226,144.9,6.90,19.64,0.1355,7.38,612.0,80.0
28233,142.9,7.00,19.64,0.1375,7.28,612.0,80.0
28240,142.9,7.00,19.64,0.1375,7.28,612.0,80.0
28247,144.9,6.90,19.64,0.1355,7.38,612.0,80.0
28254,144.9,6.90,19.64,0.1355,7.38,612.0,80.0
28261,147.1,6.80,19.64,0.1335,7.49,612.0,80.0
28268,140.8,7.10,19.64,0.1394,7.17,612.0,80.0
28275,144.9,6.90,19.64,0.1355,7.38,612.0,80.0
28282,142.9,7.00,19.63,0.1374,7.28,612.0,80.0
28289,144.9,6.90,19.63,0.1355,7.38,612.0,80.0
28296,142.9,7.00,19.63,0.1374,7.28,612.0,80.0
28302,144.9,6.90,19.63,0.1355,7.38,612.0,80.0
28309,144.9,6.90,19.63,0.1355,7.38,612.0,80.0
28316,142.9,7.00,19.63,0.1374,7.28,612.0,80.0
28323,142.9,7.00,19.63,0.1374,7.28,612.0,80.0
28330,147.1,6.80,19.63,0.1335,7.49,612.0,80.0
28337,142.9,7.00,19.63,0.1374,7.28,612.0,80.0
28344,144.9,6.90,19.63,0.1354,7.38,612.0,80.0
28351,142.9,7.00,19.63,0.1374,7.28,612.0,80.0
28358,147.1,6.80,19.63,0.1335,7.49,612.0,80.0
28365,140.8,7.10,19.63,0.1394,7.17,612.0,80.0
28372,142.9,7.00,19.63,0.1374,7.28,612.0,80.0
28379,144.9,6.90,19.63,0.1354,7.38,612.0,80.0
28386,142.9,7.00,19.63,0.1374,7.28,612.0,80.0
28393,144.9,6.90,19.63,0.1354,7.38,612.0,80.0
28400,142.9,7.00,19.63,0.1374,7.28,612.0,80.0
28407,144.9,6.90,19.62,0.1354,7.38,612.0,80.0
28414,144.9,6.90,19.62,0.1354,7.38,612.0,80.0
28420,144.9,6.90,19.62,0.1354,7.38,612.0,80.0
28427,142.9,7.00,19.62,0.1374,7.28,612.0,80.0
28434,144.9,6.90,19.62,0.1354,7.38,612.0,80.0
28441,142.9,7.00,19.62,0.1374,7.28,612.0,80.0
28448,147.1,6.80,19.62,0.1334,7.50,612.0,80.0
28455,140.8,7.10,19.62,0.1393,7.18,612.0,80.0
28462,144.9,6.90,19.62,0.1354,7.39,612.0,80.0
28469,144.9,6.90,19.62,0.1354,7.39,612.0,80.0
28476,144.9,6.90,19.62,0.1354,7.39,612.0,80.0
28483,142.9,7.00,19.62,0.1373,7.28,612.0,80.0
28490,140.8,7.10,19.62,0.1393,7.18,612.0,80.0
28497,144.9,6.90,19.62,0.1354,7.39,612.0,80.0
28504,144.9,6.90,19.62,0.1354,7.39,612.0,80.0
28511,142.9,7.00,19.62,0.1373,7.28,612.0,80.0
28518,144.9,6.90,19.62,0.1353,7.39,612.0,80.0
28525,142.9,7.00,19.62,0.1373,7.29,612.0,80.0
28532,144.9,6.90,19.61,0.1353,7.39,612.0,80.0
28539,144.9,6.90,19.61,0.1353,7.39,612.0,80.0
28545,144.9,6.90,19.61,0.1353,7.39,612.0,80.0
28552,142.9,7.00,19.61,0.1373,7.29,612.0,80.0
28559,144.9,6.90,19.61,0.1353,7.39,612.0,80.0
28566,140.8,7.10,19.61,0.1392,7.18,612.0,80.0
28573,144.9,6.90,19.61,0.1353,7.39,612.0,80.0
28580,144.9,6.90,19.61,0.1353,7.39,612.0,80.0
28587,142.9,7.00,19.61,0.1373,7.29,612.0,80.0
28594,144.9,6.90,19.61,0.1353,7.39,612.0,80.0
28601,144.9,6.90,19.61,0.1353,7.39,612.0,80.0
28608,142.9,7.00,19.61,0.1373,7.29,612.0,80.0
28615,144.9,6.90,19.61,0.1353,7.39,612.0,80.0
28622,142.9,7.00,19.61,0.1373,7.29,612.0,80.0
28629,144.9,6.90,19.61,0.1353,7.39,612.0,80.0
28636,144.9,6.90,19.61,0.1353,7.39,612.0,80.0
28643,142.9,7.00,19.61,0.1372,7.29,612.0,80.0
28650,144.9,6.90,19.61,0.1353,7.39,612.0,80.0
28657,142.9,7.00,19.60,0.1372,7.29,612.0,80.0
28664,142.9,7.00,19.60,0.1372,7.29,612.0,80.0
28670,149.3,6.70,19.60,0.1313,7.62,612.0,80.0
28677,142.9,7.00,19.60,0.1372,7.29,612.0,80.0
28684,142.9,7.00,19.60,0.1372,7.29,612.0,80.0
28691,142.9,7.00,19.60,0.1372,7.29,612.0,80.0
28698,142.9,7.00,19.60,0.1372,7.29,612.0,80.0
28705,147.1,6.80,19.60,0.1333,7.50,612.0,80.0
28712,142.9,7.00,19.60,0.1372,7.29,612.0,80.0
28719,144.9,6.90,19.60,0.1352,7.39,612.0,80.0
28726,142.9,7.00,19.60,0.1372,7.29,612.0,80.0
28733,142.9,7.00,19.60,0.1372,7.29,612.0,80.0
28740,144.9,6.90,19.60,0.1352,7.39,612.0,80.0
28747,142.9,7.00,19.60,0.1372,7.29,612.0,80.0
28754,144.9,6.90,19.60,0.1352,7.39,612.0,80.0
28761,144.9,6.90,19.60,0.1352,7.39,612.0,80.0
28768,142.9,7.00,19.60,0.1372,7.29,612.0,80.0
28775,144.9,6.90,19.60,0.1352,7.39,612.0,80.0
28782,142.9,7.00,19.59,0.1372,7.29,612.0,80.0
28789,144.9,6.90,19.59,0.1352,7.40,612.0,80.0
28796,142.9,7.00,19.59,0.1372,7.29,612.0,80.0
28802,144.9,6.90,19.59,0.1352,7.40,612.0,80.0
28809,142.9,7.00,19.59,0.1371,7.29,612.0,80.0
28816,144.9,6.90,19.59,0.1352,7.40,612.0,80.0
28823,144.9,6.90,19.59,0.1352,7.40,612.0,80.0
28830,142.9,7.00,19.59,0.1371,7.29,612.0,80.0
28837,142.9,7.00,19.59,0.1371,7.29,612.0,80.0
28844,144.9,6.90,19.59,0.1352,7.40,612.0,80.0
28851,142.9,7.00,19.59,0.1371,7.29,612.0,80.0
28858,144.9,6.90,19.59,0.1352,7.40,612.0,80.0
28865,144.9,6.90,19.59,0.1352,7.40,612.0,80.0
28872,142.9,7.00,19.59,0.1371,7.30,612.0,80.0
28879,144.9,6.90,19.59,0.1352,7.40,612.0,80.0
28886,144.9,6.90,19.59,0.1351,7.40,612.0,80.0
28893,140.8,7.10,19.59,0.1391,7.19,612.0,80.0
28899,151.5,6.60,19.59,0.1293,7.74,612.0,80.0
28907,140.8,7.10,19.58,0.1391,7.19,612.0,80.0
28914,142.9,7.00,19.58,0.1371,7.30,612.0,80.0
28920,147.1,6.80,19.58,0.1332,7.51,612.0,80.0
28927,144.9,6.90,19.58,0.1351,7.40,612.0,80.0
28934,142.9,7.00,19.58,0.1371,7.30,612.0,80.0
28941,142.9,7.00,19.58,0.1371,7.30,612.0,80.0
28948,144.9,6.90,19.58,0.1351,7.40,612.0,80.0
28955,142.9,7.00,19.58,0.1371,7.30,612.0,80.0
28962,144.9,6.90,19.58,0.1351,7.40,612.0,80.0
28969,144.9,6.90,19.58,0.1351,7.40,612.0,80.0
28976,142.9,7.00,19.58,0.1371,7.30,612.0,80.0
28983,144.9,6.90,19.58,0.1351,7.40,612.0,80.0
28990,142.9,7.00,19.58,0.1370,7.30,612.0,80.0
28997,144.9,6.90,19.58,0.1351,7.40,612.0,80.0
29004,142.9,7.00,19.58,0.1370,7.30,612.0,80.0
29011,144.9,6.90,19.58,0.1351,7.40,612.0,80.0
29018,144.9,6.90,19.58,0.1351,7.40,612.0,80.0
29025,140.8,7.10,19.58,0.1390,7.19,612.0,80.0
29031,147.1,6.80,19.57,0.1331,7.51,612.0,80.0
29038,144.9,6.90,19.57,0.1351,7.40,612.0,80.0
29045,142.9,7.00,19.57,0.1370,7.30,612.0,80.0
29052,142.9,7.00,19.57,0.1370,7.30,612.0,80.0
29059,147.1,6.80,19.57,0.1331,7.52,612.0,80.0
29066,140.8,7.10,19.57,0.1390,7.19,612.0,80.0
29073,144.9,6.90,19.57,0.1350,7.40,612.0,80.0
29080,144.9,6.90,19.57,0.1350,7.40,612.0,80.0
29087,142.9,7.00,19.57,0.1370,7.30,612.0,80.0
29094,142.9,7.00,19.57,0.1370,7.30,612.0,80.0
29101,140.8,7.10,19.58,0.1390,7.19,612.0,80.0
29108,147.1,6.80,19.58,0.1331,7.51,612.0,80.0
29115,142.9,7.00,19.58,0.1371,7.30,612.0,80.0
29122,144.9,6.90,19.59,0.1352,7.40,612.0,80.0
29129,147.1,6.80,19.59,0.1332,7.51,612.0,80.0
29136,140.8,7.10,19.60,0.1391,7.18,612.0,80.0
29143,142.9,7.00,19.60,0.1372,7.29,612.0,80.1
29150,147.1,6.80,19.61,0.1333,7.50,612.0,80.1
29157,142.9,7.00,19.61,0.1373,7.29,612.0,80.1
29163,144.9,6.90,19.62,0.1353,7.39,612.0,80.1
29170,142.9,7.00,19.62,0.1373,7.28,612.0,80.1
29177,142.9,7.00,19.62,0.1374,7.28,612.0,80.1
29184,144.9,6.90,19.63,0.1354,7.38,612.0,80.1
29191,144.9,6.90,19.63,0.1355,7.38,612.0,80.1
29198,142.9,7.00,19.64,0.1375,7.28,612.0,80.1
29205,144.9,6.90,19.64,0.1355,7.38,612.0,80.1
29212,142.9,7.00,19.65,0.1375,7.27,612.0,80.1
29219,142.9,7.00,19.65,0.1376,7.27,612.0,80.1
29226,147.1,6.80,19.66,0.1337,7.48,612.0,80.1
29233,142.9,7.00,19.66,0.1376,7.27,612.0,80.1
29240,142.9,7.00,19.66,0.1377,7.27,612.0,80.1
29247,144.9,6.90,19.67,0.1357,7.37,612.0,80.2
29254,144.9,6.90,19.67,0.1357,7.37,612.0,80.2
29261,142.9,7.00,19.68,0.1377,7.26,612.0,80.2
29268,142.9,7.00,19.68,0.1378,7.26,612.0,80.2
29275,147.1,6.80,19.69,0.1339,7.47,612.0,80.2
29282,142.9,7.00,19.69,0.1378,7.26,612.0,80.2
29288,144.9,6.90,19.70,0.1359,7.36,612.0,80.2
29295,142.9,7.00,19.70,0.1379,7.25,612.0,80.2
29302,142.9,7.00,19.70,0.1379,7.25,612.0,80.2
29309,147.1,6.80,19.71,0.1340,7.46,612.0,80.2
29316,142.9,7.00,19.71,0.1380,7.25,612.0,80.2
29323,142.9,7.00,19.72,0.1380,7.25,612.0,80.2
29330,142.9,7.00,19.72,0.1381,7.25,612.0,80.2
29337,147.1,6.80,19.73,0.1341,7.46,612.0,80.2
29344,142.9,7.00,19.73,0.1381,7.24,612.0,80.3
29351,142.9,7.00,19.74,0.1382,7.24,612.0,80.3
29358,147.1,6.80,19.74,0.1342,7.45,612.0,80.3
29365,144.9,6.90,19.74,0.1362,7.34,612.0,80.3
29372,142.9,7.00,19.75,0.1382,7.24,612.0,80.3
29379,142.9,7.00,19.75,0.1383,7.23,612.0,80.3
29386,144.9,6.90,19.76,0.1363,7.33,612.0,80.3
29393,144.9,6.90,19.76,0.1364,7.33,612.0,80.3
29400,142.9,7.00,19.77,0.1384,7.23,612.0,80.3
29407,142.9,7.00,19.77,0.1384,7.23,612.0,80.3
29413,147.1,6.80,19.78,0.1345,7.44,612.0,80.3
29420,142.9,7.00,19.78,0.1385,7.22,612.0,80.3
29427,142.9,7.00,19.78,0.1385,7.22,612.0,80.3
29434,144.9,6.90,19.79,0.1365,7.32,612.0,80.3
29441,142.9,7.00,19.79,0.1386,7.22,612.0,80.3
29448,144.9,6.90,19.80,0.1366,7.32,612.0,80.4
29455,142.9,7.00,19.80,0.1386,7.22,612.0,80.4
29462,142.9,7.00,19.81,0.1386,7.21,612.0,80.4
29469,144.9,6.90,19.81,0.1367,7.31,612.0,80.4
29476,147.1,6.80,19.82,0.1347,7.42,612.0,80.4
29483,140.8,7.10,19.82,0.1407,7.10,612.0,80.4
29490,142.9,7.00,19.82,0.1388,7.21,612.0,80.4
29497,142.9,7.00,19.83,0.1388,7.21,612.0,80.4
29504,144.9,6.90,19.83,0.1369,7.31,612.0,80.4
29511,144.9,6.90,19.84,0.1369,7.30,612.0,80.4
29518,142.9,7.00,19.84,0.1389,7.20,612.0,80.4
29525,142.9,7.00,19.85,0.1389,7.20,612.0,80.4
29532,147.1,6.80,19.85,0.1350,7.41,612.0,80.4
29539,142.9,7.00,19.86,0.1390,7.20,612.0,80.4
29546,142.9,7.00,19.86,0.1390,7.20,612.0,80.5
29552,144.9,6.90,19.86,0.1371,7.29,612.0,80.5
29559,142.9,7.00,19.87,0.1391,7.19,612.0,80.5
29566,147.1,6.80,19.87,0.1351,7.40,612.0,80.5
29573,142.9,7.00,19.88,0.1391,7.19,612.0,80.5
29580,147.1,6.80,19.88,0.1352,7.40,612.0,80.5
29587,140.8,7.10,19.89,0.1412,7.08,612.0,80.5
29594,142.9,7.00,19.89,0.1392,7.18,612.0,80.5
29601,144.9,6.90,19.90,0.1373,7.28,612.0,80.5
29608,142.9,7.00,19.90,0.1393,7.18,612.0,80.5
29615,142.9,7.00,19.90,0.1393,7.18,612.0,80.5
29622,144.9,6.90,19.91,0.1374,7.28,612.0,80.5
29629,144.9,6.90,19.91,0.1374,7.28,612.0,80.5
29636,144.9,6.90,19.92,0.1374,7.27,612.0,80.5
29643,142.9,7.00,19.92,0.1395,7.17,612.0,80.6
29650,144.9,6.90,19.93,0.1375,7.27,612.0,80.6
29657,142.9,7.00,19.93,0.1395,7.17,612.0,80.6
29664,142.9,7.00,19.94,0.1396,7.17,612.0,80.6
29671,144.9,6.90,19.94,0.1376,7.27,612.0,80.6
29677,144.9,6.90,19.94,0.1376,7.27,612.0,80.6
29684,142.9,7.00,19.95,0.1396,7.16,612.0,80.6
29691,144.9,6.90,19.95,0.1377,7.26,612.0,80.6
29698,144.9,6.90,19.96,0.1377,7.26,612.0,80.6
29705,144.9,6.90,19.96,0.1377,7.26,612.0,80.6
29712,144.9,6.90,19.97,0.1378,7.26,612.0,80.6
29719,142.9,7.00,19.97,0.1398,7.16,612.0,80.6
29726,142.9,7.00,19.98,0.1398,7.15,612.0,80.6
29733,144.9,6.90,19.98,0.1379,7.25,612.0,80.6
29740,144.9,6.90,19.98,0.1379,7.25,612.0,80.6
29747,142.9,7.00,19.99,0.1399,7.15,612.0,80.7
29754,144.9,6.90,19.99,0.1380,7.25,612.0,80.7
29761,142.9,7.00,20.00,0.1400,7.15,612.0,80.7
29768,144.9,6.90,20.00,0.1380,7.24,612.0,80.7
29775,142.9,7.00,20.01,0.1400,7.14,612.0,80.7
29782,144.9,6.90,20.01,0.1381,7.24,612.0,80.7
29789,142.9,7.00,20.02,0.1401,7.14,612.0,80.7
29795,144.9,6.90,20.02,0.1381,7.24,612.0,80.7
29802,142.9,7.00,20.02,0.1402,7.14,612.0,80.7
29809,144.9,6.90,20.03,0.1382,7.23,612.0,80.7
29816,144.9,6.90,20.03,0.1382,7.23,612.0,80.7
29823,142.9,7.00,20.04,0.1403,7.13,612.0,80.7
29830,144.9,6.90,20.04,0.1383,7.23,612.0,80.7
29837,142.9,7.00,20.05,0.1403,7.13,612.0,80.7
29844,142.9,7.00,20.05,0.1404,7.13,612.0,80.8
29851,144.9,6.90,20.06,0.1384,7.22,612.0,80.8
29858,147.1,6.80,20.06,0.1364,7.33,612.0,80.8
29865,142.9,7.00,20.06,0.1405,7.12,612.0,80.8
29872,142.9,7.00,20.07,0.1405,7.12,612.0,80.8
29879,144.9,6.90,20.07,0.1385,7.22,612.0,80.8
29886,140.8,7.10,20.08,0.1426,7.01,612.0,80.8
29893,144.9,6.90,20.08,0.1386,7.22,612.0,80.8
29900,144.9,6.90,20.09,0.1386,7.21,612.0,80.8
29907,142.9,7.00,20.09,0.1406,7.11,612.0,80.8
29914,142.9,7.00,20.10,0.1407,7.11,612.0,80.8
29921,142.9,7.00,20.10,0.1407,7.11,612.0,80.8
29928,144.9,6.90,20.11,0.1387,7.21,612.0,80.8
29934,149.3,6.70,20.11,0.1347,7.42,612.0,80.8
29941,138.9,7.20,20.11,0.1448,6.91,612.0,80.8
29948,147.1,6.80,20.12,0.1368,7.31,612.0,80.9
29955,144.9,6.90,20.12,0.1388,7.20,612.0,80.9
29962,140.8,7.10,20.13,0.1429,7.00,612.0,80.9
29969,144.9,6.90,20.13,0.1389,7.20,612.0,80.9
29976,144.9,6.90,20.14,0.1389,7.20,612.0,80.9
29983,144.9,6.90,20.14,0.1390,7.19,612.0,80.9
29990,142.9,7.00,20.14,0.1410,7.09,612.0,80.9
29997,144.9,6.90,20.15,0.1390,7.19,612.0,80.9
30004,144.9,6.90,20.15,0.1391,7.19,612.0,80.9
30011,147.1,6.80,20.16,0.1371,7.30,612.0,80.9
30018,142.9,7.00,20.16,0.1411,7.09,612.0,80.9
30025,142.9,7.00,20.17,0.1412,7.09,612.0,80.9
30031,144.9,6.90,20.17,0.1392,7.18,612.0,80.9
30038,144.9,6.90,20.18,0.1392,7.18,612.0,80.9
30045,142.9,7.00,20.18,0.1413,7.08,612.0,81.0
30052,144.9,6.90,20.18,0.1393,7.18,612.0,81.0
30059,142.9,7.00,20.19,0.1413,7.08,612.0,81.0
30066,144.9,6.90,20.19,0.1393,7.18,612.0,81.0
30073,142.9,7.00,20.20,0.1414,7.08,612.0,81.0
30080,142.9,7.00,20.20,0.1414,7.07,612.0,81.0
30087,147.1,6.80,20.21,0.1374,7.28,612.0,81.0
30094,140.8,7.10,20.21,0.1435,6.97,612.0,81.0
30101,142.9,7.00,20.21,0.1415,7.07,612.0,81.0
30108,147.1,6.80,20.22,0.1375,7.28,612.0,81.0
30115,142.9,7.00,20.22,0.1415,7.07,612.0,81.0
30122,142.9,7.00,20.22,0.1416,7.07,612.0,81.0
30129,144.9,6.90,20.22,0.1396,7.16,612.0,81.0
30136,142.9,7.00,20.23,0.1416,7.06,612.0,81.0
30143,144.9,6.90,20.23,0.1396,7.16,612.0,81.0
30150,144.9,6.90,20.23,0.1396,7.16,612.0,81.0
30157,142.9,7.00,20.24,0.1417,7.06,612.0,81.0
30164,142.9,7.00,20.24,0.1417,7.06,612.0,81.0
30170,144.9,6.90,20.24,0.1397,7.16,612.0,81.0
30177,144.9,6.90,20.24,0.1397,7.16,612.0,81.0
30184,142.9,7.00,20.25,0.1417,7.06,612.0,81.0
30191,144.9,6.90,20.25,0.1397,7.16,612.0,81.0
30198,144.9,6.90,20.25,0.1397,7.15,612.0,81.0
30205,142.9,7.00,20.26,0.1418,7.05,612.0,81.0
30212,144.9,6.90,20.26,0.1398,7.15,612.0,81.0
30219,142.9,7.00,20.26,0.1418,7.05,612.0,81.0
30226,144.9,6.90,20.26,0.1398,7.15,612.0,81.0
30233,144.9,6.90,20.27,0.1398,7.15,612.0,81.0
30240,140.8,7.10,20.27,0.1439,6.95,612.0,81.0
30247,144.9,6.90,20.27,0.1399,7.15,612.0,81.0
30254,144.9,6.90,20.27,0.1399,7.15,612.0,81.0
30261,144.9,6.90,20.28,0.1399,7.15,612.0,81.0
30268,142.9,7.00,20.28,0.1420,7.05,612.0,81.0
30275,142.9,7.00,20.28,0.1420,7.05,612.0,81.0
30282,144.9,6.90,20.29,0.1400,7.14,612.0,81.0
30289,142.9,7.00,20.29,0.1420,7.04,612.0,81.0
30295,144.9,6.90,20.29,0.1400,7.14,612.0,81.0
30302,142.9,7.00,20.29,0.1421,7.04,612.0,81.0
30309,142.9,7.00,20.30,0.1421,7.04,612.0,81.0
30316,144.9,6.90,20.30,0.1401,7.14,612.0,81.0
30323,144.9,6.90,20.30,0.1401,7.14,612.0,81.0
30330,142.9,7.00,20.31,0.1421,7.04,612.0,81.0
30337,144.9,6.90,20.31,0.1401,7.14,612.0,81.0
30344,142.9,7.00,20.31,0.1422,7.04,612.0,81.0
30351,144.9,6.90,20.31,0.1402,7.13,612.0,81.0
30358,142.9,7.00,20.32,0.1422,7.03,612.0,81.0
30365,144.9,6.90,20.32,0.1402,7.13,612.0,81.0
30372,144.9,6.90,20.32,0.1402,7.13,612.0,81.0
30379,142.9,7.00,20.32,0.1423,7.03,612.0,81.0
30386,144.9,6.90,20.33,0.1403,7.13,612.0,81.0
30393,144.9,6.90,20.33,0.1403,7.13,612.0,81.0
30400,142.9,7.00,20.33,0.1423,7.03,612.0,81.0
30407,142.9,7.00,20.34,0.1424,7.03,612.0,81.0
30414,144.9,6.90,20.34,0.1403,7.12,612.0,81.0
30420,144.9,6.90,20.34,0.1404,7.12,612.0,81.0
30427,144.9,6.90,20.34,0.1404,7.12,612.0,81.0
30434,144.9,6.90,20.35,0.1404,7.12,612.0,81.0
30441,144.9,6.90,20.35,0.1404,7.12,612.0,81.0
30448,140.8,7.10,20.35,0.1445,6.92,612.0,81.0
30455,144.9,6.90,20.36,0.1405,7.12,612.0,81.0
30462,142.9,7.00,20.36,0.1425,7.02,612.0,81.0
30469,144.9,6.90,20.36,0.1405,7.12,612.0,81.0
30476,144.9,6.90,20.36,0.1405,7.12,612.0,81.0
30483,144.9,6.90,20.37,0.1405,7.11,612.0,81.0
30490,142.9,7.00,20.37,0.1426,7.02,612.0,81.0
30497,142.9,7.00,20.37,0.1426,7.01,612.0,81.0
30504,142.9,7.00,20.37,0.1426,7.01,612.0,81.0
30511,142.9,7.00,20.38,0.1426,7.01,612.0,81.0
30518,144.9,6.90,20.38,0.1406,7.11,612.0,81.0
30525,144.9,6.90,20.38,0.1406,7.11,612.0,81.0
30532,142.9,7.00,20.39,0.1427,7.01,612.0,81.0
30539,144.9,6.90,20.39,0.1407,7.11,612.0,81.0
30545,144.9,6.90,20.39,0.1407,7.11,612.0,81.0
30552,144.9,6.90,20.39,0.1407,7.11,612.0,81.0
30559,144.9,6.90,20.40,0.1407,7.10,612.0,81.0
30566,142.9,7.00,20.40,0.1428,7.01,612.0,81.0
30573,144.9,6.90,20.40,0.1408,7.10,612.0,81.0
30580,142.9,7.00,20.41,0.1428,7.00,612.0,81.0
30587,144.9,6.90,20.41,0.1408,7.10,612.0,81.0
30594,142.9,7.00,20.41,0.1429,7.00,612.0,81.0
30601,144.9,6.90,20.41,0.1409,7.10,612.0,81.0
30608,144.9,6.90,20.42,0.1409,7.10,612.0,81.0
30615,142.9,7.00,20.42,0.1429,7.00,612.0,81.0
30622,142.9,7.00,20.42,0.1430,7.00,612.0,81.0
30629,144.9,6.90,20.42,0.1409,7.09,612.0,81.0
30636,144.9,6.90,20.43,0.1410,7.09,612.0,81.0
30643,142.9,7.00,20.43,0.1430,6.99,612.0,81.0
30650,144.9,6.90,20.43,0.1410,7.09,612.0,81.0
30657,142.9,7.00,20.44,0.1431,6.99,612.0,81.0
30664,142.9,7.00,20.44,0.1431,6.99,612.0,81.0
30670,147.1,6.80,20.44,0.1390,7.20,612.0,81.0
30677,142.9,7.00,20.44,0.1431,6.99,612.0,81.0
30684,142.9,7.00,20.45,0.1431,6.99,612.0,81.0
30691,144.9,6.90,20.45,0.1411,7.09,612.0,81.0
30698,142.9,7.00,20.45,0.1432,6.99,612.0,81.0
30705,144.9,6.90,20.46,0.1411,7.08,612.0,81.0
30712,144.9,6.90,20.46,0.1412,7.08,612.0,81.0
30719,144.9,6.90,20.46,0.1412,7.08,612.0,81.0
30726,142.9,7.00,20.46,0.1432,6.98,612.0,81.0
30733,142.9,7.00,20.47,0.1433,6.98,612.0,81.0
30740,144.9,6.90,20.47,0.1412,7.08,612.0,81.0
30747,142.9,7.00,20.47,0.1433,6.98,612.0,81.0
30754,144.9,6.90,20.47,0.1413,7.08,612.0,81.0
30761,142.9,7.00,20.48,0.1433,6.98,612.0,81.0
30768,144.9,6.90,20.48,0.1413,7.08,612.0,81.0
30775,144.9,6.90,20.48,0.1413,7.07,612.0,81.0
30781,144.9,6.90,20.49,0.1414,7.07,612.0,81.0
30789,140.8,7.10,20.49,0.1455,6.87,612.0,81.0
30795,144.9,6.90,20.49,0.1414,7.07,612.0,81.0
30802,144.9,6.90,20.49,0.1414,7.07,612.0,81.0
30809,142.9,7.00,20.50,0.1435,6.97,612.0,81.0
30816,144.9,6.90,20.50,0.1414,7.07,612.0,81.0
30823,142.9,7.00,20.50,0.1435,6.97,612.0,81.0
30830,144.9,6.90,20.51,0.1415,7.07,612.0,81.0
30837,144.9,6.90,20.51,0.1415,7.07,612.0,81.0
30844,142.9,7.00,20.51,0.1436,6.97,612.0,81.0
30851,142.9,7.00,20.51,0.1436,6.97,612.0,81.0
30858,144.9,6.90,20.52,0.1416,7.06,612.0,81.0
30865,144.9,6.90,20.52,0.1416,7.06,612.0,81.0
30872,144.9,6.90,20.52,0.1416,7.06,612.0,81.0
30879,142.9,7.00,20.52,0.1437,6.96,612.0,81.0
30886,142.9,7.00,20.53,0.1437,6.96,612.0,81.0
30893,144.9,6.90,20.53,0.1417,7.06,612.0,81.0
30900,144.9,6.90,20.53,0.1417,7.06,612.0,81.0
30907,142.9,7.00,20.54,0.1438,6.96,612.0,81.0
30913,144.9,6.90,20.54,0.1417,7.06,612.0,81.0
30920,142.9,7.00,20.54,0.1438,6.96,612.0,81.0
30927,142.9,7.00,20.54,0.1438,6.96,612.0,81.0
30934,147.1,6.80,20.55,0.1397,7.16,612.0,81.0
30941,142.9,7.00,20.55,0.1438,6.95,612.0,81.0
30948,142.9,7.00,20.55,0.1439,6.95,612.0,81.0
30955,144.9,6.90,20.56,0.1418,7.05,612.0,81.0
30962,144.9,6.90,20.56,0.1419,7.05,612.0,81.0
30969,144.9,6.90,20.56,0.1419,7.05,612.0,81.0
30976,144.9,6.90,20.56,0.1419,7.05,612.0,81.0
30983,140.8,7.10,20.57,0.1460,6.85,612.0,81.0
30990,144.9,6.90,20.57,0.1419,7.04,612.0,81.0
30997,144.9,6.90,20.57,0.1419,7.04,612.0,81.0
31004,144.9,6.90,20.57,0.1420,7.04,612.0,81.0
31011,144.9,6.90,20.58,0.1420,7.04,612.0,81.0
31018,140.8,7.10,20.58,0.1461,6.84,612.0,81.0
31025,144.9,6.90,20.58,0.1420,7.04,612.0,81.0
31031,144.9,6.90,20.59,0.1420,7.04,612.0,81.0
31038,144.9,6.90,20.59,0.1421,7.04,612.0,81.0
31045,144.9,6.90,20.59,0.1421,7.04,612.0,81.0
31052,142.9,7.00,20.59,0.1442,6.94,612.0,81.0
31059,144.9,6.90,20.60,0.1421,7.04,612.0,81.0
31066,142.9,7.00,20.60,0.1442,6.94,612.0,81.0
31073,144.9,6.90,20.60,0.1422,7.03,612.0,81.0
31080,140.8,7.10,20.61,0.1463,6.83,612.0,81.0
31087,144.9,6.90,20.61,0.1422,7.03,612.0,81.0
31094,144.9,6.90,20.61,0.1422,7.03,612.0,81.0
31101,144.9,6.90,20.60,0.1422,7.03,612.0,81.0
31108,142.9,7.00,20.60,0.1442,6.94,612.0,81.0
31115,144.9,6.90,20.59,0.1421,7.04,612.0,81.0
31122,142.9,7.00,20.59,0.1441,6.94,612.0,81.0
31129,144.9,6.90,20.58,0.1420,7.04,612.0,81.0
31136,142.9,7.00,20.58,0.1440,6.94,612.0,81.0
31143,144.9,6.90,20.57,0.1420,7.04,612.0,80.9
31150,140.8,7.10,20.57,0.1460,6.85,612.0,80.9
31157,144.9,6.90,20.56,0.1419,7.05,612.0,80.9
31164,142.9,7.00,20.56,0.1439,6.95,612.0,80.9
31170,144.9,6.90,20.55,0.1418,7.05,612.0,80.9
31177,147.1,6.80,20.55,0.1397,7.16,612.0,80.9
31184,140.8,7.10,20.54,0.1459,6.85,612.0,80.9
31191,142.9,7.00,20.54,0.1438,6.96,612.0,80.9
31198,147.1,6.80,20.53,0.1396,7.16,612.0,80.9
31205,140.8,7.10,20.53,0.1457,6.86,612.0,80.9
31212,147.1,6.80,20.52,0.1396,7.17,612.0,80.9
31219,142.9,7.00,20.52,0.1436,6.96,612.0,80.9
31226,142.9,7.00,20.51,0.1436,6.97,612.0,80.9
31233,144.9,6.90,20.51,0.1415,7.07,612.0,80.9
31240,144.9,6.90,20.50,0.1415,7.07,612.0,80.9
31247,140.8,7.10,20.50,0.1455,6.87,612.0,80.8
31254,147.1,6.80,20.49,0.1393,7.18,612.0,80.8
31261,144.9,6.90,20.49,0.1414,7.07,612.0,80.8
31268,142.9,7.00,20.48,0.1434,6.98,612.0,80.8
31275,142.9,7.00,20.48,0.1433,6.98,612.0,80.8
31282,144.9,6.90,20.47,0.1413,7.08,612.0,80.8
31288,144.9,6.90,20.47,0.1412,7.08,612.0,80.8
31295,142.9,7.00,20.46,0.1432,6.98,612.0,80.8
31302,144.9,6.90,20.46,0.1412,7.08,612.0,80.8
31309,140.8,7.10,20.45,0.1452,6.88,612.0,80.8
31316,147.1,6.80,20.45,0.1390,7.19,612.0,80.8
31323,144.9,6.90,20.44,0.1410,7.09,612.0,80.8
31330,142.9,7.00,20.44,0.1431,6.99,612.0,80.8
31337,142.9,7.00,20.43,0.1430,6.99,612.0,80.8
31344,142.9,7.00,20.43,0.1430,7.00,612.0,80.7
31351,144.9,6.90,20.42,0.1409,7.10,612.0,80.7
31358,142.9,7.00,20.42,0.1429,7.00,612.0,80.7
31365,144.9,6.90,20.41,0.1408,7.10,612.0,80.7
31372,144.9,6.90,20.41,0.1408,7.10,612.0,80.7
31379,144.9,6.90,20.40,0.1408,7.10,612.0,80.7
31386,144.9,6.90,20.40,0.1407,7.10,612.0,80.7
31393,142.9,7.00,20.39,0.1427,7.01,612.0,80.7
31400,144.9,6.90,20.39,0.1407,7.11,612.0,80.7
31407,142.9,7.00,20.38,0.1427,7.01,612.0,80.7
31414,142.9,7.00,20.37,0.1426,7.01,612.0,80.7
31420,147.1,6.80,20.37,0.1385,7.22,612.0,80.7
31427,142.9,7.00,20.37,0.1426,7.02,612.0,80.7
31434,144.9,6.90,20.36,0.1405,7.12,612.0,80.7
31441,144.9,6.90,20.36,0.1405,7.12,612.0,80.7
31448,142.9,7.00,20.35,0.1425,7.02,612.0,80.6
31455,142.9,7.00,20.35,0.1424,7.02,612.0,80.6
31462,142.9,7.00,20.34,0.1424,7.03,612.0,80.6
31469,144.9,6.90,20.33,0.1403,7.13,612.0,80.6
31476,144.9,6.90,20.33,0.1403,7.13,612.0,80.6
31483,142.9,7.00,20.32,0.1423,7.03,612.0,80.6
31490,142.9,7.00,20.32,0.1422,7.03,612.0,80.6
31497,144.9,6.90,20.31,0.1402,7.13,612.0,80.6
31504,142.9,7.00,20.31,0.1422,7.04,612.0,80.6
31511,144.9,6.90,20.30,0.1401,7.14,612.0,80.6
31518,142.9,7.00,20.30,0.1421,7.04,612.0,80.6
31525,147.1,6.80,20.29,0.1380,7.25,612.0,80.6
31532,142.9,7.00,20.29,0.1420,7.04,612.0,80.6
31538,144.9,6.90,20.28,0.1400,7.14,612.0,80.6
31545,144.9,6.90,20.28,0.1399,7.15,612.0,80.5
31552,144.9,6.90,20.27,0.1399,7.15,612.0,80.5
31559,142.9,7.00,20.27,0.1419,7.05,612.0,80.5
31566,144.9,6.90,20.26,0.1398,7.15,612.0,80.5
31573,144.9,6.90,20.26,0.1398,7.15,612.0,80.5
31580,142.9,7.00,20.25,0.1418,7.06,612.0,80.5
31587,142.9,7.00,20.25,0.1417,7.06,612.0,80.5
31594,142.9,7.00,20.24,0.1417,7.06,612.0,80.5
31601,144.9,6.90,20.24,0.1396,7.16,612.0,80.5
31608,142.9,7.00,20.23,0.1416,7.06,612.0,80.5
31615,144.9,6.90,20.23,0.1396,7.16,612.0,80.5
31622,142.9,7.00,20.22,0.1416,7.07,612.0,80.5
31629,144.9,6.90,20.22,0.1395,7.17,612.0,80.5
31636,142.9,7.00,20.21,0.1415,7.07,612.0,80.5
31643,144.9,6.90,20.21,0.1394,7.17,612.0,80.4
31650,142.9,7.00,20.20,0.1414,7.07,612.0,80.4
31657,144.9,6.90,20.20,0.1394,7.17,612.0,80.4
31663,144.9,6.90,20.19,0.1393,7.18,612.0,80.4
31670,142.9,7.00,20.19,0.1413,7.08,612.0,80.4
31677,144.9,6.90,20.18,0.1393,7.18,612.0,80.4
31684,142.9,7.00,20.18,0.1412,7.08,612.0,80.4
31691,142.9,7.00,20.17,0.1412,7.08,612.0,80.4
31698,144.9,6.90,20.17,0.1392,7.18,612.0,80.4
31705,144.9,6.90,20.16,0.1391,7.19,612.0,80.4
31712,142.9,7.00,20.16,0.1411,7.09,612.0,80.4
31719,142.9,7.00,20.15,0.1411,7.09,612.0,80.4
31726,144.9,6.90,20.15,0.1390,7.19,612.0,80.4
31733,144.9,6.90,20.14,0.1390,7.19,612.0,80.4
31740,144.9,6.90,20.14,0.1389,7.20,612.0,80.4
31747,142.9,7.00,20.13,0.1409,7.10,612.0,80.3
31754,142.9,7.00,20.13,0.1409,7.10,612.0,80.3
31761,144.9,6.90,20.12,0.1388,7.20,612.0,80.3
31768,144.9,6.90,20.12,0.1388,7.20,612.0,80.3
31775,142.9,7.00,20.11,0.1408,7.11,612.0,80.3
31782,144.9,6.90,20.11,0.1387,7.21,612.0,80.3
31789,142.9,7.00,20.10,0.1407,7.11,612.0,80.3
31795,144.9,6.90,20.10,0.1387,7.21,612.0,80.3
31802,142.9,7.00,20.09,0.1406,7.11,612.0,80.3
31809,144.9,6.90,20.09,0.1386,7.21,612.0,80.3
31816,142.9,7.00,20.08,0.1406,7.12,612.0,80.3
31823,144.9,6.90,20.08,0.1385,7.22,612.0,80.3
31830,144.9,6.90,20.07,0.1385,7.22,612.0,80.3
31837,144.9,6.90,20.07,0.1385,7.22,612.0,80.3
31844,142.9,7.00,20.06,0.1404,7.12,612.0,80.2
31851,144.9,6.90,20.06,0.1384,7.22,612.0,80.2
31858,142.9,7.00,20.05,0.1404,7.13,612.0,80.2
31865,144.9,6.90,20.05,0.1383,7.23,612.0,80.2
31872,140.8,7.10,20.04,0.1423,7.03,612.0,80.2
31879,147.1,6.80,20.04,0.1362,7.34,612.0,80.2
31886,144.9,6.90,20.03,0.1382,7.23,612.0,80.2
31893,140.8,7.10,20.03,0.1422,7.03,612.0,80.2
31900,144.9,6.90,20.02,0.1381,7.24,612.0,80.2
31907,144.9,6.90,20.02,0.1381,7.24,612.0,80.2
31914,142.9,7.00,20.01,0.1401,7.14,612.0,80.2
31920,144.9,6.90,20.01,0.1380,7.24,612.0,80.2
31927,144.9,6.90,20.00,0.1380,7.24,612.0,80.2
31934,144.9,6.90,20.00,0.1380,7.25,612.0,80.2
31941,142.9,7.00,19.99,0.1399,7.15,612.0,80.2
31948,144.9,6.90,19.99,0.1379,7.25,612.0,80.1
31955,142.9,7.00,19.98,0.1399,7.15,612.0,80.1
31962,142.9,7.00,19.97,0.1398,7.15,612.0,80.1
31969,147.1,6.80,19.97,0.1358,7.37,612.0,80.1
31976,142.9,7.00,19.96,0.1398,7.16,612.0,80.1
31983,142.9,7.00,19.96,0.1397,7.16,612.0,80.1
31990,144.9,6.90,19.95,0.1377,7.26,612.0,80.1
31997,144.9,6.90,19.95,0.1377,7.26,612.0,80.1
32004,147.1,6.80,19.94,0.1356,7.38,612.0,80.1
32011,142.9,7.00,19.94,0.1396,7.17,612.0,80.1
32017,144.9,6.90,19.93,0.1375,7.27,612.0,80.1
32024,142.9,7.00,19.93,0.1395,7.17,612.0,80.1
32031,144.9,6.90,19.92,0.1375,7.27,612.0,80.1
32038,140.8,7.10,19.92,0.1414,7.07,612.0,80.1
32045,144.9,6.90,19.91,0.1374,7.28,612.0,80.0
32052,142.9,7.00,19.91,0.1394,7.18,612.0,80.0
32059,142.9,7.00,19.90,0.1393,7.18,612.0,80.0
32066,142.9,7.00,19.90,0.1393,7.18,612.0,80.0
32073,147.1,6.80,19.89,0.1353,7.39,612.0,80.0
32080,142.9,7.00,19.89,0.1392,7.18,612.0,80.0
32087,144.9,6.90,19.88,0.1372,7.29,612.0,80.0
32094,142.9,7.00,19.88,0.1392,7.19,612.0,80.0
32101,144.9,6.90,19.88,0.1371,7.29,612.0,80.0
32108,142.9,7.00,19.87,0.1391,7.19,612.0,80.0
32115,144.9,6.90,19.87,0.1371,7.29,612.0,80.0
32122,142.9,7.00,19.86,0.1391,7.19,612.0,80.0
32129,142.9,7.00,19.86,0.1390,7.19,612.0,80.0
32136,144.9,6.90,19.86,0.1370,7.30,612.0,80.0
32143,144.9,6.90,19.85,0.1370,7.30,612.0,80.0
32150,142.9,7.00,19.85,0.1390,7.20,612.0,80.0
32157,142.9,7.00,19.85,0.1389,7.20,612.0,80.0
32164,144.9,6.90,19.84,0.1369,7.30,612.0,80.0
32170,144.9,6.90,19.84,0.1369,7.30,612.0,80.0
32177,142.9,7.00,19.84,0.1389,7.20,612.0,80.0
32184,144.9,6.90,19.83,0.1368,7.31,612.0,80.0
32191,144.9,6.90,19.83,0.1368,7.31,612.0,80.0
32198,142.9,7.00,19.83,0.1388,7.21,612.0,80.0
32205,142.9,7.00,19.82,0.1388,7.21,612.0,80.0
32212,147.1,6.80,19.82,0.1348,7.42,612.0,80.0
32219,142.9,7.00,19.82,0.1387,7.21,612.0,80.0
32226,142.9,7.00,19.81,0.1387,7.21,612.0,80.0
32233,144.9,6.90,19.81,0.1367,7.32,612.0,80.0
32240,142.9,7.00,19.80,0.1386,7.22,612.0,80.0
32247,144.9,6.90,19.80,0.1366,7.32,612.0,80.0
32254,144.9,6.90,19.80,0.1366,7.32,612.0,80.0
32261,142.9,7.00,19.79,0.1386,7.22,612.0,80.0
32268,144.9,6.90,19.79,0.1366,7.32,612.0,80.0
32275,142.9,7.00,19.79,0.1385,7.22,612.0,80.0
32282,144.9,6.90,19.78,0.1365,7.32,612.0,80.0
32288,144.9,6.90,19.78,0.1365,7.33,612.0,80.0
32295,142.9,7.00,19.78,0.1384,7.23,612.0,80.0
32302,142.9,7.00,19.77,0.1384,7.23,612.0,80.0
32309,144.9,6.90,19.77,0.1364,7.33,612.0,80.0
32316,144.9,6.90,19.77,0.1364,7.33,612.0,80.0
32323,144.9,6.90,19.76,0.1364,7.33,612.0,80.0
32330,142.9,7.00,19.76,0.1383,7.23,612.0,80.0
32337,142.9,7.00,19.76,0.1383,7.23,612.0,80.0
32344,144.9,6.90,19.75,0.1363,7.34,612.0,80.0
32351,142.9,7.00,19.75,0.1382,7.24,612.0,80.0
32358,144.9,6.90,19.74,0.1362,7.34,612.0,80.0
32365,144.9,6.90,19.74,0.1362,7.34,612.0,80.0
32372,144.9,6.90,19.74,0.1362,7.34,612.0,80.0
32379,138.9,7.20,19.73,0.1421,7.04,612.0,80.0
32386,149.3,6.70,19.73,0.1322,7.57,612.0,80.0
32393,142.9,7.00,19.73,0.1381,7.24,612.0,80.0
32400,142.9,7.00,19.72,0.1381,7.25,612.0,80.0
32407,144.9,6.90,19.72,0.1361,7.35,612.0,80.0
32414,142.9,7.00,19.72,0.1380,7.25,612.0,80.0
32420,144.9,6.90,19.71,0.1360,7.35,612.0,80.0
32427,142.9,7.00,19.71,0.1380,7.25,612.0,80.0
32434,144.9,6.90,19.71,0.1360,7.35,612.0,80.0
32441,144.9,6.90,19.70,0.1359,7.35,612.0,80.0
32448,144.9,6.90,19.70,0.1359,7.36,612.0,80.0
32455,142.9,7.00,19.69,0.1379,7.26,612.0,80.0
32462,144.9,6.90,19.69,0.1359,7.36,612.0,80.0
32469,144.9,6.90,19.69,0.1358,7.36,612.0,80.0
32476,144.9,6.90,19.68,0.1358,7.36,612.0,80.0
32483,142.9,7.00,19.68,0.1378,7.26,612.0,80.0
32490,142.9,7.00,19.68,0.1377,7.26,612.0,80.0
32497,144.9,6.90,19.67,0.1357,7.37,612.0,80.0
32504,142.9,7.00,19.67,0.1377,7.26,612.0,80.0
32511,147.1,6.80,19.67,0.1337,7.48,612.0,80.0
32518,142.9,7.00,19.66,0.1376,7.27,612.0,80.0
32525,142.9,7.00,19.66,0.1376,7.27,612.0,80.0
32531,144.9,6.90,19.66,0.1356,7.37,612.0,80.0
32538,142.9,7.00,19.65,0.1376,7.27,612.0,80.0
32545,144.9,6.90,19.65,0.1356,7.37,612.0,80.0
32552,142.9,7.00,19.65,0.1375,7.27,612.0,80.0
32559,144.9,6.90,19.64,0.1355,7.38,612.0,80.0
32566,142.9,7.00,19.64,0.1375,7.28,612.0,80.0
32573,144.9,6.90,19.63,0.1355,7.38,612.0,80.0
32580,142.9,7.00,19.63,0.1374,7.28,612.0,80.0
32587,144.9,6.90,19.63,0.1354,7.38,612.0,80.0
32594,142.9,7.00,19.62,0.1374,7.28,612.0,80.0
32601,144.9,6.90,19.62,0.1354,7.39,612.0,80.0
32608,142.9,7.00,19.62,0.1373,7.28,612.0,80.0
32615,144.9,6.90,19.61,0.1353,7.39,612.0,80.0
32622,142.9,7.00,19.61,0.1373,7.29,612.0,80.0
32629,144.9,6.90,19.61,0.1353,7.39,612.0,80.0
32636,144.9,6.90,19.60,0.1353,7.39,612.0,80.0
32643,140.8,7.10,19.60,0.1392,7.18,612.0,80.0
32650,144.9,6.90,19.60,0.1352,7.39,612.0,80.0
32657,144.9,6.90,19.59,0.1352,7.40,612.0,80.0
32663,144.9,6.90,19.59,0.1352,7.40,612.0,80.0
32670,142.9,7.00,19.59,0.1371,7.30,612.0,80.0
32677,142.9,7.00,19.58,0.1371,7.30,612.0,80.0
32684,142.9,7.00,19.58,0.1370,7.30,612.0,80.0
32691,147.1,6.80,19.57,0.1331,7.51,612.0,80.0
32698,142.9,7.00,19.57,0.1370,7.30,612.0,80.0
32705,144.9,6.90,19.57,0.1350,7.41,612.0,80.0
32712,144.9,6.90,19.56,0.1350,7.41,612.0,80.0
32719,140.8,7.10,19.56,0.1389,7.20,612.0,80.0
32726,144.9,6.90,19.56,0.1349,7.41,612.0,80.0
32733,147.1,6.80,19.55,0.1330,7.52,612.0,80.0
32740,142.9,7.00,19.55,0.1368,7.31,612.0,80.0
32747,144.9,6.90,19.55,0.1349,7.41,612.0,80.0
32754,142.9,7.00,19.54,0.1368,7.31,612.0,80.0
32761,142.9,7.00,19.54,0.1368,7.31,612.0,80.0
32768,142.9,7.00,19.54,0.1367,7.31,612.0,80.0
32775,144.9,6.90,19.53,0.1348,7.42,612.0,80.0
32782,144.9,6.90,19.53,0.1347,7.42,612.0,80.0
32788,144.9,6.90,19.53,0.1347,7.42,612.0,80.0
32795,144.9,6.90,19.52,0.1347,7.42,612.0,80.0
32802,140.8,7.10,19.52,0.1386,7.21,612.0,80.0
32809,147.1,6.80,19.51,0.1327,7.54,612.0,80.0
32816,140.8,7.10,19.51,0.1385,7.22,612.0,80.0
32823,147.1,6.80,19.51,0.1326,7.54,612.0,80.0
32830,142.9,7.00,19.50,0.1365,7.33,612.0,80.0
32837,142.9,7.00,19.50,0.1365,7.33,612.0,80.0
32844,142.9,7.00,19.50,0.1365,7.33,612.0,80.0
32851,144.9,6.90,19.49,0.1345,7.43,612.0,80.0
32858,144.9,6.90,19.49,0.1345,7.43,612.0,80.0
32865,144.9,6.90,19.49,0.1345,7.44,612.0,80.0
32872,144.9,6.90,19.48,0.1344,7.44,612.0,80.0
32879,142.9,7.00,19.48,0.1364,7.34,612.0,80.0
32886,142.9,7.00,19.48,0.1363,7.34,612.0,80.0
32893,144.9,6.90,19.47,0.1344,7.44,612.0,80.0
32900,142.9,7.00,19.47,0.1363,7.34,612.0,80.0
32907,144.9,6.90,19.46,0.1343,7.44,612.0,80.0
32913,144.9,6.90,19.46,0.1343,7.45,612.0,80.0
32920,142.9,7.00,19.46,0.1362,7.34,612.0,80.0
32927,144.9,6.90,19.45,0.1342,7.45,612.0,80.0
32934,142.9,7.00,19.45,0.1362,7.35,612.0,80.0
32941,144.9,6.90,19.45,0.1342,7.45,612.0,80.0
32948,142.9,7.00,19.44,0.1361,7.35,612.0,80.0
32955,144.9,6.90,19.44,0.1341,7.45,612.0,80.0
32962,142.9,7.00,19.44,0.1361,7.35,612.0,80.0
32969,144.9,6.90,19.43,0.1341,7.46,612.0,80.0
32976,144.9,6.90,19.43,0.1341,7.46,612.0,80.0
32983,142.9,7.00,19.43,0.1360,7.36,612.0,80.0
32990,144.9,6.90,19.42,0.1340,7.46,612.0,80.0
32997,142.9,7.00,19.42,0.1359,7.36,612.0,80.0
33004,142.9,7.00,19.41,0.1359,7.36,612.0,80.0
33011,149.3,6.70,19.41,0.1301,7.69,612.0,80.0
33018,142.9,7.00,19.41,0.1359,7.36,612.0,80.0
33024,144.9,6.90,19.40,0.1339,7.47,612.0,80.0
33031,142.9,7.00,19.40,0.1358,7.37,612.0,80.0
33038,144.9,6.90,19.40,0.1338,7.47,612.0,80.0
33045,144.9,6.90,19.39,0.1338,7.47,612.0,80.0
33052,142.9,7.00,19.39,0.1357,7.37,612.0,80.0
33059,142.9,7.00,19.39,0.1357,7.37,612.0,80.0
33066,147.1,6.80,19.38,0.1318,7.59,612.0,80.0
33073,142.9,7.00,19.38,0.1357,7.37,612.0,80.0
33080,142.9,7.00,19.38,0.1356,7.38,612.0,80.0
33087,144.9,6.90,19.37,0.1337,7.48,612.0,80.0
33094,144.9,6.90,19.37,0.1337,7.48,612.0,80.0
33101,140.8,7.10,19.37,0.1375,7.27,612.0,80.0
33108,147.1,6.80,19.37,0.1317,7.59,612.0,80.0
33115,144.9,6.90,19.37,0.1337,7.48,612.0,80.0
33122,140.8,7.10,19.37,0.1375,7.27,612.0,80.0
33129,147.1,6.80,19.37,0.1317,7.59,612.0,80.0
33136,142.9,7.00,19.37,0.1356,7.38,612.0,80.0
33142,144.9,6.90,19.37,0.1337,7.48,612.0,80.0
33149,142.9,7.00,19.38,0.1356,7.38,612.0,80.0
33156,142.9,7.00,19.38,0.1356,7.37,612.0,80.0
33163,147.1,6.80,19.38,0.1318,7.59,612.0,80.0
33170,142.9,7.00,19.38,0.1356,7.37,612.0,80.0
33177,142.9,7.00,19.38,0.1356,7.37,612.0,80.0
33184,142.9,7.00,19.38,0.1357,7.37,612.0,80.0
33191,144.9,6.90,19.38,0.1337,7.48,612.0,80.0
33198,144.9,6.90,19.38,0.1337,7.48,612.0,80.0
33205,144.9,6.90,19.38,0.1337,7.48,612.0,80.0
33212,142.9,7.00,19.38,0.1357,7.37,612.0,80.0
33219,142.9,7.00,19.38,0.1357,7.37,612.0,80.0
33226,144.9,6.90,19.38,0.1337,7.48,612.0,80.0
33233,144.9,6.90,19.38,0.1338,7.48,612.0,80.0
33240,142.9,7.00,19.38,0.1357,7.37,612.0,80.0
33247,144.9,6.90,19.39,0.1338,7.47,612.0,80.0
33254,144.9,6.90,19.39,0.1338,7.47,612.0,80.0
33261,142.9,7.00,19.39,0.1357,7.37,612.0,80.0
33267,144.9,6.90,19.39,0.1338,7.47,612.0,80.0
33274,142.9,7.00,19.39,0.1357,7.37,612.0,80.0
33281,142.9,7.00,19.39,0.1357,7.37,612.0,80.0
33288,142.9,7.00,19.39,0.1357,7.37,612.0,80.0
33295,144.9,6.90,19.39,0.1338,7.47,612.0,80.0
33302,144.9,6.90,19.39,0.1338,7.47,612.0,80.0
33309,144.9,6.90,19.39,0.1338,7.47,612.0,80.0
33316,142.9,7.00,19.39,0.1357,7.37,612.0,80.0
33323,144.9,6.90,19.39,0.1338,7.47,612.0,80.0
33330,142.9,7.00,19.39,0.1358,7.37,612.0,80.0
33337,144.9,6.90,19.39,0.1338,7.47,612.0,80.0
33344,142.9,7.00,19.40,0.1358,7.37,612.0,80.0
33351,144.9,6.90,19.40,0.1338,7.47,612.0,80.0
33358,144.9,6.90,19.40,0.1338,7.47,612.0,80.0
33365,142.9,7.00,19.40,0.1358,7.37,612.0,80.0
33372,144.9,6.90,19.40,0.1338,7.47,612.0,80.0
33379,144.9,6.90,19.40,0.1339,7.47,612.0,80.0
33386,142.9,7.00,19.40,0.1358,7.37,612.0,80.0
33392,144.9,6.90,19.40,0.1339,7.47,612.0,80.0
33399,142.9,7.00,19.40,0.1358,7.37,612.0,80.0
33406,142.9,7.00,19.40,0.1358,7.37,612.0,80.0
33413,144.9,6.90,19.40,0.1339,7.47,612.0,80.0
33420,142.9,7.00,19.40,0.1358,7.36,612.0,80.0
33427,142.9,7.00,19.40,0.1358,7.36,612.0,80.0
33434,142.9,7.00,19.40,0.1358,7.36,612.0,80.0
33441,144.9,6.90,19.40,0.1339,7.47,612.0,80.0
33448,142.9,7.00,19.41,0.1358,7.36,612.0,80.0
33455,147.1,6.80,19.41,0.1320,7.58,612.0,80.0
33462,144.9,6.90,19.41,0.1339,7.47,612.0,80.0
33469,142.9,7.00,19.41,0.1359,7.36,612.0,80.0
33476,144.9,6.90,19.41,0.1339,7.47,612.0,80.0
33483,144.9,6.90,19.41,0.1339,7.47,612.0,80.0
33490,142.9,7.00,19.41,0.1359,7.36,612.0,80.0
33497,142.9,7.00,19.41,0.1359,7.36,612.0,80.0
33504,144.9,6.90,19.41,0.1339,7.46,612.0,80.0
33511,140.8,7.10,19.41,0.1378,7.25,612.0,80.0
33518,144.9,6.90,19.41,0.1339,7.46,612.0,80.0
33525,142.9,7.00,19.41,0.1359,7.36,612.0,80.0
33532,144.9,6.90,19.41,0.1340,7.46,612.0,80.0
33538,144.9,6.90,19.41,0.1340,7.46,612.0,80.0
33545,142.9,7.00,19.42,0.1359,7.36,612.0,80.0
33552,144.9,6.90,19.42,0.1340,7.46,612.0,80.0
33559,144.9,6.90,19.42,0.1340,7.46,612.0,80.0
33566,140.8,7.10,19.42,0.1379,7.25,612.0,80.0
33573,144.9,6.90,19.42,0.1340,7.46,612.0,80.0
33580,144.9,6.90,19.42,0.1340,7.46,612.0,80.0
33587,142.9,7.00,19.42,0.1359,7.36,612.0,80.0
33594,144.9,6.90,19.42,0.1340,7.46,612.0,80.0
33601,144.9,6.90,19.42,0.1340,7.46,612.0,80.0
33608,142.9,7.00,19.42,0.1360,7.36,612.0,80.0
33615,144.9,6.90,19.42,0.1340,7.46,612.0,80.0
33622,144.9,6.90,19.42,0.1340,7.46,612.0,80.0
33629,142.9,7.00,19.42,0.1360,7.36,612.0,80.0
33636,144.9,6.90,19.42,0.1340,7.46,612.0,80.0
33643,144.9,6.90,19.43,0.1340,7.46,612.0,80.0
33650,142.9,7.00,19.43,0.1360,7.36,612.0,80.0
33656,144.9,6.90,19.43,0.1340,7.46,612.0,80.0
33664,140.8,7.10,19.43,0.1379,7.25,612.0,80.0
33670,144.9,6.90,19.43,0.1341,7.46,612.0,80.0
33677,144.9,6.90,19.43,0.1341,7.46,612.0,80.0
33684,142.9,7.00,19.43,0.1360,7.35,612.0,80.0
33691,144.9,6.90,19.43,0.1341,7.46,612.0,80.0
33698,147.1,6.80,19.43,0.1321,7.57,612.0,80.0
33705,144.9,6.90,19.43,0.1341,7.46,612.0,80.0
33712,142.9,7.00,19.43,0.1360,7.35,612.0,80.0
33719,144.9,6.90,19.43,0.1341,7.46,612.0,80.0
33726,142.9,7.00,19.43,0.1360,7.35,612.0,80.0
33733,142.9,7.00,19.43,0.1360,7.35,612.0,80.0
33740,147.1,6.80,19.43,0.1322,7.57,612.0,80.0
33747,140.8,7.10,19.44,0.1380,7.24,612.0,80.0
33754,144.9,6.90,19.44,0.1341,7.46,612.0,80.0
33761,144.9,6.90,19.44,0.1341,7.45,612.0,80.0
33768,142.9,7.00,19.44,0.1361,7.35,612.0,80.0
33775,142.9,7.00,19.44,0.1361,7.35,612.0,80.0
33781,144.9,6.90,19.44,0.1341,7.45,612.0,80.0
33788,144.9,6.90,19.44,0.1341,7.45,612.0,80.0
33795,142.9,7.00,19.44,0.1361,7.35,612.0,80.0
33802,142.9,7.00,19.44,0.1361,7.35,612.0,80.0
33809,147.1,6.80,19.44,0.1322,7.57,612.0,80.0
33816,142.9,7.00,19.44,0.1361,7.35,612.0,80.0
33823,142.9,7.00,19.44,0.1361,7.35,612.0,80.0
33830,144.9,6.90,19.44,0.1342,7.45,612.0,80.0
33837,144.9,6.90,19.44,0.1342,7.45,612.0,80.0
33844,142.9,7.00,19.45,0.1361,7.35,612.0,80.0
33851,142.9,7.00,19.45,0.1361,7.35,612.0,80.0
33858,144.9,6.90,19.45,0.1342,7.45,612.0,80.0
33865,142.9,7.00,19.45,0.1361,7.35,612.0,80.0
33872,144.9,6.90,19.45,0.1342,7.45,612.0,80.0
33879,147.1,6.80,19.45,0.1323,7.56,612.0,80.0
33886,140.8,7.10,19.45,0.1381,7.24,612.0,80.0
33893,144.9,6.90,19.45,0.1342,7.45,612.0,80.0
33900,142.9,7.00,19.45,0.1362,7.35,612.0,80.0
33906,144.9,6.90,19.45,0.1342,7.45,612.0,80.0
33913,144.9,6.90,19.45,0.1342,7.45,612.0,80.0
33920,142.9,7.00,19.45,0.1362,7.35,612.0,80.0
33927,144.9,6.90,19.45,0.1342,7.45,612.0,80.0
33934,142.9,7.00,19.45,0.1362,7.35,612.0,80.0
33941,142.9,7.00,19.45,0.1362,7.35,612.0,80.0
33948,144.9,6.90,19.46,0.1342,7.45,612.0,80.0
33955,142.9,7.00,19.46,0.1362,7.34,612.0,80.0
33962,147.1,6.80,19.46,0.1323,7.56,612.0,80.0
33969,142.9,7.00,19.46,0.1362,7.34,612.0,80.0
33976,142.9,7.00,19.46,0.1362,7.34,612.0,80.0
33983,144.9,6.90,19.46,0.1343,7.45,612.0,80.0
33990,144.9,6.90,19.46,0.1343,7.45,612.0,80.0
33997,142.9,7.00,19.46,0.1362,7.34,612.0,80.0
34004,144.9,6.90,19.46,0.1343,7.45,612.0,80.0
34011,144.9,6.90,19.46,0.1343,7.45,612.0,80.0
34017,144.9,6.90,19.46,0.1343,7.45,612.0,80.0
34024,144.9,6.90,19.46,0.1343,7.44,612.0,80.0
34031,142.9,7.00,19.46,0.1362,7.34,612.0,80.0
34038,142.9,7.00,19.46,0.1363,7.34,612.0,80.0
34045,144.9,6.90,19.47,0.1343,7.44,612.0,80.0
34052,142.9,7.00,19.47,0.1363,7.34,612.0,80.0
34059,144.9,6.90,19.47,0.1343,7.44,612.0,80.0
34066,140.8,7.10,19.47,0.1382,7.23,612.0,80.0
34073,144.9,6.90,19.47,0.1343,7.44,612.0,80.0
34080,142.9,7.00,19.47,0.1363,7.34,612.0,80.0
34087,147.1,6.80,19.47,0.1324,7.56,612.0,80.0
34094,142.9,7.00,19.47,0.1363,7.34,612.0,80.0
34101,144.9,6.90,19.47,0.1343,7.44,612.0,80.0
34108,140.8,7.10,19.47,0.1382,7.23,612.0,80.0
34115,147.1,6.80,19.47,0.1324,7.56,612.0,80.0
34122,142.9,7.00,19.47,0.1363,7.34,612.0,80.0
34129,144.9,6.90,19.47,0.1343,7.44,612.0,80.0
34136,142.9,7.00,19.47,0.1363,7.34,612.0,80.0
34143,144.9,6.90,19.47,0.1343,7.44,612.0,80.0
34150,142.9,7.00,19.47,0.1363,7.34,612.0,80.0
34157,142.9,7.00,19.47,0.1363,7.34,612.0,80.0
34163,147.1,6.80,19.47,0.1324,7.56,612.0,80.0
34170,142.9,7.00,19.47,0.1363,7.34,612.0,80.0
34177,144.9,6.90,19.47,0.1343,7.44,612.0,80.0
34184,142.9,7.00,19.47,0.1363,7.34,612.0,80.0
34191,142.9,7.00,19.47,0.1363,7.34,612.0,80.0
34198,144.9,6.90,19.47,0.1343,7.44,612.0,80.0
34205,144.9,6.90,19.47,0.1343,7.44,612.0,80.0
34212,144.9,6.90,19.47,0.1343,7.44,612.0,80.0
34219,142.9,7.00,19.46,0.1363,7.34,612.0,80.0
34226,144.9,6.90,19.46,0.1343,7.44,612.0,80.0
34233,142.9,7.00,19.46,0.1363,7.34,612.0,80.0
34240,144.9,6.90,19.46,0.1343,7.44,612.0,80.0
34247,142.9,7.00,19.46,0.1362,7.34,612.0,80.0
34254,142.9,7.00,19.46,0.1362,7.34,612.0,80.0
34261,144.9,6.90,19.46,0.1343,7.44,612.0,80.0
34268,144.9,6.90,19.46,0.1343,7.44,612.0,80.0
34275,142.9,7.00,19.46,0.1362,7.34,612.0,80.0
34281,144.9,6.90,19.46,0.1343,7.45,612.0,80.0
34288,142.9,7.00,19.46,0.1362,7.34,612.0,80.0
34295,144.9,6.90,19.46,0.1343,7.45,612.0,80.0
34302,144.9,6.90,19.46,0.1343,7.45,612.0,80.0
34309,144.9,6.90,19.46,0.1343,7.45,612.0,80.0
34316,142.9,7.00,19.46,0.1362,7.34,612.0,80.0
34323,142.9,7.00,19.46,0.1362,7.34,612.0,80.0
34330,144.9,6.90,19.46,0.1343,7.45,612.0,80.0
34337,144.9,6.90,19.46,0.1343,7.45,612.0,80.0
34344,142.9,7.00,19.46,0.1362,7.34,612.0,80.0
34351,142.9,7.00,19.46,0.1362,7.34,612.0,80.0
34358,144.9,6.90,19.46,0.1343,7.45,612.0,80.0
34365,142.9,7.00,19.46,0.1362,7.34,612.0,80.0
34372,144.9,6.90,19.46,0.1343,7.45,612.0,80.0
34379,142.9,7.00,19.46,0.1362,7.34,612.0,80.0
34386,144.9,6.90,19.46,0.1343,7.45,612.0,80.0
34393,144.9,6.90,19.46,0.1343,7.45,612.0,80.0
34399,144.9,6.90,19.46,0.1343,7.45,612.0,80.0
34406,142.9,7.00,19.46,0.1362,7.34,612.0,80.0
34413,144.9,6.90,19.46,0.1343,7.45,612.0,80.0
34420,142.9,7.00,19.46,0.1362,7.34,612.0,80.0
34427,142.9,7.00,19.46,0.1362,7.34,612.0,80.0
34434,144.9,6.90,19.46,0.1342,7.45,612.0,80.0
34441,142.9,7.00,19.46,0.1362,7.34,612.0,80.0
34448,144.9,6.90,19.46,0.1342,7.45,612.0,80.0
34455,144.9,6.90,19.46,0.1342,7.45,612.0,80.0
34462,144.9,6.90,19.46,0.1342,7.45,612.0,80.0
34469,142.9,7.00,19.45,0.1362,7.35,612.0,80.0
34476,144.9,6.90,19.45,0.1342,7.45,612.0,80.0
34483,144.9,6.90,19.45,0.1342,7.45,612.0,80.0
34490,142.9,7.00,19.45,0.1362,7.35,612.0,80.0
34497,144.9,6.90,19.45,0.1342,7.45,612.0,80.0
34504,144.9,6.90,19.45,0.1342,7.45,612.0,80.0
34511,142.9,7.00,19.45,0.1362,7.35,612.0,80.0
34518,142.9,7.00,19.45,0.1362,7.35,612.0,80.0
34524,144.9,6.90,19.45,0.1342,7.45,612.0,80.0
34531,142.9,7.00,19.45,0.1362,7.35,612.0,80.0
34538,142.9,7.00,19.45,0.1362,7.35,612.0,80.0
34545,144.9,6.90,19.45,0.1342,7.45,612.0,80.0
34552,144.9,6.90,19.45,0.1342,7.45,612.0,80.0
34559,142.9,7.00,19.45,0.1362,7.35,612.0,80.0
34566,144.9,6.90,19.45,0.1342,7.45,612.0,80.0
34573,144.9,6.90,19.45,0.1342,7.45,612.0,80.0
34580,140.8,7.10,19.45,0.1381,7.24,612.0,80.0
34587,147.1,6.80,19.45,0.1323,7.56,612.0,80.0
34594,142.9,7.00,19.45,0.1361,7.35,612.0,80.0
34601,144.9,6.90,19.45,0.1342,7.45,612.0,80.0
34608,142.9,7.00,19.45,0.1361,7.35,612.0,80.0
34615,144.9,6.90,19.45,0.1342,7.45,612.0,80.0
34622,144.9,6.90,19.45,0.1342,7.45,612.0,80.0
34629,144.9,6.90,19.45,0.1342,7.45,612.0,80.0
34636,140.8,7.10,19.45,0.1381,7.24,612.0,80.0
34643,144.9,6.90,19.45,0.1342,7.45,612.0,80.0
34649,144.9,6.90,19.45,0.1342,7.45,612.0,80.0
34656,144.9,6.90,19.45,0.1342,7.45,612.0,80.0
34663,140.8,7.10,19.45,0.1381,7.24,612.0,80.0
34670,147.1,6.80,19.45,0.1322,7.56,612.0,80.0
34677,140.8,7.10,19.45,0.1381,7.24,612.0,80.0
34684,144.9,6.90,19.45,0.1342,7.45,612.0,80.0
34691,142.9,7.00,19.45,0.1361,7.35,612.0,80.0
34698,144.9,6.90,19.45,0.1342,7.45,612.0,80.0
34705,144.9,6.90,19.45,0.1342,7.45,612.0,80.0
34712,142.9,7.00,19.45,0.1361,7.35,612.0,80.0
34719,144.9,6.90,19.44,0.1342,7.45,612.0,80.0
34726,142.9,7.00,19.44,0.1361,7.35,612.0,80.0
34733,144.9,6.90,19.44,0.1342,7.45,612.0,80.0
34740,142.9,7.00,19.44,0.1361,7.35,612.0,80.0
34747,142.9,7.00,19.44,0.1361,7.35,612.0,80.0
34754,147.1,6.80,19.44,0.1322,7.57,612.0,80.0
34761,142.9,7.00,19.44,0.1361,7.35,612.0,80.0
34768,142.9,7.00,19.44,0.1361,7.35,612.0,80.0
34775,144.9,6.90,19.44,0.1342,7.45,612.0,80.0
34781,144.9,6.90,19.44,0.1342,7.45,612.0,80.0
34788,142.9,7.00,19.44,0.1361,7.35,612.0,80.0
34795,144.9,6.90,19.44,0.1341,7.45,612.0,80.0
34802,144.9,6.90,19.44,0.1341,7.45,612.0,80.0
34809,144.9,6.90,19.44,0.1341,7.45,612.0,80.0
34816,142.9,7.00,19.44,0.1361,7.35,612.0,80.0
34823,144.9,6.90,19.44,0.1341,7.45,612.0,80.0
34830,142.9,7.00,19.44,0.1361,7.35,612.0,80.0
34837,142.9,7.00,19.44,0.1361,7.35,612.0,80.0
34844,144.9,6.90,19.44,0.1341,7.45,612.0,80.0
34851,142.9,7.00,19.44,0.1361,7.35,612.0,80.0
34858,147.1,6.80,19.44,0.1322,7.57,612.0,80.0
34865,142.9,7.00,19.44,0.1361,7.35,612.0,80.0
34872,144.9,6.90,19.44,0.1341,7.45,612.0,80.0
34879,140.8,7.10,19.44,0.1380,7.24,612.0,80.0
34886,144.9,6.90,19.44,0.1341,7.45,612.0,80.0
34893,144.9,6.90,19.44,0.1341,7.45,612.0,80.0
34900,142.9,7.00,19.44,0.1361,7.35,612.0,80.0
34906,144.9,6.90,19.44,0.1341,7.45,612.0,80.0
34913,144.9,6.90,19.44,0.1341,7.45,612.0,80.0
34920,142.9,7.00,19.44,0.1361,7.35,612.0,80.0
34927,144.9,6.90,19.44,0.1341,7.46,612.0,80.0
34934,142.9,7.00,19.44,0.1361,7.35,612.0,80.0
34941,144.9,6.90,19.44,0.1341,7.46,612.0,80.0
34948,142.9,7.00,19.44,0.1361,7.35,612.0,80.0
34955,142.9,7.00,19.44,0.1360,7.35,612.0,80.0
34962,147.1,6.80,19.44,0.1322,7.57,612.0,80.0
34969,142.9,7.00,19.43,0.1360,7.35,612.0,80.0
34976,144.9,6.90,19.43,0.1341,7.46,612.0,80.0
34983,142.9,7.00,19.43,0.1360,7.35,612.0,80.0
34990,144.9,6.90,19.43,0.1341,7.46,612.0,80.0
34997,142.9,7.00,19.43,0.1360,7.35,612.0,80.0
35004,142.9,7.00,19.43,0.1360,7.35,612.0,80.0
35011,144.9,6.90,19.43,0.1341,7.46,612.0,80.0
35017,147.1,6.80,19.43,0.1321,7.57,612.0,80.0
35024,144.9,6.90,19.43,0.1341,7.46,612.0,80.0
35031,142.9,7.00,19.43,0.1360,7.35,612.0,80.0
35038,144.9,6.90,19.43,0.1341,7.46,612.0,80.0
35045,142.9,7.00,19.43,0.1360,7.35,612.0,80.0
35052,144.9,6.90,19.43,0.1341,7.46,612.0,80.0
35059,142.9,7.00,19.43,0.1360,7.35,612.0,80.0
35066,142.9,7.00,19.43,0.1360,7.35,612.0,80.0
35073,144.9,6.90,19.43,0.1341,7.46,612.0,80.0
35080,144.9,6.90,19.43,0.1341,7.46,612.0,80.0
35087,144.9,6.90,19.43,0.1341,7.46,612.0,80.0
35094,142.9,7.00,19.43,0.1360,7.35,612.0,80.0
35101,142.9,7.00,19.43,0.1360,7.36,612.0,80.0
35108,144.9,6.90,19.43,0.1341,7.46,612.0,80.0
35115,144.9,6.90,19.43,0.1340,7.46,612.0,80.0
35122,144.9,6.90,19.43,0.1340,7.46,612.0,80.0
35129,142.9,7.00,19.43,0.1360,7.36,612.0,80.0
35135,144.9,6.90,19.42,0.1340,7.46,612.0,80.0
35142,142.9,7.00,19.42,0.1360,7.36,612.0,80.0
35149,142.9,7.00,19.42,0.1360,7.36,612.0,80.0
35157,140.8,7.10,19.42,0.1379,7.25,612.0,80.0
35163,147.1,6.80,19.42,0.1321,7.57,612.0,80.0
35170,144.9,6.90,19.42,0.1340,7.46,612.0,80.0
35177,140.8,7.10,19.42,0.1379,7.25,612.0,80.0
35184,147.1,6.80,19.42,0.1320,7.58,612.0,80.0
35191,142.9,7.00,19.42,0.1359,7.36,612.0,80.0
35198,144.9,6.90,19.42,0.1340,7.46,612.0,80.0
35205,142.9,7.00,19.42,0.1359,7.36,612.0,80.0
35212,142.9,7.00,19.41,0.1359,7.36,612.0,80.0
35219,144.9,6.90,19.41,0.1340,7.46,612.0,80.0
35226,142.9,7.00,19.41,0.1359,7.36,612.0,80.0
35233,142.9,7.00,19.41,0.1359,7.36,612.0,80.0
35240,147.1,6.80,19.41,0.1320,7.58,612.0,80.0
35247,142.9,7.00,19.41,0.1359,7.36,612.0,80.0
35254,142.9,7.00,19.41,0.1359,7.36,612.0,80.0
35261,142.9,7.00,19.41,0.1359,7.36,612.0,80.0
35268,147.1,6.80,19.41,0.1320,7.58,612.0,80.0
35275,142.9,7.00,19.41,0.1358,7.36,612.0,80.0
35281,144.9,6.90,19.41,0.1339,7.47,612.0,80.0
35288,142.9,7.00,19.40,0.1358,7.36,612.0,80.0
35295,142.9,7.00,19.40,0.1358,7.36,612.0,80.0
35302,144.9,6.90,19.40,0.1339,7.47,612.0,80.0
35309,142.9,7.00,19.40,0.1358,7.37,612.0,80.0
35316,147.1,6.80,19.40,0.1319,7.58,612.0,80.0
35323,142.9,7.00,19.40,0.1358,7.37,612.0,80.0
35330,142.9,7.00,19.40,0.1358,7.37,612.0,80.0
35337,144.9,6.90,19.40,0.1338,7.47,612.0,80.0
35344,142.9,7.00,19.40,0.1358,7.37,612.0,80.0
35351,144.9,6.90,19.40,0.1338,7.47,612.0,80.0
35358,144.9,6.90,19.40,0.1338,7.47,612.0,80.0
35365,142.9,7.00,19.39,0.1358,7.37,612.0,80.0
35372,144.9,6.90,19.39,0.1338,7.47,612.0,80.0
35379,142.9,7.00,19.39,0.1357,7.37,612.0,80.0
35386,144.9,6.90,19.39,0.1338,7.47,612.0,80.0
35393,142.9,7.00,19.39,0.1357,7.37,612.0,80.0
35400,144.9,6.90,19.39,0.1338,7.47,612.0,80.0
35407,142.9,7.00,19.39,0.1357,7.37,612.0,80.0
35413,144.9,6.90,19.39,0.1338,7.47,612.0,80.0
35420,144.9,6.90,19.39,0.1338,7.47,612.0,80.0
35427,142.9,7.00,19.39,0.1357,7.37,612.0,80.0
35434,144.9,6.90,19.39,0.1338,7.47,612.0,80.0
35441,144.9,6.90,19.38,0.1338,7.47,612.0,80.0
35448,142.9,7.00,19.38,0.1357,7.37,612.0,80.0
35455,144.9,6.90,19.38,0.1337,7.48,612.0,80.0
35462,144.9,6.90,19.38,0.1337,7.48,612.0,80.0
35469,144.9,6.90,19.38,0.1337,7.48,612.0,80.0
35476,140.8,7.10,19.38,0.1376,7.27,612.0,80.0
35483,147.1,6.80,19.38,0.1318,7.59,612.0,80.0
35490,142.9,7.00,19.38,0.1356,7.37,612.0,80.0
35497,142.9,7.00,19.38,0.1356,7.37,612.0,80.0
35504,144.9,6.90,19.38,0.1337,7.48,612.0,80.0
35511,142.9,7.00,19.38,0.1356,7.38,612.0,80.0
35518,142.9,7.00,19.37,0.1356,7.38,612.0,80.0
35524,147.1,6.80,19.37,0.1317,7.59,612.0,80.0
35531,142.9,7.00,19.37,0.1356,7.38,612.0,80.0
35538,142.9,7.00,19.37,0.1356,7.38,612.0,80.0
35545,142.9,7.00,19.37,0.1356,7.38,612.0,80.0
35552,147.1,6.80,19.37,0.1317,7.59,612.0,80.0
35559,140.8,7.10,19.37,0.1375,7.27,612.0,80.0
35566,144.9,6.90,19.37,0.1336,7.48,612.0,80.0
35573,144.9,6.90,19.37,0.1336,7.48,612.0,80.0
35580,142.9,7.00,19.37,0.1356,7.38,612.0,80.0
35587,147.1,6.80,19.37,0.1317,7.60,612.0,80.0
35594,140.8,7.10,19.36,0.1375,7.27,612.0,80.0
35601,147.1,6.80,19.36,0.1317,7.60,612.0,80.0
35608,142.9,7.00,19.36,0.1355,7.38,612.0,80.0
35615,144.9,6.90,19.36,0.1336,7.48,612.0,80.0
35622,142.9,7.00,19.36,0.1355,7.38,612.0,80.0
35629,142.9,7.00,19.36,0.1355,7.38,612.0,80.0
35636,144.9,6.90,19.36,0.1336,7.48,612.0,80.0
35643,144.9,6.90,19.36,0.1336,7.49,612.0,80.0
35649,144.9,6.90,19.36,0.1336,7.49,612.0,80.0
35656,144.9,6.90,19.36,0.1336,7.49,612.0,80.0
35663,142.9,7.00,19.36,0.1355,7.38,612.0,80.0
35670,144.9,6.90,19.35,0.1335,7.49,612.0,80.0
35677,140.8,7.10,19.35,0.1374,7.28,612.0,80.0
35684,144.9,6.90,19.35,0.1335,7.49,612.0,80.0
35691,144.9,6.90,19.35,0.1335,7.49,612.0,80.0
35698,142.9,7.00,19.35,0.1355,7.38,612.0,80.0
35705,144.9,6.90,19.35,0.1335,7.49,612.0,80.0
35712,142.9,7.00,19.35,0.1354,7.39,612.0,80.0
35719,144.9,6.90,19.35,0.1335,7.49,612.0,80.0
35726,144.9,6.90,19.35,0.1335,7.49,612.0,80.0
35733,142.9,7.00,19.35,0.1354,7.39,612.0,80.0
35740,144.9,6.90,19.35,0.1335,7.49,612.0,80.0
35747,144.9,6.90,19.34,0.1335,7.49,612.0,80.0
35754,142.9,7.00,19.34,0.1354,7.39,612.0,80.0
35761,144.9,6.90,19.34,0.1335,7.49,612.0,80.0
35767,144.9,6.90,19.34,0.1335,7.49,612.0,80.0
35775,140.8,7.10,19.34,0.1373,7.28,612.0,80.0
35782,142.9,7.00,19.34,0.1354,7.39,612.0,80.0
35788,147.1,6.80,19.34,0.1315,7.61,612.0,80.0
35795,144.9,6.90,19.34,0.1334,7.49,612.0,80.0
35802,142.9,7.00,19.34,0.1354,7.39,612.0,80.0
35809,142.9,7.00,19.34,0.1354,7.39,612.0,80.0
35816,142.9,7.00,19.34,0.1354,7.39,612.0,80.0
35823,144.9,6.90,19.33,0.1334,7.49,612.0,80.0
35830,147.1,6.80,19.33,0.1315,7.61,612.0,80.0
35837,140.8,7.10,19.33,0.1373,7.28,612.0,80.0
35844,144.9,6.90,19.33,0.1334,7.50,612.0,80.0
35851,144.9,6.90,19.33,0.1334,7.50,612.0,80.0
35858,144.9,6.90,19.33,0.1334,7.50,612.0,80.0
35865,140.8,7.10,19.33,0.1372,7.28,612.0,80.0
35872,147.1,6.80,19.33,0.1314,7.61,612.0,80.0
35879,144.9,6.90,19.33,0.1334,7.50,612.0,80.0
35886,142.9,7.00,19.33,0.1353,7.39,612.0,80.0
35892,144.9,6.90,19.33,0.1333,7.50,612.0,80.0
35899,144.9,6.90,19.33,0.1333,7.50,612.0,80.0
35906,142.9,7.00,19.32,0.1353,7.39,612.0,80.0
35913,144.9,6.90,19.32,0.1333,7.50,612.0,80.0
35920,142.9,7.00,19.32,0.1353,7.40,612.0,80.0
35927,144.9,6.90,19.32,0.1333,7.50,612.0,80.0
35934,144.9,6.90,19.32,0.1333,7.50,612.0,80.0
35941,140.8,7.10,19.32,0.1372,7.29,612.0,80.0
35948,144.9,6.90,19.32,0.1333,7.50,612.0,80.0
35955,142.9,7.00,19.32,0.1352,7.40,612.0,80.0
35962,142.9,7.00,19.32,0.1352,7.40,612.0,80.0
35969,144.9,6.90,19.32,0.1333,7.50,612.0,80.0
35976,144.9,6.90,19.32,0.1333,7.50,612.0,80.0
35983,142.9,7.00,19.31,0.1352,7.40,612.0,80.0
35990,144.9,6.90,19.31,0.1333,7.50,612.0,80.0
35997,147.1,6.80,19.31,0.1313,7.62,612.0,80.0
36004,140.8,7.10,19.31,0.1371,7.29,612.0,80.0
36011,142.9,7.00,19.31,0.1352,7.40,612.0,80.0
36018,144.9,6.90,19.31,0.1332,7.50,612.0,80.0
36024,144.9,6.90,19.31,0.1332,7.50,612.0,80.0
36031,144.9,6.90,19.31,0.1332,7.50,612.0,80.0
36038,144.9,6.90,19.31,0.1332,7.51,612.0,80.0
36045,144.9,6.90,19.31,0.1332,7.51,612.0,80.0
36052,142.9,7.00,19.31,0.1351,7.40,612.0,80.0
36059,142.9,7.00,19.30,0.1351,7.40,612.0,80.0
36066,142.9,7.00,19.30,0.1351,7.40,612.0,80.0
36073,144.9,6.90,19.30,0.1332,7.51,612.0,80.0
36080,144.9,6.90,19.30,0.1332,7.51,612.0,80.0
36087,142.9,7.00,19.30,0.1351,7.40,612.0,80.0
36094,142.9,7.00,19.30,0.1351,7.40,612.0,80.0
36101,144.9,6.90,19.30,0.1332,7.51,612.0,80.0
36108,142.9,7.00,19.30,0.1351,7.40,612.0,80.0
36115,144.9,6.90,19.30,0.1332,7.51,612.0,80.0
36122,142.9,7.00,19.30,0.1351,7.40,612.0,80.0
36129,144.9,6.90,19.30,0.1332,7.51,612.0,80.0
36136,142.9,7.00,19.30,0.1351,7.40,612.0,80.0
36143,144.9,6.90,19.31,0.1332,7.51,612.0,80.0
36150,142.9,7.00,19.31,0.1351,7.40,612.0,80.0
36156,144.9,6.90,19.31,0.1332,7.51,612.0,80.0
36163,144.9,6.90,19.31,0.1332,7.50,612.0,80.0
36170,144.9,6.90,19.31,0.1332,7.50,612.0,80.0
36177,140.8,7.10,19.31,0.1371,7.29,612.0,80.0
36184,144.9,6.90,19.31,0.1332,7.50,612.0,80.0
36191,144.9,6.90,19.31,0.1332,7.50,612.0,80.0
36198,142.9,7.00,19.31,0.1352,7.40,612.0,80.0
36205,144.9,6.90,19.31,0.1333,7.50,612.0,80.0
36212,142.9,7.00,19.31,0.1352,7.40,612.0,80.0
36219,144.9,6.90,19.31,0.1333,7.50,612.0,80.0
36226,147.1,6.80,19.31,0.1313,7.62,612.0,80.0
36233,140.8,7.10,19.32,0.1371,7.29,612.0,80.0
36240,144.9,6.90,19.32,0.1333,7.50,612.0,80.0
36247,142.9,7.00,19.32,0.1352,7.40,612.0,80.0
36254,142.9,7.00,19.32,0.1352,7.40,612.0,80.0
36261,147.1,6.80,19.32,0.1314,7.61,612.0,80.0
36268,142.9,7.00,19.32,0.1352,7.40,612.0,80.0
36274,144.9,6.90,19.32,0.1333,7.50,612.0,80.0
36281,142.9,7.00,19.32,0.1352,7.40,612.0,80.0
36288,144.9,6.90,19.32,0.1333,7.50,612.0,80.0
36295,142.9,7.00,19.32,0.1353,7.40,612.0,80.0
36302,144.9,6.90,19.32,0.1333,7.50,612.0,80.0
36309,142.9,7.00,19.32,0.1353,7.39,612.0,80.0
36316,142.9,7.00,19.32,0.1353,7.39,612.0,80.0
36323,147.1,6.80,19.33,0.1314,7.61,612.0,80.0
36330,140.8,7.10,19.33,0.1372,7.29,612.0,80.0
36337,147.1,6.80,19.33,0.1314,7.61,612.0,80.0
36344,142.9,7.00,19.33,0.1353,7.39,612.0,80.0
36351,147.1,6.80,19.33,0.1314,7.61,612.0,80.0
36358,138.9,7.20,19.33,0.1392,7.19,612.0,80.0
36365,147.1,6.80,19.33,0.1314,7.61,612.0,80.0
36372,144.9,6.90,19.33,0.1334,7.50,612.0,80.0
36379,142.9,7.00,19.33,0.1353,7.39,612.0,80.0
36386,144.9,6.90,19.33,0.1334,7.50,612.0,80.0
36393,142.9,7.00,19.33,0.1353,7.39,612.0,80.0
36399,144.9,6.90,19.33,0.1334,7.49,612.0,80.0
36406,142.9,7.00,19.33,0.1353,7.39,612.0,80.0
36413,144.9,6.90,19.34,0.1334,7.49,612.0,80.0
36420,144.9,6.90,19.34,0.1334,7.49,612.0,80.0
36427,142.9,7.00,19.34,0.1354,7.39,612.0,80.0
36434,142.9,7.00,19.34,0.1354,7.39,612.0,80.0
36441,144.9,6.90,19.34,0.1334,7.49,612.0,80.0
36448,142.9,7.00,19.34,0.1354,7.39,612.0,80.0
36455,144.9,6.90,19.34,0.1334,7.49,612.0,80.0
36462,144.9,6.90,19.34,0.1335,7.49,612.0,80.0
36469,144.9,6.90,19.34,0.1335,7.49,612.0,80.0
36476,144.9,6.90,19.34,0.1335,7.49,612.0,80.0
36483,142.9,7.00,19.34,0.1354,7.39,612.0,80.0
36490,142.9,7.00,19.34,0.1354,7.39,612.0,80.0
36497,144.9,6.90,19.34,0.1335,7.49,612.0,80.0
36504,142.9,7.00,19.35,0.1354,7.39,612.0,80.0
36511,144.9,6.90,19.35,0.1335,7.49,612.0,80.0
36517,144.9,6.90,19.35,0.1335,7.49,612.0,80.0
36525,140.8,7.10,19.35,0.1374,7.28,612.0,80.0
36531,144.9,6.90,19.35,0.1335,7.49,612.0,80.0
36538,142.9,7.00,19.35,0.1354,7.39,612.0,80.0
36545,144.9,6.90,19.35,0.1335,7.49,612.0,80.0
36552,144.9,6.90,19.35,0.1335,7.49,612.0,80.0
36559,144.9,6.90,19.35,0.1335,7.49,612.0,80.0
36566,142.9,7.00,19.35,0.1355,7.38,612.0,80.0
36573,144.9,6.90,19.35,0.1335,7.49,612.0,80.0
36580,142.9,7.00,19.35,0.1355,7.38,612.0,80.0
36587,144.9,6.90,19.35,0.1335,7.49,612.0,80.0
36594,142.9,7.00,19.36,0.1355,7.38,612.0,80.0
36601,147.1,6.80,19.36,0.1316,7.60,612.0,80.0
36608,140.8,7.10,19.36,0.1374,7.27,612.0,80.0
36615,144.9,6.90,19.36,0.1336,7.49,612.0,80.0
36622,142.9,7.00,19.36,0.1355,7.38,612.0,80.0
36629,144.9,6.90,19.36,0.1336,7.48,612.0,80.0
36636,142.9,7.00,19.36,0.1355,7.38,612.0,80.0
36643,142.9,7.00,19.36,0.1355,7.38,612.0,80.0
36649,147.1,6.80,19.36,0.1317,7.60,612.0,80.0
36656,142.9,7.00,19.36,0.1355,7.38,612.0,80.0
36663,142.9,7.00,19.36,0.1355,7.38,612.0,80.0
36670,144.9,6.90,19.36,0.1336,7.48,612.0,80.0
36677,144.9,6.90,19.36,0.1336,7.48,612.0,80.0
36684,142.9,7.00,19.37,0.1356,7.38,612.0,80.0
36691,144.9,6.90,19.37,0.1336,7.48,612.0,80.0
36698,144.9,6.90,19.37,0.1336,7.48,612.0,80.0
36705,144.9,6.90,19.37,0.1336,7.48,612.0,80.0
36712,142.9,7.00,19.37,0.1356,7.38,612.0,80.0
36719,142.9,7.00,19.37,0.1356,7.38,612.0,80.0
36726,142.9,7.00,19.37,0.1356,7.38,612.0,80.0
36733,144.9,6.90,19.37,0.1337,7.48,612.0,80.0
36740,144.9,6.90,19.37,0.1337,7.48,612.0,80.0
36747,144.9,6.90,19.37,0.1337,7.48,612.0,80.0
36754,142.9,7.00,19.37,0.1356,7.38,612.0,80.0
36761,144.9,6.90,19.37,0.1337,7.48,612.0,80.0
36768,142.9,7.00,19.37,0.1356,7.38,612.0,80.0
36774,144.9,6.90,19.38,0.1337,7.48,612.0,80.0
36781,144.9,6.90,19.38,0.1337,7.48,612.0,80.0
36788,142.9,7.00,19.38,0.1356,7.37,612.0,80.0
36795,142.9,7.00,19.38,0.1356,7.37,612.0,80.0
36802,144.9,6.90,19.38,0.1337,7.48,612.0,80.0
36809,142.9,7.00,19.38,0.1357,7.37,612.0,80.0
36816,144.9,6.90,19.38,0.1337,7.48,612.0,80.0
36823,144.9,6.90,19.38,0.1337,7.48,612.0,80.0
36830,142.9,7.00,19.38,0.1357,7.37,612.0,80.0
36837,144.9,6.90,19.38,0.1337,7.48,612.0,80.0
36844,144.9,6.90,19.38,0.1337,7.48,612.0,80.0
36851,142.9,7.00,19.38,0.1357,7.37,612.0,80.0
36858,142.9,7.00,19.38,0.1357,7.37,612.0,80.0
36865,144.9,6.90,19.39,0.1338,7.47,612.0,80.0
36872,144.9,6.90,19.39,0.1338,7.47,612.0,80.0
36879,142.9,7.00,19.39,0.1357,7.37,612.0,80.0
36886,144.9,6.90,19.39,0.1338,7.47,612.0,80.0
36893,142.9,7.00,19.39,0.1357,7.37,612.0,80.0
36899,144.9,6.90,19.39,0.1338,7.47,612.0,80.0
36906,142.9,7.00,19.39,0.1357,7.37,612.0,80.0
36913,144.9,6.90,19.39,0.1338,7.47,612.0,80.0
36920,142.9,7.00,19.39,0.1357,7.37,612.0,80.0
36927,144.9,6.90,19.39,0.1338,7.47,612.0,80.0
36934,142.9,7.00,19.39,0.1357,7.37,612.0,80.0
36941,144.9,6.90,19.39,0.1338,7.47,612.0,80.0
36948,144.9,6.90,19.39,0.1338,7.47,612.0,80.0
36955,142.9,7.00,19.39,0.1358,7.37,612.0,80.0
36962,144.9,6.90,19.40,0.1338,7.47,612.0,80.0
36969,144.9,6.90,19.40,0.1338,7.47,612.0,80.0
36976,142.9,7.00,19.40,0.1358,7.37,612.0,80.0
36983,142.9,7.00,19.40,0.1358,7.37,612.0,80.0
36990,147.1,6.80,19.40,0.1319,7.58,612.0,80.0
36997,142.9,7.00,19.40,0.1358,7.37,612.0,80.0
37003,147.1,6.80,19.40,0.1319,7.58,612.0,80.0
37011,138.9,7.20,19.40,0.1397,7.16,612.0,80.0
37018,144.9,6.90,19.40,0.1339,7.47,612.0,80.0
37024,144.9,6.90,19.40,0.1339,7.47,612.0,80.0
37031,142.9,7.00,19.40,0.1358,7.36,612.0,80.0
37038,147.1,6.80,19.40,0.1319,7.58,612.0,80.0
37045,142.9,7.00,19.40,0.1358,7.36,612.0,80.0
37052,144.9,6.90,19.41,0.1339,7.47,612.0,80.0
37059,144.9,6.90,19.41,0.1339,7.47,612.0,80.0
37066,142.9,7.00,19.41,0.1358,7.36,612.0,80.0
37073,142.9,7.00,19.41,0.1359,7.36,612.0,80.0
37080,144.9,6.90,19.41,0.1339,7.47,612.0,80.0
37087,144.9,6.90,19.41,0.1339,7.47,612.0,80.0
37094,142.9,7.00,19.41,0.1359,7.36,612.0,80.0
37101,144.9,6.90,19.41,0.1339,7.47,612.0,80.0
37108,142.9,7.00,19.41,0.1359,7.36,612.0,80.0
37115,144.9,6.90,19.41,0.1339,7.47,612.0,80.0
37122,142.9,7.00,19.41,0.1359,7.36,612.0,80.0
37129,144.9,6.90,19.41,0.1339,7.47,612.0,80.0
37136,142.9,7.00,19.41,0.1358,7.36,612.0,80.0
37142,144.9,6.90,19.41,0.1339,7.47,612.0,80.0
37149,142.9,7.00,19.41,0.1358,7.36,612.0,80.0
37156,144.9,6.90,19.40,0.1339,7.47,612.0,80.0
37163,142.9,7.00,19.40,0.1358,7.36,612.0,80.0
37170,142.9,7.00,19.40,0.1358,7.36,612.0,80.0
37177,144.9,6.90,19.40,0.1339,7.47,612.0,80.0
37184,144.9,6.90,19.40,0.1339,7.47,612.0,80.0
37191,144.9,6.90,19.40,0.1339,7.47,612.0,80.0
37198,142.9,7.00,19.40,0.1358,7.37,612.0,80.0
37205,142.9,7.00,19.40,0.1358,7.37,612.0,80.0
37212,144.9,6.90,19.40,0.1339,7.47,612.0,80.0
37219,142.9,7.00,19.40,0.1358,7.37,612.0,80.0
37226,144.9,6.90,19.40,0.1339,7.47,612.0,80.0
37233,144.9,6.90,19.40,0.1339,7.47,612.0,80.0
37240,142.9,7.00,19.40,0.1358,7.37,612.0,80.0
37247,144.9,6.90,19.40,0.1338,7.47,612.0,80.0
37254,144.9,6.90,19.40,0.1338,7.47,612.0,80.0
37261,142.9,7.00,19.40,0.1358,7.37,612.0,80.0
37268,142.9,7.00,19.40,0.1358,7.37,612.0,80.0
37274,144.9,6.90,19.40,0.1338,7.47,612.0,80.0
37281,142.9,7.00,19.39,0.1358,7.37,612.0,80.0
37288,142.9,7.00,19.39,0.1358,7.37,612.0,80.0
37295,144.9,6.90,19.39,0.1338,7.47,612.0,80.0
37302,147.1,6.80,19.39,0.1319,7.59,612.0,80.0
37309,142.9,7.00,19.39,0.1357,7.37,612.0,80.0
37316,142.9,7.00,19.39,0.1357,7.37,612.0,80.0
37323,144.9,6.90,19.39,0.1338,7.47,612.0,80.0
37330,144.9,6.90,19.39,0.1338,7.47,612.0,80.0
37337,142.9,7.00,19.39,0.1357,7.37,612.0,80.0
37344,144.9,6.90,19.39,0.1338,7.47,612.0,80.0
37351,142.9,7.00,19.39,0.1357,7.37,612.0,80.0
37358,144.9,6.90,19.39,0.1338,7.47,612.0,80.0
37365,144.9,6.90,19.39,0.1338,7.47,612.0,80.0
37372,142.9,7.00,19.39,0.1357,7.37,612.0,80.0
37379,142.9,7.00,19.39,0.1357,7.37,612.0,80.0
37386,142.9,7.00,19.39,0.1357,7.37,612.0,80.0
37393,144.9,6.90,19.39,0.1338,7.47,612.0,80.0
37399,144.9,6.90,19.39,0.1338,7.47,612.0,80.0
37406,142.9,7.00,19.38,0.1357,7.37,612.0,80.0
37413,144.9,6.90,19.38,0.1338,7.48,612.0,80.0
37420,144.9,6.90,19.38,0.1337,7.48,612.0,80.0
37427,144.9,6.90,19.38,0.1337,7.48,612.0,80.0
37434,142.9,7.00,19.38,0.1357,7.37,612.0,80.0
37441,142.9,7.00,19.38,0.1357,7.37,612.0,80.0
37448,144.9,6.90,19.38,0.1337,7.48,612.0,80.0
37455,142.9,7.00,19.38,0.1357,7.37,612.0,80.0
37462,144.9,6.90,19.38,0.1337,7.48,612.0,80.0
37469,144.9,6.90,19.38,0.1337,7.48,612.0,80.0
37476,142.9,7.00,19.38,0.1357,7.37,612.0,80.0
37483,144.9,6.90,19.38,0.1337,7.48,612.0,80.0
37490,144.9,6.90,19.38,0.1337,7.48,612.0,80.0
37497,142.9,7.00,19.38,0.1356,7.37,612.0,80.0
37504,142.9,7.00,19.38,0.1356,7.37,612.0,80.0
37511,144.9,6.90,19.38,0.1337,7.48,612.0,80.0
37518,142.9,7.00,19.38,0.1356,7.38,612.0,80.0
37525,142.9,7.00,19.38,0.1356,7.38,612.0,80.0
37531,147.1,6.80,19.37,0.1317,7.59,612.0,80.0
37538,142.9,7.00,19.37,0.1356,7.38,612.0,80.0
37545,140.8,7.10,19.37,0.1376,7.27,612.0,80.0
37552,147.1,6.80,19.37,0.1317,7.59,612.0,80.0
37559,142.9,7.00,19.37,0.1356,7.38,612.0,80.0
37566,144.9,6.90,19.37,0.1337,7.48,612.0,80.0
37573,144.9,6.90,19.37,0.1337,7.48,612.0,80.0
37580,142.9,7.00,19.37,0.1356,7.38,612.0,80.0
37587,144.9,6.90,19.37,0.1337,7.48,612.0,80.0
37594,144.9,6.90,19.37,0.1337,7.48,612.0,80.0
37601,142.9,7.00,19.37,0.1356,7.38,612.0,80.0
37608,142.9,7.00,19.37,0.1356,7.38,612.0,80.0
37615,144.9,6.90,19.37,0.1336,7.48,612.0,80.0
37622,144.9,6.90,19.37,0.1336,7.48,612.0,80.0
37629,144.9,6.90,19.37,0.1336,7.48,612.0,80.0
37636,142.9,7.00,19.37,0.1356,7.38,612.0,80.0
37643,142.9,7.00,19.37,0.1356,7.38,612.0,80.0
37649,144.9,6.90,19.37,0.1336,7.48,612.0,80.0
37656,142.9,7.00,19.36,0.1356,7.38,612.0,80.0
37663,147.1,6.80,19.36,0.1317,7.60,612.0,80.0
37670,142.9,7.00,19.36,0.1355,7.38,612.0,80.0
37677,142.9,7.00,19.36,0.1355,7.38,612.0,80.0
37684,147.1,6.80,19.36,0.1317,7.60,612.0,80.0
37691,142.9,7.00,19.36,0.1355,7.38,612.0,80.0
37698,144.9,6.90,19.36,0.1336,7.48,612.0,80.0
37705,142.9,7.00,19.36,0.1355,7.38,612.0,80.0
37712,142.9,7.00,19.36,0.1355,7.38,612.0,80.0
37719,144.9,6.90,19.36,0.1336,7.48,612.0,80.0
37726,144.9,6.90,19.36,0.1336,7.48,612.0,80.0
37733,142.9,7.00,19.36,0.1355,7.38,612.0,80.0
37740,144.9,6.90,19.36,0.1336,7.49,612.0,80.0
37747,142.9,7.00,19.36,0.1355,7.38,612.0,80.0
37754,144.9,6.90,19.36,0.1336,7.49,612.0,80.0
37761,142.9,7.00,19.36,0.1355,7.38,612.0,80.0
37767,144.9,6.90,19.36,0.1336,7.49,612.0,80.0
37774,144.9,6.90,19.36,0.1336,7.49,612.0,80.0
37781,142.9,7.00,19.35,0.1355,7.38,612.0,80.0
37788,142.9,7.00,19.35,0.1355,7.38,612.0,80.0
37795,144.9,6.90,19.35,0.1335,7.49,612.0,80.0
37802,144.9,6.90,19.35,0.1335,7.49,612.0,80.0
37809,142.9,7.00,19.35,0.1355,7.38,612.0,80.0
37816,144.9,6.90,19.35,0.1335,7.49,612.0,80.0
37823,142.9,7.00,19.35,0.1355,7.38,612.0,80.0
37830,142.9,7.00,19.35,0.1355,7.38,612.0,80.0
37837,144.9,6.90,19.35,0.1335,7.49,612.0,80.0
37844,144.9,6.90,19.35,0.1335,7.49,612.0,80.0
37851,142.9,7.00,19.35,0.1354,7.39,612.0,80.0
37858,144.9,6.90,19.35,0.1335,7.49,612.0,80.0
37865,144.9,6.90,19.35,0.1335,7.49,612.0,80.0
37872,142.9,7.00,19.35,0.1354,7.39,612.0,80.0
37879,142.9,7.00,19.35,0.1354,7.39,612.0,80.0
37886,144.9,6.90,19.35,0.1335,7.49,612.0,80.0
37892,144.9,6.90,19.35,0.1335,7.49,612.0,80.0
37899,144.9,6.90,19.35,0.1335,7.49,612.0,80.0
37906,142.9,7.00,19.34,0.1354,7.39,612.0,80.0
37913,142.9,7.00,19.34,0.1354,7.39,612.0,80.0
37920,144.9,6.90,19.34,0.1335,7.49,612.0,80.0
37927,144.9,6.90,19.34,0.1335,7.49,612.0,80.0
37934,142.9,7.00,19.34,0.1354,7.39,612.0,80.0
37941,142.9,7.00,19.34,0.1354,7.39,612.0,80.0
37948,144.9,6.90,19.34,0.1335,7.49,612.0,80.0
37955,144.9,6.90,19.34,0.1335,7.49,612.0,80.0
37962,142.9,7.00,19.34,0.1354,7.39,612.0,80.0
37969,142.9,7.00,19.34,0.1354,7.39,612.0,80.0
37976,142.9,7.00,19.34,0.1354,7.39,612.0,80.0
37983,144.9,6.90,19.34,0.1334,7.49,612.0,80.0
37990,142.9,7.00,19.34,0.1354,7.39,612.0,80.0
37997,147.1,6.80,19.34,0.1315,7.61,612.0,80.0
38004,142.9,7.00,19.34,0.1354,7.39,612.0,80.0
38011,142.9,7.00,19.34,0.1354,7.39,612.0,80.0
38018,144.9,6.90,19.34,0.1334,7.49,612.0,80.0
38024,144.9,6.90,19.34,0.1334,7.49,612.0,80.0
38031,144.9,6.90,19.33,0.1334,7.49,612.0,80.0
38038,144.9,6.90,19.33,0.1334,7.49,612.0,80.0
38045,142.9,7.00,19.33,0.1353,7.39,612.0,80.0
38052,147.1,6.80,19.33,0.1315,7.61,612.0,80.0
38059,140.8,7.10,19.33,0.1373,7.28,612.0,80.0
38066,144.9,6.90,19.33,0.1334,7.50,612.0,80.0
38073,144.9,6.90,19.33,0.1334,7.50,612.0,80.0
38080,144.9,6.90,19.33,0.1334,7.50,612.0,80.0
38087,144.9,6.90,19.33,0.1334,7.50,612.0,80.0
38094,140.8,7.10,19.33,0.1372,7.28,612.0,80.0
38101,144.9,6.90,19.33,0.1334,7.50,612.0,80.0
38108,144.9,6.90,19.33,0.1334,7.50,612.0,80.0
38115,142.9,7.00,19.33,0.1353,7.39,612.0,80.0
38122,144.9,6.90,19.33,0.1334,7.50,612.0,80.0
38129,142.9,7.00,19.33,0.1353,7.39,612.0,80.0
38136,142.9,7.00,19.33,0.1353,7.39,612.0,80.0
38142,144.9,6.90,19.33,0.1334,7.50,612.0,80.0
38149,142.9,7.00,19.33,0.1353,7.39,612.0,80.0
38156,144.9,6.90,19.33,0.1334,7.50,612.0,80.0
38163,144.9,6.90,19.33,0.1334,7.50,612.0,80.0
38170,140.8,7.10,19.33,0.1373,7.28,612.0,80.0
38177,144.9,6.90,19.33,0.1334,7.50,612.0,80.0
38184,144.9,6.90,19.33,0.1334,7.50,612.0,80.0
38191,142.9,7.00,19.33,0.1353,7.39,612.0,80.0
38198,144.9,6.90,19.33,0.1334,7.50,612.0,80.0
38205,144.9,6.90,19.33,0.1334,7.50,612.0,80.0
38212,144.9,6.90,19.33,0.1334,7.50,612.0,80.0
38219,142.9,7.00,19.33,0.1353,7.39,612.0,80.0
38226,142.9,7.00,19.33,0.1353,7.39,612.0,80.0
38233,142.9,7.00,19.33,0.1353,7.39,612.0,80.0
38240,144.9,6.90,19.33,0.1334,7.49,612.0,80.0
38247,144.9,6.90,19.33,0.1334,7.49,612.0,80.0
38254,142.9,7.00,19.33,0.1353,7.39,612.0,80.0
38261,144.9,6.90,19.33,0.1334,7.49,612.0,80.0
38268,142.9,7.00,19.33,0.1353,7.39,612.0,80.0
38274,144.9,6.90,19.33,0.1334,7.49,612.0,80.0
38281,142.9,7.00,19.33,0.1353,7.39,612.0,80.0
38288,147.1,6.80,19.33,0.1315,7.61,612.0,80.0
38295,142.9,7.00,19.33,0.1353,7.39,612.0,80.0
38302,142.9,7.00,19.33,0.1353,7.39,612.0,80.0
38309,144.9,6.90,19.33,0.1334,7.49,612.0,80.0
38316,142.9,7.00,19.33,0.1353,7.39,612.0,80.0
38323,144.9,6.90,19.33,0.1334,7.49,612.0,80.0
38330,142.9,7.00,19.33,0.1353,7.39,612.0,80.0
38337,144.9,6.90,19.33,0.1334,7.49,612.0,80.0
38344,144.9,6.90,19.34,0.1334,7.49,612.0,80.0
38351,142.9,7.00,19.34,0.1353,7.39,612.0,80.0
38358,144.9,6.90,19.34,0.1334,7.49,612.0,80.0
38365,142.9,7.00,19.34,0.1353,7.39,612.0,80.0
38372,144.9,6.90,19.34,0.1334,7.49,612.0,80.0
38379,142.9,7.00,19.34,0.1354,7.39,612.0,80.0
38386,144.9,6.90,19.34,0.1334,7.49,612.0,80.0
38392,144.9,6.90,19.34,0.1334,7.49,612.0,80.0
38399,142.9,7.00,19.34,0.1354,7.39,612.0,80.0
38406,142.9,7.00,19.34,0.1354,7.39,612.0,80.0
38413,144.9,6.90,19.34,0.1334,7.49,612.0,80.0
38420,144.9,6.90,19.34,0.1334,7.49,612.0,80.0
38427,142.9,7.00,19.34,0.1354,7.39,612.0,80.0
38434,144.9,6.90,19.34,0.1334,7.49,612.0,80.0
38441,144.9,6.90,19.34,0.1334,7.49,612.0,80.0
38448,142.9,7.00,19.34,0.1354,7.39,612.0,80.0
38455,144.9,6.90,19.34,0.1334,7.49,612.0,80.0
38462,142.9,7.00,19.34,0.1354,7.39,612.0,80.0
38469,144.9,6.90,19.34,0.1334,7.49,612.0,80.0
38476,144.9,6.90,19.34,0.1334,7.49,612.0,80.0
38483,144.9,6.90,19.34,0.1334,7.49,612.0,80.0
38490,142.9,7.00,19.34,0.1354,7.39,612.0,80.0
38497,144.9,6.90,19.34,0.1334,7.49,612.0,80.0
38504,142.9,7.00,19.34,0.1354,7.39,612.0,80.0
38511,142.9,7.00,19.34,0.1354,7.39,612.0,80.0
38517,144.9,6.90,19.34,0.1334,7.49,612.0,80.0
38524,144.9,6.90,19.34,0.1334,7.49,612.0,80.0
38531,142.9,7.00,19.34,0.1354,7.39,612.0,80.0
38538,144.9,6.90,19.34,0.1334,7.49,612.0,80.0
38545,140.8,7.10,19.34,0.1373,7.28,612.0,80.0
38552,144.9,6.90,19.34,0.1334,7.49,612.0,80.0
38559,147.1,6.80,19.34,0.1315,7.61,612.0,80.0
38566,140.8,7.10,19.34,0.1373,7.28,612.0,80.0
38573,144.9,6.90,19.34,0.1334,7.49,612.0,80.0
38580,144.9,6.90,19.34,0.1334,7.49,612.0,80.0
38587,142.9,7.00,19.34,0.1354,7.39,612.0,80.0
38594,144.9,6.90,19.34,0.1334,7.49,612.0,80.0
38601,144.9,6.90,19.34,0.1334,7.49,612.0,80.0
38608,142.9,7.00,19.34,0.1354,7.39,612.0,80.0
38615,142.9,7.00,19.34,0.1354,7.39,612.0,80.0
38622,144.9,6.90,19.34,0.1335,7.49,612.0,80.0
38629,142.9,7.00,19.34,0.1354,7.39,612.0,80.0
38636,144.9,6.90,19.34,0.1335,7.49,612.0,80.0
38643,142.9,7.00,19.34,0.1354,7.39,612.0,80.0
38649,144.9,6.90,19.34,0.1335,7.49,612.0,80.0
38656,142.9,7.00,19.34,0.1354,7.39,612.0,80.0
38663,144.9,6.90,19.34,0.1335,7.49,612.0,80.0
38670,142.9,7.00,19.34,0.1354,7.39,612.0,80.0
38677,144.9,6.90,19.34,0.1335,7.49,612.0,80.0
38684,144.9,6.90,19.34,0.1335,7.49,612.0,80.0
38691,140.8,7.10,19.34,0.1373,7.28,612.0,80.0
38698,144.9,6.90,19.34,0.1335,7.49,612.0,80.0
38705,144.9,6.90,19.34,0.1335,7.49,612.0,80.0
38712,144.9,6.90,19.34,0.1335,7.49,612.0,80.0
38719,144.9,6.90,19.34,0.1335,7.49,612.0,80.0
38726,140.8,7.10,19.34,0.1373,7.28,612.0,80.0
38733,147.1,6.80,19.34,0.1315,7.60,612.0,80.0
38740,142.9,7.00,19.34,0.1354,7.39,612.0,80.0
38747,144.9,6.90,19.34,0.1335,7.49,612.0,80.0
38754,144.9,6.90,19.34,0.1335,7.49,612.0,80.0
38760,144.9,6.90,19.34,0.1335,7.49,612.0,80.0
38767,142.9,7.00,19.34,0.1354,7.39,612.0,80.0
38774,142.9,7.00,19.34,0.1354,7.39,612.0,80.0
38781,142.9,7.00,19.34,0.1354,7.39,612.0,80.0
38788,144.9,6.90,19.34,0.1335,7.49,612.0,80.0
38795,144.9,6.90,19.34,0.1335,7.49,612.0,80.0
38802,144.9,6.90,19.34,0.1335,7.49,612.0,80.0
38809,142.9,7.00,19.34,0.1354,7.39,612.0,80.0
38816,142.9,7.00,19.34,0.1354,7.39,612.0,80.0
38823,144.9,6.90,19.34,0.1335,7.49,612.0,80.0
38830,142.9,7.00,19.34,0.1354,7.39,612.0,80.0
38837,144.9,6.90,19.34,0.1335,7.49,612.0,80.0
38844,144.9,6.90,19.35,0.1335,7.49,612.0,80.0
38851,144.9,6.90,19.35,0.1335,7.49,612.0,80.0
38858,142.9,7.00,19.35,0.1354,7.39,612.0,80.0
38865,142.9,7.00,19.35,0.1354,7.39,612.0,80.0
38872,144.9,6.90,19.35,0.1335,7.49,612.0,80.0
38879,144.9,6.90,19.35,0.1335,7.49,612.0,80.0
38886,142.9,7.00,19.35,0.1354,7.39,612.0,80.0
38892,144.9,6.90,19.35,0.1335,7.49,612.0,80.0
38899,142.9,7.00,19.35,0.1354,7.39,612.0,80.0
38906,144.9,6.90,19.35,0.1335,7.49,612.0,80.0
38913,142.9,7.00,19.35,0.1354,7.39,612.0,80.0
38920,144.9,6.90,19.35,0.1335,7.49,612.0,80.0
38927,142.9,7.00,19.35,0.1354,7.39,612.0,80.0
38934,144.9,6.90,19.35,0.1335,7.49,612.0,80.0
38941,142.9,7.00,19.35,0.1354,7.39,612.0,80.0
38948,144.9,6.90,19.35,0.1335,7.49,612.0,80.0
38955,144.9,6.90,19.35,0.1335,7.49,612.0,80.0
38962,142.9,7.00,19.35,0.1354,7.39,612.0,80.0
38969,147.1,6.80,19.35,0.1316,7.60,612.0,80.0
38976,142.9,7.00,19.35,0.1354,7.39,612.0,80.0
38983,142.9,7.00,19.35,0.1354,7.39,612.0,80.0
38990,144.9,6.90,19.35,0.1335,7.49,612.0,80.0
38997,142.9,7.00,19.35,0.1354,7.39,612.0,80.0
39004,144.9,6.90,19.35,0.1335,7.49,612.0,80.0
39011,142.9,7.00,19.35,0.1354,7.39,612.0,80.0
39018,142.9,7.00,19.35,0.1354,7.39,612.0,80.0
39024,144.9,6.90,19.35,0.1335,7.49,612.0,80.0
39031,144.9,6.90,19.35,0.1335,7.49,612.0,80.0
39038,144.9,6.90,19.35,0.1335,7.49,612.0,80.0
39045,144.9,6.90,19.35,0.1335,7.49,612.0,80.0
39052,144.9,6.90,19.35,0.1335,7.49,612.0,80.0
39059,142.9,7.00,19.35,0.1354,7.39,612.0,80.0
39066,144.9,6.90,19.35,0.1335,7.49,612.0,80.0
39073,142.9,7.00,19.35,0.1354,7.39,612.0,80.0
39080,142.9,7.00,19.35,0.1354,7.39,612.0,80.0
39087,144.9,6.90,19.35,0.1335,7.49,612.0,80.0
39094,144.9,6.90,19.35,0.1335,7.49,612.0,80.0
39101,140.8,7.10,19.35,0.1374,7.28,612.0,80.0
39108,142.9,7.00,19.35,0.1354,7.39,612.0,80.0
39115,144.9,6.90,19.35,0.1335,7.49,612.0,80.0
39122,144.9,6.90,19.35,0.1335,7.49,612.0,80.0
39129,144.9,6.90,19.35,0.1335,7.49,612.0,80.0
39136,142.9,7.00,19.35,0.1354,7.39,612.0,80.0
39142,144.9,6.90,19.35,0.1335,7.49,612.0,80.0
39149,142.9,7.00,19.35,0.1354,7.39,612.0,80.0
39156,144.9,6.90,19.35,0.1335,7.49,612.0,80.0
39163,144.9,6.90,19.35,0.1335,7.49,612.0,80.0
39170,142.9,7.00,19.35,0.1354,7.39,612.0,80.0
39177,144.9,6.90,19.35,0.1335,7.49,612.0,80.0
39184,140.8,7.10,19.35,0.1374,7.28,612.0,80.0
39191,144.9,6.90,19.35,0.1335,7.49,612.0,80.0
39198,144.9,6.90,19.35,0.1335,7.49,612.0,80.0
39205,142.9,7.00,19.35,0.1354,7.39,612.0,80.0
39212,147.1,6.80,19.35,0.1315,7.60,612.0,80.0
39219,142.9,7.00,19.34,0.1354,7.39,612.0,80.0
39226,142.9,7.00,19.34,0.1354,7.39,612.0,80.0
39233,144.9,6.90,19.34,0.1335,7.49,612.0,80.0
39240,144.9,6.90,19.34,0.1335,7.49,612.0,80.0
39247,142.9,7.00,19.34,0.1354,7.39,612.0,80.0
39254,144.9,6.90,19.34,0.1335,7.49,612.0,80.0
39261,142.9,7.00,19.34,0.1354,7.39,612.0,80.0
39267,144.9,6.90,19.34,0.1335,7.49,612.0,80.0
39274,144.9,6.90,19.34,0.1335,7.49,612.0,80.0
39281,142.9,7.00,19.34,0.1354,7.39,612.0,80.0
39288,142.9,7.00,19.34,0.1354,7.39,612.0,80.0
39295,144.9,6.90,19.34,0.1335,7.49,612.0,80.0
39302,142.9,7.00,19.34,0.1354,7.39,612.0,80.0
39309,144.9,6.90,19.34,0.1335,7.49,612.0,80.0
39316,144.9,6.90,19.34,0.1335,7.49,612.0,80.0
39323,142.9,7.00,19.34,0.1354,7.39,612.0,80.0
39330,144.9,6.90,19.34,0.1334,7.49,612.0,80.0
39337,144.9,6.90,19.34,0.1334,7.49,612.0,80.0
39344,142.9,7.00,19.34,0.1354,7.39,612.0,80.0
39351,142.9,7.00,19.34,0.1354,7.39,612.0,80.0
39358,144.9,6.90,19.34,0.1334,7.49,612.0,80.0
39365,144.9,6.90,19.34,0.1334,7.49,612.0,80.0
39372,142.9,7.00,19.34,0.1354,7.39,612.0,80.0
39379,144.9,6.90,19.34,0.1334,7.49,612.0,80.0
39386,142.9,7.00,19.34,0.1354,7.39,612.0,80.0
39392,144.9,6.90,19.34,0.1334,7.49,612.0,80.0
39399,142.9,7.00,19.34,0.1354,7.39,612.0,80.0
39406,144.9,6.90,19.34,0.1334,7.49,612.0,80.0
39413,147.1,6.80,19.34,0.1315,7.61,612.0,80.0
39420,140.8,7.10,19.34,0.1373,7.28,612.0,80.0
39427,142.9,7.00,19.34,0.1354,7.39,612.0,80.0
39434,144.9,6.90,19.34,0.1334,7.49,612.0,80.0
39441,144.9,6.90,19.34,0.1334,7.49,612.0,80.0
39448,144.9,6.90,19.34,0.1334,7.49,612.0,80.0
39455,140.8,7.10,19.34,0.1373,7.28,612.0,80.0
39462,147.1,6.80,19.34,0.1315,7.61,612.0,80.0
39469,142.9,7.00,19.33,0.1353,7.39,612.0,80.0
39476,144.9,6.90,19.33,0.1334,7.49,612.0,80.0
39483,144.9,6.90,19.33,0.1334,7.49,612.0,80.0
39490,142.9,7.00,19.33,0.1353,7.39,612.0,80.0
39497,144.9,6.90,19.33,0.1334,7.49,612.0,80.0
39504,142.9,7.00,19.33,0.1353,7.39,612.0,80.0
39511,142.9,7.00,19.33,0.1353,7.39,612.0,80.0
39517,144.9,6.90,19.33,0.1334,7.49,612.0,80.0
39524,142.9,7.00,19.33,0.1353,7.39,612.0,80.0
39531,144.9,6.90,19.33,0.1334,7.50,612.0,80.0
39538,142.9,7.00,19.33,0.1353,7.39,612.0,80.0
39545,147.1,6.80,19.33,0.1315,7.61,612.0,80.0
39552,140.8,7.10,19.33,0.1373,7.28,612.0,80.0
39559,144.9,6.90,19.33,0.1334,7.50,612.0,80.0
39566,144.9,6.90,19.33,0.1334,7.50,612.0,80.0
39573,142.9,7.00,19.33,0.1353,7.39,612.0,80.0
39580,142.9,7.00,19.33,0.1353,7.39,612.0,80.0
39587,144.9,6.90,19.33,0.1334,7.50,612.0,80.0
39594,144.9,6.90,19.33,0.1334,7.50,612.0,80.0
39601,144.9,6.90,19.33,0.1334,7.50,612.0,80.0
39608,142.9,7.00,19.33,0.1353,7.39,612.0,80.0
39615,142.9,7.00,19.33,0.1353,7.39,612.0,80.0
39622,147.1,6.80,19.33,0.1314,7.61,612.0,80.0
39629,142.9,7.00,19.33,0.1353,7.39,612.0,80.0
39635,144.9,6.90,19.33,0.1334,7.50,612.0,80.0
39642,142.9,7.00,19.33,0.1353,7.39,612.0,80.0
39649,142.9,7.00,19.33,0.1353,7.39,612.0,80.0
39656,144.9,6.90,19.33,0.1334,7.50,612.0,80.0
39663,142.9,7.00,19.33,0.1353,7.39,612.0,80.0
39670,144.9,6.90,19.33,0.1334,7.50,612.0,80.0
39677,144.9,6.90,19.33,0.1334,7.50,612.0,80.0
39684,142.9,7.00,19.33,0.1353,7.39,612.0,80.0
39691,144.9,6.90,19.33,0.1333,7.50,612.0,80.0
39698,142.9,7.00,19.33,0.1353,7.39,612.0,80.0
39705,144.9,6.90,19.33,0.1333,7.50,612.0,80.0
39712,144.9,6.90,19.33,0.1333,7.50,612.0,80.0
39719,142.9,7.00,19.32,0.1353,7.39,612.0,80.0
39726,144.9,6.90,19.32,0.1333,7.50,612.0,80.0
39733,142.9,7.00,19.32,0.1353,7.39,612.0,80.0
39740,144.9,6.90,19.32,0.1333,7.50,612.0,80.0
39747,144.9,6.90,19.32,0.1333,7.50,612.0,80.0
39754,142.9,7.00,19.32,0.1353,7.40,612.0,80.0
39761,142.9,7.00,19.32,0.1353,7.40,612.0,80.0
39767,144.9,6.90,19.32,0.1333,7.50,612.0,80.0
39774,144.9,6.90,19.32,0.1333,7.50,612.0,80.0
39781,142.9,7.00,19.32,0.1353,7.40,612.0,80.0
39788,142.9,7.00,19.32,0.1353,7.40,612.0,80.0
39795,144.9,6.90,19.32,0.1333,7.50,612.0,80.0
39802,144.9,6.90,19.32,0.1333,7.50,612.0,80.0
39809,142.9,7.00,19.32,0.1352,7.40,612.0,80.0
39816,144.9,6.90,19.32,0.1333,7.50,612.0,80.0
39823,142.9,7.00,19.32,0.1352,7.40,612.0,80.0
39830,144.9,6.90,19.32,0.1333,7.50,612.0,80.0
39837,144.9,6.90,19.32,0.1333,7.50,612.0,80.0
39844,142.9,7.00,19.32,0.1352,7.40,612.0,80.0
39851,144.9,6.90,19.32,0.1333,7.50,612.0,80.0
39858,142.9,7.00,19.32,0.1352,7.40,612.0,80.0
39865,144.9,6.90,19.32,0.1333,7.50,612.0,80.0
39872,142.9,7.00,19.32,0.1352,7.40,612.0,80.0
39879,142.9,7.00,19.32,0.1352,7.40,612.0,80.0
39885,147.1,6.80,19.32,0.1314,7.61,612.0,80.0
39892,142.9,7.00,19.32,0.1352,7.40,612.0,80.0
39899,142.9,7.00,19.32,0.1352,7.40,612.0,80.0
39906,144.9,6.90,19.32,0.1333,7.50,612.0,80.0
39913,142.9,7.00,19.32,0.1352,7.40,612.0,80.0
39920,144.9,6.90,19.32,0.1333,7.50,612.0,80.0
39927,144.9,6.90,19.32,0.1333,7.50,612.0,80.0
39934,144.9,6.90,19.32,0.1333,7.50,612.0,80.0
39941,140.8,7.10,19.32,0.1371,7.29,612.0,80.0
39948,147.1,6.80,19.32,0.1313,7.62,612.0,80.0
39955,142.9,7.00,19.32,0.1352,7.40,612.0,80.0
39962,142.9,7.00,19.32,0.1352,7.40,612.0,80.0
39969,147.1,6.80,19.31,0.1313,7.62,612.0,80.0
39976,142.9,7.00,19.31,0.1352,7.40,612.0,80.0
39983,142.9,7.00,19.31,0.1352,7.40,612.0,80.0
39990,144.9,6.90,19.31,0.1333,7.50,612.0,80.0
39997,142.9,7.00,19.31,0.1352,7.40,612.0,80.0
40004,144.9,6.90,19.31,0.1333,7.50,612.0,80.0
40011,142.9,7.00,19.31,0.1352,7.40,612.0,80.0
40017,144.9,6.90,19.31,0.1333,7.50,612.0,80.0
40024,142.9,7.00,19.31,0.1352,7.40,612.0,80.0
40031,144.9,6.90,19.31,0.1333,7.50,612.0,80.0
40038,147.1,6.80,19.31,0.1313,7.62,612.0,80.0
40045,142.9,7.00,19.31,0.1352,7.40,612.0,80.0
40052,142.9,7.00,19.31,0.1352,7.40,612.0,80.0
40059,144.9,6.90,19.31,0.1332,7.50,612.0,80.0
40066,147.1,6.80,19.31,0.1313,7.62,612.0,80.0
40073,140.8,7.10,19.31,0.1371,7.29,612.0,80.0
40080,144.9,6.90,19.31,0.1332,7.50,612.0,80.0
40087,144.9,6.90,19.31,0.1332,7.50,612.0,80.0
40094,142.9,7.00,19.31,0.1352,7.40,612.0,80.0
40101,144.9,6.90,19.31,0.1332,7.50,612.0,80.0
40108,142.9,7.00,19.31,0.1352,7.40,612.0,80.0
40115,144.9,6.90,19.31,0.1332,7.50,612.0,80.0
40121,144.9,6.90,19.31,0.1332,7.50,612.0,80.0
40128,142.9,7.00,19.31,0.1352,7.40,612.0,80.0
40136,140.8,7.10,19.31,0.1371,7.29,612.0,80.0
40142,147.1,6.80,19.31,0.1313,7.62,612.0,80.0
40149,142.9,7.00,19.31,0.1351,7.40,612.0,80.0
40156,144.9,6.90,19.31,0.1332,7.51,612.0,80.0
40163,140.8,7.10,19.31,0.1371,7.29,612.0,80.0
40170,144.9,6.90,19.31,0.1332,7.51,612.0,80.0
40177,144.9,6.90,19.30,0.1332,7.51,612.0,80.0
40184,142.9,7.00,19.30,0.1351,7.40,612.0,80.0
40191,144.9,6.90,19.30,0.1332,7.51,612.0,80.0
40198,144.9,6.90,19.30,0.1332,7.51,612.0,80.0
40205,142.9,7.00,19.30,0.1351,7.40,612.0,80.0
40212,144.9,6.90,19.30,0.1332,7.51,612.0,80.0
40219,142.9,7.00,19.30,0.1351,7.40,612.0,80.0
40226,144.9,6.90,19.30,0.1332,7.51,612.0,80.0
40233,144.9,6.90,19.30,0.1332,7.51,612.0,80.0
40240,144.9,6.90,19.30,0.1332,7.51,612.0,80.0
40247,142.9,7.00,19.30,0.1351,7.40,612.0,80.0
40253,144.9,6.90,19.30,0.1332,7.51,612.0,80.0
40260,142.9,7.00,19.30,0.1351,7.40,612.0,80.0
40267,147.1,6.80,19.30,0.1312,7.62,612.0,80.0
40274,140.8,7.10,19.30,0.1370,7.30,612.0,80.0
40281,144.9,6.90,19.30,0.1332,7.51,612.0,80.0
40288,142.9,7.00,19.30,0.1351,7.40,612.0,80.0
40295,144.9,6.90,19.30,0.1332,7.51,612.0,80.0
40302,144.9,6.90,19.30,0.1332,7.51,612.0,80.0
40309,140.8,7.10,19.30,0.1370,7.30,612.0,80.0
40316,144.9,6.90,19.30,0.1331,7.51,612.0,80.0
40323,142.9,7.00,19.30,0.1351,7.41,612.0,80.0
40330,142.9,7.00,19.30,0.1351,7.41,612.0,80.0
40337,144.9,6.90,19.30,0.1331,7.51,612.0,80.0
40344,142.9,7.00,19.29,0.1351,7.41,612.0,80.0
40351,147.1,6.80,19.29,0.1312,7.62,612.0,80.0
40358,144.9,6.90,19.29,0.1331,7.51,612.0,80.0
40365,142.9,7.00,19.29,0.1351,7.41,612.0,80.0
40372,142.9,7.00,19.29,0.1351,7.41,612.0,80.0
40379,144.9,6.90,19.29,0.1331,7.51,612.0,80.0
40385,144.9,6.90,19.29,0.1331,7.51,612.0,80.0
40392,142.9,7.00,19.29,0.1350,7.41,612.0,80.0
40399,144.9,6.90,19.29,0.1331,7.51,612.0,80.0
40406,142.9,7.00,19.29,0.1350,7.41,612.0,80.0
40413,144.9,6.90,19.29,0.1331,7.51,612.0,80.0
40420,142.9,7.00,19.29,0.1350,7.41,612.0,80.0
40427,144.9,6.90,19.29,0.1331,7.51,612.0,80.0
40434,144.9,6.90,19.29,0.1331,7.51,612.0,80.0
40441,142.9,7.00,19.29,0.1350,7.41,612.0,80.0
40448,142.9,7.00,19.29,0.1350,7.41,612.0,80.0
40455,147.1,6.80,19.29,0.1312,7.63,612.0,80.0
40462,140.8,7.10,19.29,0.1369,7.30,612.0,80.0
40469,144.9,6.90,19.29,0.1331,7.51,612.0,80.0
40476,144.9,6.90,19.29,0.1331,7.51,612.0,80.0
40483,144.9,6.90,19.29,0.1331,7.51,612.0,80.0
40490,142.9,7.00,19.29,0.1350,7.41,612.0,80.0
40497,144.9,6.90,19.29,0.1331,7.51,612.0,80.0
40503,144.9,6.90,19.29,0.1331,7.51,612.0,80.0
40510,142.9,7.00,19.28,0.1350,7.41,612.0,80.0
40517,142.9,7.00,19.28,0.1350,7.41,612.0,80.0
40524,144.9,6.90,19.28,0.1331,7.51,612.0,80.0
40531,144.9,6.90,19.28,0.1331,7.51,612.0,80.0
40538,142.9,7.00,19.28,0.1350,7.41,612.0,80.0
40545,142.9,7.00,19.28,0.1350,7.41,612.0,80.0
40552,144.9,6.90,19.28,0.1330,7.51,612.0,80.0
40559,142.9,7.00,19.28,0.1350,7.41,612.0,80.0
40566,142.9,7.00,19.28,0.1350,7.41,612.0,80.0
40573,144.9,6.90,19.28,0.1330,7.52,612.0,80.0
40580,144.9,6.90,19.28,0.1330,7.52,612.0,80.0
40587,144.9,6.90,19.28,0.1330,7.52,612.0,80.0
40594,142.9,7.00,19.28,0.1350,7.41,612.0,80.0
40601,142.9,7.00,19.28,0.1350,7.41,612.0,80.0
40608,142.9,7.00,19.28,0.1350,7.41,612.0,80.0
40615,144.9,6.90,19.28,0.1330,7.52,612.0,80.0
40622,142.9,7.00,19.28,0.1349,7.41,612.0,80.0
40629,144.9,6.90,19.28,0.1330,7.52,612.0,80.0
40636,142.9,7.00,19.28,0.1349,7.41,612.0,80.0
40642,147.1,6.80,19.28,0.1311,7.63,612.0,80.0
40649,142.9,7.00,19.28,0.1349,7.41,612.0,80.0
40656,144.9,6.90,19.28,0.1330,7.52,612.0,80.0
40663,142.9,7.00,19.28,0.1349,7.41,612.0,80.0
40670,144.9,6.90,19.28,0.1330,7.52,612.0,80.0
40677,144.9,6.90,19.27,0.1330,7.52,612.0,80.0
40684,140.8,7.10,19.27,0.1368,7.30,612.0,80.0
40691,147.1,6.80,19.27,0.1311,7.63,612.0,80.0
40698,142.9,7.00,19.27,0.1349,7.41,612.0,80.0
40705,140.8,7.10,19.27,0.1368,7.31,612.0,80.0
40712,144.9,6.90,19.27,0.1330,7.52,612.0,80.0
40719,147.1,6.80,19.27,0.1311,7.63,612.0,80.0
40726,140.8,7.10,19.27,0.1368,7.31,612.0,80.0
40733,140.8,7.10,19.27,0.1368,7.31,612.0,80.0
40740,149.3,6.70,19.27,0.1291,7.75,612.0,80.0
40747,142.9,7.00,19.27,0.1349,7.42,612.0,80.0
40754,144.9,6.90,19.27,0.1330,7.52,612.0,80.0
40761,142.9,7.00,19.27,0.1349,7.42,612.0,80.0
40767,147.1,6.80,19.27,0.1310,7.63,612.0,80.0
40774,142.9,7.00,19.27,0.1349,7.42,612.0,80.0
40781,142.9,7.00,19.27,0.1349,7.42,612.0,80.0
40788,147.1,6.80,19.27,0.1310,7.63,612.0,80.0
40795,142.9,7.00,19.27,0.1349,7.42,612.0,80.0
40802,142.9,7.00,19.27,0.1349,7.42,612.0,80.0
40809,142.9,7.00,19.27,0.1349,7.42,612.0,80.0
40816,144.9,6.90,19.27,0.1329,7.52,612.0,80.0
40823,144.9,6.90,19.27,0.1329,7.52,612.0,80.0
40830,142.9,7.00,19.27,0.1349,7.42,612.0,80.0
40837,147.1,6.80,19.27,0.1310,7.64,612.0,80.0
40844,140.8,7.10,19.26,0.1368,7.31,612.0,80.0
40851,147.1,6.80,19.26,0.1310,7.64,612.0,80.0
40858,142.9,7.00,19.26,0.1348,7.42,612.0,80.0
40865,142.9,7.00,19.26,0.1348,7.42,612.0,80.0
40872,142.9,7.00,19.26,0.1348,7.42,612.0,80.0
40879,144.9,6.90,19.26,0.1329,7.52,612.0,80.0
40886,144.9,6.90,19.26,0.1329,7.52,612.0,80.0
40892,144.9,6.90,19.26,0.1329,7.52,612.0,80.0
40899,144.9,6.90,19.26,0.1329,7.52,612.0,80.0
40906,142.9,7.00,19.26,0.1348,7.42,612.0,80.0
40913,142.9,7.00,19.26,0.1348,7.42,612.0,80.0
40920,147.1,6.80,19.26,0.1310,7.64,612.0,80.0
40927,140.8,7.10,19.26,0.1367,7.31,612.0,80.0
40934,147.1,6.80,19.26,0.1310,7.64,612.0,80.0
40941,142.9,7.00,19.26,0.1348,7.42,612.0,80.0
40948,142.9,7.00,19.26,0.1348,7.42,612.0,80.0
40955,144.9,6.90,19.26,0.1329,7.52,612.0,80.0
40962,142.9,7.00,19.26,0.1348,7.42,612.0,80.0
40969,144.9,6.90,19.26,0.1329,7.52,612.0,80.0
40976,144.9,6.90,19.26,0.1329,7.52,612.0,80.0
40983,142.9,7.00,19.26,0.1348,7.42,612.0,80.0
40990,142.9,7.00,19.26,0.1348,7.42,612.0,80.0
40997,144.9,6.90,19.26,0.1329,7.53,612.0,80.0
41004,144.9,6.90,19.26,0.1329,7.53,612.0,80.0
41011,142.9,7.00,19.25,0.1348,7.42,612.0,80.0
41017,144.9,6.90,19.25,0.1329,7.53,612.0,80.0
41024,144.9,6.90,19.25,0.1329,7.53,612.0,80.0
41031,144.9,6.90,19.25,0.1329,7.53,612.0,80.0
41038,142.9,7.00,19.25,0.1348,7.42,612.0,80.0
41045,144.9,6.90,19.25,0.1328,7.53,612.0,80.0
41052,144.9,6.90,19.25,0.1328,7.53,612.0,80.0
41059,144.9,6.90,19.25,0.1328,7.53,612.0,80.0
41066,142.9,7.00,19.25,0.1348,7.42,612.0,80.0
41073,142.9,7.00,19.25,0.1348,7.42,612.0,80.0
41080,144.9,6.90,19.25,0.1328,7.53,612.0,80.0
41087,142.9,7.00,19.25,0.1348,7.42,612.0,80.0
41094,147.1,6.80,19.25,0.1309,7.64,612.0,80.0
41101,142.9,7.00,19.25,0.1348,7.42,612.0,80.0
41108,142.9,7.00,19.25,0.1348,7.42,612.0,80.0
41115,144.9,6.90,19.25,0.1328,7.53,612.0,80.0
41122,142.9,7.00,19.25,0.1348,7.42,612.0,80.0
41128,144.9,6.90,19.25,0.1328,7.53,612.0,80.0
41135,144.9,6.90,19.25,0.1328,7.53,612.0,80.0
41142,142.9,7.00,19.25,0.1348,7.42,612.0,80.0
41149,144.9,6.90,19.25,0.1328,7.53,612.0,80.0
41156,142.9,7.00,19.25,0.1348,7.42,612.0,80.0
41163,144.9,6.90,19.25,0.1328,7.53,612.0,80.0
41170,140.8,7.10,19.25,0.1367,7.31,612.0,80.0
41177,144.9,6.90,19.25,0.1328,7.53,612.0,80.0
41184,142.9,7.00,19.25,0.1348,7.42,612.0,80.0
41191,144.9,6.90,19.25,0.1328,7.53,612.0,80.0
41198,142.9,7.00,19.25,0.1348,7.42,612.0,80.0
41205,144.9,6.90,19.25,0.1328,7.53,612.0,80.0
41212,144.9,6.90,19.25,0.1328,7.53,612.0,80.0
41219,142.9,7.00,19.25,0.1348,7.42,612.0,80.0
41226,144.9,6.90,19.25,0.1328,7.53,612.0,80.0
41233,142.9,7.00,19.25,0.1348,7.42,612.0,80.0
41240,147.1,6.80,19.25,0.1309,7.64,612.0,80.0
41247,142.9,7.00,19.25,0.1348,7.42,612.0,80.0
41254,142.9,7.00,19.25,0.1348,7.42,612.0,80.0
41260,144.9,6.90,19.25,0.1328,7.53,612.0,80.0
41267,142.9,7.00,19.25,0.1348,7.42,612.0,80.0
41274,144.9,6.90,19.25,0.1329,7.53,612.0,80.0
41281,142.9,7.00,19.25,0.1348,7.42,612.0,80.0
41288,147.1,6.80,19.25,0.1309,7.64,612.0,80.0
41295,140.8,7.10,19.25,0.1367,7.31,612.0,80.0
41302,142.9,7.00,19.25,0.1348,7.42,612.0,80.0
41309,147.1,6.80,19.25,0.1309,7.64,612.0,80.0
41316,142.9,7.00,19.25,0.1348,7.42,612.0,80.0
41323,144.9,6.90,19.25,0.1329,7.53,612.0,80.0
41330,144.9,6.90,19.25,0.1329,7.53,612.0,80.0
41337,142.9,7.00,19.25,0.1348,7.42,612.0,80.0
41344,142.9,7.00,19.26,0.1348,7.42,612.0,80.0
41351,144.9,6.90,19.26,0.1329,7.53,612.0,80.0
41358,142.9,7.00,19.26,0.1348,7.42,612.0,80.0
41365,144.9,6.90,19.26,0.1329,7.53,612.0,80.0
41372,142.9,7.00,19.26,0.1348,7.42,612.0,80.0
41379,144.9,6.90,19.26,0.1329,7.53,612.0,80.0
41386,142.9,7.00,19.26,0.1348,7.42,612.0,80.0
41392,144.9,6.90,19.26,0.1329,7.52,612.0,80.0
41399,144.9,6.90,19.26,0.1329,7.52,612.0,80.0
41406,142.9,7.00,19.26,0.1348,7.42,612.0,80.0
41413,144.9,6.90,19.26,0.1329,7.52,612.0,80.0
41420,144.9,6.90,19.26,0.1329,7.52,612.0,80.0
41427,144.9,6.90,19.26,0.1329,7.52,612.0,80.0
41434,142.9,7.00,19.26,0.1348,7.42,612.0,80.0
41441,144.9,6.90,19.26,0.1329,7.52,612.0,80.0
41448,140.8,7.10,19.26,0.1367,7.31,612.0,80.0
41455,144.9,6.90,19.26,0.1329,7.52,612.0,80.0
41462,142.9,7.00,19.26,0.1348,7.42,612.0,80.0
41469,144.9,6.90,19.26,0.1329,7.52,612.0,80.0
41476,149.3,6.70,19.26,0.1290,7.75,612.0,80.0
41483,138.9,7.20,19.26,0.1387,7.21,612.0,80.0
41490,147.1,6.80,19.26,0.1310,7.64,612.0,80.0
41497,142.9,7.00,19.26,0.1348,7.42,612.0,80.0
41503,147.1,6.80,19.26,0.1310,7.64,612.0,80.0
41510,140.8,7.10,19.26,0.1367,7.31,612.0,80.0
41517,144.9,6.90,19.26,0.1329,7.52,612.0,80.0
41524,144.9,6.90,19.26,0.1329,7.52,612.0,80.0
41531,142.9,7.00,19.26,0.1348,7.42,612.0,80.0
41538,142.9,7.00,19.26,0.1348,7.42,612.0,80.0
41545,144.9,6.90,19.26,0.1329,7.52,612.0,80.0
41552,142.9,7.00,19.26,0.1348,7.42,612.0,80.0
41559,144.9,6.90,19.26,0.1329,7.52,612.0,80.0
41566,142.9,7.00,19.26,0.1348,7.42,612.0,80.0
41573,144.9,6.90,19.26,0.1329,7.52,612.0,80.0
41580,142.9,7.00,19.26,0.1348,7.42,612.0,80.0
41587,144.9,6.90,19.26,0.1329,7.52,612.0,80.0
41594,144.9,6.90,19.26,0.1329,7.52,612.0,80.0
41601,142.9,7.00,19.26,0.1348,7.42,612.0,80.0
41608,144.9,6.90,19.26,0.1329,7.52,612.0,80.0
41615,144.9,6.90,19.26,0.1329,7.52,612.0,80.0
41622,142.9,7.00,19.26,0.1348,7.42,612.0,80.0
41629,142.9,7.00,19.26,0.1348,7.42,612.0,80.0
41635,144.9,6.90,19.26,0.1329,7.52,612.0,80.0
41642,144.9,6.90,19.26,0.1329,7.52,612.0,80.0
41649,142.9,7.00,19.26,0.1348,7.42,612.0,80.0
41656,142.9,7.00,19.26,0.1348,7.42,612.0,80.0
41663,144.9,6.90,19.26,0.1329,7.52,612.0,80.0
41670,142.9,7.00,19.26,0.1348,7.42,612.0,80.0
41677,144.9,6.90,19.26,0.1329,7.52,612.0,80.0
41684,144.9,6.90,19.26,0.1329,7.52,612.0,80.0
41691,142.9,7.00,19.26,0.1348,7.42,612.0,80.0
41698,147.1,6.80,19.26,0.1310,7.64,612.0,80.0
41705,138.9,7.20,19.26,0.1387,7.21,612.0,80.0
41712,144.9,6.90,19.26,0.1329,7.52,612.0,80.0
41719,142.9,7.00,19.26,0.1348,7.42,612.0,80.0
41726,144.9,6.90,19.26,0.1329,7.52,612.0,80.0
41733,144.9,6.90,19.26,0.1329,7.52,612.0,80.0
41740,144.9,6.90,19.26,0.1329,7.52,612.0,80.0
41747,140.8,7.10,19.26,0.1368,7.31,612.0,80.0
41754,147.1,6.80,19.26,0.1310,7.64,612.0,80.0
41761,142.9,7.00,19.26,0.1348,7.42,612.0,80.0
41767,144.9,6.90,19.26,0.1329,7.52,612.0,80.0
41774,142.9,7.00,19.26,0.1348,7.42,612.0,80.0
41781,144.9,6.90,19.26,0.1329,7.52,612.0,80.0
41788,142.9,7.00,19.26,0.1348,7.42,612.0,80.0
41795,144.9,6.90,19.26,0.1329,7.52,612.0,80.0
41802,142.9,7.00,19.26,0.1348,7.42,612.0,80.0
41809,144.9,6.90,19.26,0.1329,7.52,612.0,80.0
41816,144.9,6.90,19.26,0.1329,7.52,612.0,80.0
41823,142.9,7.00,19.26,0.1349,7.42,612.0,80.0
41830,144.9,6.90,19.26,0.1329,7.52,612.0,80.0
41837,144.9,6.90,19.26,0.1329,7.52,612.0,80.0
41844,142.9,7.00,19.27,0.1349,7.42,612.0,80.0
41851,142.9,7.00,19.27,0.1349,7.42,612.0,80.0
41858,144.9,6.90,19.27,0.1329,7.52,612.0,80.0
41865,144.9,6.90,19.27,0.1329,7.52,612.0,80.0
41872,142.9,7.00,19.27,0.1349,7.42,612.0,80.0
41879,144.9,6.90,19.27,0.1329,7.52,612.0,80.0
41886,142.9,7.00,19.27,0.1349,7.42,612.0,80.0
41892,147.1,6.80,19.27,0.1310,7.64,612.0,80.0
41899,142.9,7.00,19.27,0.1349,7.42,612.0,80.0
41906,140.8,7.10,19.27,0.1368,7.31,612.0,80.0
41913,147.1,6.80,19.27,0.1310,7.64,612.0,80.0
41920,142.9,7.00,19.27,0.1349,7.42,612.0,80.0
41927,147.1,6.80,19.27,0.1310,7.63,612.0,80.0
41934,142.9,7.00,19.27,0.1349,7.42,612.0,80.0
41941,144.9,6.90,19.27,0.1329,7.52,612.0,80.0
41948,142.9,7.00,19.27,0.1349,7.42,612.0,80.0
41955,144.9,6.90,19.27,0.1329,7.52,612.0,80.0
41962,142.9,7.00,19.27,0.1349,7.42,612.0,80.0
41969,144.9,6.90,19.27,0.1329,7.52,612.0,80.0
41976,142.9,7.00,19.27,0.1349,7.42,612.0,80.0
41983,144.9,6.90,19.27,0.1329,7.52,612.0,80.0
41990,142.9,7.00,19.27,0.1349,7.42,612.0,80.0
41997,144.9,6.90,19.27,0.1329,7.52,612.0,80.0
42003,147.1,6.80,19.27,0.1310,7.63,612.0,80.0
42010,142.9,7.00,19.27,0.1349,7.42,612.0,80.0
42017,142.9,7.00,19.27,0.1349,7.42,612.0,80.0
42024,144.9,6.90,19.27,0.1330,7.52,612.0,80.0
42031,142.9,7.00,19.27,0.1349,7.42,612.0,80.0
42038,144.9,6.90,19.27,0.1330,7.52,612.0,80.0
42045,144.9,6.90,19.27,0.1330,7.52,612.0,80.0
42052,140.8,7.10,19.27,0.1368,7.31,612.0,80.0
42059,144.9,6.90,19.27,0.1330,7.52,612.0,80.0
42066,142.9,7.00,19.27,0.1349,7.42,612.0,80.0
42073,144.9,6.90,19.27,0.1330,7.52,612.0,80.0
42080,147.1,6.80,19.27,0.1310,7.63,612.0,80.0
42087,142.9,7.00,19.27,0.1349,7.42,612.0,80.0
42094,142.9,7.00,19.27,0.1349,7.42,612.0,80.0
42101,144.9,6.90,19.27,0.1330,7.52,612.0,80.0
42108,144.9,6.90,19.27,0.1330,7.52,612.0,80.0
42115,142.9,7.00,19.27,0.1349,7.42,612.0,80.0
42121,144.9,6.90,19.27,0.1329,7.52,612.0,80.0
42128,142.9,7.00,19.27,0.1349,7.42,612.0,80.0
42135,144.9,6.90,19.27,0.1329,7.52,612.0,80.0
42142,142.9,7.00,19.27,0.1349,7.42,612.0,80.0
42149,142.9,7.00,19.26,0.1349,7.42,612.0,80.0
42156,147.1,6.80,19.26,0.1310,7.64,612.0,80.0
42163,142.9,7.00,19.26,0.1348,7.42,612.0,80.0
42170,144.9,6.90,19.26,0.1329,7.52,612.0,80.0
42177,142.9,7.00,19.26,0.1348,7.42,612.0,80.0
42184,142.9,7.00,19.26,0.1348,7.42,612.0,80.0
42191,144.9,6.90,19.26,0.1329,7.52,612.0,80.0
42198,142.9,7.00,19.26,0.1348,7.42,612.0,80.0
42205,142.9,7.00,19.26,0.1348,7.42,612.0,80.0
42212,144.9,6.90,19.26,0.1329,7.52,612.0,80.0
42219,142.9,7.00,19.26,0.1348,7.42,612.0,80.0
42226,144.9,6.90,19.26,0.1329,7.52,612.0,80.0
42233,142.9,7.00,19.26,0.1348,7.42,612.0,80.0
42240,142.9,7.00,19.26,0.1348,7.42,612.0,80.0
42247,144.9,6.90,19.25,0.1329,7.53,612.0,80.0
42254,144.9,6.90,19.25,0.1329,7.53,612.0,80.0
42260,144.9,6.90,19.25,0.1328,7.53,612.0,80.0
42267,142.9,7.00,19.25,0.1348,7.42,612.0,80.0
42274,142.9,7.00,19.25,0.1348,7.42,612.0,80.0
42281,147.1,6.80,19.25,0.1309,7.64,612.0,80.0
42288,140.8,7.10,19.25,0.1367,7.31,612.0,80.0
42295,144.9,6.90,19.25,0.1328,7.53,612.0,80.0
42302,144.9,6.90,19.25,0.1328,7.53,612.0,80.0
42309,144.9,6.90,19.25,0.1328,7.53,612.0,80.0
42316,144.9,6.90,19.25,0.1328,7.53,612.0,80.0
42323,144.9,6.90,19.25,0.1328,7.53,612.0,80.0
42330,140.8,7.10,19.25,0.1366,7.32,612.0,80.0
42337,144.9,6.90,19.25,0.1328,7.53,612.0,80.0
42344,142.9,7.00,19.24,0.1347,7.43,612.0,80.0
42351,144.9,6.90,19.24,0.1328,7.53,612.0,80.0
42358,142.9,7.00,19.24,0.1347,7.43,612.0,80.0
42365,147.1,6.80,19.24,0.1309,7.64,612.0,80.0
42372,142.9,7.00,19.24,0.1347,7.43,612.0,80.0
42378,144.9,6.90,19.24,0.1328,7.53,612.0,80.0
42386,140.8,7.10,19.24,0.1366,7.32,612.0,80.0
42392,149.3,6.70,19.24,0.1289,7.76,612.0,80.0
42399,140.8,7.10,19.24,0.1366,7.32,612.0,80.0
42406,147.1,6.80,19.24,0.1308,7.65,612.0,80.0
42413,142.9,7.00,19.24,0.1347,7.43,612.0,80.0
42420,142.9,7.00,19.24,0.1347,7.43,612.0,80.0
42427,142.9,7.00,19.24,0.1347,7.43,612.0,80.0
42434,147.1,6.80,19.24,0.1308,7.65,612.0,80.0
42441,144.9,6.90,19.24,0.1327,7.53,612.0,80.0
42448,142.9,7.00,19.23,0.1346,7.43,612.0,80.0
42455,144.9,6.90,19.23,0.1327,7.53,612.0,80.0
42462,142.9,7.00,19.23,0.1346,7.43,612.0,80.0
42469,142.9,7.00,19.23,0.1346,7.43,612.0,80.0
42476,144.9,6.90,19.23,0.1327,7.53,612.0,80.0
42483,144.9,6.90,19.23,0.1327,7.53,612.0,80.0
42490,142.9,7.00,19.23,0.1346,7.43,612.0,80.0
42497,142.9,7.00,19.23,0.1346,7.43,612.0,80.0
42503,144.9,6.90,19.23,0.1327,7.54,612.0,80.0
42510,144.9,6.90,19.23,0.1327,7.54,612.0,80.0
42517,142.9,7.00,19.23,0.1346,7.43,612.0,80.0
42524,144.9,6.90,19.23,0.1327,7.54,612.0,80.0
42531,144.9,6.90,19.23,0.1327,7.54,612.0,80.0
42538,140.8,7.10,19.23,0.1365,7.32,612.0,80.0
42545,147.1,6.80,19.22,0.1307,7.65,612.0,80.0
42552,140.8,7.10,19.22,0.1365,7.32,612.0,80.0
42559,144.9,6.90,19.22,0.1326,7.54,612.0,80.0
42566,147.1,6.80,19.22,0.1307,7.65,612.0,80.0
42573,140.8,7.10,19.22,0.1365,7.32,612.0,80.0
42580,144.9,6.90,19.22,0.1326,7.54,612.0,80.0
42587,144.9,6.90,19.22,0.1326,7.54,612.0,80.0
42594,140.8,7.10,19.22,0.1365,7.33,612.0,80.0
42601,144.9,6.90,19.22,0.1326,7.54,612.0,80.0
42608,142.9,7.00,19.22,0.1345,7.44,612.0,80.0
42615,144.9,6.90,19.22,0.1326,7.54,612.0,80.0
42622,144.9,6.90,19.22,0.1326,7.54,612.0,80.0
42628,144.9,6.90,19.22,0.1326,7.54,612.0,80.0
42635,142.9,7.00,19.22,0.1345,7.44,612.0,80.0
42642,144.9,6.90,19.22,0.1326,7.54,612.0,80.0
42649,142.9,7.00,19.21,0.1345,7.44,612.0,80.0
42656,144.9,6.90,19.21,0.1326,7.54,612.0,80.0
42663,142.9,7.00,19.21,0.1345,7.44,612.0,80.0
42670,144.9,6.90,19.21,0.1326,7.54,612.0,80.0
42677,142.9,7.00,19.21,0.1345,7.44,612.0,80.0
42684,144.9,6.90,19.21,0.1326,7.54,612.0,80.0
42691,142.9,7.00,19.21,0.1345,7.44,612.0,80.0
42698,144.9,6.90,19.21,0.1325,7.54,612.0,80.0
42705,144.9,6.90,19.21,0.1325,7.54,612.0,80.0
42712,142.9,7.00,19.21,0.1345,7.44,612.0,80.0
42719,142.9,7.00,19.21,0.1345,7.44,612.0,80.0
42726,144.9,6.90,19.21,0.1325,7.54,612.0,80.0
42733,144.9,6.90,19.21,0.1325,7.54,612.0,80.0
42740,142.9,7.00,19.21,0.1344,7.44,612.0,80.0
42747,144.9,6.90,19.20,0.1325,7.55,612.0,80.0
42754,142.9,7.00,19.20,0.1344,7.44,612.0,80.0
42760,144.9,6.90,19.20,0.1325,7.55,612.0,80.0
42767,144.9,6.90,19.20,0.1325,7.55,612.0,80.0
42774,142.9,7.00,19.20,0.1344,7.44,612.0,80.0
42781,142.9,7.00,19.20,0.1344,7.44,612.0,80.0
42788,144.9,6.90,19.20,0.1325,7.55,612.0,80.0
42795,147.1,6.80,19.20,0.1306,7.66,612.0,80.0
42802,142.9,7.00,19.20,0.1344,7.44,612.0,80.0
42809,142.9,7.00,19.20,0.1344,7.44,612.0,80.0
42816,140.8,7.10,19.20,0.1363,7.33,612.0,80.0
42823,147.1,6.80,19.20,0.1305,7.66,612.0,80.0
42830,144.9,6.90,19.20,0.1325,7.55,612.0,80.0
42837,140.8,7.10,19.20,0.1363,7.34,612.0,80.0
42844,144.9,6.90,19.19,0.1324,7.55,612.0,80.0
42851,144.9,6.90,19.19,0.1324,7.55,612.0,80.0
42858,144.9,6.90,19.19,0.1324,7.55,612.0,80.0
42865,142.9,7.00,19.19,0.1343,7.45,612.0,80.0
42872,140.8,7.10,19.19,0.1363,7.34,612.0,80.0
42879,147.1,6.80,19.19,0.1305,7.66,612.0,80.0
42885,144.9,6.90,19.19,0.1324,7.55,612.0,80.0
42892,142.9,7.00,19.19,0.1343,7.45,612.0,80.0
42899,144.9,6.90,19.19,0.1324,7.55,612.0,80.0
42906,142.9,7.00,19.19,0.1343,7.45,612.0,80.0
42913,144.9,6.90,19.19,0.1324,7.55,612.0,80.0
42920,142.9,7.00,19.19,0.1343,7.45,612.0,80.0
42927,142.9,7.00,19.19,0.1343,7.45,612.0,80.0
42934,144.9,6.90,19.19,0.1324,7.55,612.0,80.0
42941,144.9,6.90,19.19,0.1324,7.55,612.0,80.0
42948,142.9,7.00,19.18,0.1343,7.45,612.0,80.0
42955,144.9,6.90,19.18,0.1324,7.55,612.0,80.0
42962,144.9,6.90,19.18,0.1324,7.55,612.0,80.0
42969,142.9,7.00,19.18,0.1343,7.45,612.0,80.0
42976,147.1,6.80,19.18,0.1304,7.67,612.0,80.0
42983,140.8,7.10,19.18,0.1362,7.34,612.0,80.0
42990,144.9,6.90,19.18,0.1323,7.55,612.0,80.0
42997,142.9,7.00,19.18,0.1343,7.45,612.0,80.0
43003,147.1,6.80,19.18,0.1304,7.67,612.0,80.0
43010,142.9,7.00,19.18,0.1342,7.45,612.0,80.0
43017,144.9,6.90,19.18,0.1323,7.56,612.0,80.0
43024,142.9,7.00,19.18,0.1342,7.45,612.0,80.0
43031,142.9,7.00,19.18,0.1342,7.45,612.0,80.0
43038,144.9,6.90,19.18,0.1323,7.56,612.0,80.0
43045,144.9,6.90,19.17,0.1323,7.56,612.0,80.0
43052,144.9,6.90,19.17,0.1323,7.56,612.0,80.0
43059,142.9,7.00,19.17,0.1342,7.45,612.0,80.0
43066,147.1,6.80,19.17,0.1304,7.67,612.0,80.0
43073,142.9,7.00,19.17,0.1342,7.45,612.0,80.0
43080,142.9,7.00,19.17,0.1342,7.45,612.0,80.0
43087,142.9,7.00,19.17,0.1342,7.45,612.0,80.0
43094,144.9,6.90,19.17,0.1323,7.56,612.0,80.0
43101,144.9,6.90,19.17,0.1323,7.56,612.0,80.0
43108,142.9,7.00,19.17,0.1342,7.45,612.0,80.0
43115,144.9,6.90,19.17,0.1323,7.56,612.0,80.0
43122,140.8,7.10,19.17,0.1361,7.35,612.0,80.0
43129,142.9,7.00,19.17,0.1342,7.45,612.0,80.0
43136,144.9,6.90,19.17,0.1323,7.56,612.0,80.0
43142,144.9,6.90,19.17,0.1323,7.56,612.0,80.0
43149,144.9,6.90,19.17,0.1323,7.56,612.0,80.0
43156,142.9,7.00,19.17,0.1342,7.45,612.0,80.0
43163,144.9,6.90,19.17,0.1323,7.56,612.0,80.0
43170,144.9,6.90,19.17,0.1323,7.56,612.0,80.0
43177,142.9,7.00,19.17,0.1342,7.46,612.0,80.0
43184,144.9,6.90,19.17,0.1323,7.56,612.0,80.0
43191,144.9,6.90,19.17,0.1323,7.56,612.0,80.0
43198,142.9,7.00,19.17,0.1342,7.46,612.0,80.0
43205,144.9,6.90,19.17,0.1323,7.56,612.0,80.0
43212,142.9,7.00,19.17,0.1342,7.46,612.0,80.0
43219,144.9,6.90,19.17,0.1323,7.56,612.0,80.0
43226,142.9,7.00,19.17,0.1342,7.46,612.0,80.0
43233,142.9,7.00,19.17,0.1342,7.46,612.0,80.0
43240,147.1,6.80,19.17,0.1303,7.67,612.0,80.0
43247,140.8,7.10,19.17,0.1361,7.35,612.0,80.0
43254,144.9,6.90,19.17,0.1323,7.56,612.0,80.0
43260,144.9,6.90,19.17,0.1322,7.56,612.0,80.0
43267,144.9,6.90,19.17,0.1322,7.56,612.0,80.0
43274,142.9,7.00,19.17,0.1342,7.46,612.0,80.0
43281,144.9,6.90,19.17,0.1322,7.56,612.0,80.0
43288,144.9,6.90,19.17,0.1322,7.56,612.0,80.0
43295,140.8,7.10,19.17,0.1361,7.35,612.0,80.0
43302,144.9,6.90,19.17,0.1322,7.56,612.0,80.0
43309,142.9,7.00,19.17,0.1342,7.46,612.0,80.0
43316,142.9,7.00,19.17,0.1342,7.46,612.0,80.0
43323,144.9,6.90,19.17,0.1322,7.56,612.0,80.0
43330,144.9,6.90,19.17,0.1322,7.56,612.0,80.0
43337,142.9,7.00,19.17,0.1342,7.46,612.0,80.0
43344,147.1,6.80,19.16,0.1303,7.68,612.0,80.0
43351,142.9,7.00,19.16,0.1342,7.46,612.0,80.0
43358,144.9,6.90,19.16,0.1322,7.56,612.0,80.0
43365,142.9,7.00,19.16,0.1342,7.46,612.0,80.0
43372,142.9,7.00,19.16,0.1342,7.46,612.0,80.0
43379,144.9,6.90,19.16,0.1322,7.56,612.0,80.0
43386,142.9,7.00,19.16,0.1341,7.46,612.0,80.0
43392,147.1,6.80,19.16,0.1303,7.68,612.0,80.0
43399,144.9,6.90,19.16,0.1322,7.56,612.0,80.0
43406,140.8,7.10,19.16,0.1361,7.35,612.0,80.0
43413,147.1,6.80,19.16,0.1303,7.68,612.0,80.0
43420,142.9,7.00,19.16,0.1341,7.46,612.0,80.0
43427,144.9,6.90,19.16,0.1322,7.56,612.0,80.0
43434,142.9,7.00,19.16,0.1341,7.46,612.0,80.0
43441,142.9,7.00,19.16,0.1341,7.46,612.0,80.0
43448,144.9,6.90,19.16,0.1322,7.56,612.0,80.0
43455,144.9,6.90,19.16,0.1322,7.56,612.0,80.0
43462,144.9,6.90,19.16,0.1322,7.56,612.0,80.0
43469,142.9,7.00,19.16,0.1341,7.46,612.0,80.0
43476,147.1,6.80,19.16,0.1303,7.68,612.0,80.0
43483,142.9,7.00,19.16,0.1341,7.46,612.0,80.0
43490,140.8,7.10,19.16,0.1361,7.35,612.0,80.0
43497,144.9,6.90,19.16,0.1322,7.56,612.0,80.0
43503,144.9,6.90,19.16,0.1322,7.56,612.0,80.0
43510,142.9,7.00,19.16,0.1341,7.46,612.0,80.0
43517,142.9,7.00,19.16,0.1341,7.46,612.0,80.0
43524,144.9,6.90,19.16,0.1322,7.56,612.0,80.0
43531,142.9,7.00,19.16,0.1341,7.46,612.0,80.0
43538,142.9,7.00,19.16,0.1341,7.46,612.0,80.0
43545,144.9,6.90,19.16,0.1322,7.56,612.0,80.0
43552,144.9,6.90,19.16,0.1322,7.56,612.0,80.0
43559,142.9,7.00,19.16,0.1341,7.46,612.0,80.0
43566,149.3,6.70,19.16,0.1284,7.79,612.0,80.0
43573,138.9,7.20,19.16,0.1380,7.25,612.0,80.0
43580,147.1,6.80,19.16,0.1303,7.68,612.0,80.0
43587,142.9,7.00,19.16,0.1341,7.46,612.0,80.0
43594,142.9,7.00,19.16,0.1341,7.46,612.0,80.0
43601,147.1,6.80,19.16,0.1303,7.68,612.0,80.0
43608,142.9,7.00,19.16,0.1341,7.46,612.0,80.0
43615,142.9,7.00,19.16,0.1341,7.46,612.0,80.0
43622,144.9,6.90,19.16,0.1322,7.56,612.0,80.0
43628,144.9,6.90,19.16,0.1322,7.56,612.0,80.0
43635,142.9,7.00,19.16,0.1341,7.46,612.0,80.0
43642,144.9,6.90,19.16,0.1322,7.56,612.0,80.0
43649,144.9,6.90,19.16,0.1322,7.56,612.0,80.0
43656,142.9,7.00,19.16,0.1341,7.46,612.0,80.0
43663,142.9,7.00,19.16,0.1341,7.46,612.0,80.0
43670,144.9,6.90,19.16,0.1322,7.56,612.0,80.0
43677,142.9,7.00,19.16,0.1341,7.46,612.0,80.0
43684,144.9,6.90,19.16,0.1322,7.56,612.0,80.0
43691,144.9,6.90,19.16,0.1322,7.56,612.0,80.0
43698,142.9,7.00,19.16,0.1341,7.46,612.0,80.0
43705,144.9,6.90,19.16,0.1322,7.56,612.0,80.0
43712,142.9,7.00,19.16,0.1341,7.46,612.0,80.0
43719,144.9,6.90,19.16,0.1322,7.56,612.0,80.0
43726,142.9,7.00,19.16,0.1341,7.46,612.0,80.0
43733,144.9,6.90,19.16,0.1322,7.56,612.0,80.0
43740,144.9,6.90,19.16,0.1322,7.56,612.0,80.0
43747,142.9,7.00,19.16,0.1341,7.46,612.0,80.0
43754,142.9,7.00,19.16,0.1341,7.46,612.0,80.0
43760,144.9,6.90,19.16,0.1322,7.56,612.0,80.0
43767,144.9,6.90,19.16,0.1322,7.56,612.0,80.0
43774,142.9,7.00,19.16,0.1341,7.46,612.0,80.0
43781,144.9,6.90,19.16,0.1322,7.56,612.0,80.0
43788,142.9,7.00,19.16,0.1341,7.46,612.0,80.0
43795,144.9,6.90,19.16,0.1322,7.56,612.0,80.0
43802,144.9,6.90,19.16,0.1322,7.56,612.0,80.0
43809,142.9,7.00,19.16,0.1341,7.46,612.0,80.0
43816,144.9,6.90,19.16,0.1322,7.56,612.0,80.0
43823,144.9,6.90,19.16,0.1322,7.56,612.0,80.0
43830,142.9,7.00,19.16,0.1341,7.46,612.0,80.0
43837,147.1,6.80,19.16,0.1303,7.68,612.0,80.0
43844,140.8,7.10,19.15,0.1360,7.35,612.0,80.0
43851,142.9,7.00,19.15,0.1341,7.46,612.0,80.0
43858,144.9,6.90,19.15,0.1322,7.56,612.0,80.0
43865,142.9,7.00,19.15,0.1341,7.46,612.0,80.0
43872,144.9,6.90,19.15,0.1322,7.56,612.0,80.0
43878,144.9,6.90,19.15,0.1322,7.56,612.0,80.0
43885,142.9,7.00,19.15,0.1341,7.46,612.0,80.0
43892,144.9,6.90,19.15,0.1322,7.56,612.0,80.0
43899,142.9,7.00,19.15,0.1341,7.46,612.0,80.0
43906,144.9,6.90,19.15,0.1322,7.57,612.0,80.0
43913,144.9,6.90,19.15,0.1322,7.57,612.0,80.0
43920,142.9,7.00,19.15,0.1341,7.46,612.0,80.0
43927,142.9,7.00,19.15,0.1341,7.46,612.0,80.0
43934,144.9,6.90,19.15,0.1322,7.57,612.0,80.0
43941,144.9,6.90,19.15,0.1322,7.57,612.0,80.0
43948,144.9,6.90,19.15,0.1322,7.57,612.0,80.0
43955,142.9,7.00,19.15,0.1341,7.46,612.0,80.0
43962,142.9,7.00,19.15,0.1341,7.46,612.0,80.0
43969,144.9,6.90,19.15,0.1322,7.57,612.0,80.0
43976,144.9,6.90,19.15,0.1322,7.57,612.0,80.0
43983,142.9,7.00,19.15,0.1341,7.46,612.0,80.0
43990,142.9,7.00,19.15,0.1341,7.46,612.0,80.0
43997,144.9,6.90,19.15,0.1321,7.57,612.0,80.0
44003,144.9,6.90,19.15,0.1321,7.57,612.0,80.0
44010,142.9,7.00,19.15,0.1341,7.46,612.0,80.0
44017,144.9,6.90,19.15,0.1321,7.57,612.0,80.0
44024,142.9,7.00,19.15,0.1341,7.46,612.0,80.0
44031,144.9,6.90,19.15,0.1321,7.57,612.0,80.0
44038,144.9,6.90,19.15,0.1321,7.57,612.0,80.0
44045,142.9,7.00,19.15,0.1341,7.46,612.0,80.0
44052,142.9,7.00,19.15,0.1341,7.46,612.0,80.0
44059,144.9,6.90,19.15,0.1321,7.57,612.0,80.0
44066,144.9,6.90,19.15,0.1321,7.57,612.0,80.0
44073,147.1,6.80,19.15,0.1302,7.68,612.0,80.0
44080,142.9,7.00,19.15,0.1341,7.46,612.0,80.0
44087,142.9,7.00,19.15,0.1341,7.46,612.0,80.0
44094,144.9,6.90,19.15,0.1321,7.57,612.0,80.0
44101,142.9,7.00,19.15,0.1341,7.46,612.0,80.0
44108,144.9,6.90,19.15,0.1321,7.57,612.0,80.0
44114,144.9,6.90,19.15,0.1321,7.57,612.0,80.0
44121,142.9,7.00,19.15,0.1341,7.46,612.0,80.0
44128,142.9,7.00,19.15,0.1341,7.46,612.0,80.0
44135,144.9,6.90,19.15,0.1322,7.57,612.0,80.0
44142,144.9,6.90,19.15,0.1322,7.57,612.0,80.0
44149,142.9,7.00,19.15,0.1341,7.46,612.0,80.0
44156,144.9,6.90,19.15,0.1322,7.57,612.0,80.0
44163,144.9,6.90,19.15,0.1322,7.56,612.0,80.0
44170,142.9,7.00,19.15,0.1341,7.46,612.0,80.0
44177,144.9,6.90,19.16,0.1322,7.56,612.0,80.0
44184,144.9,6.90,19.16,0.1322,7.56,612.0,80.0
44191,142.9,7.00,19.16,0.1341,7.46,612.0,80.0
44198,142.9,7.00,19.16,0.1341,7.46,612.0,80.0
44205,142.9,7.00,19.16,0.1341,7.46,612.0,80.0
44212,142.9,7.00,19.16,0.1341,7.46,612.0,80.0
44219,142.9,7.00,19.16,0.1341,7.46,612.0,80.0
44226,144.9,6.90,19.16,0.1322,7.56,612.0,80.0
44233,144.9,6.90,19.16,0.1322,7.56,612.0,80.0
44240,142.9,7.00,19.16,0.1341,7.46,612.0,80.0
44247,144.9,6.90,19.16,0.1322,7.56,612.0,80.0
44253,144.9,6.90,19.16,0.1322,7.56,612.0,80.0
44260,142.9,7.00,19.16,0.1341,7.46,612.0,80.0
44267,144.9,6.90,19.16,0.1322,7.56,612.0,80.0
44274,142.9,7.00,19.16,0.1341,7.46,612.0,80.0
44281,144.9,6.90,19.16,0.1322,7.56,612.0,80.0
44288,142.9,7.00,19.16,0.1341,7.46,612.0,80.0
44295,144.9,6.90,19.16,0.1322,7.56,612.0,80.0
44302,144.9,6.90,19.16,0.1322,7.56,612.0,80.0
44309,142.9,7.00,19.16,0.1341,7.46,612.0,80.0
44316,142.9,7.00,19.16,0.1341,7.46,612.0,80.0
44323,147.1,6.80,19.16,0.1303,7.68,612.0,80.0
44330,142.9,7.00,19.16,0.1341,7.46,612.0,80.0
44337,144.9,6.90,19.16,0.1322,7.56,612.0,80.0
44344,142.9,7.00,19.17,0.1342,7.46,612.0,80.0
44351,144.9,6.90,19.17,0.1322,7.56,612.0,80.0
44358,142.9,7.00,19.17,0.1342,7.46,612.0,80.0
44365,144.9,6.90,19.17,0.1322,7.56,612.0,80.0
44372,142.9,7.00,19.17,0.1342,7.46,612.0,80.0
44378,147.1,6.80,19.17,0.1303,7.67,612.0,80.0
44385,140.8,7.10,19.17,0.1361,7.35,612.0,80.0
44392,144.9,6.90,19.17,0.1323,7.56,612.0,80.0
44399,142.9,7.00,19.17,0.1342,7.45,612.0,80.0
44406,147.1,6.80,19.17,0.1303,7.67,612.0,80.0
44413,144.9,6.90,19.17,0.1323,7.56,612.0,80.0
44420,140.8,7.10,19.17,0.1361,7.34,612.0,80.0
44427,144.9,6.90,19.17,0.1323,7.56,612.0,80.0
44434,138.9,7.20,19.17,0.1380,7.25,612.0,80.0
44441,149.3,6.70,19.17,0.1284,7.79,612.0,80.0
44448,140.8,7.10,19.17,0.1361,7.34,612.0,80.0
44455,147.1,6.80,19.17,0.1304,7.67,612.0,80.0
44462,140.8,7.10,19.17,0.1361,7.34,612.0,80.0
44469,149.3,6.70,19.17,0.1285,7.79,612.0,80.0
44476,142.9,7.00,19.17,0.1342,7.45,612.0,80.0
44483,142.9,7.00,19.17,0.1342,7.45,612.0,80.0
44490,144.9,6.90,19.17,0.1323,7.56,612.0,80.0
44496,144.9,6.90,19.17,0.1323,7.56,612.0,80.0
44503,142.9,7.00,19.17,0.1342,7.45,612.0,80.0
44510,142.9,7.00,19.18,0.1342,7.45,612.0,80.0
44517,142.9,7.00,19.18,0.1342,7.45,612.0,80.0
44524,142.9,7.00,19.18,0.1342,7.45,612.0,80.0
44531,147.1,6.80,19.18,0.1304,7.67,612.0,80.0
44538,142.9,7.00,19.18,0.1342,7.45,612.0,80.0
44545,142.9,7.00,19.18,0.1342,7.45,612.0,80.0
44552,144.9,6.90,19.18,0.1323,7.56,612.0,80.0
44559,144.9,6.90,19.18,0.1323,7.56,612.0,80.0
44566,144.9,6.90,19.18,0.1323,7.56,612.0,80.0
44573,140.8,7.10,19.18,0.1362,7.34,612.0,80.0
44580,149.3,6.70,19.18,0.1285,7.78,612.0,80.0
44587,142.9,7.00,19.18,0.1343,7.45,612.0,80.0
44594,144.9,6.90,19.18,0.1323,7.55,612.0,80.0
44601,142.9,7.00,19.18,0.1343,7.45,612.0,80.0
44608,144.9,6.90,19.18,0.1323,7.55,612.0,80.0
44614,144.9,6.90,19.18,0.1324,7.55,612.0,80.0
44621,142.9,7.00,19.18,0.1343,7.45,612.0,80.0
44628,144.9,6.90,19.18,0.1324,7.55,612.0,80.0
44635,142.9,7.00,19.18,0.1343,7.45,612.0,80.0
44642,144.9,6.90,19.18,0.1324,7.55,612.0,80.0
44649,144.9,6.90,19.18,0.1324,7.55,612.0,80.0
44656,140.8,7.10,19.18,0.1362,7.34,612.0,80.0
44663,144.9,6.90,19.18,0.1324,7.55,612.0,80.0
44670,142.9,7.00,19.18,0.1343,7.45,612.0,80.0
44677,144.9,6.90,19.19,0.1324,7.55,612.0,80.0
44684,142.9,7.00,19.19,0.1343,7.45,612.0,80.0
44691,144.9,6.90,19.19,0.1324,7.55,612.0,80.0
44698,142.9,7.00,19.19,0.1343,7.45,612.0,80.0
44705,142.9,7.00,19.19,0.1343,7.45,612.0,80.0
44712,144.9,6.90,19.19,0.1324,7.55,612.0,80.0
44719,144.9,6.90,19.19,0.1324,7.55,612.0,80.0
44726,142.9,7.00,19.19,0.1343,7.45,612.0,80.0
44733,144.9,6.90,19.19,0.1324,7.55,612.0,80.0
44740,144.9,6.90,19.19,0.1324,7.55,612.0,80.0
44747,142.9,7.00,19.19,0.1343,7.45,612.0,80.0
44753,147.1,6.80,19.19,0.1305,7.67,612.0,80.0
44760,142.9,7.00,19.19,0.1343,7.45,612.0,80.0
44767,142.9,7.00,19.19,0.1343,7.45,612.0,80.0
44774,142.9,7.00,19.19,0.1343,7.45,612.0,80.0
44781,144.9,6.90,19.19,0.1324,7.55,612.0,80.0
44788,144.9,6.90,19.19,0.1324,7.55,612.0,80.0
44795,142.9,7.00,19.19,0.1343,7.45,612.0,80.0
44802,144.9,6.90,19.19,0.1324,7.55,612.0,80.0
44809,140.8,7.10,19.19,0.1363,7.34,612.0,80.0
44816,147.1,6.80,19.19,0.1305,7.66,612.0,80.0
44823,142.9,7.00,19.19,0.1344,7.45,612.0,80.0
44830,142.9,7.00,19.19,0.1344,7.44,612.0,80.0
44837,144.9,6.90,19.19,0.1324,7.55,612.0,80.0
44844,142.9,7.00,19.20,0.1344,7.44,612.0,80.0
44851,144.9,6.90,19.20,0.1324,7.55,612.0,80.0
44858,144.9,6.90,19.20,0.1325,7.55,612.0,80.0
44865,144.9,6.90,19.20,0.1325,7.55,612.0,80.0
44871,144.9,6.90,19.20,0.1325,7.55,612.0,80.0
44878,142.9,7.00,19.20,0.1344,7.44,612.0,80.0
44885,144.9,6.90,19.20,0.1325,7.55,612.0,80.0
44892,142.9,7.00,19.20,0.1344,7.44,612.0,80.0
44899,144.9,6.90,19.20,0.1325,7.55,612.0,80.0
44906,144.9,6.90,19.20,0.1325,7.55,612.0,80.0
44913,142.9,7.00,19.20,0.1344,7.44,612.0,80.0
44920,142.9,7.00,19.20,0.1344,7.44,612.0,80.0
44927,144.9,6.90,19.20,0.1325,7.55,612.0,80.0
44934,142.9,7.00,19.20,0.1344,7.44,612.0,80.0
44941,144.9,6.90,19.20,0.1325,7.55,612.0,80.0
44948,142.9,7.00,19.20,0.1344,7.44,612.0,80.0
44955,144.9,6.90,19.20,0.1325,7.55,612.0,80.0
44962,144.9,6.90,19.20,0.1325,7.55,612.0,80.0
44969,142.9,7.00,19.20,0.1344,7.44,612.0,80.0
44976,144.9,6.90,19.20,0.1325,7.55,612.0,80.0
44983,144.9,6.90,19.20,0.1325,7.55,612.0,80.0
44989,144.9,6.90,19.20,0.1325,7.55,612.0,80.0
44996,142.9,7.00,19.20,0.1344,7.44,612.0,80.0
45003,142.9,7.00,19.20,0.1344,7.44,612.0,80.0
45010,144.9,6.90,19.21,0.1325,7.54,612.0,80.0
45017,142.9,7.00,19.21,0.1344,7.44,612.0,80.0
45024,144.9,6.90,19.21,0.1325,7.54,612.0,80.0
45031,142.9,7.00,19.21,0.1344,7.44,612.0,80.0
45038,142.9,7.00,19.21,0.1344,7.44,612.0,80.0
45045,147.1,6.80,19.21,0.1306,7.66,612.0,80.0
45052,142.9,7.00,19.21,0.1345,7.44,612.0,80.0
45059,142.9,7.00,19.21,0.1345,7.44,612.0,80.0
45066,144.9,6.90,19.21,0.1325,7.54,612.0,80.0
45073,144.9,6.90,19.21,0.1325,7.54,612.0,80.0
45080,144.9,6.90,19.21,0.1325,7.54,612.0,80.0
45087,142.9,7.00,19.21,0.1345,7.44,612.0,80.0
45094,144.9,6.90,19.21,0.1326,7.54,612.0,80.0
45101,142.9,7.00,19.21,0.1345,7.44,612.0,80.0
45108,144.9,6.90,19.21,0.1326,7.54,612.0,80.0
45114,144.9,6.90,19.21,0.1326,7.54,612.0,80.0
45121,144.9,6.90,19.21,0.1326,7.54,612.0,80.0
45128,142.9,7.00,19.22,0.1345,7.44,612.0,80.0
45135,142.9,7.00,19.22,0.1345,7.44,612.0,80.0
45142,144.9,6.90,19.22,0.1326,7.54,612.0,80.0
45149,142.9,7.00,19.22,0.1345,7.44,612.0,80.0
45156,144.9,6.90,19.22,0.1326,7.54,612.0,80.0
45163,144.9,6.90,19.22,0.1326,7.54,612.0,80.0
45170,140.8,7.10,19.22,0.1365,7.32,612.0,80.0
45177,144.9,6.90,19.22,0.1326,7.54,612.0,80.0
45184,142.9,7.00,19.22,0.1346,7.43,612.0,80.0
45191,142.9,7.00,19.23,0.1346,7.43,612.0,80.0
45198,144.9,6.90,19.23,0.1327,7.54,612.0,80.0
45205,144.9,6.90,19.23,0.1327,7.54,612.0,80.0
45212,144.9,6.90,19.23,0.1327,7.54,612.0,80.0
45219,142.9,7.00,19.23,0.1346,7.43,612.0,80.0
45226,144.9,6.90,19.23,0.1327,7.53,612.0,80.0
45233,142.9,7.00,19.23,0.1346,7.43,612.0,80.0
45240,144.9,6.90,19.23,0.1327,7.53,612.0,80.0
45246,144.9,6.90,19.23,0.1327,7.53,612.0,80.0
45253,144.9,6.90,19.24,0.1327,7.53,612.0,80.0
45260,142.9,7.00,19.24,0.1347,7.43,612.0,80.0
45267,144.9,6.90,19.24,0.1327,7.53,612.0,80.0
45274,142.9,7.00,19.24,0.1347,7.43,612.0,80.0
45281,144.9,6.90,19.24,0.1328,7.53,612.0,80.0
45288,144.9,6.90,19.24,0.1328,7.53,612.0,80.0
45295,140.8,7.10,19.24,0.1366,7.32,612.0,80.0
45302,142.9,7.00,19.24,0.1347,7.43,612.0,80.0
45309,142.9,7.00,19.24,0.1347,7.43,612.0,80.0
45316,147.1,6.80,19.25,0.1309,7.64,612.0,80.0
45323,140.8,7.10,19.25,0.1367,7.32,612.0,80.0
45330,144.9,6.90,19.25,0.1328,7.53,612.0,80.0
45337,147.1,6.80,19.25,0.1309,7.64,612.0,80.0
45344,142.9,7.00,19.25,0.1348,7.42,612.0,80.0
45351,142.9,7.00,19.25,0.1348,7.42,612.0,80.0
45358,144.9,6.90,19.25,0.1328,7.53,612.0,80.0
45365,142.9,7.00,19.25,0.1348,7.42,612.0,80.0
45372,144.9,6.90,19.25,0.1329,7.53,612.0,80.0
45378,144.9,6.90,19.26,0.1329,7.53,612.0,80.0
45385,142.9,7.00,19.26,0.1348,7.42,612.0,80.0
45392,142.9,7.00,19.26,0.1348,7.42,612.0,80.0
45399,147.1,6.80,19.26,0.1310,7.64,612.0,80.0
45406,142.9,7.00,19.26,0.1348,7.42,612.0,80.0
45413,144.9,6.90,19.26,0.1329,7.52,612.0,80.0
45420,142.9,7.00,19.26,0.1348,7.42,612.0,80.0
45427,142.9,7.00,19.26,0.1348,7.42,612.0,80.0
45434,144.9,6.90,19.26,0.1329,7.52,612.0,80.0
45441,142.9,7.00,19.27,0.1349,7.42,612.0,80.0
45448,144.9,6.90,19.27,0.1329,7.52,612.0,80.0
45455,142.9,7.00,19.27,0.1349,7.42,612.0,80.0
45462,144.9,6.90,19.27,0.1330,7.52,612.0,80.0
45469,144.9,6.90,19.27,0.1330,7.52,612.0,80.0
45475,149.3,6.70,19.27,0.1291,7.75,612.0,80.0
45482,142.9,7.00,19.27,0.1349,7.41,612.0,80.0
45490,140.8,7.10,19.27,0.1368,7.31,612.0,80.0
45497,142.9,7.00,19.27,0.1349,7.41,612.0,80.0
45503,144.9,6.90,19.28,0.1330,7.52,612.0,80.0
45510,142.9,7.00,19.28,0.1349,7.41,612.0,80.0
45517,144.9,6.90,19.28,0.1330,7.52,612.0,80.0
45524,144.9,6.90,19.28,0.1330,7.52,612.0,80.0
45531,142.9,7.00,19.28,0.1350,7.41,612.0,80.0
45538,142.9,7.00,19.28,0.1350,7.41,612.0,80.0
45545,144.9,6.90,19.28,0.1330,7.51,612.0,80.0
45552,142.9,7.00,19.28,0.1350,7.41,612.0,80.0
45559,149.3,6.70,19.28,0.1292,7.74,612.0,80.0
45566,140.8,7.10,19.29,0.1369,7.30,612.0,80.0
45573,142.9,7.00,19.29,0.1350,7.41,612.0,80.0
45580,147.1,6.80,19.29,0.1312,7.63,612.0,80.0
45587,140.8,7.10,19.29,0.1370,7.30,612.0,80.0
45594,142.9,7.00,19.29,0.1350,7.41,612.0,80.0
45601,144.9,6.90,19.29,0.1331,7.51,612.0,80.0
45608,142.9,7.00,19.29,0.1350,7.41,612.0,80.0
45615,147.1,6.80,19.29,0.1312,7.62,612.0,80.0
45622,142.9,7.00,19.29,0.1351,7.41,612.0,80.0
45629,142.9,7.00,19.30,0.1351,7.41,612.0,80.0
45635,144.9,6.90,19.30,0.1331,7.51,612.0,80.0
45642,144.9,6.90,19.30,0.1332,7.51,612.0,80.0
45649,142.9,7.00,19.30,0.1351,7.40,612.0,80.0
45656,144.9,6.90,19.30,0.1332,7.51,612.0,80.0
45663,142.9,7.00,19.30,0.1351,7.40,612.0,80.0
45670,142.9,7.00,19.30,0.1351,7.40,612.0,80.0
45677,147.1,6.80,19.30,0.1313,7.62,612.0,80.0
45684,142.9,7.00,19.30,0.1351,7.40,612.0,80.0
45691,142.9,7.00,19.31,0.1351,7.40,612.0,80.0
45698,144.9,6.90,19.31,0.1332,7.51,612.0,80.0
45705,144.9,6.90,19.31,0.1332,7.50,612.0,80.0
45712,142.9,7.00,19.31,0.1352,7.40,612.0,80.0
45719,144.9,6.90,19.31,0.1332,7.50,612.0,80.0
45726,144.9,6.90,19.31,0.1332,7.50,612.0,80.0
45733,142.9,7.00,19.31,0.1352,7.40,612.0,80.0
45740,142.9,7.00,19.31,0.1352,7.40,612.0,80.0
45747,144.9,6.90,19.31,0.1333,7.50,612.0,80.0
45754,142.9,7.00,19.32,0.1352,7.40,612.0,80.0
45760,147.1,6.80,19.32,0.1314,7.62,612.0,80.0
45767,142.9,7.00,19.32,0.1352,7.40,612.0,80.0
45774,142.9,7.00,19.32,0.1352,7.40,612.0,80.0
45781,144.9,6.90,19.32,0.1333,7.50,612.0,80.0
45788,144.9,6.90,19.32,0.1333,7.50,612.0,80.0
45795,142.9,7.00,19.32,0.1353,7.40,612.0,80.0
45802,142.9,7.00,19.32,0.1353,7.40,612.0,80.0
45809,142.9,7.00,19.32,0.1353,7.39,612.0,80.0
45816,147.1,6.80,19.33,0.1314,7.61,612.0,80.0
45823,142.9,7.00,19.33,0.1353,7.39,612.0,80.0
45830,142.9,7.00,19.33,0.1353,7.39,612.0,80.0
45837,149.3,6.70,19.33,0.1295,7.72,612.0,80.0
45844,144.9,6.90,19.33,0.1334,7.50,612.0,80.0
45851,140.8,7.10,19.33,0.1373,7.28,612.0,80.0
45858,142.9,7.00,19.33,0.1353,7.39,612.0,80.0
45865,144.9,6.90,19.33,0.1334,7.49,612.0,80.0
45871,144.9,6.90,19.33,0.1334,7.49,612.0,80.0
45878,142.9,7.00,19.34,0.1354,7.39,612.0,80.0
45885,144.9,6.90,19.34,0.1334,7.49,612.0,80.0
45892,142.9,7.00,19.34,0.1354,7.39,612.0,80.0
45899,144.9,6.90,19.34,0.1334,7.49,612.0,80.0
45906,142.9,7.00,19.34,0.1354,7.39,612.0,80.0
45913,144.9,6.90,19.34,0.1335,7.49,612.0,80.0
45920,142.9,7.00,19.34,0.1354,7.39,612.0,80.0
45927,144.9,6.90,19.34,0.1335,7.49,612.0,80.0
45934,144.9,6.90,19.34,0.1335,7.49,612.0,80.0
45941,144.9,6.90,19.35,0.1335,7.49,612.0,80.0
45948,142.9,7.00,19.35,0.1354,7.39,612.0,80.0
45955,142.9,7.00,19.35,0.1354,7.39,612.0,80.0
45962,144.9,6.90,19.35,0.1335,7.49,612.0,80.0
45969,144.9,6.90,19.35,0.1335,7.49,612.0,80.0
45976,142.9,7.00,19.35,0.1355,7.38,612.0,80.0
45983,142.9,7.00,19.35,0.1355,7.38,612.0,80.0
45990,144.9,6.90,19.35,0.1335,7.49,612.0,80.0
45996,144.9,6.90,19.35,0.1335,7.49,612.0,80.0
46003,142.9,7.00,19.36,0.1355,7.38,612.0,80.0
46010,142.9,7.00,19.36,0.1355,7.38,612.0,80.0
46017,144.9,6.90,19.36,0.1336,7.49,612.0,80.0
46024,142.9,7.00,19.36,0.1355,7.38,612.0,80.0
46031,147.1,6.80,19.36,0.1316,7.60,612.0,80.0
46038,142.9,7.00,19.36,0.1355,7.38,612.0,80.0
46045,144.9,6.90,19.36,0.1336,7.48,612.0,80.0
46052,142.9,7.00,19.36,0.1355,7.38,612.0,80.0
46059,142.9,7.00,19.36,0.1356,7.38,612.0,80.0
46066,144.9,6.90,19.37,0.1336,7.48,612.0,80.0
46073,142.9,7.00,19.37,0.1356,7.38,612.0,80.0
46080,147.1,6.80,19.37,0.1317,7.59,612.0,80.0
46087,144.9,6.90,19.37,0.1336,7.48,612.0,80.0
46094,144.9,6.90,19.37,0.1337,7.48,612.0,80.0
46101,140.8,7.10,19.37,0.1375,7.27,612.0,80.0
46107,147.1,6.80,19.37,0.1317,7.59,612.0,80.0
46114,142.9,7.00,19.37,0.1356,7.38,612.0,80.0
46121,142.9,7.00,19.37,0.1356,7.38,612.0,80.0
46128,147.1,6.80,19.37,0.1317,7.59,612.0,80.0
46135,142.9,7.00,19.37,0.1356,7.38,612.0,80.0
46142,142.9,7.00,19.37,0.1356,7.38,612.0,80.0
46149,144.9,6.90,19.37,0.1337,7.48,612.0,80.0
46156,142.9,7.00,19.37,0.1356,7.38,612.0,80.0
46163,144.9,6.90,19.37,0.1337,7.48,612.0,80.0
46170,142.9,7.00,19.37,0.1356,7.38,612.0,80.0
46177,144.9,6.90,19.37,0.1337,7.48,612.0,80.0
46184,142.9,7.00,19.37,0.1356,7.38,612.0,80.0
46191,142.9,7.00,19.37,0.1356,7.38,612.0,80.0
46198,144.9,6.90,19.38,0.1337,7.48,612.0,80.0
46205,142.9,7.00,19.38,0.1356,7.38,612.0,80.0
46212,147.1,6.80,19.38,0.1318,7.59,612.0,80.0
46219,144.9,6.90,19.38,0.1337,7.48,612.0,80.0
46226,140.8,7.10,19.38,0.1376,7.27,612.0,80.0
46232,147.1,6.80,19.38,0.1318,7.59,612.0,80.0
46239,142.9,7.00,19.38,0.1356,7.37,612.0,80.0
46246,142.9,7.00,19.38,0.1356,7.37,612.0,80.0
46253,144.9,6.90,19.38,0.1337,7.48,612.0,80.0
46260,142.9,7.00,19.38,0.1356,7.37,612.0,80.0
46267,144.9,6.90,19.38,0.1337,7.48,612.0,80.0
46274,140.8,7.10,19.38,0.1376,7.27,612.0,80.0
46281,147.1,6.80,19.38,0.1318,7.59,612.0,80.0
46288,142.9,7.00,19.38,0.1357,7.37,612.0,80.0
46295,144.9,6.90,19.38,0.1337,7.48,612.0,80.0
46302,144.9,6.90,19.38,0.1337,7.48,612.0,80.0
46309,142.9,7.00,19.38,0.1357,7.37,612.0,80.0
46316,144.9,6.90,19.38,0.1337,7.48,612.0,80.0
46323,142.9,7.00,19.38,0.1357,7.37,612.0,80.0
46330,144.9,6.90,19.38,0.1337,7.48,612.0,80.0
46337,142.9,7.00,19.38,0.1357,7.37,612.0,80.0
46344,144.9,6.90,19.38,0.1337,7.48,612.0,80.0
46351,142.9,7.00,19.38,0.1357,7.37,612.0,80.0
46358,144.9,6.90,19.38,0.1337,7.48,612.0,80.0
46364,144.9,6.90,19.38,0.1337,7.48,612.0,80.0
46371,142.9,7.00,19.38,0.1357,7.37,612.0,80.0
46378,144.9,6.90,19.38,0.1338,7.48,612.0,80.0
46385,142.9,7.00,19.38,0.1357,7.37,612.0,80.0
46392,144.9,6.90,19.38,0.1338,7.47,612.0,80.0
46399,142.9,7.00,19.39,0.1357,7.37,612.0,80.0
46406,144.9,6.90,19.39,0.1338,7.47,612.0,80.0
46413,142.9,7.00,19.39,0.1357,7.37,612.0,80.0
46420,144.9,6.90,19.39,0.1338,7.47,612.0,80.0
46427,142.9,7.00,19.39,0.1357,7.37,612.0,80.0
46434,144.9,6.90,19.39,0.1338,7.47,612.0,80.0
46441,142.9,7.00,19.39,0.1357,7.37,612.0,80.0
46448,142.9,7.00,19.39,0.1357,7.37,612.0,80.0
46455,144.9,6.90,19.39,0.1338,7.47,612.0,80.0
46462,147.1,6.80,19.39,0.1318,7.59,612.0,80.0
46469,140.8,7.10,19.39,0.1377,7.26,612.0,80.0
46476,144.9,6.90,19.39,0.1338,7.47,612.0,80.0
46483,142.9,7.00,19.39,0.1357,7.37,612.0,80.0
46489,147.1,6.80,19.39,0.1319,7.59,612.0,80.0
46496,142.9,7.00,19.39,0.1357,7.37,612.0,80.0
46503,144.9,6.90,19.39,0.1338,7.47,612.0,80.0
46510,144.9,6.90,19.39,0.1338,7.47,612.0,80.0
46517,142.9,7.00,19.39,0.1357,7.37,612.0,80.0
46524,142.9,7.00,19.39,0.1357,7.37,612.0,80.0
46531,144.9,6.90,19.39,0.1338,7.47,612.0,80.0
46538,142.9,7.00,19.39,0.1357,7.37,612.0,80.0
46545,144.9,6.90,19.39,0.1338,7.47,612.0,80.0
46552,142.9,7.00,19.39,0.1358,7.37,612.0,80.0
46559,142.9,7.00,19.39,0.1358,7.37,612.0,80.0
46566,144.9,6.90,19.39,0.1338,7.47,612.0,80.0
46573,144.9,6.90,19.39,0.1338,7.47,612.0,80.0
46580,144.9,6.90,19.39,0.1338,7.47,612.0,80.0
46587,144.9,6.90,19.39,0.1338,7.47,612.0,80.0
46594,140.8,7.10,19.40,0.1377,7.26,612.0,80.0
46601,144.9,6.90,19.40,0.1338,7.47,612.0,80.0
46608,142.9,7.00,19.40,0.1358,7.37,612.0,80.0
46615,144.9,6.90,19.40,0.1338,7.47,612.0,80.0
46622,142.9,7.00,19.40,0.1358,7.37,612.0,80.0
46629,142.9,7.00,19.40,0.1358,7.37,612.0,80.0
46635,144.9,6.90,19.40,0.1338,7.47,612.0,80.0
46642,144.9,6.90,19.40,0.1338,7.47,612.0,80.0
46649,144.9,6.90,19.40,0.1338,7.47,612.0,80.0
46656,144.9,6.90,19.40,0.1338,7.47,612.0,80.0
46663,142.9,7.00,19.40,0.1358,7.37,612.0,80.0
46670,144.9,6.90,19.40,0.1339,7.47,612.0,80.0
46677,144.9,6.90,19.40,0.1339,7.47,612.0,80.0
46684,140.8,7.10,19.40,0.1377,7.26,612.0,80.0
46691,144.9,6.90,19.40,0.1339,7.47,612.0,80.0
46698,142.9,7.00,19.40,0.1358,7.37,612.0,80.0
46705,144.9,6.90,19.40,0.1339,7.47,612.0,80.0
46712,142.9,7.00,19.40,0.1358,7.37,612.0,80.0
46719,144.9,6.90,19.40,0.1339,7.47,612.0,80.0
46726,142.9,7.00,19.40,0.1358,7.37,612.0,80.0
46733,144.9,6.90,19.40,0.1339,7.47,612.0,80.0
46740,144.9,6.90,19.40,0.1339,7.47,612.0,80.0
46747,142.9,7.00,19.40,0.1358,7.36,612.0,80.0
46754,142.9,7.00,19.40,0.1358,7.36,612.0,80.0
46760,149.3,6.70,19.40,0.1300,7.69,612.0,80.0
46767,142.9,7.00,19.40,0.1358,7.36,612.0,80.0
46774,144.9,6.90,19.40,0.1339,7.47,612.0,80.0
46781,144.9,6.90,19.40,0.1339,7.47,612.0,80.0
46788,142.9,7.00,19.40,0.1358,7.36,612.0,80.0
46795,142.9,7.00,19.41,0.1358,7.36,612.0,80.0
46802,147.1,6.80,19.41,0.1320,7.58,612.0,80.0
46809,140.8,7.10,19.41,0.1378,7.26,612.0,80.0
46816,144.9,6.90,19.41,0.1339,7.47,612.0,80.0
46823,144.9,6.90,19.41,0.1339,7.47,612.0,80.0
46830,140.8,7.10,19.41,0.1378,7.26,612.0,80.0
46837,144.9,6.90,19.41,0.1339,7.47,612.0,80.0
46844,144.9,6.90,19.41,0.1339,7.47,612.0,80.0
46851,142.9,7.00,19.41,0.1359,7.36,612.0,80.0
46858,144.9,6.90,19.41,0.1339,7.47,612.0,80.0
46865,142.9,7.00,19.41,0.1359,7.36,612.0,80.0
46871,144.9,6.90,19.41,0.1339,7.47,612.0,80.0
46878,142.9,7.00,19.41,0.1359,7.36,612.0,80.0
46885,142.9,7.00,19.41,0.1359,7.36,612.0,80.0
46892,147.1,6.80,19.41,0.1320,7.58,612.0,80.0
46899,142.9,7.00,19.41,0.1359,7.36,612.0,80.0
46906,142.9,7.00,19.41,0.1359,7.36,612.0,80.0
46913,144.9,6.90,19.41,0.1339,7.46,612.0,80.0
46920,142.9,7.00,19.41,0.1359,7.36,612.0,80.0
46927,144.9,6.90,19.41,0.1339,7.46,612.0,80.0
46934,144.9,6.90,19.41,0.1339,7.46,612.0,80.0
46941,142.9,7.00,19.41,0.1359,7.36,612.0,80.0
46948,142.9,7.00,19.41,0.1359,7.36,612.0,80.0
46955,142.9,7.00,19.41,0.1359,7.36,612.0,80.0
46962,144.9,6.90,19.41,0.1340,7.46,612.0,80.0
46969,142.9,7.00,19.41,0.1359,7.36,612.0,80.0
46976,147.1,6.80,19.41,0.1320,7.58,612.0,80.0
46983,142.9,7.00,19.41,0.1359,7.36,612.0,80.0
46990,144.9,6.90,19.41,0.1340,7.46,612.0,80.0
46997,142.9,7.00,19.42,0.1359,7.36,612.0,80.0
47003,144.9,6.90,19.42,0.1340,7.46,612.0,80.0
47010,144.9,6.90,19.42,0.1340,7.46,612.0,80.0
47017,142.9,7.00,19.42,0.1359,7.36,612.0,80.0
47024,144.9,6.90,19.42,0.1340,7.46,612.0,80.0
47031,142.9,7.00,19.42,0.1359,7.36,612.0,80.0
47038,142.9,7.00,19.42,0.1359,7.36,612.0,80.0
47045,142.9,7.00,19.42,0.1359,7.36,612.0,80.0
47052,147.1,6.80,19.42,0.1320,7.58,612.0,80.0
47059,142.9,7.00,19.42,0.1359,7.36,612.0,80.0
47066,144.9,6.90,19.42,0.1340,7.46,612.0,80.0
47073,142.9,7.00,19.42,0.1359,7.36,612.0,80.0
47080,147.1,6.80,19.42,0.1321,7.57,612.0,80.0
47087,144.9,6.90,19.42,0.1340,7.46,612.0,80.0
47094,142.9,7.00,19.42,0.1359,7.36,612.0,80.0
47101,144.9,6.90,19.42,0.1340,7.46,612.0,80.0
47107,144.9,6.90,19.42,0.1340,7.46,612.0,80.0
47114,144.9,6.90,19.42,0.1340,7.46,612.0,80.0
47121,142.9,7.00,19.42,0.1359,7.36,612.0,80.0
47128,142.9,7.00,19.42,0.1359,7.36,612.0,80.0
47135,142.9,7.00,19.42,0.1359,7.36,612.0,80.0
47142,142.9,7.00,19.42,0.1359,7.36,612.0,80.0
47149,144.9,6.90,19.42,0.1340,7.46,612.0,80.0
47156,142.9,7.00,19.42,0.1359,7.36,612.0,80.0
47163,144.9,6.90,19.42,0.1340,7.46,612.0,80.0
47170,144.9,6.90,19.42,0.1340,7.46,612.0,80.0
47177,142.9,7.00,19.42,0.1359,7.36,612.0,80.0
47184,142.9,7.00,19.42,0.1359,7.36,612.0,80.0
47191,144.9,6.90,19.42,0.1340,7.46,612.0,80.0
47198,144.9,6.90,19.42,0.1340,7.46,612.0,80.0
47205,142.9,7.00,19.42,0.1359,7.36,612.0,80.0
47212,144.9,6.90,19.42,0.1340,7.46,612.0,80.0
47219,142.9,7.00,19.41,0.1359,7.36,612.0,80.0
47226,142.9,7.00,19.41,0.1359,7.36,612.0,80.0
47233,144.9,6.90,19.41,0.1340,7.46,612.0,80.0
47240,144.9,6.90,19.41,0.1340,7.46,612.0,80.0
47247,142.9,7.00,19.41,0.1359,7.36,612.0,80.0
47253,144.9,6.90,19.41,0.1340,7.46,612.0,80.0
47260,142.9,7.00,19.41,0.1359,7.36,612.0,80.0
47267,144.9,6.90,19.41,0.1339,7.46,612.0,80.0
47274,142.9,7.00,19.41,0.1359,7.36,612.0,80.0
47281,147.1,6.80,19.41,0.1320,7.58,612.0,80.0
47288,140.8,7.10,19.41,0.1378,7.25,612.0,80.0
47295,147.1,6.80,19.41,0.1320,7.58,612.0,80.0
47302,140.8,7.10,19.41,0.1378,7.25,612.0,80.0
47309,144.9,6.90,19.41,0.1339,7.46,612.0,80.0
47316,144.9,6.90,19.41,0.1339,7.46,612.0,80.0
47323,144.9,6.90,19.41,0.1339,7.46,612.0,80.0
47330,142.9,7.00,19.41,0.1359,7.36,612.0,80.0
47337,142.9,7.00,19.41,0.1359,7.36,612.0,80.0
47344,144.9,6.90,19.41,0.1339,7.47,612.0,80.0
47351,144.9,6.90,19.41,0.1339,7.47,612.0,80.0
47358,142.9,7.00,19.41,0.1359,7.36,612.0,80.0
47365,144.9,6.90,19.41,0.1339,7.47,612.0,80.0
47371,144.9,6.90,19.41,0.1339,7.47,612.0,80.0
47378,142.9,7.00,19.41,0.1359,7.36,612.0,80.0
47385,144.9,6.90,19.41,0.1339,7.47,612.0,80.0
47392,144.9,6.90,19.41,0.1339,7.47,612.0,80.0
47399,142.9,7.00,19.41,0.1359,7.36,612.0,80.0
47406,144.9,6.90,19.41,0.1339,7.47,612.0,80.0
47413,142.9,7.00,19.41,0.1359,7.36,612.0,80.0
47420,144.9,6.90,19.41,0.1339,7.47,612.0,80.0
47427,144.9,6.90,19.41,0.1339,7.47,612.0,80.0
47434,142.9,7.00,19.41,0.1358,7.36,612.0,80.0
47441,144.9,6.90,19.41,0.1339,7.47,612.0,80.0
47448,142.9,7.00,19.41,0.1358,7.36,612.0,80.0
47455,144.9,6.90,19.41,0.1339,7.47,612.0,80.0
47462,142.9,7.00,19.41,0.1358,7.36,612.0,80.0
47469,142.9,7.00,19.40,0.1358,7.36,612.0,80.0
47476,147.1,6.80,19.40,0.1320,7.58,612.0,80.0
47482,144.9,6.90,19.40,0.1339,7.47,612.0,80.0
47489,142.9,7.00,19.40,0.1358,7.36,612.0,80.0
47496,142.9,7.00,19.40,0.1358,7.36,612.0,80.0
47503,144.9,6.90,19.40,0.1339,7.47,612.0,80.0
47510,142.9,7.00,19.40,0.1358,7.36,612.0,80.0
47517,142.9,7.00,19.40,0.1358,7.36,612.0,80.0
47524,144.9,6.90,19.40,0.1339,7.47,612.0,80.0
47531,142.9,7.00,19.40,0.1358,7.37,612.0,80.0
47538,144.9,6.90,19.40,0.1339,7.47,612.0,80.0
47545,147.1,6.80,19.40,0.1319,7.58,612.0,80.0
47552,140.8,7.10,19.40,0.1378,7.26,612.0,80.0
47559,147.1,6.80,19.40,0.1319,7.58,612.0,80.0
47566,138.9,7.20,19.40,0.1397,7.16,612.0,80.0
47573,147.1,6.80,19.40,0.1319,7.58,612.0,80.0
47580,142.9,7.00,19.40,0.1358,7.37,612.0,80.0
47587,144.9,6.90,19.40,0.1339,7.47,612.0,80.0
47594,144.9,6.90,19.40,0.1339,7.47,612.0,80.0
47601,144.9,6.90,19.40,0.1339,7.47,612.0,80.0
47608,140.8,7.10,19.40,0.1377,7.26,612.0,80.0
47614,147.1,6.80,19.40,0.1319,7.58,612.0,80.0
47621,142.9,7.00,19.40,0.1358,7.37,612.0,80.0
47628,142.9,7.00,19.40,0.1358,7.37,612.0,80.0
47635,144.9,6.90,19.40,0.1338,7.47,612.0,80.0
47642,144.9,6.90,19.40,0.1338,7.47,612.0,80.0
47649,142.9,7.00,19.40,0.1358,7.37,612.0,80.0
47656,142.9,7.00,19.40,0.1358,7.37,612.0,80.0
47663,147.1,6.80,19.40,0.1319,7.58,612.0,80.0
47670,142.9,7.00,19.40,0.1358,7.37,612.0,80.0
47677,142.9,7.00,19.40,0.1358,7.37,612.0,80.0
47684,144.9,6.90,19.40,0.1338,7.47,612.0,80.0
47691,144.9,6.90,19.40,0.1338,7.47,612.0,80.0
47698,142.9,7.00,19.40,0.1358,7.37,612.0,80.0
47705,144.9,6.90,19.40,0.1338,7.47,612.0,80.0
47712,142.9,7.00,19.40,0.1358,7.37,612.0,80.0
47719,144.9,6.90,19.39,0.1338,7.47,612.0,80.0
47726,142.9,7.00,19.39,0.1358,7.37,612.0,80.0
47733,144.9,6.90,19.39,0.1338,7.47,612.0,80.0
47740,142.9,7.00,19.39,0.1358,7.37,612.0,80.0
47746,144.9,6.90,19.39,0.1338,7.47,612.0,80.0
47753,144.9,6.90,19.39,0.1338,7.47,612.0,80.0
47760,142.9,7.00,19.39,0.1358,7.37,612.0,80.0
47767,142.9,7.00,19.39,0.1358,7.37,612.0,80.0
47774,149.3,6.70,19.39,0.1299,7.70,612.0,80.0
47781,140.8,7.10,19.39,0.1377,7.26,612.0,80.0
47788,142.9,7.00,19.39,0.1357,7.37,612.0,80.0
47795,144.9,6.90,19.39,0.1338,7.47,612.0,80.0
47802,144.9,6.90,19.39,0.1338,7.47,612.0,80.0
47809,140.8,7.10,19.39,0.1377,7.26,612.0,80.0
47816,147.1,6.80,19.39,0.1319,7.59,612.0,80.0
47823,142.9,7.00,19.39,0.1357,7.37,612.0,80.0
47830,144.9,6.90,19.39,0.1338,7.47,612.0,80.0
47837,142.9,7.00,19.39,0.1357,7.37,612.0,80.0
47844,144.9,6.90,19.39,0.1338,7.47,612.0,80.0
47851,142.9,7.00,19.39,0.1357,7.37,612.0,80.0
47858,144.9,6.90,19.39,0.1338,7.47,612.0,80.0
47864,144.9,6.90,19.39,0.1338,7.47,612.0,80.0
47872,140.8,7.10,19.39,0.1377,7.26,612.0,80.0
47878,144.9,6.90,19.39,0.1338,7.47,612.0,80.0
47885,142.9,7.00,19.39,0.1357,7.37,612.0,80.0
47892,144.9,6.90,19.39,0.1338,7.47,612.0,80.0
47899,144.9,6.90,19.39,0.1338,7.47,612.0,80.0
47906,142.9,7.00,19.39,0.1357,7.37,612.0,80.0
47913,142.9,7.00,19.39,0.1357,7.37,612.0,80.0
47920,147.1,6.80,19.39,0.1318,7.59,612.0,80.0
47927,142.9,7.00,19.39,0.1357,7.37,612.0,80.0
47934,140.8,7.10,19.39,0.1376,7.26,612.0,80.0
47941,147.1,6.80,19.39,0.1318,7.59,612.0,80.0
47948,142.9,7.00,19.39,0.1357,7.37,612.0,80.0
47955,144.9,6.90,19.39,0.1338,7.47,612.0,80.0
47962,142.9,7.00,19.39,0.1357,7.37,612.0,80.0
47969,144.9,6.90,19.38,0.1338,7.47,612.0,80.0
47976,144.9,6.90,19.38,0.1338,7.47,612.0,80.0
47983,142.9,7.00,19.38,0.1357,7.37,612.0,80.0
47990,144.9,6.90,19.38,0.1338,7.48,612.0,80.0
47996,144.9,6.90,19.38,0.1337,7.48,612.0,80.0
48003,142.9,7.00,19.38,0.1357,7.37,612.0,80.0
48010,144.9,6.90,19.38,0.1337,7.48,612.0,80.0
48017,142.9,7.00,19.38,0.1357,7.37,612.0,80.0
48024,144.9,6.90,19.38,0.1337,7.48,612.0,80.0
48031,142.9,7.00,19.38,0.1357,7.37,612.0,80.0
48038,144.9,6.90,19.38,0.1337,7.48,612.0,80.0
48045,142.9,7.00,19.38,0.1357,7.37,612.0,80.0
48052,144.9,6.90,19.38,0.1337,7.48,612.0,80.0
48059,142.9,7.00,19.38,0.1357,7.37,612.0,80.0
48066,142.9,7.00,19.38,0.1357,7.37,612.0,80.0
48073,144.9,6.90,19.38,0.1337,7.48,612.0,80.0
48080,144.9,6.90,19.38,0.1337,7.48,612.0,80.0
48087,147.1,6.80,19.38,0.1318,7.59,612.0,80.0
48094,142.9,7.00,19.38,0.1357,7.37,612.0,80.0
48101,144.9,6.90,19.38,0.1338,7.48,612.0,80.0
48107,144.9,6.90,19.39,0.1338,7.47,612.0,80.0
48114,142.9,7.00,19.39,0.1357,7.37,612.0,80.0
48121,144.9,6.90,19.39,0.1338,7.47,612.0,80.0
48128,142.9,7.00,19.40,0.1358,7.37,612.0,80.0
48135,144.9,6.90,19.40,0.1339,7.47,612.0,80.0
48142,142.9,7.00,19.40,0.1358,7.36,612.0,80.0
48149,144.9,6.90,19.41,0.1339,7.47,612.0,80.0
48156,144.9,6.90,19.41,0.1339,7.47,612.0,80.0
48163,142.9,7.00,19.41,0.1359,7.36,612.0,80.0
48170,144.9,6.90,19.42,0.1340,7.46,612.0,80.0
48177,142.9,7.00,19.42,0.1359,7.36,612.0,80.0
48184,144.9,6.90,19.42,0.1340,7.46,612.0,80.0
48191,142.9,7.00,19.43,0.1360,7.36,612.0,80.0
48198,144.9,6.90,19.43,0.1341,7.46,612.0,80.0
48205,144.9,6.90,19.43,0.1341,7.46,612.0,80.0
48212,142.9,7.00,19.44,0.1360,7.35,612.0,80.0
48219,142.9,7.00,19.44,0.1361,7.35,612.0,80.0
48226,142.9,7.00,19.44,0.1361,7.35,612.0,80.0
48233,144.9,6.90,19.44,0.1342,7.45,612.0,80.0
48239,144.9,6.90,19.45,0.1342,7.45,612.0,80.0
48246,142.9,7.00,19.45,0.1362,7.35,612.0,80.0
48253,144.9,6.90,19.45,0.1342,7.45,612.0,80.0
48260,142.9,7.00,19.46,0.1362,7.34,612.0,80.0
48267,144.9,6.90,19.46,0.1343,7.45,612.0,80.0
48274,142.9,7.00,19.46,0.1362,7.34,612.0,80.0
48281,147.1,6.80,19.47,0.1324,7.56,612.0,80.0
48288,140.8,7.10,19.47,0.1382,7.23,612.0,80.0
48295,147.1,6.80,19.47,0.1324,7.55,612.0,80.0
48302,140.8,7.10,19.48,0.1383,7.23,612.0,80.0
48309,149.3,6.70,19.48,0.1305,7.66,612.0,80.0
48316,140.8,7.10,19.48,0.1383,7.23,612.0,80.0
48323,142.9,7.00,19.49,0.1364,7.33,612.0,80.0
48330,142.9,7.00,19.49,0.1364,7.33,612.0,80.0
48337,144.9,6.90,19.49,0.1345,7.43,612.0,80.0
48344,144.9,6.90,19.50,0.1345,7.43,612.0,80.0
48351,144.9,6.90,19.50,0.1345,7.43,612.0,80.0
48358,142.9,7.00,19.50,0.1365,7.33,612.0,80.0
48364,144.9,6.90,19.51,0.1346,7.43,612.0,80.0
48371,142.9,7.00,19.51,0.1366,7.33,612.0,80.0
48378,144.9,6.90,19.51,0.1346,7.43,612.0,80.0
48385,142.9,7.00,19.51,0.1366,7.32,612.0,80.0
48392,144.9,6.90,19.52,0.1347,7.42,612.0,80.0
48399,144.9,6.90,19.52,0.1347,7.42,612.0,80.0
48406,142.9,7.00,19.52,0.1367,7.32,612.0,80.0
48413,142.9,7.00,19.53,0.1367,7.32,612.0,80.0
48420,144.9,6.90,19.53,0.1348,7.42,612.0,80.0
48427,144.9,6.90,19.53,0.1348,7.42,612.0,80.0
48434,144.9,6.90,19.54,0.1348,7.42,612.0,80.0
48441,142.9,7.00,19.54,0.1368,7.31,612.0,80.0
48448,142.9,7.00,19.54,0.1368,7.31,612.0,80.0
48455,144.9,6.90,19.55,0.1349,7.41,612.0,80.0
48462,144.9,6.90,19.55,0.1349,7.41,612.0,80.0
48469,142.9,7.00,19.55,0.1369,7.31,612.0,80.0
48476,144.9,6.90,19.56,0.1349,7.41,612.0,80.0
48483,142.9,7.00,19.56,0.1369,7.31,612.0,80.0
48489,144.9,6.90,19.56,0.1350,7.41,612.0,80.0
48496,144.9,6.90,19.57,0.1350,7.41,612.0,80.0
48503,144.9,6.90,19.57,0.1350,7.40,612.0,80.0
48510,140.8,7.10,19.57,0.1390,7.19,612.0,80.0
48517,144.9,6.90,19.58,0.1351,7.40,612.0,80.0
48524,144.9,6.90,19.58,0.1351,7.40,612.0,80.0
48531,142.9,7.00,19.58,0.1371,7.30,612.0,80.0
48538,144.9,6.90,19.59,0.1351,7.40,612.0,80.0
48545,142.9,7.00,19.59,0.1371,7.30,612.0,80.0
48552,144.9,6.90,19.59,0.1352,7.40,612.0,80.0
48559,142.9,7.00,19.59,0.1372,7.29,612.0,80.0
48566,144.9,6.90,19.60,0.1352,7.39,612.0,80.0
48573,144.9,6.90,19.60,0.1352,7.39,612.0,80.0
48580,142.9,7.00,19.60,0.1372,7.29,612.0,80.0
48587,147.1,6.80,19.61,0.1333,7.50,612.0,80.0
48594,142.9,7.00,19.61,0.1373,7.29,612.0,80.0
48601,142.9,7.00,19.61,0.1373,7.29,612.0,80.0
48608,142.9,7.00,19.62,0.1373,7.28,612.0,80.0
48615,142.9,7.00,19.62,0.1373,7.28,612.0,80.0
48622,142.9,7.00,19.62,0.1374,7.28,612.0,80.0
48629,140.8,7.10,19.63,0.1394,7.17,612.0,80.0
48636,144.9,6.90,19.63,0.1354,7.38,612.0,80.0
48642,147.1,6.80,19.63,0.1335,7.49,612.0,80.0
48649,147.1,6.80,19.64,0.1335,7.49,612.0,80.0
48656,142.9,7.00,19.64,0.1375,7.28,612.0,80.0
48663,140.8,7.10,19.64,0.1395,7.17,612.0,80.0
48670,144.9,6.90,19.65,0.1356,7.38,612.0,80.0
48677,140.8,7.10,19.65,0.1395,7.17,612.0,80.0
48684,147.1,6.80,19.65,0.1336,7.49,612.0,80.0
48691,147.1,6.80,19.66,0.1337,7.48,612.0,80.0
48698,142.9,7.00,19.66,0.1376,7.27,612.0,80.0
48705,142.9,7.00,19.66,0.1376,7.27,612.0,80.0
48712,142.9,7.00,19.67,0.1377,7.27,612.0,80.0
48719,144.9,6.90,19.67,0.1357,7.37,612.0,80.0
48726,142.9,7.00,19.67,0.1377,7.26,612.0,80.0
48733,140.8,7.10,19.67,0.1397,7.16,612.0,80.0
48740,144.9,6.90,19.68,0.1358,7.36,612.0,80.0
48747,144.9,6.90,19.68,0.1358,7.36,612.0,80.0
48753,147.1,6.80,19.68,0.1339,7.47,612.0,80.0
48761,140.8,7.10,19.69,0.1398,7.15,612.0,80.0
48767,144.9,6.90,19.69,0.1359,7.36,612.0,80.0
48774,147.1,6.80,19.69,0.1339,7.47,612.0,80.0
48781,147.1,6.80,19.70,0.1339,7.47,612.0,80.0
48788,135.1,7.40,19.70,0.1458,6.86,612.0,80.0
48795,149.3,6.70,19.70,0.1320,7.58,612.0,80.0
48802,144.9,6.90,19.71,0.1360,7.35,612.0,80.0
48809,142.9,7.00,19.71,0.1380,7.25,612.0,80.0
48816,144.9,6.90,19.71,0.1360,7.35,612.0,80.0
48823,142.9,7.00,19.72,0.1380,7.25,612.0,80.0
48830,142.9,7.00,19.72,0.1380,7.25,612.0,80.0
48837,144.9,6.90,19.72,0.1361,7.35,612.0,80.0
48844,149.3,6.70,19.73,0.1322,7.57,612.0,80.0
48851,138.9,7.20,19.73,0.1420,7.04,612.0,80.0
48857,149.3,6.70,19.73,0.1322,7.57,612.0,80.0
48865,140.8,7.10,19.74,0.1401,7.13,612.0,80.0
48872,142.9,7.00,19.74,0.1382,7.24,612.0,80.0
48878,147.1,6.80,19.74,0.1342,7.45,612.0,80.0
48885,142.9,7.00,19.74,0.1382,7.24,612.0,80.0
48892,142.9,7.00,19.75,0.1382,7.24,612.0,80.0
48899,142.9,7.00,19.75,0.1383,7.23,612.0,80.0
48906,144.9,6.90,19.75,0.1363,7.34,612.0,80.0
48913,144.9,6.90,19.76,0.1363,7.33,612.0,80.0
48920,144.9,6.90,19.76,0.1364,7.33,612.0,80.0
48927,144.9,6.90,19.76,0.1364,7.33,612.0,80.0
48934,144.9,6.90,19.77,0.1364,7.33,612.0,80.0
48941,144.9,6.90,19.77,0.1364,7.33,612.0,80.0
48948,142.9,7.00,19.77,0.1384,7.23,612.0,80.0
48955,142.9,7.00,19.78,0.1384,7.23,612.0,80.0
48962,144.9,6.90,19.78,0.1365,7.33,612.0,80.0
48969,144.9,6.90,19.78,0.1365,7.32,612.0,80.0
48976,142.9,7.00,19.79,0.1385,7.22,612.0,80.0
48982,144.9,6.90,19.79,0.1365,7.32,612.0,80.0
48989,142.9,7.00,19.79,0.1385,7.22,612.0,80.0
48996,142.9,7.00,19.80,0.1386,7.22,612.0,80.0
49003,147.1,6.80,19.80,0.1346,7.43,612.0,80.0
49010,142.9,7.00,19.80,0.1386,7.22,612.0,80.0
49017,142.9,7.00,19.81,0.1386,7.22,612.0,80.0
49024,142.9,7.00,19.81,0.1387,7.21,612.0,80.0
49031,144.9,6.90,19.81,0.1367,7.31,612.0,80.0
49038,142.9,7.00,19.82,0.1387,7.21,612.0,80.0
49045,144.9,6.90,19.82,0.1367,7.31,612.0,80.0
49052,144.9,6.90,19.82,0.1368,7.31,612.0,80.0
49059,144.9,6.90,19.82,0.1368,7.31,612.0,80.0
49066,140.8,7.10,19.83,0.1408,7.10,612.0,80.0
49073,144.9,6.90,19.83,0.1368,7.31,612.0,80.0
49080,142.9,7.00,19.83,0.1388,7.20,612.0,80.0
49087,147.1,6.80,19.84,0.1349,7.42,612.0,80.0
49094,142.9,7.00,19.84,0.1389,7.20,612.0,80.0
49101,144.9,6.90,19.84,0.1369,7.30,612.0,80.0
49108,142.9,7.00,19.85,0.1389,7.20,612.0,80.0
49114,144.9,6.90,19.85,0.1370,7.30,612.0,80.0
49121,147.1,6.80,19.86,0.1350,7.41,612.0,80.0
49128,140.8,7.10,19.86,0.1410,7.09,612.0,80.0
49135,142.9,7.00,19.86,0.1390,7.19,612.0,80.0
49142,147.1,6.80,19.87,0.1351,7.40,612.0,80.0
49149,144.9,6.90,19.87,0.1371,7.29,612.0,80.0
49156,142.9,7.00,19.88,0.1391,7.19,612.0,80.0
49163,144.9,6.90,19.88,0.1372,7.29,612.0,80.0
49170,140.8,7.10,19.88,0.1412,7.08,612.0,80.0
49177,147.1,6.80,19.89,0.1352,7.40,612.0,80.0
49184,142.9,7.00,19.89,0.1392,7.18,612.0,80.0
49191,144.9,6.90,19.89,0.1373,7.28,612.0,80.0
49198,140.8,7.10,19.90,0.1413,7.08,612.0,80.0
49205,142.9,7.00,19.90,0.1393,7.18,612.0,80.0
49212,144.9,6.90,19.91,0.1374,7.28,612.0,80.0
49219,142.9,7.00,19.91,0.1394,7.18,612.0,80.0
49226,144.9,6.90,19.91,0.1374,7.28,612.0,80.0
49232,147.1,6.80,19.92,0.1354,7.39,612.0,80.0
49240,140.8,7.10,19.92,0.1414,7.07,612.0,80.0
49246,144.9,6.90,19.92,0.1375,7.27,612.0,80.0
49253,144.9,6.90,19.93,0.1375,7.27,612.0,80.0
49260,144.9,6.90,19.93,0.1375,7.27,612.0,80.0
49267,144.9,6.90,19.94,0.1376,7.27,612.0,80.0
49274,140.8,7.10,19.94,0.1416,7.06,612.0,80.0
49281,144.9,6.90,19.94,0.1376,7.27,612.0,80.0
49288,144.9,6.90,19.95,0.1376,7.26,612.0,80.0
49295,142.9,7.00,19.95,0.1397,7.16,612.0,80.0
49302,142.9,7.00,19.96,0.1397,7.16,612.0,80.0
49309,144.9,6.90,19.96,0.1377,7.26,612.0,80.0
49316,144.9,6.90,19.96,0.1377,7.26,612.0,80.0
49323,144.9,6.90,19.97,0.1378,7.26,612.0,80.0
49330,142.9,7.00,19.97,0.1398,7.16,612.0,80.0
49337,144.9,6.90,19.97,0.1378,7.25,612.0,80.0
49344,142.9,7.00,19.98,0.1399,7.15,612.0,80.0
49351,144.9,6.90,19.98,0.1379,7.25,612.0,80.0
49357,144.9,6.90,19.99,0.1379,7.25,612.0,80.0
49364,142.9,7.00,19.99,0.1399,7.15,612.0,80.0
49371,144.9,6.90,19.99,0.1380,7.25,612.0,80.0
49378,142.9,7.00,20.00,0.1400,7.15,612.0,80.0
49385,142.9,7.00,20.00,0.1400,7.14,612.0,80.0
49392,147.1,6.80,20.00,0.1360,7.35,612.0,80.0
49399,140.8,7.10,20.01,0.1421,7.04,612.0,80.0
49406,144.9,6.90,20.01,0.1381,7.24,612.0,80.0
49413,144.9,6.90,20.02,0.1381,7.24,612.0,80.0
49420,142.9,7.00,20.02,0.1401,7.14,612.0,80.0
49427,142.9,7.00,20.02,0.1402,7.14,612.0,80.0
49434,144.9,6.90,20.03,0.1382,7.23,612.0,80.0
49441,144.9,6.90,20.03,0.1382,7.23,612.0,80.0
49448,142.9,7.00,20.04,0.1403,7.13,612.0,80.0
49455,144.9,6.90,20.04,0.1383,7.23,612.0,80.0
49462,144.9,6.90,20.04,0.1383,7.23,612.0,80.0
49469,142.9,7.00,20.05,0.1403,7.13,612.0,80.0
49475,147.1,6.80,20.05,0.1363,7.34,612.0,80.0
49482,142.9,7.00,20.05,0.1404,7.13,612.0,80.0
49490,140.8,7.10,20.06,0.1424,7.02,612.0,80.0
49496,147.1,6.80,20.06,0.1364,7.33,612.0,80.0
49503,142.9,7.00,20.07,0.1405,7.12,612.0,80.0
49510,142.9,7.00,20.07,0.1405,7.12,612.0,80.0
49517,144.9,6.90,20.07,0.1385,7.22,612.0,80.0
49524,142.9,7.00,20.08,0.1405,7.12,612.0,80.0
49531,142.9,7.00,20.08,0.1406,7.12,612.0,80.0
49538,144.9,6.90,20.09,0.1386,7.21,612.0,80.0
49545,144.9,6.90,20.09,0.1386,7.21,612.0,80.0
49552,142.9,7.00,20.09,0.1407,7.11,612.0,80.0
49559,142.9,7.00,20.10,0.1407,7.11,612.0,80.0
49566,147.1,6.80,20.10,0.1367,7.32,612.0,80.0
49573,144.9,6.90,20.10,0.1387,7.21,612.0,80.0
49580,142.9,7.00,20.11,0.1408,7.11,612.0,80.0
49587,142.9,7.00,20.11,0.1408,7.11,612.0,80.0
49594,147.1,6.80,20.12,0.1368,7.31,612.0,80.0
49601,142.9,7.00,20.12,0.1408,7.10,612.0,80.0
49607,144.9,6.90,20.12,0.1389,7.20,612.0,80.0
49614,142.9,7.00,20.13,0.1409,7.10,612.0,80.0
49621,142.9,7.00,20.13,0.1409,7.10,612.0,80.0
49628,142.9,7.00,20.13,0.1409,7.10,612.0,80.0
49635,144.9,6.90,20.14,0.1390,7.20,612.0,80.0
49642,144.9,6.90,20.14,0.1390,7.19,612.0,80.0
49649,144.9,6.90,20.15,0.1390,7.19,612.0,80.0
49656,142.9,7.00,20.15,0.1411,7.09,612.0,80.0
49663,142.9,7.00,20.15,0.1411,7.09,612.0,80.0
49670,144.9,6.90,20.16,0.1391,7.19,612.0,80.0
49677,144.9,6.90,20.16,0.1391,7.19,612.0,80.0
49684,142.9,7.00,20.17,0.1412,7.09,612.0,80.0
49691,144.9,6.90,20.17,0.1392,7.18,612.0,80.0
49698,144.9,6.90,20.17,0.1392,7.18,612.0,80.0
49705,142.9,7.00,20.18,0.1412,7.08,612.0,80.0
49712,142.9,7.00,20.18,0.1413,7.08,612.0,80.0
49719,144.9,6.90,20.18,0.1393,7.18,612.0,80.0
49726,142.9,7.00,20.19,0.1413,7.08,612.0,80.0
49733,144.9,6.90,20.19,0.1393,7.18,612.0,80.0
49739,144.9,6.90,20.20,0.1394,7.17,612.0,80.0
49746,142.9,7.00,20.20,0.1414,7.07,612.0,80.0
49753,144.9,6.90,20.20,0.1394,7.17,612.0,80.0
49760,142.9,7.00,20.21,0.1415,7.07,612.0,80.0
49767,144.9,6.90,20.21,0.1395,7.17,612.0,80.0
49774,144.9,6.90,20.22,0.1395,7.17,612.0,80.0
49781,142.9,7.00,20.22,0.1415,7.07,612.0,80.0
49788,144.9,6.90,20.22,0.1395,7.17,612.0,80.0
49795,142.9,7.00,20.23,0.1416,7.06,612.0,80.0
49802,144.9,6.90,20.23,0.1396,7.16,612.0,80.0
49809,144.9,6.90,20.23,0.1396,7.16,612.0,80.0
49816,140.8,7.10,20.24,0.1437,6.96,612.0,80.0
49823,144.9,6.90,20.24,0.1397,7.16,612.0,80.0
49830,142.9,7.00,20.25,0.1417,7.06,612.0,80.0
49837,144.9,6.90,20.25,0.1397,7.16,612.0,80.0
49844,144.9,6.90,20.25,0.1397,7.15,612.0,80.0
49851,144.9,6.90,20.26,0.1398,7.15,612.0,80.0
49857,144.9,6.90,20.26,0.1398,7.15,612.0,80.0
49864,142.9,7.00,20.26,0.1419,7.05,612.0,80.0
49871,142.9,7.00,20.27,0.1419,7.05,612.0,80.0
49878,144.9,6.90,20.27,0.1399,7.15,612.0,80.0
49885,142.9,7.00,20.28,0.1419,7.05,612.0,80.0
49892,147.1,6.80,20.28,0.1379,7.25,612.0,80.0
49899,140.8,7.10,20.28,0.1440,6.94,612.0,80.0
49906,147.1,6.80,20.29,0.1380,7.25,612.0,80.0
49913,142.9,7.00,20.29,0.1420,7.04,612.0,80.0
49920,144.9,6.90,20.30,0.1400,7.14,612.0,80.0
49927,142.9,7.00,20.30,0.1421,7.04,612.0,80.0
49934,142.9,7.00,20.30,0.1421,7.04,612.0,80.0
49941,144.9,6.90,20.31,0.1401,7.14,612.0,80.0
49948,144.9,6.90,20.31,0.1401,7.13,612.0,80.0
49955,142.9,7.00,20.31,0.1422,7.03,612.0,80.0
49962,144.9,6.90,20.32,0.1402,7.13,612.0,80.0
49969,142.9,7.00,20.32,0.1423,7.03,612.0,80.0
49976,144.9,6.90,20.33,0.1403,7.13,612.0,80.0
49982,144.9,6.90,20.33,0.1403,7.13,612.0,80.0
49990,140.8,7.10,20.33,0.1444,6.92,612.0,80.0
49996,147.1,6.80,20.34,0.1383,7.23,612.0,80.0
50003,142.9,7.00,20.34,0.1424,7.03,612.0,80.0
50010,144.9,6.90,20.34,0.1404,7.12,612.0,80.0
50017,142.9,7.00,20.35,0.1424,7.02,612.0,80.0
50024,144.9,6.90,20.35,0.1404,7.12,612.0,80.0
50031,142.9,7.00,20.36,0.1425,7.02,612.0,80.0
50038,144.9,6.90,20.36,0.1405,7.12,612.0,80.0
50045,142.9,7.00,20.36,0.1425,7.02,612.0,80.0
50052,142.9,7.00,20.37,0.1426,7.02,612.0,80.0
50059,147.1,6.80,20.37,0.1385,7.22,612.0,80.0
50066,142.9,7.00,20.38,0.1426,7.01,612.0,80.0
50073,144.9,6.90,20.38,0.1406,7.11,612.0,80.0
50080,144.9,6.90,20.38,0.1406,7.11,612.0,80.0
50087,142.9,7.00,20.39,0.1427,7.01,612.0,80.0
50094,144.9,6.90,20.39,0.1407,7.11,612.0,80.0
50101,142.9,7.00,20.38,0.1427,7.01,612.0,80.0
50107,144.9,6.90,20.37,0.1406,7.11,612.0,80.0
50114,144.9,6.90,20.37,0.1405,7.11,612.0,80.0
50121,144.9,6.90,20.36,0.1405,7.12,612.0,80.0
50128,142.9,7.00,20.35,0.1425,7.02,612.0,80.0
50135,142.9,7.00,20.35,0.1424,7.02,612.0,80.0
50142,144.9,6.90,20.34,0.1403,7.12,612.0,80.0
50149,142.9,7.00,20.33,0.1423,7.03,612.0,80.0
50156,144.9,6.90,20.32,0.1402,7.13,612.0,80.0
50163,142.9,7.00,20.32,0.1422,7.03,612.0,80.0
50170,147.1,6.80,20.31,0.1381,7.24,612.0,80.0
50177,142.9,7.00,20.30,0.1421,7.04,612.0,80.0
50184,144.9,6.90,20.30,0.1400,7.14,612.0,80.0
50191,142.9,7.00,20.29,0.1420,7.04,612.0,80.0
50198,142.9,7.00,20.28,0.1420,7.05,612.0,80.0
50205,144.9,6.90,20.27,0.1399,7.15,612.0,80.0
50212,144.9,6.90,20.27,0.1398,7.15,612.0,80.0
50219,140.8,7.10,20.26,0.1438,6.95,612.0,80.0
50226,144.9,6.90,20.25,0.1397,7.15,612.0,80.0
50232,144.9,6.90,20.25,0.1397,7.16,612.0,80.0
50239,142.9,7.00,20.24,0.1417,7.06,612.0,80.0
50246,142.9,7.00,20.23,0.1416,7.06,612.0,80.0
50253,144.9,6.90,20.23,0.1396,7.16,612.0,80.0
50260,142.9,7.00,20.22,0.1415,7.07,612.0,80.0
50267,144.9,6.90,20.21,0.1395,7.17,612.0,80.0
50274,144.9,6.90,20.20,0.1394,7.17,612.0,80.0
50281,144.9,6.90,20.20,0.1394,7.17,612.0,80.0
50288,142.9,7.00,20.19,0.1413,7.08,612.0,80.0
50295,144.9,6.90,20.18,0.1393,7.18,612.0,80.0
50302,142.9,7.00,20.18,0.1412,7.08,612.0,80.0
50309,142.9,7.00,20.17,0.1412,7.09,612.0,80.0
50316,144.9,6.90,20.16,0.1391,7.19,612.0,80.0
50323,142.9,7.00,20.15,0.1411,7.09,612.0,80.0
50330,144.9,6.90,20.15,0.1390,7.19,612.0,80.0
50337,142.9,7.00,20.14,0.1410,7.10,612.0,80.0
50344,142.9,7.00,20.13,0.1409,7.10,612.0,80.0
50351,144.9,6.90,20.13,0.1389,7.20,612.0,80.0
50358,142.9,7.00,20.12,0.1408,7.10,612.0,80.0
50364,147.1,6.80,20.11,0.1368,7.31,612.0,80.0
50371,142.9,7.00,20.11,0.1407,7.11,612.0,80.0
50378,144.9,6.90,20.10,0.1387,7.21,612.0,80.0
50385,144.9,6.90,20.09,0.1386,7.21,612.0,80.0
50392,144.9,6.90,20.08,0.1386,7.21,612.0,80.0
50399,140.8,7.10,20.08,0.1425,7.01,612.0,80.0
50406,144.9,6.90,20.07,0.1385,7.22,612.0,80.0
50413,144.9,6.90,20.06,0.1384,7.22,612.0,80.0
50420,144.9,6.90,20.06,0.1384,7.22,612.0,80.0
50427,144.9,6.90,20.05,0.1383,7.23,612.0,80.0
50434,142.9,7.00,20.04,0.1403,7.13,612.0,80.0
50441,147.1,6.80,20.03,0.1362,7.34,612.0,80.0
50448,142.9,7.00,20.03,0.1402,7.14,612.0,80.0
50455,142.9,7.00,20.02,0.1401,7.14,612.0,80.0
50462,142.9,7.00,20.01,0.1401,7.14,612.0,80.0
50469,142.9,7.00,20.01,0.1400,7.14,612.0,80.0
50476,144.9,6.90,20.00,0.1380,7.25,612.0,80.0
50482,144.9,6.90,19.99,0.1379,7.25,612.0,80.0
50489,142.9,7.00,19.99,0.1399,7.15,612.0,80.0
50496,147.1,6.80,19.98,0.1358,7.36,612.0,80.0
50503,140.8,7.10,19.97,0.1418,7.05,612.0,80.0
50510,144.9,6.90,19.96,0.1377,7.26,612.0,80.0
50517,142.9,7.00,19.96,0.1397,7.16,612.0,80.0
50524,144.9,6.90,19.95,0.1377,7.26,612.0,80.0
50531,144.9,6.90,19.94,0.1376,7.27,612.0,80.0
50538,142.9,7.00,19.94,0.1395,7.17,612.0,80.0
50545,144.9,6.90,19.93,0.1375,7.27,612.0,80.0
50552,142.9,7.00,19.92,0.1394,7.17,612.0,80.0
50559,144.9,6.90,19.91,0.1374,7.28,612.0,80.0
50566,144.9,6.90,19.91,0.1374,7.28,612.0,80.0
50573,142.9,7.00,19.90,0.1393,7.18,612.0,80.0
50580,144.9,6.90,19.89,0.1373,7.28,612.0,80.0
50587,144.9,6.90,19.89,0.1372,7.29,612.0,80.0
50594,142.9,7.00,19.88,0.1391,7.19,612.0,80.0
50601,142.9,7.00,19.87,0.1391,7.19,612.0,80.0
50608,142.9,7.00,19.86,0.1390,7.19,612.0,80.0
50614,147.1,6.80,19.86,0.1350,7.41,612.0,80.0
50621,142.9,7.00,19.85,0.1390,7.20,612.0,80.0
50628,142.9,7.00,19.84,0.1389,7.20,612.0,80.0
50635,144.9,6.90,19.84,0.1369,7.30,612.0,80.0
50642,142.9,7.00,19.83,0.1388,7.21,612.0,80.0
50649,147.1,6.80,19.82,0.1348,7.42,612.0,80.0
50656,142.9,7.00,19.81,0.1387,7.21,612.0,80.0
50663,142.9,7.00,19.81,0.1387,7.21,612.0,80.0
50670,144.9,6.90,19.80,0.1366,7.32,612.0,80.0
50677,142.9,7.00,19.79,0.1386,7.22,612.0,80.0
50684,142.9,7.00,19.79,0.1385,7.22,612.0,80.0
50691,144.9,6.90,19.78,0.1365,7.33,612.0,80.0
50698,142.9,7.00,19.77,0.1384,7.23,612.0,80.0
50705,142.9,7.00,19.76,0.1384,7.23,612.0,80.0
50712,144.9,6.90,19.76,0.1363,7.33,612.0,80.0
50719,144.9,6.90,19.75,0.1363,7.34,612.0,80.0
50726,142.9,7.00,19.74,0.1382,7.24,612.0,80.0
50733,144.9,6.90,19.74,0.1362,7.34,612.0,80.0
50740,142.9,7.00,19.73,0.1381,7.24,612.0,80.0
50746,144.9,6.90,19.72,0.1361,7.35,612.0,80.0
50753,142.9,7.00,19.72,0.1380,7.25,612.0,80.0
50760,147.1,6.80,19.71,0.1340,7.46,612.0,80.0
50767,142.9,7.00,19.70,0.1379,7.25,612.0,80.0
50774,144.9,6.90,19.69,0.1359,7.36,612.0,80.0
50781,140.8,7.10,19.69,0.1398,7.15,612.0,80.0
50788,144.9,6.90,19.68,0.1358,7.36,612.0,80.0
50795,147.1,6.80,19.67,0.1338,7.48,612.0,80.0
50802,140.8,7.10,19.67,0.1396,7.16,612.0,80.0
50809,142.9,7.00,19.66,0.1376,7.27,612.0,80.0
50816,147.1,6.80,19.65,0.1336,7.49,612.0,80.0
50823,142.9,7.00,19.64,0.1375,7.27,612.0,80.0
50830,144.9,6.90,19.64,0.1355,7.38,612.0,80.0
50837,142.9,7.00,19.63,0.1374,7.28,612.0,80.0
50844,144.9,6.90,19.62,0.1354,7.38,612.0,80.0
50851,142.9,7.00,19.62,0.1373,7.28,612.0,80.0
50858,144.9,6.90,19.61,0.1353,7.39,612.0,80.0
50864,144.9,6.90,19.60,0.1353,7.39,612.0,80.0
50871,142.9,7.00,19.60,0.1372,7.29,612.0,80.0
50878,144.9,6.90,19.59,0.1352,7.40,612.0,80.0
50885,144.9,6.90,19.58,0.1351,7.40,612.0,80.0
50892,142.9,7.00,19.57,0.1370,7.30,612.0,80.0
50899,144.9,6.90,19.57,0.1350,7.41,612.0,80.0
50906,142.9,7.00,19.56,0.1369,7.31,612.0,80.0
50913,142.9,7.00,19.55,0.1369,7.31,612.0,80.0
50920,144.9,6.90,19.55,0.1349,7.41,612.0,80.0
50927,144.9,6.90,19.54,0.1348,7.42,612.0,80.0
50934,144.9,6.90,19.53,0.1348,7.42,612.0,80.0
50941,142.9,7.00,19.52,0.1367,7.32,612.0,80.0
50948,144.9,6.90,19.52,0.1347,7.42,612.0,80.0
50955,144.9,6.90,19.51,0.1346,7.43,612.0,80.0
50962,142.9,7.00,19.50,0.1365,7.33,612.0,80.0
50969,142.9,7.00,19.50,0.1365,7.33,612.0,80.0
50976,144.9,6.90,19.49,0.1345,7.44,612.0,80.0
50983,142.9,7.00,19.48,0.1364,7.34,612.0,80.0
50989,144.9,6.90,19.48,0.1344,7.44,612.0,80.0
50996,144.9,6.90,19.47,0.1343,7.44,612.0,80.0
51003,142.9,7.00,19.46,0.1362,7.34,612.0,80.0
51010,142.9,7.00,19.45,0.1362,7.35,612.0,80.0
51017,147.1,6.80,19.45,0.1322,7.56,612.0,80.0
51024,142.9,7.00,19.44,0.1361,7.35,612.0,80.0
51031,144.9,6.90,19.43,0.1341,7.46,612.0,80.0
51038,142.9,7.00,19.43,0.1360,7.36,612.0,80.0
51045,142.9,7.00,19.42,0.1359,7.36,612.0,80.0
51052,144.9,6.90,19.41,0.1339,7.46,612.0,80.0
51059,142.9,7.00,19.40,0.1358,7.36,612.0,80.0
51066,144.9,6.90,19.40,0.1338,7.47,612.0,80.0
51073,142.9,7.00,19.39,0.1357,7.37,612.0,80.0
51080,144.9,6.90,19.38,0.1337,7.48,612.0,80.0
51087,142.9,7.00,19.38,0.1356,7.38,612.0,80.0
51094,147.1,6.80,19.37,0.1317,7.59,612.0,80.0
51101,142.9,7.00,19.37,0.1356,7.38,612.0,80.0
51107,144.9,6.90,19.37,0.1337,7.48,612.0,80.0
51114,142.9,7.00,19.37,0.1356,7.38,612.0,80.0
51121,147.1,6.80,19.37,0.1317,7.59,612.0,80.0
51128,142.9,7.00,19.37,0.1356,7.38,612.0,80.0
51135,144.9,6.90,19.37,0.1337,7.48,612.0,80.0
51142,142.9,7.00,19.37,0.1356,7.38,612.0,80.0
51149,144.9,6.90,19.37,0.1336,7.48,612.0,80.0
51156,144.9,6.90,19.37,0.1336,7.48,612.0,80.0
51163,142.9,7.00,19.37,0.1356,7.38,612.0,80.0
51170,142.9,7.00,19.37,0.1356,7.38,612.0,80.0
51177,144.9,6.90,19.37,0.1336,7.48,612.0,80.0
51184,140.8,7.10,19.37,0.1375,7.27,612.0,80.0
51191,147.1,6.80,19.37,0.1317,7.59,612.0,80.0
51198,142.9,7.00,19.37,0.1356,7.38,612.0,80.0
51205,144.9,6.90,19.37,0.1336,7.48,612.0,80.0
51212,142.9,7.00,19.37,0.1356,7.38,612.0,80.0
51219,142.9,7.00,19.37,0.1356,7.38,612.0,80.0
51226,142.9,7.00,19.37,0.1356,7.38,612.0,80.0
51233,144.9,6.90,19.37,0.1336,7.48,612.0,80.0
51239,144.9,6.90,19.37,0.1336,7.48,612.0,80.0
51246,142.9,7.00,19.37,0.1356,7.38,612.0,80.0
51253,142.9,7.00,19.37,0.1356,7.38,612.0,80.0
51260,147.1,6.80,19.37,0.1317,7.59,612.0,80.0
51267,142.9,7.00,19.37,0.1356,7.38,612.0,80.0
51274,144.9,6.90,19.37,0.1336,7.48,612.0,80.0
51281,147.1,6.80,19.37,0.1317,7.59,612.0,80.0
51288,142.9,7.00,19.37,0.1356,7.38,612.0,80.0
51295,140.8,7.10,19.37,0.1375,7.27,612.0,80.0
51302,144.9,6.90,19.37,0.1336,7.48,612.0,80.0
51309,144.9,6.90,19.37,0.1336,7.48,612.0,80.0
51316,142.9,7.00,19.37,0.1356,7.38,612.0,80.0
51323,142.9,7.00,19.37,0.1356,7.38,612.0,80.0
51330,144.9,6.90,19.37,0.1336,7.48,612.0,80.0
51337,144.9,6.90,19.37,0.1336,7.48,612.0,80.0
51344,142.9,7.00,19.37,0.1356,7.38,612.0,80.0
51351,144.9,6.90,19.37,0.1336,7.48,612.0,80.0
51358,142.9,7.00,19.37,0.1356,7.38,612.0,80.0
51364,147.1,6.80,19.37,0.1317,7.60,612.0,80.0
51371,142.9,7.00,19.37,0.1356,7.38,612.0,80.0
51378,142.9,7.00,19.37,0.1356,7.38,612.0,80.0
51385,144.9,6.90,19.37,0.1336,7.48,612.0,80.0
51392,144.9,6.90,19.37,0.1336,7.48,612.0,80.0
51399,144.9,6.90,19.37,0.1336,7.48,612.0,80.0
51406,140.8,7.10,19.37,0.1375,7.27,612.0,80.0
51413,144.9,6.90,19.37,0.1336,7.48,612.0,80.0
51420,144.9,6.90,19.37,0.1336,7.48,612.0,80.0
51427,142.9,7.00,19.37,0.1356,7.38,612.0,80.0
51434,142.9,7.00,19.37,0.1356,7.38,612.0,80.0
51441,144.9,6.90,19.37,0.1336,7.48,612.0,80.0
51448,144.9,6.90,19.37,0.1336,7.48,612.0,80.0
51455,142.9,7.00,19.37,0.1356,7.38,612.0,80.0
51462,144.9,6.90,19.37,0.1336,7.48,612.0,80.0
51469,142.9,7.00,19.37,0.1356,7.38,612.0,80.0
51475,147.1,6.80,19.37,0.1317,7.60,612.0,80.0
51482,142.9,7.00,19.37,0.1356,7.38,612.0,80.0
51490,140.8,7.10,19.37,0.1375,7.27,612.0,80.0
51496,144.9,6.90,19.37,0.1336,7.48,612.0,80.0
51503,147.1,6.80,19.37,0.1317,7.60,612.0,80.0
51510,142.9,7.00,19.37,0.1356,7.38,612.0,80.0
51517,144.9,6.90,19.37,0.1336,7.48,612.0,80.0
51524,142.9,7.00,19.37,0.1356,7.38,612.0,80.0
51531,142.9,7.00,19.37,0.1356,7.38,612.0,80.0
51538,144.9,6.90,19.37,0.1336,7.48,612.0,80.0
51545,142.9,7.00,19.37,0.1356,7.38,612.0,80.0
51552,144.9,6.90,19.37,0.1336,7.48,612.0,80.0
51559,142.9,7.00,19.37,0.1356,7.38,612.0,80.0
51566,144.9,6.90,19.37,0.1336,7.48,612.0,80.0
51573,144.9,6.90,19.37,0.1336,7.48,612.0,80.0
51580,142.9,7.00,19.37,0.1356,7.38,612.0,80.0
51587,142.9,7.00,19.37,0.1356,7.38,612.0,80.0
51594,144.9,6.90,19.36,0.1336,7.48,612.0,80.0
51601,142.9,7.00,19.36,0.1356,7.38,612.0,80.0
51608,144.9,6.90,19.36,0.1336,7.48,612.0,80.0
51614,144.9,6.90,19.36,0.1336,7.48,612.0,80.0
51621,144.9,6.90,19.36,0.1336,7.48,612.0,80.0
51628,140.8,7.10,19.36,0.1375,7.27,612.0,80.0
51635,144.9,6.90,19.36,0.1336,7.48,612.0,80.0
51642,144.9,6.90,19.36,0.1336,7.48,612.0,80.0
51649,144.9,6.90,19.36,0.1336,7.48,612.0,80.0
51656,142.9,7.00,19.36,0.1356,7.38,612.0,80.0
51663,142.9,7.00,19.36,0.1356,7.38,612.0,80.0
51670,144.9,6.90,19.36,0.1336,7.48,612.0,80.0
51677,144.9,6.90,19.36,0.1336,7.48,612.0,80.0
51684,144.9,6.90,19.36,0.1336,7.48,612.0,80.0
51691,142.9,7.00,19.36,0.1355,7.38,612.0,80.0
51698,144.9,6.90,19.36,0.1336,7.48,612.0,80.0
51705,142.9,7.00,19.36,0.1355,7.38,612.0,80.0
51712,144.9,6.90,19.36,0.1336,7.48,612.0,80.0
51719,144.9,6.90,19.36,0.1336,7.48,612.0,80.0
51726,142.9,7.00,19.36,0.1355,7.38,612.0,80.0
51732,147.1,6.80,19.36,0.1317,7.60,612.0,80.0
51739,140.8,7.10,19.36,0.1375,7.27,612.0,80.0
51746,144.9,6.90,19.36,0.1336,7.48,612.0,80.0
51753,142.9,7.00,19.36,0.1355,7.38,612.0,80.0
51760,144.9,6.90,19.36,0.1336,7.48,612.0,80.0
51767,144.9,6.90,19.36,0.1336,7.48,612.0,80.0
51774,140.8,7.10,19.36,0.1375,7.27,612.0,80.0
51781,147.1,6.80,19.36,0.1317,7.60,612.0,80.0
51788,142.9,7.00,19.36,0.1355,7.38,612.0,80.0
51795,147.1,6.80,19.36,0.1317,7.60,612.0,80.0
51802,142.9,7.00,19.36,0.1355,7.38,612.0,80.0
51809,142.9,7.00,19.36,0.1355,7.38,612.0,80.0
51816,142.9,7.00,19.36,0.1355,7.38,612.0,80.0
51823,144.9,6.90,19.36,0.1336,7.48,612.0,80.0
51830,144.9,6.90,19.36,0.1336,7.48,612.0,80.0
51837,142.9,7.00,19.36,0.1355,7.38,612.0,80.0
51844,142.9,7.00,19.36,0.1355,7.38,612.0,80.0
51851,144.9,6.90,19.36,0.1336,7.48,612.0,80.0
51857,144.9,6.90,19.36,0.1336,7.48,612.0,80.0
51864,142.9,7.00,19.36,0.1355,7.38,612.0,80.0
51871,144.9,6.90,19.36,0.1336,7.48,612.0,80.0
51878,142.9,7.00,19.36,0.1355,7.38,612.0,80.0
51885,144.9,6.90,19.36,0.1336,7.48,612.0,80.0
51892,142.9,7.00,19.36,0.1355,7.38,612.0,80.0
51899,144.9,6.90,19.36,0.1336,7.48,612.0,80.0
51906,144.9,6.90,19.36,0.1336,7.48,612.0,80.0
51913,142.9,7.00,19.36,0.1355,7.38,612.0,80.0
51920,144.9,6.90,19.36,0.1336,7.48,612.0,80.0
51927,144.9,6.90,19.36,0.1336,7.48,612.0,80.0
51934,140.8,7.10,19.36,0.1375,7.27,612.0,80.0
51941,144.9,6.90,19.36,0.1336,7.48,612.0,80.0
51948,144.9,6.90,19.36,0.1336,7.48,612.0,80.0
51955,142.9,7.00,19.36,0.1355,7.38,612.0,80.0
51962,144.9,6.90,19.36,0.1336,7.48,612.0,80.0
51969,142.9,7.00,19.36,0.1355,7.38,612.0,80.0
51976,144.9,6.90,19.36,0.1336,7.48,612.0,80.0
51982,144.9,6.90,19.36,0.1336,7.48,612.0,80.0
51989,142.9,7.00,19.36,0.1355,7.38,612.0,80.0
51996,147.1,6.80,19.36,0.1317,7.60,612.0,80.0
52003,142.9,7.00,19.36,0.1355,7.38,612.0,80.0
52010,142.9,7.00,19.36,0.1355,7.38,612.0,80.0
52017,144.9,6.90,19.36,0.1336,7.48,612.0,80.0
52024,142.9,7.00,19.36,0.1355,7.38,612.0,80.0
52031,142.9,7.00,19.36,0.1355,7.38,612.0,80.0
52038,144.9,6.90,19.36,0.1336,7.48,612.0,80.0
52045,142.9,7.00,19.36,0.1355,7.38,612.0,80.0
52052,144.9,6.90,19.36,0.1336,7.48,612.0,80.0
52059,144.9,6.90,19.36,0.1336,7.48,612.0,80.0
52066,144.9,6.90,19.36,0.1336,7.48,612.0,80.0
52073,144.9,6.90,19.36,0.1336,7.48,612.0,80.0
52080,142.9,7.00,19.36,0.1355,7.38,612.0,80.0
52087,142.9,7.00,19.36,0.1355,7.38,612.0,80.0
52094,142.9,7.00,19.36,0.1355,7.38,612.0,80.0
52100,147.1,6.80,19.36,0.1316,7.60,612.0,80.0
52107,142.9,7.00,19.36,0.1355,7.38,612.0,80.0
52114,144.9,6.90,19.36,0.1336,7.48,612.0,80.0
52121,144.9,6.90,19.36,0.1336,7.49,612.0,80.0
52128,142.9,7.00,19.36,0.1355,7.38,612.0,80.0
52135,144.9,6.90,19.36,0.1336,7.49,612.0,80.0
52142,142.9,7.00,19.36,0.1355,7.38,612.0,80.0
52149,144.9,6.90,19.36,0.1336,7.49,612.0,80.0
52156,144.9,6.90,19.36,0.1336,7.49,612.0,80.0
52163,144.9,6.90,19.36,0.1336,7.49,612.0,80.0
52170,142.9,7.00,19.36,0.1355,7.38,612.0,80.0
52177,142.9,7.00,19.36,0.1355,7.38,612.0,80.0
52184,142.9,7.00,19.36,0.1355,7.38,612.0,80.0
52191,142.9,7.00,19.36,0.1355,7.38,612.0,80.0
52198,144.9,6.90,19.35,0.1335,7.49,612.0,80.0
52205,142.9,7.00,19.35,0.1355,7.38,612.0,80.0
52212,144.9,6.90,19.35,0.1335,7.49,612.0,80.0
52219,142.9,7.00,19.35,0.1355,7.38,612.0,80.0
52226,144.9,6.90,19.35,0.1335,7.49,612.0,80.0
52232,144.9,6.90,19.35,0.1335,7.49,612.0,80.0
52239,142.9,7.00,19.35,0.1355,7.38,612.0,80.0
52246,144.9,6.90,19.35,0.1335,7.49,612.0,80.0
52253,144.9,6.90,19.35,0.1335,7.49,612.0,80.0
52260,142.9,7.00,19.35,0.1355,7.38,612.0,80.0
52267,144.9,6.90,19.35,0.1335,7.49,612.0,80.0
52274,142.9,7.00,19.35,0.1355,7.38,612.0,80.0
52281,144.9,6.90,19.35,0.1335,7.49,612.0,80.0
52288,142.9,7.00,19.35,0.1355,7.38,612.0,80.0
52295,144.9,6.90,19.35,0.1335,7.49,612.0,80.0
52302,144.9,6.90,19.35,0.1335,7.49,612.0,80.0
52309,142.9,7.00,19.35,0.1354,7.39,612.0,80.0
52316,142.9,7.00,19.35,0.1354,7.39,612.0,80.0
52323,144.9,6.90,19.35,0.1335,7.49,612.0,80.0
52330,142.9,7.00,19.35,0.1354,7.39,612.0,80.0
52337,144.9,6.90,19.35,0.1335,7.49,612.0,80.0
52344,142.9,7.00,19.35,0.1354,7.39,612.0,80.0
52350,147.1,6.80,19.35,0.1316,7.60,612.0,80.0
52357,142.9,7.00,19.35,0.1354,7.39,612.0,80.0
52364,142.9,7.00,19.35,0.1354,7.39,612.0,80.0
52371,144.9,6.90,19.35,0.1335,7.49,612.0,80.0
52378,142.9,7.00,19.35,0.1354,7.39,612.0,80.0
52385,144.9,6.90,19.35,0.1335,7.49,612.0,80.0
52392,142.9,7.00,19.35,0.1354,7.39,612.0,80.0
52399,144.9,6.90,19.34,0.1335,7.49,612.0,80.0
52406,142.9,7.00,19.34,0.1354,7.39,612.0,80.0
52413,144.9,6.90,19.34,0.1335,7.49,612.0,80.0
52420,144.9,6.90,19.34,0.1335,7.49,612.0,80.0
52427,142.9,7.00,19.34,0.1354,7.39,612.0,80.0
52434,142.9,7.00,19.34,0.1354,7.39,612.0,80.0
52441,147.1,6.80,19.34,0.1315,7.60,612.0,80.0
52448,140.8,7.10,19.34,0.1373,7.28,612.0,80.0
52455,144.9,6.90,19.34,0.1335,7.49,612.0,80.0
52462,144.9,6.90,19.34,0.1335,7.49,612.0,80.0
52469,144.9,6.90,19.34,0.1335,7.49,612.0,80.0
52475,144.9,6.90,19.34,0.1335,7.49,612.0,80.0
52482,144.9,6.90,19.34,0.1334,7.49,612.0,80.0
52489,142.9,7.00,19.34,0.1354,7.39,612.0,80.0
52496,142.9,7.00,19.34,0.1354,7.39,612.0,80.0
52503,144.9,6.90,19.34,0.1334,7.49,612.0,80.0
52510,144.9,6.90,19.34,0.1334,7.49,612.0,80.0
52517,142.9,7.00,19.34,0.1354,7.39,612.0,80.0
52524,144.9,6.90,19.34,0.1334,7.49,612.0,80.0
52531,144.9,6.90,19.34,0.1334,7.49,612.0,80.0
52538,142.9,7.00,19.34,0.1354,7.39,612.0,80.0
52545,142.9,7.00,19.34,0.1354,7.39,612.0,80.0
52552,142.9,7.00,19.34,0.1354,7.39,612.0,80.0
52559,144.9,6.90,19.34,0.1334,7.49,612.0,80.0
52566,142.9,7.00,19.34,0.1354,7.39,612.0,80.0
52573,144.9,6.90,19.34,0.1334,7.49,612.0,80.0
52580,144.9,6.90,19.34,0.1334,7.49,612.0,80.0
52587,142.9,7.00,19.34,0.1353,7.39,612.0,80.0
52594,144.9,6.90,19.33,0.1334,7.49,612.0,80.0
52601,142.9,7.00,19.33,0.1353,7.39,612.0,80.0
52607,144.9,6.90,19.33,0.1334,7.49,612.0,80.0
52614,142.9,7.00,19.33,0.1353,7.39,612.0,80.0
52621,144.9,6.90,19.33,0.1334,7.49,612.0,80.0
52628,144.9,6.90,19.33,0.1334,7.49,612.0,80.0
52635,142.9,7.00,19.33,0.1353,7.39,612.0,80.0
52642,144.9,6.90,19.33,0.1334,7.50,612.0,80.0
52649,140.8,7.10,19.33,0.1373,7.28,612.0,80.0
52656,142.9,7.00,19.33,0.1353,7.39,612.0,80.0
52663,147.1,6.80,19.33,0.1315,7.61,612.0,80.0
52670,142.9,7.00,19.33,0.1353,7.39,612.0,80.0
52677,144.9,6.90,19.33,0.1334,7.50,612.0,80.0
52684,144.9,6.90,19.33,0.1334,7.50,612.0,80.0
52691,144.9,6.90,19.33,0.1334,7.50,612.0,80.0
52698,142.9,7.00,19.33,0.1353,7.39,612.0,80.0
52705,142.9,7.00,19.33,0.1353,7.39,612.0,80.0
52712,147.1,6.80,19.33,0.1314,7.61,612.0,80.0
52719,140.8,7.10,19.33,0.1372,7.28,612.0,80.0
52726,142.9,7.00,19.33,0.1353,7.39,612.0,80.0
52733,144.9,6.90,19.33,0.1334,7.50,612.0,80.0
52739,144.9,6.90,19.33,0.1334,7.50,612.0,80.0
52746,142.9,7.00,19.33,0.1353,7.39,612.0,80.0
52753,144.9,6.90,19.33,0.1334,7.50,612.0,80.0
52760,142.9,7.00,19.33,0.1353,7.39,612.0,80.0
52767,144.9,6.90,19.33,0.1334,7.50,612.0,80.0
52774,142.9,7.00,19.33,0.1353,7.39,612.0,80.0
52781,144.9,6.90,19.33,0.1333,7.50,612.0,80.0
52788,144.9,6.90,19.33,0.1333,7.50,612.0,80.0
52795,142.9,7.00,19.32,0.1353,7.39,612.0,80.0
52802,144.9,6.90,19.32,0.1333,7.50,612.0,80.0
52809,144.9,6.90,19.32,0.1333,7.50,612.0,80.0
52816,144.9,6.90,19.32,0.1333,7.50,612.0,80.0
52823,140.8,7.10,19.32,0.1372,7.29,612.0,80.0
52830,147.1,6.80,19.32,0.1314,7.61,612.0,80.0
52837,142.9,7.00,19.32,0.1353,7.40,612.0,80.0
52844,144.9,6.90,19.32,0.1333,7.50,612.0,80.0
52851,142.9,7.00,19.32,0.1353,7.40,612.0,80.0
52858,142.9,7.00,19.32,0.1353,7.40,612.0,80.0
52864,144.9,6.90,19.32,0.1333,7.50,612.0,80.0
52871,142.9,7.00,19.32,0.1352,7.40,612.0,80.0
52878,144.9,6.90,19.32,0.1333,7.50,612.0,80.0
52885,142.9,7.00,19.32,0.1352,7.40,612.0,80.0
52892,144.9,6.90,19.32,0.1333,7.50,612.0,80.0
52899,144.9,6.90,19.32,0.1333,7.50,612.0,80.0
52906,142.9,7.00,19.32,0.1352,7.40,612.0,80.0
52913,142.9,7.00,19.32,0.1352,7.40,612.0,80.0
52920,144.9,6.90,19.32,0.1333,7.50,612.0,80.0
52927,144.9,6.90,19.32,0.1333,7.50,612.0,80.0
52934,144.9,6.90,19.32,0.1333,7.50,612.0,80.0
52941,142.9,7.00,19.32,0.1352,7.40,612.0,80.0
52948,144.9,6.90,19.32,0.1333,7.50,612.0,80.0
52955,142.9,7.00,19.32,0.1352,7.40,612.0,80.0
52962,144.9,6.90,19.32,0.1333,7.50,612.0,80.0
52969,144.9,6.90,19.32,0.1333,7.50,612.0,80.0
52976,142.9,7.00,19.32,0.1352,7.40,612.0,80.0
52983,142.9,7.00,19.32,0.1352,7.40,612.0,80.0
52989,144.9,6.90,19.32,0.1333,7.50,612.0,80.0
52996,142.9,7.00,19.31,0.1352,7.40,612.0,80.0
53003,144.9,6.90,19.31,0.1333,7.50,612.0,80.0
53010,147.1,6.80,19.31,0.1313,7.62,612.0,80.0
53017,140.8,7.10,19.31,0.1371,7.29,612.0,80.0
53024,144.9,6.90,19.31,0.1333,7.50,612.0,80.0
53031,142.9,7.00,19.31,0.1352,7.40,612.0,80.0
53038,144.9,6.90,19.31,0.1333,7.50,612.0,80.0
53045,144.9,6.90,19.31,0.1333,7.50,612.0,80.0
53052,142.9,7.00,19.31,0.1352,7.40,612.0,80.0
53059,144.9,6.90,19.31,0.1333,7.50,612.0,80.0
53066,142.9,7.00,19.31,0.1352,7.40,612.0,80.0
53073,142.9,7.00,19.31,0.1352,7.40,612.0,80.0
53080,144.9,6.90,19.31,0.1332,7.50,612.0,80.0
53087,144.9,6.90,19.31,0.1332,7.50,612.0,80.0
53094,142.9,7.00,19.31,0.1352,7.40,612.0,80.0
53101,144.9,6.90,19.31,0.1332,7.50,612.0,80.0
53107,144.9,6.90,19.31,0.1332,7.50,612.0,80.0
53114,142.9,7.00,19.31,0.1352,7.40,612.0,80.0
53121,144.9,6.90,19.31,0.1332,7.50,612.0,80.0
53128,142.9,7.00,19.31,0.1352,7.40,612.0,80.0
53135,147.1,6.80,19.31,0.1313,7.62,612.0,80.0
53142,142.9,7.00,19.31,0.1352,7.40,612.0,80.0
53149,144.9,6.90,19.31,0.1332,7.50,612.0,80.0
53156,144.9,6.90,19.31,0.1332,7.50,612.0,80.0
53163,142.9,7.00,19.31,0.1352,7.40,612.0,80.0
53170,144.9,6.90,19.31,0.1332,7.50,612.0,80.0
53177,144.9,6.90,19.31,0.1332,7.50,612.0,80.0
53184,142.9,7.00,19.31,0.1352,7.40,612.0,80.0
53191,144.9,6.90,19.31,0.1332,7.50,612.0,80.0
53198,142.9,7.00,19.31,0.1352,7.40,612.0,80.0
53205,144.9,6.90,19.31,0.1332,7.50,612.0,80.0
53211,144.9,6.90,19.31,0.1332,7.50,612.0,80.0
53218,142.9,7.00,19.31,0.1352,7.40,612.0,80.0
53225,142.9,7.00,19.31,0.1352,7.40,612.0,80.0
53232,142.9,7.00,19.31,0.1352,7.40,612.0,80.0
53239,144.9,6.90,19.31,0.1332,7.50,612.0,80.0
53246,144.9,6.90,19.31,0.1332,7.50,612.0,80.0
53253,144.9,6.90,19.31,0.1332,7.50,612.0,80.0
53260,142.9,7.00,19.31,0.1352,7.40,612.0,80.0
53267,142.9,7.00,19.31,0.1352,7.40,612.0,80.0
53274,144.9,6.90,19.31,0.1332,7.50,612.0,80.0
53281,142.9,7.00,19.31,0.1352,7.40,612.0,80.0
53288,144.9,6.90,19.31,0.1332,7.50,612.0,80.0
53295,142.9,7.00,19.31,0.1352,7.40,612.0,80.0
53302,144.9,6.90,19.31,0.1332,7.50,612.0,80.0
53309,142.9,7.00,19.31,0.1352,7.40,612.0,80.0
53316,147.1,6.80,19.31,0.1313,7.62,612.0,80.0
53323,142.9,7.00,19.31,0.1352,7.40,612.0,80.0
53330,144.9,6.90,19.31,0.1332,7.50,612.0,80.0
53337,142.9,7.00,19.31,0.1352,7.40,612.0,80.0
53344,142.9,7.00,19.31,0.1352,7.40,612.0,80.0
53350,144.9,6.90,19.31,0.1332,7.50,612.0,80.0
53358,140.8,7.10,19.31,0.1371,7.29,612.0,80.0
53364,144.9,6.90,19.31,0.1332,7.50,612.0,80.0
53371,144.9,6.90,19.31,0.1332,7.50,612.0,80.0
53378,142.9,7.00,19.31,0.1352,7.40,612.0,80.0
53385,144.9,6.90,19.31,0.1332,7.50,612.0,80.0
53392,144.9,6.90,19.31,0.1332,7.50,612.0,80.0
53399,142.9,7.00,19.31,0.1352,7.40,612.0,80.0
53406,142.9,7.00,19.31,0.1352,7.40,612.0,80.0
53413,144.9,6.90,19.31,0.1332,7.50,612.0,80.0
53420,144.9,6.90,19.31,0.1332,7.50,612.0,80.0
53427,144.9,6.90,19.31,0.1332,7.50,612.0,80.0
53434,142.9,7.00,19.31,0.1352,7.40,612.0,80.0
53441,144.9,6.90,19.31,0.1332,7.50,612.0,80.0
53448,142.9,7.00,19.31,0.1352,7.40,612.0,80.0
53455,142.9,7.00,19.31,0.1352,7.40,612.0,80.0
53462,144.9,6.90,19.31,0.1332,7.50,612.0,80.0
53469,144.9,6.90,19.31,0.1332,7.50,612.0,80.0
53475,144.9,6.90,19.31,0.1332,7.50,612.0,80.0
53482,144.9,6.90,19.31,0.1332,7.50,612.0,80.0
53489,142.9,7.00,19.31,0.1352,7.40,612.0,80.0
53496,142.9,7.00,19.31,0.1352,7.40,612.0,80.0
53503,147.1,6.80,19.31,0.1313,7.62,612.0,80.0
53510,142.9,7.00,19.31,0.1352,7.40,612.0,80.0
53517,142.9,7.00,19.31,0.1352,7.40,612.0,80.0
53524,144.9,6.90,19.31,0.1332,7.50,612.0,80.0
53531,142.9,7.00,19.31,0.1352,7.40,612.0,80.0
53538,142.9,7.00,19.31,0.1352,7.40,612.0,80.0
53545,144.9,6.90,19.31,0.1332,7.50,612.0,80.0
53552,142.9,7.00,19.31,0.1352,7.40,612.0,80.0
53559,144.9,6.90,19.31,0.1332,7.50,612.0,80.0
53566,142.9,7.00,19.31,0.1352,7.40,612.0,80.0
53573,142.9,7.00,19.31,0.1352,7.40,612.0,80.0
53580,144.9,6.90,19.31,0.1332,7.50,612.0,80.0
53587,144.9,6.90,19.31,0.1332,7.50,612.0,80.0
53594,142.9,7.00,19.31,0.1352,7.40,612.0,80.0
53601,144.9,6.90,19.31,0.1332,7.50,612.0,80.0
53607,144.9,6.90,19.31,0.1332,7.50,612.0,80.0
53615,140.8,7.10,19.31,0.1371,7.29,612.0,80.0
53621,147.1,6.80,19.31,0.1313,7.62,612.0,80.0
53628,144.9,6.90,19.31,0.1332,7.50,612.0,80.0
53635,142.9,7.00,19.31,0.1352,7.40,612.0,80.0
53642,142.9,7.00,19.31,0.1352,7.40,612.0,80.0
53649,142.9,7.00,19.31,0.1352,7.40,612.0,80.0
53656,147.1,6.80,19.31,0.1313,7.62,612.0,80.0
53663,142.9,7.00,19.31,0.1352,7.40,612.0,80.0
53670,144.9,6.90,19.31,0.1332,7.50,612.0,80.0
53677,142.9,7.00,19.31,0.1352,7.40,612.0,80.0
53684,147.1,6.80,19.31,0.1313,7.62,612.0,80.0
53691,142.9,7.00,19.31,0.1352,7.40,612.0,80.0
53698,142.9,7.00,19.31,0.1352,7.40,612.0,80.0
53705,142.9,7.00,19.31,0.1352,7.40,612.0,80.0
53712,142.9,7.00,19.31,0.1352,7.40,612.0,80.0
53719,147.1,6.80,19.31,0.1313,7.62,612.0,80.0
53726,142.9,7.00,19.31,0.1352,7.40,612.0,80.0
53732,147.1,6.80,19.31,0.1313,7.62,612.0,80.0
53739,140.8,7.10,19.31,0.1371,7.29,612.0,80.0
53746,144.9,6.90,19.31,0.1332,7.50,612.0,80.0
53753,142.9,7.00,19.31,0.1352,7.40,612.0,80.0
53760,144.9,6.90,19.31,0.1332,7.50,612.0,80.0
53767,144.9,6.90,19.31,0.1332,7.50,612.0,80.0
53774,140.8,7.10,19.31,0.1371,7.29,612.0,80.0
53781,147.1,6.80,19.31,0.1313,7.62,612.0,80.0
53788,142.9,7.00,19.31,0.1352,7.40,612.0,80.0
53795,142.9,7.00,19.31,0.1352,7.40,612.0,80.0
53802,142.9,7.00,19.31,0.1352,7.40,612.0,80.0
53809,149.3,6.70,19.31,0.1294,7.73,612.0,80.0
53816,140.8,7.10,19.31,0.1371,7.29,612.0,80.0
53823,142.9,7.00,19.31,0.1352,7.40,612.0,80.0
53830,147.1,6.80,19.31,0.1313,7.62,612.0,80.0
53837,144.9,6.90,19.31,0.1332,7.50,612.0,80.0
53844,142.9,7.00,19.31,0.1352,7.40,612.0,80.0
53851,140.8,7.10,19.31,0.1371,7.29,612.0,80.0
53857,147.1,6.80,19.31,0.1313,7.62,612.0,80.0
53864,142.9,7.00,19.31,0.1352,7.40,612.0,80.0
53871,144.9,6.90,19.31,0.1332,7.50,612.0,80.0
53878,144.9,6.90,19.31,0.1332,7.50,612.0,80.0
53885,142.9,7.00,19.31,0.1352,7.40,612.0,80.0
53892,142.9,7.00,19.31,0.1352,7.40,612.0,80.0
53899,144.9,6.90,19.31,0.1332,7.50,612.0,80.0
53906,142.9,7.00,19.31,0.1352,7.40,612.0,80.0
53913,144.9,6.90,19.31,0.1332,7.50,612.0,80.0
53920,144.9,6.90,19.31,0.1332,7.50,612.0,80.0
53927,142.9,7.00,19.31,0.1352,7.40,612.0,80.0
53934,144.9,6.90,19.31,0.1332,7.50,612.0,80.0
53941,142.9,7.00,19.31,0.1352,7.40,612.0,80.0
53948,144.9,6.90,19.31,0.1332,7.50,612.0,80.0
53955,144.9,6.90,19.31,0.1332,7.50,612.0,80.0
53962,142.9,7.00,19.31,0.1352,7.40,612.0,80.0
53969,144.9,6.90,19.31,0.1332,7.50,612.0,80.0
53976,142.9,7.00,19.31,0.1352,7.40,612.0,80.0
53982,144.9,6.90,19.31,0.1332,7.50,612.0,80.0
53989,144.9,6.90,19.31,0.1332,7.50,612.0,80.0
53996,142.9,7.00,19.31,0.1352,7.40,612.0,80.0
54003,142.9,7.00,19.31,0.1352,7.40,612.0,80.0
54010,147.1,6.80,19.31,0.1313,7.62,612.0,80.0
54017,142.9,7.00,19.31,0.1352,7.40,612.0,80.0
54024,142.9,7.00,19.31,0.1352,7.40,612.0,80.0
54031,144.9,6.90,19.31,0.1332,7.50,612.0,80.0
54038,144.9,6.90,19.31,0.1332,7.50,612.0,80.0
54045,142.9,7.00,19.31,0.1352,7.40,612.0,80.0
54052,144.9,6.90,19.31,0.1332,7.50,612.0,80.0
54059,142.9,7.00,19.31,0.1352,7.40,612.0,80.0
54066,144.9,6.90,19.31,0.1332,7.50,612.0,80.0
54073,144.9,6.90,19.31,0.1332,7.50,612.0,80.0
54080,142.9,7.00,19.31,0.1352,7.40,612.0,80.0
54087,142.9,7.00,19.31,0.1352,7.40,612.0,80.0
54094,144.9,6.90,19.31,0.1332,7.50,612.0,80.0
54101,142.9,7.00,19.31,0.1352,7.40,612.0,80.0
54107,144.9,6.90,19.31,0.1332,7.50,612.0,80.0
54114,147.1,6.80,19.31,0.1313,7.62,612.0,80.0
54121,140.8,7.10,19.31,0.1371,7.29,612.0,80.0
54128,144.9,6.90,19.31,0.1332,7.51,612.0,80.0
54135,142.9,7.00,19.31,0.1351,7.40,612.0,80.0
54142,147.1,6.80,19.31,0.1313,7.62,612.0,80.0
54149,144.9,6.90,19.31,0.1332,7.51,612.0,80.0
54156,142.9,7.00,19.30,0.1351,7.40,612.0,80.0
54163,144.9,6.90,19.30,0.1332,7.51,612.0,80.0
54170,144.9,6.90,19.30,0.1332,7.51,612.0,80.0
54177,142.9,7.00,19.30,0.1351,7.40,612.0,80.0
54184,142.9,7.00,19.30,0.1351,7.40,612.0,80.0
54191,142.9,7.00,19.30,0.1351,7.40,612.0,80.0
54198,144.9,6.90,19.30,0.1332,7.51,612.0,80.0
54205,142.9,7.00,19.30,0.1351,7.40,612.0,80.0
54212,144.9,6.90,19.30,0.1332,7.51,612.0,80.0
54219,142.9,7.00,19.30,0.1351,7.40,612.0,80.0
54225,144.9,6.90,19.30,0.1332,7.51,612.0,80.0
54232,142.9,7.00,19.30,0.1351,7.40,612.0,80.0
54239,144.9,6.90,19.30,0.1332,7.51,612.0,80.0
54246,144.9,6.90,19.30,0.1332,7.51,612.0,80.0
54253,140.8,7.10,19.30,0.1370,7.30,612.0,80.0
54260,144.9,6.90,19.30,0.1331,7.51,612.0,80.0
54267,144.9,6.90,19.30,0.1331,7.51,612.0,80.0
54274,144.9,6.90,19.30,0.1331,7.51,612.0,80.0
54281,142.9,7.00,19.29,0.1351,7.41,612.0,80.0
54288,144.9,6.90,19.29,0.1331,7.51,612.0,80.0
54295,144.9,6.90,19.29,0.1331,7.51,612.0,80.0
54302,140.8,7.10,19.29,0.1370,7.30,612.0,80.0
54309,144.9,6.90,19.29,0.1331,7.51,612.0,80.0
54316,144.9,6.90,19.29,0.1331,7.51,612.0,80.0
54323,144.9,6.90,19.29,0.1331,7.51,612.0,80.0
54330,142.9,7.00,19.29,0.1350,7.41,612.0,80.0
54337,142.9,7.00,19.29,0.1350,7.41,612.0,80.0
54344,144.9,6.90,19.29,0.1331,7.51,612.0,80.0
54351,142.9,7.00,19.29,0.1350,7.41,612.0,80.0
54357,144.9,6.90,19.29,0.1331,7.51,612.0,80.0
54364,144.9,6.90,19.29,0.1331,7.51,612.0,80.0
54371,142.9,7.00,19.29,0.1350,7.41,612.0,80.0
54378,144.9,6.90,19.29,0.1331,7.51,612.0,80.0
54385,142.9,7.00,19.29,0.1350,7.41,612.0,80.0
54392,144.9,6.90,19.29,0.1331,7.51,612.0,80.0
54399,144.9,6.90,19.29,0.1331,7.51,612.0,80.0
54406,144.9,6.90,19.28,0.1331,7.51,612.0,80.0
54413,142.9,7.00,19.28,0.1350,7.41,612.0,80.0
54420,142.9,7.00,19.28,0.1350,7.41,612.0,80.0
54427,144.9,6.90,19.28,0.1331,7.51,612.0,80.0
54434,144.9,6.90,19.28,0.1331,7.51,612.0,80.0
54441,142.9,7.00,19.28,0.1350,7.41,612.0,80.0
54448,144.9,6.90,19.28,0.1330,7.51,612.0,80.0
54455,142.9,7.00,19.28,0.1350,7.41,612.0,80.0
54462,142.9,7.00,19.28,0.1350,7.41,612.0,80.0
54468,147.1,6.80,19.28,0.1311,7.63,612.0,80.0
54475,144.9,6.90,19.28,0.1330,7.52,612.0,80.0
54482,142.9,7.00,19.28,0.1350,7.41,612.0,80.0
54489,140.8,7.10,19.28,0.1369,7.30,612.0,80.0
54496,142.9,7.00,19.28,0.1349,7.41,612.0,80.0
54503,144.9,6.90,19.28,0.1330,7.52,612.0,80.0
54510,144.9,6.90,19.28,0.1330,7.52,612.0,80.0
54517,147.1,6.80,19.28,0.1311,7.63,612.0,80.0
54524,144.9,6.90,19.28,0.1330,7.52,612.0,80.0
54531,140.8,7.10,19.27,0.1369,7.30,612.0,80.0
54538,142.9,7.00,19.27,0.1349,7.41,612.0,80.0
54545,144.9,6.90,19.27,0.1330,7.52,612.0,80.0
54552,142.9,7.00,19.27,0.1349,7.41,612.0,80.0
54559,144.9,6.90,19.27,0.1330,7.52,612.0,80.0
54566,144.9,6.90,19.27,0.1330,7.52,612.0,80.0
54573,142.9,7.00,19.27,0.1349,7.42,612.0,80.0
54580,144.9,6.90,19.27,0.1330,7.52,612.0,80.0
54587,142.9,7.00,19.27,0.1349,7.42,612.0,80.0
54594,144.9,6.90,19.27,0.1330,7.52,612.0,80.0
54601,142.9,7.00,19.27,0.1349,7.42,612.0,80.0
54608,142.9,7.00,19.27,0.1349,7.42,612.0,80.0
54614,144.9,6.90,19.27,0.1330,7.52,612.0,80.0
54621,144.9,6.90,19.27,0.1329,7.52,612.0,80.0
54628,142.9,7.00,19.27,0.1349,7.42,612.0,80.0
54635,144.9,6.90,19.27,0.1329,7.52,612.0,80.0
54642,144.9,6.90,19.27,0.1329,7.52,612.0,80.0
54649,142.9,7.00,19.27,0.1349,7.42,612.0,80.0
54656,147.1,6.80,19.26,0.1310,7.64,612.0,80.0
54663,144.9,6.90,19.26,0.1329,7.52,612.0,80.0
54670,140.8,7.10,19.26,0.1368,7.31,612.0,80.0
54677,147.1,6.80,19.26,0.1310,7.64,612.0,80.0
54684,142.9,7.00,19.26,0.1348,7.42,612.0,80.0
54691,142.9,7.00,19.26,0.1348,7.42,612.0,80.0
54698,144.9,6.90,19.26,0.1329,7.52,612.0,80.0
54705,142.9,7.00,19.26,0.1348,7.42,612.0,80.0
54712,144.9,6.90,19.26,0.1329,7.52,612.0,80.0
54719,142.9,7.00,19.26,0.1348,7.42,612.0,80.0
54725,144.9,6.90,19.26,0.1329,7.52,612.0,80.0
54732,144.9,6.90,19.26,0.1329,7.52,612.0,80.0
54739,142.9,7.00,19.26,0.1348,7.42,612.0,80.0
54746,144.9,6.90,19.26,0.1329,7.52,612.0,80.0
54753,140.8,7.10,19.26,0.1367,7.31,612.0,80.0
54760,147.1,6.80,19.26,0.1309,7.64,612.0,80.0
54767,142.9,7.00,19.26,0.1348,7.42,612.0,80.0
54774,142.9,7.00,19.26,0.1348,7.42,612.0,80.0
54781,144.9,6.90,19.25,0.1329,7.53,612.0,80.0
54788,144.9,6.90,19.25,0.1329,7.53,612.0,80.0
54795,142.9,7.00,19.25,0.1348,7.42,612.0,80.0
54802,144.9,6.90,19.25,0.1328,7.53,612.0,80.0
54809,142.9,7.00,19.25,0.1348,7.42,612.0,80.0
54816,144.9,6.90,19.25,0.1328,7.53,612.0,80.0
54823,144.9,6.90,19.25,0.1328,7.53,612.0,80.0
54830,142.9,7.00,19.25,0.1348,7.42,612.0,80.0
54837,142.9,7.00,19.25,0.1348,7.42,612.0,80.0
54844,144.9,6.90,19.25,0.1328,7.53,612.0,80.0
54850,144.9,6.90,19.25,0.1328,7.53,612.0,80.0
54857,144.9,6.90,19.25,0.1328,7.53,612.0,80.0
54864,142.9,7.00,19.25,0.1347,7.42,612.0,80.0
54871,144.9,6.90,19.25,0.1328,7.53,612.0,80.0
54878,142.9,7.00,19.25,0.1347,7.42,612.0,80.0
54885,144.9,6.90,19.25,0.1328,7.53,612.0,80.0
54892,142.9,7.00,19.25,0.1347,7.42,612.0,80.0
54899,144.9,6.90,19.25,0.1328,7.53,612.0,80.0
54906,142.9,7.00,19.24,0.1347,7.43,612.0,80.0
54913,144.9,6.90,19.24,0.1328,7.53,612.0,80.0
54920,142.9,7.00,19.24,0.1347,7.43,612.0,80.0
54927,144.9,6.90,19.24,0.1328,7.53,612.0,80.0
54934,144.9,6.90,19.24,0.1328,7.53,612.0,80.0
54941,140.8,7.10,19.24,0.1366,7.32,612.0,80.0
54948,144.9,6.90,19.24,0.1328,7.53,612.0,80.0
54955,144.9,6.90,19.24,0.1328,7.53,612.0,80.0
54962,142.9,7.00,19.24,0.1347,7.43,612.0,80.0
54969,144.9,6.90,19.24,0.1328,7.53,612.0,80.0
54976,142.9,7.00,19.24,0.1347,7.43,612.0,80.0
54982,144.9,6.90,19.24,0.1327,7.53,612.0,80.0
54989,142.9,7.00,19.24,0.1347,7.43,612.0,80.0
54996,144.9,6.90,19.24,0.1327,7.53,612.0,80.0
55003,144.9,6.90,19.24,0.1327,7.53,612.0,80.0
55010,142.9,7.00,19.24,0.1347,7.43,612.0,80.0
55017,142.9,7.00,19.24,0.1347,7.43,612.0,80.0
55024,147.1,6.80,19.24,0.1308,7.65,612.0,80.0
55031,142.9,7.00,19.23,0.1346,7.43,612.0,80.0
55038,142.9,7.00,19.23,0.1346,7.43,612.0,80.0
55045,147.1,6.80,19.23,0.1308,7.65,612.0,80.0
55052,142.9,7.00,19.23,0.1346,7.43,612.0,80.0
55059,144.9,6.90,19.23,0.1327,7.53,612.0,80.0
55066,142.9,7.00,19.23,0.1346,7.43,612.0,80.0
55073,144.9,6.90,19.23,0.1327,7.53,612.0,80.0
55080,142.9,7.00,19.23,0.1346,7.43,612.0,80.0
55087,144.9,6.90,19.23,0.1327,7.53,612.0,80.0
55094,142.9,7.00,19.23,0.1346,7.43,612.0,80.0
55100,144.9,6.90,19.23,0.1327,7.53,612.0,80.0
55107,142.9,7.00,19.23,0.1346,7.43,612.0,80.0
55114,142.9,7.00,19.23,0.1346,7.43,612.0,80.0
55121,144.9,6.90,19.23,0.1327,7.53,612.0,80.0
55128,142.9,7.00,19.23,0.1346,7.43,612.0,80.0
55135,144.9,6.90,19.23,0.1327,7.53,612.0,80.0
55142,147.1,6.80,19.23,0.1308,7.65,612.0,80.0
55149,142.9,7.00,19.23,0.1346,7.43,612.0,80.0
55156,142.9,7.00,19.23,0.1346,7.43,612.0,80.0
55163,144.9,6.90,19.23,0.1327,7.53,612.0,80.0
55170,147.1,6.80,19.23,0.1308,7.65,612.0,80.0
55177,140.8,7.10,19.24,0.1366,7.32,612.0,80.0
55184,144.9,6.90,19.24,0.1327,7.53,612.0,80.0
55191,144.9,6.90,19.24,0.1327,7.53,612.0,80.0
55198,144.9,6.90,19.24,0.1327,7.53,612.0,80.0
55205,142.9,7.00,19.24,0.1347,7.43,612.0,80.0
55211,144.9,6.90,19.24,0.1327,7.53,612.0,80.0
55218,142.9,7.00,19.24,0.1347,7.43,612.0,80.0
55225,142.9,7.00,19.24,0.1347,7.43,612.0,80.0
55232,144.9,6.90,19.24,0.1327,7.53,612.0,80.0
55239,144.9,6.90,19.24,0.1327,7.53,612.0,80.0
55246,144.9,6.90,19.24,0.1328,7.53,612.0,80.0
55253,142.9,7.00,19.24,0.1347,7.43,612.0,80.0
55260,142.9,7.00,19.24,0.1347,7.43,612.0,80.0
55267,144.9,6.90,19.24,0.1328,7.53,612.0,80.0
55274,144.9,6.90,19.24,0.1328,7.53,612.0,80.0
55281,142.9,7.00,19.24,0.1347,7.43,612.0,80.0
55288,140.8,7.10,19.24,0.1366,7.32,612.0,80.0
55295,144.9,6.90,19.24,0.1328,7.53,612.0,80.0
55302,142.9,7.00,19.24,0.1347,7.43,612.0,80.0
55309,147.1,6.80,19.24,0.1309,7.64,612.0,80.0
55316,147.1,6.80,19.24,0.1309,7.64,612.0,80.0
55323,138.9,7.20,19.24,0.1386,7.22,612.0,80.0
55330,144.9,6.90,19.24,0.1328,7.53,612.0,80.0
55337,142.9,7.00,19.24,0.1347,7.43,612.0,80.0
55344,142.9,7.00,19.25,0.1347,7.43,612.0,80.0
55351,144.9,6.90,19.25,0.1328,7.53,612.0,80.0
55358,142.9,7.00,19.25,0.1347,7.42,612.0,80.0
55364,144.9,6.90,19.25,0.1328,7.53,612.0,80.0
55371,144.9,6.90,19.25,0.1328,7.53,612.0,80.0
55378,142.9,7.00,19.25,0.1347,7.42,612.0,80.0
55385,144.9,6.90,19.25,0.1328,7.53,612.0,80.0
55392,142.9,7.00,19.25,0.1347,7.42,612.0,80.0
55399,144.9,6.90,19.25,0.1328,7.53,612.0,80.0
55406,144.9,6.90,19.25,0.1328,7.53,612.0,80.0
55413,144.9,6.90,19.25,0.1328,7.53,612.0,80.0
55420,142.9,7.00,19.25,0.1347,7.42,612.0,80.0
55427,144.9,6.90,19.25,0.1328,7.53,612.0,80.0
55434,142.9,7.00,19.25,0.1348,7.42,612.0,80.0
55441,144.9,6.90,19.25,0.1328,7.53,612.0,80.0
55448,147.1,6.80,19.25,0.1309,7.64,612.0,80.0
55455,142.9,7.00,19.25,0.1348,7.42,612.0,80.0
55461,144.9,6.90,19.25,0.1328,7.53,612.0,80.0
55468,142.9,7.00,19.25,0.1348,7.42,612.0,80.0
55475,142.9,7.00,19.25,0.1348,7.42,612.0,80.0
55482,147.1,6.80,19.25,0.1309,7.64,612.0,80.0
55489,142.9,7.00,19.25,0.1348,7.42,612.0,80.0
55496,144.9,6.90,19.25,0.1329,7.53,612.0,80.0
55503,142.9,7.00,19.25,0.1348,7.42,612.0,80.0
55510,142.9,7.00,19.26,0.1348,7.42,612.0,80.0
55517,144.9,6.90,19.26,0.1329,7.53,612.0,80.0
55524,144.9,6.90,19.26,0.1329,7.52,612.0,80.0
55531,142.9,7.00,19.26,0.1348,7.42,612.0,80.0
55538,144.9,6.90,19.26,0.1329,7.52,612.0,80.0
55545,142.9,7.00,19.26,0.1348,7.42,612.0,80.0
55552,142.9,7.00,19.26,0.1348,7.42,612.0,80.0
55559,144.9,6.90,19.26,0.1329,7.52,612.0,80.0
55566,142.9,7.00,19.26,0.1348,7.42,612.0,80.0
55573,144.9,6.90,19.26,0.1329,7.52,612.0,80.0
55580,142.9,7.00,19.26,0.1348,7.42,612.0,80.0
55587,144.9,6.90,19.26,0.1329,7.52,612.0,80.0
55594,142.9,7.00,19.26,0.1348,7.42,612.0,80.0
55600,144.9,6.90,19.26,0.1329,7.52,612.0,80.0
55607,147.1,6.80,19.26,0.1310,7.64,612.0,80.0
55614,142.9,7.00,19.26,0.1348,7.42,612.0,80.0
55621,142.9,7.00,19.26,0.1348,7.42,612.0,80.0
55628,142.9,7.00,19.26,0.1348,7.42,612.0,80.0
55635,144.9,6.90,19.26,0.1329,7.52,612.0,80.0
55642,142.9,7.00,19.26,0.1348,7.42,612.0,80.0
55649,144.9,6.90,19.26,0.1329,7.52,612.0,80.0
55656,142.9,7.00,19.26,0.1348,7.42,612.0,80.0
55663,144.9,6.90,19.26,0.1329,7.52,612.0,80.0
55670,147.1,6.80,19.26,0.1310,7.64,612.0,80.0
55677,140.8,7.10,19.27,0.1368,7.31,612.0,80.0
55684,142.9,7.00,19.27,0.1349,7.42,612.0,80.0
55691,144.9,6.90,19.27,0.1329,7.52,612.0,80.0
55698,144.9,6.90,19.27,0.1329,7.52,612.0,80.0
55705,144.9,6.90,19.27,0.1329,7.52,612.0,80.0
55712,142.9,7.00,19.27,0.1349,7.42,612.0,80.0
55719,142.9,7.00,19.27,0.1349,7.42,612.0,80.0
55725,144.9,6.90,19.27,0.1329,7.52,612.0,80.0
55732,144.9,6.90,19.27,0.1330,7.52,612.0,80.0
55739,142.9,7.00,19.27,0.1349,7.42,612.0,80.0
55746,142.9,7.00,19.27,0.1349,7.42,612.0,80.0
55753,144.9,6.90,19.27,0.1330,7.52,612.0,80.0
55760,144.9,6.90,19.27,0.1330,7.52,612.0,80.0
55767,142.9,7.00,19.27,0.1349,7.42,612.0,80.0
55774,144.9,6.90,19.27,0.1330,7.52,612.0,80.0
55781,144.9,6.90,19.27,0.1330,7.52,612.0,80.0
55788,140.8,7.10,19.27,0.1368,7.31,612.0,80.0
55795,147.1,6.80,19.27,0.1311,7.63,612.0,80.0
55802,142.9,7.00,19.27,0.1349,7.41,612.0,80.0
55809,142.9,7.00,19.27,0.1349,7.41,612.0,80.0
55816,144.9,6.90,19.27,0.1330,7.52,612.0,80.0
55823,144.9,6.90,19.27,0.1330,7.52,612.0,80.0
55830,142.9,7.00,19.27,0.1349,7.41,612.0,80.0
55836,147.1,6.80,19.27,0.1311,7.63,612.0,80.0
55843,142.9,7.00,19.28,0.1349,7.41,612.0,80.0
55850,142.9,7.00,19.28,0.1349,7.41,612.0,80.0
55857,144.9,6.90,19.28,0.1330,7.52,612.0,80.0
55864,142.9,7.00,19.28,0.1349,7.41,612.0,80.0
55871,142.9,7.00,19.28,0.1349,7.41,612.0,80.0
55878,142.9,7.00,19.28,0.1349,7.41,612.0,80.0
55885,147.1,6.80,19.28,0.1311,7.63,612.0,80.0
55892,144.9,6.90,19.28,0.1330,7.52,612.0,80.0
55899,142.9,7.00,19.28,0.1349,7.41,612.0,80.0
55906,142.9,7.00,19.28,0.1350,7.41,612.0,80.0
55913,144.9,6.90,19.28,0.1330,7.52,612.0,80.0
55920,144.9,6.90,19.28,0.1330,7.52,612.0,80.0
55927,142.9,7.00,19.28,0.1350,7.41,612.0,80.0
55934,144.9,6.90,19.28,0.1330,7.52,612.0,80.0
55941,144.9,6.90,19.28,0.1330,7.52,612.0,80.0
55948,142.9,7.00,19.28,0.1350,7.41,612.0,80.0
55955,144.9,6.90,19.28,0.1330,7.51,612.0,80.0
55961,144.9,6.90,19.28,0.1330,7.51,612.0,80.0
55969,140.8,7.10,19.28,0.1369,7.30,612.0,80.0
55975,144.9,6.90,19.28,0.1331,7.51,612.0,80.0
55982,144.9,6.90,19.28,0.1331,7.51,612.0,80.0
55989,142.9,7.00,19.28,0.1350,7.41,612.0,80.0
55996,144.9,6.90,19.28,0.1331,7.51,612.0,80.0
56003,142.9,7.00,19.28,0.1350,7.41,612.0,80.0
56010,144.9,6.90,19.29,0.1331,7.51,612.0,80.0
56017,144.9,6.90,19.29,0.1331,7.51,612.0,80.0
56024,142.9,7.00,19.29,0.1350,7.41,612.0,80.0
56031,144.9,6.90,19.29,0.1331,7.51,612.0,80.0
56038,142.9,7.00,19.29,0.1350,7.41,612.0,80.0
56045,142.9,7.00,19.29,0.1350,7.41,612.0,80.0
56052,144.9,6.90,19.29,0.1331,7.51,612.0,80.0
56059,144.9,6.90,19.29,0.1331,7.51,612.0,80.0
56066,142.9,7.00,19.29,0.1350,7.41,612.0,80.0
56073,142.9,7.00,19.29,0.1350,7.41,612.0,80.0
56080,144.9,6.90,19.29,0.1331,7.51,612.0,80.0
56087,144.9,6.90,19.29,0.1331,7.51,612.0,80.0
56093,144.9,6.90,19.29,0.1331,7.51,612.0,80.0
56100,142.9,7.00,19.29,0.1350,7.41,612.0,80.0
56107,147.1,6.80,19.29,0.1312,7.63,612.0,80.0
56114,142.9,7.00,19.29,0.1350,7.41,612.0,80.0
56121,140.8,7.10,19.29,0.1370,7.30,612.0,80.0
56128,147.1,6.80,19.29,0.1312,7.63,612.0,80.0
56135,142.9,7.00,19.29,0.1350,7.41,612.0,80.0
56142,144.9,6.90,19.29,0.1331,7.51,612.0,80.0
56149,142.9,7.00,19.29,0.1350,7.41,612.0,80.0
56156,144.9,6.90,19.29,0.1331,7.51,612.0,80.0
56163,144.9,6.90,19.29,0.1331,7.51,612.0,80.0
56170,142.9,7.00,19.29,0.1351,7.41,612.0,80.0
56177,147.1,6.80,19.29,0.1312,7.62,612.0,80.0
56184,140.8,7.10,19.29,0.1370,7.30,612.0,80.0
56191,144.9,6.90,19.29,0.1331,7.51,612.0,80.0
56198,142.9,7.00,19.30,0.1351,7.41,612.0,80.0
56205,142.9,7.00,19.30,0.1351,7.41,612.0,80.0
56212,144.9,6.90,19.30,0.1331,7.51,612.0,80.0
56219,142.9,7.00,19.30,0.1351,7.41,612.0,80.0
56225,144.9,6.90,19.30,0.1331,7.51,612.0,80.0
56232,142.9,7.00,19.30,0.1351,7.41,612.0,80.0
56239,147.1,6.80,19.30,0.1312,7.62,612.0,80.0
56246,140.8,7.10,19.30,0.1370,7.30,612.0,80.0
56253,147.1,6.80,19.30,0.1312,7.62,612.0,80.0
56260,140.8,7.10,19.30,0.1370,7.30,612.0,80.0
56267,144.9,6.90,19.30,0.1332,7.51,612.0,80.0
56274,144.9,6.90,19.30,0.1332,7.51,612.0,80.0
56281,142.9,7.00,19.30,0.1351,7.40,612.0,80.0
56288,144.9,6.90,19.30,0.1332,7.51,612.0,80.0
56295,147.1,6.80,19.30,0.1312,7.62,612.0,80.0
56302,140.8,7.10,19.30,0.1370,7.30,612.0,80.0
56309,142.9,7.00,19.30,0.1351,7.40,612.0,80.0
56316,144.9,6.90,19.30,0.1332,7.51,612.0,80.0
56323,144.9,6.90,19.30,0.1332,7.51,612.0,80.0
56330,144.9,6.90,19.30,0.1332,7.51,612.0,80.0
56337,142.9,7.00,19.30,0.1351,7.40,612.0,80.0
56343,144.9,6.90,19.30,0.1332,7.51,612.0,80.0
56350,142.9,7.00,19.30,0.1351,7.40,612.0,80.0
56357,142.9,7.00,19.30,0.1351,7.40,612.0,80.0
56364,144.9,6.90,19.30,0.1332,7.51,612.0,80.0
56371,144.9,6.90,19.30,0.1332,7.51,612.0,80.0
56378,142.9,7.00,19.30,0.1351,7.40,612.0,80.0
56385,144.9,6.90,19.30,0.1332,7.51,612.0,80.0
56392,144.9,6.90,19.30,0.1332,7.51,612.0,80.0
56399,140.8,7.10,19.31,0.1371,7.29,612.0,80.0
56406,144.9,6.90,19.31,0.1332,7.51,612.0,80.0
56413,144.9,6.90,19.31,0.1332,7.51,612.0,80.0
56420,142.9,7.00,19.31,0.1351,7.40,612.0,80.0
56427,147.1,6.80,19.31,0.1313,7.62,612.0,80.0
56434,142.9,7.00,19.31,0.1351,7.40,612.0,80.0
56441,142.9,7.00,19.31,0.1352,7.40,612.0,80.0
56448,144.9,6.90,19.31,0.1332,7.50,612.0,80.0
56455,144.9,6.90,19.31,0.1332,7.50,612.0,80.0
56462,142.9,7.00,19.31,0.1352,7.40,612.0,80.0
56468,144.9,6.90,19.31,0.1332,7.50,612.0,80.0
56475,144.9,6.90,19.31,0.1332,7.50,612.0,80.0
56482,142.9,7.00,19.31,0.1352,7.40,612.0,80.0
56489,144.9,6.90,19.31,0.1332,7.50,612.0,80.0
56496,140.8,7.10,19.31,0.1371,7.29,612.0,80.0
56503,142.9,7.00,19.31,0.1352,7.40,612.0,80.0
56510,144.9,6.90,19.31,0.1332,7.50,612.0,80.0
56517,149.3,6.70,19.31,0.1294,7.73,612.0,80.0
56524,142.9,7.00,19.31,0.1352,7.40,612.0,80.0
56531,144.9,6.90,19.31,0.1333,7.50,612.0,80.0
56538,142.9,7.00,19.31,0.1352,7.40,612.0,80.0
56545,140.8,7.10,19.31,0.1371,7.29,612.0,80.0
56552,144.9,6.90,19.31,0.1333,7.50,612.0,80.0
56559,144.9,6.90,19.31,0.1333,7.50,612.0,80.0
56566,142.9,7.00,19.31,0.1352,7.40,612.0,80.0
56573,144.9,6.90,19.31,0.1333,7.50,612.0,80.0
56580,144.9,6.90,19.31,0.1333,7.50,612.0,80.0
56587,140.8,7.10,19.31,0.1371,7.29,612.0,80.0
56594,144.9,6.90,19.32,0.1333,7.50,612.0,80.0
56600,144.9,6.90,19.32,0.1333,7.50,612.0,80.0
56607,144.9,6.90,19.32,0.1333,7.50,612.0,80.0
56614,142.9,7.00,19.32,0.1352,7.40,612.0,80.0
56621,142.9,7.00,19.32,0.1352,7.40,612.0,80.0
56628,144.9,6.90,19.32,0.1333,7.50,612.0,80.0
56635,144.9,6.90,19.32,0.1333,7.50,612.0,80.0
56642,142.9,7.00,19.32,0.1352,7.40,612.0,80.0
56649,142.9,7.00,19.32,0.1352,7.40,612.0,80.0
56656,147.1,6.80,19.32,0.1314,7.61,612.0,80.0
56663,142.9,7.00,19.32,0.1352,7.40,612.0,80.0
56670,144.9,6.90,19.32,0.1333,7.50,612.0,80.0
56677,142.9,7.00,19.32,0.1352,7.40,612.0,80.0
56684,147.1,6.80,19.32,0.1314,7.61,612.0,80.0
56691,144.9,6.90,19.32,0.1333,7.50,612.0,80.0
56698,138.9,7.20,19.32,0.1391,7.19,612.0,80.0
56705,144.9,6.90,19.32,0.1333,7.50,612.0,80.0
56712,142.9,7.00,19.32,0.1352,7.40,612.0,80.0
56719,144.9,6.90,19.32,0.1333,7.50,612.0,80.0
56725,144.9,6.90,19.32,0.1333,7.50,612.0,80.0
56732,142.9,7.00,19.32,0.1353,7.40,612.0,80.0
56739,144.9,6.90,19.32,0.1333,7.50,612.0,80.0
56746,142.9,7.00,19.32,0.1353,7.40,612.0,80.0
56753,144.9,6.90,19.32,0.1333,7.50,612.0,80.0
56760,144.9,6.90,19.32,0.1333,7.50,612.0,80.0
56767,144.9,6.90,19.32,0.1333,7.50,612.0,80.0
56774,142.9,7.00,19.32,0.1353,7.39,612.0,80.0
56781,142.9,7.00,19.32,0.1353,7.39,612.0,80.0
56788,144.9,6.90,19.32,0.1333,7.50,612.0,80.0
56795,144.9,6.90,19.33,0.1333,7.50,612.0,80.0
56802,142.9,7.00,19.33,0.1353,7.39,612.0,80.0
56809,144.9,6.90,19.33,0.1333,7.50,612.0,80.0
56816,142.9,7.00,19.33,0.1353,7.39,612.0,80.0
56823,144.9,6.90,19.33,0.1334,7.50,612.0,80.0
56830,144.9,6.90,19.33,0.1334,7.50,612.0,80.0
56836,144.9,6.90,19.33,0.1334,7.50,612.0,80.0
56843,144.9,6.90,19.33,0.1334,7.50,612.0,80.0
56850,140.8,7.10,19.33,0.1372,7.28,612.0,80.0
56857,142.9,7.00,19.33,0.1353,7.39,612.0,80.0
56864,144.9,6.90,19.33,0.1334,7.50,612.0,80.0
56871,144.9,6.90,19.33,0.1334,7.50,612.0,80.0
56878,144.9,6.90,19.33,0.1334,7.50,612.0,80.0
56885,142.9,7.00,19.33,0.1353,7.39,612.0,80.0
56892,142.9,7.00,19.33,0.1353,7.39,612.0,80.0
56899,144.9,6.90,19.33,0.1334,7.50,612.0,80.0
56906,142.9,7.00,19.33,0.1353,7.39,612.0,80.0
56913,144.9,6.90,19.33,0.1334,7.50,612.0,80.0
56920,142.9,7.00,19.33,0.1353,7.39,612.0,80.0
56927,144.9,6.90,19.33,0.1334,7.50,612.0,80.0
56934,144.9,6.90,19.33,0.1334,7.50,612.0,80.0
56941,144.9,6.90,19.33,0.1334,7.50,612.0,80.0
56948,142.9,7.00,19.33,0.1353,7.39,612.0,80.0
56955,144.9,6.90,19.33,0.1334,7.49,612.0,80.0
56962,142.9,7.00,19.33,0.1353,7.39,612.0,80.0
56968,144.9,6.90,19.33,0.1334,7.49,612.0,80.0
56975,142.9,7.00,19.33,0.1353,7.39,612.0,80.0
56982,144.9,6.90,19.33,0.1334,7.49,612.0,80.0
56989,142.9,7.00,19.33,0.1353,7.39,612.0,80.0
56996,144.9,6.90,19.34,0.1334,7.49,612.0,80.0
57003,144.9,6.90,19.34,0.1334,7.49,612.0,80.0
57010,142.9,7.00,19.34,0.1354,7.39,612.0,80.0
57017,142.9,7.00,19.34,0.1354,7.39,612.0,80.0
57024,144.9,6.90,19.34,0.1334,7.49,612.0,80.0
57031,144.9,6.90,19.34,0.1334,7.49,612.0,80.0
57038,142.9,7.00,19.34,0.1354,7.39,612.0,80.0
57045,142.9,7.00,19.34,0.1354,7.39,612.0,80.0
57052,147.1,6.80,19.34,0.1315,7.61,612.0,80.0
57059,140.8,7.10,19.34,0.1373,7.28,612.0,80.0
57066,147.1,6.80,19.34,0.1315,7.61,612.0,80.0
57073,142.9,7.00,19.34,0.1354,7.39,612.0,80.0
57079,147.1,6.80,19.34,0.1315,7.61,612.0,80.0
57087,140.8,7.10,19.34,0.1373,7.28,612.0,80.0
57093,144.9,6.90,19.34,0.1334,7.49,612.0,80.0
57100,142.9,7.00,19.34,0.1354,7.39,612.0,80.0
57107,147.1,6.80,19.34,0.1315,7.61,612.0,80.0
57114,142.9,7.00,19.34,0.1354,7.39,612.0,80.0
57121,142.9,7.00,19.34,0.1354,7.39,612.0,80.0
57128,144.9,6.90,19.34,0.1334,7.49,612.0,80.0
57135,142.9,7.00,19.34,0.1354,7.39,612.0,80.0
57142,142.9,7.00,19.34,0.1354,7.39,612.0,80.0
57149,144.9,6.90,19.34,0.1334,7.49,612.0,80.0
57156,144.9,6.90,19.34,0.1334,7.49,612.0,80.0
57163,144.9,6.90,19.34,0.1334,7.49,612.0,80.0
57170,142.9,7.00,19.34,0.1354,7.39,612.0,80.0
57177,144.9,6.90,19.34,0.1334,7.49,612.0,80.0
57184,142.9,7.00,19.34,0.1354,7.39,612.0,80.0
57191,144.9,6.90,19.34,0.1334,7.49,612.0,80.0
57198,142.9,7.00,19.34,0.1354,7.39,612.0,80.0
57205,144.9,6.90,19.34,0.1334,7.49,612.0,80.0
57211,144.9,6.90,19.34,0.1334,7.49,612.0,80.0
57218,142.9,7.00,19.34,0.1354,7.39,612.0,80.0
57225,144.9,6.90,19.34,0.1334,7.49,612.0,80.0
57232,144.9,6.90,19.34,0.1334,7.49,612.0,80.0
57239,142.9,7.00,19.34,0.1354,7.39,612.0,80.0
57246,144.9,6.90,19.34,0.1334,7.49,612.0,80.0
57253,144.9,6.90,19.34,0.1334,7.49,612.0,80.0
57260,142.9,7.00,19.34,0.1354,7.39,612.0,80.0
57267,144.9,6.90,19.34,0.1334,7.49,612.0,80.0
57274,142.9,7.00,19.34,0.1354,7.39,612.0,80.0
57281,144.9,6.90,19.34,0.1334,7.49,612.0,80.0
57288,142.9,7.00,19.34,0.1354,7.39,612.0,80.0
57295,144.9,6.90,19.34,0.1334,7.49,612.0,80.0
57302,142.9,7.00,19.34,0.1354,7.39,612.0,80.0
57309,142.9,7.00,19.34,0.1354,7.39,612.0,80.0
57316,144.9,6.90,19.34,0.1334,7.49,612.0,80.0
57323,142.9,7.00,19.34,0.1354,7.39,612.0,80.0
57330,144.9,6.90,19.34,0.1334,7.49,612.0,80.0
57337,142.9,7.00,19.34,0.1354,7.39,612.0,80.0
57344,142.9,7.00,19.34,0.1354,7.39,612.0,80.0
57350,144.9,6.90,19.34,0.1334,7.49,612.0,80.0
57357,144.9,6.90,19.34,0.1334,7.49,612.0,80.0
57364,144.9,6.90,19.34,0.1334,7.49,612.0,80.0
57371,140.8,7.10,19.34,0.1373,7.28,612.0,80.0
57378,144.9,6.90,19.34,0.1334,7.49,612.0,80.0
57385,144.9,6.90,19.34,0.1334,7.49,612.0,80.0
57392,142.9,7.00,19.34,0.1354,7.39,612.0,80.0
57399,144.9,6.90,19.34,0.1334,7.49,612.0,80.0
57406,144.9,6.90,19.34,0.1334,7.49,612.0,80.0
57413,144.9,6.90,19.34,0.1334,7.49,612.0,80.0
57420,140.8,7.10,19.34,0.1373,7.28,612.0,80.0
57427,144.9,6.90,19.34,0.1334,7.49,612.0,80.0
57434,144.9,6.90,19.34,0.1334,7.49,612.0,80.0
57441,144.9,6.90,19.34,0.1334,7.49,612.0,80.0
57448,142.9,7.00,19.34,0.1354,7.39,612.0,80.0
57455,144.9,6.90,19.34,0.1334,7.49,612.0,80.0
57461,144.9,6.90,19.34,0.1334,7.49,612.0,80.0
57468,144.9,6.90,19.34,0.1334,7.49,612.0,80.0
57475,142.9,7.00,19.34,0.1354,7.39,612.0,80.0
57482,144.9,6.90,19.34,0.1334,7.49,612.0,80.0
57489,140.8,7.10,19.34,0.1373,7.28,612.0,80.0
57496,142.9,7.00,19.34,0.1354,7.39,612.0,80.0
57503,144.9,6.90,19.34,0.1334,7.49,612.0,80.0
57510,144.9,6.90,19.34,0.1334,7.49,612.0,80.0
57517,147.1,6.80,19.34,0.1315,7.61,612.0,80.0
57524,140.8,7.10,19.34,0.1373,7.28,612.0,80.0
57531,147.1,6.80,19.34,0.1315,7.61,612.0,80.0
57538,142.9,7.00,19.34,0.1354,7.39,612.0,80.0
57545,142.9,7.00,19.34,0.1354,7.39,612.0,80.0
57552,142.9,7.00,19.34,0.1354,7.39,612.0,80.0
57559,147.1,6.80,19.34,0.1315,7.61,612.0,80.0
57566,140.8,7.10,19.34,0.1373,7.28,612.0,80.0
57573,144.9,6.90,19.34,0.1334,7.49,612.0,80.0
57580,142.9,7.00,19.34,0.1354,7.39,612.0,80.0
57587,144.9,6.90,19.34,0.1334,7.49,612.0,80.0
57593,144.9,6.90,19.34,0.1334,7.49,612.0,80.0
57600,144.9,6.90,19.34,0.1334,7.49,612.0,80.0
57607,142.9,7.00,19.34,0.1354,7.39,612.0,80.0
57614,142.9,7.00,19.34,0.1354,7.39,612.0,80.0
57621,144.9,6.90,19.34,0.1334,7.49,612.0,80.0
57628,147.1,6.80,19.34,0.1315,7.61,612.0,80.0
57635,142.9,7.00,19.34,0.1354,7.39,612.0,80.0
57642,142.9,7.00,19.34,0.1354,7.39,612.0,80.0
57649,144.9,6.90,19.34,0.1334,7.49,612.0,80.0
57656,142.9,7.00,19.34,0.1354,7.39,612.0,80.0
57663,142.9,7.00,19.34,0.1354,7.39,612.0,80.0
57670,144.9,6.90,19.34,0.1334,7.49,612.0,80.0
57677,144.9,6.90,19.34,0.1334,7.49,612.0,80.0
57684,144.9,6.90,19.34,0.1334,7.49,612.0,80.0
57691,142.9,7.00,19.34,0.1354,7.39,612.0,80.0
57698,142.9,7.00,19.34,0.1354,7.39,612.0,80.0
57705,142.9,7.00,19.34,0.1354,7.39,612.0,80.0
57711,147.1,6.80,19.34,0.1315,7.61,612.0,80.0
57718,142.9,7.00,19.34,0.1354,7.39,612.0,80.0
57725,142.9,7.00,19.34,0.1354,7.39,612.0,80.0
57732,144.9,6.90,19.34,0.1334,7.49,612.0,80.0
57739,144.9,6.90,19.34,0.1334,7.49,612.0,80.0
57746,142.9,7.00,19.34,0.1354,7.39,612.0,80.0
57753,147.1,6.80,19.34,0.1315,7.61,612.0,80.0
57760,140.8,7.10,19.34,0.1373,7.28,612.0,80.0
57767,144.9,6.90,19.34,0.1334,7.49,612.0,80.0
57774,142.9,7.00,19.34,0.1354,7.39,612.0,80.0
57781,144.9,6.90,19.34,0.1334,7.49,612.0,80.0
57788,147.1,6.80,19.34,0.1315,7.61,612.0,80.0
57795,140.8,7.10,19.34,0.1373,7.28,612.0,80.0
57802,142.9,7.00,19.34,0.1354,7.39,612.0,80.0
57809,144.9,6.90,19.34,0.1334,7.49,612.0,80.0
57816,142.9,7.00,19.34,0.1354,7.39,612.0,80.0
57823,142.9,7.00,19.34,0.1354,7.39,612.0,80.0
57830,144.9,6.90,19.34,0.1334,7.49,612.0,80.0
57837,142.9,7.00,19.34,0.1354,7.39,612.0,80.0
57844,144.9,6.90,19.34,0.1334,7.49,612.0,80.0
57850,144.9,6.90,19.34,0.1334,7.49,612.0,80.0
57857,147.1,6.80,19.34,0.1315,7.61,612.0,80.0
57864,138.9,7.20,19.34,0.1392,7.18,612.0,80.0
57871,149.3,6.70,19.34,0.1296,7.72,612.0,80.0
57878,140.8,7.10,19.34,0.1373,7.28,612.0,80.0
57885,142.9,7.00,19.34,0.1354,7.39,612.0,80.0
57892,147.1,6.80,19.34,0.1315,7.61,612.0,80.0
57899,142.9,7.00,19.34,0.1354,7.39,612.0,80.0
57906,144.9,6.90,19.34,0.1334,7.49,612.0,80.0
57913,142.9,7.00,19.34,0.1354,7.39,612.0,80.0
57920,144.9,6.90,19.34,0.1334,7.49,612.0,80.0
57927,142.9,7.00,19.34,0.1354,7.39,612.0,80.0
57934,144.9,6.90,19.34,0.1334,7.49,612.0,80.0
57941,142.9,7.00,19.34,0.1354,7.39,612.0,80.0
57948,144.9,6.90,19.34,0.1334,7.49,612.0,80.0
57954,147.1,6.80,19.34,0.1315,7.61,612.0,80.0
57962,140.8,7.10,19.34,0.1373,7.28,612.0,80.0
57968,144.9,6.90,19.34,0.1334,7.49,612.0,80.0
57975,142.9,7.00,19.34,0.1354,7.39,612.0,80.0
57982,144.9,6.90,19.34,0.1334,7.49,612.0,80.0
57989,142.9,7.00,19.34,0.1354,7.39,612.0,80.0
57996,144.9,6.90,19.34,0.1334,7.49,612.0,80.0
58003,144.9,6.90,19.34,0.1334,7.49,612.0,80.0
58010,142.9,7.00,19.34,0.1354,7.39,612.0,80.0
58017,142.9,7.00,19.34,0.1354,7.39,612.0,80.0
58024,147.1,6.80,19.34,0.1315,7.61,612.0,80.0
58031,142.9,7.00,19.34,0.1354,7.39,612.0,80.0
58038,144.9,6.90,19.34,0.1334,7.49,612.0,80.0
58045,140.8,7.10,19.34,0.1373,7.28,612.0,80.0
58052,144.9,6.90,19.34,0.1334,7.49,612.0,80.0
58059,144.9,6.90,19.34,0.1334,7.49,612.0,80.0
58066,144.9,6.90,19.34,0.1334,7.49,612.0,80.0
58073,142.9,7.00,19.34,0.1354,7.39,612.0,80.0
58080,144.9,6.90,19.34,0.1334,7.49,612.0,80.0
58087,142.9,7.00,19.34,0.1354,7.39,612.0,80.0
58093,144.9,6.90,19.34,0.1334,7.49,612.0,80.0
58100,142.9,7.00,19.34,0.1354,7.39,612.0,80.0
58107,147.1,6.80,19.34,0.1315,7.61,612.0,80.0
58114,142.9,7.00,19.34,0.1354,7.39,612.0,80.0
58121,142.9,7.00,19.34,0.1354,7.39,612.0,80.0
58128,142.9,7.00,19.34,0.1354,7.39,612.0,80.0
58135,144.9,6.90,19.34,0.1334,7.49,612.0,80.0
58142,142.9,7.00,19.34,0.1354,7.39,612.0,80.0
58149,142.9,7.00,19.34,0.1353,7.39,612.0,80.0
58156,144.9,6.90,19.33,0.1334,7.49,612.0,80.0
58163,147.1,6.80,19.33,0.1315,7.61,612.0,80.0
58170,144.9,6.90,19.33,0.1334,7.49,612.0,80.0
58177,144.9,6.90,19.33,0.1334,7.49,612.0,80.0
58184,140.8,7.10,19.33,0.1373,7.28,612.0,80.0
58191,144.9,6.90,19.33,0.1334,7.50,612.0,80.0
58198,144.9,6.90,19.33,0.1334,7.50,612.0,80.0
58204,144.9,6.90,19.33,0.1334,7.50,612.0,80.0
58212,140.8,7.10,19.33,0.1372,7.28,612.0,80.0
58219,142.9,7.00,19.33,0.1353,7.39,612.0,80.0
58225,144.9,6.90,19.33,0.1334,7.50,612.0,80.0
58232,144.9,6.90,19.33,0.1334,7.50,612.0,80.0
58239,142.9,7.00,19.33,0.1353,7.39,612.0,80.0
58246,144.9,6.90,19.33,0.1334,7.50,612.0,80.0
58253,144.9,6.90,19.33,0.1334,7.50,612.0,80.0
58260,142.9,7.00,19.33,0.1353,7.39,612.0,80.0
58267,144.9,6.90,19.33,0.1333,7.50,612.0,80.0
58274,142.9,7.00,19.33,0.1353,7.39,612.0,80.0
58281,144.9,6.90,19.32,0.1333,7.50,612.0,80.0
58288,142.9,7.00,19.32,0.1353,7.39,612.0,80.0
58295,144.9,6.90,19.32,0.1333,7.50,612.0,80.0
58302,142.9,7.00,19.32,0.1353,7.40,612.0,80.0
58309,144.9,6.90,19.32,0.1333,7.50,612.0,80.0
58316,144.9,6.90,19.32,0.1333,7.50,612.0,80.0
58323,142.9,7.00,19.32,0.1353,7.40,612.0,80.0
58330,142.9,7.00,19.32,0.1352,7.40,612.0,80.0
58337,144.9,6.90,19.32,0.1333,7.50,612.0,80.0
58343,144.9,6.90,19.32,0.1333,7.50,612.0,80.0
58350,144.9,6.90,19.32,0.1333,7.50,612.0,80.0
58357,142.9,7.00,19.32,0.1352,7.40,612.0,80.0
58364,144.9,6.90,19.32,0.1333,7.50,612.0,80.0
58371,142.9,7.00,19.32,0.1352,7.40,612.0,80.0
58378,142.9,7.00,19.32,0.1352,7.40,612.0,80.0
58385,144.9,6.90,19.32,0.1333,7.50,612.0,80.0
58392,144.9,6.90,19.32,0.1333,7.50,612.0,80.0
58399,142.9,7.00,19.32,0.1352,7.40,612.0,80.0
58406,142.9,7.00,19.31,0.1352,7.40,612.0,80.0
58413,147.1,6.80,19.31,0.1313,7.62,612.0,80.0
58420,142.9,7.00,19.31,0.1352,7.40,612.0,80.0
58427,144.9,6.90,19.31,0.1333,7.50,612.0,80.0
58434,142.9,7.00,19.31,0.1352,7.40,612.0,80.0
58441,144.9,6.90,19.31,0.1333,7.50,612.0,80.0
58448,142.9,7.00,19.31,0.1352,7.40,612.0,80.0
58455,144.9,6.90,19.31,0.1332,7.50,612.0,80.0
58462,142.9,7.00,19.31,0.1352,7.40,612.0,80.0
58469,142.9,7.00,19.31,0.1352,7.40,612.0,80.0
58475,149.3,6.70,19.31,0.1294,7.73,612.0,80.0
58482,142.9,7.00,19.31,0.1352,7.40,612.0,80.0
58489,140.8,7.10,19.31,0.1371,7.29,612.0,80.0
58496,142.9,7.00,19.31,0.1352,7.40,612.0,80.0
58503,147.1,6.80,19.31,0.1313,7.62,612.0,80.0
58510,142.9,7.00,19.31,0.1351,7.40,612.0,80.0
58517,142.9,7.00,19.31,0.1351,7.40,612.0,80.0
58524,144.9,6.90,19.31,0.1332,7.51,612.0,80.0
58531,147.1,6.80,19.30,0.1313,7.62,612.0,80.0
58538,142.9,7.00,19.30,0.1351,7.40,612.0,80.0
58545,142.9,7.00,19.30,0.1351,7.40,612.0,80.0
58552,144.9,6.90,19.30,0.1332,7.51,612.0,80.0
58559,142.9,7.00,19.30,0.1351,7.40,612.0,80.0
58566,142.9,7.00,19.30,0.1351,7.40,612.0,80.0
58573,144.9,6.90,19.30,0.1332,7.51,612.0,80.0
58580,142.9,7.00,19.30,0.1351,7.40,612.0,80.0
58586,147.1,6.80,19.30,0.1312,7.62,612.0,80.0
58594,140.8,7.10,19.30,0.1370,7.30,612.0,80.0
58600,144.9,6.90,19.30,0.1332,7.51,612.0,80.0
58607,142.9,7.00,19.30,0.1351,7.40,612.0,80.0
58614,144.9,6.90,19.30,0.1332,7.51,612.0,80.0
58621,144.9,6.90,19.30,0.1332,7.51,612.0,80.0
58628,142.9,7.00,19.30,0.1351,7.41,612.0,80.0
58635,144.9,6.90,19.30,0.1331,7.51,612.0,80.0
58642,144.9,6.90,19.30,0.1331,7.51,612.0,80.0
58649,142.9,7.00,19.30,0.1351,7.41,612.0,80.0
58656,144.9,6.90,19.29,0.1331,7.51,612.0,80.0
58663,144.9,6.90,19.29,0.1331,7.51,612.0,80.0
58670,142.9,7.00,19.29,0.1351,7.41,612.0,80.0
58677,144.9,6.90,19.29,0.1331,7.51,612.0,80.0
58684,144.9,6.90,19.29,0.1331,7.51,612.0,80.0
58691,140.8,7.10,19.29,0.1370,7.30,612.0,80.0
58698,147.1,6.80,19.29,0.1312,7.63,612.0,80.0
58705,142.9,7.00,19.29,0.1350,7.41,612.0,80.0
58712,142.9,7.00,19.29,0.1350,7.41,612.0,80.0
58718,144.9,6.90,19.29,0.1331,7.51,612.0,80.0
58725,142.9,7.00,19.29,0.1350,7.41,612.0,80.0
58732,147.1,6.80,19.29,0.1312,7.63,612.0,80.0
58739,142.9,7.00,19.29,0.1350,7.41,612.0,80.0
58746,142.9,7.00,19.29,0.1350,7.41,612.0,80.0
58753,144.9,6.90,19.29,0.1331,7.51,612.0,80.0
58760,142.9,7.00,19.29,0.1350,7.41,612.0,80.0
58767,142.9,7.00,19.29,0.1350,7.41,612.0,80.0
58774,147.1,6.80,19.29,0.1311,7.63,612.0,80.0
58781,142.9,7.00,19.28,0.1350,7.41,612.0,80.0
58788,144.9,6.90,19.28,0.1331,7.51,612.0,80.0
58795,142.9,7.00,19.28,0.1350,7.41,612.0,80.0
58802,144.9,6.90,19.28,0.1331,7.51,612.0,80.0
58809,144.9,6.90,19.28,0.1331,7.51,612.0,80.0
58816,140.8,7.10,19.28,0.1369,7.30,612.0,80.0
58823,144.9,6.90,19.28,0.1330,7.51,612.0,80.0
58830,144.9,6.90,19.28,0.1330,7.52,612.0,80.0
58836,144.9,6.90,19.28,0.1330,7.52,612.0,80.0
58843,142.9,7.00,19.28,0.1350,7.41,612.0,80.0
58850,144.9,6.90,19.28,0.1330,7.52,612.0,80.0
58857,142.9,7.00,19.28,0.1350,7.41,612.0,80.0
58864,142.9,7.00,19.28,0.1349,7.41,612.0,80.0
58871,144.9,6.90,19.28,0.1330,7.52,612.0,80.0
58878,142.9,7.00,19.28,0.1349,7.41,612.0,80.0
58885,144.9,6.90,19.28,0.1330,7.52,612.0,80.0
58892,142.9,7.00,19.28,0.1349,7.41,612.0,80.0
58899,147.1,6.80,19.28,0.1311,7.63,612.0,80.0
58906,142.9,7.00,19.27,0.1349,7.41,612.0,80.0
58913,142.9,7.00,19.27,0.1349,7.41,612.0,80.0
58920,144.9,6.90,19.27,0.1330,7.52,612.0,80.0
58927,144.9,6.90,19.27,0.1330,7.52,612.0,80.0
58934,144.9,6.90,19.27,0.1330,7.52,612.0,80.0
58941,142.9,7.00,19.27,0.1349,7.41,612.0,80.0
58948,144.9,6.90,19.27,0.1330,7.52,612.0,80.0
58954,144.9,6.90,19.27,0.1330,7.52,612.0,80.0
58962,140.8,7.10,19.27,0.1368,7.31,612.0,80.0
58968,144.9,6.90,19.27,0.1330,7.52,612.0,80.0
58975,142.9,7.00,19.27,0.1349,7.42,612.0,80.0
58982,144.9,6.90,19.27,0.1330,7.52,612.0,80.0
58989,144.9,6.90,19.27,0.1330,7.52,612.0,80.0
58996,142.9,7.00,19.27,0.1349,7.42,612.0,80.0
59003,144.9,6.90,19.27,0.1329,7.52,612.0,80.0
59010,144.9,6.90,19.27,0.1329,7.52,612.0,80.0
59017,142.9,7.00,19.27,0.1349,7.42,612.0,80.0
59024,142.9,7.00,19.27,0.1349,7.42,612.0,80.0
59031,144.9,6.90,19.26,0.1329,7.52,612.0,80.0
59038,144.9,6.90,19.26,0.1329,7.52,612.0,80.0
59045,142.9,7.00,19.26,0.1348,7.42,612.0,80.0
59052,144.9,6.90,19.26,0.1329,7.52,612.0,80.0
59059,144.9,6.90,19.26,0.1329,7.52,612.0,80.0
59066,142.9,7.00,19.26,0.1348,7.42,612.0,80.0
59073,142.9,7.00,19.26,0.1348,7.42,612.0,80.0
59080,144.9,6.90,19.26,0.1329,7.52,612.0,80.0
59086,144.9,6.90,19.26,0.1329,7.52,612.0,80.0
59093,142.9,7.00,19.26,0.1348,7.42,612.0,80.0
59100,144.9,6.90,19.26,0.1329,7.52,612.0,80.0
59107,142.9,7.00,19.26,0.1348,7.42,612.0,80.0
59114,142.9,7.00,19.26,0.1348,7.42,612.0,80.0
59121,147.1,6.80,19.26,0.1310,7.64,612.0,80.0
59128,144.9,6.90,19.26,0.1329,7.52,612.0,80.0
59135,144.9,6.90,19.26,0.1329,7.52,612.0,80.0
59142,140.8,7.10,19.26,0.1367,7.31,612.0,80.0
59149,144.9,6.90,19.26,0.1329,7.52,612.0,80.0
59156,142.9,7.00,19.26,0.1348,7.42,612.0,80.0
59163,147.1,6.80,19.26,0.1310,7.64,612.0,80.0
59170,142.9,7.00,19.26,0.1348,7.42,612.0,80.0
59177,142.9,7.00,19.26,0.1348,7.42,612.0,80.0
59184,144.9,6.90,19.26,0.1329,7.52,612.0,80.0
59191,142.9,7.00,19.26,0.1348,7.42,612.0,80.0
59197,147.1,6.80,19.26,0.1310,7.64,612.0,80.0
59204,142.9,7.00,19.26,0.1348,7.42,612.0,80.0
59211,142.9,7.00,19.26,0.1348,7.42,612.0,80.0
59218,144.9,6.90,19.26,0.1329,7.52,612.0,80.0
59225,144.9,6.90,19.26,0.1329,7.52,612.0,80.0
59232,142.9,7.00,19.26,0.1348,7.42,612.0,80.0
59239,144.9,6.90,19.26,0.1329,7.52,612.0,80.0
59246,142.9,7.00,19.26,0.1348,7.42,612.0,80.0
59253,144.9,6.90,19.26,0.1329,7.52,612.0,80.0
59260,144.9,6.90,19.26,0.1329,7.52,612.0,80.0
59267,142.9,7.00,19.26,0.1348,7.42,612.0,80.0
59274,144.9,6.90,19.26,0.1329,7.52,612.0,80.0
59281,144.9,6.90,19.26,0.1329,7.52,612.0,80.0
59288,142.9,7.00,19.26,0.1348,7.42,612.0,80.0
59295,142.9,7.00,19.26,0.1348,7.42,612.0,80.0
59302,142.9,7.00,19.26,0.1348,7.42,612.0,80.0
59309,142.9,7.00,19.26,0.1348,7.42,612.0,80.0
59316,144.9,6.90,19.26,0.1329,7.52,612.0,80.0
59323,142.9,7.00,19.26,0.1348,7.42,612.0,80.0
59329,147.1,6.80,19.26,0.1310,7.64,612.0,80.0
59336,142.9,7.00,19.26,0.1348,7.42,612.0,80.0
59343,142.9,7.00,19.26,0.1348,7.42,612.0,80.0
59350,144.9,6.90,19.26,0.1329,7.52,612.0,80.0
59357,142.9,7.00,19.26,0.1348,7.42,612.0,80.0
59364,144.9,6.90,19.26,0.1329,7.52,612.0,80.0
59371,142.9,7.00,19.26,0.1348,7.42,612.0,80.0
59378,142.9,7.00,19.26,0.1348,7.42,612.0,80.0
59385,144.9,6.90,19.26,0.1329,7.52,612.0,80.0
59392,144.9,6.90,19.26,0.1329,7.52,612.0,80.0
59399,144.9,6.90,19.26,0.1329,7.52,612.0,80.0
59406,142.9,7.00,19.26,0.1348,7.42,612.0,80.0
59413,144.9,6.90,19.26,0.1329,7.52,612.0,80.0
59420,142.9,7.00,19.26,0.1348,7.42,612.0,80.0
59427,144.9,6.90,19.26,0.1329,7.52,612.0,80.0
59434,144.9,6.90,19.26,0.1329,7.52,612.0,80.0
59441,142.9,7.00,19.26,0.1348,7.42,612.0,80.0
59448,142.9,7.00,19.26,0.1348,7.42,612.0,80.0
59455,144.9,6.90,19.26,0.1329,7.52,612.0,80.0
59461,144.9,6.90,19.26,0.1329,7.52,612.0,80.0
59468,142.9,7.00,19.26,0.1348,7.42,612.0,80.0
59475,144.9,6.90,19.26,0.1329,7.52,612.0,80.0
59482,144.9,6.90,19.26,0.1329,7.52,612.0,80.0
59489,142.9,7.00,19.26,0.1348,7.42,612.0,80.0
59496,142.9,7.00,19.26,0.1348,7.42,612.0,80.0
59503,144.9,6.90,19.26,0.1329,7.52,612.0,80.0
59510,144.9,6.90,19.26,0.1329,7.52,612.0,80.0
59517,142.9,7.00,19.26,0.1348,7.42,612.0,80.0
59524,144.9,6.90,19.26,0.1329,7.52,612.0,80.0
59531,147.1,6.80,19.26,0.1310,7.64,612.0,80.0
59538,142.9,7.00,19.26,0.1348,7.42,612.0,80.0
59545,140.8,7.10,19.26,0.1367,7.31,612.0,80.0
59552,147.1,6.80,19.26,0.1310,7.64,612.0,80.0
59559,142.9,7.00,19.26,0.1348,7.42,612.0,80.0
59566,144.9,6.90,19.26,0.1329,7.52,612.0,80.0
59573,140.8,7.10,19.26,0.1367,7.31,612.0,80.0
59580,144.9,6.90,19.26,0.1329,7.52,612.0,80.0
59587,142.9,7.00,19.26,0.1348,7.42,612.0,80.0
59593,144.9,6.90,19.26,0.1329,7.52,612.0,80.0
59600,142.9,7.00,19.26,0.1348,7.42,612.0,80.0
59607,144.9,6.90,19.26,0.1329,7.52,612.0,80.0
59614,142.9,7.00,19.26,0.1348,7.42,612.0,80.0
59621,144.9,6.90,19.26,0.1329,7.52,612.0,80.0
59628,142.9,7.00,19.26,0.1348,7.42,612.0,80.0
59635,144.9,6.90,19.26,0.1329,7.52,612.0,80.0
59642,144.9,6.90,19.26,0.1329,7.52,612.0,80.0
59649,142.9,7.00,19.26,0.1348,7.42,612.0,80.0
59656,144.9,6.90,19.26,0.1329,7.52,612.0,80.0
59663,142.9,7.00,19.26,0.1348,7.42,612.0,80.0
59670,144.9,6.90,19.26,0.1329,7.52,612.0,80.0
59677,144.9,6.90,19.26,0.1329,7.52,612.0,80.0
59684,142.9,7.00,19.26,0.1348,7.42,612.0,80.0
59691,142.9,7.00,19.26,0.1348,7.42,612.0,80.0
59698,142.9,7.00,19.26,0.1348,7.42,612.0,80.0
59705,144.9,6.90,19.26,0.1329,7.52,612.0,80.0
59712,144.9,6.90,19.26,0.1329,7.52,612.0,80.0
59719,142.9,7.00,19.26,0.1348,7.42,612.0,80.0
59725,144.9,6.90,19.26,0.1329,7.52,612.0,80.0
59732,144.9,6.90,19.26,0.1329,7.52,612.0,80.0
59739,142.9,7.00,19.26,0.1348,7.42,612.0,80.0
59746,144.9,6.90,19.26,0.1329,7.52,612.0,80.0
59753,142.9,7.00,19.26,0.1348,7.42,612.0,80.0
59760,144.9,6.90,19.26,0.1329,7.52,612.0,80.0
59767,144.9,6.90,19.26,0.1329,7.52,612.0,80.0
59774,144.9,6.90,19.26,0.1329,7.52,612.0,80.0
59781,142.9,7.00,19.26,0.1348,7.42,612.0,80.0
59788,147.1,6.80,19.26,0.1310,7.64,612.0,80.0
59795,140.8,7.10,19.26,0.1367,7.31,612.0,80.0
59802,147.1,6.80,19.26,0.1310,7.64,612.0,80.0
59809,142.9,7.00,19.26,0.1348,7.42,612.0,80.0
59816,144.9,6.90,19.26,0.1329,7.52,612.0,80.0
59823,142.9,7.00,19.26,0.1348,7.42,612.0,80.0
59830,142.9,7.00,19.26,0.1348,7.42,612.0,80.0
59836,144.9,6.90,19.26,0.1329,7.52,612.0,80.0
59843,144.9,6.90,19.26,0.1329,7.52,612.0,80.0
59850,142.9,7.00,19.26,0.1348,7.42,612.0,80.0
59857,144.9,6.90,19.26,0.1329,7.52,612.0,80.0
59864,144.9,6.90,19.26,0.1329,7.52,612.0,80.0
59871,142.9,7.00,19.26,0.1348,7.42,612.0,80.0
59878,144.9,6.90,19.26,0.1329,7.52,612.0,80.0
59885,142.9,7.00,19.26,0.1348,7.42,612.0,80.0
59892,142.9,7.00,19.26,0.1348,7.42,612.0,80.0
59899,144.9,6.90,19.26,0.1329,7.52,612.0,80.0
59906,144.9,6.90,19.26,0.1329,7.52,612.0,80.0
59913,142.9,7.00,19.26,0.1348,7.42,612.0,80.0
59920,144.9,6.90,19.26,0.1329,7.52,612.0,80.0
59927,144.9,6.90,19.26,0.1329,7.52,612.0,80.0
59934,140.8,7.10,19.26,0.1367,7.31,612.0,80.0
59941,144.9,6.90,19.26,0.1329,7.52,612.0,80.0
59948,142.9,7.00,19.26,0.1348,7.42,612.0,80.0
59955,144.9,6.90,19.26,0.1329,7.52,612.0,80.0
59961,144.9,6.90,19.26,0.1329,7.52,612.0,80.0
59968,142.9,7.00,19.26,0.1348,7.42,612.0,80.0
59975,144.9,6.90,19.26,0.1329,7.52,612.0,80.0
59982,142.9,7.00,19.26,0.1348,7.42,612.0,80.0
59989,144.9,6.90,19.26,0.1329,7.52,612.0,80.0
59996,142.9,7.00,19.26,0.1348,7.42,612.0,80.0
60003,144.9,6.90,19.26,0.1329,7.52,612.0,80.0
