=== ANALISE DE METRICAS DE GPU (Green IT + VRAM) ===
API de Renderizacao: WEBGPU
Cenario: A
Timestamp Unix de Inicio do Ensaio (ms): 1787860707231
Janela do Ensaio: 60.00 s
Amostras de GPU Utilizadas (nvidia-smi): 36527

--- CONSUMO ACUMULADO DO ENSAIO (integral da curva de potencia) ---
Potencia Media (ponderada pelo tempo, janela de 60s): 25.60 W
Consumo Acumulado do Ensaio: 1535.77 J (0.4266 Wh)

--- METRICAS POR QUADRO (media sobre 8588 frames correlacionados) ---
Potencia Instantanea Media: 25.61 W
Potencia Instantanea Minima: 13.98 W
Potencia Instantanea Maxima: 27.43 W
Assinatura Energetica Media por Quadro (Joules/Frame): 0.1788 J
Coeficiente de Eficiencia Medio (Frames por Watt): 5.62 FPS/W
Total de Quadros Correlacionados: 8588 frames

--- ALOCACAO DE VRAM (MB, via nvidia-smi memory.used) ---
VRAM Media durante o Ensaio: 746.6 MB
VRAM Minima durante o Ensaio: 746.0 MB
VRAM Maxima durante o Ensaio: 765.0 MB

--- TEMPERATURA DA GPU (°C, via nvidia-smi temperature.gpu) ---
Temperatura Media durante o Ensaio: 85.0 °C
Temperatura Minima durante o Ensaio: 81.0 °C
Temperatura Maxima durante o Ensaio: 86.0 °C
Deriva Termica no Ensaio (fim - inicio): +4.0 °C
  (nao e uma metrica da pesquisa — serve para auditar se a GPU estava em
  equilibrio termico. Compare entre ensaios do mesmo lote para checar vies
  sistematico entre condicoes testadas no inicio vs. no fim do lote.)

--- CLOCK E THROTTLING TERMICO (via nvidia-smi, 548 amostras na janela do ensaio) ---
Clock de Nucleo Medio: 780 MHz
Clock de Nucleo Minimo: 780 MHz
Clock de Nucleo Maximo: 780 MHz
Tempo em SW Thermal Slowdown: 0.0 %
Tempo em HW Thermal Slowdown: 0.0 %
Tempo em Throttling Termico (SW ou HW): 0.0 %
  (a temperatura de nucleo do nvidia-smi satura num teto de fabrica e por
  isso nao revela throttling sustentado por si so -- clock e o flag do
  proprio driver mostram o efeito direto, sem precisar inferir a partir
  de temperatura+potencia+FPS.)

--- DADOS BRUTOS QUADRO A QUADRO (COM ENERGIA, VRAM E TEMPERATURA) ---
Tempo Decorrido (ms),FPS Instantaneo,Tempo de Frame (ms),Potencia Instantanea (W),Energia do Quadro (J),Frames por Watt,VRAM (MB),Temperatura (C)
12,88.5,11.30,13.98,0.1580,6.33,764.0,81.0
21,113.6,8.80,13.98,0.1230,8.13,764.0,81.0
32,88.5,11.30,13.98,0.1580,6.33,764.0,81.0
41,119.0,8.40,13.98,0.1174,8.51,764.0,81.0
50,108.7,9.20,13.98,0.1286,7.78,764.0,81.0
58,123.5,8.10,13.98,0.1132,8.83,764.0,81.0
65,137.0,7.30,13.98,0.1021,9.80,764.0,81.0
73,133.3,7.50,13.98,0.1048,9.54,764.0,81.0
80,142.9,7.00,13.98,0.0979,10.22,764.0,81.0
87,147.1,6.80,13.98,0.0951,10.52,764.0,81.0
95,120.5,8.30,13.98,0.1160,8.62,764.0,81.0
103,122.0,8.20,13.98,0.1146,8.73,764.0,81.0
111,128.2,7.80,13.98,0.1090,9.17,764.0,81.0
119,129.9,7.70,13.98,0.1076,9.29,764.0,81.0
127,120.5,8.30,13.98,0.1160,8.62,764.0,81.0
135,129.9,7.70,13.98,0.1076,9.29,764.0,81.0
142,131.6,7.60,13.98,0.1062,9.41,764.0,81.0
150,122.0,8.20,13.98,0.1146,8.73,764.0,81.0
158,133.3,7.50,13.98,0.1048,9.54,764.0,81.0
166,122.0,8.20,13.98,0.1146,8.73,764.0,81.0
173,137.0,7.30,13.98,0.1021,9.80,764.0,81.0
181,131.6,7.60,13.98,0.1062,9.41,764.0,81.0
188,135.1,7.40,13.98,0.1035,9.66,764.0,81.0
198,108.7,9.20,13.98,0.1286,7.78,764.0,81.0
205,126.6,7.90,13.98,0.1104,9.06,764.0,81.0
213,135.1,7.40,13.98,0.1035,9.66,764.0,81.0
221,128.2,7.80,13.98,0.1090,9.17,764.0,81.0
228,137.0,7.30,13.98,0.1021,9.80,764.0,81.0
236,125.0,8.00,14.14,0.1131,8.84,764.0,81.1
244,129.9,7.70,14.40,0.1109,9.02,764.1,81.2
252,125.0,8.00,14.66,0.1173,8.53,764.2,81.4
259,133.3,7.50,14.89,0.1117,8.95,764.3,81.5
267,133.3,7.50,15.15,0.1136,8.80,764.3,81.7
274,129.9,7.70,15.38,0.1184,8.45,764.4,81.8
282,135.1,7.40,15.64,0.1157,8.64,764.5,81.9
289,142.9,7.00,15.86,0.1110,9.01,764.5,82.1
297,126.6,7.90,16.12,0.1274,7.85,764.6,82.2
304,133.3,7.50,16.35,0.1226,8.15,764.7,82.3
312,133.3,7.50,16.61,0.1246,8.02,764.7,82.5
319,140.8,7.10,16.84,0.1195,8.36,764.8,82.6
326,131.6,7.60,17.07,0.1297,7.71,764.9,82.7
334,137.0,7.30,17.33,0.1265,7.91,764.9,82.9
341,137.0,7.30,17.52,0.1279,7.82,765.0,83.0
349,129.9,7.70,17.52,0.1349,7.41,765.0,83.0
356,135.1,7.40,17.52,0.1296,7.71,765.0,83.0
364,131.6,7.60,17.52,0.1332,7.51,765.0,83.0
371,137.0,7.30,17.52,0.1279,7.82,765.0,83.0
378,144.9,6.90,17.52,0.1209,8.27,765.0,83.0
386,131.6,7.60,17.52,0.1332,7.51,765.0,83.0
393,128.2,7.80,17.52,0.1367,7.32,765.0,83.0
401,131.6,7.60,17.52,0.1332,7.51,765.0,83.0
408,138.9,7.20,17.52,0.1261,7.93,765.0,83.0
416,128.2,7.80,17.52,0.1367,7.32,765.0,83.0
423,142.9,7.00,17.52,0.1226,8.16,765.0,83.0
430,137.0,7.30,17.52,0.1279,7.82,765.0,83.0
438,137.0,7.30,17.52,0.1279,7.82,765.0,83.0
446,113.6,8.80,17.52,0.1542,6.48,765.0,83.0
456,106.4,9.40,17.52,0.1647,6.07,764.8,83.0
464,125.0,8.00,17.52,0.1402,7.13,764.5,83.0
472,126.6,7.90,17.52,0.1384,7.23,764.2,83.0
479,131.6,7.60,17.52,0.1332,7.51,763.9,83.0
487,137.0,7.30,17.52,0.1279,7.82,763.7,83.0
494,137.0,7.30,17.52,0.1279,7.82,763.4,83.0
502,125.0,8.00,17.52,0.1402,7.13,763.1,83.0
510,128.2,7.80,17.52,0.1367,7.32,762.8,83.0
518,122.0,8.20,17.52,0.1437,6.96,762.5,83.0
527,104.2,9.60,17.52,0.1682,5.95,762.2,83.0
536,113.6,8.80,17.52,0.1542,6.48,761.9,83.0
543,140.8,7.10,17.52,0.1244,8.04,761.6,83.0
551,126.6,7.90,17.52,0.1384,7.23,761.3,83.0
559,131.6,7.60,17.52,0.1332,7.51,761.0,83.0
566,140.8,7.10,17.52,0.1244,8.04,760.9,83.0
574,125.0,8.00,17.52,0.1402,7.13,760.7,83.0
582,128.2,7.80,17.52,0.1367,7.32,760.6,83.0
591,113.6,8.80,17.52,0.1542,6.48,760.4,83.0
599,125.0,8.00,17.52,0.1402,7.13,760.3,83.0
606,133.3,7.50,17.52,0.1314,7.61,760.2,83.0
613,138.9,7.20,17.52,0.1261,7.93,760.0,83.0
620,140.8,7.10,17.52,0.1244,8.04,759.9,83.0
628,131.6,7.60,17.52,0.1332,7.51,759.8,83.0
636,133.3,7.50,17.52,0.1314,7.61,759.6,83.0
642,147.1,6.80,17.52,0.1191,8.40,759.5,83.0
651,119.0,8.40,17.52,0.1472,6.79,759.4,83.0
659,117.6,8.50,17.52,0.1489,6.71,759.2,83.0
667,131.6,7.60,17.52,0.1332,7.51,759.1,83.0
674,129.9,7.70,17.66,0.1360,7.35,759.0,83.0
682,140.8,7.10,18.05,0.1281,7.80,759.0,83.0
694,77.5,12.90,18.63,0.2403,4.16,759.0,83.0
701,147.1,6.80,18.96,0.1290,7.76,759.0,83.0
708,158.7,6.30,19.30,0.1216,8.22,759.0,83.0
714,149.3,6.70,19.59,0.1312,7.62,759.0,83.0
721,151.5,6.60,19.93,0.1315,7.60,759.0,83.0
728,149.3,6.70,20.26,0.1358,7.37,759.0,83.0
734,149.3,6.70,20.55,0.1377,7.26,759.0,83.0
741,153.8,6.50,20.89,0.1358,7.36,759.0,83.0
747,169.5,5.90,21.18,0.1249,8.00,759.0,83.0
753,149.3,6.70,21.46,0.1438,6.96,759.0,83.0
761,126.6,7.90,21.85,0.1726,5.79,759.0,83.0
768,151.5,6.60,22.19,0.1464,6.83,759.0,83.0
774,151.5,6.60,22.48,0.1483,6.74,759.0,83.0
781,153.8,6.50,22.81,0.1483,6.74,759.0,83.0
788,140.8,7.10,22.86,0.1623,6.16,759.0,83.0
795,144.9,6.90,22.86,0.1577,6.34,759.0,83.0
802,140.8,7.10,22.86,0.1623,6.16,759.0,83.0
809,147.1,6.80,22.86,0.1554,6.43,759.0,83.0
816,142.9,7.00,22.86,0.1600,6.25,759.0,83.0
823,144.9,6.90,22.86,0.1577,6.34,759.0,83.0
830,144.9,6.90,22.86,0.1577,6.34,759.0,83.0
837,140.8,7.10,22.86,0.1623,6.16,759.0,83.0
844,144.9,6.90,22.86,0.1577,6.34,759.0,83.0
851,144.9,6.90,22.86,0.1577,6.34,759.0,83.0
859,122.0,8.20,22.86,0.1875,5.34,759.0,83.0
866,129.9,7.70,22.86,0.1760,5.68,759.0,83.0
875,120.5,8.30,22.86,0.1897,5.27,759.0,83.0
884,111.1,9.00,22.86,0.2057,4.86,759.0,83.0
893,109.9,9.10,22.86,0.2080,4.81,759.0,83.0
901,126.6,7.90,22.86,0.1806,5.54,759.0,83.0
908,133.3,7.50,22.86,0.1714,5.83,759.0,83.0
916,128.2,7.80,22.86,0.1783,5.61,759.0,83.0
924,128.2,7.80,22.86,0.1783,5.61,759.0,83.0
932,117.6,8.50,22.86,0.1943,5.14,759.0,83.0
942,106.4,9.40,22.86,0.2149,4.65,759.0,83.0
952,96.2,10.40,22.86,0.2377,4.21,759.0,83.0
960,123.5,8.10,22.86,0.1852,5.40,759.0,83.0
968,131.6,7.60,22.86,0.1737,5.76,759.0,83.0
976,129.9,7.70,22.86,0.1760,5.68,759.0,83.0
985,112.4,8.90,22.86,0.2035,4.92,759.0,83.0
992,138.9,7.20,22.86,0.1646,6.08,759.0,83.0
999,138.9,7.20,22.86,0.1646,6.08,759.0,83.0
1005,158.7,6.30,22.86,0.1440,6.94,759.0,83.0
1012,153.8,6.50,22.86,0.1486,6.73,759.0,83.0
1018,156.2,6.40,22.86,0.1463,6.83,759.0,83.0
1024,161.3,6.20,22.86,0.1417,7.06,759.0,83.0
1031,144.9,6.90,22.86,0.1577,6.34,759.0,83.0
1038,147.1,6.80,22.86,0.1554,6.43,759.0,83.0
1045,142.9,7.00,22.86,0.1600,6.25,759.0,83.0
1052,144.9,6.90,22.86,0.1577,6.34,759.0,83.0
1059,144.9,6.90,22.86,0.1577,6.34,759.0,83.0
1066,142.9,7.00,22.86,0.1600,6.25,759.0,83.0
1073,144.9,6.90,22.86,0.1577,6.34,759.0,83.0
1080,144.9,6.90,22.86,0.1577,6.34,759.0,83.0
1087,137.0,7.30,22.86,0.1669,5.99,759.0,83.0
1094,149.3,6.70,22.86,0.1532,6.53,759.0,83.0
1101,144.9,6.90,22.86,0.1577,6.34,759.0,83.0
1108,142.9,7.00,22.86,0.1600,6.25,759.0,83.0
1114,144.9,6.90,22.86,0.1577,6.34,759.0,83.0
1121,144.9,6.90,22.86,0.1577,6.34,759.0,83.0
1128,144.9,6.90,22.86,0.1577,6.34,759.0,83.0
1135,140.8,7.10,22.86,0.1623,6.16,759.0,83.0
1142,144.9,6.90,22.86,0.1577,6.34,759.0,83.0
1149,144.9,6.90,22.86,0.1577,6.34,759.0,83.0
1156,144.9,6.90,22.86,0.1577,6.34,759.0,83.0
1163,137.0,7.30,22.86,0.1669,5.99,759.0,83.0
1170,151.5,6.60,22.86,0.1509,6.63,759.0,83.0
1177,144.9,6.90,22.86,0.1577,6.34,759.0,83.0
1184,144.9,6.90,22.86,0.1577,6.34,759.0,83.0
1191,142.9,7.00,22.86,0.1600,6.25,759.0,83.0
1198,144.9,6.90,22.86,0.1577,6.34,759.0,83.0
1205,140.8,7.10,22.86,0.1623,6.16,759.0,83.0
1212,144.9,6.90,22.86,0.1577,6.34,759.0,83.0
1219,144.9,6.90,22.86,0.1577,6.34,759.0,83.0
1226,144.9,6.90,22.89,0.1579,6.33,759.0,83.0
1232,144.9,6.90,23.07,0.1592,6.28,759.0,83.1
1240,129.9,7.70,23.30,0.1794,5.57,759.0,83.1
1248,128.2,7.80,23.54,0.1836,5.45,759.0,83.2
1256,122.0,8.20,23.78,0.1950,5.13,759.0,83.3
1265,108.7,9.20,24.04,0.2212,4.52,759.0,83.4
1274,119.0,8.40,24.31,0.2042,4.90,759.0,83.4
1282,122.0,8.20,24.54,0.2013,4.97,759.0,83.5
1291,114.9,8.70,24.81,0.2158,4.63,759.0,83.6
1299,117.6,8.50,25.05,0.2129,4.70,759.0,83.7
1308,117.6,8.50,25.31,0.2152,4.65,759.0,83.8
1315,135.1,7.40,25.52,0.1888,5.29,759.0,83.8
1322,147.1,6.80,25.73,0.1749,5.72,759.0,83.9
1329,149.3,6.70,25.93,0.1737,5.76,759.0,83.9
1335,161.3,6.20,26.11,0.1619,6.18,759.0,84.0
1341,158.7,6.30,26.11,0.1645,6.08,759.0,84.0
1347,158.7,6.30,26.11,0.1645,6.08,759.0,84.0
1353,163.9,6.10,26.11,0.1593,6.28,759.0,84.0
1360,153.8,6.50,26.11,0.1697,5.89,759.0,84.0
1366,161.3,6.20,26.11,0.1619,6.18,759.0,84.0
1373,147.1,6.80,26.11,0.1775,5.63,759.0,84.0
1381,129.9,7.70,26.11,0.2010,4.98,759.0,84.0
1387,147.1,6.80,26.11,0.1775,5.63,759.0,84.0
1394,161.3,6.20,26.11,0.1619,6.18,759.0,84.0
1399,178.6,5.60,26.11,0.1462,6.84,759.0,84.0
1406,144.9,6.90,26.11,0.1802,5.55,759.0,84.0
1415,119.0,8.40,26.11,0.2193,4.56,759.0,84.0
1421,156.2,6.40,26.11,0.1671,5.98,759.0,84.0
1427,169.5,5.90,26.11,0.1540,6.49,759.0,84.0
1434,142.9,7.00,26.11,0.1828,5.47,759.0,84.0
1441,142.9,7.00,26.11,0.1828,5.47,759.0,84.0
1448,142.9,7.00,26.11,0.1828,5.47,759.0,84.0
1456,123.5,8.10,26.11,0.2115,4.73,758.9,84.0
1463,137.0,7.30,26.11,0.1906,5.25,758.8,84.0
1470,142.9,7.00,26.11,0.1828,5.47,758.8,84.0
1477,147.1,6.80,26.11,0.1775,5.63,758.7,84.0
1483,169.5,5.90,26.11,0.1540,6.49,758.7,84.0
1490,147.1,6.80,26.11,0.1775,5.63,758.6,84.0
1496,151.5,6.60,26.11,0.1723,5.80,758.5,84.0
1504,137.0,7.30,26.11,0.1906,5.25,758.5,84.0
1510,149.3,6.70,26.11,0.1749,5.72,758.4,84.0
1517,142.9,7.00,26.11,0.1828,5.47,758.3,84.0
1524,144.9,6.90,26.11,0.1802,5.55,758.3,84.0
1531,142.9,7.00,26.11,0.1828,5.47,758.2,84.0
1538,144.9,6.90,26.11,0.1802,5.55,758.2,84.0
1545,144.9,6.90,26.11,0.1802,5.55,758.1,84.0
1552,144.9,6.90,26.11,0.1802,5.55,758.0,84.0
1559,142.9,7.00,26.11,0.1828,5.47,757.7,84.0
1567,125.0,8.00,26.11,0.2089,4.79,757.2,84.0
1573,172.4,5.80,26.11,0.1514,6.60,756.9,84.0
1580,142.9,7.00,26.11,0.1828,5.47,756.4,84.0
1587,144.9,6.90,26.11,0.1802,5.55,756.0,84.0
1594,142.9,7.00,26.11,0.1828,5.47,755.5,84.0
1601,142.9,7.00,26.11,0.1828,5.47,755.1,84.0
1608,133.3,7.50,26.11,0.1958,5.11,754.6,84.0
1614,161.3,6.20,26.11,0.1619,6.18,754.2,84.0
1621,142.9,7.00,26.11,0.1828,5.47,753.8,84.0
1628,142.9,7.00,26.11,0.1828,5.47,753.4,84.0
1636,133.3,7.50,26.11,0.1958,5.11,752.8,84.0
1644,117.6,8.50,26.11,0.2219,4.50,752.3,84.0
1651,153.8,6.50,26.11,0.1697,5.89,751.9,84.0
1658,151.5,6.60,26.11,0.1723,5.80,751.4,84.0
1664,161.3,6.20,26.11,0.1619,6.18,751.1,84.0
1671,138.9,7.20,26.11,0.1880,5.32,751.0,84.0
1678,138.9,7.20,26.11,0.1880,5.32,751.0,84.0
1685,156.3,6.40,26.11,0.1671,5.99,751.0,84.0
1691,161.3,6.20,26.11,0.1619,6.18,751.0,84.0
1698,144.9,6.90,26.11,0.1802,5.55,751.0,84.0
1705,135.1,7.40,26.11,0.1932,5.17,751.0,84.0
1712,137.0,7.30,26.11,0.1906,5.25,751.0,84.0
1719,163.9,6.10,26.11,0.1593,6.28,751.0,84.0
1726,142.9,7.00,26.11,0.1828,5.47,751.0,84.0
1733,142.9,7.00,26.11,0.1828,5.47,751.0,84.0
1739,144.9,6.90,26.11,0.1802,5.55,751.0,84.0
1746,142.9,7.00,26.11,0.1828,5.47,751.0,84.0
1753,144.9,6.90,26.11,0.1802,5.55,751.0,84.0
1760,144.9,6.90,26.11,0.1802,5.55,751.0,84.0
1768,137.0,7.30,26.11,0.1906,5.25,751.0,84.0
1774,153.8,6.50,26.11,0.1697,5.89,751.0,84.0
1783,114.9,8.70,26.16,0.2276,4.39,751.0,84.0
1791,125.0,8.00,26.20,0.2096,4.77,751.0,84.0
1798,147.1,6.80,26.24,0.1784,5.61,751.0,84.0
1804,156.2,6.40,26.28,0.1682,5.94,751.0,84.0
1810,163.9,6.10,26.31,0.1605,6.23,751.0,84.0
1816,172.4,5.80,26.34,0.1528,6.54,751.0,84.0
1823,144.9,6.90,26.38,0.1820,5.49,751.0,84.0
1830,144.9,6.90,26.42,0.1823,5.48,751.0,84.0
1837,142.9,7.00,26.46,0.1852,5.40,751.0,84.0
1844,142.9,7.00,26.50,0.1855,5.39,751.0,84.0
1851,142.9,7.00,26.53,0.1857,5.39,751.0,84.0
1858,144.9,6.90,26.57,0.1833,5.45,751.0,84.0
1864,144.9,6.90,26.61,0.1836,5.45,751.0,84.0
1872,138.9,7.20,26.65,0.1919,5.21,751.0,84.0
1879,144.9,6.90,26.69,0.1841,5.43,751.0,84.0
1887,119.0,8.40,26.71,0.2244,4.46,751.0,84.0
1894,142.9,7.00,26.71,0.1870,5.35,751.0,84.0
1901,142.9,7.00,26.71,0.1870,5.35,751.0,84.0
1908,144.9,6.90,26.71,0.1843,5.42,751.0,84.0
1915,147.1,6.80,26.71,0.1816,5.51,751.0,84.0
1921,149.3,6.70,26.71,0.1790,5.59,751.0,84.0
1928,158.7,6.30,26.71,0.1683,5.94,751.0,84.0
1934,153.8,6.50,26.71,0.1736,5.76,751.0,84.0
1941,142.9,7.00,26.71,0.1870,5.35,751.0,84.0
1948,149.3,6.70,26.71,0.1790,5.59,751.0,84.0
1955,144.9,6.90,26.71,0.1843,5.42,751.0,84.0
1962,129.9,7.70,26.71,0.2057,4.86,751.0,84.0
1971,111.1,9.00,26.71,0.2404,4.16,751.0,84.0
1979,125.0,8.00,26.71,0.2137,4.68,751.0,84.0
1988,122.0,8.20,26.71,0.2190,4.57,751.0,84.0
1998,99.0,10.10,26.71,0.2698,3.71,751.0,84.0
2008,97.1,10.30,26.71,0.2751,3.64,751.0,84.0
2017,111.1,9.00,26.71,0.2404,4.16,751.0,84.0
2026,113.6,8.80,26.71,0.2350,4.25,751.0,84.0
2034,128.2,7.80,26.71,0.2083,4.80,751.0,84.0
2041,129.9,7.70,26.71,0.2057,4.86,751.0,84.0
2050,120.5,8.30,26.71,0.2217,4.51,751.0,84.0
2057,135.1,7.40,26.71,0.1977,5.06,751.0,84.0
2065,131.6,7.60,26.71,0.2030,4.93,751.0,84.0
2072,137.0,7.30,26.71,0.1950,5.13,751.0,84.0
2079,137.0,7.30,26.71,0.1950,5.13,751.0,84.0
2086,138.9,7.20,26.71,0.1923,5.20,751.0,84.0
2094,131.6,7.60,26.71,0.2030,4.93,751.0,84.0
2103,117.6,8.50,26.71,0.2270,4.40,751.0,84.0
2112,101.0,9.90,26.71,0.2644,3.78,751.0,84.0
2121,119.0,8.40,26.71,0.2244,4.46,751.0,84.0
2129,119.0,8.40,26.71,0.2244,4.46,751.0,84.0
2137,126.6,7.90,26.71,0.2110,4.74,751.0,84.0
2145,125.0,8.00,26.71,0.2137,4.68,751.0,84.0
2153,129.9,7.70,26.71,0.2057,4.86,751.0,84.0
2161,131.6,7.60,26.71,0.2030,4.93,751.0,84.0
2168,133.3,7.50,26.71,0.2003,4.99,751.0,84.0
2175,147.1,6.80,26.71,0.1816,5.51,751.0,84.0
2182,147.1,6.80,26.71,0.1816,5.51,751.0,84.0
2190,126.6,7.90,26.71,0.2110,4.74,751.0,84.0
2197,126.6,7.90,26.71,0.2110,4.74,751.0,84.0
2205,140.8,7.10,26.71,0.1896,5.27,751.0,84.0
2211,151.5,6.60,26.71,0.1763,5.67,751.0,84.0
2218,149.3,6.70,26.71,0.1789,5.59,751.0,84.0
2224,151.5,6.60,26.70,0.1763,5.67,751.0,84.0
2231,149.3,6.70,26.70,0.1789,5.59,751.0,84.0
2238,153.8,6.50,26.70,0.1735,5.76,751.0,84.0
2244,158.7,6.30,26.69,0.1682,5.95,751.0,84.0
2251,149.3,6.70,26.69,0.1788,5.59,751.0,84.0
2257,153.8,6.50,26.69,0.1735,5.76,751.0,84.0
2264,156.3,6.40,26.68,0.1708,5.86,751.0,84.0
2271,140.8,7.10,26.68,0.1894,5.28,751.0,84.0
2278,144.9,6.90,26.68,0.1841,5.43,751.0,84.0
2284,151.5,6.60,26.67,0.1760,5.68,751.0,84.0
2291,149.3,6.70,26.67,0.1787,5.60,751.0,84.0
2297,151.5,6.60,26.66,0.1760,5.68,751.0,84.0
2304,161.3,6.20,26.66,0.1653,6.05,751.0,84.0
2310,163.9,6.10,26.66,0.1626,6.15,751.0,84.0
2316,151.5,6.60,26.65,0.1759,5.68,751.0,84.0
2323,151.5,6.60,26.65,0.1759,5.68,751.0,84.0
2330,147.1,6.80,26.65,0.1812,5.52,751.0,84.0
2337,142.9,7.00,26.65,0.1865,5.36,751.0,84.0
2344,144.9,6.90,26.65,0.1839,5.44,751.0,84.0
2351,144.9,6.90,26.65,0.1839,5.44,751.0,84.0
2357,147.1,6.80,26.65,0.1812,5.52,751.0,84.0
2364,142.9,7.00,26.65,0.1865,5.36,751.0,84.0
2371,144.9,6.90,26.65,0.1839,5.44,751.0,84.0
2378,140.8,7.10,26.65,0.1892,5.28,751.0,84.0
2385,147.1,6.80,26.65,0.1812,5.52,751.0,84.0
2392,140.8,7.10,26.65,0.1892,5.28,751.0,84.0
2399,147.1,6.80,26.65,0.1812,5.52,751.0,84.0
2406,142.9,7.00,26.65,0.1865,5.36,751.0,84.0
2413,140.8,7.10,26.65,0.1892,5.28,751.0,84.0
2420,147.1,6.80,26.65,0.1812,5.52,751.0,84.0
2427,144.9,6.90,26.65,0.1839,5.44,751.0,84.0
2434,142.9,7.00,26.65,0.1865,5.36,751.0,84.0
2442,119.0,8.40,26.65,0.2239,4.47,751.0,84.0
2449,147.1,6.80,26.65,0.1812,5.52,751.0,84.0
2457,125.0,8.00,26.65,0.2132,4.69,751.0,84.0
2464,142.9,7.00,26.65,0.1865,5.36,751.0,84.0
2471,138.9,7.20,26.65,0.1919,5.21,751.0,84.0
2478,144.9,6.90,26.65,0.1839,5.44,751.0,84.0
2485,142.9,7.00,26.65,0.1865,5.36,751.0,84.0
2492,140.8,7.10,26.65,0.1892,5.28,751.0,84.0
2499,147.1,6.80,26.65,0.1812,5.52,751.0,84.0
2506,142.9,7.00,26.65,0.1865,5.36,751.0,84.0
2513,142.9,7.00,26.65,0.1865,5.36,751.0,84.0
2521,137.0,7.30,26.65,0.1945,5.14,751.0,84.0
2528,133.3,7.50,26.65,0.1999,5.00,751.0,84.0
2535,140.8,7.10,26.65,0.1892,5.28,751.0,84.0
2542,140.8,7.10,26.65,0.1892,5.28,751.0,84.0
2550,135.1,7.40,26.65,0.1972,5.07,750.9,84.0
2557,133.3,7.50,26.65,0.1999,5.00,750.9,84.0
2564,137.0,7.30,26.65,0.1945,5.14,750.8,84.0
2572,131.6,7.60,26.65,0.2025,4.94,750.7,84.0
2580,129.9,7.70,26.65,0.2052,4.87,750.7,84.0
2588,120.5,8.30,26.65,0.2212,4.52,750.6,84.0
2596,129.9,7.70,26.65,0.2052,4.87,750.5,84.0
2603,147.1,6.80,26.65,0.1812,5.52,750.5,84.0
2609,149.3,6.70,26.65,0.1786,5.60,750.4,84.0
2616,142.9,7.00,26.65,0.1865,5.36,750.4,84.0
2623,144.9,6.90,26.65,0.1839,5.44,750.3,84.0
2630,142.9,7.00,26.65,0.1865,5.36,750.2,84.0
2637,140.8,7.10,26.65,0.1892,5.28,750.2,84.0
2645,137.0,7.30,26.65,0.1945,5.14,750.1,84.0
2651,147.1,6.80,26.65,0.1812,5.52,750.0,84.0
2659,137.0,7.30,26.65,0.1945,5.14,750.0,84.0
2666,140.8,7.10,26.65,0.1892,5.28,750.0,84.0
2673,135.1,7.40,26.65,0.1972,5.07,750.0,84.0
2680,140.8,7.10,26.65,0.1892,5.28,750.0,84.0
2687,144.9,6.90,26.65,0.1839,5.44,750.0,84.0
2694,144.9,6.90,26.65,0.1839,5.44,750.0,84.0
2701,147.1,6.80,26.65,0.1812,5.52,750.0,84.0
2707,153.8,6.50,26.65,0.1732,5.77,750.0,84.0
2714,144.9,6.90,26.65,0.1839,5.44,750.0,84.0
2722,131.6,7.60,26.65,0.2025,4.94,750.0,84.0
2729,140.8,7.10,26.65,0.1892,5.28,750.0,84.0
2736,151.5,6.60,26.65,0.1759,5.68,750.0,84.0
2743,142.9,7.00,26.65,0.1865,5.36,750.0,84.0
2749,149.3,6.70,26.65,0.1786,5.60,750.0,84.0
2756,144.9,6.90,26.65,0.1839,5.44,750.0,84.0
2763,147.1,6.80,26.65,0.1812,5.52,750.0,84.0
2770,142.9,7.00,26.65,0.1865,5.36,750.0,84.0
2777,138.9,7.20,26.64,0.1918,5.21,750.0,84.0
2784,140.8,7.10,26.64,0.1891,5.29,750.0,84.0
2791,142.9,7.00,26.64,0.1865,5.36,750.0,84.0
2798,151.5,6.60,26.63,0.1758,5.69,750.0,84.0
2805,147.1,6.80,26.63,0.1811,5.52,750.0,84.0
2811,156.3,6.40,26.62,0.1704,5.87,750.0,84.0
2818,147.1,6.80,26.62,0.1810,5.53,750.0,84.0
2825,149.3,6.70,26.62,0.1783,5.61,750.0,84.0
2832,142.9,7.00,26.61,0.1863,5.37,750.0,84.0
2840,125.0,8.00,26.61,0.2129,4.70,750.0,84.0
2847,135.1,7.40,26.61,0.1969,5.08,750.0,84.0
2854,149.3,6.70,26.60,0.1782,5.61,750.0,84.0
2860,153.8,6.50,26.60,0.1729,5.78,750.0,84.0
2869,120.5,8.30,26.59,0.2207,4.53,750.0,84.0
2878,107.5,9.30,26.59,0.2473,4.04,750.0,84.0
2887,114.9,8.70,26.59,0.2313,4.32,750.0,84.0
2896,107.5,9.30,26.59,0.2473,4.04,750.0,84.0
2907,93.5,10.70,26.59,0.2845,3.52,750.0,84.0
2915,113.6,8.80,26.59,0.2340,4.27,750.0,84.0
2923,125.0,8.00,26.59,0.2127,4.70,750.0,84.0
2931,137.0,7.30,26.59,0.1941,5.15,750.0,84.0
2939,125.0,8.00,26.59,0.2127,4.70,750.0,84.0
2947,122.0,8.20,26.59,0.2180,4.59,750.0,84.0
2955,116.3,8.60,26.59,0.2287,4.37,750.0,84.0
2965,105.3,9.50,26.59,0.2526,3.96,750.0,84.0
2976,90.9,11.00,26.59,0.2925,3.42,750.0,84.0
2985,105.3,9.50,26.59,0.2526,3.96,750.0,84.0
2994,123.5,8.10,26.59,0.2154,4.64,750.0,84.0
3001,131.6,7.60,26.59,0.2021,4.95,750.0,84.0
3009,133.3,7.50,26.59,0.1994,5.01,750.0,84.0
3015,147.1,6.80,26.59,0.1808,5.53,750.0,84.0
3022,147.1,6.80,26.59,0.1808,5.53,750.0,84.0
3029,138.9,7.20,26.59,0.1914,5.22,750.0,84.0
3036,147.1,6.80,26.59,0.1808,5.53,750.0,84.0
3044,137.0,7.30,26.59,0.1941,5.15,750.0,84.0
3050,149.3,6.70,26.59,0.1782,5.61,750.0,84.0
3057,144.9,6.90,26.59,0.1835,5.45,750.0,84.0
3064,156.3,6.40,26.59,0.1702,5.88,750.0,84.0
3070,147.1,6.80,26.59,0.1808,5.53,750.0,84.0
3077,140.8,7.10,26.59,0.1888,5.30,750.0,84.0
3084,149.3,6.70,26.59,0.1782,5.61,750.0,84.0
3091,140.8,7.10,26.59,0.1888,5.30,750.0,84.0
3099,135.1,7.40,26.59,0.1968,5.08,750.0,84.0
3106,138.9,7.20,26.59,0.1914,5.22,750.0,84.0
3112,151.5,6.60,26.59,0.1755,5.70,750.0,84.0
3119,149.3,6.70,26.59,0.1782,5.61,750.0,84.0
3126,156.3,6.40,26.59,0.1702,5.88,750.0,84.0
3132,156.2,6.40,26.59,0.1702,5.87,750.0,84.0
3138,161.3,6.20,26.59,0.1649,6.07,750.0,84.0
3144,163.9,6.10,26.59,0.1622,6.16,750.0,84.0
3151,144.9,6.90,26.59,0.1835,5.45,750.0,84.0
3158,153.8,6.50,26.59,0.1728,5.78,750.0,84.0
3165,131.6,7.60,26.59,0.2021,4.95,750.0,84.0
3173,133.3,7.50,26.59,0.1994,5.01,750.0,84.0
3180,142.9,7.00,26.59,0.1861,5.37,750.0,84.0
3187,149.3,6.70,26.59,0.1782,5.61,750.0,84.0
3193,149.3,6.70,26.59,0.1782,5.61,750.0,84.0
3200,156.2,6.40,26.59,0.1702,5.87,750.0,84.0
3206,153.8,6.50,26.59,0.1728,5.78,750.0,84.0
3213,151.5,6.60,26.59,0.1755,5.70,750.0,84.0
3219,169.5,5.90,26.60,0.1569,6.37,750.0,84.0
3226,140.8,7.10,26.60,0.1888,5.29,750.0,84.0
3235,105.3,9.50,26.60,0.2527,3.96,750.0,84.0
3242,140.8,7.10,26.61,0.1889,5.29,750.0,84.0
3249,153.8,6.50,26.61,0.1730,5.78,750.0,84.0
3255,156.2,6.40,26.61,0.1703,5.87,750.0,84.0
3262,158.7,6.30,26.61,0.1677,5.96,750.0,84.0
3267,178.6,5.60,26.62,0.1491,6.71,750.0,84.0
3274,142.9,7.00,26.62,0.1863,5.37,750.0,84.0
3281,144.9,6.90,26.62,0.1837,5.44,750.0,84.0
3288,142.9,7.00,26.63,0.1864,5.37,750.0,84.0
3295,144.9,6.90,26.63,0.1837,5.44,750.0,84.0
3302,142.9,7.00,26.63,0.1864,5.37,750.0,84.0
3309,144.9,6.90,26.64,0.1838,5.44,750.0,84.0
3316,142.9,7.00,26.64,0.1865,5.36,750.0,84.0
3323,144.9,6.90,26.64,0.1838,5.44,750.0,84.0
3330,144.9,6.90,26.64,0.1838,5.44,750.0,84.0
3337,144.9,6.90,26.64,0.1838,5.44,750.0,84.0
3344,142.9,7.00,26.64,0.1865,5.36,750.0,84.0
3351,142.9,7.00,26.64,0.1865,5.36,750.0,84.0
3357,144.9,6.90,26.64,0.1838,5.44,750.0,84.0
3364,142.9,7.00,26.64,0.1865,5.36,750.0,84.0
3373,123.5,8.10,26.64,0.2158,4.64,750.0,84.0
3380,133.3,7.50,26.64,0.1998,5.00,750.0,84.0
3386,169.5,5.90,26.64,0.1572,6.36,750.0,84.0
3392,163.9,6.10,26.64,0.1625,6.15,750.0,84.0
3399,144.9,6.90,26.64,0.1838,5.44,750.0,84.0
3406,142.9,7.00,26.64,0.1865,5.36,750.0,84.0
3413,142.9,7.00,26.64,0.1865,5.36,750.0,84.0
3420,142.9,7.00,26.64,0.1865,5.36,750.0,84.0
3427,144.9,6.90,26.64,0.1838,5.44,750.0,84.0
3435,126.6,7.90,26.64,0.2105,4.75,750.0,84.0
3443,126.6,7.90,26.64,0.2105,4.75,750.0,84.0
3453,99.0,10.10,26.64,0.2691,3.72,750.0,84.0
3462,111.1,9.00,26.64,0.2398,4.17,750.0,84.0
3471,114.9,8.70,26.64,0.2318,4.31,750.0,84.0
3479,117.6,8.50,26.64,0.2264,4.41,750.0,84.0
3488,117.6,8.50,26.64,0.2264,4.41,750.0,84.0
3496,113.6,8.80,26.64,0.2344,4.26,750.0,84.0
3505,117.6,8.50,26.64,0.2264,4.41,750.0,84.0
3513,125.0,8.00,26.64,0.2131,4.69,750.0,84.0
3520,133.3,7.50,26.64,0.1998,5.00,750.0,84.0
3528,125.0,8.00,26.64,0.2131,4.69,750.0,84.0
3536,137.0,7.30,26.64,0.1945,5.14,750.0,84.0
3543,140.8,7.10,26.64,0.1891,5.29,750.0,84.0
3550,147.1,6.80,26.64,0.1812,5.52,750.0,84.0
3557,142.9,7.00,26.64,0.1865,5.36,750.0,84.0
3563,149.3,6.70,26.64,0.1785,5.60,750.0,84.0
3570,142.9,7.00,26.64,0.1865,5.36,750.0,84.0
3579,114.9,8.70,26.64,0.2318,4.31,750.0,84.0
3587,126.6,7.90,26.64,0.2105,4.75,750.0,84.0
3594,144.9,6.90,26.64,0.1838,5.44,750.0,84.0
3601,133.3,7.50,26.64,0.1998,5.00,750.0,84.0
3610,123.5,8.10,26.64,0.2158,4.64,750.0,84.0
3616,149.3,6.70,26.64,0.1785,5.60,750.0,84.0
3623,149.3,6.70,26.64,0.1785,5.60,750.0,84.0
3630,151.5,6.60,26.64,0.1758,5.69,750.0,84.0
3637,133.3,7.50,26.64,0.1998,5.00,750.0,84.0
3644,137.0,7.30,26.64,0.1945,5.14,750.0,84.0
3651,151.5,6.60,26.64,0.1758,5.69,749.9,84.0
3657,163.9,6.10,26.64,0.1625,6.15,749.8,84.0
3664,153.8,6.50,26.64,0.1732,5.77,749.7,84.0
3670,149.3,6.70,26.64,0.1785,5.60,749.6,84.0
3677,151.5,6.60,26.64,0.1758,5.69,749.5,84.0
3684,144.9,6.90,26.64,0.1838,5.44,749.3,84.0
3691,142.9,7.00,26.64,0.1865,5.36,749.2,84.0
3698,147.1,6.80,26.64,0.1812,5.52,749.1,84.0
3705,144.9,6.90,26.64,0.1838,5.44,748.9,84.0
3712,140.8,7.10,26.64,0.1891,5.29,748.8,84.0
3719,144.9,6.90,26.64,0.1838,5.44,748.7,84.0
3725,144.9,6.90,26.64,0.1838,5.44,748.6,84.0
3732,142.9,7.00,26.64,0.1865,5.36,748.5,84.0
3739,144.9,6.90,26.64,0.1838,5.44,748.3,84.0
3746,144.9,6.90,26.64,0.1838,5.44,748.2,84.0
3753,142.9,7.00,26.64,0.1865,5.36,748.1,84.0
3760,142.9,7.00,26.64,0.1865,5.36,748.0,84.0
3767,147.1,6.80,26.63,0.1811,5.52,748.0,84.0
3774,142.9,7.00,26.62,0.1863,5.37,748.0,84.0
3783,111.1,9.00,26.61,0.2395,4.18,748.0,84.0
3789,169.5,5.90,26.60,0.1569,6.37,748.0,84.0
3795,166.7,6.00,26.59,0.1595,6.27,748.0,84.0
3802,142.9,7.00,26.58,0.1861,5.38,748.0,84.0
3809,147.1,6.80,26.57,0.1807,5.54,748.0,84.0
3816,140.8,7.10,26.56,0.1886,5.30,748.0,84.0
3823,144.9,6.90,26.56,0.1832,5.46,748.0,84.0
3830,144.9,6.90,26.55,0.1832,5.46,748.0,84.0
3837,142.9,7.00,26.54,0.1858,5.38,748.0,84.0
3844,144.9,6.90,26.53,0.1830,5.46,748.0,84.0
3851,142.9,7.00,26.52,0.1856,5.39,748.0,84.0
3857,144.9,6.90,26.51,0.1829,5.47,748.0,84.0
3864,144.9,6.90,26.50,0.1829,5.47,748.0,84.0
3871,142.9,7.00,26.50,0.1855,5.39,748.0,84.0
3878,144.9,6.90,26.50,0.1829,5.47,748.0,84.0
3885,140.8,7.10,26.50,0.1881,5.31,748.0,84.0
3892,142.9,7.00,26.50,0.1855,5.39,748.0,84.0
3899,147.1,6.80,26.50,0.1802,5.55,748.0,84.0
3906,142.9,7.00,26.50,0.1855,5.39,748.0,84.0
3913,147.1,6.80,26.50,0.1802,5.55,748.0,84.0
3920,140.8,7.10,26.50,0.1881,5.31,748.0,84.0
3927,144.9,6.90,26.50,0.1829,5.47,748.0,84.0
3934,144.9,6.90,26.50,0.1829,5.47,748.0,84.0
3941,144.9,6.90,26.50,0.1829,5.47,748.0,84.0
3948,142.9,7.00,26.50,0.1855,5.39,748.0,84.0
3955,144.9,6.90,26.50,0.1829,5.47,748.0,84.0
3962,142.9,7.00,26.50,0.1855,5.39,748.0,84.0
3969,144.9,6.90,26.50,0.1829,5.47,748.0,84.0
3975,144.9,6.90,26.50,0.1829,5.47,748.0,84.0
3983,140.8,7.10,26.50,0.1881,5.31,748.0,84.0
3989,147.1,6.80,26.50,0.1802,5.55,748.0,84.0
3996,144.9,6.90,26.50,0.1829,5.47,748.0,84.0
4003,144.9,6.90,26.50,0.1829,5.47,748.0,84.0
4010,144.9,6.90,26.50,0.1829,5.47,748.0,84.0
4017,142.9,7.00,26.50,0.1855,5.39,748.0,84.0
4024,144.9,6.90,26.50,0.1829,5.47,748.0,84.0
4031,142.9,7.00,26.50,0.1855,5.39,748.0,84.0
4038,144.9,6.90,26.50,0.1829,5.47,748.0,84.0
4045,144.9,6.90,26.50,0.1829,5.47,748.0,84.0
4052,142.9,7.00,26.50,0.1855,5.39,748.0,84.0
4059,147.1,6.80,26.50,0.1802,5.55,748.0,84.0
4066,142.9,7.00,26.50,0.1855,5.39,748.0,84.0
4073,144.9,6.90,26.50,0.1829,5.47,748.0,84.0
4080,142.9,7.00,26.50,0.1855,5.39,748.0,84.0
4087,144.9,6.90,26.50,0.1829,5.47,748.0,84.0
4094,142.9,7.00,26.50,0.1855,5.39,748.0,84.0
4101,138.9,7.20,26.50,0.1908,5.24,748.0,84.0
4107,149.3,6.70,26.50,0.1776,5.63,748.0,84.0
4114,144.9,6.90,26.50,0.1829,5.47,748.0,84.0
4121,142.9,7.00,26.50,0.1855,5.39,748.0,84.0
4128,144.9,6.90,26.50,0.1829,5.47,748.0,84.0
4135,144.9,6.90,26.50,0.1829,5.47,748.0,84.0
4142,142.9,7.00,26.50,0.1855,5.39,748.0,84.0
4149,142.9,7.00,26.50,0.1855,5.39,748.0,84.0
4157,123.5,8.10,26.50,0.2146,4.66,748.0,84.0
4164,149.3,6.70,26.50,0.1776,5.63,748.0,84.0
4171,140.8,7.10,26.50,0.1881,5.31,748.0,84.0
4178,142.9,7.00,26.50,0.1855,5.39,748.0,84.0
4185,144.9,6.90,26.50,0.1829,5.47,748.0,84.0
4193,131.6,7.60,26.50,0.2014,4.97,748.0,84.0
4200,133.3,7.50,26.51,0.1988,5.03,748.0,84.0
4207,144.9,6.90,26.52,0.1830,5.46,748.0,84.0
4214,149.3,6.70,26.54,0.1778,5.63,748.0,84.0
4220,147.1,6.80,26.55,0.1806,5.54,748.0,84.0
4227,151.5,6.60,26.57,0.1754,5.70,748.0,84.0
4234,153.8,6.50,26.59,0.1728,5.78,748.0,84.0
4240,151.5,6.60,26.60,0.1756,5.70,748.0,84.0
4247,151.5,6.60,26.62,0.1757,5.69,748.0,84.0
4253,151.5,6.60,26.63,0.1758,5.69,748.0,84.0
4260,144.9,6.90,26.65,0.1839,5.44,748.0,84.0
4267,142.9,7.00,26.66,0.1866,5.36,748.0,84.0
4274,147.1,6.80,26.68,0.1814,5.51,748.0,84.0
4285,87.7,11.40,26.70,0.3044,3.28,748.0,84.0
4296,94.3,10.60,26.73,0.2833,3.53,748.0,84.0
4307,95.2,10.50,26.75,0.2809,3.56,748.0,84.0
4321,67.6,14.80,26.75,0.3959,2.53,748.0,84.0
4333,89.3,11.20,26.75,0.2996,3.34,748.0,84.0
4343,91.7,10.90,26.75,0.2916,3.43,748.0,84.0
4355,88.5,11.30,26.75,0.3023,3.31,748.0,84.0
4364,112.4,8.90,26.75,0.2381,4.20,748.0,84.0
4371,129.9,7.70,26.75,0.2060,4.86,748.0,84.0
4378,144.9,6.90,26.75,0.1846,5.42,748.0,84.0
4385,138.9,7.20,26.75,0.1926,5.19,748.0,84.0
4393,129.9,7.70,26.75,0.2060,4.86,748.0,84.0
4400,153.8,6.50,26.75,0.1739,5.75,748.0,84.0
4406,156.3,6.40,26.75,0.1712,5.84,748.0,84.0
4413,142.9,7.00,26.75,0.1872,5.34,748.0,84.0
4420,147.1,6.80,26.75,0.1819,5.50,748.0,84.0
4427,140.8,7.10,26.75,0.1899,5.26,748.0,84.0
4434,144.9,6.90,26.75,0.1846,5.42,748.0,84.0
4441,140.8,7.10,26.75,0.1899,5.26,748.0,84.0
4448,149.3,6.70,26.75,0.1792,5.58,748.0,84.0
4458,95.2,10.50,26.75,0.2809,3.56,748.0,84.0
4464,166.7,6.00,26.75,0.1605,6.23,748.0,84.0
4471,137.0,7.30,26.75,0.1953,5.12,748.0,84.0
4478,156.2,6.40,26.75,0.1712,5.84,748.0,84.0
4484,161.3,6.20,26.75,0.1658,6.03,748.0,84.0
4490,163.9,6.10,26.75,0.1632,6.13,748.0,84.0
4496,161.3,6.20,26.75,0.1658,6.03,748.0,84.0
4503,142.9,7.00,26.75,0.1872,5.34,748.0,84.0
4510,144.9,6.90,26.75,0.1846,5.42,748.0,84.0
4517,142.9,7.00,26.75,0.1872,5.34,748.0,84.0
4524,144.9,6.90,26.75,0.1846,5.42,748.0,84.0
4531,142.9,7.00,26.75,0.1872,5.34,748.0,84.0
4538,147.1,6.80,26.75,0.1819,5.50,748.0,84.0
4545,142.9,7.00,26.75,0.1872,5.34,748.0,84.0
4552,142.9,7.00,26.75,0.1872,5.34,748.0,84.0
4559,147.1,6.80,26.75,0.1819,5.50,748.0,84.0
4566,140.8,7.10,26.75,0.1899,5.26,748.0,84.0
4573,147.1,6.80,26.75,0.1819,5.50,748.0,84.0
4580,142.9,7.00,26.75,0.1872,5.34,748.0,84.0
4587,144.9,6.90,26.75,0.1846,5.42,748.0,84.0
4594,142.9,7.00,26.75,0.1872,5.34,748.0,84.0
4602,120.5,8.30,26.75,0.2220,4.50,748.0,84.0
4608,166.7,6.00,26.75,0.1605,6.23,748.0,84.0
4614,151.5,6.60,26.75,0.1766,5.66,748.0,84.0
4621,147.1,6.80,26.75,0.1819,5.50,748.0,84.0
4628,142.9,7.00,26.75,0.1872,5.34,748.0,84.0
4635,140.8,7.10,26.75,0.1899,5.26,748.0,84.0
4642,147.1,6.80,26.75,0.1819,5.50,747.9,84.0
4649,144.9,6.90,26.75,0.1846,5.42,747.8,84.0
4656,142.9,7.00,26.75,0.1872,5.34,747.7,84.0
4663,144.9,6.90,26.75,0.1846,5.42,747.5,84.0
4670,142.9,7.00,26.75,0.1872,5.34,747.4,84.0
4677,144.9,6.90,26.75,0.1846,5.42,747.3,84.0
4684,142.9,7.00,26.75,0.1872,5.34,747.2,84.0
4691,144.9,6.90,26.75,0.1846,5.42,747.0,84.0
4698,142.9,7.00,26.75,0.1872,5.34,746.9,84.0
4705,144.9,6.90,26.75,0.1846,5.42,746.8,84.0
4712,144.9,6.90,26.75,0.1846,5.42,746.6,84.0
4719,142.9,7.00,26.75,0.1872,5.34,746.5,84.0
4725,144.9,6.90,26.75,0.1846,5.42,746.4,84.0
4732,144.9,6.90,26.75,0.1846,5.42,746.3,84.0
4739,142.9,7.00,26.75,0.1872,5.34,746.2,84.0
4746,142.9,7.00,26.75,0.1872,5.34,746.0,84.0
4753,142.9,7.00,26.75,0.1872,5.34,746.0,84.0
4760,147.1,6.80,26.74,0.1818,5.50,746.0,84.0
4767,142.9,7.00,26.73,0.1871,5.35,746.0,84.0
4774,142.9,7.00,26.73,0.1871,5.35,746.0,84.0
4781,144.9,6.90,26.72,0.1844,5.42,746.0,84.0
4788,144.9,6.90,26.71,0.1843,5.42,746.0,84.0
4795,142.9,7.00,26.71,0.1870,5.35,746.0,84.0
4802,142.9,7.00,26.70,0.1869,5.35,746.0,84.0
4809,147.1,6.80,26.70,0.1815,5.51,746.0,84.0
4816,140.8,7.10,26.69,0.1895,5.28,746.0,84.0
4823,144.9,6.90,26.68,0.1841,5.43,746.0,84.0
4830,144.9,6.90,26.68,0.1841,5.43,746.0,84.0
4837,144.9,6.90,26.67,0.1840,5.43,746.0,84.0
4844,142.9,7.00,26.66,0.1866,5.36,746.0,84.0
4851,142.9,7.00,26.66,0.1866,5.36,746.0,84.0
4857,144.9,6.90,26.65,0.1839,5.44,746.0,84.0
4864,144.9,6.90,26.65,0.1839,5.44,746.0,84.0
4871,144.9,6.90,26.65,0.1839,5.44,746.0,84.0
4878,142.9,7.00,26.65,0.1865,5.36,746.0,84.0
4885,140.8,7.10,26.65,0.1892,5.28,746.0,84.0
4893,137.0,7.30,26.65,0.1945,5.14,746.0,84.0
4900,135.1,7.40,26.65,0.1972,5.07,746.0,84.0
4909,119.0,8.40,26.65,0.2239,4.47,746.0,84.0
4918,111.1,9.00,26.65,0.2398,4.17,746.0,84.0
4926,112.4,8.90,26.65,0.2372,4.22,746.0,84.0
4933,144.9,6.90,26.65,0.1839,5.44,746.0,84.0
4940,149.3,6.70,26.65,0.1786,5.60,746.0,84.0
4947,138.9,7.20,26.65,0.1919,5.21,746.0,84.0
4955,133.3,7.50,26.65,0.1999,5.00,746.0,84.0
4963,128.2,7.80,26.65,0.2079,4.81,746.0,84.0
4971,116.3,8.60,26.65,0.2292,4.36,746.0,84.0
4981,105.3,9.50,26.65,0.2532,3.95,746.0,84.0
4990,109.9,9.10,26.65,0.2425,4.12,746.0,84.0
4998,114.9,8.70,26.65,0.2319,4.31,746.0,84.0
5006,131.6,7.60,26.65,0.2025,4.94,746.0,84.0
5013,135.1,7.40,26.65,0.1972,5.07,746.0,84.0
5020,153.8,6.50,26.65,0.1732,5.77,746.0,84.0
5027,140.8,7.10,26.65,0.1892,5.28,746.0,84.0
5034,144.9,6.90,26.65,0.1839,5.44,746.0,84.0
5040,158.7,6.30,26.65,0.1679,5.95,746.0,84.0
5046,161.3,6.20,26.65,0.1652,6.05,746.0,84.0
5053,156.2,6.40,26.65,0.1706,5.86,746.0,84.0
5059,166.7,6.00,26.65,0.1599,6.26,746.0,84.0
5066,147.1,6.80,26.65,0.1812,5.52,746.0,84.0
5073,142.9,7.00,26.65,0.1865,5.36,746.0,84.0
5080,142.9,7.00,26.65,0.1865,5.36,746.0,84.0
5087,142.9,7.00,26.65,0.1865,5.36,746.0,84.0
5093,147.1,6.80,26.65,0.1812,5.52,746.0,84.0
5102,114.9,8.70,26.65,0.2319,4.31,746.0,84.0
5109,156.3,6.40,26.65,0.1706,5.86,746.0,84.0
5114,169.5,5.90,26.65,0.1572,6.36,746.0,84.0
5121,142.9,7.00,26.65,0.1865,5.36,746.0,84.0
5128,147.1,6.80,26.65,0.1812,5.52,746.0,84.0
5135,142.9,7.00,26.65,0.1865,5.36,746.0,84.0
5142,144.9,6.90,26.65,0.1839,5.44,746.0,84.0
5149,142.9,7.00,26.65,0.1865,5.36,746.0,84.0
5156,144.9,6.90,26.65,0.1839,5.44,746.0,84.0
5163,144.9,6.90,26.65,0.1839,5.44,746.0,84.0
5170,142.9,7.00,26.65,0.1865,5.36,746.0,84.0
5177,144.9,6.90,26.65,0.1839,5.44,746.0,84.0
5184,144.9,6.90,26.65,0.1839,5.44,746.0,84.0
5191,142.9,7.00,26.65,0.1865,5.36,746.0,84.0
5198,144.9,6.90,26.65,0.1839,5.44,746.0,84.0
5205,142.9,7.00,26.64,0.1865,5.36,746.0,84.0
5212,144.9,6.90,26.64,0.1838,5.44,746.0,84.0
5219,142.9,7.00,26.63,0.1864,5.37,746.0,84.0
5225,144.9,6.90,26.63,0.1837,5.44,746.0,84.0
5232,142.9,7.00,26.62,0.1864,5.37,746.0,84.0
5239,144.9,6.90,26.62,0.1837,5.44,746.0,84.0
5246,140.8,7.10,26.62,0.1890,5.29,746.0,84.0
5253,147.1,6.80,26.61,0.1810,5.53,746.0,84.0
5260,142.9,7.00,26.61,0.1862,5.37,746.0,84.0
5267,147.1,6.80,26.60,0.1809,5.53,746.0,84.0
5274,144.9,6.90,26.60,0.1835,5.45,746.0,84.0
5281,140.8,7.10,26.59,0.1888,5.29,746.0,84.0
5288,147.1,6.80,26.59,0.1808,5.53,746.0,84.0
5295,138.9,7.20,26.58,0.1914,5.22,746.0,84.0
5302,147.1,6.80,26.58,0.1807,5.53,746.0,84.0
5309,142.9,7.00,26.58,0.1861,5.38,746.0,84.0
5316,142.9,7.00,26.58,0.1861,5.38,746.0,84.0
5323,144.9,6.90,26.58,0.1834,5.45,746.0,84.0
5330,144.9,6.90,26.58,0.1834,5.45,746.0,84.0
5336,147.1,6.80,26.58,0.1807,5.53,746.0,84.0
5344,140.8,7.10,26.58,0.1887,5.30,746.0,84.0
5350,144.9,6.90,26.58,0.1834,5.45,746.0,84.0
5357,142.9,7.00,26.58,0.1861,5.38,746.0,84.0
5364,144.9,6.90,26.58,0.1834,5.45,746.0,84.0
5371,142.9,7.00,26.58,0.1861,5.38,746.0,84.0
5378,147.1,6.80,26.58,0.1807,5.53,746.0,84.0
5385,140.8,7.10,26.58,0.1887,5.30,746.0,84.0
5392,138.9,7.20,26.58,0.1914,5.23,746.0,84.0
5399,153.8,6.50,26.58,0.1728,5.79,746.0,84.0
5406,142.9,7.00,26.58,0.1861,5.38,746.0,84.0
5413,144.9,6.90,26.58,0.1834,5.45,746.0,84.0
5420,138.9,7.20,26.58,0.1914,5.23,746.0,84.0
5427,144.9,6.90,26.58,0.1834,5.45,746.0,84.0
5434,144.9,6.90,26.58,0.1834,5.45,746.0,84.0
5441,144.9,6.90,26.58,0.1834,5.45,746.0,84.0
5448,144.9,6.90,26.58,0.1834,5.45,746.0,84.0
5455,142.9,7.00,26.58,0.1861,5.38,746.0,84.0
5462,142.9,7.00,26.58,0.1861,5.38,746.0,84.0
5469,144.9,6.90,26.58,0.1834,5.45,746.0,84.0
5475,144.9,6.90,26.58,0.1834,5.45,746.0,84.0
5482,144.9,6.90,26.58,0.1834,5.45,746.0,84.0
5489,142.9,7.00,26.58,0.1861,5.38,746.0,84.0
5496,142.9,7.00,26.58,0.1861,5.38,746.0,84.0
5503,144.9,6.90,26.58,0.1834,5.45,746.0,84.0
5510,142.9,7.00,26.58,0.1861,5.38,746.0,84.0
5517,144.9,6.90,26.58,0.1834,5.45,746.0,84.0
5524,144.9,6.90,26.58,0.1834,5.45,746.0,84.0
5531,142.9,7.00,26.58,0.1861,5.38,746.0,84.0
5538,147.1,6.80,26.58,0.1807,5.53,746.0,84.0
5545,140.8,7.10,26.58,0.1887,5.30,746.0,84.0
5552,149.3,6.70,26.58,0.1781,5.62,746.0,84.0
5559,140.8,7.10,26.58,0.1887,5.30,746.0,84.0
5566,142.9,7.00,26.58,0.1861,5.38,746.0,84.0
5573,144.9,6.90,26.58,0.1834,5.45,746.0,84.0
5580,142.9,7.00,26.58,0.1861,5.38,746.0,84.0
5587,144.9,6.90,26.58,0.1834,5.45,746.0,84.0
5594,142.9,7.00,26.58,0.1861,5.38,746.0,84.0
5600,144.9,6.90,26.58,0.1834,5.45,746.0,84.0
5607,144.9,6.90,26.58,0.1834,5.45,746.0,84.0
5614,142.9,7.00,26.58,0.1861,5.38,746.0,84.0
5621,144.9,6.90,26.58,0.1834,5.45,746.0,84.0
5628,144.9,6.90,26.58,0.1834,5.45,746.0,84.0
5635,142.9,7.00,26.58,0.1861,5.38,746.0,84.0
5643,131.6,7.60,26.58,0.2020,4.95,746.0,84.0
5651,114.9,8.70,26.58,0.2312,4.32,746.0,84.0
5660,120.5,8.30,26.58,0.2206,4.53,746.0,84.0
5668,126.6,7.90,26.58,0.2100,4.76,746.0,84.0
5675,133.3,7.50,26.58,0.1993,5.02,746.0,84.0
5683,125.0,8.00,26.58,0.2126,4.70,746.0,84.0
5691,133.3,7.50,26.58,0.1993,5.02,746.0,84.0
5699,120.5,8.30,26.58,0.2206,4.53,746.0,84.0
5708,108.7,9.20,26.58,0.2445,4.09,746.0,84.0
5722,74.6,13.40,26.58,0.3562,2.81,746.0,84.0
5729,140.8,7.10,26.58,0.1887,5.30,746.0,84.0
5736,140.8,7.10,26.58,0.1887,5.30,746.0,84.0
5742,163.9,6.10,26.58,0.1621,6.17,746.0,84.0
5748,153.8,6.50,26.59,0.1729,5.78,746.0,84.0
5755,158.7,6.30,26.61,0.1676,5.96,746.0,84.0
5761,169.5,5.90,26.63,0.1571,6.37,746.0,84.0
5782,47.6,21.00,26.68,0.5602,1.78,746.0,84.0
5789,133.3,7.50,26.69,0.2002,4.99,746.0,84.0
5795,172.4,5.80,26.71,0.1549,6.46,746.0,84.0
5803,126.6,7.90,26.73,0.2111,4.74,746.0,84.0
5810,147.1,6.80,26.74,0.1818,5.50,746.0,84.0
5816,158.7,6.30,26.76,0.1686,5.93,746.0,84.0
5823,144.9,6.90,26.77,0.1847,5.41,746.0,84.0
5830,147.1,6.80,26.79,0.1822,5.49,746.0,84.0
5837,142.9,7.00,26.81,0.1876,5.33,746.0,84.0
5844,144.9,6.90,26.82,0.1851,5.40,746.0,84.0
5850,144.9,6.90,26.84,0.1852,5.40,746.0,84.0
5857,142.9,7.00,26.84,0.1879,5.32,746.0,84.0
5864,144.9,6.90,26.84,0.1852,5.40,746.0,84.0
5871,142.9,7.00,26.84,0.1879,5.32,746.0,84.0
5878,144.9,6.90,26.84,0.1852,5.40,746.0,84.0
5885,144.9,6.90,26.84,0.1852,5.40,746.0,84.0
5892,142.9,7.00,26.84,0.1879,5.32,746.0,84.0
5899,144.9,6.90,26.84,0.1852,5.40,746.0,84.0
5906,142.9,7.00,26.84,0.1879,5.32,746.0,84.0
5913,144.9,6.90,26.84,0.1852,5.40,746.0,84.0
5920,144.9,6.90,26.84,0.1852,5.40,746.0,84.0
5927,142.9,7.00,26.84,0.1879,5.32,746.0,84.0
5934,142.9,7.00,26.84,0.1879,5.32,746.0,84.0
5941,144.9,6.90,26.84,0.1852,5.40,746.0,84.0
5948,142.9,7.00,26.84,0.1879,5.32,746.0,84.0
5955,144.9,6.90,26.84,0.1852,5.40,746.0,84.0
5962,144.9,6.90,26.84,0.1852,5.40,746.0,84.0
5969,142.9,7.00,26.84,0.1879,5.32,746.0,84.0
5975,144.9,6.90,26.84,0.1852,5.40,746.0,84.0
5983,140.8,7.10,26.84,0.1906,5.25,746.0,84.0
5989,147.1,6.80,26.84,0.1825,5.48,746.0,84.0
5996,142.9,7.00,26.84,0.1879,5.32,746.0,84.0
6003,144.9,6.90,26.84,0.1852,5.40,746.0,84.0
6010,144.9,6.90,26.84,0.1852,5.40,746.0,84.0
6017,144.9,6.90,26.84,0.1852,5.40,746.0,84.0
6024,142.9,7.00,26.84,0.1879,5.32,746.0,84.0
6031,142.9,7.00,26.84,0.1879,5.32,746.0,84.0
6038,144.9,6.90,26.84,0.1852,5.40,746.0,84.0
6045,138.9,7.20,26.84,0.1932,5.18,746.0,84.0
6052,149.3,6.70,26.84,0.1798,5.56,746.0,84.0
6059,144.9,6.90,26.84,0.1852,5.40,746.0,84.0
6066,144.9,6.90,26.84,0.1852,5.40,746.0,84.0
6073,142.9,7.00,26.84,0.1879,5.32,746.0,84.0
6080,144.9,6.90,26.84,0.1852,5.40,746.0,84.0
6087,142.9,7.00,26.84,0.1879,5.32,746.0,84.0
6094,144.9,6.90,26.84,0.1852,5.40,746.0,84.0
6101,142.9,7.00,26.84,0.1879,5.32,746.0,84.0
6107,144.9,6.90,26.84,0.1852,5.40,746.0,84.0
6114,144.9,6.90,26.84,0.1852,5.40,746.0,84.0
6122,138.9,7.20,26.84,0.1932,5.18,746.0,84.0
6128,144.9,6.90,26.84,0.1852,5.40,746.0,84.0
6135,149.3,6.70,26.84,0.1798,5.56,746.0,84.0
6142,142.9,7.00,26.84,0.1879,5.32,746.0,84.0
6149,144.9,6.90,26.84,0.1852,5.40,746.0,84.0
6156,142.9,7.00,26.84,0.1879,5.32,746.0,84.0
6163,142.9,7.00,26.84,0.1879,5.32,746.0,84.0
6172,116.3,8.60,26.84,0.2308,4.33,746.0,84.0
6179,137.0,7.30,26.84,0.1959,5.10,746.0,84.0
6187,119.0,8.40,26.81,0.2252,4.44,746.0,84.0
6195,126.6,7.90,26.79,0.2116,4.73,746.0,84.0
6202,144.9,6.90,26.76,0.1847,5.41,746.0,84.0
6209,156.3,6.40,26.74,0.1711,5.84,746.0,84.0
6216,138.9,7.20,26.72,0.1924,5.20,746.0,84.0
6223,137.0,7.30,26.70,0.1949,5.13,746.0,84.0
6231,129.9,7.70,26.67,0.2054,4.87,746.0,84.0
6239,120.5,8.30,26.65,0.2212,4.52,746.0,84.0
6248,113.6,8.80,26.62,0.2342,4.27,746.0,84.0
6256,123.5,8.10,26.59,0.2154,4.64,746.0,84.0
6264,120.5,8.30,26.57,0.2205,4.54,746.0,84.0
6273,119.0,8.40,26.54,0.2229,4.48,746.0,84.0
6281,114.9,8.70,26.51,0.2307,4.33,746.0,84.0
6289,137.0,7.30,26.49,0.1934,5.17,746.0,84.0
6296,138.9,7.20,26.49,0.1907,5.24,746.0,84.0
6303,144.9,6.90,26.49,0.1828,5.47,746.0,84.0
6310,142.9,7.00,26.49,0.1854,5.39,746.0,84.0
6317,140.8,7.10,26.49,0.1881,5.32,746.0,84.0
6325,129.9,7.70,26.49,0.2040,4.90,746.0,84.0
6331,144.9,6.90,26.49,0.1828,5.47,746.0,84.0
6338,149.3,6.70,26.49,0.1775,5.64,746.0,84.0
6345,142.9,7.00,26.49,0.1854,5.39,746.0,84.0
6352,137.0,7.30,26.49,0.1934,5.17,746.0,84.0
6361,122.0,8.20,26.49,0.2172,4.61,746.0,84.0
6369,114.9,8.70,26.49,0.2305,4.34,746.0,84.0
6377,128.2,7.80,26.49,0.2066,4.84,746.0,84.0
6385,135.1,7.40,26.49,0.1960,5.10,746.0,84.0
6392,140.8,7.10,26.49,0.1881,5.32,746.0,84.0
6399,133.3,7.50,26.49,0.1987,5.03,746.0,84.0
6407,126.6,7.90,26.49,0.2093,4.78,746.0,84.0
6414,147.1,6.80,26.49,0.1801,5.55,746.0,84.0
6421,135.1,7.40,26.49,0.1960,5.10,746.0,84.0
6428,153.8,6.50,26.49,0.1722,5.81,746.0,84.0
6435,140.8,7.10,26.49,0.1881,5.32,746.0,84.0
6442,142.9,7.00,26.49,0.1854,5.39,746.0,84.0
6449,135.1,7.40,26.49,0.1960,5.10,746.0,84.0
6459,102.0,9.80,26.49,0.2596,3.85,746.0,84.0
6467,128.2,7.80,26.49,0.2066,4.84,746.0,84.0
6473,158.7,6.30,26.49,0.1669,5.99,746.0,84.0
6480,156.3,6.40,26.49,0.1695,5.90,746.0,84.0
6486,161.3,6.20,26.49,0.1642,6.09,746.0,84.0
6492,161.3,6.20,26.49,0.1642,6.09,746.0,84.0
6498,153.8,6.50,26.49,0.1722,5.81,746.0,84.0
6505,163.9,6.10,26.49,0.1616,6.19,746.0,84.0
6510,172.4,5.80,26.49,0.1536,6.51,746.0,84.0
6517,144.9,6.90,26.49,0.1828,5.47,746.0,84.0
6524,142.9,7.00,26.49,0.1854,5.39,746.0,84.0
6531,144.9,6.90,26.49,0.1828,5.47,746.0,84.0
6538,144.9,6.90,26.49,0.1828,5.47,746.0,84.0
6545,144.9,6.90,26.49,0.1828,5.47,746.0,84.0
6552,142.9,7.00,26.49,0.1854,5.39,746.0,84.0
6559,144.9,6.90,26.49,0.1828,5.47,746.0,84.0
6566,144.9,6.90,26.49,0.1828,5.47,746.0,84.0
6573,144.9,6.90,26.49,0.1828,5.47,746.0,84.0
6580,144.9,6.90,26.49,0.1828,5.47,746.0,84.0
6587,137.0,7.30,26.49,0.1934,5.17,746.0,84.0
6593,151.5,6.60,26.49,0.1748,5.72,746.0,84.0
6600,142.9,7.00,26.49,0.1854,5.39,746.0,84.0
6607,144.9,6.90,26.49,0.1828,5.47,746.0,84.0
6614,142.9,7.00,26.49,0.1854,5.39,746.0,84.0
6621,142.9,7.00,26.49,0.1854,5.39,746.0,84.0
6628,144.9,6.90,26.49,0.1828,5.47,746.0,84.0
6635,142.9,7.00,26.49,0.1854,5.39,746.0,84.0
6642,144.9,6.90,26.49,0.1828,5.47,746.0,84.0
6649,144.9,6.90,26.49,0.1828,5.47,746.0,84.0
6656,142.9,7.00,26.49,0.1854,5.39,746.0,84.0
6663,140.8,7.10,26.49,0.1881,5.32,746.0,84.0
6670,144.9,6.90,26.49,0.1828,5.47,746.0,84.0
6677,147.1,6.80,26.49,0.1801,5.55,746.0,84.0
6684,144.9,6.90,26.49,0.1828,5.47,746.0,84.0
6691,140.8,7.10,26.49,0.1881,5.32,746.0,84.0
6698,147.1,6.80,26.49,0.1801,5.55,746.0,84.0
6705,144.9,6.90,26.49,0.1828,5.47,746.0,84.0
6712,142.9,7.00,26.49,0.1854,5.39,746.0,84.0
6719,142.9,7.00,26.49,0.1854,5.39,746.0,84.0
6726,142.9,7.00,26.49,0.1854,5.39,746.0,84.0
6732,144.9,6.90,26.48,0.1827,5.47,746.0,84.0
6739,142.9,7.00,26.43,0.1850,5.41,746.0,84.0
6746,144.9,6.90,26.39,0.1821,5.49,746.0,84.0
6753,144.9,6.90,26.34,0.1817,5.50,746.0,84.0
6760,144.9,6.90,26.29,0.1814,5.51,746.0,84.0
6767,144.9,6.90,26.25,0.1811,5.52,746.0,84.0
6774,142.9,7.00,26.20,0.1834,5.45,746.0,84.0
6781,144.9,6.90,26.16,0.1805,5.54,746.0,84.0
6788,142.9,7.00,26.11,0.1828,5.47,746.0,84.0
6795,142.9,7.00,26.06,0.1825,5.48,746.0,84.0
6802,144.9,6.90,26.02,0.1795,5.57,746.0,84.0
6809,144.9,6.90,25.97,0.1792,5.58,746.0,84.0
6816,142.9,7.00,25.93,0.1815,5.51,746.0,84.0
6823,142.9,7.00,25.88,0.1812,5.52,746.0,84.0
6830,144.9,6.90,25.84,0.1783,5.61,746.0,84.0
6837,144.9,6.90,25.79,0.1779,5.62,746.0,84.0
6844,142.9,7.00,25.77,0.1804,5.55,746.0,84.0
6852,123.5,8.10,25.77,0.2087,4.79,746.0,84.0
6857,175.4,5.70,25.77,0.1469,6.81,746.0,84.0
6864,142.9,7.00,25.77,0.1804,5.55,746.0,84.0
6871,144.9,6.90,25.77,0.1778,5.62,746.0,84.0
6878,142.9,7.00,25.77,0.1804,5.55,746.0,84.0
6885,144.9,6.90,25.77,0.1778,5.62,746.0,84.0
6892,144.9,6.90,25.77,0.1778,5.62,746.0,84.0
6900,133.3,7.50,25.77,0.1933,5.17,746.0,84.0
6907,128.2,7.80,25.77,0.2010,4.97,746.0,84.0
6915,135.1,7.40,25.77,0.1907,5.24,746.0,84.0
6923,119.0,8.40,25.77,0.2165,4.62,746.0,84.0
6932,114.9,8.70,25.77,0.2242,4.46,746.0,84.0
6940,119.0,8.40,25.77,0.2165,4.62,746.0,84.0
6947,147.1,6.80,25.77,0.1752,5.71,746.0,84.0
6954,140.8,7.10,25.77,0.1830,5.46,746.0,84.0
6961,140.8,7.10,25.77,0.1830,5.46,746.0,84.0
6969,131.6,7.60,25.77,0.1959,5.11,746.0,84.0
6977,123.5,8.10,25.77,0.2087,4.79,746.0,84.0
6985,120.5,8.30,25.77,0.2139,4.68,746.0,84.0
6996,95.2,10.50,25.77,0.2706,3.69,746.0,84.0
7005,111.1,9.00,25.77,0.2319,4.31,746.0,84.0
7013,123.5,8.10,25.77,0.2087,4.79,746.0,84.0
7020,131.6,7.60,25.77,0.1959,5.11,746.0,84.0
7029,123.5,8.10,25.77,0.2087,4.79,746.0,84.0
7037,123.5,8.10,25.77,0.2087,4.79,746.0,84.0
7045,126.6,7.90,25.77,0.2036,4.91,746.0,84.0
7052,128.2,7.80,25.77,0.2010,4.97,746.0,84.0
7061,122.0,8.20,25.77,0.2113,4.73,746.0,84.0
7068,128.2,7.80,25.77,0.2010,4.97,746.0,84.0
7077,120.5,8.30,25.77,0.2139,4.68,746.0,84.0
7086,107.5,9.30,25.77,0.2397,4.17,746.0,84.0
7094,125.0,8.00,25.77,0.2062,4.85,746.0,84.0
7104,97.1,10.30,25.77,0.2654,3.77,746.0,84.0
7112,137.0,7.30,25.77,0.1881,5.32,746.0,84.0
7118,144.9,6.90,25.77,0.1778,5.62,746.0,84.0
7125,144.9,6.90,25.77,0.1778,5.62,746.0,84.0
7133,126.6,7.90,25.77,0.2036,4.91,746.0,84.0
7139,163.9,6.10,25.77,0.1572,6.36,746.0,84.0
7145,169.5,5.90,25.77,0.1520,6.58,746.0,84.0
7151,163.9,6.10,25.77,0.1572,6.36,746.0,84.0
7158,161.3,6.20,25.77,0.1598,6.26,746.0,84.0
7163,181.8,5.50,25.77,0.1417,7.05,746.0,84.0
7170,144.9,6.90,25.77,0.1778,5.62,746.0,84.0
7177,142.9,7.00,25.76,0.1803,5.55,746.0,84.0
7184,144.9,6.90,25.75,0.1777,5.63,746.0,84.0
7191,144.9,6.90,25.75,0.1776,5.63,746.0,84.0
7198,144.9,6.90,25.74,0.1776,5.63,746.0,84.0
7205,144.9,6.90,25.73,0.1775,5.63,746.0,84.0
7212,142.9,7.00,25.72,0.1800,5.56,746.0,84.0
7219,142.9,7.00,25.71,0.1800,5.56,746.0,84.0
7225,144.9,6.90,25.71,0.1774,5.64,746.0,84.0
7232,142.9,7.00,25.70,0.1799,5.56,746.0,84.0
7239,144.9,6.90,25.69,0.1773,5.64,746.0,84.0
7246,142.9,7.00,25.68,0.1798,5.56,746.0,84.0
7253,144.9,6.90,25.67,0.1771,5.64,746.0,84.0
7260,142.9,7.00,25.66,0.1796,5.57,746.0,84.0
7267,144.9,6.90,25.66,0.1770,5.65,746.0,84.0
7274,144.9,6.90,25.65,0.1770,5.65,746.0,84.0
7281,144.9,6.90,25.64,0.1769,5.65,746.0,84.0
7288,140.8,7.10,25.64,0.1820,5.49,746.0,84.0
7295,147.1,6.80,25.64,0.1744,5.74,746.0,84.0
7302,144.9,6.90,25.64,0.1769,5.65,746.0,84.0
7309,142.9,7.00,25.64,0.1795,5.57,746.0,84.0
7316,142.9,7.00,25.64,0.1795,5.57,746.0,84.0
7323,144.9,6.90,25.64,0.1769,5.65,746.0,84.0
7330,144.9,6.90,25.64,0.1769,5.65,746.0,84.0
7336,144.9,6.90,25.64,0.1769,5.65,746.0,84.0
7344,140.8,7.10,25.64,0.1820,5.49,746.0,84.0
7351,142.9,7.00,25.64,0.1795,5.57,746.0,84.0
7357,149.3,6.70,25.64,0.1718,5.82,746.0,84.0
7364,138.9,7.20,25.64,0.1846,5.42,746.0,84.0
7371,144.9,6.90,25.64,0.1769,5.65,746.0,84.0
7378,144.9,6.90,25.64,0.1769,5.65,746.0,84.0
7385,144.9,6.90,25.64,0.1769,5.65,746.0,84.0
7392,140.8,7.10,25.64,0.1820,5.49,746.0,84.0
7401,120.5,8.30,25.64,0.2128,4.70,746.0,84.0
7407,149.3,6.70,25.64,0.1718,5.82,746.0,84.0
7413,175.4,5.70,25.64,0.1461,6.84,746.0,84.0
7420,144.9,6.90,25.64,0.1769,5.65,746.0,84.0
7427,142.9,7.00,25.64,0.1795,5.57,746.0,84.0
7434,144.9,6.90,25.64,0.1769,5.65,746.0,84.0
7441,142.9,7.00,25.64,0.1795,5.57,746.0,84.0
7448,142.9,7.00,25.64,0.1795,5.57,746.0,84.0
7455,147.1,6.80,25.64,0.1744,5.74,746.0,84.0
7462,140.8,7.10,25.64,0.1820,5.49,746.0,84.0
7468,147.1,6.80,25.64,0.1744,5.74,746.0,84.0
7475,142.9,7.00,25.64,0.1795,5.57,746.0,84.0
7482,144.9,6.90,25.64,0.1769,5.65,746.0,84.0
7489,142.9,7.00,25.64,0.1795,5.57,746.0,84.0
7496,142.9,7.00,25.64,0.1795,5.57,746.0,84.0
7503,144.9,6.90,25.64,0.1769,5.65,746.0,84.0
7510,144.9,6.90,25.64,0.1769,5.65,746.0,84.0
7517,144.9,6.90,25.64,0.1769,5.65,746.0,84.0
7524,144.9,6.90,25.64,0.1769,5.65,746.0,84.0
7531,142.9,7.00,25.64,0.1795,5.57,746.0,84.0
7538,144.9,6.90,25.64,0.1769,5.65,746.0,84.0
7545,142.9,7.00,25.64,0.1795,5.57,746.0,84.0
7552,142.9,7.00,25.64,0.1795,5.57,746.0,84.0
7559,144.9,6.90,25.64,0.1769,5.65,746.0,84.0
7566,142.9,7.00,25.64,0.1795,5.57,746.0,84.0
7573,142.9,7.00,25.64,0.1795,5.57,746.0,84.0
7580,144.9,6.90,25.64,0.1769,5.65,746.0,84.0
7587,144.9,6.90,25.64,0.1769,5.65,746.0,84.0
7594,142.9,7.00,25.64,0.1795,5.57,746.0,84.0
7600,144.9,6.90,25.64,0.1769,5.65,746.0,84.0
7607,144.9,6.90,25.64,0.1769,5.65,746.0,84.0
7614,142.9,7.00,25.64,0.1795,5.57,746.0,84.0
7621,142.9,7.00,25.64,0.1795,5.57,746.0,84.0
7628,147.1,6.80,25.64,0.1744,5.74,746.0,84.0
7635,142.9,7.00,25.64,0.1795,5.57,746.0,84.0
7642,142.9,7.00,25.64,0.1795,5.57,746.0,84.0
7649,144.9,6.90,25.64,0.1769,5.65,746.0,84.0
7656,142.9,7.00,25.64,0.1795,5.57,746.0,84.0
7663,147.1,6.80,25.64,0.1744,5.74,746.0,84.0
7670,142.9,7.00,25.64,0.1795,5.57,746.0,84.0
7677,142.9,7.00,25.64,0.1795,5.57,746.0,84.0
7684,144.9,6.90,25.64,0.1769,5.65,746.0,84.0
7691,142.9,7.00,25.64,0.1795,5.57,746.0,84.0
7698,144.9,6.90,25.64,0.1769,5.65,746.0,84.0
7705,144.9,6.90,25.64,0.1769,5.65,746.0,84.0
7712,140.8,7.10,25.64,0.1820,5.49,746.0,84.0
7719,144.9,6.90,25.67,0.1771,5.64,746.0,84.0
7725,144.9,6.90,25.71,0.1774,5.64,746.0,84.0
7732,144.9,6.90,25.75,0.1777,5.63,746.0,84.0
7739,142.9,7.00,25.79,0.1805,5.54,746.0,84.0
7746,144.9,6.90,25.83,0.1782,5.61,746.0,84.0
7753,142.9,7.00,25.87,0.1811,5.52,746.0,84.0
7760,144.9,6.90,25.92,0.1788,5.59,746.0,84.0
7767,142.9,7.00,25.96,0.1817,5.51,746.0,84.0
7774,144.9,6.90,26.00,0.1794,5.57,746.0,84.0
7781,144.9,6.90,26.04,0.1797,5.56,746.0,84.0
7788,142.9,7.00,26.08,0.1826,5.48,746.0,84.0
7795,144.9,6.90,26.13,0.1803,5.55,746.0,84.0
7803,120.5,8.30,26.17,0.2172,4.60,746.0,84.0
7812,117.6,8.50,26.23,0.2229,4.48,746.0,84.0
7819,128.2,7.80,26.27,0.2049,4.88,746.0,84.0
7827,140.8,7.10,26.30,0.1867,5.35,746.0,84.0
7834,131.6,7.60,26.30,0.1999,5.00,746.0,84.0
7842,122.0,8.20,26.30,0.2157,4.64,746.0,84.0
7850,133.3,7.50,26.30,0.1973,5.07,746.0,84.0
7858,125.0,8.00,26.30,0.2104,4.75,746.0,84.0
7865,133.3,7.50,26.30,0.1973,5.07,746.0,84.0
7873,123.5,8.10,26.30,0.2130,4.70,746.0,84.0
7882,123.5,8.10,26.30,0.2130,4.70,746.0,84.0
7889,126.6,7.90,26.30,0.2078,4.81,746.0,84.0
7896,147.1,6.80,26.30,0.1788,5.59,746.0,84.0
7902,169.5,5.90,26.30,0.1552,6.44,746.0,84.0
7908,163.9,6.10,26.30,0.1604,6.23,746.0,84.0
7914,169.5,5.90,26.30,0.1552,6.44,746.0,84.0
7920,178.6,5.60,26.30,0.1473,6.79,746.0,84.0
7927,140.8,7.10,26.30,0.1867,5.35,746.0,84.0
7934,144.9,6.90,26.30,0.1815,5.51,746.0,84.0
7941,142.9,7.00,26.30,0.1841,5.43,746.0,84.0
7948,144.9,6.90,26.30,0.1815,5.51,746.0,84.0
7955,144.9,6.90,26.30,0.1815,5.51,746.0,84.0
7962,142.9,7.00,26.30,0.1841,5.43,746.0,84.0
7968,144.9,6.90,26.30,0.1815,5.51,746.0,84.0
7975,142.9,7.00,26.30,0.1841,5.43,746.0,84.0
7982,144.9,6.90,26.30,0.1815,5.51,746.0,84.0
7989,144.9,6.90,26.30,0.1815,5.51,746.0,84.0
7996,142.9,7.00,26.30,0.1841,5.43,746.0,84.0
8003,144.9,6.90,26.30,0.1815,5.51,746.0,84.0
8010,142.9,7.00,26.30,0.1841,5.43,746.0,84.0
8017,144.9,6.90,26.30,0.1815,5.51,746.0,84.0
8024,142.9,7.00,26.30,0.1841,5.43,746.0,84.0
8031,144.9,6.90,26.30,0.1815,5.51,746.0,84.0
8038,144.9,6.90,26.30,0.1815,5.51,746.0,84.0
8045,140.8,7.10,26.30,0.1867,5.35,746.0,84.0
8052,144.9,6.90,26.30,0.1815,5.51,746.0,84.0
8059,147.1,6.80,26.30,0.1788,5.59,746.0,84.0
8066,129.9,7.70,26.30,0.2025,4.94,746.0,84.0
8073,158.7,6.30,26.30,0.1657,6.03,746.0,84.0
8080,144.9,6.90,26.30,0.1815,5.51,746.0,84.0
8087,140.8,7.10,26.30,0.1867,5.35,746.0,84.0
8094,144.9,6.90,26.30,0.1815,5.51,746.0,84.0
8101,142.9,7.00,26.30,0.1841,5.43,746.0,84.0
8107,147.1,6.80,26.30,0.1788,5.59,746.0,84.0
8114,142.9,7.00,26.30,0.1841,5.43,746.0,84.0
8121,144.9,6.90,26.30,0.1815,5.51,746.0,84.0
8128,142.9,7.00,26.30,0.1841,5.43,746.0,84.0
8135,144.9,6.90,26.30,0.1815,5.51,746.0,84.0
8142,142.9,7.00,26.30,0.1841,5.43,746.0,84.0
8149,144.9,6.90,26.30,0.1815,5.51,746.0,84.0
8156,144.9,6.90,26.30,0.1815,5.51,746.0,84.0
8163,142.9,7.00,26.30,0.1841,5.43,746.0,84.0
8170,142.9,7.00,26.30,0.1841,5.43,746.0,84.0
8177,147.1,6.80,26.30,0.1788,5.59,746.0,84.0
8184,142.9,7.00,26.30,0.1841,5.43,746.0,84.0
8191,142.9,7.00,26.30,0.1841,5.43,746.0,84.0
8198,144.9,6.90,26.30,0.1815,5.51,746.0,84.0
8205,144.9,6.90,26.30,0.1815,5.51,746.0,84.0
8212,140.8,7.10,26.30,0.1867,5.35,746.0,84.0
8218,147.1,6.80,26.30,0.1788,5.59,746.0,84.0
8225,144.9,6.90,26.30,0.1815,5.51,746.0,84.0
8232,142.9,7.00,26.30,0.1841,5.43,746.0,84.0
8239,144.9,6.90,26.30,0.1815,5.51,746.0,84.0
8246,144.9,6.90,26.30,0.1815,5.51,746.0,84.0
8253,140.8,7.10,26.30,0.1867,5.35,746.0,84.0
8260,144.9,6.90,26.30,0.1815,5.51,746.0,84.0
8268,131.6,7.60,26.32,0.2000,5.00,746.0,84.0
8274,158.7,6.30,26.34,0.1659,6.03,746.0,84.0
8281,142.9,7.00,26.36,0.1845,5.42,746.0,84.0
8288,144.9,6.90,26.38,0.1820,5.49,746.0,84.0
8295,144.9,6.90,26.40,0.1822,5.49,746.0,84.0
8302,144.9,6.90,26.42,0.1823,5.48,746.0,84.0
8309,142.9,7.00,26.44,0.1851,5.40,746.0,84.0
8316,142.9,7.00,26.46,0.1852,5.40,746.0,84.0
8323,144.9,6.90,26.48,0.1827,5.47,746.0,84.0
8330,142.9,7.00,26.50,0.1855,5.39,746.0,84.0
8337,144.9,6.90,26.52,0.1830,5.46,746.0,84.0
8343,144.9,6.90,26.54,0.1831,5.46,746.0,84.0
8350,142.9,7.00,26.56,0.1859,5.38,746.0,84.0
8357,142.9,7.00,26.58,0.1861,5.38,746.0,84.0
8364,147.1,6.80,26.60,0.1809,5.53,746.0,84.0
8371,142.9,7.00,26.62,0.1863,5.37,746.0,84.0
8378,142.9,7.00,26.62,0.1863,5.37,746.0,84.0
8385,144.9,6.90,26.62,0.1837,5.44,746.0,84.0
8392,144.9,6.90,26.62,0.1837,5.44,746.0,84.0
8399,142.9,7.00,26.62,0.1863,5.37,746.0,84.0
8406,144.9,6.90,26.62,0.1837,5.44,746.0,84.0
8413,144.9,6.90,26.62,0.1837,5.44,746.0,84.0
8420,142.9,7.00,26.62,0.1863,5.37,746.0,84.0
8427,144.9,6.90,26.62,0.1837,5.44,746.0,84.0
8434,142.9,7.00,26.62,0.1863,5.37,746.0,84.0
8441,142.9,7.00,26.62,0.1863,5.37,746.0,84.0
8448,144.9,6.90,26.62,0.1837,5.44,746.0,84.0
8457,104.2,9.60,26.62,0.2556,3.91,746.0,84.0
8464,153.8,6.50,26.62,0.1730,5.78,746.0,84.0
8471,140.8,7.10,26.62,0.1890,5.29,746.0,84.0
8477,163.9,6.10,26.62,0.1624,6.16,746.0,84.0
8483,172.4,5.80,26.62,0.1544,6.48,746.0,84.0
8489,149.3,6.70,26.62,0.1784,5.61,746.0,84.0
8496,147.1,6.80,26.62,0.1810,5.53,746.0,84.0
8503,144.9,6.90,26.62,0.1837,5.44,746.0,84.0
8510,142.9,7.00,26.62,0.1863,5.37,746.0,84.0
8517,142.9,7.00,26.62,0.1863,5.37,746.0,84.0
8524,144.9,6.90,26.62,0.1837,5.44,746.0,84.0
8531,144.9,6.90,26.62,0.1837,5.44,746.0,84.0
8538,142.9,7.00,26.62,0.1863,5.37,746.0,84.0
8545,142.9,7.00,26.62,0.1863,5.37,746.0,84.0
8552,144.9,6.90,26.62,0.1837,5.44,746.0,84.0
8559,144.9,6.90,26.62,0.1837,5.44,746.0,84.0
8566,142.9,7.00,26.62,0.1863,5.37,746.0,84.0
8573,142.9,7.00,26.62,0.1863,5.37,746.0,84.0
8580,147.1,6.80,26.62,0.1810,5.53,746.0,84.0
8587,142.9,7.00,26.62,0.1863,5.37,746.0,84.0
8594,142.9,7.00,26.62,0.1863,5.37,746.0,84.0
8602,117.6,8.50,26.62,0.2263,4.42,746.0,84.0
8609,138.9,7.20,26.62,0.1917,5.22,746.0,84.0
8616,138.9,7.20,26.62,0.1917,5.22,746.0,84.0
8622,192.3,5.20,26.62,0.1384,7.22,746.0,84.0
8628,151.5,6.60,26.62,0.1757,5.69,746.0,84.0
8635,144.9,6.90,26.62,0.1837,5.44,746.0,84.0
8642,144.9,6.90,26.62,0.1837,5.44,746.0,84.0
8649,144.9,6.90,26.62,0.1837,5.44,746.0,84.0
8656,142.9,7.00,26.62,0.1863,5.37,746.0,84.0
8663,142.9,7.00,26.62,0.1863,5.37,746.0,84.0
8670,144.9,6.90,26.62,0.1837,5.44,746.0,84.0
8677,144.9,6.90,26.62,0.1837,5.44,746.0,84.0
8684,142.9,7.00,26.62,0.1863,5.37,746.0,84.0
8691,144.9,6.90,26.62,0.1837,5.44,746.0,84.0
8698,142.9,7.00,26.62,0.1863,5.37,746.0,84.0
8705,144.9,6.90,26.61,0.1836,5.45,746.0,84.0
8711,144.9,6.90,26.60,0.1836,5.45,746.0,84.0
8718,142.9,7.00,26.59,0.1862,5.37,746.0,84.0
8725,144.9,6.90,26.59,0.1834,5.45,746.0,84.0
8732,140.8,7.10,26.58,0.1887,5.30,746.0,84.0
8739,144.9,6.90,26.57,0.1833,5.45,746.0,84.0
8746,144.9,6.90,26.56,0.1833,5.46,746.0,84.0
8753,144.9,6.90,26.55,0.1832,5.46,746.0,84.0
8760,142.9,7.00,26.54,0.1858,5.38,746.0,84.0
8767,142.9,7.00,26.54,0.1858,5.39,746.0,84.0
8774,144.9,6.90,26.53,0.1830,5.46,746.0,84.0
8781,144.9,6.90,26.52,0.1830,5.46,746.0,84.0
8788,144.9,6.90,26.51,0.1829,5.47,746.0,84.0
8795,142.9,7.00,26.50,0.1855,5.39,746.0,84.0
8802,144.9,6.90,26.49,0.1828,5.47,746.0,84.0
8809,144.9,6.90,26.49,0.1828,5.47,746.0,84.0
8816,142.9,7.00,26.49,0.1854,5.39,746.0,84.0
8823,144.9,6.90,26.49,0.1828,5.47,746.0,84.0
8830,142.9,7.00,26.49,0.1854,5.39,746.0,84.0
8837,142.9,7.00,26.49,0.1854,5.39,746.0,84.0
8844,142.9,7.00,26.49,0.1854,5.39,746.0,84.0
8850,147.1,6.80,26.49,0.1801,5.55,746.0,84.0
8857,142.9,7.00,26.49,0.1854,5.39,746.0,84.0
8864,144.9,6.90,26.49,0.1828,5.47,746.0,84.0
8871,142.9,7.00,26.49,0.1854,5.39,746.0,84.0
8879,128.2,7.80,26.49,0.2066,4.84,746.0,84.0
8885,166.7,6.00,26.49,0.1589,6.29,746.0,84.0
8892,142.9,7.00,26.49,0.1854,5.39,746.0,84.0
8899,142.9,7.00,26.49,0.1854,5.39,746.0,84.0
8906,144.9,6.90,26.49,0.1828,5.47,746.0,84.0
8913,142.9,7.00,26.49,0.1854,5.39,746.0,84.0
8920,142.9,7.00,26.49,0.1854,5.39,746.0,84.0
8928,126.6,7.90,26.49,0.2093,4.78,746.0,84.0
8936,129.9,7.70,26.49,0.2040,4.90,746.0,84.0
8944,119.0,8.40,26.49,0.2225,4.49,746.0,84.0
8953,116.3,8.60,26.49,0.2278,4.39,746.0,84.0
8961,116.3,8.60,26.49,0.2278,4.39,746.0,84.0
8969,131.6,7.60,26.49,0.2013,4.97,746.0,84.0
8976,147.1,6.80,26.49,0.1801,5.55,746.0,84.0
8983,142.9,7.00,26.49,0.1854,5.39,746.0,84.0
8990,142.9,7.00,26.49,0.1854,5.39,746.0,84.0
8997,133.3,7.50,26.49,0.1987,5.03,746.0,84.0
9005,120.5,8.30,26.49,0.2199,4.55,746.0,84.0
9014,111.1,9.00,26.49,0.2384,4.19,746.0,84.0
9024,107.5,9.30,26.49,0.2464,4.06,746.0,84.0
9032,114.9,8.70,26.49,0.2305,4.34,746.0,84.0
9040,133.3,7.50,26.49,0.1987,5.03,746.0,84.0
9047,137.0,7.30,26.49,0.1934,5.17,746.0,84.0
9054,140.8,7.10,26.49,0.1881,5.32,746.0,84.0
9060,161.3,6.20,26.49,0.1642,6.09,746.0,84.0
9066,166.7,6.00,26.49,0.1589,6.29,746.0,84.0
9073,161.3,6.20,26.49,0.1642,6.09,746.0,84.0
9079,147.1,6.80,26.49,0.1801,5.55,746.0,84.0
9086,142.9,7.00,26.49,0.1854,5.39,746.0,84.0
9093,142.9,7.00,26.49,0.1854,5.39,746.0,84.0
9100,144.9,6.90,26.49,0.1828,5.47,746.0,84.0
9107,142.9,7.00,26.49,0.1854,5.39,746.0,84.0
9114,144.9,6.90,26.49,0.1828,5.47,746.0,84.0
9121,142.9,7.00,26.49,0.1854,5.39,746.0,84.0
9128,142.9,7.00,26.49,0.1854,5.39,746.0,84.0
9135,147.1,6.80,26.49,0.1801,5.55,746.0,84.0
9142,140.8,7.10,26.49,0.1881,5.32,746.0,84.0
9149,149.3,6.70,26.49,0.1775,5.64,746.0,84.0
9156,142.9,7.00,26.49,0.1854,5.39,746.0,84.0
9163,142.9,7.00,26.49,0.1854,5.39,746.0,84.0
9170,144.9,6.90,26.49,0.1828,5.47,746.0,84.0
9177,142.9,7.00,26.49,0.1854,5.39,746.0,84.0
9184,144.9,6.90,26.49,0.1828,5.47,746.0,84.0
9191,144.9,6.90,26.49,0.1828,5.47,746.0,84.0
9198,142.9,7.00,26.49,0.1854,5.39,746.0,84.0
9205,142.9,7.00,26.49,0.1854,5.39,746.0,84.0
9211,144.9,6.90,26.49,0.1828,5.47,746.0,84.0
9218,142.9,7.00,26.49,0.1854,5.39,746.0,84.0
9225,144.9,6.90,26.49,0.1828,5.47,746.0,84.0
9232,140.8,7.10,26.49,0.1881,5.32,746.0,84.0
9239,144.9,6.90,26.49,0.1828,5.47,746.0,84.0
9246,144.9,6.90,26.49,0.1828,5.47,746.0,84.0
9253,142.9,7.00,26.48,0.1853,5.40,746.0,84.0
9260,147.1,6.80,26.46,0.1799,5.56,746.0,84.0
9267,138.9,7.20,26.45,0.1904,5.25,746.0,84.0
9274,144.9,6.90,26.44,0.1824,5.48,746.0,84.0
9281,147.1,6.80,26.42,0.1797,5.57,746.0,84.0
9288,142.9,7.00,26.41,0.1849,5.41,746.0,84.0
9295,144.9,6.90,26.40,0.1821,5.49,746.0,84.0
9302,142.9,7.00,26.38,0.1847,5.42,746.0,84.0
9309,147.1,6.80,26.37,0.1793,5.58,746.0,84.0
9316,138.9,7.20,26.36,0.1898,5.27,746.0,84.0
9323,147.1,6.80,26.34,0.1791,5.58,746.0,84.0
9330,142.9,7.00,26.33,0.1843,5.43,746.0,84.0
9336,147.1,6.80,26.32,0.1790,5.59,746.0,84.0
9343,142.9,7.00,26.30,0.1841,5.43,746.0,84.0
9350,147.1,6.80,26.29,0.1788,5.60,746.0,84.0
9357,138.9,7.20,26.28,0.1892,5.29,746.0,84.0
9364,147.1,6.80,26.28,0.1787,5.60,746.0,84.0
9371,142.9,7.00,26.28,0.1840,5.44,746.0,84.0
9378,144.9,6.90,26.28,0.1813,5.51,746.0,84.0
9385,142.9,7.00,26.28,0.1840,5.44,746.0,84.0
9392,147.1,6.80,26.28,0.1787,5.60,746.0,84.0
9399,144.9,6.90,26.28,0.1813,5.51,746.0,84.0
9406,140.8,7.10,26.28,0.1866,5.36,746.0,84.0
9414,128.2,7.80,26.28,0.2050,4.88,746.0,84.0
9420,163.9,6.10,26.28,0.1603,6.24,746.0,84.0
9427,144.9,6.90,26.28,0.1813,5.51,746.0,84.0
9434,144.9,6.90,26.28,0.1813,5.51,746.0,84.0
9441,140.8,7.10,26.28,0.1866,5.36,746.0,84.0
9447,149.3,6.70,26.28,0.1761,5.68,746.0,84.0
9455,137.0,7.30,26.28,0.1918,5.21,746.0,84.0
9462,147.1,6.80,26.28,0.1787,5.60,746.0,84.0
9468,147.1,6.80,26.28,0.1787,5.60,746.0,84.0
9475,142.9,7.00,26.28,0.1840,5.44,746.0,84.0
9482,140.8,7.10,26.28,0.1866,5.36,746.0,84.0
9489,147.1,6.80,26.28,0.1787,5.60,746.0,84.0
9496,144.9,6.90,26.28,0.1813,5.51,746.0,84.0
9503,140.8,7.10,26.28,0.1866,5.36,746.0,84.0
9510,147.1,6.80,26.28,0.1787,5.60,746.0,84.0
9517,142.9,7.00,26.28,0.1840,5.44,746.0,84.0
9524,144.9,6.90,26.28,0.1813,5.51,746.0,84.0
9531,142.9,7.00,26.28,0.1840,5.44,746.0,84.0
9538,142.9,7.00,26.28,0.1840,5.44,746.0,84.0
9545,144.9,6.90,26.28,0.1813,5.51,746.0,84.0
9552,142.9,7.00,26.28,0.1840,5.44,746.0,84.0
9559,147.1,6.80,26.28,0.1787,5.60,746.0,84.0
9566,140.8,7.10,26.28,0.1866,5.36,746.0,84.0
9573,144.9,6.90,26.28,0.1813,5.51,746.0,84.0
9580,144.9,6.90,26.28,0.1813,5.51,746.0,84.0
9587,142.9,7.00,26.28,0.1840,5.44,746.0,84.0
9594,142.9,7.00,26.28,0.1840,5.44,746.0,84.0
9600,144.9,6.90,26.28,0.1813,5.51,746.0,84.0
9607,144.9,6.90,26.28,0.1813,5.51,746.0,84.0
9614,142.9,7.00,26.28,0.1840,5.44,746.0,84.0
9621,144.9,6.90,26.28,0.1813,5.51,746.0,84.0
9628,144.9,6.90,26.28,0.1813,5.51,746.0,84.0
9635,142.9,7.00,26.28,0.1840,5.44,746.0,84.0
9642,142.9,7.00,26.28,0.1840,5.44,746.0,84.0
9649,147.1,6.80,26.28,0.1787,5.60,746.0,84.0
9656,144.9,6.90,26.28,0.1813,5.51,746.0,84.0
9663,131.6,7.60,26.28,0.1997,5.01,746.0,84.0
9670,153.8,6.50,26.28,0.1708,5.85,746.0,84.0
9677,144.9,6.90,26.28,0.1813,5.51,746.0,84.0
9684,144.9,6.90,26.28,0.1813,5.51,746.0,84.0
9691,144.9,6.90,26.27,0.1813,5.52,746.0,84.0
9698,144.9,6.90,26.26,0.1812,5.52,746.0,84.0
9705,140.8,7.10,26.24,0.1863,5.37,746.0,84.0
9712,144.9,6.90,26.23,0.1810,5.52,746.0,84.0
9718,144.9,6.90,26.21,0.1809,5.53,746.0,84.0
9725,147.1,6.80,26.20,0.1782,5.61,746.0,84.0
9732,140.8,7.10,26.18,0.1859,5.38,746.0,84.0
9739,142.9,7.00,26.17,0.1832,5.46,746.0,84.0
9746,147.1,6.80,26.15,0.1778,5.62,746.0,84.0
9753,142.9,7.00,26.14,0.1830,5.47,746.0,84.0
9760,144.9,6.90,26.12,0.1802,5.55,746.0,84.0
9767,142.9,7.00,26.11,0.1828,5.47,746.0,84.0
9774,144.9,6.90,26.09,0.1800,5.55,746.0,84.0
9781,142.9,7.00,26.08,0.1825,5.48,746.0,84.0
9788,142.9,7.00,26.06,0.1824,5.48,746.0,84.0
9795,142.9,7.00,26.05,0.1823,5.49,746.0,84.0
9802,144.9,6.90,26.04,0.1797,5.56,746.0,84.0
9809,144.9,6.90,26.04,0.1797,5.56,746.0,84.0
9816,142.9,7.00,26.04,0.1823,5.49,746.0,84.0
9823,144.9,6.90,26.04,0.1797,5.56,746.0,84.0
9829,147.1,6.80,26.04,0.1771,5.65,746.0,84.0
9837,140.8,7.10,26.04,0.1849,5.41,746.0,84.0
9844,142.9,7.00,26.04,0.1823,5.49,746.0,84.0
9850,144.9,6.90,26.04,0.1797,5.56,746.0,84.0
9857,144.9,6.90,26.04,0.1797,5.56,746.0,84.0
9864,144.9,6.90,26.04,0.1797,5.56,746.0,84.0
9871,142.9,7.00,26.04,0.1823,5.49,746.0,84.0
9878,144.9,6.90,26.04,0.1797,5.56,746.0,84.0
9885,140.8,7.10,26.04,0.1849,5.41,746.0,84.0
9892,147.1,6.80,26.04,0.1771,5.65,746.0,84.0
9899,142.9,7.00,26.04,0.1823,5.49,746.0,84.0
9906,142.9,7.00,26.04,0.1823,5.49,746.0,84.0
9913,144.9,6.90,26.04,0.1797,5.56,746.0,84.0
9920,144.9,6.90,26.04,0.1797,5.56,746.0,84.0
9927,142.9,7.00,26.04,0.1823,5.49,746.0,84.0
9934,147.1,6.80,26.04,0.1771,5.65,746.0,84.0
9941,138.9,7.20,26.04,0.1875,5.33,746.0,84.0
9948,144.9,6.90,26.04,0.1797,5.56,746.0,84.0
9955,147.1,6.80,26.04,0.1771,5.65,746.0,84.0
9962,142.9,7.00,26.04,0.1823,5.49,746.0,84.0
9968,144.9,6.90,26.04,0.1797,5.56,746.0,84.0
9975,144.9,6.90,26.04,0.1797,5.56,746.0,84.0
9982,142.9,7.00,26.04,0.1823,5.49,746.0,84.0
9989,142.9,7.00,26.04,0.1823,5.49,746.0,84.0
9996,144.9,6.90,26.04,0.1797,5.56,746.0,84.0
10003,147.1,6.80,26.04,0.1771,5.65,746.0,84.0
10010,138.9,7.20,26.04,0.1875,5.33,746.0,84.0
10017,149.3,6.70,26.04,0.1745,5.73,746.0,84.0
10024,140.8,7.10,26.04,0.1849,5.41,746.0,84.0
10031,147.1,6.80,26.04,0.1771,5.65,746.0,84.0
10039,126.6,7.90,26.04,0.2057,4.86,746.0,84.0
10047,120.5,8.30,26.04,0.2161,4.63,746.0,84.0
10055,129.9,7.70,26.04,0.2005,4.99,746.0,84.0
10063,120.5,8.30,26.04,0.2161,4.63,746.0,84.0
10071,131.6,7.60,26.04,0.1979,5.05,746.0,84.0
10078,140.8,7.10,26.04,0.1849,5.41,746.0,84.0
10085,135.1,7.40,26.04,0.1927,5.19,746.0,84.0
10092,151.5,6.60,26.04,0.1719,5.82,746.0,84.0
10098,166.7,6.00,26.04,0.1562,6.40,746.0,84.0
10104,158.7,6.30,26.04,0.1641,6.09,746.0,84.0
10110,169.5,5.90,26.04,0.1536,6.51,746.0,84.0
10116,178.6,5.60,26.04,0.1458,6.86,746.0,84.0
10121,178.6,5.60,26.04,0.1458,6.86,746.0,84.0
10128,142.9,7.00,26.04,0.1823,5.49,746.0,84.0
10135,142.9,7.00,26.04,0.1823,5.49,746.0,84.0
10142,144.9,6.90,26.04,0.1797,5.56,746.0,84.0
10149,144.9,6.90,26.04,0.1797,5.56,746.0,84.0
10156,142.9,7.00,26.04,0.1823,5.49,746.0,84.0
10163,144.9,6.90,26.04,0.1797,5.56,746.0,84.0
10170,142.9,7.00,26.04,0.1823,5.49,746.0,84.0
10177,144.9,6.90,26.04,0.1797,5.56,746.0,84.0
10184,144.9,6.90,26.04,0.1797,5.56,746.0,84.0
10191,140.8,7.10,26.04,0.1849,5.41,746.0,84.0
10197,149.3,6.70,26.04,0.1745,5.73,746.0,84.0
10205,135.1,7.40,26.04,0.1927,5.19,746.0,84.0
10212,149.3,6.70,26.04,0.1745,5.73,746.0,84.0
10218,144.9,6.90,26.04,0.1797,5.56,746.0,84.0
10225,142.9,7.00,26.04,0.1823,5.49,746.0,84.0
10232,144.9,6.90,26.04,0.1797,5.56,746.0,84.0
10239,142.9,7.00,26.04,0.1823,5.49,746.0,84.0
10246,144.9,6.90,26.03,0.1796,5.57,746.0,84.0
10253,144.9,6.90,26.02,0.1796,5.57,746.0,84.0
10260,142.9,7.00,26.01,0.1821,5.49,746.0,84.0
10267,144.9,6.90,26.00,0.1794,5.57,746.0,84.0
10274,144.9,6.90,25.99,0.1794,5.57,746.0,84.0
10281,140.8,7.10,25.99,0.1845,5.42,746.0,84.0
10288,144.9,6.90,25.98,0.1792,5.58,746.0,84.0
10295,147.1,6.80,25.97,0.1766,5.66,746.0,84.0
10302,142.9,7.00,25.96,0.1817,5.50,746.0,84.0
10309,144.9,6.90,25.95,0.1790,5.58,746.0,84.0
10316,142.9,7.00,25.94,0.1816,5.51,746.0,84.0
10323,142.9,7.00,25.93,0.1815,5.51,746.0,84.0
10330,142.9,7.00,25.92,0.1815,5.51,746.0,84.0
10337,144.9,6.90,25.91,0.1788,5.59,746.0,84.0
10343,144.9,6.90,25.91,0.1787,5.59,746.0,84.0
10350,142.9,7.00,25.90,0.1813,5.52,746.0,84.0
10357,144.9,6.90,25.90,0.1787,5.59,746.0,84.0
10364,144.9,6.90,25.90,0.1787,5.59,746.0,84.0
10371,144.9,6.90,25.90,0.1787,5.59,746.0,84.0
10378,142.9,7.00,25.90,0.1813,5.52,746.0,84.0
10385,140.8,7.10,25.90,0.1839,5.44,746.0,84.0
10392,144.9,6.90,25.90,0.1787,5.59,746.0,84.0
10399,144.9,6.90,25.90,0.1787,5.59,746.0,84.0
10406,142.9,7.00,25.90,0.1813,5.52,746.0,84.0
10413,144.9,6.90,25.90,0.1787,5.59,746.0,84.0
10420,144.9,6.90,25.90,0.1787,5.59,746.0,84.0
10427,142.9,7.00,25.90,0.1813,5.52,746.0,84.0
10434,142.9,7.00,25.90,0.1813,5.52,746.0,84.0
10441,144.9,6.90,25.90,0.1787,5.59,746.0,84.0
10448,142.9,7.00,25.90,0.1813,5.52,746.0,84.0
10456,119.0,8.40,25.90,0.2176,4.59,746.0,84.0
10464,123.5,8.10,25.90,0.2098,4.77,746.0,84.0
10471,142.9,7.00,25.90,0.1813,5.52,746.0,84.0
10478,149.3,6.70,25.90,0.1735,5.76,746.0,84.0
10485,140.8,7.10,25.90,0.1839,5.44,746.0,84.0
10492,142.9,7.00,25.90,0.1813,5.52,746.0,84.0
10500,125.0,8.00,25.90,0.2072,4.83,746.0,84.0
10508,125.0,8.00,25.90,0.2072,4.83,746.0,84.0
10516,126.6,7.90,25.90,0.2046,4.89,746.0,84.0
10523,135.1,7.40,25.90,0.1917,5.22,746.0,84.0
10531,129.9,7.70,25.90,0.1994,5.02,746.0,84.0
10539,128.2,7.80,25.90,0.2020,4.95,746.0,84.0
10546,142.9,7.00,25.90,0.1813,5.52,746.0,84.0
10553,144.9,6.90,25.90,0.1787,5.59,746.0,84.0
10560,147.1,6.80,25.90,0.1761,5.68,746.0,84.0
10566,156.2,6.40,25.90,0.1658,6.03,746.0,84.0
10572,153.8,6.50,25.90,0.1683,5.94,746.0,84.0
10579,142.9,7.00,25.90,0.1813,5.52,746.0,84.0
10586,142.9,7.00,25.90,0.1813,5.52,746.0,84.0
10593,142.9,7.00,25.90,0.1813,5.52,746.0,84.0
10601,140.8,7.10,25.90,0.1839,5.44,746.0,84.0
10610,111.1,9.00,25.90,0.2331,4.29,746.0,84.0
10617,142.9,7.00,25.90,0.1813,5.52,746.0,84.0
10625,119.0,8.40,25.90,0.2176,4.59,746.0,84.0
10633,131.6,7.60,25.90,0.1968,5.08,746.0,84.0
10640,140.8,7.10,25.90,0.1839,5.44,746.0,84.0
10647,129.9,7.70,25.90,0.1994,5.02,746.0,84.0
10655,129.9,7.70,25.90,0.1994,5.02,746.0,84.0
10662,149.3,6.70,25.90,0.1735,5.76,746.0,84.0
10668,149.3,6.70,25.90,0.1735,5.76,746.0,84.0
10675,163.9,6.10,25.90,0.1580,6.33,746.0,84.0
10681,149.3,6.70,25.89,0.1735,5.77,746.0,84.0
10689,129.9,7.70,25.88,0.1993,5.02,746.0,84.0
10697,131.6,7.60,25.86,0.1966,5.09,746.0,84.0
10704,138.9,7.20,25.85,0.1861,5.37,746.0,84.0
10711,140.8,7.10,25.84,0.1834,5.45,746.0,84.0
10718,142.9,7.00,25.82,0.1808,5.53,746.0,84.0
10724,156.2,6.40,25.81,0.1652,6.05,746.0,84.0
10731,153.8,6.50,25.80,0.1677,5.96,746.0,84.0
10737,156.2,6.40,25.78,0.1650,6.06,746.0,84.0
10743,163.9,6.10,25.77,0.1572,6.36,746.0,84.0
10750,156.2,6.40,25.76,0.1649,6.06,746.0,84.0
10756,149.3,6.70,25.75,0.1725,5.80,746.0,84.0
10763,156.2,6.40,25.73,0.1647,6.07,746.0,84.0
10769,158.7,6.30,25.72,0.1620,6.17,746.0,84.0
10777,133.3,7.50,25.71,0.1928,5.19,746.0,84.0
10784,135.1,7.40,25.69,0.1901,5.26,746.0,84.0
10790,153.8,6.50,25.68,0.1669,5.99,746.0,84.0
10798,137.0,7.30,25.68,0.1875,5.33,746.0,84.0
10805,147.1,6.80,25.68,0.1746,5.73,746.0,84.0
10811,149.3,6.70,25.68,0.1721,5.81,746.0,84.0
10818,147.1,6.80,25.68,0.1746,5.73,746.0,84.0
10825,142.9,7.00,25.68,0.1798,5.56,746.0,84.0
10832,135.1,7.40,25.68,0.1900,5.26,746.0,84.0
10839,151.5,6.60,25.68,0.1695,5.90,746.0,84.0
10845,169.5,5.90,25.68,0.1515,6.60,746.0,84.0
10851,175.4,5.70,25.68,0.1464,6.83,746.0,84.0
10858,133.3,7.50,25.68,0.1926,5.19,746.0,84.0
10868,97.1,10.30,25.68,0.2645,3.78,746.0,84.0
10882,74.6,13.40,25.68,0.3441,2.90,746.0,84.0
10887,178.6,5.60,25.68,0.1438,6.95,746.0,84.0
10894,163.9,6.10,25.68,0.1566,6.38,746.0,84.0
10900,163.9,6.10,25.68,0.1566,6.38,746.0,84.0
10909,108.7,9.20,25.68,0.2363,4.23,746.0,84.0
10915,151.5,6.60,25.68,0.1695,5.90,746.0,84.0
10921,188.7,5.30,25.68,0.1361,7.35,746.0,84.0
10927,161.3,6.20,25.68,0.1592,6.28,746.0,84.0
10934,149.3,6.70,25.68,0.1721,5.81,746.0,84.0
10941,140.8,7.10,25.68,0.1823,5.48,746.0,84.0
10949,128.2,7.80,25.68,0.2003,4.99,746.0,84.0
10957,117.6,8.50,25.68,0.2183,4.58,746.0,84.0
10965,126.6,7.90,25.68,0.2029,4.93,746.0,84.0
10973,125.0,8.00,25.68,0.2054,4.87,746.0,84.0
10981,120.5,8.30,25.68,0.2131,4.69,746.0,84.0
10989,131.6,7.60,25.68,0.1952,5.12,746.0,84.0
10995,153.8,6.50,25.68,0.1669,5.99,746.0,84.0
11003,135.1,7.40,25.68,0.1900,5.26,746.0,84.0
11010,137.0,7.30,25.68,0.1875,5.33,746.0,84.0
11017,138.9,7.20,25.68,0.1849,5.41,746.0,84.0
11024,140.8,7.10,25.68,0.1823,5.48,746.0,84.0
11032,137.0,7.30,25.68,0.1875,5.33,746.0,84.0
11039,128.2,7.80,25.68,0.2003,4.99,746.0,84.0
11048,117.6,8.50,25.68,0.2183,4.58,746.0,84.0
11056,126.6,7.90,25.68,0.2029,4.93,746.0,84.0
11062,156.2,6.40,25.68,0.1644,6.08,746.0,84.0
11068,166.7,6.00,25.68,0.1541,6.49,746.0,84.0
11074,163.9,6.10,25.68,0.1566,6.38,746.0,84.0
11080,178.6,5.60,25.68,0.1438,6.95,746.0,84.0
11086,153.8,6.50,25.68,0.1669,5.99,746.0,84.0
11093,144.9,6.90,25.68,0.1772,5.64,746.0,84.0
11100,142.9,7.00,25.68,0.1798,5.56,746.0,84.0
11107,144.9,6.90,25.68,0.1772,5.64,746.0,84.0
11114,144.9,6.90,25.68,0.1772,5.64,746.0,84.0
11121,140.8,7.10,25.68,0.1823,5.48,746.0,84.0
11128,144.9,6.90,25.68,0.1772,5.64,746.0,84.0
11135,144.9,6.90,25.68,0.1772,5.64,746.0,84.0
11142,142.9,7.00,25.68,0.1798,5.56,746.0,84.0
11149,144.9,6.90,25.68,0.1772,5.64,746.0,84.0
11156,142.9,7.00,25.68,0.1798,5.56,746.0,84.0
11163,144.9,6.90,25.68,0.1772,5.64,746.0,84.0
11170,144.9,6.90,25.68,0.1772,5.64,746.0,84.0
11177,142.9,7.00,25.68,0.1798,5.56,746.0,84.0
11184,142.9,7.00,25.68,0.1798,5.56,746.0,84.0
11191,144.9,6.90,25.68,0.1772,5.64,746.0,84.0
11198,144.9,6.90,25.68,0.1772,5.64,746.0,84.0
11205,140.8,7.10,25.68,0.1823,5.48,746.0,84.0
11212,144.9,6.90,25.68,0.1772,5.64,746.0,84.0
11218,144.9,6.90,25.68,0.1772,5.64,746.0,84.0
11225,144.9,6.90,25.68,0.1772,5.64,746.0,84.0
11232,142.9,7.00,25.67,0.1797,5.57,746.0,84.0
11239,144.9,6.90,25.65,0.1770,5.65,746.0,84.0
11246,144.9,6.90,25.64,0.1769,5.65,746.0,84.0
11253,144.9,6.90,25.62,0.1768,5.66,746.0,84.0
11260,144.9,6.90,25.61,0.1767,5.66,746.0,84.0
11267,144.9,6.90,25.59,0.1766,5.66,746.0,84.0
11274,142.9,7.00,25.57,0.1790,5.59,746.0,84.0
11281,144.9,6.90,25.56,0.1763,5.67,746.0,84.0
11288,142.9,7.00,25.54,0.1788,5.60,746.0,84.0
11295,142.9,7.00,25.52,0.1787,5.60,746.0,84.0
11302,142.9,7.00,25.51,0.1785,5.60,746.0,84.0
11309,144.9,6.90,25.49,0.1759,5.68,746.0,84.0
11316,144.9,6.90,25.47,0.1758,5.69,746.0,84.0
11323,142.9,7.00,25.46,0.1782,5.61,746.0,84.0
11330,142.9,7.00,25.44,0.1781,5.62,746.0,84.0
11336,147.1,6.80,25.43,0.1729,5.78,746.0,84.0
11343,142.9,7.00,25.43,0.1780,5.62,746.0,84.0
11350,144.9,6.90,25.43,0.1755,5.70,746.0,84.0
11357,142.9,7.00,25.43,0.1780,5.62,746.0,84.0
11364,144.9,6.90,25.43,0.1755,5.70,746.0,84.0
11371,142.9,7.00,25.43,0.1780,5.62,746.0,84.0
11378,144.9,6.90,25.43,0.1755,5.70,746.0,84.0
11385,144.9,6.90,25.43,0.1755,5.70,746.0,84.0
11392,142.9,7.00,25.43,0.1780,5.62,746.0,84.0
11399,142.9,7.00,25.43,0.1780,5.62,746.0,84.0
11406,147.1,6.80,25.43,0.1729,5.78,746.0,84.0
11413,142.9,7.00,25.43,0.1780,5.62,746.0,84.0
11420,144.9,6.90,25.43,0.1755,5.70,746.0,84.0
11427,142.9,7.00,25.43,0.1780,5.62,746.0,84.0
11434,144.9,6.90,25.43,0.1755,5.70,746.0,84.0
11441,142.9,7.00,25.43,0.1780,5.62,746.0,84.0
11448,144.9,6.90,25.43,0.1755,5.70,746.0,84.0
11455,142.9,7.00,25.43,0.1780,5.62,746.0,84.0
11462,142.9,7.00,25.43,0.1780,5.62,746.0,84.0
11468,144.9,6.90,25.43,0.1755,5.70,746.0,84.0
11475,144.9,6.90,25.43,0.1755,5.70,746.0,84.0
11482,144.9,6.90,25.43,0.1755,5.70,746.0,84.0
11489,142.9,7.00,25.43,0.1780,5.62,746.0,84.0
11496,144.9,6.90,25.43,0.1755,5.70,746.0,84.0
11503,142.9,7.00,25.43,0.1780,5.62,746.0,84.0
11510,144.9,6.90,25.43,0.1755,5.70,746.0,84.0
11517,142.9,7.00,25.43,0.1780,5.62,746.0,84.0
11524,142.9,7.00,25.43,0.1780,5.62,746.0,84.0
11531,144.9,6.90,25.43,0.1755,5.70,746.0,84.0
11538,144.9,6.90,25.43,0.1755,5.70,746.0,84.0
11545,142.9,7.00,25.43,0.1780,5.62,746.0,84.0
11552,144.9,6.90,25.43,0.1755,5.70,746.0,84.0
11559,142.9,7.00,25.43,0.1780,5.62,746.0,84.0
11566,144.9,6.90,25.43,0.1755,5.70,746.0,84.0
11573,142.9,7.00,25.43,0.1780,5.62,746.0,84.0
11580,144.9,6.90,25.43,0.1755,5.70,746.0,84.0
11587,142.9,7.00,25.43,0.1780,5.62,746.0,84.0
11593,144.9,6.90,25.43,0.1755,5.70,746.0,84.0
11600,142.9,7.00,25.43,0.1780,5.62,746.0,84.0
11607,147.1,6.80,25.43,0.1729,5.78,746.0,84.0
11614,142.9,7.00,25.43,0.1780,5.62,746.0,84.0
11621,142.9,7.00,25.43,0.1780,5.62,746.0,84.0
11628,144.9,6.90,25.43,0.1755,5.70,746.0,84.0
11635,142.9,7.00,25.43,0.1780,5.62,746.0,84.0
11642,144.9,6.90,25.43,0.1755,5.70,746.0,84.0
11649,142.9,7.00,25.43,0.1780,5.62,746.0,84.0
11656,144.9,6.90,25.43,0.1755,5.70,746.0,84.0
11663,142.9,7.00,25.43,0.1780,5.62,746.0,84.0
11670,147.1,6.80,25.43,0.1729,5.78,746.0,84.0
11677,144.9,6.90,25.43,0.1755,5.70,746.0,84.0
11684,142.9,7.00,25.43,0.1780,5.62,746.0,84.0
11691,142.9,7.00,25.43,0.1780,5.62,746.0,84.0
11698,144.9,6.90,25.43,0.1755,5.70,746.0,84.0
11705,142.9,7.00,25.43,0.1780,5.62,746.0,84.0
11712,142.9,7.00,25.43,0.1780,5.62,746.0,84.0
11718,144.9,6.90,25.43,0.1755,5.70,746.0,84.0
11725,144.9,6.90,25.43,0.1755,5.70,746.0,84.0
11732,144.9,6.90,25.43,0.1755,5.70,746.0,84.0
11739,142.9,7.00,25.43,0.1780,5.62,746.0,84.0
11746,142.9,7.00,25.43,0.1780,5.62,746.0,84.0
11753,144.9,6.90,25.43,0.1755,5.70,746.0,84.0
11760,144.9,6.90,25.43,0.1755,5.70,746.0,84.0
11767,142.9,7.00,25.43,0.1780,5.62,746.0,84.0
11774,142.9,7.00,25.43,0.1780,5.62,746.0,84.0
11781,144.9,6.90,25.42,0.1754,5.70,746.0,84.0
11788,144.9,6.90,25.41,0.1753,5.70,746.0,84.0
11795,142.9,7.00,25.40,0.1778,5.63,746.0,84.0
11802,147.1,6.80,25.39,0.1727,5.79,746.0,84.0
11809,142.9,7.00,25.39,0.1777,5.63,746.0,84.0
11816,142.9,7.00,25.38,0.1776,5.63,746.0,84.0
11823,144.9,6.90,25.37,0.1751,5.71,746.0,84.0
11830,142.9,7.00,25.36,0.1775,5.63,746.0,84.0
11836,144.9,6.90,25.36,0.1750,5.71,746.0,84.0
11843,144.9,6.90,25.35,0.1749,5.72,746.0,84.0
11850,142.9,7.00,25.34,0.1774,5.64,746.0,84.0
11858,137.0,7.30,25.33,0.1849,5.41,746.0,84.0
11864,151.5,6.60,25.32,0.1671,5.98,746.0,84.0
11871,142.9,7.00,25.32,0.1772,5.64,746.0,84.0
11878,144.9,6.90,25.31,0.1746,5.73,746.0,84.0
11885,138.9,7.20,25.31,0.1822,5.49,746.0,84.0
11892,147.1,6.80,25.31,0.1721,5.81,746.0,84.0
11899,144.9,6.90,25.31,0.1746,5.73,746.0,84.0
11906,144.9,6.90,25.31,0.1746,5.73,746.0,84.0
11913,142.9,7.00,25.31,0.1772,5.65,746.0,84.0
11920,144.9,6.90,25.31,0.1746,5.73,746.0,84.0
11927,144.9,6.90,25.31,0.1746,5.73,746.0,84.0
11934,142.9,7.00,25.31,0.1772,5.65,746.0,84.0
11941,144.9,6.90,25.31,0.1746,5.73,746.0,84.0
11948,144.9,6.90,25.31,0.1746,5.73,746.0,84.0
11954,144.9,6.90,25.31,0.1746,5.73,746.0,84.0
11962,140.8,7.10,25.31,0.1797,5.56,746.0,84.0
11968,144.9,6.90,25.31,0.1746,5.73,746.0,84.0
11975,144.9,6.90,25.31,0.1746,5.73,746.0,84.0
11982,144.9,6.90,25.31,0.1746,5.73,746.0,84.0
11989,142.9,7.00,25.31,0.1772,5.65,746.0,84.0
11996,142.9,7.00,25.31,0.1772,5.65,746.0,84.0
12003,144.9,6.90,25.31,0.1746,5.73,746.0,84.0
12010,142.9,7.00,25.31,0.1772,5.65,746.0,84.0
12017,144.9,6.90,25.31,0.1746,5.73,746.0,84.0
12024,142.9,7.00,25.31,0.1772,5.65,746.0,84.0
12031,144.9,6.90,25.31,0.1746,5.73,746.0,84.0
12038,144.9,6.90,25.31,0.1746,5.73,746.0,84.0
12045,142.9,7.00,25.31,0.1772,5.65,746.0,84.0
12052,142.9,7.00,25.31,0.1772,5.65,746.0,84.0
12059,144.9,6.90,25.31,0.1746,5.73,746.0,84.0
12066,144.9,6.90,25.31,0.1746,5.73,746.0,84.0
12073,144.9,6.90,25.31,0.1746,5.73,746.0,84.0
12080,142.9,7.00,25.31,0.1772,5.65,746.0,84.0
12086,144.9,6.90,25.31,0.1746,5.73,746.0,84.0
12093,142.9,7.00,25.31,0.1772,5.65,746.0,84.0
12100,144.9,6.90,25.31,0.1746,5.73,746.0,84.0
12107,142.9,7.00,25.31,0.1772,5.65,746.0,84.0
12114,144.9,6.90,25.31,0.1746,5.73,746.0,84.0
12121,144.9,6.90,25.31,0.1746,5.73,746.0,84.0
12128,142.9,7.00,25.31,0.1772,5.65,746.0,84.0
12135,144.9,6.90,25.31,0.1746,5.73,746.0,84.0
12142,144.9,6.90,25.31,0.1746,5.73,746.0,84.0
12149,142.9,7.00,25.31,0.1772,5.65,746.0,84.0
12156,144.9,6.90,25.31,0.1746,5.73,746.0,84.0
12163,140.8,7.10,25.31,0.1797,5.56,746.0,84.0
12170,147.1,6.80,25.31,0.1721,5.81,746.0,84.0
12177,142.9,7.00,25.31,0.1772,5.65,746.0,84.0
12184,142.9,7.00,25.31,0.1772,5.65,746.0,84.0
12191,142.9,7.00,25.31,0.1772,5.65,746.0,84.0
12198,144.9,6.90,25.31,0.1746,5.73,746.0,84.0
12205,144.9,6.90,25.31,0.1746,5.73,746.0,84.0
12212,142.9,7.00,25.29,0.1770,5.65,746.0,84.1
12218,147.1,6.80,25.28,0.1719,5.82,746.0,84.1
12226,133.3,7.50,25.26,0.1894,5.28,746.0,84.2
12234,129.9,7.70,25.24,0.1943,5.15,746.0,84.3
12240,151.5,6.60,25.22,0.1665,6.01,746.0,84.3
12247,137.0,7.30,25.21,0.1840,5.43,746.0,84.4
12253,175.4,5.70,25.19,0.1436,6.96,746.0,84.4
12261,135.1,7.40,25.18,0.1863,5.37,746.0,84.5
12267,156.2,6.40,25.16,0.1610,6.21,746.0,84.6
12274,138.9,7.20,25.14,0.1810,5.52,746.0,84.6
12281,147.1,6.80,25.13,0.1709,5.85,746.0,84.7
12288,142.9,7.00,25.11,0.1758,5.69,746.0,84.8
12295,147.1,6.80,25.09,0.1706,5.86,746.0,84.8
12302,144.9,6.90,25.08,0.1730,5.78,746.0,84.9
12309,142.9,7.00,25.06,0.1754,5.70,746.0,85.0
12316,144.9,6.90,25.05,0.1728,5.78,746.0,85.0
12323,142.9,7.00,25.05,0.1754,5.70,746.0,85.0
12329,144.9,6.90,25.05,0.1728,5.78,746.0,85.0
12337,140.8,7.10,25.05,0.1779,5.62,746.0,85.0
12343,144.9,6.90,25.05,0.1728,5.78,746.0,85.0
12350,144.9,6.90,25.05,0.1728,5.78,746.0,85.0
12357,144.9,6.90,25.05,0.1728,5.78,746.0,85.0
12364,140.8,7.10,25.05,0.1779,5.62,746.0,85.0
12371,144.9,6.90,25.05,0.1728,5.78,746.0,85.0
12378,147.1,6.80,25.05,0.1703,5.87,746.0,85.0
12385,142.9,7.00,25.05,0.1754,5.70,746.0,85.0
12392,142.9,7.00,25.05,0.1754,5.70,746.0,85.0
12399,147.1,6.80,25.05,0.1703,5.87,746.0,85.0
12406,142.9,7.00,25.05,0.1754,5.70,746.0,85.0
12413,142.9,7.00,25.05,0.1754,5.70,746.0,85.0
12420,144.9,6.90,25.05,0.1728,5.78,746.0,85.0
12427,142.9,7.00,25.05,0.1754,5.70,746.0,85.0
12434,144.9,6.90,25.05,0.1728,5.78,746.0,85.0
12441,142.9,7.00,25.05,0.1754,5.70,746.0,85.0
12448,144.9,6.90,25.05,0.1728,5.78,746.0,85.0
12454,144.9,6.90,25.05,0.1728,5.78,746.0,85.0
12461,142.9,7.00,25.05,0.1754,5.70,746.0,85.0
12468,142.9,7.00,25.05,0.1754,5.70,746.0,85.0
12475,144.9,6.90,25.05,0.1728,5.78,746.0,85.0
12482,144.9,6.90,25.05,0.1728,5.78,746.0,85.0
12489,142.9,7.00,25.05,0.1754,5.70,746.0,85.0
12496,142.9,7.00,25.05,0.1754,5.70,746.0,85.0
12503,142.9,7.00,25.05,0.1754,5.70,746.0,85.0
12510,147.1,6.80,25.05,0.1703,5.87,746.0,85.0
12517,142.9,7.00,25.05,0.1754,5.70,746.0,85.0
12524,147.1,6.80,25.05,0.1703,5.87,746.0,85.0
12531,140.8,7.10,25.05,0.1779,5.62,746.0,85.0
12538,142.9,7.00,25.05,0.1754,5.70,746.0,85.0
12545,144.9,6.90,25.05,0.1728,5.78,746.0,85.0
12552,144.9,6.90,25.05,0.1728,5.78,746.0,85.0
12559,144.9,6.90,25.05,0.1728,5.78,746.0,85.0
12566,144.9,6.90,25.05,0.1728,5.78,746.0,85.0
12573,142.9,7.00,25.05,0.1754,5.70,746.0,85.0
12580,142.9,7.00,25.05,0.1754,5.70,746.0,85.0
12587,142.9,7.00,25.05,0.1754,5.70,746.0,85.0
12593,144.9,6.90,25.05,0.1728,5.78,746.0,85.0
12600,144.9,6.90,25.05,0.1728,5.78,746.0,85.0
12607,144.9,6.90,25.05,0.1728,5.78,746.0,85.0
12614,144.9,6.90,25.05,0.1728,5.78,746.0,85.0
12621,142.9,7.00,25.05,0.1754,5.70,746.0,85.0
12628,147.1,6.80,25.05,0.1703,5.87,746.0,85.0
12635,140.8,7.10,25.05,0.1779,5.62,746.0,85.0
12642,144.9,6.90,25.05,0.1728,5.78,746.0,85.0
12649,144.9,6.90,25.05,0.1728,5.78,746.0,85.0
12656,142.9,7.00,25.05,0.1754,5.70,746.0,85.0
12663,144.9,6.90,25.05,0.1728,5.78,746.0,85.0
12670,142.9,7.00,25.05,0.1754,5.70,746.0,85.0
12677,144.9,6.90,25.05,0.1728,5.78,746.0,85.0
12684,144.9,6.90,25.05,0.1728,5.78,746.0,85.0
12691,142.9,7.00,25.05,0.1754,5.70,746.0,85.0
12698,144.9,6.90,25.05,0.1728,5.78,746.0,85.0
12705,142.9,7.00,25.05,0.1754,5.70,746.0,85.0
12712,142.9,7.00,25.05,0.1754,5.70,746.0,85.0
12718,144.9,6.90,25.05,0.1728,5.78,746.0,85.0
12725,142.9,7.00,25.05,0.1754,5.70,746.0,85.0
12732,147.1,6.80,25.05,0.1703,5.87,746.0,85.0
12739,140.8,7.10,25.05,0.1779,5.62,746.0,85.0
12746,147.1,6.80,25.05,0.1703,5.87,746.0,85.0
12753,142.9,7.00,25.05,0.1753,5.71,746.0,85.0
12760,147.1,6.80,25.03,0.1702,5.88,746.0,84.9
12767,140.8,7.10,25.02,0.1776,5.63,746.0,84.9
12774,147.1,6.80,25.00,0.1700,5.88,746.0,84.8
12781,142.9,7.00,24.98,0.1749,5.72,746.0,84.7
12788,142.9,7.00,24.97,0.1748,5.72,746.0,84.7
12795,144.9,6.90,24.95,0.1722,5.81,746.0,84.6
12802,144.9,6.90,24.93,0.1720,5.81,746.0,84.5
12809,142.9,7.00,24.92,0.1744,5.73,746.0,84.5
12816,142.9,7.00,24.90,0.1743,5.74,746.0,84.4
12823,144.9,6.90,24.89,0.1717,5.82,746.0,84.3
12829,144.9,6.90,24.87,0.1716,5.83,746.0,84.3
12837,140.8,7.10,24.85,0.1765,5.67,746.0,84.2
12843,144.9,6.90,24.84,0.1714,5.83,746.0,84.2
12850,144.9,6.90,24.82,0.1713,5.84,746.0,84.1
12857,142.9,7.00,24.81,0.1736,5.76,746.0,84.0
12864,144.9,6.90,24.80,0.1711,5.84,746.0,84.0
12871,144.9,6.90,24.80,0.1711,5.84,746.0,84.0
12878,144.9,6.90,24.80,0.1711,5.84,746.0,84.0
12885,142.9,7.00,24.80,0.1736,5.76,746.0,84.0
12892,142.9,7.00,24.80,0.1736,5.76,746.0,84.0
12899,142.9,7.00,24.80,0.1736,5.76,746.0,84.0
12906,144.9,6.90,24.80,0.1711,5.84,746.0,84.0
12913,144.9,6.90,24.80,0.1711,5.84,746.0,84.0
12920,142.9,7.00,24.80,0.1736,5.76,746.0,84.0
12927,142.9,7.00,24.80,0.1736,5.76,746.0,84.0
12934,144.9,6.90,24.80,0.1711,5.84,746.0,84.0
12941,147.1,6.80,24.80,0.1686,5.93,746.0,84.0
12948,140.8,7.10,24.80,0.1761,5.68,746.0,84.0
12954,147.1,6.80,24.80,0.1686,5.93,746.0,84.0
12961,142.9,7.00,24.80,0.1736,5.76,746.0,84.0
12968,144.9,6.90,24.80,0.1711,5.84,746.0,84.0
12975,142.9,7.00,24.80,0.1736,5.76,746.0,84.0
12982,142.9,7.00,24.80,0.1736,5.76,746.0,84.0
12989,144.9,6.90,24.80,0.1711,5.84,746.0,84.0
12996,144.9,6.90,24.80,0.1711,5.84,746.0,84.0
13003,144.9,6.90,24.80,0.1711,5.84,746.0,84.0
13010,142.9,7.00,24.80,0.1736,5.76,746.0,84.0
13017,142.9,7.00,24.80,0.1736,5.76,746.0,84.0
13024,142.9,7.00,24.80,0.1736,5.76,746.0,84.0
13031,144.9,6.90,24.80,0.1711,5.84,746.0,84.0
13038,144.9,6.90,24.80,0.1711,5.84,746.0,84.0
13045,142.9,7.00,24.80,0.1736,5.76,746.0,84.0
13052,144.9,6.90,24.80,0.1711,5.84,746.0,84.0
13059,142.9,7.00,24.80,0.1736,5.76,746.0,84.0
13066,144.9,6.90,24.80,0.1711,5.84,746.0,84.0
13073,142.9,7.00,24.80,0.1736,5.76,746.0,84.0
13080,144.9,6.90,24.80,0.1711,5.84,746.0,84.0
13087,142.9,7.00,24.80,0.1736,5.76,746.0,84.0
13093,144.9,6.90,24.80,0.1711,5.84,746.0,84.0
13100,144.9,6.90,24.80,0.1711,5.84,746.0,84.0
13107,144.9,6.90,24.80,0.1711,5.84,746.0,84.0
13114,142.9,7.00,24.80,0.1736,5.76,746.0,84.0
13121,147.1,6.80,24.80,0.1686,5.93,746.0,84.0
13128,142.9,7.00,24.80,0.1736,5.76,746.0,84.0
13135,142.9,7.00,24.80,0.1736,5.76,746.0,84.0
13142,147.1,6.80,24.80,0.1686,5.93,746.0,84.0
13149,140.8,7.10,24.80,0.1761,5.68,746.0,84.0
13156,142.9,7.00,24.80,0.1736,5.76,746.0,84.0
13163,144.9,6.90,24.80,0.1711,5.84,746.0,84.0
13170,142.9,7.00,24.80,0.1736,5.76,746.0,84.0
13177,144.9,6.90,24.80,0.1711,5.84,746.0,84.0
13184,142.9,7.00,24.80,0.1736,5.76,746.0,84.0
13191,144.9,6.90,24.80,0.1711,5.84,746.0,84.0
13198,144.9,6.90,24.80,0.1711,5.84,746.0,84.0
13205,142.9,7.00,24.79,0.1736,5.76,746.0,84.0
13211,144.9,6.90,24.79,0.1711,5.84,746.0,84.0
13218,144.9,6.90,24.79,0.1710,5.85,746.0,84.0
13225,142.9,7.00,24.79,0.1735,5.77,746.0,84.0
13232,144.9,6.90,24.78,0.1710,5.85,746.0,84.0
13239,142.9,7.00,24.78,0.1735,5.77,746.0,84.0
13246,144.9,6.90,24.78,0.1710,5.85,746.0,84.0
13253,144.9,6.90,24.78,0.1709,5.85,746.0,84.0
13260,142.9,7.00,24.77,0.1734,5.77,746.0,84.0
13267,142.9,7.00,24.77,0.1734,5.77,746.0,84.0
13274,144.9,6.90,24.77,0.1709,5.85,746.0,84.0
13281,140.8,7.10,24.76,0.1758,5.69,746.0,84.0
13288,144.9,6.90,24.76,0.1709,5.85,746.0,84.0
13295,147.1,6.80,24.76,0.1684,5.94,746.0,84.0
13302,140.8,7.10,24.76,0.1758,5.69,746.0,84.0
13309,144.9,6.90,24.76,0.1708,5.85,746.0,84.0
13316,142.9,7.00,24.76,0.1733,5.77,746.0,84.0
13323,144.9,6.90,24.76,0.1708,5.85,746.0,84.0
13330,142.9,7.00,24.76,0.1733,5.77,746.0,84.0
13337,144.9,6.90,24.76,0.1708,5.85,746.0,84.0
13343,144.9,6.90,24.76,0.1708,5.85,746.0,84.0
13350,142.9,7.00,24.76,0.1733,5.77,746.0,84.0
13357,144.9,6.90,24.76,0.1708,5.85,746.0,84.0
13364,149.3,6.70,24.76,0.1659,6.03,746.0,84.0
13371,138.9,7.20,24.76,0.1783,5.61,746.0,84.0
13378,144.9,6.90,24.76,0.1708,5.85,746.0,84.0
13385,144.9,6.90,24.76,0.1708,5.85,746.0,84.0
13392,142.9,7.00,24.76,0.1733,5.77,746.0,84.0
13399,144.9,6.90,24.76,0.1708,5.85,746.0,84.0
13406,144.9,6.90,24.76,0.1708,5.85,746.0,84.0
13413,142.9,7.00,24.76,0.1733,5.77,746.0,84.0
13420,144.9,6.90,24.76,0.1708,5.85,746.0,84.0
13427,140.8,7.10,24.76,0.1758,5.69,746.0,84.0
13434,147.1,6.80,24.76,0.1684,5.94,746.0,84.0
13441,142.9,7.00,24.76,0.1733,5.77,746.0,84.0
13448,144.9,6.90,24.76,0.1708,5.85,746.0,84.0
13454,144.9,6.90,24.76,0.1708,5.85,746.0,84.0
13461,144.9,6.90,24.76,0.1708,5.85,746.0,84.0
13468,140.8,7.10,24.76,0.1758,5.69,746.0,84.0
13475,147.1,6.80,24.76,0.1684,5.94,746.0,84.0
13482,142.9,7.00,24.76,0.1733,5.77,746.0,84.0
13489,142.9,7.00,24.76,0.1733,5.77,746.0,84.0
13496,144.9,6.90,24.76,0.1708,5.85,746.0,84.0
13503,144.9,6.90,24.76,0.1708,5.85,746.0,84.0
13510,142.9,7.00,24.76,0.1733,5.77,746.0,84.0
13517,144.9,6.90,24.76,0.1708,5.85,746.0,84.0
13524,142.9,7.00,24.76,0.1733,5.77,746.0,84.0
13531,142.9,7.00,24.76,0.1733,5.77,746.0,84.0
13538,144.9,6.90,24.76,0.1708,5.85,746.0,84.0
13545,144.9,6.90,24.76,0.1708,5.85,746.0,84.0
13552,144.9,6.90,24.76,0.1708,5.85,746.0,84.0
13559,140.8,7.10,24.76,0.1758,5.69,746.0,84.0
13566,147.1,6.80,24.76,0.1684,5.94,746.0,84.0
13573,140.8,7.10,24.76,0.1758,5.69,746.0,84.0
13580,144.9,6.90,24.76,0.1708,5.85,746.0,84.0
13586,144.9,6.90,24.76,0.1708,5.85,746.0,84.0
13593,144.9,6.90,24.76,0.1708,5.85,746.0,84.0
13600,142.9,7.00,24.76,0.1733,5.77,746.0,84.0
13607,144.9,6.90,24.76,0.1708,5.85,746.0,84.0
13614,142.9,7.00,24.76,0.1733,5.77,746.0,84.0
13621,142.9,7.00,24.76,0.1733,5.77,746.0,84.0
13628,142.9,7.00,24.76,0.1733,5.77,746.0,84.0
13635,147.1,6.80,24.76,0.1684,5.94,746.0,84.0
13642,142.9,7.00,24.76,0.1733,5.77,746.0,84.0
13649,144.9,6.90,24.76,0.1708,5.85,746.0,84.0
13656,147.1,6.80,24.76,0.1684,5.94,746.0,84.0
13663,140.8,7.10,24.76,0.1758,5.69,746.0,84.0
13670,144.9,6.90,24.76,0.1708,5.85,746.0,84.0
13677,142.9,7.00,24.76,0.1733,5.77,746.0,84.0
13684,147.1,6.80,24.76,0.1684,5.94,746.0,84.0
13691,142.9,7.00,24.76,0.1733,5.77,746.0,84.0
13697,144.9,6.90,24.76,0.1708,5.85,746.0,84.0
13704,142.9,7.00,24.76,0.1733,5.77,746.0,84.0
13711,142.9,7.00,24.76,0.1733,5.77,746.0,84.0
13718,144.9,6.90,24.76,0.1708,5.85,746.0,84.0
13725,144.9,6.90,24.76,0.1708,5.85,746.0,84.0
13732,144.9,6.90,24.76,0.1708,5.85,746.0,84.0
13739,140.8,7.10,24.76,0.1758,5.69,746.0,84.0
13746,142.9,7.00,24.76,0.1733,5.77,746.0,84.0
13753,144.9,6.90,24.76,0.1709,5.85,746.0,84.0
13760,142.9,7.00,24.76,0.1733,5.77,746.0,84.0
13767,147.1,6.80,24.76,0.1684,5.94,746.0,84.0
13774,142.9,7.00,24.76,0.1733,5.77,746.0,84.0
13781,142.9,7.00,24.76,0.1734,5.77,746.0,84.0
13788,147.1,6.80,24.77,0.1684,5.94,746.0,84.0
13795,142.9,7.00,24.77,0.1734,5.77,746.0,84.0
13802,144.9,6.90,24.77,0.1709,5.85,746.0,84.0
13809,142.9,7.00,24.77,0.1734,5.77,746.0,84.0
13816,142.9,7.00,24.77,0.1734,5.77,746.0,84.0
13823,142.9,7.00,24.77,0.1734,5.77,746.0,84.0
13830,144.9,6.90,24.77,0.1709,5.85,746.0,84.0
13836,144.9,6.90,24.77,0.1709,5.85,746.0,84.0
13843,142.9,7.00,24.77,0.1734,5.77,746.0,84.0
13850,144.9,6.90,24.77,0.1709,5.85,746.0,84.0
13857,144.9,6.90,24.77,0.1709,5.85,746.0,84.0
13864,142.9,7.00,24.77,0.1734,5.77,746.0,84.0
13871,144.9,6.90,24.77,0.1709,5.85,746.0,84.0
13878,142.9,7.00,24.77,0.1734,5.77,746.0,84.0
13885,144.9,6.90,24.77,0.1709,5.85,746.0,84.0
13892,142.9,7.00,24.77,0.1734,5.77,746.0,84.0
13899,144.9,6.90,24.77,0.1709,5.85,746.0,84.0
13906,144.9,6.90,24.77,0.1709,5.85,746.0,84.0
13913,142.9,7.00,24.77,0.1734,5.77,746.0,84.0
13920,144.9,6.90,24.77,0.1709,5.85,746.0,84.0
13927,142.9,7.00,24.77,0.1734,5.77,746.0,84.0
13934,144.9,6.90,24.77,0.1709,5.85,746.0,84.0
13941,144.9,6.90,24.77,0.1709,5.85,746.0,84.0
13948,142.9,7.00,24.77,0.1734,5.77,746.0,84.0
13955,142.9,7.00,24.77,0.1734,5.77,746.0,84.0
13961,144.9,6.90,24.77,0.1709,5.85,746.0,84.0
13968,144.9,6.90,24.77,0.1709,5.85,746.0,84.0
13975,142.9,7.00,24.77,0.1734,5.77,746.0,84.0
13982,147.1,6.80,24.77,0.1684,5.94,746.0,84.0
13989,142.9,7.00,24.77,0.1734,5.77,746.0,84.0
13996,147.1,6.80,24.77,0.1684,5.94,746.0,84.0
14003,138.9,7.20,24.77,0.1783,5.61,746.0,84.0
14010,144.9,6.90,24.77,0.1709,5.85,746.0,84.0
14017,144.9,6.90,24.77,0.1709,5.85,746.0,84.0
14024,142.9,7.00,24.77,0.1734,5.77,746.0,84.0
14031,142.9,7.00,24.77,0.1734,5.77,746.0,84.0
14038,142.9,7.00,24.77,0.1734,5.77,746.0,84.0
14045,149.3,6.70,24.77,0.1660,6.03,746.0,84.0
14052,142.9,7.00,24.77,0.1734,5.77,746.0,84.0
14059,142.9,7.00,24.77,0.1734,5.77,746.0,84.0
14066,135.1,7.40,24.77,0.1833,5.45,746.0,84.0
14072,156.2,6.40,24.77,0.1585,6.31,746.0,84.0
14079,142.9,7.00,24.77,0.1734,5.77,746.0,84.0
14086,144.9,6.90,24.77,0.1709,5.85,746.0,84.0
14093,142.9,7.00,24.77,0.1734,5.77,746.0,84.0
14100,142.9,7.00,24.77,0.1734,5.77,746.0,84.0
14107,144.9,6.90,24.77,0.1709,5.85,746.0,84.0
14114,144.9,6.90,24.77,0.1709,5.85,746.0,84.0
14121,142.9,7.00,24.77,0.1734,5.77,746.0,84.0
14128,144.9,6.90,24.77,0.1709,5.85,746.0,84.0
14135,142.9,7.00,24.77,0.1734,5.77,746.0,84.0
14142,144.9,6.90,24.77,0.1709,5.85,746.0,84.0
14149,144.9,6.90,24.77,0.1709,5.85,746.0,84.0
14156,142.9,7.00,24.77,0.1734,5.77,746.0,84.0
14163,144.9,6.90,24.77,0.1709,5.85,746.0,84.0
14170,144.9,6.90,24.77,0.1709,5.85,746.0,84.0
14177,140.8,7.10,24.78,0.1759,5.68,746.0,84.0
14184,144.9,6.90,24.78,0.1710,5.85,746.0,84.0
14191,142.9,7.00,24.79,0.1735,5.77,746.0,84.0
14198,144.9,6.90,24.79,0.1711,5.84,746.0,84.0
14204,144.9,6.90,24.80,0.1711,5.84,746.0,84.0
14211,142.9,7.00,24.80,0.1736,5.76,746.0,84.0
14218,147.1,6.80,24.81,0.1687,5.93,746.0,84.0
14225,144.9,6.90,24.81,0.1712,5.84,746.0,84.0
14232,144.9,6.90,24.82,0.1712,5.84,746.0,84.0
14239,140.8,7.10,24.82,0.1762,5.67,746.0,84.0
14246,144.9,6.90,24.83,0.1713,5.84,746.0,84.0
14253,142.9,7.00,24.83,0.1738,5.75,746.0,84.0
14260,144.9,6.90,24.84,0.1714,5.83,746.0,84.0
14267,142.9,7.00,24.84,0.1739,5.75,746.0,84.0
14274,144.9,6.90,24.85,0.1714,5.83,746.0,84.0
14281,142.9,7.00,24.85,0.1740,5.75,746.0,84.0
14288,144.9,6.90,24.85,0.1715,5.83,746.0,84.0
14295,144.9,6.90,24.85,0.1715,5.83,746.0,84.0
14302,142.9,7.00,24.85,0.1740,5.75,746.0,84.0
14309,144.9,6.90,24.85,0.1715,5.83,746.0,84.0
14316,144.9,6.90,24.85,0.1715,5.83,746.0,84.0
14323,142.9,7.00,24.85,0.1740,5.75,746.0,84.0
14329,144.9,6.90,24.85,0.1715,5.83,746.0,84.0
14336,144.9,6.90,24.85,0.1715,5.83,746.0,84.0
14343,140.8,7.10,24.85,0.1764,5.67,746.0,84.0
14350,144.9,6.90,24.85,0.1715,5.83,746.0,84.0
14357,144.9,6.90,24.85,0.1715,5.83,746.0,84.0
14364,142.9,7.00,24.85,0.1740,5.75,746.0,84.0
14371,147.1,6.80,24.85,0.1690,5.92,746.0,84.0
14378,140.8,7.10,24.85,0.1764,5.67,746.0,84.0
14385,144.9,6.90,24.85,0.1715,5.83,746.0,84.0
14392,142.9,7.00,24.85,0.1740,5.75,746.0,84.0
14399,147.1,6.80,24.85,0.1690,5.92,746.0,84.0
14406,142.9,7.00,24.85,0.1740,5.75,746.0,84.0
14413,144.9,6.90,24.85,0.1715,5.83,746.0,84.0
14420,140.8,7.10,24.85,0.1764,5.67,746.0,84.0
14427,147.1,6.80,24.85,0.1690,5.92,746.0,84.0
14434,142.9,7.00,24.85,0.1740,5.75,746.0,84.0
14441,144.9,6.90,24.85,0.1715,5.83,746.0,84.0
14448,142.9,7.00,24.85,0.1740,5.75,746.0,84.0
14456,120.5,8.30,24.85,0.2063,4.85,746.0,84.0
14461,181.8,5.50,24.85,0.1367,7.32,746.0,84.0
14468,142.9,7.00,24.85,0.1740,5.75,746.0,84.0
14475,142.9,7.00,24.85,0.1740,5.75,746.0,84.0
14482,144.9,6.90,24.85,0.1715,5.83,746.0,84.0
14489,144.9,6.90,24.85,0.1715,5.83,746.0,84.0
14496,142.9,7.00,24.85,0.1740,5.75,746.0,84.0
14503,144.9,6.90,24.85,0.1715,5.83,746.0,84.0
14510,142.9,7.00,24.85,0.1740,5.75,746.0,84.0
14517,144.9,6.90,24.85,0.1715,5.83,746.0,84.0
14524,142.9,7.00,24.85,0.1740,5.75,746.0,84.0
14531,144.9,6.90,24.85,0.1715,5.83,746.0,84.0
14538,142.9,7.00,24.85,0.1740,5.75,746.0,84.0
14545,144.9,6.90,24.85,0.1715,5.83,746.0,84.0
14552,144.9,6.90,24.85,0.1715,5.83,746.0,84.0
14559,144.9,6.90,24.85,0.1715,5.83,746.0,84.0
14566,140.8,7.10,24.85,0.1764,5.67,746.0,84.0
14573,144.9,6.90,24.85,0.1715,5.83,746.0,84.0
14579,147.1,6.80,24.85,0.1690,5.92,746.0,84.0
14587,138.9,7.20,24.85,0.1789,5.59,746.0,84.0
14593,147.1,6.80,24.85,0.1690,5.92,746.0,84.0
14600,142.9,7.00,24.85,0.1740,5.75,746.0,84.0
14607,147.1,6.80,24.85,0.1690,5.92,746.0,84.0
14614,140.8,7.10,24.85,0.1764,5.67,746.0,84.0
14621,147.1,6.80,24.85,0.1690,5.92,746.0,84.0
14628,140.8,7.10,24.85,0.1764,5.67,746.0,84.0
14635,147.1,6.80,24.85,0.1690,5.92,746.0,84.0
14642,142.9,7.00,24.85,0.1740,5.75,746.0,84.0
14649,144.9,6.90,24.85,0.1715,5.83,746.0,84.0
14656,144.9,6.90,24.85,0.1715,5.83,746.0,84.0
14663,142.9,7.00,24.85,0.1740,5.75,746.0,84.0
14670,144.9,6.90,24.85,0.1715,5.83,746.0,84.0
14677,142.9,7.00,24.85,0.1740,5.75,746.0,84.0
14684,144.9,6.90,24.85,0.1715,5.83,746.0,84.0
14691,142.9,7.00,24.85,0.1740,5.75,746.0,84.0
14697,144.9,6.90,24.85,0.1715,5.83,746.0,84.0
14704,142.9,7.00,24.85,0.1740,5.75,746.0,84.0
14711,144.9,6.90,24.85,0.1715,5.83,746.0,84.0
14718,144.9,6.90,24.85,0.1715,5.83,746.0,84.0
14725,142.9,7.00,24.85,0.1739,5.75,746.0,84.0
14732,140.8,7.10,24.85,0.1764,5.67,746.0,84.0
14739,144.9,6.90,24.84,0.1714,5.83,746.0,84.0
14746,144.9,6.90,24.84,0.1714,5.83,746.0,84.0
14753,140.8,7.10,24.84,0.1764,5.67,746.0,84.0
14760,147.1,6.80,24.84,0.1689,5.92,746.0,84.0
14767,142.9,7.00,24.84,0.1738,5.75,746.0,84.0
14774,144.9,6.90,24.83,0.1714,5.83,746.0,84.0
14781,142.9,7.00,24.83,0.1738,5.75,746.0,84.0
14788,144.9,6.90,24.83,0.1713,5.84,746.0,84.0
14795,144.9,6.90,24.83,0.1713,5.84,746.0,84.0
14802,144.9,6.90,24.83,0.1713,5.84,746.0,84.0
14809,144.9,6.90,24.82,0.1713,5.84,746.0,84.0
14816,142.9,7.00,24.82,0.1738,5.76,746.0,84.0
14822,144.9,6.90,24.82,0.1713,5.84,746.0,84.0
14829,142.9,7.00,24.82,0.1737,5.76,746.0,84.0
14836,144.9,6.90,24.82,0.1713,5.84,746.0,84.0
14843,144.9,6.90,24.82,0.1713,5.84,746.0,84.0
14850,140.8,7.10,24.82,0.1762,5.67,746.0,84.0
14857,144.9,6.90,24.82,0.1713,5.84,746.0,84.0
14864,144.9,6.90,24.82,0.1713,5.84,746.0,84.0
14871,144.9,6.90,24.82,0.1713,5.84,746.0,84.0
14878,142.9,7.00,24.82,0.1737,5.76,746.0,84.0
14885,144.9,6.90,24.82,0.1713,5.84,746.0,84.0
14892,140.8,7.10,24.82,0.1762,5.67,746.0,84.0
14899,142.9,7.00,24.82,0.1737,5.76,746.0,84.0
14906,144.9,6.90,24.82,0.1713,5.84,746.0,84.0
14913,144.9,6.90,24.82,0.1713,5.84,746.0,84.0
14920,144.9,6.90,24.82,0.1713,5.84,746.0,84.0
14927,142.9,7.00,24.82,0.1737,5.76,746.0,84.0
14934,144.9,6.90,24.82,0.1713,5.84,746.0,84.0
14941,142.9,7.00,24.82,0.1737,5.76,746.0,84.0
14948,144.9,6.90,24.82,0.1713,5.84,746.0,84.0
14954,144.9,6.90,24.82,0.1713,5.84,746.0,84.0
14961,144.9,6.90,24.82,0.1713,5.84,746.0,84.0
14968,140.8,7.10,24.82,0.1762,5.67,746.0,84.0
14975,144.9,6.90,24.82,0.1713,5.84,746.0,84.0
14982,144.9,6.90,24.82,0.1713,5.84,746.0,84.0
14989,142.9,7.00,24.82,0.1737,5.76,746.0,84.0
14996,144.9,6.90,24.82,0.1713,5.84,746.0,84.0
15003,144.9,6.90,24.82,0.1713,5.84,746.0,84.0
15010,144.9,6.90,24.82,0.1713,5.84,746.0,84.0
15017,144.9,6.90,24.82,0.1713,5.84,746.0,84.0
15024,142.9,7.00,24.82,0.1737,5.76,746.0,84.0
15031,140.8,7.10,24.82,0.1762,5.67,746.0,84.0
15038,144.9,6.90,24.82,0.1713,5.84,746.0,84.0
15045,144.9,6.90,24.82,0.1713,5.84,746.0,84.0
15052,144.9,6.90,24.82,0.1713,5.84,746.0,84.0
15059,142.9,7.00,24.82,0.1737,5.76,746.0,84.0
15066,142.9,7.00,24.82,0.1737,5.76,746.0,84.0
15072,147.1,6.80,24.82,0.1688,5.93,746.0,84.0
15079,142.9,7.00,24.82,0.1737,5.76,746.0,84.0
15086,142.9,7.00,24.82,0.1737,5.76,746.0,84.0
15093,144.9,6.90,24.82,0.1713,5.84,746.0,84.0
15100,144.9,6.90,24.82,0.1713,5.84,746.0,84.0
15107,142.9,7.00,24.82,0.1737,5.76,746.0,84.0
15114,144.9,6.90,24.82,0.1713,5.84,746.0,84.0
15121,144.9,6.90,24.82,0.1713,5.84,746.0,84.0
15128,144.9,6.90,24.82,0.1713,5.84,746.0,84.0
15135,140.8,7.10,24.82,0.1762,5.67,746.0,84.0
15142,142.9,7.00,24.82,0.1737,5.76,746.0,84.0
15149,144.9,6.90,24.82,0.1713,5.84,746.0,84.0
15156,144.9,6.90,24.82,0.1713,5.84,746.0,84.0
15163,144.9,6.90,24.82,0.1713,5.84,746.0,84.0
15170,142.9,7.00,24.82,0.1737,5.76,746.0,84.0
15177,144.9,6.90,24.82,0.1713,5.84,746.0,84.0
15184,142.9,7.00,24.82,0.1737,5.76,746.0,84.0
15191,144.9,6.90,24.82,0.1713,5.84,746.0,84.0
15197,144.9,6.90,24.82,0.1713,5.84,746.0,84.0
15204,142.9,7.00,24.82,0.1737,5.76,746.0,84.0
15211,142.9,7.00,24.82,0.1737,5.76,746.0,84.0
15218,144.9,6.90,24.82,0.1713,5.84,746.0,84.0
15225,144.9,6.90,24.82,0.1713,5.84,746.0,84.0
15232,142.9,7.00,24.82,0.1737,5.76,746.0,84.0
15239,144.9,6.90,24.82,0.1713,5.84,746.0,84.0
15246,144.9,6.90,24.82,0.1713,5.84,746.0,84.0
15253,140.8,7.10,24.82,0.1762,5.67,746.0,84.0
15260,142.9,7.00,24.82,0.1737,5.76,746.0,84.0
15267,144.9,6.90,24.82,0.1713,5.84,746.0,84.1
15274,147.1,6.80,24.83,0.1688,5.92,746.0,84.1
15281,142.9,7.00,24.83,0.1738,5.76,746.0,84.2
15288,144.9,6.90,24.83,0.1714,5.83,746.0,84.3
15295,142.9,7.00,24.84,0.1739,5.75,746.0,84.3
15302,142.9,7.00,24.84,0.1739,5.75,746.0,84.4
15309,142.9,7.00,24.84,0.1739,5.75,746.0,84.5
15316,144.9,6.90,24.85,0.1714,5.83,746.0,84.5
15323,144.9,6.90,24.85,0.1715,5.83,746.0,84.6
15329,144.9,6.90,24.85,0.1715,5.83,746.0,84.7
15336,144.9,6.90,24.86,0.1715,5.83,746.0,84.7
15343,140.8,7.10,24.86,0.1765,5.66,746.0,84.8
15350,144.9,6.90,24.86,0.1715,5.83,746.0,84.8
15357,144.9,6.90,24.87,0.1716,5.83,746.0,84.9
15364,144.9,6.90,24.87,0.1716,5.83,746.0,85.0
15371,142.9,7.00,24.87,0.1741,5.75,746.0,85.0
15378,144.9,6.90,24.87,0.1716,5.83,746.0,85.0
15385,142.9,7.00,24.87,0.1741,5.75,746.0,85.0
15392,142.9,7.00,24.87,0.1741,5.75,746.0,85.0
15399,144.9,6.90,24.87,0.1716,5.83,746.0,85.0
15406,144.9,6.90,24.87,0.1716,5.83,746.0,85.0
15413,147.1,6.80,24.87,0.1691,5.91,746.0,85.0
15420,140.8,7.10,24.87,0.1766,5.66,746.0,85.0
15427,142.9,7.00,24.87,0.1741,5.75,746.0,85.0
15434,144.9,6.90,24.87,0.1716,5.83,746.0,85.0
15441,142.9,7.00,24.87,0.1741,5.75,746.0,85.0
15448,144.9,6.90,24.87,0.1716,5.83,746.0,85.0
15454,144.9,6.90,24.87,0.1716,5.83,746.0,85.0
15461,142.9,7.00,24.87,0.1741,5.75,746.0,85.0
15468,144.9,6.90,24.87,0.1716,5.83,746.0,85.0
15475,147.1,6.80,24.87,0.1691,5.91,746.0,85.0
15482,140.8,7.10,24.87,0.1766,5.66,746.0,85.0
15489,142.9,7.00,24.87,0.1741,5.75,746.0,85.0
15496,144.9,6.90,24.87,0.1716,5.83,746.0,85.0
15503,142.9,7.00,24.87,0.1741,5.75,746.0,85.0
15510,144.9,6.90,24.87,0.1716,5.83,746.0,85.0
15517,144.9,6.90,24.87,0.1716,5.83,746.0,85.0
15524,142.9,7.00,24.87,0.1741,5.75,746.0,85.0
15531,144.9,6.90,24.87,0.1716,5.83,746.0,85.0
15538,144.9,6.90,24.87,0.1716,5.83,746.0,85.0
15545,142.9,7.00,24.87,0.1741,5.75,746.0,85.0
15552,144.9,6.90,24.87,0.1716,5.83,746.0,85.0
15559,144.9,6.90,24.87,0.1716,5.83,746.0,85.0
15566,142.9,7.00,24.87,0.1741,5.75,746.0,85.0
15573,142.9,7.00,24.87,0.1741,5.75,746.0,85.0
15579,147.1,6.80,24.87,0.1691,5.91,746.0,85.0
15586,142.9,7.00,24.87,0.1741,5.75,746.0,85.0
15593,142.9,7.00,24.87,0.1741,5.75,746.0,85.0
15600,144.9,6.90,24.87,0.1716,5.83,746.0,85.0
15607,144.9,6.90,24.87,0.1716,5.83,746.0,85.0
15614,144.9,6.90,24.87,0.1716,5.83,746.0,85.0
15621,142.9,7.00,24.87,0.1741,5.75,746.0,85.0
15628,142.9,7.00,24.87,0.1741,5.75,746.0,85.0
15635,142.9,7.00,24.87,0.1741,5.75,746.0,85.0
15642,144.9,6.90,24.87,0.1716,5.83,746.0,85.0
15649,142.9,7.00,24.87,0.1741,5.75,746.0,85.0
15656,144.9,6.90,24.87,0.1716,5.83,746.0,85.0
15663,144.9,6.90,24.87,0.1716,5.83,746.0,85.0
15670,142.9,7.00,24.87,0.1741,5.75,746.0,85.0
15677,144.9,6.90,24.87,0.1716,5.83,746.0,85.0
15684,144.9,6.90,24.87,0.1716,5.83,746.0,85.0
15690,144.9,6.90,24.87,0.1716,5.83,746.0,85.0
15697,142.9,7.00,24.88,0.1741,5.74,746.0,85.0
15704,142.9,7.00,24.88,0.1742,5.74,746.0,84.9
15711,142.9,7.00,24.89,0.1743,5.74,746.0,84.8
15718,144.9,6.90,24.90,0.1718,5.82,746.0,84.8
15725,147.1,6.80,24.91,0.1694,5.90,746.0,84.7
15732,142.9,7.00,24.92,0.1744,5.73,746.0,84.6
15739,142.9,7.00,24.93,0.1745,5.73,746.0,84.6
15746,144.9,6.90,24.94,0.1721,5.81,746.0,84.5
15753,142.9,7.00,24.95,0.1746,5.73,746.0,84.4
15760,144.9,6.90,24.96,0.1722,5.81,746.0,84.4
15767,142.9,7.00,24.97,0.1748,5.72,746.0,84.3
15774,144.9,6.90,24.97,0.1723,5.80,746.0,84.3
15781,144.9,6.90,24.98,0.1724,5.80,746.0,84.2
15788,140.8,7.10,24.99,0.1774,5.63,746.0,84.1
15795,144.9,6.90,25.00,0.1725,5.80,746.0,84.1
15802,147.1,6.80,25.01,0.1701,5.88,746.0,84.0
15808,144.9,6.90,25.01,0.1726,5.79,746.0,84.0
15815,142.9,7.00,25.01,0.1751,5.71,746.0,84.0
15823,140.8,7.10,25.01,0.1776,5.63,746.0,84.0
15829,144.9,6.90,25.01,0.1726,5.79,746.0,84.0
15836,144.9,6.90,25.01,0.1726,5.79,746.0,84.0
15843,142.9,7.00,25.01,0.1751,5.71,746.0,84.0
15850,144.9,6.90,25.01,0.1726,5.79,746.0,84.0
15857,142.9,7.00,25.01,0.1751,5.71,746.0,84.0
15864,144.9,6.90,25.01,0.1726,5.79,746.0,84.0
15871,142.9,7.00,25.01,0.1751,5.71,746.0,84.0
15878,144.9,6.90,25.01,0.1726,5.79,746.0,84.0
15885,144.9,6.90,25.01,0.1726,5.79,746.0,84.0
15892,144.9,6.90,25.01,0.1726,5.79,746.0,84.0
15899,140.8,7.10,25.01,0.1776,5.63,746.0,84.0
15906,144.9,6.90,25.01,0.1726,5.79,746.0,84.0
15913,144.9,6.90,25.01,0.1726,5.79,746.0,84.0
15920,142.9,7.00,25.01,0.1751,5.71,746.0,84.0
15927,144.9,6.90,25.01,0.1726,5.79,746.0,84.0
15934,144.9,6.90,25.01,0.1726,5.79,746.0,84.0
15941,142.9,7.00,25.01,0.1751,5.71,746.0,84.0
15948,142.9,7.00,25.01,0.1751,5.71,746.0,84.0
15954,147.1,6.80,25.01,0.1701,5.88,746.0,84.0
15961,140.8,7.10,25.01,0.1776,5.63,746.0,84.0
15968,144.9,6.90,25.01,0.1726,5.79,746.0,84.0
15975,147.1,6.80,25.01,0.1701,5.88,746.0,84.0
15982,140.8,7.10,25.01,0.1776,5.63,746.0,84.0
15989,144.9,6.90,25.01,0.1726,5.79,746.0,84.0
15996,142.9,7.00,25.01,0.1751,5.71,746.0,84.0
16003,142.9,7.00,25.01,0.1751,5.71,746.0,84.0
16010,149.3,6.70,25.01,0.1676,5.97,746.0,84.0
16017,140.8,7.10,25.01,0.1776,5.63,746.0,84.0
16024,147.1,6.80,25.01,0.1701,5.88,746.0,84.0
16031,140.8,7.10,25.01,0.1776,5.63,746.0,84.0
16038,142.9,7.00,25.01,0.1751,5.71,746.0,84.0
16045,144.9,6.90,25.01,0.1726,5.79,746.0,84.0
16052,144.9,6.90,25.01,0.1726,5.79,746.0,84.0
16059,142.9,7.00,25.01,0.1751,5.71,746.0,84.0
16066,144.9,6.90,25.01,0.1726,5.79,746.0,84.0
16072,144.9,6.90,25.01,0.1726,5.79,746.0,84.0
16079,144.9,6.90,25.01,0.1726,5.79,746.0,84.0
16086,142.9,7.00,25.01,0.1751,5.71,746.0,84.0
16093,142.9,7.00,25.01,0.1751,5.71,746.0,84.0
16100,144.9,6.90,25.01,0.1726,5.79,746.0,84.0
16107,142.9,7.00,25.01,0.1751,5.71,746.0,84.0
16114,144.9,6.90,25.01,0.1726,5.79,746.0,84.0
16121,144.9,6.90,25.01,0.1726,5.79,746.0,84.0
16128,142.9,7.00,25.01,0.1751,5.71,746.0,84.0
16135,142.9,7.00,25.01,0.1751,5.71,746.0,84.0
16142,147.1,6.80,25.01,0.1701,5.88,746.0,84.0
16149,144.9,6.90,25.01,0.1726,5.79,746.0,84.0
16156,142.9,7.00,25.01,0.1751,5.71,746.0,84.0
16163,142.9,7.00,25.01,0.1751,5.71,746.0,84.0
16170,142.9,7.00,25.01,0.1751,5.71,746.0,84.0
16177,147.1,6.80,25.01,0.1701,5.88,746.0,84.0
16183,144.9,6.90,25.01,0.1726,5.79,746.0,84.0
16190,142.9,7.00,25.01,0.1751,5.71,746.0,84.0
16197,142.9,7.00,25.01,0.1751,5.71,746.0,84.0
16204,144.9,6.90,25.01,0.1726,5.79,746.0,84.0
16211,144.9,6.90,25.01,0.1726,5.79,746.0,84.0
16218,142.9,7.00,25.01,0.1751,5.71,746.0,84.0
16225,144.9,6.90,25.01,0.1726,5.79,746.0,84.0
16232,142.9,7.00,25.01,0.1751,5.71,746.0,84.0
16239,140.8,7.10,25.01,0.1776,5.63,746.0,84.0
16246,147.1,6.80,25.01,0.1701,5.88,746.0,84.0
16253,142.9,7.00,25.02,0.1751,5.71,746.0,84.1
16260,144.9,6.90,25.03,0.1727,5.79,746.0,84.2
16267,147.1,6.80,25.04,0.1702,5.88,746.0,84.2
16274,142.9,7.00,25.04,0.1753,5.71,746.0,84.3
16281,142.9,7.00,25.05,0.1753,5.70,746.0,84.4
16288,144.9,6.90,25.06,0.1729,5.78,746.0,84.4
16295,142.9,7.00,25.06,0.1754,5.70,746.0,84.5
16302,144.9,6.90,25.07,0.1730,5.78,746.0,84.6
16309,142.9,7.00,25.08,0.1755,5.70,746.0,84.6
16316,142.9,7.00,25.09,0.1756,5.70,746.0,84.7
16323,144.9,6.90,25.09,0.1731,5.77,746.0,84.7
16329,144.9,6.90,25.10,0.1732,5.77,746.0,84.8
16336,147.1,6.80,25.11,0.1707,5.86,746.0,84.9
16343,140.8,7.10,25.11,0.1783,5.61,746.0,84.9
16350,144.9,6.90,25.12,0.1733,5.77,746.0,85.0
16357,142.9,7.00,25.12,0.1758,5.69,746.0,85.0
16364,144.9,6.90,25.12,0.1733,5.77,746.0,85.0
16371,144.9,6.90,25.12,0.1733,5.77,746.0,85.0
16378,142.9,7.00,25.12,0.1758,5.69,746.0,85.0
16385,147.1,6.80,25.12,0.1708,5.86,746.0,85.0
16392,142.9,7.00,25.12,0.1758,5.69,746.0,85.0
16399,142.9,7.00,25.12,0.1758,5.69,746.0,85.0
16406,144.9,6.90,25.12,0.1733,5.77,746.0,85.0
16413,142.9,7.00,25.12,0.1758,5.69,746.0,85.0
16420,144.9,6.90,25.12,0.1733,5.77,746.0,85.0
16427,144.9,6.90,25.12,0.1733,5.77,746.0,85.0
16433,144.9,6.90,25.12,0.1733,5.77,746.0,85.0
16441,140.8,7.10,25.12,0.1784,5.61,746.0,85.0
16447,144.9,6.90,25.12,0.1733,5.77,746.0,85.0
16454,144.9,6.90,25.12,0.1733,5.77,746.0,85.0
16461,144.9,6.90,25.12,0.1733,5.77,746.0,85.0
16468,144.9,6.90,25.12,0.1733,5.77,746.0,85.0
16475,142.9,7.00,25.12,0.1758,5.69,746.0,85.0
16482,142.9,7.00,25.12,0.1758,5.69,746.0,85.0
16489,144.9,6.90,25.12,0.1733,5.77,746.0,85.0
16496,138.9,7.20,25.12,0.1809,5.53,746.0,85.0
16503,147.1,6.80,25.12,0.1708,5.86,746.0,85.0
16510,144.9,6.90,25.12,0.1733,5.77,746.0,85.0
16517,144.9,6.90,25.12,0.1733,5.77,746.0,85.0
16524,140.8,7.10,25.12,0.1784,5.61,746.0,85.0
16531,144.9,6.90,25.12,0.1733,5.77,746.0,85.0
16538,147.1,6.80,25.12,0.1708,5.86,746.0,85.0
16545,140.8,7.10,25.12,0.1784,5.61,746.0,85.0
16552,144.9,6.90,25.12,0.1733,5.77,746.0,85.0
16559,142.9,7.00,25.12,0.1758,5.69,746.0,85.0
16565,147.1,6.80,25.12,0.1708,5.86,746.0,85.0
16572,142.9,7.00,25.12,0.1758,5.69,746.0,85.0
16579,144.9,6.90,25.12,0.1733,5.77,746.0,85.0
16586,142.9,7.00,25.12,0.1758,5.69,746.0,85.0
16593,144.9,6.90,25.12,0.1733,5.77,746.0,85.0
16600,142.9,7.00,25.12,0.1758,5.69,746.0,85.0
16607,144.9,6.90,25.12,0.1733,5.77,746.0,85.0
16614,140.8,7.10,25.12,0.1784,5.61,746.0,85.0
16621,144.9,6.90,25.12,0.1733,5.77,746.0,85.0
16628,142.9,7.00,25.12,0.1758,5.69,746.0,85.0
16635,144.9,6.90,25.12,0.1733,5.77,746.0,85.0
16642,144.9,6.90,25.12,0.1733,5.77,746.0,85.0
16649,144.9,6.90,25.12,0.1733,5.77,746.0,85.0
16656,144.9,6.90,25.12,0.1733,5.77,746.0,85.0
16663,142.9,7.00,25.12,0.1758,5.69,746.0,85.0
16670,144.9,6.90,25.12,0.1733,5.77,746.0,85.0
16677,142.9,7.00,25.12,0.1758,5.69,746.0,85.0
16684,142.9,7.00,25.12,0.1758,5.69,746.0,85.0
16690,147.1,6.80,25.12,0.1708,5.86,746.0,85.0
16697,142.9,7.00,25.12,0.1759,5.69,746.0,85.0
16704,144.9,6.90,25.12,0.1733,5.77,746.0,85.0
16711,142.9,7.00,25.12,0.1759,5.69,746.0,85.0
16718,144.9,6.90,25.12,0.1734,5.77,746.0,85.0
16725,144.9,6.90,25.12,0.1734,5.77,746.0,85.0
16732,142.9,7.00,25.13,0.1759,5.69,746.0,85.0
16739,142.9,7.00,25.13,0.1759,5.69,746.0,85.0
16746,144.9,6.90,25.13,0.1734,5.77,746.0,85.0
16753,142.9,7.00,25.13,0.1759,5.69,746.0,85.0
16760,142.9,7.00,25.13,0.1759,5.69,746.0,85.0
16767,147.1,6.80,25.13,0.1709,5.85,746.0,85.0
16774,142.9,7.00,25.13,0.1759,5.69,746.0,85.0
16781,144.9,6.90,25.13,0.1734,5.77,746.0,85.0
16788,142.9,7.00,25.13,0.1759,5.69,746.0,85.0
16795,144.9,6.90,25.13,0.1734,5.77,746.0,85.0
16802,142.9,7.00,25.13,0.1759,5.69,746.0,85.0
16808,147.1,6.80,25.13,0.1709,5.85,746.0,85.0
16816,140.8,7.10,25.13,0.1784,5.60,746.0,85.0
16822,144.9,6.90,25.13,0.1734,5.77,746.0,85.0
16829,144.9,6.90,25.13,0.1734,5.77,746.0,85.0
16836,144.9,6.90,25.13,0.1734,5.77,746.0,85.0
16843,142.9,7.00,25.13,0.1759,5.69,746.0,85.0
16850,144.9,6.90,25.13,0.1734,5.77,746.0,85.0
16857,142.9,7.00,25.13,0.1759,5.69,746.0,85.0
16864,144.9,6.90,25.13,0.1734,5.77,746.0,85.0
16871,144.9,6.90,25.13,0.1734,5.77,746.0,85.0
16878,144.9,6.90,25.13,0.1734,5.77,746.0,85.0
16885,140.8,7.10,25.13,0.1784,5.60,746.0,85.0
16892,144.9,6.90,25.13,0.1734,5.77,746.0,85.0
16899,142.9,7.00,25.13,0.1759,5.69,746.0,85.0
16906,142.9,7.00,25.13,0.1759,5.69,746.0,85.0
16913,147.1,6.80,25.13,0.1709,5.85,746.0,85.0
16920,140.8,7.10,25.13,0.1784,5.60,746.0,85.0
16927,144.9,6.90,25.13,0.1734,5.77,746.0,85.0
16933,147.1,6.80,25.13,0.1709,5.85,746.0,85.0
16940,142.9,7.00,25.13,0.1759,5.69,746.0,85.0
16948,140.8,7.10,25.13,0.1784,5.60,746.0,85.0
16954,144.9,6.90,25.13,0.1734,5.77,746.0,85.0
16961,142.9,7.00,25.13,0.1759,5.69,746.0,85.0
16968,142.9,7.00,25.13,0.1759,5.69,746.0,85.0
16975,144.9,6.90,25.13,0.1734,5.77,746.0,85.0
16982,144.9,6.90,25.13,0.1734,5.77,746.0,85.0
16989,147.1,6.80,25.13,0.1709,5.85,746.0,85.0
16996,142.9,7.00,25.13,0.1759,5.69,746.0,85.0
17003,140.8,7.10,25.13,0.1784,5.60,746.0,85.0
17010,147.1,6.80,25.13,0.1709,5.85,746.0,85.0
17017,142.9,7.00,25.13,0.1759,5.69,746.0,85.0
17024,144.9,6.90,25.13,0.1734,5.77,746.0,85.0
17031,144.9,6.90,25.13,0.1734,5.77,746.0,85.0
17038,144.9,6.90,25.13,0.1734,5.77,746.0,85.0
17045,140.8,7.10,25.13,0.1784,5.60,746.0,85.0
17052,144.9,6.90,25.13,0.1734,5.77,746.0,85.0
17059,144.9,6.90,25.13,0.1734,5.77,746.0,85.0
17066,142.9,7.00,25.13,0.1759,5.69,746.0,85.0
17073,142.9,7.00,25.13,0.1759,5.69,746.0,85.0
17079,144.9,6.90,25.13,0.1734,5.77,746.0,85.0
17086,144.9,6.90,25.13,0.1734,5.77,746.0,85.0
17093,144.9,6.90,25.13,0.1734,5.77,746.0,85.0
17100,142.9,7.00,25.13,0.1759,5.69,746.0,85.0
17107,144.9,6.90,25.13,0.1734,5.77,746.0,85.0
17114,142.9,7.00,25.13,0.1759,5.69,746.0,85.0
17121,144.9,6.90,25.13,0.1734,5.77,746.0,85.0
17128,142.9,7.00,25.13,0.1759,5.69,746.0,85.0
17135,144.9,6.90,25.13,0.1734,5.77,746.0,85.0
17142,144.9,6.90,25.13,0.1734,5.77,746.0,85.0
17149,144.9,6.90,25.13,0.1734,5.77,746.0,85.0
17156,142.9,7.00,25.13,0.1759,5.69,746.0,85.0
17163,144.9,6.90,25.13,0.1734,5.77,746.0,85.0
17170,142.9,7.00,25.13,0.1759,5.69,746.0,85.0
17177,144.9,6.90,25.13,0.1734,5.77,746.0,85.0
17183,144.9,6.90,25.13,0.1734,5.77,746.0,85.0
17190,142.9,7.00,25.13,0.1759,5.69,746.0,85.0
17197,142.9,7.00,25.13,0.1759,5.69,746.0,85.0
17204,142.9,7.00,25.13,0.1759,5.69,746.0,85.0
17211,142.9,7.00,25.13,0.1759,5.69,746.0,85.0
17218,147.1,6.80,25.13,0.1709,5.85,746.0,85.0
17225,144.9,6.90,25.13,0.1734,5.77,746.0,85.0
17232,140.8,7.10,25.14,0.1785,5.60,746.0,85.0
17239,147.1,6.80,25.14,0.1710,5.85,746.0,85.0
17246,142.9,7.00,25.15,0.1760,5.68,746.0,85.0
17253,144.9,6.90,25.15,0.1736,5.76,746.0,85.0
17260,144.9,6.90,25.16,0.1736,5.76,746.0,85.0
17267,144.9,6.90,25.16,0.1736,5.76,746.0,85.0
17274,140.8,7.10,25.17,0.1787,5.59,746.0,85.0
17281,142.9,7.00,25.17,0.1762,5.68,746.0,85.0
17288,144.9,6.90,25.18,0.1737,5.75,746.0,85.0
17295,142.9,7.00,25.19,0.1763,5.67,746.0,85.0
17302,144.9,6.90,25.19,0.1738,5.75,746.0,85.0
17309,144.9,6.90,25.20,0.1739,5.75,746.0,85.0
17316,142.9,7.00,25.20,0.1764,5.67,746.0,85.0
17322,144.9,6.90,25.21,0.1739,5.75,746.0,85.0
17329,144.9,6.90,25.21,0.1739,5.75,746.0,85.0
17336,142.9,7.00,25.21,0.1765,5.67,746.0,85.0
17343,144.9,6.90,25.21,0.1739,5.75,746.0,85.0
17350,144.9,6.90,25.21,0.1739,5.75,746.0,85.0
17357,142.9,7.00,25.21,0.1765,5.67,746.0,85.0
17364,142.9,7.00,25.21,0.1765,5.67,746.0,85.0
17371,147.1,6.80,25.21,0.1714,5.83,746.0,85.0
17378,140.8,7.10,25.21,0.1790,5.59,746.0,85.0
17385,147.1,6.80,25.21,0.1714,5.83,746.0,85.0
17392,144.9,6.90,25.21,0.1739,5.75,746.0,85.0
17399,140.8,7.10,25.21,0.1790,5.59,746.0,85.0
17406,144.9,6.90,25.21,0.1739,5.75,746.0,85.0
17413,142.9,7.00,25.21,0.1765,5.67,746.0,85.0
17420,144.9,6.90,25.21,0.1739,5.75,746.0,85.0
17427,144.9,6.90,25.21,0.1739,5.75,746.0,85.0
17434,142.9,7.00,25.21,0.1765,5.67,746.0,85.0
17441,142.9,7.00,25.21,0.1765,5.67,746.0,85.0
17448,142.9,7.00,25.21,0.1765,5.67,746.0,85.0
17454,144.9,6.90,25.21,0.1739,5.75,746.0,85.0
17461,144.9,6.90,25.21,0.1739,5.75,746.0,85.0
17468,144.9,6.90,25.21,0.1739,5.75,746.0,85.0
17475,140.8,7.10,25.21,0.1790,5.59,746.0,85.0
17482,144.9,6.90,25.21,0.1739,5.75,746.0,85.0
17489,144.9,6.90,25.21,0.1739,5.75,746.0,85.0
17496,147.1,6.80,25.21,0.1714,5.83,746.0,85.0
17503,140.8,7.10,25.21,0.1790,5.59,746.0,85.0
17510,144.9,6.90,25.21,0.1739,5.75,746.0,85.0
17517,142.9,7.00,25.21,0.1765,5.67,746.0,85.0
17524,142.9,7.00,25.21,0.1765,5.67,746.0,85.0
17531,147.1,6.80,25.21,0.1714,5.83,746.0,85.0
17538,142.9,7.00,25.21,0.1765,5.67,746.0,85.0
17545,144.9,6.90,25.21,0.1739,5.75,746.0,85.0
17552,142.9,7.00,25.21,0.1765,5.67,746.0,85.0
17559,144.9,6.90,25.21,0.1739,5.75,746.0,85.0
17566,142.9,7.00,25.21,0.1765,5.67,746.0,85.0
17572,144.9,6.90,25.21,0.1739,5.75,746.0,85.0
17579,144.9,6.90,25.21,0.1739,5.75,746.0,85.0
17586,142.9,7.00,25.21,0.1765,5.67,746.0,85.0
17593,144.9,6.90,25.21,0.1739,5.75,746.0,85.0
17600,144.9,6.90,25.21,0.1739,5.75,746.0,85.0
17607,142.9,7.00,25.21,0.1765,5.67,746.0,85.0
17614,142.9,7.00,25.21,0.1765,5.67,746.0,85.0
17621,147.1,6.80,25.21,0.1714,5.83,746.0,85.0
17628,140.8,7.10,25.21,0.1790,5.59,746.0,85.0
17635,142.9,7.00,25.21,0.1765,5.67,746.0,85.0
17642,142.9,7.00,25.21,0.1765,5.67,746.0,85.0
17649,144.9,6.90,25.21,0.1739,5.75,746.0,85.0
17656,144.9,6.90,25.21,0.1739,5.75,746.0,85.0
17663,144.9,6.90,25.21,0.1739,5.75,746.0,85.0
17670,142.9,7.00,25.21,0.1765,5.67,746.0,85.0
17677,147.1,6.80,25.21,0.1714,5.83,746.0,85.0
17684,140.8,7.10,25.21,0.1790,5.59,746.0,85.0
17691,144.9,6.90,25.21,0.1739,5.75,746.0,85.0
17698,142.9,7.00,25.21,0.1765,5.67,746.0,85.0
17704,144.9,6.90,25.21,0.1739,5.75,746.0,85.0
17711,144.9,6.90,25.21,0.1739,5.75,746.0,85.0
17718,144.9,6.90,25.21,0.1739,5.75,746.0,85.0
17725,144.9,6.90,25.21,0.1739,5.75,746.0,85.0
17732,142.9,7.00,25.21,0.1765,5.67,746.0,85.0
17739,142.9,7.00,25.21,0.1765,5.67,746.0,85.0
17746,147.1,6.80,25.21,0.1714,5.83,746.0,85.0
17753,142.9,7.00,25.21,0.1765,5.67,746.0,85.0
17760,144.9,6.90,25.21,0.1739,5.75,746.0,85.0
17767,142.9,7.00,25.21,0.1765,5.67,746.0,85.0
17774,140.8,7.10,25.22,0.1791,5.58,746.0,85.0
17781,144.9,6.90,25.23,0.1741,5.74,746.0,85.0
17788,147.1,6.80,25.24,0.1716,5.83,746.0,85.0
17795,142.9,7.00,25.25,0.1767,5.66,746.0,85.0
17802,142.9,7.00,25.26,0.1768,5.66,746.0,85.0
17808,147.1,6.80,25.27,0.1718,5.82,746.0,85.0
17815,142.9,7.00,25.28,0.1769,5.65,746.0,85.0
17822,142.9,7.00,25.28,0.1770,5.65,746.0,85.0
17829,144.9,6.90,25.29,0.1745,5.73,746.0,85.0
17836,142.9,7.00,25.30,0.1771,5.65,746.0,85.0
17843,142.9,7.00,25.31,0.1772,5.65,746.0,85.0
17850,147.1,6.80,25.32,0.1722,5.81,746.0,85.0
17857,142.9,7.00,25.33,0.1773,5.64,746.0,85.0
17864,142.9,7.00,25.34,0.1774,5.64,746.0,85.0
17871,144.9,6.90,25.35,0.1749,5.72,746.0,85.0
17878,142.9,7.00,25.35,0.1775,5.64,746.0,85.0
17885,142.9,7.00,25.35,0.1775,5.64,746.0,85.0
17892,147.1,6.80,25.35,0.1724,5.80,746.0,85.0
17899,144.9,6.90,25.35,0.1749,5.72,746.0,85.0
17906,142.9,7.00,25.35,0.1775,5.64,746.0,85.0
17913,144.9,6.90,25.35,0.1749,5.72,746.0,85.0
17920,142.9,7.00,25.35,0.1775,5.64,746.0,85.0
17927,142.9,7.00,25.35,0.1775,5.64,746.0,85.0
17933,147.1,6.80,25.35,0.1724,5.80,746.0,85.0
17940,142.9,7.00,25.35,0.1775,5.64,746.0,85.0
17947,142.9,7.00,25.35,0.1775,5.64,746.0,85.0
17954,147.1,6.80,25.35,0.1724,5.80,746.0,85.0
17961,142.9,7.00,25.35,0.1775,5.64,746.0,85.0
17968,142.9,7.00,25.35,0.1775,5.64,746.0,85.0
17975,142.9,7.00,25.35,0.1775,5.64,746.0,85.0
17982,144.9,6.90,25.35,0.1749,5.72,746.0,85.0
17989,142.9,7.00,25.35,0.1775,5.64,746.0,85.0
17996,147.1,6.80,25.35,0.1724,5.80,746.0,85.0
18003,138.9,7.20,25.35,0.1825,5.48,746.0,85.0
18010,144.9,6.90,25.35,0.1749,5.72,746.0,85.0
18017,144.9,6.90,25.35,0.1749,5.72,746.0,85.0
18024,144.9,6.90,25.35,0.1749,5.72,746.0,85.0
18031,144.9,6.90,25.35,0.1749,5.72,746.0,85.0
18038,142.9,7.00,25.35,0.1775,5.64,746.0,85.0
18045,144.9,6.90,25.35,0.1749,5.72,746.0,85.0
18052,142.9,7.00,25.35,0.1775,5.64,746.0,85.0
18059,142.9,7.00,25.35,0.1775,5.64,746.0,85.0
18066,144.9,6.90,25.35,0.1749,5.72,746.0,85.0
18072,144.9,6.90,25.35,0.1749,5.72,746.0,85.0
18079,144.9,6.90,25.35,0.1749,5.72,746.0,85.0
18086,142.9,7.00,25.35,0.1775,5.64,746.0,85.0
18093,144.9,6.90,25.35,0.1749,5.72,746.0,85.0
18100,142.9,7.00,25.35,0.1775,5.64,746.0,85.0
18107,142.9,7.00,25.35,0.1775,5.64,746.0,85.0
18114,147.1,6.80,25.35,0.1724,5.80,746.0,85.0
18121,140.8,7.10,25.35,0.1800,5.55,746.0,85.0
18128,144.9,6.90,25.35,0.1749,5.72,746.0,85.0
18135,144.9,6.90,25.35,0.1749,5.72,746.0,85.0
18142,142.9,7.00,25.35,0.1775,5.64,746.0,85.0
18149,144.9,6.90,25.35,0.1749,5.72,746.0,85.0
18156,144.9,6.90,25.35,0.1749,5.72,746.0,85.0
18163,144.9,6.90,25.35,0.1749,5.72,746.0,85.0
18170,142.9,7.00,25.35,0.1775,5.64,746.0,85.0
18177,142.9,7.00,25.35,0.1775,5.64,746.0,85.0
18183,147.1,6.80,25.35,0.1724,5.80,746.0,85.0
18190,142.9,7.00,25.35,0.1775,5.64,746.0,85.0
18197,142.9,7.00,25.35,0.1775,5.64,746.0,85.0
18204,144.9,6.90,25.35,0.1749,5.72,746.0,85.0
18211,140.8,7.10,25.36,0.1801,5.55,746.0,85.0
18218,144.9,6.90,25.37,0.1750,5.71,746.0,85.0
18225,144.9,6.90,25.38,0.1751,5.71,746.0,85.0
18232,144.9,6.90,25.38,0.1752,5.71,746.0,85.0
18239,144.9,6.90,25.39,0.1752,5.71,746.0,85.0
18246,142.9,7.00,25.40,0.1778,5.63,746.0,85.0
18253,142.9,7.00,25.41,0.1779,5.62,746.0,85.0
18260,144.9,6.90,25.42,0.1754,5.70,746.0,85.0
18267,144.9,6.90,25.43,0.1754,5.70,746.0,85.0
18274,142.9,7.00,25.44,0.1780,5.62,746.0,85.0
18281,144.9,6.90,25.44,0.1756,5.69,746.0,85.0
18288,144.9,6.90,25.45,0.1756,5.69,746.0,85.0
18295,142.9,7.00,25.46,0.1782,5.61,746.0,85.0
18302,142.9,7.00,25.47,0.1783,5.61,746.0,85.0
18308,147.1,6.80,25.48,0.1732,5.77,746.0,85.0
18316,140.8,7.10,25.48,0.1809,5.53,746.0,85.0
18322,144.9,6.90,25.48,0.1758,5.69,746.0,85.0
18329,142.9,7.00,25.48,0.1784,5.61,746.0,85.0
18336,144.9,6.90,25.48,0.1758,5.69,746.0,85.0
18343,144.9,6.90,25.48,0.1758,5.69,746.0,85.0
18350,142.9,7.00,25.48,0.1784,5.61,746.0,85.0
18357,144.9,6.90,25.48,0.1758,5.69,746.0,85.0
18364,144.9,6.90,25.48,0.1758,5.69,746.0,85.0
18371,142.9,7.00,25.48,0.1784,5.61,746.0,85.0
18378,144.9,6.90,25.48,0.1758,5.69,746.0,85.0
18385,144.9,6.90,25.48,0.1758,5.69,746.0,85.0
18392,144.9,6.90,25.48,0.1758,5.69,746.0,85.0
18399,142.9,7.00,25.48,0.1784,5.61,746.0,85.0
18406,142.9,7.00,25.48,0.1784,5.61,746.0,85.0
18413,144.9,6.90,25.48,0.1758,5.69,746.0,85.0
18420,144.9,6.90,25.48,0.1758,5.69,746.0,85.0
18427,140.8,7.10,25.48,0.1809,5.53,746.0,85.0
18433,147.1,6.80,25.48,0.1733,5.77,746.0,85.0
18441,140.8,7.10,25.48,0.1809,5.53,746.0,85.0
18447,144.9,6.90,25.48,0.1758,5.69,746.0,85.0
18454,142.9,7.00,25.48,0.1784,5.61,746.0,85.0
18461,147.1,6.80,25.48,0.1733,5.77,746.0,85.0
18468,142.9,7.00,25.48,0.1784,5.61,746.0,85.0
18475,142.9,7.00,25.48,0.1784,5.61,746.0,85.0
18482,147.1,6.80,25.48,0.1733,5.77,746.0,85.0
18489,140.8,7.10,25.48,0.1809,5.53,746.0,85.0
18496,147.1,6.80,25.48,0.1733,5.77,746.0,85.0
18503,144.9,6.90,25.48,0.1758,5.69,746.0,85.0
18510,140.8,7.10,25.48,0.1809,5.53,746.0,85.0
18517,144.9,6.90,25.48,0.1758,5.69,746.0,85.0
18524,142.9,7.00,25.48,0.1784,5.61,746.0,85.0
18531,144.9,6.90,25.48,0.1758,5.69,746.0,85.0
18538,142.9,7.00,25.48,0.1784,5.61,746.0,85.0
18545,144.9,6.90,25.48,0.1758,5.69,746.0,85.0
18552,138.9,7.20,25.48,0.1835,5.45,746.0,85.0
18561,111.1,9.00,25.48,0.2293,4.36,746.0,85.0
18567,156.2,6.40,25.48,0.1631,6.13,746.0,85.0
18574,149.3,6.70,25.48,0.1707,5.86,746.0,85.0
18579,185.2,5.40,25.48,0.1376,7.27,746.0,85.0
18586,142.9,7.00,25.48,0.1784,5.61,746.0,85.0
18593,144.9,6.90,25.48,0.1758,5.69,746.0,85.0
18600,144.9,6.90,25.48,0.1758,5.69,746.0,85.0
18607,142.9,7.00,25.48,0.1784,5.61,746.0,85.0
18614,140.8,7.10,25.48,0.1809,5.53,746.0,85.0
18621,147.1,6.80,25.48,0.1733,5.77,746.0,85.0
18628,142.9,7.00,25.48,0.1784,5.61,746.0,85.0
18635,144.9,6.90,25.48,0.1758,5.69,746.0,85.0
18642,147.1,6.80,25.48,0.1733,5.77,746.0,85.0
18649,140.8,7.10,25.48,0.1809,5.53,746.0,85.0
18656,147.1,6.80,25.48,0.1733,5.77,746.0,85.0
18663,138.9,7.20,25.48,0.1835,5.45,746.0,85.0
18670,149.3,6.70,25.48,0.1707,5.86,746.0,85.0
18677,140.8,7.10,25.48,0.1809,5.53,746.0,85.0
18683,147.1,6.80,25.48,0.1733,5.77,746.0,85.0
18691,140.8,7.10,25.48,0.1809,5.53,746.0,85.0
18697,144.9,6.90,25.48,0.1758,5.69,746.0,85.0
18704,144.9,6.90,25.48,0.1758,5.69,746.0,85.0
18711,144.9,6.90,25.48,0.1758,5.69,746.0,85.0
18718,142.9,7.00,25.48,0.1784,5.61,746.0,85.0
18725,144.9,6.90,25.48,0.1758,5.69,746.0,85.0
18732,142.9,7.00,25.48,0.1784,5.61,746.0,85.0
18739,144.9,6.90,25.48,0.1758,5.69,746.0,85.0
18746,142.9,7.00,25.48,0.1784,5.61,746.0,85.0
18753,142.9,7.00,25.48,0.1784,5.61,746.0,85.0
18760,147.1,6.80,25.48,0.1733,5.77,746.0,85.0
18767,142.9,7.00,25.48,0.1784,5.61,746.0,85.0
18774,144.9,6.90,25.48,0.1758,5.69,746.0,85.0
18781,142.9,7.00,25.48,0.1784,5.61,746.0,85.0
18788,144.9,6.90,25.48,0.1758,5.69,746.0,85.0
18795,144.9,6.90,25.48,0.1758,5.69,746.0,85.0
18802,142.9,7.00,25.49,0.1784,5.61,746.0,85.0
18809,142.9,7.00,25.49,0.1784,5.61,746.0,85.0
18815,144.9,6.90,25.49,0.1759,5.69,746.0,85.0
18822,142.9,7.00,25.49,0.1784,5.61,746.0,85.0
18829,144.9,6.90,25.49,0.1759,5.69,746.0,85.0
18836,144.9,6.90,25.49,0.1759,5.68,746.0,85.0
18843,142.9,7.00,25.49,0.1784,5.61,746.0,85.0
18850,144.9,6.90,25.49,0.1759,5.68,746.0,85.0
18857,144.9,6.90,25.49,0.1759,5.68,746.0,85.0
18864,142.9,7.00,25.49,0.1784,5.61,746.0,85.0
18871,142.9,7.00,25.49,0.1784,5.61,746.0,85.0
18878,142.9,7.00,25.49,0.1784,5.61,746.0,85.0
18885,144.9,6.90,25.49,0.1759,5.68,746.0,85.0
18892,147.1,6.80,25.49,0.1733,5.77,746.0,85.0
18899,140.8,7.10,25.49,0.1810,5.52,746.0,85.0
18906,147.1,6.80,25.49,0.1733,5.77,746.0,85.0
18913,142.9,7.00,25.49,0.1784,5.61,746.0,85.0
18920,144.9,6.90,25.49,0.1759,5.68,746.0,85.0
18927,140.8,7.10,25.49,0.1810,5.52,746.0,85.0
18934,144.9,6.90,25.49,0.1759,5.68,746.0,85.0
18941,142.9,7.00,25.49,0.1784,5.61,746.0,85.0
18947,144.9,6.90,25.49,0.1759,5.68,746.0,85.0
18954,144.9,6.90,25.49,0.1759,5.68,746.0,85.0
18961,144.9,6.90,25.49,0.1759,5.68,746.0,85.0
18968,142.9,7.00,25.49,0.1784,5.61,746.0,85.0
18975,144.9,6.90,25.49,0.1759,5.68,746.0,85.0
18982,144.9,6.90,25.49,0.1759,5.68,746.0,85.0
18989,142.9,7.00,25.49,0.1784,5.61,746.0,85.0
18996,142.9,7.00,25.49,0.1784,5.61,746.0,85.0
19003,142.9,7.00,25.49,0.1784,5.61,746.0,85.0
19010,144.9,6.90,25.49,0.1759,5.68,746.0,85.0
19017,142.9,7.00,25.49,0.1784,5.61,746.0,85.0
19024,144.9,6.90,25.49,0.1759,5.68,746.0,85.0
19031,142.9,7.00,25.49,0.1784,5.61,746.0,85.0
19038,144.9,6.90,25.49,0.1759,5.68,746.0,85.0
19045,144.9,6.90,25.49,0.1759,5.68,746.0,85.0
19052,144.9,6.90,25.49,0.1759,5.68,746.0,85.0
19059,142.9,7.00,25.49,0.1784,5.61,746.0,85.0
19065,144.9,6.90,25.49,0.1759,5.68,746.0,85.0
19072,142.9,7.00,25.49,0.1784,5.61,746.0,85.0
19079,142.9,7.00,25.49,0.1784,5.61,746.0,85.0
19086,147.1,6.80,25.49,0.1733,5.77,746.0,85.0
19093,142.9,7.00,25.49,0.1784,5.61,746.0,85.0
19100,144.9,6.90,25.49,0.1759,5.68,746.0,85.0
19107,142.9,7.00,25.49,0.1784,5.61,746.0,85.0
19114,142.9,7.00,25.49,0.1784,5.61,746.0,85.0
19121,144.9,6.90,25.49,0.1759,5.68,746.0,85.0
19128,144.9,6.90,25.49,0.1759,5.68,746.0,85.0
19135,144.9,6.90,25.49,0.1759,5.68,746.0,85.0
19142,140.8,7.10,25.49,0.1810,5.52,746.0,85.0
19149,147.1,6.80,25.49,0.1733,5.77,746.0,85.0
19156,142.9,7.00,25.49,0.1784,5.61,746.0,85.0
19163,142.9,7.00,25.49,0.1784,5.61,746.0,85.0
19170,144.9,6.90,25.49,0.1759,5.68,746.0,85.0
19177,142.9,7.00,25.49,0.1784,5.61,746.0,85.0
19184,144.9,6.90,25.49,0.1759,5.68,746.0,85.0
19191,142.9,7.00,25.48,0.1784,5.61,746.0,85.0
19197,144.9,6.90,25.48,0.1758,5.69,746.0,85.0
19204,144.9,6.90,25.47,0.1757,5.69,746.0,85.0
19211,142.9,7.00,25.46,0.1782,5.61,746.0,85.0
19218,144.9,6.90,25.45,0.1756,5.69,746.0,85.0
19225,144.9,6.90,25.44,0.1756,5.70,746.0,85.0
19232,147.1,6.80,25.43,0.1730,5.78,746.0,85.0
19239,142.9,7.00,25.43,0.1780,5.62,746.0,85.0
19246,140.8,7.10,25.42,0.1805,5.54,746.0,85.0
19253,144.9,6.90,25.41,0.1753,5.70,746.0,85.0
19260,144.9,6.90,25.40,0.1753,5.70,746.0,85.0
19267,142.9,7.00,25.39,0.1777,5.63,746.0,85.0
19274,144.9,6.90,25.38,0.1751,5.71,746.0,85.0
19281,142.9,7.00,25.38,0.1776,5.63,746.0,85.0
19288,144.9,6.90,25.37,0.1750,5.71,746.0,85.0
19295,144.9,6.90,25.36,0.1750,5.71,746.0,85.0
19302,142.9,7.00,25.36,0.1775,5.63,746.0,85.0
19308,144.9,6.90,25.36,0.1750,5.71,746.0,85.0
19316,140.8,7.10,25.36,0.1801,5.55,746.0,85.0
19322,147.1,6.80,25.36,0.1724,5.80,746.0,85.0
19329,142.9,7.00,25.36,0.1775,5.63,746.0,85.0
19336,142.9,7.00,25.36,0.1775,5.63,746.0,85.0
19343,144.9,6.90,25.36,0.1750,5.71,746.0,85.0
19350,144.9,6.90,25.36,0.1750,5.71,746.0,85.0
19357,144.9,6.90,25.36,0.1750,5.71,746.0,85.0
19364,142.9,7.00,25.36,0.1775,5.63,746.0,85.0
19371,144.9,6.90,25.36,0.1750,5.71,746.0,85.0
19378,144.9,6.90,25.36,0.1750,5.71,746.0,85.0
19385,142.9,7.00,25.36,0.1775,5.63,746.0,85.0
19392,144.9,6.90,25.36,0.1750,5.71,746.0,85.0
19399,142.9,7.00,25.36,0.1775,5.63,746.0,85.0
19406,142.9,7.00,25.36,0.1775,5.63,746.0,85.0
19413,144.9,6.90,25.36,0.1750,5.71,746.0,85.0
19420,144.9,6.90,25.36,0.1750,5.71,746.0,85.0
19426,144.9,6.90,25.36,0.1750,5.71,746.0,85.0
19433,142.9,7.00,25.36,0.1775,5.63,746.0,85.0
19440,142.9,7.00,25.36,0.1775,5.63,746.0,85.0
19447,142.9,7.00,25.36,0.1775,5.63,746.0,85.0
19454,144.9,6.90,25.36,0.1750,5.71,746.0,85.0
19461,144.9,6.90,25.36,0.1750,5.71,746.0,85.0
19468,142.9,7.00,25.36,0.1775,5.63,746.0,85.0
19475,142.9,7.00,25.36,0.1775,5.63,746.0,85.0
19482,140.8,7.10,25.36,0.1801,5.55,746.0,85.0
19489,144.9,6.90,25.36,0.1750,5.71,746.0,85.0
19496,144.9,6.90,25.36,0.1750,5.71,746.0,85.0
19503,144.9,6.90,25.36,0.1750,5.71,746.0,85.0
19510,149.3,6.70,25.36,0.1699,5.89,746.0,85.0
19517,140.8,7.10,25.36,0.1801,5.55,746.0,85.0
19524,147.1,6.80,25.36,0.1724,5.80,746.0,85.0
19531,140.8,7.10,25.36,0.1801,5.55,746.0,85.0
19538,147.1,6.80,25.36,0.1724,5.80,746.0,85.0
19545,142.9,7.00,25.36,0.1775,5.63,746.0,85.0
19552,142.9,7.00,25.36,0.1775,5.63,746.0,85.0
19558,144.9,6.90,25.36,0.1750,5.71,746.0,85.0
19566,140.8,7.10,25.36,0.1801,5.55,746.0,85.0
19572,144.9,6.90,25.36,0.1750,5.71,746.0,85.0
19579,144.9,6.90,25.36,0.1750,5.71,746.0,85.0
19586,142.9,7.00,25.36,0.1775,5.63,746.0,85.0
19593,144.9,6.90,25.36,0.1750,5.71,746.0,85.0
19600,147.1,6.80,25.36,0.1724,5.80,746.0,85.0
19607,144.9,6.90,25.36,0.1750,5.71,746.0,85.0
19614,140.8,7.10,25.36,0.1801,5.55,746.0,85.0
19621,144.9,6.90,25.36,0.1750,5.71,746.0,85.0
19628,142.9,7.00,25.36,0.1775,5.63,746.0,85.0
19635,142.9,7.00,25.36,0.1775,5.63,746.0,85.0
19642,144.9,6.90,25.36,0.1750,5.71,746.0,85.0
19649,144.9,6.90,25.36,0.1750,5.71,746.0,85.0
19656,142.9,7.00,25.36,0.1775,5.63,746.0,85.0
19663,142.9,7.00,25.36,0.1775,5.63,746.0,85.0
19670,144.9,6.90,25.36,0.1750,5.71,746.0,85.0
19677,144.9,6.90,25.36,0.1750,5.71,746.0,85.0
19683,144.9,6.90,25.36,0.1750,5.71,746.0,85.0
19690,144.9,6.90,25.36,0.1750,5.71,746.0,85.0
19697,140.8,7.10,25.36,0.1801,5.55,746.0,85.0
19704,144.9,6.90,25.36,0.1750,5.71,746.0,85.0
19711,142.9,7.00,25.36,0.1775,5.63,746.0,85.0
19718,147.1,6.80,25.36,0.1724,5.80,746.0,85.0
19725,140.8,7.10,25.36,0.1801,5.55,746.0,85.0
19732,147.1,6.80,25.36,0.1724,5.80,746.0,85.0
19739,142.9,7.00,25.36,0.1775,5.64,746.0,85.0
19746,144.9,6.90,25.35,0.1749,5.71,746.0,85.0
19753,142.9,7.00,25.35,0.1775,5.64,746.0,85.0
19760,142.9,7.00,25.35,0.1774,5.64,746.0,85.0
19767,144.9,6.90,25.35,0.1749,5.72,746.0,85.0
19774,144.9,6.90,25.34,0.1749,5.72,746.0,85.0
19781,144.9,6.90,25.34,0.1749,5.72,746.0,85.0
19788,142.9,7.00,25.34,0.1774,5.64,746.0,85.0
19795,142.9,7.00,25.34,0.1774,5.64,746.0,85.0
19802,144.9,6.90,25.33,0.1748,5.72,746.0,85.0
19809,142.9,7.00,25.33,0.1773,5.64,746.0,85.0
19815,147.1,6.80,25.33,0.1722,5.81,746.0,85.0
19822,142.9,7.00,25.33,0.1773,5.64,746.0,85.0
19829,142.9,7.00,25.32,0.1773,5.64,746.0,85.0
19836,144.9,6.90,25.32,0.1747,5.72,746.0,85.0
19843,142.9,7.00,25.32,0.1772,5.64,746.0,85.0
19850,144.9,6.90,25.32,0.1747,5.72,746.0,85.0
19857,144.9,6.90,25.32,0.1747,5.72,746.0,85.0
19864,140.8,7.10,25.32,0.1798,5.56,746.0,85.0
19871,144.9,6.90,25.32,0.1747,5.72,746.0,85.0
19878,147.1,6.80,25.32,0.1722,5.81,746.0,85.0
19885,142.9,7.00,25.32,0.1772,5.64,746.0,85.0
19892,144.9,6.90,25.32,0.1747,5.72,746.0,85.0
19899,142.9,7.00,25.32,0.1772,5.64,746.0,85.0
19906,142.9,7.00,25.32,0.1772,5.64,746.0,85.0
19913,144.9,6.90,25.32,0.1747,5.72,746.0,85.0
19920,144.9,6.90,25.32,0.1747,5.72,746.0,85.0
19926,144.9,6.90,25.32,0.1747,5.72,746.0,85.0
19933,142.9,7.00,25.32,0.1772,5.64,746.0,85.0
19940,142.9,7.00,25.32,0.1772,5.64,746.0,85.0
19947,144.9,6.90,25.32,0.1747,5.72,746.0,85.0
19954,142.9,7.00,25.32,0.1772,5.64,746.0,85.0
19961,140.8,7.10,25.32,0.1798,5.56,746.0,85.0
19968,149.3,6.70,25.32,0.1696,5.90,746.0,85.0
19975,142.9,7.00,25.32,0.1772,5.64,746.0,85.0
19982,144.9,6.90,25.32,0.1747,5.72,746.0,85.0
19989,142.9,7.00,25.32,0.1772,5.64,746.0,85.0
19996,142.9,7.00,25.32,0.1772,5.64,746.0,85.0
20003,144.9,6.90,25.32,0.1747,5.72,746.0,85.0
20010,142.9,7.00,25.32,0.1772,5.64,746.0,85.0
20017,144.9,6.90,25.32,0.1747,5.72,746.0,85.0
20024,142.9,7.00,25.32,0.1772,5.64,746.0,85.0
20031,147.1,6.80,25.32,0.1722,5.81,746.0,85.0
20038,142.9,7.00,25.32,0.1772,5.64,746.0,85.0
20045,144.9,6.90,25.32,0.1747,5.72,746.0,85.0
20052,140.8,7.10,25.32,0.1798,5.56,746.0,85.0
20058,147.1,6.80,25.32,0.1722,5.81,746.0,85.0
20065,144.9,6.90,25.32,0.1747,5.72,746.0,85.0
20072,140.8,7.10,25.32,0.1798,5.56,746.0,85.0
20079,144.9,6.90,25.32,0.1747,5.72,746.0,85.0
20086,144.9,6.90,25.32,0.1747,5.72,746.0,85.0
20093,144.9,6.90,25.32,0.1747,5.72,746.0,85.0
20100,142.9,7.00,25.32,0.1772,5.64,746.0,85.0
20107,142.9,7.00,25.32,0.1772,5.64,746.0,85.0
20114,144.9,6.90,25.32,0.1747,5.72,746.0,85.0
20121,142.9,7.00,25.32,0.1772,5.64,746.0,85.0
20128,144.9,6.90,25.32,0.1747,5.72,746.0,85.0
20135,144.9,6.90,25.32,0.1747,5.72,746.0,85.0
20142,142.9,7.00,25.32,0.1772,5.64,746.0,85.0
20149,144.9,6.90,25.32,0.1747,5.72,746.0,85.0
20156,144.9,6.90,25.32,0.1747,5.72,746.0,85.0
20163,140.8,7.10,25.32,0.1798,5.56,746.0,85.0
20170,147.1,6.80,25.32,0.1722,5.81,746.0,85.0
20176,144.9,6.90,25.32,0.1747,5.72,746.0,85.0
20183,142.9,7.00,25.32,0.1772,5.64,746.0,85.0
20190,142.9,7.00,25.32,0.1772,5.64,746.0,85.0
20197,144.9,6.90,25.32,0.1747,5.72,746.0,85.0
20204,142.9,7.00,25.32,0.1772,5.64,746.0,85.0
20211,144.9,6.90,25.32,0.1747,5.72,746.0,85.0
20218,142.9,7.00,25.32,0.1772,5.64,746.0,85.0
20225,144.9,6.90,25.32,0.1747,5.72,746.0,85.0
20232,144.9,6.90,25.32,0.1747,5.72,746.0,85.0
20239,142.9,7.00,25.32,0.1772,5.64,746.0,85.0
20246,142.9,7.00,25.32,0.1772,5.64,746.0,85.0
20253,144.9,6.90,25.32,0.1747,5.72,746.0,85.0
20260,142.9,7.00,25.32,0.1772,5.64,746.0,85.0
20267,147.1,6.80,25.32,0.1722,5.81,746.0,85.0
20274,140.8,7.10,25.32,0.1798,5.56,746.0,85.0
20281,144.9,6.90,25.33,0.1747,5.72,746.0,85.0
20288,144.9,6.90,25.33,0.1748,5.72,746.0,85.0
20295,144.9,6.90,25.34,0.1749,5.72,746.0,85.0
20302,142.9,7.00,25.35,0.1774,5.64,746.0,85.0
20308,144.9,6.90,25.36,0.1750,5.71,746.0,85.0
20315,144.9,6.90,25.36,0.1750,5.71,746.0,85.0
20322,142.9,7.00,25.37,0.1776,5.63,746.0,85.0
20329,144.9,6.90,25.38,0.1751,5.71,746.0,85.0
20336,144.9,6.90,25.39,0.1752,5.71,746.0,85.0
20343,140.8,7.10,25.39,0.1803,5.54,746.0,85.0
20350,142.9,7.00,25.40,0.1778,5.63,746.0,85.0
20357,144.9,6.90,25.41,0.1753,5.70,746.0,85.0
20364,144.9,6.90,25.42,0.1754,5.70,746.0,85.0
20371,144.9,6.90,25.42,0.1754,5.70,746.0,85.0
20378,142.9,7.00,25.43,0.1780,5.62,746.0,85.0
20385,144.9,6.90,25.44,0.1755,5.70,746.0,85.0
20392,144.9,6.90,25.44,0.1755,5.70,746.0,85.0
20399,144.9,6.90,25.44,0.1755,5.70,746.0,85.0
20406,142.9,7.00,25.44,0.1781,5.62,746.0,85.0
20413,142.9,7.00,25.44,0.1781,5.62,746.0,85.0
20420,144.9,6.90,25.44,0.1755,5.70,746.0,85.0
20426,144.9,6.90,25.44,0.1755,5.70,746.0,85.0
20433,142.9,7.00,25.44,0.1781,5.62,746.0,85.0
20440,144.9,6.90,25.44,0.1755,5.70,746.0,85.0
20447,142.9,7.00,25.44,0.1781,5.62,746.0,85.0
20454,142.9,7.00,25.44,0.1781,5.62,746.0,85.0
20461,144.9,6.90,25.44,0.1755,5.70,746.0,85.0
20468,144.9,6.90,25.44,0.1755,5.70,746.0,85.0
20475,144.9,6.90,25.44,0.1755,5.70,746.0,85.0
20482,142.9,7.00,25.44,0.1781,5.62,746.0,85.0
20489,142.9,7.00,25.44,0.1781,5.62,746.0,85.0
20496,147.1,6.80,25.44,0.1730,5.78,746.0,85.0
20503,142.9,7.00,25.44,0.1781,5.62,746.0,85.0
20510,142.9,7.00,25.44,0.1781,5.62,746.0,85.0
20517,142.9,7.00,25.44,0.1781,5.62,746.0,85.0
20524,144.9,6.90,25.44,0.1755,5.70,746.0,85.0
20531,140.8,7.10,25.44,0.1806,5.53,746.0,85.0
20538,144.9,6.90,25.44,0.1755,5.70,746.0,85.0
20545,144.9,6.90,25.44,0.1755,5.70,746.0,85.0
20552,142.9,7.00,25.44,0.1781,5.62,746.0,85.0
20558,147.1,6.80,25.44,0.1730,5.78,746.0,85.0
20565,142.9,7.00,25.44,0.1781,5.62,746.0,85.0
20572,147.1,6.80,25.44,0.1730,5.78,746.0,85.0
20579,142.9,7.00,25.44,0.1781,5.62,746.0,85.0
20586,142.9,7.00,25.44,0.1781,5.62,746.0,85.0
20593,144.9,6.90,25.44,0.1755,5.70,746.0,85.0
20600,142.9,7.00,25.44,0.1781,5.62,746.0,85.0
20607,144.9,6.90,25.44,0.1755,5.70,746.0,85.0
20614,142.9,7.00,25.44,0.1781,5.62,746.0,85.0
20621,144.9,6.90,25.44,0.1755,5.70,746.0,85.0
20628,144.9,6.90,25.44,0.1755,5.70,746.0,85.0
20635,140.8,7.10,25.44,0.1806,5.53,746.0,85.0
20642,144.9,6.90,25.44,0.1755,5.70,746.0,85.0
20649,144.9,6.90,25.44,0.1755,5.70,746.0,85.0
20656,144.9,6.90,25.44,0.1755,5.70,746.0,85.0
20663,142.9,7.00,25.44,0.1781,5.62,746.0,85.0
20670,144.9,6.90,25.44,0.1755,5.70,746.0,85.0
20677,142.9,7.00,25.44,0.1781,5.62,746.0,85.0
20683,144.9,6.90,25.44,0.1755,5.70,746.0,85.0
20690,142.9,7.00,25.44,0.1781,5.62,746.0,85.0
20697,144.9,6.90,25.44,0.1755,5.70,746.0,85.0
20704,144.9,6.90,25.44,0.1755,5.70,746.0,85.0
20711,144.9,6.90,25.44,0.1755,5.70,746.0,85.0
20718,142.9,7.00,25.45,0.1781,5.62,746.0,85.0
20725,144.9,6.90,25.46,0.1757,5.69,746.0,85.0
20732,140.8,7.10,25.47,0.1809,5.53,746.0,85.0
20739,147.1,6.80,25.49,0.1733,5.77,746.0,85.0
20746,142.9,7.00,25.50,0.1785,5.60,746.0,85.0
20753,144.9,6.90,25.51,0.1760,5.68,746.0,85.0
20760,147.1,6.80,25.52,0.1736,5.76,746.0,85.0
20767,142.9,7.00,25.54,0.1788,5.60,746.0,85.0
20774,142.9,7.00,25.55,0.1788,5.59,746.0,85.0
20781,144.9,6.90,25.56,0.1764,5.67,746.0,85.0
20788,144.9,6.90,25.57,0.1765,5.67,746.0,85.0
20794,144.9,6.90,25.58,0.1765,5.66,746.0,85.0
20802,140.8,7.10,25.60,0.1817,5.50,746.0,85.0
20808,144.9,6.90,25.61,0.1767,5.66,746.0,85.0
20815,144.9,6.90,25.62,0.1768,5.66,746.0,85.0
20822,144.9,6.90,25.63,0.1768,5.65,746.0,85.0
20829,142.9,7.00,25.63,0.1794,5.58,746.0,85.0
20836,142.9,7.00,25.63,0.1794,5.58,746.0,85.0
20843,144.9,6.90,25.63,0.1768,5.65,746.0,85.0
20850,142.9,7.00,25.63,0.1794,5.58,746.0,85.0
20857,144.9,6.90,25.63,0.1768,5.65,746.0,85.0
20864,142.9,7.00,25.63,0.1794,5.58,746.0,85.0
20871,147.1,6.80,25.63,0.1743,5.74,746.0,85.0
20878,142.9,7.00,25.63,0.1794,5.58,746.0,85.0
20885,144.9,6.90,25.63,0.1768,5.65,746.0,85.0
20892,140.8,7.10,25.63,0.1820,5.49,746.0,85.0
20899,147.1,6.80,25.63,0.1743,5.74,746.0,85.0
20906,144.9,6.90,25.63,0.1768,5.65,746.0,85.0
20913,140.8,7.10,25.63,0.1820,5.49,746.0,85.0
20920,142.9,7.00,25.63,0.1794,5.58,746.0,85.0
20927,142.9,7.00,25.63,0.1794,5.58,746.0,85.0
20933,147.1,6.80,25.63,0.1743,5.74,746.0,85.0
20941,138.9,7.20,25.63,0.1845,5.42,746.0,85.0
20948,144.9,6.90,25.63,0.1768,5.65,746.0,85.0
20954,147.1,6.80,25.63,0.1743,5.74,746.0,85.0
20961,142.9,7.00,25.63,0.1794,5.58,746.0,85.0
20968,142.9,7.00,25.63,0.1794,5.58,746.0,85.0
20975,147.1,6.80,25.63,0.1743,5.74,746.0,85.0
20982,142.9,7.00,25.63,0.1794,5.58,746.0,85.0
20989,142.9,7.00,25.63,0.1794,5.58,746.0,85.0
20996,147.1,6.80,25.63,0.1743,5.74,746.0,85.0
21003,144.9,6.90,25.63,0.1768,5.65,746.0,85.0
21010,142.9,7.00,25.63,0.1794,5.58,746.0,85.0
21017,144.9,6.90,25.63,0.1768,5.65,746.0,85.0
21024,142.9,7.00,25.63,0.1794,5.58,746.0,85.0
21031,142.9,7.00,25.63,0.1794,5.58,746.0,85.0
21038,147.1,6.80,25.63,0.1743,5.74,746.0,85.0
21045,140.8,7.10,25.63,0.1820,5.49,746.0,85.0
21052,142.9,7.00,25.63,0.1794,5.58,746.0,85.0
21059,144.9,6.90,25.63,0.1768,5.65,746.0,85.0
21066,142.9,7.00,25.63,0.1794,5.58,746.0,85.0
21072,149.3,6.70,25.63,0.1717,5.83,746.0,85.0
21079,142.9,7.00,25.63,0.1794,5.58,746.0,85.0
21086,140.8,7.10,25.63,0.1820,5.49,746.0,85.0
21093,144.9,6.90,25.63,0.1768,5.65,746.0,85.0
21100,144.9,6.90,25.63,0.1768,5.65,746.0,85.0
21107,144.9,6.90,25.63,0.1768,5.65,746.0,85.0
21114,142.9,7.00,25.63,0.1794,5.58,746.0,85.0
21121,144.9,6.90,25.63,0.1768,5.65,746.0,85.0
21128,144.9,6.90,25.63,0.1768,5.65,746.0,85.0
21135,142.9,7.00,25.63,0.1794,5.58,746.0,85.0
21142,144.9,6.90,25.63,0.1768,5.65,746.0,85.0
21149,142.9,7.00,25.63,0.1794,5.58,746.0,85.0
21156,144.9,6.90,25.63,0.1768,5.65,746.0,85.0
21163,142.9,7.00,25.63,0.1794,5.58,746.0,85.0
21170,144.9,6.90,25.63,0.1768,5.65,746.0,85.0
21176,144.9,6.90,25.63,0.1768,5.65,746.0,85.0
21183,142.9,7.00,25.63,0.1794,5.58,746.0,85.0
21190,142.9,7.00,25.63,0.1794,5.58,746.0,85.0
21197,144.9,6.90,25.63,0.1768,5.65,746.0,85.0
21204,144.9,6.90,25.63,0.1768,5.65,746.0,85.0
21211,142.9,7.00,25.63,0.1794,5.58,746.0,85.0
21218,144.9,6.90,25.63,0.1768,5.65,746.0,85.0
21225,144.9,6.90,25.63,0.1768,5.65,746.0,85.0
21232,142.9,7.00,25.63,0.1794,5.58,746.0,85.0
21239,142.9,7.00,25.63,0.1794,5.58,746.0,85.0
21246,142.9,7.00,25.63,0.1794,5.58,746.0,85.0
21253,144.9,6.90,25.63,0.1768,5.65,746.0,85.0
21260,142.9,7.00,25.64,0.1795,5.57,746.0,85.0
21267,144.9,6.90,25.66,0.1771,5.65,746.0,85.0
21274,144.9,6.90,25.68,0.1772,5.64,746.0,85.0
21281,142.9,7.00,25.70,0.1799,5.56,746.0,85.0
21288,144.9,6.90,25.72,0.1775,5.63,746.0,85.0
21295,144.9,6.90,25.74,0.1776,5.63,746.0,85.0
21302,142.9,7.00,25.76,0.1803,5.55,746.0,85.0
21308,147.1,6.80,25.77,0.1752,5.71,746.0,85.0
21315,140.8,7.10,25.79,0.1831,5.46,746.0,85.0
21322,147.1,6.80,25.81,0.1755,5.70,746.0,85.0
21329,142.9,7.00,25.83,0.1808,5.53,746.0,85.0
21336,140.8,7.10,25.85,0.1835,5.45,746.0,85.0
21343,144.9,6.90,25.86,0.1785,5.60,746.0,85.0
21350,144.9,6.90,25.88,0.1786,5.60,746.0,85.0
21357,142.9,7.00,25.90,0.1813,5.52,746.0,85.0
21364,147.1,6.80,25.92,0.1763,5.68,746.0,85.0
21371,142.9,7.00,25.92,0.1814,5.51,746.0,85.0
21378,142.9,7.00,25.92,0.1814,5.51,746.0,85.0
21385,142.9,7.00,25.92,0.1814,5.51,746.0,85.0
21392,144.9,6.90,25.92,0.1788,5.59,746.0,85.0
21399,144.9,6.90,25.92,0.1788,5.59,746.0,85.0
21406,144.9,6.90,25.92,0.1788,5.59,746.0,85.0
21413,144.9,6.90,25.92,0.1788,5.59,746.0,85.0
21420,142.9,7.00,25.92,0.1814,5.51,746.0,85.0
21427,140.8,7.10,25.92,0.1840,5.43,746.0,85.0
21433,147.1,6.80,25.92,0.1763,5.68,746.0,85.0
21440,144.9,6.90,25.92,0.1788,5.59,746.0,85.0
21447,142.9,7.00,25.92,0.1814,5.51,746.0,85.0
21454,140.8,7.10,25.92,0.1840,5.43,746.0,85.0
21461,147.1,6.80,25.92,0.1763,5.68,746.0,85.0
21468,144.9,6.90,25.92,0.1788,5.59,746.0,85.0
21475,142.9,7.00,25.92,0.1814,5.51,746.0,85.0
21482,142.9,7.00,25.92,0.1814,5.51,746.0,85.0
21489,144.9,6.90,25.92,0.1788,5.59,746.0,85.0
21496,144.9,6.90,25.92,0.1788,5.59,746.0,85.0
21503,142.9,7.00,25.92,0.1814,5.51,746.0,85.0
21510,144.9,6.90,25.92,0.1788,5.59,746.0,85.0
21517,147.1,6.80,25.92,0.1763,5.68,746.0,85.0
21524,142.9,7.00,25.92,0.1814,5.51,746.0,85.0
21531,142.9,7.00,25.92,0.1814,5.51,746.0,85.0
21538,144.9,6.90,25.92,0.1788,5.59,746.0,85.0
21545,142.9,7.00,25.92,0.1814,5.51,746.0,85.0
21551,147.1,6.80,25.92,0.1763,5.68,746.0,85.0
21558,140.8,7.10,25.92,0.1840,5.43,746.0,85.0
21565,147.1,6.80,25.92,0.1763,5.68,746.0,85.0
21572,142.9,7.00,25.92,0.1814,5.51,746.0,85.0
21579,142.9,7.00,25.92,0.1814,5.51,746.0,85.0
21586,144.9,6.90,25.92,0.1788,5.59,746.0,85.0
21593,142.9,7.00,25.92,0.1814,5.51,746.0,85.0
21600,147.1,6.80,25.92,0.1763,5.68,746.0,85.0
21607,140.8,7.10,25.92,0.1840,5.43,746.0,85.0
21614,142.9,7.00,25.92,0.1814,5.51,746.0,85.0
21621,147.1,6.80,25.92,0.1763,5.68,746.0,85.0
21628,142.9,7.00,25.92,0.1814,5.51,746.0,85.0
21635,144.9,6.90,25.92,0.1788,5.59,746.0,85.0
21642,142.9,7.00,25.92,0.1814,5.51,746.0,85.0
21649,142.9,7.00,25.92,0.1814,5.51,746.0,85.0
21656,144.9,6.90,25.92,0.1788,5.59,746.0,85.0
21663,144.9,6.90,25.92,0.1788,5.59,746.0,85.0
21670,142.9,7.00,25.92,0.1814,5.51,746.0,85.0
21676,144.9,6.90,25.92,0.1788,5.59,746.0,85.0
21683,142.9,7.00,25.92,0.1814,5.51,746.0,85.0
21690,142.9,7.00,25.92,0.1814,5.51,746.0,85.0
21697,144.9,6.90,25.93,0.1789,5.59,746.0,85.0
21704,144.9,6.90,25.95,0.1791,5.58,746.0,85.0
21711,144.9,6.90,25.97,0.1792,5.58,746.0,85.0
21718,142.9,7.00,25.99,0.1819,5.50,746.0,85.0
21725,140.8,7.10,26.01,0.1847,5.41,746.0,85.0
21732,147.1,6.80,26.03,0.1770,5.65,746.0,85.0
21739,147.1,6.80,26.05,0.1771,5.65,746.0,85.0
21746,138.9,7.20,26.07,0.1877,5.33,746.0,85.0
21753,144.9,6.90,26.08,0.1800,5.56,746.0,85.0
21760,142.9,7.00,26.10,0.1827,5.47,746.0,85.0
21767,147.1,6.80,26.12,0.1776,5.63,746.0,85.0
21774,142.9,7.00,26.14,0.1830,5.47,746.0,85.0
21781,147.1,6.80,26.16,0.1779,5.62,746.0,85.0
21788,142.9,7.00,26.18,0.1832,5.46,746.0,85.0
21795,142.9,7.00,26.20,0.1834,5.45,746.0,85.0
21802,142.9,7.00,26.21,0.1835,5.45,746.0,85.0
21808,144.9,6.90,26.21,0.1808,5.53,746.0,85.0
21815,142.9,7.00,26.21,0.1835,5.45,746.0,85.0
21822,144.9,6.90,26.21,0.1808,5.53,746.0,85.0
21829,144.9,6.90,26.21,0.1808,5.53,746.0,85.0
21836,142.9,7.00,26.21,0.1835,5.45,746.0,85.0
21843,142.9,7.00,26.21,0.1835,5.45,746.0,85.0
21850,144.9,6.90,26.21,0.1808,5.53,746.0,85.0
21857,144.9,6.90,26.21,0.1808,5.53,746.0,85.0
21864,142.9,7.00,26.21,0.1835,5.45,746.0,85.0
21871,147.1,6.80,26.21,0.1782,5.61,746.0,85.0
21878,142.9,7.00,26.21,0.1835,5.45,746.0,85.0
21885,133.3,7.50,26.21,0.1966,5.09,746.0,85.0
21896,95.2,10.50,26.21,0.2752,3.63,746.0,85.0
21904,120.5,8.30,26.21,0.2175,4.60,746.0,85.0
21912,126.6,7.90,26.21,0.2071,4.83,746.0,85.0
21918,161.3,6.20,26.21,0.1625,6.15,746.0,85.0
21924,161.3,6.20,26.21,0.1625,6.15,746.0,85.0
21931,147.1,6.80,26.21,0.1782,5.61,746.0,85.0
21937,161.3,6.20,26.21,0.1625,6.15,746.0,85.0
21944,163.9,6.10,26.21,0.1599,6.25,746.0,85.0
21950,153.8,6.50,26.21,0.1704,5.87,746.0,85.0
21955,208.3,4.80,26.21,0.1258,7.95,746.0,85.0
21961,153.8,6.50,26.21,0.1704,5.87,746.0,85.0
21968,147.1,6.80,26.21,0.1782,5.61,746.0,85.0
21975,140.8,7.10,26.21,0.1861,5.37,746.0,85.0
21982,144.9,6.90,26.21,0.1808,5.53,746.0,85.0
21989,142.9,7.00,26.21,0.1835,5.45,746.0,85.0
21996,147.1,6.80,26.21,0.1782,5.61,746.0,85.0
22003,144.9,6.90,26.21,0.1808,5.53,746.0,85.0
22010,144.9,6.90,26.21,0.1808,5.53,746.0,85.0
22017,140.8,7.10,26.21,0.1861,5.37,746.0,85.0
22024,144.9,6.90,26.21,0.1808,5.53,746.0,85.0
22031,144.9,6.90,26.21,0.1808,5.53,746.0,85.0
22038,142.9,7.00,26.21,0.1835,5.45,746.0,85.0
22045,142.9,7.00,26.21,0.1835,5.45,746.0,85.0
22051,147.1,6.80,26.21,0.1782,5.61,746.0,85.0
22058,142.9,7.00,26.21,0.1835,5.45,746.0,85.0
22065,144.9,6.90,26.21,0.1808,5.53,746.0,85.0
22072,140.8,7.10,26.21,0.1861,5.37,746.0,85.0
22079,147.1,6.80,26.21,0.1782,5.61,746.0,85.0
22086,142.9,7.00,26.21,0.1835,5.45,746.0,85.0
22093,142.9,7.00,26.21,0.1835,5.45,746.0,85.0
22100,142.9,7.00,26.21,0.1835,5.45,746.0,85.0
22107,144.9,6.90,26.21,0.1808,5.53,746.0,85.0
22114,144.9,6.90,26.21,0.1808,5.53,746.0,85.0
22121,144.9,6.90,26.21,0.1808,5.53,746.0,85.0
22128,144.9,6.90,26.21,0.1808,5.53,746.0,85.0
22135,142.9,7.00,26.21,0.1835,5.45,746.0,85.0
22142,144.9,6.90,26.21,0.1808,5.53,746.0,85.0
22149,140.8,7.10,26.21,0.1861,5.37,746.0,85.0
22156,147.1,6.80,26.21,0.1782,5.61,746.0,85.0
22163,142.9,7.00,26.21,0.1835,5.45,746.0,85.0
22169,147.1,6.80,26.21,0.1782,5.61,746.0,85.0
22176,142.9,7.00,26.21,0.1835,5.45,746.0,85.0
22183,142.9,7.00,26.21,0.1835,5.45,746.0,85.0
22190,144.9,6.90,26.21,0.1808,5.53,746.0,85.0
22197,142.9,7.00,26.21,0.1835,5.45,746.0,85.0
22204,144.9,6.90,26.21,0.1808,5.53,746.0,85.0
22211,142.9,7.00,26.21,0.1835,5.45,746.0,85.0
22218,144.9,6.90,26.21,0.1808,5.53,746.0,85.0
22225,144.9,6.90,26.21,0.1808,5.53,746.0,85.0
22232,142.9,7.00,26.21,0.1835,5.45,746.0,85.0
22239,142.9,7.00,26.21,0.1835,5.45,746.0,85.0
22246,142.9,7.00,26.22,0.1835,5.45,746.0,85.0
22253,147.1,6.80,26.23,0.1784,5.61,746.0,85.0
22260,142.9,7.00,26.24,0.1837,5.45,746.0,85.0
22267,144.9,6.90,26.25,0.1811,5.52,746.0,85.0
22274,144.9,6.90,26.26,0.1812,5.52,746.0,85.0
22281,142.9,7.00,26.27,0.1839,5.44,746.0,85.0
22288,142.9,7.00,26.28,0.1840,5.44,746.0,85.0
22295,144.9,6.90,26.29,0.1814,5.51,746.0,85.0
22302,142.9,7.00,26.30,0.1841,5.43,746.0,85.0
22309,142.9,7.00,26.31,0.1842,5.43,746.0,85.0
22315,147.1,6.80,26.32,0.1790,5.59,746.0,85.0
22322,144.9,6.90,26.33,0.1817,5.50,746.0,85.0
22329,144.9,6.90,26.34,0.1818,5.50,746.0,85.0
22336,140.8,7.10,26.35,0.1871,5.34,746.0,85.0
22343,147.1,6.80,26.36,0.1793,5.58,746.0,85.0
22350,140.8,7.10,26.37,0.1872,5.34,746.0,85.0
22357,144.9,6.90,26.37,0.1820,5.49,746.0,85.0
22364,144.9,6.90,26.37,0.1820,5.49,746.0,85.0
22371,144.9,6.90,26.37,0.1820,5.49,746.0,85.0
22378,142.9,7.00,26.37,0.1846,5.42,746.0,85.0
22385,144.9,6.90,26.37,0.1820,5.49,746.0,85.0
22392,144.9,6.90,26.37,0.1820,5.49,746.0,85.0
22399,140.8,7.10,26.37,0.1872,5.34,746.0,85.0
22406,144.9,6.90,26.37,0.1820,5.49,746.0,85.0
22413,142.9,7.00,26.37,0.1846,5.42,746.0,85.0
22420,144.9,6.90,26.37,0.1820,5.49,746.0,85.0
22426,144.9,6.90,26.37,0.1820,5.49,746.0,85.0
22433,142.9,7.00,26.37,0.1846,5.42,746.0,85.0
22440,142.9,7.00,26.37,0.1846,5.42,746.0,85.0
22447,147.1,6.80,26.37,0.1793,5.58,746.0,85.0
22454,142.9,7.00,26.37,0.1846,5.42,746.0,85.0
22461,142.9,7.00,26.37,0.1846,5.42,746.0,85.0
22468,144.9,6.90,26.37,0.1820,5.49,746.0,85.0
22475,142.9,7.00,26.37,0.1846,5.42,746.0,85.0
22482,147.1,6.80,26.37,0.1793,5.58,746.0,85.0
22489,142.9,7.00,26.37,0.1846,5.42,746.0,85.0
22496,142.9,7.00,26.37,0.1846,5.42,746.0,85.0
22503,142.9,7.00,26.37,0.1846,5.42,746.0,85.0
22510,144.9,6.90,26.37,0.1820,5.49,746.0,85.0
22517,144.9,6.90,26.37,0.1820,5.49,746.0,85.0
22524,144.9,6.90,26.37,0.1820,5.49,746.0,85.0
22531,142.9,7.00,26.37,0.1846,5.42,746.0,85.0
22538,142.9,7.00,26.37,0.1846,5.42,746.0,85.0
22545,144.9,6.90,26.37,0.1820,5.49,746.0,85.0
22551,144.9,6.90,26.37,0.1820,5.49,746.0,85.0
22559,140.8,7.10,26.37,0.1872,5.34,746.0,85.0
22565,144.9,6.90,26.37,0.1820,5.49,746.0,85.0
22572,144.9,6.90,26.37,0.1820,5.49,746.0,85.0
22579,142.9,7.00,26.37,0.1846,5.42,746.0,85.0
22586,144.9,6.90,26.37,0.1820,5.49,746.0,85.0
22593,142.9,7.00,26.37,0.1846,5.42,746.0,85.0
22600,147.1,6.80,26.37,0.1793,5.58,746.0,85.0
22607,142.9,7.00,26.37,0.1846,5.42,746.0,85.0
22614,144.9,6.90,26.37,0.1820,5.49,746.0,85.0
22621,144.9,6.90,26.37,0.1820,5.49,746.0,85.0
22628,144.9,6.90,26.37,0.1820,5.49,746.0,85.0
22635,140.8,7.10,26.37,0.1872,5.34,746.0,85.0
22642,144.9,6.90,26.37,0.1820,5.49,746.0,85.0
22649,144.9,6.90,26.37,0.1820,5.49,746.0,85.0
22656,144.9,6.90,26.37,0.1820,5.49,746.0,85.0
22663,142.9,7.00,26.37,0.1846,5.42,746.0,85.0
22669,144.9,6.90,26.37,0.1820,5.49,746.0,85.0
22676,144.9,6.90,26.37,0.1820,5.49,746.0,85.0
22683,142.9,7.00,26.38,0.1846,5.42,746.0,85.0
22690,142.9,7.00,26.38,0.1847,5.42,746.0,85.0
22697,142.9,7.00,26.39,0.1847,5.41,746.0,85.0
22704,144.9,6.90,26.40,0.1821,5.49,746.0,85.0
22711,140.8,7.10,26.40,0.1875,5.33,746.0,85.0
22718,142.9,7.00,26.41,0.1849,5.41,746.0,85.0
22725,147.1,6.80,26.42,0.1796,5.57,746.0,85.0
22732,142.9,7.00,26.42,0.1850,5.41,746.0,85.0
22739,144.9,6.90,26.43,0.1824,5.48,746.0,85.0
22746,142.9,7.00,26.44,0.1851,5.41,746.0,85.0
22753,144.9,6.90,26.44,0.1825,5.48,746.0,85.0
22760,147.1,6.80,26.45,0.1799,5.56,746.0,85.0
22767,142.9,7.00,26.46,0.1852,5.40,746.0,85.0
22774,144.9,6.90,26.46,0.1826,5.48,746.0,85.0
22781,142.9,7.00,26.47,0.1853,5.40,746.0,85.0
22788,144.9,6.90,26.47,0.1826,5.47,746.0,85.0
22795,142.9,7.00,26.47,0.1853,5.40,746.0,85.0
22801,144.9,6.90,26.47,0.1826,5.47,746.0,85.0
22808,144.9,6.90,26.47,0.1826,5.47,746.0,85.0
22815,142.9,7.00,26.47,0.1853,5.40,746.0,85.0
22822,142.9,7.00,26.47,0.1853,5.40,746.0,85.0
22829,144.9,6.90,26.47,0.1826,5.47,746.0,85.0
22836,140.8,7.10,26.47,0.1879,5.32,746.0,85.0
22843,147.1,6.80,26.47,0.1800,5.56,746.0,85.0
22850,144.9,6.90,26.47,0.1826,5.47,746.0,85.0
22857,142.9,7.00,26.47,0.1853,5.40,746.0,85.0
22864,147.1,6.80,26.47,0.1800,5.56,746.0,85.0
22871,142.9,7.00,26.47,0.1853,5.40,746.0,85.0
22878,144.9,6.90,26.47,0.1826,5.47,746.0,85.0
22885,142.9,7.00,26.47,0.1853,5.40,746.0,85.0
22892,144.9,6.90,26.47,0.1826,5.47,746.0,85.0
22899,140.8,7.10,26.47,0.1879,5.32,746.0,85.0
22906,147.1,6.80,26.47,0.1800,5.56,746.0,85.0
22913,142.9,7.00,26.47,0.1853,5.40,746.0,85.0
22919,144.9,6.90,26.47,0.1826,5.47,746.0,85.0
22926,142.9,7.00,26.47,0.1853,5.40,746.0,85.0
22933,142.9,7.00,26.47,0.1853,5.40,746.0,85.0
22940,142.9,7.00,26.47,0.1853,5.40,746.0,85.0
22947,144.9,6.90,26.47,0.1826,5.47,746.0,85.0
22954,144.9,6.90,26.47,0.1826,5.47,746.0,85.0
22961,142.9,7.00,26.47,0.1853,5.40,746.0,85.0
22968,142.9,7.00,26.47,0.1853,5.40,746.0,85.0
22975,142.9,7.00,26.47,0.1853,5.40,746.0,85.0
22982,147.1,6.80,26.47,0.1800,5.56,746.0,85.0
22989,142.9,7.00,26.47,0.1853,5.40,746.0,85.0
22996,144.9,6.90,26.47,0.1826,5.47,746.0,85.0
23003,144.9,6.90,26.47,0.1826,5.47,746.0,85.0
23010,140.8,7.10,26.47,0.1879,5.32,746.0,85.0
23017,144.9,6.90,26.47,0.1826,5.47,746.0,85.0
23024,142.9,7.00,26.47,0.1853,5.40,746.0,85.0
23031,144.9,6.90,26.47,0.1826,5.47,746.0,85.0
23038,142.9,7.00,26.47,0.1853,5.40,746.0,85.0
23045,144.9,6.90,26.47,0.1826,5.47,746.0,85.0
23051,147.1,6.80,26.47,0.1800,5.56,746.0,85.0
23059,140.8,7.10,26.47,0.1879,5.32,746.0,85.0
23065,147.1,6.80,26.47,0.1800,5.56,746.0,85.0
23072,142.9,7.00,26.47,0.1853,5.40,746.0,85.0
23079,144.9,6.90,26.47,0.1826,5.47,746.0,85.0
23086,140.8,7.10,26.47,0.1879,5.32,746.0,85.0
23093,144.9,6.90,26.47,0.1826,5.47,746.0,85.0
23100,144.9,6.90,26.47,0.1826,5.47,746.0,85.0
23107,140.8,7.10,26.47,0.1879,5.32,746.0,85.0
23114,144.9,6.90,26.47,0.1826,5.47,746.0,85.0
23121,142.9,7.00,26.47,0.1853,5.40,746.0,85.0
23128,147.1,6.80,26.47,0.1800,5.56,746.0,85.0
23135,144.9,6.90,26.47,0.1826,5.47,746.0,85.0
23142,142.9,7.00,26.47,0.1853,5.40,746.0,85.0
23149,142.9,7.00,26.47,0.1853,5.40,746.0,85.0
23156,147.1,6.80,26.47,0.1800,5.56,746.0,85.0
23163,140.8,7.10,26.47,0.1879,5.32,746.0,85.0
23170,142.9,7.00,26.47,0.1853,5.40,746.0,85.0
23177,147.1,6.80,26.47,0.1800,5.56,746.0,85.0
23183,144.9,6.90,26.47,0.1826,5.47,746.0,85.0
23190,144.9,6.90,26.47,0.1826,5.47,746.0,85.0
23197,144.9,6.90,26.47,0.1826,5.47,746.0,85.0
23204,142.9,7.00,26.47,0.1853,5.40,746.0,85.0
23211,140.8,7.10,26.47,0.1879,5.32,746.0,85.0
23218,144.9,6.90,26.47,0.1826,5.47,746.0,85.0
23225,142.9,7.00,26.47,0.1853,5.40,746.0,85.0
23232,144.9,6.90,26.48,0.1827,5.47,746.0,85.0
23239,144.9,6.90,26.48,0.1827,5.47,746.0,85.0
23246,144.9,6.90,26.48,0.1827,5.47,746.0,85.0
23253,142.9,7.00,26.49,0.1854,5.39,746.0,85.0
23260,144.9,6.90,26.49,0.1828,5.47,746.0,85.0
23267,144.9,6.90,26.50,0.1828,5.47,746.0,85.0
23274,142.9,7.00,26.50,0.1855,5.39,746.0,85.0
23281,142.9,7.00,26.50,0.1855,5.39,746.0,85.0
23288,144.9,6.90,26.51,0.1829,5.47,746.0,85.0
23294,147.1,6.80,26.51,0.1803,5.55,746.0,85.0
23301,142.9,7.00,26.51,0.1856,5.39,746.0,85.0
23308,142.9,7.00,26.52,0.1856,5.39,746.0,85.0
23315,144.9,6.90,26.52,0.1830,5.46,746.0,85.0
23322,142.9,7.00,26.53,0.1857,5.39,746.0,85.0
23329,144.9,6.90,26.53,0.1831,5.46,746.0,85.0
23336,142.9,7.00,26.53,0.1857,5.39,746.0,85.0
23343,142.9,7.00,26.53,0.1857,5.39,746.0,85.0
23350,144.9,6.90,26.53,0.1831,5.46,746.0,85.0
23357,144.9,6.90,26.53,0.1831,5.46,746.0,85.0
23364,144.9,6.90,26.53,0.1831,5.46,746.0,85.0
23371,142.9,7.00,26.53,0.1857,5.39,746.0,85.0
23378,144.9,6.90,26.53,0.1831,5.46,746.0,85.0
23385,142.9,7.00,26.53,0.1857,5.39,746.0,85.0
23392,142.9,7.00,26.53,0.1857,5.39,746.0,85.0
23399,144.9,6.90,26.53,0.1831,5.46,746.0,85.0
23406,144.9,6.90,26.53,0.1831,5.46,746.0,85.0
23413,142.9,7.00,26.53,0.1857,5.39,746.0,85.0
23420,144.9,6.90,26.53,0.1831,5.46,746.0,85.0
23427,142.9,7.00,26.53,0.1857,5.39,746.0,85.0
23433,147.1,6.80,26.53,0.1804,5.54,746.0,85.0
23440,142.9,7.00,26.53,0.1857,5.39,746.0,85.0
23447,142.9,7.00,26.53,0.1857,5.39,746.0,85.0
23454,144.9,6.90,26.53,0.1831,5.46,746.0,85.0
23461,142.9,7.00,26.53,0.1857,5.39,746.0,85.0
23468,144.9,6.90,26.53,0.1831,5.46,746.0,85.0
23475,144.9,6.90,26.53,0.1831,5.46,746.0,85.0
23482,142.9,7.00,26.53,0.1857,5.39,746.0,85.0
23489,144.9,6.90,26.53,0.1831,5.46,746.0,85.0
23496,142.9,7.00,26.53,0.1857,5.39,746.0,85.0
23503,142.9,7.00,26.53,0.1857,5.39,746.0,85.0
23510,144.9,6.90,26.53,0.1831,5.46,746.0,85.0
23517,144.9,6.90,26.53,0.1831,5.46,746.0,85.0
23524,144.9,6.90,26.53,0.1831,5.46,746.0,85.0
23531,144.9,6.90,26.53,0.1831,5.46,746.0,85.0
23538,140.8,7.10,26.53,0.1884,5.31,746.0,85.0
23545,144.9,6.90,26.53,0.1831,5.46,746.0,85.0
23551,144.9,6.90,26.53,0.1831,5.46,746.0,85.0
23558,142.9,7.00,26.53,0.1857,5.39,746.0,85.0
23565,147.1,6.80,26.53,0.1804,5.54,746.0,85.0
23572,142.9,7.00,26.53,0.1857,5.39,746.0,85.0
23579,142.9,7.00,26.53,0.1857,5.39,746.0,85.0
23586,142.9,7.00,26.53,0.1857,5.39,746.0,85.0
23593,147.1,6.80,26.53,0.1804,5.54,746.0,85.0
23600,142.9,7.00,26.53,0.1857,5.39,746.0,85.0
23607,144.9,6.90,26.53,0.1831,5.46,746.0,85.0
23614,142.9,7.00,26.53,0.1857,5.39,746.0,85.0
23621,142.9,7.00,26.53,0.1857,5.39,746.0,85.0
23628,142.9,7.00,26.53,0.1857,5.39,746.0,85.0
23635,147.1,6.80,26.53,0.1804,5.54,746.0,85.0
23642,142.9,7.00,26.53,0.1857,5.39,746.0,85.0
23649,142.9,7.00,26.53,0.1857,5.39,746.0,85.0
23656,144.9,6.90,26.53,0.1831,5.46,746.0,85.0
23663,144.9,6.90,26.53,0.1831,5.46,746.0,85.0
23670,142.9,7.00,26.53,0.1857,5.39,746.0,85.0
23677,142.9,7.00,26.53,0.1857,5.39,746.0,85.0
23684,142.9,7.00,26.53,0.1857,5.39,746.0,85.0
23690,144.9,6.90,26.53,0.1831,5.46,746.0,85.0
23697,147.1,6.80,26.53,0.1804,5.54,746.0,85.0
23704,144.9,6.90,26.53,0.1831,5.46,746.0,85.0
23711,142.9,7.00,26.53,0.1857,5.39,746.0,85.0
23718,142.9,7.00,26.53,0.1857,5.39,746.0,85.0
23725,144.9,6.90,26.53,0.1831,5.46,746.0,85.0
23732,142.9,7.00,26.53,0.1857,5.39,746.0,85.0
23739,144.9,6.90,26.53,0.1831,5.46,746.0,85.0
23746,142.9,7.00,26.53,0.1857,5.39,746.0,85.0
23753,144.9,6.90,26.53,0.1831,5.46,746.0,85.0
23760,142.9,7.00,26.53,0.1857,5.39,746.0,85.0
23767,144.9,6.90,26.53,0.1831,5.46,746.0,85.0
23774,142.9,7.00,26.53,0.1857,5.39,746.0,85.0
23781,144.9,6.90,26.52,0.1830,5.46,746.0,85.0
23788,144.9,6.90,26.52,0.1830,5.46,746.0,85.0
23795,142.9,7.00,26.52,0.1856,5.39,746.0,85.0
23801,144.9,6.90,26.52,0.1830,5.46,746.0,85.0
23808,142.9,7.00,26.51,0.1856,5.39,746.0,85.0
23815,144.9,6.90,26.51,0.1829,5.47,746.0,85.0
23822,142.9,7.00,26.51,0.1856,5.39,746.0,85.0
23829,147.1,6.80,26.51,0.1802,5.55,746.0,85.0
23836,142.9,7.00,26.50,0.1855,5.39,746.0,85.0
23843,142.9,7.00,26.50,0.1855,5.39,746.0,85.0
23850,144.9,6.90,26.50,0.1828,5.47,746.0,85.0
23857,142.9,7.00,26.50,0.1855,5.39,746.0,85.0
23864,147.1,6.80,26.49,0.1802,5.55,746.0,85.0
23871,140.8,7.10,26.49,0.1881,5.31,746.0,85.0
23878,144.9,6.90,26.49,0.1828,5.47,746.0,85.0
23885,144.9,6.90,26.49,0.1828,5.47,746.0,85.0
23892,144.9,6.90,26.49,0.1828,5.47,746.0,85.0
23899,140.8,7.10,26.49,0.1881,5.32,746.0,85.0
23906,144.9,6.90,26.49,0.1828,5.47,746.0,85.0
23913,142.9,7.00,26.49,0.1854,5.39,746.0,85.0
23920,142.9,7.00,26.49,0.1854,5.39,746.0,85.0
23926,147.1,6.80,26.49,0.1801,5.55,746.0,85.0
23933,142.9,7.00,26.49,0.1854,5.39,746.0,85.0
23940,147.1,6.80,26.49,0.1801,5.55,746.0,85.0
23947,142.9,7.00,26.49,0.1854,5.39,746.0,85.0
23954,144.9,6.90,26.49,0.1828,5.47,746.0,85.0
23961,142.9,7.00,26.49,0.1854,5.39,746.0,85.0
23968,144.9,6.90,26.49,0.1828,5.47,746.0,85.0
23975,142.9,7.00,26.49,0.1854,5.39,746.0,85.0
23982,144.9,6.90,26.49,0.1828,5.47,746.0,85.0
23989,140.8,7.10,26.49,0.1881,5.32,746.0,85.0
23996,147.1,6.80,26.49,0.1801,5.55,746.0,85.0
24003,142.9,7.00,26.49,0.1854,5.39,746.0,85.0
24010,142.9,7.00,26.49,0.1854,5.39,746.0,85.0
24017,147.1,6.80,26.49,0.1801,5.55,746.0,85.0
24024,140.8,7.10,26.49,0.1881,5.32,746.0,85.0
24031,144.9,6.90,26.49,0.1828,5.47,746.0,85.0
24038,144.9,6.90,26.49,0.1828,5.47,746.0,85.0
24044,144.9,6.90,26.49,0.1828,5.47,746.0,85.0
24051,142.9,7.00,26.49,0.1854,5.39,746.0,85.0
24058,147.1,6.80,26.49,0.1801,5.55,746.0,85.0
24065,140.8,7.10,26.49,0.1881,5.32,746.0,85.0
24072,144.9,6.90,26.49,0.1828,5.47,746.0,85.0
24079,144.9,6.90,26.49,0.1828,5.47,746.0,85.0
24086,142.9,7.00,26.49,0.1854,5.39,746.0,85.0
24093,144.9,6.90,26.49,0.1828,5.47,746.0,85.0
24100,142.9,7.00,26.49,0.1854,5.39,746.0,85.0
24107,140.8,7.10,26.49,0.1881,5.32,746.0,85.0
24114,144.9,6.90,26.49,0.1828,5.47,746.0,85.0
24121,144.9,6.90,26.49,0.1828,5.47,746.0,85.0
24128,144.9,6.90,26.49,0.1828,5.47,746.0,85.0
24135,144.9,6.90,26.49,0.1828,5.47,746.0,85.0
24142,144.9,6.90,26.49,0.1828,5.47,746.0,85.0
24149,142.9,7.00,26.49,0.1854,5.39,746.0,85.0
24156,142.9,7.00,26.49,0.1854,5.39,746.0,85.0
24163,144.9,6.90,26.49,0.1828,5.47,746.0,85.0
24169,144.9,6.90,26.49,0.1828,5.47,746.0,85.0
24177,140.8,7.10,26.49,0.1881,5.32,746.0,85.0
24184,142.9,7.00,26.49,0.1854,5.39,746.0,85.0
24190,144.9,6.90,26.49,0.1828,5.47,746.0,85.0
24197,147.1,6.80,26.49,0.1801,5.55,746.0,85.0
24204,144.9,6.90,26.49,0.1828,5.47,746.0,85.0
24211,140.8,7.10,26.48,0.1880,5.32,746.0,85.0
24218,144.9,6.90,26.46,0.1826,5.48,746.0,85.0
24225,147.1,6.80,26.45,0.1798,5.56,746.0,85.0
24232,142.9,7.00,26.43,0.1850,5.41,746.0,85.0
24239,142.9,7.00,26.42,0.1849,5.41,746.0,85.0
24246,144.9,6.90,26.40,0.1822,5.49,746.0,85.0
24253,142.9,7.00,26.39,0.1847,5.41,746.0,85.0
24260,144.9,6.90,26.38,0.1820,5.49,746.0,85.0
24267,144.9,6.90,26.36,0.1819,5.50,746.0,85.0
24274,144.9,6.90,26.35,0.1818,5.50,746.0,85.0
24281,142.9,7.00,26.33,0.1843,5.43,746.0,85.0
24288,142.9,7.00,26.32,0.1842,5.43,746.0,85.0
24295,142.9,7.00,26.30,0.1841,5.43,746.0,85.0
24301,144.9,6.90,26.29,0.1814,5.51,746.0,85.0
24308,144.9,6.90,26.28,0.1813,5.51,746.0,85.0
24315,142.9,7.00,26.27,0.1839,5.44,746.0,85.0
24322,142.9,7.00,26.27,0.1839,5.44,746.0,85.0
24329,144.9,6.90,26.27,0.1813,5.52,746.0,85.0
24336,144.9,6.90,26.27,0.1813,5.52,746.0,85.0
24343,144.9,6.90,26.27,0.1813,5.52,746.0,85.0
24350,140.8,7.10,26.27,0.1865,5.36,746.0,85.0
24357,144.9,6.90,26.27,0.1813,5.52,746.0,85.0
24364,147.1,6.80,26.27,0.1786,5.60,746.0,85.0
24371,142.9,7.00,26.27,0.1839,5.44,746.0,85.0
24378,142.9,7.00,26.27,0.1839,5.44,746.0,85.0
24385,144.9,6.90,26.27,0.1813,5.52,746.0,85.0
24392,144.9,6.90,26.27,0.1813,5.52,746.0,85.0
24399,142.9,7.00,26.27,0.1839,5.44,746.0,85.0
24406,142.9,7.00,26.27,0.1839,5.44,746.0,85.0
24413,144.9,6.90,26.27,0.1813,5.52,746.0,85.0
24419,144.9,6.90,26.27,0.1813,5.52,746.0,85.0
24426,142.9,7.00,26.27,0.1839,5.44,746.0,85.0
24433,144.9,6.90,26.27,0.1813,5.52,746.0,85.0
24440,142.9,7.00,26.27,0.1839,5.44,746.0,85.0
24447,140.8,7.10,26.27,0.1865,5.36,746.0,85.0
24454,147.1,6.80,26.27,0.1786,5.60,746.0,85.0
24461,142.9,7.00,26.27,0.1839,5.44,746.0,85.0
24468,147.1,6.80,26.27,0.1786,5.60,746.0,85.0
24475,144.9,6.90,26.27,0.1813,5.52,746.0,85.0
24482,140.8,7.10,26.27,0.1865,5.36,746.0,85.0
24489,144.9,6.90,26.27,0.1813,5.52,746.0,85.0
24496,142.9,7.00,26.27,0.1839,5.44,746.0,85.0
24503,144.9,6.90,26.27,0.1813,5.52,746.0,85.0
24510,144.9,6.90,26.27,0.1813,5.52,746.0,85.0
24517,144.9,6.90,26.27,0.1813,5.52,746.0,85.0
24524,142.9,7.00,26.27,0.1839,5.44,746.0,85.0
24531,144.9,6.90,26.27,0.1813,5.52,746.0,85.0
24538,142.9,7.00,26.27,0.1839,5.44,746.0,85.0
24544,144.9,6.90,26.27,0.1813,5.52,746.0,85.0
24551,142.9,7.00,26.27,0.1839,5.44,746.0,85.0
24558,142.9,7.00,26.27,0.1839,5.44,746.0,85.0
24565,144.9,6.90,26.27,0.1813,5.52,746.0,85.0
24572,144.9,6.90,26.27,0.1813,5.52,746.0,85.0
24579,144.9,6.90,26.27,0.1813,5.52,746.0,85.0
24586,140.8,7.10,26.27,0.1865,5.36,746.0,85.0
24593,149.3,6.70,26.27,0.1760,5.68,746.0,85.0
24600,140.8,7.10,26.27,0.1865,5.36,746.0,85.0
24607,142.9,7.00,26.27,0.1839,5.44,746.0,85.0
24614,144.9,6.90,26.27,0.1813,5.52,746.0,85.0
24621,144.9,6.90,26.27,0.1813,5.52,746.0,85.0
24628,142.9,7.00,26.27,0.1839,5.44,746.0,85.0
24635,144.9,6.90,26.27,0.1813,5.52,746.0,85.0
24642,142.9,7.00,26.27,0.1839,5.44,746.0,85.0
24649,144.9,6.90,26.27,0.1813,5.52,746.0,85.0
24656,142.9,7.00,26.27,0.1839,5.44,746.0,85.0
24663,144.9,6.90,26.27,0.1813,5.52,746.0,85.0
24670,142.9,7.00,26.27,0.1839,5.44,746.0,85.0
24677,142.9,7.00,26.27,0.1839,5.44,746.0,85.0
24683,144.9,6.90,26.27,0.1813,5.52,746.0,85.0
24690,144.9,6.90,26.27,0.1813,5.52,746.0,85.0
24697,144.9,6.90,26.27,0.1813,5.52,746.0,85.0
24704,142.9,7.00,26.27,0.1839,5.44,746.0,85.0
24711,142.9,7.00,26.27,0.1839,5.44,746.0,85.0
24718,147.1,6.80,26.27,0.1786,5.60,746.0,85.0
24725,142.9,7.00,26.27,0.1839,5.44,746.0,85.0
24732,140.8,7.10,26.27,0.1865,5.36,746.0,85.0
24739,147.1,6.80,26.27,0.1786,5.60,746.0,85.0
24746,144.9,6.90,26.27,0.1813,5.52,746.0,85.0
24753,142.9,7.00,26.26,0.1838,5.44,746.0,85.0
24760,144.9,6.90,26.25,0.1811,5.52,746.0,85.0
24767,144.9,6.90,26.24,0.1810,5.52,746.0,85.0
24774,142.9,7.00,26.22,0.1835,5.45,746.0,85.0
24781,144.9,6.90,26.21,0.1808,5.53,746.0,85.0
24788,142.9,7.00,26.19,0.1834,5.46,746.0,85.0
24794,144.9,6.90,26.18,0.1807,5.53,746.0,85.0
24801,142.9,7.00,26.17,0.1832,5.46,746.0,85.0
24809,142.9,7.00,26.15,0.1831,5.46,746.0,85.0
24815,144.9,6.90,26.14,0.1804,5.54,746.0,85.0
24822,144.9,6.90,26.13,0.1803,5.55,746.0,85.0
24829,142.9,7.00,26.11,0.1828,5.47,746.0,85.0
24836,144.9,6.90,26.10,0.1801,5.55,746.0,85.0
24843,142.9,7.00,26.09,0.1826,5.48,746.0,85.0
24850,144.9,6.90,26.07,0.1799,5.56,746.0,85.0
24857,144.9,6.90,26.06,0.1798,5.56,746.0,85.0
24864,144.9,6.90,26.06,0.1798,5.56,746.0,85.0
24871,142.9,7.00,26.06,0.1824,5.48,746.0,85.0
24878,142.9,7.00,26.06,0.1824,5.48,746.0,85.0
24885,144.9,6.90,26.06,0.1798,5.56,746.0,85.0
24892,142.9,7.00,26.06,0.1824,5.48,746.0,85.0
24899,144.9,6.90,26.06,0.1798,5.56,746.0,85.0
24906,144.9,6.90,26.06,0.1798,5.56,746.0,85.0
24913,142.9,7.00,26.06,0.1824,5.48,746.0,85.0
24920,142.9,7.00,26.06,0.1824,5.48,746.0,85.0
24927,142.9,7.00,26.06,0.1824,5.48,746.0,85.0
24933,147.1,6.80,26.06,0.1772,5.64,746.0,85.0
24940,144.9,6.90,26.06,0.1798,5.56,746.0,85.0
24947,142.9,7.00,26.06,0.1824,5.48,746.0,85.0
24954,142.9,7.00,26.06,0.1824,5.48,746.0,85.0
24961,144.9,6.90,26.06,0.1798,5.56,746.0,85.0
24968,142.9,7.00,26.06,0.1824,5.48,746.0,85.0
24975,144.9,6.90,26.06,0.1798,5.56,746.0,85.0
24982,142.9,7.00,26.06,0.1824,5.48,746.0,85.0
24989,142.9,7.00,26.06,0.1824,5.48,746.0,85.0
24996,144.9,6.90,26.06,0.1798,5.56,746.0,85.0
25003,144.9,6.90,26.06,0.1798,5.56,746.0,85.0
25010,144.9,6.90,26.06,0.1798,5.56,746.0,85.0
25017,142.9,7.00,26.06,0.1824,5.48,746.0,85.0
25024,144.9,6.90,26.06,0.1798,5.56,746.0,85.0
25031,142.9,7.00,26.06,0.1824,5.48,746.0,85.0
25038,144.9,6.90,26.06,0.1798,5.56,746.0,85.0
25045,144.9,6.90,26.06,0.1798,5.56,746.0,85.0
25052,142.9,7.00,26.06,0.1824,5.48,746.0,85.0
25058,144.9,6.90,26.06,0.1798,5.56,746.0,85.0
25065,144.9,6.90,26.06,0.1798,5.56,746.0,85.0
25072,142.9,7.00,26.06,0.1824,5.48,746.0,85.0
25079,144.9,6.90,26.06,0.1798,5.56,746.0,85.0
25086,142.9,7.00,26.06,0.1824,5.48,746.0,85.0
25093,144.9,6.90,26.06,0.1798,5.56,746.0,85.0
25100,142.9,7.00,26.06,0.1824,5.48,746.0,85.0
25107,142.9,7.00,26.06,0.1824,5.48,746.0,85.0
25114,144.9,6.90,26.06,0.1798,5.56,746.0,85.0
25121,142.9,7.00,26.06,0.1824,5.48,746.0,85.0
25128,144.9,6.90,26.06,0.1798,5.56,746.0,85.0
25135,140.8,7.10,26.06,0.1850,5.40,746.0,85.0
25142,144.9,6.90,26.06,0.1798,5.56,746.0,85.0
25149,149.3,6.70,26.06,0.1746,5.73,746.0,85.0
25156,138.9,7.20,26.06,0.1876,5.33,746.0,85.0
25163,142.9,7.00,26.06,0.1824,5.48,746.0,85.0
25170,147.1,6.80,26.06,0.1772,5.64,746.0,85.0
25177,144.9,6.90,26.06,0.1798,5.56,746.0,85.0
25184,140.8,7.10,26.06,0.1850,5.40,746.0,85.0
25191,144.9,6.90,26.05,0.1798,5.56,746.0,85.0
25198,142.9,7.00,26.05,0.1823,5.49,746.0,85.0
25204,144.9,6.90,26.04,0.1797,5.56,746.0,85.0
25211,144.9,6.90,26.04,0.1796,5.57,746.0,85.0
25218,142.9,7.00,26.03,0.1822,5.49,746.0,85.0
25225,144.9,6.90,26.02,0.1796,5.57,746.0,85.0
25232,147.1,6.80,26.02,0.1769,5.65,746.0,85.0
25239,142.9,7.00,26.01,0.1821,5.49,746.0,85.0
25246,142.9,7.00,26.00,0.1820,5.50,746.0,85.0
25253,144.9,6.90,26.00,0.1794,5.57,746.0,85.0
25260,142.9,7.00,25.99,0.1819,5.50,746.0,85.0
25267,144.9,6.90,25.99,0.1793,5.58,746.0,85.0
25274,144.9,6.90,25.98,0.1793,5.58,746.0,85.0
25281,140.8,7.10,25.97,0.1844,5.42,746.0,85.0
25288,147.1,6.80,25.97,0.1766,5.67,746.0,85.0
25295,140.8,7.10,25.96,0.1843,5.42,746.0,85.0
25302,147.1,6.80,25.96,0.1765,5.67,746.0,85.0
25309,142.9,7.00,25.96,0.1817,5.50,746.0,85.0
25315,144.9,6.90,25.96,0.1791,5.58,746.0,85.0
25322,142.9,7.00,25.96,0.1817,5.50,746.0,85.0
25329,144.9,6.90,25.96,0.1791,5.58,746.0,85.0
25336,142.9,7.00,25.96,0.1817,5.50,746.0,85.0
25343,144.9,6.90,25.96,0.1791,5.58,746.0,85.0
25350,144.9,6.90,25.96,0.1791,5.58,746.0,85.0
25357,142.9,7.00,25.96,0.1817,5.50,746.0,85.0
25364,142.9,7.00,25.96,0.1817,5.50,746.0,85.0
25371,144.9,6.90,25.96,0.1791,5.58,746.0,85.0
25378,140.8,7.10,25.96,0.1843,5.42,746.0,85.0
25385,151.5,6.60,25.96,0.1713,5.84,746.0,85.0
25392,140.8,7.10,25.96,0.1843,5.42,746.0,85.0
25399,144.9,6.90,25.96,0.1791,5.58,746.0,85.0
25406,144.9,6.90,25.96,0.1791,5.58,746.0,85.0
25413,140.8,7.10,25.96,0.1843,5.42,746.0,85.0
25420,140.8,7.10,25.96,0.1843,5.42,746.0,85.0
25427,147.1,6.80,25.96,0.1765,5.67,746.0,85.0
25433,147.1,6.80,25.96,0.1765,5.67,746.0,85.0
25440,142.9,7.00,25.96,0.1817,5.50,746.0,85.0
25447,144.9,6.90,25.96,0.1791,5.58,746.0,85.0
25454,144.9,6.90,25.96,0.1791,5.58,746.0,85.0
25461,142.9,7.00,25.96,0.1817,5.50,746.0,85.0
25468,144.9,6.90,25.96,0.1791,5.58,746.0,85.0
25475,142.9,7.00,25.96,0.1817,5.50,746.0,85.0
25482,142.9,7.00,25.96,0.1817,5.50,746.0,85.0
25489,144.9,6.90,25.96,0.1791,5.58,746.0,85.0
25496,142.9,7.00,25.96,0.1817,5.50,746.0,85.0
25503,147.1,6.80,25.96,0.1765,5.67,746.0,85.0
25510,142.9,7.00,25.96,0.1817,5.50,746.0,85.0
25517,142.9,7.00,25.96,0.1817,5.50,746.0,85.0
25524,144.9,6.90,25.96,0.1791,5.58,746.0,85.0
25531,144.9,6.90,25.96,0.1791,5.58,746.0,85.0
25538,142.9,7.00,25.96,0.1817,5.50,746.0,85.0
25545,144.9,6.90,25.96,0.1791,5.58,746.0,85.0
25551,144.9,6.90,25.96,0.1791,5.58,746.0,85.0
25559,140.8,7.10,25.96,0.1843,5.42,746.0,85.0
25565,149.3,6.70,25.96,0.1739,5.75,746.0,85.0
25572,142.9,7.00,25.96,0.1817,5.50,746.0,85.0
25579,142.9,7.00,25.96,0.1817,5.50,746.0,85.0
25586,144.9,6.90,25.96,0.1791,5.58,746.0,85.0
25593,142.9,7.00,25.96,0.1817,5.50,746.0,85.0
25600,144.9,6.90,25.96,0.1791,5.58,746.0,85.0
25607,142.9,7.00,25.96,0.1817,5.50,746.0,85.0
25614,142.9,7.00,25.96,0.1817,5.50,746.0,85.0
25621,147.1,6.80,25.96,0.1765,5.67,746.0,85.0
25628,144.9,6.90,25.96,0.1791,5.58,746.0,85.0
25635,140.8,7.10,25.96,0.1843,5.42,746.0,85.0
25642,144.9,6.90,25.96,0.1791,5.58,746.0,85.0
25649,142.9,7.00,25.96,0.1817,5.50,746.0,85.0
25656,144.9,6.90,25.96,0.1791,5.58,746.0,85.0
25663,142.9,7.00,25.96,0.1817,5.50,746.0,85.0
25670,144.9,6.90,25.96,0.1791,5.58,746.0,85.0
25676,144.9,6.90,25.96,0.1791,5.58,746.0,85.0
25683,142.9,7.00,25.96,0.1817,5.50,746.0,85.0
25690,142.9,7.00,25.96,0.1817,5.50,746.0,85.0
25697,144.9,6.90,25.96,0.1791,5.58,746.0,85.0
25704,142.9,7.00,25.96,0.1817,5.50,746.0,85.0
25711,147.1,6.80,25.96,0.1765,5.67,746.0,85.0
25718,140.8,7.10,25.96,0.1843,5.42,746.0,85.0
25725,147.1,6.80,25.96,0.1765,5.67,746.0,85.0
25732,140.8,7.10,25.96,0.1843,5.42,746.0,85.0
25739,144.9,6.90,25.96,0.1791,5.58,746.0,85.0
25746,142.9,7.00,25.96,0.1817,5.50,746.0,85.0
25753,147.1,6.80,25.96,0.1766,5.67,746.0,85.0
25760,142.9,7.00,25.97,0.1818,5.50,746.0,85.0
25767,142.9,7.00,25.97,0.1818,5.50,746.0,85.0
25774,144.9,6.90,25.97,0.1792,5.58,746.0,85.0
25781,144.9,6.90,25.97,0.1792,5.58,746.0,85.0
25788,142.9,7.00,25.97,0.1818,5.50,746.0,85.0
25795,144.9,6.90,25.97,0.1792,5.58,746.0,85.0
25802,140.8,7.10,25.97,0.1844,5.42,746.0,85.0
25809,144.9,6.90,25.97,0.1792,5.58,746.0,85.0
25815,144.9,6.90,25.98,0.1792,5.58,746.0,85.0
25822,144.9,6.90,25.98,0.1792,5.58,746.0,85.0
25829,142.9,7.00,25.98,0.1818,5.50,746.0,85.0
25836,147.1,6.80,25.98,0.1767,5.66,746.0,85.0
25843,140.8,7.10,25.98,0.1845,5.42,746.0,85.0
25850,147.1,6.80,25.98,0.1767,5.66,746.0,85.0
25857,142.9,7.00,25.98,0.1819,5.50,746.0,85.0
25864,142.9,7.00,25.98,0.1819,5.50,746.0,85.0
25871,144.9,6.90,25.98,0.1793,5.58,746.0,85.0
25878,144.9,6.90,25.98,0.1793,5.58,746.0,85.0
25885,142.9,7.00,25.98,0.1819,5.50,746.0,85.0
25892,144.9,6.90,25.98,0.1793,5.58,746.0,85.0
25899,142.9,7.00,25.98,0.1819,5.50,746.0,85.0
25906,144.9,6.90,25.98,0.1793,5.58,746.0,85.0
25913,142.9,7.00,25.98,0.1819,5.50,746.0,85.0
25920,144.9,6.90,25.98,0.1793,5.58,746.0,85.0
25927,140.8,7.10,25.98,0.1845,5.42,746.0,85.0
25934,144.9,6.90,25.98,0.1793,5.58,746.0,85.0
25941,142.9,7.00,25.98,0.1819,5.50,746.0,85.0
25947,147.1,6.80,25.98,0.1767,5.66,746.0,85.0
25954,142.9,7.00,25.98,0.1819,5.50,746.0,85.0
25961,144.9,6.90,25.98,0.1793,5.58,746.0,85.0
25968,144.9,6.90,25.98,0.1793,5.58,746.0,85.0
25975,142.9,7.00,25.98,0.1819,5.50,746.0,85.0
25982,144.9,6.90,25.98,0.1793,5.58,746.0,85.0
25989,142.9,7.00,25.98,0.1819,5.50,746.0,85.0
25996,144.9,6.90,25.98,0.1793,5.58,746.0,85.0
26003,144.9,6.90,25.98,0.1793,5.58,746.0,85.0
26010,142.9,7.00,25.98,0.1819,5.50,746.0,85.0
26017,144.9,6.90,25.98,0.1793,5.58,746.0,85.0
26024,142.9,7.00,25.98,0.1819,5.50,746.0,85.0
26031,144.9,6.90,25.98,0.1793,5.58,746.0,85.0
26038,142.9,7.00,25.98,0.1819,5.50,746.0,85.0
26045,144.9,6.90,25.98,0.1793,5.58,746.0,85.0
26051,144.9,6.90,25.98,0.1793,5.58,746.0,85.0
26058,142.9,7.00,25.98,0.1819,5.50,746.0,85.0
26065,142.9,7.00,25.98,0.1819,5.50,746.0,85.0
26072,147.1,6.80,25.98,0.1767,5.66,746.0,85.0
26079,140.8,7.10,25.98,0.1845,5.42,746.0,85.0
26086,147.1,6.80,25.98,0.1767,5.66,746.0,85.0
26093,144.9,6.90,25.98,0.1793,5.58,746.0,85.0
26100,142.9,7.00,25.98,0.1819,5.50,746.0,85.0
26107,142.9,7.00,25.98,0.1819,5.50,746.0,85.0
26114,140.8,7.10,25.98,0.1845,5.42,746.0,85.0
26121,144.9,6.90,25.98,0.1793,5.58,746.0,85.0
26128,144.9,6.90,25.98,0.1793,5.58,746.0,85.0
26135,144.9,6.90,25.98,0.1793,5.58,746.0,85.0
26142,142.9,7.00,25.98,0.1819,5.50,746.0,85.0
26149,144.9,6.90,25.98,0.1793,5.58,746.0,85.0
26156,144.9,6.90,25.98,0.1793,5.58,746.0,85.0
26163,142.9,7.00,25.98,0.1819,5.50,746.0,85.0
26170,144.9,6.90,25.98,0.1793,5.58,746.0,85.0
26177,140.8,7.10,25.99,0.1846,5.42,746.0,85.0
26184,144.9,6.90,26.00,0.1794,5.57,746.0,85.0
26190,144.9,6.90,26.01,0.1795,5.57,746.0,85.0
26197,144.9,6.90,26.02,0.1796,5.57,746.0,85.0
26204,144.9,6.90,26.03,0.1796,5.57,746.0,85.0
26211,142.9,7.00,26.04,0.1823,5.49,746.0,85.0
26218,142.9,7.00,26.05,0.1824,5.49,746.0,85.0
26225,144.9,6.90,26.06,0.1798,5.56,746.0,85.0
26232,144.9,6.90,26.07,0.1799,5.56,746.0,85.0
26239,142.9,7.00,26.08,0.1826,5.48,746.0,85.0
26246,142.9,7.00,26.09,0.1827,5.48,746.0,85.0
26253,142.9,7.00,26.10,0.1827,5.47,746.0,85.0
26260,149.3,6.70,26.11,0.1750,5.72,746.0,85.0
26267,140.8,7.10,26.12,0.1855,5.39,746.0,85.0
26274,144.9,6.90,26.13,0.1803,5.54,746.0,85.0
26281,144.9,6.90,26.14,0.1804,5.54,746.0,85.0
26288,140.8,7.10,26.14,0.1856,5.39,746.0,85.0
26295,147.1,6.80,26.14,0.1778,5.63,746.0,85.0
26302,142.9,7.00,26.14,0.1830,5.47,746.0,85.0
26308,144.9,6.90,26.14,0.1804,5.54,746.0,85.0
26315,142.9,7.00,26.14,0.1830,5.47,746.0,85.0
26322,144.9,6.90,26.14,0.1804,5.54,746.0,85.0
26329,142.9,7.00,26.14,0.1830,5.47,746.0,85.0
26336,144.9,6.90,26.14,0.1804,5.54,746.0,85.0
26343,144.9,6.90,26.14,0.1804,5.54,746.0,85.0
26350,144.9,6.90,26.14,0.1804,5.54,746.0,85.0
26357,142.9,7.00,26.14,0.1830,5.47,746.0,85.0
26364,142.9,7.00,26.14,0.1830,5.47,746.0,85.0
26371,144.9,6.90,26.14,0.1804,5.54,746.0,85.0
26378,142.9,7.00,26.14,0.1830,5.47,746.0,85.0
26385,147.1,6.80,26.14,0.1778,5.63,746.0,85.0
26392,140.8,7.10,26.14,0.1856,5.39,746.0,85.0
26399,144.9,6.90,26.14,0.1804,5.54,746.0,85.0
26406,142.9,7.00,26.14,0.1830,5.47,746.0,85.0
26413,142.9,7.00,26.14,0.1830,5.47,746.0,85.0
26419,149.3,6.70,26.14,0.1751,5.71,746.0,85.0
26426,142.9,7.00,26.14,0.1830,5.47,746.0,85.0
26433,142.9,7.00,26.14,0.1830,5.47,746.0,85.0
26440,142.9,7.00,26.14,0.1830,5.47,746.0,85.0
26447,147.1,6.80,26.14,0.1778,5.63,746.0,85.0
26454,140.8,7.10,26.14,0.1856,5.39,746.0,85.0
26461,147.1,6.80,26.14,0.1778,5.63,746.0,85.0
26468,140.8,7.10,26.14,0.1856,5.39,746.0,85.0
26475,144.9,6.90,26.14,0.1804,5.54,746.0,85.0
26482,147.1,6.80,26.14,0.1778,5.63,746.0,85.0
26489,142.9,7.00,26.14,0.1830,5.47,746.0,85.0
26496,140.8,7.10,26.14,0.1856,5.39,746.0,85.0
26503,144.9,6.90,26.14,0.1804,5.54,746.0,85.0
26510,147.1,6.80,26.14,0.1778,5.63,746.0,85.0
26517,142.9,7.00,26.14,0.1830,5.47,746.0,85.0
26524,144.9,6.90,26.14,0.1804,5.54,746.0,85.0
26531,144.9,6.90,26.14,0.1804,5.54,746.0,85.0
26538,144.9,6.90,26.14,0.1804,5.54,746.0,85.0
26545,142.9,7.00,26.14,0.1830,5.47,746.0,85.0
26551,144.9,6.90,26.14,0.1804,5.54,746.0,85.0
26558,142.9,7.00,26.14,0.1830,5.47,746.0,85.0
26565,142.9,7.00,26.14,0.1830,5.47,746.0,85.0
26572,144.9,6.90,26.14,0.1804,5.54,746.0,85.0
26579,142.9,7.00,26.14,0.1830,5.47,746.0,85.0
26586,144.9,6.90,26.14,0.1804,5.54,746.0,85.0
26593,144.9,6.90,26.14,0.1804,5.54,746.0,85.0
26600,142.9,7.00,26.14,0.1830,5.47,746.0,85.0
26607,144.9,6.90,26.14,0.1804,5.54,746.0,85.0
26614,140.8,7.10,26.14,0.1856,5.39,746.0,85.0
26621,144.9,6.90,26.14,0.1804,5.54,746.0,85.0
26628,142.9,7.00,26.14,0.1830,5.47,746.0,85.0
26635,147.1,6.80,26.14,0.1778,5.63,746.0,85.0
26642,142.9,7.00,26.14,0.1830,5.47,746.0,85.0
26649,142.9,7.00,26.14,0.1830,5.47,746.0,85.0
26656,147.1,6.80,26.14,0.1778,5.63,746.0,85.0
26663,144.9,6.90,26.14,0.1804,5.54,746.0,85.0
26670,142.9,7.00,26.14,0.1830,5.47,746.0,85.0
26677,142.9,7.00,26.14,0.1830,5.47,746.0,85.0
26683,144.9,6.90,26.14,0.1804,5.54,746.0,85.0
26691,140.8,7.10,26.14,0.1856,5.39,746.0,85.0
26697,147.1,6.80,26.14,0.1778,5.63,746.0,85.0
26704,142.9,7.00,26.14,0.1830,5.47,746.0,85.0
26711,142.9,7.00,26.14,0.1830,5.47,746.0,85.0
26718,147.1,6.80,26.14,0.1778,5.63,746.0,85.0
26725,140.8,7.10,26.16,0.1857,5.38,746.0,85.0
26732,147.1,6.80,26.17,0.1780,5.62,746.0,85.0
26739,142.9,7.00,26.19,0.1833,5.46,746.0,85.0
26746,142.9,7.00,26.20,0.1834,5.45,746.0,85.0
26753,144.9,6.90,26.21,0.1809,5.53,746.0,85.0
26760,144.9,6.90,26.23,0.1810,5.52,746.0,85.0
26767,144.9,6.90,26.24,0.1811,5.52,746.0,85.0
26774,142.9,7.00,26.26,0.1838,5.44,746.0,85.0
26781,144.9,6.90,26.27,0.1813,5.52,746.0,85.0
26788,142.9,7.00,26.29,0.1840,5.44,746.0,85.0
26795,142.9,7.00,26.30,0.1841,5.43,746.0,85.0
26802,144.9,6.90,26.31,0.1816,5.51,746.0,85.0
26808,144.9,6.90,26.33,0.1816,5.50,746.0,85.0
26815,142.9,7.00,26.34,0.1844,5.43,746.0,85.0
26822,147.1,6.80,26.35,0.1792,5.58,746.0,85.0
26829,140.8,7.10,26.36,0.1872,5.34,746.0,85.0
26836,144.9,6.90,26.36,0.1819,5.50,746.0,85.0
26843,144.9,6.90,26.36,0.1819,5.50,746.0,85.0
26850,142.9,7.00,26.36,0.1845,5.42,746.0,85.0
26857,144.9,6.90,26.36,0.1819,5.50,746.0,85.0
26864,142.9,7.00,26.36,0.1845,5.42,746.0,85.0
26871,142.9,7.00,26.36,0.1845,5.42,746.0,85.0
26878,144.9,6.90,26.36,0.1819,5.50,746.0,85.0
26885,144.9,6.90,26.36,0.1819,5.50,746.0,85.0
26892,142.9,7.00,26.36,0.1845,5.42,746.0,85.0
26899,144.9,6.90,26.36,0.1819,5.50,746.0,85.0
26906,142.9,7.00,26.36,0.1845,5.42,746.0,85.0
26913,144.9,6.90,26.36,0.1819,5.50,746.0,85.0
26920,142.9,7.00,26.36,0.1845,5.42,746.0,85.0
26926,147.1,6.80,26.36,0.1792,5.58,746.0,85.0
26934,140.8,7.10,26.36,0.1872,5.34,746.0,85.0
26940,144.9,6.90,26.36,0.1819,5.50,746.0,85.0
26947,144.9,6.90,26.36,0.1819,5.50,746.0,85.0
26954,142.9,7.00,26.36,0.1845,5.42,746.0,85.0
26961,144.9,6.90,26.36,0.1819,5.50,746.0,85.0
26968,144.9,6.90,26.36,0.1819,5.50,746.0,85.0
26975,142.9,7.00,26.36,0.1845,5.42,746.0,85.0
26982,147.1,6.80,26.36,0.1792,5.58,746.0,85.0
26989,138.9,7.20,26.36,0.1898,5.27,746.0,85.0
26996,144.9,6.90,26.36,0.1819,5.50,746.0,85.0
27003,144.9,6.90,26.36,0.1819,5.50,746.0,85.0
27010,144.9,6.90,26.36,0.1819,5.50,746.0,85.0
27017,142.9,7.00,26.36,0.1845,5.42,746.0,85.0
27024,144.9,6.90,26.36,0.1819,5.50,746.0,85.0
27031,142.9,7.00,26.36,0.1845,5.42,746.0,85.0
27038,144.9,6.90,26.36,0.1819,5.50,746.0,85.0
27045,142.9,7.00,26.36,0.1845,5.42,746.0,85.0
27051,147.1,6.80,26.36,0.1792,5.58,746.0,85.0
27058,142.9,7.00,26.36,0.1845,5.42,746.0,85.0
27065,142.9,7.00,26.36,0.1845,5.42,746.0,85.0
27072,142.9,7.00,26.36,0.1845,5.42,746.0,85.0
27079,144.9,6.90,26.36,0.1819,5.50,746.0,85.0
27086,144.9,6.90,26.36,0.1819,5.50,746.0,85.0
27093,144.9,6.90,26.36,0.1819,5.50,746.0,85.0
27100,140.8,7.10,26.36,0.1872,5.34,746.0,85.0
27107,144.9,6.90,26.36,0.1819,5.50,746.0,85.0
27114,144.9,6.90,26.36,0.1819,5.50,746.0,85.0
27121,142.9,7.00,26.36,0.1845,5.42,746.0,85.0
27128,144.9,6.90,26.36,0.1819,5.50,746.0,85.0
27135,147.1,6.80,26.36,0.1792,5.58,746.0,85.0
27142,140.8,7.10,26.36,0.1872,5.34,746.0,85.0
27149,144.9,6.90,26.36,0.1819,5.50,746.0,85.0
27156,142.9,7.00,26.36,0.1845,5.42,746.0,85.0
27163,144.9,6.90,26.36,0.1819,5.50,746.0,85.0
27170,144.9,6.90,26.36,0.1819,5.50,746.0,85.0
27176,144.9,6.90,26.36,0.1819,5.50,746.0,85.0
27183,142.9,7.00,26.36,0.1845,5.42,746.0,85.0
27190,144.9,6.90,26.36,0.1819,5.50,746.0,85.0
27197,142.9,7.00,26.36,0.1845,5.42,746.0,85.0
27204,144.9,6.90,26.36,0.1819,5.50,746.0,85.0
27211,142.9,7.00,26.36,0.1845,5.42,746.0,85.0
27218,144.9,6.90,26.36,0.1819,5.50,746.0,85.0
27225,140.8,7.10,26.36,0.1872,5.34,746.0,85.0
27232,147.1,6.80,26.36,0.1792,5.58,746.0,85.0
27239,142.9,7.00,26.36,0.1845,5.42,746.0,85.0
27246,144.9,6.90,26.36,0.1819,5.50,746.0,85.0
27253,144.9,6.90,26.36,0.1819,5.50,746.0,85.0
27260,142.9,7.00,26.36,0.1845,5.42,746.0,85.0
27267,142.9,7.00,26.38,0.1846,5.42,746.0,85.0
27274,144.9,6.90,26.39,0.1821,5.49,746.0,85.0
27281,144.9,6.90,26.41,0.1822,5.49,746.0,85.0
27288,142.9,7.00,26.42,0.1850,5.41,746.0,85.0
27295,144.9,6.90,26.44,0.1824,5.48,746.0,85.0
27302,140.8,7.10,26.46,0.1878,5.32,746.0,85.0
27308,147.1,6.80,26.47,0.1800,5.56,746.0,85.0
27315,144.9,6.90,26.48,0.1827,5.47,746.0,85.0
27322,144.9,6.90,26.50,0.1828,5.47,746.0,85.0
27329,140.8,7.10,26.52,0.1883,5.31,746.0,85.0
27336,144.9,6.90,26.53,0.1831,5.46,746.0,85.0
27343,142.9,7.00,26.55,0.1858,5.38,746.0,85.0
27350,144.9,6.90,26.56,0.1833,5.46,746.0,85.0
27357,142.9,7.00,26.58,0.1860,5.38,746.0,85.0
27364,144.9,6.90,26.59,0.1835,5.45,746.0,85.0
27371,142.9,7.00,26.60,0.1862,5.37,746.0,85.0
27378,144.9,6.90,26.60,0.1835,5.45,746.0,85.0
27385,144.9,6.90,26.60,0.1835,5.45,746.0,85.0
27392,142.9,7.00,26.60,0.1862,5.37,746.0,85.0
27399,142.9,7.00,26.60,0.1862,5.37,746.0,85.0
27406,147.1,6.80,26.60,0.1809,5.53,746.0,85.0
27413,142.9,7.00,26.60,0.1862,5.37,746.0,85.0
27420,142.9,7.00,26.60,0.1862,5.37,746.0,85.0
27427,144.9,6.90,26.60,0.1835,5.45,746.0,85.0
27433,144.9,6.90,26.60,0.1835,5.45,746.0,85.0
27440,142.9,7.00,26.60,0.1862,5.37,746.0,85.0
27447,142.9,7.00,26.60,0.1862,5.37,746.0,85.0
27454,144.9,6.90,26.60,0.1835,5.45,746.0,85.0
27461,142.9,7.00,26.60,0.1862,5.37,746.0,85.0
27468,142.9,7.00,26.60,0.1862,5.37,746.0,85.0
27475,144.9,6.90,26.60,0.1835,5.45,746.0,85.0
27482,147.1,6.80,26.60,0.1809,5.53,746.0,85.0
27489,142.9,7.00,26.60,0.1862,5.37,746.0,85.0
27496,142.9,7.00,26.60,0.1862,5.37,746.0,85.0
27503,144.9,6.90,26.60,0.1835,5.45,746.0,85.0
27510,144.9,6.90,26.60,0.1835,5.45,746.0,85.0
27517,142.9,7.00,26.60,0.1862,5.37,746.0,85.0
27524,144.9,6.90,26.60,0.1835,5.45,746.0,85.0
27531,142.9,7.00,26.60,0.1862,5.37,746.0,85.0
27538,142.9,7.00,26.60,0.1862,5.37,746.0,85.0
27545,144.9,6.90,26.60,0.1835,5.45,746.0,85.0
27552,142.9,7.00,26.60,0.1862,5.37,746.0,85.0
27559,144.9,6.90,26.60,0.1835,5.45,746.0,85.0
27566,142.9,7.00,26.60,0.1862,5.37,746.0,85.0
27572,147.1,6.80,26.60,0.1809,5.53,746.0,85.0
27579,144.9,6.90,26.60,0.1835,5.45,746.0,85.0
27586,144.9,6.90,26.60,0.1835,5.45,746.0,85.0
27593,142.9,7.00,26.60,0.1862,5.37,746.0,85.0
27600,142.9,7.00,26.60,0.1862,5.37,746.0,85.0
27607,144.9,6.90,26.60,0.1835,5.45,746.0,85.0
27614,144.9,6.90,26.60,0.1835,5.45,746.0,85.0
27621,138.9,7.20,26.60,0.1915,5.22,746.0,85.0
27628,147.1,6.80,26.60,0.1809,5.53,746.0,85.0
27635,144.9,6.90,26.60,0.1835,5.45,746.0,85.0
27642,142.9,7.00,26.60,0.1862,5.37,746.0,85.0
27649,147.1,6.80,26.60,0.1809,5.53,746.0,85.0
27656,142.9,7.00,26.60,0.1862,5.37,746.0,85.0
27663,142.9,7.00,26.60,0.1862,5.37,746.0,85.0
27670,138.9,7.20,26.60,0.1915,5.22,746.0,85.0
27677,149.3,6.70,26.60,0.1782,5.61,746.0,85.0
27684,142.9,7.00,26.60,0.1862,5.37,746.0,85.0
27690,144.9,6.90,26.60,0.1835,5.45,746.0,85.0
27697,144.9,6.90,26.60,0.1835,5.45,746.0,85.0
27704,140.8,7.10,26.62,0.1890,5.29,746.0,85.0
27711,144.9,6.90,26.63,0.1838,5.44,746.0,85.0
27718,140.8,7.10,26.65,0.1892,5.28,746.0,85.0
27725,144.9,6.90,26.67,0.1840,5.43,746.0,85.0
27732,147.1,6.80,26.69,0.1815,5.51,746.0,85.0
27739,142.9,7.00,26.70,0.1869,5.35,746.0,85.0
27746,144.9,6.90,26.72,0.1844,5.42,746.0,85.0
27753,142.9,7.00,26.74,0.1872,5.34,746.0,85.0
27760,147.1,6.80,26.76,0.1819,5.50,746.0,85.0
27767,142.9,7.00,26.77,0.1874,5.34,746.0,85.0
27774,142.9,7.00,26.79,0.1875,5.33,746.0,85.0
27781,144.9,6.90,26.81,0.1850,5.41,746.0,85.0
27788,144.9,6.90,26.83,0.1851,5.40,746.0,85.0
27795,144.9,6.90,26.84,0.1852,5.40,746.0,85.0
27802,142.9,7.00,26.86,0.1880,5.32,746.0,85.0
27808,144.9,6.90,26.87,0.1854,5.39,746.0,85.0
27815,142.9,7.00,26.87,0.1881,5.32,746.0,85.0
27822,147.1,6.80,26.87,0.1827,5.47,746.0,85.0
27829,140.8,7.10,26.87,0.1908,5.24,746.0,85.0
27836,144.9,6.90,26.87,0.1854,5.39,746.0,85.0
27843,147.1,6.80,26.87,0.1827,5.47,746.0,85.0
27850,140.8,7.10,26.87,0.1908,5.24,746.0,85.0
27857,144.9,6.90,26.87,0.1854,5.39,746.0,85.0
27864,144.9,6.90,26.87,0.1854,5.39,746.0,85.0
27871,142.9,7.00,26.87,0.1881,5.32,746.0,85.0
27878,142.9,7.00,26.87,0.1881,5.32,746.0,85.0
27885,144.9,6.90,26.87,0.1854,5.39,746.0,85.0
27892,142.9,7.00,26.87,0.1881,5.32,746.0,85.0
27899,144.9,6.90,26.87,0.1854,5.39,746.0,85.0
27906,142.9,7.00,26.87,0.1881,5.32,746.0,85.0
27913,144.9,6.90,26.87,0.1854,5.39,746.0,85.0
27920,142.9,7.00,26.87,0.1881,5.32,746.0,85.0
27927,144.9,6.90,26.87,0.1854,5.39,746.0,85.0
27933,147.1,6.80,26.87,0.1827,5.47,746.0,85.0
27940,140.8,7.10,26.87,0.1908,5.24,746.0,85.0
27947,142.9,7.00,26.87,0.1881,5.32,746.0,85.0
27954,144.9,6.90,26.87,0.1854,5.39,746.0,85.0
27961,147.1,6.80,26.87,0.1827,5.47,746.0,85.0
27968,140.8,7.10,26.87,0.1908,5.24,746.0,85.0
27975,149.3,6.70,26.87,0.1800,5.56,746.0,85.0
27982,140.8,7.10,26.87,0.1908,5.24,746.0,85.0
27989,142.9,7.00,26.87,0.1881,5.32,746.0,85.0
27996,142.9,7.00,26.87,0.1881,5.32,746.0,85.0
28003,142.9,7.00,26.87,0.1881,5.32,746.0,85.0
28010,147.1,6.80,26.87,0.1827,5.47,746.0,85.0
28017,142.9,7.00,26.87,0.1881,5.32,746.0,85.0
28024,144.9,6.90,26.87,0.1854,5.39,746.0,85.0
28031,142.9,7.00,26.87,0.1881,5.32,746.0,85.0
28038,144.9,6.90,26.87,0.1854,5.39,746.0,85.0
28045,142.9,7.00,26.87,0.1881,5.32,746.0,85.0
28052,144.9,6.90,26.87,0.1854,5.39,746.0,85.0
28058,144.9,6.90,26.87,0.1854,5.39,746.0,85.0
28065,144.9,6.90,26.87,0.1854,5.39,746.0,85.0
28072,142.9,7.00,26.87,0.1881,5.32,746.0,85.0
28079,142.9,7.00,26.87,0.1881,5.32,746.0,85.0
28086,144.9,6.90,26.87,0.1854,5.39,746.0,85.0
28093,142.9,7.00,26.87,0.1881,5.32,746.0,85.0
28100,144.9,6.90,26.87,0.1854,5.39,746.0,85.0
28107,144.9,6.90,26.87,0.1854,5.39,746.0,85.0
28114,142.9,7.00,26.87,0.1881,5.32,746.0,85.0
28121,144.9,6.90,26.87,0.1854,5.39,746.0,85.0
28128,142.9,7.00,26.87,0.1881,5.32,746.0,85.0
28135,144.9,6.90,26.87,0.1854,5.39,746.0,85.0
28142,142.9,7.00,26.87,0.1881,5.32,746.0,85.0
28149,144.9,6.90,26.87,0.1854,5.39,746.0,85.0
28156,142.9,7.00,26.87,0.1881,5.32,746.0,85.0
28163,144.9,6.90,26.87,0.1854,5.39,746.0,85.0
28170,142.9,7.00,26.87,0.1881,5.32,746.0,85.0
28177,144.9,6.90,26.87,0.1854,5.39,746.0,85.0
28183,144.9,6.90,26.87,0.1854,5.39,746.0,85.0
28190,142.9,7.00,26.87,0.1881,5.32,746.0,85.0
28197,147.1,6.80,26.87,0.1827,5.47,746.0,85.0
28204,140.8,7.10,26.87,0.1908,5.24,746.0,85.0
28211,144.9,6.90,26.87,0.1854,5.39,746.0,85.0
28218,144.9,6.90,26.87,0.1854,5.39,746.0,85.0
28225,142.9,7.00,26.87,0.1881,5.32,746.0,85.0
28232,142.9,7.00,26.87,0.1881,5.32,746.0,85.0
28239,144.9,6.90,26.87,0.1854,5.39,746.0,85.0
28246,144.9,6.90,26.88,0.1855,5.39,746.0,85.0
28253,142.9,7.00,26.90,0.1883,5.31,746.0,85.0
28260,144.9,6.90,26.91,0.1857,5.38,746.0,85.0
28267,142.9,7.00,26.93,0.1885,5.31,746.0,85.0
28274,144.9,6.90,26.95,0.1859,5.38,746.0,85.0
28281,142.9,7.00,26.97,0.1888,5.30,746.0,85.0
28288,147.1,6.80,26.98,0.1835,5.45,746.0,85.0
28295,142.9,7.00,27.00,0.1890,5.29,746.0,85.0
28302,142.9,7.00,27.02,0.1891,5.29,746.0,85.0
28308,144.9,6.90,27.03,0.1865,5.36,746.0,85.0
28315,142.9,7.00,27.05,0.1894,5.28,746.0,85.0
28322,147.1,6.80,27.07,0.1841,5.43,746.0,85.0
28329,142.9,7.00,27.09,0.1896,5.28,746.0,85.0
28336,144.9,6.90,27.10,0.1870,5.35,746.0,85.0
28343,142.9,7.00,27.12,0.1898,5.27,746.0,85.0
28350,144.9,6.90,27.14,0.1872,5.34,746.0,85.0
28357,140.8,7.10,27.14,0.1927,5.19,746.0,85.0
28364,147.1,6.80,27.14,0.1846,5.42,746.0,85.0
28371,142.9,7.00,27.14,0.1900,5.27,746.0,85.0
28378,142.9,7.00,27.14,0.1900,5.27,746.0,85.0
28385,144.9,6.90,27.14,0.1873,5.34,746.0,85.0
28392,144.9,6.90,27.14,0.1873,5.34,746.0,85.0
28399,142.9,7.00,27.14,0.1900,5.27,746.0,85.0
28406,144.9,6.90,27.14,0.1873,5.34,746.0,85.0
28413,142.9,7.00,27.14,0.1900,5.27,746.0,85.0
28420,144.9,6.90,27.14,0.1873,5.34,746.0,85.0
28426,144.9,6.90,27.14,0.1873,5.34,746.0,85.0
28433,144.9,6.90,27.14,0.1873,5.34,746.0,85.0
28440,142.9,7.00,27.14,0.1900,5.27,746.0,85.0
28447,142.9,7.00,27.14,0.1900,5.27,746.0,85.0
28454,142.9,7.00,27.14,0.1900,5.27,746.0,85.0
28461,144.9,6.90,27.14,0.1873,5.34,746.0,85.0
28468,144.9,6.90,27.14,0.1873,5.34,746.0,85.0
28475,142.9,7.00,27.14,0.1900,5.27,746.0,85.0
28482,144.9,6.90,27.14,0.1873,5.34,746.0,85.0
28489,140.8,7.10,27.14,0.1927,5.19,746.0,85.0
28496,147.1,6.80,27.14,0.1846,5.42,746.0,85.0
28503,144.9,6.90,27.14,0.1873,5.34,746.0,85.0
28510,144.9,6.90,27.14,0.1873,5.34,746.0,85.0
28517,142.9,7.00,27.14,0.1900,5.27,746.0,85.0
28524,142.9,7.00,27.14,0.1900,5.27,746.0,85.0
28531,144.9,6.90,27.14,0.1873,5.34,746.0,85.0
28538,142.9,7.00,27.14,0.1900,5.27,746.0,85.0
28545,144.9,6.90,27.14,0.1873,5.34,746.0,85.0
28551,144.9,6.90,27.14,0.1873,5.34,746.0,85.0
28559,140.8,7.10,27.14,0.1927,5.19,746.0,85.0
28565,144.9,6.90,27.14,0.1873,5.34,746.0,85.0
28572,144.9,6.90,27.14,0.1873,5.34,746.0,85.0
28579,144.9,6.90,27.14,0.1873,5.34,746.0,85.0
28586,142.9,7.00,27.14,0.1900,5.27,746.0,85.0
28593,142.9,7.00,27.14,0.1900,5.27,746.0,85.0
28600,147.1,6.80,27.14,0.1846,5.42,746.0,85.0
28607,142.9,7.00,27.14,0.1900,5.27,746.0,85.0
28614,142.9,7.00,27.14,0.1900,5.27,746.0,85.0
28621,144.9,6.90,27.14,0.1873,5.34,746.0,85.0
28628,142.9,7.00,27.14,0.1900,5.27,746.0,85.0
28635,144.9,6.90,27.14,0.1873,5.34,746.0,85.0
28642,142.9,7.00,27.14,0.1900,5.27,746.0,85.0
28649,144.9,6.90,27.14,0.1873,5.34,746.0,85.0
28656,144.9,6.90,27.14,0.1873,5.34,746.0,85.0
28663,144.9,6.90,27.14,0.1873,5.34,746.0,85.0
28673,96.2,10.40,27.14,0.2823,3.54,746.0,85.0
28680,149.3,6.70,27.15,0.1819,5.50,746.0,85.0
28685,178.6,5.60,27.16,0.1521,6.58,746.0,85.1
28690,196.1,5.10,27.16,0.1385,7.22,746.0,85.1
28697,140.8,7.10,27.18,0.1930,5.18,746.0,85.2
28704,144.9,6.90,27.19,0.1876,5.33,746.0,85.2
28711,142.9,7.00,27.20,0.1904,5.25,746.0,85.3
28718,144.9,6.90,27.22,0.1878,5.32,746.0,85.4
28725,147.1,6.80,27.23,0.1852,5.40,746.0,85.4
28732,142.9,7.00,27.25,0.1907,5.24,746.0,85.5
28739,144.9,6.90,27.26,0.1881,5.32,746.0,85.6
28746,140.8,7.10,27.27,0.1936,5.16,746.0,85.6
28753,144.9,6.90,27.29,0.1883,5.31,746.0,85.7
28760,142.9,7.00,27.30,0.1911,5.23,746.0,85.8
28767,144.9,6.90,27.31,0.1885,5.31,746.0,85.8
28774,142.9,7.00,27.33,0.1913,5.23,746.0,85.9
28781,144.9,6.90,27.34,0.1886,5.30,746.0,85.9
28788,144.9,6.90,27.35,0.1887,5.30,746.0,86.0
28795,142.9,7.00,27.35,0.1915,5.22,746.0,86.0
28802,144.9,6.90,27.35,0.1887,5.30,746.0,86.0
28808,144.9,6.90,27.35,0.1887,5.30,746.0,86.0
28815,142.9,7.00,27.35,0.1915,5.22,746.0,86.0
28822,144.9,6.90,27.35,0.1887,5.30,746.0,86.0
28829,142.9,7.00,27.35,0.1915,5.22,746.0,86.0
28836,142.9,7.00,27.35,0.1915,5.22,746.0,86.0
28843,144.9,6.90,27.35,0.1887,5.30,746.0,86.0
28850,147.1,6.80,27.35,0.1860,5.38,746.0,86.0
28857,142.9,7.00,27.35,0.1915,5.22,746.0,86.0
28864,147.1,6.80,27.35,0.1860,5.38,746.0,86.0
28871,142.9,7.00,27.35,0.1915,5.22,746.0,86.0
28878,142.9,7.00,27.35,0.1915,5.22,746.0,86.0
28885,142.9,7.00,27.35,0.1915,5.22,746.0,86.0
28892,144.9,6.90,27.35,0.1887,5.30,746.0,86.0
28899,142.9,7.00,27.35,0.1915,5.22,746.0,86.0
28906,144.9,6.90,27.35,0.1887,5.30,746.0,86.0
28913,142.9,7.00,27.35,0.1915,5.22,746.0,86.0
28920,144.9,6.90,27.35,0.1887,5.30,746.0,86.0
28927,142.9,7.00,27.35,0.1915,5.22,746.0,86.0
28933,144.9,6.90,27.35,0.1887,5.30,746.0,86.0
28940,144.9,6.90,27.35,0.1887,5.30,746.0,86.0
28947,142.9,7.00,27.35,0.1915,5.22,746.0,86.0
28954,142.9,7.00,27.35,0.1915,5.22,746.0,86.0
28961,147.1,6.80,27.35,0.1860,5.38,746.0,86.0
28968,142.9,7.00,27.35,0.1915,5.22,746.0,86.0
28975,142.9,7.00,27.35,0.1915,5.22,746.0,86.0
28982,149.3,6.70,27.35,0.1832,5.46,746.0,86.0
28989,140.8,7.10,27.35,0.1942,5.15,746.0,86.0
28996,142.9,7.00,27.35,0.1915,5.22,746.0,86.0
29003,144.9,6.90,27.35,0.1887,5.30,746.0,86.0
29010,142.9,7.00,27.35,0.1915,5.22,746.0,86.0
29017,144.9,6.90,27.35,0.1887,5.30,746.0,86.0
29024,144.9,6.90,27.35,0.1887,5.30,746.0,86.0
29031,142.9,7.00,27.35,0.1915,5.22,746.0,86.0
29038,144.9,6.90,27.35,0.1887,5.30,746.0,86.0
29045,140.8,7.10,27.35,0.1942,5.15,746.0,86.0
29051,147.1,6.80,27.35,0.1860,5.38,746.0,86.0
29059,140.8,7.10,27.35,0.1942,5.15,746.0,86.0
29065,144.9,6.90,27.35,0.1887,5.30,746.0,86.0
29072,144.9,6.90,27.35,0.1887,5.30,746.0,86.0
29079,144.9,6.90,27.35,0.1887,5.30,746.0,86.0
29086,144.9,6.90,27.35,0.1887,5.30,746.0,86.0
29093,142.9,7.00,27.35,0.1915,5.22,746.0,86.0
29100,147.1,6.80,27.35,0.1860,5.38,746.0,86.0
29107,142.9,7.00,27.35,0.1915,5.22,746.0,86.0
29114,142.9,7.00,27.35,0.1915,5.22,746.0,86.0
29121,144.9,6.90,27.35,0.1887,5.30,746.0,86.0
29128,144.9,6.90,27.35,0.1887,5.30,746.0,86.0
29135,144.9,6.90,27.35,0.1887,5.30,746.0,86.0
29142,140.8,7.10,27.35,0.1942,5.15,746.0,86.0
29149,147.1,6.80,27.35,0.1860,5.38,746.0,86.0
29156,138.9,7.20,27.35,0.1969,5.08,746.0,86.0
29163,149.3,6.70,27.35,0.1832,5.46,746.0,86.0
29169,144.9,6.90,27.35,0.1887,5.30,746.0,86.0
29177,135.1,7.40,27.35,0.2024,4.94,746.0,86.0
29185,125.0,8.00,27.35,0.2188,4.57,746.0,86.0
29192,140.8,7.10,27.35,0.1942,5.15,746.0,86.0
29197,188.7,5.30,27.35,0.1450,6.90,746.0,86.0
29204,142.9,7.00,27.35,0.1915,5.22,746.0,86.0
29211,142.9,7.00,27.35,0.1915,5.22,746.0,86.0
29218,144.9,6.90,27.35,0.1887,5.30,746.0,86.0
29225,144.9,6.90,27.35,0.1887,5.30,746.0,86.0
29232,144.9,6.90,27.36,0.1888,5.30,746.0,85.9
29241,111.1,9.00,27.36,0.2463,4.06,746.0,85.8
29248,142.9,7.00,27.37,0.1916,5.22,746.0,85.8
29255,138.9,7.20,27.37,0.1971,5.07,746.0,85.7
29262,147.1,6.80,27.38,0.1862,5.37,746.0,85.6
29267,192.3,5.20,27.38,0.1424,7.02,746.0,85.6
29274,147.1,6.80,27.39,0.1862,5.37,746.0,85.5
29285,87.0,11.50,27.40,0.3151,3.18,746.0,85.4
29293,133.3,7.50,27.40,0.2055,4.86,746.0,85.4
29299,166.7,6.00,27.41,0.1644,6.08,746.0,85.3
29305,178.6,5.60,27.41,0.1535,6.52,746.0,85.2
29310,178.6,5.60,27.41,0.1535,6.51,746.0,85.2
29315,188.7,5.30,27.42,0.1453,6.88,746.0,85.2
29325,106.4,9.40,27.42,0.2578,3.88,746.0,85.1
29332,142.9,7.00,27.43,0.1920,5.21,746.0,85.0
29338,158.7,6.30,27.43,0.1728,5.79,746.0,85.0
29348,98.0,10.20,27.43,0.2798,3.57,746.0,85.0
29354,169.5,5.90,27.43,0.1618,6.18,746.0,85.0
29359,227.3,4.40,27.43,0.1207,8.29,746.0,85.0
29364,185.2,5.40,27.43,0.1481,6.75,746.0,85.0
29371,144.9,6.90,27.43,0.1893,5.28,746.0,85.0
29378,144.9,6.90,27.43,0.1893,5.28,746.0,85.0
29385,142.9,7.00,27.43,0.1920,5.21,746.0,85.0
29392,144.9,6.90,27.43,0.1893,5.28,746.0,85.0
29399,144.9,6.90,27.43,0.1893,5.28,746.0,85.0
29406,142.9,7.00,27.43,0.1920,5.21,746.0,85.0
29413,144.9,6.90,27.43,0.1893,5.28,746.0,85.0
29420,142.9,7.00,27.43,0.1920,5.21,746.0,85.0
29427,142.9,7.00,27.43,0.1920,5.21,746.0,85.0
29433,144.9,6.90,27.43,0.1893,5.28,746.0,85.0
29440,142.9,7.00,27.43,0.1920,5.21,746.0,85.0
29447,144.9,6.90,27.43,0.1893,5.28,746.0,85.0
29454,144.9,6.90,27.43,0.1893,5.28,746.0,85.0
29461,142.9,7.00,27.43,0.1920,5.21,746.0,85.0
29468,144.9,6.90,27.43,0.1893,5.28,746.0,85.0
29475,144.9,6.90,27.43,0.1893,5.28,746.0,85.0
29482,142.9,7.00,27.43,0.1920,5.21,746.0,85.0
29489,142.9,7.00,27.43,0.1920,5.21,746.0,85.0
29496,144.9,6.90,27.43,0.1893,5.28,746.0,85.0
29503,144.9,6.90,27.43,0.1893,5.28,746.0,85.0
29510,142.9,7.00,27.43,0.1920,5.21,746.0,85.0
29517,142.9,7.00,27.43,0.1920,5.21,746.0,85.0
29524,144.9,6.90,27.43,0.1893,5.28,746.0,85.0
29531,144.9,6.90,27.43,0.1893,5.28,746.0,85.0
29538,142.9,7.00,27.43,0.1920,5.21,746.0,85.0
29545,142.9,7.00,27.43,0.1920,5.21,746.0,85.0
29552,144.9,6.90,27.43,0.1893,5.28,746.0,85.0
29558,144.9,6.90,27.43,0.1893,5.28,746.0,85.0
29565,142.9,7.00,27.43,0.1920,5.21,746.0,85.0
29572,144.9,6.90,27.43,0.1893,5.28,746.0,85.0
29579,144.9,6.90,27.43,0.1893,5.28,746.0,85.0
29586,144.9,6.90,27.43,0.1893,5.28,746.0,85.0
29593,140.8,7.10,27.43,0.1948,5.13,746.0,85.0
29600,144.9,6.90,27.43,0.1893,5.28,746.0,85.0
29607,144.9,6.90,27.43,0.1893,5.28,746.0,85.0
29614,147.1,6.80,27.43,0.1865,5.36,746.0,85.0
29621,140.8,7.10,27.43,0.1948,5.13,746.0,85.0
29628,142.9,7.00,27.43,0.1920,5.21,746.0,85.0
29635,144.9,6.90,27.43,0.1893,5.28,746.0,85.0
29642,144.9,6.90,27.43,0.1893,5.28,746.0,85.0
29649,142.9,7.00,27.43,0.1920,5.21,746.0,85.0
29656,144.9,6.90,27.43,0.1893,5.28,746.0,85.0
29663,144.9,6.90,27.43,0.1893,5.28,746.0,85.0
29670,142.9,7.00,27.43,0.1920,5.21,746.0,85.0
29676,144.9,6.90,27.43,0.1893,5.28,746.0,85.0
29683,142.9,7.00,27.43,0.1920,5.21,746.0,85.0
29690,144.9,6.90,27.43,0.1893,5.28,746.0,85.0
29697,142.9,7.00,27.43,0.1920,5.21,746.0,85.0
29704,144.9,6.90,27.43,0.1893,5.28,746.0,85.0
29711,142.9,7.00,27.43,0.1920,5.21,746.0,85.0
29718,144.9,6.90,27.43,0.1893,5.28,746.0,85.0
29725,142.9,7.00,27.43,0.1920,5.21,746.0,85.0
29732,147.1,6.80,27.43,0.1865,5.36,746.0,85.0
29739,142.9,7.00,27.43,0.1920,5.21,746.0,85.0
29746,142.9,7.00,27.43,0.1920,5.21,746.0,85.0
29753,144.9,6.90,27.43,0.1893,5.28,746.0,85.0
29760,142.9,7.00,27.43,0.1920,5.21,746.0,85.0
29767,144.9,6.90,27.43,0.1893,5.28,746.0,85.0
29774,144.9,6.90,27.42,0.1892,5.29,746.0,85.0
29780,147.1,6.80,27.40,0.1863,5.37,746.0,85.1
29788,140.8,7.10,27.38,0.1944,5.14,746.0,85.2
29794,144.9,6.90,27.37,0.1888,5.29,746.0,85.2
29801,142.9,7.00,27.35,0.1914,5.23,746.0,85.3
29808,144.9,6.90,27.33,0.1886,5.30,746.0,85.4
29815,142.9,7.00,27.31,0.1912,5.23,746.0,85.4
29822,142.9,7.00,27.29,0.1911,5.24,746.0,85.5
29829,142.9,7.00,27.28,0.1909,5.24,746.0,85.6
29836,144.9,6.90,27.26,0.1881,5.32,746.0,85.6
29843,142.9,7.00,27.24,0.1907,5.25,746.0,85.7
29850,144.9,6.90,27.22,0.1878,5.32,746.0,85.7
29857,147.1,6.80,27.20,0.1850,5.41,746.0,85.8
29864,142.9,7.00,27.19,0.1903,5.26,746.0,85.9
29871,144.9,6.90,27.17,0.1875,5.33,746.0,85.9
29878,142.9,7.00,27.15,0.1900,5.26,746.0,86.0
29885,144.9,6.90,27.15,0.1873,5.34,746.0,86.0
29892,142.9,7.00,27.15,0.1900,5.26,746.0,86.0
29899,142.9,7.00,27.15,0.1900,5.26,746.0,86.0
29906,147.1,6.80,27.15,0.1846,5.42,746.0,86.0
29913,142.9,7.00,27.15,0.1900,5.26,746.0,86.0
29920,142.9,7.00,27.15,0.1900,5.26,746.0,86.0
29926,144.9,6.90,27.15,0.1873,5.34,746.0,86.0
29933,142.9,7.00,27.15,0.1900,5.26,746.0,86.0
29940,142.9,7.00,27.15,0.1900,5.26,746.0,86.0
29947,147.1,6.80,27.15,0.1846,5.42,746.0,86.0
29954,142.9,7.00,27.15,0.1900,5.26,746.0,86.0
29961,144.9,6.90,27.15,0.1873,5.34,746.0,86.0
29968,142.9,7.00,27.15,0.1900,5.26,746.0,86.0
29975,144.9,6.90,27.15,0.1873,5.34,746.0,86.0
29982,144.9,6.90,27.15,0.1873,5.34,746.0,86.0
29989,142.9,7.00,27.15,0.1900,5.26,746.0,86.0
29996,144.9,6.90,27.15,0.1873,5.34,746.0,86.0
30003,144.9,6.90,27.15,0.1873,5.34,746.0,86.0
30010,140.8,7.10,27.15,0.1928,5.19,746.0,86.0
30017,144.9,6.90,27.15,0.1873,5.34,746.0,86.0
30024,142.9,7.00,27.15,0.1900,5.26,746.0,86.0
30031,144.9,6.90,27.15,0.1873,5.34,746.0,86.0
30038,142.9,7.00,27.15,0.1900,5.26,746.0,86.0
30045,144.9,6.90,27.15,0.1873,5.34,746.0,86.0
30051,144.9,6.90,27.15,0.1873,5.34,746.0,86.0
30058,142.9,7.00,27.15,0.1900,5.26,746.0,86.0
30065,144.9,6.90,27.15,0.1873,5.34,746.0,86.0
30072,140.8,7.10,27.15,0.1928,5.19,746.0,86.0
30079,147.1,6.80,27.15,0.1846,5.42,746.0,86.0
30086,142.9,7.00,27.15,0.1900,5.26,746.0,86.0
30093,144.9,6.90,27.15,0.1873,5.34,746.0,86.0
30100,144.9,6.90,27.15,0.1873,5.34,746.0,86.0
30107,142.9,7.00,27.15,0.1900,5.26,746.0,86.0
30114,147.1,6.80,27.15,0.1846,5.42,746.0,86.0
30121,140.8,7.10,27.15,0.1928,5.19,746.0,86.0
30128,144.9,6.90,27.15,0.1873,5.34,746.0,86.0
30135,142.9,7.00,27.15,0.1900,5.26,746.0,86.0
30142,144.9,6.90,27.15,0.1873,5.34,746.0,86.0
30149,142.9,7.00,27.15,0.1900,5.26,746.0,86.0
30156,144.9,6.90,27.15,0.1873,5.34,746.0,86.0
30163,142.9,7.00,27.15,0.1900,5.26,746.0,86.0
30170,144.9,6.90,27.15,0.1873,5.34,746.0,86.0
30176,144.9,6.90,27.15,0.1873,5.34,746.0,86.0
30184,140.8,7.10,27.15,0.1928,5.19,746.0,86.0
30190,147.1,6.80,27.15,0.1846,5.42,746.0,86.0
30197,142.9,7.00,27.15,0.1900,5.26,746.0,86.0
30204,144.9,6.90,27.14,0.1873,5.34,746.0,86.0
30211,144.9,6.90,27.10,0.1870,5.35,746.0,85.9
30218,144.9,6.90,27.06,0.1867,5.35,746.0,85.9
30225,144.9,6.90,27.02,0.1865,5.36,746.0,85.8
30232,144.9,6.90,26.98,0.1862,5.37,746.0,85.7
30239,140.8,7.10,26.94,0.1913,5.23,746.0,85.7
30246,144.9,6.90,26.91,0.1856,5.39,746.0,85.6
30253,142.9,7.00,26.87,0.1881,5.32,746.0,85.5
30260,147.1,6.80,26.83,0.1824,5.48,746.0,85.5
30267,142.9,7.00,26.79,0.1875,5.33,746.0,85.4
30274,144.9,6.90,26.75,0.1846,5.42,746.0,85.3
30281,144.9,6.90,26.71,0.1843,5.42,746.0,85.3
30288,142.9,7.00,26.67,0.1867,5.36,746.0,85.2
30295,142.9,7.00,26.63,0.1864,5.37,746.0,85.1
30301,144.9,6.90,26.60,0.1835,5.45,746.0,85.1
30308,142.9,7.00,26.56,0.1859,5.38,746.0,85.0
30315,144.9,6.90,26.55,0.1832,5.46,746.0,85.0
30322,142.9,7.00,26.55,0.1859,5.38,746.0,85.0
30329,144.9,6.90,26.55,0.1832,5.46,746.0,85.0
30336,142.9,7.00,26.55,0.1859,5.38,746.0,85.0
30343,144.9,6.90,26.55,0.1832,5.46,746.0,85.0
30350,142.9,7.00,26.55,0.1859,5.38,746.0,85.0
30357,144.9,6.90,26.55,0.1832,5.46,746.0,85.0
30364,144.9,6.90,26.55,0.1832,5.46,746.0,85.0
30371,142.9,7.00,26.55,0.1859,5.38,746.0,85.0
30378,142.9,7.00,26.55,0.1859,5.38,746.0,85.0
30385,144.9,6.90,26.55,0.1832,5.46,746.0,85.0
30392,144.9,6.90,26.55,0.1832,5.46,746.0,85.0
30399,142.9,7.00,26.55,0.1859,5.38,746.0,85.0
30406,144.9,6.90,26.55,0.1832,5.46,746.0,85.0
30413,142.9,7.00,26.55,0.1859,5.38,746.0,85.0
30419,149.3,6.70,26.55,0.1779,5.62,746.0,85.0
30426,140.8,7.10,26.55,0.1885,5.30,746.0,85.0
30433,144.9,6.90,26.55,0.1832,5.46,746.0,85.0
30440,142.9,7.00,26.55,0.1859,5.38,746.0,85.0
30447,142.9,7.00,26.55,0.1859,5.38,746.0,85.0
30454,144.9,6.90,26.55,0.1832,5.46,746.0,85.0
30461,142.9,7.00,26.55,0.1859,5.38,746.0,85.0
30468,144.9,6.90,26.55,0.1832,5.46,746.0,85.0
30475,144.9,6.90,26.55,0.1832,5.46,746.0,85.0
30482,142.9,7.00,26.55,0.1859,5.38,746.0,85.0
30489,144.9,6.90,26.55,0.1832,5.46,746.0,85.0
30496,144.9,6.90,26.55,0.1832,5.46,746.0,85.0
30503,142.9,7.00,26.55,0.1859,5.38,746.0,85.0
30510,142.9,7.00,26.55,0.1859,5.38,746.0,85.0
30517,144.9,6.90,26.55,0.1832,5.46,746.0,85.0
30524,142.9,7.00,26.55,0.1859,5.38,746.0,85.0
30531,144.9,6.90,26.55,0.1832,5.46,746.0,85.0
30538,142.9,7.00,26.55,0.1859,5.38,746.0,85.0
30544,147.1,6.80,26.55,0.1805,5.54,746.0,85.0
30551,142.9,7.00,26.55,0.1859,5.38,746.0,85.0
30558,142.9,7.00,26.55,0.1859,5.38,746.0,85.0
30565,144.9,6.90,26.55,0.1832,5.46,746.0,85.0
30572,144.9,6.90,26.55,0.1832,5.46,746.0,85.0
30579,142.9,7.00,26.55,0.1859,5.38,746.0,85.0
30586,142.9,7.00,26.55,0.1859,5.38,746.0,85.0
30593,144.9,6.90,26.55,0.1832,5.46,746.0,85.0
30600,144.9,6.90,26.55,0.1832,5.46,746.0,85.0
30607,142.9,7.00,26.55,0.1859,5.38,746.0,85.0
30614,144.9,6.90,26.55,0.1832,5.46,746.0,85.0
30621,144.9,6.90,26.55,0.1832,5.46,746.0,85.0
30628,140.8,7.10,26.55,0.1885,5.30,746.0,85.0
30635,147.1,6.80,26.55,0.1805,5.54,746.0,85.0
30642,142.9,7.00,26.55,0.1859,5.38,746.0,85.0
30649,142.9,7.00,26.55,0.1859,5.38,746.0,85.0
30656,144.9,6.90,26.55,0.1832,5.46,746.0,85.0
30663,144.9,6.90,26.55,0.1832,5.46,746.0,85.0
30670,142.9,7.00,26.55,0.1859,5.38,746.0,85.0
30676,144.9,6.90,26.55,0.1832,5.46,746.0,85.0
30683,142.9,7.00,26.55,0.1859,5.38,746.0,85.0
30690,147.1,6.80,26.55,0.1805,5.54,746.0,85.0
30697,142.9,7.00,26.55,0.1859,5.38,746.0,85.0
30704,142.9,7.00,26.55,0.1859,5.38,746.0,85.0
30711,142.9,7.00,26.55,0.1859,5.38,746.0,85.0
30718,144.9,6.90,26.55,0.1832,5.46,746.0,85.0
30725,142.9,7.00,26.55,0.1859,5.38,746.0,85.0
30732,144.9,6.90,26.55,0.1832,5.46,746.0,85.0
30739,144.9,6.90,26.55,0.1832,5.46,746.0,85.0
30746,142.9,7.00,26.54,0.1858,5.38,746.0,85.0
30753,144.9,6.90,26.51,0.1829,5.47,746.0,85.0
30760,142.9,7.00,26.47,0.1853,5.40,746.0,85.0
30767,142.9,7.00,26.44,0.1851,5.40,746.0,85.0
30774,144.9,6.90,26.41,0.1822,5.49,746.0,85.0
30781,144.9,6.90,26.37,0.1820,5.49,746.0,85.0
30788,144.9,6.90,26.34,0.1817,5.50,746.0,85.0
30795,142.9,7.00,26.30,0.1841,5.43,746.0,85.0
30801,147.1,6.80,26.28,0.1787,5.60,746.0,85.0
30808,142.9,7.00,26.24,0.1837,5.45,746.0,85.0
30815,142.9,7.00,26.21,0.1835,5.45,746.0,85.0
30822,142.9,7.00,26.17,0.1832,5.46,746.0,85.0
30829,144.9,6.90,26.14,0.1804,5.54,746.0,85.0
30836,144.9,6.90,26.11,0.1801,5.55,746.0,85.0
30843,142.9,7.00,26.07,0.1825,5.48,746.0,85.0
30850,144.9,6.90,26.04,0.1797,5.56,746.0,85.0
30857,142.9,7.00,26.02,0.1821,5.49,746.0,85.0
30864,144.9,6.90,26.02,0.1795,5.57,746.0,85.0
30871,144.9,6.90,26.02,0.1795,5.57,746.0,85.0
30878,142.9,7.00,26.02,0.1821,5.49,746.0,85.0
30885,142.9,7.00,26.02,0.1821,5.49,746.0,85.0
30892,144.9,6.90,26.02,0.1795,5.57,746.0,85.0
30899,144.9,6.90,26.02,0.1795,5.57,746.0,85.0
30906,144.9,6.90,26.02,0.1795,5.57,746.0,85.0
30913,142.9,7.00,26.02,0.1821,5.49,746.0,85.0
30920,142.9,7.00,26.02,0.1821,5.49,746.0,85.0
30926,144.9,6.90,26.02,0.1795,5.57,746.0,85.0
30933,144.9,6.90,26.02,0.1795,5.57,746.0,85.0
30940,142.9,7.00,26.02,0.1821,5.49,746.0,85.0
30947,142.9,7.00,26.02,0.1821,5.49,746.0,85.0
30954,142.9,7.00,26.02,0.1821,5.49,746.0,85.0
30961,144.9,6.90,26.02,0.1795,5.57,746.0,85.0
30968,147.1,6.80,26.02,0.1769,5.65,746.0,85.0
30975,142.9,7.00,26.02,0.1821,5.49,746.0,85.0
30982,142.9,7.00,26.02,0.1821,5.49,746.0,85.0
30989,144.9,6.90,26.02,0.1795,5.57,746.0,85.0
30996,142.9,7.00,26.02,0.1821,5.49,746.0,85.0
31003,144.9,6.90,26.02,0.1795,5.57,746.0,85.0
31010,142.9,7.00,26.02,0.1821,5.49,746.0,85.0
31017,144.9,6.90,26.02,0.1795,5.57,746.0,85.0
31024,144.9,6.90,26.02,0.1795,5.57,746.0,85.0
31031,144.9,6.90,26.02,0.1795,5.57,746.0,85.0
31038,142.9,7.00,26.02,0.1821,5.49,746.0,85.0
31045,142.9,7.00,26.02,0.1821,5.49,746.0,85.0
31051,144.9,6.90,26.02,0.1795,5.57,746.0,85.0
31058,144.9,6.90,26.02,0.1795,5.57,746.0,85.0
31065,142.9,7.00,26.02,0.1821,5.49,746.0,85.0
31072,144.9,6.90,26.02,0.1795,5.57,746.0,85.0
31079,142.9,7.00,26.02,0.1821,5.49,746.0,85.0
31086,144.9,6.90,26.02,0.1795,5.57,746.0,85.0
31093,144.9,6.90,26.02,0.1795,5.57,746.0,85.0
31100,142.9,7.00,26.02,0.1821,5.49,746.0,85.0
31107,142.9,7.00,26.02,0.1821,5.49,746.0,85.0
31114,147.1,6.80,26.02,0.1769,5.65,746.0,85.0
31121,144.9,6.90,26.02,0.1795,5.57,746.0,85.0
31128,142.9,7.00,26.02,0.1821,5.49,746.0,85.0
31135,142.9,7.00,26.02,0.1821,5.49,746.0,85.0
31142,142.9,7.00,26.02,0.1821,5.49,746.0,85.0
31149,144.9,6.90,26.02,0.1795,5.57,746.0,85.0
31156,142.9,7.00,26.02,0.1821,5.49,746.0,85.0
31163,144.9,6.90,26.02,0.1795,5.57,746.0,85.0
31170,142.9,7.00,26.02,0.1821,5.49,746.0,85.0
31176,144.9,6.90,26.02,0.1795,5.57,746.0,85.0
31183,144.9,6.90,26.02,0.1795,5.57,746.0,85.0
31190,144.9,6.90,26.00,0.1794,5.57,746.0,85.0
31197,142.9,7.00,25.98,0.1819,5.50,746.0,85.0
31204,142.9,7.00,25.97,0.1818,5.50,746.0,85.0
31211,144.9,6.90,25.95,0.1790,5.58,746.0,85.0
31218,140.8,7.10,25.93,0.1841,5.43,746.0,85.0
31225,147.1,6.80,25.91,0.1762,5.68,746.0,85.0
31232,142.9,7.00,25.90,0.1813,5.52,746.0,85.0
31239,144.9,6.90,25.88,0.1786,5.60,746.0,85.0
31246,144.9,6.90,25.86,0.1785,5.60,746.0,85.0
31253,142.9,7.00,25.85,0.1809,5.53,746.0,85.0
31260,147.1,6.80,25.83,0.1756,5.70,746.0,85.0
31267,144.9,6.90,25.81,0.1781,5.61,746.0,85.0
31274,144.9,6.90,25.79,0.1780,5.62,746.0,85.0
31281,142.9,7.00,25.78,0.1804,5.54,746.0,85.0
31287,144.9,6.90,25.76,0.1778,5.62,746.0,85.0
31295,140.8,7.10,25.75,0.1828,5.47,746.0,85.0
31301,147.1,6.80,25.75,0.1751,5.71,746.0,85.0
31308,144.9,6.90,25.75,0.1777,5.63,746.0,85.0
31315,140.8,7.10,25.75,0.1828,5.47,746.0,85.0
31322,144.9,6.90,25.75,0.1777,5.63,746.0,85.0
31329,142.9,7.00,25.75,0.1802,5.55,746.0,85.0
31336,142.9,7.00,25.75,0.1802,5.55,746.0,85.0
31343,144.9,6.90,25.75,0.1777,5.63,746.0,85.0
31350,144.9,6.90,25.75,0.1777,5.63,746.0,85.0
31357,142.9,7.00,25.75,0.1802,5.55,746.0,85.0
31364,144.9,6.90,25.75,0.1777,5.63,746.0,85.0
31371,147.1,6.80,25.75,0.1751,5.71,746.0,85.0
31378,138.9,7.20,25.75,0.1854,5.39,746.0,85.0
31385,144.9,6.90,25.75,0.1777,5.63,746.0,85.0
31392,147.1,6.80,25.75,0.1751,5.71,746.0,85.0
31399,142.9,7.00,25.75,0.1802,5.55,746.0,85.0
31406,142.9,7.00,25.75,0.1802,5.55,746.0,85.0
31413,142.9,7.00,25.75,0.1802,5.55,746.0,85.0
31420,144.9,6.90,25.75,0.1777,5.63,746.0,85.0
31426,144.9,6.90,25.75,0.1777,5.63,746.0,85.0
31433,144.9,6.90,25.75,0.1777,5.63,746.0,85.0
31440,142.9,7.00,25.75,0.1802,5.55,746.0,85.0
31447,144.9,6.90,25.75,0.1777,5.63,746.0,85.0
31454,142.9,7.00,25.75,0.1802,5.55,746.0,85.0
31461,144.9,6.90,25.75,0.1777,5.63,746.0,85.0
31468,144.9,6.90,25.75,0.1777,5.63,746.0,85.0
31475,142.9,7.00,25.75,0.1802,5.55,746.0,85.0
31482,144.9,6.90,25.75,0.1777,5.63,746.0,85.0
31489,140.8,7.10,25.75,0.1828,5.47,746.0,85.0
31496,147.1,6.80,25.75,0.1751,5.71,746.0,85.0
31503,142.9,7.00,25.75,0.1802,5.55,746.0,85.0
31510,142.9,7.00,25.75,0.1802,5.55,746.0,85.0
31517,144.9,6.90,25.75,0.1777,5.63,746.0,85.0
31524,142.9,7.00,25.75,0.1802,5.55,746.0,85.0
31531,144.9,6.90,25.75,0.1777,5.63,746.0,85.0
31538,144.9,6.90,25.75,0.1777,5.63,746.0,85.0
31545,142.9,7.00,25.75,0.1802,5.55,746.0,85.0
31552,142.9,7.00,25.75,0.1802,5.55,746.0,85.0
31558,144.9,6.90,25.75,0.1777,5.63,746.0,85.0
31565,144.9,6.90,25.75,0.1777,5.63,746.0,85.0
31572,142.9,7.00,25.75,0.1802,5.55,746.0,85.0
31579,144.9,6.90,25.75,0.1777,5.63,746.0,85.0
31586,144.9,6.90,25.75,0.1777,5.63,746.0,85.0
31593,144.9,6.90,25.75,0.1777,5.63,746.0,85.0
31600,142.9,7.00,25.75,0.1802,5.55,746.0,85.0
31607,144.9,6.90,25.75,0.1777,5.63,746.0,85.0
31614,144.9,6.90,25.75,0.1777,5.63,746.0,85.0
31621,142.9,7.00,25.75,0.1802,5.55,746.0,85.0
31628,142.9,7.00,25.75,0.1802,5.55,746.0,85.0
31635,144.9,6.90,25.75,0.1777,5.63,746.0,85.0
31642,144.9,6.90,25.75,0.1777,5.63,746.0,85.0
31649,142.9,7.00,25.75,0.1802,5.55,746.0,85.0
31656,144.9,6.90,25.75,0.1777,5.63,746.0,85.0
31663,142.9,7.00,25.75,0.1802,5.55,746.0,85.0
31669,144.9,6.90,25.75,0.1777,5.63,746.0,85.0
31676,142.9,7.00,25.75,0.1802,5.55,746.0,85.0
31683,144.9,6.90,25.75,0.1777,5.63,746.0,85.0
31690,144.9,6.90,25.75,0.1777,5.63,746.0,85.0
31697,142.9,7.00,25.75,0.1802,5.55,746.0,85.0
31704,147.1,6.80,25.75,0.1751,5.71,746.0,85.0
31711,140.8,7.10,25.75,0.1828,5.47,746.0,85.0
31718,144.9,6.90,25.75,0.1777,5.63,746.0,85.0
31725,142.9,7.00,25.75,0.1802,5.55,746.0,85.0
31732,142.9,7.00,25.75,0.1802,5.55,746.0,85.0
31739,144.9,6.90,25.75,0.1776,5.63,746.0,85.0
31746,144.9,6.90,25.74,0.1776,5.63,746.0,85.0
31753,144.9,6.90,25.74,0.1776,5.63,746.0,85.0
31760,142.9,7.00,25.74,0.1802,5.55,746.0,85.0
31767,144.9,6.90,25.74,0.1776,5.63,746.0,85.0
31774,144.9,6.90,25.73,0.1776,5.63,746.0,85.0
31781,140.8,7.10,25.73,0.1827,5.47,746.0,85.0
31788,144.9,6.90,25.73,0.1775,5.63,746.0,85.0
31795,142.9,7.00,25.73,0.1801,5.55,746.0,85.0
31801,144.9,6.90,25.72,0.1775,5.63,746.0,85.0
31808,142.9,7.00,25.72,0.1800,5.56,746.0,85.0
31815,144.9,6.90,25.72,0.1775,5.63,746.0,85.0
31822,144.9,6.90,25.72,0.1774,5.63,746.0,85.0
31829,144.9,6.90,25.71,0.1774,5.64,746.0,85.0
31836,142.9,7.00,25.71,0.1800,5.56,746.0,85.0
31843,142.9,7.00,25.71,0.1800,5.56,746.0,85.0
31850,147.1,6.80,25.71,0.1748,5.72,746.0,85.0
31857,142.9,7.00,25.71,0.1800,5.56,746.0,85.0
31864,142.9,7.00,25.71,0.1800,5.56,746.0,85.0
31871,144.9,6.90,25.71,0.1774,5.64,746.0,85.0
31878,142.9,7.00,25.71,0.1800,5.56,746.0,85.0
31885,144.9,6.90,25.71,0.1774,5.64,746.0,85.0
31892,142.9,7.00,25.71,0.1800,5.56,746.0,85.0
31899,142.9,7.00,25.71,0.1800,5.56,746.0,85.0
31906,142.9,7.00,25.71,0.1800,5.56,746.0,85.0
31913,144.9,6.90,25.71,0.1774,5.64,746.0,85.0
31920,142.9,7.00,25.71,0.1800,5.56,746.0,85.0
31926,147.1,6.80,25.71,0.1748,5.72,746.0,85.0
31933,142.9,7.00,25.71,0.1800,5.56,746.0,85.0
31940,142.9,7.00,25.71,0.1800,5.56,746.0,85.0
31947,144.9,6.90,25.71,0.1774,5.64,746.0,85.0
31954,142.9,7.00,25.71,0.1800,5.56,746.0,85.0
31961,144.9,6.90,25.71,0.1774,5.64,746.0,85.0
31968,147.1,6.80,25.71,0.1748,5.72,746.0,85.0
31975,144.9,6.90,25.71,0.1774,5.64,746.0,85.0
31983,128.2,7.80,25.71,0.2005,4.99,746.0,85.0
31991,126.6,7.90,25.71,0.2031,4.92,746.0,85.0
31998,144.9,6.90,25.71,0.1774,5.64,746.0,85.0
32003,178.6,5.60,25.71,0.1440,6.95,746.0,85.0
32010,147.1,6.80,25.71,0.1748,5.72,746.0,85.0
32019,109.9,9.10,25.71,0.2340,4.27,746.0,85.0
32027,131.6,7.60,25.71,0.1954,5.12,746.0,85.0
32034,142.9,7.00,25.71,0.1800,5.56,746.0,85.0
32040,156.2,6.40,25.71,0.1645,6.08,746.0,85.0
32046,163.9,6.10,25.71,0.1568,6.37,746.0,85.0
32052,166.7,6.00,25.71,0.1543,6.48,746.0,85.0
32058,161.3,6.20,25.71,0.1594,6.27,746.0,85.0
32065,144.9,6.90,25.71,0.1774,5.64,746.0,85.0
32072,142.9,7.00,25.71,0.1800,5.56,746.0,85.0
32079,144.9,6.90,25.71,0.1774,5.64,746.0,85.0
32086,142.9,7.00,25.71,0.1800,5.56,746.0,85.0
32093,142.9,7.00,25.71,0.1800,5.56,746.0,85.0
32100,144.9,6.90,25.71,0.1774,5.64,746.0,85.0
32107,144.9,6.90,25.71,0.1774,5.64,746.0,85.0
32116,111.1,9.00,25.71,0.2314,4.32,746.0,85.0
32123,144.9,6.90,25.71,0.1774,5.64,746.0,85.0
32128,192.3,5.20,25.71,0.1337,7.48,746.0,85.0
32135,147.1,6.80,25.71,0.1748,5.72,746.0,85.0
32143,120.5,8.30,25.71,0.2134,4.69,746.0,85.0
32149,181.8,5.50,25.71,0.1414,7.07,746.0,85.0
32156,144.9,6.90,25.71,0.1774,5.64,746.0,85.0
32162,144.9,6.90,25.71,0.1774,5.64,746.0,85.0
32169,142.9,7.00,25.71,0.1800,5.56,746.0,85.0
32176,144.9,6.90,25.71,0.1774,5.64,746.0,85.0
32183,142.9,7.00,25.71,0.1800,5.56,746.0,85.0
32190,142.9,7.00,25.71,0.1800,5.56,746.0,85.0
32197,142.9,7.00,25.71,0.1800,5.56,746.0,85.0
32204,144.9,6.90,25.71,0.1774,5.64,746.0,85.0
32211,144.9,6.90,25.71,0.1774,5.64,746.0,85.0
32218,142.9,7.00,25.71,0.1800,5.56,746.0,85.0
32225,147.1,6.80,25.71,0.1748,5.72,746.0,85.0
32232,142.9,7.00,25.71,0.1800,5.56,746.0,85.0
32239,142.9,7.00,25.71,0.1800,5.56,746.0,85.0
32246,147.1,6.80,25.71,0.1748,5.72,746.0,85.0
32253,138.9,7.20,25.71,0.1851,5.40,746.0,85.0
32260,147.1,6.80,25.71,0.1748,5.72,746.0,85.0
32267,142.9,7.00,25.71,0.1800,5.56,746.0,85.0
32274,144.9,6.90,25.71,0.1774,5.64,746.0,85.0
32281,144.9,6.90,25.71,0.1774,5.64,746.0,85.0
32288,142.9,7.00,25.71,0.1800,5.56,746.0,85.0
32295,142.9,7.00,25.71,0.1800,5.56,746.0,85.0
32301,144.9,6.90,25.71,0.1774,5.64,746.0,85.0
32308,144.9,6.90,25.71,0.1774,5.64,746.0,85.0
32315,142.9,7.00,25.71,0.1800,5.56,746.0,85.0
32322,142.9,7.00,25.71,0.1800,5.56,746.0,85.0
32329,144.9,6.90,25.71,0.1774,5.64,746.0,85.0
32336,144.9,6.90,25.71,0.1774,5.64,746.0,85.0
32343,142.9,7.00,25.71,0.1800,5.56,746.0,85.0
32350,142.9,7.00,25.71,0.1800,5.56,746.0,85.0
32357,142.9,7.00,25.71,0.1800,5.56,746.0,85.0
32364,147.1,6.80,25.71,0.1748,5.72,746.0,85.0
32371,144.9,6.90,25.71,0.1774,5.64,746.0,85.0
32378,142.9,7.00,25.71,0.1800,5.56,746.0,85.0
32385,142.9,7.00,25.71,0.1800,5.56,746.0,85.0
32392,144.9,6.90,25.71,0.1774,5.64,746.0,85.0
32399,144.9,6.90,25.71,0.1774,5.64,746.0,85.0
32406,140.8,7.10,25.71,0.1825,5.48,746.0,85.0
32413,147.1,6.80,25.71,0.1748,5.72,746.0,85.0
32420,142.9,7.00,25.71,0.1800,5.56,746.0,85.0
32426,144.9,6.90,25.71,0.1774,5.64,746.0,85.0
32433,144.9,6.90,25.71,0.1774,5.64,746.0,85.0
32440,142.9,7.00,25.71,0.1800,5.56,746.0,85.0
32447,144.9,6.90,25.71,0.1774,5.64,746.0,85.0
32454,144.9,6.90,25.71,0.1774,5.64,746.0,85.0
32461,140.8,7.10,25.71,0.1825,5.48,746.0,85.0
32468,142.9,7.00,25.71,0.1800,5.56,746.0,85.0
32475,144.9,6.90,25.71,0.1774,5.64,746.0,85.0
32482,144.9,6.90,25.71,0.1774,5.64,746.0,85.0
32489,142.9,7.00,25.71,0.1800,5.56,746.0,85.0
32496,144.9,6.90,25.71,0.1774,5.64,746.0,85.0
32503,142.9,7.00,25.71,0.1800,5.56,746.0,85.0
32510,147.1,6.80,25.71,0.1748,5.72,746.0,85.0
32517,144.9,6.90,25.71,0.1774,5.64,746.0,85.0
32524,142.9,7.00,25.71,0.1800,5.56,746.0,85.0
32531,144.9,6.90,25.71,0.1774,5.64,746.0,85.0
32538,142.9,7.00,25.71,0.1800,5.56,746.0,85.0
32545,142.9,7.00,25.71,0.1800,5.56,746.0,85.0
32551,144.9,6.90,25.71,0.1774,5.64,746.0,85.0
32558,144.9,6.90,25.71,0.1774,5.64,746.0,85.0
32565,144.9,6.90,25.71,0.1774,5.64,746.0,85.0
32572,142.9,7.00,25.71,0.1800,5.56,746.0,85.0
32579,142.9,7.00,25.71,0.1800,5.56,746.0,85.0
32586,144.9,6.90,25.71,0.1774,5.64,746.0,85.0
32593,144.9,6.90,25.71,0.1774,5.64,746.0,85.0
32600,142.9,7.00,25.71,0.1800,5.56,746.0,85.0
32607,142.9,7.00,25.71,0.1800,5.56,746.0,85.0
32614,144.9,6.90,25.71,0.1774,5.64,746.0,85.0
32621,144.9,6.90,25.71,0.1774,5.64,746.0,85.0
32628,142.9,7.00,25.71,0.1800,5.56,746.0,85.0
32635,144.9,6.90,25.71,0.1774,5.64,746.0,85.0
32642,142.9,7.00,25.71,0.1800,5.56,746.0,85.0
32649,144.9,6.90,25.71,0.1774,5.64,746.0,85.0
32656,142.9,7.00,25.71,0.1800,5.56,746.0,85.0
32663,142.9,7.00,25.71,0.1800,5.56,746.0,85.0
32670,144.9,6.90,25.71,0.1774,5.64,746.0,85.0
32676,144.9,6.90,25.71,0.1774,5.64,746.0,85.0
32683,142.9,7.00,25.71,0.1800,5.56,746.0,85.0
32690,144.9,6.90,25.71,0.1774,5.64,746.0,85.0
32697,144.9,6.90,25.71,0.1774,5.64,746.0,85.0
32704,144.9,6.90,25.71,0.1774,5.64,746.0,85.0
32711,142.9,7.00,25.71,0.1800,5.56,746.0,85.0
32718,142.9,7.00,25.71,0.1800,5.56,746.0,85.0
32725,142.9,7.00,25.72,0.1800,5.56,746.0,85.0
32732,147.1,6.80,25.72,0.1749,5.72,746.0,85.0
32739,144.9,6.90,25.72,0.1775,5.63,746.0,85.0
32746,142.9,7.00,25.73,0.1801,5.55,746.0,85.0
32753,142.9,7.00,25.73,0.1801,5.55,746.0,85.0
32760,142.9,7.00,25.73,0.1801,5.55,746.0,85.0
32767,144.9,6.90,25.74,0.1776,5.63,746.0,85.0
32774,144.9,6.90,25.74,0.1776,5.63,746.0,85.0
32782,117.6,8.50,25.74,0.2188,4.57,746.0,85.0
32789,140.8,7.10,25.75,0.1828,5.47,746.0,85.0
32796,158.7,6.30,25.75,0.1622,6.16,746.0,85.0
32801,172.4,5.80,25.75,0.1494,6.69,746.0,85.0
32808,142.9,7.00,25.76,0.1803,5.55,746.0,85.0
32815,144.9,6.90,25.76,0.1777,5.63,746.0,85.0
32822,142.9,7.00,25.76,0.1803,5.55,746.0,85.0
32829,142.9,7.00,25.76,0.1803,5.55,746.0,85.0
32836,142.9,7.00,25.76,0.1803,5.55,746.0,85.0
32843,147.1,6.80,25.76,0.1752,5.71,746.0,85.0
32850,142.9,7.00,25.76,0.1803,5.55,746.0,85.0
32857,144.9,6.90,25.76,0.1777,5.63,746.0,85.0
32864,140.8,7.10,25.76,0.1829,5.47,746.0,85.0
32871,144.9,6.90,25.76,0.1777,5.63,746.0,85.0
32878,144.9,6.90,25.76,0.1777,5.63,746.0,85.0
32885,144.9,6.90,25.76,0.1777,5.63,746.0,85.0
32892,142.9,7.00,25.76,0.1803,5.55,746.0,85.0
32899,147.1,6.80,25.76,0.1752,5.71,746.0,85.0
32906,142.9,7.00,25.76,0.1803,5.55,746.0,85.0
32913,142.9,7.00,25.76,0.1803,5.55,746.0,85.0
32919,144.9,6.90,25.76,0.1777,5.63,746.0,85.0
32926,142.9,7.00,25.76,0.1803,5.55,746.0,85.0
32933,147.1,6.80,25.76,0.1752,5.71,746.0,85.0
32940,140.8,7.10,25.76,0.1829,5.47,746.0,85.0
32947,142.9,7.00,25.76,0.1803,5.55,746.0,85.0
32954,144.9,6.90,25.76,0.1777,5.63,746.0,85.0
32961,142.9,7.00,25.76,0.1803,5.55,746.0,85.0
32968,147.1,6.80,25.76,0.1752,5.71,746.0,85.0
32975,144.9,6.90,25.76,0.1777,5.63,746.0,85.0
32982,144.9,6.90,25.76,0.1777,5.63,746.0,85.0
32989,142.9,7.00,25.76,0.1803,5.55,746.0,85.0
32996,144.9,6.90,25.76,0.1777,5.63,746.0,85.0
33003,142.9,7.00,25.76,0.1803,5.55,746.0,85.0
33010,144.9,6.90,25.76,0.1777,5.63,746.0,85.0
33017,142.9,7.00,25.76,0.1803,5.55,746.0,85.0
33024,142.9,7.00,25.76,0.1803,5.55,746.0,85.0
33031,144.9,6.90,25.76,0.1777,5.63,746.0,85.0
33037,144.9,6.90,25.76,0.1777,5.63,746.0,85.0
33044,142.9,7.00,25.76,0.1803,5.55,746.0,85.0
33051,142.9,7.00,25.76,0.1803,5.55,746.0,85.0
33058,144.9,6.90,25.76,0.1777,5.63,746.0,85.0
33065,142.9,7.00,25.76,0.1803,5.55,746.0,85.0
33072,144.9,6.90,25.76,0.1777,5.63,746.0,85.0
33079,144.9,6.90,25.76,0.1777,5.63,746.0,85.0
33086,142.9,7.00,25.76,0.1803,5.55,746.0,85.0
33093,144.9,6.90,25.76,0.1777,5.63,746.0,85.0
33100,142.9,7.00,25.76,0.1803,5.55,746.0,85.0
33107,147.1,6.80,25.76,0.1752,5.71,746.0,85.0
33114,142.9,7.00,25.76,0.1803,5.55,746.0,85.0
33121,142.9,7.00,25.76,0.1803,5.55,746.0,85.0
33128,144.9,6.90,25.76,0.1777,5.63,746.0,85.0
33135,142.9,7.00,25.76,0.1803,5.55,746.0,85.0
33142,142.9,7.00,25.76,0.1803,5.55,746.0,85.0
33149,144.9,6.90,25.76,0.1777,5.63,746.0,85.0
33156,144.9,6.90,25.76,0.1777,5.63,746.0,85.0
33162,144.9,6.90,25.76,0.1777,5.63,746.0,85.0
33169,142.9,7.00,25.76,0.1803,5.55,746.0,85.0
33176,144.9,6.90,25.76,0.1777,5.63,746.0,85.0
33183,144.9,6.90,25.76,0.1777,5.63,746.0,85.0
33190,144.9,6.90,25.76,0.1777,5.63,746.0,85.0
33197,142.9,7.00,25.76,0.1803,5.55,746.0,85.0
33204,140.8,7.10,25.76,0.1829,5.47,746.0,85.0
33211,147.1,6.80,25.76,0.1752,5.71,746.0,85.0
33218,142.9,7.00,25.76,0.1803,5.55,746.0,85.0
33225,144.9,6.90,25.76,0.1777,5.63,746.0,85.0
33232,142.9,7.00,25.76,0.1803,5.55,746.0,85.0
33239,147.1,6.80,25.76,0.1752,5.71,746.0,85.0
33246,140.8,7.10,25.76,0.1829,5.47,746.0,85.0
33253,144.9,6.90,25.76,0.1777,5.63,746.0,85.0
33260,142.9,7.00,25.76,0.1803,5.55,746.0,85.0
33267,144.9,6.90,25.76,0.1778,5.62,746.0,85.0
33274,144.9,6.90,25.77,0.1778,5.62,746.0,85.0
33281,140.8,7.10,25.77,0.1830,5.46,746.0,85.0
33288,144.9,6.90,25.77,0.1778,5.62,746.0,85.0
33294,147.1,6.80,25.77,0.1752,5.71,746.0,85.0
33301,142.9,7.00,25.77,0.1804,5.54,746.0,85.0
33308,142.9,7.00,25.78,0.1804,5.54,746.0,85.0
33315,147.1,6.80,25.78,0.1753,5.71,746.0,85.0
33322,140.8,7.10,25.78,0.1830,5.46,746.0,85.0
33329,144.9,6.90,25.78,0.1779,5.62,746.0,85.0
33336,142.9,7.00,25.78,0.1805,5.54,746.0,85.0
33343,142.9,7.00,25.78,0.1805,5.54,746.0,85.0
33350,142.9,7.00,25.79,0.1805,5.54,746.0,85.0
33357,147.1,6.80,25.79,0.1754,5.70,746.0,85.0
33364,142.9,7.00,25.79,0.1805,5.54,746.0,85.0
33371,144.9,6.90,25.79,0.1780,5.62,746.0,85.0
33378,142.9,7.00,25.79,0.1805,5.54,746.0,85.0
33385,147.1,6.80,25.79,0.1754,5.70,746.0,85.0
33392,140.8,7.10,25.79,0.1831,5.46,746.0,85.0
33399,144.9,6.90,25.79,0.1780,5.62,746.0,85.0
33406,144.9,6.90,25.79,0.1780,5.62,746.0,85.0
33413,142.9,7.00,25.79,0.1805,5.54,746.0,85.0
33419,147.1,6.80,25.79,0.1754,5.70,746.0,85.0
33426,142.9,7.00,25.79,0.1805,5.54,746.0,85.0
33433,140.8,7.10,25.79,0.1831,5.46,746.0,85.0
33440,147.1,6.80,25.79,0.1754,5.70,746.0,85.0
33447,142.9,7.00,25.79,0.1805,5.54,746.0,85.0
33454,144.9,6.90,25.79,0.1780,5.62,746.0,85.0
33461,142.9,7.00,25.79,0.1805,5.54,746.0,85.0
33468,142.9,7.00,25.79,0.1805,5.54,746.0,85.0
33475,144.9,6.90,25.79,0.1780,5.62,746.0,85.0
33482,142.9,7.00,25.79,0.1805,5.54,746.0,85.0
33489,144.9,6.90,25.79,0.1780,5.62,746.0,85.0
33496,144.9,6.90,25.79,0.1780,5.62,746.0,85.0
33503,144.9,6.90,25.79,0.1780,5.62,746.0,85.0
33510,140.8,7.10,25.79,0.1831,5.46,746.0,85.0
33517,144.9,6.90,25.79,0.1780,5.62,746.0,85.0
33524,147.1,6.80,25.79,0.1754,5.70,746.0,85.0
33531,142.9,7.00,25.79,0.1805,5.54,746.0,85.0
33538,142.9,7.00,25.79,0.1805,5.54,746.0,85.0
33544,144.9,6.90,25.79,0.1780,5.62,746.0,85.0
33551,142.9,7.00,25.79,0.1805,5.54,746.0,85.0
33558,144.9,6.90,25.79,0.1780,5.62,746.0,85.0
33565,142.9,7.00,25.79,0.1805,5.54,746.0,85.0
33572,144.9,6.90,25.79,0.1780,5.62,746.0,85.0
33579,142.9,7.00,25.79,0.1805,5.54,746.0,85.0
33586,144.9,6.90,25.79,0.1780,5.62,746.0,85.0
33593,142.9,7.00,25.79,0.1805,5.54,746.0,85.0
33600,144.9,6.90,25.79,0.1780,5.62,746.0,85.0
33607,144.9,6.90,25.79,0.1780,5.62,746.0,85.0
33614,147.1,6.80,25.79,0.1754,5.70,746.0,85.0
33621,140.8,7.10,25.79,0.1831,5.46,746.0,85.0
33628,144.9,6.90,25.79,0.1780,5.62,746.0,85.0
33635,144.9,6.90,25.79,0.1780,5.62,746.0,85.0
33642,142.9,7.00,25.79,0.1805,5.54,746.0,85.0
33649,140.8,7.10,25.79,0.1831,5.46,746.0,85.0
33656,147.1,6.80,25.79,0.1754,5.70,746.0,85.0
33663,142.9,7.00,25.79,0.1805,5.54,746.0,85.0
33670,142.9,7.00,25.79,0.1805,5.54,746.0,85.0
33676,147.1,6.80,25.79,0.1754,5.70,746.0,85.0
33683,142.9,7.00,25.79,0.1805,5.54,746.0,85.0
33690,142.9,7.00,25.79,0.1805,5.54,746.0,85.0
33697,142.9,7.00,25.79,0.1805,5.54,746.0,85.0
33704,144.9,6.90,25.79,0.1780,5.62,746.0,85.0
33711,144.9,6.90,25.79,0.1780,5.62,746.0,85.0
33718,144.9,6.90,25.80,0.1780,5.62,746.0,85.0
33725,144.9,6.90,25.80,0.1780,5.62,746.0,85.0
33732,142.9,7.00,25.80,0.1806,5.54,746.0,85.0
33739,142.9,7.00,25.80,0.1806,5.54,746.0,85.0
33746,144.9,6.90,25.80,0.1780,5.62,746.0,85.0
33753,142.9,7.00,25.80,0.1806,5.54,746.0,85.0
33760,144.9,6.90,25.80,0.1780,5.62,746.0,85.0
33767,144.9,6.90,25.80,0.1780,5.62,746.0,85.0
33774,142.9,7.00,25.81,0.1806,5.54,746.0,85.0
33781,144.9,6.90,25.81,0.1781,5.61,746.0,85.0
33788,142.9,7.00,25.81,0.1807,5.54,746.0,85.0
33794,144.9,6.90,25.81,0.1781,5.61,746.0,85.0
33801,144.9,6.90,25.81,0.1781,5.61,746.0,85.0
33808,142.9,7.00,25.81,0.1807,5.54,746.0,85.0
33815,142.9,7.00,25.81,0.1807,5.54,746.0,85.0
33822,144.9,6.90,25.81,0.1781,5.61,746.0,85.0
33829,142.9,7.00,25.81,0.1807,5.54,746.0,85.0
33836,144.9,6.90,25.81,0.1781,5.61,746.0,85.0
33843,144.9,6.90,25.81,0.1781,5.61,746.0,85.0
33850,144.9,6.90,25.81,0.1781,5.61,746.0,85.0
33857,140.8,7.10,25.81,0.1833,5.46,746.0,85.0
33864,147.1,6.80,25.81,0.1755,5.70,746.0,85.0
33871,142.9,7.00,25.81,0.1807,5.54,746.0,85.0
33878,142.9,7.00,25.81,0.1807,5.54,746.0,85.0
33885,144.9,6.90,25.81,0.1781,5.61,746.0,85.0
33892,144.9,6.90,25.81,0.1781,5.61,746.0,85.0
33899,142.9,7.00,25.81,0.1807,5.54,746.0,85.0
33906,144.9,6.90,25.81,0.1781,5.61,746.0,85.0
33912,144.9,6.90,25.81,0.1781,5.61,746.0,85.0
33919,142.9,7.00,25.81,0.1807,5.54,746.0,85.0
33926,147.1,6.80,25.81,0.1755,5.70,746.0,85.0
33933,140.8,7.10,25.81,0.1833,5.46,746.0,85.0
33940,144.9,6.90,25.81,0.1781,5.61,746.0,85.0
33947,142.9,7.00,25.81,0.1807,5.54,746.0,85.0
33954,144.9,6.90,25.81,0.1781,5.61,746.0,85.0
33961,142.9,7.00,25.81,0.1807,5.54,746.0,85.0
33968,142.9,7.00,25.81,0.1807,5.54,746.0,85.0
33975,144.9,6.90,25.81,0.1781,5.61,746.0,85.0
33982,144.9,6.90,25.81,0.1781,5.61,746.0,85.0
33989,144.9,6.90,25.81,0.1781,5.61,746.0,85.0
33996,140.8,7.10,25.81,0.1833,5.46,746.0,85.0
34003,144.9,6.90,25.81,0.1781,5.61,746.0,85.0
34010,144.9,6.90,25.81,0.1781,5.61,746.0,85.0
34017,142.9,7.00,25.81,0.1807,5.54,746.0,85.0
34024,144.9,6.90,25.81,0.1781,5.61,746.0,85.0
34031,144.9,6.90,25.81,0.1781,5.61,746.0,85.0
34038,142.9,7.00,25.81,0.1807,5.54,746.0,85.0
34044,147.1,6.80,25.81,0.1755,5.70,746.0,85.0
34051,140.8,7.10,25.81,0.1833,5.46,746.0,85.0
34058,147.1,6.80,25.81,0.1755,5.70,746.0,85.0
34065,142.9,7.00,25.81,0.1807,5.54,746.0,85.0
34072,144.9,6.90,25.81,0.1781,5.61,746.0,85.0
34079,142.9,7.00,25.81,0.1807,5.54,746.0,85.0
34086,144.9,6.90,25.81,0.1781,5.61,746.0,85.0
34093,144.9,6.90,25.81,0.1781,5.61,746.0,85.0
34100,142.9,7.00,25.81,0.1807,5.54,746.0,85.0
34107,144.9,6.90,25.81,0.1781,5.61,746.0,85.0
34114,142.9,7.00,25.81,0.1807,5.54,746.0,85.0
34121,142.9,7.00,25.81,0.1807,5.54,746.0,85.0
34128,147.1,6.80,25.81,0.1755,5.70,746.0,85.0
34135,140.8,7.10,25.81,0.1833,5.46,746.0,85.0
34142,144.9,6.90,25.81,0.1781,5.61,746.0,85.0
34149,142.9,7.00,25.81,0.1807,5.54,746.0,85.0
34156,142.9,7.00,25.81,0.1807,5.54,746.0,85.0
34162,147.1,6.80,25.81,0.1755,5.70,746.0,85.0
34169,142.9,7.00,25.81,0.1807,5.54,746.0,85.0
34176,144.9,6.90,25.81,0.1781,5.61,746.0,85.0
34183,142.9,7.00,25.81,0.1807,5.54,746.0,85.0
34190,147.1,6.80,25.81,0.1755,5.70,746.0,85.0
34197,142.9,7.00,25.81,0.1807,5.54,746.0,85.0
34204,142.9,7.00,25.81,0.1807,5.54,746.0,85.0
34211,144.9,6.90,25.81,0.1781,5.61,746.0,85.0
34218,142.9,7.00,25.81,0.1807,5.54,746.0,85.0
34225,144.9,6.90,25.81,0.1781,5.61,746.0,85.0
34232,144.9,6.90,25.81,0.1781,5.61,746.0,85.0
34239,142.9,7.00,25.81,0.1807,5.54,746.0,85.0
34246,144.9,6.90,25.82,0.1782,5.61,746.0,85.0
34253,142.9,7.00,25.83,0.1808,5.53,746.0,85.0
34261,125.0,8.00,25.84,0.2067,4.84,746.0,85.0
34267,166.7,6.00,25.85,0.1551,6.45,746.0,85.0
34274,144.9,6.90,25.86,0.1784,5.60,746.0,85.0
34280,147.1,6.80,25.86,0.1759,5.69,746.0,85.0
34287,142.9,7.00,25.87,0.1811,5.52,746.0,85.0
34294,144.9,6.90,25.88,0.1786,5.60,746.0,85.0
34301,140.8,7.10,25.89,0.1838,5.44,746.0,85.0
34308,144.9,6.90,25.90,0.1787,5.60,746.0,85.0
34315,144.9,6.90,25.90,0.1787,5.59,746.0,85.0
34322,144.9,6.90,25.91,0.1788,5.59,746.0,85.0
34329,144.9,6.90,25.92,0.1789,5.59,746.0,85.0
34336,140.8,7.10,25.93,0.1841,5.43,746.0,85.0
34343,142.9,7.00,25.94,0.1816,5.51,746.0,85.0
34350,144.9,6.90,25.94,0.1790,5.59,746.0,85.0
34357,144.9,6.90,25.94,0.1790,5.59,746.0,85.0
34364,142.9,7.00,25.94,0.1816,5.51,746.0,85.0
34371,142.9,7.00,25.94,0.1816,5.51,746.0,85.0
34378,147.1,6.80,25.94,0.1764,5.67,746.0,85.0
34385,142.9,7.00,25.94,0.1816,5.51,746.0,85.0
34392,142.9,7.00,25.94,0.1816,5.51,746.0,85.0
34399,144.9,6.90,25.94,0.1790,5.59,746.0,85.0
34406,142.9,7.00,25.94,0.1816,5.51,746.0,85.0
34413,144.9,6.90,25.94,0.1790,5.59,746.0,85.0
34419,144.9,6.90,25.94,0.1790,5.59,746.0,85.0
34426,142.9,7.00,25.94,0.1816,5.51,746.0,85.0
34433,144.9,6.90,25.94,0.1790,5.59,746.0,85.0
34440,144.9,6.90,25.94,0.1790,5.59,746.0,85.0
34447,144.9,6.90,25.94,0.1790,5.59,746.0,85.0
34454,142.9,7.00,25.94,0.1816,5.51,746.0,85.0
34461,142.9,7.00,25.94,0.1816,5.51,746.0,85.0
34468,142.9,7.00,25.94,0.1816,5.51,746.0,85.0
34475,144.9,6.90,25.94,0.1790,5.59,746.0,85.0
34482,142.9,7.00,25.94,0.1816,5.51,746.0,85.0
34489,144.9,6.90,25.94,0.1790,5.59,746.0,85.0
34496,147.1,6.80,25.94,0.1764,5.67,746.0,85.0
34503,142.9,7.00,25.94,0.1816,5.51,746.0,85.0
34510,142.9,7.00,25.94,0.1816,5.51,746.0,85.0
34517,144.9,6.90,25.94,0.1790,5.59,746.0,85.0
34524,142.9,7.00,25.94,0.1816,5.51,746.0,85.0
34531,144.9,6.90,25.94,0.1790,5.59,746.0,85.0
34538,142.9,7.00,25.94,0.1816,5.51,746.0,85.0
34544,147.1,6.80,25.94,0.1764,5.67,746.0,85.0
34551,142.9,7.00,25.94,0.1816,5.51,746.0,85.0
34558,142.9,7.00,25.94,0.1816,5.51,746.0,85.0
34565,144.9,6.90,25.94,0.1790,5.59,746.0,85.0
34572,144.9,6.90,25.94,0.1790,5.59,746.0,85.0
34579,142.9,7.00,25.94,0.1816,5.51,746.0,85.0
34586,142.9,7.00,25.94,0.1816,5.51,746.0,85.0
34593,144.9,6.90,25.94,0.1790,5.59,746.0,85.0
34600,144.9,6.90,25.94,0.1790,5.59,746.0,85.0
34607,140.8,7.10,25.94,0.1842,5.43,746.0,85.0
34614,144.9,6.90,25.94,0.1790,5.59,746.0,85.0
34621,144.9,6.90,25.94,0.1790,5.59,746.0,85.0
34628,142.9,7.00,25.94,0.1816,5.51,746.0,85.0
34635,147.1,6.80,25.94,0.1764,5.67,746.0,85.0
34642,142.9,7.00,25.94,0.1816,5.51,746.0,85.0
34649,144.9,6.90,25.94,0.1790,5.59,746.0,85.0
34656,140.8,7.10,25.94,0.1842,5.43,746.0,85.0
34663,144.9,6.90,25.94,0.1790,5.59,746.0,85.0
34669,144.9,6.90,25.94,0.1790,5.59,746.0,85.0
34676,144.9,6.90,25.95,0.1790,5.58,746.0,85.0
34683,142.9,7.00,25.96,0.1817,5.50,746.0,85.0
34690,144.9,6.90,25.97,0.1792,5.58,746.0,85.0
34697,144.9,6.90,25.99,0.1793,5.58,746.0,85.0
34704,142.9,7.00,26.00,0.1820,5.50,746.0,85.0
34711,142.9,7.00,26.02,0.1821,5.49,746.0,85.0
34718,144.9,6.90,26.03,0.1796,5.57,746.0,85.0
34725,142.9,7.00,26.04,0.1823,5.49,746.0,85.0
34732,144.9,6.90,26.06,0.1798,5.56,746.0,85.0
34739,142.9,7.00,26.07,0.1825,5.48,746.0,85.0
34746,144.9,6.90,26.09,0.1800,5.55,746.0,85.0
34753,144.9,6.90,26.10,0.1801,5.55,746.0,85.0
34760,142.9,7.00,26.12,0.1828,5.47,746.0,85.0
34767,144.9,6.90,26.13,0.1803,5.55,746.0,85.0
34774,142.9,7.00,26.14,0.1830,5.47,746.0,85.0
34781,144.9,6.90,26.16,0.1805,5.54,746.0,85.0
34787,144.9,6.90,26.16,0.1805,5.54,746.0,85.0
34794,142.9,7.00,26.16,0.1831,5.46,746.0,85.0
34801,144.9,6.90,26.16,0.1805,5.54,746.0,85.0
34808,142.9,7.00,26.16,0.1831,5.46,746.0,85.0
34815,147.1,6.80,26.16,0.1779,5.62,746.0,85.0
34822,140.8,7.10,26.16,0.1857,5.38,746.0,85.0
34829,144.9,6.90,26.16,0.1805,5.54,746.0,85.0
34836,147.1,6.80,26.16,0.1779,5.62,746.0,85.0
34843,140.8,7.10,26.16,0.1857,5.38,746.0,85.0
34850,144.9,6.90,26.16,0.1805,5.54,746.0,85.0
34857,142.9,7.00,26.16,0.1831,5.46,746.0,85.0
34864,144.9,6.90,26.16,0.1805,5.54,746.0,85.0
34871,142.9,7.00,26.16,0.1831,5.46,746.0,85.0
34878,144.9,6.90,26.16,0.1805,5.54,746.0,85.0
34885,142.9,7.00,26.16,0.1831,5.46,746.0,85.0
34892,144.9,6.90,26.16,0.1805,5.54,746.0,85.0
34899,142.9,7.00,26.16,0.1831,5.46,746.0,85.0
34906,144.9,6.90,26.16,0.1805,5.54,746.0,85.0
34913,142.9,7.00,26.16,0.1831,5.46,746.0,85.0
34919,144.9,6.90,26.16,0.1805,5.54,746.0,85.0
34926,142.9,7.00,26.16,0.1831,5.46,746.0,85.0
34933,147.1,6.80,26.16,0.1779,5.62,746.0,85.0
34940,140.8,7.10,26.16,0.1857,5.38,746.0,85.0
34947,144.9,6.90,26.16,0.1805,5.54,746.0,85.0
34954,144.9,6.90,26.16,0.1805,5.54,746.0,85.0
34961,144.9,6.90,26.16,0.1805,5.54,746.0,85.0
34968,142.9,7.00,26.16,0.1831,5.46,746.0,85.0
34975,142.9,7.00,26.16,0.1831,5.46,746.0,85.0
34982,142.9,7.00,26.16,0.1831,5.46,746.0,85.0
34989,144.9,6.90,26.16,0.1805,5.54,746.0,85.0
34996,147.1,6.80,26.16,0.1779,5.62,746.0,85.0
35003,140.8,7.10,26.16,0.1857,5.38,746.0,85.0
35010,144.9,6.90,26.16,0.1805,5.54,746.0,85.0
35017,144.9,6.90,26.16,0.1805,5.54,746.0,85.0
35024,142.9,7.00,26.16,0.1831,5.46,746.0,85.0
35031,142.9,7.00,26.16,0.1831,5.46,746.0,85.0
35037,147.1,6.80,26.16,0.1779,5.62,746.0,85.0
35044,142.9,7.00,26.16,0.1831,5.46,746.0,85.0
35051,144.9,6.90,26.16,0.1805,5.54,746.0,85.0
35058,144.9,6.90,26.16,0.1805,5.54,746.0,85.0
35065,142.9,7.00,26.16,0.1831,5.46,746.0,85.0
35072,144.9,6.90,26.16,0.1805,5.54,746.0,85.0
35079,140.8,7.10,26.16,0.1857,5.38,746.0,85.0
35086,147.1,6.80,26.16,0.1779,5.62,746.0,85.0
35093,142.9,7.00,26.16,0.1831,5.46,746.0,85.0
35100,144.9,6.90,26.16,0.1805,5.54,746.0,85.0
35107,142.9,7.00,26.16,0.1831,5.46,746.0,85.0
35114,144.9,6.90,26.16,0.1805,5.54,746.0,85.0
35121,142.9,7.00,26.16,0.1831,5.46,746.0,85.0
35128,144.9,6.90,26.16,0.1805,5.54,746.0,85.0
35135,142.9,7.00,26.16,0.1831,5.46,746.0,85.0
35142,144.9,6.90,26.16,0.1805,5.54,746.0,85.0
35149,142.9,7.00,26.16,0.1831,5.46,746.0,85.0
35156,144.9,6.90,26.16,0.1805,5.54,746.0,85.0
35162,147.1,6.80,26.16,0.1779,5.62,746.0,85.0
35169,140.8,7.10,26.16,0.1857,5.38,746.0,85.0
35176,144.9,6.90,26.16,0.1805,5.54,746.0,85.0
35183,142.9,7.00,26.16,0.1831,5.46,746.0,85.0
35190,142.9,7.00,26.16,0.1831,5.46,746.0,85.0
35197,144.9,6.90,26.16,0.1805,5.54,746.0,85.0
35204,144.9,6.90,26.16,0.1805,5.54,746.0,85.0
35211,142.9,7.00,26.16,0.1831,5.46,746.0,85.0
35218,142.9,7.00,26.16,0.1831,5.46,746.0,85.0
35225,147.1,6.80,26.17,0.1780,5.62,746.0,85.0
35232,147.1,6.80,26.18,0.1780,5.62,746.0,85.0
35239,142.9,7.00,26.18,0.1833,5.46,746.0,85.0
35246,140.8,7.10,26.19,0.1859,5.38,746.0,85.0
35253,142.9,7.00,26.19,0.1834,5.46,746.0,85.0
35260,144.9,6.90,26.20,0.1808,5.53,746.0,85.0
35267,144.9,6.90,26.21,0.1808,5.53,746.0,85.0
35274,142.9,7.00,26.21,0.1835,5.45,746.0,85.0
35281,144.9,6.90,26.22,0.1809,5.53,746.0,85.0
35288,142.9,7.00,26.23,0.1836,5.45,746.0,85.0
35294,144.9,6.90,26.23,0.1810,5.52,746.0,85.0
35301,142.9,7.00,26.24,0.1837,5.45,746.0,85.0
35308,144.9,6.90,26.25,0.1811,5.52,746.0,85.0
35315,142.9,7.00,26.25,0.1838,5.44,746.0,85.0
35322,147.1,6.80,26.26,0.1786,5.60,746.0,85.0
35329,140.8,7.10,26.26,0.1864,5.36,746.0,85.0
35336,144.9,6.90,26.26,0.1812,5.52,746.0,85.0
35343,144.9,6.90,26.26,0.1812,5.52,746.0,85.0
35350,142.9,7.00,26.26,0.1838,5.44,746.0,85.0
35357,144.9,6.90,26.26,0.1812,5.52,746.0,85.0
35364,144.9,6.90,26.26,0.1812,5.52,746.0,85.0
35371,142.9,7.00,26.26,0.1838,5.44,746.0,85.0
35378,142.9,7.00,26.26,0.1838,5.44,746.0,85.0
35385,144.9,6.90,26.26,0.1812,5.52,746.0,85.0
35392,144.9,6.90,26.26,0.1812,5.52,746.0,85.0
35399,142.9,7.00,26.26,0.1838,5.44,746.0,85.0
35405,147.1,6.80,26.26,0.1786,5.60,746.0,85.0
35412,142.9,7.00,26.26,0.1838,5.44,746.0,85.0
35419,142.9,7.00,26.26,0.1838,5.44,746.0,85.0
35426,144.9,6.90,26.26,0.1812,5.52,746.0,85.0
35433,142.9,7.00,26.26,0.1838,5.44,746.0,85.0
35440,144.9,6.90,26.26,0.1812,5.52,746.0,85.0
35447,142.9,7.00,26.26,0.1838,5.44,746.0,85.0
35454,144.9,6.90,26.26,0.1812,5.52,746.0,85.0
35461,142.9,7.00,26.26,0.1838,5.44,746.0,85.0
35468,147.1,6.80,26.26,0.1786,5.60,746.0,85.0
35475,140.8,7.10,26.26,0.1864,5.36,746.0,85.0
35482,144.9,6.90,26.26,0.1812,5.52,746.0,85.0
35489,142.9,7.00,26.26,0.1838,5.44,746.0,85.0
35496,144.9,6.90,26.26,0.1812,5.52,746.0,85.0
35503,144.9,6.90,26.26,0.1812,5.52,746.0,85.0
35510,142.9,7.00,26.26,0.1838,5.44,746.0,85.0
35517,144.9,6.90,26.26,0.1812,5.52,746.0,85.0
35524,144.9,6.90,26.26,0.1812,5.52,746.0,85.0
35531,142.9,7.00,26.26,0.1838,5.44,746.0,85.0
35537,144.9,6.90,26.26,0.1812,5.52,746.0,85.0
35545,140.8,7.10,26.26,0.1864,5.36,746.0,85.0
35551,144.9,6.90,26.26,0.1812,5.52,746.0,85.0
35558,142.9,7.00,26.26,0.1838,5.44,746.0,85.0
35565,144.9,6.90,26.26,0.1812,5.52,746.0,85.0
35572,144.9,6.90,26.26,0.1812,5.52,746.0,85.0
35579,144.9,6.90,26.26,0.1812,5.52,746.0,85.0
35586,142.9,7.00,26.26,0.1838,5.44,746.0,85.0
35593,144.9,6.90,26.26,0.1812,5.52,746.0,85.0
35600,142.9,7.00,26.26,0.1838,5.44,746.0,85.0
35607,147.1,6.80,26.26,0.1786,5.60,746.0,85.0
35614,144.9,6.90,26.26,0.1812,5.52,746.0,85.0
35621,140.8,7.10,26.26,0.1864,5.36,746.0,85.0
35628,144.9,6.90,26.26,0.1812,5.52,746.0,85.0
35635,142.9,7.00,26.26,0.1838,5.44,746.0,85.0
35642,147.1,6.80,26.26,0.1786,5.60,746.0,85.0
35649,140.8,7.10,26.26,0.1864,5.36,746.0,85.0
35656,144.9,6.90,26.26,0.1812,5.52,746.0,85.0
35663,142.9,7.00,26.26,0.1838,5.44,746.0,85.0
35669,144.9,6.90,26.26,0.1812,5.52,746.0,85.0
35676,144.9,6.90,26.26,0.1812,5.52,746.0,85.0
35683,142.9,7.00,26.26,0.1838,5.44,746.0,85.0
35690,142.9,7.00,26.26,0.1838,5.44,746.0,85.0
35697,144.9,6.90,26.26,0.1812,5.52,746.0,85.0
35704,144.9,6.90,26.26,0.1812,5.52,746.0,85.0
35711,142.9,7.00,26.26,0.1838,5.44,746.0,85.0
35718,144.9,6.90,26.26,0.1812,5.52,746.0,85.0
35725,144.9,6.90,26.26,0.1812,5.52,746.0,85.0
35732,144.9,6.90,26.26,0.1812,5.52,746.0,85.0
35739,140.8,7.10,26.26,0.1864,5.36,746.0,85.0
35746,144.9,6.90,26.26,0.1812,5.52,746.0,85.0
35753,144.9,6.90,26.26,0.1812,5.52,746.0,85.0
35760,142.9,7.00,26.26,0.1838,5.44,746.0,85.0
35767,144.9,6.90,26.26,0.1812,5.52,746.0,85.0
35774,144.9,6.90,26.26,0.1812,5.52,746.0,85.0
35781,142.9,7.00,26.26,0.1838,5.44,746.0,85.0
35787,144.9,6.90,26.26,0.1812,5.52,746.0,85.0
35794,142.9,7.00,26.27,0.1839,5.44,746.0,85.0
35801,144.9,6.90,26.27,0.1812,5.52,746.0,85.0
35808,142.9,7.00,26.27,0.1839,5.44,746.0,85.0
35815,147.1,6.80,26.27,0.1786,5.60,746.0,85.0
35822,142.9,7.00,26.27,0.1839,5.44,746.0,85.0
35829,140.8,7.10,26.27,0.1865,5.36,746.0,85.0
35836,144.9,6.90,26.27,0.1813,5.52,746.0,85.0
35843,144.9,6.90,26.27,0.1813,5.51,746.0,85.0
35850,142.9,7.00,26.28,0.1839,5.44,746.0,85.0
35857,147.1,6.80,26.28,0.1787,5.60,746.0,85.0
35864,140.8,7.10,26.28,0.1866,5.36,746.0,85.0
35871,144.9,6.90,26.28,0.1813,5.51,746.0,85.0
35878,142.9,7.00,26.28,0.1840,5.44,746.0,85.0
35885,144.9,6.90,26.28,0.1813,5.51,746.0,85.0
35892,144.9,6.90,26.28,0.1813,5.51,746.0,85.0
35899,144.9,6.90,26.28,0.1813,5.51,746.0,85.0
35906,142.9,7.00,26.28,0.1840,5.44,746.0,85.0
35912,144.9,6.90,26.28,0.1813,5.51,746.0,85.0
35919,142.9,7.00,26.28,0.1840,5.44,746.0,85.0
35926,144.9,6.90,26.28,0.1813,5.51,746.0,85.0
35933,142.9,7.00,26.28,0.1840,5.44,746.0,85.0
35940,144.9,6.90,26.28,0.1813,5.51,746.0,85.0
35947,144.9,6.90,26.28,0.1813,5.51,746.0,85.0
35954,142.9,7.00,26.28,0.1840,5.44,746.0,85.0
35961,144.9,6.90,26.28,0.1813,5.51,746.0,85.0
35968,144.9,6.90,26.28,0.1813,5.51,746.0,85.0
35975,142.9,7.00,26.28,0.1840,5.44,746.0,85.0
35982,142.9,7.00,26.28,0.1840,5.44,746.0,85.0
35989,147.1,6.80,26.28,0.1787,5.60,746.0,85.0
35996,142.9,7.00,26.28,0.1840,5.44,746.0,85.0
36003,142.9,7.00,26.28,0.1840,5.44,746.0,85.0
36010,142.9,7.00,26.28,0.1840,5.44,746.0,85.0
36017,144.9,6.90,26.28,0.1813,5.51,746.0,85.0
36024,144.9,6.90,26.28,0.1813,5.51,746.0,85.0
36031,142.9,7.00,26.28,0.1840,5.44,746.0,85.0
36038,142.9,7.00,26.28,0.1840,5.44,746.0,85.0
36044,144.9,6.90,26.28,0.1813,5.51,746.0,85.0
36051,144.9,6.90,26.28,0.1813,5.51,746.0,85.0
36058,142.9,7.00,26.28,0.1840,5.44,746.0,85.0
36065,144.9,6.90,26.28,0.1813,5.51,746.0,85.0
36072,142.9,7.00,26.28,0.1840,5.44,746.0,85.0
36079,144.9,6.90,26.28,0.1813,5.51,746.0,85.0
36086,144.9,6.90,26.28,0.1813,5.51,746.0,85.0
36093,142.9,7.00,26.28,0.1840,5.44,746.0,85.0
36100,147.1,6.80,26.28,0.1787,5.60,746.0,85.0
36107,142.9,7.00,26.28,0.1840,5.44,746.0,85.0
36114,142.9,7.00,26.28,0.1840,5.44,746.0,85.0
36121,142.9,7.00,26.28,0.1840,5.44,746.0,85.0
36128,142.9,7.00,26.28,0.1840,5.44,746.0,85.0
36135,144.9,6.90,26.28,0.1813,5.51,746.0,85.0
36142,144.9,6.90,26.28,0.1813,5.51,746.0,85.0
36149,142.9,7.00,26.28,0.1840,5.44,746.0,85.0
36156,144.9,6.90,26.28,0.1813,5.51,746.0,85.0
36163,142.9,7.00,26.28,0.1840,5.44,746.0,85.0
36169,144.9,6.90,26.28,0.1813,5.51,746.0,85.0
36176,144.9,6.90,26.28,0.1813,5.51,746.0,85.0
36183,142.9,7.00,26.28,0.1840,5.44,746.0,85.0
36190,144.9,6.90,26.28,0.1813,5.51,746.0,85.0
36197,142.9,7.00,26.28,0.1840,5.44,746.0,85.0
36204,144.9,6.90,26.27,0.1813,5.52,746.0,85.0
36211,144.9,6.90,26.26,0.1812,5.52,746.0,85.0
36218,142.9,7.00,26.25,0.1838,5.44,746.0,85.0
36225,144.9,6.90,26.24,0.1811,5.52,746.0,85.0
36232,144.9,6.90,26.23,0.1810,5.52,746.0,85.0
36239,142.9,7.00,26.22,0.1835,5.45,746.0,85.0
36246,142.9,7.00,26.21,0.1835,5.45,746.0,85.0
36253,140.8,7.10,26.20,0.1860,5.37,746.0,85.0
36260,138.9,7.20,26.19,0.1886,5.30,746.0,85.0
36269,111.1,9.00,26.17,0.2356,4.24,746.0,85.0
36277,133.3,7.50,26.16,0.1962,5.10,746.0,85.0
36284,138.9,7.20,26.15,0.1883,5.31,746.0,85.0
36290,153.8,6.50,26.14,0.1699,5.88,746.0,85.0
36296,163.9,6.10,26.13,0.1594,6.27,746.0,85.0
36303,153.8,6.50,26.12,0.1698,5.89,746.0,85.0
36309,175.4,5.70,26.11,0.1489,6.72,746.0,85.0
36315,151.5,6.60,26.11,0.1723,5.80,746.0,85.0
36322,144.9,6.90,26.11,0.1802,5.55,746.0,85.0
36329,140.8,7.10,26.11,0.1854,5.39,746.0,85.0
36336,147.1,6.80,26.11,0.1775,5.63,746.0,85.0
36343,142.9,7.00,26.11,0.1828,5.47,746.0,85.0
36351,128.2,7.80,26.11,0.2037,4.91,746.0,85.0
36358,147.1,6.80,26.11,0.1775,5.63,746.0,85.0
36364,158.7,6.30,26.11,0.1645,6.08,746.0,85.0
36371,144.9,6.90,26.11,0.1802,5.55,746.0,85.0
36378,144.9,6.90,26.11,0.1802,5.55,746.0,85.0
36385,144.9,6.90,26.11,0.1802,5.55,746.0,85.0
36392,142.9,7.00,26.11,0.1828,5.47,746.0,85.0
36399,142.9,7.00,26.11,0.1828,5.47,746.0,85.0
36405,147.1,6.80,26.11,0.1775,5.63,746.0,85.0
36412,144.9,6.90,26.11,0.1802,5.55,746.0,85.0
36421,111.1,9.00,26.11,0.2350,4.26,746.0,85.0
36429,133.3,7.50,26.11,0.1958,5.11,746.0,85.0
36436,149.3,6.70,26.11,0.1749,5.72,746.0,85.0
36442,151.5,6.60,26.11,0.1723,5.80,746.0,85.0
36450,126.6,7.90,26.11,0.2063,4.85,746.0,85.0
36458,125.0,8.00,26.11,0.2089,4.79,746.0,85.0
36464,161.3,6.20,26.11,0.1619,6.18,746.0,85.0
36470,163.9,6.10,26.11,0.1593,6.28,746.0,85.0
36476,169.5,5.90,26.11,0.1540,6.49,746.0,85.0
36482,181.8,5.50,26.11,0.1436,6.96,746.0,85.0
36489,140.8,7.10,26.11,0.1854,5.39,746.0,85.0
36496,142.9,7.00,26.11,0.1828,5.47,746.0,85.0
36503,147.1,6.80,26.11,0.1775,5.63,746.0,85.0
36510,142.9,7.00,26.11,0.1828,5.47,746.0,85.0
36517,142.9,7.00,26.11,0.1828,5.47,746.0,85.0
36523,147.1,6.80,26.11,0.1775,5.63,746.0,85.0
36530,142.9,7.00,26.11,0.1828,5.47,746.0,85.0
36538,140.8,7.10,26.11,0.1854,5.39,746.0,85.0
36544,144.9,6.90,26.11,0.1802,5.55,746.0,85.0
36551,144.9,6.90,26.11,0.1802,5.55,746.0,85.0
36558,144.9,6.90,26.11,0.1802,5.55,746.0,85.0
36565,142.9,7.00,26.11,0.1828,5.47,746.0,85.0
36572,147.1,6.80,26.11,0.1775,5.63,746.0,85.0
36579,140.8,7.10,26.11,0.1854,5.39,746.0,85.0
36586,142.9,7.00,26.11,0.1828,5.47,746.0,85.0
36593,144.9,6.90,26.11,0.1802,5.55,746.0,85.0
36600,144.9,6.90,26.11,0.1802,5.55,746.0,85.0
36607,142.9,7.00,26.11,0.1828,5.47,746.0,85.0
36614,144.9,6.90,26.11,0.1802,5.55,746.0,85.0
36623,105.3,9.50,26.11,0.2480,4.03,746.0,85.0
36629,166.7,6.00,26.11,0.1567,6.38,746.0,85.0
36637,126.6,7.90,26.11,0.2063,4.85,746.0,85.0
36642,232.6,4.30,26.11,0.1123,8.91,746.0,85.0
36648,144.9,6.90,26.11,0.1802,5.55,746.0,85.0
36656,140.8,7.10,26.11,0.1854,5.39,746.0,85.0
36662,144.9,6.90,26.11,0.1802,5.55,746.0,85.0
36669,144.9,6.90,26.11,0.1802,5.55,746.0,85.0
36676,144.9,6.90,26.11,0.1802,5.55,746.0,85.0
36683,140.8,7.10,26.11,0.1854,5.39,746.0,85.0
36690,144.9,6.90,26.11,0.1802,5.55,746.0,85.0
36697,144.9,6.90,26.11,0.1802,5.55,746.0,85.0
36704,142.9,7.00,26.11,0.1828,5.47,746.0,85.0
36711,147.1,6.80,26.11,0.1775,5.63,746.0,85.0
36718,142.9,7.00,26.11,0.1828,5.47,746.0,85.0
36725,142.9,7.00,26.11,0.1828,5.47,746.0,85.0
36732,144.9,6.90,26.11,0.1802,5.55,746.0,85.0
36739,140.8,7.10,26.11,0.1854,5.39,746.0,85.0
36746,144.9,6.90,26.11,0.1802,5.55,746.0,85.0
36753,144.9,6.90,26.09,0.1800,5.55,746.0,85.0
36760,142.9,7.00,26.07,0.1825,5.48,746.0,85.0
36767,147.1,6.80,26.04,0.1771,5.65,746.0,85.0
36774,140.8,7.10,26.01,0.1847,5.41,746.0,85.0
36781,144.9,6.90,25.98,0.1793,5.58,746.0,85.0
36787,144.9,6.90,25.96,0.1791,5.58,746.0,85.0
36794,142.9,7.00,25.93,0.1815,5.51,746.0,85.0
36801,144.9,6.90,25.90,0.1787,5.59,746.0,85.0
36808,142.9,7.00,25.87,0.1811,5.52,746.0,85.0
36815,144.9,6.90,25.84,0.1783,5.61,746.0,85.0
36822,144.9,6.90,25.82,0.1781,5.61,746.0,85.0
36829,142.9,7.00,25.79,0.1805,5.54,746.0,85.0
36836,144.9,6.90,25.76,0.1777,5.63,746.0,85.0
36843,144.9,6.90,25.73,0.1775,5.63,746.0,85.0
36850,144.9,6.90,25.70,0.1773,5.64,746.0,85.0
36857,142.9,7.00,25.67,0.1797,5.57,746.0,85.0
36864,142.9,7.00,25.67,0.1797,5.57,746.0,85.0
36871,144.9,6.90,25.67,0.1771,5.64,746.0,85.0
36878,142.9,7.00,25.67,0.1797,5.57,746.0,85.0
36885,144.9,6.90,25.67,0.1771,5.64,746.0,85.0
36892,144.9,6.90,25.67,0.1771,5.64,746.0,85.0
36899,142.9,7.00,25.67,0.1797,5.57,746.0,85.0
36906,140.8,7.10,25.67,0.1823,5.49,746.0,85.0
36912,147.1,6.80,25.67,0.1746,5.73,746.0,85.0
36919,144.9,6.90,25.67,0.1771,5.64,746.0,85.0
36926,142.9,7.00,25.67,0.1797,5.57,746.0,85.0
36933,144.9,6.90,25.67,0.1771,5.64,746.0,85.0
36940,142.9,7.00,25.67,0.1797,5.57,746.0,85.0
36947,140.8,7.10,25.67,0.1823,5.49,746.0,85.0
36954,147.1,6.80,25.67,0.1746,5.73,746.0,85.0
36961,142.9,7.00,25.67,0.1797,5.57,746.0,85.0
36968,147.1,6.80,25.67,0.1746,5.73,746.0,85.0
36975,142.9,7.00,25.67,0.1797,5.57,746.0,85.0
36982,142.9,7.00,25.67,0.1797,5.57,746.0,85.0
36989,144.9,6.90,25.67,0.1771,5.64,746.0,85.0
36996,144.9,6.90,25.67,0.1771,5.64,746.0,85.0
37003,144.9,6.90,25.67,0.1771,5.64,746.0,85.0
37010,142.9,7.00,25.67,0.1797,5.57,746.0,85.0
37017,142.9,7.00,25.67,0.1797,5.57,746.0,85.0
37024,144.9,6.90,25.67,0.1771,5.64,746.0,85.0
37031,142.9,7.00,25.67,0.1797,5.57,746.0,85.0
37038,142.9,7.00,25.67,0.1797,5.57,746.0,85.0
37044,147.1,6.80,25.67,0.1746,5.73,746.0,85.0
37051,142.9,7.00,25.67,0.1797,5.57,746.0,85.0
37058,144.9,6.90,25.67,0.1771,5.64,746.0,85.0
37065,142.9,7.00,25.67,0.1797,5.57,746.0,85.0
37072,142.9,7.00,25.67,0.1797,5.57,746.0,85.0
37079,149.3,6.70,25.67,0.1720,5.82,746.0,85.0
37086,140.8,7.10,25.67,0.1823,5.49,746.0,85.0
37093,142.9,7.00,25.67,0.1797,5.57,746.0,85.0
37100,144.9,6.90,25.67,0.1771,5.64,746.0,85.0
37107,144.9,6.90,25.67,0.1771,5.64,746.0,85.0
37114,142.9,7.00,25.67,0.1797,5.57,746.0,85.0
37121,142.9,7.00,25.67,0.1797,5.57,746.0,85.0
37128,144.9,6.90,25.67,0.1771,5.64,746.0,85.0
37135,144.9,6.90,25.67,0.1771,5.64,746.0,85.0
37142,144.9,6.90,25.67,0.1771,5.64,746.0,85.0
37149,142.9,7.00,25.67,0.1797,5.57,746.0,85.0
37155,144.9,6.90,25.67,0.1771,5.64,746.0,85.0
37163,140.8,7.10,25.67,0.1823,5.49,746.0,85.0
37169,144.9,6.90,25.67,0.1771,5.64,746.0,85.0
37176,144.9,6.90,25.67,0.1771,5.64,746.0,85.0
37183,142.9,7.00,25.67,0.1797,5.57,746.0,85.0
37190,144.9,6.90,25.66,0.1770,5.65,746.0,85.0
37197,142.9,7.00,25.63,0.1794,5.58,746.0,85.0
37204,147.1,6.80,25.60,0.1741,5.75,746.0,85.0
37211,142.9,7.00,25.57,0.1790,5.59,746.0,85.0
37218,144.9,6.90,25.54,0.1762,5.67,746.0,85.0
37225,142.9,7.00,25.51,0.1786,5.60,746.0,85.0
37232,142.9,7.00,25.49,0.1784,5.61,746.0,85.0
37239,147.1,6.80,25.46,0.1731,5.78,746.0,85.0
37246,142.9,7.00,25.43,0.1780,5.62,746.0,85.0
37253,142.9,7.00,25.40,0.1778,5.63,746.0,85.0
37260,144.9,6.90,25.37,0.1751,5.71,746.0,85.0
37268,126.6,7.90,25.34,0.2002,5.00,746.0,85.0
37274,166.7,6.00,25.31,0.1519,6.59,746.0,85.0
37280,144.9,6.90,25.29,0.1745,5.73,746.0,85.0
37287,144.9,6.90,25.26,0.1743,5.74,746.0,85.0
37294,142.9,7.00,25.23,0.1766,5.66,746.0,85.0
37301,142.9,7.00,25.22,0.1765,5.67,746.0,85.0
37308,147.1,6.80,25.22,0.1715,5.83,746.0,85.0
37315,142.9,7.00,25.22,0.1765,5.67,746.0,85.0
37322,144.9,6.90,25.22,0.1740,5.75,746.0,85.0
37329,140.8,7.10,25.22,0.1791,5.58,746.0,85.0
37336,144.9,6.90,25.22,0.1740,5.75,746.0,85.0
37343,142.9,7.00,25.22,0.1765,5.67,746.0,85.0
37350,147.1,6.80,25.22,0.1715,5.83,746.0,85.0
37357,142.9,7.00,25.22,0.1765,5.67,746.0,85.0
37364,144.9,6.90,25.22,0.1740,5.75,746.0,85.0
37371,142.9,7.00,25.22,0.1765,5.67,746.0,85.0
37378,144.9,6.90,25.22,0.1740,5.75,746.0,85.0
37385,142.9,7.00,25.22,0.1765,5.67,746.0,85.0
37392,144.9,6.90,25.22,0.1740,5.75,746.0,85.0
37398,144.9,6.90,25.22,0.1740,5.75,746.0,85.0
37405,142.9,7.00,25.22,0.1765,5.67,746.0,85.0
37412,142.9,7.00,25.22,0.1765,5.67,746.0,85.0
37419,144.9,6.90,25.22,0.1740,5.75,746.0,85.0
37426,142.9,7.00,25.22,0.1765,5.67,746.0,85.0
37433,144.9,6.90,25.22,0.1740,5.75,746.0,85.0
37440,144.9,6.90,25.22,0.1740,5.75,746.0,85.0
37447,142.9,7.00,25.22,0.1765,5.67,746.0,85.0
37454,144.9,6.90,25.22,0.1740,5.75,746.0,85.0
37461,142.9,7.00,25.22,0.1765,5.67,746.0,85.0
37468,144.9,6.90,25.22,0.1740,5.75,746.0,85.0
37475,142.9,7.00,25.22,0.1765,5.67,746.0,85.0
37482,142.9,7.00,25.22,0.1765,5.67,746.0,85.0
37489,144.9,6.90,25.22,0.1740,5.75,746.0,85.0
37496,144.9,6.90,25.22,0.1740,5.75,746.0,85.0
37503,142.9,7.00,25.22,0.1765,5.67,746.0,85.0
37510,144.9,6.90,25.22,0.1740,5.75,746.0,85.0
37517,144.9,6.90,25.22,0.1740,5.75,746.0,85.0
37524,140.8,7.10,25.22,0.1791,5.58,746.0,85.0
37531,144.9,6.90,25.22,0.1740,5.75,746.0,85.0
37537,147.1,6.80,25.22,0.1715,5.83,746.0,85.0
37544,142.9,7.00,25.22,0.1765,5.67,746.0,85.0
37551,142.9,7.00,25.22,0.1765,5.67,746.0,85.0
37558,144.9,6.90,25.22,0.1740,5.75,746.0,85.0
37565,144.9,6.90,25.22,0.1740,5.75,746.0,85.0
37572,142.9,7.00,25.22,0.1765,5.67,746.0,85.0
37579,142.9,7.00,25.22,0.1765,5.67,746.0,85.0
37586,144.9,6.90,25.22,0.1740,5.75,746.0,85.0
37593,144.9,6.90,25.22,0.1740,5.75,746.0,85.0
37600,142.9,7.00,25.22,0.1765,5.67,746.0,85.0
37607,144.9,6.90,25.22,0.1740,5.75,746.0,85.0
37614,142.9,7.00,25.22,0.1765,5.67,746.0,85.0
37621,144.9,6.90,25.22,0.1740,5.75,746.0,85.0
37628,144.9,6.90,25.22,0.1740,5.75,746.0,85.0
37635,142.9,7.00,25.22,0.1765,5.67,746.0,85.0
37642,142.9,7.00,25.22,0.1765,5.67,746.0,85.0
37649,142.9,7.00,25.22,0.1765,5.67,746.0,85.0
37655,147.1,6.80,25.22,0.1715,5.83,746.0,85.0
37662,144.9,6.90,25.22,0.1740,5.75,746.0,85.0
37669,142.9,7.00,25.22,0.1765,5.67,746.0,85.0
37676,142.9,7.00,25.22,0.1765,5.67,746.0,85.0
37683,142.9,7.00,25.22,0.1765,5.67,746.0,85.0
37690,144.9,6.90,25.22,0.1740,5.75,746.0,85.0
37697,142.9,7.00,25.22,0.1765,5.67,746.0,85.0
37704,144.9,6.90,25.22,0.1740,5.75,746.0,85.0
37711,144.9,6.90,25.22,0.1740,5.75,746.0,85.0
37718,142.9,7.00,25.22,0.1765,5.67,746.0,85.0
37725,144.9,6.90,25.22,0.1740,5.75,746.0,85.0
37732,144.9,6.90,25.22,0.1740,5.75,746.0,85.0
37739,140.8,7.10,25.22,0.1791,5.58,746.0,85.0
37746,144.9,6.90,25.23,0.1741,5.74,746.0,85.0
37753,147.1,6.80,25.23,0.1716,5.83,746.0,85.0
37760,142.9,7.00,25.23,0.1766,5.66,746.0,85.0
37767,144.9,6.90,25.24,0.1741,5.74,746.0,85.0
37774,140.8,7.10,25.24,0.1792,5.58,746.0,85.0
37780,147.1,6.80,25.25,0.1717,5.83,746.0,85.0
37787,142.9,7.00,25.25,0.1767,5.66,746.0,85.0
37794,142.9,7.00,25.25,0.1768,5.66,746.0,85.0
37801,144.9,6.90,25.26,0.1743,5.74,746.0,85.0
37808,142.9,7.00,25.26,0.1768,5.66,746.0,85.0
37815,147.1,6.80,25.27,0.1718,5.82,746.0,85.0
37822,142.9,7.00,25.27,0.1769,5.66,746.0,85.0
37829,142.9,7.00,25.27,0.1769,5.65,746.0,85.0
37836,144.9,6.90,25.28,0.1744,5.73,746.0,85.0
37843,149.3,6.70,25.28,0.1694,5.91,746.0,85.0
37850,138.9,7.20,25.28,0.1820,5.49,746.0,85.0
37857,144.9,6.90,25.28,0.1744,5.73,746.0,85.0
37864,144.9,6.90,25.28,0.1744,5.73,746.0,85.0
37871,142.9,7.00,25.28,0.1770,5.65,746.0,85.0
37878,142.9,7.00,25.28,0.1770,5.65,746.0,85.0
37885,144.9,6.90,25.28,0.1744,5.73,746.0,85.0
37892,144.9,6.90,25.28,0.1744,5.73,746.0,85.0
37899,142.9,7.00,25.28,0.1770,5.65,746.0,85.0
37905,147.1,6.80,25.28,0.1719,5.82,746.0,85.0
37912,140.8,7.10,25.28,0.1795,5.57,746.0,85.0
37919,147.1,6.80,25.28,0.1719,5.82,746.0,85.0
37926,142.9,7.00,25.28,0.1770,5.65,746.0,85.0
37933,144.9,6.90,25.28,0.1744,5.73,746.0,85.0
37940,142.9,7.00,25.28,0.1770,5.65,746.0,85.0
37947,142.9,7.00,25.28,0.1770,5.65,746.0,85.0
37954,144.9,6.90,25.28,0.1744,5.73,746.0,85.0
37961,142.9,7.00,25.28,0.1770,5.65,746.0,85.0
37968,144.9,6.90,25.28,0.1744,5.73,746.0,85.0
37975,142.9,7.00,25.28,0.1770,5.65,746.0,85.0
37982,144.9,6.90,25.28,0.1744,5.73,746.0,85.0
37989,144.9,6.90,25.28,0.1744,5.73,746.0,85.0
37996,142.9,7.00,25.28,0.1770,5.65,746.0,85.0
38003,142.9,7.00,25.28,0.1770,5.65,746.0,85.0
38010,144.9,6.90,25.28,0.1744,5.73,746.0,85.0
38017,142.9,7.00,25.28,0.1770,5.65,746.0,85.0
38024,144.9,6.90,25.28,0.1744,5.73,746.0,85.0
38030,147.1,6.80,25.28,0.1719,5.82,746.0,85.0
38037,140.8,7.10,25.28,0.1795,5.57,746.0,85.0
38044,144.9,6.90,25.28,0.1744,5.73,746.0,85.0
38051,142.9,7.00,25.28,0.1770,5.65,746.0,85.0
38058,144.9,6.90,25.28,0.1744,5.73,746.0,85.0
38065,142.9,7.00,25.28,0.1770,5.65,746.0,85.0
38072,144.9,6.90,25.28,0.1744,5.73,746.0,85.0
38079,142.9,7.00,25.28,0.1770,5.65,746.0,85.0
38086,144.9,6.90,25.28,0.1744,5.73,746.0,85.0
38093,144.9,6.90,25.28,0.1744,5.73,746.0,85.0
38100,142.9,7.00,25.28,0.1770,5.65,746.0,85.0
38107,144.9,6.90,25.28,0.1744,5.73,746.0,85.0
38114,142.9,7.00,25.28,0.1770,5.65,746.0,85.0
38121,147.1,6.80,25.28,0.1719,5.82,746.0,85.0
38128,142.9,7.00,25.28,0.1770,5.65,746.0,85.0
38135,140.8,7.10,25.28,0.1795,5.57,746.0,85.0
38142,144.9,6.90,25.28,0.1744,5.73,746.0,85.0
38149,144.9,6.90,25.28,0.1744,5.73,746.0,85.0
38156,142.9,7.00,25.28,0.1770,5.65,746.0,85.0
38162,147.1,6.80,25.28,0.1719,5.82,746.0,85.0
38169,142.9,7.00,25.28,0.1770,5.65,746.0,85.0
38176,144.9,6.90,25.28,0.1744,5.73,746.0,85.0
38183,144.9,6.90,25.28,0.1744,5.73,746.0,85.0
38190,142.9,7.00,25.28,0.1770,5.65,746.0,85.0
38197,142.9,7.00,25.28,0.1770,5.65,746.0,85.0
38204,147.1,6.80,25.28,0.1719,5.82,746.0,85.0
38211,142.9,7.00,25.28,0.1770,5.65,746.0,85.0
38218,142.9,7.00,25.28,0.1770,5.65,746.0,85.0
38225,144.9,6.90,25.28,0.1744,5.73,746.0,85.0
38232,140.8,7.10,25.28,0.1795,5.57,746.0,85.0
38239,144.9,6.90,25.28,0.1744,5.73,746.0,85.0
38246,144.9,6.90,25.28,0.1744,5.73,746.0,85.0
38253,144.9,6.90,25.28,0.1744,5.73,746.0,85.0
38260,144.9,6.90,25.28,0.1744,5.73,746.0,85.0
38267,140.8,7.10,25.28,0.1795,5.57,746.0,85.0
38274,144.9,6.90,25.28,0.1744,5.73,746.0,85.0
38280,144.9,6.90,25.31,0.1747,5.72,746.0,85.1
38287,142.9,7.00,25.35,0.1774,5.64,746.0,85.1
38294,144.9,6.90,25.39,0.1752,5.71,746.0,85.2
38301,142.9,7.00,25.42,0.1780,5.62,746.0,85.2
38308,142.9,7.00,25.46,0.1782,5.61,746.0,85.3
38315,147.1,6.80,25.50,0.1734,5.77,746.0,85.4
38322,142.9,7.00,25.54,0.1788,5.60,746.0,85.4
38329,144.9,6.90,25.57,0.1765,5.67,746.0,85.5
38336,140.8,7.10,25.61,0.1818,5.50,746.0,85.6
38343,144.9,6.90,25.65,0.1770,5.65,746.0,85.6
38350,144.9,6.90,25.69,0.1772,5.64,746.0,85.7
38357,142.9,7.00,25.73,0.1801,5.55,746.0,85.8
38364,147.1,6.80,25.76,0.1752,5.71,746.0,85.8
38371,142.9,7.00,25.80,0.1806,5.54,746.0,85.9
38378,142.9,7.00,25.84,0.1809,5.53,746.0,85.9
38385,144.9,6.90,25.87,0.1785,5.60,746.0,86.0
38392,142.9,7.00,25.87,0.1811,5.52,746.0,86.0
38399,144.9,6.90,25.87,0.1785,5.60,746.0,86.0
38406,142.9,7.00,25.87,0.1811,5.52,746.0,86.0
38412,147.1,6.80,25.87,0.1759,5.69,746.0,86.0
38419,142.9,7.00,25.87,0.1811,5.52,746.0,86.0
38426,142.9,7.00,25.87,0.1811,5.52,746.0,86.0
38433,144.9,6.90,25.87,0.1785,5.60,746.0,86.0
38440,144.9,6.90,25.87,0.1785,5.60,746.0,86.0
38447,142.9,7.00,25.87,0.1811,5.52,746.0,86.0
38454,142.9,7.00,25.87,0.1811,5.52,746.0,86.0
38461,147.1,6.80,25.87,0.1759,5.69,746.0,86.0
38468,138.9,7.20,25.87,0.1863,5.37,746.0,86.0
38475,147.1,6.80,25.87,0.1759,5.69,746.0,86.0
38482,144.9,6.90,25.87,0.1785,5.60,746.0,86.0
38489,142.9,7.00,25.87,0.1811,5.52,746.0,86.0
38496,147.1,6.80,25.87,0.1759,5.69,746.0,86.0
38503,142.9,7.00,25.87,0.1811,5.52,746.0,86.0
38510,142.9,7.00,25.87,0.1811,5.52,746.0,86.0
38517,142.9,7.00,25.87,0.1811,5.52,746.0,86.0
38524,142.9,7.00,25.87,0.1811,5.52,746.0,86.0
38530,147.1,6.80,25.87,0.1759,5.69,746.0,86.0
38537,142.9,7.00,25.87,0.1811,5.52,746.0,86.0
38544,142.9,7.00,25.87,0.1811,5.52,746.0,86.0
38551,144.9,6.90,25.87,0.1785,5.60,746.0,86.0
38558,144.9,6.90,25.87,0.1785,5.60,746.0,86.0
38565,142.9,7.00,25.87,0.1811,5.52,746.0,86.0
38572,144.9,6.90,25.87,0.1785,5.60,746.0,86.0
38579,142.9,7.00,25.87,0.1811,5.52,746.0,86.0
38586,144.9,6.90,25.87,0.1785,5.60,746.0,86.0
38593,144.9,6.90,25.87,0.1785,5.60,746.0,86.0
38600,144.9,6.90,25.87,0.1785,5.60,746.0,86.0
38607,144.9,6.90,25.87,0.1785,5.60,746.0,86.0
38614,142.9,7.00,25.87,0.1811,5.52,746.0,86.0
38621,142.9,7.00,25.87,0.1811,5.52,746.0,86.0
38628,147.1,6.80,25.87,0.1759,5.69,746.0,86.0
38635,142.9,7.00,25.87,0.1811,5.52,746.0,86.0
38642,142.9,7.00,25.87,0.1811,5.52,746.0,86.0
38649,142.9,7.00,25.87,0.1811,5.52,746.0,86.0
38655,144.9,6.90,25.87,0.1785,5.60,746.0,86.0
38662,142.9,7.00,25.87,0.1811,5.52,746.0,86.0
38669,144.9,6.90,25.87,0.1785,5.60,746.0,86.0
38676,144.9,6.90,25.87,0.1785,5.60,746.0,86.0
38683,144.9,6.90,25.87,0.1785,5.60,746.0,86.0
38690,142.9,7.00,25.87,0.1811,5.52,746.0,86.0
38697,144.9,6.90,25.87,0.1785,5.60,746.0,86.0
38704,142.9,7.00,25.87,0.1811,5.52,746.0,86.0
38711,142.9,7.00,25.87,0.1811,5.52,746.0,86.0
38718,144.9,6.90,25.91,0.1788,5.59,746.0,85.9
38725,142.9,7.00,25.95,0.1817,5.51,746.0,85.9
38732,144.9,6.90,25.99,0.1794,5.57,746.0,85.8
38739,144.9,6.90,26.04,0.1796,5.57,746.0,85.7
38746,142.9,7.00,26.08,0.1825,5.48,746.0,85.7
38753,144.9,6.90,26.12,0.1802,5.55,746.0,85.6
38760,142.9,7.00,26.16,0.1831,5.46,746.0,85.5
38767,144.9,6.90,26.20,0.1808,5.53,746.0,85.5
38774,142.9,7.00,26.24,0.1837,5.45,746.0,85.4
38780,147.1,6.80,26.28,0.1787,5.60,746.0,85.4
38787,140.8,7.10,26.32,0.1869,5.35,746.0,85.3
38794,144.9,6.90,26.36,0.1819,5.50,746.0,85.2
38801,144.9,6.90,26.40,0.1822,5.49,746.0,85.2
38808,142.9,7.00,26.44,0.1851,5.40,746.0,85.1
38815,142.9,7.00,26.49,0.1854,5.40,746.0,85.0
38822,144.9,6.90,26.51,0.1829,5.47,746.0,85.0
38829,142.9,7.00,26.51,0.1856,5.39,746.0,85.0
38836,147.1,6.80,26.51,0.1803,5.55,746.0,85.0
38843,142.9,7.00,26.51,0.1856,5.39,746.0,85.0
38850,142.9,7.00,26.51,0.1856,5.39,746.0,85.0
38857,142.9,7.00,26.51,0.1856,5.39,746.0,85.0
38864,147.1,6.80,26.51,0.1803,5.55,746.0,85.0
38871,142.9,7.00,26.51,0.1856,5.39,746.0,85.0
38878,142.9,7.00,26.51,0.1856,5.39,746.0,85.0
38885,147.1,6.80,26.51,0.1803,5.55,746.0,85.0
38892,142.9,7.00,26.51,0.1856,5.39,746.0,85.0
38898,144.9,6.90,26.51,0.1829,5.47,746.0,85.0
38905,142.9,7.00,26.51,0.1856,5.39,746.0,85.0
38912,142.9,7.00,26.51,0.1856,5.39,746.0,85.0
38919,144.9,6.90,26.51,0.1829,5.47,746.0,85.0
38926,144.9,6.90,26.51,0.1829,5.47,746.0,85.0
38933,144.9,6.90,26.51,0.1829,5.47,746.0,85.0
38940,142.9,7.00,26.51,0.1856,5.39,746.0,85.0
38947,142.9,7.00,26.51,0.1856,5.39,746.0,85.0
38954,144.9,6.90,26.51,0.1829,5.47,746.0,85.0
38961,144.9,6.90,26.51,0.1829,5.47,746.0,85.0
38968,142.9,7.00,26.51,0.1856,5.39,746.0,85.0
38975,142.9,7.00,26.51,0.1856,5.39,746.0,85.0
38982,144.9,6.90,26.51,0.1829,5.47,746.0,85.0
38989,142.9,7.00,26.51,0.1856,5.39,746.0,85.0
38996,144.9,6.90,26.51,0.1829,5.47,746.0,85.0
39003,142.9,7.00,26.51,0.1856,5.39,746.0,85.0
39010,144.9,6.90,26.51,0.1829,5.47,746.0,85.0
39017,142.9,7.00,26.51,0.1856,5.39,746.0,85.0
39023,147.1,6.80,26.51,0.1803,5.55,746.0,85.0
39031,140.8,7.10,26.51,0.1882,5.31,746.0,85.0
39037,144.9,6.90,26.51,0.1829,5.47,746.0,85.0
39044,144.9,6.90,26.51,0.1829,5.47,746.0,85.0
39051,142.9,7.00,26.51,0.1856,5.39,746.0,85.0
39058,142.9,7.00,26.51,0.1856,5.39,746.0,85.0
39065,147.1,6.80,26.51,0.1803,5.55,746.0,85.0
39072,142.9,7.00,26.51,0.1856,5.39,746.0,85.0
39079,142.9,7.00,26.51,0.1856,5.39,746.0,85.0
39086,144.9,6.90,26.51,0.1829,5.47,746.0,85.0
39093,144.9,6.90,26.51,0.1829,5.47,746.0,85.0
39100,144.9,6.90,26.51,0.1829,5.47,746.0,85.0
39107,142.9,7.00,26.51,0.1856,5.39,746.0,85.0
39114,142.9,7.00,26.51,0.1856,5.39,746.0,85.0
39121,144.9,6.90,26.51,0.1829,5.47,746.0,85.0
39128,142.9,7.00,26.51,0.1856,5.39,746.0,85.0
39135,144.9,6.90,26.51,0.1829,5.47,746.0,85.0
39142,144.9,6.90,26.51,0.1829,5.47,746.0,85.0
39149,142.9,7.00,26.51,0.1856,5.39,746.0,85.0
39155,144.9,6.90,26.51,0.1829,5.47,746.0,85.0
39162,142.9,7.00,26.51,0.1856,5.39,746.0,85.0
39169,142.9,7.00,26.51,0.1856,5.39,746.0,85.0
39176,144.9,6.90,26.51,0.1829,5.47,746.0,85.0
39183,144.9,6.90,26.51,0.1829,5.47,746.0,85.0
39190,144.9,6.90,26.51,0.1829,5.47,746.0,85.0
39197,142.9,7.00,26.51,0.1856,5.39,746.0,85.0
39204,142.9,7.00,26.51,0.1856,5.39,746.0,85.0
39211,147.1,6.80,26.51,0.1803,5.55,746.0,85.0
39218,142.9,7.00,26.51,0.1856,5.39,746.0,85.0
39225,142.9,7.00,26.51,0.1856,5.39,746.0,85.0
39232,144.9,6.90,26.51,0.1829,5.47,746.0,85.0
39239,142.9,7.00,26.51,0.1856,5.39,746.0,85.0
39246,144.9,6.90,26.51,0.1829,5.47,746.0,85.0
39253,142.9,7.00,26.51,0.1856,5.39,746.0,85.0
39260,147.1,6.80,26.52,0.1804,5.55,746.0,85.0
39267,142.9,7.00,26.55,0.1859,5.38,746.0,85.1
39273,144.9,6.90,26.58,0.1834,5.45,746.0,85.1
39280,142.9,7.00,26.61,0.1862,5.37,746.0,85.2
39287,142.9,7.00,26.64,0.1864,5.37,746.0,85.3
39294,144.9,6.90,26.66,0.1840,5.43,746.0,85.3
39301,142.9,7.00,26.69,0.1869,5.35,746.0,85.4
39308,144.9,6.90,26.72,0.1844,5.42,746.0,85.5
39315,144.9,6.90,26.75,0.1846,5.42,746.0,85.5
39322,142.9,7.00,26.78,0.1875,5.34,746.0,85.6
39329,142.9,7.00,26.81,0.1877,5.33,746.0,85.7
39336,144.9,6.90,26.84,0.1852,5.40,746.0,85.7
39343,144.9,6.90,26.87,0.1854,5.39,746.0,85.8
39350,144.9,6.90,26.90,0.1856,5.39,746.0,85.8
39357,140.8,7.10,26.93,0.1912,5.23,746.0,85.9
39364,147.1,6.80,26.96,0.1833,5.46,746.0,86.0
39371,142.9,7.00,26.97,0.1888,5.30,746.0,86.0
39378,142.9,7.00,26.97,0.1888,5.30,746.0,86.0
39385,147.1,6.80,26.97,0.1834,5.45,746.0,86.0
39392,142.9,7.00,26.97,0.1888,5.30,746.0,86.0
39398,144.9,6.90,26.97,0.1861,5.37,746.0,86.0
39405,142.9,7.00,26.97,0.1888,5.30,746.0,86.0
39412,144.9,6.90,26.97,0.1861,5.37,746.0,86.0
39419,144.9,6.90,26.97,0.1861,5.37,746.0,86.0
39426,142.9,7.00,26.97,0.1888,5.30,746.0,86.0
39433,142.9,7.00,26.97,0.1888,5.30,746.0,86.0
39440,144.9,6.90,26.97,0.1861,5.37,746.0,86.0
39447,147.1,6.80,26.97,0.1834,5.45,746.0,86.0
39454,142.9,7.00,26.97,0.1888,5.30,746.0,86.0
39461,142.9,7.00,26.97,0.1888,5.30,746.0,86.0
39468,144.9,6.90,26.97,0.1861,5.37,746.0,86.0
39475,142.9,7.00,26.97,0.1888,5.30,746.0,86.0
39482,142.9,7.00,26.97,0.1888,5.30,746.0,86.0
39489,147.1,6.80,26.97,0.1834,5.45,746.0,86.0
39496,142.9,7.00,26.97,0.1888,5.30,746.0,86.0
39503,144.9,6.90,26.97,0.1861,5.37,746.0,86.0
39510,144.9,6.90,26.97,0.1861,5.37,746.0,86.0
39517,140.8,7.10,26.97,0.1915,5.22,746.0,86.0
39524,144.9,6.90,26.97,0.1861,5.37,746.0,86.0
39531,142.9,7.00,26.97,0.1888,5.30,746.0,86.0
39537,144.9,6.90,26.97,0.1861,5.37,746.0,86.0
39544,144.9,6.90,26.97,0.1861,5.37,746.0,86.0
39551,142.9,7.00,26.97,0.1888,5.30,746.0,86.0
39558,144.9,6.90,26.97,0.1861,5.37,746.0,86.0
39565,140.8,7.10,26.97,0.1915,5.22,746.0,86.0
39572,149.3,6.70,26.97,0.1807,5.54,746.0,86.0
39579,142.9,7.00,26.97,0.1888,5.30,746.0,86.0
39586,144.9,6.90,26.97,0.1861,5.37,746.0,86.0
39593,142.9,7.00,26.97,0.1888,5.30,746.0,86.0
39600,144.9,6.90,26.97,0.1861,5.37,746.0,86.0
39607,142.9,7.00,26.97,0.1888,5.30,746.0,86.0
39614,144.9,6.90,26.97,0.1861,5.37,746.0,86.0
39621,144.9,6.90,26.97,0.1861,5.37,746.0,86.0
39628,142.9,7.00,26.97,0.1888,5.30,746.0,86.0
39635,144.9,6.90,26.97,0.1861,5.37,746.0,86.0
39642,142.9,7.00,26.97,0.1888,5.30,746.0,86.0
39648,144.9,6.90,26.97,0.1861,5.37,746.0,86.0
39656,137.0,7.30,26.97,0.1969,5.08,746.0,86.0
39666,100.0,10.00,26.97,0.2697,3.71,746.0,86.0
39674,114.9,8.70,26.97,0.2346,4.26,746.0,86.0
39682,137.0,7.30,26.97,0.1969,5.08,746.0,86.0
39690,114.9,8.70,26.97,0.2346,4.26,746.0,86.0
39698,129.9,7.70,26.97,0.2077,4.82,746.0,86.0
39706,126.6,7.90,26.98,0.2131,4.69,746.0,86.0
39714,120.5,8.30,26.99,0.2240,4.46,746.0,86.0
39723,120.5,8.30,27.00,0.2241,4.46,746.0,86.0
39730,131.6,7.60,27.00,0.2052,4.87,746.0,86.0
39739,113.6,8.80,27.01,0.2377,4.21,746.0,86.0
39746,151.5,6.60,27.02,0.1783,5.61,746.0,86.0
39752,158.7,6.30,27.03,0.1703,5.87,746.0,86.0
39757,204.1,4.90,27.03,0.1324,7.55,746.0,86.0
39761,222.2,4.50,27.03,0.1217,8.22,746.0,86.0
39767,192.3,5.20,27.04,0.1406,7.11,746.0,86.0
39774,142.9,7.00,27.05,0.1893,5.28,746.0,86.0
39780,144.9,6.90,27.05,0.1867,5.36,746.0,86.0
39787,144.9,6.90,27.06,0.1867,5.35,746.0,86.0
39794,144.9,6.90,27.07,0.1868,5.35,746.0,86.0
39801,142.9,7.00,27.07,0.1895,5.28,746.0,86.0
39808,144.9,6.90,27.08,0.1869,5.35,746.0,86.0
39815,140.8,7.10,27.08,0.1923,5.20,746.0,86.0
39822,147.1,6.80,27.08,0.1841,5.43,746.0,86.0
39829,142.9,7.00,27.08,0.1896,5.28,746.0,86.0
39836,144.9,6.90,27.08,0.1869,5.35,746.0,86.0
39843,144.9,6.90,27.08,0.1869,5.35,746.0,86.0
39850,142.9,7.00,27.08,0.1896,5.28,746.0,86.0
39857,144.9,6.90,27.08,0.1869,5.35,746.0,86.0
39864,142.9,7.00,27.08,0.1896,5.28,746.0,86.0
39871,142.9,7.00,27.08,0.1896,5.28,746.0,86.0
39878,144.9,6.90,27.08,0.1869,5.35,746.0,86.0
39885,142.9,7.00,27.08,0.1896,5.28,746.0,86.0
39892,142.9,7.00,27.08,0.1896,5.28,746.0,86.0
39899,144.9,6.90,27.08,0.1869,5.35,746.0,86.0
39906,142.9,7.00,27.08,0.1896,5.28,746.0,86.0
39912,144.9,6.90,27.08,0.1869,5.35,746.0,86.0
39919,142.9,7.00,27.08,0.1896,5.28,746.0,86.0
39926,147.1,6.80,27.08,0.1841,5.43,746.0,86.0
39933,142.9,7.00,27.08,0.1896,5.28,746.0,86.0
39940,142.9,7.00,27.08,0.1896,5.28,746.0,86.0
39947,144.9,6.90,27.08,0.1869,5.35,746.0,86.0
39954,144.9,6.90,27.08,0.1869,5.35,746.0,86.0
39961,144.9,6.90,27.08,0.1869,5.35,746.0,86.0
39968,142.9,7.00,27.08,0.1896,5.28,746.0,86.0
39975,142.9,7.00,27.08,0.1896,5.28,746.0,86.0
39982,144.9,6.90,27.08,0.1869,5.35,746.0,86.0
39989,142.9,7.00,27.08,0.1896,5.28,746.0,86.0
39996,142.9,7.00,27.08,0.1896,5.28,746.0,86.0
40003,144.9,6.90,27.08,0.1869,5.35,746.0,86.0
40010,147.1,6.80,27.08,0.1841,5.43,746.0,86.0
40017,140.8,7.10,27.08,0.1923,5.20,746.0,86.0
40024,144.9,6.90,27.08,0.1869,5.35,746.0,86.0
40030,147.1,6.80,27.08,0.1841,5.43,746.0,86.0
40037,140.8,7.10,27.08,0.1923,5.20,746.0,86.0
40044,142.9,7.00,27.08,0.1896,5.28,746.0,86.0
40051,144.9,6.90,27.08,0.1869,5.35,746.0,86.0
40058,144.9,6.90,27.08,0.1869,5.35,746.0,86.0
40065,142.9,7.00,27.08,0.1896,5.28,746.0,86.0
40072,144.9,6.90,27.08,0.1869,5.35,746.0,86.0
40079,144.9,6.90,27.08,0.1869,5.35,746.0,86.0
40086,144.9,6.90,27.08,0.1869,5.35,746.0,86.0
40093,142.9,7.00,27.08,0.1896,5.28,746.0,86.0
40100,144.9,6.90,27.08,0.1869,5.35,746.0,86.0
40107,142.9,7.00,27.08,0.1896,5.28,746.0,86.0
40114,144.9,6.90,27.08,0.1869,5.35,746.0,86.0
40121,144.9,6.90,27.08,0.1869,5.35,746.0,86.0
40128,140.8,7.10,27.08,0.1923,5.20,746.0,86.0
40135,147.1,6.80,27.08,0.1841,5.43,746.0,86.0
40142,142.9,7.00,27.08,0.1896,5.28,746.0,86.0
40148,144.9,6.90,27.08,0.1869,5.35,746.0,86.0
40155,142.9,7.00,27.08,0.1896,5.28,746.0,86.0
40162,142.9,7.00,27.08,0.1896,5.28,746.0,86.0
40169,144.9,6.90,27.08,0.1869,5.35,746.0,86.0
40176,142.9,7.00,27.08,0.1896,5.28,746.0,86.0
40183,147.1,6.80,27.08,0.1841,5.43,746.0,86.0
40190,142.9,7.00,27.08,0.1896,5.28,746.0,86.0
40197,142.9,7.00,27.08,0.1896,5.28,746.0,86.0
40204,144.9,6.90,27.08,0.1869,5.35,746.0,86.0
40211,140.8,7.10,27.08,0.1923,5.20,746.0,86.0
40218,147.1,6.80,27.08,0.1841,5.43,746.0,86.0
40225,142.9,7.00,27.08,0.1896,5.28,746.0,86.0
40232,144.9,6.90,27.08,0.1869,5.35,746.0,86.0
40239,142.9,7.00,27.08,0.1896,5.28,746.0,86.0
40246,144.9,6.90,27.08,0.1869,5.35,746.0,86.0
40253,142.9,7.00,27.08,0.1896,5.28,746.0,86.0
40260,140.8,7.10,27.09,0.1923,5.20,746.0,86.0
40267,149.3,6.70,27.10,0.1816,5.51,746.0,86.0
40273,144.9,6.90,27.10,0.1870,5.35,746.0,86.0
40280,144.9,6.90,27.11,0.1871,5.35,746.0,86.0
40287,140.8,7.10,27.12,0.1925,5.19,746.0,86.0
40294,144.9,6.90,27.12,0.1871,5.34,746.0,86.0
40301,144.9,6.90,27.13,0.1872,5.34,746.0,86.0
40308,144.9,6.90,27.13,0.1872,5.34,746.0,86.0
40315,142.9,7.00,27.14,0.1900,5.27,746.0,86.0
40322,142.9,7.00,27.15,0.1900,5.26,746.0,86.0
40329,142.9,7.00,27.15,0.1901,5.26,746.0,86.0
40336,147.1,6.80,27.16,0.1847,5.42,746.0,86.0
40343,142.9,7.00,27.17,0.1902,5.26,746.0,86.0
40350,144.9,6.90,27.17,0.1875,5.33,746.0,86.0
40357,144.9,6.90,27.18,0.1875,5.33,746.0,86.0
40364,140.8,7.10,27.18,0.1930,5.18,746.0,86.0
40371,144.9,6.90,27.18,0.1875,5.33,746.0,86.0
40378,142.9,7.00,27.18,0.1903,5.26,746.0,86.0
40385,144.9,6.90,27.18,0.1875,5.33,746.0,86.0
40392,144.9,6.90,27.18,0.1875,5.33,746.0,86.0
40398,144.9,6.90,27.18,0.1875,5.33,746.0,86.0
40405,144.9,6.90,27.18,0.1875,5.33,746.0,86.0
40412,142.9,7.00,27.18,0.1903,5.26,746.0,86.0
40419,142.9,7.00,27.18,0.1903,5.26,746.0,86.0
40426,142.9,7.00,27.18,0.1903,5.26,746.0,86.0
40433,142.9,7.00,27.18,0.1903,5.26,746.0,86.0
40440,147.1,6.80,27.18,0.1848,5.41,746.0,86.0
40447,142.9,7.00,27.18,0.1903,5.26,746.0,86.0
40454,144.9,6.90,27.18,0.1875,5.33,746.0,86.0
40461,144.9,6.90,27.18,0.1875,5.33,746.0,86.0
40468,144.9,6.90,27.18,0.1875,5.33,746.0,86.0
40475,142.9,7.00,27.18,0.1903,5.26,746.0,86.0
40482,140.8,7.10,27.18,0.1930,5.18,746.0,86.0
40489,142.9,7.00,27.18,0.1903,5.26,746.0,86.0
40496,144.9,6.90,27.18,0.1875,5.33,746.0,86.0
40503,147.1,6.80,27.18,0.1848,5.41,746.0,86.0
40510,140.8,7.10,27.18,0.1930,5.18,746.0,86.0
40517,144.9,6.90,27.18,0.1875,5.33,746.0,86.0
40524,144.9,6.90,27.18,0.1875,5.33,746.0,86.0
40530,144.9,6.90,27.18,0.1875,5.33,746.0,86.0
40537,142.9,7.00,27.18,0.1903,5.26,746.0,86.0
40544,144.9,6.90,27.18,0.1875,5.33,746.0,86.0
40551,142.9,7.00,27.18,0.1903,5.26,746.0,86.0
40558,142.9,7.00,27.18,0.1903,5.26,746.0,86.0
40565,147.1,6.80,27.18,0.1848,5.41,746.0,86.0
40572,144.9,6.90,27.18,0.1875,5.33,746.0,86.0
40579,144.9,6.90,27.18,0.1875,5.33,746.0,86.0
40586,142.9,7.00,27.18,0.1903,5.26,746.0,86.0
40593,142.9,7.00,27.18,0.1903,5.26,746.0,86.0
40600,144.9,6.90,27.18,0.1875,5.33,746.0,86.0
40607,142.9,7.00,27.18,0.1903,5.26,746.0,86.0
40614,144.9,6.90,27.18,0.1875,5.33,746.0,86.0
40621,142.9,7.00,27.18,0.1903,5.26,746.0,86.0
40628,142.9,7.00,27.18,0.1903,5.26,746.0,86.0
40635,144.9,6.90,27.18,0.1875,5.33,746.0,86.0
40642,144.9,6.90,27.18,0.1875,5.33,746.0,86.0
40648,144.9,6.90,27.18,0.1875,5.33,746.0,86.0
40655,142.9,7.00,27.18,0.1903,5.26,746.0,86.0
40662,144.9,6.90,27.18,0.1875,5.33,746.0,86.0
40669,140.8,7.10,27.18,0.1930,5.18,746.0,86.0
40676,144.9,6.90,27.18,0.1875,5.33,746.0,86.0
40683,144.9,6.90,27.18,0.1875,5.33,746.0,86.0
40690,144.9,6.90,27.18,0.1875,5.33,746.0,86.0
40697,142.9,7.00,27.16,0.1901,5.26,746.0,86.0
40704,144.9,6.90,27.14,0.1873,5.34,746.0,86.0
40711,144.9,6.90,27.13,0.1872,5.34,746.0,86.0
40718,142.9,7.00,27.11,0.1898,5.27,746.0,86.0
40725,144.9,6.90,27.09,0.1869,5.35,746.0,86.0
40732,144.9,6.90,27.08,0.1868,5.35,746.0,86.0
40739,142.9,7.00,27.06,0.1894,5.28,746.0,86.0
40746,144.9,6.90,27.04,0.1866,5.36,746.0,86.0
40753,142.9,7.00,27.03,0.1892,5.29,746.0,86.0
40760,144.9,6.90,27.01,0.1864,5.36,746.0,86.0
40767,144.9,6.90,26.99,0.1863,5.37,746.0,86.0
40774,142.9,7.00,26.98,0.1888,5.30,746.0,86.0
40780,144.9,6.90,26.96,0.1860,5.37,746.0,86.0
40787,142.9,7.00,26.95,0.1886,5.30,746.0,86.0
40794,147.1,6.80,26.93,0.1831,5.46,746.0,86.0
40801,142.9,7.00,26.92,0.1884,5.31,746.0,86.0
40808,142.9,7.00,26.92,0.1884,5.31,746.0,86.0
40815,144.9,6.90,26.92,0.1857,5.38,746.0,86.0
40822,142.9,7.00,26.92,0.1884,5.31,746.0,86.0
40829,144.9,6.90,26.92,0.1857,5.38,746.0,86.0
40836,144.9,6.90,26.92,0.1857,5.38,746.0,86.0
40843,142.9,7.00,26.92,0.1884,5.31,746.0,86.0
40850,144.9,6.90,26.92,0.1857,5.38,746.0,86.0
40857,142.9,7.00,26.92,0.1884,5.31,746.0,86.0
40864,142.9,7.00,26.92,0.1884,5.31,746.0,86.0
40871,144.9,6.90,26.92,0.1857,5.38,746.0,86.0
40878,144.9,6.90,26.92,0.1857,5.38,746.0,86.0
40885,142.9,7.00,26.92,0.1884,5.31,746.0,86.0
40892,144.9,6.90,26.92,0.1857,5.38,746.0,86.0
40899,142.9,7.00,26.92,0.1884,5.31,746.0,86.0
40905,144.9,6.90,26.92,0.1857,5.38,746.0,86.0
40912,142.9,7.00,26.92,0.1884,5.31,746.0,86.0
40919,144.9,6.90,26.92,0.1857,5.38,746.0,86.0
40926,142.9,7.00,26.92,0.1884,5.31,746.0,86.0
40933,144.9,6.90,26.92,0.1857,5.38,746.0,86.0
40940,147.1,6.80,26.92,0.1831,5.46,746.0,86.0
40947,138.9,7.20,26.92,0.1938,5.16,746.0,86.0
40954,144.9,6.90,26.92,0.1857,5.38,746.0,86.0
40961,142.9,7.00,26.92,0.1884,5.31,746.0,86.0
40968,144.9,6.90,26.92,0.1857,5.38,746.0,86.0
40975,142.9,7.00,26.92,0.1884,5.31,746.0,86.0
40982,147.1,6.80,26.92,0.1831,5.46,746.0,86.0
40989,144.9,6.90,26.92,0.1857,5.38,746.0,86.0
40996,142.9,7.00,26.92,0.1884,5.31,746.0,86.0
41003,142.9,7.00,26.92,0.1884,5.31,746.0,86.0
41010,147.1,6.80,26.92,0.1831,5.46,746.0,86.0
41017,142.9,7.00,26.92,0.1884,5.31,746.0,86.0
41023,144.9,6.90,26.92,0.1857,5.38,746.0,86.0
41030,142.9,7.00,26.92,0.1884,5.31,746.0,86.0
41037,144.9,6.90,26.92,0.1857,5.38,746.0,86.0
41044,142.9,7.00,26.92,0.1884,5.31,746.0,86.0
41051,142.9,7.00,26.92,0.1884,5.31,746.0,86.0
41058,144.9,6.90,26.92,0.1857,5.38,746.0,86.0
41065,147.1,6.80,26.92,0.1831,5.46,746.0,86.0
41072,142.9,7.00,26.92,0.1884,5.31,746.0,86.0
41079,140.8,7.10,26.92,0.1911,5.23,746.0,86.0
41086,144.9,6.90,26.92,0.1857,5.38,746.0,86.0
41093,144.9,6.90,26.92,0.1857,5.38,746.0,86.0
41100,144.9,6.90,26.92,0.1857,5.38,746.0,86.0
41107,142.9,7.00,26.92,0.1884,5.31,746.0,86.0
41114,142.9,7.00,26.92,0.1884,5.31,746.0,86.0
41121,142.9,7.00,26.92,0.1884,5.31,746.0,86.0
41128,142.9,7.00,26.92,0.1884,5.31,746.0,86.0
41135,147.1,6.80,26.92,0.1831,5.46,746.0,86.0
41142,144.9,6.90,26.92,0.1857,5.38,746.0,86.0
41149,142.9,7.00,26.92,0.1884,5.31,746.0,86.0
41155,144.9,6.90,26.92,0.1857,5.38,746.0,86.0
41162,142.9,7.00,26.92,0.1884,5.31,746.0,86.0
41169,142.9,7.00,26.92,0.1884,5.31,746.0,86.0
41176,144.9,6.90,26.92,0.1857,5.38,746.0,86.0
41183,144.9,6.90,26.92,0.1857,5.38,746.0,86.0
41190,144.9,6.90,26.92,0.1857,5.38,746.0,86.0
41197,144.9,6.90,26.92,0.1857,5.38,746.0,86.0
41204,142.9,7.00,26.92,0.1884,5.31,746.0,86.0
41211,142.9,7.00,26.92,0.1884,5.31,746.0,86.0
41218,144.9,6.90,26.92,0.1857,5.38,746.0,86.0
41225,144.9,6.90,26.92,0.1857,5.38,746.0,86.0
41232,142.9,7.00,26.92,0.1884,5.31,746.0,86.0
41239,144.9,6.90,26.92,0.1857,5.38,746.0,86.0
41246,142.9,7.00,26.89,0.1883,5.31,746.0,86.0
41253,144.9,6.90,26.87,0.1854,5.39,746.0,86.0
41260,144.9,6.90,26.85,0.1853,5.40,746.0,86.0
41267,140.8,7.10,26.83,0.1905,5.25,746.0,86.0
41274,144.9,6.90,26.81,0.1850,5.41,746.0,86.0
41280,144.9,6.90,26.79,0.1848,5.41,746.0,86.0
41287,142.9,7.00,26.77,0.1874,5.34,746.0,86.0
41294,144.9,6.90,26.74,0.1845,5.42,746.0,86.0
41301,142.9,7.00,26.72,0.1870,5.35,746.0,86.0
41308,144.9,6.90,26.70,0.1842,5.43,746.0,86.0
41315,142.9,7.00,26.68,0.1867,5.36,746.0,86.0
41322,144.9,6.90,26.66,0.1839,5.44,746.0,86.0
41329,144.9,6.90,26.63,0.1838,5.44,746.0,86.0
41336,142.9,7.00,26.61,0.1863,5.37,746.0,86.0
41343,144.9,6.90,26.59,0.1835,5.45,746.0,86.0
41350,142.9,7.00,26.57,0.1860,5.38,746.0,86.0
41357,144.9,6.90,26.57,0.1833,5.45,746.0,86.0
41364,142.9,7.00,26.57,0.1860,5.38,746.0,86.0
41371,144.9,6.90,26.57,0.1833,5.45,746.0,86.0
41378,144.9,6.90,26.57,0.1833,5.45,746.0,86.0
41385,142.9,7.00,26.57,0.1860,5.38,746.0,86.0
41392,142.9,7.00,26.57,0.1860,5.38,746.0,86.0
41399,144.9,6.90,26.57,0.1833,5.45,746.0,86.0
41405,144.9,6.90,26.57,0.1833,5.45,746.0,86.0
41412,144.9,6.90,26.57,0.1833,5.45,746.0,86.0
41419,144.9,6.90,26.57,0.1833,5.45,746.0,86.0
41426,140.8,7.10,26.57,0.1886,5.30,746.0,86.0
41433,147.1,6.80,26.57,0.1807,5.54,746.0,86.0
41440,140.8,7.10,26.57,0.1886,5.30,746.0,86.0
41447,144.9,6.90,26.57,0.1833,5.45,746.0,86.0
41454,144.9,6.90,26.57,0.1833,5.45,746.0,86.0
41461,142.9,7.00,26.57,0.1860,5.38,746.0,86.0
41468,144.9,6.90,26.57,0.1833,5.45,746.0,86.0
41475,142.9,7.00,26.57,0.1860,5.38,746.0,86.0
41482,147.1,6.80,26.57,0.1807,5.54,746.0,86.0
41489,140.8,7.10,26.57,0.1886,5.30,746.0,86.0
41496,147.1,6.80,26.57,0.1807,5.54,746.0,86.0
41503,142.9,7.00,26.57,0.1860,5.38,746.0,86.0
41510,142.9,7.00,26.57,0.1860,5.38,746.0,86.0
41517,144.9,6.90,26.57,0.1833,5.45,746.0,86.0
41523,144.9,6.90,26.57,0.1833,5.45,746.0,86.0
41531,140.8,7.10,26.57,0.1886,5.30,746.0,86.0
41537,147.1,6.80,26.57,0.1807,5.54,746.0,86.0
41544,140.8,7.10,26.57,0.1886,5.30,746.0,86.0
41551,144.9,6.90,26.57,0.1833,5.45,746.0,86.0
41558,144.9,6.90,26.57,0.1833,5.45,746.0,86.0
41565,144.9,6.90,26.57,0.1833,5.45,746.0,86.0
41572,142.9,7.00,26.57,0.1860,5.38,746.0,86.0
41579,142.9,7.00,26.57,0.1860,5.38,746.0,86.0
41586,144.9,6.90,26.57,0.1833,5.45,746.0,86.0
41593,147.1,6.80,26.57,0.1807,5.54,746.0,86.0
41600,142.9,7.00,26.57,0.1860,5.38,746.0,86.0
41607,142.9,7.00,26.57,0.1860,5.38,746.0,86.0
41614,144.9,6.90,26.57,0.1833,5.45,746.0,86.0
41621,142.9,7.00,26.57,0.1860,5.38,746.0,86.0
41628,144.9,6.90,26.57,0.1833,5.45,746.0,86.0
41635,144.9,6.90,26.57,0.1833,5.45,746.0,86.0
41642,140.8,7.10,26.57,0.1886,5.30,746.0,86.0
41649,147.1,6.80,26.57,0.1807,5.54,746.0,86.0
41655,144.9,6.90,26.57,0.1833,5.45,746.0,86.0
41662,144.9,6.90,26.57,0.1833,5.45,746.0,86.0
41669,142.9,7.00,26.57,0.1860,5.38,746.0,86.0
41676,142.9,7.00,26.57,0.1860,5.38,746.0,86.0
41683,142.9,7.00,26.56,0.1859,5.38,746.0,86.0
41690,147.1,6.80,26.55,0.1806,5.54,746.0,86.0
41697,142.9,7.00,26.54,0.1858,5.38,746.0,86.0
41704,144.9,6.90,26.53,0.1831,5.46,746.0,86.0
41711,144.9,6.90,26.52,0.1830,5.46,746.0,86.0
41718,142.9,7.00,26.51,0.1855,5.39,746.0,86.0
41725,142.9,7.00,26.49,0.1855,5.39,746.0,86.0
41732,142.9,7.00,26.48,0.1854,5.40,746.0,86.0
41739,147.1,6.80,26.47,0.1800,5.56,746.0,86.0
41746,142.9,7.00,26.46,0.1852,5.40,746.0,86.0
41753,142.9,7.00,26.45,0.1851,5.40,746.0,86.0
41760,144.9,6.90,26.44,0.1824,5.48,746.0,86.0
41767,144.9,6.90,26.43,0.1823,5.48,746.0,86.0
41773,144.9,6.90,26.42,0.1823,5.49,746.0,86.0
41780,142.9,7.00,26.40,0.1848,5.41,746.0,86.0
41787,144.9,6.90,26.39,0.1821,5.49,746.0,86.0
41794,142.9,7.00,26.39,0.1847,5.41,746.0,86.0
41801,142.9,7.00,26.39,0.1847,5.41,746.0,86.0
41808,144.9,6.90,26.39,0.1821,5.49,746.0,86.0
41815,144.9,6.90,26.39,0.1821,5.49,746.0,86.0
41822,142.9,7.00,26.39,0.1847,5.41,746.0,86.0
41829,144.9,6.90,26.39,0.1821,5.49,746.0,86.0
41836,142.9,7.00,26.39,0.1847,5.41,746.0,86.0
41843,144.9,6.90,26.39,0.1821,5.49,746.0,86.0
41850,144.9,6.90,26.39,0.1821,5.49,746.0,86.0
41857,142.9,7.00,26.39,0.1847,5.41,746.0,86.0
41864,142.9,7.00,26.39,0.1847,5.41,746.0,86.0
41871,144.9,6.90,26.39,0.1821,5.49,746.0,86.0
41878,144.9,6.90,26.39,0.1821,5.49,746.0,86.0
41885,144.9,6.90,26.39,0.1821,5.49,746.0,86.0
41892,140.8,7.10,26.39,0.1874,5.34,746.0,86.0
41899,144.9,6.90,26.39,0.1821,5.49,746.0,86.0
41905,144.9,6.90,26.39,0.1821,5.49,746.0,86.0
41912,144.9,6.90,26.39,0.1821,5.49,746.0,86.0
41919,140.8,7.10,26.39,0.1874,5.34,746.0,86.0
41926,147.1,6.80,26.39,0.1795,5.57,746.0,86.0
41933,142.9,7.00,26.39,0.1847,5.41,746.0,86.0
41940,142.9,7.00,26.39,0.1847,5.41,746.0,86.0
41947,147.1,6.80,26.39,0.1795,5.57,746.0,86.0
41954,142.9,7.00,26.39,0.1847,5.41,746.0,86.0
41961,144.9,6.90,26.39,0.1821,5.49,746.0,86.0
41968,142.9,7.00,26.39,0.1847,5.41,746.0,86.0
41975,144.9,6.90,26.39,0.1821,5.49,746.0,86.0
41982,142.9,7.00,26.39,0.1847,5.41,746.0,86.0
41989,142.9,7.00,26.39,0.1847,5.41,746.0,86.0
41996,144.9,6.90,26.39,0.1821,5.49,746.0,86.0
42003,144.9,6.90,26.39,0.1821,5.49,746.0,86.0
42010,142.9,7.00,26.39,0.1847,5.41,746.0,86.0
42017,144.9,6.90,26.39,0.1821,5.49,746.0,86.0
42024,142.9,7.00,26.39,0.1847,5.41,746.0,86.0
42030,144.9,6.90,26.39,0.1821,5.49,746.0,86.0
42037,142.9,7.00,26.39,0.1847,5.41,746.0,86.0
42044,144.9,6.90,26.39,0.1821,5.49,746.0,86.0
42051,142.9,7.00,26.39,0.1847,5.41,746.0,86.0
42058,144.9,6.90,26.39,0.1821,5.49,746.0,86.0
42065,144.9,6.90,26.39,0.1821,5.49,746.0,86.0
42072,144.9,6.90,26.39,0.1821,5.49,746.0,86.0
42079,142.9,7.00,26.39,0.1847,5.41,746.0,86.0
42086,144.9,6.90,26.39,0.1821,5.49,746.0,86.0
42093,142.9,7.00,26.39,0.1847,5.41,746.0,86.0
42100,142.9,7.00,26.39,0.1847,5.41,746.0,86.0
42107,144.9,6.90,26.39,0.1821,5.49,746.0,86.0
42114,144.9,6.90,26.39,0.1821,5.49,746.0,86.0
42121,144.9,6.90,26.39,0.1821,5.49,746.0,86.0
42128,140.8,7.10,26.39,0.1874,5.34,746.0,86.0
42135,147.1,6.80,26.39,0.1795,5.57,746.0,86.0
42142,142.9,7.00,26.39,0.1847,5.41,746.0,86.0
42149,142.9,7.00,26.39,0.1847,5.41,746.0,86.0
42155,144.9,6.90,26.39,0.1821,5.49,746.0,86.0
42162,142.9,7.00,26.39,0.1847,5.41,746.0,86.0
42169,149.3,6.70,26.39,0.1768,5.66,746.0,86.0
42176,140.8,7.10,26.39,0.1874,5.34,746.0,86.0
42183,142.9,7.00,26.39,0.1847,5.41,746.0,86.0
42190,142.9,7.00,26.39,0.1847,5.41,746.0,86.0
42197,144.9,6.90,26.39,0.1821,5.49,746.0,86.0
42204,144.9,6.90,26.39,0.1821,5.49,746.0,86.0
42211,142.9,7.00,26.39,0.1847,5.41,746.0,86.0
42218,144.9,6.90,26.39,0.1821,5.49,746.0,86.0
42225,142.9,7.00,26.39,0.1847,5.41,746.0,86.0
42232,147.1,6.80,26.39,0.1795,5.57,746.0,86.0
42239,142.9,7.00,26.38,0.1847,5.42,746.0,86.0
42246,142.9,7.00,26.38,0.1846,5.42,746.0,86.0
42253,142.9,7.00,26.37,0.1846,5.42,746.0,86.0
42260,147.1,6.80,26.36,0.1793,5.58,746.0,86.0
42267,142.9,7.00,26.36,0.1845,5.42,746.0,86.0
42273,144.9,6.90,26.35,0.1818,5.50,746.0,86.0
42280,144.9,6.90,26.34,0.1818,5.50,746.0,86.0
42287,140.8,7.10,26.34,0.1870,5.35,746.0,86.0
42294,144.9,6.90,26.33,0.1817,5.50,746.0,86.0
42301,144.9,6.90,26.32,0.1816,5.51,746.0,86.0
42308,144.9,6.90,26.31,0.1816,5.51,746.0,86.0
42315,142.9,7.00,26.31,0.1841,5.43,746.0,86.0
42322,142.9,7.00,26.30,0.1841,5.43,746.0,86.0
42329,147.1,6.80,26.29,0.1788,5.59,746.0,86.0
42336,142.9,7.00,26.29,0.1840,5.44,746.0,86.0
42343,142.9,7.00,26.28,0.1840,5.44,746.0,86.0
42350,142.9,7.00,26.28,0.1840,5.44,746.0,86.0
42357,147.1,6.80,26.28,0.1787,5.60,746.0,86.0
42364,142.9,7.00,26.28,0.1840,5.44,746.0,86.0
42371,142.9,7.00,26.28,0.1840,5.44,746.0,86.0
42378,144.9,6.90,26.28,0.1813,5.51,746.0,86.0
42385,144.9,6.90,26.28,0.1813,5.51,746.0,86.0
42392,140.8,7.10,26.28,0.1866,5.36,746.0,86.0
42398,147.1,6.80,26.28,0.1787,5.60,746.0,86.0
42405,142.9,7.00,26.28,0.1840,5.44,746.0,86.0
42412,142.9,7.00,26.28,0.1840,5.44,746.0,86.0
42419,144.9,6.90,26.28,0.1813,5.51,746.0,86.0
42426,142.9,7.00,26.28,0.1840,5.44,746.0,86.0
42433,144.9,6.90,26.28,0.1813,5.51,746.0,86.0
42440,144.9,6.90,26.28,0.1813,5.51,746.0,86.0
42447,144.9,6.90,26.28,0.1813,5.51,746.0,86.0
42454,147.1,6.80,26.28,0.1787,5.60,746.0,86.0
42461,140.8,7.10,26.28,0.1866,5.36,746.0,86.0
42468,142.9,7.00,26.28,0.1840,5.44,746.0,86.0
42475,142.9,7.00,26.28,0.1840,5.44,746.0,86.0
42482,147.1,6.80,26.28,0.1787,5.60,746.0,86.0
42489,142.9,7.00,26.28,0.1840,5.44,746.0,86.0
42496,144.9,6.90,26.28,0.1813,5.51,746.0,86.0
42503,142.9,7.00,26.28,0.1840,5.44,746.0,86.0
42510,142.9,7.00,26.28,0.1840,5.44,746.0,86.0
42517,144.9,6.90,26.28,0.1813,5.51,746.0,86.0
42523,144.9,6.90,26.28,0.1813,5.51,746.0,86.0
42530,142.9,7.00,26.28,0.1840,5.44,746.0,86.0
42537,144.9,6.90,26.28,0.1813,5.51,746.0,86.0
42544,144.9,6.90,26.28,0.1813,5.51,746.0,86.0
42551,142.9,7.00,26.28,0.1840,5.44,746.0,86.0
42558,142.9,7.00,26.28,0.1840,5.44,746.0,86.0
42565,144.9,6.90,26.28,0.1813,5.51,746.0,86.0
42572,144.9,6.90,26.28,0.1813,5.51,746.0,86.0
42579,144.9,6.90,26.28,0.1813,5.51,746.0,86.0
42586,140.8,7.10,26.28,0.1866,5.36,746.0,86.0
42593,144.9,6.90,26.28,0.1813,5.51,746.0,86.0
42600,142.9,7.00,26.28,0.1840,5.44,746.0,86.0
42607,142.9,7.00,26.28,0.1840,5.44,746.0,86.0
42614,147.1,6.80,26.28,0.1787,5.60,746.0,86.0
42621,142.9,7.00,26.28,0.1840,5.44,746.0,86.0
42628,144.9,6.90,26.28,0.1813,5.51,746.0,86.0
42635,144.9,6.90,26.28,0.1813,5.51,746.0,86.0
42642,142.9,7.00,26.28,0.1840,5.44,746.0,86.0
42648,144.9,6.90,26.28,0.1813,5.51,746.0,86.0
42655,142.9,7.00,26.28,0.1840,5.44,746.0,86.0
42662,147.1,6.80,26.28,0.1787,5.60,746.0,86.0
42669,144.9,6.90,26.28,0.1813,5.51,746.0,86.0
42676,142.9,7.00,26.28,0.1839,5.44,746.0,86.0
42683,142.9,7.00,26.26,0.1839,5.44,746.0,86.0
42690,144.9,6.90,26.25,0.1811,5.52,746.0,86.0
42697,142.9,7.00,26.24,0.1837,5.45,746.0,86.0
42704,142.9,7.00,26.23,0.1836,5.45,746.0,86.0
42711,147.1,6.80,26.22,0.1783,5.61,746.0,86.0
42718,140.8,7.10,26.21,0.1861,5.37,746.0,86.0
42725,144.9,6.90,26.20,0.1808,5.53,746.0,86.0
42732,144.9,6.90,26.19,0.1807,5.53,746.0,86.0
42739,142.9,7.00,26.18,0.1832,5.46,746.0,86.0
42746,142.9,7.00,26.17,0.1832,5.46,746.0,86.0
42753,147.1,6.80,26.16,0.1779,5.62,746.0,86.0
42760,142.9,7.00,26.14,0.1830,5.47,746.0,86.0
42767,140.8,7.10,26.13,0.1855,5.39,746.0,86.0
42773,147.1,6.80,26.12,0.1776,5.63,746.0,86.0
42780,144.9,6.90,26.11,0.1802,5.55,746.0,86.0
42787,142.9,7.00,26.11,0.1828,5.47,746.0,86.0
42794,144.9,6.90,26.11,0.1802,5.55,746.0,86.0
42801,140.8,7.10,26.11,0.1854,5.39,746.0,86.0
42808,144.9,6.90,26.11,0.1802,5.55,746.0,86.0
42815,144.9,6.90,26.11,0.1802,5.55,746.0,86.0
42822,144.9,6.90,26.11,0.1802,5.55,746.0,86.0
42829,142.9,7.00,26.11,0.1828,5.47,746.0,86.0
42836,142.9,7.00,26.11,0.1828,5.47,746.0,86.0
42843,147.1,6.80,26.11,0.1775,5.63,746.0,86.0
42850,142.9,7.00,26.11,0.1828,5.47,746.0,86.0
42857,144.9,6.90,26.11,0.1802,5.55,746.0,86.0
42864,142.9,7.00,26.11,0.1828,5.47,746.0,86.0
42871,144.9,6.90,26.11,0.1802,5.55,746.0,86.0
42878,142.9,7.00,26.11,0.1828,5.47,746.0,86.0
42885,144.9,6.90,26.11,0.1802,5.55,746.0,86.0
42891,147.1,6.80,26.11,0.1775,5.63,746.0,86.0
42899,138.9,7.20,26.11,0.1880,5.32,746.0,86.0
42905,147.1,6.80,26.11,0.1775,5.63,746.0,86.0
42912,142.9,7.00,26.11,0.1828,5.47,746.0,86.0
42919,142.9,7.00,26.11,0.1828,5.47,746.0,86.0
42926,140.8,7.10,26.11,0.1854,5.39,746.0,86.0
42933,147.1,6.80,26.11,0.1775,5.63,746.0,86.0
42940,144.9,6.90,26.11,0.1802,5.55,746.0,86.0
42947,142.9,7.00,26.11,0.1828,5.47,746.0,86.0
42954,147.1,6.80,26.11,0.1775,5.63,746.0,86.0
42961,142.9,7.00,26.11,0.1828,5.47,746.0,86.0
42968,144.9,6.90,26.11,0.1802,5.55,746.0,86.0
42975,140.8,7.10,26.11,0.1854,5.39,746.0,86.0
42982,149.3,6.70,26.11,0.1749,5.72,746.0,86.0
42989,142.9,7.00,26.11,0.1828,5.47,746.0,86.0
42996,142.9,7.00,26.11,0.1828,5.47,746.0,86.0
43003,142.9,7.00,26.11,0.1828,5.47,746.0,86.0
43010,144.9,6.90,26.11,0.1802,5.55,746.0,86.0
43017,142.9,7.00,26.11,0.1828,5.47,746.0,86.0
43023,147.1,6.80,26.11,0.1775,5.63,746.0,86.0
43030,142.9,7.00,26.11,0.1828,5.47,746.0,86.0
43037,144.9,6.90,26.11,0.1802,5.55,746.0,86.0
43044,144.9,6.90,26.11,0.1802,5.55,746.0,86.0
43051,142.9,7.00,26.11,0.1828,5.47,746.0,86.0
43058,142.9,7.00,26.11,0.1828,5.47,746.0,86.0
43065,144.9,6.90,26.11,0.1802,5.55,746.0,86.0
43072,144.9,6.90,26.11,0.1802,5.55,746.0,86.0
43079,142.9,7.00,26.11,0.1828,5.47,746.0,86.0
43086,142.9,7.00,26.11,0.1828,5.47,746.0,86.0
43093,144.9,6.90,26.11,0.1802,5.55,746.0,86.0
43100,144.9,6.90,26.11,0.1802,5.55,746.0,86.0
43107,142.9,7.00,26.11,0.1828,5.47,746.0,86.0
43114,142.9,7.00,26.11,0.1828,5.47,746.0,86.0
43121,147.1,6.80,26.11,0.1775,5.63,746.0,86.0
43128,142.9,7.00,26.11,0.1828,5.47,746.0,86.0
43135,142.9,7.00,26.11,0.1828,5.47,746.0,86.0
43142,142.9,7.00,26.11,0.1828,5.47,746.0,86.0
43148,144.9,6.90,26.11,0.1802,5.55,746.0,86.0
43155,144.9,6.90,26.11,0.1802,5.55,746.0,86.0
43162,142.9,7.00,26.11,0.1828,5.47,746.0,86.0
43169,147.1,6.80,26.11,0.1775,5.63,746.0,86.0
43176,142.9,7.00,26.11,0.1828,5.47,746.0,86.0
43183,142.9,7.00,26.11,0.1828,5.47,746.0,86.0
43190,144.9,6.90,26.11,0.1802,5.55,746.0,86.0
43197,142.9,7.00,26.11,0.1828,5.47,746.0,86.0
43204,144.9,6.90,26.11,0.1802,5.55,746.0,86.0
43211,144.9,6.90,26.11,0.1802,5.55,746.0,86.0
43218,144.9,6.90,26.11,0.1801,5.55,746.0,86.0
43225,142.9,7.00,26.09,0.1826,5.48,746.0,86.0
43232,147.1,6.80,26.07,0.1773,5.64,746.0,86.0
43239,140.8,7.10,26.06,0.1850,5.40,746.0,86.0
43246,142.9,7.00,26.04,0.1823,5.49,746.0,86.0
43253,142.9,7.00,26.02,0.1822,5.49,746.0,86.0
43260,144.9,6.90,26.01,0.1795,5.57,746.0,86.0
43267,142.9,7.00,25.99,0.1819,5.50,746.0,86.0
43274,142.9,7.00,25.98,0.1818,5.50,746.0,86.0
43280,144.9,6.90,25.96,0.1791,5.58,746.0,86.0
43287,142.9,7.00,25.94,0.1816,5.51,746.0,86.0
43294,144.9,6.90,25.93,0.1789,5.59,746.0,86.0
43301,144.9,6.90,25.91,0.1788,5.59,746.0,86.0
43308,144.9,6.90,25.89,0.1787,5.60,746.0,86.0
43315,144.9,6.90,25.88,0.1786,5.60,746.0,86.0
43322,144.9,6.90,25.86,0.1784,5.60,746.0,86.0
43329,138.9,7.20,25.85,0.1861,5.37,746.0,86.0
43336,147.1,6.80,25.85,0.1758,5.69,746.0,86.0
43343,144.9,6.90,25.85,0.1784,5.61,746.0,86.0
43350,142.9,7.00,25.85,0.1810,5.53,746.0,86.0
43357,144.9,6.90,25.85,0.1784,5.61,746.0,86.0
43364,142.9,7.00,25.85,0.1810,5.53,746.0,86.0
43371,144.9,6.90,25.85,0.1784,5.61,746.0,86.0
43378,140.8,7.10,25.85,0.1835,5.45,746.0,86.0
43385,147.1,6.80,25.85,0.1758,5.69,746.0,86.0
43391,147.1,6.80,25.85,0.1758,5.69,746.0,86.0
43398,140.8,7.10,25.85,0.1835,5.45,746.0,86.0
43405,144.9,6.90,25.85,0.1784,5.61,746.0,86.0
43412,144.9,6.90,25.85,0.1784,5.61,746.0,86.0
43419,142.9,7.00,25.85,0.1810,5.53,746.0,86.0
43426,144.9,6.90,25.85,0.1784,5.61,746.0,86.0
43433,142.9,7.00,25.85,0.1810,5.53,746.0,86.0
43440,142.9,7.00,25.85,0.1810,5.53,746.0,86.0
43447,144.9,6.90,25.85,0.1784,5.61,746.0,86.0
43454,144.9,6.90,25.85,0.1784,5.61,746.0,86.0
43461,142.9,7.00,25.85,0.1810,5.53,746.0,86.0
43468,144.9,6.90,25.85,0.1784,5.61,746.0,86.0
43475,144.9,6.90,25.85,0.1784,5.61,746.0,86.0
43482,142.9,7.00,25.85,0.1810,5.53,746.0,86.0
43489,144.9,6.90,25.85,0.1784,5.61,746.0,86.0
43496,144.9,6.90,25.85,0.1784,5.61,746.0,86.0
43502,144.9,6.90,25.85,0.1784,5.61,746.0,86.0
43510,140.8,7.10,25.85,0.1835,5.45,746.0,86.0
43516,144.9,6.90,25.85,0.1784,5.61,746.0,86.0
43523,144.9,6.90,25.85,0.1784,5.61,746.0,86.0
43530,142.9,7.00,25.85,0.1810,5.53,746.0,86.0
43537,144.9,6.90,25.85,0.1784,5.61,746.0,86.0
43544,144.9,6.90,25.85,0.1784,5.61,746.0,86.0
43551,140.8,7.10,25.85,0.1835,5.45,746.0,86.0
43558,144.9,6.90,25.85,0.1784,5.61,746.0,86.0
43565,144.9,6.90,25.85,0.1784,5.61,746.0,86.0
43572,142.9,7.00,25.85,0.1810,5.53,746.0,86.0
43579,142.9,7.00,25.85,0.1810,5.53,746.0,86.0
43586,144.9,6.90,25.85,0.1784,5.61,746.0,86.0
43593,144.9,6.90,25.85,0.1784,5.61,746.0,86.0
43600,147.1,6.80,25.85,0.1758,5.69,746.0,86.0
43607,142.9,7.00,25.85,0.1810,5.53,746.0,86.0
43614,138.9,7.20,25.85,0.1861,5.37,746.0,86.0
43621,147.1,6.80,25.85,0.1758,5.69,746.0,86.0
43628,142.9,7.00,25.85,0.1810,5.53,746.0,86.0
43635,144.9,6.90,25.85,0.1784,5.61,746.0,86.0
43641,144.9,6.90,25.85,0.1784,5.61,746.0,86.0
43649,140.8,7.10,25.85,0.1835,5.45,746.0,86.0
43655,149.3,6.70,25.85,0.1732,5.78,746.0,86.0
43662,140.8,7.10,25.85,0.1835,5.45,746.0,86.0
43669,144.9,6.90,25.85,0.1784,5.61,746.0,86.0
43676,144.9,6.90,25.85,0.1784,5.61,746.0,86.0
43683,142.9,7.00,25.85,0.1810,5.53,746.0,86.0
43690,140.8,7.10,25.85,0.1835,5.45,746.0,86.0
43697,144.9,6.90,25.85,0.1784,5.61,746.0,86.0
43704,144.9,6.90,25.85,0.1784,5.61,746.0,86.0
43711,144.9,6.90,25.85,0.1784,5.61,746.0,86.0
43718,144.9,6.90,25.85,0.1784,5.61,746.0,86.0
43725,142.9,7.00,25.85,0.1810,5.53,746.0,86.0
43732,144.9,6.90,25.85,0.1784,5.61,746.0,86.0
43739,142.9,7.00,25.85,0.1810,5.53,746.0,86.0
43746,142.9,7.00,25.85,0.1810,5.53,746.0,86.0
43753,147.1,6.80,25.85,0.1758,5.69,746.0,86.0
43759,144.9,6.90,25.85,0.1784,5.61,746.0,86.0
43766,142.9,7.00,25.84,0.1809,5.53,746.0,86.0
43774,140.8,7.10,25.83,0.1834,5.45,746.0,86.0
43780,144.9,6.90,25.81,0.1781,5.61,746.0,86.0
43787,144.9,6.90,25.80,0.1780,5.62,746.0,86.0
43794,147.1,6.80,25.79,0.1753,5.70,746.0,86.0
43801,142.9,7.00,25.77,0.1804,5.55,746.0,86.0
43808,144.9,6.90,25.76,0.1777,5.63,746.0,86.0
43815,140.8,7.10,25.74,0.1828,5.47,746.0,86.0
43822,144.9,6.90,25.73,0.1775,5.63,746.0,86.0
43829,144.9,6.90,25.71,0.1774,5.64,746.0,86.0
43836,142.9,7.00,25.70,0.1799,5.56,746.0,86.0
43843,144.9,6.90,25.68,0.1772,5.64,746.0,86.0
43850,144.9,6.90,25.67,0.1771,5.65,746.0,86.0
43857,142.9,7.00,25.65,0.1796,5.57,746.0,86.0
43864,142.9,7.00,25.64,0.1795,5.57,746.0,86.0
43871,147.1,6.80,25.62,0.1742,5.74,746.0,86.0
43878,142.9,7.00,25.62,0.1793,5.58,746.0,86.0
43884,144.9,6.90,25.62,0.1768,5.66,746.0,86.0
43892,140.8,7.10,25.62,0.1819,5.50,746.0,86.0
43898,144.9,6.90,25.62,0.1768,5.66,746.0,86.0
43905,147.1,6.80,25.62,0.1742,5.74,746.0,86.0
43912,140.8,7.10,25.62,0.1819,5.50,746.0,86.0
43919,147.1,6.80,25.62,0.1742,5.74,746.0,86.0
43926,142.9,7.00,25.62,0.1793,5.58,746.0,86.0
43933,140.8,7.10,25.62,0.1819,5.50,746.0,86.0
43940,149.3,6.70,25.62,0.1717,5.83,746.0,86.0
43947,142.9,7.00,25.62,0.1793,5.58,746.0,86.0
43954,142.9,7.00,25.62,0.1793,5.58,746.0,86.0
43961,140.8,7.10,25.62,0.1819,5.50,746.0,86.0
43968,144.9,6.90,25.62,0.1768,5.66,746.0,86.0
43975,147.1,6.80,25.62,0.1742,5.74,746.0,86.0
43982,142.9,7.00,25.62,0.1793,5.58,746.0,86.0
43989,147.1,6.80,25.62,0.1742,5.74,746.0,86.0
43996,142.9,7.00,25.62,0.1793,5.58,746.0,86.0
44003,142.9,7.00,25.62,0.1793,5.58,746.0,86.0
44010,142.9,7.00,25.62,0.1793,5.58,746.0,86.0
44016,144.9,6.90,25.62,0.1768,5.66,746.0,86.0
44023,144.9,6.90,25.62,0.1768,5.66,746.0,86.0
44030,142.9,7.00,25.62,0.1793,5.58,746.0,86.0
44037,142.9,7.00,25.62,0.1793,5.58,746.0,86.0
44044,142.9,7.00,25.62,0.1793,5.58,746.0,86.0
44051,147.1,6.80,25.62,0.1742,5.74,746.0,86.0
44058,147.1,6.80,25.62,0.1742,5.74,746.0,86.0
44065,138.9,7.20,25.62,0.1845,5.42,746.0,86.0
44072,144.9,6.90,25.62,0.1768,5.66,746.0,86.0
44079,144.9,6.90,25.62,0.1768,5.66,746.0,86.0
44086,142.9,7.00,25.62,0.1793,5.58,746.0,86.0
44093,144.9,6.90,25.62,0.1768,5.66,746.0,86.0
44100,140.8,7.10,25.62,0.1819,5.50,746.0,86.0
44107,144.9,6.90,25.62,0.1768,5.66,746.0,86.0
44114,144.9,6.90,25.62,0.1768,5.66,746.0,86.0
44121,144.9,6.90,25.62,0.1768,5.66,746.0,86.0
44128,142.9,7.00,25.62,0.1793,5.58,746.0,86.0
44135,144.9,6.90,25.62,0.1768,5.66,746.0,86.0
44141,147.1,6.80,25.62,0.1742,5.74,746.0,86.0
44148,142.9,7.00,25.62,0.1793,5.58,746.0,86.0
44155,142.9,7.00,25.62,0.1793,5.58,746.0,86.0
44162,147.1,6.80,25.62,0.1742,5.74,746.0,86.0
44169,142.9,7.00,25.62,0.1793,5.58,746.0,86.0
44176,140.8,7.10,25.62,0.1819,5.50,746.0,86.0
44183,144.9,6.90,25.62,0.1768,5.66,746.0,86.0
44190,142.9,7.00,25.62,0.1793,5.58,746.0,86.0
44197,144.9,6.90,25.62,0.1768,5.66,746.0,86.0
44204,144.9,6.90,25.61,0.1767,5.66,746.0,86.0
44211,142.9,7.00,25.59,0.1792,5.58,746.0,85.9
44218,147.1,6.80,25.57,0.1739,5.75,746.0,85.9
44225,144.9,6.90,25.55,0.1763,5.67,746.0,85.8
44232,140.8,7.10,25.53,0.1813,5.52,746.0,85.7
44239,142.9,7.00,25.51,0.1786,5.60,746.0,85.7
44246,144.9,6.90,25.49,0.1759,5.69,746.0,85.6
44253,144.9,6.90,25.47,0.1757,5.69,746.0,85.5
44259,144.9,6.90,25.45,0.1756,5.69,746.0,85.5
44266,142.9,7.00,25.43,0.1780,5.62,746.0,85.4
44273,142.9,7.00,25.41,0.1778,5.62,746.0,85.4
44280,144.9,6.90,25.39,0.1752,5.71,746.0,85.3
44287,142.9,7.00,25.37,0.1776,5.63,746.0,85.2
44294,142.9,7.00,25.34,0.1774,5.64,746.0,85.2
44301,144.9,6.90,25.32,0.1747,5.72,746.0,85.1
44308,144.9,6.90,25.30,0.1746,5.73,746.0,85.0
44315,142.9,7.00,25.29,0.1770,5.65,746.0,85.0
44322,144.9,6.90,25.29,0.1745,5.73,746.0,85.0
44329,144.9,6.90,25.29,0.1745,5.73,746.0,85.0
44336,140.8,7.10,25.29,0.1796,5.57,746.0,85.0
44343,147.1,6.80,25.29,0.1720,5.82,746.0,85.0
44350,144.9,6.90,25.29,0.1745,5.73,746.0,85.0
44357,144.9,6.90,25.29,0.1745,5.73,746.0,85.0
44364,140.8,7.10,25.29,0.1796,5.57,746.0,85.0
44371,144.9,6.90,25.29,0.1745,5.73,746.0,85.0
44378,144.9,6.90,25.29,0.1745,5.73,746.0,85.0
44384,144.9,6.90,25.29,0.1745,5.73,746.0,85.0
44391,142.9,7.00,25.29,0.1770,5.65,746.0,85.0
44398,144.9,6.90,25.29,0.1745,5.73,746.0,85.0
44405,144.9,6.90,25.29,0.1745,5.73,746.0,85.0
44412,144.9,6.90,25.29,0.1745,5.73,746.0,85.0
44419,142.9,7.00,25.29,0.1770,5.65,746.0,85.0
44426,144.9,6.90,25.29,0.1745,5.73,746.0,85.0
44433,144.9,6.90,25.29,0.1745,5.73,746.0,85.0
44440,142.9,7.00,25.29,0.1770,5.65,746.0,85.0
44447,142.9,7.00,25.29,0.1770,5.65,746.0,85.0
44454,142.9,7.00,25.29,0.1770,5.65,746.0,85.0
44461,142.9,7.00,25.29,0.1770,5.65,746.0,85.0
44468,142.9,7.00,25.29,0.1770,5.65,746.0,85.0
44475,144.9,6.90,25.29,0.1745,5.73,746.0,85.0
44482,142.9,7.00,25.29,0.1770,5.65,746.0,85.0
44489,147.1,6.80,25.29,0.1720,5.82,746.0,85.0
44496,142.9,7.00,25.29,0.1770,5.65,746.0,85.0
44502,147.1,6.80,25.29,0.1720,5.82,746.0,85.0
44510,140.8,7.10,25.29,0.1796,5.57,746.0,85.0
44516,144.9,6.90,25.29,0.1745,5.73,746.0,85.0
44523,142.9,7.00,25.29,0.1770,5.65,746.0,85.0
44530,144.9,6.90,25.29,0.1745,5.73,746.0,85.0
44537,144.9,6.90,25.29,0.1745,5.73,746.0,85.0
44544,144.9,6.90,25.29,0.1745,5.73,746.0,85.0
44551,140.8,7.10,25.29,0.1796,5.57,746.0,85.0
44558,147.1,6.80,25.29,0.1720,5.82,746.0,85.0
44565,142.9,7.00,25.29,0.1770,5.65,746.0,85.0
44572,147.1,6.80,25.29,0.1720,5.82,746.0,85.0
44579,138.9,7.20,25.29,0.1821,5.49,746.0,85.0
44586,147.1,6.80,25.29,0.1720,5.82,746.0,85.0
44593,142.9,7.00,25.29,0.1770,5.65,746.0,85.0
44600,144.9,6.90,25.29,0.1745,5.73,746.0,85.0
44607,144.9,6.90,25.29,0.1745,5.73,746.0,85.0
44614,142.9,7.00,25.29,0.1770,5.65,746.0,85.0
44620,147.1,6.80,25.29,0.1720,5.82,746.0,85.0
44627,142.9,7.00,25.29,0.1770,5.65,746.0,85.0
44635,140.8,7.10,25.29,0.1796,5.57,746.0,85.0
44641,144.9,6.90,25.29,0.1745,5.73,746.0,85.0
44648,142.9,7.00,25.29,0.1770,5.65,746.0,85.0
44655,144.9,6.90,25.29,0.1745,5.73,746.0,85.0
44662,144.9,6.90,25.29,0.1745,5.73,746.0,85.0
44669,142.9,7.00,25.29,0.1770,5.65,746.0,85.0
44676,142.9,7.00,25.29,0.1770,5.65,746.0,85.0
44683,144.9,6.90,25.29,0.1745,5.73,746.0,85.0
44690,147.1,6.80,25.29,0.1720,5.82,746.0,85.0
44697,142.9,7.00,25.29,0.1770,5.65,746.0,85.0
44704,142.9,7.00,25.29,0.1770,5.65,746.0,85.0
44711,142.9,7.00,25.29,0.1770,5.65,746.0,85.0
44718,144.9,6.90,25.29,0.1745,5.73,746.0,85.0
44725,144.9,6.90,25.29,0.1745,5.73,746.0,85.0
44732,142.9,7.00,25.29,0.1770,5.65,746.0,85.0
44739,147.1,6.80,25.29,0.1720,5.82,746.0,85.0
44746,140.8,7.10,25.29,0.1796,5.57,746.0,85.0
44753,144.9,6.90,25.29,0.1745,5.73,746.0,85.0
44759,144.9,6.90,25.28,0.1744,5.73,746.0,85.1
44766,142.9,7.00,25.26,0.1768,5.66,746.0,85.1
44774,140.8,7.10,25.25,0.1793,5.58,746.0,85.2
44780,144.9,6.90,25.23,0.1741,5.74,746.0,85.2
44787,142.9,7.00,25.22,0.1765,5.67,746.0,85.3
44794,147.1,6.80,25.21,0.1714,5.84,746.0,85.4
44801,142.9,7.00,25.19,0.1763,5.67,746.0,85.4
44808,144.9,6.90,25.18,0.1737,5.76,746.0,85.5
44815,147.1,6.80,25.16,0.1711,5.85,746.0,85.6
44822,142.9,7.00,25.15,0.1760,5.68,746.0,85.6
44829,140.8,7.10,25.13,0.1784,5.60,746.0,85.7
44836,144.9,6.90,25.12,0.1733,5.77,746.0,85.7
44843,144.9,6.90,25.10,0.1732,5.77,746.0,85.8
44850,142.9,7.00,25.09,0.1756,5.70,746.0,85.9
44857,144.9,6.90,25.07,0.1730,5.78,746.0,85.9
44865,126.6,7.90,25.06,0.1980,5.05,746.0,86.0
44871,163.9,6.10,25.06,0.1529,6.54,746.0,86.0
44878,144.9,6.90,25.06,0.1729,5.78,746.0,86.0
44885,142.9,7.00,25.06,0.1754,5.70,746.0,86.0
44892,144.9,6.90,25.06,0.1729,5.78,746.0,86.0
44898,144.9,6.90,25.06,0.1729,5.78,746.0,86.0
44905,142.9,7.00,25.06,0.1754,5.70,746.0,86.0
44912,144.9,6.90,25.06,0.1729,5.78,746.0,86.0
44919,147.1,6.80,25.06,0.1704,5.87,746.0,86.0
44926,142.9,7.00,25.06,0.1754,5.70,746.0,86.0
44933,144.9,6.90,25.06,0.1729,5.78,746.0,86.0
44940,142.9,7.00,25.06,0.1754,5.70,746.0,86.0
44947,142.9,7.00,25.06,0.1754,5.70,746.0,86.0
44954,147.1,6.80,25.06,0.1704,5.87,746.0,86.0
44961,142.9,7.00,25.06,0.1754,5.70,746.0,86.0
44968,142.9,7.00,25.06,0.1754,5.70,746.0,86.0
44975,147.1,6.80,25.06,0.1704,5.87,746.0,86.0
44982,142.9,7.00,25.06,0.1754,5.70,746.0,86.0
44989,144.9,6.90,25.06,0.1729,5.78,746.0,86.0
44996,142.9,7.00,25.06,0.1754,5.70,746.0,86.0
45002,147.1,6.80,25.06,0.1704,5.87,746.0,86.0
45010,140.8,7.10,25.06,0.1779,5.62,746.0,86.0
45016,147.1,6.80,25.06,0.1704,5.87,746.0,86.0
45023,142.9,7.00,25.06,0.1754,5.70,746.0,86.0
45030,142.9,7.00,25.06,0.1754,5.70,746.0,86.0
45037,144.9,6.90,25.06,0.1729,5.78,746.0,86.0
45044,142.9,7.00,25.06,0.1754,5.70,746.0,86.0
45051,142.9,7.00,25.06,0.1754,5.70,746.0,86.0
45058,144.9,6.90,25.06,0.1729,5.78,746.0,86.0
45065,144.9,6.90,25.06,0.1729,5.78,746.0,86.0
45072,144.9,6.90,25.06,0.1729,5.78,746.0,86.0
45079,140.8,7.10,25.06,0.1779,5.62,746.0,86.0
45086,144.9,6.90,25.06,0.1729,5.78,746.0,86.0
45093,144.9,6.90,25.06,0.1729,5.78,746.0,86.0
45100,142.9,7.00,25.06,0.1754,5.70,746.0,86.0
45107,147.1,6.80,25.06,0.1704,5.87,746.0,86.0
45114,142.9,7.00,25.06,0.1754,5.70,746.0,86.0
45121,142.9,7.00,25.06,0.1754,5.70,746.0,86.0
45127,147.1,6.80,25.06,0.1704,5.87,746.0,86.0
45135,140.8,7.10,25.06,0.1779,5.62,746.0,86.0
45141,144.9,6.90,25.06,0.1729,5.78,746.0,86.0
45149,140.8,7.10,25.06,0.1779,5.62,746.0,86.0
45155,147.1,6.80,25.06,0.1704,5.87,746.0,86.0
45162,144.9,6.90,25.06,0.1729,5.78,746.0,86.0
45169,142.9,7.00,25.06,0.1754,5.70,746.0,86.0
45176,144.9,6.90,25.06,0.1729,5.78,746.0,86.0
45183,144.9,6.90,25.06,0.1729,5.78,746.0,86.0
45190,144.9,6.90,25.06,0.1729,5.78,746.0,86.0
45197,140.8,7.10,25.06,0.1779,5.62,746.0,86.0
45204,147.1,6.80,25.06,0.1704,5.87,746.0,85.9
45211,142.9,7.00,25.06,0.1754,5.70,746.0,85.9
45218,144.9,6.90,25.06,0.1729,5.78,746.0,85.8
45225,142.9,7.00,25.06,0.1754,5.70,746.0,85.7
45232,144.9,6.90,25.06,0.1729,5.78,746.0,85.7
45239,144.9,6.90,25.06,0.1729,5.78,746.0,85.6
45245,144.9,6.90,25.06,0.1729,5.78,746.0,85.6
45252,142.9,7.00,25.06,0.1754,5.70,746.0,85.5
45259,144.9,6.90,25.06,0.1729,5.78,746.0,85.4
45266,142.9,7.00,25.06,0.1754,5.70,746.0,85.4
45273,140.8,7.10,25.06,0.1779,5.62,746.0,85.3
45280,144.9,6.90,25.06,0.1729,5.78,746.0,85.2
45287,144.9,6.90,25.06,0.1729,5.78,746.0,85.2
45294,142.9,7.00,25.06,0.1754,5.70,746.0,85.1
45301,142.9,7.00,25.06,0.1754,5.70,746.0,85.1
45308,144.9,6.90,25.06,0.1729,5.78,746.0,85.0
45315,142.9,7.00,25.06,0.1754,5.70,746.0,85.0
45322,144.9,6.90,25.06,0.1729,5.78,746.0,85.0
45329,142.9,7.00,25.06,0.1754,5.70,746.0,85.0
45336,147.1,6.80,25.06,0.1704,5.87,746.0,85.0
45343,142.9,7.00,25.06,0.1754,5.70,746.0,85.0
45350,144.9,6.90,25.06,0.1729,5.78,746.0,85.0
45357,144.9,6.90,25.06,0.1729,5.78,746.0,85.0
45364,144.9,6.90,25.06,0.1729,5.78,746.0,85.0
45371,140.8,7.10,25.06,0.1779,5.62,746.0,85.0
45378,144.9,6.90,25.06,0.1729,5.78,746.0,85.0
45384,144.9,6.90,25.06,0.1729,5.78,746.0,85.0
45391,144.9,6.90,25.06,0.1729,5.78,746.0,85.0
45398,142.9,7.00,25.06,0.1754,5.70,746.0,85.0
45405,140.8,7.10,25.06,0.1779,5.62,746.0,85.0
45412,147.1,6.80,25.06,0.1704,5.87,746.0,85.0
45419,142.9,7.00,25.06,0.1754,5.70,746.0,85.0
45426,142.9,7.00,25.06,0.1754,5.70,746.0,85.0
45433,147.1,6.80,25.06,0.1704,5.87,746.0,85.0
45440,142.9,7.00,25.06,0.1754,5.70,746.0,85.0
45447,142.9,7.00,25.06,0.1754,5.70,746.0,85.0
45454,142.9,7.00,25.06,0.1754,5.70,746.0,85.0
45461,147.1,6.80,25.06,0.1704,5.87,746.0,85.0
45468,142.9,7.00,25.06,0.1754,5.70,746.0,85.0
45475,144.9,6.90,25.06,0.1729,5.78,746.0,85.0
45482,142.9,7.00,25.06,0.1754,5.70,746.0,85.0
45489,144.9,6.90,25.06,0.1729,5.78,746.0,85.0
45496,144.9,6.90,25.06,0.1729,5.78,746.0,85.0
45503,140.8,7.10,25.06,0.1779,5.62,746.0,85.0
45509,147.1,6.80,25.06,0.1704,5.87,746.0,85.0
45516,142.9,7.00,25.06,0.1754,5.70,746.0,85.0
45523,142.9,7.00,25.06,0.1754,5.70,746.0,85.0
45530,144.9,6.90,25.06,0.1729,5.78,746.0,85.0
45537,144.9,6.90,25.06,0.1729,5.78,746.0,85.0
45544,142.9,7.00,25.06,0.1754,5.70,746.0,85.0
45551,144.9,6.90,25.06,0.1729,5.78,746.0,85.0
45558,142.9,7.00,25.06,0.1754,5.70,746.0,85.0
45565,144.9,6.90,25.06,0.1729,5.78,746.0,85.0
45572,144.9,6.90,25.06,0.1729,5.78,746.0,85.0
45579,142.9,7.00,25.06,0.1754,5.70,746.0,85.0
45586,140.8,7.10,25.06,0.1779,5.62,746.0,85.0
45593,147.1,6.80,25.06,0.1704,5.87,746.0,85.0
45600,147.1,6.80,25.06,0.1704,5.87,746.0,85.0
45607,142.9,7.00,25.06,0.1754,5.70,746.0,85.0
45614,142.9,7.00,25.06,0.1754,5.70,746.0,85.0
45621,144.9,6.90,25.06,0.1729,5.78,746.0,85.0
45627,144.9,6.90,25.06,0.1729,5.78,746.0,85.0
45635,140.8,7.10,25.06,0.1779,5.62,746.0,85.0
45641,147.1,6.80,25.06,0.1704,5.87,746.0,85.0
45648,140.8,7.10,25.06,0.1779,5.62,746.0,85.0
45655,144.9,6.90,25.06,0.1729,5.78,746.0,85.0
45662,147.1,6.80,25.06,0.1704,5.87,746.0,85.0
45669,142.9,7.00,25.06,0.1754,5.70,746.0,85.0
45676,144.9,6.90,25.06,0.1729,5.78,746.0,85.0
45683,142.9,7.00,25.06,0.1754,5.70,746.0,85.0
45690,144.9,6.90,25.06,0.1729,5.78,746.0,85.0
45697,142.9,7.00,25.06,0.1754,5.70,746.0,85.0
45704,144.9,6.90,25.06,0.1729,5.78,746.0,85.0
45711,142.9,7.00,25.06,0.1754,5.70,746.0,85.0
45718,144.9,6.90,25.06,0.1729,5.78,746.0,85.0
45725,142.9,7.00,25.06,0.1754,5.70,746.0,85.0
45732,144.9,6.90,25.06,0.1729,5.78,746.0,85.0
45739,144.9,6.90,25.06,0.1729,5.78,746.0,85.0
45746,144.9,6.90,25.06,0.1729,5.78,746.0,85.0
45754,114.9,8.70,25.06,0.2180,4.59,746.0,85.0
45759,192.3,5.20,25.06,0.1303,7.67,746.0,85.0
45766,142.9,7.00,25.06,0.1754,5.70,746.0,85.0
45773,144.9,6.90,25.06,0.1729,5.78,746.0,85.0
45780,144.9,6.90,25.06,0.1729,5.78,746.0,85.0
45787,140.8,7.10,25.06,0.1779,5.62,746.0,85.0
45794,147.1,6.80,25.06,0.1704,5.87,746.0,85.0
45801,144.9,6.90,25.06,0.1729,5.78,746.0,85.0
45808,142.9,7.00,25.05,0.1754,5.70,746.0,85.0
45815,142.9,7.00,25.05,0.1754,5.70,746.0,85.0
45822,144.9,6.90,25.05,0.1729,5.78,746.0,85.0
45829,144.9,6.90,25.05,0.1729,5.78,746.0,85.0
45836,140.8,7.10,25.05,0.1779,5.62,746.0,85.0
45843,147.1,6.80,25.05,0.1703,5.87,746.0,85.0
45850,142.9,7.00,25.05,0.1754,5.70,746.0,85.0
45857,142.9,7.00,25.05,0.1754,5.70,746.0,85.0
45864,142.9,7.00,25.05,0.1754,5.70,746.0,85.0
45871,144.9,6.90,25.05,0.1728,5.78,746.0,85.0
45878,142.9,7.00,25.05,0.1754,5.70,746.0,85.0
45885,144.9,6.90,25.05,0.1728,5.78,746.0,85.0
45891,144.9,6.90,25.05,0.1728,5.78,746.0,85.0
45898,144.9,6.90,25.05,0.1728,5.78,746.0,85.0
45905,140.8,7.10,25.05,0.1779,5.62,746.0,85.0
45912,149.3,6.70,25.05,0.1678,5.96,746.0,85.0
45919,140.8,7.10,25.05,0.1779,5.62,746.0,85.0
45926,142.9,7.00,25.05,0.1754,5.70,746.0,85.0
45933,144.9,6.90,25.05,0.1728,5.78,746.0,85.0
45940,144.9,6.90,25.05,0.1728,5.78,746.0,85.0
45947,144.9,6.90,25.05,0.1728,5.78,746.0,85.0
45954,144.9,6.90,25.05,0.1728,5.78,746.0,85.0
45961,142.9,7.00,25.05,0.1754,5.70,746.0,85.0
45968,142.9,7.00,25.05,0.1754,5.70,746.0,85.0
45975,147.1,6.80,25.05,0.1703,5.87,746.0,85.0
45982,140.8,7.10,25.05,0.1779,5.62,746.0,85.0
45989,142.9,7.00,25.05,0.1754,5.70,746.0,85.0
45996,142.9,7.00,25.05,0.1754,5.70,746.0,85.0
46003,147.1,6.80,25.05,0.1703,5.87,746.0,85.0
46009,144.9,6.90,25.05,0.1728,5.78,746.0,85.0
46016,142.9,7.00,25.05,0.1754,5.70,746.0,85.0
46023,144.9,6.90,25.05,0.1728,5.78,746.0,85.0
46030,142.9,7.00,25.05,0.1754,5.70,746.0,85.0
46037,144.9,6.90,25.05,0.1728,5.78,746.0,85.0
46044,142.9,7.00,25.05,0.1754,5.70,746.0,85.0
46051,147.1,6.80,25.05,0.1703,5.87,746.0,85.0
46058,142.9,7.00,25.05,0.1754,5.70,746.0,85.0
46065,140.8,7.10,25.05,0.1779,5.62,746.0,85.0
46072,144.9,6.90,25.05,0.1728,5.78,746.0,85.0
46079,144.9,6.90,25.05,0.1728,5.78,746.0,85.0
46086,144.9,6.90,25.05,0.1728,5.78,746.0,85.0
46093,142.9,7.00,25.05,0.1754,5.70,746.0,85.0
46100,142.9,7.00,25.05,0.1754,5.70,746.0,85.0
46107,144.9,6.90,25.05,0.1728,5.78,746.0,85.0
46114,144.9,6.90,25.05,0.1728,5.78,746.0,85.0
46121,142.9,7.00,25.05,0.1754,5.70,746.0,85.0
46128,144.9,6.90,25.05,0.1728,5.78,746.0,85.0
46135,142.9,7.00,25.05,0.1754,5.70,746.0,85.0
46141,144.9,6.90,25.05,0.1728,5.78,746.0,85.0
46148,142.9,7.00,25.05,0.1754,5.70,746.0,85.0
46155,144.9,6.90,25.05,0.1728,5.78,746.0,85.0
46162,144.9,6.90,25.05,0.1728,5.78,746.0,85.0
46169,140.8,7.10,25.05,0.1779,5.62,746.0,85.0
46176,144.9,6.90,25.05,0.1728,5.78,746.0,85.0
46183,142.9,7.00,25.05,0.1754,5.70,746.0,85.0
46190,147.1,6.80,25.05,0.1703,5.87,746.0,85.0
46197,144.9,6.90,25.05,0.1728,5.78,746.0,85.1
46204,144.9,6.90,25.05,0.1728,5.78,746.0,85.2
46211,142.9,7.00,25.05,0.1753,5.71,746.0,85.2
46218,142.9,7.00,25.05,0.1753,5.71,746.0,85.3
46225,144.9,6.90,25.05,0.1728,5.79,746.0,85.3
46232,144.9,6.90,25.05,0.1728,5.79,746.0,85.4
46239,142.9,7.00,25.05,0.1753,5.71,746.0,85.5
46246,144.9,6.90,25.04,0.1728,5.79,746.0,85.5
46252,144.9,6.90,25.04,0.1728,5.79,746.0,85.6
46259,142.9,7.00,25.04,0.1753,5.71,746.0,85.7
46266,147.1,6.80,25.04,0.1703,5.87,746.0,85.7
46273,140.8,7.10,25.04,0.1778,5.62,746.0,85.8
46280,142.9,7.00,25.04,0.1753,5.71,746.0,85.9
46287,144.9,6.90,25.04,0.1728,5.79,746.0,85.9
46294,140.8,7.10,25.04,0.1778,5.62,746.0,86.0
46301,149.3,6.70,25.04,0.1678,5.96,746.0,86.0
46308,142.9,7.00,25.04,0.1753,5.71,746.0,86.0
46315,142.9,7.00,25.04,0.1753,5.71,746.0,86.0
46322,142.9,7.00,25.04,0.1753,5.71,746.0,86.0
46329,147.1,6.80,25.04,0.1703,5.87,746.0,86.0
46336,140.8,7.10,25.04,0.1778,5.62,746.0,86.0
46343,144.9,6.90,25.04,0.1728,5.79,746.0,86.0
46350,142.9,7.00,25.04,0.1753,5.71,746.0,86.0
46357,147.1,6.80,25.04,0.1703,5.87,746.0,86.0
46364,137.0,7.30,25.04,0.1828,5.47,746.0,86.0
46371,149.3,6.70,25.04,0.1678,5.96,746.0,86.0
46377,147.1,6.80,25.04,0.1703,5.87,746.0,86.0
46385,140.8,7.10,25.04,0.1778,5.62,746.0,86.0
46391,144.9,6.90,25.04,0.1728,5.79,746.0,86.0
46398,144.9,6.90,25.04,0.1728,5.79,746.0,86.0
46405,142.9,7.00,25.04,0.1753,5.71,746.0,86.0
46412,144.9,6.90,25.04,0.1728,5.79,746.0,86.0
46419,147.1,6.80,25.04,0.1703,5.87,746.0,86.0
46426,140.8,7.10,25.04,0.1778,5.62,746.0,86.0
46433,144.9,6.90,25.04,0.1728,5.79,746.0,86.0
46440,144.9,6.90,25.04,0.1728,5.79,746.0,86.0
46447,142.9,7.00,25.04,0.1753,5.71,746.0,86.0
46454,142.9,7.00,25.04,0.1753,5.71,746.0,86.0
46461,142.9,7.00,25.04,0.1753,5.71,746.0,86.0
46468,142.9,7.00,25.04,0.1753,5.71,746.0,86.0
46475,144.9,6.90,25.04,0.1728,5.79,746.0,86.0
46482,144.9,6.90,25.04,0.1728,5.79,746.0,86.0
46489,142.9,7.00,25.04,0.1753,5.71,746.0,86.0
46496,147.1,6.80,25.04,0.1703,5.87,746.0,86.0
46503,142.9,7.00,25.04,0.1753,5.71,746.0,86.0
46510,142.9,7.00,25.04,0.1753,5.71,746.0,86.0
46516,144.9,6.90,25.04,0.1728,5.79,746.0,86.0
46523,142.9,7.00,25.04,0.1753,5.71,746.0,86.0
46530,144.9,6.90,25.04,0.1728,5.79,746.0,86.0
46537,144.9,6.90,25.04,0.1728,5.79,746.0,86.0
46544,144.9,6.90,25.04,0.1728,5.79,746.0,86.0
46551,144.9,6.90,25.04,0.1728,5.79,746.0,86.0
46558,142.9,7.00,25.04,0.1753,5.71,746.0,86.0
46565,144.9,6.90,25.04,0.1728,5.79,746.0,86.0
46572,140.8,7.10,25.04,0.1778,5.62,746.0,86.0
46579,144.9,6.90,25.04,0.1728,5.79,746.0,86.0
46586,144.9,6.90,25.04,0.1728,5.79,746.0,86.0
46593,144.9,6.90,25.04,0.1728,5.79,746.0,86.0
46600,142.9,7.00,25.04,0.1753,5.71,746.0,86.0
46607,144.9,6.90,25.04,0.1728,5.79,746.0,86.0
46614,142.9,7.00,25.04,0.1753,5.71,746.0,86.0
46621,142.9,7.00,25.04,0.1753,5.71,746.0,86.0
46628,142.9,7.00,25.04,0.1753,5.71,746.0,86.0
46634,147.1,6.80,25.04,0.1703,5.87,746.0,86.0
46641,144.9,6.90,25.04,0.1728,5.79,746.0,86.0
46648,140.8,7.10,25.04,0.1778,5.62,746.0,86.0
46655,144.9,6.90,25.04,0.1728,5.79,746.0,86.0
46662,142.9,7.00,25.04,0.1753,5.71,746.0,86.0
46669,144.9,6.90,25.04,0.1728,5.79,746.0,86.0
46676,144.9,6.90,25.04,0.1728,5.79,746.0,86.0
46683,142.9,7.00,25.04,0.1753,5.71,746.0,86.0
46690,147.1,6.80,25.04,0.1703,5.87,746.0,86.0
46697,140.8,7.10,25.04,0.1778,5.62,746.0,86.0
46704,144.9,6.90,25.04,0.1728,5.79,746.0,86.0
46711,147.1,6.80,25.04,0.1703,5.87,746.0,86.0
46718,140.8,7.10,25.04,0.1778,5.62,746.0,86.0
46725,144.9,6.90,25.04,0.1728,5.79,746.0,86.0
46732,142.9,7.00,25.04,0.1753,5.71,746.0,86.0
46739,144.9,6.90,25.04,0.1728,5.79,746.0,86.0
46745,147.1,6.80,25.04,0.1703,5.88,746.0,86.0
46753,138.9,7.20,25.04,0.1803,5.55,746.0,86.0
46759,149.3,6.70,25.03,0.1677,5.96,746.0,86.0
46766,140.8,7.10,25.03,0.1777,5.62,746.0,86.0
46773,147.1,6.80,25.03,0.1702,5.88,746.0,86.0
46780,140.8,7.10,25.03,0.1777,5.63,746.0,86.0
46787,144.9,6.90,25.03,0.1727,5.79,746.0,86.0
46794,142.9,7.00,25.02,0.1752,5.71,746.0,86.0
46801,142.9,7.00,25.02,0.1752,5.71,746.0,86.0
46808,147.1,6.80,25.02,0.1701,5.88,746.0,86.0
46815,144.9,6.90,25.02,0.1726,5.79,746.0,86.0
46822,142.9,7.00,25.02,0.1751,5.71,746.0,86.0
46829,142.9,7.00,25.01,0.1751,5.71,746.0,86.0
46836,144.9,6.90,25.01,0.1726,5.79,746.0,86.0
46843,142.9,7.00,25.01,0.1751,5.71,746.0,86.0
46850,142.9,7.00,25.01,0.1751,5.71,746.0,86.0
46857,142.9,7.00,25.01,0.1751,5.71,746.0,86.0
46864,147.1,6.80,25.01,0.1701,5.88,746.0,86.0
46871,142.9,7.00,25.01,0.1751,5.71,746.0,86.0
46878,142.9,7.00,25.01,0.1751,5.71,746.0,86.0
46884,147.1,6.80,25.01,0.1701,5.88,746.0,86.0
46891,142.9,7.00,25.01,0.1751,5.71,746.0,86.0
46898,144.9,6.90,25.01,0.1726,5.79,746.0,86.0
46905,144.9,6.90,25.01,0.1726,5.79,746.0,86.0
46912,140.8,7.10,25.01,0.1776,5.63,746.0,86.0
46919,144.9,6.90,25.01,0.1726,5.79,746.0,86.0
46926,147.1,6.80,25.01,0.1701,5.88,746.0,86.0
46933,140.8,7.10,25.01,0.1776,5.63,746.0,86.0
46940,144.9,6.90,25.01,0.1726,5.79,746.0,86.0
46947,147.1,6.80,25.01,0.1701,5.88,746.0,86.0
46954,140.8,7.10,25.01,0.1776,5.63,746.0,86.0
46961,147.1,6.80,25.01,0.1701,5.88,746.0,86.0
46968,140.8,7.10,25.01,0.1776,5.63,746.0,86.0
46975,144.9,6.90,25.01,0.1726,5.79,746.0,86.0
46982,144.9,6.90,25.01,0.1726,5.79,746.0,86.0
46989,142.9,7.00,25.01,0.1751,5.71,746.0,86.0
46996,142.9,7.00,25.01,0.1751,5.71,746.0,86.0
47003,144.9,6.90,25.01,0.1726,5.79,746.0,86.0
47009,144.9,6.90,25.01,0.1726,5.79,746.0,86.0
47016,144.9,6.90,25.01,0.1726,5.79,746.0,86.0
47023,142.9,7.00,25.01,0.1751,5.71,746.0,86.0
47030,142.9,7.00,25.01,0.1751,5.71,746.0,86.0
47037,144.9,6.90,25.01,0.1726,5.79,746.0,86.0
47044,142.9,7.00,25.01,0.1751,5.71,746.0,86.0
47051,144.9,6.90,25.01,0.1726,5.79,746.0,86.0
47058,144.9,6.90,25.01,0.1726,5.79,746.0,86.0
47065,142.9,7.00,25.01,0.1751,5.71,746.0,86.0
47072,144.9,6.90,25.01,0.1726,5.79,746.0,86.0
47079,144.9,6.90,25.01,0.1726,5.79,746.0,86.0
47086,140.8,7.10,25.01,0.1776,5.63,746.0,86.0
47093,144.9,6.90,25.01,0.1726,5.79,746.0,86.0
47100,144.9,6.90,25.01,0.1726,5.79,746.0,86.0
47107,144.9,6.90,25.01,0.1726,5.79,746.0,86.0
47114,142.9,7.00,25.01,0.1751,5.71,746.0,86.0
47121,142.9,7.00,25.01,0.1751,5.71,746.0,86.0
47127,147.1,6.80,25.01,0.1701,5.88,746.0,86.0
47134,142.9,7.00,25.01,0.1751,5.71,746.0,86.0
47141,144.9,6.90,25.01,0.1726,5.79,746.0,86.0
47148,144.9,6.90,25.01,0.1726,5.79,746.0,86.0
47155,142.9,7.00,25.01,0.1751,5.71,746.0,86.0
47162,140.8,7.10,25.01,0.1776,5.63,746.0,86.0
47169,144.9,6.90,25.01,0.1726,5.79,746.0,86.0
47176,144.9,6.90,25.01,0.1726,5.79,746.0,86.0
47183,140.8,7.10,25.01,0.1776,5.63,746.0,86.0
47190,147.1,6.80,25.01,0.1701,5.88,746.0,85.9
47197,144.9,6.90,25.02,0.1726,5.79,746.0,85.8
47204,140.8,7.10,25.02,0.1776,5.63,746.0,85.8
47211,149.3,6.70,25.02,0.1676,5.97,746.0,85.7
47218,142.9,7.00,25.02,0.1752,5.71,746.0,85.6
47225,144.9,6.90,25.03,0.1727,5.79,746.0,85.6
47232,142.9,7.00,25.03,0.1752,5.71,746.0,85.5
47239,142.9,7.00,25.03,0.1752,5.71,746.0,85.5
47246,144.9,6.90,25.03,0.1727,5.79,746.0,85.4
47252,144.9,6.90,25.04,0.1728,5.79,746.0,85.3
47259,142.9,7.00,25.04,0.1753,5.71,746.0,85.3
47266,142.9,7.00,25.04,0.1753,5.71,746.0,85.2
47273,142.9,7.00,25.04,0.1753,5.71,746.0,85.1
47280,147.1,6.80,25.05,0.1703,5.87,746.0,85.1
47287,140.8,7.10,25.05,0.1778,5.62,746.0,85.0
47294,147.1,6.80,25.05,0.1703,5.87,746.0,85.0
47301,140.8,7.10,25.05,0.1779,5.62,746.0,85.0
47308,147.1,6.80,25.05,0.1703,5.87,746.0,85.0
47315,142.9,7.00,25.05,0.1754,5.70,746.0,85.0
47322,144.9,6.90,25.05,0.1728,5.78,746.0,85.0
47329,142.9,7.00,25.05,0.1754,5.70,746.0,85.0
47336,144.9,6.90,25.05,0.1728,5.78,746.0,85.0
47343,144.9,6.90,25.05,0.1728,5.78,746.0,85.0
47350,144.9,6.90,25.05,0.1728,5.78,746.0,85.0
47357,142.9,7.00,25.05,0.1754,5.70,746.0,85.0
47364,142.9,7.00,25.05,0.1754,5.70,746.0,85.0
47371,144.9,6.90,25.05,0.1728,5.78,746.0,85.0
47377,144.9,6.90,25.05,0.1728,5.78,746.0,85.0
47384,142.9,7.00,25.05,0.1754,5.70,746.0,85.0
47391,142.9,7.00,25.05,0.1754,5.70,746.0,85.0
47398,144.9,6.90,25.05,0.1728,5.78,746.0,85.0
47405,144.9,6.90,25.05,0.1728,5.78,746.0,85.0
47412,144.9,6.90,25.05,0.1728,5.78,746.0,85.0
47419,140.8,7.10,25.05,0.1779,5.62,746.0,85.0
47426,144.9,6.90,25.05,0.1728,5.78,746.0,85.0
47433,144.9,6.90,25.05,0.1728,5.78,746.0,85.0
47440,142.9,7.00,25.05,0.1754,5.70,746.0,85.0
47447,147.1,6.80,25.05,0.1703,5.87,746.0,85.0
47454,140.8,7.10,25.05,0.1779,5.62,746.0,85.0
47461,147.1,6.80,25.05,0.1703,5.87,746.0,85.0
47468,144.9,6.90,25.05,0.1728,5.78,746.0,85.0
47475,142.9,7.00,25.05,0.1754,5.70,746.0,85.0
47482,144.9,6.90,25.05,0.1728,5.78,746.0,85.0
47489,140.8,7.10,25.05,0.1779,5.62,746.0,85.0
47496,144.9,6.90,25.05,0.1728,5.78,746.0,85.0
47502,144.9,6.90,25.05,0.1728,5.78,746.0,85.0
47509,142.9,7.00,25.05,0.1754,5.70,746.0,85.0
47516,144.9,6.90,25.05,0.1728,5.78,746.0,85.0
47523,144.9,6.90,25.05,0.1728,5.78,746.0,85.0
47530,142.9,7.00,25.05,0.1754,5.70,746.0,85.0
47537,142.9,7.00,25.05,0.1754,5.70,746.0,85.0
47544,144.9,6.90,25.05,0.1728,5.78,746.0,85.0
47551,142.9,7.00,25.05,0.1754,5.70,746.0,85.0
47558,140.8,7.10,25.05,0.1779,5.62,746.0,85.0
47565,147.1,6.80,25.05,0.1703,5.87,746.0,85.0
47572,144.9,6.90,25.05,0.1728,5.78,746.0,85.0
47579,142.9,7.00,25.05,0.1754,5.70,746.0,85.0
47586,147.1,6.80,25.05,0.1703,5.87,746.0,85.0
47593,138.9,7.20,25.05,0.1804,5.54,746.0,85.0
47600,147.1,6.80,25.05,0.1703,5.87,746.0,85.0
47607,147.1,6.80,25.05,0.1703,5.87,746.0,85.0
47614,140.8,7.10,25.05,0.1779,5.62,746.0,85.0
47621,144.9,6.90,25.05,0.1728,5.78,746.0,85.0
47627,144.9,6.90,25.05,0.1728,5.78,746.0,85.0
47635,140.8,7.10,25.05,0.1779,5.62,746.0,85.0
47641,147.1,6.80,25.05,0.1703,5.87,746.0,85.0
47648,142.9,7.00,25.05,0.1754,5.70,746.0,85.0
47655,147.1,6.80,25.05,0.1703,5.87,746.0,85.0
47662,138.9,7.20,25.05,0.1804,5.54,746.0,85.0
47669,144.9,6.90,25.05,0.1728,5.78,746.0,85.0
47676,144.9,6.90,25.05,0.1728,5.78,746.0,85.0
47683,142.9,7.00,25.05,0.1754,5.70,746.0,85.0
47690,144.9,6.90,25.05,0.1728,5.78,746.0,85.0
47697,144.9,6.90,25.05,0.1728,5.78,746.0,85.0
47704,142.9,7.00,25.05,0.1754,5.70,746.0,85.0
47711,144.9,6.90,25.05,0.1728,5.78,746.0,85.0
47718,144.9,6.90,25.05,0.1728,5.78,746.0,85.0
47725,142.9,7.00,25.05,0.1754,5.70,746.0,85.0
47732,142.9,7.00,25.05,0.1754,5.70,746.0,85.0
47739,144.9,6.90,25.06,0.1729,5.78,746.0,85.1
47746,144.9,6.90,25.06,0.1729,5.78,746.0,85.2
47752,147.1,6.80,25.07,0.1705,5.87,746.0,85.2
47759,140.8,7.10,25.08,0.1780,5.61,746.0,85.3
47766,142.9,7.00,25.08,0.1756,5.70,746.0,85.4
47773,144.9,6.90,25.09,0.1731,5.78,746.0,85.4
47780,144.9,6.90,25.09,0.1731,5.77,746.0,85.5
47787,142.9,7.00,25.10,0.1757,5.69,746.0,85.5
47794,142.9,7.00,25.10,0.1757,5.69,746.0,85.6
47801,144.9,6.90,25.11,0.1733,5.77,746.0,85.7
47808,144.9,6.90,25.12,0.1733,5.77,746.0,85.7
47815,140.8,7.10,25.12,0.1784,5.60,746.0,85.8
47822,147.1,6.80,25.13,0.1709,5.85,746.0,85.9
47829,144.9,6.90,25.13,0.1734,5.77,746.0,85.9
47836,142.9,7.00,25.14,0.1760,5.68,746.0,86.0
47843,142.9,7.00,25.14,0.1760,5.68,746.0,86.0
47850,142.9,7.00,25.14,0.1760,5.68,746.0,86.0
47857,147.1,6.80,25.14,0.1710,5.85,746.0,86.0
47864,144.9,6.90,25.14,0.1735,5.76,746.0,86.0
47870,144.9,6.90,25.14,0.1735,5.76,746.0,86.0
47878,140.8,7.10,25.14,0.1785,5.60,746.0,86.0
47885,142.9,7.00,25.14,0.1760,5.68,746.0,86.0
47891,147.1,6.80,25.14,0.1710,5.85,746.0,86.0
47898,142.9,7.00,25.14,0.1760,5.68,746.0,86.0
47905,144.9,6.90,25.14,0.1735,5.76,746.0,86.0
47912,140.8,7.10,25.14,0.1785,5.60,746.0,86.0
47919,147.1,6.80,25.14,0.1710,5.85,746.0,86.0
47926,142.9,7.00,25.14,0.1760,5.68,746.0,86.0
47933,144.9,6.90,25.14,0.1735,5.76,746.0,86.0
47940,142.9,7.00,25.14,0.1760,5.68,746.0,86.0
47947,147.1,6.80,25.14,0.1710,5.85,746.0,86.0
47954,140.8,7.10,25.14,0.1785,5.60,746.0,86.0
47961,144.9,6.90,25.14,0.1735,5.76,746.0,86.0
47968,142.9,7.00,25.14,0.1760,5.68,746.0,86.0
47975,144.9,6.90,25.14,0.1735,5.76,746.0,86.0
47982,142.9,7.00,25.14,0.1760,5.68,746.0,86.0
47989,144.9,6.90,25.14,0.1735,5.76,746.0,86.0
47996,144.9,6.90,25.14,0.1735,5.76,746.0,86.0
48003,142.9,7.00,25.14,0.1760,5.68,746.0,86.0
48009,147.1,6.80,25.14,0.1710,5.85,746.0,86.0
48016,142.9,7.00,25.14,0.1760,5.68,746.0,86.0
48023,140.8,7.10,25.14,0.1785,5.60,746.0,86.0
48030,144.9,6.90,25.14,0.1735,5.76,746.0,86.0
48037,144.9,6.90,25.14,0.1735,5.76,746.0,86.0
48044,144.9,6.90,25.14,0.1735,5.76,746.0,86.0
48051,140.8,7.10,25.14,0.1785,5.60,746.0,86.0
48058,149.3,6.70,25.14,0.1684,5.94,746.0,86.0
48065,142.9,7.00,25.14,0.1760,5.68,746.0,86.0
48072,142.9,7.00,25.14,0.1760,5.68,746.0,86.0
48079,144.9,6.90,25.14,0.1735,5.76,746.0,86.0
48086,142.9,7.00,25.14,0.1760,5.68,746.0,86.0
48093,144.9,6.90,25.14,0.1735,5.76,746.0,86.0
48100,140.8,7.10,25.14,0.1785,5.60,746.0,86.0
48107,144.9,6.90,25.14,0.1735,5.76,746.0,86.0
48114,147.1,6.80,25.14,0.1710,5.85,746.0,86.0
48121,142.9,7.00,25.14,0.1760,5.68,746.0,86.0
48127,144.9,6.90,25.14,0.1735,5.76,746.0,86.0
48134,142.9,7.00,25.14,0.1760,5.68,746.0,86.0
48141,144.9,6.90,25.14,0.1735,5.76,746.0,86.0
48148,142.9,7.00,25.14,0.1760,5.68,746.0,86.0
48155,144.9,6.90,25.14,0.1735,5.76,746.0,86.0
48162,144.9,6.90,25.14,0.1735,5.76,746.0,86.0
48169,142.9,7.00,25.14,0.1760,5.68,746.0,86.0
48176,142.9,7.00,25.14,0.1760,5.68,746.0,86.0
48183,144.9,6.90,25.14,0.1735,5.76,746.0,86.0
48190,142.9,7.00,25.14,0.1760,5.68,746.0,86.0
48197,147.1,6.80,25.14,0.1710,5.85,746.0,86.0
48204,142.9,7.00,25.14,0.1760,5.68,746.0,86.0
48211,144.9,6.90,25.14,0.1735,5.76,746.0,86.0
48218,142.9,7.00,25.14,0.1760,5.68,746.0,86.0
48225,144.9,6.90,25.14,0.1735,5.76,746.0,86.0
48232,142.9,7.00,25.14,0.1760,5.68,746.0,86.0
48239,142.9,7.00,25.14,0.1760,5.68,746.0,86.0
48246,144.9,6.90,25.14,0.1735,5.76,746.0,86.0
48252,144.9,6.90,25.14,0.1735,5.76,746.0,86.0
48259,144.9,6.90,25.14,0.1735,5.76,746.0,86.0
48266,142.9,7.00,25.14,0.1760,5.68,746.0,86.0
48273,140.8,7.10,25.14,0.1785,5.60,746.0,86.0
48280,147.1,6.80,25.14,0.1709,5.85,746.0,86.0
48287,144.9,6.90,25.14,0.1734,5.76,746.0,86.0
48294,142.9,7.00,25.13,0.1759,5.69,746.0,86.0
48301,144.9,6.90,25.13,0.1734,5.77,746.0,86.0
48308,142.9,7.00,25.13,0.1759,5.69,746.0,86.0
48315,144.9,6.90,25.13,0.1734,5.77,746.0,86.0
48322,142.9,7.00,25.13,0.1759,5.69,746.0,86.0
48329,144.9,6.90,25.13,0.1734,5.77,746.0,86.0
48336,144.9,6.90,25.12,0.1734,5.77,746.0,86.0
48343,142.9,7.00,25.12,0.1759,5.69,746.0,86.0
48350,144.9,6.90,25.12,0.1733,5.77,746.0,86.0
48357,144.9,6.90,25.12,0.1733,5.77,746.0,86.0
48364,138.9,7.20,25.12,0.1808,5.53,746.0,86.0
48371,147.1,6.80,25.11,0.1708,5.86,746.0,86.0
48377,144.9,6.90,25.11,0.1733,5.77,746.0,86.0
48384,142.9,7.00,25.11,0.1758,5.69,746.0,86.0
48391,142.9,7.00,25.11,0.1758,5.69,746.0,86.0
48398,144.9,6.90,25.11,0.1733,5.77,746.0,86.0
48405,142.9,7.00,25.11,0.1758,5.69,746.0,86.0
48412,144.9,6.90,25.11,0.1733,5.77,746.0,86.0
48419,142.9,7.00,25.11,0.1758,5.69,746.0,86.0
48426,144.9,6.90,25.11,0.1733,5.77,746.0,86.0
48433,147.1,6.80,25.11,0.1707,5.86,746.0,86.0
48440,140.8,7.10,25.11,0.1783,5.61,746.0,86.0
48447,142.9,7.00,25.11,0.1758,5.69,746.0,86.0
48454,144.9,6.90,25.11,0.1733,5.77,746.0,86.0
48461,144.9,6.90,25.11,0.1733,5.77,746.0,86.0
48468,144.9,6.90,25.11,0.1733,5.77,746.0,86.0
48475,140.8,7.10,25.11,0.1783,5.61,746.0,86.0
48482,147.1,6.80,25.11,0.1707,5.86,746.0,86.0
48489,142.9,7.00,25.11,0.1758,5.69,746.0,86.0
48495,147.1,6.80,25.11,0.1707,5.86,746.0,86.0
48503,140.8,7.10,25.11,0.1783,5.61,746.0,86.0
48509,147.1,6.80,25.11,0.1707,5.86,746.0,86.0
48516,142.9,7.00,25.11,0.1758,5.69,746.0,86.0
48523,142.9,7.00,25.11,0.1758,5.69,746.0,86.0
48530,144.9,6.90,25.11,0.1733,5.77,746.0,86.0
48537,144.9,6.90,25.11,0.1733,5.77,746.0,86.0
48544,144.9,6.90,25.11,0.1733,5.77,746.0,86.0
48551,144.9,6.90,25.11,0.1733,5.77,746.0,86.0
48558,144.9,6.90,25.11,0.1733,5.77,746.0,86.0
48565,140.8,7.10,25.11,0.1783,5.61,746.0,86.0
48572,147.1,6.80,25.11,0.1707,5.86,746.0,86.0
48579,142.9,7.00,25.11,0.1758,5.69,746.0,86.0
48586,142.9,7.00,25.11,0.1758,5.69,746.0,86.0
48593,142.9,7.00,25.11,0.1758,5.69,746.0,86.0
48600,149.3,6.70,25.11,0.1682,5.95,746.0,86.0
48607,138.9,7.20,25.11,0.1808,5.53,746.0,86.0
48614,144.9,6.90,25.11,0.1733,5.77,746.0,86.0
48620,147.1,6.80,25.11,0.1707,5.86,746.0,86.0
48627,144.9,6.90,25.11,0.1733,5.77,746.0,86.0
48634,140.8,7.10,25.11,0.1783,5.61,746.0,86.0
48641,144.9,6.90,25.11,0.1733,5.77,746.0,86.0
48648,142.9,7.00,25.11,0.1758,5.69,746.0,86.0
48655,144.9,6.90,25.11,0.1733,5.77,746.0,86.0
48662,140.8,7.10,25.11,0.1783,5.61,746.0,86.0
48669,144.9,6.90,25.11,0.1733,5.77,746.0,86.0
48676,144.9,6.90,25.11,0.1733,5.77,746.0,86.0
48683,142.9,7.00,25.11,0.1758,5.69,746.0,86.0
48690,147.1,6.80,25.11,0.1707,5.86,746.0,86.0
48697,142.9,7.00,25.11,0.1758,5.69,746.0,86.0
48704,144.9,6.90,25.11,0.1733,5.77,746.0,86.0
48711,142.9,7.00,25.11,0.1758,5.69,746.0,86.0
48718,144.9,6.90,25.11,0.1732,5.77,746.0,86.0
48725,142.9,7.00,25.10,0.1757,5.69,746.0,86.0
48732,144.9,6.90,25.10,0.1732,5.77,746.0,86.0
48739,140.8,7.10,25.10,0.1782,5.61,746.0,86.0
48746,147.1,6.80,25.09,0.1706,5.86,746.0,86.0
48752,144.9,6.90,25.09,0.1731,5.78,746.0,86.0
48759,144.9,6.90,25.09,0.1731,5.78,746.0,86.0
48766,140.8,7.10,25.08,0.1781,5.61,746.0,86.0
48773,144.9,6.90,25.08,0.1730,5.78,746.0,86.0
48780,144.9,6.90,25.07,0.1730,5.78,746.0,86.0
48787,142.9,7.00,25.07,0.1755,5.70,746.0,86.0
48794,144.9,6.90,25.07,0.1730,5.78,746.0,86.0
48801,147.1,6.80,25.06,0.1704,5.87,746.0,86.0
48808,140.8,7.10,25.06,0.1779,5.62,746.0,86.0
48815,144.9,6.90,25.05,0.1729,5.78,746.0,86.0
48822,142.9,7.00,25.05,0.1754,5.70,746.0,86.0
48829,147.1,6.80,25.05,0.1703,5.87,746.0,86.0
48836,142.9,7.00,25.05,0.1754,5.70,746.0,86.0
48843,142.9,7.00,25.05,0.1754,5.70,746.0,86.0
48850,142.9,7.00,25.05,0.1754,5.70,746.0,86.0
48857,144.9,6.90,25.05,0.1728,5.78,746.0,86.0
48864,142.9,7.00,25.05,0.1754,5.70,746.0,86.0
48870,147.1,6.80,25.05,0.1703,5.87,746.0,86.0
48878,140.8,7.10,25.05,0.1779,5.62,746.0,86.0
48885,142.9,7.00,25.05,0.1754,5.70,746.0,86.0
48891,144.9,6.90,25.05,0.1728,5.78,746.0,86.0
48898,144.9,6.90,25.05,0.1728,5.78,746.0,86.0
48905,144.9,6.90,25.05,0.1728,5.78,746.0,86.0
48912,142.9,7.00,25.05,0.1754,5.70,746.0,86.0
48919,142.9,7.00,25.05,0.1754,5.70,746.0,86.0
48926,144.9,6.90,25.05,0.1728,5.78,746.0,86.0
48933,144.9,6.90,25.05,0.1728,5.78,746.0,86.0
48940,142.9,7.00,25.05,0.1754,5.70,746.0,86.0
48947,142.9,7.00,25.05,0.1754,5.70,746.0,86.0
48954,142.9,7.00,25.05,0.1754,5.70,746.0,86.0
48961,147.1,6.80,25.05,0.1703,5.87,746.0,86.0
48968,142.9,7.00,25.05,0.1754,5.70,746.0,86.0
48975,144.9,6.90,25.05,0.1728,5.78,746.0,86.0
48982,142.9,7.00,25.05,0.1754,5.70,746.0,86.0
48989,142.9,7.00,25.05,0.1754,5.70,746.0,86.0
48996,144.9,6.90,25.05,0.1728,5.78,746.0,86.0
49003,144.9,6.90,25.05,0.1728,5.78,746.0,86.0
49010,142.9,7.00,25.05,0.1754,5.70,746.0,86.0
49016,147.1,6.80,25.05,0.1703,5.87,746.0,86.0
49023,140.8,7.10,25.05,0.1779,5.62,746.0,86.0
49030,144.9,6.90,25.05,0.1728,5.78,746.0,86.0
49037,142.9,7.00,25.05,0.1754,5.70,746.0,86.0
49044,149.3,6.70,25.05,0.1678,5.96,746.0,86.0
49051,140.8,7.10,25.05,0.1779,5.62,746.0,86.0
49058,142.9,7.00,25.05,0.1754,5.70,746.0,86.0
49065,144.9,6.90,25.05,0.1728,5.78,746.0,86.0
49072,144.9,6.90,25.05,0.1728,5.78,746.0,86.0
49079,140.8,7.10,25.05,0.1779,5.62,746.0,86.0
49086,144.9,6.90,25.05,0.1728,5.78,746.0,86.0
49093,144.9,6.90,25.05,0.1728,5.78,746.0,86.0
49100,144.9,6.90,25.05,0.1728,5.78,746.0,86.0
49107,142.9,7.00,25.05,0.1754,5.70,746.0,86.0
49114,142.9,7.00,25.05,0.1754,5.70,746.0,86.0
49121,144.9,6.90,25.05,0.1728,5.78,746.0,86.0
49128,142.9,7.00,25.05,0.1754,5.70,746.0,86.0
49135,144.9,6.90,25.05,0.1728,5.78,746.0,86.0
49141,144.9,6.90,25.05,0.1728,5.78,746.0,86.0
49148,147.1,6.80,25.05,0.1703,5.87,746.0,86.0
49155,142.9,7.00,25.05,0.1754,5.70,746.0,86.0
49162,144.9,6.90,25.05,0.1728,5.78,746.0,86.0
49169,142.9,7.00,25.05,0.1754,5.70,746.0,86.0
49176,144.9,6.90,25.05,0.1728,5.78,746.0,86.0
49183,140.8,7.10,25.05,0.1779,5.62,746.0,86.0
49190,144.9,6.90,25.05,0.1728,5.78,746.0,86.0
49197,142.9,7.00,25.05,0.1754,5.70,746.0,86.0
49204,144.9,6.90,25.05,0.1728,5.78,746.0,86.0
49211,142.9,7.00,25.05,0.1754,5.70,746.0,86.0
49218,144.9,6.90,25.05,0.1728,5.78,746.0,86.0
49225,142.9,7.00,25.05,0.1754,5.70,746.0,86.0
49232,144.9,6.90,25.05,0.1728,5.78,746.0,86.0
49239,142.9,7.00,25.05,0.1754,5.70,746.0,86.0
49246,144.9,6.90,25.05,0.1728,5.78,746.0,86.0
49253,144.9,6.90,25.05,0.1728,5.78,746.0,86.0
49259,144.9,6.90,25.05,0.1728,5.78,746.0,86.0
49267,140.8,7.10,25.05,0.1779,5.62,746.0,86.0
49273,147.1,6.80,25.05,0.1704,5.87,746.0,86.0
49280,147.1,6.80,25.05,0.1704,5.87,746.0,86.0
49287,140.8,7.10,25.06,0.1779,5.62,746.0,86.0
49294,142.9,7.00,25.06,0.1754,5.70,746.0,86.0
49301,144.9,6.90,25.06,0.1729,5.78,746.0,86.0
49308,142.9,7.00,25.06,0.1754,5.70,746.0,86.0
49315,142.9,7.00,25.06,0.1755,5.70,746.0,86.0
49322,142.9,7.00,25.07,0.1755,5.70,746.0,86.0
49329,144.9,6.90,25.07,0.1730,5.78,746.0,86.0
49336,147.1,6.80,25.07,0.1705,5.87,746.0,86.0
49343,142.9,7.00,25.07,0.1755,5.70,746.0,86.0
49350,144.9,6.90,25.07,0.1730,5.78,746.0,86.0
49357,144.9,6.90,25.08,0.1730,5.78,746.0,86.0
49364,140.8,7.10,25.08,0.1781,5.61,746.0,86.0
49371,147.1,6.80,25.08,0.1705,5.87,746.0,86.0
49378,142.9,7.00,25.08,0.1756,5.70,746.0,86.0
49384,144.9,6.90,25.08,0.1731,5.78,746.0,86.0
49391,144.9,6.90,25.08,0.1731,5.78,746.0,86.0
49398,144.9,6.90,25.08,0.1731,5.78,746.0,86.0
49405,140.8,7.10,25.08,0.1781,5.61,746.0,86.0
49412,147.1,6.80,25.08,0.1705,5.87,746.0,86.0
49419,142.9,7.00,25.08,0.1756,5.70,746.0,86.0
49426,142.9,7.00,25.08,0.1756,5.70,746.0,86.0
49433,144.9,6.90,25.08,0.1731,5.78,746.0,86.0
49440,144.9,6.90,25.08,0.1731,5.78,746.0,86.0
49447,144.9,6.90,25.08,0.1731,5.78,746.0,86.0
49454,140.8,7.10,25.08,0.1781,5.61,746.0,86.0
49461,144.9,6.90,25.08,0.1731,5.78,746.0,86.0
49468,142.9,7.00,25.08,0.1756,5.70,746.0,86.0
49475,147.1,6.80,25.08,0.1705,5.87,746.0,86.0
49482,142.9,7.00,25.08,0.1756,5.70,746.0,86.0
49489,144.9,6.90,25.08,0.1731,5.78,746.0,86.0
49496,142.9,7.00,25.08,0.1756,5.70,746.0,86.0
49503,142.9,7.00,25.08,0.1756,5.70,746.0,86.0
49509,147.1,6.80,25.08,0.1705,5.87,746.0,86.0
49516,142.9,7.00,25.08,0.1756,5.70,746.0,86.0
49523,140.8,7.10,25.08,0.1781,5.61,746.0,86.0
49530,147.1,6.80,25.08,0.1705,5.87,746.0,86.0
49537,142.9,7.00,25.08,0.1756,5.70,746.0,86.0
49544,144.9,6.90,25.08,0.1731,5.78,746.0,86.0
49551,144.9,6.90,25.08,0.1731,5.78,746.0,86.0
49558,140.8,7.10,25.08,0.1781,5.61,746.0,86.0
49565,149.3,6.70,25.08,0.1680,5.95,746.0,86.0
49572,142.9,7.00,25.08,0.1756,5.70,746.0,86.0
49579,142.9,7.00,25.08,0.1756,5.70,746.0,86.0
49586,142.9,7.00,25.08,0.1756,5.70,746.0,86.0
49593,142.9,7.00,25.08,0.1756,5.70,746.0,86.0
49600,147.1,6.80,25.08,0.1705,5.87,746.0,86.0
49607,142.9,7.00,25.08,0.1756,5.70,746.0,86.0
49614,144.9,6.90,25.08,0.1731,5.78,746.0,86.0
49620,144.9,6.90,25.08,0.1731,5.78,746.0,86.0
49628,140.8,7.10,25.08,0.1781,5.61,746.0,86.0
49634,147.1,6.80,25.08,0.1705,5.87,746.0,86.0
49641,142.9,7.00,25.08,0.1756,5.70,746.0,86.0
49648,144.9,6.90,25.08,0.1731,5.78,746.0,86.0
49655,142.9,7.00,25.08,0.1756,5.70,746.0,86.0
49662,147.1,6.80,25.08,0.1705,5.87,746.0,86.0
49669,142.9,7.00,25.08,0.1756,5.70,746.0,86.0
49676,142.9,7.00,25.08,0.1756,5.70,746.0,86.0
49683,142.9,7.00,25.08,0.1756,5.70,746.0,86.0
49690,147.1,6.80,25.08,0.1705,5.87,746.0,86.0
49697,142.9,7.00,25.08,0.1756,5.70,746.0,86.0
49704,144.9,6.90,25.09,0.1731,5.78,746.0,86.0
49711,142.9,7.00,25.09,0.1756,5.69,746.0,86.0
49718,142.9,7.00,25.10,0.1757,5.69,746.0,86.0
49725,144.9,6.90,25.11,0.1732,5.77,746.0,86.0
49732,142.9,7.00,25.11,0.1758,5.69,746.0,86.0
49739,144.9,6.90,25.12,0.1733,5.77,746.0,86.0
49746,140.8,7.10,25.13,0.1784,5.60,746.0,86.0
49752,147.1,6.80,25.13,0.1709,5.85,746.0,86.0
49759,142.9,7.00,25.14,0.1760,5.68,746.0,86.0
49766,142.9,7.00,25.15,0.1760,5.68,746.0,86.0
49773,144.9,6.90,25.16,0.1736,5.76,746.0,86.0
49780,144.9,6.90,25.16,0.1736,5.76,746.0,86.0
49787,147.1,6.80,25.17,0.1712,5.84,746.0,86.0
49794,142.9,7.00,25.18,0.1762,5.68,746.0,86.0
49801,142.9,7.00,25.18,0.1763,5.67,746.0,86.0
49808,147.1,6.80,25.19,0.1713,5.84,746.0,86.0
49815,140.8,7.10,25.19,0.1788,5.59,746.0,86.0
49822,142.9,7.00,25.19,0.1763,5.67,746.0,86.0
49829,144.9,6.90,25.19,0.1738,5.75,746.0,86.0
49836,144.9,6.90,25.19,0.1738,5.75,746.0,86.0
49843,140.8,7.10,25.19,0.1788,5.59,746.0,86.0
49850,147.1,6.80,25.19,0.1713,5.84,746.0,86.0
49857,142.9,7.00,25.19,0.1763,5.67,746.0,86.0
49863,147.1,6.80,25.19,0.1713,5.84,746.0,86.0
49871,140.8,7.10,25.19,0.1788,5.59,746.0,86.0
49877,144.9,6.90,25.19,0.1738,5.75,746.0,86.0
49884,142.9,7.00,25.19,0.1763,5.67,746.0,86.0
49891,144.9,6.90,25.19,0.1738,5.75,746.0,86.0
49898,142.9,7.00,25.19,0.1763,5.67,746.0,86.0
49905,144.9,6.90,25.19,0.1738,5.75,746.0,86.0
49912,142.9,7.00,25.19,0.1763,5.67,746.0,86.0
49919,144.9,6.90,25.19,0.1738,5.75,746.0,86.0
49926,147.1,6.80,25.19,0.1713,5.84,746.0,86.0
49933,142.9,7.00,25.19,0.1763,5.67,746.0,86.0
49940,140.8,7.10,25.19,0.1788,5.59,746.0,86.0
49947,144.9,6.90,25.19,0.1738,5.75,746.0,86.0
49954,144.9,6.90,25.19,0.1738,5.75,746.0,86.0
49961,142.9,7.00,25.19,0.1763,5.67,746.0,86.0
49968,144.9,6.90,25.19,0.1738,5.75,746.0,86.0
49975,142.9,7.00,25.19,0.1763,5.67,746.0,86.0
49982,144.9,6.90,25.19,0.1738,5.75,746.0,86.0
49989,144.9,6.90,25.19,0.1738,5.75,746.0,86.0
49996,140.8,7.10,25.19,0.1788,5.59,746.0,86.0
50002,147.1,6.80,25.19,0.1713,5.84,746.0,86.0
50010,140.8,7.10,25.19,0.1788,5.59,746.0,86.0
50016,147.1,6.80,25.19,0.1713,5.84,746.0,86.0
50023,142.9,7.00,25.19,0.1763,5.67,746.0,86.0
50030,140.8,7.10,25.19,0.1788,5.59,746.0,86.0
50037,147.1,6.80,25.19,0.1713,5.84,746.0,86.0
50044,144.9,6.90,25.19,0.1738,5.75,746.0,86.0
50051,147.1,6.80,25.19,0.1713,5.84,746.0,86.0
50058,140.8,7.10,25.19,0.1788,5.59,746.0,86.0
50065,142.9,7.00,25.19,0.1763,5.67,746.0,86.0
50072,144.9,6.90,25.19,0.1738,5.75,746.0,86.0
50079,142.9,7.00,25.19,0.1763,5.67,746.0,86.0
50086,147.1,6.80,25.19,0.1713,5.84,746.0,86.0
50093,142.9,7.00,25.19,0.1763,5.67,746.0,86.0
50100,144.9,6.90,25.19,0.1738,5.75,746.0,86.0
50107,142.9,7.00,25.19,0.1763,5.67,746.0,86.0
50114,144.9,6.90,25.19,0.1738,5.75,746.0,86.0
50121,140.8,7.10,25.19,0.1788,5.59,746.0,86.0
50128,144.9,6.90,25.19,0.1738,5.75,746.0,86.0
50134,147.1,6.80,25.19,0.1713,5.84,746.0,86.0
50141,142.9,7.00,25.19,0.1763,5.67,746.0,86.0
50148,144.9,6.90,25.19,0.1738,5.75,746.0,86.0
50155,142.9,7.00,25.19,0.1763,5.67,746.0,86.0
50162,144.9,6.90,25.19,0.1738,5.75,746.0,86.0
50169,142.9,7.00,25.19,0.1763,5.67,746.0,86.0
50176,142.9,7.00,25.19,0.1763,5.67,746.0,86.0
50183,144.9,6.90,25.19,0.1738,5.75,746.0,86.0
50190,142.9,7.00,25.19,0.1763,5.67,746.0,86.0
50197,144.9,6.90,25.19,0.1738,5.75,746.0,86.0
50204,144.9,6.90,25.19,0.1738,5.75,746.0,86.0
50211,144.9,6.90,25.19,0.1738,5.75,746.0,86.0
50218,142.9,7.00,25.19,0.1763,5.67,746.0,86.0
50225,144.9,6.90,25.19,0.1738,5.75,746.0,86.0
50232,144.9,6.90,25.19,0.1738,5.75,746.0,86.0
50239,142.9,7.00,25.19,0.1763,5.67,746.0,86.0
50246,142.9,7.00,25.19,0.1763,5.67,746.0,86.0
50253,142.9,7.00,25.20,0.1764,5.67,746.0,86.0
50259,144.9,6.90,25.20,0.1739,5.75,746.0,86.0
50266,147.1,6.80,25.21,0.1714,5.84,746.0,86.0
50273,140.8,7.10,25.22,0.1790,5.58,746.0,86.0
50280,142.9,7.00,25.22,0.1766,5.67,746.0,86.0
50287,147.1,6.80,25.23,0.1716,5.83,746.0,86.0
50294,142.9,7.00,25.23,0.1766,5.66,746.0,86.0
50301,144.9,6.90,25.24,0.1742,5.74,746.0,86.0
50308,140.8,7.10,25.25,0.1793,5.58,746.0,86.0
50315,144.9,6.90,25.25,0.1743,5.74,746.0,86.0
50322,144.9,6.90,25.26,0.1743,5.74,746.0,86.0
50329,144.9,6.90,25.27,0.1743,5.73,746.0,86.0
50336,144.9,6.90,25.27,0.1744,5.73,746.0,86.0
50343,142.9,7.00,25.28,0.1770,5.65,746.0,86.0
50350,142.9,7.00,25.29,0.1770,5.65,746.0,86.0
50357,144.9,6.90,25.29,0.1745,5.73,746.0,86.0
50364,144.9,6.90,25.29,0.1745,5.73,746.0,86.0
50370,144.9,6.90,25.29,0.1745,5.73,746.0,86.0
50377,142.9,7.00,25.29,0.1770,5.65,746.0,86.0
50384,142.9,7.00,25.29,0.1770,5.65,746.0,86.0
50391,147.1,6.80,25.29,0.1720,5.82,746.0,86.0
50398,140.8,7.10,25.29,0.1796,5.57,746.0,86.0
50405,142.9,7.00,25.29,0.1770,5.65,746.0,86.0
50412,144.9,6.90,25.29,0.1745,5.73,746.0,86.0
50419,147.1,6.80,25.29,0.1720,5.82,746.0,86.0
50426,142.9,7.00,25.29,0.1770,5.65,746.0,86.0
50433,142.9,7.00,25.29,0.1770,5.65,746.0,86.0
50440,144.9,6.90,25.29,0.1745,5.73,746.0,86.0
50447,142.9,7.00,25.29,0.1770,5.65,746.0,86.0
50454,144.9,6.90,25.29,0.1745,5.73,746.0,86.0
50461,147.1,6.80,25.29,0.1720,5.82,746.0,86.0
50468,140.8,7.10,25.29,0.1796,5.57,746.0,86.0
50475,142.9,7.00,25.29,0.1770,5.65,746.0,86.0
50481,149.3,6.70,25.29,0.1694,5.90,746.0,86.0
50488,142.9,7.00,25.29,0.1770,5.65,746.0,86.0
50495,142.9,7.00,25.29,0.1770,5.65,746.0,86.0
50502,144.9,6.90,25.29,0.1745,5.73,746.0,86.0
50509,140.8,7.10,25.29,0.1796,5.57,746.0,86.0
50516,144.9,6.90,25.29,0.1745,5.73,746.0,86.0
50523,142.9,7.00,25.29,0.1770,5.65,746.0,86.0
50530,147.1,6.80,25.29,0.1720,5.82,746.0,86.0
50537,142.9,7.00,25.29,0.1770,5.65,746.0,86.0
50544,142.9,7.00,25.29,0.1770,5.65,746.0,86.0
50551,142.9,7.00,25.29,0.1770,5.65,746.0,86.0
50558,147.1,6.80,25.29,0.1720,5.82,746.0,86.0
50565,140.8,7.10,25.29,0.1796,5.57,746.0,86.0
50572,147.1,6.80,25.29,0.1720,5.82,746.0,86.0
50579,138.9,7.20,25.29,0.1821,5.49,746.0,86.0
50586,147.1,6.80,25.29,0.1720,5.82,746.0,86.0
50593,144.9,6.90,25.29,0.1745,5.73,746.0,86.0
50600,142.9,7.00,25.29,0.1770,5.65,746.0,86.0
50607,147.1,6.80,25.29,0.1720,5.82,746.0,86.0
50614,142.9,7.00,25.29,0.1770,5.65,746.0,86.0
50621,140.8,7.10,25.29,0.1796,5.57,746.0,86.0
50628,144.9,6.90,25.29,0.1745,5.73,746.0,86.0
50634,144.9,6.90,25.29,0.1745,5.73,746.0,86.0
50641,142.9,7.00,25.29,0.1770,5.65,746.0,86.0
50648,149.3,6.70,25.29,0.1694,5.90,746.0,86.0
50655,142.9,7.00,25.29,0.1770,5.65,746.0,86.0
50662,140.8,7.10,25.29,0.1796,5.57,746.0,86.0
50669,144.9,6.90,25.29,0.1745,5.73,746.0,86.0
50676,142.9,7.00,25.29,0.1770,5.65,746.0,86.0
50683,144.9,6.90,25.29,0.1745,5.73,746.0,86.0
50690,147.1,6.80,25.30,0.1721,5.81,746.0,86.0
50697,142.9,7.00,25.32,0.1772,5.64,746.0,86.0
50704,142.9,7.00,25.33,0.1773,5.64,746.0,86.0
50711,144.9,6.90,25.34,0.1749,5.72,746.0,86.0
50718,142.9,7.00,25.35,0.1775,5.64,746.0,86.0
50725,144.9,6.90,25.37,0.1750,5.71,746.0,86.0
50732,142.9,7.00,25.38,0.1777,5.63,746.0,86.0
50739,144.9,6.90,25.39,0.1752,5.71,746.0,86.0
50746,142.9,7.00,25.40,0.1778,5.62,746.0,86.0
50752,144.9,6.90,25.42,0.1754,5.70,746.0,86.0
50759,144.9,6.90,25.43,0.1755,5.70,746.0,86.0
50766,142.9,7.00,25.44,0.1781,5.62,746.0,86.0
50773,142.9,7.00,25.45,0.1782,5.61,746.0,86.0
50780,144.9,6.90,25.47,0.1757,5.69,746.0,86.0
50787,142.9,7.00,25.48,0.1784,5.61,746.0,86.0
50794,144.9,6.90,25.49,0.1759,5.68,746.0,86.0
50801,147.1,6.80,25.49,0.1733,5.77,746.0,86.0
50808,140.8,7.10,25.49,0.1810,5.52,746.0,86.0
50815,147.1,6.80,25.49,0.1733,5.77,746.0,86.0
50822,142.9,7.00,25.49,0.1784,5.61,746.0,86.0
50829,140.8,7.10,25.49,0.1810,5.52,746.0,86.0
50836,147.1,6.80,25.49,0.1733,5.77,746.0,86.0
50843,144.9,6.90,25.49,0.1759,5.68,746.0,86.0
50850,142.9,7.00,25.49,0.1784,5.61,746.0,86.0
50857,144.9,6.90,25.49,0.1759,5.68,746.0,86.0
50864,140.8,7.10,25.49,0.1810,5.52,746.0,86.0
50871,144.9,6.90,25.49,0.1759,5.68,746.0,86.0
50877,147.1,6.80,25.49,0.1733,5.77,746.0,86.0
50884,142.9,7.00,25.49,0.1784,5.61,746.0,86.0
50891,144.9,6.90,25.49,0.1759,5.68,746.0,86.0
50898,140.8,7.10,25.49,0.1810,5.52,746.0,86.0
50905,147.1,6.80,25.49,0.1733,5.77,746.0,86.0
50912,140.8,7.10,25.49,0.1810,5.52,746.0,86.0
50919,149.3,6.70,25.49,0.1708,5.86,746.0,86.0
50926,140.8,7.10,25.49,0.1810,5.52,746.0,86.0
50933,147.1,6.80,25.49,0.1733,5.77,746.0,86.0
50940,142.9,7.00,25.49,0.1784,5.61,746.0,86.0
50947,140.8,7.10,25.49,0.1810,5.52,746.0,86.0
50954,144.9,6.90,25.49,0.1759,5.68,746.0,86.0
50961,142.9,7.00,25.49,0.1784,5.61,746.0,86.0
50968,147.1,6.80,25.49,0.1733,5.77,746.0,86.0
50975,142.9,7.00,25.49,0.1784,5.61,746.0,86.0
50982,140.8,7.10,25.49,0.1810,5.52,746.0,86.0
50989,144.9,6.90,25.49,0.1759,5.68,746.0,86.0
50995,147.1,6.80,25.49,0.1733,5.77,746.0,86.0
51003,142.9,7.00,25.49,0.1784,5.61,746.0,86.0
51009,147.1,6.80,25.49,0.1733,5.77,746.0,86.0
51016,142.9,7.00,25.49,0.1784,5.61,746.0,86.0
51023,144.9,6.90,25.49,0.1759,5.68,746.0,86.0
51030,142.9,7.00,25.49,0.1784,5.61,746.0,86.0
51037,144.9,6.90,25.49,0.1759,5.68,746.0,86.0
51044,144.9,6.90,25.49,0.1759,5.68,746.0,86.0
51051,144.9,6.90,25.49,0.1759,5.68,746.0,86.0
51058,140.8,7.10,25.49,0.1810,5.52,746.0,86.0
51065,144.9,6.90,25.49,0.1759,5.68,746.0,86.0
51072,144.9,6.90,25.49,0.1759,5.68,746.0,86.0
51079,142.9,7.00,25.49,0.1784,5.61,746.0,86.0
51086,144.9,6.90,25.49,0.1759,5.68,746.0,86.0
51093,144.9,6.90,25.49,0.1759,5.68,746.0,86.0
51100,144.9,6.90,25.49,0.1759,5.68,746.0,86.0
51107,142.9,7.00,25.49,0.1784,5.61,746.0,86.0
51114,142.9,7.00,25.49,0.1784,5.61,746.0,86.0
51120,144.9,6.90,25.49,0.1759,5.68,746.0,86.0
51128,140.8,7.10,25.49,0.1810,5.52,746.0,86.0
51135,142.9,7.00,25.49,0.1784,5.61,746.0,86.0
51141,147.1,6.80,25.49,0.1733,5.77,746.0,86.0
51148,142.9,7.00,25.49,0.1784,5.61,746.0,86.0
51155,147.1,6.80,25.49,0.1733,5.77,746.0,86.0
51162,144.9,6.90,25.49,0.1759,5.68,746.0,86.0
51169,142.9,7.00,25.49,0.1784,5.61,746.0,86.0
51176,142.9,7.00,25.49,0.1784,5.61,746.0,86.0
51183,140.8,7.10,25.49,0.1810,5.52,746.0,86.0
51190,144.9,6.90,25.49,0.1759,5.68,746.0,86.0
51197,147.1,6.80,25.49,0.1733,5.77,746.0,86.0
51204,142.9,7.00,25.49,0.1784,5.61,746.0,86.0
51211,144.9,6.90,25.49,0.1759,5.68,746.0,86.0
51218,144.9,6.90,25.49,0.1759,5.68,746.0,86.0
51225,142.9,7.00,25.49,0.1784,5.61,746.0,86.0
51232,142.9,7.00,25.49,0.1784,5.61,746.0,86.0
51239,142.9,7.00,25.50,0.1785,5.60,746.0,86.0
51246,144.9,6.90,25.51,0.1760,5.68,746.0,86.0
51252,144.9,6.90,25.52,0.1761,5.68,746.0,86.0
51259,147.1,6.80,25.53,0.1736,5.76,746.0,86.0
51266,138.9,7.20,25.54,0.1839,5.44,746.0,86.0
51273,144.9,6.90,25.55,0.1763,5.67,746.0,86.0
51280,144.9,6.90,25.56,0.1764,5.67,746.0,86.0
51287,144.9,6.90,25.57,0.1764,5.67,746.0,86.0
51294,147.1,6.80,25.58,0.1740,5.75,746.0,86.0
51301,140.8,7.10,25.59,0.1817,5.50,746.0,86.0
51308,142.9,7.00,25.60,0.1792,5.58,746.0,86.0
51315,138.9,7.20,25.61,0.1844,5.42,746.0,86.0
51322,149.3,6.70,25.62,0.1717,5.83,746.0,86.0
51329,142.9,7.00,25.63,0.1794,5.57,746.0,86.0
51336,144.9,6.90,25.64,0.1769,5.65,746.0,86.0
51343,144.9,6.90,25.65,0.1770,5.65,746.0,86.0
51350,144.9,6.90,25.65,0.1770,5.65,746.0,86.0
51357,142.9,7.00,25.65,0.1795,5.57,746.0,86.0
51364,144.9,6.90,25.65,0.1770,5.65,746.0,86.0
51370,147.1,6.80,25.65,0.1744,5.73,746.0,86.0
51377,142.9,7.00,25.65,0.1795,5.57,746.0,86.0
51384,144.9,6.90,25.65,0.1770,5.65,746.0,86.0
51391,140.8,7.10,25.65,0.1821,5.49,746.0,86.0
51398,147.1,6.80,25.65,0.1744,5.73,746.0,86.0
51405,140.8,7.10,25.65,0.1821,5.49,746.0,86.0
51412,144.9,6.90,25.65,0.1770,5.65,746.0,86.0
51419,142.9,7.00,25.65,0.1795,5.57,746.0,86.0
51426,144.9,6.90,25.65,0.1770,5.65,746.0,86.0
51433,147.1,6.80,25.65,0.1744,5.73,746.0,86.0
51440,142.9,7.00,25.65,0.1795,5.57,746.0,86.0
51447,142.9,7.00,25.65,0.1795,5.57,746.0,86.0
51454,144.9,6.90,25.65,0.1770,5.65,746.0,86.0
51461,144.9,6.90,25.65,0.1770,5.65,746.0,86.0
51468,142.9,7.00,25.65,0.1795,5.57,746.0,86.0
51475,142.9,7.00,25.65,0.1795,5.57,746.0,86.0
51482,144.9,6.90,25.65,0.1770,5.65,746.0,86.0
51488,144.9,6.90,25.65,0.1770,5.65,746.0,86.0
51496,140.8,7.10,25.65,0.1821,5.49,746.0,86.0
51502,144.9,6.90,25.65,0.1770,5.65,746.0,86.0
51509,142.9,7.00,25.65,0.1795,5.57,746.0,86.0
51516,142.9,7.00,25.65,0.1795,5.57,746.0,86.0
51523,147.1,6.80,25.65,0.1744,5.73,746.0,86.0
51530,144.9,6.90,25.65,0.1770,5.65,746.0,86.0
51537,142.9,7.00,25.65,0.1795,5.57,746.0,86.0
51544,142.9,7.00,25.65,0.1795,5.57,746.0,86.0
51551,144.9,6.90,25.65,0.1770,5.65,746.0,86.0
51558,144.9,6.90,25.65,0.1770,5.65,746.0,86.0
51565,144.9,6.90,25.65,0.1770,5.65,746.0,86.0
51572,140.8,7.10,25.65,0.1821,5.49,746.0,86.0
51579,149.3,6.70,25.65,0.1719,5.82,746.0,86.0
51586,137.0,7.30,25.65,0.1872,5.34,746.0,86.0
51593,149.3,6.70,25.65,0.1719,5.82,746.0,86.0
51600,144.9,6.90,25.65,0.1770,5.65,746.0,86.0
51607,140.8,7.10,25.65,0.1821,5.49,746.0,86.0
51614,144.9,6.90,25.65,0.1770,5.65,746.0,86.0
51621,142.9,7.00,25.65,0.1795,5.57,746.0,86.0
51628,142.9,7.00,25.65,0.1795,5.57,746.0,86.0
51634,144.9,6.90,25.65,0.1770,5.65,746.0,86.0
51641,144.9,6.90,25.65,0.1770,5.65,746.0,86.0
51648,144.9,6.90,25.65,0.1770,5.65,746.0,86.0
51655,144.9,6.90,25.65,0.1770,5.65,746.0,86.0
51662,142.9,7.00,25.65,0.1795,5.57,746.0,86.0
51669,147.1,6.80,25.65,0.1744,5.73,746.0,86.0
51676,144.9,6.90,25.65,0.1770,5.65,746.0,86.0
51683,140.8,7.10,25.65,0.1821,5.49,746.0,86.0
51690,149.3,6.70,25.65,0.1719,5.82,746.0,86.0
51697,138.9,7.20,25.65,0.1847,5.42,746.0,86.0
51704,149.3,6.70,25.65,0.1719,5.82,746.0,86.0
51711,140.8,7.10,25.65,0.1821,5.49,746.0,86.0
51718,144.9,6.90,25.65,0.1770,5.65,746.0,86.0
51725,142.9,7.00,25.65,0.1795,5.57,746.0,86.0
51732,144.9,6.90,25.65,0.1770,5.65,746.0,86.0
51739,142.9,7.00,25.65,0.1795,5.57,746.0,86.0
51745,144.9,6.90,25.65,0.1770,5.65,746.0,86.0
51752,142.9,7.00,25.65,0.1795,5.57,746.0,86.0
51759,142.9,7.00,25.65,0.1795,5.57,746.0,86.0
51766,147.1,6.80,25.65,0.1744,5.73,746.0,86.0
51773,144.9,6.90,25.65,0.1770,5.65,746.0,86.0
51780,142.9,7.00,25.65,0.1795,5.57,746.0,86.0
51787,144.9,6.90,25.65,0.1770,5.65,746.0,86.0
51794,142.9,7.00,25.66,0.1796,5.57,746.0,86.0
51801,142.9,7.00,25.67,0.1797,5.57,746.0,86.0
51808,144.9,6.90,25.67,0.1771,5.64,746.0,86.0
51815,144.9,6.90,25.68,0.1772,5.64,746.0,86.0
51822,142.9,7.00,25.68,0.1798,5.56,746.0,86.0
51829,144.9,6.90,25.69,0.1773,5.64,746.0,86.0
51836,142.9,7.00,25.70,0.1799,5.56,746.0,86.0
51843,144.9,6.90,25.70,0.1773,5.64,746.0,86.0
51850,142.9,7.00,25.71,0.1799,5.56,746.0,86.0
51857,142.9,7.00,25.71,0.1800,5.56,746.0,86.0
51864,144.9,6.90,25.72,0.1775,5.63,746.0,86.0
51870,144.9,6.90,25.72,0.1775,5.63,746.0,86.0
51877,142.9,7.00,25.73,0.1801,5.55,746.0,86.0
51884,144.9,6.90,25.74,0.1776,5.63,746.0,86.0
51891,144.9,6.90,25.74,0.1776,5.63,746.0,86.0
51898,142.9,7.00,25.74,0.1802,5.55,746.0,86.0
51905,144.9,6.90,25.74,0.1776,5.63,746.0,86.0
51912,144.9,6.90,25.74,0.1776,5.63,746.0,86.0
51919,140.8,7.10,25.74,0.1828,5.47,746.0,86.0
51926,144.9,6.90,25.74,0.1776,5.63,746.0,86.0
51933,144.9,6.90,25.74,0.1776,5.63,746.0,86.0
51940,142.9,7.00,25.74,0.1802,5.55,746.0,86.0
51947,142.9,7.00,25.74,0.1802,5.55,746.0,86.0
51954,147.1,6.80,25.74,0.1750,5.71,746.0,86.0
51961,142.9,7.00,25.74,0.1802,5.55,746.0,86.0
51968,144.9,6.90,25.74,0.1776,5.63,746.0,86.0
51975,142.9,7.00,25.74,0.1802,5.55,746.0,86.0
51981,147.1,6.80,25.74,0.1750,5.71,746.0,86.0
51989,140.8,7.10,25.74,0.1828,5.47,746.0,86.0
51995,147.1,6.80,25.74,0.1750,5.71,746.0,86.0
52002,140.8,7.10,25.74,0.1828,5.47,746.0,86.0
52009,144.9,6.90,25.74,0.1776,5.63,746.0,86.0
52016,142.9,7.00,25.74,0.1802,5.55,746.0,86.0
52023,144.9,6.90,25.74,0.1776,5.63,746.0,86.0
52030,142.9,7.00,25.74,0.1802,5.55,746.0,86.0
52037,140.8,7.10,25.74,0.1828,5.47,746.0,86.0
52044,147.1,6.80,25.74,0.1750,5.71,746.0,86.0
52051,142.9,7.00,25.74,0.1802,5.55,746.0,86.0
52058,147.1,6.80,25.74,0.1750,5.71,746.0,86.0
52065,144.9,6.90,25.74,0.1776,5.63,746.0,86.0
52072,140.8,7.10,25.74,0.1828,5.47,746.0,86.0
52079,144.9,6.90,25.74,0.1776,5.63,746.0,86.0
52086,144.9,6.90,25.74,0.1776,5.63,746.0,86.0
52093,144.9,6.90,25.74,0.1776,5.63,746.0,86.0
52100,142.9,7.00,25.74,0.1802,5.55,746.0,86.0
52107,144.9,6.90,25.74,0.1776,5.63,746.0,86.0
52114,140.8,7.10,25.74,0.1828,5.47,746.0,86.0
52121,144.9,6.90,25.74,0.1776,5.63,746.0,86.0
52127,144.9,6.90,25.74,0.1776,5.63,746.0,86.0
52135,140.8,7.10,25.74,0.1828,5.47,746.0,86.0
52141,147.1,6.80,25.74,0.1750,5.71,746.0,86.0
52148,142.9,7.00,25.74,0.1802,5.55,746.0,86.0
52155,144.9,6.90,25.74,0.1776,5.63,746.0,86.0
52162,144.9,6.90,25.74,0.1776,5.63,746.0,86.0
52169,144.9,6.90,25.74,0.1776,5.63,746.0,86.0
52176,142.9,7.00,25.74,0.1802,5.55,746.0,86.0
52183,142.9,7.00,25.74,0.1802,5.55,746.0,86.0
52190,144.9,6.90,25.74,0.1776,5.63,746.0,86.0
52197,144.9,6.90,25.74,0.1776,5.63,746.0,86.0
52204,144.9,6.90,25.74,0.1776,5.63,746.0,86.0
52211,142.9,7.00,25.74,0.1802,5.55,746.0,86.0
52218,144.9,6.90,25.74,0.1776,5.63,746.0,86.0
52225,142.9,7.00,25.75,0.1802,5.55,746.0,86.0
52232,142.9,7.00,25.76,0.1803,5.55,746.0,86.0
52239,144.9,6.90,25.77,0.1778,5.62,746.0,86.0
52245,144.9,6.90,25.78,0.1779,5.62,746.0,86.0
52253,140.8,7.10,25.79,0.1831,5.46,746.0,86.0
52259,144.9,6.90,25.80,0.1780,5.62,746.0,86.0
52266,144.9,6.90,25.81,0.1781,5.61,746.0,86.0
52273,144.9,6.90,25.82,0.1782,5.61,746.0,86.0
52280,142.9,7.00,25.84,0.1808,5.53,746.0,86.0
52287,142.9,7.00,25.85,0.1809,5.53,746.0,86.0
52294,144.9,6.90,25.86,0.1784,5.60,746.0,86.0
52301,147.1,6.80,25.87,0.1759,5.69,746.0,86.0
52308,142.9,7.00,25.88,0.1812,5.52,746.0,86.0
52315,144.9,6.90,25.89,0.1787,5.60,746.0,86.0
52322,138.9,7.20,25.90,0.1865,5.36,746.0,86.0
52329,147.1,6.80,25.92,0.1762,5.68,746.0,86.0
52336,144.9,6.90,25.92,0.1788,5.59,746.0,86.0
52343,144.9,6.90,25.92,0.1788,5.59,746.0,86.0
52350,144.9,6.90,25.92,0.1788,5.59,746.0,86.0
52357,142.9,7.00,25.92,0.1814,5.51,746.0,86.0
52364,142.9,7.00,25.92,0.1814,5.51,746.0,86.0
52370,147.1,6.80,25.92,0.1763,5.68,746.0,86.0
52377,140.8,7.10,25.92,0.1840,5.43,746.0,86.0
52384,147.1,6.80,25.92,0.1763,5.68,746.0,86.0
52391,142.9,7.00,25.92,0.1814,5.51,746.0,86.0
52398,142.9,7.00,25.92,0.1814,5.51,746.0,86.0
52405,142.9,7.00,25.92,0.1814,5.51,746.0,86.0
52412,144.9,6.90,25.92,0.1788,5.59,746.0,86.0
52419,142.9,7.00,25.92,0.1814,5.51,746.0,86.0
52426,144.9,6.90,25.92,0.1788,5.59,746.0,86.0
52433,147.1,6.80,25.92,0.1763,5.68,746.0,86.0
52440,142.9,7.00,25.92,0.1814,5.51,746.0,86.0
52447,140.8,7.10,25.92,0.1840,5.43,746.0,86.0
52454,147.1,6.80,25.92,0.1763,5.68,746.0,86.0
52461,142.9,7.00,25.92,0.1814,5.51,746.0,86.0
52468,144.9,6.90,25.92,0.1788,5.59,746.0,86.0
52475,142.9,7.00,25.92,0.1814,5.51,746.0,86.0
52482,144.9,6.90,25.92,0.1788,5.59,746.0,86.0
52488,144.9,6.90,25.92,0.1788,5.59,746.0,86.0
52495,142.9,7.00,25.92,0.1814,5.51,746.0,86.0
52502,144.9,6.90,25.92,0.1788,5.59,746.0,86.0
52509,144.9,6.90,25.92,0.1788,5.59,746.0,86.0
52516,140.8,7.10,25.92,0.1840,5.43,746.0,86.0
52523,142.9,7.00,25.92,0.1814,5.51,746.0,86.0
52530,144.9,6.90,25.92,0.1788,5.59,746.0,86.0
52537,147.1,6.80,25.92,0.1763,5.68,746.0,86.0
52544,144.9,6.90,25.92,0.1788,5.59,746.0,86.0
52551,140.8,7.10,25.92,0.1840,5.43,746.0,86.0
52558,142.9,7.00,25.92,0.1814,5.51,746.0,86.0
52565,142.9,7.00,25.92,0.1814,5.51,746.0,86.0
52572,149.3,6.70,25.92,0.1737,5.76,746.0,86.0
52579,140.8,7.10,25.92,0.1840,5.43,746.0,86.0
52586,144.9,6.90,25.92,0.1788,5.59,746.0,86.0
52593,142.9,7.00,25.92,0.1814,5.51,746.0,86.0
52600,142.9,7.00,25.92,0.1814,5.51,746.0,86.0
52607,144.9,6.90,25.92,0.1788,5.59,746.0,86.0
52614,144.9,6.90,25.92,0.1788,5.59,746.0,86.0
52621,142.9,7.00,25.92,0.1814,5.51,746.0,86.0
52627,144.9,6.90,25.92,0.1788,5.59,746.0,86.0
52634,144.9,6.90,25.92,0.1788,5.59,746.0,86.0
52641,142.9,7.00,25.92,0.1814,5.51,746.0,86.0
52648,144.9,6.90,25.92,0.1788,5.59,746.0,86.0
52655,144.9,6.90,25.92,0.1788,5.59,746.0,86.0
52662,144.9,6.90,25.92,0.1788,5.59,746.0,86.0
52669,142.9,7.00,25.92,0.1814,5.51,746.0,86.0
52676,142.9,7.00,25.92,0.1814,5.51,746.0,86.0
52683,142.9,7.00,25.92,0.1814,5.51,746.0,86.0
52690,144.9,6.90,25.92,0.1788,5.59,746.0,86.0
52697,147.1,6.80,25.92,0.1763,5.68,746.0,86.0
52704,142.9,7.00,25.92,0.1814,5.51,746.0,86.0
52711,144.9,6.90,25.92,0.1788,5.59,746.0,86.0
52718,142.9,7.00,25.92,0.1814,5.51,746.0,86.0
52725,142.9,7.00,25.92,0.1814,5.51,746.0,86.0
52731,147.1,6.80,25.92,0.1763,5.68,746.0,86.0
52739,140.8,7.10,25.92,0.1840,5.43,746.0,86.0
52745,144.9,6.90,25.92,0.1788,5.59,746.0,86.0
52752,142.9,7.00,25.92,0.1814,5.51,746.0,86.0
52759,144.9,6.90,25.92,0.1788,5.59,746.0,86.0
52766,147.1,6.80,25.92,0.1763,5.68,746.0,86.0
52773,140.8,7.10,25.92,0.1840,5.43,746.0,86.0
52780,142.9,7.00,25.93,0.1815,5.51,746.0,86.0
52787,147.1,6.80,25.94,0.1764,5.67,746.0,86.0
52794,140.8,7.10,25.94,0.1842,5.43,746.0,86.0
52801,144.9,6.90,25.95,0.1791,5.58,746.0,86.0
52808,144.9,6.90,25.96,0.1791,5.58,746.0,86.0
52815,144.9,6.90,25.97,0.1792,5.58,746.0,86.0
52822,142.9,7.00,25.98,0.1818,5.50,746.0,86.0
52829,142.9,7.00,25.99,0.1819,5.50,746.0,86.0
52836,144.9,6.90,25.99,0.1794,5.57,746.0,86.0
52843,142.9,7.00,26.00,0.1820,5.50,746.0,86.0
52850,142.9,7.00,26.01,0.1821,5.49,746.0,86.0
52857,147.1,6.80,26.02,0.1769,5.65,746.0,86.0
52864,142.9,7.00,26.03,0.1822,5.49,746.0,86.0
52870,144.9,6.90,26.03,0.1796,5.57,746.0,86.0
52877,147.1,6.80,26.04,0.1771,5.65,746.0,86.0
52884,140.8,7.10,26.05,0.1850,5.40,746.0,86.0
52891,144.9,6.90,26.05,0.1797,5.56,746.0,86.0
52898,140.8,7.10,26.05,0.1850,5.40,746.0,86.0
52905,144.9,6.90,26.05,0.1797,5.56,746.0,86.0
52912,147.1,6.80,26.05,0.1771,5.65,746.0,86.0
52919,142.9,7.00,26.05,0.1824,5.49,746.0,86.0
52926,140.8,7.10,26.05,0.1850,5.40,746.0,86.0
52933,147.1,6.80,26.05,0.1771,5.65,746.0,86.0
52940,142.9,7.00,26.05,0.1824,5.49,746.0,86.0
52947,144.9,6.90,26.05,0.1797,5.56,746.0,86.0
52954,138.9,7.20,26.05,0.1876,5.33,746.0,86.0
52967,76.9,13.00,26.05,0.3387,2.95,746.0,86.0
52971,243.9,4.10,26.05,0.1068,9.36,746.0,86.0
52978,142.9,7.00,26.05,0.1824,5.49,746.0,86.0
52985,156.2,6.40,26.05,0.1667,6.00,746.0,86.0
52989,238.1,4.20,26.05,0.1094,9.14,746.0,86.0
52996,147.1,6.80,26.05,0.1771,5.65,746.0,86.0
53002,147.1,6.80,26.05,0.1771,5.65,746.0,86.0
53009,142.9,7.00,26.05,0.1824,5.49,746.0,86.0
53016,142.9,7.00,26.05,0.1824,5.49,746.0,86.0
53023,142.9,7.00,26.05,0.1824,5.49,746.0,86.0
53030,144.9,6.90,26.05,0.1797,5.56,746.0,86.0
53037,144.9,6.90,26.05,0.1797,5.56,746.0,86.0
53044,142.9,7.00,26.05,0.1824,5.49,746.0,86.0
53051,144.9,6.90,26.05,0.1797,5.56,746.0,86.0
53058,144.9,6.90,26.05,0.1797,5.56,746.0,86.0
53065,142.9,7.00,26.05,0.1824,5.49,746.0,86.0
53072,147.1,6.80,26.05,0.1771,5.65,746.0,86.0
53079,142.9,7.00,26.05,0.1824,5.49,746.0,86.0
53086,142.9,7.00,26.05,0.1824,5.49,746.0,86.0
53093,144.9,6.90,26.05,0.1797,5.56,746.0,86.0
53100,144.9,6.90,26.05,0.1797,5.56,746.0,86.0
53107,140.8,7.10,26.05,0.1850,5.40,746.0,86.0
53114,144.9,6.90,26.05,0.1797,5.56,746.0,86.0
53120,144.9,6.90,26.05,0.1797,5.56,746.0,86.0
53127,147.1,6.80,26.05,0.1771,5.65,746.0,86.0
53134,140.8,7.10,26.05,0.1850,5.40,746.0,86.0
53141,142.9,7.00,26.05,0.1824,5.49,746.0,86.0
53148,144.9,6.90,26.05,0.1797,5.56,746.0,86.0
53155,147.1,6.80,26.05,0.1771,5.65,746.0,86.0
53162,140.8,7.10,26.05,0.1850,5.40,746.0,86.0
53169,144.9,6.90,26.05,0.1797,5.56,746.0,86.0
53176,142.9,7.00,26.05,0.1824,5.49,746.0,86.0
53183,142.9,7.00,26.05,0.1824,5.49,746.0,86.0
53190,144.9,6.90,26.05,0.1797,5.56,746.0,86.0
53197,142.9,7.00,26.05,0.1824,5.49,746.0,86.0
53204,147.1,6.80,26.05,0.1771,5.65,746.0,86.0
53211,142.9,7.00,26.05,0.1824,5.49,746.0,86.0
53218,144.9,6.90,26.05,0.1797,5.56,746.0,86.0
53225,142.9,7.00,26.05,0.1823,5.49,746.0,86.0
53232,142.9,7.00,26.04,0.1823,5.49,746.0,86.0
53239,142.9,7.00,26.04,0.1823,5.49,746.0,86.0
53246,144.9,6.90,26.04,0.1796,5.57,746.0,86.0
53252,144.9,6.90,26.03,0.1796,5.57,746.0,86.0
53259,142.9,7.00,26.03,0.1822,5.49,746.0,86.0
53266,144.9,6.90,26.03,0.1796,5.57,746.0,86.0
53273,144.9,6.90,26.02,0.1796,5.57,746.0,86.0
53280,142.9,7.00,26.02,0.1821,5.49,746.0,86.0
53287,144.9,6.90,26.02,0.1795,5.57,746.0,86.0
53294,142.9,7.00,26.01,0.1821,5.49,746.0,86.0
53301,147.1,6.80,26.01,0.1769,5.66,746.0,86.0
53308,142.9,7.00,26.01,0.1821,5.49,746.0,86.0
53315,144.9,6.90,26.00,0.1794,5.57,746.0,86.0
53322,144.9,6.90,26.00,0.1794,5.57,746.0,86.0
53329,142.9,7.00,26.00,0.1820,5.50,746.0,86.0
53336,142.9,7.00,26.00,0.1820,5.50,746.0,86.0
53343,144.9,6.90,26.00,0.1794,5.57,746.0,86.0
53350,140.8,7.10,26.00,0.1846,5.42,746.0,86.0
53357,147.1,6.80,26.00,0.1768,5.66,746.0,86.0
53363,144.9,6.90,26.00,0.1794,5.57,746.0,86.0
53370,142.9,7.00,26.00,0.1820,5.50,746.0,86.0
53378,140.8,7.10,26.00,0.1846,5.42,746.0,86.0
53384,149.3,6.70,26.00,0.1742,5.74,746.0,86.0
53391,140.8,7.10,26.00,0.1846,5.42,746.0,86.0
53398,142.9,7.00,26.00,0.1820,5.50,746.0,86.0
53405,144.9,6.90,26.00,0.1794,5.57,746.0,86.0
53412,144.9,6.90,26.00,0.1794,5.57,746.0,86.0
53419,140.8,7.10,26.00,0.1846,5.42,746.0,86.0
53426,144.9,6.90,26.00,0.1794,5.57,746.0,86.0
53433,142.9,7.00,26.00,0.1820,5.50,746.0,86.0
53440,144.9,6.90,26.00,0.1794,5.57,746.0,86.0
53447,142.9,7.00,26.00,0.1820,5.50,746.0,86.0
53454,144.9,6.90,26.00,0.1794,5.57,746.0,86.0
53461,144.9,6.90,26.00,0.1794,5.57,746.0,86.0
53468,142.9,7.00,26.00,0.1820,5.50,746.0,86.0
53475,147.1,6.80,26.00,0.1768,5.66,746.0,86.0
53482,142.9,7.00,26.00,0.1820,5.50,746.0,86.0
53489,144.9,6.90,26.00,0.1794,5.57,746.0,86.0
53496,142.9,7.00,26.00,0.1820,5.50,746.0,86.0
53503,142.9,7.00,26.00,0.1820,5.50,746.0,86.0
53510,142.9,7.00,26.00,0.1820,5.50,746.0,86.0
53516,144.9,6.90,26.00,0.1794,5.57,746.0,86.0
53523,147.1,6.80,26.00,0.1768,5.66,746.0,86.0
53530,144.9,6.90,26.00,0.1794,5.57,746.0,86.0
53537,142.9,7.00,26.00,0.1820,5.50,746.0,86.0
53544,144.9,6.90,26.00,0.1794,5.57,746.0,86.0
53551,142.9,7.00,26.00,0.1820,5.50,746.0,86.0
53558,144.9,6.90,26.00,0.1794,5.57,746.0,86.0
53565,144.9,6.90,26.00,0.1794,5.57,746.0,86.0
53572,142.9,7.00,26.00,0.1820,5.50,746.0,86.0
53579,144.9,6.90,26.00,0.1794,5.57,746.0,86.0
53586,142.9,7.00,26.00,0.1820,5.50,746.0,86.0
53593,144.9,6.90,26.00,0.1794,5.57,746.0,86.0
53600,144.9,6.90,26.00,0.1794,5.57,746.0,86.0
53607,142.9,7.00,26.00,0.1820,5.50,746.0,86.0
53613,144.9,6.90,26.00,0.1794,5.57,746.0,86.0
53620,142.9,7.00,26.00,0.1820,5.50,746.0,86.0
53627,142.9,7.00,26.00,0.1820,5.50,746.0,86.0
53634,144.9,6.90,26.00,0.1794,5.57,746.0,86.0
53641,144.9,6.90,26.00,0.1794,5.57,746.0,86.0
53648,140.8,7.10,26.00,0.1846,5.42,746.0,86.0
53655,149.3,6.70,26.00,0.1742,5.74,746.0,86.0
53662,140.8,7.10,26.00,0.1846,5.42,746.0,86.0
53669,144.9,6.90,26.00,0.1794,5.57,746.0,86.0
53676,142.9,7.00,26.00,0.1820,5.50,746.0,86.0
53683,142.9,7.00,26.00,0.1820,5.50,746.0,86.0
53690,147.1,6.80,26.00,0.1768,5.66,746.0,86.0
53697,142.9,7.00,26.00,0.1820,5.50,746.0,86.0
53704,142.9,7.00,26.00,0.1820,5.50,746.0,86.0
53711,144.9,6.90,26.00,0.1794,5.57,746.0,86.0
53718,142.9,7.00,26.00,0.1820,5.50,746.0,86.0
53725,142.9,7.00,26.00,0.1820,5.50,746.0,86.0
53732,144.9,6.90,26.00,0.1794,5.57,746.0,86.0
53738,147.1,6.80,26.00,0.1768,5.66,746.0,86.0
53746,140.8,7.10,26.00,0.1846,5.42,746.0,86.0
53752,144.9,6.90,26.00,0.1794,5.57,746.0,86.0
53759,142.9,7.00,26.00,0.1820,5.50,746.0,86.0
53766,142.9,7.00,26.00,0.1820,5.50,746.0,86.0
53773,149.3,6.70,25.98,0.1741,5.75,746.0,86.0
53780,144.9,6.90,25.97,0.1792,5.58,746.0,86.0
53787,140.8,7.10,25.95,0.1843,5.42,746.0,86.0
53794,144.9,6.90,25.94,0.1790,5.59,746.0,86.0
53801,144.9,6.90,25.93,0.1789,5.59,746.0,86.0
53808,144.9,6.90,25.91,0.1788,5.59,746.0,86.0
53815,142.9,7.00,25.90,0.1813,5.52,746.0,86.0
53822,142.9,7.00,25.89,0.1812,5.52,746.0,86.0
53829,144.9,6.90,25.87,0.1785,5.60,746.0,86.0
53836,142.9,7.00,25.86,0.1810,5.53,746.0,86.0
53843,144.9,6.90,25.84,0.1783,5.61,746.0,86.0
53850,142.9,7.00,25.83,0.1808,5.53,746.0,86.0
53857,144.9,6.90,25.82,0.1781,5.61,746.0,86.0
53863,144.9,6.90,25.80,0.1780,5.62,746.0,86.0
53870,142.9,7.00,25.79,0.1805,5.54,746.0,86.0
53877,142.9,7.00,25.79,0.1805,5.54,746.0,86.0
53884,147.1,6.80,25.79,0.1754,5.70,746.0,86.0
53891,142.9,7.00,25.79,0.1805,5.54,746.0,86.0
53898,147.1,6.80,25.79,0.1754,5.70,746.0,86.0
53905,140.8,7.10,25.79,0.1831,5.46,746.0,86.0
53912,144.9,6.90,25.79,0.1780,5.62,746.0,86.0
53919,142.9,7.00,25.79,0.1805,5.54,746.0,86.0
53926,142.9,7.00,25.79,0.1805,5.54,746.0,86.0
53933,147.1,6.80,25.79,0.1754,5.70,746.0,86.0
53940,140.8,7.10,25.79,0.1831,5.46,746.0,86.0
53947,147.1,6.80,25.79,0.1754,5.70,746.0,86.0
53954,142.9,7.00,25.79,0.1805,5.54,746.0,86.0
53961,144.9,6.90,25.79,0.1780,5.62,746.0,86.0
53968,144.9,6.90,25.79,0.1780,5.62,746.0,86.0
53975,142.9,7.00,25.79,0.1805,5.54,746.0,86.0
53981,144.9,6.90,25.79,0.1780,5.62,746.0,86.0
53988,144.9,6.90,25.79,0.1780,5.62,746.0,86.0
53995,140.8,7.10,25.79,0.1831,5.46,746.0,86.0
54002,144.9,6.90,25.79,0.1780,5.62,746.0,86.0
54009,144.9,6.90,25.79,0.1780,5.62,746.0,86.0
54016,142.9,7.00,25.79,0.1805,5.54,746.0,86.0
54023,144.9,6.90,25.79,0.1780,5.62,746.0,86.0
54030,142.9,7.00,25.79,0.1805,5.54,746.0,86.0
54037,147.1,6.80,25.79,0.1754,5.70,746.0,86.0
54044,142.9,7.00,25.79,0.1805,5.54,746.0,86.0
54051,144.9,6.90,25.79,0.1780,5.62,746.0,86.0
54058,142.9,7.00,25.79,0.1805,5.54,746.0,86.0
54065,142.9,7.00,25.79,0.1805,5.54,746.0,86.0
54072,142.9,7.00,25.79,0.1805,5.54,746.0,86.0
54079,142.9,7.00,25.79,0.1805,5.54,746.0,86.0
54086,144.9,6.90,25.79,0.1780,5.62,746.0,86.0
54093,144.9,6.90,25.79,0.1780,5.62,746.0,86.0
54100,142.9,7.00,25.79,0.1805,5.54,746.0,86.0
54107,144.9,6.90,25.79,0.1780,5.62,746.0,86.0
54114,142.9,7.00,25.79,0.1805,5.54,746.0,86.0
54120,144.9,6.90,25.79,0.1780,5.62,746.0,86.0
54127,144.9,6.90,25.79,0.1780,5.62,746.0,86.0
54134,142.9,7.00,25.79,0.1805,5.54,746.0,86.0
54141,144.9,6.90,25.79,0.1780,5.62,746.0,86.0
54148,142.9,7.00,25.79,0.1805,5.54,746.0,86.0
54155,142.9,7.00,25.79,0.1805,5.54,746.0,86.0
54162,147.1,6.80,25.79,0.1754,5.70,746.0,86.0
54169,142.9,7.00,25.79,0.1805,5.54,746.0,86.0
54176,144.9,6.90,25.79,0.1780,5.62,746.0,86.0
54183,137.0,7.30,25.79,0.1883,5.31,746.0,86.0
54190,147.1,6.80,25.79,0.1754,5.70,746.0,86.0
54197,144.9,6.90,25.79,0.1780,5.62,746.0,86.0
54204,144.9,6.90,25.77,0.1778,5.62,746.0,86.0
54211,149.3,6.70,25.75,0.1725,5.80,746.0,86.0
54218,138.9,7.20,25.73,0.1852,5.40,746.0,86.0
54225,147.1,6.80,25.70,0.1748,5.72,746.0,86.0
54232,142.9,7.00,25.68,0.1798,5.56,746.0,86.0
54238,144.9,6.90,25.66,0.1771,5.65,746.0,86.0
54246,140.8,7.10,25.63,0.1820,5.49,746.0,86.0
54252,144.9,6.90,25.61,0.1767,5.66,746.0,86.0
54259,142.9,7.00,25.59,0.1791,5.58,746.0,86.0
54266,147.1,6.80,25.57,0.1739,5.75,746.0,86.0
54273,140.8,7.10,25.54,0.1814,5.51,746.0,86.0
54280,147.1,6.80,25.52,0.1735,5.76,746.0,86.0
54287,144.9,6.90,25.50,0.1759,5.68,746.0,86.0
54294,140.8,7.10,25.47,0.1809,5.53,746.0,86.0
54301,144.9,6.90,25.45,0.1756,5.69,746.0,86.0
54308,144.9,6.90,25.43,0.1754,5.70,746.0,86.0
54315,144.9,6.90,25.42,0.1754,5.70,746.0,86.0
54322,140.8,7.10,25.42,0.1805,5.54,746.0,86.0
54329,147.1,6.80,25.42,0.1729,5.79,746.0,86.0
54336,142.9,7.00,25.42,0.1779,5.62,746.0,86.0
54343,144.9,6.90,25.42,0.1754,5.70,746.0,86.0
54350,142.9,7.00,25.42,0.1779,5.62,746.0,86.0
54357,144.9,6.90,25.42,0.1754,5.70,746.0,86.0
54364,140.8,7.10,25.42,0.1805,5.54,746.0,86.0
54371,144.9,6.90,25.42,0.1754,5.70,746.0,86.0
54377,147.1,6.80,25.42,0.1729,5.79,746.0,86.0
54384,144.9,6.90,25.42,0.1754,5.70,746.0,86.0
54391,140.8,7.10,25.42,0.1805,5.54,746.0,86.0
54398,144.9,6.90,25.42,0.1754,5.70,746.0,86.0
54405,147.1,6.80,25.42,0.1729,5.79,746.0,86.0
54412,142.9,7.00,25.42,0.1779,5.62,746.0,86.0
54419,142.9,7.00,25.42,0.1779,5.62,746.0,86.0
54426,142.9,7.00,25.42,0.1779,5.62,746.0,86.0
54433,144.9,6.90,25.42,0.1754,5.70,746.0,86.0
54440,140.8,7.10,25.42,0.1805,5.54,746.0,86.0
54447,147.1,6.80,25.42,0.1729,5.79,746.0,86.0
54454,144.9,6.90,25.42,0.1754,5.70,746.0,86.0
54461,140.8,7.10,25.42,0.1805,5.54,746.0,86.0
54468,147.1,6.80,25.42,0.1729,5.79,746.0,86.0
54475,142.9,7.00,25.42,0.1779,5.62,746.0,86.0
54482,144.9,6.90,25.42,0.1754,5.70,746.0,86.0
54488,147.1,6.80,25.42,0.1729,5.79,746.0,86.0
54496,138.9,7.20,25.42,0.1830,5.46,746.0,86.0
54502,144.9,6.90,25.42,0.1754,5.70,746.0,86.0
54509,144.9,6.90,25.42,0.1754,5.70,746.0,86.0
54516,144.9,6.90,25.42,0.1754,5.70,746.0,86.0
54523,138.9,7.20,25.42,0.1830,5.46,746.0,86.0
54530,149.3,6.70,25.42,0.1703,5.87,746.0,86.0
54537,142.9,7.00,25.42,0.1779,5.62,746.0,86.0
54544,144.9,6.90,25.42,0.1754,5.70,746.0,86.0
54551,142.9,7.00,25.42,0.1779,5.62,746.0,86.0
54558,142.9,7.00,25.42,0.1779,5.62,746.0,86.0
54565,147.1,6.80,25.42,0.1729,5.79,746.0,86.0
54572,142.9,7.00,25.42,0.1779,5.62,746.0,86.0
54579,147.1,6.80,25.42,0.1729,5.79,746.0,86.0
54586,138.9,7.20,25.42,0.1830,5.46,746.0,86.0
54593,147.1,6.80,25.42,0.1729,5.79,746.0,86.0
54600,142.9,7.00,25.42,0.1779,5.62,746.0,86.0
54607,144.9,6.90,25.42,0.1754,5.70,746.0,86.0
54613,144.9,6.90,25.42,0.1754,5.70,746.0,86.0
54620,144.9,6.90,25.42,0.1754,5.70,746.0,86.0
54627,140.8,7.10,25.42,0.1805,5.54,746.0,86.0
54634,147.1,6.80,25.42,0.1729,5.79,746.0,86.0
54641,142.9,7.00,25.42,0.1779,5.62,746.0,86.0
54648,142.9,7.00,25.42,0.1779,5.62,746.0,86.0
54655,142.9,7.00,25.42,0.1779,5.62,746.0,86.0
54662,144.9,6.90,25.42,0.1754,5.70,746.0,86.0
54669,144.9,6.90,25.42,0.1754,5.70,746.0,86.0
54676,144.9,6.90,25.42,0.1754,5.70,746.0,86.0
54683,144.9,6.90,25.42,0.1754,5.70,746.0,86.0
54690,144.9,6.90,25.42,0.1754,5.70,746.0,86.0
54697,140.8,7.10,25.42,0.1805,5.54,746.0,86.0
54704,144.9,6.90,25.42,0.1754,5.70,746.0,86.0
54711,142.9,7.00,25.42,0.1779,5.62,746.0,86.0
54718,142.9,7.00,25.42,0.1779,5.62,746.0,86.0
54725,147.1,6.80,25.42,0.1729,5.79,746.0,86.0
54732,142.9,7.00,25.42,0.1779,5.62,746.0,86.0
54738,144.9,6.90,25.42,0.1754,5.70,746.0,86.0
54745,142.9,7.00,25.42,0.1779,5.62,746.0,86.0
54752,144.9,6.90,25.41,0.1753,5.70,746.0,86.0
54759,144.9,6.90,25.37,0.1751,5.71,746.0,86.0
54766,142.9,7.00,25.33,0.1773,5.64,746.0,86.0
54773,144.9,6.90,25.30,0.1745,5.73,746.0,86.0
54780,144.9,6.90,25.26,0.1743,5.74,746.0,86.0
54787,142.9,7.00,25.22,0.1765,5.67,746.0,86.0
54794,142.9,7.00,25.18,0.1763,5.67,746.0,86.0
54801,144.9,6.90,25.14,0.1735,5.76,746.0,86.0
54808,144.9,6.90,25.11,0.1732,5.77,746.0,86.0
54815,144.9,6.90,25.07,0.1730,5.78,746.0,86.0
54822,142.9,7.00,25.03,0.1752,5.71,746.0,86.0
54829,142.9,7.00,24.99,0.1749,5.72,746.0,86.0
54836,144.9,6.90,24.95,0.1722,5.81,746.0,86.0
54843,142.9,7.00,24.92,0.1744,5.74,746.0,86.0
54850,142.9,7.00,24.88,0.1742,5.74,746.0,86.0
54856,147.1,6.80,24.85,0.1690,5.92,746.0,86.0
54863,142.9,7.00,24.83,0.1738,5.76,746.0,86.0
54870,144.9,6.90,24.83,0.1713,5.84,746.0,86.0
54877,144.9,6.90,24.83,0.1713,5.84,746.0,86.0
54884,142.9,7.00,24.83,0.1738,5.76,746.0,86.0
54891,144.9,6.90,24.83,0.1713,5.84,746.0,86.0
54898,140.8,7.10,24.83,0.1763,5.67,746.0,86.0
54905,144.9,6.90,24.83,0.1713,5.84,746.0,86.0
54912,147.1,6.80,24.83,0.1688,5.92,746.0,86.0
54919,140.8,7.10,24.83,0.1763,5.67,746.0,86.0
54926,144.9,6.90,24.83,0.1713,5.84,746.0,86.0
54933,142.9,7.00,24.83,0.1738,5.76,746.0,86.0
54940,147.1,6.80,24.83,0.1688,5.92,746.0,86.0
54947,140.8,7.10,24.83,0.1763,5.67,746.0,86.0
54954,144.9,6.90,24.83,0.1713,5.84,746.0,86.0
54961,142.9,7.00,24.83,0.1738,5.76,746.0,86.0
54968,144.9,6.90,24.83,0.1713,5.84,746.0,86.0
54975,144.9,6.90,24.83,0.1713,5.84,746.0,86.0
54982,142.9,7.00,24.83,0.1738,5.76,746.0,86.0
54989,142.9,7.00,24.83,0.1738,5.76,746.0,86.0
54996,142.9,7.00,24.83,0.1738,5.76,746.0,86.0
55002,147.1,6.80,24.83,0.1688,5.92,746.0,86.0
55009,142.9,7.00,24.83,0.1738,5.76,746.0,86.0
55016,147.1,6.80,24.83,0.1688,5.92,746.0,86.0
55023,142.9,7.00,24.83,0.1738,5.76,746.0,86.0
55030,142.9,7.00,24.83,0.1738,5.76,746.0,86.0
55037,144.9,6.90,24.83,0.1713,5.84,746.0,86.0
55044,142.9,7.00,24.83,0.1738,5.76,746.0,86.0
55051,142.9,7.00,24.83,0.1738,5.76,746.0,86.0
55058,142.9,7.00,24.83,0.1738,5.76,746.0,86.0
55065,147.1,6.80,24.83,0.1688,5.92,746.0,86.0
55072,142.9,7.00,24.83,0.1738,5.76,746.0,86.0
55079,144.9,6.90,24.83,0.1713,5.84,746.0,86.0
55086,142.9,7.00,24.83,0.1738,5.76,746.0,86.0
55093,144.9,6.90,24.83,0.1713,5.84,746.0,86.0
55100,142.9,7.00,24.83,0.1738,5.76,746.0,86.0
55107,142.9,7.00,24.83,0.1738,5.76,746.0,86.0
55114,142.9,7.00,24.83,0.1738,5.76,746.0,86.0
55121,144.9,6.90,24.83,0.1713,5.84,746.0,86.0
55127,147.1,6.80,24.83,0.1688,5.92,746.0,86.0
55134,142.9,7.00,24.83,0.1738,5.76,746.0,86.0
55141,147.1,6.80,24.83,0.1688,5.92,746.0,86.0
55148,140.8,7.10,24.83,0.1763,5.67,746.0,86.0
55155,142.9,7.00,24.83,0.1738,5.76,746.0,86.0
55162,144.9,6.90,24.83,0.1713,5.84,746.0,86.0
55169,144.9,6.90,24.83,0.1713,5.84,746.0,86.0
55176,144.9,6.90,24.83,0.1713,5.84,746.0,86.0
55183,142.9,7.00,24.83,0.1738,5.76,746.0,86.0
55190,147.1,6.80,24.82,0.1688,5.93,746.0,86.0
55197,142.9,7.00,24.80,0.1736,5.76,746.0,86.0
55204,142.9,7.00,24.77,0.1734,5.77,746.0,86.0
55211,144.9,6.90,24.75,0.1708,5.85,746.0,86.0
55218,142.9,7.00,24.72,0.1731,5.78,746.0,86.0
55224,147.1,6.80,24.70,0.1680,5.95,746.0,86.0
55232,140.8,7.10,24.67,0.1752,5.71,746.0,86.0
55238,144.9,6.90,24.65,0.1701,5.88,746.0,86.0
55245,142.9,7.00,24.63,0.1724,5.80,746.0,86.0
55252,144.9,6.90,24.60,0.1698,5.89,746.0,86.0
55259,144.9,6.90,24.58,0.1696,5.90,746.0,86.0
55266,140.8,7.10,24.55,0.1743,5.73,746.0,86.0
55273,144.9,6.90,24.53,0.1692,5.91,746.0,86.0
55280,147.1,6.80,24.50,0.1666,6.00,746.0,86.0
55287,142.9,7.00,24.48,0.1714,5.84,746.0,86.0
55294,144.9,6.90,24.45,0.1687,5.93,746.0,86.0
55301,144.9,6.90,24.44,0.1686,5.93,746.0,86.0
55308,142.9,7.00,24.44,0.1711,5.85,746.0,86.0
55315,144.9,6.90,24.44,0.1686,5.93,746.0,86.0
55322,142.9,7.00,24.44,0.1711,5.85,746.0,86.0
55329,142.9,7.00,24.44,0.1711,5.85,746.0,86.0
55336,142.9,7.00,24.44,0.1711,5.85,746.0,86.0
55343,147.1,6.80,24.44,0.1662,6.02,746.0,86.0
55350,142.9,7.00,24.44,0.1711,5.85,746.0,86.0
55356,144.9,6.90,24.44,0.1686,5.93,746.0,86.0
55363,142.9,7.00,24.44,0.1711,5.85,746.0,86.0
55370,144.9,6.90,24.44,0.1686,5.93,746.0,86.0
55377,142.9,7.00,24.44,0.1711,5.85,746.0,86.0
55384,142.9,7.00,24.44,0.1711,5.85,746.0,86.0
55391,147.1,6.80,24.44,0.1662,6.02,746.0,86.0
55398,142.9,7.00,24.44,0.1711,5.85,746.0,86.0
55405,144.9,6.90,24.44,0.1686,5.93,746.0,86.0
55412,140.8,7.10,24.44,0.1735,5.76,746.0,86.0
55419,144.9,6.90,24.44,0.1686,5.93,746.0,86.0
55426,142.9,7.00,24.44,0.1711,5.85,746.0,86.0
55433,147.1,6.80,24.44,0.1662,6.02,746.0,86.0
55440,138.9,7.20,24.44,0.1760,5.68,746.0,86.0
55447,151.5,6.60,24.44,0.1613,6.20,746.0,86.0
55454,140.8,7.10,24.44,0.1735,5.76,746.0,86.0
55461,144.9,6.90,24.44,0.1686,5.93,746.0,86.0
55467,147.1,6.80,24.44,0.1662,6.02,746.0,86.0
55475,140.8,7.10,24.44,0.1735,5.76,746.0,86.0
55482,142.9,7.00,24.44,0.1711,5.85,746.0,86.0
55489,142.9,7.00,24.44,0.1711,5.85,746.0,86.0
55495,144.9,6.90,24.44,0.1686,5.93,746.0,86.0
55502,144.9,6.90,24.44,0.1686,5.93,746.0,86.0
55509,142.9,7.00,24.44,0.1711,5.85,746.0,86.0
55516,144.9,6.90,24.44,0.1686,5.93,746.0,86.0
55523,140.8,7.10,24.44,0.1735,5.76,746.0,86.0
55530,149.3,6.70,24.44,0.1637,6.11,746.0,86.0
55537,140.8,7.10,24.44,0.1735,5.76,746.0,86.0
55544,144.9,6.90,24.44,0.1686,5.93,746.0,86.0
55551,142.9,7.00,24.44,0.1711,5.85,746.0,86.0
55558,144.9,6.90,24.44,0.1686,5.93,746.0,86.0
55565,144.9,6.90,24.44,0.1686,5.93,746.0,86.0
55572,140.8,7.10,24.44,0.1735,5.76,746.0,86.0
55579,149.3,6.70,24.44,0.1637,6.11,746.0,86.0
55586,142.9,7.00,24.44,0.1711,5.85,746.0,86.0
55593,142.9,7.00,24.44,0.1711,5.85,746.0,86.0
55599,147.1,6.80,24.44,0.1662,6.02,746.0,86.0
55606,142.9,7.00,24.44,0.1711,5.85,746.0,86.0
55613,142.9,7.00,24.44,0.1711,5.85,746.0,86.0
55620,144.9,6.90,24.44,0.1686,5.93,746.0,86.0
55627,144.9,6.90,24.44,0.1686,5.93,746.0,86.0
55634,140.8,7.10,24.44,0.1735,5.76,746.0,86.0
55641,144.9,6.90,24.44,0.1686,5.93,746.0,86.0
55648,142.9,7.00,24.44,0.1711,5.85,746.0,86.0
55655,147.1,6.80,24.44,0.1662,6.02,746.0,86.0
55662,144.9,6.90,24.44,0.1686,5.93,746.0,86.0
55669,140.8,7.10,24.44,0.1735,5.76,746.0,86.0
55676,147.1,6.80,24.44,0.1662,6.02,746.0,86.0
55683,142.9,7.00,24.44,0.1711,5.85,746.0,86.0
55690,144.9,6.90,24.44,0.1686,5.93,746.0,86.0
55697,142.9,7.00,24.44,0.1711,5.85,746.0,86.0
55704,144.9,6.90,24.44,0.1686,5.93,746.0,86.0
55711,142.9,7.00,24.44,0.1711,5.85,746.0,86.0
55718,142.9,7.00,24.44,0.1711,5.85,746.0,86.0
55725,144.9,6.90,24.44,0.1686,5.93,746.0,86.0
55732,142.9,7.00,24.44,0.1711,5.85,746.0,86.0
55738,144.9,6.90,24.44,0.1686,5.93,746.0,86.0
55745,144.9,6.90,24.42,0.1685,5.93,746.0,85.9
55752,144.9,6.90,24.41,0.1684,5.94,746.0,85.9
55759,140.8,7.10,24.40,0.1732,5.77,746.0,85.8
55766,147.1,6.80,24.39,0.1658,6.03,746.0,85.7
55773,142.9,7.00,24.38,0.1706,5.86,746.0,85.7
55780,142.9,7.00,24.36,0.1705,5.87,746.0,85.6
55787,142.9,7.00,24.35,0.1705,5.87,746.0,85.5
55794,144.9,6.90,24.34,0.1679,5.95,746.0,85.5
55801,142.9,7.00,24.33,0.1703,5.87,746.0,85.4
55808,144.9,6.90,24.31,0.1678,5.96,746.0,85.3
55815,147.1,6.80,24.30,0.1653,6.05,746.0,85.3
55822,142.9,7.00,24.29,0.1700,5.88,746.0,85.2
55829,142.9,7.00,24.28,0.1699,5.89,746.0,85.1
55836,144.9,6.90,24.27,0.1674,5.97,746.0,85.1
55843,142.9,7.00,24.25,0.1698,5.89,746.0,85.0
55850,144.9,6.90,24.25,0.1673,5.98,746.0,85.0
55857,142.9,7.00,24.25,0.1698,5.89,746.0,85.0
55863,144.9,6.90,24.25,0.1673,5.98,746.0,85.0
55870,142.9,7.00,24.25,0.1698,5.89,746.0,85.0
55877,144.9,6.90,24.25,0.1673,5.98,746.0,85.0
55884,142.9,7.00,24.25,0.1698,5.89,746.0,85.0
55891,144.9,6.90,24.25,0.1673,5.98,746.0,85.0
55898,142.9,7.00,24.25,0.1698,5.89,746.0,85.0
55905,144.9,6.90,24.25,0.1673,5.98,746.0,85.0
55912,144.9,6.90,24.25,0.1673,5.98,746.0,85.0
55919,142.9,7.00,24.25,0.1698,5.89,746.0,85.0
55926,144.9,6.90,24.25,0.1673,5.98,746.0,85.0
55933,142.9,7.00,24.25,0.1698,5.89,746.0,85.0
55940,144.9,6.90,24.25,0.1673,5.98,746.0,85.0
55947,142.9,7.00,24.25,0.1698,5.89,746.0,85.0
55954,144.9,6.90,24.25,0.1673,5.98,746.0,85.0
55961,144.9,6.90,24.25,0.1673,5.98,746.0,85.0
55968,144.9,6.90,24.25,0.1673,5.98,746.0,85.0
55975,142.9,7.00,24.25,0.1698,5.89,746.0,85.0
55982,142.9,7.00,24.25,0.1698,5.89,746.0,85.0
55988,144.9,6.90,24.25,0.1673,5.98,746.0,85.0
55995,144.9,6.90,24.25,0.1673,5.98,746.0,85.0
56002,142.9,7.00,24.25,0.1698,5.89,746.0,85.0
56009,144.9,6.90,24.25,0.1673,5.98,746.0,85.0
56016,142.9,7.00,24.25,0.1698,5.89,746.0,85.0
56023,144.9,6.90,24.25,0.1673,5.98,746.0,85.0
56030,142.9,7.00,24.25,0.1698,5.89,746.0,85.0
56037,144.9,6.90,24.25,0.1673,5.98,746.0,85.0
56044,144.9,6.90,24.25,0.1673,5.98,746.0,85.0
56051,144.9,6.90,24.25,0.1673,5.98,746.0,85.0
56058,140.8,7.10,24.25,0.1722,5.81,746.0,85.0
56065,147.1,6.80,24.25,0.1649,6.07,746.0,85.0
56072,142.9,7.00,24.25,0.1698,5.89,746.0,85.0
56079,144.9,6.90,24.25,0.1673,5.98,746.0,85.0
56086,142.9,7.00,24.25,0.1698,5.89,746.0,85.0
56093,144.9,6.90,24.25,0.1673,5.98,746.0,85.0
56100,142.9,7.00,24.25,0.1698,5.89,746.0,85.0
56106,144.9,6.90,24.25,0.1673,5.98,746.0,85.0
56113,142.9,7.00,24.25,0.1698,5.89,746.0,85.0
56120,142.9,7.00,24.25,0.1698,5.89,746.0,85.0
56127,147.1,6.80,24.25,0.1649,6.07,746.0,85.0
56134,142.9,7.00,24.25,0.1698,5.89,746.0,85.0
56141,142.9,7.00,24.25,0.1698,5.89,746.0,85.0
56148,147.1,6.80,24.25,0.1649,6.07,746.0,85.0
56155,142.9,7.00,24.25,0.1698,5.89,746.0,85.0
56162,142.9,7.00,24.25,0.1698,5.89,746.0,85.0
56169,144.9,6.90,24.25,0.1673,5.98,746.0,85.0
56176,140.8,7.10,24.25,0.1721,5.81,746.0,85.0
56183,147.1,6.80,24.24,0.1648,6.07,746.0,85.0
56190,144.9,6.90,24.23,0.1672,5.98,746.0,85.0
56197,142.9,7.00,24.22,0.1695,5.90,746.0,85.0
56204,142.9,7.00,24.20,0.1694,5.90,746.0,85.0
56211,147.1,6.80,24.19,0.1645,6.08,746.0,85.0
56218,142.9,7.00,24.18,0.1693,5.91,746.0,85.0
56225,142.9,7.00,24.17,0.1692,5.91,746.0,85.0
56231,147.1,6.80,24.17,0.1643,6.09,746.0,85.0
56238,142.9,7.00,24.16,0.1691,5.92,746.0,85.0
56245,142.9,7.00,24.15,0.1690,5.92,746.0,85.0
56252,144.9,6.90,24.14,0.1665,6.00,746.0,85.0
56259,142.9,7.00,24.12,0.1689,5.92,746.0,85.0
56266,142.9,7.00,24.11,0.1688,5.93,746.0,85.0
56273,144.9,6.90,24.10,0.1663,6.01,746.0,85.0
56280,142.9,7.00,24.09,0.1687,5.93,746.0,85.0
56287,144.9,6.90,24.09,0.1662,6.01,746.0,85.0
56294,142.9,7.00,24.09,0.1686,5.93,746.0,85.0
56301,147.1,6.80,24.09,0.1638,6.11,746.0,85.0
56308,142.9,7.00,24.09,0.1686,5.93,746.0,85.0
56315,144.9,6.90,24.09,0.1662,6.01,746.0,85.0
56322,140.8,7.10,24.09,0.1710,5.84,746.0,85.0
56329,144.9,6.90,24.09,0.1662,6.01,746.0,85.0
56336,147.1,6.80,24.09,0.1638,6.11,746.0,85.0
56343,142.9,7.00,24.09,0.1686,5.93,746.0,85.0
56349,144.9,6.90,24.09,0.1662,6.01,746.0,85.0
56356,142.9,7.00,24.09,0.1686,5.93,746.0,85.0
56363,144.9,6.90,24.09,0.1662,6.01,746.0,85.0
56370,142.9,7.00,24.09,0.1686,5.93,746.0,85.0
56377,144.9,6.90,24.09,0.1662,6.01,746.0,85.0
56384,140.8,7.10,24.09,0.1710,5.84,746.0,85.0
56391,147.1,6.80,24.09,0.1638,6.11,746.0,85.0
56398,142.9,7.00,24.09,0.1686,5.93,746.0,85.0
56405,144.9,6.90,24.09,0.1662,6.01,746.0,85.0
56412,140.8,7.10,24.09,0.1710,5.84,746.0,85.0
56419,144.9,6.90,24.09,0.1662,6.01,746.0,85.0
56426,144.9,6.90,24.09,0.1662,6.01,746.0,85.0
56433,142.9,7.00,24.09,0.1686,5.93,746.0,85.0
56440,144.9,6.90,24.09,0.1662,6.01,746.0,85.0
56447,147.1,6.80,24.09,0.1638,6.11,746.0,85.0
56454,142.9,7.00,24.09,0.1686,5.93,746.0,85.0
56461,140.8,7.10,24.09,0.1710,5.84,746.0,85.0
56468,144.9,6.90,24.09,0.1662,6.01,746.0,85.0
56475,144.9,6.90,24.09,0.1662,6.01,746.0,85.0
56481,144.9,6.90,24.09,0.1662,6.01,746.0,85.0
56488,144.9,6.90,24.09,0.1662,6.01,746.0,85.0
56495,144.9,6.90,24.09,0.1662,6.01,746.0,85.0
56502,140.8,7.10,24.09,0.1710,5.84,746.0,85.0
56509,144.9,6.90,24.09,0.1662,6.01,746.0,85.0
56516,144.9,6.90,24.09,0.1662,6.01,746.0,85.0
56523,142.9,7.00,24.09,0.1686,5.93,746.0,85.0
56530,144.9,6.90,24.09,0.1662,6.01,746.0,85.0
56537,142.9,7.00,24.09,0.1686,5.93,746.0,85.0
56544,144.9,6.90,24.09,0.1662,6.01,746.0,85.0
56551,140.8,7.10,24.09,0.1710,5.84,746.0,85.0
56558,144.9,6.90,24.09,0.1662,6.01,746.0,85.0
56565,144.9,6.90,24.09,0.1662,6.01,746.0,85.0
56572,142.9,7.00,24.09,0.1686,5.93,746.0,85.0
56579,147.1,6.80,24.09,0.1638,6.11,746.0,85.0
56586,142.9,7.00,24.09,0.1686,5.93,746.0,85.0
56593,142.9,7.00,24.09,0.1686,5.93,746.0,85.0
56600,144.9,6.90,24.09,0.1662,6.01,746.0,85.0
56606,144.9,6.90,24.09,0.1662,6.01,746.0,85.0
56613,144.9,6.90,24.09,0.1662,6.01,746.0,85.0
56620,142.9,7.00,24.09,0.1686,5.93,746.0,85.0
56627,142.9,7.00,24.09,0.1686,5.93,746.0,85.0
56634,144.9,6.90,24.09,0.1662,6.01,746.0,85.0
56641,142.9,7.00,24.09,0.1686,5.93,746.0,85.0
56648,144.9,6.90,24.09,0.1662,6.01,746.0,85.0
56655,142.9,7.00,24.09,0.1686,5.93,746.0,85.0
56662,144.9,6.90,24.09,0.1662,6.01,746.0,85.0
56669,140.8,7.10,24.09,0.1710,5.84,746.0,85.0
56676,147.1,6.80,24.09,0.1638,6.11,746.0,85.0
56683,142.9,7.00,24.09,0.1686,5.93,746.0,85.0
56690,144.9,6.90,24.09,0.1662,6.01,746.0,85.0
56697,142.9,7.00,24.09,0.1686,5.93,746.0,85.0
56704,147.1,6.80,24.09,0.1638,6.11,746.0,85.0
56711,142.9,7.00,24.09,0.1686,5.93,746.0,85.0
56718,144.9,6.90,24.09,0.1662,6.01,746.0,85.0
56725,142.9,7.00,24.09,0.1686,5.93,746.0,85.0
56731,144.9,6.90,24.09,0.1662,6.02,746.0,85.1
56738,142.9,7.00,24.08,0.1686,5.93,746.0,85.1
56745,144.9,6.90,24.08,0.1662,6.02,746.0,85.2
56752,144.9,6.90,24.08,0.1661,6.02,746.0,85.3
56759,142.9,7.00,24.07,0.1685,5.94,746.0,85.3
56766,142.9,7.00,24.07,0.1685,5.94,746.0,85.4
56773,144.9,6.90,24.07,0.1661,6.02,746.0,85.5
56780,142.9,7.00,24.06,0.1684,5.94,746.0,85.5
56787,147.1,6.80,24.06,0.1636,6.11,746.0,85.6
56794,142.9,7.00,24.06,0.1684,5.94,746.0,85.6
56801,144.9,6.90,24.05,0.1660,6.02,746.0,85.7
56808,142.9,7.00,24.05,0.1684,5.94,746.0,85.8
56815,144.9,6.90,24.05,0.1659,6.03,746.0,85.8
56822,142.9,7.00,24.04,0.1683,5.94,746.0,85.9
56829,142.9,7.00,24.04,0.1683,5.94,746.0,86.0
56836,144.9,6.90,24.04,0.1659,6.03,746.0,86.0
56843,144.9,6.90,24.04,0.1659,6.03,746.0,86.0
56850,142.9,7.00,24.04,0.1683,5.94,746.0,86.0
56857,142.9,7.00,24.04,0.1683,5.94,746.0,86.0
56863,144.9,6.90,24.04,0.1659,6.03,746.0,86.0
56870,144.9,6.90,24.04,0.1659,6.03,746.0,86.0
56877,142.9,7.00,24.04,0.1683,5.94,746.0,86.0
56884,144.9,6.90,24.04,0.1659,6.03,746.0,86.0
56891,142.9,7.00,24.04,0.1683,5.94,746.0,86.0
56898,147.1,6.80,24.04,0.1635,6.12,746.0,86.0
56905,142.9,7.00,24.04,0.1683,5.94,746.0,86.0
56912,147.1,6.80,24.04,0.1635,6.12,746.0,86.0
56919,142.9,7.00,24.04,0.1683,5.94,746.0,86.0
56926,144.9,6.90,24.04,0.1659,6.03,746.0,86.0
56933,142.9,7.00,24.04,0.1683,5.94,746.0,86.0
56940,142.9,7.00,24.04,0.1683,5.94,746.0,86.0
56947,144.9,6.90,24.04,0.1659,6.03,746.0,86.0
56954,140.8,7.10,24.04,0.1707,5.86,746.0,86.0
56961,147.1,6.80,24.04,0.1635,6.12,746.0,86.0
56968,142.9,7.00,24.04,0.1683,5.94,746.0,86.0
56975,142.9,7.00,24.04,0.1683,5.94,746.0,86.0
56982,138.9,7.20,24.04,0.1731,5.78,746.0,86.0
56989,147.1,6.80,24.04,0.1635,6.12,746.0,86.0
56995,147.1,6.80,24.04,0.1635,6.12,746.0,86.0
57002,142.9,7.00,24.04,0.1683,5.94,746.0,86.0
57009,142.9,7.00,24.04,0.1683,5.94,746.0,86.0
57016,144.9,6.90,24.04,0.1659,6.03,746.0,86.0
57023,144.9,6.90,24.04,0.1659,6.03,746.0,86.0
57030,142.9,7.00,24.04,0.1683,5.94,746.0,86.0
57037,144.9,6.90,24.04,0.1659,6.03,746.0,86.0
57044,142.9,7.00,24.04,0.1683,5.94,746.0,86.0
57051,144.9,6.90,24.04,0.1659,6.03,746.0,86.0
57058,144.9,6.90,24.04,0.1659,6.03,746.0,86.0
57065,144.9,6.90,24.04,0.1659,6.03,746.0,86.0
57072,142.9,7.00,24.04,0.1683,5.94,746.0,86.0
57079,142.9,7.00,24.04,0.1683,5.94,746.0,86.0
57086,144.9,6.90,24.04,0.1659,6.03,746.0,86.0
57093,144.9,6.90,24.04,0.1659,6.03,746.0,86.0
57100,142.9,7.00,24.04,0.1683,5.94,746.0,86.0
57106,147.1,6.80,24.04,0.1635,6.12,746.0,86.0
57113,142.9,7.00,24.04,0.1683,5.94,746.0,86.0
57120,144.9,6.90,24.04,0.1659,6.03,746.0,86.0
57127,142.9,7.00,24.04,0.1683,5.94,746.0,86.0
57134,144.9,6.90,24.04,0.1659,6.03,746.0,86.0
57141,144.9,6.90,24.04,0.1659,6.03,746.0,86.0
57148,147.1,6.80,24.04,0.1635,6.12,746.0,86.0
57155,142.9,7.00,24.04,0.1683,5.94,746.0,86.0
57162,140.8,7.10,24.04,0.1707,5.86,746.0,86.0
57169,144.9,6.90,24.04,0.1659,6.03,746.0,86.0
57176,144.9,6.90,24.04,0.1659,6.03,746.0,86.0
57183,142.9,7.00,24.04,0.1683,5.94,746.0,86.0
57190,144.9,6.90,24.04,0.1659,6.03,746.0,86.0
57197,144.9,6.90,24.04,0.1659,6.03,746.0,86.0
57204,144.9,6.90,24.04,0.1659,6.03,746.0,86.0
57211,142.9,7.00,24.04,0.1683,5.94,746.0,86.0
57218,142.9,7.00,24.04,0.1683,5.94,746.0,86.0
57225,144.9,6.90,24.04,0.1659,6.03,746.0,86.0
57232,142.9,7.00,24.04,0.1683,5.94,746.0,86.0
57238,144.9,6.90,24.04,0.1659,6.03,746.0,86.0
57245,142.9,7.00,24.04,0.1683,5.94,746.0,86.0
57252,147.1,6.80,24.04,0.1635,6.12,746.0,86.0
57259,142.9,7.00,24.04,0.1683,5.94,746.0,86.0
57266,142.9,7.00,24.04,0.1683,5.94,746.0,86.0
57273,144.9,6.90,24.04,0.1659,6.03,746.0,86.0
57280,144.9,6.90,24.04,0.1659,6.03,746.0,85.9
57287,144.9,6.90,24.04,0.1659,6.03,746.0,85.9
57294,142.9,7.00,24.03,0.1682,5.95,746.0,85.8
57301,142.9,7.00,24.03,0.1682,5.95,746.0,85.8
57308,144.9,6.90,24.03,0.1658,6.03,746.0,85.7
57315,144.9,6.90,24.03,0.1658,6.03,746.0,85.6
57322,142.9,7.00,24.03,0.1682,5.95,746.0,85.6
57329,142.9,7.00,24.02,0.1682,5.95,746.0,85.5
57336,144.9,6.90,24.02,0.1658,6.03,746.0,85.4
57343,142.9,7.00,24.02,0.1681,5.95,746.0,85.4
57349,147.1,6.80,24.02,0.1633,6.12,746.0,85.3
57356,142.9,7.00,24.02,0.1681,5.95,746.0,85.2
57363,144.9,6.90,24.02,0.1657,6.03,746.0,85.2
57370,142.9,7.00,24.01,0.1681,5.95,746.0,85.1
57377,144.9,6.90,24.01,0.1657,6.03,746.0,85.1
57384,144.9,6.90,24.01,0.1657,6.03,746.0,85.0
57392,129.9,7.70,24.01,0.1849,5.41,746.0,85.0
57398,158.7,6.30,24.01,0.1513,6.61,746.0,85.0
57405,140.8,7.10,24.01,0.1705,5.86,746.0,85.0
57412,144.9,6.90,24.01,0.1657,6.03,746.0,85.0
57419,142.9,7.00,24.01,0.1681,5.95,746.0,85.0
57426,142.9,7.00,24.01,0.1681,5.95,746.0,85.0
57433,144.9,6.90,24.01,0.1657,6.03,746.0,85.0
57440,144.9,6.90,24.01,0.1657,6.03,746.0,85.0
57447,142.9,7.00,24.01,0.1681,5.95,746.0,85.0
57455,131.6,7.60,24.01,0.1825,5.48,746.0,85.0
57461,158.7,6.30,24.01,0.1513,6.61,746.0,85.0
57468,142.9,7.00,24.01,0.1681,5.95,746.0,85.0
57475,142.9,7.00,24.01,0.1681,5.95,746.0,85.0
57482,149.3,6.70,24.01,0.1609,6.22,746.0,85.0
57490,125.0,8.00,24.01,0.1921,5.21,746.0,85.0
57496,166.7,6.00,24.01,0.1441,6.94,746.0,85.0
57502,147.1,6.80,24.01,0.1633,6.13,746.0,85.0
57509,142.9,7.00,24.01,0.1681,5.95,746.0,85.0
57516,144.9,6.90,24.01,0.1657,6.03,746.0,85.0
57523,142.9,7.00,24.01,0.1681,5.95,746.0,85.0
57530,144.9,6.90,24.01,0.1657,6.03,746.0,85.0
57537,147.1,6.80,24.01,0.1633,6.13,746.0,85.0
57544,140.8,7.10,24.01,0.1705,5.86,746.0,85.0
57551,147.1,6.80,24.01,0.1633,6.13,746.0,85.0
57558,142.9,7.00,24.01,0.1681,5.95,746.0,85.0
57565,144.9,6.90,24.01,0.1657,6.03,746.0,85.0
57572,140.8,7.10,24.01,0.1705,5.86,746.0,85.0
57579,149.3,6.70,24.01,0.1609,6.22,746.0,85.0
57586,140.8,7.10,24.01,0.1705,5.86,746.0,85.0
57593,144.9,6.90,24.01,0.1657,6.03,746.0,85.0
57600,142.9,7.00,24.01,0.1681,5.95,746.0,85.0
57606,144.9,6.90,24.01,0.1657,6.03,746.0,85.0
57613,144.9,6.90,24.01,0.1657,6.03,746.0,85.0
57620,142.9,7.00,24.01,0.1681,5.95,746.0,85.0
57627,142.9,7.00,24.01,0.1681,5.95,746.0,85.0
57634,144.9,6.90,24.01,0.1657,6.03,746.0,85.0
57641,142.9,7.00,24.01,0.1681,5.95,746.0,85.0
57648,144.9,6.90,24.01,0.1657,6.03,746.0,85.0
57655,142.9,7.00,24.01,0.1681,5.95,746.0,85.0
57662,147.1,6.80,24.01,0.1633,6.13,746.0,85.0
57669,142.9,7.00,24.01,0.1681,5.95,746.0,85.0
57676,142.9,7.00,24.01,0.1681,5.95,746.0,85.0
57683,144.9,6.90,24.01,0.1657,6.03,746.0,85.0
57690,144.9,6.90,24.01,0.1657,6.03,746.0,85.0
57697,142.9,7.00,24.01,0.1681,5.95,746.0,85.0
57704,144.9,6.90,24.01,0.1657,6.03,746.0,85.0
57711,144.9,6.90,24.01,0.1657,6.03,746.0,85.0
57718,140.8,7.10,24.01,0.1705,5.86,746.0,85.0
57724,147.1,6.80,24.00,0.1632,6.13,746.0,85.0
57732,140.8,7.10,24.00,0.1704,5.87,746.0,85.0
57738,147.1,6.80,24.00,0.1632,6.13,746.0,85.0
57745,140.8,7.10,23.99,0.1703,5.87,746.0,85.0
57752,144.9,6.90,23.99,0.1655,6.04,746.0,85.0
57759,144.9,6.90,23.98,0.1655,6.04,746.0,85.0
57766,144.9,6.90,23.98,0.1654,6.04,746.0,85.0
57773,144.9,6.90,23.97,0.1654,6.04,746.0,85.0
57780,140.8,7.10,23.97,0.1702,5.87,746.0,85.0
57787,142.9,7.00,23.96,0.1677,5.96,746.0,85.0
57794,149.3,6.70,23.96,0.1605,6.23,746.0,85.0
57801,140.8,7.10,23.95,0.1701,5.88,746.0,85.0
57808,142.9,7.00,23.95,0.1677,5.97,746.0,85.0
57815,144.9,6.90,23.95,0.1652,6.05,746.0,85.0
57822,142.9,7.00,23.94,0.1676,5.97,746.0,85.0
57829,144.9,6.90,23.94,0.1652,6.05,746.0,85.0
57836,142.9,7.00,23.94,0.1676,5.97,746.0,85.0
57843,147.1,6.80,23.94,0.1628,6.14,746.0,85.0
57850,140.8,7.10,23.94,0.1700,5.88,746.0,85.0
57857,144.9,6.90,23.94,0.1652,6.05,746.0,85.0
57864,142.9,7.00,23.94,0.1676,5.97,746.0,85.0
57870,144.9,6.90,23.94,0.1652,6.05,746.0,85.0
57877,144.9,6.90,23.94,0.1652,6.05,746.0,85.0
57884,144.9,6.90,23.94,0.1652,6.05,746.0,85.0
57891,144.9,6.90,23.94,0.1652,6.05,746.0,85.0
57898,142.9,7.00,23.94,0.1676,5.97,746.0,85.0
57905,144.9,6.90,23.94,0.1652,6.05,746.0,85.0
57912,144.9,6.90,23.94,0.1652,6.05,746.0,85.0
57919,142.9,7.00,23.94,0.1676,5.97,746.0,85.0
57926,144.9,6.90,23.94,0.1652,6.05,746.0,85.0
57933,144.9,6.90,23.94,0.1652,6.05,746.0,85.0
57940,142.9,7.00,23.94,0.1676,5.97,746.0,85.0
57947,144.9,6.90,23.94,0.1652,6.05,746.0,85.0
57954,142.9,7.00,23.94,0.1676,5.97,746.0,85.0
57961,142.9,7.00,23.94,0.1676,5.97,746.0,85.0
57967,147.1,6.80,23.94,0.1628,6.14,746.0,85.0
57974,142.9,7.00,23.94,0.1676,5.97,746.0,85.0
57981,142.9,7.00,23.94,0.1676,5.97,746.0,85.0
57988,144.9,6.90,23.94,0.1652,6.05,746.0,85.0
57995,144.9,6.90,23.94,0.1652,6.05,746.0,85.0
58002,142.9,7.00,23.94,0.1676,5.97,746.0,85.0
58009,144.9,6.90,23.94,0.1652,6.05,746.0,85.0
58016,144.9,6.90,23.94,0.1652,6.05,746.0,85.0
58023,140.8,7.10,23.94,0.1700,5.88,746.0,85.0
58030,144.9,6.90,23.94,0.1652,6.05,746.0,85.0
58037,144.9,6.90,23.94,0.1652,6.05,746.0,85.0
58044,144.9,6.90,23.94,0.1652,6.05,746.0,85.0
58051,140.8,7.10,23.94,0.1700,5.88,746.0,85.0
58058,144.9,6.90,23.94,0.1652,6.05,746.0,85.0
58065,142.9,7.00,23.94,0.1676,5.97,746.0,85.0
58072,144.9,6.90,23.94,0.1652,6.05,746.0,85.0
58079,144.9,6.90,23.94,0.1652,6.05,746.0,85.0
58086,142.9,7.00,23.94,0.1676,5.97,746.0,85.0
58093,142.9,7.00,23.94,0.1676,5.97,746.0,85.0
58100,144.9,6.90,23.94,0.1652,6.05,746.0,85.0
58106,144.9,6.90,23.94,0.1652,6.05,746.0,85.0
58113,142.9,7.00,23.94,0.1676,5.97,746.0,85.0
58120,147.1,6.80,23.94,0.1628,6.14,746.0,85.0
58127,140.8,7.10,23.94,0.1700,5.88,746.0,85.0
58134,144.9,6.90,23.94,0.1652,6.05,746.0,85.0
58141,142.9,7.00,23.94,0.1676,5.97,746.0,85.0
58148,147.1,6.80,23.94,0.1628,6.14,746.0,85.0
58155,142.9,7.00,23.94,0.1676,5.97,746.0,85.0
58162,144.9,6.90,23.94,0.1652,6.05,746.0,85.0
58169,142.9,7.00,23.94,0.1676,5.97,746.0,85.0
58176,142.9,7.00,23.94,0.1676,5.97,746.0,85.0
58183,147.1,6.80,23.94,0.1628,6.14,746.0,85.0
58190,140.8,7.10,23.94,0.1700,5.88,746.0,85.0
58197,144.9,6.90,23.94,0.1652,6.05,746.0,85.0
58204,144.9,6.90,23.94,0.1652,6.05,746.0,85.0
58211,144.9,6.90,23.94,0.1652,6.05,746.0,85.0
58218,142.9,7.00,23.94,0.1676,5.97,746.0,85.0
58225,142.9,7.00,23.94,0.1676,5.97,746.0,85.0
58231,144.9,6.90,23.94,0.1652,6.05,746.0,85.0
58238,142.9,7.00,23.94,0.1676,5.97,746.0,85.0
58245,142.9,7.00,23.94,0.1676,5.97,746.0,85.0
58252,147.1,6.80,23.94,0.1628,6.14,746.0,85.0
58259,142.9,7.00,23.94,0.1676,5.97,746.0,85.0
58266,147.1,6.80,23.94,0.1628,6.15,746.0,85.0
58273,144.9,6.90,23.93,0.1651,6.05,746.0,85.0
58280,140.8,7.10,23.92,0.1699,5.89,746.0,85.0
58287,144.9,6.90,23.92,0.1650,6.06,746.0,85.0
58294,142.9,7.00,23.91,0.1674,5.98,746.0,85.0
58301,144.9,6.90,23.91,0.1649,6.06,746.0,85.0
58308,142.9,7.00,23.90,0.1673,5.98,746.0,85.0
58315,144.9,6.90,23.89,0.1649,6.06,746.0,85.0
58322,142.9,7.00,23.89,0.1672,5.98,746.0,85.0
58329,144.9,6.90,23.88,0.1648,6.07,746.0,85.0
58336,142.9,7.00,23.87,0.1671,5.99,746.0,85.0
58342,147.1,6.80,23.87,0.1623,6.16,746.0,85.0
58350,140.8,7.10,23.86,0.1694,5.90,746.0,85.0
58356,147.1,6.80,23.86,0.1622,6.17,746.0,85.0
58363,142.9,7.00,23.85,0.1669,5.99,746.0,85.0
58370,144.9,6.90,23.84,0.1645,6.08,746.0,85.0
58377,142.9,7.00,23.84,0.1669,5.99,746.0,85.0
58384,142.9,7.00,23.84,0.1669,5.99,746.0,85.0
58391,144.9,6.90,23.84,0.1645,6.08,746.0,85.0
58398,142.9,7.00,23.84,0.1669,5.99,746.0,85.0
58405,142.9,7.00,23.84,0.1669,5.99,746.0,85.0
58412,144.9,6.90,23.84,0.1645,6.08,746.0,85.0
58419,144.9,6.90,23.84,0.1645,6.08,746.0,85.0
58426,144.9,6.90,23.84,0.1645,6.08,746.0,85.0
58433,144.9,6.90,23.84,0.1645,6.08,746.0,85.0
58440,144.9,6.90,23.84,0.1645,6.08,746.0,85.0
58447,142.9,7.00,23.84,0.1669,5.99,746.0,85.0
58454,144.9,6.90,23.84,0.1645,6.08,746.0,85.0
58461,142.9,7.00,23.84,0.1669,5.99,746.0,85.0
58468,142.9,7.00,23.84,0.1669,5.99,746.0,85.0
58475,142.9,7.00,23.84,0.1669,5.99,746.0,85.0
58482,142.9,7.00,23.84,0.1669,5.99,746.0,85.0
58488,144.9,6.90,23.84,0.1645,6.08,746.0,85.0
58495,142.9,7.00,23.84,0.1669,5.99,746.0,85.0
58502,147.1,6.80,23.84,0.1621,6.17,746.0,85.0
58509,142.9,7.00,23.84,0.1669,5.99,746.0,85.0
58516,142.9,7.00,23.84,0.1669,5.99,746.0,85.0
58523,149.3,6.70,23.84,0.1597,6.26,746.0,85.0
58530,144.9,6.90,23.84,0.1645,6.08,746.0,85.0
58537,140.8,7.10,23.84,0.1693,5.91,746.0,85.0
58544,142.9,7.00,23.84,0.1669,5.99,746.0,85.0
58551,144.9,6.90,23.84,0.1645,6.08,746.0,85.0
58558,144.9,6.90,23.84,0.1645,6.08,746.0,85.0
58565,142.9,7.00,23.84,0.1669,5.99,746.0,85.0
58572,144.9,6.90,23.84,0.1645,6.08,746.0,85.0
58579,142.9,7.00,23.84,0.1669,5.99,746.0,85.0
58586,144.9,6.90,23.84,0.1645,6.08,746.0,85.0
58593,142.9,7.00,23.84,0.1669,5.99,746.0,85.0
58600,142.9,7.00,23.84,0.1669,5.99,746.0,85.0
58606,144.9,6.90,23.84,0.1645,6.08,746.0,85.0
58613,142.9,7.00,23.84,0.1669,5.99,746.0,85.0
58620,144.9,6.90,23.84,0.1645,6.08,746.0,85.0
58627,144.9,6.90,23.84,0.1645,6.08,746.0,85.0
58634,142.9,7.00,23.84,0.1669,5.99,746.0,85.0
58641,144.9,6.90,23.84,0.1645,6.08,746.0,85.0
58648,144.9,6.90,23.84,0.1645,6.08,746.0,85.0
58655,144.9,6.90,23.84,0.1645,6.08,746.0,85.0
58662,142.9,7.00,23.84,0.1669,5.99,746.0,85.0
58669,142.9,7.00,23.84,0.1669,5.99,746.0,85.0
58676,142.9,7.00,23.84,0.1669,5.99,746.0,85.0
58683,144.9,6.90,23.84,0.1645,6.08,746.0,85.0
58690,144.9,6.90,23.84,0.1645,6.08,746.0,85.0
58697,144.9,6.90,23.84,0.1645,6.08,746.0,85.0
58704,142.9,7.00,23.84,0.1669,5.99,746.0,85.0
58711,144.9,6.90,23.84,0.1645,6.08,746.0,85.0
58718,140.8,7.10,23.84,0.1692,5.91,746.0,85.0
58724,147.1,6.80,23.84,0.1621,6.17,746.0,85.0
58731,142.9,7.00,23.83,0.1668,6.00,746.0,85.0
58738,142.9,7.00,23.83,0.1668,6.00,746.0,85.0
58745,147.1,6.80,23.83,0.1621,6.17,746.0,85.0
58752,140.8,7.10,23.83,0.1692,5.91,746.0,85.0
58759,147.1,6.80,23.83,0.1620,6.17,746.0,85.0
58766,142.9,7.00,23.83,0.1668,6.00,746.0,85.0
58773,144.9,6.90,23.83,0.1644,6.08,746.0,85.0
58780,142.9,7.00,23.83,0.1668,6.00,746.0,85.0
58787,144.9,6.90,23.82,0.1644,6.08,746.0,85.0
58794,142.9,7.00,23.82,0.1668,6.00,746.0,85.0
58801,144.9,6.90,23.82,0.1644,6.08,746.0,85.0
58808,142.9,7.00,23.82,0.1667,6.00,746.0,85.0
58815,144.9,6.90,23.82,0.1644,6.08,746.0,85.0
58822,144.9,6.90,23.82,0.1644,6.08,746.0,85.0
58829,142.9,7.00,23.82,0.1667,6.00,746.0,85.0
58836,142.9,7.00,23.82,0.1667,6.00,746.0,85.0
58843,144.9,6.90,23.82,0.1644,6.08,746.0,85.0
58849,144.9,6.90,23.82,0.1644,6.08,746.0,85.0
58856,142.9,7.00,23.82,0.1667,6.00,746.0,85.0
58863,144.9,6.90,23.82,0.1644,6.08,746.0,85.0
58870,144.9,6.90,23.82,0.1644,6.08,746.0,85.0
58877,140.8,7.10,23.82,0.1691,5.91,746.0,85.0
58884,144.9,6.90,23.82,0.1644,6.08,746.0,85.0
58891,144.9,6.90,23.82,0.1644,6.08,746.0,85.0
58898,144.9,6.90,23.82,0.1644,6.08,746.0,85.0
58905,142.9,7.00,23.82,0.1667,6.00,746.0,85.0
58912,144.9,6.90,23.82,0.1644,6.08,746.0,85.0
58919,144.9,6.90,23.82,0.1644,6.08,746.0,85.0
58926,142.9,7.00,23.82,0.1667,6.00,746.0,85.0
58933,142.9,7.00,23.82,0.1667,6.00,746.0,85.0
58940,144.9,6.90,23.82,0.1644,6.08,746.0,85.0
58947,140.8,7.10,23.82,0.1691,5.91,746.0,85.0
58954,147.1,6.80,23.82,0.1620,6.18,746.0,85.0
58961,144.9,6.90,23.82,0.1644,6.08,746.0,85.0
58968,142.9,7.00,23.82,0.1667,6.00,746.0,85.0
58975,142.9,7.00,23.82,0.1667,6.00,746.0,85.0
58981,144.9,6.90,23.82,0.1644,6.08,746.0,85.0
58988,144.9,6.90,23.82,0.1644,6.08,746.0,85.0
58995,144.9,6.90,23.82,0.1644,6.08,746.0,85.0
59002,140.8,7.10,23.82,0.1691,5.91,746.0,85.0
59009,144.9,6.90,23.82,0.1644,6.08,746.0,85.0
59016,144.9,6.90,23.82,0.1644,6.08,746.0,85.0
59023,144.9,6.90,23.82,0.1644,6.08,746.0,85.0
59030,144.9,6.90,23.82,0.1644,6.08,746.0,85.0
59037,142.9,7.00,23.82,0.1667,6.00,746.0,85.0
59044,142.9,7.00,23.82,0.1667,6.00,746.0,85.0
59051,144.9,6.90,23.82,0.1644,6.08,746.0,85.0
59058,142.9,7.00,23.82,0.1667,6.00,746.0,85.0
59065,144.9,6.90,23.82,0.1644,6.08,746.0,85.0
59072,144.9,6.90,23.82,0.1644,6.08,746.0,85.0
59079,142.9,7.00,23.82,0.1667,6.00,746.0,85.0
59085,147.1,6.80,23.82,0.1620,6.18,746.0,85.0
59093,140.8,7.10,23.82,0.1691,5.91,746.0,85.0
59099,144.9,6.90,23.82,0.1644,6.08,746.0,85.0
59106,144.9,6.90,23.82,0.1644,6.08,746.0,85.0
59113,142.9,7.00,23.82,0.1667,6.00,746.0,85.0
59120,144.9,6.90,23.82,0.1644,6.08,746.0,85.0
59127,142.9,7.00,23.82,0.1667,6.00,746.0,85.0
59134,144.9,6.90,23.82,0.1644,6.08,746.0,85.0
59141,140.8,7.10,23.82,0.1691,5.91,746.0,85.0
59148,147.1,6.80,23.82,0.1620,6.18,746.0,85.0
59155,142.9,7.00,23.82,0.1667,6.00,746.0,85.0
59162,144.9,6.90,23.82,0.1644,6.08,746.0,85.0
59169,144.9,6.90,23.82,0.1644,6.08,746.0,85.0
59176,142.9,7.00,23.82,0.1667,6.00,746.0,85.0
59183,142.9,7.00,23.82,0.1667,6.00,746.0,85.0
59190,142.9,7.00,23.82,0.1667,6.00,746.0,85.0
59197,147.1,6.80,23.82,0.1620,6.18,746.0,85.0
59204,144.9,6.90,23.82,0.1644,6.08,746.0,85.0
59211,142.9,7.00,23.82,0.1667,6.00,746.0,85.0
59218,142.9,7.00,23.82,0.1667,6.00,746.0,85.0
59224,144.9,6.90,23.82,0.1644,6.08,746.0,85.0
59231,142.9,7.00,23.82,0.1667,6.00,746.0,85.0
59238,144.9,6.90,23.82,0.1644,6.08,746.0,85.0
59245,144.9,6.90,23.82,0.1644,6.08,746.0,85.0
59252,140.8,7.10,23.82,0.1691,5.91,746.0,85.0
59259,144.9,6.90,23.81,0.1643,6.08,746.0,85.0
59266,144.9,6.90,23.81,0.1643,6.09,746.0,85.0
59273,144.9,6.90,23.81,0.1643,6.09,746.0,85.0
59280,144.9,6.90,23.80,0.1642,6.09,746.0,85.0
59287,144.9,6.90,23.80,0.1642,6.09,746.0,85.0
59294,142.9,7.00,23.79,0.1666,6.01,746.0,85.0
59301,142.9,7.00,23.79,0.1665,6.01,746.0,85.0
59308,144.9,6.90,23.79,0.1641,6.09,746.0,85.0
59315,142.9,7.00,23.78,0.1665,6.01,746.0,85.0
59322,147.1,6.80,23.78,0.1617,6.19,746.0,85.0
59329,140.8,7.10,23.77,0.1688,5.92,746.0,85.0
59336,142.9,7.00,23.77,0.1664,6.01,746.0,85.0
59342,147.1,6.80,23.77,0.1616,6.19,746.0,85.0
59349,142.9,7.00,23.76,0.1663,6.01,746.0,85.0
59356,147.1,6.80,23.76,0.1616,6.19,746.0,85.0
59363,140.8,7.10,23.76,0.1687,5.93,746.0,85.0
59370,144.9,6.90,23.76,0.1639,6.10,746.0,85.0
59377,142.9,7.00,23.76,0.1663,6.01,746.0,85.0
59384,142.9,7.00,23.76,0.1663,6.01,746.0,85.0
59391,144.9,6.90,23.76,0.1639,6.10,746.0,85.0
59398,144.9,6.90,23.76,0.1639,6.10,746.0,85.0
59405,144.9,6.90,23.76,0.1639,6.10,746.0,85.0
59412,142.9,7.00,23.76,0.1663,6.01,746.0,85.0
59419,144.9,6.90,23.76,0.1639,6.10,746.0,85.0
59426,142.9,7.00,23.76,0.1663,6.01,746.0,85.0
59433,142.9,7.00,23.76,0.1663,6.01,746.0,85.0
59440,144.9,6.90,23.76,0.1639,6.10,746.0,85.0
59447,144.9,6.90,23.76,0.1639,6.10,746.0,85.0
59454,142.9,7.00,23.76,0.1663,6.01,746.0,85.0
59460,147.1,6.80,23.76,0.1616,6.19,746.0,85.0
59468,140.8,7.10,23.76,0.1687,5.93,746.0,85.0
59474,144.9,6.90,23.76,0.1639,6.10,746.0,85.0
59481,142.9,7.00,23.76,0.1663,6.01,746.0,85.0
59488,144.9,6.90,23.76,0.1639,6.10,746.0,85.0
59495,144.9,6.90,23.76,0.1639,6.10,746.0,85.0
59502,142.9,7.00,23.76,0.1663,6.01,746.0,85.0
59509,144.9,6.90,23.76,0.1639,6.10,746.0,85.0
59516,142.9,7.00,23.76,0.1663,6.01,746.0,85.0
59523,144.9,6.90,23.76,0.1639,6.10,746.0,85.0
59530,142.9,7.00,23.76,0.1663,6.01,746.0,85.0
59537,140.8,7.10,23.76,0.1687,5.93,746.0,85.0
59544,147.1,6.80,23.76,0.1616,6.19,746.0,85.0
59551,144.9,6.90,23.76,0.1639,6.10,746.0,85.0
59558,142.9,7.00,23.76,0.1663,6.01,746.0,85.0
59565,142.9,7.00,23.76,0.1663,6.01,746.0,85.0
59572,144.9,6.90,23.76,0.1639,6.10,746.0,85.0
59579,144.9,6.90,23.76,0.1639,6.10,746.0,85.0
59586,144.9,6.90,23.76,0.1639,6.10,746.0,85.0
59593,142.9,7.00,23.76,0.1663,6.01,746.0,85.0
59599,144.9,6.90,23.76,0.1639,6.10,746.0,85.0
59606,142.9,7.00,23.76,0.1663,6.01,746.0,85.0
59613,144.9,6.90,23.76,0.1639,6.10,746.0,85.0
59620,142.9,7.00,23.76,0.1663,6.01,746.0,85.0
59627,147.1,6.80,23.76,0.1616,6.19,746.0,85.0
59634,142.9,7.00,23.76,0.1663,6.01,746.0,85.0
59641,142.9,7.00,23.76,0.1663,6.01,746.0,85.0
59648,144.9,6.90,23.76,0.1639,6.10,746.0,85.0
59655,144.9,6.90,23.76,0.1639,6.10,746.0,85.0
59662,140.8,7.10,23.76,0.1687,5.93,746.0,85.0
59669,144.9,6.90,23.76,0.1639,6.10,746.0,85.0
59676,144.9,6.90,23.76,0.1639,6.10,746.0,85.0
59683,142.9,7.00,23.76,0.1663,6.01,746.0,85.0
59690,144.9,6.90,23.75,0.1639,6.10,746.0,85.0
59697,144.9,6.90,23.75,0.1638,6.10,746.0,85.0
59704,142.9,7.00,23.74,0.1662,6.02,746.0,85.0
59711,144.9,6.90,23.73,0.1638,6.11,746.0,85.0
59717,144.9,6.90,23.73,0.1637,6.11,746.0,85.0
59725,140.8,7.10,23.72,0.1684,5.94,746.0,85.0
59731,144.9,6.90,23.72,0.1636,6.11,746.0,85.0
59738,144.9,6.90,23.71,0.1636,6.11,746.0,85.0
59745,147.1,6.80,23.70,0.1612,6.21,746.0,85.0
59752,140.8,7.10,23.70,0.1682,5.94,746.0,85.0
59759,147.1,6.80,23.69,0.1611,6.21,746.0,85.0
59766,140.8,7.10,23.68,0.1681,5.95,746.0,85.0
59773,144.9,6.90,23.68,0.1634,6.12,746.0,85.0
59780,142.9,7.00,23.67,0.1657,6.04,746.0,85.0
59787,142.9,7.00,23.66,0.1656,6.04,746.0,85.0
59794,147.1,6.80,23.66,0.1609,6.22,746.0,85.0
59801,144.9,6.90,23.66,0.1633,6.12,746.0,85.0
59808,144.9,6.90,23.66,0.1633,6.12,746.0,85.0
59815,140.8,7.10,23.66,0.1680,5.95,746.0,85.0
59822,144.9,6.90,23.66,0.1633,6.12,746.0,85.0
59829,144.9,6.90,23.66,0.1633,6.12,746.0,85.0
59836,142.9,7.00,23.66,0.1656,6.04,746.0,85.0
59843,142.9,7.00,23.66,0.1656,6.04,746.0,85.0
59849,144.9,6.90,23.66,0.1633,6.12,746.0,85.0
59856,142.9,7.00,23.66,0.1656,6.04,746.0,85.0
59863,144.9,6.90,23.66,0.1633,6.12,746.0,85.0
59870,142.9,7.00,23.66,0.1656,6.04,746.0,85.0
59877,144.9,6.90,23.66,0.1633,6.12,746.0,85.0
59884,144.9,6.90,23.66,0.1633,6.12,746.0,85.0
59891,144.9,6.90,23.66,0.1633,6.12,746.0,85.0
59898,144.9,6.90,23.66,0.1633,6.12,746.0,85.0
59905,140.8,7.10,23.66,0.1680,5.95,746.0,85.0
59912,144.9,6.90,23.66,0.1633,6.12,746.0,85.0
59919,142.9,7.00,23.66,0.1656,6.04,746.0,85.0
59926,144.9,6.90,23.66,0.1633,6.12,746.0,85.0
59933,144.9,6.90,23.66,0.1633,6.12,746.0,85.0
59940,142.9,7.00,23.66,0.1656,6.04,746.0,85.0
59947,144.9,6.90,23.66,0.1633,6.12,746.0,85.0
59954,142.9,7.00,23.66,0.1656,6.04,746.0,85.0
59961,144.9,6.90,23.66,0.1633,6.12,746.0,85.0
59967,144.9,6.90,23.66,0.1633,6.12,746.0,85.0
59975,140.8,7.10,23.66,0.1680,5.95,746.0,85.0
59981,147.1,6.80,23.66,0.1609,6.22,746.0,85.0
59988,142.9,7.00,23.66,0.1656,6.04,746.0,85.0
59995,142.9,7.00,23.66,0.1656,6.04,746.0,85.0
60002,144.9,6.90,23.66,0.1633,6.12,746.0,85.0
