=== ANALISE DE METRICAS DE GPU (Green IT + VRAM) ===
API de Renderizacao: WEBGL-RAW
Cenario: D
Timestamp Unix de Inicio do Ensaio (ms): 1787453427598
Janela do Ensaio: 60.00 s
Amostras de GPU Utilizadas (nvidia-smi, 1 Hz): 6015

--- CONSUMO ACUMULADO DO ENSAIO (integral da curva de potencia) ---
Potencia Media (ponderada pelo tempo, janela de 60s): 22.71 W
Consumo Acumulado do Ensaio: 1362.58 J (0.3785 Wh)

--- METRICAS POR QUADRO (media sobre 8618 frames correlacionados) ---
Potencia Instantanea Media: 22.72 W
Potencia Instantanea Minima: 19.64 W
Potencia Instantanea Maxima: 24.04 W
Assinatura Energetica Media por Quadro (Joules/Frame): 0.1581 J
Coeficiente de Eficiencia Medio (Frames por Watt): 6.34 FPS/W
Total de Quadros Correlacionados: 8618 frames

--- ALOCACAO DE VRAM (MB, via nvidia-smi memory.used) ---
VRAM Media durante o Ensaio: 2772.8 MB
VRAM Minima durante o Ensaio: 2684.6 MB
VRAM Maxima durante o Ensaio: 2773.0 MB

--- TEMPERATURA DA GPU (°C, via nvidia-smi temperature.gpu) ---
Temperatura Media durante o Ensaio: 78.2 °C
Temperatura Minima durante o Ensaio: 76.3 °C
Temperatura Maxima durante o Ensaio: 79.0 °C
Deriva Termica no Ensaio (fim - inicio): +1.7 °C
  (nao e uma metrica da pesquisa — serve para auditar se a GPU estava em
  equilibrio termico. Compare entre ensaios do mesmo lote para checar vies
  sistematico entre condicoes testadas no inicio vs. no fim do lote.)

--- DADOS BRUTOS QUADRO A QUADRO (COM ENERGIA, VRAM E TEMPERATURA) ---
Tempo Decorrido (ms),FPS Instantaneo,Tempo de Frame (ms),Potencia Instantanea (W),Energia do Quadro (J),Frames por Watt,VRAM (MB),Temperatura (C)
41,24.4,41.00,19.89,0.8155,1.23,2684.6,76.3
110,14.4,69.50,20.62,1.4332,0.70,2701.5,76.4
173,16.0,62.40,21.29,1.3285,0.75,2716.9,76.5
180,142.9,7.00,21.36,0.1496,6.69,2718.6,76.6
187,144.9,6.90,21.44,0.1479,6.76,2720.3,76.6
194,142.9,7.00,21.51,0.1506,6.64,2722.0,76.6
201,142.9,7.00,21.59,0.1511,6.62,2723.8,76.6
208,144.9,6.90,21.66,0.1495,6.69,2725.5,76.6
215,142.9,7.00,21.74,0.1522,6.57,2727.2,76.6
222,144.9,6.90,21.81,0.1505,6.64,2728.9,76.6
229,142.9,7.00,21.88,0.1532,6.53,2730.6,76.7
235,144.9,6.90,21.95,0.1514,6.60,2732.1,76.7
242,142.9,7.00,22.02,0.1542,6.49,2733.8,76.7
249,144.9,6.90,22.10,0.1525,6.56,2735.5,76.7
256,142.9,7.00,22.17,0.1552,6.45,2737.2,76.7
263,147.1,6.80,22.25,0.1513,6.61,2738.9,76.7
270,142.9,7.00,22.32,0.1562,6.40,2740.7,76.7
277,144.9,6.90,22.39,0.1545,6.47,2742.4,76.8
284,142.9,7.00,22.47,0.1573,6.36,2744.1,76.8
291,142.9,7.00,22.54,0.1578,6.34,2745.8,76.8
298,144.9,6.90,22.62,0.1561,6.41,2747.5,76.8
305,144.9,6.90,22.69,0.1566,6.39,2749.2,76.8
312,142.9,7.00,22.77,0.1594,6.28,2751.0,76.8
319,144.9,6.90,22.84,0.1576,6.34,2752.7,76.8
326,142.9,7.00,22.91,0.1604,6.24,2754.4,76.8
333,142.9,7.00,22.99,0.1609,6.22,2756.1,76.9
340,144.9,6.90,23.06,0.1591,6.28,2757.8,76.9
347,144.9,6.90,23.14,0.1596,6.26,2759.5,76.9
353,144.9,6.90,23.20,0.1601,6.25,2761.0,76.9
360,142.9,7.00,23.27,0.1629,6.14,2762.7,76.9
367,142.9,7.00,23.35,0.1634,6.12,2764.4,76.9
374,144.9,6.90,23.42,0.1616,6.19,2766.1,76.9
381,144.9,6.90,23.50,0.1621,6.17,2767.9,77.0
388,142.9,7.00,23.57,0.1650,6.06,2769.6,77.0
395,142.9,7.00,23.65,0.1655,6.04,2771.3,77.0
402,142.9,7.00,23.72,0.1660,6.02,2773.0,77.0
409,147.1,6.80,23.72,0.1613,6.20,2773.0,77.0
416,142.9,7.00,23.72,0.1660,6.02,2773.0,77.0
423,144.9,6.90,23.72,0.1637,6.11,2773.0,77.0
430,144.9,6.90,23.72,0.1637,6.11,2773.0,77.0
437,142.9,7.00,23.72,0.1661,6.02,2773.0,77.0
444,144.9,6.90,23.72,0.1637,6.11,2773.0,77.0
451,144.9,6.90,23.72,0.1637,6.11,2773.0,77.0
458,142.9,7.00,23.72,0.1661,6.02,2773.0,77.1
465,142.9,7.00,23.72,0.1661,6.02,2773.0,77.1
472,144.9,6.90,23.72,0.1637,6.11,2773.0,77.1
479,142.9,7.00,23.72,0.1661,6.02,2773.0,77.1
486,142.9,7.00,23.73,0.1661,6.02,2773.0,77.1
492,147.1,6.80,23.73,0.1613,6.20,2773.0,77.1
499,142.9,7.00,23.73,0.1661,6.02,2773.0,77.1
506,144.9,6.90,23.73,0.1637,6.11,2773.0,77.1
513,142.9,7.00,23.73,0.1661,6.02,2773.0,77.1
520,144.9,6.90,23.73,0.1637,6.11,2773.0,77.1
527,142.9,7.00,23.73,0.1661,6.02,2773.0,77.1
534,144.9,6.90,23.73,0.1637,6.11,2773.0,77.1
541,142.9,7.00,23.73,0.1661,6.02,2773.0,77.1
548,144.9,6.90,23.73,0.1637,6.11,2773.0,77.1
555,144.9,6.90,23.73,0.1637,6.11,2773.0,77.2
562,142.9,7.00,23.73,0.1661,6.02,2773.0,77.2
569,142.9,7.00,23.73,0.1661,6.02,2773.0,77.2
576,144.9,6.90,23.73,0.1637,6.11,2773.0,77.2
583,144.9,6.90,23.73,0.1637,6.11,2773.0,77.2
590,144.9,6.90,23.73,0.1637,6.11,2773.0,77.2
597,142.9,7.00,23.73,0.1661,6.02,2773.0,77.2
604,142.9,7.00,23.73,0.1661,6.02,2773.0,77.2
610,144.9,6.90,23.73,0.1638,6.11,2773.0,77.2
617,144.9,6.90,23.73,0.1638,6.11,2773.0,77.2
624,144.9,6.90,23.73,0.1638,6.11,2773.0,77.2
631,142.9,7.00,23.73,0.1661,6.02,2773.0,77.2
638,142.9,7.00,23.73,0.1661,6.02,2773.0,77.2
645,144.9,6.90,23.73,0.1638,6.11,2773.0,77.2
652,144.9,6.90,23.73,0.1638,6.10,2773.0,77.3
659,142.9,7.00,23.74,0.1661,6.02,2773.0,77.3
666,144.9,6.90,23.74,0.1638,6.10,2773.0,77.3
673,144.9,6.90,23.74,0.1638,6.10,2773.0,77.3
680,142.9,7.00,23.74,0.1662,6.02,2773.0,77.3
687,144.9,6.90,23.74,0.1638,6.10,2773.0,77.3
694,142.9,7.00,23.74,0.1662,6.02,2773.0,77.3
701,144.9,6.90,23.74,0.1638,6.10,2773.0,77.3
708,142.9,7.00,23.74,0.1662,6.02,2773.0,77.3
715,144.9,6.90,23.74,0.1638,6.10,2773.0,77.3
722,142.9,7.00,23.74,0.1662,6.02,2773.0,77.3
728,144.9,6.90,23.74,0.1638,6.10,2773.0,77.3
735,142.9,7.00,23.74,0.1662,6.02,2773.0,77.3
742,144.9,6.90,23.74,0.1638,6.10,2773.0,77.3
749,144.9,6.90,23.74,0.1638,6.10,2773.0,77.3
756,140.8,7.10,23.74,0.1686,5.93,2773.0,77.4
763,144.9,6.90,23.74,0.1638,6.10,2773.0,77.4
770,144.9,6.90,23.74,0.1638,6.10,2773.0,77.4
777,142.9,7.00,23.74,0.1662,6.02,2773.0,77.4
784,147.1,6.80,23.74,0.1615,6.20,2773.0,77.4
791,142.9,7.00,23.74,0.1662,6.02,2773.0,77.4
798,142.9,7.00,23.74,0.1662,6.02,2773.0,77.4
805,144.9,6.90,23.74,0.1638,6.10,2773.0,77.4
812,142.9,7.00,23.74,0.1662,6.02,2773.0,77.4
819,144.9,6.90,23.75,0.1638,6.10,2773.0,77.4
826,144.9,6.90,23.75,0.1638,6.10,2773.0,77.4
833,140.8,7.10,23.75,0.1686,5.93,2773.0,77.4
840,142.9,7.00,23.75,0.1662,6.02,2773.0,77.4
847,147.1,6.80,23.75,0.1615,6.19,2773.0,77.4
854,142.9,7.00,23.75,0.1662,6.02,2773.0,77.5
860,144.9,6.90,23.75,0.1639,6.10,2773.0,77.5
867,144.9,6.90,23.75,0.1639,6.10,2773.0,77.5
874,142.9,7.00,23.75,0.1662,6.02,2773.0,77.5
881,144.9,6.90,23.75,0.1639,6.10,2773.0,77.5
888,144.9,6.90,23.75,0.1639,6.10,2773.0,77.5
895,142.9,7.00,23.75,0.1662,6.02,2773.0,77.5
902,142.9,7.00,23.75,0.1663,6.02,2773.0,77.5
909,144.9,6.90,23.75,0.1639,6.10,2773.0,77.5
916,144.9,6.90,23.75,0.1639,6.10,2773.0,77.5
923,144.9,6.90,23.75,0.1639,6.10,2773.0,77.5
930,142.9,7.00,23.75,0.1663,6.02,2773.0,77.5
937,142.9,7.00,23.75,0.1663,6.02,2773.0,77.5
944,144.9,6.90,23.75,0.1639,6.10,2773.0,77.5
951,142.9,7.00,23.75,0.1663,6.02,2773.0,77.5
958,144.9,6.90,23.75,0.1639,6.10,2773.0,77.6
965,142.9,7.00,23.75,0.1663,6.02,2773.0,77.6
972,144.9,6.90,23.75,0.1639,6.10,2773.0,77.6
978,144.9,6.90,23.75,0.1639,6.10,2773.0,77.6
985,144.9,6.90,23.75,0.1639,6.10,2773.0,77.6
992,142.9,7.00,23.76,0.1663,6.02,2773.0,77.6
999,142.9,7.00,23.76,0.1663,6.02,2773.0,77.6
1006,142.9,7.00,23.76,0.1663,6.02,2773.0,77.6
1013,144.9,6.90,23.76,0.1639,6.10,2773.0,77.6
1020,144.9,6.90,23.76,0.1639,6.10,2773.0,77.6
1027,142.9,7.00,23.76,0.1663,6.01,2773.0,77.6
1034,144.9,6.90,23.76,0.1639,6.10,2773.0,77.6
1041,144.9,6.90,23.76,0.1639,6.10,2773.0,77.6
1048,144.9,6.90,23.76,0.1639,6.10,2773.0,77.6
1055,142.9,7.00,23.76,0.1663,6.01,2773.0,77.7
1062,144.9,6.90,23.76,0.1639,6.10,2773.0,77.7
1069,142.9,7.00,23.76,0.1663,6.01,2773.0,77.7
1076,144.9,6.90,23.76,0.1639,6.10,2773.0,77.7
1083,142.9,7.00,23.76,0.1663,6.01,2773.0,77.7
1090,144.9,6.90,23.76,0.1640,6.10,2773.0,77.7
1097,142.9,7.00,23.76,0.1663,6.01,2773.0,77.7
1103,144.9,6.90,23.76,0.1640,6.10,2773.0,77.7
1110,142.9,7.00,23.76,0.1663,6.01,2773.0,77.7
1117,142.9,7.00,23.76,0.1663,6.01,2773.0,77.7
1124,147.1,6.80,23.76,0.1616,6.19,2773.0,77.7
1131,142.9,7.00,23.76,0.1663,6.01,2773.0,77.7
1138,142.9,7.00,23.76,0.1663,6.01,2773.0,77.7
1145,147.1,6.80,23.76,0.1616,6.19,2773.0,77.7
1152,142.9,7.00,23.77,0.1664,6.01,2773.0,77.8
1159,144.9,6.90,23.77,0.1640,6.10,2773.0,77.8
1166,142.9,7.00,23.77,0.1664,6.01,2773.0,77.8
1173,142.9,7.00,23.77,0.1664,6.01,2773.0,77.8
1180,144.9,6.90,23.77,0.1640,6.10,2773.0,77.8
1187,142.9,7.00,23.77,0.1664,6.01,2773.0,77.8
1194,144.9,6.90,23.77,0.1640,6.10,2773.0,77.8
1201,144.9,6.90,23.77,0.1640,6.10,2773.0,77.8
1208,142.9,7.00,23.77,0.1664,6.01,2773.0,77.8
1215,142.9,7.00,23.77,0.1664,6.01,2773.0,77.8
1222,142.9,7.00,23.77,0.1664,6.01,2773.0,77.8
1229,144.9,6.90,23.77,0.1640,6.10,2773.0,77.8
1235,144.9,6.90,23.77,0.1640,6.10,2773.0,77.8
1242,142.9,7.00,23.77,0.1664,6.01,2773.0,77.8
1249,144.9,6.90,23.77,0.1640,6.10,2773.0,77.8
1256,144.9,6.90,23.77,0.1640,6.10,2773.0,77.9
1263,142.9,7.00,23.77,0.1664,6.01,2773.0,77.9
1270,144.9,6.90,23.77,0.1640,6.10,2773.0,77.9
1277,144.9,6.90,23.77,0.1640,6.10,2773.0,77.9
1284,142.9,7.00,23.77,0.1664,6.01,2773.0,77.9
1291,144.9,6.90,23.77,0.1640,6.10,2773.0,77.9
1298,144.9,6.90,23.77,0.1640,6.09,2773.0,77.9
1305,142.9,7.00,23.77,0.1664,6.01,2773.0,77.9
1312,142.9,7.00,23.77,0.1664,6.01,2773.0,77.9
1319,144.9,6.90,23.78,0.1640,6.09,2773.0,77.9
1326,144.9,6.90,23.78,0.1641,6.09,2773.0,77.9
1333,142.9,7.00,23.78,0.1664,6.01,2773.0,77.9
1340,142.9,7.00,23.78,0.1664,6.01,2773.0,77.9
1347,142.9,7.00,23.78,0.1664,6.01,2773.0,77.9
1354,144.9,6.90,23.78,0.1641,6.09,2773.0,78.0
1360,144.9,6.90,23.78,0.1641,6.09,2773.0,78.0
1367,144.9,6.90,23.78,0.1641,6.09,2773.0,78.0
1374,144.9,6.90,23.78,0.1641,6.09,2773.0,78.0
1381,144.9,6.90,23.78,0.1641,6.09,2773.0,78.0
1388,142.9,7.00,23.78,0.1665,6.01,2773.0,78.0
1395,142.9,7.00,23.78,0.1665,6.01,2773.0,78.0
1402,144.9,6.90,23.78,0.1641,6.09,2773.0,78.0
1409,142.9,7.00,23.78,0.1665,6.01,2773.0,78.0
1416,144.9,6.90,23.78,0.1641,6.09,2773.0,78.0
1423,142.9,7.00,23.78,0.1664,6.01,2773.0,78.0
1430,144.9,6.90,23.78,0.1641,6.09,2773.0,78.0
1437,142.9,7.00,23.78,0.1664,6.01,2773.0,78.0
1444,144.9,6.90,23.78,0.1641,6.09,2773.0,78.0
1451,144.9,6.90,23.78,0.1640,6.09,2773.0,78.0
1458,142.9,7.00,23.77,0.1664,6.01,2773.0,78.0
1465,144.9,6.90,23.77,0.1640,6.09,2773.0,78.0
1472,142.9,7.00,23.77,0.1664,6.01,2773.0,78.0
1479,142.9,7.00,23.77,0.1664,6.01,2773.0,78.0
1485,144.9,6.90,23.77,0.1640,6.10,2773.0,78.0
1492,144.9,6.90,23.77,0.1640,6.10,2773.0,78.0
1499,142.9,7.00,23.77,0.1664,6.01,2773.0,78.0
1506,142.9,7.00,23.77,0.1664,6.01,2773.0,78.0
1513,147.1,6.80,23.77,0.1616,6.19,2773.0,78.0
1520,142.9,7.00,23.77,0.1664,6.01,2773.0,78.0
1527,144.9,6.90,23.77,0.1640,6.10,2773.0,78.0
1534,144.9,6.90,23.77,0.1640,6.10,2773.0,78.0
1541,142.9,7.00,23.77,0.1664,6.01,2773.0,78.0
1548,144.9,6.90,23.77,0.1640,6.10,2773.0,78.0
1555,142.9,7.00,23.76,0.1664,6.01,2773.0,78.0
1562,142.9,7.00,23.76,0.1663,6.01,2773.0,78.0
1569,144.9,6.90,23.76,0.1640,6.10,2773.0,78.0
1576,142.9,7.00,23.76,0.1663,6.01,2773.0,78.0
1583,144.9,6.90,23.76,0.1640,6.10,2773.0,78.0
1590,144.9,6.90,23.76,0.1640,6.10,2773.0,78.0
1596,144.9,6.90,23.76,0.1639,6.10,2773.0,78.0
1603,142.9,7.00,23.76,0.1663,6.01,2773.0,78.0
1610,142.9,7.00,23.76,0.1663,6.01,2773.0,78.0
1617,144.9,6.90,23.76,0.1639,6.10,2773.0,78.0
1624,144.9,6.90,23.76,0.1639,6.10,2773.0,78.0
1631,142.9,7.00,23.76,0.1663,6.02,2773.0,78.0
1638,142.9,7.00,23.76,0.1663,6.02,2773.0,78.0
1645,144.9,6.90,23.76,0.1639,6.10,2773.0,78.0
1652,142.9,7.00,23.76,0.1663,6.02,2773.0,78.0
1659,147.1,6.80,23.75,0.1615,6.19,2773.0,78.0
1666,140.8,7.10,23.75,0.1687,5.93,2773.0,78.0
1673,144.9,6.90,23.75,0.1639,6.10,2773.0,78.0
1680,144.9,6.90,23.75,0.1639,6.10,2773.0,78.0
1687,142.9,7.00,23.75,0.1663,6.02,2773.0,78.0
1694,144.9,6.90,23.75,0.1639,6.10,2773.0,78.0
1701,142.9,7.00,23.75,0.1663,6.02,2773.0,78.0
1708,144.9,6.90,23.75,0.1639,6.10,2773.0,78.0
1715,144.9,6.90,23.75,0.1639,6.10,2773.0,78.0
1722,142.9,7.00,23.75,0.1662,6.02,2773.0,78.0
1729,142.9,7.00,23.75,0.1662,6.02,2773.0,78.0
1735,144.9,6.90,23.75,0.1639,6.10,2773.0,78.0
1742,144.9,6.90,23.75,0.1638,6.10,2773.0,78.0
1749,142.9,7.00,23.75,0.1662,6.02,2773.0,78.0
1756,147.1,6.80,23.74,0.1615,6.20,2773.0,78.0
1763,144.9,6.90,23.74,0.1638,6.10,2773.0,78.0
1770,140.8,7.10,23.74,0.1686,5.93,2773.0,78.0
1777,144.9,6.90,23.74,0.1638,6.10,2773.0,78.0
1784,144.9,6.90,23.74,0.1638,6.10,2773.0,78.0
1791,142.9,7.00,23.74,0.1662,6.02,2773.0,78.0
1798,144.9,6.90,23.74,0.1638,6.10,2773.0,78.0
1805,142.9,7.00,23.74,0.1662,6.02,2773.0,78.0
1812,142.9,7.00,23.74,0.1662,6.02,2773.0,78.0
1819,144.9,6.90,23.74,0.1638,6.10,2773.0,78.0
1826,144.9,6.90,23.74,0.1638,6.10,2773.0,78.0
1833,144.9,6.90,23.74,0.1638,6.10,2773.0,78.0
1840,142.9,7.00,23.74,0.1662,6.02,2773.0,78.0
1847,142.9,7.00,23.74,0.1661,6.02,2773.0,78.0
1853,144.9,6.90,23.73,0.1638,6.10,2773.0,78.0
1860,144.9,6.90,23.73,0.1638,6.11,2773.0,78.0
1867,142.9,7.00,23.73,0.1661,6.02,2773.0,78.0
1874,144.9,6.90,23.73,0.1638,6.11,2773.0,78.0
1881,144.9,6.90,23.73,0.1638,6.11,2773.0,78.0
1888,142.9,7.00,23.73,0.1661,6.02,2773.0,78.0
1895,144.9,6.90,23.73,0.1637,6.11,2773.0,78.0
1902,142.9,7.00,23.73,0.1661,6.02,2773.0,78.0
1909,144.9,6.90,23.73,0.1637,6.11,2773.0,78.0
1916,142.9,7.00,23.73,0.1661,6.02,2773.0,78.0
1923,142.9,7.00,23.73,0.1661,6.02,2773.0,78.0
1930,144.9,6.90,23.73,0.1637,6.11,2773.0,78.0
1937,144.9,6.90,23.73,0.1637,6.11,2773.0,78.0
1944,142.9,7.00,23.73,0.1661,6.02,2773.0,78.0
1951,144.9,6.90,23.73,0.1637,6.11,2773.0,78.0
1958,144.9,6.90,23.72,0.1637,6.11,2773.0,78.0
1965,142.9,7.00,23.72,0.1661,6.02,2773.0,78.0
1971,144.9,6.90,23.72,0.1637,6.11,2773.0,78.0
1978,142.9,7.00,23.72,0.1661,6.02,2773.0,78.0
1985,144.9,6.90,23.72,0.1637,6.11,2773.0,78.0
1992,142.9,7.00,23.72,0.1660,6.02,2773.0,78.0
1999,142.9,7.00,23.72,0.1660,6.02,2773.0,78.0
2006,144.9,6.90,23.72,0.1637,6.11,2773.0,78.0
2013,144.9,6.90,23.72,0.1637,6.11,2773.0,78.0
2020,142.9,7.00,23.72,0.1660,6.02,2773.0,78.0
2027,144.9,6.90,23.72,0.1637,6.11,2773.0,78.0
2034,142.9,7.00,23.72,0.1660,6.03,2773.0,78.0
2041,144.9,6.90,23.72,0.1636,6.11,2773.0,78.0
2048,144.9,6.90,23.72,0.1636,6.11,2773.0,78.0
2055,142.9,7.00,23.71,0.1660,6.03,2773.0,78.0
2062,144.9,6.90,23.71,0.1636,6.11,2773.0,78.0
2069,142.9,7.00,23.71,0.1660,6.03,2773.0,78.0
2076,142.9,7.00,23.71,0.1660,6.03,2773.0,78.0
2083,144.9,6.90,23.71,0.1636,6.11,2773.0,78.0
2090,144.9,6.90,23.71,0.1636,6.11,2773.0,78.0
2097,142.9,7.00,23.71,0.1660,6.03,2773.0,78.0
2103,144.9,6.90,23.71,0.1636,6.11,2773.0,78.0
2110,144.9,6.90,23.71,0.1636,6.11,2773.0,78.0
2117,142.9,7.00,23.71,0.1660,6.03,2773.0,78.0
2124,144.9,6.90,23.71,0.1636,6.11,2773.0,78.0
2131,144.9,6.90,23.71,0.1636,6.11,2773.0,78.0
2138,142.9,7.00,23.71,0.1659,6.03,2773.0,78.0
2145,142.9,7.00,23.71,0.1659,6.03,2773.0,78.0
2152,144.9,6.90,23.70,0.1636,6.11,2773.0,78.0
2159,142.9,7.00,23.70,0.1659,6.03,2773.0,78.0
2166,144.9,6.90,23.70,0.1636,6.11,2773.0,78.0
2173,142.9,7.00,23.70,0.1659,6.03,2773.0,78.0
2180,147.1,6.80,23.70,0.1612,6.21,2773.0,78.0
2187,140.8,7.10,23.70,0.1683,5.94,2773.0,78.0
2194,144.9,6.90,23.70,0.1635,6.11,2773.0,78.0
2201,144.9,6.90,23.70,0.1635,6.11,2773.0,78.0
2208,142.9,7.00,23.70,0.1659,6.03,2773.0,78.0
2215,142.9,7.00,23.70,0.1659,6.03,2773.0,78.0
2222,144.9,6.90,23.70,0.1635,6.11,2773.0,78.0
2228,144.9,6.90,23.70,0.1635,6.11,2773.0,78.0
2235,142.9,7.00,23.70,0.1659,6.03,2773.0,78.0
2242,142.9,7.00,23.70,0.1659,6.03,2773.0,78.0
2249,147.1,6.80,23.70,0.1611,6.21,2773.0,78.0
2256,142.9,7.00,23.69,0.1659,6.03,2773.0,78.0
2263,144.9,6.90,23.69,0.1635,6.12,2773.0,78.0
2270,142.9,7.00,23.69,0.1659,6.03,2773.0,78.0
2277,144.9,6.90,23.69,0.1635,6.12,2773.0,78.0
2284,142.9,7.00,23.69,0.1658,6.03,2773.0,78.0
2291,144.9,6.90,23.69,0.1635,6.12,2773.0,78.0
2298,142.9,7.00,23.69,0.1658,6.03,2773.0,78.0
2305,144.9,6.90,23.69,0.1635,6.12,2773.0,78.0
2312,144.9,6.90,23.69,0.1635,6.12,2773.0,78.0
2319,142.9,7.00,23.69,0.1658,6.03,2773.0,78.0
2326,144.9,6.90,23.69,0.1634,6.12,2773.0,78.0
2333,144.9,6.90,23.69,0.1634,6.12,2773.0,78.0
2340,140.8,7.10,23.69,0.1682,5.94,2773.0,78.0
2346,147.1,6.80,23.69,0.1611,6.21,2773.0,78.0
2353,142.9,7.00,23.68,0.1658,6.03,2773.0,78.0
2360,144.9,6.90,23.68,0.1634,6.12,2773.0,78.0
2367,142.9,7.00,23.68,0.1658,6.03,2773.0,78.0
2374,142.9,7.00,23.68,0.1658,6.03,2773.0,78.0
2381,144.9,6.90,23.68,0.1634,6.12,2773.0,78.0
2388,144.9,6.90,23.68,0.1634,6.12,2773.0,78.0
2395,142.9,7.00,23.68,0.1658,6.03,2773.0,78.0
2402,144.9,6.90,23.68,0.1634,6.12,2773.0,78.0
2409,142.9,7.00,23.68,0.1658,6.03,2773.0,78.0
2416,144.9,6.90,23.68,0.1634,6.12,2773.0,78.0
2423,144.9,6.90,23.69,0.1634,6.12,2773.0,78.0
2430,142.9,7.00,23.69,0.1658,6.03,2773.0,78.0
2437,144.9,6.90,23.69,0.1635,6.12,2773.0,78.0
2444,144.9,6.90,23.69,0.1635,6.12,2773.0,78.0
2451,142.9,7.00,23.69,0.1658,6.03,2773.0,78.0
2458,144.9,6.90,23.69,0.1635,6.12,2773.0,78.0
2465,140.8,7.10,23.70,0.1682,5.94,2773.0,78.0
2471,147.1,6.80,23.70,0.1611,6.21,2773.0,78.0
2479,140.8,7.10,23.70,0.1683,5.94,2773.0,78.0
2485,144.9,6.90,23.70,0.1635,6.11,2773.0,78.0
2492,142.9,7.00,23.70,0.1659,6.03,2773.0,78.0
2499,144.9,6.90,23.70,0.1636,6.11,2773.0,78.0
2506,144.9,6.90,23.71,0.1636,6.11,2773.0,78.0
2513,144.9,6.90,23.71,0.1636,6.11,2773.0,78.0
2520,142.9,7.00,23.71,0.1660,6.03,2773.0,78.0
2527,144.9,6.90,23.71,0.1636,6.11,2773.0,78.0
2534,142.9,7.00,23.71,0.1660,6.03,2773.0,78.0
2541,144.9,6.90,23.71,0.1636,6.11,2773.0,78.0
2548,142.9,7.00,23.72,0.1660,6.03,2773.0,78.0
2555,144.9,6.90,23.72,0.1637,6.11,2773.0,78.0
2562,144.9,6.90,23.72,0.1637,6.11,2773.0,78.0
2569,142.9,7.00,23.72,0.1661,6.02,2773.0,78.0
2576,144.9,6.90,23.72,0.1637,6.11,2773.0,78.0
2583,142.9,7.00,23.73,0.1661,6.02,2773.0,78.0
2589,147.1,6.80,23.73,0.1613,6.20,2773.0,78.0
2597,140.8,7.10,23.73,0.1685,5.93,2773.0,78.0
2603,144.9,6.90,23.73,0.1637,6.11,2773.0,78.0
2610,144.9,6.90,23.73,0.1638,6.11,2773.0,78.0
2617,142.9,7.00,23.73,0.1661,6.02,2773.0,78.0
2624,142.9,7.00,23.74,0.1661,6.02,2773.0,78.0
2631,144.9,6.90,23.74,0.1638,6.10,2773.0,78.0
2638,142.9,7.00,23.74,0.1662,6.02,2773.0,78.0
2645,147.1,6.80,23.74,0.1614,6.20,2773.0,78.0
2652,142.9,7.00,23.74,0.1662,6.02,2773.0,78.0
2659,142.9,7.00,23.74,0.1662,6.02,2773.0,78.0
2666,144.9,6.90,23.75,0.1638,6.10,2773.0,78.0
2673,142.9,7.00,23.75,0.1662,6.02,2773.0,78.0
2680,144.9,6.90,23.75,0.1639,6.10,2773.0,78.0
2687,142.9,7.00,23.75,0.1663,6.02,2773.0,78.0
2694,147.1,6.80,23.75,0.1615,6.19,2773.0,78.0
2701,142.9,7.00,23.75,0.1663,6.02,2773.0,78.0
2708,142.9,7.00,23.76,0.1663,6.02,2773.0,78.0
2715,144.9,6.90,23.76,0.1639,6.10,2773.0,78.0
2721,144.9,6.90,23.76,0.1639,6.10,2773.0,78.0
2728,142.9,7.00,23.76,0.1663,6.01,2773.0,78.0
2735,144.9,6.90,23.76,0.1640,6.10,2773.0,78.0
2742,142.9,7.00,23.77,0.1664,6.01,2773.0,78.0
2749,144.9,6.90,23.77,0.1640,6.10,2773.0,78.0
2756,144.9,6.90,23.77,0.1640,6.10,2773.0,78.0
2763,142.9,7.00,23.77,0.1664,6.01,2773.0,78.0
2770,144.9,6.90,23.77,0.1640,6.10,2773.0,78.0
2777,142.9,7.00,23.77,0.1664,6.01,2773.0,78.0
2784,142.9,7.00,23.78,0.1664,6.01,2773.0,78.0
2791,144.9,6.90,23.78,0.1641,6.09,2773.0,78.0
2798,144.9,6.90,23.78,0.1641,6.09,2773.0,78.0
2805,144.9,6.90,23.78,0.1641,6.09,2773.0,78.0
2812,142.9,7.00,23.78,0.1665,6.01,2773.0,78.0
2819,142.9,7.00,23.78,0.1665,6.01,2773.0,78.0
2826,144.9,6.90,23.79,0.1641,6.09,2773.0,78.0
2833,142.9,7.00,23.79,0.1665,6.01,2773.0,78.0
2840,144.9,6.90,23.79,0.1641,6.09,2773.0,78.0
2846,144.9,6.90,23.79,0.1642,6.09,2773.0,78.0
2853,142.9,7.00,23.79,0.1665,6.01,2773.0,78.0
2860,142.9,7.00,23.79,0.1666,6.01,2773.0,78.0
2867,144.9,6.90,23.80,0.1642,6.09,2773.0,78.0
2874,144.9,6.90,23.80,0.1642,6.09,2773.0,78.0
2881,142.9,7.00,23.80,0.1666,6.00,2773.0,78.0
2888,144.9,6.90,23.80,0.1642,6.09,2773.0,78.0
2895,142.9,7.00,23.80,0.1666,6.00,2773.0,78.0
2902,144.9,6.90,23.80,0.1643,6.09,2773.0,78.0
2909,142.9,7.00,23.81,0.1666,6.00,2773.0,78.0
2916,144.9,6.90,23.81,0.1643,6.09,2773.0,78.0
2923,144.9,6.90,23.81,0.1643,6.09,2773.0,78.0
2930,142.9,7.00,23.81,0.1667,6.00,2773.0,78.0
2937,144.9,6.90,23.81,0.1643,6.08,2773.0,78.0
2944,142.9,7.00,23.82,0.1667,6.00,2773.0,78.0
2951,142.9,7.00,23.82,0.1667,6.00,2773.0,78.0
2958,144.9,6.90,23.82,0.1644,6.08,2773.0,78.0
2965,144.9,6.90,23.82,0.1644,6.08,2773.0,78.0
2972,142.9,7.00,23.82,0.1668,6.00,2773.0,78.0
2978,144.9,6.90,23.82,0.1644,6.08,2773.0,78.0
2985,144.9,6.90,23.83,0.1644,6.08,2773.0,78.0
2992,144.9,6.90,23.83,0.1644,6.08,2773.0,78.0
2999,142.9,7.00,23.83,0.1668,6.00,2773.0,78.0
3006,144.9,6.90,23.83,0.1644,6.08,2773.0,78.0
3013,142.9,7.00,23.83,0.1668,6.00,2773.0,78.0
3020,144.9,6.90,23.83,0.1645,6.08,2773.0,78.0
3027,142.9,7.00,23.84,0.1669,6.00,2773.0,78.0
3034,144.9,6.90,23.84,0.1645,6.08,2773.0,78.0
3041,144.9,6.90,23.84,0.1645,6.08,2773.0,78.0
3048,142.9,7.00,23.84,0.1669,5.99,2773.0,78.0
3055,142.9,7.00,23.84,0.1669,5.99,2773.0,78.0
3062,142.9,7.00,23.85,0.1669,5.99,2773.0,78.0
3069,144.9,6.90,23.85,0.1645,6.08,2773.0,78.0
3076,144.9,6.90,23.85,0.1646,6.08,2773.0,78.0
3083,142.9,7.00,23.85,0.1670,5.99,2773.0,78.0
3090,144.9,6.90,23.85,0.1646,6.07,2773.0,78.0
3097,142.9,7.00,23.85,0.1670,5.99,2773.0,78.0
3103,144.9,6.90,23.86,0.1646,6.07,2773.0,78.0
3110,144.9,6.90,23.86,0.1646,6.07,2773.0,78.0
3117,144.9,6.90,23.86,0.1646,6.07,2773.0,78.0
3124,142.9,7.00,23.86,0.1670,5.99,2773.0,78.0
3131,142.9,7.00,23.86,0.1670,5.99,2773.0,78.0
3138,144.9,6.90,23.86,0.1647,6.07,2773.0,78.0
3145,142.9,7.00,23.87,0.1671,5.99,2773.0,78.0
3152,144.9,6.90,23.87,0.1647,6.07,2773.0,78.0
3159,144.9,6.90,23.87,0.1647,6.07,2773.0,78.0
3166,142.9,7.00,23.87,0.1671,5.99,2773.0,78.0
3173,144.9,6.90,23.87,0.1647,6.07,2773.0,78.0
3180,142.9,7.00,23.87,0.1671,5.99,2773.0,78.0
3187,144.9,6.90,23.88,0.1647,6.07,2773.0,78.0
3194,142.9,7.00,23.88,0.1671,5.98,2773.0,78.0
3201,144.9,6.90,23.88,0.1648,6.07,2773.0,78.0
3208,142.9,7.00,23.88,0.1672,5.98,2773.0,78.0
3214,147.1,6.80,23.88,0.1624,6.16,2773.0,78.0
3222,140.8,7.10,23.88,0.1696,5.89,2773.0,78.0
3229,142.9,7.00,23.89,0.1672,5.98,2773.0,78.0
3235,147.1,6.80,23.89,0.1624,6.16,2773.0,78.0
3242,142.9,7.00,23.89,0.1672,5.98,2773.0,78.0
3249,144.9,6.90,23.89,0.1649,6.06,2773.0,78.0
3256,142.9,7.00,23.89,0.1673,5.98,2773.0,78.0
3263,144.9,6.90,23.90,0.1649,6.06,2773.0,78.0
3270,142.9,7.00,23.90,0.1673,5.98,2773.0,78.0
3277,142.9,7.00,23.90,0.1673,5.98,2773.0,78.0
3284,144.9,6.90,23.90,0.1649,6.06,2773.0,78.0
3291,144.9,6.90,23.90,0.1649,6.06,2773.0,78.0
3298,144.9,6.90,23.90,0.1649,6.06,2773.0,78.0
3305,144.9,6.90,23.91,0.1649,6.06,2773.0,78.0
3312,140.8,7.10,23.91,0.1697,5.89,2773.0,78.0
3319,144.9,6.90,23.91,0.1650,6.06,2773.0,78.0
3326,144.9,6.90,23.91,0.1650,6.06,2773.0,78.0
3333,142.9,7.00,23.91,0.1674,5.98,2773.0,78.0
3340,144.9,6.90,23.91,0.1650,6.06,2773.0,78.0
3346,144.9,6.90,23.92,0.1650,6.06,2773.0,78.0
3353,142.9,7.00,23.92,0.1674,5.97,2773.0,78.0
3360,144.9,6.90,23.92,0.1650,6.06,2773.0,78.0
3367,142.9,7.00,23.92,0.1674,5.97,2773.0,78.0
3374,144.9,6.90,23.92,0.1651,6.06,2773.0,78.0
3381,142.9,7.00,23.92,0.1675,5.97,2773.0,78.0
3388,144.9,6.90,23.93,0.1651,6.06,2773.0,78.0
3395,142.9,7.00,23.93,0.1675,5.97,2773.0,78.0
3402,144.9,6.90,23.93,0.1651,6.06,2773.0,78.0
3409,142.9,7.00,23.93,0.1675,5.97,2773.0,78.0
3416,144.9,6.90,23.93,0.1651,6.05,2773.0,78.0
3423,144.9,6.90,23.93,0.1651,6.05,2773.0,78.0
3430,142.9,7.00,23.93,0.1675,5.97,2773.0,78.0
3437,142.9,7.00,23.93,0.1675,5.97,2773.0,78.0
3444,147.1,6.80,23.93,0.1628,6.15,2773.0,78.0
3451,142.9,7.00,23.94,0.1675,5.97,2773.0,78.0
3458,144.9,6.90,23.94,0.1652,6.05,2773.0,78.0
3465,142.9,7.00,23.94,0.1676,5.97,2773.0,78.0
3472,142.9,7.00,23.94,0.1676,5.97,2773.0,78.0
3478,147.1,6.80,23.94,0.1628,6.14,2773.0,78.0
3485,140.8,7.10,23.94,0.1700,5.88,2773.0,78.0
3492,144.9,6.90,23.94,0.1652,6.05,2773.0,78.0
3499,142.9,7.00,23.94,0.1676,5.97,2773.0,78.0
3506,147.1,6.80,23.94,0.1628,6.14,2773.0,78.0
3513,142.9,7.00,23.94,0.1676,5.97,2773.0,78.0
3520,142.9,7.00,23.94,0.1676,5.97,2773.0,78.0
3527,144.9,6.90,23.94,0.1652,6.05,2773.0,78.0
3534,144.9,6.90,23.94,0.1652,6.05,2773.0,78.0
3541,144.9,6.90,23.95,0.1652,6.05,2773.0,78.0
3548,142.9,7.00,23.95,0.1676,5.97,2773.0,78.0
3555,142.9,7.00,23.95,0.1676,5.97,2773.0,78.0
3562,144.9,6.90,23.95,0.1652,6.05,2773.0,78.0
3569,142.9,7.00,23.95,0.1676,5.97,2773.0,78.0
3576,144.9,6.90,23.95,0.1652,6.05,2773.0,78.0
3583,142.9,7.00,23.95,0.1676,5.97,2773.0,78.0
3590,144.9,6.90,23.95,0.1653,6.05,2773.0,78.0
3596,144.9,6.90,23.95,0.1653,6.05,2773.0,78.0
3603,142.9,7.00,23.95,0.1677,5.97,2773.0,78.0
3610,142.9,7.00,23.95,0.1677,5.97,2773.0,78.0
3617,144.9,6.90,23.95,0.1653,6.05,2773.0,78.0
3624,144.9,6.90,23.95,0.1653,6.05,2773.0,78.0
3631,142.9,7.00,23.96,0.1677,5.97,2773.0,78.0
3638,144.9,6.90,23.96,0.1653,6.05,2773.0,78.0
3645,144.9,6.90,23.96,0.1653,6.05,2773.0,78.0
3652,142.9,7.00,23.96,0.1677,5.96,2773.0,78.0
3659,142.9,7.00,23.96,0.1677,5.96,2773.0,78.0
3666,144.9,6.90,23.96,0.1653,6.05,2773.0,78.0
3673,144.9,6.90,23.96,0.1653,6.05,2773.0,78.0
3680,142.9,7.00,23.96,0.1677,5.96,2773.0,78.0
3687,144.9,6.90,23.96,0.1653,6.05,2773.0,78.0
3694,144.9,6.90,23.96,0.1653,6.05,2773.0,78.0
3701,142.9,7.00,23.96,0.1677,5.96,2773.0,78.0
3708,142.9,7.00,23.96,0.1677,5.96,2773.0,78.0
3715,144.9,6.90,23.96,0.1654,6.05,2773.0,78.0
3721,144.9,6.90,23.97,0.1654,6.05,2773.0,78.0
3728,142.9,7.00,23.97,0.1678,5.96,2773.0,78.0
3735,144.9,6.90,23.97,0.1654,6.05,2773.0,78.0
3742,142.9,7.00,23.97,0.1678,5.96,2773.0,78.0
3749,144.9,6.90,23.97,0.1654,6.05,2773.0,78.0
3756,142.9,7.00,23.97,0.1678,5.96,2773.0,78.0
3763,144.9,6.90,23.97,0.1654,6.05,2773.0,78.0
3770,142.9,7.00,23.97,0.1678,5.96,2773.0,78.0
3777,144.9,6.90,23.97,0.1654,6.04,2773.0,78.0
3784,144.9,6.90,23.97,0.1654,6.04,2773.0,78.0
3791,144.9,6.90,23.97,0.1654,6.04,2773.0,78.0
3798,140.8,7.10,23.97,0.1702,5.87,2773.0,78.0
3805,144.9,6.90,23.97,0.1654,6.04,2773.0,78.0
3812,144.9,6.90,23.98,0.1654,6.04,2773.0,78.0
3819,144.9,6.90,23.98,0.1654,6.04,2773.0,78.0
3826,142.9,7.00,23.98,0.1678,5.96,2773.0,78.0
3833,144.9,6.90,23.98,0.1654,6.04,2773.0,78.0
3840,142.9,7.00,23.98,0.1678,5.96,2773.0,78.0
3846,144.9,6.90,23.98,0.1655,6.04,2773.0,78.0
3853,142.9,7.00,23.98,0.1679,5.96,2773.0,78.0
3860,144.9,6.90,23.98,0.1655,6.04,2773.0,78.0
3867,142.9,7.00,23.98,0.1679,5.96,2773.0,78.0
3874,144.9,6.90,23.98,0.1655,6.04,2773.0,78.0
3881,144.9,6.90,23.98,0.1655,6.04,2773.0,78.0
3888,142.9,7.00,23.98,0.1679,5.96,2773.0,78.0
3895,142.9,7.00,23.98,0.1679,5.96,2773.0,78.0
3902,144.9,6.90,23.98,0.1655,6.04,2773.0,78.0
3909,144.9,6.90,23.99,0.1655,6.04,2773.0,78.0
3916,142.9,7.00,23.99,0.1679,5.96,2773.0,78.0
3923,144.9,6.90,23.99,0.1655,6.04,2773.0,78.0
3930,142.9,7.00,23.99,0.1679,5.96,2773.0,78.0
3937,144.9,6.90,23.99,0.1655,6.04,2773.0,78.0
3944,144.9,6.90,23.99,0.1655,6.04,2773.0,78.0
3951,142.9,7.00,23.99,0.1679,5.96,2773.0,78.0
3958,144.9,6.90,23.99,0.1655,6.04,2773.0,78.0
3965,142.9,7.00,23.99,0.1679,5.96,2773.0,78.0
3971,144.9,6.90,23.99,0.1655,6.04,2773.0,78.0
3978,142.9,7.00,23.99,0.1680,5.96,2773.0,78.0
3985,144.9,6.90,23.99,0.1656,6.04,2773.0,78.0
3992,142.9,7.00,23.99,0.1680,5.96,2773.0,78.0
3999,144.9,6.90,24.00,0.1656,6.04,2773.0,78.0
4006,144.9,6.90,24.00,0.1656,6.04,2773.0,78.0
4013,144.9,6.90,24.00,0.1656,6.04,2773.0,78.0
4020,140.8,7.10,24.00,0.1704,5.87,2773.0,78.0
4027,144.9,6.90,24.00,0.1656,6.04,2773.0,78.0
4034,144.9,6.90,24.00,0.1656,6.04,2773.0,78.0
4041,142.9,7.00,24.00,0.1680,5.95,2773.0,78.0
4048,144.9,6.90,24.00,0.1656,6.04,2773.0,78.0
4055,144.9,6.90,24.00,0.1656,6.04,2773.0,78.0
4062,142.9,7.00,24.00,0.1680,5.95,2773.0,78.0
4069,144.9,6.90,24.00,0.1656,6.04,2773.0,78.0
4076,142.9,7.00,24.00,0.1680,5.95,2773.0,78.0
4083,144.9,6.90,24.00,0.1656,6.04,2773.0,78.0
4090,142.9,7.00,24.01,0.1680,5.95,2773.0,78.0
4097,142.9,7.00,24.01,0.1680,5.95,2773.0,78.0
4103,144.9,6.90,24.01,0.1656,6.04,2773.0,78.0
4110,144.9,6.90,24.01,0.1657,6.04,2773.0,78.0
4117,142.9,7.00,24.01,0.1681,5.95,2773.0,78.0
4124,144.9,6.90,24.01,0.1657,6.04,2773.0,78.0
4131,144.9,6.90,24.01,0.1657,6.03,2773.0,78.0
4138,142.9,7.00,24.01,0.1681,5.95,2773.0,78.0
4145,142.9,7.00,24.01,0.1681,5.95,2773.0,78.0
4152,144.9,6.90,24.01,0.1657,6.03,2773.0,78.0
4159,144.9,6.90,24.01,0.1657,6.03,2773.0,78.0
4166,142.9,7.00,24.01,0.1681,5.95,2773.0,78.0
4173,144.9,6.90,24.01,0.1657,6.03,2773.0,78.0
4180,142.9,7.00,24.02,0.1681,5.95,2773.0,78.0
4187,144.9,6.90,24.02,0.1657,6.03,2773.0,78.0
4194,142.9,7.00,24.02,0.1681,5.95,2773.0,78.0
4201,144.9,6.90,24.02,0.1657,6.03,2773.0,78.0
4208,144.9,6.90,24.02,0.1657,6.03,2773.0,78.0
4215,142.9,7.00,24.02,0.1681,5.95,2773.0,78.0
4221,144.9,6.90,24.02,0.1657,6.03,2773.0,78.0
4228,142.9,7.00,24.02,0.1681,5.95,2773.0,78.0
4235,144.9,6.90,24.02,0.1657,6.03,2773.0,78.0
4242,144.9,6.90,24.02,0.1658,6.03,2773.0,78.0
4249,142.9,7.00,24.02,0.1682,5.95,2773.0,78.0
4256,142.9,7.00,24.02,0.1682,5.95,2773.0,78.0
4263,144.9,6.90,24.02,0.1658,6.03,2773.0,78.0
4270,142.9,7.00,24.03,0.1682,5.95,2773.0,78.0
4277,144.9,6.90,24.03,0.1658,6.03,2773.0,78.0
4284,144.9,6.90,24.03,0.1658,6.03,2773.0,78.0
4291,142.9,7.00,24.03,0.1682,5.95,2773.0,78.0
4298,144.9,6.90,24.03,0.1658,6.03,2773.0,78.0
4305,142.9,7.00,24.03,0.1682,5.95,2773.0,78.0
4312,144.9,6.90,24.03,0.1658,6.03,2773.0,78.0
4319,142.9,7.00,24.03,0.1682,5.95,2773.0,78.0
4326,142.9,7.00,24.03,0.1682,5.95,2773.0,78.0
4333,147.1,6.80,24.03,0.1634,6.12,2773.0,78.0
4340,142.9,7.00,24.03,0.1682,5.95,2773.0,78.0
4347,142.9,7.00,24.03,0.1682,5.95,2773.0,78.0
4353,144.9,6.90,24.03,0.1658,6.03,2773.0,78.0
4360,142.9,7.00,24.04,0.1682,5.95,2773.0,78.0
4367,144.9,6.90,24.04,0.1658,6.03,2773.0,78.0
4374,142.9,7.00,24.04,0.1683,5.95,2773.0,78.0
4381,147.1,6.80,24.04,0.1635,6.12,2773.0,78.0
4388,142.9,7.00,24.04,0.1683,5.94,2773.0,78.0
4395,144.9,6.90,24.04,0.1659,6.03,2773.0,78.0
4402,142.9,7.00,24.04,0.1683,5.94,2773.0,78.0
4409,144.9,6.90,24.04,0.1659,6.03,2773.0,78.0
4416,142.9,7.00,24.04,0.1683,5.95,2773.0,78.0
4423,144.9,6.90,24.04,0.1658,6.03,2773.0,78.0
4430,144.9,6.90,24.03,0.1658,6.03,2773.0,78.0
4437,142.9,7.00,24.03,0.1682,5.95,2773.0,78.0
4444,142.9,7.00,24.03,0.1682,5.95,2773.0,78.0
4451,144.9,6.90,24.03,0.1658,6.03,2773.0,78.0
4458,142.9,7.00,24.03,0.1682,5.95,2773.0,78.0
4465,144.9,6.90,24.03,0.1658,6.03,2773.0,78.0
4472,142.9,7.00,24.02,0.1682,5.95,2773.0,78.0
4478,144.9,6.90,24.02,0.1658,6.03,2773.0,78.0
4485,144.9,6.90,24.02,0.1657,6.03,2773.0,78.0
4492,144.9,6.90,24.02,0.1657,6.03,2773.0,78.0
4499,142.9,7.00,24.02,0.1681,5.95,2773.0,78.0
4506,144.9,6.90,24.02,0.1657,6.03,2773.0,78.0
4513,144.9,6.90,24.01,0.1657,6.03,2773.0,78.0
4520,142.9,7.00,24.01,0.1681,5.95,2773.0,78.0
4527,142.9,7.00,24.01,0.1681,5.95,2773.0,78.0
4534,144.9,6.90,24.01,0.1657,6.04,2773.0,78.0
4541,144.9,6.90,24.01,0.1657,6.04,2773.0,78.0
4548,142.9,7.00,24.01,0.1680,5.95,2773.0,78.0
4555,142.9,7.00,24.00,0.1680,5.95,2773.0,78.0
4562,144.9,6.90,24.00,0.1656,6.04,2773.0,78.0
4569,142.9,7.00,24.00,0.1680,5.95,2773.0,78.0
4576,144.9,6.90,24.00,0.1656,6.04,2773.0,78.0
4582,147.1,6.80,24.00,0.1632,6.13,2773.0,78.0
4590,140.8,7.10,24.00,0.1704,5.87,2773.0,78.0
4596,144.9,6.90,24.00,0.1656,6.04,2773.0,78.0
4603,142.9,7.00,23.99,0.1680,5.96,2773.0,78.0
4610,144.9,6.90,23.99,0.1655,6.04,2773.0,78.0
4617,144.9,6.90,23.99,0.1655,6.04,2773.0,78.0
4624,142.9,7.00,23.99,0.1679,5.96,2773.0,78.0
4631,144.9,6.90,23.99,0.1655,6.04,2773.0,78.0
4638,142.9,7.00,23.99,0.1679,5.96,2773.0,78.0
4645,144.9,6.90,23.98,0.1655,6.04,2773.0,78.0
4652,142.9,7.00,23.98,0.1679,5.96,2773.0,78.0
4659,144.9,6.90,23.98,0.1655,6.04,2773.0,78.0
4666,142.9,7.00,23.98,0.1679,5.96,2773.0,78.0
4673,144.9,6.90,23.98,0.1654,6.04,2773.0,78.0
4680,142.9,7.00,23.98,0.1678,5.96,2773.0,78.0
4687,144.9,6.90,23.97,0.1654,6.04,2773.0,78.0
4694,144.9,6.90,23.97,0.1654,6.04,2773.0,78.0
4701,142.9,7.00,23.97,0.1678,5.96,2773.0,78.0
4708,144.9,6.90,23.97,0.1654,6.05,2773.0,78.0
4715,142.9,7.00,23.97,0.1678,5.96,2773.0,78.0
4721,144.9,6.90,23.97,0.1654,6.05,2773.0,78.0
4728,144.9,6.90,23.97,0.1654,6.05,2773.0,78.0
4735,142.9,7.00,23.96,0.1677,5.96,2773.0,78.0
4742,142.9,7.00,23.96,0.1677,5.96,2773.0,78.0
4749,144.9,6.90,23.96,0.1653,6.05,2773.0,78.0
4756,144.9,6.90,23.96,0.1653,6.05,2773.0,78.0
4763,142.9,7.00,23.96,0.1677,5.96,2773.0,78.0
4770,144.9,6.90,23.96,0.1653,6.05,2773.0,78.0
4777,144.9,6.90,23.95,0.1653,6.05,2773.0,78.0
4784,142.9,7.00,23.95,0.1677,5.97,2773.0,78.0
4791,144.9,6.90,23.95,0.1653,6.05,2773.0,78.0
4798,142.9,7.00,23.95,0.1676,5.97,2773.0,78.0
4805,142.9,7.00,23.95,0.1676,5.97,2773.0,78.0
4812,144.9,6.90,23.95,0.1652,6.05,2773.0,78.0
4819,144.9,6.90,23.94,0.1652,6.05,2773.0,78.0
4826,144.9,6.90,23.94,0.1652,6.05,2773.0,78.0
4833,142.9,7.00,23.94,0.1676,5.97,2773.0,78.0
4839,144.9,6.90,23.94,0.1652,6.05,2773.0,78.0
4846,142.9,7.00,23.94,0.1676,5.97,2773.0,78.0
4853,144.9,6.90,23.94,0.1652,6.05,2773.0,78.0
4860,142.9,7.00,23.93,0.1675,5.97,2773.0,78.0
4867,142.9,7.00,23.93,0.1675,5.97,2773.0,78.0
4874,147.1,6.80,23.93,0.1627,6.15,2773.0,78.0
4881,142.9,7.00,23.93,0.1675,5.97,2773.0,78.0
4888,142.9,7.00,23.93,0.1675,5.97,2773.0,78.0
4895,144.9,6.90,23.93,0.1651,6.06,2773.0,78.0
4902,142.9,7.00,23.92,0.1675,5.97,2773.0,78.0
4909,144.9,6.90,23.92,0.1651,6.06,2773.0,78.0
4916,142.9,7.00,23.92,0.1675,5.97,2773.0,78.0
4923,144.9,6.90,23.92,0.1650,6.06,2773.0,78.0
4930,142.9,7.00,23.92,0.1674,5.97,2773.0,78.0
4937,144.9,6.90,23.92,0.1650,6.06,2773.0,78.0
4944,144.9,6.90,23.92,0.1650,6.06,2773.0,78.0
4951,142.9,7.00,23.91,0.1674,5.98,2773.0,78.0
4958,144.9,6.90,23.91,0.1650,6.06,2773.0,78.0
4964,144.9,6.90,23.91,0.1650,6.06,2773.0,78.0
4971,142.9,7.00,23.91,0.1674,5.98,2773.0,78.0
4978,142.9,7.00,23.91,0.1674,5.98,2773.0,78.0
4985,144.9,6.90,23.91,0.1650,6.06,2773.0,78.0
4992,144.9,6.90,23.90,0.1649,6.06,2773.0,78.0
4999,142.9,7.00,23.90,0.1673,5.98,2773.0,78.0
5006,144.9,6.90,23.90,0.1649,6.06,2773.0,78.0
5013,142.9,7.00,23.90,0.1673,5.98,2773.0,78.0
5020,144.9,6.90,23.90,0.1649,6.06,2773.0,78.0
5027,142.9,7.00,23.90,0.1673,5.98,2773.0,78.0
5034,142.9,7.00,23.89,0.1673,5.98,2773.0,78.0
5041,147.1,6.80,23.89,0.1625,6.16,2773.0,78.0
5048,142.9,7.00,23.89,0.1672,5.98,2773.0,78.0
5055,144.9,6.90,23.89,0.1648,6.07,2773.0,78.0
5062,142.9,7.00,23.89,0.1672,5.98,2773.0,78.0
5069,142.9,7.00,23.89,0.1672,5.98,2773.0,78.0
5076,147.1,6.80,23.88,0.1624,6.16,2773.0,78.0
5083,142.9,7.00,23.88,0.1672,5.98,2773.0,78.0
5090,142.9,7.00,23.88,0.1672,5.98,2773.0,78.0
5096,144.9,6.90,23.88,0.1648,6.07,2773.0,78.0
5103,142.9,7.00,23.88,0.1672,5.98,2773.0,78.0
5110,144.9,6.90,23.88,0.1648,6.07,2773.0,78.0
5117,142.9,7.00,23.88,0.1671,5.99,2773.0,78.0
5124,147.1,6.80,23.87,0.1623,6.16,2773.0,78.0
5131,140.8,7.10,23.87,0.1695,5.90,2773.0,78.0
5138,144.9,6.90,23.87,0.1647,6.07,2773.0,78.0
5145,144.9,6.90,23.87,0.1647,6.07,2773.0,78.0
5152,144.9,6.90,23.87,0.1647,6.07,2773.0,78.0
5159,142.9,7.00,23.87,0.1671,5.99,2773.0,78.0
5166,144.9,6.90,23.86,0.1647,6.07,2773.0,78.0
5173,142.9,7.00,23.86,0.1670,5.99,2773.0,78.0
5180,142.9,7.00,23.86,0.1670,5.99,2773.0,78.0
5187,144.9,6.90,23.86,0.1646,6.07,2773.0,78.0
5194,144.9,6.90,23.86,0.1646,6.07,2773.0,78.0
5201,142.9,7.00,23.86,0.1670,5.99,2773.0,78.0
5208,144.9,6.90,23.85,0.1646,6.07,2773.0,78.0
5214,144.9,6.90,23.85,0.1646,6.07,2773.0,78.0
5221,142.9,7.00,23.85,0.1670,5.99,2773.0,78.0
5228,144.9,6.90,23.85,0.1646,6.08,2773.0,78.0
5235,142.9,7.00,23.85,0.1669,5.99,2773.0,78.0
5242,142.9,7.00,23.85,0.1669,5.99,2773.0,78.0
5249,144.9,6.90,23.85,0.1645,6.08,2773.0,78.0
5256,144.9,6.90,23.84,0.1645,6.08,2773.0,78.0
5263,144.9,6.90,23.84,0.1645,6.08,2773.0,78.0
5270,140.8,7.10,23.84,0.1693,5.91,2773.0,78.0
5277,144.9,6.90,23.84,0.1645,6.08,2773.0,78.0
5284,142.9,7.00,23.84,0.1669,5.99,2773.0,78.0
5291,144.9,6.90,23.84,0.1645,6.08,2773.0,78.0
5298,144.9,6.90,23.83,0.1645,6.08,2773.0,78.0
5305,142.9,7.00,23.83,0.1668,6.00,2773.0,78.0
5312,147.1,6.80,23.83,0.1620,6.17,2773.0,78.0
5319,142.9,7.00,23.83,0.1668,6.00,2773.0,78.0
5326,142.9,7.00,23.83,0.1668,6.00,2773.0,78.0
5333,144.9,6.90,23.83,0.1644,6.08,2773.0,78.0
5339,144.9,6.90,23.82,0.1644,6.08,2773.0,78.0
5346,142.9,7.00,23.82,0.1668,6.00,2773.0,78.0
5353,142.9,7.00,23.82,0.1667,6.00,2773.0,78.0
5360,144.9,6.90,23.82,0.1644,6.08,2773.0,78.0
5367,142.9,7.00,23.82,0.1667,6.00,2773.0,78.0
5374,144.9,6.90,23.82,0.1643,6.08,2773.0,78.0
5381,142.9,7.00,23.81,0.1667,6.00,2773.0,78.0
5388,144.9,6.90,23.81,0.1643,6.08,2773.0,78.0
5395,144.9,6.90,23.81,0.1643,6.09,2773.0,78.0
5402,142.9,7.00,23.81,0.1667,6.00,2773.0,78.0
5409,144.9,6.90,23.81,0.1643,6.09,2773.0,78.0
5416,144.9,6.90,23.81,0.1643,6.09,2773.0,78.0
5423,142.9,7.00,23.81,0.1667,6.00,2773.0,78.0
5430,142.9,7.00,23.81,0.1667,6.00,2773.0,78.0
5437,144.9,6.90,23.81,0.1643,6.09,2773.0,78.0
5444,144.9,6.90,23.81,0.1643,6.09,2773.0,78.0
5451,144.9,6.90,23.81,0.1643,6.09,2773.0,78.0
5458,140.8,7.10,23.81,0.1690,5.91,2773.0,78.0
5465,144.9,6.90,23.81,0.1643,6.09,2773.0,78.0
5471,144.9,6.90,23.81,0.1643,6.09,2773.0,78.0
5478,144.9,6.90,23.81,0.1643,6.09,2773.0,78.0
5485,142.9,7.00,23.81,0.1667,6.00,2773.0,78.0
5492,142.9,7.00,23.81,0.1667,6.00,2773.0,78.0
5499,144.9,6.90,23.81,0.1643,6.09,2773.0,78.0
5506,144.9,6.90,23.81,0.1643,6.09,2773.0,78.0
5513,144.9,6.90,23.81,0.1643,6.09,2773.0,78.0
5520,142.9,7.00,23.81,0.1666,6.00,2773.0,78.0
5527,142.9,7.00,23.81,0.1666,6.00,2773.0,78.0
5534,144.9,6.90,23.81,0.1643,6.09,2773.0,78.0
5541,144.9,6.90,23.81,0.1643,6.09,2773.0,78.0
5548,142.9,7.00,23.81,0.1666,6.00,2773.0,78.0
5555,144.9,6.90,23.81,0.1643,6.09,2773.0,78.0
5562,144.9,6.90,23.81,0.1643,6.09,2773.0,78.0
5569,142.9,7.00,23.80,0.1666,6.00,2773.0,78.0
5576,144.9,6.90,23.80,0.1643,6.09,2773.0,78.0
5583,142.9,7.00,23.80,0.1666,6.00,2773.0,78.0
5589,144.9,6.90,23.80,0.1643,6.09,2773.0,78.0
5596,142.9,7.00,23.80,0.1666,6.00,2773.0,78.0
5603,142.9,7.00,23.80,0.1666,6.00,2773.0,78.0
5610,144.9,6.90,23.80,0.1642,6.09,2773.0,78.0
5617,142.9,7.00,23.80,0.1666,6.00,2773.0,78.0
5624,147.1,6.80,23.80,0.1619,6.18,2773.0,78.0
5631,140.8,7.10,23.80,0.1690,5.92,2773.0,78.0
5638,144.9,6.90,23.80,0.1642,6.09,2773.0,78.0
5645,144.9,6.90,23.80,0.1642,6.09,2773.0,78.0
5652,144.9,6.90,23.80,0.1642,6.09,2773.0,78.0
5659,140.8,7.10,23.80,0.1690,5.92,2773.0,78.0
5666,144.9,6.90,23.80,0.1642,6.09,2773.0,78.0
5673,144.9,6.90,23.80,0.1642,6.09,2773.0,78.0
5680,142.9,7.00,23.80,0.1666,6.00,2773.0,78.0
5687,144.9,6.90,23.80,0.1642,6.09,2773.0,78.0
5694,142.9,7.00,23.80,0.1666,6.00,2773.0,78.0
5701,144.9,6.90,23.80,0.1642,6.09,2773.0,78.0
5708,144.9,6.90,23.80,0.1642,6.09,2773.0,78.0
5714,144.9,6.90,23.80,0.1642,6.09,2773.0,78.0
5721,142.9,7.00,23.80,0.1666,6.00,2773.0,78.0
5728,144.9,6.90,23.80,0.1642,6.09,2773.0,78.0
5735,142.9,7.00,23.80,0.1666,6.00,2773.0,78.0
5742,142.9,7.00,23.80,0.1666,6.00,2773.0,78.0
5749,147.1,6.80,23.80,0.1618,6.18,2773.0,78.0
5756,142.9,7.00,23.80,0.1666,6.00,2773.0,78.0
5763,142.9,7.00,23.80,0.1666,6.00,2773.0,78.0
5770,144.9,6.90,23.80,0.1642,6.09,2773.0,78.0
5777,144.9,6.90,23.80,0.1642,6.09,2773.0,78.0
5784,142.9,7.00,23.80,0.1666,6.00,2773.0,78.0
5791,142.9,7.00,23.80,0.1666,6.00,2773.0,78.0
5798,144.9,6.90,23.80,0.1642,6.09,2773.0,78.0
5805,144.9,6.90,23.80,0.1642,6.09,2773.0,78.0
5812,144.9,6.90,23.80,0.1642,6.09,2773.0,78.0
5819,142.9,7.00,23.80,0.1666,6.00,2773.0,78.0
5826,142.9,7.00,23.80,0.1666,6.00,2773.0,78.0
5833,144.9,6.90,23.80,0.1642,6.09,2773.0,78.0
5839,144.9,6.90,23.80,0.1642,6.09,2773.0,78.0
5846,144.9,6.90,23.80,0.1642,6.09,2773.0,78.0
5853,142.9,7.00,23.80,0.1666,6.01,2773.0,78.0
5860,142.9,7.00,23.80,0.1666,6.01,2773.0,78.0
5867,144.9,6.90,23.80,0.1642,6.09,2773.0,78.0
5874,142.9,7.00,23.80,0.1666,6.01,2773.0,78.0
5881,144.9,6.90,23.80,0.1642,6.09,2773.0,78.0
5888,142.9,7.00,23.80,0.1666,6.01,2773.0,78.0
5895,142.9,7.00,23.80,0.1666,6.01,2773.0,78.0
5902,147.1,6.80,23.80,0.1618,6.18,2773.0,78.0
5909,142.9,7.00,23.79,0.1666,6.01,2773.0,78.0
5916,144.9,6.90,23.79,0.1642,6.09,2773.0,78.0
5923,142.9,7.00,23.79,0.1666,6.01,2773.0,78.0
5930,144.9,6.90,23.79,0.1642,6.09,2773.0,78.0
5937,142.9,7.00,23.79,0.1666,6.01,2773.0,78.0
5944,142.9,7.00,23.79,0.1666,6.01,2773.0,78.0
5951,147.1,6.80,23.79,0.1618,6.18,2773.0,78.0
5958,142.9,7.00,23.79,0.1666,6.01,2773.0,78.0
5964,144.9,6.90,23.79,0.1642,6.09,2773.0,78.0
5971,142.9,7.00,23.79,0.1666,6.01,2773.0,78.0
5978,144.9,6.90,23.79,0.1642,6.09,2773.0,78.0
5985,142.9,7.00,23.79,0.1665,6.01,2773.0,78.0
5992,144.9,6.90,23.79,0.1642,6.09,2773.0,78.0
5999,142.9,7.00,23.79,0.1665,6.01,2773.0,78.0
6006,142.9,7.00,23.79,0.1665,6.01,2773.0,78.0
6013,144.9,6.90,23.79,0.1642,6.09,2773.0,78.0
6020,144.9,6.90,23.79,0.1642,6.09,2773.0,78.0
6027,142.9,7.00,23.79,0.1665,6.01,2773.0,78.0
6034,144.9,6.90,23.79,0.1642,6.09,2773.0,78.0
6041,144.9,6.90,23.79,0.1642,6.09,2773.0,78.0
6048,142.9,7.00,23.79,0.1665,6.01,2773.0,78.0
6055,144.9,6.90,23.79,0.1642,6.09,2773.0,78.0
6062,142.9,7.00,23.79,0.1665,6.01,2773.0,78.0
6069,144.9,6.90,23.79,0.1642,6.09,2773.0,78.0
6076,144.9,6.90,23.79,0.1641,6.09,2773.0,78.0
6083,142.9,7.00,23.79,0.1665,6.01,2773.0,78.0
6089,144.9,6.90,23.79,0.1641,6.09,2773.0,78.0
6096,142.9,7.00,23.79,0.1665,6.01,2773.0,78.0
6103,142.9,7.00,23.79,0.1665,6.01,2773.0,78.0
6110,144.9,6.90,23.79,0.1641,6.09,2773.0,78.0
6117,144.9,6.90,23.79,0.1641,6.09,2773.0,78.0
6124,144.9,6.90,23.79,0.1641,6.09,2773.0,78.0
6131,142.9,7.00,23.79,0.1665,6.01,2773.0,78.0
6138,144.9,6.90,23.79,0.1641,6.09,2773.0,78.0
6145,142.9,7.00,23.79,0.1665,6.01,2773.0,78.0
6152,142.9,7.00,23.79,0.1665,6.01,2773.0,78.0
6159,144.9,6.90,23.79,0.1641,6.09,2773.0,78.0
6166,142.9,7.00,23.79,0.1665,6.01,2773.0,78.0
6173,147.1,6.80,23.79,0.1618,6.18,2773.0,78.0
6180,142.9,7.00,23.79,0.1665,6.01,2773.0,78.0
6187,142.9,7.00,23.79,0.1665,6.01,2773.0,78.0
6194,144.9,6.90,23.79,0.1641,6.09,2773.0,78.0
6201,142.9,7.00,23.79,0.1665,6.01,2773.0,78.0
6208,144.9,6.90,23.79,0.1641,6.09,2773.0,78.0
6214,144.9,6.90,23.79,0.1641,6.09,2773.0,78.0
6221,142.9,7.00,23.79,0.1665,6.01,2773.0,78.0
6228,144.9,6.90,23.79,0.1641,6.09,2773.0,78.0
6235,142.9,7.00,23.79,0.1665,6.01,2773.0,78.0
6242,147.1,6.80,23.78,0.1617,6.18,2773.0,78.0
6249,142.9,7.00,23.78,0.1665,6.01,2773.0,78.0
6256,142.9,7.00,23.78,0.1665,6.01,2773.0,78.0
6263,144.9,6.90,23.78,0.1641,6.09,2773.0,78.0
6270,144.9,6.90,23.78,0.1641,6.09,2773.0,78.0
6277,140.8,7.10,23.78,0.1689,5.92,2773.0,78.0
6284,144.9,6.90,23.78,0.1641,6.09,2773.0,78.0
6291,144.9,6.90,23.78,0.1641,6.09,2773.0,78.0
6298,142.9,7.00,23.78,0.1665,6.01,2773.0,78.0
6305,144.9,6.90,23.78,0.1641,6.09,2773.0,78.0
6312,144.9,6.90,23.78,0.1641,6.09,2773.0,78.0
6319,142.9,7.00,23.78,0.1665,6.01,2773.0,78.0
6326,144.9,6.90,23.78,0.1641,6.09,2773.0,78.0
6333,142.9,7.00,23.78,0.1665,6.01,2773.0,78.0
6340,142.9,7.00,23.78,0.1665,6.01,2773.0,78.0
6346,144.9,6.90,23.78,0.1641,6.09,2773.0,78.0
6353,142.9,7.00,23.78,0.1665,6.01,2773.0,78.0
6360,144.9,6.90,23.78,0.1641,6.09,2773.0,78.0
6367,144.9,6.90,23.78,0.1641,6.09,2773.0,78.0
6374,142.9,7.00,23.78,0.1665,6.01,2773.0,78.0
6381,144.9,6.90,23.78,0.1641,6.09,2773.0,78.0
6388,144.9,6.90,23.78,0.1641,6.09,2773.0,78.0
6395,142.9,7.00,23.78,0.1665,6.01,2773.0,78.0
6402,144.9,6.90,23.78,0.1641,6.09,2773.0,78.0
6409,144.9,6.90,23.78,0.1641,6.09,2773.0,78.0
6416,140.8,7.10,23.77,0.1688,5.92,2773.0,78.0
6423,147.1,6.80,23.77,0.1616,6.19,2773.0,78.0
6430,142.9,7.00,23.77,0.1664,6.01,2773.0,78.0
6437,142.9,7.00,23.76,0.1664,6.01,2773.0,78.0
6444,144.9,6.90,23.76,0.1640,6.10,2773.0,78.0
6451,144.9,6.90,23.76,0.1639,6.10,2773.0,78.0
6458,142.9,7.00,23.76,0.1663,6.02,2773.0,78.0
6465,142.9,7.00,23.75,0.1663,6.02,2773.0,78.0
6471,144.9,6.90,23.75,0.1639,6.10,2773.0,78.0
6478,144.9,6.90,23.75,0.1639,6.10,2773.0,78.0
6485,142.9,7.00,23.74,0.1662,6.02,2773.0,78.0
6492,144.9,6.90,23.74,0.1638,6.10,2773.0,78.0
6499,144.9,6.90,23.74,0.1638,6.10,2773.0,78.0
6506,142.9,7.00,23.74,0.1661,6.02,2773.0,78.0
6513,142.9,7.00,23.73,0.1661,6.02,2773.0,78.0
6520,144.9,6.90,23.73,0.1637,6.11,2773.0,78.0
6527,144.9,6.90,23.73,0.1637,6.11,2773.0,78.0
6534,142.9,7.00,23.72,0.1661,6.02,2773.0,78.0
6541,142.9,7.00,23.72,0.1660,6.02,2773.0,78.0
6548,147.1,6.80,23.72,0.1613,6.20,2773.0,78.0
6555,142.9,7.00,23.71,0.1660,6.03,2773.0,78.0
6562,142.9,7.00,23.71,0.1660,6.03,2773.0,78.0
6569,144.9,6.90,23.71,0.1636,6.11,2773.0,78.0
6576,142.9,7.00,23.71,0.1659,6.03,2773.0,78.0
6583,144.9,6.90,23.70,0.1635,6.11,2773.0,78.0
6589,144.9,6.90,23.70,0.1635,6.11,2773.0,78.0
6596,142.9,7.00,23.70,0.1659,6.03,2773.0,78.0
6603,144.9,6.90,23.69,0.1635,6.12,2773.0,78.0
6610,142.9,7.00,23.69,0.1658,6.03,2773.0,78.0
6617,144.9,6.90,23.69,0.1634,6.12,2773.0,78.0
6624,142.9,7.00,23.68,0.1658,6.03,2773.0,78.0
6631,144.9,6.90,23.68,0.1634,6.12,2773.0,78.0
6638,142.9,7.00,23.68,0.1657,6.04,2773.0,78.0
6645,144.9,6.90,23.68,0.1634,6.12,2773.0,78.0
6652,144.9,6.90,23.67,0.1633,6.12,2773.0,78.0
6659,144.9,6.90,23.67,0.1633,6.12,2773.0,78.0
6666,140.8,7.10,23.67,0.1680,5.95,2773.0,78.0
6673,144.9,6.90,23.66,0.1633,6.12,2773.0,78.0
6680,144.9,6.90,23.66,0.1633,6.12,2773.0,78.0
6687,142.9,7.00,23.66,0.1656,6.04,2773.0,78.0
6694,144.9,6.90,23.65,0.1632,6.13,2773.0,78.0
6701,142.9,7.00,23.65,0.1656,6.04,2773.0,78.0
6708,144.9,6.90,23.65,0.1632,6.13,2773.0,78.0
6714,144.9,6.90,23.65,0.1632,6.13,2773.0,78.0
6721,144.9,6.90,23.64,0.1631,6.13,2773.0,78.0
6728,142.9,7.00,23.64,0.1655,6.04,2773.0,78.0
6735,144.9,6.90,23.64,0.1631,6.13,2773.0,78.0
6742,142.9,7.00,23.63,0.1654,6.05,2773.0,78.0
6749,144.9,6.90,23.63,0.1631,6.13,2773.0,78.0
6756,142.9,7.00,23.63,0.1654,6.05,2773.0,78.0
6763,144.9,6.90,23.62,0.1630,6.13,2773.0,78.0
6770,142.9,7.00,23.62,0.1654,6.05,2773.0,78.0
6777,144.9,6.90,23.62,0.1630,6.13,2773.0,78.0
6784,144.9,6.90,23.62,0.1629,6.14,2773.0,78.0
6791,142.9,7.00,23.61,0.1653,6.05,2773.0,78.0
6798,144.9,6.90,23.61,0.1629,6.14,2773.0,78.0
6805,142.9,7.00,23.61,0.1652,6.05,2773.0,78.0
6812,144.9,6.90,23.60,0.1629,6.14,2773.0,78.0
6819,142.9,7.00,23.60,0.1652,6.05,2773.0,78.0
6826,144.9,6.90,23.60,0.1628,6.14,2773.0,78.0
6833,142.9,7.00,23.59,0.1652,6.06,2773.0,78.0
6839,144.9,6.90,23.59,0.1628,6.14,2773.0,78.0
6846,144.9,6.90,23.59,0.1628,6.14,2773.0,78.0
6853,142.9,7.00,23.59,0.1651,6.06,2773.0,78.0
6860,144.9,6.90,23.58,0.1627,6.14,2773.0,78.0
6867,142.9,7.00,23.58,0.1651,6.06,2773.0,78.0
6874,142.9,7.00,23.58,0.1650,6.06,2773.0,78.0
6881,144.9,6.90,23.57,0.1627,6.15,2773.0,78.0
6888,142.9,7.00,23.57,0.1650,6.06,2773.0,78.0
6895,144.9,6.90,23.57,0.1626,6.15,2773.0,78.0
6902,144.9,6.90,23.57,0.1626,6.15,2773.0,78.0
6909,142.9,7.00,23.56,0.1649,6.06,2773.0,78.0
6916,142.9,7.00,23.56,0.1649,6.07,2773.0,78.0
6923,144.9,6.90,23.56,0.1625,6.15,2773.0,78.0
6930,144.9,6.90,23.55,0.1625,6.15,2773.0,78.0
6937,144.9,6.90,23.55,0.1625,6.15,2773.0,78.0
6944,142.9,7.00,23.55,0.1648,6.07,2773.0,78.0
6951,142.9,7.00,23.54,0.1648,6.07,2773.0,78.0
6958,144.9,6.90,23.54,0.1624,6.16,2773.0,78.0
6964,144.9,6.90,23.54,0.1624,6.16,2773.0,78.0
6971,142.9,7.00,23.54,0.1647,6.07,2773.0,78.0
6978,144.9,6.90,23.53,0.1624,6.16,2773.0,78.0
6985,142.9,7.00,23.53,0.1647,6.07,2773.0,78.0
6992,144.9,6.90,23.53,0.1623,6.16,2773.0,78.0
6999,144.9,6.90,23.52,0.1623,6.16,2773.0,78.0
7006,142.9,7.00,23.52,0.1646,6.08,2773.0,78.0
7013,144.9,6.90,23.52,0.1623,6.16,2773.0,78.0
7020,142.9,7.00,23.51,0.1646,6.08,2773.0,78.0
7027,144.9,6.90,23.51,0.1622,6.16,2773.0,78.0
7034,142.9,7.00,23.51,0.1646,6.08,2773.0,78.0
7041,144.9,6.90,23.51,0.1622,6.16,2773.0,78.0
7048,144.9,6.90,23.50,0.1622,6.17,2773.0,78.0
7055,142.9,7.00,23.50,0.1645,6.08,2773.0,78.0
7062,144.9,6.90,23.50,0.1621,6.17,2773.0,78.0
7069,144.9,6.90,23.49,0.1621,6.17,2773.0,78.0
7076,142.9,7.00,23.49,0.1644,6.08,2773.0,78.0
7083,142.9,7.00,23.49,0.1644,6.08,2773.0,78.0
7089,144.9,6.90,23.48,0.1620,6.17,2773.0,78.0
7096,142.9,7.00,23.48,0.1644,6.09,2773.0,78.0
7103,142.9,7.00,23.48,0.1643,6.09,2773.0,78.0
7110,147.1,6.80,23.48,0.1596,6.27,2773.0,78.0
7117,142.9,7.00,23.47,0.1643,6.09,2773.0,78.0
7124,144.9,6.90,23.47,0.1619,6.17,2773.0,78.0
7131,142.9,7.00,23.47,0.1643,6.09,2773.0,78.0
7138,142.9,7.00,23.46,0.1642,6.09,2773.0,78.0
7145,144.9,6.90,23.46,0.1619,6.18,2773.0,78.0
7152,144.9,6.90,23.46,0.1619,6.18,2773.0,78.0
7159,142.9,7.00,23.45,0.1642,6.09,2773.0,78.0
7166,144.9,6.90,23.45,0.1618,6.18,2773.0,78.0
7173,144.9,6.90,23.45,0.1618,6.18,2773.0,78.0
7180,142.9,7.00,23.45,0.1641,6.09,2773.0,78.0
7187,144.9,6.90,23.44,0.1618,6.18,2773.0,78.0
7194,142.9,7.00,23.44,0.1641,6.10,2773.0,78.0
7201,144.9,6.90,23.44,0.1617,6.18,2773.0,78.0
7208,142.9,7.00,23.43,0.1640,6.10,2773.0,78.0
7214,144.9,6.90,23.43,0.1617,6.18,2773.0,78.0
7221,142.9,7.00,23.43,0.1640,6.10,2773.0,78.0
7228,144.9,6.90,23.42,0.1616,6.19,2773.0,78.0
7235,144.9,6.90,23.42,0.1616,6.19,2773.0,78.0
7242,142.9,7.00,23.42,0.1639,6.10,2773.0,78.0
7249,144.9,6.90,23.42,0.1616,6.19,2773.0,78.0
7256,144.9,6.90,23.41,0.1615,6.19,2773.0,78.0
7263,142.9,7.00,23.41,0.1639,6.10,2773.0,78.0
7270,144.9,6.90,23.41,0.1615,6.19,2773.0,78.0
7277,140.8,7.10,23.40,0.1662,6.02,2773.0,78.0
7284,144.9,6.90,23.40,0.1615,6.19,2773.0,78.0
7291,144.9,6.90,23.40,0.1614,6.19,2773.0,78.0
7298,142.9,7.00,23.39,0.1638,6.11,2773.0,78.0
7305,144.9,6.90,23.39,0.1614,6.19,2773.0,78.0
7312,142.9,7.00,23.39,0.1637,6.11,2773.0,78.0
7319,144.9,6.90,23.39,0.1614,6.20,2773.0,78.0
7326,144.9,6.90,23.38,0.1613,6.20,2773.0,78.0
7333,142.9,7.00,23.38,0.1637,6.11,2773.0,78.0
7339,144.9,6.90,23.38,0.1613,6.20,2773.0,78.0
7346,142.9,7.00,23.37,0.1636,6.11,2773.0,78.0
7353,144.9,6.90,23.37,0.1613,6.20,2773.0,78.0
7360,142.9,7.00,23.37,0.1636,6.12,2773.0,78.0
7367,144.9,6.90,23.37,0.1612,6.20,2773.0,78.0
7374,142.9,7.00,23.36,0.1635,6.12,2773.0,78.0
7381,144.9,6.90,23.36,0.1612,6.20,2773.0,78.0
7388,144.9,6.90,23.36,0.1612,6.20,2773.0,78.0
7395,142.9,7.00,23.35,0.1635,6.12,2773.0,78.0
7402,144.9,6.90,23.35,0.1611,6.21,2773.0,78.0
7409,144.9,6.90,23.35,0.1611,6.21,2773.0,78.0
7416,142.9,7.00,23.35,0.1634,6.12,2773.0,78.0
7423,144.9,6.90,23.35,0.1611,6.21,2773.0,78.0
7430,142.9,7.00,23.35,0.1634,6.12,2773.0,78.0
7437,142.9,7.00,23.35,0.1634,6.12,2773.0,78.0
7444,144.9,6.90,23.34,0.1611,6.21,2773.0,78.0
7451,144.9,6.90,23.34,0.1611,6.21,2773.0,78.0
7458,142.9,7.00,23.34,0.1634,6.12,2773.0,78.0
7464,144.9,6.90,23.34,0.1611,6.21,2773.0,78.0
7471,144.9,6.90,23.34,0.1611,6.21,2773.0,78.0
7478,142.9,7.00,23.34,0.1634,6.12,2773.0,78.0
7485,142.9,7.00,23.34,0.1634,6.12,2773.0,78.0
7492,144.9,6.90,23.34,0.1610,6.21,2773.0,78.0
7499,142.9,7.00,23.34,0.1634,6.12,2773.0,78.0
7506,144.9,6.90,23.34,0.1610,6.21,2773.0,78.0
7513,142.9,7.00,23.34,0.1633,6.12,2773.0,78.0
7520,144.9,6.90,23.33,0.1610,6.21,2773.0,78.0
7527,144.9,6.90,23.33,0.1610,6.21,2773.0,78.0
7534,142.9,7.00,23.33,0.1633,6.12,2773.0,78.0
7541,144.9,6.90,23.33,0.1610,6.21,2773.0,78.0
7548,144.9,6.90,23.33,0.1610,6.21,2773.0,78.0
7555,142.9,7.00,23.33,0.1633,6.13,2773.0,78.0
7562,144.9,6.90,23.33,0.1610,6.21,2773.0,78.0
7569,144.9,6.90,23.33,0.1610,6.21,2773.0,78.0
7576,142.9,7.00,23.33,0.1633,6.13,2773.0,78.0
7582,144.9,6.90,23.33,0.1610,6.21,2773.0,78.0
7589,142.9,7.00,23.33,0.1633,6.13,2773.0,78.0
7596,142.9,7.00,23.32,0.1633,6.13,2773.0,78.0
7603,144.9,6.90,23.32,0.1609,6.21,2773.0,78.0
7610,144.9,6.90,23.32,0.1609,6.21,2773.0,78.0
7617,142.9,7.00,23.32,0.1633,6.13,2773.0,78.0
7624,142.9,7.00,23.32,0.1632,6.13,2773.0,78.0
7631,144.9,6.90,23.32,0.1609,6.21,2773.0,78.0
7638,144.9,6.90,23.32,0.1609,6.21,2773.0,78.0
7645,142.9,7.00,23.32,0.1632,6.13,2773.0,78.0
7652,144.9,6.90,23.32,0.1609,6.21,2773.0,78.0
7659,142.9,7.00,23.32,0.1632,6.13,2773.0,78.0
7666,144.9,6.90,23.32,0.1609,6.21,2773.0,78.0
7673,144.9,6.90,23.31,0.1609,6.21,2773.0,78.0
7680,144.9,6.90,23.31,0.1609,6.22,2773.0,78.0
7687,142.9,7.00,23.31,0.1632,6.13,2773.0,78.0
7694,142.9,7.00,23.31,0.1632,6.13,2773.0,78.0
7701,144.9,6.90,23.31,0.1608,6.22,2773.0,78.0
7708,142.9,7.00,23.31,0.1632,6.13,2773.0,78.0
7714,144.9,6.90,23.31,0.1608,6.22,2773.0,78.0
7721,144.9,6.90,23.31,0.1608,6.22,2773.0,78.0
7728,144.9,6.90,23.31,0.1608,6.22,2773.0,78.0
7735,140.8,7.10,23.31,0.1655,6.04,2773.0,78.0
7742,147.1,6.80,23.31,0.1585,6.31,2773.0,78.0
7749,142.9,7.00,23.30,0.1631,6.13,2773.0,78.0
7756,142.9,7.00,23.30,0.1631,6.13,2773.0,78.0
7763,144.9,6.90,23.30,0.1608,6.22,2773.0,78.0
7770,142.9,7.00,23.30,0.1631,6.13,2773.0,78.0
7777,144.9,6.90,23.30,0.1608,6.22,2773.0,78.0
7784,144.9,6.90,23.30,0.1608,6.22,2773.0,78.0
7791,142.9,7.00,23.30,0.1631,6.13,2773.0,78.0
7798,144.9,6.90,23.30,0.1608,6.22,2773.0,78.0
7805,144.9,6.90,23.30,0.1608,6.22,2773.0,78.0
7812,142.9,7.00,23.30,0.1631,6.13,2773.0,78.0
7819,142.9,7.00,23.30,0.1631,6.13,2773.0,78.0
7826,144.9,6.90,23.29,0.1607,6.22,2773.0,78.0
7832,144.9,6.90,23.29,0.1607,6.22,2773.0,78.0
7839,142.9,7.00,23.29,0.1631,6.13,2773.0,78.0
7846,144.9,6.90,23.29,0.1607,6.22,2773.0,78.0
7853,142.9,7.00,23.29,0.1630,6.14,2773.0,78.0
7860,142.9,7.00,23.29,0.1630,6.14,2773.0,78.0
7867,144.9,6.90,23.29,0.1607,6.22,2773.0,78.0
7874,144.9,6.90,23.29,0.1607,6.22,2773.0,78.0
7881,144.9,6.90,23.29,0.1607,6.22,2773.0,78.0
7888,142.9,7.00,23.29,0.1630,6.14,2773.0,78.0
7895,144.9,6.90,23.29,0.1607,6.22,2773.0,78.0
7902,142.9,7.00,23.29,0.1630,6.14,2773.0,78.0
7909,142.9,7.00,23.28,0.1630,6.14,2773.0,78.0
7916,144.9,6.90,23.28,0.1607,6.22,2773.0,78.0
7923,144.9,6.90,23.28,0.1606,6.22,2773.0,78.0
7930,142.9,7.00,23.28,0.1630,6.14,2773.0,78.0
7937,144.9,6.90,23.28,0.1606,6.22,2773.0,78.0
7944,142.9,7.00,23.28,0.1630,6.14,2773.0,78.0
7951,144.9,6.90,23.28,0.1606,6.22,2773.0,78.0
7957,144.9,6.90,23.28,0.1606,6.22,2773.0,78.0
7964,142.9,7.00,23.28,0.1629,6.14,2773.0,78.0
7971,142.9,7.00,23.28,0.1629,6.14,2773.0,78.0
7978,144.9,6.90,23.28,0.1606,6.23,2773.0,78.0
7985,142.9,7.00,23.27,0.1629,6.14,2773.0,78.0
7992,144.9,6.90,23.27,0.1606,6.23,2773.0,78.0
7999,144.9,6.90,23.27,0.1606,6.23,2773.0,78.0
8006,142.9,7.00,23.27,0.1629,6.14,2773.0,78.0
8013,144.9,6.90,23.27,0.1606,6.23,2773.0,78.0
8020,142.9,7.00,23.27,0.1629,6.14,2773.0,78.0
8027,144.9,6.90,23.27,0.1606,6.23,2773.0,78.0
8034,142.9,7.00,23.27,0.1629,6.14,2773.0,78.0
8041,144.9,6.90,23.27,0.1605,6.23,2773.0,78.0
8048,142.9,7.00,23.27,0.1629,6.14,2773.0,78.0
8055,144.9,6.90,23.27,0.1605,6.23,2773.0,78.0
8062,144.9,6.90,23.26,0.1605,6.23,2773.0,78.0
8069,142.9,7.00,23.26,0.1628,6.14,2773.0,78.0
8076,144.9,6.90,23.26,0.1605,6.23,2773.0,78.0
8083,142.9,7.00,23.26,0.1628,6.14,2773.0,78.0
8089,144.9,6.90,23.26,0.1605,6.23,2773.0,78.0
8096,144.9,6.90,23.26,0.1605,6.23,2773.0,78.0
8103,142.9,7.00,23.26,0.1628,6.14,2773.0,78.0
8110,142.9,7.00,23.26,0.1628,6.14,2773.0,78.0
8117,144.9,6.90,23.26,0.1605,6.23,2773.0,78.0
8124,144.9,6.90,23.26,0.1605,6.23,2773.0,78.0
8131,142.9,7.00,23.26,0.1628,6.14,2773.0,78.0
8138,144.9,6.90,23.25,0.1605,6.23,2773.0,78.0
8145,144.9,6.90,23.25,0.1604,6.23,2773.0,78.0
8152,142.9,7.00,23.25,0.1628,6.15,2773.0,78.0
8159,144.9,6.90,23.25,0.1604,6.23,2773.0,78.0
8166,142.9,7.00,23.25,0.1628,6.15,2773.0,78.0
8173,144.9,6.90,23.25,0.1604,6.23,2773.0,78.0
8180,144.9,6.90,23.25,0.1604,6.23,2773.0,78.0
8187,140.8,7.10,23.25,0.1651,6.06,2773.0,78.0
8194,144.9,6.90,23.25,0.1604,6.23,2773.0,78.0
8201,144.9,6.90,23.25,0.1604,6.23,2773.0,78.0
8208,142.9,7.00,23.25,0.1627,6.15,2773.0,78.0
8214,144.9,6.90,23.24,0.1604,6.23,2773.0,78.0
8221,142.9,7.00,23.24,0.1627,6.15,2773.0,78.0
8228,144.9,6.90,23.24,0.1604,6.23,2773.0,78.0
8235,144.9,6.90,23.24,0.1604,6.23,2773.0,78.0
8242,142.9,7.00,23.24,0.1627,6.15,2773.0,78.0
8249,144.9,6.90,23.24,0.1604,6.23,2773.0,78.0
8256,142.9,7.00,23.24,0.1627,6.15,2773.0,78.0
8263,144.9,6.90,23.24,0.1603,6.24,2773.0,78.0
8270,142.9,7.00,23.24,0.1627,6.15,2773.0,78.0
8277,144.9,6.90,23.24,0.1603,6.24,2773.0,78.0
8284,142.9,7.00,23.24,0.1626,6.15,2773.0,78.0
8291,144.9,6.90,23.23,0.1603,6.24,2773.0,78.0
8298,142.9,7.00,23.23,0.1626,6.15,2773.0,78.0
8305,144.9,6.90,23.23,0.1603,6.24,2773.0,78.0
8312,142.9,7.00,23.23,0.1626,6.15,2773.0,78.0
8319,144.9,6.90,23.23,0.1603,6.24,2773.0,78.0
8326,144.9,6.90,23.23,0.1603,6.24,2773.0,78.0
8333,142.9,7.00,23.23,0.1626,6.15,2773.0,78.0
8339,144.9,6.90,23.23,0.1603,6.24,2773.0,78.0
8346,142.9,7.00,23.23,0.1626,6.15,2773.0,78.0
8353,144.9,6.90,23.23,0.1603,6.24,2773.0,78.0
8360,142.9,7.00,23.23,0.1626,6.15,2773.0,78.0
8367,144.9,6.90,23.22,0.1602,6.24,2773.0,78.0
8374,142.9,7.00,23.22,0.1626,6.15,2773.0,78.0
8381,147.1,6.80,23.22,0.1579,6.33,2773.0,78.0
8388,140.8,7.10,23.22,0.1649,6.06,2773.0,78.0
8395,144.9,6.90,23.22,0.1602,6.24,2773.0,78.0
8402,144.9,6.90,23.22,0.1602,6.24,2773.0,78.0
8409,144.9,6.90,23.22,0.1602,6.24,2773.0,78.0
8416,142.9,7.00,23.22,0.1625,6.16,2773.0,78.0
8423,144.9,6.90,23.21,0.1602,6.24,2773.0,78.0
8430,142.9,7.00,23.21,0.1625,6.16,2773.0,78.0
8437,147.1,6.80,23.21,0.1578,6.34,2773.0,78.0
8444,142.9,7.00,23.21,0.1625,6.16,2773.0,78.0
8451,142.9,7.00,23.21,0.1624,6.16,2773.0,78.0
8457,144.9,6.90,23.21,0.1601,6.24,2773.0,78.0
8464,142.9,7.00,23.20,0.1624,6.16,2773.0,78.0
8471,144.9,6.90,23.20,0.1601,6.25,2773.0,78.0
8478,142.9,7.00,23.20,0.1624,6.16,2773.0,78.0
8485,142.9,7.00,23.20,0.1624,6.16,2773.0,78.0
8492,144.9,6.90,23.20,0.1601,6.25,2773.0,78.0
8499,144.9,6.90,23.19,0.1600,6.25,2773.0,78.0
8506,142.9,7.00,23.19,0.1623,6.16,2773.0,78.0
8513,144.9,6.90,23.19,0.1600,6.25,2773.0,78.0
8520,144.9,6.90,23.19,0.1600,6.25,2773.0,78.0
8527,142.9,7.00,23.19,0.1623,6.16,2773.0,78.0
8534,142.9,7.00,23.18,0.1623,6.16,2773.0,78.0
8541,144.9,6.90,23.18,0.1600,6.25,2773.0,78.0
8548,144.9,6.90,23.18,0.1599,6.25,2773.0,78.0
8555,142.9,7.00,23.18,0.1623,6.17,2773.0,78.0
8562,147.1,6.80,23.18,0.1576,6.35,2773.0,78.0
8569,140.8,7.10,23.17,0.1645,6.08,2773.0,78.0
8576,144.9,6.90,23.17,0.1599,6.25,2773.0,78.0
8583,142.9,7.00,23.17,0.1622,6.17,2773.0,78.0
8589,144.9,6.90,23.17,0.1599,6.25,2773.0,78.0
8596,142.9,7.00,23.17,0.1622,6.17,2773.0,78.0
8603,147.1,6.80,23.17,0.1575,6.35,2773.0,78.0
8610,142.9,7.00,23.16,0.1621,6.17,2773.0,78.0
8617,144.9,6.90,23.16,0.1598,6.26,2773.0,78.0
8624,142.9,7.00,23.16,0.1621,6.17,2773.0,78.0
8631,142.9,7.00,23.16,0.1621,6.17,2773.0,78.0
8638,144.9,6.90,23.16,0.1598,6.26,2773.0,78.0
8645,142.9,7.00,23.15,0.1621,6.17,2773.0,78.0
8652,144.9,6.90,23.15,0.1598,6.26,2773.0,78.0
8659,144.9,6.90,23.15,0.1597,6.26,2773.0,78.0
8666,142.9,7.00,23.15,0.1620,6.17,2773.0,78.0
8673,144.9,6.90,23.15,0.1597,6.26,2773.0,78.0
8680,142.9,7.00,23.14,0.1620,6.17,2773.0,78.0
8687,144.9,6.90,23.14,0.1597,6.26,2773.0,78.0
8694,142.9,7.00,23.14,0.1620,6.18,2773.0,78.0
8701,144.9,6.90,23.14,0.1597,6.26,2773.0,78.0
8708,142.9,7.00,23.14,0.1620,6.18,2773.0,78.0
8714,144.9,6.90,23.14,0.1596,6.26,2773.0,78.0
8721,144.9,6.90,23.13,0.1596,6.26,2773.0,78.0
8728,144.9,6.90,23.13,0.1596,6.26,2773.0,78.0
8735,142.9,7.00,23.13,0.1619,6.18,2773.0,78.0
8742,144.9,6.90,23.13,0.1596,6.27,2773.0,78.0
8749,142.9,7.00,23.13,0.1619,6.18,2773.0,78.0
8756,144.9,6.90,23.12,0.1596,6.27,2773.0,78.0
8763,142.9,7.00,23.12,0.1619,6.18,2773.0,78.0
8770,144.9,6.90,23.12,0.1595,6.27,2773.0,78.0
8777,142.9,7.00,23.12,0.1618,6.18,2773.0,78.0
8784,144.9,6.90,23.12,0.1595,6.27,2773.0,78.0
8791,144.9,6.90,23.11,0.1595,6.27,2773.0,78.0
8798,142.9,7.00,23.11,0.1618,6.18,2773.0,78.0
8805,144.9,6.90,23.11,0.1595,6.27,2773.0,78.0
8812,140.8,7.10,23.11,0.1641,6.09,2773.0,78.0
8819,144.9,6.90,23.11,0.1594,6.27,2773.0,78.0
8826,144.9,6.90,23.11,0.1594,6.27,2773.0,78.0
8832,144.9,6.90,23.10,0.1594,6.27,2773.0,78.0
8839,142.9,7.00,23.10,0.1617,6.19,2773.0,78.0
8846,144.9,6.90,23.10,0.1594,6.27,2773.0,78.0
8853,142.9,7.00,23.10,0.1617,6.19,2773.0,78.0
8860,144.9,6.90,23.10,0.1594,6.27,2773.0,78.0
8867,142.9,7.00,23.09,0.1617,6.19,2773.0,78.0
8874,144.9,6.90,23.09,0.1593,6.27,2773.0,78.0
8881,144.9,6.90,23.09,0.1593,6.28,2773.0,78.0
8888,142.9,7.00,23.09,0.1616,6.19,2773.0,78.0
8895,142.9,7.00,23.09,0.1616,6.19,2773.0,78.0
8902,144.9,6.90,23.09,0.1593,6.28,2773.0,78.0
8909,142.9,7.00,23.08,0.1616,6.19,2773.0,78.0
8916,144.9,6.90,23.08,0.1593,6.28,2773.0,78.0
8923,144.9,6.90,23.08,0.1592,6.28,2773.0,78.0
8930,142.9,7.00,23.08,0.1615,6.19,2773.0,78.0
8937,144.9,6.90,23.08,0.1592,6.28,2773.0,78.0
8944,142.9,7.00,23.07,0.1615,6.19,2773.0,78.0
8951,144.9,6.90,23.07,0.1592,6.28,2773.0,78.0
8957,144.9,6.90,23.07,0.1592,6.28,2773.0,78.0
8964,142.9,7.00,23.07,0.1615,6.19,2773.0,78.0
8971,142.9,7.00,23.07,0.1615,6.20,2773.0,78.0
8978,144.9,6.90,23.06,0.1591,6.28,2773.0,78.0
8985,144.9,6.90,23.06,0.1591,6.28,2773.0,78.0
8992,142.9,7.00,23.06,0.1614,6.20,2773.0,78.0
8999,144.9,6.90,23.06,0.1591,6.28,2773.0,78.0
9006,144.9,6.90,23.06,0.1591,6.28,2773.0,78.0
9013,142.9,7.00,23.06,0.1614,6.20,2773.0,78.0
9020,142.9,7.00,23.05,0.1614,6.20,2773.0,78.0
9027,144.9,6.90,23.05,0.1591,6.29,2773.0,78.0
9034,144.9,6.90,23.05,0.1590,6.29,2773.0,78.0
9041,144.9,6.90,23.05,0.1590,6.29,2773.0,78.0
9048,142.9,7.00,23.05,0.1613,6.20,2773.0,78.0
9055,144.9,6.90,23.04,0.1590,6.29,2773.0,78.0
9062,142.9,7.00,23.04,0.1613,6.20,2773.0,78.0
9069,142.9,7.00,23.04,0.1613,6.20,2773.0,78.0
9076,144.9,6.90,23.04,0.1590,6.29,2773.0,78.0
9083,142.9,7.00,23.04,0.1613,6.20,2773.0,78.0
9089,144.9,6.90,23.03,0.1589,6.29,2773.0,78.0
9096,144.9,6.90,23.03,0.1589,6.29,2773.0,78.0
9103,142.9,7.00,23.03,0.1612,6.20,2773.0,78.0
9110,144.9,6.90,23.03,0.1589,6.29,2773.0,78.0
9117,144.9,6.90,23.03,0.1589,6.29,2773.0,78.0
9124,142.9,7.00,23.03,0.1612,6.21,2773.0,78.0
9131,144.9,6.90,23.02,0.1589,6.29,2773.0,78.0
9138,142.9,7.00,23.02,0.1611,6.21,2773.0,78.0
9145,144.9,6.90,23.02,0.1588,6.29,2773.0,78.0
9152,142.9,7.00,23.02,0.1611,6.21,2773.0,78.0
9159,147.1,6.80,23.02,0.1565,6.39,2773.0,78.0
9166,142.9,7.00,23.01,0.1611,6.21,2773.0,78.0
9173,140.8,7.10,23.01,0.1634,6.12,2773.0,78.0
9180,144.9,6.90,23.01,0.1588,6.30,2773.0,78.0
9187,144.9,6.90,23.01,0.1588,6.30,2773.0,78.0
9194,142.9,7.00,23.01,0.1610,6.21,2773.0,78.0
9201,144.9,6.90,23.00,0.1587,6.30,2773.0,78.0
9207,144.9,6.90,23.00,0.1587,6.30,2773.0,78.0
9214,142.9,7.00,23.00,0.1610,6.21,2773.0,78.0
9221,142.9,7.00,23.00,0.1610,6.21,2773.0,78.0
9228,144.9,6.90,23.00,0.1587,6.30,2773.0,78.0
9235,144.9,6.90,23.00,0.1587,6.30,2773.0,78.0
9242,144.9,6.90,22.99,0.1587,6.30,2773.0,78.0
9249,142.9,7.00,22.99,0.1609,6.22,2773.0,78.0
9256,142.9,7.00,22.99,0.1609,6.22,2773.0,78.0
9263,144.9,6.90,22.99,0.1586,6.30,2773.0,78.0
9270,144.9,6.90,22.99,0.1586,6.30,2773.0,78.0
9277,144.9,6.90,22.98,0.1586,6.30,2773.0,78.0
9284,142.9,7.00,22.98,0.1609,6.22,2773.0,78.0
9291,142.9,7.00,22.98,0.1609,6.22,2773.0,78.0
9298,142.9,7.00,22.98,0.1608,6.22,2773.0,78.0
9305,144.9,6.90,22.98,0.1585,6.31,2773.0,78.0
9312,144.9,6.90,22.97,0.1585,6.31,2773.0,78.0
9319,144.9,6.90,22.97,0.1585,6.31,2773.0,78.0
9325,144.9,6.90,22.97,0.1585,6.31,2773.0,78.0
9332,142.9,7.00,22.97,0.1608,6.22,2773.0,78.0
9339,142.9,7.00,22.97,0.1608,6.22,2773.0,78.0
9346,147.1,6.80,22.97,0.1562,6.41,2773.0,78.0
9353,140.8,7.10,22.96,0.1630,6.13,2773.0,78.0
9360,144.9,6.90,22.96,0.1584,6.31,2773.0,78.0
9367,144.9,6.90,22.96,0.1584,6.31,2773.0,78.0
9374,142.9,7.00,22.96,0.1607,6.22,2773.0,78.0
9381,144.9,6.90,22.96,0.1584,6.31,2773.0,78.0
9388,142.9,7.00,22.95,0.1607,6.23,2773.0,78.0
9395,144.9,6.90,22.95,0.1584,6.31,2773.0,78.0
9402,142.9,7.00,22.95,0.1606,6.23,2773.0,78.0
9409,144.9,6.90,22.95,0.1584,6.31,2773.0,78.0
9416,142.9,7.00,22.95,0.1606,6.23,2773.0,78.0
9423,147.1,6.80,22.95,0.1561,6.41,2773.0,78.0
9430,142.9,7.00,22.95,0.1606,6.23,2773.0,78.0
9437,142.9,7.00,22.95,0.1606,6.23,2773.0,78.0
9444,142.9,7.00,22.95,0.1606,6.23,2773.0,78.0
9451,144.9,6.90,22.95,0.1584,6.31,2773.0,78.0
9457,144.9,6.90,22.95,0.1584,6.31,2773.0,78.0
9464,142.9,7.00,22.95,0.1606,6.23,2773.0,78.0
9471,144.9,6.90,22.95,0.1584,6.31,2773.0,78.0
9478,142.9,7.00,22.95,0.1606,6.23,2773.0,78.0
9485,144.9,6.90,22.95,0.1584,6.31,2773.0,78.0
9492,144.9,6.90,22.95,0.1584,6.31,2773.0,78.0
9499,142.9,7.00,22.95,0.1606,6.23,2773.0,78.0
9506,144.9,6.90,22.95,0.1584,6.31,2773.0,78.0
9513,142.9,7.00,22.95,0.1606,6.23,2773.0,78.0
9520,144.9,6.90,22.95,0.1584,6.31,2773.0,78.0
9527,142.9,7.00,22.95,0.1606,6.23,2773.0,78.0
9534,147.1,6.80,22.95,0.1561,6.41,2773.0,78.0
9541,140.8,7.10,22.95,0.1629,6.14,2773.0,78.0
9548,142.9,7.00,22.95,0.1606,6.23,2773.0,78.0
9555,144.9,6.90,22.95,0.1584,6.31,2773.0,78.0
9562,144.9,6.90,22.95,0.1584,6.31,2773.0,78.0
9569,142.9,7.00,22.95,0.1606,6.23,2773.0,78.0
9576,144.9,6.90,22.95,0.1584,6.31,2773.0,78.0
9582,144.9,6.90,22.95,0.1584,6.31,2773.0,78.0
9589,142.9,7.00,22.95,0.1606,6.23,2773.0,78.0
9596,144.9,6.90,22.95,0.1584,6.31,2773.0,78.0
9603,144.9,6.90,22.95,0.1584,6.31,2773.0,78.0
9610,142.9,7.00,22.95,0.1606,6.23,2773.0,78.0
9617,144.9,6.90,22.95,0.1584,6.31,2773.0,78.0
9624,142.9,7.00,22.95,0.1606,6.23,2773.0,78.0
9631,144.9,6.90,22.95,0.1584,6.31,2773.0,78.0
9638,144.9,6.90,22.95,0.1584,6.31,2773.0,78.0
9645,142.9,7.00,22.95,0.1606,6.23,2773.0,78.0
9652,144.9,6.90,22.95,0.1584,6.31,2773.0,78.0
9659,142.9,7.00,22.95,0.1606,6.23,2773.0,78.0
9666,142.9,7.00,22.95,0.1606,6.23,2773.0,78.0
9673,144.9,6.90,22.95,0.1584,6.31,2773.0,78.0
9680,144.9,6.90,22.95,0.1584,6.31,2773.0,78.0
9687,144.9,6.90,22.95,0.1584,6.31,2773.0,78.0
9694,142.9,7.00,22.95,0.1606,6.23,2773.0,78.0
9701,142.9,7.00,22.95,0.1606,6.23,2773.0,78.0
9707,144.9,6.90,22.95,0.1584,6.31,2773.0,78.0
9714,142.9,7.00,22.95,0.1606,6.23,2773.0,78.0
9721,144.9,6.90,22.95,0.1584,6.31,2773.0,78.0
9728,144.9,6.90,22.95,0.1584,6.31,2773.0,78.0
9735,142.9,7.00,22.95,0.1606,6.23,2773.0,78.0
9742,144.9,6.90,22.95,0.1584,6.31,2773.0,78.0
9749,144.9,6.90,22.95,0.1584,6.31,2773.0,78.0
9756,142.9,7.00,22.95,0.1606,6.23,2773.0,78.0
9763,144.9,6.90,22.95,0.1584,6.31,2773.0,78.0
9770,142.9,7.00,22.95,0.1606,6.23,2773.0,78.0
9777,144.9,6.90,22.95,0.1584,6.31,2773.0,78.0
9784,142.9,7.00,22.95,0.1606,6.23,2773.0,78.0
9791,144.9,6.90,22.95,0.1584,6.31,2773.0,78.0
9798,142.9,7.00,22.95,0.1606,6.23,2773.0,78.0
9805,144.9,6.90,22.95,0.1584,6.31,2773.0,78.0
9812,144.9,6.90,22.95,0.1584,6.31,2773.0,78.0
9819,142.9,7.00,22.95,0.1606,6.23,2773.0,78.0
9825,144.9,6.90,22.95,0.1584,6.31,2773.0,78.0
9832,142.9,7.00,22.95,0.1606,6.23,2773.0,78.0
9839,142.9,7.00,22.95,0.1606,6.23,2773.0,78.0
9846,144.9,6.90,22.95,0.1584,6.31,2773.0,78.0
9853,142.9,7.00,22.95,0.1606,6.23,2773.0,78.0
9860,142.9,7.00,22.95,0.1606,6.23,2773.0,78.0
9867,144.9,6.90,22.95,0.1584,6.31,2773.0,78.0
9874,144.9,6.90,22.95,0.1584,6.31,2773.0,78.0
9881,144.9,6.90,22.95,0.1584,6.31,2773.0,78.0
9888,142.9,7.00,22.95,0.1606,6.23,2773.0,78.0
9895,142.9,7.00,22.95,0.1606,6.23,2773.0,78.0
9902,147.1,6.80,22.95,0.1561,6.41,2773.0,78.0
9909,142.9,7.00,22.95,0.1606,6.23,2773.0,78.0
9916,144.9,6.90,22.95,0.1584,6.31,2773.0,78.0
9923,142.9,7.00,22.95,0.1606,6.23,2773.0,78.0
9930,144.9,6.90,22.95,0.1584,6.31,2773.0,78.0
9937,142.9,7.00,22.95,0.1606,6.23,2773.0,78.0
9944,144.9,6.90,22.95,0.1584,6.31,2773.0,78.0
9951,142.9,7.00,22.95,0.1606,6.23,2773.0,78.0
9957,144.9,6.90,22.95,0.1584,6.31,2773.0,78.0
9964,142.9,7.00,22.95,0.1606,6.23,2773.0,78.0
9971,144.9,6.90,22.95,0.1584,6.31,2773.0,78.0
9978,144.9,6.90,22.95,0.1584,6.31,2773.0,78.0
9985,142.9,7.00,22.95,0.1606,6.23,2773.0,78.0
9992,144.9,6.90,22.95,0.1584,6.31,2773.0,78.0
9999,142.9,7.00,22.95,0.1606,6.23,2773.0,78.0
10006,144.9,6.90,22.95,0.1584,6.31,2773.0,78.0
10013,142.9,7.00,22.95,0.1606,6.23,2773.0,78.0
10020,144.9,6.90,22.95,0.1584,6.31,2773.0,78.0
10027,142.9,7.00,22.95,0.1606,6.23,2773.0,78.0
10034,144.9,6.90,22.95,0.1584,6.31,2773.0,78.0
10041,144.9,6.90,22.95,0.1584,6.31,2773.0,78.0
10048,142.9,7.00,22.95,0.1606,6.23,2773.0,78.0
10055,142.9,7.00,22.95,0.1606,6.23,2773.0,78.0
10062,144.9,6.90,22.95,0.1584,6.31,2773.0,78.0
10069,144.9,6.90,22.95,0.1584,6.31,2773.0,78.0
10075,144.9,6.90,22.95,0.1584,6.31,2773.0,78.0
10083,140.8,7.10,22.95,0.1629,6.14,2773.0,78.0
10089,144.9,6.90,22.95,0.1584,6.31,2773.0,78.0
10096,144.9,6.90,22.95,0.1584,6.31,2773.0,78.0
10103,142.9,7.00,22.95,0.1606,6.23,2773.0,78.0
10110,144.9,6.90,22.95,0.1584,6.31,2773.0,78.0
10117,142.9,7.00,22.95,0.1606,6.23,2773.0,78.0
10124,144.9,6.90,22.95,0.1584,6.31,2773.0,78.0
10131,144.9,6.90,22.95,0.1584,6.31,2773.0,78.0
10138,142.9,7.00,22.95,0.1606,6.23,2773.0,78.0
10145,142.9,7.00,22.95,0.1606,6.23,2773.0,78.0
10152,144.9,6.90,22.95,0.1584,6.31,2773.0,78.0
10159,144.9,6.90,22.95,0.1584,6.31,2773.0,78.0
10166,142.9,7.00,22.95,0.1606,6.23,2773.0,78.0
10173,144.9,6.90,22.95,0.1584,6.31,2773.0,78.0
10180,144.9,6.90,22.95,0.1584,6.31,2773.0,78.0
10187,142.9,7.00,22.95,0.1606,6.23,2773.0,78.0
10194,142.9,7.00,22.95,0.1606,6.23,2773.0,78.0
10201,144.9,6.90,22.95,0.1584,6.31,2773.0,78.0
10207,144.9,6.90,22.95,0.1584,6.31,2773.0,78.0
10214,144.9,6.90,22.95,0.1584,6.31,2773.0,78.0
10221,140.8,7.10,22.95,0.1629,6.14,2773.0,78.0
10228,147.1,6.80,22.95,0.1561,6.41,2773.0,78.0
10235,142.9,7.00,22.95,0.1606,6.23,2773.0,78.0
10242,142.9,7.00,22.95,0.1606,6.23,2773.0,78.0
10249,144.9,6.90,22.95,0.1584,6.31,2773.0,78.0
10256,142.9,7.00,22.95,0.1606,6.23,2773.0,78.0
10263,147.1,6.80,22.95,0.1561,6.41,2773.0,78.0
10270,142.9,7.00,22.95,0.1606,6.23,2773.0,78.0
10277,144.9,6.90,22.95,0.1584,6.31,2773.0,78.0
10284,142.9,7.00,22.95,0.1606,6.23,2773.0,78.0
10291,142.9,7.00,22.95,0.1606,6.23,2773.0,78.0
10298,144.9,6.90,22.95,0.1584,6.31,2773.0,78.0
10305,144.9,6.90,22.95,0.1584,6.31,2773.0,78.0
10312,144.9,6.90,22.95,0.1584,6.31,2773.0,78.0
10319,142.9,7.00,22.95,0.1606,6.23,2773.0,78.0
10326,142.9,7.00,22.95,0.1606,6.23,2773.0,78.0
10332,144.9,6.90,22.95,0.1584,6.31,2773.0,78.0
10339,144.9,6.90,22.95,0.1584,6.31,2773.0,78.0
10346,142.9,7.00,22.95,0.1606,6.23,2773.0,78.0
10353,142.9,7.00,22.95,0.1606,6.23,2773.0,78.0
10360,144.9,6.90,22.95,0.1584,6.31,2773.0,78.0
10367,144.9,6.90,22.95,0.1584,6.31,2773.0,78.0
10374,144.9,6.90,22.95,0.1584,6.31,2773.0,78.0
10381,142.9,7.00,22.95,0.1606,6.23,2773.0,78.0
10388,142.9,7.00,22.95,0.1606,6.23,2773.0,78.0
10395,144.9,6.90,22.95,0.1584,6.31,2773.0,78.0
10402,144.9,6.90,22.95,0.1584,6.31,2773.0,78.0
10409,142.9,7.00,22.95,0.1607,6.23,2773.0,78.0
10416,144.9,6.90,22.95,0.1584,6.31,2773.0,78.0
10423,144.9,6.90,22.95,0.1584,6.31,2773.0,78.0
10430,142.9,7.00,22.95,0.1607,6.23,2773.0,78.0
10437,142.9,7.00,22.95,0.1607,6.23,2773.0,78.0
10444,144.9,6.90,22.95,0.1584,6.31,2773.0,78.0
10450,144.9,6.90,22.95,0.1584,6.31,2773.0,78.0
10457,142.9,7.00,22.95,0.1607,6.23,2773.0,78.0
10464,142.9,7.00,22.96,0.1607,6.23,2773.0,78.0
10471,144.9,6.90,22.96,0.1584,6.31,2773.0,78.0
10478,142.9,7.00,22.96,0.1607,6.22,2773.0,78.0
10485,144.9,6.90,22.96,0.1584,6.31,2773.0,78.0
10492,142.9,7.00,22.96,0.1607,6.22,2773.0,78.0
10499,144.9,6.90,22.96,0.1584,6.31,2773.0,78.0
10506,144.9,6.90,22.96,0.1584,6.31,2773.0,78.0
10513,144.9,6.90,22.96,0.1584,6.31,2773.0,78.0
10520,142.9,7.00,22.96,0.1607,6.22,2773.0,78.0
10527,144.9,6.90,22.96,0.1584,6.31,2773.0,78.0
10534,142.9,7.00,22.96,0.1607,6.22,2773.0,78.0
10541,144.9,6.90,22.96,0.1584,6.31,2773.0,78.0
10548,142.9,7.00,22.96,0.1607,6.22,2773.0,78.0
10555,144.9,6.90,22.96,0.1585,6.31,2773.0,78.0
10562,142.9,7.00,22.96,0.1608,6.22,2773.0,78.0
10569,144.9,6.90,22.97,0.1585,6.31,2773.0,78.0
10576,142.9,7.00,22.97,0.1608,6.22,2773.0,78.0
10582,144.9,6.90,22.97,0.1585,6.31,2773.0,78.0
10589,142.9,7.00,22.97,0.1608,6.22,2773.0,78.0
10596,144.9,6.90,22.97,0.1585,6.31,2773.0,78.0
10603,144.9,6.90,22.97,0.1585,6.31,2773.0,78.0
10610,142.9,7.00,22.97,0.1608,6.22,2773.0,78.0
10617,144.9,6.90,22.97,0.1585,6.31,2773.0,78.0
10624,142.9,7.00,22.97,0.1608,6.22,2773.0,78.0
10631,144.9,6.90,22.97,0.1585,6.31,2773.0,78.0
10638,142.9,7.00,22.97,0.1608,6.22,2773.0,78.0
10645,142.9,7.00,22.97,0.1608,6.22,2773.0,78.0
10652,144.9,6.90,22.97,0.1585,6.31,2773.0,78.0
10659,144.9,6.90,22.97,0.1585,6.31,2773.0,78.0
10666,140.8,7.10,22.97,0.1631,6.13,2773.0,78.0
10673,147.1,6.80,22.97,0.1562,6.40,2773.0,78.0
10680,144.9,6.90,22.98,0.1585,6.31,2773.0,78.0
10687,142.9,7.00,22.98,0.1608,6.22,2773.0,78.0
10694,142.9,7.00,22.98,0.1608,6.22,2773.0,78.0
10701,144.9,6.90,22.98,0.1585,6.31,2773.0,78.0
10707,144.9,6.90,22.98,0.1585,6.31,2773.0,78.0
10714,144.9,6.90,22.98,0.1585,6.31,2773.0,78.0
10721,142.9,7.00,22.98,0.1609,6.22,2773.0,78.0
10728,142.9,7.00,22.98,0.1609,6.22,2773.0,78.0
10735,144.9,6.90,22.98,0.1586,6.31,2773.0,78.0
10742,142.9,7.00,22.98,0.1609,6.22,2773.0,78.0
10749,144.9,6.90,22.98,0.1586,6.31,2773.0,78.0
10756,144.9,6.90,22.98,0.1586,6.30,2773.0,78.0
10763,142.9,7.00,22.98,0.1609,6.22,2773.0,78.0
10770,144.9,6.90,22.98,0.1586,6.30,2773.0,78.0
10777,144.9,6.90,22.98,0.1586,6.30,2773.0,78.0
10784,142.9,7.00,22.98,0.1609,6.22,2773.0,78.0
10791,144.9,6.90,22.99,0.1586,6.30,2773.0,78.0
10798,144.9,6.90,22.99,0.1586,6.30,2773.0,78.0
10805,142.9,7.00,22.99,0.1609,6.22,2773.0,78.0
10812,144.9,6.90,22.99,0.1586,6.30,2773.0,78.0
10819,142.9,7.00,22.99,0.1609,6.22,2773.0,78.0
10826,142.9,7.00,22.99,0.1609,6.22,2773.0,78.0
10832,144.9,6.90,22.99,0.1586,6.30,2773.0,78.0
10839,144.9,6.90,22.99,0.1586,6.30,2773.0,78.0
10846,142.9,7.00,22.99,0.1609,6.22,2773.0,78.0
10853,144.9,6.90,22.99,0.1586,6.30,2773.0,78.0
10860,144.9,6.90,22.99,0.1586,6.30,2773.0,78.0
10867,142.9,7.00,22.99,0.1609,6.22,2773.0,78.0
10874,144.9,6.90,22.99,0.1586,6.30,2773.0,78.0
10881,142.9,7.00,22.99,0.1610,6.21,2773.0,78.0
10888,144.9,6.90,22.99,0.1587,6.30,2773.0,78.0
10895,142.9,7.00,22.99,0.1610,6.21,2773.0,78.0
10902,144.9,6.90,22.99,0.1587,6.30,2773.0,78.0
10909,142.9,7.00,23.00,0.1610,6.21,2773.0,78.0
10916,142.9,7.00,23.00,0.1610,6.21,2773.0,78.0
10923,144.9,6.90,23.00,0.1587,6.30,2773.0,78.0
10930,144.9,6.90,23.00,0.1587,6.30,2773.0,78.0
10937,144.9,6.90,23.00,0.1587,6.30,2773.0,78.0
10944,142.9,7.00,23.00,0.1610,6.21,2773.0,78.0
10950,144.9,6.90,23.00,0.1587,6.30,2773.0,78.0
10957,142.9,7.00,23.00,0.1610,6.21,2773.0,78.0
10964,144.9,6.90,23.00,0.1587,6.30,2773.0,78.0
10971,142.9,7.00,23.00,0.1610,6.21,2773.0,78.0
10978,144.9,6.90,23.00,0.1587,6.30,2773.0,78.0
10985,144.9,6.90,23.00,0.1587,6.30,2773.0,78.0
10992,142.9,7.00,23.00,0.1610,6.21,2773.0,78.0
10999,142.9,7.00,23.00,0.1610,6.21,2773.0,78.0
11006,144.9,6.90,23.00,0.1587,6.30,2773.0,78.0
11013,144.9,6.90,23.00,0.1587,6.30,2773.0,78.0
11020,142.9,7.00,23.01,0.1610,6.21,2773.0,78.0
11027,144.9,6.90,23.01,0.1587,6.30,2773.0,78.0
11034,142.9,7.00,23.01,0.1610,6.21,2773.0,78.0
11041,144.9,6.90,23.01,0.1588,6.30,2773.0,78.0
11048,144.9,6.90,23.01,0.1588,6.30,2773.0,78.0
11055,142.9,7.00,23.01,0.1611,6.21,2773.0,78.0
11062,142.9,7.00,23.01,0.1611,6.21,2773.0,78.0
11069,144.9,6.90,23.01,0.1588,6.30,2773.0,78.0
11076,142.9,7.00,23.01,0.1611,6.21,2773.0,78.0
11082,144.9,6.90,23.01,0.1588,6.30,2773.0,78.0
11089,144.9,6.90,23.01,0.1588,6.30,2773.0,78.0
11096,142.9,7.00,23.01,0.1611,6.21,2773.0,78.0
11103,142.9,7.00,23.01,0.1611,6.21,2773.0,78.0
11110,144.9,6.90,23.01,0.1588,6.30,2773.0,78.0
11117,144.9,6.90,23.01,0.1588,6.30,2773.0,78.0
11124,144.9,6.90,23.01,0.1588,6.30,2773.0,78.0
11131,142.9,7.00,23.02,0.1611,6.21,2773.0,78.0
11138,144.9,6.90,23.02,0.1588,6.30,2773.0,78.0
11145,142.9,7.00,23.02,0.1611,6.21,2773.0,78.0
11152,142.9,7.00,23.02,0.1611,6.21,2773.0,78.0
11159,144.9,6.90,23.02,0.1588,6.30,2773.0,78.0
11166,144.9,6.90,23.02,0.1588,6.29,2773.0,78.0
11173,142.9,7.00,23.02,0.1611,6.21,2773.0,78.0
11180,142.9,7.00,23.02,0.1611,6.21,2773.0,78.0
11187,144.9,6.90,23.02,0.1588,6.29,2773.0,78.0
11194,144.9,6.90,23.02,0.1588,6.29,2773.0,78.0
11201,142.9,7.00,23.02,0.1612,6.21,2773.0,78.0
11207,144.9,6.90,23.02,0.1589,6.29,2773.0,78.0
11214,144.9,6.90,23.02,0.1589,6.29,2773.0,78.0
11221,142.9,7.00,23.02,0.1612,6.21,2773.0,78.0
11228,144.9,6.90,23.02,0.1589,6.29,2773.0,78.0
11235,144.9,6.90,23.02,0.1589,6.29,2773.0,78.0
11242,142.9,7.00,23.03,0.1612,6.21,2773.0,78.0
11249,142.9,7.00,23.03,0.1612,6.21,2773.0,78.0
11256,144.9,6.90,23.03,0.1589,6.29,2773.0,78.0
11263,142.9,7.00,23.03,0.1612,6.21,2773.0,78.0
11270,144.9,6.90,23.03,0.1589,6.29,2773.0,78.0
11277,144.9,6.90,23.03,0.1589,6.29,2773.0,78.0
11284,142.9,7.00,23.03,0.1612,6.21,2773.0,78.0
11291,142.9,7.00,23.03,0.1612,6.20,2773.0,78.0
11298,144.9,6.90,23.03,0.1589,6.29,2773.0,78.0
11305,144.9,6.90,23.03,0.1589,6.29,2773.0,78.0
11312,144.9,6.90,23.03,0.1589,6.29,2773.0,78.0
11319,142.9,7.00,23.03,0.1612,6.20,2773.0,78.0
11326,142.9,7.00,23.03,0.1612,6.20,2773.0,78.0
11332,144.9,6.90,23.03,0.1589,6.29,2773.0,78.0
11339,144.9,6.90,23.03,0.1589,6.29,2773.0,78.0
11346,142.9,7.00,23.03,0.1612,6.20,2773.0,78.0
11353,144.9,6.90,23.04,0.1589,6.29,2773.0,78.0
11360,142.9,7.00,23.04,0.1613,6.20,2773.0,78.0
11367,144.9,6.90,23.04,0.1590,6.29,2773.0,78.0
11374,144.9,6.90,23.04,0.1590,6.29,2773.0,78.0
11381,142.9,7.00,23.04,0.1613,6.20,2773.0,78.0
11388,144.9,6.90,23.04,0.1590,6.29,2773.0,78.0
11395,142.9,7.00,23.04,0.1613,6.20,2773.0,78.0
11402,144.9,6.90,23.04,0.1590,6.29,2773.0,78.0
11409,144.9,6.90,23.04,0.1590,6.29,2773.0,78.0
11416,142.9,7.00,23.04,0.1613,6.20,2773.0,78.0
11423,142.9,7.00,23.04,0.1613,6.20,2773.0,78.0
11430,144.9,6.90,23.04,0.1590,6.29,2773.0,78.0
11437,144.9,6.90,23.04,0.1589,6.29,2773.0,78.0
11444,140.8,7.10,23.04,0.1636,6.11,2773.0,78.0
11450,147.1,6.80,23.03,0.1566,6.39,2773.0,78.0
11457,142.9,7.00,23.03,0.1612,6.20,2773.0,78.0
11464,144.9,6.90,23.03,0.1589,6.29,2773.0,78.0
11471,142.9,7.00,23.03,0.1612,6.20,2773.0,78.0
11478,144.9,6.90,23.03,0.1589,6.29,2773.0,78.0
11485,144.9,6.90,23.03,0.1589,6.29,2773.0,78.0
11492,140.8,7.10,23.03,0.1635,6.11,2773.0,78.0
11499,147.1,6.80,23.03,0.1566,6.39,2773.0,78.0
11506,144.9,6.90,23.03,0.1589,6.29,2773.0,78.0
11513,142.9,7.00,23.03,0.1612,6.21,2773.0,78.0
11520,144.9,6.90,23.03,0.1589,6.29,2773.0,78.0
11527,142.9,7.00,23.03,0.1612,6.21,2773.0,78.0
11534,142.9,7.00,23.03,0.1612,6.21,2773.0,78.0
11541,144.9,6.90,23.02,0.1589,6.29,2773.0,78.0
11548,144.9,6.90,23.02,0.1589,6.29,2773.0,78.0
11555,142.9,7.00,23.02,0.1612,6.21,2773.0,78.0
11562,142.9,7.00,23.02,0.1612,6.21,2773.0,78.0
11569,144.9,6.90,23.02,0.1588,6.29,2773.0,78.0
11575,144.9,6.90,23.02,0.1588,6.29,2773.0,78.0
11582,142.9,7.00,23.02,0.1611,6.21,2773.0,78.0
11589,144.9,6.90,23.02,0.1588,6.29,2773.0,78.0
11596,144.9,6.90,23.02,0.1588,6.29,2773.0,78.0
11603,142.9,7.00,23.02,0.1611,6.21,2773.0,78.0
11610,142.9,7.00,23.02,0.1611,6.21,2773.0,78.0
11617,144.9,6.90,23.02,0.1588,6.30,2773.0,78.0
11624,142.9,7.00,23.02,0.1611,6.21,2773.0,78.0
11631,144.9,6.90,23.01,0.1588,6.30,2773.0,78.0
11638,144.9,6.90,23.01,0.1588,6.30,2773.0,78.0
11645,142.9,7.00,23.01,0.1611,6.21,2773.0,78.0
11652,142.9,7.00,23.01,0.1611,6.21,2773.0,78.0
11659,147.1,6.80,23.01,0.1565,6.39,2773.0,78.0
11666,142.9,7.00,23.01,0.1611,6.21,2773.0,78.0
11673,142.9,7.00,23.01,0.1611,6.21,2773.0,78.0
11680,144.9,6.90,23.01,0.1588,6.30,2773.0,78.0
11687,142.9,7.00,23.01,0.1611,6.21,2773.0,78.0
11694,144.9,6.90,23.01,0.1588,6.30,2773.0,78.0
11700,144.9,6.90,23.01,0.1587,6.30,2773.0,78.0
11707,142.9,7.00,23.01,0.1610,6.21,2773.0,78.0
11714,144.9,6.90,23.01,0.1587,6.30,2773.0,78.0
11721,144.9,6.90,23.00,0.1587,6.30,2773.0,78.0
11728,142.9,7.00,23.00,0.1610,6.21,2773.0,78.0
11735,142.9,7.00,23.00,0.1610,6.21,2773.0,78.0
11742,144.9,6.90,23.00,0.1587,6.30,2773.0,78.0
11749,144.9,6.90,23.00,0.1587,6.30,2773.0,78.0
11756,142.9,7.00,23.00,0.1610,6.21,2773.0,78.0
11763,142.9,7.00,23.00,0.1610,6.21,2773.0,78.0
11770,144.9,6.90,23.00,0.1587,6.30,2773.0,78.0
11777,144.9,6.90,23.00,0.1587,6.30,2773.0,78.0
11784,144.9,6.90,23.00,0.1587,6.30,2773.0,78.0
11791,142.9,7.00,23.00,0.1610,6.21,2773.0,78.0
11798,142.9,7.00,23.00,0.1610,6.21,2773.0,78.0
11805,144.9,6.90,23.00,0.1587,6.30,2773.0,78.0
11812,144.9,6.90,22.99,0.1587,6.30,2773.0,78.0
11818,144.9,6.90,22.99,0.1587,6.30,2773.0,78.0
11826,140.8,7.10,22.99,0.1633,6.12,2773.0,78.0
11832,144.9,6.90,22.99,0.1586,6.30,2773.0,78.0
11839,144.9,6.90,22.99,0.1586,6.30,2773.0,78.0
11846,144.9,6.90,22.99,0.1586,6.30,2773.0,78.0
11853,142.9,7.00,22.99,0.1609,6.22,2773.0,78.0
11860,144.9,6.90,22.99,0.1586,6.30,2773.0,78.0
11867,142.9,7.00,22.99,0.1609,6.22,2773.0,78.0
11874,142.9,7.00,22.99,0.1609,6.22,2773.0,78.0
11881,144.9,6.90,22.99,0.1586,6.30,2773.0,78.0
11888,144.9,6.90,22.99,0.1586,6.30,2773.0,78.0
11895,144.9,6.90,22.99,0.1586,6.30,2773.0,78.0
11902,140.8,7.10,22.98,0.1632,6.13,2773.0,78.0
11909,147.1,6.80,22.98,0.1563,6.40,2773.0,78.0
11916,142.9,7.00,22.98,0.1609,6.22,2773.0,78.0
11923,142.9,7.00,22.98,0.1609,6.22,2773.0,78.0
11930,144.9,6.90,22.98,0.1586,6.30,2773.0,78.0
11937,144.9,6.90,22.98,0.1586,6.31,2773.0,78.0
11944,142.9,7.00,22.98,0.1609,6.22,2773.0,78.0
11951,142.9,7.00,22.98,0.1609,6.22,2773.0,78.0
11957,144.9,6.90,22.98,0.1586,6.31,2773.0,78.0
11964,144.9,6.90,22.98,0.1585,6.31,2773.0,78.0
11971,144.9,6.90,22.98,0.1585,6.31,2773.0,78.0
11978,142.9,7.00,22.98,0.1608,6.22,2773.0,78.0
11985,142.9,7.00,22.98,0.1608,6.22,2773.0,78.0
11992,144.9,6.90,22.98,0.1585,6.31,2773.0,78.0
11999,142.9,7.00,22.97,0.1608,6.22,2773.0,78.0
12006,144.9,6.90,22.97,0.1585,6.31,2773.0,78.0
12013,144.9,6.90,22.97,0.1585,6.31,2773.0,78.0
12020,142.9,7.00,22.97,0.1608,6.22,2773.0,78.0
12027,144.9,6.90,22.97,0.1585,6.31,2773.0,78.0
12034,142.9,7.00,22.97,0.1608,6.22,2773.0,78.0
12041,144.9,6.90,22.97,0.1585,6.31,2773.0,78.0
12048,142.9,7.00,22.97,0.1608,6.22,2773.0,78.0
12055,144.9,6.90,22.97,0.1585,6.31,2773.0,78.0
12062,144.9,6.90,22.97,0.1585,6.31,2773.0,78.0
12069,142.9,7.00,22.97,0.1608,6.22,2773.0,78.0
12075,144.9,6.90,22.97,0.1585,6.31,2773.0,78.0
12082,144.9,6.90,22.97,0.1585,6.31,2773.0,78.0
12089,142.9,7.00,22.96,0.1608,6.22,2773.0,78.0
12096,144.9,6.90,22.96,0.1584,6.31,2773.0,78.0
12103,142.9,7.00,22.96,0.1607,6.22,2773.0,78.0
12110,142.9,7.00,22.96,0.1607,6.22,2773.0,78.0
12117,144.9,6.90,22.96,0.1584,6.31,2773.0,78.0
12124,144.9,6.90,22.96,0.1584,6.31,2773.0,78.0
12131,140.8,7.10,22.96,0.1630,6.13,2773.0,78.0
12138,147.1,6.80,22.96,0.1561,6.41,2773.0,78.0
12145,142.9,7.00,22.96,0.1607,6.22,2773.0,78.0
12152,144.9,6.90,22.96,0.1584,6.31,2773.0,78.0
12159,144.9,6.90,22.96,0.1584,6.31,2773.0,78.0
12166,142.9,7.00,22.96,0.1607,6.22,2773.0,78.0
12173,144.9,6.90,22.96,0.1584,6.31,2773.0,78.0
12180,140.8,7.10,22.95,0.1630,6.13,2773.0,78.0
12187,147.1,6.80,22.95,0.1561,6.41,2773.0,78.0
12193,144.9,6.90,22.95,0.1584,6.31,2773.0,78.0
12200,142.9,7.00,22.95,0.1607,6.23,2773.0,78.0
12207,144.9,6.90,22.95,0.1584,6.31,2773.0,78.0
12214,142.9,7.00,22.95,0.1607,6.23,2773.0,78.0
12221,142.9,7.00,22.95,0.1606,6.23,2773.0,78.0
12228,144.9,6.90,22.95,0.1583,6.31,2773.0,78.0
12235,144.9,6.90,22.95,0.1583,6.31,2773.0,78.0
12242,142.9,7.00,22.95,0.1606,6.23,2773.0,78.0
12249,144.9,6.90,22.95,0.1583,6.31,2773.0,78.0
12256,142.9,7.00,22.95,0.1606,6.23,2773.0,78.0
12263,144.9,6.90,22.95,0.1583,6.32,2773.0,78.0
12270,142.9,7.00,22.94,0.1606,6.23,2773.0,78.0
12277,144.9,6.90,22.94,0.1583,6.32,2773.0,78.0
12284,142.9,7.00,22.94,0.1606,6.23,2773.0,78.0
12291,144.9,6.90,22.94,0.1583,6.32,2773.0,78.0
12298,144.9,6.90,22.94,0.1583,6.32,2773.0,78.0
12305,140.8,7.10,22.94,0.1629,6.14,2773.0,78.0
12311,149.3,6.70,22.94,0.1537,6.51,2773.0,78.0
12319,140.8,7.10,22.94,0.1629,6.14,2773.0,78.0
12326,142.9,7.00,22.94,0.1606,6.23,2773.0,78.0
12332,144.9,6.90,22.94,0.1583,6.32,2773.0,78.0
12339,144.9,6.90,22.94,0.1583,6.32,2773.0,78.0
12346,142.9,7.00,22.94,0.1606,6.23,2773.0,78.0
12353,144.9,6.90,22.94,0.1583,6.32,2773.0,78.0
12360,144.9,6.90,22.93,0.1582,6.32,2773.0,78.0
12367,142.9,7.00,22.93,0.1605,6.23,2773.0,78.0
12374,142.9,7.00,22.93,0.1605,6.23,2773.0,78.0
12381,147.1,6.80,22.93,0.1559,6.41,2773.0,78.0
12388,142.9,7.00,22.93,0.1605,6.23,2773.0,78.0
12395,142.9,7.00,22.93,0.1605,6.23,2773.0,78.0
12402,144.9,6.90,22.93,0.1582,6.32,2773.0,78.0
12409,144.9,6.90,22.93,0.1582,6.32,2773.0,78.0
12416,142.9,7.00,22.93,0.1605,6.23,2773.0,78.0
12423,142.9,7.00,22.94,0.1605,6.23,2773.0,78.0
12430,144.9,6.90,22.94,0.1583,6.32,2773.0,78.0
12437,144.9,6.90,22.94,0.1583,6.32,2773.0,78.0
12443,144.9,6.90,22.94,0.1583,6.32,2773.0,78.0
12450,142.9,7.00,22.94,0.1606,6.23,2773.0,78.0
12457,144.9,6.90,22.94,0.1583,6.32,2773.0,78.0
12464,144.9,6.90,22.94,0.1583,6.32,2773.0,78.0
12471,140.8,7.10,22.95,0.1629,6.14,2773.0,78.0
12478,144.9,6.90,22.95,0.1583,6.31,2773.0,78.0
12485,144.9,6.90,22.95,0.1584,6.31,2773.0,78.0
12492,142.9,7.00,22.95,0.1607,6.23,2773.0,78.0
12499,142.9,7.00,22.95,0.1607,6.23,2773.0,78.0
12506,147.1,6.80,22.95,0.1561,6.41,2773.0,78.0
12513,142.9,7.00,22.96,0.1607,6.22,2773.0,78.0
12520,142.9,7.00,22.96,0.1607,6.22,2773.0,78.0
12527,144.9,6.90,22.96,0.1584,6.31,2773.0,78.0
12534,144.9,6.90,22.96,0.1584,6.31,2773.0,78.0
12541,142.9,7.00,22.96,0.1607,6.22,2773.0,78.0
12548,144.9,6.90,22.97,0.1585,6.31,2773.0,78.0
12555,144.9,6.90,22.97,0.1585,6.31,2773.0,78.0
12562,142.9,7.00,22.97,0.1608,6.22,2773.0,78.0
12568,144.9,6.90,22.97,0.1585,6.31,2773.0,78.0
12575,144.9,6.90,22.97,0.1585,6.31,2773.0,78.0
12582,140.8,7.10,22.97,0.1631,6.13,2773.0,78.0
12589,142.9,7.00,22.97,0.1608,6.22,2773.0,78.0
12596,144.9,6.90,22.98,0.1585,6.31,2773.0,78.0
12603,144.9,6.90,22.98,0.1585,6.31,2773.0,78.0
12610,144.9,6.90,22.98,0.1586,6.31,2773.0,78.0
12617,142.9,7.00,22.98,0.1609,6.22,2773.0,78.0
12624,144.9,6.90,22.98,0.1586,6.30,2773.0,78.0
12631,142.9,7.00,22.98,0.1609,6.22,2773.0,78.0
12638,142.9,7.00,22.99,0.1609,6.22,2773.0,78.0
12645,144.9,6.90,22.99,0.1586,6.30,2773.0,78.0
12652,144.9,6.90,22.99,0.1586,6.30,2773.0,78.0
12659,144.9,6.90,22.99,0.1586,6.30,2773.0,78.0
12666,142.9,7.00,22.99,0.1610,6.21,2773.0,78.0
12673,144.9,6.90,23.00,0.1587,6.30,2773.0,78.0
12680,142.9,7.00,23.00,0.1610,6.21,2773.0,78.0
12687,144.9,6.90,23.00,0.1587,6.30,2773.0,78.0
12694,142.9,7.00,23.00,0.1610,6.21,2773.0,78.0
12700,144.9,6.90,23.00,0.1587,6.30,2773.0,78.0
12707,144.9,6.90,23.00,0.1587,6.30,2773.0,78.0
12714,144.9,6.90,23.00,0.1587,6.30,2773.0,78.0
12721,142.9,7.00,23.01,0.1610,6.21,2773.0,78.0
12728,142.9,7.00,23.01,0.1611,6.21,2773.0,78.0
12735,142.9,7.00,23.01,0.1611,6.21,2773.0,78.0
12742,144.9,6.90,23.01,0.1588,6.30,2773.0,78.0
12749,142.9,7.00,23.01,0.1611,6.21,2773.0,78.0
12756,147.1,6.80,23.01,0.1565,6.39,2773.0,78.0
12763,142.9,7.00,23.02,0.1611,6.21,2773.0,78.0
12770,144.9,6.90,23.02,0.1588,6.29,2773.0,78.0
12777,144.9,6.90,23.02,0.1588,6.29,2773.0,78.0
12784,140.8,7.10,23.02,0.1635,6.12,2773.0,78.0
12791,147.1,6.80,23.02,0.1566,6.39,2773.0,78.0
12798,142.9,7.00,23.03,0.1612,6.21,2773.0,78.0
12805,144.9,6.90,23.03,0.1589,6.29,2773.0,78.0
12812,142.9,7.00,23.03,0.1612,6.21,2773.0,78.0
12819,142.9,7.00,23.03,0.1612,6.20,2773.0,78.0
12825,144.9,6.90,23.03,0.1589,6.29,2773.0,78.0
12832,144.9,6.90,23.03,0.1589,6.29,2773.0,78.0
12839,142.9,7.00,23.03,0.1612,6.20,2773.0,78.0
12846,144.9,6.90,23.04,0.1590,6.29,2773.0,78.0
12853,144.9,6.90,23.04,0.1590,6.29,2773.0,78.0
12860,140.8,7.10,23.04,0.1636,6.11,2773.0,78.0
12867,144.9,6.90,23.04,0.1590,6.29,2773.0,78.0
12874,144.9,6.90,23.04,0.1590,6.29,2773.0,78.0
12881,144.9,6.90,23.04,0.1590,6.29,2773.0,78.0
12888,142.9,7.00,23.05,0.1613,6.20,2773.0,78.0
12895,144.9,6.90,23.05,0.1590,6.29,2773.0,78.0
12902,142.9,7.00,23.05,0.1614,6.20,2773.0,78.0
12909,142.9,7.00,23.05,0.1614,6.20,2773.0,78.0
12916,144.9,6.90,23.05,0.1591,6.29,2773.0,78.0
12923,144.9,6.90,23.06,0.1591,6.28,2773.0,78.0
12930,142.9,7.00,23.06,0.1614,6.20,2773.0,78.0
12937,144.9,6.90,23.06,0.1591,6.28,2773.0,78.0
12944,142.9,7.00,23.06,0.1614,6.20,2773.0,78.0
12950,144.9,6.90,23.06,0.1591,6.28,2773.0,78.0
12957,144.9,6.90,23.06,0.1591,6.28,2773.0,78.0
12964,142.9,7.00,23.06,0.1615,6.20,2773.0,78.0
12971,142.9,7.00,23.07,0.1615,6.20,2773.0,78.0
12978,144.9,6.90,23.07,0.1592,6.28,2773.0,78.0
12985,142.9,7.00,23.07,0.1615,6.19,2773.0,78.0
12992,144.9,6.90,23.07,0.1592,6.28,2773.0,78.0
12999,144.9,6.90,23.07,0.1592,6.28,2773.0,78.0
13006,142.9,7.00,23.07,0.1615,6.19,2773.0,78.0
13013,144.9,6.90,23.08,0.1592,6.28,2773.0,78.0
13020,144.9,6.90,23.08,0.1592,6.28,2773.0,78.0
13027,142.9,7.00,23.08,0.1616,6.19,2773.0,78.0
13034,144.9,6.90,23.08,0.1593,6.28,2773.0,78.0
13041,142.9,7.00,23.08,0.1616,6.19,2773.0,78.0
13048,142.9,7.00,23.09,0.1616,6.19,2773.0,78.0
13055,144.9,6.90,23.09,0.1593,6.28,2773.0,78.0
13062,144.9,6.90,23.09,0.1593,6.28,2773.0,78.0
13068,144.9,6.90,23.09,0.1593,6.28,2773.0,78.0
13075,142.9,7.00,23.09,0.1616,6.19,2773.0,78.0
13082,142.9,7.00,23.09,0.1617,6.19,2773.0,78.0
13089,144.9,6.90,23.09,0.1594,6.27,2773.0,78.0
13096,142.9,7.00,23.10,0.1617,6.19,2773.0,78.0
13103,144.9,6.90,23.10,0.1594,6.27,2773.0,78.0
13110,144.9,6.90,23.10,0.1594,6.27,2773.0,78.0
13117,142.9,7.00,23.10,0.1617,6.19,2773.0,78.0
13124,144.9,6.90,23.10,0.1594,6.27,2773.0,78.0
13131,142.9,7.00,23.10,0.1617,6.18,2773.0,78.0
13138,144.9,6.90,23.11,0.1594,6.27,2773.0,78.0
13145,144.9,6.90,23.11,0.1594,6.27,2773.0,78.0
13152,142.9,7.00,23.11,0.1618,6.18,2773.0,78.0
13159,142.9,7.00,23.11,0.1618,6.18,2773.0,78.0
13166,144.9,6.90,23.11,0.1595,6.27,2773.0,78.0
13173,142.9,7.00,23.12,0.1618,6.18,2773.0,78.0
13180,144.9,6.90,23.12,0.1595,6.27,2773.0,78.0
13187,144.9,6.90,23.12,0.1595,6.27,2773.0,78.0
13194,142.9,7.00,23.12,0.1618,6.18,2773.0,78.0
13200,144.9,6.90,23.12,0.1595,6.27,2773.0,78.0
13207,142.9,7.00,23.12,0.1619,6.18,2773.0,78.0
13214,144.9,6.90,23.12,0.1596,6.27,2773.0,78.0
13221,142.9,7.00,23.13,0.1619,6.18,2773.0,78.0
13228,144.9,6.90,23.13,0.1596,6.27,2773.0,78.0
13235,144.9,6.90,23.13,0.1596,6.26,2773.0,78.0
13242,142.9,7.00,23.13,0.1619,6.18,2773.0,78.0
13249,144.9,6.90,23.13,0.1596,6.26,2773.0,78.0
13256,142.9,7.00,23.13,0.1619,6.18,2773.0,78.0
13263,144.9,6.90,23.14,0.1596,6.26,2773.0,78.0
13270,142.9,7.00,23.14,0.1620,6.18,2773.0,78.0
13277,144.9,6.90,23.14,0.1597,6.26,2773.0,78.0
13284,142.9,7.00,23.14,0.1620,6.18,2773.0,78.0
13291,147.1,6.80,23.14,0.1574,6.36,2773.0,78.0
13298,142.9,7.00,23.15,0.1620,6.17,2773.0,78.0
13305,142.9,7.00,23.15,0.1620,6.17,2773.0,78.0
13312,144.9,6.90,23.15,0.1597,6.26,2773.0,78.0
13318,144.9,6.90,23.15,0.1597,6.26,2773.0,78.0
13325,142.9,7.00,23.15,0.1621,6.17,2773.0,78.0
13332,142.9,7.00,23.15,0.1621,6.17,2773.0,78.0
13339,144.9,6.90,23.15,0.1598,6.26,2773.0,78.0
13346,142.9,7.00,23.16,0.1621,6.17,2773.0,78.0
13353,144.9,6.90,23.16,0.1598,6.26,2773.0,78.0
13360,144.9,6.90,23.16,0.1598,6.26,2773.0,78.0
13367,144.9,6.90,23.16,0.1598,6.26,2773.0,78.0
13374,142.9,7.00,23.16,0.1621,6.17,2773.0,78.0
13381,142.9,7.00,23.16,0.1622,6.17,2773.0,78.0
13388,144.9,6.90,23.17,0.1598,6.25,2773.0,78.0
13395,142.9,7.00,23.17,0.1622,6.17,2773.0,78.0
13402,144.9,6.90,23.17,0.1599,6.25,2773.0,78.0
13409,142.9,7.00,23.17,0.1622,6.17,2773.0,78.0
13416,144.9,6.90,23.17,0.1598,6.25,2773.0,78.0
13423,144.9,6.90,23.16,0.1598,6.26,2773.0,78.0
13430,142.9,7.00,23.16,0.1621,6.17,2773.0,78.0
13437,144.9,6.90,23.16,0.1598,6.26,2773.0,78.0
13444,142.9,7.00,23.16,0.1621,6.17,2773.0,78.0
13451,142.9,7.00,23.16,0.1621,6.17,2773.0,78.0
13457,147.1,6.80,23.15,0.1575,6.35,2773.0,78.0
13464,142.9,7.00,23.15,0.1621,6.17,2773.0,78.0
13471,144.9,6.90,23.15,0.1597,6.26,2773.0,78.0
13478,142.9,7.00,23.15,0.1620,6.17,2773.0,78.0
13485,144.9,6.90,23.15,0.1597,6.26,2773.0,78.0
13492,142.9,7.00,23.14,0.1620,6.17,2773.0,78.0
13499,144.9,6.90,23.14,0.1597,6.26,2773.0,78.0
13506,142.9,7.00,23.14,0.1620,6.18,2773.0,78.0
13513,144.9,6.90,23.14,0.1597,6.26,2773.0,78.0
13520,144.9,6.90,23.14,0.1596,6.26,2773.0,78.0
13527,142.9,7.00,23.14,0.1619,6.18,2773.0,78.0
13534,144.9,6.90,23.13,0.1596,6.26,2773.0,78.0
13541,142.9,7.00,23.13,0.1619,6.18,2773.0,78.0
13548,144.9,6.90,23.13,0.1596,6.26,2773.0,78.0
13555,142.9,7.00,23.13,0.1619,6.18,2773.0,78.0
13562,144.9,6.90,23.13,0.1596,6.27,2773.0,78.0
13569,142.9,7.00,23.12,0.1619,6.18,2773.0,78.0
13575,144.9,6.90,23.12,0.1595,6.27,2773.0,78.0
13582,144.9,6.90,23.12,0.1595,6.27,2773.0,78.0
13589,142.9,7.00,23.12,0.1618,6.18,2773.0,78.0
13596,144.9,6.90,23.12,0.1595,6.27,2773.0,78.0
13603,142.9,7.00,23.11,0.1618,6.18,2773.0,78.0
13610,144.9,6.90,23.11,0.1595,6.27,2773.0,78.0
13617,142.9,7.00,23.11,0.1618,6.18,2773.0,78.0
13624,144.9,6.90,23.11,0.1594,6.27,2773.0,78.0
13631,142.9,7.00,23.11,0.1617,6.18,2773.0,78.0
13638,144.9,6.90,23.10,0.1594,6.27,2773.0,78.0
13645,144.9,6.90,23.10,0.1594,6.27,2773.0,78.0
13652,144.9,6.90,23.10,0.1594,6.27,2773.0,78.0
13659,142.9,7.00,23.10,0.1617,6.19,2773.0,78.0
13666,142.9,7.00,23.10,0.1617,6.19,2773.0,78.0
13673,144.9,6.90,23.09,0.1593,6.27,2773.0,78.0
13680,144.9,6.90,23.09,0.1593,6.27,2773.0,78.0
13687,142.9,7.00,23.09,0.1616,6.19,2773.0,78.0
13693,144.9,6.90,23.09,0.1593,6.28,2773.0,78.0
13700,144.9,6.90,23.09,0.1593,6.28,2773.0,78.0
13707,142.9,7.00,23.08,0.1616,6.19,2773.0,78.0
13714,142.9,7.00,23.08,0.1616,6.19,2773.0,78.0
13721,147.1,6.80,23.08,0.1569,6.37,2773.0,78.0
13728,140.8,7.10,23.08,0.1639,6.10,2773.0,78.0
13735,144.9,6.90,23.08,0.1592,6.28,2773.0,78.0
13742,142.9,7.00,23.07,0.1615,6.19,2773.0,78.0
13749,144.9,6.90,23.07,0.1592,6.28,2773.0,78.0
13756,142.9,7.00,23.07,0.1615,6.19,2773.0,78.0
13763,144.9,6.90,23.07,0.1592,6.28,2773.0,78.0
13770,144.9,6.90,23.07,0.1592,6.28,2773.0,78.0
13777,142.9,7.00,23.07,0.1615,6.20,2773.0,78.0
13784,144.9,6.90,23.06,0.1591,6.28,2773.0,78.0
13791,144.9,6.90,23.06,0.1591,6.28,2773.0,78.0
13798,142.9,7.00,23.06,0.1614,6.20,2773.0,78.0
13805,144.9,6.90,23.06,0.1591,6.28,2773.0,78.0
13812,142.9,7.00,23.06,0.1614,6.20,2773.0,78.0
13818,144.9,6.90,23.05,0.1591,6.29,2773.0,78.0
13825,142.9,7.00,23.05,0.1614,6.20,2773.0,78.0
13832,142.9,7.00,23.05,0.1613,6.20,2773.0,78.0
13839,147.1,6.80,23.05,0.1567,6.38,2773.0,78.0
13846,142.9,7.00,23.05,0.1613,6.20,2773.0,78.0
13853,142.9,7.00,23.04,0.1613,6.20,2773.0,78.0
13860,144.9,6.90,23.04,0.1590,6.29,2773.0,78.0
13867,142.9,7.00,23.04,0.1613,6.20,2773.0,78.0
13874,147.1,6.80,23.04,0.1567,6.39,2773.0,78.0
13881,142.9,7.00,23.04,0.1613,6.20,2773.0,78.0
13888,142.9,7.00,23.03,0.1612,6.20,2773.0,78.0
13895,142.9,7.00,23.03,0.1612,6.20,2773.0,78.0
13902,144.9,6.90,23.03,0.1589,6.29,2773.0,78.0
13909,144.9,6.90,23.03,0.1589,6.29,2773.0,78.0
13916,142.9,7.00,23.03,0.1612,6.21,2773.0,78.0
13923,144.9,6.90,23.02,0.1589,6.29,2773.0,78.0
13930,142.9,7.00,23.02,0.1612,6.21,2773.0,78.0
13937,144.9,6.90,23.02,0.1588,6.29,2773.0,78.0
13944,142.9,7.00,23.02,0.1611,6.21,2773.0,78.0
13950,144.9,6.90,23.02,0.1588,6.30,2773.0,78.0
13957,142.9,7.00,23.01,0.1611,6.21,2773.0,78.0
13964,144.9,6.90,23.01,0.1588,6.30,2773.0,78.0
13971,144.9,6.90,23.01,0.1588,6.30,2773.0,78.0
13978,144.9,6.90,23.01,0.1588,6.30,2773.0,78.0
13985,142.9,7.00,23.01,0.1610,6.21,2773.0,78.0
13992,144.9,6.90,23.00,0.1587,6.30,2773.0,78.0
13999,142.9,7.00,23.00,0.1610,6.21,2773.0,78.0
14006,144.9,6.90,23.00,0.1587,6.30,2773.0,78.0
14013,140.8,7.10,23.00,0.1633,6.12,2773.0,78.0
14020,147.1,6.80,23.00,0.1564,6.40,2773.0,78.0
14027,142.9,7.00,23.00,0.1610,6.21,2773.0,78.0
14034,142.9,7.00,22.99,0.1610,6.21,2773.0,78.0
14041,147.1,6.80,22.99,0.1563,6.40,2773.0,78.0
14048,140.8,7.10,22.99,0.1632,6.12,2773.0,78.0
14055,144.9,6.90,22.99,0.1586,6.30,2773.0,78.0
14062,144.9,6.90,22.99,0.1586,6.30,2773.0,78.0
14068,144.9,6.90,22.98,0.1586,6.30,2773.0,78.0
14075,142.9,7.00,22.98,0.1609,6.22,2773.0,78.0
14082,144.9,6.90,22.98,0.1586,6.31,2773.0,78.0
14089,142.9,7.00,22.98,0.1608,6.22,2773.0,78.0
14096,144.9,6.90,22.98,0.1585,6.31,2773.0,78.0
14103,142.9,7.00,22.97,0.1608,6.22,2773.0,78.0
14110,144.9,6.90,22.97,0.1585,6.31,2773.0,78.0
14117,144.9,6.90,22.97,0.1585,6.31,2773.0,78.0
14124,142.9,7.00,22.97,0.1608,6.22,2773.0,78.0
14131,144.9,6.90,22.97,0.1585,6.31,2773.0,78.0
14138,142.9,7.00,22.96,0.1607,6.22,2773.0,78.0
14145,144.9,6.90,22.96,0.1584,6.31,2773.0,78.0
14152,142.9,7.00,22.96,0.1607,6.22,2773.0,78.0
14159,144.9,6.90,22.96,0.1584,6.31,2773.0,78.0
14166,144.9,6.90,22.96,0.1584,6.31,2773.0,78.0
14173,142.9,7.00,22.95,0.1607,6.23,2773.0,78.0
14180,142.9,7.00,22.95,0.1607,6.23,2773.0,78.0
14187,144.9,6.90,22.95,0.1584,6.31,2773.0,78.0
14193,144.9,6.90,22.95,0.1583,6.31,2773.0,78.0
14200,142.9,7.00,22.95,0.1606,6.23,2773.0,78.0
14207,144.9,6.90,22.94,0.1583,6.32,2773.0,78.0
14214,142.9,7.00,22.94,0.1606,6.23,2773.0,78.0
14221,144.9,6.90,22.94,0.1583,6.32,2773.0,78.0
14228,142.9,7.00,22.94,0.1606,6.23,2773.0,78.0
14235,142.9,7.00,22.94,0.1606,6.23,2773.0,78.0
14242,144.9,6.90,22.93,0.1583,6.32,2773.0,78.0
14249,144.9,6.90,22.93,0.1582,6.32,2773.0,78.0
14256,144.9,6.90,22.93,0.1582,6.32,2773.0,78.0
14263,142.9,7.00,22.93,0.1605,6.23,2773.0,78.0
14270,144.9,6.90,22.93,0.1582,6.32,2773.0,78.0
14277,144.9,6.90,22.93,0.1582,6.32,2773.0,78.0
14284,142.9,7.00,22.92,0.1605,6.23,2773.0,78.0
14291,142.9,7.00,22.92,0.1604,6.23,2773.0,78.0
14298,144.9,6.90,22.92,0.1581,6.32,2773.0,78.0
14305,142.9,7.00,22.92,0.1604,6.24,2773.0,78.0
14312,144.9,6.90,22.92,0.1581,6.32,2773.0,78.0
14319,142.9,7.00,22.91,0.1604,6.24,2773.0,78.0
14325,144.9,6.90,22.91,0.1581,6.32,2773.0,78.0
14332,144.9,6.90,22.91,0.1581,6.32,2773.0,78.0
14339,142.9,7.00,22.91,0.1604,6.24,2773.0,78.0
14346,144.9,6.90,22.91,0.1580,6.33,2773.0,78.0
14353,142.9,7.00,22.90,0.1603,6.24,2773.0,78.0
14360,144.9,6.90,22.90,0.1580,6.33,2773.0,78.0
14367,142.9,7.00,22.90,0.1603,6.24,2773.0,78.0
14374,144.9,6.90,22.90,0.1580,6.33,2773.0,78.0
14381,142.9,7.00,22.90,0.1603,6.24,2773.0,78.0
14388,144.9,6.90,22.89,0.1580,6.33,2773.0,78.0
14395,142.9,7.00,22.89,0.1602,6.24,2773.0,78.0
14402,147.1,6.80,22.89,0.1557,6.43,2773.0,78.0
14409,142.9,7.00,22.89,0.1602,6.24,2773.0,78.0
14416,142.9,7.00,22.90,0.1603,6.24,2773.0,78.0
14423,144.9,6.90,22.90,0.1580,6.33,2773.0,78.0
14430,142.9,7.00,22.90,0.1603,6.24,2773.0,78.0
14437,144.9,6.90,22.90,0.1580,6.33,2773.0,78.0
14443,144.9,6.90,22.91,0.1580,6.33,2773.0,78.0
14450,142.9,7.00,22.91,0.1604,6.24,2773.0,78.0
14457,144.9,6.90,22.91,0.1581,6.32,2773.0,78.0
14464,142.9,7.00,22.91,0.1604,6.24,2773.0,78.0
14471,144.9,6.90,22.92,0.1581,6.32,2773.0,78.0
14478,142.9,7.00,22.92,0.1604,6.24,2773.0,78.0
14485,144.9,6.90,22.92,0.1582,6.32,2773.0,78.0
14492,144.9,6.90,22.92,0.1582,6.32,2773.0,78.0
14499,142.9,7.00,22.93,0.1605,6.23,2773.0,78.0
14506,144.9,6.90,22.93,0.1582,6.32,2773.0,78.0
14513,142.9,7.00,22.93,0.1605,6.23,2773.0,78.0
14520,144.9,6.90,22.93,0.1583,6.32,2773.0,78.0
14527,142.9,7.00,22.94,0.1606,6.23,2773.0,78.0
14534,144.9,6.90,22.94,0.1583,6.32,2773.0,78.0
14541,142.9,7.00,22.94,0.1606,6.23,2773.0,78.0
14548,147.1,6.80,22.95,0.1560,6.41,2773.0,78.0
14555,140.8,7.10,22.95,0.1629,6.14,2773.0,78.0
14562,144.9,6.90,22.95,0.1584,6.31,2773.0,78.0
14568,144.9,6.90,22.95,0.1584,6.31,2773.0,78.0
14575,144.9,6.90,22.96,0.1584,6.31,2773.0,78.0
14582,142.9,7.00,22.96,0.1607,6.22,2773.0,78.0
14589,142.9,7.00,22.96,0.1607,6.22,2773.0,78.0
14596,144.9,6.90,22.96,0.1584,6.31,2773.0,78.0
14603,144.9,6.90,22.97,0.1585,6.31,2773.0,78.0
14610,142.9,7.00,22.97,0.1608,6.22,2773.0,78.0
14617,142.9,7.00,22.97,0.1608,6.22,2773.0,78.0
14624,144.9,6.90,22.97,0.1585,6.31,2773.0,78.0
14631,142.9,7.00,22.98,0.1608,6.22,2773.0,78.0
14638,147.1,6.80,22.98,0.1563,6.40,2773.0,78.0
14645,142.9,7.00,22.98,0.1609,6.22,2773.0,78.0
14652,142.9,7.00,22.98,0.1609,6.22,2773.0,78.0
14659,144.9,6.90,22.99,0.1586,6.30,2773.0,78.0
14666,142.9,7.00,22.99,0.1609,6.22,2773.0,78.0
14673,144.9,6.90,22.99,0.1587,6.30,2773.0,78.0
14680,144.9,6.90,23.00,0.1587,6.30,2773.0,78.0
14687,142.9,7.00,23.00,0.1610,6.21,2773.0,78.0
14693,144.9,6.90,23.00,0.1587,6.30,2773.0,78.0
14700,142.9,7.00,23.00,0.1610,6.21,2773.0,78.0
14707,144.9,6.90,23.01,0.1587,6.30,2773.0,78.0
14714,142.9,7.00,23.01,0.1611,6.21,2773.0,78.0
14721,147.1,6.80,23.01,0.1565,6.39,2773.0,78.0
14728,140.8,7.10,23.01,0.1634,6.12,2773.0,78.0
14735,142.9,7.00,23.02,0.1611,6.21,2773.0,78.0
14742,144.9,6.90,23.02,0.1588,6.29,2773.0,78.0
14749,144.9,6.90,23.02,0.1589,6.29,2773.0,78.0
14756,144.9,6.90,23.02,0.1589,6.29,2773.0,78.0
14763,142.9,7.00,23.03,0.1612,6.21,2773.0,78.0
14770,144.9,6.90,23.03,0.1589,6.29,2773.0,78.0
14777,144.9,6.90,23.03,0.1589,6.29,2773.0,78.0
14784,144.9,6.90,23.04,0.1589,6.29,2773.0,78.0
14791,142.9,7.00,23.04,0.1613,6.20,2773.0,78.0
14798,142.9,7.00,23.04,0.1613,6.20,2773.0,78.0
14805,142.9,7.00,23.04,0.1613,6.20,2773.0,78.0
14812,144.9,6.90,23.05,0.1590,6.29,2773.0,78.0
14818,144.9,6.90,23.05,0.1590,6.29,2773.0,78.0
14825,144.9,6.90,23.05,0.1591,6.29,2773.0,78.0
14832,142.9,7.00,23.05,0.1614,6.20,2773.0,78.0
14839,144.9,6.90,23.06,0.1591,6.28,2773.0,78.0
14846,144.9,6.90,23.06,0.1591,6.28,2773.0,78.0
14853,142.9,7.00,23.06,0.1614,6.20,2773.0,78.0
14860,142.9,7.00,23.06,0.1614,6.20,2773.0,78.0
14867,144.9,6.90,23.07,0.1592,6.28,2773.0,78.0
14874,144.9,6.90,23.07,0.1592,6.28,2773.0,78.0
14881,142.9,7.00,23.07,0.1615,6.19,2773.0,78.0
14888,144.9,6.90,23.07,0.1592,6.28,2773.0,78.0
14895,142.9,7.00,23.08,0.1615,6.19,2773.0,78.0
14902,144.9,6.90,23.08,0.1593,6.28,2773.0,78.0
14909,142.9,7.00,23.08,0.1616,6.19,2773.0,78.0
14916,142.9,7.00,23.09,0.1616,6.19,2773.0,78.0
14923,144.9,6.90,23.09,0.1593,6.28,2773.0,78.0
14930,144.9,6.90,23.09,0.1593,6.28,2773.0,78.0
14937,142.9,7.00,23.09,0.1617,6.19,2773.0,78.0
14943,144.9,6.90,23.10,0.1594,6.27,2773.0,78.0
14950,142.9,7.00,23.10,0.1617,6.19,2773.0,78.0
14957,144.9,6.90,23.10,0.1594,6.27,2773.0,78.0
14964,142.9,7.00,23.10,0.1617,6.19,2773.0,78.0
14971,144.9,6.90,23.11,0.1594,6.27,2773.0,78.0
14978,142.9,7.00,23.11,0.1618,6.18,2773.0,78.0
14985,144.9,6.90,23.11,0.1595,6.27,2773.0,78.0
14992,142.9,7.00,23.11,0.1618,6.18,2773.0,78.0
14999,144.9,6.90,23.12,0.1595,6.27,2773.0,78.0
15006,144.9,6.90,23.12,0.1595,6.27,2773.0,78.0
15013,140.8,7.10,23.12,0.1642,6.09,2773.0,78.0
15020,144.9,6.90,23.12,0.1596,6.27,2773.0,78.0
15027,144.9,6.90,23.13,0.1596,6.27,2773.0,78.0
15034,144.9,6.90,23.13,0.1596,6.26,2773.0,78.0
15041,144.9,6.90,23.13,0.1596,6.26,2773.0,78.0
15048,144.9,6.90,23.14,0.1596,6.26,2773.0,78.0
15055,140.8,7.10,23.14,0.1643,6.09,2773.0,78.0
15062,144.9,6.90,23.14,0.1597,6.26,2773.0,78.0
15068,144.9,6.90,23.14,0.1597,6.26,2773.0,78.0
15075,142.9,7.00,23.15,0.1620,6.17,2773.0,78.0
15082,144.9,6.90,23.15,0.1597,6.26,2773.0,78.0
15089,144.9,6.90,23.15,0.1597,6.26,2773.0,78.0
15096,142.9,7.00,23.15,0.1621,6.17,2773.0,78.0
15103,142.9,7.00,23.16,0.1621,6.17,2773.0,78.0
15110,144.9,6.90,23.16,0.1598,6.26,2773.0,78.0
15117,144.9,6.90,23.16,0.1598,6.26,2773.0,78.0
15124,142.9,7.00,23.16,0.1622,6.17,2773.0,78.0
15131,142.9,7.00,23.17,0.1622,6.17,2773.0,78.0
15138,144.9,6.90,23.17,0.1599,6.25,2773.0,78.0
15145,142.9,7.00,23.17,0.1622,6.17,2773.0,78.0
15152,144.9,6.90,23.18,0.1599,6.25,2773.0,78.0
15159,144.9,6.90,23.18,0.1599,6.25,2773.0,78.0
15166,144.9,6.90,23.18,0.1599,6.25,2773.0,78.0
15173,142.9,7.00,23.18,0.1623,6.16,2773.0,78.0
15180,144.9,6.90,23.19,0.1600,6.25,2773.0,78.0
15187,142.9,7.00,23.19,0.1623,6.16,2773.0,78.0
15193,147.1,6.80,23.19,0.1577,6.34,2773.0,78.0
15200,140.8,7.10,23.19,0.1647,6.07,2773.0,78.0
15207,144.9,6.90,23.20,0.1601,6.25,2773.0,78.0
15214,142.9,7.00,23.20,0.1624,6.16,2773.0,78.0
15221,144.9,6.90,23.20,0.1601,6.25,2773.0,78.0
15228,142.9,7.00,23.20,0.1624,6.16,2773.0,78.0
15235,144.9,6.90,23.21,0.1601,6.24,2773.0,78.0
15242,142.9,7.00,23.21,0.1625,6.16,2773.0,78.0
15249,144.9,6.90,23.21,0.1602,6.24,2773.0,78.0
15256,142.9,7.00,23.21,0.1625,6.16,2773.0,78.0
15263,144.9,6.90,23.22,0.1602,6.24,2773.0,78.0
15270,144.9,6.90,23.22,0.1602,6.24,2773.0,78.0
15277,142.9,7.00,23.22,0.1626,6.15,2773.0,78.0
15284,144.9,6.90,23.23,0.1603,6.24,2773.0,78.0
15291,142.9,7.00,23.23,0.1626,6.15,2773.0,78.0
15298,142.9,7.00,23.23,0.1626,6.15,2773.0,78.0
15305,147.1,6.80,23.23,0.1580,6.33,2773.0,78.0
15311,144.9,6.90,23.24,0.1603,6.24,2773.0,78.0
15319,140.8,7.10,23.24,0.1650,6.06,2773.0,78.0
15325,144.9,6.90,23.24,0.1604,6.23,2773.0,78.0
15332,142.9,7.00,23.24,0.1627,6.15,2773.0,78.0
15339,147.1,6.80,23.25,0.1581,6.33,2773.0,78.0
15346,142.9,7.00,23.25,0.1627,6.15,2773.0,78.0
15353,144.9,6.90,23.25,0.1604,6.23,2773.0,78.0
15360,142.9,7.00,23.25,0.1628,6.15,2773.0,78.0
15367,144.9,6.90,23.26,0.1605,6.23,2773.0,78.0
15374,142.9,7.00,23.26,0.1628,6.14,2773.0,78.0
15381,142.9,7.00,23.26,0.1628,6.14,2773.0,78.0
15388,147.1,6.80,23.26,0.1582,6.32,2773.0,78.0
15395,140.8,7.10,23.27,0.1652,6.05,2773.0,78.0
15402,147.1,6.80,23.27,0.1582,6.32,2773.0,78.0
15409,142.9,7.00,23.27,0.1629,6.14,2773.0,78.0
15416,142.9,7.00,23.27,0.1629,6.14,2773.0,78.0
15423,144.9,6.90,23.27,0.1605,6.23,2773.0,78.0
15430,144.9,6.90,23.26,0.1605,6.23,2773.0,78.0
15437,142.9,7.00,23.26,0.1628,6.14,2773.0,78.0
15444,142.9,7.00,23.26,0.1628,6.14,2773.0,78.0
15450,147.1,6.80,23.26,0.1582,6.32,2773.0,78.0
15457,142.9,7.00,23.26,0.1628,6.14,2773.0,78.0
15464,142.9,7.00,23.26,0.1628,6.14,2773.0,78.0
15471,144.9,6.90,23.26,0.1605,6.23,2773.0,78.0
15478,144.9,6.90,23.26,0.1605,6.23,2773.0,78.0
15485,144.9,6.90,23.26,0.1605,6.23,2773.0,78.0
15492,142.9,7.00,23.25,0.1628,6.15,2773.0,78.0
15499,142.9,7.00,23.25,0.1628,6.15,2773.0,78.0
15506,144.9,6.90,23.25,0.1604,6.23,2773.0,78.0
15513,142.9,7.00,23.25,0.1628,6.15,2773.0,78.0
15520,144.9,6.90,23.25,0.1604,6.23,2773.0,78.0
15527,144.9,6.90,23.25,0.1604,6.23,2773.0,78.0
15534,142.9,7.00,23.25,0.1627,6.15,2773.0,78.0
15541,144.9,6.90,23.24,0.1604,6.23,2773.0,78.0
15548,142.9,7.00,23.24,0.1627,6.15,2773.0,78.0
15555,144.9,6.90,23.24,0.1604,6.23,2773.0,78.0
15562,142.9,7.00,23.24,0.1627,6.15,2773.0,78.0
15568,144.9,6.90,23.24,0.1604,6.23,2773.0,78.0
15575,142.9,7.00,23.24,0.1627,6.15,2773.0,78.0
15582,144.9,6.90,23.24,0.1603,6.24,2773.0,78.0
15589,142.9,7.00,23.24,0.1627,6.15,2773.0,78.0
15596,144.9,6.90,23.24,0.1603,6.24,2773.0,78.0
15603,144.9,6.90,23.23,0.1603,6.24,2773.0,78.0
15610,142.9,7.00,23.23,0.1626,6.15,2773.0,78.0
15617,142.9,7.00,23.23,0.1626,6.15,2773.0,78.0
15624,144.9,6.90,23.23,0.1603,6.24,2773.0,78.0
15631,144.9,6.90,23.23,0.1603,6.24,2773.0,78.0
15638,142.9,7.00,23.23,0.1626,6.15,2773.0,78.0
15645,144.9,6.90,23.23,0.1603,6.24,2773.0,78.0
15652,144.9,6.90,23.23,0.1603,6.24,2773.0,78.0
15659,142.9,7.00,23.22,0.1626,6.15,2773.0,78.0
15666,142.9,7.00,23.22,0.1626,6.15,2773.0,78.0
15673,147.1,6.80,23.22,0.1579,6.33,2773.0,78.0
15680,142.9,7.00,23.22,0.1625,6.15,2773.0,78.0
15686,144.9,6.90,23.22,0.1602,6.24,2773.0,78.0
15693,142.9,7.00,23.22,0.1625,6.15,2773.0,78.0
15700,144.9,6.90,23.22,0.1602,6.24,2773.0,78.0
15707,142.9,7.00,23.22,0.1625,6.16,2773.0,78.0
15714,142.9,7.00,23.21,0.1625,6.16,2773.0,78.0
15721,144.9,6.90,23.21,0.1602,6.24,2773.0,78.0
15728,144.9,6.90,23.21,0.1602,6.24,2773.0,78.0
15735,142.9,7.00,23.21,0.1625,6.16,2773.0,78.0
15742,144.9,6.90,23.21,0.1601,6.24,2773.0,78.0
15749,142.9,7.00,23.21,0.1625,6.16,2773.0,78.0
15756,144.9,6.90,23.21,0.1601,6.24,2773.0,78.0
15763,142.9,7.00,23.21,0.1624,6.16,2773.0,78.0
15770,144.9,6.90,23.20,0.1601,6.24,2773.0,78.0
15777,144.9,6.90,23.20,0.1601,6.25,2773.0,78.0
15784,142.9,7.00,23.20,0.1624,6.16,2773.0,78.0
15791,142.9,7.00,23.20,0.1624,6.16,2773.0,78.0
15798,144.9,6.90,23.20,0.1601,6.25,2773.0,78.0
15805,144.9,6.90,23.20,0.1601,6.25,2773.0,78.0
15811,144.9,6.90,23.20,0.1601,6.25,2773.0,78.0
15818,142.9,7.00,23.20,0.1624,6.16,2773.0,78.0
15825,142.9,7.00,23.19,0.1624,6.16,2773.0,78.0
15832,147.1,6.80,23.19,0.1577,6.34,2773.0,78.0
15839,142.9,7.00,23.19,0.1623,6.16,2773.0,78.0
15846,142.9,7.00,23.19,0.1623,6.16,2773.0,78.0
15853,144.9,6.90,23.19,0.1600,6.25,2773.0,78.0
15860,142.9,7.00,23.19,0.1623,6.16,2773.0,78.0
15867,144.9,6.90,23.19,0.1600,6.25,2773.0,78.0
15874,144.9,6.90,23.19,0.1600,6.25,2773.0,78.0
15881,142.9,7.00,23.18,0.1623,6.16,2773.0,78.0
15888,144.9,6.90,23.18,0.1600,6.25,2773.0,78.0
15895,142.9,7.00,23.18,0.1623,6.16,2773.0,78.0
15902,144.9,6.90,23.18,0.1599,6.25,2773.0,78.0
15909,140.8,7.10,23.18,0.1646,6.07,2773.0,78.0
15916,144.9,6.90,23.18,0.1599,6.25,2773.0,78.0
15923,144.9,6.90,23.18,0.1599,6.25,2773.0,78.0
15930,144.9,6.90,23.17,0.1599,6.25,2773.0,78.0
15936,144.9,6.90,23.17,0.1599,6.25,2773.0,78.0
15943,142.9,7.00,23.17,0.1622,6.17,2773.0,78.0
15950,144.9,6.90,23.17,0.1599,6.25,2773.0,78.0
15957,142.9,7.00,23.17,0.1622,6.17,2773.0,78.0
15964,142.9,7.00,23.17,0.1622,6.17,2773.0,78.0
15971,144.9,6.90,23.17,0.1599,6.25,2773.0,78.0
15978,144.9,6.90,23.17,0.1598,6.25,2773.0,78.0
15985,142.9,7.00,23.17,0.1622,6.17,2773.0,78.0
15992,144.9,6.90,23.16,0.1598,6.26,2773.0,78.0
15999,144.9,6.90,23.16,0.1598,6.26,2773.0,78.0
16006,140.8,7.10,23.16,0.1644,6.08,2773.0,78.0
16013,147.1,6.80,23.16,0.1575,6.35,2773.0,78.0
16020,142.9,7.00,23.16,0.1621,6.17,2773.0,78.0
16027,142.9,7.00,23.16,0.1621,6.17,2773.0,78.0
16034,144.9,6.90,23.16,0.1598,6.26,2773.0,78.0
16041,144.9,6.90,23.15,0.1598,6.26,2773.0,78.0
16048,142.9,7.00,23.15,0.1621,6.17,2773.0,78.0
16055,142.9,7.00,23.15,0.1621,6.17,2773.0,78.0
16062,144.9,6.90,23.15,0.1597,6.26,2773.0,78.0
16069,142.9,7.00,23.15,0.1620,6.17,2773.0,78.0
16075,144.9,6.90,23.15,0.1597,6.26,2773.0,78.0
16082,144.9,6.90,23.15,0.1597,6.26,2773.0,78.0
16089,144.9,6.90,23.15,0.1597,6.26,2773.0,78.0
16096,142.9,7.00,23.15,0.1620,6.17,2773.0,78.0
16103,144.9,6.90,23.14,0.1597,6.26,2773.0,78.0
16110,142.9,7.00,23.14,0.1620,6.17,2773.0,78.0
16117,144.9,6.90,23.14,0.1597,6.26,2773.0,78.0
16124,144.9,6.90,23.14,0.1597,6.26,2773.0,78.0
16131,142.9,7.00,23.14,0.1620,6.18,2773.0,78.0
16138,144.9,6.90,23.14,0.1596,6.26,2773.0,78.0
16145,142.9,7.00,23.14,0.1620,6.18,2773.0,78.0
16152,144.9,6.90,23.13,0.1596,6.26,2773.0,78.0
16159,142.9,7.00,23.13,0.1619,6.18,2773.0,78.0
16166,142.9,7.00,23.13,0.1619,6.18,2773.0,78.0
16173,144.9,6.90,23.13,0.1596,6.26,2773.0,78.0
16180,144.9,6.90,23.13,0.1596,6.26,2773.0,78.0
16187,142.9,7.00,23.13,0.1619,6.18,2773.0,78.0
16194,142.9,7.00,23.13,0.1619,6.18,2773.0,78.0
16200,144.9,6.90,23.13,0.1596,6.27,2773.0,78.0
16207,144.9,6.90,23.13,0.1596,6.27,2773.0,78.0
16214,144.9,6.90,23.12,0.1596,6.27,2773.0,78.0
16221,142.9,7.00,23.12,0.1619,6.18,2773.0,78.0
16228,144.9,6.90,23.12,0.1595,6.27,2773.0,78.0
16235,142.9,7.00,23.12,0.1618,6.18,2773.0,78.0
16242,144.9,6.90,23.12,0.1595,6.27,2773.0,78.0
16249,142.9,7.00,23.12,0.1618,6.18,2773.0,78.0
16256,144.9,6.90,23.12,0.1595,6.27,2773.0,78.0
16263,144.9,6.90,23.12,0.1595,6.27,2773.0,78.0
16270,144.9,6.90,23.11,0.1595,6.27,2773.0,78.0
16277,140.8,7.10,23.11,0.1641,6.09,2773.0,78.0
16284,144.9,6.90,23.11,0.1595,6.27,2773.0,78.0
16291,144.9,6.90,23.11,0.1595,6.27,2773.0,78.0
16298,142.9,7.00,23.11,0.1618,6.18,2773.0,78.0
16305,144.9,6.90,23.11,0.1594,6.27,2773.0,78.0
16311,144.9,6.90,23.11,0.1594,6.27,2773.0,78.0
16318,142.9,7.00,23.11,0.1617,6.18,2773.0,78.0
16325,142.9,7.00,23.10,0.1617,6.19,2773.0,78.0
16332,144.9,6.90,23.10,0.1594,6.27,2773.0,78.0
16339,142.9,7.00,23.10,0.1617,6.19,2773.0,78.0
16346,144.9,6.90,23.10,0.1594,6.27,2773.0,78.0
16353,144.9,6.90,23.10,0.1594,6.27,2773.0,78.0
16360,144.9,6.90,23.10,0.1594,6.27,2773.0,78.0
16367,142.9,7.00,23.10,0.1617,6.19,2773.0,78.0
16374,144.9,6.90,23.10,0.1594,6.27,2773.0,78.0
16381,142.9,7.00,23.09,0.1617,6.19,2773.0,78.0
16388,142.9,7.00,23.09,0.1616,6.19,2773.0,78.0
16395,147.1,6.80,23.09,0.1570,6.37,2773.0,78.0
16402,142.9,7.00,23.09,0.1616,6.19,2773.0,78.0
16409,142.9,7.00,23.09,0.1616,6.19,2773.0,78.0
16416,142.9,7.00,23.09,0.1616,6.19,2773.0,78.0
16423,144.9,6.90,23.09,0.1593,6.28,2773.0,78.0
16430,144.9,6.90,23.09,0.1593,6.28,2773.0,78.0
16437,142.9,7.00,23.09,0.1616,6.19,2773.0,78.0
16443,144.9,6.90,23.09,0.1593,6.28,2773.0,78.0
16450,142.9,7.00,23.08,0.1616,6.19,2773.0,78.0
16457,144.9,6.90,23.08,0.1593,6.28,2773.0,78.0
16464,144.9,6.90,23.08,0.1593,6.28,2773.0,78.0
16471,142.9,7.00,23.08,0.1616,6.19,2773.0,78.0
16478,142.9,7.00,23.08,0.1616,6.19,2773.0,78.0
16485,147.1,6.80,23.08,0.1569,6.37,2773.0,78.0
16492,142.9,7.00,23.08,0.1616,6.19,2773.0,78.0
16499,142.9,7.00,23.08,0.1615,6.19,2773.0,78.0
16506,144.9,6.90,23.08,0.1592,6.28,2773.0,78.0
16513,144.9,6.90,23.08,0.1592,6.28,2773.0,78.0
16520,142.9,7.00,23.08,0.1615,6.19,2773.0,78.0
16527,144.9,6.90,23.07,0.1592,6.28,2773.0,78.0
16534,142.9,7.00,23.07,0.1615,6.19,2773.0,78.0
16541,144.9,6.90,23.07,0.1592,6.28,2773.0,78.0
16548,142.9,7.00,23.07,0.1615,6.19,2773.0,78.0
16555,144.9,6.90,23.07,0.1592,6.28,2773.0,78.0
16562,142.9,7.00,23.07,0.1615,6.19,2773.0,78.0
16569,142.9,7.00,23.07,0.1615,6.19,2773.0,78.0
16575,147.1,6.80,23.07,0.1569,6.38,2773.0,78.0
16582,142.9,7.00,23.07,0.1615,6.19,2773.0,78.0
16589,144.9,6.90,23.07,0.1592,6.28,2773.0,78.0
16596,142.9,7.00,23.07,0.1615,6.20,2773.0,78.0
16603,144.9,6.90,23.07,0.1592,6.28,2773.0,78.0
16610,142.9,7.00,23.07,0.1615,6.20,2773.0,78.0
16617,144.9,6.90,23.06,0.1591,6.28,2773.0,78.0
16624,144.9,6.90,23.06,0.1591,6.28,2773.0,78.0
16631,142.9,7.00,23.06,0.1614,6.20,2773.0,78.0
16638,142.9,7.00,23.06,0.1614,6.20,2773.0,78.0
16645,144.9,6.90,23.06,0.1591,6.28,2773.0,78.0
16652,144.9,6.90,23.06,0.1591,6.28,2773.0,78.0
16659,140.8,7.10,23.06,0.1637,6.11,2773.0,78.0
16666,147.1,6.80,23.06,0.1568,6.38,2773.0,78.0
16673,142.9,7.00,23.06,0.1614,6.20,2773.0,78.0
16680,144.9,6.90,23.06,0.1591,6.28,2773.0,78.0
16686,144.9,6.90,23.06,0.1591,6.28,2773.0,78.0
16693,142.9,7.00,23.06,0.1614,6.20,2773.0,78.0
16700,142.9,7.00,23.05,0.1614,6.20,2773.0,78.0
16707,144.9,6.90,23.05,0.1591,6.29,2773.0,78.0
16714,144.9,6.90,23.05,0.1591,6.29,2773.0,78.0
16721,144.9,6.90,23.05,0.1591,6.29,2773.0,78.0
16728,142.9,7.00,23.05,0.1614,6.20,2773.0,78.0
16735,144.9,6.90,23.05,0.1590,6.29,2773.0,78.0
16742,142.9,7.00,23.05,0.1613,6.20,2773.0,78.0
16749,142.9,7.00,23.05,0.1613,6.20,2773.0,78.0
16756,144.9,6.90,23.05,0.1590,6.29,2773.0,78.0
16763,144.9,6.90,23.05,0.1590,6.29,2773.0,78.0
16770,144.9,6.90,23.05,0.1590,6.29,2773.0,78.0
16777,142.9,7.00,23.04,0.1613,6.20,2773.0,78.0
16784,144.9,6.90,23.04,0.1590,6.29,2773.0,78.0
16791,142.9,7.00,23.04,0.1613,6.20,2773.0,78.0
16798,144.9,6.90,23.04,0.1590,6.29,2773.0,78.0
16805,142.9,7.00,23.04,0.1613,6.20,2773.0,78.0
16811,144.9,6.90,23.04,0.1590,6.29,2773.0,78.0
16818,144.9,6.90,23.04,0.1590,6.29,2773.0,78.0
16825,142.9,7.00,23.04,0.1613,6.20,2773.0,78.0
16832,142.9,7.00,23.04,0.1613,6.20,2773.0,78.0
16839,144.9,6.90,23.04,0.1590,6.29,2773.0,78.0
16846,144.9,6.90,23.04,0.1590,6.29,2773.0,78.0
16853,142.9,7.00,23.04,0.1613,6.20,2773.0,78.0
16860,142.9,7.00,23.04,0.1612,6.20,2773.0,78.0
16867,144.9,6.90,23.03,0.1589,6.29,2773.0,78.0
16874,144.9,6.90,23.03,0.1589,6.29,2773.0,78.0
16881,144.9,6.90,23.03,0.1589,6.29,2773.0,78.0
16888,142.9,7.00,23.03,0.1612,6.20,2773.0,78.0
16895,142.9,7.00,23.03,0.1612,6.20,2773.0,78.0
16902,144.9,6.90,23.03,0.1589,6.29,2773.0,78.0
16909,142.9,7.00,23.03,0.1612,6.21,2773.0,78.0
16916,142.9,7.00,23.03,0.1612,6.21,2773.0,78.0
16923,144.9,6.90,23.03,0.1589,6.29,2773.0,78.0
16930,142.9,7.00,23.03,0.1612,6.21,2773.0,78.0
16936,147.1,6.80,23.03,0.1566,6.39,2773.0,78.0
16943,142.9,7.00,23.03,0.1612,6.21,2773.0,78.0
16950,142.9,7.00,23.02,0.1612,6.21,2773.0,78.0
16957,144.9,6.90,23.02,0.1589,6.29,2773.0,78.0
16964,144.9,6.90,23.02,0.1589,6.29,2773.0,78.0
16971,144.9,6.90,23.02,0.1588,6.29,2773.0,78.0
16978,142.9,7.00,23.02,0.1611,6.21,2773.0,78.0
16985,142.9,7.00,23.02,0.1611,6.21,2773.0,78.0
16992,144.9,6.90,23.02,0.1588,6.29,2773.0,78.0
16999,142.9,7.00,23.02,0.1611,6.21,2773.0,78.0
17006,144.9,6.90,23.02,0.1588,6.30,2773.0,78.0
17013,142.9,7.00,23.02,0.1611,6.21,2773.0,78.0
17020,147.1,6.80,23.02,0.1565,6.39,2773.0,78.0
17027,142.9,7.00,23.02,0.1611,6.21,2773.0,78.0
17034,142.9,7.00,23.01,0.1611,6.21,2773.0,78.0
17041,147.1,6.80,23.01,0.1565,6.39,2773.0,78.0
17048,142.9,7.00,23.01,0.1611,6.21,2773.0,78.0
17055,142.9,7.00,23.01,0.1611,6.21,2773.0,78.0
17061,144.9,6.90,23.01,0.1588,6.30,2773.0,78.0
17068,142.9,7.00,23.01,0.1611,6.21,2773.0,78.0
17075,144.9,6.90,23.01,0.1588,6.30,2773.0,78.0
17082,142.9,7.00,23.01,0.1611,6.21,2773.0,78.0
17089,144.9,6.90,23.01,0.1588,6.30,2773.0,78.0
17096,142.9,7.00,23.01,0.1610,6.21,2773.0,78.0
17103,144.9,6.90,23.01,0.1587,6.30,2773.0,78.0
17110,144.9,6.90,23.01,0.1587,6.30,2773.0,78.0
17117,142.9,7.00,23.00,0.1610,6.21,2773.0,78.0
17124,142.9,7.00,23.00,0.1610,6.21,2773.0,78.0
17131,144.9,6.90,23.00,0.1587,6.30,2773.0,78.0
17138,144.9,6.90,23.00,0.1587,6.30,2773.0,78.0
17145,142.9,7.00,23.00,0.1610,6.21,2773.0,78.0
17152,144.9,6.90,23.00,0.1587,6.30,2773.0,78.0
17159,144.9,6.90,23.00,0.1587,6.30,2773.0,78.0
17166,142.9,7.00,23.00,0.1610,6.21,2773.0,78.0
17173,144.9,6.90,23.00,0.1587,6.30,2773.0,78.0
17180,142.9,7.00,23.00,0.1610,6.21,2773.0,78.0
17186,144.9,6.90,23.00,0.1587,6.30,2773.0,78.0
17193,142.9,7.00,23.00,0.1610,6.21,2773.0,78.0
17200,144.9,6.90,22.99,0.1587,6.30,2773.0,78.0
17207,144.9,6.90,22.99,0.1587,6.30,2773.0,78.0
17214,142.9,7.00,22.99,0.1609,6.22,2773.0,78.0
17221,142.9,7.00,22.99,0.1609,6.22,2773.0,78.0
17228,147.1,6.80,22.99,0.1563,6.40,2773.0,78.0
17235,142.9,7.00,22.99,0.1609,6.22,2773.0,78.0
17242,142.9,7.00,22.99,0.1609,6.22,2773.0,78.0
17249,144.9,6.90,22.99,0.1586,6.30,2773.0,78.0
17256,142.9,7.00,22.99,0.1609,6.22,2773.0,78.0
17263,144.9,6.90,22.99,0.1586,6.30,2773.0,78.0
17270,142.9,7.00,22.99,0.1609,6.22,2773.0,78.0
17277,142.9,7.00,22.98,0.1609,6.22,2773.0,78.0
17284,147.1,6.80,22.98,0.1563,6.40,2773.0,78.0
17291,142.9,7.00,22.98,0.1609,6.22,2773.0,78.0
17298,142.9,7.00,22.98,0.1609,6.22,2773.0,78.0
17305,144.9,6.90,22.98,0.1586,6.31,2773.0,78.0
17311,144.9,6.90,22.98,0.1586,6.31,2773.0,78.0
17318,142.9,7.00,22.98,0.1609,6.22,2773.0,78.0
17325,144.9,6.90,22.98,0.1586,6.31,2773.0,78.0
17332,142.9,7.00,22.98,0.1608,6.22,2773.0,78.0
17339,144.9,6.90,22.98,0.1585,6.31,2773.0,78.0
17346,142.9,7.00,22.98,0.1608,6.22,2773.0,78.0
17353,144.9,6.90,22.98,0.1585,6.31,2773.0,78.0
17360,142.9,7.00,22.98,0.1608,6.22,2773.0,78.0
17367,144.9,6.90,22.97,0.1585,6.31,2773.0,78.0
17374,144.9,6.90,22.97,0.1585,6.31,2773.0,78.0
17381,142.9,7.00,22.97,0.1608,6.22,2773.0,78.0
17388,144.9,6.90,22.97,0.1585,6.31,2773.0,78.0
17395,144.9,6.90,22.97,0.1585,6.31,2773.0,78.0
17402,142.9,7.00,22.97,0.1608,6.22,2773.0,78.0
17409,144.9,6.90,22.97,0.1585,6.31,2773.0,78.0
17416,142.9,7.00,22.97,0.1608,6.22,2773.0,78.0
17423,142.9,7.00,22.96,0.1607,6.22,2773.0,78.0
17430,144.9,6.90,22.96,0.1584,6.31,2773.0,78.0
17437,142.9,7.00,22.96,0.1607,6.22,2773.0,78.0
17443,144.9,6.90,22.96,0.1584,6.31,2773.0,78.0
17450,144.9,6.90,22.96,0.1584,6.31,2773.0,78.0
17457,142.9,7.00,22.95,0.1607,6.23,2773.0,78.0
17464,144.9,6.90,22.95,0.1584,6.31,2773.0,78.0
17471,142.9,7.00,22.95,0.1606,6.23,2773.0,78.0
17478,144.9,6.90,22.95,0.1583,6.31,2773.0,78.0
17485,142.9,7.00,22.94,0.1606,6.23,2773.0,78.0
17492,144.9,6.90,22.94,0.1583,6.32,2773.0,78.0
17499,144.9,6.90,22.94,0.1583,6.32,2773.0,78.0
17506,142.9,7.00,22.94,0.1606,6.23,2773.0,78.0
17513,144.9,6.90,22.94,0.1583,6.32,2773.0,78.0
17520,142.9,7.00,22.93,0.1605,6.23,2773.0,78.0
17527,144.9,6.90,22.93,0.1582,6.32,2773.0,78.0
17534,144.9,6.90,22.93,0.1582,6.32,2773.0,78.0
17541,142.9,7.00,22.93,0.1605,6.23,2773.0,78.0
17548,144.9,6.90,22.92,0.1582,6.32,2773.0,78.0
17555,142.9,7.00,22.92,0.1605,6.23,2773.0,78.0
17562,142.9,7.00,22.92,0.1604,6.23,2773.0,78.0
17568,147.1,6.80,22.92,0.1558,6.42,2773.0,78.0
17575,142.9,7.00,22.92,0.1604,6.24,2773.0,78.0
17582,142.9,7.00,22.91,0.1604,6.24,2773.0,78.0
17589,144.9,6.90,22.91,0.1581,6.32,2773.0,78.0
17596,142.9,7.00,22.91,0.1604,6.24,2773.0,78.0
17603,144.9,6.90,22.91,0.1581,6.33,2773.0,78.0
17610,144.9,6.90,22.91,0.1580,6.33,2773.0,78.0
17617,144.9,6.90,22.90,0.1580,6.33,2773.0,78.0
17624,140.8,7.10,22.90,0.1626,6.15,2773.0,78.0
17631,144.9,6.90,22.90,0.1580,6.33,2773.0,78.0
17638,147.1,6.80,22.90,0.1557,6.42,2773.0,78.0
17645,140.8,7.10,22.89,0.1626,6.15,2773.0,78.0
17652,144.9,6.90,22.89,0.1580,6.33,2773.0,78.0
17659,144.9,6.90,22.89,0.1579,6.33,2773.0,78.0
17666,142.9,7.00,22.89,0.1602,6.24,2773.0,78.0
17673,142.9,7.00,22.89,0.1602,6.24,2773.0,78.0
17680,144.9,6.90,22.88,0.1579,6.33,2773.0,78.0
17686,144.9,6.90,22.88,0.1579,6.33,2773.0,78.0
17693,142.9,7.00,22.88,0.1602,6.25,2773.0,78.0
17700,144.9,6.90,22.88,0.1579,6.33,2773.0,78.0
17707,142.9,7.00,22.88,0.1601,6.25,2773.0,78.0
17714,142.9,7.00,22.87,0.1601,6.25,2773.0,78.0
17721,144.9,6.90,22.87,0.1578,6.34,2773.0,78.0
17728,144.9,6.90,22.87,0.1578,6.34,2773.0,78.0
17735,144.9,6.90,22.87,0.1578,6.34,2773.0,78.0
17742,142.9,7.00,22.86,0.1601,6.25,2773.0,78.0
17749,142.9,7.00,22.86,0.1600,6.25,2773.0,78.0
17756,144.9,6.90,22.86,0.1577,6.34,2773.0,78.0
17763,144.9,6.90,22.86,0.1577,6.34,2773.0,78.0
17770,144.9,6.90,22.86,0.1577,6.34,2773.0,78.0
17777,142.9,7.00,22.85,0.1600,6.25,2773.0,78.0
17784,144.9,6.90,22.85,0.1577,6.34,2773.0,78.0
17791,142.9,7.00,22.85,0.1599,6.25,2773.0,78.0
17798,142.9,7.00,22.85,0.1599,6.25,2773.0,78.0
17805,144.9,6.90,22.85,0.1576,6.34,2773.0,78.0
17811,144.9,6.90,22.84,0.1576,6.34,2773.0,78.0
17818,144.9,6.90,22.84,0.1576,6.34,2773.0,78.0
17825,140.8,7.10,22.84,0.1622,6.16,2773.0,78.0
17832,147.1,6.80,22.84,0.1553,6.44,2773.0,78.0
17839,144.9,6.90,22.83,0.1576,6.35,2773.0,78.0
17846,142.9,7.00,22.83,0.1598,6.26,2773.0,78.0
17853,144.9,6.90,22.83,0.1575,6.35,2773.0,78.0
17860,142.9,7.00,22.83,0.1598,6.26,2773.0,78.0
17867,142.9,7.00,22.83,0.1598,6.26,2773.0,78.0
17874,147.1,6.80,22.82,0.1552,6.45,2773.0,78.0
17881,142.9,7.00,22.82,0.1598,6.26,2773.0,78.0
17888,142.9,7.00,22.82,0.1597,6.26,2773.0,78.0
17895,144.9,6.90,22.82,0.1574,6.35,2773.0,78.0
17902,142.9,7.00,22.81,0.1597,6.26,2773.0,78.0
17909,144.9,6.90,22.81,0.1574,6.35,2773.0,78.0
17916,142.9,7.00,22.81,0.1597,6.26,2773.0,78.0
17923,144.9,6.90,22.81,0.1574,6.35,2773.0,78.0
17929,144.9,6.90,22.81,0.1574,6.35,2773.0,78.0
17936,142.9,7.00,22.80,0.1596,6.27,2773.0,78.0
17943,144.9,6.90,22.80,0.1573,6.35,2773.0,78.0
17950,142.9,7.00,22.80,0.1596,6.27,2773.0,78.0
17957,142.9,7.00,22.80,0.1596,6.27,2773.0,78.0
17964,144.9,6.90,22.80,0.1573,6.36,2773.0,78.0
17971,144.9,6.90,22.79,0.1573,6.36,2773.0,78.0
17978,142.9,7.00,22.79,0.1595,6.27,2773.0,78.0
17985,144.9,6.90,22.79,0.1572,6.36,2773.0,78.0
17992,142.9,7.00,22.79,0.1595,6.27,2773.0,78.0
17999,142.9,7.00,22.78,0.1595,6.27,2773.0,78.0
18006,147.1,6.80,22.78,0.1549,6.46,2773.0,78.0
18013,144.9,6.90,22.78,0.1572,6.36,2773.0,78.0
18020,142.9,7.00,22.78,0.1594,6.27,2773.0,78.0
18027,142.9,7.00,22.78,0.1594,6.27,2773.0,78.0
18034,144.9,6.90,22.77,0.1571,6.36,2773.0,78.0
18041,144.9,6.90,22.77,0.1571,6.36,2773.0,78.0
18048,140.8,7.10,22.77,0.1617,6.18,2773.0,78.0
18055,144.9,6.90,22.77,0.1571,6.36,2773.0,78.0
18061,147.1,6.80,22.77,0.1548,6.46,2773.0,78.0
18068,142.9,7.00,22.76,0.1593,6.28,2773.0,78.0
18075,144.9,6.90,22.76,0.1571,6.37,2773.0,78.0
18082,142.9,7.00,22.76,0.1593,6.28,2773.0,78.0
18089,142.9,7.00,22.76,0.1593,6.28,2773.0,78.0
18096,142.9,7.00,22.75,0.1593,6.28,2773.0,78.0
18103,144.9,6.90,22.75,0.1570,6.37,2773.0,78.0
18110,142.9,7.00,22.75,0.1593,6.28,2773.0,78.0
18117,144.9,6.90,22.75,0.1570,6.37,2773.0,78.0
18124,144.9,6.90,22.75,0.1569,6.37,2773.0,78.0
18131,144.9,6.90,22.74,0.1569,6.37,2773.0,78.0
18138,140.8,7.10,22.74,0.1615,6.19,2773.0,78.0
18145,147.1,6.80,22.74,0.1546,6.47,2773.0,78.0
18152,140.8,7.10,22.74,0.1614,6.19,2773.0,78.0
18159,147.1,6.80,22.74,0.1546,6.47,2773.0,78.0
18166,142.9,7.00,22.73,0.1591,6.29,2773.0,78.0
18173,142.9,7.00,22.73,0.1591,6.29,2773.0,78.0
18180,144.9,6.90,22.73,0.1568,6.38,2773.0,78.0
18186,144.9,6.90,22.73,0.1568,6.38,2773.0,78.0
18193,142.9,7.00,22.72,0.1591,6.29,2773.0,78.0
18200,144.9,6.90,22.72,0.1568,6.38,2773.0,78.0
18207,142.9,7.00,22.72,0.1590,6.29,2773.0,78.0
18214,144.9,6.90,22.72,0.1568,6.38,2773.0,78.0
18221,142.9,7.00,22.72,0.1590,6.29,2773.0,78.0
18228,147.1,6.80,22.71,0.1545,6.48,2773.0,78.0
18235,140.8,7.10,22.71,0.1613,6.20,2773.0,78.0
18242,144.9,6.90,22.71,0.1567,6.38,2773.0,78.0
18249,144.9,6.90,22.71,0.1567,6.38,2773.0,78.0
18256,144.9,6.90,22.71,0.1567,6.38,2773.0,78.0
18263,142.9,7.00,22.70,0.1589,6.29,2773.0,78.0
18270,142.9,7.00,22.70,0.1589,6.29,2773.0,78.0
18277,144.9,6.90,22.70,0.1566,6.38,2773.0,78.0
18284,142.9,7.00,22.70,0.1589,6.30,2773.0,78.0
18291,144.9,6.90,22.69,0.1566,6.38,2773.0,78.0
18298,144.9,6.90,22.69,0.1566,6.39,2773.0,78.0
18305,142.9,7.00,22.69,0.1588,6.30,2773.0,78.0
18311,144.9,6.90,22.69,0.1565,6.39,2773.0,78.0
18318,142.9,7.00,22.69,0.1588,6.30,2773.0,78.0
18325,144.9,6.90,22.68,0.1565,6.39,2773.0,78.0
18332,142.9,7.00,22.68,0.1588,6.30,2773.0,78.0
18339,144.9,6.90,22.68,0.1565,6.39,2773.0,78.0
18346,144.9,6.90,22.68,0.1565,6.39,2773.0,78.0
18353,142.9,7.00,22.68,0.1587,6.30,2773.0,78.0
18360,144.9,6.90,22.67,0.1564,6.39,2773.0,78.0
18367,142.9,7.00,22.67,0.1587,6.30,2773.0,78.0
18374,142.9,7.00,22.67,0.1587,6.30,2773.0,78.0
18381,144.9,6.90,22.67,0.1564,6.39,2773.0,78.0
18388,144.9,6.90,22.66,0.1564,6.39,2773.0,78.0
18395,142.9,7.00,22.66,0.1586,6.31,2773.0,78.0
18402,147.1,6.80,22.66,0.1541,6.49,2773.0,78.0
18409,140.8,7.10,22.66,0.1609,6.21,2773.0,78.0
18416,144.9,6.90,22.66,0.1564,6.39,2773.0,78.0
18422,147.1,6.80,22.66,0.1541,6.49,2773.0,78.0
18429,142.9,7.00,22.66,0.1586,6.31,2773.0,78.0
18436,142.9,7.00,22.66,0.1586,6.31,2773.0,78.0
18443,142.9,7.00,22.66,0.1586,6.31,2773.0,78.0
18450,144.9,6.90,22.66,0.1564,6.39,2773.0,78.0
18457,144.9,6.90,22.66,0.1564,6.39,2773.0,78.0
18464,142.9,7.00,22.66,0.1586,6.31,2773.0,78.0
18471,144.9,6.90,22.66,0.1564,6.39,2773.0,78.0
18478,144.9,6.90,22.66,0.1564,6.39,2773.0,78.0
18485,140.8,7.10,22.66,0.1609,6.21,2773.0,78.0
18492,144.9,6.90,22.66,0.1564,6.39,2773.0,78.0
18499,144.9,6.90,22.66,0.1564,6.39,2773.0,78.0
18506,142.9,7.00,22.66,0.1586,6.31,2773.0,78.0
18513,144.9,6.90,22.66,0.1564,6.39,2773.0,78.0
18520,144.9,6.90,22.66,0.1564,6.39,2773.0,78.0
18527,142.9,7.00,22.66,0.1587,6.30,2773.0,78.0
18534,142.9,7.00,22.67,0.1587,6.30,2773.0,78.0
18541,144.9,6.90,22.67,0.1564,6.39,2773.0,78.0
18548,144.9,6.90,22.67,0.1564,6.39,2773.0,78.0
18554,144.9,6.90,22.67,0.1564,6.39,2773.0,78.0
18562,140.8,7.10,22.67,0.1609,6.21,2773.0,78.0
18568,144.9,6.90,22.67,0.1564,6.39,2773.0,78.0
18575,144.9,6.90,22.67,0.1564,6.39,2773.0,78.0
18582,144.9,6.90,22.67,0.1564,6.39,2773.0,78.0
18589,142.9,7.00,22.67,0.1587,6.30,2773.0,78.0
18596,142.9,7.00,22.67,0.1587,6.30,2773.0,78.0
18603,144.9,6.90,22.67,0.1564,6.39,2773.0,78.0
18610,144.9,6.90,22.67,0.1564,6.39,2773.0,78.0
18617,142.9,7.00,22.67,0.1587,6.30,2773.0,78.0
18624,144.9,6.90,22.67,0.1564,6.39,2773.0,78.0
18631,144.9,6.90,22.67,0.1564,6.39,2773.0,78.0
18638,142.9,7.00,22.67,0.1587,6.30,2773.0,78.0
18645,144.9,6.90,22.67,0.1564,6.39,2773.0,78.0
18652,142.9,7.00,22.67,0.1587,6.30,2773.0,78.0
18659,144.9,6.90,22.67,0.1564,6.39,2773.0,78.0
18666,142.9,7.00,22.67,0.1587,6.30,2773.0,78.0
18673,144.9,6.90,22.67,0.1564,6.39,2773.0,78.0
18680,142.9,7.00,22.67,0.1587,6.30,2773.0,78.0
18686,144.9,6.90,22.67,0.1564,6.39,2773.0,78.0
18693,142.9,7.00,22.67,0.1587,6.30,2773.0,78.0
18700,144.9,6.90,22.67,0.1564,6.39,2773.0,78.0
18707,144.9,6.90,22.67,0.1564,6.39,2773.0,78.0
18714,142.9,7.00,22.67,0.1587,6.30,2773.0,78.0
18721,142.9,7.00,22.67,0.1587,6.30,2773.0,78.0
18728,147.1,6.80,22.67,0.1542,6.49,2773.0,78.0
18735,142.9,7.00,22.67,0.1587,6.30,2773.0,78.0
18742,144.9,6.90,22.67,0.1564,6.39,2773.0,78.0
18749,142.9,7.00,22.67,0.1587,6.30,2773.0,78.0
18756,144.9,6.90,22.67,0.1565,6.39,2773.0,78.0
18763,144.9,6.90,22.67,0.1565,6.39,2773.0,78.0
18770,142.9,7.00,22.67,0.1587,6.30,2773.0,78.0
18777,142.9,7.00,22.68,0.1587,6.30,2773.0,78.0
18784,144.9,6.90,22.68,0.1565,6.39,2773.0,78.0
18791,142.9,7.00,22.68,0.1587,6.30,2773.0,78.0
18798,144.9,6.90,22.68,0.1565,6.39,2773.0,78.0
18805,142.9,7.00,22.68,0.1587,6.30,2773.0,78.0
18811,144.9,6.90,22.68,0.1565,6.39,2773.0,78.0
18818,142.9,7.00,22.68,0.1587,6.30,2773.0,78.0
18825,144.9,6.90,22.68,0.1565,6.39,2773.0,78.0
18832,144.9,6.90,22.68,0.1565,6.39,2773.0,78.0
18839,142.9,7.00,22.68,0.1587,6.30,2773.0,78.0
18846,142.9,7.00,22.68,0.1587,6.30,2773.0,78.0
18853,144.9,6.90,22.68,0.1565,6.39,2773.0,78.0
18860,144.9,6.90,22.68,0.1565,6.39,2773.0,78.0
18867,142.9,7.00,22.68,0.1588,6.30,2773.0,78.0
18874,144.9,6.90,22.68,0.1565,6.39,2773.0,78.0
18881,144.9,6.90,22.68,0.1565,6.39,2773.0,78.0
18888,142.9,7.00,22.68,0.1588,6.30,2773.0,78.0
18895,144.9,6.90,22.68,0.1565,6.39,2773.0,78.0
18902,142.9,7.00,22.68,0.1588,6.30,2773.0,78.0
18909,144.9,6.90,22.68,0.1565,6.39,2773.0,78.0
18916,140.8,7.10,22.68,0.1610,6.21,2773.0,78.0
18923,144.9,6.90,22.68,0.1565,6.39,2773.0,78.0
18929,147.1,6.80,22.68,0.1542,6.49,2773.0,78.0
18936,142.9,7.00,22.68,0.1588,6.30,2773.0,78.0
18943,142.9,7.00,22.68,0.1588,6.30,2773.0,78.0
18950,144.9,6.90,22.68,0.1565,6.39,2773.0,78.0
18957,142.9,7.00,22.68,0.1588,6.30,2773.0,78.0
18964,144.9,6.90,22.68,0.1565,6.39,2773.0,78.0
18971,144.9,6.90,22.68,0.1565,6.39,2773.0,78.0
18978,144.9,6.90,22.68,0.1565,6.39,2773.0,78.0
18985,142.9,7.00,22.68,0.1588,6.30,2773.0,78.0
18992,142.9,7.00,22.68,0.1588,6.30,2773.0,78.0
18999,144.9,6.90,22.68,0.1565,6.39,2773.0,78.0
19006,142.9,7.00,22.68,0.1588,6.30,2773.0,78.0
19013,144.9,6.90,22.68,0.1565,6.39,2773.0,78.0
19020,142.9,7.00,22.68,0.1588,6.30,2773.0,78.0
19027,144.9,6.90,22.68,0.1565,6.39,2773.0,78.0
19034,144.9,6.90,22.69,0.1565,6.39,2773.0,78.0
19041,142.9,7.00,22.69,0.1588,6.30,2773.0,78.0
19048,144.9,6.90,22.69,0.1565,6.39,2773.0,78.0
19054,144.9,6.90,22.69,0.1565,6.39,2773.0,78.0
19061,142.9,7.00,22.69,0.1588,6.30,2773.0,78.0
19068,144.9,6.90,22.69,0.1565,6.39,2773.0,78.0
19075,142.9,7.00,22.69,0.1588,6.30,2773.0,78.0
19082,142.9,7.00,22.69,0.1588,6.30,2773.0,78.0
19089,147.1,6.80,22.69,0.1543,6.48,2773.0,78.0
19096,142.9,7.00,22.69,0.1588,6.30,2773.0,78.0
19103,142.9,7.00,22.69,0.1588,6.30,2773.0,78.0
19110,144.9,6.90,22.69,0.1565,6.39,2773.0,78.0
19117,144.9,6.90,22.69,0.1566,6.39,2773.0,78.0
19124,142.9,7.00,22.69,0.1588,6.30,2773.0,78.0
19131,142.9,7.00,22.69,0.1588,6.30,2773.0,78.0
19138,144.9,6.90,22.69,0.1566,6.39,2773.0,78.0
19145,142.9,7.00,22.69,0.1588,6.30,2773.0,78.0
19152,144.9,6.90,22.69,0.1566,6.39,2773.0,78.0
19159,144.9,6.90,22.69,0.1566,6.39,2773.0,78.0
19166,142.9,7.00,22.69,0.1588,6.30,2773.0,78.0
19173,144.9,6.90,22.69,0.1566,6.39,2773.0,78.0
19179,144.9,6.90,22.69,0.1566,6.39,2773.0,78.0
19186,142.9,7.00,22.69,0.1588,6.30,2773.0,78.0
19193,144.9,6.90,22.69,0.1566,6.39,2773.0,78.0
19200,142.9,7.00,22.69,0.1588,6.30,2773.0,78.0
19207,144.9,6.90,22.69,0.1566,6.39,2773.0,78.0
19214,142.9,7.00,22.69,0.1588,6.30,2773.0,78.0
19221,144.9,6.90,22.69,0.1566,6.39,2773.0,78.0
19228,142.9,7.00,22.69,0.1589,6.30,2773.0,78.0
19235,144.9,6.90,22.69,0.1566,6.39,2773.0,78.0
19242,144.9,6.90,22.69,0.1566,6.39,2773.0,78.0
19249,142.9,7.00,22.69,0.1589,6.30,2773.0,78.0
19256,144.9,6.90,22.69,0.1566,6.38,2773.0,78.0
19263,142.9,7.00,22.69,0.1589,6.30,2773.0,78.0
19270,142.9,7.00,22.69,0.1589,6.30,2773.0,78.0
19277,144.9,6.90,22.70,0.1566,6.38,2773.0,78.0
19284,142.9,7.00,22.70,0.1589,6.30,2773.0,78.0
19291,144.9,6.90,22.70,0.1566,6.38,2773.0,78.0
19298,144.9,6.90,22.70,0.1566,6.38,2773.0,78.0
19305,142.9,7.00,22.70,0.1589,6.30,2773.0,78.0
19311,144.9,6.90,22.70,0.1566,6.38,2773.0,78.0
19318,142.9,7.00,22.70,0.1589,6.30,2773.0,78.0
19325,144.9,6.90,22.70,0.1566,6.38,2773.0,78.0
19332,144.9,6.90,22.70,0.1566,6.38,2773.0,78.0
19339,142.9,7.00,22.70,0.1589,6.30,2773.0,78.0
19346,147.1,6.80,22.70,0.1543,6.48,2773.0,78.0
19353,140.8,7.10,22.70,0.1612,6.20,2773.0,78.0
19360,144.9,6.90,22.70,0.1566,6.38,2773.0,78.0
19367,144.9,6.90,22.70,0.1566,6.38,2773.0,78.0
19374,142.9,7.00,22.70,0.1589,6.30,2773.0,78.0
19381,144.9,6.90,22.70,0.1566,6.38,2773.0,78.0
19388,142.9,7.00,22.70,0.1589,6.30,2773.0,78.0
19395,144.9,6.90,22.70,0.1566,6.38,2773.0,78.0
19402,142.9,7.00,22.70,0.1589,6.30,2773.0,78.0
19409,144.9,6.90,22.70,0.1567,6.38,2773.0,78.0
19416,142.9,7.00,22.71,0.1589,6.29,2773.0,78.0
19423,144.9,6.90,22.71,0.1567,6.38,2773.0,78.0
19430,142.9,7.00,22.71,0.1590,6.29,2773.0,78.0
19436,144.9,6.90,22.72,0.1567,6.38,2773.0,78.0
19443,144.9,6.90,22.72,0.1568,6.38,2773.0,78.0
19450,144.9,6.90,22.72,0.1568,6.38,2773.0,78.0
19457,142.9,7.00,22.73,0.1591,6.29,2773.0,78.1
19464,142.9,7.00,22.73,0.1591,6.29,2773.0,78.1
19471,144.9,6.90,22.74,0.1569,6.37,2773.0,78.1
19478,144.9,6.90,22.74,0.1569,6.37,2773.0,78.1
19485,142.9,7.00,22.74,0.1592,6.28,2773.0,78.1
19492,142.9,7.00,22.75,0.1592,6.28,2773.0,78.1
19499,144.9,6.90,22.75,0.1570,6.37,2773.0,78.1
19506,144.9,6.90,22.75,0.1570,6.37,2773.0,78.1
19513,142.9,7.00,22.76,0.1593,6.28,2773.0,78.1
19520,144.9,6.90,22.76,0.1570,6.37,2773.0,78.1
19527,142.9,7.00,22.76,0.1593,6.28,2773.0,78.1
19534,144.9,6.90,22.77,0.1571,6.36,2773.0,78.1
19541,142.9,7.00,22.77,0.1594,6.28,2773.0,78.1
19547,147.1,6.80,22.77,0.1549,6.46,2773.0,78.1
19555,140.8,7.10,22.78,0.1617,6.18,2773.0,78.2
19561,144.9,6.90,22.78,0.1572,6.36,2773.0,78.2
19568,144.9,6.90,22.78,0.1572,6.36,2773.0,78.2
19575,142.9,7.00,22.79,0.1595,6.27,2773.0,78.2
19582,144.9,6.90,22.79,0.1573,6.36,2773.0,78.2
19589,142.9,7.00,22.80,0.1596,6.27,2773.0,78.2
19596,144.9,6.90,22.80,0.1573,6.36,2773.0,78.2
19603,144.9,6.90,22.80,0.1573,6.35,2773.0,78.2
19610,142.9,7.00,22.81,0.1596,6.27,2773.0,78.2
19617,144.9,6.90,22.81,0.1574,6.35,2773.0,78.2
19624,142.9,7.00,22.81,0.1597,6.26,2773.0,78.2
19631,142.9,7.00,22.82,0.1597,6.26,2773.0,78.2
19638,144.9,6.90,22.82,0.1575,6.35,2773.0,78.2
19645,144.9,6.90,22.82,0.1575,6.35,2773.0,78.2
19652,142.9,7.00,22.83,0.1598,6.26,2773.0,78.3
19659,144.9,6.90,22.83,0.1575,6.35,2773.0,78.3
19666,142.9,7.00,22.83,0.1598,6.26,2773.0,78.3
19673,144.9,6.90,22.84,0.1576,6.34,2773.0,78.3
19679,144.9,6.90,22.84,0.1576,6.34,2773.0,78.3
19686,142.9,7.00,22.84,0.1599,6.26,2773.0,78.3
19693,142.9,7.00,22.85,0.1599,6.25,2773.0,78.3
19700,144.9,6.90,22.85,0.1577,6.34,2773.0,78.3
19707,144.9,6.90,22.86,0.1577,6.34,2773.0,78.3
19714,144.9,6.90,22.86,0.1577,6.34,2773.0,78.3
19721,142.9,7.00,22.86,0.1600,6.25,2773.0,78.3
19728,142.9,7.00,22.87,0.1601,6.25,2773.0,78.3
19735,144.9,6.90,22.87,0.1578,6.34,2773.0,78.3
19742,142.9,7.00,22.87,0.1601,6.25,2773.0,78.3
19749,144.9,6.90,22.88,0.1579,6.33,2773.0,78.3
19756,142.9,7.00,22.88,0.1602,6.25,2773.0,78.4
19763,144.9,6.90,22.88,0.1579,6.33,2773.0,78.4
19770,144.9,6.90,22.89,0.1579,6.33,2773.0,78.4
19777,144.9,6.90,22.89,0.1579,6.33,2773.0,78.4
19784,140.8,7.10,22.89,0.1626,6.15,2773.0,78.4
19791,144.9,6.90,22.90,0.1580,6.33,2773.0,78.4
19798,144.9,6.90,22.90,0.1580,6.33,2773.0,78.4
19804,144.9,6.90,22.91,0.1580,6.33,2773.0,78.4
19811,142.9,7.00,22.91,0.1604,6.24,2773.0,78.4
19818,144.9,6.90,22.91,0.1581,6.32,2773.0,78.4
19825,144.9,6.90,22.92,0.1581,6.32,2773.0,78.4
19832,142.9,7.00,22.92,0.1604,6.23,2773.0,78.4
19839,144.9,6.90,22.92,0.1582,6.32,2773.0,78.4
19846,142.9,7.00,22.93,0.1605,6.23,2773.0,78.4
19853,142.9,7.00,22.93,0.1605,6.23,2773.0,78.5
19860,147.1,6.80,22.93,0.1559,6.41,2773.0,78.5
19867,142.9,7.00,22.94,0.1606,6.23,2773.0,78.5
19874,144.9,6.90,22.94,0.1583,6.32,2773.0,78.5
19881,142.9,7.00,22.94,0.1606,6.23,2773.0,78.5
19888,144.9,6.90,22.95,0.1583,6.31,2773.0,78.5
19895,144.9,6.90,22.95,0.1584,6.31,2773.0,78.5
19902,142.9,7.00,22.95,0.1607,6.23,2773.0,78.5
19909,142.9,7.00,22.96,0.1607,6.22,2773.0,78.5
19916,144.9,6.90,22.96,0.1584,6.31,2773.0,78.5
19923,142.9,7.00,22.97,0.1608,6.22,2773.0,78.5
19929,144.9,6.90,22.97,0.1585,6.31,2773.0,78.5
19936,142.9,7.00,22.97,0.1608,6.22,2773.0,78.5
19943,144.9,6.90,22.98,0.1585,6.31,2773.0,78.5
19950,144.9,6.90,22.98,0.1586,6.31,2773.0,78.5
19957,142.9,7.00,22.98,0.1609,6.22,2773.0,78.6
19964,144.9,6.90,22.99,0.1586,6.30,2773.0,78.6
19971,142.9,7.00,22.99,0.1609,6.22,2773.0,78.6
19978,144.9,6.90,22.99,0.1587,6.30,2773.0,78.6
19985,142.9,7.00,23.00,0.1610,6.21,2773.0,78.6
19992,144.9,6.90,23.00,0.1587,6.30,2773.0,78.6
19999,142.9,7.00,23.00,0.1610,6.21,2773.0,78.6
20006,144.9,6.90,23.01,0.1588,6.30,2773.0,78.6
20013,144.9,6.90,23.01,0.1588,6.30,2773.0,78.6
20020,142.9,7.00,23.02,0.1611,6.21,2773.0,78.6
20027,142.9,7.00,23.02,0.1611,6.21,2773.0,78.6
20034,144.9,6.90,23.02,0.1589,6.29,2773.0,78.6
20041,142.9,7.00,23.03,0.1612,6.21,2773.0,78.6
20048,144.9,6.90,23.03,0.1589,6.29,2773.0,78.6
20055,142.9,7.00,23.03,0.1612,6.20,2773.0,78.7
20061,144.9,6.90,23.04,0.1589,6.29,2773.0,78.7
20068,144.9,6.90,23.04,0.1590,6.29,2773.0,78.7
20075,144.9,6.90,23.04,0.1590,6.29,2773.0,78.7
20082,142.9,7.00,23.05,0.1613,6.20,2773.0,78.7
20089,142.9,7.00,23.05,0.1614,6.20,2773.0,78.7
20096,144.9,6.90,23.05,0.1591,6.29,2773.0,78.7
20103,142.9,7.00,23.06,0.1614,6.20,2773.0,78.7
20110,144.9,6.90,23.06,0.1591,6.28,2773.0,78.7
20117,142.9,7.00,23.06,0.1615,6.20,2773.0,78.7
20124,144.9,6.90,23.07,0.1592,6.28,2773.0,78.7
20131,144.9,6.90,23.07,0.1592,6.28,2773.0,78.7
20138,142.9,7.00,23.08,0.1615,6.19,2773.0,78.7
20145,144.9,6.90,23.08,0.1592,6.28,2773.0,78.7
20152,142.9,7.00,23.08,0.1616,6.19,2773.0,78.8
20159,144.9,6.90,23.09,0.1593,6.28,2773.0,78.8
20166,144.9,6.90,23.09,0.1593,6.28,2773.0,78.8
20173,142.9,7.00,23.09,0.1617,6.19,2773.0,78.8
20180,142.9,7.00,23.10,0.1617,6.19,2773.0,78.8
20186,147.1,6.80,23.10,0.1571,6.37,2773.0,78.8
20193,142.9,7.00,23.10,0.1617,6.19,2773.0,78.8
20200,144.9,6.90,23.11,0.1594,6.27,2773.0,78.8
20207,142.9,7.00,23.11,0.1618,6.18,2773.0,78.8
20214,144.9,6.90,23.11,0.1595,6.27,2773.0,78.8
20221,142.9,7.00,23.12,0.1618,6.18,2773.0,78.8
20228,142.9,7.00,23.12,0.1618,6.18,2773.0,78.8
20235,147.1,6.80,23.12,0.1572,6.36,2773.0,78.8
20242,142.9,7.00,23.13,0.1619,6.18,2773.0,78.8
20249,144.9,6.90,23.13,0.1596,6.26,2773.0,78.8
20256,142.9,7.00,23.14,0.1619,6.18,2773.0,78.9
20263,144.9,6.90,23.14,0.1597,6.26,2773.0,78.9
20270,142.9,7.00,23.14,0.1620,6.17,2773.0,78.9
20277,144.9,6.90,23.15,0.1597,6.26,2773.0,78.9
20284,142.9,7.00,23.15,0.1620,6.17,2773.0,78.9
20291,142.9,7.00,23.15,0.1621,6.17,2773.0,78.9
20298,144.9,6.90,23.16,0.1598,6.26,2773.0,78.9
20304,144.9,6.90,23.16,0.1598,6.26,2773.0,78.9
20311,142.9,7.00,23.16,0.1621,6.17,2773.0,78.9
20318,144.9,6.90,23.17,0.1599,6.25,2773.0,78.9
20325,142.9,7.00,23.17,0.1622,6.17,2773.0,78.9
20332,144.9,6.90,23.17,0.1599,6.25,2773.0,78.9
20339,144.9,6.90,23.18,0.1599,6.25,2773.0,78.9
20346,142.9,7.00,23.18,0.1623,6.16,2773.0,78.9
20353,144.9,6.90,23.19,0.1600,6.25,2773.0,79.0
20360,142.9,7.00,23.19,0.1623,6.16,2773.0,79.0
20367,142.9,7.00,23.19,0.1623,6.16,2773.0,79.0
20374,147.1,6.80,23.20,0.1577,6.34,2773.0,79.0
20381,142.9,7.00,23.20,0.1624,6.16,2773.0,79.0
20388,144.9,6.90,23.20,0.1601,6.24,2773.0,79.0
20395,140.8,7.10,23.21,0.1648,6.07,2773.0,79.0
20402,144.9,6.90,23.21,0.1601,6.24,2773.0,79.0
20409,147.1,6.80,23.21,0.1578,6.34,2773.0,79.0
20416,140.8,7.10,23.21,0.1648,6.07,2773.0,79.0
20423,144.9,6.90,23.22,0.1602,6.24,2773.0,79.0
20429,144.9,6.90,23.22,0.1602,6.24,2773.0,79.0
20436,142.9,7.00,23.22,0.1625,6.15,2773.0,79.0
20443,144.9,6.90,23.22,0.1602,6.24,2773.0,79.0
20450,144.9,6.90,23.22,0.1602,6.24,2773.0,79.0
20457,142.9,7.00,23.22,0.1626,6.15,2773.0,79.0
20464,142.9,7.00,23.23,0.1626,6.15,2773.0,79.0
20471,144.9,6.90,23.23,0.1603,6.24,2773.0,79.0
20478,144.9,6.90,23.23,0.1603,6.24,2773.0,79.0
20485,142.9,7.00,23.23,0.1626,6.15,2773.0,79.0
20492,144.9,6.90,23.23,0.1603,6.24,2773.0,79.0
20499,144.9,6.90,23.24,0.1603,6.24,2773.0,79.0
20506,140.8,7.10,23.24,0.1650,6.06,2773.0,79.0
20513,147.1,6.80,23.24,0.1580,6.33,2773.0,79.0
20520,142.9,7.00,23.24,0.1627,6.15,2773.0,79.0
20527,142.9,7.00,23.24,0.1627,6.15,2773.0,79.0
20534,144.9,6.90,23.25,0.1604,6.23,2773.0,79.0
20541,142.9,7.00,23.25,0.1627,6.15,2773.0,79.0
20548,144.9,6.90,23.25,0.1604,6.23,2773.0,79.0
20554,144.9,6.90,23.25,0.1604,6.23,2773.0,79.0
20561,142.9,7.00,23.25,0.1628,6.15,2773.0,79.0
20568,144.9,6.90,23.25,0.1605,6.23,2773.0,79.0
20575,144.9,6.90,23.26,0.1605,6.23,2773.0,79.0
20582,142.9,7.00,23.26,0.1628,6.14,2773.0,79.0
20589,144.9,6.90,23.26,0.1605,6.23,2773.0,79.0
20596,142.9,7.00,23.26,0.1628,6.14,2773.0,79.0
20603,144.9,6.90,23.26,0.1605,6.23,2773.0,79.0
20610,144.9,6.90,23.27,0.1605,6.23,2773.0,79.0
20617,142.9,7.00,23.27,0.1629,6.14,2773.0,79.0
20624,142.9,7.00,23.27,0.1629,6.14,2773.0,79.0
20631,144.9,6.90,23.27,0.1606,6.23,2773.0,79.0
20638,142.9,7.00,23.27,0.1629,6.14,2773.0,79.0
20645,144.9,6.90,23.28,0.1606,6.23,2773.0,79.0
20652,144.9,6.90,23.28,0.1606,6.22,2773.0,79.0
20659,142.9,7.00,23.28,0.1630,6.14,2773.0,79.0
20666,144.9,6.90,23.28,0.1606,6.22,2773.0,79.0
20673,142.9,7.00,23.28,0.1630,6.14,2773.0,79.0
20679,144.9,6.90,23.28,0.1607,6.22,2773.0,79.0
20686,144.9,6.90,23.29,0.1607,6.22,2773.0,79.0
20693,142.9,7.00,23.29,0.1630,6.14,2773.0,79.0
20700,142.9,7.00,23.29,0.1630,6.14,2773.0,79.0
20707,144.9,6.90,23.29,0.1607,6.22,2773.0,79.0
20714,144.9,6.90,23.29,0.1607,6.22,2773.0,79.0
20721,142.9,7.00,23.30,0.1631,6.13,2773.0,79.0
20728,142.9,7.00,23.30,0.1631,6.13,2773.0,79.0
20735,144.9,6.90,23.30,0.1608,6.22,2773.0,79.0
20742,144.9,6.90,23.30,0.1608,6.22,2773.0,79.0
20749,142.9,7.00,23.30,0.1631,6.13,2773.0,79.0
20756,144.9,6.90,23.31,0.1608,6.22,2773.0,79.0
20763,144.9,6.90,23.31,0.1608,6.22,2773.0,79.0
20770,144.9,6.90,23.31,0.1608,6.22,2773.0,79.0
20777,142.9,7.00,23.31,0.1632,6.13,2773.0,79.0
20784,142.9,7.00,23.31,0.1632,6.13,2773.0,79.0
20791,144.9,6.90,23.32,0.1609,6.21,2773.0,79.0
20797,144.9,6.90,23.32,0.1609,6.21,2773.0,79.0
20804,142.9,7.00,23.32,0.1632,6.13,2773.0,79.0
20811,144.9,6.90,23.32,0.1609,6.21,2773.0,79.0
20818,142.9,7.00,23.32,0.1633,6.13,2773.0,79.0
20825,144.9,6.90,23.32,0.1609,6.21,2773.0,79.0
20832,142.9,7.00,23.33,0.1633,6.13,2773.0,79.0
20839,144.9,6.90,23.33,0.1610,6.21,2773.0,79.0
20846,142.9,7.00,23.33,0.1633,6.13,2773.0,79.0
20853,144.9,6.90,23.33,0.1610,6.21,2773.0,79.0
20860,144.9,6.90,23.33,0.1610,6.21,2773.0,79.0
20867,142.9,7.00,23.34,0.1633,6.12,2773.0,79.0
20874,144.9,6.90,23.34,0.1610,6.21,2773.0,79.0
20881,142.9,7.00,23.34,0.1634,6.12,2773.0,79.0
20888,142.9,7.00,23.34,0.1634,6.12,2773.0,79.0
20895,147.1,6.80,23.34,0.1587,6.30,2773.0,79.0
20902,140.8,7.10,23.34,0.1657,6.03,2773.0,79.0
20909,144.9,6.90,23.35,0.1611,6.21,2773.0,79.0
20916,144.9,6.90,23.35,0.1611,6.21,2773.0,79.0
20922,144.9,6.90,23.35,0.1611,6.21,2773.0,79.0
20929,142.9,7.00,23.35,0.1635,6.12,2773.0,79.0
20936,144.9,6.90,23.35,0.1611,6.20,2773.0,79.0
20943,142.9,7.00,23.36,0.1635,6.12,2773.0,79.0
20950,144.9,6.90,23.36,0.1612,6.20,2773.0,79.0
20957,142.9,7.00,23.36,0.1635,6.12,2773.0,79.0
20964,142.9,7.00,23.36,0.1635,6.12,2773.0,79.0
20971,144.9,6.90,23.36,0.1612,6.20,2773.0,79.0
20978,144.9,6.90,23.37,0.1612,6.20,2773.0,79.0
20985,142.9,7.00,23.37,0.1636,6.12,2773.0,79.0
20992,144.9,6.90,23.37,0.1612,6.20,2773.0,79.0
20999,142.9,7.00,23.37,0.1636,6.11,2773.0,79.0
21006,142.9,7.00,23.37,0.1636,6.11,2773.0,79.0
21013,147.1,6.80,23.37,0.1589,6.29,2773.0,79.0
21020,142.9,7.00,23.38,0.1636,6.11,2773.0,79.0
21027,144.9,6.90,23.38,0.1613,6.20,2773.0,79.0
21034,142.9,7.00,23.38,0.1637,6.11,2773.0,79.0
21041,144.9,6.90,23.38,0.1613,6.20,2773.0,79.0
21048,142.9,7.00,23.38,0.1637,6.11,2773.0,79.0
21055,142.9,7.00,23.39,0.1637,6.11,2773.0,79.0
21061,147.1,6.80,23.39,0.1590,6.29,2773.0,79.0
21068,142.9,7.00,23.39,0.1637,6.11,2773.0,79.0
21075,144.9,6.90,23.39,0.1614,6.19,2773.0,79.0
21082,142.9,7.00,23.39,0.1638,6.11,2773.0,79.0
21089,144.9,6.90,23.40,0.1614,6.19,2773.0,79.0
21096,142.9,7.00,23.40,0.1638,6.11,2773.0,79.0
21103,147.1,6.80,23.40,0.1591,6.29,2773.0,79.0
21110,140.8,7.10,23.40,0.1661,6.02,2773.0,79.0
21117,144.9,6.90,23.40,0.1615,6.19,2773.0,79.0
21124,144.9,6.90,23.40,0.1615,6.19,2773.0,79.0
21131,142.9,7.00,23.41,0.1638,6.11,2773.0,79.0
21138,142.9,7.00,23.41,0.1639,6.10,2773.0,79.0
21145,144.9,6.90,23.41,0.1615,6.19,2773.0,79.0
21152,142.9,7.00,23.41,0.1639,6.10,2773.0,79.0
21159,144.9,6.90,23.41,0.1616,6.19,2773.0,79.0
21166,144.9,6.90,23.42,0.1616,6.19,2773.0,79.0
21172,144.9,6.90,23.42,0.1616,6.19,2773.0,79.0
21179,142.9,7.00,23.42,0.1639,6.10,2773.0,79.0
21186,142.9,7.00,23.42,0.1640,6.10,2773.0,79.0
21193,144.9,6.90,23.42,0.1616,6.19,2773.0,79.0
21200,144.9,6.90,23.43,0.1616,6.19,2773.0,79.0
21207,142.9,7.00,23.43,0.1640,6.10,2773.0,79.0
21214,144.9,6.90,23.43,0.1617,6.18,2773.0,79.0
21221,142.9,7.00,23.43,0.1640,6.10,2773.0,79.0
21228,144.9,6.90,23.43,0.1617,6.18,2773.0,79.0
21235,144.9,6.90,23.43,0.1617,6.18,2773.0,79.0
21242,142.9,7.00,23.44,0.1641,6.10,2773.0,79.0
21249,142.9,7.00,23.44,0.1641,6.10,2773.0,79.0
21256,144.9,6.90,23.44,0.1617,6.18,2773.0,79.0
21263,144.9,6.90,23.44,0.1618,6.18,2773.0,79.0
21270,142.9,7.00,23.44,0.1641,6.10,2773.0,79.0
21277,142.9,7.00,23.45,0.1641,6.09,2773.0,79.0
21284,144.9,6.90,23.45,0.1618,6.18,2773.0,79.0
21291,144.9,6.90,23.45,0.1618,6.18,2773.0,79.0
21298,142.9,7.00,23.45,0.1642,6.09,2773.0,79.0
21304,144.9,6.90,23.45,0.1618,6.18,2773.0,79.0
21311,142.9,7.00,23.46,0.1642,6.09,2773.0,79.0
21318,144.9,6.90,23.46,0.1619,6.18,2773.0,79.0
21325,142.9,7.00,23.46,0.1642,6.09,2773.0,79.0
21332,144.9,6.90,23.46,0.1619,6.18,2773.0,79.0
21339,144.9,6.90,23.46,0.1619,6.18,2773.0,79.0
21346,142.9,7.00,23.46,0.1643,6.09,2773.0,79.0
21353,144.9,6.90,23.47,0.1619,6.17,2773.0,79.0
21360,142.9,7.00,23.47,0.1643,6.09,2773.0,79.0
21367,144.9,6.90,23.47,0.1619,6.17,2773.0,79.0
21374,142.9,7.00,23.47,0.1643,6.09,2773.0,79.0
21381,142.9,7.00,23.47,0.1643,6.09,2773.0,79.0
21388,144.9,6.90,23.48,0.1620,6.17,2773.0,79.0
21395,144.9,6.90,23.48,0.1620,6.17,2773.0,79.0
21402,142.9,7.00,23.48,0.1644,6.09,2773.0,79.0
21409,147.1,6.80,23.48,0.1596,6.27,2773.0,79.0
21416,142.9,7.00,23.47,0.1643,6.09,2773.0,79.0
21423,142.9,7.00,23.47,0.1643,6.09,2773.0,79.0
21429,144.9,6.90,23.47,0.1619,6.17,2773.0,79.0
21436,144.9,6.90,23.46,0.1619,6.18,2773.0,79.0
21443,142.9,7.00,23.46,0.1642,6.09,2773.0,79.0
21450,144.9,6.90,23.46,0.1619,6.18,2773.0,79.0
21457,142.9,7.00,23.46,0.1642,6.09,2773.0,79.0
21464,144.9,6.90,23.45,0.1618,6.18,2773.0,79.0
21471,144.9,6.90,23.45,0.1618,6.18,2773.0,79.0
21478,142.9,7.00,23.45,0.1641,6.09,2773.0,79.0
21485,142.9,7.00,23.44,0.1641,6.10,2773.0,79.0
21492,144.9,6.90,23.44,0.1617,6.18,2773.0,79.0
21499,142.9,7.00,23.44,0.1641,6.10,2773.0,79.0
21506,144.9,6.90,23.43,0.1617,6.18,2773.0,79.0
21513,142.9,7.00,23.43,0.1640,6.10,2773.0,79.0
21520,147.1,6.80,23.43,0.1593,6.28,2773.0,79.0
21527,140.8,7.10,23.42,0.1663,6.01,2773.0,79.0
21534,144.9,6.90,23.42,0.1616,6.19,2773.0,79.0
21541,144.9,6.90,23.42,0.1616,6.19,2773.0,79.0
21548,142.9,7.00,23.41,0.1639,6.10,2773.0,79.0
21554,144.9,6.90,23.41,0.1615,6.19,2773.0,79.0
21561,144.9,6.90,23.41,0.1615,6.19,2773.0,79.0
21568,144.9,6.90,23.41,0.1615,6.19,2773.0,79.0
21575,142.9,7.00,23.40,0.1638,6.11,2773.0,79.0
21582,144.9,6.90,23.40,0.1615,6.19,2773.0,79.0
21589,142.9,7.00,23.40,0.1638,6.11,2773.0,79.0
21596,144.9,6.90,23.39,0.1614,6.19,2773.0,79.0
21603,142.9,7.00,23.39,0.1637,6.11,2773.0,79.0
21610,142.9,7.00,23.39,0.1637,6.11,2773.0,79.0
21617,144.9,6.90,23.38,0.1613,6.20,2773.0,79.0
21624,144.9,6.90,23.38,0.1613,6.20,2773.0,79.0
21631,142.9,7.00,23.38,0.1636,6.11,2773.0,79.0
21638,144.9,6.90,23.37,0.1613,6.20,2773.0,79.0
21645,144.9,6.90,23.37,0.1613,6.20,2773.0,79.0
21652,140.8,7.10,23.37,0.1659,6.03,2773.0,79.0
21659,144.9,6.90,23.36,0.1612,6.20,2773.0,79.0
21666,144.9,6.90,23.36,0.1612,6.20,2773.0,79.0
21672,144.9,6.90,23.36,0.1612,6.20,2773.0,79.0
21679,142.9,7.00,23.36,0.1635,6.12,2773.0,79.0
21686,144.9,6.90,23.35,0.1611,6.20,2773.0,79.0
21693,142.9,7.00,23.35,0.1634,6.12,2773.0,79.0
21700,144.9,6.90,23.35,0.1611,6.21,2773.0,79.0
21707,142.9,7.00,23.34,0.1634,6.12,2773.0,79.0
21714,142.9,7.00,23.34,0.1634,6.12,2773.0,79.0
21721,144.9,6.90,23.34,0.1610,6.21,2773.0,79.0
21728,144.9,6.90,23.33,0.1610,6.21,2773.0,79.0
21735,142.9,7.00,23.33,0.1633,6.13,2773.0,79.0
21742,144.9,6.90,23.33,0.1610,6.21,2773.0,79.0
21749,144.9,6.90,23.32,0.1609,6.21,2773.0,79.0
21756,142.9,7.00,23.32,0.1632,6.13,2773.0,79.0
21763,144.9,6.90,23.32,0.1609,6.21,2773.0,79.0
21770,142.9,7.00,23.31,0.1632,6.13,2773.0,79.0
21777,142.9,7.00,23.31,0.1632,6.13,2773.0,79.0
21784,147.1,6.80,23.31,0.1585,6.31,2773.0,79.0
21791,142.9,7.00,23.30,0.1631,6.13,2773.0,79.0
21798,142.9,7.00,23.30,0.1631,6.13,2773.0,79.0
21804,147.1,6.80,23.30,0.1584,6.31,2773.0,79.0
21811,142.9,7.00,23.30,0.1631,6.13,2773.0,79.0
21818,142.9,7.00,23.29,0.1630,6.13,2773.0,79.0
21825,142.9,7.00,23.29,0.1630,6.14,2773.0,79.0
21832,144.9,6.90,23.29,0.1607,6.22,2773.0,79.0
21839,144.9,6.90,23.28,0.1607,6.22,2773.0,79.0
21846,144.9,6.90,23.28,0.1606,6.22,2773.0,79.0
21853,142.9,7.00,23.28,0.1629,6.14,2773.0,79.0
21860,142.9,7.00,23.27,0.1629,6.14,2773.0,79.0
21867,144.9,6.90,23.27,0.1606,6.23,2773.0,79.0
21874,144.9,6.90,23.27,0.1605,6.23,2773.0,79.0
21881,142.9,7.00,23.26,0.1629,6.14,2773.0,79.0
21888,144.9,6.90,23.26,0.1605,6.23,2773.0,79.0
21895,142.9,7.00,23.26,0.1628,6.14,2773.0,79.0
21902,144.9,6.90,23.26,0.1605,6.23,2773.0,79.0
21909,144.9,6.90,23.25,0.1604,6.23,2773.0,79.0
21916,142.9,7.00,23.25,0.1627,6.15,2773.0,79.0
21922,144.9,6.90,23.25,0.1604,6.23,2773.0,79.0
21929,142.9,7.00,23.24,0.1627,6.15,2773.0,79.0
21936,142.9,7.00,23.24,0.1627,6.15,2773.0,79.0
21943,147.1,6.80,23.24,0.1580,6.33,2773.0,79.0
21950,142.9,7.00,23.23,0.1626,6.15,2773.0,79.0
21957,144.9,6.90,23.23,0.1603,6.24,2773.0,79.0
21964,142.9,7.00,23.23,0.1626,6.15,2773.0,79.0
21971,144.9,6.90,23.22,0.1602,6.24,2773.0,79.0
21978,142.9,7.00,23.22,0.1625,6.15,2773.0,79.0
21985,142.9,7.00,23.22,0.1625,6.15,2773.0,79.0
21992,144.9,6.90,23.21,0.1602,6.24,2773.0,79.0
21999,142.9,7.00,23.21,0.1625,6.16,2773.0,79.0
22006,144.9,6.90,23.21,0.1601,6.24,2773.0,79.0
22013,142.9,7.00,23.21,0.1624,6.16,2773.0,79.0
22020,144.9,6.90,23.20,0.1601,6.25,2773.0,79.0
22027,144.9,6.90,23.20,0.1601,6.25,2773.0,79.0
22034,142.9,7.00,23.20,0.1624,6.16,2773.0,79.0
22041,144.9,6.90,23.19,0.1600,6.25,2773.0,79.0
22048,142.9,7.00,23.19,0.1623,6.16,2773.0,79.0
22054,144.9,6.90,23.19,0.1600,6.25,2773.0,79.0
22061,142.9,7.00,23.18,0.1623,6.16,2773.0,79.0
22068,144.9,6.90,23.18,0.1599,6.25,2773.0,79.0
22075,142.9,7.00,23.18,0.1622,6.17,2773.0,79.0
22082,147.1,6.80,23.17,0.1576,6.35,2773.0,79.0
22089,142.9,7.00,23.17,0.1622,6.17,2773.0,79.0
22096,144.9,6.90,23.17,0.1599,6.25,2773.0,79.0
22103,142.9,7.00,23.16,0.1622,6.17,2773.0,79.0
22110,144.9,6.90,23.16,0.1598,6.26,2773.0,79.0
22117,142.9,7.00,23.16,0.1621,6.17,2773.0,79.0
22124,144.9,6.90,23.16,0.1598,6.26,2773.0,79.0
22131,142.9,7.00,23.15,0.1621,6.17,2773.0,79.0
22138,144.9,6.90,23.15,0.1597,6.26,2773.0,79.0
22145,144.9,6.90,23.15,0.1597,6.26,2773.0,79.0
22152,142.9,7.00,23.14,0.1620,6.17,2773.0,79.0
22159,142.9,7.00,23.14,0.1620,6.18,2773.0,79.0
22166,144.9,6.90,23.14,0.1596,6.26,2773.0,79.0
22172,144.9,6.90,23.13,0.1596,6.26,2773.0,79.0
22179,142.9,7.00,23.13,0.1619,6.18,2773.0,79.0
22186,142.9,7.00,23.13,0.1619,6.18,2773.0,79.0
22193,144.9,6.90,23.12,0.1596,6.27,2773.0,79.0
22200,142.9,7.00,23.12,0.1618,6.18,2773.0,79.0
22207,147.1,6.80,23.12,0.1572,6.36,2773.0,79.0
22214,142.9,7.00,23.11,0.1618,6.18,2773.0,79.0
22221,142.9,7.00,23.11,0.1618,6.18,2773.0,79.0
22228,142.9,7.00,23.11,0.1618,6.18,2773.0,79.0
22235,144.9,6.90,23.11,0.1594,6.27,2773.0,79.0
22242,144.9,6.90,23.10,0.1594,6.27,2773.0,79.0
22249,144.9,6.90,23.10,0.1594,6.27,2773.0,79.0
22256,142.9,7.00,23.10,0.1617,6.19,2773.0,79.0
22263,142.9,7.00,23.09,0.1616,6.19,2773.0,79.0
22270,147.1,6.80,23.09,0.1570,6.37,2773.0,79.0
22277,142.9,7.00,23.09,0.1616,6.19,2773.0,79.0
22284,142.9,7.00,23.08,0.1616,6.19,2773.0,79.0
22291,144.9,6.90,23.08,0.1593,6.28,2773.0,79.0
22297,144.9,6.90,23.08,0.1592,6.28,2773.0,79.0
22304,142.9,7.00,23.07,0.1615,6.19,2773.0,79.0
22311,142.9,7.00,23.07,0.1615,6.19,2773.0,79.0
22318,147.1,6.80,23.07,0.1569,6.38,2773.0,79.0
22325,142.9,7.00,23.06,0.1615,6.20,2773.0,79.0
22332,142.9,7.00,23.06,0.1614,6.20,2773.0,79.0
22339,144.9,6.90,23.06,0.1591,6.28,2773.0,79.0
22346,144.9,6.90,23.06,0.1591,6.28,2773.0,79.0
22353,142.9,7.00,23.05,0.1614,6.20,2773.0,79.0
22360,142.9,7.00,23.05,0.1613,6.20,2773.0,79.0
22367,147.1,6.80,23.05,0.1567,6.38,2773.0,79.0
22374,144.9,6.90,23.04,0.1590,6.29,2773.0,79.0
22381,142.9,7.00,23.04,0.1613,6.20,2773.0,79.0
22388,142.9,7.00,23.04,0.1613,6.20,2773.0,79.0
22395,142.9,7.00,23.03,0.1612,6.20,2773.0,79.0
22402,144.9,6.90,23.03,0.1589,6.29,2773.0,79.0
22409,142.9,7.00,23.03,0.1612,6.20,2773.0,79.0
22416,144.9,6.90,23.03,0.1589,6.29,2773.0,79.0
22423,142.9,7.00,23.03,0.1612,6.21,2773.0,79.0
22429,144.9,6.90,23.03,0.1589,6.29,2773.0,79.0
22436,144.9,6.90,23.03,0.1589,6.29,2773.0,79.0
22443,144.9,6.90,23.03,0.1589,6.29,2773.0,79.0
22450,142.9,7.00,23.03,0.1612,6.21,2773.0,79.0
22457,144.9,6.90,23.03,0.1589,6.29,2773.0,78.9
22464,142.9,7.00,23.03,0.1612,6.21,2773.0,78.9
22471,144.9,6.90,23.03,0.1589,6.29,2773.0,78.9
22478,142.9,7.00,23.03,0.1612,6.21,2773.0,78.9
22485,144.9,6.90,23.03,0.1589,6.29,2773.0,78.9
22492,142.9,7.00,23.03,0.1612,6.21,2773.0,78.9
22499,144.9,6.90,23.03,0.1589,6.29,2773.0,78.9
22506,144.9,6.90,23.03,0.1589,6.29,2773.0,78.9
22513,142.9,7.00,23.03,0.1612,6.21,2773.0,78.9
22520,144.9,6.90,23.03,0.1589,6.29,2773.0,78.9
22527,142.9,7.00,23.03,0.1612,6.21,2773.0,78.9
22534,142.9,7.00,23.03,0.1612,6.21,2773.0,78.9
22541,144.9,6.90,23.03,0.1589,6.29,2773.0,78.9
22547,144.9,6.90,23.03,0.1589,6.29,2773.0,78.9
22554,142.9,7.00,23.03,0.1612,6.21,2773.0,78.8
22561,144.9,6.90,23.03,0.1589,6.29,2773.0,78.8
22568,142.9,7.00,23.03,0.1612,6.21,2773.0,78.8
22575,144.9,6.90,23.03,0.1589,6.29,2773.0,78.8
22582,142.9,7.00,23.03,0.1612,6.21,2773.0,78.8
22589,144.9,6.90,23.03,0.1589,6.29,2773.0,78.8
22596,142.9,7.00,23.03,0.1612,6.21,2773.0,78.8
22603,147.1,6.80,23.03,0.1566,6.39,2773.0,78.8
22610,142.9,7.00,23.03,0.1612,6.21,2773.0,78.8
22617,142.9,7.00,23.03,0.1612,6.21,2773.0,78.8
22624,144.9,6.90,23.03,0.1589,6.29,2773.0,78.8
22631,142.9,7.00,23.03,0.1612,6.21,2773.0,78.8
22638,144.9,6.90,23.03,0.1589,6.29,2773.0,78.8
22645,142.9,7.00,23.03,0.1612,6.21,2773.0,78.8
22652,144.9,6.90,23.03,0.1589,6.29,2773.0,78.8
22659,144.9,6.90,23.02,0.1589,6.29,2773.0,78.7
22666,142.9,7.00,23.02,0.1612,6.21,2773.0,78.7
22672,144.9,6.90,23.02,0.1589,6.29,2773.0,78.7
22679,142.9,7.00,23.02,0.1612,6.21,2773.0,78.7
22686,144.9,6.90,23.02,0.1589,6.29,2773.0,78.7
22693,144.9,6.90,23.02,0.1589,6.29,2773.0,78.7
22700,142.9,7.00,23.02,0.1612,6.21,2773.0,78.7
22707,144.9,6.90,23.02,0.1589,6.29,2773.0,78.7
22714,142.9,7.00,23.02,0.1612,6.21,2773.0,78.7
22721,144.9,6.90,23.02,0.1589,6.29,2773.0,78.7
22728,142.9,7.00,23.02,0.1612,6.21,2773.0,78.7
22735,142.9,7.00,23.02,0.1612,6.21,2773.0,78.7
22742,144.9,6.90,23.02,0.1589,6.29,2773.0,78.7
22749,142.9,7.00,23.02,0.1612,6.21,2773.0,78.7
22756,147.1,6.80,23.02,0.1566,6.39,2773.0,78.6
22763,142.9,7.00,23.02,0.1612,6.21,2773.0,78.6
22770,144.9,6.90,23.02,0.1589,6.29,2773.0,78.6
22777,142.9,7.00,23.02,0.1612,6.21,2773.0,78.6
22784,142.9,7.00,23.02,0.1612,6.21,2773.0,78.6
22790,147.1,6.80,23.02,0.1566,6.39,2773.0,78.6
22797,144.9,6.90,23.02,0.1589,6.29,2773.0,78.6
22804,140.8,7.10,23.02,0.1635,6.12,2773.0,78.6
22811,144.9,6.90,23.02,0.1589,6.29,2773.0,78.6
22818,144.9,6.90,23.02,0.1588,6.29,2773.0,78.6
22825,142.9,7.00,23.02,0.1612,6.21,2773.0,78.6
22832,144.9,6.90,23.02,0.1588,6.29,2773.0,78.6
22839,142.9,7.00,23.02,0.1611,6.21,2773.0,78.6
22846,144.9,6.90,23.02,0.1588,6.29,2773.0,78.6
22853,142.9,7.00,23.02,0.1611,6.21,2773.0,78.5
22860,144.9,6.90,23.02,0.1588,6.29,2773.0,78.5
22867,144.9,6.90,23.02,0.1588,6.29,2773.0,78.5
22874,140.8,7.10,23.02,0.1634,6.12,2773.0,78.5
22881,147.1,6.80,23.02,0.1565,6.39,2773.0,78.5
22888,142.9,7.00,23.02,0.1611,6.21,2773.0,78.5
22895,144.9,6.90,23.02,0.1588,6.29,2773.0,78.5
22902,142.9,7.00,23.02,0.1611,6.21,2773.0,78.5
22909,144.9,6.90,23.02,0.1588,6.29,2773.0,78.5
22916,142.9,7.00,23.02,0.1611,6.21,2773.0,78.5
22922,144.9,6.90,23.02,0.1588,6.29,2773.0,78.5
22929,142.9,7.00,23.02,0.1611,6.21,2773.0,78.5
22936,144.9,6.90,23.02,0.1588,6.29,2773.0,78.5
22943,142.9,7.00,23.02,0.1611,6.21,2773.0,78.5
22950,144.9,6.90,23.02,0.1588,6.29,2773.0,78.5
22957,142.9,7.00,23.02,0.1611,6.21,2773.0,78.4
22964,144.9,6.90,23.02,0.1588,6.29,2773.0,78.4
22971,144.9,6.90,23.02,0.1588,6.29,2773.0,78.4
22978,144.9,6.90,23.02,0.1588,6.29,2773.0,78.4
22985,142.9,7.00,23.02,0.1611,6.21,2773.0,78.4
22992,142.9,7.00,23.02,0.1611,6.21,2773.0,78.4
22999,144.9,6.90,23.02,0.1588,6.30,2773.0,78.4
23006,144.9,6.90,23.02,0.1588,6.30,2773.0,78.4
23013,144.9,6.90,23.02,0.1588,6.30,2773.0,78.4
23020,142.9,7.00,23.02,0.1611,6.21,2773.0,78.4
23027,142.9,7.00,23.02,0.1611,6.21,2773.0,78.4
23034,144.9,6.90,23.02,0.1588,6.30,2773.0,78.4
23041,142.9,7.00,23.02,0.1611,6.21,2773.0,78.4
23047,144.9,6.90,23.02,0.1588,6.30,2773.0,78.4
23054,142.9,7.00,23.02,0.1611,6.21,2773.0,78.3
23061,142.9,7.00,23.02,0.1611,6.21,2773.0,78.3
23068,144.9,6.90,23.02,0.1588,6.30,2773.0,78.3
23075,144.9,6.90,23.02,0.1588,6.30,2773.0,78.3
23082,142.9,7.00,23.02,0.1611,6.21,2773.0,78.3
23089,144.9,6.90,23.02,0.1588,6.30,2773.0,78.3
23096,142.9,7.00,23.02,0.1611,6.21,2773.0,78.3
23103,144.9,6.90,23.02,0.1588,6.30,2773.0,78.3
23110,142.9,7.00,23.02,0.1611,6.21,2773.0,78.3
23117,144.9,6.90,23.02,0.1588,6.30,2773.0,78.3
23124,144.9,6.90,23.02,0.1588,6.30,2773.0,78.3
23131,144.9,6.90,23.02,0.1588,6.30,2773.0,78.3
23138,142.9,7.00,23.02,0.1611,6.21,2773.0,78.3
23145,144.9,6.90,23.02,0.1588,6.30,2773.0,78.3
23152,142.9,7.00,23.02,0.1611,6.21,2773.0,78.3
23159,142.9,7.00,23.01,0.1611,6.21,2773.0,78.2
23166,144.9,6.90,23.01,0.1588,6.30,2773.0,78.2
23172,144.9,6.90,23.01,0.1588,6.30,2773.0,78.2
23179,142.9,7.00,23.01,0.1611,6.21,2773.0,78.2
23186,147.1,6.80,23.01,0.1565,6.39,2773.0,78.2
23193,140.8,7.10,23.01,0.1634,6.12,2773.0,78.2
23200,144.9,6.90,23.01,0.1588,6.30,2773.0,78.2
23207,144.9,6.90,23.01,0.1588,6.30,2773.0,78.2
23214,142.9,7.00,23.01,0.1611,6.21,2773.0,78.2
23221,144.9,6.90,23.01,0.1588,6.30,2773.0,78.2
23228,142.9,7.00,23.01,0.1611,6.21,2773.0,78.2
23235,144.9,6.90,23.01,0.1588,6.30,2773.0,78.2
23242,142.9,7.00,23.01,0.1611,6.21,2773.0,78.2
23249,144.9,6.90,23.01,0.1588,6.30,2773.0,78.2
23256,144.9,6.90,23.01,0.1588,6.30,2773.0,78.1
23263,142.9,7.00,23.01,0.1611,6.21,2773.0,78.1
23270,142.9,7.00,23.01,0.1611,6.21,2773.0,78.1
23277,147.1,6.80,23.01,0.1565,6.39,2773.0,78.1
23284,142.9,7.00,23.01,0.1611,6.21,2773.0,78.1
23291,142.9,7.00,23.01,0.1611,6.21,2773.0,78.1
23297,144.9,6.90,23.01,0.1588,6.30,2773.0,78.1
23304,144.9,6.90,23.01,0.1588,6.30,2773.0,78.1
23311,142.9,7.00,23.01,0.1611,6.21,2773.0,78.1
23318,142.9,7.00,23.01,0.1611,6.21,2773.0,78.1
23325,144.9,6.90,23.01,0.1588,6.30,2773.0,78.1
23332,144.9,6.90,23.01,0.1588,6.30,2773.0,78.1
23339,142.9,7.00,23.01,0.1611,6.21,2773.0,78.1
23346,147.1,6.80,23.01,0.1565,6.39,2773.0,78.1
23353,142.9,7.00,23.01,0.1611,6.21,2773.0,78.0
23360,142.9,7.00,23.01,0.1611,6.21,2773.0,78.0
23367,142.9,7.00,23.01,0.1611,6.21,2773.0,78.0
23374,144.9,6.90,23.01,0.1588,6.30,2773.0,78.0
23381,142.9,7.00,23.01,0.1611,6.21,2773.0,78.0
23388,144.9,6.90,23.01,0.1588,6.30,2773.0,78.0
23395,142.9,7.00,23.01,0.1611,6.21,2773.0,78.0
23402,147.1,6.80,23.01,0.1565,6.39,2773.0,78.0
23409,142.9,7.00,23.01,0.1611,6.21,2773.0,78.0
23416,142.9,7.00,23.01,0.1611,6.21,2773.0,78.0
23422,144.9,6.90,23.01,0.1588,6.30,2773.0,78.0
23429,142.9,7.00,23.02,0.1611,6.21,2773.0,78.0
23436,144.9,6.90,23.02,0.1588,6.30,2773.0,78.0
23443,144.9,6.90,23.02,0.1588,6.30,2773.0,78.0
23450,142.9,7.00,23.02,0.1611,6.21,2773.0,78.0
23457,140.8,7.10,23.02,0.1634,6.12,2773.0,78.0
23464,147.1,6.80,23.02,0.1565,6.39,2773.0,78.0
23471,144.9,6.90,23.02,0.1589,6.29,2773.0,78.0
23478,142.9,7.00,23.02,0.1612,6.21,2773.0,78.0
23485,142.9,7.00,23.03,0.1612,6.21,2773.0,78.0
23492,147.1,6.80,23.03,0.1566,6.39,2773.0,78.0
23499,142.9,7.00,23.03,0.1612,6.21,2773.0,78.0
23506,144.9,6.90,23.03,0.1589,6.29,2773.0,78.0
23513,142.9,7.00,23.03,0.1612,6.20,2773.0,78.0
23520,144.9,6.90,23.03,0.1589,6.29,2773.0,78.0
23527,142.9,7.00,23.03,0.1612,6.20,2773.0,78.0
23534,144.9,6.90,23.04,0.1589,6.29,2773.0,78.0
23541,142.9,7.00,23.04,0.1613,6.20,2773.0,78.0
23547,144.9,6.90,23.04,0.1590,6.29,2773.0,78.0
23554,142.9,7.00,23.04,0.1613,6.20,2773.0,78.0
23561,144.9,6.90,23.04,0.1590,6.29,2773.0,78.0
23568,142.9,7.00,23.04,0.1613,6.20,2773.0,78.0
23575,144.9,6.90,23.04,0.1590,6.29,2773.0,78.0
23582,142.9,7.00,23.04,0.1613,6.20,2773.0,78.0
23589,144.9,6.90,23.05,0.1590,6.29,2773.0,78.0
23596,144.9,6.90,23.05,0.1590,6.29,2773.0,78.0
23603,142.9,7.00,23.05,0.1613,6.20,2773.0,78.0
23610,144.9,6.90,23.05,0.1590,6.29,2773.0,78.0
23617,144.9,6.90,23.05,0.1591,6.29,2773.0,78.0
23624,142.9,7.00,23.05,0.1614,6.20,2773.0,78.0
23631,142.9,7.00,23.05,0.1614,6.20,2773.0,78.0
23638,144.9,6.90,23.05,0.1591,6.29,2773.0,78.0
23645,144.9,6.90,23.06,0.1591,6.28,2773.0,78.0
23652,142.9,7.00,23.06,0.1614,6.20,2773.0,78.0
23659,144.9,6.90,23.06,0.1591,6.28,2773.0,78.0
23666,142.9,7.00,23.06,0.1614,6.20,2773.0,78.0
23672,144.9,6.90,23.06,0.1591,6.28,2773.0,78.0
23679,142.9,7.00,23.06,0.1614,6.20,2773.0,78.0
23686,144.9,6.90,23.06,0.1591,6.28,2773.0,78.0
23693,142.9,7.00,23.07,0.1615,6.20,2773.0,78.0
23700,144.9,6.90,23.07,0.1592,6.28,2773.0,78.0
23707,144.9,6.90,23.07,0.1592,6.28,2773.0,78.0
23714,140.8,7.10,23.07,0.1638,6.10,2773.0,78.0
23721,144.9,6.90,23.07,0.1592,6.28,2773.0,78.0
23728,144.9,6.90,23.07,0.1592,6.28,2773.0,78.0
23735,144.9,6.90,23.07,0.1592,6.28,2773.0,78.0
23742,142.9,7.00,23.07,0.1615,6.19,2773.0,78.0
23749,144.9,6.90,23.08,0.1592,6.28,2773.0,78.0
23756,144.9,6.90,23.08,0.1592,6.28,2773.0,78.0
23763,142.9,7.00,23.08,0.1616,6.19,2773.0,78.0
23770,142.9,7.00,23.08,0.1616,6.19,2773.0,78.0
23777,144.9,6.90,23.08,0.1593,6.28,2773.0,78.0
23783,147.1,6.80,23.08,0.1570,6.37,2773.0,78.0
23791,140.8,7.10,23.08,0.1639,6.10,2773.0,78.0
23798,142.9,7.00,23.09,0.1616,6.19,2773.0,78.0
23804,147.1,6.80,23.09,0.1570,6.37,2773.0,78.0
23811,142.9,7.00,23.09,0.1616,6.19,2773.0,78.0
23818,142.9,7.00,23.09,0.1616,6.19,2773.0,78.0
23825,144.9,6.90,23.09,0.1593,6.28,2773.0,78.0
23832,144.9,6.90,23.09,0.1593,6.27,2773.0,78.0
23839,144.9,6.90,23.09,0.1593,6.27,2773.0,78.0
23846,142.9,7.00,23.09,0.1617,6.19,2773.0,78.0
23853,144.9,6.90,23.10,0.1594,6.27,2773.0,78.0
23860,144.9,6.90,23.10,0.1594,6.27,2773.0,78.0
23867,142.9,7.00,23.10,0.1617,6.19,2773.0,78.0
23874,140.8,7.10,23.10,0.1640,6.10,2773.0,78.0
23881,147.1,6.80,23.10,0.1571,6.37,2773.0,78.0
23888,142.9,7.00,23.10,0.1617,6.19,2773.0,78.0
23895,142.9,7.00,23.10,0.1617,6.19,2773.0,78.0
23902,147.1,6.80,23.11,0.1571,6.37,2773.0,78.0
23909,142.9,7.00,23.11,0.1617,6.18,2773.0,78.0
23915,144.9,6.90,23.11,0.1594,6.27,2773.0,78.0
23922,142.9,7.00,23.11,0.1618,6.18,2773.0,78.0
23929,142.9,7.00,23.11,0.1618,6.18,2773.0,78.0
23936,144.9,6.90,23.11,0.1595,6.27,2773.0,78.0
23943,144.9,6.90,23.11,0.1595,6.27,2773.0,78.0
23950,142.9,7.00,23.11,0.1618,6.18,2773.0,78.0
23957,144.9,6.90,23.12,0.1595,6.27,2773.0,78.0
23964,144.9,6.90,23.12,0.1595,6.27,2773.0,78.0
23971,142.9,7.00,23.12,0.1618,6.18,2773.0,78.0
23978,142.9,7.00,23.12,0.1618,6.18,2773.0,78.0
23985,144.9,6.90,23.12,0.1595,6.27,2773.0,78.0
23992,142.9,7.00,23.12,0.1619,6.18,2773.0,78.0
23999,144.9,6.90,23.12,0.1596,6.27,2773.0,78.0
24006,147.1,6.80,23.12,0.1572,6.36,2773.0,78.0
24013,142.9,7.00,23.13,0.1619,6.18,2773.0,78.0
24020,140.8,7.10,23.13,0.1642,6.09,2773.0,78.0
24027,144.9,6.90,23.13,0.1596,6.26,2773.0,78.0
24034,144.9,6.90,23.13,0.1596,6.26,2773.0,78.0
24040,144.9,6.90,23.13,0.1596,6.26,2773.0,78.0
24047,142.9,7.00,23.13,0.1619,6.18,2773.0,78.0
24054,144.9,6.90,23.13,0.1596,6.26,2773.0,78.0
24061,142.9,7.00,23.14,0.1619,6.18,2773.0,78.0
24068,142.9,7.00,23.14,0.1620,6.18,2773.0,78.0
24075,144.9,6.90,23.14,0.1597,6.26,2773.0,78.0
24082,147.1,6.80,23.14,0.1573,6.36,2773.0,78.0
24089,140.8,7.10,23.14,0.1643,6.08,2773.0,78.0
24096,144.9,6.90,23.14,0.1597,6.26,2773.0,78.0
24103,142.9,7.00,23.14,0.1620,6.17,2773.0,78.0
24110,144.9,6.90,23.14,0.1597,6.26,2773.0,78.0
24117,144.9,6.90,23.15,0.1597,6.26,2773.0,78.0
24124,142.9,7.00,23.15,0.1620,6.17,2773.0,78.0
24131,144.9,6.90,23.15,0.1597,6.26,2773.0,78.0
24138,142.9,7.00,23.15,0.1620,6.17,2773.0,78.0
24145,142.9,7.00,23.15,0.1621,6.17,2773.0,78.0
24152,147.1,6.80,23.15,0.1574,6.35,2773.0,78.0
24159,140.8,7.10,23.15,0.1644,6.08,2773.0,78.0
24165,147.1,6.80,23.15,0.1575,6.35,2773.0,78.0
24173,140.8,7.10,23.16,0.1644,6.08,2773.0,78.0
24179,144.9,6.90,23.16,0.1598,6.26,2773.0,78.0
24186,144.9,6.90,23.16,0.1598,6.26,2773.0,78.0
24193,142.9,7.00,23.16,0.1621,6.17,2773.0,78.0
24200,144.9,6.90,23.16,0.1598,6.26,2773.0,78.0
24207,144.9,6.90,23.16,0.1598,6.26,2773.0,78.0
24214,142.9,7.00,23.16,0.1621,6.17,2773.0,78.0
24221,144.9,6.90,23.17,0.1598,6.25,2773.0,78.0
24228,142.9,7.00,23.17,0.1622,6.17,2773.0,78.0
24235,144.9,6.90,23.17,0.1599,6.25,2773.0,78.0
24242,142.9,7.00,23.17,0.1622,6.17,2773.0,78.0
24249,144.9,6.90,23.17,0.1599,6.25,2773.0,78.0
24256,144.9,6.90,23.17,0.1599,6.25,2773.0,78.0
24263,142.9,7.00,23.17,0.1622,6.17,2773.0,78.0
24270,144.9,6.90,23.17,0.1599,6.25,2773.0,78.0
24277,144.9,6.90,23.18,0.1599,6.25,2773.0,78.0
24284,142.9,7.00,23.18,0.1622,6.17,2773.0,78.0
24290,144.9,6.90,23.18,0.1599,6.25,2773.0,78.0
24297,142.9,7.00,23.18,0.1623,6.16,2773.0,78.0
24304,144.9,6.90,23.18,0.1600,6.25,2773.0,78.0
24311,142.9,7.00,23.18,0.1623,6.16,2773.0,78.0
24318,142.9,7.00,23.18,0.1623,6.16,2773.0,78.0
24325,144.9,6.90,23.19,0.1600,6.25,2773.0,78.0
24332,144.9,6.90,23.19,0.1600,6.25,2773.0,78.0
24339,144.9,6.90,23.19,0.1600,6.25,2773.0,78.0
24346,142.9,7.00,23.19,0.1623,6.16,2773.0,78.0
24353,142.9,7.00,23.19,0.1623,6.16,2773.0,78.0
24360,144.9,6.90,23.19,0.1600,6.25,2773.0,78.0
24367,144.9,6.90,23.19,0.1600,6.25,2773.0,78.0
24374,144.9,6.90,23.19,0.1600,6.25,2773.0,78.0
24381,142.9,7.00,23.20,0.1624,6.16,2773.0,78.0
24388,142.9,7.00,23.20,0.1624,6.16,2773.0,78.0
24395,144.9,6.90,23.20,0.1601,6.25,2773.0,78.0
24402,142.9,7.00,23.20,0.1624,6.16,2773.0,78.0
24409,144.9,6.90,23.20,0.1601,6.25,2773.0,78.0
24416,142.9,7.00,23.20,0.1624,6.16,2773.0,78.0
24422,144.9,6.90,23.20,0.1601,6.25,2773.0,78.0
24429,144.9,6.90,23.20,0.1601,6.25,2773.0,78.0
24436,142.9,7.00,23.20,0.1624,6.16,2773.0,78.0
24443,142.9,7.00,23.20,0.1624,6.16,2773.0,78.0
24450,144.9,6.90,23.20,0.1601,6.25,2773.0,78.0
24457,144.9,6.90,23.20,0.1601,6.24,2773.0,78.1
24464,142.9,7.00,23.20,0.1624,6.16,2773.0,78.1
24471,144.9,6.90,23.20,0.1601,6.24,2773.0,78.1
24478,142.9,7.00,23.20,0.1624,6.16,2773.0,78.1
24485,144.9,6.90,23.20,0.1601,6.24,2773.0,78.1
24492,144.9,6.90,23.20,0.1601,6.24,2773.0,78.1
24499,142.9,7.00,23.20,0.1624,6.16,2773.0,78.1
24506,142.9,7.00,23.21,0.1624,6.16,2773.0,78.1
24513,147.1,6.80,23.21,0.1578,6.34,2773.0,78.1
24520,140.8,7.10,23.21,0.1648,6.07,2773.0,78.1
24527,147.1,6.80,23.21,0.1578,6.34,2773.0,78.1
24533,144.9,6.90,23.21,0.1601,6.24,2773.0,78.1
24541,140.8,7.10,23.21,0.1648,6.07,2773.0,78.1
24547,144.9,6.90,23.21,0.1601,6.24,2773.0,78.1
24554,144.9,6.90,23.21,0.1601,6.24,2773.0,78.2
24561,142.9,7.00,23.21,0.1625,6.16,2773.0,78.2
24568,142.9,7.00,23.21,0.1625,6.16,2773.0,78.2
24575,147.1,6.80,23.21,0.1578,6.34,2773.0,78.2
24582,142.9,7.00,23.21,0.1625,6.16,2773.0,78.2
24589,142.9,7.00,23.21,0.1625,6.16,2773.0,78.2
24596,144.9,6.90,23.21,0.1601,6.24,2773.0,78.2
24603,144.9,6.90,23.21,0.1601,6.24,2773.0,78.2
24610,142.9,7.00,23.21,0.1625,6.16,2773.0,78.2
24617,142.9,7.00,23.21,0.1625,6.16,2773.0,78.2
24624,144.9,6.90,23.21,0.1602,6.24,2773.0,78.2
24631,142.9,7.00,23.21,0.1625,6.16,2773.0,78.2
24638,144.9,6.90,23.21,0.1602,6.24,2773.0,78.2
24645,144.9,6.90,23.21,0.1602,6.24,2773.0,78.2
24652,142.9,7.00,23.21,0.1625,6.16,2773.0,78.3
24659,142.9,7.00,23.21,0.1625,6.16,2773.0,78.3
24666,144.9,6.90,23.21,0.1602,6.24,2773.0,78.3
24672,144.9,6.90,23.21,0.1602,6.24,2773.0,78.3
24679,142.9,7.00,23.21,0.1625,6.16,2773.0,78.3
24686,144.9,6.90,23.21,0.1602,6.24,2773.0,78.3
24693,142.9,7.00,23.21,0.1625,6.16,2773.0,78.3
24700,144.9,6.90,23.21,0.1602,6.24,2773.0,78.3
24707,144.9,6.90,23.22,0.1602,6.24,2773.0,78.3
24714,142.9,7.00,23.22,0.1625,6.16,2773.0,78.3
24721,144.9,6.90,23.22,0.1602,6.24,2773.0,78.3
24728,144.9,6.90,23.22,0.1602,6.24,2773.0,78.3
24735,142.9,7.00,23.22,0.1625,6.16,2773.0,78.3
24742,144.9,6.90,23.22,0.1602,6.24,2773.0,78.3
24749,142.9,7.00,23.22,0.1625,6.15,2773.0,78.3
24756,144.9,6.90,23.22,0.1602,6.24,2773.0,78.4
24763,142.9,7.00,23.22,0.1625,6.15,2773.0,78.4
24770,144.9,6.90,23.22,0.1602,6.24,2773.0,78.4
24777,142.9,7.00,23.22,0.1625,6.15,2773.0,78.4
24784,144.9,6.90,23.22,0.1602,6.24,2773.0,78.4
24790,144.9,6.90,23.22,0.1602,6.24,2773.0,78.4
24797,144.9,6.90,23.22,0.1602,6.24,2773.0,78.4
24804,140.8,7.10,23.22,0.1649,6.06,2773.0,78.4
24811,144.9,6.90,23.22,0.1602,6.24,2773.0,78.4
24818,144.9,6.90,23.22,0.1602,6.24,2773.0,78.4
24825,144.9,6.90,23.22,0.1602,6.24,2773.0,78.4
24832,142.9,7.00,23.22,0.1626,6.15,2773.0,78.4
24839,144.9,6.90,23.22,0.1602,6.24,2773.0,78.4
24846,142.9,7.00,23.22,0.1626,6.15,2773.0,78.4
24853,144.9,6.90,23.22,0.1602,6.24,2773.0,78.5
24860,142.9,7.00,23.22,0.1626,6.15,2773.0,78.5
24867,144.9,6.90,23.22,0.1602,6.24,2773.0,78.5
24874,142.9,7.00,23.22,0.1626,6.15,2773.0,78.5
24881,144.9,6.90,23.22,0.1602,6.24,2773.0,78.5
24888,142.9,7.00,23.22,0.1626,6.15,2773.0,78.5
24895,144.9,6.90,23.22,0.1603,6.24,2773.0,78.5
24902,144.9,6.90,23.23,0.1603,6.24,2773.0,78.5
24909,142.9,7.00,23.23,0.1626,6.15,2773.0,78.5
24916,142.9,7.00,23.23,0.1626,6.15,2773.0,78.5
24922,144.9,6.90,23.23,0.1603,6.24,2773.0,78.5
24929,144.9,6.90,23.23,0.1603,6.24,2773.0,78.5
24936,144.9,6.90,23.23,0.1603,6.24,2773.0,78.5
24943,142.9,7.00,23.23,0.1626,6.15,2773.0,78.5
24950,142.9,7.00,23.23,0.1626,6.15,2773.0,78.5
24957,144.9,6.90,23.23,0.1603,6.24,2773.0,78.6
24964,142.9,7.00,23.23,0.1626,6.15,2773.0,78.6
24971,144.9,6.90,23.23,0.1603,6.24,2773.0,78.6
24978,144.9,6.90,23.23,0.1603,6.24,2773.0,78.6
24985,144.9,6.90,23.23,0.1603,6.24,2773.0,78.6
24992,142.9,7.00,23.23,0.1626,6.15,2773.0,78.6
24999,142.9,7.00,23.23,0.1626,6.15,2773.0,78.6
25006,147.1,6.80,23.23,0.1580,6.33,2773.0,78.6
25013,140.8,7.10,23.23,0.1649,6.06,2773.0,78.6
25020,147.1,6.80,23.23,0.1580,6.33,2773.0,78.6
25027,140.8,7.10,23.23,0.1649,6.06,2773.0,78.6
25034,144.9,6.90,23.23,0.1603,6.24,2773.0,78.6
25040,144.9,6.90,23.23,0.1603,6.24,2773.0,78.6
25048,140.8,7.10,23.23,0.1649,6.06,2773.0,78.6
25054,144.9,6.90,23.23,0.1603,6.24,2773.0,78.7
25061,144.9,6.90,23.23,0.1603,6.24,2773.0,78.7
25068,147.1,6.80,23.23,0.1580,6.33,2773.0,78.7
25075,142.9,7.00,23.23,0.1626,6.15,2773.0,78.7
25082,142.9,7.00,23.23,0.1626,6.15,2773.0,78.7
25089,142.9,7.00,23.23,0.1626,6.15,2773.0,78.7
25096,144.9,6.90,23.23,0.1603,6.24,2773.0,78.7
25103,142.9,7.00,23.24,0.1626,6.15,2773.0,78.7
25110,144.9,6.90,23.24,0.1603,6.24,2773.0,78.7
25117,142.9,7.00,23.24,0.1627,6.15,2773.0,78.7
25124,144.9,6.90,23.24,0.1603,6.24,2773.0,78.7
25131,142.9,7.00,23.24,0.1627,6.15,2773.0,78.7
25138,147.1,6.80,23.24,0.1580,6.33,2773.0,78.7
25145,142.9,7.00,23.24,0.1627,6.15,2773.0,78.7
25152,144.9,6.90,23.24,0.1603,6.24,2773.0,78.8
25159,142.9,7.00,23.24,0.1627,6.15,2773.0,78.8
25165,144.9,6.90,23.24,0.1603,6.24,2773.0,78.8
25172,142.9,7.00,23.24,0.1627,6.15,2773.0,78.8
25179,144.9,6.90,23.24,0.1603,6.24,2773.0,78.8
25186,142.9,7.00,23.24,0.1627,6.15,2773.0,78.8
25193,144.9,6.90,23.24,0.1604,6.24,2773.0,78.8
25200,142.9,7.00,23.24,0.1627,6.15,2773.0,78.8
25207,144.9,6.90,23.24,0.1604,6.23,2773.0,78.8
25214,142.9,7.00,23.24,0.1627,6.15,2773.0,78.8
25221,144.9,6.90,23.24,0.1604,6.23,2773.0,78.8
25228,144.9,6.90,23.24,0.1604,6.23,2773.0,78.8
25235,142.9,7.00,23.24,0.1627,6.15,2773.0,78.8
25242,144.9,6.90,23.24,0.1604,6.23,2773.0,78.8
25249,142.9,7.00,23.24,0.1627,6.15,2773.0,78.8
25256,144.9,6.90,23.24,0.1604,6.23,2773.0,78.9
25263,142.9,7.00,23.24,0.1627,6.15,2773.0,78.9
25270,142.9,7.00,23.24,0.1627,6.15,2773.0,78.9
25277,147.1,6.80,23.24,0.1581,6.33,2773.0,78.9
25284,142.9,7.00,23.24,0.1627,6.15,2773.0,78.9
25291,142.9,7.00,23.24,0.1627,6.15,2773.0,78.9
25297,144.9,6.90,23.24,0.1604,6.23,2773.0,78.9
25304,144.9,6.90,23.25,0.1604,6.23,2773.0,78.9
25311,144.9,6.90,23.25,0.1604,6.23,2773.0,78.9
25318,142.9,7.00,23.25,0.1627,6.15,2773.0,78.9
25325,144.9,6.90,23.25,0.1604,6.23,2773.0,78.9
25332,142.9,7.00,23.25,0.1627,6.15,2773.0,78.9
25339,144.9,6.90,23.25,0.1604,6.23,2773.0,78.9
25346,142.9,7.00,23.25,0.1627,6.15,2773.0,78.9
25353,142.9,7.00,23.25,0.1627,6.15,2773.0,79.0
25360,147.1,6.80,23.25,0.1581,6.33,2773.0,79.0
25367,142.9,7.00,23.25,0.1627,6.15,2773.0,79.0
25374,144.9,6.90,23.25,0.1604,6.23,2773.0,79.0
25381,142.9,7.00,23.25,0.1627,6.15,2773.0,79.0
25388,142.9,7.00,23.25,0.1627,6.15,2773.0,79.0
25395,144.9,6.90,23.25,0.1604,6.23,2773.0,79.0
25402,144.9,6.90,23.25,0.1604,6.23,2773.0,79.0
25409,142.9,7.00,23.25,0.1627,6.15,2773.0,79.0
25416,142.9,7.00,23.25,0.1627,6.15,2773.0,79.0
25422,144.9,6.90,23.24,0.1604,6.23,2773.0,79.0
25429,144.9,6.90,23.24,0.1604,6.23,2773.0,79.0
25436,142.9,7.00,23.24,0.1627,6.15,2773.0,79.0
25443,144.9,6.90,23.24,0.1603,6.24,2773.0,79.0
25450,144.9,6.90,23.24,0.1603,6.24,2773.0,79.0
25457,142.9,7.00,23.23,0.1626,6.15,2773.0,78.9
25464,142.9,7.00,23.23,0.1626,6.15,2773.0,78.9
25471,144.9,6.90,23.23,0.1603,6.24,2773.0,78.9
25478,142.9,7.00,23.23,0.1626,6.15,2773.0,78.9
25485,144.9,6.90,23.23,0.1603,6.24,2773.0,78.9
25492,144.9,6.90,23.22,0.1602,6.24,2773.0,78.9
25499,142.9,7.00,23.22,0.1626,6.15,2773.0,78.9
25506,142.9,7.00,23.22,0.1625,6.15,2773.0,78.9
25513,147.1,6.80,23.22,0.1579,6.34,2773.0,78.9
25520,142.9,7.00,23.22,0.1625,6.16,2773.0,78.9
25527,142.9,7.00,23.21,0.1625,6.16,2773.0,78.9
25534,144.9,6.90,23.21,0.1602,6.24,2773.0,78.9
25540,144.9,6.90,23.21,0.1601,6.24,2773.0,78.9
25547,142.9,7.00,23.21,0.1625,6.16,2773.0,78.9
25554,144.9,6.90,23.21,0.1601,6.24,2773.0,78.8
25561,144.9,6.90,23.20,0.1601,6.24,2773.0,78.8
25568,142.9,7.00,23.20,0.1624,6.16,2773.0,78.8
25575,142.9,7.00,23.20,0.1624,6.16,2773.0,78.8
25582,144.9,6.90,23.20,0.1601,6.25,2773.0,78.8
25589,144.9,6.90,23.20,0.1601,6.25,2773.0,78.8
25596,142.9,7.00,23.19,0.1624,6.16,2773.0,78.8
25603,142.9,7.00,23.19,0.1623,6.16,2773.0,78.8
25610,144.9,6.90,23.19,0.1600,6.25,2773.0,78.8
25617,144.9,6.90,23.19,0.1600,6.25,2773.0,78.8
25624,144.9,6.90,23.19,0.1600,6.25,2773.0,78.8
25631,142.9,7.00,23.18,0.1623,6.16,2773.0,78.8
25638,142.9,7.00,23.18,0.1623,6.16,2773.0,78.8
25645,144.9,6.90,23.18,0.1599,6.25,2773.0,78.8
25652,142.9,7.00,23.18,0.1622,6.17,2773.0,78.8
25659,144.9,6.90,23.18,0.1599,6.25,2773.0,78.7
25666,142.9,7.00,23.17,0.1622,6.17,2773.0,78.7
25672,144.9,6.90,23.17,0.1599,6.25,2773.0,78.7
25679,144.9,6.90,23.17,0.1599,6.25,2773.0,78.7
25686,144.9,6.90,23.17,0.1599,6.25,2773.0,78.7
25693,142.9,7.00,23.17,0.1622,6.17,2773.0,78.7
25700,144.9,6.90,23.16,0.1598,6.26,2773.0,78.7
25707,142.9,7.00,23.16,0.1621,6.17,2773.0,78.7
25714,144.9,6.90,23.16,0.1598,6.26,2773.0,78.7
25721,142.9,7.00,23.16,0.1621,6.17,2773.0,78.7
25728,144.9,6.90,23.16,0.1598,6.26,2773.0,78.7
25735,142.9,7.00,23.15,0.1621,6.17,2773.0,78.7
25742,144.9,6.90,23.15,0.1597,6.26,2773.0,78.7
25749,144.9,6.90,23.15,0.1597,6.26,2773.0,78.7
25756,142.9,7.00,23.15,0.1620,6.17,2773.0,78.6
25763,144.9,6.90,23.15,0.1597,6.26,2773.0,78.6
25770,142.9,7.00,23.14,0.1620,6.17,2773.0,78.6
25777,142.9,7.00,23.14,0.1620,6.18,2773.0,78.6
25783,147.1,6.80,23.14,0.1573,6.36,2773.0,78.6
25790,142.9,7.00,23.14,0.1620,6.18,2773.0,78.6
25797,142.9,7.00,23.14,0.1619,6.18,2773.0,78.6
25804,144.9,6.90,23.13,0.1596,6.26,2773.0,78.6
25811,142.9,7.00,23.13,0.1619,6.18,2773.0,78.6
25818,144.9,6.90,23.13,0.1596,6.26,2773.0,78.6
25825,142.9,7.00,23.13,0.1619,6.18,2773.0,78.6
25832,144.9,6.90,23.13,0.1596,6.27,2773.0,78.6
25839,144.9,6.90,23.12,0.1596,6.27,2773.0,78.6
25846,144.9,6.90,23.12,0.1595,6.27,2773.0,78.6
25853,142.9,7.00,23.12,0.1618,6.18,2773.0,78.5
25860,142.9,7.00,23.12,0.1618,6.18,2773.0,78.5
25867,144.9,6.90,23.12,0.1595,6.27,2773.0,78.5
25874,144.9,6.90,23.11,0.1595,6.27,2773.0,78.5
25881,144.9,6.90,23.11,0.1595,6.27,2773.0,78.5
25888,140.8,7.10,23.11,0.1641,6.09,2773.0,78.5
25895,144.9,6.90,23.11,0.1594,6.27,2773.0,78.5
25902,144.9,6.90,23.11,0.1594,6.27,2773.0,78.5
25909,142.9,7.00,23.10,0.1617,6.19,2773.0,78.5
25915,144.9,6.90,23.10,0.1594,6.27,2773.0,78.5
25922,144.9,6.90,23.10,0.1594,6.27,2773.0,78.5
25929,142.9,7.00,23.10,0.1617,6.19,2773.0,78.5
25936,142.9,7.00,23.10,0.1617,6.19,2773.0,78.5
25943,144.9,6.90,23.09,0.1593,6.27,2773.0,78.5
25950,144.9,6.90,23.09,0.1593,6.28,2773.0,78.5
25957,142.9,7.00,23.09,0.1616,6.19,2773.0,78.4
25964,142.9,7.00,23.09,0.1616,6.19,2773.0,78.4
25971,144.9,6.90,23.08,0.1593,6.28,2773.0,78.4
25978,144.9,6.90,23.08,0.1593,6.28,2773.0,78.4
25985,142.9,7.00,23.08,0.1616,6.19,2773.0,78.4
25992,142.9,7.00,23.08,0.1616,6.19,2773.0,78.4
25999,144.9,6.90,23.08,0.1592,6.28,2773.0,78.4
26006,144.9,6.90,23.07,0.1592,6.28,2773.0,78.4
26013,142.9,7.00,23.07,0.1615,6.19,2773.0,78.4
26020,144.9,6.90,23.07,0.1592,6.28,2773.0,78.4
26027,144.9,6.90,23.07,0.1592,6.28,2773.0,78.4
26034,142.9,7.00,23.07,0.1615,6.20,2773.0,78.4
26040,144.9,6.90,23.06,0.1591,6.28,2773.0,78.4
26047,142.9,7.00,23.06,0.1614,6.20,2773.0,78.4
26054,147.1,6.80,23.06,0.1568,6.38,2773.0,78.3
26061,140.8,7.10,23.06,0.1637,6.11,2773.0,78.3
26068,144.9,6.90,23.06,0.1591,6.28,2773.0,78.3
26075,142.9,7.00,23.05,0.1614,6.20,2773.0,78.3
26082,144.9,6.90,23.05,0.1591,6.29,2773.0,78.3
26089,144.9,6.90,23.05,0.1591,6.29,2773.0,78.3
26096,144.9,6.90,23.05,0.1590,6.29,2773.0,78.3
26103,142.9,7.00,23.05,0.1613,6.20,2773.0,78.3
26110,144.9,6.90,23.04,0.1590,6.29,2773.0,78.3
26117,142.9,7.00,23.04,0.1613,6.20,2773.0,78.3
26124,142.9,7.00,23.04,0.1613,6.20,2773.0,78.3
26131,144.9,6.90,23.04,0.1590,6.29,2773.0,78.3
26138,144.9,6.90,23.04,0.1590,6.29,2773.0,78.3
26145,142.9,7.00,23.03,0.1612,6.20,2773.0,78.3
26152,142.9,7.00,23.03,0.1612,6.20,2773.0,78.3
26159,144.9,6.90,23.03,0.1589,6.29,2773.0,78.2
26166,142.9,7.00,23.03,0.1612,6.21,2773.0,78.2
26172,144.9,6.90,23.03,0.1589,6.29,2773.0,78.2
26179,147.1,6.80,23.02,0.1566,6.39,2773.0,78.2
26186,142.9,7.00,23.02,0.1612,6.21,2773.0,78.2
26193,142.9,7.00,23.02,0.1611,6.21,2773.0,78.2
26200,142.9,7.00,23.02,0.1611,6.21,2773.0,78.2
26207,144.9,6.90,23.02,0.1588,6.30,2773.0,78.2
26214,144.9,6.90,23.01,0.1588,6.30,2773.0,78.2
26221,144.9,6.90,23.01,0.1588,6.30,2773.0,78.2
26228,142.9,7.00,23.01,0.1611,6.21,2773.0,78.2
26235,142.9,7.00,23.01,0.1611,6.21,2773.0,78.2
26242,144.9,6.90,23.01,0.1587,6.30,2773.0,78.2
26249,144.9,6.90,23.00,0.1587,6.30,2773.0,78.2
26256,142.9,7.00,23.00,0.1610,6.21,2773.0,78.1
26263,142.9,7.00,23.00,0.1610,6.21,2773.0,78.1
26270,144.9,6.90,23.00,0.1587,6.30,2773.0,78.1
26277,144.9,6.90,23.00,0.1587,6.30,2773.0,78.1
26284,142.9,7.00,22.99,0.1610,6.21,2773.0,78.1
26290,144.9,6.90,22.99,0.1586,6.30,2773.0,78.1
26297,142.9,7.00,22.99,0.1609,6.22,2773.0,78.1
26304,144.9,6.90,22.99,0.1586,6.30,2773.0,78.1
26311,144.9,6.90,22.99,0.1586,6.30,2773.0,78.1
26318,142.9,7.00,22.98,0.1609,6.22,2773.0,78.1
26325,144.9,6.90,22.98,0.1586,6.30,2773.0,78.1
26332,142.9,7.00,22.98,0.1609,6.22,2773.0,78.1
26339,144.9,6.90,22.98,0.1586,6.31,2773.0,78.1
26346,142.9,7.00,22.98,0.1608,6.22,2773.0,78.1
26353,144.9,6.90,22.97,0.1585,6.31,2773.0,78.0
26360,142.9,7.00,22.97,0.1608,6.22,2773.0,78.0
26367,147.1,6.80,22.97,0.1562,6.40,2773.0,78.0
26374,140.8,7.10,22.97,0.1631,6.13,2773.0,78.0
26381,144.9,6.90,22.97,0.1585,6.31,2773.0,78.0
26388,142.9,7.00,22.96,0.1607,6.22,2773.0,78.0
26395,144.9,6.90,22.96,0.1584,6.31,2773.0,78.0
26402,144.9,6.90,22.96,0.1584,6.31,2773.0,78.0
26409,142.9,7.00,22.96,0.1607,6.22,2773.0,78.0
26415,144.9,6.90,22.95,0.1584,6.31,2773.0,78.0
26422,142.9,7.00,22.95,0.1606,6.23,2773.0,78.0
26429,144.9,6.90,22.95,0.1583,6.31,2773.0,78.0
26436,144.9,6.90,22.94,0.1583,6.32,2773.0,78.0
26443,142.9,7.00,22.94,0.1606,6.23,2773.0,78.0
26450,142.9,7.00,22.93,0.1605,6.23,2773.0,78.0
26457,144.9,6.90,22.93,0.1582,6.32,2773.0,78.0
26464,144.9,6.90,22.93,0.1582,6.32,2773.0,78.0
26471,142.9,7.00,22.92,0.1605,6.23,2773.0,78.0
26478,144.9,6.90,22.92,0.1581,6.32,2773.0,78.0
26485,142.9,7.00,22.92,0.1604,6.24,2773.0,78.0
26492,144.9,6.90,22.91,0.1581,6.32,2773.0,78.0
26499,142.9,7.00,22.91,0.1604,6.24,2773.0,78.0
26506,144.9,6.90,22.90,0.1580,6.33,2773.0,78.0
26513,142.9,7.00,22.90,0.1603,6.24,2773.0,78.0
26520,144.9,6.90,22.90,0.1580,6.33,2773.0,78.0
26527,142.9,7.00,22.89,0.1602,6.24,2773.0,78.0
26534,144.9,6.90,22.89,0.1579,6.33,2773.0,78.0
26540,144.9,6.90,22.89,0.1579,6.33,2773.0,78.0
26547,142.9,7.00,22.88,0.1602,6.25,2773.0,78.0
26554,144.9,6.90,22.88,0.1579,6.33,2773.0,78.0
26561,144.9,6.90,22.87,0.1578,6.33,2773.0,78.0
26568,142.9,7.00,22.87,0.1601,6.25,2773.0,78.0
26575,144.9,6.90,22.87,0.1578,6.34,2773.0,78.0
26582,142.9,7.00,22.86,0.1600,6.25,2773.0,78.0
26589,144.9,6.90,22.86,0.1577,6.34,2773.0,78.0
26596,142.9,7.00,22.86,0.1600,6.25,2773.0,78.0
26603,144.9,6.90,22.85,0.1577,6.34,2773.0,78.0
26610,142.9,7.00,22.85,0.1599,6.25,2773.0,78.0
26617,144.9,6.90,22.84,0.1576,6.34,2773.0,78.0
26624,144.9,6.90,22.84,0.1576,6.34,2773.0,78.0
26631,142.9,7.00,22.84,0.1599,6.26,2773.0,78.0
26638,142.9,7.00,22.83,0.1598,6.26,2773.0,78.0
26645,147.1,6.80,22.83,0.1552,6.44,2773.0,78.0
26652,142.9,7.00,22.83,0.1598,6.26,2773.0,78.0
26658,144.9,6.90,22.82,0.1575,6.35,2773.0,78.0
26666,140.8,7.10,22.82,0.1620,6.17,2773.0,78.0
26672,144.9,6.90,22.81,0.1574,6.35,2773.0,78.0
26679,144.9,6.90,22.81,0.1574,6.35,2773.0,78.0
26686,142.9,7.00,22.81,0.1596,6.27,2773.0,78.0
26693,144.9,6.90,22.80,0.1573,6.35,2773.0,78.0
26700,142.9,7.00,22.80,0.1596,6.27,2773.0,78.0
26707,144.9,6.90,22.80,0.1573,6.36,2773.0,78.0
26714,142.9,7.00,22.79,0.1595,6.27,2773.0,78.0
26721,147.1,6.80,22.79,0.1550,6.46,2773.0,78.0
26728,142.9,7.00,22.78,0.1595,6.27,2773.0,78.0
26735,142.9,7.00,22.78,0.1595,6.27,2773.0,78.0
26742,144.9,6.90,22.78,0.1572,6.36,2773.0,78.0
26749,144.9,6.90,22.77,0.1571,6.36,2773.0,78.0
26756,144.9,6.90,22.77,0.1571,6.36,2773.0,78.0
26763,142.9,7.00,22.77,0.1594,6.28,2773.0,78.0
26770,142.9,7.00,22.76,0.1593,6.28,2773.0,78.0
26777,142.9,7.00,22.76,0.1593,6.28,2773.0,78.0
26783,147.1,6.80,22.75,0.1547,6.46,2773.0,78.0
26791,140.8,7.10,22.75,0.1615,6.19,2773.0,78.0
26797,147.1,6.80,22.75,0.1547,6.47,2773.0,78.0
26804,142.9,7.00,22.74,0.1592,6.28,2773.0,78.0
26811,144.9,6.90,22.74,0.1569,6.37,2773.0,78.0
26818,142.9,7.00,22.74,0.1591,6.29,2773.0,78.0
26825,144.9,6.90,22.73,0.1568,6.37,2773.0,78.0
26832,142.9,7.00,22.73,0.1591,6.29,2773.0,78.0
26839,142.9,7.00,22.72,0.1591,6.29,2773.0,78.0
26846,144.9,6.90,22.72,0.1568,6.38,2773.0,78.0
26853,142.9,7.00,22.72,0.1590,6.29,2773.0,78.0
26860,147.1,6.80,22.71,0.1544,6.48,2773.0,78.0
26867,144.9,6.90,22.71,0.1567,6.38,2773.0,78.0
26874,142.9,7.00,22.71,0.1589,6.29,2773.0,78.0
26881,144.9,6.90,22.70,0.1566,6.38,2773.0,78.0
26888,142.9,7.00,22.70,0.1589,6.30,2773.0,78.0
26895,142.9,7.00,22.69,0.1589,6.30,2773.0,78.0
26902,142.9,7.00,22.69,0.1588,6.30,2773.0,78.0
26909,144.9,6.90,22.69,0.1565,6.39,2773.0,78.0
26915,144.9,6.90,22.68,0.1565,6.39,2773.0,78.0
26922,144.9,6.90,22.68,0.1565,6.39,2773.0,78.0
26929,144.9,6.90,22.68,0.1565,6.39,2773.0,78.0
26936,142.9,7.00,22.67,0.1587,6.30,2773.0,78.0
26943,142.9,7.00,22.67,0.1587,6.30,2773.0,78.0
26950,144.9,6.90,22.66,0.1564,6.39,2773.0,78.0
26957,144.9,6.90,22.66,0.1564,6.39,2773.0,78.0
26964,142.9,7.00,22.66,0.1586,6.31,2773.0,78.0
26971,142.9,7.00,22.65,0.1586,6.31,2773.0,78.0
26978,144.9,6.90,22.65,0.1563,6.40,2773.0,78.0
26985,142.9,7.00,22.65,0.1585,6.31,2773.0,78.0
26992,144.9,6.90,22.64,0.1562,6.40,2773.0,78.0
26999,144.9,6.90,22.64,0.1562,6.40,2773.0,78.0
27006,142.9,7.00,22.63,0.1584,6.31,2773.0,78.0
27013,144.9,6.90,22.63,0.1561,6.40,2773.0,78.0
27020,142.9,7.00,22.63,0.1584,6.32,2773.0,78.0
27027,144.9,6.90,22.62,0.1561,6.41,2773.0,78.0
27033,144.9,6.90,22.62,0.1561,6.41,2773.0,78.0
27040,142.9,7.00,22.62,0.1583,6.32,2773.0,78.0
27047,144.9,6.90,22.61,0.1560,6.41,2773.0,78.0
27054,142.9,7.00,22.61,0.1583,6.32,2773.0,78.0
27061,144.9,6.90,22.60,0.1560,6.41,2773.0,78.0
27068,142.9,7.00,22.60,0.1582,6.32,2773.0,78.0
27075,144.9,6.90,22.60,0.1559,6.41,2773.0,78.0
27082,142.9,7.00,22.59,0.1581,6.33,2773.0,78.0
27089,144.9,6.90,22.59,0.1559,6.41,2773.0,78.0
27096,144.9,6.90,22.59,0.1558,6.42,2773.0,78.0
27103,142.9,7.00,22.58,0.1581,6.33,2773.0,78.0
27110,142.9,7.00,22.58,0.1580,6.33,2773.0,78.0
27117,144.9,6.90,22.57,0.1558,6.42,2773.0,78.0
27124,144.9,6.90,22.57,0.1557,6.42,2773.0,78.0
27131,142.9,7.00,22.57,0.1580,6.33,2773.0,78.0
27138,144.9,6.90,22.56,0.1557,6.42,2773.0,78.0
27145,142.9,7.00,22.56,0.1579,6.33,2773.0,78.0
27152,144.9,6.90,22.55,0.1556,6.42,2773.0,78.0
27158,144.9,6.90,22.55,0.1556,6.43,2773.0,78.0
27165,142.9,7.00,22.55,0.1578,6.34,2773.0,78.0
27172,144.9,6.90,22.54,0.1556,6.43,2773.0,78.0
27179,142.9,7.00,22.54,0.1578,6.34,2773.0,78.0
27186,144.9,6.90,22.54,0.1555,6.43,2773.0,78.0
27193,142.9,7.00,22.53,0.1577,6.34,2773.0,78.0
27200,147.1,6.80,22.53,0.1532,6.53,2773.0,78.0
27207,140.8,7.10,22.53,0.1599,6.25,2773.0,78.0
27214,144.9,6.90,22.52,0.1554,6.43,2773.0,78.0
27221,142.9,7.00,22.52,0.1576,6.35,2773.0,78.0
27228,144.9,6.90,22.51,0.1553,6.44,2773.0,78.0
27235,144.9,6.90,22.51,0.1553,6.44,2773.0,78.0
27242,142.9,7.00,22.51,0.1575,6.35,2773.0,78.0
27249,142.9,7.00,22.50,0.1575,6.35,2773.0,78.0
27256,144.9,6.90,22.50,0.1552,6.44,2773.0,78.0
27263,144.9,6.90,22.50,0.1552,6.44,2773.0,78.0
27270,144.9,6.90,22.49,0.1552,6.44,2773.0,78.0
27277,142.9,7.00,22.49,0.1574,6.35,2773.0,78.0
27283,144.9,6.90,22.48,0.1551,6.44,2773.0,78.0
27290,142.9,7.00,22.48,0.1574,6.36,2773.0,78.0
27297,142.9,7.00,22.48,0.1573,6.36,2773.0,78.0
27304,147.1,6.80,22.47,0.1528,6.55,2773.0,78.0
27311,142.9,7.00,22.47,0.1573,6.36,2773.0,78.0
27318,142.9,7.00,22.47,0.1573,6.36,2773.0,78.0
27325,144.9,6.90,22.46,0.1550,6.45,2773.0,78.0
27332,142.9,7.00,22.46,0.1572,6.36,2773.0,78.0
27339,144.9,6.90,22.45,0.1549,6.45,2773.0,78.0
27346,142.9,7.00,22.45,0.1572,6.37,2773.0,78.0
27353,144.9,6.90,22.45,0.1549,6.46,2773.0,78.0
27360,144.9,6.90,22.44,0.1549,6.46,2773.0,78.0
27367,142.9,7.00,22.44,0.1571,6.37,2773.0,78.0
27374,147.1,6.80,22.44,0.1526,6.56,2773.0,78.0
27381,140.8,7.10,22.43,0.1593,6.28,2773.0,78.0
27388,142.9,7.00,22.43,0.1570,6.37,2773.0,78.0
27395,144.9,6.90,22.42,0.1547,6.46,2773.0,78.0
27402,144.9,6.90,22.42,0.1547,6.46,2773.0,78.0
27409,142.9,7.00,22.43,0.1570,6.37,2773.0,78.0
27415,144.9,6.90,22.43,0.1548,6.46,2773.0,78.0
27422,142.9,7.00,22.44,0.1571,6.37,2773.0,78.0
27429,144.9,6.90,22.45,0.1549,6.46,2773.0,78.0
27436,144.9,6.90,22.45,0.1549,6.45,2773.0,78.0
27443,144.9,6.90,22.46,0.1550,6.45,2773.0,78.0
27450,142.9,7.00,22.47,0.1573,6.36,2773.0,78.0
27457,144.9,6.90,22.48,0.1551,6.45,2773.0,78.1
27464,142.9,7.00,22.48,0.1574,6.36,2773.0,78.1
27471,144.9,6.90,22.49,0.1552,6.44,2773.0,78.1
27478,144.9,6.90,22.50,0.1552,6.44,2773.0,78.1
27485,142.9,7.00,22.50,0.1575,6.35,2773.0,78.1
27492,142.9,7.00,22.51,0.1576,6.35,2773.0,78.1
27499,144.9,6.90,22.52,0.1554,6.44,2773.0,78.1
27506,142.9,7.00,22.52,0.1577,6.34,2773.0,78.1
27513,144.9,6.90,22.53,0.1555,6.43,2773.0,78.1
27520,144.9,6.90,22.54,0.1555,6.43,2773.0,78.1
27527,142.9,7.00,22.55,0.1578,6.34,2773.0,78.1
27533,144.9,6.90,22.55,0.1556,6.43,2773.0,78.1
27540,142.9,7.00,22.56,0.1579,6.33,2773.0,78.1
27547,142.9,7.00,22.56,0.1580,6.33,2773.0,78.1
27554,144.9,6.90,22.57,0.1557,6.42,2773.0,78.2
27561,144.9,6.90,22.58,0.1558,6.42,2773.0,78.2
27568,142.9,7.00,22.59,0.1581,6.33,2773.0,78.2
27575,144.9,6.90,22.59,0.1559,6.41,2773.0,78.2
27582,144.9,6.90,22.60,0.1559,6.41,2773.0,78.2
27589,142.9,7.00,22.61,0.1582,6.32,2773.0,78.2
27596,142.9,7.00,22.61,0.1583,6.32,2773.0,78.2
27603,147.1,6.80,22.62,0.1538,6.50,2773.0,78.2
27610,142.9,7.00,22.63,0.1584,6.32,2773.0,78.2
27617,142.9,7.00,22.64,0.1584,6.31,2773.0,78.2
27624,147.1,6.80,22.64,0.1540,6.50,2773.0,78.2
27631,140.8,7.10,22.65,0.1608,6.22,2773.0,78.2
27638,142.9,7.00,22.66,0.1586,6.31,2773.0,78.2
27645,144.9,6.90,22.66,0.1564,6.39,2773.0,78.2
27652,144.9,6.90,22.67,0.1564,6.39,2773.0,78.3
27659,142.9,7.00,22.68,0.1587,6.30,2773.0,78.3
27665,144.9,6.90,22.68,0.1565,6.39,2773.0,78.3
27672,144.9,6.90,22.69,0.1566,6.39,2773.0,78.3
27679,142.9,7.00,22.70,0.1589,6.30,2773.0,78.3
27686,142.9,7.00,22.70,0.1589,6.29,2773.0,78.3
27693,147.1,6.80,22.71,0.1544,6.48,2773.0,78.3
27700,142.9,7.00,22.72,0.1590,6.29,2773.0,78.3
27707,144.9,6.90,22.73,0.1568,6.38,2773.0,78.3
27714,142.9,7.00,22.73,0.1591,6.29,2773.0,78.3
27721,142.9,7.00,22.74,0.1592,6.28,2773.0,78.3
27728,144.9,6.90,22.75,0.1569,6.37,2773.0,78.3
27735,144.9,6.90,22.75,0.1570,6.37,2773.0,78.3
27742,144.9,6.90,22.76,0.1570,6.37,2773.0,78.3
27749,142.9,7.00,22.77,0.1594,6.28,2773.0,78.3
27756,142.9,7.00,22.77,0.1594,6.27,2773.0,78.4
27763,142.9,7.00,22.78,0.1595,6.27,2773.0,78.4
27770,147.1,6.80,22.79,0.1550,6.46,2773.0,78.4
27777,142.9,7.00,22.80,0.1596,6.27,2773.0,78.4
27783,144.9,6.90,22.80,0.1573,6.35,2773.0,78.4
27790,142.9,7.00,22.81,0.1597,6.27,2773.0,78.4
27797,142.9,7.00,22.81,0.1597,6.26,2773.0,78.4
27804,147.1,6.80,22.82,0.1552,6.45,2773.0,78.4
27811,142.9,7.00,22.83,0.1598,6.26,2773.0,78.4
27818,142.9,7.00,22.84,0.1599,6.26,2773.0,78.4
27825,144.9,6.90,22.84,0.1576,6.34,2773.0,78.4
27832,144.9,6.90,22.85,0.1577,6.34,2773.0,78.4
27839,142.9,7.00,22.86,0.1600,6.25,2773.0,78.4
27846,142.9,7.00,22.86,0.1600,6.25,2773.0,78.4
27853,144.9,6.90,22.87,0.1578,6.34,2773.0,78.5
27860,144.9,6.90,22.88,0.1579,6.33,2773.0,78.5
27867,144.9,6.90,22.89,0.1579,6.33,2773.0,78.5
27874,142.9,7.00,22.89,0.1602,6.24,2773.0,78.5
27881,144.9,6.90,22.90,0.1580,6.33,2773.0,78.5
27888,142.9,7.00,22.91,0.1603,6.24,2773.0,78.5
27895,144.9,6.90,22.91,0.1581,6.32,2773.0,78.5
27902,142.9,7.00,22.92,0.1604,6.23,2773.0,78.5
27908,144.9,6.90,22.93,0.1582,6.32,2773.0,78.5
27915,142.9,7.00,22.93,0.1605,6.23,2773.0,78.5
27922,144.9,6.90,22.94,0.1583,6.32,2773.0,78.5
27929,144.9,6.90,22.95,0.1583,6.31,2773.0,78.5
27936,142.9,7.00,22.95,0.1607,6.23,2773.0,78.5
27943,144.9,6.90,22.96,0.1584,6.31,2773.0,78.5
27950,142.9,7.00,22.97,0.1608,6.22,2773.0,78.5
27957,142.9,7.00,22.98,0.1608,6.22,2773.0,78.6
27964,147.1,6.80,22.98,0.1563,6.40,2773.0,78.6
27971,142.9,7.00,22.99,0.1609,6.22,2773.0,78.6
27978,142.9,7.00,23.00,0.1610,6.21,2773.0,78.6
27985,144.9,6.90,23.00,0.1587,6.30,2773.0,78.6
27992,142.9,7.00,23.01,0.1611,6.21,2773.0,78.6
27999,144.9,6.90,23.02,0.1588,6.30,2773.0,78.6
28006,144.9,6.90,23.02,0.1589,6.29,2773.0,78.6
28013,142.9,7.00,23.03,0.1612,6.20,2773.0,78.6
28020,144.9,6.90,23.04,0.1590,6.29,2773.0,78.6
28027,142.9,7.00,23.05,0.1613,6.20,2773.0,78.6
28033,144.9,6.90,23.05,0.1591,6.29,2773.0,78.6
28040,142.9,7.00,23.06,0.1614,6.20,2773.0,78.6
28047,144.9,6.90,23.06,0.1591,6.28,2773.0,78.6
28054,144.9,6.90,23.07,0.1592,6.28,2773.0,78.7
28061,142.9,7.00,23.08,0.1616,6.19,2773.0,78.7
28068,142.9,7.00,23.09,0.1616,6.19,2773.0,78.7
28075,144.9,6.90,23.09,0.1593,6.27,2773.0,78.7
28082,142.9,7.00,23.10,0.1617,6.19,2773.0,78.7
28089,144.9,6.90,23.11,0.1594,6.27,2773.0,78.7
28096,142.9,7.00,23.11,0.1618,6.18,2773.0,78.7
28103,144.9,6.90,23.12,0.1595,6.27,2773.0,78.7
28110,147.1,6.80,23.13,0.1573,6.36,2773.0,78.7
28117,140.8,7.10,23.14,0.1643,6.09,2773.0,78.7
28124,142.9,7.00,23.14,0.1620,6.17,2773.0,78.7
28131,144.9,6.90,23.15,0.1597,6.26,2773.0,78.7
28138,144.9,6.90,23.16,0.1598,6.26,2773.0,78.7
28145,144.9,6.90,23.16,0.1598,6.26,2773.0,78.7
28152,142.9,7.00,23.17,0.1622,6.17,2773.0,78.8
28158,144.9,6.90,23.18,0.1599,6.25,2773.0,78.8
28165,144.9,6.90,23.18,0.1600,6.25,2773.0,78.8
28172,142.9,7.00,23.19,0.1623,6.16,2773.0,78.8
28179,142.9,7.00,23.20,0.1624,6.16,2773.0,78.8
28186,144.9,6.90,23.20,0.1601,6.24,2773.0,78.8
28193,142.9,7.00,23.21,0.1625,6.16,2773.0,78.8
28200,144.9,6.90,23.22,0.1602,6.24,2773.0,78.8
28207,142.9,7.00,23.23,0.1626,6.15,2773.0,78.8
28214,147.1,6.80,23.23,0.1580,6.33,2773.0,78.8
28221,140.8,7.10,23.24,0.1650,6.06,2773.0,78.8
28228,144.9,6.90,23.25,0.1604,6.23,2773.0,78.8
28235,144.9,6.90,23.25,0.1604,6.23,2773.0,78.8
28242,142.9,7.00,23.26,0.1628,6.14,2773.0,78.8
28249,142.9,7.00,23.27,0.1629,6.14,2773.0,78.8
28256,144.9,6.90,23.27,0.1606,6.23,2773.0,78.9
28263,144.9,6.90,23.28,0.1606,6.22,2773.0,78.9
28270,142.9,7.00,23.29,0.1630,6.14,2773.0,78.9
28277,144.9,6.90,23.30,0.1607,6.22,2773.0,78.9
28284,142.9,7.00,23.30,0.1631,6.13,2773.0,78.9
28290,144.9,6.90,23.31,0.1608,6.22,2773.0,78.9
28297,142.9,7.00,23.31,0.1632,6.13,2773.0,78.9
28304,144.9,6.90,23.32,0.1609,6.21,2773.0,78.9
28311,147.1,6.80,23.33,0.1586,6.31,2773.0,78.9
28318,142.9,7.00,23.34,0.1634,6.12,2773.0,78.9
28325,140.8,7.10,23.34,0.1657,6.03,2773.0,78.9
28332,144.9,6.90,23.35,0.1611,6.21,2773.0,78.9
28339,144.9,6.90,23.36,0.1612,6.20,2773.0,78.9
28346,144.9,6.90,23.36,0.1612,6.20,2773.0,78.9
28353,142.9,7.00,23.37,0.1636,6.11,2773.0,79.0
28360,142.9,7.00,23.38,0.1636,6.11,2773.0,79.0
28367,147.1,6.80,23.39,0.1590,6.29,2773.0,79.0
28374,142.9,7.00,23.39,0.1637,6.11,2773.0,79.0
28381,142.9,7.00,23.40,0.1638,6.11,2773.0,79.0
28388,144.9,6.90,23.41,0.1615,6.19,2773.0,79.0
28395,142.9,7.00,23.41,0.1639,6.10,2773.0,79.0
28402,144.9,6.90,23.42,0.1616,6.19,2773.0,79.0
28408,144.9,6.90,23.42,0.1616,6.19,2773.0,79.0
28415,142.9,7.00,23.42,0.1640,6.10,2773.0,79.0
28422,144.9,6.90,23.42,0.1616,6.19,2773.0,79.0
28429,142.9,7.00,23.43,0.1640,6.10,2773.0,79.0
28436,144.9,6.90,23.43,0.1617,6.18,2773.0,79.0
28443,144.9,6.90,23.43,0.1617,6.18,2773.0,79.0
28450,142.9,7.00,23.43,0.1640,6.10,2773.0,79.0
28457,144.9,6.90,23.43,0.1617,6.18,2773.0,79.0
28464,144.9,6.90,23.43,0.1617,6.18,2773.0,79.0
28471,142.9,7.00,23.44,0.1641,6.10,2773.0,79.0
28478,142.9,7.00,23.44,0.1641,6.10,2773.0,79.0
28485,144.9,6.90,23.44,0.1617,6.18,2773.0,79.0
28492,142.9,7.00,23.44,0.1641,6.10,2773.0,79.0
28499,144.9,6.90,23.44,0.1618,6.18,2773.0,79.0
28506,142.9,7.00,23.44,0.1641,6.10,2773.0,79.0
28513,144.9,6.90,23.45,0.1618,6.18,2773.0,79.0
28520,144.9,6.90,23.45,0.1618,6.18,2773.0,79.0
28527,142.9,7.00,23.45,0.1641,6.09,2773.0,79.0
28533,144.9,6.90,23.45,0.1618,6.18,2773.0,79.0
28540,142.9,7.00,23.45,0.1642,6.09,2773.0,79.0
28547,144.9,6.90,23.45,0.1618,6.18,2773.0,79.0
28554,142.9,7.00,23.45,0.1642,6.09,2773.0,79.0
28561,144.9,6.90,23.46,0.1619,6.18,2773.0,79.0
28568,144.9,6.90,23.46,0.1619,6.18,2773.0,79.0
28575,144.9,6.90,23.46,0.1619,6.18,2773.0,79.0
28582,142.9,7.00,23.46,0.1642,6.09,2773.0,79.0
28589,142.9,7.00,23.46,0.1642,6.09,2773.0,79.0
28596,142.9,7.00,23.46,0.1643,6.09,2773.0,79.0
28603,144.9,6.90,23.47,0.1619,6.17,2773.0,79.0
28610,142.9,7.00,23.47,0.1643,6.09,2773.0,79.0
28617,144.9,6.90,23.47,0.1619,6.17,2773.0,79.0
28624,144.9,6.90,23.47,0.1620,6.17,2773.0,79.0
28631,142.9,7.00,23.47,0.1643,6.09,2773.0,79.0
28638,144.9,6.90,23.47,0.1620,6.17,2773.0,79.0
28645,142.9,7.00,23.48,0.1643,6.09,2773.0,79.0
28652,144.9,6.90,23.48,0.1620,6.17,2773.0,79.0
28658,144.9,6.90,23.48,0.1620,6.17,2773.0,79.0
28665,144.9,6.90,23.48,0.1620,6.17,2773.0,79.0
28672,140.8,7.10,23.48,0.1667,6.00,2773.0,79.0
28679,144.9,6.90,23.48,0.1620,6.17,2773.0,79.0
28686,142.9,7.00,23.49,0.1644,6.08,2773.0,79.0
28693,144.9,6.90,23.49,0.1621,6.17,2773.0,79.0
28700,144.9,6.90,23.49,0.1621,6.17,2773.0,79.0
28707,142.9,7.00,23.49,0.1644,6.08,2773.0,79.0
28714,147.1,6.80,23.49,0.1597,6.26,2773.0,79.0
28721,142.9,7.00,23.49,0.1645,6.08,2773.0,79.0
28728,142.9,7.00,23.49,0.1645,6.08,2773.0,79.0
28735,144.9,6.90,23.50,0.1621,6.17,2773.0,79.0
28742,142.9,7.00,23.50,0.1645,6.08,2773.0,79.0
28749,144.9,6.90,23.50,0.1621,6.17,2773.0,79.0
28756,144.9,6.90,23.50,0.1622,6.17,2773.0,79.0
28763,142.9,7.00,23.50,0.1645,6.08,2773.0,79.0
28770,144.9,6.90,23.50,0.1622,6.16,2773.0,79.0
28777,142.9,7.00,23.51,0.1645,6.08,2773.0,79.0
28783,144.9,6.90,23.51,0.1622,6.16,2773.0,79.0
28790,142.9,7.00,23.51,0.1646,6.08,2773.0,79.0
28797,144.9,6.90,23.51,0.1622,6.16,2773.0,79.0
28804,142.9,7.00,23.51,0.1646,6.08,2773.0,79.0
28811,147.1,6.80,23.51,0.1599,6.26,2773.0,79.0
28818,142.9,7.00,23.52,0.1646,6.08,2773.0,79.0
28825,144.9,6.90,23.52,0.1623,6.16,2773.0,79.0
28832,142.9,7.00,23.52,0.1646,6.08,2773.0,79.0
28839,142.9,7.00,23.52,0.1646,6.08,2773.0,79.0
28846,144.9,6.90,23.52,0.1623,6.16,2773.0,79.0
28853,142.9,7.00,23.52,0.1647,6.07,2773.0,79.0
28860,144.9,6.90,23.53,0.1623,6.16,2773.0,79.0
28867,144.9,6.90,23.53,0.1623,6.16,2773.0,79.0
28874,142.9,7.00,23.53,0.1647,6.07,2773.0,79.0
28881,144.9,6.90,23.53,0.1624,6.16,2773.0,79.0
28888,144.9,6.90,23.53,0.1624,6.16,2773.0,79.0
28895,142.9,7.00,23.53,0.1647,6.07,2773.0,79.0
28902,142.9,7.00,23.54,0.1647,6.07,2773.0,79.0
28908,144.9,6.90,23.54,0.1624,6.16,2773.0,79.0
28915,142.9,7.00,23.54,0.1648,6.07,2773.0,79.0
28922,147.1,6.80,23.54,0.1601,6.25,2773.0,79.0
28929,142.9,7.00,23.54,0.1648,6.07,2773.0,79.0
28936,142.9,7.00,23.54,0.1648,6.07,2773.0,79.0
28943,144.9,6.90,23.54,0.1625,6.15,2773.0,79.0
28950,142.9,7.00,23.55,0.1648,6.07,2773.0,79.0
28957,144.9,6.90,23.55,0.1625,6.15,2773.0,79.0
28964,144.9,6.90,23.55,0.1625,6.15,2773.0,79.0
28971,142.9,7.00,23.55,0.1649,6.07,2773.0,79.0
28978,144.9,6.90,23.55,0.1625,6.15,2773.0,79.0
28985,142.9,7.00,23.55,0.1649,6.07,2773.0,79.0
28992,144.9,6.90,23.56,0.1625,6.15,2773.0,79.0
28999,144.9,6.90,23.56,0.1625,6.15,2773.0,79.0
29006,142.9,7.00,23.56,0.1649,6.07,2773.0,79.0
29013,144.9,6.90,23.56,0.1626,6.15,2773.0,79.0
29020,142.9,7.00,23.56,0.1649,6.06,2773.0,79.0
29027,142.9,7.00,23.56,0.1649,6.06,2773.0,79.0
29033,144.9,6.90,23.57,0.1626,6.15,2773.0,79.0
29040,144.9,6.90,23.57,0.1626,6.15,2773.0,79.0
29047,142.9,7.00,23.57,0.1650,6.06,2773.0,79.0
29054,142.9,7.00,23.57,0.1650,6.06,2773.0,79.0
29061,144.9,6.90,23.57,0.1626,6.15,2773.0,79.0
29068,147.1,6.80,23.57,0.1603,6.24,2773.0,79.0
29075,140.8,7.10,23.57,0.1674,5.97,2773.0,79.0
29082,144.9,6.90,23.58,0.1627,6.15,2773.0,79.0
29089,142.9,7.00,23.58,0.1650,6.06,2773.0,79.0
29096,144.9,6.90,23.58,0.1627,6.15,2773.0,79.0
29103,144.9,6.90,23.58,0.1627,6.14,2773.0,79.0
29110,142.9,7.00,23.58,0.1651,6.06,2773.0,79.0
29117,144.9,6.90,23.58,0.1627,6.14,2773.0,79.0
29124,142.9,7.00,23.59,0.1651,6.06,2773.0,79.0
29131,144.9,6.90,23.59,0.1628,6.14,2773.0,79.0
29138,142.9,7.00,23.59,0.1651,6.06,2773.0,79.0
29145,144.9,6.90,23.59,0.1628,6.14,2773.0,79.0
29151,144.9,6.90,23.59,0.1628,6.14,2773.0,79.0
29158,142.9,7.00,23.59,0.1652,6.06,2773.0,79.0
29165,142.9,7.00,23.60,0.1652,6.06,2773.0,79.0
29172,144.9,6.90,23.60,0.1628,6.14,2773.0,79.0
29179,142.9,7.00,23.60,0.1652,6.06,2773.0,79.0
29186,147.1,6.80,23.60,0.1605,6.23,2773.0,79.0
29193,142.9,7.00,23.60,0.1652,6.05,2773.0,79.0
29200,142.9,7.00,23.60,0.1652,6.05,2773.0,79.0
29207,147.1,6.80,23.61,0.1605,6.23,2773.0,79.0
29214,140.8,7.10,23.61,0.1676,5.96,2773.0,79.0
29221,144.9,6.90,23.61,0.1629,6.14,2773.0,79.0
29228,144.9,6.90,23.61,0.1629,6.14,2773.0,79.0
29235,142.9,7.00,23.61,0.1653,6.05,2773.0,79.0
29242,142.9,7.00,23.61,0.1653,6.05,2773.0,79.0
29249,144.9,6.90,23.61,0.1629,6.14,2773.0,79.0
29256,142.9,7.00,23.62,0.1653,6.05,2773.0,79.0
29263,144.9,6.90,23.62,0.1630,6.14,2773.0,79.0
29270,142.9,7.00,23.62,0.1653,6.05,2773.0,79.0
29276,147.1,6.80,23.62,0.1606,6.23,2773.0,79.0
29284,140.8,7.10,23.62,0.1677,5.96,2773.0,79.0
29290,147.1,6.80,23.62,0.1606,6.23,2773.0,79.0
29297,140.8,7.10,23.63,0.1677,5.96,2773.0,79.0
29304,147.1,6.80,23.63,0.1607,6.23,2773.0,79.0
29311,140.8,7.10,23.63,0.1678,5.96,2773.0,79.0
29318,147.1,6.80,23.63,0.1607,6.22,2773.0,79.0
29325,142.9,7.00,23.63,0.1654,6.05,2773.0,79.0
29332,144.9,6.90,23.63,0.1631,6.13,2773.0,79.0
29339,142.9,7.00,23.64,0.1654,6.05,2773.0,79.0
29346,144.9,6.90,23.64,0.1631,6.13,2773.0,79.0
29353,142.9,7.00,23.64,0.1655,6.05,2773.0,79.0
29360,144.9,6.90,23.64,0.1631,6.13,2773.0,79.0
29367,144.9,6.90,23.64,0.1631,6.13,2773.0,79.0
29374,142.9,7.00,23.64,0.1655,6.04,2773.0,79.0
29381,144.9,6.90,23.65,0.1632,6.13,2773.0,79.0
29388,144.9,6.90,23.65,0.1632,6.13,2773.0,79.0
29395,142.9,7.00,23.65,0.1655,6.04,2773.0,79.0
29402,142.9,7.00,23.65,0.1656,6.04,2773.0,79.0
29408,144.9,6.90,23.65,0.1632,6.13,2773.0,79.0
29415,142.9,7.00,23.65,0.1656,6.04,2773.0,79.0
29422,144.9,6.90,23.65,0.1632,6.13,2773.0,79.0
29429,144.9,6.90,23.65,0.1632,6.13,2773.0,79.0
29436,142.9,7.00,23.66,0.1656,6.04,2773.0,79.0
29443,142.9,7.00,23.66,0.1656,6.04,2773.0,79.0
29450,144.9,6.90,23.66,0.1632,6.12,2773.0,79.0
29457,142.9,7.00,23.66,0.1656,6.04,2773.0,79.0
29464,147.1,6.80,23.66,0.1609,6.22,2773.0,79.0
29471,142.9,7.00,23.66,0.1656,6.04,2773.0,79.0
29478,144.9,6.90,23.66,0.1633,6.12,2773.0,79.0
29485,142.9,7.00,23.66,0.1656,6.04,2773.0,79.0
29492,142.9,7.00,23.66,0.1656,6.04,2773.0,79.0
29499,144.9,6.90,23.66,0.1633,6.12,2773.0,79.0
29506,144.9,6.90,23.67,0.1633,6.12,2773.0,79.0
29513,142.9,7.00,23.67,0.1657,6.04,2773.0,79.0
29520,144.9,6.90,23.67,0.1633,6.12,2773.0,79.0
29526,144.9,6.90,23.67,0.1633,6.12,2773.0,79.0
29533,142.9,7.00,23.67,0.1657,6.04,2773.0,79.0
29540,142.9,7.00,23.67,0.1657,6.04,2773.0,79.0
29547,144.9,6.90,23.67,0.1633,6.12,2773.0,79.0
29554,144.9,6.90,23.67,0.1633,6.12,2773.0,79.0
29561,142.9,7.00,23.67,0.1657,6.04,2773.0,79.0
29568,142.9,7.00,23.67,0.1657,6.04,2773.0,79.0
29575,144.9,6.90,23.68,0.1634,6.12,2773.0,79.0
29582,142.9,7.00,23.68,0.1657,6.04,2773.0,79.0
29589,147.1,6.80,23.68,0.1610,6.21,2773.0,79.0
29596,142.9,7.00,23.68,0.1658,6.03,2773.0,79.0
29603,144.9,6.90,23.68,0.1634,6.12,2773.0,79.0
29610,142.9,7.00,23.68,0.1658,6.03,2773.0,79.0
29617,144.9,6.90,23.68,0.1634,6.12,2773.0,79.0
29624,144.9,6.90,23.68,0.1634,6.12,2773.0,79.0
29631,140.8,7.10,23.68,0.1682,5.94,2773.0,79.0
29638,144.9,6.90,23.69,0.1634,6.12,2773.0,79.0
29644,147.1,6.80,23.69,0.1611,6.21,2773.0,79.0
29652,140.8,7.10,23.69,0.1682,5.94,2773.0,79.0
29658,144.9,6.90,23.69,0.1634,6.12,2773.0,79.0
29665,144.9,6.90,23.69,0.1635,6.12,2773.0,79.0
29672,142.9,7.00,23.69,0.1658,6.03,2773.0,79.0
29679,142.9,7.00,23.69,0.1658,6.03,2773.0,79.0
29686,147.1,6.80,23.69,0.1611,6.21,2773.0,79.0
29693,142.9,7.00,23.69,0.1659,6.03,2773.0,79.0
29700,142.9,7.00,23.69,0.1659,6.03,2773.0,79.0
29707,144.9,6.90,23.70,0.1635,6.12,2773.0,79.0
29714,144.9,6.90,23.70,0.1635,6.11,2773.0,79.0
29721,140.8,7.10,23.70,0.1683,5.94,2773.0,79.0
29728,147.1,6.80,23.70,0.1612,6.21,2773.0,79.0
29735,142.9,7.00,23.70,0.1659,6.03,2773.0,79.0
29742,142.9,7.00,23.70,0.1659,6.03,2773.0,79.0
29749,147.1,6.80,23.70,0.1612,6.21,2773.0,79.0
29756,140.8,7.10,23.70,0.1683,5.94,2773.0,79.0
29763,144.9,6.90,23.70,0.1636,6.11,2773.0,79.0
29770,144.9,6.90,23.71,0.1636,6.11,2773.0,79.0
29777,142.9,7.00,23.71,0.1659,6.03,2773.0,79.0
29783,144.9,6.90,23.71,0.1636,6.11,2773.0,79.0
29790,142.9,7.00,23.71,0.1660,6.03,2773.0,79.0
29797,147.1,6.80,23.71,0.1612,6.20,2773.0,79.0
29804,142.9,7.00,23.71,0.1660,6.03,2773.0,79.0
29811,142.9,7.00,23.71,0.1660,6.03,2773.0,79.0
29818,144.9,6.90,23.71,0.1636,6.11,2773.0,79.0
29825,142.9,7.00,23.71,0.1660,6.03,2773.0,79.0
29832,144.9,6.90,23.71,0.1636,6.11,2773.0,79.0
29839,142.9,7.00,23.72,0.1660,6.03,2773.0,79.0
29846,144.9,6.90,23.72,0.1636,6.11,2773.0,79.0
29853,142.9,7.00,23.72,0.1660,6.03,2773.0,79.0
29860,144.9,6.90,23.72,0.1637,6.11,2773.0,79.0
29867,144.9,6.90,23.72,0.1637,6.11,2773.0,79.0
29874,142.9,7.00,23.72,0.1660,6.02,2773.0,79.0
29881,142.9,7.00,23.72,0.1661,6.02,2773.0,79.0
29888,144.9,6.90,23.72,0.1637,6.11,2773.0,79.0
29895,144.9,6.90,23.72,0.1637,6.11,2773.0,79.0
29901,144.9,6.90,23.72,0.1637,6.11,2773.0,79.0
29908,142.9,7.00,23.73,0.1661,6.02,2773.0,79.0
29915,144.9,6.90,23.73,0.1637,6.11,2773.0,79.0
29922,140.8,7.10,23.73,0.1685,5.93,2773.0,79.0
29929,144.9,6.90,23.73,0.1637,6.11,2773.0,79.0
29936,144.9,6.90,23.73,0.1637,6.11,2773.0,79.0
29943,144.9,6.90,23.73,0.1637,6.11,2773.0,79.0
29950,144.9,6.90,23.73,0.1638,6.11,2773.0,79.0
29957,144.9,6.90,23.73,0.1638,6.11,2773.0,79.0
29964,140.8,7.10,23.73,0.1685,5.93,2773.0,79.0
29971,144.9,6.90,23.74,0.1638,6.10,2773.0,79.0
29978,144.9,6.90,23.74,0.1638,6.10,2773.0,79.0
29985,142.9,7.00,23.74,0.1662,6.02,2773.0,79.0
29992,144.9,6.90,23.74,0.1638,6.10,2773.0,79.0
29999,142.9,7.00,23.74,0.1662,6.02,2773.0,79.0
30006,144.9,6.90,23.74,0.1638,6.10,2773.0,79.0
30013,144.9,6.90,23.74,0.1638,6.10,2773.0,79.0
30020,142.9,7.00,23.74,0.1662,6.02,2773.0,79.0
30027,142.9,7.00,23.74,0.1662,6.02,2773.0,79.0
30033,144.9,6.90,23.74,0.1638,6.10,2773.0,79.0
30040,144.9,6.90,23.75,0.1638,6.10,2773.0,79.0
30047,142.9,7.00,23.75,0.1662,6.02,2773.0,79.0
30054,144.9,6.90,23.75,0.1639,6.10,2773.0,79.0
30061,142.9,7.00,23.75,0.1662,6.02,2773.0,79.0
30068,142.9,7.00,23.75,0.1662,6.02,2773.0,79.0
30075,144.9,6.90,23.75,0.1639,6.10,2773.0,79.0
30082,144.9,6.90,23.75,0.1639,6.10,2773.0,79.0
30089,144.9,6.90,23.75,0.1639,6.10,2773.0,79.0
30096,142.9,7.00,23.75,0.1663,6.02,2773.0,79.0
30103,142.9,7.00,23.76,0.1663,6.02,2773.0,79.0
30110,144.9,6.90,23.76,0.1639,6.10,2773.0,79.0
30117,142.9,7.00,23.76,0.1663,6.02,2773.0,79.0
30124,144.9,6.90,23.76,0.1639,6.10,2773.0,79.0
30131,144.9,6.90,23.76,0.1639,6.10,2773.0,79.0
30138,142.9,7.00,23.76,0.1663,6.01,2773.0,79.0
30145,144.9,6.90,23.76,0.1640,6.10,2773.0,79.0
30152,142.9,7.00,23.76,0.1663,6.01,2773.0,79.0
30158,144.9,6.90,23.76,0.1640,6.10,2773.0,79.0
30165,144.9,6.90,23.76,0.1640,6.10,2773.0,79.0
30172,142.9,7.00,23.77,0.1664,6.01,2773.0,79.0
30179,144.9,6.90,23.77,0.1640,6.10,2773.0,79.0
30186,142.9,7.00,23.77,0.1664,6.01,2773.0,79.0
30193,144.9,6.90,23.77,0.1640,6.10,2773.0,79.0
30200,142.9,7.00,23.77,0.1664,6.01,2773.0,79.0
30207,144.9,6.90,23.77,0.1640,6.10,2773.0,79.0
30214,144.9,6.90,23.77,0.1640,6.10,2773.0,79.0
30221,142.9,7.00,23.77,0.1664,6.01,2773.0,79.0
30228,144.9,6.90,23.77,0.1640,6.09,2773.0,79.0
30235,142.9,7.00,23.77,0.1664,6.01,2773.0,79.0
30242,144.9,6.90,23.78,0.1641,6.09,2773.0,79.0
30249,144.9,6.90,23.78,0.1641,6.09,2773.0,79.0
30256,142.9,7.00,23.78,0.1664,6.01,2773.0,79.0
30263,142.9,7.00,23.78,0.1665,6.01,2773.0,79.0
30270,144.9,6.90,23.78,0.1641,6.09,2773.0,79.0
30276,144.9,6.90,23.78,0.1641,6.09,2773.0,79.0
30283,142.9,7.00,23.78,0.1665,6.01,2773.0,79.0
30290,142.9,7.00,23.78,0.1665,6.01,2773.0,79.0
30297,144.9,6.90,23.78,0.1641,6.09,2773.0,79.0
30304,144.9,6.90,23.79,0.1641,6.09,2773.0,79.0
30311,142.9,7.00,23.79,0.1665,6.01,2773.0,79.0
30318,144.9,6.90,23.79,0.1641,6.09,2773.0,79.0
30325,144.9,6.90,23.79,0.1641,6.09,2773.0,79.0
30332,142.9,7.00,23.79,0.1665,6.01,2773.0,79.0
30339,142.9,7.00,23.79,0.1665,6.01,2773.0,79.0
30346,147.1,6.80,23.79,0.1618,6.18,2773.0,79.0
30353,142.9,7.00,23.79,0.1665,6.01,2773.0,79.0
30360,142.9,7.00,23.79,0.1666,6.01,2773.0,79.0
30367,144.9,6.90,23.79,0.1642,6.09,2773.0,79.0
30374,142.9,7.00,23.80,0.1666,6.01,2773.0,79.0
30381,144.9,6.90,23.80,0.1642,6.09,2773.0,79.0
30388,142.9,7.00,23.80,0.1666,6.00,2773.0,79.0
30395,144.9,6.90,23.80,0.1642,6.09,2773.0,79.0
30402,142.9,7.00,23.80,0.1666,6.00,2773.0,79.0
30408,144.9,6.90,23.80,0.1642,6.09,2773.0,79.0
30415,142.9,7.00,23.79,0.1665,6.01,2773.0,79.0
30422,147.1,6.80,23.78,0.1617,6.18,2773.0,79.0
30429,140.8,7.10,23.78,0.1688,5.92,2773.0,79.0
30436,147.1,6.80,23.77,0.1617,6.19,2773.0,79.0
30443,140.8,7.10,23.77,0.1688,5.92,2773.0,79.0
30450,144.9,6.90,23.76,0.1640,6.10,2773.0,79.0
30457,147.1,6.80,23.76,0.1615,6.19,2773.0,79.0
30464,140.8,7.10,23.75,0.1686,5.93,2773.0,79.0
30471,144.9,6.90,23.75,0.1638,6.10,2773.0,79.0
30478,144.9,6.90,23.74,0.1638,6.10,2773.0,79.0
30485,142.9,7.00,23.73,0.1661,6.02,2773.0,79.0
30492,144.9,6.90,23.73,0.1637,6.11,2773.0,79.0
30499,142.9,7.00,23.72,0.1661,6.02,2773.0,79.0
30506,144.9,6.90,23.72,0.1637,6.11,2773.0,79.0
30513,142.9,7.00,23.71,0.1660,6.03,2773.0,79.0
30520,144.9,6.90,23.71,0.1636,6.11,2773.0,79.0
30527,142.9,7.00,23.70,0.1659,6.03,2773.0,79.0
30533,144.9,6.90,23.70,0.1635,6.11,2773.0,79.0
30540,142.9,7.00,23.69,0.1658,6.03,2773.0,79.0
30547,147.1,6.80,23.69,0.1611,6.21,2773.0,79.0
30554,142.9,7.00,23.68,0.1658,6.03,2773.0,79.0
30561,142.9,7.00,23.67,0.1657,6.04,2773.0,79.0
30568,144.9,6.90,23.67,0.1633,6.12,2773.0,79.0
30575,144.9,6.90,23.66,0.1633,6.12,2773.0,79.0
30582,142.9,7.00,23.66,0.1656,6.04,2773.0,79.0
30589,144.9,6.90,23.65,0.1632,6.13,2773.0,79.0
30596,142.9,7.00,23.65,0.1655,6.04,2773.0,79.0
30603,142.9,7.00,23.64,0.1655,6.04,2773.0,79.0
30610,147.1,6.80,23.64,0.1607,6.22,2773.0,79.0
30617,142.9,7.00,23.63,0.1654,6.05,2773.0,79.0
30624,144.9,6.90,23.62,0.1630,6.13,2773.0,79.0
30631,142.9,7.00,23.62,0.1653,6.05,2773.0,79.0
30638,144.9,6.90,23.61,0.1629,6.14,2773.0,79.0
30645,142.9,7.00,23.61,0.1653,6.05,2773.0,79.0
30652,142.9,7.00,23.60,0.1652,6.05,2773.0,79.0
30658,144.9,6.90,23.60,0.1628,6.14,2773.0,79.0
30665,144.9,6.90,23.59,0.1628,6.14,2773.0,79.0
30672,142.9,7.00,23.59,0.1651,6.06,2773.0,79.0
30679,144.9,6.90,23.58,0.1627,6.14,2773.0,79.0
30686,142.9,7.00,23.58,0.1650,6.06,2773.0,79.0
30693,144.9,6.90,23.57,0.1626,6.15,2773.0,79.0
30700,142.9,7.00,23.56,0.1650,6.06,2773.0,79.0
30707,144.9,6.90,23.56,0.1626,6.15,2773.0,79.0
30714,144.9,6.90,23.55,0.1625,6.15,2773.0,79.0
30721,142.9,7.00,23.55,0.1648,6.07,2773.0,79.0
30728,142.9,7.00,23.54,0.1648,6.07,2773.0,79.0
30735,144.9,6.90,23.54,0.1624,6.16,2773.0,79.0
30742,144.9,6.90,23.53,0.1624,6.16,2773.0,79.0
30749,142.9,7.00,23.53,0.1647,6.07,2773.0,79.0
30756,144.9,6.90,23.52,0.1623,6.16,2773.0,79.0
30763,142.9,7.00,23.51,0.1646,6.08,2773.0,79.0
30770,144.9,6.90,23.51,0.1622,6.16,2773.0,79.0
30776,144.9,6.90,23.50,0.1622,6.16,2773.0,79.0
30783,142.9,7.00,23.50,0.1645,6.08,2773.0,79.0
30790,144.9,6.90,23.49,0.1621,6.17,2773.0,79.0
30797,142.9,7.00,23.49,0.1644,6.08,2773.0,79.0
30804,144.9,6.90,23.48,0.1620,6.17,2773.0,79.0
30811,144.9,6.90,23.48,0.1620,6.17,2773.0,79.0
30818,142.9,7.00,23.47,0.1643,6.09,2773.0,79.0
30825,144.9,6.90,23.47,0.1619,6.17,2773.0,79.0
30832,142.9,7.00,23.46,0.1642,6.09,2773.0,79.0
30839,144.9,6.90,23.45,0.1618,6.18,2773.0,79.0
30846,142.9,7.00,23.45,0.1641,6.09,2773.0,79.0
30853,142.9,7.00,23.44,0.1641,6.10,2773.0,79.0
30860,144.9,6.90,23.44,0.1617,6.18,2773.0,79.0
30867,144.9,6.90,23.43,0.1617,6.18,2773.0,79.0
30874,142.9,7.00,23.43,0.1640,6.10,2773.0,79.0
30881,144.9,6.90,23.42,0.1616,6.19,2773.0,79.0
30888,144.9,6.90,23.42,0.1616,6.19,2773.0,79.0
30895,142.9,7.00,23.41,0.1639,6.10,2773.0,79.0
30901,144.9,6.90,23.41,0.1615,6.19,2773.0,79.0
30908,144.9,6.90,23.40,0.1615,6.19,2773.0,79.0
30915,142.9,7.00,23.39,0.1638,6.11,2773.0,79.0
30922,142.9,7.00,23.39,0.1637,6.11,2773.0,79.0
30929,144.9,6.90,23.38,0.1613,6.20,2773.0,79.0
30936,142.9,7.00,23.38,0.1636,6.11,2773.0,79.0
30943,144.9,6.90,23.37,0.1613,6.20,2773.0,79.0
30950,144.9,6.90,23.37,0.1612,6.20,2773.0,79.0
30957,142.9,7.00,23.36,0.1635,6.12,2773.0,79.0
30964,144.9,6.90,23.36,0.1612,6.20,2773.0,79.0
30971,144.9,6.90,23.35,0.1611,6.21,2773.0,79.0
30978,142.9,7.00,23.34,0.1634,6.12,2773.0,79.0
30985,144.9,6.90,23.34,0.1610,6.21,2773.0,79.0
30992,144.9,6.90,23.33,0.1610,6.21,2773.0,79.0
30999,140.8,7.10,23.33,0.1656,6.04,2773.0,79.0
31006,144.9,6.90,23.32,0.1609,6.21,2773.0,79.0
31013,144.9,6.90,23.32,0.1609,6.21,2773.0,79.0
31020,142.9,7.00,23.31,0.1632,6.13,2773.0,79.0
31026,144.9,6.90,23.31,0.1608,6.22,2773.0,79.0
31033,144.9,6.90,23.30,0.1608,6.22,2773.0,79.0
31040,142.9,7.00,23.30,0.1631,6.13,2773.0,79.0
31047,142.9,7.00,23.29,0.1630,6.14,2773.0,79.0
31054,144.9,6.90,23.28,0.1607,6.22,2773.0,79.0
31061,142.9,7.00,23.28,0.1630,6.14,2773.0,79.0
31068,144.9,6.90,23.27,0.1606,6.23,2773.0,79.0
31075,144.9,6.90,23.27,0.1606,6.23,2773.0,79.0
31082,142.9,7.00,23.26,0.1628,6.14,2773.0,79.0
31089,144.9,6.90,23.26,0.1605,6.23,2773.0,79.0
31096,144.9,6.90,23.25,0.1604,6.23,2773.0,79.0
31103,142.9,7.00,23.25,0.1627,6.15,2773.0,79.0
31110,144.9,6.90,23.24,0.1604,6.23,2773.0,79.0
31117,142.9,7.00,23.24,0.1626,6.15,2773.0,79.0
31124,144.9,6.90,23.23,0.1603,6.24,2773.0,79.0
31131,142.9,7.00,23.22,0.1626,6.15,2773.0,79.0
31138,144.9,6.90,23.22,0.1602,6.24,2773.0,79.0
31145,142.9,7.00,23.21,0.1625,6.16,2773.0,79.0
31151,144.9,6.90,23.21,0.1601,6.24,2773.0,79.0
31158,144.9,6.90,23.20,0.1601,6.24,2773.0,79.0
31165,142.9,7.00,23.20,0.1624,6.16,2773.0,79.0
31172,144.9,6.90,23.19,0.1600,6.25,2773.0,79.0
31179,142.9,7.00,23.19,0.1623,6.16,2773.0,79.0
31186,142.9,7.00,23.18,0.1623,6.16,2773.0,79.0
31193,144.9,6.90,23.18,0.1599,6.25,2773.0,79.0
31200,144.9,6.90,23.17,0.1599,6.25,2773.0,79.0
31207,142.9,7.00,23.16,0.1621,6.17,2773.0,79.0
31214,144.9,6.90,23.16,0.1598,6.26,2773.0,79.0
31221,144.9,6.90,23.15,0.1598,6.26,2773.0,79.0
31228,142.9,7.00,23.15,0.1620,6.17,2773.0,79.0
31235,144.9,6.90,23.14,0.1597,6.26,2773.0,79.0
31242,140.8,7.10,23.14,0.1643,6.09,2773.0,79.0
31249,149.3,6.70,23.13,0.1550,6.45,2773.0,79.0
31256,140.8,7.10,23.13,0.1642,6.09,2773.0,79.0
31263,144.9,6.90,23.12,0.1595,6.27,2773.0,79.0
31270,142.9,7.00,23.11,0.1618,6.18,2773.0,79.0
31276,144.9,6.90,23.11,0.1595,6.27,2773.0,79.0
31283,144.9,6.90,23.10,0.1594,6.27,2773.0,79.0
31290,142.9,7.00,23.10,0.1617,6.19,2773.0,79.0
31297,144.9,6.90,23.09,0.1593,6.27,2773.0,79.0
31304,142.9,7.00,23.09,0.1616,6.19,2773.0,79.0
31311,142.9,7.00,23.08,0.1616,6.19,2773.0,79.0
31318,144.9,6.90,23.08,0.1592,6.28,2773.0,79.0
31325,144.9,6.90,23.07,0.1592,6.28,2773.0,79.0
31332,142.9,7.00,23.07,0.1615,6.20,2773.0,79.0
31339,144.9,6.90,23.06,0.1591,6.28,2773.0,79.0
31346,142.9,7.00,23.05,0.1614,6.20,2773.0,79.0
31353,147.1,6.80,23.05,0.1567,6.38,2773.0,79.0
31360,140.8,7.10,23.04,0.1636,6.11,2773.0,79.0
31367,144.9,6.90,23.04,0.1590,6.29,2773.0,79.0
31374,144.9,6.90,23.03,0.1589,6.29,2773.0,79.0
31381,142.9,7.00,23.03,0.1612,6.21,2773.0,79.0
31388,144.9,6.90,23.02,0.1588,6.29,2773.0,79.0
31395,142.9,7.00,23.02,0.1611,6.21,2773.0,79.0
31402,142.9,7.00,23.01,0.1611,6.21,2773.0,79.0
31408,147.1,6.80,23.01,0.1565,6.39,2773.0,79.0
31415,142.9,7.00,23.01,0.1611,6.21,2773.0,79.0
31422,142.9,7.00,23.01,0.1611,6.21,2773.0,79.0
31429,144.9,6.90,23.01,0.1587,6.30,2773.0,79.0
31436,144.9,6.90,23.01,0.1587,6.30,2773.0,79.0
31443,142.9,7.00,23.01,0.1610,6.21,2773.0,79.0
31450,142.9,7.00,23.00,0.1610,6.21,2773.0,79.0
31457,144.9,6.90,23.00,0.1587,6.30,2773.0,78.9
31464,144.9,6.90,23.00,0.1587,6.30,2773.0,78.9
31471,144.9,6.90,23.00,0.1587,6.30,2773.0,78.9
31478,142.9,7.00,23.00,0.1610,6.21,2773.0,78.9
31485,144.9,6.90,23.00,0.1587,6.30,2773.0,78.9
31492,142.9,7.00,23.00,0.1610,6.21,2773.0,78.9
31499,144.9,6.90,23.00,0.1587,6.30,2773.0,78.9
31506,142.9,7.00,23.00,0.1610,6.21,2773.0,78.9
31513,144.9,6.90,23.00,0.1587,6.30,2773.0,78.9
31520,142.9,7.00,23.00,0.1610,6.21,2773.0,78.9
31526,144.9,6.90,23.00,0.1587,6.30,2773.0,78.9
31533,142.9,7.00,23.00,0.1610,6.21,2773.0,78.9
31540,144.9,6.90,22.99,0.1587,6.30,2773.0,78.9
31547,142.9,7.00,22.99,0.1610,6.21,2773.0,78.9
31554,144.9,6.90,22.99,0.1587,6.30,2773.0,78.8
31561,142.9,7.00,22.99,0.1609,6.22,2773.0,78.8
31568,144.9,6.90,22.99,0.1586,6.30,2773.0,78.8
31575,142.9,7.00,22.99,0.1609,6.22,2773.0,78.8
31582,147.1,6.80,22.99,0.1563,6.40,2773.0,78.8
31589,140.8,7.10,22.99,0.1632,6.12,2773.0,78.8
31596,144.9,6.90,22.99,0.1586,6.30,2773.0,78.8
31603,144.9,6.90,22.99,0.1586,6.30,2773.0,78.8
31610,142.9,7.00,22.99,0.1609,6.22,2773.0,78.8
31617,144.9,6.90,22.99,0.1586,6.30,2773.0,78.8
31624,144.9,6.90,22.99,0.1586,6.30,2773.0,78.8
31631,142.9,7.00,22.98,0.1609,6.22,2773.0,78.8
31638,144.9,6.90,22.98,0.1586,6.30,2773.0,78.8
31645,142.9,7.00,22.98,0.1609,6.22,2773.0,78.8
31651,144.9,6.90,22.98,0.1586,6.30,2773.0,78.8
31658,142.9,7.00,22.98,0.1609,6.22,2773.0,78.7
31665,144.9,6.90,22.98,0.1586,6.31,2773.0,78.7
31672,142.9,7.00,22.98,0.1609,6.22,2773.0,78.7
31679,144.9,6.90,22.98,0.1586,6.31,2773.0,78.7
31686,142.9,7.00,22.98,0.1609,6.22,2773.0,78.7
31693,144.9,6.90,22.98,0.1585,6.31,2773.0,78.7
31700,144.9,6.90,22.98,0.1585,6.31,2773.0,78.7
31707,142.9,7.00,22.98,0.1608,6.22,2773.0,78.7
31714,144.9,6.90,22.98,0.1585,6.31,2773.0,78.7
31721,142.9,7.00,22.97,0.1608,6.22,2773.0,78.7
31728,147.1,6.80,22.97,0.1562,6.40,2773.0,78.7
31735,140.8,7.10,22.97,0.1631,6.13,2773.0,78.7
31742,144.9,6.90,22.97,0.1585,6.31,2773.0,78.7
31749,142.9,7.00,22.97,0.1608,6.22,2773.0,78.7
31756,144.9,6.90,22.97,0.1585,6.31,2773.0,78.6
31763,142.9,7.00,22.97,0.1608,6.22,2773.0,78.6
31770,144.9,6.90,22.97,0.1585,6.31,2773.0,78.6
31776,144.9,6.90,22.97,0.1585,6.31,2773.0,78.6
31783,142.9,7.00,22.97,0.1608,6.22,2773.0,78.6
31790,142.9,7.00,22.97,0.1608,6.22,2773.0,78.6
31797,147.1,6.80,22.97,0.1562,6.40,2773.0,78.6
31804,142.9,7.00,22.97,0.1608,6.22,2773.0,78.6
31811,142.9,7.00,22.97,0.1608,6.22,2773.0,78.6
31818,144.9,6.90,22.96,0.1585,6.31,2773.0,78.6
31825,144.9,6.90,22.96,0.1584,6.31,2773.0,78.6
31832,142.9,7.00,22.96,0.1607,6.22,2773.0,78.6
31839,144.9,6.90,22.96,0.1584,6.31,2773.0,78.6
31846,144.9,6.90,22.96,0.1584,6.31,2773.0,78.6
31853,142.9,7.00,22.96,0.1607,6.22,2773.0,78.5
31860,144.9,6.90,22.96,0.1584,6.31,2773.0,78.5
31867,142.9,7.00,22.96,0.1607,6.22,2773.0,78.5
31874,144.9,6.90,22.96,0.1584,6.31,2773.0,78.5
31881,142.9,7.00,22.96,0.1607,6.22,2773.0,78.5
31888,144.9,6.90,22.96,0.1584,6.31,2773.0,78.5
31895,142.9,7.00,22.96,0.1607,6.23,2773.0,78.5
31901,144.9,6.90,22.96,0.1584,6.31,2773.0,78.5
31908,144.9,6.90,22.95,0.1584,6.31,2773.0,78.5
31915,142.9,7.00,22.95,0.1607,6.23,2773.0,78.5
31922,142.9,7.00,22.95,0.1607,6.23,2773.0,78.5
31929,147.1,6.80,22.95,0.1561,6.41,2773.0,78.5
31936,144.9,6.90,22.95,0.1584,6.31,2773.0,78.5
31943,140.8,7.10,22.95,0.1629,6.13,2773.0,78.5
31950,144.9,6.90,22.95,0.1584,6.31,2773.0,78.5
31957,144.9,6.90,22.95,0.1583,6.31,2773.0,78.4
31964,142.9,7.00,22.95,0.1606,6.23,2773.0,78.4
31971,144.9,6.90,22.95,0.1583,6.31,2773.0,78.4
31978,144.9,6.90,22.95,0.1583,6.31,2773.0,78.4
31985,142.9,7.00,22.95,0.1606,6.23,2773.0,78.4
31992,142.9,7.00,22.95,0.1606,6.23,2773.0,78.4
31999,142.9,7.00,22.94,0.1606,6.23,2773.0,78.4
32006,144.9,6.90,22.94,0.1583,6.32,2773.0,78.4
32013,142.9,7.00,22.94,0.1606,6.23,2773.0,78.4
32020,144.9,6.90,22.94,0.1583,6.32,2773.0,78.4
32026,144.9,6.90,22.94,0.1583,6.32,2773.0,78.4
32033,144.9,6.90,22.94,0.1583,6.32,2773.0,78.4
32040,144.9,6.90,22.94,0.1583,6.32,2773.0,78.4
32047,142.9,7.00,22.94,0.1606,6.23,2773.0,78.4
32054,142.9,7.00,22.94,0.1606,6.23,2773.0,78.3
32061,144.9,6.90,22.94,0.1583,6.32,2773.0,78.3
32068,142.9,7.00,22.94,0.1606,6.23,2773.0,78.3
32075,144.9,6.90,22.94,0.1583,6.32,2773.0,78.3
32082,142.9,7.00,22.94,0.1605,6.23,2773.0,78.3
32089,144.9,6.90,22.93,0.1582,6.32,2773.0,78.3
32096,144.9,6.90,22.93,0.1582,6.32,2773.0,78.3
32103,142.9,7.00,22.93,0.1605,6.23,2773.0,78.3
32110,142.9,7.00,22.93,0.1605,6.23,2773.0,78.3
32117,144.9,6.90,22.93,0.1582,6.32,2773.0,78.3
32124,140.8,7.10,22.93,0.1628,6.14,2773.0,78.3
32131,149.3,6.70,22.93,0.1536,6.51,2773.0,78.3
32138,142.9,7.00,22.93,0.1605,6.23,2773.0,78.3
32145,142.9,7.00,22.93,0.1605,6.23,2773.0,78.3
32151,144.9,6.90,22.93,0.1582,6.32,2773.0,78.3
32158,144.9,6.90,22.93,0.1582,6.32,2773.0,78.2
32165,142.9,7.00,22.93,0.1605,6.23,2773.0,78.2
32172,142.9,7.00,22.93,0.1605,6.23,2773.0,78.2
32179,144.9,6.90,22.92,0.1582,6.32,2773.0,78.2
32186,144.9,6.90,22.92,0.1582,6.32,2773.0,78.2
32193,142.9,7.00,22.92,0.1605,6.23,2773.0,78.2
32200,144.9,6.90,22.92,0.1582,6.32,2773.0,78.2
32207,142.9,7.00,22.92,0.1605,6.23,2773.0,78.2
32214,144.9,6.90,22.92,0.1582,6.32,2773.0,78.2
32221,144.9,6.90,22.92,0.1581,6.32,2773.0,78.2
32228,144.9,6.90,22.92,0.1581,6.32,2773.0,78.2
32235,142.9,7.00,22.92,0.1604,6.24,2773.0,78.2
32242,142.9,7.00,22.92,0.1604,6.24,2773.0,78.2
32249,144.9,6.90,22.92,0.1581,6.32,2773.0,78.2
32256,144.9,6.90,22.92,0.1581,6.32,2773.0,78.1
32263,142.9,7.00,22.92,0.1604,6.24,2773.0,78.1
32269,144.9,6.90,22.91,0.1581,6.32,2773.0,78.1
32277,140.8,7.10,22.91,0.1627,6.14,2773.0,78.1
32283,144.9,6.90,22.91,0.1581,6.32,2773.0,78.1
32290,144.9,6.90,22.91,0.1581,6.32,2773.0,78.1
32297,144.9,6.90,22.91,0.1581,6.32,2773.0,78.1
32304,142.9,7.00,22.91,0.1604,6.24,2773.0,78.1
32311,144.9,6.90,22.91,0.1581,6.32,2773.0,78.1
32318,142.9,7.00,22.91,0.1604,6.24,2773.0,78.1
32325,144.9,6.90,22.91,0.1581,6.33,2773.0,78.1
32332,144.9,6.90,22.91,0.1581,6.33,2773.0,78.1
32339,142.9,7.00,22.91,0.1603,6.24,2773.0,78.1
32346,142.9,7.00,22.91,0.1603,6.24,2773.0,78.1
32353,147.1,6.80,22.91,0.1558,6.42,2773.0,78.0
32360,142.9,7.00,22.90,0.1603,6.24,2773.0,78.0
32367,142.9,7.00,22.90,0.1603,6.24,2773.0,78.0
32374,142.9,7.00,22.90,0.1603,6.24,2773.0,78.0
32381,147.1,6.80,22.90,0.1557,6.42,2773.0,78.0
32388,140.8,7.10,22.90,0.1626,6.15,2773.0,78.0
32395,144.9,6.90,22.90,0.1580,6.33,2773.0,78.0
32401,147.1,6.80,22.90,0.1557,6.42,2773.0,78.0
32408,142.9,7.00,22.90,0.1603,6.24,2773.0,78.0
32415,142.9,7.00,22.90,0.1603,6.24,2773.0,78.0
32422,144.9,6.90,22.90,0.1580,6.33,2773.0,78.0
32429,144.9,6.90,22.89,0.1580,6.33,2773.0,78.0
32436,142.9,7.00,22.89,0.1602,6.24,2773.0,78.0
32443,144.9,6.90,22.89,0.1579,6.33,2773.0,78.0
32450,142.9,7.00,22.89,0.1602,6.24,2773.0,78.0
32457,142.9,7.00,22.89,0.1602,6.24,2773.0,78.1
32464,144.9,6.90,22.88,0.1579,6.33,2773.0,78.1
32471,142.9,7.00,22.88,0.1602,6.24,2773.0,78.1
32478,144.9,6.90,22.88,0.1579,6.33,2773.0,78.1
32485,144.9,6.90,22.88,0.1579,6.33,2773.0,78.1
32492,142.9,7.00,22.88,0.1601,6.25,2773.0,78.1
32499,142.9,7.00,22.88,0.1601,6.25,2773.0,78.1
32506,144.9,6.90,22.87,0.1578,6.33,2773.0,78.1
32513,144.9,6.90,22.87,0.1578,6.34,2773.0,78.1
32519,144.9,6.90,22.87,0.1578,6.34,2773.0,78.1
32526,142.9,7.00,22.87,0.1601,6.25,2773.0,78.1
32533,142.9,7.00,22.87,0.1601,6.25,2773.0,78.1
32540,144.9,6.90,22.87,0.1578,6.34,2773.0,78.1
32547,144.9,6.90,22.86,0.1578,6.34,2773.0,78.1
32554,142.9,7.00,22.86,0.1600,6.25,2773.0,78.2
32561,144.9,6.90,22.86,0.1577,6.34,2773.0,78.2
32568,144.9,6.90,22.86,0.1577,6.34,2773.0,78.2
32575,142.9,7.00,22.86,0.1600,6.25,2773.0,78.2
32582,142.9,7.00,22.85,0.1600,6.25,2773.0,78.2
32589,144.9,6.90,22.85,0.1577,6.34,2773.0,78.2
32596,142.9,7.00,22.85,0.1600,6.25,2773.0,78.2
32603,144.9,6.90,22.85,0.1577,6.34,2773.0,78.2
32610,144.9,6.90,22.85,0.1577,6.34,2773.0,78.2
32617,144.9,6.90,22.85,0.1576,6.34,2773.0,78.2
32624,142.9,7.00,22.84,0.1599,6.26,2773.0,78.2
32631,142.9,7.00,22.84,0.1599,6.26,2773.0,78.2
32638,144.9,6.90,22.84,0.1576,6.34,2773.0,78.2
32645,142.9,7.00,22.84,0.1599,6.26,2773.0,78.2
32651,144.9,6.90,22.84,0.1576,6.34,2773.0,78.2
32658,144.9,6.90,22.84,0.1576,6.35,2773.0,78.3
32665,142.9,7.00,22.83,0.1598,6.26,2773.0,78.3
32672,144.9,6.90,22.83,0.1575,6.35,2773.0,78.3
32679,142.9,7.00,22.83,0.1598,6.26,2773.0,78.3
32686,144.9,6.90,22.83,0.1575,6.35,2773.0,78.3
32693,142.9,7.00,22.83,0.1598,6.26,2773.0,78.3
32700,144.9,6.90,22.83,0.1575,6.35,2773.0,78.3
32707,144.9,6.90,22.82,0.1575,6.35,2773.0,78.3
32714,142.9,7.00,22.82,0.1598,6.26,2773.0,78.3
32721,144.9,6.90,22.82,0.1575,6.35,2773.0,78.3
32728,142.9,7.00,22.82,0.1597,6.26,2773.0,78.3
32735,144.9,6.90,22.82,0.1574,6.35,2773.0,78.3
32742,142.9,7.00,22.81,0.1597,6.26,2773.0,78.3
32749,142.9,7.00,22.81,0.1597,6.26,2773.0,78.3
32756,147.1,6.80,22.81,0.1551,6.45,2773.0,78.4
32763,142.9,7.00,22.81,0.1597,6.26,2773.0,78.4
32770,142.9,7.00,22.81,0.1597,6.27,2773.0,78.4
32776,144.9,6.90,22.81,0.1574,6.35,2773.0,78.4
32783,144.9,6.90,22.80,0.1574,6.35,2773.0,78.4
32790,142.9,7.00,22.80,0.1596,6.27,2773.0,78.4
32797,142.9,7.00,22.80,0.1596,6.27,2773.0,78.4
32804,144.9,6.90,22.80,0.1573,6.36,2773.0,78.4
32811,144.9,6.90,22.80,0.1573,6.36,2773.0,78.4
32818,144.9,6.90,22.80,0.1573,6.36,2773.0,78.4
32825,142.9,7.00,22.79,0.1596,6.27,2773.0,78.4
32832,144.9,6.90,22.79,0.1573,6.36,2773.0,78.4
32839,142.9,7.00,22.79,0.1595,6.27,2773.0,78.4
32846,144.9,6.90,22.79,0.1572,6.36,2773.0,78.4
32853,142.9,7.00,22.79,0.1595,6.27,2773.0,78.5
32860,144.9,6.90,22.79,0.1572,6.36,2773.0,78.5
32867,142.9,7.00,22.78,0.1595,6.27,2773.0,78.5
32874,144.9,6.90,22.78,0.1572,6.36,2773.0,78.5
32881,142.9,7.00,22.78,0.1595,6.27,2773.0,78.5
32888,142.9,7.00,22.78,0.1594,6.27,2773.0,78.5
32894,147.1,6.80,22.78,0.1549,6.46,2773.0,78.5
32901,142.9,7.00,22.78,0.1594,6.27,2773.0,78.5
32908,144.9,6.90,22.77,0.1571,6.36,2773.0,78.5
32915,142.9,7.00,22.77,0.1594,6.28,2773.0,78.5
32922,144.9,6.90,22.77,0.1571,6.36,2773.0,78.5
32929,142.9,7.00,22.77,0.1594,6.28,2773.0,78.5
32936,147.1,6.80,22.77,0.1548,6.46,2773.0,78.5
32943,142.9,7.00,22.76,0.1594,6.28,2773.0,78.5
32950,142.9,7.00,22.76,0.1593,6.28,2773.0,78.5
32957,144.9,6.90,22.76,0.1571,6.37,2773.0,78.6
32964,142.9,7.00,22.76,0.1593,6.28,2773.0,78.6
32971,142.9,7.00,22.76,0.1593,6.28,2773.0,78.6
32978,147.1,6.80,22.76,0.1547,6.46,2773.0,78.6
32985,142.9,7.00,22.75,0.1593,6.28,2773.0,78.6
32992,142.9,7.00,22.75,0.1593,6.28,2773.0,78.6
32999,144.9,6.90,22.75,0.1570,6.37,2773.0,78.6
33006,142.9,7.00,22.75,0.1592,6.28,2773.0,78.6
33013,144.9,6.90,22.75,0.1570,6.37,2773.0,78.6
33019,144.9,6.90,22.75,0.1569,6.37,2773.0,78.6
33026,142.9,7.00,22.74,0.1592,6.28,2773.0,78.6
33033,144.9,6.90,22.74,0.1569,6.37,2773.0,78.6
33040,142.9,7.00,22.74,0.1592,6.28,2773.0,78.6
33047,144.9,6.90,22.74,0.1569,6.37,2773.0,78.6
33054,142.9,7.00,22.74,0.1592,6.28,2773.0,78.7
33061,144.9,6.90,22.74,0.1569,6.37,2773.0,78.7
33068,144.9,6.90,22.73,0.1569,6.37,2773.0,78.7
33075,142.9,7.00,22.73,0.1591,6.29,2773.0,78.7
33082,142.9,7.00,22.73,0.1591,6.29,2773.0,78.7
33089,147.1,6.80,22.73,0.1546,6.47,2773.0,78.7
33096,142.9,7.00,22.73,0.1591,6.29,2773.0,78.7
33103,142.9,7.00,22.72,0.1591,6.29,2773.0,78.7
33110,144.9,6.90,22.72,0.1568,6.38,2773.0,78.7
33117,142.9,7.00,22.72,0.1590,6.29,2773.0,78.7
33124,144.9,6.90,22.72,0.1568,6.38,2773.0,78.7
33131,142.9,7.00,22.72,0.1590,6.29,2773.0,78.7
33138,144.9,6.90,22.72,0.1567,6.38,2773.0,78.7
33145,142.9,7.00,22.71,0.1590,6.29,2773.0,78.7
33151,147.1,6.80,22.71,0.1544,6.48,2773.0,78.7
33158,142.9,7.00,22.71,0.1590,6.29,2773.0,78.8
33165,142.9,7.00,22.71,0.1590,6.29,2773.0,78.8
33172,142.9,7.00,22.71,0.1590,6.29,2773.0,78.8
33179,144.9,6.90,22.71,0.1567,6.38,2773.0,78.8
33186,144.9,6.90,22.70,0.1567,6.38,2773.0,78.8
33193,142.9,7.00,22.70,0.1589,6.29,2773.0,78.8
33200,144.9,6.90,22.70,0.1566,6.38,2773.0,78.8
33207,142.9,7.00,22.70,0.1589,6.30,2773.0,78.8
33214,147.1,6.80,22.70,0.1543,6.48,2773.0,78.8
33221,142.9,7.00,22.70,0.1589,6.30,2773.0,78.8
33228,142.9,7.00,22.69,0.1589,6.30,2773.0,78.8
33235,144.9,6.90,22.69,0.1566,6.39,2773.0,78.8
33242,144.9,6.90,22.69,0.1566,6.39,2773.0,78.8
33249,142.9,7.00,22.69,0.1588,6.30,2773.0,78.8
33256,142.9,7.00,22.69,0.1588,6.30,2773.0,78.9
33262,147.1,6.80,22.68,0.1543,6.48,2773.0,78.9
33269,142.9,7.00,22.68,0.1588,6.30,2773.0,78.9
33276,142.9,7.00,22.68,0.1588,6.30,2773.0,78.9
33283,147.1,6.80,22.68,0.1542,6.49,2773.0,78.9
33290,142.9,7.00,22.68,0.1587,6.30,2773.0,78.9
33297,142.9,7.00,22.68,0.1587,6.30,2773.0,78.9
33304,144.9,6.90,22.67,0.1565,6.39,2773.0,78.9
33311,142.9,7.00,22.67,0.1587,6.30,2773.0,78.9
33318,142.9,7.00,22.67,0.1587,6.30,2773.0,78.9
33325,144.9,6.90,22.67,0.1564,6.39,2773.0,78.9
33332,144.9,6.90,22.67,0.1564,6.39,2773.0,78.9
33339,142.9,7.00,22.67,0.1587,6.30,2773.0,78.9
33346,142.9,7.00,22.66,0.1586,6.31,2773.0,78.9
33353,147.1,6.80,22.66,0.1541,6.49,2773.0,79.0
33360,142.9,7.00,22.66,0.1586,6.31,2773.0,79.0
33367,142.9,7.00,22.66,0.1586,6.31,2773.0,79.0
33374,144.9,6.90,22.66,0.1563,6.40,2773.0,79.0
33381,142.9,7.00,22.66,0.1586,6.31,2773.0,79.0
33388,144.9,6.90,22.65,0.1563,6.40,2773.0,79.0
33395,142.9,7.00,22.65,0.1586,6.31,2773.0,79.0
33401,144.9,6.90,22.65,0.1563,6.40,2773.0,79.0
33408,142.9,7.00,22.65,0.1586,6.31,2773.0,79.0
33415,144.9,6.90,22.65,0.1563,6.40,2773.0,79.0
33422,147.1,6.80,22.65,0.1540,6.49,2773.0,79.0
33429,140.8,7.10,22.65,0.1608,6.22,2773.0,79.0
33436,144.9,6.90,22.65,0.1563,6.40,2773.0,79.0
33443,144.9,6.90,22.65,0.1563,6.40,2773.0,79.0
33450,144.9,6.90,22.65,0.1563,6.40,2773.0,79.0
33457,142.9,7.00,22.65,0.1586,6.31,2773.0,78.9
33464,142.9,7.00,22.65,0.1586,6.31,2773.0,78.9
33471,147.1,6.80,22.65,0.1540,6.49,2773.0,78.9
33478,140.8,7.10,22.65,0.1608,6.22,2773.0,78.9
33485,144.9,6.90,22.65,0.1563,6.40,2773.0,78.9
33492,144.9,6.90,22.65,0.1563,6.40,2773.0,78.9
33499,142.9,7.00,22.65,0.1586,6.31,2773.0,78.9
33506,144.9,6.90,22.66,0.1563,6.40,2773.0,78.9
33513,142.9,7.00,22.66,0.1586,6.31,2773.0,78.9
33520,142.9,7.00,22.66,0.1586,6.31,2773.0,78.9
33526,144.9,6.90,22.66,0.1563,6.40,2773.0,78.9
33533,144.9,6.90,22.66,0.1563,6.40,2773.0,78.9
33540,142.9,7.00,22.66,0.1586,6.31,2773.0,78.9
33547,144.9,6.90,22.66,0.1563,6.40,2773.0,78.9
33554,142.9,7.00,22.66,0.1586,6.31,2773.0,78.8
33561,144.9,6.90,22.66,0.1563,6.40,2773.0,78.8
33568,142.9,7.00,22.66,0.1586,6.31,2773.0,78.8
33575,144.9,6.90,22.66,0.1563,6.39,2773.0,78.8
33582,144.9,6.90,22.66,0.1563,6.39,2773.0,78.8
33589,144.9,6.90,22.66,0.1563,6.39,2773.0,78.8
33596,140.8,7.10,22.66,0.1609,6.21,2773.0,78.8
33603,144.9,6.90,22.66,0.1564,6.39,2773.0,78.8
33610,142.9,7.00,22.66,0.1586,6.31,2773.0,78.8
33617,147.1,6.80,22.66,0.1541,6.49,2773.0,78.8
33624,142.9,7.00,22.66,0.1586,6.31,2773.0,78.8
33631,142.9,7.00,22.66,0.1586,6.31,2773.0,78.8
33638,144.9,6.90,22.66,0.1564,6.39,2773.0,78.8
33644,144.9,6.90,22.66,0.1564,6.39,2773.0,78.8
33651,142.9,7.00,22.66,0.1586,6.31,2773.0,78.8
33658,144.9,6.90,22.66,0.1564,6.39,2773.0,78.7
33665,144.9,6.90,22.66,0.1564,6.39,2773.0,78.7
33672,142.9,7.00,22.66,0.1586,6.31,2773.0,78.7
33679,142.9,7.00,22.66,0.1586,6.31,2773.0,78.7
33686,144.9,6.90,22.66,0.1564,6.39,2773.0,78.7
33693,144.9,6.90,22.66,0.1564,6.39,2773.0,78.7
33700,142.9,7.00,22.66,0.1587,6.30,2773.0,78.7
33707,142.9,7.00,22.67,0.1587,6.30,2773.0,78.7
33714,144.9,6.90,22.67,0.1564,6.39,2773.0,78.7
33721,144.9,6.90,22.67,0.1564,6.39,2773.0,78.7
33728,144.9,6.90,22.67,0.1564,6.39,2773.0,78.7
33735,142.9,7.00,22.67,0.1587,6.30,2773.0,78.7
33742,144.9,6.90,22.67,0.1564,6.39,2773.0,78.7
33749,142.9,7.00,22.67,0.1587,6.30,2773.0,78.7
33756,142.9,7.00,22.67,0.1587,6.30,2773.0,78.6
33763,144.9,6.90,22.67,0.1564,6.39,2773.0,78.6
33769,144.9,6.90,22.67,0.1564,6.39,2773.0,78.6
33776,144.9,6.90,22.67,0.1564,6.39,2773.0,78.6
33783,140.8,7.10,22.67,0.1610,6.21,2773.0,78.6
33790,144.9,6.90,22.67,0.1564,6.39,2773.0,78.6
33797,147.1,6.80,22.67,0.1542,6.49,2773.0,78.6
33804,140.8,7.10,22.67,0.1610,6.21,2773.0,78.6
33811,144.9,6.90,22.67,0.1564,6.39,2773.0,78.6
33818,144.9,6.90,22.67,0.1564,6.39,2773.0,78.6
33825,142.9,7.00,22.67,0.1587,6.30,2773.0,78.6
33832,142.9,7.00,22.67,0.1587,6.30,2773.0,78.6
33839,147.1,6.80,22.67,0.1542,6.49,2773.0,78.6
33846,142.9,7.00,22.67,0.1587,6.30,2773.0,78.6
33853,144.9,6.90,22.67,0.1564,6.39,2773.0,78.5
33860,142.9,7.00,22.67,0.1587,6.30,2773.0,78.5
33867,142.9,7.00,22.67,0.1587,6.30,2773.0,78.5
33874,147.1,6.80,22.67,0.1542,6.49,2773.0,78.5
33881,142.9,7.00,22.67,0.1587,6.30,2773.0,78.5
33888,142.9,7.00,22.67,0.1587,6.30,2773.0,78.5
33894,144.9,6.90,22.67,0.1565,6.39,2773.0,78.5
33901,144.9,6.90,22.67,0.1565,6.39,2773.0,78.5
33908,142.9,7.00,22.68,0.1587,6.30,2773.0,78.5
33915,144.9,6.90,22.68,0.1565,6.39,2773.0,78.5
33922,142.9,7.00,22.68,0.1587,6.30,2773.0,78.5
33929,144.9,6.90,22.68,0.1565,6.39,2773.0,78.5
33936,142.9,7.00,22.68,0.1587,6.30,2773.0,78.5
33943,144.9,6.90,22.68,0.1565,6.39,2773.0,78.5
33950,144.9,6.90,22.68,0.1565,6.39,2773.0,78.5
33957,142.9,7.00,22.68,0.1587,6.30,2773.0,78.4
33964,142.9,7.00,22.68,0.1587,6.30,2773.0,78.4
33971,144.9,6.90,22.68,0.1565,6.39,2773.0,78.4
33978,142.9,7.00,22.68,0.1588,6.30,2773.0,78.4
33985,144.9,6.90,22.68,0.1565,6.39,2773.0,78.4
33992,142.9,7.00,22.68,0.1588,6.30,2773.0,78.4
33999,144.9,6.90,22.68,0.1565,6.39,2773.0,78.4
34006,144.9,6.90,22.68,0.1565,6.39,2773.0,78.4
34013,142.9,7.00,22.68,0.1588,6.30,2773.0,78.4
34020,142.9,7.00,22.68,0.1588,6.30,2773.0,78.4
34026,144.9,6.90,22.68,0.1565,6.39,2773.0,78.4
34033,142.9,7.00,22.68,0.1588,6.30,2773.0,78.4
34040,144.9,6.90,22.68,0.1565,6.39,2773.0,78.4
34047,144.9,6.90,22.68,0.1565,6.39,2773.0,78.4
34054,142.9,7.00,22.68,0.1588,6.30,2773.0,78.3
34061,144.9,6.90,22.68,0.1565,6.39,2773.0,78.3
34068,144.9,6.90,22.68,0.1565,6.39,2773.0,78.3
34075,142.9,7.00,22.68,0.1588,6.30,2773.0,78.3
34082,144.9,6.90,22.68,0.1565,6.39,2773.0,78.3
34089,142.9,7.00,22.68,0.1588,6.30,2773.0,78.3
34096,144.9,6.90,22.68,0.1565,6.39,2773.0,78.3
34103,144.9,6.90,22.69,0.1565,6.39,2773.0,78.3
34110,142.9,7.00,22.69,0.1588,6.30,2773.0,78.3
34117,144.9,6.90,22.69,0.1565,6.39,2773.0,78.3
34124,142.9,7.00,22.69,0.1588,6.30,2773.0,78.3
34131,144.9,6.90,22.69,0.1565,6.39,2773.0,78.3
34138,142.9,7.00,22.69,0.1588,6.30,2773.0,78.3
34144,147.1,6.80,22.69,0.1543,6.48,2773.0,78.3
34151,140.8,7.10,22.69,0.1611,6.21,2773.0,78.3
34158,144.9,6.90,22.69,0.1565,6.39,2773.0,78.2
34165,142.9,7.00,22.69,0.1588,6.30,2773.0,78.2
34172,144.9,6.90,22.69,0.1566,6.39,2773.0,78.2
34179,144.9,6.90,22.69,0.1566,6.39,2773.0,78.2
34186,142.9,7.00,22.69,0.1588,6.30,2773.0,78.2
34193,142.9,7.00,22.69,0.1588,6.30,2773.0,78.2
34200,144.9,6.90,22.69,0.1566,6.39,2773.0,78.2
34207,144.9,6.90,22.69,0.1566,6.39,2773.0,78.2
34214,142.9,7.00,22.69,0.1588,6.30,2773.0,78.2
34221,144.9,6.90,22.69,0.1566,6.39,2773.0,78.2
34228,142.9,7.00,22.69,0.1588,6.30,2773.0,78.2
34235,144.9,6.90,22.69,0.1566,6.39,2773.0,78.2
34242,144.9,6.90,22.69,0.1566,6.39,2773.0,78.2
34249,142.9,7.00,22.69,0.1588,6.30,2773.0,78.2
34256,144.9,6.90,22.69,0.1566,6.39,2773.0,78.1
34262,144.9,6.90,22.69,0.1566,6.39,2773.0,78.1
34269,142.9,7.00,22.69,0.1589,6.30,2773.0,78.1
34276,142.9,7.00,22.69,0.1589,6.30,2773.0,78.1
34283,144.9,6.90,22.69,0.1566,6.38,2773.0,78.1
34290,142.9,7.00,22.69,0.1589,6.30,2773.0,78.1
34297,144.9,6.90,22.69,0.1566,6.38,2773.0,78.1
34304,144.9,6.90,22.70,0.1566,6.38,2773.0,78.1
34311,144.9,6.90,22.70,0.1566,6.38,2773.0,78.1
34318,140.8,7.10,22.70,0.1611,6.20,2773.0,78.1
34325,144.9,6.90,22.70,0.1566,6.38,2773.0,78.1
34332,144.9,6.90,22.70,0.1566,6.38,2773.0,78.1
34339,144.9,6.90,22.70,0.1566,6.38,2773.0,78.1
34346,142.9,7.00,22.70,0.1589,6.30,2773.0,78.1
34353,144.9,6.90,22.70,0.1566,6.38,2773.0,78.0
34360,142.9,7.00,22.70,0.1589,6.30,2773.0,78.0
34367,144.9,6.90,22.70,0.1566,6.38,2773.0,78.0
34374,142.9,7.00,22.70,0.1589,6.30,2773.0,78.0
34381,142.9,7.00,22.70,0.1589,6.30,2773.0,78.0
34388,144.9,6.90,22.70,0.1566,6.38,2773.0,78.0
34394,144.9,6.90,22.70,0.1566,6.38,2773.0,78.0
34401,144.9,6.90,22.70,0.1566,6.38,2773.0,78.0
34408,144.9,6.90,22.70,0.1566,6.38,2773.0,78.0
34415,142.9,7.00,22.70,0.1589,6.30,2773.0,78.0
34422,140.8,7.10,22.70,0.1611,6.20,2773.0,78.0
34429,144.9,6.90,22.70,0.1566,6.38,2773.0,78.0
34436,147.1,6.80,22.69,0.1543,6.48,2773.0,78.0
34443,142.9,7.00,22.69,0.1589,6.30,2773.0,78.0
34450,142.9,7.00,22.69,0.1588,6.30,2773.0,78.0
34457,144.9,6.90,22.69,0.1566,6.39,2773.0,78.0
34464,142.9,7.00,22.69,0.1588,6.30,2773.0,78.0
34471,144.9,6.90,22.69,0.1565,6.39,2773.0,78.0
34478,142.9,7.00,22.69,0.1588,6.30,2773.0,78.0
34485,144.9,6.90,22.69,0.1565,6.39,2773.0,78.0
34492,142.9,7.00,22.68,0.1588,6.30,2773.0,78.0
34499,144.9,6.90,22.68,0.1565,6.39,2773.0,78.0
34506,144.9,6.90,22.68,0.1565,6.39,2773.0,78.0
34512,144.9,6.90,22.68,0.1565,6.39,2773.0,78.0
34519,142.9,7.00,22.68,0.1588,6.30,2773.0,78.0
34526,142.9,7.00,22.68,0.1588,6.30,2773.0,78.0
34533,144.9,6.90,22.68,0.1565,6.39,2773.0,78.0
34540,142.9,7.00,22.68,0.1587,6.30,2773.0,78.0
34547,147.1,6.80,22.68,0.1542,6.49,2773.0,78.0
34554,142.9,7.00,22.67,0.1587,6.30,2773.0,78.0
34561,142.9,7.00,22.67,0.1587,6.30,2773.0,78.0
34568,142.9,7.00,22.67,0.1587,6.30,2773.0,78.0
34575,144.9,6.90,22.67,0.1564,6.39,2773.0,78.0
34582,142.9,7.00,22.67,0.1587,6.30,2773.0,78.0
34589,144.9,6.90,22.67,0.1564,6.39,2773.0,78.0
34596,144.9,6.90,22.67,0.1564,6.39,2773.0,78.0
34603,142.9,7.00,22.67,0.1587,6.30,2773.0,78.0
34610,144.9,6.90,22.66,0.1564,6.39,2773.0,78.0
34617,142.9,7.00,22.66,0.1586,6.31,2773.0,78.0
34624,144.9,6.90,22.66,0.1564,6.39,2773.0,78.0
34631,144.9,6.90,22.66,0.1564,6.39,2773.0,78.0
34638,142.9,7.00,22.66,0.1586,6.31,2773.0,78.0
34644,144.9,6.90,22.66,0.1563,6.39,2773.0,78.0
34651,142.9,7.00,22.66,0.1586,6.31,2773.0,78.0
34658,144.9,6.90,22.66,0.1563,6.40,2773.0,78.0
34665,144.9,6.90,22.66,0.1563,6.40,2773.0,78.0
34672,142.9,7.00,22.65,0.1586,6.31,2773.0,78.0
34679,142.9,7.00,22.65,0.1586,6.31,2773.0,78.0
34686,144.9,6.90,22.65,0.1563,6.40,2773.0,78.0
34693,142.9,7.00,22.65,0.1586,6.31,2773.0,78.0
34700,147.1,6.80,22.65,0.1540,6.49,2773.0,78.0
34707,142.9,7.00,22.65,0.1585,6.31,2773.0,78.0
34714,142.9,7.00,22.65,0.1585,6.31,2773.0,78.0
34721,144.9,6.90,22.65,0.1563,6.40,2773.0,78.0
34728,144.9,6.90,22.64,0.1562,6.40,2773.0,78.0
34735,142.9,7.00,22.64,0.1585,6.31,2773.0,78.0
34742,144.9,6.90,22.64,0.1562,6.40,2773.0,78.0
34749,142.9,7.00,22.64,0.1585,6.31,2773.0,78.0
34756,144.9,6.90,22.64,0.1562,6.40,2773.0,78.0
34763,142.9,7.00,22.64,0.1585,6.31,2773.0,78.0
34769,144.9,6.90,22.64,0.1562,6.40,2773.0,78.0
34776,144.9,6.90,22.64,0.1562,6.40,2773.0,78.0
34783,142.9,7.00,22.64,0.1584,6.31,2773.0,78.0
34790,142.9,7.00,22.63,0.1584,6.31,2773.0,78.0
34797,144.9,6.90,22.63,0.1562,6.40,2773.0,78.0
34804,144.9,6.90,22.63,0.1562,6.40,2773.0,78.0
34811,142.9,7.00,22.63,0.1584,6.31,2773.0,78.0
34818,144.9,6.90,22.63,0.1561,6.40,2773.0,78.0
34825,144.9,6.90,22.63,0.1561,6.40,2773.0,78.0
34832,142.9,7.00,22.63,0.1584,6.32,2773.0,78.0
34839,142.9,7.00,22.63,0.1584,6.32,2773.0,78.0
34846,144.9,6.90,22.62,0.1561,6.40,2773.0,78.0
34853,144.9,6.90,22.62,0.1561,6.40,2773.0,78.0
34860,142.9,7.00,22.62,0.1584,6.32,2773.0,78.0
34867,144.9,6.90,22.62,0.1561,6.41,2773.0,78.0
34874,142.9,7.00,22.62,0.1583,6.32,2773.0,78.0
34881,144.9,6.90,22.62,0.1561,6.41,2773.0,78.0
34887,144.9,6.90,22.62,0.1561,6.41,2773.0,78.0
34894,142.9,7.00,22.62,0.1583,6.32,2773.0,78.0
34901,142.9,7.00,22.62,0.1583,6.32,2773.0,78.0
34908,144.9,6.90,22.61,0.1560,6.41,2773.0,78.0
34915,144.9,6.90,22.61,0.1560,6.41,2773.0,78.0
34922,142.9,7.00,22.61,0.1583,6.32,2773.0,78.0
34929,142.9,7.00,22.61,0.1583,6.32,2773.0,78.0
34936,144.9,6.90,22.61,0.1560,6.41,2773.0,78.0
34943,147.1,6.80,22.61,0.1537,6.51,2773.0,78.0
34950,140.8,7.10,22.61,0.1605,6.23,2773.0,78.0
34957,144.9,6.90,22.61,0.1560,6.41,2773.0,78.0
34964,144.9,6.90,22.60,0.1560,6.41,2773.0,78.0
34971,144.9,6.90,22.60,0.1560,6.41,2773.0,78.0
34978,142.9,7.00,22.60,0.1582,6.32,2773.0,78.0
34985,144.9,6.90,22.60,0.1559,6.41,2773.0,78.0
34992,142.9,7.00,22.60,0.1582,6.32,2773.0,78.0
34999,144.9,6.90,22.60,0.1559,6.41,2773.0,78.0
35006,142.9,7.00,22.60,0.1582,6.32,2773.0,78.0
35012,144.9,6.90,22.60,0.1559,6.41,2773.0,78.0
35019,144.9,6.90,22.60,0.1559,6.41,2773.0,78.0
35026,142.9,7.00,22.59,0.1582,6.32,2773.0,78.0
35033,144.9,6.90,22.59,0.1559,6.41,2773.0,78.0
35040,142.9,7.00,22.59,0.1581,6.33,2773.0,78.0
35047,142.9,7.00,22.59,0.1581,6.33,2773.0,78.0
35054,142.9,7.00,22.59,0.1581,6.33,2773.0,78.0
35061,144.9,6.90,22.59,0.1559,6.41,2773.0,78.0
35068,144.9,6.90,22.59,0.1558,6.42,2773.0,78.0
35075,142.9,7.00,22.59,0.1581,6.33,2773.0,78.0
35082,144.9,6.90,22.58,0.1558,6.42,2773.0,78.0
35089,144.9,6.90,22.58,0.1558,6.42,2773.0,78.0
35096,144.9,6.90,22.58,0.1558,6.42,2773.0,78.0
35103,140.8,7.10,22.58,0.1603,6.24,2773.0,78.0
35110,144.9,6.90,22.58,0.1558,6.42,2773.0,78.0
35117,144.9,6.90,22.58,0.1558,6.42,2773.0,78.0
35124,142.9,7.00,22.58,0.1580,6.33,2773.0,78.0
35131,142.9,7.00,22.58,0.1580,6.33,2773.0,78.0
35137,147.1,6.80,22.58,0.1535,6.52,2773.0,78.0
35144,142.9,7.00,22.57,0.1580,6.33,2773.0,78.0
35151,144.9,6.90,22.57,0.1558,6.42,2773.0,78.0
35158,142.9,7.00,22.57,0.1580,6.33,2773.0,78.0
35165,144.9,6.90,22.57,0.1557,6.42,2773.0,78.0
35172,142.9,7.00,22.57,0.1580,6.33,2773.0,78.0
35179,142.9,7.00,22.57,0.1580,6.33,2773.0,78.0
35186,144.9,6.90,22.57,0.1557,6.42,2773.0,78.0
35193,144.9,6.90,22.57,0.1557,6.42,2773.0,78.0
35200,142.9,7.00,22.56,0.1580,6.33,2773.0,78.0
35207,142.9,7.00,22.56,0.1579,6.33,2773.0,78.0
35214,144.9,6.90,22.56,0.1557,6.42,2773.0,78.0
35221,144.9,6.90,22.56,0.1557,6.42,2773.0,78.0
35228,142.9,7.00,22.56,0.1579,6.33,2773.0,78.0
35235,144.9,6.90,22.56,0.1557,6.42,2773.0,78.0
35242,144.9,6.90,22.56,0.1556,6.42,2773.0,78.0
35249,142.9,7.00,22.56,0.1579,6.34,2773.0,78.0
35256,142.9,7.00,22.55,0.1579,6.34,2773.0,78.0
35262,147.1,6.80,22.55,0.1534,6.52,2773.0,78.0
35269,144.9,6.90,22.55,0.1556,6.42,2773.0,78.0
35276,140.8,7.10,22.55,0.1601,6.24,2773.0,78.0
35283,144.9,6.90,22.55,0.1556,6.43,2773.0,78.0
35290,142.9,7.00,22.55,0.1578,6.34,2773.0,78.0
35297,144.9,6.90,22.55,0.1556,6.43,2773.0,78.0
35304,142.9,7.00,22.55,0.1578,6.34,2773.0,78.0
35311,147.1,6.80,22.55,0.1533,6.52,2773.0,78.0
35318,142.9,7.00,22.54,0.1578,6.34,2773.0,78.0
35325,142.9,7.00,22.54,0.1578,6.34,2773.0,78.0
35332,144.9,6.90,22.54,0.1555,6.43,2773.0,78.0
35339,147.1,6.80,22.54,0.1533,6.53,2773.0,78.0
35346,140.8,7.10,22.54,0.1600,6.25,2773.0,78.0
35353,142.9,7.00,22.54,0.1578,6.34,2773.0,78.0
35360,144.9,6.90,22.54,0.1555,6.43,2773.0,78.0
35367,142.9,7.00,22.54,0.1578,6.34,2773.0,78.0
35374,144.9,6.90,22.53,0.1555,6.43,2773.0,78.0
35381,144.9,6.90,22.53,0.1555,6.43,2773.0,78.0
35387,144.9,6.90,22.53,0.1555,6.43,2773.0,78.0
35394,142.9,7.00,22.53,0.1577,6.34,2773.0,78.0
35401,144.9,6.90,22.53,0.1555,6.43,2773.0,78.0
35408,142.9,7.00,22.53,0.1577,6.34,2773.0,78.0
35415,144.9,6.90,22.53,0.1554,6.43,2773.0,78.0
35422,142.9,7.00,22.52,0.1577,6.34,2773.0,78.0
35429,144.9,6.90,22.52,0.1554,6.43,2773.0,78.0
35436,142.9,7.00,22.52,0.1576,6.35,2773.0,78.0
35443,144.9,6.90,22.52,0.1554,6.43,2773.0,78.0
35450,144.9,6.90,22.52,0.1554,6.44,2773.0,78.0
35457,142.9,7.00,22.51,0.1576,6.35,2773.0,78.0
35464,144.9,6.90,22.51,0.1553,6.44,2773.0,78.0
35471,142.9,7.00,22.51,0.1576,6.35,2773.0,78.0
35478,144.9,6.90,22.51,0.1553,6.44,2773.0,78.0
35485,144.9,6.90,22.51,0.1553,6.44,2773.0,78.0
35492,144.9,6.90,22.50,0.1553,6.44,2773.0,78.0
35499,140.8,7.10,22.50,0.1598,6.26,2773.0,78.0
35506,144.9,6.90,22.50,0.1552,6.44,2773.0,78.0
35512,144.9,6.90,22.50,0.1552,6.44,2773.0,78.0
35519,142.9,7.00,22.50,0.1575,6.35,2773.0,78.0
35526,142.9,7.00,22.49,0.1575,6.35,2773.0,78.0
35533,144.9,6.90,22.49,0.1552,6.44,2773.0,78.0
35540,142.9,7.00,22.49,0.1574,6.35,2773.0,78.0
35547,144.9,6.90,22.49,0.1552,6.44,2773.0,78.0
35554,144.9,6.90,22.49,0.1552,6.44,2773.0,78.0
35561,144.9,6.90,22.48,0.1551,6.44,2773.0,78.0
35568,142.9,7.00,22.48,0.1574,6.36,2773.0,78.0
35575,144.9,6.90,22.48,0.1551,6.45,2773.0,78.0
35582,142.9,7.00,22.48,0.1573,6.36,2773.0,78.0
35589,144.9,6.90,22.48,0.1551,6.45,2773.0,78.0
35596,144.9,6.90,22.47,0.1551,6.45,2773.0,78.0
35603,142.9,7.00,22.47,0.1573,6.36,2773.0,78.0
35610,144.9,6.90,22.47,0.1550,6.45,2773.0,78.0
35617,142.9,7.00,22.47,0.1573,6.36,2773.0,78.0
35624,144.9,6.90,22.47,0.1550,6.45,2773.0,78.0
35631,142.9,7.00,22.46,0.1572,6.36,2773.0,78.0
35637,144.9,6.90,22.46,0.1550,6.45,2773.0,78.0
35644,142.9,7.00,22.46,0.1572,6.36,2773.0,78.0
35651,144.9,6.90,22.46,0.1550,6.45,2773.0,78.0
35658,144.9,6.90,22.46,0.1549,6.45,2773.0,78.0
35665,140.8,7.10,22.45,0.1594,6.27,2773.0,78.0
35672,144.9,6.90,22.45,0.1549,6.45,2773.0,78.0
35679,144.9,6.90,22.45,0.1549,6.45,2773.0,78.0
35686,142.9,7.00,22.45,0.1571,6.37,2773.0,78.0
35693,144.9,6.90,22.45,0.1549,6.46,2773.0,78.0
35700,144.9,6.90,22.44,0.1549,6.46,2773.0,78.0
35707,142.9,7.00,22.44,0.1571,6.37,2773.0,78.0
35714,144.9,6.90,22.44,0.1548,6.46,2773.0,78.0
35721,144.9,6.90,22.44,0.1548,6.46,2773.0,78.0
35728,142.9,7.00,22.44,0.1570,6.37,2773.0,78.0
35735,142.9,7.00,22.43,0.1570,6.37,2773.0,78.0
35742,144.9,6.90,22.43,0.1548,6.46,2773.0,78.0
35749,144.9,6.90,22.43,0.1548,6.46,2773.0,78.0
35756,142.9,7.00,22.43,0.1570,6.37,2773.0,78.0
35763,142.9,7.00,22.43,0.1570,6.37,2773.0,78.0
35769,144.9,6.90,22.42,0.1547,6.46,2773.0,78.0
35776,144.9,6.90,22.42,0.1547,6.46,2773.0,78.0
35783,144.9,6.90,22.42,0.1547,6.46,2773.0,78.0
35790,142.9,7.00,22.42,0.1569,6.37,2773.0,78.0
35797,142.9,7.00,22.42,0.1569,6.38,2773.0,78.0
35804,144.9,6.90,22.41,0.1547,6.46,2773.0,78.0
35811,142.9,7.00,22.41,0.1569,6.38,2773.0,78.0
35818,144.9,6.90,22.41,0.1546,6.47,2773.0,78.0
35825,142.9,7.00,22.41,0.1569,6.38,2773.0,78.0
35832,144.9,6.90,22.41,0.1546,6.47,2773.0,78.0
35839,144.9,6.90,22.40,0.1546,6.47,2773.0,78.0
35846,144.9,6.90,22.40,0.1546,6.47,2773.0,78.0
35853,140.8,7.10,22.40,0.1590,6.29,2773.0,78.0
35860,147.1,6.80,22.40,0.1523,6.57,2773.0,78.0
35867,142.9,7.00,22.40,0.1568,6.38,2773.0,78.0
35874,142.9,7.00,22.39,0.1568,6.38,2773.0,78.0
35881,142.9,7.00,22.39,0.1567,6.38,2773.0,78.0
35887,147.1,6.80,22.39,0.1522,6.57,2773.0,78.0
35894,142.9,7.00,22.39,0.1567,6.38,2773.0,78.0
35901,144.9,6.90,22.39,0.1545,6.47,2773.0,78.0
35908,142.9,7.00,22.38,0.1567,6.38,2773.0,78.0
35915,144.9,6.90,22.38,0.1544,6.47,2773.0,78.0
35922,142.9,7.00,22.38,0.1567,6.39,2773.0,78.0
35929,144.9,6.90,22.38,0.1544,6.48,2773.0,78.0
35936,144.9,6.90,22.38,0.1544,6.48,2773.0,78.0
35943,142.9,7.00,22.37,0.1566,6.39,2773.0,78.0
35950,144.9,6.90,22.37,0.1544,6.48,2773.0,78.0
35957,142.9,7.00,22.37,0.1566,6.39,2773.0,78.0
35964,144.9,6.90,22.37,0.1543,6.48,2773.0,78.0
35971,144.9,6.90,22.36,0.1543,6.48,2773.0,78.0
35978,142.9,7.00,22.36,0.1565,6.39,2773.0,78.0
35985,144.9,6.90,22.36,0.1543,6.48,2773.0,78.0
35992,142.9,7.00,22.36,0.1565,6.39,2773.0,78.0
35999,144.9,6.90,22.36,0.1543,6.48,2773.0,78.0
36006,142.9,7.00,22.35,0.1565,6.39,2773.0,78.0
36012,144.9,6.90,22.35,0.1542,6.48,2773.0,78.0
36019,142.9,7.00,22.35,0.1565,6.39,2773.0,78.0
36026,144.9,6.90,22.35,0.1542,6.48,2773.0,78.0
36033,142.9,7.00,22.35,0.1564,6.39,2773.0,78.0
36040,144.9,6.90,22.34,0.1542,6.48,2773.0,78.0
36047,144.9,6.90,22.34,0.1542,6.49,2773.0,78.0
36054,142.9,7.00,22.34,0.1564,6.40,2773.0,78.0
36061,142.9,7.00,22.34,0.1564,6.40,2773.0,78.0
36068,147.1,6.80,22.34,0.1519,6.59,2773.0,78.0
36075,142.9,7.00,22.33,0.1563,6.40,2773.0,78.0
36082,142.9,7.00,22.33,0.1563,6.40,2773.0,78.0
36089,144.9,6.90,22.33,0.1541,6.49,2773.0,78.0
36096,142.9,7.00,22.33,0.1563,6.40,2773.0,78.0
36103,144.9,6.90,22.33,0.1541,6.49,2773.0,78.0
36110,144.9,6.90,22.32,0.1540,6.49,2773.0,78.0
36117,142.9,7.00,22.32,0.1563,6.40,2773.0,78.0
36124,144.9,6.90,22.32,0.1540,6.49,2773.0,78.0
36131,142.9,7.00,22.32,0.1562,6.40,2773.0,78.0
36138,142.9,7.00,22.32,0.1562,6.40,2773.0,78.0
36144,147.1,6.80,22.31,0.1517,6.59,2773.0,78.0
36151,142.9,7.00,22.31,0.1562,6.40,2773.0,78.0
36158,142.9,7.00,22.31,0.1562,6.40,2773.0,78.0
36165,144.9,6.90,22.31,0.1539,6.50,2773.0,78.0
36172,144.9,6.90,22.31,0.1539,6.50,2773.0,78.0
36179,142.9,7.00,22.30,0.1561,6.41,2773.0,78.0
36186,144.9,6.90,22.30,0.1539,6.50,2773.0,78.0
36193,142.9,7.00,22.30,0.1561,6.41,2773.0,78.0
36200,142.9,7.00,22.30,0.1561,6.41,2773.0,78.0
36207,144.9,6.90,22.30,0.1538,6.50,2773.0,78.0
36214,142.9,7.00,22.29,0.1561,6.41,2773.0,78.0
36221,144.9,6.90,22.29,0.1538,6.50,2773.0,78.0
36228,142.9,7.00,22.29,0.1560,6.41,2773.0,78.0
36235,144.9,6.90,22.29,0.1538,6.50,2773.0,78.0
36242,144.9,6.90,22.29,0.1538,6.50,2773.0,78.0
36249,144.9,6.90,22.28,0.1538,6.50,2773.0,78.0
36256,142.9,7.00,22.28,0.1560,6.41,2773.0,78.0
36262,144.9,6.90,22.28,0.1537,6.50,2773.0,78.0
36269,144.9,6.90,22.28,0.1537,6.50,2773.0,78.0
36276,142.9,7.00,22.28,0.1559,6.41,2773.0,78.0
36283,142.9,7.00,22.27,0.1559,6.42,2773.0,78.0
36290,147.1,6.80,22.27,0.1515,6.60,2773.0,78.0
36297,140.8,7.10,22.27,0.1581,6.32,2773.0,78.0
36304,144.9,6.90,22.27,0.1537,6.51,2773.0,78.0
36311,142.9,7.00,22.27,0.1559,6.42,2773.0,78.0
36318,147.1,6.80,22.26,0.1514,6.61,2773.0,78.0
36325,140.8,7.10,22.26,0.1581,6.32,2773.0,78.0
36332,142.9,7.00,22.26,0.1558,6.42,2773.0,78.0
36339,147.1,6.80,22.26,0.1514,6.61,2773.0,78.0
36346,142.9,7.00,22.26,0.1558,6.42,2773.0,78.0
36353,142.9,7.00,22.25,0.1558,6.42,2773.0,78.0
36360,147.1,6.80,22.25,0.1513,6.61,2773.0,78.0
36367,142.9,7.00,22.25,0.1558,6.42,2773.0,78.0
36374,142.9,7.00,22.25,0.1557,6.42,2773.0,78.0
36381,144.9,6.90,22.25,0.1535,6.51,2773.0,78.0
36387,144.9,6.90,22.24,0.1535,6.51,2773.0,78.0
36394,142.9,7.00,22.24,0.1557,6.42,2773.0,78.0
36401,142.9,7.00,22.24,0.1557,6.43,2773.0,78.0
36408,147.1,6.80,22.24,0.1512,6.61,2773.0,78.0
36415,144.9,6.90,22.24,0.1534,6.52,2773.0,78.0
36422,140.8,7.10,22.24,0.1579,6.33,2773.0,78.0
36429,144.9,6.90,22.24,0.1534,6.52,2773.0,78.0
36436,144.9,6.90,22.23,0.1534,6.52,2773.0,78.0
36443,142.9,7.00,22.23,0.1556,6.43,2773.0,78.0
36450,142.9,7.00,22.23,0.1556,6.43,2773.0,78.0
36457,144.9,6.90,22.23,0.1534,6.52,2773.0,78.0
36464,144.9,6.90,22.23,0.1534,6.52,2773.0,78.0
36471,142.9,7.00,22.23,0.1556,6.43,2773.0,78.0
36478,144.9,6.90,22.23,0.1534,6.52,2773.0,78.0
36485,142.9,7.00,22.23,0.1556,6.43,2773.0,78.0
36492,144.9,6.90,22.23,0.1534,6.52,2773.0,78.0
36499,144.9,6.90,22.23,0.1534,6.52,2773.0,78.0
36506,142.9,7.00,22.22,0.1556,6.43,2773.0,78.0
36512,144.9,6.90,22.22,0.1533,6.52,2773.0,78.0
36519,142.9,7.00,22.22,0.1556,6.43,2773.0,78.0
36526,144.9,6.90,22.22,0.1533,6.52,2773.0,78.0
36533,144.9,6.90,22.22,0.1533,6.52,2773.0,78.0
36540,142.9,7.00,22.22,0.1555,6.43,2773.0,78.0
36547,144.9,6.90,22.22,0.1533,6.52,2773.0,78.0
36554,140.8,7.10,22.22,0.1577,6.34,2773.0,78.0
36561,147.1,6.80,22.22,0.1511,6.62,2773.0,78.0
36568,142.9,7.00,22.22,0.1555,6.43,2773.0,78.0
36575,144.9,6.90,22.21,0.1533,6.52,2773.0,78.0
36582,142.9,7.00,22.21,0.1555,6.43,2773.0,78.0
36589,142.9,7.00,22.21,0.1555,6.43,2773.0,78.0
36596,144.9,6.90,22.21,0.1533,6.52,2773.0,78.0
36603,144.9,6.90,22.21,0.1532,6.52,2773.0,78.0
36610,142.9,7.00,22.21,0.1555,6.43,2773.0,78.0
36617,144.9,6.90,22.21,0.1532,6.52,2773.0,78.0
36624,144.9,6.90,22.21,0.1532,6.53,2773.0,78.0
36631,142.9,7.00,22.21,0.1554,6.44,2773.0,78.0
36638,142.9,7.00,22.20,0.1554,6.44,2773.0,78.0
36644,147.1,6.80,22.20,0.1510,6.63,2773.0,78.0
36651,144.9,6.90,22.20,0.1532,6.53,2773.0,78.0
36658,142.9,7.00,22.20,0.1554,6.44,2773.0,78.0
36665,142.9,7.00,22.20,0.1554,6.44,2773.0,78.0
36672,142.9,7.00,22.20,0.1554,6.44,2773.0,78.0
36679,144.9,6.90,22.20,0.1532,6.53,2773.0,78.0
36686,142.9,7.00,22.20,0.1554,6.44,2773.0,78.0
36693,147.1,6.80,22.20,0.1509,6.63,2773.0,78.0
36700,142.9,7.00,22.20,0.1554,6.44,2773.0,78.0
36707,142.9,7.00,22.19,0.1554,6.44,2773.0,78.0
36714,142.9,7.00,22.19,0.1554,6.44,2773.0,78.0
36721,144.9,6.90,22.19,0.1531,6.53,2773.0,78.0
36728,144.9,6.90,22.19,0.1531,6.53,2773.0,78.0
36735,142.9,7.00,22.19,0.1553,6.44,2773.0,78.0
36742,144.9,6.90,22.19,0.1531,6.53,2773.0,78.0
36749,142.9,7.00,22.19,0.1553,6.44,2773.0,78.0
36756,144.9,6.90,22.19,0.1531,6.53,2773.0,78.0
36762,144.9,6.90,22.19,0.1531,6.53,2773.0,78.0
36769,144.9,6.90,22.18,0.1531,6.53,2773.0,78.0
36776,142.9,7.00,22.18,0.1553,6.44,2773.0,78.0
36783,142.9,7.00,22.18,0.1553,6.44,2773.0,78.0
36790,144.9,6.90,22.18,0.1531,6.53,2773.0,78.0
36797,144.9,6.90,22.18,0.1530,6.53,2773.0,78.0
36804,142.9,7.00,22.18,0.1553,6.44,2773.0,78.0
36811,144.9,6.90,22.18,0.1530,6.53,2773.0,78.0
36818,142.9,7.00,22.18,0.1552,6.44,2773.0,78.0
36825,142.9,7.00,22.18,0.1552,6.44,2773.0,78.0
36832,144.9,6.90,22.18,0.1530,6.53,2773.0,78.0
36839,147.1,6.80,22.17,0.1508,6.63,2773.0,78.0
36846,142.9,7.00,22.17,0.1552,6.44,2773.0,78.0
36853,142.9,7.00,22.17,0.1552,6.44,2773.0,78.0
36860,147.1,6.80,22.17,0.1508,6.63,2773.0,78.0
36867,140.8,7.10,22.17,0.1574,6.35,2773.0,78.0
36874,142.9,7.00,22.17,0.1552,6.45,2773.0,78.0
36881,144.9,6.90,22.17,0.1530,6.54,2773.0,78.0
36888,142.9,7.00,22.17,0.1552,6.45,2773.0,78.0
36894,144.9,6.90,22.17,0.1529,6.54,2773.0,78.0
36901,142.9,7.00,22.17,0.1552,6.45,2773.0,78.0
36908,144.9,6.90,22.16,0.1529,6.54,2773.0,78.0
36915,144.9,6.90,22.16,0.1529,6.54,2773.0,78.0
36922,144.9,6.90,22.16,0.1529,6.54,2773.0,78.0
36929,144.9,6.90,22.16,0.1529,6.54,2773.0,78.0
36936,142.9,7.00,22.16,0.1551,6.45,2773.0,78.0
36943,142.9,7.00,22.16,0.1551,6.45,2773.0,78.0
36950,142.9,7.00,22.16,0.1551,6.45,2773.0,78.0
36957,147.1,6.80,22.16,0.1507,6.64,2773.0,78.0
36964,140.8,7.10,22.16,0.1573,6.36,2773.0,78.0
36971,144.9,6.90,22.15,0.1529,6.54,2773.0,78.0
36978,144.9,6.90,22.15,0.1529,6.54,2773.0,78.0
36985,144.9,6.90,22.15,0.1529,6.54,2773.0,78.0
36992,142.9,7.00,22.15,0.1551,6.45,2773.0,78.0
36999,144.9,6.90,22.15,0.1528,6.54,2773.0,78.0
37005,144.9,6.90,22.15,0.1528,6.54,2773.0,78.0
37012,142.9,7.00,22.15,0.1550,6.45,2773.0,78.0
37019,144.9,6.90,22.15,0.1528,6.54,2773.0,78.0
37026,142.9,7.00,22.15,0.1550,6.45,2773.0,78.0
37033,144.9,6.90,22.15,0.1528,6.54,2773.0,78.0
37040,142.9,7.00,22.14,0.1550,6.45,2773.0,78.0
37047,142.9,7.00,22.14,0.1550,6.45,2773.0,78.0
37054,144.9,6.90,22.14,0.1528,6.54,2773.0,78.0
37061,144.9,6.90,22.14,0.1528,6.54,2773.0,78.0
37068,140.8,7.10,22.14,0.1572,6.36,2773.0,78.0
37075,147.1,6.80,22.14,0.1505,6.64,2773.0,78.0
37082,144.9,6.90,22.14,0.1528,6.55,2773.0,78.0
37089,142.9,7.00,22.14,0.1550,6.46,2773.0,78.0
37096,144.9,6.90,22.14,0.1527,6.55,2773.0,78.0
37103,142.9,7.00,22.13,0.1549,6.46,2773.0,78.0
37110,142.9,7.00,22.13,0.1549,6.46,2773.0,78.0
37117,144.9,6.90,22.13,0.1527,6.55,2773.0,78.0
37124,144.9,6.90,22.13,0.1527,6.55,2773.0,78.0
37131,142.9,7.00,22.13,0.1549,6.46,2773.0,78.0
37137,144.9,6.90,22.13,0.1527,6.55,2773.0,78.0
37144,142.9,7.00,22.13,0.1549,6.46,2773.0,78.0
37151,142.9,7.00,22.13,0.1549,6.46,2773.0,78.0
37158,144.9,6.90,22.13,0.1527,6.55,2773.0,78.0
37165,144.9,6.90,22.13,0.1527,6.55,2773.0,78.0
37172,144.9,6.90,22.12,0.1527,6.55,2773.0,78.0
37179,142.9,7.00,22.12,0.1549,6.46,2773.0,78.0
37186,144.9,6.90,22.12,0.1526,6.55,2773.0,78.0
37193,142.9,7.00,22.12,0.1548,6.46,2773.0,78.0
37200,144.9,6.90,22.12,0.1526,6.55,2773.0,78.0
37207,144.9,6.90,22.12,0.1526,6.55,2773.0,78.0
37214,142.9,7.00,22.12,0.1548,6.46,2773.0,78.0
37221,144.9,6.90,22.12,0.1526,6.55,2773.0,78.0
37228,140.8,7.10,22.12,0.1570,6.37,2773.0,78.0
37235,144.9,6.90,22.12,0.1526,6.55,2773.0,78.0
37242,144.9,6.90,22.11,0.1526,6.55,2773.0,78.0
37249,144.9,6.90,22.11,0.1526,6.55,2773.0,78.0
37256,142.9,7.00,22.11,0.1548,6.46,2773.0,78.0
37262,147.1,6.80,22.11,0.1504,6.65,2773.0,78.0
37269,140.8,7.10,22.11,0.1570,6.37,2773.0,78.0
37276,144.9,6.90,22.11,0.1526,6.55,2773.0,78.0
37283,144.9,6.90,22.11,0.1525,6.55,2773.0,78.0
37290,142.9,7.00,22.11,0.1547,6.46,2773.0,78.0
37297,142.9,7.00,22.11,0.1547,6.46,2773.0,78.0
37304,144.9,6.90,22.10,0.1525,6.56,2773.0,78.0
37311,142.9,7.00,22.10,0.1547,6.46,2773.0,78.0
37318,144.9,6.90,22.10,0.1525,6.56,2773.0,78.0
37325,144.9,6.90,22.10,0.1525,6.56,2773.0,78.0
37332,142.9,7.00,22.10,0.1547,6.47,2773.0,78.0
37339,144.9,6.90,22.10,0.1525,6.56,2773.0,78.0
37346,144.9,6.90,22.10,0.1525,6.56,2773.0,78.0
37353,140.8,7.10,22.10,0.1569,6.37,2773.0,78.0
37360,147.1,6.80,22.10,0.1503,6.66,2773.0,78.0
37367,140.8,7.10,22.10,0.1569,6.37,2773.0,78.0
37374,147.1,6.80,22.09,0.1502,6.66,2773.0,78.0
37381,142.9,7.00,22.09,0.1547,6.47,2773.0,78.0
37388,142.9,7.00,22.09,0.1546,6.47,2773.0,78.0
37394,144.9,6.90,22.09,0.1524,6.56,2773.0,78.0
37401,144.9,6.90,22.09,0.1524,6.56,2773.0,78.0
37408,142.9,7.00,22.09,0.1546,6.47,2773.0,78.0
37415,144.9,6.90,22.09,0.1524,6.56,2773.0,78.0
37422,144.9,6.90,22.09,0.1524,6.56,2773.0,78.0
37429,144.9,6.90,22.09,0.1524,6.56,2773.0,78.0
37436,140.8,7.10,22.09,0.1568,6.38,2773.0,78.0
37443,144.9,6.90,22.08,0.1524,6.56,2773.0,78.0
37450,144.9,6.90,22.08,0.1524,6.56,2773.0,78.0
37457,142.9,7.00,22.08,0.1546,6.47,2773.0,78.0
37464,144.9,6.90,22.08,0.1524,6.56,2773.0,78.0
37471,142.9,7.00,22.08,0.1546,6.47,2773.0,78.0
37478,144.9,6.90,22.08,0.1523,6.56,2773.0,78.0
37485,144.9,6.90,22.08,0.1523,6.56,2773.0,78.0
37492,142.9,7.00,22.08,0.1545,6.47,2773.0,78.0
37499,144.9,6.90,22.08,0.1523,6.56,2773.0,78.0
37506,142.9,7.00,22.08,0.1545,6.47,2773.0,78.0
37512,144.9,6.90,22.07,0.1523,6.56,2773.0,78.0
37519,144.9,6.90,22.07,0.1523,6.56,2773.0,78.0
37526,142.9,7.00,22.07,0.1545,6.47,2773.0,78.0
37533,144.9,6.90,22.07,0.1523,6.56,2773.0,78.0
37540,142.9,7.00,22.07,0.1545,6.47,2773.0,78.0
37547,142.9,7.00,22.07,0.1545,6.47,2773.0,78.0
37554,147.1,6.80,22.07,0.1501,6.67,2773.0,78.0
37561,142.9,7.00,22.07,0.1545,6.48,2773.0,78.0
37568,142.9,7.00,22.07,0.1545,6.48,2773.0,78.0
37575,144.9,6.90,22.07,0.1523,6.57,2773.0,78.0
37582,142.9,7.00,22.06,0.1545,6.48,2773.0,78.0
37589,144.9,6.90,22.06,0.1522,6.57,2773.0,78.0
37596,144.9,6.90,22.06,0.1522,6.57,2773.0,78.0
37603,142.9,7.00,22.06,0.1544,6.48,2773.0,78.0
37610,144.9,6.90,22.06,0.1522,6.57,2773.0,78.0
37617,142.9,7.00,22.06,0.1544,6.48,2773.0,78.0
37624,144.9,6.90,22.06,0.1522,6.57,2773.0,78.0
37630,144.9,6.90,22.06,0.1522,6.57,2773.0,78.0
37637,142.9,7.00,22.06,0.1544,6.48,2773.0,78.0
37644,144.9,6.90,22.06,0.1522,6.57,2773.0,78.0
37651,142.9,7.00,22.06,0.1544,6.48,2773.0,78.0
37658,142.9,7.00,22.05,0.1544,6.48,2773.0,78.0
37665,144.9,6.90,22.05,0.1522,6.57,2773.0,78.0
37672,142.9,7.00,22.05,0.1544,6.48,2773.0,78.0
37679,144.9,6.90,22.05,0.1522,6.57,2773.0,78.0
37686,144.9,6.90,22.05,0.1521,6.57,2773.0,78.0
37693,142.9,7.00,22.05,0.1543,6.48,2773.0,78.0
37700,144.9,6.90,22.05,0.1521,6.57,2773.0,78.0
37707,142.9,7.00,22.05,0.1543,6.48,2773.0,78.0
37714,144.9,6.90,22.05,0.1521,6.57,2773.0,78.0
37721,144.9,6.90,22.05,0.1521,6.57,2773.0,78.0
37728,142.9,7.00,22.04,0.1543,6.48,2773.0,78.0
37735,144.9,6.90,22.04,0.1521,6.57,2773.0,78.0
37742,142.9,7.00,22.04,0.1543,6.48,2773.0,78.0
37749,144.9,6.90,22.04,0.1521,6.57,2773.0,78.0
37755,144.9,6.90,22.04,0.1521,6.57,2773.0,78.0
37762,142.9,7.00,22.04,0.1543,6.48,2773.0,78.0
37769,142.9,7.00,22.04,0.1543,6.48,2773.0,78.0
37776,144.9,6.90,22.04,0.1521,6.58,2773.0,78.0
37783,144.9,6.90,22.04,0.1521,6.58,2773.0,78.0
37790,142.9,7.00,22.04,0.1542,6.48,2773.0,78.0
37797,144.9,6.90,22.03,0.1520,6.58,2773.0,78.0
37804,142.9,7.00,22.03,0.1542,6.49,2773.0,78.0
37811,144.9,6.90,22.03,0.1520,6.58,2773.0,78.0
37818,142.9,7.00,22.03,0.1542,6.49,2773.0,78.0
37825,144.9,6.90,22.03,0.1520,6.58,2773.0,78.0
37832,144.9,6.90,22.03,0.1520,6.58,2773.0,78.0
37839,142.9,7.00,22.03,0.1542,6.49,2773.0,78.0
37846,142.9,7.00,22.03,0.1542,6.49,2773.0,78.0
37853,147.1,6.80,22.03,0.1498,6.68,2773.0,78.0
37860,142.9,7.00,22.03,0.1542,6.49,2773.0,78.0
37867,142.9,7.00,22.02,0.1542,6.49,2773.0,78.0
37874,142.9,7.00,22.02,0.1542,6.49,2773.0,78.0
37881,144.9,6.90,22.02,0.1520,6.58,2773.0,78.0
37887,144.9,6.90,22.02,0.1520,6.58,2773.0,78.0
37894,142.9,7.00,22.02,0.1541,6.49,2773.0,78.0
37901,144.9,6.90,22.02,0.1519,6.58,2773.0,78.0
37908,142.9,7.00,22.02,0.1541,6.49,2773.0,78.0
37915,147.1,6.80,22.02,0.1497,6.68,2773.0,78.0
37922,140.8,7.10,22.02,0.1563,6.40,2773.0,78.0
37929,147.1,6.80,22.02,0.1497,6.68,2773.0,78.0
37936,142.9,7.00,22.02,0.1541,6.49,2773.0,78.0
37943,144.9,6.90,22.01,0.1519,6.58,2773.0,78.0
37950,142.9,7.00,22.01,0.1541,6.49,2773.0,78.0
37957,144.9,6.90,22.01,0.1519,6.58,2773.0,78.0
37964,144.9,6.90,22.01,0.1519,6.58,2773.0,78.0
37971,142.9,7.00,22.01,0.1541,6.49,2773.0,78.0
37978,142.9,7.00,22.01,0.1541,6.49,2773.0,78.0
37985,144.9,6.90,22.01,0.1519,6.58,2773.0,78.0
37992,142.9,7.00,22.01,0.1541,6.49,2773.0,78.0
37999,144.9,6.90,22.01,0.1518,6.58,2773.0,78.0
38005,144.9,6.90,22.01,0.1518,6.58,2773.0,78.0
38012,142.9,7.00,22.00,0.1540,6.49,2773.0,78.0
38019,142.9,7.00,22.00,0.1540,6.49,2773.0,78.0
38026,144.9,6.90,22.00,0.1518,6.59,2773.0,78.0
38033,144.9,6.90,22.00,0.1518,6.59,2773.0,78.0
38040,144.9,6.90,22.00,0.1518,6.59,2773.0,78.0
38047,140.8,7.10,22.00,0.1562,6.40,2773.0,78.0
38054,144.9,6.90,22.00,0.1518,6.59,2773.0,78.0
38061,147.1,6.80,22.00,0.1496,6.69,2773.0,78.0
38068,140.8,7.10,22.00,0.1562,6.40,2773.0,78.0
38075,142.9,7.00,22.00,0.1540,6.50,2773.0,78.0
38082,144.9,6.90,21.99,0.1518,6.59,2773.0,78.0
38089,144.9,6.90,21.99,0.1518,6.59,2773.0,78.0
38096,144.9,6.90,21.99,0.1518,6.59,2773.0,78.0
38103,142.9,7.00,21.99,0.1539,6.50,2773.0,78.0
38110,142.9,7.00,21.99,0.1539,6.50,2773.0,78.0
38117,144.9,6.90,21.99,0.1517,6.59,2773.0,78.0
38124,144.9,6.90,21.99,0.1517,6.59,2773.0,78.0
38131,142.9,7.00,21.99,0.1539,6.50,2773.0,78.0
38137,144.9,6.90,21.99,0.1517,6.59,2773.0,78.0
38144,142.9,7.00,21.99,0.1539,6.50,2773.0,78.0
38151,144.9,6.90,21.99,0.1517,6.59,2773.0,78.0
38158,142.9,7.00,21.98,0.1539,6.50,2773.0,78.0
38165,147.1,6.80,21.98,0.1495,6.69,2773.0,78.0
38172,140.8,7.10,21.98,0.1561,6.41,2773.0,78.0
38179,144.9,6.90,21.98,0.1517,6.59,2773.0,78.0
38186,144.9,6.90,21.98,0.1517,6.59,2773.0,78.0
38193,144.9,6.90,21.98,0.1517,6.59,2773.0,78.0
38200,142.9,7.00,21.98,0.1538,6.50,2773.0,78.0
38207,144.9,6.90,21.98,0.1516,6.59,2773.0,78.0
38214,142.9,7.00,21.98,0.1538,6.50,2773.0,78.0
38221,142.9,7.00,21.98,0.1538,6.50,2773.0,78.0
38228,147.1,6.80,21.97,0.1494,6.69,2773.0,78.0
38235,142.9,7.00,21.97,0.1538,6.50,2773.0,78.0
38242,142.9,7.00,21.97,0.1538,6.50,2773.0,78.0
38249,144.9,6.90,21.97,0.1516,6.59,2773.0,78.0
38256,142.9,7.00,21.97,0.1538,6.50,2773.0,78.0
38262,144.9,6.90,21.97,0.1516,6.60,2773.0,78.0
38269,144.9,6.90,21.97,0.1516,6.60,2773.0,78.0
38276,142.9,7.00,21.97,0.1538,6.51,2773.0,78.0
38283,144.9,6.90,21.97,0.1516,6.60,2773.0,78.0
38290,142.9,7.00,21.97,0.1538,6.51,2773.0,78.0
38297,144.9,6.90,21.96,0.1516,6.60,2773.0,78.0
38304,142.9,7.00,21.96,0.1537,6.51,2773.0,78.0
38311,144.9,6.90,21.96,0.1515,6.60,2773.0,78.0
38318,142.9,7.00,21.96,0.1537,6.51,2773.0,78.0
38325,144.9,6.90,21.96,0.1515,6.60,2773.0,78.0
38332,144.9,6.90,21.96,0.1515,6.60,2773.0,78.0
38339,142.9,7.00,21.96,0.1537,6.51,2773.0,78.0
38346,144.9,6.90,21.96,0.1515,6.60,2773.0,78.0
38353,142.9,7.00,21.96,0.1537,6.51,2773.0,78.0
38360,144.9,6.90,21.96,0.1515,6.60,2773.0,78.0
38367,144.9,6.90,21.95,0.1515,6.60,2773.0,78.0
38374,142.9,7.00,21.95,0.1537,6.51,2773.0,78.0
38381,142.9,7.00,21.95,0.1537,6.51,2773.0,78.0
38387,144.9,6.90,21.95,0.1515,6.60,2773.0,78.0
38394,142.9,7.00,21.95,0.1537,6.51,2773.0,78.0
38401,144.9,6.90,21.95,0.1515,6.60,2773.0,78.0
38408,144.9,6.90,21.95,0.1515,6.60,2773.0,78.0
38415,144.9,6.90,21.95,0.1515,6.60,2773.0,78.0
38422,142.9,7.00,21.95,0.1537,6.51,2773.0,78.0
38429,142.9,7.00,21.95,0.1537,6.51,2773.0,78.0
38436,144.9,6.90,21.95,0.1515,6.60,2773.0,78.0
38443,142.9,7.00,21.95,0.1537,6.51,2773.0,78.0
38450,144.9,6.90,21.96,0.1515,6.60,2773.0,78.0
38457,142.9,7.00,21.96,0.1537,6.51,2773.0,78.0
38464,144.9,6.90,21.96,0.1515,6.60,2773.0,78.0
38471,144.9,6.90,21.96,0.1515,6.60,2773.0,78.0
38478,142.9,7.00,21.96,0.1537,6.51,2773.0,78.0
38485,142.9,7.00,21.96,0.1537,6.51,2773.0,78.0
38492,144.9,6.90,21.96,0.1515,6.60,2773.0,78.0
38499,144.9,6.90,21.96,0.1515,6.60,2773.0,78.0
38505,144.9,6.90,21.96,0.1515,6.60,2773.0,78.0
38512,144.9,6.90,21.96,0.1515,6.60,2773.0,78.0
38519,142.9,7.00,21.96,0.1537,6.51,2773.0,78.0
38526,144.9,6.90,21.96,0.1515,6.60,2773.0,78.0
38533,142.9,7.00,21.96,0.1538,6.51,2773.0,78.0
38540,142.9,7.00,21.97,0.1538,6.51,2773.0,78.0
38547,144.9,6.90,21.97,0.1516,6.60,2773.0,78.0
38554,142.9,7.00,21.97,0.1538,6.51,2773.0,78.0
38561,147.1,6.80,21.97,0.1494,6.70,2773.0,78.0
38568,142.9,7.00,21.97,0.1538,6.50,2773.0,78.0
38575,142.9,7.00,21.97,0.1538,6.50,2773.0,78.0
38582,144.9,6.90,21.97,0.1516,6.60,2773.0,78.0
38589,142.9,7.00,21.97,0.1538,6.50,2773.0,78.0
38596,144.9,6.90,21.97,0.1516,6.59,2773.0,78.0
38603,142.9,7.00,21.97,0.1538,6.50,2773.0,78.0
38610,144.9,6.90,21.97,0.1516,6.59,2773.0,78.0
38617,142.9,7.00,21.97,0.1538,6.50,2773.0,78.0
38624,144.9,6.90,21.97,0.1516,6.59,2773.0,78.0
38630,144.9,6.90,21.98,0.1516,6.59,2773.0,78.0
38637,142.9,7.00,21.98,0.1538,6.50,2773.0,78.0
38644,144.9,6.90,21.98,0.1516,6.59,2773.0,78.0
38651,142.9,7.00,21.98,0.1538,6.50,2773.0,78.0
38658,144.9,6.90,21.98,0.1516,6.59,2773.0,78.0
38665,144.9,6.90,21.98,0.1517,6.59,2773.0,78.0
38672,142.9,7.00,21.98,0.1539,6.50,2773.0,78.0
38679,144.9,6.90,21.98,0.1517,6.59,2773.0,78.0
38686,144.9,6.90,21.98,0.1517,6.59,2773.0,78.0
38693,142.9,7.00,21.98,0.1539,6.50,2773.0,78.0
38700,142.9,7.00,21.98,0.1539,6.50,2773.0,78.0
38707,142.9,7.00,21.98,0.1539,6.50,2773.0,78.0
38714,144.9,6.90,21.98,0.1517,6.59,2773.0,78.0
38721,142.9,7.00,21.99,0.1539,6.50,2773.0,78.0
38728,144.9,6.90,21.99,0.1517,6.59,2773.0,78.0
38735,142.9,7.00,21.99,0.1539,6.50,2773.0,78.0
38742,144.9,6.90,21.99,0.1517,6.59,2773.0,78.0
38749,144.9,6.90,21.99,0.1517,6.59,2773.0,78.0
38756,142.9,7.00,21.99,0.1539,6.50,2773.0,78.0
38762,144.9,6.90,21.99,0.1517,6.59,2773.0,78.0
38769,142.9,7.00,21.99,0.1539,6.50,2773.0,78.0
38776,144.9,6.90,21.99,0.1517,6.59,2773.0,78.0
38783,144.9,6.90,21.99,0.1517,6.59,2773.0,78.0
38790,144.9,6.90,21.99,0.1517,6.59,2773.0,78.0
38797,142.9,7.00,21.99,0.1540,6.50,2773.0,78.0
38804,144.9,6.90,21.99,0.1518,6.59,2773.0,78.0
38811,142.9,7.00,21.99,0.1540,6.50,2773.0,78.0
38818,144.9,6.90,22.00,0.1518,6.59,2773.0,78.0
38825,142.9,7.00,22.00,0.1540,6.50,2773.0,78.0
38832,144.9,6.90,22.00,0.1518,6.59,2773.0,78.0
38839,144.9,6.90,22.00,0.1518,6.59,2773.0,78.0
38846,142.9,7.00,22.00,0.1540,6.50,2773.0,78.0
38853,142.9,7.00,22.00,0.1540,6.50,2773.0,78.0
38860,142.9,7.00,22.00,0.1540,6.50,2773.0,78.0
38867,147.1,6.80,22.00,0.1496,6.69,2773.0,78.0
38874,142.9,7.00,22.00,0.1540,6.49,2773.0,78.0
38880,144.9,6.90,22.00,0.1518,6.59,2773.0,78.0
38887,142.9,7.00,22.00,0.1540,6.49,2773.0,78.0
38894,144.9,6.90,22.00,0.1518,6.59,2773.0,78.0
38901,142.9,7.00,22.00,0.1540,6.49,2773.0,78.0
38908,144.9,6.90,22.01,0.1518,6.58,2773.0,78.0
38915,144.9,6.90,22.01,0.1518,6.58,2773.0,78.0
38922,142.9,7.00,22.01,0.1541,6.49,2773.0,78.0
38929,142.9,7.00,22.01,0.1541,6.49,2773.0,78.0
38936,144.9,6.90,22.01,0.1519,6.58,2773.0,78.0
38943,142.9,7.00,22.01,0.1541,6.49,2773.0,78.0
38950,144.9,6.90,22.01,0.1519,6.58,2773.0,78.0
38957,142.9,7.00,22.01,0.1541,6.49,2773.0,78.0
38964,144.9,6.90,22.01,0.1519,6.58,2773.0,78.0
38971,144.9,6.90,22.01,0.1519,6.58,2773.0,78.0
38978,142.9,7.00,22.01,0.1541,6.49,2773.0,78.0
38985,144.9,6.90,22.01,0.1519,6.58,2773.0,78.0
38992,144.9,6.90,22.01,0.1519,6.58,2773.0,78.0
38999,142.9,7.00,22.02,0.1541,6.49,2773.0,78.0
39005,144.9,6.90,22.02,0.1519,6.58,2773.0,78.0
39012,142.9,7.00,22.02,0.1541,6.49,2773.0,78.0
39019,144.9,6.90,22.02,0.1519,6.58,2773.0,78.0
39026,142.9,7.00,22.02,0.1541,6.49,2773.0,78.0
39033,144.9,6.90,22.02,0.1519,6.58,2773.0,78.0
39040,144.9,6.90,22.02,0.1519,6.58,2773.0,78.0
39047,140.8,7.10,22.02,0.1563,6.39,2773.0,78.0
39054,147.1,6.80,22.02,0.1497,6.68,2773.0,78.0
39061,142.9,7.00,22.02,0.1542,6.49,2773.0,78.0
39068,144.9,6.90,22.02,0.1520,6.58,2773.0,78.0
39075,142.9,7.00,22.02,0.1542,6.49,2773.0,78.0
39082,144.9,6.90,22.02,0.1520,6.58,2773.0,78.0
39089,142.9,7.00,22.03,0.1542,6.49,2773.0,78.0
39096,142.9,7.00,22.03,0.1542,6.49,2773.0,78.0
39103,147.1,6.80,22.03,0.1498,6.68,2773.0,78.0
39110,142.9,7.00,22.03,0.1542,6.49,2773.0,78.0
39117,144.9,6.90,22.03,0.1520,6.58,2773.0,78.0
39124,140.8,7.10,22.03,0.1564,6.39,2773.0,78.0
39130,147.1,6.80,22.03,0.1498,6.68,2773.0,78.0
39137,142.9,7.00,22.03,0.1542,6.49,2773.0,78.0
39144,144.9,6.90,22.03,0.1520,6.58,2773.0,78.0
39151,142.9,7.00,22.03,0.1542,6.49,2773.0,78.0
39158,144.9,6.90,22.03,0.1520,6.58,2773.0,78.0
39165,142.9,7.00,22.03,0.1542,6.49,2773.0,78.0
39172,144.9,6.90,22.03,0.1520,6.58,2773.0,78.0
39179,144.9,6.90,22.04,0.1520,6.58,2773.0,78.0
39186,142.9,7.00,22.04,0.1543,6.48,2773.0,78.0
39193,142.9,7.00,22.04,0.1543,6.48,2773.0,78.0
39200,147.1,6.80,22.04,0.1499,6.67,2773.0,78.0
39207,144.9,6.90,22.04,0.1521,6.57,2773.0,78.0
39214,140.8,7.10,22.04,0.1565,6.39,2773.0,78.0
39221,144.9,6.90,22.04,0.1521,6.57,2773.0,78.0
39228,142.9,7.00,22.04,0.1543,6.48,2773.0,78.0
39235,144.9,6.90,22.04,0.1521,6.57,2773.0,78.0
39242,142.9,7.00,22.04,0.1543,6.48,2773.0,78.0
39248,147.1,6.80,22.04,0.1499,6.67,2773.0,78.0
39255,142.9,7.00,22.04,0.1543,6.48,2773.0,78.0
39262,142.9,7.00,22.04,0.1543,6.48,2773.0,78.0
39269,144.9,6.90,22.05,0.1521,6.57,2773.0,78.0
39276,144.9,6.90,22.05,0.1521,6.57,2773.0,78.0
39283,142.9,7.00,22.05,0.1543,6.48,2773.0,78.0
39290,144.9,6.90,22.05,0.1521,6.57,2773.0,78.0
39297,144.9,6.90,22.05,0.1521,6.57,2773.0,78.0
39304,140.8,7.10,22.05,0.1565,6.39,2773.0,78.0
39311,144.9,6.90,22.05,0.1521,6.57,2773.0,78.0
39318,144.9,6.90,22.05,0.1522,6.57,2773.0,78.0
39325,142.9,7.00,22.05,0.1544,6.48,2773.0,78.0
39332,142.9,7.00,22.05,0.1544,6.48,2773.0,78.0
39339,147.1,6.80,22.05,0.1500,6.67,2773.0,78.0
39346,142.9,7.00,22.05,0.1544,6.48,2773.0,78.0
39353,144.9,6.90,22.05,0.1522,6.57,2773.0,78.0
39360,142.9,7.00,22.06,0.1544,6.48,2773.0,78.0
39367,144.9,6.90,22.06,0.1522,6.57,2773.0,78.0
39374,142.9,7.00,22.06,0.1544,6.48,2773.0,78.0
39381,142.9,7.00,22.06,0.1544,6.48,2773.0,78.0
39387,144.9,6.90,22.06,0.1522,6.57,2773.0,78.0
39394,144.9,6.90,22.06,0.1522,6.57,2773.0,78.0
39401,142.9,7.00,22.06,0.1544,6.48,2773.0,78.0
39408,142.9,7.00,22.06,0.1544,6.48,2773.0,78.0
39415,144.9,6.90,22.06,0.1522,6.57,2773.0,78.0
39422,144.9,6.90,22.06,0.1522,6.57,2773.0,78.0
39429,142.9,7.00,22.06,0.1544,6.48,2773.0,78.0
39436,144.9,6.90,22.06,0.1522,6.57,2773.0,78.0
39443,144.9,6.90,22.06,0.1522,6.57,2773.0,78.0
39450,142.9,7.00,22.06,0.1544,6.48,2773.0,78.0
39457,142.9,7.00,22.06,0.1544,6.48,2773.0,78.0
39464,147.1,6.80,22.06,0.1500,6.67,2773.0,78.0
39471,142.9,7.00,22.06,0.1544,6.48,2773.0,78.0
39478,142.9,7.00,22.06,0.1545,6.48,2773.0,78.0
39485,144.9,6.90,22.06,0.1522,6.57,2773.0,78.0
39492,144.9,6.90,22.07,0.1523,6.57,2773.0,78.0
39499,142.9,7.00,22.07,0.1545,6.48,2773.0,78.0
39506,142.9,7.00,22.07,0.1545,6.48,2773.0,78.0
39512,144.9,6.90,22.07,0.1523,6.57,2773.0,78.0
39519,144.9,6.90,22.07,0.1523,6.57,2773.0,78.0
39526,142.9,7.00,22.07,0.1545,6.48,2773.0,78.0
39533,144.9,6.90,22.07,0.1523,6.57,2773.0,78.0
39540,144.9,6.90,22.07,0.1523,6.57,2773.0,78.0
39547,142.9,7.00,22.07,0.1545,6.48,2773.0,78.0
39554,142.9,7.00,22.07,0.1545,6.48,2773.0,78.0
39561,147.1,6.80,22.07,0.1501,6.67,2773.0,78.0
39568,142.9,7.00,22.07,0.1545,6.47,2773.0,78.0
39575,142.9,7.00,22.07,0.1545,6.47,2773.0,78.0
39582,144.9,6.90,22.07,0.1523,6.57,2773.0,78.0
39589,142.9,7.00,22.07,0.1545,6.47,2773.0,78.0
39596,142.9,7.00,22.07,0.1545,6.47,2773.0,78.0
39603,149.3,6.70,22.07,0.1479,6.76,2773.0,78.0
39610,140.8,7.10,22.07,0.1567,6.38,2773.0,78.0
39617,142.9,7.00,22.07,0.1545,6.47,2773.0,78.0
39623,147.1,6.80,22.07,0.1501,6.66,2773.0,78.0
39630,142.9,7.00,22.07,0.1545,6.47,2773.0,78.0
39637,144.9,6.90,22.07,0.1523,6.56,2773.0,78.0
39644,142.9,7.00,22.07,0.1545,6.47,2773.0,78.0
39651,144.9,6.90,22.07,0.1523,6.56,2773.0,78.0
39658,142.9,7.00,22.08,0.1545,6.47,2773.0,78.0
39665,142.9,7.00,22.08,0.1545,6.47,2773.0,78.0
39672,144.9,6.90,22.08,0.1523,6.56,2773.0,78.0
39679,144.9,6.90,22.08,0.1523,6.56,2773.0,78.0
39686,142.9,7.00,22.08,0.1545,6.47,2773.0,78.0
39693,144.9,6.90,22.08,0.1523,6.56,2773.0,78.0
39700,144.9,6.90,22.08,0.1523,6.56,2773.0,78.0
39707,140.8,7.10,22.08,0.1568,6.38,2773.0,78.0
39714,144.9,6.90,22.08,0.1523,6.56,2773.0,78.0
39721,147.1,6.80,22.08,0.1501,6.66,2773.0,78.0
39728,142.9,7.00,22.08,0.1546,6.47,2773.0,78.0
39735,142.9,7.00,22.08,0.1546,6.47,2773.0,78.0
39742,144.9,6.90,22.08,0.1524,6.56,2773.0,78.0
39749,142.9,7.00,22.08,0.1546,6.47,2773.0,78.0
39755,144.9,6.90,22.08,0.1524,6.56,2773.0,78.0
39762,142.9,7.00,22.08,0.1546,6.47,2773.0,78.0
39769,144.9,6.90,22.08,0.1524,6.56,2773.0,78.0
39776,142.9,7.00,22.08,0.1546,6.47,2773.0,78.0
39783,144.9,6.90,22.08,0.1524,6.56,2773.0,78.0
39790,144.9,6.90,22.08,0.1524,6.56,2773.0,78.0
39797,142.9,7.00,22.08,0.1546,6.47,2773.0,78.0
39804,144.9,6.90,22.08,0.1524,6.56,2773.0,78.0
39811,144.9,6.90,22.08,0.1524,6.56,2773.0,78.0
39818,140.8,7.10,22.08,0.1568,6.38,2773.0,78.0
39825,144.9,6.90,22.09,0.1524,6.56,2773.0,78.0
39832,144.9,6.90,22.09,0.1524,6.56,2773.0,78.0
39839,142.9,7.00,22.09,0.1546,6.47,2773.0,78.0
39846,144.9,6.90,22.09,0.1524,6.56,2773.0,78.0
39853,144.9,6.90,22.09,0.1524,6.56,2773.0,78.0
39860,142.9,7.00,22.09,0.1546,6.47,2773.0,78.0
39867,142.9,7.00,22.09,0.1546,6.47,2773.0,78.0
39874,144.9,6.90,22.09,0.1524,6.56,2773.0,78.0
39881,142.9,7.00,22.09,0.1546,6.47,2773.0,78.0
39887,147.1,6.80,22.09,0.1502,6.66,2773.0,78.0
39894,140.8,7.10,22.09,0.1568,6.37,2773.0,78.0
39901,147.1,6.80,22.09,0.1502,6.66,2773.0,78.0
39908,142.9,7.00,22.09,0.1546,6.47,2773.0,78.0
39915,144.9,6.90,22.09,0.1524,6.56,2773.0,78.0
39922,142.9,7.00,22.09,0.1546,6.47,2773.0,78.0
39929,144.9,6.90,22.09,0.1524,6.56,2773.0,78.0
39936,144.9,6.90,22.09,0.1524,6.56,2773.0,78.0
39943,142.9,7.00,22.09,0.1546,6.47,2773.0,78.0
39950,144.9,6.90,22.09,0.1524,6.56,2773.0,78.0
39957,144.9,6.90,22.09,0.1524,6.56,2773.0,78.0
39964,140.8,7.10,22.09,0.1569,6.37,2773.0,78.0
39971,144.9,6.90,22.09,0.1524,6.56,2773.0,78.0
39978,144.9,6.90,22.09,0.1525,6.56,2773.0,78.0
39985,142.9,7.00,22.09,0.1547,6.47,2773.0,78.0
39992,144.9,6.90,22.10,0.1525,6.56,2773.0,78.0
39999,142.9,7.00,22.10,0.1547,6.47,2773.0,78.0
40005,144.9,6.90,22.10,0.1525,6.56,2773.0,78.0
40012,142.9,7.00,22.10,0.1547,6.47,2773.0,78.0
40019,144.9,6.90,22.10,0.1525,6.56,2773.0,78.0
40026,144.9,6.90,22.10,0.1525,6.56,2773.0,78.0
40033,142.9,7.00,22.10,0.1547,6.47,2773.0,78.0
40040,142.9,7.00,22.10,0.1547,6.47,2773.0,78.0
40047,144.9,6.90,22.10,0.1525,6.56,2773.0,78.0
40054,144.9,6.90,22.10,0.1525,6.56,2773.0,78.0
40061,144.9,6.90,22.10,0.1525,6.56,2773.0,78.0
40068,140.8,7.10,22.10,0.1569,6.37,2773.0,78.0
40075,147.1,6.80,22.10,0.1503,6.66,2773.0,78.0
40082,142.9,7.00,22.10,0.1547,6.47,2773.0,78.0
40089,142.9,7.00,22.10,0.1547,6.47,2773.0,78.0
40096,144.9,6.90,22.10,0.1525,6.56,2773.0,78.0
40103,144.9,6.90,22.10,0.1525,6.56,2773.0,78.0
40110,144.9,6.90,22.10,0.1525,6.56,2773.0,78.0
40117,142.9,7.00,22.10,0.1547,6.47,2773.0,78.0
40124,142.9,7.00,22.10,0.1547,6.47,2773.0,78.0
40131,142.9,7.00,22.10,0.1547,6.46,2773.0,78.0
40137,147.1,6.80,22.10,0.1503,6.65,2773.0,78.0
40144,142.9,7.00,22.10,0.1547,6.46,2773.0,78.0
40151,142.9,7.00,22.10,0.1547,6.46,2773.0,78.0
40158,147.1,6.80,22.11,0.1503,6.65,2773.0,78.0
40165,142.9,7.00,22.11,0.1547,6.46,2773.0,78.0
40172,142.9,7.00,22.11,0.1547,6.46,2773.0,78.0
40179,144.9,6.90,22.11,0.1525,6.55,2773.0,78.0
40186,144.9,6.90,22.11,0.1525,6.55,2773.0,78.0
40193,142.9,7.00,22.11,0.1548,6.46,2773.0,78.0
40200,142.9,7.00,22.11,0.1548,6.46,2773.0,78.0
40207,144.9,6.90,22.11,0.1525,6.55,2773.0,78.0
40214,144.9,6.90,22.11,0.1526,6.55,2773.0,78.0
40221,142.9,7.00,22.11,0.1548,6.46,2773.0,78.0
40228,142.9,7.00,22.11,0.1548,6.46,2773.0,78.0
40235,144.9,6.90,22.11,0.1526,6.55,2773.0,78.0
40242,144.9,6.90,22.11,0.1526,6.55,2773.0,78.0
40248,144.9,6.90,22.11,0.1526,6.55,2773.0,78.0
40255,142.9,7.00,22.11,0.1548,6.46,2773.0,78.0
40262,142.9,7.00,22.11,0.1548,6.46,2773.0,78.0
40269,147.1,6.80,22.11,0.1504,6.65,2773.0,78.0
40276,142.9,7.00,22.11,0.1548,6.46,2773.0,78.0
40283,142.9,7.00,22.11,0.1548,6.46,2773.0,78.0
40290,144.9,6.90,22.11,0.1526,6.55,2773.0,78.0
40297,142.9,7.00,22.11,0.1548,6.46,2773.0,78.0
40304,142.9,7.00,22.11,0.1548,6.46,2773.0,78.0
40311,144.9,6.90,22.11,0.1526,6.55,2773.0,78.0
40318,144.9,6.90,22.11,0.1526,6.55,2773.0,78.0
40325,144.9,6.90,22.12,0.1526,6.55,2773.0,78.0
40332,142.9,7.00,22.12,0.1548,6.46,2773.0,78.0
40339,144.9,6.90,22.12,0.1526,6.55,2773.0,78.0
40346,144.9,6.90,22.12,0.1526,6.55,2773.0,78.0
40353,142.9,7.00,22.12,0.1548,6.46,2773.0,78.0
40360,144.9,6.90,22.12,0.1526,6.55,2773.0,78.0
40367,140.8,7.10,22.12,0.1570,6.37,2773.0,78.0
40373,147.1,6.80,22.12,0.1504,6.65,2773.0,78.0
40380,142.9,7.00,22.12,0.1548,6.46,2773.0,78.0
40387,144.9,6.90,22.12,0.1526,6.55,2773.0,78.0
40394,144.9,6.90,22.12,0.1526,6.55,2773.0,78.0
40401,142.9,7.00,22.12,0.1548,6.46,2773.0,78.0
40408,144.9,6.90,22.12,0.1526,6.55,2773.0,78.0
40415,142.9,7.00,22.12,0.1548,6.46,2773.0,78.0
40422,144.9,6.90,22.12,0.1526,6.55,2773.0,78.0
40429,140.8,7.10,22.12,0.1570,6.37,2773.0,78.0
40436,147.1,6.80,22.11,0.1504,6.65,2773.0,78.0
40443,142.9,7.00,22.11,0.1548,6.46,2773.0,78.0
40450,144.9,6.90,22.11,0.1526,6.55,2773.0,78.0
40457,142.9,7.00,22.11,0.1548,6.46,2773.0,78.0
40464,144.9,6.90,22.11,0.1526,6.55,2773.0,78.0
40471,142.9,7.00,22.11,0.1548,6.46,2773.0,78.0
40478,144.9,6.90,22.11,0.1525,6.55,2773.0,78.0
40485,142.9,7.00,22.11,0.1547,6.46,2773.0,78.0
40492,144.9,6.90,22.10,0.1525,6.56,2773.0,78.0
40498,144.9,6.90,22.10,0.1525,6.56,2773.0,78.0
40505,142.9,7.00,22.10,0.1547,6.47,2773.0,78.0
40512,142.9,7.00,22.10,0.1547,6.47,2773.0,78.0
40519,144.9,6.90,22.10,0.1525,6.56,2773.0,78.0
40526,142.9,7.00,22.10,0.1547,6.47,2773.0,78.0
40533,144.9,6.90,22.10,0.1525,6.56,2773.0,78.0
40540,142.9,7.00,22.10,0.1547,6.47,2773.0,78.0
40547,147.1,6.80,22.10,0.1502,6.66,2773.0,78.0
40554,142.9,7.00,22.09,0.1547,6.47,2773.0,78.0
40561,142.9,7.00,22.09,0.1547,6.47,2773.0,78.0
40568,144.9,6.90,22.09,0.1524,6.56,2773.0,78.0
40575,142.9,7.00,22.09,0.1546,6.47,2773.0,78.0
40582,144.9,6.90,22.09,0.1524,6.56,2773.0,78.0
40589,142.9,7.00,22.09,0.1546,6.47,2773.0,78.0
40596,147.1,6.80,22.09,0.1502,6.66,2773.0,78.0
40603,142.9,7.00,22.09,0.1546,6.47,2773.0,78.0
40610,142.9,7.00,22.08,0.1546,6.47,2773.0,78.0
40617,144.9,6.90,22.08,0.1524,6.56,2773.0,78.0
40624,142.9,7.00,22.08,0.1546,6.47,2773.0,78.0
40630,144.9,6.90,22.08,0.1524,6.56,2773.0,78.0
40637,144.9,6.90,22.08,0.1524,6.56,2773.0,78.0
40644,144.9,6.90,22.08,0.1523,6.56,2773.0,78.0
40651,142.9,7.00,22.08,0.1545,6.47,2773.0,78.0
40658,142.9,7.00,22.08,0.1545,6.47,2773.0,78.0
40665,144.9,6.90,22.08,0.1523,6.56,2773.0,78.0
40672,144.9,6.90,22.07,0.1523,6.56,2773.0,78.0
40679,140.8,7.10,22.07,0.1567,6.38,2773.0,78.0
40686,147.1,6.80,22.07,0.1501,6.66,2773.0,78.0
40693,140.8,7.10,22.07,0.1567,6.38,2773.0,78.0
40700,147.1,6.80,22.07,0.1501,6.67,2773.0,78.0
40707,142.9,7.00,22.07,0.1545,6.48,2773.0,78.0
40714,144.9,6.90,22.07,0.1523,6.57,2773.0,78.0
40721,142.9,7.00,22.07,0.1545,6.48,2773.0,78.0
40728,144.9,6.90,22.06,0.1522,6.57,2773.0,78.0
40735,142.9,7.00,22.06,0.1544,6.48,2773.0,78.0
40742,144.9,6.90,22.06,0.1522,6.57,2773.0,78.0
40748,144.9,6.90,22.06,0.1522,6.57,2773.0,78.0
40755,142.9,7.00,22.06,0.1544,6.48,2773.0,78.0
40762,144.9,6.90,22.06,0.1522,6.57,2773.0,78.0
40769,142.9,7.00,22.06,0.1544,6.48,2773.0,78.0
40776,144.9,6.90,22.06,0.1522,6.57,2773.0,78.0
40783,142.9,7.00,22.06,0.1544,6.48,2773.0,78.0
40790,144.9,6.90,22.05,0.1522,6.57,2773.0,78.0
40797,144.9,6.90,22.05,0.1522,6.57,2773.0,78.0
40804,142.9,7.00,22.05,0.1544,6.48,2773.0,78.0
40811,144.9,6.90,22.05,0.1521,6.57,2773.0,78.0
40818,142.9,7.00,22.05,0.1543,6.48,2773.0,78.0
40825,144.9,6.90,22.05,0.1521,6.57,2773.0,78.0
40832,142.9,7.00,22.05,0.1543,6.48,2773.0,78.0
40839,144.9,6.90,22.05,0.1521,6.57,2773.0,78.0
40846,144.9,6.90,22.04,0.1521,6.57,2773.0,78.0
40853,142.9,7.00,22.04,0.1543,6.48,2773.0,78.0
40860,144.9,6.90,22.04,0.1521,6.57,2773.0,78.0
40867,142.9,7.00,22.04,0.1543,6.48,2773.0,78.0
40873,144.9,6.90,22.04,0.1521,6.57,2773.0,78.0
40881,140.8,7.10,22.04,0.1565,6.39,2773.0,78.0
40887,144.9,6.90,22.04,0.1521,6.58,2773.0,78.0
40894,144.9,6.90,22.04,0.1521,6.58,2773.0,78.0
40901,144.9,6.90,22.04,0.1520,6.58,2773.0,78.0
40908,144.9,6.90,22.03,0.1520,6.58,2773.0,78.0
40915,142.9,7.00,22.03,0.1542,6.49,2773.0,78.0
40922,144.9,6.90,22.03,0.1520,6.58,2773.0,78.0
40929,142.9,7.00,22.03,0.1542,6.49,2773.0,78.0
40936,142.9,7.00,22.03,0.1542,6.49,2773.0,78.0
40943,144.9,6.90,22.03,0.1520,6.58,2773.0,78.0
40950,144.9,6.90,22.03,0.1520,6.58,2773.0,78.0
40957,142.9,7.00,22.03,0.1542,6.49,2773.0,78.0
40964,142.9,7.00,22.02,0.1542,6.49,2773.0,78.0
40971,144.9,6.90,22.02,0.1520,6.58,2773.0,78.0
40978,144.9,6.90,22.02,0.1520,6.58,2773.0,78.0
40985,142.9,7.00,22.02,0.1541,6.49,2773.0,78.0
40992,144.9,6.90,22.02,0.1519,6.58,2773.0,78.0
40998,144.9,6.90,22.02,0.1519,6.58,2773.0,78.0
41005,144.9,6.90,22.02,0.1519,6.58,2773.0,78.0
41012,142.9,7.00,22.02,0.1541,6.49,2773.0,78.0
41019,144.9,6.90,22.02,0.1519,6.58,2773.0,78.0
41026,142.9,7.00,22.01,0.1541,6.49,2773.0,78.0
41033,142.9,7.00,22.01,0.1541,6.49,2773.0,78.0
41040,144.9,6.90,22.01,0.1519,6.58,2773.0,78.0
41047,144.9,6.90,22.01,0.1519,6.58,2773.0,78.0
41054,142.9,7.00,22.01,0.1541,6.49,2773.0,78.0
41061,144.9,6.90,22.01,0.1519,6.58,2773.0,78.0
41068,142.9,7.00,22.01,0.1540,6.49,2773.0,78.0
41075,142.9,7.00,22.01,0.1540,6.49,2773.0,78.0
41082,144.9,6.90,22.00,0.1518,6.59,2773.0,78.0
41089,144.9,6.90,22.00,0.1518,6.59,2773.0,78.0
41096,142.9,7.00,22.00,0.1540,6.49,2773.0,78.0
41103,144.9,6.90,22.00,0.1518,6.59,2773.0,78.0
41110,144.9,6.90,22.00,0.1518,6.59,2773.0,78.0
41117,142.9,7.00,22.00,0.1540,6.50,2773.0,78.0
41123,144.9,6.90,22.00,0.1518,6.59,2773.0,78.0
41130,142.9,7.00,22.00,0.1540,6.50,2773.0,78.0
41137,142.9,7.00,22.00,0.1540,6.50,2773.0,78.0
41144,144.9,6.90,21.99,0.1518,6.59,2773.0,78.0
41151,142.9,7.00,21.99,0.1539,6.50,2773.0,78.0
41158,147.1,6.80,21.99,0.1495,6.69,2773.0,78.0
41165,142.9,7.00,21.99,0.1539,6.50,2773.0,78.0
41172,144.9,6.90,21.99,0.1517,6.59,2773.0,78.0
41179,142.9,7.00,21.99,0.1539,6.50,2773.0,78.0
41186,144.9,6.90,21.99,0.1517,6.59,2773.0,78.0
41193,142.9,7.00,21.99,0.1539,6.50,2773.0,78.0
41200,142.9,7.00,21.98,0.1539,6.50,2773.0,78.0
41207,144.9,6.90,21.98,0.1517,6.59,2773.0,78.0
41214,142.9,7.00,21.98,0.1539,6.50,2773.0,78.0
41221,144.9,6.90,21.98,0.1517,6.59,2773.0,78.0
41228,144.9,6.90,21.98,0.1517,6.59,2773.0,78.0
41235,142.9,7.00,21.98,0.1538,6.50,2773.0,78.0
41242,144.9,6.90,21.98,0.1516,6.59,2773.0,78.0
41248,147.1,6.80,21.98,0.1494,6.69,2773.0,78.0
41255,140.8,7.10,21.97,0.1560,6.41,2773.0,78.0
41262,144.9,6.90,21.97,0.1516,6.59,2773.0,78.0
41269,144.9,6.90,21.97,0.1516,6.59,2773.0,78.0
41276,142.9,7.00,21.97,0.1538,6.50,2773.0,78.0
41283,142.9,7.00,21.97,0.1538,6.50,2773.0,78.0
41290,144.9,6.90,21.97,0.1516,6.60,2773.0,78.0
41297,142.9,7.00,21.97,0.1538,6.50,2773.0,78.0
41304,144.9,6.90,21.97,0.1516,6.60,2773.0,78.0
41311,144.9,6.90,21.97,0.1516,6.60,2773.0,78.0
41318,142.9,7.00,21.96,0.1537,6.51,2773.0,78.0
41325,144.9,6.90,21.96,0.1515,6.60,2773.0,78.0
41332,142.9,7.00,21.96,0.1537,6.51,2773.0,78.0
41339,142.9,7.00,21.96,0.1537,6.51,2773.0,78.0
41346,147.1,6.80,21.96,0.1493,6.70,2773.0,78.0
41353,142.9,7.00,21.96,0.1537,6.51,2773.0,78.0
41360,142.9,7.00,21.96,0.1537,6.51,2773.0,78.0
41367,144.9,6.90,21.96,0.1515,6.60,2773.0,78.0
41374,142.9,7.00,21.95,0.1537,6.51,2773.0,78.0
41380,144.9,6.90,21.95,0.1515,6.60,2773.0,78.0
41387,142.9,7.00,21.95,0.1537,6.51,2773.0,78.0
41394,144.9,6.90,21.95,0.1515,6.60,2773.0,78.0
41401,144.9,6.90,21.95,0.1515,6.60,2773.0,78.0
41408,142.9,7.00,21.95,0.1537,6.51,2773.0,78.0
41415,144.9,6.90,21.95,0.1515,6.60,2773.0,78.0
41422,142.9,7.00,21.95,0.1537,6.51,2773.0,78.0
41429,144.9,6.90,21.96,0.1515,6.60,2773.0,78.0
41436,142.9,7.00,21.96,0.1537,6.51,2773.0,78.0
41443,144.9,6.90,21.96,0.1515,6.60,2773.0,78.0
41450,144.9,6.90,21.96,0.1515,6.60,2773.0,78.0
41457,144.9,6.90,21.96,0.1515,6.60,2773.0,78.0
41464,140.8,7.10,21.96,0.1559,6.41,2773.0,78.0
41471,144.9,6.90,21.97,0.1516,6.60,2773.0,78.0
41478,144.9,6.90,21.97,0.1516,6.60,2773.0,78.0
41485,142.9,7.00,21.97,0.1538,6.50,2773.0,78.0
41492,144.9,6.90,21.97,0.1516,6.60,2773.0,78.0
41499,142.9,7.00,21.97,0.1538,6.50,2773.0,78.0
41505,144.9,6.90,21.97,0.1516,6.59,2773.0,78.0
41512,144.9,6.90,21.98,0.1516,6.59,2773.0,78.0
41519,144.9,6.90,21.98,0.1516,6.59,2773.0,78.0
41526,142.9,7.00,21.98,0.1538,6.50,2773.0,78.0
41533,142.9,7.00,21.98,0.1539,6.50,2773.0,78.0
41540,144.9,6.90,21.98,0.1517,6.59,2773.0,78.0
41547,142.9,7.00,21.98,0.1539,6.50,2773.0,78.0
41554,142.9,7.00,21.98,0.1539,6.50,2773.0,78.0
41561,147.1,6.80,21.99,0.1495,6.69,2773.0,78.0
41568,142.9,7.00,21.99,0.1539,6.50,2773.0,78.0
41575,144.9,6.90,21.99,0.1517,6.59,2773.0,78.0
41582,144.9,6.90,21.99,0.1517,6.59,2773.0,78.0
41589,142.9,7.00,21.99,0.1540,6.50,2773.0,78.0
41596,144.9,6.90,21.99,0.1518,6.59,2773.0,78.0
41603,142.9,7.00,22.00,0.1540,6.50,2773.0,78.0
41610,144.9,6.90,22.00,0.1518,6.59,2773.0,78.0
41617,142.9,7.00,22.00,0.1540,6.50,2773.0,78.0
41624,142.9,7.00,22.00,0.1540,6.50,2773.0,78.0
41630,144.9,6.90,22.00,0.1518,6.59,2773.0,78.0
41637,142.9,7.00,22.00,0.1540,6.49,2773.0,78.0
41644,147.1,6.80,22.01,0.1496,6.68,2773.0,78.0
41651,140.8,7.10,22.01,0.1563,6.40,2773.0,78.0
41658,144.9,6.90,22.01,0.1519,6.58,2773.0,78.0
41665,144.9,6.90,22.01,0.1519,6.58,2773.0,78.0
41672,142.9,7.00,22.01,0.1541,6.49,2773.0,78.0
41679,144.9,6.90,22.01,0.1519,6.58,2773.0,78.0
41686,144.9,6.90,22.02,0.1519,6.58,2773.0,78.0
41693,144.9,6.90,22.02,0.1519,6.58,2773.0,78.0
41700,142.9,7.00,22.02,0.1541,6.49,2773.0,78.0
41707,142.9,7.00,22.02,0.1541,6.49,2773.0,78.0
41714,144.9,6.90,22.02,0.1520,6.58,2773.0,78.0
41721,144.9,6.90,22.02,0.1520,6.58,2773.0,78.0
41728,142.9,7.00,22.02,0.1542,6.49,2773.0,78.0
41735,144.9,6.90,22.03,0.1520,6.58,2773.0,78.0
41742,142.9,7.00,22.03,0.1542,6.49,2773.0,78.0
41749,142.9,7.00,22.03,0.1542,6.49,2773.0,78.0
41755,144.9,6.90,22.03,0.1520,6.58,2773.0,78.0
41762,144.9,6.90,22.03,0.1520,6.58,2773.0,78.0
41769,142.9,7.00,22.03,0.1542,6.49,2773.0,78.0
41776,142.9,7.00,22.04,0.1543,6.48,2773.0,78.0
41783,147.1,6.80,22.04,0.1499,6.67,2773.0,78.0
41790,142.9,7.00,22.04,0.1543,6.48,2773.0,78.0
41797,142.9,7.00,22.04,0.1543,6.48,2773.0,78.0
41804,147.1,6.80,22.04,0.1499,6.67,2773.0,78.0
41811,142.9,7.00,22.04,0.1543,6.48,2773.0,78.0
41818,142.9,7.00,22.05,0.1543,6.48,2773.0,78.0
41825,144.9,6.90,22.05,0.1521,6.57,2773.0,78.0
41832,142.9,7.00,22.05,0.1543,6.48,2773.0,78.0
41839,144.9,6.90,22.05,0.1521,6.57,2773.0,78.0
41846,142.9,7.00,22.05,0.1544,6.48,2773.0,78.0
41853,144.9,6.90,22.05,0.1522,6.57,2773.0,78.0
41860,144.9,6.90,22.06,0.1522,6.57,2773.0,78.0
41867,142.9,7.00,22.06,0.1544,6.48,2773.0,78.0
41873,144.9,6.90,22.06,0.1522,6.57,2773.0,78.0
41880,142.9,7.00,22.06,0.1544,6.48,2773.0,78.0
41887,142.9,7.00,22.06,0.1544,6.48,2773.0,78.0
41894,144.9,6.90,22.06,0.1522,6.57,2773.0,78.0
41901,144.9,6.90,22.06,0.1522,6.57,2773.0,78.0
41908,144.9,6.90,22.07,0.1523,6.57,2773.0,78.0
41915,144.9,6.90,22.07,0.1523,6.57,2773.0,78.0
41922,142.9,7.00,22.07,0.1545,6.47,2773.0,78.0
41929,142.9,7.00,22.07,0.1545,6.47,2773.0,78.0
41936,144.9,6.90,22.07,0.1523,6.56,2773.0,78.0
41943,142.9,7.00,22.07,0.1545,6.47,2773.0,78.0
41950,144.9,6.90,22.08,0.1523,6.56,2773.0,78.0
41957,142.9,7.00,22.08,0.1545,6.47,2773.0,78.0
41964,144.9,6.90,22.08,0.1523,6.56,2773.0,78.0
41971,144.9,6.90,22.08,0.1524,6.56,2773.0,78.0
41978,142.9,7.00,22.08,0.1546,6.47,2773.0,78.0
41985,144.9,6.90,22.08,0.1524,6.56,2773.0,78.0
41991,144.9,6.90,22.09,0.1524,6.56,2773.0,78.0
41998,142.9,7.00,22.09,0.1546,6.47,2773.0,78.0
42005,142.9,7.00,22.09,0.1546,6.47,2773.0,78.0
42012,144.9,6.90,22.09,0.1524,6.56,2773.0,78.0
42019,142.9,7.00,22.09,0.1546,6.47,2773.0,78.0
42026,144.9,6.90,22.09,0.1524,6.56,2773.0,78.0
42033,142.9,7.00,22.10,0.1547,6.47,2773.0,78.0
42040,144.9,6.90,22.10,0.1525,6.56,2773.0,78.0
42047,144.9,6.90,22.10,0.1525,6.56,2773.0,78.0
42054,140.8,7.10,22.10,0.1569,6.37,2773.0,78.0
42061,147.1,6.80,22.10,0.1503,6.66,2773.0,78.0
42068,144.9,6.90,22.10,0.1525,6.56,2773.0,78.0
42075,140.8,7.10,22.10,0.1569,6.37,2773.0,78.0
42082,144.9,6.90,22.11,0.1525,6.55,2773.0,78.0
42089,144.9,6.90,22.11,0.1525,6.55,2773.0,78.0
42096,144.9,6.90,22.11,0.1526,6.55,2773.0,78.0
42103,142.9,7.00,22.11,0.1548,6.46,2773.0,78.0
42110,142.9,7.00,22.11,0.1548,6.46,2773.0,78.0
42117,144.9,6.90,22.11,0.1526,6.55,2773.0,78.0
42124,142.9,7.00,22.12,0.1548,6.46,2773.0,78.0
42130,147.1,6.80,22.12,0.1504,6.65,2773.0,78.0
42137,142.9,7.00,22.12,0.1548,6.46,2773.0,78.0
42144,142.9,7.00,22.12,0.1548,6.46,2773.0,78.0
42151,144.9,6.90,22.12,0.1526,6.55,2773.0,78.0
42158,144.9,6.90,22.12,0.1527,6.55,2773.0,78.0
42165,142.9,7.00,22.13,0.1549,6.46,2773.0,78.0
42172,142.9,7.00,22.13,0.1549,6.46,2773.0,78.0
42179,144.9,6.90,22.13,0.1527,6.55,2773.0,78.0
42186,142.9,7.00,22.13,0.1549,6.46,2773.0,78.0
42193,147.1,6.80,22.13,0.1505,6.65,2773.0,78.0
42200,142.9,7.00,22.13,0.1549,6.46,2773.0,78.0
42207,144.9,6.90,22.14,0.1527,6.55,2773.0,78.0
42214,142.9,7.00,22.14,0.1550,6.46,2773.0,78.0
42221,144.9,6.90,22.14,0.1528,6.55,2773.0,78.0
42228,142.9,7.00,22.14,0.1550,6.45,2773.0,78.0
42235,142.9,7.00,22.14,0.1550,6.45,2773.0,78.0
42242,144.9,6.90,22.14,0.1528,6.54,2773.0,78.0
42248,144.9,6.90,22.14,0.1528,6.54,2773.0,78.0
42255,142.9,7.00,22.15,0.1550,6.45,2773.0,78.0
42262,144.9,6.90,22.15,0.1528,6.54,2773.0,78.0
42269,144.9,6.90,22.15,0.1528,6.54,2773.0,78.0
42276,142.9,7.00,22.15,0.1551,6.45,2773.0,78.0
42283,144.9,6.90,22.15,0.1529,6.54,2773.0,78.0
42290,142.9,7.00,22.15,0.1551,6.45,2773.0,78.0
42297,144.9,6.90,22.16,0.1529,6.54,2773.0,78.0
42304,142.9,7.00,22.16,0.1551,6.45,2773.0,78.0
42311,142.9,7.00,22.16,0.1551,6.45,2773.0,78.0
42318,147.1,6.80,22.16,0.1507,6.64,2773.0,78.0
42325,142.9,7.00,22.16,0.1551,6.45,2773.0,78.0
42332,142.9,7.00,22.16,0.1551,6.45,2773.0,78.0
42339,147.1,6.80,22.17,0.1507,6.64,2773.0,78.0
42346,140.8,7.10,22.17,0.1574,6.35,2773.0,78.0
42353,144.9,6.90,22.17,0.1530,6.54,2773.0,78.0
42360,142.9,7.00,22.17,0.1552,6.45,2773.0,78.0
42366,147.1,6.80,22.17,0.1508,6.63,2773.0,78.0
42373,142.9,7.00,22.17,0.1552,6.44,2773.0,78.0
42380,142.9,7.00,22.17,0.1552,6.44,2773.0,78.0
42387,144.9,6.90,22.18,0.1530,6.53,2773.0,78.0
42394,144.9,6.90,22.18,0.1530,6.53,2773.0,78.0
42401,142.9,7.00,22.18,0.1553,6.44,2773.0,78.0
42408,144.9,6.90,22.18,0.1530,6.53,2773.0,78.0
42415,144.9,6.90,22.18,0.1531,6.53,2773.0,78.0
42422,140.8,7.10,22.18,0.1575,6.35,2773.0,78.0
42429,144.9,6.90,22.18,0.1531,6.53,2773.0,78.0
42436,144.9,6.90,22.18,0.1531,6.53,2773.0,78.0
42443,142.9,7.00,22.18,0.1553,6.44,2773.0,78.0
42450,144.9,6.90,22.18,0.1531,6.53,2773.0,78.0
42457,142.9,7.00,22.19,0.1553,6.44,2773.0,78.0
42464,144.9,6.90,22.19,0.1531,6.53,2773.0,78.0
42471,144.9,6.90,22.19,0.1531,6.53,2773.0,78.0
42478,144.9,6.90,22.19,0.1531,6.53,2773.0,78.0
42485,140.8,7.10,22.19,0.1575,6.35,2773.0,78.0
42492,144.9,6.90,22.19,0.1531,6.53,2773.0,78.0
42498,144.9,6.90,22.19,0.1531,6.53,2773.0,78.0
42505,142.9,7.00,22.19,0.1553,6.44,2773.0,78.0
42512,144.9,6.90,22.19,0.1531,6.53,2773.0,78.0
42519,142.9,7.00,22.19,0.1553,6.44,2773.0,78.0
42526,144.9,6.90,22.19,0.1531,6.53,2773.0,78.0
42533,144.9,6.90,22.19,0.1531,6.53,2773.0,78.0
42540,142.9,7.00,22.19,0.1554,6.44,2773.0,78.0
42547,144.9,6.90,22.19,0.1531,6.53,2773.0,78.0
42554,142.9,7.00,22.20,0.1554,6.44,2773.0,78.0
42561,144.9,6.90,22.20,0.1532,6.53,2773.0,78.0
42568,144.9,6.90,22.20,0.1532,6.53,2773.0,78.0
42575,142.9,7.00,22.20,0.1554,6.44,2773.0,78.0
42582,144.9,6.90,22.20,0.1532,6.53,2773.0,78.0
42589,142.9,7.00,22.20,0.1554,6.44,2773.0,78.0
42596,144.9,6.90,22.20,0.1532,6.53,2773.0,78.0
42603,144.9,6.90,22.20,0.1532,6.53,2773.0,78.0
42610,142.9,7.00,22.20,0.1554,6.44,2773.0,78.0
42617,142.9,7.00,22.20,0.1554,6.44,2773.0,78.0
42624,142.9,7.00,22.20,0.1554,6.44,2773.0,78.0
42630,144.9,6.90,22.20,0.1532,6.53,2773.0,78.0
42637,144.9,6.90,22.20,0.1532,6.53,2773.0,78.0
42644,144.9,6.90,22.20,0.1532,6.53,2773.0,78.0
42651,142.9,7.00,22.20,0.1554,6.44,2773.0,78.0
42658,144.9,6.90,22.21,0.1532,6.53,2773.0,78.0
42665,142.9,7.00,22.21,0.1554,6.44,2773.0,78.0
42672,142.9,7.00,22.21,0.1554,6.43,2773.0,78.0
42679,144.9,6.90,22.21,0.1532,6.52,2773.0,78.0
42686,142.9,7.00,22.21,0.1555,6.43,2773.0,78.0
42693,147.1,6.80,22.21,0.1510,6.62,2773.0,78.0
42700,142.9,7.00,22.21,0.1555,6.43,2773.0,78.0
42707,142.9,7.00,22.21,0.1555,6.43,2773.0,78.0
42714,144.9,6.90,22.21,0.1533,6.52,2773.0,78.0
42721,144.9,6.90,22.21,0.1533,6.52,2773.0,78.0
42728,144.9,6.90,22.21,0.1533,6.52,2773.0,78.0
42735,142.9,7.00,22.21,0.1555,6.43,2773.0,78.0
42741,144.9,6.90,22.21,0.1533,6.52,2773.0,78.0
42748,142.9,7.00,22.21,0.1555,6.43,2773.0,78.0
42755,144.9,6.90,22.22,0.1533,6.52,2773.0,78.0
42762,142.9,7.00,22.22,0.1555,6.43,2773.0,78.0
42769,144.9,6.90,22.22,0.1533,6.52,2773.0,78.0
42776,142.9,7.00,22.22,0.1555,6.43,2773.0,78.0
42783,142.9,7.00,22.22,0.1555,6.43,2773.0,78.0
42790,144.9,6.90,22.22,0.1533,6.52,2773.0,78.0
42797,144.9,6.90,22.22,0.1533,6.52,2773.0,78.0
42804,144.9,6.90,22.22,0.1533,6.52,2773.0,78.0
42811,142.9,7.00,22.22,0.1555,6.43,2773.0,78.0
42818,142.9,7.00,22.22,0.1556,6.43,2773.0,78.0
42825,144.9,6.90,22.22,0.1533,6.52,2773.0,78.0
42832,144.9,6.90,22.22,0.1533,6.52,2773.0,78.0
42839,142.9,7.00,22.22,0.1556,6.43,2773.0,78.0
42846,144.9,6.90,22.22,0.1533,6.52,2773.0,78.0
42853,142.9,7.00,22.23,0.1556,6.43,2773.0,78.0
42860,144.9,6.90,22.23,0.1534,6.52,2773.0,78.0
42867,142.9,7.00,22.23,0.1556,6.43,2773.0,78.0
42873,144.9,6.90,22.23,0.1534,6.52,2773.0,78.0
42880,142.9,7.00,22.23,0.1556,6.43,2773.0,78.0
42887,144.9,6.90,22.23,0.1534,6.52,2773.0,78.0
42894,142.9,7.00,22.23,0.1556,6.43,2773.0,78.0
42901,144.9,6.90,22.23,0.1534,6.52,2773.0,78.0
42908,144.9,6.90,22.23,0.1534,6.52,2773.0,78.0
42915,142.9,7.00,22.23,0.1556,6.43,2773.0,78.0
42922,144.9,6.90,22.23,0.1534,6.52,2773.0,78.0
42929,144.9,6.90,22.23,0.1534,6.52,2773.0,78.0
42936,142.9,7.00,22.23,0.1556,6.43,2773.0,78.0
42943,144.9,6.90,22.23,0.1534,6.52,2773.0,78.0
42950,142.9,7.00,22.23,0.1556,6.43,2773.0,78.0
42957,142.9,7.00,22.24,0.1556,6.43,2773.0,78.0
42964,144.9,6.90,22.24,0.1534,6.52,2773.0,78.0
42971,142.9,7.00,22.24,0.1557,6.43,2773.0,78.0
42978,144.9,6.90,22.24,0.1534,6.52,2773.0,78.0
42985,144.9,6.90,22.24,0.1534,6.52,2773.0,78.0
42991,144.9,6.90,22.24,0.1534,6.52,2773.0,78.0
42998,142.9,7.00,22.24,0.1557,6.43,2773.0,78.0
43005,142.9,7.00,22.24,0.1557,6.43,2773.0,78.0
43012,144.9,6.90,22.24,0.1535,6.51,2773.0,78.0
43019,144.9,6.90,22.24,0.1535,6.51,2773.0,78.0
43026,142.9,7.00,22.24,0.1557,6.42,2773.0,78.0
43033,144.9,6.90,22.24,0.1535,6.51,2773.0,78.0
43040,142.9,7.00,22.24,0.1557,6.42,2773.0,78.0
43047,144.9,6.90,22.24,0.1535,6.51,2773.0,78.0
43054,144.9,6.90,22.25,0.1535,6.51,2773.0,78.0
43061,142.9,7.00,22.25,0.1557,6.42,2773.0,78.0
43068,144.9,6.90,22.25,0.1535,6.51,2773.0,78.0
43075,144.9,6.90,22.25,0.1535,6.51,2773.0,78.0
43082,140.8,7.10,22.25,0.1580,6.33,2773.0,78.0
43089,144.9,6.90,22.25,0.1535,6.51,2773.0,78.0
43096,144.9,6.90,22.25,0.1535,6.51,2773.0,78.0
43103,142.9,7.00,22.25,0.1558,6.42,2773.0,78.0
43110,144.9,6.90,22.25,0.1535,6.51,2773.0,78.0
43117,142.9,7.00,22.25,0.1558,6.42,2773.0,78.0
43123,144.9,6.90,22.25,0.1535,6.51,2773.0,78.0
43130,144.9,6.90,22.25,0.1535,6.51,2773.0,78.0
43137,142.9,7.00,22.25,0.1558,6.42,2773.0,78.0
43144,142.9,7.00,22.25,0.1558,6.42,2773.0,78.0
43151,144.9,6.90,22.25,0.1536,6.51,2773.0,78.0
43158,144.9,6.90,22.26,0.1536,6.51,2773.0,78.0
43165,142.9,7.00,22.26,0.1558,6.42,2773.0,78.0
43172,144.9,6.90,22.26,0.1536,6.51,2773.0,78.0
43179,142.9,7.00,22.26,0.1558,6.42,2773.0,78.0
43186,144.9,6.90,22.26,0.1536,6.51,2773.0,78.0
43193,144.9,6.90,22.26,0.1536,6.51,2773.0,78.0
43200,144.9,6.90,22.26,0.1536,6.51,2773.0,78.0
43207,140.8,7.10,22.26,0.1580,6.33,2773.0,78.0
43214,144.9,6.90,22.26,0.1536,6.51,2773.0,78.0
43221,147.1,6.80,22.26,0.1514,6.61,2773.0,78.0
43228,142.9,7.00,22.26,0.1558,6.42,2773.0,78.0
43235,140.8,7.10,22.26,0.1581,6.32,2773.0,78.0
43242,144.9,6.90,22.26,0.1536,6.51,2773.0,78.0
43248,144.9,6.90,22.26,0.1536,6.51,2773.0,78.0
43255,144.9,6.90,22.27,0.1536,6.51,2773.0,78.0
43262,142.9,7.00,22.27,0.1559,6.42,2773.0,78.0
43269,142.9,7.00,22.27,0.1559,6.42,2773.0,78.0
43276,144.9,6.90,22.27,0.1536,6.51,2773.0,78.0
43283,144.9,6.90,22.27,0.1536,6.51,2773.0,78.0
43290,142.9,7.00,22.27,0.1559,6.42,2773.0,78.0
43297,144.9,6.90,22.27,0.1537,6.51,2773.0,78.0
43304,142.9,7.00,22.27,0.1559,6.42,2773.0,78.0
43311,144.9,6.90,22.27,0.1537,6.51,2773.0,78.0
43318,142.9,7.00,22.27,0.1559,6.42,2773.0,78.0
43325,147.1,6.80,22.27,0.1515,6.60,2773.0,78.0
43332,140.8,7.10,22.27,0.1581,6.32,2773.0,78.0
43339,144.9,6.90,22.27,0.1537,6.51,2773.0,78.0
43346,144.9,6.90,22.27,0.1537,6.51,2773.0,78.0
43353,142.9,7.00,22.28,0.1559,6.42,2773.0,78.0
43360,144.9,6.90,22.28,0.1537,6.50,2773.0,78.0
43366,144.9,6.90,22.28,0.1537,6.50,2773.0,78.0
43373,142.9,7.00,22.28,0.1559,6.41,2773.0,78.0
43380,142.9,7.00,22.28,0.1559,6.41,2773.0,78.0
43387,144.9,6.90,22.28,0.1537,6.50,2773.0,78.0
43394,144.9,6.90,22.28,0.1537,6.50,2773.0,78.0
43401,142.9,7.00,22.28,0.1560,6.41,2773.0,78.0
43408,144.9,6.90,22.28,0.1537,6.50,2773.0,78.0
43415,142.9,7.00,22.28,0.1560,6.41,2773.0,78.0
43422,144.9,6.90,22.28,0.1537,6.50,2773.0,78.0
43429,144.9,6.90,22.28,0.1537,6.50,2773.0,78.0
43436,142.9,7.00,22.28,0.1560,6.41,2773.0,78.0
43443,144.9,6.90,22.28,0.1537,6.50,2773.0,78.0
43450,142.9,7.00,22.28,0.1559,6.41,2773.0,78.0
43457,144.9,6.90,22.28,0.1537,6.50,2773.0,78.0
43464,142.9,7.00,22.28,0.1559,6.41,2773.0,78.0
43471,144.9,6.90,22.28,0.1537,6.50,2773.0,78.0
43478,142.9,7.00,22.28,0.1559,6.41,2773.0,78.0
43485,144.9,6.90,22.28,0.1537,6.50,2773.0,78.0
43492,142.9,7.00,22.28,0.1559,6.41,2773.0,78.0
43498,144.9,6.90,22.28,0.1537,6.50,2773.0,78.0
43505,142.9,7.00,22.28,0.1559,6.42,2773.0,78.0
43512,144.9,6.90,22.28,0.1537,6.50,2773.0,78.0
43519,144.9,6.90,22.28,0.1537,6.50,2773.0,78.0
43526,142.9,7.00,22.28,0.1559,6.42,2773.0,78.0
43533,142.9,7.00,22.27,0.1559,6.42,2773.0,78.0
43540,147.1,6.80,22.27,0.1515,6.60,2773.0,78.0
43547,140.8,7.10,22.27,0.1581,6.32,2773.0,78.0
43554,144.9,6.90,22.27,0.1537,6.51,2773.0,78.0
43561,144.9,6.90,22.27,0.1537,6.51,2773.0,78.0
43568,142.9,7.00,22.27,0.1559,6.42,2773.0,78.0
43575,144.9,6.90,22.27,0.1537,6.51,2773.0,78.0
43582,142.9,7.00,22.27,0.1559,6.42,2773.0,78.0
43589,144.9,6.90,22.27,0.1537,6.51,2773.0,78.0
43596,144.9,6.90,22.27,0.1537,6.51,2773.0,78.0
43603,144.9,6.90,22.27,0.1537,6.51,2773.0,78.0
43610,142.9,7.00,22.27,0.1559,6.42,2773.0,78.0
43617,142.9,7.00,22.27,0.1559,6.42,2773.0,78.0
43623,144.9,6.90,22.27,0.1537,6.51,2773.0,78.0
43630,144.9,6.90,22.27,0.1537,6.51,2773.0,78.0
43637,142.9,7.00,22.27,0.1559,6.42,2773.0,78.0
43644,144.9,6.90,22.27,0.1537,6.51,2773.0,78.0
43651,144.9,6.90,22.27,0.1537,6.51,2773.0,78.0
43658,140.8,7.10,22.27,0.1581,6.32,2773.0,78.0
43665,144.9,6.90,22.27,0.1537,6.51,2773.0,78.0
43672,144.9,6.90,22.27,0.1537,6.51,2773.0,78.0
43679,142.9,7.00,22.27,0.1559,6.42,2773.0,78.0
43686,144.9,6.90,22.27,0.1537,6.51,2773.0,78.0
43693,144.9,6.90,22.27,0.1537,6.51,2773.0,78.0
43700,142.9,7.00,22.27,0.1559,6.42,2773.0,78.0
43707,144.9,6.90,22.27,0.1536,6.51,2773.0,78.0
43714,142.9,7.00,22.27,0.1559,6.42,2773.0,78.0
43721,144.9,6.90,22.27,0.1536,6.51,2773.0,78.0
43728,144.9,6.90,22.27,0.1536,6.51,2773.0,78.0
43735,142.9,7.00,22.27,0.1559,6.42,2773.0,78.0
43742,142.9,7.00,22.27,0.1559,6.42,2773.0,78.0
43748,144.9,6.90,22.27,0.1536,6.51,2773.0,78.0
43755,144.9,6.90,22.27,0.1536,6.51,2773.0,78.0
43762,142.9,7.00,22.27,0.1559,6.42,2773.0,78.0
43769,144.9,6.90,22.27,0.1536,6.51,2773.0,78.0
43776,144.9,6.90,22.27,0.1536,6.51,2773.0,78.0
43783,140.8,7.10,22.26,0.1581,6.32,2773.0,78.0
43790,144.9,6.90,22.26,0.1536,6.51,2773.0,78.0
43797,144.9,6.90,22.26,0.1536,6.51,2773.0,78.0
43804,144.9,6.90,22.26,0.1536,6.51,2773.0,78.0
43811,144.9,6.90,22.26,0.1536,6.51,2773.0,78.0
43818,142.9,7.00,22.26,0.1558,6.42,2773.0,78.0
43825,142.9,7.00,22.26,0.1558,6.42,2773.0,78.0
43832,144.9,6.90,22.26,0.1536,6.51,2773.0,78.0
43839,142.9,7.00,22.26,0.1558,6.42,2773.0,78.0
43846,144.9,6.90,22.26,0.1536,6.51,2773.0,78.0
43853,142.9,7.00,22.26,0.1558,6.42,2773.0,78.0
43860,144.9,6.90,22.26,0.1536,6.51,2773.0,78.0
43866,144.9,6.90,22.26,0.1536,6.51,2773.0,78.0
43873,142.9,7.00,22.26,0.1558,6.42,2773.0,78.0
43880,144.9,6.90,22.26,0.1536,6.51,2773.0,78.0
43887,142.9,7.00,22.26,0.1558,6.42,2773.0,78.0
43894,142.9,7.00,22.26,0.1558,6.42,2773.0,78.0
43901,144.9,6.90,22.26,0.1536,6.51,2773.0,78.0
43908,147.1,6.80,22.26,0.1514,6.61,2773.0,78.0
43915,140.8,7.10,22.26,0.1580,6.33,2773.0,78.0
43922,144.9,6.90,22.26,0.1536,6.51,2773.0,78.0
43929,142.9,7.00,22.26,0.1558,6.42,2773.0,78.0
43936,144.9,6.90,22.26,0.1536,6.51,2773.0,78.0
43943,142.9,7.00,22.26,0.1558,6.42,2773.0,78.0
43950,147.1,6.80,22.26,0.1514,6.61,2773.0,78.0
43957,142.9,7.00,22.26,0.1558,6.42,2773.0,78.0
43964,142.9,7.00,22.26,0.1558,6.42,2773.0,78.0
43971,144.9,6.90,22.26,0.1536,6.51,2773.0,78.0
43978,142.9,7.00,22.26,0.1558,6.42,2773.0,78.0
43985,144.9,6.90,22.26,0.1536,6.51,2773.0,78.0
43991,144.9,6.90,22.26,0.1536,6.51,2773.0,78.0
43998,144.9,6.90,22.26,0.1536,6.51,2773.0,78.0
44005,142.9,7.00,22.26,0.1558,6.42,2773.0,78.0
44012,144.9,6.90,22.26,0.1536,6.51,2773.0,78.0
44019,142.9,7.00,22.26,0.1558,6.42,2773.0,78.0
44026,144.9,6.90,22.26,0.1536,6.51,2773.0,78.0
44033,144.9,6.90,22.25,0.1536,6.51,2773.0,78.0
44040,142.9,7.00,22.25,0.1558,6.42,2773.0,78.0
44047,140.8,7.10,22.25,0.1580,6.33,2773.0,78.0
44054,144.9,6.90,22.25,0.1536,6.51,2773.0,78.0
44061,144.9,6.90,22.25,0.1536,6.51,2773.0,78.0
44068,142.9,7.00,22.25,0.1558,6.42,2773.0,78.0
44075,144.9,6.90,22.25,0.1535,6.51,2773.0,78.0
44082,144.9,6.90,22.25,0.1535,6.51,2773.0,78.0
44089,142.9,7.00,22.25,0.1558,6.42,2773.0,78.0
44096,144.9,6.90,22.25,0.1535,6.51,2773.0,78.0
44103,142.9,7.00,22.25,0.1558,6.42,2773.0,78.0
44109,147.1,6.80,22.25,0.1513,6.61,2773.0,78.0
44116,142.9,7.00,22.25,0.1558,6.42,2773.0,78.0
44123,142.9,7.00,22.25,0.1558,6.42,2773.0,78.0
44130,142.9,7.00,22.25,0.1558,6.42,2773.0,78.0
44137,147.1,6.80,22.25,0.1513,6.61,2773.0,78.0
44144,144.9,6.90,22.25,0.1535,6.51,2773.0,78.0
44151,140.8,7.10,22.25,0.1580,6.33,2773.0,78.0
44158,144.9,6.90,22.25,0.1535,6.51,2773.0,78.0
44165,144.9,6.90,22.25,0.1535,6.51,2773.0,78.0
44172,142.9,7.00,22.25,0.1557,6.42,2773.0,78.0
44179,144.9,6.90,22.25,0.1535,6.51,2773.0,78.0
44186,142.9,7.00,22.25,0.1557,6.42,2773.0,78.0
44193,142.9,7.00,22.25,0.1557,6.42,2773.0,78.0
44200,142.9,7.00,22.25,0.1557,6.42,2773.0,78.0
44207,147.1,6.80,22.25,0.1513,6.61,2773.0,78.0
44214,142.9,7.00,22.25,0.1557,6.42,2773.0,78.0
44221,144.9,6.90,22.25,0.1535,6.51,2773.0,78.0
44228,142.9,7.00,22.25,0.1557,6.42,2773.0,78.0
44235,144.9,6.90,22.25,0.1535,6.51,2773.0,78.0
44241,144.9,6.90,22.25,0.1535,6.51,2773.0,78.0
44248,142.9,7.00,22.25,0.1557,6.42,2773.0,78.0
44255,144.9,6.90,22.25,0.1535,6.51,2773.0,78.0
44262,142.9,7.00,22.25,0.1557,6.42,2773.0,78.0
44269,144.9,6.90,22.25,0.1535,6.51,2773.0,78.0
44276,144.9,6.90,22.25,0.1535,6.51,2773.0,78.0
44283,144.9,6.90,22.24,0.1535,6.51,2773.0,78.0
44290,140.8,7.10,22.24,0.1579,6.33,2773.0,78.0
44297,144.9,6.90,22.24,0.1535,6.51,2773.0,78.0
44304,144.9,6.90,22.24,0.1535,6.51,2773.0,78.0
44311,144.9,6.90,22.24,0.1535,6.51,2773.0,78.0
44318,142.9,7.00,22.24,0.1557,6.42,2773.0,78.0
44325,142.9,7.00,22.24,0.1557,6.42,2773.0,78.0
44332,144.9,6.90,22.24,0.1535,6.51,2773.0,78.0
44339,142.9,7.00,22.24,0.1557,6.42,2773.0,78.0
44346,144.9,6.90,22.24,0.1535,6.51,2773.0,78.0
44353,142.9,7.00,22.24,0.1557,6.42,2773.0,78.0
44360,144.9,6.90,22.24,0.1535,6.51,2773.0,78.0
44366,144.9,6.90,22.24,0.1535,6.51,2773.0,78.0
44373,144.9,6.90,22.24,0.1535,6.51,2773.0,78.0
44380,142.9,7.00,22.24,0.1557,6.43,2773.0,78.0
44387,142.9,7.00,22.24,0.1557,6.43,2773.0,78.0
44394,144.9,6.90,22.24,0.1535,6.52,2773.0,78.0
44401,142.9,7.00,22.24,0.1557,6.43,2773.0,78.0
44408,144.9,6.90,22.22,0.1533,6.52,2773.0,78.0
44415,142.9,7.00,22.21,0.1554,6.44,2773.0,78.0
44422,144.9,6.90,22.19,0.1531,6.53,2773.0,78.0
44429,142.9,7.00,22.17,0.1552,6.45,2773.0,78.0
44436,144.9,6.90,22.15,0.1528,6.54,2773.0,78.0
44443,144.9,6.90,22.13,0.1527,6.55,2773.0,78.0
44450,144.9,6.90,22.12,0.1526,6.55,2773.0,78.0
44457,142.9,7.00,22.10,0.1547,6.47,2773.0,78.0
44464,142.9,7.00,22.08,0.1546,6.47,2773.0,78.0
44471,144.9,6.90,22.06,0.1522,6.57,2773.0,78.0
44478,142.9,7.00,22.04,0.1543,6.48,2773.0,78.0
44485,144.9,6.90,22.02,0.1520,6.58,2773.0,78.0
44491,144.9,6.90,22.01,0.1519,6.58,2773.0,78.0
44498,142.9,7.00,21.99,0.1539,6.50,2773.0,78.0
44505,144.9,6.90,21.97,0.1516,6.59,2773.0,78.0
44512,144.9,6.90,21.95,0.1515,6.60,2773.0,78.0
44519,142.9,7.00,21.94,0.1536,6.51,2773.0,78.0
44526,144.9,6.90,21.92,0.1512,6.61,2773.0,78.0
44533,142.9,7.00,21.90,0.1533,6.53,2773.0,78.0
44540,144.9,6.90,21.88,0.1510,6.62,2773.0,78.0
44547,142.9,7.00,21.86,0.1530,6.54,2773.0,78.0
44554,142.9,7.00,21.84,0.1529,6.54,2773.0,78.0
44561,144.9,6.90,21.83,0.1506,6.64,2773.0,78.0
44568,144.9,6.90,21.81,0.1505,6.64,2773.0,78.0
44575,142.9,7.00,21.79,0.1525,6.56,2773.0,78.0
44582,144.9,6.90,21.77,0.1502,6.66,2773.0,78.0
44589,144.9,6.90,21.75,0.1501,6.66,2773.0,78.0
44596,142.9,7.00,21.74,0.1521,6.57,2773.0,78.0
44603,142.9,7.00,21.72,0.1520,6.58,2773.0,78.0
44610,144.9,6.90,21.70,0.1497,6.68,2773.0,78.0
44616,144.9,6.90,21.68,0.1496,6.68,2773.0,78.0
44623,144.9,6.90,21.67,0.1495,6.69,2773.0,78.0
44630,142.9,7.00,21.65,0.1515,6.60,2773.0,78.0
44637,144.9,6.90,21.63,0.1492,6.70,2773.0,78.0
44644,144.9,6.90,21.61,0.1491,6.70,2773.0,78.0
44651,140.8,7.10,21.59,0.1533,6.52,2773.0,78.0
44658,144.9,6.90,21.57,0.1489,6.72,2773.0,78.0
44665,142.9,7.00,21.56,0.1509,6.63,2773.0,78.0
44672,144.9,6.90,21.54,0.1486,6.73,2773.0,78.0
44679,142.9,7.00,21.52,0.1506,6.64,2773.0,78.0
44686,144.9,6.90,21.50,0.1484,6.74,2773.0,78.0
44693,144.9,6.90,21.48,0.1482,6.74,2773.0,78.0
44700,144.9,6.90,21.47,0.1481,6.75,2773.0,78.0
44707,142.9,7.00,21.45,0.1501,6.66,2773.0,78.0
44714,142.9,7.00,21.43,0.1500,6.67,2773.0,78.0
44721,144.9,6.90,21.41,0.1477,6.77,2773.0,78.0
44728,142.9,7.00,21.39,0.1497,6.68,2773.0,78.0
44735,144.9,6.90,21.37,0.1475,6.78,2773.0,78.0
44741,144.9,6.90,21.36,0.1474,6.78,2773.0,78.0
44748,142.9,7.00,21.34,0.1494,6.70,2773.0,78.0
44755,142.9,7.00,21.32,0.1493,6.70,2773.0,78.0
44762,144.9,6.90,21.30,0.1470,6.80,2773.0,78.0
44769,144.9,6.90,21.29,0.1469,6.81,2773.0,78.0
44776,144.9,6.90,21.27,0.1467,6.81,2773.0,78.0
44783,142.9,7.00,21.25,0.1487,6.72,2773.0,78.0
44790,144.9,6.90,21.23,0.1465,6.82,2773.0,78.0
44797,142.9,7.00,21.21,0.1485,6.74,2773.0,78.0
44804,144.9,6.90,21.19,0.1462,6.84,2773.0,78.0
44811,144.9,6.90,21.18,0.1461,6.84,2773.0,78.0
44818,142.9,7.00,21.16,0.1481,6.75,2773.0,78.0
44825,142.9,7.00,21.14,0.1480,6.76,2773.0,78.0
44832,144.9,6.90,21.12,0.1457,6.86,2773.0,78.0
44839,144.9,6.90,21.10,0.1456,6.87,2773.0,78.0
44846,142.9,7.00,21.09,0.1476,6.78,2773.0,78.0
44853,142.9,7.00,21.07,0.1475,6.78,2773.0,78.0
44859,147.1,6.80,21.05,0.1432,6.99,2773.0,78.0
44867,140.8,7.10,21.03,0.1493,6.69,2773.0,78.0
44873,147.1,6.80,21.02,0.1429,7.00,2773.0,78.0
44880,142.9,7.00,21.00,0.1470,6.81,2773.0,78.0
44887,142.9,7.00,20.98,0.1469,6.81,2773.0,78.0
44894,142.9,7.00,20.96,0.1467,6.82,2773.0,78.0
44901,147.1,6.80,20.94,0.1424,7.02,2773.0,78.0
44908,142.9,7.00,20.92,0.1465,6.83,2773.0,78.0
44915,142.9,7.00,20.91,0.1463,6.84,2773.0,78.0
44922,144.9,6.90,20.89,0.1441,6.94,2773.0,78.0
44929,142.9,7.00,20.87,0.1461,6.85,2773.0,78.0
44936,147.1,6.80,20.85,0.1418,7.05,2773.0,78.0
44943,142.9,7.00,20.83,0.1458,6.86,2773.0,78.0
44950,142.9,7.00,20.82,0.1457,6.87,2773.0,78.0
44957,144.9,6.90,20.80,0.1435,6.97,2773.0,78.0
44964,144.9,6.90,20.78,0.1434,6.97,2773.0,78.0
44971,142.9,7.00,20.76,0.1453,6.88,2773.0,78.0
44978,144.9,6.90,20.74,0.1431,6.99,2773.0,78.0
44984,144.9,6.90,20.73,0.1430,6.99,2773.0,78.0
44991,142.9,7.00,20.71,0.1450,6.90,2773.0,78.0
44998,144.9,6.90,20.69,0.1428,7.00,2773.0,78.0
45005,142.9,7.00,20.67,0.1447,6.91,2773.0,78.0
45012,144.9,6.90,20.65,0.1425,7.02,2773.0,78.0
45019,142.9,7.00,20.64,0.1445,6.92,2773.0,78.0
45026,144.9,6.90,20.62,0.1423,7.03,2773.0,78.0
45033,142.9,7.00,20.60,0.1442,6.94,2773.0,78.0
45040,144.9,6.90,20.58,0.1420,7.04,2773.0,78.0
45047,142.9,7.00,20.56,0.1439,6.95,2773.0,78.0
45054,144.9,6.90,20.54,0.1418,7.05,2773.0,78.0
45061,142.9,7.00,20.53,0.1437,6.96,2773.0,78.0
45068,144.9,6.90,20.51,0.1415,7.07,2773.0,78.0
45075,144.9,6.90,20.49,0.1414,7.07,2773.0,78.0
45082,142.9,7.00,20.47,0.1433,6.98,2773.0,78.0
45089,144.9,6.90,20.45,0.1411,7.08,2773.0,78.0
45096,142.9,7.00,20.44,0.1430,6.99,2773.0,78.0
45103,144.9,6.90,20.42,0.1409,7.10,2773.0,78.0
45110,142.9,7.00,20.40,0.1428,7.01,2773.0,78.0
45116,144.9,6.90,20.38,0.1406,7.11,2773.0,78.0
45123,144.9,6.90,20.37,0.1405,7.12,2773.0,78.0
45130,142.9,7.00,20.35,0.1424,7.02,2773.0,78.0
45137,142.9,7.00,20.33,0.1423,7.03,2773.0,78.0
45144,144.9,6.90,20.31,0.1401,7.13,2773.0,78.0
45151,142.9,7.00,20.29,0.1420,7.04,2773.0,78.0
45158,144.9,6.90,20.27,0.1399,7.15,2773.0,78.0
45165,144.9,6.90,20.26,0.1398,7.15,2773.0,78.0
45172,142.9,7.00,20.24,0.1417,7.06,2773.0,78.0
45179,142.9,7.00,20.22,0.1415,7.07,2773.0,78.0
45186,144.9,6.90,20.20,0.1394,7.17,2773.0,78.0
45193,144.9,6.90,20.18,0.1393,7.18,2773.0,78.0
45200,144.9,6.90,20.17,0.1391,7.19,2773.0,78.0
45207,142.9,7.00,20.15,0.1410,7.09,2773.0,78.0
45214,144.9,6.90,20.13,0.1389,7.20,2773.0,78.0
45221,142.9,7.00,20.11,0.1408,7.11,2773.0,78.0
45228,144.9,6.90,20.09,0.1386,7.21,2773.0,78.0
45235,142.9,7.00,20.07,0.1405,7.12,2773.0,78.0
45241,144.9,6.90,20.06,0.1384,7.22,2773.0,78.0
45248,142.9,7.00,20.04,0.1403,7.13,2773.0,78.0
45255,144.9,6.90,20.02,0.1382,7.24,2773.0,78.0
45262,142.9,7.00,20.00,0.1400,7.14,2773.0,78.0
45269,144.9,6.90,19.99,0.1379,7.25,2773.0,78.0
45276,144.9,6.90,19.97,0.1378,7.26,2773.0,78.0
45283,142.9,7.00,19.95,0.1396,7.16,2773.0,78.0
45290,144.9,6.90,19.93,0.1375,7.27,2773.0,78.0
45297,142.9,7.00,19.91,0.1394,7.18,2773.0,78.0
45304,144.9,6.90,19.89,0.1373,7.28,2773.0,78.0
45311,144.9,6.90,19.88,0.1371,7.29,2773.0,78.0
45318,140.8,7.10,19.86,0.1410,7.09,2773.0,78.0
45325,144.9,6.90,19.84,0.1369,7.30,2773.0,78.0
45332,144.9,6.90,19.82,0.1368,7.31,2773.0,78.0
45339,144.9,6.90,19.80,0.1366,7.32,2773.0,78.0
45346,144.9,6.90,19.79,0.1365,7.32,2773.0,78.0
45353,142.9,7.00,19.77,0.1384,7.23,2773.0,78.0
45360,142.9,7.00,19.75,0.1382,7.24,2773.0,78.0
45366,144.9,6.90,19.73,0.1362,7.34,2773.0,78.0
45373,142.9,7.00,19.72,0.1380,7.25,2773.0,78.0
45380,144.9,6.90,19.70,0.1359,7.36,2773.0,78.0
45387,144.9,6.90,19.68,0.1358,7.36,2773.0,78.0
45394,142.9,7.00,19.66,0.1376,7.27,2773.0,78.0
45401,142.9,7.00,19.64,0.1375,7.28,2773.0,78.0
45408,147.1,6.80,19.66,0.1337,7.48,2773.0,78.0
45415,142.9,7.00,19.68,0.1377,7.26,2773.0,78.0
45422,144.9,6.90,19.70,0.1359,7.36,2773.0,78.0
45429,142.9,7.00,19.72,0.1380,7.25,2773.0,78.0
45436,144.9,6.90,19.74,0.1362,7.34,2773.0,78.0
45443,144.9,6.90,19.76,0.1364,7.33,2773.0,78.0
45450,140.8,7.10,19.78,0.1405,7.12,2773.0,78.0
45457,144.9,6.90,19.80,0.1366,7.32,2773.0,78.0
45464,142.9,7.00,19.82,0.1388,7.21,2773.0,78.0
45471,147.1,6.80,19.84,0.1349,7.41,2773.0,78.0
45478,142.9,7.00,19.86,0.1391,7.19,2773.0,78.0
45485,142.9,7.00,19.89,0.1392,7.19,2773.0,78.0
45492,142.9,7.00,19.91,0.1393,7.18,2773.0,78.0
45498,147.1,6.80,19.92,0.1355,7.38,2773.0,78.0
45505,142.9,7.00,19.94,0.1396,7.16,2773.0,78.0
45512,142.9,7.00,19.97,0.1398,7.16,2773.0,78.0
45519,144.9,6.90,19.99,0.1379,7.25,2773.0,78.0
45526,142.9,7.00,20.01,0.1400,7.14,2773.0,78.0
45533,147.1,6.80,20.03,0.1362,7.34,2773.0,78.0
45540,140.8,7.10,20.05,0.1423,7.02,2773.0,78.0
45547,144.9,6.90,20.07,0.1385,7.22,2773.0,78.0
45554,144.9,6.90,20.09,0.1386,7.21,2773.0,78.0
45561,142.9,7.00,20.11,0.1408,7.11,2773.0,78.0
45568,144.9,6.90,20.13,0.1389,7.20,2773.0,78.0
45575,144.9,6.90,20.15,0.1390,7.19,2773.0,78.0
45582,142.9,7.00,20.17,0.1412,7.08,2773.0,78.0
45589,144.9,6.90,20.19,0.1393,7.18,2773.0,78.0
45596,142.9,7.00,20.21,0.1415,7.07,2773.0,78.0
45603,144.9,6.90,20.23,0.1396,7.16,2773.0,78.0
45610,142.9,7.00,20.26,0.1418,7.05,2773.0,78.0
45617,142.9,7.00,20.28,0.1419,7.05,2773.0,78.0
45623,147.1,6.80,20.29,0.1380,7.25,2773.0,78.0
45630,142.9,7.00,20.31,0.1422,7.03,2773.0,78.0
45637,142.9,7.00,20.34,0.1423,7.03,2773.0,78.0
45644,144.9,6.90,20.36,0.1405,7.12,2773.0,78.0
45651,144.9,6.90,20.38,0.1406,7.11,2773.0,78.0
45658,142.9,7.00,20.40,0.1428,7.01,2773.0,78.0
45665,144.9,6.90,20.42,0.1409,7.10,2773.0,78.0
45672,144.9,6.90,20.44,0.1410,7.09,2773.0,78.0
45679,142.9,7.00,20.46,0.1432,6.98,2773.0,78.0
45686,142.9,7.00,20.48,0.1434,6.98,2773.0,78.0
45693,144.9,6.90,20.50,0.1415,7.07,2773.0,78.0
45700,144.9,6.90,20.52,0.1416,7.06,2773.0,78.0
45707,142.9,7.00,20.54,0.1438,6.96,2773.0,78.0
45714,142.9,7.00,20.56,0.1439,6.95,2773.0,78.0
45721,144.9,6.90,20.58,0.1420,7.04,2773.0,78.0
45728,144.9,6.90,20.60,0.1422,7.03,2773.0,78.0
45735,142.9,7.00,20.63,0.1444,6.93,2773.0,78.0
45741,144.9,6.90,20.64,0.1424,7.02,2773.0,78.0
45748,142.9,7.00,20.66,0.1446,6.92,2773.0,78.0
45755,144.9,6.90,20.68,0.1427,7.01,2773.0,78.0
45762,144.9,6.90,20.71,0.1429,7.00,2773.0,78.0
45769,142.9,7.00,20.73,0.1451,6.89,2773.0,78.0
45776,142.9,7.00,20.75,0.1452,6.89,2773.0,78.0
45783,144.9,6.90,20.77,0.1433,6.98,2773.0,78.0
45790,144.9,6.90,20.79,0.1434,6.97,2773.0,78.0
45797,142.9,7.00,20.81,0.1457,6.87,2773.0,78.0
45804,144.9,6.90,20.83,0.1437,6.96,2773.0,78.0
45811,144.9,6.90,20.85,0.1439,6.95,2773.0,78.0
45818,142.9,7.00,20.87,0.1461,6.85,2773.0,78.0
45825,142.9,7.00,20.89,0.1462,6.84,2773.0,78.0
45832,144.9,6.90,20.91,0.1443,6.93,2773.0,78.0
45839,144.9,6.90,20.93,0.1444,6.92,2773.0,78.0
45846,142.9,7.00,20.95,0.1467,6.82,2773.0,78.0
45853,144.9,6.90,20.97,0.1447,6.91,2773.0,78.0
45859,144.9,6.90,20.99,0.1448,6.90,2773.0,78.0
45866,142.9,7.00,21.01,0.1471,6.80,2773.0,78.0
45873,144.9,6.90,21.03,0.1451,6.89,2773.0,78.0
45880,142.9,7.00,21.05,0.1474,6.79,2773.0,78.0
45887,147.1,6.80,21.08,0.1433,6.98,2773.0,78.0
45894,140.8,7.10,21.10,0.1498,6.67,2773.0,78.0
45901,144.9,6.90,21.12,0.1457,6.86,2773.0,78.0
45908,142.9,7.00,21.14,0.1480,6.76,2773.0,78.0
45915,144.9,6.90,21.16,0.1460,6.85,2773.0,78.0
45922,144.9,6.90,21.18,0.1461,6.84,2773.0,78.0
45929,142.9,7.00,21.20,0.1484,6.74,2773.0,78.0
45936,142.9,7.00,21.22,0.1485,6.73,2773.0,78.0
45943,144.9,6.90,21.24,0.1466,6.82,2773.0,78.0
45950,144.9,6.90,21.26,0.1467,6.81,2773.0,78.0
45957,142.9,7.00,21.28,0.1490,6.71,2773.0,78.0
45964,144.9,6.90,21.30,0.1470,6.80,2773.0,78.0
45971,142.9,7.00,21.32,0.1493,6.70,2773.0,78.0
45978,144.9,6.90,21.34,0.1473,6.79,2773.0,78.0
45984,144.9,6.90,21.36,0.1474,6.78,2773.0,78.0
45991,144.9,6.90,21.38,0.1475,6.78,2773.0,78.0
45998,142.9,7.00,21.40,0.1498,6.68,2773.0,78.0
46005,142.9,7.00,21.42,0.1500,6.67,2773.0,78.0
46012,144.9,6.90,21.45,0.1480,6.76,2773.0,78.0
46019,144.9,6.90,21.47,0.1481,6.75,2773.0,78.0
46026,142.9,7.00,21.49,0.1504,6.65,2773.0,78.0
46033,144.9,6.90,21.51,0.1484,6.74,2773.0,78.0
46040,142.9,7.00,21.53,0.1507,6.64,2773.0,78.0
46047,142.9,7.00,21.55,0.1508,6.63,2773.0,78.0
46054,144.9,6.90,21.57,0.1488,6.72,2773.0,78.0
46061,144.9,6.90,21.59,0.1490,6.71,2773.0,78.0
46068,144.9,6.90,21.61,0.1491,6.70,2773.0,78.0
46075,142.9,7.00,21.63,0.1514,6.61,2773.0,78.0
46082,144.9,6.90,21.65,0.1494,6.69,2773.0,78.0
46089,142.9,7.00,21.67,0.1517,6.59,2773.0,78.0
46096,144.9,6.90,21.69,0.1497,6.68,2773.0,78.0
46103,142.9,7.00,21.71,0.1520,6.58,2773.0,78.0
46110,142.9,7.00,21.74,0.1521,6.57,2773.0,78.0
46116,144.9,6.90,21.75,0.1501,6.66,2773.0,78.0
46123,144.9,6.90,21.77,0.1502,6.65,2773.0,78.0
46130,142.9,7.00,21.79,0.1526,6.56,2773.0,78.0
46137,144.9,6.90,21.82,0.1505,6.64,2773.0,78.0
46144,144.9,6.90,21.84,0.1507,6.64,2773.0,78.0
46151,142.9,7.00,21.86,0.1530,6.54,2773.0,78.0
46158,142.9,7.00,21.88,0.1531,6.53,2773.0,78.0
46165,144.9,6.90,21.90,0.1511,6.62,2773.0,78.0
46172,142.9,7.00,21.92,0.1534,6.52,2773.0,78.0
46179,144.9,6.90,21.94,0.1514,6.60,2773.0,78.0
46186,142.9,7.00,21.96,0.1537,6.51,2773.0,78.0
46193,147.1,6.80,21.98,0.1495,6.69,2773.0,78.0
46200,142.9,7.00,22.00,0.1540,6.49,2773.0,78.0
46207,142.9,7.00,22.02,0.1542,6.49,2773.0,78.0
46214,144.9,6.90,22.04,0.1521,6.57,2773.0,78.0
46221,142.9,7.00,22.06,0.1544,6.48,2773.0,78.0
46228,144.9,6.90,22.08,0.1524,6.56,2773.0,78.0
46234,144.9,6.90,22.10,0.1525,6.56,2773.0,78.0
46242,140.8,7.10,22.13,0.1571,6.36,2773.0,78.0
46248,147.1,6.80,22.14,0.1506,6.64,2773.0,78.0
46255,142.9,7.00,22.16,0.1552,6.45,2773.0,78.0
46262,144.9,6.90,22.19,0.1531,6.53,2773.0,78.0
46269,142.9,7.00,22.21,0.1554,6.44,2773.0,78.0
46276,144.9,6.90,22.23,0.1534,6.52,2773.0,78.0
46283,142.9,7.00,22.25,0.1557,6.42,2773.0,78.0
46290,144.9,6.90,22.27,0.1537,6.51,2773.0,78.0
46297,142.9,7.00,22.29,0.1560,6.41,2773.0,78.0
46304,144.9,6.90,22.31,0.1539,6.49,2773.0,78.0
46311,144.9,6.90,22.33,0.1541,6.49,2773.0,78.0
46318,144.9,6.90,22.35,0.1542,6.48,2773.0,78.0
46325,142.9,7.00,22.37,0.1566,6.39,2773.0,78.0
46332,144.9,6.90,22.39,0.1545,6.47,2773.0,78.0
46339,144.9,6.90,22.41,0.1547,6.46,2773.0,78.0
46346,140.8,7.10,22.43,0.1593,6.28,2773.0,78.0
46353,144.9,6.90,22.45,0.1549,6.45,2773.0,78.0
46360,142.9,7.00,22.48,0.1573,6.36,2773.0,78.0
46366,147.1,6.80,22.49,0.1530,6.54,2773.0,78.0
46373,140.8,7.10,22.51,0.1599,6.25,2773.0,78.0
46380,147.1,6.80,22.53,0.1532,6.53,2773.0,78.0
46387,140.8,7.10,22.56,0.1601,6.24,2773.0,78.0
46394,147.1,6.80,22.58,0.1535,6.52,2773.0,78.0
46401,140.8,7.10,22.60,0.1604,6.23,2773.0,78.0
46408,144.9,6.90,22.60,0.1559,6.41,2773.0,78.0
46415,144.9,6.90,22.60,0.1560,6.41,2773.0,78.0
46422,144.9,6.90,22.60,0.1560,6.41,2773.0,78.0
46429,144.9,6.90,22.60,0.1560,6.41,2773.0,78.0
46436,140.8,7.10,22.60,0.1605,6.23,2773.0,78.0
46443,144.9,6.90,22.61,0.1560,6.41,2773.0,78.0
46450,144.9,6.90,22.61,0.1560,6.41,2773.0,78.0
46457,142.9,7.00,22.61,0.1583,6.32,2773.0,78.0
46464,144.9,6.90,22.61,0.1560,6.41,2773.0,78.0
46471,144.9,6.90,22.61,0.1560,6.41,2773.0,78.0
46478,142.9,7.00,22.61,0.1583,6.32,2773.0,78.0
46484,144.9,6.90,22.61,0.1560,6.41,2773.0,78.0
46491,144.9,6.90,22.61,0.1560,6.41,2773.0,78.0
46498,142.9,7.00,22.61,0.1583,6.32,2773.0,78.0
46505,142.9,7.00,22.61,0.1583,6.32,2773.0,78.0
46512,144.9,6.90,22.62,0.1560,6.41,2773.0,78.0
46519,142.9,7.00,22.62,0.1583,6.32,2773.0,78.0
46526,144.9,6.90,22.62,0.1561,6.41,2773.0,78.0
46533,142.9,7.00,22.62,0.1583,6.32,2773.0,78.0
46540,144.9,6.90,22.62,0.1561,6.41,2773.0,78.0
46547,142.9,7.00,22.62,0.1583,6.32,2773.0,78.0
46554,144.9,6.90,22.62,0.1561,6.41,2773.0,78.0
46561,144.9,6.90,22.62,0.1561,6.41,2773.0,78.0
46568,142.9,7.00,22.62,0.1584,6.32,2773.0,78.0
46575,142.9,7.00,22.62,0.1584,6.32,2773.0,78.0
46582,147.1,6.80,22.63,0.1539,6.50,2773.0,78.0
46589,144.9,6.90,22.63,0.1561,6.40,2773.0,78.0
46596,142.9,7.00,22.63,0.1584,6.32,2773.0,78.0
46603,142.9,7.00,22.63,0.1584,6.32,2773.0,78.0
46609,144.9,6.90,22.63,0.1561,6.40,2773.0,78.0
46616,142.9,7.00,22.63,0.1584,6.31,2773.0,78.0
46623,144.9,6.90,22.63,0.1562,6.40,2773.0,78.0
46630,142.9,7.00,22.63,0.1584,6.31,2773.0,78.0
46637,147.1,6.80,22.63,0.1539,6.50,2773.0,78.0
46644,140.8,7.10,22.63,0.1607,6.22,2773.0,78.0
46651,144.9,6.90,22.63,0.1562,6.40,2773.0,78.0
46658,142.9,7.00,22.64,0.1585,6.31,2773.0,78.0
46665,144.9,6.90,22.64,0.1562,6.40,2773.0,78.0
46672,144.9,6.90,22.64,0.1562,6.40,2773.0,78.0
46679,142.9,7.00,22.64,0.1585,6.31,2773.0,78.0
46686,144.9,6.90,22.64,0.1562,6.40,2773.0,78.0
46693,142.9,7.00,22.64,0.1585,6.31,2773.0,78.0
46700,144.9,6.90,22.64,0.1562,6.40,2773.0,78.0
46707,142.9,7.00,22.64,0.1585,6.31,2773.0,78.0
46714,142.9,7.00,22.64,0.1585,6.31,2773.0,78.0
46721,144.9,6.90,22.64,0.1562,6.40,2773.0,78.0
46728,144.9,6.90,22.65,0.1563,6.40,2773.0,78.0
46734,144.9,6.90,22.65,0.1563,6.40,2773.0,78.0
46741,142.9,7.00,22.65,0.1585,6.31,2773.0,78.0
46748,144.9,6.90,22.65,0.1563,6.40,2773.0,78.0
46755,142.9,7.00,22.65,0.1585,6.31,2773.0,78.0
46762,142.9,7.00,22.65,0.1586,6.31,2773.0,78.0
46769,144.9,6.90,22.65,0.1563,6.40,2773.0,78.0
46776,142.9,7.00,22.65,0.1586,6.31,2773.0,78.0
46783,144.9,6.90,22.65,0.1563,6.40,2773.0,78.0
46790,144.9,6.90,22.65,0.1563,6.40,2773.0,78.0
46797,144.9,6.90,22.66,0.1563,6.40,2773.0,78.0
46804,144.9,6.90,22.66,0.1563,6.40,2773.0,78.0
46811,142.9,7.00,22.66,0.1586,6.31,2773.0,78.0
46818,144.9,6.90,22.66,0.1563,6.40,2773.0,78.0
46825,142.9,7.00,22.66,0.1586,6.31,2773.0,78.0
46832,142.9,7.00,22.66,0.1586,6.31,2773.0,78.0
46839,144.9,6.90,22.66,0.1564,6.39,2773.0,78.0
46846,144.9,6.90,22.66,0.1564,6.39,2773.0,78.0
46853,142.9,7.00,22.66,0.1586,6.31,2773.0,78.0
46860,142.9,7.00,22.66,0.1586,6.31,2773.0,78.0
46866,144.9,6.90,22.66,0.1564,6.39,2773.0,78.0
46873,142.9,7.00,22.67,0.1587,6.30,2773.0,78.0
46880,144.9,6.90,22.67,0.1564,6.39,2773.0,78.0
46887,144.9,6.90,22.67,0.1564,6.39,2773.0,78.0
46894,144.9,6.90,22.67,0.1564,6.39,2773.0,78.0
46901,142.9,7.00,22.67,0.1587,6.30,2773.0,78.0
46908,142.9,7.00,22.67,0.1587,6.30,2773.0,78.0
46915,144.9,6.90,22.67,0.1564,6.39,2773.0,78.0
46922,142.9,7.00,22.67,0.1587,6.30,2773.0,78.0
46929,144.9,6.90,22.67,0.1564,6.39,2773.0,78.0
46936,144.9,6.90,22.67,0.1565,6.39,2773.0,78.0
46943,142.9,7.00,22.68,0.1587,6.30,2773.0,78.0
46950,144.9,6.90,22.68,0.1565,6.39,2773.0,78.0
46957,142.9,7.00,22.68,0.1587,6.30,2773.0,78.0
46964,144.9,6.90,22.68,0.1565,6.39,2773.0,78.0
46971,142.9,7.00,22.68,0.1588,6.30,2773.0,78.0
46978,144.9,6.90,22.68,0.1565,6.39,2773.0,78.0
46984,144.9,6.90,22.68,0.1565,6.39,2773.0,78.0
46991,142.9,7.00,22.68,0.1588,6.30,2773.0,78.0
46998,142.9,7.00,22.68,0.1588,6.30,2773.0,78.0
47005,144.9,6.90,22.68,0.1565,6.39,2773.0,78.0
47012,144.9,6.90,22.69,0.1565,6.39,2773.0,78.0
47019,144.9,6.90,22.69,0.1565,6.39,2773.0,78.0
47026,142.9,7.00,22.69,0.1588,6.30,2773.0,78.0
47033,142.9,7.00,22.69,0.1588,6.30,2773.0,78.0
47040,147.1,6.80,22.69,0.1543,6.48,2773.0,78.0
47047,144.9,6.90,22.69,0.1566,6.39,2773.0,78.0
47054,142.9,7.00,22.69,0.1588,6.30,2773.0,78.0
47061,142.9,7.00,22.69,0.1588,6.30,2773.0,78.0
47068,142.9,7.00,22.69,0.1589,6.30,2773.0,78.0
47075,144.9,6.90,22.69,0.1566,6.38,2773.0,78.0
47082,144.9,6.90,22.70,0.1566,6.38,2773.0,78.0
47089,142.9,7.00,22.70,0.1589,6.30,2773.0,78.0
47096,144.9,6.90,22.70,0.1566,6.38,2773.0,78.0
47103,142.9,7.00,22.70,0.1589,6.30,2773.0,78.0
47110,142.9,7.00,22.70,0.1589,6.30,2773.0,78.0
47116,147.1,6.80,22.70,0.1544,6.48,2773.0,78.0
47123,142.9,7.00,22.70,0.1589,6.29,2773.0,78.0
47130,142.9,7.00,22.70,0.1589,6.29,2773.0,78.0
47137,144.9,6.90,22.70,0.1567,6.38,2773.0,78.0
47144,144.9,6.90,22.70,0.1567,6.38,2773.0,78.0
47151,142.9,7.00,22.70,0.1589,6.29,2773.0,78.0
47158,144.9,6.90,22.71,0.1567,6.38,2773.0,78.0
47165,142.9,7.00,22.71,0.1589,6.29,2773.0,78.0
47172,142.9,7.00,22.71,0.1590,6.29,2773.0,78.0
47179,144.9,6.90,22.71,0.1567,6.38,2773.0,78.0
47186,144.9,6.90,22.71,0.1567,6.38,2773.0,78.0
47193,144.9,6.90,22.71,0.1567,6.38,2773.0,78.0
47200,142.9,7.00,22.71,0.1590,6.29,2773.0,78.0
47207,144.9,6.90,22.71,0.1567,6.38,2773.0,78.0
47214,142.9,7.00,22.71,0.1590,6.29,2773.0,78.0
47221,142.9,7.00,22.71,0.1590,6.29,2773.0,78.0
47228,144.9,6.90,22.72,0.1567,6.38,2773.0,78.0
47235,142.9,7.00,22.72,0.1590,6.29,2773.0,78.0
47241,144.9,6.90,22.72,0.1568,6.38,2773.0,78.0
47248,144.9,6.90,22.72,0.1568,6.38,2773.0,78.0
47255,142.9,7.00,22.72,0.1590,6.29,2773.0,78.0
47262,144.9,6.90,22.72,0.1568,6.38,2773.0,78.0
47269,144.9,6.90,22.72,0.1568,6.38,2773.0,78.0
47276,142.9,7.00,22.72,0.1591,6.29,2773.0,78.0
47283,144.9,6.90,22.72,0.1568,6.38,2773.0,78.0
47290,142.9,7.00,22.72,0.1591,6.29,2773.0,78.0
47297,144.9,6.90,22.73,0.1568,6.38,2773.0,78.0
47304,142.9,7.00,22.73,0.1591,6.29,2773.0,78.0
47311,142.9,7.00,22.73,0.1591,6.29,2773.0,78.0
47318,144.9,6.90,22.73,0.1568,6.38,2773.0,78.0
47325,144.9,6.90,22.73,0.1568,6.38,2773.0,78.0
47332,142.9,7.00,22.73,0.1591,6.29,2773.0,78.0
47339,144.9,6.90,22.73,0.1568,6.37,2773.0,78.0
47346,144.9,6.90,22.73,0.1569,6.37,2773.0,78.0
47352,144.9,6.90,22.73,0.1569,6.37,2773.0,78.0
47360,140.8,7.10,22.73,0.1614,6.19,2773.0,78.0
47366,144.9,6.90,22.73,0.1569,6.37,2773.0,78.0
47373,144.9,6.90,22.74,0.1569,6.37,2773.0,78.0
47380,142.9,7.00,22.74,0.1592,6.28,2773.0,78.0
47387,144.9,6.90,22.74,0.1569,6.37,2773.0,78.0
47394,142.9,7.00,22.74,0.1592,6.28,2773.0,78.0
47401,144.9,6.90,22.74,0.1569,6.37,2773.0,78.0
47408,142.9,7.00,22.74,0.1592,6.28,2773.0,78.0
47415,144.9,6.90,22.75,0.1569,6.37,2773.0,78.0
47422,142.9,7.00,22.75,0.1592,6.28,2773.0,78.0
47429,144.9,6.90,22.75,0.1570,6.37,2773.0,78.0
47436,142.9,7.00,22.75,0.1593,6.28,2773.0,78.0
47443,144.9,6.90,22.76,0.1570,6.37,2773.0,78.0
47450,142.9,7.00,22.76,0.1593,6.28,2773.0,78.0
47457,147.1,6.80,22.76,0.1548,6.46,2773.0,78.1
47464,142.9,7.00,22.76,0.1594,6.28,2773.0,78.1
47471,142.9,7.00,22.77,0.1594,6.28,2773.0,78.1
47478,144.9,6.90,22.77,0.1571,6.36,2773.0,78.1
47484,144.9,6.90,22.77,0.1571,6.36,2773.0,78.1
47491,142.9,7.00,22.78,0.1594,6.27,2773.0,78.1
47498,142.9,7.00,22.78,0.1594,6.27,2773.0,78.1
47505,144.9,6.90,22.78,0.1572,6.36,2773.0,78.1
47512,144.9,6.90,22.78,0.1572,6.36,2773.0,78.1
47519,144.9,6.90,22.79,0.1572,6.36,2773.0,78.1
47526,142.9,7.00,22.79,0.1595,6.27,2773.0,78.1
47533,144.9,6.90,22.79,0.1573,6.36,2773.0,78.1
47540,142.9,7.00,22.80,0.1596,6.27,2773.0,78.1
47547,144.9,6.90,22.80,0.1573,6.36,2773.0,78.1
47554,144.9,6.90,22.80,0.1573,6.36,2773.0,78.2
47561,140.8,7.10,22.80,0.1619,6.17,2773.0,78.2
47568,144.9,6.90,22.81,0.1574,6.35,2773.0,78.2
47575,144.9,6.90,22.81,0.1574,6.35,2773.0,78.2
47582,142.9,7.00,22.81,0.1597,6.26,2773.0,78.2
47589,144.9,6.90,22.81,0.1574,6.35,2773.0,78.2
47596,144.9,6.90,22.82,0.1574,6.35,2773.0,78.2
47603,142.9,7.00,22.82,0.1597,6.26,2773.0,78.2
47609,144.9,6.90,22.82,0.1575,6.35,2773.0,78.2
47616,144.9,6.90,22.83,0.1575,6.35,2773.0,78.2
47623,142.9,7.00,22.83,0.1598,6.26,2773.0,78.2
47630,144.9,6.90,22.83,0.1575,6.35,2773.0,78.2
47637,142.9,7.00,22.83,0.1598,6.26,2773.0,78.2
47644,142.9,7.00,22.84,0.1599,6.26,2773.0,78.2
47651,144.9,6.90,22.84,0.1576,6.34,2773.0,78.2
47658,142.9,7.00,22.84,0.1599,6.26,2773.0,78.3
47665,144.9,6.90,22.85,0.1576,6.34,2773.0,78.3
47672,142.9,7.00,22.85,0.1599,6.25,2773.0,78.3
47679,144.9,6.90,22.85,0.1577,6.34,2773.0,78.3
47686,144.9,6.90,22.85,0.1577,6.34,2773.0,78.3
47693,144.9,6.90,22.86,0.1577,6.34,2773.0,78.3
47700,142.9,7.00,22.86,0.1600,6.25,2773.0,78.3
47707,144.9,6.90,22.86,0.1577,6.34,2773.0,78.3
47714,142.9,7.00,22.86,0.1601,6.25,2773.0,78.3
47721,142.9,7.00,22.87,0.1601,6.25,2773.0,78.3
47727,147.1,6.80,22.87,0.1555,6.43,2773.0,78.3
47735,140.8,7.10,22.87,0.1624,6.16,2773.0,78.3
47741,144.9,6.90,22.88,0.1578,6.33,2773.0,78.3
47748,144.9,6.90,22.88,0.1579,6.33,2773.0,78.3
47755,144.9,6.90,22.88,0.1579,6.33,2773.0,78.4
47762,142.9,7.00,22.88,0.1602,6.24,2773.0,78.4
47769,142.9,7.00,22.89,0.1602,6.24,2773.0,78.4
47776,144.9,6.90,22.89,0.1579,6.33,2773.0,78.4
47783,144.9,6.90,22.89,0.1580,6.33,2773.0,78.4
47790,142.9,7.00,22.90,0.1603,6.24,2773.0,78.4
47797,144.9,6.90,22.90,0.1580,6.33,2773.0,78.4
47804,142.9,7.00,22.90,0.1603,6.24,2773.0,78.4
47811,144.9,6.90,22.90,0.1580,6.33,2773.0,78.4
47818,142.9,7.00,22.91,0.1603,6.24,2773.0,78.4
47825,144.9,6.90,22.91,0.1581,6.32,2773.0,78.4
47832,142.9,7.00,22.91,0.1604,6.24,2773.0,78.4
47839,144.9,6.90,22.91,0.1581,6.32,2773.0,78.4
47846,144.9,6.90,22.92,0.1581,6.32,2773.0,78.4
47853,142.9,7.00,22.92,0.1604,6.23,2773.0,78.5
47859,144.9,6.90,22.92,0.1582,6.32,2773.0,78.5
47866,142.9,7.00,22.93,0.1605,6.23,2773.0,78.5
47873,144.9,6.90,22.93,0.1582,6.32,2773.0,78.5
47880,144.9,6.90,22.93,0.1582,6.32,2773.0,78.5
47887,142.9,7.00,22.93,0.1605,6.23,2773.0,78.5
47894,144.9,6.90,22.94,0.1583,6.32,2773.0,78.5
47901,142.9,7.00,22.94,0.1606,6.23,2773.0,78.5
47908,142.9,7.00,22.94,0.1606,6.23,2773.0,78.5
47915,144.9,6.90,22.95,0.1583,6.32,2773.0,78.5
47922,144.9,6.90,22.95,0.1583,6.31,2773.0,78.5
47929,142.9,7.00,22.95,0.1607,6.23,2773.0,78.5
47936,144.9,6.90,22.95,0.1584,6.31,2773.0,78.5
47943,142.9,7.00,22.96,0.1607,6.22,2773.0,78.5
47950,144.9,6.90,22.96,0.1584,6.31,2773.0,78.5
47957,144.9,6.90,22.96,0.1584,6.31,2773.0,78.6
47964,142.9,7.00,22.96,0.1608,6.22,2773.0,78.6
47971,144.9,6.90,22.97,0.1585,6.31,2773.0,78.6
47978,142.9,7.00,22.97,0.1608,6.22,2773.0,78.6
47984,144.9,6.90,22.97,0.1585,6.31,2773.0,78.6
47991,144.9,6.90,22.98,0.1585,6.31,2773.0,78.6
47998,142.9,7.00,22.98,0.1608,6.22,2773.0,78.6
48005,142.9,7.00,22.98,0.1609,6.22,2773.0,78.6
48012,144.9,6.90,22.98,0.1586,6.30,2773.0,78.6
48019,144.9,6.90,22.99,0.1586,6.30,2773.0,78.6
48026,144.9,6.90,22.99,0.1586,6.30,2773.0,78.6
48033,142.9,7.00,22.99,0.1609,6.22,2773.0,78.6
48040,140.8,7.10,23.00,0.1633,6.12,2773.0,78.6
48047,147.1,6.80,23.00,0.1564,6.40,2773.0,78.6
48054,142.9,7.00,23.00,0.1610,6.21,2773.0,78.7
48061,144.9,6.90,23.00,0.1587,6.30,2773.0,78.7
48068,144.9,6.90,23.01,0.1587,6.30,2773.0,78.7
48075,142.9,7.00,23.01,0.1611,6.21,2773.0,78.7
48082,144.9,6.90,23.01,0.1588,6.30,2773.0,78.7
48089,142.9,7.00,23.01,0.1611,6.21,2773.0,78.7
48096,144.9,6.90,23.02,0.1588,6.30,2773.0,78.7
48102,144.9,6.90,23.02,0.1588,6.29,2773.0,78.7
48109,142.9,7.00,23.02,0.1612,6.21,2773.0,78.7
48116,144.9,6.90,23.03,0.1589,6.29,2773.0,78.7
48123,142.9,7.00,23.03,0.1612,6.21,2773.0,78.7
48130,142.9,7.00,23.03,0.1612,6.20,2773.0,78.7
48137,144.9,6.90,23.03,0.1589,6.29,2773.0,78.7
48144,142.9,7.00,23.04,0.1613,6.20,2773.0,78.7
48151,144.9,6.90,23.04,0.1590,6.29,2773.0,78.7
48158,144.9,6.90,23.04,0.1590,6.29,2773.0,78.8
48165,142.9,7.00,23.05,0.1613,6.20,2773.0,78.8
48172,144.9,6.90,23.05,0.1590,6.29,2773.0,78.8
48179,144.9,6.90,23.05,0.1591,6.29,2773.0,78.8
48186,142.9,7.00,23.05,0.1614,6.20,2773.0,78.8
48193,142.9,7.00,23.06,0.1614,6.20,2773.0,78.8
48200,144.9,6.90,23.06,0.1591,6.28,2773.0,78.8
48207,142.9,7.00,23.06,0.1614,6.20,2773.0,78.8
48214,144.9,6.90,23.06,0.1591,6.28,2773.0,78.8
48221,144.9,6.90,23.07,0.1592,6.28,2773.0,78.8
48228,142.9,7.00,23.07,0.1615,6.19,2773.0,78.8
48234,144.9,6.90,23.07,0.1592,6.28,2773.0,78.8
48241,142.9,7.00,23.08,0.1615,6.19,2773.0,78.8
48248,144.9,6.90,23.08,0.1592,6.28,2773.0,78.8
48255,144.9,6.90,23.08,0.1593,6.28,2773.0,78.9
48262,142.9,7.00,23.08,0.1616,6.19,2773.0,78.9
48269,144.9,6.90,23.09,0.1593,6.28,2773.0,78.9
48276,142.9,7.00,23.09,0.1616,6.19,2773.0,78.9
48283,144.9,6.90,23.09,0.1593,6.27,2773.0,78.9
48290,142.9,7.00,23.10,0.1617,6.19,2773.0,78.9
48297,144.9,6.90,23.10,0.1594,6.27,2773.0,78.9
48304,144.9,6.90,23.10,0.1594,6.27,2773.0,78.9
48311,142.9,7.00,23.10,0.1617,6.19,2773.0,78.9
48318,142.9,7.00,23.11,0.1617,6.18,2773.0,78.9
48325,144.9,6.90,23.11,0.1595,6.27,2773.0,78.9
48332,142.9,7.00,23.11,0.1618,6.18,2773.0,78.9
48339,144.9,6.90,23.11,0.1595,6.27,2773.0,78.9
48346,144.9,6.90,23.12,0.1595,6.27,2773.0,78.9
48353,142.9,7.00,23.12,0.1618,6.18,2773.0,79.0
48359,144.9,6.90,23.12,0.1595,6.27,2773.0,79.0
48366,144.9,6.90,23.13,0.1596,6.27,2773.0,79.0
48373,144.9,6.90,23.13,0.1596,6.27,2773.0,79.0
48380,142.9,7.00,23.13,0.1619,6.18,2773.0,79.0
48387,142.9,7.00,23.13,0.1619,6.18,2773.0,79.0
48394,144.9,6.90,23.14,0.1596,6.26,2773.0,79.0
48401,144.9,6.90,23.14,0.1597,6.26,2773.0,79.0
48408,142.9,7.00,23.14,0.1620,6.18,2773.0,79.0
48415,142.9,7.00,23.14,0.1620,6.18,2773.0,79.0
48422,144.9,6.90,23.14,0.1597,6.26,2773.0,79.0
48429,144.9,6.90,23.14,0.1597,6.26,2773.0,79.0
48436,142.9,7.00,23.14,0.1620,6.18,2773.0,79.0
48443,144.9,6.90,23.14,0.1597,6.26,2773.0,79.0
48450,142.9,7.00,23.14,0.1620,6.17,2773.0,79.0
48457,144.9,6.90,23.14,0.1597,6.26,2773.0,78.9
48464,142.9,7.00,23.14,0.1620,6.17,2773.0,78.9
48471,142.9,7.00,23.14,0.1620,6.17,2773.0,78.9
48478,144.9,6.90,23.14,0.1597,6.26,2773.0,78.9
48484,144.9,6.90,23.14,0.1597,6.26,2773.0,78.9
48491,144.9,6.90,23.14,0.1597,6.26,2773.0,78.9
48498,142.9,7.00,23.14,0.1620,6.17,2773.0,78.9
48505,144.9,6.90,23.14,0.1597,6.26,2773.0,78.9
48512,142.9,7.00,23.14,0.1620,6.17,2773.0,78.9
48519,144.9,6.90,23.14,0.1597,6.26,2773.0,78.9
48526,144.9,6.90,23.14,0.1597,6.26,2773.0,78.9
48533,142.9,7.00,23.15,0.1620,6.17,2773.0,78.9
48540,142.9,7.00,23.15,0.1620,6.17,2773.0,78.9
48547,144.9,6.90,23.15,0.1597,6.26,2773.0,78.9
48554,144.9,6.90,23.15,0.1597,6.26,2773.0,78.8
48561,142.9,7.00,23.15,0.1620,6.17,2773.0,78.8
48568,142.9,7.00,23.15,0.1620,6.17,2773.0,78.8
48575,144.9,6.90,23.15,0.1597,6.26,2773.0,78.8
48582,144.9,6.90,23.15,0.1597,6.26,2773.0,78.8
48589,142.9,7.00,23.15,0.1620,6.17,2773.0,78.8
48596,144.9,6.90,23.15,0.1597,6.26,2773.0,78.8
48602,144.9,6.90,23.15,0.1597,6.26,2773.0,78.8
48609,142.9,7.00,23.15,0.1620,6.17,2773.0,78.8
48616,144.9,6.90,23.15,0.1597,6.26,2773.0,78.8
48623,142.9,7.00,23.15,0.1620,6.17,2773.0,78.8
48630,142.9,7.00,23.15,0.1620,6.17,2773.0,78.8
48637,144.9,6.90,23.15,0.1597,6.26,2773.0,78.8
48644,144.9,6.90,23.15,0.1597,6.26,2773.0,78.8
48651,144.9,6.90,23.15,0.1597,6.26,2773.0,78.8
48658,142.9,7.00,23.15,0.1621,6.17,2773.0,78.7
48665,144.9,6.90,23.15,0.1597,6.26,2773.0,78.7
48672,142.9,7.00,23.15,0.1621,6.17,2773.0,78.7
48679,142.9,7.00,23.15,0.1621,6.17,2773.0,78.7
48686,142.9,7.00,23.15,0.1621,6.17,2773.0,78.7
48693,147.1,6.80,23.15,0.1574,6.35,2773.0,78.7
48700,142.9,7.00,23.15,0.1621,6.17,2773.0,78.7
48707,142.9,7.00,23.15,0.1621,6.17,2773.0,78.7
48714,147.1,6.80,23.15,0.1574,6.35,2773.0,78.7
48720,144.9,6.90,23.15,0.1598,6.26,2773.0,78.7
48727,142.9,7.00,23.15,0.1621,6.17,2773.0,78.7
48734,144.9,6.90,23.15,0.1598,6.26,2773.0,78.7
48741,142.9,7.00,23.15,0.1621,6.17,2773.0,78.7
48748,144.9,6.90,23.15,0.1598,6.26,2773.0,78.7
48755,142.9,7.00,23.15,0.1621,6.17,2773.0,78.6
48762,144.9,6.90,23.15,0.1598,6.26,2773.0,78.6
48769,142.9,7.00,23.15,0.1621,6.17,2773.0,78.6
48776,144.9,6.90,23.15,0.1598,6.26,2773.0,78.6
48783,142.9,7.00,23.16,0.1621,6.17,2773.0,78.6
48790,144.9,6.90,23.16,0.1598,6.26,2773.0,78.6
48797,142.9,7.00,23.16,0.1621,6.17,2773.0,78.6
48804,142.9,7.00,23.16,0.1621,6.17,2773.0,78.6
48811,144.9,6.90,23.16,0.1598,6.26,2773.0,78.6
48818,144.9,6.90,23.16,0.1598,6.26,2773.0,78.6
48825,142.9,7.00,23.16,0.1621,6.17,2773.0,78.6
48832,144.9,6.90,23.16,0.1598,6.26,2773.0,78.6
48839,144.9,6.90,23.16,0.1598,6.26,2773.0,78.6
48846,142.9,7.00,23.16,0.1621,6.17,2773.0,78.6
48852,144.9,6.90,23.16,0.1598,6.26,2773.0,78.5
48859,142.9,7.00,23.16,0.1621,6.17,2773.0,78.5
48866,144.9,6.90,23.16,0.1598,6.26,2773.0,78.5
48873,144.9,6.90,23.16,0.1598,6.26,2773.0,78.5
48880,144.9,6.90,23.16,0.1598,6.26,2773.0,78.5
48887,142.9,7.00,23.16,0.1621,6.17,2773.0,78.5
48894,142.9,7.00,23.16,0.1621,6.17,2773.0,78.5
48901,144.9,6.90,23.16,0.1598,6.26,2773.0,78.5
48908,142.9,7.00,23.16,0.1621,6.17,2773.0,78.5
48915,142.9,7.00,23.16,0.1621,6.17,2773.0,78.5
48922,144.9,6.90,23.16,0.1598,6.26,2773.0,78.5
48929,144.9,6.90,23.16,0.1598,6.26,2773.0,78.5
48936,142.9,7.00,23.16,0.1621,6.17,2773.0,78.5
48943,144.9,6.90,23.16,0.1598,6.26,2773.0,78.5
48950,142.9,7.00,23.16,0.1621,6.17,2773.0,78.5
48957,144.9,6.90,23.16,0.1598,6.26,2773.0,78.4
48964,144.9,6.90,23.16,0.1598,6.26,2773.0,78.4
48971,142.9,7.00,23.16,0.1621,6.17,2773.0,78.4
48978,142.9,7.00,23.16,0.1621,6.17,2773.0,78.4
48984,144.9,6.90,23.16,0.1598,6.26,2773.0,78.4
48991,144.9,6.90,23.16,0.1598,6.26,2773.0,78.4
48998,144.9,6.90,23.16,0.1598,6.26,2773.0,78.4
49005,142.9,7.00,23.16,0.1621,6.17,2773.0,78.4
49012,142.9,7.00,23.16,0.1622,6.17,2773.0,78.4
49019,144.9,6.90,23.16,0.1598,6.26,2773.0,78.4
49026,144.9,6.90,23.16,0.1598,6.26,2773.0,78.4
49033,142.9,7.00,23.17,0.1622,6.17,2773.0,78.4
49040,144.9,6.90,23.17,0.1598,6.25,2773.0,78.4
49047,144.9,6.90,23.17,0.1598,6.25,2773.0,78.4
49054,142.9,7.00,23.17,0.1622,6.17,2773.0,78.3
49061,142.9,7.00,23.17,0.1622,6.17,2773.0,78.3
49068,144.9,6.90,23.17,0.1598,6.25,2773.0,78.3
49075,142.9,7.00,23.17,0.1622,6.17,2773.0,78.3
49082,144.9,6.90,23.17,0.1599,6.25,2773.0,78.3
49089,144.9,6.90,23.17,0.1599,6.25,2773.0,78.3
49096,142.9,7.00,23.17,0.1622,6.17,2773.0,78.3
49102,144.9,6.90,23.17,0.1599,6.25,2773.0,78.3
49109,144.9,6.90,23.17,0.1599,6.25,2773.0,78.3
49116,142.9,7.00,23.17,0.1622,6.17,2773.0,78.3
49123,144.9,6.90,23.17,0.1599,6.25,2773.0,78.3
49130,142.9,7.00,23.17,0.1622,6.17,2773.0,78.3
49137,144.9,6.90,23.17,0.1599,6.25,2773.0,78.3
49144,142.9,7.00,23.17,0.1622,6.17,2773.0,78.3
49151,144.9,6.90,23.17,0.1599,6.25,2773.0,78.3
49158,144.9,6.90,23.17,0.1599,6.25,2773.0,78.2
49165,140.8,7.10,23.17,0.1645,6.08,2773.0,78.2
49172,144.9,6.90,23.17,0.1599,6.25,2773.0,78.2
49179,144.9,6.90,23.17,0.1599,6.25,2773.0,78.2
49186,142.9,7.00,23.17,0.1622,6.17,2773.0,78.2
49193,144.9,6.90,23.17,0.1599,6.25,2773.0,78.2
49200,144.9,6.90,23.17,0.1599,6.25,2773.0,78.2
49207,142.9,7.00,23.17,0.1622,6.17,2773.0,78.2
49214,142.9,7.00,23.17,0.1622,6.17,2773.0,78.2
49220,147.1,6.80,23.17,0.1576,6.35,2773.0,78.2
49228,140.8,7.10,23.17,0.1645,6.08,2773.0,78.2
49234,144.9,6.90,23.17,0.1599,6.25,2773.0,78.2
49241,144.9,6.90,23.17,0.1599,6.25,2773.0,78.2
49248,142.9,7.00,23.17,0.1622,6.17,2773.0,78.2
49255,144.9,6.90,23.17,0.1599,6.25,2773.0,78.1
49262,142.9,7.00,23.17,0.1622,6.17,2773.0,78.1
49269,144.9,6.90,23.17,0.1599,6.25,2773.0,78.1
49276,144.9,6.90,23.17,0.1599,6.25,2773.0,78.1
49283,142.9,7.00,23.18,0.1622,6.17,2773.0,78.1
49290,144.9,6.90,23.18,0.1599,6.25,2773.0,78.1
49297,142.9,7.00,23.18,0.1622,6.17,2773.0,78.1
49304,144.9,6.90,23.18,0.1599,6.25,2773.0,78.1
49311,142.9,7.00,23.18,0.1622,6.17,2773.0,78.1
49318,142.9,7.00,23.18,0.1622,6.17,2773.0,78.1
49325,144.9,6.90,23.18,0.1599,6.25,2773.0,78.1
49332,144.9,6.90,23.18,0.1599,6.25,2773.0,78.1
49339,142.9,7.00,23.18,0.1622,6.17,2773.0,78.1
49346,144.9,6.90,23.18,0.1599,6.25,2773.0,78.1
49352,144.9,6.90,23.18,0.1599,6.25,2773.0,78.0
49359,142.9,7.00,23.18,0.1622,6.17,2773.0,78.0
49366,142.9,7.00,23.18,0.1622,6.17,2773.0,78.0
49373,147.1,6.80,23.18,0.1576,6.35,2773.0,78.0
49380,142.9,7.00,23.18,0.1623,6.17,2773.0,78.0
49387,144.9,6.90,23.18,0.1599,6.25,2773.0,78.0
49394,142.9,7.00,23.18,0.1623,6.16,2773.0,78.0
49401,144.9,6.90,23.18,0.1599,6.25,2773.0,78.0
49408,144.9,6.90,23.17,0.1599,6.25,2773.0,78.0
49415,142.9,7.00,23.17,0.1622,6.17,2773.0,78.0
49422,142.9,7.00,23.16,0.1621,6.17,2773.0,78.0
49429,144.9,6.90,23.16,0.1598,6.26,2773.0,78.0
49436,142.9,7.00,23.15,0.1620,6.17,2773.0,78.0
49443,144.9,6.90,23.14,0.1597,6.26,2773.0,78.0
49450,142.9,7.00,23.14,0.1620,6.18,2773.0,78.0
49457,144.9,6.90,23.13,0.1596,6.26,2773.0,78.0
49464,142.9,7.00,23.12,0.1619,6.18,2773.0,78.0
49471,144.9,6.90,23.12,0.1595,6.27,2773.0,78.0
49477,144.9,6.90,23.11,0.1595,6.27,2773.0,78.0
49484,142.9,7.00,23.11,0.1617,6.18,2773.0,78.0
49491,142.9,7.00,23.10,0.1617,6.19,2773.0,78.0
49498,147.1,6.80,23.09,0.1570,6.37,2773.0,78.0
49505,142.9,7.00,23.09,0.1616,6.19,2773.0,78.0
49512,144.9,6.90,23.08,0.1593,6.28,2773.0,78.0
49519,142.9,7.00,23.07,0.1615,6.19,2773.0,78.0
49526,144.9,6.90,23.07,0.1592,6.28,2773.0,78.0
49533,144.9,6.90,23.06,0.1591,6.28,2773.0,78.0
49540,140.8,7.10,23.06,0.1637,6.11,2773.0,78.0
49547,144.9,6.90,23.05,0.1590,6.29,2773.0,78.0
49554,144.9,6.90,23.04,0.1590,6.29,2773.0,78.0
49561,142.9,7.00,23.04,0.1613,6.20,2773.0,78.0
49568,144.9,6.90,23.03,0.1589,6.29,2773.0,78.0
49575,142.9,7.00,23.02,0.1612,6.21,2773.0,78.0
49582,144.9,6.90,23.02,0.1588,6.30,2773.0,78.0
49589,142.9,7.00,23.01,0.1611,6.21,2773.0,78.0
49596,144.9,6.90,23.01,0.1587,6.30,2773.0,78.0
49602,144.9,6.90,23.00,0.1587,6.30,2773.0,78.0
49609,142.9,7.00,22.99,0.1610,6.21,2773.0,78.0
49616,144.9,6.90,22.99,0.1586,6.30,2773.0,78.0
49623,144.9,6.90,22.98,0.1586,6.31,2773.0,78.0
49630,142.9,7.00,22.97,0.1608,6.22,2773.0,78.0
49637,144.9,6.90,22.97,0.1585,6.31,2773.0,78.0
49644,142.9,7.00,22.96,0.1607,6.22,2773.0,78.0
49651,144.9,6.90,22.96,0.1584,6.31,2773.0,78.0
49658,140.8,7.10,22.95,0.1629,6.14,2773.0,78.0
49665,144.9,6.90,22.94,0.1583,6.32,2773.0,78.0
49672,144.9,6.90,22.94,0.1583,6.32,2773.0,78.0
49679,144.9,6.90,22.93,0.1582,6.32,2773.0,78.0
49686,142.9,7.00,22.92,0.1605,6.23,2773.0,78.0
49693,144.9,6.90,22.92,0.1581,6.32,2773.0,78.0
49700,144.9,6.90,22.91,0.1581,6.32,2773.0,78.0
49707,142.9,7.00,22.91,0.1603,6.24,2773.0,78.0
49714,142.9,7.00,22.90,0.1603,6.24,2773.0,78.0
49721,144.9,6.90,22.89,0.1580,6.33,2773.0,78.0
49727,144.9,6.90,22.89,0.1579,6.33,2773.0,78.0
49734,144.9,6.90,22.88,0.1579,6.33,2773.0,78.0
49741,142.9,7.00,22.87,0.1601,6.25,2773.0,78.0
49748,144.9,6.90,22.87,0.1578,6.34,2773.0,78.0
49755,142.9,7.00,22.86,0.1600,6.25,2773.0,78.0
49762,144.9,6.90,22.86,0.1577,6.34,2773.0,78.0
49769,142.9,7.00,22.85,0.1599,6.25,2773.0,78.0
49776,144.9,6.90,22.84,0.1576,6.34,2773.0,78.0
49783,144.9,6.90,22.84,0.1576,6.34,2773.0,78.0
49790,142.9,7.00,22.83,0.1598,6.26,2773.0,78.0
49797,144.9,6.90,22.82,0.1575,6.35,2773.0,78.0
49804,140.8,7.10,22.82,0.1620,6.17,2773.0,78.0
49811,147.1,6.80,22.81,0.1551,6.45,2773.0,78.0
49818,142.9,7.00,22.81,0.1596,6.27,2773.0,78.0
49825,142.9,7.00,22.80,0.1596,6.27,2773.0,78.0
49832,144.9,6.90,22.79,0.1573,6.36,2773.0,78.0
49839,144.9,6.90,22.79,0.1572,6.36,2773.0,78.0
49846,142.9,7.00,22.78,0.1595,6.27,2773.0,78.0
49852,144.9,6.90,22.77,0.1571,6.36,2773.0,78.0
49859,144.9,6.90,22.77,0.1571,6.36,2773.0,78.0
49866,142.9,7.00,22.76,0.1593,6.28,2773.0,78.0
49873,144.9,6.90,22.76,0.1570,6.37,2773.0,78.0
49880,142.9,7.00,22.75,0.1592,6.28,2773.0,78.0
49887,144.9,6.90,22.74,0.1569,6.37,2773.0,78.0
49894,142.9,7.00,22.74,0.1592,6.28,2773.0,78.0
49901,144.9,6.90,22.73,0.1568,6.37,2773.0,78.0
49908,144.9,6.90,22.72,0.1568,6.38,2773.0,78.0
49915,140.8,7.10,22.72,0.1613,6.20,2773.0,78.0
49922,144.9,6.90,22.71,0.1567,6.38,2773.0,78.0
49929,144.9,6.90,22.71,0.1567,6.38,2773.0,78.0
49936,144.9,6.90,22.70,0.1566,6.38,2773.0,78.0
49943,142.9,7.00,22.69,0.1589,6.30,2773.0,78.0
49950,144.9,6.90,22.69,0.1565,6.39,2773.0,78.0
49957,142.9,7.00,22.68,0.1588,6.30,2773.0,78.0
49964,144.9,6.90,22.67,0.1565,6.39,2773.0,78.0
49971,142.9,7.00,22.67,0.1587,6.30,2773.0,78.0
49977,144.9,6.90,22.66,0.1564,6.39,2773.0,78.0
49984,142.9,7.00,22.66,0.1586,6.31,2773.0,78.0
49991,144.9,6.90,22.65,0.1563,6.40,2773.0,78.0
49998,144.9,6.90,22.64,0.1562,6.40,2773.0,78.0
50005,142.9,7.00,22.64,0.1585,6.31,2773.0,78.0
50012,144.9,6.90,22.63,0.1562,6.40,2773.0,78.0
50019,142.9,7.00,22.62,0.1584,6.32,2773.0,78.0
50026,144.9,6.90,22.62,0.1561,6.41,2773.0,78.0
50033,142.9,7.00,22.61,0.1583,6.32,2773.0,78.0
50040,144.9,6.90,22.61,0.1560,6.41,2773.0,78.0
50047,144.9,6.90,22.60,0.1559,6.41,2773.0,78.0
50054,142.9,7.00,22.59,0.1582,6.32,2773.0,78.0
50061,142.9,7.00,22.59,0.1581,6.33,2773.0,78.0
50068,144.9,6.90,22.58,0.1558,6.42,2773.0,78.0
50075,144.9,6.90,22.57,0.1558,6.42,2773.0,78.0
50082,142.9,7.00,22.57,0.1580,6.33,2773.0,78.0
50089,144.9,6.90,22.56,0.1557,6.42,2773.0,78.0
50095,144.9,6.90,22.56,0.1556,6.42,2773.0,78.0
50102,142.9,7.00,22.55,0.1578,6.34,2773.0,78.0
50109,142.9,7.00,22.54,0.1578,6.34,2773.0,78.0
50116,144.9,6.90,22.54,0.1555,6.43,2773.0,78.0
50123,144.9,6.90,22.53,0.1555,6.43,2773.0,78.0
50130,142.9,7.00,22.52,0.1577,6.34,2773.0,78.0
50137,142.9,7.00,22.52,0.1576,6.35,2773.0,78.0
50144,144.9,6.90,22.51,0.1553,6.44,2773.0,78.0
50151,144.9,6.90,22.51,0.1553,6.44,2773.0,78.0
50158,142.9,7.00,22.50,0.1575,6.35,2773.0,78.0
50165,144.9,6.90,22.49,0.1552,6.44,2773.0,78.0
50172,144.9,6.90,22.49,0.1552,6.44,2773.0,78.0
50179,142.9,7.00,22.48,0.1574,6.36,2773.0,78.0
50186,142.9,7.00,22.47,0.1573,6.36,2773.0,78.0
50193,144.9,6.90,22.47,0.1550,6.45,2773.0,78.0
50200,142.9,7.00,22.46,0.1572,6.36,2773.0,78.0
50207,144.9,6.90,22.46,0.1549,6.45,2773.0,78.0
50214,144.9,6.90,22.45,0.1549,6.45,2773.0,78.0
50221,142.9,7.00,22.44,0.1571,6.37,2773.0,78.0
50227,144.9,6.90,22.44,0.1548,6.46,2773.0,78.0
50234,144.9,6.90,22.43,0.1548,6.46,2773.0,78.0
50241,142.9,7.00,22.42,0.1570,6.37,2773.0,78.0
50248,142.9,7.00,22.42,0.1569,6.37,2773.0,78.0
50255,144.9,6.90,22.41,0.1546,6.47,2773.0,78.0
50262,144.9,6.90,22.41,0.1546,6.47,2773.0,78.0
50269,140.8,7.10,22.40,0.1590,6.29,2773.0,78.0
50276,144.9,6.90,22.39,0.1545,6.47,2773.0,78.0
50283,144.9,6.90,22.39,0.1545,6.47,2773.0,78.0
50290,144.9,6.90,22.38,0.1544,6.47,2773.0,78.0
50297,144.9,6.90,22.37,0.1544,6.48,2773.0,78.0
50304,142.9,7.00,22.37,0.1566,6.39,2773.0,78.0
50311,144.9,6.90,22.36,0.1543,6.48,2773.0,78.0
50318,142.9,7.00,22.36,0.1565,6.39,2773.0,78.0
50325,144.9,6.90,22.35,0.1542,6.48,2773.0,78.0
50332,142.9,7.00,22.34,0.1564,6.40,2773.0,78.0
50339,144.9,6.90,22.34,0.1541,6.49,2773.0,78.0
50346,142.9,7.00,22.33,0.1563,6.40,2773.0,78.0
50353,142.9,7.00,22.32,0.1563,6.40,2773.0,78.0
50359,144.9,6.90,22.32,0.1540,6.49,2773.0,78.0
50366,144.9,6.90,22.31,0.1540,6.49,2773.0,78.0
50373,142.9,7.00,22.31,0.1561,6.41,2773.0,78.0
50380,144.9,6.90,22.30,0.1539,6.50,2773.0,78.0
50387,142.9,7.00,22.29,0.1561,6.41,2773.0,78.0
50394,144.9,6.90,22.29,0.1538,6.50,2773.0,78.0
50401,142.9,7.00,22.28,0.1560,6.41,2773.0,78.0
50408,147.1,6.80,22.28,0.1515,6.60,2773.0,78.0
50415,140.8,7.10,22.28,0.1582,6.32,2773.0,78.0
50422,144.9,6.90,22.27,0.1537,6.51,2773.0,78.0
50429,144.9,6.90,22.27,0.1537,6.51,2773.0,78.0
50436,142.9,7.00,22.27,0.1559,6.42,2773.0,78.0
50443,147.1,6.80,22.27,0.1514,6.61,2773.0,78.0
50450,140.8,7.10,22.26,0.1581,6.32,2773.0,78.0
50457,144.9,6.90,22.26,0.1536,6.51,2773.0,78.0
50464,144.9,6.90,22.26,0.1536,6.51,2773.0,78.0
50471,142.9,7.00,22.26,0.1558,6.42,2773.0,78.0
50478,142.9,7.00,22.25,0.1558,6.42,2773.0,78.0
50484,144.9,6.90,22.25,0.1535,6.51,2773.0,78.0
50491,144.9,6.90,22.25,0.1535,6.51,2773.0,78.0
50498,144.9,6.90,22.25,0.1535,6.51,2773.0,78.0
50505,142.9,7.00,22.25,0.1557,6.42,2773.0,78.0
50512,144.9,6.90,22.24,0.1535,6.51,2773.0,78.0
50519,142.9,7.00,22.24,0.1557,6.42,2773.0,78.0
50526,142.9,7.00,22.24,0.1557,6.43,2773.0,78.0
50533,144.9,6.90,22.24,0.1534,6.52,2773.0,78.0
50540,142.9,7.00,22.23,0.1556,6.43,2773.0,78.0
50547,147.1,6.80,22.23,0.1512,6.62,2773.0,78.0
50554,142.9,7.00,22.23,0.1556,6.43,2773.0,78.0
50561,142.9,7.00,22.23,0.1556,6.43,2773.0,78.0
50568,142.9,7.00,22.23,0.1556,6.43,2773.0,78.0
50575,147.1,6.80,22.22,0.1511,6.62,2773.0,78.0
50582,142.9,7.00,22.22,0.1555,6.43,2773.0,78.0
50589,142.9,7.00,22.22,0.1555,6.43,2773.0,78.0
50596,144.9,6.90,22.22,0.1533,6.52,2773.0,78.0
50602,144.9,6.90,22.21,0.1533,6.52,2773.0,78.0
50609,142.9,7.00,22.21,0.1555,6.43,2773.0,78.0
50616,144.9,6.90,22.21,0.1532,6.52,2773.0,78.0
50623,142.9,7.00,22.21,0.1554,6.43,2773.0,78.0
50630,144.9,6.90,22.20,0.1532,6.53,2773.0,78.0
50637,144.9,6.90,22.20,0.1532,6.53,2773.0,78.0
50644,142.9,7.00,22.20,0.1554,6.44,2773.0,78.0
50651,142.9,7.00,22.20,0.1554,6.44,2773.0,78.0
50658,144.9,6.90,22.20,0.1531,6.53,2773.0,78.0
50665,144.9,6.90,22.19,0.1531,6.53,2773.0,78.0
50672,142.9,7.00,22.19,0.1553,6.44,2773.0,78.0
50679,144.9,6.90,22.19,0.1531,6.53,2773.0,78.0
50686,144.9,6.90,22.19,0.1531,6.53,2773.0,78.0
50693,142.9,7.00,22.18,0.1553,6.44,2773.0,78.0
50700,144.9,6.90,22.18,0.1531,6.53,2773.0,78.0
50707,144.9,6.90,22.18,0.1530,6.53,2773.0,78.0
50714,142.9,7.00,22.18,0.1552,6.44,2773.0,78.0
50721,142.9,7.00,22.17,0.1552,6.44,2773.0,78.0
50727,144.9,6.90,22.17,0.1530,6.54,2773.0,78.0
50734,142.9,7.00,22.17,0.1552,6.45,2773.0,78.0
50741,144.9,6.90,22.17,0.1530,6.54,2773.0,78.0
50748,142.9,7.00,22.17,0.1552,6.45,2773.0,78.0
50755,144.9,6.90,22.16,0.1529,6.54,2773.0,78.0
50762,144.9,6.90,22.16,0.1529,6.54,2773.0,78.0
50769,142.9,7.00,22.16,0.1551,6.45,2773.0,78.0
50776,144.9,6.90,22.16,0.1529,6.54,2773.0,78.0
50783,142.9,7.00,22.15,0.1551,6.45,2773.0,78.0
50790,144.9,6.90,22.15,0.1528,6.54,2773.0,78.0
50797,144.9,6.90,22.15,0.1528,6.54,2773.0,78.0
50804,142.9,7.00,22.15,0.1550,6.45,2773.0,78.0
50811,142.9,7.00,22.15,0.1550,6.45,2773.0,78.0
50818,144.9,6.90,22.14,0.1528,6.54,2773.0,78.0
50825,142.9,7.00,22.14,0.1550,6.45,2773.0,78.0
50832,144.9,6.90,22.14,0.1528,6.55,2773.0,78.0
50839,144.9,6.90,22.14,0.1527,6.55,2773.0,78.0
50846,142.9,7.00,22.13,0.1549,6.46,2773.0,78.0
50853,142.9,7.00,22.13,0.1549,6.46,2773.0,78.0
50859,144.9,6.90,22.13,0.1527,6.55,2773.0,78.0
50866,142.9,7.00,22.13,0.1549,6.46,2773.0,78.0
50873,147.1,6.80,22.12,0.1504,6.65,2773.0,78.0
50880,142.9,7.00,22.12,0.1549,6.46,2773.0,78.0
50887,144.9,6.90,22.12,0.1526,6.55,2773.0,78.0
50894,142.9,7.00,22.12,0.1548,6.46,2773.0,78.0
50901,144.9,6.90,22.12,0.1526,6.55,2773.0,78.0
50908,142.9,7.00,22.11,0.1548,6.46,2773.0,78.0
50915,144.9,6.90,22.11,0.1526,6.55,2773.0,78.0
50922,144.9,6.90,22.11,0.1525,6.55,2773.0,78.0
50929,142.9,7.00,22.11,0.1547,6.46,2773.0,78.0
50936,144.9,6.90,22.10,0.1525,6.56,2773.0,78.0
50943,144.9,6.90,22.10,0.1525,6.56,2773.0,78.0
50950,142.9,7.00,22.10,0.1547,6.47,2773.0,78.0
50957,144.9,6.90,22.10,0.1525,6.56,2773.0,78.0
50964,142.9,7.00,22.09,0.1547,6.47,2773.0,78.0
50971,142.9,7.00,22.09,0.1546,6.47,2773.0,78.0
50977,144.9,6.90,22.09,0.1524,6.56,2773.0,78.0
50984,144.9,6.90,22.09,0.1524,6.56,2773.0,78.0
50991,142.9,7.00,22.09,0.1546,6.47,2773.0,78.0
50998,144.9,6.90,22.08,0.1524,6.56,2773.0,78.0
51005,142.9,7.00,22.08,0.1546,6.47,2773.0,78.0
51012,142.9,7.00,22.08,0.1546,6.47,2773.0,78.0
51019,144.9,6.90,22.08,0.1523,6.56,2773.0,78.0
51026,144.9,6.90,22.07,0.1523,6.56,2773.0,78.0
51033,142.9,7.00,22.07,0.1545,6.47,2773.0,78.0
51040,144.9,6.90,22.07,0.1523,6.57,2773.0,78.0
51047,142.9,7.00,22.07,0.1545,6.48,2773.0,78.0
51054,144.9,6.90,22.06,0.1522,6.57,2773.0,78.0
51061,144.9,6.90,22.06,0.1522,6.57,2773.0,78.0
51068,142.9,7.00,22.06,0.1544,6.48,2773.0,78.0
51075,144.9,6.90,22.06,0.1522,6.57,2773.0,78.0
51082,144.9,6.90,22.06,0.1522,6.57,2773.0,78.0
51089,142.9,7.00,22.05,0.1544,6.48,2773.0,78.0
51096,142.9,7.00,22.05,0.1544,6.48,2773.0,78.0
51102,144.9,6.90,22.05,0.1521,6.57,2773.0,78.0
51109,144.9,6.90,22.05,0.1521,6.57,2773.0,78.0
51116,142.9,7.00,22.04,0.1543,6.48,2773.0,78.0
51123,144.9,6.90,22.04,0.1521,6.57,2773.0,78.0
51130,142.9,7.00,22.04,0.1543,6.48,2773.0,78.0
51137,144.9,6.90,22.04,0.1521,6.58,2773.0,78.0
51144,144.9,6.90,22.04,0.1520,6.58,2773.0,78.0
51151,142.9,7.00,22.03,0.1542,6.49,2773.0,78.0
51158,144.9,6.90,22.03,0.1520,6.58,2773.0,78.0
51165,140.8,7.10,22.03,0.1564,6.39,2773.0,78.0
51172,144.9,6.90,22.03,0.1520,6.58,2773.0,78.0
51179,144.9,6.90,22.02,0.1520,6.58,2773.0,78.0
51186,144.9,6.90,22.02,0.1519,6.58,2773.0,78.0
51193,142.9,7.00,22.02,0.1541,6.49,2773.0,78.0
51200,144.9,6.90,22.02,0.1519,6.58,2773.0,78.0
51207,142.9,7.00,22.01,0.1541,6.49,2773.0,78.0
51214,142.9,7.00,22.01,0.1541,6.49,2773.0,78.0
51220,147.1,6.80,22.01,0.1497,6.68,2773.0,78.0
51227,142.9,7.00,22.01,0.1541,6.49,2773.0,78.0
51234,142.9,7.00,22.01,0.1540,6.49,2773.0,78.0
51241,144.9,6.90,22.00,0.1518,6.59,2773.0,78.0
51248,142.9,7.00,22.00,0.1540,6.50,2773.0,78.0
51255,144.9,6.90,22.00,0.1518,6.59,2773.0,78.0
51262,142.9,7.00,22.00,0.1540,6.50,2773.0,78.0
51269,144.9,6.90,21.99,0.1518,6.59,2773.0,78.0
51276,144.9,6.90,21.99,0.1517,6.59,2773.0,78.0
51283,144.9,6.90,21.99,0.1517,6.59,2773.0,78.0
51290,142.9,7.00,21.99,0.1539,6.50,2773.0,78.0
51297,144.9,6.90,21.98,0.1517,6.59,2773.0,78.0
51304,144.9,6.90,21.98,0.1517,6.59,2773.0,78.0
51311,142.9,7.00,21.98,0.1539,6.50,2773.0,78.0
51318,142.9,7.00,21.98,0.1538,6.50,2773.0,78.0
51325,144.9,6.90,21.98,0.1516,6.59,2773.0,78.0
51332,142.9,7.00,21.97,0.1538,6.50,2773.0,78.0
51339,142.9,7.00,21.97,0.1538,6.50,2773.0,78.0
51346,144.9,6.90,21.97,0.1516,6.60,2773.0,78.0
51352,144.9,6.90,21.97,0.1516,6.60,2773.0,78.0
51359,144.9,6.90,21.96,0.1516,6.60,2773.0,78.0
51366,142.9,7.00,21.96,0.1537,6.51,2773.0,78.0
51373,144.9,6.90,21.96,0.1515,6.60,2773.0,78.0
51380,142.9,7.00,21.96,0.1537,6.51,2773.0,78.0
51387,144.9,6.90,21.95,0.1515,6.60,2773.0,78.0
51394,142.9,7.00,21.95,0.1537,6.51,2773.0,78.0
51401,144.9,6.90,21.95,0.1515,6.60,2773.0,78.0
51408,142.9,7.00,21.95,0.1537,6.51,2773.0,78.0
51415,144.9,6.90,21.95,0.1515,6.60,2773.0,78.0
51422,142.9,7.00,21.95,0.1537,6.51,2773.0,78.0
51429,144.9,6.90,21.95,0.1515,6.60,2773.0,78.0
51436,144.9,6.90,21.95,0.1515,6.60,2773.0,78.0
51443,142.9,7.00,21.95,0.1537,6.51,2773.0,78.0
51450,144.9,6.90,21.95,0.1515,6.60,2773.0,78.0
51457,142.9,7.00,21.95,0.1537,6.51,2773.0,78.0
51464,144.9,6.90,21.95,0.1515,6.60,2773.0,78.0
51471,142.9,7.00,21.95,0.1537,6.51,2773.0,78.0
51477,144.9,6.90,21.95,0.1515,6.60,2773.0,78.0
51484,142.9,7.00,21.95,0.1537,6.51,2773.0,78.0
51491,144.9,6.90,21.95,0.1515,6.60,2773.0,78.0
51498,144.9,6.90,21.95,0.1515,6.60,2773.0,78.0
51505,144.9,6.90,21.95,0.1515,6.60,2773.0,78.0
51512,142.9,7.00,21.95,0.1537,6.51,2773.0,78.0
51519,144.9,6.90,21.95,0.1515,6.60,2773.0,78.0
51526,142.9,7.00,21.95,0.1537,6.51,2773.0,78.0
51533,144.9,6.90,21.96,0.1515,6.60,2773.0,78.0
51540,142.9,7.00,21.96,0.1537,6.51,2773.0,78.0
51547,144.9,6.90,21.96,0.1515,6.60,2773.0,78.0
51554,142.9,7.00,21.96,0.1537,6.51,2773.0,78.0
51561,144.9,6.90,21.96,0.1515,6.60,2773.0,78.0
51568,142.9,7.00,21.96,0.1537,6.51,2773.0,78.0
51575,144.9,6.90,21.96,0.1515,6.60,2773.0,78.0
51582,144.9,6.90,21.96,0.1515,6.60,2773.0,78.0
51589,142.9,7.00,21.96,0.1537,6.51,2773.0,78.0
51595,144.9,6.90,21.96,0.1515,6.60,2773.0,78.0
51602,142.9,7.00,21.96,0.1537,6.51,2773.0,78.0
51609,142.9,7.00,21.96,0.1537,6.51,2773.0,78.0
51616,147.1,6.80,21.96,0.1493,6.70,2773.0,78.0
51623,142.9,7.00,21.96,0.1537,6.51,2773.0,78.0
51630,142.9,7.00,21.96,0.1537,6.51,2773.0,78.0
51637,144.9,6.90,21.96,0.1515,6.60,2773.0,78.0
51644,142.9,7.00,21.96,0.1537,6.51,2773.0,78.0
51651,144.9,6.90,21.96,0.1515,6.60,2773.0,78.0
51658,144.9,6.90,21.96,0.1515,6.60,2773.0,78.0
51665,142.9,7.00,21.96,0.1537,6.51,2773.0,78.0
51672,142.9,7.00,21.96,0.1537,6.51,2773.0,78.0
51679,144.9,6.90,21.96,0.1515,6.60,2773.0,78.0
51686,144.9,6.90,21.96,0.1515,6.60,2773.0,78.0
51693,144.9,6.90,21.96,0.1515,6.60,2773.0,78.0
51700,142.9,7.00,21.96,0.1537,6.51,2773.0,78.0
51707,142.9,7.00,21.96,0.1537,6.51,2773.0,78.0
51714,142.9,7.00,21.96,0.1537,6.51,2773.0,78.0
51720,147.1,6.80,21.96,0.1493,6.70,2773.0,78.0
51727,142.9,7.00,21.96,0.1537,6.51,2773.0,78.0
51734,142.9,7.00,21.96,0.1537,6.51,2773.0,78.0
51741,144.9,6.90,21.96,0.1515,6.60,2773.0,78.0
51748,144.9,6.90,21.96,0.1516,6.60,2773.0,78.0
51755,142.9,7.00,21.96,0.1537,6.51,2773.0,78.0
51762,144.9,6.90,21.96,0.1516,6.60,2773.0,78.0
51769,142.9,7.00,21.96,0.1538,6.51,2773.0,78.0
51776,144.9,6.90,21.96,0.1516,6.60,2773.0,78.0
51783,144.9,6.90,21.97,0.1516,6.60,2773.0,78.0
51790,142.9,7.00,21.97,0.1538,6.51,2773.0,78.0
51797,144.9,6.90,21.97,0.1516,6.60,2773.0,78.0
51804,142.9,7.00,21.97,0.1538,6.51,2773.0,78.0
51811,144.9,6.90,21.97,0.1516,6.60,2773.0,78.0
51818,142.9,7.00,21.97,0.1538,6.51,2773.0,78.0
51825,144.9,6.90,21.97,0.1516,6.60,2773.0,78.0
51832,142.9,7.00,21.97,0.1538,6.51,2773.0,78.0
51839,144.9,6.90,21.97,0.1516,6.60,2773.0,78.0
51846,142.9,7.00,21.97,0.1538,6.50,2773.0,78.0
51852,144.9,6.90,21.97,0.1516,6.60,2773.0,78.0
51859,142.9,7.00,21.97,0.1538,6.50,2773.0,78.0
51866,144.9,6.90,21.97,0.1516,6.60,2773.0,78.0
51873,144.9,6.90,21.97,0.1516,6.60,2773.0,78.0
51880,142.9,7.00,21.97,0.1538,6.50,2773.0,78.0
51887,144.9,6.90,21.97,0.1516,6.60,2773.0,78.0
51894,142.9,7.00,21.97,0.1538,6.50,2773.0,78.0
51901,144.9,6.90,21.97,0.1516,6.60,2773.0,78.0
51908,142.9,7.00,21.97,0.1538,6.50,2773.0,78.0
51915,144.9,6.90,21.97,0.1516,6.60,2773.0,78.0
51922,144.9,6.90,21.97,0.1516,6.60,2773.0,78.0
51929,142.9,7.00,21.97,0.1538,6.50,2773.0,78.0
51936,144.9,6.90,21.97,0.1516,6.59,2773.0,78.0
51943,142.9,7.00,21.97,0.1538,6.50,2773.0,78.0
51950,144.9,6.90,21.97,0.1516,6.59,2773.0,78.0
51957,142.9,7.00,21.97,0.1538,6.50,2773.0,78.0
51964,142.9,7.00,21.97,0.1538,6.50,2773.0,78.0
51971,144.9,6.90,21.97,0.1516,6.59,2773.0,78.0
51977,144.9,6.90,21.97,0.1516,6.59,2773.0,78.0
51984,144.9,6.90,21.97,0.1516,6.59,2773.0,78.0
51991,144.9,6.90,21.97,0.1516,6.59,2773.0,78.0
51998,140.8,7.10,21.97,0.1560,6.41,2773.0,78.0
52005,144.9,6.90,21.97,0.1516,6.59,2773.0,78.0
52012,144.9,6.90,21.97,0.1516,6.59,2773.0,78.0
52019,144.9,6.90,21.97,0.1516,6.59,2773.0,78.0
52026,142.9,7.00,21.97,0.1538,6.50,2773.0,78.0
52033,144.9,6.90,21.98,0.1516,6.59,2773.0,78.0
52040,142.9,7.00,21.98,0.1538,6.50,2773.0,78.0
52047,144.9,6.90,21.98,0.1516,6.59,2773.0,78.0
52054,144.9,6.90,21.98,0.1516,6.59,2773.0,78.0
52061,142.9,7.00,21.98,0.1538,6.50,2773.0,78.0
52068,142.9,7.00,21.98,0.1538,6.50,2773.0,78.0
52075,144.9,6.90,21.98,0.1516,6.59,2773.0,78.0
52082,144.9,6.90,21.98,0.1516,6.59,2773.0,78.0
52089,142.9,7.00,21.98,0.1538,6.50,2773.0,78.0
52095,144.9,6.90,21.98,0.1516,6.59,2773.0,78.0
52102,142.9,7.00,21.98,0.1538,6.50,2773.0,78.0
52109,144.9,6.90,21.98,0.1517,6.59,2773.0,78.0
52116,142.9,7.00,21.98,0.1538,6.50,2773.0,78.0
52123,144.9,6.90,21.98,0.1517,6.59,2773.0,78.0
52130,142.9,7.00,21.98,0.1539,6.50,2773.0,78.0
52137,142.9,7.00,21.98,0.1539,6.50,2773.0,78.0
52144,147.1,6.80,21.98,0.1495,6.69,2773.0,78.0
52151,142.9,7.00,21.98,0.1539,6.50,2773.0,78.0
52158,142.9,7.00,21.98,0.1539,6.50,2773.0,78.0
52165,144.9,6.90,21.98,0.1517,6.59,2773.0,78.0
52172,144.9,6.90,21.98,0.1517,6.59,2773.0,78.0
52179,142.9,7.00,21.98,0.1539,6.50,2773.0,78.0
52186,142.9,7.00,21.98,0.1539,6.50,2773.0,78.0
52193,144.9,6.90,21.98,0.1517,6.59,2773.0,78.0
52200,144.9,6.90,21.98,0.1517,6.59,2773.0,78.0
52207,142.9,7.00,21.98,0.1539,6.50,2773.0,78.0
52214,144.9,6.90,21.98,0.1517,6.59,2773.0,78.0
52221,142.9,7.00,21.98,0.1539,6.50,2773.0,78.0
52227,144.9,6.90,21.98,0.1517,6.59,2773.0,78.0
52234,142.9,7.00,21.98,0.1539,6.50,2773.0,78.0
52241,144.9,6.90,21.98,0.1517,6.59,2773.0,78.0
52248,144.9,6.90,21.98,0.1517,6.59,2773.0,78.0
52255,142.9,7.00,21.98,0.1539,6.50,2773.0,78.0
52262,142.9,7.00,21.98,0.1539,6.50,2773.0,78.0
52269,147.1,6.80,21.98,0.1495,6.69,2773.0,78.0
52276,142.9,7.00,21.98,0.1539,6.50,2773.0,78.0
52283,144.9,6.90,21.99,0.1517,6.59,2773.0,78.0
52290,142.9,7.00,21.99,0.1539,6.50,2773.0,78.0
52297,144.9,6.90,21.99,0.1517,6.59,2773.0,78.0
52304,142.9,7.00,21.99,0.1539,6.50,2773.0,78.0
52311,144.9,6.90,21.99,0.1517,6.59,2773.0,78.0
52318,144.9,6.90,21.99,0.1517,6.59,2773.0,78.0
52325,142.9,7.00,21.99,0.1539,6.50,2773.0,78.0
52332,142.9,7.00,21.99,0.1539,6.50,2773.0,78.0
52339,144.9,6.90,21.99,0.1517,6.59,2773.0,78.0
52345,144.9,6.90,21.99,0.1517,6.59,2773.0,78.0
52352,142.9,7.00,21.99,0.1539,6.50,2773.0,78.0
52359,144.9,6.90,21.99,0.1517,6.59,2773.0,78.0
52366,142.9,7.00,21.99,0.1539,6.50,2773.0,78.0
52373,144.9,6.90,21.99,0.1517,6.59,2773.0,78.0
52380,144.9,6.90,21.99,0.1517,6.59,2773.0,78.0
52387,142.9,7.00,21.99,0.1539,6.50,2773.0,78.0
52394,142.9,7.00,21.99,0.1539,6.50,2773.0,78.0
52401,144.9,6.90,21.99,0.1517,6.59,2773.0,78.0
52408,144.9,6.90,21.99,0.1517,6.59,2773.0,78.0
52415,142.9,7.00,21.99,0.1539,6.50,2773.0,78.0
52422,144.9,6.90,21.99,0.1517,6.59,2773.0,78.0
52429,142.9,7.00,21.99,0.1539,6.50,2773.0,78.0
52436,144.9,6.90,21.99,0.1517,6.59,2773.0,78.0
52443,142.9,7.00,21.99,0.1539,6.50,2773.0,78.0
52450,142.9,7.00,21.99,0.1539,6.50,2773.0,78.0
52457,147.1,6.80,21.99,0.1495,6.69,2773.0,78.0
52464,142.9,7.00,21.99,0.1539,6.50,2773.0,78.0
52470,144.9,6.90,21.99,0.1517,6.59,2773.0,78.0
52477,144.9,6.90,21.99,0.1517,6.59,2773.0,78.0
52484,140.8,7.10,21.99,0.1561,6.40,2773.0,78.0
52491,144.9,6.90,21.99,0.1517,6.59,2773.0,78.0
52498,144.9,6.90,21.99,0.1517,6.59,2773.0,78.0
52505,142.9,7.00,21.99,0.1539,6.50,2773.0,78.0
52512,144.9,6.90,21.99,0.1517,6.59,2773.0,78.0
52519,142.9,7.00,21.99,0.1539,6.50,2773.0,78.0
52526,144.9,6.90,21.99,0.1517,6.59,2773.0,78.0
52533,144.9,6.90,21.99,0.1517,6.59,2773.0,78.0
52540,142.9,7.00,21.99,0.1539,6.50,2773.0,78.0
52547,144.9,6.90,21.99,0.1517,6.59,2773.0,78.0
52554,144.9,6.90,21.99,0.1517,6.59,2773.0,78.0
52561,142.9,7.00,21.99,0.1539,6.50,2773.0,78.0
52568,142.9,7.00,21.99,0.1539,6.50,2773.0,78.0
52575,142.9,7.00,21.99,0.1539,6.50,2773.0,78.0
52582,144.9,6.90,21.99,0.1517,6.59,2773.0,78.0
52589,144.9,6.90,21.99,0.1517,6.59,2773.0,78.0
52596,142.9,7.00,21.99,0.1539,6.50,2773.0,78.0
52602,144.9,6.90,21.99,0.1517,6.59,2773.0,78.0
52609,142.9,7.00,21.99,0.1539,6.50,2773.0,78.0
52616,144.9,6.90,21.99,0.1517,6.59,2773.0,78.0
52623,144.9,6.90,21.99,0.1517,6.59,2773.0,78.0
52630,144.9,6.90,21.99,0.1517,6.59,2773.0,78.0
52637,142.9,7.00,21.99,0.1539,6.50,2773.0,78.0
52644,144.9,6.90,21.99,0.1517,6.59,2773.0,78.0
52651,142.9,7.00,21.99,0.1539,6.50,2773.0,78.0
52658,144.9,6.90,21.99,0.1517,6.59,2773.0,78.0
52665,142.9,7.00,21.99,0.1539,6.50,2773.0,78.0
52672,142.9,7.00,21.99,0.1539,6.50,2773.0,78.0
52679,144.9,6.90,21.99,0.1517,6.59,2773.0,78.0
52686,144.9,6.90,21.99,0.1517,6.59,2773.0,78.0
52693,142.9,7.00,21.99,0.1539,6.50,2773.0,78.0
52700,144.9,6.90,21.99,0.1517,6.59,2773.0,78.0
52707,144.9,6.90,21.99,0.1517,6.59,2773.0,78.0
52714,142.9,7.00,21.99,0.1539,6.50,2773.0,78.0
52720,144.9,6.90,21.99,0.1517,6.59,2773.0,78.0
52727,142.9,7.00,21.99,0.1539,6.50,2773.0,78.0
52734,144.9,6.90,21.99,0.1517,6.59,2773.0,78.0
52741,142.9,7.00,21.99,0.1539,6.50,2773.0,78.0
52748,142.9,7.00,21.99,0.1539,6.50,2773.0,78.0
52755,144.9,6.90,21.99,0.1517,6.59,2773.0,78.0
52762,142.9,7.00,21.99,0.1539,6.50,2773.0,78.0
52769,144.9,6.90,21.99,0.1517,6.59,2773.0,78.0
52776,144.9,6.90,21.99,0.1517,6.59,2773.0,78.0
52783,144.9,6.90,21.99,0.1517,6.59,2773.0,78.0
52790,142.9,7.00,21.99,0.1539,6.50,2773.0,78.0
52797,142.9,7.00,21.99,0.1539,6.50,2773.0,78.0
52804,144.9,6.90,21.99,0.1517,6.59,2773.0,78.0
52811,144.9,6.90,21.99,0.1517,6.59,2773.0,78.0
52818,144.9,6.90,21.99,0.1517,6.59,2773.0,78.0
52825,142.9,7.00,21.99,0.1539,6.50,2773.0,78.0
52832,144.9,6.90,21.99,0.1517,6.59,2773.0,78.0
52839,142.9,7.00,21.99,0.1539,6.50,2773.0,78.0
52845,144.9,6.90,21.99,0.1517,6.59,2773.0,78.0
52852,142.9,7.00,21.99,0.1539,6.50,2773.0,78.0
52859,147.1,6.80,21.99,0.1495,6.69,2773.0,78.0
52866,142.9,7.00,21.99,0.1539,6.50,2773.0,78.0
52873,142.9,7.00,21.99,0.1539,6.50,2773.0,78.0
52880,142.9,7.00,21.99,0.1539,6.50,2773.0,78.0
52887,144.9,6.90,21.99,0.1517,6.59,2773.0,78.0
52894,142.9,7.00,21.99,0.1539,6.50,2773.0,78.0
52901,144.9,6.90,21.99,0.1517,6.59,2773.0,78.0
52908,144.9,6.90,21.99,0.1517,6.59,2773.0,78.0
52915,142.9,7.00,21.99,0.1539,6.50,2773.0,78.0
52922,147.1,6.80,21.99,0.1495,6.69,2773.0,78.0
52929,142.9,7.00,21.99,0.1539,6.50,2773.0,78.0
52936,142.9,7.00,21.99,0.1539,6.50,2773.0,78.0
52943,144.9,6.90,21.99,0.1517,6.59,2773.0,78.0
52950,142.9,7.00,21.99,0.1539,6.50,2773.0,78.0
52957,144.9,6.90,21.99,0.1517,6.59,2773.0,78.0
52964,142.9,7.00,21.99,0.1539,6.50,2773.0,78.0
52970,144.9,6.90,21.99,0.1517,6.59,2773.0,78.0
52977,142.9,7.00,21.99,0.1539,6.50,2773.0,78.0
52984,144.9,6.90,21.99,0.1517,6.59,2773.0,78.0
52991,142.9,7.00,21.99,0.1539,6.50,2773.0,78.0
52998,144.9,6.90,21.99,0.1517,6.59,2773.0,78.0
53005,144.9,6.90,21.99,0.1517,6.59,2773.0,78.0
53012,142.9,7.00,21.99,0.1539,6.50,2773.0,78.0
53019,140.8,7.10,21.99,0.1561,6.40,2773.0,78.0
53026,147.1,6.80,21.99,0.1495,6.69,2773.0,78.0
53033,144.9,6.90,21.99,0.1517,6.59,2773.0,78.0
53040,144.9,6.90,21.99,0.1517,6.59,2773.0,78.0
53047,142.9,7.00,21.99,0.1539,6.50,2773.0,78.0
53054,142.9,7.00,21.99,0.1539,6.50,2773.0,78.0
53061,144.9,6.90,21.99,0.1517,6.59,2773.0,78.0
53068,144.9,6.90,21.99,0.1517,6.59,2773.0,78.0
53075,142.9,7.00,21.99,0.1539,6.50,2773.0,78.0
53082,142.9,7.00,21.99,0.1539,6.50,2773.0,78.0
53089,144.9,6.90,21.99,0.1517,6.59,2773.0,78.0
53095,144.9,6.90,21.99,0.1517,6.59,2773.0,78.0
53102,142.9,7.00,21.99,0.1539,6.50,2773.0,78.0
53109,144.9,6.90,21.99,0.1517,6.59,2773.0,78.0
53116,142.9,7.00,21.99,0.1539,6.50,2773.0,78.0
53123,147.1,6.80,21.99,0.1495,6.69,2773.0,78.0
53130,140.8,7.10,21.99,0.1561,6.40,2773.0,78.0
53137,144.9,6.90,21.99,0.1517,6.59,2773.0,78.0
53144,142.9,7.00,21.99,0.1539,6.50,2773.0,78.0
53151,144.9,6.90,21.99,0.1517,6.59,2773.0,78.0
53158,144.9,6.90,21.99,0.1517,6.59,2773.0,78.0
53165,144.9,6.90,21.99,0.1517,6.59,2773.0,78.0
53172,142.9,7.00,21.99,0.1539,6.50,2773.0,78.0
53179,142.9,7.00,21.99,0.1539,6.50,2773.0,78.0
53186,144.9,6.90,21.99,0.1517,6.59,2773.0,78.0
53193,144.9,6.90,21.99,0.1517,6.59,2773.0,78.0
53200,142.9,7.00,21.99,0.1539,6.50,2773.0,78.0
53207,142.9,7.00,21.99,0.1539,6.50,2773.0,78.0
53214,144.9,6.90,21.99,0.1517,6.59,2773.0,78.0
53220,144.9,6.90,21.99,0.1517,6.59,2773.0,78.0
53227,142.9,7.00,21.99,0.1539,6.50,2773.0,78.0
53234,144.9,6.90,21.99,0.1517,6.59,2773.0,78.0
53241,142.9,7.00,21.99,0.1539,6.50,2773.0,78.0
53248,144.9,6.90,21.99,0.1517,6.59,2773.0,78.0
53255,144.9,6.90,21.99,0.1517,6.59,2773.0,78.0
53262,142.9,7.00,21.99,0.1539,6.50,2773.0,78.0
53269,144.9,6.90,21.99,0.1517,6.59,2773.0,78.0
53276,142.9,7.00,21.99,0.1539,6.50,2773.0,78.0
53283,142.9,7.00,21.99,0.1539,6.50,2773.0,78.0
53290,144.9,6.90,21.99,0.1517,6.59,2773.0,78.0
53297,144.9,6.90,21.99,0.1517,6.59,2773.0,78.0
53304,142.9,7.00,21.99,0.1539,6.50,2773.0,78.0
53311,144.9,6.90,21.99,0.1517,6.59,2773.0,78.0
53318,142.9,7.00,21.99,0.1539,6.50,2773.0,78.0
53325,144.9,6.90,21.99,0.1517,6.59,2773.0,78.0
53332,142.9,7.00,21.99,0.1539,6.50,2773.0,78.0
53339,144.9,6.90,21.99,0.1517,6.59,2773.0,78.0
53346,142.9,7.00,21.99,0.1539,6.50,2773.0,78.0
53352,144.9,6.90,21.99,0.1517,6.59,2773.0,78.0
53359,144.9,6.90,21.99,0.1517,6.59,2773.0,78.0
53366,142.9,7.00,21.99,0.1539,6.50,2773.0,78.0
53373,144.9,6.90,21.99,0.1517,6.59,2773.0,78.0
53380,142.9,7.00,21.99,0.1539,6.50,2773.0,78.0
53387,144.9,6.90,21.99,0.1517,6.59,2773.0,78.0
53394,144.9,6.90,21.99,0.1517,6.59,2773.0,78.0
53401,142.9,7.00,21.99,0.1539,6.50,2773.0,78.0
53408,144.9,6.90,21.99,0.1517,6.59,2773.0,78.0
53415,142.9,7.00,21.99,0.1539,6.50,2773.0,78.0
53422,144.9,6.90,21.98,0.1517,6.59,2773.0,78.0
53429,142.9,7.00,21.98,0.1539,6.50,2773.0,78.0
53436,144.9,6.90,21.98,0.1517,6.59,2773.0,78.0
53443,144.9,6.90,21.98,0.1516,6.59,2773.0,78.0
53450,142.9,7.00,21.97,0.1538,6.50,2773.0,78.0
53457,144.9,6.90,21.97,0.1516,6.59,2773.0,78.0
53464,142.9,7.00,21.97,0.1538,6.50,2773.0,78.0
53471,142.9,7.00,21.97,0.1538,6.51,2773.0,78.0
53477,144.9,6.90,21.96,0.1516,6.60,2773.0,78.0
53484,144.9,6.90,21.96,0.1515,6.60,2773.0,78.0
53491,144.9,6.90,21.96,0.1515,6.60,2773.0,78.0
53498,142.9,7.00,21.96,0.1537,6.51,2773.0,78.0
53505,142.9,7.00,21.95,0.1537,6.51,2773.0,78.0
53512,144.9,6.90,21.95,0.1515,6.60,2773.0,78.0
53519,144.9,6.90,21.95,0.1515,6.60,2773.0,78.0
53526,142.9,7.00,21.95,0.1536,6.51,2773.0,78.0
53533,144.9,6.90,21.95,0.1514,6.60,2773.0,78.0
53540,142.9,7.00,21.94,0.1536,6.51,2773.0,78.0
53547,142.9,7.00,21.94,0.1536,6.51,2773.0,78.0
53554,144.9,6.90,21.94,0.1514,6.60,2773.0,78.0
53561,144.9,6.90,21.94,0.1514,6.61,2773.0,78.0
53568,142.9,7.00,21.93,0.1535,6.52,2773.0,78.0
53575,144.9,6.90,21.93,0.1513,6.61,2773.0,78.0
53582,144.9,6.90,21.93,0.1513,6.61,2773.0,78.0
53589,142.9,7.00,21.93,0.1535,6.52,2773.0,78.0
53595,144.9,6.90,21.92,0.1513,6.61,2773.0,78.0
53602,142.9,7.00,21.92,0.1535,6.52,2773.0,78.0
53609,144.9,6.90,21.92,0.1512,6.61,2773.0,78.0
53616,144.9,6.90,21.92,0.1512,6.61,2773.0,78.0
53623,142.9,7.00,21.91,0.1534,6.52,2773.0,78.0
53630,144.9,6.90,21.91,0.1512,6.61,2773.0,78.0
53637,142.9,7.00,21.91,0.1534,6.52,2773.0,78.0
53644,144.9,6.90,21.91,0.1512,6.61,2773.0,78.0
53651,144.9,6.90,21.91,0.1511,6.61,2773.0,78.0
53658,142.9,7.00,21.90,0.1533,6.52,2773.0,78.0
53665,142.9,7.00,21.90,0.1533,6.52,2773.0,78.0
53672,144.9,6.90,21.90,0.1511,6.62,2773.0,78.0
53679,144.9,6.90,21.90,0.1511,6.62,2773.0,78.0
53686,142.9,7.00,21.89,0.1533,6.53,2773.0,78.0
53693,144.9,6.90,21.89,0.1510,6.62,2773.0,78.0
53700,142.9,7.00,21.89,0.1532,6.53,2773.0,78.0
53707,142.9,7.00,21.89,0.1532,6.53,2773.0,78.0
53714,144.9,6.90,21.88,0.1510,6.62,2773.0,78.0
53720,144.9,6.90,21.88,0.1510,6.62,2773.0,78.0
53727,142.9,7.00,21.88,0.1532,6.53,2773.0,78.0
53734,144.9,6.90,21.88,0.1510,6.62,2773.0,78.0
53741,144.9,6.90,21.87,0.1509,6.62,2773.0,78.0
53748,142.9,7.00,21.87,0.1531,6.53,2773.0,78.0
53755,142.9,7.00,21.87,0.1531,6.53,2773.0,78.0
53762,144.9,6.90,21.87,0.1509,6.63,2773.0,78.0
53769,144.9,6.90,21.87,0.1509,6.63,2773.0,78.0
53776,142.9,7.00,21.86,0.1530,6.54,2773.0,78.0
53783,144.9,6.90,21.86,0.1508,6.63,2773.0,78.0
53790,142.9,7.00,21.86,0.1530,6.54,2773.0,78.0
53797,147.1,6.80,21.86,0.1486,6.73,2773.0,78.0
53804,142.9,7.00,21.85,0.1530,6.54,2773.0,78.0
53811,142.9,7.00,21.85,0.1530,6.54,2773.0,78.0
53818,144.9,6.90,21.85,0.1508,6.63,2773.0,78.0
53825,144.9,6.90,21.85,0.1507,6.63,2773.0,78.0
53832,142.9,7.00,21.84,0.1529,6.54,2773.0,78.0
53838,144.9,6.90,21.84,0.1507,6.63,2773.0,78.0
53845,142.9,7.00,21.84,0.1529,6.54,2773.0,78.0
53852,144.9,6.90,21.84,0.1507,6.64,2773.0,78.0
53859,140.8,7.10,21.83,0.1550,6.45,2773.0,78.0
53866,144.9,6.90,21.83,0.1506,6.64,2773.0,78.0
53873,144.9,6.90,21.83,0.1506,6.64,2773.0,78.0
53880,142.9,7.00,21.83,0.1528,6.55,2773.0,78.0
53887,144.9,6.90,21.83,0.1506,6.64,2773.0,78.0
53894,142.9,7.00,21.82,0.1528,6.55,2773.0,78.0
53901,144.9,6.90,21.82,0.1506,6.64,2773.0,78.0
53908,144.9,6.90,21.82,0.1505,6.64,2773.0,78.0
53915,142.9,7.00,21.82,0.1527,6.55,2773.0,78.0
53922,144.9,6.90,21.81,0.1505,6.64,2773.0,78.0
53929,142.9,7.00,21.81,0.1527,6.55,2773.0,78.0
53936,144.9,6.90,21.81,0.1505,6.64,2773.0,78.0
53943,144.9,6.90,21.81,0.1505,6.64,2773.0,78.0
53950,144.9,6.90,21.80,0.1504,6.65,2773.0,78.0
53957,140.8,7.10,21.80,0.1548,6.46,2773.0,78.0
53964,144.9,6.90,21.80,0.1504,6.65,2773.0,78.0
53970,144.9,6.90,21.80,0.1504,6.65,2773.0,78.0
53977,144.9,6.90,21.79,0.1504,6.65,2773.0,78.0
53984,142.9,7.00,21.79,0.1525,6.56,2773.0,78.0
53991,142.9,7.00,21.79,0.1525,6.56,2773.0,78.0
53998,144.9,6.90,21.79,0.1503,6.65,2773.0,78.0
54005,144.9,6.90,21.78,0.1503,6.65,2773.0,78.0
54012,144.9,6.90,21.78,0.1503,6.65,2773.0,78.0
54019,142.9,7.00,21.78,0.1525,6.56,2773.0,78.0
54026,144.9,6.90,21.78,0.1503,6.65,2773.0,78.0
54033,144.9,6.90,21.78,0.1503,6.65,2773.0,78.0
54040,142.9,7.00,21.77,0.1524,6.56,2773.0,78.0
54047,140.8,7.10,21.77,0.1546,6.47,2773.0,78.0
54054,147.1,6.80,21.77,0.1480,6.76,2773.0,78.0
54061,144.9,6.90,21.77,0.1502,6.66,2773.0,78.0
54068,142.9,7.00,21.76,0.1523,6.57,2773.0,78.0
54075,142.9,7.00,21.76,0.1523,6.57,2773.0,78.0
54082,144.9,6.90,21.76,0.1501,6.66,2773.0,78.0
54088,144.9,6.90,21.76,0.1501,6.66,2773.0,78.0
54095,142.9,7.00,21.75,0.1523,6.57,2773.0,78.0
54102,144.9,6.90,21.75,0.1501,6.66,2773.0,78.0
54109,142.9,7.00,21.75,0.1522,6.57,2773.0,78.0
54116,144.9,6.90,21.75,0.1501,6.66,2773.0,78.0
54123,144.9,6.90,21.74,0.1500,6.66,2773.0,78.0
54130,142.9,7.00,21.74,0.1522,6.57,2773.0,78.0
54137,144.9,6.90,21.74,0.1500,6.67,2773.0,78.0
54144,142.9,7.00,21.74,0.1522,6.57,2773.0,78.0
54151,144.9,6.90,21.74,0.1500,6.67,2773.0,78.0
54158,142.9,7.00,21.73,0.1521,6.58,2773.0,78.0
54165,142.9,7.00,21.73,0.1521,6.58,2773.0,78.0
54172,144.9,6.90,21.73,0.1499,6.67,2773.0,78.0
54179,144.9,6.90,21.73,0.1499,6.67,2773.0,78.0
54186,144.9,6.90,21.72,0.1499,6.67,2773.0,78.0
54193,140.8,7.10,21.72,0.1542,6.48,2773.0,78.0
54200,144.9,6.90,21.72,0.1499,6.67,2773.0,78.0
54207,144.9,6.90,21.72,0.1498,6.67,2773.0,78.0
54214,142.9,7.00,21.71,0.1520,6.58,2773.0,78.0
54220,144.9,6.90,21.71,0.1498,6.67,2773.0,78.0
54227,144.9,6.90,21.71,0.1498,6.67,2773.0,78.0
54234,142.9,7.00,21.71,0.1519,6.58,2773.0,78.0
54241,142.9,7.00,21.70,0.1519,6.58,2773.0,78.0
54248,144.9,6.90,21.70,0.1497,6.68,2773.0,78.0
54255,144.9,6.90,21.70,0.1497,6.68,2773.0,78.0
54262,142.9,7.00,21.70,0.1519,6.59,2773.0,78.0
54269,144.9,6.90,21.70,0.1497,6.68,2773.0,78.0
54276,144.9,6.90,21.69,0.1497,6.68,2773.0,78.0
54283,142.9,7.00,21.69,0.1518,6.59,2773.0,78.0
54290,142.9,7.00,21.69,0.1518,6.59,2773.0,78.0
54297,147.1,6.80,21.69,0.1475,6.78,2773.0,78.0
54304,140.8,7.10,21.68,0.1540,6.49,2773.0,78.0
54311,144.9,6.90,21.68,0.1496,6.68,2773.0,78.0
54318,144.9,6.90,21.68,0.1496,6.68,2773.0,78.0
54325,144.9,6.90,21.68,0.1496,6.68,2773.0,78.0
54332,142.9,7.00,21.67,0.1517,6.59,2773.0,78.0
54339,142.9,7.00,21.67,0.1517,6.59,2773.0,78.0
54345,144.9,6.90,21.67,0.1495,6.69,2773.0,78.0
54352,144.9,6.90,21.67,0.1495,6.69,2773.0,78.0
54359,142.9,7.00,21.66,0.1517,6.60,2773.0,78.0
54366,142.9,7.00,21.66,0.1516,6.60,2773.0,78.0
54373,144.9,6.90,21.66,0.1495,6.69,2773.0,78.0
54380,142.9,7.00,21.66,0.1516,6.60,2773.0,78.0
54387,144.9,6.90,21.66,0.1494,6.69,2773.0,78.0
54394,144.9,6.90,21.65,0.1494,6.69,2773.0,78.0
54401,142.9,7.00,21.65,0.1516,6.60,2773.0,78.0
54408,144.9,6.90,21.65,0.1494,6.69,2773.0,78.0
54415,142.9,7.00,21.65,0.1516,6.60,2773.0,78.0
54422,144.9,6.90,21.65,0.1494,6.69,2773.0,78.0
54429,144.9,6.90,21.65,0.1494,6.69,2773.0,78.0
54436,142.9,7.00,21.65,0.1516,6.60,2773.0,78.0
54443,144.9,6.90,21.65,0.1494,6.69,2773.0,78.0
54450,142.9,7.00,21.65,0.1516,6.60,2773.0,78.0
54457,144.9,6.90,21.65,0.1494,6.69,2772.9,78.0
54464,142.9,7.00,21.65,0.1516,6.60,2772.9,78.0
54470,144.9,6.90,21.65,0.1494,6.69,2772.9,78.0
54477,142.9,7.00,21.65,0.1516,6.60,2772.9,78.0
54484,144.9,6.90,21.65,0.1494,6.69,2772.9,78.0
54491,144.9,6.90,21.65,0.1494,6.69,2772.9,78.0
54498,142.9,7.00,21.65,0.1516,6.60,2772.9,78.0
54505,144.9,6.90,21.65,0.1494,6.69,2772.9,78.0
54512,144.9,6.90,21.65,0.1494,6.69,2772.9,78.0
54519,140.8,7.10,21.65,0.1537,6.50,2772.9,78.0
54526,147.1,6.80,21.65,0.1472,6.79,2772.9,78.0
54533,142.9,7.00,21.65,0.1516,6.60,2772.9,78.0
54540,142.9,7.00,21.65,0.1516,6.60,2772.9,78.0
54547,144.9,6.90,21.65,0.1494,6.69,2772.9,78.0
54554,144.9,6.90,21.65,0.1494,6.69,2772.8,78.0
54561,142.9,7.00,21.65,0.1516,6.60,2772.8,78.0
54568,142.9,7.00,21.65,0.1516,6.60,2772.8,78.0
54575,144.9,6.90,21.65,0.1494,6.69,2772.8,78.0
54582,142.9,7.00,21.65,0.1516,6.60,2772.8,78.0
54589,144.9,6.90,21.65,0.1494,6.69,2772.8,78.0
54595,144.9,6.90,21.65,0.1494,6.69,2772.8,78.0
54602,142.9,7.00,21.65,0.1516,6.60,2772.8,78.0
54609,144.9,6.90,21.65,0.1494,6.69,2772.8,78.0
54616,144.9,6.90,21.65,0.1494,6.69,2772.8,78.0
54623,142.9,7.00,21.65,0.1516,6.60,2772.8,78.0
54630,142.9,7.00,21.65,0.1516,6.60,2772.8,78.0
54637,144.9,6.90,21.65,0.1494,6.69,2772.8,78.0
54644,144.9,6.90,21.65,0.1494,6.69,2772.8,78.0
54651,144.9,6.90,21.65,0.1494,6.69,2772.8,78.0
54658,144.9,6.90,21.66,0.1494,6.69,2772.7,78.0
54665,142.9,7.00,21.66,0.1516,6.60,2772.7,78.0
54672,144.9,6.90,21.66,0.1494,6.69,2772.7,78.0
54679,142.9,7.00,21.66,0.1516,6.60,2772.7,78.0
54686,142.9,7.00,21.66,0.1516,6.60,2772.7,78.0
54693,144.9,6.90,21.66,0.1494,6.69,2772.7,78.0
54700,144.9,6.90,21.66,0.1494,6.69,2772.7,78.0
54707,142.9,7.00,21.66,0.1516,6.60,2772.7,78.0
54714,142.9,7.00,21.66,0.1516,6.60,2772.7,78.0
54720,144.9,6.90,21.66,0.1494,6.69,2772.7,78.0
54727,142.9,7.00,21.66,0.1516,6.60,2772.7,78.0
54734,144.9,6.90,21.66,0.1494,6.69,2772.7,78.0
54741,144.9,6.90,21.66,0.1494,6.69,2772.7,78.0
54748,142.9,7.00,21.66,0.1516,6.60,2772.7,78.0
54755,144.9,6.90,21.66,0.1494,6.69,2772.6,78.0
54762,144.9,6.90,21.66,0.1494,6.69,2772.6,78.0
54769,142.9,7.00,21.66,0.1516,6.60,2772.6,78.0
54776,144.9,6.90,21.66,0.1494,6.69,2772.6,78.0
54783,142.9,7.00,21.66,0.1516,6.60,2772.6,78.0
54790,144.9,6.90,21.66,0.1494,6.69,2772.6,78.0
54797,144.9,6.90,21.66,0.1494,6.69,2772.6,78.0
54804,140.8,7.10,21.66,0.1538,6.50,2772.6,78.0
54811,144.9,6.90,21.66,0.1494,6.69,2772.6,78.0
54818,142.9,7.00,21.66,0.1516,6.60,2772.6,78.0
54825,147.1,6.80,21.66,0.1473,6.79,2772.6,78.0
54832,142.9,7.00,21.66,0.1516,6.60,2772.6,78.0
54838,144.9,6.90,21.66,0.1494,6.69,2772.6,78.0
54845,142.9,7.00,21.66,0.1516,6.60,2772.6,78.0
54852,144.9,6.90,21.66,0.1494,6.69,2772.5,78.0
54859,144.9,6.90,21.66,0.1494,6.69,2772.5,78.0
54866,142.9,7.00,21.66,0.1516,6.60,2772.5,78.0
54873,142.9,7.00,21.66,0.1516,6.60,2772.5,78.0
54880,144.9,6.90,21.66,0.1495,6.69,2772.5,78.0
54887,144.9,6.90,21.66,0.1495,6.69,2772.5,78.0
54894,142.9,7.00,21.66,0.1516,6.60,2772.5,78.0
54901,142.9,7.00,21.66,0.1516,6.60,2772.5,78.0
54908,144.9,6.90,21.66,0.1495,6.69,2772.5,78.0
54915,142.9,7.00,21.66,0.1516,6.60,2772.5,78.0
54922,147.1,6.80,21.66,0.1473,6.79,2772.5,78.0
54929,142.9,7.00,21.66,0.1516,6.60,2772.5,78.0
54936,142.9,7.00,21.66,0.1516,6.60,2772.5,78.0
54943,144.9,6.90,21.66,0.1495,6.69,2772.5,78.0
54950,144.9,6.90,21.66,0.1495,6.69,2772.5,78.0
54957,142.9,7.00,21.66,0.1516,6.60,2772.4,78.0
54963,144.9,6.90,21.66,0.1495,6.69,2772.4,78.0
54971,140.8,7.10,21.66,0.1538,6.50,2772.4,78.0
54977,147.1,6.80,21.66,0.1473,6.79,2772.4,78.0
54984,142.9,7.00,21.66,0.1516,6.60,2772.4,78.0
54991,144.9,6.90,21.66,0.1495,6.69,2772.4,78.0
54998,144.9,6.90,21.66,0.1495,6.69,2772.4,78.0
55005,142.9,7.00,21.66,0.1516,6.60,2772.4,78.0
55012,144.9,6.90,21.66,0.1495,6.69,2772.4,78.0
55019,142.9,7.00,21.66,0.1516,6.60,2772.4,78.0
55026,144.9,6.90,21.66,0.1495,6.69,2772.4,78.0
55033,142.9,7.00,21.66,0.1516,6.60,2772.4,78.0
55040,142.9,7.00,21.66,0.1516,6.60,2772.4,78.0
55047,144.9,6.90,21.66,0.1495,6.69,2772.4,78.0
55054,144.9,6.90,21.66,0.1495,6.69,2772.3,78.0
55061,142.9,7.00,21.66,0.1516,6.60,2772.3,78.0
55075,71.9,13.90,21.66,0.3011,3.32,2772.3,78.0
55081,147.1,6.80,21.66,0.1473,6.79,2772.3,78.0
55089,140.8,7.10,21.66,0.1538,6.50,2772.3,78.0
55095,144.9,6.90,21.66,0.1495,6.69,2772.3,78.0
55102,144.9,6.90,21.66,0.1495,6.69,2772.3,78.0
55109,142.9,7.00,21.66,0.1516,6.60,2772.3,78.0
55116,144.9,6.90,21.66,0.1495,6.69,2772.3,78.0
55123,142.9,7.00,21.66,0.1517,6.60,2772.3,78.0
55130,144.9,6.90,21.66,0.1495,6.69,2772.3,78.0
55137,142.9,7.00,21.66,0.1517,6.60,2772.3,78.0
55144,144.9,6.90,21.66,0.1495,6.69,2772.3,78.0
55151,142.9,7.00,21.66,0.1517,6.60,2772.3,78.0
55158,144.9,6.90,21.67,0.1495,6.69,2772.2,78.0
55165,144.9,6.90,21.67,0.1495,6.69,2772.2,78.0
55172,142.9,7.00,21.67,0.1517,6.60,2772.2,78.0
55179,144.9,6.90,21.67,0.1495,6.69,2772.2,78.0
55186,142.9,7.00,21.67,0.1517,6.60,2772.2,78.0
55193,144.9,6.90,21.67,0.1495,6.69,2772.2,78.0
55200,144.9,6.90,21.67,0.1495,6.69,2772.2,78.0
55207,142.9,7.00,21.67,0.1517,6.60,2772.2,78.0
55213,144.9,6.90,21.67,0.1495,6.69,2772.2,78.0
55220,142.9,7.00,21.67,0.1517,6.60,2772.2,78.0
55227,144.9,6.90,21.67,0.1495,6.69,2772.2,78.0
55234,144.9,6.90,21.67,0.1495,6.69,2772.2,78.0
55241,142.9,7.00,21.67,0.1517,6.60,2772.2,78.0
55248,142.9,7.00,21.67,0.1517,6.60,2772.2,78.0
55255,144.9,6.90,21.67,0.1495,6.69,2772.1,78.0
55262,142.9,7.00,21.67,0.1517,6.60,2772.1,78.0
55269,144.9,6.90,21.67,0.1495,6.69,2772.1,78.0
55276,142.9,7.00,21.67,0.1517,6.60,2772.1,78.0
55283,144.9,6.90,21.67,0.1495,6.69,2772.1,78.0
55290,144.9,6.90,21.67,0.1495,6.69,2772.1,78.0
55297,142.9,7.00,21.67,0.1517,6.60,2772.1,78.0
55304,142.9,7.00,21.67,0.1517,6.59,2772.1,78.0
55311,144.9,6.90,21.67,0.1495,6.69,2772.1,78.0
55318,144.9,6.90,21.67,0.1495,6.69,2772.1,78.0
55325,142.9,7.00,21.67,0.1517,6.59,2772.1,78.0
55332,144.9,6.90,21.67,0.1495,6.69,2772.1,78.0
55338,144.9,6.90,21.67,0.1495,6.69,2772.1,78.0
55345,142.9,7.00,21.67,0.1517,6.59,2772.1,78.0
55352,144.9,6.90,21.67,0.1495,6.69,2772.0,78.0
55359,144.9,6.90,21.67,0.1495,6.69,2772.0,78.0
55366,142.9,7.00,21.67,0.1517,6.59,2772.0,78.0
55373,142.9,7.00,21.67,0.1517,6.59,2772.0,78.0
55380,144.9,6.90,21.67,0.1495,6.69,2772.0,78.0
55387,142.9,7.00,21.67,0.1517,6.59,2772.0,78.0
55394,147.1,6.80,21.67,0.1474,6.79,2772.0,78.0
55401,142.9,7.00,21.67,0.1517,6.59,2772.0,78.0
55408,142.9,7.00,21.67,0.1517,6.59,2772.0,78.0
55415,144.9,6.90,21.67,0.1495,6.69,2772.0,78.0
55422,142.9,7.00,21.67,0.1517,6.60,2772.0,78.0
55429,144.9,6.90,21.67,0.1495,6.69,2772.0,78.0
55436,144.9,6.90,21.66,0.1495,6.69,2772.0,78.0
55443,142.9,7.00,21.66,0.1516,6.60,2772.0,78.0
55450,144.9,6.90,21.66,0.1495,6.69,2772.0,78.0
55457,142.9,7.00,21.66,0.1516,6.60,2772.0,78.0
55463,144.9,6.90,21.66,0.1495,6.69,2772.0,78.0
55470,144.9,6.90,21.66,0.1494,6.69,2772.0,78.0
55477,142.9,7.00,21.66,0.1516,6.60,2772.0,78.0
55484,142.9,7.00,21.66,0.1516,6.60,2772.0,78.0
55491,147.1,6.80,21.66,0.1473,6.79,2772.0,78.0
55498,142.9,7.00,21.65,0.1516,6.60,2772.0,78.0
55505,142.9,7.00,21.65,0.1516,6.60,2772.0,78.0
55512,142.9,7.00,21.65,0.1516,6.60,2772.0,78.0
55519,144.9,6.90,21.65,0.1494,6.69,2772.0,78.0
55526,144.9,6.90,21.65,0.1494,6.69,2772.0,78.0
55533,142.9,7.00,21.65,0.1515,6.60,2772.0,78.0
55540,144.9,6.90,21.65,0.1494,6.69,2772.0,78.0
55547,142.9,7.00,21.65,0.1515,6.60,2772.0,78.0
55554,144.9,6.90,21.65,0.1494,6.69,2772.0,78.0
55561,142.9,7.00,21.64,0.1515,6.60,2772.0,78.0
55568,144.9,6.90,21.64,0.1493,6.69,2772.0,78.0
55575,144.9,6.90,21.64,0.1493,6.70,2772.0,78.0
55582,142.9,7.00,21.64,0.1515,6.60,2772.0,78.0
55589,142.9,7.00,21.64,0.1515,6.60,2772.0,78.0
55595,147.1,6.80,21.64,0.1471,6.80,2772.0,78.0
55602,140.8,7.10,21.64,0.1536,6.51,2772.0,78.0
55609,144.9,6.90,21.64,0.1493,6.70,2772.0,78.0
55616,144.9,6.90,21.64,0.1493,6.70,2772.0,78.0
55623,144.9,6.90,21.63,0.1493,6.70,2772.0,78.0
55630,142.9,7.00,21.63,0.1514,6.61,2772.0,78.0
55637,142.9,7.00,21.63,0.1514,6.61,2772.0,78.0
55644,144.9,6.90,21.63,0.1493,6.70,2772.0,78.0
55651,142.9,7.00,21.63,0.1514,6.61,2772.0,78.0
55658,147.1,6.80,21.63,0.1471,6.80,2772.0,78.0
55665,140.8,7.10,21.63,0.1536,6.51,2772.0,78.0
55672,144.9,6.90,21.63,0.1492,6.70,2772.0,78.0
55679,144.9,6.90,21.63,0.1492,6.70,2772.0,78.0
55686,142.9,7.00,21.62,0.1514,6.61,2772.0,78.0
55693,144.9,6.90,21.62,0.1492,6.70,2772.0,78.0
55700,144.9,6.90,21.62,0.1492,6.70,2772.0,78.0
55707,142.9,7.00,21.62,0.1513,6.61,2772.0,78.0
55714,142.9,7.00,21.62,0.1513,6.61,2772.0,78.0
55720,144.9,6.90,21.62,0.1492,6.70,2772.0,78.0
55727,144.9,6.90,21.62,0.1492,6.70,2772.0,78.0
55734,144.9,6.90,21.62,0.1492,6.70,2772.0,78.0
55741,140.8,7.10,21.62,0.1535,6.51,2772.0,78.0
55748,144.9,6.90,21.61,0.1491,6.70,2772.0,78.0
55755,144.9,6.90,21.61,0.1491,6.70,2772.0,78.0
55762,144.9,6.90,21.61,0.1491,6.70,2772.0,78.0
55769,144.9,6.90,21.61,0.1491,6.70,2772.0,78.0
55776,142.9,7.00,21.61,0.1513,6.61,2772.0,78.0
55783,144.9,6.90,21.61,0.1491,6.71,2772.0,78.0
55790,140.8,7.10,21.61,0.1534,6.52,2772.0,78.0
55797,147.1,6.80,21.61,0.1469,6.81,2772.0,78.0
55804,142.9,7.00,21.61,0.1512,6.61,2772.0,78.0
55811,142.9,7.00,21.60,0.1512,6.61,2772.0,78.0
55818,144.9,6.90,21.60,0.1491,6.71,2772.0,78.0
55825,142.9,7.00,21.60,0.1512,6.62,2772.0,78.0
55832,144.9,6.90,21.60,0.1490,6.71,2772.0,78.0
55839,142.9,7.00,21.60,0.1512,6.62,2772.0,78.0
55845,144.9,6.90,21.60,0.1490,6.71,2772.0,78.0
55852,142.9,7.00,21.60,0.1512,6.62,2772.0,78.0
55859,144.9,6.90,21.60,0.1490,6.71,2772.0,78.0
55866,144.9,6.90,21.60,0.1490,6.71,2772.0,78.0
55873,142.9,7.00,21.59,0.1512,6.62,2772.0,78.0
55880,144.9,6.90,21.59,0.1490,6.71,2772.0,78.0
55887,142.9,7.00,21.59,0.1511,6.62,2772.0,78.0
55894,147.1,6.80,21.59,0.1468,6.81,2772.0,78.0
55901,142.9,7.00,21.59,0.1511,6.62,2772.0,78.0
55908,144.9,6.90,21.59,0.1490,6.71,2772.0,78.0
55915,142.9,7.00,21.59,0.1511,6.62,2772.0,78.0
55922,142.9,7.00,21.59,0.1511,6.62,2772.0,78.0
55929,144.9,6.90,21.59,0.1489,6.71,2772.0,78.0
55936,144.9,6.90,21.58,0.1489,6.71,2772.0,78.0
55943,144.9,6.90,21.58,0.1489,6.71,2772.0,78.0
55950,140.8,7.10,21.58,0.1532,6.52,2772.0,78.0
55957,144.9,6.90,21.58,0.1489,6.71,2772.0,78.0
55964,142.9,7.00,21.58,0.1511,6.62,2772.0,78.0
55970,144.9,6.90,21.58,0.1489,6.71,2772.0,78.0
55977,144.9,6.90,21.58,0.1489,6.72,2772.0,78.0
55984,144.9,6.90,21.58,0.1489,6.72,2772.0,78.0
55991,140.8,7.10,21.58,0.1532,6.53,2772.0,78.0
55998,147.1,6.80,21.57,0.1467,6.82,2772.0,78.0
56005,144.9,6.90,21.57,0.1489,6.72,2772.0,78.0
56012,142.9,7.00,21.57,0.1510,6.62,2772.0,78.0
56019,142.9,7.00,21.57,0.1510,6.62,2772.0,78.0
56026,144.9,6.90,21.57,0.1488,6.72,2772.0,78.0
56033,144.9,6.90,21.57,0.1488,6.72,2772.0,78.0
56040,142.9,7.00,21.57,0.1510,6.63,2772.0,78.0
56047,142.9,7.00,21.57,0.1510,6.63,2772.0,78.0
56054,144.9,6.90,21.57,0.1488,6.72,2772.0,78.0
56061,142.9,7.00,21.56,0.1510,6.63,2772.0,78.0
56068,144.9,6.90,21.56,0.1488,6.72,2772.0,78.0
56075,144.9,6.90,21.56,0.1488,6.72,2772.0,78.0
56082,142.9,7.00,21.56,0.1509,6.63,2772.0,78.0
56088,144.9,6.90,21.56,0.1488,6.72,2772.0,78.0
56095,142.9,7.00,21.56,0.1509,6.63,2772.0,78.0
56102,144.9,6.90,21.56,0.1488,6.72,2772.0,78.0
56109,142.9,7.00,21.56,0.1509,6.63,2772.0,78.0
56116,144.9,6.90,21.56,0.1487,6.72,2772.0,78.0
56123,144.9,6.90,21.55,0.1487,6.72,2772.0,78.0
56130,142.9,7.00,21.55,0.1509,6.63,2772.0,78.0
56137,142.9,7.00,21.55,0.1509,6.63,2772.0,78.0
56144,147.1,6.80,21.55,0.1465,6.83,2772.0,78.0
56151,142.9,7.00,21.55,0.1509,6.63,2772.0,78.0
56158,142.9,7.00,21.55,0.1508,6.63,2772.0,78.0
56165,144.9,6.90,21.55,0.1487,6.72,2772.0,78.0
56172,142.9,7.00,21.55,0.1508,6.63,2772.0,78.0
56179,144.9,6.90,21.55,0.1487,6.73,2772.0,78.0
56186,142.9,7.00,21.54,0.1508,6.63,2772.0,78.0
56193,144.9,6.90,21.54,0.1486,6.73,2772.0,78.0
56200,142.9,7.00,21.54,0.1508,6.63,2772.0,78.0
56207,144.9,6.90,21.54,0.1486,6.73,2772.0,78.0
56213,144.9,6.90,21.54,0.1486,6.73,2772.0,78.0
56220,144.9,6.90,21.54,0.1486,6.73,2772.0,78.0
56227,142.9,7.00,21.54,0.1508,6.63,2772.0,78.0
56234,144.9,6.90,21.54,0.1486,6.73,2772.0,78.0
56241,142.9,7.00,21.54,0.1508,6.64,2772.0,78.0
56248,144.9,6.90,21.53,0.1486,6.73,2772.0,78.0
56255,142.9,7.00,21.53,0.1507,6.64,2772.0,78.0
56262,142.9,7.00,21.53,0.1507,6.64,2772.0,78.0
56269,144.9,6.90,21.53,0.1486,6.73,2772.0,78.0
56276,144.9,6.90,21.53,0.1486,6.73,2772.0,78.0
56283,144.9,6.90,21.53,0.1486,6.73,2772.0,78.0
56290,142.9,7.00,21.53,0.1507,6.64,2772.0,78.0
56297,142.9,7.00,21.53,0.1507,6.64,2772.0,78.0
56304,144.9,6.90,21.53,0.1485,6.73,2772.0,78.0
56311,144.9,6.90,21.52,0.1485,6.73,2772.0,78.0
56318,144.9,6.90,21.52,0.1485,6.73,2772.0,78.0
56325,140.8,7.10,21.52,0.1528,6.54,2772.0,78.0
56331,147.1,6.80,21.52,0.1463,6.84,2772.0,78.0
56338,142.9,7.00,21.52,0.1506,6.64,2772.0,78.0
56345,142.9,7.00,21.52,0.1506,6.64,2772.0,78.0
56352,144.9,6.90,21.52,0.1485,6.73,2772.0,78.0
56359,142.9,7.00,21.52,0.1506,6.64,2772.0,78.0
56366,144.9,6.90,21.52,0.1485,6.73,2772.0,78.0
56373,144.9,6.90,21.51,0.1485,6.73,2772.0,78.0
56380,142.9,7.00,21.51,0.1506,6.64,2772.0,78.0
56387,142.9,7.00,21.51,0.1506,6.64,2772.0,78.0
56394,144.9,6.90,21.51,0.1484,6.74,2772.0,78.0
56401,144.9,6.90,21.51,0.1484,6.74,2772.0,78.0
56408,142.9,7.00,21.51,0.1506,6.64,2772.0,78.0
56415,144.9,6.90,21.51,0.1484,6.74,2772.0,78.0
56422,144.9,6.90,21.51,0.1484,6.74,2772.0,78.0
56429,142.9,7.00,21.51,0.1506,6.64,2772.0,78.0
56436,142.9,7.00,21.52,0.1506,6.64,2772.0,78.0
56443,144.9,6.90,21.52,0.1485,6.73,2772.0,78.0
56450,144.9,6.90,21.52,0.1485,6.73,2772.0,78.0
56457,142.9,7.00,21.52,0.1506,6.64,2772.0,78.0
56464,142.9,7.00,21.52,0.1506,6.64,2772.0,78.0
56470,144.9,6.90,21.52,0.1485,6.73,2772.0,78.0
56477,144.9,6.90,21.52,0.1485,6.73,2772.0,78.0
56484,144.9,6.90,21.52,0.1485,6.73,2772.0,78.0
56491,142.9,7.00,21.52,0.1507,6.64,2772.0,78.0
56498,144.9,6.90,21.53,0.1485,6.73,2772.0,78.0
56505,142.9,7.00,21.53,0.1507,6.64,2772.0,78.0
56512,144.9,6.90,21.53,0.1485,6.73,2772.0,78.0
56519,142.9,7.00,21.53,0.1507,6.64,2772.0,78.0
56526,144.9,6.90,21.53,0.1486,6.73,2772.0,78.0
56533,142.9,7.00,21.53,0.1507,6.64,2772.0,78.0
56540,144.9,6.90,21.53,0.1486,6.73,2772.0,78.0
56547,144.9,6.90,21.53,0.1486,6.73,2772.0,78.0
56554,142.9,7.00,21.53,0.1507,6.64,2772.0,78.0
56561,142.9,7.00,21.54,0.1507,6.64,2772.0,78.0
56568,147.1,6.80,21.54,0.1464,6.83,2772.0,78.0
56575,140.8,7.10,21.54,0.1529,6.54,2772.0,78.0
56582,144.9,6.90,21.54,0.1486,6.73,2772.0,78.0
56588,144.9,6.90,21.54,0.1486,6.73,2772.0,78.0
56595,142.9,7.00,21.54,0.1508,6.63,2772.0,78.0
56602,147.1,6.80,21.54,0.1465,6.83,2772.0,78.0
56609,140.8,7.10,21.54,0.1530,6.54,2772.0,78.0
56616,144.9,6.90,21.54,0.1487,6.73,2772.0,78.0
56623,144.9,6.90,21.55,0.1487,6.73,2772.0,78.0
56630,142.9,7.00,21.55,0.1508,6.63,2772.0,78.0
56637,144.9,6.90,21.55,0.1487,6.72,2772.0,78.0
56644,144.9,6.90,21.55,0.1487,6.72,2772.0,78.0
56651,142.9,7.00,21.55,0.1508,6.63,2772.0,78.0
56658,142.9,7.00,21.55,0.1509,6.63,2772.0,78.0
56665,144.9,6.90,21.55,0.1487,6.72,2772.0,78.0
56672,144.9,6.90,21.55,0.1487,6.72,2772.0,78.0
56679,142.9,7.00,21.55,0.1509,6.63,2772.0,78.0
56686,142.9,7.00,21.56,0.1509,6.63,2772.0,78.0
56693,144.9,6.90,21.56,0.1487,6.72,2772.0,78.0
56700,144.9,6.90,21.56,0.1487,6.72,2772.0,78.0
56707,142.9,7.00,21.56,0.1509,6.63,2772.0,78.0
56713,144.9,6.90,21.56,0.1488,6.72,2772.0,78.0
56720,142.9,7.00,21.56,0.1509,6.63,2772.0,78.0
56727,144.9,6.90,21.56,0.1488,6.72,2772.0,78.0
56734,142.9,7.00,21.56,0.1509,6.63,2772.0,78.0
56741,144.9,6.90,21.56,0.1488,6.72,2772.0,78.0
56748,144.9,6.90,21.57,0.1488,6.72,2772.0,78.0
56755,142.9,7.00,21.57,0.1510,6.63,2772.0,78.0
56762,144.9,6.90,21.57,0.1488,6.72,2772.0,78.0
56769,142.9,7.00,21.57,0.1510,6.63,2772.0,78.0
56776,144.9,6.90,21.57,0.1488,6.72,2772.0,78.0
56783,142.9,7.00,21.57,0.1510,6.62,2772.0,78.0
56790,144.9,6.90,21.57,0.1488,6.72,2772.0,78.0
56797,144.9,6.90,21.57,0.1489,6.72,2772.0,78.0
56804,142.9,7.00,21.57,0.1510,6.62,2772.0,78.0
56811,144.9,6.90,21.58,0.1489,6.72,2772.0,78.0
56818,142.9,7.00,21.58,0.1510,6.62,2772.0,78.0
56825,144.9,6.90,21.58,0.1489,6.72,2772.0,78.0
56832,142.9,7.00,21.58,0.1511,6.62,2772.0,78.0
56838,144.9,6.90,21.58,0.1489,6.71,2772.0,78.0
56845,144.9,6.90,21.58,0.1489,6.71,2772.0,78.0
56852,142.9,7.00,21.58,0.1511,6.62,2772.0,78.0
56859,144.9,6.90,21.58,0.1489,6.71,2772.0,78.0
56866,142.9,7.00,21.58,0.1511,6.62,2772.0,78.0
56873,144.9,6.90,21.59,0.1489,6.71,2772.0,78.0
56880,142.9,7.00,21.59,0.1511,6.62,2772.0,78.0
56887,142.9,7.00,21.59,0.1511,6.62,2772.0,78.0
56894,147.1,6.80,21.59,0.1468,6.81,2772.0,78.0
56901,142.9,7.00,21.59,0.1511,6.62,2772.0,78.0
56908,144.9,6.90,21.59,0.1490,6.71,2772.0,78.0
56915,142.9,7.00,21.59,0.1511,6.62,2772.0,78.0
56922,144.9,6.90,21.59,0.1490,6.71,2772.0,78.0
56929,142.9,7.00,21.59,0.1512,6.62,2772.0,78.0
56936,144.9,6.90,21.60,0.1490,6.71,2772.0,78.0
56943,142.9,7.00,21.60,0.1512,6.62,2772.0,78.0
56950,144.9,6.90,21.60,0.1490,6.71,2772.0,78.0
56956,144.9,6.90,21.60,0.1490,6.71,2772.0,78.0
56963,142.9,7.00,21.60,0.1512,6.62,2772.0,78.0
56970,142.9,7.00,21.60,0.1512,6.62,2772.0,78.0
56977,144.9,6.90,21.60,0.1491,6.71,2772.0,78.0
56984,144.9,6.90,21.60,0.1491,6.71,2772.0,78.0
56991,142.9,7.00,21.60,0.1512,6.61,2772.0,78.0
56998,144.9,6.90,21.61,0.1491,6.71,2772.0,78.0
57005,142.9,7.00,21.61,0.1512,6.61,2772.0,78.0
57012,144.9,6.90,21.61,0.1491,6.71,2772.0,78.0
57019,142.9,7.00,21.61,0.1513,6.61,2772.0,78.0
57026,144.9,6.90,21.61,0.1491,6.71,2772.0,78.0
57033,142.9,7.00,21.61,0.1513,6.61,2772.0,78.0
57040,144.9,6.90,21.61,0.1491,6.70,2772.0,78.0
57047,142.9,7.00,21.61,0.1513,6.61,2772.0,78.0
57054,144.9,6.90,21.61,0.1491,6.70,2772.0,78.0
57061,144.9,6.90,21.62,0.1491,6.70,2772.0,78.0
57068,144.9,6.90,21.62,0.1492,6.70,2772.0,78.0
57075,142.9,7.00,21.62,0.1513,6.61,2772.0,78.0
57081,144.9,6.90,21.62,0.1492,6.70,2772.0,78.0
57088,144.9,6.90,21.62,0.1492,6.70,2772.0,78.0
57095,142.9,7.00,21.62,0.1513,6.61,2772.0,78.0
57102,142.9,7.00,21.62,0.1514,6.61,2772.0,78.0
57109,144.9,6.90,21.62,0.1492,6.70,2772.0,78.0
57116,142.9,7.00,21.62,0.1514,6.61,2772.0,78.0
57123,142.9,7.00,21.63,0.1514,6.61,2772.0,78.0
57130,147.1,6.80,21.63,0.1471,6.80,2772.0,78.0
57137,142.9,7.00,21.63,0.1514,6.61,2772.0,78.0
57144,142.9,7.00,21.63,0.1514,6.61,2772.0,78.0
57151,147.1,6.80,21.63,0.1471,6.80,2772.0,78.0
57158,142.9,7.00,21.63,0.1514,6.61,2772.0,78.0
57165,142.9,7.00,21.63,0.1514,6.61,2772.0,78.0
57172,144.9,6.90,21.63,0.1493,6.70,2772.0,78.0
57179,142.9,7.00,21.63,0.1514,6.61,2772.0,78.0
57186,144.9,6.90,21.64,0.1493,6.70,2772.0,78.0
57193,142.9,7.00,21.64,0.1515,6.60,2772.0,78.0
57200,144.9,6.90,21.64,0.1493,6.70,2772.0,78.0
57206,144.9,6.90,21.64,0.1493,6.70,2772.0,78.0
57213,142.9,7.00,21.64,0.1515,6.60,2772.0,78.0
57220,144.9,6.90,21.64,0.1493,6.70,2772.0,78.0
57227,142.9,7.00,21.64,0.1515,6.60,2772.0,78.0
57234,142.9,7.00,21.64,0.1515,6.60,2772.0,78.0
57241,144.9,6.90,21.64,0.1493,6.69,2772.0,78.0
57248,144.9,6.90,21.65,0.1494,6.69,2772.0,78.0
57255,144.9,6.90,21.65,0.1494,6.69,2772.0,78.0
57262,144.9,6.90,21.65,0.1494,6.69,2772.0,78.0
57269,142.9,7.00,21.65,0.1515,6.60,2772.0,78.0
57276,142.9,7.00,21.65,0.1515,6.60,2772.0,78.0
57283,144.9,6.90,21.65,0.1494,6.69,2772.0,78.0
57290,142.9,7.00,21.65,0.1516,6.60,2772.0,78.0
57297,144.9,6.90,21.65,0.1494,6.69,2772.0,78.0
57304,144.9,6.90,21.65,0.1494,6.69,2772.0,78.0
57311,142.9,7.00,21.66,0.1516,6.60,2772.0,78.0
57318,142.9,7.00,21.66,0.1516,6.60,2772.0,78.0
57324,147.1,6.80,21.66,0.1473,6.79,2772.0,78.0
57331,142.9,7.00,21.66,0.1516,6.60,2772.0,78.0
57338,142.9,7.00,21.66,0.1516,6.60,2772.0,78.0
57345,144.9,6.90,21.66,0.1495,6.69,2772.0,78.0
57352,142.9,7.00,21.66,0.1516,6.60,2772.0,78.0
57359,144.9,6.90,21.66,0.1495,6.69,2772.0,78.0
57366,142.9,7.00,21.66,0.1516,6.60,2772.0,78.0
57373,144.9,6.90,21.67,0.1495,6.69,2772.0,78.0
57380,144.9,6.90,21.67,0.1495,6.69,2772.0,78.0
57387,140.8,7.10,21.67,0.1538,6.50,2772.0,78.0
57394,144.9,6.90,21.67,0.1495,6.69,2772.0,78.0
57401,144.9,6.90,21.67,0.1495,6.69,2772.0,78.0
57408,142.9,7.00,21.67,0.1517,6.59,2772.0,78.0
57415,144.9,6.90,21.67,0.1495,6.69,2772.0,78.0
57422,144.9,6.90,21.67,0.1495,6.69,2772.0,78.0
57429,144.9,6.90,21.67,0.1495,6.69,2772.0,78.0
57436,142.9,7.00,21.67,0.1517,6.59,2772.0,78.0
57443,144.9,6.90,21.67,0.1495,6.69,2772.0,78.0
57450,142.9,7.00,21.67,0.1517,6.59,2772.0,78.0
57457,142.9,7.00,21.67,0.1517,6.59,2772.0,78.0
57463,144.9,6.90,21.67,0.1495,6.69,2772.0,78.0
57470,144.9,6.90,21.67,0.1495,6.69,2772.0,78.0
57477,142.9,7.00,21.67,0.1517,6.59,2772.0,78.0
57484,144.9,6.90,21.67,0.1495,6.69,2772.0,78.0
57491,144.9,6.90,21.67,0.1495,6.69,2772.0,78.0
57498,142.9,7.00,21.67,0.1517,6.59,2772.0,78.0
57505,142.9,7.00,21.67,0.1517,6.59,2772.0,78.0
57512,144.9,6.90,21.67,0.1495,6.69,2772.0,78.0
57519,142.9,7.00,21.67,0.1517,6.60,2772.0,78.0
57526,144.9,6.90,21.67,0.1495,6.69,2772.0,78.0
57533,144.9,6.90,21.67,0.1495,6.69,2772.0,78.0
57540,142.9,7.00,21.67,0.1517,6.60,2772.0,78.0
57547,144.9,6.90,21.67,0.1495,6.69,2772.0,78.0
57554,142.9,7.00,21.67,0.1517,6.60,2772.0,78.0
57561,144.9,6.90,21.67,0.1495,6.69,2772.0,78.0
57568,144.9,6.90,21.67,0.1495,6.69,2772.0,78.0
57575,142.9,7.00,21.67,0.1517,6.60,2772.0,78.0
57582,142.9,7.00,21.67,0.1517,6.60,2772.0,78.0
57588,144.9,6.90,21.67,0.1495,6.69,2772.0,78.0
57595,144.9,6.90,21.67,0.1495,6.69,2772.0,78.0
57602,142.9,7.00,21.67,0.1517,6.60,2772.0,78.0
57609,144.9,6.90,21.67,0.1495,6.69,2772.0,78.0
57616,142.9,7.00,21.67,0.1517,6.60,2772.0,78.0
57623,142.9,7.00,21.67,0.1517,6.60,2772.0,78.0
57630,147.1,6.80,21.67,0.1473,6.79,2772.0,78.0
57637,142.9,7.00,21.67,0.1517,6.60,2772.0,78.0
57644,144.9,6.90,21.67,0.1495,6.69,2772.0,78.0
57651,142.9,7.00,21.67,0.1517,6.60,2772.0,78.0
57658,142.9,7.00,21.66,0.1517,6.60,2772.0,78.0
57665,144.9,6.90,21.66,0.1495,6.69,2772.0,78.0
57672,142.9,7.00,21.66,0.1517,6.60,2772.0,78.0
57679,142.9,7.00,21.66,0.1517,6.60,2772.0,78.0
57686,144.9,6.90,21.66,0.1495,6.69,2772.0,78.0
57693,144.9,6.90,21.66,0.1495,6.69,2772.0,78.0
57700,144.9,6.90,21.66,0.1495,6.69,2772.0,78.0
57706,144.9,6.90,21.66,0.1495,6.69,2772.0,78.0
57713,142.9,7.00,21.66,0.1516,6.60,2772.0,78.0
57720,144.9,6.90,21.66,0.1495,6.69,2772.0,78.0
57727,142.9,7.00,21.66,0.1516,6.60,2772.0,78.0
57734,142.9,7.00,21.66,0.1516,6.60,2772.0,78.0
57741,147.1,6.80,21.66,0.1473,6.79,2772.0,78.0
57748,142.9,7.00,21.66,0.1516,6.60,2772.0,78.0
57755,142.9,7.00,21.66,0.1516,6.60,2772.0,78.0
57762,144.9,6.90,21.66,0.1495,6.69,2772.0,78.0
57769,142.9,7.00,21.66,0.1516,6.60,2772.0,78.0
57776,144.9,6.90,21.66,0.1495,6.69,2772.0,78.0
57783,142.9,7.00,21.66,0.1516,6.60,2772.0,78.0
57790,144.9,6.90,21.66,0.1495,6.69,2772.0,78.0
57797,144.9,6.90,21.66,0.1495,6.69,2772.0,78.0
57804,144.9,6.90,21.66,0.1495,6.69,2772.0,78.0
57811,142.9,7.00,21.66,0.1516,6.60,2772.0,78.0
57818,142.9,7.00,21.66,0.1516,6.60,2772.0,78.0
57825,142.9,7.00,21.66,0.1516,6.60,2772.0,78.0
57832,144.9,6.90,21.66,0.1495,6.69,2772.0,78.0
57838,144.9,6.90,21.66,0.1495,6.69,2772.0,78.0
57845,144.9,6.90,21.66,0.1495,6.69,2772.0,78.0
57852,142.9,7.00,21.66,0.1516,6.60,2772.0,78.0
57859,144.9,6.90,21.66,0.1495,6.69,2772.0,78.0
57866,142.9,7.00,21.66,0.1516,6.60,2772.0,78.0
57873,144.9,6.90,21.66,0.1495,6.69,2772.0,78.0
57880,142.9,7.00,21.66,0.1516,6.60,2772.0,78.0
57887,144.9,6.90,21.66,0.1495,6.69,2772.0,78.0
57894,144.9,6.90,21.66,0.1495,6.69,2772.0,78.0
57901,142.9,7.00,21.66,0.1516,6.60,2772.0,78.0
57908,142.9,7.00,21.66,0.1516,6.60,2772.0,78.0
57915,147.1,6.80,21.66,0.1473,6.79,2772.0,78.0
57922,142.9,7.00,21.66,0.1516,6.60,2772.0,78.0
57929,144.9,6.90,21.66,0.1495,6.69,2772.0,78.0
57936,142.9,7.00,21.66,0.1516,6.60,2772.0,78.0
57943,142.9,7.00,21.66,0.1516,6.60,2772.0,78.0
57950,144.9,6.90,21.66,0.1494,6.69,2772.0,78.0
57957,142.9,7.00,21.66,0.1516,6.60,2772.0,78.0
57963,144.9,6.90,21.66,0.1494,6.69,2772.0,78.0
57970,144.9,6.90,21.66,0.1494,6.69,2772.0,78.0
57977,142.9,7.00,21.66,0.1516,6.60,2772.0,78.0
57984,144.9,6.90,21.66,0.1494,6.69,2772.0,78.0
57991,144.9,6.90,21.66,0.1494,6.69,2772.0,78.0
57998,142.9,7.00,21.66,0.1516,6.60,2772.0,78.0
58005,144.9,6.90,21.66,0.1494,6.69,2772.0,78.0
58012,142.9,7.00,21.66,0.1516,6.60,2772.0,78.0
58019,144.9,6.90,21.66,0.1494,6.69,2772.0,78.0
58026,142.9,7.00,21.66,0.1516,6.60,2772.0,78.0
58033,144.9,6.90,21.66,0.1494,6.69,2772.0,78.0
58040,142.9,7.00,21.66,0.1516,6.60,2772.0,78.0
58047,142.9,7.00,21.66,0.1516,6.60,2772.0,78.0
58054,144.9,6.90,21.66,0.1494,6.69,2772.0,78.0
58061,144.9,6.90,21.66,0.1494,6.69,2772.0,78.0
58068,144.9,6.90,21.66,0.1494,6.69,2772.0,78.0
58075,142.9,7.00,21.66,0.1516,6.60,2772.0,78.0
58081,144.9,6.90,21.66,0.1494,6.69,2772.0,78.0
58088,142.9,7.00,21.66,0.1516,6.60,2772.0,78.0
58095,142.9,7.00,21.66,0.1516,6.60,2772.0,78.0
58102,144.9,6.90,21.66,0.1494,6.69,2772.0,78.0
58109,144.9,6.90,21.66,0.1494,6.69,2772.0,78.0
58116,144.9,6.90,21.66,0.1494,6.69,2772.0,78.0
58123,142.9,7.00,21.66,0.1516,6.60,2772.0,78.0
58130,142.9,7.00,21.66,0.1516,6.60,2772.0,78.0
58137,144.9,6.90,21.66,0.1494,6.69,2772.0,78.0
58144,144.9,6.90,21.66,0.1494,6.69,2772.0,78.0
58151,142.9,7.00,21.66,0.1516,6.60,2772.0,78.0
58158,144.9,6.90,21.65,0.1494,6.69,2772.0,78.0
58165,144.9,6.90,21.65,0.1494,6.69,2772.0,78.0
58172,142.9,7.00,21.65,0.1516,6.60,2772.0,78.0
58179,144.9,6.90,21.65,0.1494,6.69,2772.0,78.0
58186,142.9,7.00,21.65,0.1516,6.60,2772.0,78.0
58193,144.9,6.90,21.65,0.1494,6.69,2772.0,78.0
58200,142.9,7.00,21.65,0.1516,6.60,2772.0,78.0
58206,144.9,6.90,21.65,0.1494,6.69,2772.0,78.0
58213,142.9,7.00,21.65,0.1516,6.60,2772.0,78.0
58220,144.9,6.90,21.65,0.1494,6.69,2772.0,78.0
58227,142.9,7.00,21.65,0.1516,6.60,2772.0,78.0
58234,142.9,7.00,21.65,0.1516,6.60,2772.0,78.0
58241,144.9,6.90,21.65,0.1494,6.69,2772.0,78.0
58248,144.9,6.90,21.65,0.1494,6.69,2772.0,78.0
58255,142.9,7.00,21.65,0.1516,6.60,2772.0,78.0
58262,144.9,6.90,21.65,0.1494,6.69,2772.0,78.0
58269,144.9,6.90,21.65,0.1494,6.69,2772.0,78.0
58276,144.9,6.90,21.65,0.1494,6.69,2772.0,78.0
58283,142.9,7.00,21.65,0.1516,6.60,2772.0,78.0
58290,144.9,6.90,21.65,0.1494,6.69,2772.0,78.0
58297,140.8,7.10,21.65,0.1537,6.50,2772.0,78.0
58304,147.1,6.80,21.65,0.1472,6.79,2772.0,78.0
58311,142.9,7.00,21.65,0.1516,6.60,2772.0,78.0
58318,144.9,6.90,21.65,0.1494,6.69,2772.0,78.0
58325,142.9,7.00,21.65,0.1516,6.60,2772.0,78.0
58332,142.9,7.00,21.65,0.1516,6.60,2772.0,78.0
58338,144.9,6.90,21.65,0.1494,6.69,2772.0,78.0
58345,144.9,6.90,21.65,0.1494,6.69,2772.0,78.0
58352,142.9,7.00,21.65,0.1516,6.60,2772.0,78.0
58359,144.9,6.90,21.65,0.1494,6.69,2772.0,78.0
58366,142.9,7.00,21.65,0.1516,6.60,2772.0,78.0
58373,144.9,6.90,21.65,0.1494,6.69,2772.0,78.0
58380,144.9,6.90,21.65,0.1494,6.69,2772.0,78.0
58387,142.9,7.00,21.65,0.1516,6.60,2772.0,78.0
58394,142.9,7.00,21.65,0.1516,6.60,2772.0,78.0
58401,144.9,6.90,21.65,0.1494,6.69,2772.0,78.0
58408,142.9,7.00,21.65,0.1516,6.60,2772.0,78.0
58415,147.1,6.80,21.65,0.1472,6.79,2772.0,78.0
58422,140.8,7.10,21.65,0.1537,6.50,2772.0,78.0
58429,147.1,6.80,21.65,0.1472,6.79,2772.0,78.0
58436,142.9,7.00,21.65,0.1516,6.60,2772.0,78.0
58443,144.9,6.90,21.65,0.1494,6.69,2772.0,78.0
58450,142.9,7.00,21.65,0.1516,6.60,2772.0,78.0
58456,144.9,6.90,21.65,0.1494,6.69,2772.0,78.0
58463,142.9,7.00,21.65,0.1516,6.60,2772.0,78.0
58470,144.9,6.90,21.65,0.1494,6.69,2772.0,78.0
58477,142.9,7.00,21.65,0.1516,6.60,2772.0,78.0
58484,144.9,6.90,21.65,0.1494,6.69,2772.0,78.0
58491,144.9,6.90,21.66,0.1494,6.69,2772.0,78.0
58498,142.9,7.00,21.66,0.1516,6.60,2772.0,78.0
58505,142.9,7.00,21.66,0.1516,6.60,2772.0,78.0
58512,144.9,6.90,21.66,0.1494,6.69,2772.0,78.0
58519,144.9,6.90,21.66,0.1494,6.69,2772.0,78.0
58526,142.9,7.00,21.66,0.1516,6.60,2772.0,78.0
58533,142.9,7.00,21.66,0.1516,6.60,2772.0,78.0
58540,144.9,6.90,21.66,0.1494,6.69,2772.0,78.0
58547,144.9,6.90,21.66,0.1494,6.69,2772.0,78.0
58554,144.9,6.90,21.66,0.1494,6.69,2772.0,78.0
58561,142.9,7.00,21.66,0.1516,6.60,2772.0,78.0
58568,142.9,7.00,21.66,0.1516,6.60,2772.0,78.0
58575,144.9,6.90,21.66,0.1495,6.69,2772.0,78.0
58581,144.9,6.90,21.66,0.1495,6.69,2772.0,78.0
58588,144.9,6.90,21.66,0.1495,6.69,2772.0,78.0
58595,142.9,7.00,21.66,0.1516,6.60,2772.0,78.0
58602,142.9,7.00,21.66,0.1516,6.60,2772.0,78.0
58609,144.9,6.90,21.66,0.1495,6.69,2772.0,78.0
58616,144.9,6.90,21.66,0.1495,6.69,2772.0,78.0
58623,142.9,7.00,21.66,0.1516,6.60,2772.0,78.0
58630,144.9,6.90,21.66,0.1495,6.69,2772.0,78.0
58637,142.9,7.00,21.66,0.1516,6.60,2772.0,78.0
58644,144.9,6.90,21.66,0.1495,6.69,2772.0,78.0
58651,142.9,7.00,21.66,0.1517,6.60,2772.0,78.0
58658,142.9,7.00,21.67,0.1517,6.60,2772.0,78.0
58665,144.9,6.90,21.67,0.1495,6.69,2772.0,78.0
58672,144.9,6.90,21.67,0.1495,6.69,2772.0,78.0
58679,144.9,6.90,21.67,0.1495,6.69,2772.0,78.0
58686,142.9,7.00,21.67,0.1517,6.60,2772.0,78.0
58693,142.9,7.00,21.67,0.1517,6.60,2772.0,78.0
58700,144.9,6.90,21.67,0.1495,6.69,2772.0,78.0
58706,144.9,6.90,21.67,0.1495,6.69,2772.0,78.0
58713,142.9,7.00,21.67,0.1517,6.59,2772.0,78.0
58720,144.9,6.90,21.67,0.1495,6.69,2772.0,78.0
58727,142.9,7.00,21.67,0.1517,6.59,2772.0,78.0
58734,144.9,6.90,21.67,0.1495,6.69,2772.0,78.0
58741,144.9,6.90,21.67,0.1495,6.69,2772.0,78.0
58748,142.9,7.00,21.67,0.1517,6.59,2772.0,78.0
58755,144.9,6.90,21.67,0.1495,6.69,2772.0,78.0
58762,142.9,7.00,21.67,0.1517,6.59,2772.0,78.0
58769,144.9,6.90,21.67,0.1495,6.69,2772.0,78.0
58776,142.9,7.00,21.67,0.1517,6.59,2772.0,78.0
58783,144.9,6.90,21.67,0.1495,6.69,2772.0,78.0
58790,142.9,7.00,21.67,0.1517,6.59,2772.0,78.0
58797,144.9,6.90,21.67,0.1495,6.69,2772.0,78.0
58804,142.9,7.00,21.67,0.1517,6.59,2772.0,78.0
58811,144.9,6.90,21.67,0.1496,6.69,2772.0,78.0
58818,142.9,7.00,21.67,0.1517,6.59,2772.0,78.0
58825,144.9,6.90,21.68,0.1496,6.69,2772.0,78.0
58831,144.9,6.90,21.68,0.1496,6.68,2772.0,78.0
58838,142.9,7.00,21.68,0.1517,6.59,2772.0,78.0
58845,142.9,7.00,21.68,0.1517,6.59,2772.0,78.0
58852,144.9,6.90,21.68,0.1496,6.68,2772.0,78.0
58859,144.9,6.90,21.68,0.1496,6.68,2772.0,78.0
58866,144.9,6.90,21.68,0.1496,6.68,2772.0,78.0
58873,142.9,7.00,21.68,0.1517,6.59,2772.0,78.0
58880,142.9,7.00,21.68,0.1518,6.59,2772.0,78.0
58887,144.9,6.90,21.68,0.1496,6.68,2772.0,78.0
58894,142.9,7.00,21.68,0.1518,6.59,2772.0,78.0
58901,144.9,6.90,21.68,0.1496,6.68,2772.0,78.0
58908,144.9,6.90,21.68,0.1496,6.68,2772.0,78.0
58915,144.9,6.90,21.68,0.1496,6.68,2772.0,78.0
58922,142.9,7.00,21.68,0.1518,6.59,2772.0,78.0
58929,144.9,6.90,21.68,0.1496,6.68,2772.0,78.0
58936,142.9,7.00,21.68,0.1518,6.59,2772.0,78.0
58943,144.9,6.90,21.68,0.1496,6.68,2772.0,78.0
58950,142.9,7.00,21.68,0.1518,6.59,2772.0,78.0
58956,144.9,6.90,21.68,0.1496,6.68,2772.0,78.0
58963,142.9,7.00,21.68,0.1518,6.59,2772.0,78.0
58970,144.9,6.90,21.68,0.1496,6.68,2772.0,78.0
58977,144.9,6.90,21.68,0.1496,6.68,2772.0,78.0
58984,142.9,7.00,21.68,0.1518,6.59,2772.0,78.0
58991,144.9,6.90,21.69,0.1496,6.68,2772.0,78.0
58998,142.9,7.00,21.69,0.1518,6.59,2772.0,78.0
59005,144.9,6.90,21.69,0.1496,6.68,2772.0,78.0
59012,144.9,6.90,21.69,0.1496,6.68,2772.0,78.0
59019,142.9,7.00,21.69,0.1518,6.59,2772.0,78.0
59026,142.9,7.00,21.69,0.1518,6.59,2772.0,78.0
59033,144.9,6.90,21.69,0.1496,6.68,2772.0,78.0
59040,142.9,7.00,21.69,0.1518,6.59,2772.0,78.0
59047,144.9,6.90,21.69,0.1497,6.68,2772.0,78.0
59054,144.9,6.90,21.69,0.1497,6.68,2772.0,78.0
59061,144.9,6.90,21.69,0.1497,6.68,2772.0,78.0
59068,142.9,7.00,21.69,0.1518,6.59,2772.0,78.0
59075,142.9,7.00,21.69,0.1518,6.59,2772.0,78.0
59081,144.9,6.90,21.69,0.1497,6.68,2772.0,78.0
59088,142.9,7.00,21.69,0.1518,6.59,2772.0,78.0
59095,144.9,6.90,21.69,0.1497,6.68,2772.0,78.0
59102,142.9,7.00,21.69,0.1518,6.59,2772.0,78.0
59109,144.9,6.90,21.69,0.1497,6.68,2772.0,78.0
59116,142.9,7.00,21.69,0.1518,6.59,2772.0,78.0
59123,144.9,6.90,21.69,0.1497,6.68,2772.0,78.0
59130,144.9,6.90,21.69,0.1497,6.68,2772.0,78.0
59137,144.9,6.90,21.69,0.1497,6.68,2772.0,78.0
59144,140.8,7.10,21.69,0.1540,6.49,2772.0,78.0
59151,144.9,6.90,21.69,0.1497,6.68,2772.0,78.0
59158,144.9,6.90,21.70,0.1497,6.68,2772.0,78.0
59165,144.9,6.90,21.70,0.1497,6.68,2772.0,78.0
59172,142.9,7.00,21.70,0.1519,6.59,2772.0,78.0
59179,144.9,6.90,21.70,0.1497,6.68,2772.0,78.0
59186,142.9,7.00,21.70,0.1519,6.59,2772.0,78.0
59193,142.9,7.00,21.70,0.1519,6.59,2772.0,78.0
59200,144.9,6.90,21.70,0.1497,6.68,2772.0,78.0
59206,144.9,6.90,21.70,0.1497,6.68,2772.0,78.0
59213,144.9,6.90,21.70,0.1497,6.68,2772.0,78.0
59220,142.9,7.00,21.70,0.1519,6.59,2772.0,78.0
59227,144.9,6.90,21.70,0.1497,6.68,2772.0,78.0
59234,142.9,7.00,21.70,0.1519,6.59,2772.0,78.0
59241,144.9,6.90,21.70,0.1497,6.68,2772.0,78.0
59248,144.9,6.90,21.70,0.1497,6.68,2772.0,78.0
59255,142.9,7.00,21.70,0.1519,6.58,2772.0,78.0
59262,142.9,7.00,21.70,0.1519,6.58,2772.0,78.0
59269,144.9,6.90,21.70,0.1497,6.68,2772.0,78.0
59276,142.9,7.00,21.70,0.1519,6.58,2772.0,78.0
59283,144.9,6.90,21.70,0.1497,6.68,2772.0,78.0
59290,142.9,7.00,21.70,0.1519,6.58,2772.0,78.0
59297,144.9,6.90,21.70,0.1498,6.68,2772.0,78.0
59304,142.9,7.00,21.70,0.1519,6.58,2772.0,78.0
59311,144.9,6.90,21.70,0.1498,6.68,2772.0,78.0
59318,144.9,6.90,21.70,0.1498,6.68,2772.0,78.0
59325,142.9,7.00,21.71,0.1519,6.58,2772.0,78.0
59331,144.9,6.90,21.71,0.1498,6.68,2772.0,78.0
59338,142.9,7.00,21.71,0.1519,6.58,2772.0,78.0
59345,147.1,6.80,21.71,0.1476,6.78,2772.0,78.0
59352,140.8,7.10,21.71,0.1541,6.49,2772.0,78.0
59359,144.9,6.90,21.71,0.1498,6.68,2772.0,78.0
59366,144.9,6.90,21.71,0.1498,6.68,2772.0,78.0
59373,144.9,6.90,21.71,0.1498,6.67,2772.0,78.0
59380,142.9,7.00,21.71,0.1520,6.58,2772.0,78.0
59387,144.9,6.90,21.71,0.1498,6.67,2772.0,78.0
59394,142.9,7.00,21.71,0.1520,6.58,2772.0,78.0
59401,142.9,7.00,21.71,0.1520,6.58,2772.0,78.0
59408,147.1,6.80,21.71,0.1476,6.78,2772.0,78.0
59415,142.9,7.00,21.71,0.1520,6.58,2772.0,78.0
59422,144.9,6.90,21.71,0.1498,6.67,2772.0,78.0
59429,142.9,7.00,21.71,0.1520,6.58,2772.0,78.0
59436,142.9,7.00,21.71,0.1520,6.58,2772.0,78.0
59443,142.9,7.00,21.71,0.1520,6.58,2772.0,78.0
59450,144.9,6.90,21.71,0.1498,6.67,2772.0,78.0
59456,144.9,6.90,21.71,0.1498,6.67,2772.0,78.0
59463,144.9,6.90,21.71,0.1498,6.67,2772.0,78.0
59470,142.9,7.00,21.71,0.1520,6.58,2772.0,78.0
59477,142.9,7.00,21.71,0.1520,6.58,2772.0,78.0
59484,142.9,7.00,21.71,0.1520,6.58,2772.0,78.0
59491,147.1,6.80,21.71,0.1476,6.78,2772.0,78.0
59498,142.9,7.00,21.71,0.1520,6.58,2772.0,78.0
59505,142.9,7.00,21.71,0.1520,6.58,2772.0,78.0
59512,144.9,6.90,21.71,0.1498,6.67,2772.0,78.0
59519,144.9,6.90,21.71,0.1498,6.67,2772.0,78.0
59526,144.9,6.90,21.71,0.1498,6.67,2772.0,78.0
59533,142.9,7.00,21.71,0.1520,6.58,2772.0,78.0
59540,144.9,6.90,21.71,0.1498,6.67,2772.0,78.0
59547,142.9,7.00,21.71,0.1520,6.58,2772.0,78.0
59554,144.9,6.90,21.71,0.1498,6.67,2772.0,78.0
59561,142.9,7.00,21.71,0.1520,6.58,2772.0,78.0
59568,144.9,6.90,21.71,0.1498,6.67,2772.0,78.0
59575,142.9,7.00,21.71,0.1520,6.58,2772.0,78.0
59581,144.9,6.90,21.71,0.1498,6.67,2772.0,78.0
59588,142.9,7.00,21.71,0.1520,6.58,2772.0,78.0
59595,144.9,6.90,21.71,0.1498,6.67,2772.0,78.0
59602,142.9,7.00,21.71,0.1520,6.58,2772.0,78.0
59609,144.9,6.90,21.71,0.1498,6.67,2772.0,78.0
59616,142.9,7.00,21.71,0.1520,6.58,2772.0,78.0
59623,144.9,6.90,21.71,0.1498,6.67,2772.0,78.0
59630,144.9,6.90,21.71,0.1498,6.67,2772.0,78.0
59637,144.9,6.90,21.71,0.1498,6.67,2772.0,78.0
59644,140.8,7.10,21.71,0.1541,6.49,2772.0,78.0
59651,144.9,6.90,21.71,0.1498,6.67,2772.0,78.0
59658,144.9,6.90,21.71,0.1498,6.67,2772.0,78.0
59665,142.9,7.00,21.71,0.1520,6.58,2772.0,78.0
59672,144.9,6.90,21.71,0.1498,6.67,2772.0,78.0
59679,142.9,7.00,21.71,0.1520,6.58,2772.0,78.0
59686,144.9,6.90,21.71,0.1498,6.67,2772.0,78.0
59693,144.9,6.90,21.71,0.1498,6.67,2772.0,78.0
59699,144.9,6.90,21.71,0.1498,6.67,2772.0,78.0
59706,142.9,7.00,21.71,0.1520,6.58,2772.0,78.0
59713,142.9,7.00,21.71,0.1520,6.58,2772.0,78.0
59720,144.9,6.90,21.71,0.1498,6.67,2772.0,78.0
59727,144.9,6.90,21.71,0.1498,6.67,2772.0,78.0
59734,142.9,7.00,21.71,0.1520,6.58,2772.0,78.0
59741,142.9,7.00,21.71,0.1520,6.58,2772.0,78.0
59748,144.9,6.90,21.71,0.1498,6.67,2772.0,78.0
59755,144.9,6.90,21.71,0.1498,6.67,2772.0,78.0
59762,144.9,6.90,21.71,0.1498,6.67,2772.0,78.0
59769,140.8,7.10,21.71,0.1541,6.49,2772.0,78.0
59776,147.1,6.80,21.71,0.1476,6.78,2772.0,78.0
59783,142.9,7.00,21.71,0.1520,6.58,2772.0,78.0
59790,144.9,6.90,21.71,0.1498,6.67,2772.0,78.0
59797,142.9,7.00,21.71,0.1520,6.58,2772.0,78.0
59804,142.9,7.00,21.71,0.1520,6.58,2772.0,78.0
59811,144.9,6.90,21.71,0.1498,6.67,2772.0,78.0
59818,144.9,6.90,21.71,0.1498,6.67,2772.0,78.0
59825,142.9,7.00,21.71,0.1520,6.58,2772.0,78.0
59831,144.9,6.90,21.71,0.1498,6.67,2772.0,78.0
59838,144.9,6.90,21.71,0.1498,6.67,2772.0,78.0
59845,142.9,7.00,21.71,0.1520,6.58,2772.0,78.0
59852,142.9,7.00,21.71,0.1520,6.58,2772.0,78.0
59859,144.9,6.90,21.71,0.1498,6.67,2772.0,78.0
59866,144.9,6.90,21.71,0.1498,6.67,2772.0,78.0
59873,144.9,6.90,21.71,0.1498,6.67,2772.0,78.0
59880,142.9,7.00,21.71,0.1520,6.58,2772.0,78.0
59887,144.9,6.90,21.71,0.1498,6.67,2772.0,78.0
59894,142.9,7.00,21.71,0.1520,6.58,2772.0,78.0
59901,144.9,6.90,21.71,0.1498,6.67,2772.0,78.0
59908,142.9,7.00,21.71,0.1520,6.58,2772.0,78.0
59915,142.9,7.00,21.71,0.1520,6.58,2772.0,78.0
59922,144.9,6.90,21.71,0.1498,6.67,2772.0,78.0
59929,142.9,7.00,21.71,0.1520,6.58,2772.0,78.0
59936,144.9,6.90,21.71,0.1498,6.67,2772.0,78.0
59943,144.9,6.90,21.71,0.1498,6.67,2772.0,78.0
59950,142.9,7.00,21.71,0.1520,6.58,2772.0,78.0
59956,144.9,6.90,21.71,0.1498,6.67,2772.0,78.0
59963,144.9,6.90,21.71,0.1498,6.67,2772.0,78.0
59970,140.8,7.10,21.71,0.1541,6.49,2772.0,78.0
59977,147.1,6.80,21.71,0.1476,6.78,2772.0,78.0
59984,144.9,6.90,21.71,0.1498,6.67,2772.0,78.0
59991,142.9,7.00,21.71,0.1520,6.58,2772.0,78.0
59998,142.9,7.00,21.71,0.1520,6.58,2772.0,78.0
60005,144.9,6.90,21.71,0.1498,6.67,2772.0,78.0
