=== ANALISE DE METRICAS DE GPU (Green IT + VRAM) ===
API de Renderizacao: WEBGL
Cenario: D
Timestamp Unix de Inicio do Ensaio (ms): 1787447459474
Janela do Ensaio: 60.00 s
Amostras de GPU Utilizadas (nvidia-smi, 1 Hz): 74

--- CONSUMO ACUMULADO DO ENSAIO (integral da curva de potencia) ---
Potencia Media (ponderada pelo tempo, janela de 60s): 33.93 W
Consumo Acumulado do Ensaio: 2035.97 J (0.5655 Wh)

--- METRICAS POR QUADRO (media sobre 7279 frames correlacionados) ---
Potencia Instantanea Media: 32.66 W
Potencia Instantanea Minima: 17.50 W
Potencia Instantanea Maxima: 61.43 W
Assinatura Energetica Media por Quadro (Joules/Frame): 0.2801 J
Coeficiente de Eficiencia Medio (Frames por Watt): 4.43 FPS/W
Total de Quadros Correlacionados: 7279 frames

--- ALOCACAO DE VRAM (MB, via nvidia-smi memory.used) ---
VRAM Media durante o Ensaio: 3798.2 MB
VRAM Minima durante o Ensaio: 3754.3 MB
VRAM Maxima durante o Ensaio: 3809.0 MB

--- TEMPERATURA DA GPU (°C, via nvidia-smi temperature.gpu) ---
Temperatura Media durante o Ensaio: 73.2 °C
Temperatura Minima durante o Ensaio: 65.8 °C
Temperatura Maxima durante o Ensaio: 80.0 °C
Deriva Termica no Ensaio (fim - inicio): +5.2 °C
  (nao e uma metrica da pesquisa — serve para auditar se a GPU estava em
  equilibrio termico. Compare entre ensaios do mesmo lote para checar vies
  sistematico entre condicoes testadas no inicio vs. no fim do lote.)

--- DADOS BRUTOS QUADRO A QUADRO (COM ENERGIA, VRAM E TEMPERATURA) ---
Tempo Decorrido (ms),FPS Instantaneo,Tempo de Frame (ms),Potencia Instantanea (W),Energia do Quadro (J),Frames por Watt,VRAM (MB),Temperatura (C)
944,1.1,944.30,17.50,16.5258,0.06,3754.3,65.8
957,82.0,12.20,17.63,0.2151,4.65,3755.5,65.9
967,101.0,9.90,17.73,0.1755,5.70,3756.5,65.9
983,60.6,16.50,17.88,0.2951,3.39,3758.0,65.9
999,62.5,16.00,18.04,0.2886,3.46,3759.5,65.9
1018,54.1,18.50,18.23,0.3372,2.97,3761.2,66.0
1038,48.3,20.70,18.42,0.3814,2.62,3763.1,66.0
1083,22.3,44.80,18.86,0.8451,1.18,3767.4,66.1
1107,41.2,24.30,19.10,0.4641,2.16,3769.6,66.2
1123,66.2,15.10,19.26,0.2908,3.44,3771.1,66.2
1148,39.8,25.10,19.50,0.4895,2.04,3773.5,66.2
1177,33.9,29.50,19.79,0.5837,1.71,3776.2,66.3
1235,17.3,57.80,20.36,1.1765,0.85,3781.6,66.4
1256,48.3,20.70,20.56,0.4256,2.35,3783.6,66.5
1271,66.7,15.00,20.71,0.3106,3.22,3785.0,66.5
1278,144.9,6.90,20.78,0.1434,6.97,3785.7,66.5
1304,38.3,26.10,21.03,0.5489,1.82,3788.1,66.6
1318,69.9,14.30,21.17,0.3027,3.30,3789.4,66.6
1326,128.2,7.80,21.25,0.1657,6.03,3790.2,66.6
1339,73.5,13.60,21.38,0.2907,3.44,3791.4,66.6
1355,62.9,15.90,21.53,0.3424,2.92,3792.9,66.7
1371,62.1,16.10,21.69,0.3492,2.86,3794.4,66.7
1385,72.5,13.80,21.83,0.3012,3.32,3795.7,66.7
1400,67.6,14.80,21.97,0.3252,3.08,3797.2,66.7
1417,58.1,17.20,22.14,0.3808,2.62,3798.8,66.8
1431,75.2,13.30,22.28,0.2963,3.38,3800.1,66.8
1448,57.1,17.50,22.44,0.3928,2.54,3801.7,66.8
1464,62.9,15.90,22.60,0.3594,2.78,3803.2,66.9
1478,71.9,13.90,22.74,0.3161,3.16,3804.5,66.9
1492,73.0,13.70,22.88,0.3134,3.19,3805.8,66.9
1510,53.5,18.70,23.05,0.4311,2.32,3807.5,67.0
1524,71.4,14.00,23.19,0.3247,3.08,3808.8,67.0
1540,62.9,15.90,23.21,0.3690,2.71,3808.9,67.0
1557,59.2,16.90,23.20,0.3921,2.55,3808.8,67.0
1576,52.1,19.20,23.20,0.4454,2.25,3808.7,67.0
1594,56.8,17.60,23.19,0.4082,2.45,3808.5,67.0
1607,73.5,13.60,23.19,0.3154,3.17,3808.4,67.0
1626,53.2,18.80,23.19,0.4359,2.29,3808.3,67.0
1645,53.5,18.70,23.18,0.4335,2.31,3808.2,67.0
1664,54.1,18.50,23.18,0.4287,2.33,3808.0,67.0
1678,68.0,14.70,23.17,0.3406,2.93,3807.9,67.0
1691,78.1,12.80,23.17,0.2966,3.37,3807.8,67.0
1710,52.9,18.90,23.16,0.4378,2.28,3807.7,67.0
1723,78.7,12.70,23.16,0.2941,3.40,3807.6,67.0
1737,69.0,14.50,23.16,0.3358,2.98,3807.5,67.0
1761,42.4,23.60,23.15,0.5464,1.83,3807.4,67.0
1776,65.4,15.30,23.15,0.3542,2.83,3807.3,67.0
1792,64.5,15.50,23.14,0.3587,2.79,3807.1,67.0
1804,78.7,12.70,23.14,0.2939,3.40,3807.1,67.0
1819,68.5,14.60,23.14,0.3378,2.96,3806.9,67.0
1837,56.2,17.80,23.13,0.4118,2.43,3806.8,67.0
1851,68.5,14.60,23.13,0.3377,2.96,3806.7,67.0
1867,64.1,15.60,23.12,0.3607,2.77,3806.6,67.0
1883,62.9,15.90,23.12,0.3676,2.72,3806.5,67.0
1896,76.9,13.00,23.12,0.3005,3.33,3806.4,67.0
1909,78.1,12.80,23.11,0.2959,3.38,3806.3,67.0
1924,66.2,15.10,23.11,0.3490,2.86,3806.2,67.0
1936,80.6,12.40,23.11,0.2865,3.49,3806.1,67.0
1949,76.9,13.00,23.10,0.3004,3.33,3806.0,67.0
1963,69.9,14.30,23.10,0.3303,3.03,3805.9,67.0
1977,75.8,13.20,23.10,0.3049,3.28,3805.8,67.0
1990,74.1,13.50,23.09,0.3118,3.21,3805.8,67.0
2002,84.0,11.90,23.09,0.2748,3.64,3805.7,67.0
2014,83.3,12.00,23.09,0.2771,3.61,3805.6,67.0
2026,85.5,11.70,23.09,0.2701,3.70,3805.5,67.0
2038,80.6,12.40,23.08,0.2862,3.49,3805.4,67.0
2049,94.3,10.60,23.08,0.2446,4.09,3805.3,67.0
2061,84.0,11.90,23.08,0.2746,3.64,3805.3,67.0
2072,87.0,11.50,23.07,0.2653,3.77,3805.2,67.0
2267,5.1,195.20,23.02,4.4944,0.22,3803.8,67.0
2275,138.9,7.20,23.02,0.1658,6.03,3803.8,67.0
2283,123.5,8.10,23.02,0.1865,5.36,3803.7,67.0
2289,161.3,6.20,23.02,0.1427,7.01,3803.7,67.0
2295,163.9,6.10,23.02,0.1404,7.12,3803.6,67.0
2304,113.6,8.80,23.02,0.2025,4.94,3803.6,67.0
2317,78.1,12.80,23.01,0.2946,3.39,3803.5,67.0
2329,81.3,12.30,23.01,0.2830,3.53,3803.4,67.0
2344,64.5,15.50,23.01,0.3566,2.80,3803.3,67.0
2358,74.6,13.40,23.00,0.3082,3.24,3803.2,67.0
2372,69.4,14.40,23.00,0.3312,3.02,3803.1,67.0
2386,70.9,14.10,23.00,0.3242,3.08,3803.0,67.0
2401,70.4,14.20,22.99,0.3265,3.06,3802.9,67.0
2415,69.0,14.50,22.99,0.3333,3.00,3802.8,67.0
2429,73.0,13.70,22.98,0.3149,3.18,3802.7,67.0
2442,73.0,13.70,22.98,0.3148,3.18,3802.6,67.0
2458,66.2,15.10,22.98,0.3470,2.88,3802.5,67.0
2472,71.4,14.00,22.97,0.3216,3.11,3802.4,67.0
2486,67.6,14.80,22.97,0.3400,2.94,3802.3,67.0
2500,73.5,13.60,22.97,0.3123,3.20,3802.2,67.0
2513,74.6,13.40,22.96,0.3077,3.25,3802.1,67.0
2526,76.3,13.10,22.96,0.3008,3.32,3802.0,67.0
2539,77.5,12.90,22.96,0.2962,3.37,3802.0,67.0
2552,80.0,12.50,22.97,0.2871,3.48,3802.0,67.0
2566,71.9,13.90,22.97,0.3193,3.13,3802.0,67.0
2581,63.7,15.70,22.97,0.3607,2.77,3802.0,67.0
2594,82.6,12.10,22.98,0.2780,3.59,3802.0,67.0
2608,67.1,14.90,22.98,0.3424,2.92,3802.0,67.0
2622,71.4,14.00,22.99,0.3218,3.11,3802.0,67.0
2637,70.9,14.10,22.99,0.3242,3.08,3802.0,67.0
2651,70.4,14.20,22.99,0.3265,3.06,3802.0,67.0
2664,77.5,12.90,23.00,0.2967,3.37,3802.0,67.0
2676,80.0,12.50,23.00,0.2875,3.48,3802.0,67.0
2689,80.0,12.50,23.00,0.2876,3.48,3802.0,67.0
2703,71.4,14.00,23.01,0.3221,3.10,3802.0,67.0
2717,69.9,14.30,23.01,0.3291,3.04,3802.0,67.0
2730,79.4,12.60,23.02,0.2900,3.45,3802.0,67.0
2743,73.0,13.70,23.02,0.3154,3.17,3802.0,67.0
2757,70.9,14.10,23.02,0.3246,3.08,3802.0,67.0
2772,68.5,14.60,23.03,0.3362,2.97,3802.0,67.0
2786,73.5,13.60,23.03,0.3132,3.19,3802.0,67.0
2800,70.9,14.10,23.03,0.3248,3.08,3802.0,67.0
2813,74.6,13.40,23.04,0.3087,3.24,3802.0,67.0
2828,67.6,14.80,23.04,0.3410,2.93,3802.0,67.0
2841,73.5,13.60,23.05,0.3134,3.19,3802.0,67.0
2855,72.5,13.80,23.05,0.3181,3.15,3802.0,67.0
2870,69.0,14.50,23.05,0.3343,2.99,3802.0,67.0
2884,70.9,14.10,23.06,0.3251,3.08,3802.0,67.0
2897,75.2,13.30,23.06,0.3067,3.26,3802.0,67.0
2910,76.9,13.00,23.06,0.2998,3.33,3802.0,67.0
2925,69.4,14.40,23.07,0.3322,3.01,3802.0,67.0
2941,61.3,16.30,23.07,0.3761,2.66,3802.0,67.0
2953,84.0,11.90,23.08,0.2746,3.64,3802.0,67.0
2966,74.1,13.50,23.08,0.3116,3.21,3802.0,67.0
2980,74.1,13.50,23.08,0.3116,3.21,3802.0,67.0
2994,70.4,14.20,23.09,0.3278,3.05,3802.0,67.0
3007,74.6,13.40,23.09,0.3094,3.23,3802.0,67.0
3021,73.0,13.70,23.09,0.3164,3.16,3802.0,67.0
3034,76.9,13.00,23.10,0.3003,3.33,3802.0,67.0
3048,74.1,13.50,23.10,0.3119,3.21,3802.0,67.0
3064,60.2,16.60,23.11,0.3835,2.61,3802.0,67.0
3077,79.4,12.60,23.11,0.2912,3.44,3802.0,67.0
3090,73.0,13.70,23.11,0.3166,3.16,3802.0,67.0
3103,78.7,12.70,23.12,0.2936,3.40,3802.0,67.0
3115,82.0,12.20,23.12,0.2821,3.55,3802.0,67.0
3128,78.1,12.80,23.12,0.2960,3.38,3802.0,67.0
3140,82.6,12.10,23.13,0.2798,3.57,3802.0,67.0
3154,74.6,13.40,23.13,0.3099,3.23,3802.0,67.0
3175,45.9,21.80,23.14,0.5043,1.98,3802.0,67.0
3191,65.4,15.30,23.14,0.3540,2.83,3802.0,67.0
3205,70.9,14.10,23.14,0.3263,3.06,3802.0,67.0
3219,71.9,13.90,23.15,0.3217,3.11,3802.0,67.0
3230,87.7,11.40,23.15,0.2639,3.79,3802.0,67.0
3243,78.7,12.70,23.15,0.2941,3.40,3802.0,67.0
3255,80.0,12.50,23.16,0.2895,3.45,3802.0,67.0
3271,63.3,15.80,23.16,0.3659,2.73,3802.0,67.0
3284,76.9,13.00,23.16,0.3011,3.32,3802.0,67.0
3299,69.4,14.40,23.17,0.3336,3.00,3802.0,67.0
3311,81.3,12.30,23.17,0.2850,3.51,3802.0,67.0
3323,82.0,12.20,23.18,0.2827,3.54,3802.0,67.0
3336,78.7,12.70,23.18,0.2944,3.40,3802.0,67.0
3351,67.1,14.90,23.18,0.3454,2.89,3802.0,67.0
3362,86.2,11.60,23.19,0.2690,3.72,3802.0,67.0
3375,78.1,12.80,23.19,0.2968,3.37,3802.0,67.0
3387,83.3,12.00,23.19,0.2783,3.59,3802.0,67.0
3400,80.6,12.40,23.20,0.2876,3.47,3802.0,67.0
3412,82.6,12.10,23.20,0.2807,3.56,3802.0,67.0
3427,65.8,15.20,23.20,0.3527,2.84,3802.0,67.0
3439,80.6,12.40,23.21,0.2878,3.47,3802.0,67.0
3453,75.2,13.30,23.21,0.3087,3.24,3802.0,67.0
3531,12.7,78.50,23.27,1.8264,0.55,3802.0,67.0
3539,133.3,7.50,23.33,0.1749,5.71,3802.1,67.0
3546,140.8,7.10,23.38,0.1660,6.02,3802.1,67.0
3554,117.6,8.50,23.43,0.1992,5.02,3802.2,67.0
3565,90.9,11.00,23.52,0.2587,3.87,3802.3,67.0
3574,107.5,9.30,23.58,0.2193,4.56,3802.3,67.0
3585,96.2,10.40,23.66,0.2461,4.07,3802.4,67.1
3599,70.4,14.20,23.76,0.3374,2.96,3802.5,67.1
3612,75.2,13.30,23.86,0.3173,3.15,3802.6,67.1
3627,68.5,14.60,23.97,0.3499,2.86,3802.7,67.1
3641,72.5,13.80,24.07,0.3322,3.01,3802.8,67.1
3654,73.5,13.60,24.17,0.3287,3.04,3802.9,67.1
3670,62.5,16.00,24.28,0.3885,2.57,3803.0,67.1
3683,77.5,12.90,24.38,0.3145,3.18,3803.1,67.2
3699,64.1,15.60,24.49,0.3821,2.62,3803.2,67.2
3716,59.9,16.70,24.62,0.4111,2.43,3803.3,67.2
3729,74.1,13.50,24.71,0.3336,3.00,3803.4,67.2
3742,78.7,12.70,24.81,0.3151,3.17,3803.5,67.2
3754,82.6,12.10,24.90,0.3012,3.32,3803.6,67.2
3767,74.1,13.50,24.99,0.3374,2.96,3803.7,67.2
3784,61.7,16.20,25.12,0.4069,2.46,3803.8,67.3
3798,69.4,14.40,25.22,0.3631,2.75,3803.9,67.3
3813,65.4,15.30,25.33,0.3875,2.58,3804.0,67.3
3830,59.9,16.70,25.45,0.4251,2.35,3804.1,67.3
3844,71.9,13.90,25.55,0.3552,2.81,3804.2,67.3
3857,74.1,13.50,25.65,0.3463,2.89,3804.3,67.3
3869,84.7,11.80,25.74,0.3037,3.29,3804.4,67.3
3883,74.1,13.50,25.84,0.3488,2.87,3804.5,67.4
3895,80.6,12.40,25.93,0.3215,3.11,3804.6,67.4
3910,65.8,15.20,26.04,0.3958,2.53,3804.7,67.4
3924,75.8,13.20,26.14,0.3450,2.90,3804.8,67.4
3936,77.5,12.90,26.23,0.3383,2.95,3804.9,67.4
3948,84.7,11.80,26.31,0.3105,3.22,3805.0,67.4
3960,84.7,11.80,26.40,0.3115,3.21,3805.0,67.4
3972,85.5,11.70,26.49,0.3099,3.23,3805.1,67.4
3985,76.3,13.10,26.59,0.3483,2.87,3805.2,67.5
3997,83.3,12.00,26.67,0.3201,3.12,3805.3,67.5
4010,76.3,13.10,26.77,0.3507,2.85,3805.4,67.5
4026,61.3,16.30,26.88,0.4382,2.28,3805.5,67.5
4038,82.6,12.10,26.97,0.3264,3.06,3805.6,67.5
4050,84.0,11.90,27.06,0.3220,3.10,3805.7,67.5
4062,85.5,11.70,27.15,0.3176,3.15,3805.8,67.5
4077,67.6,14.80,27.26,0.4034,2.48,3805.9,67.6
4090,76.3,13.10,27.35,0.3583,2.79,3805.9,67.6
4103,78.7,12.70,27.45,0.3486,2.87,3806.0,67.6
4115,80.0,12.50,27.54,0.3442,2.91,3806.1,67.6
4129,73.0,13.70,27.64,0.3786,2.64,3806.2,67.6
4143,68.0,14.70,27.74,0.4078,2.45,3806.3,67.6
4156,82.6,12.10,27.84,0.3368,2.97,3806.4,67.6
4168,83.3,12.00,27.92,0.3351,2.98,3806.5,67.6
4179,90.1,11.10,28.00,0.3108,3.22,3806.6,67.7
4191,83.3,12.00,28.09,0.3371,2.97,3806.7,67.7
4205,71.4,14.00,28.19,0.3947,2.53,3806.8,67.7
4215,92.6,10.80,28.27,0.3053,3.28,3806.8,67.7
4228,79.4,12.60,28.36,0.3574,2.80,3806.9,67.7
4241,76.3,13.10,28.46,0.3728,2.68,3807.0,67.7
4253,87.0,11.50,28.54,0.3283,3.05,3807.1,67.7
4265,78.7,12.70,28.63,0.3636,2.75,3807.2,67.7
4277,84.0,11.90,28.72,0.3418,2.92,3807.3,67.8
4289,87.7,11.40,28.81,0.3284,3.04,3807.3,67.8
4301,82.6,12.10,28.90,0.3496,2.86,3807.4,67.8
4312,85.5,11.70,28.98,0.3390,2.95,3807.5,67.8
4325,80.6,12.40,29.07,0.3605,2.77,3807.6,67.8
4336,92.6,10.80,29.15,0.3148,3.18,3807.7,67.8
4348,80.0,12.50,29.24,0.3655,2.74,3807.8,67.8
4359,90.9,11.00,29.32,0.3225,3.10,3807.8,67.8
4371,82.0,12.20,29.41,0.3588,2.79,3807.9,67.8
4385,72.5,13.80,29.51,0.4072,2.46,3808.0,67.9
4399,71.4,14.00,29.61,0.4146,2.41,3808.1,67.9
4410,88.5,11.30,29.69,0.3355,2.98,3808.2,67.9
4423,80.0,12.50,29.79,0.3723,2.69,3808.3,67.9
4436,80.0,12.50,29.88,0.3735,2.68,3808.4,67.9
4448,82.0,12.20,29.97,0.3656,2.74,3808.5,67.9
4460,80.0,12.50,30.06,0.3757,2.66,3808.5,67.9
4473,81.3,12.30,30.15,0.3709,2.70,3808.6,67.9
4485,80.0,12.50,30.24,0.3780,2.65,3808.7,68.0
4499,73.5,13.60,30.34,0.4127,2.42,3808.8,68.0
4512,74.6,13.40,30.44,0.4079,2.45,3808.9,68.0
4524,84.7,11.80,30.53,0.3602,2.77,3809.0,68.0
4536,85.5,11.70,30.61,0.3581,2.79,3808.9,68.0
4548,82.6,12.10,30.69,0.3713,2.69,3808.8,68.1
4559,87.7,11.40,30.76,0.3507,2.85,3808.8,68.1
4571,85.5,11.70,30.84,0.3608,2.77,3808.7,68.1
4582,87.7,11.40,30.91,0.3524,2.84,3808.6,68.2
4594,82.0,12.20,30.99,0.3781,2.65,3808.5,68.2
4605,93.5,10.70,31.07,0.3324,3.01,3808.4,68.2
4619,69.4,14.40,31.16,0.4487,2.23,3808.3,68.3
4632,76.9,13.00,31.25,0.4062,2.46,3808.3,68.3
4645,78.1,12.80,31.33,0.4011,2.49,3808.2,68.4
4657,82.6,12.10,31.42,0.3801,2.63,3808.1,68.4
4670,78.1,12.80,31.50,0.4032,2.48,3808.0,68.4
4683,80.0,12.50,31.59,0.3949,2.53,3807.9,68.5
4694,87.0,11.50,31.66,0.3641,2.75,3807.8,68.5
4706,85.5,11.70,31.74,0.3714,2.69,3807.7,68.5
4720,69.4,14.40,31.84,0.4584,2.18,3807.6,68.6
4733,82.0,12.20,31.92,0.3895,2.57,3807.6,68.6
4747,67.6,14.80,32.02,0.4738,2.11,3807.5,68.7
4760,82.0,12.20,32.10,0.3917,2.55,3807.4,68.7
4772,77.5,12.90,32.18,0.4152,2.41,3807.3,68.7
4786,73.5,13.60,32.28,0.4390,2.28,3807.2,68.8
4798,84.0,11.90,32.36,0.3850,2.60,3807.1,68.8
4810,84.7,11.80,32.44,0.3828,2.61,3807.0,68.9
4823,77.5,12.90,32.52,0.4196,2.38,3806.9,68.9
4834,84.7,11.80,32.60,0.3846,2.60,3806.8,68.9
4846,83.3,12.00,32.68,0.3921,2.55,3806.8,69.0
4861,68.5,14.60,32.78,0.4786,2.09,3806.7,69.0
4873,82.6,12.10,32.86,0.3976,2.51,3806.6,69.0
4886,78.1,12.80,32.94,0.4217,2.37,3806.5,69.1
4898,83.3,12.00,33.02,0.3963,2.52,3806.4,69.1
4910,82.0,12.20,33.11,0.4039,2.48,3806.3,69.2
4922,81.3,12.30,33.19,0.4082,2.45,3806.2,69.2
4936,74.6,13.40,33.28,0.4459,2.24,3806.1,69.2
4949,73.5,13.60,33.37,0.4538,2.20,3806.0,69.3
4962,80.6,12.40,33.45,0.4148,2.41,3805.9,69.3
4974,82.6,12.10,33.53,0.4057,2.46,3805.9,69.3
4987,76.9,13.00,33.62,0.4371,2.29,3805.8,69.4
4999,82.6,12.10,33.70,0.4078,2.45,3805.7,69.4
5012,78.7,12.70,33.79,0.4291,2.33,3805.6,69.5
5025,76.9,13.00,33.87,0.4404,2.27,3805.5,69.5
5037,78.7,12.70,33.95,0.4312,2.32,3805.4,69.5
5050,80.6,12.40,34.04,0.4221,2.37,3805.3,69.6
5062,82.6,12.10,34.12,0.4129,2.42,3805.2,69.6
5075,78.7,12.70,34.21,0.4344,2.30,3805.2,69.6
5087,83.3,12.00,34.29,0.4114,2.43,3805.1,69.7
5099,79.4,12.60,34.37,0.4330,2.31,3805.0,69.7
5114,66.2,15.10,34.47,0.5205,1.92,3804.9,69.8
5127,82.0,12.20,34.55,0.4216,2.37,3804.8,69.8
5140,77.5,12.90,34.64,0.4469,2.24,3804.7,69.8
5152,78.7,12.70,34.72,0.4410,2.27,3804.6,69.9
5165,80.0,12.50,34.81,0.4351,2.30,3804.5,69.9
5178,78.1,12.80,34.90,0.4467,2.24,3804.4,70.0
5190,82.6,12.10,34.98,0.4232,2.36,3804.4,70.0
5202,80.0,12.50,35.06,0.4382,2.28,3804.3,70.0
5216,74.1,13.50,35.15,0.4745,2.11,3804.2,70.1
5230,69.0,14.50,35.24,0.5110,1.96,3804.1,70.1
5243,79.4,12.60,35.33,0.4452,2.25,3804.0,70.2
5257,68.0,14.70,35.42,0.5207,1.92,3803.9,70.2
5270,80.6,12.40,35.51,0.4403,2.27,3803.8,70.2
5281,86.2,11.60,35.58,0.4128,2.42,3803.7,70.3
5293,84.0,11.90,35.66,0.4244,2.36,3803.6,70.3
5305,82.6,12.10,35.74,0.4325,2.31,3803.5,70.3
5317,83.3,12.00,35.82,0.4299,2.33,3803.5,70.4
5332,70.9,14.10,35.92,0.5065,1.97,3803.4,70.4
5344,78.7,12.70,36.00,0.4573,2.19,3803.3,70.5
5357,81.3,12.30,36.09,0.4439,2.25,3803.2,70.5
5369,82.6,12.10,36.17,0.4377,2.28,3803.1,70.5
5381,82.6,12.10,36.25,0.4386,2.28,3803.0,70.6
5393,79.4,12.60,36.33,0.4578,2.19,3802.9,70.6
5406,80.0,12.50,36.42,0.4552,2.20,3802.8,70.6
5418,80.6,12.40,36.50,0.4526,2.21,3802.8,70.7
5429,89.3,11.20,36.57,0.4096,2.44,3802.7,70.7
5442,77.5,12.90,36.66,0.4729,2.11,3802.6,70.7
5456,71.9,13.90,36.75,0.5109,1.96,3802.5,70.8
5468,88.5,11.30,36.83,0.4162,2.40,3802.4,70.8
5479,86.2,11.60,36.91,0.4281,2.34,3802.3,70.9
5492,79.4,12.60,36.99,0.4661,2.15,3802.2,70.9
5503,85.5,11.70,37.07,0.4337,2.31,3802.2,70.9
5515,85.5,11.70,37.15,0.4346,2.30,3802.1,71.0
5527,82.0,12.20,37.24,0.4543,2.20,3802.0,71.0
5540,81.3,12.30,37.44,0.4606,2.17,3802.0,71.0
5553,77.5,12.90,37.65,0.4857,2.06,3802.0,71.1
5563,94.3,10.60,37.81,0.4008,2.49,3802.0,71.1
5576,80.6,12.40,38.02,0.4714,2.12,3802.0,71.1
5591,64.5,15.50,38.26,0.5930,1.69,3802.0,71.2
5603,84.7,11.80,38.45,0.4537,2.20,3802.0,71.2
5616,78.1,12.80,38.66,0.4948,2.02,3802.0,71.3
5628,78.1,12.80,38.85,0.4973,2.01,3802.0,71.3
5642,73.0,13.70,39.07,0.5353,1.87,3802.0,71.3
5653,90.9,11.00,39.25,0.4318,2.32,3802.0,71.4
5665,84.7,11.80,39.44,0.4654,2.15,3802.0,71.4
5677,82.0,12.20,39.63,0.4835,2.07,3802.0,71.5
5690,80.0,12.50,39.84,0.4980,2.01,3802.0,71.5
5702,82.6,12.10,40.03,0.4844,2.06,3802.0,71.5
5714,84.0,11.90,40.23,0.4787,2.09,3802.0,71.6
5726,81.3,12.30,40.42,0.4971,2.01,3802.0,71.6
5740,71.9,13.90,40.64,0.5649,1.77,3802.0,71.6
5750,94.3,10.60,40.80,0.4325,2.31,3802.0,71.7
5764,76.3,13.10,41.03,0.5374,1.86,3802.0,71.7
5777,74.6,13.40,41.23,0.5525,1.81,3802.0,71.8
5790,77.5,12.90,41.44,0.5346,1.87,3802.0,71.8
5802,82.0,12.20,41.63,0.5079,1.97,3802.0,71.8
5816,71.9,13.90,41.86,0.5818,1.72,3802.0,71.9
5830,72.5,13.80,42.08,0.5807,1.72,3802.0,71.9
5844,72.5,13.80,42.30,0.5838,1.71,3802.0,72.0
5855,85.5,11.70,42.48,0.4970,2.01,3802.0,72.0
5868,79.4,12.60,42.69,0.5379,1.86,3802.0,72.0
5882,73.0,13.70,42.91,0.5879,1.70,3802.0,72.1
5894,83.3,12.00,43.10,0.5173,1.93,3802.0,72.1
5906,80.6,12.40,43.30,0.5369,1.86,3802.0,72.1
5917,89.3,11.20,43.47,0.4869,2.05,3802.0,72.2
5930,78.1,12.80,43.68,0.5591,1.79,3802.0,72.2
5944,69.4,14.40,43.90,0.6322,1.58,3802.0,72.3
5957,81.3,12.30,44.11,0.5426,1.84,3802.0,72.3
5969,83.3,12.00,44.30,0.5316,1.88,3802.0,72.3
5981,84.0,11.90,44.50,0.5295,1.89,3802.0,72.4
5993,79.4,12.60,44.69,0.5631,1.78,3802.0,72.4
6005,87.7,11.40,44.88,0.5116,1.95,3802.0,72.4
6017,80.0,12.50,45.07,0.5634,1.77,3802.0,72.5
6028,92.6,10.80,45.25,0.4887,2.05,3802.0,72.5
6040,84.0,11.90,45.44,0.5407,1.85,3802.0,72.5
6052,84.0,11.90,45.63,0.5430,1.84,3802.0,72.6
6066,71.4,14.00,45.85,0.6420,1.56,3802.0,72.6
6076,97.1,10.30,46.01,0.4739,2.11,3802.0,72.6
6087,89.3,11.20,46.19,0.5173,1.93,3802.0,72.7
6098,91.7,10.90,46.37,0.5054,1.98,3802.0,72.7
6109,89.3,11.20,46.54,0.5213,1.92,3802.0,72.7
6120,91.7,10.90,46.72,0.5092,1.96,3802.0,72.8
6130,103.1,9.70,46.88,0.4547,2.20,3802.0,72.8
6140,97.1,10.30,47.04,0.4845,2.06,3802.0,72.8
6150,101.0,9.90,47.20,0.4673,2.14,3802.0,72.9
6161,96.2,10.40,47.37,0.4927,2.03,3802.0,72.9
6170,105.3,9.50,47.52,0.4514,2.22,3802.0,72.9
6180,103.1,9.70,47.68,0.4625,2.16,3802.0,73.0
6192,78.7,12.70,47.87,0.6079,1.64,3802.0,73.0
6202,102.0,9.80,48.03,0.4707,2.12,3802.0,73.0
6214,87.0,11.50,48.22,0.5545,1.80,3802.0,73.1
6224,100.0,10.00,48.38,0.4838,2.07,3802.0,73.1
6234,93.5,10.70,48.54,0.5194,1.93,3802.0,73.1
6245,97.1,10.30,48.72,0.5018,1.99,3802.0,73.2
6254,103.1,9.70,48.86,0.4739,2.11,3802.0,73.2
6264,103.1,9.70,49.02,0.4755,2.10,3802.0,73.2
6274,100.0,10.00,49.18,0.4918,2.03,3802.0,73.2
6283,107.5,9.30,49.32,0.4587,2.18,3802.0,73.3
6293,107.5,9.30,49.48,0.4602,2.17,3802.0,73.3
6305,79.4,12.60,49.68,0.6259,1.60,3802.0,73.3
6315,104.2,9.60,49.84,0.4784,2.09,3802.0,73.4
6325,104.2,9.60,50.00,0.4800,2.08,3802.0,73.4
6334,107.5,9.30,50.14,0.4663,2.14,3802.0,73.4
6346,79.4,12.60,50.33,0.6342,1.58,3802.0,73.5
6355,117.6,8.50,50.48,0.4290,2.33,3802.0,73.5
6365,97.1,10.30,50.64,0.5215,1.92,3802.0,73.5
6375,106.4,9.40,50.80,0.4775,2.09,3802.0,73.5
6384,105.3,9.50,50.94,0.4839,2.07,3802.0,73.6
6393,107.5,9.30,51.08,0.4751,2.10,3802.0,73.6
6403,105.3,9.50,51.24,0.4868,2.05,3802.0,73.6
6413,99.0,10.10,51.40,0.5192,1.93,3802.0,73.7
6424,95.2,10.50,51.58,0.5416,1.85,3802.0,73.7
6436,81.3,12.30,51.77,0.6368,1.57,3802.0,73.7
6446,97.1,10.30,51.93,0.5349,1.87,3802.0,73.8
6456,99.0,10.10,52.09,0.5261,1.90,3802.0,73.8
6466,103.1,9.70,52.25,0.5068,1.97,3802.0,73.8
6479,76.9,13.00,52.46,0.6820,1.47,3802.0,73.9
6488,105.3,9.50,52.60,0.4997,2.00,3802.0,73.9
6498,103.1,9.70,52.76,0.5118,1.95,3802.0,73.9
6508,103.1,9.70,52.92,0.5133,1.95,3802.0,73.9
6519,86.2,11.60,53.10,0.6159,1.62,3802.0,74.0
6530,94.3,10.60,53.21,0.5640,1.77,3802.0,74.0
6540,98.0,10.20,53.22,0.5428,1.84,3802.0,74.0
6550,98.0,10.20,53.22,0.5429,1.84,3802.0,74.0
6562,83.3,12.00,53.23,0.6387,1.56,3802.0,74.0
6573,98.0,10.20,53.23,0.5430,1.84,3802.0,74.0
6584,90.9,11.00,53.24,0.5856,1.71,3802.0,74.1
6594,100.0,10.00,53.24,0.5324,1.88,3802.0,74.1
6606,80.6,12.40,53.25,0.6603,1.51,3802.0,74.1
6616,96.2,10.40,53.25,0.5538,1.81,3802.0,74.1
6626,100.0,10.00,53.26,0.5326,1.88,3802.0,74.1
6638,89.3,11.20,53.26,0.5965,1.68,3802.0,74.1
6652,69.0,14.50,53.27,0.7724,1.30,3802.0,74.1
6665,79.4,12.60,53.28,0.6713,1.49,3802.0,74.1
6675,94.3,10.60,53.28,0.5648,1.77,3802.0,74.1
6688,81.3,12.30,53.29,0.6554,1.53,3802.0,74.2
6698,95.2,10.50,53.29,0.5596,1.79,3802.0,74.2
6709,89.3,11.20,53.30,0.5969,1.68,3802.0,74.2
6720,90.1,11.10,53.30,0.5916,1.69,3802.0,74.2
6734,76.3,13.10,53.31,0.6983,1.43,3802.0,74.2
6745,84.0,11.90,53.31,0.6344,1.58,3802.0,74.2
6757,88.5,11.30,53.32,0.6025,1.66,3802.0,74.2
6771,71.4,14.00,53.33,0.7466,1.34,3802.0,74.2
6785,71.9,13.90,53.33,0.7413,1.35,3802.0,74.3
6798,76.3,13.10,53.34,0.6987,1.43,3802.0,74.3
6812,69.0,14.50,53.34,0.7735,1.29,3802.0,74.3
6824,87.0,11.50,53.35,0.6135,1.63,3802.0,74.3
6835,92.6,10.80,53.36,0.5762,1.74,3802.0,74.3
6847,78.1,12.80,53.36,0.6830,1.46,3802.0,74.3
6862,69.9,14.30,53.37,0.7632,1.31,3802.0,74.3
6872,92.6,10.80,53.37,0.5764,1.73,3802.0,74.3
6884,89.3,11.20,53.38,0.5978,1.67,3802.0,74.4
6896,80.0,12.50,53.38,0.6673,1.50,3802.0,74.4
6906,101.0,9.90,53.39,0.5285,1.89,3802.0,74.4
6916,97.1,10.30,53.39,0.5500,1.82,3802.0,74.4
6927,94.3,10.60,53.40,0.5660,1.77,3802.0,74.4
6939,84.7,11.80,53.40,0.6302,1.59,3802.0,74.4
6950,90.9,11.00,53.41,0.5875,1.70,3802.0,74.4
6960,102.0,9.80,53.41,0.5235,1.91,3802.0,74.4
6970,94.3,10.60,53.42,0.5662,1.77,3802.0,74.4
6982,82.6,12.10,53.42,0.6464,1.55,3802.0,74.5
6992,99.0,10.10,53.43,0.5396,1.85,3802.0,74.5
7002,101.0,9.90,53.43,0.5290,1.89,3802.0,74.5
7012,100.0,10.00,53.44,0.5344,1.87,3802.0,74.5
7025,80.6,12.40,53.44,0.6627,1.51,3802.0,74.5
7035,101.0,9.90,53.45,0.5291,1.89,3802.0,74.5
7044,107.5,9.30,53.45,0.4971,2.01,3802.0,74.5
7054,98.0,10.20,53.46,0.5453,1.83,3802.0,74.5
7064,101.0,9.90,53.46,0.5293,1.89,3802.0,74.5
7074,103.1,9.70,53.47,0.5186,1.93,3802.0,74.5
7083,104.2,9.60,53.47,0.5133,1.95,3802.0,74.6
7093,103.1,9.70,53.48,0.5187,1.93,3802.0,74.6
7103,103.1,9.70,53.48,0.5188,1.93,3802.0,74.6
7112,107.5,9.30,53.49,0.4974,2.01,3802.0,74.6
7122,102.0,9.80,53.49,0.5242,1.91,3802.0,74.6
7131,105.3,9.50,53.49,0.5082,1.97,3802.0,74.6
7142,92.6,10.80,53.50,0.5778,1.73,3802.0,74.6
7152,98.0,10.20,53.50,0.5457,1.83,3802.0,74.6
7163,93.5,10.70,53.51,0.5726,1.75,3802.0,74.6
7171,119.0,8.40,53.51,0.4495,2.22,3802.0,74.6
7181,107.5,9.30,53.52,0.4977,2.01,3802.0,74.7
7190,106.4,9.40,53.52,0.5031,1.99,3802.0,74.7
7200,103.1,9.70,53.53,0.5192,1.93,3802.0,74.7
7210,101.0,9.90,53.53,0.5300,1.89,3802.0,74.7
7220,99.0,10.10,53.54,0.5407,1.85,3802.0,74.7
7231,86.2,11.60,53.54,0.6211,1.61,3802.0,74.7
7242,92.6,10.80,53.55,0.5783,1.73,3802.0,74.7
7256,73.0,13.70,53.55,0.7337,1.36,3802.0,74.7
7267,87.7,11.40,53.56,0.6106,1.64,3802.0,74.7
7278,97.1,10.30,53.56,0.5517,1.81,3802.0,74.8
7288,100.0,10.00,53.57,0.5357,1.87,3802.0,74.8
7297,101.0,9.90,53.57,0.5304,1.89,3802.0,74.8
7307,102.0,9.80,53.58,0.5251,1.90,3802.0,74.8
7317,98.0,10.20,53.58,0.5465,1.83,3802.0,74.8
7327,100.0,10.00,53.59,0.5359,1.87,3802.0,74.8
7338,96.2,10.40,53.59,0.5574,1.80,3802.0,74.8
7349,90.1,11.10,53.60,0.5949,1.68,3802.0,74.8
7359,97.1,10.30,53.60,0.5521,1.81,3802.0,74.8
7370,95.2,10.50,53.61,0.5629,1.78,3802.0,74.8
7382,81.3,12.30,53.61,0.6594,1.52,3802.0,74.9
7392,97.1,10.30,53.62,0.5523,1.81,3802.0,74.9
7403,95.2,10.50,53.62,0.5630,1.78,3802.0,74.9
7413,94.3,10.60,53.63,0.5684,1.76,3802.0,74.9
7424,94.3,10.60,53.63,0.5685,1.76,3802.0,74.9
7435,90.1,11.10,53.64,0.5954,1.68,3802.0,74.9
7446,90.9,11.00,53.64,0.5901,1.69,3802.0,74.9
7457,89.3,11.20,53.65,0.6009,1.66,3802.0,74.9
7468,97.1,10.30,53.65,0.5526,1.81,3802.0,74.9
7478,93.5,10.70,53.66,0.5741,1.74,3802.0,75.0
7489,91.7,10.90,53.66,0.5849,1.71,3802.0,75.0
7503,71.9,13.90,53.67,0.7460,1.34,3802.0,75.0
7512,107.5,9.30,53.67,0.4992,2.00,3802.0,75.0
7522,100.0,10.00,53.68,0.5368,1.86,3802.0,75.0
7533,95.2,10.50,53.66,0.5634,1.77,3802.0,75.0
7543,98.0,10.20,53.63,0.5471,1.83,3802.0,75.0
7554,94.3,10.60,53.61,0.5682,1.76,3802.0,75.0
7564,95.2,10.50,53.58,0.5626,1.78,3802.0,75.0
7574,98.0,10.20,53.55,0.5462,1.83,3802.0,75.0
7585,95.2,10.50,53.52,0.5620,1.78,3802.0,75.0
7596,93.5,10.70,53.49,0.5724,1.75,3802.0,75.0
7606,97.1,10.30,53.47,0.5507,1.82,3802.0,75.0
7617,91.7,10.90,53.44,0.5825,1.72,3802.0,75.0
7629,84.0,11.90,53.41,0.6355,1.57,3802.0,75.0
7640,90.1,11.10,53.38,0.5925,1.69,3802.0,75.0
7651,92.6,10.80,53.35,0.5762,1.74,3802.0,75.0
7662,88.5,11.30,53.32,0.6025,1.66,3802.0,75.0
7673,94.3,10.60,53.29,0.5649,1.77,3802.0,75.0
7684,86.2,11.60,53.26,0.6178,1.62,3802.0,75.0
7695,95.2,10.50,53.23,0.5589,1.79,3802.0,75.0
7706,90.1,11.10,53.20,0.5906,1.69,3802.0,75.0
7716,95.2,10.50,53.18,0.5584,1.79,3802.0,75.0
7728,89.3,11.20,53.14,0.5952,1.68,3802.0,75.0
7741,75.2,13.30,53.11,0.7064,1.42,3802.0,75.0
7752,91.7,10.90,53.08,0.5786,1.73,3802.0,75.0
7764,81.3,12.30,53.05,0.6525,1.53,3802.0,75.0
7776,86.2,11.60,53.02,0.6150,1.63,3802.0,75.0
7790,71.9,13.90,52.98,0.7364,1.36,3802.0,75.0
7801,90.9,11.00,52.95,0.5825,1.72,3802.0,75.0
7811,94.3,10.60,52.92,0.5610,1.78,3802.0,75.0
7823,84.7,11.80,52.89,0.6241,1.60,3802.0,75.0
7835,83.3,12.00,52.86,0.6343,1.58,3802.0,75.0
7846,92.6,10.80,52.83,0.5706,1.75,3802.0,75.0
7857,87.0,11.50,52.80,0.6072,1.65,3802.0,75.0
7869,84.0,11.90,52.77,0.6280,1.59,3802.0,75.0
7881,83.3,12.00,52.74,0.6329,1.58,3802.0,75.0
7893,87.0,11.50,52.71,0.6061,1.65,3802.0,75.0
7905,83.3,12.00,52.68,0.6321,1.58,3802.0,75.0
7916,91.7,10.90,52.65,0.5738,1.74,3802.0,75.0
7927,88.5,11.30,52.62,0.5946,1.68,3802.0,75.0
7939,85.5,11.70,52.59,0.6153,1.63,3802.0,75.0
7949,92.6,10.80,52.56,0.5676,1.76,3802.0,75.0
7960,94.3,10.60,52.53,0.5568,1.80,3802.0,75.0
7972,84.7,11.80,52.50,0.6195,1.61,3802.0,75.0
7984,79.4,12.60,52.47,0.6611,1.51,3802.0,75.0
7995,95.2,10.50,52.44,0.5506,1.82,3802.0,75.0
8006,90.9,11.00,52.41,0.5765,1.73,3802.0,75.0
8017,90.1,11.10,52.38,0.5814,1.72,3802.0,75.0
8028,92.6,10.80,52.35,0.5654,1.77,3802.0,75.0
8039,92.6,10.80,52.32,0.5651,1.77,3802.0,75.0
8050,87.7,11.40,52.29,0.5961,1.68,3802.0,75.0
8061,95.2,10.50,52.26,0.5488,1.82,3802.0,75.0
8073,84.0,11.90,52.23,0.6215,1.61,3802.0,75.0
8083,93.5,10.70,52.20,0.5586,1.79,3802.0,75.0
8094,93.5,10.70,52.17,0.5583,1.79,3802.0,75.0
8107,74.6,13.40,52.14,0.6987,1.43,3802.0,75.0
8119,88.5,11.30,52.11,0.5888,1.70,3802.0,75.0
8129,92.6,10.80,52.08,0.5625,1.78,3802.0,75.0
8141,88.5,11.30,52.05,0.5882,1.70,3802.0,75.0
8152,88.5,11.30,52.02,0.5878,1.70,3802.0,75.0
8163,90.9,11.00,51.99,0.5719,1.75,3802.0,75.0
8175,84.7,11.80,51.96,0.6131,1.63,3802.0,75.0
8186,90.1,11.10,51.93,0.5764,1.73,3802.0,75.0
8197,90.1,11.10,51.90,0.5761,1.74,3802.0,75.0
8208,88.5,11.30,51.87,0.5862,1.71,3802.0,75.0
8222,75.2,13.30,51.84,0.6894,1.45,3802.0,75.0
8235,77.5,12.90,51.80,0.6682,1.50,3802.0,75.0
8247,78.7,12.70,51.77,0.6575,1.52,3802.0,75.0
8260,77.5,12.90,51.73,0.6674,1.50,3802.0,75.0
8272,86.2,11.60,51.70,0.5998,1.67,3802.0,75.0
8285,78.1,12.80,51.67,0.6614,1.51,3802.0,75.0
8297,83.3,12.00,51.64,0.6196,1.61,3802.0,75.0
8309,82.0,12.20,51.61,0.6296,1.59,3802.0,75.0
8320,85.5,11.70,51.58,0.6034,1.66,3802.0,75.0
8332,89.3,11.20,51.54,0.5773,1.73,3802.0,75.0
8346,68.0,14.70,51.51,0.7572,1.32,3802.0,75.0
8359,82.0,12.20,51.47,0.6280,1.59,3802.0,75.0
8371,78.7,12.70,51.44,0.6533,1.53,3802.0,75.0
8383,86.2,11.60,51.41,0.5963,1.68,3802.0,75.0
8395,84.0,11.90,51.38,0.6114,1.63,3802.0,75.0
8407,80.0,12.50,51.35,0.6418,1.56,3802.0,75.0
8420,77.5,12.90,51.31,0.6619,1.51,3802.0,75.0
8432,82.6,12.10,51.28,0.6205,1.61,3802.0,75.0
8445,79.4,12.60,51.24,0.6457,1.55,3802.0,75.0
8460,66.7,15.00,51.20,0.7681,1.30,3802.0,75.0
8472,80.6,12.40,51.17,0.6345,1.58,3802.0,75.0
8485,79.4,12.60,51.14,0.6443,1.55,3802.0,75.0
8498,75.2,13.30,51.10,0.6797,1.47,3802.0,75.0
8511,75.8,13.20,51.07,0.6741,1.48,3802.0,75.0
8524,76.9,13.00,51.04,0.6635,1.51,3802.0,75.0
8538,73.0,13.70,51.03,0.6992,1.43,3802.0,75.0
8550,85.5,11.70,51.04,0.5971,1.68,3802.0,75.0
8562,82.6,12.10,51.04,0.6176,1.62,3802.0,75.0
8575,74.1,13.50,51.04,0.6891,1.45,3802.0,75.0
8588,76.3,13.10,51.05,0.6687,1.49,3802.0,75.1
8601,80.6,12.40,51.05,0.6330,1.58,3802.0,75.1
8614,74.1,13.50,51.05,0.6892,1.45,3802.0,75.1
8627,79.4,12.60,51.06,0.6433,1.56,3802.0,75.1
8639,80.6,12.40,51.06,0.6331,1.58,3802.0,75.1
8652,81.3,12.30,51.06,0.6281,1.59,3802.0,75.1
8664,80.6,12.40,51.06,0.6332,1.58,3802.0,75.1
8677,78.1,12.80,51.07,0.6537,1.53,3802.0,75.2
8691,71.4,14.00,51.07,0.7150,1.40,3802.0,75.2
8705,72.5,13.80,51.07,0.7048,1.42,3802.0,75.2
8719,71.4,14.00,51.08,0.7151,1.40,3802.0,75.2
8730,89.3,11.20,51.08,0.5721,1.75,3802.0,75.2
8743,78.7,12.70,51.08,0.6488,1.54,3802.0,75.2
8755,79.4,12.60,51.09,0.6437,1.55,3802.0,75.2
8769,74.1,13.50,51.09,0.6897,1.45,3802.0,75.2
8784,66.7,15.00,51.09,0.7664,1.31,3802.0,75.3
8797,75.8,13.20,51.10,0.6745,1.48,3802.0,75.3
8810,78.1,12.80,51.10,0.6541,1.53,3802.0,75.3
8824,68.5,14.60,51.10,0.7461,1.34,3802.0,75.3
8837,80.0,12.50,51.11,0.6388,1.57,3802.0,75.3
8849,79.4,12.60,51.11,0.6440,1.55,3802.0,75.3
8862,80.6,12.40,51.11,0.6338,1.58,3802.0,75.3
8874,80.0,12.50,51.12,0.6390,1.57,3802.0,75.3
8887,79.4,12.60,51.12,0.6441,1.55,3802.0,75.4
8899,79.4,12.60,51.12,0.6442,1.55,3802.0,75.4
8911,83.3,12.00,51.13,0.6135,1.63,3802.0,75.4
8923,83.3,12.00,51.13,0.6136,1.63,3802.0,75.4
8938,67.6,14.80,51.13,0.7568,1.32,3802.0,75.4
8951,77.5,12.90,51.14,0.6597,1.52,3802.0,75.4
8963,84.0,11.90,51.14,0.6086,1.64,3802.0,75.4
8976,80.0,12.50,51.14,0.6393,1.56,3802.0,75.5
8992,61.3,16.30,51.15,0.8337,1.20,3802.0,75.5
9006,70.4,14.20,51.15,0.7263,1.38,3802.0,75.5
9020,69.4,14.40,51.15,0.7366,1.36,3802.0,75.5
9034,75.2,13.30,51.16,0.6804,1.47,3802.0,75.5
9048,69.9,14.30,51.16,0.7316,1.37,3802.0,75.5
9066,56.8,17.60,51.16,0.9005,1.11,3802.0,75.5
9080,71.9,13.90,51.17,0.7112,1.41,3802.0,75.6
9095,66.7,15.00,51.17,0.7676,1.30,3802.0,75.6
9108,74.1,13.50,51.18,0.6909,1.45,3802.0,75.6
9121,76.9,13.00,51.18,0.6653,1.50,3802.0,75.6
9135,71.4,14.00,51.18,0.7166,1.40,3802.0,75.6
9149,71.9,13.90,51.19,0.7115,1.40,3802.0,75.6
9163,70.4,14.20,51.19,0.7269,1.38,3802.0,75.6
9180,58.5,17.10,51.19,0.8754,1.14,3802.0,75.7
9193,76.3,13.10,51.20,0.6707,1.49,3802.0,75.7
9205,86.2,11.60,51.20,0.5939,1.68,3802.0,75.7
9218,78.7,12.70,51.20,0.6503,1.54,3802.0,75.7
9229,88.5,11.30,51.21,0.5786,1.73,3802.0,75.7
9241,82.6,12.10,51.21,0.6196,1.61,3802.0,75.7
9253,84.0,11.90,51.21,0.6094,1.64,3802.0,75.7
9265,82.6,12.10,51.21,0.6197,1.61,3802.0,75.7
9278,78.7,12.70,51.22,0.6505,1.54,3802.0,75.8
9290,83.3,12.00,51.22,0.6147,1.63,3802.0,75.8
9303,74.1,13.50,51.22,0.6915,1.45,3802.0,75.8
9315,87.7,11.40,51.23,0.5840,1.71,3802.0,75.8
9326,90.1,11.10,51.23,0.5687,1.76,3802.0,75.8
9338,86.2,11.60,51.23,0.5943,1.68,3802.0,75.8
9354,62.1,16.10,51.24,0.8249,1.21,3802.0,75.8
9368,69.9,14.30,51.24,0.7327,1.36,3802.0,75.8
9382,69.0,14.50,51.24,0.7430,1.35,3802.0,75.9
9399,59.9,16.70,51.25,0.8558,1.17,3802.0,75.9
9413,72.5,13.80,51.25,0.7073,1.41,3802.0,75.9
9427,72.5,13.80,51.26,0.7073,1.41,3802.0,75.9
9439,84.7,11.80,51.26,0.6048,1.65,3802.0,75.9
9450,84.7,11.80,51.26,0.6049,1.65,3802.0,75.9
9463,80.0,12.50,51.26,0.6408,1.56,3802.0,75.9
9475,84.7,11.80,51.27,0.6050,1.65,3802.0,75.9
9487,82.6,12.10,51.27,0.6204,1.61,3802.0,76.0
9499,80.0,12.50,51.27,0.6409,1.56,3802.0,76.0
9511,82.0,12.20,51.28,0.6256,1.60,3802.0,76.0
9524,79.4,12.60,51.28,0.6461,1.55,3802.0,76.0
9538,72.5,13.80,51.29,0.7078,1.41,3801.9,76.0
9549,87.0,11.50,51.30,0.5899,1.70,3801.9,76.0
9561,84.7,11.80,51.30,0.6054,1.65,3801.8,76.0
9573,82.6,12.10,51.31,0.6209,1.61,3801.7,76.0
9585,84.0,11.90,51.32,0.6107,1.64,3801.6,76.0
9597,82.0,12.20,51.33,0.6262,1.60,3801.6,76.0
9610,82.0,12.20,51.34,0.6263,1.60,3801.5,76.0
9621,84.0,11.90,51.34,0.6110,1.64,3801.4,76.0
9633,84.7,11.80,51.35,0.6059,1.65,3801.4,76.0
9645,82.6,12.10,51.36,0.6214,1.61,3801.3,76.0
9659,71.4,14.00,51.37,0.7191,1.39,3801.2,76.0
9671,85.5,11.70,51.38,0.6011,1.66,3801.1,76.0
9683,84.0,11.90,51.38,0.6115,1.63,3801.1,76.0
9695,81.3,12.30,51.39,0.6321,1.58,3801.0,76.0
9708,78.1,12.80,51.40,0.6579,1.52,3800.9,76.0
9720,82.0,12.20,51.41,0.6272,1.60,3800.8,76.0
9733,81.3,12.30,51.42,0.6324,1.58,3800.8,76.0
9744,84.7,11.80,51.42,0.6068,1.65,3800.7,76.0
9757,81.3,12.30,51.43,0.6326,1.58,3800.6,76.0
9768,84.7,11.80,51.44,0.6070,1.65,3800.5,76.0
9786,57.5,17.40,51.45,0.8953,1.12,3800.4,76.0
9799,78.1,12.80,51.46,0.6587,1.52,3800.4,76.0
9812,73.0,13.70,51.47,0.7051,1.42,3800.3,76.0
9825,80.0,12.50,51.48,0.6435,1.55,3800.2,76.0
9837,81.3,12.30,51.49,0.6333,1.58,3800.1,76.0
9849,86.2,11.60,51.49,0.5973,1.67,3800.1,76.0
9861,78.7,12.70,51.50,0.6541,1.53,3800.0,76.0
9874,82.6,12.10,51.51,0.6233,1.60,3799.9,76.0
9885,84.7,11.80,51.52,0.6079,1.64,3799.8,76.0
9898,80.6,12.40,51.53,0.6389,1.56,3799.8,76.0
9913,66.7,15.00,51.54,0.7730,1.29,3799.7,76.0
9925,84.7,11.80,51.54,0.6082,1.64,3799.6,76.0
9937,77.5,12.90,51.55,0.6650,1.50,3799.5,76.0
9949,86.2,11.60,51.56,0.5981,1.67,3799.5,76.0
9962,80.0,12.50,51.57,0.6446,1.55,3799.4,76.0
9972,94.3,10.60,51.57,0.5467,1.83,3799.3,76.0
9984,84.7,11.80,51.58,0.6087,1.64,3799.3,76.0
9996,80.0,12.50,51.59,0.6449,1.55,3799.2,76.0
10014,58.1,17.20,51.60,0.8876,1.13,3799.1,76.0
10028,69.0,14.50,51.61,0.7484,1.34,3799.0,76.0
10043,69.0,14.50,51.62,0.7485,1.34,3798.9,76.0
10059,62.1,16.10,51.63,0.8313,1.20,3798.8,76.0
10070,85.5,11.70,51.64,0.6042,1.66,3798.7,76.0
10082,86.2,11.60,51.65,0.5991,1.67,3798.7,76.0
10094,84.7,11.80,51.65,0.6095,1.64,3798.6,76.0
10106,82.6,12.10,51.66,0.6251,1.60,3798.5,76.0
10117,92.6,10.80,51.67,0.5580,1.79,3798.5,76.0
10128,87.0,11.50,51.68,0.5943,1.68,3798.4,76.0
10142,71.4,14.00,51.69,0.7236,1.38,3798.3,76.0
10154,87.7,11.40,51.69,0.5893,1.70,3798.2,76.0
10165,87.0,11.50,51.70,0.5946,1.68,3798.2,76.0
10178,78.7,12.70,51.71,0.6567,1.52,3798.1,76.0
10189,86.2,11.60,51.72,0.5999,1.67,3798.0,76.0
10201,87.7,11.40,51.73,0.5897,1.70,3798.0,76.0
10213,83.3,12.00,51.73,0.6208,1.61,3797.9,76.0
10224,87.7,11.40,51.74,0.5898,1.69,3797.8,76.0
10236,86.2,11.60,51.75,0.6003,1.67,3797.7,76.0
10249,77.5,12.90,51.76,0.6677,1.50,3797.7,76.0
10264,64.9,15.40,51.77,0.7972,1.25,3797.6,76.0
10276,84.0,11.90,51.77,0.6161,1.62,3797.5,76.0
10289,80.0,12.50,51.78,0.6473,1.54,3797.4,76.0
10300,89.3,11.20,51.79,0.5801,1.72,3797.4,76.0
10312,84.7,11.80,51.80,0.6112,1.64,3797.3,76.0
10323,84.0,11.90,51.81,0.6165,1.62,3797.2,76.0
10335,86.2,11.60,51.81,0.6010,1.66,3797.1,76.0
10346,87.7,11.40,51.82,0.5908,1.69,3797.1,76.0
10358,88.5,11.30,51.83,0.5857,1.71,3797.0,76.0
10369,87.7,11.40,51.84,0.5909,1.69,3796.9,76.0
10383,71.9,13.90,51.85,0.7207,1.39,3796.9,76.0
10394,88.5,11.30,51.85,0.5859,1.71,3796.8,76.0
10407,80.6,12.40,51.86,0.6431,1.55,3796.7,76.0
10419,80.6,12.40,51.87,0.6432,1.55,3796.6,76.0
10431,86.2,11.60,51.88,0.6018,1.66,3796.6,76.0
10442,89.3,11.20,51.88,0.5811,1.72,3796.5,76.0
10454,84.7,11.80,51.89,0.6123,1.63,3796.4,76.0
10466,85.5,11.70,51.90,0.6072,1.65,3796.4,76.0
10477,88.5,11.30,51.91,0.5866,1.70,3796.3,76.0
10489,80.6,12.40,51.92,0.6438,1.55,3796.2,76.0
10503,71.9,13.90,51.92,0.7218,1.38,3796.1,76.0
10516,80.6,12.40,51.93,0.6440,1.55,3796.1,76.0
10527,84.7,11.80,51.94,0.6129,1.63,3796.0,76.0
10539,89.3,11.20,51.91,0.5814,1.72,3796.0,76.0
10550,86.2,11.60,51.89,0.6019,1.66,3796.0,76.0
10561,90.9,11.00,51.87,0.5705,1.75,3796.0,76.0
10572,91.7,10.90,51.84,0.5651,1.77,3796.0,76.0
10584,86.2,11.60,51.82,0.6011,1.66,3796.0,76.0
10595,88.5,11.30,51.80,0.5853,1.71,3796.0,76.0
10606,87.7,11.40,51.77,0.5902,1.69,3796.0,76.0
10621,67.1,14.90,51.74,0.7710,1.30,3796.0,76.0
10632,98.0,10.20,51.72,0.5275,1.89,3796.0,76.0
10643,86.2,11.60,51.70,0.5997,1.67,3796.0,76.0
10654,90.1,11.10,51.67,0.5736,1.74,3796.0,76.0
10665,90.1,11.10,51.65,0.5733,1.74,3796.0,76.0
10677,85.5,11.70,51.63,0.6040,1.66,3796.0,76.0
10688,89.3,11.20,51.60,0.5780,1.73,3796.0,76.0
10700,88.5,11.30,51.58,0.5828,1.72,3796.0,76.0
10712,82.0,12.20,51.55,0.6289,1.59,3796.0,76.0
10723,90.1,11.10,51.53,0.5720,1.75,3796.0,76.0
10734,89.3,11.20,51.51,0.5769,1.73,3796.0,76.0
10746,87.0,11.50,51.48,0.5920,1.69,3796.0,76.0
10757,89.3,11.20,51.46,0.5763,1.74,3796.0,76.0
10768,87.7,11.40,51.44,0.5864,1.71,3796.0,76.0
10779,90.1,11.10,51.41,0.5707,1.75,3796.0,76.0
10792,80.0,12.50,51.39,0.6423,1.56,3796.0,76.0
10804,79.4,12.60,51.36,0.6472,1.55,3796.0,76.0
10817,79.4,12.60,51.33,0.6468,1.55,3796.0,76.0
10830,79.4,12.60,51.31,0.6465,1.55,3796.0,76.0
10841,89.3,11.20,51.28,0.5744,1.74,3796.0,76.0
10853,83.3,12.00,51.26,0.6151,1.63,3796.0,76.0
10868,64.5,15.50,51.23,0.7940,1.26,3796.0,76.0
10881,80.6,12.40,51.20,0.6349,1.57,3796.0,76.0
10893,84.0,11.90,51.18,0.6090,1.64,3796.0,76.0
10905,82.6,12.10,51.15,0.6189,1.61,3796.0,76.0
10918,73.0,13.70,51.12,0.7004,1.43,3796.0,76.0
10931,81.3,12.30,51.10,0.6285,1.59,3796.0,76.0
10942,87.7,11.40,51.07,0.5823,1.72,3796.0,76.0
10953,88.5,11.30,51.05,0.5769,1.73,3796.0,76.0
10965,87.0,11.50,51.03,0.5868,1.70,3796.0,76.0
10979,70.9,14.10,51.00,0.7191,1.39,3796.0,76.0
10990,88.5,11.30,50.97,0.5760,1.74,3796.0,76.0
11002,84.7,11.80,50.95,0.6012,1.66,3796.0,76.0
11013,88.5,11.30,50.93,0.5755,1.74,3796.0,76.0
11024,91.7,10.90,50.90,0.5549,1.80,3796.0,76.0
11036,87.7,11.40,50.88,0.5800,1.72,3796.0,76.0
11047,89.3,11.20,50.86,0.5696,1.76,3796.0,76.0
11058,87.7,11.40,50.83,0.5795,1.73,3796.0,76.0
11069,90.9,11.00,50.81,0.5589,1.79,3796.0,76.0
11081,87.7,11.40,50.79,0.5790,1.73,3796.0,76.0
11092,87.0,11.50,50.76,0.5838,1.71,3796.0,76.0
11105,75.8,13.20,50.74,0.6697,1.49,3796.0,76.0
11118,81.3,12.30,50.71,0.6237,1.60,3796.0,76.0
11130,82.6,12.10,50.68,0.6133,1.63,3796.0,76.0
11141,89.3,11.20,50.66,0.5674,1.76,3796.0,76.0
11153,87.0,11.50,50.64,0.5823,1.72,3796.0,76.0
11164,89.3,11.20,50.61,0.5669,1.76,3796.0,76.0
11175,92.6,10.80,50.59,0.5464,1.83,3796.0,76.0
11186,90.9,11.00,50.57,0.5562,1.80,3796.0,76.0
11197,90.9,11.00,50.54,0.5560,1.80,3796.0,76.0
11208,87.7,11.40,50.52,0.5759,1.74,3796.0,76.0
11222,69.9,14.30,50.49,0.7220,1.38,3796.0,76.0
11234,87.7,11.40,50.47,0.5753,1.74,3796.0,76.0
11246,80.6,12.40,50.44,0.6255,1.60,3796.0,76.0
11260,72.5,13.80,50.41,0.6957,1.44,3796.0,76.0
11274,71.4,14.00,50.38,0.7054,1.42,3796.0,76.0
11286,82.0,12.20,50.36,0.6144,1.63,3796.0,76.0
11298,82.0,12.20,50.33,0.6141,1.63,3796.0,76.0
11310,85.5,11.70,50.31,0.5886,1.70,3796.0,76.0
11323,80.0,12.50,50.28,0.6285,1.59,3796.0,76.0
11337,71.4,14.00,50.25,0.7035,1.42,3796.0,76.0
11349,81.3,12.30,50.23,0.6178,1.62,3796.0,76.0
11361,82.6,12.10,50.20,0.6075,1.65,3796.0,76.0
11373,85.5,11.70,50.18,0.5871,1.70,3796.0,76.0
11385,84.0,11.90,50.15,0.5968,1.67,3796.0,76.0
11397,80.0,12.50,50.13,0.6266,1.60,3796.0,76.0
11409,86.2,11.60,50.10,0.5812,1.72,3796.0,76.0
11421,80.6,12.40,50.08,0.6210,1.61,3796.0,76.0
11434,78.1,12.80,50.05,0.6407,1.56,3796.0,76.0
11448,69.4,14.40,50.02,0.7203,1.39,3796.0,76.0
11460,85.5,11.70,50.00,0.5850,1.71,3796.0,76.0
11472,83.3,12.00,49.97,0.5997,1.67,3796.0,76.0
11487,66.2,15.10,49.94,0.7541,1.33,3796.0,76.0
11499,83.3,12.00,49.92,0.5990,1.67,3796.0,76.0
11511,83.3,12.00,49.89,0.5987,1.67,3796.0,76.0
11526,68.5,14.60,49.86,0.7280,1.37,3796.0,76.0
11538,82.0,12.20,49.86,0.6083,1.64,3796.0,76.0
11550,83.3,12.00,49.86,0.5983,1.67,3796.0,76.0
11562,80.0,12.50,49.86,0.6233,1.60,3796.0,76.0
11577,70.4,14.20,49.86,0.7081,1.41,3796.0,76.0
11590,71.9,13.90,49.87,0.6931,1.44,3796.0,76.0
11603,80.0,12.50,49.87,0.6233,1.60,3796.0,76.0
11617,69.0,14.50,49.87,0.7231,1.38,3796.0,76.0
11630,81.3,12.30,49.87,0.6134,1.63,3796.0,76.0
11643,74.1,13.50,49.87,0.6732,1.49,3796.0,76.0
11658,66.2,15.10,49.87,0.7530,1.33,3796.0,76.0
11670,84.0,11.90,49.87,0.5935,1.68,3796.0,76.0
11682,81.3,12.30,49.87,0.6134,1.63,3796.0,76.0
11699,62.1,16.10,49.87,0.8030,1.25,3796.0,76.0
11710,86.2,11.60,49.87,0.5785,1.73,3796.0,76.0
11723,80.0,12.50,49.88,0.6234,1.60,3796.0,76.0
11739,61.0,16.40,49.88,0.8180,1.22,3796.0,76.0
11751,86.2,11.60,49.88,0.5786,1.73,3796.0,76.0
11763,78.7,12.70,49.88,0.6335,1.58,3796.0,76.0
11778,68.0,14.70,49.88,0.7332,1.36,3796.0,76.0
11792,70.4,14.20,49.88,0.7083,1.41,3796.0,76.0
11806,70.9,14.10,49.88,0.7033,1.42,3796.0,76.0
11822,62.1,16.10,49.88,0.8031,1.24,3796.0,76.0
11836,71.4,14.00,49.88,0.6984,1.43,3796.0,76.0
11849,78.7,12.70,49.89,0.6336,1.58,3796.0,76.0
11864,66.2,15.10,49.89,0.7533,1.33,3796.0,76.0
11877,77.5,12.90,49.89,0.6436,1.55,3796.0,76.0
11890,78.1,12.80,49.89,0.6386,1.57,3796.0,76.0
11906,63.3,15.80,49.89,0.7883,1.27,3796.0,76.0
11918,82.6,12.10,49.89,0.6037,1.66,3796.0,76.0
11932,73.0,13.70,49.89,0.6835,1.46,3796.0,76.0
11949,55.9,17.90,49.89,0.8931,1.12,3796.0,76.0
11963,75.8,13.20,49.89,0.6586,1.52,3796.0,76.0
11975,79.4,12.60,49.90,0.6287,1.59,3796.0,76.0
11990,66.2,15.10,49.90,0.7534,1.33,3796.0,76.0
12004,73.0,13.70,49.90,0.6836,1.46,3796.0,76.0
12017,78.1,12.80,49.90,0.6387,1.57,3796.0,76.0
12031,71.9,13.90,49.90,0.6936,1.44,3796.0,76.0
12043,82.0,12.20,49.90,0.6088,1.64,3796.0,76.0
12059,63.7,15.70,49.90,0.7835,1.28,3796.0,76.0
12072,72.5,13.80,49.90,0.6887,1.45,3796.0,76.0
12085,82.0,12.20,49.90,0.6088,1.64,3796.0,76.0
12098,76.3,13.10,49.91,0.6538,1.53,3796.0,76.0
12111,76.3,13.10,49.91,0.6538,1.53,3796.0,76.0
12124,75.2,13.30,49.91,0.6638,1.51,3796.0,76.0
12137,76.9,13.00,49.91,0.6488,1.54,3796.0,76.0
12151,73.5,13.60,49.91,0.6788,1.47,3796.0,76.0
12163,80.6,12.40,49.91,0.6189,1.61,3796.0,76.0
12176,78.1,12.80,49.91,0.6389,1.56,3796.0,76.0
12191,68.5,14.60,49.91,0.7287,1.37,3796.0,76.0
12202,85.5,11.70,49.91,0.5840,1.71,3796.0,76.0
12215,79.4,12.60,49.92,0.6289,1.59,3796.0,76.0
12229,72.5,13.80,49.92,0.6888,1.45,3796.0,76.0
12242,76.9,13.00,49.92,0.6489,1.54,3796.0,76.0
12255,74.6,13.40,49.92,0.6689,1.49,3796.0,76.0
12269,71.9,13.90,49.92,0.6939,1.44,3796.0,76.0
12283,71.4,14.00,49.92,0.6989,1.43,3796.0,76.0
12296,74.1,13.50,49.92,0.6739,1.48,3796.0,76.0
12313,59.5,16.80,49.92,0.8387,1.19,3796.0,76.0
12326,77.5,12.90,49.92,0.6440,1.55,3796.0,76.0
12340,73.5,13.60,49.93,0.6790,1.47,3796.0,76.0
12353,77.5,12.90,49.93,0.6440,1.55,3796.0,76.0
12366,76.9,13.00,49.93,0.6491,1.54,3796.0,76.0
12378,80.0,12.50,49.93,0.6241,1.60,3796.0,76.0
12392,71.4,14.00,49.93,0.6990,1.43,3796.0,76.0
12405,78.7,12.70,49.93,0.6341,1.58,3796.0,76.0
12420,66.2,15.10,49.93,0.7540,1.33,3796.0,76.0
12434,73.5,13.60,49.93,0.6791,1.47,3796.0,76.0
12445,84.0,11.90,49.93,0.5942,1.68,3796.0,76.0
12458,79.4,12.60,49.93,0.6292,1.59,3796.0,76.0
12471,79.4,12.60,49.94,0.6292,1.59,3796.0,76.0
12483,78.7,12.70,49.94,0.6342,1.58,3796.0,76.0
12496,81.3,12.30,49.94,0.6142,1.63,3796.0,76.0
12508,80.0,12.50,49.94,0.6242,1.60,3796.0,76.0
12521,80.0,12.50,49.94,0.6242,1.60,3796.0,76.0
12533,81.3,12.30,49.95,0.6143,1.63,3796.0,76.0
12548,66.7,15.00,49.96,0.7494,1.34,3796.0,76.0
12560,80.0,12.50,49.97,0.6247,1.60,3796.0,76.0
12574,76.3,13.10,49.99,0.6548,1.53,3796.0,76.0
12586,82.6,12.10,50.00,0.6050,1.65,3796.0,76.1
12600,68.0,14.70,50.01,0.7352,1.36,3796.0,76.1
12612,87.0,11.50,50.02,0.5753,1.74,3796.0,76.1
12624,79.4,12.60,50.04,0.6304,1.59,3796.0,76.1
12637,77.5,12.90,50.05,0.6456,1.55,3796.0,76.1
12650,78.1,12.80,50.06,0.6408,1.56,3796.0,76.1
12663,76.3,13.10,50.07,0.6560,1.52,3796.0,76.1
12678,69.0,14.50,50.09,0.7263,1.38,3796.0,76.2
12691,73.0,13.70,50.10,0.6864,1.46,3796.0,76.2
12705,73.5,13.60,50.11,0.6815,1.47,3796.0,76.2
12718,78.1,12.80,50.13,0.6416,1.56,3796.0,76.2
12731,78.7,12.70,50.14,0.6368,1.57,3796.0,76.2
12744,74.6,13.40,50.15,0.6720,1.49,3796.0,76.2
12757,77.5,12.90,50.16,0.6471,1.54,3796.0,76.2
12770,76.3,13.10,50.18,0.6573,1.52,3796.0,76.2
12793,43.7,22.90,50.20,1.1496,0.87,3796.0,76.3
12805,79.4,12.60,50.21,0.6327,1.58,3796.0,76.3
12818,76.9,13.00,50.22,0.6529,1.53,3796.0,76.3
12832,73.5,13.60,50.24,0.6832,1.46,3796.0,76.3
12845,74.6,13.40,50.25,0.6733,1.48,3796.0,76.3
12859,75.2,13.30,50.26,0.6685,1.50,3796.0,76.3
12872,77.5,12.90,50.28,0.6486,1.54,3796.0,76.3
12885,74.1,13.50,50.29,0.6789,1.47,3796.0,76.4
12899,72.5,13.80,50.30,0.6942,1.44,3796.0,76.4
12911,80.6,12.40,50.31,0.6239,1.60,3796.0,76.4
12925,73.5,13.60,50.33,0.6844,1.46,3796.0,76.4
12939,73.5,13.60,50.34,0.6846,1.46,3796.0,76.4
12951,78.1,12.80,50.35,0.6445,1.55,3796.0,76.4
12964,82.0,12.20,50.36,0.6145,1.63,3796.0,76.4
12975,85.5,11.70,50.38,0.5894,1.70,3796.0,76.4
12987,84.7,11.80,50.39,0.5946,1.68,3796.0,76.5
12999,84.0,11.90,50.40,0.5997,1.67,3796.0,76.5
13011,82.0,12.20,50.41,0.6150,1.63,3796.0,76.5
13026,69.4,14.40,50.42,0.7261,1.38,3796.0,76.5
13038,82.0,12.20,50.44,0.6153,1.63,3796.0,76.5
13049,85.5,11.70,50.45,0.5902,1.69,3796.0,76.5
13061,83.3,12.00,50.46,0.6055,1.65,3796.0,76.5
13074,82.0,12.20,50.47,0.6158,1.62,3796.0,76.5
13085,87.0,11.50,50.48,0.5805,1.72,3796.0,76.6
13097,82.6,12.10,50.49,0.6110,1.64,3796.0,76.6
13109,87.0,11.50,50.51,0.5808,1.72,3796.0,76.6
13121,81.3,12.30,50.52,0.6214,1.61,3796.0,76.6
13133,87.0,11.50,50.53,0.5811,1.72,3796.0,76.6
13147,70.4,14.20,50.54,0.7177,1.39,3796.0,76.6
13158,85.5,11.70,50.55,0.5915,1.69,3796.0,76.6
13170,85.5,11.70,50.56,0.5916,1.69,3796.0,76.6
13182,84.7,11.80,50.58,0.5968,1.67,3796.0,76.7
13194,82.0,12.20,50.59,0.6172,1.62,3796.0,76.7
13206,84.7,11.80,50.60,0.5971,1.67,3796.0,76.7
13218,82.0,12.20,50.61,0.6175,1.62,3796.0,76.7
13230,84.7,11.80,50.62,0.5973,1.67,3796.0,76.7
13242,84.0,11.90,50.63,0.6026,1.66,3796.0,76.7
13254,81.3,12.30,50.65,0.6229,1.61,3796.0,76.7
13269,66.7,15.00,50.66,0.7599,1.32,3796.0,76.7
13283,73.5,13.60,50.67,0.6892,1.45,3796.0,76.8
13295,80.0,12.50,50.69,0.6336,1.58,3796.0,76.8
13309,75.2,13.30,50.70,0.6743,1.48,3796.0,76.8
13321,83.3,12.00,50.71,0.6085,1.64,3796.0,76.8
13333,82.6,12.10,50.72,0.6137,1.63,3796.0,76.8
13345,79.4,12.60,50.73,0.6393,1.57,3796.0,76.8
13359,71.9,13.90,50.75,0.7054,1.42,3796.0,76.8
13372,80.6,12.40,50.76,0.6294,1.59,3796.0,76.8
13386,71.4,14.00,50.77,0.7108,1.41,3796.0,76.9
13398,82.0,12.20,50.79,0.6196,1.61,3796.0,76.9
13411,78.1,12.80,50.80,0.6502,1.54,3796.0,76.9
13424,76.3,13.10,50.81,0.6656,1.50,3796.0,76.9
13437,72.5,13.80,50.82,0.7014,1.43,3796.0,76.9
13451,72.5,13.80,50.84,0.7016,1.43,3796.0,76.9
13465,71.9,13.90,50.85,0.7068,1.41,3796.0,76.9
13478,77.5,12.90,50.86,0.6561,1.52,3796.0,77.0
13491,77.5,12.90,50.88,0.6563,1.52,3796.0,77.0
13505,69.0,14.50,50.89,0.7379,1.36,3796.0,77.0
13518,78.1,12.80,50.90,0.6515,1.53,3796.0,77.0
13532,74.6,13.40,50.91,0.6823,1.47,3796.0,77.0
13545,76.9,13.00,50.92,0.6620,1.51,3796.0,77.0
13559,71.9,13.90,50.93,0.7080,1.41,3796.0,77.0
13572,71.9,13.90,50.94,0.7081,1.41,3796.0,77.0
13585,81.3,12.30,50.95,0.6267,1.60,3796.0,77.0
13597,80.0,12.50,50.96,0.6370,1.57,3796.0,77.0
13609,82.6,12.10,50.97,0.6168,1.62,3796.0,77.0
13622,76.3,13.10,50.98,0.6679,1.50,3796.0,77.0
13635,80.6,12.40,50.99,0.6323,1.58,3796.0,77.0
13647,82.0,12.20,51.00,0.6222,1.61,3796.0,77.0
13660,79.4,12.60,51.01,0.6427,1.56,3796.0,77.0
13672,82.0,12.20,51.02,0.6224,1.61,3796.0,77.0
13685,76.9,13.00,51.03,0.6634,1.51,3796.0,77.0
13697,84.0,11.90,51.04,0.6074,1.65,3796.0,77.0
13709,83.3,12.00,51.05,0.6126,1.63,3796.0,77.0
13720,85.5,11.70,51.06,0.5973,1.67,3796.0,77.0
13732,84.7,11.80,51.06,0.6026,1.66,3796.0,77.0
13746,71.9,13.90,51.08,0.7099,1.41,3796.0,77.0
13758,82.0,12.20,51.08,0.6232,1.61,3796.0,77.0
13770,87.0,11.50,51.09,0.5876,1.70,3796.0,77.0
13781,86.2,11.60,51.10,0.5928,1.69,3796.0,77.0
13795,75.8,13.20,51.11,0.6747,1.48,3796.0,77.0
13807,78.7,12.70,51.12,0.6492,1.54,3796.0,77.0
13819,84.7,11.80,51.13,0.6033,1.66,3796.0,77.0
13831,86.2,11.60,51.14,0.5932,1.69,3796.0,77.0
13843,79.4,12.60,51.15,0.6445,1.55,3796.0,77.0
13858,66.7,15.00,51.16,0.7674,1.30,3796.0,77.0
13871,78.7,12.70,51.17,0.6498,1.54,3796.0,77.0
13883,87.0,11.50,51.18,0.5885,1.70,3796.0,77.0
13894,88.5,11.30,51.19,0.5784,1.73,3796.0,77.0
13905,90.9,11.00,51.19,0.5631,1.78,3796.0,77.0
13915,94.3,10.60,51.20,0.5427,1.84,3796.0,77.0
13926,90.9,11.00,51.21,0.5633,1.78,3796.0,77.0
13937,92.6,10.80,51.22,0.5532,1.81,3796.0,77.0
13948,90.9,11.00,51.23,0.5635,1.77,3796.0,77.0
13959,92.6,10.80,51.23,0.5533,1.81,3796.0,77.0
13972,77.5,12.90,51.24,0.6611,1.51,3796.0,77.0
13982,95.2,10.50,51.25,0.5381,1.86,3796.0,77.0
13993,92.6,10.80,51.26,0.5536,1.81,3796.0,77.0
14004,90.9,11.00,51.27,0.5640,1.77,3796.0,77.0
14015,93.5,10.70,51.28,0.5487,1.82,3796.0,77.0
14026,94.3,10.60,51.28,0.5436,1.84,3796.0,77.0
14036,98.0,10.20,51.29,0.5232,1.91,3796.0,77.0
14046,97.1,10.30,51.30,0.5284,1.89,3796.0,77.0
14057,90.9,11.00,51.31,0.5644,1.77,3796.0,77.0
14068,94.3,10.60,51.32,0.5440,1.84,3796.0,77.0
14078,92.6,10.80,51.32,0.5543,1.80,3796.0,77.0
14089,96.2,10.40,51.33,0.5339,1.87,3796.0,77.0
14099,96.2,10.40,51.34,0.5339,1.87,3796.0,77.0
14112,79.4,12.60,51.35,0.6470,1.55,3796.0,77.0
14122,95.2,10.50,51.36,0.5392,1.85,3796.0,77.0
14133,98.0,10.20,51.37,0.5239,1.91,3796.0,77.0
14143,96.2,10.40,51.37,0.5343,1.87,3796.0,77.0
14153,97.1,10.30,51.38,0.5292,1.89,3796.0,77.0
14165,87.7,11.40,51.39,0.5858,1.71,3796.0,77.0
14175,94.3,10.60,51.40,0.5448,1.83,3796.0,77.0
14186,97.1,10.30,51.41,0.5295,1.89,3796.0,77.0
14196,95.2,10.50,51.41,0.5398,1.85,3796.0,77.0
14206,100.0,10.00,51.42,0.5142,1.94,3796.0,77.0
14217,94.3,10.60,51.43,0.5451,1.83,3796.0,77.0
14229,80.6,12.40,51.44,0.6378,1.57,3796.0,77.0
14239,96.2,10.40,51.44,0.5350,1.87,3796.0,77.0
14250,98.0,10.20,51.45,0.5248,1.90,3796.0,77.0
14260,92.6,10.80,51.46,0.5558,1.80,3796.0,77.0
14272,88.5,11.30,51.47,0.5816,1.72,3796.0,77.0
14284,84.7,11.80,51.48,0.6074,1.65,3796.0,77.0
14295,88.5,11.30,51.49,0.5818,1.72,3796.0,77.0
14305,95.2,10.50,51.49,0.5407,1.85,3796.0,77.0
14317,83.3,12.00,51.50,0.6180,1.62,3796.0,77.0
14328,92.6,10.80,51.51,0.5563,1.80,3796.0,77.0
14338,97.1,10.30,51.52,0.5306,1.88,3796.0,77.0
14350,84.7,11.80,51.53,0.6080,1.64,3796.0,77.0
14360,100.0,10.00,51.54,0.5154,1.94,3796.0,77.0
14371,92.6,10.80,51.54,0.5567,1.80,3796.0,77.0
14381,104.2,9.60,51.55,0.4949,2.02,3796.0,77.0
14391,95.2,10.50,51.56,0.5414,1.85,3796.0,77.0
14402,95.2,10.50,51.57,0.5415,1.85,3796.0,77.0
14413,90.9,11.00,51.58,0.5673,1.76,3796.0,77.0
14423,92.6,10.80,51.58,0.5571,1.80,3796.0,77.0
14435,84.7,11.80,51.59,0.6088,1.64,3796.0,77.0
14446,90.1,11.10,51.60,0.5728,1.75,3796.0,77.0
14458,86.2,11.60,51.61,0.5987,1.67,3796.0,77.0
14471,77.5,12.90,51.62,0.6659,1.50,3796.0,77.0
14482,91.7,10.90,51.63,0.5627,1.78,3796.0,77.0
14492,93.5,10.70,51.63,0.5525,1.81,3796.0,77.0
14503,93.5,10.70,51.64,0.5526,1.81,3796.0,77.0
14514,95.2,10.50,51.65,0.5423,1.84,3796.0,77.0
14524,94.3,10.60,51.66,0.5476,1.83,3796.0,77.0
14535,93.5,10.70,51.68,0.5529,1.81,3796.1,77.0
14545,97.1,10.30,51.70,0.5325,1.88,3796.1,77.0
14556,91.7,10.90,51.72,0.5637,1.77,3796.2,77.0
14567,93.5,10.70,51.74,0.5536,1.81,3796.2,77.0
14578,90.9,11.00,51.76,0.5693,1.76,3796.3,77.1
14590,79.4,12.60,51.78,0.6524,1.53,3796.4,77.1
14601,92.6,10.80,51.80,0.5595,1.79,3796.5,77.1
14612,92.6,10.80,51.82,0.5597,1.79,3796.5,77.1
14623,94.3,10.60,51.84,0.5495,1.82,3796.6,77.1
14633,98.0,10.20,51.86,0.5290,1.89,3796.6,77.1
14644,93.5,10.70,51.88,0.5552,1.80,3796.7,77.1
14654,94.3,10.60,51.90,0.5502,1.82,3796.8,77.1
14665,92.6,10.80,51.92,0.5608,1.78,3796.8,77.1
14676,93.5,10.70,51.95,0.5558,1.80,3796.9,77.2
14686,95.2,10.50,51.96,0.5456,1.83,3797.0,77.2
14700,74.1,13.50,51.99,0.7019,1.43,3797.0,77.2
14710,100.0,10.00,52.01,0.5201,1.92,3797.1,77.2
14721,91.7,10.90,52.03,0.5671,1.76,3797.2,77.2
14731,95.2,10.50,52.05,0.5465,1.83,3797.2,77.2
14742,93.5,10.70,52.07,0.5572,1.80,3797.3,77.2
14752,97.1,10.30,52.09,0.5365,1.86,3797.4,77.2
14762,96.2,10.40,52.11,0.5419,1.85,3797.4,77.2
14774,87.7,11.40,52.13,0.5943,1.68,3797.5,77.2
14784,100.0,10.00,52.15,0.5215,1.92,3797.5,77.3
14795,90.9,11.00,52.17,0.5739,1.74,3797.6,77.3
14806,90.9,11.00,52.19,0.5741,1.74,3797.7,77.3
14819,76.3,13.10,52.22,0.6840,1.46,3797.8,77.3
14834,66.2,15.10,52.25,0.7889,1.27,3797.8,77.3
14846,87.0,11.50,52.27,0.6011,1.66,3797.9,77.3
14857,87.0,11.50,52.29,0.6013,1.66,3798.0,77.3
14868,92.6,10.80,52.31,0.5649,1.77,3798.1,77.3
14880,84.0,11.90,52.33,0.6228,1.61,3798.1,77.4
14892,82.6,12.10,52.36,0.6335,1.58,3798.2,77.4
14902,94.3,10.60,52.37,0.5552,1.80,3798.3,77.4
14913,94.3,10.60,52.40,0.5554,1.80,3798.3,77.4
14924,94.3,10.60,52.42,0.5556,1.80,3798.4,77.4
14937,75.8,13.20,52.44,0.6922,1.45,3798.5,77.4
14948,93.5,10.70,52.46,0.5613,1.78,3798.5,77.4
14958,97.1,10.30,52.48,0.5406,1.85,3798.6,77.4
14969,92.6,10.80,52.50,0.5670,1.76,3798.7,77.4
14980,90.1,11.10,52.52,0.5830,1.72,3798.7,77.5
14990,96.2,10.40,52.54,0.5464,1.83,3798.8,77.5
15001,91.7,10.90,52.56,0.5729,1.74,3798.8,77.5
15012,93.5,10.70,52.58,0.5626,1.78,3798.9,77.5
15022,96.2,10.40,52.60,0.5471,1.83,3799.0,77.5
15033,97.1,10.30,52.62,0.5420,1.85,3799.0,77.5
15043,96.2,10.40,52.64,0.5475,1.83,3799.1,77.5
15053,96.2,10.40,52.66,0.5477,1.83,3799.2,77.5
15063,99.0,10.10,52.68,0.5321,1.88,3799.2,77.5
15074,99.0,10.10,52.70,0.5323,1.88,3799.3,77.5
15084,96.2,10.40,52.72,0.5483,1.82,3799.3,77.6
15094,96.2,10.40,52.74,0.5485,1.82,3799.4,77.6
15105,97.1,10.30,52.76,0.5434,1.84,3799.5,77.6
15115,97.1,10.30,52.78,0.5436,1.84,3799.5,77.6
15126,93.5,10.70,52.80,0.5650,1.77,3799.6,77.6
15136,95.2,10.50,52.82,0.5546,1.80,3799.7,77.6
15146,98.0,10.20,52.84,0.5389,1.85,3799.7,77.6
15157,95.2,10.50,52.86,0.5550,1.80,3799.8,77.6
15168,93.5,10.70,52.88,0.5658,1.77,3799.9,77.6
15181,73.0,13.70,52.90,0.7248,1.38,3799.9,77.7
15192,95.2,10.50,52.93,0.5557,1.80,3800.0,77.7
15202,94.3,10.60,52.94,0.5612,1.78,3800.1,77.7
15213,98.0,10.20,52.97,0.5402,1.85,3800.1,77.7
15223,93.5,10.70,52.98,0.5669,1.76,3800.2,77.7
15237,70.4,14.20,53.01,0.7528,1.33,3800.3,77.7
15250,78.7,12.70,53.04,0.6736,1.48,3800.3,77.7
15262,81.3,12.30,53.06,0.6526,1.53,3800.4,77.7
15275,76.9,13.00,53.08,0.6901,1.45,3800.5,77.7
15288,82.6,12.10,53.11,0.6426,1.56,3800.6,77.8
15302,71.4,14.00,53.13,0.7439,1.34,3800.7,77.8
15312,99.0,10.10,53.15,0.5368,1.86,3800.7,77.8
15323,90.9,11.00,53.17,0.5849,1.71,3800.8,77.8
15335,83.3,12.00,53.20,0.6384,1.57,3800.9,77.8
15346,86.2,11.60,53.22,0.6173,1.62,3800.9,77.8
15357,90.1,11.10,53.24,0.5910,1.69,3801.0,77.8
15369,87.7,11.40,53.26,0.6072,1.65,3801.1,77.8
15380,87.7,11.40,53.28,0.6074,1.65,3801.1,77.9
15391,89.3,11.20,53.30,0.5970,1.68,3801.2,77.9
15402,92.6,10.80,53.32,0.5759,1.74,3801.3,77.9
15415,78.1,12.80,53.35,0.6829,1.46,3801.3,77.9
15427,86.2,11.60,53.37,0.6191,1.62,3801.4,77.9
15436,102.0,9.80,53.39,0.5232,1.91,3801.5,77.9
15447,90.9,11.00,53.41,0.5875,1.70,3801.5,77.9
15458,91.7,10.90,53.43,0.5824,1.72,3801.6,77.9
15470,86.2,11.60,53.45,0.6201,1.61,3801.7,77.9
15481,90.1,11.10,53.47,0.5936,1.68,3801.7,78.0
15492,92.6,10.80,53.50,0.5778,1.73,3801.8,78.0
15503,89.3,11.20,53.52,0.5994,1.67,3801.9,78.0
15514,94.3,10.60,53.54,0.5675,1.76,3801.9,78.0
15526,78.1,12.80,53.56,0.6856,1.46,3802.0,78.0
15539,76.9,13.00,53.54,0.6960,1.44,3801.9,78.0
15550,95.2,10.50,53.53,0.5620,1.78,3801.9,78.0
15560,97.1,10.30,53.51,0.5512,1.81,3801.9,78.0
15571,94.3,10.60,53.50,0.5671,1.76,3801.8,78.0
15582,90.1,11.10,53.48,0.5936,1.68,3801.8,78.0
15593,90.1,11.10,53.47,0.5935,1.69,3801.7,78.0
15603,98.0,10.20,53.45,0.5452,1.83,3801.7,78.0
15613,99.0,10.10,53.44,0.5397,1.85,3801.7,78.0
15624,96.2,10.40,53.42,0.5556,1.80,3801.6,78.0
15635,92.6,10.80,53.41,0.5768,1.73,3801.6,78.0
15644,106.4,9.40,53.39,0.5019,1.99,3801.5,78.0
15654,99.0,10.10,53.38,0.5391,1.85,3801.5,78.0
15666,84.7,11.80,53.36,0.6297,1.59,3801.4,78.0
15675,105.3,9.50,53.35,0.5068,1.97,3801.4,78.0
15685,101.0,9.90,53.34,0.5280,1.89,3801.4,78.0
15694,111.1,9.00,53.32,0.4799,2.08,3801.3,78.0
15704,106.4,9.40,53.31,0.5011,2.00,3801.3,78.0
15713,108.7,9.20,53.30,0.4903,2.04,3801.3,78.0
15722,111.1,9.00,53.29,0.4796,2.08,3801.2,78.0
15731,108.7,9.20,53.27,0.4901,2.04,3801.2,78.0
15741,98.0,10.20,53.26,0.5432,1.84,3801.1,78.0
15751,106.4,9.40,53.25,0.5005,2.00,3801.1,78.0
15760,107.5,9.30,53.23,0.4951,2.02,3801.1,78.0
15769,114.9,8.70,53.22,0.4630,2.16,3801.0,78.0
15778,104.2,9.60,53.21,0.5108,1.96,3801.0,78.0
15787,112.4,8.90,53.19,0.4734,2.11,3801.0,78.0
15797,103.1,9.70,53.18,0.5159,1.94,3800.9,78.0
15806,107.5,9.30,53.17,0.4945,2.02,3800.9,78.0
15816,102.0,9.80,53.15,0.5209,1.92,3800.8,78.0
15826,101.0,9.90,53.14,0.5261,1.90,3800.8,78.0
15836,101.0,9.90,53.13,0.5259,1.90,3800.8,78.0
15845,103.1,9.70,53.11,0.5152,1.94,3800.7,78.0
15855,103.1,9.70,53.10,0.5151,1.94,3800.7,78.0
15866,96.2,10.40,53.08,0.5521,1.81,3800.6,78.0
15875,106.4,9.40,53.07,0.4989,2.00,3800.6,78.0
15886,92.6,10.80,53.06,0.5730,1.75,3800.6,78.0
15896,101.0,9.90,53.04,0.5251,1.90,3800.5,78.0
15907,87.0,11.50,53.03,0.6098,1.64,3800.5,78.0
15916,108.7,9.20,53.01,0.4877,2.05,3800.4,78.0
15926,103.1,9.70,53.00,0.5141,1.95,3800.4,78.0
15937,90.9,11.00,52.98,0.5828,1.72,3800.4,78.0
15946,108.7,9.20,52.97,0.4873,2.05,3800.3,78.0
15955,111.1,9.00,52.96,0.4766,2.10,3800.3,78.0
15965,104.2,9.60,52.95,0.5083,1.97,3800.2,78.0
15974,105.3,9.50,52.93,0.5029,1.99,3800.2,78.0
15985,97.1,10.30,52.92,0.5450,1.83,3800.2,78.0
15994,109.9,9.10,52.90,0.4814,2.08,3800.1,78.0
16003,108.7,9.20,52.89,0.4866,2.06,3800.1,78.0
16014,94.3,10.60,52.88,0.5605,1.78,3800.0,78.0
16022,114.9,8.70,52.87,0.4599,2.17,3800.0,78.0
16031,113.6,8.80,52.85,0.4651,2.15,3800.0,78.0
16040,114.9,8.70,52.84,0.4597,2.17,3799.9,78.0
16049,113.6,8.80,52.83,0.4649,2.15,3799.9,78.0
16058,101.0,9.90,52.82,0.5229,1.91,3799.9,78.0
16067,120.5,8.30,52.80,0.4383,2.28,3799.8,78.0
16075,114.9,8.70,52.79,0.4593,2.18,3799.8,78.0
16084,113.6,8.80,52.78,0.4645,2.15,3799.8,78.0
16093,111.1,9.00,52.77,0.4749,2.11,3799.7,78.0
16102,116.3,8.60,52.75,0.4537,2.20,3799.7,78.0
16110,117.6,8.50,52.74,0.4483,2.23,3799.7,78.0
16119,119.0,8.40,52.73,0.4429,2.26,3799.6,78.0
16128,109.9,9.10,52.72,0.4797,2.08,3799.6,78.0
16140,82.6,12.10,52.70,0.6377,1.57,3799.5,78.0
16149,111.1,9.00,52.69,0.4742,2.11,3799.5,78.0
16157,119.0,8.40,52.68,0.4425,2.26,3799.5,78.0
16167,108.7,9.20,52.66,0.4845,2.06,3799.4,78.0
16175,113.6,8.80,52.65,0.4633,2.16,3799.4,78.0
16185,107.5,9.30,52.64,0.4895,2.04,3799.4,78.0
16193,114.9,8.70,52.63,0.4578,2.18,3799.3,78.0
16202,114.9,8.70,52.61,0.4577,2.18,3799.3,78.0
16211,109.9,9.10,52.60,0.4787,2.09,3799.3,78.0
16219,120.5,8.30,52.59,0.4365,2.29,3799.2,78.0
16228,117.6,8.50,52.58,0.4469,2.24,3799.2,78.0
16237,114.9,8.70,52.56,0.4573,2.19,3799.2,78.0
16246,112.4,8.90,52.55,0.4677,2.14,3799.1,78.0
16257,86.2,11.60,52.54,0.6094,1.64,3799.1,78.0
16267,103.1,9.70,52.52,0.5095,1.96,3799.0,78.0
16275,123.5,8.10,52.51,0.4253,2.35,3799.0,78.0
16283,120.5,8.30,52.50,0.4358,2.30,3799.0,78.0
16294,89.3,11.20,52.48,0.5878,1.70,3798.9,78.0
16303,112.4,8.90,52.47,0.4670,2.14,3798.9,78.0
16313,106.4,9.40,52.46,0.4931,2.03,3798.9,78.0
16322,112.4,8.90,52.45,0.4668,2.14,3798.8,78.0
16332,94.3,10.60,52.43,0.5558,1.80,3798.8,78.0
16341,112.4,8.90,52.42,0.4665,2.14,3798.7,78.0
16351,104.2,9.60,52.40,0.5031,1.99,3798.7,78.0
16360,105.3,9.50,52.39,0.4977,2.01,3798.7,78.0
16369,108.7,9.20,52.38,0.4819,2.08,3798.6,78.0
16379,102.0,9.80,52.37,0.5132,1.95,3798.6,78.0
16391,87.0,11.50,52.35,0.6020,1.66,3798.5,78.0
16400,106.4,9.40,52.34,0.4920,2.03,3798.5,78.0
16409,114.9,8.70,52.32,0.4552,2.20,3798.5,78.0
16418,111.1,9.00,52.31,0.4708,2.12,3798.4,78.0
16427,107.5,9.30,52.30,0.4864,2.06,3798.4,78.0
16436,114.9,8.70,52.29,0.4549,2.20,3798.4,78.0
16445,109.9,9.10,52.27,0.4757,2.10,3798.3,78.0
16457,84.0,11.90,52.26,0.6219,1.61,3798.3,78.0
16466,106.4,9.40,52.24,0.4911,2.04,3798.2,78.0
16475,108.7,9.20,52.23,0.4805,2.08,3798.2,78.0
16485,106.4,9.40,52.22,0.4908,2.04,3798.2,78.0
16497,85.5,11.70,52.20,0.6107,1.64,3798.1,78.0
16506,105.3,9.50,52.19,0.4958,2.02,3798.1,78.0
16516,103.1,9.70,52.17,0.5061,1.98,3798.0,78.0
16525,104.2,9.60,52.16,0.5007,2.00,3798.0,78.0
16538,81.3,12.30,52.10,0.6408,1.56,3798.0,78.0
16547,112.4,8.90,52.05,0.4632,2.16,3798.0,78.0
16556,104.2,9.60,52.00,0.4992,2.00,3798.0,78.0
16566,106.4,9.40,51.95,0.4883,2.05,3798.0,78.0
16578,82.0,12.20,51.89,0.6330,1.58,3798.0,77.9
16587,103.1,9.70,51.84,0.5028,1.99,3798.0,77.9
16597,103.1,9.70,51.79,0.5023,1.99,3798.0,77.9
16608,92.6,10.80,51.73,0.5587,1.79,3798.0,77.9
16619,87.0,11.50,51.67,0.5942,1.68,3798.0,77.9
16629,104.2,9.60,51.62,0.4955,2.02,3798.0,77.9
16638,106.4,9.40,51.57,0.4848,2.06,3798.0,77.9
16649,97.1,10.30,51.51,0.5306,1.88,3798.0,77.9
16660,87.0,11.50,51.46,0.5917,1.69,3798.0,77.9
16670,103.1,9.70,51.40,0.4986,2.01,3798.0,77.9
16680,104.2,9.60,51.35,0.4930,2.03,3798.0,77.8
16689,104.2,9.60,51.30,0.4925,2.03,3798.0,77.8
16702,80.6,12.40,51.23,0.6353,1.57,3798.0,77.8
16713,87.0,11.50,51.18,0.5885,1.70,3798.0,77.8
16725,82.6,12.10,51.11,0.6185,1.62,3798.0,77.8
16738,80.6,12.40,51.04,0.6330,1.58,3798.0,77.8
16749,90.1,11.10,50.99,0.5660,1.77,3798.0,77.8
16760,90.9,11.00,50.93,0.5602,1.78,3798.0,77.8
16769,105.3,9.50,50.88,0.4834,2.07,3798.0,77.8
16782,76.3,13.10,50.81,0.6657,1.50,3798.0,77.7
16796,75.2,13.30,50.74,0.6748,1.48,3798.0,77.7
16809,76.9,13.00,50.67,0.6587,1.52,3798.0,77.7
16821,82.0,12.20,50.61,0.6174,1.62,3798.0,77.7
16835,70.9,14.10,50.53,0.7125,1.40,3798.0,77.7
16849,73.0,13.70,50.46,0.6913,1.45,3798.0,77.7
16868,52.4,19.10,50.36,0.9619,1.04,3798.0,77.7
16886,54.6,18.30,50.27,0.9199,1.09,3798.0,77.6
16902,61.7,16.20,50.18,0.8130,1.23,3798.0,77.6
16918,64.5,15.50,50.10,0.7765,1.29,3798.0,77.6
16934,61.0,16.40,50.01,0.8202,1.22,3798.0,77.6
16950,62.9,15.90,49.93,0.7939,1.26,3798.0,77.6
16965,69.0,14.50,49.85,0.7228,1.38,3798.0,77.6
16982,56.8,17.60,49.76,0.8758,1.14,3798.0,77.5
16996,72.5,13.80,49.69,0.6857,1.46,3798.0,77.5
17011,67.1,14.90,49.61,0.7392,1.35,3798.0,77.5
17025,71.9,13.90,49.54,0.6885,1.45,3798.0,77.5
17040,65.8,15.20,49.46,0.7517,1.33,3798.0,77.5
17054,69.9,14.30,49.38,0.7062,1.42,3798.0,77.5
17068,71.4,14.00,49.31,0.6903,1.45,3798.0,77.5
17085,61.0,16.40,49.22,0.8072,1.24,3798.0,77.4
17098,73.0,13.70,49.15,0.6734,1.49,3798.0,77.4
17114,64.5,15.50,49.07,0.7605,1.31,3798.0,77.4
17128,70.9,14.10,48.99,0.6908,1.45,3798.0,77.4
17140,82.0,12.20,48.93,0.5970,1.68,3798.0,77.4
17156,64.9,15.40,48.85,0.7522,1.33,3798.0,77.4
17170,71.9,13.90,48.77,0.6779,1.47,3798.0,77.4
17183,71.9,13.90,48.70,0.6770,1.48,3798.0,77.3
17196,80.0,12.50,48.64,0.6079,1.64,3798.0,77.3
17211,64.9,15.40,48.56,0.7478,1.34,3798.0,77.3
17225,73.0,13.70,48.48,0.6642,1.51,3798.0,77.3
17244,52.4,19.10,48.38,0.9241,1.08,3798.0,77.3
17256,84.0,11.90,48.32,0.5750,1.74,3798.0,77.3
17272,61.3,16.30,48.24,0.7862,1.27,3798.0,77.3
17288,65.4,15.30,48.15,0.7367,1.36,3798.0,77.2
17303,67.1,14.90,48.07,0.7163,1.40,3798.0,77.2
17319,61.7,16.20,47.99,0.7774,1.29,3798.0,77.2
17338,52.4,19.10,47.89,0.9147,1.09,3798.0,77.2
17356,55.9,17.90,47.79,0.8555,1.17,3798.0,77.2
17371,65.4,15.30,47.72,0.7300,1.37,3798.0,77.2
17385,72.5,13.80,47.64,0.6575,1.52,3798.0,77.1
17399,72.5,13.80,47.57,0.6564,1.52,3798.0,77.1
17414,67.1,14.90,47.49,0.7076,1.41,3798.0,77.1
17429,65.8,15.20,47.41,0.7206,1.39,3798.0,77.1
17445,60.6,16.50,47.33,0.7809,1.28,3798.0,77.1
17461,62.5,16.00,47.24,0.7559,1.32,3798.0,77.1
17475,71.4,14.00,47.17,0.6604,1.51,3798.0,77.1
17491,61.7,16.20,47.08,0.7628,1.31,3798.0,77.0
17510,52.9,18.90,46.98,0.8880,1.13,3798.0,77.0
17524,73.0,13.70,46.91,0.6427,1.56,3798.0,77.0
17540,63.3,15.80,47.02,0.7429,1.35,3798.0,77.0
17559,53.5,18.70,47.17,0.8822,1.13,3798.0,77.1
17573,69.4,14.40,47.29,0.6810,1.47,3798.0,77.1
17591,54.3,18.40,47.44,0.8729,1.14,3798.0,77.1
17607,62.9,15.90,47.57,0.7564,1.32,3798.0,77.2
17621,71.9,13.90,47.69,0.6629,1.51,3798.0,77.2
17637,64.1,15.60,47.82,0.7460,1.34,3798.0,77.2
17654,57.8,17.30,47.96,0.8298,1.21,3798.0,77.3
17670,64.5,15.50,48.10,0.7455,1.34,3798.0,77.3
17685,63.3,15.80,48.22,0.7619,1.31,3798.0,77.3
17703,57.1,17.50,48.37,0.8465,1.18,3798.0,77.4
17718,64.9,15.40,48.50,0.7468,1.34,3798.0,77.4
17734,61.7,16.20,48.63,0.7878,1.27,3798.0,77.4
17753,54.1,18.50,48.79,0.9025,1.11,3798.0,77.5
17771,54.9,18.20,48.94,0.8906,1.12,3798.0,77.5
17793,45.0,22.20,49.12,1.0904,0.92,3798.0,77.5
17824,32.6,30.70,49.38,1.5159,0.66,3798.0,77.6
17847,44.4,22.50,49.57,1.1153,0.90,3798.0,77.6
17868,45.7,21.90,49.74,1.0894,0.92,3798.0,77.7
17900,32.2,31.10,50.01,1.5552,0.64,3798.0,77.7
17916,60.2,16.60,50.14,0.8323,1.20,3798.0,77.8
17930,69.9,14.30,50.26,0.7187,1.39,3798.0,77.8
17945,68.0,14.70,50.38,0.7406,1.35,3798.0,77.8
17967,46.7,21.40,50.56,1.0821,0.92,3798.0,77.9
17980,73.5,13.60,50.67,0.6891,1.45,3798.0,77.9
17994,70.9,14.10,50.79,0.7161,1.40,3798.0,77.9
18008,74.1,13.50,50.91,0.6872,1.46,3798.0,78.0
18031,43.9,22.80,51.10,1.1650,0.86,3798.0,78.0
18042,87.0,11.50,51.19,0.5887,1.70,3798.0,78.0
18055,77.5,12.90,51.30,0.6617,1.51,3798.0,78.1
18069,69.4,14.40,51.41,0.7403,1.35,3798.0,78.1
18082,78.7,12.70,51.52,0.6543,1.53,3798.0,78.1
18102,50.5,19.80,51.69,1.0234,0.98,3798.0,78.2
18114,82.0,12.20,51.79,0.6318,1.58,3798.0,78.2
18126,80.6,12.40,51.89,0.6434,1.55,3798.0,78.2
18139,82.6,12.10,51.99,0.6291,1.59,3798.0,78.2
18158,51.3,19.50,52.15,1.0170,0.98,3798.0,78.3
18170,85.5,11.70,52.25,0.6113,1.64,3798.0,78.3
18182,83.3,12.00,52.35,0.6282,1.59,3798.0,78.3
18193,90.9,11.00,52.44,0.5769,1.73,3798.0,78.3
18204,86.2,11.60,52.53,0.6094,1.64,3798.0,78.4
18215,97.1,10.30,52.63,0.5420,1.85,3798.0,78.4
18226,91.7,10.90,52.72,0.5746,1.74,3798.0,78.4
18244,54.6,18.30,52.87,0.9675,1.03,3798.0,78.4
18255,92.6,10.80,52.96,0.5719,1.75,3798.0,78.5
18265,92.6,10.80,53.04,0.5728,1.75,3798.0,78.5
18276,92.6,10.80,53.13,0.5738,1.74,3798.0,78.5
18288,89.3,11.20,53.23,0.5962,1.68,3798.0,78.5
18309,45.9,21.80,53.41,1.1643,0.86,3798.0,78.6
18322,76.9,13.00,53.51,0.6957,1.44,3798.0,78.6
18334,83.3,12.00,53.61,0.6434,1.55,3798.0,78.6
18353,53.5,18.70,53.77,1.0055,0.99,3798.0,78.7
18358,196.1,5.10,53.81,0.2745,3.64,3798.0,78.7
18385,36.6,27.30,54.04,1.4752,0.68,3798.0,78.7
18394,123.5,8.10,54.11,0.4383,2.28,3798.0,78.7
18401,129.9,7.70,54.17,0.4171,2.40,3798.0,78.8
18413,87.0,11.50,54.27,0.6241,1.60,3798.0,78.8
18434,48.1,20.80,54.45,1.1325,0.88,3798.0,78.8
18444,97.1,10.30,54.53,0.5616,1.78,3798.0,78.8
18455,93.5,10.70,54.62,0.5844,1.71,3798.0,78.9
18465,93.5,10.70,54.70,0.5853,1.71,3798.0,78.9
18476,90.1,11.10,54.79,0.6082,1.64,3798.0,78.9
18494,56.5,17.70,54.94,0.9725,1.03,3798.0,78.9
18505,95.2,10.50,55.04,0.5779,1.73,3798.0,79.0
18516,90.1,11.10,55.13,0.6119,1.63,3798.0,79.0
18527,91.7,10.90,55.21,0.6018,1.66,3798.0,79.0
18539,79.4,12.60,55.27,0.6965,1.44,3798.0,79.0
18557,56.2,17.80,55.36,0.9855,1.02,3798.0,79.0
18567,97.1,10.30,55.41,0.5707,1.75,3798.0,79.0
18577,100.0,10.00,55.46,0.5546,1.80,3798.0,79.1
18587,101.0,9.90,55.51,0.5496,1.82,3798.0,79.1
18597,98.0,10.20,55.56,0.5667,1.76,3798.0,79.1
18607,100.0,10.00,55.61,0.5561,1.80,3798.0,79.1
18625,55.6,18.00,55.70,1.0026,1.00,3798.0,79.1
18635,101.0,9.90,55.75,0.5519,1.81,3798.0,79.1
18645,107.5,9.30,55.80,0.5189,1.93,3798.0,79.1
18654,107.5,9.30,55.84,0.5193,1.93,3798.0,79.1
18663,105.3,9.50,55.89,0.5309,1.88,3798.0,79.1
18673,106.4,9.40,55.94,0.5258,1.90,3798.0,79.1
18689,61.3,16.30,56.02,0.9130,1.09,3798.0,79.2
18698,109.9,9.10,56.06,0.5101,1.96,3798.0,79.2
18707,116.3,8.60,56.10,0.4825,2.07,3798.0,79.2
18716,114.9,8.70,56.15,0.4885,2.05,3798.0,79.2
18725,103.1,9.70,56.19,0.5451,1.83,3798.0,79.2
18733,122.0,8.20,56.23,0.4611,2.17,3798.0,79.2
18750,59.5,16.80,56.32,0.9461,1.06,3798.0,79.2
18759,114.9,8.70,56.36,0.4903,2.04,3798.0,79.2
18768,114.9,8.70,56.41,0.4907,2.04,3798.0,79.2
18776,114.9,8.70,56.45,0.4911,2.04,3798.0,79.3
18788,88.5,11.30,56.50,0.6385,1.57,3798.0,79.3
18795,131.6,7.60,56.54,0.4297,2.33,3798.0,79.3
18811,62.5,16.00,56.62,0.9059,1.10,3798.0,79.3
18819,122.0,8.20,56.66,0.4646,2.15,3798.0,79.3
18829,105.3,9.50,56.71,0.5387,1.86,3798.0,79.3
18838,111.1,9.00,56.75,0.5108,1.96,3798.0,79.3
18847,113.6,8.80,56.80,0.4998,2.00,3798.0,79.3
18855,114.9,8.70,56.84,0.4945,2.02,3798.0,79.3
18871,64.1,15.60,56.91,0.8879,1.13,3798.0,79.3
18879,120.5,8.30,56.95,0.4727,2.12,3798.0,79.4
18887,126.6,7.90,56.99,0.4502,2.22,3798.0,79.4
18898,93.5,10.70,57.05,0.6104,1.64,3798.0,79.4
18906,123.5,8.10,57.09,0.4624,2.16,3798.0,79.4
18915,117.6,8.50,57.13,0.4856,2.06,3798.0,79.4
18922,129.9,7.70,57.17,0.4402,2.27,3798.0,79.4
18937,69.0,14.50,57.24,0.8300,1.21,3798.0,79.4
18945,119.0,8.40,57.28,0.4812,2.08,3798.0,79.4
18953,128.2,7.80,57.32,0.4471,2.24,3798.0,79.4
18961,117.6,8.50,57.36,0.4876,2.05,3798.0,79.4
18970,116.3,8.60,57.40,0.4937,2.03,3798.0,79.4
18977,149.3,6.70,57.44,0.3848,2.60,3798.0,79.5
18984,135.1,7.40,57.47,0.4253,2.35,3798.0,79.5
19000,62.9,15.90,57.55,0.9151,1.09,3798.0,79.5
19008,120.5,8.30,57.59,0.4780,2.09,3798.0,79.5
19017,114.9,8.70,57.64,0.5014,1.99,3798.0,79.5
19024,135.1,7.40,57.67,0.4268,2.34,3798.0,79.5
19033,120.5,8.30,57.71,0.4790,2.09,3798.0,79.5
19040,138.9,7.20,57.75,0.4158,2.41,3798.0,79.5
19048,131.6,7.60,57.79,0.4392,2.28,3798.0,79.5
19064,61.3,16.30,57.87,0.9432,1.06,3798.0,79.5
19071,131.6,7.60,57.90,0.4401,2.27,3798.0,79.5
19079,125.0,8.00,57.94,0.4635,2.16,3798.0,79.6
19087,140.8,7.10,57.98,0.4117,2.43,3798.0,79.6
19095,117.6,8.50,58.02,0.4932,2.03,3798.0,79.6
19102,144.9,6.90,58.06,0.4006,2.50,3798.0,79.6
19109,142.9,7.00,58.09,0.4066,2.46,3798.0,79.6
19125,62.9,15.90,58.17,0.9249,1.08,3798.0,79.6
19135,101.0,9.90,58.22,0.5764,1.73,3798.0,79.6
19142,142.9,7.00,58.25,0.4078,2.45,3798.0,79.6
19149,142.9,7.00,58.29,0.4080,2.45,3798.0,79.6
19156,144.9,6.90,58.32,0.4024,2.48,3798.0,79.6
19163,142.9,7.00,58.36,0.4085,2.45,3798.0,79.6
19170,144.9,6.90,58.39,0.4029,2.48,3798.0,79.6
19183,71.9,13.90,58.46,0.8125,1.23,3798.0,79.7
19190,142.9,7.00,58.49,0.4094,2.44,3798.0,79.7
19197,142.9,7.00,58.52,0.4097,2.44,3798.0,79.7
19204,147.1,6.80,58.56,0.3982,2.51,3798.0,79.7
19211,142.9,7.00,58.59,0.4102,2.44,3798.0,79.7
19218,142.9,7.00,58.63,0.4104,2.44,3798.0,79.7
19225,144.9,6.90,58.66,0.4048,2.47,3798.0,79.7
19232,142.9,7.00,58.70,0.4109,2.43,3798.0,79.7
19247,66.7,15.00,58.77,0.8816,1.13,3798.0,79.7
19255,131.6,7.60,58.81,0.4470,2.24,3798.0,79.7
19263,125.0,8.00,58.85,0.4708,2.12,3798.0,79.7
19269,149.3,6.70,58.88,0.3945,2.54,3798.0,79.7
19276,149.3,6.70,58.91,0.3947,2.53,3798.0,79.8
19283,151.5,6.60,58.95,0.3891,2.57,3798.0,79.8
19289,153.8,6.50,58.98,0.3834,2.61,3798.0,79.8
19296,144.9,6.90,59.01,0.4072,2.46,3798.0,79.8
19311,67.1,14.90,59.09,0.8804,1.14,3798.0,79.8
19319,123.5,8.10,59.13,0.4789,2.09,3798.0,79.8
19327,125.0,8.00,59.17,0.4733,2.11,3798.0,79.8
19336,116.3,8.60,59.21,0.5092,1.96,3798.0,79.8
19343,133.3,7.50,59.25,0.4443,2.25,3798.0,79.8
19351,122.0,8.20,59.29,0.4861,2.06,3798.0,79.8
19359,135.1,7.40,59.33,0.4390,2.28,3798.0,79.8
19376,58.5,17.10,59.41,1.0159,0.98,3798.0,79.8
19384,126.6,7.90,59.45,0.4696,2.13,3798.0,79.9
19392,128.2,7.80,59.49,0.4640,2.16,3798.0,79.9
19400,128.2,7.80,59.53,0.4643,2.15,3798.0,79.9
19408,120.5,8.30,59.57,0.4944,2.02,3798.0,79.9
19415,147.1,6.80,59.60,0.4053,2.47,3798.0,79.9
19422,140.8,7.10,59.64,0.4234,2.36,3798.0,79.9
19439,57.8,17.30,59.72,1.0332,0.97,3798.0,79.9
19446,138.9,7.20,59.75,0.4302,2.32,3798.0,79.9
19453,140.8,7.10,59.79,0.4245,2.35,3798.0,79.9
19460,149.3,6.70,59.82,0.4008,2.50,3798.0,79.9
19467,144.9,6.90,59.86,0.4130,2.42,3798.0,79.9
19474,137.0,7.30,59.89,0.4372,2.29,3798.0,79.9
19482,137.0,7.30,59.93,0.4375,2.29,3798.0,80.0
19492,93.5,10.70,59.98,0.6418,1.56,3798.0,80.0
19500,133.3,7.50,60.02,0.4502,2.22,3798.0,80.0
19509,113.6,8.80,60.07,0.5286,1.89,3798.0,80.0
19515,158.7,6.30,60.10,0.3786,2.64,3798.0,80.0
19522,147.1,6.80,60.13,0.4089,2.45,3798.0,80.0
19529,140.8,7.10,60.15,0.4271,2.34,3798.0,80.0
19536,142.9,7.00,60.16,0.4211,2.38,3798.0,80.0
19542,156.2,6.40,60.17,0.3851,2.60,3798.0,80.0
19550,123.5,8.10,60.18,0.4875,2.05,3798.0,80.0
19557,158.7,6.30,60.19,0.3792,2.64,3798.0,80.0
19563,144.9,6.90,60.20,0.4154,2.41,3798.0,80.0
19570,147.1,6.80,60.21,0.4094,2.44,3798.0,80.0
19577,142.9,7.00,60.22,0.4215,2.37,3798.0,80.0
19584,158.7,6.30,60.22,0.3794,2.64,3798.0,80.0
19590,147.1,6.80,60.23,0.4096,2.44,3798.0,80.0
19597,142.9,7.00,60.24,0.4217,2.37,3798.0,80.0
19604,144.9,6.90,60.25,0.4157,2.40,3798.0,80.0
19613,120.5,8.30,60.26,0.5002,2.00,3798.0,80.0
19620,135.1,7.40,60.27,0.4460,2.24,3798.0,80.0
19627,142.9,7.00,60.28,0.4220,2.37,3798.0,80.0
19634,138.9,7.20,60.29,0.4341,2.30,3798.0,80.0
19642,129.9,7.70,60.30,0.4643,2.15,3798.0,80.0
19649,142.9,7.00,60.31,0.4222,2.37,3798.0,80.0
19656,147.1,6.80,60.32,0.4102,2.44,3798.0,80.0
19663,142.9,7.00,60.33,0.4223,2.37,3798.0,80.0
19670,144.9,6.90,60.33,0.4163,2.40,3798.0,80.0
19676,144.9,6.90,60.34,0.4164,2.40,3798.0,80.0
19683,142.9,7.00,60.35,0.4225,2.37,3798.0,80.0
19690,142.9,7.00,60.36,0.4225,2.37,3798.0,80.0
19697,144.9,6.90,60.37,0.4165,2.40,3798.0,80.0
19704,142.9,7.00,60.38,0.4226,2.37,3798.0,80.0
19711,144.9,6.90,60.39,0.4167,2.40,3798.0,80.0
19718,142.9,7.00,60.40,0.4228,2.37,3798.0,80.0
19725,144.9,6.90,60.40,0.4168,2.40,3798.0,80.0
19732,142.9,7.00,60.41,0.4229,2.37,3798.0,80.0
19740,133.3,7.50,60.42,0.4532,2.21,3798.0,80.0
19748,122.0,8.20,60.43,0.4956,2.02,3798.0,80.0
19755,144.9,6.90,60.44,0.4171,2.40,3798.0,80.0
19762,137.0,7.30,60.45,0.4413,2.27,3798.0,80.0
19769,144.9,6.90,60.46,0.4172,2.40,3798.0,80.0
19776,133.3,7.50,60.47,0.4535,2.20,3798.0,80.0
19783,142.9,7.00,60.48,0.4234,2.36,3798.0,80.0
19791,135.1,7.40,60.49,0.4476,2.23,3798.0,80.0
19798,137.0,7.30,60.50,0.4416,2.26,3798.0,80.0
19806,122.0,8.20,60.51,0.4962,2.02,3798.0,80.0
19815,119.0,8.40,60.52,0.5084,1.97,3798.0,80.0
19823,123.5,8.10,60.53,0.4903,2.04,3798.0,80.0
19832,111.1,9.00,60.54,0.5449,1.84,3798.0,80.0
19840,123.5,8.10,60.55,0.4905,2.04,3798.0,80.0
19848,120.5,8.30,60.56,0.5027,1.99,3798.0,80.0
19857,116.3,8.60,60.57,0.5209,1.92,3798.0,80.0
19869,83.3,12.00,60.59,0.7271,1.37,3798.0,80.0
19877,128.2,7.80,60.60,0.4727,2.12,3798.0,80.0
19886,106.4,9.40,60.61,0.5697,1.76,3798.0,80.0
19894,123.5,8.10,60.62,0.4910,2.04,3798.0,80.0
19903,117.6,8.50,60.63,0.5154,1.94,3798.0,80.0
19911,122.0,8.20,60.64,0.4973,2.01,3798.0,80.0
19920,116.3,8.60,60.65,0.5216,1.92,3798.0,80.0
19928,117.6,8.50,60.66,0.5156,1.94,3798.0,80.0
19941,77.5,12.90,60.68,0.7828,1.28,3798.0,80.0
19950,112.4,8.90,60.69,0.5402,1.85,3798.0,80.0
19959,108.7,9.20,60.70,0.5585,1.79,3798.0,80.0
19968,107.5,9.30,60.72,0.5647,1.77,3798.0,80.0
19980,82.6,12.10,60.73,0.7348,1.36,3798.0,80.0
19989,117.6,8.50,60.74,0.5163,1.94,3798.0,80.0
19998,112.4,8.90,60.75,0.5407,1.85,3798.0,80.0
20008,100.0,10.00,60.77,0.6077,1.65,3798.0,80.0
20017,106.4,9.40,60.78,0.5713,1.75,3798.0,80.0
20028,98.0,10.20,60.79,0.6201,1.61,3798.0,80.0
20036,112.4,8.90,60.80,0.5411,1.85,3798.0,80.0
20046,106.4,9.40,60.82,0.5717,1.75,3798.0,80.0
20055,108.7,9.20,60.83,0.5596,1.79,3798.0,80.0
20064,116.3,8.60,60.84,0.5232,1.91,3798.0,80.0
20073,111.1,9.00,60.85,0.5477,1.83,3798.0,80.0
20082,106.4,9.40,60.86,0.5721,1.75,3798.0,80.0
20091,106.4,9.40,60.87,0.5722,1.75,3798.0,80.0
20101,103.1,9.70,60.89,0.5906,1.69,3798.0,80.0
20110,111.1,9.00,60.90,0.5481,1.82,3798.0,80.0
20120,106.4,9.40,60.91,0.5726,1.75,3798.0,80.0
20130,97.1,10.30,60.92,0.6275,1.59,3798.0,80.0
20141,93.5,10.70,60.94,0.6520,1.53,3798.0,80.0
20150,108.7,9.20,60.95,0.5607,1.78,3798.0,80.0
20158,116.3,8.60,60.96,0.5242,1.91,3798.0,80.0
20167,113.6,8.80,60.97,0.5365,1.86,3798.0,80.0
20177,105.3,9.50,60.98,0.5793,1.73,3798.0,80.0
20186,104.2,9.60,60.99,0.5856,1.71,3798.0,80.0
20195,114.9,8.70,61.01,0.5308,1.88,3798.0,80.0
20204,107.5,9.30,61.02,0.5675,1.76,3798.0,80.0
20216,87.0,11.50,61.03,0.7019,1.43,3798.0,80.0
20225,104.2,9.60,61.04,0.5860,1.71,3798.0,80.0
20234,113.6,8.80,61.06,0.5373,1.86,3798.0,80.0
20244,106.4,9.40,61.07,0.5740,1.74,3798.0,80.0
20253,103.1,9.70,61.08,0.5925,1.69,3798.0,80.0
20269,64.1,15.60,61.10,0.9532,1.05,3798.0,80.0
20279,104.2,9.60,61.11,0.5867,1.71,3798.0,80.0
20288,102.0,9.80,61.13,0.5990,1.67,3798.0,80.0
20297,114.9,8.70,61.14,0.5319,1.88,3798.0,80.0
20307,98.0,10.20,61.15,0.6237,1.60,3798.0,80.0
20316,108.7,9.20,61.16,0.5627,1.78,3798.0,80.0
20326,108.7,9.20,61.17,0.5628,1.78,3798.0,80.0
20338,84.0,11.90,61.19,0.7282,1.37,3798.0,80.0
20347,107.5,9.30,61.20,0.5692,1.76,3798.0,80.0
20356,109.9,9.10,61.21,0.5570,1.80,3798.0,80.0
20365,109.9,9.10,61.22,0.5571,1.80,3798.0,80.0
20373,119.0,8.40,61.23,0.5144,1.94,3798.0,80.0
20382,114.9,8.70,61.25,0.5328,1.88,3798.0,80.0
20390,123.5,8.10,61.26,0.4962,2.02,3798.0,80.0
20399,114.9,8.70,61.27,0.5330,1.88,3798.0,80.0
20408,114.9,8.70,61.28,0.5331,1.88,3798.0,80.0
20415,129.9,7.70,61.29,0.4719,2.12,3798.0,80.0
20423,131.6,7.60,61.30,0.4659,2.15,3798.0,80.0
20430,133.3,7.50,61.31,0.4598,2.17,3798.0,80.0
20438,131.6,7.60,61.32,0.4660,2.15,3798.0,80.0
20446,128.2,7.80,61.33,0.4784,2.09,3798.0,80.0
20454,131.6,7.60,61.34,0.4662,2.15,3798.0,80.0
20463,102.0,9.80,61.35,0.6012,1.66,3798.0,80.0
20470,142.9,7.00,61.36,0.4295,2.33,3798.0,80.0
20478,131.6,7.60,61.37,0.4664,2.14,3798.0,80.0
20486,119.0,8.40,61.38,0.5156,1.94,3798.0,80.0
20497,95.2,10.50,61.39,0.6446,1.55,3798.0,80.0
20507,99.0,10.10,61.41,0.6202,1.61,3798.0,80.0
20515,128.2,7.80,61.42,0.4790,2.09,3798.0,80.0
20524,103.1,9.70,61.43,0.5958,1.68,3798.0,80.0
20533,122.0,8.20,61.25,0.5023,1.99,3798.0,80.0
20540,137.0,7.30,61.07,0.4458,2.24,3798.0,80.0
20547,135.1,7.40,60.89,0.4506,2.22,3798.0,80.0
20554,144.9,6.90,60.72,0.4189,2.39,3798.0,79.9
20561,140.8,7.10,60.54,0.4298,2.33,3798.0,79.9
20569,138.9,7.20,60.33,0.4344,2.30,3798.0,79.9
20578,111.1,9.00,60.10,0.5409,1.85,3798.0,79.9
20584,153.8,6.50,59.95,0.3897,2.57,3798.0,79.9
20591,147.1,6.80,59.77,0.4065,2.46,3798.0,79.9
20598,144.9,6.90,59.59,0.4112,2.43,3798.0,79.9
20605,142.9,7.00,59.42,0.4159,2.41,3798.0,79.8
20612,147.1,6.80,59.24,0.4028,2.48,3798.0,79.8
20619,142.9,7.00,59.06,0.4134,2.42,3798.0,79.8
20625,151.5,6.60,58.91,0.3888,2.57,3798.0,79.8
20632,151.5,6.60,58.73,0.3876,2.58,3798.0,79.8
20639,149.3,6.70,58.55,0.3923,2.55,3798.0,79.8
20645,149.3,6.70,58.40,0.3913,2.56,3798.0,79.8
20652,147.1,6.80,58.22,0.3959,2.53,3798.0,79.7
20659,149.3,6.70,58.04,0.3889,2.57,3798.0,79.7
20665,151.5,6.60,57.89,0.3821,2.62,3798.0,79.7
20672,149.3,6.70,57.71,0.3866,2.59,3798.0,79.7
20679,151.5,6.60,57.53,0.3797,2.63,3798.0,79.7
20685,151.5,6.60,57.38,0.3787,2.64,3798.0,79.7
20692,144.9,6.90,57.20,0.3947,2.53,3798.0,79.7
20700,135.1,7.40,56.99,0.4218,2.37,3798.0,79.7
20708,114.9,8.70,56.79,0.4941,2.02,3798.0,79.6
20715,147.1,6.80,56.61,0.3850,2.60,3798.0,79.6
20722,147.1,6.80,56.43,0.3838,2.61,3798.0,79.6
20729,149.3,6.70,56.26,0.3769,2.65,3798.0,79.6
20735,149.3,6.70,56.10,0.3759,2.66,3798.0,79.6
20742,140.8,7.10,55.92,0.3971,2.52,3798.0,79.6
20749,140.8,7.10,55.75,0.3958,2.53,3798.0,79.6
20757,140.8,7.10,55.54,0.3943,2.54,3798.0,79.5
20763,147.1,6.80,55.39,0.3766,2.66,3798.0,79.5
20770,149.3,6.70,55.21,0.3699,2.70,3798.0,79.5
20777,149.3,6.70,55.03,0.3687,2.71,3798.0,79.5
20783,161.3,6.20,54.88,0.3403,2.94,3798.0,79.5
20790,147.1,6.80,54.70,0.3720,2.69,3798.0,79.5
20796,151.5,6.60,54.55,0.3600,2.78,3798.0,79.5
20803,151.5,6.60,54.37,0.3588,2.79,3798.0,79.4
20810,137.0,7.30,54.19,0.3956,2.53,3798.0,79.4
20817,147.1,6.80,54.01,0.3673,2.72,3798.0,79.4
20824,147.1,6.80,53.83,0.3661,2.73,3798.0,79.4
20831,137.0,7.30,53.66,0.3917,2.55,3798.0,79.4
20838,138.9,7.20,53.48,0.3850,2.60,3798.0,79.4
20846,133.3,7.50,53.27,0.3995,2.50,3798.0,79.4
20853,137.0,7.30,53.09,0.3876,2.58,3798.0,79.3
20860,147.1,6.80,52.92,0.3598,2.78,3798.0,79.3
20867,138.9,7.20,52.74,0.3797,2.63,3798.0,79.3
20874,142.9,7.00,52.56,0.3679,2.72,3798.0,79.3
20881,142.9,7.00,52.38,0.3667,2.73,3798.0,79.3
20888,142.9,7.00,52.20,0.3654,2.74,3798.0,79.3
20895,147.1,6.80,52.02,0.3538,2.83,3798.0,79.3
20902,147.1,6.80,51.85,0.3526,2.84,3798.0,79.2
20908,151.5,6.60,51.69,0.3412,2.93,3798.0,79.2
20915,151.5,6.60,51.51,0.3400,2.94,3798.0,79.2
20922,149.3,6.70,51.34,0.3440,2.91,3798.0,79.2
20928,153.8,6.50,51.18,0.3327,3.00,3798.0,79.2
20937,112.4,8.90,50.95,0.4535,2.21,3798.0,79.2
20944,142.9,7.00,50.78,0.3554,2.81,3798.0,79.2
20950,156.3,6.40,50.62,0.3240,3.09,3798.0,79.2
20958,138.9,7.20,50.42,0.3630,2.75,3798.0,79.1
20964,156.3,6.40,50.27,0.3217,3.11,3798.0,79.1
20971,149.3,6.70,50.09,0.3356,2.98,3798.0,79.1
20978,147.1,6.80,49.91,0.3394,2.95,3798.0,79.1
20984,151.5,6.60,49.76,0.3284,3.04,3798.0,79.1
20991,149.3,6.70,49.58,0.3322,3.01,3798.0,79.1
20998,147.1,6.80,49.40,0.3359,2.98,3798.0,79.1
21005,144.9,6.90,49.22,0.3396,2.94,3798.0,79.0
21012,137.0,7.30,49.04,0.3580,2.79,3798.0,79.0
21018,151.5,6.60,48.89,0.3227,3.10,3798.0,79.0
21025,144.9,6.90,48.71,0.3361,2.97,3798.0,79.0
21032,140.8,7.10,48.53,0.3446,2.90,3798.0,79.0
21046,73.0,13.70,48.18,0.6600,1.52,3798.0,79.0
21054,129.9,7.70,47.97,0.3694,2.71,3798.0,78.9
21060,153.8,6.50,47.82,0.3108,3.22,3798.0,78.9
21069,120.5,8.30,47.59,0.3950,2.53,3798.0,78.9
21075,163.9,6.10,47.44,0.2894,3.46,3798.0,78.9
21081,161.3,6.20,47.28,0.2932,3.41,3798.0,78.9
21088,142.9,7.00,47.10,0.3297,3.03,3798.0,78.9
21095,142.9,7.00,46.93,0.3285,3.05,3798.0,78.9
21107,82.6,12.10,46.62,0.5641,1.77,3798.0,78.8
21114,142.9,7.00,46.44,0.3251,3.08,3798.0,78.8
21121,144.9,6.90,46.26,0.3192,3.13,3798.0,78.8
21128,144.9,6.90,46.09,0.3180,3.14,3798.0,78.8
21135,142.9,7.00,45.91,0.3213,3.11,3798.0,78.8
21142,144.9,6.90,45.73,0.3155,3.17,3798.0,78.8
21149,142.9,7.00,45.55,0.3188,3.14,3798.0,78.8
21156,142.9,7.00,45.37,0.3176,3.15,3798.0,78.7
21163,142.9,7.00,45.19,0.3164,3.16,3798.0,78.7
21170,144.9,6.90,45.01,0.3106,3.22,3798.0,78.7
21178,116.3,8.60,44.81,0.3854,2.60,3798.0,78.7
21184,181.8,5.50,44.66,0.2456,4.07,3798.0,78.7
21191,147.1,6.80,44.48,0.3025,3.31,3798.0,78.7
21197,147.1,6.80,44.33,0.3014,3.32,3798.0,78.7
21205,138.9,7.20,44.12,0.3177,3.15,3798.0,78.6
21211,149.3,6.70,43.97,0.2946,3.40,3798.0,78.6
21220,117.6,8.50,43.74,0.3718,2.69,3798.0,78.6
21227,138.9,7.20,43.56,0.3136,3.19,3798.0,78.6
21234,147.1,6.80,43.38,0.2950,3.39,3798.0,78.6
21241,142.9,7.00,43.20,0.3024,3.31,3798.0,78.6
21247,151.5,6.60,43.05,0.2841,3.52,3798.0,78.6
21255,138.9,7.20,42.85,0.3085,3.24,3798.0,78.5
21262,140.8,7.10,42.67,0.3030,3.30,3798.0,78.5
21268,147.1,6.80,42.52,0.2891,3.46,3798.0,78.5
21275,144.9,6.90,42.34,0.2921,3.42,3798.0,78.5
21282,144.9,6.90,42.16,0.2909,3.44,3798.0,78.5
21289,142.9,7.00,41.98,0.2939,3.40,3798.0,78.5
21296,138.9,7.20,41.80,0.3010,3.32,3798.0,78.5
21303,149.3,6.70,41.62,0.2789,3.59,3798.0,78.4
21310,137.0,7.30,41.45,0.3026,3.31,3798.0,78.4
21317,153.8,6.50,41.27,0.2682,3.73,3798.0,78.4
21324,142.9,7.00,41.09,0.2876,3.48,3798.0,78.4
21331,144.9,6.90,40.91,0.2823,3.54,3798.0,78.4
21338,142.9,7.00,40.73,0.2851,3.51,3798.0,78.4
21345,142.9,7.00,40.55,0.2839,3.52,3798.0,78.4
21352,138.9,7.20,40.38,0.2907,3.44,3798.0,78.3
21359,149.3,6.70,40.20,0.2693,3.71,3798.0,78.3
21366,137.0,7.30,40.02,0.2921,3.42,3798.0,78.3
21373,151.5,6.60,39.84,0.2629,3.80,3798.0,78.3
21380,144.9,6.90,39.66,0.2737,3.65,3798.0,78.3
21386,147.1,6.80,39.51,0.2687,3.72,3798.0,78.3
21393,142.9,7.00,39.33,0.2753,3.63,3798.0,78.3
21400,142.9,7.00,39.15,0.2741,3.65,3798.0,78.3
21407,142.9,7.00,38.97,0.2728,3.67,3798.0,78.2
21415,137.0,7.30,38.77,0.2830,3.53,3798.0,78.2
21421,153.8,6.50,38.62,0.2510,3.98,3798.0,78.2
21428,144.9,6.90,38.44,0.2652,3.77,3798.0,78.2
21435,144.9,6.90,38.26,0.2640,3.79,3798.0,78.2
21442,137.0,7.30,38.08,0.2780,3.60,3798.0,78.2
21449,138.9,7.20,37.90,0.2729,3.66,3798.0,78.2
21456,156.2,6.40,37.72,0.2414,4.14,3798.0,78.1
21463,142.9,7.00,37.55,0.2628,3.81,3798.0,78.1
21470,142.9,7.00,37.37,0.2616,3.82,3798.0,78.1
21477,142.9,7.00,37.19,0.2603,3.84,3798.0,78.1
21484,138.9,7.20,37.01,0.2665,3.75,3798.0,78.1
21492,129.9,7.70,36.81,0.2834,3.53,3798.0,78.1
21498,166.7,6.00,36.65,0.2199,4.55,3798.0,78.1
21505,147.1,6.80,36.48,0.2480,4.03,3798.0,78.0
21512,142.9,7.00,36.30,0.2541,3.94,3798.0,78.0
21518,144.9,6.90,36.14,0.2494,4.01,3798.0,78.0
21525,144.9,6.90,35.97,0.2482,4.03,3798.0,78.0
21533,133.3,7.50,35.89,0.2692,3.71,3798.0,78.0
21539,153.8,6.50,35.86,0.2331,4.29,3798.0,77.9
21550,97.1,10.30,35.78,0.3686,2.71,3798.0,77.9
21554,217.4,4.60,35.76,0.1645,6.08,3798.0,77.9
21560,166.7,6.00,35.72,0.2143,4.67,3798.0,77.9
21567,144.9,6.90,35.67,0.2462,4.06,3798.0,77.8
21575,126.6,7.90,35.62,0.2814,3.55,3798.0,77.8
21581,169.5,5.90,35.58,0.2099,4.76,3798.0,77.8
21588,147.1,6.80,35.54,0.2417,4.14,3798.0,77.8
21595,142.9,7.00,35.49,0.2485,4.03,3798.0,77.7
21602,142.9,7.00,35.45,0.2481,4.03,3798.0,77.7
21609,147.1,6.80,35.40,0.2407,4.16,3798.0,77.7
21616,131.6,7.60,35.36,0.2687,3.72,3798.0,77.6
21623,153.8,6.50,35.31,0.2295,4.36,3798.0,77.6
21629,149.3,6.70,35.27,0.2363,4.23,3798.0,77.6
21636,140.8,7.10,35.23,0.2501,4.00,3798.0,77.6
21643,142.9,7.00,35.18,0.2463,4.06,3798.0,77.5
21650,142.9,7.00,35.14,0.2460,4.07,3798.0,77.5
21658,138.9,7.20,35.09,0.2526,3.96,3798.0,77.5
21664,149.3,6.70,35.05,0.2348,4.26,3798.0,77.4
21671,140.8,7.10,35.00,0.2485,4.02,3798.0,77.4
21678,149.3,6.70,34.96,0.2342,4.27,3798.0,77.4
21685,142.9,7.00,34.91,0.2444,4.09,3798.0,77.4
21692,140.8,7.10,34.87,0.2475,4.04,3798.0,77.3
21699,142.9,7.00,34.82,0.2437,4.10,3798.0,77.3
21706,149.3,6.70,34.78,0.2330,4.29,3798.0,77.3
21713,142.9,7.00,34.73,0.2431,4.11,3798.0,77.3
21720,144.9,6.90,34.68,0.2393,4.18,3798.0,77.2
21727,147.1,6.80,34.64,0.2355,4.25,3798.0,77.2
21734,142.9,7.00,34.59,0.2422,4.13,3798.0,77.2
21741,128.2,7.80,34.55,0.2695,3.71,3798.0,77.1
21748,161.3,6.20,34.50,0.2139,4.67,3798.0,77.1
21755,144.9,6.90,34.46,0.2378,4.21,3798.0,77.1
21761,144.9,6.90,34.42,0.2375,4.21,3798.0,77.1
21769,135.1,7.40,34.37,0.2543,3.93,3798.0,77.0
21776,133.3,7.50,34.32,0.2574,3.88,3798.0,77.0
21783,151.5,6.60,34.28,0.2262,4.42,3798.0,77.0
21789,156.2,6.40,34.24,0.2191,4.56,3798.0,76.9
21796,147.1,6.80,34.19,0.2325,4.30,3798.0,76.9
21803,140.8,7.10,34.15,0.2424,4.12,3798.0,76.9
21810,149.3,6.70,34.10,0.2285,4.38,3798.0,76.9
21817,138.9,7.20,34.06,0.2452,4.08,3798.0,76.8
21825,133.3,7.50,34.01,0.2550,3.92,3798.0,76.8
21831,158.7,6.30,33.97,0.2140,4.67,3798.0,76.8
21838,140.8,7.10,33.92,0.2408,4.15,3798.0,76.8
21845,144.9,6.90,33.88,0.2337,4.28,3798.0,76.7
21852,142.9,7.00,33.83,0.2368,4.22,3798.0,76.7
21859,140.8,7.10,33.79,0.2399,4.17,3798.0,76.7
21867,123.5,8.10,33.73,0.2732,3.66,3798.0,76.6
21873,178.6,5.60,33.69,0.1887,5.30,3798.0,76.6
21880,142.9,7.00,33.65,0.2355,4.25,3798.0,76.6
21887,142.9,7.00,33.60,0.2352,4.25,3798.0,76.6
21894,147.1,6.80,33.56,0.2282,4.38,3798.0,76.5
21901,129.9,7.70,33.51,0.2581,3.88,3798.0,76.5
21908,158.7,6.30,33.47,0.2109,4.74,3798.0,76.5
21915,142.9,7.00,33.42,0.2340,4.28,3798.0,76.4
21921,144.9,6.90,33.38,0.2304,4.34,3798.0,76.4
21928,147.1,6.80,33.34,0.2267,4.41,3798.0,76.4
21941,80.6,12.40,33.25,0.4124,2.42,3798.0,76.3
21949,119.0,8.40,33.20,0.2789,3.58,3798.0,76.3
21956,140.8,7.10,33.16,0.2354,4.25,3798.0,76.3
21963,147.1,6.80,33.11,0.2252,4.44,3798.0,76.3
21970,140.8,7.10,33.07,0.2348,4.26,3798.0,76.2
21977,142.9,7.00,33.02,0.2312,4.33,3798.0,76.2
21984,147.1,6.80,32.98,0.2242,4.46,3798.0,76.2
21991,144.9,6.90,32.93,0.2272,4.40,3798.0,76.1
21998,144.9,6.90,32.89,0.2269,4.41,3798.0,76.1
22005,144.9,6.90,32.84,0.2266,4.41,3798.0,76.1
22012,144.9,6.90,32.80,0.2263,4.42,3798.0,76.1
22019,140.8,7.10,32.75,0.2325,4.30,3798.0,76.0
22025,151.5,6.60,32.71,0.2159,4.63,3798.0,76.0
22032,142.9,7.00,32.67,0.2287,4.37,3798.0,76.0
22039,142.9,7.00,32.62,0.2283,4.38,3798.0,75.9
22046,142.9,7.00,32.58,0.2280,4.39,3798.0,75.9
22053,147.1,6.80,32.53,0.2212,4.52,3798.0,75.9
22060,140.8,7.10,32.49,0.2306,4.33,3798.0,75.9
22067,151.5,6.60,32.44,0.2141,4.67,3798.0,75.8
22074,137.0,7.30,32.39,0.2365,4.23,3798.0,75.8
22081,144.9,6.90,32.35,0.2232,4.48,3798.0,75.8
22088,144.9,6.90,32.30,0.2229,4.49,3798.0,75.8
22095,144.9,6.90,32.26,0.2226,4.49,3798.0,75.7
22102,142.9,7.00,32.21,0.2255,4.44,3798.0,75.7
22109,147.1,6.80,32.17,0.2187,4.57,3798.0,75.7
22116,138.9,7.20,32.12,0.2313,4.32,3798.0,75.6
22123,140.8,7.10,32.08,0.2277,4.39,3798.0,75.6
22130,147.1,6.80,32.03,0.2178,4.59,3798.0,75.6
22136,147.1,6.80,31.99,0.2176,4.60,3798.0,75.6
22146,108.7,9.20,31.93,0.2937,3.40,3798.0,75.5
22150,212.8,4.70,31.90,0.1499,6.67,3798.0,75.5
22157,140.8,7.10,31.86,0.2262,4.42,3798.0,75.5
22164,144.9,6.90,31.81,0.2195,4.55,3798.0,75.4
22172,126.6,7.90,31.76,0.2509,3.99,3798.0,75.4
22178,169.5,5.90,31.72,0.1872,5.34,3798.0,75.4
22185,137.0,7.30,31.68,0.2312,4.33,3798.0,75.4
22192,149.3,6.70,31.63,0.2119,4.72,3798.0,75.3
22199,147.1,6.80,31.59,0.2148,4.66,3798.0,75.3
22206,140.8,7.10,31.54,0.2239,4.46,3798.0,75.3
22213,144.9,6.90,31.50,0.2173,4.60,3798.0,75.3
22220,147.1,6.80,31.45,0.2139,4.68,3798.0,75.2
22227,142.9,7.00,31.40,0.2198,4.55,3798.0,75.2
22234,147.1,6.80,31.36,0.2132,4.69,3798.0,75.2
22240,144.9,6.90,31.32,0.2161,4.63,3798.0,75.1
22247,142.9,7.00,31.28,0.2189,4.57,3798.0,75.1
22255,138.9,7.20,31.22,0.2248,4.45,3798.0,75.1
22262,140.8,7.10,31.18,0.2214,4.52,3798.0,75.1
22269,147.1,6.80,31.13,0.2117,4.72,3798.0,75.0
22275,147.1,6.80,31.09,0.2114,4.73,3798.0,75.0
22283,140.8,7.10,31.04,0.2204,4.54,3798.0,75.0
22289,144.9,6.90,31.00,0.2139,4.67,3798.0,74.9
22296,147.1,6.80,30.96,0.2105,4.75,3798.0,74.9
22303,149.3,6.70,30.91,0.2071,4.83,3798.0,74.9
22310,133.3,7.50,30.87,0.2315,4.32,3798.0,74.9
22317,151.5,6.60,30.82,0.2034,4.92,3798.0,74.8
22324,142.9,7.00,30.78,0.2154,4.64,3798.0,74.8
22331,142.9,7.00,30.73,0.2151,4.65,3798.0,74.8
22338,144.9,6.90,30.69,0.2117,4.72,3798.0,74.8
22345,144.9,6.90,30.64,0.2114,4.73,3798.0,74.7
22352,144.9,6.90,30.60,0.2111,4.74,3798.0,74.7
22359,137.0,7.30,30.55,0.2230,4.48,3798.0,74.7
22366,147.1,6.80,30.51,0.2074,4.82,3798.0,74.6
22373,135.1,7.40,30.46,0.2254,4.44,3798.0,74.6
22381,133.3,7.50,30.41,0.2281,4.38,3798.0,74.6
22387,175.4,5.70,30.37,0.1731,5.78,3798.0,74.6
22393,144.9,6.90,30.33,0.2093,4.78,3798.0,74.5
22400,142.9,7.00,30.29,0.2120,4.72,3798.0,74.5
22407,147.1,6.80,30.24,0.2056,4.86,3798.0,74.5
22414,144.9,6.90,30.19,0.2083,4.80,3798.0,74.4
22421,142.9,7.00,30.15,0.2110,4.74,3798.0,74.4
22428,144.9,6.90,30.10,0.2077,4.81,3798.0,74.4
22435,142.9,7.00,30.06,0.2104,4.75,3798.0,74.4
22442,144.9,6.90,30.01,0.2071,4.83,3798.0,74.3
22449,144.9,6.90,29.97,0.2068,4.84,3798.0,74.3
22456,144.9,6.90,29.92,0.2065,4.84,3798.0,74.3
22463,144.9,6.90,29.88,0.2062,4.85,3798.0,74.3
22470,142.9,7.00,29.83,0.2088,4.79,3798.0,74.2
22477,140.8,7.10,29.79,0.2115,4.73,3798.0,74.2
22484,140.8,7.10,29.74,0.2112,4.73,3798.0,74.2
22491,142.9,7.00,29.70,0.2079,4.81,3798.0,74.1
22497,151.5,6.60,29.66,0.1957,5.11,3798.0,74.1
22505,138.9,7.20,29.61,0.2132,4.69,3798.0,74.1
22512,144.9,6.90,29.56,0.2040,4.90,3798.0,74.1
22519,142.9,7.00,29.52,0.2066,4.84,3798.0,74.0
22525,144.9,6.90,29.48,0.2034,4.92,3798.0,74.0
22532,149.3,6.70,29.47,0.1975,5.07,3798.0,74.0
22539,140.8,7.10,29.48,0.2093,4.78,3798.0,74.0
22546,144.9,6.90,29.48,0.2034,4.92,3798.0,74.0
22553,147.1,6.80,29.48,0.2005,4.99,3798.0,74.0
22560,142.9,7.00,29.48,0.2064,4.85,3798.0,74.0
22567,142.9,7.00,29.49,0.2064,4.85,3798.0,74.0
22574,144.9,6.90,29.49,0.2035,4.91,3798.0,74.0
22581,140.8,7.10,29.49,0.2094,4.77,3798.0,74.0
22588,140.8,7.10,29.49,0.2094,4.77,3798.0,74.0
22595,147.1,6.80,29.50,0.2006,4.99,3798.0,74.0
22602,142.9,7.00,29.50,0.2065,4.84,3798.0,74.0
22609,147.1,6.80,29.50,0.2006,4.99,3798.0,74.0
22616,140.8,7.10,29.51,0.2095,4.77,3798.0,74.0
22622,151.5,6.60,29.51,0.1947,5.13,3798.0,74.0
22629,140.8,7.10,29.51,0.2095,4.77,3798.0,74.0
22636,147.1,6.80,29.51,0.2007,4.98,3798.0,74.0
22643,142.9,7.00,29.52,0.2066,4.84,3798.0,74.0
22650,142.9,7.00,29.52,0.2066,4.84,3798.0,74.0
22657,144.9,6.90,29.52,0.2037,4.91,3798.0,74.0
22664,138.9,7.20,29.52,0.2126,4.70,3798.0,74.0
22671,144.9,6.90,29.53,0.2037,4.91,3798.0,74.0
22678,144.9,6.90,29.53,0.2038,4.91,3798.0,74.0
22685,142.9,7.00,29.53,0.2067,4.84,3798.0,74.0
22692,140.8,7.10,29.53,0.2097,4.77,3798.0,74.0
22699,147.1,6.80,29.54,0.2009,4.98,3798.0,74.0
22706,144.9,6.90,29.54,0.2038,4.91,3798.0,74.0
22718,82.0,12.20,29.54,0.3604,2.78,3798.0,74.0
22727,116.3,8.60,29.55,0.2541,3.94,3798.0,74.0
22734,135.1,7.40,29.55,0.2187,4.57,3798.0,74.0
22740,158.7,6.30,29.55,0.1862,5.37,3798.0,74.0
22747,142.9,7.00,29.56,0.2069,4.83,3798.0,74.0
22754,142.9,7.00,29.56,0.2069,4.83,3798.0,74.0
22761,144.9,6.90,29.56,0.2040,4.90,3798.0,74.0
22769,138.9,7.20,29.56,0.2129,4.70,3798.0,74.0
22781,80.6,12.40,29.57,0.3667,2.73,3798.0,74.0
22789,117.6,8.50,29.57,0.2514,3.98,3798.0,74.0
22796,149.3,6.70,29.58,0.1982,5.05,3798.0,74.0
22803,140.8,7.10,29.58,0.2100,4.76,3798.0,74.0
22810,142.9,7.00,29.58,0.2071,4.83,3798.0,74.0
22817,144.9,6.90,29.58,0.2041,4.90,3798.0,74.0
22824,144.9,6.90,29.59,0.2041,4.90,3798.0,74.0
22831,142.9,7.00,29.59,0.2071,4.83,3798.0,74.0
22843,83.3,12.00,29.59,0.3551,2.81,3798.0,74.0
22850,140.8,7.10,29.60,0.2101,4.76,3798.0,74.0
22857,142.9,7.00,29.60,0.2072,4.83,3798.0,74.0
22864,147.1,6.80,29.60,0.2013,4.97,3798.0,74.0
22871,142.9,7.00,29.60,0.2072,4.83,3798.0,74.0
22878,144.9,6.90,29.61,0.2043,4.89,3798.0,74.0
22885,138.9,7.20,29.61,0.2132,4.69,3798.0,74.0
22892,147.1,6.80,29.61,0.2014,4.97,3798.0,74.0
22899,147.1,6.80,29.62,0.2014,4.97,3798.0,74.0
22907,123.5,8.10,29.62,0.2399,4.17,3798.0,74.0
22914,129.9,7.70,29.62,0.2281,4.39,3798.0,74.0
22921,147.1,6.80,29.62,0.2014,4.97,3798.0,74.0
22928,142.9,7.00,29.63,0.2074,4.82,3798.0,74.0
22935,147.1,6.80,29.63,0.2015,4.96,3798.0,74.0
22942,140.8,7.10,29.63,0.2104,4.75,3798.0,74.0
22949,147.1,6.80,29.63,0.2015,4.96,3798.0,74.0
22956,142.9,7.00,29.64,0.2075,4.82,3798.0,74.0
22963,144.9,6.90,29.64,0.2045,4.89,3798.0,74.0
22970,147.1,6.80,29.64,0.2016,4.96,3798.0,74.0
22977,142.9,7.00,29.65,0.2075,4.82,3798.0,74.0
22983,147.1,6.80,29.65,0.2016,4.96,3798.0,74.0
22990,144.9,6.90,29.65,0.2046,4.89,3798.0,74.0
22998,138.9,7.20,29.65,0.2135,4.68,3798.0,74.0
23005,140.8,7.10,29.66,0.2106,4.75,3798.0,74.0
23012,144.9,6.90,29.66,0.2047,4.89,3798.0,74.0
23019,140.8,7.10,29.66,0.2106,4.75,3798.0,74.0
23025,151.5,6.60,29.66,0.1958,5.11,3798.0,74.0
23032,138.9,7.20,29.67,0.2136,4.68,3798.0,74.0
23039,144.9,6.90,29.67,0.2047,4.88,3798.0,74.0
23046,142.9,7.00,29.67,0.2077,4.82,3798.0,74.0
23053,144.9,6.90,29.68,0.2048,4.88,3798.0,74.0
23060,147.1,6.80,29.68,0.2018,4.96,3798.0,74.0
23067,142.9,7.00,29.68,0.2078,4.81,3798.0,74.0
23074,149.3,6.70,29.68,0.1989,5.03,3798.0,74.0
23081,142.9,7.00,29.69,0.2078,4.81,3798.0,74.0
23088,144.9,6.90,29.69,0.2049,4.88,3798.0,74.0
23095,137.0,7.30,29.69,0.2168,4.61,3798.0,74.0
23102,149.3,6.70,29.69,0.1990,5.03,3798.0,74.0
23109,142.9,7.00,29.70,0.2079,4.81,3798.0,74.0
23116,142.9,7.00,29.70,0.2079,4.81,3798.0,74.0
23122,147.1,6.80,29.70,0.2020,4.95,3798.0,74.0
23129,144.9,6.90,29.71,0.2050,4.88,3798.0,74.0
23136,140.8,7.10,29.71,0.2109,4.74,3798.0,74.0
23143,147.1,6.80,29.71,0.2020,4.95,3798.0,74.0
23150,144.9,6.90,29.71,0.2050,4.88,3798.0,74.0
23157,144.9,6.90,29.72,0.2050,4.88,3798.0,74.0
23164,144.9,6.90,29.72,0.2051,4.88,3798.0,74.0
23171,144.9,6.90,29.72,0.2051,4.88,3798.0,74.0
23178,138.9,7.20,29.72,0.2140,4.67,3798.0,74.0
23185,147.1,6.80,29.73,0.2021,4.95,3798.0,74.0
23192,142.9,7.00,29.73,0.2081,4.81,3798.0,74.0
23199,138.9,7.20,29.73,0.2141,4.67,3798.0,74.0
23206,142.9,7.00,29.74,0.2081,4.81,3798.0,74.0
23213,138.9,7.20,29.74,0.2141,4.67,3798.0,74.0
23220,156.2,6.40,29.74,0.1903,5.25,3798.0,74.0
23227,137.0,7.30,29.74,0.2171,4.61,3798.0,74.0
23234,147.1,6.80,29.75,0.2023,4.95,3798.0,74.0
23241,144.9,6.90,29.75,0.2053,4.87,3798.0,74.0
23248,144.9,6.90,29.75,0.2053,4.87,3798.0,74.0
23255,142.9,7.00,29.75,0.2083,4.80,3798.0,74.0
23262,142.9,7.00,29.76,0.2083,4.80,3798.0,74.0
23268,147.1,6.80,29.76,0.2024,4.94,3798.0,74.0
23275,142.9,7.00,29.76,0.2083,4.80,3798.0,74.0
23282,142.9,7.00,29.76,0.2084,4.80,3798.0,74.0
23289,142.9,7.00,29.77,0.2084,4.80,3798.0,74.0
23296,144.9,6.90,29.77,0.2054,4.87,3798.0,74.0
23303,142.9,7.00,29.77,0.2084,4.80,3798.0,74.0
23310,147.1,6.80,29.78,0.2025,4.94,3798.0,74.0
23317,138.9,7.20,29.78,0.2144,4.66,3798.0,74.0
23324,144.9,6.90,29.78,0.2055,4.87,3798.0,74.0
23331,140.8,7.10,29.78,0.2115,4.73,3798.0,74.0
23338,156.2,6.40,29.79,0.1906,5.24,3798.0,74.0
23345,142.9,7.00,29.79,0.2085,4.80,3798.0,74.0
23352,142.9,7.00,29.79,0.2085,4.80,3798.0,74.0
23359,140.8,7.10,29.79,0.2115,4.73,3798.0,74.0
23366,144.9,6.90,29.80,0.2056,4.86,3798.0,74.0
23373,144.9,6.90,29.80,0.2056,4.86,3798.0,74.0
23380,142.9,7.00,29.80,0.2086,4.79,3798.0,74.0
23387,142.9,7.00,29.81,0.2086,4.79,3798.0,74.0
23394,142.9,7.00,29.81,0.2087,4.79,3798.0,74.0
23400,144.9,6.90,29.81,0.2057,4.86,3798.0,74.0
23408,140.8,7.10,29.81,0.2117,4.72,3798.0,74.0
23414,144.9,6.90,29.82,0.2057,4.86,3798.0,74.0
23421,144.9,6.90,29.82,0.2058,4.86,3798.0,74.0
23428,142.9,7.00,29.82,0.2088,4.79,3798.0,74.0
23435,144.9,6.90,29.82,0.2058,4.86,3798.0,74.0
23442,147.1,6.80,29.83,0.2028,4.93,3798.0,74.0
23449,147.1,6.80,29.83,0.2028,4.93,3798.0,74.0
23456,147.1,6.80,29.83,0.2029,4.93,3798.0,74.0
23463,129.9,7.70,29.84,0.2297,4.35,3798.0,74.0
23470,158.7,6.30,29.84,0.1880,5.32,3798.0,74.0
23477,142.9,7.00,29.84,0.2089,4.79,3798.0,74.0
23484,144.9,6.90,29.84,0.2059,4.86,3798.0,74.0
23491,137.0,7.30,29.85,0.2179,4.59,3798.0,74.0
23498,149.3,6.70,29.85,0.2000,5.00,3798.0,74.0
23505,144.9,6.90,29.85,0.2060,4.85,3798.0,74.0
23511,144.9,6.90,29.85,0.2060,4.85,3798.0,74.0
23518,142.9,7.00,29.86,0.2090,4.79,3798.0,74.0
23525,144.9,6.90,29.86,0.2060,4.85,3798.0,74.0
23532,144.9,6.90,29.86,0.2060,4.85,3798.0,74.0
23539,144.9,6.90,29.85,0.2060,4.85,3797.9,74.0
23546,144.9,6.90,29.85,0.2060,4.85,3797.9,74.0
23553,142.9,7.00,29.85,0.2089,4.79,3797.9,74.0
23560,144.9,6.90,29.84,0.2059,4.86,3797.9,74.0
23567,144.9,6.90,29.84,0.2059,4.86,3797.8,74.0
23575,129.9,7.70,29.84,0.2297,4.35,3797.8,74.0
23581,153.8,6.50,29.83,0.1939,5.16,3797.8,73.9
23588,147.1,6.80,29.83,0.2029,4.93,3797.8,73.9
23595,142.9,7.00,29.83,0.2088,4.79,3797.7,73.9
23602,144.9,6.90,29.83,0.2058,4.86,3797.7,73.9
23609,147.1,6.80,29.82,0.2028,4.93,3797.7,73.9
23616,140.8,7.10,29.82,0.2117,4.72,3797.6,73.9
23623,144.9,6.90,29.82,0.2057,4.86,3797.6,73.9
23629,144.9,6.90,29.81,0.2057,4.86,3797.6,73.9
23636,142.9,7.00,29.81,0.2087,4.79,3797.6,73.9
23643,147.1,6.80,29.81,0.2027,4.94,3797.5,73.9
23650,140.8,7.10,29.80,0.2116,4.72,3797.5,73.9
23657,144.9,6.90,29.80,0.2056,4.86,3797.5,73.9
23664,147.1,6.80,29.80,0.2026,4.94,3797.4,73.9
23671,144.9,6.90,29.79,0.2056,4.86,3797.4,73.9
23678,144.9,6.90,29.79,0.2056,4.86,3797.4,73.8
23685,140.8,7.10,29.79,0.2115,4.73,3797.4,73.8
23692,142.9,7.00,29.78,0.2085,4.80,3797.3,73.8
23699,147.1,6.80,29.78,0.2025,4.94,3797.3,73.8
23706,142.9,7.00,29.78,0.2084,4.80,3797.3,73.8
23713,144.9,6.90,29.77,0.2054,4.87,3797.3,73.8
23720,138.9,7.20,29.77,0.2143,4.67,3797.2,73.8
23727,144.9,6.90,29.77,0.2054,4.87,3797.2,73.8
23734,147.1,6.80,29.76,0.2024,4.94,3797.2,73.8
23741,142.9,7.00,29.76,0.2083,4.80,3797.1,73.8
23747,144.9,6.90,29.76,0.2053,4.87,3797.1,73.8
23754,144.9,6.90,29.76,0.2053,4.87,3797.1,73.8
23761,142.9,7.00,29.75,0.2083,4.80,3797.1,73.8
23768,142.9,7.00,29.75,0.2082,4.80,3797.0,73.8
23775,144.9,6.90,29.75,0.2052,4.87,3797.0,73.8
23782,144.9,6.90,29.74,0.2052,4.87,3797.0,73.7
23789,142.9,7.00,29.74,0.2082,4.81,3796.9,73.7
23796,140.8,7.10,29.74,0.2111,4.74,3796.9,73.7
23803,144.9,6.90,29.73,0.2052,4.87,3796.9,73.7
23811,133.3,7.50,29.73,0.2230,4.48,3796.9,73.7
23817,158.7,6.30,29.73,0.1873,5.34,3796.8,73.7
23824,144.9,6.90,29.72,0.2051,4.88,3796.8,73.7
23831,140.8,7.10,29.72,0.2110,4.74,3796.8,73.7
23838,147.1,6.80,29.72,0.2021,4.95,3796.8,73.7
23845,149.3,6.70,29.71,0.1991,5.02,3796.7,73.7
23852,135.1,7.40,29.71,0.2199,4.55,3796.7,73.7
23859,142.9,7.00,29.71,0.2079,4.81,3796.7,73.7
23866,149.3,6.70,29.70,0.1990,5.03,3796.6,73.7
23873,147.1,6.80,29.70,0.2020,4.95,3796.6,73.7
23879,147.1,6.80,29.70,0.2019,4.95,3796.6,73.6
23886,142.9,7.00,29.69,0.2079,4.81,3796.6,73.6
23893,142.9,7.00,29.69,0.2078,4.81,3796.5,73.6
23900,142.9,7.00,29.69,0.2078,4.81,3796.5,73.6
23907,149.3,6.70,29.68,0.1989,5.03,3796.5,73.6
23914,140.8,7.10,29.68,0.2107,4.74,3796.4,73.6
23921,140.8,7.10,29.68,0.2107,4.74,3796.4,73.6
23928,147.1,6.80,29.68,0.2018,4.96,3796.4,73.6
23935,137.0,7.30,29.67,0.2166,4.62,3796.4,73.6
23942,153.8,6.50,29.67,0.1928,5.18,3796.3,73.6
23949,147.1,6.80,29.67,0.2017,4.96,3796.3,73.6
23956,144.9,6.90,29.66,0.2047,4.89,3796.3,73.6
23963,142.9,7.00,29.66,0.2076,4.82,3796.3,73.6
23970,142.9,7.00,29.66,0.2076,4.82,3796.2,73.6
23977,142.9,7.00,29.65,0.2076,4.82,3796.2,73.5
23984,144.9,6.90,29.65,0.2046,4.89,3796.2,73.5
23990,144.9,6.90,29.65,0.2046,4.89,3796.1,73.5
23997,142.9,7.00,29.64,0.2075,4.82,3796.1,73.5
24004,144.9,6.90,29.64,0.2045,4.89,3796.1,73.5
24011,140.8,7.10,29.64,0.2104,4.75,3796.1,73.5
24018,142.9,7.00,29.63,0.2074,4.82,3796.0,73.5
24026,140.8,7.10,29.63,0.2104,4.75,3796.0,73.5
24032,147.1,6.80,29.63,0.2015,4.97,3796.0,73.5
24039,142.9,7.00,29.62,0.2074,4.82,3795.9,73.5
24046,147.1,6.80,29.62,0.2014,4.97,3795.9,73.5
24054,135.1,7.40,29.62,0.2192,4.56,3795.9,73.5
24060,151.5,6.60,29.61,0.1955,5.12,3795.9,73.5
24067,147.1,6.80,29.61,0.2014,4.97,3795.8,73.5
24074,144.9,6.90,29.61,0.2043,4.89,3795.8,73.5
24081,144.9,6.90,29.60,0.2043,4.89,3795.8,73.4
24088,144.9,6.90,29.60,0.2043,4.90,3795.8,73.4
24095,142.9,7.00,29.60,0.2072,4.83,3795.7,73.4
24102,144.9,6.90,29.60,0.2042,4.90,3795.7,73.4
24109,142.9,7.00,29.59,0.2071,4.83,3795.7,73.4
24118,102.0,9.80,29.59,0.2900,3.45,3795.6,73.4
24123,196.1,5.10,29.59,0.1509,6.63,3795.6,73.4
24130,163.9,6.10,29.58,0.1805,5.54,3795.6,73.4
24136,151.5,6.60,29.58,0.1952,5.12,3795.6,73.4
24143,137.0,7.30,29.58,0.2159,4.63,3795.5,73.4
24150,147.1,6.80,29.57,0.2011,4.97,3795.5,73.4
24157,142.9,7.00,29.57,0.2070,4.83,3795.5,73.4
24164,144.9,6.90,29.57,0.2040,4.90,3795.4,73.4
24173,116.3,8.60,29.56,0.2542,3.93,3795.4,73.4
24178,192.3,5.20,29.56,0.1537,6.51,3795.4,73.3
24185,144.9,6.90,29.56,0.2039,4.90,3795.4,73.3
24192,142.9,7.00,29.55,0.2069,4.84,3795.3,73.3
24199,138.9,7.20,29.55,0.2128,4.70,3795.3,73.3
24206,151.5,6.60,29.55,0.1950,5.13,3795.3,73.3
24213,140.8,7.10,29.54,0.2098,4.77,3795.3,73.3
24220,144.9,6.90,29.54,0.2038,4.91,3795.2,73.3
24227,142.9,7.00,29.54,0.2068,4.84,3795.2,73.3
24234,138.9,7.20,29.53,0.2126,4.70,3795.2,73.3
24240,151.5,6.60,29.53,0.1949,5.13,3795.1,73.3
24247,142.9,7.00,29.53,0.2067,4.84,3795.1,73.3
24254,142.9,7.00,29.53,0.2067,4.84,3795.1,73.3
24261,147.1,6.80,29.52,0.2007,4.98,3795.1,73.3
24268,144.9,6.90,29.52,0.2037,4.91,3795.0,73.3
24275,142.9,7.00,29.52,0.2066,4.84,3795.0,73.3
24282,142.9,7.00,29.51,0.2066,4.84,3795.0,73.2
24289,138.9,7.20,29.51,0.2125,4.71,3794.9,73.2
24296,142.9,7.00,29.51,0.2065,4.84,3794.9,73.2
24303,149.3,6.70,29.50,0.1977,5.06,3794.9,73.2
24310,144.9,6.90,29.50,0.2035,4.91,3794.9,73.2
24317,149.3,6.70,29.50,0.1976,5.06,3794.8,73.2
24324,137.0,7.30,29.49,0.2153,4.65,3794.8,73.2
24331,147.1,6.80,29.49,0.2005,4.99,3794.8,73.2
24338,138.9,7.20,29.49,0.2123,4.71,3794.8,73.2
24345,142.9,7.00,29.48,0.2064,4.85,3794.7,73.2
24352,147.1,6.80,29.48,0.2005,4.99,3794.7,73.2
24359,147.1,6.80,29.48,0.2004,4.99,3794.7,73.2
24366,144.9,6.90,29.47,0.2034,4.92,3794.6,73.2
24373,142.9,7.00,29.47,0.2063,4.85,3794.6,73.2
24380,140.8,7.10,29.47,0.2092,4.78,3794.6,73.1
24386,147.1,6.80,29.46,0.2004,4.99,3794.6,73.1
24393,144.9,6.90,29.46,0.2033,4.92,3794.5,73.1
24400,149.3,6.70,29.46,0.1974,5.07,3794.5,73.1
24407,138.9,7.20,29.45,0.2121,4.72,3794.5,73.1
24414,147.1,6.80,29.45,0.2003,4.99,3794.4,73.1
24421,140.8,7.10,29.45,0.2091,4.78,3794.4,73.1
24428,149.3,6.70,29.45,0.1973,5.07,3794.4,73.1
24435,140.8,7.10,29.44,0.2090,4.78,3794.4,73.1
24442,135.1,7.40,29.44,0.2178,4.59,3794.3,73.1
24449,153.8,6.50,29.44,0.1913,5.22,3794.3,73.1
24456,147.1,6.80,29.43,0.2001,5.00,3794.3,73.1
24463,140.8,7.10,29.43,0.2089,4.78,3794.3,73.1
24470,144.9,6.90,29.43,0.2030,4.92,3794.2,73.1
24476,147.1,6.80,29.42,0.2001,5.00,3794.2,73.0
24484,138.9,7.20,29.42,0.2118,4.72,3794.2,73.0
24491,144.9,6.90,29.42,0.2030,4.93,3794.1,73.0
24497,147.1,6.80,29.41,0.2000,5.00,3794.1,73.0
24504,142.9,7.00,29.41,0.2059,4.86,3794.1,73.0
24511,144.9,6.90,29.41,0.2029,4.93,3794.1,73.0
24518,138.9,7.20,29.40,0.2117,4.72,3794.0,73.0
24525,149.3,6.70,29.40,0.1970,5.08,3794.0,73.0
24533,135.1,7.40,29.40,0.2176,4.60,3794.0,73.0
24539,153.8,6.50,29.40,0.1911,5.23,3794.1,73.0
24546,142.9,7.00,29.40,0.2058,4.86,3794.1,73.0
24553,144.9,6.90,29.40,0.2028,4.93,3794.1,73.0
24560,144.9,6.90,29.39,0.2028,4.93,3794.2,73.0
24567,142.9,7.00,29.39,0.2058,4.86,3794.2,73.0
24574,142.9,7.00,29.39,0.2057,4.86,3794.2,73.0
24581,144.9,6.90,29.39,0.2028,4.93,3794.3,73.0
24588,142.9,7.00,29.39,0.2057,4.86,3794.3,73.0
24595,147.1,6.80,29.39,0.1998,5.01,3794.3,73.0
24602,140.8,7.10,29.39,0.2086,4.79,3794.4,73.0
24608,147.1,6.80,29.39,0.1998,5.01,3794.4,73.0
24615,142.9,7.00,29.38,0.2057,4.86,3794.4,73.0
24622,142.9,7.00,29.38,0.2057,4.86,3794.5,73.0
24629,144.9,6.90,29.38,0.2027,4.93,3794.5,73.0
24636,142.9,7.00,29.38,0.2057,4.86,3794.5,73.0
24643,142.9,7.00,29.38,0.2057,4.86,3794.6,73.0
24650,142.9,7.00,29.38,0.2057,4.86,3794.6,73.0
24657,140.8,7.10,29.38,0.2086,4.79,3794.7,73.0
24664,147.1,6.80,29.38,0.1998,5.01,3794.7,73.0
24671,149.3,6.70,29.38,0.1968,5.08,3794.7,73.0
24678,142.9,7.00,29.37,0.2056,4.86,3794.8,73.0
24685,144.9,6.90,29.37,0.2027,4.93,3794.8,73.0
24692,144.9,6.90,29.37,0.2027,4.93,3794.8,73.0
24699,140.8,7.10,29.37,0.2085,4.79,3794.9,73.0
24706,142.9,7.00,29.37,0.2056,4.87,3794.9,73.0
24713,144.9,6.90,29.37,0.2026,4.93,3794.9,73.0
24720,147.1,6.80,29.37,0.1997,5.01,3795.0,73.0
24727,138.9,7.20,29.37,0.2114,4.73,3795.0,73.0
24733,149.3,6.70,29.36,0.1967,5.08,3795.0,73.0
24741,140.8,7.10,29.36,0.2085,4.80,3795.1,73.0
24748,140.8,7.10,29.36,0.2085,4.80,3795.1,73.0
24754,151.5,6.60,29.36,0.1938,5.16,3795.1,73.0
24761,144.9,6.90,29.36,0.2026,4.94,3795.2,73.0
24769,135.1,7.40,29.36,0.2173,4.60,3795.2,73.0
24777,122.0,8.20,29.36,0.2407,4.16,3795.3,73.0
24782,185.2,5.40,29.36,0.1585,6.31,3795.3,73.0
24789,147.1,6.80,29.36,0.1996,5.01,3795.3,73.0
24796,142.9,7.00,29.35,0.2055,4.87,3795.3,73.0
24803,142.9,7.00,29.35,0.2055,4.87,3795.4,73.0
24810,144.9,6.90,29.35,0.2025,4.94,3795.4,73.0
24817,142.9,7.00,29.35,0.2055,4.87,3795.5,73.0
24824,144.9,6.90,29.35,0.2025,4.94,3795.5,73.0
24831,140.8,7.10,29.35,0.2084,4.80,3795.5,73.0
24838,147.1,6.80,29.35,0.1996,5.01,3795.6,73.0
24845,144.9,6.90,29.35,0.2025,4.94,3795.6,73.0
24852,135.1,7.40,29.34,0.2171,4.60,3795.6,73.0
24859,147.1,6.80,29.34,0.1995,5.01,3795.7,73.0
24866,144.9,6.90,29.34,0.2025,4.94,3795.7,73.0
24885,52.6,19.00,29.34,0.5574,1.79,3795.8,73.0
24892,142.9,7.00,29.34,0.2054,4.87,3795.8,73.0
24899,144.9,6.90,29.34,0.2024,4.94,3795.9,73.0
24906,140.8,7.10,29.34,0.2083,4.80,3795.9,73.0
24913,142.9,7.00,29.33,0.2053,4.87,3795.9,73.0
24920,137.0,7.30,29.33,0.2141,4.67,3796.0,73.0
24927,144.9,6.90,29.33,0.2024,4.94,3796.0,73.0
24935,120.5,8.30,29.33,0.2434,4.11,3796.0,73.0
24941,188.7,5.30,29.33,0.1554,6.43,3796.1,73.0
24947,147.1,6.80,29.33,0.1994,5.02,3796.1,73.0
24954,142.9,7.00,29.33,0.2053,4.87,3796.1,73.0
24961,147.1,6.80,29.33,0.1994,5.02,3796.2,73.0
24968,138.9,7.20,29.32,0.2111,4.74,3796.2,73.0
24975,149.3,6.70,29.32,0.1965,5.09,3796.2,73.0
24982,140.8,7.10,29.32,0.2082,4.80,3796.3,73.0
24989,144.9,6.90,29.32,0.2023,4.94,3796.3,73.0
24996,144.9,6.90,29.32,0.2023,4.94,3796.4,73.0
25003,144.9,6.90,29.32,0.2023,4.94,3796.4,73.0
25010,138.9,7.20,29.32,0.2111,4.74,3796.4,73.0
25021,93.5,10.70,29.32,0.3137,3.19,3796.5,73.0
25025,217.4,4.60,29.32,0.1348,7.42,3796.5,73.0
25031,178.6,5.60,29.31,0.1642,6.09,3796.5,73.0
25038,149.3,6.70,29.31,0.1964,5.09,3796.6,73.0
25045,142.9,7.00,29.31,0.2052,4.88,3796.6,73.0
25052,144.9,6.90,29.31,0.2022,4.94,3796.6,73.0
25058,144.9,6.90,29.31,0.2022,4.94,3796.7,73.0
25065,142.9,7.00,29.31,0.2052,4.88,3796.7,73.0
25072,144.9,6.90,29.31,0.2022,4.94,3796.7,73.0
25079,142.9,7.00,29.31,0.2051,4.88,3796.8,73.0
25086,144.9,6.90,29.30,0.2022,4.94,3796.8,73.0
25093,147.1,6.80,29.30,0.1993,5.02,3796.8,73.0
25100,142.9,7.00,29.30,0.2051,4.88,3796.9,73.0
25107,142.9,7.00,29.30,0.2051,4.88,3796.9,73.0
25114,142.9,7.00,29.30,0.2051,4.88,3796.9,73.0
25121,144.9,6.90,29.30,0.2022,4.95,3797.0,73.0
25128,144.9,6.90,29.30,0.2022,4.95,3797.0,73.0
25135,142.9,7.00,29.30,0.2051,4.88,3797.0,73.0
25142,142.9,7.00,29.30,0.2051,4.88,3797.1,73.0
25149,144.9,6.90,29.29,0.2021,4.95,3797.1,73.0
25156,142.9,7.00,29.29,0.2051,4.88,3797.1,73.0
25163,142.9,7.00,29.29,0.2050,4.88,3797.2,73.0
25170,147.1,6.80,29.29,0.1992,5.02,3797.2,73.0
25177,142.9,7.00,29.29,0.2050,4.88,3797.3,73.0
25183,147.1,6.80,29.29,0.1992,5.02,3797.3,73.0
25190,142.9,7.00,29.29,0.2050,4.88,3797.3,73.0
25197,144.9,6.90,29.29,0.2021,4.95,3797.4,73.0
25204,138.9,7.20,29.28,0.2109,4.74,3797.4,73.0
25211,142.9,7.00,29.28,0.2050,4.88,3797.4,73.0
25222,98.0,10.20,29.28,0.2987,3.35,3797.5,73.0
25231,107.5,9.30,29.28,0.2723,3.67,3797.5,73.0
25237,163.9,6.10,29.28,0.1786,5.60,3797.6,73.0
25243,175.4,5.70,29.28,0.1669,5.99,3797.6,73.0
25252,112.4,8.90,29.28,0.2606,3.84,3797.6,73.0
25257,196.1,5.10,29.28,0.1493,6.70,3797.7,73.0
25263,163.9,6.10,29.27,0.1786,5.60,3797.7,73.0
25268,188.7,5.30,29.27,0.1552,6.45,3797.7,73.0
25276,135.1,7.40,29.27,0.2166,4.62,3797.8,73.0
25281,196.1,5.10,29.27,0.1493,6.70,3797.8,73.0
25288,142.9,7.00,29.27,0.2049,4.88,3797.8,73.0
25295,142.9,7.00,29.27,0.2049,4.88,3797.8,73.0
25301,147.1,6.80,29.27,0.1990,5.03,3797.9,73.0
25308,144.9,6.90,29.27,0.2019,4.95,3797.9,73.0
25315,142.9,7.00,29.27,0.2049,4.88,3797.9,73.0
25322,144.9,6.90,29.26,0.2019,4.95,3798.0,73.0
25330,137.0,7.30,29.26,0.2136,4.68,3798.0,73.0
25340,91.7,10.90,29.26,0.3190,3.13,3798.1,73.0
25350,109.9,9.10,29.26,0.2663,3.76,3798.1,73.0
25357,131.6,7.60,29.26,0.2224,4.50,3798.2,73.0
25365,126.6,7.90,29.26,0.2311,4.33,3798.2,73.0
25372,153.8,6.50,29.26,0.1902,5.26,3798.2,73.0
25378,151.5,6.60,29.26,0.1931,5.18,3798.3,73.0
25385,151.5,6.60,29.25,0.1931,5.18,3798.3,73.0
25392,144.9,6.90,29.25,0.2018,4.95,3798.3,73.0
25399,144.9,6.90,29.25,0.2018,4.95,3798.4,73.0
25406,142.9,7.00,29.25,0.2048,4.89,3798.4,73.0
25413,140.8,7.10,29.25,0.2077,4.81,3798.4,73.0
25419,147.1,6.80,29.25,0.1989,5.03,3798.5,73.0
25427,140.8,7.10,29.25,0.2077,4.81,3798.5,73.0
25433,147.1,6.80,29.25,0.1989,5.03,3798.5,73.0
25440,140.8,7.10,29.24,0.2076,4.81,3798.6,73.0
25447,147.1,6.80,29.24,0.1989,5.03,3798.6,73.0
25454,144.9,6.90,29.24,0.2018,4.96,3798.6,73.0
25461,142.9,7.00,29.24,0.2047,4.89,3798.7,73.0
25468,140.8,7.10,29.24,0.2076,4.82,3798.7,73.0
25475,144.9,6.90,29.24,0.2017,4.96,3798.7,73.0
25482,144.9,6.90,29.24,0.2017,4.96,3798.8,73.0
25489,144.9,6.90,29.24,0.2017,4.96,3798.8,73.0
25496,140.8,7.10,29.24,0.2076,4.82,3798.9,73.0
25503,144.9,6.90,29.23,0.2017,4.96,3798.9,73.0
25510,142.9,7.00,29.23,0.2046,4.89,3798.9,73.0
25517,147.1,6.80,29.23,0.1988,5.03,3799.0,73.0
25524,142.9,7.00,29.23,0.2046,4.89,3799.0,73.0
25531,144.9,6.90,29.24,0.2017,4.96,3799.0,73.0
25538,144.9,6.90,29.25,0.2018,4.95,3799.1,73.0
25544,144.9,6.90,29.26,0.2019,4.95,3799.1,73.0
25551,144.9,6.90,29.27,0.2019,4.95,3799.2,73.0
25558,142.9,7.00,29.28,0.2049,4.88,3799.2,73.0
25565,142.9,7.00,29.29,0.2050,4.88,3799.2,73.0
25572,142.9,7.00,29.30,0.2051,4.88,3799.3,73.0
25579,144.9,6.90,29.31,0.2022,4.94,3799.3,73.0
25586,142.9,7.00,29.32,0.2052,4.87,3799.4,73.0
25593,142.9,7.00,29.33,0.2053,4.87,3799.4,73.0
25600,147.1,6.80,29.34,0.1995,5.01,3799.4,73.0
25607,144.9,6.90,29.35,0.2025,4.94,3799.5,73.0
25614,142.9,7.00,29.36,0.2055,4.87,3799.5,73.0
25621,144.9,6.90,29.37,0.2027,4.93,3799.6,73.0
25628,144.9,6.90,29.38,0.2027,4.93,3799.6,73.0
25635,140.8,7.10,29.39,0.2087,4.79,3799.7,73.0
25642,144.9,6.90,29.40,0.2029,4.93,3799.7,73.0
25649,144.9,6.90,29.41,0.2030,4.93,3799.7,73.0
25656,142.9,7.00,29.42,0.2060,4.86,3799.8,73.0
25663,144.9,6.90,29.44,0.2031,4.92,3799.8,73.0
25669,144.9,6.90,29.44,0.2032,4.92,3799.9,73.0
25676,142.9,7.00,29.46,0.2062,4.85,3799.9,73.0
25683,142.9,7.00,29.47,0.2063,4.85,3799.9,73.0
25690,144.9,6.90,29.48,0.2034,4.92,3800.0,73.0
25697,144.9,6.90,29.49,0.2035,4.91,3800.0,73.0
25704,142.9,7.00,29.50,0.2065,4.84,3800.1,73.0
25711,140.8,7.10,29.51,0.2095,4.77,3800.1,73.0
25718,144.9,6.90,29.52,0.2037,4.91,3800.2,73.0
25725,149.3,6.70,29.53,0.1978,5.06,3800.2,73.0
25732,142.9,7.00,29.54,0.2068,4.84,3800.2,73.0
25739,144.9,6.90,29.55,0.2039,4.90,3800.3,73.0
25746,142.9,7.00,29.56,0.2069,4.83,3800.3,73.0
25753,142.9,7.00,29.57,0.2070,4.83,3800.4,73.0
25760,144.9,6.90,29.58,0.2041,4.90,3800.4,73.0
25767,142.9,7.00,29.59,0.2071,4.83,3800.4,73.0
25774,147.1,6.80,29.60,0.2013,4.97,3800.5,73.0
25781,142.9,7.00,29.61,0.2073,4.83,3800.5,73.0
25788,142.9,7.00,29.62,0.2074,4.82,3800.6,73.0
25794,147.1,6.80,29.63,0.2015,4.96,3800.6,73.0
25801,142.9,7.00,29.64,0.2075,4.82,3800.7,73.0
25808,144.9,6.90,29.65,0.2046,4.89,3800.7,73.0
25815,142.9,7.00,29.66,0.2076,4.82,3800.7,73.0
25822,142.9,7.00,29.67,0.2077,4.82,3800.8,73.0
25829,142.9,7.00,29.68,0.2078,4.81,3800.8,73.0
25836,147.1,6.80,29.69,0.2019,4.95,3800.9,73.0
25843,142.9,7.00,29.71,0.2079,4.81,3800.9,73.0
25850,147.1,6.80,29.72,0.2021,4.95,3800.9,73.0
25860,103.1,9.70,29.73,0.2884,3.47,3801.0,73.0
25866,169.5,5.90,29.74,0.1755,5.70,3801.0,73.0
25872,147.1,6.80,29.75,0.2023,4.94,3801.1,73.0
25879,142.9,7.00,29.76,0.2083,4.80,3801.1,73.0
25886,140.8,7.10,29.77,0.2114,4.73,3801.2,73.0
25893,149.3,6.70,29.78,0.1995,5.01,3801.2,73.0
25900,147.1,6.80,29.79,0.2026,4.94,3801.2,73.0
25907,140.8,7.10,29.80,0.2116,4.72,3801.3,73.0
25914,144.9,6.90,29.81,0.2057,4.86,3801.3,73.0
25921,147.1,6.80,29.82,0.2028,4.93,3801.4,73.0
25928,140.8,7.10,29.83,0.2118,4.72,3801.4,73.0
25935,142.9,7.00,29.84,0.2089,4.79,3801.5,73.0
25942,149.3,6.70,29.85,0.2000,5.00,3801.5,73.0
25949,138.9,7.20,29.86,0.2150,4.65,3801.5,73.0
25956,149.3,6.70,29.88,0.2002,5.00,3801.6,73.0
25962,144.9,6.90,29.88,0.2062,4.85,3801.6,73.0
25969,142.9,7.00,29.89,0.2093,4.78,3801.7,73.0
25977,133.3,7.50,29.91,0.2243,4.46,3801.7,73.0
25984,149.3,6.70,29.92,0.2004,4.99,3801.7,73.0
25990,151.5,6.60,29.93,0.1975,5.06,3801.8,73.0
25998,135.1,7.40,29.94,0.2215,4.51,3801.8,73.0
26004,149.3,6.70,29.95,0.2006,4.99,3801.9,73.0
26011,144.9,6.90,29.96,0.2067,4.84,3801.9,73.0
26018,142.9,7.00,29.97,0.2098,4.77,3802.0,73.0
26025,142.9,7.00,29.98,0.2098,4.77,3802.0,73.0
26032,144.9,6.90,29.99,0.2069,4.83,3802.0,73.0
26039,144.9,6.90,30.00,0.2070,4.83,3802.1,73.0
26046,144.9,6.90,30.01,0.2071,4.83,3802.1,73.0
26053,140.8,7.10,30.02,0.2131,4.69,3802.2,73.0
26060,144.9,6.90,30.03,0.2072,4.83,3802.2,73.0
26067,144.9,6.90,30.04,0.2073,4.82,3802.2,73.0
26074,140.8,7.10,30.05,0.2134,4.69,3802.3,73.0
26081,147.1,6.80,30.06,0.2044,4.89,3802.3,73.0
26088,137.0,7.30,30.07,0.2195,4.56,3802.4,73.0
26095,140.8,7.10,30.08,0.2136,4.68,3802.4,73.0
26102,153.8,6.50,30.09,0.1956,5.11,3802.5,73.0
26108,147.1,6.80,30.10,0.2047,4.89,3802.5,73.0
26115,144.9,6.90,30.11,0.2078,4.81,3802.5,73.0
26122,142.9,7.00,30.12,0.2109,4.74,3802.6,73.0
26129,142.9,7.00,30.13,0.2109,4.74,3802.6,73.0
26136,144.9,6.90,30.14,0.2080,4.81,3802.7,73.0
26143,144.9,6.90,30.16,0.2081,4.81,3802.7,73.0
26150,142.9,7.00,30.17,0.2112,4.74,3802.7,73.0
26157,142.9,7.00,30.18,0.2112,4.74,3802.8,73.0
26164,147.1,6.80,30.19,0.2053,4.87,3802.8,73.0
26171,140.8,7.10,30.20,0.2144,4.66,3802.9,73.0
26178,144.9,6.90,30.21,0.2084,4.80,3802.9,73.0
26185,147.1,6.80,30.22,0.2055,4.87,3803.0,73.0
26192,137.0,7.30,30.23,0.2207,4.53,3803.0,73.0
26199,149.3,6.70,30.24,0.2026,4.94,3803.0,73.0
26206,144.9,6.90,30.25,0.2087,4.79,3803.1,73.0
26213,135.1,7.40,30.26,0.2239,4.46,3803.1,73.0
26220,151.5,6.60,30.27,0.1998,5.00,3803.2,73.0
26227,142.9,7.00,30.28,0.2120,4.72,3803.2,73.0
26233,147.1,6.80,30.29,0.2060,4.86,3803.2,73.0
26241,138.9,7.20,30.30,0.2182,4.58,3803.3,73.0
26247,149.3,6.70,30.31,0.2031,4.93,3803.3,73.0
26254,140.8,7.10,30.32,0.2153,4.64,3803.4,73.0
26261,147.1,6.80,30.33,0.2063,4.85,3803.4,73.0
26268,144.9,6.90,30.34,0.2094,4.78,3803.5,73.0
26275,142.9,7.00,30.35,0.2125,4.71,3803.5,73.0
26282,138.9,7.20,30.36,0.2186,4.57,3803.5,73.0
26289,147.1,6.80,30.37,0.2065,4.84,3803.6,73.0
26296,140.8,7.10,30.38,0.2157,4.63,3803.6,73.0
26303,151.5,6.60,30.40,0.2006,4.98,3803.7,73.0
26310,140.8,7.10,30.41,0.2159,4.63,3803.7,73.0
26317,144.9,6.90,30.42,0.2099,4.76,3803.7,73.0
26324,147.1,6.80,30.43,0.2069,4.83,3803.8,73.0
26331,137.0,7.30,30.44,0.2222,4.50,3803.8,73.0
26337,156.3,6.40,30.45,0.1949,5.13,3803.9,73.0
26345,137.0,7.30,30.46,0.2223,4.50,3803.9,73.0
26352,147.1,6.80,30.47,0.2072,4.83,3804.0,73.0
26358,147.1,6.80,30.48,0.2073,4.83,3804.0,73.0
26365,140.8,7.10,30.49,0.2165,4.62,3804.0,73.0
26372,142.9,7.00,30.50,0.2135,4.69,3804.1,73.0
26379,147.1,6.80,30.51,0.2075,4.82,3804.1,73.0
26386,138.9,7.20,30.52,0.2197,4.55,3804.2,73.0
26393,144.9,6.90,30.53,0.2107,4.75,3804.2,73.0
26400,142.9,7.00,30.54,0.2138,4.68,3804.2,73.0
26407,149.3,6.70,30.55,0.2047,4.89,3804.3,73.0
26414,144.9,6.90,30.56,0.2109,4.74,3804.3,73.0
26421,142.9,7.00,30.57,0.2140,4.67,3804.4,73.0
26428,142.9,7.00,30.58,0.2141,4.67,3804.4,73.0
26435,144.9,6.90,30.59,0.2111,4.74,3804.5,73.0
26442,142.9,7.00,30.60,0.2142,4.67,3804.5,73.0
26449,140.8,7.10,30.61,0.2174,4.60,3804.5,73.0
26456,133.3,7.50,30.63,0.2297,4.35,3804.6,73.0
26463,161.3,6.20,30.64,0.1899,5.27,3804.6,73.0
26470,142.9,7.00,30.65,0.2145,4.66,3804.7,73.0
26477,144.9,6.90,30.66,0.2115,4.73,3804.7,73.0
26484,140.8,7.10,30.67,0.2177,4.59,3804.7,73.0
26491,144.9,6.90,30.68,0.2117,4.72,3804.8,73.0
26498,140.8,7.10,30.69,0.2179,4.59,3804.8,73.0
26504,151.5,6.60,30.70,0.2026,4.94,3804.9,73.0
26511,142.9,7.00,30.71,0.2150,4.65,3804.9,73.0
26518,144.9,6.90,30.72,0.2120,4.72,3805.0,73.0
26525,144.9,6.90,30.73,0.2120,4.72,3805.0,73.0
26532,138.9,7.20,30.73,0.2213,4.52,3805.0,73.0
26540,126.6,7.90,30.73,0.2428,4.12,3804.9,73.0
26546,175.4,5.70,30.74,0.1752,5.71,3804.9,73.0
26553,142.9,7.00,30.74,0.2152,4.65,3804.8,73.0
26560,140.8,7.10,30.74,0.2183,4.58,3804.8,73.0
26567,140.8,7.10,30.74,0.2183,4.58,3804.8,73.0
26574,144.9,6.90,30.75,0.2121,4.71,3804.7,73.0
26582,126.6,7.90,30.75,0.2429,4.12,3804.7,73.0
26588,172.4,5.80,30.75,0.1783,5.61,3804.6,73.0
26595,144.9,6.90,30.75,0.2122,4.71,3804.6,73.0
26602,142.9,7.00,30.75,0.2153,4.65,3804.5,73.0
26609,140.8,7.10,30.76,0.2184,4.58,3804.5,73.0
26615,147.1,6.80,30.76,0.2092,4.78,3804.5,73.0
26623,138.9,7.20,30.76,0.2215,4.52,3804.4,73.0
26629,149.3,6.70,30.76,0.2061,4.85,3804.4,73.0
26636,142.9,7.00,30.77,0.2154,4.64,3804.3,73.0
26643,142.9,7.00,30.77,0.2154,4.64,3804.3,73.0
26650,147.1,6.80,30.77,0.2092,4.78,3804.3,73.0
26657,144.9,6.90,30.77,0.2123,4.71,3804.2,73.0
26664,137.0,7.30,30.77,0.2247,4.45,3804.2,73.0
26671,142.9,7.00,30.78,0.2154,4.64,3804.1,73.0
26678,151.5,6.60,30.78,0.2031,4.92,3804.1,73.0
26685,142.9,7.00,30.78,0.2155,4.64,3804.0,73.0
26692,147.1,6.80,30.78,0.2093,4.78,3804.0,73.0
26699,133.3,7.50,30.79,0.2309,4.33,3804.0,73.0
26706,144.9,6.90,30.79,0.2124,4.71,3803.9,73.0
26713,149.3,6.70,30.79,0.2063,4.85,3803.9,73.0
26720,144.9,6.90,30.79,0.2125,4.71,3803.8,73.0
26727,147.1,6.80,30.79,0.2094,4.78,3803.8,73.0
26734,142.9,7.00,30.80,0.2156,4.64,3803.8,73.0
26741,135.1,7.40,30.80,0.2279,4.39,3803.7,73.0
26748,138.9,7.20,30.80,0.2218,4.51,3803.7,73.0
26754,163.9,6.10,30.80,0.1879,5.32,3803.6,73.0
26761,138.9,7.20,30.81,0.2218,4.51,3803.6,73.0
26768,144.9,6.90,30.81,0.2126,4.70,3803.5,73.0
26775,149.3,6.70,30.81,0.2064,4.85,3803.5,73.0
26782,140.8,7.10,30.81,0.2188,4.57,3803.5,73.0
26790,129.9,7.70,30.81,0.2373,4.22,3803.4,73.0
26796,166.7,6.00,30.82,0.1849,5.41,3803.4,73.0
26803,142.9,7.00,30.82,0.2157,4.64,3803.3,73.0
26810,138.9,7.20,30.82,0.2219,4.51,3803.3,73.0
26817,144.9,6.90,30.82,0.2127,4.70,3803.3,73.0
26825,129.9,7.70,30.83,0.2374,4.21,3803.2,73.0
26832,144.9,6.90,30.83,0.2127,4.70,3803.2,73.0
26838,166.7,6.00,30.83,0.1850,5.41,3803.1,73.0
26844,144.9,6.90,30.83,0.2127,4.70,3803.1,73.0
26852,140.8,7.10,30.83,0.2189,4.57,3803.0,73.0
26859,135.1,7.40,30.84,0.2282,4.38,3803.0,73.0
26866,149.3,6.70,30.84,0.2066,4.84,3803.0,73.0
26873,138.9,7.20,30.84,0.2221,4.50,3802.9,73.0
26879,151.5,6.60,30.84,0.2036,4.91,3802.9,73.0
26886,147.1,6.80,30.85,0.2097,4.77,3802.8,73.0
26893,140.8,7.10,30.85,0.2190,4.56,3802.8,73.0
26900,140.8,7.10,30.85,0.2190,4.56,3802.8,73.0
26908,138.9,7.20,30.85,0.2221,4.50,3802.7,73.0
26914,149.3,6.70,30.85,0.2067,4.84,3802.7,73.0
26921,149.3,6.70,30.86,0.2067,4.84,3802.6,73.0
26928,142.9,7.00,30.86,0.2160,4.63,3802.6,73.0
26935,142.9,7.00,30.86,0.2160,4.63,3802.5,73.0
26943,133.3,7.50,30.86,0.2315,4.32,3802.5,73.0
26949,161.3,6.20,30.87,0.1914,5.23,3802.5,73.0
26957,122.0,8.20,30.87,0.2531,3.95,3802.4,73.0
26963,178.6,5.60,30.87,0.1729,5.79,3802.4,73.0
26970,142.9,7.00,30.87,0.2161,4.63,3802.3,73.0
26977,137.0,7.30,30.87,0.2254,4.44,3802.3,73.0
26984,149.3,6.70,30.88,0.2069,4.84,3802.3,73.0
26990,147.1,6.80,30.88,0.2100,4.76,3802.2,73.0
26998,135.1,7.40,30.88,0.2285,4.37,3802.2,73.0
27004,151.5,6.60,30.88,0.2038,4.91,3802.1,73.0
27011,144.9,6.90,30.89,0.2131,4.69,3802.1,73.0
27018,142.9,7.00,30.89,0.2162,4.63,3802.0,73.0
27025,138.9,7.20,30.89,0.2224,4.50,3802.0,73.0
27032,144.9,6.90,30.89,0.2132,4.69,3802.0,73.0
27040,133.3,7.50,30.89,0.2317,4.31,3801.9,73.0
27046,158.7,6.30,30.90,0.1946,5.14,3801.9,73.0
27053,147.1,6.80,30.90,0.2101,4.76,3801.8,73.0
27060,133.3,7.50,30.90,0.2318,4.31,3801.8,73.0
27067,156.2,6.40,30.90,0.1978,5.05,3801.8,73.0
27074,144.9,6.90,30.91,0.2132,4.69,3801.7,73.0
27081,135.1,7.40,30.91,0.2287,4.37,3801.7,73.0
27088,153.8,6.50,30.91,0.2009,4.98,3801.6,73.0
27095,142.9,7.00,30.91,0.2164,4.62,3801.6,73.0
27101,147.1,6.80,30.91,0.2102,4.76,3801.5,73.0
27108,142.9,7.00,30.92,0.2164,4.62,3801.5,73.0
27115,144.9,6.90,30.92,0.2133,4.69,3801.5,73.0
27123,131.6,7.60,30.92,0.2350,4.26,3801.4,73.0
27129,156.2,6.40,30.92,0.1979,5.05,3801.4,73.0
27136,144.9,6.90,30.93,0.2134,4.69,3801.3,73.0
27143,142.9,7.00,30.93,0.2165,4.62,3801.3,73.0
27150,144.9,6.90,30.93,0.2134,4.68,3801.3,73.0
27157,144.9,6.90,30.93,0.2134,4.68,3801.2,73.0
27164,140.8,7.10,30.93,0.2196,4.55,3801.2,73.0
27171,144.9,6.90,30.94,0.2135,4.68,3801.1,73.0
27178,140.8,7.10,30.94,0.2197,4.55,3801.1,73.0
27185,149.3,6.70,30.94,0.2073,4.83,3801.0,73.0
27192,142.9,7.00,30.94,0.2166,4.62,3801.0,73.0
27199,147.1,6.80,30.95,0.2104,4.75,3801.0,73.0
27206,144.9,6.90,30.95,0.2135,4.68,3800.9,73.0
27213,142.9,7.00,30.95,0.2166,4.62,3800.9,73.0
27219,144.9,6.90,30.95,0.2136,4.68,3800.8,73.0
27226,142.9,7.00,30.95,0.2167,4.62,3800.8,73.0
27233,142.9,7.00,30.96,0.2167,4.62,3800.8,73.0
27240,142.9,7.00,30.96,0.2167,4.62,3800.7,73.0
27247,142.9,7.00,30.96,0.2167,4.62,3800.7,73.0
27254,144.9,6.90,30.96,0.2136,4.68,3800.6,73.0
27261,142.9,7.00,30.97,0.2168,4.61,3800.6,73.0
27268,144.9,6.90,30.97,0.2137,4.68,3800.5,73.0
27275,142.9,7.00,30.97,0.2168,4.61,3800.5,73.0
27282,144.9,6.90,30.97,0.2137,4.68,3800.5,73.0
27289,144.9,6.90,30.97,0.2137,4.68,3800.4,73.0
27296,138.9,7.20,30.98,0.2230,4.48,3800.4,73.0
27303,147.1,6.80,30.98,0.2107,4.75,3800.3,73.0
27310,140.8,7.10,30.98,0.2200,4.54,3800.3,73.0
27317,144.9,6.90,30.98,0.2138,4.68,3800.3,73.0
27324,144.9,6.90,30.99,0.2138,4.68,3800.2,73.0
27331,144.9,6.90,30.99,0.2138,4.68,3800.2,73.0
27338,149.3,6.70,30.99,0.2076,4.82,3800.1,73.0
27345,131.6,7.60,30.99,0.2355,4.25,3800.1,73.0
27353,123.5,8.10,30.99,0.2511,3.98,3800.0,73.0
27359,181.8,5.50,31.00,0.1705,5.87,3800.0,73.0
27366,147.1,6.80,31.00,0.2108,4.75,3800.0,73.0
27374,119.0,8.40,31.00,0.2604,3.84,3799.9,73.0
27379,188.7,5.30,31.00,0.1643,6.09,3799.9,73.0
27386,140.8,7.10,31.01,0.2201,4.54,3799.8,73.0
27393,142.9,7.00,31.01,0.2171,4.61,3799.8,73.0
27400,144.9,6.90,31.01,0.2140,4.67,3799.8,73.0
27407,144.9,6.90,31.01,0.2140,4.67,3799.7,73.0
27414,140.8,7.10,31.01,0.2202,4.54,3799.7,73.0
27422,131.6,7.60,31.02,0.2357,4.24,3799.6,73.0
27428,163.9,6.10,31.02,0.1892,5.28,3799.6,73.0
27435,147.1,6.80,31.02,0.2109,4.74,3799.5,73.0
27442,142.9,7.00,31.02,0.2172,4.61,3799.5,73.0
27449,147.1,6.80,31.03,0.2110,4.74,3799.5,73.0
27456,142.9,7.00,31.03,0.2172,4.61,3799.4,73.0
27462,144.9,6.90,31.03,0.2141,4.67,3799.4,73.0
27470,140.8,7.10,31.03,0.2203,4.54,3799.3,73.0
27476,144.9,6.90,31.03,0.2141,4.67,3799.3,73.0
27483,142.9,7.00,31.04,0.2173,4.60,3799.3,73.0
27490,147.1,6.80,31.04,0.2111,4.74,3799.2,73.0
27497,142.9,7.00,31.04,0.2173,4.60,3799.2,73.0
27504,144.9,6.90,31.04,0.2142,4.67,3799.1,73.0
27511,140.8,7.10,31.05,0.2204,4.54,3799.1,73.0
27518,144.9,6.90,31.05,0.2142,4.67,3799.0,73.0
27525,144.9,6.90,31.05,0.2142,4.67,3799.0,73.0
27534,112.4,8.90,31.03,0.2761,3.62,3799.0,73.0
27539,192.3,5.20,31.01,0.1613,6.20,3799.0,73.0
27546,147.1,6.80,30.99,0.2107,4.75,3799.0,73.0
27553,144.9,6.90,30.97,0.2137,4.68,3799.0,73.0
27560,142.9,7.00,30.95,0.2166,4.62,3799.0,73.0
27567,144.9,6.90,30.93,0.2134,4.69,3799.0,73.0
27574,140.8,7.10,30.91,0.2194,4.56,3799.0,73.0
27581,149.3,6.70,30.89,0.2069,4.83,3799.1,73.0
27588,142.9,7.00,30.87,0.2161,4.63,3799.1,73.0
27594,144.9,6.90,30.85,0.2128,4.70,3799.1,73.0
27601,142.9,7.00,30.83,0.2158,4.64,3799.1,73.0
27608,142.9,7.00,30.81,0.2156,4.64,3799.1,73.0
27616,140.8,7.10,30.78,0.2186,4.57,3799.1,73.0
27622,144.9,6.90,30.76,0.2123,4.71,3799.1,73.0
27629,144.9,6.90,30.74,0.2121,4.71,3799.1,73.0
27636,147.1,6.80,30.72,0.2089,4.79,3799.1,73.0
27643,140.8,7.10,30.70,0.2180,4.59,3799.1,73.0
27650,140.8,7.10,30.68,0.2178,4.59,3799.1,73.0
27657,153.8,6.50,30.66,0.1993,5.02,3799.1,73.0
27664,142.9,7.00,30.64,0.2145,4.66,3799.1,73.0
27671,144.9,6.90,30.62,0.2113,4.73,3799.1,73.0
27678,140.8,7.10,30.60,0.2172,4.60,3799.2,73.0
27685,140.8,7.10,30.58,0.2171,4.60,3799.2,73.0
27692,144.9,6.90,30.56,0.2108,4.74,3799.2,73.0
27699,144.9,6.90,30.53,0.2107,4.75,3799.2,73.0
27706,142.9,7.00,30.51,0.2136,4.68,3799.2,73.0
27713,147.1,6.80,30.49,0.2074,4.82,3799.2,73.0
27720,138.9,7.20,30.47,0.2194,4.56,3799.2,73.0
27727,147.1,6.80,30.45,0.2071,4.83,3799.2,73.0
27733,144.9,6.90,30.43,0.2100,4.76,3799.2,73.0
27740,144.9,6.90,30.41,0.2098,4.76,3799.2,73.0
27747,144.9,6.90,30.39,0.2097,4.77,3799.2,73.0
27754,140.8,7.10,30.37,0.2156,4.64,3799.2,73.0
27761,142.9,7.00,30.35,0.2124,4.71,3799.2,73.0
27768,149.3,6.70,30.33,0.2032,4.92,3799.2,73.0
27775,140.8,7.10,30.31,0.2152,4.65,3799.2,73.0
27782,147.1,6.80,30.29,0.2060,4.86,3799.3,73.0
27789,142.9,7.00,30.27,0.2119,4.72,3799.3,73.0
27796,144.9,6.90,30.25,0.2087,4.79,3799.3,73.0
27803,140.8,7.10,30.22,0.2146,4.66,3799.3,73.0
27810,147.1,6.80,30.20,0.2054,4.87,3799.3,73.0
27817,137.0,7.30,30.18,0.2203,4.54,3799.3,73.0
27824,140.8,7.10,30.16,0.2141,4.67,3799.3,73.0
27831,149.3,6.70,30.14,0.2019,4.95,3799.3,73.0
27838,147.1,6.80,30.12,0.2048,4.88,3799.3,73.0
27845,142.9,7.00,30.10,0.2107,4.75,3799.3,73.0
27852,144.9,6.90,30.08,0.2075,4.82,3799.3,73.0
27859,142.9,7.00,30.06,0.2104,4.75,3799.3,73.0
27865,144.9,6.90,30.04,0.2073,4.82,3799.3,73.0
27873,140.8,7.10,30.02,0.2131,4.69,3799.3,73.0
27879,149.3,6.70,30.00,0.2010,4.98,3799.4,73.0
27886,140.8,7.10,29.98,0.2128,4.70,3799.4,73.0
27894,131.6,7.60,29.95,0.2276,4.39,3799.4,73.0
27902,129.9,7.70,29.93,0.2305,4.34,3799.4,73.0
27907,178.6,5.60,29.91,0.1675,5.97,3799.4,73.0
27915,137.0,7.30,29.89,0.2182,4.58,3799.4,73.0
27921,153.8,6.50,29.87,0.1942,5.15,3799.4,73.0
27928,147.1,6.80,29.85,0.2030,4.93,3799.4,73.0
27936,129.9,7.70,29.83,0.2297,4.35,3799.4,73.0
27942,158.7,6.30,29.81,0.1878,5.32,3799.4,73.0
27949,147.1,6.80,29.79,0.2026,4.94,3799.4,73.0
27956,144.9,6.90,29.77,0.2054,4.87,3799.4,73.0
27962,147.1,6.80,29.75,0.2023,4.94,3799.4,73.0
27969,142.9,7.00,29.73,0.2081,4.81,3799.4,73.0
27977,138.9,7.20,29.71,0.2139,4.68,3799.5,73.0
27983,147.1,6.80,29.69,0.2019,4.95,3799.5,73.0
27990,144.9,6.90,29.67,0.2047,4.88,3799.5,73.0
27997,147.1,6.80,29.65,0.2016,4.96,3799.5,73.0
28004,142.9,7.00,29.63,0.2074,4.82,3799.5,73.0
28011,142.9,7.00,29.60,0.2072,4.83,3799.5,73.0
28018,142.9,7.00,29.58,0.2071,4.83,3799.5,73.0
28025,142.9,7.00,29.56,0.2069,4.83,3799.5,73.0
28032,147.1,6.80,29.54,0.2009,4.98,3799.5,73.0
28039,140.8,7.10,29.52,0.2096,4.77,3799.5,73.0
28046,144.9,6.90,29.50,0.2036,4.91,3799.5,73.0
28053,147.1,6.80,29.48,0.2005,4.99,3799.5,73.0
28060,142.9,7.00,29.46,0.2062,4.85,3799.5,73.0
28067,140.8,7.10,29.44,0.2090,4.78,3799.5,73.0
28074,147.1,6.80,29.42,0.2000,5.00,3799.5,73.0
28081,142.9,7.00,29.40,0.2058,4.86,3799.6,73.0
28088,144.9,6.90,29.38,0.2027,4.93,3799.6,73.0
28095,142.9,7.00,29.35,0.2055,4.87,3799.6,73.0
28102,142.9,7.00,29.33,0.2053,4.87,3799.6,73.0
28108,144.9,6.90,29.32,0.2023,4.94,3799.6,73.0
28115,142.9,7.00,29.29,0.2051,4.88,3799.6,73.0
28122,147.1,6.80,29.27,0.1991,5.02,3799.6,73.0
28129,138.9,7.20,29.25,0.2106,4.75,3799.6,73.0
28137,135.1,7.40,29.23,0.2163,4.62,3799.6,73.0
28143,158.7,6.30,29.21,0.1840,5.43,3799.6,73.0
28150,147.1,6.80,29.19,0.1985,5.04,3799.6,73.0
28157,142.9,7.00,29.17,0.2042,4.90,3799.6,73.0
28164,140.8,7.10,29.15,0.2070,4.83,3799.6,73.0
28171,144.9,6.90,29.13,0.2010,4.97,3799.6,73.0
28178,147.1,6.80,29.11,0.1979,5.05,3799.7,73.0
28185,138.9,7.20,29.09,0.2094,4.78,3799.7,73.0
28192,151.5,6.60,29.07,0.1918,5.21,3799.7,73.0
28199,140.8,7.10,29.04,0.2062,4.85,3799.7,73.0
28206,144.9,6.90,29.02,0.2003,4.99,3799.7,73.0
28212,144.9,6.90,29.01,0.2001,5.00,3799.7,73.0
28219,144.9,6.90,28.98,0.2000,5.00,3799.7,73.0
28226,142.9,7.00,28.96,0.2027,4.93,3799.7,73.0
28233,140.8,7.10,28.94,0.2055,4.86,3799.7,73.0
28240,144.9,6.90,28.92,0.1996,5.01,3799.7,73.0
28247,144.9,6.90,28.90,0.1994,5.01,3799.7,73.0
28255,135.1,7.40,28.88,0.2137,4.68,3799.7,73.0
28261,153.8,6.50,28.86,0.1876,5.33,3799.7,73.0
28268,144.9,6.90,28.84,0.1990,5.02,3799.7,73.0
28275,144.9,6.90,28.82,0.1988,5.03,3799.7,73.0
28282,142.9,7.00,28.80,0.2016,4.96,3799.8,73.0
28289,142.9,7.00,28.78,0.2014,4.97,3799.8,73.0
28296,144.9,6.90,28.76,0.1984,5.04,3799.8,73.0
28303,142.9,7.00,28.73,0.2011,4.97,3799.8,73.0
28310,142.9,7.00,28.71,0.2010,4.98,3799.8,73.0
28317,144.9,6.90,28.69,0.1980,5.05,3799.8,73.0
28324,144.9,6.90,28.67,0.1978,5.05,3799.8,73.0
28331,144.9,6.90,28.65,0.1977,5.06,3799.8,73.0
28338,140.8,7.10,28.63,0.2033,4.92,3799.8,73.0
28345,144.9,6.90,28.61,0.1974,5.06,3799.8,73.0
28352,138.9,7.20,28.59,0.2058,4.86,3799.8,73.0
28359,144.9,6.90,28.57,0.1971,5.07,3799.8,73.0
28365,149.3,6.70,28.55,0.1913,5.23,3799.8,73.0
28373,128.2,7.80,28.53,0.2225,4.49,3799.8,73.0
28385,81.3,12.30,28.49,0.3504,2.85,3799.9,73.0
28395,101.0,9.90,28.46,0.2818,3.55,3799.9,73.0
28408,77.5,12.90,28.42,0.3666,2.73,3799.9,73.0
28422,71.4,14.00,28.38,0.3973,2.52,3799.9,73.0
28433,91.7,10.90,28.35,0.3090,3.23,3799.9,73.0
28439,172.4,5.80,28.33,0.1643,6.09,3799.9,73.0
28445,153.8,6.50,28.31,0.1840,5.43,3799.9,73.0
28450,217.4,4.60,28.30,0.1302,7.68,3799.9,73.0
28454,238.1,4.20,28.28,0.1188,8.42,3799.9,73.0
28461,144.9,6.90,28.26,0.1950,5.13,3799.9,73.0
28468,144.9,6.90,28.24,0.1949,5.13,3799.9,73.0
28475,144.9,6.90,28.22,0.1947,5.13,3799.9,73.0
28482,142.9,7.00,28.20,0.1974,5.07,3800.0,73.0
28489,144.9,6.90,28.18,0.1944,5.14,3800.0,73.0
28496,142.9,7.00,28.16,0.1971,5.07,3800.0,73.0
28503,144.9,6.90,28.14,0.1942,5.15,3800.0,73.0
28510,144.9,6.90,28.12,0.1940,5.15,3800.0,73.0
28517,140.8,7.10,28.10,0.1995,5.01,3800.0,73.0
28524,147.1,6.80,28.08,0.1909,5.24,3800.0,73.0
28531,142.9,7.00,28.08,0.1965,5.09,3800.0,73.0
28537,144.9,6.90,28.09,0.1938,5.16,3800.0,73.0
28544,144.9,6.90,28.10,0.1939,5.16,3800.0,73.0
28551,142.9,7.00,28.11,0.1968,5.08,3800.0,73.0
28558,144.9,6.90,28.12,0.1940,5.15,3800.0,73.0
28565,142.9,7.00,28.13,0.1969,5.08,3800.0,73.0
28572,144.9,6.90,28.14,0.1942,5.15,3800.0,73.0
28579,144.9,6.90,28.15,0.1943,5.15,3800.0,73.0
28586,137.0,7.30,28.17,0.2056,4.86,3800.0,73.0
28593,149.3,6.70,28.18,0.1888,5.30,3800.0,73.0
28600,142.9,7.00,28.19,0.1973,5.07,3800.0,73.0
28607,140.8,7.10,28.20,0.2002,4.99,3800.0,73.0
28614,149.3,6.70,28.21,0.1890,5.29,3800.0,73.0
28621,137.0,7.30,28.22,0.2060,4.85,3800.0,73.0
28628,149.3,6.70,28.23,0.1892,5.29,3800.0,73.0
28635,144.9,6.90,28.24,0.1949,5.13,3800.0,73.0
28642,142.9,7.00,28.26,0.1978,5.06,3800.0,73.0
28649,144.9,6.90,28.27,0.1950,5.13,3800.0,73.0
28656,144.9,6.90,28.28,0.1951,5.12,3800.0,73.0
28662,144.9,6.90,28.29,0.1952,5.12,3800.0,73.0
28669,142.9,7.00,28.30,0.1981,5.05,3800.0,73.0
28676,144.9,6.90,28.31,0.1953,5.12,3800.0,73.0
28684,138.9,7.20,28.32,0.2039,4.90,3800.0,73.0
28690,149.3,6.70,28.33,0.1898,5.27,3800.0,73.0
28697,144.9,6.90,28.34,0.1956,5.11,3800.0,73.0
28704,142.9,7.00,28.35,0.1985,5.04,3800.0,73.0
28711,138.9,7.20,28.37,0.2042,4.90,3800.0,73.0
28718,144.9,6.90,28.38,0.1958,5.11,3800.0,73.0
28725,147.1,6.80,28.39,0.1930,5.18,3800.0,73.0
28732,142.9,7.00,28.40,0.1988,5.03,3800.0,73.0
28739,142.9,7.00,28.41,0.1989,5.03,3800.0,73.0
28746,144.9,6.90,28.42,0.1961,5.10,3800.0,73.0
28753,147.1,6.80,28.43,0.1933,5.17,3800.0,73.0
28760,144.9,6.90,28.44,0.1963,5.09,3800.0,73.0
28767,144.9,6.90,28.46,0.1963,5.09,3800.0,73.0
28774,142.9,7.00,28.47,0.1993,5.02,3800.0,73.0
28781,142.9,7.00,28.48,0.1993,5.02,3800.0,73.0
28787,144.9,6.90,28.49,0.1966,5.09,3800.0,73.0
28794,144.9,6.90,28.50,0.1966,5.08,3800.0,73.0
28801,142.9,7.00,28.51,0.1996,5.01,3800.0,73.0
28808,144.9,6.90,28.52,0.1968,5.08,3800.0,73.0
28815,142.9,7.00,28.53,0.1997,5.01,3800.0,73.0
28822,144.9,6.90,28.54,0.1970,5.08,3800.0,73.0
28829,142.9,7.00,28.55,0.1999,5.00,3800.0,73.0
28836,144.9,6.90,28.57,0.1971,5.07,3800.0,73.0
28843,140.8,7.10,28.58,0.2029,4.93,3800.0,73.0
28850,144.9,6.90,28.59,0.1973,5.07,3800.0,73.0
28857,142.9,7.00,28.60,0.2002,5.00,3800.0,73.0
28864,144.9,6.90,28.61,0.1974,5.06,3800.0,73.0
28871,147.1,6.80,28.62,0.1946,5.14,3800.0,73.0
28878,142.9,7.00,28.63,0.2004,4.99,3800.0,73.0
28885,138.9,7.20,28.64,0.2062,4.85,3800.0,73.0
28892,144.9,6.90,28.66,0.1977,5.06,3800.0,73.0
28899,144.9,6.90,28.67,0.1978,5.05,3800.0,73.0
28905,149.3,6.70,28.68,0.1921,5.21,3800.0,73.0
28912,142.9,7.00,28.69,0.2008,4.98,3800.0,73.0
28919,144.9,6.90,28.70,0.1980,5.05,3800.0,73.0
28927,138.9,7.20,28.71,0.2067,4.84,3800.0,73.0
28933,147.1,6.80,28.72,0.1953,5.12,3800.0,73.0
28940,144.9,6.90,28.73,0.1983,5.04,3800.0,73.0
28947,140.8,7.10,28.74,0.2041,4.90,3800.0,73.0
28954,144.9,6.90,28.75,0.1984,5.04,3800.0,73.0
28961,144.9,6.90,28.77,0.1985,5.04,3800.0,73.0
28968,147.1,6.80,28.78,0.1957,5.11,3800.0,73.0
28975,140.8,7.10,28.79,0.2044,4.89,3800.0,73.0
28982,147.1,6.80,28.80,0.1958,5.11,3800.0,73.0
28989,140.8,7.10,28.81,0.2046,4.89,3800.0,73.0
28996,144.9,6.90,28.82,0.1989,5.03,3800.0,73.0
29003,147.1,6.80,28.83,0.1961,5.10,3800.0,73.0
29010,142.9,7.00,28.84,0.2019,4.95,3800.0,73.0
29017,142.9,7.00,28.86,0.2020,4.95,3800.0,73.0
29024,144.9,6.90,28.87,0.1992,5.02,3800.0,73.0
29031,140.8,7.10,28.88,0.2050,4.88,3800.0,73.0
29037,147.1,6.80,28.89,0.1964,5.09,3800.0,73.0
29045,140.8,7.10,28.90,0.2052,4.87,3800.0,73.0
29052,144.9,6.90,28.91,0.1995,5.01,3800.0,73.0
29058,149.3,6.70,28.92,0.1938,5.16,3800.0,73.0
29065,142.9,7.00,28.93,0.2025,4.94,3800.0,73.0
29072,142.9,7.00,28.94,0.2026,4.94,3800.0,73.0
29079,144.9,6.90,28.95,0.1998,5.00,3800.0,73.0
29086,144.9,6.90,28.97,0.1999,5.00,3800.0,73.0
29093,138.9,7.20,28.98,0.2086,4.79,3800.0,73.0
29100,149.3,6.70,28.99,0.1942,5.15,3800.0,73.0
29107,142.9,7.00,29.00,0.2030,4.93,3800.0,73.0
29114,147.1,6.80,29.01,0.1973,5.07,3800.0,73.0
29121,142.9,7.00,29.02,0.2032,4.92,3800.0,73.0
29128,138.9,7.20,29.03,0.2090,4.78,3800.0,73.0
29135,149.3,6.70,29.04,0.1946,5.14,3800.0,73.0
29142,144.9,6.90,29.06,0.2005,4.99,3800.0,73.0
29149,142.9,7.00,29.07,0.2035,4.92,3800.0,73.0
29156,142.9,7.00,29.08,0.2035,4.91,3800.0,73.0
29162,144.9,6.90,29.09,0.2007,4.98,3800.0,73.0
29169,142.9,7.00,29.10,0.2037,4.91,3800.0,73.0
29176,142.9,7.00,29.11,0.2038,4.91,3800.0,73.0
29183,147.1,6.80,29.12,0.1980,5.05,3800.0,73.0
29190,142.9,7.00,29.13,0.2039,4.91,3800.0,73.0
29197,142.9,7.00,29.14,0.2040,4.90,3800.0,73.0
29204,142.9,7.00,29.15,0.2041,4.90,3800.0,73.0
29211,144.9,6.90,29.17,0.2012,4.97,3800.0,73.0
29218,147.1,6.80,29.18,0.1984,5.04,3800.0,73.0
29225,142.9,7.00,29.19,0.2043,4.90,3800.0,73.0
29232,142.9,7.00,29.20,0.2044,4.89,3800.0,73.0
29239,142.9,7.00,29.21,0.2045,4.89,3800.0,73.0
29246,144.9,6.90,29.22,0.2016,4.96,3800.0,73.0
29253,144.9,6.90,29.23,0.2017,4.96,3800.0,73.0
29260,144.9,6.90,29.24,0.2018,4.95,3800.0,73.0
29267,142.9,7.00,29.26,0.2048,4.88,3800.0,73.0
29274,144.9,6.90,29.27,0.2019,4.95,3800.0,73.0
29281,142.9,7.00,29.28,0.2049,4.88,3800.0,73.0
29287,147.1,6.80,29.29,0.1992,5.02,3800.0,73.0
29294,142.9,7.00,29.30,0.2051,4.88,3800.0,73.0
29301,140.8,7.10,29.31,0.2081,4.80,3800.0,73.0
29308,147.1,6.80,29.32,0.1994,5.02,3800.0,73.0
29315,142.9,7.00,29.33,0.2053,4.87,3800.0,73.0
29322,144.9,6.90,29.34,0.2025,4.94,3800.0,73.0
29329,142.9,7.00,29.35,0.2055,4.87,3800.0,73.0
29336,142.9,7.00,29.37,0.2056,4.87,3800.0,73.0
29343,144.9,6.90,29.38,0.2027,4.93,3800.0,73.0
29350,142.9,7.00,29.39,0.2057,4.86,3800.0,73.0
29357,144.9,6.90,29.40,0.2029,4.93,3800.0,73.0
29364,142.9,7.00,29.41,0.2059,4.86,3800.0,73.0
29371,144.9,6.90,29.42,0.2030,4.92,3800.0,73.0
29378,144.9,6.90,29.43,0.2031,4.92,3800.0,73.0
29385,144.9,6.90,29.44,0.2032,4.92,3800.0,73.0
29392,140.8,7.10,29.46,0.2091,4.78,3800.0,73.0
29399,147.1,6.80,29.47,0.2004,4.99,3800.0,73.0
29406,142.9,7.00,29.48,0.2063,4.85,3800.0,73.0
29413,142.9,7.00,29.49,0.2064,4.85,3800.0,73.0
29419,147.1,6.80,29.50,0.2006,4.99,3800.0,73.0
29426,142.9,7.00,29.51,0.2066,4.84,3800.0,73.0
29433,144.9,6.90,29.52,0.2037,4.91,3800.0,73.0
29440,142.9,7.00,29.53,0.2067,4.84,3800.0,73.0
29447,144.9,6.90,29.54,0.2039,4.90,3800.0,73.0
29454,140.8,7.10,29.55,0.2098,4.76,3800.0,73.0
29461,144.9,6.90,29.57,0.2040,4.90,3800.0,73.0
29468,144.9,6.90,29.58,0.2041,4.90,3800.0,73.0
29475,144.9,6.90,29.59,0.2042,4.90,3800.0,73.0
29482,142.9,7.00,29.60,0.2072,4.83,3800.0,73.0
29489,144.9,6.90,29.61,0.2043,4.89,3800.0,73.0
29496,144.9,6.90,29.62,0.2044,4.89,3800.0,73.0
29503,142.9,7.00,29.63,0.2074,4.82,3800.0,73.0
29510,142.9,7.00,29.64,0.2075,4.82,3800.0,73.0
29517,144.9,6.90,29.66,0.2046,4.89,3800.0,73.0
29524,144.9,6.90,29.67,0.2047,4.88,3800.0,73.0
29531,142.9,7.00,29.66,0.2076,4.82,3800.0,73.0
29537,144.9,6.90,29.65,0.2046,4.89,3800.0,73.0
29544,144.9,6.90,29.64,0.2045,4.89,3800.0,73.0
29551,142.9,7.00,29.63,0.2074,4.82,3800.0,73.0
29558,144.9,6.90,29.62,0.2044,4.89,3800.0,73.0
29565,144.9,6.90,29.61,0.2043,4.89,3800.0,73.0
29572,140.8,7.10,29.59,0.2101,4.76,3800.0,73.0
29581,114.9,8.70,29.58,0.2573,3.88,3799.9,73.0
29586,192.3,5.20,29.57,0.1538,6.50,3799.9,73.0
29593,144.9,6.90,29.56,0.2040,4.90,3799.9,73.0
29600,142.9,7.00,29.55,0.2068,4.84,3799.9,73.0
29607,144.9,6.90,29.54,0.2038,4.91,3799.9,73.0
29614,144.9,6.90,29.53,0.2037,4.91,3799.9,73.0
29621,137.0,7.30,29.51,0.2155,4.64,3799.9,73.0
29628,149.3,6.70,29.50,0.1977,5.06,3799.9,73.0
29635,144.9,6.90,29.49,0.2035,4.91,3799.9,73.0
29642,144.9,6.90,29.48,0.2034,4.92,3799.9,73.0
29649,142.9,7.00,29.47,0.2063,4.85,3799.9,73.0
29655,147.1,6.80,29.46,0.2003,4.99,3799.9,73.0
29662,142.9,7.00,29.45,0.2061,4.85,3799.9,73.0
29669,144.9,6.90,29.44,0.2031,4.92,3799.9,73.0
29676,144.9,6.90,29.42,0.2030,4.92,3799.8,73.0
29683,142.9,7.00,29.41,0.2059,4.86,3799.8,73.0
29690,142.9,7.00,29.40,0.2058,4.86,3799.8,73.0
29697,144.9,6.90,29.39,0.2028,4.93,3799.8,73.0
29704,144.9,6.90,29.38,0.2027,4.93,3799.8,73.0
29711,144.9,6.90,29.37,0.2026,4.93,3799.8,73.0
29718,140.8,7.10,29.36,0.2084,4.80,3799.8,73.0
29725,144.9,6.90,29.34,0.2025,4.94,3799.8,73.0
29732,144.9,6.90,29.33,0.2024,4.94,3799.8,73.0
29739,142.9,7.00,29.32,0.2052,4.87,3799.8,73.0
29746,142.9,7.00,29.31,0.2052,4.88,3799.8,73.0
29753,144.9,6.90,29.30,0.2022,4.95,3799.8,73.0
29760,140.8,7.10,29.29,0.2079,4.81,3799.8,73.0
29767,147.1,6.80,29.27,0.1991,5.02,3799.8,73.0
29774,144.9,6.90,29.26,0.2019,4.95,3799.8,73.0
29780,144.9,6.90,29.25,0.2018,4.95,3799.7,73.0
29787,142.9,7.00,29.24,0.2047,4.89,3799.7,73.0
29794,144.9,6.90,29.23,0.2017,4.96,3799.7,73.0
29801,142.9,7.00,29.22,0.2045,4.89,3799.7,73.0
29808,144.9,6.90,29.21,0.2015,4.96,3799.7,73.0
29815,140.8,7.10,29.20,0.2073,4.82,3799.7,73.0
29824,113.6,8.80,29.18,0.2568,3.89,3799.7,73.0
29829,200.0,5.00,29.17,0.1459,6.86,3799.7,73.0
29836,144.9,6.90,29.16,0.2012,4.97,3799.7,73.0
29843,142.9,7.00,29.15,0.2041,4.90,3799.7,73.0
29850,144.9,6.90,29.14,0.2011,4.97,3799.7,73.0
29857,144.9,6.90,29.13,0.2010,4.97,3799.7,73.0
29864,142.9,7.00,29.12,0.2038,4.91,3799.7,73.0
29871,142.9,7.00,29.10,0.2037,4.91,3799.7,73.0
29878,147.1,6.80,29.09,0.1978,5.06,3799.6,73.0
29885,140.8,7.10,29.08,0.2065,4.84,3799.6,73.0
29892,144.9,6.90,29.07,0.2006,4.98,3799.6,73.0
29899,144.9,6.90,29.06,0.2005,4.99,3799.6,73.0
29906,142.9,7.00,29.05,0.2033,4.92,3799.6,73.0
29912,144.9,6.90,29.04,0.2004,4.99,3799.6,73.0
29919,144.9,6.90,29.03,0.2003,4.99,3799.6,73.0
29926,142.9,7.00,29.01,0.2031,4.93,3799.6,73.0
29933,144.9,6.90,29.00,0.2001,5.00,3799.6,73.0
29940,142.9,7.00,28.99,0.2029,4.93,3799.6,73.0
29948,137.0,7.30,28.98,0.2115,4.73,3799.6,73.0
29954,151.5,6.60,28.97,0.1912,5.23,3799.6,73.0
29961,144.9,6.90,28.96,0.1998,5.00,3799.6,73.0
29968,140.8,7.10,28.95,0.2055,4.86,3799.6,73.0
29975,144.9,6.90,28.93,0.1996,5.01,3799.6,73.0
29982,140.8,7.10,28.92,0.2053,4.87,3799.5,73.0
29993,94.3,10.60,28.90,0.3064,3.26,3799.5,73.0
29998,192.3,5.20,28.90,0.1503,6.65,3799.5,73.0
30003,208.3,4.80,28.89,0.1387,7.21,3799.5,73.0
30010,144.9,6.90,28.88,0.1992,5.02,3799.5,73.0
30017,142.9,7.00,28.86,0.2021,4.95,3799.5,73.0
30024,144.9,6.90,28.85,0.1991,5.02,3799.5,73.0
30030,147.1,6.80,28.84,0.1961,5.10,3799.5,73.0
30037,142.9,7.00,28.83,0.2018,4.96,3799.5,73.0
30044,142.9,7.00,28.82,0.2017,4.96,3799.5,73.0
30051,142.9,7.00,28.81,0.2017,4.96,3799.5,73.0
30058,144.9,6.90,28.80,0.1987,5.03,3799.5,73.0
30065,142.9,7.00,28.79,0.2015,4.96,3799.5,73.0
30072,147.1,6.80,28.77,0.1957,5.11,3799.5,73.0
30079,142.9,7.00,28.76,0.2013,4.97,3799.4,73.0
30086,142.9,7.00,28.75,0.2013,4.97,3799.4,73.0
30093,142.9,7.00,28.74,0.2012,4.97,3799.4,73.0
30100,147.1,6.80,28.73,0.1954,5.12,3799.4,73.0
30107,140.8,7.10,28.72,0.2039,4.90,3799.4,73.0
30114,144.9,6.90,28.71,0.1981,5.05,3799.4,73.0
30121,144.9,6.90,28.69,0.1980,5.05,3799.4,73.0
30128,144.9,6.90,28.68,0.1979,5.05,3799.4,73.0
30135,140.8,7.10,28.67,0.2036,4.91,3799.4,73.0
30142,147.1,6.80,28.66,0.1949,5.13,3799.4,73.0
30148,144.9,6.90,28.65,0.1977,5.06,3799.4,73.0
30156,140.8,7.10,28.64,0.2033,4.92,3799.4,73.0
30162,144.9,6.90,28.63,0.1975,5.06,3799.4,73.0
30169,144.9,6.90,28.62,0.1974,5.06,3799.4,73.0
30176,144.9,6.90,28.60,0.1974,5.07,3799.3,73.0
30183,144.9,6.90,28.59,0.1973,5.07,3799.3,73.0
30190,142.9,7.00,28.58,0.2001,5.00,3799.3,73.0
30197,142.9,7.00,28.57,0.2000,5.00,3799.3,73.0
30204,147.1,6.80,28.56,0.1942,5.15,3799.3,73.0
30211,142.9,7.00,28.55,0.1998,5.01,3799.3,73.0
30218,142.9,7.00,28.54,0.1997,5.01,3799.3,73.0
30225,144.9,6.90,28.52,0.1968,5.08,3799.3,73.0
30232,144.9,6.90,28.51,0.1967,5.08,3799.3,73.0
30239,142.9,7.00,28.50,0.1995,5.01,3799.3,73.0
30246,144.9,6.90,28.49,0.1966,5.09,3799.3,73.0
30253,140.8,7.10,28.48,0.2022,4.94,3799.3,73.0
30260,147.1,6.80,28.47,0.1936,5.17,3799.3,73.0
30267,142.9,7.00,28.45,0.1992,5.02,3799.3,73.0
30274,144.9,6.90,28.44,0.1963,5.09,3799.3,73.0
30280,144.9,6.90,28.43,0.1962,5.10,3799.2,73.0
30287,142.9,7.00,28.42,0.1990,5.03,3799.2,73.0
30294,142.9,7.00,28.41,0.1989,5.03,3799.2,73.0
30301,147.1,6.80,28.40,0.1931,5.18,3799.2,73.0
30308,147.1,6.80,28.39,0.1930,5.18,3799.2,73.0
30315,138.9,7.20,28.38,0.2043,4.89,3799.2,73.0
30322,147.1,6.80,28.36,0.1929,5.19,3799.2,73.0
30329,142.9,7.00,28.35,0.1985,5.04,3799.2,73.0
30336,147.1,6.80,28.34,0.1927,5.19,3799.2,73.0
30343,140.8,7.10,28.33,0.2011,4.97,3799.2,73.0
30350,147.1,6.80,28.32,0.1926,5.19,3799.2,73.0
30357,142.9,7.00,28.31,0.1982,5.05,3799.2,73.0
30364,142.9,7.00,28.30,0.1981,5.05,3799.2,73.0
30371,144.9,6.90,28.28,0.1952,5.12,3799.2,73.0
30378,142.9,7.00,28.27,0.1979,5.05,3799.1,73.0
30385,144.9,6.90,28.26,0.1950,5.13,3799.1,73.0
30392,142.9,7.00,28.25,0.1977,5.06,3799.1,73.0
30399,142.9,7.00,28.24,0.1977,5.06,3799.1,73.0
30406,144.9,6.90,28.23,0.1948,5.13,3799.1,73.0
30413,144.9,6.90,28.22,0.1947,5.14,3799.1,73.0
30419,147.1,6.80,28.21,0.1918,5.22,3799.1,73.0
30426,142.9,7.00,28.19,0.1974,5.07,3799.1,73.0
30433,147.1,6.80,28.18,0.1916,5.22,3799.1,73.0
30440,140.8,7.10,28.17,0.2000,5.00,3799.1,73.0
30447,144.9,6.90,28.16,0.1943,5.15,3799.1,73.0
30454,144.9,6.90,28.15,0.1942,5.15,3799.1,73.0
30461,142.9,7.00,28.14,0.1970,5.08,3799.1,73.0
30468,142.9,7.00,28.13,0.1969,5.08,3799.1,73.0
30475,147.1,6.80,28.11,0.1912,5.23,3799.1,73.0
30482,140.8,7.10,28.10,0.1995,5.01,3799.0,73.0
30489,144.9,6.90,28.09,0.1938,5.16,3799.0,73.0
30496,144.9,6.90,28.08,0.1937,5.16,3799.0,73.0
30503,142.9,7.00,28.07,0.1965,5.09,3799.0,73.0
30510,140.8,7.10,28.06,0.1992,5.02,3799.0,73.0
30517,147.1,6.80,28.04,0.1907,5.25,3799.0,73.0
30523,147.1,6.80,28.03,0.1906,5.25,3799.0,73.0
30530,142.9,7.00,28.04,0.1962,5.10,3799.0,73.0
30538,138.9,7.20,28.05,0.2019,4.95,3799.0,73.0
30544,147.1,6.80,28.05,0.1908,5.24,3799.0,73.0
30551,144.9,6.90,28.06,0.1936,5.16,3799.0,73.0
30558,144.9,6.90,28.07,0.1937,5.16,3799.0,73.0
30565,142.9,7.00,28.08,0.1966,5.09,3799.0,73.0
30572,144.9,6.90,28.09,0.1938,5.16,3799.0,73.0
30579,144.9,6.90,28.10,0.1939,5.16,3799.0,73.0
30586,140.8,7.10,28.11,0.1996,5.01,3799.0,73.0
30593,144.9,6.90,28.12,0.1940,5.15,3799.0,73.0
30601,129.9,7.70,28.13,0.2166,4.62,3799.0,73.0
30608,144.9,6.90,28.13,0.1941,5.15,3799.0,73.0
30614,161.3,6.20,28.14,0.1745,5.73,3799.0,73.0
30621,144.9,6.90,28.15,0.1942,5.15,3799.0,73.0
30628,142.9,7.00,28.16,0.1971,5.07,3799.0,73.0
30635,147.1,6.80,28.17,0.1915,5.22,3799.0,73.0
30642,142.9,7.00,28.18,0.1972,5.07,3799.0,73.0
30649,142.9,7.00,28.19,0.1973,5.07,3799.0,73.0
30656,142.9,7.00,28.20,0.1974,5.07,3799.0,73.0
30662,144.9,6.90,28.20,0.1946,5.14,3799.0,73.0
30669,144.9,6.90,28.21,0.1947,5.14,3799.0,73.0
30676,140.8,7.10,28.22,0.2004,4.99,3799.0,73.0
30683,149.3,6.70,28.23,0.1891,5.29,3799.0,73.0
30690,138.9,7.20,28.24,0.2033,4.92,3799.0,73.0
30697,144.9,6.90,28.25,0.1949,5.13,3799.0,73.0
30704,144.9,6.90,28.26,0.1950,5.13,3799.0,73.0
30711,144.9,6.90,28.26,0.1950,5.13,3799.0,73.0
30718,137.0,7.30,28.27,0.2064,4.85,3799.0,73.0
30725,153.8,6.50,28.28,0.1838,5.44,3799.0,73.0
30732,142.9,7.00,28.29,0.1980,5.05,3799.0,73.0
30739,137.0,7.30,28.30,0.2066,4.84,3799.0,73.0
30746,151.5,6.60,28.31,0.1868,5.35,3799.0,73.0
30753,140.8,7.10,28.32,0.2011,4.97,3799.0,73.0
30760,144.9,6.90,28.33,0.1955,5.12,3799.0,73.0
30767,144.9,6.90,28.34,0.1955,5.11,3799.0,73.0
30774,142.9,7.00,28.34,0.1984,5.04,3799.0,73.0
30780,147.1,6.80,28.35,0.1928,5.19,3799.0,73.0
30787,142.9,7.00,28.36,0.1985,5.04,3799.0,73.0
30794,144.9,6.90,28.37,0.1958,5.11,3799.0,73.0
30801,142.9,7.00,28.38,0.1987,5.04,3799.0,73.0
30808,142.9,7.00,28.39,0.1987,5.03,3799.0,73.0
30815,144.9,6.90,28.40,0.1959,5.10,3799.0,73.0
30822,144.9,6.90,28.41,0.1960,5.10,3799.0,73.0
30829,144.9,6.90,28.41,0.1961,5.10,3799.0,73.0
30836,142.9,7.00,28.42,0.1990,5.03,3799.0,73.0
30843,144.9,6.90,28.43,0.1962,5.10,3799.0,73.0
30850,144.9,6.90,28.44,0.1962,5.09,3799.0,73.0
30857,140.8,7.10,28.45,0.2020,4.95,3799.0,73.0
30864,144.9,6.90,28.46,0.1964,5.09,3799.0,73.0
30871,144.9,6.90,28.47,0.1964,5.09,3799.0,73.0
30878,144.9,6.90,28.48,0.1965,5.09,3799.0,73.0
30885,142.9,7.00,28.49,0.1994,5.02,3799.0,73.0
30892,140.8,7.10,28.49,0.2023,4.94,3799.0,73.0
30899,144.9,6.90,28.50,0.1967,5.08,3799.0,73.0
30907,116.3,8.60,28.51,0.2452,4.08,3799.0,73.0
30917,104.2,9.60,28.53,0.2739,3.65,3799.0,73.0
30924,149.3,6.70,28.54,0.1912,5.23,3799.0,73.0
30929,192.3,5.20,28.54,0.1484,6.74,3799.0,73.0
30934,208.3,4.80,28.55,0.1370,7.30,3799.0,73.0
30940,147.1,6.80,28.56,0.1942,5.15,3799.0,73.0
30947,147.1,6.80,28.56,0.1942,5.15,3799.0,73.0
30954,142.9,7.00,28.57,0.2000,5.00,3799.0,73.0
30961,144.9,6.90,28.58,0.1972,5.07,3799.0,73.0
30968,142.9,7.00,28.59,0.2001,5.00,3799.0,73.0
30975,142.9,7.00,28.60,0.2002,5.00,3799.0,73.0
30982,147.1,6.80,28.61,0.1945,5.14,3799.0,73.0
30989,140.8,7.10,28.62,0.2032,4.92,3799.0,73.0
30996,147.1,6.80,28.63,0.1947,5.14,3799.0,73.0
31003,142.9,7.00,28.64,0.2005,4.99,3799.0,73.0
31010,142.9,7.00,28.64,0.2005,4.99,3799.0,73.0
31017,144.9,6.90,28.65,0.1977,5.06,3799.0,73.0
31024,144.9,6.90,28.66,0.1978,5.06,3799.0,73.0
31031,142.9,7.00,28.67,0.2007,4.98,3799.0,73.0
31037,144.9,6.90,28.68,0.1979,5.05,3799.0,73.0
31044,142.9,7.00,28.69,0.2008,4.98,3799.0,73.0
31051,147.1,6.80,28.70,0.1951,5.13,3799.0,73.0
31058,142.9,7.00,28.71,0.2009,4.98,3799.0,73.0
31065,144.9,6.90,28.71,0.1981,5.05,3799.0,73.0
31072,144.9,6.90,28.72,0.1982,5.04,3799.0,73.0
31079,140.8,7.10,28.73,0.2040,4.90,3799.0,73.0
31086,140.8,7.10,28.74,0.2041,4.90,3799.0,73.0
31093,149.3,6.70,28.75,0.1926,5.19,3799.0,73.0
31100,144.9,6.90,28.76,0.1984,5.04,3799.0,73.0
31107,142.9,7.00,28.77,0.2014,4.97,3799.0,73.0
31114,142.9,7.00,28.78,0.2014,4.97,3799.0,73.0
31121,144.9,6.90,28.79,0.1986,5.03,3799.0,73.0
31128,142.9,7.00,28.79,0.2016,4.96,3799.0,73.0
31135,144.9,6.90,28.80,0.1987,5.03,3799.0,73.0
31146,88.5,11.30,28.82,0.3256,3.07,3799.0,73.0
31152,153.8,6.50,28.83,0.1874,5.34,3799.0,73.0
31159,144.9,6.90,28.83,0.1990,5.03,3799.0,73.0
31167,137.0,7.30,28.84,0.2106,4.75,3799.0,73.0
31172,192.3,5.20,28.85,0.1500,6.67,3799.0,73.0
31176,217.4,4.60,28.86,0.1327,7.53,3799.0,73.0
31183,142.9,7.00,28.86,0.2021,4.95,3799.0,73.0
31190,149.3,6.70,28.87,0.1935,5.17,3799.0,73.0
31197,142.9,7.00,28.88,0.2022,4.95,3799.0,73.0
31204,144.9,6.90,28.89,0.1993,5.02,3799.0,73.0
31211,142.9,7.00,28.90,0.2023,4.94,3799.0,73.0
31218,144.9,6.90,28.91,0.1995,5.01,3799.0,73.0
31225,142.9,7.00,28.92,0.2024,4.94,3799.0,73.0
31232,144.9,6.90,28.93,0.1996,5.01,3799.0,73.0
31239,142.9,7.00,28.94,0.2025,4.94,3799.0,73.0
31246,144.9,6.90,28.94,0.1997,5.01,3799.0,73.0
31253,144.9,6.90,28.95,0.1998,5.00,3799.0,73.0
31260,142.9,7.00,28.96,0.2027,4.93,3799.0,73.0
31267,147.1,6.80,28.97,0.1970,5.08,3799.0,73.0
31274,138.9,7.20,28.98,0.2087,4.79,3799.0,73.0
31281,147.1,6.80,28.99,0.1971,5.07,3799.0,73.0
31287,144.9,6.90,29.00,0.2001,5.00,3799.0,73.0
31294,142.9,7.00,29.01,0.2030,4.93,3799.0,73.0
31301,144.9,6.90,29.01,0.2002,4.99,3799.0,73.0
31308,142.9,7.00,29.02,0.2032,4.92,3799.0,73.0
31315,147.1,6.80,29.03,0.1974,5.07,3799.0,73.0
31322,142.9,7.00,29.04,0.2033,4.92,3799.0,73.0
31329,142.9,7.00,29.05,0.2033,4.92,3799.0,73.0
31336,140.8,7.10,29.06,0.2063,4.85,3799.0,73.0
31343,149.3,6.70,29.07,0.1948,5.14,3799.0,73.0
31350,140.8,7.10,29.08,0.2064,4.84,3799.0,73.0
31357,144.9,6.90,29.09,0.2007,4.98,3799.0,73.0
31364,144.9,6.90,29.09,0.2008,4.98,3799.0,73.0
31371,140.8,7.10,29.10,0.2066,4.84,3799.0,73.0
31380,111.1,9.00,29.11,0.2620,3.82,3799.0,73.0
31385,212.8,4.70,29.12,0.1369,7.31,3799.0,73.0
31392,128.2,7.80,29.13,0.2272,4.40,3799.0,73.0
31399,158.7,6.30,29.14,0.1836,5.45,3799.0,73.0
31406,147.1,6.80,29.15,0.1982,5.05,3799.0,73.0
31413,140.8,7.10,29.16,0.2070,4.83,3799.0,73.0
31419,149.3,6.70,29.16,0.1954,5.12,3799.0,73.0
31426,142.9,7.00,29.17,0.2042,4.90,3799.0,73.0
31433,142.9,7.00,29.18,0.2043,4.90,3799.0,73.0
31440,144.9,6.90,29.19,0.2014,4.96,3799.0,73.0
31447,142.9,7.00,29.20,0.2044,4.89,3799.0,73.0
31454,140.8,7.10,29.21,0.2074,4.82,3799.0,73.0
31461,140.8,7.10,29.22,0.2074,4.82,3799.0,73.0
31468,153.8,6.50,29.23,0.1900,5.26,3799.0,73.0
31475,144.9,6.90,29.24,0.2017,4.96,3799.0,73.0
31482,142.9,7.00,29.24,0.2047,4.89,3799.0,73.0
31489,144.9,6.90,29.25,0.2018,4.95,3799.0,73.0
31496,142.9,7.00,29.26,0.2048,4.88,3799.0,73.0
31503,137.0,7.30,29.27,0.2137,4.68,3799.0,73.0
31510,149.3,6.70,29.28,0.1962,5.10,3799.0,73.0
31517,142.9,7.00,29.29,0.2050,4.88,3799.0,73.0
31523,149.3,6.70,29.30,0.1963,5.10,3799.0,73.0
31530,142.9,7.00,29.30,0.2051,4.88,3799.0,73.0
31538,140.8,7.10,29.30,0.2080,4.81,3799.0,73.0
31545,140.8,7.10,29.30,0.2080,4.81,3799.0,73.0
31551,149.3,6.70,29.30,0.1963,5.10,3799.0,73.0
31558,144.9,6.90,29.30,0.2022,4.95,3799.0,73.0
31565,138.9,7.20,29.30,0.2110,4.74,3799.0,73.0
31572,149.3,6.70,29.30,0.1963,5.10,3799.0,73.0
31579,144.9,6.90,29.30,0.2022,4.95,3799.0,73.0
31586,137.0,7.30,29.30,0.2139,4.68,3799.0,73.0
31593,151.5,6.60,29.30,0.1934,5.17,3799.0,73.0
31600,144.9,6.90,29.30,0.2022,4.95,3799.0,73.0
31607,142.9,7.00,29.30,0.2051,4.88,3799.0,73.0
31614,142.9,7.00,29.30,0.2051,4.88,3799.0,73.0
31621,144.9,6.90,29.30,0.2022,4.95,3799.0,73.0
31628,142.9,7.00,29.30,0.2051,4.88,3799.0,73.0
31637,113.6,8.80,29.30,0.2578,3.88,3799.0,73.0
31642,192.3,5.20,29.30,0.1524,6.56,3799.0,73.0
31649,149.3,6.70,29.30,0.1963,5.10,3799.0,73.0
31655,147.1,6.80,29.30,0.1992,5.02,3799.0,73.0
31662,142.9,7.00,29.30,0.2051,4.88,3799.0,73.0
31670,135.1,7.40,29.30,0.2168,4.61,3799.0,73.0
31678,117.6,8.50,29.30,0.2491,4.01,3799.0,73.0
31683,196.1,5.10,29.30,0.1494,6.69,3799.0,73.0
31690,142.9,7.00,29.30,0.2051,4.88,3799.0,73.0
31697,147.1,6.80,29.30,0.1992,5.02,3799.0,73.0
31704,142.9,7.00,29.30,0.2051,4.88,3799.0,73.0
31711,140.8,7.10,29.30,0.2080,4.81,3799.0,73.0
31718,149.3,6.70,29.30,0.1963,5.10,3799.0,73.0
31725,142.9,7.00,29.30,0.2051,4.88,3799.0,73.0
31732,144.9,6.90,29.30,0.2022,4.95,3799.0,73.0
31739,140.8,7.10,29.30,0.2080,4.81,3799.0,73.0
31746,147.1,6.80,29.30,0.1992,5.02,3799.0,73.0
31753,140.8,7.10,29.30,0.2080,4.81,3799.0,73.0
31760,144.9,6.90,29.30,0.2022,4.95,3799.0,73.0
31767,147.1,6.80,29.30,0.1992,5.02,3799.0,73.0
31773,144.9,6.90,29.30,0.2022,4.95,3799.0,73.0
31781,140.8,7.10,29.30,0.2080,4.81,3799.0,73.0
31787,144.9,6.90,29.30,0.2022,4.95,3799.0,73.0
31794,142.9,7.00,29.30,0.2051,4.88,3799.0,73.0
31801,147.1,6.80,29.30,0.1992,5.02,3799.0,73.0
31808,140.8,7.10,29.30,0.2080,4.81,3799.0,73.0
31815,147.1,6.80,29.30,0.1992,5.02,3799.0,73.0
31822,140.8,7.10,29.30,0.2080,4.81,3799.0,73.0
31829,142.9,7.00,29.30,0.2051,4.88,3799.0,73.0
31836,144.9,6.90,29.30,0.2022,4.95,3799.0,73.0
31843,147.1,6.80,29.30,0.1992,5.02,3799.0,73.0
31850,142.9,7.00,29.30,0.2051,4.88,3799.0,73.0
31857,140.8,7.10,29.30,0.2080,4.81,3799.0,73.0
31864,147.1,6.80,29.30,0.1992,5.02,3799.0,73.0
31871,142.9,7.00,29.30,0.2051,4.88,3799.0,73.0
31878,142.9,7.00,29.30,0.2051,4.88,3799.0,73.0
31886,125.0,8.00,29.30,0.2344,4.27,3799.0,73.0
31892,172.4,5.80,29.30,0.1699,5.88,3799.0,73.0
31899,144.9,6.90,29.30,0.2022,4.95,3799.0,73.0
31905,144.9,6.90,29.30,0.2022,4.95,3799.0,73.0
31912,142.9,7.00,29.30,0.2051,4.88,3799.0,73.0
31920,133.3,7.50,29.30,0.2198,4.55,3799.0,73.0
31926,156.2,6.40,29.30,0.1875,5.33,3799.0,73.0
31933,142.9,7.00,29.30,0.2051,4.88,3799.0,73.0
31940,144.9,6.90,29.30,0.2022,4.95,3799.0,73.0
31947,144.9,6.90,29.30,0.2022,4.95,3799.0,73.0
31954,140.8,7.10,29.30,0.2080,4.81,3799.0,73.0
31961,140.8,7.10,29.30,0.2080,4.81,3799.0,73.0
31970,117.6,8.50,29.30,0.2491,4.01,3799.0,73.0
31975,196.1,5.10,29.30,0.1494,6.69,3799.0,73.0
31982,138.9,7.20,29.30,0.2110,4.74,3799.0,73.0
31989,149.3,6.70,29.30,0.1963,5.10,3799.0,73.0
31996,142.9,7.00,29.30,0.2051,4.88,3799.0,73.0
32004,126.6,7.90,29.30,0.2315,4.32,3799.0,73.0
32011,137.0,7.30,29.30,0.2139,4.68,3799.0,73.0
32017,181.8,5.50,29.30,0.1611,6.20,3799.0,73.0
32023,144.9,6.90,29.30,0.2022,4.95,3799.0,73.0
32031,140.8,7.10,29.30,0.2080,4.81,3799.0,73.0
32037,144.9,6.90,29.30,0.2022,4.95,3799.0,73.0
32044,142.9,7.00,29.30,0.2051,4.88,3799.0,73.0
32051,147.1,6.80,29.30,0.1992,5.02,3799.0,73.0
32058,142.9,7.00,29.30,0.2051,4.88,3799.0,73.0
32065,142.9,7.00,29.30,0.2051,4.88,3799.0,73.0
32072,147.1,6.80,29.30,0.1992,5.02,3799.0,73.0
32079,142.9,7.00,29.30,0.2051,4.88,3799.0,73.0
32086,142.9,7.00,29.30,0.2051,4.88,3799.0,73.0
32093,142.9,7.00,29.30,0.2051,4.88,3799.0,73.0
32100,140.8,7.10,29.30,0.2080,4.81,3799.0,73.0
32107,149.3,6.70,29.30,0.1963,5.10,3799.0,73.0
32114,144.9,6.90,29.30,0.2022,4.95,3799.0,73.0
32121,142.9,7.00,29.30,0.2051,4.88,3799.0,73.0
32128,142.9,7.00,29.30,0.2051,4.88,3799.0,73.0
32135,144.9,6.90,29.30,0.2022,4.95,3799.0,73.0
32142,142.9,7.00,29.30,0.2051,4.88,3799.0,73.0
32148,147.1,6.80,29.30,0.1992,5.02,3799.0,73.0
32155,142.9,7.00,29.30,0.2051,4.88,3799.0,73.0
32162,144.9,6.90,29.30,0.2022,4.95,3799.0,73.0
32169,144.9,6.90,29.30,0.2022,4.95,3799.0,73.0
32176,142.9,7.00,29.30,0.2051,4.88,3799.0,73.0
32183,144.9,6.90,29.30,0.2022,4.95,3799.0,73.0
32190,142.9,7.00,29.30,0.2051,4.88,3799.0,73.0
32197,142.9,7.00,29.30,0.2051,4.88,3799.0,73.0
32204,147.1,6.80,29.30,0.1992,5.02,3799.0,73.0
32211,142.9,7.00,29.30,0.2051,4.88,3799.0,73.0
32218,142.9,7.00,29.30,0.2051,4.88,3799.0,73.0
32225,144.9,6.90,29.30,0.2022,4.95,3799.0,73.0
32232,142.9,7.00,29.30,0.2051,4.88,3799.0,73.0
32239,142.9,7.00,29.30,0.2051,4.88,3799.0,73.0
32246,144.9,6.90,29.30,0.2022,4.95,3799.0,73.0
32253,140.8,7.10,29.30,0.2080,4.81,3799.0,73.0
32260,149.3,6.70,29.30,0.1963,5.10,3799.0,73.0
32267,142.9,7.00,29.30,0.2051,4.88,3799.0,73.0
32273,144.9,6.90,29.30,0.2022,4.95,3799.0,73.0
32280,142.9,7.00,29.30,0.2051,4.88,3799.0,73.0
32287,144.9,6.90,29.30,0.2022,4.95,3799.0,73.0
32294,142.9,7.00,29.30,0.2051,4.88,3799.0,73.0
32301,144.9,6.90,29.30,0.2022,4.95,3799.0,73.0
32308,144.9,6.90,29.30,0.2022,4.95,3799.0,73.0
32315,140.8,7.10,29.30,0.2080,4.81,3799.0,73.0
32322,144.9,6.90,29.30,0.2022,4.95,3799.0,73.0
32329,144.9,6.90,29.30,0.2022,4.95,3799.0,73.0
32336,144.9,6.90,29.30,0.2022,4.95,3799.0,73.0
32343,138.9,7.20,29.30,0.2110,4.74,3799.0,73.0
32350,147.1,6.80,29.30,0.1992,5.02,3799.0,73.0
32357,144.9,6.90,29.30,0.2022,4.95,3799.0,73.0
32364,142.9,7.00,29.30,0.2051,4.88,3799.0,73.0
32371,144.9,6.90,29.30,0.2022,4.95,3799.0,73.0
32378,144.9,6.90,29.30,0.2022,4.95,3799.0,73.0
32385,142.9,7.00,29.30,0.2051,4.88,3799.0,73.0
32392,144.9,6.90,29.30,0.2022,4.95,3799.0,73.0
32399,142.9,7.00,29.30,0.2051,4.88,3799.0,73.0
32405,144.9,6.90,29.30,0.2022,4.95,3799.0,73.0
32412,144.9,6.90,29.30,0.2022,4.95,3799.0,73.0
32419,142.9,7.00,29.30,0.2051,4.88,3799.0,73.0
32426,144.9,6.90,29.30,0.2022,4.95,3799.0,73.0
32433,140.8,7.10,29.30,0.2080,4.81,3799.0,73.0
32440,147.1,6.80,29.30,0.1992,5.02,3799.0,73.0
32447,144.9,6.90,29.30,0.2022,4.95,3799.0,73.0
32454,142.9,7.00,29.30,0.2051,4.88,3799.0,73.0
32461,142.9,7.00,29.30,0.2051,4.88,3799.0,73.0
32468,144.9,6.90,29.30,0.2022,4.95,3799.0,73.0
32475,142.9,7.00,29.30,0.2051,4.88,3799.0,73.0
32482,147.1,6.80,29.30,0.1992,5.02,3799.0,73.0
32489,142.9,7.00,29.30,0.2051,4.88,3799.0,73.0
32496,142.9,7.00,29.30,0.2051,4.88,3799.0,73.0
32503,144.9,6.90,29.30,0.2022,4.95,3799.0,73.0
32510,142.9,7.00,29.30,0.2051,4.88,3799.0,73.0
32517,144.9,6.90,29.30,0.2022,4.95,3799.0,73.0
32524,142.9,7.00,29.30,0.2051,4.88,3799.0,73.0
32530,147.1,6.80,29.28,0.1991,5.02,3799.0,73.0
32537,142.9,7.00,29.24,0.2047,4.89,3799.0,73.0
32544,142.9,7.00,29.20,0.2044,4.89,3799.0,73.0
32551,144.9,6.90,29.17,0.2013,4.97,3799.0,73.0
32558,142.9,7.00,29.13,0.2039,4.91,3799.0,73.0
32565,144.9,6.90,29.09,0.2007,4.98,3799.0,73.0
32572,140.8,7.10,29.06,0.2063,4.85,3799.0,73.0
32579,147.1,6.80,29.02,0.1973,5.07,3799.1,73.0
32586,144.9,6.90,28.98,0.2000,5.00,3799.1,73.0
32593,142.9,7.00,28.94,0.2026,4.94,3799.1,73.0
32600,142.9,7.00,28.91,0.2023,4.94,3799.1,73.0
32607,147.1,6.80,28.87,0.1963,5.10,3799.1,73.0
32614,142.9,7.00,28.83,0.2018,4.96,3799.1,73.0
32621,142.9,7.00,28.80,0.2016,4.96,3799.1,73.0
32628,144.9,6.90,28.76,0.1984,5.04,3799.1,73.0
32635,142.9,7.00,28.72,0.2010,4.98,3799.1,73.0
32642,144.9,6.90,28.68,0.1979,5.05,3799.1,73.0
32648,144.9,6.90,28.65,0.1977,5.06,3799.1,73.0
32655,142.9,7.00,28.62,0.2003,4.99,3799.1,73.0
32662,144.9,6.90,28.58,0.1972,5.07,3799.1,73.0
32669,142.9,7.00,28.54,0.1998,5.01,3799.1,73.0
32676,142.9,7.00,28.50,0.1995,5.01,3799.2,73.0
32683,144.9,6.90,28.47,0.1964,5.09,3799.2,73.0
32691,133.3,7.50,28.42,0.2132,4.69,3799.2,73.0
32697,156.2,6.40,28.39,0.1817,5.50,3799.2,73.0
32704,147.1,6.80,28.35,0.1928,5.19,3799.2,73.0
32711,140.8,7.10,28.32,0.2011,4.97,3799.2,73.0
32718,144.9,6.90,28.28,0.1951,5.12,3799.2,73.0
32725,144.9,6.90,28.24,0.1949,5.13,3799.2,73.0
32732,142.9,7.00,28.21,0.1974,5.07,3799.2,73.0
32739,144.9,6.90,28.17,0.1944,5.14,3799.2,73.0
32746,142.9,7.00,28.13,0.1969,5.08,3799.2,73.0
32753,144.9,6.90,28.09,0.1939,5.16,3799.2,73.0
32760,138.9,7.20,28.06,0.2020,4.95,3799.2,73.0
32766,151.5,6.60,28.03,0.1850,5.41,3799.2,73.0
32773,142.9,7.00,27.99,0.1959,5.11,3799.2,73.0
32781,138.9,7.20,27.95,0.2012,4.97,3799.3,73.0
32787,147.1,6.80,27.91,0.1898,5.27,3799.3,73.0
32794,144.9,6.90,27.88,0.1924,5.20,3799.3,73.0
32801,144.9,6.90,27.84,0.1921,5.20,3799.3,73.0
32808,142.9,7.00,27.80,0.1946,5.14,3799.3,73.0
32815,144.9,6.90,27.77,0.1916,5.22,3799.3,73.0
32822,144.9,6.90,27.73,0.1913,5.23,3799.3,73.0
32829,142.9,7.00,27.69,0.1938,5.16,3799.3,73.0
32836,142.9,7.00,27.65,0.1936,5.17,3799.3,73.0
32843,144.9,6.90,27.62,0.1906,5.25,3799.3,73.0
32850,142.9,7.00,27.58,0.1931,5.18,3799.3,73.0
32857,144.9,6.90,27.54,0.1900,5.26,3799.3,73.0
32864,144.9,6.90,27.51,0.1898,5.27,3799.3,73.0
32871,140.8,7.10,27.47,0.1950,5.13,3799.3,73.0
32878,147.1,6.80,27.43,0.1865,5.36,3799.4,73.0
32885,142.9,7.00,27.39,0.1918,5.22,3799.4,73.0
32892,144.9,6.90,27.36,0.1888,5.30,3799.4,73.0
32899,142.9,7.00,27.32,0.1912,5.23,3799.4,73.0
32905,144.9,6.90,27.29,0.1883,5.31,3799.4,73.0
32912,144.9,6.90,27.25,0.1880,5.32,3799.4,73.0
32919,144.9,6.90,27.21,0.1878,5.32,3799.4,73.0
32926,142.9,7.00,27.18,0.1902,5.26,3799.4,73.0
32933,142.9,7.00,27.14,0.1900,5.27,3799.4,73.0
32940,144.9,6.90,27.10,0.1870,5.35,3799.4,73.0
32947,144.9,6.90,27.06,0.1867,5.35,3799.4,73.0
32954,142.9,7.00,27.03,0.1892,5.29,3799.4,73.0
32961,142.9,7.00,26.99,0.1889,5.29,3799.4,73.0
32968,142.9,7.00,26.95,0.1887,5.30,3799.4,73.0
32975,144.9,6.90,26.92,0.1857,5.38,3799.4,73.0
32982,144.9,6.90,26.88,0.1855,5.39,3799.5,73.0
32989,142.9,7.00,26.84,0.1879,5.32,3799.5,73.0
32996,144.9,6.90,26.80,0.1849,5.41,3799.5,73.0
33003,144.9,6.90,26.77,0.1847,5.41,3799.5,73.0
33010,142.9,7.00,26.73,0.1871,5.35,3799.5,73.0
33016,147.1,6.80,26.70,0.1815,5.51,3799.5,73.0
33023,142.9,7.00,26.66,0.1866,5.36,3799.5,73.0
33030,142.9,7.00,26.62,0.1864,5.37,3799.5,73.0
33038,135.1,7.40,26.58,0.1967,5.08,3799.5,73.0
33044,153.8,6.50,26.55,0.1726,5.79,3799.5,73.0
33052,138.9,7.20,26.51,0.1908,5.24,3799.5,73.0
33058,151.5,6.60,26.48,0.1747,5.72,3799.5,73.0
33065,144.9,6.90,26.44,0.1824,5.48,3799.5,73.0
33072,140.8,7.10,26.40,0.1874,5.33,3799.5,73.0
33079,144.9,6.90,26.36,0.1819,5.50,3799.6,73.0
33086,144.9,6.90,26.33,0.1817,5.50,3799.6,73.0
33093,144.9,6.90,26.29,0.1814,5.51,3799.6,73.0
33100,144.9,6.90,26.25,0.1811,5.52,3799.6,73.0
33107,142.9,7.00,26.21,0.1835,5.45,3799.6,73.0
33114,142.9,7.00,26.18,0.1832,5.46,3799.6,73.0
33121,144.9,6.90,26.14,0.1804,5.54,3799.6,73.0
33128,142.9,7.00,26.10,0.1827,5.47,3799.6,73.0
33135,144.9,6.90,26.07,0.1799,5.56,3799.6,73.0
33142,140.8,7.10,26.03,0.1848,5.41,3799.6,73.0
33149,144.9,6.90,25.99,0.1793,5.57,3799.6,73.0
33156,142.9,7.00,25.95,0.1817,5.51,3799.6,73.0
33162,147.1,6.80,25.92,0.1763,5.67,3799.6,73.0
33169,142.9,7.00,25.89,0.1812,5.52,3799.6,73.0
33177,140.8,7.10,25.84,0.1835,5.45,3799.7,73.0
33183,151.5,6.60,25.81,0.1704,5.87,3799.7,73.0
33190,142.9,7.00,25.77,0.1804,5.54,3799.7,73.0
33197,142.9,7.00,25.74,0.1802,5.55,3799.7,73.0
33204,144.9,6.90,25.70,0.1773,5.64,3799.7,73.0
33211,144.9,6.90,25.66,0.1771,5.65,3799.7,73.0
33218,144.9,6.90,25.63,0.1768,5.65,3799.7,73.0
33225,140.8,7.10,25.59,0.1817,5.50,3799.7,73.0
33232,147.1,6.80,25.55,0.1737,5.76,3799.7,73.0
33239,142.9,7.00,25.51,0.1786,5.60,3799.7,73.0
33246,144.9,6.90,25.48,0.1758,5.69,3799.7,73.0
33253,142.9,7.00,25.44,0.1781,5.62,3799.7,73.0
33260,142.9,7.00,25.40,0.1778,5.63,3799.7,73.0
33267,144.9,6.90,25.37,0.1750,5.71,3799.7,73.0
33273,144.9,6.90,25.33,0.1748,5.72,3799.7,73.0
33281,140.8,7.10,25.29,0.1796,5.57,3799.8,73.0
33287,144.9,6.90,25.26,0.1743,5.74,3799.8,73.0
33295,138.9,7.20,25.22,0.1816,5.51,3799.8,73.0
33301,151.5,6.60,25.18,0.1662,6.02,3799.8,73.0
33308,142.9,7.00,25.15,0.1760,5.68,3799.8,73.0
33315,142.9,7.00,25.11,0.1758,5.69,3799.8,73.0
33322,147.1,6.80,25.07,0.1705,5.87,3799.8,73.0
33329,140.8,7.10,25.04,0.1778,5.62,3799.8,73.0
33336,147.1,6.80,25.00,0.1700,5.88,3799.8,73.0
33343,142.9,7.00,24.96,0.1747,5.72,3799.8,73.0
33350,142.9,7.00,24.92,0.1745,5.73,3799.8,73.0
33357,144.9,6.90,24.89,0.1717,5.82,3799.8,73.0
33364,144.9,6.90,24.85,0.1715,5.83,3799.8,73.0
33371,142.9,7.00,24.81,0.1737,5.76,3799.8,73.0
33378,144.9,6.90,24.78,0.1710,5.85,3799.9,73.0
33385,142.9,7.00,24.74,0.1732,5.78,3799.9,73.0
33392,144.9,6.90,24.70,0.1704,5.87,3799.9,73.0
33398,147.1,6.80,24.67,0.1678,5.96,3799.9,73.0
33405,140.8,7.10,24.63,0.1749,5.72,3799.9,73.0
33412,144.9,6.90,24.60,0.1697,5.89,3799.9,73.0
33419,142.9,7.00,24.56,0.1719,5.82,3799.9,73.0
33427,138.9,7.20,24.52,0.1765,5.67,3799.9,73.0
33433,149.3,6.70,24.48,0.1640,6.10,3799.9,73.0
33440,144.9,6.90,24.45,0.1687,5.93,3799.9,73.0
33447,142.9,7.00,24.41,0.1709,5.85,3799.9,73.0
33454,144.9,6.90,24.37,0.1682,5.95,3799.9,73.0
33461,144.9,6.90,24.34,0.1679,5.95,3799.9,73.0
33468,142.9,7.00,24.30,0.1701,5.88,3799.9,73.0
33475,147.1,6.80,24.26,0.1650,6.06,3799.9,73.0
33482,140.8,7.10,24.22,0.1720,5.81,3800.0,73.0
33489,144.9,6.90,24.19,0.1669,5.99,3800.0,73.0
33496,142.9,7.00,24.15,0.1690,5.92,3800.0,73.0
33503,144.9,6.90,24.11,0.1664,6.01,3800.0,73.0
33510,142.9,7.00,24.07,0.1685,5.94,3800.0,73.0
33517,144.9,6.90,24.04,0.1659,6.03,3800.0,73.0
33523,144.9,6.90,24.01,0.1656,6.04,3800.0,73.0
33530,142.9,7.00,24.02,0.1681,5.95,3800.0,73.0
33537,142.9,7.00,24.07,0.1685,5.94,3799.9,73.0
33544,144.9,6.90,24.12,0.1665,6.01,3799.9,73.0
33551,142.9,7.00,24.18,0.1692,5.91,3799.8,73.0
33558,144.9,6.90,24.23,0.1672,5.98,3799.8,73.0
33565,142.9,7.00,24.28,0.1700,5.88,3799.7,73.0
33572,142.9,7.00,24.33,0.1703,5.87,3799.7,73.0
33580,129.9,7.70,24.39,0.1878,5.32,3799.6,73.0
33589,116.3,8.60,24.46,0.2104,4.75,3799.6,73.0
33596,138.9,7.20,24.51,0.1765,5.67,3799.5,73.0
33600,238.1,4.20,24.54,0.1031,9.70,3799.5,73.0
33607,144.9,6.90,24.60,0.1697,5.89,3799.4,73.0
33614,142.9,7.00,24.65,0.1725,5.80,3799.4,73.0
33621,144.9,6.90,24.70,0.1704,5.87,3799.3,73.0
33629,116.3,8.60,24.76,0.2129,4.70,3799.3,73.0
33639,106.4,9.40,24.84,0.2335,4.28,3799.2,73.0
33648,106.4,9.40,24.90,0.2341,4.27,3799.1,73.0
33655,142.9,7.00,24.96,0.1747,5.73,3799.1,73.0
33662,156.3,6.40,25.01,0.1601,6.25,3799.0,73.0
33667,175.4,5.70,25.05,0.1428,7.00,3799.0,73.0
33672,227.3,4.40,25.08,0.1104,9.06,3799.0,73.0
33677,185.2,5.40,25.12,0.1357,7.37,3798.9,73.0
33683,158.7,6.30,25.17,0.1585,6.31,3798.9,73.0
33691,133.3,7.50,25.23,0.1892,5.28,3798.8,73.0
33698,135.1,7.40,25.28,0.1871,5.34,3798.8,73.0
33704,163.9,6.10,25.32,0.1545,6.47,3798.8,73.0
33711,151.5,6.60,25.38,0.1675,5.97,3798.7,73.0
33720,113.6,8.80,25.44,0.2239,4.46,3798.6,73.0
33727,147.1,6.80,25.50,0.1734,5.77,3798.6,73.0
33734,140.8,7.10,25.55,0.1814,5.51,3798.5,73.0
33742,122.0,8.20,25.61,0.2100,4.76,3798.5,73.0
33749,138.9,7.20,25.66,0.1848,5.41,3798.4,73.0
33756,153.8,6.50,25.71,0.1671,5.98,3798.4,73.0
33761,172.4,5.80,25.75,0.1494,6.70,3798.4,73.0
33768,147.1,6.80,25.80,0.1755,5.70,3798.3,73.0
33775,140.8,7.10,25.86,0.1836,5.45,3798.3,73.0
33782,140.8,7.10,25.91,0.1839,5.43,3798.2,73.0
33789,142.9,7.00,25.96,0.1817,5.50,3798.2,73.0
33796,149.3,6.70,26.01,0.1743,5.74,3798.1,73.0
33803,142.9,7.00,26.06,0.1825,5.48,3798.1,73.0
33810,144.9,6.90,26.12,0.1802,5.55,3798.0,73.0
33817,142.9,7.00,26.17,0.1832,5.46,3798.0,73.0
33824,137.0,7.30,26.22,0.1914,5.22,3797.9,73.0
33835,94.3,10.60,26.30,0.2788,3.58,3797.8,73.0
33842,137.0,7.30,26.36,0.1924,5.20,3797.8,73.0
33849,144.9,6.90,26.41,0.1822,5.49,3797.7,73.0
33856,135.1,7.40,26.46,0.1958,5.11,3797.7,73.0
33864,137.0,7.30,26.52,0.1936,5.17,3797.6,73.0
33873,108.7,9.20,26.59,0.2446,4.09,3797.6,73.0
33880,138.9,7.20,26.64,0.1918,5.21,3797.5,73.0
33887,138.9,7.20,26.69,0.1922,5.20,3797.5,73.0
33898,94.3,10.60,26.78,0.2838,3.52,3797.4,73.0
33911,76.3,13.10,26.87,0.3520,2.84,3797.3,73.0
33919,128.2,7.80,26.93,0.2101,4.76,3797.2,73.0
33926,144.9,6.90,26.99,0.1862,5.37,3797.2,73.0
33936,99.0,10.10,27.06,0.2733,3.66,3797.1,73.0
33946,101.0,9.90,27.14,0.2686,3.72,3797.1,73.0
33953,131.6,7.60,27.19,0.2066,4.84,3797.0,73.0
33963,106.4,9.40,27.26,0.2563,3.90,3796.9,73.0
33971,123.5,8.10,27.32,0.2213,4.52,3796.9,73.0
33977,169.5,5.90,27.37,0.1615,6.19,3796.8,73.0
33984,140.8,7.10,27.42,0.1947,5.13,3796.8,73.0
33992,125.0,8.00,27.48,0.2198,4.55,3796.7,73.0
34001,111.1,9.00,27.55,0.2479,4.03,3796.7,73.0
34008,142.9,7.00,27.60,0.1932,5.18,3796.6,73.0
34018,94.3,10.60,27.68,0.2934,3.41,3796.6,73.0
34027,116.3,8.60,27.74,0.2386,4.19,3796.5,73.0
34035,120.5,8.30,27.80,0.2308,4.33,3796.4,73.0
34046,91.7,10.90,27.88,0.3039,3.29,3796.4,73.0
34056,100.0,10.00,27.96,0.2796,3.58,3796.3,73.0
34065,113.6,8.80,28.03,0.2466,4.05,3796.2,73.0
34072,144.9,6.90,28.08,0.1937,5.16,3796.2,73.0
34079,151.5,6.60,28.13,0.1857,5.39,3796.1,73.0
34085,151.5,6.60,28.18,0.1860,5.38,3796.1,73.0
34092,149.3,6.70,28.23,0.1891,5.29,3796.0,73.0
34099,147.1,6.80,28.28,0.1923,5.20,3796.0,73.0
34105,151.5,6.60,28.33,0.1870,5.35,3795.9,73.0
34112,158.7,6.30,28.38,0.1788,5.59,3795.9,73.0
34120,119.0,8.40,28.44,0.2389,4.18,3795.8,73.0
34129,109.9,9.10,28.51,0.2594,3.86,3795.8,73.0
34138,116.3,8.60,28.57,0.2457,4.07,3795.7,73.0
34148,100.0,10.00,28.65,0.2865,3.49,3795.6,73.0
34154,172.4,5.80,28.69,0.1664,6.01,3795.6,73.0
34160,166.7,6.00,28.74,0.1724,5.80,3795.6,73.0
34166,161.3,6.20,28.78,0.1785,5.60,3795.5,73.0
34173,137.0,7.30,28.84,0.2105,4.75,3795.5,73.0
34180,138.9,7.20,28.89,0.2080,4.81,3795.4,73.0
34186,181.8,5.50,28.93,0.1591,6.28,3795.4,73.0
34191,204.1,4.90,28.97,0.1420,7.05,3795.3,73.0
34197,153.8,6.50,29.02,0.1886,5.30,3795.3,73.0
34206,120.5,8.30,29.08,0.2414,4.14,3795.2,73.0
34212,153.8,6.50,29.13,0.1893,5.28,3795.2,73.0
34221,107.5,9.30,29.20,0.2715,3.68,3795.1,73.0
34229,129.9,7.70,29.26,0.2253,4.44,3795.1,73.0
34236,153.8,6.50,29.31,0.1905,5.25,3795.0,73.0
34242,147.1,6.80,29.35,0.1996,5.01,3795.0,73.0
34249,151.5,6.60,29.41,0.1941,5.15,3794.9,73.0
34256,149.3,6.70,29.46,0.1974,5.07,3794.9,73.0
34263,137.0,7.30,29.51,0.2154,4.64,3794.8,73.0
34269,166.7,6.00,29.56,0.1773,5.64,3794.8,73.0
34275,163.9,6.10,29.60,0.1806,5.54,3794.8,73.0
34282,142.9,7.00,29.65,0.2076,4.82,3794.7,73.0
34289,142.9,7.00,29.70,0.2079,4.81,3794.7,73.0
34296,142.9,7.00,29.76,0.2083,4.80,3794.6,73.0
34303,142.9,7.00,29.81,0.2087,4.79,3794.6,73.0
34310,147.1,6.80,29.86,0.2031,4.93,3794.5,73.0
34317,140.8,7.10,29.91,0.2124,4.71,3794.5,73.0
34324,144.9,6.90,29.97,0.2068,4.84,3794.4,73.0
34331,142.9,7.00,30.02,0.2101,4.76,3794.4,73.0
34338,144.9,6.90,30.07,0.2075,4.82,3794.3,73.0
34345,133.3,7.50,30.12,0.2259,4.42,3794.3,73.0
34352,140.8,7.10,30.18,0.2143,4.67,3794.2,73.0
34358,163.9,6.10,30.22,0.1844,5.42,3794.2,73.0
34366,140.8,7.10,30.28,0.2150,4.65,3794.1,73.0
34373,137.0,7.30,30.33,0.2214,4.52,3794.1,73.0
34383,100.0,10.00,30.41,0.3041,3.29,3794.0,73.0
34390,138.9,7.20,30.46,0.2193,4.56,3794.0,73.0
34397,140.8,7.10,30.51,0.2166,4.61,3793.9,73.0
34404,151.5,6.60,30.57,0.2017,4.96,3793.9,73.0
34409,185.2,5.40,30.60,0.1653,6.05,3793.8,73.0
34417,128.2,7.80,30.66,0.2392,4.18,3793.8,73.0
34425,119.0,8.40,30.72,0.2581,3.87,3793.7,73.0
34432,161.3,6.20,30.78,0.1908,5.24,3793.7,73.0
34436,204.1,4.90,30.81,0.1509,6.63,3793.6,73.0
34442,188.7,5.30,30.85,0.1635,6.12,3793.6,73.0
34449,138.9,7.20,30.90,0.2225,4.49,3793.5,73.0
34457,131.6,7.60,30.96,0.2353,4.25,3793.5,73.0
34463,158.7,6.30,31.01,0.1954,5.12,3793.4,73.0
34470,149.3,6.70,31.06,0.2081,4.81,3793.4,73.0
34476,147.1,6.80,31.11,0.2115,4.73,3793.3,73.0
34483,140.8,7.10,31.16,0.2212,4.52,3793.3,73.0
34491,138.9,7.20,31.22,0.2248,4.45,3793.2,73.0
34498,144.9,6.90,31.27,0.2158,4.63,3793.2,73.0
34504,147.1,6.80,31.32,0.2129,4.70,3793.2,73.0
34511,140.8,7.10,31.37,0.2227,4.49,3793.1,73.0
34519,140.8,7.10,31.43,0.2231,4.48,3793.0,73.0
34525,144.9,6.90,31.47,0.2172,4.60,3793.0,73.0
34532,144.9,6.90,31.47,0.2172,4.60,3793.0,73.0
34539,142.9,7.00,31.46,0.2202,4.54,3793.0,73.0
34546,151.5,6.60,31.45,0.2076,4.82,3793.0,73.0
34553,138.9,7.20,31.45,0.2264,4.42,3793.0,73.0
34560,151.5,6.60,31.44,0.2075,4.82,3793.0,73.0
34567,140.8,7.10,31.43,0.2231,4.48,3793.0,73.0
34574,142.9,7.00,31.42,0.2199,4.55,3793.0,73.0
34581,149.3,6.70,31.41,0.2104,4.75,3793.0,73.0
34588,138.9,7.20,31.40,0.2261,4.42,3793.0,73.0
34597,104.2,9.60,31.39,0.3013,3.32,3793.0,73.0
34609,84.7,11.80,31.37,0.3702,2.70,3793.0,73.0
34620,90.1,11.10,31.36,0.3481,2.87,3793.0,73.0
34631,94.3,10.60,31.34,0.3323,3.01,3793.0,73.0
34639,117.6,8.50,31.33,0.2663,3.75,3793.0,73.0
34647,140.8,7.10,31.32,0.2224,4.49,3793.0,73.0
34653,153.8,6.50,31.32,0.2036,4.91,3793.0,73.0
34662,117.6,8.50,31.30,0.2661,3.76,3793.0,73.0
34669,129.9,7.70,31.30,0.2410,4.15,3793.0,73.0
34684,66.7,15.00,31.28,0.4691,2.13,3793.0,73.0
34693,117.6,8.50,31.26,0.2657,3.76,3793.0,73.0
34702,105.3,9.50,31.25,0.2969,3.37,3793.0,73.0
34708,181.8,5.50,31.25,0.1718,5.82,3793.0,73.0
34713,196.1,5.10,31.24,0.1593,6.28,3793.0,73.0
34718,200.0,5.00,31.23,0.1562,6.40,3793.0,73.0
34725,144.9,6.90,31.22,0.2154,4.64,3793.0,73.0
34732,142.9,7.00,31.21,0.2185,4.58,3793.0,73.0
34739,137.0,7.30,31.21,0.2278,4.39,3793.0,73.0
34746,151.5,6.60,31.20,0.2059,4.86,3793.0,73.0
34753,144.9,6.90,31.19,0.2152,4.65,3793.0,73.0
34760,142.9,7.00,31.18,0.2182,4.58,3793.0,73.0
34766,144.9,6.90,31.17,0.2151,4.65,3793.0,73.0
34773,144.9,6.90,31.16,0.2150,4.65,3793.0,73.0
34780,140.8,7.10,31.15,0.2212,4.52,3793.0,73.0
34787,144.9,6.90,31.14,0.2149,4.65,3793.0,73.0
34794,144.9,6.90,31.13,0.2148,4.65,3793.0,73.0
34801,144.9,6.90,31.13,0.2148,4.66,3793.0,73.0
34808,142.9,7.00,31.12,0.2178,4.59,3793.0,73.0
34815,142.9,7.00,31.11,0.2178,4.59,3793.0,73.0
34822,142.9,7.00,31.10,0.2177,4.60,3793.0,73.0
34829,147.1,6.80,31.09,0.2114,4.73,3793.0,73.0
34836,142.9,7.00,31.08,0.2176,4.60,3793.0,73.0
34843,142.9,7.00,31.07,0.2175,4.60,3793.0,73.0
34850,144.9,6.90,31.06,0.2143,4.66,3793.0,73.0
34857,137.0,7.30,31.05,0.2267,4.41,3793.0,73.0
34864,151.5,6.60,31.04,0.2049,4.88,3793.0,73.0
34871,144.9,6.90,31.03,0.2141,4.67,3793.0,73.0
34878,142.9,7.00,31.03,0.2172,4.61,3793.0,73.0
34885,144.9,6.90,31.02,0.2140,4.67,3793.0,73.0
34891,144.9,6.90,31.01,0.2140,4.67,3793.0,73.0
34898,142.9,7.00,31.00,0.2170,4.61,3793.0,73.0
34905,142.9,7.00,30.99,0.2169,4.61,3793.0,73.0
34912,147.1,6.80,30.98,0.2107,4.75,3793.0,73.0
34919,142.9,7.00,30.97,0.2168,4.61,3793.0,73.0
34926,142.9,7.00,30.96,0.2167,4.62,3793.0,73.0
34933,142.9,7.00,30.95,0.2167,4.62,3793.0,73.0
34940,147.1,6.80,30.95,0.2104,4.75,3793.0,73.0
34947,142.9,7.00,30.94,0.2166,4.62,3793.0,73.0
34954,142.9,7.00,30.93,0.2165,4.62,3793.0,73.0
34961,144.9,6.90,30.92,0.2133,4.69,3793.0,73.0
34968,142.9,7.00,30.91,0.2164,4.62,3793.0,73.0
34975,142.9,7.00,30.90,0.2163,4.62,3793.0,73.0
34982,144.9,6.90,30.89,0.2132,4.69,3793.0,73.0
34989,144.9,6.90,30.88,0.2131,4.69,3793.0,73.0
34996,142.9,7.00,30.87,0.2161,4.63,3793.0,73.0
35003,147.1,6.80,30.86,0.2099,4.77,3793.0,73.0
35010,138.9,7.20,30.86,0.2222,4.50,3793.0,73.0
35017,144.9,6.90,30.85,0.2128,4.70,3793.0,73.0
35023,147.1,6.80,30.84,0.2097,4.77,3793.0,73.0
35030,142.9,7.00,30.83,0.2158,4.64,3793.0,73.0
35037,142.9,7.00,30.82,0.2157,4.64,3793.0,73.0
35044,144.9,6.90,30.81,0.2126,4.70,3793.0,73.0
35051,142.9,7.00,30.80,0.2156,4.64,3793.0,73.0
35058,144.9,6.90,30.79,0.2125,4.71,3793.0,73.0
35065,142.9,7.00,30.78,0.2155,4.64,3793.0,73.0
35072,144.9,6.90,30.78,0.2124,4.71,3793.0,73.0
35079,144.9,6.90,30.77,0.2123,4.71,3793.0,73.0
35086,147.1,6.80,30.76,0.2092,4.78,3793.0,73.0
35093,142.9,7.00,30.75,0.2152,4.65,3793.0,73.0
35100,142.9,7.00,30.74,0.2152,4.65,3793.0,73.0
35107,131.6,7.60,30.73,0.2336,4.28,3793.0,73.0
35114,156.2,6.40,30.72,0.1966,5.08,3793.0,73.0
35121,147.1,6.80,30.71,0.2088,4.79,3793.0,73.0
35128,142.9,7.00,30.70,0.2149,4.65,3793.0,73.0
35135,144.9,6.90,30.69,0.2118,4.72,3793.0,73.0
35142,142.9,7.00,30.69,0.2148,4.66,3793.0,73.0
35148,144.9,6.90,30.68,0.2117,4.72,3793.0,73.0
35155,142.9,7.00,30.67,0.2147,4.66,3793.0,73.0
35162,144.9,6.90,30.66,0.2116,4.73,3793.0,73.0
35169,144.9,6.90,30.65,0.2115,4.73,3793.0,73.0
35176,142.9,7.00,30.64,0.2145,4.66,3793.0,73.0
35183,142.9,7.00,30.63,0.2144,4.66,3793.0,73.0
35190,142.9,7.00,30.62,0.2144,4.67,3793.0,73.0
35197,144.9,6.90,30.61,0.2112,4.73,3793.0,73.0
35204,144.9,6.90,30.61,0.2112,4.73,3793.0,73.0
35211,144.9,6.90,30.60,0.2111,4.74,3793.0,73.0
35218,144.9,6.90,30.59,0.2111,4.74,3793.0,73.0
35225,144.9,6.90,30.58,0.2110,4.74,3793.0,73.0
35232,142.9,7.00,30.57,0.2140,4.67,3793.0,73.0
35239,144.9,6.90,30.56,0.2109,4.74,3793.0,73.0
35246,140.8,7.10,30.55,0.2169,4.61,3793.0,73.0
35253,142.9,7.00,30.54,0.2138,4.68,3793.0,73.0
35260,144.9,6.90,30.53,0.2107,4.75,3793.0,73.0
35267,142.9,7.00,30.52,0.2137,4.68,3793.0,73.0
35274,144.9,6.90,30.52,0.2106,4.75,3793.0,73.0
35280,144.9,6.90,30.51,0.2105,4.75,3793.0,73.0
35287,144.9,6.90,30.50,0.2104,4.75,3793.0,73.0
35294,144.9,6.90,30.49,0.2104,4.75,3793.0,73.0
35301,144.9,6.90,30.48,0.2103,4.75,3793.0,73.0
35308,142.9,7.00,30.47,0.2133,4.69,3793.0,73.0
35315,142.9,7.00,30.46,0.2132,4.69,3793.0,73.0
35322,144.9,6.90,30.45,0.2101,4.76,3793.0,73.0
35329,142.9,7.00,30.44,0.2131,4.69,3793.0,73.0
35336,144.9,6.90,30.44,0.2100,4.76,3793.0,73.0
35343,144.9,6.90,30.43,0.2099,4.76,3793.0,73.0
35350,147.1,6.80,30.42,0.2068,4.84,3793.0,73.0
35357,140.8,7.10,30.41,0.2159,4.63,3793.0,73.0
35364,142.9,7.00,30.40,0.2128,4.70,3793.0,73.0
35371,144.9,6.90,30.39,0.2097,4.77,3793.0,73.0
35378,142.9,7.00,30.38,0.2127,4.70,3793.0,73.0
35385,147.1,6.80,30.37,0.2065,4.84,3793.0,73.0
35392,142.9,7.00,30.36,0.2125,4.71,3793.0,73.0
35399,142.9,7.00,30.35,0.2125,4.71,3793.0,73.0
35405,147.1,6.80,30.35,0.2064,4.85,3793.0,73.0
35412,140.8,7.10,30.34,0.2154,4.64,3793.0,73.0
35419,147.1,6.80,30.33,0.2062,4.85,3793.0,73.0
35426,144.9,6.90,30.32,0.2092,4.78,3793.0,73.0
35433,140.8,7.10,30.31,0.2152,4.65,3793.0,73.0
35440,144.9,6.90,30.30,0.2091,4.78,3793.0,73.0
35447,144.9,6.90,30.29,0.2090,4.78,3793.0,73.0
35454,140.8,7.10,30.28,0.2150,4.65,3793.0,73.0
35461,144.9,6.90,30.27,0.2089,4.79,3793.0,73.0
35468,142.9,7.00,30.26,0.2119,4.72,3793.0,73.0
35475,147.1,6.80,30.26,0.2057,4.86,3793.0,73.0
35482,142.9,7.00,30.25,0.2117,4.72,3793.0,73.0
35489,144.9,6.90,30.24,0.2086,4.79,3793.0,73.0
35496,144.9,6.90,30.23,0.2086,4.79,3793.0,73.0
35503,142.9,7.00,30.22,0.2115,4.73,3793.0,73.0
35510,142.9,7.00,30.21,0.2115,4.73,3793.0,73.0
35517,144.9,6.90,30.20,0.2084,4.80,3793.0,73.0
35524,142.9,7.00,30.19,0.2113,4.73,3793.0,73.0
35530,144.9,6.90,30.19,0.2083,4.80,3793.0,73.0
35537,142.9,7.00,30.19,0.2114,4.73,3793.0,73.0
35544,144.9,6.90,30.19,0.2083,4.80,3793.0,73.0
35551,144.9,6.90,30.20,0.2084,4.80,3793.0,73.0
35558,142.9,7.00,30.20,0.2114,4.73,3793.0,73.0
35565,144.9,6.90,30.20,0.2084,4.80,3793.0,73.0
35572,144.9,6.90,30.20,0.2084,4.80,3793.0,73.0
35579,144.9,6.90,30.20,0.2084,4.80,3793.1,73.0
35586,142.9,7.00,30.21,0.2114,4.73,3793.1,73.0
35593,142.9,7.00,30.21,0.2115,4.73,3793.1,73.0
35600,144.9,6.90,30.21,0.2084,4.80,3793.1,73.0
35607,144.9,6.90,30.21,0.2085,4.80,3793.1,73.0
35614,142.9,7.00,30.21,0.2115,4.73,3793.1,73.0
35621,144.9,6.90,30.21,0.2085,4.80,3793.1,73.0
35628,144.9,6.90,30.22,0.2085,4.80,3793.1,73.0
35635,140.8,7.10,30.22,0.2146,4.66,3793.1,73.0
35642,144.9,6.90,30.22,0.2085,4.79,3793.1,73.0
35648,144.9,6.90,30.22,0.2085,4.79,3793.1,73.0
35655,144.9,6.90,30.22,0.2085,4.79,3793.1,73.0
35662,142.9,7.00,30.23,0.2116,4.73,3793.1,73.0
35669,142.9,7.00,30.23,0.2116,4.73,3793.1,73.0
35676,144.9,6.90,30.23,0.2086,4.79,3793.2,73.0
35683,144.9,6.90,30.23,0.2086,4.79,3793.2,73.0
35690,142.9,7.00,30.23,0.2116,4.73,3793.2,73.0
35697,144.9,6.90,30.23,0.2086,4.79,3793.2,73.0
35704,140.8,7.10,30.24,0.2147,4.66,3793.2,73.0
35711,147.1,6.80,30.24,0.2056,4.86,3793.2,73.0
35718,142.9,7.00,30.24,0.2117,4.73,3793.2,73.0
35725,144.9,6.90,30.24,0.2087,4.79,3793.2,73.0
35732,144.9,6.90,30.24,0.2087,4.79,3793.2,73.0
35739,142.9,7.00,30.25,0.2117,4.72,3793.2,73.0
35746,144.9,6.90,30.25,0.2087,4.79,3793.2,73.0
35753,142.9,7.00,30.25,0.2117,4.72,3793.2,73.0
35760,144.9,6.90,30.25,0.2087,4.79,3793.2,73.0
35767,142.9,7.00,30.25,0.2118,4.72,3793.2,73.0
35773,144.9,6.90,30.25,0.2088,4.79,3793.2,73.0
35780,144.9,6.90,30.26,0.2088,4.79,3793.3,73.0
35787,144.9,6.90,30.26,0.2088,4.79,3793.3,73.0
35794,140.8,7.10,30.26,0.2148,4.65,3793.3,73.0
35801,144.9,6.90,30.26,0.2088,4.79,3793.3,73.0
35808,144.9,6.90,30.26,0.2088,4.79,3793.3,73.0
35815,142.9,7.00,30.27,0.2119,4.72,3793.3,73.0
35822,144.9,6.90,30.27,0.2088,4.79,3793.3,73.0
35829,140.8,7.10,30.27,0.2149,4.65,3793.3,73.0
35836,149.3,6.70,30.27,0.2028,4.93,3793.3,73.0
35843,144.9,6.90,30.27,0.2089,4.79,3793.3,73.0
35850,140.8,7.10,30.27,0.2149,4.65,3793.3,73.0
35857,144.9,6.90,30.28,0.2089,4.79,3793.3,73.0
35864,142.9,7.00,30.28,0.2119,4.72,3793.3,73.0
35871,144.9,6.90,30.28,0.2089,4.79,3793.3,73.0
35878,142.9,7.00,30.28,0.2120,4.72,3793.4,73.0
35885,144.9,6.90,30.28,0.2090,4.78,3793.4,73.0
35892,142.9,7.00,30.29,0.2120,4.72,3793.4,73.0
35898,144.9,6.90,30.29,0.2090,4.78,3793.4,73.0
35905,144.9,6.90,30.29,0.2090,4.78,3793.4,73.0
35912,142.9,7.00,30.29,0.2120,4.72,3793.4,73.0
35919,140.8,7.10,30.29,0.2151,4.65,3793.4,73.0
35926,149.3,6.70,30.29,0.2030,4.93,3793.4,73.0
35933,140.8,7.10,30.30,0.2151,4.65,3793.4,73.0
35940,147.1,6.80,30.30,0.2060,4.86,3793.4,73.0
35947,140.8,7.10,30.30,0.2151,4.65,3793.4,73.0
35954,147.1,6.80,30.30,0.2060,4.85,3793.4,73.0
35961,142.9,7.00,30.30,0.2121,4.72,3793.4,73.0
35968,142.9,7.00,30.30,0.2121,4.72,3793.4,73.0
35975,147.1,6.80,30.31,0.2061,4.85,3793.4,73.0
35982,142.9,7.00,30.31,0.2122,4.71,3793.5,73.0
35989,142.9,7.00,30.31,0.2122,4.71,3793.5,73.0
35996,142.9,7.00,30.31,0.2122,4.71,3793.5,73.0
36003,144.9,6.90,30.31,0.2092,4.78,3793.5,73.0
36010,144.9,6.90,30.32,0.2092,4.78,3793.5,73.0
36017,142.9,7.00,30.32,0.2122,4.71,3793.5,73.0
36024,142.9,7.00,30.32,0.2122,4.71,3793.5,73.0
36030,144.9,6.90,30.32,0.2092,4.78,3793.5,73.0
36037,144.9,6.90,30.32,0.2092,4.78,3793.5,73.0
36044,144.9,6.90,30.32,0.2092,4.78,3793.5,73.0
36051,142.9,7.00,30.33,0.2123,4.71,3793.5,73.0
36059,137.0,7.30,30.33,0.2214,4.52,3793.5,73.0
36065,147.1,6.80,30.33,0.2062,4.85,3793.5,73.0
36072,149.3,6.70,30.33,0.2032,4.92,3793.5,73.0
36079,147.1,6.80,30.33,0.2063,4.85,3793.6,73.0
36086,138.9,7.20,30.34,0.2184,4.58,3793.6,73.0
36093,149.3,6.70,30.34,0.2033,4.92,3793.6,73.0
36100,140.8,7.10,30.34,0.2154,4.64,3793.6,73.0
36107,144.9,6.90,30.34,0.2094,4.78,3793.6,73.0
36114,144.9,6.90,30.34,0.2094,4.78,3793.6,73.0
36121,140.8,7.10,30.34,0.2154,4.64,3793.6,73.0
36128,147.1,6.80,30.35,0.2064,4.85,3793.6,73.0
36135,144.9,6.90,30.35,0.2094,4.77,3793.6,73.0
36141,144.9,6.90,30.35,0.2094,4.77,3793.6,73.0
36149,140.8,7.10,30.35,0.2155,4.64,3793.6,73.0
36155,147.1,6.80,30.35,0.2064,4.85,3793.6,73.0
36162,140.8,7.10,30.36,0.2155,4.64,3793.6,73.0
36169,142.9,7.00,30.36,0.2125,4.71,3793.6,73.0
36176,149.3,6.70,30.36,0.2034,4.92,3793.7,73.0
36183,144.9,6.90,30.36,0.2095,4.77,3793.7,73.0
36190,142.9,7.00,30.36,0.2125,4.71,3793.7,73.0
36197,142.9,7.00,30.36,0.2126,4.71,3793.7,73.0
36204,144.9,6.90,30.37,0.2095,4.77,3793.7,73.0
36211,142.9,7.00,30.37,0.2126,4.71,3793.7,73.0
36218,144.9,6.90,30.37,0.2096,4.77,3793.7,73.0
36225,142.9,7.00,30.37,0.2126,4.71,3793.7,73.0
36232,144.9,6.90,30.37,0.2096,4.77,3793.7,73.0
36239,140.8,7.10,30.38,0.2157,4.64,3793.7,73.0
36246,147.1,6.80,30.38,0.2066,4.84,3793.7,73.0
36253,142.9,7.00,30.38,0.2127,4.70,3793.7,73.0
36260,140.8,7.10,30.38,0.2157,4.63,3793.7,73.0
36267,147.1,6.80,30.38,0.2066,4.84,3793.7,73.0
36273,144.9,6.90,30.38,0.2097,4.77,3793.7,73.0
36280,142.9,7.00,30.39,0.2127,4.70,3793.8,73.0
36288,140.8,7.10,30.39,0.2158,4.63,3793.8,73.0
36294,144.9,6.90,30.39,0.2097,4.77,3793.8,73.0
36301,147.1,6.80,30.39,0.2067,4.84,3793.8,73.0
36308,142.9,7.00,30.39,0.2128,4.70,3793.8,73.0
36315,142.9,7.00,30.40,0.2128,4.70,3793.8,73.0
36322,147.1,6.80,30.40,0.2067,4.84,3793.8,73.0
36329,140.8,7.10,30.40,0.2158,4.63,3793.8,73.0
36336,147.1,6.80,30.40,0.2067,4.84,3793.8,73.0
36343,142.9,7.00,30.40,0.2128,4.70,3793.8,73.0
36350,144.9,6.90,30.40,0.2098,4.77,3793.8,73.0
36357,142.9,7.00,30.41,0.2128,4.70,3793.8,73.0
36364,147.1,6.80,30.41,0.2068,4.84,3793.8,73.0
36371,144.9,6.90,30.41,0.2098,4.76,3793.8,73.0
36378,142.9,7.00,30.41,0.2129,4.70,3793.9,73.0
36385,142.9,7.00,30.41,0.2129,4.70,3793.9,73.0
36392,142.9,7.00,30.42,0.2129,4.70,3793.9,73.0
36399,142.9,7.00,30.42,0.2129,4.70,3793.9,73.0
36405,144.9,6.90,30.42,0.2099,4.76,3793.9,73.0
36413,140.8,7.10,30.42,0.2160,4.63,3793.9,73.0
36419,144.9,6.90,30.42,0.2099,4.76,3793.9,73.0
36426,147.1,6.80,30.42,0.2069,4.83,3793.9,73.0
36433,144.9,6.90,30.43,0.2099,4.76,3793.9,73.0
36440,142.9,7.00,30.43,0.2130,4.70,3793.9,73.0
36447,144.9,6.90,30.43,0.2100,4.76,3793.9,73.0
36454,142.9,7.00,30.43,0.2130,4.70,3793.9,73.0
36461,142.9,7.00,30.43,0.2130,4.70,3793.9,73.0
36468,135.1,7.40,30.43,0.2252,4.44,3793.9,73.0
36475,153.8,6.50,30.44,0.1978,5.05,3793.9,73.0
36482,147.1,6.80,30.44,0.2070,4.83,3794.0,73.0
36489,144.9,6.90,30.44,0.2100,4.76,3794.0,73.0
36496,142.9,7.00,30.44,0.2131,4.69,3794.0,73.0
36503,144.9,6.90,30.44,0.2101,4.76,3794.0,73.0
36510,140.8,7.10,30.45,0.2162,4.62,3794.0,73.0
36517,144.9,6.90,30.45,0.2101,4.76,3794.0,73.0
36523,144.9,6.90,30.45,0.2101,4.76,3794.0,73.0
36530,144.9,6.90,30.44,0.2101,4.76,3794.0,73.0
36538,138.9,7.20,30.43,0.2191,4.56,3794.0,73.0
36544,149.3,6.70,30.42,0.2038,4.91,3794.0,73.0
36552,137.0,7.30,30.41,0.2220,4.50,3794.0,73.0
36558,147.1,6.80,30.40,0.2067,4.84,3794.0,73.0
36565,149.3,6.70,30.39,0.2036,4.91,3794.0,73.0
36572,142.9,7.00,30.38,0.2127,4.70,3794.0,73.0
36579,144.9,6.90,30.37,0.2096,4.77,3794.0,73.0
36586,142.9,7.00,30.36,0.2125,4.71,3794.0,73.0
36593,138.9,7.20,30.35,0.2185,4.58,3794.0,73.0
36600,149.3,6.70,30.34,0.2033,4.92,3794.0,73.0
36607,144.9,6.90,30.33,0.2093,4.78,3794.0,73.0
36614,144.9,6.90,30.32,0.2092,4.78,3794.0,73.0
36621,144.9,6.90,30.31,0.2091,4.78,3794.0,73.0
36628,140.8,7.10,30.30,0.2151,4.65,3794.0,73.0
36635,137.0,7.30,30.29,0.2211,4.52,3794.0,73.0
36641,153.8,6.50,30.28,0.1968,5.08,3794.0,73.0
36648,144.9,6.90,30.27,0.2089,4.79,3794.0,73.0
36655,144.9,6.90,30.26,0.2088,4.79,3794.0,73.0
36662,142.9,7.00,30.25,0.2117,4.72,3794.0,73.0
36669,142.9,7.00,30.24,0.2117,4.73,3794.0,73.0
36676,144.9,6.90,30.23,0.2086,4.79,3794.0,73.0
36683,147.1,6.80,30.22,0.2055,4.87,3794.0,73.0
36690,137.0,7.30,30.21,0.2205,4.54,3794.0,73.0
36698,133.3,7.50,30.19,0.2265,4.41,3794.0,73.0
36704,166.7,6.00,30.18,0.1811,5.52,3794.0,73.0
36711,144.9,6.90,30.17,0.2082,4.80,3794.0,73.0
36718,133.3,7.50,30.16,0.2262,4.42,3794.0,73.0
36725,156.3,6.40,30.15,0.1930,5.18,3794.0,73.0
36732,140.8,7.10,30.14,0.2140,4.67,3794.0,73.0
36739,147.1,6.80,30.13,0.2049,4.88,3794.0,73.0
36746,144.9,6.90,30.12,0.2078,4.81,3794.0,73.0
36753,142.9,7.00,30.11,0.2108,4.75,3794.0,73.0
36760,135.1,7.40,30.10,0.2227,4.49,3794.0,73.0
36766,153.8,6.50,30.09,0.1956,5.11,3794.0,73.0
36773,142.9,7.00,30.08,0.2106,4.75,3794.0,73.0
36781,135.1,7.40,30.07,0.2225,4.49,3794.0,73.0
36787,153.8,6.50,30.06,0.1954,5.12,3794.0,73.0
36794,144.9,6.90,30.05,0.2073,4.82,3794.0,73.0
36802,133.3,7.50,30.04,0.2253,4.44,3794.0,73.0
36808,161.3,6.20,30.03,0.1862,5.37,3794.0,73.0
36815,140.8,7.10,30.02,0.2131,4.69,3794.0,73.0
36822,144.9,6.90,30.01,0.2071,4.83,3794.0,73.0
36829,140.8,7.10,30.00,0.2130,4.69,3794.0,73.0
36836,144.9,6.90,29.99,0.2069,4.83,3794.0,73.0
36843,135.1,7.40,29.98,0.2218,4.51,3794.0,73.0
36850,153.8,6.50,29.97,0.1948,5.13,3794.0,73.0
36857,142.9,7.00,29.96,0.2097,4.77,3794.0,73.0
36864,144.9,6.90,29.95,0.2066,4.84,3794.0,73.0
36871,142.9,7.00,29.94,0.2096,4.77,3794.0,73.0
36878,142.9,7.00,29.93,0.2095,4.78,3794.0,73.0
36885,144.9,6.90,29.92,0.2064,4.84,3794.0,73.0
36891,147.1,6.80,29.91,0.2034,4.92,3794.0,73.0
36899,133.3,7.50,29.89,0.2242,4.46,3794.0,73.0
36905,156.2,6.40,29.89,0.1913,5.23,3794.0,73.0
36912,142.9,7.00,29.87,0.2091,4.78,3794.0,73.0
36919,144.9,6.90,29.86,0.2061,4.85,3794.0,73.0
36926,138.9,7.20,29.85,0.2149,4.65,3794.0,73.0
36934,126.6,7.90,29.84,0.2358,4.24,3794.0,73.0
36940,166.7,6.00,29.83,0.1790,5.59,3794.0,73.0
36947,149.3,6.70,29.82,0.1998,5.01,3794.0,73.0
36954,142.9,7.00,29.81,0.2087,4.79,3794.0,73.0
36961,140.8,7.10,29.80,0.2116,4.72,3794.0,73.0
36968,142.9,7.00,29.79,0.2085,4.80,3794.0,73.0
36975,140.8,7.10,29.78,0.2114,4.73,3794.0,73.0
36982,153.8,6.50,29.77,0.1935,5.17,3794.0,73.0
36989,144.9,6.90,29.76,0.2053,4.87,3794.0,73.0
36996,142.9,7.00,29.75,0.2082,4.80,3794.0,73.0
37003,142.9,7.00,29.74,0.2082,4.81,3794.0,73.0
37010,142.9,7.00,29.73,0.2081,4.81,3794.0,73.0
37025,67.1,14.90,29.71,0.4426,2.26,3794.0,73.0
37034,111.1,9.00,29.69,0.2672,3.74,3794.0,73.0
37043,111.1,9.00,29.68,0.2671,3.74,3794.0,73.0
37048,200.0,5.00,29.67,0.1484,6.74,3794.0,73.0
37053,185.2,5.40,29.66,0.1602,6.24,3794.0,73.0
37059,175.4,5.70,29.66,0.1690,5.91,3794.0,73.0
37065,147.1,6.80,29.65,0.2016,4.96,3794.0,73.0
37072,151.5,6.60,29.64,0.1956,5.11,3794.0,73.0
37079,142.9,7.00,29.63,0.2074,4.82,3794.0,73.0
37086,142.9,7.00,29.62,0.2073,4.83,3794.0,73.0
37093,147.1,6.80,29.61,0.2013,4.97,3794.0,73.0
37100,142.9,7.00,29.59,0.2072,4.83,3794.0,73.0
37107,142.9,7.00,29.58,0.2071,4.83,3794.0,73.0
37114,147.1,6.80,29.57,0.2011,4.97,3794.0,73.0
37121,142.9,7.00,29.56,0.2069,4.83,3794.0,73.0
37128,144.9,6.90,29.55,0.2039,4.90,3794.0,73.0
37135,142.9,7.00,29.54,0.2068,4.84,3794.0,73.0
37142,133.3,7.50,29.53,0.2215,4.51,3794.0,73.0
37148,158.7,6.30,29.52,0.1860,5.38,3794.0,73.0
37155,142.9,7.00,29.51,0.2066,4.84,3794.0,73.0
37162,142.9,7.00,29.50,0.2065,4.84,3794.0,73.0
37169,147.1,6.80,29.49,0.2005,4.99,3794.0,73.0
37176,142.9,7.00,29.48,0.2064,4.85,3794.0,73.0
37183,142.9,7.00,29.47,0.2063,4.85,3794.0,73.0
37190,144.9,6.90,29.46,0.2033,4.92,3794.0,73.0
37197,144.9,6.90,29.45,0.2032,4.92,3794.0,73.0
37204,140.8,7.10,29.44,0.2090,4.78,3794.0,73.0
37211,147.1,6.80,29.43,0.2001,5.00,3794.0,73.0
37218,144.9,6.90,29.42,0.2030,4.93,3794.0,73.0
37225,142.9,7.00,29.41,0.2059,4.86,3794.0,73.0
37232,142.9,7.00,29.40,0.2058,4.86,3794.0,73.0
37239,144.9,6.90,29.39,0.2028,4.93,3794.0,73.0
37246,144.9,6.90,29.38,0.2027,4.93,3794.0,73.0
37253,137.0,7.30,29.37,0.2144,4.67,3794.0,73.0
37259,153.8,6.50,29.36,0.1908,5.24,3794.0,73.0
37266,142.9,7.00,29.35,0.2054,4.87,3794.0,73.0
37273,144.9,6.90,29.34,0.2024,4.94,3794.0,73.0
37280,142.9,7.00,29.33,0.2053,4.87,3794.0,73.0
37287,144.9,6.90,29.32,0.2023,4.94,3794.0,73.0
37294,144.9,6.90,29.31,0.2022,4.94,3794.0,73.0
37301,142.9,7.00,29.30,0.2051,4.88,3794.0,73.0
37308,144.9,6.90,29.28,0.2021,4.95,3794.0,73.0
37315,142.9,7.00,29.27,0.2049,4.88,3794.0,73.0
37322,142.9,7.00,29.26,0.2048,4.88,3794.0,73.0
37329,144.9,6.90,29.25,0.2018,4.95,3794.0,73.0
37336,144.9,6.90,29.24,0.2018,4.96,3794.0,73.0
37343,144.9,6.90,29.23,0.2017,4.96,3794.0,73.0
37350,142.9,7.00,29.22,0.2046,4.89,3794.0,73.0
37357,142.9,7.00,29.21,0.2045,4.89,3794.0,73.0
37364,144.9,6.90,29.20,0.2015,4.96,3794.0,73.0
37371,140.8,7.10,29.19,0.2073,4.82,3794.0,73.0
37378,144.9,6.90,29.18,0.2013,4.97,3794.0,73.0
37385,144.9,6.90,29.17,0.2013,4.97,3794.0,73.0
37391,144.9,6.90,29.16,0.2012,4.97,3794.0,73.0
37398,144.9,6.90,29.15,0.2011,4.97,3794.0,73.0
37405,142.9,7.00,29.14,0.2040,4.90,3794.0,73.0
37412,144.9,6.90,29.13,0.2010,4.97,3794.0,73.0
37422,102.0,9.80,29.11,0.2853,3.50,3794.0,73.0
37426,243.9,4.10,29.11,0.1193,8.38,3794.0,73.0
37433,144.9,6.90,29.10,0.2008,4.98,3794.0,73.0
37440,142.9,7.00,29.09,0.2036,4.91,3794.0,73.0
37447,142.9,7.00,29.08,0.2035,4.91,3794.0,73.0
37454,144.9,6.90,29.07,0.2006,4.98,3794.0,73.0
37461,144.9,6.90,29.06,0.2005,4.99,3794.0,73.0
37468,142.9,7.00,29.05,0.2033,4.92,3794.0,73.0
37475,144.9,6.90,29.04,0.2003,4.99,3794.0,73.0
37482,142.9,7.00,29.03,0.2032,4.92,3794.0,73.0
37489,144.9,6.90,29.02,0.2002,4.99,3794.0,73.0
37496,140.8,7.10,29.00,0.2059,4.85,3794.0,73.0
37502,149.3,6.70,29.00,0.1943,5.15,3794.0,73.0
37509,142.9,7.00,28.99,0.2029,4.93,3794.0,73.0
37516,144.9,6.90,28.97,0.1999,5.00,3794.0,73.0
37523,140.8,7.10,28.96,0.2056,4.86,3794.0,73.0
37530,144.9,6.90,28.97,0.1999,5.00,3794.0,73.0
37537,144.9,6.90,28.98,0.2000,5.00,3794.0,73.0
37544,144.9,6.90,29.00,0.2001,5.00,3794.0,73.0
37551,140.8,7.10,29.01,0.2060,4.85,3793.9,73.0
37558,144.9,6.90,29.03,0.2003,4.99,3793.9,73.0
37565,144.9,6.90,29.04,0.2004,4.99,3793.9,73.0
37572,142.9,7.00,29.06,0.2034,4.92,3793.9,73.0
37579,142.9,7.00,29.07,0.2035,4.92,3793.9,73.0
37586,144.9,6.90,29.09,0.2007,4.98,3793.9,73.0
37593,144.9,6.90,29.10,0.2008,4.98,3793.9,73.0
37600,142.9,7.00,29.12,0.2038,4.91,3793.9,73.0
37607,144.9,6.90,29.13,0.2010,4.97,3793.8,73.0
37614,138.9,7.20,29.15,0.2098,4.77,3793.8,73.0
37621,151.5,6.60,29.16,0.1925,5.20,3793.8,73.0
37627,144.9,6.90,29.17,0.2013,4.97,3793.8,73.0
37635,140.8,7.10,29.19,0.2072,4.82,3793.8,73.0
37641,144.9,6.90,29.20,0.2015,4.96,3793.8,73.0
37648,144.9,6.90,29.22,0.2016,4.96,3793.8,73.0
37655,142.9,7.00,29.23,0.2046,4.89,3793.7,73.0
37662,144.9,6.90,29.25,0.2018,4.95,3793.7,73.0
37669,144.9,6.90,29.26,0.2019,4.95,3793.7,73.0
37676,142.9,7.00,29.28,0.2049,4.88,3793.7,73.0
37683,144.9,6.90,29.29,0.2021,4.95,3793.7,73.0
37690,140.8,7.10,29.31,0.2081,4.80,3793.7,73.0
37697,147.1,6.80,29.32,0.1994,5.02,3793.7,73.0
37704,142.9,7.00,29.34,0.2053,4.87,3793.6,73.0
37711,144.9,6.90,29.35,0.2025,4.94,3793.6,73.0
37718,142.9,7.00,29.37,0.2056,4.87,3793.6,73.0
37725,144.9,6.90,29.38,0.2027,4.93,3793.6,73.0
37732,144.9,6.90,29.39,0.2028,4.93,3793.6,73.0
37739,138.9,7.20,29.41,0.2117,4.72,3793.6,73.0
37746,147.1,6.80,29.42,0.2001,5.00,3793.6,73.0
37757,87.0,11.50,29.45,0.3386,2.95,3793.5,73.0
37763,163.9,6.10,29.46,0.1797,5.56,3793.5,73.0
37774,97.1,10.30,29.48,0.3037,3.29,3793.5,73.0
37782,120.5,8.30,29.50,0.2449,4.08,3793.5,73.0
37790,123.5,8.10,29.52,0.2391,4.18,3793.5,73.0
37795,204.1,4.90,29.53,0.1447,6.91,3793.5,73.0
37804,105.3,9.50,29.55,0.2807,3.56,3793.4,73.0
37809,196.1,5.10,29.56,0.1507,6.63,3793.4,73.0
37815,175.4,5.70,29.57,0.1685,5.93,3793.4,73.0
37822,142.9,7.00,29.58,0.2071,4.83,3793.4,73.0
37829,147.1,6.80,29.60,0.2013,4.97,3793.4,73.0
37836,144.9,6.90,29.61,0.2043,4.89,3793.4,73.0
37843,142.9,7.00,29.63,0.2074,4.82,3793.4,73.0
37850,147.1,6.80,29.64,0.2016,4.96,3793.4,73.0
37857,142.9,7.00,29.66,0.2076,4.82,3793.3,73.0
37864,147.1,6.80,29.67,0.2018,4.96,3793.3,73.0
37871,142.9,7.00,29.69,0.2078,4.81,3793.3,73.0
37878,142.9,7.00,29.70,0.2079,4.81,3793.3,73.0
37885,142.9,7.00,29.72,0.2080,4.81,3793.3,73.0
37892,142.9,7.00,29.73,0.2081,4.81,3793.3,73.0
37898,144.9,6.90,29.74,0.2052,4.87,3793.3,73.0
37905,142.9,7.00,29.76,0.2083,4.80,3793.2,73.0
37912,144.9,6.90,29.77,0.2054,4.87,3793.2,73.0
37919,144.9,6.90,29.79,0.2055,4.86,3793.2,73.0
37926,142.9,7.00,29.80,0.2086,4.79,3793.2,73.0
37933,147.1,6.80,29.82,0.2028,4.93,3793.2,73.0
37940,144.9,6.90,29.83,0.2059,4.86,3793.2,73.0
37947,142.9,7.00,29.85,0.2089,4.79,3793.2,73.0
37954,142.9,7.00,29.86,0.2090,4.79,3793.1,73.0
37961,144.9,6.90,29.88,0.2062,4.85,3793.1,73.0
37968,142.9,7.00,29.89,0.2092,4.78,3793.1,73.0
37975,142.9,7.00,29.91,0.2094,4.78,3793.1,73.0
37982,144.9,6.90,29.92,0.2065,4.84,3793.1,73.0
37989,147.1,6.80,29.94,0.2036,4.91,3793.1,73.0
37996,142.9,7.00,29.95,0.2097,4.77,3793.1,73.0
38002,144.9,6.90,29.96,0.2068,4.84,3793.0,73.0
38010,140.8,7.10,29.98,0.2129,4.70,3793.0,73.0
38016,144.9,6.90,29.99,0.2070,4.83,3793.0,73.0
38023,142.9,7.00,30.01,0.2101,4.76,3793.0,73.0
38030,144.9,6.90,30.02,0.2072,4.83,3793.0,73.0
38037,142.9,7.00,30.04,0.2103,4.76,3793.0,73.0
38044,144.9,6.90,30.05,0.2074,4.82,3793.0,73.0
38051,144.9,6.90,30.07,0.2075,4.82,3792.9,73.0
38058,144.9,6.90,30.08,0.2076,4.82,3792.9,73.0
38065,142.9,7.00,30.10,0.2107,4.75,3792.9,73.0
38072,142.9,7.00,30.11,0.2108,4.75,3792.9,73.0
38079,144.9,6.90,30.13,0.2079,4.81,3792.9,73.0
38086,144.9,6.90,30.14,0.2080,4.81,3792.9,73.0
38093,142.9,7.00,30.16,0.2111,4.74,3792.9,73.0
38100,144.9,6.90,30.17,0.2082,4.80,3792.9,73.0
38107,140.8,7.10,30.19,0.2143,4.66,3792.8,73.0
38114,147.1,6.80,30.20,0.2054,4.87,3792.8,73.0
38121,144.9,6.90,30.22,0.2085,4.80,3792.8,73.0
38127,144.9,6.90,30.23,0.2086,4.79,3792.8,73.0
38134,142.9,7.00,30.24,0.2117,4.73,3792.8,73.0
38141,144.9,6.90,30.26,0.2088,4.79,3792.8,73.0
38148,140.8,7.10,30.27,0.2149,4.65,3792.8,73.0
38155,144.9,6.90,30.29,0.2090,4.78,3792.7,73.0
38162,142.9,7.00,30.30,0.2121,4.72,3792.7,73.0
38169,144.9,6.90,30.32,0.2092,4.78,3792.7,73.0
38176,147.1,6.80,30.33,0.2063,4.85,3792.7,73.0
38183,142.9,7.00,30.35,0.2124,4.71,3792.7,73.0
38190,142.9,7.00,30.36,0.2125,4.71,3792.7,73.0
38197,144.9,6.90,30.38,0.2096,4.77,3792.7,73.0
38204,142.9,7.00,30.39,0.2127,4.70,3792.6,73.0
38211,138.9,7.20,30.41,0.2189,4.57,3792.6,73.0
38218,151.5,6.60,30.42,0.2008,4.98,3792.6,73.0
38225,142.9,7.00,30.43,0.2130,4.70,3792.6,73.0
38232,142.9,7.00,30.45,0.2131,4.69,3792.6,73.0
38239,144.9,6.90,30.46,0.2102,4.76,3792.6,73.0
38246,144.9,6.90,30.48,0.2103,4.75,3792.6,73.0
38253,142.9,7.00,30.49,0.2135,4.69,3792.5,73.0
38259,144.9,6.90,30.51,0.2105,4.75,3792.5,73.0
38266,142.9,7.00,30.52,0.2136,4.68,3792.5,73.0
38273,144.9,6.90,30.54,0.2107,4.75,3792.5,73.0
38280,144.9,6.90,30.55,0.2108,4.74,3792.5,73.0
38287,140.8,7.10,30.57,0.2170,4.61,3792.5,73.0
38294,144.9,6.90,30.58,0.2110,4.74,3792.5,73.0
38301,142.9,7.00,30.60,0.2142,4.67,3792.4,73.0
38308,144.9,6.90,30.61,0.2112,4.73,3792.4,73.0
38315,144.9,6.90,30.62,0.2113,4.73,3792.4,73.0
38322,144.9,6.90,30.64,0.2114,4.73,3792.4,73.0
38329,140.8,7.10,30.65,0.2176,4.59,3792.4,73.0
38336,144.9,6.90,30.67,0.2116,4.72,3792.4,73.0
38343,144.9,6.90,30.68,0.2117,4.72,3792.4,73.0
38350,144.9,6.90,30.70,0.2118,4.72,3792.4,73.0
38357,142.9,7.00,30.71,0.2150,4.65,3792.3,73.0
38364,144.9,6.90,30.73,0.2120,4.72,3792.3,73.0
38371,142.9,7.00,30.74,0.2152,4.65,3792.3,73.0
38378,144.9,6.90,30.76,0.2122,4.71,3792.3,73.0
38384,144.9,6.90,30.77,0.2123,4.71,3792.3,73.0
38391,142.9,7.00,30.79,0.2155,4.64,3792.3,73.0
38399,140.8,7.10,30.80,0.2187,4.57,3792.3,73.0
38406,142.9,7.00,30.82,0.2157,4.64,3792.2,73.0
38412,149.3,6.70,30.83,0.2066,4.84,3792.2,73.0
38419,140.8,7.10,30.84,0.2190,4.56,3792.2,73.0
38426,147.1,6.80,30.86,0.2098,4.77,3792.2,73.0
38433,144.9,6.90,30.87,0.2130,4.69,3792.2,73.0
38440,144.9,6.90,30.89,0.2131,4.69,3792.2,73.0
38447,140.8,7.10,30.90,0.2194,4.56,3792.2,73.0
38454,144.9,6.90,30.92,0.2133,4.69,3792.1,73.0
38461,144.9,6.90,30.93,0.2134,4.68,3792.1,73.0
38468,144.9,6.90,30.95,0.2135,4.68,3792.1,73.0
38475,142.9,7.00,30.96,0.2167,4.62,3792.1,73.0
38482,144.9,6.90,30.98,0.2137,4.68,3792.1,73.0
38489,142.9,7.00,30.99,0.2169,4.61,3792.1,73.0
38496,142.9,7.00,31.01,0.2170,4.61,3792.1,73.0
38503,144.9,6.90,31.02,0.2140,4.67,3792.0,73.0
38509,144.9,6.90,31.03,0.2141,4.67,3792.0,73.0
38516,144.9,6.90,31.05,0.2142,4.67,3792.0,73.0
38523,140.8,7.10,31.06,0.2206,4.53,3792.0,73.0
38530,144.9,6.90,31.07,0.2144,4.66,3792.0,73.0
38537,144.9,6.90,31.06,0.2143,4.66,3792.1,73.0
38544,144.9,6.90,31.06,0.2143,4.67,3792.1,73.0
38551,142.9,7.00,31.05,0.2174,4.60,3792.2,73.0
38558,142.9,7.00,31.05,0.2174,4.60,3792.2,73.0
38565,144.9,6.90,31.05,0.2142,4.67,3792.2,73.0
38572,142.9,7.00,31.04,0.2173,4.60,3792.3,73.0
38579,147.1,6.80,31.04,0.2111,4.74,3792.3,73.0
38586,142.9,7.00,31.03,0.2172,4.60,3792.4,73.0
38593,142.9,7.00,31.03,0.2172,4.61,3792.4,73.0
38600,144.9,6.90,31.02,0.2141,4.67,3792.4,73.0
38607,142.9,7.00,31.02,0.2171,4.61,3792.5,73.0
38614,142.9,7.00,31.02,0.2171,4.61,3792.5,73.0
38621,144.9,6.90,31.01,0.2140,4.67,3792.6,73.0
38628,144.9,6.90,31.01,0.2140,4.67,3792.6,73.0
38635,140.8,7.10,31.00,0.2201,4.54,3792.7,73.0
38644,111.1,9.00,31.00,0.2790,3.58,3792.7,73.0
38648,208.3,4.80,31.00,0.1488,6.72,3792.7,73.0
38655,147.1,6.80,30.99,0.2107,4.75,3792.8,73.0
38662,142.9,7.00,30.99,0.2169,4.61,3792.8,73.0
38669,142.9,7.00,30.98,0.2169,4.61,3792.9,73.0
38676,144.9,6.90,30.98,0.2138,4.68,3792.9,73.0
38683,142.9,7.00,30.97,0.2168,4.61,3792.9,73.0
38690,144.9,6.90,30.97,0.2137,4.68,3793.0,73.0
38697,147.1,6.80,30.97,0.2106,4.75,3793.0,73.0
38704,144.9,6.90,30.96,0.2136,4.68,3793.1,73.0
38711,140.8,7.10,30.96,0.2198,4.55,3793.1,73.0
38718,144.9,6.90,30.95,0.2136,4.68,3793.2,73.0
38725,144.9,6.90,30.95,0.2135,4.68,3793.2,73.0
38732,142.9,7.00,30.94,0.2166,4.62,3793.2,73.0
38739,144.9,6.90,30.94,0.2135,4.68,3793.3,73.0
38746,144.9,6.90,30.94,0.2135,4.68,3793.3,73.0
38752,144.9,6.90,30.93,0.2134,4.68,3793.4,73.0
38759,142.9,7.00,30.93,0.2165,4.62,3793.4,73.0
38766,142.9,7.00,30.92,0.2165,4.62,3793.4,73.0
38773,144.9,6.90,30.92,0.2133,4.69,3793.5,73.0
38780,144.9,6.90,30.92,0.2133,4.69,3793.5,73.0
38787,144.9,6.90,30.91,0.2133,4.69,3793.6,73.0
38794,140.8,7.10,30.91,0.2194,4.56,3793.6,73.0
38801,144.9,6.90,30.90,0.2132,4.69,3793.7,73.0
38808,142.9,7.00,30.90,0.2163,4.62,3793.7,73.0
38815,144.9,6.90,30.89,0.2132,4.69,3793.7,73.0
38822,144.9,6.90,30.89,0.2131,4.69,3793.8,73.0
38829,144.9,6.90,30.89,0.2131,4.69,3793.8,73.0
38836,142.9,7.00,30.88,0.2162,4.63,3793.9,73.0
38843,144.9,6.90,30.88,0.2130,4.69,3793.9,73.0
38850,142.9,7.00,30.87,0.2161,4.63,3793.9,73.0
38857,144.9,6.90,30.87,0.2130,4.69,3794.0,73.0
38864,144.9,6.90,30.86,0.2130,4.69,3794.0,73.0
38871,140.8,7.10,30.86,0.2191,4.56,3794.1,73.0
38878,144.9,6.90,30.86,0.2129,4.70,3794.1,73.0
38884,144.9,6.90,30.85,0.2129,4.70,3794.1,73.0
38891,142.9,7.00,30.85,0.2159,4.63,3794.2,73.0
38898,144.9,6.90,30.84,0.2128,4.70,3794.2,73.0
38905,142.9,7.00,30.84,0.2159,4.63,3794.3,73.0
38912,144.9,6.90,30.83,0.2128,4.70,3794.3,73.0
38919,142.9,7.00,30.83,0.2158,4.64,3794.4,73.0
38926,144.9,6.90,30.83,0.2127,4.70,3794.4,73.0
38933,138.9,7.20,30.82,0.2219,4.51,3794.4,73.0
38940,149.3,6.70,30.82,0.2065,4.84,3794.5,73.0
38947,144.9,6.90,30.81,0.2126,4.70,3794.5,73.0
38954,142.9,7.00,30.81,0.2157,4.64,3794.6,73.0
38961,144.9,6.90,30.80,0.2126,4.70,3794.6,73.0
38968,140.8,7.10,30.80,0.2187,4.57,3794.7,73.0
38975,147.1,6.80,30.80,0.2094,4.78,3794.7,73.0
38982,144.9,6.90,30.79,0.2125,4.71,3794.7,73.0
38989,142.9,7.00,30.79,0.2155,4.64,3794.8,73.0
38996,144.9,6.90,30.78,0.2124,4.71,3794.8,73.0
39003,142.9,7.00,30.78,0.2155,4.64,3794.9,73.0
39010,142.9,7.00,30.77,0.2154,4.64,3794.9,73.0
39016,147.1,6.80,30.77,0.2092,4.78,3794.9,73.0
39023,142.9,7.00,30.77,0.2154,4.64,3795.0,73.0
39030,142.9,7.00,30.76,0.2153,4.65,3795.0,73.0
39037,142.9,7.00,30.76,0.2153,4.65,3795.1,73.0
39044,147.1,6.80,30.75,0.2091,4.78,3795.1,73.0
39051,142.9,7.00,30.75,0.2152,4.65,3795.2,73.0
39059,120.5,8.30,30.74,0.2552,3.92,3795.2,73.0
39065,172.4,5.80,30.74,0.1783,5.61,3795.2,73.0
39072,147.1,6.80,30.74,0.2090,4.79,3795.3,73.0
39080,133.3,7.50,30.73,0.2305,4.34,3795.3,73.0
39086,156.3,6.40,30.73,0.1967,5.09,3795.4,73.0
39093,142.9,7.00,30.72,0.2151,4.65,3795.4,73.0
39100,142.9,7.00,30.72,0.2150,4.65,3795.4,73.0
39107,144.9,6.90,30.72,0.2119,4.72,3795.5,73.0
39114,147.1,6.80,30.71,0.2088,4.79,3795.5,73.0
39121,144.9,6.90,30.71,0.2119,4.72,3795.6,73.0
39128,142.9,7.00,30.70,0.2149,4.65,3795.6,73.0
39134,144.9,6.90,30.70,0.2118,4.72,3795.6,73.0
39141,142.9,7.00,30.69,0.2149,4.66,3795.7,73.0
39152,99.0,10.10,30.69,0.3100,3.23,3795.8,73.0
39158,147.1,6.80,30.68,0.2087,4.79,3795.8,73.0
39164,188.7,5.30,30.68,0.1626,6.15,3795.8,73.0
39171,138.9,7.20,30.68,0.2209,4.53,3795.9,73.0
39179,122.0,8.20,30.67,0.2515,3.98,3795.9,73.0
39188,111.1,9.00,30.67,0.2760,3.62,3796.0,73.0
39193,196.1,5.10,30.66,0.1564,6.40,3796.0,73.0
39199,178.6,5.60,30.66,0.1717,5.83,3796.0,73.0
39204,196.1,5.10,30.66,0.1563,6.40,3796.1,73.0
39211,142.9,7.00,30.65,0.2146,4.66,3796.1,73.0
39218,144.9,6.90,30.65,0.2115,4.73,3796.2,73.0
39225,142.9,7.00,30.64,0.2145,4.66,3796.2,73.0
39232,144.9,6.90,30.64,0.2114,4.73,3796.2,73.0
39239,142.9,7.00,30.64,0.2144,4.66,3796.3,73.0
39246,142.9,7.00,30.63,0.2144,4.67,3796.3,73.0
39252,147.1,6.80,30.63,0.2083,4.80,3796.4,73.0
39259,142.9,7.00,30.62,0.2144,4.67,3796.4,73.0
39266,142.9,7.00,30.62,0.2143,4.67,3796.4,73.0
39274,138.9,7.20,30.61,0.2204,4.54,3796.5,73.0
39280,151.5,6.60,30.61,0.2020,4.95,3796.5,73.0
39287,140.8,7.10,30.61,0.2173,4.60,3796.6,73.0
39294,147.1,6.80,30.60,0.2081,4.81,3796.6,73.0
39301,138.9,7.20,30.60,0.2203,4.54,3796.7,73.0
39309,137.0,7.30,30.59,0.2233,4.48,3796.7,73.0
39315,153.8,6.50,30.59,0.1988,5.03,3796.7,73.0
39322,147.1,6.80,30.58,0.2080,4.81,3796.8,73.0
39329,142.9,7.00,30.58,0.2141,4.67,3796.8,73.0
39336,140.8,7.10,30.58,0.2171,4.60,3796.9,73.0
39343,147.1,6.80,30.57,0.2079,4.81,3796.9,73.0
39350,144.9,6.90,30.57,0.2109,4.74,3796.9,73.0
39357,144.9,6.90,30.56,0.2109,4.74,3797.0,73.0
39364,144.9,6.90,30.56,0.2109,4.74,3797.0,73.0
39370,144.9,6.90,30.56,0.2108,4.74,3797.1,73.0
39378,140.8,7.10,30.55,0.2169,4.61,3797.1,73.0
39384,144.9,6.90,30.55,0.2108,4.74,3797.1,73.0
39392,138.9,7.20,30.54,0.2199,4.55,3797.2,73.0
39399,142.9,7.00,30.54,0.2138,4.68,3797.2,73.0
39406,137.0,7.30,30.53,0.2229,4.49,3797.3,73.0
39414,129.9,7.70,30.53,0.2351,4.26,3797.3,73.0
39419,178.6,5.60,30.53,0.1709,5.85,3797.4,73.0
39427,122.0,8.20,30.52,0.2503,4.00,3797.4,73.0
39434,149.3,6.70,30.52,0.2045,4.89,3797.4,73.0
39440,166.7,6.00,30.51,0.1831,5.46,3797.5,73.0
39447,147.1,6.80,30.51,0.2075,4.82,3797.5,73.0
39454,144.9,6.90,30.50,0.2105,4.75,3797.6,73.0
39461,142.9,7.00,30.50,0.2135,4.69,3797.6,73.0
39468,144.9,6.90,30.50,0.2104,4.75,3797.7,73.0
39475,142.9,7.00,30.49,0.2134,4.69,3797.7,73.0
39482,144.9,6.90,30.49,0.2104,4.75,3797.7,73.0
39489,142.9,7.00,30.48,0.2134,4.69,3797.8,73.0
39496,142.9,7.00,30.48,0.2133,4.69,3797.8,73.0
39503,142.9,7.00,30.47,0.2133,4.69,3797.9,73.0
39509,147.1,6.80,30.47,0.2072,4.83,3797.9,73.0
39516,144.9,6.90,30.47,0.2102,4.76,3797.9,73.0
39523,140.8,7.10,30.46,0.2163,4.62,3798.0,73.0
39530,144.9,6.90,30.46,0.2101,4.76,3798.0,73.0
39537,142.9,7.00,30.45,0.2131,4.69,3798.0,73.0
39544,149.3,6.70,30.44,0.2039,4.91,3798.0,73.0
39551,140.8,7.10,30.43,0.2160,4.63,3798.0,73.0
39558,144.9,6.90,30.42,0.2099,4.76,3798.0,73.0
39565,142.9,7.00,30.41,0.2129,4.70,3798.0,73.0
39572,144.9,6.90,30.40,0.2098,4.77,3798.0,73.0
39579,144.9,6.90,30.39,0.2097,4.77,3798.0,73.0
39586,142.9,7.00,30.39,0.2127,4.70,3798.0,73.0
39593,140.8,7.10,30.38,0.2157,4.64,3798.0,73.0
39600,149.3,6.70,30.37,0.2035,4.92,3798.0,73.0
39607,144.9,6.90,30.36,0.2095,4.77,3798.0,73.0
39614,140.8,7.10,30.35,0.2155,4.64,3798.0,73.0
39621,144.9,6.90,30.34,0.2094,4.78,3798.0,73.0
39628,142.9,7.00,30.33,0.2123,4.71,3798.0,73.0
39634,144.9,6.90,30.32,0.2092,4.78,3798.0,73.0
39641,144.9,6.90,30.32,0.2092,4.78,3798.0,73.0
39648,144.9,6.90,30.31,0.2091,4.78,3798.0,73.0
39655,138.9,7.20,30.30,0.2182,4.58,3798.0,73.0
39665,109.9,9.10,30.29,0.2756,3.63,3798.0,73.0
39671,163.9,6.10,30.28,0.1847,5.41,3798.0,73.0
39676,175.4,5.70,30.27,0.1726,5.79,3798.0,73.0
39683,149.3,6.70,30.26,0.2028,4.93,3798.0,73.0
39690,142.9,7.00,30.25,0.2118,4.72,3798.0,73.0
39697,147.1,6.80,30.25,0.2057,4.86,3798.0,73.0
39704,140.8,7.10,30.24,0.2147,4.66,3798.0,73.0
39711,144.9,6.90,30.23,0.2086,4.79,3798.0,73.0
39718,144.9,6.90,30.22,0.2085,4.79,3798.0,73.0
39725,142.9,7.00,30.21,0.2115,4.73,3798.0,73.0
39732,142.9,7.00,30.20,0.2114,4.73,3798.0,73.0
39739,144.9,6.90,30.19,0.2083,4.80,3798.0,73.0
39746,144.9,6.90,30.18,0.2083,4.80,3798.0,73.0
39753,142.9,7.00,30.18,0.2112,4.74,3798.0,73.0
39760,142.9,7.00,30.17,0.2112,4.74,3798.0,73.0
39766,144.9,6.90,30.16,0.2081,4.80,3798.0,73.0
39773,144.9,6.90,30.15,0.2080,4.81,3798.0,73.0
39781,137.0,7.30,30.14,0.2200,4.55,3798.0,73.0
39788,138.9,7.20,30.13,0.2170,4.61,3798.0,73.0
39794,153.8,6.50,30.13,0.1958,5.11,3798.0,73.0
39801,147.1,6.80,30.12,0.2048,4.88,3798.0,73.0
39808,142.9,7.00,30.11,0.2108,4.75,3798.0,73.0
39815,144.9,6.90,30.10,0.2077,4.81,3798.0,73.0
39822,144.9,6.90,30.09,0.2076,4.82,3798.0,73.0
39829,144.9,6.90,30.08,0.2076,4.82,3798.0,73.0
39836,140.8,7.10,30.07,0.2135,4.68,3798.0,73.0
39843,147.1,6.80,30.06,0.2044,4.89,3798.0,73.0
39850,144.9,6.90,30.06,0.2074,4.82,3798.0,73.0
39857,140.8,7.10,30.05,0.2133,4.69,3798.0,73.0
39864,144.9,6.90,30.04,0.2073,4.82,3798.0,73.0
39871,144.9,6.90,30.03,0.2072,4.83,3798.0,73.0
39878,142.9,7.00,30.02,0.2101,4.76,3798.0,73.0
39884,144.9,6.90,30.01,0.2071,4.83,3798.0,73.0
39891,142.9,7.00,30.00,0.2100,4.76,3798.0,73.0
39899,137.0,7.30,29.99,0.2190,4.57,3798.0,73.0
39905,153.8,6.50,29.99,0.1949,5.13,3798.0,73.0
39912,142.9,7.00,29.98,0.2098,4.77,3798.0,73.0
39919,144.9,6.90,29.97,0.2068,4.84,3798.0,73.0
39926,144.9,6.90,29.96,0.2067,4.84,3798.0,73.0
39933,142.9,7.00,29.95,0.2097,4.77,3798.0,73.0
39940,144.9,6.90,29.94,0.2066,4.84,3798.0,73.0
39947,142.9,7.00,29.93,0.2095,4.77,3798.0,73.0
39954,144.9,6.90,29.93,0.2065,4.84,3798.0,73.0
39961,142.9,7.00,29.92,0.2094,4.78,3798.0,73.0
39968,144.9,6.90,29.91,0.2064,4.84,3798.0,73.0
39975,142.9,7.00,29.90,0.2093,4.78,3798.0,73.0
39982,144.9,6.90,29.89,0.2062,4.85,3798.0,73.0
39989,142.9,7.00,29.88,0.2092,4.78,3798.0,73.0
39996,144.9,6.90,29.87,0.2061,4.85,3798.0,73.0
40002,144.9,6.90,29.86,0.2061,4.85,3798.0,73.0
40009,142.9,7.00,29.86,0.2090,4.79,3798.0,73.0
40017,140.8,7.10,29.85,0.2119,4.72,3798.0,73.0
40023,147.1,6.80,29.84,0.2029,4.93,3798.0,73.0
40030,144.9,6.90,29.83,0.2058,4.86,3798.0,73.0
40037,138.9,7.20,29.82,0.2147,4.66,3798.0,73.0
40045,142.9,7.00,29.81,0.2087,4.79,3798.0,73.0
40051,149.3,6.70,29.80,0.1997,5.01,3798.0,73.0
40058,144.9,6.90,29.79,0.2056,4.86,3798.0,73.0
40065,142.9,7.00,29.79,0.2085,4.80,3798.0,73.0
40072,147.1,6.80,29.78,0.2025,4.94,3798.0,73.0
40079,142.9,7.00,29.77,0.2084,4.80,3798.0,73.0
40086,144.9,6.90,29.76,0.2053,4.87,3798.0,73.0
40093,144.9,6.90,29.75,0.2053,4.87,3798.0,73.0
40100,142.9,7.00,29.74,0.2082,4.80,3798.0,73.0
40107,144.9,6.90,29.73,0.2052,4.87,3798.0,73.0
40114,140.8,7.10,29.72,0.2110,4.74,3798.0,73.0
40121,144.9,6.90,29.72,0.2050,4.88,3798.0,73.0
40127,147.1,6.80,29.71,0.2020,4.95,3798.0,73.0
40135,129.9,7.70,29.70,0.2287,4.37,3798.0,73.0
40141,158.7,6.30,29.69,0.1871,5.35,3798.0,73.0
40151,109.9,9.10,29.68,0.2701,3.70,3798.0,73.0
40157,156.3,6.40,29.67,0.1899,5.27,3798.0,73.0
40165,126.6,7.90,29.66,0.2343,4.27,3798.0,73.0
40170,188.7,5.30,29.65,0.1572,6.36,3798.0,73.0
40177,149.3,6.70,29.65,0.1986,5.04,3798.0,73.0
40185,125.0,8.00,29.64,0.2371,4.22,3798.0,73.0
40192,144.9,6.90,29.63,0.2044,4.89,3798.0,73.0
40199,144.9,6.90,29.62,0.2044,4.89,3798.0,73.0
40207,126.6,7.90,29.61,0.2339,4.28,3798.0,73.0
40213,161.3,6.20,29.60,0.1835,5.45,3798.0,73.0
40220,147.1,6.80,29.59,0.2012,4.97,3798.0,73.0
40227,142.9,7.00,29.58,0.2071,4.83,3798.0,73.0
40234,144.9,6.90,29.58,0.2041,4.90,3798.0,73.0
40240,144.9,6.90,29.57,0.2040,4.90,3798.0,73.0
40247,142.9,7.00,29.56,0.2069,4.83,3798.0,73.0
40254,144.9,6.90,29.55,0.2039,4.90,3798.0,73.0
40261,144.9,6.90,29.54,0.2038,4.91,3798.0,73.0
40268,144.9,6.90,29.53,0.2038,4.91,3798.0,73.0
40275,147.1,6.80,29.52,0.2008,4.98,3798.0,73.0
40282,142.9,7.00,29.51,0.2066,4.84,3798.0,73.0
40289,144.9,6.90,29.51,0.2036,4.91,3798.0,73.0
40296,147.1,6.80,29.50,0.2006,4.99,3798.0,73.0
40303,137.0,7.30,29.49,0.2153,4.65,3798.0,73.0
40310,142.9,7.00,29.48,0.2064,4.85,3798.0,73.0
40317,147.1,6.80,29.47,0.2004,4.99,3798.0,73.0
40324,144.9,6.90,29.46,0.2033,4.92,3798.0,73.0
40330,147.1,6.80,29.46,0.2003,4.99,3798.0,73.0
40337,144.9,6.90,29.45,0.2032,4.92,3798.0,73.0
40344,142.9,7.00,29.44,0.2061,4.85,3798.0,73.0
40351,140.8,7.10,29.43,0.2089,4.78,3798.0,73.0
40358,144.9,6.90,29.42,0.2030,4.93,3798.0,73.0
40365,142.9,7.00,29.41,0.2059,4.86,3798.0,73.0
40372,142.9,7.00,29.40,0.2058,4.86,3798.0,73.0
40380,128.2,7.80,29.39,0.2293,4.36,3798.0,73.0
40386,169.5,5.90,29.39,0.1734,5.77,3798.0,73.0
40393,140.8,7.10,29.38,0.2086,4.79,3798.0,73.0
40400,142.9,7.00,29.37,0.2056,4.87,3798.0,73.0
40407,147.1,6.80,29.36,0.1996,5.01,3798.0,73.0
40414,142.9,7.00,29.35,0.2054,4.87,3798.0,73.0
40421,147.1,6.80,29.34,0.1995,5.01,3798.0,73.0
40428,147.1,6.80,29.33,0.1995,5.01,3798.0,73.0
40434,147.1,6.80,29.33,0.1994,5.02,3798.0,73.0
40442,140.8,7.10,29.32,0.2081,4.80,3798.0,73.0
40448,144.9,6.90,29.31,0.2022,4.94,3798.0,73.0
40455,144.9,6.90,29.30,0.2022,4.95,3798.0,73.0
40462,140.8,7.10,29.29,0.2080,4.81,3798.0,73.0
40469,142.9,7.00,29.28,0.2050,4.88,3798.0,73.0
40476,147.1,6.80,29.27,0.1991,5.03,3798.0,73.0
40483,138.9,7.20,29.26,0.2107,4.75,3798.0,73.0
40490,149.3,6.70,29.26,0.1960,5.10,3798.0,73.0
40497,137.0,7.30,29.25,0.2135,4.68,3798.0,73.0
40504,144.9,6.90,29.24,0.2017,4.96,3798.0,73.0
40511,151.5,6.60,29.23,0.1929,5.18,3798.0,73.0
40518,142.9,7.00,29.22,0.2045,4.89,3798.0,73.0
40525,142.9,7.00,29.21,0.2045,4.89,3798.0,73.0
40532,147.1,6.80,29.20,0.1986,5.04,3798.0,73.0
40539,137.0,7.30,29.20,0.2131,4.69,3798.0,73.0
40546,149.3,6.70,29.19,0.1956,5.11,3798.0,73.0
40553,142.9,7.00,29.18,0.2043,4.90,3798.0,73.0
40560,142.9,7.00,29.18,0.2042,4.90,3798.0,73.0
40567,144.9,6.90,29.17,0.2013,4.97,3798.0,73.0
40574,138.9,7.20,29.16,0.2100,4.76,3798.0,73.0
40580,151.5,6.60,29.16,0.1924,5.20,3798.0,73.0
40587,142.9,7.00,29.15,0.2041,4.90,3798.0,73.0
40594,142.9,7.00,29.14,0.2040,4.90,3798.0,73.0
40601,144.9,6.90,29.14,0.2011,4.97,3798.0,73.0
40609,138.9,7.20,29.13,0.2097,4.77,3798.0,73.0
40616,140.8,7.10,29.12,0.2068,4.83,3798.0,73.0
40622,156.3,6.40,29.12,0.1864,5.37,3798.0,73.0
40629,140.8,7.10,29.11,0.2067,4.84,3798.0,73.0
40636,144.9,6.90,29.10,0.2008,4.98,3798.0,73.0
40643,144.9,6.90,29.10,0.2008,4.98,3798.0,73.0
40650,137.0,7.30,29.09,0.2124,4.71,3798.0,73.0
40657,153.8,6.50,29.08,0.1890,5.29,3798.0,73.0
40664,137.0,7.30,29.08,0.2123,4.71,3798.0,73.0
40671,147.1,6.80,29.07,0.1977,5.06,3798.0,73.0
40678,144.9,6.90,29.06,0.2005,4.99,3798.0,73.0
40685,147.1,6.80,29.06,0.1976,5.06,3798.0,73.0
40692,140.8,7.10,29.05,0.2063,4.85,3798.0,73.0
40698,147.1,6.80,29.04,0.1975,5.06,3798.0,73.0
40706,138.9,7.20,29.04,0.2091,4.78,3798.0,73.0
40713,142.9,7.00,29.03,0.2032,4.92,3798.0,73.0
40719,147.1,6.80,29.02,0.1974,5.07,3798.0,73.0
40727,140.8,7.10,29.02,0.2060,4.85,3798.0,73.0
40734,135.1,7.40,29.01,0.2147,4.66,3798.0,73.0
40740,158.7,6.30,29.00,0.1827,5.47,3798.0,73.0
40747,144.9,6.90,29.00,0.2001,5.00,3798.0,73.0
40754,142.9,7.00,28.99,0.2029,4.93,3798.0,73.0
40761,144.9,6.90,28.98,0.2000,5.00,3798.0,73.0
40768,142.9,7.00,28.98,0.2028,4.93,3798.0,73.0
40775,144.9,6.90,28.97,0.1999,5.00,3798.0,73.0
40782,142.9,7.00,28.96,0.2027,4.93,3798.0,73.0
40789,142.9,7.00,28.96,0.2027,4.93,3798.0,73.0
40796,142.9,7.00,28.95,0.2027,4.94,3798.0,73.0
40803,144.9,6.90,28.94,0.1997,5.01,3798.0,73.0
40810,142.9,7.00,28.94,0.2026,4.94,3798.0,73.0
40817,138.9,7.20,28.93,0.2083,4.80,3798.0,73.0
40824,151.5,6.60,28.92,0.1909,5.24,3798.0,73.0
40831,144.9,6.90,28.92,0.1995,5.01,3798.0,73.0
40837,144.9,6.90,28.91,0.1995,5.01,3798.0,73.0
40845,140.8,7.10,28.90,0.2052,4.87,3798.0,73.0
40852,137.0,7.30,28.90,0.2109,4.74,3798.0,73.0
40858,153.8,6.50,28.89,0.1878,5.32,3798.0,73.0
40865,140.8,7.10,28.88,0.2051,4.87,3798.0,73.0
40872,151.5,6.60,28.88,0.1906,5.25,3798.0,73.0
40879,138.9,7.20,28.87,0.2079,4.81,3798.0,73.0
40886,147.1,6.80,28.86,0.1963,5.10,3798.0,73.0
40893,140.8,7.10,28.86,0.2049,4.88,3798.0,73.0
40900,144.9,6.90,28.85,0.1991,5.02,3798.0,73.0
40907,144.9,6.90,28.84,0.1990,5.02,3798.0,73.0
40914,142.9,7.00,28.84,0.2019,4.96,3798.0,73.0
40921,142.9,7.00,28.83,0.2018,4.96,3798.0,73.0
40928,147.1,6.80,28.82,0.1960,5.10,3798.0,73.0
40935,144.9,6.90,28.82,0.1988,5.03,3798.0,73.0
40942,138.9,7.20,28.81,0.2074,4.82,3798.0,73.0
40949,149.3,6.70,28.80,0.1930,5.18,3798.0,73.0
40956,140.8,7.10,28.80,0.2045,4.89,3798.0,73.0
40962,147.1,6.80,28.79,0.1958,5.11,3798.0,73.0
40969,144.9,6.90,28.78,0.1986,5.03,3798.0,73.0
40976,144.9,6.90,28.78,0.1986,5.04,3798.0,73.0
40983,142.9,7.00,28.77,0.2014,4.97,3798.0,73.0
40990,144.9,6.90,28.76,0.1985,5.04,3798.0,73.0
40997,140.8,7.10,28.76,0.2042,4.90,3798.0,73.0
41004,147.1,6.80,28.75,0.1955,5.12,3798.0,73.0
41011,149.3,6.70,28.74,0.1926,5.19,3798.0,73.0
41018,138.9,7.20,28.74,0.2069,4.83,3798.0,73.0
41025,137.0,7.30,28.73,0.2097,4.77,3798.0,73.0
41032,147.1,6.80,28.72,0.1953,5.12,3798.0,73.0
41039,149.3,6.70,28.72,0.1924,5.20,3798.0,73.0
41046,138.9,7.20,28.71,0.2067,4.84,3798.0,73.0
41053,144.9,6.90,28.70,0.1981,5.05,3798.0,73.0
41059,151.5,6.60,28.70,0.1894,5.28,3798.0,73.0
41067,133.3,7.50,28.69,0.2152,4.65,3798.0,73.0
41074,151.5,6.60,28.68,0.1893,5.28,3798.0,73.0
41081,138.9,7.20,28.68,0.2065,4.84,3798.0,73.0
41088,140.8,7.10,28.67,0.2036,4.91,3798.0,73.0
41095,144.9,6.90,28.66,0.1978,5.06,3798.0,73.0
41101,151.5,6.60,28.66,0.1891,5.29,3798.0,73.0
41108,142.9,7.00,28.65,0.2006,4.99,3798.0,73.0
41115,144.9,6.90,28.64,0.1976,5.06,3798.0,73.0
41122,142.9,7.00,28.64,0.2005,4.99,3798.0,73.0
41129,140.8,7.10,28.63,0.2033,4.92,3798.0,73.0
41136,153.8,6.50,28.62,0.1861,5.37,3798.0,73.0
41143,137.0,7.30,28.62,0.2089,4.79,3798.0,73.0
41150,144.9,6.90,28.61,0.1974,5.06,3798.0,73.0
41157,142.9,7.00,28.60,0.2002,5.00,3798.0,73.0
41164,144.9,6.90,28.60,0.1973,5.07,3798.0,73.0
41171,144.9,6.90,28.59,0.1973,5.07,3798.0,73.0
41178,142.9,7.00,28.58,0.2001,5.00,3798.0,73.0
41185,144.9,6.90,28.58,0.1972,5.07,3798.0,73.0
41192,144.9,6.90,28.57,0.1971,5.07,3798.0,73.0
41198,147.1,6.80,28.56,0.1942,5.15,3798.0,73.0
41206,140.8,7.10,28.56,0.2028,4.93,3798.0,73.0
41214,119.0,8.40,28.55,0.2398,4.17,3798.0,73.0
41219,188.7,5.30,28.54,0.1513,6.61,3798.0,73.0
41226,142.9,7.00,28.54,0.1998,5.01,3798.0,73.0
41233,140.8,7.10,28.53,0.2026,4.93,3798.0,73.0
41240,149.3,6.70,28.52,0.1911,5.23,3798.0,73.0
41247,140.8,7.10,28.52,0.2025,4.94,3798.0,73.0
41254,144.9,6.90,28.51,0.1967,5.08,3798.0,73.0
41261,142.9,7.00,28.50,0.1995,5.01,3798.0,73.0
41268,144.9,6.90,28.50,0.1966,5.08,3798.0,73.0
41275,142.9,7.00,28.49,0.1994,5.02,3798.0,73.0
41282,147.1,6.80,28.48,0.1937,5.16,3798.0,73.0
41289,144.9,6.90,28.48,0.1965,5.09,3798.0,73.0
41296,142.9,7.00,28.47,0.1993,5.02,3798.0,73.0
41303,142.9,7.00,28.46,0.1992,5.02,3798.0,73.0
41310,140.8,7.10,28.46,0.2020,4.95,3798.0,73.0
41317,144.9,6.90,28.45,0.1963,5.09,3798.0,73.0
41324,142.9,7.00,28.44,0.1991,5.02,3798.0,73.0
41331,135.1,7.40,28.44,0.2104,4.75,3798.0,73.0
41338,158.7,6.30,28.43,0.1791,5.58,3798.0,73.0
41346,116.3,8.60,28.42,0.2444,4.09,3798.0,73.0
41351,192.3,5.20,28.42,0.1478,6.77,3798.0,73.0
41358,149.3,6.70,28.41,0.1904,5.25,3798.0,73.0
41365,138.9,7.20,28.40,0.2045,4.89,3798.0,73.0
41372,142.9,7.00,28.40,0.1988,5.03,3798.0,73.0
41379,147.1,6.80,28.39,0.1931,5.18,3798.0,73.0
41386,137.0,7.30,28.38,0.2072,4.83,3798.0,73.0
41393,156.3,6.40,28.38,0.1816,5.51,3798.0,73.0
41400,133.3,7.50,28.37,0.2128,4.70,3798.0,73.0
41407,147.1,6.80,28.36,0.1929,5.19,3798.0,73.0
41414,147.1,6.80,28.36,0.1928,5.19,3798.0,73.0
41421,147.1,6.80,28.35,0.1928,5.19,3798.0,73.0
41428,138.9,7.20,28.34,0.2041,4.90,3798.0,73.0
41435,142.9,7.00,28.34,0.1984,5.04,3798.0,73.0
41442,147.1,6.80,28.33,0.1926,5.19,3798.0,73.0
41448,149.3,6.70,28.32,0.1898,5.27,3798.0,73.0
41456,137.0,7.30,28.32,0.2067,4.84,3798.0,73.0
41463,135.1,7.40,28.31,0.2095,4.77,3798.0,73.0
41470,135.1,7.40,28.30,0.2094,4.77,3798.0,73.0
41476,169.5,5.90,28.30,0.1670,5.99,3798.0,73.0
41483,142.9,7.00,28.29,0.1980,5.05,3798.0,73.0
41490,140.8,7.10,28.28,0.2008,4.98,3798.0,73.0
41497,144.9,6.90,28.28,0.1951,5.12,3798.0,73.0
41504,144.9,6.90,28.27,0.1951,5.13,3798.0,73.0
41512,131.6,7.60,28.26,0.2148,4.66,3798.0,73.0
41518,158.7,6.30,28.26,0.1780,5.62,3798.0,73.0
41525,142.9,7.00,28.25,0.1978,5.06,3798.0,73.0
41532,147.1,6.80,28.24,0.1921,5.21,3798.0,73.0
41539,147.1,6.80,28.24,0.1920,5.21,3798.0,73.0
41546,142.9,7.00,28.23,0.1976,5.06,3798.0,73.0
41553,140.8,7.10,28.22,0.2004,4.99,3798.0,73.0
41560,151.5,6.60,28.22,0.1862,5.37,3798.0,73.0
41567,133.3,7.50,28.21,0.2116,4.73,3798.0,73.0
41574,138.9,7.20,28.20,0.2031,4.93,3798.0,73.0
41581,156.2,6.40,28.19,0.1804,5.54,3798.0,73.0
41587,147.1,6.80,28.19,0.1917,5.22,3798.0,73.0
41595,140.8,7.10,28.18,0.2001,5.00,3798.0,73.0
41601,149.3,6.70,28.17,0.1888,5.30,3798.0,73.0
41608,147.1,6.80,28.17,0.1915,5.22,3798.0,73.0
41615,137.0,7.30,28.16,0.2056,4.86,3798.0,73.0
41622,142.9,7.00,28.15,0.1971,5.08,3798.0,73.0
41629,140.8,7.10,28.15,0.1998,5.00,3798.0,73.0
41637,133.3,7.50,28.14,0.2110,4.74,3798.0,73.0
41643,158.7,6.30,28.13,0.1772,5.64,3798.0,73.0
41650,149.3,6.70,28.13,0.1884,5.31,3798.0,73.0
41657,135.1,7.40,28.12,0.2081,4.80,3798.0,73.0
41664,151.5,6.60,28.11,0.1855,5.39,3798.0,73.0
41671,138.9,7.20,28.11,0.2024,4.94,3798.0,73.0
41680,120.5,8.30,28.10,0.2332,4.29,3798.0,73.0
41685,196.1,5.10,28.09,0.1433,6.98,3798.0,73.0
41692,144.9,6.90,28.08,0.1938,5.16,3798.0,73.0
41699,140.8,7.10,28.08,0.1993,5.01,3798.0,73.0
41706,142.9,7.00,28.07,0.1965,5.09,3798.0,73.0
41713,144.9,6.90,28.06,0.1936,5.16,3798.0,73.0
41720,137.0,7.30,28.06,0.2048,4.88,3798.0,73.0
41726,153.8,6.50,28.05,0.1823,5.48,3798.0,73.0
41733,142.9,7.00,28.04,0.1963,5.10,3798.0,73.0
41740,142.9,7.00,28.04,0.1963,5.10,3798.0,73.0
41747,144.9,6.90,28.03,0.1934,5.17,3798.0,73.0
41754,140.8,7.10,28.02,0.1990,5.02,3798.0,73.0
41762,126.6,7.90,28.01,0.2213,4.52,3798.0,73.0
41768,175.4,5.70,28.01,0.1596,6.26,3798.0,73.0
41775,142.9,7.00,28.00,0.1960,5.10,3798.0,73.0
41782,140.8,7.10,27.99,0.1988,5.03,3798.0,73.0
41789,142.9,7.00,27.99,0.1959,5.11,3798.0,73.0
41796,144.9,6.90,27.98,0.1931,5.18,3798.0,73.0
41803,137.0,7.30,27.97,0.2042,4.90,3798.0,73.0
41810,156.2,6.40,27.97,0.1790,5.59,3798.0,73.0
41817,138.9,7.20,27.96,0.2013,4.97,3798.0,73.0
41824,131.6,7.60,27.95,0.2124,4.71,3798.0,73.0
41831,163.9,6.10,27.94,0.1705,5.87,3798.0,73.0
41837,147.1,6.80,27.94,0.1900,5.27,3798.0,73.0
41845,131.6,7.60,27.93,0.2123,4.71,3798.0,73.0
41851,158.7,6.30,27.92,0.1759,5.68,3798.0,73.0
41858,140.8,7.10,27.92,0.1982,5.04,3798.0,73.0
41865,144.9,6.90,27.91,0.1926,5.19,3798.0,73.0
41872,144.9,6.90,27.90,0.1925,5.19,3798.0,73.0
41879,149.3,6.70,27.90,0.1869,5.35,3798.0,73.0
41887,125.0,8.00,27.89,0.2231,4.48,3798.0,73.0
41893,161.3,6.20,27.88,0.1729,5.78,3798.0,73.0
41900,137.0,7.30,27.88,0.2035,4.91,3798.0,73.0
41907,153.8,6.50,27.87,0.1811,5.52,3798.0,73.0
41914,137.0,7.30,27.86,0.2034,4.92,3798.0,73.0
41921,153.8,6.50,27.86,0.1811,5.52,3798.0,73.0
41928,129.9,7.70,27.85,0.2144,4.66,3798.0,73.0
41936,133.3,7.50,27.84,0.2088,4.79,3798.0,73.0
41942,153.8,6.50,27.83,0.1809,5.53,3798.0,73.0
41949,156.3,6.40,27.83,0.1781,5.62,3798.0,73.0
41956,144.9,6.90,27.82,0.1920,5.21,3798.0,73.0
41963,140.8,7.10,27.81,0.1975,5.06,3798.0,73.0
41971,117.6,8.50,27.81,0.2363,4.23,3798.0,73.0
41976,192.3,5.20,27.80,0.1446,6.92,3798.0,73.0
41989,82.6,12.10,27.79,0.3362,2.97,3798.0,73.0
41995,144.9,6.90,27.78,0.1917,5.22,3798.0,73.0
42002,144.9,6.90,27.77,0.1916,5.22,3798.0,73.0
42010,131.6,7.60,27.77,0.2110,4.74,3798.0,73.0
42016,156.2,6.40,27.76,0.1777,5.63,3798.0,73.0
42023,142.9,7.00,27.75,0.1943,5.15,3798.0,73.0
42030,147.1,6.80,27.75,0.1887,5.30,3798.0,73.0
42037,142.9,7.00,27.74,0.1942,5.15,3798.0,73.0
42044,140.8,7.10,27.73,0.1969,5.08,3798.0,73.0
42051,138.9,7.20,27.72,0.1996,5.01,3798.0,73.0
42058,151.5,6.60,27.72,0.1829,5.47,3798.0,73.0
42065,147.1,6.80,27.71,0.1884,5.31,3798.0,73.0
42072,142.9,7.00,27.70,0.1939,5.16,3798.0,73.0
42079,142.9,7.00,27.70,0.1939,5.16,3798.0,73.0
42086,147.1,6.80,27.69,0.1883,5.31,3798.0,73.0
42093,144.9,6.90,27.68,0.1910,5.23,3798.0,73.0
42100,142.9,7.00,27.68,0.1937,5.16,3798.0,73.0
42107,144.9,6.90,27.67,0.1909,5.24,3798.0,73.0
42114,142.9,7.00,27.66,0.1936,5.17,3798.0,73.0
42120,147.1,6.80,27.66,0.1881,5.32,3798.0,73.0
42128,140.8,7.10,27.65,0.1963,5.09,3798.0,73.0
42134,144.9,6.90,27.64,0.1907,5.24,3798.0,73.0
42142,140.8,7.10,27.63,0.1962,5.10,3798.0,73.0
42148,147.1,6.80,27.63,0.1879,5.32,3798.0,73.0
42155,144.9,6.90,27.62,0.1906,5.25,3798.0,73.0
42162,142.9,7.00,27.61,0.1933,5.17,3798.0,73.0
42169,142.9,7.00,27.61,0.1932,5.18,3798.0,73.0
42176,144.9,6.90,27.60,0.1904,5.25,3798.0,73.0
42184,133.3,7.50,27.59,0.2069,4.83,3798.0,73.0
42190,158.7,6.30,27.59,0.1738,5.75,3798.0,73.0
42197,142.9,7.00,27.58,0.1931,5.18,3798.0,73.0
42204,144.9,6.90,27.57,0.1902,5.26,3798.0,73.0
42211,142.9,7.00,27.57,0.1930,5.18,3798.0,73.0
42218,147.1,6.80,27.56,0.1874,5.34,3798.0,73.0
42225,142.9,7.00,27.55,0.1929,5.19,3798.0,73.0
42232,142.9,7.00,27.54,0.1928,5.19,3798.0,73.0
42240,125.0,8.00,27.54,0.2203,4.54,3798.0,73.0
42246,166.7,6.00,27.53,0.1652,6.06,3798.0,73.0
42253,140.8,7.10,27.52,0.1954,5.12,3798.0,73.0
42259,149.3,6.70,27.52,0.1844,5.43,3798.0,73.0
42266,147.1,6.80,27.51,0.1871,5.35,3798.0,73.0
42273,140.8,7.10,27.50,0.1953,5.12,3798.0,73.0
42280,144.9,6.90,27.50,0.1897,5.27,3798.0,73.0
42287,142.9,7.00,27.49,0.1924,5.20,3798.0,73.0
42294,144.9,6.90,27.48,0.1896,5.27,3798.0,73.0
42301,140.8,7.10,27.47,0.1951,5.12,3798.0,73.0
42308,144.9,6.90,27.47,0.1895,5.28,3798.0,73.0
42315,147.1,6.80,27.46,0.1867,5.36,3798.0,73.0
42322,142.9,7.00,27.45,0.1922,5.21,3798.0,73.0
42329,142.9,7.00,27.45,0.1921,5.21,3798.0,73.0
42336,147.1,6.80,27.44,0.1866,5.36,3798.0,73.0
42343,142.9,7.00,27.43,0.1920,5.21,3798.0,73.0
42350,142.9,7.00,27.43,0.1920,5.21,3798.0,73.0
42357,144.9,6.90,27.42,0.1892,5.28,3798.0,73.0
42364,144.9,6.90,27.41,0.1891,5.29,3798.0,73.0
42370,144.9,6.90,27.41,0.1891,5.29,3798.0,73.0
42377,142.9,7.00,27.40,0.1918,5.22,3798.0,73.0
42384,142.9,7.00,27.39,0.1917,5.22,3798.0,73.0
42391,142.9,7.00,27.38,0.1917,5.22,3798.0,73.0
42398,144.9,6.90,27.38,0.1889,5.29,3798.0,73.0
42405,142.9,7.00,27.37,0.1916,5.22,3798.0,73.0
42412,147.1,6.80,27.36,0.1861,5.38,3798.0,73.0
42419,144.9,6.90,27.36,0.1888,5.30,3798.0,73.0
42426,142.9,7.00,27.35,0.1914,5.22,3798.0,73.0
42433,142.9,7.00,27.34,0.1914,5.23,3798.0,73.0
42440,144.9,6.90,27.34,0.1886,5.30,3798.0,73.0
42447,144.9,6.90,27.33,0.1886,5.30,3798.0,73.0
42454,140.8,7.10,27.32,0.1940,5.15,3798.0,73.0
42461,144.9,6.90,27.32,0.1885,5.30,3798.0,73.0
42468,144.9,6.90,27.31,0.1884,5.31,3798.0,73.0
42475,142.9,7.00,27.30,0.1911,5.23,3798.0,73.0
42482,144.9,6.90,27.29,0.1883,5.31,3798.0,73.0
42488,147.1,6.80,27.29,0.1856,5.39,3798.0,73.0
42496,138.9,7.20,27.28,0.1964,5.09,3798.0,73.0
42503,144.9,6.90,27.27,0.1882,5.31,3798.0,73.0
42509,147.1,6.80,27.27,0.1854,5.39,3798.0,73.0
42516,140.8,7.10,27.26,0.1935,5.17,3798.0,73.0
42523,147.1,6.80,27.25,0.1853,5.40,3798.0,73.0
42531,135.1,7.40,27.25,0.2016,4.96,3798.0,73.0
42537,153.8,6.50,27.25,0.1771,5.64,3798.0,73.0
42544,142.9,7.00,27.25,0.1907,5.24,3798.0,73.0
42551,142.9,7.00,27.25,0.1907,5.24,3798.0,73.0
42558,144.9,6.90,27.25,0.1880,5.32,3798.0,73.0
42565,144.9,6.90,27.25,0.1880,5.32,3798.0,73.0
42572,138.9,7.20,27.24,0.1962,5.10,3798.0,73.0
42579,147.1,6.80,27.24,0.1853,5.40,3798.0,72.9
42586,144.9,6.90,27.24,0.1880,5.32,3798.0,72.9
42593,142.9,7.00,27.24,0.1907,5.25,3798.0,72.9
42600,144.9,6.90,27.24,0.1880,5.32,3798.0,72.9
42607,144.9,6.90,27.24,0.1880,5.32,3798.0,72.9
42614,140.8,7.10,27.24,0.1934,5.17,3798.0,72.9
42621,144.9,6.90,27.24,0.1879,5.32,3798.0,72.9
42628,144.9,6.90,27.24,0.1879,5.32,3798.0,72.9
42634,144.9,6.90,27.24,0.1879,5.32,3798.0,72.9
42641,142.9,7.00,27.24,0.1907,5.25,3798.0,72.9
42648,144.9,6.90,27.24,0.1879,5.32,3798.0,72.9
42655,142.9,7.00,27.23,0.1906,5.25,3798.0,72.9
42662,144.9,6.90,27.23,0.1879,5.32,3798.0,72.9
42669,144.9,6.90,27.23,0.1879,5.32,3798.0,72.9
42676,140.8,7.10,27.23,0.1933,5.17,3798.0,72.8
42683,144.9,6.90,27.23,0.1879,5.32,3798.0,72.8
42690,147.1,6.80,27.23,0.1852,5.40,3798.0,72.8
42697,142.9,7.00,27.23,0.1906,5.25,3798.0,72.8
42704,142.9,7.00,27.23,0.1906,5.25,3798.0,72.8
42711,140.8,7.10,27.23,0.1933,5.17,3798.0,72.8
42718,149.3,6.70,27.23,0.1824,5.48,3798.0,72.8
42725,142.9,7.00,27.23,0.1906,5.25,3798.0,72.8
42732,142.9,7.00,27.23,0.1906,5.25,3798.0,72.8
42739,144.9,6.90,27.22,0.1878,5.32,3798.0,72.8
42746,144.9,6.90,27.22,0.1878,5.32,3798.0,72.8
42752,144.9,6.90,27.22,0.1878,5.32,3798.0,72.8
42759,142.9,7.00,27.22,0.1906,5.25,3798.0,72.8
42766,142.9,7.00,27.22,0.1905,5.25,3798.0,72.8
42773,147.1,6.80,27.22,0.1851,5.40,3798.0,72.8
42780,142.9,7.00,27.22,0.1905,5.25,3798.0,72.7
42787,144.9,6.90,27.22,0.1878,5.32,3798.0,72.7
42794,140.8,7.10,27.22,0.1932,5.17,3798.0,72.7
42801,144.9,6.90,27.22,0.1878,5.32,3798.0,72.7
42809,125.0,8.00,27.22,0.2177,4.59,3798.0,72.7
42817,133.3,7.50,27.22,0.2041,4.90,3798.0,72.7
42824,135.1,7.40,27.21,0.2014,4.96,3798.0,72.7
42832,128.2,7.80,27.21,0.2123,4.71,3798.0,72.7
42838,163.9,6.10,27.21,0.1660,6.02,3798.0,72.7
42845,142.9,7.00,27.21,0.1905,5.25,3798.0,72.7
42852,153.8,6.50,27.21,0.1769,5.65,3798.0,72.7
42859,140.8,7.10,27.21,0.1932,5.17,3798.0,72.7
42866,144.9,6.90,27.21,0.1877,5.33,3798.0,72.7
42873,142.9,7.00,27.21,0.1905,5.25,3798.0,72.7
42879,144.9,6.90,27.21,0.1877,5.33,3798.0,72.6
42886,149.3,6.70,27.21,0.1823,5.49,3798.0,72.6
42893,142.9,7.00,27.21,0.1904,5.25,3798.0,72.6
42900,151.5,6.60,27.21,0.1796,5.57,3798.0,72.6
42907,142.9,7.00,27.20,0.1904,5.25,3798.0,72.6
42914,140.8,7.10,27.20,0.1931,5.18,3798.0,72.6
42921,147.1,6.80,27.20,0.1850,5.41,3798.0,72.6
42927,149.3,6.70,27.20,0.1823,5.49,3798.0,72.6
42935,137.0,7.30,27.20,0.1986,5.04,3798.0,72.6
42942,144.9,6.90,27.20,0.1877,5.33,3798.0,72.6
42949,142.9,7.00,27.20,0.1904,5.25,3798.0,72.6
42956,140.8,7.10,27.20,0.1931,5.18,3798.0,72.6
42962,147.1,6.80,27.20,0.1849,5.41,3798.0,72.6
42969,142.9,7.00,27.20,0.1904,5.25,3798.0,72.6
42976,142.9,7.00,27.20,0.1904,5.25,3798.0,72.5
42983,144.9,6.90,27.20,0.1876,5.33,3798.0,72.5
42990,142.9,7.00,27.19,0.1904,5.25,3798.0,72.5
42998,138.9,7.20,27.19,0.1958,5.11,3798.0,72.5
43004,147.1,6.80,27.19,0.1849,5.41,3798.0,72.5
43011,149.3,6.70,27.19,0.1822,5.49,3798.0,72.5
43018,142.9,7.00,27.19,0.1903,5.26,3798.0,72.5
43025,140.8,7.10,27.19,0.1930,5.18,3798.0,72.5
43032,149.3,6.70,27.19,0.1822,5.49,3798.0,72.5
43039,142.9,7.00,27.19,0.1903,5.26,3798.0,72.5
43046,144.9,6.90,27.19,0.1876,5.33,3798.0,72.5
43053,138.9,7.20,27.19,0.1957,5.11,3798.0,72.5
43060,149.3,6.70,27.19,0.1821,5.49,3798.0,72.5
43067,142.9,7.00,27.19,0.1903,5.26,3798.0,72.5
43073,147.1,6.80,27.18,0.1849,5.41,3798.0,72.5
43080,147.1,6.80,27.18,0.1848,5.41,3798.0,72.4
43087,142.9,7.00,27.18,0.1903,5.26,3798.0,72.4
43094,138.9,7.20,27.18,0.1957,5.11,3798.0,72.4
43101,142.9,7.00,27.18,0.1903,5.26,3798.0,72.4
43108,147.1,6.80,27.18,0.1848,5.41,3798.0,72.4
43115,140.8,7.10,27.18,0.1930,5.18,3798.0,72.4
43122,142.9,7.00,27.18,0.1902,5.26,3798.0,72.4
43129,147.1,6.80,27.18,0.1848,5.41,3798.0,72.4
43136,144.9,6.90,27.18,0.1875,5.33,3798.0,72.4
43143,142.9,7.00,27.18,0.1902,5.26,3798.0,72.4
43150,144.9,6.90,27.18,0.1875,5.33,3798.0,72.4
43157,147.1,6.80,27.17,0.1848,5.41,3798.0,72.4
43164,142.9,7.00,27.17,0.1902,5.26,3798.0,72.4
43171,140.8,7.10,27.17,0.1929,5.18,3798.0,72.4
43178,138.9,7.20,27.17,0.1956,5.11,3798.0,72.3
43185,138.9,7.20,27.17,0.1956,5.11,3798.0,72.3
43192,149.3,6.70,27.17,0.1820,5.50,3798.0,72.3
43199,144.9,6.90,27.17,0.1875,5.33,3798.0,72.3
43206,142.9,7.00,27.17,0.1902,5.26,3798.0,72.3
43213,144.9,6.90,27.17,0.1875,5.33,3798.0,72.3
43220,147.1,6.80,27.17,0.1847,5.41,3798.0,72.3
43227,142.9,7.00,27.17,0.1902,5.26,3798.0,72.3
43233,144.9,6.90,27.17,0.1874,5.33,3798.0,72.3
43240,142.9,7.00,27.16,0.1902,5.26,3798.0,72.3
43247,144.9,6.90,27.16,0.1874,5.33,3798.0,72.3
43254,144.9,6.90,27.16,0.1874,5.33,3798.0,72.3
43261,147.1,6.80,27.16,0.1847,5.42,3798.0,72.3
43268,142.9,7.00,27.16,0.1901,5.26,3798.0,72.3
43275,142.9,7.00,27.16,0.1901,5.26,3798.0,72.3
43282,147.1,6.80,27.16,0.1847,5.42,3798.0,72.2
43289,144.9,6.90,27.16,0.1874,5.34,3798.0,72.2
43296,140.8,7.10,27.16,0.1928,5.18,3798.0,72.2
43303,147.1,6.80,27.16,0.1847,5.42,3798.0,72.2
43309,147.1,6.80,27.16,0.1847,5.42,3798.0,72.2
43316,142.9,7.00,27.16,0.1901,5.26,3798.0,72.2
43323,144.9,6.90,27.15,0.1874,5.34,3798.0,72.2
43330,140.8,7.10,27.15,0.1928,5.19,3798.0,72.2
43337,144.9,6.90,27.15,0.1874,5.34,3798.0,72.2
43344,144.9,6.90,27.15,0.1873,5.34,3798.0,72.2
43351,142.9,7.00,27.15,0.1901,5.26,3798.0,72.2
43358,140.8,7.10,27.15,0.1928,5.19,3798.0,72.2
43365,147.1,6.80,27.15,0.1846,5.42,3798.0,72.2
43372,144.9,6.90,27.15,0.1873,5.34,3798.0,72.2
43379,138.9,7.20,27.15,0.1955,5.12,3798.0,72.1
43386,144.9,6.90,27.15,0.1873,5.34,3798.0,72.1
43393,144.9,6.90,27.15,0.1873,5.34,3798.0,72.1
43400,140.8,7.10,27.15,0.1927,5.19,3798.0,72.1
43407,144.9,6.90,27.14,0.1873,5.34,3798.0,72.1
43414,140.8,7.10,27.14,0.1927,5.19,3798.0,72.1
43421,149.3,6.70,27.14,0.1819,5.50,3798.0,72.1
43428,144.9,6.90,27.14,0.1873,5.34,3798.0,72.1
43435,144.9,6.90,27.14,0.1873,5.34,3798.0,72.1
43442,144.9,6.90,27.14,0.1873,5.34,3798.0,72.1
43449,138.9,7.20,27.14,0.1954,5.12,3798.0,72.1
43456,147.1,6.80,27.14,0.1845,5.42,3798.0,72.1
43463,140.8,7.10,27.14,0.1927,5.19,3798.0,72.1
43469,147.1,6.80,27.14,0.1845,5.42,3798.0,72.1
43476,144.9,6.90,27.14,0.1872,5.34,3798.0,72.0
43483,144.9,6.90,27.14,0.1872,5.34,3798.0,72.0
43490,138.9,7.20,27.13,0.1954,5.12,3798.0,72.0
43497,147.1,6.80,27.13,0.1845,5.42,3798.0,72.0
43504,147.1,6.80,27.13,0.1845,5.42,3798.0,72.0
43511,138.9,7.20,27.13,0.1953,5.12,3798.0,72.0
43518,142.9,7.00,27.13,0.1899,5.27,3798.0,72.0
43525,147.1,6.80,27.13,0.1845,5.42,3798.0,72.0
43532,142.9,7.00,27.13,0.1899,5.27,3798.0,72.0
43539,144.9,6.90,27.13,0.1872,5.34,3798.0,72.0
43546,142.9,7.00,27.12,0.1899,5.27,3798.0,72.0
43553,147.1,6.80,27.12,0.1844,5.42,3798.0,72.0
43560,144.9,6.90,27.12,0.1871,5.34,3798.0,72.0
43567,142.9,7.00,27.12,0.1898,5.27,3798.0,72.0
43574,144.9,6.90,27.12,0.1871,5.34,3798.0,72.0
43581,142.9,7.00,27.12,0.1898,5.27,3798.0,72.0
43587,144.9,6.90,27.11,0.1871,5.34,3798.0,72.0
43594,144.9,6.90,27.11,0.1871,5.34,3798.0,72.0
43601,144.9,6.90,27.11,0.1871,5.34,3798.0,72.0
43608,147.1,6.80,27.11,0.1843,5.43,3798.0,72.0
43615,142.9,7.00,27.11,0.1897,5.27,3798.0,72.0
43622,142.9,7.00,27.10,0.1897,5.27,3798.0,72.0
43629,147.1,6.80,27.10,0.1843,5.43,3798.0,72.0
43636,135.1,7.40,27.10,0.2005,4.99,3798.0,72.0
43643,147.1,6.80,27.10,0.1843,5.43,3798.0,72.0
43650,140.8,7.10,27.10,0.1924,5.20,3798.0,72.0
43657,147.1,6.80,27.09,0.1842,5.43,3798.0,72.0
43664,144.9,6.90,27.09,0.1869,5.35,3798.0,72.0
43671,142.9,7.00,27.09,0.1896,5.27,3798.0,72.0
43678,147.1,6.80,27.09,0.1842,5.43,3798.0,72.0
43685,144.9,6.90,27.09,0.1869,5.35,3798.0,72.0
43692,140.8,7.10,27.09,0.1923,5.20,3798.0,72.0
43699,138.9,7.20,27.08,0.1950,5.13,3798.0,72.0
43706,149.3,6.70,27.08,0.1814,5.51,3798.0,72.0
43713,140.8,7.10,27.08,0.1923,5.20,3798.0,72.0
43719,147.1,6.80,27.08,0.1841,5.43,3798.0,72.0
43726,142.9,7.00,27.08,0.1895,5.28,3798.0,72.0
43733,147.1,6.80,27.07,0.1841,5.43,3798.0,72.0
43740,144.9,6.90,27.07,0.1868,5.35,3798.0,72.0
43747,147.1,6.80,27.07,0.1841,5.43,3798.0,72.0
43754,144.9,6.90,27.07,0.1868,5.35,3798.0,72.0
43761,142.9,7.00,27.07,0.1895,5.28,3798.0,72.0
43768,144.9,6.90,27.06,0.1867,5.35,3798.0,72.0
43775,140.8,7.10,27.06,0.1921,5.20,3798.0,72.0
43782,144.9,6.90,27.06,0.1867,5.35,3798.0,72.0
43789,140.8,7.10,27.06,0.1921,5.20,3798.0,72.0
43796,142.9,7.00,27.06,0.1894,5.28,3798.0,72.0
43803,147.1,6.80,27.06,0.1840,5.44,3798.0,72.0
43810,142.9,7.00,27.05,0.1894,5.28,3798.0,72.0
43816,149.3,6.70,27.05,0.1812,5.52,3798.0,72.0
43823,142.9,7.00,27.05,0.1893,5.28,3798.0,72.0
43830,142.9,7.00,27.05,0.1893,5.28,3798.0,72.0
43837,140.8,7.10,27.05,0.1920,5.21,3798.0,72.0
43844,144.9,6.90,27.04,0.1866,5.36,3798.0,72.0
43851,142.9,7.00,27.04,0.1893,5.28,3798.0,72.0
43858,144.9,6.90,27.04,0.1866,5.36,3798.0,72.0
43865,144.9,6.90,27.04,0.1866,5.36,3798.0,72.0
43872,147.1,6.80,27.04,0.1838,5.44,3798.0,72.0
43879,144.9,6.90,27.03,0.1865,5.36,3798.0,72.0
43886,144.9,6.90,27.03,0.1865,5.36,3798.0,72.0
43893,140.8,7.10,27.03,0.1919,5.21,3798.0,72.0
43900,138.9,7.20,27.03,0.1946,5.14,3798.0,72.0
43907,144.9,6.90,27.03,0.1865,5.36,3798.0,72.0
43914,142.9,7.00,27.03,0.1892,5.29,3798.0,72.0
43921,142.9,7.00,27.02,0.1892,5.29,3798.0,72.0
43928,147.1,6.80,27.02,0.1837,5.44,3798.0,72.0
43935,142.9,7.00,27.02,0.1891,5.29,3798.0,72.0
43942,144.9,6.90,27.02,0.1864,5.36,3798.0,72.0
43949,142.9,7.00,27.02,0.1891,5.29,3798.0,72.0
43956,144.9,6.90,27.01,0.1864,5.36,3798.0,72.0
43963,140.8,7.10,27.01,0.1918,5.21,3798.0,72.0
43969,147.1,6.80,27.01,0.1837,5.45,3798.0,72.0
43977,140.8,7.10,27.01,0.1918,5.21,3798.0,72.0
43983,144.9,6.90,27.01,0.1863,5.37,3798.0,72.0
43990,147.1,6.80,27.00,0.1836,5.45,3798.0,72.0
43998,133.3,7.50,27.00,0.2025,4.94,3798.0,72.0
44004,156.2,6.40,27.00,0.1728,5.78,3798.0,72.0
44011,144.9,6.90,27.00,0.1863,5.37,3798.0,72.0
44018,144.9,6.90,27.00,0.1863,5.37,3798.0,72.0
44025,144.9,6.90,27.00,0.1863,5.37,3798.0,72.0
44032,144.9,6.90,26.99,0.1863,5.37,3798.0,72.0
44039,140.8,7.10,26.99,0.1916,5.22,3798.0,72.0
44046,142.9,7.00,26.99,0.1889,5.29,3798.0,72.0
44053,147.1,6.80,26.99,0.1835,5.45,3798.0,72.0
44059,147.1,6.80,26.99,0.1835,5.45,3798.0,72.0
44066,144.9,6.90,26.98,0.1862,5.37,3798.0,72.0
44073,142.9,7.00,26.98,0.1889,5.30,3798.0,72.0
44080,142.9,7.00,26.98,0.1889,5.30,3798.0,72.0
44088,138.9,7.20,26.98,0.1942,5.15,3798.0,72.0
44094,144.9,6.90,26.98,0.1861,5.37,3798.0,72.0
44102,140.8,7.10,26.97,0.1915,5.22,3798.0,72.0
44109,142.9,7.00,26.97,0.1888,5.30,3798.0,72.0
44115,147.1,6.80,26.97,0.1834,5.45,3798.0,72.0
44122,144.9,6.90,26.97,0.1861,5.37,3798.0,72.0
44129,144.9,6.90,26.97,0.1861,5.37,3798.0,72.0
44136,137.0,7.30,26.97,0.1968,5.08,3798.0,72.0
44143,147.1,6.80,26.96,0.1834,5.46,3798.0,72.0
44150,149.3,6.70,26.96,0.1806,5.54,3798.0,72.0
44157,144.9,6.90,26.96,0.1860,5.37,3798.0,72.0
44164,142.9,7.00,26.96,0.1887,5.30,3798.0,72.0
44171,149.3,6.70,26.96,0.1806,5.54,3798.0,72.0
44178,140.8,7.10,26.95,0.1914,5.22,3798.0,72.0
44185,144.9,6.90,26.95,0.1860,5.38,3798.0,72.0
44191,147.1,6.80,26.95,0.1833,5.46,3798.0,72.0
44198,142.9,7.00,26.95,0.1886,5.30,3798.0,72.0
44205,142.9,7.00,26.95,0.1886,5.30,3798.0,72.0
44212,140.8,7.10,26.94,0.1913,5.23,3798.0,72.0
44219,142.9,7.00,26.94,0.1886,5.30,3798.0,72.0
44226,144.9,6.90,26.94,0.1859,5.38,3798.0,72.0
44233,147.1,6.80,26.94,0.1832,5.46,3798.0,72.0
44240,142.9,7.00,26.94,0.1886,5.30,3798.0,72.0
44247,142.9,7.00,26.94,0.1885,5.31,3798.0,72.0
44254,142.9,7.00,26.93,0.1885,5.31,3798.0,72.0
44261,147.1,6.80,26.93,0.1831,5.46,3798.0,72.0
44268,142.9,7.00,26.93,0.1885,5.31,3798.0,72.0
44275,144.9,6.90,26.93,0.1858,5.38,3798.0,72.0
44282,147.1,6.80,26.93,0.1831,5.46,3798.0,72.0
44289,140.8,7.10,26.92,0.1912,5.23,3798.0,72.0
44296,142.9,7.00,26.92,0.1885,5.31,3798.0,72.0
44303,140.8,7.10,26.92,0.1911,5.23,3798.0,72.0
44310,147.1,6.80,26.92,0.1830,5.46,3798.0,72.0
44317,140.8,7.10,26.92,0.1911,5.23,3798.0,72.0
44324,142.9,7.00,26.91,0.1884,5.31,3798.0,72.0
44331,147.1,6.80,26.91,0.1830,5.47,3798.0,72.0
44338,142.9,7.00,26.91,0.1884,5.31,3798.0,72.0
44344,144.9,6.90,26.91,0.1857,5.38,3798.0,72.0
44351,142.9,7.00,26.91,0.1884,5.31,3798.0,72.0
44359,140.8,7.10,26.91,0.1910,5.23,3798.0,72.0
44365,144.9,6.90,26.90,0.1856,5.39,3798.0,72.0
44372,147.1,6.80,26.90,0.1829,5.47,3798.0,72.0
44379,147.1,6.80,26.90,0.1829,5.47,3798.0,72.0
44386,144.9,6.90,26.90,0.1856,5.39,3798.0,72.0
44393,147.1,6.80,26.90,0.1829,5.47,3798.0,72.0
44400,137.0,7.30,26.89,0.1963,5.09,3798.0,72.0
44407,142.9,7.00,26.89,0.1882,5.31,3798.0,72.0
44414,138.9,7.20,26.89,0.1936,5.17,3798.0,72.0
44421,153.8,6.50,26.89,0.1748,5.72,3798.0,72.0
44428,140.8,7.10,26.89,0.1909,5.24,3798.0,72.0
44435,144.9,6.90,26.88,0.1855,5.39,3798.0,72.0
44442,147.1,6.80,26.88,0.1828,5.47,3798.0,72.0
44449,140.8,7.10,26.88,0.1909,5.24,3798.0,72.0
44456,144.9,6.90,26.88,0.1855,5.39,3798.0,72.0
44462,147.1,6.80,26.88,0.1828,5.47,3798.0,72.0
44469,140.8,7.10,26.88,0.1908,5.24,3798.0,72.0
44476,144.9,6.90,26.87,0.1854,5.39,3798.0,72.0
44483,144.9,6.90,26.87,0.1854,5.39,3798.0,72.0
44490,142.9,7.00,26.87,0.1881,5.32,3798.0,72.0
44497,147.1,6.80,26.87,0.1827,5.47,3798.0,72.0
44504,149.3,6.70,26.87,0.1800,5.56,3798.0,72.0
44511,142.9,7.00,26.86,0.1880,5.32,3798.0,72.0
44518,140.8,7.10,26.86,0.1907,5.24,3798.0,72.0
44525,140.8,7.10,26.86,0.1907,5.24,3798.0,72.0
44532,144.9,6.90,26.86,0.1853,5.40,3798.0,72.0
44539,144.9,6.90,26.86,0.1853,5.40,3798.0,72.0
44546,147.1,6.80,26.85,0.1826,5.48,3798.0,72.0
44553,142.9,7.00,26.85,0.1880,5.32,3798.0,72.0
44560,142.9,7.00,26.85,0.1879,5.32,3798.0,72.0
44566,144.9,6.90,26.85,0.1852,5.40,3798.0,72.0
44573,144.9,6.90,26.84,0.1852,5.40,3798.0,72.0
44580,144.9,6.90,26.84,0.1852,5.40,3798.0,72.0
44587,142.9,7.00,26.84,0.1879,5.32,3798.0,72.0
44594,144.9,6.90,26.84,0.1852,5.40,3798.0,72.0
44601,142.9,7.00,26.83,0.1878,5.33,3798.0,72.0
44608,147.1,6.80,26.83,0.1825,5.48,3798.0,72.0
44615,142.9,7.00,26.83,0.1878,5.33,3798.0,72.0
44622,142.9,7.00,26.83,0.1878,5.33,3798.0,72.0
44629,138.9,7.20,26.82,0.1931,5.18,3798.0,72.0
44636,144.9,6.90,26.82,0.1851,5.40,3798.0,72.0
44643,144.9,6.90,26.82,0.1851,5.40,3798.0,72.0
44650,147.1,6.80,26.82,0.1824,5.49,3798.0,72.0
44657,144.9,6.90,26.82,0.1850,5.40,3798.0,72.0
44664,142.9,7.00,26.81,0.1877,5.33,3798.0,72.0
44671,142.9,7.00,26.81,0.1877,5.33,3798.0,72.0
44678,144.9,6.90,26.81,0.1850,5.41,3798.0,72.0
44684,147.1,6.80,26.81,0.1823,5.49,3798.0,72.0
44691,142.9,7.00,26.80,0.1876,5.33,3798.0,72.0
44698,144.9,6.90,26.80,0.1849,5.41,3798.0,72.0
44705,140.8,7.10,26.80,0.1903,5.25,3798.0,72.0
44712,147.1,6.80,26.80,0.1822,5.49,3798.0,72.0
44719,144.9,6.90,26.79,0.1849,5.41,3798.0,72.0
44726,140.8,7.10,26.79,0.1902,5.26,3798.0,72.0
44734,135.1,7.40,26.79,0.1982,5.04,3798.0,72.0
44740,149.3,6.70,26.79,0.1795,5.57,3798.0,72.0
44747,144.9,6.90,26.78,0.1848,5.41,3798.0,72.0
44754,149.3,6.70,26.78,0.1794,5.57,3798.0,72.0
44761,142.9,7.00,26.78,0.1875,5.34,3798.0,72.0
44768,144.9,6.90,26.78,0.1848,5.41,3798.0,72.0
44775,144.9,6.90,26.78,0.1847,5.41,3798.0,72.0
44782,142.9,7.00,26.77,0.1874,5.34,3798.0,72.0
44789,144.9,6.90,26.77,0.1847,5.41,3798.0,72.0
44795,144.9,6.90,26.77,0.1847,5.41,3798.0,72.0
44802,142.9,7.00,26.77,0.1874,5.34,3798.0,72.0
44809,142.9,7.00,26.76,0.1873,5.34,3798.0,72.0
44816,144.9,6.90,26.76,0.1847,5.41,3798.0,72.0
44823,142.9,7.00,26.76,0.1873,5.34,3798.0,72.0
44830,144.9,6.90,26.76,0.1846,5.42,3798.0,72.0
44838,137.0,7.30,26.75,0.1953,5.12,3798.0,72.0
44844,149.3,6.70,26.75,0.1792,5.58,3798.0,72.0
44851,144.9,6.90,26.75,0.1846,5.42,3798.0,72.0
44858,142.9,7.00,26.75,0.1872,5.34,3798.0,72.0
44865,144.9,6.90,26.74,0.1845,5.42,3798.0,72.0
44872,149.3,6.70,26.74,0.1792,5.58,3798.0,72.0
44879,140.8,7.10,26.74,0.1899,5.27,3798.0,72.0
44886,142.9,7.00,26.74,0.1872,5.34,3798.0,72.0
44893,144.9,6.90,26.74,0.1845,5.42,3798.0,72.0
44900,144.9,6.90,26.73,0.1845,5.42,3798.0,72.0
44907,144.9,6.90,26.73,0.1844,5.42,3798.0,72.0
44914,142.9,7.00,26.73,0.1871,5.35,3798.0,72.0
44921,144.9,6.90,26.73,0.1844,5.42,3798.0,72.0
44928,142.9,7.00,26.72,0.1871,5.35,3798.0,72.0
44935,142.9,7.00,26.72,0.1870,5.35,3798.0,72.0
44942,142.9,7.00,26.72,0.1870,5.35,3798.0,72.0
44949,140.8,7.10,26.72,0.1897,5.27,3798.0,72.0
44956,140.8,7.10,26.71,0.1897,5.27,3798.0,72.0
44963,147.1,6.80,26.71,0.1816,5.51,3798.0,72.0
44969,147.1,6.80,26.71,0.1816,5.51,3798.0,72.0
44976,142.9,7.00,26.71,0.1869,5.35,3798.0,72.0
44983,144.9,6.90,26.70,0.1843,5.43,3798.0,72.0
44990,147.1,6.80,26.70,0.1816,5.51,3798.0,72.0
44997,140.8,7.10,26.70,0.1896,5.27,3798.0,72.0
45004,142.9,7.00,26.70,0.1869,5.35,3798.0,72.0
45011,147.1,6.80,26.70,0.1815,5.51,3798.0,72.0
45018,142.9,7.00,26.69,0.1868,5.35,3798.0,72.0
45025,140.8,7.10,26.69,0.1895,5.28,3798.0,72.0
45032,147.1,6.80,26.69,0.1815,5.51,3798.0,72.0
45039,140.8,7.10,26.69,0.1895,5.28,3798.0,72.0
45046,147.1,6.80,26.68,0.1814,5.51,3798.0,72.0
45053,142.9,7.00,26.68,0.1868,5.36,3798.0,72.0
45060,144.9,6.90,26.68,0.1841,5.43,3798.0,72.0
45067,140.8,7.10,26.68,0.1894,5.28,3798.0,72.0
45074,144.9,6.90,26.67,0.1840,5.43,3798.0,72.0
45080,149.3,6.70,26.67,0.1787,5.60,3798.0,72.0
45087,147.1,6.80,26.67,0.1814,5.52,3798.0,72.0
45094,147.1,6.80,26.67,0.1813,5.52,3798.0,72.0
45101,140.8,7.10,26.66,0.1893,5.28,3798.0,72.0
45108,144.9,6.90,26.66,0.1840,5.43,3798.0,72.0
45115,140.8,7.10,26.66,0.1893,5.28,3798.0,72.0
45122,147.1,6.80,26.66,0.1813,5.52,3798.0,72.0
45129,142.9,7.00,26.65,0.1866,5.36,3798.0,72.0
45136,142.9,7.00,26.65,0.1866,5.36,3798.0,72.0
45143,142.9,7.00,26.65,0.1866,5.36,3798.0,72.0
45150,142.9,7.00,26.65,0.1865,5.36,3798.0,72.0
45157,147.1,6.80,26.65,0.1812,5.52,3798.0,72.0
45164,138.9,7.20,26.64,0.1918,5.21,3798.0,72.0
45171,147.1,6.80,26.64,0.1812,5.52,3798.0,72.0
45178,142.9,7.00,26.64,0.1865,5.36,3798.0,72.0
45184,147.1,6.80,26.64,0.1811,5.52,3798.0,72.0
45191,142.9,7.00,26.63,0.1864,5.37,3798.0,72.0
45198,144.9,6.90,26.63,0.1838,5.44,3798.0,72.0
45205,147.1,6.80,26.63,0.1811,5.52,3798.0,72.0
45212,144.9,6.90,26.63,0.1837,5.44,3798.0,72.0
45219,140.8,7.10,26.62,0.1890,5.29,3798.0,72.0
45226,144.9,6.90,26.62,0.1837,5.44,3798.0,72.0
45233,142.9,7.00,26.62,0.1863,5.37,3798.0,72.0
45240,140.8,7.10,26.62,0.1890,5.29,3798.0,72.0
45247,144.9,6.90,26.61,0.1836,5.44,3798.0,72.0
45254,144.9,6.90,26.61,0.1836,5.44,3798.0,72.0
45261,147.1,6.80,26.61,0.1809,5.53,3798.0,72.0
45268,142.9,7.00,26.61,0.1863,5.37,3798.0,72.0
45275,144.9,6.90,26.61,0.1836,5.45,3798.0,72.0
45282,140.8,7.10,26.60,0.1889,5.29,3798.0,72.0
45289,147.1,6.80,26.60,0.1809,5.53,3798.0,72.0
45296,142.9,7.00,26.60,0.1862,5.37,3798.0,72.0
45303,142.9,7.00,26.60,0.1862,5.37,3798.0,72.0
45309,144.9,6.90,26.59,0.1835,5.45,3798.0,72.0
45316,144.9,6.90,26.59,0.1835,5.45,3798.0,72.0
45323,140.8,7.10,26.59,0.1888,5.30,3798.0,72.0
45331,142.9,7.00,26.59,0.1861,5.37,3798.0,72.0
45337,147.1,6.80,26.58,0.1808,5.53,3798.0,72.0
45344,142.9,7.00,26.58,0.1861,5.38,3798.0,72.0
45351,144.9,6.90,26.58,0.1834,5.45,3798.0,72.0
45358,140.8,7.10,26.58,0.1887,5.30,3798.0,72.0
45365,147.1,6.80,26.57,0.1807,5.54,3798.0,72.0
45372,147.1,6.80,26.57,0.1807,5.54,3798.0,72.0
45379,144.9,6.90,26.57,0.1833,5.45,3798.0,72.0
45386,142.9,7.00,26.57,0.1860,5.38,3798.0,72.0
45393,140.8,7.10,26.57,0.1886,5.30,3798.0,72.0
45400,149.3,6.70,26.56,0.1780,5.62,3798.0,72.0
45407,142.9,7.00,26.56,0.1859,5.38,3798.0,72.0
45414,137.0,7.30,26.56,0.1939,5.16,3798.0,72.0
45421,140.8,7.10,26.56,0.1885,5.30,3798.0,72.0
45428,147.1,6.80,26.55,0.1806,5.54,3798.0,72.0
45435,142.9,7.00,26.55,0.1859,5.38,3798.0,72.0
45442,144.9,6.90,26.55,0.1832,5.46,3798.0,72.0
45449,144.9,6.90,26.55,0.1832,5.46,3798.0,72.0
45456,144.9,6.90,26.54,0.1832,5.46,3798.0,72.0
45462,144.9,6.90,26.54,0.1831,5.46,3798.0,72.0
45469,142.9,7.00,26.54,0.1858,5.38,3798.0,72.0
45477,140.8,7.10,26.54,0.1884,5.31,3798.0,72.0
45483,158.7,6.30,26.53,0.1672,5.98,3798.0,72.0
45490,140.8,7.10,26.53,0.1884,5.31,3798.0,72.0
45497,144.9,6.90,26.53,0.1831,5.46,3798.0,72.0
45504,142.9,7.00,26.53,0.1857,5.39,3798.0,72.0
45511,144.9,6.90,26.53,0.1830,5.46,3798.0,72.0
45518,140.8,7.10,26.52,0.1883,5.31,3798.0,72.0
45525,147.1,6.80,26.52,0.1803,5.55,3798.0,72.0
45532,144.9,6.90,26.52,0.1830,5.46,3798.0,72.0
45539,140.8,7.10,26.52,0.1883,5.31,3798.0,72.0
45546,144.9,6.90,26.52,0.1830,5.46,3798.0,72.0
45553,142.9,7.00,26.52,0.1856,5.39,3798.0,72.0
45560,142.9,7.00,26.51,0.1856,5.39,3798.0,72.0
45566,147.1,6.80,26.51,0.1803,5.55,3798.0,72.0
45573,140.8,7.10,26.51,0.1882,5.31,3798.0,72.0
45580,144.9,6.90,26.51,0.1829,5.47,3798.0,72.0
45587,142.9,7.00,26.51,0.1856,5.39,3798.0,72.0
45594,144.9,6.90,26.51,0.1829,5.47,3798.0,72.0
45601,142.9,7.00,26.51,0.1856,5.39,3798.0,72.0
45608,147.1,6.80,26.51,0.1802,5.55,3798.0,72.0
45615,144.9,6.90,26.50,0.1829,5.47,3798.0,72.0
45622,142.9,7.00,26.50,0.1855,5.39,3798.0,72.0
45629,144.9,6.90,26.50,0.1829,5.47,3798.0,72.0
45636,144.9,6.90,26.50,0.1829,5.47,3798.0,72.0
45643,142.9,7.00,26.50,0.1855,5.39,3798.0,72.0
45650,142.9,7.00,26.50,0.1855,5.39,3798.0,72.0
45657,144.9,6.90,26.50,0.1828,5.47,3798.0,72.0
45664,138.9,7.20,26.50,0.1908,5.24,3798.0,72.0
45670,151.5,6.60,26.50,0.1749,5.72,3798.0,72.0
45677,142.9,7.00,26.49,0.1855,5.39,3798.0,72.0
45684,144.9,6.90,26.49,0.1828,5.47,3798.0,72.0
45691,144.9,6.90,26.49,0.1828,5.47,3798.0,72.0
45698,140.8,7.10,26.49,0.1881,5.32,3798.0,72.0
45705,147.1,6.80,26.49,0.1801,5.55,3798.0,72.0
45712,142.9,7.00,26.49,0.1854,5.39,3798.0,72.0
45719,144.9,6.90,26.49,0.1828,5.47,3798.0,72.0
45726,142.9,7.00,26.49,0.1854,5.40,3798.0,72.0
45733,142.9,7.00,26.48,0.1854,5.40,3798.0,72.0
45740,142.9,7.00,26.48,0.1854,5.40,3798.0,72.0
45747,147.1,6.80,26.48,0.1801,5.55,3798.0,72.0
45754,140.8,7.10,26.48,0.1880,5.32,3798.0,72.0
45761,144.9,6.90,26.48,0.1827,5.47,3798.0,72.0
45768,144.9,6.90,26.48,0.1827,5.47,3798.0,72.0
45775,144.9,6.90,26.48,0.1827,5.47,3798.0,72.0
45782,140.8,7.10,26.48,0.1880,5.32,3798.0,72.0
45789,140.8,7.10,26.48,0.1880,5.32,3798.0,72.0
45796,140.8,7.10,26.47,0.1880,5.32,3798.0,72.0
45803,147.1,6.80,26.47,0.1800,5.56,3798.0,72.0
45809,149.3,6.70,26.47,0.1774,5.64,3798.0,72.0
45816,144.9,6.90,26.47,0.1826,5.47,3798.0,72.0
45823,144.9,6.90,26.47,0.1826,5.47,3798.0,72.0
45831,135.1,7.40,26.47,0.1959,5.10,3798.0,72.0
45838,144.9,6.90,26.47,0.1826,5.47,3798.0,72.0
45844,149.3,6.70,26.47,0.1773,5.64,3798.0,72.0
45851,144.9,6.90,26.46,0.1826,5.48,3798.0,72.0
45858,147.1,6.80,26.46,0.1800,5.56,3798.0,72.0
45865,137.0,7.30,26.46,0.1932,5.18,3798.0,72.0
45872,140.8,7.10,26.46,0.1879,5.32,3798.0,72.0
45879,149.3,6.70,26.46,0.1773,5.64,3798.0,72.0
45886,147.1,6.80,26.46,0.1799,5.56,3798.0,72.0
45893,144.9,6.90,26.46,0.1826,5.48,3798.0,72.0
45900,147.1,6.80,26.46,0.1799,5.56,3798.0,72.0
45906,144.9,6.90,26.46,0.1825,5.48,3798.0,72.0
45914,138.9,7.20,26.45,0.1905,5.25,3798.0,72.0
45921,144.9,6.90,26.45,0.1825,5.48,3798.0,72.0
45927,144.9,6.90,26.45,0.1825,5.48,3798.0,72.0
45934,142.9,7.00,26.45,0.1852,5.40,3798.0,72.0
45942,140.8,7.10,26.45,0.1878,5.32,3798.0,72.0
45949,142.9,7.00,26.45,0.1851,5.40,3798.0,72.0
45956,140.8,7.10,26.45,0.1878,5.32,3798.0,72.0
45963,138.9,7.20,26.45,0.1904,5.25,3798.0,72.0
45970,147.1,6.80,26.44,0.1798,5.56,3798.0,72.0
45976,149.3,6.70,26.44,0.1772,5.65,3798.0,72.0
45983,144.9,6.90,26.44,0.1825,5.48,3798.0,72.0
45990,147.1,6.80,26.44,0.1798,5.56,3798.0,72.0
45997,142.9,7.00,26.44,0.1851,5.40,3798.0,72.0
46004,149.3,6.70,26.44,0.1771,5.65,3798.0,72.0
46011,140.8,7.10,26.44,0.1877,5.33,3798.0,72.0
46018,144.9,6.90,26.44,0.1824,5.48,3798.0,72.0
46025,142.9,7.00,26.44,0.1850,5.41,3798.0,72.0
46032,144.9,6.90,26.43,0.1824,5.48,3798.0,72.0
46039,144.9,6.90,26.43,0.1824,5.48,3798.0,72.0
46046,142.9,7.00,26.43,0.1850,5.41,3798.0,72.0
46052,147.1,6.80,26.43,0.1797,5.57,3798.0,72.0
46059,140.8,7.10,26.43,0.1876,5.33,3798.0,72.0
46066,147.1,6.80,26.43,0.1797,5.57,3798.0,72.0
46073,138.9,7.20,26.43,0.1903,5.26,3798.0,72.0
46080,144.9,6.90,26.43,0.1823,5.48,3798.0,72.0
46087,149.3,6.70,26.42,0.1770,5.65,3798.0,72.0
46094,142.9,7.00,26.42,0.1850,5.41,3798.0,72.0
46101,144.9,6.90,26.42,0.1823,5.48,3798.0,72.0
46108,140.8,7.10,26.42,0.1876,5.33,3798.0,72.0
46115,144.9,6.90,26.42,0.1823,5.48,3798.0,72.0
46122,147.1,6.80,26.42,0.1796,5.57,3798.0,72.0
46129,140.8,7.10,26.42,0.1876,5.33,3798.0,72.0
46136,142.9,7.00,26.42,0.1849,5.41,3798.0,72.0
46143,142.9,7.00,26.42,0.1849,5.41,3798.0,72.0
46150,144.9,6.90,26.41,0.1823,5.49,3798.0,72.0
46157,138.9,7.20,26.41,0.1902,5.26,3798.0,72.0
46164,144.9,6.90,26.41,0.1822,5.49,3798.0,72.0
46171,135.1,7.40,26.41,0.1954,5.12,3798.0,72.0
46178,151.5,6.60,26.41,0.1743,5.74,3798.0,72.0
46185,144.9,6.90,26.41,0.1822,5.49,3798.0,72.0
46192,147.1,6.80,26.41,0.1796,5.57,3798.0,72.0
46198,147.1,6.80,26.41,0.1796,5.57,3798.0,72.0
46206,137.0,7.30,26.40,0.1928,5.19,3798.0,72.0
46212,147.1,6.80,26.40,0.1795,5.57,3798.0,72.0
46219,147.1,6.80,26.40,0.1795,5.57,3798.0,72.0
46226,151.5,6.60,26.40,0.1742,5.74,3798.0,72.0
46233,144.9,6.90,26.40,0.1822,5.49,3798.0,72.0
46240,140.8,7.10,26.40,0.1874,5.33,3798.0,72.0
46247,142.9,7.00,26.40,0.1848,5.41,3798.0,72.0
46254,142.9,7.00,26.40,0.1848,5.41,3798.0,72.0
46261,142.9,7.00,26.40,0.1848,5.41,3798.0,72.0
46268,147.1,6.80,26.39,0.1795,5.57,3798.0,72.0
46275,142.9,7.00,26.39,0.1847,5.41,3798.0,72.0
46282,142.9,7.00,26.39,0.1847,5.41,3798.0,72.0
46289,142.9,7.00,26.39,0.1847,5.41,3798.0,72.0
46295,147.1,6.80,26.39,0.1794,5.57,3798.0,72.0
46302,142.9,7.00,26.39,0.1847,5.42,3798.0,72.0
46310,140.8,7.10,26.39,0.1873,5.34,3798.0,72.0
46317,142.9,7.00,26.39,0.1847,5.42,3798.0,72.0
46323,147.1,6.80,26.38,0.1794,5.58,3798.0,72.0
46330,147.1,6.80,26.38,0.1794,5.58,3798.0,72.0
46337,142.9,7.00,26.38,0.1847,5.42,3798.0,72.0
46344,138.9,7.20,26.38,0.1899,5.27,3798.0,72.0
46351,147.1,6.80,26.38,0.1794,5.58,3798.0,72.0
46358,144.9,6.90,26.38,0.1820,5.49,3798.0,72.0
46365,144.9,6.90,26.38,0.1820,5.49,3798.0,72.0
46372,140.8,7.10,26.38,0.1873,5.34,3798.0,72.0
46379,144.9,6.90,26.37,0.1820,5.49,3798.0,72.0
46386,142.9,7.00,26.37,0.1846,5.42,3798.0,72.0
46393,142.9,7.00,26.37,0.1846,5.42,3798.0,72.0
46400,147.1,6.80,26.37,0.1793,5.58,3798.0,72.0
46407,140.8,7.10,26.37,0.1872,5.34,3798.0,72.0
46414,144.9,6.90,26.37,0.1819,5.50,3798.0,72.0
46421,147.1,6.80,26.37,0.1793,5.58,3798.0,72.0
46428,133.3,7.50,26.37,0.1977,5.06,3798.0,72.0
46435,147.1,6.80,26.37,0.1793,5.58,3798.0,72.0
46442,147.1,6.80,26.36,0.1793,5.58,3798.0,72.0
46448,151.5,6.60,26.36,0.1740,5.75,3798.0,72.0
46455,144.9,6.90,26.36,0.1819,5.50,3798.0,72.0
46462,144.9,6.90,26.36,0.1819,5.50,3798.0,72.0
46469,144.9,6.90,26.36,0.1819,5.50,3798.0,72.0
46476,144.9,6.90,26.36,0.1819,5.50,3798.0,72.0
46483,142.9,7.00,26.36,0.1845,5.42,3798.0,72.0
46490,144.9,6.90,26.36,0.1819,5.50,3798.0,72.0
46497,142.9,7.00,26.35,0.1845,5.42,3798.0,72.0
46504,144.9,6.90,26.35,0.1818,5.50,3798.0,72.0
46511,140.8,7.10,26.35,0.1871,5.34,3798.0,72.0
46518,144.9,6.90,26.35,0.1818,5.50,3798.0,72.0
46525,142.9,7.00,26.35,0.1845,5.42,3798.0,72.0
46532,142.9,7.00,26.35,0.1844,5.42,3798.0,72.0
46539,142.9,7.00,26.35,0.1844,5.42,3798.0,72.0
46546,147.1,6.80,26.35,0.1792,5.58,3798.0,72.0
46552,144.9,6.90,26.35,0.1818,5.50,3798.0,72.0
46559,144.9,6.90,26.35,0.1818,5.50,3798.0,72.0
46567,138.9,7.20,26.35,0.1897,5.27,3798.0,72.0
46574,138.9,7.20,26.35,0.1897,5.27,3798.0,72.0
46580,149.3,6.70,26.35,0.1765,5.67,3798.0,72.0
46587,147.1,6.80,26.35,0.1792,5.58,3798.0,72.0
46594,142.9,7.00,26.35,0.1844,5.42,3798.0,72.0
46601,142.9,7.00,26.35,0.1844,5.42,3798.0,72.0
46608,147.1,6.80,26.35,0.1792,5.58,3798.0,72.0
46615,144.9,6.90,26.35,0.1818,5.50,3798.0,72.0
46622,142.9,7.00,26.35,0.1844,5.42,3798.0,72.0
46629,142.9,7.00,26.35,0.1844,5.42,3798.0,72.0
46636,144.9,6.90,26.35,0.1818,5.50,3798.0,72.0
46643,147.1,6.80,26.35,0.1792,5.58,3798.0,72.0
46650,140.8,7.10,26.35,0.1871,5.34,3798.0,72.0
46656,149.3,6.70,26.35,0.1765,5.67,3798.0,72.0
46664,138.9,7.20,26.35,0.1897,5.27,3798.0,72.0
46671,142.9,7.00,26.35,0.1844,5.42,3798.0,72.0
46678,144.9,6.90,26.35,0.1818,5.50,3798.0,72.0
46684,144.9,6.90,26.35,0.1818,5.50,3798.0,72.0
46692,140.8,7.10,26.35,0.1871,5.34,3798.0,72.0
46698,147.1,6.80,26.35,0.1792,5.58,3798.0,72.0
46705,147.1,6.80,26.35,0.1792,5.58,3798.0,72.0
46712,142.9,7.00,26.35,0.1844,5.42,3798.0,72.0
46719,142.9,7.00,26.35,0.1844,5.42,3798.0,72.0
46726,144.9,6.90,26.35,0.1818,5.50,3798.0,72.0
46733,142.9,7.00,26.35,0.1844,5.42,3798.0,72.0
46740,142.9,7.00,26.35,0.1844,5.42,3798.0,72.0
46747,144.9,6.90,26.35,0.1818,5.50,3798.0,72.0
46754,144.9,6.90,26.35,0.1818,5.50,3798.0,72.0
46761,144.9,6.90,26.35,0.1818,5.50,3798.0,72.0
46768,144.9,6.90,26.35,0.1818,5.50,3798.0,72.0
46775,142.9,7.00,26.35,0.1844,5.42,3798.0,72.0
46782,144.9,6.90,26.35,0.1818,5.50,3798.0,72.0
46789,142.9,7.00,26.35,0.1844,5.42,3798.0,72.0
46796,142.9,7.00,26.35,0.1844,5.42,3798.0,72.0
46803,142.9,7.00,26.35,0.1844,5.42,3798.0,72.0
46809,144.9,6.90,26.35,0.1818,5.50,3798.0,72.0
46816,144.9,6.90,26.35,0.1818,5.50,3798.0,72.0
46823,140.8,7.10,26.35,0.1871,5.34,3798.0,72.0
46830,144.9,6.90,26.35,0.1818,5.50,3798.0,72.0
46837,142.9,7.00,26.35,0.1844,5.42,3798.0,72.0
46844,142.9,7.00,26.35,0.1844,5.42,3798.0,72.0
46851,147.1,6.80,26.35,0.1792,5.58,3798.0,72.0
46858,144.9,6.90,26.35,0.1818,5.50,3798.0,72.0
46865,144.9,6.90,26.35,0.1818,5.50,3798.0,72.0
46872,144.9,6.90,26.35,0.1818,5.50,3798.0,72.0
46879,140.8,7.10,26.35,0.1871,5.34,3798.0,72.0
46886,149.3,6.70,26.35,0.1765,5.67,3798.0,72.0
46893,140.8,7.10,26.35,0.1871,5.34,3798.0,72.0
46900,147.1,6.80,26.35,0.1792,5.58,3798.0,72.0
46907,138.9,7.20,26.35,0.1897,5.27,3798.0,72.0
46914,138.9,7.20,26.35,0.1897,5.27,3798.0,72.0
46921,142.9,7.00,26.35,0.1844,5.42,3798.0,72.0
46928,147.1,6.80,26.35,0.1792,5.58,3798.0,72.0
46935,142.9,7.00,26.35,0.1844,5.42,3798.0,72.0
46942,147.1,6.80,26.35,0.1792,5.58,3798.0,72.0
46949,138.9,7.20,26.35,0.1897,5.27,3798.0,72.0
46956,142.9,7.00,26.35,0.1844,5.42,3798.0,72.0
46963,140.8,7.10,26.35,0.1871,5.34,3798.0,72.0
46969,156.3,6.40,26.35,0.1686,5.93,3798.0,72.0
46977,135.1,7.40,26.35,0.1950,5.13,3798.0,72.0
46984,144.9,6.90,26.35,0.1818,5.50,3798.0,72.0
46990,153.8,6.50,26.35,0.1712,5.84,3798.0,72.0
46997,142.9,7.00,26.35,0.1844,5.42,3798.0,72.0
47004,142.9,7.00,26.35,0.1844,5.42,3798.0,72.0
47011,140.8,7.10,26.35,0.1871,5.34,3798.0,72.0
47018,147.1,6.80,26.35,0.1791,5.58,3798.0,72.0
47025,142.9,7.00,26.35,0.1844,5.42,3798.0,72.0
47032,140.8,7.10,26.34,0.1870,5.34,3798.0,72.0
47039,142.9,7.00,26.34,0.1844,5.42,3798.0,72.0
47046,144.9,6.90,26.34,0.1818,5.50,3798.0,72.0
47053,144.9,6.90,26.34,0.1818,5.50,3798.0,72.0
47060,147.1,6.80,26.34,0.1791,5.58,3798.0,72.0
47067,142.9,7.00,26.34,0.1844,5.42,3798.0,72.0
47073,147.1,6.80,26.34,0.1791,5.58,3798.0,72.0
47080,149.3,6.70,26.34,0.1765,5.67,3798.0,72.0
47087,142.9,7.00,26.34,0.1844,5.42,3798.0,72.0
47094,142.9,7.00,26.34,0.1844,5.42,3798.0,72.0
47101,147.1,6.80,26.34,0.1791,5.58,3798.0,72.0
47108,144.9,6.90,26.34,0.1818,5.50,3798.0,72.0
47115,140.8,7.10,26.34,0.1870,5.34,3798.0,72.0
47122,144.9,6.90,26.34,0.1818,5.50,3798.0,72.0
47129,147.1,6.80,26.34,0.1791,5.58,3798.0,72.0
47136,138.9,7.20,26.34,0.1897,5.27,3798.0,72.0
47143,144.9,6.90,26.34,0.1818,5.50,3798.0,72.0
47150,147.1,6.80,26.34,0.1791,5.58,3798.0,72.0
47157,142.9,7.00,26.34,0.1844,5.42,3798.0,72.0
47164,142.9,7.00,26.34,0.1844,5.42,3798.0,72.0
47171,142.9,7.00,26.34,0.1844,5.42,3798.0,72.0
47177,147.1,6.80,26.34,0.1791,5.58,3798.0,72.0
47184,144.9,6.90,26.34,0.1818,5.50,3798.0,72.0
47191,142.9,7.00,26.34,0.1844,5.42,3798.0,72.0
47198,142.9,7.00,26.34,0.1844,5.42,3798.0,72.0
47205,142.9,7.00,26.34,0.1844,5.42,3798.0,72.0
47212,149.3,6.70,26.34,0.1765,5.67,3798.0,72.0
47219,140.8,7.10,26.34,0.1870,5.34,3798.0,72.0
47226,138.9,7.20,26.34,0.1897,5.27,3798.0,72.0
47233,151.5,6.60,26.34,0.1739,5.75,3798.0,72.0
47240,142.9,7.00,26.34,0.1844,5.42,3798.0,72.0
47247,142.9,7.00,26.34,0.1844,5.42,3798.0,72.0
47254,142.9,7.00,26.34,0.1844,5.42,3798.0,72.0
47261,147.1,6.80,26.34,0.1791,5.58,3798.0,72.0
47268,142.9,7.00,26.34,0.1844,5.42,3798.0,72.0
47275,142.9,7.00,26.34,0.1844,5.42,3798.0,72.0
47282,142.9,7.00,26.34,0.1844,5.42,3798.0,72.0
47289,140.8,7.10,26.34,0.1870,5.35,3798.0,72.0
47295,151.5,6.60,26.34,0.1739,5.75,3798.0,72.0
47303,140.8,7.10,26.34,0.1870,5.35,3798.0,72.0
47309,144.9,6.90,26.34,0.1818,5.50,3798.0,72.0
47316,144.9,6.90,26.34,0.1818,5.50,3798.0,72.0
47323,140.8,7.10,26.34,0.1870,5.35,3798.0,72.0
47330,147.1,6.80,26.34,0.1791,5.58,3798.0,72.0
47337,142.9,7.00,26.34,0.1844,5.42,3798.0,72.0
47344,144.9,6.90,26.34,0.1818,5.50,3798.0,72.0
47351,142.9,7.00,26.34,0.1844,5.42,3798.0,72.0
47358,149.3,6.70,26.34,0.1765,5.67,3798.0,72.0
47365,138.9,7.20,26.34,0.1897,5.27,3798.0,72.0
47372,144.9,6.90,26.34,0.1818,5.50,3798.0,72.0
47379,144.9,6.90,26.34,0.1818,5.50,3798.0,72.0
47386,142.9,7.00,26.34,0.1844,5.42,3798.0,72.0
47393,142.9,7.00,26.34,0.1844,5.42,3798.0,72.0
47400,144.9,6.90,26.34,0.1818,5.50,3798.0,72.0
47407,144.9,6.90,26.34,0.1818,5.50,3798.0,72.0
47414,144.9,6.90,26.34,0.1818,5.50,3798.0,72.0
47421,138.9,7.20,26.34,0.1897,5.27,3798.0,72.0
47428,135.1,7.40,26.34,0.1949,5.13,3798.0,72.0
47435,151.5,6.60,26.34,0.1739,5.75,3798.0,72.0
47442,147.1,6.80,26.34,0.1791,5.58,3798.0,72.0
47448,144.9,6.90,26.34,0.1818,5.50,3798.0,72.0
47455,142.9,7.00,26.34,0.1844,5.43,3798.0,72.0
47463,138.9,7.20,26.34,0.1897,5.27,3798.0,72.0
47469,149.3,6.70,26.34,0.1765,5.67,3798.0,72.0
47476,149.3,6.70,26.34,0.1765,5.67,3798.0,72.0
47483,144.9,6.90,26.34,0.1817,5.50,3798.0,72.0
47490,144.9,6.90,26.34,0.1817,5.50,3798.0,72.0
47497,144.9,6.90,26.34,0.1817,5.50,3798.0,72.0
47504,144.9,6.90,26.34,0.1817,5.50,3798.0,72.0
47511,140.8,7.10,26.34,0.1870,5.35,3798.0,72.0
47518,144.9,6.90,26.34,0.1817,5.50,3798.0,72.0
47525,142.9,7.00,26.34,0.1844,5.43,3798.0,72.0
47532,138.9,7.20,26.34,0.1897,5.27,3798.0,72.0
47539,144.9,6.90,26.34,0.1818,5.50,3798.0,72.0
47545,149.3,6.70,26.34,0.1765,5.67,3798.0,72.0
47552,142.9,7.00,26.34,0.1844,5.42,3798.0,72.0
47559,147.1,6.80,26.34,0.1791,5.58,3798.0,72.0
47566,140.8,7.10,26.35,0.1871,5.34,3798.0,72.0
47573,147.1,6.80,26.35,0.1792,5.58,3798.0,72.0
47580,142.9,7.00,26.35,0.1844,5.42,3798.0,72.0
47587,147.1,6.80,26.35,0.1792,5.58,3798.0,72.0
47594,140.8,7.10,26.35,0.1871,5.34,3798.0,72.0
47601,142.9,7.00,26.35,0.1844,5.42,3798.0,72.0
47608,142.9,7.00,26.35,0.1845,5.42,3798.0,72.0
47615,147.1,6.80,26.35,0.1792,5.58,3798.0,72.0
47622,140.8,7.10,26.35,0.1871,5.34,3798.0,72.0
47629,144.9,6.90,26.35,0.1818,5.50,3798.0,72.0
47636,142.9,7.00,26.35,0.1845,5.42,3798.0,72.0
47643,144.9,6.90,26.36,0.1819,5.50,3798.0,72.0
47650,142.9,7.00,26.36,0.1845,5.42,3798.0,72.0
47657,142.9,7.00,26.36,0.1845,5.42,3798.0,72.0
47663,147.1,6.80,26.36,0.1792,5.58,3798.0,72.0
47671,140.8,7.10,26.36,0.1871,5.34,3798.0,72.0
47677,147.1,6.80,26.36,0.1792,5.58,3798.0,72.0
47684,144.9,6.90,26.36,0.1819,5.50,3798.0,72.0
47691,142.9,7.00,26.36,0.1845,5.42,3798.0,72.0
47698,142.9,7.00,26.36,0.1845,5.42,3798.0,72.0
47705,144.9,6.90,26.36,0.1819,5.50,3798.0,72.0
47712,147.1,6.80,26.36,0.1793,5.58,3798.0,72.0
47719,144.9,6.90,26.37,0.1819,5.50,3798.0,72.0
47726,144.9,6.90,26.37,0.1819,5.50,3798.0,72.0
47733,142.9,7.00,26.37,0.1846,5.42,3798.0,72.0
47740,140.8,7.10,26.37,0.1872,5.34,3798.0,72.0
47747,140.8,7.10,26.37,0.1872,5.34,3798.0,72.0
47754,147.1,6.80,26.37,0.1793,5.58,3798.0,72.0
47761,144.9,6.90,26.37,0.1820,5.49,3798.0,72.0
47768,142.9,7.00,26.37,0.1846,5.42,3798.0,72.0
47775,144.9,6.90,26.37,0.1820,5.49,3798.0,72.0
47781,144.9,6.90,26.37,0.1820,5.49,3798.0,72.0
47788,142.9,7.00,26.37,0.1846,5.42,3798.0,72.0
47795,147.1,6.80,26.37,0.1793,5.58,3798.0,72.0
47802,142.9,7.00,26.38,0.1846,5.42,3798.0,72.0
47809,142.9,7.00,26.38,0.1846,5.42,3798.0,72.0
47816,144.9,6.90,26.38,0.1820,5.49,3798.0,72.0
47823,144.9,6.90,26.38,0.1820,5.49,3798.0,72.0
47830,142.9,7.00,26.38,0.1847,5.42,3798.0,72.0
47837,142.9,7.00,26.38,0.1847,5.42,3798.0,72.0
47844,142.9,7.00,26.38,0.1847,5.42,3798.0,72.0
47851,140.8,7.10,26.38,0.1873,5.34,3798.0,72.0
47858,147.1,6.80,26.38,0.1794,5.58,3798.0,72.0
47865,142.9,7.00,26.38,0.1847,5.42,3798.0,72.0
47872,144.9,6.90,26.38,0.1821,5.49,3798.0,72.0
47879,144.9,6.90,26.39,0.1821,5.49,3798.0,72.0
47886,142.9,7.00,26.39,0.1847,5.42,3798.0,72.0
47893,142.9,7.00,26.39,0.1847,5.42,3798.0,72.0
47900,147.1,6.80,26.39,0.1794,5.57,3798.0,72.0
47907,140.8,7.10,26.39,0.1874,5.34,3798.0,72.0
47914,144.9,6.90,26.39,0.1821,5.49,3798.0,72.0
47920,144.9,6.90,26.39,0.1821,5.49,3798.0,72.0
47927,142.9,7.00,26.39,0.1847,5.41,3798.0,72.0
47934,147.1,6.80,26.39,0.1795,5.57,3798.0,72.0
47941,144.9,6.90,26.39,0.1821,5.49,3798.0,72.0
47948,138.9,7.20,26.39,0.1900,5.26,3798.0,72.0
47955,142.9,7.00,26.40,0.1848,5.41,3798.0,72.0
47962,147.1,6.80,26.40,0.1795,5.57,3798.0,72.0
47969,138.9,7.20,26.40,0.1901,5.26,3798.0,72.0
47976,149.3,6.70,26.40,0.1769,5.66,3798.0,72.0
47983,144.9,6.90,26.40,0.1822,5.49,3798.0,72.0
47990,140.8,7.10,26.40,0.1874,5.33,3798.0,72.0
47997,151.5,6.60,26.40,0.1742,5.74,3798.0,72.0
48004,144.9,6.90,26.40,0.1822,5.49,3798.0,72.0
48011,142.9,7.00,26.40,0.1848,5.41,3798.0,72.0
48018,138.9,7.20,26.40,0.1901,5.26,3798.0,72.0
48025,147.1,6.80,26.40,0.1796,5.57,3798.0,72.0
48032,144.9,6.90,26.41,0.1822,5.49,3798.0,72.0
48038,147.1,6.80,26.41,0.1796,5.57,3798.0,72.0
48045,142.9,7.00,26.41,0.1849,5.41,3798.0,72.0
48052,142.9,7.00,26.41,0.1849,5.41,3798.0,72.0
48059,144.9,6.90,26.41,0.1822,5.49,3798.0,72.0
48066,142.9,7.00,26.41,0.1849,5.41,3798.0,72.0
48073,147.1,6.80,26.41,0.1796,5.57,3798.0,72.0
48080,138.9,7.20,26.41,0.1902,5.26,3798.0,72.0
48087,144.9,6.90,26.41,0.1822,5.49,3798.0,72.0
48094,147.1,6.80,26.41,0.1796,5.57,3798.0,72.0
48101,147.1,6.80,26.41,0.1796,5.57,3798.0,72.0
48108,140.8,7.10,26.42,0.1876,5.33,3798.0,72.0
48115,144.9,6.90,26.42,0.1823,5.49,3798.0,72.0
48122,147.1,6.80,26.42,0.1796,5.57,3798.0,72.0
48129,142.9,7.00,26.42,0.1849,5.41,3798.0,72.0
48136,142.9,7.00,26.42,0.1849,5.41,3798.0,72.0
48143,144.9,6.90,26.42,0.1823,5.48,3798.0,72.0
48150,142.9,7.00,26.42,0.1849,5.41,3798.0,72.0
48157,142.9,7.00,26.42,0.1850,5.41,3798.0,72.0
48163,144.9,6.90,26.42,0.1823,5.48,3798.0,72.0
48170,147.1,6.80,26.42,0.1797,5.57,3798.0,72.0
48177,140.8,7.10,26.42,0.1876,5.33,3798.0,72.0
48184,147.1,6.80,26.43,0.1797,5.57,3798.0,72.0
48191,140.8,7.10,26.43,0.1876,5.33,3798.0,72.0
48198,144.9,6.90,26.43,0.1823,5.48,3798.0,72.0
48205,144.9,6.90,26.43,0.1824,5.48,3798.0,72.0
48212,142.9,7.00,26.43,0.1850,5.41,3798.0,72.0
48219,144.9,6.90,26.43,0.1824,5.48,3798.0,72.0
48226,144.9,6.90,26.43,0.1824,5.48,3798.0,72.0
48233,142.9,7.00,26.43,0.1850,5.41,3798.0,72.0
48240,144.9,6.90,26.43,0.1824,5.48,3798.0,72.0
48247,144.9,6.90,26.43,0.1824,5.48,3798.0,72.0
48254,142.9,7.00,26.43,0.1850,5.41,3798.0,72.0
48261,142.9,7.00,26.44,0.1850,5.41,3798.0,72.0
48268,144.9,6.90,26.44,0.1824,5.48,3798.0,72.0
48274,144.9,6.90,26.44,0.1824,5.48,3798.0,72.0
48281,142.9,7.00,26.44,0.1851,5.41,3798.0,72.0
48288,144.9,6.90,26.44,0.1824,5.48,3798.0,72.0
48295,144.9,6.90,26.44,0.1824,5.48,3798.0,72.0
48302,140.8,7.10,26.44,0.1877,5.33,3798.0,72.0
48309,147.1,6.80,26.44,0.1798,5.56,3798.0,72.0
48316,140.8,7.10,26.44,0.1877,5.32,3798.0,72.0
48323,140.8,7.10,26.44,0.1877,5.32,3798.0,72.0
48330,140.8,7.10,26.44,0.1878,5.32,3798.0,72.0
48337,149.3,6.70,26.45,0.1772,5.65,3798.0,72.0
48344,138.9,7.20,26.45,0.1904,5.25,3798.0,72.0
48351,147.1,6.80,26.45,0.1798,5.56,3798.0,72.0
48358,144.9,6.90,26.45,0.1825,5.48,3798.0,72.0
48365,138.9,7.20,26.45,0.1904,5.25,3798.0,72.0
48372,144.9,6.90,26.45,0.1825,5.48,3798.0,72.0
48379,147.1,6.80,26.45,0.1799,5.56,3798.0,72.0
48386,142.9,7.00,26.45,0.1852,5.40,3798.0,72.0
48393,147.1,6.80,26.45,0.1799,5.56,3798.0,72.0
48400,144.9,6.90,26.45,0.1825,5.48,3798.0,72.0
48406,147.1,6.80,26.45,0.1799,5.56,3798.0,72.0
48413,147.1,6.80,26.46,0.1799,5.56,3798.0,72.0
48420,142.9,7.00,26.46,0.1852,5.40,3798.0,72.0
48428,135.1,7.40,26.46,0.1958,5.11,3798.0,72.0
48434,147.1,6.80,26.46,0.1799,5.56,3798.0,72.0
48441,144.9,6.90,26.46,0.1826,5.48,3798.0,72.0
48448,149.3,6.70,26.46,0.1773,5.64,3798.0,72.0
48455,142.9,7.00,26.46,0.1852,5.40,3798.0,72.0
48462,138.9,7.20,26.46,0.1905,5.25,3798.0,72.0
48469,142.9,7.00,26.46,0.1852,5.40,3798.0,72.0
48476,147.1,6.80,26.46,0.1800,5.56,3798.0,72.0
48483,147.1,6.80,26.46,0.1800,5.56,3798.0,72.0
48490,138.9,7.20,26.47,0.1906,5.25,3798.0,72.0
48497,147.1,6.80,26.47,0.1800,5.56,3798.0,72.0
48504,144.9,6.90,26.47,0.1826,5.47,3798.0,72.0
48511,144.9,6.90,26.47,0.1826,5.47,3798.0,72.0
48518,144.9,6.90,26.47,0.1826,5.47,3798.0,72.0
48525,142.9,7.00,26.47,0.1853,5.40,3798.0,72.0
48531,144.9,6.90,26.47,0.1826,5.47,3798.0,72.0
48538,142.9,7.00,26.47,0.1853,5.40,3798.0,72.0
48545,147.1,6.80,26.47,0.1800,5.56,3798.0,72.0
48552,142.9,7.00,26.47,0.1853,5.40,3798.0,72.0
48559,142.9,7.00,26.48,0.1853,5.40,3798.0,72.0
48566,142.9,7.00,26.48,0.1853,5.40,3798.0,72.0
48573,138.9,7.20,26.48,0.1906,5.25,3798.0,72.0
48580,147.1,6.80,26.48,0.1801,5.56,3798.0,72.0
48587,147.1,6.80,26.48,0.1801,5.55,3798.0,72.0
48594,144.9,6.90,26.48,0.1827,5.47,3798.0,72.0
48601,142.9,7.00,26.48,0.1854,5.40,3798.0,72.0
48608,144.9,6.90,26.48,0.1827,5.47,3798.0,72.0
48615,142.9,7.00,26.49,0.1854,5.40,3798.0,72.0
48622,147.1,6.80,26.49,0.1801,5.55,3798.0,72.0
48629,140.8,7.10,26.49,0.1881,5.32,3798.0,72.0
48636,140.8,7.10,26.49,0.1881,5.32,3798.0,72.0
48643,142.9,7.00,26.49,0.1854,5.39,3798.0,72.0
48650,144.9,6.90,26.49,0.1828,5.47,3798.0,72.0
48656,149.3,6.70,26.49,0.1775,5.64,3798.0,72.0
48664,140.8,7.10,26.49,0.1881,5.31,3798.0,72.0
48671,138.9,7.20,26.50,0.1908,5.24,3798.0,72.0
48678,144.9,6.90,26.50,0.1828,5.47,3798.0,72.0
48684,147.1,6.80,26.50,0.1802,5.55,3798.0,72.0
48691,151.5,6.60,26.50,0.1749,5.72,3798.0,72.0
48698,140.8,7.10,26.50,0.1882,5.31,3798.0,72.0
48705,144.9,6.90,26.50,0.1829,5.47,3798.0,72.0
48713,129.9,7.70,26.50,0.2041,4.90,3798.0,72.0
48720,142.9,7.00,26.50,0.1855,5.39,3798.0,72.0
48726,156.3,6.40,26.51,0.1696,5.90,3798.0,72.0
48733,142.9,7.00,26.51,0.1856,5.39,3798.0,72.0
48740,144.9,6.90,26.51,0.1829,5.47,3798.0,72.0
48747,149.3,6.70,26.51,0.1776,5.63,3798.0,72.0
48754,142.9,7.00,26.51,0.1856,5.39,3798.0,72.0
48761,147.1,6.80,26.51,0.1803,5.55,3798.0,72.0
48768,140.8,7.10,26.51,0.1882,5.31,3798.0,72.0
48774,151.5,6.60,26.51,0.1750,5.71,3798.0,72.0
48782,138.9,7.20,26.52,0.1909,5.24,3798.0,72.0
48789,138.9,7.20,26.52,0.1909,5.24,3798.0,72.0
48795,151.5,6.60,26.52,0.1750,5.71,3798.0,72.0
48802,140.8,7.10,26.52,0.1883,5.31,3798.0,72.0
48809,144.9,6.90,26.52,0.1830,5.46,3798.0,72.0
48816,142.9,7.00,26.52,0.1857,5.39,3798.0,72.0
48823,147.1,6.80,26.52,0.1804,5.55,3798.0,72.0
48830,142.9,7.00,26.52,0.1857,5.39,3798.0,72.0
48837,147.1,6.80,26.53,0.1804,5.55,3798.0,72.0
48844,142.9,7.00,26.53,0.1857,5.39,3798.0,72.0
48851,138.9,7.20,26.53,0.1910,5.24,3798.0,72.0
48858,149.3,6.70,26.53,0.1777,5.63,3798.0,72.0
48865,142.9,7.00,26.53,0.1857,5.39,3798.0,72.0
48872,142.9,7.00,26.53,0.1857,5.39,3798.0,72.0
48879,144.9,6.90,26.53,0.1831,5.46,3798.0,72.0
48886,142.9,7.00,26.53,0.1857,5.39,3798.0,72.0
48893,140.8,7.10,26.54,0.1884,5.31,3798.0,72.0
48899,151.5,6.60,26.54,0.1751,5.71,3798.0,72.0
48906,144.9,6.90,26.54,0.1831,5.46,3798.0,72.0
48913,142.9,7.00,26.54,0.1858,5.38,3798.0,72.0
48920,142.9,7.00,26.54,0.1858,5.38,3798.0,72.0
48927,144.9,6.90,26.54,0.1831,5.46,3798.0,72.0
48934,142.9,7.00,26.54,0.1858,5.38,3798.0,72.0
48941,144.9,6.90,26.54,0.1832,5.46,3798.0,72.0
48948,147.1,6.80,26.55,0.1805,5.54,3798.0,72.0
48955,140.8,7.10,26.55,0.1885,5.30,3798.0,72.0
48962,140.8,7.10,26.55,0.1885,5.30,3798.0,72.0
48969,138.9,7.20,26.55,0.1912,5.23,3798.0,72.0
48976,147.1,6.80,26.55,0.1805,5.54,3798.0,72.0
48983,149.3,6.70,26.55,0.1779,5.62,3798.0,72.0
48990,135.1,7.40,26.55,0.1965,5.09,3798.0,72.0
48997,153.8,6.50,26.55,0.1726,5.79,3798.0,72.0
49004,144.9,6.90,26.56,0.1832,5.46,3798.0,72.0
49011,142.9,7.00,26.56,0.1859,5.38,3798.0,72.0
49018,142.9,7.00,26.56,0.1859,5.38,3798.0,72.0
49024,147.1,6.80,26.56,0.1806,5.54,3798.0,72.0
49031,144.9,6.90,26.56,0.1833,5.46,3798.0,72.0
49038,140.8,7.10,26.56,0.1886,5.30,3798.0,72.0
49045,144.9,6.90,26.56,0.1833,5.45,3798.0,72.0
49052,144.9,6.90,26.56,0.1833,5.45,3798.0,72.0
49059,142.9,7.00,26.57,0.1860,5.38,3798.0,72.0
49066,144.9,6.90,26.57,0.1833,5.45,3798.0,72.0
49073,140.8,7.10,26.57,0.1886,5.30,3798.0,72.0
49080,142.9,7.00,26.57,0.1860,5.38,3798.0,72.0
49087,144.9,6.90,26.57,0.1833,5.45,3798.0,72.0
49094,144.9,6.90,26.57,0.1833,5.45,3798.0,72.0
49101,138.9,7.20,26.57,0.1913,5.23,3798.0,72.0
49108,151.5,6.60,26.57,0.1754,5.70,3798.0,72.0
49115,140.8,7.10,26.58,0.1887,5.30,3798.0,72.0
49122,147.1,6.80,26.58,0.1807,5.53,3798.0,72.0
49129,142.9,7.00,26.58,0.1860,5.38,3798.0,72.0
49136,140.8,7.10,26.58,0.1887,5.30,3798.0,72.0
49143,149.3,6.70,26.58,0.1781,5.62,3798.0,72.0
49150,142.9,7.00,26.58,0.1861,5.38,3798.0,72.0
49156,144.9,6.90,26.58,0.1834,5.45,3798.0,72.0
49164,140.8,7.10,26.58,0.1888,5.30,3798.0,72.0
49170,144.9,6.90,26.59,0.1834,5.45,3798.0,72.0
49177,144.9,6.90,26.59,0.1835,5.45,3798.0,72.0
49184,144.9,6.90,26.59,0.1835,5.45,3798.0,72.0
49191,144.9,6.90,26.59,0.1835,5.45,3798.0,72.0
49198,138.9,7.20,26.59,0.1915,5.22,3798.0,72.0
49205,142.9,7.00,26.59,0.1861,5.37,3798.0,72.0
49212,149.3,6.70,26.59,0.1782,5.61,3798.0,72.0
49219,144.9,6.90,26.59,0.1835,5.45,3798.0,72.0
49226,142.9,7.00,26.60,0.1862,5.37,3798.0,72.0
49233,147.1,6.80,26.60,0.1809,5.53,3798.0,72.0
49240,142.9,7.00,26.60,0.1862,5.37,3798.0,72.0
49247,144.9,6.90,26.60,0.1835,5.45,3798.0,72.0
49254,142.9,7.00,26.60,0.1862,5.37,3798.0,72.0
49261,142.9,7.00,26.60,0.1862,5.37,3798.0,72.0
49268,144.9,6.90,26.60,0.1836,5.45,3798.0,72.0
49275,137.0,7.30,26.60,0.1942,5.15,3798.0,72.0
49282,144.9,6.90,26.61,0.1836,5.45,3798.0,72.0
49289,147.1,6.80,26.61,0.1809,5.53,3798.0,72.0
49295,144.9,6.90,26.61,0.1836,5.45,3798.0,72.0
49303,140.8,7.10,26.61,0.1889,5.29,3798.0,72.0
49310,142.9,7.00,26.61,0.1863,5.37,3798.0,72.0
49316,147.1,6.80,26.61,0.1810,5.53,3798.0,72.0
49323,144.9,6.90,26.61,0.1836,5.44,3798.0,72.0
49330,144.9,6.90,26.61,0.1836,5.44,3798.0,72.0
49337,144.9,6.90,26.62,0.1837,5.44,3798.0,72.0
49344,142.9,7.00,26.62,0.1863,5.37,3798.0,72.0
49351,147.1,6.80,26.62,0.1810,5.53,3798.0,72.0
49358,140.8,7.10,26.62,0.1890,5.29,3798.0,72.0
49365,147.1,6.80,26.62,0.1810,5.53,3798.0,72.0
49372,140.8,7.10,26.62,0.1890,5.29,3798.0,72.0
49379,147.1,6.80,26.62,0.1810,5.53,3798.0,72.0
49386,142.9,7.00,26.62,0.1864,5.37,3798.0,72.0
49393,142.9,7.00,26.63,0.1864,5.37,3798.0,72.0
49400,144.9,6.90,26.63,0.1837,5.44,3798.0,72.0
49407,138.9,7.20,26.63,0.1917,5.22,3798.0,72.0
49414,140.8,7.10,26.63,0.1891,5.29,3798.0,72.0
49421,147.1,6.80,26.63,0.1811,5.52,3798.0,72.0
49428,138.9,7.20,26.63,0.1918,5.22,3798.0,72.0
49435,151.5,6.60,26.63,0.1758,5.69,3798.0,72.0
49441,144.9,6.90,26.63,0.1838,5.44,3798.0,72.0
49448,144.9,6.90,26.64,0.1838,5.44,3798.0,72.0
49455,142.9,7.00,26.64,0.1865,5.36,3798.0,72.0
49462,142.9,7.00,26.64,0.1865,5.36,3798.0,72.0
49469,151.5,6.60,26.64,0.1758,5.69,3798.0,72.0
49476,140.8,7.10,26.64,0.1892,5.29,3798.0,72.0
49483,149.3,6.70,26.64,0.1785,5.60,3798.0,72.0
49490,140.8,7.10,26.64,0.1892,5.28,3798.0,72.0
49497,147.1,6.80,26.64,0.1812,5.52,3798.0,72.0
49504,142.9,7.00,26.65,0.1865,5.36,3798.0,72.0
49511,142.9,7.00,26.65,0.1865,5.36,3798.0,72.0
49518,144.9,6.90,26.65,0.1839,5.44,3798.0,72.0
49524,144.9,6.90,26.65,0.1839,5.44,3798.0,72.0
49532,138.9,7.20,26.65,0.1919,5.21,3798.0,72.0
49538,149.3,6.70,26.65,0.1786,5.60,3798.0,72.0
49545,144.9,6.90,26.65,0.1839,5.44,3798.0,72.0
49552,142.9,7.00,26.65,0.1866,5.36,3798.0,72.0
49559,144.9,6.90,26.65,0.1839,5.44,3798.0,72.0
49566,142.9,7.00,26.65,0.1866,5.36,3798.0,72.0
49573,144.9,6.90,26.65,0.1839,5.44,3798.0,72.0
49580,144.9,6.90,26.65,0.1839,5.44,3798.0,72.0
49587,140.8,7.10,26.65,0.1892,5.28,3798.0,72.0
49594,144.9,6.90,26.65,0.1839,5.44,3798.0,72.0
49601,142.9,7.00,26.66,0.1866,5.36,3798.0,72.0
49608,144.9,6.90,26.66,0.1839,5.44,3798.0,72.0
49615,140.8,7.10,26.66,0.1893,5.28,3798.0,72.0
49622,149.3,6.70,26.66,0.1786,5.60,3798.0,72.0
49629,142.9,7.00,26.66,0.1866,5.36,3798.0,72.0
49636,142.9,7.00,26.66,0.1866,5.36,3798.0,72.0
49643,142.9,7.00,26.66,0.1866,5.36,3798.0,72.0
49650,144.9,6.90,26.66,0.1839,5.44,3798.0,72.0
49657,142.9,7.00,26.66,0.1866,5.36,3798.0,72.0
49664,140.8,7.10,26.66,0.1893,5.28,3798.0,72.0
49670,147.1,6.80,26.66,0.1813,5.52,3798.0,72.0
49677,142.9,7.00,26.66,0.1866,5.36,3798.0,72.0
49684,147.1,6.80,26.66,0.1813,5.52,3798.0,72.0
49691,142.9,7.00,26.66,0.1866,5.36,3798.0,72.0
49698,142.9,7.00,26.66,0.1866,5.36,3798.0,72.0
49705,144.9,6.90,26.66,0.1840,5.43,3798.0,72.0
49712,144.9,6.90,26.66,0.1840,5.43,3798.0,72.0
49719,140.8,7.10,26.66,0.1893,5.28,3798.0,72.0
49726,142.9,7.00,26.66,0.1866,5.36,3798.0,72.0
49733,149.3,6.70,26.66,0.1787,5.60,3798.0,72.0
49740,142.9,7.00,26.66,0.1867,5.36,3798.0,72.0
49747,142.9,7.00,26.67,0.1867,5.36,3798.0,72.0
49754,144.9,6.90,26.67,0.1840,5.43,3798.0,72.0
49761,144.9,6.90,26.67,0.1840,5.43,3798.0,72.0
49768,144.9,6.90,26.67,0.1840,5.43,3798.0,72.0
49775,138.9,7.20,26.67,0.1920,5.21,3798.0,72.0
49781,149.3,6.70,26.67,0.1787,5.60,3798.0,72.0
49788,142.9,7.00,26.67,0.1867,5.36,3798.0,72.0
49795,142.9,7.00,26.67,0.1867,5.36,3798.0,72.0
49802,147.1,6.80,26.67,0.1814,5.52,3798.0,72.0
49809,142.9,7.00,26.67,0.1867,5.36,3798.0,72.0
49816,144.9,6.90,26.67,0.1840,5.43,3798.0,72.0
49823,140.8,7.10,26.67,0.1894,5.28,3798.0,72.0
49830,144.9,6.90,26.67,0.1840,5.43,3798.0,72.0
49837,140.8,7.10,26.67,0.1894,5.28,3798.0,72.0
49844,144.9,6.90,26.67,0.1840,5.43,3798.0,72.0
49851,147.1,6.80,26.67,0.1814,5.51,3798.0,72.0
49858,142.9,7.00,26.67,0.1867,5.36,3798.0,72.0
49865,144.9,6.90,26.67,0.1840,5.43,3798.0,72.0
49872,144.9,6.90,26.67,0.1841,5.43,3798.0,72.0
49879,144.9,6.90,26.67,0.1841,5.43,3798.0,72.0
49886,142.9,7.00,26.68,0.1867,5.36,3798.0,72.0
49893,144.9,6.90,26.68,0.1841,5.43,3798.0,72.0
49900,140.8,7.10,26.68,0.1894,5.28,3798.0,72.0
49906,147.1,6.80,26.68,0.1814,5.51,3798.0,72.0
49913,142.9,7.00,26.68,0.1867,5.36,3798.0,72.0
49920,144.9,6.90,26.68,0.1841,5.43,3798.0,72.0
49927,142.9,7.00,26.68,0.1867,5.36,3798.0,72.0
49934,147.1,6.80,26.68,0.1814,5.51,3798.0,72.0
49941,144.9,6.90,26.68,0.1841,5.43,3798.0,72.0
49948,142.9,7.00,26.68,0.1868,5.36,3798.0,72.0
49955,144.9,6.90,26.68,0.1841,5.43,3798.0,72.0
49962,144.9,6.90,26.68,0.1841,5.43,3798.0,72.0
49969,140.8,7.10,26.68,0.1894,5.28,3798.0,72.0
49976,144.9,6.90,26.68,0.1841,5.43,3798.0,72.0
49983,144.9,6.90,26.68,0.1841,5.43,3798.0,72.0
49990,142.9,7.00,26.68,0.1868,5.36,3798.0,72.0
49997,140.8,7.10,26.68,0.1894,5.28,3798.0,72.0
50004,147.1,6.80,26.68,0.1814,5.51,3798.0,72.0
50011,144.9,6.90,26.68,0.1841,5.43,3798.0,72.0
50017,144.9,6.90,26.68,0.1841,5.43,3798.0,72.0
50025,140.8,7.10,26.68,0.1895,5.28,3798.0,72.0
50032,140.8,7.10,26.69,0.1895,5.28,3798.0,72.0
50039,142.9,7.00,26.69,0.1868,5.35,3798.0,72.0
50045,149.3,6.70,26.69,0.1788,5.59,3798.0,72.0
50052,142.9,7.00,26.69,0.1868,5.35,3798.0,72.0
50059,142.9,7.00,26.69,0.1868,5.35,3798.0,72.0
50066,144.9,6.90,26.69,0.1841,5.43,3798.0,72.0
50073,142.9,7.00,26.69,0.1868,5.35,3798.0,72.0
50080,140.8,7.10,26.69,0.1895,5.28,3798.0,72.0
50087,151.5,6.60,26.69,0.1761,5.68,3798.0,72.0
50094,147.1,6.80,26.69,0.1815,5.51,3798.0,72.0
50101,142.9,7.00,26.69,0.1868,5.35,3798.0,72.0
50108,144.9,6.90,26.69,0.1842,5.43,3798.0,72.0
50115,135.1,7.40,26.69,0.1975,5.06,3798.0,72.0
50122,149.3,6.70,26.69,0.1788,5.59,3798.0,72.0
50129,142.9,7.00,26.69,0.1868,5.35,3798.0,72.0
50136,140.8,7.10,26.69,0.1895,5.27,3798.0,72.0
50143,142.9,7.00,26.69,0.1869,5.35,3798.0,72.0
50150,147.1,6.80,26.69,0.1815,5.51,3798.0,72.0
50156,151.5,6.60,26.69,0.1762,5.68,3798.0,72.0
50163,142.9,7.00,26.69,0.1869,5.35,3798.0,72.0
50170,144.9,6.90,26.70,0.1842,5.43,3798.0,72.0
50177,142.9,7.00,26.70,0.1869,5.35,3798.0,72.0
50184,142.9,7.00,26.70,0.1869,5.35,3798.0,72.0
50191,144.9,6.90,26.70,0.1842,5.43,3798.0,72.0
50198,144.9,6.90,26.70,0.1842,5.43,3798.0,72.0
50205,144.9,6.90,26.70,0.1842,5.43,3798.0,72.0
50212,142.9,7.00,26.70,0.1869,5.35,3798.0,72.0
50219,142.9,7.00,26.70,0.1869,5.35,3798.0,72.0
50226,144.9,6.90,26.70,0.1842,5.43,3798.0,72.0
50233,144.9,6.90,26.70,0.1842,5.43,3798.0,72.0
50240,138.9,7.20,26.70,0.1922,5.20,3798.0,72.0
50247,144.9,6.90,26.70,0.1842,5.43,3798.0,72.0
50254,147.1,6.80,26.70,0.1816,5.51,3798.0,72.0
50261,142.9,7.00,26.70,0.1869,5.35,3798.0,72.0
50267,147.1,6.80,26.70,0.1816,5.51,3798.0,72.0
50275,138.9,7.20,26.70,0.1923,5.20,3798.0,72.0
50281,149.3,6.70,26.70,0.1789,5.59,3798.0,72.0
50288,144.9,6.90,26.70,0.1843,5.43,3798.0,72.0
50295,142.9,7.00,26.70,0.1869,5.35,3798.0,72.0
50302,144.9,6.90,26.70,0.1843,5.43,3798.0,72.0
50309,142.9,7.00,26.70,0.1869,5.35,3798.0,72.0
50316,144.9,6.90,26.71,0.1843,5.43,3798.0,72.0
50323,140.8,7.10,26.71,0.1896,5.27,3798.0,72.0
50330,142.9,7.00,26.71,0.1869,5.35,3798.0,72.0
50337,144.9,6.90,26.71,0.1843,5.43,3798.0,72.0
50344,140.8,7.10,26.71,0.1896,5.27,3798.0,72.0
50351,144.9,6.90,26.71,0.1843,5.43,3798.0,72.0
50358,149.3,6.70,26.71,0.1789,5.59,3798.0,72.0
50365,144.9,6.90,26.71,0.1843,5.43,3798.0,72.0
50372,140.8,7.10,26.71,0.1896,5.27,3798.0,72.0
50379,147.1,6.80,26.71,0.1816,5.51,3798.0,72.0
50386,142.9,7.00,26.71,0.1870,5.35,3798.0,72.0
50393,142.9,7.00,26.71,0.1870,5.35,3798.0,72.0
50399,144.9,6.90,26.71,0.1843,5.42,3798.0,72.0
50406,144.9,6.90,26.71,0.1843,5.42,3798.0,72.0
50413,142.9,7.00,26.71,0.1870,5.35,3798.0,72.0
50420,144.9,6.90,26.71,0.1843,5.42,3798.0,72.0
50428,131.6,7.60,26.71,0.2030,4.93,3798.0,72.0
50435,147.1,6.80,26.71,0.1817,5.51,3798.0,72.0
50441,147.1,6.80,26.71,0.1817,5.51,3798.0,72.0
50448,147.1,6.80,26.71,0.1817,5.51,3798.0,72.0
50455,144.9,6.90,26.72,0.1843,5.42,3798.0,72.0
50462,140.8,7.10,26.72,0.1897,5.27,3798.0,72.0
50469,144.9,6.90,26.72,0.1843,5.42,3798.0,72.0
50476,147.1,6.80,26.72,0.1817,5.51,3798.0,72.0
50483,144.9,6.90,26.72,0.1843,5.42,3798.0,72.0
50490,144.9,6.90,26.72,0.1844,5.42,3798.0,72.0
50497,142.9,7.00,26.72,0.1870,5.35,3798.0,72.0
50504,144.9,6.90,26.72,0.1844,5.42,3798.0,72.0
50511,140.8,7.10,26.72,0.1897,5.27,3798.0,72.0
50518,138.9,7.20,26.72,0.1924,5.20,3798.0,72.0
50525,142.9,7.00,26.72,0.1870,5.35,3798.0,72.0
50532,147.1,6.80,26.72,0.1817,5.51,3798.0,72.0
50539,142.9,7.00,26.72,0.1871,5.35,3798.0,72.0
50545,149.3,6.70,26.72,0.1790,5.59,3798.0,72.0
50552,144.9,6.90,26.72,0.1844,5.42,3798.0,72.0
50559,142.9,7.00,26.72,0.1871,5.35,3798.0,72.0
50566,147.1,6.80,26.72,0.1817,5.50,3798.0,72.0
50573,144.9,6.90,26.73,0.1844,5.42,3798.0,72.0
50580,142.9,7.00,26.73,0.1871,5.35,3798.0,72.0
50587,144.9,6.90,26.73,0.1844,5.42,3798.0,72.0
50594,142.9,7.00,26.73,0.1871,5.35,3798.0,72.0
50601,140.8,7.10,26.73,0.1898,5.27,3798.0,72.0
50608,149.3,6.70,26.73,0.1791,5.59,3798.0,72.0
50615,142.9,7.00,26.73,0.1871,5.35,3798.0,72.0
50622,144.9,6.90,26.73,0.1844,5.42,3798.0,72.0
50629,142.9,7.00,26.73,0.1871,5.35,3798.0,72.0
50635,149.3,6.70,26.73,0.1791,5.58,3798.0,72.0
50643,138.9,7.20,26.73,0.1925,5.20,3798.0,72.0
50649,144.9,6.90,26.73,0.1845,5.42,3798.0,72.0
50656,142.9,7.00,26.74,0.1871,5.34,3798.0,72.0
50663,147.1,6.80,26.74,0.1818,5.50,3798.0,72.0
50670,142.9,7.00,26.74,0.1872,5.34,3798.0,72.0
50678,135.1,7.40,26.74,0.1979,5.05,3798.0,72.0
50684,147.1,6.80,26.74,0.1818,5.50,3798.0,72.0
50691,149.3,6.70,26.74,0.1792,5.58,3798.0,72.0
50698,144.9,6.90,26.74,0.1845,5.42,3798.0,72.0
50705,142.9,7.00,26.74,0.1872,5.34,3798.0,72.0
50712,144.9,6.90,26.74,0.1845,5.42,3798.0,72.0
50719,142.9,7.00,26.74,0.1872,5.34,3798.0,72.0
50726,147.1,6.80,26.74,0.1819,5.50,3798.0,72.0
50733,144.9,6.90,26.74,0.1845,5.42,3798.0,72.0
50740,142.9,7.00,26.75,0.1872,5.34,3798.0,72.0
50747,144.9,6.90,26.75,0.1846,5.42,3798.0,72.0
50754,142.9,7.00,26.75,0.1872,5.34,3798.0,72.0
50761,142.9,7.00,26.75,0.1872,5.34,3798.0,72.0
50768,137.0,7.30,26.75,0.1953,5.12,3798.0,72.0
50775,149.3,6.70,26.75,0.1792,5.58,3798.0,72.0
50782,142.9,7.00,26.75,0.1873,5.34,3798.0,72.0
50788,147.1,6.80,26.75,0.1819,5.50,3798.0,72.0
50795,140.8,7.10,26.75,0.1899,5.26,3798.0,72.0
50802,144.9,6.90,26.75,0.1846,5.42,3798.0,72.0
50809,140.8,7.10,26.75,0.1900,5.26,3798.0,72.0
50816,147.1,6.80,26.75,0.1819,5.50,3798.0,72.0
50823,144.9,6.90,26.76,0.1846,5.42,3798.0,72.0
50830,140.8,7.10,26.76,0.1900,5.26,3798.0,72.0
50837,142.9,7.00,26.76,0.1873,5.34,3798.0,72.0
50844,147.1,6.80,26.76,0.1820,5.50,3798.0,72.0
50851,144.9,6.90,26.76,0.1846,5.42,3798.0,72.0
50858,142.9,7.00,26.76,0.1873,5.34,3798.0,72.0
50865,144.9,6.90,26.76,0.1846,5.41,3798.0,72.0
50872,142.9,7.00,26.76,0.1873,5.34,3798.0,72.0
50879,144.9,6.90,26.76,0.1847,5.41,3798.0,72.0
50886,142.9,7.00,26.76,0.1873,5.34,3798.0,72.0
50893,147.1,6.80,26.76,0.1820,5.50,3798.0,72.0
50899,144.9,6.90,26.76,0.1847,5.41,3798.0,72.0
50906,144.9,6.90,26.77,0.1847,5.41,3798.0,72.0
50913,144.9,6.90,26.77,0.1847,5.41,3798.0,72.0
50920,140.8,7.10,26.77,0.1900,5.26,3798.0,72.0
50927,147.1,6.80,26.77,0.1820,5.50,3798.0,72.0
50934,142.9,7.00,26.77,0.1874,5.34,3798.0,72.0
50941,144.9,6.90,26.77,0.1847,5.41,3798.0,72.0
50948,142.9,7.00,26.77,0.1874,5.34,3798.0,72.0
50955,142.9,7.00,26.77,0.1874,5.34,3798.0,72.0
50962,140.8,7.10,26.77,0.1901,5.26,3798.0,72.0
50969,144.9,6.90,26.77,0.1847,5.41,3798.0,72.0
50976,140.8,7.10,26.77,0.1901,5.26,3798.0,72.0
50983,149.3,6.70,26.77,0.1794,5.58,3798.0,72.0
50990,144.9,6.90,26.78,0.1848,5.41,3798.0,72.0
50997,144.9,6.90,26.78,0.1848,5.41,3798.0,72.0
51004,147.1,6.80,26.78,0.1821,5.49,3798.0,72.0
51011,142.9,7.00,26.78,0.1874,5.34,3798.0,72.0
51017,144.9,6.90,26.78,0.1848,5.41,3798.0,72.0
51024,142.9,7.00,26.78,0.1875,5.34,3798.0,72.0
51031,142.9,7.00,26.78,0.1875,5.34,3798.0,72.0
51039,140.8,7.10,26.78,0.1901,5.26,3798.0,72.0
51046,140.8,7.10,26.78,0.1902,5.26,3798.0,72.0
51053,144.9,6.90,26.78,0.1848,5.41,3798.0,72.0
51059,147.1,6.80,26.78,0.1821,5.49,3798.0,72.0
51066,144.9,6.90,26.78,0.1848,5.41,3798.0,72.0
51073,140.8,7.10,26.79,0.1902,5.26,3798.0,72.0
51080,142.9,7.00,26.79,0.1875,5.33,3798.0,72.0
51087,142.9,7.00,26.79,0.1875,5.33,3798.0,72.0
51094,142.9,7.00,26.79,0.1875,5.33,3798.0,72.0
51101,144.9,6.90,26.79,0.1848,5.41,3798.0,72.0
51108,147.1,6.80,26.79,0.1822,5.49,3798.0,72.0
51115,144.9,6.90,26.79,0.1849,5.41,3798.0,72.0
51122,140.8,7.10,26.79,0.1902,5.26,3798.0,72.0
51129,138.9,7.20,26.79,0.1929,5.18,3798.0,72.0
51136,147.1,6.80,26.79,0.1822,5.49,3798.0,72.0
51143,147.1,6.80,26.79,0.1822,5.49,3798.0,72.0
51150,144.9,6.90,26.79,0.1849,5.41,3798.0,72.0
51157,142.9,7.00,26.80,0.1876,5.33,3798.0,72.0
51164,142.9,7.00,26.80,0.1876,5.33,3798.0,72.0
51170,149.3,6.70,26.80,0.1795,5.57,3798.0,72.0
51178,140.8,7.10,26.80,0.1903,5.25,3798.0,72.0
51185,142.9,7.00,26.80,0.1876,5.33,3798.0,72.0
51191,144.9,6.90,26.80,0.1849,5.41,3798.0,72.0
51198,142.9,7.00,26.80,0.1876,5.33,3798.0,72.0
51205,147.1,6.80,26.80,0.1823,5.49,3798.0,72.0
51212,138.9,7.20,26.80,0.1930,5.18,3798.0,72.0
51219,144.9,6.90,26.80,0.1849,5.41,3798.0,72.0
51226,144.9,6.90,26.80,0.1849,5.41,3798.0,72.0
51233,144.9,6.90,26.80,0.1850,5.41,3798.0,72.0
51240,140.8,7.10,26.81,0.1903,5.25,3798.0,72.0
51247,147.1,6.80,26.81,0.1823,5.49,3798.0,72.0
51254,144.9,6.90,26.81,0.1850,5.41,3798.0,72.0
51261,144.9,6.90,26.81,0.1850,5.41,3798.0,72.0
51268,147.1,6.80,26.81,0.1823,5.49,3798.0,72.0
51275,144.9,6.90,26.81,0.1850,5.40,3798.0,72.0
51282,142.9,7.00,26.81,0.1877,5.33,3798.0,72.0
51289,140.8,7.10,26.81,0.1904,5.25,3798.0,72.0
51295,149.3,6.70,26.81,0.1796,5.57,3798.0,72.0
51302,142.9,7.00,26.81,0.1877,5.33,3798.0,72.0
51309,147.1,6.80,26.81,0.1823,5.49,3798.0,72.0
51316,144.9,6.90,26.81,0.1850,5.40,3798.0,72.0
51323,142.9,7.00,26.82,0.1877,5.33,3798.0,72.0
51330,144.9,6.90,26.82,0.1850,5.40,3798.0,72.0
51337,138.9,7.20,26.82,0.1931,5.18,3798.0,72.0
51344,140.8,7.10,26.82,0.1904,5.25,3798.0,72.0
51351,147.1,6.80,26.82,0.1824,5.48,3798.0,72.0
51358,144.9,6.90,26.82,0.1851,5.40,3798.0,72.0
51365,149.3,6.70,26.82,0.1797,5.57,3798.0,72.0
51372,140.8,7.10,26.82,0.1904,5.25,3798.0,72.0
51379,147.1,6.80,26.82,0.1824,5.48,3798.0,72.0
51386,138.9,7.20,26.82,0.1931,5.18,3798.0,72.0
51393,147.1,6.80,26.82,0.1824,5.48,3798.0,72.0
51399,144.9,6.90,26.82,0.1851,5.40,3798.0,72.0
51406,142.9,7.00,26.83,0.1878,5.33,3798.0,72.0
51413,142.9,7.00,26.83,0.1878,5.33,3798.0,72.0
51420,147.1,6.80,26.83,0.1824,5.48,3798.0,72.0
51428,133.3,7.50,26.83,0.2012,4.97,3798.0,72.0
51435,142.9,7.00,26.83,0.1878,5.33,3798.0,72.0
51441,151.5,6.60,26.83,0.1771,5.65,3798.0,72.0
51448,149.3,6.70,26.83,0.1798,5.56,3798.0,72.0
51455,140.8,7.10,26.83,0.1905,5.25,3798.0,72.0
51462,138.9,7.20,26.83,0.1932,5.18,3798.0,72.0
51469,144.9,6.90,26.83,0.1851,5.40,3798.0,72.0
51476,149.3,6.70,26.83,0.1798,5.56,3798.0,72.0
51483,147.1,6.80,26.83,0.1825,5.48,3798.0,72.0
51490,142.9,7.00,26.84,0.1878,5.33,3798.0,72.0
51497,142.9,7.00,26.84,0.1879,5.32,3798.0,72.0
51504,147.1,6.80,26.84,0.1825,5.48,3798.0,72.0
51511,140.8,7.10,26.84,0.1906,5.25,3798.0,72.0
51518,144.9,6.90,26.84,0.1852,5.40,3798.0,72.0
51524,144.9,6.90,26.84,0.1852,5.40,3798.0,72.0
51531,144.9,6.90,26.84,0.1852,5.40,3798.0,72.0
51538,142.9,7.00,26.84,0.1879,5.32,3798.0,72.0
51545,144.9,6.90,26.84,0.1852,5.40,3798.0,72.0
51552,147.1,6.80,26.84,0.1825,5.48,3798.0,72.0
51559,140.8,7.10,26.84,0.1906,5.25,3798.0,72.0
51566,142.9,7.00,26.84,0.1879,5.32,3798.0,72.0
51573,147.1,6.80,26.84,0.1825,5.48,3798.0,72.0
51580,140.8,7.10,26.84,0.1906,5.25,3798.0,72.0
51587,142.9,7.00,26.84,0.1879,5.32,3798.0,72.0
51594,144.9,6.90,26.84,0.1852,5.40,3798.0,72.0
51601,138.9,7.20,26.84,0.1933,5.17,3798.0,72.0
51608,153.8,6.50,26.84,0.1745,5.73,3798.0,72.0
51615,138.9,7.20,26.84,0.1933,5.17,3798.0,72.0
51622,144.9,6.90,26.84,0.1852,5.40,3798.0,72.0
51629,144.9,6.90,26.84,0.1852,5.40,3798.0,72.0
51635,147.1,6.80,26.84,0.1825,5.48,3798.0,72.0
51642,142.9,7.00,26.84,0.1879,5.32,3798.0,72.0
51649,144.9,6.90,26.84,0.1852,5.40,3798.0,72.0
51656,142.9,7.00,26.84,0.1879,5.32,3798.0,72.0
51664,138.9,7.20,26.84,0.1933,5.17,3798.0,72.0
51670,147.1,6.80,26.84,0.1825,5.48,3798.0,72.0
51677,144.9,6.90,26.84,0.1852,5.40,3798.0,72.0
51685,133.3,7.50,26.84,0.2013,4.97,3798.0,72.0
51691,149.3,6.70,26.84,0.1799,5.56,3798.0,72.0
51699,140.8,7.10,26.84,0.1906,5.25,3798.0,72.0
51705,149.3,6.70,26.84,0.1799,5.56,3798.0,72.0
51712,149.3,6.70,26.84,0.1799,5.56,3798.0,72.0
51719,144.9,6.90,26.84,0.1852,5.40,3798.0,72.0
51726,142.9,7.00,26.84,0.1879,5.32,3798.0,72.0
51733,142.9,7.00,26.84,0.1879,5.32,3798.0,72.0
51740,147.1,6.80,26.84,0.1825,5.48,3798.0,72.0
51747,140.8,7.10,26.84,0.1906,5.25,3798.0,72.0
51754,144.9,6.90,26.84,0.1852,5.40,3798.0,72.0
51760,147.1,6.80,26.84,0.1825,5.48,3798.0,72.0
51767,142.9,7.00,26.84,0.1879,5.32,3798.0,72.0
51774,142.9,7.00,26.84,0.1879,5.32,3798.0,72.0
51781,142.9,7.00,26.85,0.1879,5.32,3798.0,72.0
51788,144.9,6.90,26.85,0.1852,5.40,3798.0,72.0
51795,147.1,6.80,26.85,0.1825,5.48,3798.0,72.0
51802,142.9,7.00,26.85,0.1879,5.32,3798.0,72.0
51809,144.9,6.90,26.85,0.1852,5.40,3798.0,72.0
51816,140.8,7.10,26.85,0.1906,5.24,3798.0,72.0
51823,144.9,6.90,26.85,0.1852,5.40,3798.0,72.0
51830,144.9,6.90,26.85,0.1852,5.40,3798.0,72.0
51837,138.9,7.20,26.85,0.1933,5.17,3798.0,72.0
51844,144.9,6.90,26.85,0.1852,5.40,3798.0,72.0
51851,147.1,6.80,26.85,0.1826,5.48,3798.0,72.0
51858,142.9,7.00,26.85,0.1879,5.32,3798.0,72.0
51865,144.9,6.90,26.85,0.1852,5.40,3798.0,72.0
51872,144.9,6.90,26.85,0.1852,5.40,3798.0,72.0
51879,144.9,6.90,26.85,0.1852,5.40,3798.0,72.0
51886,142.9,7.00,26.85,0.1879,5.32,3798.0,72.0
51892,144.9,6.90,26.85,0.1852,5.40,3798.0,72.0
51899,144.9,6.90,26.85,0.1852,5.40,3798.0,72.0
51906,140.8,7.10,26.85,0.1906,5.24,3798.0,72.0
51914,138.9,7.20,26.85,0.1933,5.17,3798.0,72.0
51920,151.5,6.60,26.85,0.1772,5.64,3798.0,72.0
51927,144.9,6.90,26.85,0.1853,5.40,3798.0,72.0
51934,144.9,6.90,26.85,0.1853,5.40,3798.0,72.0
51941,144.9,6.90,26.85,0.1853,5.40,3798.0,72.0
51948,142.9,7.00,26.85,0.1879,5.32,3798.0,72.0
51955,142.9,7.00,26.85,0.1879,5.32,3798.0,72.0
51962,144.9,6.90,26.85,0.1853,5.40,3798.0,72.0
51969,142.9,7.00,26.85,0.1879,5.32,3798.0,72.0
51976,142.9,7.00,26.85,0.1879,5.32,3798.0,72.0
51983,140.8,7.10,26.85,0.1906,5.24,3798.0,72.0
51990,142.9,7.00,26.85,0.1879,5.32,3798.0,72.0
51997,144.9,6.90,26.85,0.1853,5.40,3798.0,72.0
52004,144.9,6.90,26.85,0.1853,5.40,3798.0,72.0
52011,142.9,7.00,26.85,0.1879,5.32,3798.0,72.0
52018,147.1,6.80,26.85,0.1826,5.48,3798.0,72.0
52025,142.9,7.00,26.85,0.1879,5.32,3798.0,72.0
52032,144.9,6.90,26.85,0.1853,5.40,3798.0,72.0
52038,144.9,6.90,26.85,0.1853,5.40,3798.0,72.0
52045,142.9,7.00,26.85,0.1880,5.32,3798.0,72.0
52052,144.9,6.90,26.85,0.1853,5.40,3798.0,72.0
52059,144.9,6.90,26.85,0.1853,5.40,3798.0,72.0
52066,144.9,6.90,26.85,0.1853,5.40,3798.0,72.0
52073,144.9,6.90,26.85,0.1853,5.40,3798.0,72.0
52080,142.9,7.00,26.85,0.1880,5.32,3798.0,72.0
52087,140.8,7.10,26.85,0.1906,5.24,3798.0,72.0
52094,144.9,6.90,26.85,0.1853,5.40,3798.0,72.0
52101,142.9,7.00,26.85,0.1880,5.32,3798.0,72.0
52108,142.9,7.00,26.85,0.1880,5.32,3798.0,72.0
52115,138.9,7.20,26.85,0.1933,5.17,3798.0,72.0
52122,147.1,6.80,26.85,0.1826,5.48,3798.0,72.0
52129,144.9,6.90,26.85,0.1853,5.40,3798.0,72.0
52136,142.9,7.00,26.85,0.1880,5.32,3798.0,72.0
52143,147.1,6.80,26.85,0.1826,5.48,3798.0,72.0
52150,142.9,7.00,26.85,0.1880,5.32,3798.0,72.0
52156,151.5,6.60,26.85,0.1772,5.64,3798.0,72.0
52163,142.9,7.00,26.85,0.1880,5.32,3798.0,72.0
52170,144.9,6.90,26.85,0.1853,5.40,3798.0,72.0
52177,142.9,7.00,26.85,0.1880,5.32,3798.0,72.0
52184,147.1,6.80,26.85,0.1826,5.48,3798.0,72.0
52191,142.9,7.00,26.85,0.1880,5.32,3798.0,72.0
52198,142.9,7.00,26.85,0.1880,5.32,3798.0,72.0
52205,144.9,6.90,26.85,0.1853,5.40,3798.0,72.0
52212,147.1,6.80,26.85,0.1826,5.48,3798.0,72.0
52219,138.9,7.20,26.85,0.1933,5.17,3798.0,72.0
52226,140.8,7.10,26.85,0.1907,5.24,3798.0,72.0
52233,149.3,6.70,26.85,0.1799,5.56,3798.0,72.0
52240,142.9,7.00,26.85,0.1880,5.32,3798.0,72.0
52247,144.9,6.90,26.85,0.1853,5.40,3798.0,72.0
52254,142.9,7.00,26.85,0.1880,5.32,3798.0,72.0
52261,144.9,6.90,26.85,0.1853,5.40,3798.0,72.0
52268,142.9,7.00,26.85,0.1880,5.32,3798.0,72.0
52274,147.1,6.80,26.85,0.1826,5.48,3798.0,72.0
52281,142.9,7.00,26.86,0.1880,5.32,3798.0,72.0
52288,142.9,7.00,26.86,0.1880,5.32,3798.0,72.0
52295,147.1,6.80,26.86,0.1826,5.48,3798.0,72.0
52302,144.9,6.90,26.86,0.1853,5.40,3798.0,72.0
52309,138.9,7.20,26.86,0.1934,5.17,3798.0,72.0
52316,147.1,6.80,26.86,0.1826,5.48,3798.0,72.0
52323,142.9,7.00,26.86,0.1880,5.32,3798.0,72.0
52330,144.9,6.90,26.86,0.1853,5.40,3798.0,72.0
52337,142.9,7.00,26.86,0.1880,5.32,3798.0,72.0
52344,142.9,7.00,26.86,0.1880,5.32,3798.0,72.0
52351,147.1,6.80,26.86,0.1826,5.48,3798.0,72.0
52358,140.8,7.10,26.86,0.1907,5.24,3798.0,72.0
52365,147.1,6.80,26.86,0.1826,5.48,3798.0,72.0
52372,142.9,7.00,26.86,0.1880,5.32,3798.0,72.0
52379,144.9,6.90,26.86,0.1853,5.40,3798.0,72.0
52386,142.9,7.00,26.86,0.1880,5.32,3798.0,72.0
52392,144.9,6.90,26.86,0.1853,5.40,3798.0,72.0
52399,142.9,7.00,26.86,0.1880,5.32,3798.0,72.0
52406,147.1,6.80,26.86,0.1826,5.48,3798.0,72.0
52413,142.9,7.00,26.86,0.1880,5.32,3798.0,72.0
52420,142.9,7.00,26.86,0.1880,5.32,3798.0,72.0
52428,133.3,7.50,26.86,0.2014,4.96,3798.0,72.0
52435,142.9,7.00,26.86,0.1880,5.32,3798.0,72.0
52441,149.3,6.70,26.86,0.1800,5.56,3798.0,72.0
52448,147.1,6.80,26.86,0.1826,5.48,3798.0,72.0
52455,142.9,7.00,26.86,0.1880,5.32,3798.0,72.0
52462,140.8,7.10,26.86,0.1907,5.24,3798.0,72.0
52469,149.3,6.70,26.86,0.1800,5.56,3798.0,72.0
52476,142.9,7.00,26.86,0.1880,5.32,3798.0,72.0
52483,149.3,6.70,26.86,0.1800,5.56,3798.0,72.0
52490,142.9,7.00,26.86,0.1880,5.32,3798.0,72.0
52497,144.9,6.90,26.86,0.1853,5.39,3798.0,72.0
52504,142.9,7.00,26.86,0.1880,5.32,3798.0,72.0
52510,147.1,6.80,26.86,0.1826,5.48,3798.0,72.0
52517,142.9,7.00,26.86,0.1880,5.32,3798.0,72.0
52524,142.9,7.00,26.86,0.1880,5.32,3798.0,72.0
52532,140.8,7.10,26.86,0.1907,5.24,3798.0,72.0
52539,142.9,7.00,26.85,0.1879,5.32,3798.0,72.0
52545,147.1,6.80,26.84,0.1825,5.48,3798.0,72.0
52552,142.9,7.00,26.84,0.1879,5.32,3798.0,72.0
52559,144.9,6.90,26.83,0.1851,5.40,3798.0,72.0
52566,144.9,6.90,26.83,0.1851,5.40,3798.0,72.0
52573,142.9,7.00,26.82,0.1878,5.33,3798.0,72.0
52580,147.1,6.80,26.82,0.1824,5.49,3798.0,71.9
52587,138.9,7.20,26.81,0.1930,5.18,3798.0,71.9
52595,133.3,7.50,26.80,0.2010,4.97,3798.0,71.9
52601,149.3,6.70,26.80,0.1796,5.57,3798.0,71.9
52608,147.1,6.80,26.79,0.1822,5.49,3798.0,71.9
52615,147.1,6.80,26.79,0.1822,5.49,3798.0,71.9
52622,149.3,6.70,26.78,0.1794,5.57,3798.0,71.9
52629,142.9,7.00,26.78,0.1874,5.34,3798.0,71.9
52636,137.0,7.30,26.77,0.1954,5.12,3798.0,71.9
52643,144.9,6.90,26.77,0.1847,5.41,3798.0,71.9
52649,151.5,6.60,26.76,0.1766,5.66,3798.0,71.9
52656,142.9,7.00,26.75,0.1873,5.34,3798.0,71.9
52663,144.9,6.90,26.75,0.1846,5.42,3798.0,71.9
52670,144.9,6.90,26.74,0.1845,5.42,3798.0,71.9
52677,144.9,6.90,26.74,0.1845,5.42,3798.0,71.8
52684,142.9,7.00,26.73,0.1871,5.35,3798.0,71.8
52691,142.9,7.00,26.73,0.1871,5.35,3798.0,71.8
52698,142.9,7.00,26.72,0.1870,5.35,3798.0,71.8
52705,140.8,7.10,26.72,0.1897,5.27,3798.0,71.8
52712,142.9,7.00,26.71,0.1870,5.35,3798.0,71.8
52719,140.8,7.10,26.70,0.1896,5.27,3798.0,71.8
52726,149.3,6.70,26.70,0.1789,5.59,3798.0,71.8
52733,147.1,6.80,26.69,0.1815,5.51,3798.0,71.8
52740,142.9,7.00,26.69,0.1868,5.35,3798.0,71.8
52747,138.9,7.20,26.68,0.1921,5.21,3798.0,71.8
52754,140.8,7.10,26.68,0.1894,5.28,3798.0,71.8
52761,149.3,6.70,26.67,0.1787,5.60,3798.0,71.8
52768,149.3,6.70,26.66,0.1786,5.60,3798.0,71.8
52775,142.9,7.00,26.66,0.1866,5.36,3798.0,71.8
52781,144.9,6.90,26.65,0.1839,5.44,3798.0,71.7
52789,140.8,7.10,26.65,0.1892,5.28,3798.0,71.7
52795,149.3,6.70,26.64,0.1785,5.60,3798.0,71.7
52802,140.8,7.10,26.64,0.1891,5.29,3798.0,71.7
52809,144.9,6.90,26.63,0.1838,5.44,3798.0,71.7
52816,147.1,6.80,26.63,0.1811,5.52,3798.0,71.7
52823,142.9,7.00,26.62,0.1863,5.37,3798.0,71.7
52830,144.9,6.90,26.61,0.1836,5.44,3798.0,71.7
52837,142.9,7.00,26.61,0.1863,5.37,3798.0,71.7
52844,142.9,7.00,26.60,0.1862,5.37,3798.0,71.7
52851,140.8,7.10,26.60,0.1888,5.29,3798.0,71.7
52858,151.5,6.60,26.59,0.1755,5.70,3798.0,71.7
52865,138.9,7.20,26.59,0.1914,5.22,3798.0,71.7
52872,144.9,6.90,26.58,0.1834,5.45,3798.0,71.7
52879,142.9,7.00,26.57,0.1860,5.38,3798.0,71.6
52886,147.1,6.80,26.57,0.1807,5.54,3798.0,71.6
52893,142.9,7.00,26.56,0.1859,5.38,3798.0,71.6
52899,144.9,6.90,26.56,0.1832,5.46,3798.0,71.6
52906,144.9,6.90,26.55,0.1832,5.46,3798.0,71.6
52913,144.9,6.90,26.55,0.1832,5.46,3798.0,71.6
52920,142.9,7.00,26.54,0.1858,5.38,3798.0,71.6
52927,144.9,6.90,26.54,0.1831,5.46,3798.0,71.6
52934,144.9,6.90,26.53,0.1831,5.46,3798.0,71.6
52941,144.9,6.90,26.52,0.1830,5.46,3798.0,71.6
52948,140.8,7.10,26.52,0.1883,5.31,3798.0,71.6
52955,144.9,6.90,26.51,0.1829,5.47,3798.0,71.6
52962,140.8,7.10,26.51,0.1882,5.31,3798.0,71.6
52969,142.9,7.00,26.50,0.1855,5.39,3798.0,71.6
52976,142.9,7.00,26.50,0.1855,5.39,3798.0,71.5
52983,142.9,7.00,26.49,0.1854,5.39,3798.0,71.5
52990,142.9,7.00,26.48,0.1854,5.40,3798.0,71.5
52997,144.9,6.90,26.48,0.1827,5.47,3798.0,71.5
53004,138.9,7.20,26.47,0.1906,5.25,3798.0,71.5
53011,147.1,6.80,26.47,0.1800,5.56,3798.0,71.5
53018,149.3,6.70,26.46,0.1773,5.64,3798.0,71.5
53025,144.9,6.90,26.46,0.1825,5.48,3798.0,71.5
53031,147.1,6.80,26.45,0.1799,5.56,3798.0,71.5
53038,140.8,7.10,26.45,0.1878,5.32,3798.0,71.5
53045,144.9,6.90,26.44,0.1824,5.48,3798.0,71.5
53052,142.9,7.00,26.43,0.1850,5.41,3798.0,71.5
53059,147.1,6.80,26.43,0.1797,5.57,3798.0,71.5
53066,144.9,6.90,26.42,0.1823,5.48,3798.0,71.5
53073,147.1,6.80,26.42,0.1796,5.57,3798.0,71.5
53080,142.9,7.00,26.41,0.1849,5.41,3798.0,71.4
53087,142.9,7.00,26.41,0.1848,5.41,3798.0,71.4
53094,144.9,6.90,26.40,0.1822,5.49,3798.0,71.4
53101,142.9,7.00,26.39,0.1848,5.41,3798.0,71.4
53108,144.9,6.90,26.39,0.1821,5.49,3798.0,71.4
53115,140.8,7.10,26.38,0.1873,5.34,3798.0,71.4
53122,144.9,6.90,26.38,0.1820,5.49,3798.0,71.4
53129,142.9,7.00,26.37,0.1846,5.42,3798.0,71.4
53136,144.9,6.90,26.37,0.1819,5.50,3798.0,71.4
53142,147.1,6.80,26.36,0.1793,5.58,3798.0,71.4
53149,142.9,7.00,26.36,0.1845,5.42,3798.0,71.4
53156,142.9,7.00,26.35,0.1844,5.42,3798.0,71.4
53163,144.9,6.90,26.34,0.1818,5.50,3798.0,71.4
53170,142.9,7.00,26.34,0.1844,5.43,3798.0,71.4
53177,144.9,6.90,26.33,0.1817,5.50,3798.0,71.3
53184,147.1,6.80,26.33,0.1790,5.59,3798.0,71.3
53191,142.9,7.00,26.32,0.1842,5.43,3798.0,71.3
53198,142.9,7.00,26.32,0.1842,5.43,3798.0,71.3
53205,144.9,6.90,26.31,0.1815,5.51,3798.0,71.3
53212,142.9,7.00,26.30,0.1841,5.43,3798.0,71.3
53219,144.9,6.90,26.30,0.1815,5.51,3798.0,71.3
53226,144.9,6.90,26.29,0.1814,5.51,3798.0,71.3
53233,147.1,6.80,26.29,0.1788,5.60,3798.0,71.3
53240,140.8,7.10,26.28,0.1866,5.36,3798.0,71.3
53247,138.9,7.20,26.28,0.1892,5.29,3798.0,71.3
53254,147.1,6.80,26.27,0.1786,5.60,3798.0,71.3
53261,138.9,7.20,26.26,0.1891,5.29,3798.0,71.3
53268,138.9,7.20,26.26,0.1891,5.29,3798.0,71.3
53275,140.8,7.10,26.25,0.1864,5.36,3798.0,71.3
53282,147.1,6.80,26.25,0.1785,5.60,3798.0,71.2
53289,147.1,6.80,26.24,0.1784,5.61,3798.0,71.2
53295,151.5,6.60,26.24,0.1732,5.77,3798.0,71.2
53302,147.1,6.80,26.23,0.1784,5.61,3798.0,71.2
53309,144.9,6.90,26.23,0.1810,5.53,3798.0,71.2
53316,142.9,7.00,26.22,0.1835,5.45,3798.0,71.2
53323,144.9,6.90,26.21,0.1809,5.53,3798.0,71.2
53330,140.8,7.10,26.21,0.1861,5.37,3798.0,71.2
53337,147.1,6.80,26.20,0.1782,5.61,3798.0,71.2
53344,144.9,6.90,26.20,0.1808,5.53,3798.0,71.2
53351,142.9,7.00,26.19,0.1833,5.46,3798.0,71.2
53358,142.9,7.00,26.19,0.1833,5.46,3798.0,71.2
53365,142.9,7.00,26.18,0.1833,5.46,3798.0,71.2
53372,142.9,7.00,26.17,0.1832,5.46,3798.0,71.2
53379,144.9,6.90,26.17,0.1806,5.54,3798.0,71.1
53386,142.9,7.00,26.16,0.1831,5.46,3798.0,71.1
53393,144.9,6.90,26.16,0.1805,5.54,3798.0,71.1
53399,144.9,6.90,26.15,0.1805,5.54,3798.0,71.1
53406,144.9,6.90,26.15,0.1804,5.54,3798.0,71.1
53414,135.1,7.40,26.14,0.1934,5.17,3798.0,71.1
53421,147.1,6.80,26.14,0.1777,5.63,3798.0,71.1
53428,142.9,7.00,26.13,0.1829,5.47,3798.0,71.1
53435,138.9,7.20,26.12,0.1881,5.32,3798.0,71.1
53441,151.5,6.60,26.12,0.1724,5.80,3798.0,71.1
53448,147.1,6.80,26.11,0.1776,5.63,3798.0,71.1
53455,138.9,7.20,26.11,0.1880,5.32,3798.0,71.1
53462,147.1,6.80,26.10,0.1775,5.64,3798.0,71.1
53469,140.8,7.10,26.10,0.1853,5.40,3798.0,71.1
53476,140.8,7.10,26.09,0.1852,5.40,3798.0,71.0
53483,151.5,6.60,26.08,0.1722,5.81,3798.0,71.0
53490,147.1,6.80,26.08,0.1773,5.64,3798.0,71.0
53497,144.9,6.90,26.07,0.1799,5.56,3798.0,71.0
53504,144.9,6.90,26.07,0.1799,5.56,3798.0,71.0
53511,142.9,7.00,26.06,0.1824,5.48,3798.0,71.0
53517,147.1,6.80,26.06,0.1772,5.65,3798.0,71.0
53524,142.9,7.00,26.05,0.1824,5.49,3798.0,71.0
53531,142.9,7.00,26.05,0.1823,5.49,3798.0,71.0
53538,144.9,6.90,26.04,0.1797,5.56,3798.0,71.0
53545,140.8,7.10,26.03,0.1848,5.41,3798.0,71.0
53553,138.9,7.20,26.03,0.1874,5.34,3798.0,71.0
53560,140.8,7.10,26.02,0.1847,5.41,3798.0,71.0
53566,149.3,6.70,26.02,0.1743,5.74,3798.0,71.0
53573,142.9,7.00,26.01,0.1821,5.49,3798.0,71.0
53581,137.0,7.30,26.00,0.1898,5.27,3798.0,71.0
53587,151.5,6.60,26.00,0.1716,5.83,3798.0,71.0
53594,147.1,6.80,25.99,0.1767,5.66,3798.0,71.0
53601,144.9,6.90,25.98,0.1793,5.58,3798.0,71.0
53608,142.9,7.00,25.98,0.1819,5.50,3798.0,71.0
53615,138.9,7.20,25.97,0.1870,5.35,3798.0,71.0
53622,147.1,6.80,25.97,0.1766,5.66,3798.0,71.0
53629,149.3,6.70,25.96,0.1739,5.75,3798.0,71.0
53635,147.1,6.80,25.96,0.1765,5.67,3798.0,71.0
53643,140.8,7.10,25.95,0.1842,5.43,3798.0,71.0
53650,142.9,7.00,25.94,0.1816,5.51,3798.0,71.0
53656,144.9,6.90,25.94,0.1790,5.59,3798.0,71.0
53663,144.9,6.90,25.93,0.1789,5.59,3798.0,71.0
53670,144.9,6.90,25.92,0.1789,5.59,3798.0,71.0
53677,140.8,7.10,25.92,0.1840,5.43,3798.0,71.0
53684,147.1,6.80,25.91,0.1762,5.68,3798.0,71.0
53691,144.9,6.90,25.91,0.1788,5.59,3798.0,71.0
53698,144.9,6.90,25.90,0.1787,5.59,3798.0,71.0
53705,142.9,7.00,25.89,0.1813,5.52,3798.0,71.0
53712,144.9,6.90,25.89,0.1786,5.60,3798.0,71.0
53719,142.9,7.00,25.88,0.1812,5.52,3798.0,71.0
53726,144.9,6.90,25.88,0.1785,5.60,3798.0,71.0
53733,144.9,6.90,25.87,0.1785,5.60,3798.0,71.0
53740,142.9,7.00,25.86,0.1810,5.53,3798.0,71.0
53747,140.8,7.10,25.86,0.1836,5.45,3798.0,71.0
53753,149.3,6.70,25.85,0.1732,5.78,3798.0,71.0
53760,142.9,7.00,25.85,0.1809,5.53,3798.0,71.0
53768,140.8,7.10,25.84,0.1835,5.45,3798.0,71.0
53774,147.1,6.80,25.83,0.1757,5.69,3798.0,71.0
53781,142.9,7.00,25.83,0.1808,5.53,3798.0,71.0
53788,147.1,6.80,25.82,0.1756,5.70,3798.0,71.0
53795,144.9,6.90,25.82,0.1781,5.61,3798.0,71.0
53802,140.8,7.10,25.81,0.1833,5.46,3798.0,71.0
53809,142.9,7.00,25.80,0.1806,5.54,3798.0,71.0
53816,142.9,7.00,25.80,0.1806,5.54,3798.0,71.0
53823,147.1,6.80,25.79,0.1754,5.70,3798.0,71.0
53830,142.9,7.00,25.79,0.1805,5.54,3798.0,71.0
53837,140.8,7.10,25.78,0.1830,5.46,3798.0,71.0
53844,147.1,6.80,25.77,0.1753,5.71,3798.0,71.0
53851,144.9,6.90,25.77,0.1778,5.62,3798.0,71.0
53858,142.9,7.00,25.76,0.1803,5.55,3798.0,71.0
53865,144.9,6.90,25.76,0.1777,5.63,3798.0,71.0
53872,144.9,6.90,25.75,0.1777,5.63,3798.0,71.0
53879,142.9,7.00,25.74,0.1802,5.55,3798.0,71.0
53886,142.9,7.00,25.74,0.1802,5.55,3798.0,71.0
53892,147.1,6.80,25.73,0.1750,5.72,3798.0,71.0
53899,142.9,7.00,25.73,0.1801,5.55,3798.0,71.0
53906,144.9,6.90,25.72,0.1775,5.63,3798.0,71.0
53913,142.9,7.00,25.71,0.1800,5.56,3798.0,71.0
53920,144.9,6.90,25.71,0.1774,5.64,3798.0,71.0
53927,144.9,6.90,25.70,0.1773,5.64,3798.0,71.0
53934,144.9,6.90,25.70,0.1773,5.64,3798.0,71.0
53941,140.8,7.10,25.69,0.1824,5.48,3798.0,71.0
53948,147.1,6.80,25.68,0.1746,5.73,3798.0,71.0
53955,142.9,7.00,25.68,0.1797,5.57,3798.0,71.0
53962,142.9,7.00,25.67,0.1797,5.57,3798.0,71.0
53969,144.9,6.90,25.66,0.1771,5.65,3798.0,71.0
53976,140.8,7.10,25.66,0.1822,5.49,3798.0,71.0
53983,142.9,7.00,25.65,0.1796,5.57,3798.0,71.0
53990,140.8,7.10,25.65,0.1821,5.49,3798.0,71.0
53997,144.9,6.90,25.64,0.1769,5.65,3798.0,71.0
54004,144.9,6.90,25.63,0.1769,5.65,3798.0,71.0
54011,144.9,6.90,25.63,0.1768,5.65,3798.0,71.0
54018,140.8,7.10,25.62,0.1819,5.50,3798.0,71.0
54024,149.3,6.70,25.62,0.1716,5.83,3798.0,71.0
54031,142.9,7.00,25.61,0.1793,5.58,3798.0,71.0
54038,147.1,6.80,25.60,0.1741,5.75,3798.0,71.0
54045,142.9,7.00,25.60,0.1792,5.58,3798.0,71.0
54052,144.9,6.90,25.59,0.1766,5.66,3798.0,71.0
54059,144.9,6.90,25.59,0.1765,5.66,3798.0,71.0
54066,147.1,6.80,25.58,0.1739,5.75,3798.0,71.0
54073,138.9,7.20,25.57,0.1841,5.43,3798.0,71.0
54080,149.3,6.70,25.57,0.1713,5.84,3798.0,71.0
54087,144.9,6.90,25.56,0.1764,5.67,3798.0,71.0
54094,138.9,7.20,25.56,0.1840,5.44,3798.0,71.0
54101,149.3,6.70,25.55,0.1712,5.84,3798.0,71.0
54108,144.9,6.90,25.54,0.1763,5.67,3798.0,71.0
54115,144.9,6.90,25.54,0.1762,5.67,3798.0,71.0
54122,140.8,7.10,25.53,0.1813,5.51,3798.0,71.0
54129,144.9,6.90,25.53,0.1761,5.68,3798.0,71.0
54135,144.9,6.90,25.52,0.1761,5.68,3798.0,71.0
54142,142.9,7.00,25.51,0.1786,5.60,3798.0,71.0
54149,144.9,6.90,25.51,0.1760,5.68,3798.0,71.0
54156,140.8,7.10,25.50,0.1811,5.52,3798.0,71.0
54163,147.1,6.80,25.50,0.1734,5.77,3798.0,71.0
54170,142.9,7.00,25.49,0.1784,5.61,3798.0,71.0
54177,144.9,6.90,25.48,0.1758,5.69,3798.0,71.0
54184,144.9,6.90,25.48,0.1758,5.69,3798.0,71.0
54191,142.9,7.00,25.47,0.1783,5.61,3798.0,71.0
54198,140.8,7.10,25.47,0.1808,5.53,3798.0,71.0
54205,147.1,6.80,25.46,0.1731,5.78,3798.0,71.0
54212,142.9,7.00,25.45,0.1782,5.61,3798.0,71.0
54219,140.8,7.10,25.45,0.1807,5.53,3798.0,71.0
54226,151.5,6.60,25.44,0.1679,5.95,3798.0,71.0
54233,144.9,6.90,25.43,0.1755,5.70,3798.0,71.0
54240,140.8,7.10,25.43,0.1805,5.54,3798.0,71.0
54247,144.9,6.90,25.42,0.1754,5.70,3798.0,71.0
54253,144.9,6.90,25.42,0.1754,5.70,3798.0,71.0
54260,144.9,6.90,25.41,0.1753,5.70,3798.0,71.0
54267,142.9,7.00,25.41,0.1778,5.62,3798.0,71.0
54274,142.9,7.00,25.40,0.1778,5.63,3798.0,71.0
54281,142.9,7.00,25.39,0.1778,5.63,3798.0,71.0
54288,144.9,6.90,25.39,0.1752,5.71,3798.0,71.0
54295,144.9,6.90,25.38,0.1751,5.71,3798.0,71.0
54302,142.9,7.00,25.37,0.1776,5.63,3798.0,71.0
54309,142.9,7.00,25.37,0.1776,5.63,3798.0,71.0
54316,142.9,7.00,25.36,0.1775,5.63,3798.0,71.0
54323,144.9,6.90,25.36,0.1750,5.71,3798.0,71.0
54330,142.9,7.00,25.35,0.1775,5.64,3798.0,71.0
54337,149.3,6.70,25.34,0.1698,5.89,3798.0,71.0
54344,137.0,7.30,25.34,0.1850,5.41,3798.0,71.0
54351,149.3,6.70,25.33,0.1697,5.89,3798.0,71.0
54358,142.9,7.00,25.33,0.1773,5.64,3798.0,71.0
54365,144.9,6.90,25.32,0.1747,5.72,3798.0,71.0
54372,140.8,7.10,25.31,0.1797,5.56,3798.0,71.0
54379,147.1,6.80,25.31,0.1721,5.81,3798.0,71.0
54385,144.9,6.90,25.30,0.1746,5.73,3798.0,71.0
54392,144.9,6.90,25.30,0.1745,5.73,3798.0,71.0
54399,142.9,7.00,25.29,0.1770,5.65,3798.0,71.0
54406,142.9,7.00,25.28,0.1770,5.65,3798.0,71.0
54413,142.9,7.00,25.28,0.1769,5.65,3798.0,71.0
54420,142.9,7.00,25.27,0.1769,5.65,3798.0,71.0
54428,138.9,7.20,25.27,0.1819,5.50,3798.0,71.0
54434,144.9,6.90,25.26,0.1743,5.74,3798.0,71.0
54441,149.3,6.70,25.25,0.1692,5.91,3798.0,71.0
54448,147.1,6.80,25.25,0.1717,5.83,3798.0,71.0
54455,142.9,7.00,25.24,0.1767,5.66,3798.0,71.0
54462,147.1,6.80,25.24,0.1716,5.83,3798.0,71.0
54469,142.9,7.00,25.23,0.1766,5.66,3798.0,71.0
54476,144.9,6.90,25.22,0.1740,5.74,3798.0,71.0
54483,140.8,7.10,25.22,0.1790,5.58,3798.0,71.0
54490,144.9,6.90,25.21,0.1740,5.75,3798.0,71.0
54497,144.9,6.90,25.21,0.1739,5.75,3798.0,71.0
54504,142.9,7.00,25.20,0.1764,5.67,3798.0,71.0
54511,142.9,7.00,25.19,0.1764,5.67,3798.0,71.0
54518,142.9,7.00,25.19,0.1763,5.67,3798.0,71.0
54524,144.9,6.90,25.18,0.1738,5.75,3798.0,71.0
54531,144.9,6.90,25.18,0.1737,5.75,3798.0,71.0
54538,144.9,6.90,25.18,0.1737,5.76,3798.0,71.0
54545,144.9,6.90,25.18,0.1737,5.76,3798.0,71.0
54552,144.9,6.90,25.17,0.1737,5.76,3798.0,71.0
54559,142.9,7.00,25.17,0.1762,5.68,3798.0,71.0
54566,144.9,6.90,25.17,0.1737,5.76,3798.0,71.0
54573,140.8,7.10,25.17,0.1787,5.59,3798.0,71.0
54580,144.9,6.90,25.17,0.1737,5.76,3798.0,71.0
54587,144.9,6.90,25.17,0.1736,5.76,3798.0,71.0
54594,142.9,7.00,25.17,0.1762,5.68,3798.0,71.0
54601,138.9,7.20,25.16,0.1812,5.52,3798.0,71.0
54608,149.3,6.70,25.16,0.1686,5.93,3798.0,71.0
54615,144.9,6.90,25.16,0.1736,5.76,3798.0,71.0
54621,147.1,6.80,25.16,0.1711,5.85,3798.0,71.0
54628,142.9,7.00,25.16,0.1761,5.68,3798.0,71.0
54636,140.8,7.10,25.16,0.1786,5.60,3798.0,71.0
54642,147.1,6.80,25.15,0.1711,5.85,3798.0,71.0
54649,142.9,7.00,25.15,0.1761,5.68,3798.0,71.0
54656,144.9,6.90,25.15,0.1735,5.76,3798.0,71.0
54663,144.9,6.90,25.15,0.1735,5.76,3798.0,71.0
54670,142.9,7.00,25.15,0.1760,5.68,3798.0,71.0
54677,142.9,7.00,25.15,0.1760,5.68,3798.0,71.0
54684,144.9,6.90,25.15,0.1735,5.76,3798.0,71.0
54691,142.9,7.00,25.14,0.1760,5.68,3798.0,71.0
54698,144.9,6.90,25.14,0.1735,5.76,3798.0,71.0
54705,142.9,7.00,25.14,0.1760,5.68,3798.0,71.0
54712,144.9,6.90,25.14,0.1735,5.76,3798.0,71.0
54719,142.9,7.00,25.14,0.1760,5.68,3798.0,71.0
54726,147.1,6.80,25.14,0.1709,5.85,3798.0,71.0
54733,142.9,7.00,25.13,0.1759,5.69,3798.0,71.0
54740,142.9,7.00,25.13,0.1759,5.69,3798.0,71.0
54747,142.9,7.00,25.13,0.1759,5.69,3798.0,71.0
54753,147.1,6.80,25.13,0.1709,5.85,3798.0,71.0
54760,142.9,7.00,25.13,0.1759,5.69,3798.0,71.0
54767,144.9,6.90,25.13,0.1734,5.77,3798.0,71.0
54774,142.9,7.00,25.13,0.1759,5.69,3798.0,71.0
54781,142.9,7.00,25.12,0.1759,5.69,3798.0,71.0
54788,142.9,7.00,25.12,0.1759,5.69,3798.0,71.0
54795,147.1,6.80,25.12,0.1708,5.86,3798.0,71.0
54802,142.9,7.00,25.12,0.1758,5.69,3798.0,71.0
54809,142.9,7.00,25.12,0.1758,5.69,3798.0,71.0
54816,147.1,6.80,25.12,0.1708,5.86,3798.0,71.0
54823,140.8,7.10,25.11,0.1783,5.61,3798.0,71.0
54830,142.9,7.00,25.11,0.1758,5.69,3798.0,71.0
54837,140.8,7.10,25.11,0.1783,5.61,3798.0,71.0
54844,147.1,6.80,25.11,0.1707,5.86,3798.0,71.0
54851,147.1,6.80,25.11,0.1707,5.86,3798.0,71.0
54858,147.1,6.80,25.11,0.1707,5.86,3798.0,71.0
54865,142.9,7.00,25.11,0.1757,5.69,3798.0,71.0
54872,142.9,7.00,25.10,0.1757,5.69,3798.0,71.0
54879,142.9,7.00,25.10,0.1757,5.69,3798.0,71.0
54885,147.1,6.80,25.10,0.1707,5.86,3798.0,71.0
54892,140.8,7.10,25.10,0.1782,5.61,3798.0,71.0
54899,142.9,7.00,25.10,0.1757,5.69,3798.0,71.0
54907,140.8,7.10,25.10,0.1782,5.61,3798.0,71.0
54913,149.3,6.70,25.09,0.1681,5.95,3798.0,71.0
54920,149.3,6.70,25.09,0.1681,5.95,3798.0,71.0
54927,137.0,7.30,25.09,0.1832,5.46,3798.0,71.0
54934,149.3,6.70,25.09,0.1681,5.95,3798.0,71.0
54941,142.9,7.00,25.09,0.1756,5.70,3798.0,71.0
54948,147.1,6.80,25.09,0.1706,5.86,3798.0,71.0
54955,140.8,7.10,25.09,0.1781,5.61,3798.0,71.0
54962,142.9,7.00,25.08,0.1756,5.70,3798.0,71.0
54969,142.9,7.00,25.08,0.1756,5.70,3798.0,71.0
54976,144.9,6.90,25.08,0.1731,5.78,3798.0,71.0
54983,138.9,7.20,25.08,0.1806,5.54,3798.0,71.0
54990,144.9,6.90,25.08,0.1730,5.78,3798.0,71.0
54997,147.1,6.80,25.08,0.1705,5.87,3798.0,71.0
55004,144.9,6.90,25.07,0.1730,5.78,3798.0,71.0
55010,144.9,6.90,25.07,0.1730,5.78,3798.0,71.0
55017,142.9,7.00,25.07,0.1755,5.70,3798.0,71.0
55024,144.9,6.90,25.07,0.1730,5.78,3798.0,71.0
55031,147.1,6.80,25.07,0.1705,5.87,3798.0,71.0
55038,142.9,7.00,25.07,0.1755,5.70,3798.0,71.0
55045,142.9,7.00,25.07,0.1755,5.70,3798.0,71.0
55052,142.9,7.00,25.06,0.1754,5.70,3798.0,71.0
55059,147.1,6.80,25.06,0.1704,5.87,3798.0,71.0
55066,144.9,6.90,25.06,0.1729,5.78,3798.0,71.0
55073,142.9,7.00,25.06,0.1754,5.70,3798.0,71.0
55080,144.9,6.90,25.06,0.1729,5.78,3798.0,71.0
55087,142.9,7.00,25.06,0.1754,5.70,3798.0,71.0
55094,142.9,7.00,25.06,0.1754,5.70,3798.0,71.0
55101,142.9,7.00,25.05,0.1754,5.70,3798.0,71.0
55108,147.1,6.80,25.05,0.1704,5.87,3798.0,71.0
55115,144.9,6.90,25.05,0.1728,5.78,3798.0,71.0
55122,142.9,7.00,25.05,0.1753,5.70,3798.0,71.0
55129,142.9,7.00,25.05,0.1753,5.71,3798.0,71.0
55135,147.1,6.80,25.05,0.1703,5.87,3798.0,71.0
55142,142.9,7.00,25.04,0.1753,5.71,3798.0,71.0
55149,142.9,7.00,25.04,0.1753,5.71,3798.0,71.0
55156,144.9,6.90,25.04,0.1728,5.79,3798.0,71.0
55163,144.9,6.90,25.04,0.1728,5.79,3798.0,71.0
55170,142.9,7.00,25.04,0.1753,5.71,3798.0,71.0
55177,140.8,7.10,25.04,0.1778,5.62,3798.0,71.0
55184,147.1,6.80,25.04,0.1702,5.88,3798.0,71.0
55191,142.9,7.00,25.03,0.1752,5.71,3798.0,71.0
55198,144.9,6.90,25.03,0.1727,5.79,3798.0,71.0
55205,144.9,6.90,25.03,0.1727,5.79,3798.0,71.0
55212,142.9,7.00,25.03,0.1752,5.71,3798.0,71.0
55219,144.9,6.90,25.03,0.1727,5.79,3798.0,71.0
55226,140.8,7.10,25.03,0.1777,5.63,3798.0,71.0
55233,142.9,7.00,25.02,0.1752,5.71,3798.0,71.0
55240,147.1,6.80,25.02,0.1702,5.88,3798.0,71.0
55247,142.9,7.00,25.02,0.1751,5.71,3798.0,71.0
55254,144.9,6.90,25.02,0.1726,5.79,3798.0,71.0
55260,144.9,6.90,25.02,0.1726,5.79,3798.0,71.0
55267,144.9,6.90,25.02,0.1726,5.79,3798.0,71.0
55274,144.9,6.90,25.02,0.1726,5.79,3798.0,71.0
55281,142.9,7.00,25.01,0.1751,5.71,3798.0,71.0
55288,140.8,7.10,25.01,0.1776,5.63,3798.0,71.0
55295,147.1,6.80,25.01,0.1701,5.88,3798.0,71.0
55302,140.8,7.10,25.01,0.1776,5.63,3798.0,71.0
55309,142.9,7.00,25.01,0.1751,5.71,3798.0,71.0
55316,140.8,7.10,25.01,0.1775,5.63,3798.0,71.0
55323,149.3,6.70,25.00,0.1675,5.97,3798.0,71.0
55330,142.9,7.00,25.00,0.1750,5.72,3798.0,71.0
55337,147.1,6.80,25.00,0.1700,5.88,3798.0,71.0
55344,140.8,7.10,25.00,0.1775,5.63,3798.0,71.0
55351,147.1,6.80,25.00,0.1700,5.88,3798.0,71.0
55358,144.9,6.90,25.00,0.1725,5.80,3798.0,71.0
55365,142.9,7.00,25.00,0.1750,5.72,3798.0,71.0
55372,142.9,7.00,24.99,0.1750,5.72,3798.0,71.0
55379,144.9,6.90,24.99,0.1724,5.80,3798.0,71.0
55385,144.9,6.90,24.99,0.1724,5.80,3798.0,71.0
55392,142.9,7.00,24.99,0.1749,5.72,3798.0,71.0
55399,144.9,6.90,24.99,0.1724,5.80,3798.0,71.0
55406,142.9,7.00,24.99,0.1749,5.72,3798.0,71.0
55413,144.9,6.90,24.98,0.1724,5.80,3798.0,71.0
55420,144.9,6.90,24.98,0.1724,5.80,3798.0,71.0
55428,133.3,7.50,24.98,0.1874,5.34,3798.0,71.0
55434,149.3,6.70,24.98,0.1674,5.98,3798.0,71.0
55441,144.9,6.90,24.98,0.1724,5.80,3798.0,71.0
55448,147.1,6.80,24.98,0.1698,5.89,3798.0,71.0
55455,144.9,6.90,24.98,0.1723,5.80,3798.0,71.0
55462,142.9,7.00,24.97,0.1748,5.72,3798.0,71.0
55469,142.9,7.00,24.97,0.1748,5.72,3798.0,71.0
55476,147.1,6.80,24.97,0.1698,5.89,3798.0,71.0
55483,137.0,7.30,24.97,0.1823,5.49,3798.0,71.0
55490,153.8,6.50,24.97,0.1623,6.16,3798.0,71.0
55497,140.8,7.10,24.97,0.1773,5.64,3798.0,71.0
55504,144.9,6.90,24.96,0.1723,5.80,3798.0,71.0
55510,144.9,6.90,24.96,0.1722,5.80,3798.0,71.0
55518,140.8,7.10,24.96,0.1772,5.64,3798.0,71.0
55524,147.1,6.80,24.96,0.1697,5.89,3798.0,71.0
55531,147.1,6.80,24.96,0.1697,5.89,3798.0,71.0
55538,140.8,7.10,24.96,0.1772,5.64,3798.0,71.0
55545,140.8,7.10,24.96,0.1772,5.64,3798.0,71.0
55552,147.1,6.80,24.96,0.1697,5.89,3798.0,71.0
55559,144.9,6.90,24.95,0.1722,5.81,3798.0,71.0
55566,142.9,7.00,24.95,0.1747,5.73,3798.0,71.0
55573,144.9,6.90,24.95,0.1722,5.81,3798.0,71.0
55580,144.9,6.90,24.95,0.1722,5.81,3798.0,71.0
55587,142.9,7.00,24.95,0.1746,5.73,3798.0,71.0
55594,142.9,7.00,24.95,0.1746,5.73,3798.0,71.0
55601,144.9,6.90,24.95,0.1721,5.81,3798.0,71.0
55608,138.9,7.20,24.95,0.1796,5.57,3798.0,71.0
55615,149.3,6.70,24.94,0.1671,5.99,3798.0,71.0
55621,147.1,6.80,24.94,0.1696,5.90,3798.0,71.0
55628,142.9,7.00,24.94,0.1746,5.73,3798.0,71.0
55635,142.9,7.00,24.94,0.1746,5.73,3798.0,71.0
55642,144.9,6.90,24.94,0.1721,5.81,3798.0,71.0
55650,138.9,7.20,24.94,0.1796,5.57,3798.0,71.0
55656,149.3,6.70,24.94,0.1671,5.99,3798.0,71.0
55663,142.9,7.00,24.94,0.1746,5.73,3798.0,71.0
55670,144.9,6.90,24.94,0.1721,5.81,3798.0,71.0
55677,140.8,7.10,24.93,0.1770,5.65,3798.0,71.0
55684,147.1,6.80,24.93,0.1695,5.90,3798.0,71.0
55691,142.9,7.00,24.93,0.1745,5.73,3798.0,71.0
55698,142.9,7.00,24.93,0.1745,5.73,3798.0,71.0
55705,142.9,7.00,24.93,0.1745,5.73,3798.0,71.0
55712,144.9,6.90,24.93,0.1720,5.81,3798.0,71.0
55719,140.8,7.10,24.93,0.1770,5.65,3798.0,71.0
55726,147.1,6.80,24.93,0.1695,5.90,3798.0,71.0
55733,142.9,7.00,24.92,0.1745,5.73,3798.0,71.0
55740,144.9,6.90,24.92,0.1720,5.81,3798.0,71.0
55747,142.9,7.00,24.92,0.1745,5.73,3798.0,71.0
55754,140.8,7.10,24.92,0.1769,5.65,3798.0,71.0
55760,151.5,6.60,24.92,0.1645,6.08,3798.0,71.0
55767,144.9,6.90,24.92,0.1719,5.81,3798.0,71.0
55774,142.9,7.00,24.92,0.1744,5.73,3798.0,71.0
55781,144.9,6.90,24.92,0.1719,5.82,3798.0,71.0
55788,142.9,7.00,24.92,0.1744,5.74,3798.0,71.0
55795,147.1,6.80,24.91,0.1694,5.90,3798.0,71.0
55802,140.8,7.10,24.91,0.1769,5.65,3798.0,71.0
55809,144.9,6.90,24.91,0.1719,5.82,3798.0,71.0
55816,140.8,7.10,24.91,0.1769,5.65,3798.0,71.0
55823,147.1,6.80,24.91,0.1694,5.91,3798.0,71.0
55830,142.9,7.00,24.91,0.1744,5.74,3798.0,71.0
55837,142.9,7.00,24.91,0.1743,5.74,3798.0,71.0
55844,147.1,6.80,24.91,0.1694,5.91,3798.0,71.0
55851,142.9,7.00,24.90,0.1743,5.74,3798.0,71.0
55858,142.9,7.00,24.90,0.1743,5.74,3798.0,71.0
55865,144.9,6.90,24.90,0.1718,5.82,3798.0,71.0
55872,142.9,7.00,24.90,0.1743,5.74,3798.0,71.0
55879,144.9,6.90,24.90,0.1718,5.82,3798.0,71.0
55886,142.9,7.00,24.90,0.1743,5.74,3798.0,71.0
55892,147.1,6.80,24.90,0.1693,5.91,3798.0,71.0
55899,142.9,7.00,24.90,0.1743,5.74,3798.0,71.0
55906,147.1,6.80,24.90,0.1693,5.91,3798.0,71.0
55913,142.9,7.00,24.89,0.1743,5.74,3798.0,71.0
55920,142.9,7.00,24.89,0.1743,5.74,3798.0,71.0
55927,144.9,6.90,24.89,0.1718,5.82,3798.0,71.0
55934,147.1,6.80,24.89,0.1693,5.91,3798.0,71.0
55941,140.8,7.10,24.89,0.1767,5.66,3798.0,71.0
55948,144.9,6.90,24.89,0.1717,5.82,3798.0,71.0
55955,147.1,6.80,24.89,0.1692,5.91,3798.0,71.0
55962,138.9,7.20,24.89,0.1792,5.58,3798.0,71.0
55969,147.1,6.80,24.88,0.1692,5.91,3798.0,71.0
55976,142.9,7.00,24.88,0.1742,5.74,3798.0,71.0
55983,147.1,6.80,24.88,0.1692,5.91,3798.0,71.0
55990,137.0,7.30,24.88,0.1816,5.51,3798.0,71.0
55997,140.8,7.10,24.88,0.1766,5.66,3798.0,71.0
56012,67.6,14.80,24.88,0.3682,2.72,3798.0,71.0
56018,172.4,5.80,24.88,0.1443,6.93,3798.0,71.0
56024,149.3,6.70,24.88,0.1667,6.00,3798.0,71.0
56031,144.9,6.90,24.87,0.1716,5.83,3798.0,71.0
56038,140.8,7.10,24.87,0.1766,5.66,3798.0,71.0
56045,147.1,6.80,24.87,0.1691,5.91,3798.0,71.0
56052,142.9,7.00,24.87,0.1741,5.75,3798.0,71.0
56059,142.9,7.00,24.87,0.1741,5.75,3798.0,71.0
56066,142.9,7.00,24.87,0.1741,5.75,3798.0,71.0
56073,142.9,7.00,24.87,0.1741,5.75,3798.0,71.0
56080,147.1,6.80,24.87,0.1691,5.92,3798.0,71.0
56087,140.8,7.10,24.86,0.1765,5.66,3798.0,71.0
56094,147.1,6.80,24.86,0.1691,5.92,3798.0,71.0
56101,142.9,7.00,24.86,0.1740,5.75,3798.0,71.0
56108,147.1,6.80,24.86,0.1691,5.92,3798.0,71.0
56115,142.9,7.00,24.86,0.1740,5.75,3798.0,71.0
56121,144.9,6.90,24.86,0.1715,5.83,3798.0,71.0
56128,142.9,7.00,24.86,0.1740,5.75,3798.0,71.0
56135,147.1,6.80,24.86,0.1690,5.92,3798.0,71.0
56142,140.8,7.10,24.86,0.1765,5.66,3798.0,71.0
56149,144.9,6.90,24.85,0.1715,5.83,3798.0,71.0
56156,142.9,7.00,24.85,0.1740,5.75,3798.0,71.0
56163,147.1,6.80,24.85,0.1690,5.92,3798.0,71.0
56170,137.0,7.30,24.85,0.1814,5.51,3798.0,71.0
56177,149.3,6.70,24.85,0.1665,6.01,3798.0,71.0
56184,142.9,7.00,24.85,0.1739,5.75,3798.0,71.0
56191,144.9,6.90,24.85,0.1714,5.83,3798.0,71.0
56198,144.9,6.90,24.85,0.1714,5.83,3798.0,71.0
56205,142.9,7.00,24.84,0.1739,5.75,3798.0,71.0
56212,142.9,7.00,24.84,0.1739,5.75,3798.0,71.0
56219,144.9,6.90,24.84,0.1714,5.83,3798.0,71.0
56226,147.1,6.80,24.84,0.1689,5.92,3798.0,71.0
56233,140.8,7.10,24.84,0.1764,5.67,3798.0,71.0
56240,142.9,7.00,24.84,0.1739,5.75,3798.0,71.0
56247,144.9,6.90,24.84,0.1714,5.83,3798.0,71.0
56254,142.9,7.00,24.84,0.1739,5.75,3798.0,71.0
56260,144.9,6.90,24.84,0.1714,5.83,3798.0,71.0
56267,142.9,7.00,24.83,0.1738,5.75,3798.0,71.0
56274,142.9,7.00,24.83,0.1738,5.75,3798.0,71.0
56282,140.8,7.10,24.83,0.1763,5.67,3798.0,71.0
56289,142.9,7.00,24.83,0.1738,5.76,3798.0,71.0
56295,144.9,6.90,24.83,0.1713,5.84,3798.0,71.0
56302,149.3,6.70,24.83,0.1663,6.01,3798.0,71.0
56309,149.3,6.70,24.83,0.1663,6.01,3798.0,71.0
56316,142.9,7.00,24.83,0.1738,5.76,3798.0,71.0
56323,142.9,7.00,24.82,0.1738,5.76,3798.0,71.0
56330,142.9,7.00,24.82,0.1738,5.76,3798.0,71.0
56337,147.1,6.80,24.82,0.1688,5.93,3798.0,71.0
56344,142.9,7.00,24.82,0.1737,5.76,3798.0,71.0
56351,144.9,6.90,24.82,0.1713,5.84,3798.0,71.0
56358,142.9,7.00,24.82,0.1737,5.76,3798.0,71.0
56365,140.8,7.10,24.82,0.1762,5.67,3798.0,71.0
56372,147.1,6.80,24.82,0.1688,5.93,3798.0,71.0
56379,140.8,7.10,24.81,0.1762,5.67,3798.0,71.0
56385,147.1,6.80,24.81,0.1687,5.93,3798.0,71.0
56392,144.9,6.90,24.81,0.1712,5.84,3798.0,71.0
56399,142.9,7.00,24.81,0.1737,5.76,3798.0,71.0
56406,144.9,6.90,24.81,0.1712,5.84,3798.0,71.0
56413,142.9,7.00,24.81,0.1737,5.76,3798.0,71.0
56420,144.9,6.90,24.81,0.1712,5.84,3798.0,71.0
56428,131.6,7.60,24.81,0.1885,5.31,3798.0,71.0
56434,149.3,6.70,24.81,0.1662,6.02,3798.0,71.0
56441,151.5,6.60,24.80,0.1637,6.11,3798.0,71.0
56448,144.9,6.90,24.80,0.1711,5.84,3798.0,71.0
56455,147.1,6.80,24.80,0.1687,5.93,3798.0,71.0
56462,140.8,7.10,24.80,0.1761,5.68,3798.0,71.0
56469,140.8,7.10,24.80,0.1761,5.68,3798.0,71.0
56476,147.1,6.80,24.80,0.1686,5.93,3798.0,71.0
56483,147.1,6.80,24.80,0.1686,5.93,3798.0,71.0
56490,142.9,7.00,24.80,0.1736,5.76,3798.0,71.0
56496,144.9,6.90,24.80,0.1711,5.84,3798.0,71.0
56503,144.9,6.90,24.79,0.1711,5.84,3798.0,71.0
56510,142.9,7.00,24.79,0.1735,5.76,3798.0,71.0
56517,140.8,7.10,24.79,0.1760,5.68,3798.0,71.0
56524,144.9,6.90,24.79,0.1711,5.85,3798.0,71.0
56531,147.1,6.80,24.79,0.1686,5.93,3798.0,71.0
56538,142.9,7.00,24.79,0.1735,5.76,3798.0,71.0
56545,140.8,7.10,24.79,0.1760,5.68,3798.0,71.0
56552,147.1,6.80,24.79,0.1685,5.94,3798.0,71.0
56559,142.9,7.00,24.78,0.1735,5.77,3798.0,71.0
56566,142.9,7.00,24.78,0.1735,5.77,3798.0,71.0
56573,147.1,6.80,24.78,0.1685,5.94,3798.0,71.0
56580,142.9,7.00,24.78,0.1735,5.77,3798.0,71.0
56587,142.9,7.00,24.78,0.1734,5.77,3798.0,71.0
56594,147.1,6.80,24.78,0.1685,5.94,3798.0,71.0
56601,140.8,7.10,24.78,0.1759,5.68,3798.0,71.0
56608,144.9,6.90,24.77,0.1709,5.85,3798.0,71.0
56615,144.9,6.90,24.77,0.1709,5.85,3798.0,71.0
56622,142.9,7.00,24.77,0.1734,5.77,3798.0,71.0
56629,142.9,7.00,24.77,0.1734,5.77,3798.0,71.0
56635,144.9,6.90,24.77,0.1709,5.85,3798.0,71.0
56642,144.9,6.90,24.77,0.1709,5.85,3798.0,71.0
56649,142.9,7.00,24.77,0.1734,5.77,3798.0,71.0
56656,144.9,6.90,24.77,0.1709,5.85,3798.0,71.0
56663,144.9,6.90,24.76,0.1709,5.85,3798.0,71.0
56670,140.8,7.10,24.76,0.1758,5.69,3798.0,71.0
56677,149.3,6.70,24.76,0.1659,6.03,3798.0,71.0
56684,140.8,7.10,24.76,0.1758,5.69,3798.0,71.0
56691,142.9,7.00,24.76,0.1733,5.77,3798.0,71.0
56698,144.9,6.90,24.76,0.1708,5.85,3798.0,71.0
56705,144.9,6.90,24.76,0.1708,5.85,3798.0,71.0
56712,142.9,7.00,24.75,0.1733,5.77,3798.0,71.0
56719,142.9,7.00,24.75,0.1733,5.77,3798.0,71.0
56726,144.9,6.90,24.75,0.1708,5.85,3798.0,71.0
56733,144.9,6.90,24.75,0.1708,5.85,3798.0,71.0
56740,144.9,6.90,24.75,0.1708,5.85,3798.0,71.0
56746,144.9,6.90,24.75,0.1708,5.85,3798.0,71.0
56753,144.9,6.90,24.75,0.1708,5.86,3798.0,71.0
56760,142.9,7.00,24.75,0.1732,5.77,3798.0,71.0
56767,142.9,7.00,24.74,0.1732,5.78,3798.0,71.0
56774,142.9,7.00,24.74,0.1732,5.78,3798.0,71.0
56781,144.9,6.90,24.74,0.1707,5.86,3798.0,71.0
56788,144.9,6.90,24.74,0.1707,5.86,3798.0,71.0
56795,142.9,7.00,24.74,0.1732,5.78,3798.0,71.0
56802,140.8,7.10,24.74,0.1756,5.69,3798.0,71.0
56809,149.3,6.70,24.74,0.1657,6.04,3798.0,71.0
56816,140.8,7.10,24.73,0.1756,5.69,3798.0,71.0
56823,147.1,6.80,24.73,0.1682,5.95,3798.0,71.0
56830,144.9,6.90,24.73,0.1707,5.86,3798.0,71.0
56837,142.9,7.00,24.73,0.1731,5.78,3798.0,71.0
56844,142.9,7.00,24.73,0.1731,5.78,3798.0,71.0
56851,135.1,7.40,24.73,0.1830,5.46,3798.0,71.0
56858,147.1,6.80,24.73,0.1681,5.95,3798.0,71.0
56865,151.5,6.60,24.73,0.1632,6.13,3798.0,71.0
56872,142.9,7.00,24.72,0.1731,5.78,3798.0,71.0
56878,147.1,6.80,24.72,0.1681,5.95,3798.0,71.0
56885,144.9,6.90,24.72,0.1706,5.86,3798.0,71.0
56892,138.9,7.20,24.72,0.1780,5.62,3798.0,71.0
56899,142.9,7.00,24.72,0.1730,5.78,3798.0,71.0
56906,147.1,6.80,24.72,0.1681,5.95,3798.0,71.0
56913,142.9,7.00,24.72,0.1730,5.78,3798.0,71.0
56920,147.1,6.80,24.72,0.1681,5.95,3798.0,71.0
56927,140.8,7.10,24.71,0.1755,5.70,3798.0,71.0
56934,144.9,6.90,24.71,0.1705,5.86,3798.0,71.0
56941,144.9,6.90,24.71,0.1705,5.86,3798.0,71.0
56948,142.9,7.00,24.71,0.1730,5.78,3798.0,71.0
56955,142.9,7.00,24.71,0.1730,5.78,3798.0,71.0
56962,137.0,7.30,24.71,0.1804,5.54,3798.0,71.0
56969,144.9,6.90,24.71,0.1705,5.87,3798.0,71.0
56976,149.3,6.70,24.70,0.1655,6.04,3798.0,71.0
56983,144.9,6.90,24.70,0.1705,5.87,3798.0,71.0
56990,138.9,7.20,24.70,0.1779,5.62,3798.0,71.0
56997,149.3,6.70,24.70,0.1655,6.04,3798.0,71.0
57004,142.9,7.00,24.70,0.1729,5.79,3798.0,71.0
57010,147.1,6.80,24.70,0.1679,5.96,3798.0,71.0
57017,142.9,7.00,24.70,0.1729,5.79,3798.0,71.0
57024,147.1,6.80,24.70,0.1679,5.96,3798.0,71.0
57031,142.9,7.00,24.69,0.1729,5.79,3798.0,71.0
57038,142.9,7.00,24.69,0.1728,5.79,3798.0,71.0
57045,144.9,6.90,24.69,0.1704,5.87,3798.0,71.0
57052,147.1,6.80,24.69,0.1679,5.96,3798.0,71.0
57059,138.9,7.20,24.69,0.1778,5.63,3798.0,71.0
57066,147.1,6.80,24.69,0.1679,5.96,3798.0,71.0
57073,140.8,7.10,24.69,0.1753,5.70,3798.0,71.0
57080,140.8,7.10,24.68,0.1753,5.70,3798.0,71.0
57087,142.9,7.00,24.68,0.1728,5.79,3798.0,71.0
57094,149.3,6.70,24.68,0.1654,6.05,3798.0,71.0
57101,147.1,6.80,24.68,0.1678,5.96,3798.0,71.0
57108,142.9,7.00,24.68,0.1728,5.79,3798.0,71.0
57115,138.9,7.20,24.68,0.1777,5.63,3798.0,71.0
57122,147.1,6.80,24.68,0.1678,5.96,3798.0,71.0
57129,142.9,7.00,24.68,0.1727,5.79,3798.0,71.0
57135,151.5,6.60,24.67,0.1629,6.14,3798.0,71.0
57142,142.9,7.00,24.67,0.1727,5.79,3798.0,71.0
57149,142.9,7.00,24.67,0.1727,5.79,3798.0,71.0
57156,142.9,7.00,24.67,0.1727,5.79,3798.0,71.0
57163,144.9,6.90,24.67,0.1702,5.87,3798.0,71.0
57170,144.9,6.90,24.67,0.1702,5.87,3798.0,71.0
57177,142.9,7.00,24.67,0.1727,5.79,3798.0,71.0
57184,140.8,7.10,24.66,0.1751,5.71,3798.0,71.0
57191,147.1,6.80,24.66,0.1677,5.96,3798.0,71.0
57198,144.9,6.90,24.66,0.1702,5.88,3798.0,71.0
57205,140.8,7.10,24.66,0.1751,5.71,3798.0,71.0
57212,144.9,6.90,24.66,0.1702,5.88,3798.0,71.0
57219,142.9,7.00,24.66,0.1726,5.80,3798.0,71.0
57226,140.8,7.10,24.66,0.1751,5.71,3798.0,71.0
57233,149.3,6.70,24.66,0.1652,6.06,3798.0,71.0
57240,142.9,7.00,24.65,0.1726,5.80,3798.0,71.0
57246,147.1,6.80,24.65,0.1676,5.97,3798.0,71.0
57253,142.9,7.00,24.65,0.1726,5.80,3798.0,71.0
57260,144.9,6.90,24.65,0.1701,5.88,3798.0,71.0
57267,142.9,7.00,24.65,0.1725,5.80,3798.0,71.0
57274,144.9,6.90,24.65,0.1701,5.88,3798.0,71.0
57281,144.9,6.90,24.65,0.1701,5.88,3798.0,71.0
57288,142.9,7.00,24.65,0.1725,5.80,3798.0,71.0
57295,142.9,7.00,24.64,0.1725,5.80,3798.0,71.0
57302,147.1,6.80,24.64,0.1676,5.97,3798.0,71.0
57309,138.9,7.20,24.64,0.1774,5.64,3798.0,71.0
57316,149.3,6.70,24.64,0.1651,6.06,3798.0,71.0
57323,142.9,7.00,24.64,0.1725,5.80,3798.0,71.0
57330,140.8,7.10,24.64,0.1749,5.71,3798.0,71.0
57337,147.1,6.80,24.64,0.1675,5.97,3798.0,71.0
57344,142.9,7.00,24.63,0.1724,5.80,3798.0,71.0
57351,144.9,6.90,24.63,0.1700,5.88,3798.0,71.0
57358,142.9,7.00,24.63,0.1724,5.80,3798.0,71.0
57365,144.9,6.90,24.63,0.1700,5.88,3798.0,71.0
57372,142.9,7.00,24.63,0.1724,5.80,3798.0,71.0
57378,144.9,6.90,24.63,0.1699,5.88,3798.0,71.0
57385,142.9,7.00,24.63,0.1724,5.80,3798.0,71.0
57392,142.9,7.00,24.63,0.1724,5.80,3798.0,71.0
57399,144.9,6.90,24.62,0.1699,5.88,3798.0,71.0
57406,142.9,7.00,24.62,0.1724,5.80,3798.0,71.0
57413,140.8,7.10,24.62,0.1748,5.72,3798.0,71.0
57420,149.3,6.70,24.62,0.1650,6.06,3798.0,71.0
57428,135.1,7.40,24.62,0.1822,5.49,3798.0,71.0
57434,144.9,6.90,24.62,0.1699,5.89,3798.0,71.0
57441,149.3,6.70,24.62,0.1649,6.07,3798.0,71.0
57448,144.9,6.90,24.61,0.1698,5.89,3798.0,71.0
57455,147.1,6.80,24.61,0.1674,5.98,3798.0,71.0
57462,144.9,6.90,24.61,0.1698,5.89,3798.0,71.0
57469,144.9,6.90,24.61,0.1698,5.89,3798.0,71.0
57476,147.1,6.80,24.61,0.1673,5.98,3798.0,71.0
57483,135.1,7.40,24.61,0.1821,5.49,3798.0,71.0
57490,149.3,6.70,24.61,0.1649,6.07,3798.0,71.0
57497,140.8,7.10,24.61,0.1747,5.72,3798.0,71.0
57503,149.3,6.70,24.60,0.1648,6.07,3798.0,71.0
57510,144.9,6.90,24.60,0.1698,5.89,3798.0,71.0
57517,140.8,7.10,24.60,0.1747,5.72,3798.0,71.0
57524,147.1,6.80,24.60,0.1673,5.98,3798.0,71.0
57531,142.9,7.00,24.60,0.1722,5.81,3798.0,71.0
57538,144.9,6.90,24.60,0.1697,5.89,3798.0,71.0
57545,140.8,7.10,24.60,0.1746,5.72,3798.0,71.0
57552,147.1,6.80,24.60,0.1673,5.98,3798.0,71.0
57559,140.8,7.10,24.60,0.1746,5.72,3798.0,71.0
57566,144.9,6.90,24.59,0.1697,5.89,3798.0,71.0
57573,142.9,7.00,24.59,0.1722,5.81,3798.0,71.0
57581,120.5,8.30,24.59,0.2041,4.90,3798.0,71.0
57588,140.8,7.10,24.59,0.1746,5.73,3798.0,71.0
57595,151.5,6.60,24.59,0.1623,6.16,3798.0,71.0
57601,158.7,6.30,24.59,0.1549,6.45,3798.0,71.0
57608,149.3,6.70,24.59,0.1647,6.07,3798.0,71.0
57615,151.5,6.60,24.59,0.1623,6.16,3798.0,71.0
57622,140.8,7.10,24.59,0.1746,5.73,3798.0,71.0
57628,151.5,6.60,24.59,0.1623,6.16,3798.0,71.0
57635,140.8,7.10,24.59,0.1746,5.73,3798.0,71.0
57642,144.9,6.90,24.58,0.1696,5.89,3798.0,71.0
57649,144.9,6.90,24.58,0.1696,5.89,3798.0,71.0
57656,144.9,6.90,24.58,0.1696,5.89,3798.0,71.0
57663,140.8,7.10,24.58,0.1745,5.73,3798.0,71.0
57670,144.9,6.90,24.58,0.1696,5.89,3798.0,71.0
57677,137.0,7.30,24.58,0.1794,5.57,3798.0,71.0
57685,140.8,7.10,24.58,0.1745,5.73,3798.0,71.0
57691,151.5,6.60,24.58,0.1622,6.16,3798.0,71.0
57698,144.9,6.90,24.58,0.1696,5.90,3798.0,71.0
57705,144.9,6.90,24.58,0.1696,5.90,3798.0,71.0
57712,144.9,6.90,24.58,0.1696,5.90,3798.0,71.0
57719,142.9,7.00,24.57,0.1720,5.81,3798.0,71.0
57726,142.9,7.00,24.57,0.1720,5.82,3798.0,71.0
57733,144.9,6.90,24.57,0.1696,5.90,3798.0,71.0
57740,144.9,6.90,24.57,0.1695,5.90,3798.0,71.0
57747,144.9,6.90,24.57,0.1695,5.90,3798.0,71.0
57753,144.9,6.90,24.57,0.1695,5.90,3798.0,71.0
57760,144.9,6.90,24.57,0.1695,5.90,3798.0,71.0
57767,142.9,7.00,24.57,0.1720,5.82,3798.0,71.0
57774,144.9,6.90,24.57,0.1695,5.90,3798.0,71.0
57781,142.9,7.00,24.57,0.1720,5.82,3798.0,71.0
57788,144.9,6.90,24.57,0.1695,5.90,3798.0,71.0
57795,142.9,7.00,24.57,0.1720,5.82,3798.0,71.0
57802,147.1,6.80,24.56,0.1670,5.99,3798.0,71.0
57809,142.9,7.00,24.56,0.1719,5.82,3798.0,71.0
57816,142.9,7.00,24.56,0.1719,5.82,3798.0,71.0
57823,144.9,6.90,24.56,0.1695,5.90,3798.0,71.0
57830,140.8,7.10,24.56,0.1744,5.73,3798.0,71.0
57837,142.9,7.00,24.56,0.1719,5.82,3798.0,71.0
57844,144.9,6.90,24.56,0.1695,5.90,3798.0,71.0
57851,144.9,6.90,24.56,0.1694,5.90,3798.0,71.0
57858,147.1,6.80,24.56,0.1670,5.99,3798.0,71.0
57865,142.9,7.00,24.56,0.1719,5.82,3798.0,71.0
57872,142.9,7.00,24.56,0.1719,5.82,3798.0,71.0
57879,138.9,7.20,24.55,0.1768,5.66,3798.0,71.0
57886,147.1,6.80,24.55,0.1670,5.99,3798.0,71.0
57892,144.9,6.90,24.55,0.1694,5.90,3798.0,71.0
57899,142.9,7.00,24.55,0.1719,5.82,3798.0,71.0
57906,144.9,6.90,24.55,0.1694,5.90,3798.0,71.0
57913,144.9,6.90,24.55,0.1694,5.90,3798.0,71.0
57920,142.9,7.00,24.55,0.1718,5.82,3798.0,71.0
57927,147.1,6.80,24.55,0.1669,5.99,3798.0,71.0
57934,140.8,7.10,24.55,0.1743,5.74,3798.0,71.0
57941,147.1,6.80,24.55,0.1669,5.99,3798.0,71.0
57948,144.9,6.90,24.55,0.1694,5.90,3798.0,71.0
57955,142.9,7.00,24.54,0.1718,5.82,3798.0,71.0
57962,144.9,6.90,24.54,0.1693,5.90,3798.0,71.0
57969,142.9,7.00,24.54,0.1718,5.82,3798.0,71.0
57976,144.9,6.90,24.54,0.1693,5.90,3798.0,71.0
57983,144.9,6.90,24.54,0.1693,5.90,3798.0,71.0
57990,142.9,7.00,24.54,0.1718,5.82,3798.0,71.0
57997,138.9,7.20,24.54,0.1767,5.66,3798.0,71.0
58004,144.9,6.90,24.54,0.1693,5.91,3798.0,71.0
58010,147.1,6.80,24.54,0.1669,6.00,3798.0,71.0
58017,144.9,6.90,24.54,0.1693,5.91,3798.0,71.0
58024,142.9,7.00,24.54,0.1717,5.82,3798.0,71.0
58031,142.9,7.00,24.53,0.1717,5.82,3798.0,71.0
58038,142.9,7.00,24.53,0.1717,5.82,3798.0,71.0
58045,147.1,6.80,24.53,0.1668,6.00,3798.0,71.0
58052,144.9,6.90,24.53,0.1693,5.91,3798.0,71.0
58059,144.9,6.90,24.53,0.1693,5.91,3798.0,71.0
58066,140.8,7.10,24.53,0.1742,5.74,3798.0,71.0
58073,149.3,6.70,24.53,0.1643,6.09,3798.0,71.0
58080,140.8,7.10,24.53,0.1741,5.74,3798.0,71.0
58087,142.9,7.00,24.53,0.1717,5.83,3798.0,71.0
58094,147.1,6.80,24.53,0.1668,6.00,3798.0,71.0
58101,142.9,7.00,24.53,0.1717,5.83,3798.0,71.0
58108,140.8,7.10,24.52,0.1741,5.74,3798.0,71.0
58115,144.9,6.90,24.52,0.1692,5.91,3798.0,71.0
58122,144.9,6.90,24.52,0.1692,5.91,3798.0,71.0
58128,144.9,6.90,24.52,0.1692,5.91,3798.0,71.0
58136,140.8,7.10,24.52,0.1741,5.74,3798.0,71.0
58143,140.8,7.10,24.52,0.1741,5.74,3798.0,71.0
58149,149.3,6.70,24.52,0.1643,6.09,3798.0,71.0
58156,144.9,6.90,24.52,0.1692,5.91,3798.0,71.0
58163,144.9,6.90,24.52,0.1692,5.91,3798.0,71.0
58170,142.9,7.00,24.52,0.1716,5.83,3798.0,71.0
58177,144.9,6.90,24.52,0.1692,5.91,3798.0,71.0
58184,142.9,7.00,24.51,0.1716,5.83,3798.0,71.0
58191,142.9,7.00,24.51,0.1716,5.83,3798.0,71.0
58198,144.9,6.90,24.51,0.1691,5.91,3798.0,71.0
58205,137.0,7.30,24.51,0.1789,5.59,3798.0,71.0
58212,151.5,6.60,24.51,0.1618,6.18,3798.0,71.0
58219,144.9,6.90,24.51,0.1691,5.91,3798.0,71.0
58226,140.8,7.10,24.51,0.1740,5.74,3798.0,71.0
58233,147.1,6.80,24.51,0.1667,6.00,3798.0,71.0
58240,142.9,7.00,24.51,0.1716,5.83,3798.0,71.0
58247,140.8,7.10,24.51,0.1740,5.75,3798.0,71.0
58254,147.1,6.80,24.51,0.1666,6.00,3798.0,71.0
58260,147.1,6.80,24.50,0.1666,6.00,3798.0,71.0
58267,142.9,7.00,24.50,0.1715,5.83,3798.0,71.0
58274,142.9,7.00,24.50,0.1715,5.83,3798.0,71.0
58281,140.8,7.10,24.50,0.1740,5.75,3798.0,71.0
58288,147.1,6.80,24.50,0.1666,6.00,3798.0,71.0
58295,147.1,6.80,24.50,0.1666,6.00,3798.0,71.0
58302,144.9,6.90,24.50,0.1690,5.91,3798.0,71.0
58309,142.9,7.00,24.50,0.1715,5.83,3798.0,71.0
58316,144.9,6.90,24.50,0.1690,5.91,3798.0,71.0
58323,142.9,7.00,24.50,0.1715,5.83,3798.0,71.0
58330,142.9,7.00,24.50,0.1715,5.83,3798.0,71.0
58337,144.9,6.90,24.49,0.1690,5.92,3798.0,71.0
58344,144.9,6.90,24.49,0.1690,5.92,3798.0,71.0
58351,138.9,7.20,24.49,0.1763,5.67,3798.0,71.0
58358,149.3,6.70,24.49,0.1641,6.10,3798.0,71.0
58365,140.8,7.10,24.49,0.1739,5.75,3798.0,71.0
58372,144.9,6.90,24.49,0.1690,5.92,3798.0,71.0
58379,142.9,7.00,24.49,0.1714,5.84,3798.0,71.0
58385,144.9,6.90,24.49,0.1690,5.92,3798.0,71.0
58392,144.9,6.90,24.49,0.1690,5.92,3798.0,71.0
58399,144.9,6.90,24.49,0.1690,5.92,3798.0,71.0
58406,142.9,7.00,24.49,0.1714,5.84,3798.0,71.0
58413,147.1,6.80,24.48,0.1665,6.01,3798.0,71.0
58420,142.9,7.00,24.48,0.1714,5.84,3798.0,71.0
58428,133.3,7.50,24.48,0.1836,5.44,3798.0,71.0
58434,147.1,6.80,24.48,0.1665,6.01,3798.0,71.0
58441,151.5,6.60,24.48,0.1616,6.19,3798.0,71.0
58448,144.9,6.90,24.48,0.1689,5.92,3798.0,71.0
58455,142.9,7.00,24.48,0.1714,5.84,3798.0,71.0
58462,142.9,7.00,24.48,0.1713,5.84,3798.0,71.0
58469,144.9,6.90,24.48,0.1689,5.92,3798.0,71.0
58476,140.8,7.10,24.48,0.1738,5.75,3798.0,71.0
58483,149.3,6.70,24.48,0.1640,6.10,3798.0,71.0
58489,144.9,6.90,24.47,0.1689,5.92,3798.0,71.0
58496,144.9,6.90,24.47,0.1689,5.92,3798.0,71.0
58504,138.9,7.20,24.47,0.1762,5.68,3798.0,71.0
58511,142.9,7.00,24.47,0.1713,5.84,3798.0,71.0
58517,147.1,6.80,24.47,0.1664,6.01,3798.0,71.0
58524,144.9,6.90,24.47,0.1688,5.92,3798.0,71.0
58531,144.9,6.90,24.47,0.1688,5.92,3798.0,71.0
58538,142.9,7.00,24.47,0.1713,5.84,3798.0,71.0
58545,144.9,6.90,24.47,0.1688,5.92,3798.0,71.0
58552,140.8,7.10,24.47,0.1737,5.75,3798.0,71.0
58559,142.9,7.00,24.47,0.1713,5.84,3798.0,71.0
58566,147.1,6.80,24.47,0.1664,6.01,3798.0,71.0
58573,144.9,6.90,24.47,0.1688,5.92,3798.0,71.0
58580,140.8,7.10,24.47,0.1737,5.75,3798.0,71.0
58587,144.9,6.90,24.47,0.1688,5.92,3798.0,71.0
58594,140.8,7.10,24.47,0.1737,5.75,3798.0,71.0
58601,140.8,7.10,24.47,0.1737,5.75,3798.0,71.0
58608,142.9,7.00,24.47,0.1713,5.84,3798.0,71.0
58615,147.1,6.80,24.47,0.1664,6.01,3798.0,71.0
58622,147.1,6.80,24.47,0.1664,6.01,3798.0,71.0
58629,144.9,6.90,24.47,0.1688,5.92,3798.0,71.0
58636,142.9,7.00,24.47,0.1713,5.84,3798.0,71.0
58642,144.9,6.90,24.47,0.1688,5.92,3798.0,71.0
58649,144.9,6.90,24.47,0.1688,5.92,3798.0,71.0
58657,138.9,7.20,24.47,0.1762,5.68,3798.0,71.0
58663,147.1,6.80,24.47,0.1664,6.01,3798.0,71.0
58670,140.8,7.10,24.47,0.1737,5.75,3798.0,71.0
58677,153.8,6.50,24.47,0.1591,6.29,3798.0,71.0
58684,138.9,7.20,24.47,0.1762,5.68,3798.0,71.0
58691,140.8,7.10,24.47,0.1737,5.75,3798.0,71.0
58698,147.1,6.80,24.47,0.1664,6.01,3798.0,71.0
58705,147.1,6.80,24.47,0.1664,6.01,3798.0,71.0
58712,147.1,6.80,24.47,0.1664,6.01,3798.0,71.0
58719,142.9,7.00,24.47,0.1713,5.84,3798.0,71.0
58726,142.9,7.00,24.47,0.1713,5.84,3798.0,71.0
58733,144.9,6.90,24.47,0.1688,5.92,3798.0,71.0
58740,142.9,7.00,24.47,0.1713,5.84,3798.0,71.0
58746,147.1,6.80,24.47,0.1664,6.01,3798.0,71.0
58753,142.9,7.00,24.47,0.1713,5.84,3798.0,71.0
58760,142.9,7.00,24.47,0.1713,5.84,3798.0,71.0
58767,142.9,7.00,24.47,0.1713,5.84,3798.0,71.0
58774,144.9,6.90,24.47,0.1688,5.92,3798.0,71.0
58781,144.9,6.90,24.47,0.1688,5.92,3798.0,71.0
58788,142.9,7.00,24.47,0.1713,5.84,3798.0,71.0
58795,144.9,6.90,24.47,0.1688,5.92,3798.0,71.0
58802,142.9,7.00,24.47,0.1713,5.84,3798.0,71.0
58809,142.9,7.00,24.47,0.1713,5.84,3798.0,71.0
58816,147.1,6.80,24.47,0.1664,6.01,3798.0,71.0
58823,142.9,7.00,24.47,0.1713,5.84,3798.0,71.0
58830,142.9,7.00,24.47,0.1713,5.84,3798.0,71.0
58837,144.9,6.90,24.47,0.1688,5.92,3798.0,71.0
58844,142.9,7.00,24.47,0.1713,5.84,3798.0,71.0
58851,144.9,6.90,24.47,0.1688,5.92,3798.0,71.0
58858,144.9,6.90,24.47,0.1688,5.92,3798.0,71.0
58865,142.9,7.00,24.47,0.1713,5.84,3798.0,71.0
58872,142.9,7.00,24.47,0.1713,5.84,3798.0,71.0
58878,144.9,6.90,24.47,0.1688,5.92,3798.0,71.0
58885,142.9,7.00,24.47,0.1713,5.84,3798.0,71.0
58892,142.9,7.00,24.47,0.1713,5.84,3798.0,71.0
58899,147.1,6.80,24.47,0.1664,6.01,3798.0,71.0
58906,140.8,7.10,24.47,0.1737,5.75,3798.0,71.0
58913,147.1,6.80,24.47,0.1664,6.01,3798.0,71.0
58920,144.9,6.90,24.47,0.1688,5.92,3798.0,71.0
58927,142.9,7.00,24.47,0.1713,5.84,3798.0,71.0
58934,144.9,6.90,24.47,0.1688,5.92,3798.0,71.0
58941,142.9,7.00,24.47,0.1713,5.84,3798.0,71.0
58948,144.9,6.90,24.47,0.1688,5.92,3798.0,71.0
58955,144.9,6.90,24.47,0.1688,5.92,3798.0,71.0
58962,144.9,6.90,24.47,0.1688,5.92,3798.0,71.0
58969,140.8,7.10,24.47,0.1737,5.75,3798.0,71.0
58976,140.8,7.10,24.47,0.1737,5.75,3798.0,71.0
58983,149.3,6.70,24.47,0.1639,6.10,3798.0,71.0
58989,144.9,6.90,24.47,0.1688,5.92,3798.0,71.0
58996,142.9,7.00,24.47,0.1713,5.84,3798.0,71.0
59004,137.0,7.30,24.47,0.1786,5.60,3798.0,71.0
59010,149.3,6.70,24.47,0.1639,6.10,3798.0,71.0
59017,147.1,6.80,24.47,0.1664,6.01,3798.0,71.0
59024,142.9,7.00,24.47,0.1713,5.84,3798.0,71.0
59031,142.9,7.00,24.47,0.1713,5.84,3798.0,71.0
59038,149.3,6.70,24.47,0.1639,6.10,3798.0,71.0
59045,142.9,7.00,24.47,0.1713,5.84,3798.0,71.0
59052,140.8,7.10,24.47,0.1737,5.75,3798.0,71.0
59059,147.1,6.80,24.47,0.1664,6.01,3798.0,71.0
59066,140.8,7.10,24.47,0.1737,5.75,3798.0,71.0
59073,144.9,6.90,24.47,0.1688,5.92,3798.0,71.0
59080,144.9,6.90,24.47,0.1688,5.92,3798.0,71.0
59087,147.1,6.80,24.47,0.1664,6.01,3798.0,71.0
59094,142.9,7.00,24.47,0.1713,5.84,3798.0,71.0
59101,142.9,7.00,24.47,0.1713,5.84,3798.0,71.0
59108,144.9,6.90,24.47,0.1688,5.92,3798.0,71.0
59114,144.9,6.90,24.47,0.1688,5.92,3798.0,71.0
59122,138.9,7.20,24.47,0.1762,5.68,3798.0,71.0
59128,147.1,6.80,24.47,0.1664,6.01,3798.0,71.0
59135,142.9,7.00,24.47,0.1713,5.84,3798.0,71.0
59142,144.9,6.90,24.47,0.1688,5.92,3798.0,71.0
59149,142.9,7.00,24.47,0.1713,5.84,3798.0,71.0
59156,142.9,7.00,24.47,0.1713,5.84,3798.0,71.0
59163,144.9,6.90,24.47,0.1688,5.92,3798.0,71.0
59170,142.9,7.00,24.47,0.1713,5.84,3798.0,71.0
59177,144.9,6.90,24.47,0.1688,5.92,3798.0,71.0
59184,140.8,7.10,24.47,0.1737,5.75,3798.0,71.0
59191,144.9,6.90,24.47,0.1688,5.92,3798.0,71.0
59198,147.1,6.80,24.47,0.1664,6.01,3798.0,71.0
59205,144.9,6.90,24.47,0.1688,5.92,3798.0,71.0
59212,142.9,7.00,24.47,0.1713,5.84,3798.0,71.0
59219,142.9,7.00,24.47,0.1713,5.84,3798.0,71.0
59226,142.9,7.00,24.47,0.1713,5.84,3798.0,71.0
59233,144.9,6.90,24.47,0.1688,5.92,3798.0,71.0
59240,140.8,7.10,24.47,0.1737,5.75,3798.0,71.0
59246,151.5,6.60,24.47,0.1615,6.19,3798.0,71.0
59253,142.9,7.00,24.47,0.1713,5.84,3798.0,71.0
59261,138.9,7.20,24.47,0.1762,5.68,3798.0,71.0
59267,149.3,6.70,24.47,0.1639,6.10,3798.0,71.0
59274,144.9,6.90,24.47,0.1688,5.92,3798.0,71.0
59281,144.9,6.90,24.47,0.1688,5.92,3798.0,71.0
59288,142.9,7.00,24.47,0.1713,5.84,3798.0,71.0
59295,138.9,7.20,24.47,0.1762,5.68,3798.0,71.0
59302,151.5,6.60,24.47,0.1615,6.19,3798.0,71.0
59309,144.9,6.90,24.47,0.1688,5.92,3798.0,71.0
59316,142.9,7.00,24.47,0.1713,5.84,3798.0,71.0
59323,142.9,7.00,24.47,0.1713,5.84,3798.0,71.0
59330,144.9,6.90,24.47,0.1688,5.92,3798.0,71.0
59337,144.9,6.90,24.47,0.1688,5.92,3798.0,71.0
59344,140.8,7.10,24.47,0.1737,5.75,3798.0,71.0
59351,142.9,7.00,24.47,0.1713,5.84,3798.0,71.0
59358,147.1,6.80,24.47,0.1664,6.01,3798.0,71.0
59365,142.9,7.00,24.47,0.1713,5.84,3798.0,71.0
59372,142.9,7.00,24.47,0.1713,5.84,3798.0,71.0
59378,144.9,6.90,24.47,0.1688,5.92,3798.0,71.0
59385,144.9,6.90,24.47,0.1688,5.92,3798.0,71.0
59392,142.9,7.00,24.47,0.1713,5.84,3798.0,71.0
59399,144.9,6.90,24.47,0.1688,5.92,3798.0,71.0
59406,142.9,7.00,24.47,0.1713,5.84,3798.0,71.0
59414,137.0,7.30,24.47,0.1786,5.60,3798.0,71.0
59420,153.8,6.50,24.47,0.1591,6.29,3798.0,71.0
59427,144.9,6.90,24.47,0.1688,5.92,3798.0,71.0
59434,133.3,7.50,24.47,0.1835,5.45,3798.0,71.0
59441,151.5,6.60,24.47,0.1615,6.19,3798.0,71.0
59448,144.9,6.90,24.47,0.1688,5.92,3798.0,71.0
59455,144.9,6.90,24.47,0.1688,5.92,3798.0,71.0
59462,149.3,6.70,24.47,0.1639,6.10,3798.0,71.0
59469,140.8,7.10,24.47,0.1737,5.75,3798.0,71.0
59475,147.1,6.80,24.47,0.1664,6.01,3798.0,71.0
59483,138.9,7.20,24.47,0.1762,5.68,3798.0,71.0
59490,144.9,6.90,24.47,0.1688,5.92,3798.0,71.0
59497,140.8,7.10,24.47,0.1737,5.75,3798.0,71.0
59504,144.9,6.90,24.47,0.1688,5.92,3798.0,71.0
59511,140.8,7.10,24.47,0.1737,5.75,3798.0,71.0
59517,147.1,6.80,24.47,0.1664,6.01,3798.0,71.0
59524,144.9,6.90,24.47,0.1688,5.92,3798.0,71.0
59531,144.9,6.90,24.47,0.1688,5.92,3798.0,71.0
59538,147.1,6.80,24.47,0.1664,6.01,3798.0,71.0
59545,142.9,7.00,24.47,0.1713,5.84,3798.0,71.0
59552,142.9,7.00,24.47,0.1713,5.84,3798.0,71.0
59559,144.9,6.90,24.47,0.1688,5.92,3798.0,71.0
59566,144.9,6.90,24.47,0.1688,5.92,3798.0,71.0
59573,142.9,7.00,24.47,0.1713,5.84,3798.0,71.0
59580,140.8,7.10,24.47,0.1737,5.75,3798.0,71.0
59587,142.9,7.00,24.47,0.1713,5.84,3798.0,71.0
59594,147.1,6.80,24.47,0.1664,6.01,3798.0,71.0
59601,142.9,7.00,24.47,0.1713,5.84,3798.0,71.0
59608,144.9,6.90,24.47,0.1688,5.92,3798.0,71.0
59615,142.9,7.00,24.47,0.1713,5.84,3798.0,71.0
59622,147.1,6.80,24.47,0.1664,6.01,3798.0,71.0
59628,144.9,6.90,24.47,0.1688,5.92,3798.0,71.0
59635,144.9,6.90,24.47,0.1688,5.92,3798.0,71.0
59642,144.9,6.90,24.47,0.1688,5.92,3798.0,71.0
59649,140.8,7.10,24.47,0.1737,5.75,3798.0,71.0
59656,147.1,6.80,24.47,0.1664,6.01,3798.0,71.0
59663,142.9,7.00,24.47,0.1713,5.84,3798.0,71.0
59670,144.9,6.90,24.47,0.1688,5.92,3798.0,71.0
59677,144.9,6.90,24.47,0.1688,5.92,3798.0,71.0
59684,142.9,7.00,24.47,0.1713,5.84,3798.0,71.0
59691,140.8,7.10,24.47,0.1737,5.75,3798.0,71.0
59698,144.9,6.90,24.47,0.1688,5.92,3798.0,71.0
59705,147.1,6.80,24.47,0.1664,6.01,3798.0,71.0
59712,140.8,7.10,24.47,0.1737,5.75,3798.0,71.0
59719,144.9,6.90,24.47,0.1688,5.92,3798.0,71.0
59726,144.9,6.90,24.47,0.1688,5.92,3798.0,71.0
59733,142.9,7.00,24.47,0.1713,5.84,3798.0,71.0
59740,144.9,6.90,24.47,0.1688,5.92,3798.0,71.0
59746,144.9,6.90,24.47,0.1688,5.92,3798.0,71.0
59753,142.9,7.00,24.47,0.1713,5.84,3798.0,71.0
59760,147.1,6.80,24.47,0.1664,6.01,3798.0,71.0
59767,140.8,7.10,24.47,0.1737,5.75,3798.0,71.0
59774,144.9,6.90,24.47,0.1688,5.92,3798.0,71.0
59781,144.9,6.90,24.47,0.1688,5.92,3798.0,71.0
59788,142.9,7.00,24.47,0.1713,5.84,3798.0,71.0
59795,144.9,6.90,24.47,0.1688,5.92,3798.0,71.0
59802,142.9,7.00,24.47,0.1713,5.84,3798.0,71.0
59810,133.3,7.50,24.47,0.1835,5.45,3798.0,71.0
59817,142.9,7.00,24.47,0.1713,5.84,3798.0,71.0
59823,149.3,6.70,24.47,0.1639,6.10,3798.0,71.0
59830,149.3,6.70,24.47,0.1639,6.10,3798.0,71.0
59837,140.8,7.10,24.47,0.1737,5.75,3798.0,71.0
59844,147.1,6.80,24.47,0.1664,6.01,3798.0,71.0
59851,147.1,6.80,24.47,0.1664,6.01,3798.0,71.0
59858,144.9,6.90,24.47,0.1688,5.92,3798.0,71.0
59865,142.9,7.00,24.47,0.1713,5.84,3798.0,71.0
59872,142.9,7.00,24.47,0.1713,5.84,3798.0,71.0
59878,144.9,6.90,24.47,0.1688,5.92,3798.0,71.0
59885,144.9,6.90,24.47,0.1688,5.92,3798.0,71.0
59892,142.9,7.00,24.47,0.1713,5.84,3798.0,71.0
59899,147.1,6.80,24.47,0.1664,6.01,3798.0,71.0
59906,142.9,7.00,24.47,0.1713,5.84,3798.0,71.0
59913,140.8,7.10,24.47,0.1737,5.75,3798.0,71.0
59920,142.9,7.00,24.47,0.1713,5.84,3798.0,71.0
59927,144.9,6.90,24.47,0.1688,5.92,3798.0,71.0
59934,144.9,6.90,24.47,0.1688,5.92,3798.0,71.0
59941,140.8,7.10,24.47,0.1737,5.75,3798.0,71.0
59948,149.3,6.70,24.47,0.1639,6.10,3798.0,71.0
59955,144.9,6.90,24.47,0.1688,5.92,3798.0,71.0
59962,142.9,7.00,24.47,0.1713,5.84,3798.0,71.0
59969,142.9,7.00,24.47,0.1713,5.84,3798.0,71.0
59976,147.1,6.80,24.47,0.1664,6.01,3798.0,71.0
59982,144.9,6.90,24.47,0.1688,5.92,3798.0,71.0
59989,142.9,7.00,24.47,0.1713,5.84,3798.0,71.0
59996,142.9,7.00,24.47,0.1713,5.84,3798.0,71.0
60004,140.8,7.10,24.47,0.1737,5.75,3798.0,71.0
