=== ANALISE DE METRICAS DE GPU (Green IT + VRAM) ===
API de Renderizacao: WEBGPU-RAW
Cenario: D
Timestamp Unix de Inicio do Ensaio (ms): 1787281726712
Janela do Ensaio: 60.00 s
Amostras de GPU Utilizadas (nvidia-smi, 1 Hz): 4769

--- CONSUMO ACUMULADO DO ENSAIO (integral da curva de potencia) ---
Potencia Media (ponderada pelo tempo, janela de 60s): 24.84 W
Consumo Acumulado do Ensaio: 1490.37 J (0.4140 Wh)

--- METRICAS POR QUADRO (media sobre 8612 frames correlacionados) ---
Potencia Instantanea Media: 24.84 W
Potencia Instantanea Minima: 21.00 W
Potencia Instantanea Maxima: 26.87 W
Assinatura Energetica Media por Quadro (Joules/Frame): 0.1731 J
Coeficiente de Eficiencia Medio (Frames por Watt): 5.80 FPS/W
Total de Quadros Correlacionados: 8612 frames

--- ALOCACAO DE VRAM (MB, via nvidia-smi memory.used) ---
VRAM Media durante o Ensaio: 2334.6 MB
VRAM Minima durante o Ensaio: 2329.0 MB
VRAM Maxima durante o Ensaio: 2345.0 MB

--- TEMPERATURA DA GPU (°C, via nvidia-smi temperature.gpu) ---
Temperatura Media durante o Ensaio: 85.7 °C
Temperatura Minima durante o Ensaio: 83.7 °C
Temperatura Maxima durante o Ensaio: 87.0 °C
Deriva Termica no Ensaio (fim - inicio): +2.3 °C
  (nao e uma metrica da pesquisa — serve para auditar se a GPU estava em
  equilibrio termico. Compare entre ensaios do mesmo lote para checar vies
  sistematico entre condicoes testadas no inicio vs. no fim do lote.)

--- DADOS BRUTOS QUADRO A QUADRO (COM ENERGIA, VRAM E TEMPERATURA) ---
Tempo Decorrido (ms),FPS Instantaneo,Tempo de Frame (ms),Potencia Instantanea (W),Energia do Quadro (J),Frames por Watt,VRAM (MB),Temperatura (C)
5,208.3,4.80,21.00,0.1008,9.92,2345.0,83.7
12,142.9,7.00,21.06,0.1474,6.78,2345.0,83.7
19,144.9,6.90,21.13,0.1458,6.86,2345.0,83.7
26,144.9,6.90,21.19,0.1462,6.84,2345.0,83.7
33,142.9,7.00,21.25,0.1488,6.72,2345.0,83.7
40,142.9,7.00,21.32,0.1492,6.70,2345.0,83.8
47,144.9,6.90,21.38,0.1475,6.78,2345.0,83.8
53,144.9,6.90,21.43,0.1479,6.76,2345.0,83.8
60,144.9,6.90,21.49,0.1483,6.74,2345.0,83.8
67,142.9,7.00,21.56,0.1509,6.63,2345.0,83.8
74,144.9,6.90,21.62,0.1492,6.70,2345.0,83.8
81,142.9,7.00,21.68,0.1518,6.59,2345.0,83.8
88,144.9,6.90,21.75,0.1500,6.66,2345.0,83.8
95,142.9,7.00,21.81,0.1527,6.55,2345.0,83.8
102,144.9,6.90,21.87,0.1509,6.63,2345.0,83.8
109,142.9,7.00,21.93,0.1535,6.51,2345.0,83.8
116,144.9,6.90,22.00,0.1518,6.59,2345.0,83.8
123,142.9,7.00,22.06,0.1544,6.48,2345.0,83.8
130,147.1,6.80,22.12,0.1504,6.65,2345.0,83.8
137,142.9,7.00,22.19,0.1553,6.44,2345.0,83.8
144,142.9,7.00,22.25,0.1557,6.42,2345.0,83.9
151,142.9,7.00,22.31,0.1562,6.40,2345.0,83.9
158,147.1,6.80,22.37,0.1521,6.57,2345.0,83.9
165,142.9,7.00,22.44,0.1571,6.37,2345.0,83.9
172,142.9,7.00,22.50,0.1575,6.35,2345.0,83.9
178,144.9,6.90,22.55,0.1556,6.42,2345.0,83.9
185,144.9,6.90,22.62,0.1561,6.41,2345.0,83.9
192,142.9,7.00,22.68,0.1588,6.30,2345.0,83.9
199,144.9,6.90,22.74,0.1569,6.37,2345.0,83.9
206,142.9,7.00,22.80,0.1596,6.27,2345.0,83.9
213,142.9,7.00,22.87,0.1601,6.25,2345.0,83.9
220,144.9,6.90,22.93,0.1582,6.32,2345.0,83.9
227,144.9,6.90,22.99,0.1587,6.30,2345.0,83.9
234,142.9,7.00,23.06,0.1614,6.20,2345.0,83.9
241,144.9,6.90,23.12,0.1595,6.27,2345.0,84.0
248,144.9,6.90,23.18,0.1600,6.25,2345.0,84.0
255,142.9,7.00,23.24,0.1627,6.15,2345.0,84.0
262,144.9,6.90,23.31,0.1608,6.22,2345.0,84.0
269,142.9,7.00,23.37,0.1636,6.11,2345.0,84.0
276,144.9,6.90,23.43,0.1617,6.18,2345.0,84.0
283,142.9,7.00,23.50,0.1645,6.08,2345.0,84.0
290,144.9,6.90,23.54,0.1624,6.15,2345.0,84.0
296,144.9,6.90,23.55,0.1625,6.15,2345.0,84.0
303,142.9,7.00,23.56,0.1649,6.07,2345.0,84.0
310,142.9,7.00,23.57,0.1650,6.06,2345.0,84.0
317,144.9,6.90,23.58,0.1627,6.15,2345.0,84.0
324,144.9,6.90,23.59,0.1627,6.14,2345.0,84.0
331,142.9,7.00,23.60,0.1652,6.06,2345.0,84.0
338,142.9,7.00,23.60,0.1652,6.05,2345.0,84.0
345,147.1,6.80,23.61,0.1606,6.23,2345.0,84.1
352,140.8,7.10,23.62,0.1677,5.96,2345.0,84.1
359,144.9,6.90,23.63,0.1631,6.13,2345.0,84.1
366,144.9,6.90,23.64,0.1631,6.13,2345.0,84.1
373,144.9,6.90,23.65,0.1632,6.13,2345.0,84.1
380,142.9,7.00,23.66,0.1656,6.04,2345.0,84.1
387,144.9,6.90,23.67,0.1633,6.12,2345.0,84.1
394,142.9,7.00,23.68,0.1657,6.04,2345.0,84.1
401,142.9,7.00,23.68,0.1658,6.03,2345.0,84.1
408,144.9,6.90,23.69,0.1635,6.12,2345.0,84.1
415,144.9,6.90,23.70,0.1635,6.11,2345.0,84.1
422,142.9,7.00,23.71,0.1660,6.03,2345.0,84.1
429,142.9,7.00,23.72,0.1660,6.02,2345.0,84.1
435,144.9,6.90,23.73,0.1637,6.11,2345.0,84.1
442,144.9,6.90,23.74,0.1638,6.10,2345.0,84.2
449,142.9,7.00,23.75,0.1662,6.02,2345.0,84.2
456,142.9,7.00,23.76,0.1663,6.02,2345.0,84.2
463,144.9,6.90,23.76,0.1640,6.10,2345.0,84.2
470,144.9,6.90,23.77,0.1640,6.10,2345.0,84.2
477,144.9,6.90,23.78,0.1641,6.09,2345.0,84.2
484,142.9,7.00,23.79,0.1665,6.01,2345.0,84.2
491,144.9,6.90,23.80,0.1642,6.09,2345.0,84.2
498,142.9,7.00,23.81,0.1667,6.00,2345.0,84.2
505,142.9,7.00,23.82,0.1667,6.00,2345.0,84.2
512,147.1,6.80,23.83,0.1620,6.17,2345.0,84.2
519,140.8,7.10,23.84,0.1692,5.91,2345.0,84.2
526,144.9,6.90,23.84,0.1645,6.08,2345.0,84.2
533,144.9,6.90,23.85,0.1646,6.07,2345.0,84.2
540,142.9,7.00,23.86,0.1670,5.99,2345.0,84.3
547,144.9,6.90,23.87,0.1647,6.07,2345.0,84.3
553,144.9,6.90,23.88,0.1648,6.07,2345.0,84.3
560,142.9,7.00,23.89,0.1672,5.98,2345.0,84.3
567,142.9,7.00,23.90,0.1673,5.98,2345.0,84.3
574,147.1,6.80,23.91,0.1626,6.15,2345.0,84.3
581,142.9,7.00,23.92,0.1674,5.98,2345.0,84.3
588,142.9,7.00,23.92,0.1675,5.97,2345.0,84.3
595,144.9,6.90,23.93,0.1651,6.05,2345.0,84.3
602,142.9,7.00,23.94,0.1676,5.97,2345.0,84.3
609,142.9,7.00,23.95,0.1677,5.97,2345.0,84.3
616,147.1,6.80,23.96,0.1629,6.14,2345.0,84.3
623,140.8,7.10,23.97,0.1702,5.87,2345.0,84.3
630,147.1,6.80,23.98,0.1630,6.13,2345.0,84.3
637,142.9,7.00,23.99,0.1679,5.96,2345.0,84.3
644,144.9,6.90,24.00,0.1656,6.04,2345.0,84.4
651,144.9,6.90,24.00,0.1656,6.04,2345.0,84.4
658,142.9,7.00,24.01,0.1681,5.95,2345.0,84.4
665,142.9,7.00,24.02,0.1682,5.95,2345.0,84.4
672,144.9,6.90,24.03,0.1658,6.03,2345.0,84.4
678,144.9,6.90,24.04,0.1659,6.03,2345.0,84.4
685,142.9,7.00,24.05,0.1683,5.94,2345.0,84.4
692,142.9,7.00,24.06,0.1684,5.94,2345.0,84.4
699,144.9,6.90,24.07,0.1661,6.02,2345.0,84.4
706,142.9,7.00,24.08,0.1685,5.94,2345.0,84.4
713,144.9,6.90,24.08,0.1662,6.02,2345.0,84.4
720,142.9,7.00,24.09,0.1687,5.93,2345.0,84.4
727,144.9,6.90,24.10,0.1663,6.01,2345.0,84.4
734,142.9,7.00,24.11,0.1688,5.93,2345.0,84.4
741,147.1,6.80,24.12,0.1640,6.10,2345.0,84.5
748,142.9,7.00,24.13,0.1689,5.92,2345.0,84.5
755,142.9,7.00,24.14,0.1690,5.92,2345.0,84.5
762,144.9,6.90,24.15,0.1666,6.00,2345.0,84.5
769,144.9,6.90,24.16,0.1667,6.00,2345.0,84.5
776,142.9,7.00,24.16,0.1692,5.91,2345.0,84.5
783,144.9,6.90,24.17,0.1668,5.99,2345.0,84.5
790,142.9,7.00,24.18,0.1693,5.91,2345.0,84.5
797,144.9,6.90,24.19,0.1669,5.99,2345.0,84.5
803,144.9,6.90,24.20,0.1670,5.99,2345.0,84.5
810,142.9,7.00,24.21,0.1695,5.90,2345.0,84.5
817,144.9,6.90,24.22,0.1671,5.98,2345.0,84.5
824,142.9,7.00,24.23,0.1696,5.90,2345.0,84.5
831,144.9,6.90,24.24,0.1672,5.98,2345.0,84.5
838,142.9,7.00,24.24,0.1697,5.89,2345.0,84.5
845,142.9,7.00,24.25,0.1698,5.89,2345.0,84.6
852,144.9,6.90,24.26,0.1674,5.97,2345.0,84.6
859,147.1,6.80,24.27,0.1650,6.06,2345.0,84.6
866,144.9,6.90,24.28,0.1675,5.97,2345.0,84.6
873,142.9,7.00,24.29,0.1700,5.88,2345.0,84.6
880,142.9,7.00,24.30,0.1701,5.88,2345.0,84.6
887,144.9,6.90,24.31,0.1677,5.96,2345.0,84.6
894,144.9,6.90,24.32,0.1678,5.96,2345.0,84.6
901,142.9,7.00,24.32,0.1703,5.87,2345.0,84.6
908,144.9,6.90,24.33,0.1679,5.95,2345.0,84.6
914,144.9,6.90,24.34,0.1680,5.95,2345.0,84.6
921,142.9,7.00,24.35,0.1705,5.87,2345.0,84.6
928,142.9,7.00,24.36,0.1705,5.87,2345.0,84.6
935,142.9,7.00,24.37,0.1706,5.86,2345.0,84.6
942,147.1,6.80,24.38,0.1658,6.03,2345.0,84.7
949,142.9,7.00,24.39,0.1707,5.86,2345.0,84.7
956,142.9,7.00,24.40,0.1708,5.86,2345.0,84.7
963,144.9,6.90,24.40,0.1684,5.94,2345.0,84.7
970,144.9,6.90,24.41,0.1684,5.94,2345.0,84.7
977,144.9,6.90,24.42,0.1685,5.93,2345.0,84.7
984,142.9,7.00,24.43,0.1710,5.85,2345.0,84.7
991,142.9,7.00,24.44,0.1711,5.85,2345.0,84.7
998,144.9,6.90,24.45,0.1687,5.93,2345.0,84.7
1005,144.9,6.90,24.46,0.1688,5.92,2345.0,84.7
1012,142.9,7.00,24.47,0.1713,5.84,2345.0,84.7
1019,144.9,6.90,24.48,0.1689,5.92,2345.0,84.7
1026,142.9,7.00,24.48,0.1714,5.84,2345.0,84.7
1033,142.9,7.00,24.49,0.1715,5.83,2345.0,84.7
1040,144.9,6.90,24.50,0.1691,5.91,2345.0,84.8
1047,142.9,7.00,24.51,0.1716,5.83,2345.0,84.8
1054,142.9,7.00,24.52,0.1716,5.83,2345.0,84.8
1060,144.9,6.90,24.53,0.1692,5.91,2345.0,84.8
1067,144.9,6.90,24.54,0.1693,5.91,2345.0,84.8
1074,144.9,6.90,24.55,0.1694,5.90,2345.0,84.8
1081,142.9,7.00,24.56,0.1719,5.82,2345.0,84.8
1088,144.9,6.90,24.56,0.1695,5.90,2345.0,84.8
1095,142.9,7.00,24.57,0.1720,5.82,2345.0,84.8
1102,144.9,6.90,24.58,0.1696,5.89,2345.0,84.8
1109,142.9,7.00,24.59,0.1721,5.81,2345.0,84.8
1116,142.9,7.00,24.60,0.1722,5.81,2345.0,84.8
1123,144.9,6.90,24.61,0.1698,5.89,2345.0,84.8
1130,147.1,6.80,24.62,0.1674,5.98,2345.0,84.8
1137,140.8,7.10,24.63,0.1748,5.72,2345.0,84.8
1144,147.1,6.80,24.64,0.1675,5.97,2345.0,84.9
1151,142.9,7.00,24.64,0.1725,5.80,2345.0,84.9
1158,142.9,7.00,24.65,0.1726,5.80,2345.0,84.9
1165,144.9,6.90,24.66,0.1702,5.88,2345.0,84.9
1171,144.9,6.90,24.67,0.1702,5.87,2345.0,84.9
1178,142.9,7.00,24.68,0.1728,5.79,2345.0,84.9
1185,142.9,7.00,24.69,0.1728,5.79,2345.0,84.9
1192,144.9,6.90,24.70,0.1704,5.87,2345.0,84.9
1199,144.9,6.90,24.71,0.1705,5.86,2345.0,84.9
1206,144.9,6.90,24.72,0.1705,5.86,2345.0,84.9
1213,142.9,7.00,24.72,0.1731,5.78,2345.0,84.9
1220,142.9,7.00,24.73,0.1731,5.78,2345.0,84.9
1227,144.9,6.90,24.74,0.1707,5.86,2345.0,84.9
1234,144.9,6.90,24.75,0.1708,5.85,2345.0,84.9
1241,144.9,6.90,24.76,0.1708,5.85,2345.0,85.0
1248,142.9,7.00,24.77,0.1734,5.77,2345.0,85.0
1255,144.9,6.90,24.78,0.1710,5.85,2345.0,85.0
1262,142.9,7.00,24.79,0.1735,5.77,2345.0,85.0
1269,142.9,7.00,24.80,0.1736,5.76,2345.0,85.0
1276,144.9,6.90,24.80,0.1712,5.84,2345.0,85.0
1283,144.9,6.90,24.81,0.1712,5.84,2345.0,85.0
1290,142.9,7.00,24.82,0.1737,5.76,2345.0,85.0
1296,144.9,6.90,24.82,0.1713,5.84,2345.0,85.0
1303,142.9,7.00,24.82,0.1737,5.76,2345.0,85.0
1310,144.9,6.90,24.82,0.1713,5.84,2345.0,85.0
1317,144.9,6.90,24.82,0.1713,5.84,2345.0,85.0
1324,142.9,7.00,24.82,0.1737,5.76,2345.0,85.0
1331,142.9,7.00,24.82,0.1737,5.76,2345.0,85.0
1338,144.9,6.90,24.82,0.1712,5.84,2345.0,85.0
1345,144.9,6.90,24.82,0.1712,5.84,2345.0,85.0
1352,142.9,7.00,24.82,0.1737,5.76,2345.0,85.0
1359,142.9,7.00,24.82,0.1737,5.76,2345.0,85.0
1366,144.9,6.90,24.82,0.1712,5.84,2345.0,85.0
1373,142.9,7.00,24.82,0.1737,5.76,2345.0,85.0
1380,144.9,6.90,24.82,0.1712,5.84,2345.0,85.0
1387,142.9,7.00,24.82,0.1737,5.76,2345.0,85.0
1394,147.1,6.80,24.82,0.1688,5.93,2345.0,85.0
1401,142.9,7.00,24.82,0.1737,5.76,2345.0,85.0
1408,142.9,7.00,24.82,0.1737,5.76,2345.0,85.0
1414,147.1,6.80,24.82,0.1688,5.93,2345.0,85.0
1422,140.8,7.10,24.82,0.1762,5.67,2345.0,85.0
1428,144.9,6.90,24.82,0.1712,5.84,2345.0,85.0
1435,142.9,7.00,24.82,0.1737,5.76,2345.0,85.0
1442,144.9,6.90,24.82,0.1712,5.84,2345.0,85.0
1449,142.9,7.00,24.82,0.1737,5.76,2345.0,85.0
1456,144.9,6.90,24.81,0.1712,5.84,2345.0,85.0
1463,144.9,6.90,24.81,0.1712,5.84,2345.0,85.0
1470,142.9,7.00,24.81,0.1737,5.76,2345.0,85.0
1477,144.9,6.90,24.81,0.1712,5.84,2345.0,85.0
1484,142.9,7.00,24.81,0.1737,5.76,2345.0,85.0
1491,144.9,6.90,24.81,0.1712,5.84,2345.0,85.0
1498,142.9,7.00,24.81,0.1737,5.76,2345.0,85.0
1505,144.9,6.90,24.81,0.1712,5.84,2345.0,85.0
1512,142.9,7.00,24.81,0.1737,5.76,2345.0,85.0
1519,144.9,6.90,24.81,0.1712,5.84,2345.0,85.0
1526,142.9,7.00,24.81,0.1737,5.76,2345.0,85.0
1533,144.9,6.90,24.81,0.1712,5.84,2345.0,85.0
1540,142.9,7.00,24.81,0.1737,5.76,2345.0,85.0
1547,144.9,6.90,24.81,0.1712,5.84,2345.0,85.0
1553,144.9,6.90,24.81,0.1712,5.84,2345.0,85.0
1560,142.9,7.00,24.81,0.1737,5.76,2345.0,85.0
1567,144.9,6.90,24.81,0.1712,5.84,2345.0,85.0
1574,144.9,6.90,24.81,0.1712,5.84,2345.0,85.0
1581,144.9,6.90,24.81,0.1712,5.84,2345.0,85.0
1588,142.9,7.00,24.81,0.1737,5.76,2345.0,85.0
1595,142.9,7.00,24.81,0.1737,5.76,2345.0,85.0
1602,144.9,6.90,24.81,0.1712,5.84,2345.0,85.0
1609,144.9,6.90,24.81,0.1712,5.84,2345.0,85.0
1616,142.9,7.00,24.81,0.1737,5.76,2345.0,85.0
1623,142.9,7.00,24.81,0.1737,5.76,2345.0,85.0
1630,144.9,6.90,24.81,0.1712,5.84,2345.0,85.0
1637,142.9,7.00,24.81,0.1737,5.76,2345.0,85.0
1644,142.9,7.00,24.81,0.1737,5.76,2345.0,85.0
1651,144.9,6.90,24.81,0.1712,5.84,2345.0,85.0
1658,144.9,6.90,24.81,0.1712,5.84,2345.0,85.0
1665,142.9,7.00,24.81,0.1737,5.76,2345.0,85.0
1672,144.9,6.90,24.81,0.1712,5.84,2345.0,85.0
1678,144.9,6.90,24.81,0.1712,5.84,2345.0,85.0
1685,142.9,7.00,24.81,0.1737,5.76,2345.0,85.0
1692,144.9,6.90,24.81,0.1712,5.84,2345.0,85.0
1699,144.9,6.90,24.81,0.1712,5.84,2345.0,85.0
1706,142.9,7.00,24.81,0.1737,5.76,2345.0,85.0
1713,142.9,7.00,24.81,0.1737,5.76,2345.0,85.0
1720,144.9,6.90,24.81,0.1712,5.84,2345.0,85.0
1727,144.9,6.90,24.81,0.1712,5.84,2345.0,85.0
1734,142.9,7.00,24.81,0.1736,5.76,2345.0,85.0
1741,144.9,6.90,24.81,0.1712,5.84,2345.0,85.0
1748,142.9,7.00,24.81,0.1736,5.76,2345.0,85.0
1755,144.9,6.90,24.81,0.1712,5.84,2345.0,85.0
1762,142.9,7.00,24.81,0.1736,5.76,2345.0,85.0
1769,142.9,7.00,24.81,0.1736,5.76,2345.0,85.0
1776,144.9,6.90,24.81,0.1712,5.84,2345.0,85.0
1783,144.9,6.90,24.81,0.1712,5.84,2345.0,85.0
1790,144.9,6.90,24.80,0.1712,5.84,2345.0,85.0
1797,142.9,7.00,24.80,0.1736,5.76,2345.0,85.0
1803,144.9,6.90,24.80,0.1712,5.84,2345.0,85.0
1810,144.9,6.90,24.80,0.1711,5.84,2345.0,85.0
1817,142.9,7.00,24.80,0.1736,5.76,2345.0,85.0
1824,142.9,7.00,24.80,0.1736,5.76,2345.0,85.0
1831,144.9,6.90,24.80,0.1711,5.84,2345.0,85.0
1838,142.9,7.00,24.80,0.1736,5.76,2345.0,85.0
1845,142.9,7.00,24.80,0.1736,5.76,2345.0,85.0
1852,144.9,6.90,24.80,0.1711,5.84,2345.0,85.0
1859,144.9,6.90,24.80,0.1711,5.84,2345.0,85.0
1866,147.1,6.80,24.80,0.1687,5.93,2345.0,85.0
1873,142.9,7.00,24.80,0.1736,5.76,2345.0,85.0
1880,144.9,6.90,24.80,0.1711,5.84,2345.0,85.0
1887,144.9,6.90,24.80,0.1711,5.84,2345.0,85.0
1894,140.8,7.10,24.80,0.1761,5.68,2345.0,85.0
1901,147.1,6.80,24.80,0.1687,5.93,2345.0,85.0
1908,142.9,7.00,24.80,0.1736,5.76,2345.0,85.0
1915,142.9,7.00,24.80,0.1736,5.76,2345.0,85.0
1921,144.9,6.90,24.80,0.1711,5.84,2345.0,85.0
1928,142.9,7.00,24.80,0.1736,5.76,2345.0,85.0
1935,144.9,6.90,24.80,0.1711,5.84,2345.0,85.0
1942,144.9,6.90,24.80,0.1711,5.84,2345.0,85.0
1949,142.9,7.00,24.80,0.1736,5.76,2345.0,85.0
1956,142.9,7.00,24.80,0.1736,5.76,2345.0,85.0
1963,144.9,6.90,24.80,0.1711,5.84,2345.0,85.0
1970,144.9,6.90,24.80,0.1711,5.84,2345.0,85.0
1977,142.9,7.00,24.80,0.1736,5.76,2345.0,85.0
1984,144.9,6.90,24.80,0.1711,5.84,2345.0,85.0
1991,142.9,7.00,24.80,0.1736,5.76,2345.0,85.0
1998,144.9,6.90,24.80,0.1711,5.84,2345.0,85.0
2005,142.9,7.00,24.80,0.1736,5.76,2345.0,85.0
2012,142.9,7.00,24.80,0.1736,5.76,2345.0,85.0
2019,144.9,6.90,24.80,0.1711,5.84,2345.0,85.0
2026,144.9,6.90,24.80,0.1711,5.84,2345.0,85.0
2033,142.9,7.00,24.80,0.1736,5.76,2345.0,85.0
2040,144.9,6.90,24.80,0.1711,5.84,2345.0,85.0
2047,142.9,7.00,24.80,0.1736,5.76,2345.0,85.0
2054,142.9,7.00,24.80,0.1736,5.76,2345.0,85.0
2060,147.1,6.80,24.80,0.1686,5.93,2345.0,85.0
2067,142.9,7.00,24.80,0.1736,5.76,2345.0,85.0
2074,144.9,6.90,24.80,0.1711,5.84,2345.0,85.0
2081,142.9,7.00,24.80,0.1736,5.76,2345.0,85.0
2088,144.9,6.90,24.80,0.1711,5.84,2345.0,85.0
2095,142.9,7.00,24.80,0.1736,5.76,2345.0,85.0
2102,144.9,6.90,24.80,0.1711,5.84,2345.0,85.0
2109,144.9,6.90,24.80,0.1711,5.84,2345.0,85.0
2116,142.9,7.00,24.80,0.1736,5.76,2345.0,85.0
2123,142.9,7.00,24.79,0.1736,5.76,2345.0,85.0
2130,147.1,6.80,24.79,0.1686,5.93,2345.0,85.0
2137,142.9,7.00,24.79,0.1736,5.76,2345.0,85.0
2144,142.9,7.00,24.79,0.1736,5.76,2345.0,85.0
2151,144.9,6.90,24.79,0.1711,5.84,2345.0,85.0
2158,142.9,7.00,24.79,0.1736,5.76,2345.0,85.0
2164,147.1,6.80,24.79,0.1686,5.93,2345.0,85.0
2171,142.9,7.00,24.79,0.1736,5.76,2345.0,85.0
2178,142.9,7.00,24.79,0.1736,5.76,2345.0,85.0
2185,144.9,6.90,24.79,0.1711,5.84,2345.0,85.0
2192,142.9,7.00,24.79,0.1736,5.76,2345.0,85.0
2199,144.9,6.90,24.79,0.1711,5.84,2345.0,85.0
2206,142.9,7.00,24.79,0.1735,5.76,2345.0,85.0
2213,144.9,6.90,24.79,0.1711,5.84,2345.0,85.0
2220,140.8,7.10,24.79,0.1760,5.68,2345.0,85.0
2227,144.9,6.90,24.79,0.1711,5.84,2345.0,85.0
2234,147.1,6.80,24.79,0.1686,5.93,2345.0,85.0
2241,142.9,7.00,24.79,0.1735,5.76,2345.0,85.0
2248,144.9,6.90,24.79,0.1711,5.84,2345.0,85.0
2255,144.9,6.90,24.79,0.1711,5.84,2345.0,85.0
2262,142.9,7.00,24.79,0.1735,5.76,2345.0,85.0
2269,144.9,6.90,24.79,0.1711,5.84,2345.0,85.0
2276,142.9,7.00,24.79,0.1735,5.76,2345.0,85.0
2283,142.9,7.00,24.79,0.1735,5.76,2345.0,85.0
2290,144.9,6.90,24.79,0.1711,5.85,2345.0,85.0
2296,144.9,6.90,24.79,0.1711,5.84,2345.0,85.0
2303,142.9,7.00,24.79,0.1735,5.76,2345.0,85.0
2310,144.9,6.90,24.79,0.1711,5.84,2345.0,85.0
2317,144.9,6.90,24.80,0.1711,5.84,2345.0,85.0
2324,140.8,7.10,24.80,0.1761,5.68,2345.0,85.0
2331,144.9,6.90,24.80,0.1711,5.84,2345.0,85.0
2338,144.9,6.90,24.80,0.1711,5.84,2345.0,85.0
2345,142.9,7.00,24.80,0.1736,5.76,2345.0,85.0
2352,144.9,6.90,24.80,0.1711,5.84,2345.0,85.0
2359,144.9,6.90,24.80,0.1711,5.84,2345.0,85.0
2366,140.8,7.10,24.80,0.1761,5.68,2345.0,85.0
2373,144.9,6.90,24.81,0.1712,5.84,2345.0,85.0
2380,144.9,6.90,24.81,0.1712,5.84,2345.0,85.0
2387,144.9,6.90,24.81,0.1712,5.84,2345.0,85.0
2394,142.9,7.00,24.81,0.1737,5.76,2345.0,85.0
2401,144.9,6.90,24.81,0.1712,5.84,2345.0,85.0
2408,142.9,7.00,24.81,0.1737,5.76,2345.0,85.0
2415,144.9,6.90,24.81,0.1712,5.84,2345.0,85.0
2422,142.9,7.00,24.82,0.1737,5.76,2345.0,85.0
2428,144.9,6.90,24.82,0.1712,5.84,2345.0,85.0
2435,142.9,7.00,24.82,0.1737,5.76,2345.0,85.0
2442,144.9,6.90,24.82,0.1713,5.84,2345.0,85.0
2449,142.9,7.00,24.82,0.1737,5.76,2345.0,85.0
2456,144.9,6.90,24.82,0.1713,5.84,2345.0,85.0
2463,144.9,6.90,24.82,0.1713,5.84,2345.0,85.0
2470,142.9,7.00,24.82,0.1738,5.76,2345.0,85.0
2477,144.9,6.90,24.83,0.1713,5.84,2345.0,85.0
2484,142.9,7.00,24.83,0.1738,5.76,2345.0,85.0
2491,144.9,6.90,24.83,0.1713,5.84,2345.0,85.0
2498,142.9,7.00,24.83,0.1738,5.76,2345.0,85.0
2505,144.9,6.90,24.83,0.1713,5.84,2345.0,85.0
2512,144.9,6.90,24.83,0.1713,5.84,2345.0,85.0
2519,142.9,7.00,24.83,0.1738,5.75,2345.0,85.0
2526,142.9,7.00,24.84,0.1738,5.75,2345.0,85.0
2533,147.1,6.80,24.84,0.1689,5.92,2345.0,85.0
2540,140.8,7.10,24.84,0.1763,5.67,2345.0,85.0
2547,144.9,6.90,24.84,0.1714,5.83,2345.0,85.0
2554,142.9,7.00,24.84,0.1739,5.75,2345.0,85.0
2560,147.1,6.80,24.84,0.1689,5.92,2345.0,85.0
2567,142.9,7.00,24.84,0.1739,5.75,2345.0,85.0
2574,144.9,6.90,24.84,0.1714,5.83,2345.0,85.0
2581,142.9,7.00,24.85,0.1739,5.75,2345.0,85.0
2588,144.9,6.90,24.85,0.1714,5.83,2345.0,85.0
2595,142.9,7.00,24.85,0.1739,5.75,2345.0,85.0
2602,142.9,7.00,24.85,0.1739,5.75,2345.0,85.0
2609,144.9,6.90,24.85,0.1715,5.83,2345.0,85.0
2616,142.9,7.00,24.85,0.1740,5.75,2345.0,85.0
2623,147.1,6.80,24.85,0.1690,5.92,2345.0,85.0
2630,142.9,7.00,24.85,0.1740,5.75,2345.0,85.0
2637,144.9,6.90,24.86,0.1715,5.83,2345.0,85.0
2644,142.9,7.00,24.86,0.1740,5.75,2345.0,85.0
2651,142.9,7.00,24.86,0.1740,5.75,2345.0,85.0
2658,144.9,6.90,24.86,0.1715,5.83,2345.0,85.0
2664,147.1,6.80,24.86,0.1691,5.92,2345.0,85.0
2671,142.9,7.00,24.86,0.1740,5.75,2345.0,85.0
2678,142.9,7.00,24.86,0.1740,5.75,2345.0,85.0
2685,144.9,6.90,24.87,0.1716,5.83,2345.0,85.0
2692,144.9,6.90,24.87,0.1716,5.83,2345.0,85.0
2699,142.9,7.00,24.87,0.1741,5.75,2345.0,85.0
2706,142.9,7.00,24.87,0.1741,5.75,2345.0,85.0
2713,144.9,6.90,24.87,0.1716,5.83,2345.0,85.0
2720,144.9,6.90,24.87,0.1716,5.83,2345.0,85.0
2727,144.9,6.90,24.87,0.1716,5.83,2345.0,85.0
2734,142.9,7.00,24.87,0.1741,5.74,2345.0,85.0
2741,142.9,7.00,24.88,0.1741,5.74,2345.0,85.0
2748,144.9,6.90,24.88,0.1717,5.82,2345.0,85.0
2755,144.9,6.90,24.88,0.1717,5.82,2345.0,85.0
2762,140.8,7.10,24.88,0.1766,5.66,2345.0,85.0
2769,147.1,6.80,24.88,0.1692,5.91,2345.0,85.0
2776,142.9,7.00,24.88,0.1742,5.74,2345.0,85.0
2783,142.9,7.00,24.88,0.1742,5.74,2345.0,85.0
2789,147.1,6.80,24.89,0.1692,5.91,2345.0,85.0
2796,142.9,7.00,24.89,0.1742,5.74,2345.0,85.0
2803,142.9,7.00,24.89,0.1742,5.74,2345.0,85.0
2810,142.9,7.00,24.89,0.1742,5.74,2345.0,85.0
2817,147.1,6.80,24.89,0.1693,5.91,2345.0,85.0
2824,142.9,7.00,24.89,0.1742,5.74,2345.0,85.0
2831,144.9,6.90,24.89,0.1718,5.82,2345.0,85.0
2838,142.9,7.00,24.89,0.1743,5.74,2345.0,85.0
2845,144.9,6.90,24.90,0.1718,5.82,2345.0,85.0
2852,144.9,6.90,24.90,0.1718,5.82,2345.0,85.0
2859,144.9,6.90,24.90,0.1718,5.82,2345.0,85.0
2866,142.9,7.00,24.90,0.1743,5.74,2345.0,85.0
2873,142.9,7.00,24.90,0.1743,5.74,2345.0,85.0
2880,144.9,6.90,24.90,0.1718,5.82,2345.0,85.0
2887,142.9,7.00,24.90,0.1743,5.74,2345.0,85.0
2894,144.9,6.90,24.91,0.1718,5.82,2345.0,85.0
2901,144.9,6.90,24.91,0.1719,5.82,2345.0,85.0
2907,144.9,6.90,24.91,0.1719,5.82,2345.0,85.0
2914,142.9,7.00,24.91,0.1744,5.74,2345.0,85.0
2921,142.9,7.00,24.91,0.1744,5.74,2345.0,85.0
2928,142.9,7.00,24.91,0.1744,5.74,2345.0,85.0
2935,144.9,6.90,24.91,0.1719,5.82,2345.0,85.0
2942,142.9,7.00,24.91,0.1744,5.74,2345.0,85.0
2949,144.9,6.90,24.92,0.1719,5.82,2345.0,85.0
2956,147.1,6.80,24.92,0.1694,5.90,2345.0,85.0
2963,140.8,7.10,24.92,0.1769,5.65,2345.0,85.0
2970,144.9,6.90,24.92,0.1719,5.81,2345.0,85.0
2977,144.9,6.90,24.92,0.1720,5.81,2345.0,85.0
2984,142.9,7.00,24.92,0.1745,5.73,2345.0,85.0
2991,144.9,6.90,24.92,0.1720,5.81,2345.0,85.0
2998,144.9,6.90,24.92,0.1720,5.81,2345.0,85.0
3005,140.8,7.10,24.93,0.1770,5.65,2345.0,85.0
3012,144.9,6.90,24.93,0.1720,5.81,2345.0,85.0
3019,147.1,6.80,24.93,0.1695,5.90,2345.0,85.0
3026,142.9,7.00,24.93,0.1745,5.73,2345.0,85.0
3033,142.9,7.00,24.93,0.1745,5.73,2345.0,85.0
3039,144.9,6.90,24.93,0.1720,5.81,2345.0,85.0
3046,142.9,7.00,24.93,0.1745,5.73,2345.0,85.0
3053,144.9,6.90,24.94,0.1721,5.81,2345.0,85.0
3060,142.9,7.00,24.94,0.1746,5.73,2345.0,85.0
3067,144.9,6.90,24.94,0.1721,5.81,2345.0,85.0
3074,142.9,7.00,24.94,0.1746,5.73,2345.0,85.0
3081,144.9,6.90,24.94,0.1721,5.81,2345.0,85.0
3088,144.9,6.90,24.94,0.1721,5.81,2345.0,85.0
3095,142.9,7.00,24.94,0.1746,5.73,2345.0,85.0
3102,144.9,6.90,24.94,0.1721,5.81,2345.0,85.0
3109,142.9,7.00,24.95,0.1746,5.73,2345.0,85.0
3116,142.9,7.00,24.95,0.1746,5.73,2345.0,85.0
3123,147.1,6.80,24.95,0.1697,5.90,2345.0,85.0
3130,142.9,7.00,24.95,0.1746,5.73,2345.0,85.0
3137,144.9,6.90,24.95,0.1722,5.81,2345.0,85.0
3144,142.9,7.00,24.95,0.1747,5.73,2345.0,85.0
3151,144.9,6.90,24.95,0.1722,5.81,2345.0,85.0
3158,140.8,7.10,24.96,0.1772,5.64,2345.0,85.0
3165,144.9,6.90,24.96,0.1722,5.81,2345.0,85.0
3171,144.9,6.90,24.96,0.1722,5.81,2345.0,85.0
3178,144.9,6.90,24.96,0.1722,5.81,2345.0,85.0
3185,144.9,6.90,24.96,0.1722,5.81,2345.0,85.0
3192,142.9,7.00,24.96,0.1747,5.72,2345.0,85.0
3199,142.9,7.00,24.96,0.1747,5.72,2345.0,85.0
3206,144.9,6.90,24.96,0.1723,5.80,2345.0,85.0
3213,142.9,7.00,24.97,0.1748,5.72,2345.0,85.0
3220,144.9,6.90,24.97,0.1723,5.80,2345.0,85.0
3227,142.9,7.00,24.97,0.1748,5.72,2345.0,85.0
3234,144.9,6.90,24.97,0.1723,5.80,2345.0,85.0
3241,142.9,7.00,24.97,0.1748,5.72,2345.0,85.0
3248,144.9,6.90,24.97,0.1723,5.80,2345.0,85.0
3255,144.9,6.90,24.97,0.1723,5.80,2345.0,85.0
3262,142.9,7.00,24.98,0.1748,5.72,2345.0,85.0
3269,144.9,6.90,24.98,0.1723,5.80,2345.0,85.0
3276,144.9,6.90,24.98,0.1723,5.80,2345.0,85.0
3283,142.9,7.00,24.98,0.1749,5.72,2345.0,85.0
3289,144.9,6.90,24.98,0.1724,5.80,2345.0,85.0
3296,142.9,7.00,24.98,0.1749,5.72,2345.0,85.0
3303,142.9,7.00,24.98,0.1749,5.72,2345.0,85.0
3310,144.9,6.90,24.98,0.1724,5.80,2345.0,85.0
3317,142.9,7.00,24.98,0.1749,5.72,2345.0,85.0
3324,144.9,6.90,24.98,0.1724,5.80,2345.0,85.0
3331,142.9,7.00,24.98,0.1749,5.72,2345.0,85.0
3338,144.9,6.90,24.98,0.1724,5.80,2345.0,85.0
3345,142.9,7.00,24.98,0.1749,5.72,2345.0,85.0
3352,144.9,6.90,24.98,0.1724,5.80,2345.0,85.0
3359,144.9,6.90,24.98,0.1724,5.80,2345.0,85.0
3366,144.9,6.90,24.98,0.1724,5.80,2345.0,85.0
3373,142.9,7.00,24.98,0.1749,5.72,2345.0,85.0
3380,144.9,6.90,24.98,0.1724,5.80,2345.0,85.0
3387,142.9,7.00,24.98,0.1749,5.72,2345.0,85.0
3394,142.9,7.00,24.98,0.1749,5.72,2345.0,85.0
3401,144.9,6.90,24.98,0.1724,5.80,2345.0,85.0
3408,142.9,7.00,24.98,0.1749,5.72,2345.0,85.0
3415,144.9,6.90,24.98,0.1724,5.80,2345.0,85.0
3421,144.9,6.90,24.98,0.1724,5.80,2345.0,85.0
3428,142.9,7.00,24.98,0.1749,5.72,2345.0,85.0
3435,144.9,6.90,24.98,0.1724,5.80,2345.0,85.0
3442,142.9,7.00,24.98,0.1748,5.72,2345.0,85.0
3449,144.9,6.90,24.98,0.1724,5.80,2345.0,85.0
3456,144.9,6.90,24.98,0.1724,5.80,2345.0,85.0
3463,142.9,7.00,24.98,0.1748,5.72,2345.0,85.0
3470,142.9,7.00,24.98,0.1748,5.72,2345.0,85.0
3477,144.9,6.90,24.98,0.1723,5.80,2345.0,85.0
3484,144.9,6.90,24.98,0.1723,5.80,2345.0,85.0
3491,142.9,7.00,24.98,0.1748,5.72,2345.0,85.0
3498,144.9,6.90,24.98,0.1723,5.80,2345.0,85.0
3505,144.9,6.90,24.98,0.1723,5.80,2345.0,85.0
3512,144.9,6.90,24.98,0.1723,5.80,2345.0,85.0
3519,142.9,7.00,24.98,0.1748,5.72,2345.0,85.0
3526,144.9,6.90,24.98,0.1723,5.80,2345.0,85.0
3533,142.9,7.00,24.98,0.1748,5.72,2345.0,85.0
3539,144.9,6.90,24.98,0.1723,5.80,2345.0,85.0
3546,142.9,7.00,24.98,0.1748,5.72,2345.0,85.0
3553,144.9,6.90,24.98,0.1723,5.80,2345.0,85.0
3560,144.9,6.90,24.98,0.1723,5.80,2345.0,85.0
3567,144.9,6.90,24.98,0.1723,5.80,2345.0,85.0
3574,140.8,7.10,24.98,0.1773,5.64,2345.0,85.0
3581,142.9,7.00,24.98,0.1748,5.72,2345.0,85.0
3588,147.1,6.80,24.98,0.1698,5.89,2345.0,85.0
3595,142.9,7.00,24.98,0.1748,5.72,2345.0,85.0
3602,142.9,7.00,24.98,0.1748,5.72,2345.0,85.0
3609,144.9,6.90,24.98,0.1723,5.80,2345.0,85.0
3616,140.8,7.10,24.98,0.1773,5.64,2345.0,85.0
3623,144.9,6.90,24.98,0.1723,5.80,2345.0,85.0
3630,144.9,6.90,24.98,0.1723,5.80,2345.0,85.0
3637,144.9,6.90,24.98,0.1723,5.80,2345.0,85.0
3644,144.9,6.90,24.98,0.1723,5.80,2345.0,85.0
3651,144.9,6.90,24.98,0.1723,5.80,2345.0,85.0
3658,142.9,7.00,24.98,0.1748,5.72,2345.0,85.0
3665,140.8,7.10,24.98,0.1773,5.64,2345.0,85.0
3671,147.1,6.80,24.98,0.1698,5.89,2345.0,85.0
3678,144.9,6.90,24.98,0.1723,5.80,2345.0,85.0
3685,144.9,6.90,24.98,0.1723,5.80,2345.0,85.0
3692,142.9,7.00,24.98,0.1748,5.72,2345.0,85.0
3699,144.9,6.90,24.98,0.1723,5.80,2345.0,85.0
3706,142.9,7.00,24.98,0.1748,5.72,2345.0,85.0
3713,142.9,7.00,24.98,0.1748,5.72,2345.0,85.0
3720,144.9,6.90,24.98,0.1723,5.80,2345.0,85.0
3727,142.9,7.00,24.98,0.1748,5.72,2345.0,85.0
3734,144.9,6.90,24.98,0.1723,5.80,2345.0,85.0
3741,142.9,7.00,24.98,0.1748,5.72,2345.0,85.0
3748,144.9,6.90,24.98,0.1723,5.80,2345.0,85.0
3755,144.9,6.90,24.98,0.1723,5.80,2345.0,85.0
3762,142.9,7.00,24.98,0.1748,5.72,2345.0,85.0
3769,144.9,6.90,24.98,0.1723,5.80,2345.0,85.0
3776,144.9,6.90,24.98,0.1723,5.80,2345.0,85.0
3783,142.9,7.00,24.98,0.1748,5.72,2345.0,85.0
3790,142.9,7.00,24.97,0.1748,5.72,2345.0,85.0
3796,144.9,6.90,24.97,0.1723,5.80,2345.0,85.0
3803,144.9,6.90,24.97,0.1723,5.80,2345.0,85.0
3810,142.9,7.00,24.97,0.1748,5.72,2345.0,85.0
3817,144.9,6.90,24.97,0.1723,5.80,2345.0,85.0
3824,142.9,7.00,24.97,0.1748,5.72,2345.0,85.0
3831,142.9,7.00,24.97,0.1748,5.72,2345.0,85.0
3838,144.9,6.90,24.97,0.1723,5.80,2345.0,85.0
3845,144.9,6.90,24.97,0.1723,5.80,2345.0,85.0
3852,144.9,6.90,24.97,0.1723,5.80,2345.0,85.0
3859,142.9,7.00,24.97,0.1748,5.72,2345.0,85.0
3866,144.9,6.90,24.97,0.1723,5.80,2345.0,85.0
3873,144.9,6.90,24.97,0.1723,5.80,2345.0,85.0
3880,142.9,7.00,24.97,0.1748,5.72,2345.0,85.0
3887,144.9,6.90,24.97,0.1723,5.80,2345.0,85.0
3894,144.9,6.90,24.97,0.1723,5.80,2345.0,85.0
3901,142.9,7.00,24.97,0.1748,5.72,2345.0,85.0
3908,142.9,7.00,24.97,0.1748,5.72,2345.0,85.0
3914,144.9,6.90,24.97,0.1723,5.80,2345.0,85.0
3921,142.9,7.00,24.97,0.1748,5.72,2345.0,85.0
3928,144.9,6.90,24.97,0.1723,5.80,2345.0,85.0
3935,144.9,6.90,24.97,0.1723,5.80,2345.0,85.0
3942,142.9,7.00,24.97,0.1748,5.72,2345.0,85.0
3949,142.9,7.00,24.97,0.1748,5.72,2345.0,85.0
3956,144.9,6.90,24.97,0.1723,5.80,2345.0,85.0
3963,144.9,6.90,24.97,0.1723,5.80,2345.0,85.0
3970,142.9,7.00,24.97,0.1748,5.72,2345.0,85.0
3977,144.9,6.90,24.97,0.1723,5.80,2345.0,85.0
3984,144.9,6.90,24.97,0.1723,5.80,2345.0,85.0
3991,140.8,7.10,24.97,0.1773,5.64,2345.0,85.0
3998,144.9,6.90,24.97,0.1723,5.80,2345.0,85.0
4005,144.9,6.90,24.97,0.1723,5.80,2345.0,85.0
4012,142.9,7.00,24.97,0.1748,5.72,2345.0,85.0
4019,144.9,6.90,24.97,0.1723,5.80,2345.0,85.0
4026,142.9,7.00,24.97,0.1748,5.72,2345.0,85.0
4033,144.9,6.90,24.97,0.1723,5.80,2345.0,85.0
4040,142.9,7.00,24.97,0.1748,5.72,2345.0,85.0
4046,144.9,6.90,24.97,0.1723,5.80,2345.0,85.0
4053,144.9,6.90,24.97,0.1723,5.80,2345.0,85.0
4060,142.9,7.00,24.97,0.1748,5.72,2345.0,85.0
4067,144.9,6.90,24.97,0.1723,5.80,2345.0,85.0
4074,142.9,7.00,24.97,0.1748,5.72,2345.0,85.0
4081,144.9,6.90,24.97,0.1723,5.80,2345.0,85.0
4088,142.9,7.00,24.97,0.1748,5.72,2345.0,85.0
4095,142.9,7.00,24.97,0.1748,5.72,2345.0,85.0
4102,144.9,6.90,24.97,0.1723,5.80,2345.0,85.0
4109,144.9,6.90,24.97,0.1723,5.80,2345.0,85.0
4116,142.9,7.00,24.97,0.1748,5.72,2345.0,85.0
4123,144.9,6.90,24.97,0.1723,5.80,2345.0,85.0
4130,147.1,6.80,24.97,0.1698,5.89,2345.0,85.0
4137,142.9,7.00,24.97,0.1748,5.72,2345.0,85.0
4144,142.9,7.00,24.97,0.1748,5.72,2345.0,85.0
4151,144.9,6.90,24.97,0.1723,5.80,2345.0,85.0
4158,142.9,7.00,24.97,0.1748,5.72,2345.0,85.0
4164,144.9,6.90,24.97,0.1723,5.80,2345.0,85.0
4171,142.9,7.00,24.97,0.1748,5.72,2345.0,85.0
4178,144.9,6.90,24.97,0.1723,5.80,2345.0,85.0
4185,142.9,7.00,24.97,0.1748,5.72,2345.0,85.0
4192,144.9,6.90,24.97,0.1723,5.80,2345.0,85.0
4199,144.9,6.90,24.97,0.1723,5.80,2345.0,85.0
4206,142.9,7.00,24.97,0.1748,5.72,2345.0,85.0
4213,144.9,6.90,24.97,0.1723,5.80,2345.0,85.0
4220,142.9,7.00,24.97,0.1748,5.72,2345.0,85.0
4227,142.9,7.00,24.97,0.1748,5.72,2345.0,85.0
4234,144.9,6.90,24.97,0.1723,5.80,2345.0,85.0
4241,144.9,6.90,24.97,0.1723,5.80,2345.0,85.0
4248,142.9,7.00,24.97,0.1748,5.72,2345.0,85.0
4255,142.9,7.00,24.97,0.1748,5.72,2345.0,85.0
4262,144.9,6.90,24.97,0.1723,5.80,2345.0,85.0
4269,144.9,6.90,24.97,0.1723,5.80,2345.0,85.0
4276,142.9,7.00,24.97,0.1748,5.72,2345.0,85.0
4283,144.9,6.90,24.97,0.1723,5.80,2345.0,85.0
4289,144.9,6.90,24.97,0.1723,5.80,2345.0,85.0
4296,142.9,7.00,24.97,0.1748,5.72,2345.0,85.0
4303,144.9,6.90,24.97,0.1723,5.80,2345.0,85.0
4310,142.9,7.00,24.97,0.1748,5.72,2345.0,85.0
4317,144.9,6.90,24.97,0.1723,5.80,2345.0,85.0
4324,142.9,7.00,24.97,0.1748,5.72,2345.0,85.0
4331,144.9,6.90,24.97,0.1723,5.80,2345.0,85.0
4338,144.9,6.90,24.96,0.1723,5.80,2345.0,85.0
4345,142.9,7.00,24.96,0.1747,5.72,2345.0,85.0
4352,144.9,6.90,24.96,0.1722,5.80,2345.0,85.0
4359,142.9,7.00,24.96,0.1747,5.72,2345.0,85.0
4366,144.9,6.90,24.96,0.1722,5.80,2345.0,85.0
4373,142.9,7.00,24.96,0.1747,5.73,2345.0,85.0
4380,144.9,6.90,24.96,0.1722,5.81,2345.0,85.0
4387,144.9,6.90,24.96,0.1722,5.81,2345.0,85.0
4394,140.8,7.10,24.96,0.1772,5.64,2345.0,85.0
4401,144.9,6.90,24.96,0.1722,5.81,2345.0,85.0
4408,144.9,6.90,24.96,0.1722,5.81,2345.0,85.0
4415,142.9,7.00,24.96,0.1747,5.73,2345.0,85.0
4421,144.9,6.90,24.96,0.1722,5.81,2345.0,85.0
4428,144.9,6.90,24.95,0.1722,5.81,2345.0,85.0
4436,137.0,7.30,24.95,0.1822,5.49,2345.0,85.0
4442,151.5,6.60,24.95,0.1647,6.07,2345.0,85.0
4449,140.8,7.10,24.95,0.1772,5.64,2345.0,85.0
4456,144.9,6.90,24.95,0.1722,5.81,2345.0,85.0
4463,142.9,7.00,24.95,0.1747,5.73,2345.0,85.0
4470,144.9,6.90,24.95,0.1722,5.81,2345.0,85.0
4477,144.9,6.90,24.95,0.1721,5.81,2345.0,85.0
4484,142.9,7.00,24.95,0.1746,5.73,2345.0,85.0
4491,142.9,7.00,24.95,0.1746,5.73,2345.0,85.0
4498,147.1,6.80,24.95,0.1696,5.90,2345.0,85.0
4505,142.9,7.00,24.95,0.1746,5.73,2345.0,85.0
4512,144.9,6.90,24.95,0.1721,5.81,2345.0,85.0
4519,142.9,7.00,24.94,0.1746,5.73,2345.0,85.0
4526,144.9,6.90,24.94,0.1721,5.81,2345.0,85.0
4533,144.9,6.90,24.94,0.1721,5.81,2345.0,85.0
4539,144.9,6.90,24.94,0.1721,5.81,2345.0,85.0
4546,142.9,7.00,24.94,0.1746,5.73,2345.0,85.0
4553,144.9,6.90,24.94,0.1721,5.81,2345.0,85.0
4560,142.9,7.00,24.94,0.1746,5.73,2345.0,85.0
4567,144.9,6.90,24.94,0.1721,5.81,2345.0,85.0
4574,142.9,7.00,24.94,0.1746,5.73,2345.0,85.0
4581,144.9,6.90,24.94,0.1721,5.81,2345.0,85.0
4588,142.9,7.00,24.94,0.1746,5.73,2345.0,85.0
4595,142.9,7.00,24.94,0.1746,5.73,2345.0,85.0
4602,144.9,6.90,24.94,0.1721,5.81,2345.0,85.0
4609,142.9,7.00,24.93,0.1745,5.73,2345.0,85.0
4616,144.9,6.90,24.93,0.1720,5.81,2345.0,85.0
4623,144.9,6.90,24.93,0.1720,5.81,2345.0,85.0
4630,142.9,7.00,24.93,0.1745,5.73,2345.0,85.0
4637,142.9,7.00,24.93,0.1745,5.73,2345.0,85.0
4644,144.9,6.90,24.93,0.1720,5.81,2345.0,85.0
4651,144.9,6.90,24.93,0.1720,5.81,2345.0,85.0
4658,144.9,6.90,24.93,0.1720,5.81,2345.0,85.0
4665,142.9,7.00,24.93,0.1745,5.73,2345.0,85.0
4672,142.9,7.00,24.93,0.1745,5.73,2345.0,85.0
4678,144.9,6.90,24.93,0.1720,5.81,2345.0,85.0
4685,142.9,7.00,24.93,0.1745,5.73,2345.0,85.0
4692,144.9,6.90,24.93,0.1720,5.81,2345.0,85.0
4699,144.9,6.90,24.92,0.1720,5.81,2345.0,85.0
4706,142.9,7.00,24.92,0.1745,5.73,2345.0,85.0
4713,144.9,6.90,24.92,0.1720,5.81,2345.0,85.0
4720,144.9,6.90,24.92,0.1720,5.81,2345.0,85.0
4727,142.9,7.00,24.92,0.1745,5.73,2345.0,85.0
4734,144.9,6.90,24.92,0.1720,5.81,2345.0,85.0
4741,142.9,7.00,24.92,0.1744,5.73,2345.0,85.0
4748,144.9,6.90,24.92,0.1719,5.81,2345.0,85.0
4755,144.9,6.90,24.92,0.1719,5.81,2345.0,85.0
4762,144.9,6.90,24.92,0.1719,5.82,2345.0,85.0
4769,142.9,7.00,24.92,0.1744,5.74,2345.0,85.0
4776,144.9,6.90,24.92,0.1719,5.82,2345.0,85.0
4783,142.9,7.00,24.92,0.1744,5.74,2345.0,85.0
4789,144.9,6.90,24.91,0.1719,5.82,2345.0,85.0
4796,142.9,7.00,24.91,0.1744,5.74,2345.0,85.0
4803,144.9,6.90,24.91,0.1719,5.82,2345.0,85.0
4810,140.8,7.10,24.91,0.1769,5.65,2345.0,85.0
4817,144.9,6.90,24.91,0.1719,5.82,2345.0,85.0
4824,144.9,6.90,24.91,0.1719,5.82,2345.0,85.0
4831,144.9,6.90,24.91,0.1719,5.82,2345.0,85.0
4838,142.9,7.00,24.91,0.1744,5.74,2345.0,85.0
4845,142.9,7.00,24.91,0.1744,5.74,2345.0,85.0
4852,144.9,6.90,24.91,0.1719,5.82,2345.0,85.0
4859,144.9,6.90,24.91,0.1719,5.82,2345.0,85.0
4866,144.9,6.90,24.91,0.1719,5.82,2345.0,85.0
4873,140.8,7.10,24.91,0.1768,5.65,2345.0,85.0
4880,147.1,6.80,24.90,0.1694,5.91,2345.0,85.0
4887,144.9,6.90,24.90,0.1718,5.82,2345.0,85.0
4894,142.9,7.00,24.90,0.1743,5.74,2345.0,85.0
4901,142.9,7.00,24.90,0.1743,5.74,2345.0,85.0
4908,144.9,6.90,24.90,0.1718,5.82,2345.0,85.0
4914,144.9,6.90,24.90,0.1718,5.82,2345.0,85.0
4921,142.9,7.00,24.90,0.1743,5.74,2345.0,85.0
4928,144.9,6.90,24.90,0.1718,5.82,2345.0,85.0
4935,144.9,6.90,24.90,0.1718,5.82,2345.0,85.0
4942,144.9,6.90,24.90,0.1718,5.82,2345.0,85.0
4949,140.8,7.10,24.90,0.1768,5.66,2345.0,85.0
4956,144.9,6.90,24.90,0.1718,5.82,2345.0,85.0
4963,144.9,6.90,24.90,0.1718,5.82,2345.0,85.0
4970,142.9,7.00,24.89,0.1743,5.74,2345.0,85.0
4977,147.1,6.80,24.89,0.1693,5.91,2345.0,85.0
4984,142.9,7.00,24.89,0.1743,5.74,2345.0,85.0
4991,142.9,7.00,24.89,0.1742,5.74,2345.0,85.0
4998,142.9,7.00,24.89,0.1742,5.74,2345.0,85.0
5005,144.9,6.90,24.89,0.1717,5.82,2345.0,85.0
5012,144.9,6.90,24.89,0.1717,5.82,2345.0,85.0
5019,144.9,6.90,24.89,0.1717,5.82,2345.0,85.0
5026,142.9,7.00,24.89,0.1742,5.74,2345.0,85.0
5032,144.9,6.90,24.89,0.1717,5.82,2345.0,85.0
5039,142.9,7.00,24.89,0.1742,5.74,2345.0,85.0
5046,142.9,7.00,24.89,0.1742,5.74,2345.0,85.0
5053,144.9,6.90,24.89,0.1717,5.82,2345.0,85.0
5060,144.9,6.90,24.89,0.1717,5.82,2345.0,85.0
5067,144.9,6.90,24.88,0.1717,5.82,2345.0,85.0
5074,142.9,7.00,24.88,0.1742,5.74,2345.0,85.0
5081,144.9,6.90,24.88,0.1717,5.82,2345.0,85.0
5088,140.8,7.10,24.88,0.1767,5.66,2345.0,85.0
5095,144.9,6.90,24.88,0.1717,5.82,2345.0,85.0
5102,144.9,6.90,24.88,0.1717,5.82,2345.0,85.0
5109,142.9,7.00,24.88,0.1742,5.74,2345.0,85.0
5116,144.9,6.90,24.88,0.1717,5.82,2345.0,85.0
5123,142.9,7.00,24.88,0.1741,5.74,2345.0,85.0
5130,144.9,6.90,24.88,0.1717,5.82,2345.0,85.0
5137,144.9,6.90,24.88,0.1716,5.82,2345.0,85.0
5144,142.9,7.00,24.88,0.1741,5.74,2345.0,85.0
5151,144.9,6.90,24.88,0.1716,5.83,2345.0,85.0
5157,144.9,6.90,24.87,0.1716,5.83,2345.0,85.0
5164,142.9,7.00,24.87,0.1741,5.75,2345.0,85.0
5171,144.9,6.90,24.87,0.1716,5.83,2345.0,85.0
5178,144.9,6.90,24.87,0.1716,5.83,2345.0,85.0
5185,142.9,7.00,24.87,0.1741,5.75,2345.0,85.0
5192,142.9,7.00,24.87,0.1741,5.75,2345.0,85.0
5199,144.9,6.90,24.87,0.1716,5.83,2345.0,85.0
5206,142.9,7.00,24.87,0.1741,5.75,2345.0,85.0
5213,142.9,7.00,24.87,0.1741,5.75,2345.0,85.0
5220,144.9,6.90,24.87,0.1716,5.83,2345.0,85.0
5227,142.9,7.00,24.87,0.1741,5.75,2345.0,85.0
5234,147.1,6.80,24.87,0.1691,5.92,2345.0,85.0
5241,142.9,7.00,24.87,0.1741,5.75,2345.0,85.0
5248,142.9,7.00,24.86,0.1741,5.75,2345.0,85.0
5255,144.9,6.90,24.86,0.1716,5.83,2345.0,85.0
5262,142.9,7.00,24.86,0.1740,5.75,2345.0,85.0
5269,144.9,6.90,24.86,0.1715,5.83,2345.0,85.0
5276,144.9,6.90,24.86,0.1715,5.83,2345.0,85.0
5283,142.9,7.00,24.86,0.1740,5.75,2345.0,85.0
5290,142.9,7.00,24.86,0.1740,5.75,2345.0,85.0
5297,142.9,7.00,24.86,0.1740,5.75,2345.0,85.0
5303,144.9,6.90,24.86,0.1715,5.83,2345.0,85.0
5310,144.9,6.90,24.86,0.1715,5.83,2345.0,85.0
5317,144.9,6.90,24.86,0.1715,5.83,2345.0,85.0
5324,142.9,7.00,24.86,0.1740,5.75,2345.0,85.0
5331,144.9,6.90,24.86,0.1716,5.83,2345.0,85.0
5338,144.9,6.90,24.86,0.1716,5.83,2345.0,85.0
5345,144.9,6.90,24.86,0.1716,5.83,2345.0,85.0
5352,142.9,7.00,24.86,0.1741,5.75,2345.0,85.0
5359,142.9,7.00,24.86,0.1741,5.75,2345.0,85.0
5366,144.9,6.90,24.87,0.1716,5.83,2345.0,85.0
5373,142.9,7.00,24.87,0.1741,5.75,2345.0,85.0
5380,144.9,6.90,24.87,0.1716,5.83,2345.0,85.0
5387,144.9,6.90,24.87,0.1716,5.83,2345.0,85.0
5394,142.9,7.00,24.87,0.1741,5.75,2345.0,85.0
5401,144.9,6.90,24.87,0.1716,5.83,2345.0,85.0
5408,142.9,7.00,24.87,0.1741,5.75,2345.0,85.0
5415,142.9,7.00,24.87,0.1741,5.75,2345.0,85.0
5421,144.9,6.90,24.87,0.1716,5.83,2345.0,85.0
5428,142.9,7.00,24.87,0.1741,5.75,2345.0,85.0
5435,144.9,6.90,24.87,0.1716,5.83,2345.0,85.0
5442,142.9,7.00,24.87,0.1741,5.75,2345.0,85.0
5449,144.9,6.90,24.87,0.1716,5.83,2345.0,85.0
5456,144.9,6.90,24.87,0.1716,5.83,2345.0,85.0
5463,142.9,7.00,24.87,0.1741,5.75,2345.0,85.0
5470,144.9,6.90,24.87,0.1716,5.83,2345.0,85.0
5477,144.9,6.90,24.87,0.1716,5.83,2345.0,85.0
5484,142.9,7.00,24.87,0.1741,5.75,2345.0,85.0
5491,142.9,7.00,24.87,0.1741,5.74,2345.0,85.0
5498,144.9,6.90,24.87,0.1716,5.83,2345.0,85.0
5505,142.9,7.00,24.88,0.1741,5.74,2345.0,85.0
5512,144.9,6.90,24.88,0.1716,5.82,2345.0,85.0
5519,144.9,6.90,24.88,0.1716,5.82,2345.0,85.0
5526,144.9,6.90,24.88,0.1716,5.82,2345.0,85.0
5533,142.9,7.00,24.88,0.1741,5.74,2345.0,85.0
5539,144.9,6.90,24.88,0.1717,5.82,2345.0,85.0
5546,144.9,6.90,24.88,0.1717,5.82,2345.0,85.0
5553,140.8,7.10,24.88,0.1766,5.66,2345.0,85.0
5560,147.1,6.80,24.88,0.1692,5.91,2345.0,85.0
5567,140.8,7.10,24.88,0.1766,5.66,2345.0,85.0
5574,144.9,6.90,24.88,0.1717,5.82,2345.0,85.0
5581,144.9,6.90,24.88,0.1717,5.82,2345.0,85.0
5588,144.9,6.90,24.88,0.1717,5.82,2345.0,85.0
5595,142.9,7.00,24.88,0.1742,5.74,2345.0,85.0
5602,144.9,6.90,24.88,0.1717,5.82,2345.0,85.0
5609,144.9,6.90,24.88,0.1717,5.82,2345.0,85.0
5616,142.9,7.00,24.88,0.1742,5.74,2345.0,85.0
5623,142.9,7.00,24.88,0.1742,5.74,2345.0,85.0
5630,144.9,6.90,24.88,0.1717,5.82,2345.0,85.0
5637,142.9,7.00,24.88,0.1742,5.74,2345.0,85.0
5644,144.9,6.90,24.88,0.1717,5.82,2345.0,85.0
5651,144.9,6.90,24.89,0.1717,5.82,2345.0,85.0
5658,142.9,7.00,24.89,0.1742,5.74,2345.0,85.0
5665,142.9,7.00,24.89,0.1742,5.74,2345.0,85.0
5671,147.1,6.80,24.89,0.1692,5.91,2345.0,85.0
5678,142.9,7.00,24.89,0.1742,5.74,2345.0,85.0
5685,144.9,6.90,24.89,0.1717,5.82,2345.0,85.0
5692,144.9,6.90,24.89,0.1717,5.82,2345.0,85.0
5699,142.9,7.00,24.89,0.1742,5.74,2345.0,85.0
5706,144.9,6.90,24.89,0.1717,5.82,2345.0,85.0
5713,144.9,6.90,24.89,0.1717,5.82,2345.0,85.0
5720,142.9,7.00,24.89,0.1742,5.74,2345.0,85.0
5727,142.9,7.00,24.89,0.1742,5.74,2345.0,85.0
5734,144.9,6.90,24.89,0.1717,5.82,2345.0,85.0
5741,142.9,7.00,24.89,0.1742,5.74,2345.0,85.0
5748,144.9,6.90,24.89,0.1718,5.82,2345.0,85.0
5755,144.9,6.90,24.89,0.1718,5.82,2345.0,85.0
5762,140.8,7.10,24.89,0.1767,5.66,2345.0,85.0
5769,147.1,6.80,24.89,0.1693,5.91,2345.0,85.0
5776,142.9,7.00,24.89,0.1743,5.74,2345.0,85.0
5782,144.9,6.90,24.89,0.1718,5.82,2345.0,85.0
5790,140.8,7.10,24.90,0.1768,5.66,2345.0,85.0
5796,144.9,6.90,24.90,0.1718,5.82,2345.0,85.0
5803,142.9,7.00,24.90,0.1743,5.74,2345.0,85.0
5810,144.9,6.90,24.90,0.1718,5.82,2345.0,85.0
5817,144.9,6.90,24.90,0.1718,5.82,2345.0,85.0
5824,140.8,7.10,24.90,0.1768,5.66,2345.0,85.0
5831,144.9,6.90,24.90,0.1718,5.82,2345.0,85.0
5838,144.9,6.90,24.90,0.1718,5.82,2345.0,85.0
5845,144.9,6.90,24.90,0.1718,5.82,2345.0,85.0
5852,147.1,6.80,24.90,0.1693,5.91,2345.0,85.0
5859,140.8,7.10,24.90,0.1768,5.65,2345.0,85.0
5866,144.9,6.90,24.90,0.1718,5.82,2345.0,85.0
5873,142.9,7.00,24.90,0.1743,5.74,2345.0,85.0
5880,147.1,6.80,24.90,0.1693,5.91,2345.0,85.0
5887,142.9,7.00,24.90,0.1743,5.74,2345.0,85.0
5894,144.9,6.90,24.90,0.1718,5.82,2345.0,85.0
5901,142.9,7.00,24.90,0.1743,5.74,2345.0,85.0
5907,144.9,6.90,24.90,0.1718,5.82,2345.0,85.0
5914,142.9,7.00,24.90,0.1743,5.74,2345.0,85.0
5921,144.9,6.90,24.90,0.1718,5.82,2345.0,85.0
5928,142.9,7.00,24.90,0.1743,5.74,2345.0,85.0
5935,144.9,6.90,24.91,0.1718,5.82,2345.0,85.0
5942,142.9,7.00,24.91,0.1743,5.74,2345.0,85.0
5949,144.9,6.90,24.91,0.1719,5.82,2345.0,85.0
5956,144.9,6.90,24.91,0.1719,5.82,2345.0,85.0
5963,142.9,7.00,24.91,0.1744,5.74,2345.0,85.0
5970,144.9,6.90,24.91,0.1719,5.82,2345.0,85.0
5977,142.9,7.00,24.91,0.1744,5.74,2345.0,85.0
5984,142.9,7.00,24.91,0.1744,5.74,2345.0,85.0
5991,144.9,6.90,24.91,0.1719,5.82,2345.0,85.0
5998,144.9,6.90,24.91,0.1719,5.82,2345.0,85.0
6005,144.9,6.90,24.91,0.1719,5.82,2345.0,85.0
6012,142.9,7.00,24.91,0.1744,5.74,2345.0,85.0
6019,144.9,6.90,24.91,0.1719,5.82,2345.0,85.0
6026,142.9,7.00,24.91,0.1744,5.74,2345.0,85.0
6032,144.9,6.90,24.91,0.1719,5.82,2345.0,85.0
6039,142.9,7.00,24.91,0.1744,5.74,2345.0,85.0
6046,142.9,7.00,24.91,0.1744,5.74,2345.0,85.0
6053,147.1,6.80,24.91,0.1694,5.90,2345.0,85.0
6060,142.9,7.00,24.91,0.1744,5.74,2345.0,85.0
6067,142.9,7.00,24.91,0.1744,5.74,2345.0,85.0
6074,144.9,6.90,24.92,0.1719,5.82,2345.0,85.0
6081,144.9,6.90,24.92,0.1719,5.82,2345.0,85.0
6088,142.9,7.00,24.92,0.1744,5.74,2345.0,85.0
6095,144.9,6.90,24.92,0.1719,5.82,2345.0,85.0
6102,142.9,7.00,24.92,0.1744,5.74,2345.0,85.0
6109,144.9,6.90,24.92,0.1719,5.82,2345.0,85.0
6116,142.9,7.00,24.92,0.1744,5.73,2345.0,85.0
6123,144.9,6.90,24.92,0.1719,5.81,2345.0,85.0
6130,144.9,6.90,24.92,0.1719,5.81,2345.0,85.0
6137,144.9,6.90,24.92,0.1719,5.81,2345.0,85.0
6144,142.9,7.00,24.92,0.1744,5.73,2345.0,85.0
6150,144.9,6.90,24.92,0.1720,5.81,2345.0,85.0
6158,140.8,7.10,24.92,0.1769,5.65,2345.0,85.0
6164,144.9,6.90,24.92,0.1720,5.81,2345.0,85.0
6171,142.9,7.00,24.92,0.1745,5.73,2345.0,85.0
6178,147.1,6.80,24.92,0.1695,5.90,2345.0,85.0
6185,140.8,7.10,24.92,0.1770,5.65,2345.0,85.0
6192,147.1,6.80,24.92,0.1695,5.90,2345.0,85.0
6199,142.9,7.00,24.92,0.1745,5.73,2345.0,85.0
6206,142.9,7.00,24.92,0.1745,5.73,2345.0,85.0
6213,144.9,6.90,24.92,0.1720,5.81,2345.0,85.0
6220,142.9,7.00,24.93,0.1745,5.73,2345.0,85.0
6227,142.9,7.00,24.93,0.1745,5.73,2345.0,85.0
6234,144.9,6.90,24.93,0.1720,5.81,2345.0,85.0
6241,142.9,7.00,24.93,0.1745,5.73,2345.0,85.0
6248,147.1,6.80,24.93,0.1695,5.90,2345.0,85.0
6255,142.9,7.00,24.93,0.1745,5.73,2345.0,85.0
6262,144.9,6.90,24.93,0.1720,5.81,2345.0,85.0
6269,142.9,7.00,24.93,0.1745,5.73,2345.0,85.0
6276,144.9,6.90,24.93,0.1720,5.81,2345.0,85.0
6283,142.9,7.00,24.93,0.1745,5.73,2345.0,85.0
6289,144.9,6.90,24.93,0.1720,5.81,2345.0,85.0
6296,142.9,7.00,24.93,0.1745,5.73,2345.0,85.0
6303,144.9,6.90,24.93,0.1720,5.81,2345.0,85.0
6310,144.9,6.90,24.92,0.1720,5.81,2345.0,85.0
6317,142.9,7.00,24.92,0.1745,5.73,2345.0,85.0
6324,142.9,7.00,24.92,0.1744,5.73,2345.0,85.0
6331,144.9,6.90,24.92,0.1719,5.81,2345.0,85.0
6338,144.9,6.90,24.92,0.1719,5.82,2345.0,85.0
6345,142.9,7.00,24.91,0.1744,5.74,2345.0,85.0
6352,142.9,7.00,24.91,0.1744,5.74,2345.0,85.0
6359,144.9,6.90,24.91,0.1719,5.82,2345.0,85.0
6366,144.9,6.90,24.91,0.1719,5.82,2345.0,85.0
6373,142.9,7.00,24.91,0.1743,5.74,2345.0,85.0
6380,147.1,6.80,24.91,0.1694,5.91,2345.0,85.0
6387,142.9,7.00,24.90,0.1743,5.74,2345.0,85.0
6394,142.9,7.00,24.90,0.1743,5.74,2345.0,85.0
6401,142.9,7.00,24.90,0.1743,5.74,2345.0,85.0
6408,144.9,6.90,24.90,0.1718,5.82,2345.0,85.0
6415,142.9,7.00,24.90,0.1743,5.74,2345.0,85.0
6421,144.9,6.90,24.89,0.1718,5.82,2345.0,85.0
6428,144.9,6.90,24.89,0.1718,5.82,2345.0,85.0
6435,144.9,6.90,24.89,0.1717,5.82,2345.0,85.0
6442,142.9,7.00,24.89,0.1742,5.74,2345.0,85.0
6449,142.9,7.00,24.89,0.1742,5.74,2345.0,85.0
6456,144.9,6.90,24.88,0.1717,5.82,2345.0,85.0
6463,142.9,7.00,24.88,0.1742,5.74,2345.0,85.0
6470,147.1,6.80,24.88,0.1692,5.91,2345.0,85.0
6477,142.9,7.00,24.88,0.1742,5.74,2345.0,85.0
6484,142.9,7.00,24.88,0.1741,5.74,2345.0,85.0
6491,144.9,6.90,24.88,0.1716,5.83,2345.0,85.0
6498,142.9,7.00,24.87,0.1741,5.75,2345.0,85.0
6505,144.9,6.90,24.87,0.1716,5.83,2345.0,85.0
6512,142.9,7.00,24.87,0.1741,5.75,2345.0,85.0
6519,144.9,6.90,24.87,0.1716,5.83,2345.0,85.0
6526,142.9,7.00,24.87,0.1741,5.75,2345.0,85.0
6533,144.9,6.90,24.86,0.1716,5.83,2345.0,85.0
6539,144.9,6.90,24.86,0.1715,5.83,2345.0,85.0
6546,142.9,7.00,24.86,0.1740,5.75,2345.0,85.0
6553,144.9,6.90,24.86,0.1715,5.83,2345.0,85.0
6560,142.9,7.00,24.86,0.1740,5.75,2345.0,85.0
6567,144.9,6.90,24.85,0.1715,5.83,2345.0,85.0
6574,144.9,6.90,24.85,0.1715,5.83,2345.0,85.0
6581,142.9,7.00,24.85,0.1740,5.75,2345.0,85.0
6588,142.9,7.00,24.85,0.1739,5.75,2345.0,85.0
6595,144.9,6.90,24.85,0.1714,5.83,2345.0,85.0
6602,144.9,6.90,24.85,0.1714,5.83,2345.0,85.0
6609,142.9,7.00,24.84,0.1739,5.75,2345.0,85.0
6616,144.9,6.90,24.84,0.1714,5.83,2345.0,85.0
6623,144.9,6.90,24.84,0.1714,5.83,2345.0,85.0
6630,142.9,7.00,24.84,0.1739,5.75,2345.0,85.0
6637,142.9,7.00,24.84,0.1739,5.75,2345.0,85.0
6644,144.9,6.90,24.83,0.1714,5.83,2345.0,85.0
6651,142.9,7.00,24.83,0.1738,5.75,2345.0,85.0
6658,144.9,6.90,24.83,0.1713,5.84,2345.0,85.0
6665,142.9,7.00,24.83,0.1738,5.76,2345.0,85.0
6671,144.9,6.90,24.83,0.1713,5.84,2345.0,85.0
6678,142.9,7.00,24.82,0.1738,5.76,2345.0,85.0
6685,144.9,6.90,24.82,0.1713,5.84,2345.0,85.0
6692,144.9,6.90,24.82,0.1713,5.84,2345.0,85.0
6699,144.9,6.90,24.82,0.1713,5.84,2345.0,85.0
6706,144.9,6.90,24.82,0.1712,5.84,2345.0,85.0
6713,142.9,7.00,24.82,0.1737,5.76,2345.0,85.0
6720,142.9,7.00,24.81,0.1737,5.76,2345.0,85.0
6727,144.9,6.90,24.81,0.1712,5.84,2345.0,85.0
6734,144.9,6.90,24.81,0.1712,5.84,2345.0,85.0
6741,142.9,7.00,24.81,0.1737,5.76,2345.0,85.0
6748,142.9,7.00,24.81,0.1736,5.76,2345.0,85.0
6755,144.9,6.90,24.80,0.1711,5.84,2345.0,85.0
6762,144.9,6.90,24.80,0.1711,5.84,2345.0,85.0
6769,142.9,7.00,24.80,0.1736,5.76,2345.0,85.0
6776,144.9,6.90,24.80,0.1711,5.84,2345.0,85.0
6782,144.9,6.90,24.80,0.1711,5.84,2345.0,85.0
6789,142.9,7.00,24.79,0.1736,5.76,2345.0,85.0
6796,142.9,7.00,24.79,0.1735,5.76,2345.0,85.0
6803,144.9,6.90,24.79,0.1711,5.84,2345.0,85.0
6810,144.9,6.90,24.79,0.1710,5.85,2345.0,85.0
6817,142.9,7.00,24.79,0.1735,5.77,2345.0,85.0
6824,144.9,6.90,24.79,0.1710,5.85,2345.0,85.0
6831,144.9,6.90,24.78,0.1710,5.85,2345.0,85.0
6838,142.9,7.00,24.78,0.1735,5.77,2345.0,85.0
6845,142.9,7.00,24.78,0.1735,5.77,2345.0,85.0
6852,144.9,6.90,24.78,0.1710,5.85,2345.0,85.0
6859,142.9,7.00,24.78,0.1734,5.77,2345.0,85.0
6866,144.9,6.90,24.77,0.1709,5.85,2345.0,85.0
6873,144.9,6.90,24.77,0.1709,5.85,2345.0,85.0
6880,144.9,6.90,24.77,0.1709,5.85,2345.0,85.0
6887,142.9,7.00,24.77,0.1734,5.77,2345.0,85.0
6894,144.9,6.90,24.77,0.1709,5.85,2345.0,85.0
6900,144.9,6.90,24.76,0.1709,5.85,2345.0,85.0
6907,142.9,7.00,24.76,0.1733,5.77,2345.0,85.0
6914,144.9,6.90,24.76,0.1709,5.85,2345.0,85.0
6921,142.9,7.00,24.76,0.1733,5.77,2345.0,85.0
6928,144.9,6.90,24.76,0.1708,5.85,2345.0,85.0
6935,142.9,7.00,24.76,0.1733,5.77,2345.0,85.0
6942,144.9,6.90,24.75,0.1708,5.85,2345.0,85.0
6949,142.9,7.00,24.75,0.1733,5.77,2345.0,85.0
6956,144.9,6.90,24.75,0.1708,5.85,2345.0,85.0
6963,142.9,7.00,24.75,0.1732,5.77,2345.0,85.0
6970,144.9,6.90,24.75,0.1707,5.86,2345.0,85.0
6977,142.9,7.00,24.74,0.1732,5.78,2345.0,85.0
6984,144.9,6.90,24.74,0.1707,5.86,2345.0,85.0
6991,142.9,7.00,24.74,0.1732,5.78,2345.0,85.0
6998,144.9,6.90,24.74,0.1707,5.86,2345.0,85.0
7005,144.9,6.90,24.74,0.1707,5.86,2345.0,85.0
7012,142.9,7.00,24.73,0.1731,5.78,2345.0,85.0
7019,144.9,6.90,24.73,0.1707,5.86,2345.0,85.0
7026,142.9,7.00,24.73,0.1731,5.78,2345.0,85.0
7032,144.9,6.90,24.73,0.1706,5.86,2345.0,85.0
7039,144.9,6.90,24.73,0.1706,5.86,2345.0,85.0
7046,142.9,7.00,24.73,0.1731,5.78,2345.0,85.0
7053,142.9,7.00,24.72,0.1731,5.78,2345.0,85.0
7060,144.9,6.90,24.72,0.1706,5.86,2345.0,85.0
7067,144.9,6.90,24.72,0.1706,5.86,2345.0,85.0
7074,142.9,7.00,24.72,0.1730,5.78,2345.0,85.0
7081,144.9,6.90,24.72,0.1705,5.86,2345.0,85.0
7088,142.9,7.00,24.71,0.1730,5.78,2345.0,85.0
7095,144.9,6.90,24.71,0.1705,5.86,2345.0,85.0
7102,142.9,7.00,24.71,0.1730,5.78,2345.0,85.0
7109,142.9,7.00,24.71,0.1730,5.78,2345.0,85.0
7116,144.9,6.90,24.71,0.1705,5.86,2345.0,85.0
7123,144.9,6.90,24.70,0.1705,5.87,2345.0,85.0
7130,144.9,6.90,24.70,0.1704,5.87,2345.0,85.0
7137,142.9,7.00,24.70,0.1729,5.79,2345.0,85.0
7144,144.9,6.90,24.70,0.1704,5.87,2345.0,85.0
7151,142.9,7.00,24.70,0.1729,5.79,2345.0,85.0
7157,144.9,6.90,24.70,0.1704,5.87,2345.0,85.0
7164,142.9,7.00,24.69,0.1729,5.79,2345.0,85.0
7171,144.9,6.90,24.69,0.1704,5.87,2345.0,85.0
7178,142.9,7.00,24.69,0.1728,5.79,2345.0,85.0
7185,142.9,7.00,24.69,0.1728,5.79,2345.0,85.0
7192,147.1,6.80,24.69,0.1679,5.96,2345.0,85.0
7199,140.8,7.10,24.68,0.1753,5.70,2345.0,85.0
7206,144.9,6.90,24.68,0.1703,5.87,2345.0,85.0
7213,144.9,6.90,24.68,0.1703,5.87,2345.0,85.0
7220,142.9,7.00,24.68,0.1727,5.79,2345.0,85.0
7227,142.9,7.00,24.68,0.1727,5.79,2345.0,85.0
7234,144.9,6.90,24.67,0.1703,5.87,2345.0,85.0
7241,142.9,7.00,24.67,0.1727,5.79,2345.0,85.0
7248,144.9,6.90,24.67,0.1702,5.87,2345.0,85.0
7255,144.9,6.90,24.67,0.1702,5.87,2345.0,85.0
7262,144.9,6.90,24.67,0.1702,5.87,2345.0,85.0
7269,142.9,7.00,24.67,0.1727,5.79,2345.0,85.0
7276,142.9,7.00,24.66,0.1726,5.79,2345.0,85.0
7283,144.9,6.90,24.66,0.1702,5.88,2345.0,85.0
7289,144.9,6.90,24.66,0.1702,5.88,2345.0,85.0
7296,144.9,6.90,24.66,0.1701,5.88,2345.0,85.0
7303,140.8,7.10,24.66,0.1751,5.71,2345.0,85.0
7310,147.1,6.80,24.66,0.1677,5.97,2345.0,85.0
7317,142.9,7.00,24.66,0.1726,5.80,2345.0,85.0
7324,147.1,6.80,24.66,0.1677,5.97,2345.0,85.0
7331,142.9,7.00,24.66,0.1726,5.80,2345.0,85.0
7338,142.9,7.00,24.66,0.1726,5.80,2345.0,85.0
7345,144.9,6.90,24.65,0.1701,5.88,2345.0,85.0
7352,144.9,6.90,24.65,0.1701,5.88,2345.0,85.0
7359,142.9,7.00,24.65,0.1726,5.80,2345.0,85.0
7366,142.9,7.00,24.65,0.1726,5.80,2345.0,85.0
7373,144.9,6.90,24.65,0.1701,5.88,2345.0,85.0
7380,144.9,6.90,24.65,0.1701,5.88,2345.0,85.0
7387,142.9,7.00,24.65,0.1726,5.80,2345.0,85.0
7394,142.9,7.00,24.65,0.1725,5.80,2345.0,85.0
7401,144.9,6.90,24.65,0.1701,5.88,2345.0,85.0
7408,142.9,7.00,24.65,0.1725,5.80,2345.0,85.0
7415,142.9,7.00,24.65,0.1725,5.80,2345.0,85.0
7421,144.9,6.90,24.65,0.1701,5.88,2345.0,85.0
7428,144.9,6.90,24.65,0.1701,5.88,2345.0,85.0
7435,142.9,7.00,24.65,0.1725,5.80,2345.0,85.0
7442,144.9,6.90,24.64,0.1700,5.88,2345.0,85.0
7449,142.9,7.00,24.64,0.1725,5.80,2345.0,85.0
7456,144.9,6.90,24.64,0.1700,5.88,2345.0,85.0
7463,144.9,6.90,24.64,0.1700,5.88,2345.0,85.0
7470,142.9,7.00,24.64,0.1725,5.80,2345.0,85.0
7477,144.9,6.90,24.64,0.1700,5.88,2345.0,85.0
7484,142.9,7.00,24.64,0.1725,5.80,2345.0,85.0
7491,142.9,7.00,24.64,0.1725,5.80,2345.0,85.0
7498,147.1,6.80,24.64,0.1675,5.97,2345.0,85.0
7505,142.9,7.00,24.64,0.1725,5.80,2345.0,85.0
7512,144.9,6.90,24.64,0.1700,5.88,2345.0,85.0
7519,144.9,6.90,24.64,0.1700,5.88,2345.0,85.0
7526,142.9,7.00,24.64,0.1725,5.80,2345.0,85.0
7533,140.8,7.10,24.64,0.1749,5.72,2345.0,85.0
7539,147.1,6.80,24.63,0.1675,5.97,2345.0,85.0
7547,140.8,7.10,24.63,0.1749,5.72,2345.0,85.0
7553,144.9,6.90,24.63,0.1700,5.88,2345.0,85.0
7560,144.9,6.90,24.63,0.1700,5.88,2345.0,85.0
7567,144.9,6.90,24.63,0.1700,5.88,2345.0,85.0
7574,142.9,7.00,24.63,0.1724,5.80,2345.0,85.0
7581,144.9,6.90,24.63,0.1700,5.88,2345.0,85.0
7588,142.9,7.00,24.63,0.1724,5.80,2345.0,85.0
7595,144.9,6.90,24.63,0.1699,5.88,2345.0,85.0
7602,142.9,7.00,24.63,0.1724,5.80,2345.0,85.0
7609,144.9,6.90,24.63,0.1699,5.88,2345.0,85.0
7616,142.9,7.00,24.63,0.1724,5.80,2345.0,85.0
7623,142.9,7.00,24.63,0.1724,5.80,2345.0,85.0
7630,147.1,6.80,24.63,0.1675,5.97,2345.0,85.0
7637,147.1,6.80,24.63,0.1675,5.97,2345.0,85.0
7644,140.8,7.10,24.62,0.1748,5.72,2345.0,85.0
7651,144.9,6.90,24.62,0.1699,5.88,2345.0,85.0
7658,142.9,7.00,24.62,0.1724,5.80,2345.0,85.0
7664,144.9,6.90,24.62,0.1699,5.88,2345.0,85.0
7671,142.9,7.00,24.62,0.1724,5.80,2345.0,85.0
7678,144.9,6.90,24.62,0.1699,5.89,2345.0,85.0
7685,142.9,7.00,24.62,0.1723,5.80,2345.0,85.0
7692,144.9,6.90,24.62,0.1699,5.89,2345.0,85.0
7699,142.9,7.00,24.62,0.1723,5.80,2345.0,85.0
7706,144.9,6.90,24.62,0.1699,5.89,2345.0,85.0
7713,147.1,6.80,24.62,0.1674,5.98,2345.0,85.0
7720,142.9,7.00,24.62,0.1723,5.80,2345.0,85.0
7727,142.9,7.00,24.62,0.1723,5.81,2345.0,85.0
7734,144.9,6.90,24.62,0.1698,5.89,2345.0,85.0
7741,142.9,7.00,24.61,0.1723,5.81,2345.0,85.0
7748,144.9,6.90,24.61,0.1698,5.89,2345.0,85.0
7755,144.9,6.90,24.61,0.1698,5.89,2345.0,85.0
7762,142.9,7.00,24.61,0.1723,5.81,2345.0,85.0
7769,144.9,6.90,24.61,0.1698,5.89,2345.0,85.0
7776,142.9,7.00,24.61,0.1723,5.81,2345.0,85.0
7782,144.9,6.90,24.61,0.1698,5.89,2345.0,85.0
7789,144.9,6.90,24.61,0.1698,5.89,2345.0,85.0
7796,142.9,7.00,24.61,0.1723,5.81,2345.0,85.0
7803,144.9,6.90,24.61,0.1698,5.89,2345.0,85.0
7810,142.9,7.00,24.61,0.1723,5.81,2345.0,85.0
7817,144.9,6.90,24.61,0.1698,5.89,2345.0,85.0
7824,142.9,7.00,24.61,0.1722,5.81,2345.0,85.0
7831,142.9,7.00,24.61,0.1722,5.81,2345.0,85.0
7838,147.1,6.80,24.61,0.1673,5.98,2345.0,85.0
7845,142.9,7.00,24.60,0.1722,5.81,2345.0,85.0
7852,142.9,7.00,24.60,0.1722,5.81,2345.0,85.0
7859,144.9,6.90,24.60,0.1698,5.89,2345.0,85.0
7866,144.9,6.90,24.60,0.1698,5.89,2345.0,85.0
7873,144.9,6.90,24.60,0.1698,5.89,2345.0,85.0
7880,142.9,7.00,24.60,0.1722,5.81,2345.0,85.0
7887,142.9,7.00,24.60,0.1722,5.81,2345.0,85.0
7894,144.9,6.90,24.60,0.1697,5.89,2345.0,85.0
7900,144.9,6.90,24.60,0.1697,5.89,2345.0,85.0
7907,142.9,7.00,24.60,0.1722,5.81,2345.0,85.0
7914,144.9,6.90,24.60,0.1697,5.89,2345.0,85.0
7921,144.9,6.90,24.60,0.1697,5.89,2345.0,85.0
7928,142.9,7.00,24.60,0.1722,5.81,2345.0,85.0
7935,144.9,6.90,24.60,0.1697,5.89,2345.0,85.0
7942,142.9,7.00,24.59,0.1722,5.81,2345.0,85.0
7949,144.9,6.90,24.59,0.1697,5.89,2345.0,85.0
7956,142.9,7.00,24.59,0.1722,5.81,2345.0,85.0
7963,142.9,7.00,24.59,0.1721,5.81,2345.0,85.0
7970,144.9,6.90,24.59,0.1697,5.89,2345.0,85.0
7977,142.9,7.00,24.59,0.1721,5.81,2345.0,85.0
7984,142.9,7.00,24.59,0.1721,5.81,2345.0,85.0
7991,147.1,6.80,24.59,0.1672,5.98,2345.0,85.0
7998,144.9,6.90,24.59,0.1697,5.89,2345.0,85.0
8005,142.9,7.00,24.59,0.1721,5.81,2345.0,85.0
8012,144.9,6.90,24.59,0.1697,5.89,2345.0,85.0
8019,142.9,7.00,24.59,0.1721,5.81,2345.0,85.0
8026,142.9,7.00,24.59,0.1721,5.81,2345.0,85.0
8032,144.9,6.90,24.59,0.1696,5.89,2345.0,85.0
8039,144.9,6.90,24.58,0.1696,5.89,2345.0,85.0
8046,142.9,7.00,24.58,0.1721,5.81,2345.0,85.0
8053,144.9,6.90,24.58,0.1696,5.89,2345.0,85.0
8060,142.9,7.00,24.58,0.1721,5.81,2345.0,85.0
8067,144.9,6.90,24.58,0.1696,5.89,2345.0,85.0
8074,142.9,7.00,24.58,0.1721,5.81,2345.0,85.0
8081,144.9,6.90,24.58,0.1696,5.89,2345.0,85.0
8088,142.9,7.00,24.58,0.1721,5.81,2345.0,85.0
8095,144.9,6.90,24.58,0.1696,5.90,2345.0,85.0
8102,144.9,6.90,24.58,0.1696,5.90,2345.0,85.0
8109,142.9,7.00,24.58,0.1720,5.81,2345.0,85.0
8116,144.9,6.90,24.58,0.1696,5.90,2345.0,85.0
8123,142.9,7.00,24.58,0.1720,5.81,2345.0,85.0
8130,147.1,6.80,24.58,0.1671,5.99,2345.0,85.0
8137,142.9,7.00,24.58,0.1720,5.81,2345.0,85.0
8144,142.9,7.00,24.57,0.1720,5.81,2345.0,85.0
8151,142.9,7.00,24.57,0.1720,5.82,2345.0,85.0
8157,144.9,6.90,24.57,0.1696,5.90,2345.0,85.0
8164,142.9,7.00,24.57,0.1720,5.82,2345.0,85.0
8171,144.9,6.90,24.57,0.1695,5.90,2345.0,85.0
8178,144.9,6.90,24.57,0.1695,5.90,2345.0,85.0
8185,142.9,7.00,24.57,0.1720,5.82,2345.0,85.0
8192,144.9,6.90,24.57,0.1695,5.90,2345.0,85.0
8199,144.9,6.90,24.57,0.1695,5.90,2345.0,85.0
8206,140.8,7.10,24.57,0.1744,5.73,2345.0,85.0
8213,147.1,6.80,24.57,0.1671,5.99,2345.0,85.0
8220,142.9,7.00,24.57,0.1720,5.82,2345.0,85.0
8227,144.9,6.90,24.57,0.1695,5.90,2345.0,85.0
8234,142.9,7.00,24.57,0.1720,5.82,2345.0,85.0
8241,144.9,6.90,24.56,0.1695,5.90,2345.0,85.0
8248,144.9,6.90,24.56,0.1695,5.90,2345.0,85.0
8255,142.9,7.00,24.56,0.1719,5.82,2345.0,85.0
8262,142.9,7.00,24.56,0.1719,5.82,2345.0,85.0
8269,144.9,6.90,24.56,0.1695,5.90,2345.0,85.0
8276,142.9,7.00,24.56,0.1719,5.82,2345.0,85.0
8283,142.9,7.00,24.56,0.1719,5.82,2345.0,85.0
8289,144.9,6.90,24.56,0.1695,5.90,2345.0,85.0
8296,144.9,6.90,24.56,0.1695,5.90,2345.0,85.0
8303,142.9,7.00,24.56,0.1719,5.82,2345.0,85.0
8310,144.9,6.90,24.56,0.1694,5.90,2345.0,85.0
8317,144.9,6.90,24.56,0.1694,5.90,2345.0,85.0
8324,140.8,7.10,24.55,0.1743,5.73,2345.0,85.0
8331,144.9,6.90,24.55,0.1694,5.90,2345.0,85.0
8338,142.9,7.00,24.55,0.1719,5.82,2345.0,85.0
8345,144.9,6.90,24.55,0.1694,5.90,2345.0,85.0
8352,147.1,6.80,24.55,0.1669,5.99,2345.0,85.0
8359,142.9,7.00,24.55,0.1718,5.82,2345.0,85.0
8366,142.9,7.00,24.55,0.1718,5.82,2345.0,85.0
8373,144.9,6.90,24.55,0.1694,5.90,2345.0,85.0
8380,144.9,6.90,24.55,0.1694,5.90,2345.0,85.0
8387,144.9,6.90,24.55,0.1694,5.90,2345.0,85.0
8394,140.8,7.10,24.54,0.1743,5.74,2345.0,85.0
8401,144.9,6.90,24.54,0.1693,5.90,2345.0,85.0
8407,144.9,6.90,24.54,0.1693,5.90,2345.0,85.0
8414,142.9,7.00,24.54,0.1718,5.82,2345.0,85.0
8421,144.9,6.90,24.54,0.1693,5.90,2345.0,85.0
8428,144.9,6.90,24.54,0.1693,5.90,2345.0,85.0
8435,142.9,7.00,24.54,0.1718,5.82,2345.0,85.0
8442,142.9,7.00,24.54,0.1718,5.82,2345.0,85.0
8449,144.9,6.90,24.54,0.1693,5.91,2345.0,85.0
8456,144.9,6.90,24.53,0.1693,5.91,2345.0,85.0
8463,142.9,7.00,24.53,0.1717,5.82,2345.0,85.0
8470,144.9,6.90,24.53,0.1693,5.91,2345.0,85.0
8477,142.9,7.00,24.53,0.1717,5.83,2345.0,85.0
8484,144.9,6.90,24.53,0.1693,5.91,2345.0,85.0
8491,142.9,7.00,24.53,0.1717,5.83,2345.0,85.0
8498,144.9,6.90,24.53,0.1692,5.91,2345.0,85.0
8505,142.9,7.00,24.53,0.1717,5.83,2345.0,85.0
8512,144.9,6.90,24.53,0.1692,5.91,2345.0,85.0
8519,142.9,7.00,24.53,0.1717,5.83,2345.0,85.0
8526,144.9,6.90,24.52,0.1692,5.91,2345.0,85.0
8532,144.9,6.90,24.52,0.1692,5.91,2345.0,85.0
8539,144.9,6.90,24.52,0.1692,5.91,2345.0,85.0
8546,142.9,7.00,24.52,0.1716,5.83,2345.0,85.0
8553,142.9,7.00,24.52,0.1716,5.83,2345.0,85.0
8560,142.9,7.00,24.52,0.1716,5.83,2345.0,85.0
8567,144.9,6.90,24.52,0.1692,5.91,2345.0,85.0
8574,144.9,6.90,24.52,0.1692,5.91,2345.0,85.0
8581,144.9,6.90,24.52,0.1692,5.91,2345.0,85.0
8588,142.9,7.00,24.52,0.1716,5.83,2345.0,85.0
8595,144.9,6.90,24.51,0.1691,5.91,2345.0,85.0
8602,142.9,7.00,24.51,0.1716,5.83,2345.0,85.0
8609,144.9,6.90,24.51,0.1691,5.91,2345.0,85.0
8616,142.9,7.00,24.51,0.1716,5.83,2345.0,85.0
8623,147.1,6.80,24.51,0.1667,6.00,2345.0,85.0
8630,140.8,7.10,24.51,0.1740,5.74,2345.0,85.0
8637,147.1,6.80,24.51,0.1667,6.00,2345.0,85.0
8644,142.9,7.00,24.51,0.1715,5.83,2345.0,85.0
8650,144.9,6.90,24.51,0.1691,5.91,2345.0,85.0
8657,142.9,7.00,24.50,0.1715,5.83,2345.0,85.0
8664,144.9,6.90,24.50,0.1691,5.91,2345.0,85.0
8671,142.9,7.00,24.50,0.1715,5.83,2345.0,85.0
8678,142.9,7.00,24.50,0.1715,5.83,2345.0,85.0
8685,144.9,6.90,24.50,0.1691,5.91,2345.0,85.0
8692,144.9,6.90,24.50,0.1690,5.91,2345.0,85.0
8699,144.9,6.90,24.50,0.1690,5.91,2345.0,85.0
8706,142.9,7.00,24.50,0.1715,5.83,2345.0,85.0
8713,142.9,7.00,24.50,0.1715,5.83,2345.0,85.0
8720,144.9,6.90,24.50,0.1690,5.92,2345.0,85.0
8727,140.8,7.10,24.49,0.1739,5.75,2345.0,85.0
8734,147.1,6.80,24.49,0.1666,6.01,2345.0,85.0
8741,142.9,7.00,24.49,0.1714,5.83,2345.0,85.0
8748,142.9,7.00,24.49,0.1714,5.83,2345.0,85.0
8755,147.1,6.80,24.49,0.1665,6.01,2345.0,85.0
8762,142.9,7.00,24.49,0.1714,5.84,2345.0,85.0
8769,142.9,7.00,24.49,0.1714,5.84,2345.0,85.0
8776,144.9,6.90,24.49,0.1690,5.92,2345.0,85.0
8783,142.9,7.00,24.49,0.1714,5.84,2345.0,85.0
8789,144.9,6.90,24.48,0.1689,5.92,2345.0,85.0
8796,144.9,6.90,24.48,0.1689,5.92,2345.0,85.0
8803,142.9,7.00,24.48,0.1714,5.84,2345.0,85.0
8810,147.1,6.80,24.48,0.1665,6.01,2345.0,85.0
8817,142.9,7.00,24.48,0.1714,5.84,2345.0,85.0
8824,142.9,7.00,24.48,0.1714,5.84,2345.0,85.0
8831,144.9,6.90,24.48,0.1689,5.92,2345.0,85.0
8838,144.9,6.90,24.48,0.1689,5.92,2345.0,85.0
8845,142.9,7.00,24.48,0.1713,5.84,2345.0,85.0
8852,144.9,6.90,24.48,0.1689,5.92,2345.0,85.0
8859,142.9,7.00,24.47,0.1713,5.84,2345.0,85.0
8866,144.9,6.90,24.47,0.1689,5.92,2345.0,85.0
8873,140.8,7.10,24.47,0.1738,5.75,2345.0,85.0
8880,147.1,6.80,24.47,0.1664,6.01,2345.0,85.0
8887,144.9,6.90,24.47,0.1688,5.92,2345.0,85.0
8894,142.9,7.00,24.47,0.1713,5.84,2345.0,85.0
8900,144.9,6.90,24.47,0.1688,5.92,2345.0,85.0
8907,144.9,6.90,24.47,0.1688,5.92,2345.0,85.0
8914,142.9,7.00,24.47,0.1713,5.84,2345.0,85.0
8921,144.9,6.90,24.47,0.1688,5.92,2345.0,85.0
8928,142.9,7.00,24.46,0.1712,5.84,2345.0,85.0
8935,142.9,7.00,24.46,0.1712,5.84,2345.0,85.0
8942,144.9,6.90,24.46,0.1688,5.92,2345.0,85.0
8949,144.9,6.90,24.46,0.1688,5.92,2345.0,85.0
8956,144.9,6.90,24.46,0.1688,5.92,2345.0,85.0
8963,142.9,7.00,24.46,0.1712,5.84,2345.0,85.0
8970,144.9,6.90,24.46,0.1688,5.92,2345.0,85.0
8977,142.9,7.00,24.46,0.1712,5.84,2345.0,85.0
8984,142.9,7.00,24.46,0.1712,5.84,2345.0,85.0
8991,142.9,7.00,24.45,0.1712,5.84,2345.0,85.0
8998,144.9,6.90,24.45,0.1687,5.93,2345.0,85.0
9005,144.9,6.90,24.45,0.1687,5.93,2345.0,85.0
9012,142.9,7.00,24.45,0.1712,5.84,2345.0,85.0
9019,144.9,6.90,24.45,0.1687,5.93,2345.0,85.0
9026,142.9,7.00,24.45,0.1711,5.84,2345.0,85.0
9032,144.9,6.90,24.45,0.1687,5.93,2345.0,85.0
9039,142.9,7.00,24.45,0.1711,5.85,2345.0,85.0
9046,144.9,6.90,24.45,0.1687,5.93,2345.0,85.0
9053,144.9,6.90,24.45,0.1687,5.93,2345.0,85.0
9060,142.9,7.00,24.44,0.1711,5.85,2345.0,85.0
9067,144.9,6.90,24.44,0.1687,5.93,2345.0,85.0
9074,144.9,6.90,24.44,0.1687,5.93,2345.0,85.0
9081,142.9,7.00,24.44,0.1711,5.85,2345.0,85.0
9088,142.9,7.00,24.44,0.1711,5.85,2345.0,85.0
9095,144.9,6.90,24.44,0.1686,5.93,2345.0,85.0
9102,142.9,7.00,24.44,0.1711,5.85,2345.0,85.0
9109,144.9,6.90,24.44,0.1686,5.93,2345.0,85.0
9116,142.9,7.00,24.44,0.1711,5.85,2345.0,85.0
9123,142.9,7.00,24.43,0.1710,5.85,2345.0,85.0
9130,149.3,6.70,24.43,0.1637,6.11,2345.0,85.0
9137,142.9,7.00,24.43,0.1710,5.85,2345.0,85.0
9144,142.9,7.00,24.43,0.1710,5.85,2345.0,85.0
9150,144.9,6.90,24.43,0.1686,5.93,2345.0,85.0
9157,144.9,6.90,24.43,0.1686,5.93,2345.0,85.0
9164,142.9,7.00,24.43,0.1710,5.85,2345.0,85.0
9171,142.9,7.00,24.43,0.1710,5.85,2345.0,85.0
9178,144.9,6.90,24.43,0.1685,5.93,2345.0,85.0
9185,144.9,6.90,24.43,0.1685,5.93,2345.0,85.0
9192,142.9,7.00,24.42,0.1710,5.85,2345.0,85.0
9199,144.9,6.90,24.42,0.1685,5.93,2345.0,85.0
9206,142.9,7.00,24.42,0.1710,5.85,2345.0,85.0
9213,144.9,6.90,24.42,0.1685,5.93,2345.0,85.0
9220,144.9,6.90,24.42,0.1685,5.93,2345.0,85.0
9227,142.9,7.00,24.42,0.1709,5.85,2345.0,85.0
9234,142.9,7.00,24.42,0.1709,5.85,2345.0,85.0
9241,144.9,6.90,24.42,0.1685,5.93,2345.0,85.0
9248,144.9,6.90,24.42,0.1685,5.93,2345.0,85.0
9255,142.9,7.00,24.41,0.1709,5.85,2345.0,85.0
9262,144.9,6.90,24.41,0.1685,5.94,2345.0,85.0
9269,140.8,7.10,24.41,0.1733,5.77,2345.0,85.0
9276,144.9,6.90,24.41,0.1684,5.94,2345.0,85.0
9282,144.9,6.90,24.41,0.1684,5.94,2345.0,85.0
9289,142.9,7.00,24.41,0.1709,5.85,2345.0,85.0
9296,142.9,7.00,24.41,0.1709,5.85,2345.0,85.0
9303,144.9,6.90,24.41,0.1684,5.94,2345.0,85.0
9310,144.9,6.90,24.41,0.1684,5.94,2345.0,85.0
9317,142.9,7.00,24.41,0.1709,5.85,2345.0,85.0
9324,142.9,7.00,24.41,0.1709,5.85,2345.0,85.0
9331,147.1,6.80,24.41,0.1660,6.03,2345.0,85.0
9338,142.9,7.00,24.41,0.1709,5.85,2345.0,85.0
9345,147.1,6.80,24.41,0.1660,6.03,2345.0,85.0
9352,140.8,7.10,24.41,0.1733,5.77,2345.0,85.0
9359,144.9,6.90,24.41,0.1684,5.94,2345.0,85.0
9366,142.9,7.00,24.41,0.1709,5.85,2345.0,85.0
9373,144.9,6.90,24.41,0.1684,5.94,2345.0,85.0
9380,144.9,6.90,24.41,0.1684,5.94,2345.0,85.0
9387,144.9,6.90,24.41,0.1684,5.94,2345.0,85.0
9394,142.9,7.00,24.41,0.1709,5.85,2345.0,85.0
9401,142.9,7.00,24.41,0.1709,5.85,2345.0,85.0
9408,142.9,7.00,24.41,0.1709,5.85,2345.0,85.0
9414,144.9,6.90,24.41,0.1685,5.94,2345.0,85.0
9421,142.9,7.00,24.41,0.1709,5.85,2345.0,85.0
9428,144.9,6.90,24.41,0.1685,5.94,2345.0,85.0
9435,144.9,6.90,24.41,0.1685,5.94,2345.0,85.0
9442,144.9,6.90,24.41,0.1685,5.93,2345.0,85.0
9449,142.9,7.00,24.41,0.1709,5.85,2345.0,85.0
9456,142.9,7.00,24.42,0.1709,5.85,2345.0,85.0
9463,144.9,6.90,24.42,0.1685,5.93,2345.0,85.0
9470,142.9,7.00,24.42,0.1709,5.85,2345.0,85.0
9477,144.9,6.90,24.42,0.1685,5.93,2345.0,85.0
9484,142.9,7.00,24.42,0.1709,5.85,2345.0,85.0
9491,144.9,6.90,24.42,0.1685,5.93,2345.0,85.0
9498,142.9,7.00,24.42,0.1709,5.85,2345.0,85.0
9505,142.9,7.00,24.42,0.1709,5.85,2345.0,85.0
9512,144.9,6.90,24.42,0.1685,5.93,2345.0,85.0
9519,142.9,7.00,24.42,0.1709,5.85,2345.0,85.0
9526,147.1,6.80,24.42,0.1660,6.02,2345.0,85.0
9533,142.9,7.00,24.42,0.1709,5.85,2345.0,85.0
9539,144.9,6.90,24.42,0.1685,5.93,2345.0,85.0
9546,142.9,7.00,24.42,0.1709,5.85,2345.0,85.0
9553,144.9,6.90,24.42,0.1685,5.93,2345.0,85.0
9560,142.9,7.00,24.42,0.1709,5.85,2345.0,85.0
9567,144.9,6.90,24.42,0.1685,5.93,2345.0,85.0
9574,144.9,6.90,24.42,0.1685,5.93,2345.0,85.0
9581,142.9,7.00,24.42,0.1709,5.85,2345.0,85.0
9588,144.9,6.90,24.42,0.1685,5.93,2345.0,85.0
9595,144.9,6.90,24.42,0.1685,5.93,2345.0,85.0
9602,142.9,7.00,24.42,0.1709,5.85,2345.0,85.0
9609,147.1,6.80,24.42,0.1661,6.02,2345.0,85.0
9616,140.8,7.10,24.42,0.1734,5.77,2345.0,85.0
9623,144.9,6.90,24.42,0.1685,5.93,2345.0,85.0
9630,144.9,6.90,24.42,0.1685,5.93,2345.0,85.0
9637,144.9,6.90,24.42,0.1685,5.93,2345.0,85.0
9644,142.9,7.00,24.42,0.1709,5.85,2345.0,85.0
9650,144.9,6.90,24.42,0.1685,5.93,2345.0,85.0
9657,142.9,7.00,24.42,0.1709,5.85,2345.0,85.0
9664,142.9,7.00,24.42,0.1709,5.85,2345.0,85.0
9671,142.9,7.00,24.42,0.1710,5.85,2345.0,85.0
9678,144.9,6.90,24.42,0.1685,5.93,2345.0,85.0
9685,144.9,6.90,24.42,0.1685,5.93,2345.0,85.0
9692,144.9,6.90,24.42,0.1685,5.93,2345.0,85.0
9699,142.9,7.00,24.42,0.1710,5.85,2345.0,85.0
9706,142.9,7.00,24.42,0.1710,5.85,2345.0,85.0
9713,144.9,6.90,24.42,0.1685,5.93,2345.0,85.0
9720,144.9,6.90,24.42,0.1685,5.93,2345.0,85.0
9727,142.9,7.00,24.42,0.1710,5.85,2345.0,85.0
9734,142.9,7.00,24.42,0.1710,5.85,2345.0,85.0
9741,144.9,6.90,24.42,0.1685,5.93,2345.0,85.0
9748,144.9,6.90,24.42,0.1685,5.93,2345.0,85.0
9755,142.9,7.00,24.42,0.1710,5.85,2345.0,85.0
9762,144.9,6.90,24.42,0.1685,5.93,2345.0,85.0
9769,142.9,7.00,24.42,0.1710,5.85,2345.0,85.0
9776,144.9,6.90,24.42,0.1685,5.93,2345.0,85.0
9782,144.9,6.90,24.42,0.1685,5.93,2345.0,85.0
9789,142.9,7.00,24.43,0.1710,5.85,2345.0,85.0
9796,144.9,6.90,24.43,0.1685,5.93,2345.0,85.0
9803,144.9,6.90,24.43,0.1685,5.93,2345.0,85.0
9810,142.9,7.00,24.43,0.1710,5.85,2345.0,85.0
9817,142.9,7.00,24.43,0.1710,5.85,2345.0,85.0
9824,144.9,6.90,24.43,0.1685,5.93,2345.0,85.0
9831,144.9,6.90,24.43,0.1685,5.93,2345.0,85.0
9838,142.9,7.00,24.43,0.1710,5.85,2345.0,85.0
9845,144.9,6.90,24.43,0.1685,5.93,2345.0,85.0
9852,142.9,7.00,24.43,0.1710,5.85,2345.0,85.0
9859,144.9,6.90,24.43,0.1685,5.93,2345.0,85.0
9866,144.9,6.90,24.43,0.1685,5.93,2345.0,85.0
9873,144.9,6.90,24.43,0.1686,5.93,2345.0,85.0
9880,142.9,7.00,24.43,0.1710,5.85,2345.0,85.0
9887,142.9,7.00,24.43,0.1710,5.85,2345.0,85.0
9893,147.1,6.80,24.43,0.1661,6.02,2345.0,85.0
9900,142.9,7.00,24.43,0.1710,5.85,2345.0,85.0
9907,142.9,7.00,24.43,0.1710,5.85,2345.0,85.0
9914,144.9,6.90,24.43,0.1686,5.93,2345.0,85.0
9921,142.9,7.00,24.43,0.1710,5.85,2345.0,85.0
9928,147.1,6.80,24.43,0.1661,6.02,2345.0,85.0
9935,140.8,7.10,24.43,0.1734,5.76,2345.0,85.0
9942,147.1,6.80,24.43,0.1661,6.02,2345.0,85.0
9949,142.9,7.00,24.43,0.1710,5.85,2345.0,85.0
9956,142.9,7.00,24.43,0.1710,5.85,2345.0,85.0
9963,144.9,6.90,24.43,0.1686,5.93,2345.0,85.0
9970,144.9,6.90,24.43,0.1686,5.93,2345.0,85.0
9977,142.9,7.00,24.43,0.1710,5.85,2345.0,85.0
9984,142.9,7.00,24.43,0.1710,5.85,2345.0,85.0
9991,147.1,6.80,24.43,0.1661,6.02,2345.0,85.0
9998,140.8,7.10,24.43,0.1735,5.76,2345.0,85.0
10005,144.9,6.90,24.43,0.1686,5.93,2345.0,85.0
10012,144.9,6.90,24.43,0.1686,5.93,2345.0,85.0
10019,142.9,7.00,24.43,0.1710,5.85,2345.0,85.0
10025,144.9,6.90,24.43,0.1686,5.93,2345.0,85.0
10032,142.9,7.00,24.43,0.1710,5.85,2345.0,85.0
10039,144.9,6.90,24.43,0.1686,5.93,2345.0,85.0
10046,144.9,6.90,24.43,0.1686,5.93,2345.0,85.0
10053,142.9,7.00,24.43,0.1710,5.85,2345.0,85.0
10060,144.9,6.90,24.43,0.1686,5.93,2345.0,85.0
10067,142.9,7.00,24.43,0.1710,5.85,2345.0,85.0
10074,144.9,6.90,24.43,0.1686,5.93,2345.0,85.0
10081,142.9,7.00,24.43,0.1710,5.85,2345.0,85.0
10088,144.9,6.90,24.43,0.1686,5.93,2345.0,85.0
10095,142.9,7.00,24.43,0.1710,5.85,2345.0,85.0
10102,144.9,6.90,24.43,0.1686,5.93,2345.0,85.0
10109,142.9,7.00,24.43,0.1710,5.85,2345.0,85.0
10116,144.9,6.90,24.43,0.1686,5.93,2345.0,85.0
10123,144.9,6.90,24.44,0.1686,5.93,2345.0,85.0
10130,142.9,7.00,24.44,0.1710,5.85,2345.0,85.0
10137,144.9,6.90,24.44,0.1686,5.93,2345.0,85.0
10144,142.9,7.00,24.44,0.1710,5.85,2345.0,85.0
10150,147.1,6.80,24.44,0.1662,6.02,2345.0,85.0
10157,142.9,7.00,24.44,0.1711,5.85,2345.0,85.0
10164,142.9,7.00,24.44,0.1711,5.85,2345.0,85.0
10171,144.9,6.90,24.44,0.1686,5.93,2345.0,85.0
10178,142.9,7.00,24.44,0.1711,5.85,2345.0,85.0
10185,144.9,6.90,24.44,0.1686,5.93,2345.0,85.0
10192,144.9,6.90,24.44,0.1686,5.93,2345.0,85.0
10199,140.8,7.10,24.44,0.1735,5.76,2345.0,85.0
10206,144.9,6.90,24.44,0.1686,5.93,2345.0,85.0
10213,142.9,7.00,24.44,0.1711,5.85,2345.0,85.0
10220,144.9,6.90,24.44,0.1686,5.93,2345.0,85.0
10227,144.9,6.90,24.44,0.1686,5.93,2345.0,85.0
10234,142.9,7.00,24.44,0.1711,5.85,2345.0,85.0
10241,144.9,6.90,24.44,0.1686,5.93,2345.0,85.0
10248,144.9,6.90,24.44,0.1686,5.93,2345.0,85.0
10255,142.9,7.00,24.44,0.1711,5.85,2345.0,85.0
10262,144.9,6.90,24.44,0.1686,5.93,2345.0,85.0
10269,142.9,7.00,24.44,0.1711,5.85,2345.0,85.0
10276,142.9,7.00,24.44,0.1711,5.85,2345.0,85.0
10282,147.1,6.80,24.44,0.1662,6.02,2345.0,85.0
10289,142.9,7.00,24.44,0.1711,5.85,2345.0,85.0
10296,144.9,6.90,24.44,0.1686,5.93,2345.0,85.0
10303,142.9,7.00,24.44,0.1711,5.85,2345.0,85.0
10310,144.9,6.90,24.44,0.1686,5.93,2345.0,85.0
10317,144.9,6.90,24.44,0.1686,5.93,2345.0,85.0
10324,142.9,7.00,24.44,0.1711,5.85,2345.0,85.0
10331,142.9,7.00,24.44,0.1711,5.85,2345.0,85.0
10338,144.9,6.90,24.44,0.1687,5.93,2345.0,85.0
10345,144.9,6.90,24.44,0.1687,5.93,2345.0,85.0
10352,142.9,7.00,24.44,0.1711,5.85,2345.0,85.0
10359,142.9,7.00,24.44,0.1711,5.85,2345.0,85.0
10366,144.9,6.90,24.44,0.1687,5.93,2345.0,85.0
10373,144.9,6.90,24.45,0.1687,5.93,2345.0,85.0
10380,142.9,7.00,24.45,0.1711,5.85,2345.0,85.0
10387,142.9,7.00,24.45,0.1711,5.85,2345.0,85.0
10394,142.9,7.00,24.45,0.1711,5.85,2345.0,85.0
10401,144.9,6.90,24.45,0.1687,5.93,2345.0,85.0
10408,142.9,7.00,24.45,0.1711,5.85,2345.0,85.0
10414,144.9,6.90,24.45,0.1687,5.93,2345.0,85.0
10421,144.9,6.90,24.45,0.1687,5.93,2345.0,85.0
10428,144.9,6.90,24.45,0.1687,5.93,2345.0,85.0
10435,142.9,7.00,24.45,0.1711,5.84,2345.0,85.0
10442,142.9,7.00,24.45,0.1711,5.84,2345.0,85.0
10449,144.9,6.90,24.45,0.1687,5.93,2345.0,85.0
10456,142.9,7.00,24.45,0.1712,5.84,2345.0,85.0
10463,147.1,6.80,24.45,0.1663,6.02,2345.0,85.0
10470,140.8,7.10,24.45,0.1736,5.76,2345.0,85.0
10477,147.1,6.80,24.45,0.1663,6.02,2345.0,85.0
10484,142.9,7.00,24.45,0.1712,5.84,2345.0,85.0
10491,144.9,6.90,24.45,0.1687,5.93,2345.0,85.0
10498,142.9,7.00,24.45,0.1712,5.84,2345.0,85.0
10505,144.9,6.90,24.45,0.1687,5.93,2345.0,85.0
10512,144.9,6.90,24.45,0.1687,5.93,2345.0,85.0
10518,144.9,6.90,24.45,0.1687,5.93,2345.0,85.0
10525,142.9,7.00,24.45,0.1712,5.84,2345.0,85.0
10532,142.9,7.00,24.45,0.1712,5.84,2345.0,85.0
10539,144.9,6.90,24.46,0.1687,5.93,2345.0,85.0
10546,144.9,6.90,24.46,0.1687,5.93,2345.0,85.0
10553,142.9,7.00,24.46,0.1712,5.84,2345.0,85.0
10560,144.9,6.90,24.46,0.1687,5.92,2345.0,85.0
10567,142.9,7.00,24.46,0.1712,5.84,2345.0,85.0
10574,142.9,7.00,24.46,0.1712,5.84,2345.0,85.0
10581,144.9,6.90,24.46,0.1688,5.92,2345.0,85.0
10588,142.9,7.00,24.46,0.1712,5.84,2345.0,85.0
10595,144.9,6.90,24.46,0.1688,5.92,2345.0,85.0
10602,144.9,6.90,24.46,0.1688,5.92,2345.0,85.0
10609,144.9,6.90,24.46,0.1688,5.92,2345.0,85.0
10616,142.9,7.00,24.46,0.1712,5.84,2345.0,85.0
10623,142.9,7.00,24.46,0.1712,5.84,2345.0,85.0
10630,144.9,6.90,24.46,0.1688,5.92,2345.0,85.0
10637,144.9,6.90,24.46,0.1688,5.92,2345.0,85.0
10644,142.9,7.00,24.46,0.1712,5.84,2345.0,85.0
10650,144.9,6.90,24.46,0.1688,5.92,2345.0,85.0
10657,142.9,7.00,24.46,0.1712,5.84,2345.0,85.0
10664,144.9,6.90,24.46,0.1688,5.92,2345.0,85.0
10671,142.9,7.00,24.46,0.1712,5.84,2345.0,85.0
10678,144.9,6.90,24.46,0.1688,5.92,2345.0,85.0
10685,142.9,7.00,24.46,0.1712,5.84,2345.0,85.0
10692,142.9,7.00,24.46,0.1712,5.84,2345.0,85.0
10699,144.9,6.90,24.46,0.1688,5.92,2345.0,85.0
10706,144.9,6.90,24.47,0.1688,5.92,2345.0,85.0
10713,142.9,7.00,24.47,0.1713,5.84,2345.0,85.0
10720,144.9,6.90,24.47,0.1688,5.92,2345.0,85.0
10727,144.9,6.90,24.47,0.1688,5.92,2345.0,85.0
10734,142.9,7.00,24.47,0.1713,5.84,2345.0,85.0
10741,142.9,7.00,24.47,0.1713,5.84,2345.0,85.0
10748,144.9,6.90,24.47,0.1688,5.92,2345.0,85.0
10755,144.9,6.90,24.47,0.1688,5.92,2345.0,85.0
10762,142.9,7.00,24.47,0.1713,5.84,2345.0,85.0
10769,144.9,6.90,24.47,0.1688,5.92,2345.0,85.0
10776,142.9,7.00,24.47,0.1713,5.84,2345.0,85.0
10782,144.9,6.90,24.47,0.1688,5.92,2345.0,85.0
10789,144.9,6.90,24.47,0.1688,5.92,2345.0,85.0
10796,140.8,7.10,24.47,0.1737,5.75,2345.0,85.0
10803,144.9,6.90,24.47,0.1688,5.92,2345.0,85.0
10810,142.9,7.00,24.47,0.1713,5.84,2345.0,85.0
10817,144.9,6.90,24.47,0.1689,5.92,2345.0,85.0
10824,144.9,6.90,24.47,0.1689,5.92,2345.0,85.0
10831,142.9,7.00,24.47,0.1713,5.84,2345.0,85.0
10838,144.9,6.90,24.47,0.1689,5.92,2345.0,85.0
10845,142.9,7.00,24.47,0.1713,5.84,2345.0,85.0
10852,144.9,6.90,24.47,0.1689,5.92,2345.0,85.0
10859,144.9,6.90,24.47,0.1689,5.92,2345.0,85.0
10866,142.9,7.00,24.47,0.1713,5.84,2345.0,85.0
10873,144.9,6.90,24.48,0.1689,5.92,2345.0,85.0
10880,144.9,6.90,24.48,0.1689,5.92,2345.0,85.0
10887,142.9,7.00,24.48,0.1713,5.84,2345.0,85.0
10893,147.1,6.80,24.48,0.1664,6.01,2345.0,85.0
10900,144.9,6.90,24.48,0.1689,5.92,2345.0,85.0
10907,142.9,7.00,24.48,0.1713,5.84,2345.0,85.0
10914,144.9,6.90,24.48,0.1689,5.92,2345.0,85.0
10921,142.9,7.00,24.48,0.1713,5.84,2345.0,85.0
10928,144.9,6.90,24.48,0.1689,5.92,2345.0,85.0
10935,144.9,6.90,24.48,0.1689,5.92,2345.0,85.0
10942,142.9,7.00,24.48,0.1714,5.84,2345.0,85.0
10949,142.9,7.00,24.48,0.1714,5.84,2345.0,85.0
10956,144.9,6.90,24.48,0.1689,5.92,2345.0,85.0
10963,142.9,7.00,24.48,0.1714,5.84,2345.0,85.0
10970,144.9,6.90,24.48,0.1689,5.92,2345.0,85.0
10977,142.9,7.00,24.48,0.1714,5.84,2345.0,85.0
10984,144.9,6.90,24.48,0.1689,5.92,2345.0,85.0
10991,142.9,7.00,24.48,0.1714,5.84,2345.0,85.0
10998,144.9,6.90,24.48,0.1689,5.92,2345.0,85.0
11005,144.9,6.90,24.48,0.1689,5.92,2345.0,85.0
11011,144.9,6.90,24.48,0.1689,5.92,2345.0,85.0
11019,140.8,7.10,24.48,0.1738,5.75,2345.0,85.0
11025,144.9,6.90,24.48,0.1689,5.92,2345.0,85.0
11032,142.9,7.00,24.48,0.1714,5.84,2345.0,85.0
11039,144.9,6.90,24.49,0.1689,5.92,2345.0,85.0
11046,144.9,6.90,24.49,0.1689,5.92,2345.0,85.0
11053,142.9,7.00,24.49,0.1714,5.84,2345.0,85.0
11060,144.9,6.90,24.49,0.1690,5.92,2345.0,85.0
11067,142.9,7.00,24.49,0.1714,5.84,2345.0,85.0
11074,144.9,6.90,24.49,0.1690,5.92,2345.0,85.0
11081,144.9,6.90,24.49,0.1690,5.92,2345.0,85.0
11088,142.9,7.00,24.49,0.1714,5.84,2345.0,85.0
11095,142.9,7.00,24.49,0.1714,5.84,2345.0,85.0
11102,144.9,6.90,24.49,0.1690,5.92,2345.0,85.0
11109,144.9,6.90,24.49,0.1690,5.92,2345.0,85.0
11116,144.9,6.90,24.49,0.1690,5.92,2345.0,85.0
11123,142.9,7.00,24.49,0.1714,5.84,2345.0,85.0
11130,144.9,6.90,24.49,0.1690,5.92,2345.0,85.0
11137,142.9,7.00,24.49,0.1714,5.83,2345.0,85.0
11143,144.9,6.90,24.49,0.1690,5.92,2345.0,85.0
11150,142.9,7.00,24.49,0.1714,5.83,2345.0,85.0
11157,144.9,6.90,24.49,0.1690,5.92,2345.0,85.0
11164,142.9,7.00,24.49,0.1714,5.83,2345.0,85.0
11171,142.9,7.00,24.49,0.1715,5.83,2345.0,85.0
11178,147.1,6.80,24.49,0.1666,6.01,2345.0,85.0
11185,142.9,7.00,24.49,0.1715,5.83,2345.0,85.0
11192,144.9,6.90,24.49,0.1690,5.92,2345.0,85.0
11199,142.9,7.00,24.49,0.1715,5.83,2345.0,85.0
11206,142.9,7.00,24.50,0.1715,5.83,2345.0,85.0
11213,144.9,6.90,24.50,0.1690,5.92,2345.0,85.0
11220,144.9,6.90,24.50,0.1690,5.92,2345.0,85.0
11227,140.8,7.10,24.50,0.1739,5.75,2345.0,85.0
11234,144.9,6.90,24.50,0.1690,5.92,2345.0,85.0
11241,144.9,6.90,24.50,0.1690,5.91,2345.0,85.0
11248,142.9,7.00,24.50,0.1715,5.83,2345.0,85.0
11255,144.9,6.90,24.50,0.1690,5.91,2345.0,85.0
11262,144.9,6.90,24.50,0.1690,5.91,2345.0,85.0
11268,144.9,6.90,24.50,0.1690,5.91,2345.0,85.0
11275,142.9,7.00,24.50,0.1715,5.83,2345.0,85.0
11282,144.9,6.90,24.50,0.1690,5.91,2345.0,85.0
11289,144.9,6.90,24.50,0.1690,5.91,2345.0,85.0
11296,142.9,7.00,24.50,0.1715,5.83,2345.0,85.0
11303,142.9,7.00,24.50,0.1715,5.83,2345.0,85.0
11310,144.9,6.90,24.50,0.1690,5.92,2345.0,85.0
11317,144.9,6.90,24.49,0.1690,5.92,2345.0,85.0
11324,142.9,7.00,24.49,0.1714,5.83,2345.0,85.0
11331,144.9,6.90,24.49,0.1690,5.92,2345.0,85.0
11338,142.9,7.00,24.49,0.1714,5.84,2345.0,85.0
11345,144.9,6.90,24.49,0.1690,5.92,2345.0,85.0
11352,142.9,7.00,24.49,0.1714,5.84,2345.0,85.0
11359,144.9,6.90,24.49,0.1689,5.92,2345.0,85.0
11366,144.9,6.90,24.48,0.1689,5.92,2345.0,85.0
11373,142.9,7.00,24.48,0.1714,5.84,2345.0,85.0
11380,142.9,7.00,24.48,0.1714,5.84,2345.0,85.0
11387,144.9,6.90,24.48,0.1689,5.92,2345.0,85.0
11393,144.9,6.90,24.48,0.1689,5.92,2345.0,85.0
11400,142.9,7.00,24.48,0.1713,5.84,2345.0,85.0
11407,144.9,6.90,24.48,0.1689,5.92,2345.0,85.0
11414,144.9,6.90,24.47,0.1689,5.92,2345.0,85.0
11421,142.9,7.00,24.47,0.1713,5.84,2345.0,85.0
11428,144.9,6.90,24.47,0.1688,5.92,2345.0,85.0
11435,142.9,7.00,24.47,0.1713,5.84,2345.0,85.0
11442,144.9,6.90,24.47,0.1688,5.92,2345.0,85.0
11449,142.9,7.00,24.47,0.1713,5.84,2345.0,85.0
11456,144.9,6.90,24.46,0.1688,5.92,2345.0,85.0
11463,140.8,7.10,24.46,0.1737,5.76,2345.0,85.0
11470,144.9,6.90,24.46,0.1688,5.92,2345.0,85.0
11477,142.9,7.00,24.46,0.1712,5.84,2345.0,85.0
11484,147.1,6.80,24.46,0.1663,6.01,2345.0,85.0
11491,140.8,7.10,24.46,0.1736,5.76,2345.0,85.0
11498,144.9,6.90,24.46,0.1687,5.92,2345.0,85.0
11505,142.9,7.00,24.45,0.1712,5.84,2345.0,85.0
11512,144.9,6.90,24.45,0.1687,5.93,2345.0,85.0
11519,144.9,6.90,24.45,0.1687,5.93,2345.0,85.0
11525,144.9,6.90,24.45,0.1687,5.93,2345.0,85.0
11532,142.9,7.00,24.45,0.1711,5.84,2345.0,85.0
11539,144.9,6.90,24.45,0.1687,5.93,2345.0,85.0
11546,144.9,6.90,24.45,0.1687,5.93,2345.0,85.0
11553,142.9,7.00,24.44,0.1711,5.85,2345.0,85.0
11560,144.9,6.90,24.44,0.1687,5.93,2345.0,85.0
11567,144.9,6.90,24.44,0.1686,5.93,2345.0,85.0
11574,142.9,7.00,24.44,0.1711,5.85,2345.0,85.0
11581,144.9,6.90,24.44,0.1686,5.93,2345.0,85.0
11588,144.9,6.90,24.44,0.1686,5.93,2345.0,85.0
11595,140.8,7.10,24.44,0.1735,5.76,2345.0,85.0
11602,144.9,6.90,24.43,0.1686,5.93,2345.0,85.0
11609,144.9,6.90,24.43,0.1686,5.93,2345.0,85.0
11616,144.9,6.90,24.43,0.1686,5.93,2345.0,85.0
11623,142.9,7.00,24.43,0.1710,5.85,2345.0,85.0
11630,142.9,7.00,24.43,0.1710,5.85,2345.0,85.0
11637,144.9,6.90,24.43,0.1685,5.93,2345.0,85.0
11644,142.9,7.00,24.43,0.1710,5.85,2345.0,85.0
11650,144.9,6.90,24.42,0.1685,5.93,2345.0,85.0
11657,142.9,7.00,24.42,0.1710,5.85,2345.0,85.0
11664,147.1,6.80,24.42,0.1661,6.02,2345.0,85.0
11671,142.9,7.00,24.42,0.1709,5.85,2345.0,85.0
11678,142.9,7.00,24.42,0.1709,5.85,2345.0,85.0
11685,144.9,6.90,24.42,0.1685,5.93,2345.0,85.0
11692,144.9,6.90,24.42,0.1685,5.93,2345.0,85.0
11699,142.9,7.00,24.41,0.1709,5.85,2345.0,85.0
11706,142.9,7.00,24.41,0.1709,5.85,2345.0,85.0
11713,142.9,7.00,24.41,0.1709,5.85,2345.0,85.0
11720,147.1,6.80,24.41,0.1660,6.03,2345.0,85.0
11727,142.9,7.00,24.41,0.1709,5.85,2345.0,85.0
11734,142.9,7.00,24.41,0.1708,5.86,2345.0,85.0
11741,144.9,6.90,24.40,0.1684,5.94,2345.0,85.0
11748,144.9,6.90,24.40,0.1684,5.94,2345.0,85.0
11755,142.9,7.00,24.40,0.1708,5.86,2345.0,85.0
11762,144.9,6.90,24.40,0.1684,5.94,2345.0,85.0
11769,142.9,7.00,24.40,0.1708,5.86,2345.0,85.0
11776,142.9,7.00,24.40,0.1708,5.86,2345.0,85.0
11782,144.9,6.90,24.40,0.1683,5.94,2345.0,85.0
11789,142.9,7.00,24.39,0.1708,5.86,2345.0,85.0
11796,144.9,6.90,24.39,0.1683,5.94,2345.0,85.0
11803,144.9,6.90,24.39,0.1683,5.94,2345.0,85.0
11810,142.9,7.00,24.39,0.1707,5.86,2345.0,85.0
11817,144.9,6.90,24.39,0.1683,5.94,2345.0,85.0
11824,142.9,7.00,24.39,0.1707,5.86,2345.0,85.0
11831,144.9,6.90,24.39,0.1683,5.94,2345.0,85.0
11838,144.9,6.90,24.38,0.1683,5.94,2345.0,85.0
11845,142.9,7.00,24.38,0.1707,5.86,2345.0,85.0
11852,140.8,7.10,24.38,0.1731,5.77,2345.0,85.0
11859,144.9,6.90,24.38,0.1682,5.94,2345.0,85.0
11866,142.9,7.00,24.38,0.1707,5.86,2345.0,85.0
11873,144.9,6.90,24.38,0.1682,5.94,2345.0,85.0
11880,144.9,6.90,24.38,0.1682,5.94,2345.0,85.0
11887,144.9,6.90,24.37,0.1682,5.94,2345.0,85.0
11894,142.9,7.00,24.37,0.1706,5.86,2345.0,85.0
11901,144.9,6.90,24.37,0.1682,5.95,2345.0,85.0
11907,147.1,6.80,24.37,0.1657,6.04,2345.0,85.0
11914,144.9,6.90,24.37,0.1681,5.95,2345.0,85.0
11921,144.9,6.90,24.37,0.1681,5.95,2345.0,85.0
11928,142.9,7.00,24.37,0.1706,5.86,2345.0,85.0
11935,142.9,7.00,24.36,0.1705,5.87,2345.0,85.0
11942,144.9,6.90,24.36,0.1681,5.95,2345.0,85.0
11949,144.9,6.90,24.36,0.1681,5.95,2345.0,85.0
11956,142.9,7.00,24.36,0.1705,5.87,2345.0,85.0
11963,144.9,6.90,24.36,0.1681,5.95,2345.0,85.0
11970,144.9,6.90,24.36,0.1681,5.95,2345.0,85.0
11977,142.9,7.00,24.36,0.1705,5.87,2345.0,85.0
11984,142.9,7.00,24.35,0.1705,5.87,2345.0,85.0
11991,144.9,6.90,24.35,0.1680,5.95,2345.0,85.0
11998,142.9,7.00,24.35,0.1705,5.87,2345.0,85.0
12005,144.9,6.90,24.35,0.1680,5.95,2345.0,85.0
12011,144.9,6.90,24.35,0.1680,5.95,2345.0,85.0
12019,140.8,7.10,24.35,0.1729,5.78,2345.0,85.0
12025,144.9,6.90,24.35,0.1680,5.95,2345.0,85.0
12032,144.9,6.90,24.34,0.1680,5.95,2345.0,85.0
12039,142.9,7.00,24.34,0.1704,5.87,2345.0,85.0
12046,144.9,6.90,24.34,0.1680,5.95,2345.0,85.0
12053,142.9,7.00,24.34,0.1704,5.87,2345.0,85.0
12060,144.9,6.90,24.34,0.1679,5.95,2345.0,85.0
12067,144.9,6.90,24.34,0.1679,5.95,2345.0,85.0
12074,142.9,7.00,24.33,0.1703,5.87,2345.0,85.0
12081,144.9,6.90,24.33,0.1679,5.95,2345.0,85.0
12088,142.9,7.00,24.33,0.1703,5.87,2345.0,85.0
12095,142.9,7.00,24.33,0.1703,5.87,2345.0,85.0
12102,144.9,6.90,24.33,0.1679,5.96,2345.0,85.0
12109,142.9,7.00,24.33,0.1703,5.87,2345.0,85.0
12116,144.9,6.90,24.33,0.1679,5.96,2345.0,85.0
12123,144.9,6.90,24.32,0.1678,5.96,2345.0,85.0
12130,142.9,7.00,24.32,0.1703,5.88,2345.0,85.0
12137,144.9,6.90,24.32,0.1678,5.96,2345.0,85.0
12143,144.9,6.90,24.32,0.1678,5.96,2345.0,85.0
12150,142.9,7.00,24.32,0.1702,5.88,2345.0,85.0
12157,142.9,7.00,24.32,0.1702,5.88,2345.0,85.0
12164,147.1,6.80,24.32,0.1653,6.05,2345.0,85.0
12171,142.9,7.00,24.31,0.1702,5.88,2345.0,85.0
12178,142.9,7.00,24.31,0.1702,5.88,2345.0,85.0
12185,144.9,6.90,24.31,0.1678,5.96,2345.0,85.0
12192,144.9,6.90,24.31,0.1677,5.96,2345.0,85.0
12199,144.9,6.90,24.31,0.1677,5.96,2345.0,85.0
12206,142.9,7.00,24.31,0.1702,5.88,2345.0,85.0
12213,142.9,7.00,24.31,0.1701,5.88,2345.0,85.0
12220,144.9,6.90,24.30,0.1677,5.96,2345.0,85.0
12227,142.9,7.00,24.30,0.1701,5.88,2345.0,85.0
12234,144.9,6.90,24.30,0.1677,5.96,2345.0,85.0
12241,144.9,6.90,24.30,0.1677,5.96,2345.0,85.0
12248,144.9,6.90,24.30,0.1677,5.96,2345.0,85.0
12255,140.8,7.10,24.30,0.1725,5.79,2345.0,85.0
12261,147.1,6.80,24.30,0.1652,6.05,2345.0,85.0
12268,142.9,7.00,24.29,0.1701,5.88,2345.0,85.0
12275,144.9,6.90,24.29,0.1676,5.96,2345.0,85.0
12282,142.9,7.00,24.29,0.1700,5.88,2345.0,85.0
12289,144.9,6.90,24.29,0.1676,5.97,2345.0,85.0
12296,142.9,7.00,24.29,0.1700,5.88,2345.0,85.0
12303,144.9,6.90,24.29,0.1676,5.97,2345.0,85.0
12310,142.9,7.00,24.29,0.1700,5.88,2345.0,85.0
12317,144.9,6.90,24.29,0.1676,5.97,2345.0,85.0
12324,142.9,7.00,24.29,0.1700,5.88,2345.0,85.0
12331,144.9,6.90,24.29,0.1676,5.97,2345.0,85.0
12338,144.9,6.90,24.29,0.1676,5.97,2345.0,85.0
12345,142.9,7.00,24.29,0.1700,5.88,2345.0,85.0
12352,144.9,6.90,24.29,0.1676,5.97,2345.0,85.0
12359,142.9,7.00,24.29,0.1700,5.88,2345.0,85.0
12366,144.9,6.90,24.29,0.1676,5.97,2345.0,85.0
12373,142.9,7.00,24.29,0.1700,5.88,2345.0,85.0
12380,144.9,6.90,24.29,0.1676,5.97,2345.0,85.0
12387,142.9,7.00,24.29,0.1700,5.88,2345.0,85.0
12393,144.9,6.90,24.29,0.1676,5.97,2345.0,85.0
12400,142.9,7.00,24.29,0.1700,5.88,2345.0,85.0
12407,144.9,6.90,24.29,0.1676,5.97,2345.0,85.0
12414,142.9,7.00,24.29,0.1700,5.88,2345.0,85.0
12421,144.9,6.90,24.29,0.1676,5.97,2345.0,85.0
12428,142.9,7.00,24.29,0.1700,5.88,2345.0,85.0
12435,144.9,6.90,24.29,0.1676,5.97,2345.0,85.0
12442,144.9,6.90,24.29,0.1676,5.97,2345.0,85.0
12449,142.9,7.00,24.29,0.1700,5.88,2345.0,85.0
12456,142.9,7.00,24.28,0.1700,5.88,2345.0,85.0
12463,144.9,6.90,24.28,0.1676,5.97,2345.0,85.0
12470,144.9,6.90,24.28,0.1676,5.97,2345.0,85.0
12477,142.9,7.00,24.28,0.1700,5.88,2345.0,85.0
12484,144.9,6.90,24.28,0.1676,5.97,2345.0,85.0
12491,142.9,7.00,24.28,0.1700,5.88,2345.0,85.0
12498,144.9,6.90,24.28,0.1676,5.97,2345.0,85.0
12505,144.9,6.90,24.28,0.1676,5.97,2345.0,85.0
12512,142.9,7.00,24.28,0.1700,5.88,2345.0,85.0
12518,144.9,6.90,24.28,0.1676,5.97,2345.0,85.0
12525,144.9,6.90,24.28,0.1676,5.97,2345.0,85.0
12532,144.9,6.90,24.28,0.1676,5.97,2345.0,85.0
12539,142.9,7.00,24.28,0.1700,5.88,2345.0,85.0
12546,142.9,7.00,24.28,0.1700,5.88,2345.0,85.0
12553,144.9,6.90,24.28,0.1675,5.97,2345.0,85.0
12560,142.9,7.00,24.28,0.1700,5.89,2345.0,85.0
12567,142.9,7.00,24.28,0.1700,5.89,2345.0,85.0
12574,144.9,6.90,24.28,0.1675,5.97,2345.0,85.0
12581,144.9,6.90,24.28,0.1675,5.97,2345.0,85.0
12588,144.9,6.90,24.28,0.1675,5.97,2345.0,85.0
12595,142.9,7.00,24.28,0.1700,5.89,2345.0,85.0
12602,144.9,6.90,24.28,0.1675,5.97,2345.0,85.0
12609,142.9,7.00,24.28,0.1700,5.89,2345.0,85.0
12616,142.9,7.00,24.28,0.1700,5.89,2345.0,85.0
12623,144.9,6.90,24.28,0.1675,5.97,2345.0,85.0
12630,144.9,6.90,24.28,0.1675,5.97,2345.0,85.0
12637,142.9,7.00,24.28,0.1700,5.89,2345.0,85.0
12644,142.9,7.00,24.28,0.1700,5.89,2345.0,85.0
12650,144.9,6.90,24.28,0.1675,5.97,2345.0,85.0
12657,144.9,6.90,24.28,0.1675,5.97,2345.0,85.0
12664,140.8,7.10,24.28,0.1724,5.80,2345.0,85.0
12671,144.9,6.90,24.28,0.1675,5.97,2345.0,85.0
12678,144.9,6.90,24.28,0.1675,5.97,2345.0,85.0
12685,142.9,7.00,24.28,0.1699,5.89,2345.0,85.0
12692,144.9,6.90,24.28,0.1675,5.97,2345.0,85.0
12699,144.9,6.90,24.28,0.1675,5.97,2345.0,85.0
12706,142.9,7.00,24.28,0.1699,5.89,2345.0,85.0
12713,144.9,6.90,24.28,0.1675,5.97,2345.0,85.0
12720,144.9,6.90,24.28,0.1675,5.97,2345.0,85.0
12727,142.9,7.00,24.28,0.1699,5.89,2345.0,85.0
12734,142.9,7.00,24.28,0.1699,5.89,2345.0,85.0
12741,144.9,6.90,24.28,0.1675,5.97,2345.0,85.0
12748,142.9,7.00,24.28,0.1699,5.89,2345.0,85.0
12755,144.9,6.90,24.28,0.1675,5.97,2345.0,85.0
12762,144.9,6.90,24.28,0.1675,5.97,2345.0,85.0
12769,142.9,7.00,24.28,0.1699,5.89,2345.0,85.0
12775,144.9,6.90,24.28,0.1675,5.97,2345.0,85.0
12782,142.9,7.00,24.28,0.1699,5.89,2345.0,85.0
12789,147.1,6.80,24.27,0.1651,6.06,2345.0,85.0
12796,142.9,7.00,24.27,0.1699,5.89,2345.0,85.0
12803,144.9,6.90,24.27,0.1675,5.97,2345.0,85.0
12810,142.9,7.00,24.27,0.1699,5.89,2345.0,85.0
12817,144.9,6.90,24.27,0.1675,5.97,2345.0,85.0
12824,144.9,6.90,24.27,0.1675,5.97,2345.0,85.0
12831,144.9,6.90,24.27,0.1675,5.97,2345.0,85.0
12838,142.9,7.00,24.27,0.1699,5.89,2345.0,85.0
12845,140.8,7.10,24.27,0.1723,5.80,2345.0,85.0
12852,144.9,6.90,24.27,0.1675,5.97,2345.0,85.0
12859,144.9,6.90,24.27,0.1675,5.97,2345.0,85.0
12866,142.9,7.00,24.27,0.1699,5.89,2345.0,85.0
12873,144.9,6.90,24.27,0.1675,5.97,2345.0,85.0
12880,142.9,7.00,24.27,0.1699,5.89,2345.0,85.0
12887,144.9,6.90,24.27,0.1675,5.97,2345.0,85.0
12894,142.9,7.00,24.27,0.1699,5.89,2345.0,85.0
12900,144.9,6.90,24.27,0.1675,5.97,2345.0,85.0
12907,144.9,6.90,24.27,0.1675,5.97,2345.0,85.0
12914,144.9,6.90,24.27,0.1675,5.97,2345.0,85.0
12921,142.9,7.00,24.27,0.1699,5.89,2345.0,85.0
12928,144.9,6.90,24.27,0.1675,5.97,2345.0,85.0
12935,144.9,6.90,24.27,0.1675,5.97,2345.0,85.0
12942,142.9,7.00,24.27,0.1699,5.89,2345.0,85.0
12949,144.9,6.90,24.27,0.1675,5.97,2345.0,85.0
12956,142.9,7.00,24.27,0.1699,5.89,2345.0,85.0
12963,144.9,6.90,24.27,0.1675,5.97,2345.0,85.0
12970,142.9,7.00,24.27,0.1699,5.89,2345.0,85.0
12977,144.9,6.90,24.27,0.1675,5.97,2345.0,85.0
12984,142.9,7.00,24.27,0.1699,5.89,2345.0,85.0
12991,144.9,6.90,24.27,0.1675,5.97,2345.0,85.0
12998,144.9,6.90,24.27,0.1675,5.97,2345.0,85.0
13005,140.8,7.10,24.27,0.1723,5.80,2345.0,85.0
13011,147.1,6.80,24.27,0.1650,6.06,2345.0,85.0
13018,142.9,7.00,24.27,0.1699,5.89,2345.0,85.0
13025,142.9,7.00,24.27,0.1699,5.89,2345.0,85.0
13032,144.9,6.90,24.27,0.1674,5.97,2345.0,85.0
13039,144.9,6.90,24.27,0.1674,5.97,2345.0,85.0
13046,142.9,7.00,24.27,0.1699,5.89,2345.0,85.0
13053,144.9,6.90,24.27,0.1674,5.97,2345.0,85.0
13060,144.9,6.90,24.27,0.1674,5.97,2345.0,85.0
13067,140.8,7.10,24.27,0.1723,5.80,2345.0,85.0
13074,144.9,6.90,24.27,0.1674,5.97,2345.0,85.0
13081,144.9,6.90,24.27,0.1674,5.97,2345.0,85.0
13088,142.9,7.00,24.27,0.1699,5.89,2345.0,85.0
13095,144.9,6.90,24.27,0.1674,5.97,2345.0,85.0
13102,144.9,6.90,24.27,0.1674,5.97,2345.0,85.0
13109,142.9,7.00,24.27,0.1699,5.89,2345.0,85.0
13116,144.9,6.90,24.27,0.1674,5.97,2345.0,85.0
13123,142.9,7.00,24.26,0.1699,5.89,2345.0,85.0
13130,142.9,7.00,24.26,0.1699,5.89,2345.0,85.0
13137,144.9,6.90,24.26,0.1674,5.97,2345.0,85.0
13143,144.9,6.90,24.26,0.1674,5.97,2345.0,85.0
13150,142.9,7.00,24.26,0.1698,5.89,2345.0,85.0
13157,144.9,6.90,24.26,0.1674,5.97,2345.0,85.0
13164,144.9,6.90,24.26,0.1674,5.97,2345.0,85.0
13171,142.9,7.00,24.26,0.1698,5.89,2345.0,85.0
13178,144.9,6.90,24.26,0.1674,5.97,2345.0,85.0
13185,144.9,6.90,24.26,0.1674,5.97,2345.0,85.0
13192,144.9,6.90,24.26,0.1674,5.97,2345.0,85.0
13199,142.9,7.00,24.26,0.1698,5.89,2345.0,85.0
13206,142.9,7.00,24.26,0.1698,5.89,2345.0,85.0
13213,144.9,6.90,24.26,0.1674,5.97,2345.0,85.0
13220,142.9,7.00,24.26,0.1698,5.89,2345.0,85.0
13227,144.9,6.90,24.26,0.1674,5.97,2345.0,85.0
13234,142.9,7.00,24.26,0.1698,5.89,2345.0,85.0
13241,142.9,7.00,24.26,0.1698,5.89,2345.0,85.0
13248,144.9,6.90,24.26,0.1674,5.97,2345.0,85.0
13255,144.9,6.90,24.26,0.1674,5.97,2345.0,85.0
13262,142.9,7.00,24.26,0.1698,5.89,2345.0,85.0
13269,142.9,7.00,24.26,0.1698,5.89,2345.0,85.0
13275,144.9,6.90,24.26,0.1674,5.97,2345.0,85.0
13282,144.9,6.90,24.26,0.1674,5.97,2345.0,85.0
13289,142.9,7.00,24.26,0.1698,5.89,2345.0,85.0
13296,144.9,6.90,24.26,0.1674,5.97,2345.0,85.0
13303,144.9,6.90,24.26,0.1674,5.97,2345.0,85.0
13310,142.9,7.00,24.26,0.1698,5.89,2345.0,85.0
13317,144.9,6.90,24.26,0.1674,5.97,2345.0,85.0
13324,142.9,7.00,24.26,0.1698,5.89,2345.0,85.0
13331,144.9,6.90,24.26,0.1674,5.97,2345.0,85.0
13338,144.9,6.90,24.26,0.1674,5.97,2345.0,85.0
13345,142.9,7.00,24.26,0.1698,5.89,2345.0,85.1
13352,144.9,6.90,24.26,0.1674,5.97,2345.0,85.1
13359,144.9,6.90,24.26,0.1674,5.97,2345.0,85.1
13366,140.8,7.10,24.26,0.1723,5.80,2345.0,85.1
13373,147.1,6.80,24.26,0.1650,6.06,2345.0,85.1
13380,142.9,7.00,24.26,0.1699,5.89,2345.0,85.1
13387,142.9,7.00,24.26,0.1699,5.89,2345.0,85.1
13393,144.9,6.90,24.27,0.1674,5.97,2345.0,85.1
13400,144.9,6.90,24.27,0.1674,5.97,2345.0,85.1
13407,142.9,7.00,24.27,0.1699,5.89,2345.0,85.1
13414,142.9,7.00,24.27,0.1699,5.89,2345.0,85.1
13421,144.9,6.90,24.27,0.1674,5.97,2345.0,85.1
13428,144.9,6.90,24.27,0.1674,5.97,2345.0,85.1
13435,144.9,6.90,24.27,0.1674,5.97,2345.0,85.1
13442,142.9,7.00,24.27,0.1699,5.89,2345.0,85.2
13449,144.9,6.90,24.27,0.1674,5.97,2345.0,85.2
13456,142.9,7.00,24.27,0.1699,5.89,2345.0,85.2
13463,144.9,6.90,24.27,0.1675,5.97,2345.0,85.2
13470,142.9,7.00,24.27,0.1699,5.89,2345.0,85.2
13477,144.9,6.90,24.27,0.1675,5.97,2345.0,85.2
13484,144.9,6.90,24.27,0.1675,5.97,2345.0,85.2
13491,142.9,7.00,24.27,0.1699,5.89,2345.0,85.2
13498,140.8,7.10,24.27,0.1723,5.80,2345.0,85.2
13505,144.9,6.90,24.27,0.1675,5.97,2345.0,85.2
13512,144.9,6.90,24.27,0.1675,5.97,2345.0,85.2
13519,142.9,7.00,24.27,0.1699,5.89,2345.0,85.2
13525,144.9,6.90,24.27,0.1675,5.97,2345.0,85.2
13532,142.9,7.00,24.27,0.1699,5.89,2345.0,85.2
13539,144.9,6.90,24.27,0.1675,5.97,2345.0,85.3
13546,142.9,7.00,24.27,0.1699,5.89,2345.0,85.3
13553,147.1,6.80,24.27,0.1651,6.06,2345.0,85.3
13560,142.9,7.00,24.27,0.1699,5.89,2345.0,85.3
13567,142.9,7.00,24.27,0.1699,5.89,2345.0,85.3
13574,144.9,6.90,24.27,0.1675,5.97,2345.0,85.3
13581,142.9,7.00,24.27,0.1699,5.89,2345.0,85.3
13588,144.9,6.90,24.27,0.1675,5.97,2345.0,85.3
13595,144.9,6.90,24.28,0.1675,5.97,2345.0,85.3
13602,142.9,7.00,24.28,0.1699,5.89,2345.0,85.3
13609,147.1,6.80,24.28,0.1651,6.06,2345.0,85.3
13616,140.8,7.10,24.28,0.1724,5.80,2345.0,85.3
13623,144.9,6.90,24.28,0.1675,5.97,2345.0,85.3
13630,142.9,7.00,24.28,0.1699,5.89,2345.0,85.3
13637,142.9,7.00,24.28,0.1699,5.89,2345.0,85.3
13644,144.9,6.90,24.28,0.1675,5.97,2345.0,85.4
13650,144.9,6.90,24.28,0.1675,5.97,2345.0,85.4
13657,142.9,7.00,24.28,0.1699,5.89,2345.0,85.4
13664,144.9,6.90,24.28,0.1675,5.97,2345.0,85.4
13671,144.9,6.90,24.28,0.1675,5.97,2345.0,85.4
13678,142.9,7.00,24.28,0.1700,5.89,2345.0,85.4
13685,144.9,6.90,24.28,0.1675,5.97,2345.0,85.4
13692,142.9,7.00,24.28,0.1700,5.89,2345.0,85.4
13699,144.9,6.90,24.28,0.1675,5.97,2345.0,85.4
13706,142.9,7.00,24.28,0.1700,5.89,2345.0,85.4
13713,142.9,7.00,24.28,0.1700,5.89,2345.0,85.4
13720,147.1,6.80,24.28,0.1651,6.06,2345.0,85.4
13727,142.9,7.00,24.28,0.1700,5.89,2345.0,85.4
13734,142.9,7.00,24.28,0.1700,5.88,2345.0,85.4
13741,144.9,6.90,24.28,0.1676,5.97,2345.0,85.5
13748,142.9,7.00,24.28,0.1700,5.88,2345.0,85.5
13755,144.9,6.90,24.28,0.1676,5.97,2345.0,85.5
13762,144.9,6.90,24.28,0.1676,5.97,2345.0,85.5
13769,142.9,7.00,24.28,0.1700,5.88,2345.0,85.5
13775,144.9,6.90,24.28,0.1676,5.97,2345.0,85.5
13782,144.9,6.90,24.28,0.1676,5.97,2345.0,85.5
13789,142.9,7.00,24.29,0.1700,5.88,2345.0,85.5
13796,142.9,7.00,24.29,0.1700,5.88,2345.0,85.5
13803,144.9,6.90,24.29,0.1676,5.97,2345.0,85.5
13810,142.9,7.00,24.29,0.1700,5.88,2345.0,85.5
13817,144.9,6.90,24.29,0.1676,5.97,2345.0,85.5
13824,142.9,7.00,24.29,0.1700,5.88,2345.0,85.5
13831,144.9,6.90,24.29,0.1676,5.97,2345.0,85.5
13838,142.9,7.00,24.29,0.1700,5.88,2345.0,85.5
13845,147.1,6.80,24.29,0.1652,6.06,2345.0,85.6
13852,142.9,7.00,24.29,0.1700,5.88,2345.0,85.6
13859,144.9,6.90,24.29,0.1676,5.97,2345.0,85.6
13866,142.9,7.00,24.29,0.1700,5.88,2345.0,85.6
13873,144.9,6.90,24.29,0.1676,5.97,2345.0,85.6
13880,144.9,6.90,24.29,0.1676,5.97,2345.0,85.6
13887,142.9,7.00,24.29,0.1700,5.88,2345.0,85.6
13893,144.9,6.90,24.29,0.1676,5.97,2345.0,85.6
13900,144.9,6.90,24.29,0.1676,5.97,2345.0,85.6
13907,144.9,6.90,24.29,0.1676,5.97,2345.0,85.6
13914,142.9,7.00,24.29,0.1700,5.88,2345.0,85.6
13921,144.9,6.90,24.29,0.1676,5.97,2345.0,85.6
13928,142.9,7.00,24.29,0.1700,5.88,2345.0,85.6
13935,142.9,7.00,24.29,0.1700,5.88,2345.0,85.6
13942,144.9,6.90,24.29,0.1676,5.96,2345.0,85.7
13949,142.9,7.00,24.29,0.1701,5.88,2345.0,85.7
13956,144.9,6.90,24.29,0.1676,5.96,2345.0,85.7
13963,144.9,6.90,24.29,0.1676,5.96,2345.0,85.7
13970,144.9,6.90,24.29,0.1676,5.96,2345.0,85.7
13977,144.9,6.90,24.29,0.1676,5.96,2345.0,85.7
13984,142.9,7.00,24.29,0.1701,5.88,2345.0,85.7
13991,140.8,7.10,24.30,0.1725,5.80,2345.0,85.7
13998,144.9,6.90,24.30,0.1676,5.96,2345.0,85.7
14005,144.9,6.90,24.30,0.1676,5.96,2345.0,85.7
14011,144.9,6.90,24.30,0.1676,5.96,2345.0,85.7
14018,142.9,7.00,24.30,0.1701,5.88,2345.0,85.7
14025,142.9,7.00,24.30,0.1701,5.88,2345.0,85.7
14032,147.1,6.80,24.30,0.1652,6.05,2345.0,85.7
14039,140.8,7.10,24.30,0.1725,5.79,2345.0,85.8
14046,144.9,6.90,24.30,0.1677,5.96,2345.0,85.8
14053,144.9,6.90,24.30,0.1677,5.96,2345.0,85.8
14060,142.9,7.00,24.30,0.1701,5.88,2345.0,85.8
14067,144.9,6.90,24.30,0.1677,5.96,2345.0,85.8
14074,144.9,6.90,24.30,0.1677,5.96,2345.0,85.8
14081,142.9,7.00,24.30,0.1701,5.88,2345.0,85.8
14088,144.9,6.90,24.30,0.1677,5.96,2345.0,85.8
14095,142.9,7.00,24.30,0.1701,5.88,2345.0,85.8
14102,144.9,6.90,24.30,0.1677,5.96,2345.0,85.8
14109,144.9,6.90,24.30,0.1677,5.96,2345.0,85.8
14116,142.9,7.00,24.30,0.1701,5.88,2345.0,85.8
14123,142.9,7.00,24.30,0.1701,5.88,2345.0,85.8
14130,144.9,6.90,24.30,0.1677,5.96,2345.0,85.8
14136,144.9,6.90,24.30,0.1677,5.96,2345.0,85.8
14143,142.9,7.00,24.30,0.1701,5.88,2345.0,85.9
14150,144.9,6.90,24.30,0.1677,5.96,2345.0,85.9
14157,142.9,7.00,24.30,0.1701,5.88,2345.0,85.9
14164,144.9,6.90,24.30,0.1677,5.96,2345.0,85.9
14171,142.9,7.00,24.30,0.1701,5.88,2345.0,85.9
14178,142.9,7.00,24.30,0.1701,5.88,2345.0,85.9
14185,147.1,6.80,24.30,0.1653,6.05,2345.0,85.9
14192,142.9,7.00,24.31,0.1701,5.88,2345.0,85.9
14199,144.9,6.90,24.31,0.1677,5.96,2345.0,85.9
14206,142.9,7.00,24.31,0.1701,5.88,2345.0,85.9
14213,142.9,7.00,24.31,0.1701,5.88,2345.0,85.9
14220,144.9,6.90,24.31,0.1677,5.96,2345.0,85.9
14227,144.9,6.90,24.31,0.1677,5.96,2345.0,85.9
14234,142.9,7.00,24.31,0.1702,5.88,2345.0,85.9
14241,144.9,6.90,24.31,0.1677,5.96,2345.0,86.0
14248,142.9,7.00,24.31,0.1702,5.88,2345.0,86.0
14255,144.9,6.90,24.31,0.1677,5.96,2345.0,86.0
14262,142.9,7.00,24.31,0.1702,5.88,2345.0,86.0
14268,144.9,6.90,24.31,0.1677,5.96,2345.0,86.0
14275,142.9,7.00,24.31,0.1702,5.88,2345.0,86.0
14282,144.9,6.90,24.31,0.1677,5.96,2345.0,86.0
14289,144.9,6.90,24.31,0.1677,5.96,2345.0,86.0
14296,142.9,7.00,24.31,0.1702,5.88,2345.0,86.0
14303,144.9,6.90,24.31,0.1677,5.96,2345.0,86.0
14310,144.9,6.90,24.31,0.1677,5.96,2345.0,86.0
14317,142.9,7.00,24.31,0.1702,5.88,2345.0,86.0
14324,142.9,7.00,24.31,0.1702,5.88,2345.0,86.0
14331,147.1,6.80,24.31,0.1653,6.05,2345.0,86.0
14338,142.9,7.00,24.31,0.1702,5.88,2345.0,86.0
14345,140.8,7.10,24.31,0.1726,5.79,2345.0,85.9
14352,144.9,6.90,24.31,0.1678,5.96,2345.0,85.9
14359,147.1,6.80,24.31,0.1653,6.05,2345.0,85.9
14366,140.8,7.10,24.31,0.1726,5.79,2345.0,85.9
14373,144.9,6.90,24.32,0.1678,5.96,2345.0,85.9
14380,142.9,7.00,24.32,0.1702,5.88,2345.0,85.9
14387,142.9,7.00,24.32,0.1702,5.88,2345.0,85.9
14394,144.9,6.90,24.32,0.1678,5.96,2345.0,85.9
14400,144.9,6.90,24.32,0.1678,5.96,2345.0,85.9
14407,144.9,6.90,24.32,0.1678,5.96,2345.0,85.9
14414,144.9,6.90,24.32,0.1678,5.96,2345.0,85.9
14421,142.9,7.00,24.32,0.1702,5.88,2345.0,85.9
14428,144.9,6.90,24.32,0.1678,5.96,2345.0,85.9
14435,144.9,6.90,24.32,0.1678,5.96,2345.0,85.9
14442,144.9,6.90,24.32,0.1678,5.96,2345.0,85.8
14449,140.8,7.10,24.32,0.1727,5.79,2345.0,85.8
14456,144.9,6.90,24.32,0.1678,5.96,2345.0,85.8
14463,144.9,6.90,24.32,0.1678,5.96,2345.0,85.8
14470,142.9,7.00,24.32,0.1702,5.88,2345.0,85.8
14477,144.9,6.90,24.32,0.1678,5.96,2345.0,85.8
14484,144.9,6.90,24.32,0.1678,5.96,2345.0,85.8
14491,142.9,7.00,24.32,0.1703,5.88,2345.0,85.8
14498,144.9,6.90,24.32,0.1678,5.96,2345.0,85.8
14504,144.9,6.90,24.32,0.1678,5.96,2345.0,85.8
14511,142.9,7.00,24.32,0.1703,5.88,2345.0,85.8
14518,144.9,6.90,24.32,0.1678,5.96,2345.0,85.8
14525,140.8,7.10,24.32,0.1727,5.79,2345.0,85.8
14532,144.9,6.90,24.32,0.1678,5.96,2345.0,85.8
14539,144.9,6.90,24.33,0.1678,5.96,2345.0,85.7
14546,144.9,6.90,24.33,0.1678,5.96,2345.0,85.7
14553,142.9,7.00,24.33,0.1703,5.87,2345.0,85.7
14560,142.9,7.00,24.33,0.1703,5.87,2345.0,85.7
14567,144.9,6.90,24.33,0.1679,5.96,2345.0,85.7
14574,144.9,6.90,24.33,0.1679,5.96,2345.0,85.7
14581,144.9,6.90,24.33,0.1679,5.96,2345.0,85.7
14588,142.9,7.00,24.33,0.1703,5.87,2345.0,85.7
14595,144.9,6.90,24.33,0.1679,5.96,2345.0,85.7
14602,142.9,7.00,24.33,0.1703,5.87,2345.0,85.7
14609,144.9,6.90,24.33,0.1679,5.96,2345.0,85.7
14616,142.9,7.00,24.33,0.1703,5.87,2345.0,85.7
14623,142.9,7.00,24.33,0.1703,5.87,2345.0,85.7
14630,144.9,6.90,24.33,0.1679,5.96,2345.0,85.7
14636,144.9,6.90,24.33,0.1679,5.96,2345.0,85.7
14643,142.9,7.00,24.33,0.1703,5.87,2345.0,85.6
14650,142.9,7.00,24.33,0.1703,5.87,2345.0,85.6
14657,147.1,6.80,24.33,0.1655,6.05,2345.0,85.6
14664,142.9,7.00,24.33,0.1703,5.87,2345.0,85.6
14671,144.9,6.90,24.33,0.1679,5.95,2345.0,85.6
14678,142.9,7.00,24.33,0.1703,5.87,2345.0,85.6
14685,144.9,6.90,24.33,0.1679,5.95,2345.0,85.6
14692,144.9,6.90,24.33,0.1679,5.95,2345.0,85.6
14699,142.9,7.00,24.33,0.1703,5.87,2345.0,85.6
14706,142.9,7.00,24.34,0.1703,5.87,2345.0,85.6
14713,144.9,6.90,24.34,0.1679,5.95,2345.0,85.6
14720,144.9,6.90,24.34,0.1679,5.95,2345.0,85.6
14727,140.8,7.10,24.34,0.1728,5.79,2345.0,85.6
14734,144.9,6.90,24.34,0.1679,5.95,2345.0,85.6
14741,144.9,6.90,24.34,0.1679,5.95,2345.0,85.5
14748,142.9,7.00,24.34,0.1704,5.87,2345.0,85.5
14755,144.9,6.90,24.34,0.1679,5.95,2345.0,85.5
14762,142.9,7.00,24.34,0.1704,5.87,2345.0,85.5
14768,144.9,6.90,24.34,0.1679,5.95,2345.0,85.5
14775,142.9,7.00,24.34,0.1704,5.87,2345.0,85.5
14782,144.9,6.90,24.34,0.1679,5.95,2345.0,85.5
14789,142.9,7.00,24.34,0.1704,5.87,2345.0,85.5
14796,144.9,6.90,24.34,0.1679,5.95,2345.0,85.5
14803,142.9,7.00,24.34,0.1704,5.87,2345.0,85.5
14810,147.1,6.80,24.34,0.1655,6.04,2345.0,85.5
14817,140.8,7.10,24.34,0.1728,5.78,2345.0,85.5
14824,144.9,6.90,24.34,0.1680,5.95,2345.0,85.5
14831,142.9,7.00,24.34,0.1704,5.87,2345.0,85.5
14838,144.9,6.90,24.34,0.1680,5.95,2345.0,85.5
14845,144.9,6.90,24.34,0.1680,5.95,2345.0,85.4
14852,142.9,7.00,24.34,0.1704,5.87,2345.0,85.4
14859,142.9,7.00,24.34,0.1704,5.87,2345.0,85.4
14866,144.9,6.90,24.34,0.1680,5.95,2345.0,85.4
14873,144.9,6.90,24.35,0.1680,5.95,2345.0,85.4
14880,142.9,7.00,24.35,0.1704,5.87,2345.0,85.4
14887,144.9,6.90,24.35,0.1680,5.95,2345.0,85.4
14893,144.9,6.90,24.35,0.1680,5.95,2345.0,85.4
14900,142.9,7.00,24.35,0.1704,5.87,2345.0,85.4
14907,144.9,6.90,24.35,0.1680,5.95,2345.0,85.4
14914,142.9,7.00,24.35,0.1704,5.87,2345.0,85.4
14921,144.9,6.90,24.35,0.1680,5.95,2345.0,85.4
14928,144.9,6.90,24.35,0.1680,5.95,2345.0,85.4
14935,142.9,7.00,24.35,0.1704,5.87,2345.0,85.4
14942,144.9,6.90,24.35,0.1680,5.95,2345.0,85.3
14949,147.1,6.80,24.35,0.1656,6.04,2345.0,85.3
14956,142.9,7.00,24.35,0.1705,5.87,2345.0,85.3
14963,142.9,7.00,24.35,0.1705,5.87,2345.0,85.3
14970,142.9,7.00,24.35,0.1705,5.87,2345.0,85.3
14977,144.9,6.90,24.35,0.1680,5.95,2345.0,85.3
14984,144.9,6.90,24.35,0.1680,5.95,2345.0,85.3
14991,142.9,7.00,24.35,0.1705,5.87,2345.0,85.3
14998,144.9,6.90,24.35,0.1680,5.95,2345.0,85.3
15005,142.9,7.00,24.35,0.1705,5.87,2345.0,85.3
15012,142.9,7.00,24.35,0.1705,5.87,2345.0,85.3
15018,144.9,6.90,24.35,0.1680,5.95,2345.0,85.3
15025,144.9,6.90,24.35,0.1680,5.95,2345.0,85.3
15032,144.9,6.90,24.35,0.1680,5.95,2345.0,85.3
15039,142.9,7.00,24.36,0.1705,5.87,2345.0,85.2
15046,142.9,7.00,24.36,0.1705,5.87,2345.0,85.2
15053,144.9,6.90,24.36,0.1681,5.95,2345.0,85.2
15060,144.9,6.90,24.36,0.1681,5.95,2345.0,85.2
15067,144.9,6.90,24.36,0.1681,5.95,2345.0,85.2
15074,140.8,7.10,24.36,0.1729,5.78,2345.0,85.2
15081,144.9,6.90,24.36,0.1681,5.95,2345.0,85.2
15088,142.9,7.00,24.36,0.1705,5.87,2345.0,85.2
15095,144.9,6.90,24.36,0.1681,5.95,2345.0,85.2
15102,142.9,7.00,24.36,0.1705,5.87,2345.0,85.2
15109,147.1,6.80,24.36,0.1656,6.04,2345.0,85.2
15116,144.9,6.90,24.36,0.1681,5.95,2345.0,85.2
15123,140.8,7.10,24.36,0.1730,5.78,2345.0,85.2
15130,142.9,7.00,24.36,0.1705,5.87,2345.0,85.2
15137,144.9,6.90,24.36,0.1681,5.95,2345.0,85.2
15143,144.9,6.90,24.36,0.1681,5.95,2345.0,85.1
15150,144.9,6.90,24.36,0.1681,5.95,2345.0,85.1
15157,144.9,6.90,24.36,0.1681,5.95,2345.0,85.1
15164,142.9,7.00,24.36,0.1705,5.87,2345.0,85.1
15171,144.9,6.90,24.36,0.1681,5.95,2345.0,85.1
15178,142.9,7.00,24.36,0.1705,5.87,2345.0,85.1
15185,144.9,6.90,24.36,0.1681,5.95,2345.0,85.1
15192,144.9,6.90,24.36,0.1681,5.95,2345.0,85.1
15199,142.9,7.00,24.36,0.1706,5.87,2345.0,85.1
15206,142.9,7.00,24.37,0.1706,5.86,2345.0,85.1
15213,144.9,6.90,24.37,0.1681,5.95,2345.0,85.1
15220,142.9,7.00,24.37,0.1706,5.86,2345.0,85.1
15227,144.9,6.90,24.37,0.1681,5.95,2345.0,85.1
15234,144.9,6.90,24.37,0.1681,5.95,2345.0,85.1
15241,142.9,7.00,24.37,0.1706,5.86,2345.0,85.0
15248,142.9,7.00,24.37,0.1706,5.86,2345.0,85.0
15255,144.9,6.90,24.37,0.1681,5.95,2345.0,85.0
15262,142.9,7.00,24.37,0.1706,5.86,2345.0,85.0
15269,142.9,7.00,24.37,0.1706,5.86,2345.0,85.0
15275,144.9,6.90,24.37,0.1681,5.95,2345.0,85.0
15282,147.1,6.80,24.37,0.1657,6.04,2345.0,85.0
15289,142.9,7.00,24.37,0.1706,5.86,2345.0,85.0
15296,142.9,7.00,24.37,0.1706,5.86,2345.0,85.0
15303,144.9,6.90,24.37,0.1682,5.95,2345.0,85.0
15310,144.9,6.90,24.37,0.1682,5.94,2345.0,85.0
15317,142.9,7.00,24.37,0.1706,5.86,2345.0,85.0
15324,142.9,7.00,24.38,0.1706,5.86,2345.0,85.0
15331,144.9,6.90,24.38,0.1682,5.94,2345.0,85.0
15338,142.9,7.00,24.38,0.1706,5.86,2345.0,85.0
15345,144.9,6.90,24.38,0.1682,5.94,2345.0,85.0
15352,142.9,7.00,24.38,0.1707,5.86,2345.0,85.0
15359,144.9,6.90,24.38,0.1682,5.94,2345.0,85.0
15366,144.9,6.90,24.38,0.1682,5.94,2345.0,85.0
15373,142.9,7.00,24.38,0.1707,5.86,2345.0,85.0
15380,144.9,6.90,24.38,0.1683,5.94,2345.0,85.0
15387,142.9,7.00,24.39,0.1707,5.86,2345.0,85.0
15394,142.9,7.00,24.39,0.1707,5.86,2345.0,85.0
15400,144.9,6.90,24.39,0.1683,5.94,2345.0,85.0
15407,144.9,6.90,24.39,0.1683,5.94,2345.0,85.0
15414,142.9,7.00,24.39,0.1707,5.86,2345.0,85.0
15421,144.9,6.90,24.39,0.1683,5.94,2345.0,85.0
15428,144.9,6.90,24.39,0.1683,5.94,2345.0,85.0
15435,142.9,7.00,24.39,0.1708,5.86,2345.0,85.0
15442,142.9,7.00,24.39,0.1708,5.86,2345.0,85.0
15449,147.1,6.80,24.40,0.1659,6.03,2345.0,85.0
15456,142.9,7.00,24.40,0.1708,5.86,2345.0,85.0
15463,144.9,6.90,24.40,0.1683,5.94,2345.0,85.0
15470,142.9,7.00,24.40,0.1708,5.86,2345.0,85.0
15477,144.9,6.90,24.40,0.1684,5.94,2345.0,85.0
15484,144.9,6.90,24.40,0.1684,5.94,2345.0,85.0
15491,142.9,7.00,24.40,0.1708,5.86,2345.0,85.0
15498,142.9,7.00,24.40,0.1708,5.86,2345.0,85.0
15505,144.9,6.90,24.40,0.1684,5.94,2345.0,85.0
15511,144.9,6.90,24.41,0.1684,5.94,2345.0,85.0
15518,142.9,7.00,24.41,0.1708,5.85,2345.0,85.0
15525,144.9,6.90,24.41,0.1684,5.94,2345.0,85.0
15532,144.9,6.90,24.41,0.1684,5.94,2345.0,85.0
15539,142.9,7.00,24.41,0.1709,5.85,2345.0,85.0
15546,144.9,6.90,24.41,0.1684,5.94,2345.0,85.0
15553,144.9,6.90,24.41,0.1684,5.94,2345.0,85.0
15560,142.9,7.00,24.41,0.1709,5.85,2345.0,85.0
15567,144.9,6.90,24.41,0.1685,5.93,2345.0,85.0
15574,142.9,7.00,24.42,0.1709,5.85,2345.0,85.0
15581,142.9,7.00,24.42,0.1709,5.85,2345.0,85.0
15588,144.9,6.90,24.42,0.1685,5.93,2345.0,85.0
15595,142.9,7.00,24.42,0.1709,5.85,2345.0,85.0
15602,144.9,6.90,24.42,0.1685,5.93,2345.0,85.0
15609,144.9,6.90,24.42,0.1685,5.93,2345.0,85.0
15616,144.9,6.90,24.42,0.1685,5.93,2345.0,85.0
15623,142.9,7.00,24.42,0.1710,5.85,2345.0,85.0
15630,142.9,7.00,24.42,0.1710,5.85,2345.0,85.0
15636,144.9,6.90,24.43,0.1685,5.93,2345.0,85.0
15643,142.9,7.00,24.43,0.1710,5.85,2345.0,85.0
15650,144.9,6.90,24.43,0.1686,5.93,2345.0,85.0
15657,144.9,6.90,24.43,0.1686,5.93,2345.0,85.0
15664,144.9,6.90,24.43,0.1686,5.93,2345.0,85.0
15671,142.9,7.00,24.43,0.1710,5.85,2345.0,85.0
15678,144.9,6.90,24.43,0.1686,5.93,2345.0,85.0
15685,142.9,7.00,24.43,0.1710,5.85,2345.0,85.0
15692,144.9,6.90,24.43,0.1686,5.93,2345.0,85.0
15699,142.9,7.00,24.44,0.1711,5.85,2345.0,85.0
15706,144.9,6.90,24.44,0.1686,5.93,2345.0,85.0
15713,142.9,7.00,24.44,0.1711,5.85,2345.0,85.0
15720,144.9,6.90,24.44,0.1686,5.93,2345.0,85.0
15727,144.9,6.90,24.44,0.1686,5.93,2345.0,85.0
15734,140.8,7.10,24.44,0.1735,5.76,2345.0,85.0
15741,147.1,6.80,24.44,0.1662,6.02,2345.0,85.0
15747,144.9,6.90,24.44,0.1687,5.93,2345.0,85.0
15755,140.8,7.10,24.44,0.1736,5.76,2345.0,85.0
15762,142.9,7.00,24.45,0.1711,5.85,2345.0,85.0
15768,144.9,6.90,24.45,0.1687,5.93,2345.0,85.0
15775,144.9,6.90,24.45,0.1687,5.93,2345.0,85.0
15782,144.9,6.90,24.45,0.1687,5.93,2345.0,85.0
15789,142.9,7.00,24.45,0.1712,5.84,2345.0,85.0
15796,142.9,7.00,24.45,0.1712,5.84,2345.0,85.0
15803,144.9,6.90,24.45,0.1687,5.93,2345.0,85.0
15810,142.9,7.00,24.45,0.1712,5.84,2345.0,85.0
15817,144.9,6.90,24.45,0.1687,5.93,2345.0,85.0
15824,144.9,6.90,24.46,0.1687,5.92,2345.0,85.0
15831,142.9,7.00,24.46,0.1712,5.84,2345.0,85.0
15838,144.9,6.90,24.46,0.1688,5.92,2345.0,85.0
15845,142.9,7.00,24.46,0.1712,5.84,2345.0,85.0
15852,144.9,6.90,24.46,0.1688,5.92,2345.0,85.0
15859,142.9,7.00,24.46,0.1712,5.84,2345.0,85.0
15866,144.9,6.90,24.46,0.1688,5.92,2345.0,85.0
15873,142.9,7.00,24.46,0.1712,5.84,2345.0,85.0
15880,144.9,6.90,24.46,0.1688,5.92,2345.0,85.0
15887,142.9,7.00,24.47,0.1713,5.84,2345.0,85.0
15893,144.9,6.90,24.47,0.1688,5.92,2345.0,85.0
15900,144.9,6.90,24.47,0.1688,5.92,2345.0,85.0
15907,142.9,7.00,24.47,0.1713,5.84,2345.0,85.0
15914,142.9,7.00,24.47,0.1713,5.84,2345.0,85.0
15921,147.1,6.80,24.47,0.1664,6.01,2345.0,85.0
15928,144.9,6.90,24.47,0.1689,5.92,2345.0,85.0
15935,142.9,7.00,24.47,0.1713,5.84,2345.0,85.0
15942,144.9,6.90,24.47,0.1689,5.92,2345.0,85.0
15949,144.9,6.90,24.48,0.1689,5.92,2345.0,85.0
15956,140.8,7.10,24.48,0.1738,5.75,2345.0,85.0
15963,147.1,6.80,24.48,0.1665,6.01,2345.0,85.0
15970,142.9,7.00,24.48,0.1714,5.84,2345.0,85.0
15977,144.9,6.90,24.48,0.1689,5.92,2345.0,85.0
15984,142.9,7.00,24.48,0.1714,5.84,2345.0,85.0
15991,142.9,7.00,24.48,0.1714,5.84,2345.0,85.0
15998,144.9,6.90,24.48,0.1689,5.92,2345.0,85.0
16005,142.9,7.00,24.48,0.1714,5.84,2345.0,85.0
16011,144.9,6.90,24.49,0.1690,5.92,2345.0,85.0
16018,144.9,6.90,24.49,0.1690,5.92,2345.0,85.0
16025,142.9,7.00,24.49,0.1714,5.84,2345.0,85.0
16032,144.9,6.90,24.49,0.1690,5.92,2345.0,85.0
16039,144.9,6.90,24.49,0.1690,5.92,2345.0,85.0
16046,142.9,7.00,24.49,0.1714,5.83,2345.0,85.0
16053,144.9,6.90,24.49,0.1690,5.92,2345.0,85.0
16060,140.8,7.10,24.49,0.1739,5.75,2345.0,85.0
16067,147.1,6.80,24.49,0.1666,6.01,2345.0,85.0
16074,142.9,7.00,24.50,0.1715,5.83,2345.0,85.0
16081,142.9,7.00,24.50,0.1715,5.83,2345.0,85.0
16088,144.9,6.90,24.50,0.1690,5.91,2345.0,85.0
16095,144.9,6.90,24.50,0.1690,5.91,2345.0,85.0
16102,142.9,7.00,24.50,0.1715,5.83,2345.0,85.0
16109,144.9,6.90,24.50,0.1691,5.91,2345.0,85.0
16116,144.9,6.90,24.50,0.1691,5.91,2345.0,85.0
16123,142.9,7.00,24.50,0.1715,5.83,2345.0,85.0
16130,142.9,7.00,24.50,0.1715,5.83,2345.0,85.0
16137,142.9,7.00,24.51,0.1715,5.83,2345.0,85.0
16143,144.9,6.90,24.51,0.1691,5.91,2345.0,85.0
16150,144.9,6.90,24.51,0.1691,5.91,2345.0,85.0
16157,147.1,6.80,24.51,0.1667,6.00,2345.0,85.0
16164,142.9,7.00,24.51,0.1716,5.83,2345.0,85.0
16171,142.9,7.00,24.51,0.1716,5.83,2345.0,85.0
16178,144.9,6.90,24.51,0.1691,5.91,2345.0,85.0
16185,142.9,7.00,24.51,0.1716,5.83,2345.0,85.0
16192,144.9,6.90,24.51,0.1692,5.91,2345.0,85.0
16199,142.9,7.00,24.52,0.1716,5.83,2345.0,85.0
16206,144.9,6.90,24.52,0.1692,5.91,2345.0,85.0
16213,142.9,7.00,24.52,0.1716,5.83,2345.0,85.0
16220,144.9,6.90,24.52,0.1692,5.91,2345.0,85.0
16227,144.9,6.90,24.52,0.1692,5.91,2345.0,85.0
16234,142.9,7.00,24.52,0.1716,5.83,2345.0,85.0
16241,144.9,6.90,24.52,0.1692,5.91,2345.0,85.0
16247,144.9,6.90,24.52,0.1692,5.91,2345.0,85.0
16255,140.8,7.10,24.52,0.1741,5.74,2345.0,85.0
16261,144.9,6.90,24.53,0.1692,5.91,2345.0,85.0
16268,144.9,6.90,24.53,0.1692,5.91,2345.0,85.0
16275,140.8,7.10,24.53,0.1741,5.74,2345.0,85.0
16282,144.9,6.90,24.53,0.1693,5.91,2345.0,85.0
16289,144.9,6.90,24.53,0.1693,5.91,2345.0,85.0
16296,142.9,7.00,24.53,0.1717,5.83,2345.0,85.0
16303,144.9,6.90,24.53,0.1693,5.91,2345.0,85.0
16310,144.9,6.90,24.53,0.1693,5.91,2345.0,85.0
16317,142.9,7.00,24.54,0.1717,5.82,2345.0,85.0
16324,144.9,6.90,24.54,0.1693,5.91,2345.0,85.0
16331,142.9,7.00,24.54,0.1718,5.82,2345.0,85.0
16338,142.9,7.00,24.54,0.1718,5.82,2345.0,85.0
16345,144.9,6.90,24.54,0.1693,5.90,2345.0,85.1
16352,144.9,6.90,24.54,0.1693,5.90,2345.0,85.1
16359,144.9,6.90,24.54,0.1693,5.90,2345.0,85.1
16366,142.9,7.00,24.54,0.1718,5.82,2345.0,85.1
16373,142.9,7.00,24.55,0.1718,5.82,2345.0,85.1
16380,144.9,6.90,24.55,0.1694,5.90,2345.0,85.1
16386,144.9,6.90,24.55,0.1694,5.90,2345.0,85.1
16393,144.9,6.90,24.55,0.1694,5.90,2345.0,85.1
16400,142.9,7.00,24.55,0.1719,5.82,2345.0,85.1
16407,142.9,7.00,24.55,0.1719,5.82,2345.0,85.1
16414,142.9,7.00,24.55,0.1719,5.82,2345.0,85.1
16421,144.9,6.90,24.55,0.1694,5.90,2345.0,85.1
16428,144.9,6.90,24.56,0.1694,5.90,2345.0,85.1
16435,144.9,6.90,24.56,0.1694,5.90,2345.0,85.1
16442,144.9,6.90,24.56,0.1694,5.90,2345.0,85.2
16449,142.9,7.00,24.56,0.1719,5.82,2345.0,85.2
16456,142.9,7.00,24.56,0.1719,5.82,2345.0,85.2
16463,144.9,6.90,24.56,0.1695,5.90,2345.0,85.2
16470,142.9,7.00,24.56,0.1719,5.82,2345.0,85.2
16477,144.9,6.90,24.56,0.1695,5.90,2345.0,85.2
16484,144.9,6.90,24.57,0.1695,5.90,2345.0,85.2
16491,142.9,7.00,24.57,0.1720,5.82,2345.0,85.2
16498,144.9,6.90,24.57,0.1695,5.90,2345.0,85.2
16504,144.9,6.90,24.57,0.1695,5.90,2345.0,85.2
16511,142.9,7.00,24.57,0.1720,5.82,2345.0,85.2
16518,142.9,7.00,24.57,0.1720,5.82,2345.0,85.2
16525,144.9,6.90,24.57,0.1696,5.90,2345.0,85.2
16532,144.9,6.90,24.57,0.1696,5.90,2345.0,85.2
16539,142.9,7.00,24.58,0.1720,5.81,2345.0,85.3
16546,147.1,6.80,24.58,0.1671,5.99,2345.0,85.3
16553,140.8,7.10,24.58,0.1745,5.73,2345.0,85.3
16560,142.9,7.00,24.58,0.1721,5.81,2345.0,85.3
16567,144.9,6.90,24.58,0.1696,5.89,2345.0,85.3
16574,144.9,6.90,24.58,0.1696,5.89,2345.0,85.3
16581,144.9,6.90,24.58,0.1696,5.89,2345.0,85.3
16588,142.9,7.00,24.58,0.1721,5.81,2345.0,85.3
16595,144.9,6.90,24.59,0.1696,5.89,2345.0,85.3
16602,142.9,7.00,24.59,0.1721,5.81,2345.0,85.3
16609,144.9,6.90,24.59,0.1697,5.89,2345.0,85.3
16616,142.9,7.00,24.59,0.1721,5.81,2345.0,85.3
16623,144.9,6.90,24.59,0.1697,5.89,2345.0,85.3
16629,144.9,6.90,24.59,0.1697,5.89,2345.0,85.3
16636,142.9,7.00,24.59,0.1721,5.81,2345.0,85.3
16643,144.9,6.90,24.59,0.1697,5.89,2345.0,85.4
16650,142.9,7.00,24.60,0.1722,5.81,2345.0,85.4
16657,144.9,6.90,24.60,0.1697,5.89,2345.0,85.4
16664,144.9,6.90,24.60,0.1697,5.89,2345.0,85.4
16671,142.9,7.00,24.60,0.1722,5.81,2345.0,85.4
16678,144.9,6.90,24.60,0.1697,5.89,2345.0,85.4
16685,142.9,7.00,24.60,0.1722,5.81,2345.0,85.4
16692,142.9,7.00,24.60,0.1722,5.81,2345.0,85.4
16699,144.9,6.90,24.60,0.1698,5.89,2345.0,85.4
16706,144.9,6.90,24.61,0.1698,5.89,2345.0,85.4
16713,144.9,6.90,24.61,0.1698,5.89,2345.0,85.4
16720,142.9,7.00,24.61,0.1723,5.81,2345.0,85.4
16727,142.9,7.00,24.61,0.1723,5.81,2345.0,85.4
16734,144.9,6.90,24.61,0.1698,5.89,2345.0,85.4
16741,144.9,6.90,24.61,0.1698,5.89,2345.0,85.5
16748,142.9,7.00,24.61,0.1723,5.81,2345.0,85.5
16755,142.9,7.00,24.61,0.1723,5.81,2345.0,85.5
16761,147.1,6.80,24.62,0.1674,5.98,2345.0,85.5
16768,140.8,7.10,24.62,0.1748,5.72,2345.0,85.5
16775,144.9,6.90,24.62,0.1699,5.89,2345.0,85.5
16782,144.9,6.90,24.62,0.1699,5.89,2345.0,85.5
16789,142.9,7.00,24.62,0.1723,5.80,2345.0,85.5
16796,144.9,6.90,24.62,0.1699,5.89,2345.0,85.5
16803,142.9,7.00,24.62,0.1724,5.80,2345.0,85.5
16810,144.9,6.90,24.62,0.1699,5.88,2345.0,85.5
16817,144.9,6.90,24.63,0.1699,5.88,2345.0,85.5
16824,142.9,7.00,24.63,0.1724,5.80,2345.0,85.5
16831,144.9,6.90,24.63,0.1699,5.88,2345.0,85.5
16838,142.9,7.00,24.63,0.1724,5.80,2345.0,85.5
16845,144.9,6.90,24.63,0.1699,5.88,2345.0,85.6
16852,142.9,7.00,24.63,0.1724,5.80,2345.0,85.6
16859,144.9,6.90,24.63,0.1700,5.88,2345.0,85.6
16866,142.9,7.00,24.63,0.1724,5.80,2345.0,85.6
16873,144.9,6.90,24.64,0.1700,5.88,2345.0,85.6
16880,142.9,7.00,24.64,0.1725,5.80,2345.0,85.6
16886,144.9,6.90,24.64,0.1700,5.88,2345.0,85.6
16893,142.9,7.00,24.64,0.1725,5.80,2345.0,85.6
16900,144.9,6.90,24.64,0.1700,5.88,2345.0,85.6
16907,142.9,7.00,24.64,0.1725,5.80,2345.0,85.6
16914,144.9,6.90,24.64,0.1700,5.88,2345.0,85.6
16921,144.9,6.90,24.64,0.1700,5.88,2345.0,85.6
16928,142.9,7.00,24.65,0.1725,5.80,2345.0,85.6
16935,144.9,6.90,24.65,0.1701,5.88,2345.0,85.6
16942,142.9,7.00,24.65,0.1725,5.80,2345.0,85.7
16949,144.9,6.90,24.65,0.1701,5.88,2345.0,85.7
16956,142.9,7.00,24.65,0.1726,5.80,2345.0,85.7
16963,144.9,6.90,24.65,0.1701,5.88,2345.0,85.7
16970,144.9,6.90,24.65,0.1701,5.88,2345.0,85.7
16977,144.9,6.90,24.65,0.1701,5.88,2345.0,85.7
16984,142.9,7.00,24.66,0.1726,5.80,2345.0,85.7
16991,144.9,6.90,24.66,0.1701,5.88,2345.0,85.7
16998,142.9,7.00,24.66,0.1726,5.80,2345.0,85.7
17004,144.9,6.90,24.66,0.1701,5.88,2345.0,85.7
17011,142.9,7.00,24.66,0.1726,5.79,2345.0,85.7
17018,144.9,6.90,24.66,0.1702,5.88,2345.0,85.7
17025,142.9,7.00,24.66,0.1726,5.79,2345.0,85.7
17032,144.9,6.90,24.66,0.1702,5.87,2345.0,85.7
17039,142.9,7.00,24.67,0.1727,5.79,2345.0,85.8
17046,144.9,6.90,24.67,0.1702,5.87,2345.0,85.8
17053,144.9,6.90,24.67,0.1702,5.87,2345.0,85.8
17060,142.9,7.00,24.67,0.1727,5.79,2345.0,85.8
17067,144.9,6.90,24.67,0.1702,5.87,2345.0,85.8
17074,144.9,6.90,24.67,0.1702,5.87,2345.0,85.8
17081,140.8,7.10,24.67,0.1752,5.71,2345.0,85.8
17088,144.9,6.90,24.67,0.1703,5.87,2345.0,85.8
17095,144.9,6.90,24.68,0.1703,5.87,2345.0,85.8
17102,142.9,7.00,24.68,0.1727,5.79,2345.0,85.8
17109,142.9,7.00,24.68,0.1727,5.79,2345.0,85.8
17116,142.9,7.00,24.68,0.1728,5.79,2345.0,85.8
17123,144.9,6.90,24.68,0.1703,5.87,2345.0,85.8
17130,144.9,6.90,24.68,0.1703,5.87,2345.0,85.8
17136,144.9,6.90,24.68,0.1703,5.87,2345.0,85.8
17143,142.9,7.00,24.68,0.1728,5.79,2345.0,85.9
17150,144.9,6.90,24.69,0.1703,5.87,2345.0,85.9
17157,144.9,6.90,24.69,0.1703,5.87,2345.0,85.9
17164,144.9,6.90,24.69,0.1703,5.87,2345.0,85.9
17171,142.9,7.00,24.69,0.1728,5.79,2345.0,85.9
17178,144.9,6.90,24.69,0.1704,5.87,2345.0,85.9
17185,142.9,7.00,24.69,0.1728,5.79,2345.0,85.9
17192,144.9,6.90,24.69,0.1704,5.87,2345.0,85.9
17199,142.9,7.00,24.69,0.1729,5.79,2345.0,85.9
17206,144.9,6.90,24.70,0.1704,5.87,2345.0,85.9
17213,144.9,6.90,24.70,0.1704,5.87,2345.0,85.9
17220,142.9,7.00,24.70,0.1729,5.79,2345.0,85.9
17227,144.9,6.90,24.70,0.1704,5.87,2345.0,85.9
17234,142.9,7.00,24.70,0.1729,5.79,2345.0,85.9
17241,142.9,7.00,24.70,0.1729,5.79,2345.0,86.0
17248,144.9,6.90,24.70,0.1704,5.87,2345.0,86.0
17254,144.9,6.90,24.70,0.1705,5.87,2345.0,86.0
17261,144.9,6.90,24.71,0.1705,5.87,2345.0,86.0
17268,142.9,7.00,24.71,0.1729,5.78,2345.0,86.0
17275,142.9,7.00,24.71,0.1730,5.78,2345.0,86.0
17282,144.9,6.90,24.71,0.1705,5.86,2345.0,86.0
17289,142.9,7.00,24.71,0.1730,5.78,2345.0,86.0
17296,144.9,6.90,24.71,0.1705,5.86,2345.0,86.0
17303,144.9,6.90,24.71,0.1705,5.86,2345.0,86.0
17310,142.9,7.00,24.71,0.1730,5.78,2345.0,86.0
17317,144.9,6.90,24.71,0.1705,5.86,2345.0,86.0
17324,144.9,6.90,24.71,0.1705,5.86,2345.0,86.0
17331,140.8,7.10,24.71,0.1754,5.70,2345.0,86.0
17338,144.9,6.90,24.71,0.1705,5.87,2345.0,86.0
17345,144.9,6.90,24.70,0.1705,5.87,2345.0,86.0
17352,142.9,7.00,24.70,0.1729,5.78,2345.0,86.0
17359,144.9,6.90,24.70,0.1705,5.87,2345.0,86.0
17366,142.9,7.00,24.70,0.1729,5.78,2345.0,86.0
17373,144.9,6.90,24.70,0.1704,5.87,2345.0,86.0
17379,144.9,6.90,24.70,0.1704,5.87,2345.0,86.0
17386,142.9,7.00,24.70,0.1729,5.79,2345.0,86.0
17393,142.9,7.00,24.70,0.1729,5.79,2345.0,86.0
17400,144.9,6.90,24.70,0.1704,5.87,2345.0,86.0
17407,144.9,6.90,24.70,0.1704,5.87,2345.0,86.0
17414,142.9,7.00,24.70,0.1729,5.79,2345.0,86.0
17421,147.1,6.80,24.70,0.1679,5.96,2345.0,86.0
17428,140.8,7.10,24.70,0.1753,5.70,2345.0,86.0
17435,144.9,6.90,24.70,0.1704,5.87,2345.0,86.0
17442,144.9,6.90,24.69,0.1704,5.87,2345.0,86.0
17449,142.9,7.00,24.69,0.1729,5.79,2345.0,86.0
17456,144.9,6.90,24.69,0.1704,5.87,2345.0,86.0
17463,144.9,6.90,24.69,0.1704,5.87,2345.0,86.0
17470,140.8,7.10,24.69,0.1753,5.70,2345.0,86.0
17477,144.9,6.90,24.69,0.1704,5.87,2345.0,86.0
17484,142.9,7.00,24.69,0.1728,5.79,2345.0,86.0
17491,144.9,6.90,24.69,0.1704,5.87,2345.0,86.0
17498,144.9,6.90,24.69,0.1704,5.87,2345.0,86.0
17505,142.9,7.00,24.69,0.1728,5.79,2345.0,86.0
17511,144.9,6.90,24.69,0.1703,5.87,2345.0,86.0
17518,144.9,6.90,24.69,0.1703,5.87,2345.0,86.0
17525,142.9,7.00,24.69,0.1728,5.79,2345.0,86.0
17532,142.9,7.00,24.69,0.1728,5.79,2345.0,86.0
17539,144.9,6.90,24.68,0.1703,5.87,2345.0,86.0
17546,144.9,6.90,24.68,0.1703,5.87,2345.0,86.0
17553,144.9,6.90,24.68,0.1703,5.87,2345.0,86.0
17560,142.9,7.00,24.68,0.1728,5.79,2345.0,86.0
17567,142.9,7.00,24.68,0.1728,5.79,2345.0,86.0
17574,144.9,6.90,24.68,0.1703,5.87,2345.0,86.0
17581,142.9,7.00,24.68,0.1728,5.79,2345.0,86.0
17588,144.9,6.90,24.68,0.1703,5.87,2345.0,86.0
17595,144.9,6.90,24.68,0.1703,5.87,2345.0,86.0
17602,142.9,7.00,24.68,0.1728,5.79,2345.0,86.0
17609,144.9,6.90,24.68,0.1703,5.87,2345.0,86.0
17616,142.9,7.00,24.68,0.1727,5.79,2345.0,86.0
17623,144.9,6.90,24.68,0.1703,5.87,2345.0,86.0
17629,144.9,6.90,24.68,0.1703,5.87,2345.0,86.0
17636,144.9,6.90,24.68,0.1703,5.87,2345.0,86.0
17643,140.8,7.10,24.67,0.1752,5.71,2345.0,86.0
17650,144.9,6.90,24.67,0.1702,5.87,2345.0,86.0
17657,142.9,7.00,24.67,0.1727,5.79,2345.0,86.0
17664,144.9,6.90,24.67,0.1702,5.87,2345.0,86.0
17671,142.9,7.00,24.67,0.1727,5.79,2345.0,86.0
17678,142.9,7.00,24.67,0.1727,5.79,2345.0,86.0
17685,144.9,6.90,24.67,0.1702,5.87,2345.0,86.0
17692,142.9,7.00,24.67,0.1727,5.79,2345.0,86.0
17699,144.9,6.90,24.67,0.1702,5.87,2345.0,86.0
17706,142.9,7.00,24.67,0.1727,5.79,2345.0,86.0
17713,147.1,6.80,24.67,0.1677,5.96,2345.0,86.0
17720,144.9,6.90,24.67,0.1702,5.87,2345.0,86.0
17727,142.9,7.00,24.67,0.1727,5.79,2345.0,86.0
17734,144.9,6.90,24.67,0.1702,5.87,2345.0,86.0
17741,142.9,7.00,24.66,0.1727,5.79,2345.0,86.0
17748,142.9,7.00,24.66,0.1726,5.79,2345.0,86.0
17754,147.1,6.80,24.66,0.1677,5.96,2345.0,86.0
17761,142.9,7.00,24.66,0.1726,5.79,2345.0,86.0
17768,142.9,7.00,24.66,0.1726,5.79,2345.0,86.0
17775,144.9,6.90,24.66,0.1702,5.88,2345.0,86.0
17782,142.9,7.00,24.66,0.1726,5.79,2345.0,86.0
17789,142.9,7.00,24.66,0.1726,5.79,2345.0,86.0
17796,144.9,6.90,24.66,0.1701,5.88,2345.0,86.0
17803,144.9,6.90,24.66,0.1701,5.88,2345.0,86.0
17810,142.9,7.00,24.66,0.1726,5.80,2345.0,86.0
17817,142.9,7.00,24.66,0.1726,5.80,2345.0,86.0
17824,147.1,6.80,24.66,0.1677,5.97,2345.0,86.0
17831,144.9,6.90,24.66,0.1701,5.88,2345.0,86.0
17838,142.9,7.00,24.66,0.1726,5.80,2345.0,86.0
17845,142.9,7.00,24.65,0.1726,5.80,2345.0,86.0
17852,144.9,6.90,24.65,0.1701,5.88,2345.0,86.0
17859,144.9,6.90,24.65,0.1701,5.88,2345.0,86.0
17866,144.9,6.90,24.65,0.1701,5.88,2345.0,86.0
17873,140.8,7.10,24.65,0.1750,5.71,2345.0,86.0
17879,147.1,6.80,24.65,0.1676,5.97,2345.0,86.0
17887,140.8,7.10,24.65,0.1750,5.71,2345.0,86.0
17893,147.1,6.80,24.65,0.1676,5.97,2345.0,86.0
17900,142.9,7.00,24.65,0.1725,5.80,2345.0,86.0
17907,144.9,6.90,24.65,0.1701,5.88,2345.0,86.0
17914,142.9,7.00,24.65,0.1725,5.80,2345.0,86.0
17921,142.9,7.00,24.65,0.1725,5.80,2345.0,86.0
17928,147.1,6.80,24.65,0.1676,5.97,2345.0,86.0
17935,144.9,6.90,24.65,0.1701,5.88,2345.0,86.0
17942,142.9,7.00,24.64,0.1725,5.80,2345.0,86.0
17949,144.9,6.90,24.64,0.1700,5.88,2345.0,86.0
17956,142.9,7.00,24.64,0.1725,5.80,2345.0,86.0
17963,144.9,6.90,24.64,0.1700,5.88,2345.0,86.0
17970,142.9,7.00,24.64,0.1725,5.80,2345.0,86.0
17977,144.9,6.90,24.64,0.1700,5.88,2345.0,86.0
17984,142.9,7.00,24.64,0.1725,5.80,2345.0,86.0
17991,144.9,6.90,24.64,0.1700,5.88,2345.0,86.0
17997,144.9,6.90,24.64,0.1700,5.88,2345.0,86.0
18004,142.9,7.00,24.64,0.1725,5.80,2345.0,86.0
18011,142.9,7.00,24.64,0.1725,5.80,2345.0,86.0
18018,144.9,6.90,24.64,0.1700,5.88,2345.0,86.0
18025,144.9,6.90,24.64,0.1700,5.88,2345.0,86.0
18032,142.9,7.00,24.64,0.1724,5.80,2345.0,86.0
18039,144.9,6.90,24.63,0.1700,5.88,2345.0,86.0
18046,142.9,7.00,24.63,0.1724,5.80,2345.0,86.0
18053,144.9,6.90,24.63,0.1700,5.88,2345.0,86.0
18060,142.9,7.00,24.63,0.1724,5.80,2345.0,86.0
18067,144.9,6.90,24.63,0.1700,5.88,2345.0,86.0
18074,142.9,7.00,24.63,0.1724,5.80,2345.0,86.0
18081,147.1,6.80,24.63,0.1675,5.97,2345.0,86.0
18088,142.9,7.00,24.63,0.1724,5.80,2345.0,86.0
18095,142.9,7.00,24.63,0.1724,5.80,2345.0,86.0
18102,144.9,6.90,24.63,0.1699,5.88,2345.0,86.0
18109,142.9,7.00,24.63,0.1724,5.80,2345.0,86.0
18116,144.9,6.90,24.63,0.1699,5.88,2345.0,86.0
18123,142.9,7.00,24.63,0.1724,5.80,2345.0,86.0
18129,144.9,6.90,24.63,0.1699,5.88,2345.0,86.0
18136,144.9,6.90,24.63,0.1699,5.88,2345.0,86.0
18143,142.9,7.00,24.62,0.1724,5.80,2345.0,86.0
18150,144.9,6.90,24.62,0.1699,5.88,2345.0,86.0
18157,142.9,7.00,24.62,0.1724,5.80,2345.0,86.0
18164,144.9,6.90,24.62,0.1699,5.88,2345.0,86.0
18171,144.9,6.90,24.62,0.1699,5.89,2345.0,86.0
18178,144.9,6.90,24.62,0.1699,5.89,2345.0,86.0
18185,142.9,7.00,24.62,0.1723,5.80,2345.0,86.0
18192,142.9,7.00,24.62,0.1723,5.80,2345.0,86.0
18199,142.9,7.00,24.62,0.1723,5.80,2345.0,86.0
18206,144.9,6.90,24.62,0.1699,5.89,2345.0,86.0
18213,142.9,7.00,24.62,0.1723,5.80,2345.0,86.0
18220,144.9,6.90,24.62,0.1699,5.89,2345.0,86.0
18227,144.9,6.90,24.62,0.1699,5.89,2345.0,86.0
18234,140.8,7.10,24.62,0.1748,5.72,2345.0,86.0
18241,142.9,7.00,24.61,0.1723,5.81,2345.0,86.0
18248,144.9,6.90,24.61,0.1698,5.89,2345.0,86.0
18254,147.1,6.80,24.61,0.1674,5.98,2345.0,86.0
18261,142.9,7.00,24.61,0.1723,5.81,2345.0,86.0
18268,144.9,6.90,24.61,0.1698,5.89,2345.0,86.0
18275,142.9,7.00,24.61,0.1723,5.81,2345.0,86.0
18282,144.9,6.90,24.61,0.1698,5.89,2345.0,86.0
18289,142.9,7.00,24.61,0.1723,5.81,2345.0,86.0
18296,144.9,6.90,24.61,0.1698,5.89,2345.0,86.0
18303,144.9,6.90,24.61,0.1698,5.89,2345.0,86.0
18310,142.9,7.00,24.61,0.1723,5.81,2345.0,86.0
18317,142.9,7.00,24.61,0.1723,5.81,2345.0,86.0
18324,142.9,7.00,24.61,0.1723,5.81,2345.0,86.0
18331,144.9,6.90,24.61,0.1698,5.89,2345.0,86.0
18338,142.9,7.00,24.61,0.1723,5.81,2345.0,86.0
18345,144.9,6.90,24.61,0.1698,5.89,2345.0,86.0
18352,142.9,7.00,24.61,0.1723,5.81,2345.0,86.0
18359,147.1,6.80,24.61,0.1673,5.98,2345.0,86.0
18366,140.8,7.10,24.61,0.1747,5.72,2345.0,86.0
18373,144.9,6.90,24.61,0.1698,5.89,2345.0,86.0
18380,142.9,7.00,24.61,0.1722,5.81,2345.0,86.0
18387,144.9,6.90,24.61,0.1698,5.89,2345.0,86.0
18393,144.9,6.90,24.61,0.1698,5.89,2345.0,86.0
18400,142.9,7.00,24.61,0.1722,5.81,2345.0,86.0
18407,144.9,6.90,24.61,0.1698,5.89,2345.0,86.0
18414,144.9,6.90,24.60,0.1698,5.89,2345.0,86.0
18421,144.9,6.90,24.60,0.1698,5.89,2345.0,86.0
18428,144.9,6.90,24.60,0.1698,5.89,2345.0,86.0
18435,144.9,6.90,24.60,0.1698,5.89,2345.0,86.0
18442,142.9,7.00,24.60,0.1722,5.81,2345.0,86.0
18449,144.9,6.90,24.60,0.1698,5.89,2345.0,86.0
18456,140.8,7.10,24.60,0.1747,5.72,2345.0,86.0
18463,144.9,6.90,24.60,0.1698,5.89,2345.0,86.0
18470,142.9,7.00,24.60,0.1722,5.81,2345.0,86.0
18477,144.9,6.90,24.60,0.1698,5.89,2345.0,86.0
18484,147.1,6.80,24.60,0.1673,5.98,2345.0,86.0
18491,142.9,7.00,24.60,0.1722,5.81,2345.0,86.0
18498,142.9,7.00,24.60,0.1722,5.81,2345.0,86.0
18505,142.9,7.00,24.60,0.1722,5.81,2345.0,86.0
18511,144.9,6.90,24.60,0.1697,5.89,2345.0,86.0
18518,142.9,7.00,24.60,0.1722,5.81,2345.0,86.0
18525,144.9,6.90,24.60,0.1697,5.89,2345.0,86.0
18532,142.9,7.00,24.60,0.1722,5.81,2345.0,86.0
18539,142.9,7.00,24.60,0.1722,5.81,2345.0,86.0
18546,149.3,6.70,24.60,0.1648,6.07,2345.0,86.0
18553,140.8,7.10,24.60,0.1747,5.72,2345.0,86.0
18560,144.9,6.90,24.60,0.1697,5.89,2345.0,86.0
18567,142.9,7.00,24.60,0.1722,5.81,2345.0,86.0
18574,144.9,6.90,24.60,0.1697,5.89,2345.0,86.0
18581,142.9,7.00,24.60,0.1722,5.81,2345.0,86.0
18588,144.9,6.90,24.60,0.1697,5.89,2345.0,86.0
18595,144.9,6.90,24.60,0.1697,5.89,2345.0,86.0
18602,142.9,7.00,24.60,0.1722,5.81,2345.0,86.0
18609,144.9,6.90,24.60,0.1697,5.89,2345.0,86.0
18616,142.9,7.00,24.60,0.1722,5.81,2345.0,86.0
18623,144.9,6.90,24.60,0.1697,5.89,2345.0,86.0
18629,144.9,6.90,24.60,0.1697,5.89,2345.0,86.0
18636,144.9,6.90,24.60,0.1697,5.89,2345.0,86.0
18643,142.9,7.00,24.60,0.1722,5.81,2345.0,86.0
18650,142.9,7.00,24.60,0.1722,5.81,2345.0,86.0
18657,144.9,6.90,24.60,0.1697,5.89,2345.0,86.0
18664,142.9,7.00,24.59,0.1722,5.81,2345.0,86.0
18671,144.9,6.90,24.59,0.1697,5.89,2345.0,86.0
18678,142.9,7.00,24.59,0.1722,5.81,2345.0,86.0
18685,144.9,6.90,24.59,0.1697,5.89,2345.0,86.0
18692,142.9,7.00,24.59,0.1722,5.81,2345.0,86.0
18699,144.9,6.90,24.59,0.1697,5.89,2345.0,86.0
18706,144.9,6.90,24.59,0.1697,5.89,2345.0,86.0
18713,144.9,6.90,24.59,0.1697,5.89,2345.0,86.0
18720,140.8,7.10,24.59,0.1746,5.73,2345.0,86.0
18727,144.9,6.90,24.59,0.1697,5.89,2345.0,86.0
18734,147.1,6.80,24.59,0.1672,5.98,2345.0,86.0
18741,140.8,7.10,24.59,0.1746,5.73,2345.0,86.0
18748,144.9,6.90,24.59,0.1697,5.89,2345.0,86.0
18754,144.9,6.90,24.59,0.1697,5.89,2345.0,86.0
18761,142.9,7.00,24.59,0.1721,5.81,2345.0,86.0
18768,142.9,7.00,24.59,0.1721,5.81,2345.0,86.0
18775,147.1,6.80,24.59,0.1672,5.98,2345.0,86.0
18782,140.8,7.10,24.59,0.1746,5.73,2345.0,86.0
18789,147.1,6.80,24.59,0.1672,5.98,2345.0,86.0
18796,144.9,6.90,24.59,0.1697,5.89,2345.0,86.0
18803,142.9,7.00,24.59,0.1721,5.81,2345.0,86.0
18810,144.9,6.90,24.59,0.1697,5.89,2345.0,86.0
18817,142.9,7.00,24.59,0.1721,5.81,2345.0,86.0
18824,144.9,6.90,24.59,0.1697,5.89,2345.0,86.0
18831,142.9,7.00,24.59,0.1721,5.81,2345.0,86.0
18838,144.9,6.90,24.59,0.1697,5.89,2345.0,86.0
18845,142.9,7.00,24.59,0.1721,5.81,2345.0,86.0
18852,144.9,6.90,24.59,0.1697,5.89,2345.0,86.0
18859,144.9,6.90,24.59,0.1697,5.89,2345.0,86.0
18866,140.8,7.10,24.59,0.1746,5.73,2345.0,86.0
18872,147.1,6.80,24.59,0.1672,5.98,2345.0,86.0
18880,140.8,7.10,24.59,0.1746,5.73,2345.0,86.0
18886,147.1,6.80,24.59,0.1672,5.98,2345.0,86.0
18893,144.9,6.90,24.59,0.1696,5.89,2345.0,86.0
18900,142.9,7.00,24.59,0.1721,5.81,2345.0,86.0
18907,142.9,7.00,24.59,0.1721,5.81,2345.0,86.0
18914,142.9,7.00,24.58,0.1721,5.81,2345.0,86.0
18921,144.9,6.90,24.58,0.1696,5.89,2345.0,86.0
18928,144.9,6.90,24.58,0.1696,5.89,2345.0,86.0
18935,144.9,6.90,24.58,0.1696,5.89,2345.0,86.0
18942,142.9,7.00,24.58,0.1721,5.81,2345.0,86.0
18949,144.9,6.90,24.58,0.1696,5.89,2345.0,86.0
18956,144.9,6.90,24.58,0.1696,5.89,2345.0,86.0
18963,140.8,7.10,24.58,0.1745,5.73,2345.0,86.0
18970,147.1,6.80,24.58,0.1672,5.98,2345.0,86.0
18977,142.9,7.00,24.58,0.1721,5.81,2345.0,86.0
18984,142.9,7.00,24.58,0.1721,5.81,2345.0,86.0
18991,144.9,6.90,24.58,0.1696,5.89,2345.0,86.0
18998,142.9,7.00,24.58,0.1721,5.81,2345.0,86.0
19004,144.9,6.90,24.58,0.1696,5.89,2345.0,86.0
19011,144.9,6.90,24.58,0.1696,5.89,2345.0,86.0
19018,140.8,7.10,24.58,0.1745,5.73,2345.0,86.0
19025,147.1,6.80,24.58,0.1671,5.98,2345.0,86.0
19032,142.9,7.00,24.58,0.1721,5.81,2345.0,86.0
19039,144.9,6.90,24.58,0.1696,5.90,2345.0,86.0
19046,142.9,7.00,24.58,0.1721,5.81,2345.0,86.0
19053,142.9,7.00,24.58,0.1721,5.81,2345.0,86.0
19060,147.1,6.80,24.58,0.1671,5.98,2345.0,86.0
19067,142.9,7.00,24.58,0.1721,5.81,2345.0,86.0
19074,144.9,6.90,24.58,0.1696,5.90,2345.0,86.0
19081,142.9,7.00,24.58,0.1720,5.81,2345.0,86.0
19088,142.9,7.00,24.58,0.1720,5.81,2345.0,86.0
19095,144.9,6.90,24.58,0.1696,5.90,2345.0,86.0
19102,144.9,6.90,24.58,0.1696,5.90,2345.0,86.0
19109,142.9,7.00,24.58,0.1720,5.81,2345.0,86.0
19116,144.9,6.90,24.58,0.1696,5.90,2345.0,86.0
19122,144.9,6.90,24.58,0.1696,5.90,2345.0,86.0
19129,142.9,7.00,24.58,0.1720,5.81,2345.0,86.0
19136,144.9,6.90,24.58,0.1696,5.90,2345.0,86.0
19143,142.9,7.00,24.58,0.1720,5.81,2345.0,86.0
19150,142.9,7.00,24.58,0.1720,5.81,2345.0,86.0
19157,144.9,6.90,24.58,0.1696,5.90,2345.0,86.0
19164,147.1,6.80,24.57,0.1671,5.99,2345.0,86.0
19171,142.9,7.00,24.57,0.1720,5.81,2345.0,86.0
19178,142.9,7.00,24.57,0.1720,5.81,2345.0,86.0
19185,142.9,7.00,24.57,0.1720,5.82,2345.0,86.0
19192,144.9,6.90,24.57,0.1696,5.90,2345.0,86.0
19199,144.9,6.90,24.57,0.1696,5.90,2345.0,86.0
19206,140.8,7.10,24.57,0.1745,5.73,2345.0,86.0
19213,147.1,6.80,24.57,0.1671,5.99,2345.0,86.0
19220,142.9,7.00,24.57,0.1720,5.82,2345.0,86.0
19227,144.9,6.90,24.57,0.1695,5.90,2345.0,86.0
19234,142.9,7.00,24.57,0.1720,5.82,2345.0,86.0
19241,144.9,6.90,24.57,0.1695,5.90,2345.0,86.0
19248,140.8,7.10,24.57,0.1745,5.73,2345.0,86.0
19254,149.3,6.70,24.57,0.1646,6.08,2345.0,86.0
19261,142.9,7.00,24.57,0.1720,5.82,2345.0,86.0
19268,142.9,7.00,24.57,0.1720,5.82,2345.0,86.0
19275,144.9,6.90,24.57,0.1695,5.90,2345.0,86.0
19282,142.9,7.00,24.57,0.1720,5.82,2345.0,86.0
19289,144.9,6.90,24.57,0.1695,5.90,2345.0,86.0
19296,142.9,7.00,24.57,0.1720,5.81,2345.0,86.0
19303,144.9,6.90,24.58,0.1696,5.90,2345.0,86.0
19310,142.9,7.00,24.58,0.1721,5.81,2345.0,86.0
19317,144.9,6.90,24.59,0.1697,5.89,2345.0,86.0
19324,142.9,7.00,24.59,0.1721,5.81,2345.0,86.0
19331,144.9,6.90,24.60,0.1697,5.89,2345.0,86.0
19338,142.9,7.00,24.60,0.1722,5.81,2345.0,86.0
19345,144.9,6.90,24.61,0.1698,5.89,2345.0,86.0
19352,142.9,7.00,24.61,0.1723,5.81,2345.0,86.0
19359,144.9,6.90,24.61,0.1698,5.89,2345.0,86.0
19366,142.9,7.00,24.62,0.1723,5.80,2345.0,86.0
19373,144.9,6.90,24.62,0.1699,5.88,2345.0,86.0
19380,142.9,7.00,24.63,0.1724,5.80,2345.0,86.0
19386,147.1,6.80,24.63,0.1675,5.97,2345.0,86.0
19393,142.9,7.00,24.64,0.1724,5.80,2345.0,86.0
19400,142.9,7.00,24.64,0.1725,5.80,2345.0,86.0
19407,144.9,6.90,24.64,0.1700,5.88,2345.0,86.0
19414,144.9,6.90,24.65,0.1701,5.88,2345.0,86.0
19421,142.9,7.00,24.65,0.1726,5.80,2345.0,86.0
19428,144.9,6.90,24.66,0.1701,5.88,2345.0,86.0
19435,142.9,7.00,24.66,0.1726,5.79,2345.0,86.0
19442,147.1,6.80,24.67,0.1677,5.96,2345.0,86.0
19449,140.8,7.10,24.67,0.1752,5.71,2345.0,86.0
19456,144.9,6.90,24.67,0.1703,5.87,2345.0,86.0
19463,144.9,6.90,24.68,0.1703,5.87,2345.0,86.0
19470,142.9,7.00,24.68,0.1728,5.79,2345.0,86.0
19477,144.9,6.90,24.69,0.1703,5.87,2345.0,86.0
19484,144.9,6.90,24.69,0.1704,5.87,2345.0,86.0
19491,142.9,7.00,24.70,0.1729,5.79,2345.0,86.0
19497,144.9,6.90,24.70,0.1704,5.87,2345.0,86.0
19504,142.9,7.00,24.70,0.1729,5.78,2345.0,86.0
19511,142.9,7.00,24.71,0.1730,5.78,2345.0,86.0
19518,144.9,6.90,24.71,0.1705,5.86,2345.0,86.0
19525,144.9,6.90,24.72,0.1705,5.86,2345.0,86.0
19532,142.9,7.00,24.72,0.1730,5.78,2345.0,86.0
19539,144.9,6.90,24.73,0.1706,5.86,2345.0,86.0
19546,144.9,6.90,24.73,0.1706,5.86,2345.0,86.0
19553,142.9,7.00,24.73,0.1731,5.78,2345.0,86.0
19560,142.9,7.00,24.74,0.1732,5.78,2345.0,86.0
19567,144.9,6.90,24.74,0.1707,5.86,2345.0,86.0
19574,144.9,6.90,24.75,0.1708,5.86,2345.0,86.0
19581,142.9,7.00,24.75,0.1733,5.77,2345.0,86.0
19588,144.9,6.90,24.76,0.1708,5.85,2345.0,86.0
19595,142.9,7.00,24.76,0.1733,5.77,2345.0,86.0
19602,142.9,7.00,24.76,0.1734,5.77,2345.0,86.0
19609,147.1,6.80,24.77,0.1684,5.94,2345.0,86.0
19616,142.9,7.00,24.77,0.1734,5.77,2345.0,86.0
19623,142.9,7.00,24.78,0.1734,5.77,2345.0,86.0
19630,142.9,7.00,24.78,0.1735,5.77,2345.0,86.0
19636,147.1,6.80,24.79,0.1685,5.93,2345.0,86.0
19643,142.9,7.00,24.79,0.1735,5.76,2345.0,86.0
19650,142.9,7.00,24.79,0.1736,5.76,2345.0,86.0
19657,144.9,6.90,24.80,0.1711,5.84,2345.0,86.0
19664,142.9,7.00,24.80,0.1736,5.76,2345.0,86.0
19671,142.9,7.00,24.81,0.1737,5.76,2345.0,86.0
19678,144.9,6.90,24.81,0.1712,5.84,2345.0,86.0
19685,144.9,6.90,24.82,0.1712,5.84,2345.0,86.0
19692,142.9,7.00,24.82,0.1737,5.76,2345.0,86.0
19699,144.9,6.90,24.82,0.1713,5.84,2345.0,86.0
19706,144.9,6.90,24.83,0.1713,5.84,2345.0,86.0
19713,142.9,7.00,24.83,0.1738,5.75,2345.0,86.0
19720,142.9,7.00,24.84,0.1739,5.75,2345.0,86.0
19727,147.1,6.80,24.84,0.1689,5.92,2345.0,86.0
19734,142.9,7.00,24.85,0.1739,5.75,2345.0,86.0
19741,142.9,7.00,24.85,0.1740,5.75,2345.0,86.0
19748,144.9,6.90,24.86,0.1715,5.83,2345.0,86.0
19754,144.9,6.90,24.86,0.1715,5.83,2345.0,86.0
19761,142.9,7.00,24.86,0.1740,5.75,2345.0,86.0
19768,142.9,7.00,24.87,0.1741,5.75,2345.0,86.0
19775,147.1,6.80,24.87,0.1691,5.91,2345.0,86.0
19782,142.9,7.00,24.88,0.1741,5.74,2345.0,86.0
19789,142.9,7.00,24.88,0.1742,5.74,2345.0,86.0
19796,144.9,6.90,24.88,0.1717,5.82,2345.0,86.0
19803,144.9,6.90,24.89,0.1717,5.82,2345.0,86.0
19810,144.9,6.90,24.89,0.1718,5.82,2345.0,86.0
19817,142.9,7.00,24.90,0.1743,5.74,2345.0,86.0
19824,144.9,6.90,24.90,0.1718,5.82,2345.0,86.0
19831,142.9,7.00,24.91,0.1743,5.74,2345.0,86.0
19838,144.9,6.90,24.91,0.1719,5.82,2345.0,86.0
19845,144.9,6.90,24.92,0.1719,5.82,2345.0,86.0
19852,142.9,7.00,24.92,0.1744,5.73,2345.0,86.0
19859,142.9,7.00,24.92,0.1745,5.73,2345.0,86.0
19866,144.9,6.90,24.93,0.1720,5.81,2345.0,86.0
19872,144.9,6.90,24.93,0.1720,5.81,2345.0,86.0
19879,142.9,7.00,24.94,0.1746,5.73,2345.0,86.0
19886,144.9,6.90,24.94,0.1721,5.81,2345.0,86.0
19893,142.9,7.00,24.95,0.1746,5.73,2345.0,86.0
19900,144.9,6.90,24.95,0.1722,5.81,2345.0,86.0
19907,144.9,6.90,24.95,0.1722,5.81,2345.0,86.0
19914,142.9,7.00,24.96,0.1747,5.73,2345.0,86.0
19921,144.9,6.90,24.96,0.1722,5.80,2345.0,86.0
19928,142.9,7.00,24.97,0.1748,5.72,2345.0,86.0
19935,142.9,7.00,24.97,0.1748,5.72,2345.0,86.0
19942,144.9,6.90,24.98,0.1723,5.80,2345.0,86.0
19949,144.9,6.90,24.98,0.1724,5.80,2345.0,86.0
19956,144.9,6.90,24.98,0.1724,5.80,2345.0,86.0
19963,142.9,7.00,24.99,0.1749,5.72,2345.0,86.0
19970,142.9,7.00,24.99,0.1749,5.72,2345.0,86.0
19977,144.9,6.90,25.00,0.1725,5.80,2345.0,86.0
19984,144.9,6.90,25.00,0.1725,5.80,2345.0,86.0
19990,144.9,6.90,25.01,0.1725,5.79,2345.0,86.0
19997,142.9,7.00,25.01,0.1751,5.71,2345.0,86.0
20004,144.9,6.90,25.01,0.1726,5.79,2345.0,86.0
20011,142.9,7.00,25.02,0.1751,5.71,2345.0,86.0
20018,142.9,7.00,25.02,0.1752,5.71,2345.0,86.0
20025,144.9,6.90,25.03,0.1727,5.79,2345.0,86.0
20032,144.9,6.90,25.03,0.1727,5.79,2345.0,86.0
20039,142.9,7.00,25.04,0.1752,5.71,2345.0,86.0
20046,144.9,6.90,25.04,0.1728,5.79,2345.0,86.0
20053,142.9,7.00,25.04,0.1753,5.71,2345.0,86.0
20060,142.9,7.00,25.05,0.1753,5.70,2345.0,86.0
20067,147.1,6.80,25.05,0.1704,5.87,2345.0,86.0
20074,142.9,7.00,25.06,0.1754,5.70,2345.0,86.0
20081,144.9,6.90,25.06,0.1729,5.78,2345.0,86.0
20088,142.9,7.00,25.07,0.1755,5.70,2345.0,86.0
20095,144.9,6.90,25.07,0.1730,5.78,2345.0,86.0
20102,142.9,7.00,25.07,0.1755,5.70,2345.0,86.0
20109,144.9,6.90,25.08,0.1730,5.78,2345.0,86.0
20116,142.9,7.00,25.08,0.1756,5.70,2345.0,86.0
20122,144.9,6.90,25.09,0.1731,5.78,2345.0,86.0
20129,142.9,7.00,25.09,0.1756,5.70,2345.0,86.0
20136,144.9,6.90,25.10,0.1732,5.77,2345.0,86.0
20143,144.9,6.90,25.10,0.1732,5.77,2345.0,86.0
20150,144.9,6.90,25.10,0.1732,5.77,2345.0,86.0
20157,140.8,7.10,25.11,0.1783,5.61,2345.0,86.0
20164,144.9,6.90,25.11,0.1733,5.77,2345.0,86.0
20171,142.9,7.00,25.12,0.1758,5.69,2345.0,86.0
20178,147.1,6.80,25.12,0.1708,5.86,2345.0,86.0
20185,142.9,7.00,25.13,0.1759,5.69,2345.0,86.0
20192,144.9,6.90,25.13,0.1734,5.77,2345.0,86.0
20199,142.9,7.00,25.13,0.1759,5.69,2345.0,86.0
20206,142.9,7.00,25.14,0.1760,5.68,2345.0,86.0
20213,144.9,6.90,25.14,0.1735,5.76,2345.0,86.0
20220,142.9,7.00,25.15,0.1760,5.68,2345.0,86.0
20227,142.9,7.00,25.15,0.1761,5.68,2345.0,86.0
20234,144.9,6.90,25.16,0.1736,5.76,2345.0,86.0
20241,144.9,6.90,25.16,0.1736,5.76,2345.0,86.0
20247,144.9,6.90,25.16,0.1736,5.76,2345.0,86.0
20254,142.9,7.00,25.17,0.1762,5.68,2345.0,86.0
20261,144.9,6.90,25.17,0.1737,5.76,2345.0,86.0
20268,142.9,7.00,25.18,0.1762,5.68,2345.0,86.0
20275,142.9,7.00,25.18,0.1763,5.67,2345.0,86.0
20282,144.9,6.90,25.19,0.1738,5.75,2345.0,86.0
20289,144.9,6.90,25.19,0.1738,5.75,2345.0,86.0
20296,147.1,6.80,25.18,0.1712,5.84,2344.9,86.0
20303,138.9,7.20,25.17,0.1812,5.52,2344.8,86.0
20310,144.9,6.90,25.15,0.1736,5.76,2344.6,86.0
20317,142.9,7.00,25.14,0.1760,5.68,2344.5,86.0
20324,144.9,6.90,25.13,0.1734,5.77,2344.4,86.0
20331,144.9,6.90,25.12,0.1733,5.77,2344.3,86.0
20338,142.9,7.00,25.11,0.1758,5.69,2344.2,86.0
20345,144.9,6.90,25.10,0.1732,5.77,2344.1,85.9
20352,144.9,6.90,25.09,0.1731,5.78,2344.0,85.9
20359,144.9,6.90,25.08,0.1730,5.78,2343.9,85.9
20366,140.8,7.10,25.07,0.1780,5.62,2343.8,85.9
20372,147.1,6.80,25.06,0.1704,5.87,2343.7,85.9
20379,142.9,7.00,25.04,0.1753,5.71,2343.5,85.9
20386,144.9,6.90,25.03,0.1727,5.79,2343.4,85.9
20393,144.9,6.90,25.02,0.1727,5.79,2343.3,85.9
20400,142.9,7.00,25.01,0.1751,5.71,2343.2,85.9
20407,144.9,6.90,25.00,0.1725,5.80,2343.1,85.9
20414,142.9,7.00,24.99,0.1749,5.72,2343.0,85.9
20421,144.9,6.90,24.98,0.1723,5.80,2342.9,85.9
20428,144.9,6.90,24.97,0.1723,5.80,2342.8,85.9
20435,142.9,7.00,24.95,0.1747,5.73,2342.6,85.9
20442,142.9,7.00,24.94,0.1746,5.73,2342.5,85.8
20449,144.9,6.90,24.93,0.1720,5.81,2342.4,85.8
20456,144.9,6.90,24.92,0.1720,5.81,2342.3,85.8
20463,142.9,7.00,24.91,0.1744,5.74,2342.2,85.8
20470,144.9,6.90,24.90,0.1718,5.82,2342.1,85.8
20477,142.9,7.00,24.89,0.1742,5.74,2342.0,85.8
20484,142.9,7.00,24.88,0.1741,5.74,2341.9,85.8
20491,144.9,6.90,24.87,0.1716,5.83,2341.8,85.8
20497,144.9,6.90,24.86,0.1715,5.83,2341.7,85.8
20504,142.9,7.00,24.84,0.1739,5.75,2341.5,85.8
20511,144.9,6.90,24.83,0.1713,5.83,2341.4,85.8
20518,144.9,6.90,24.82,0.1713,5.84,2341.3,85.8
20525,142.9,7.00,24.81,0.1737,5.76,2341.2,85.8
20532,142.9,7.00,24.80,0.1736,5.76,2341.1,85.8
20539,144.9,6.90,24.79,0.1710,5.85,2341.0,85.7
20546,144.9,6.90,24.78,0.1710,5.85,2340.9,85.7
20553,142.9,7.00,24.77,0.1734,5.77,2340.8,85.7
20560,144.9,6.90,24.75,0.1708,5.85,2340.6,85.7
20567,142.9,7.00,24.74,0.1732,5.78,2340.5,85.7
20574,144.9,6.90,24.73,0.1707,5.86,2340.4,85.7
20581,142.9,7.00,24.72,0.1730,5.78,2340.3,85.7
20588,144.9,6.90,24.71,0.1705,5.86,2340.2,85.7
20595,142.9,7.00,24.70,0.1729,5.79,2340.1,85.7
20602,144.9,6.90,24.69,0.1703,5.87,2340.0,85.7
20609,144.9,6.90,24.68,0.1703,5.87,2339.9,85.7
20616,142.9,7.00,24.67,0.1727,5.79,2339.8,85.7
20622,144.9,6.90,24.66,0.1701,5.88,2339.7,85.7
20630,140.8,7.10,24.64,0.1750,5.71,2339.5,85.7
20636,144.9,6.90,24.63,0.1700,5.88,2339.4,85.7
20643,144.9,6.90,24.62,0.1699,5.88,2339.3,85.6
20650,144.9,6.90,24.61,0.1698,5.89,2339.2,85.6
20657,144.9,6.90,24.60,0.1697,5.89,2339.1,85.6
20664,142.9,7.00,24.59,0.1721,5.81,2339.0,85.6
20671,144.9,6.90,24.58,0.1696,5.90,2338.9,85.6
20678,142.9,7.00,24.57,0.1720,5.82,2338.8,85.6
20685,144.9,6.90,24.55,0.1694,5.90,2338.6,85.6
20692,142.9,7.00,24.54,0.1718,5.82,2338.5,85.6
20699,144.9,6.90,24.53,0.1693,5.91,2338.4,85.6
20706,142.9,7.00,24.52,0.1716,5.83,2338.3,85.6
20713,142.9,7.00,24.51,0.1716,5.83,2338.2,85.6
20720,142.9,7.00,24.50,0.1715,5.83,2338.1,85.6
20727,144.9,6.90,24.49,0.1690,5.92,2338.0,85.6
20734,144.9,6.90,24.48,0.1689,5.92,2337.9,85.6
20741,144.9,6.90,24.47,0.1688,5.92,2337.8,85.5
20748,142.9,7.00,24.45,0.1712,5.84,2337.6,85.5
20755,142.9,7.00,24.44,0.1711,5.85,2337.5,85.5
20761,144.9,6.90,24.43,0.1686,5.93,2337.4,85.5
20768,147.1,6.80,24.42,0.1661,6.02,2337.3,85.5
20775,142.9,7.00,24.41,0.1709,5.85,2337.2,85.5
20782,144.9,6.90,24.40,0.1684,5.94,2337.1,85.5
20789,142.9,7.00,24.39,0.1707,5.86,2337.0,85.5
20796,144.9,6.90,24.38,0.1682,5.94,2336.9,85.5
20803,142.9,7.00,24.37,0.1706,5.86,2336.8,85.5
20810,142.9,7.00,24.35,0.1705,5.87,2336.6,85.5
20817,144.9,6.90,24.34,0.1680,5.95,2336.5,85.5
20824,144.9,6.90,24.33,0.1679,5.96,2336.4,85.5
20831,142.9,7.00,24.32,0.1702,5.88,2336.3,85.5
20838,144.9,6.90,24.31,0.1677,5.96,2336.2,85.5
20845,142.9,7.00,24.30,0.1701,5.88,2336.1,85.4
20852,147.1,6.80,24.29,0.1652,6.06,2336.0,85.4
20859,142.9,7.00,24.28,0.1699,5.89,2335.9,85.4
20866,142.9,7.00,24.27,0.1699,5.89,2335.8,85.4
20872,144.9,6.90,24.26,0.1674,5.97,2335.7,85.4
20879,142.9,7.00,24.24,0.1697,5.89,2335.5,85.4
20886,144.9,6.90,24.23,0.1672,5.98,2335.4,85.4
20893,144.9,6.90,24.22,0.1671,5.98,2335.3,85.4
20900,140.8,7.10,24.21,0.1719,5.82,2335.2,85.4
20907,144.9,6.90,24.20,0.1670,5.99,2335.1,85.4
20914,144.9,6.90,24.19,0.1669,5.99,2335.0,85.4
20921,142.9,7.00,24.18,0.1692,5.91,2334.9,85.4
20928,144.9,6.90,24.17,0.1667,6.00,2334.8,85.4
20935,142.9,7.00,24.15,0.1691,5.92,2334.6,85.4
20942,144.9,6.90,24.14,0.1666,6.00,2334.5,85.3
20949,144.9,6.90,24.13,0.1665,6.00,2334.4,85.3
20956,142.9,7.00,24.12,0.1688,5.92,2334.3,85.3
20963,144.9,6.90,24.11,0.1664,6.01,2334.2,85.3
20970,144.9,6.90,24.10,0.1663,6.01,2334.1,85.3
20977,142.9,7.00,24.09,0.1686,5.93,2334.0,85.3
20984,144.9,6.90,24.08,0.1661,6.02,2333.9,85.3
20990,144.9,6.90,24.07,0.1661,6.02,2333.8,85.3
20997,142.9,7.00,24.06,0.1684,5.94,2333.7,85.3
21004,144.9,6.90,24.04,0.1659,6.03,2333.5,85.3
21011,142.9,7.00,24.03,0.1682,5.95,2333.4,85.3
21018,142.9,7.00,24.02,0.1682,5.95,2333.3,85.3
21025,144.9,6.90,24.01,0.1657,6.03,2333.2,85.3
21032,144.9,6.90,24.00,0.1656,6.04,2333.1,85.3
21039,144.9,6.90,23.99,0.1655,6.04,2333.0,85.2
21046,142.9,7.00,23.98,0.1678,5.96,2332.9,85.2
21053,142.9,7.00,23.97,0.1678,5.96,2332.8,85.2
21060,144.9,6.90,23.95,0.1653,6.05,2332.6,85.2
21067,142.9,7.00,23.94,0.1676,5.97,2332.5,85.2
21074,144.9,6.90,23.93,0.1651,6.05,2332.4,85.2
21081,144.9,6.90,23.92,0.1651,6.06,2332.3,85.2
21088,142.9,7.00,23.91,0.1674,5.98,2332.2,85.2
21095,144.9,6.90,23.90,0.1649,6.06,2332.1,85.2
21102,144.9,6.90,23.89,0.1648,6.07,2332.0,85.2
21109,142.9,7.00,23.88,0.1671,5.98,2331.9,85.2
21115,144.9,6.90,23.87,0.1647,6.07,2331.8,85.2
21122,142.9,7.00,23.86,0.1670,5.99,2331.7,85.2
21129,142.9,7.00,23.84,0.1669,5.99,2331.5,85.2
21136,144.9,6.90,23.83,0.1644,6.08,2331.4,85.2
21143,144.9,6.90,23.82,0.1644,6.08,2331.3,85.1
21150,144.9,6.90,23.81,0.1643,6.09,2331.2,85.1
21157,142.9,7.00,23.80,0.1666,6.00,2331.1,85.1
21164,142.9,7.00,23.79,0.1665,6.01,2331.0,85.1
21171,144.9,6.90,23.78,0.1641,6.09,2330.9,85.1
21178,144.9,6.90,23.77,0.1640,6.10,2330.8,85.1
21185,142.9,7.00,23.75,0.1663,6.02,2330.6,85.1
21192,142.9,7.00,23.74,0.1662,6.02,2330.5,85.1
21199,142.9,7.00,23.73,0.1661,6.02,2330.4,85.1
21206,144.9,6.90,23.72,0.1637,6.11,2330.3,85.1
21213,144.9,6.90,23.71,0.1636,6.11,2330.2,85.1
21220,144.9,6.90,23.70,0.1635,6.11,2330.1,85.1
21227,144.9,6.90,23.69,0.1634,6.12,2330.0,85.1
21234,140.8,7.10,23.68,0.1681,5.95,2329.9,85.1
21241,142.9,7.00,23.67,0.1657,6.04,2329.8,85.0
21247,147.1,6.80,23.66,0.1609,6.22,2329.7,85.0
21254,142.9,7.00,23.64,0.1655,6.04,2329.5,85.0
21261,144.9,6.90,23.63,0.1631,6.13,2329.4,85.0
21268,142.9,7.00,23.62,0.1654,6.05,2329.3,85.0
21275,142.9,7.00,23.61,0.1653,6.05,2329.2,85.0
21282,144.9,6.90,23.60,0.1628,6.14,2329.1,85.0
21289,144.9,6.90,23.59,0.1628,6.14,2329.0,85.0
21296,144.9,6.90,23.60,0.1628,6.14,2329.0,85.0
21303,144.9,6.90,23.60,0.1629,6.14,2329.0,85.0
21310,142.9,7.00,23.61,0.1653,6.05,2329.0,85.0
21317,144.9,6.90,23.61,0.1629,6.14,2329.0,85.0
21324,142.9,7.00,23.62,0.1653,6.05,2329.0,85.0
21331,144.9,6.90,23.63,0.1630,6.13,2329.0,85.0
21338,142.9,7.00,23.63,0.1654,6.05,2329.0,85.0
21345,144.9,6.90,23.64,0.1631,6.13,2329.0,85.1
21352,142.9,7.00,23.64,0.1655,6.04,2329.0,85.1
21358,147.1,6.80,23.65,0.1608,6.22,2329.0,85.1
21366,140.8,7.10,23.66,0.1680,5.95,2329.0,85.1
21372,144.9,6.90,23.66,0.1633,6.12,2329.0,85.1
21379,144.9,6.90,23.67,0.1633,6.12,2329.0,85.1
21386,142.9,7.00,23.67,0.1657,6.04,2329.0,85.1
21393,144.9,6.90,23.68,0.1634,6.12,2329.0,85.1
21400,142.9,7.00,23.69,0.1658,6.03,2329.0,85.1
21407,144.9,6.90,23.69,0.1635,6.12,2329.0,85.1
21414,142.9,7.00,23.70,0.1659,6.03,2329.0,85.1
21421,144.9,6.90,23.70,0.1636,6.11,2329.0,85.1
21428,142.9,7.00,23.71,0.1660,6.03,2329.0,85.1
21435,144.9,6.90,23.71,0.1636,6.11,2329.0,85.1
21442,144.9,6.90,23.72,0.1637,6.11,2329.0,85.2
21449,144.9,6.90,23.73,0.1637,6.11,2329.0,85.2
21456,142.9,7.00,23.73,0.1661,6.02,2329.0,85.2
21463,144.9,6.90,23.74,0.1638,6.10,2329.0,85.2
21470,142.9,7.00,23.74,0.1662,6.02,2329.0,85.2
21477,142.9,7.00,23.75,0.1663,6.02,2329.0,85.2
21484,144.9,6.90,23.76,0.1639,6.10,2329.0,85.2
21491,142.9,7.00,23.76,0.1663,6.01,2329.0,85.2
21497,144.9,6.90,23.77,0.1640,6.10,2329.0,85.2
21504,142.9,7.00,23.77,0.1664,6.01,2329.0,85.2
21511,144.9,6.90,23.78,0.1641,6.09,2329.0,85.2
21518,142.9,7.00,23.79,0.1665,6.01,2329.0,85.2
21525,144.9,6.90,23.79,0.1642,6.09,2329.0,85.2
21532,142.9,7.00,23.80,0.1666,6.00,2329.0,85.2
21539,144.9,6.90,23.80,0.1642,6.09,2329.0,85.3
21546,142.9,7.00,23.81,0.1667,6.00,2329.0,85.3
21553,144.9,6.90,23.82,0.1643,6.08,2329.0,85.3
21560,142.9,7.00,23.82,0.1667,6.00,2329.0,85.3
21567,144.9,6.90,23.83,0.1644,6.08,2329.0,85.3
21574,144.9,6.90,23.83,0.1644,6.08,2329.0,85.3
21581,144.9,6.90,23.84,0.1645,6.08,2329.0,85.3
21588,142.9,7.00,23.84,0.1669,5.99,2329.0,85.3
21595,144.9,6.90,23.85,0.1646,6.08,2329.0,85.3
21636,23.9,41.80,23.89,0.9984,1.00,2329.0,85.3
21643,147.1,6.80,23.89,0.1625,6.16,2329.0,85.4
21657,71.4,14.00,23.90,0.3347,2.99,2329.0,85.4
21664,144.9,6.90,23.91,0.1650,6.06,2329.0,85.4
21671,142.9,7.00,23.92,0.1674,5.98,2329.0,85.4
21678,144.9,6.90,23.92,0.1651,6.06,2329.0,85.4
21685,144.9,6.90,23.93,0.1651,6.06,2329.0,85.4
21845,6.3,159.70,24.06,3.8429,0.26,2329.0,85.6
21858,72.5,13.80,24.07,0.3322,3.01,2329.0,85.6
21866,140.8,7.10,24.08,0.1710,5.85,2329.0,85.6
21872,144.9,6.90,24.09,0.1662,6.02,2329.0,85.6
21879,142.9,7.00,24.09,0.1686,5.93,2329.0,85.6
21886,142.9,7.00,24.10,0.1687,5.93,2329.0,85.6
21893,142.9,7.00,24.10,0.1687,5.93,2329.0,85.6
21900,144.9,6.90,24.11,0.1664,6.01,2329.0,85.6
21907,144.9,6.90,24.12,0.1664,6.01,2329.0,85.6
21914,144.9,6.90,24.12,0.1664,6.01,2329.0,85.6
21921,142.9,7.00,24.13,0.1689,5.92,2329.0,85.6
21928,142.9,7.00,24.13,0.1689,5.92,2329.0,85.6
21935,144.9,6.90,24.14,0.1666,6.00,2329.0,85.6
21942,147.1,6.80,24.15,0.1642,6.09,2329.0,85.7
21949,144.9,6.90,24.15,0.1666,6.00,2329.0,85.7
21956,142.9,7.00,24.16,0.1691,5.92,2329.0,85.7
21963,142.9,7.00,24.16,0.1691,5.91,2329.0,85.7
21970,147.1,6.80,24.17,0.1644,6.09,2329.0,85.7
21977,140.8,7.10,24.18,0.1716,5.82,2329.0,85.7
21984,144.9,6.90,24.18,0.1669,5.99,2329.0,85.7
21991,142.9,7.00,24.19,0.1693,5.91,2329.0,85.7
21997,144.9,6.90,24.19,0.1669,5.99,2329.0,85.7
22004,144.9,6.90,24.20,0.1670,5.99,2329.0,85.7
22011,142.9,7.00,24.20,0.1694,5.90,2329.0,85.7
22018,144.9,6.90,24.21,0.1671,5.99,2329.0,85.7
22025,144.9,6.90,24.22,0.1671,5.98,2329.0,85.7
22032,142.9,7.00,24.22,0.1696,5.90,2329.0,85.7
22039,142.9,7.00,24.23,0.1696,5.90,2329.0,85.8
22046,147.1,6.80,24.23,0.1648,6.07,2329.0,85.8
22053,142.9,7.00,24.24,0.1697,5.90,2329.0,85.8
22060,142.9,7.00,24.25,0.1697,5.89,2329.0,85.8
22067,144.9,6.90,24.25,0.1673,5.97,2329.0,85.8
22074,144.9,6.90,24.26,0.1674,5.97,2329.0,85.8
22081,142.9,7.00,24.26,0.1698,5.89,2329.0,85.8
22088,144.9,6.90,24.27,0.1675,5.97,2329.0,85.8
22095,142.9,7.00,24.28,0.1699,5.89,2329.0,85.8
22102,144.9,6.90,24.28,0.1675,5.97,2329.0,85.8
22109,142.9,7.00,24.29,0.1700,5.88,2329.0,85.8
22115,144.9,6.90,24.29,0.1676,5.96,2329.0,85.8
22122,144.9,6.90,24.30,0.1677,5.96,2329.0,85.8
22129,140.8,7.10,24.30,0.1726,5.79,2329.0,85.8
22136,144.9,6.90,24.31,0.1677,5.96,2329.0,85.8
22143,147.1,6.80,24.32,0.1654,6.05,2329.0,85.9
22150,142.9,7.00,24.32,0.1703,5.88,2329.0,85.9
22157,140.8,7.10,24.33,0.1727,5.79,2329.0,85.9
22164,147.1,6.80,24.33,0.1655,6.04,2329.0,85.9
22171,142.9,7.00,24.34,0.1704,5.87,2329.0,85.9
22178,142.9,7.00,24.35,0.1704,5.87,2329.0,85.9
22185,147.1,6.80,24.35,0.1656,6.04,2329.0,85.9
22192,142.9,7.00,24.36,0.1705,5.87,2329.0,85.9
22199,142.9,7.00,24.36,0.1706,5.87,2329.0,85.9
22206,144.9,6.90,24.37,0.1682,5.95,2329.0,85.9
22213,144.9,6.90,24.38,0.1682,5.94,2329.0,85.9
22220,142.9,7.00,24.38,0.1707,5.86,2329.0,85.9
22227,144.9,6.90,24.39,0.1683,5.94,2329.0,85.9
22233,144.9,6.90,24.39,0.1683,5.94,2329.0,85.9
22240,142.9,7.00,24.40,0.1708,5.86,2329.0,86.0
22247,142.9,7.00,24.41,0.1708,5.86,2329.0,86.0
22254,144.9,6.90,24.41,0.1684,5.94,2329.0,86.0
22261,142.9,7.00,24.42,0.1709,5.85,2329.0,86.0
22268,144.9,6.90,24.42,0.1685,5.93,2329.0,86.0
22275,142.9,7.00,24.43,0.1710,5.85,2329.0,86.0
22282,144.9,6.90,24.43,0.1686,5.93,2329.0,86.0
22289,142.9,7.00,24.44,0.1711,5.85,2329.0,86.0
22296,144.9,6.90,24.45,0.1687,5.93,2329.0,86.0
22303,144.9,6.90,24.45,0.1687,5.93,2329.0,86.0
22310,142.9,7.00,24.45,0.1712,5.84,2329.0,86.0
22317,144.9,6.90,24.46,0.1688,5.92,2329.0,86.0
22324,142.9,7.00,24.46,0.1712,5.84,2329.0,86.0
22331,144.9,6.90,24.47,0.1688,5.92,2329.0,86.0
22338,142.9,7.00,24.47,0.1713,5.84,2329.0,86.0
22345,142.9,7.00,24.48,0.1713,5.84,2329.0,86.0
22352,144.9,6.90,24.48,0.1689,5.92,2329.0,86.0
22359,144.9,6.90,24.49,0.1690,5.92,2329.0,86.0
22366,142.9,7.00,24.49,0.1714,5.83,2329.0,86.0
22372,144.9,6.90,24.49,0.1690,5.92,2329.0,86.0
22379,144.9,6.90,24.50,0.1690,5.91,2329.0,86.0
22386,142.9,7.00,24.50,0.1715,5.83,2329.0,86.0
22393,142.9,7.00,24.51,0.1716,5.83,2329.0,86.0
22400,144.9,6.90,24.51,0.1691,5.91,2329.0,86.0
22407,142.9,7.00,24.52,0.1716,5.83,2329.0,86.0
22414,144.9,6.90,24.52,0.1692,5.91,2329.0,86.0
22421,144.9,6.90,24.53,0.1692,5.91,2329.0,86.0
22428,142.9,7.00,24.53,0.1717,5.83,2329.0,86.0
22435,144.9,6.90,24.54,0.1693,5.91,2329.0,86.0
22442,140.8,7.10,24.54,0.1742,5.74,2329.0,86.0
22449,147.1,6.80,24.54,0.1669,5.99,2329.0,86.0
22456,144.9,6.90,24.55,0.1694,5.90,2329.0,86.0
22463,140.8,7.10,24.55,0.1743,5.73,2329.0,86.0
22470,144.9,6.90,24.56,0.1695,5.90,2329.0,86.0
22477,144.9,6.90,24.56,0.1695,5.90,2329.0,86.0
22484,142.9,7.00,24.57,0.1720,5.82,2329.0,86.0
22490,147.1,6.80,24.57,0.1671,5.99,2329.0,86.0
22497,142.9,7.00,24.58,0.1720,5.81,2329.0,86.0
22504,144.9,6.90,24.58,0.1696,5.89,2329.0,86.0
22511,142.9,7.00,24.58,0.1721,5.81,2329.0,86.0
22518,142.9,7.00,24.59,0.1721,5.81,2329.0,86.0
22525,144.9,6.90,24.59,0.1697,5.89,2329.0,86.0
22532,142.9,7.00,24.60,0.1722,5.81,2329.0,86.0
22539,144.9,6.90,24.60,0.1698,5.89,2329.0,86.0
22546,142.9,7.00,24.61,0.1723,5.81,2329.0,86.0
22553,144.9,6.90,24.61,0.1698,5.89,2329.0,86.0
22560,144.9,6.90,24.62,0.1699,5.89,2329.0,86.0
22567,144.9,6.90,24.62,0.1699,5.89,2329.0,86.0
22574,142.9,7.00,24.63,0.1724,5.80,2329.0,86.0
22581,142.9,7.00,24.63,0.1724,5.80,2329.0,86.0
22588,147.1,6.80,24.63,0.1675,5.97,2329.0,86.0
22595,142.9,7.00,24.64,0.1725,5.80,2329.0,86.0
22602,144.9,6.90,24.64,0.1700,5.88,2329.0,86.0
22609,142.9,7.00,24.65,0.1725,5.80,2329.0,86.0
22616,142.9,7.00,24.65,0.1726,5.80,2329.0,86.0
22622,147.1,6.80,24.66,0.1677,5.97,2329.0,86.0
22629,142.9,7.00,24.66,0.1726,5.79,2329.0,86.0
22636,144.9,6.90,24.67,0.1702,5.87,2329.0,86.0
22643,142.9,7.00,24.67,0.1727,5.79,2329.0,86.0
22650,142.9,7.00,24.68,0.1727,5.79,2329.0,86.0
22657,144.9,6.90,24.68,0.1703,5.87,2329.0,86.0
22664,144.9,6.90,24.68,0.1703,5.87,2329.0,86.0
22671,144.9,6.90,24.69,0.1704,5.87,2329.0,86.0
22678,142.9,7.00,24.69,0.1729,5.79,2329.0,86.0
22685,144.9,6.90,24.70,0.1704,5.87,2329.0,86.0
22692,140.8,7.10,24.70,0.1754,5.70,2329.0,86.0
22699,144.9,6.90,24.71,0.1705,5.86,2329.0,86.0
22706,144.9,6.90,24.71,0.1705,5.86,2329.0,86.0
22713,142.9,7.00,24.72,0.1730,5.78,2329.0,86.0
22720,144.9,6.90,24.72,0.1706,5.86,2329.0,86.0
22727,144.9,6.90,24.73,0.1706,5.86,2329.0,86.0
22734,142.9,7.00,24.73,0.1731,5.78,2329.0,86.0
22740,144.9,6.90,24.73,0.1707,5.86,2329.0,86.0
22747,142.9,7.00,24.74,0.1732,5.78,2329.0,86.0
22754,142.9,7.00,24.74,0.1732,5.78,2329.0,86.0
22761,147.1,6.80,24.75,0.1683,5.94,2329.0,86.0
22768,140.8,7.10,24.75,0.1757,5.69,2329.0,86.0
22775,147.1,6.80,24.76,0.1683,5.94,2329.0,86.0
22782,142.9,7.00,24.76,0.1733,5.77,2329.0,86.0
22789,142.9,7.00,24.77,0.1734,5.77,2329.0,86.0
22796,142.9,7.00,24.77,0.1734,5.77,2329.0,86.0
22803,144.9,6.90,24.77,0.1709,5.85,2329.0,86.0
22810,144.9,6.90,24.78,0.1710,5.85,2329.0,86.0
22817,144.9,6.90,24.78,0.1710,5.85,2329.0,86.0
22824,144.9,6.90,24.79,0.1710,5.85,2329.0,86.0
22831,144.9,6.90,24.79,0.1711,5.84,2329.0,86.0
22838,142.9,7.00,24.80,0.1736,5.76,2329.0,86.0
22845,140.8,7.10,24.80,0.1761,5.68,2329.0,86.0
22851,149.3,6.70,24.81,0.1662,6.02,2329.0,86.0
22859,140.8,7.10,24.81,0.1762,5.67,2329.0,86.0
22865,144.9,6.90,24.82,0.1712,5.84,2329.0,86.0
22872,142.9,7.00,24.82,0.1737,5.76,2329.0,86.0
22879,144.9,6.90,24.82,0.1713,5.84,2329.0,86.0
22886,142.9,7.00,24.83,0.1738,5.76,2329.0,86.0
22893,144.9,6.90,24.83,0.1713,5.83,2329.0,86.0
22900,142.9,7.00,24.84,0.1739,5.75,2329.0,86.0
22907,142.9,7.00,24.84,0.1739,5.75,2329.0,86.0
22914,144.9,6.90,24.85,0.1714,5.83,2329.0,86.0
22921,144.9,6.90,24.85,0.1715,5.83,2329.0,86.0
22928,144.9,6.90,24.86,0.1715,5.83,2329.0,86.0
22935,144.9,6.90,24.86,0.1715,5.83,2329.0,86.0
22942,142.9,7.00,24.87,0.1741,5.75,2329.0,86.0
22949,144.9,6.90,24.87,0.1716,5.83,2329.0,86.0
22956,142.9,7.00,24.87,0.1741,5.74,2329.0,86.0
22963,144.9,6.90,24.88,0.1717,5.82,2329.0,86.0
22970,142.9,7.00,24.88,0.1742,5.74,2329.0,86.0
22977,144.9,6.90,24.89,0.1717,5.82,2329.0,86.0
22983,144.9,6.90,24.89,0.1718,5.82,2329.0,86.0
22990,142.9,7.00,24.90,0.1743,5.74,2329.0,86.0
22997,144.9,6.90,24.90,0.1718,5.82,2329.0,86.0
23004,142.9,7.00,24.91,0.1743,5.74,2329.0,86.0
23011,144.9,6.90,24.91,0.1719,5.82,2329.0,86.0
23018,144.9,6.90,24.91,0.1719,5.82,2329.0,86.0
23025,142.9,7.00,24.92,0.1744,5.73,2329.0,86.0
23032,142.9,7.00,24.92,0.1745,5.73,2329.0,86.0
23039,144.9,6.90,24.93,0.1720,5.81,2329.0,86.0
23046,144.9,6.90,24.93,0.1720,5.81,2329.0,86.0
23053,142.9,7.00,24.94,0.1746,5.73,2329.0,86.0
23060,142.9,7.00,24.94,0.1746,5.73,2329.0,86.0
23067,144.9,6.90,24.95,0.1721,5.81,2329.0,86.0
23074,144.9,6.90,24.95,0.1722,5.81,2329.0,86.0
23081,142.9,7.00,24.96,0.1747,5.73,2329.0,86.0
23088,144.9,6.90,24.96,0.1722,5.81,2329.0,86.0
23095,144.9,6.90,24.96,0.1723,5.80,2329.0,86.0
23102,140.8,7.10,24.97,0.1773,5.64,2329.0,86.0
23108,147.1,6.80,24.97,0.1698,5.89,2329.0,86.0
23116,140.8,7.10,24.98,0.1773,5.64,2329.0,86.0
23122,144.9,6.90,24.98,0.1724,5.80,2329.0,86.0
23129,144.9,6.90,24.99,0.1724,5.80,2329.0,86.0
23136,142.9,7.00,24.99,0.1749,5.72,2329.0,86.0
23143,144.9,6.90,25.00,0.1725,5.80,2329.0,86.0
23150,144.9,6.90,25.00,0.1725,5.80,2329.0,86.0
23157,142.9,7.00,25.00,0.1750,5.71,2329.0,86.0
23164,144.9,6.90,25.01,0.1726,5.79,2329.0,86.0
23171,142.9,7.00,25.01,0.1751,5.71,2329.0,86.0
23178,144.9,6.90,25.02,0.1726,5.79,2329.0,86.0
23185,144.9,6.90,25.02,0.1727,5.79,2329.0,86.0
23192,142.9,7.00,25.03,0.1752,5.71,2329.0,86.0
23199,144.9,6.90,25.03,0.1727,5.79,2329.0,86.0
23206,142.9,7.00,25.04,0.1753,5.71,2329.0,86.0
23213,144.9,6.90,25.04,0.1728,5.79,2329.0,86.0
23220,144.9,6.90,25.05,0.1728,5.79,2329.0,86.0
23227,140.8,7.10,25.05,0.1779,5.62,2329.0,86.0
23234,144.9,6.90,25.05,0.1729,5.78,2329.0,86.0
23240,147.1,6.80,25.06,0.1704,5.87,2329.0,86.0
23247,142.9,7.00,25.06,0.1754,5.70,2329.0,86.0
23254,142.9,7.00,25.07,0.1755,5.70,2329.0,86.0
23261,142.9,7.00,25.07,0.1755,5.70,2329.0,86.0
23268,144.9,6.90,25.08,0.1730,5.78,2329.0,86.0
23275,144.9,6.90,25.08,0.1731,5.78,2329.0,86.0
23282,144.9,6.90,25.09,0.1731,5.78,2329.0,86.0
23289,142.9,7.00,25.09,0.1756,5.70,2329.0,86.0
23296,142.9,7.00,25.09,0.1756,5.70,2329.0,86.0
23303,144.9,6.90,25.09,0.1731,5.78,2329.0,86.0
23310,144.9,6.90,25.09,0.1731,5.78,2329.0,86.0
23317,144.9,6.90,25.09,0.1731,5.78,2329.0,86.0
23324,142.9,7.00,25.09,0.1756,5.70,2329.0,86.0
23331,142.9,7.00,25.09,0.1756,5.70,2329.0,86.0
23338,147.1,6.80,25.09,0.1706,5.86,2329.0,86.0
23345,140.8,7.10,25.09,0.1781,5.61,2329.0,86.0
23352,144.9,6.90,25.09,0.1731,5.77,2329.0,86.0
23358,144.9,6.90,25.09,0.1731,5.77,2329.0,86.0
23365,144.9,6.90,25.09,0.1731,5.77,2329.0,86.0
23372,140.8,7.10,25.09,0.1782,5.61,2329.0,86.0
23379,144.9,6.90,25.09,0.1731,5.77,2329.0,86.0
23386,142.9,7.00,25.09,0.1756,5.70,2329.0,86.0
23393,144.9,6.90,25.09,0.1731,5.77,2329.0,86.0
23400,144.9,6.90,25.09,0.1731,5.77,2329.0,86.0
23407,142.9,7.00,25.09,0.1756,5.69,2329.0,86.0
23414,144.9,6.90,25.09,0.1731,5.77,2329.0,86.0
23421,142.9,7.00,25.09,0.1756,5.69,2329.0,86.0
23428,144.9,6.90,25.09,0.1731,5.77,2329.0,86.0
23435,144.9,6.90,25.09,0.1731,5.77,2329.0,86.0
23442,144.9,6.90,25.09,0.1731,5.77,2329.0,86.0
23449,142.9,7.00,25.09,0.1757,5.69,2329.0,86.0
23456,144.9,6.90,25.09,0.1731,5.77,2329.0,86.0
23463,140.8,7.10,25.09,0.1782,5.61,2329.0,86.0
23470,144.9,6.90,25.09,0.1731,5.77,2329.0,86.0
23477,144.9,6.90,25.09,0.1731,5.77,2329.0,86.0
23484,140.8,7.10,25.09,0.1782,5.61,2329.0,86.0
23490,147.1,6.80,25.09,0.1706,5.86,2329.0,86.0
23497,142.9,7.00,25.09,0.1757,5.69,2329.0,86.0
23504,142.9,7.00,25.09,0.1757,5.69,2329.0,86.0
23511,144.9,6.90,25.09,0.1732,5.77,2329.0,86.0
23518,144.9,6.90,25.09,0.1732,5.77,2329.0,86.0
23525,140.8,7.10,25.09,0.1782,5.61,2329.0,86.0
23532,144.9,6.90,25.09,0.1732,5.77,2329.0,86.0
23539,144.9,6.90,25.10,0.1732,5.77,2329.0,86.0
23546,144.9,6.90,25.10,0.1732,5.77,2329.0,86.0
23553,142.9,7.00,25.10,0.1757,5.69,2329.0,86.0
23560,144.9,6.90,25.10,0.1732,5.77,2329.0,86.0
23567,144.9,6.90,25.10,0.1732,5.77,2329.0,86.0
23574,142.9,7.00,25.10,0.1757,5.69,2329.0,86.0
23581,144.9,6.90,25.10,0.1732,5.77,2329.0,86.0
23588,144.9,6.90,25.10,0.1732,5.77,2329.0,86.0
23595,144.9,6.90,25.10,0.1732,5.77,2329.0,86.0
23601,144.9,6.90,25.10,0.1732,5.77,2329.0,86.0
23608,142.9,7.00,25.10,0.1757,5.69,2329.0,86.0
23615,142.9,7.00,25.10,0.1757,5.69,2329.0,86.0
23622,144.9,6.90,25.10,0.1732,5.77,2329.0,86.0
23629,142.9,7.00,25.10,0.1757,5.69,2329.0,86.0
23636,147.1,6.80,25.10,0.1707,5.86,2329.0,86.0
23643,140.8,7.10,25.10,0.1782,5.61,2329.0,86.0
23650,144.9,6.90,25.10,0.1732,5.77,2329.0,86.0
23657,142.9,7.00,25.10,0.1757,5.69,2329.0,86.0
23664,144.9,6.90,25.10,0.1732,5.77,2329.0,86.0
23671,142.9,7.00,25.10,0.1757,5.69,2329.0,86.0
23678,144.9,6.90,25.10,0.1732,5.77,2329.0,86.0
23685,144.9,6.90,25.10,0.1732,5.77,2329.0,86.0
23692,142.9,7.00,25.10,0.1757,5.69,2329.0,86.0
23699,142.9,7.00,25.10,0.1757,5.69,2329.0,86.0
23706,147.1,6.80,25.10,0.1707,5.86,2329.0,86.0
23713,142.9,7.00,25.10,0.1757,5.69,2329.0,86.0
23720,142.9,7.00,25.10,0.1757,5.69,2329.0,86.0
23726,147.1,6.80,25.10,0.1707,5.86,2329.0,86.0
23733,142.9,7.00,25.10,0.1757,5.69,2329.0,86.0
23740,142.9,7.00,25.10,0.1757,5.69,2329.0,86.0
23747,144.9,6.90,25.10,0.1732,5.77,2329.0,86.0
23754,144.9,6.90,25.10,0.1732,5.77,2329.0,86.0
23761,142.9,7.00,25.10,0.1757,5.69,2329.0,86.0
23768,142.9,7.00,25.10,0.1757,5.69,2329.0,86.0
23775,144.9,6.90,25.10,0.1732,5.77,2329.0,86.0
23782,144.9,6.90,25.10,0.1732,5.77,2329.0,86.0
23789,142.9,7.00,25.10,0.1757,5.69,2329.0,86.0
23796,144.9,6.90,25.10,0.1732,5.77,2329.0,86.0
23803,142.9,7.00,25.10,0.1757,5.69,2329.0,86.0
23810,144.9,6.90,25.10,0.1732,5.77,2329.0,86.0
23817,142.9,7.00,25.10,0.1757,5.69,2329.0,86.0
23824,142.9,7.00,25.10,0.1757,5.69,2329.0,86.0
23831,144.9,6.90,25.10,0.1732,5.77,2329.0,86.0
23838,144.9,6.90,25.10,0.1732,5.77,2329.0,86.0
23845,140.8,7.10,25.10,0.1782,5.61,2329.0,86.0
23852,147.1,6.80,25.10,0.1707,5.86,2329.0,86.0
23859,142.9,7.00,25.10,0.1757,5.69,2329.0,86.0
23866,142.9,7.00,25.10,0.1757,5.69,2329.0,86.0
23872,144.9,6.90,25.10,0.1732,5.77,2329.0,86.0
23879,142.9,7.00,25.10,0.1757,5.69,2329.0,86.0
23886,144.9,6.90,25.10,0.1732,5.77,2329.0,86.0
23893,144.9,6.90,25.10,0.1732,5.77,2329.0,86.0
23900,142.9,7.00,25.10,0.1757,5.69,2329.0,86.0
23907,144.9,6.90,25.10,0.1732,5.77,2329.0,86.0
23914,144.9,6.90,25.10,0.1732,5.77,2329.0,86.0
23921,142.9,7.00,25.10,0.1757,5.69,2329.0,86.0
23928,142.9,7.00,25.10,0.1757,5.69,2329.0,86.0
23935,144.9,6.90,25.10,0.1732,5.77,2329.0,86.0
23942,144.9,6.90,25.10,0.1732,5.77,2329.0,86.0
23949,142.9,7.00,25.10,0.1757,5.69,2329.0,86.0
23956,144.9,6.90,25.10,0.1732,5.77,2329.0,86.0
23963,144.9,6.90,25.10,0.1732,5.77,2329.0,86.0
23970,144.9,6.90,25.10,0.1732,5.77,2329.0,86.0
23977,142.9,7.00,25.10,0.1757,5.69,2329.0,86.0
23983,144.9,6.90,25.10,0.1732,5.77,2329.0,86.0
23990,142.9,7.00,25.10,0.1757,5.69,2329.0,86.0
23997,142.9,7.00,25.10,0.1757,5.69,2329.0,86.0
24004,147.1,6.80,25.10,0.1707,5.86,2329.0,86.0
24011,142.9,7.00,25.10,0.1757,5.69,2329.0,86.0
24018,142.9,7.00,25.10,0.1757,5.69,2329.0,86.0
24025,144.9,6.90,25.10,0.1732,5.77,2329.0,86.0
24032,142.9,7.00,25.10,0.1757,5.69,2329.0,86.0
24039,144.9,6.90,25.11,0.1732,5.77,2329.0,86.0
24046,142.9,7.00,25.11,0.1757,5.69,2329.0,86.0
24053,142.9,7.00,25.11,0.1757,5.69,2329.0,86.0
24060,147.1,6.80,25.11,0.1707,5.86,2329.0,86.0
24067,144.9,6.90,25.11,0.1732,5.77,2329.0,86.0
24074,142.9,7.00,25.11,0.1757,5.69,2329.0,86.0
24081,142.9,7.00,25.11,0.1757,5.69,2329.0,86.0
24088,142.9,7.00,25.11,0.1757,5.69,2329.0,86.0
24095,144.9,6.90,25.11,0.1732,5.77,2329.0,86.0
24102,142.9,7.00,25.11,0.1757,5.69,2329.0,86.0
24109,144.9,6.90,25.11,0.1732,5.77,2329.0,86.0
24115,144.9,6.90,25.11,0.1732,5.77,2329.0,86.0
24122,142.9,7.00,25.11,0.1757,5.69,2329.0,86.0
24129,144.9,6.90,25.11,0.1732,5.77,2329.0,86.0
24136,144.9,6.90,25.11,0.1732,5.77,2329.0,86.0
24143,144.9,6.90,25.11,0.1732,5.77,2329.0,86.0
24150,142.9,7.00,25.11,0.1758,5.69,2329.0,86.0
24157,144.9,6.90,25.11,0.1732,5.77,2329.0,86.0
24164,142.9,7.00,25.11,0.1758,5.69,2329.0,86.0
24171,144.9,6.90,25.11,0.1732,5.77,2329.0,86.0
24178,144.9,6.90,25.11,0.1732,5.77,2329.0,86.0
24185,142.9,7.00,25.11,0.1758,5.69,2329.0,86.0
24192,142.9,7.00,25.11,0.1758,5.69,2329.0,86.0
24199,144.9,6.90,25.11,0.1732,5.77,2329.0,86.0
24206,144.9,6.90,25.11,0.1732,5.77,2329.0,86.0
24213,142.9,7.00,25.11,0.1758,5.69,2329.0,86.0
24220,144.9,6.90,25.11,0.1732,5.77,2329.0,86.0
24226,144.9,6.90,25.11,0.1733,5.77,2329.0,86.0
24234,140.8,7.10,25.11,0.1783,5.61,2329.0,86.0
24240,147.1,6.80,25.11,0.1707,5.86,2329.0,86.0
24247,142.9,7.00,25.11,0.1758,5.69,2329.0,86.0
24254,142.9,7.00,25.11,0.1758,5.69,2329.0,86.0
24261,144.9,6.90,25.11,0.1733,5.77,2329.0,86.0
24268,142.9,7.00,25.11,0.1758,5.69,2329.0,86.0
24275,144.9,6.90,25.11,0.1733,5.77,2329.0,86.0
24282,142.9,7.00,25.11,0.1758,5.69,2329.0,86.0
24289,142.9,7.00,25.11,0.1758,5.69,2329.0,86.0
24296,144.9,6.90,25.11,0.1733,5.77,2329.0,86.0
24303,142.9,7.00,25.11,0.1758,5.69,2329.0,86.0
24310,144.9,6.90,25.11,0.1733,5.77,2329.0,86.0
24317,144.9,6.90,25.11,0.1733,5.77,2329.0,86.0
24324,144.9,6.90,25.11,0.1732,5.77,2329.0,86.0
24331,140.8,7.10,25.11,0.1783,5.61,2329.0,86.0
24338,144.9,6.90,25.11,0.1732,5.77,2329.0,86.0
24345,142.9,7.00,25.11,0.1758,5.69,2329.0,86.0
24352,144.9,6.90,25.11,0.1732,5.77,2329.0,86.0
24358,147.1,6.80,25.11,0.1707,5.86,2329.0,86.0
24365,142.9,7.00,25.11,0.1757,5.69,2329.0,86.0
24372,144.9,6.90,25.11,0.1732,5.77,2329.0,86.0
24379,142.9,7.00,25.11,0.1757,5.69,2329.0,86.0
24386,142.9,7.00,25.11,0.1757,5.69,2329.0,86.0
24393,144.9,6.90,25.11,0.1732,5.77,2329.0,86.0
24400,142.9,7.00,25.11,0.1757,5.69,2329.0,86.0
24407,144.9,6.90,25.11,0.1732,5.77,2329.0,86.0
24414,144.9,6.90,25.10,0.1732,5.77,2329.0,86.0
24421,144.9,6.90,25.10,0.1732,5.77,2329.0,86.0
24428,142.9,7.00,25.10,0.1757,5.69,2329.0,86.0
24435,144.9,6.90,25.10,0.1732,5.77,2329.0,86.0
24442,144.9,6.90,25.10,0.1732,5.77,2329.0,86.0
24449,142.9,7.00,25.10,0.1757,5.69,2329.0,86.0
24456,142.9,7.00,25.10,0.1757,5.69,2329.0,86.0
24463,144.9,6.90,25.10,0.1732,5.77,2329.0,86.0
24470,142.9,7.00,25.10,0.1757,5.69,2329.0,86.0
24476,147.1,6.80,25.10,0.1707,5.86,2329.0,86.0
24483,142.9,7.00,25.10,0.1757,5.69,2329.0,86.0
24490,144.9,6.90,25.10,0.1732,5.77,2329.0,86.0
24497,142.9,7.00,25.10,0.1757,5.69,2329.0,86.0
24504,144.9,6.90,25.10,0.1732,5.77,2329.0,86.0
24511,142.9,7.00,25.10,0.1757,5.69,2329.0,86.0
24518,144.9,6.90,25.10,0.1732,5.77,2329.0,86.0
24525,142.9,7.00,25.10,0.1757,5.69,2329.0,86.0
24532,144.9,6.90,25.10,0.1732,5.77,2329.0,86.0
24539,144.9,6.90,25.10,0.1732,5.77,2329.0,86.0
24546,140.8,7.10,25.10,0.1782,5.61,2329.0,86.0
24553,144.9,6.90,25.10,0.1732,5.77,2329.0,86.0
24560,142.9,7.00,25.10,0.1757,5.69,2329.0,86.0
24567,147.1,6.80,25.10,0.1707,5.86,2329.0,86.0
24574,142.9,7.00,25.10,0.1757,5.69,2329.0,86.0
24581,142.9,7.00,25.10,0.1757,5.69,2329.0,86.0
24588,144.9,6.90,25.10,0.1732,5.77,2329.0,86.0
24595,142.9,7.00,25.10,0.1757,5.69,2329.0,86.0
24602,144.9,6.90,25.10,0.1732,5.77,2329.0,86.0
24608,144.9,6.90,25.10,0.1732,5.77,2329.0,86.0
24615,142.9,7.00,25.10,0.1757,5.69,2329.0,86.0
24622,144.9,6.90,25.10,0.1732,5.77,2329.0,86.0
24629,140.8,7.10,25.10,0.1782,5.61,2329.0,86.0
24636,147.1,6.80,25.10,0.1707,5.86,2329.0,86.0
24643,144.9,6.90,25.10,0.1732,5.77,2329.0,86.0
24650,142.9,7.00,25.10,0.1757,5.69,2329.0,86.0
24657,142.9,7.00,25.10,0.1757,5.69,2329.0,86.0
24664,142.9,7.00,25.09,0.1757,5.69,2329.0,86.0
24671,144.9,6.90,25.09,0.1732,5.77,2329.0,86.0
24678,144.9,6.90,25.09,0.1732,5.77,2329.0,86.0
24685,142.9,7.00,25.09,0.1757,5.69,2329.0,86.0
24692,147.1,6.80,25.09,0.1706,5.86,2329.0,86.0
24699,142.9,7.00,25.09,0.1757,5.69,2329.0,86.0
24706,142.9,7.00,25.09,0.1757,5.69,2329.0,86.0
24713,144.9,6.90,25.09,0.1731,5.77,2329.0,86.0
24720,142.9,7.00,25.09,0.1756,5.69,2329.0,86.0
24727,144.9,6.90,25.09,0.1731,5.77,2329.0,86.0
24734,142.9,7.00,25.09,0.1756,5.70,2329.0,86.0
24741,142.9,7.00,25.09,0.1756,5.70,2329.0,86.0
24747,144.9,6.90,25.09,0.1731,5.77,2329.0,86.0
24754,144.9,6.90,25.09,0.1731,5.77,2329.0,86.0
24761,144.9,6.90,25.09,0.1731,5.77,2329.0,86.0
24768,142.9,7.00,25.09,0.1756,5.70,2329.0,86.0
24775,144.9,6.90,25.09,0.1731,5.78,2329.0,86.0
24782,142.9,7.00,25.09,0.1756,5.70,2329.0,86.0
24789,144.9,6.90,25.09,0.1731,5.78,2329.0,86.0
24796,142.9,7.00,25.09,0.1756,5.70,2329.0,86.0
24803,144.9,6.90,25.09,0.1731,5.78,2329.0,86.0
24810,144.9,6.90,25.09,0.1731,5.78,2329.0,86.0
24817,142.9,7.00,25.09,0.1756,5.70,2329.0,86.0
24824,144.9,6.90,25.09,0.1731,5.78,2329.0,86.0
24831,142.9,7.00,25.09,0.1756,5.70,2329.0,86.0
24838,144.9,6.90,25.09,0.1731,5.78,2329.0,86.0
24845,142.9,7.00,25.09,0.1756,5.70,2329.0,86.0
24851,147.1,6.80,25.09,0.1706,5.86,2329.0,86.0
24858,142.9,7.00,25.09,0.1756,5.70,2329.0,86.0
24866,140.8,7.10,25.09,0.1781,5.61,2329.0,86.0
24873,142.9,7.00,25.09,0.1756,5.70,2329.0,86.0
24879,144.9,6.90,25.09,0.1731,5.78,2329.0,86.0
24886,144.9,6.90,25.09,0.1731,5.78,2329.0,86.0
24893,144.9,6.90,25.09,0.1731,5.78,2329.0,86.0
24900,142.9,7.00,25.09,0.1756,5.70,2329.0,86.0
24907,144.9,6.90,25.09,0.1731,5.78,2329.0,86.0
24914,144.9,6.90,25.08,0.1731,5.78,2329.0,86.0
24921,144.9,6.90,25.08,0.1731,5.78,2329.0,86.0
24928,142.9,7.00,25.08,0.1756,5.70,2329.0,86.0
24935,144.9,6.90,25.08,0.1731,5.78,2329.0,86.0
24942,142.9,7.00,25.08,0.1756,5.70,2329.0,86.0
24949,142.9,7.00,25.08,0.1756,5.70,2329.0,86.0
24956,142.9,7.00,25.08,0.1756,5.70,2329.0,86.0
24963,144.9,6.90,25.08,0.1731,5.78,2329.0,86.0
24970,144.9,6.90,25.08,0.1731,5.78,2329.0,86.0
24977,144.9,6.90,25.08,0.1731,5.78,2329.0,86.0
24983,144.9,6.90,25.08,0.1731,5.78,2329.0,86.0
24990,144.9,6.90,25.08,0.1731,5.78,2329.0,86.0
24997,142.9,7.00,25.08,0.1756,5.70,2329.0,86.0
25004,142.9,7.00,25.08,0.1756,5.70,2329.0,86.0
25011,144.9,6.90,25.08,0.1731,5.78,2329.0,86.0
25018,142.9,7.00,25.08,0.1756,5.70,2329.0,86.0
25025,142.9,7.00,25.08,0.1756,5.70,2329.0,86.0
25032,147.1,6.80,25.08,0.1705,5.87,2329.0,86.0
25039,142.9,7.00,25.08,0.1756,5.70,2329.0,86.0
25046,144.9,6.90,25.08,0.1730,5.78,2329.0,86.0
25053,142.9,7.00,25.08,0.1756,5.70,2329.0,86.0
25060,144.9,6.90,25.08,0.1730,5.78,2329.0,86.0
25067,142.9,7.00,25.08,0.1756,5.70,2329.0,86.0
25074,144.9,6.90,25.08,0.1730,5.78,2329.0,86.0
25081,144.9,6.90,25.08,0.1730,5.78,2329.0,86.0
25088,142.9,7.00,25.08,0.1755,5.70,2329.0,86.0
25095,142.9,7.00,25.08,0.1755,5.70,2329.0,86.0
25101,147.1,6.80,25.08,0.1705,5.87,2329.0,86.0
25108,142.9,7.00,25.08,0.1755,5.70,2329.0,86.0
25115,142.9,7.00,25.08,0.1755,5.70,2329.0,86.0
25122,144.9,6.90,25.08,0.1730,5.78,2329.0,86.0
25129,142.9,7.00,25.08,0.1755,5.70,2329.0,86.0
25136,144.9,6.90,25.08,0.1730,5.78,2329.0,86.0
25143,144.9,6.90,25.08,0.1730,5.78,2329.0,86.0
25150,142.9,7.00,25.08,0.1755,5.70,2329.0,86.0
25157,144.9,6.90,25.08,0.1730,5.78,2329.0,86.0
25164,142.9,7.00,25.07,0.1755,5.70,2329.0,86.0
25171,144.9,6.90,25.07,0.1730,5.78,2329.0,86.0
25178,142.9,7.00,25.07,0.1755,5.70,2329.0,86.0
25185,144.9,6.90,25.07,0.1730,5.78,2329.0,86.0
25192,144.9,6.90,25.07,0.1730,5.78,2329.0,86.0
25199,144.9,6.90,25.07,0.1730,5.78,2329.0,86.0
25206,140.8,7.10,25.07,0.1780,5.62,2329.0,86.0
25213,144.9,6.90,25.07,0.1730,5.78,2329.0,86.0
25220,144.9,6.90,25.07,0.1730,5.78,2329.0,86.0
25226,144.9,6.90,25.07,0.1730,5.78,2329.0,86.0
25233,142.9,7.00,25.07,0.1755,5.70,2329.0,86.0
25240,142.9,7.00,25.07,0.1755,5.70,2329.0,86.0
25247,144.9,6.90,25.07,0.1730,5.78,2329.0,86.0
25254,142.9,7.00,25.07,0.1755,5.70,2329.0,86.0
25261,144.9,6.90,25.07,0.1730,5.78,2329.0,86.0
25268,142.9,7.00,25.07,0.1755,5.70,2329.0,86.0
25275,144.9,6.90,25.07,0.1730,5.78,2329.0,86.0
25282,144.9,6.90,25.07,0.1730,5.78,2329.0,86.0
25289,144.9,6.90,25.07,0.1730,5.78,2329.0,86.0
25296,142.9,7.00,25.07,0.1755,5.70,2329.0,86.0
25303,142.9,7.00,25.06,0.1754,5.70,2329.0,86.0
25310,144.9,6.90,25.06,0.1729,5.78,2329.0,86.0
25317,142.9,7.00,25.06,0.1754,5.70,2329.0,86.0
25324,142.9,7.00,25.06,0.1754,5.70,2329.0,86.0
25331,144.9,6.90,25.05,0.1729,5.78,2329.0,86.0
25338,142.9,7.00,25.05,0.1754,5.70,2329.0,86.0
25345,147.1,6.80,25.05,0.1703,5.87,2329.0,86.0
25352,142.9,7.00,25.04,0.1753,5.71,2329.0,86.0
25358,144.9,6.90,25.04,0.1728,5.79,2329.0,86.0
25365,144.9,6.90,25.04,0.1728,5.79,2329.0,86.0
25372,142.9,7.00,25.04,0.1753,5.71,2329.0,86.0
25379,144.9,6.90,25.03,0.1727,5.79,2329.0,86.0
25386,144.9,6.90,25.03,0.1727,5.79,2329.0,86.0
25393,142.9,7.00,25.03,0.1752,5.71,2329.0,86.0
25400,142.9,7.00,25.03,0.1752,5.71,2329.0,86.0
25407,144.9,6.90,25.02,0.1727,5.79,2329.0,86.0
25414,144.9,6.90,25.02,0.1726,5.79,2329.0,86.0
25421,140.8,7.10,25.02,0.1776,5.63,2329.0,86.0
25428,147.1,6.80,25.01,0.1701,5.88,2329.0,86.0
25435,140.8,7.10,25.01,0.1776,5.63,2329.0,86.0
25442,144.9,6.90,25.01,0.1726,5.79,2329.0,86.0
25449,144.9,6.90,25.01,0.1725,5.79,2329.0,86.0
25456,142.9,7.00,25.00,0.1750,5.72,2329.0,86.0
25463,147.1,6.80,25.00,0.1700,5.88,2329.0,86.0
25470,142.9,7.00,25.00,0.1750,5.72,2329.0,86.0
25477,142.9,7.00,24.99,0.1750,5.72,2329.0,86.0
25483,144.9,6.90,24.99,0.1724,5.80,2329.0,86.0
25490,142.9,7.00,24.99,0.1749,5.72,2329.0,86.0
25497,142.9,7.00,24.99,0.1749,5.72,2329.0,86.0
25504,147.1,6.80,24.98,0.1699,5.89,2329.0,86.0
25511,142.9,7.00,24.98,0.1749,5.72,2329.0,86.0
25518,142.9,7.00,24.98,0.1748,5.72,2329.0,86.0
25525,142.9,7.00,24.98,0.1748,5.72,2329.0,86.0
25532,147.1,6.80,24.97,0.1698,5.89,2329.0,86.0
25539,142.9,7.00,24.97,0.1748,5.72,2329.0,86.0
25546,142.9,7.00,24.97,0.1748,5.72,2329.0,86.0
25553,142.9,7.00,24.96,0.1747,5.72,2329.0,86.0
25560,144.9,6.90,24.96,0.1722,5.81,2329.0,86.0
25567,144.9,6.90,24.96,0.1722,5.81,2329.0,86.0
25574,142.9,7.00,24.96,0.1747,5.73,2329.0,86.0
25581,144.9,6.90,24.95,0.1722,5.81,2329.0,86.0
25588,142.9,7.00,24.95,0.1747,5.73,2329.0,86.0
25595,147.1,6.80,24.95,0.1696,5.90,2329.0,86.0
25602,140.8,7.10,24.94,0.1771,5.64,2329.0,86.0
25609,144.9,6.90,24.94,0.1721,5.81,2329.0,86.0
25615,147.1,6.80,24.94,0.1696,5.90,2329.0,86.0
25622,140.8,7.10,24.94,0.1770,5.65,2329.0,86.0
25629,144.9,6.90,24.93,0.1720,5.81,2329.0,86.0
25636,142.9,7.00,24.93,0.1745,5.73,2329.0,86.0
25643,144.9,6.90,24.93,0.1720,5.81,2329.0,86.0
25650,144.9,6.90,24.93,0.1720,5.81,2329.0,86.0
25657,144.9,6.90,24.92,0.1720,5.81,2329.0,86.0
25664,140.8,7.10,24.92,0.1769,5.65,2329.0,86.0
25671,144.9,6.90,24.92,0.1719,5.82,2329.0,86.0
25678,142.9,7.00,24.91,0.1744,5.74,2329.0,86.0
25685,144.9,6.90,24.91,0.1719,5.82,2329.0,86.0
25692,144.9,6.90,24.91,0.1719,5.82,2329.0,86.0
25699,142.9,7.00,24.91,0.1743,5.74,2329.0,86.0
25706,142.9,7.00,24.90,0.1743,5.74,2329.0,86.0
25713,144.9,6.90,24.90,0.1718,5.82,2329.0,86.0
25720,144.9,6.90,24.90,0.1718,5.82,2329.0,86.0
25727,142.9,7.00,24.89,0.1743,5.74,2329.0,86.0
25734,142.9,7.00,24.89,0.1742,5.74,2329.0,86.0
25741,144.9,6.90,24.89,0.1717,5.82,2329.0,86.0
25748,142.9,7.00,24.89,0.1742,5.74,2329.0,86.0
25754,147.1,6.80,24.88,0.1692,5.91,2329.0,86.0
25761,144.9,6.90,24.88,0.1717,5.82,2329.0,86.0
25768,140.8,7.10,24.88,0.1766,5.66,2329.0,86.0
25775,144.9,6.90,24.88,0.1716,5.83,2329.0,86.0
25782,144.9,6.90,24.87,0.1716,5.83,2329.0,86.0
25789,142.9,7.00,24.87,0.1741,5.75,2329.0,86.0
25796,142.9,7.00,24.87,0.1741,5.75,2329.0,86.0
25803,144.9,6.90,24.86,0.1716,5.83,2329.0,86.0
25810,144.9,6.90,24.86,0.1715,5.83,2329.0,86.0
25817,144.9,6.90,24.86,0.1715,5.83,2329.0,86.0
25824,140.8,7.10,24.86,0.1765,5.66,2329.0,86.0
25831,147.1,6.80,24.85,0.1690,5.92,2329.0,86.0
25838,142.9,7.00,24.85,0.1740,5.75,2329.0,86.0
25845,142.9,7.00,24.85,0.1739,5.75,2329.0,86.0
25852,147.1,6.80,24.84,0.1689,5.92,2329.0,86.0
25859,142.9,7.00,24.84,0.1739,5.75,2329.0,86.0
25865,144.9,6.90,24.84,0.1714,5.83,2329.0,86.0
25872,142.9,7.00,24.84,0.1739,5.75,2329.0,86.0
25879,144.9,6.90,24.83,0.1714,5.83,2329.0,86.0
25886,142.9,7.00,24.83,0.1738,5.75,2329.0,86.0
25893,144.9,6.90,24.83,0.1713,5.84,2329.0,86.0
25900,147.1,6.80,24.83,0.1688,5.93,2329.0,86.0
25907,144.9,6.90,24.82,0.1713,5.84,2329.0,86.0
25914,140.8,7.10,24.82,0.1762,5.67,2329.0,86.0
25921,144.9,6.90,24.82,0.1712,5.84,2329.0,86.0
25928,144.9,6.90,24.81,0.1712,5.84,2329.0,86.0
25935,144.9,6.90,24.81,0.1712,5.84,2329.0,86.0
25942,144.9,6.90,24.81,0.1712,5.84,2329.0,86.0
25949,138.9,7.20,24.81,0.1786,5.60,2329.0,86.0
25956,144.9,6.90,24.80,0.1711,5.84,2329.0,86.0
25963,142.9,7.00,24.80,0.1736,5.76,2329.0,86.0
25970,144.9,6.90,24.80,0.1711,5.84,2329.0,86.0
25977,142.9,7.00,24.79,0.1736,5.76,2329.0,86.0
25983,147.1,6.80,24.79,0.1686,5.93,2329.0,86.0
25990,144.9,6.90,24.79,0.1710,5.85,2329.0,86.0
25997,142.9,7.00,24.79,0.1735,5.77,2329.0,86.0
26004,144.9,6.90,24.78,0.1710,5.85,2329.0,86.0
26011,142.9,7.00,24.78,0.1735,5.77,2329.0,86.0
26018,144.9,6.90,24.78,0.1710,5.85,2329.0,86.0
26025,142.9,7.00,24.78,0.1734,5.77,2329.0,86.0
26032,144.9,6.90,24.77,0.1709,5.85,2329.0,86.0
26039,142.9,7.00,24.77,0.1734,5.77,2329.0,86.0
26046,144.9,6.90,24.77,0.1709,5.85,2329.0,86.0
26053,144.9,6.90,24.76,0.1709,5.85,2329.0,86.0
26060,144.9,6.90,24.76,0.1709,5.85,2329.0,86.0
26067,140.8,7.10,24.76,0.1758,5.69,2329.0,86.0
26074,144.9,6.90,24.76,0.1708,5.85,2329.0,86.0
26081,142.9,7.00,24.75,0.1733,5.77,2329.0,86.0
26088,144.9,6.90,24.75,0.1708,5.85,2329.0,86.0
26095,142.9,7.00,24.75,0.1732,5.77,2329.0,86.0
26102,144.9,6.90,24.74,0.1707,5.86,2329.0,86.0
26108,144.9,6.90,24.74,0.1707,5.86,2329.0,86.0
26115,144.9,6.90,24.74,0.1707,5.86,2329.0,86.0
26122,142.9,7.00,24.74,0.1732,5.78,2329.0,86.0
26129,144.9,6.90,24.73,0.1707,5.86,2329.0,86.0
26136,142.9,7.00,24.73,0.1731,5.78,2329.0,86.0
26143,147.1,6.80,24.73,0.1682,5.95,2329.0,86.0
26150,142.9,7.00,24.73,0.1731,5.78,2329.0,86.0
26157,140.8,7.10,24.72,0.1755,5.70,2329.0,86.0
26164,144.9,6.90,24.72,0.1706,5.86,2329.0,86.0
26171,144.9,6.90,24.72,0.1705,5.86,2329.0,86.0
26178,144.9,6.90,24.71,0.1705,5.86,2329.0,86.0
26185,140.8,7.10,24.71,0.1754,5.70,2329.0,86.0
26192,144.9,6.90,24.71,0.1705,5.86,2329.0,86.0
26199,144.9,6.90,24.71,0.1705,5.87,2329.0,86.0
26206,144.9,6.90,24.70,0.1704,5.87,2329.0,86.0
26213,142.9,7.00,24.70,0.1729,5.79,2329.0,86.0
26220,144.9,6.90,24.70,0.1704,5.87,2329.0,86.0
26227,142.9,7.00,24.69,0.1729,5.79,2329.0,86.0
26233,147.1,6.80,24.69,0.1679,5.96,2329.0,86.0
26240,142.9,7.00,24.69,0.1728,5.79,2329.0,86.0
26247,142.9,7.00,24.69,0.1728,5.79,2329.0,86.0
26254,144.9,6.90,24.68,0.1703,5.87,2329.0,86.0
26261,142.9,7.00,24.68,0.1728,5.79,2329.0,86.0
26268,144.9,6.90,24.68,0.1703,5.87,2329.0,86.0
26275,144.9,6.90,24.68,0.1703,5.87,2329.0,86.0
26282,142.9,7.00,24.67,0.1727,5.79,2329.0,86.0
26289,142.9,7.00,24.67,0.1727,5.79,2329.0,86.0
26296,144.9,6.90,24.67,0.1702,5.87,2329.0,86.0
26303,144.9,6.90,24.66,0.1702,5.88,2329.0,86.0
26310,144.9,6.90,24.66,0.1701,5.88,2329.0,86.0
26317,140.8,7.10,24.65,0.1750,5.71,2329.0,86.0
26324,147.1,6.80,24.65,0.1676,5.97,2329.0,86.0
26331,138.9,7.20,24.65,0.1775,5.64,2329.0,86.0
26338,144.9,6.90,24.64,0.1700,5.88,2329.0,86.0
26345,144.9,6.90,24.64,0.1700,5.88,2329.0,86.0
26351,147.1,6.80,24.63,0.1675,5.97,2329.0,86.0
26358,142.9,7.00,24.63,0.1724,5.80,2329.0,86.0
26365,144.9,6.90,24.63,0.1699,5.88,2329.0,86.0
26372,144.9,6.90,24.62,0.1699,5.88,2329.0,86.0
26379,140.8,7.10,24.62,0.1748,5.72,2329.0,86.0
26386,144.9,6.90,24.62,0.1698,5.89,2329.0,86.0
26393,142.9,7.00,24.61,0.1723,5.81,2329.0,86.0
26400,147.1,6.80,24.61,0.1673,5.98,2329.0,86.0
26407,144.9,6.90,24.60,0.1698,5.89,2329.0,86.0
26414,140.8,7.10,24.60,0.1747,5.72,2329.0,86.0
26421,144.9,6.90,24.60,0.1697,5.89,2329.0,86.0
26428,144.9,6.90,24.59,0.1697,5.89,2329.0,86.0
26435,142.9,7.00,24.59,0.1721,5.81,2329.0,86.0
26442,147.1,6.80,24.58,0.1672,5.98,2329.0,86.0
26449,142.9,7.00,24.58,0.1721,5.81,2329.0,86.0
26456,142.9,7.00,24.58,0.1720,5.81,2329.0,86.0
26463,142.9,7.00,24.57,0.1720,5.82,2329.0,86.0
26470,144.9,6.90,24.57,0.1695,5.90,2329.0,86.0
26476,144.9,6.90,24.56,0.1695,5.90,2329.0,86.0
26483,142.9,7.00,24.56,0.1719,5.82,2329.0,86.0
26490,142.9,7.00,24.56,0.1719,5.82,2329.0,86.0
26497,144.9,6.90,24.55,0.1694,5.90,2329.0,86.0
26504,144.9,6.90,24.55,0.1694,5.90,2329.0,86.0
26511,144.9,6.90,24.55,0.1694,5.90,2329.0,86.0
26518,140.8,7.10,24.54,0.1742,5.74,2329.0,86.0
26525,144.9,6.90,24.54,0.1693,5.91,2329.0,86.0
26532,144.9,6.90,24.53,0.1693,5.91,2329.0,86.0
26539,144.9,6.90,24.53,0.1693,5.91,2329.0,86.0
26546,144.9,6.90,24.53,0.1692,5.91,2329.0,86.0
26553,142.9,7.00,24.52,0.1717,5.83,2329.0,86.0
26560,140.8,7.10,24.52,0.1741,5.74,2329.0,86.0
26567,147.1,6.80,24.51,0.1667,6.00,2329.0,86.0
26574,144.9,6.90,24.51,0.1691,5.91,2329.0,86.0
26581,142.9,7.00,24.51,0.1715,5.83,2329.0,86.0
26588,140.8,7.10,24.50,0.1740,5.75,2329.0,86.0
26595,144.9,6.90,24.50,0.1690,5.91,2329.0,86.0
26602,144.9,6.90,24.49,0.1690,5.92,2329.0,86.0
26608,147.1,6.80,24.49,0.1665,6.01,2329.0,86.0
26615,140.8,7.10,24.49,0.1739,5.75,2329.0,86.0
26622,142.9,7.00,24.48,0.1714,5.84,2329.0,86.0
26629,149.3,6.70,24.48,0.1640,6.10,2329.0,86.0
26636,140.8,7.10,24.48,0.1738,5.75,2329.0,86.0
26643,144.9,6.90,24.47,0.1689,5.92,2329.0,86.0
26650,144.9,6.90,24.47,0.1688,5.92,2329.0,86.0
26657,142.9,7.00,24.46,0.1712,5.84,2329.0,86.0
26664,144.9,6.90,24.46,0.1688,5.92,2329.0,86.0
26671,140.8,7.10,24.46,0.1736,5.76,2329.0,86.0
26678,147.1,6.80,24.45,0.1663,6.02,2329.0,86.0
26685,142.9,7.00,24.45,0.1711,5.85,2329.0,86.0
26692,144.9,6.90,24.44,0.1687,5.93,2329.0,86.0
26699,142.9,7.00,24.44,0.1711,5.85,2329.0,86.0
26706,144.9,6.90,24.44,0.1686,5.93,2329.0,86.0
26713,144.9,6.90,24.43,0.1686,5.93,2329.0,86.0
26720,142.9,7.00,24.43,0.1710,5.85,2329.0,86.0
26727,142.9,7.00,24.42,0.1710,5.85,2329.0,86.0
26733,147.1,6.80,24.42,0.1661,6.02,2329.0,86.0
26740,142.9,7.00,24.42,0.1709,5.85,2329.0,86.0
26747,142.9,7.00,24.41,0.1709,5.85,2329.0,86.0
26754,142.9,7.00,24.41,0.1709,5.85,2329.0,86.0
26761,144.9,6.90,24.41,0.1684,5.94,2329.0,86.0
26768,142.9,7.00,24.40,0.1708,5.86,2329.0,86.0
26775,144.9,6.90,24.40,0.1683,5.94,2329.0,86.0
26782,144.9,6.90,24.39,0.1683,5.94,2329.0,86.0
26789,142.9,7.00,24.39,0.1707,5.86,2329.0,86.0
26796,147.1,6.80,24.39,0.1658,6.03,2329.0,86.0
26803,140.8,7.10,24.38,0.1731,5.77,2329.0,86.0
26810,147.1,6.80,24.38,0.1658,6.03,2329.0,86.0
26817,144.9,6.90,24.37,0.1682,5.94,2329.0,86.0
26824,140.8,7.10,24.37,0.1730,5.78,2329.0,86.0
26831,142.9,7.00,24.37,0.1706,5.86,2329.0,86.0
26838,144.9,6.90,24.36,0.1681,5.95,2329.0,86.0
26845,144.9,6.90,24.36,0.1681,5.95,2329.0,86.0
26852,142.9,7.00,24.35,0.1705,5.87,2329.0,86.0
26858,144.9,6.90,24.35,0.1680,5.95,2329.0,86.0
26865,144.9,6.90,24.35,0.1680,5.95,2329.0,86.0
26872,142.9,7.00,24.34,0.1704,5.87,2329.0,86.0
26879,144.9,6.90,24.34,0.1679,5.95,2329.0,86.0
26886,142.9,7.00,24.34,0.1703,5.87,2329.0,86.0
26893,144.9,6.90,24.33,0.1679,5.96,2329.0,86.0
26900,142.9,7.00,24.33,0.1703,5.87,2329.0,86.0
26907,144.9,6.90,24.32,0.1678,5.96,2329.0,86.0
26914,144.9,6.90,24.32,0.1678,5.96,2329.0,86.0
26921,142.9,7.00,24.32,0.1702,5.88,2329.0,86.0
26928,144.9,6.90,24.31,0.1678,5.96,2329.0,86.0
26935,144.9,6.90,24.31,0.1677,5.96,2329.0,86.0
26942,142.9,7.00,24.30,0.1701,5.88,2329.0,86.0
26949,142.9,7.00,24.30,0.1701,5.88,2329.0,86.0
26956,142.9,7.00,24.30,0.1701,5.88,2329.0,86.0
26963,147.1,6.80,24.29,0.1652,6.06,2329.0,86.0
26970,142.9,7.00,24.29,0.1700,5.88,2329.0,86.0
26976,144.9,6.90,24.28,0.1676,5.97,2329.0,86.0
26983,142.9,7.00,24.28,0.1700,5.89,2329.0,86.0
26990,142.9,7.00,24.28,0.1699,5.89,2329.0,86.0
26997,144.9,6.90,24.27,0.1675,5.97,2329.0,86.0
27004,147.1,6.80,24.27,0.1650,6.06,2329.0,86.0
27011,140.8,7.10,24.27,0.1723,5.80,2329.0,86.0
27018,144.9,6.90,24.26,0.1674,5.97,2329.0,86.0
27025,142.9,7.00,24.26,0.1698,5.89,2329.0,86.0
27032,142.9,7.00,24.25,0.1698,5.89,2329.0,86.0
27039,142.9,7.00,24.25,0.1697,5.89,2329.0,86.0
27046,144.9,6.90,24.25,0.1673,5.98,2329.0,86.0
27053,147.1,6.80,24.24,0.1648,6.07,2329.0,86.0
27060,142.9,7.00,24.24,0.1697,5.90,2329.0,86.0
27067,142.9,7.00,24.23,0.1696,5.90,2329.0,86.0
27074,144.9,6.90,24.23,0.1672,5.98,2329.0,86.0
27081,147.1,6.80,24.23,0.1647,6.07,2329.0,86.0
27088,140.8,7.10,24.22,0.1720,5.81,2329.0,86.0
27095,142.9,7.00,24.22,0.1695,5.90,2329.0,86.0
27102,144.9,6.90,24.21,0.1671,5.98,2329.0,86.0
27108,147.1,6.80,24.21,0.1646,6.08,2329.0,86.0
27115,140.8,7.10,24.21,0.1719,5.82,2329.0,86.0
27122,144.9,6.90,24.20,0.1670,5.99,2329.0,86.0
27129,147.1,6.80,24.20,0.1646,6.08,2329.0,86.0
27136,142.9,7.00,24.20,0.1694,5.91,2329.0,86.0
27143,142.9,7.00,24.19,0.1693,5.91,2329.0,86.0
27150,142.9,7.00,24.19,0.1693,5.91,2329.0,86.0
27157,144.9,6.90,24.18,0.1669,5.99,2329.0,86.0
27164,142.9,7.00,24.18,0.1693,5.91,2329.0,86.0
27171,144.9,6.90,24.18,0.1668,5.99,2329.0,86.0
27178,142.9,7.00,24.17,0.1692,5.91,2329.0,86.0
27185,144.9,6.90,24.17,0.1668,6.00,2329.0,86.0
27192,144.9,6.90,24.16,0.1667,6.00,2329.0,86.0
27199,144.9,6.90,24.16,0.1667,6.00,2329.0,86.0
27206,140.8,7.10,24.16,0.1715,5.83,2329.0,86.0
27213,147.1,6.80,24.15,0.1642,6.09,2329.0,86.0
27220,142.9,7.00,24.15,0.1690,5.92,2329.0,86.0
27226,144.9,6.90,24.14,0.1666,6.00,2329.0,86.0
27233,144.9,6.90,24.14,0.1666,6.00,2329.0,86.0
27240,142.9,7.00,24.14,0.1690,5.92,2329.0,86.0
27247,144.9,6.90,24.13,0.1665,6.00,2329.0,86.0
27254,144.9,6.90,24.13,0.1665,6.01,2329.0,86.0
27261,142.9,7.00,24.13,0.1689,5.92,2329.0,86.0
27268,142.9,7.00,24.12,0.1688,5.92,2329.0,86.0
27275,144.9,6.90,24.12,0.1664,6.01,2329.0,86.0
27282,142.9,7.00,24.11,0.1688,5.93,2329.0,86.0
27289,144.9,6.90,24.11,0.1664,6.01,2329.0,86.0
27296,144.9,6.90,24.11,0.1664,6.01,2329.0,86.0
27303,142.9,7.00,24.12,0.1688,5.92,2329.0,86.0
27310,144.9,6.90,24.12,0.1664,6.01,2329.0,86.0
27317,142.9,7.00,24.13,0.1689,5.92,2329.0,86.0
27324,144.9,6.90,24.13,0.1665,6.00,2329.0,86.0
27331,142.9,7.00,24.14,0.1689,5.92,2329.0,86.0
27338,144.9,6.90,24.14,0.1666,6.00,2329.0,86.0
27345,142.9,7.00,24.14,0.1690,5.92,2329.0,86.0
27352,142.9,7.00,24.15,0.1690,5.92,2329.0,86.0
27358,144.9,6.90,24.15,0.1666,6.00,2329.0,86.0
27365,144.9,6.90,24.16,0.1667,6.00,2329.0,86.0
27372,142.9,7.00,24.16,0.1691,5.91,2329.0,86.0
27379,147.1,6.80,24.16,0.1643,6.09,2329.0,86.0
27386,142.9,7.00,24.17,0.1692,5.91,2329.0,86.0
27393,142.9,7.00,24.17,0.1692,5.91,2329.0,86.0
27400,142.9,7.00,24.18,0.1692,5.91,2329.0,86.0
27407,144.9,6.90,24.18,0.1668,5.99,2329.0,86.0
27414,144.9,6.90,24.18,0.1669,5.99,2329.0,86.0
27421,144.9,6.90,24.19,0.1669,5.99,2329.0,86.0
27428,142.9,7.00,24.19,0.1693,5.91,2329.0,86.0
27435,142.9,7.00,24.20,0.1694,5.91,2329.0,86.0
27442,144.9,6.90,24.20,0.1670,5.99,2329.0,86.0
27449,142.9,7.00,24.20,0.1694,5.90,2329.0,86.0
27456,144.9,6.90,24.21,0.1670,5.99,2329.0,86.0
27463,144.9,6.90,24.21,0.1671,5.98,2329.0,86.0
27470,142.9,7.00,24.22,0.1695,5.90,2329.0,86.0
27477,142.9,7.00,24.22,0.1696,5.90,2329.0,86.0
27483,144.9,6.90,24.23,0.1672,5.98,2329.0,86.0
27490,142.9,7.00,24.23,0.1696,5.90,2329.0,86.0
27497,147.1,6.80,24.23,0.1648,6.07,2329.0,86.0
27504,142.9,7.00,24.24,0.1697,5.90,2329.0,86.0
27511,142.9,7.00,24.24,0.1697,5.89,2329.0,86.0
27518,147.1,6.80,24.25,0.1649,6.07,2329.0,86.0
27525,140.8,7.10,24.25,0.1722,5.81,2329.0,86.0
27532,144.9,6.90,24.25,0.1674,5.97,2329.0,86.0
27539,144.9,6.90,24.26,0.1674,5.97,2329.0,86.0
27546,142.9,7.00,24.26,0.1698,5.89,2329.0,86.0
27553,142.9,7.00,24.27,0.1699,5.89,2329.0,86.0
27560,147.1,6.80,24.27,0.1650,6.06,2329.0,86.0
27567,144.9,6.90,24.27,0.1675,5.97,2329.0,86.0
27574,140.8,7.10,24.28,0.1724,5.80,2329.0,86.0
27581,147.1,6.80,24.28,0.1651,6.06,2329.0,86.0
27588,142.9,7.00,24.29,0.1700,5.88,2329.0,86.0
27594,144.9,6.90,24.29,0.1676,5.97,2329.0,86.0
27601,142.9,7.00,24.29,0.1701,5.88,2329.0,86.0
27608,142.9,7.00,24.30,0.1701,5.88,2329.0,86.0
27615,144.9,6.90,24.30,0.1677,5.96,2329.0,86.0
27622,142.9,7.00,24.31,0.1701,5.88,2329.0,86.0
27629,144.9,6.90,24.31,0.1677,5.96,2329.0,86.0
27636,142.9,7.00,24.32,0.1702,5.88,2329.0,86.0
27643,144.9,6.90,24.32,0.1678,5.96,2329.0,86.0
27650,144.9,6.90,24.32,0.1678,5.96,2329.0,86.0
27657,144.9,6.90,24.33,0.1679,5.96,2329.0,86.0
27664,142.9,7.00,24.33,0.1703,5.87,2329.0,86.0
27671,144.9,6.90,24.34,0.1679,5.95,2329.0,86.0
27678,142.9,7.00,24.34,0.1704,5.87,2329.0,86.0
27685,142.9,7.00,24.34,0.1704,5.87,2329.0,86.0
27692,144.9,6.90,24.35,0.1680,5.95,2329.0,86.0
27699,144.9,6.90,24.35,0.1680,5.95,2329.0,86.0
27706,142.9,7.00,24.36,0.1705,5.87,2329.0,86.0
27713,142.9,7.00,24.36,0.1705,5.87,2329.0,86.0
27720,144.9,6.90,24.36,0.1681,5.95,2329.0,86.0
27726,144.9,6.90,24.37,0.1681,5.95,2329.0,86.0
27733,144.9,6.90,24.37,0.1682,5.95,2329.0,86.0
27740,144.9,6.90,24.38,0.1682,5.94,2329.0,86.0
27747,142.9,7.00,24.38,0.1707,5.86,2329.0,86.0
27754,144.9,6.90,24.38,0.1683,5.94,2329.0,86.0
27761,142.9,7.00,24.39,0.1707,5.86,2329.0,86.0
27768,142.9,7.00,24.39,0.1708,5.86,2329.0,86.0
27775,144.9,6.90,24.40,0.1683,5.94,2329.0,86.0
27782,144.9,6.90,24.40,0.1684,5.94,2329.0,86.0
27789,142.9,7.00,24.41,0.1708,5.86,2329.0,86.0
27796,144.9,6.90,24.41,0.1684,5.94,2329.0,86.0
27803,142.9,7.00,24.41,0.1709,5.85,2329.0,86.0
27810,144.9,6.90,24.42,0.1685,5.93,2329.0,86.0
27817,142.9,7.00,24.42,0.1710,5.85,2329.0,86.0
27824,144.9,6.90,24.43,0.1685,5.93,2329.0,86.0
27831,142.9,7.00,24.43,0.1710,5.85,2329.0,86.0
27838,144.9,6.90,24.43,0.1686,5.93,2329.0,86.0
27844,144.9,6.90,24.44,0.1686,5.93,2329.0,86.0
27851,142.9,7.00,24.44,0.1711,5.85,2329.0,86.0
27858,144.9,6.90,24.45,0.1687,5.93,2329.0,86.0
27865,142.9,7.00,24.45,0.1712,5.84,2329.0,86.0
27872,142.9,7.00,24.45,0.1712,5.84,2329.0,86.0
27879,144.9,6.90,24.46,0.1688,5.92,2329.0,86.0
27886,144.9,6.90,24.46,0.1688,5.92,2329.0,86.0
27893,142.9,7.00,24.47,0.1713,5.84,2329.0,86.0
27900,144.9,6.90,24.47,0.1689,5.92,2329.0,86.0
27907,142.9,7.00,24.48,0.1713,5.84,2329.0,86.0
27914,144.9,6.90,24.48,0.1689,5.92,2329.0,86.0
27921,142.9,7.00,24.48,0.1714,5.84,2329.0,86.0
27928,144.9,6.90,24.49,0.1690,5.92,2329.0,86.0
27935,142.9,7.00,24.49,0.1714,5.83,2329.0,86.0
27942,142.9,7.00,24.50,0.1715,5.83,2329.0,86.0
27949,144.9,6.90,24.50,0.1690,5.91,2329.0,86.0
27956,144.9,6.90,24.50,0.1691,5.91,2329.0,86.0
27963,144.9,6.90,24.51,0.1691,5.91,2329.0,86.0
27970,142.9,7.00,24.51,0.1716,5.83,2329.0,86.0
27976,144.9,6.90,24.52,0.1692,5.91,2329.0,86.0
27983,144.9,6.90,24.52,0.1692,5.91,2329.0,86.0
27990,142.9,7.00,24.52,0.1717,5.83,2329.0,86.0
27997,142.9,7.00,24.53,0.1717,5.83,2329.0,86.0
28004,144.9,6.90,24.53,0.1693,5.91,2329.0,86.0
28011,144.9,6.90,24.54,0.1693,5.91,2329.0,86.0
28018,144.9,6.90,24.54,0.1693,5.90,2329.0,86.0
28025,142.9,7.00,24.54,0.1718,5.82,2329.0,86.0
28032,144.9,6.90,24.55,0.1694,5.90,2329.0,86.0
28039,142.9,7.00,24.55,0.1719,5.82,2329.0,86.0
28046,142.9,7.00,24.56,0.1719,5.82,2329.0,86.0
28053,147.1,6.80,24.56,0.1670,5.99,2329.0,86.0
28060,140.8,7.10,24.57,0.1744,5.73,2329.0,86.0
28067,147.1,6.80,24.57,0.1671,5.99,2329.0,86.0
28074,142.9,7.00,24.57,0.1720,5.82,2329.0,86.0
28081,142.9,7.00,24.58,0.1720,5.81,2329.0,86.0
28088,144.9,6.90,24.58,0.1696,5.89,2329.0,86.0
28094,144.9,6.90,24.59,0.1696,5.89,2329.0,86.0
28101,144.9,6.90,24.59,0.1697,5.89,2329.0,86.0
28108,142.9,7.00,24.59,0.1722,5.81,2329.0,86.0
28115,142.9,7.00,24.60,0.1722,5.81,2329.0,86.0
28122,142.9,7.00,24.60,0.1722,5.81,2329.0,86.0
28129,147.1,6.80,24.61,0.1673,5.98,2329.0,86.0
28136,142.9,7.00,24.61,0.1723,5.81,2329.0,86.0
28143,142.9,7.00,24.61,0.1723,5.81,2329.0,86.0
28150,144.9,6.90,24.62,0.1699,5.89,2329.0,86.0
28157,142.9,7.00,24.62,0.1724,5.80,2329.0,86.0
28164,144.9,6.90,24.63,0.1699,5.88,2329.0,86.0
28171,144.9,6.90,24.63,0.1700,5.88,2329.0,86.0
28178,142.9,7.00,24.64,0.1724,5.80,2329.0,86.0
28185,144.9,6.90,24.64,0.1700,5.88,2329.0,86.0
28192,142.9,7.00,24.64,0.1725,5.80,2329.0,86.0
28199,142.9,7.00,24.65,0.1725,5.80,2329.0,86.0
28206,147.1,6.80,24.65,0.1676,5.97,2329.0,86.0
28213,140.8,7.10,24.66,0.1751,5.71,2329.0,86.0
28220,144.9,6.90,24.66,0.1702,5.88,2329.0,86.0
28226,144.9,6.90,24.66,0.1702,5.88,2329.0,86.0
28233,144.9,6.90,24.67,0.1702,5.87,2329.0,86.0
28240,142.9,7.00,24.67,0.1727,5.79,2329.0,86.0
28247,144.9,6.90,24.68,0.1703,5.87,2329.0,86.0
28254,144.9,6.90,24.68,0.1703,5.87,2329.0,86.0
28261,142.9,7.00,24.68,0.1728,5.79,2329.0,86.0
28268,142.9,7.00,24.69,0.1728,5.79,2329.0,86.0
28275,144.9,6.90,24.69,0.1704,5.87,2329.0,86.0
28282,144.9,6.90,24.70,0.1704,5.87,2329.0,86.0
28289,142.9,7.00,24.70,0.1729,5.79,2329.0,86.0
28296,142.9,7.00,24.70,0.1729,5.78,2329.0,86.0
28303,147.1,6.80,24.71,0.1680,5.95,2329.0,86.0
28310,142.9,7.00,24.71,0.1730,5.78,2329.0,86.0
28317,144.9,6.90,24.72,0.1706,5.86,2329.0,86.0
28324,140.8,7.10,24.72,0.1755,5.70,2329.0,86.0
28331,142.9,7.00,24.73,0.1731,5.78,2329.0,86.0
28337,149.3,6.70,24.73,0.1657,6.04,2329.0,86.0
28344,142.9,7.00,24.73,0.1731,5.78,2329.0,86.0
28351,142.9,7.00,24.74,0.1732,5.78,2329.0,86.0
28358,142.9,7.00,24.74,0.1732,5.78,2329.0,86.0
28365,144.9,6.90,24.75,0.1707,5.86,2329.0,86.0
28372,142.9,7.00,24.75,0.1733,5.77,2329.0,86.0
28379,142.9,7.00,24.75,0.1733,5.77,2329.0,86.0
28386,147.1,6.80,24.76,0.1684,5.94,2329.0,86.0
28393,140.8,7.10,24.76,0.1758,5.69,2329.0,86.0
28400,147.1,6.80,24.77,0.1684,5.94,2329.0,86.0
28407,140.8,7.10,24.77,0.1759,5.68,2329.0,86.0
28414,147.1,6.80,24.78,0.1685,5.94,2329.0,86.0
28421,144.9,6.90,24.78,0.1710,5.85,2329.0,86.0
28428,142.9,7.00,24.78,0.1735,5.77,2329.0,86.0
28435,144.9,6.90,24.79,0.1710,5.85,2329.0,86.0
28442,144.9,6.90,24.79,0.1711,5.84,2329.0,86.0
28449,142.9,7.00,24.80,0.1736,5.76,2329.0,86.0
28456,144.9,6.90,24.80,0.1711,5.84,2329.0,86.0
28462,144.9,6.90,24.80,0.1712,5.84,2329.0,86.0
28469,142.9,7.00,24.81,0.1737,5.76,2329.0,86.0
28476,144.9,6.90,24.81,0.1712,5.84,2329.0,86.0
28483,142.9,7.00,24.82,0.1737,5.76,2329.0,86.0
28490,144.9,6.90,24.82,0.1713,5.84,2329.0,86.0
28497,142.9,7.00,24.83,0.1738,5.76,2329.0,86.0
28504,140.8,7.10,24.83,0.1763,5.67,2329.0,86.0
28511,147.1,6.80,24.83,0.1689,5.92,2329.0,86.0
28518,142.9,7.00,24.84,0.1739,5.75,2329.0,86.0
28525,144.9,6.90,24.84,0.1714,5.83,2329.0,86.0
28532,142.9,7.00,24.85,0.1739,5.75,2329.0,86.0
28539,144.9,6.90,24.85,0.1715,5.83,2329.0,86.0
28546,144.9,6.90,24.85,0.1715,5.83,2329.0,86.0
28553,144.9,6.90,24.86,0.1715,5.83,2329.0,86.0
28560,142.9,7.00,24.86,0.1740,5.75,2329.0,86.0
28567,142.9,7.00,24.87,0.1741,5.75,2329.0,86.0
28574,144.9,6.90,24.87,0.1716,5.83,2329.0,86.0
28581,144.9,6.90,24.88,0.1716,5.82,2329.0,86.0
28588,140.8,7.10,24.88,0.1766,5.66,2329.0,86.0
28594,147.1,6.80,24.88,0.1692,5.91,2329.0,86.0
28601,142.9,7.00,24.89,0.1742,5.74,2329.0,86.0
28608,142.9,7.00,24.89,0.1742,5.74,2329.0,86.0
28615,147.1,6.80,24.90,0.1693,5.91,2329.0,86.0
28622,140.8,7.10,24.90,0.1768,5.65,2329.0,86.0
28629,144.9,6.90,24.90,0.1718,5.82,2329.0,86.0
28636,144.9,6.90,24.91,0.1719,5.82,2329.0,86.0
28643,144.9,6.90,24.91,0.1719,5.82,2329.0,86.0
28650,142.9,7.00,24.92,0.1744,5.73,2329.0,86.0
28657,142.9,7.00,24.92,0.1744,5.73,2329.0,86.0
28664,144.9,6.90,24.93,0.1720,5.81,2329.0,86.0
28671,142.9,7.00,24.93,0.1745,5.73,2329.0,86.0
28678,142.9,7.00,24.93,0.1745,5.73,2329.0,86.0
28685,142.9,7.00,24.94,0.1746,5.73,2329.0,86.0
28692,144.9,6.90,24.94,0.1721,5.81,2329.0,86.0
28699,144.9,6.90,24.95,0.1721,5.81,2329.0,86.0
28706,144.9,6.90,24.95,0.1722,5.81,2329.0,86.0
28713,142.9,7.00,24.95,0.1747,5.73,2329.0,86.0
28720,144.9,6.90,24.96,0.1722,5.81,2329.0,86.0
28727,142.9,7.00,24.96,0.1747,5.72,2329.0,86.0
28733,144.9,6.90,24.97,0.1723,5.80,2329.0,86.0
28740,142.9,7.00,24.97,0.1748,5.72,2329.0,86.0
28747,144.9,6.90,24.98,0.1723,5.80,2329.0,86.0
28754,142.9,7.00,24.98,0.1749,5.72,2329.0,86.0
28761,144.9,6.90,24.98,0.1724,5.80,2329.0,86.0
28768,144.9,6.90,24.99,0.1724,5.80,2329.0,86.0
28775,144.9,6.90,24.99,0.1724,5.80,2329.0,86.0
28782,142.9,7.00,25.00,0.1750,5.72,2329.0,86.0
28789,144.9,6.90,25.00,0.1725,5.80,2329.0,86.0
28796,144.9,6.90,25.00,0.1725,5.79,2329.0,86.0
28803,142.9,7.00,25.01,0.1751,5.71,2329.0,86.0
28810,142.9,7.00,25.01,0.1751,5.71,2329.0,86.0
28817,144.9,6.90,25.02,0.1726,5.79,2329.0,86.0
28824,142.9,7.00,25.02,0.1752,5.71,2329.0,86.0
28831,142.9,7.00,25.03,0.1752,5.71,2329.0,86.0
28838,147.1,6.80,25.03,0.1702,5.88,2329.0,86.0
28845,142.9,7.00,25.03,0.1752,5.71,2329.0,86.0
28851,144.9,6.90,25.04,0.1728,5.79,2329.0,86.0
28859,140.8,7.10,25.04,0.1778,5.62,2329.0,86.0
28865,147.1,6.80,25.05,0.1703,5.87,2329.0,86.0
28872,142.9,7.00,25.05,0.1754,5.70,2329.0,86.0
28879,144.9,6.90,25.05,0.1729,5.78,2329.0,86.0
28886,142.9,7.00,25.06,0.1754,5.70,2329.0,86.0
28893,144.9,6.90,25.06,0.1729,5.78,2329.0,86.0
28900,144.9,6.90,25.07,0.1730,5.78,2329.0,86.0
28907,142.9,7.00,25.07,0.1755,5.70,2329.0,86.0
28914,144.9,6.90,25.08,0.1730,5.78,2329.0,86.0
28921,142.9,7.00,25.08,0.1756,5.70,2329.0,86.0
28928,147.1,6.80,25.08,0.1706,5.86,2329.0,86.0
28935,142.9,7.00,25.09,0.1756,5.70,2329.0,86.0
28942,144.9,6.90,25.09,0.1731,5.77,2329.0,86.0
28949,142.9,7.00,25.10,0.1757,5.69,2329.0,86.0
28956,144.9,6.90,25.10,0.1732,5.77,2329.0,86.0
28963,142.9,7.00,25.10,0.1757,5.69,2329.0,86.0
28969,144.9,6.90,25.11,0.1732,5.77,2329.0,86.0
28976,142.9,7.00,25.11,0.1758,5.69,2329.0,86.0
28984,140.8,7.10,25.12,0.1783,5.61,2329.0,86.0
28990,147.1,6.80,25.12,0.1708,5.86,2329.0,86.0
28997,144.9,6.90,25.13,0.1734,5.77,2329.0,86.0
29004,144.9,6.90,25.13,0.1734,5.77,2329.0,86.0
29011,140.8,7.10,25.13,0.1784,5.60,2329.0,86.0
29018,144.9,6.90,25.14,0.1735,5.76,2329.0,86.0
29025,144.9,6.90,25.14,0.1735,5.76,2329.0,86.0
29032,144.9,6.90,25.15,0.1735,5.76,2329.0,86.0
29039,142.9,7.00,25.15,0.1761,5.68,2329.0,86.0
29046,142.9,7.00,25.15,0.1761,5.68,2329.0,86.0
29053,144.9,6.90,25.16,0.1736,5.76,2329.0,86.0
29060,144.9,6.90,25.16,0.1736,5.76,2329.0,86.0
29067,142.9,7.00,25.17,0.1762,5.68,2329.0,86.0
29074,144.9,6.90,25.17,0.1737,5.76,2329.0,86.0
29081,142.9,7.00,25.18,0.1762,5.68,2329.0,86.0
29088,144.9,6.90,25.18,0.1737,5.75,2329.0,86.0
29095,142.9,7.00,25.18,0.1763,5.67,2329.0,86.0
29101,144.9,6.90,25.19,0.1738,5.75,2329.0,86.0
29108,144.9,6.90,25.19,0.1738,5.75,2329.0,86.0
29115,144.9,6.90,25.20,0.1739,5.75,2329.0,86.0
29122,142.9,7.00,25.20,0.1764,5.67,2329.0,86.0
29129,144.9,6.90,25.20,0.1739,5.75,2329.0,86.0
29136,144.9,6.90,25.21,0.1739,5.75,2329.0,86.0
29143,142.9,7.00,25.21,0.1765,5.67,2329.0,86.0
29150,144.9,6.90,25.22,0.1740,5.75,2329.0,86.0
29157,142.9,7.00,25.22,0.1765,5.67,2329.0,86.0
29164,142.9,7.00,25.23,0.1766,5.66,2329.0,86.0
29171,144.9,6.90,25.23,0.1741,5.74,2329.0,86.0
29178,142.9,7.00,25.23,0.1766,5.66,2329.0,86.0
29185,144.9,6.90,25.24,0.1741,5.74,2329.0,86.0
29192,144.9,6.90,25.24,0.1742,5.74,2329.0,86.0
29199,144.9,6.90,25.25,0.1742,5.74,2329.0,86.0
29206,142.9,7.00,25.25,0.1768,5.66,2329.0,86.0
29213,142.9,7.00,25.25,0.1768,5.66,2329.0,86.0
29219,144.9,6.90,25.26,0.1743,5.74,2329.0,86.0
29226,142.9,7.00,25.26,0.1768,5.66,2329.0,86.0
29233,142.9,7.00,25.27,0.1769,5.66,2329.0,86.0
29240,147.1,6.80,25.27,0.1718,5.82,2329.0,86.0
29247,142.9,7.00,25.28,0.1769,5.65,2329.0,86.0
29254,144.9,6.90,25.28,0.1744,5.73,2329.0,86.0
29261,142.9,7.00,25.28,0.1770,5.65,2329.0,86.0
29268,144.9,6.90,25.29,0.1745,5.73,2329.0,86.0
29275,142.9,7.00,25.29,0.1770,5.65,2329.0,86.0
29282,144.9,6.90,25.30,0.1745,5.73,2329.0,86.0
29289,142.9,7.00,25.30,0.1771,5.65,2329.0,86.0
29296,144.9,6.90,25.31,0.1746,5.73,2329.0,86.0
29303,142.9,7.00,25.31,0.1772,5.65,2329.0,86.0
29310,142.9,7.00,25.32,0.1772,5.64,2329.0,86.0
29317,144.9,6.90,25.32,0.1747,5.72,2329.0,86.0
29324,142.9,7.00,25.33,0.1773,5.64,2329.0,86.0
29331,144.9,6.90,25.33,0.1748,5.72,2329.0,86.0
29338,142.9,7.00,25.34,0.1774,5.64,2329.0,86.0
29345,142.9,7.00,25.34,0.1774,5.64,2329.0,86.0
29352,144.9,6.90,25.35,0.1749,5.72,2329.0,86.0
29359,142.9,7.00,25.35,0.1775,5.64,2329.0,86.0
29365,144.9,6.90,25.36,0.1750,5.71,2329.0,86.0
29372,144.9,6.90,25.36,0.1750,5.71,2329.0,86.0
29379,142.9,7.00,25.37,0.1776,5.63,2329.0,86.0
29386,144.9,6.90,25.37,0.1751,5.71,2329.0,86.0
29393,144.9,6.90,25.38,0.1751,5.71,2329.0,86.0
29400,144.9,6.90,25.39,0.1752,5.71,2329.0,86.0
29407,142.9,7.00,25.39,0.1777,5.63,2329.0,86.0
29414,144.9,6.90,25.40,0.1752,5.71,2329.0,86.0
29421,142.9,7.00,25.40,0.1778,5.63,2329.0,86.0
29428,144.9,6.90,25.41,0.1753,5.70,2329.0,86.0
29435,144.9,6.90,25.41,0.1753,5.70,2329.0,86.0
29442,144.9,6.90,25.42,0.1754,5.70,2329.0,86.0
29449,142.9,7.00,25.42,0.1780,5.62,2329.0,86.0
29456,142.9,7.00,25.43,0.1780,5.62,2329.0,86.0
29463,144.9,6.90,25.43,0.1755,5.70,2329.0,86.0
29470,142.9,7.00,25.44,0.1781,5.62,2329.0,86.0
29477,142.9,7.00,25.44,0.1781,5.62,2329.0,86.0
29483,144.9,6.90,25.45,0.1756,5.69,2329.0,86.0
29490,144.9,6.90,25.45,0.1756,5.69,2329.0,86.0
29497,142.9,7.00,25.46,0.1782,5.61,2329.0,86.0
29504,142.9,7.00,25.46,0.1782,5.61,2329.0,86.0
29511,147.1,6.80,25.47,0.1732,5.78,2329.0,86.0
29518,144.9,6.90,25.47,0.1758,5.69,2329.0,86.0
29525,142.9,7.00,25.48,0.1784,5.61,2329.0,86.0
29532,142.9,7.00,25.49,0.1784,5.61,2329.0,86.0
29539,144.9,6.90,25.49,0.1759,5.68,2329.0,86.0
29546,140.8,7.10,25.50,0.1810,5.52,2329.0,86.0
29553,147.1,6.80,25.50,0.1734,5.77,2329.0,86.0
29560,142.9,7.00,25.51,0.1785,5.60,2329.0,86.0
29567,144.9,6.90,25.51,0.1760,5.68,2329.0,86.0
29574,144.9,6.90,25.52,0.1761,5.68,2329.0,86.0
29581,142.9,7.00,25.52,0.1787,5.60,2329.0,86.0
29588,142.9,7.00,25.53,0.1787,5.60,2329.0,86.0
29595,142.9,7.00,25.53,0.1787,5.60,2329.0,86.0
29602,144.9,6.90,25.54,0.1762,5.67,2329.0,86.0
29609,142.9,7.00,25.54,0.1788,5.59,2329.0,86.0
29615,147.1,6.80,25.55,0.1737,5.76,2329.0,86.0
29622,144.9,6.90,25.55,0.1763,5.67,2329.0,86.0
29629,142.9,7.00,25.56,0.1789,5.59,2329.0,86.0
29636,142.9,7.00,25.56,0.1790,5.59,2329.0,86.0
29643,142.9,7.00,25.57,0.1790,5.59,2329.0,86.0
29650,147.1,6.80,25.58,0.1739,5.75,2329.0,86.0
29657,142.9,7.00,25.58,0.1791,5.59,2329.0,86.0
29664,144.9,6.90,25.59,0.1765,5.66,2329.0,86.0
29671,142.9,7.00,25.59,0.1791,5.58,2329.0,86.0
29678,144.9,6.90,25.60,0.1766,5.66,2329.0,86.0
29685,142.9,7.00,25.60,0.1792,5.58,2329.0,86.0
29692,142.9,7.00,25.61,0.1792,5.58,2329.0,86.0
29699,142.9,7.00,25.61,0.1793,5.58,2329.0,86.0
29706,147.1,6.80,25.62,0.1742,5.74,2329.0,86.0
29713,144.9,6.90,25.62,0.1768,5.66,2329.0,86.0
29720,142.9,7.00,25.63,0.1794,5.58,2329.0,86.0
29726,144.9,6.90,25.63,0.1769,5.65,2329.0,86.0
29733,142.9,7.00,25.64,0.1795,5.57,2329.0,86.0
29740,144.9,6.90,25.64,0.1769,5.65,2329.0,86.0
29747,144.9,6.90,25.65,0.1770,5.65,2329.0,86.0
29754,142.9,7.00,25.65,0.1796,5.57,2329.0,86.0
29761,144.9,6.90,25.66,0.1771,5.65,2329.0,86.0
29768,142.9,7.00,25.66,0.1797,5.57,2329.0,86.0
29775,142.9,7.00,25.67,0.1797,5.57,2329.0,86.0
29782,147.1,6.80,25.68,0.1746,5.73,2329.0,86.0
29789,142.9,7.00,25.68,0.1798,5.56,2329.0,86.0
29796,144.9,6.90,25.69,0.1772,5.64,2329.0,86.0
29803,144.9,6.90,25.69,0.1773,5.64,2329.0,86.0
29810,142.9,7.00,25.70,0.1799,5.56,2329.0,86.0
29817,144.9,6.90,25.70,0.1773,5.64,2329.0,86.0
29824,140.8,7.10,25.71,0.1825,5.48,2329.0,86.0
29831,144.9,6.90,25.71,0.1774,5.64,2329.0,86.0
29838,144.9,6.90,25.72,0.1775,5.63,2329.0,86.0
29845,142.9,7.00,25.72,0.1801,5.56,2329.0,86.0
29851,144.9,6.90,25.73,0.1775,5.63,2329.0,86.0
29858,142.9,7.00,25.73,0.1801,5.55,2329.0,86.0
29865,144.9,6.90,25.74,0.1776,5.63,2329.0,86.0
29872,144.9,6.90,25.74,0.1776,5.63,2329.0,86.0
29879,142.9,7.00,25.75,0.1802,5.55,2329.0,86.0
29886,144.9,6.90,25.75,0.1777,5.63,2329.0,86.0
29893,144.9,6.90,25.76,0.1777,5.63,2329.0,86.0
29900,144.9,6.90,25.77,0.1778,5.62,2329.0,86.0
29907,140.8,7.10,25.77,0.1830,5.46,2329.0,86.0
29914,144.9,6.90,25.78,0.1779,5.62,2329.0,86.0
29921,144.9,6.90,25.78,0.1779,5.62,2329.0,86.0
29928,144.9,6.90,25.79,0.1779,5.62,2329.0,86.0
29935,142.9,7.00,25.79,0.1805,5.54,2329.0,86.0
29942,142.9,7.00,25.80,0.1806,5.54,2329.0,86.0
29949,147.1,6.80,25.80,0.1755,5.70,2329.0,86.0
29956,142.9,7.00,25.81,0.1807,5.54,2329.0,86.0
29963,142.9,7.00,25.81,0.1807,5.54,2329.0,86.0
29970,142.9,7.00,25.82,0.1807,5.53,2329.0,86.0
29976,144.9,6.90,25.82,0.1782,5.61,2329.0,86.0
29983,144.9,6.90,25.83,0.1782,5.61,2329.0,86.0
29990,142.9,7.00,25.83,0.1808,5.53,2329.0,86.0
29997,144.9,6.90,25.84,0.1783,5.61,2329.0,86.0
30004,144.9,6.90,25.84,0.1783,5.61,2329.0,86.0
30011,142.9,7.00,25.85,0.1809,5.53,2329.0,86.0
30018,142.9,7.00,25.85,0.1810,5.53,2329.0,86.0
30025,144.9,6.90,25.86,0.1784,5.60,2329.0,86.0
30032,144.9,6.90,25.87,0.1785,5.60,2329.0,86.0
30039,144.9,6.90,25.87,0.1785,5.60,2329.0,86.0
30046,142.9,7.00,25.88,0.1811,5.52,2329.0,86.0
30053,142.9,7.00,25.88,0.1812,5.52,2329.0,86.0
30060,144.9,6.90,25.89,0.1786,5.60,2329.0,86.0
30067,142.9,7.00,25.89,0.1812,5.52,2329.0,86.0
30074,144.9,6.90,25.90,0.1787,5.60,2329.0,86.0
30081,144.9,6.90,25.90,0.1787,5.59,2329.0,86.0
30088,142.9,7.00,25.91,0.1814,5.52,2329.0,86.0
30094,144.9,6.90,25.91,0.1788,5.59,2329.0,86.0
30101,144.9,6.90,25.92,0.1788,5.59,2329.0,86.0
30108,142.9,7.00,25.92,0.1815,5.51,2329.0,86.0
30115,144.9,6.90,25.93,0.1789,5.59,2329.0,86.0
30122,144.9,6.90,25.93,0.1789,5.59,2329.0,86.0
30129,142.9,7.00,25.94,0.1816,5.51,2329.0,86.0
30136,142.9,7.00,25.94,0.1816,5.51,2329.0,86.0
30143,144.9,6.90,25.95,0.1791,5.58,2329.0,86.0
30150,144.9,6.90,25.96,0.1791,5.58,2329.0,86.0
30157,142.9,7.00,25.96,0.1817,5.50,2329.0,86.0
30164,142.9,7.00,25.97,0.1818,5.50,2329.0,86.0
30171,144.9,6.90,25.97,0.1792,5.58,2329.0,86.0
30178,144.9,6.90,25.98,0.1792,5.58,2329.0,86.0
30185,140.8,7.10,25.98,0.1845,5.42,2329.0,86.0
30192,144.9,6.90,25.99,0.1793,5.58,2329.0,86.0
30199,144.9,6.90,25.99,0.1793,5.57,2329.0,86.0
30206,142.9,7.00,26.00,0.1820,5.50,2329.0,86.0
30212,147.1,6.80,26.00,0.1768,5.66,2329.0,86.0
30219,142.9,7.00,26.01,0.1821,5.49,2329.0,86.0
30226,142.9,7.00,26.01,0.1821,5.49,2329.0,86.0
30233,142.9,7.00,26.02,0.1821,5.49,2329.0,86.0
30240,144.9,6.90,26.02,0.1796,5.57,2329.0,86.0
30247,144.9,6.90,26.03,0.1796,5.57,2329.0,86.0
30254,142.9,7.00,26.03,0.1822,5.49,2329.0,86.0
30261,144.9,6.90,26.04,0.1797,5.56,2329.0,86.0
30268,144.9,6.90,26.04,0.1797,5.56,2329.0,86.0
30275,142.9,7.00,26.05,0.1824,5.49,2329.0,86.0
30282,144.9,6.90,26.06,0.1798,5.56,2329.0,86.0
30289,142.9,7.00,26.06,0.1824,5.48,2329.0,86.0
30296,144.9,6.90,26.06,0.1798,5.56,2329.0,86.0
30303,144.9,6.90,26.06,0.1798,5.56,2329.0,86.0
30310,142.9,7.00,26.06,0.1824,5.48,2329.0,86.0
30317,144.9,6.90,26.06,0.1798,5.56,2329.0,86.0
30324,142.9,7.00,26.06,0.1824,5.48,2329.0,86.0
30331,142.9,7.00,26.06,0.1824,5.48,2329.0,86.0
30338,144.9,6.90,26.06,0.1798,5.56,2329.0,86.0
30344,144.9,6.90,26.06,0.1798,5.56,2329.0,86.0
30351,142.9,7.00,26.06,0.1824,5.48,2329.0,86.0
30358,144.9,6.90,26.06,0.1798,5.56,2329.0,86.0
30365,144.9,6.90,26.06,0.1798,5.56,2329.0,86.0
30372,142.9,7.00,26.06,0.1824,5.48,2329.0,86.0
30379,144.9,6.90,26.06,0.1798,5.56,2329.0,86.0
30386,142.9,7.00,26.06,0.1824,5.48,2329.0,86.0
30393,142.9,7.00,26.06,0.1824,5.48,2329.0,86.0
30400,144.9,6.90,26.06,0.1798,5.56,2329.0,86.0
30407,144.9,6.90,26.06,0.1798,5.56,2329.0,86.0
30414,142.9,7.00,26.06,0.1824,5.48,2329.0,86.0
30421,144.9,6.90,26.06,0.1798,5.56,2329.0,86.0
30428,142.9,7.00,26.06,0.1824,5.48,2329.0,86.0
30435,144.9,6.90,26.06,0.1798,5.56,2329.0,86.0
30442,142.9,7.00,26.06,0.1824,5.48,2329.0,86.0
30449,144.9,6.90,26.06,0.1798,5.56,2329.0,86.0
30456,142.9,7.00,26.05,0.1824,5.48,2329.0,86.0
30463,144.9,6.90,26.05,0.1798,5.56,2329.0,86.0
30470,142.9,7.00,26.05,0.1824,5.48,2329.0,86.0
30476,144.9,6.90,26.05,0.1798,5.56,2329.0,86.0
30484,140.8,7.10,26.05,0.1850,5.40,2329.0,86.0
30490,144.9,6.90,26.05,0.1798,5.56,2329.0,86.0
30497,144.9,6.90,26.05,0.1798,5.56,2329.0,86.0
30504,144.9,6.90,26.05,0.1798,5.56,2329.0,86.0
30511,142.9,7.00,26.05,0.1824,5.48,2329.0,86.0
30518,144.9,6.90,26.05,0.1798,5.56,2329.0,86.0
30525,142.9,7.00,26.05,0.1824,5.48,2329.0,86.0
30532,142.9,7.00,26.05,0.1824,5.49,2329.0,86.0
30539,144.9,6.90,26.05,0.1798,5.56,2329.0,86.0
30546,144.9,6.90,26.05,0.1798,5.56,2329.0,86.0
30553,142.9,7.00,26.05,0.1824,5.49,2329.0,86.0
30560,144.9,6.90,26.05,0.1798,5.56,2329.0,86.0
30567,142.9,7.00,26.05,0.1824,5.49,2329.0,86.0
30574,147.1,6.80,26.05,0.1771,5.65,2329.0,86.0
30581,140.8,7.10,26.05,0.1850,5.40,2329.0,86.0
30588,144.9,6.90,26.05,0.1798,5.56,2329.0,86.0
30595,142.9,7.00,26.05,0.1824,5.49,2329.0,86.0
30601,147.1,6.80,26.05,0.1771,5.65,2329.0,86.0
30608,144.9,6.90,26.05,0.1797,5.56,2329.0,86.0
30615,142.9,7.00,26.05,0.1824,5.49,2329.0,86.0
30622,142.9,7.00,26.05,0.1823,5.49,2329.0,86.0
30629,144.9,6.90,26.05,0.1797,5.56,2329.0,86.0
30636,144.9,6.90,26.05,0.1797,5.56,2329.0,86.0
30643,142.9,7.00,26.05,0.1823,5.49,2329.0,86.0
30650,142.9,7.00,26.05,0.1823,5.49,2329.0,86.0
30657,144.9,6.90,26.05,0.1797,5.56,2329.0,86.0
30664,144.9,6.90,26.05,0.1797,5.56,2329.0,86.0
30671,144.9,6.90,26.05,0.1797,5.56,2329.0,86.0
30678,142.9,7.00,26.05,0.1823,5.49,2329.0,86.0
30685,144.9,6.90,26.05,0.1797,5.56,2329.0,86.0
30692,144.9,6.90,26.05,0.1797,5.56,2329.0,86.0
30699,140.8,7.10,26.05,0.1849,5.41,2329.0,86.0
30706,144.9,6.90,26.05,0.1797,5.56,2329.0,86.0
30713,144.9,6.90,26.05,0.1797,5.56,2329.0,86.0
30720,142.9,7.00,26.05,0.1823,5.49,2329.0,86.0
30726,144.9,6.90,26.05,0.1797,5.56,2329.0,86.0
30733,144.9,6.90,26.05,0.1797,5.56,2329.0,86.0
30740,142.9,7.00,26.05,0.1823,5.49,2329.0,86.0
30747,142.9,7.00,26.05,0.1823,5.49,2329.0,86.0
30754,147.1,6.80,26.05,0.1771,5.65,2329.0,86.0
30761,142.9,7.00,26.05,0.1823,5.49,2329.0,86.0
30768,142.9,7.00,26.05,0.1823,5.49,2329.0,86.0
30775,144.9,6.90,26.05,0.1797,5.56,2329.0,86.0
30782,144.9,6.90,26.05,0.1797,5.56,2329.0,86.0
30789,144.9,6.90,26.04,0.1797,5.56,2329.0,86.0
30796,142.9,7.00,26.04,0.1823,5.49,2329.0,86.0
30803,144.9,6.90,26.04,0.1797,5.56,2329.0,86.0
30810,142.9,7.00,26.04,0.1823,5.49,2329.0,86.0
30817,144.9,6.90,26.04,0.1797,5.56,2329.0,86.0
30824,142.9,7.00,26.04,0.1823,5.49,2329.0,86.0
30831,144.9,6.90,26.04,0.1797,5.56,2329.0,86.0
30838,142.9,7.00,26.04,0.1823,5.49,2329.0,86.0
30844,144.9,6.90,26.04,0.1797,5.56,2329.0,86.0
30851,144.9,6.90,26.04,0.1797,5.56,2329.0,86.0
30858,142.9,7.00,26.04,0.1823,5.49,2329.0,86.0
30865,144.9,6.90,26.04,0.1797,5.56,2329.0,86.0
30872,142.9,7.00,26.04,0.1823,5.49,2329.0,86.0
30879,144.9,6.90,26.04,0.1797,5.56,2329.0,86.0
30886,144.9,6.90,26.04,0.1797,5.56,2329.0,86.0
30893,142.9,7.00,26.04,0.1823,5.49,2329.0,86.0
30900,144.9,6.90,26.04,0.1797,5.56,2329.0,86.0
30907,142.9,7.00,26.04,0.1823,5.49,2329.0,86.0
30914,144.9,6.90,26.04,0.1797,5.56,2329.0,86.0
30921,144.9,6.90,26.04,0.1797,5.56,2329.0,86.0
30928,142.9,7.00,26.04,0.1823,5.49,2329.0,86.0
30935,142.9,7.00,26.04,0.1823,5.49,2329.0,86.0
30942,144.9,6.90,26.04,0.1797,5.56,2329.0,86.0
30949,144.9,6.90,26.04,0.1797,5.56,2329.0,86.0
30956,142.9,7.00,26.04,0.1823,5.49,2329.0,86.0
30963,142.9,7.00,26.04,0.1823,5.49,2329.0,86.0
30969,144.9,6.90,26.04,0.1797,5.56,2329.0,86.0
30976,144.9,6.90,26.04,0.1797,5.56,2329.0,86.0
30983,142.9,7.00,26.04,0.1823,5.49,2329.0,86.0
30990,144.9,6.90,26.04,0.1797,5.56,2329.0,86.0
30997,142.9,7.00,26.04,0.1823,5.49,2329.0,86.0
31004,142.9,7.00,26.04,0.1823,5.49,2329.0,86.0
31011,144.9,6.90,26.04,0.1797,5.56,2329.0,86.0
31018,144.9,6.90,26.04,0.1797,5.56,2329.0,86.0
31025,144.9,6.90,26.04,0.1797,5.56,2329.0,86.0
31032,140.8,7.10,26.04,0.1849,5.41,2329.0,86.0
31039,144.9,6.90,26.04,0.1797,5.57,2329.0,86.0
31046,144.9,6.90,26.04,0.1797,5.57,2329.0,86.0
31053,144.9,6.90,26.04,0.1797,5.57,2329.0,86.0
31060,142.9,7.00,26.04,0.1823,5.49,2329.0,86.0
31067,142.9,7.00,26.04,0.1823,5.49,2329.0,86.0
31074,144.9,6.90,26.04,0.1797,5.57,2329.0,86.0
31081,142.9,7.00,26.04,0.1823,5.49,2329.0,86.0
31088,144.9,6.90,26.04,0.1796,5.57,2329.0,86.0
31094,144.9,6.90,26.04,0.1796,5.57,2329.0,86.0
31101,142.9,7.00,26.04,0.1822,5.49,2329.0,86.0
31108,142.9,7.00,26.04,0.1822,5.49,2329.0,86.0
31115,147.1,6.80,26.04,0.1770,5.65,2329.0,86.0
31122,142.9,7.00,26.03,0.1822,5.49,2329.0,86.0
31129,142.9,7.00,26.03,0.1822,5.49,2329.0,86.0
31136,144.9,6.90,26.03,0.1796,5.57,2329.0,86.0
31143,144.9,6.90,26.03,0.1796,5.57,2329.0,86.0
31150,142.9,7.00,26.03,0.1822,5.49,2329.0,86.0
31157,144.9,6.90,26.03,0.1796,5.57,2329.0,86.0
31164,142.9,7.00,26.03,0.1822,5.49,2329.0,86.0
31171,144.9,6.90,26.03,0.1796,5.57,2329.0,86.0
31178,144.9,6.90,26.03,0.1796,5.57,2329.0,86.0
31185,142.9,7.00,26.03,0.1822,5.49,2329.0,86.0
31192,144.9,6.90,26.03,0.1796,5.57,2329.0,86.0
31199,142.9,7.00,26.03,0.1822,5.49,2329.0,86.0
31206,144.9,6.90,26.03,0.1796,5.57,2329.0,86.0
31212,144.9,6.90,26.03,0.1796,5.57,2329.0,86.0
31219,142.9,7.00,26.03,0.1822,5.49,2329.0,86.0
31226,144.9,6.90,26.03,0.1796,5.57,2329.0,86.0
31233,144.9,6.90,26.03,0.1796,5.57,2329.0,86.0
31240,142.9,7.00,26.03,0.1822,5.49,2329.0,86.0
31247,142.9,7.00,26.03,0.1822,5.49,2329.0,86.0
31254,144.9,6.90,26.03,0.1796,5.57,2329.0,86.0
31261,142.9,7.00,26.03,0.1822,5.49,2329.0,86.0
31268,144.9,6.90,26.03,0.1796,5.57,2329.0,86.0
31275,142.9,7.00,26.03,0.1822,5.49,2329.0,86.0
31282,144.9,6.90,26.03,0.1796,5.57,2329.0,86.0
31289,144.9,6.90,26.03,0.1796,5.57,2329.0,86.0
31296,142.9,7.00,26.03,0.1822,5.49,2329.0,86.0
31303,142.9,7.00,26.02,0.1822,5.49,2329.0,86.0
31310,144.9,6.90,26.02,0.1795,5.57,2329.0,86.0
31317,142.9,7.00,26.02,0.1821,5.49,2329.0,86.0
31324,144.9,6.90,26.01,0.1795,5.57,2329.0,86.0
31331,142.9,7.00,26.01,0.1821,5.49,2329.0,86.0
31337,147.1,6.80,26.01,0.1769,5.66,2329.0,86.0
31344,142.9,7.00,26.00,0.1820,5.50,2329.0,86.0
31351,144.9,6.90,26.00,0.1794,5.57,2329.0,86.0
31358,142.9,7.00,26.00,0.1820,5.50,2329.0,86.0
31365,144.9,6.90,26.00,0.1794,5.57,2329.0,86.0
31372,144.9,6.90,25.99,0.1793,5.57,2329.0,86.0
31379,142.9,7.00,25.99,0.1819,5.50,2329.0,86.0
31386,144.9,6.90,25.99,0.1793,5.58,2329.0,86.0
31393,142.9,7.00,25.98,0.1819,5.50,2329.0,86.0
31400,144.9,6.90,25.98,0.1793,5.58,2329.0,86.0
31407,142.9,7.00,25.98,0.1818,5.50,2329.0,86.0
31414,144.9,6.90,25.97,0.1792,5.58,2329.0,86.0
31421,144.9,6.90,25.97,0.1792,5.58,2329.0,86.0
31428,140.8,7.10,25.97,0.1844,5.42,2329.0,86.0
31435,144.9,6.90,25.96,0.1792,5.58,2329.0,86.0
31442,144.9,6.90,25.96,0.1791,5.58,2329.0,86.0
31449,142.9,7.00,25.96,0.1817,5.51,2329.0,86.0
31456,144.9,6.90,25.95,0.1791,5.58,2329.0,86.0
31462,144.9,6.90,25.95,0.1791,5.58,2329.0,86.0
31469,142.9,7.00,25.95,0.1816,5.51,2329.0,86.0
31476,142.9,7.00,25.95,0.1816,5.51,2329.0,86.0
31483,144.9,6.90,25.94,0.1790,5.59,2329.0,86.0
31490,144.9,6.90,25.94,0.1790,5.59,2329.0,86.0
31497,144.9,6.90,25.94,0.1790,5.59,2329.0,86.0
31504,142.9,7.00,25.93,0.1815,5.51,2329.0,86.0
31511,144.9,6.90,25.93,0.1789,5.59,2329.0,86.0
31518,142.9,7.00,25.93,0.1815,5.51,2329.0,86.0
31525,144.9,6.90,25.92,0.1789,5.59,2329.0,86.0
31532,142.9,7.00,25.92,0.1814,5.51,2329.0,86.0
31539,144.9,6.90,25.92,0.1788,5.59,2329.0,86.0
31546,142.9,7.00,25.91,0.1814,5.51,2329.0,86.0
31553,144.9,6.90,25.91,0.1788,5.59,2329.0,86.0
31560,142.9,7.00,25.91,0.1814,5.52,2329.0,86.0
31567,144.9,6.90,25.90,0.1787,5.59,2329.0,86.0
31574,142.9,7.00,25.90,0.1813,5.52,2329.0,86.0
31581,144.9,6.90,25.90,0.1787,5.59,2329.0,86.0
31587,144.9,6.90,25.90,0.1787,5.60,2329.0,86.0
31594,142.9,7.00,25.89,0.1812,5.52,2329.0,86.0
31601,144.9,6.90,25.89,0.1786,5.60,2329.0,86.0
31608,142.9,7.00,25.89,0.1812,5.52,2329.0,86.0
31615,144.9,6.90,25.88,0.1786,5.60,2329.0,86.0
31622,144.9,6.90,25.88,0.1786,5.60,2329.0,86.0
31629,142.9,7.00,25.88,0.1811,5.52,2329.0,86.0
31636,144.9,6.90,25.87,0.1785,5.60,2329.0,86.0
31643,142.9,7.00,25.87,0.1811,5.52,2329.0,86.0
31650,144.9,6.90,25.87,0.1785,5.60,2329.0,86.0
31657,142.9,7.00,25.86,0.1810,5.53,2329.0,86.0
31664,144.9,6.90,25.86,0.1784,5.60,2329.0,86.0
31671,142.9,7.00,25.86,0.1810,5.53,2329.0,86.0
31678,144.9,6.90,25.85,0.1784,5.60,2329.0,86.0
31685,144.9,6.90,25.85,0.1784,5.61,2329.0,86.0
31692,142.9,7.00,25.85,0.1809,5.53,2329.0,86.0
31699,144.9,6.90,25.85,0.1783,5.61,2329.0,86.0
31706,142.9,7.00,25.84,0.1809,5.53,2329.0,86.0
31712,144.9,6.90,25.84,0.1783,5.61,2329.0,86.0
31719,142.9,7.00,25.84,0.1809,5.53,2329.0,86.0
31726,142.9,7.00,25.83,0.1808,5.53,2329.0,86.0
31733,144.9,6.90,25.83,0.1782,5.61,2329.0,86.0
31740,142.9,7.00,25.83,0.1808,5.53,2329.0,86.0
31747,144.9,6.90,25.82,0.1782,5.61,2329.0,86.0
31754,144.9,6.90,25.82,0.1782,5.61,2329.0,86.0
31761,144.9,6.90,25.82,0.1781,5.61,2329.0,86.0
31768,142.9,7.00,25.81,0.1807,5.54,2329.0,86.0
31775,142.9,7.00,25.81,0.1807,5.54,2329.0,86.0
31782,144.9,6.90,25.81,0.1781,5.61,2329.0,86.0
31789,144.9,6.90,25.80,0.1781,5.62,2329.0,86.0
31796,144.9,6.90,25.80,0.1780,5.62,2329.0,86.0
31803,142.9,7.00,25.80,0.1806,5.54,2329.0,86.0
31810,144.9,6.90,25.80,0.1780,5.62,2329.0,86.0
31817,142.9,7.00,25.79,0.1805,5.54,2329.0,86.0
31824,142.9,7.00,25.79,0.1805,5.54,2329.0,86.0
31831,144.9,6.90,25.79,0.1779,5.62,2329.0,86.0
31837,144.9,6.90,25.78,0.1779,5.62,2329.0,86.0
31844,142.9,7.00,25.78,0.1805,5.54,2329.0,86.0
31851,144.9,6.90,25.78,0.1779,5.62,2329.0,86.0
31858,144.9,6.90,25.77,0.1778,5.62,2329.0,86.0
31865,140.8,7.10,25.77,0.1830,5.46,2329.0,86.0
31872,147.1,6.80,25.77,0.1752,5.71,2329.0,86.0
31879,142.9,7.00,25.76,0.1803,5.55,2329.0,86.0
31886,142.9,7.00,25.76,0.1803,5.55,2329.0,86.0
31893,144.9,6.90,25.76,0.1777,5.63,2329.0,86.0
31900,144.9,6.90,25.75,0.1777,5.63,2329.0,86.0
31907,142.9,7.00,25.75,0.1803,5.55,2329.0,86.0
31914,144.9,6.90,25.75,0.1777,5.63,2329.0,86.0
31921,142.9,7.00,25.75,0.1802,5.55,2329.0,86.0
31928,144.9,6.90,25.74,0.1776,5.63,2329.0,86.0
31935,142.9,7.00,25.74,0.1802,5.55,2329.0,86.0
31942,144.9,6.90,25.74,0.1776,5.63,2329.0,86.0
31949,142.9,7.00,25.73,0.1801,5.55,2329.0,86.0
31956,144.9,6.90,25.73,0.1775,5.63,2329.0,86.0
31963,142.9,7.00,25.73,0.1801,5.55,2329.0,86.0
31969,144.9,6.90,25.72,0.1775,5.63,2329.0,86.0
31976,144.9,6.90,25.72,0.1775,5.63,2329.0,86.0
31983,142.9,7.00,25.72,0.1800,5.56,2329.0,86.0
31990,144.9,6.90,25.71,0.1774,5.64,2329.0,86.0
31997,144.9,6.90,25.71,0.1774,5.64,2329.0,86.0
32004,140.8,7.10,25.71,0.1825,5.48,2329.0,86.0
32011,144.9,6.90,25.70,0.1774,5.64,2329.0,86.0
32018,144.9,6.90,25.70,0.1773,5.64,2329.0,86.0
32025,144.9,6.90,25.70,0.1773,5.64,2329.0,86.0
32032,142.9,7.00,25.70,0.1799,5.56,2329.0,86.0
32039,142.9,7.00,25.69,0.1798,5.56,2329.0,86.0
32046,147.1,6.80,25.69,0.1747,5.73,2329.0,86.0
32053,142.9,7.00,25.69,0.1798,5.56,2329.0,86.0
32060,142.9,7.00,25.68,0.1798,5.56,2329.0,86.0
32067,144.9,6.90,25.68,0.1772,5.64,2329.0,86.0
32074,144.9,6.90,25.68,0.1772,5.64,2329.0,86.0
32081,142.9,7.00,25.67,0.1797,5.57,2329.0,86.0
32087,144.9,6.90,25.67,0.1771,5.64,2329.0,86.0
32094,142.9,7.00,25.67,0.1797,5.57,2329.0,86.0
32101,144.9,6.90,25.66,0.1771,5.65,2329.0,86.0
32108,144.9,6.90,25.66,0.1771,5.65,2329.0,86.0
32115,140.8,7.10,25.66,0.1822,5.49,2329.0,86.0
32122,144.9,6.90,25.65,0.1770,5.65,2329.0,86.0
32129,144.9,6.90,25.65,0.1770,5.65,2329.0,86.0
32136,144.9,6.90,25.65,0.1770,5.65,2329.0,86.0
32143,142.9,7.00,25.65,0.1795,5.57,2329.0,86.0
32150,144.9,6.90,25.64,0.1769,5.65,2329.0,86.0
32157,142.9,7.00,25.64,0.1795,5.57,2329.0,86.0
32164,142.9,7.00,25.64,0.1795,5.57,2329.0,86.0
32171,147.1,6.80,25.63,0.1743,5.74,2329.0,86.0
32178,142.9,7.00,25.63,0.1794,5.58,2329.0,86.0
32185,144.9,6.90,25.63,0.1768,5.65,2329.0,86.0
32192,142.9,7.00,25.62,0.1794,5.58,2329.0,86.0
32199,142.9,7.00,25.62,0.1793,5.58,2329.0,86.0
32206,144.9,6.90,25.62,0.1768,5.66,2329.0,86.0
32212,144.9,6.90,25.61,0.1767,5.66,2329.0,86.0
32219,144.9,6.90,25.61,0.1767,5.66,2329.0,86.0
32226,140.8,7.10,25.61,0.1818,5.50,2329.0,86.0
32233,147.1,6.80,25.60,0.1741,5.75,2329.0,86.0
32240,142.9,7.00,25.60,0.1792,5.58,2329.0,86.0
32247,144.9,6.90,25.60,0.1766,5.66,2329.0,86.0
32254,142.9,7.00,25.60,0.1792,5.58,2329.0,86.0
32261,142.9,7.00,25.59,0.1791,5.58,2329.0,86.0
32268,144.9,6.90,25.59,0.1766,5.66,2329.0,86.0
32275,144.9,6.90,25.59,0.1765,5.66,2329.0,86.0
32282,142.9,7.00,25.58,0.1791,5.59,2329.0,86.0
32289,144.9,6.90,25.58,0.1765,5.66,2329.0,86.0
32296,144.9,6.90,25.58,0.1765,5.66,2329.0,86.0
32303,142.9,7.00,25.58,0.1791,5.59,2329.0,86.0
32310,142.9,7.00,25.58,0.1791,5.59,2329.0,86.0
32317,144.9,6.90,25.58,0.1765,5.66,2329.0,86.0
32324,144.9,6.90,25.58,0.1765,5.66,2329.0,86.0
32331,142.9,7.00,25.58,0.1790,5.59,2329.0,86.0
32337,144.9,6.90,25.58,0.1765,5.67,2329.0,86.0
32344,142.9,7.00,25.58,0.1790,5.59,2329.0,86.0
32351,144.9,6.90,25.58,0.1765,5.67,2329.0,86.0
32358,144.9,6.90,25.58,0.1765,5.67,2329.0,86.0
32365,142.9,7.00,25.58,0.1790,5.59,2329.0,86.0
32372,144.9,6.90,25.58,0.1765,5.67,2329.0,86.0
32379,142.9,7.00,25.58,0.1790,5.59,2329.0,86.0
32386,142.9,7.00,25.58,0.1790,5.59,2329.0,86.0
32393,147.1,6.80,25.58,0.1739,5.75,2329.0,86.0
32400,142.9,7.00,25.58,0.1790,5.59,2329.0,86.0
32407,142.9,7.00,25.58,0.1790,5.59,2329.0,86.0
32414,144.9,6.90,25.57,0.1765,5.67,2329.0,86.0
32421,142.9,7.00,25.57,0.1790,5.59,2329.0,86.0
32428,144.9,6.90,25.57,0.1765,5.67,2329.0,86.0
32435,142.9,7.00,25.57,0.1790,5.59,2329.0,86.0
32442,144.9,6.90,25.57,0.1765,5.67,2329.0,86.0
32449,142.9,7.00,25.57,0.1790,5.59,2329.0,86.0
32456,144.9,6.90,25.57,0.1765,5.67,2329.0,86.0
32463,142.9,7.00,25.57,0.1790,5.59,2329.0,86.0
32469,144.9,6.90,25.57,0.1765,5.67,2329.0,86.0
32476,144.9,6.90,25.57,0.1765,5.67,2329.0,86.0
32483,144.9,6.90,25.57,0.1764,5.67,2329.0,86.0
32490,140.8,7.10,25.57,0.1816,5.51,2329.0,86.0
32497,144.9,6.90,25.57,0.1764,5.67,2329.0,86.0
32504,144.9,6.90,25.57,0.1764,5.67,2329.0,86.0
32511,144.9,6.90,25.57,0.1764,5.67,2329.0,86.0
32518,140.8,7.10,25.57,0.1816,5.51,2329.0,86.0
32525,144.9,6.90,25.57,0.1764,5.67,2329.0,86.0
32532,142.9,7.00,25.57,0.1790,5.59,2329.0,86.0
32539,144.9,6.90,25.57,0.1764,5.67,2329.0,86.0
32546,144.9,6.90,25.57,0.1764,5.67,2329.0,86.0
32553,144.9,6.90,25.57,0.1764,5.67,2329.0,86.0
32560,144.9,6.90,25.57,0.1764,5.67,2329.0,86.0
32567,142.9,7.00,25.57,0.1790,5.59,2329.0,86.0
32574,144.9,6.90,25.57,0.1764,5.67,2329.0,86.0
32581,142.9,7.00,25.57,0.1790,5.59,2329.0,86.0
32587,144.9,6.90,25.57,0.1764,5.67,2329.0,86.0
32594,142.9,7.00,25.57,0.1790,5.59,2329.0,86.0
32601,144.9,6.90,25.57,0.1764,5.67,2329.0,86.0
32608,142.9,7.00,25.57,0.1790,5.59,2329.0,86.0
32615,144.9,6.90,25.57,0.1764,5.67,2329.0,86.0
32622,144.9,6.90,25.57,0.1764,5.67,2329.0,86.0
32629,142.9,7.00,25.57,0.1790,5.59,2329.0,86.0
32636,144.9,6.90,25.57,0.1764,5.67,2329.0,86.0
32643,144.9,6.90,25.57,0.1764,5.67,2329.0,86.0
32650,142.9,7.00,25.57,0.1790,5.59,2329.0,86.0
32657,144.9,6.90,25.57,0.1764,5.67,2329.0,86.0
32664,142.9,7.00,25.56,0.1790,5.59,2329.0,86.0
32671,144.9,6.90,25.56,0.1764,5.67,2329.0,86.0
32678,142.9,7.00,25.56,0.1790,5.59,2329.0,86.0
32685,142.9,7.00,25.56,0.1789,5.59,2329.0,86.0
32692,144.9,6.90,25.56,0.1764,5.67,2329.0,86.0
32699,142.9,7.00,25.56,0.1789,5.59,2329.0,86.0
32706,144.9,6.90,25.56,0.1764,5.67,2329.0,86.0
32712,144.9,6.90,25.56,0.1764,5.67,2329.0,86.0
32719,144.9,6.90,25.56,0.1764,5.67,2329.0,86.0
32726,140.8,7.10,25.56,0.1815,5.51,2329.0,86.0
32733,147.1,6.80,25.56,0.1738,5.75,2329.0,86.0
32740,142.9,7.00,25.56,0.1789,5.59,2329.0,86.0
32747,144.9,6.90,25.56,0.1764,5.67,2329.0,86.0
32754,142.9,7.00,25.56,0.1789,5.59,2329.0,86.0
32761,144.9,6.90,25.56,0.1764,5.67,2329.0,86.0
32768,142.9,7.00,25.56,0.1789,5.59,2329.0,86.0
32775,142.9,7.00,25.56,0.1789,5.59,2329.0,86.0
32782,144.9,6.90,25.56,0.1764,5.67,2329.0,86.0
32789,144.9,6.90,25.56,0.1764,5.67,2329.0,86.0
32796,144.9,6.90,25.56,0.1764,5.67,2329.0,86.0
32803,142.9,7.00,25.56,0.1789,5.59,2329.0,86.0
32810,144.9,6.90,25.56,0.1764,5.67,2329.0,86.0
32817,142.9,7.00,25.56,0.1789,5.59,2329.0,86.0
32824,144.9,6.90,25.56,0.1764,5.67,2329.0,86.0
32831,142.9,7.00,25.56,0.1789,5.59,2329.0,86.0
32838,142.9,7.00,25.56,0.1789,5.59,2329.0,86.0
32844,144.9,6.90,25.56,0.1763,5.67,2329.0,86.0
32851,144.9,6.90,25.56,0.1763,5.67,2329.0,86.0
32858,142.9,7.00,25.56,0.1789,5.59,2329.0,86.0
32865,144.9,6.90,25.56,0.1763,5.67,2329.0,86.0
32872,144.9,6.90,25.56,0.1763,5.67,2329.0,86.0
32879,142.9,7.00,25.56,0.1789,5.59,2329.0,86.0
32886,144.9,6.90,25.56,0.1763,5.67,2329.0,86.0
32893,142.9,7.00,25.56,0.1789,5.59,2329.0,86.0
32900,144.9,6.90,25.56,0.1763,5.67,2329.0,86.0
32907,144.9,6.90,25.56,0.1763,5.67,2329.0,86.0
32914,142.9,7.00,25.55,0.1789,5.59,2329.0,86.0
32921,144.9,6.90,25.55,0.1763,5.67,2329.0,86.0
32928,142.9,7.00,25.55,0.1789,5.59,2329.0,86.0
32935,142.9,7.00,25.55,0.1789,5.59,2329.0,86.0
32942,144.9,6.90,25.55,0.1763,5.67,2329.0,86.0
32949,142.9,7.00,25.55,0.1789,5.59,2329.0,86.0
32956,144.9,6.90,25.55,0.1763,5.67,2329.0,86.0
32962,144.9,6.90,25.55,0.1763,5.67,2329.0,86.0
32969,144.9,6.90,25.55,0.1763,5.67,2329.0,86.0
32976,142.9,7.00,25.55,0.1789,5.59,2329.0,86.0
32983,144.9,6.90,25.55,0.1763,5.67,2329.0,86.0
32990,142.9,7.00,25.55,0.1789,5.59,2329.0,86.0
32997,144.9,6.90,25.55,0.1763,5.67,2329.0,86.0
33004,142.9,7.00,25.55,0.1789,5.59,2329.0,86.0
33011,142.9,7.00,25.55,0.1789,5.59,2329.0,86.0
33018,144.9,6.90,25.55,0.1763,5.67,2329.0,86.0
33025,144.9,6.90,25.55,0.1763,5.67,2329.0,86.0
33032,142.9,7.00,25.55,0.1789,5.59,2329.0,86.0
33039,147.1,6.80,25.55,0.1737,5.76,2329.0,86.0
33046,142.9,7.00,25.55,0.1788,5.59,2329.0,86.0
33053,142.9,7.00,25.55,0.1788,5.59,2329.0,86.0
33060,144.9,6.90,25.55,0.1763,5.67,2329.0,86.0
33067,142.9,7.00,25.55,0.1788,5.59,2329.0,86.0
33074,144.9,6.90,25.55,0.1763,5.67,2329.0,86.0
33081,138.9,7.20,25.55,0.1839,5.44,2329.0,86.0
33087,149.3,6.70,25.55,0.1712,5.84,2329.0,86.0
33094,142.9,7.00,25.55,0.1788,5.59,2329.0,86.0
33101,142.9,7.00,25.55,0.1788,5.59,2329.0,86.0
33108,144.9,6.90,25.55,0.1763,5.67,2329.0,86.0
33115,142.9,7.00,25.55,0.1788,5.59,2329.0,86.0
33122,144.9,6.90,25.55,0.1763,5.67,2329.0,86.0
33129,144.9,6.90,25.55,0.1763,5.67,2329.0,86.0
33136,144.9,6.90,25.55,0.1763,5.67,2329.0,86.0
33143,144.9,6.90,25.55,0.1763,5.67,2329.0,86.0
33150,142.9,7.00,25.55,0.1788,5.59,2329.0,86.0
33157,144.9,6.90,25.55,0.1763,5.67,2329.0,86.0
33164,142.9,7.00,25.54,0.1788,5.59,2329.0,86.0
33171,142.9,7.00,25.54,0.1788,5.59,2329.0,86.0
33178,144.9,6.90,25.54,0.1763,5.67,2329.0,86.0
33185,144.9,6.90,25.54,0.1763,5.67,2329.0,86.0
33192,142.9,7.00,25.54,0.1788,5.59,2329.0,86.0
33199,142.9,7.00,25.54,0.1788,5.59,2329.0,86.0
33206,144.9,6.90,25.54,0.1762,5.67,2329.0,86.0
33213,142.9,7.00,25.54,0.1788,5.59,2329.0,86.0
33219,147.1,6.80,25.54,0.1737,5.76,2329.0,86.0
33226,142.9,7.00,25.54,0.1788,5.59,2329.0,86.0
33233,142.9,7.00,25.54,0.1788,5.59,2329.0,86.0
33240,147.1,6.80,25.54,0.1737,5.76,2329.0,86.0
33247,142.9,7.00,25.54,0.1788,5.59,2329.0,86.0
33254,142.9,7.00,25.54,0.1788,5.59,2329.0,86.0
33261,144.9,6.90,25.54,0.1762,5.67,2329.0,86.0
33268,142.9,7.00,25.54,0.1788,5.59,2329.0,86.0
33275,142.9,7.00,25.54,0.1788,5.60,2329.0,86.0
33282,144.9,6.90,25.54,0.1762,5.67,2329.0,86.0
33289,144.9,6.90,25.54,0.1762,5.67,2329.0,86.0
33296,144.9,6.90,25.54,0.1762,5.67,2329.0,86.0
33303,142.9,7.00,25.54,0.1788,5.60,2329.0,86.0
33310,144.9,6.90,25.54,0.1762,5.67,2329.0,86.0
33317,142.9,7.00,25.54,0.1788,5.60,2329.0,86.0
33324,142.9,7.00,25.54,0.1788,5.60,2329.0,86.0
33331,144.9,6.90,25.54,0.1762,5.67,2329.0,86.0
33337,144.9,6.90,25.54,0.1762,5.67,2329.0,86.0
33344,142.9,7.00,25.54,0.1788,5.60,2329.0,86.0
33351,144.9,6.90,25.54,0.1762,5.67,2329.0,86.0
33358,142.9,7.00,25.54,0.1788,5.60,2329.0,86.0
33365,144.9,6.90,25.54,0.1762,5.67,2329.0,86.0
33372,144.9,6.90,25.54,0.1762,5.67,2329.0,86.0
33379,142.9,7.00,25.54,0.1788,5.60,2329.0,86.0
33386,144.9,6.90,25.54,0.1762,5.67,2329.0,86.0
33393,142.9,7.00,25.54,0.1788,5.60,2329.0,86.0
33400,144.9,6.90,25.54,0.1762,5.67,2329.0,86.0
33407,142.9,7.00,25.54,0.1787,5.60,2329.0,86.0
33414,144.9,6.90,25.53,0.1762,5.67,2329.0,86.0
33421,144.9,6.90,25.53,0.1762,5.67,2329.0,86.0
33428,142.9,7.00,25.53,0.1787,5.60,2329.0,86.0
33435,142.9,7.00,25.53,0.1787,5.60,2329.0,86.0
33442,144.9,6.90,25.53,0.1762,5.67,2329.0,86.0
33449,144.9,6.90,25.53,0.1762,5.67,2329.0,86.0
33456,142.9,7.00,25.53,0.1787,5.60,2329.0,86.0
33462,144.9,6.90,25.53,0.1762,5.67,2329.0,86.0
33469,144.9,6.90,25.53,0.1762,5.68,2329.0,86.0
33476,142.9,7.00,25.53,0.1787,5.60,2329.0,86.0
33483,144.9,6.90,25.53,0.1762,5.68,2329.0,86.0
33490,142.9,7.00,25.53,0.1787,5.60,2329.0,86.0
33497,144.9,6.90,25.53,0.1762,5.68,2329.0,86.0
33504,144.9,6.90,25.53,0.1762,5.68,2329.0,86.0
33511,142.9,7.00,25.53,0.1787,5.60,2329.0,86.0
33518,142.9,7.00,25.53,0.1787,5.60,2329.0,86.0
33525,144.9,6.90,25.53,0.1762,5.68,2329.0,86.0
33532,144.9,6.90,25.53,0.1762,5.68,2329.0,86.0
33539,142.9,7.00,25.53,0.1787,5.60,2329.0,86.0
33546,144.9,6.90,25.53,0.1762,5.68,2329.0,86.0
33553,142.9,7.00,25.53,0.1787,5.60,2329.0,86.0
33560,144.9,6.90,25.53,0.1762,5.68,2329.0,86.0
33567,142.9,7.00,25.53,0.1787,5.60,2329.0,86.0
33574,144.9,6.90,25.53,0.1761,5.68,2329.0,86.0
33580,144.9,6.90,25.53,0.1761,5.68,2329.0,86.0
33587,142.9,7.00,25.53,0.1787,5.60,2329.0,86.0
33594,142.9,7.00,25.53,0.1787,5.60,2329.0,86.0
33601,147.1,6.80,25.53,0.1736,5.76,2329.0,86.0
33608,142.9,7.00,25.53,0.1787,5.60,2329.0,86.0
33615,142.9,7.00,25.53,0.1787,5.60,2329.0,86.0
33622,144.9,6.90,25.53,0.1761,5.68,2329.0,86.0
33629,144.9,6.90,25.53,0.1761,5.68,2329.0,86.0
33636,142.9,7.00,25.53,0.1787,5.60,2329.0,86.0
33643,142.9,7.00,25.53,0.1787,5.60,2329.0,86.0
33650,144.9,6.90,25.53,0.1761,5.68,2329.0,86.0
33657,144.9,6.90,25.53,0.1761,5.68,2329.0,86.0
33664,142.9,7.00,25.52,0.1787,5.60,2329.0,86.0
33671,142.9,7.00,25.52,0.1787,5.60,2329.0,86.0
33678,144.9,6.90,25.52,0.1761,5.68,2329.0,86.0
33685,144.9,6.90,25.52,0.1761,5.68,2329.0,86.0
33692,144.9,6.90,25.52,0.1761,5.68,2329.0,86.0
33699,142.9,7.00,25.52,0.1787,5.60,2329.0,86.0
33705,144.9,6.90,25.52,0.1761,5.68,2329.0,86.0
33712,142.9,7.00,25.52,0.1787,5.60,2329.0,86.0
33719,142.9,7.00,25.52,0.1787,5.60,2329.0,86.0
33726,144.9,6.90,25.52,0.1761,5.68,2329.0,86.0
33733,144.9,6.90,25.52,0.1761,5.68,2329.0,86.0
33740,144.9,6.90,25.52,0.1761,5.68,2329.0,86.0
33747,142.9,7.00,25.52,0.1787,5.60,2329.0,86.0
33754,142.9,7.00,25.52,0.1786,5.60,2329.0,86.0
33761,144.9,6.90,25.52,0.1761,5.68,2329.0,86.0
33768,144.9,6.90,25.52,0.1761,5.68,2329.0,86.0
33775,142.9,7.00,25.52,0.1786,5.60,2329.0,86.0
33782,142.9,7.00,25.52,0.1786,5.60,2329.0,86.0
33789,144.9,6.90,25.52,0.1761,5.68,2329.0,86.0
33796,144.9,6.90,25.52,0.1761,5.68,2329.0,86.0
33803,144.9,6.90,25.52,0.1761,5.68,2329.0,86.0
33810,140.8,7.10,25.52,0.1812,5.52,2329.0,86.0
33817,147.1,6.80,25.52,0.1735,5.76,2329.0,86.0
33824,142.9,7.00,25.52,0.1786,5.60,2329.0,86.0
33830,144.9,6.90,25.52,0.1761,5.68,2329.0,86.0
33837,142.9,7.00,25.52,0.1786,5.60,2329.0,86.0
33844,142.9,7.00,25.52,0.1786,5.60,2329.0,86.0
33851,144.9,6.90,25.52,0.1761,5.68,2329.0,86.0
33858,144.9,6.90,25.52,0.1761,5.68,2329.0,86.0
33865,142.9,7.00,25.52,0.1786,5.60,2329.0,86.0
33872,144.9,6.90,25.52,0.1761,5.68,2329.0,86.0
33879,142.9,7.00,25.52,0.1786,5.60,2329.0,86.0
33886,144.9,6.90,25.52,0.1761,5.68,2329.0,86.0
33893,142.9,7.00,25.52,0.1786,5.60,2329.0,86.0
33900,142.9,7.00,25.52,0.1786,5.60,2329.0,86.0
33907,147.1,6.80,25.52,0.1735,5.77,2329.0,86.0
33914,144.9,6.90,25.51,0.1761,5.68,2329.0,86.0
33921,142.9,7.00,25.51,0.1786,5.60,2329.0,86.0
33928,144.9,6.90,25.51,0.1760,5.68,2329.0,86.0
33935,140.8,7.10,25.51,0.1812,5.52,2329.0,86.0
33942,147.1,6.80,25.51,0.1735,5.77,2329.0,86.0
33949,142.9,7.00,25.51,0.1786,5.60,2329.0,86.0
33955,144.9,6.90,25.51,0.1760,5.68,2329.0,86.0
33963,140.8,7.10,25.51,0.1811,5.52,2329.0,86.0
33969,144.9,6.90,25.51,0.1760,5.68,2329.0,86.0
33976,147.1,6.80,25.51,0.1735,5.77,2329.0,86.0
33983,142.9,7.00,25.51,0.1786,5.60,2329.0,86.0
33990,144.9,6.90,25.51,0.1760,5.68,2329.0,86.0
33997,142.9,7.00,25.51,0.1786,5.60,2329.0,86.0
34004,144.9,6.90,25.51,0.1760,5.68,2329.0,86.0
34011,142.9,7.00,25.51,0.1786,5.60,2329.0,86.0
34018,144.9,6.90,25.51,0.1760,5.68,2329.0,86.0
34025,142.9,7.00,25.51,0.1786,5.60,2329.0,86.0
34032,144.9,6.90,25.51,0.1760,5.68,2329.0,86.0
34039,142.9,7.00,25.51,0.1786,5.60,2329.0,86.0
34046,144.9,6.90,25.51,0.1760,5.68,2329.0,86.0
34053,144.9,6.90,25.51,0.1760,5.68,2329.0,86.0
34060,142.9,7.00,25.51,0.1786,5.60,2329.0,86.0
34067,144.9,6.90,25.51,0.1760,5.68,2329.0,86.0
34074,142.9,7.00,25.51,0.1786,5.60,2329.0,86.0
34081,142.9,7.00,25.51,0.1786,5.60,2329.0,86.0
34087,144.9,6.90,25.51,0.1760,5.68,2329.0,86.0
34094,144.9,6.90,25.51,0.1760,5.68,2329.0,86.0
34101,144.9,6.90,25.51,0.1760,5.68,2329.0,86.0
34108,142.9,7.00,25.51,0.1786,5.60,2329.0,86.0
34115,142.9,7.00,25.51,0.1785,5.60,2329.0,86.0
34122,144.9,6.90,25.51,0.1760,5.68,2329.0,86.0
34129,142.9,7.00,25.51,0.1785,5.60,2329.0,86.0
34136,147.1,6.80,25.51,0.1734,5.77,2329.0,86.0
34143,142.9,7.00,25.51,0.1785,5.60,2329.0,86.0
34150,142.9,7.00,25.51,0.1785,5.60,2329.0,86.0
34157,142.9,7.00,25.51,0.1785,5.60,2329.0,86.0
34164,142.9,7.00,25.50,0.1785,5.60,2329.0,86.0
34171,144.9,6.90,25.50,0.1760,5.68,2329.0,86.0
34178,144.9,6.90,25.50,0.1760,5.68,2329.0,86.0
34185,144.9,6.90,25.50,0.1760,5.68,2329.0,86.0
34192,142.9,7.00,25.50,0.1785,5.60,2329.0,86.0
34199,144.9,6.90,25.50,0.1760,5.68,2329.0,86.0
34205,144.9,6.90,25.50,0.1760,5.68,2329.0,86.0
34212,142.9,7.00,25.50,0.1785,5.60,2329.0,86.0
34219,144.9,6.90,25.50,0.1760,5.68,2329.0,86.0
34226,142.9,7.00,25.50,0.1785,5.60,2329.0,86.0
34233,144.9,6.90,25.50,0.1760,5.68,2329.0,86.0
34240,140.8,7.10,25.50,0.1811,5.52,2329.0,86.0
34247,144.9,6.90,25.50,0.1760,5.68,2329.0,86.0
34254,147.1,6.80,25.50,0.1734,5.77,2329.0,86.0
34261,142.9,7.00,25.50,0.1785,5.60,2329.0,86.0
34268,144.9,6.90,25.50,0.1760,5.68,2329.0,86.0
34275,142.9,7.00,25.50,0.1785,5.60,2329.0,86.0
34282,144.9,6.90,25.50,0.1760,5.68,2329.0,86.0
34289,142.9,7.00,24.90,0.1743,5.74,2329.0,86.0
34296,144.9,6.90,24.90,0.1718,5.82,2329.0,86.0
34303,142.9,7.00,24.90,0.1743,5.74,2329.0,86.0
34310,142.9,7.00,24.90,0.1743,5.74,2329.0,86.0
34317,142.9,7.00,24.90,0.1743,5.74,2329.0,86.0
34324,144.9,6.90,24.89,0.1718,5.82,2329.0,86.0
34331,144.9,6.90,24.89,0.1718,5.82,2329.0,86.0
34338,142.9,7.00,24.89,0.1742,5.74,2329.0,86.0
34344,144.9,6.90,24.89,0.1717,5.82,2329.0,86.0
34351,142.9,7.00,24.89,0.1742,5.74,2329.0,86.0
34358,147.1,6.80,24.89,0.1692,5.91,2329.0,86.0
34365,142.9,7.00,24.89,0.1742,5.74,2329.0,86.0
34372,142.9,7.00,24.89,0.1742,5.74,2329.0,86.0
34379,147.1,6.80,24.88,0.1692,5.91,2329.0,86.0
34386,142.9,7.00,24.88,0.1742,5.74,2329.0,86.0
34393,142.9,7.00,24.88,0.1742,5.74,2329.0,86.0
34400,144.9,6.90,24.88,0.1717,5.82,2329.0,86.0
34407,142.9,7.00,24.88,0.1742,5.74,2329.0,86.0
34414,144.9,6.90,24.88,0.1717,5.82,2329.0,86.0
34421,144.9,6.90,24.88,0.1717,5.82,2329.0,86.0
34428,144.9,6.90,24.88,0.1716,5.82,2329.0,86.0
34435,144.9,6.90,24.88,0.1716,5.83,2329.0,86.0
34442,140.8,7.10,24.87,0.1766,5.66,2329.0,86.0
34449,144.9,6.90,24.87,0.1716,5.83,2329.0,86.0
34456,142.9,7.00,24.87,0.1741,5.75,2329.0,86.0
34462,144.9,6.90,24.87,0.1716,5.83,2329.0,86.0
34469,142.9,7.00,24.87,0.1741,5.75,2329.0,86.0
34476,144.9,6.90,24.87,0.1716,5.83,2329.0,86.0
34483,144.9,6.90,24.87,0.1716,5.83,2329.0,86.0
34490,144.9,6.90,24.87,0.1716,5.83,2329.0,86.0
34497,142.9,7.00,24.86,0.1741,5.75,2329.0,86.0
34504,144.9,6.90,24.86,0.1716,5.83,2329.0,86.0
34511,142.9,7.00,24.86,0.1740,5.75,2329.0,86.0
34518,144.9,6.90,24.86,0.1715,5.83,2329.0,86.0
34525,142.9,7.00,24.86,0.1740,5.75,2329.0,86.0
34532,142.9,7.00,24.86,0.1740,5.75,2329.0,86.0
34539,142.9,7.00,24.86,0.1740,5.75,2329.0,86.0
34546,147.1,6.80,24.86,0.1690,5.92,2329.0,86.0
34553,140.8,7.10,24.85,0.1765,5.66,2329.0,86.0
34560,142.9,7.00,24.85,0.1740,5.75,2329.0,86.0
34567,147.1,6.80,24.85,0.1690,5.92,2329.0,86.0
34574,142.9,7.00,24.85,0.1740,5.75,2329.0,86.0
34581,144.9,6.90,24.85,0.1715,5.83,2329.0,86.0
34588,142.9,7.00,24.85,0.1739,5.75,2329.0,86.0
34594,144.9,6.90,24.85,0.1715,5.83,2329.0,86.0
34601,144.9,6.90,24.85,0.1714,5.83,2329.0,86.0
34608,142.9,7.00,24.85,0.1739,5.75,2329.0,86.0
34615,144.9,6.90,24.84,0.1714,5.83,2329.0,86.0
34622,144.9,6.90,24.84,0.1714,5.83,2329.0,86.0
34629,142.9,7.00,24.84,0.1739,5.75,2329.0,86.0
34636,144.9,6.90,24.84,0.1714,5.83,2329.0,86.0
34643,144.9,6.90,24.84,0.1714,5.83,2329.0,86.0
34650,144.9,6.90,24.84,0.1714,5.83,2329.0,86.0
34657,140.8,7.10,24.84,0.1763,5.67,2329.0,86.0
34664,144.9,6.90,24.84,0.1714,5.83,2329.0,86.0
34671,142.9,7.00,24.83,0.1738,5.75,2329.0,86.0
34678,144.9,6.90,24.83,0.1714,5.83,2329.0,86.0
34685,144.9,6.90,24.83,0.1713,5.84,2329.0,86.0
34692,144.9,6.90,24.83,0.1713,5.84,2329.0,86.0
34699,142.9,7.00,24.83,0.1738,5.76,2329.0,86.0
34705,144.9,6.90,24.83,0.1713,5.84,2329.0,86.0
34712,142.9,7.00,24.83,0.1738,5.76,2329.0,86.0
34719,142.9,7.00,24.83,0.1738,5.76,2329.0,86.0
34726,144.9,6.90,24.83,0.1713,5.84,2329.0,86.0
34733,142.9,7.00,24.82,0.1738,5.76,2329.0,86.0
34740,144.9,6.90,24.82,0.1713,5.84,2329.0,86.0
34747,144.9,6.90,24.82,0.1713,5.84,2329.0,86.0
34754,144.9,6.90,24.82,0.1713,5.84,2329.0,86.0
34761,142.9,7.00,24.82,0.1737,5.76,2329.0,86.0
34768,142.9,7.00,24.82,0.1737,5.76,2329.0,86.0
34775,147.1,6.80,24.82,0.1688,5.93,2329.0,86.0
34782,142.9,7.00,24.82,0.1737,5.76,2329.0,86.0
34789,142.9,7.00,24.81,0.1737,5.76,2329.0,86.0
34796,142.9,7.00,24.81,0.1737,5.76,2329.0,86.0
34803,147.1,6.80,24.81,0.1687,5.93,2329.0,86.0
34810,142.9,7.00,24.81,0.1737,5.76,2329.0,86.0
34817,144.9,6.90,24.81,0.1712,5.84,2329.0,86.0
34824,142.9,7.00,24.81,0.1737,5.76,2329.0,86.0
34830,144.9,6.90,24.81,0.1712,5.84,2329.0,86.0
34837,144.9,6.90,24.81,0.1712,5.84,2329.0,86.0
34844,142.9,7.00,24.81,0.1736,5.76,2329.0,86.0
34851,144.9,6.90,24.80,0.1711,5.84,2329.0,86.0
34858,142.9,7.00,24.80,0.1736,5.76,2329.0,86.0
34865,144.9,6.90,24.80,0.1711,5.84,2329.0,86.0
34872,142.9,7.00,24.80,0.1736,5.76,2329.0,86.0
34879,144.9,6.90,24.80,0.1711,5.84,2329.0,86.0
34886,142.9,7.00,24.80,0.1736,5.76,2329.0,86.0
34893,144.9,6.90,24.80,0.1711,5.84,2329.0,86.0
34900,144.9,6.90,24.80,0.1711,5.84,2329.0,86.0
34907,142.9,7.00,24.79,0.1736,5.76,2329.0,86.0
34914,144.9,6.90,24.79,0.1711,5.84,2329.0,86.0
34921,144.9,6.90,24.79,0.1711,5.84,2329.0,86.0
34928,142.9,7.00,24.79,0.1735,5.76,2329.0,86.0
34935,142.9,7.00,24.79,0.1735,5.76,2329.0,86.0
34942,144.9,6.90,24.79,0.1710,5.85,2329.0,86.0
34949,142.9,7.00,24.79,0.1735,5.76,2329.0,86.0
34955,147.1,6.80,24.79,0.1685,5.93,2329.0,86.0
34963,138.9,7.20,24.79,0.1785,5.60,2329.0,86.0
34969,144.9,6.90,24.78,0.1710,5.85,2329.0,86.0
34976,144.9,6.90,24.78,0.1710,5.85,2329.0,86.0
34983,144.9,6.90,24.78,0.1710,5.85,2329.0,86.0
34990,142.9,7.00,24.78,0.1735,5.77,2329.0,86.0
34997,144.9,6.90,24.78,0.1710,5.85,2329.0,86.0
35004,144.9,6.90,24.78,0.1710,5.85,2329.0,86.0
35011,142.9,7.00,24.78,0.1734,5.77,2329.0,86.0
35018,142.9,7.00,24.78,0.1734,5.77,2329.0,86.0
35025,142.9,7.00,24.77,0.1734,5.77,2329.0,86.0
35032,147.1,6.80,24.77,0.1685,5.94,2329.0,86.0
35039,144.9,6.90,24.77,0.1709,5.85,2329.0,86.0
35046,142.9,7.00,24.77,0.1734,5.77,2329.0,86.0
35053,142.9,7.00,24.77,0.1734,5.77,2329.0,86.0
35060,144.9,6.90,24.77,0.1709,5.85,2329.0,86.0
35067,144.9,6.90,24.77,0.1709,5.85,2329.0,86.0
35074,142.9,7.00,24.77,0.1734,5.77,2329.0,86.0
35080,144.9,6.90,24.77,0.1709,5.85,2329.0,86.0
35087,142.9,7.00,24.76,0.1733,5.77,2329.0,86.0
35094,144.9,6.90,24.76,0.1709,5.85,2329.0,86.0
35101,144.9,6.90,24.76,0.1709,5.85,2329.0,86.0
35108,142.9,7.00,24.76,0.1733,5.77,2329.0,86.0
35115,144.9,6.90,24.76,0.1708,5.85,2329.0,86.0
35122,144.9,6.90,24.76,0.1708,5.85,2329.0,86.0
35129,142.9,7.00,24.76,0.1733,5.77,2329.0,86.0
35136,144.9,6.90,24.76,0.1708,5.85,2329.0,86.0
35143,142.9,7.00,24.75,0.1733,5.77,2329.0,86.0
35150,144.9,6.90,24.75,0.1708,5.85,2329.0,86.0
35157,142.9,7.00,24.75,0.1733,5.77,2329.0,86.0
35164,144.9,6.90,24.75,0.1708,5.85,2329.0,86.0
35171,142.9,7.00,24.75,0.1732,5.77,2329.0,86.0
35178,144.9,6.90,24.75,0.1708,5.85,2329.0,86.0
35185,144.9,6.90,24.75,0.1708,5.86,2329.0,86.0
35192,142.9,7.00,24.75,0.1732,5.77,2329.0,86.0
35199,142.9,7.00,24.75,0.1732,5.77,2329.0,86.0
35205,144.9,6.90,24.74,0.1707,5.86,2329.0,86.0
35212,144.9,6.90,24.74,0.1707,5.86,2329.0,86.0
35219,140.8,7.10,24.74,0.1757,5.69,2329.0,86.0
35226,147.1,6.80,24.74,0.1682,5.95,2329.0,86.0
35233,142.9,7.00,24.74,0.1732,5.78,2329.0,86.0
35240,142.9,7.00,24.74,0.1732,5.78,2329.0,86.0
35247,144.9,6.90,24.74,0.1707,5.86,2329.0,86.0
35254,144.9,6.90,24.74,0.1707,5.86,2329.0,86.0
35261,142.9,7.00,24.73,0.1731,5.78,2329.0,86.0
35268,144.9,6.90,24.73,0.1707,5.86,2329.0,86.0
35275,142.9,7.00,24.73,0.1731,5.78,2329.0,86.0
35282,144.9,6.90,24.73,0.1706,5.86,2329.0,86.0
35289,142.9,7.00,24.73,0.1731,5.78,2329.0,86.0
35296,144.9,6.90,24.73,0.1706,5.86,2329.0,86.0
35303,144.9,6.90,24.73,0.1706,5.86,2329.0,86.0
35310,144.9,6.90,24.73,0.1706,5.86,2329.0,86.0
35317,142.9,7.00,24.73,0.1731,5.78,2329.0,86.0
35323,144.9,6.90,24.73,0.1706,5.86,2329.0,86.0
35330,142.9,7.00,24.73,0.1731,5.78,2329.0,86.0
35337,142.9,7.00,24.73,0.1731,5.78,2329.0,86.0
35344,144.9,6.90,24.73,0.1706,5.86,2329.0,86.0
35351,142.9,7.00,24.73,0.1731,5.78,2329.0,86.0
35358,144.9,6.90,24.73,0.1706,5.86,2329.0,86.0
35365,142.9,7.00,24.73,0.1731,5.78,2329.0,86.0
35372,144.9,6.90,24.73,0.1706,5.86,2329.0,86.0
35379,144.9,6.90,24.73,0.1706,5.86,2329.0,86.0
35386,142.9,7.00,24.73,0.1731,5.78,2329.0,86.0
35393,142.9,7.00,24.73,0.1731,5.78,2329.0,86.0
35400,144.9,6.90,24.73,0.1706,5.86,2329.0,86.0
35407,142.9,7.00,24.73,0.1731,5.78,2329.0,86.0
35414,144.9,6.90,24.73,0.1706,5.86,2329.0,86.0
35421,144.9,6.90,24.73,0.1706,5.86,2329.0,86.0
35428,142.9,7.00,24.73,0.1731,5.78,2329.0,86.0
35435,144.9,6.90,24.73,0.1706,5.86,2329.0,86.0
35441,147.1,6.80,24.73,0.1682,5.95,2329.0,86.0
35449,140.8,7.10,24.73,0.1756,5.69,2329.0,86.0
35456,140.8,7.10,24.73,0.1756,5.69,2329.0,86.0
35462,149.3,6.70,24.73,0.1657,6.04,2329.0,86.0
35469,142.9,7.00,24.73,0.1731,5.78,2329.0,86.0
35476,144.9,6.90,24.73,0.1706,5.86,2329.0,86.0
35483,142.9,7.00,24.73,0.1731,5.78,2329.0,86.0
35490,144.9,6.90,24.73,0.1706,5.86,2329.0,86.0
35497,144.9,6.90,24.73,0.1706,5.86,2329.0,86.0
35504,142.9,7.00,24.73,0.1731,5.78,2329.0,86.0
35511,142.9,7.00,24.73,0.1731,5.78,2329.0,86.0
35518,142.9,7.00,24.73,0.1731,5.78,2329.0,86.0
35525,144.9,6.90,24.73,0.1706,5.86,2329.0,86.0
35532,144.9,6.90,24.73,0.1706,5.86,2329.0,86.0
35539,144.9,6.90,24.73,0.1706,5.86,2329.0,86.0
35546,142.9,7.00,24.73,0.1731,5.78,2329.0,86.0
35553,144.9,6.90,24.73,0.1706,5.86,2329.0,86.0
35560,142.9,7.00,24.73,0.1731,5.78,2329.0,86.0
35567,142.9,7.00,24.73,0.1731,5.78,2329.0,86.0
35574,144.9,6.90,24.73,0.1706,5.86,2329.0,86.0
35581,142.9,7.00,24.73,0.1731,5.78,2329.0,86.0
35588,142.9,7.00,24.73,0.1731,5.78,2329.0,86.0
35594,144.9,6.90,24.73,0.1706,5.86,2329.0,86.0
35601,144.9,6.90,24.73,0.1706,5.86,2329.0,86.0
35608,144.9,6.90,24.73,0.1706,5.86,2329.0,86.0
35615,142.9,7.00,24.73,0.1731,5.78,2329.0,86.0
35622,142.9,7.00,24.73,0.1731,5.78,2329.0,86.0
35629,144.9,6.90,24.73,0.1706,5.86,2329.0,86.0
35636,144.9,6.90,24.73,0.1706,5.86,2329.0,86.0
35643,142.9,7.00,24.73,0.1731,5.78,2329.0,86.0
35650,142.9,7.00,24.73,0.1731,5.78,2329.0,86.0
35657,144.9,6.90,24.73,0.1706,5.86,2329.0,86.0
35664,147.1,6.80,24.73,0.1682,5.95,2329.0,86.0
35671,142.9,7.00,24.73,0.1731,5.78,2329.0,86.0
35678,142.9,7.00,24.73,0.1731,5.78,2329.0,86.0
35685,144.9,6.90,24.73,0.1706,5.86,2329.0,86.0
35692,144.9,6.90,24.73,0.1706,5.86,2329.0,86.0
35699,142.9,7.00,24.73,0.1731,5.78,2329.0,86.0
35706,142.9,7.00,24.73,0.1731,5.78,2329.0,86.0
35712,144.9,6.90,24.73,0.1706,5.86,2329.0,86.0
35719,142.9,7.00,24.73,0.1731,5.78,2329.0,86.0
35726,144.9,6.90,24.73,0.1706,5.86,2329.0,86.0
35733,142.9,7.00,24.73,0.1731,5.78,2329.0,86.0
35740,144.9,6.90,24.73,0.1706,5.86,2329.0,86.0
35747,142.9,7.00,24.73,0.1731,5.78,2329.0,86.0
35754,147.1,6.80,24.73,0.1681,5.95,2329.0,86.0
35761,140.8,7.10,24.73,0.1756,5.69,2329.0,86.0
35768,144.9,6.90,24.73,0.1706,5.86,2329.0,86.0
35775,144.9,6.90,24.73,0.1706,5.86,2329.0,86.0
35782,144.9,6.90,24.73,0.1706,5.86,2329.0,86.0
35789,144.9,6.90,24.73,0.1706,5.86,2329.0,86.0
35796,144.9,6.90,24.73,0.1706,5.86,2329.0,86.0
35803,142.9,7.00,24.73,0.1731,5.78,2329.0,86.0
35810,144.9,6.90,24.73,0.1706,5.86,2329.0,86.0
35817,142.9,7.00,24.73,0.1731,5.78,2329.0,86.0
35824,142.9,7.00,24.73,0.1731,5.78,2329.0,86.0
35830,144.9,6.90,24.73,0.1706,5.86,2329.0,86.0
35837,144.9,6.90,24.73,0.1706,5.86,2329.0,86.0
35844,140.8,7.10,24.73,0.1756,5.69,2329.0,86.0
35851,144.9,6.90,24.73,0.1706,5.86,2329.0,86.0
35858,144.9,6.90,24.73,0.1706,5.86,2329.0,86.0
35865,144.9,6.90,24.73,0.1706,5.86,2329.0,86.0
35872,142.9,7.00,24.73,0.1731,5.78,2329.0,86.0
35879,144.9,6.90,24.73,0.1706,5.86,2329.0,86.0
35886,142.9,7.00,24.73,0.1731,5.78,2329.0,86.0
35893,144.9,6.90,24.73,0.1706,5.86,2329.0,86.0
35900,144.9,6.90,24.73,0.1706,5.86,2329.0,86.0
35907,140.8,7.10,24.73,0.1756,5.69,2329.0,86.0
35914,147.1,6.80,24.73,0.1681,5.95,2329.0,86.0
35921,144.9,6.90,24.73,0.1706,5.86,2329.0,86.0
35928,142.9,7.00,24.73,0.1731,5.78,2329.0,86.0
35935,144.9,6.90,24.73,0.1706,5.86,2329.0,86.0
35942,140.8,7.10,24.73,0.1756,5.69,2329.0,86.0
35949,144.9,6.90,24.73,0.1706,5.86,2329.0,86.0
35955,144.9,6.90,24.73,0.1706,5.86,2329.0,86.0
35962,144.9,6.90,24.73,0.1706,5.86,2329.0,86.0
35969,142.9,7.00,24.73,0.1731,5.78,2329.0,86.0
35976,144.9,6.90,24.73,0.1706,5.86,2329.0,86.0
35983,142.9,7.00,24.73,0.1731,5.78,2329.0,86.0
35990,144.9,6.90,24.73,0.1706,5.86,2329.0,86.0
35997,142.9,7.00,24.73,0.1731,5.78,2329.0,86.0
36004,142.9,7.00,24.73,0.1731,5.78,2329.0,86.0
36011,144.9,6.90,24.73,0.1706,5.86,2329.0,86.0
36018,142.9,7.00,24.73,0.1731,5.78,2329.0,86.0
36025,144.9,6.90,24.73,0.1706,5.86,2329.0,86.0
36032,144.9,6.90,24.73,0.1706,5.86,2329.0,86.0
36039,142.9,7.00,24.73,0.1731,5.78,2329.0,86.0
36046,144.9,6.90,24.73,0.1706,5.86,2329.0,86.0
36053,142.9,7.00,24.73,0.1731,5.78,2329.0,86.0
36060,144.9,6.90,24.73,0.1706,5.86,2329.0,86.0
36067,144.9,6.90,24.73,0.1706,5.86,2329.0,86.0
36073,144.9,6.90,24.73,0.1706,5.86,2329.0,86.0
36080,142.9,7.00,24.73,0.1731,5.78,2329.0,86.0
36087,142.9,7.00,24.73,0.1731,5.78,2329.0,86.0
36094,144.9,6.90,24.73,0.1706,5.86,2329.0,86.0
36101,144.9,6.90,24.73,0.1706,5.86,2329.0,86.0
36108,142.9,7.00,24.73,0.1731,5.78,2329.0,86.0
36115,142.9,7.00,24.73,0.1731,5.78,2329.0,86.0
36122,144.9,6.90,24.73,0.1706,5.86,2329.0,86.0
36129,144.9,6.90,24.73,0.1706,5.86,2329.0,86.0
36136,144.9,6.90,24.73,0.1706,5.86,2329.0,86.0
36143,140.8,7.10,24.73,0.1756,5.69,2329.0,86.0
36150,147.1,6.80,24.73,0.1681,5.95,2329.0,86.0
36157,142.9,7.00,24.73,0.1731,5.78,2329.0,86.0
36164,142.9,7.00,24.73,0.1731,5.78,2329.0,86.0
36171,144.9,6.90,24.73,0.1706,5.86,2329.0,86.0
36178,144.9,6.90,24.73,0.1706,5.86,2329.0,86.0
36185,144.9,6.90,24.73,0.1706,5.86,2329.0,86.0
36192,142.9,7.00,24.73,0.1731,5.78,2329.0,86.0
36199,142.9,7.00,24.73,0.1731,5.78,2329.0,86.0
36205,144.9,6.90,24.73,0.1706,5.86,2329.0,86.0
36212,142.9,7.00,24.73,0.1731,5.78,2329.0,86.0
36219,144.9,6.90,24.73,0.1706,5.86,2329.0,86.0
36226,144.9,6.90,24.73,0.1706,5.86,2329.0,86.0
36233,140.8,7.10,24.73,0.1755,5.69,2329.0,86.0
36240,147.1,6.80,24.73,0.1681,5.95,2329.0,86.0
36247,144.9,6.90,24.73,0.1706,5.86,2329.0,86.0
36254,142.9,7.00,24.73,0.1731,5.78,2329.0,86.0
36261,144.9,6.90,24.73,0.1706,5.86,2329.0,86.0
36268,142.9,7.00,24.73,0.1731,5.78,2329.0,86.0
36275,144.9,6.90,24.73,0.1706,5.86,2329.0,86.0
36282,142.9,7.00,24.73,0.1731,5.78,2329.0,86.0
36289,142.9,7.00,24.72,0.1731,5.78,2329.0,86.0
36296,144.9,6.90,24.72,0.1706,5.86,2329.0,86.0
36303,142.9,7.00,24.72,0.1731,5.78,2329.0,86.0
36310,144.9,6.90,24.72,0.1706,5.86,2329.0,86.0
36317,144.9,6.90,24.72,0.1706,5.86,2329.0,86.0
36324,142.9,7.00,24.72,0.1731,5.78,2329.0,86.0
36330,144.9,6.90,24.72,0.1706,5.86,2329.0,86.0
36337,144.9,6.90,24.72,0.1706,5.86,2329.0,86.0
36344,144.9,6.90,24.72,0.1706,5.86,2329.0,86.0
36351,138.9,7.20,24.72,0.1780,5.62,2329.0,86.0
36358,147.1,6.80,24.72,0.1681,5.95,2329.0,86.0
36365,144.9,6.90,24.72,0.1706,5.86,2329.0,86.0
36372,144.9,6.90,24.72,0.1706,5.86,2329.0,86.0
36379,142.9,7.00,24.72,0.1731,5.78,2329.0,86.0
36386,140.8,7.10,24.72,0.1755,5.69,2329.0,86.0
36393,147.1,6.80,24.72,0.1681,5.95,2329.0,86.0
36400,142.9,7.00,24.72,0.1731,5.78,2329.0,86.0
36407,144.9,6.90,24.72,0.1706,5.86,2329.0,86.0
36414,142.9,7.00,24.72,0.1731,5.78,2329.0,86.0
36421,144.9,6.90,24.72,0.1706,5.86,2329.0,86.0
36428,144.9,6.90,24.72,0.1706,5.86,2329.0,86.0
36435,142.9,7.00,24.72,0.1731,5.78,2329.0,86.0
36442,142.9,7.00,24.72,0.1731,5.78,2329.0,86.0
36449,144.9,6.90,24.72,0.1706,5.86,2329.0,86.0
36455,144.9,6.90,24.72,0.1706,5.86,2329.0,86.0
36462,142.9,7.00,24.72,0.1731,5.78,2329.0,86.0
36469,147.1,6.80,24.72,0.1681,5.95,2329.0,86.0
36476,142.9,7.00,24.72,0.1731,5.78,2329.0,86.0
36483,144.9,6.90,24.72,0.1706,5.86,2329.0,86.0
36490,142.9,7.00,24.72,0.1731,5.78,2329.0,86.0
36497,142.9,7.00,24.72,0.1731,5.78,2329.0,86.0
36504,147.1,6.80,24.72,0.1681,5.95,2329.0,86.0
36511,142.9,7.00,24.72,0.1731,5.78,2329.0,86.0
36518,142.9,7.00,24.72,0.1731,5.78,2329.0,86.0
36525,144.9,6.90,24.72,0.1706,5.86,2329.0,86.0
36532,144.9,6.90,24.72,0.1706,5.86,2329.0,86.0
36539,142.9,7.00,24.72,0.1731,5.78,2329.0,86.0
36546,142.9,7.00,24.72,0.1731,5.78,2329.0,86.0
36553,144.9,6.90,24.72,0.1706,5.86,2329.0,86.0
36560,144.9,6.90,24.72,0.1706,5.86,2329.0,86.0
36567,142.9,7.00,24.72,0.1731,5.78,2329.0,86.0
36573,144.9,6.90,24.72,0.1706,5.86,2329.0,86.0
36580,142.9,7.00,24.72,0.1731,5.78,2329.0,86.0
36587,142.9,7.00,24.72,0.1731,5.78,2329.0,86.0
36594,144.9,6.90,24.72,0.1706,5.86,2329.0,86.0
36601,142.9,7.00,24.72,0.1731,5.78,2329.0,86.0
36608,142.9,7.00,24.72,0.1731,5.78,2329.0,86.0
36615,144.9,6.90,24.72,0.1706,5.86,2329.0,86.0
36622,144.9,6.90,24.72,0.1706,5.86,2329.0,86.0
36629,144.9,6.90,24.72,0.1706,5.86,2329.0,86.0
36636,144.9,6.90,24.72,0.1706,5.86,2329.0,86.0
36643,142.9,7.00,24.72,0.1731,5.78,2329.0,86.0
36650,144.9,6.90,24.72,0.1706,5.86,2329.0,86.0
36657,140.8,7.10,24.72,0.1755,5.70,2329.0,86.0
36664,147.1,6.80,24.72,0.1681,5.95,2329.0,86.0
36671,144.9,6.90,24.72,0.1706,5.86,2329.0,86.0
36678,142.9,7.00,24.72,0.1731,5.78,2329.0,86.0
36685,144.9,6.90,24.72,0.1706,5.86,2329.0,86.0
36692,140.8,7.10,24.72,0.1755,5.70,2329.0,86.0
36698,147.1,6.80,24.72,0.1681,5.95,2329.0,86.0
36705,142.9,7.00,24.72,0.1731,5.78,2329.0,86.0
36712,144.9,6.90,24.72,0.1706,5.86,2329.0,86.0
36719,142.9,7.00,24.72,0.1731,5.78,2329.0,86.0
36726,144.9,6.90,24.72,0.1706,5.86,2329.0,86.0
36733,142.9,7.00,24.72,0.1731,5.78,2329.0,86.0
36740,142.9,7.00,24.72,0.1731,5.78,2329.0,86.0
36747,144.9,6.90,24.72,0.1706,5.86,2329.0,86.0
36754,144.9,6.90,24.72,0.1706,5.86,2329.0,86.0
36761,144.9,6.90,24.72,0.1706,5.86,2329.0,86.0
36768,142.9,7.00,24.72,0.1731,5.78,2329.0,86.0
36775,144.9,6.90,24.72,0.1706,5.86,2329.0,86.0
36782,142.9,7.00,24.72,0.1731,5.78,2329.0,86.0
36789,144.9,6.90,24.72,0.1706,5.86,2329.0,86.0
36796,142.9,7.00,24.72,0.1731,5.78,2329.0,86.0
36803,142.9,7.00,24.72,0.1731,5.78,2329.0,86.0
36810,147.1,6.80,24.72,0.1681,5.95,2329.0,86.0
36816,144.9,6.90,24.72,0.1706,5.86,2329.0,86.0
36823,142.9,7.00,24.72,0.1731,5.78,2329.0,86.0
36830,142.9,7.00,24.72,0.1731,5.78,2329.0,86.0
36837,144.9,6.90,24.72,0.1706,5.86,2329.0,86.0
36844,142.9,7.00,24.72,0.1731,5.78,2329.0,86.0
36851,144.9,6.90,24.72,0.1706,5.86,2329.0,86.0
36858,142.9,7.00,24.72,0.1731,5.78,2329.0,86.0
36865,147.1,6.80,24.72,0.1681,5.95,2329.0,86.0
36872,140.8,7.10,24.72,0.1755,5.70,2329.0,86.0
36879,144.9,6.90,24.72,0.1706,5.86,2329.0,86.0
36886,144.9,6.90,24.72,0.1706,5.86,2329.0,86.0
36893,142.9,7.00,24.72,0.1731,5.78,2329.0,86.0
36900,144.9,6.90,24.72,0.1706,5.86,2329.0,86.0
36907,144.9,6.90,24.72,0.1706,5.86,2329.0,86.0
36914,144.9,6.90,24.72,0.1706,5.86,2329.0,86.0
36921,142.9,7.00,24.72,0.1731,5.78,2329.0,86.0
36928,144.9,6.90,24.72,0.1706,5.86,2329.0,86.0
36935,140.8,7.10,24.72,0.1755,5.70,2329.0,86.0
36942,144.9,6.90,24.72,0.1706,5.86,2329.0,86.0
36948,144.9,6.90,24.72,0.1706,5.86,2329.0,86.0
36955,144.9,6.90,24.72,0.1706,5.86,2329.0,86.0
36962,142.9,7.00,24.72,0.1731,5.78,2329.0,86.0
36969,144.9,6.90,24.72,0.1706,5.86,2329.0,86.0
36976,142.9,7.00,24.72,0.1731,5.78,2329.0,86.0
36983,142.9,7.00,24.72,0.1731,5.78,2329.0,86.0
36990,144.9,6.90,24.72,0.1706,5.86,2329.0,86.0
36997,142.9,7.00,24.72,0.1731,5.78,2329.0,86.0
37004,142.9,7.00,24.72,0.1730,5.78,2329.0,86.0
37011,144.9,6.90,24.72,0.1706,5.86,2329.0,86.0
37018,144.9,6.90,24.72,0.1706,5.86,2329.0,86.0
37025,144.9,6.90,24.72,0.1706,5.86,2329.0,86.0
37032,144.9,6.90,24.72,0.1706,5.86,2329.0,86.0
37039,142.9,7.00,24.72,0.1730,5.78,2329.0,86.0
37046,142.9,7.00,24.72,0.1730,5.78,2329.0,86.0
37053,144.9,6.90,24.72,0.1706,5.86,2329.0,86.0
37060,144.9,6.90,24.72,0.1706,5.86,2329.0,86.0
37067,142.9,7.00,24.72,0.1730,5.78,2329.0,86.0
37073,144.9,6.90,24.72,0.1706,5.86,2329.0,86.0
37080,142.9,7.00,24.72,0.1730,5.78,2329.0,86.0
37087,144.9,6.90,24.72,0.1706,5.86,2329.0,86.0
37094,142.9,7.00,24.72,0.1730,5.78,2329.0,86.0
37101,144.9,6.90,24.72,0.1706,5.86,2329.0,86.0
37108,142.9,7.00,24.72,0.1730,5.78,2329.0,86.0
37115,144.9,6.90,24.72,0.1706,5.86,2329.0,86.0
37122,144.9,6.90,24.72,0.1706,5.86,2329.0,86.0
37129,144.9,6.90,24.72,0.1706,5.86,2329.0,86.0
37136,142.9,7.00,24.72,0.1730,5.78,2329.0,86.0
37143,140.8,7.10,24.72,0.1755,5.70,2329.0,86.0
37150,144.9,6.90,24.72,0.1706,5.86,2329.0,86.0
37157,144.9,6.90,24.72,0.1706,5.86,2329.0,86.0
37164,144.9,6.90,24.72,0.1706,5.86,2329.0,86.0
37171,142.9,7.00,24.72,0.1730,5.78,2329.0,86.0
37178,142.9,7.00,24.72,0.1730,5.78,2329.0,86.0
37185,144.9,6.90,24.72,0.1706,5.86,2329.0,86.0
37192,144.9,6.90,24.72,0.1706,5.86,2329.0,86.0
37199,142.9,7.00,24.72,0.1730,5.78,2329.0,86.0
37205,147.1,6.80,24.72,0.1681,5.95,2329.0,86.0
37212,142.9,7.00,24.72,0.1730,5.78,2329.0,86.0
37219,144.9,6.90,24.72,0.1706,5.86,2329.0,86.0
37226,142.9,7.00,24.72,0.1730,5.78,2329.0,86.0
37233,144.9,6.90,24.72,0.1706,5.86,2329.0,86.0
37240,142.9,7.00,24.72,0.1730,5.78,2329.0,86.0
37247,142.9,7.00,24.72,0.1730,5.78,2329.0,86.0
37254,144.9,6.90,24.72,0.1706,5.86,2329.0,86.0
37261,142.9,7.00,24.72,0.1730,5.78,2329.0,86.0
37268,144.9,6.90,24.72,0.1706,5.86,2329.0,86.0
37275,144.9,6.90,24.72,0.1706,5.86,2329.0,86.0
37282,142.9,7.00,24.72,0.1730,5.78,2329.0,86.0
37289,144.9,6.90,24.72,0.1706,5.86,2329.0,86.0
37296,144.9,6.90,24.72,0.1706,5.86,2329.0,86.0
37303,144.9,6.90,24.72,0.1706,5.86,2329.0,86.0
37310,142.9,7.00,24.72,0.1730,5.78,2329.0,86.0
37317,142.9,7.00,24.72,0.1730,5.78,2329.0,86.0
37323,144.9,6.90,24.72,0.1706,5.86,2329.0,86.0
37330,142.9,7.00,24.72,0.1730,5.78,2329.0,86.0
37337,142.9,7.00,24.72,0.1730,5.78,2329.0,86.0
37344,144.9,6.90,24.72,0.1705,5.86,2329.0,86.0
37351,144.9,6.90,24.72,0.1705,5.86,2329.0,86.0
37358,144.9,6.90,24.72,0.1705,5.86,2329.0,86.0
37365,142.9,7.00,24.72,0.1730,5.78,2329.0,86.0
37372,142.9,7.00,24.72,0.1730,5.78,2329.0,86.0
37379,144.9,6.90,24.72,0.1705,5.86,2329.0,86.0
37386,142.9,7.00,24.72,0.1730,5.78,2329.0,86.0
37393,144.9,6.90,24.71,0.1705,5.86,2329.0,86.0
37400,142.9,7.00,24.71,0.1730,5.78,2329.0,86.0
37407,144.9,6.90,24.71,0.1705,5.86,2329.0,86.0
37414,144.9,6.90,24.71,0.1705,5.86,2329.0,86.0
37421,144.9,6.90,24.71,0.1705,5.86,2329.0,86.0
37428,142.9,7.00,24.71,0.1730,5.78,2329.0,86.0
37435,144.9,6.90,24.71,0.1705,5.86,2329.0,86.0
37442,142.9,7.00,24.71,0.1730,5.78,2329.0,86.0
37449,142.9,7.00,24.71,0.1730,5.78,2329.0,86.0
37456,142.9,7.00,24.71,0.1730,5.78,2329.0,86.0
37462,144.9,6.90,24.71,0.1705,5.86,2329.0,86.0
37469,142.9,7.00,24.71,0.1730,5.78,2329.0,86.0
37476,144.9,6.90,24.71,0.1705,5.86,2329.0,86.0
37483,144.9,6.90,24.71,0.1705,5.86,2329.0,86.0
37490,144.9,6.90,24.71,0.1705,5.86,2329.0,86.0
37497,142.9,7.00,24.71,0.1730,5.78,2329.0,86.0
37504,144.9,6.90,24.71,0.1705,5.86,2329.0,86.0
37511,144.9,6.90,24.71,0.1705,5.86,2329.0,86.0
37518,142.9,7.00,24.71,0.1730,5.78,2329.0,86.0
37525,142.9,7.00,24.71,0.1730,5.78,2329.0,86.0
37532,142.9,7.00,24.71,0.1730,5.78,2329.0,86.0
37539,144.9,6.90,24.71,0.1705,5.86,2329.0,86.0
37546,144.9,6.90,24.71,0.1705,5.86,2329.0,86.0
37553,142.9,7.00,24.71,0.1729,5.78,2329.0,86.0
37560,144.9,6.90,24.71,0.1705,5.86,2329.0,86.0
37567,142.9,7.00,24.71,0.1729,5.78,2329.0,86.0
37574,144.9,6.90,24.71,0.1705,5.87,2329.0,86.0
37580,144.9,6.90,24.71,0.1705,5.87,2329.0,86.0
37587,144.9,6.90,24.71,0.1705,5.87,2329.0,86.0
37594,142.9,7.00,24.70,0.1729,5.78,2329.0,86.0
37601,144.9,6.90,24.70,0.1705,5.87,2329.0,86.0
37608,144.9,6.90,24.70,0.1705,5.87,2329.0,86.0
37615,142.9,7.00,24.70,0.1729,5.78,2329.0,86.0
37622,144.9,6.90,24.70,0.1705,5.87,2329.0,86.0
37629,144.9,6.90,24.70,0.1705,5.87,2329.0,86.0
37636,142.9,7.00,24.70,0.1729,5.78,2329.0,86.0
37643,142.9,7.00,24.70,0.1729,5.78,2329.0,86.0
37650,144.9,6.90,24.70,0.1704,5.87,2329.0,86.0
37657,144.9,6.90,24.70,0.1704,5.87,2329.0,86.0
37664,140.8,7.10,24.70,0.1754,5.70,2329.0,86.0
37671,144.9,6.90,24.70,0.1704,5.87,2329.0,86.0
37678,147.1,6.80,24.70,0.1680,5.96,2329.0,86.0
37685,142.9,7.00,24.70,0.1729,5.79,2329.0,86.0
37692,142.9,7.00,24.70,0.1729,5.79,2329.0,86.0
37698,144.9,6.90,24.70,0.1704,5.87,2329.0,86.0
37705,142.9,7.00,24.70,0.1729,5.79,2329.0,86.0
37712,144.9,6.90,24.70,0.1704,5.87,2329.0,86.0
37719,142.9,7.00,24.70,0.1729,5.79,2329.0,86.0
37726,144.9,6.90,24.70,0.1704,5.87,2329.0,86.0
37733,142.9,7.00,24.70,0.1729,5.79,2329.0,86.0
37740,144.9,6.90,24.70,0.1704,5.87,2329.0,86.0
37747,144.9,6.90,24.70,0.1704,5.87,2329.0,86.0
37754,144.9,6.90,24.70,0.1704,5.87,2329.0,86.0
37761,142.9,7.00,24.70,0.1729,5.79,2329.0,86.0
37768,142.9,7.00,24.70,0.1729,5.79,2329.0,86.0
37775,144.9,6.90,24.70,0.1704,5.87,2329.0,86.0
37782,144.9,6.90,24.70,0.1704,5.87,2329.0,86.0
37789,142.9,7.00,24.69,0.1729,5.79,2329.0,86.0
37796,144.9,6.90,24.69,0.1704,5.87,2329.0,86.0
37803,142.9,7.00,24.69,0.1729,5.79,2329.0,86.0
37810,144.9,6.90,24.69,0.1704,5.87,2329.0,86.0
37817,142.9,7.00,24.69,0.1729,5.79,2329.0,86.0
37824,142.9,7.00,24.69,0.1729,5.79,2329.0,86.0
37830,147.1,6.80,24.69,0.1679,5.96,2329.0,86.0
37837,142.9,7.00,24.69,0.1728,5.79,2329.0,86.0
37844,142.9,7.00,24.69,0.1728,5.79,2329.0,86.0
37851,144.9,6.90,24.69,0.1704,5.87,2329.0,86.0
37858,142.9,7.00,24.69,0.1728,5.79,2329.0,86.0
37865,144.9,6.90,24.69,0.1704,5.87,2329.0,86.0
37872,144.9,6.90,24.69,0.1704,5.87,2329.0,86.0
37879,142.9,7.00,24.69,0.1728,5.79,2329.0,86.0
37886,144.9,6.90,24.69,0.1704,5.87,2329.0,86.0
37893,144.9,6.90,24.69,0.1704,5.87,2329.0,86.0
37900,142.9,7.00,24.69,0.1728,5.79,2329.0,86.0
37907,142.9,7.00,24.69,0.1728,5.79,2329.0,86.0
37914,144.9,6.90,24.69,0.1704,5.87,2329.0,86.0
37921,142.9,7.00,24.69,0.1728,5.79,2329.0,86.0
37928,147.1,6.80,24.69,0.1679,5.96,2329.0,86.0
37935,142.9,7.00,24.69,0.1728,5.79,2329.0,86.0
37941,144.9,6.90,24.69,0.1703,5.87,2329.0,86.0
37948,142.9,7.00,24.69,0.1728,5.79,2329.0,86.0
37955,142.9,7.00,24.69,0.1728,5.79,2329.0,86.0
37962,144.9,6.90,24.69,0.1703,5.87,2329.0,86.0
37969,140.8,7.10,24.69,0.1753,5.70,2329.0,86.0
37976,147.1,6.80,24.69,0.1679,5.96,2329.0,86.0
37983,144.9,6.90,24.69,0.1703,5.87,2329.0,86.0
37990,142.9,7.00,24.68,0.1728,5.79,2329.0,86.0
37997,144.9,6.90,24.68,0.1703,5.87,2329.0,86.0
38004,142.9,7.00,24.68,0.1728,5.79,2329.0,86.0
38011,142.9,7.00,24.68,0.1728,5.79,2329.0,86.0
38018,142.9,7.00,24.68,0.1728,5.79,2329.0,86.0
38025,142.9,7.00,24.68,0.1728,5.79,2329.0,86.0
38032,149.3,6.70,24.68,0.1654,6.05,2329.0,86.0
38039,144.9,6.90,24.68,0.1703,5.87,2329.0,86.0
38046,142.9,7.00,24.68,0.1728,5.79,2329.0,86.0
38053,142.9,7.00,24.68,0.1728,5.79,2329.0,86.0
38060,144.9,6.90,24.68,0.1703,5.87,2329.0,86.0
38067,142.9,7.00,24.68,0.1728,5.79,2329.0,86.0
38073,144.9,6.90,24.68,0.1703,5.87,2329.0,86.0
38080,142.9,7.00,24.68,0.1728,5.79,2329.0,86.0
38087,142.9,7.00,24.68,0.1728,5.79,2329.0,86.0
38094,144.9,6.90,24.68,0.1703,5.87,2329.0,86.0
38101,144.9,6.90,24.68,0.1703,5.87,2329.0,86.0
38108,142.9,7.00,24.68,0.1728,5.79,2329.0,86.0
38115,144.9,6.90,24.68,0.1703,5.87,2329.0,86.0
38122,144.9,6.90,24.68,0.1703,5.87,2329.0,86.0
38129,142.9,7.00,24.68,0.1727,5.79,2329.0,86.0
38136,144.9,6.90,24.68,0.1703,5.87,2329.0,86.0
38143,142.9,7.00,24.68,0.1727,5.79,2329.0,86.0
38150,144.9,6.90,24.68,0.1703,5.87,2329.0,86.0
38157,144.9,6.90,24.68,0.1703,5.87,2329.0,86.0
38164,142.9,7.00,24.68,0.1727,5.79,2329.0,86.0
38171,144.9,6.90,24.68,0.1703,5.87,2329.0,86.0
38178,142.9,7.00,24.68,0.1727,5.79,2329.0,86.0
38185,144.9,6.90,24.68,0.1703,5.87,2329.0,86.0
38192,142.9,7.00,24.67,0.1727,5.79,2329.0,86.0
38198,144.9,6.90,24.67,0.1703,5.87,2329.0,86.0
38205,142.9,7.00,24.67,0.1727,5.79,2329.0,86.0
38212,144.9,6.90,24.67,0.1702,5.87,2329.0,86.0
38219,144.9,6.90,24.67,0.1702,5.87,2329.0,86.0
38226,142.9,7.00,24.67,0.1727,5.79,2329.0,86.0
38233,144.9,6.90,24.67,0.1702,5.87,2329.0,86.0
38240,144.9,6.90,24.67,0.1702,5.87,2329.0,86.0
38247,142.9,7.00,24.67,0.1727,5.79,2329.0,86.0
38254,144.9,6.90,24.67,0.1702,5.87,2329.0,86.0
38261,142.9,7.00,24.67,0.1727,5.79,2329.0,86.0
38268,142.9,7.00,24.67,0.1727,5.79,2329.0,86.0
38275,144.9,6.90,24.67,0.1702,5.87,2329.0,86.0
38282,144.9,6.90,24.67,0.1702,5.87,2329.0,86.0
38289,142.9,7.00,24.69,0.1728,5.79,2329.0,86.0
38296,144.9,6.90,24.69,0.1704,5.87,2329.0,86.0
38303,144.9,6.90,24.69,0.1704,5.87,2329.0,86.0
38310,142.9,7.00,24.69,0.1728,5.79,2329.0,86.0
38316,144.9,6.90,24.69,0.1704,5.87,2329.0,86.0
38323,142.9,7.00,24.69,0.1728,5.79,2329.0,86.0
38330,142.9,7.00,24.69,0.1728,5.79,2329.0,86.0
38337,147.1,6.80,24.69,0.1679,5.96,2329.0,86.0
38344,142.9,7.00,24.69,0.1728,5.79,2329.0,86.0
38351,144.9,6.90,24.69,0.1704,5.87,2329.0,86.0
38358,140.8,7.10,24.69,0.1753,5.70,2329.0,86.0
38365,147.1,6.80,24.69,0.1679,5.96,2329.0,86.0
38372,142.9,7.00,24.69,0.1728,5.79,2329.0,86.0
38379,142.9,7.00,24.69,0.1728,5.79,2329.0,86.0
38386,142.9,7.00,24.69,0.1728,5.79,2329.0,86.0
38393,144.9,6.90,24.69,0.1704,5.87,2329.0,86.0
38400,144.9,6.90,24.69,0.1704,5.87,2329.0,86.0
38407,142.9,7.00,24.69,0.1728,5.79,2329.0,86.0
38414,144.9,6.90,24.69,0.1704,5.87,2329.0,86.0
38421,142.9,7.00,24.69,0.1728,5.79,2329.0,86.0
38428,144.9,6.90,24.69,0.1704,5.87,2329.0,86.0
38435,144.9,6.90,24.69,0.1704,5.87,2329.0,86.0
38441,144.9,6.90,24.69,0.1704,5.87,2329.0,86.0
38448,142.9,7.00,24.69,0.1728,5.79,2329.0,86.0
38455,142.9,7.00,24.69,0.1728,5.79,2329.0,86.0
38462,144.9,6.90,24.69,0.1704,5.87,2329.0,86.0
38469,144.9,6.90,24.69,0.1704,5.87,2329.0,86.0
38476,140.8,7.10,24.69,0.1753,5.70,2329.0,86.0
38483,147.1,6.80,24.69,0.1679,5.96,2329.0,86.0
38490,142.9,7.00,24.69,0.1728,5.79,2329.0,86.0
38497,144.9,6.90,24.69,0.1704,5.87,2329.0,86.0
38504,142.9,7.00,24.69,0.1728,5.79,2329.0,86.0
38511,144.9,6.90,24.69,0.1704,5.87,2329.0,86.0
38518,142.9,7.00,24.69,0.1728,5.79,2329.0,86.0
38525,147.1,6.80,24.69,0.1679,5.96,2329.0,86.0
38532,142.9,7.00,24.69,0.1728,5.79,2329.0,86.0
38539,142.9,7.00,24.69,0.1728,5.79,2329.0,86.0
38546,144.9,6.90,24.69,0.1704,5.87,2329.0,86.0
38553,142.9,7.00,24.69,0.1728,5.79,2329.0,86.0
38560,142.9,7.00,24.69,0.1728,5.79,2329.0,86.0
38567,144.9,6.90,24.69,0.1704,5.87,2329.0,86.0
38574,142.9,7.00,24.69,0.1728,5.79,2329.0,86.0
38580,144.9,6.90,24.69,0.1704,5.87,2329.0,86.0
38587,147.1,6.80,24.69,0.1679,5.96,2329.0,86.0
38594,140.8,7.10,24.69,0.1753,5.70,2329.0,86.0
38601,144.9,6.90,24.69,0.1704,5.87,2329.0,86.0
38608,144.9,6.90,24.69,0.1703,5.87,2329.0,86.0
38615,144.9,6.90,24.69,0.1703,5.87,2329.0,86.0
38622,142.9,7.00,24.69,0.1728,5.79,2329.0,86.0
38629,142.9,7.00,24.69,0.1728,5.79,2329.0,86.0
38636,142.9,7.00,24.69,0.1728,5.79,2329.0,86.0
38643,144.9,6.90,24.69,0.1703,5.87,2329.0,86.0
38650,144.9,6.90,24.69,0.1703,5.87,2329.0,86.0
38657,142.9,7.00,24.69,0.1728,5.79,2329.0,86.0
38664,142.9,7.00,24.69,0.1728,5.79,2329.0,86.0
38671,144.9,6.90,24.69,0.1703,5.87,2329.0,86.0
38678,142.9,7.00,24.69,0.1728,5.79,2329.0,86.0
38685,144.9,6.90,24.69,0.1703,5.87,2329.0,86.0
38692,144.9,6.90,24.69,0.1703,5.87,2329.0,86.0
38699,140.8,7.10,24.69,0.1753,5.70,2329.0,86.0
38705,147.1,6.80,24.69,0.1679,5.96,2329.0,86.0
38712,142.9,7.00,24.69,0.1728,5.79,2329.0,86.0
38719,144.9,6.90,24.69,0.1703,5.87,2329.0,86.0
38726,144.9,6.90,24.69,0.1703,5.87,2329.0,86.0
38733,142.9,7.00,24.69,0.1728,5.79,2329.0,86.0
38740,144.9,6.90,24.69,0.1703,5.87,2329.0,86.0
38747,142.9,7.00,24.69,0.1728,5.79,2329.0,86.0
38754,144.9,6.90,24.69,0.1703,5.87,2329.0,86.0
38761,142.9,7.00,24.69,0.1728,5.79,2329.0,86.0
38768,144.9,6.90,24.69,0.1703,5.87,2329.0,86.0
38775,142.9,7.00,24.69,0.1728,5.79,2329.0,86.0
38782,142.9,7.00,24.69,0.1728,5.79,2329.0,86.0
38789,144.9,6.90,24.69,0.1703,5.87,2329.0,86.0
38796,144.9,6.90,24.69,0.1703,5.87,2329.0,86.0
38803,144.9,6.90,24.69,0.1703,5.87,2329.0,86.0
38810,142.9,7.00,24.69,0.1728,5.79,2329.0,86.0
38817,144.9,6.90,24.69,0.1703,5.87,2329.0,86.0
38823,144.9,6.90,24.69,0.1703,5.87,2329.0,86.0
38830,142.9,7.00,24.69,0.1728,5.79,2329.0,86.0
38837,147.1,6.80,24.69,0.1679,5.96,2329.0,86.0
38844,142.9,7.00,24.69,0.1728,5.79,2329.0,86.0
38851,142.9,7.00,24.69,0.1728,5.79,2329.0,86.0
38858,144.9,6.90,24.69,0.1703,5.87,2329.0,86.0
38865,142.9,7.00,24.69,0.1728,5.79,2329.0,86.0
38872,140.8,7.10,24.69,0.1753,5.70,2329.0,86.0
38879,149.3,6.70,24.69,0.1654,6.05,2329.0,86.0
38886,144.9,6.90,24.69,0.1703,5.87,2329.0,86.0
38893,140.8,7.10,24.69,0.1753,5.70,2329.0,86.0
38900,142.9,7.00,24.69,0.1728,5.79,2329.0,86.0
38907,142.9,7.00,24.69,0.1728,5.79,2329.0,86.0
38914,137.0,7.30,24.69,0.1802,5.55,2329.0,86.0
38921,151.5,6.60,24.69,0.1629,6.14,2329.0,86.0
38928,147.1,6.80,24.69,0.1679,5.96,2329.0,86.0
38935,144.9,6.90,24.69,0.1703,5.87,2329.0,86.0
38942,142.9,7.00,24.69,0.1728,5.79,2329.0,86.0
38949,142.9,7.00,24.69,0.1728,5.79,2329.0,86.0
38955,147.1,6.80,24.69,0.1679,5.96,2329.0,86.0
38962,142.9,7.00,24.69,0.1728,5.79,2329.0,86.0
38969,144.9,6.90,24.69,0.1703,5.87,2329.0,86.0
38976,142.9,7.00,24.69,0.1728,5.79,2329.0,86.0
38983,142.9,7.00,24.69,0.1728,5.79,2329.0,86.0
38990,147.1,6.80,24.69,0.1679,5.96,2329.0,86.0
38997,140.8,7.10,24.69,0.1753,5.70,2329.0,86.0
39004,144.9,6.90,24.69,0.1703,5.87,2329.0,86.0
39011,144.9,6.90,24.69,0.1703,5.87,2329.0,86.0
39018,142.9,7.00,24.69,0.1728,5.79,2329.0,86.0
39025,147.1,6.80,24.69,0.1679,5.96,2329.0,86.0
39032,140.8,7.10,24.69,0.1753,5.70,2329.0,86.0
39039,144.9,6.90,24.69,0.1703,5.87,2329.0,86.0
39046,142.9,7.00,24.69,0.1728,5.79,2329.0,86.0
39053,147.1,6.80,24.69,0.1679,5.96,2329.0,86.0
39060,140.8,7.10,24.69,0.1753,5.70,2329.0,86.0
39066,147.1,6.80,24.69,0.1679,5.96,2329.0,86.0
39073,142.9,7.00,24.69,0.1728,5.79,2329.0,86.0
39080,142.9,7.00,24.69,0.1728,5.79,2329.0,86.0
39087,144.9,6.90,24.69,0.1703,5.87,2329.0,86.0
39094,142.9,7.00,24.69,0.1728,5.79,2329.0,86.0
39101,144.9,6.90,24.69,0.1703,5.87,2329.0,86.0
39108,147.1,6.80,24.69,0.1679,5.96,2329.0,86.0
39115,142.9,7.00,24.69,0.1728,5.79,2329.0,86.0
39122,142.9,7.00,24.69,0.1728,5.79,2329.0,86.0
39129,142.9,7.00,24.69,0.1728,5.79,2329.0,86.0
39136,144.9,6.90,24.69,0.1703,5.87,2329.0,86.0
39143,144.9,6.90,24.69,0.1703,5.87,2329.0,86.0
39150,142.9,7.00,24.69,0.1728,5.79,2329.0,86.0
39157,144.9,6.90,24.69,0.1703,5.87,2329.0,86.0
39164,140.8,7.10,24.69,0.1753,5.70,2329.0,86.0
39171,147.1,6.80,24.69,0.1679,5.96,2329.0,86.0
39178,142.9,7.00,24.69,0.1728,5.79,2329.0,86.0
39185,144.9,6.90,24.69,0.1703,5.87,2329.0,86.0
39192,142.9,7.00,24.69,0.1728,5.79,2329.0,86.0
39199,142.9,7.00,24.69,0.1728,5.79,2329.0,86.0
39205,147.1,6.80,24.69,0.1679,5.96,2329.0,86.0
39212,142.9,7.00,24.69,0.1728,5.79,2329.0,86.0
39219,144.9,6.90,24.69,0.1703,5.87,2329.0,86.0
39226,142.9,7.00,24.69,0.1728,5.79,2329.0,86.0
39233,144.9,6.90,24.69,0.1703,5.87,2329.0,86.0
39240,140.8,7.10,24.69,0.1753,5.70,2329.0,86.0
39247,147.1,6.80,24.69,0.1679,5.96,2329.0,86.0
39254,142.9,7.00,24.69,0.1728,5.79,2329.0,86.0
39261,147.1,6.80,24.69,0.1679,5.96,2329.0,86.0
39268,142.9,7.00,24.69,0.1728,5.79,2329.0,86.0
39275,140.8,7.10,24.69,0.1753,5.70,2329.0,86.0
39282,147.1,6.80,24.69,0.1679,5.96,2329.0,86.0
39289,142.9,7.00,24.68,0.1728,5.79,2329.0,86.0
39296,142.9,7.00,24.68,0.1728,5.79,2329.0,86.0
39303,147.1,6.80,24.68,0.1679,5.96,2329.0,86.0
39310,142.9,7.00,24.68,0.1728,5.79,2329.0,86.0
39316,144.9,6.90,24.68,0.1703,5.87,2329.0,86.0
39323,142.9,7.00,24.68,0.1728,5.79,2329.0,86.0
39330,142.9,7.00,24.68,0.1728,5.79,2329.0,86.0
39337,144.9,6.90,24.68,0.1703,5.87,2329.0,86.0
39344,144.9,6.90,24.68,0.1703,5.87,2329.0,86.0
39351,144.9,6.90,24.68,0.1703,5.87,2329.0,86.0
39358,142.9,7.00,24.68,0.1728,5.79,2329.0,86.0
39365,142.9,7.00,24.68,0.1728,5.79,2329.0,86.0
39372,147.1,6.80,24.68,0.1679,5.96,2329.0,86.0
39379,142.9,7.00,24.68,0.1728,5.79,2329.0,86.0
39386,142.9,7.00,24.68,0.1728,5.79,2329.0,86.0
39393,144.9,6.90,24.68,0.1703,5.87,2329.0,86.0
39400,142.9,7.00,24.68,0.1728,5.79,2329.0,86.0
39407,144.9,6.90,24.68,0.1703,5.87,2329.0,86.0
39414,144.9,6.90,24.68,0.1703,5.87,2329.0,86.0
39421,142.9,7.00,24.68,0.1728,5.79,2329.0,86.0
39428,144.9,6.90,24.68,0.1703,5.87,2329.0,86.0
39435,142.9,7.00,24.68,0.1728,5.79,2329.0,86.0
39442,142.9,7.00,24.68,0.1728,5.79,2329.0,86.0
39449,142.9,7.00,24.68,0.1728,5.79,2329.0,86.0
39456,142.9,7.00,24.68,0.1728,5.79,2329.0,86.0
39462,147.1,6.80,24.68,0.1679,5.96,2329.0,86.0
39469,142.9,7.00,24.68,0.1728,5.79,2329.0,86.0
39476,144.9,6.90,24.68,0.1703,5.87,2329.0,86.0
39483,144.9,6.90,24.68,0.1703,5.87,2329.0,86.0
39490,142.9,7.00,24.68,0.1728,5.79,2329.0,86.0
39497,144.9,6.90,24.68,0.1703,5.87,2329.0,86.0
39504,142.9,7.00,24.68,0.1728,5.79,2329.0,86.0
39511,144.9,6.90,24.68,0.1703,5.87,2329.0,86.0
39518,144.9,6.90,24.68,0.1703,5.87,2329.0,86.0
39525,140.8,7.10,24.68,0.1753,5.70,2329.0,86.0
39532,144.9,6.90,24.68,0.1703,5.87,2329.0,86.0
39539,142.9,7.00,24.68,0.1728,5.79,2329.0,86.0
39546,144.9,6.90,24.68,0.1703,5.87,2329.0,86.0
39553,144.9,6.90,24.68,0.1703,5.87,2329.0,86.0
39560,142.9,7.00,24.68,0.1728,5.79,2329.0,86.0
39567,144.9,6.90,24.68,0.1703,5.87,2329.0,86.0
39573,144.9,6.90,24.68,0.1703,5.87,2329.0,86.0
39580,144.9,6.90,24.68,0.1703,5.87,2329.0,86.0
39587,142.9,7.00,24.68,0.1728,5.79,2329.0,86.0
39594,142.9,7.00,24.68,0.1728,5.79,2329.0,86.0
39601,147.1,6.80,24.68,0.1678,5.96,2329.0,86.0
39608,142.9,7.00,24.68,0.1728,5.79,2329.0,86.0
39615,142.9,7.00,24.68,0.1728,5.79,2329.0,86.0
39622,142.9,7.00,24.68,0.1728,5.79,2329.0,86.0
39629,142.9,7.00,24.68,0.1728,5.79,2329.0,86.0
39636,144.9,6.90,24.68,0.1703,5.87,2329.0,86.0
39643,144.9,6.90,24.68,0.1703,5.87,2329.0,86.0
39650,144.9,6.90,24.68,0.1703,5.87,2329.0,86.0
39657,140.8,7.10,24.68,0.1753,5.70,2329.0,86.0
39664,144.9,6.90,24.68,0.1703,5.87,2329.0,86.0
39671,144.9,6.90,24.68,0.1703,5.87,2329.0,86.0
39678,144.9,6.90,24.68,0.1703,5.87,2329.0,86.0
39685,142.9,7.00,24.68,0.1728,5.79,2329.0,86.0
39692,144.9,6.90,24.68,0.1703,5.87,2329.0,86.0
39699,142.9,7.00,24.68,0.1728,5.79,2329.0,86.0
39705,144.9,6.90,24.68,0.1703,5.87,2329.0,86.0
39712,142.9,7.00,24.68,0.1728,5.79,2329.0,86.0
39719,144.9,6.90,24.68,0.1703,5.87,2329.0,86.0
39726,144.9,6.90,24.68,0.1703,5.87,2329.0,86.0
39733,144.9,6.90,24.68,0.1703,5.87,2329.0,86.0
39740,144.9,6.90,24.68,0.1703,5.87,2329.0,86.0
39747,142.9,7.00,24.68,0.1728,5.79,2329.0,86.0
39754,142.9,7.00,24.68,0.1728,5.79,2329.0,86.0
39761,144.9,6.90,24.68,0.1703,5.87,2329.0,86.0
39768,142.9,7.00,24.68,0.1728,5.79,2329.0,86.0
39775,142.9,7.00,24.68,0.1728,5.79,2329.0,86.0
39782,144.9,6.90,24.68,0.1703,5.87,2329.0,86.0
39789,144.9,6.90,24.68,0.1703,5.87,2329.0,86.0
39796,142.9,7.00,24.68,0.1728,5.79,2329.0,86.0
39803,144.9,6.90,24.68,0.1703,5.87,2329.0,86.0
39810,142.9,7.00,24.68,0.1728,5.79,2329.0,86.0
39817,144.9,6.90,24.68,0.1703,5.87,2329.0,86.0
39823,147.1,6.80,24.68,0.1678,5.96,2329.0,86.0
39830,142.9,7.00,24.68,0.1728,5.79,2329.0,86.0
39837,144.9,6.90,24.68,0.1703,5.87,2329.0,86.0
39844,142.9,7.00,24.68,0.1728,5.79,2329.0,86.0
39851,142.9,7.00,24.68,0.1728,5.79,2329.0,86.0
39858,147.1,6.80,24.68,0.1678,5.96,2329.0,86.0
39865,142.9,7.00,24.68,0.1728,5.79,2329.0,86.0
39872,144.9,6.90,24.68,0.1703,5.87,2329.0,86.0
39879,140.8,7.10,24.68,0.1752,5.70,2329.0,86.0
39886,144.9,6.90,24.68,0.1703,5.87,2329.0,86.0
39893,144.9,6.90,24.68,0.1703,5.87,2329.0,86.0
39900,142.9,7.00,24.68,0.1728,5.79,2329.0,86.0
39907,144.9,6.90,24.68,0.1703,5.87,2329.0,86.0
39914,142.9,7.00,24.68,0.1728,5.79,2329.0,86.0
39921,144.9,6.90,24.68,0.1703,5.87,2329.0,86.0
39928,142.9,7.00,24.68,0.1728,5.79,2329.0,86.0
39935,142.9,7.00,24.68,0.1728,5.79,2329.0,86.0
39942,144.9,6.90,24.68,0.1703,5.87,2329.0,86.0
39948,144.9,6.90,24.68,0.1703,5.87,2329.0,86.0
39955,142.9,7.00,24.68,0.1728,5.79,2329.0,86.0
39962,142.9,7.00,24.68,0.1728,5.79,2329.0,86.0
39969,144.9,6.90,24.68,0.1703,5.87,2329.0,86.0
39976,147.1,6.80,24.68,0.1678,5.96,2329.0,86.0
39983,142.9,7.00,24.68,0.1728,5.79,2329.0,86.0
39990,144.9,6.90,24.68,0.1703,5.87,2329.0,86.0
39997,142.9,7.00,24.68,0.1728,5.79,2329.0,86.0
40004,144.9,6.90,24.68,0.1703,5.87,2329.0,86.0
40011,142.9,7.00,24.68,0.1728,5.79,2329.0,86.0
40018,144.9,6.90,24.68,0.1703,5.87,2329.0,86.0
40025,142.9,7.00,24.68,0.1728,5.79,2329.0,86.0
40032,144.9,6.90,24.68,0.1703,5.87,2329.0,86.0
40039,142.9,7.00,24.68,0.1728,5.79,2329.0,86.0
40046,142.9,7.00,24.68,0.1728,5.79,2329.0,86.0
40053,144.9,6.90,24.68,0.1703,5.87,2329.0,86.0
40060,142.9,7.00,24.68,0.1728,5.79,2329.0,86.0
40066,147.1,6.80,24.68,0.1678,5.96,2329.0,86.0
40073,142.9,7.00,24.68,0.1728,5.79,2329.0,86.0
40080,144.9,6.90,24.68,0.1703,5.87,2329.0,86.0
40087,142.9,7.00,24.68,0.1728,5.79,2329.0,86.0
40094,144.9,6.90,24.68,0.1703,5.87,2329.0,86.0
40101,142.9,7.00,24.68,0.1728,5.79,2329.0,86.0
40108,144.9,6.90,24.68,0.1703,5.87,2329.0,86.0
40115,142.9,7.00,24.68,0.1728,5.79,2329.0,86.0
40122,147.1,6.80,24.68,0.1678,5.96,2329.0,86.0
40129,142.9,7.00,24.68,0.1728,5.79,2329.0,86.0
40136,144.9,6.90,24.68,0.1703,5.87,2329.0,86.0
40143,142.9,7.00,24.68,0.1728,5.79,2329.0,86.0
40150,142.9,7.00,24.68,0.1728,5.79,2329.0,86.0
40157,144.9,6.90,24.68,0.1703,5.87,2329.0,86.0
40164,142.9,7.00,24.68,0.1728,5.79,2329.0,86.0
40171,144.9,6.90,24.68,0.1703,5.87,2329.0,86.0
40178,144.9,6.90,24.68,0.1703,5.87,2329.0,86.0
40184,144.9,6.90,24.68,0.1703,5.87,2329.0,86.0
40192,140.8,7.10,24.68,0.1752,5.70,2329.0,86.0
40198,144.9,6.90,24.68,0.1703,5.87,2329.0,86.0
40205,144.9,6.90,24.68,0.1703,5.87,2329.0,86.0
40212,142.9,7.00,24.68,0.1728,5.79,2329.0,86.0
40219,144.9,6.90,24.68,0.1703,5.87,2329.0,86.0
40226,142.9,7.00,24.68,0.1728,5.79,2329.0,86.0
40233,147.1,6.80,24.68,0.1678,5.96,2329.0,86.0
40240,142.9,7.00,24.68,0.1728,5.79,2329.0,86.0
40247,140.8,7.10,24.68,0.1752,5.70,2329.0,86.0
40254,147.1,6.80,24.68,0.1678,5.96,2329.0,86.0
40261,142.9,7.00,24.68,0.1728,5.79,2329.0,86.0
40268,144.9,6.90,24.68,0.1703,5.87,2329.0,86.0
40275,142.9,7.00,24.68,0.1728,5.79,2329.0,86.0
40282,144.9,6.90,24.68,0.1703,5.87,2329.0,86.0
40289,144.9,6.90,24.68,0.1703,5.87,2329.0,86.0
40296,142.9,7.00,24.68,0.1728,5.79,2329.0,86.0
40303,144.9,6.90,24.68,0.1703,5.87,2329.0,86.0
40309,144.9,6.90,24.68,0.1703,5.87,2329.0,86.0
40316,142.9,7.00,24.68,0.1728,5.79,2329.0,86.0
40323,142.9,7.00,24.68,0.1728,5.79,2329.0,86.0
40330,142.9,7.00,24.68,0.1728,5.79,2329.0,86.0
40337,147.1,6.80,24.68,0.1678,5.96,2329.0,86.0
40344,140.8,7.10,24.68,0.1752,5.71,2329.0,86.0
40351,144.9,6.90,24.68,0.1703,5.87,2329.0,86.0
40358,144.9,6.90,24.68,0.1703,5.87,2329.0,86.0
40365,142.9,7.00,24.68,0.1727,5.79,2329.0,86.0
40372,144.9,6.90,24.68,0.1703,5.87,2329.0,86.0
40379,142.9,7.00,24.68,0.1727,5.79,2329.0,86.0
40386,144.9,6.90,24.68,0.1703,5.87,2329.0,86.0
40393,142.9,7.00,24.68,0.1727,5.79,2329.0,86.0
40400,144.9,6.90,24.68,0.1703,5.87,2329.0,86.0
40407,144.9,6.90,24.68,0.1703,5.87,2329.0,86.0
40414,142.9,7.00,24.68,0.1727,5.79,2329.0,86.0
40421,142.9,7.00,24.68,0.1727,5.79,2329.0,86.0
40428,144.9,6.90,24.68,0.1703,5.87,2329.0,86.0
40435,142.9,7.00,24.68,0.1727,5.79,2329.0,86.0
40441,147.1,6.80,24.68,0.1678,5.96,2329.0,86.0
40448,144.9,6.90,24.68,0.1703,5.87,2329.0,86.0
40455,142.9,7.00,24.68,0.1727,5.79,2329.0,86.0
40462,144.9,6.90,24.68,0.1703,5.87,2329.0,86.0
40469,142.9,7.00,24.68,0.1727,5.79,2329.0,86.0
40476,144.9,6.90,24.68,0.1703,5.87,2329.0,86.0
40483,142.9,7.00,24.68,0.1727,5.79,2329.0,86.0
40490,142.9,7.00,24.68,0.1727,5.79,2329.0,86.0
40497,144.9,6.90,24.68,0.1703,5.87,2329.0,86.0
40504,144.9,6.90,24.68,0.1703,5.87,2329.0,86.0
40511,142.9,7.00,24.68,0.1727,5.79,2329.0,86.0
40518,144.9,6.90,24.68,0.1703,5.87,2329.0,86.0
40525,142.9,7.00,24.68,0.1727,5.79,2329.0,86.0
40532,144.9,6.90,24.68,0.1703,5.87,2329.0,86.0
40539,144.9,6.90,24.67,0.1703,5.87,2329.0,86.0
40546,142.9,7.00,24.67,0.1727,5.79,2329.0,86.0
40553,144.9,6.90,24.67,0.1703,5.87,2329.0,86.0
40560,142.9,7.00,24.67,0.1727,5.79,2329.0,86.0
40566,144.9,6.90,24.67,0.1703,5.87,2329.0,86.0
40573,142.9,7.00,24.67,0.1727,5.79,2329.0,86.0
40580,144.9,6.90,24.67,0.1703,5.87,2329.0,86.0
40587,142.9,7.00,24.67,0.1727,5.79,2329.0,86.0
40594,142.9,7.00,24.67,0.1727,5.79,2329.0,86.0
40601,147.1,6.80,24.67,0.1678,5.96,2329.0,86.0
40608,142.9,7.00,24.67,0.1727,5.79,2329.0,86.0
40615,142.9,7.00,24.67,0.1727,5.79,2329.0,86.0
40622,144.9,6.90,24.67,0.1702,5.87,2329.0,86.0
40629,144.9,6.90,24.67,0.1702,5.87,2329.0,86.0
40636,142.9,7.00,24.67,0.1727,5.79,2329.0,86.0
40643,144.9,6.90,24.67,0.1702,5.87,2329.0,86.0
40650,142.9,7.00,24.67,0.1727,5.79,2329.0,86.0
40657,144.9,6.90,24.67,0.1702,5.87,2329.0,86.0
40664,144.9,6.90,24.67,0.1702,5.87,2329.0,86.0
40671,142.9,7.00,24.67,0.1727,5.79,2329.0,86.0
40678,142.9,7.00,24.67,0.1727,5.79,2329.0,86.0
40685,144.9,6.90,24.67,0.1702,5.87,2329.0,86.0
40692,142.9,7.00,24.67,0.1727,5.79,2329.0,86.0
40698,144.9,6.90,24.67,0.1702,5.87,2329.0,86.0
40705,144.9,6.90,24.67,0.1702,5.87,2329.0,86.0
40712,142.9,7.00,24.67,0.1727,5.79,2329.0,86.0
40719,144.9,6.90,24.67,0.1702,5.87,2329.0,86.0
40726,142.9,7.00,24.67,0.1727,5.79,2329.0,86.0
40733,147.1,6.80,24.67,0.1678,5.96,2329.0,86.0
40740,140.8,7.10,24.67,0.1752,5.71,2329.0,86.0
40747,144.9,6.90,24.67,0.1702,5.87,2329.0,86.0
40754,144.9,6.90,24.67,0.1702,5.87,2329.0,86.0
40761,144.9,6.90,24.67,0.1702,5.87,2329.0,86.0
40768,142.9,7.00,24.67,0.1727,5.79,2329.0,86.0
40775,142.9,7.00,24.67,0.1727,5.79,2329.0,86.0
40782,144.9,6.90,24.67,0.1702,5.87,2329.0,86.0
40789,144.9,6.90,24.67,0.1702,5.87,2329.0,86.0
40796,142.9,7.00,24.67,0.1727,5.79,2329.0,86.0
40803,142.9,7.00,24.67,0.1727,5.79,2329.0,86.0
40810,144.9,6.90,24.67,0.1702,5.87,2329.0,86.0
40817,142.9,7.00,24.67,0.1727,5.79,2329.0,86.0
40823,144.9,6.90,24.67,0.1702,5.87,2329.0,86.0
40830,144.9,6.90,24.67,0.1702,5.87,2329.0,86.0
40837,142.9,7.00,24.67,0.1727,5.79,2329.0,86.0
40844,144.9,6.90,24.67,0.1702,5.87,2329.0,86.0
40851,144.9,6.90,24.67,0.1702,5.87,2329.0,86.0
40858,142.9,7.00,24.67,0.1727,5.79,2329.0,86.0
40865,144.9,6.90,24.67,0.1702,5.87,2329.0,86.0
40872,142.9,7.00,24.67,0.1727,5.79,2329.0,86.0
40879,144.9,6.90,24.67,0.1702,5.87,2329.0,86.0
40886,144.9,6.90,24.67,0.1702,5.87,2329.0,86.0
40893,144.9,6.90,24.67,0.1702,5.87,2329.0,86.0
40900,142.9,7.00,24.67,0.1727,5.79,2329.0,86.0
40907,142.9,7.00,24.67,0.1727,5.79,2329.0,86.0
40914,144.9,6.90,24.67,0.1702,5.87,2329.0,86.0
40921,142.9,7.00,24.67,0.1727,5.79,2329.0,86.0
40928,142.9,7.00,24.67,0.1727,5.79,2329.0,86.0
40935,144.9,6.90,24.67,0.1702,5.87,2329.0,86.0
40942,142.9,7.00,24.67,0.1727,5.79,2329.0,86.0
40948,147.1,6.80,24.67,0.1677,5.96,2329.0,86.0
40955,142.9,7.00,24.67,0.1727,5.79,2329.0,86.0
40962,144.9,6.90,24.67,0.1702,5.87,2329.0,86.0
40969,144.9,6.90,24.67,0.1702,5.87,2329.0,86.0
40976,142.9,7.00,24.67,0.1727,5.79,2329.0,86.0
40983,142.9,7.00,24.67,0.1727,5.79,2329.0,86.0
40990,144.9,6.90,24.67,0.1702,5.87,2329.0,86.0
40997,144.9,6.90,24.67,0.1702,5.87,2329.0,86.0
41004,140.8,7.10,24.67,0.1751,5.71,2329.0,86.0
41011,147.1,6.80,24.67,0.1677,5.96,2329.0,86.0
41018,142.9,7.00,24.67,0.1727,5.79,2329.0,86.0
41025,142.9,7.00,24.67,0.1727,5.79,2329.0,86.0
41032,142.9,7.00,24.67,0.1727,5.79,2329.0,86.0
41039,147.1,6.80,24.66,0.1677,5.96,2329.0,86.0
41046,140.8,7.10,24.66,0.1751,5.71,2329.0,86.0
41053,144.9,6.90,24.66,0.1702,5.87,2329.0,86.0
41060,144.9,6.90,24.66,0.1702,5.87,2329.0,86.0
41067,142.9,7.00,24.66,0.1727,5.79,2329.0,86.0
41073,144.9,6.90,24.66,0.1702,5.87,2329.0,86.0
41080,142.9,7.00,24.66,0.1726,5.79,2329.0,86.0
41087,144.9,6.90,24.66,0.1702,5.87,2329.0,86.0
41094,144.9,6.90,24.66,0.1702,5.87,2329.0,86.0
41101,144.9,6.90,24.66,0.1702,5.88,2329.0,86.0
41108,144.9,6.90,24.66,0.1702,5.88,2329.0,86.0
41115,142.9,7.00,24.66,0.1726,5.79,2329.0,86.0
41122,142.9,7.00,24.66,0.1726,5.79,2329.0,86.0
41129,144.9,6.90,24.66,0.1702,5.88,2329.0,86.0
41136,142.9,7.00,24.66,0.1726,5.79,2329.0,86.0
41143,144.9,6.90,24.66,0.1702,5.88,2329.0,86.0
41150,144.9,6.90,24.66,0.1702,5.88,2329.0,86.0
41157,142.9,7.00,24.66,0.1726,5.79,2329.0,86.0
41164,144.9,6.90,24.66,0.1702,5.88,2329.0,86.0
41171,142.9,7.00,24.66,0.1726,5.79,2329.0,86.0
41178,144.9,6.90,24.66,0.1702,5.88,2329.0,86.0
41184,144.9,6.90,24.66,0.1702,5.88,2329.0,86.0
41191,142.9,7.00,24.66,0.1726,5.79,2329.0,86.0
41198,144.9,6.90,24.66,0.1702,5.88,2329.0,86.0
41205,144.9,6.90,24.66,0.1702,5.88,2329.0,86.0
41212,142.9,7.00,24.66,0.1726,5.79,2329.0,86.0
41219,142.9,7.00,24.66,0.1726,5.79,2329.0,86.0
41226,144.9,6.90,24.66,0.1702,5.88,2329.0,86.0
41233,144.9,6.90,24.66,0.1702,5.88,2329.0,86.0
41240,142.9,7.00,24.66,0.1726,5.79,2329.0,86.0
41247,142.9,7.00,24.66,0.1726,5.79,2329.0,86.0
41254,147.1,6.80,24.66,0.1677,5.96,2329.0,86.0
41261,142.9,7.00,24.66,0.1726,5.79,2329.0,86.0
41268,144.9,6.90,24.66,0.1702,5.88,2329.0,86.0
41275,142.9,7.00,24.66,0.1726,5.79,2329.0,86.0
41282,142.9,7.00,24.66,0.1726,5.79,2329.0,86.0
41289,142.9,7.00,24.66,0.1726,5.79,2329.0,86.0
41296,144.9,6.90,24.66,0.1702,5.88,2329.0,86.0
41303,142.9,7.00,24.66,0.1726,5.79,2329.0,86.0
41309,147.1,6.80,24.66,0.1677,5.96,2329.0,86.0
41316,142.9,7.00,24.66,0.1726,5.79,2329.0,86.0
41323,142.9,7.00,24.66,0.1726,5.79,2329.0,86.0
41330,147.1,6.80,24.66,0.1677,5.96,2329.0,86.0
41337,140.8,7.10,24.66,0.1751,5.71,2329.0,86.0
41344,144.9,6.90,24.66,0.1702,5.87,2329.0,86.0
41351,144.9,6.90,24.66,0.1702,5.87,2329.0,86.0
41358,142.9,7.00,24.66,0.1727,5.79,2329.0,86.0
41365,144.9,6.90,24.67,0.1702,5.87,2329.0,86.0
41372,142.9,7.00,24.67,0.1727,5.79,2329.0,86.0
41379,142.9,7.00,24.67,0.1727,5.79,2329.0,86.0
41386,144.9,6.90,24.67,0.1702,5.87,2329.0,86.0
41393,142.9,7.00,24.67,0.1727,5.79,2329.0,86.0
41400,147.1,6.80,24.67,0.1677,5.96,2329.0,86.0
41407,142.9,7.00,24.67,0.1727,5.79,2329.0,86.0
41414,144.9,6.90,24.67,0.1702,5.87,2329.0,86.0
41421,144.9,6.90,24.67,0.1702,5.87,2329.0,86.0
41428,142.9,7.00,24.67,0.1727,5.79,2329.0,86.0
41435,142.9,7.00,24.67,0.1727,5.79,2329.0,86.0
41442,142.9,7.00,24.67,0.1727,5.79,2329.0,86.0
41448,144.9,6.90,24.67,0.1702,5.87,2329.0,86.0
41455,144.9,6.90,24.67,0.1702,5.87,2329.0,86.0
41462,144.9,6.90,24.67,0.1702,5.87,2329.0,86.0
41469,142.9,7.00,24.67,0.1727,5.79,2329.0,86.0
41476,144.9,6.90,24.67,0.1702,5.87,2329.0,86.0
41483,144.9,6.90,24.67,0.1702,5.87,2329.0,86.0
41490,142.9,7.00,24.67,0.1727,5.79,2329.0,86.0
41497,144.9,6.90,24.67,0.1703,5.87,2329.0,86.0
41504,140.8,7.10,24.68,0.1752,5.71,2329.0,86.0
41511,147.1,6.80,24.68,0.1678,5.96,2329.0,86.0
41518,140.8,7.10,24.68,0.1752,5.71,2329.0,86.0
41525,144.9,6.90,24.68,0.1703,5.87,2329.0,86.0
41532,144.9,6.90,24.68,0.1703,5.87,2329.0,86.0
41539,142.9,7.00,24.68,0.1727,5.79,2329.0,86.0
41546,144.9,6.90,24.68,0.1703,5.87,2329.0,86.0
41553,142.9,7.00,24.68,0.1727,5.79,2329.0,86.0
41560,144.9,6.90,24.68,0.1703,5.87,2329.0,86.0
41566,144.9,6.90,24.68,0.1703,5.87,2329.0,86.0
41573,142.9,7.00,24.68,0.1728,5.79,2329.0,86.0
41580,144.9,6.90,24.68,0.1703,5.87,2329.0,86.0
41587,144.9,6.90,24.68,0.1703,5.87,2329.0,86.0
41594,144.9,6.90,24.68,0.1703,5.87,2329.0,86.0
41601,142.9,7.00,24.68,0.1728,5.79,2329.0,86.0
41608,142.9,7.00,24.68,0.1728,5.79,2329.0,86.0
41615,142.9,7.00,24.68,0.1728,5.79,2329.0,86.0
41622,144.9,6.90,24.68,0.1703,5.87,2329.0,86.0
41629,144.9,6.90,24.68,0.1703,5.87,2329.0,86.0
41636,142.9,7.00,24.68,0.1728,5.79,2329.0,86.0
41643,144.9,6.90,24.68,0.1703,5.87,2329.0,86.0
41650,142.9,7.00,24.69,0.1728,5.79,2329.0,86.0
41657,144.9,6.90,24.69,0.1703,5.87,2329.0,86.0
41664,142.9,7.00,24.69,0.1728,5.79,2329.0,86.0
41671,144.9,6.90,24.69,0.1703,5.87,2329.0,86.0
41678,142.9,7.00,24.69,0.1728,5.79,2329.0,86.0
41685,144.9,6.90,24.69,0.1703,5.87,2329.0,86.0
41691,144.9,6.90,24.69,0.1703,5.87,2329.0,86.0
41698,144.9,6.90,24.69,0.1704,5.87,2329.0,86.0
41705,142.9,7.00,24.69,0.1728,5.79,2329.0,86.0
41712,144.9,6.90,24.69,0.1704,5.87,2329.0,86.0
41719,142.9,7.00,24.69,0.1728,5.79,2329.0,86.0
41726,142.9,7.00,24.69,0.1728,5.79,2329.0,86.0
41733,142.9,7.00,24.69,0.1728,5.79,2329.0,86.0
41740,147.1,6.80,24.69,0.1679,5.96,2329.0,86.0
41747,140.8,7.10,24.69,0.1753,5.70,2329.0,86.0
41754,144.9,6.90,24.69,0.1704,5.87,2329.0,86.0
41761,144.9,6.90,24.69,0.1704,5.87,2329.0,86.0
41768,144.9,6.90,24.69,0.1704,5.87,2329.0,86.0
41775,142.9,7.00,24.69,0.1729,5.79,2329.0,86.0
41782,140.8,7.10,24.69,0.1753,5.70,2329.0,86.0
41789,147.1,6.80,24.70,0.1679,5.96,2329.0,86.0
41796,142.9,7.00,24.70,0.1729,5.79,2329.0,86.0
41803,144.9,6.90,24.70,0.1704,5.87,2329.0,86.0
41810,142.9,7.00,24.70,0.1729,5.79,2329.0,86.0
41817,144.9,6.90,24.70,0.1704,5.87,2329.0,86.0
41823,147.1,6.80,24.70,0.1679,5.96,2329.0,86.0
41830,140.8,7.10,24.70,0.1754,5.70,2329.0,86.0
41837,147.1,6.80,24.70,0.1679,5.96,2329.0,86.0
41844,144.9,6.90,24.70,0.1704,5.87,2329.0,86.0
41851,142.9,7.00,24.70,0.1729,5.79,2329.0,86.0
41858,142.9,7.00,24.70,0.1729,5.79,2329.0,86.0
41865,142.9,7.00,24.70,0.1729,5.79,2329.0,86.0
41872,144.9,6.90,24.70,0.1704,5.87,2329.0,86.0
41879,144.9,6.90,24.70,0.1704,5.87,2329.0,86.0
41886,144.9,6.90,24.70,0.1704,5.87,2329.0,86.0
41893,142.9,7.00,24.70,0.1729,5.78,2329.0,86.0
41900,144.9,6.90,24.70,0.1704,5.87,2329.0,86.0
41907,144.9,6.90,24.70,0.1705,5.87,2329.0,86.0
41914,142.9,7.00,24.70,0.1729,5.78,2329.0,86.0
41921,142.9,7.00,24.70,0.1729,5.78,2329.0,86.0
41928,142.9,7.00,24.70,0.1729,5.78,2329.0,86.0
41935,144.9,6.90,24.71,0.1705,5.87,2329.0,86.0
41941,144.9,6.90,24.71,0.1705,5.87,2329.0,86.0
41948,142.9,7.00,24.71,0.1729,5.78,2329.0,86.0
41955,142.9,7.00,24.71,0.1729,5.78,2329.0,86.0
41962,144.9,6.90,24.71,0.1705,5.86,2329.0,86.0
41969,142.9,7.00,24.71,0.1730,5.78,2329.0,86.0
41976,142.9,7.00,24.71,0.1730,5.78,2329.0,86.0
41983,144.9,6.90,24.71,0.1705,5.86,2329.0,86.0
41990,144.9,6.90,24.71,0.1705,5.86,2329.0,86.0
41997,142.9,7.00,24.71,0.1730,5.78,2329.0,86.0
42004,142.9,7.00,24.71,0.1730,5.78,2329.0,86.0
42011,147.1,6.80,24.71,0.1680,5.95,2329.0,86.0
42018,140.8,7.10,24.71,0.1754,5.70,2329.0,86.0
42025,147.1,6.80,24.71,0.1680,5.95,2329.0,86.0
42032,140.8,7.10,24.71,0.1755,5.70,2329.0,86.0
42039,149.3,6.70,24.71,0.1656,6.04,2329.0,86.0
42046,142.9,7.00,24.71,0.1730,5.78,2329.0,86.0
42053,140.8,7.10,24.71,0.1755,5.70,2329.0,86.0
42060,144.9,6.90,24.71,0.1705,5.86,2329.0,86.0
42067,144.9,6.90,24.71,0.1705,5.86,2329.0,86.0
42073,144.9,6.90,24.71,0.1705,5.86,2329.0,86.0
42080,144.9,6.90,24.72,0.1705,5.86,2329.0,86.0
42087,142.9,7.00,24.72,0.1730,5.78,2329.0,86.0
42094,144.9,6.90,24.72,0.1705,5.86,2329.0,86.0
42101,147.1,6.80,24.72,0.1681,5.95,2329.0,86.0
42108,140.8,7.10,24.72,0.1755,5.70,2329.0,86.0
42115,147.1,6.80,24.72,0.1681,5.95,2329.0,86.0
42122,140.8,7.10,24.72,0.1755,5.70,2329.0,86.0
42129,142.9,7.00,24.72,0.1730,5.78,2329.0,86.0
42136,144.9,6.90,24.72,0.1706,5.86,2329.0,86.0
42143,144.9,6.90,24.72,0.1706,5.86,2329.0,86.0
42150,142.9,7.00,24.72,0.1730,5.78,2329.0,86.0
42157,144.9,6.90,24.72,0.1706,5.86,2329.0,86.0
42164,144.9,6.90,24.72,0.1706,5.86,2329.0,86.0
42171,142.9,7.00,24.72,0.1731,5.78,2329.0,86.0
42178,144.9,6.90,24.72,0.1706,5.86,2329.0,86.0
42184,144.9,6.90,24.72,0.1706,5.86,2329.0,86.0
42191,142.9,7.00,24.72,0.1731,5.78,2329.0,86.0
42198,142.9,7.00,24.72,0.1731,5.78,2329.0,86.0
42205,144.9,6.90,24.72,0.1706,5.86,2329.0,86.0
42212,144.9,6.90,24.72,0.1706,5.86,2329.0,86.0
42219,142.9,7.00,24.73,0.1731,5.78,2329.0,86.0
42226,142.9,7.00,24.73,0.1731,5.78,2329.0,86.0
42233,142.9,7.00,24.73,0.1731,5.78,2329.0,86.0
42240,144.9,6.90,24.73,0.1706,5.86,2329.0,86.0
42247,144.9,6.90,24.73,0.1706,5.86,2329.0,86.0
42254,142.9,7.00,24.73,0.1731,5.78,2329.0,86.0
42261,144.9,6.90,24.73,0.1706,5.86,2329.0,86.0
42268,142.9,7.00,24.73,0.1731,5.78,2329.0,86.0
42275,147.1,6.80,24.73,0.1682,5.95,2329.0,86.0
42282,142.9,7.00,24.73,0.1731,5.78,2329.0,86.0
42289,142.9,7.00,24.73,0.1731,5.78,2329.0,86.0
42296,147.1,6.80,24.73,0.1682,5.95,2329.0,86.0
42303,142.9,7.00,24.73,0.1731,5.78,2329.0,86.0
42309,144.9,6.90,24.73,0.1706,5.86,2329.0,86.0
42316,142.9,7.00,24.73,0.1731,5.78,2329.0,86.0
42323,144.9,6.90,24.73,0.1706,5.86,2329.0,86.0
42330,142.9,7.00,24.73,0.1731,5.78,2329.0,86.0
42337,144.9,6.90,24.73,0.1707,5.86,2329.0,86.0
42344,142.9,7.00,24.73,0.1731,5.78,2329.0,86.0
42351,144.9,6.90,24.73,0.1707,5.86,2329.0,86.0
42358,144.9,6.90,24.73,0.1707,5.86,2329.0,86.0
42365,142.9,7.00,24.73,0.1731,5.78,2329.0,86.0
42372,144.9,6.90,24.73,0.1707,5.86,2329.0,86.0
42379,144.9,6.90,24.73,0.1707,5.86,2329.0,86.0
42386,142.9,7.00,24.73,0.1731,5.78,2329.0,86.0
42393,142.9,7.00,24.74,0.1731,5.78,2329.0,86.0
42400,144.9,6.90,24.74,0.1707,5.86,2329.0,86.0
42407,144.9,6.90,24.74,0.1707,5.86,2329.0,86.0
42414,142.9,7.00,24.74,0.1732,5.78,2329.0,86.0
42421,142.9,7.00,24.74,0.1732,5.78,2329.0,86.0
42428,144.9,6.90,24.74,0.1707,5.86,2329.0,86.0
42434,144.9,6.90,24.74,0.1707,5.86,2329.0,86.0
42441,142.9,7.00,24.74,0.1732,5.78,2329.0,86.0
42448,144.9,6.90,24.74,0.1707,5.86,2329.0,86.0
42455,142.9,7.00,24.74,0.1732,5.78,2329.0,86.0
42462,142.9,7.00,24.74,0.1732,5.78,2329.0,86.0
42469,142.9,7.00,24.74,0.1732,5.78,2329.0,86.0
42476,144.9,6.90,24.74,0.1707,5.86,2329.0,86.0
42483,142.9,7.00,24.74,0.1732,5.78,2329.0,86.0
42490,147.1,6.80,24.74,0.1682,5.95,2329.0,86.0
42497,144.9,6.90,24.74,0.1707,5.86,2329.0,86.0
42504,144.9,6.90,24.74,0.1707,5.86,2329.0,86.0
42511,140.8,7.10,24.74,0.1757,5.69,2329.0,86.0
42518,144.9,6.90,24.74,0.1707,5.86,2329.0,86.0
42525,142.9,7.00,24.74,0.1732,5.78,2329.0,86.0
42532,144.9,6.90,24.74,0.1707,5.86,2329.0,86.0
42539,142.9,7.00,24.74,0.1732,5.78,2329.0,86.0
42546,140.8,7.10,24.74,0.1757,5.69,2329.0,86.0
42553,147.1,6.80,24.74,0.1683,5.95,2329.0,86.0
42560,144.9,6.90,24.74,0.1707,5.86,2329.0,86.0
42566,147.1,6.80,24.74,0.1683,5.94,2329.0,86.0
42573,140.8,7.10,24.74,0.1757,5.69,2329.0,86.0
42580,144.9,6.90,24.74,0.1707,5.86,2329.0,86.0
42587,144.9,6.90,24.74,0.1707,5.86,2329.0,86.0
42594,142.9,7.00,24.75,0.1732,5.77,2329.0,86.0
42601,144.9,6.90,24.75,0.1707,5.86,2329.0,86.0
42608,142.9,7.00,24.75,0.1732,5.77,2329.0,86.0
42615,147.1,6.80,24.75,0.1683,5.94,2329.0,86.0
42622,140.8,7.10,24.75,0.1757,5.69,2329.0,86.0
42629,144.9,6.90,24.75,0.1708,5.86,2329.0,86.0
42636,142.9,7.00,24.75,0.1732,5.77,2329.0,86.0
42643,144.9,6.90,24.75,0.1708,5.86,2329.0,86.0
42650,144.9,6.90,24.75,0.1708,5.85,2329.0,86.0
42657,144.9,6.90,24.75,0.1708,5.85,2329.0,86.0
42664,142.9,7.00,24.75,0.1732,5.77,2329.0,86.0
42671,144.9,6.90,24.75,0.1708,5.85,2329.0,86.0
42677,144.9,6.90,24.75,0.1708,5.85,2329.0,86.0
42685,140.8,7.10,24.75,0.1757,5.69,2329.0,86.0
42691,144.9,6.90,24.75,0.1708,5.85,2329.0,86.0
42698,144.9,6.90,24.75,0.1708,5.85,2329.0,86.0
42705,144.9,6.90,24.75,0.1708,5.85,2329.0,86.0
42712,142.9,7.00,24.75,0.1733,5.77,2329.0,86.0
42719,144.9,6.90,24.75,0.1708,5.85,2329.0,86.0
42726,142.9,7.00,24.75,0.1733,5.77,2329.0,86.0
42733,144.9,6.90,24.75,0.1708,5.85,2329.0,86.0
42740,142.9,7.00,24.75,0.1733,5.77,2329.0,86.0
42747,144.9,6.90,24.75,0.1708,5.85,2329.0,86.0
42754,140.8,7.10,24.75,0.1757,5.69,2329.0,86.0
42761,147.1,6.80,24.75,0.1683,5.94,2329.0,86.0
42768,142.9,7.00,24.75,0.1733,5.77,2329.0,86.0
42775,144.9,6.90,24.75,0.1708,5.85,2329.0,86.0
42782,142.9,7.00,24.75,0.1733,5.77,2329.0,86.0
42789,144.9,6.90,24.76,0.1708,5.85,2329.0,86.0
42796,142.9,7.00,24.76,0.1733,5.77,2329.0,86.0
42803,144.9,6.90,24.76,0.1708,5.85,2329.0,86.0
42809,144.9,6.90,24.76,0.1708,5.85,2329.0,86.0
42816,142.9,7.00,24.76,0.1733,5.77,2329.0,86.0
42823,144.9,6.90,24.76,0.1708,5.85,2329.0,86.0
42830,142.9,7.00,24.76,0.1733,5.77,2329.0,86.0
42837,144.9,6.90,24.76,0.1708,5.85,2329.0,86.0
42844,144.9,6.90,24.76,0.1708,5.85,2329.0,86.0
42851,142.9,7.00,24.76,0.1733,5.77,2329.0,86.0
42858,142.9,7.00,24.76,0.1733,5.77,2329.0,86.0
42865,144.9,6.90,24.76,0.1708,5.85,2329.0,86.0
42872,144.9,6.90,24.76,0.1708,5.85,2329.0,86.0
42879,142.9,7.00,24.76,0.1733,5.77,2329.0,86.0
42886,144.9,6.90,24.76,0.1708,5.85,2329.0,86.0
42893,142.9,7.00,24.76,0.1733,5.77,2329.0,86.0
42900,147.1,6.80,24.76,0.1684,5.94,2329.0,86.0
42907,140.8,7.10,24.76,0.1758,5.69,2329.0,86.0
42914,142.9,7.00,24.76,0.1733,5.77,2329.0,86.0
42921,144.9,6.90,24.76,0.1709,5.85,2329.0,86.0
42928,144.9,6.90,24.76,0.1709,5.85,2329.0,86.0
42934,144.9,6.90,24.76,0.1709,5.85,2329.0,86.0
42941,142.9,7.00,24.76,0.1733,5.77,2329.0,86.0
42948,144.9,6.90,24.76,0.1709,5.85,2329.0,86.0
42955,142.9,7.00,24.76,0.1733,5.77,2329.0,86.0
42962,144.9,6.90,24.76,0.1709,5.85,2329.0,86.0
42969,144.9,6.90,24.76,0.1709,5.85,2329.0,86.0
42976,142.9,7.00,24.76,0.1734,5.77,2329.0,86.0
42983,142.9,7.00,24.76,0.1734,5.77,2329.0,86.0
42990,144.9,6.90,24.77,0.1709,5.85,2329.0,86.0
42997,142.9,7.00,24.77,0.1734,5.77,2329.0,86.0
43004,144.9,6.90,24.77,0.1709,5.85,2329.0,86.0
43011,144.9,6.90,24.77,0.1709,5.85,2329.0,86.0
43018,142.9,7.00,24.77,0.1734,5.77,2329.0,86.0
43025,144.9,6.90,24.77,0.1709,5.85,2329.0,86.0
43032,144.9,6.90,24.77,0.1709,5.85,2329.0,86.0
43039,144.9,6.90,24.77,0.1709,5.85,2329.0,86.0
43046,142.9,7.00,24.77,0.1734,5.77,2329.0,86.0
43053,142.9,7.00,24.77,0.1734,5.77,2329.0,86.0
43059,144.9,6.90,24.77,0.1709,5.85,2329.0,86.0
43066,142.9,7.00,24.77,0.1734,5.77,2329.0,86.0
43073,144.9,6.90,24.77,0.1709,5.85,2329.0,86.0
43080,142.9,7.00,24.77,0.1734,5.77,2329.0,86.0
43087,144.9,6.90,24.77,0.1709,5.85,2329.0,86.0
43094,144.9,6.90,24.77,0.1709,5.85,2329.0,86.0
43101,144.9,6.90,24.77,0.1709,5.85,2329.0,86.0
43108,142.9,7.00,24.77,0.1734,5.77,2329.0,86.0
43115,144.9,6.90,24.77,0.1709,5.85,2329.0,86.0
43122,142.9,7.00,24.77,0.1734,5.77,2329.0,86.0
43129,142.9,7.00,24.77,0.1734,5.77,2329.0,86.0
43136,142.9,7.00,24.77,0.1734,5.77,2329.0,86.0
43143,147.1,6.80,24.77,0.1685,5.94,2329.0,86.0
43150,142.9,7.00,24.77,0.1734,5.77,2329.0,86.0
43157,144.9,6.90,24.77,0.1709,5.85,2329.0,86.0
43164,144.9,6.90,24.77,0.1709,5.85,2329.0,86.0
43171,142.9,7.00,24.77,0.1734,5.77,2329.0,86.0
43178,142.9,7.00,24.77,0.1734,5.77,2329.0,86.0
43184,144.9,6.90,24.77,0.1709,5.85,2329.0,86.0
43191,142.9,7.00,24.78,0.1734,5.77,2329.0,86.0
43198,144.9,6.90,24.78,0.1710,5.85,2329.0,86.0
43205,144.9,6.90,24.78,0.1710,5.85,2329.0,86.0
43212,142.9,7.00,24.78,0.1734,5.77,2329.0,86.0
43219,144.9,6.90,24.78,0.1710,5.85,2329.0,86.0
43226,142.9,7.00,24.78,0.1734,5.77,2329.0,86.0
43233,140.8,7.10,24.78,0.1759,5.68,2329.0,86.0
43240,147.1,6.80,24.78,0.1685,5.94,2329.0,86.0
43247,142.9,7.00,24.78,0.1734,5.77,2329.0,86.0
43254,144.9,6.90,24.78,0.1710,5.85,2329.0,86.0
43261,142.9,7.00,24.78,0.1735,5.77,2329.0,86.0
43268,144.9,6.90,24.78,0.1710,5.85,2329.0,86.0
43275,144.9,6.90,24.78,0.1710,5.85,2329.0,86.0
43282,144.9,6.90,24.78,0.1710,5.85,2329.0,86.0
43289,142.9,7.00,24.78,0.1735,5.77,2329.0,86.0
43296,144.9,6.90,24.78,0.1710,5.85,2329.0,86.0
43303,142.9,7.00,24.78,0.1735,5.77,2329.0,86.0
43310,142.9,7.00,24.78,0.1735,5.77,2329.0,86.0
43316,144.9,6.90,24.78,0.1710,5.85,2329.0,86.0
43323,144.9,6.90,24.78,0.1710,5.85,2329.0,86.0
43330,144.9,6.90,24.78,0.1710,5.85,2329.0,86.0
43337,142.9,7.00,24.79,0.1735,5.77,2329.0,86.0
43344,144.9,6.90,24.79,0.1710,5.85,2329.0,86.0
43351,142.9,7.00,24.79,0.1735,5.77,2329.0,86.0
43358,144.9,6.90,24.79,0.1710,5.85,2329.0,86.0
43365,142.9,7.00,24.79,0.1735,5.76,2329.0,86.0
43372,144.9,6.90,24.79,0.1710,5.85,2329.0,86.0
43379,144.9,6.90,24.79,0.1711,5.85,2329.0,86.0
43386,142.9,7.00,24.79,0.1735,5.76,2329.0,86.0
43393,144.9,6.90,24.79,0.1711,5.84,2329.0,86.0
43400,142.9,7.00,24.79,0.1735,5.76,2329.0,86.0
43407,142.9,7.00,24.79,0.1736,5.76,2329.0,86.0
43414,144.9,6.90,24.79,0.1711,5.84,2329.0,86.0
43421,142.9,7.00,24.79,0.1736,5.76,2329.0,86.0
43428,144.9,6.90,24.80,0.1711,5.84,2329.0,86.0
43434,144.9,6.90,24.80,0.1711,5.84,2329.0,86.0
43441,144.9,6.90,24.80,0.1711,5.84,2329.0,86.0
43448,142.9,7.00,24.80,0.1736,5.76,2329.0,86.0
43455,142.9,7.00,24.80,0.1736,5.76,2329.0,86.0
43462,147.1,6.80,24.80,0.1686,5.93,2329.0,86.0
43469,142.9,7.00,24.80,0.1736,5.76,2329.0,86.0
43476,142.9,7.00,24.80,0.1736,5.76,2329.0,86.0
43483,142.9,7.00,24.80,0.1736,5.76,2329.0,86.0
43490,144.9,6.90,24.80,0.1711,5.84,2329.0,86.0
43497,144.9,6.90,24.80,0.1711,5.84,2329.0,86.0
43504,142.9,7.00,24.80,0.1736,5.76,2329.0,86.0
43511,144.9,6.90,24.80,0.1712,5.84,2329.0,86.0
43518,142.9,7.00,24.81,0.1736,5.76,2329.0,86.0
43525,144.9,6.90,24.81,0.1712,5.84,2329.0,86.0
43532,142.9,7.00,24.81,0.1736,5.76,2329.0,86.0
43539,147.1,6.80,24.81,0.1687,5.93,2329.0,86.0
43546,142.9,7.00,24.81,0.1737,5.76,2329.0,86.0
43553,142.9,7.00,24.81,0.1737,5.76,2329.0,86.0
43559,144.9,6.90,24.81,0.1712,5.84,2329.0,86.0
43566,144.9,6.90,24.81,0.1712,5.84,2329.0,86.0
43573,142.9,7.00,24.81,0.1737,5.76,2329.0,86.0
43580,142.9,7.00,24.81,0.1737,5.76,2329.0,86.0
43587,144.9,6.90,24.81,0.1712,5.84,2329.0,86.0
43594,142.9,7.00,24.81,0.1737,5.76,2329.0,86.0
43601,144.9,6.90,24.81,0.1712,5.84,2329.0,86.0
43608,142.9,7.00,24.82,0.1737,5.76,2329.0,86.0
43615,144.9,6.90,24.82,0.1712,5.84,2329.0,86.0
43622,144.9,6.90,24.82,0.1712,5.84,2329.0,86.0
43629,142.9,7.00,24.82,0.1737,5.76,2329.0,86.0
43636,147.1,6.80,24.82,0.1688,5.93,2329.0,86.0
43643,142.9,7.00,24.82,0.1737,5.76,2329.0,86.0
43650,144.9,6.90,24.82,0.1713,5.84,2329.0,86.0
43657,142.9,7.00,24.82,0.1737,5.76,2329.0,86.0
43664,140.8,7.10,24.82,0.1762,5.67,2329.0,86.0
43671,147.1,6.80,24.82,0.1688,5.93,2329.0,86.0
43677,144.9,6.90,24.82,0.1713,5.84,2329.0,86.0
43684,142.9,7.00,24.82,0.1738,5.76,2329.0,86.0
43691,142.9,7.00,24.82,0.1738,5.76,2329.0,86.0
43698,144.9,6.90,24.83,0.1713,5.84,2329.0,86.0
43705,144.9,6.90,24.83,0.1713,5.84,2329.0,86.0
43712,140.8,7.10,24.83,0.1763,5.67,2329.0,86.0
43719,147.1,6.80,24.83,0.1688,5.92,2329.0,86.0
43726,142.9,7.00,24.83,0.1738,5.76,2329.0,86.0
43733,140.8,7.10,24.83,0.1763,5.67,2329.0,86.0
43740,144.9,6.90,24.83,0.1713,5.84,2329.0,86.0
43747,144.9,6.90,24.83,0.1713,5.84,2329.0,86.0
43754,144.9,6.90,24.83,0.1713,5.84,2329.0,86.0
43761,142.9,7.00,24.83,0.1738,5.75,2329.0,86.0
43768,142.9,7.00,24.83,0.1738,5.75,2329.0,86.0
43775,147.1,6.80,24.83,0.1689,5.92,2329.0,86.0
43782,140.8,7.10,24.83,0.1763,5.67,2329.0,86.0
43789,144.9,6.90,24.84,0.1714,5.83,2329.0,86.0
43796,144.9,6.90,24.84,0.1714,5.83,2329.0,86.0
43803,144.9,6.90,24.84,0.1714,5.83,2329.0,86.0
43810,142.9,7.00,24.84,0.1739,5.75,2329.0,86.0
43816,144.9,6.90,24.84,0.1714,5.83,2329.0,86.0
43824,140.8,7.10,24.84,0.1764,5.67,2329.0,86.0
43830,144.9,6.90,24.84,0.1714,5.83,2329.0,86.0
43837,149.3,6.70,24.84,0.1664,6.01,2329.0,86.0
43844,140.8,7.10,24.84,0.1764,5.67,2329.0,86.0
43851,142.9,7.00,24.84,0.1739,5.75,2329.0,86.0
43858,142.9,7.00,24.84,0.1739,5.75,2329.0,86.0
43865,147.1,6.80,24.84,0.1689,5.92,2329.0,86.0
43872,142.9,7.00,24.84,0.1739,5.75,2329.0,86.0
43879,142.9,7.00,24.85,0.1739,5.75,2329.0,86.0
43886,147.1,6.80,24.85,0.1690,5.92,2329.0,86.0
43893,144.9,6.90,24.85,0.1714,5.83,2329.0,86.0
43900,140.8,7.10,24.85,0.1764,5.67,2329.0,86.0
43907,144.9,6.90,24.85,0.1715,5.83,2329.0,86.0
43914,147.1,6.80,24.85,0.1690,5.92,2329.0,86.0
43921,140.8,7.10,24.85,0.1764,5.67,2329.0,86.0
43928,144.9,6.90,24.85,0.1715,5.83,2329.0,86.0
43934,144.9,6.90,24.85,0.1715,5.83,2329.0,86.0
43941,142.9,7.00,24.85,0.1740,5.75,2329.0,86.0
43948,144.9,6.90,24.85,0.1715,5.83,2329.0,86.0
43955,142.9,7.00,24.85,0.1740,5.75,2329.0,86.0
43962,144.9,6.90,24.85,0.1715,5.83,2329.0,86.0
43969,144.9,6.90,24.85,0.1715,5.83,2329.0,86.0
43976,144.9,6.90,24.86,0.1715,5.83,2329.0,86.0
43983,142.9,7.00,24.86,0.1740,5.75,2329.0,86.0
43990,142.9,7.00,24.86,0.1740,5.75,2329.0,86.0
43997,144.9,6.90,24.86,0.1715,5.83,2329.0,86.0
44004,147.1,6.80,24.86,0.1690,5.92,2329.0,86.0
44011,140.8,7.10,24.86,0.1765,5.66,2329.0,86.0
44018,142.9,7.00,24.86,0.1740,5.75,2329.0,86.0
44025,144.9,6.90,24.86,0.1715,5.83,2329.0,86.0
44032,144.9,6.90,24.86,0.1715,5.83,2329.0,86.0
44039,142.9,7.00,24.86,0.1740,5.75,2329.0,86.0
44046,142.9,7.00,24.86,0.1740,5.75,2329.0,86.0
44053,144.9,6.90,24.86,0.1716,5.83,2329.0,86.0
44059,144.9,6.90,24.86,0.1716,5.83,2329.0,86.0
44066,142.9,7.00,24.87,0.1741,5.75,2329.0,86.0
44073,144.9,6.90,24.87,0.1716,5.83,2329.0,86.0
44080,142.9,7.00,24.87,0.1741,5.75,2329.0,86.0
44087,144.9,6.90,24.87,0.1716,5.83,2329.0,86.0
44094,144.9,6.90,24.87,0.1716,5.83,2329.0,86.0
44101,142.9,7.00,24.87,0.1741,5.75,2329.0,86.0
44108,144.9,6.90,24.87,0.1716,5.83,2329.0,86.0
44115,144.9,6.90,24.87,0.1716,5.83,2329.0,86.0
44122,140.8,7.10,24.87,0.1766,5.66,2329.0,86.0
44129,147.1,6.80,24.87,0.1691,5.91,2329.0,86.0
44136,142.9,7.00,24.87,0.1741,5.75,2329.0,86.0
44143,142.9,7.00,24.87,0.1741,5.74,2329.0,86.0
44150,147.1,6.80,24.87,0.1691,5.91,2329.0,86.0
44157,142.9,7.00,24.88,0.1741,5.74,2329.0,86.0
44164,144.9,6.90,24.88,0.1716,5.82,2329.0,86.0
44171,142.9,7.00,24.88,0.1741,5.74,2329.0,86.0
44178,142.9,7.00,24.88,0.1741,5.74,2329.0,86.0
44184,144.9,6.90,24.88,0.1717,5.82,2329.0,86.0
44191,142.9,7.00,24.88,0.1742,5.74,2329.0,86.0
44198,144.9,6.90,24.88,0.1717,5.82,2329.0,86.0
44205,142.9,7.00,24.88,0.1742,5.74,2329.0,86.0
44212,147.1,6.80,24.88,0.1692,5.91,2329.0,86.0
44219,140.8,7.10,24.88,0.1767,5.66,2329.0,86.0
44226,144.9,6.90,24.88,0.1717,5.82,2329.0,86.0
44233,142.9,7.00,24.88,0.1742,5.74,2329.0,86.0
44240,147.1,6.80,24.88,0.1692,5.91,2329.0,86.0
44247,142.9,7.00,24.89,0.1742,5.74,2329.0,86.0
44254,144.9,6.90,24.89,0.1717,5.82,2329.0,86.0
44261,142.9,7.00,24.89,0.1742,5.74,2329.0,86.0
44268,142.9,7.00,24.89,0.1742,5.74,2329.0,86.0
44275,144.9,6.90,24.89,0.1717,5.82,2329.0,86.0
44282,142.9,7.00,24.89,0.1742,5.74,2329.0,86.0
44289,142.9,7.00,24.89,0.1742,5.74,2329.0,86.0
44296,142.9,7.00,24.89,0.1742,5.74,2329.0,86.0
44303,147.1,6.80,24.89,0.1693,5.91,2329.0,86.0
44309,144.9,6.90,24.89,0.1717,5.82,2329.0,86.0
44316,144.9,6.90,24.89,0.1718,5.82,2329.0,86.0
44323,142.9,7.00,24.89,0.1742,5.74,2329.0,86.0
44330,142.9,7.00,24.89,0.1742,5.74,2329.0,86.0
44337,144.9,6.90,24.89,0.1718,5.82,2329.0,86.0
44344,144.9,6.90,24.89,0.1718,5.82,2329.0,86.0
44351,142.9,7.00,24.89,0.1743,5.74,2329.0,86.0
44358,144.9,6.90,24.89,0.1718,5.82,2329.0,86.0
44365,144.9,6.90,24.89,0.1718,5.82,2329.0,86.0
44372,142.9,7.00,24.89,0.1743,5.74,2329.0,86.0
44379,142.9,7.00,24.89,0.1743,5.74,2329.0,86.0
44386,144.9,6.90,24.89,0.1718,5.82,2329.0,86.0
44393,144.9,6.90,24.90,0.1718,5.82,2329.0,86.0
44400,144.9,6.90,24.90,0.1718,5.82,2329.0,86.0
44407,142.9,7.00,24.90,0.1743,5.74,2329.0,86.0
44414,142.9,7.00,24.90,0.1743,5.74,2329.0,86.0
44421,144.9,6.90,24.90,0.1718,5.82,2329.0,86.0
44427,144.9,6.90,24.90,0.1718,5.82,2329.0,86.0
44434,142.9,7.00,24.90,0.1743,5.74,2329.0,86.0
44441,144.9,6.90,24.90,0.1718,5.82,2329.0,86.0
44448,144.9,6.90,24.90,0.1718,5.82,2329.0,86.0
44455,142.9,7.00,24.90,0.1743,5.74,2329.0,86.0
44462,142.9,7.00,24.90,0.1743,5.74,2329.0,86.0
44469,142.9,7.00,24.90,0.1743,5.74,2329.0,86.0
44476,144.9,6.90,24.90,0.1718,5.82,2329.0,86.0
44483,144.9,6.90,24.90,0.1718,5.82,2329.0,86.0
44490,142.9,7.00,24.90,0.1743,5.74,2329.0,86.0
44497,142.9,7.00,24.90,0.1743,5.74,2329.0,86.0
44504,144.9,6.90,24.90,0.1718,5.82,2329.0,86.0
44511,144.9,6.90,24.90,0.1718,5.82,2329.0,86.0
44518,142.9,7.00,24.90,0.1743,5.74,2329.0,86.0
44525,142.9,7.00,24.90,0.1743,5.74,2329.0,86.0
44532,144.9,6.90,24.90,0.1718,5.82,2329.0,86.0
44539,144.9,6.90,24.90,0.1718,5.82,2329.0,86.0
44546,144.9,6.90,24.90,0.1718,5.82,2329.0,86.0
44553,140.8,7.10,24.90,0.1768,5.65,2329.0,86.0
44560,144.9,6.90,24.90,0.1718,5.82,2329.0,86.0
44566,144.9,6.90,24.90,0.1718,5.82,2329.0,86.0
44573,144.9,6.90,24.90,0.1718,5.82,2329.0,86.0
44580,142.9,7.00,24.90,0.1743,5.74,2329.0,86.0
44587,144.9,6.90,24.90,0.1718,5.82,2329.0,86.0
44594,142.9,7.00,24.91,0.1743,5.74,2329.0,86.0
44601,144.9,6.90,24.91,0.1718,5.82,2329.0,86.0
44608,144.9,6.90,24.91,0.1719,5.82,2329.0,86.0
44615,144.9,6.90,24.91,0.1719,5.82,2329.0,86.0
44622,142.9,7.00,24.91,0.1743,5.74,2329.0,86.0
44629,144.9,6.90,24.91,0.1719,5.82,2329.0,86.0
44636,144.9,6.90,24.91,0.1719,5.82,2329.0,86.0
44643,142.9,7.00,24.91,0.1744,5.74,2329.0,86.0
44650,142.9,7.00,24.91,0.1744,5.74,2329.0,86.0
44657,144.9,6.90,24.91,0.1719,5.82,2329.0,86.0
44664,142.9,7.00,24.91,0.1744,5.74,2329.0,86.0
44671,144.9,6.90,24.91,0.1719,5.82,2329.0,86.0
44678,142.9,7.00,24.91,0.1744,5.74,2329.0,86.0
44685,142.9,7.00,24.91,0.1744,5.74,2329.0,86.0
44692,142.9,7.00,24.91,0.1744,5.74,2329.0,86.0
44698,144.9,6.90,24.91,0.1719,5.82,2329.0,86.0
44705,142.9,7.00,24.91,0.1744,5.74,2329.0,86.0
44712,144.9,6.90,24.91,0.1719,5.82,2329.0,86.0
44719,147.1,6.80,24.91,0.1694,5.90,2329.0,86.0
44726,140.8,7.10,24.91,0.1769,5.65,2329.0,86.0
44733,144.9,6.90,24.91,0.1719,5.82,2329.0,86.0
44740,144.9,6.90,24.91,0.1719,5.82,2329.0,86.0
44747,142.9,7.00,24.91,0.1744,5.74,2329.0,86.0
44754,144.9,6.90,24.91,0.1719,5.82,2329.0,86.0
44761,142.9,7.00,24.91,0.1744,5.74,2329.0,86.0
44768,144.9,6.90,24.91,0.1719,5.82,2329.0,86.0
44775,142.9,7.00,24.91,0.1744,5.74,2329.0,86.0
44782,144.9,6.90,24.91,0.1719,5.82,2329.0,86.0
44789,142.9,7.00,24.92,0.1744,5.74,2329.0,86.0
44796,147.1,6.80,24.92,0.1694,5.90,2329.0,86.0
44803,142.9,7.00,24.92,0.1744,5.74,2329.0,86.0
44810,142.9,7.00,24.92,0.1744,5.74,2329.0,86.0
44816,144.9,6.90,24.92,0.1719,5.82,2329.0,86.0
44823,142.9,7.00,24.92,0.1744,5.74,2329.0,86.0
44830,144.9,6.90,24.92,0.1719,5.82,2329.0,86.0
44837,142.9,7.00,24.92,0.1744,5.73,2329.0,86.0
44844,144.9,6.90,24.92,0.1719,5.82,2329.0,86.0
44851,142.9,7.00,24.92,0.1744,5.73,2329.0,86.0
44858,144.9,6.90,24.92,0.1719,5.81,2329.0,86.0
44865,144.9,6.90,24.92,0.1719,5.81,2329.0,86.0
44872,144.9,6.90,24.92,0.1719,5.81,2329.0,86.0
44879,142.9,7.00,24.92,0.1744,5.73,2329.0,86.0
44886,144.9,6.90,24.92,0.1719,5.81,2329.0,86.0
44893,144.9,6.90,24.92,0.1719,5.81,2329.0,86.0
44900,142.9,7.00,24.92,0.1744,5.73,2329.0,86.0
44907,144.9,6.90,24.92,0.1720,5.81,2329.0,86.0
44914,140.8,7.10,24.92,0.1769,5.65,2329.0,86.0
44921,144.9,6.90,24.92,0.1720,5.81,2329.0,86.0
44928,144.9,6.90,24.92,0.1720,5.81,2329.0,86.0
44934,144.9,6.90,24.92,0.1720,5.81,2329.0,86.0
44941,142.9,7.00,24.92,0.1745,5.73,2329.0,86.0
44948,142.9,7.00,24.92,0.1745,5.73,2329.0,86.0
44955,142.9,7.00,24.92,0.1745,5.73,2329.0,86.0
44962,144.9,6.90,24.92,0.1720,5.81,2329.0,86.0
44969,142.9,7.00,24.92,0.1745,5.73,2329.0,86.0
44976,147.1,6.80,24.92,0.1695,5.90,2329.0,86.0
44983,140.8,7.10,24.92,0.1770,5.65,2329.0,86.0
44990,144.9,6.90,24.93,0.1720,5.81,2329.0,86.0
44997,142.9,7.00,24.93,0.1745,5.73,2329.0,86.0
45004,144.9,6.90,24.93,0.1720,5.81,2329.0,86.0
45011,144.9,6.90,24.93,0.1720,5.81,2329.0,86.0
45018,147.1,6.80,24.93,0.1695,5.90,2329.0,86.0
45025,140.8,7.10,24.93,0.1770,5.65,2329.0,86.0
45032,144.9,6.90,24.93,0.1720,5.81,2329.0,86.0
45039,144.9,6.90,24.93,0.1720,5.81,2329.0,86.0
45046,144.9,6.90,24.93,0.1720,5.81,2329.0,86.0
45052,144.9,6.90,24.93,0.1720,5.81,2329.0,86.0
45059,144.9,6.90,24.93,0.1720,5.81,2329.0,86.0
45066,142.9,7.00,24.93,0.1745,5.73,2329.0,86.0
45073,142.9,7.00,24.93,0.1745,5.73,2329.0,86.0
45080,144.9,6.90,24.93,0.1720,5.81,2329.0,86.0
45087,142.9,7.00,24.93,0.1745,5.73,2329.0,86.0
45094,144.9,6.90,24.93,0.1720,5.81,2329.0,86.0
45101,142.9,7.00,24.93,0.1745,5.73,2329.0,86.0
45108,147.1,6.80,24.93,0.1695,5.90,2329.0,86.0
45115,140.8,7.10,24.93,0.1770,5.65,2329.0,86.0
45122,144.9,6.90,24.93,0.1720,5.81,2329.0,86.0
45129,142.9,7.00,24.93,0.1745,5.73,2329.0,86.0
45136,144.9,6.90,24.93,0.1720,5.81,2329.0,86.0
45143,144.9,6.90,24.93,0.1720,5.81,2329.0,86.0
45150,144.9,6.90,24.93,0.1720,5.81,2329.0,86.0
45157,142.9,7.00,24.93,0.1745,5.73,2329.0,86.0
45164,144.9,6.90,24.93,0.1720,5.81,2329.0,86.0
45171,142.9,7.00,24.93,0.1745,5.73,2329.0,86.0
45177,144.9,6.90,24.93,0.1720,5.81,2329.0,86.0
45184,142.9,7.00,24.93,0.1745,5.73,2329.0,86.0
45191,142.9,7.00,24.94,0.1745,5.73,2329.0,86.0
45198,144.9,6.90,24.94,0.1721,5.81,2329.0,86.0
45205,144.9,6.90,24.94,0.1721,5.81,2329.0,86.0
45212,142.9,7.00,24.94,0.1746,5.73,2329.0,86.0
45219,144.9,6.90,24.94,0.1721,5.81,2329.0,86.0
45226,142.9,7.00,24.94,0.1746,5.73,2329.0,86.0
45233,144.9,6.90,24.94,0.1721,5.81,2329.0,86.0
45240,144.9,6.90,24.94,0.1721,5.81,2329.0,86.0
45247,142.9,7.00,24.94,0.1746,5.73,2329.0,86.0
45254,144.9,6.90,24.94,0.1721,5.81,2329.0,86.0
45261,142.9,7.00,24.94,0.1746,5.73,2329.0,86.0
45268,144.9,6.90,24.94,0.1721,5.81,2329.0,86.0
45275,142.9,7.00,24.94,0.1746,5.73,2329.0,86.0
45282,144.9,6.90,24.94,0.1721,5.81,2329.0,86.0
45289,144.9,6.90,24.94,0.1721,5.81,2329.0,86.0
45296,142.9,7.00,24.94,0.1746,5.73,2329.0,86.0
45302,144.9,6.90,24.94,0.1721,5.81,2329.0,86.0
45309,142.9,7.00,24.94,0.1746,5.73,2329.0,86.0
45316,144.9,6.90,24.94,0.1721,5.81,2329.0,86.0
45323,142.9,7.00,24.94,0.1746,5.73,2329.0,86.0
45330,144.9,6.90,24.94,0.1721,5.81,2329.0,86.0
45337,144.9,6.90,24.94,0.1721,5.81,2329.0,86.0
45344,142.9,7.00,24.94,0.1746,5.73,2329.0,86.0
45351,142.9,7.00,24.94,0.1746,5.73,2329.0,86.0
45358,144.9,6.90,24.94,0.1721,5.81,2329.0,86.0
45365,144.9,6.90,24.94,0.1721,5.81,2329.0,86.0
45372,142.9,7.00,24.95,0.1746,5.73,2329.0,86.0
45379,142.9,7.00,24.95,0.1746,5.73,2329.0,86.0
45386,142.9,7.00,24.95,0.1746,5.73,2329.0,86.0
45393,144.9,6.90,24.95,0.1721,5.81,2329.0,86.0
45400,144.9,6.90,24.95,0.1721,5.81,2329.0,86.0
45407,142.9,7.00,24.95,0.1746,5.73,2329.0,86.0
45414,144.9,6.90,24.95,0.1721,5.81,2329.0,86.0
45421,144.9,6.90,24.95,0.1721,5.81,2329.0,86.0
45428,142.9,7.00,24.95,0.1746,5.73,2329.0,86.0
45435,142.9,7.00,24.95,0.1746,5.73,2329.0,86.0
45441,144.9,6.90,24.95,0.1721,5.81,2329.0,86.0
45448,144.9,6.90,24.95,0.1722,5.81,2329.0,86.0
45455,144.9,6.90,24.95,0.1722,5.81,2329.0,86.0
45462,140.8,7.10,24.95,0.1771,5.64,2329.0,86.0
45469,147.1,6.80,24.95,0.1697,5.90,2329.0,86.0
45476,142.9,7.00,24.95,0.1747,5.73,2329.0,86.0
45483,144.9,6.90,24.95,0.1722,5.81,2329.0,86.0
45490,142.9,7.00,24.95,0.1747,5.73,2329.0,86.0
45497,144.9,6.90,24.95,0.1722,5.81,2329.0,86.0
45504,144.9,6.90,24.95,0.1722,5.81,2329.0,86.0
45511,142.9,7.00,24.95,0.1747,5.73,2329.0,86.0
45518,144.9,6.90,24.95,0.1722,5.81,2329.0,86.0
45525,144.9,6.90,24.95,0.1722,5.81,2329.0,86.0
45532,142.9,7.00,24.95,0.1747,5.73,2329.0,86.0
45539,144.9,6.90,24.96,0.1722,5.81,2329.0,86.0
45546,140.8,7.10,24.96,0.1772,5.64,2329.0,86.0
45553,144.9,6.90,24.96,0.1722,5.81,2329.0,86.0
45559,144.9,6.90,24.96,0.1722,5.81,2329.0,86.0
45566,144.9,6.90,24.96,0.1722,5.81,2329.0,86.0
45573,142.9,7.00,24.96,0.1747,5.73,2329.0,86.0
45580,144.9,6.90,24.96,0.1722,5.81,2329.0,86.0
45587,144.9,6.90,24.96,0.1722,5.81,2329.0,86.0
45594,142.9,7.00,24.96,0.1747,5.73,2329.0,86.0
45601,142.9,7.00,24.96,0.1747,5.73,2329.0,86.0
45608,144.9,6.90,24.96,0.1722,5.81,2329.0,86.0
45615,142.9,7.00,24.96,0.1747,5.73,2329.0,86.0
45622,147.1,6.80,24.96,0.1697,5.89,2329.0,86.0
45629,142.9,7.00,24.96,0.1747,5.73,2329.0,86.0
45636,144.9,6.90,24.96,0.1722,5.81,2329.0,86.0
45643,142.9,7.00,24.96,0.1747,5.72,2329.0,86.0
45650,142.9,7.00,24.96,0.1747,5.72,2329.0,86.0
45657,144.9,6.90,24.96,0.1722,5.80,2329.0,86.0
45664,142.9,7.00,24.96,0.1747,5.72,2329.0,86.0
45671,144.9,6.90,24.96,0.1722,5.80,2329.0,86.0
45678,142.9,7.00,24.96,0.1747,5.72,2329.0,86.0
45684,144.9,6.90,24.96,0.1722,5.80,2329.0,86.0
45691,142.9,7.00,24.96,0.1747,5.72,2329.0,86.0
45698,144.9,6.90,24.96,0.1723,5.80,2329.0,86.0
45705,144.9,6.90,24.97,0.1723,5.80,2329.0,86.0
45712,142.9,7.00,24.97,0.1748,5.72,2329.0,86.0
45719,142.9,7.00,24.97,0.1748,5.72,2329.0,86.0
45726,144.9,6.90,24.97,0.1723,5.80,2329.0,86.0
45733,144.9,6.90,24.97,0.1723,5.80,2329.0,86.0
45740,142.9,7.00,24.97,0.1748,5.72,2329.0,86.0
45747,144.9,6.90,24.97,0.1723,5.80,2329.0,86.0
45754,144.9,6.90,24.97,0.1723,5.80,2329.0,86.0
45761,144.9,6.90,24.97,0.1723,5.80,2329.0,86.0
45768,142.9,7.00,24.97,0.1748,5.72,2329.0,86.0
45775,144.9,6.90,24.97,0.1723,5.80,2329.0,86.0
45782,142.9,7.00,24.97,0.1748,5.72,2329.0,86.0
45789,144.9,6.90,24.97,0.1723,5.80,2329.0,86.0
45795,144.9,6.90,24.97,0.1723,5.80,2329.0,86.0
45803,140.8,7.10,24.97,0.1773,5.64,2329.0,86.0
45809,144.9,6.90,24.97,0.1723,5.80,2329.0,86.0
45816,144.9,6.90,24.97,0.1723,5.80,2329.0,86.0
45823,144.9,6.90,24.97,0.1723,5.80,2329.0,86.0
45830,142.9,7.00,24.97,0.1748,5.72,2329.0,86.0
45837,144.9,6.90,24.97,0.1723,5.80,2329.0,86.0
45844,144.9,6.90,24.97,0.1723,5.80,2329.0,86.0
45851,142.9,7.00,24.97,0.1748,5.72,2329.0,86.0
45858,144.9,6.90,24.97,0.1723,5.80,2329.0,86.0
45865,140.8,7.10,24.97,0.1773,5.64,2329.0,86.0
45872,144.9,6.90,24.98,0.1723,5.80,2329.0,86.0
45879,147.1,6.80,24.98,0.1698,5.89,2329.0,86.0
45886,142.9,7.00,24.98,0.1748,5.72,2329.0,86.0
45893,142.9,7.00,24.98,0.1748,5.72,2329.0,86.0
45900,144.9,6.90,24.98,0.1723,5.80,2329.0,86.0
45907,142.9,7.00,24.98,0.1748,5.72,2329.0,86.0
45914,144.9,6.90,24.98,0.1723,5.80,2329.0,86.0
45921,142.9,7.00,24.98,0.1748,5.72,2329.0,86.0
45927,144.9,6.90,24.98,0.1724,5.80,2329.0,86.0
45934,142.9,7.00,24.98,0.1749,5.72,2329.0,86.0
45941,144.9,6.90,24.98,0.1724,5.80,2329.0,86.0
45948,144.9,6.90,24.98,0.1724,5.80,2329.0,86.0
45955,142.9,7.00,24.98,0.1749,5.72,2329.0,86.0
45962,142.9,7.00,24.98,0.1749,5.72,2329.0,86.0
45969,144.9,6.90,24.98,0.1724,5.80,2329.0,86.0
45976,142.9,7.00,24.98,0.1749,5.72,2329.0,86.0
45983,147.1,6.80,24.98,0.1699,5.89,2329.0,86.0
45990,142.9,7.00,24.98,0.1749,5.72,2329.0,86.0
45997,142.9,7.00,24.98,0.1749,5.72,2329.0,86.0
46004,144.9,6.90,24.98,0.1724,5.80,2329.0,86.0
46011,142.9,7.00,24.98,0.1749,5.72,2329.0,86.0
46018,144.9,6.90,24.98,0.1724,5.80,2329.0,86.0
46025,140.8,7.10,24.98,0.1774,5.64,2329.0,86.0
46032,144.9,6.90,24.98,0.1724,5.80,2329.0,86.0
46039,144.9,6.90,24.99,0.1724,5.80,2329.0,86.0
46046,144.9,6.90,24.99,0.1724,5.80,2329.0,86.0
46053,142.9,7.00,24.99,0.1749,5.72,2329.0,86.0
46059,144.9,6.90,24.99,0.1724,5.80,2329.0,86.0
46066,144.9,6.90,24.99,0.1724,5.80,2329.0,86.0
46073,142.9,7.00,24.99,0.1749,5.72,2329.0,86.0
46080,142.9,7.00,24.99,0.1749,5.72,2329.0,86.0
46087,144.9,6.90,24.99,0.1724,5.80,2329.0,86.0
46094,144.9,6.90,24.99,0.1724,5.80,2329.0,86.0
46101,144.9,6.90,24.99,0.1724,5.80,2329.0,86.0
46108,142.9,7.00,24.99,0.1749,5.72,2329.0,86.0
46115,144.9,6.90,24.99,0.1724,5.80,2329.0,86.0
46122,144.9,6.90,24.99,0.1724,5.80,2329.0,86.0
46129,142.9,7.00,24.99,0.1749,5.72,2329.0,86.0
46136,144.9,6.90,24.99,0.1724,5.80,2329.0,86.0
46143,142.9,7.00,24.99,0.1749,5.72,2329.0,86.0
46150,142.9,7.00,24.99,0.1749,5.72,2329.0,86.0
46157,144.9,6.90,24.99,0.1724,5.80,2329.0,86.0
46164,144.9,6.90,24.99,0.1724,5.80,2329.0,86.0
46171,142.9,7.00,24.99,0.1750,5.72,2329.0,86.0
46177,144.9,6.90,24.99,0.1725,5.80,2329.0,86.0
46184,142.9,7.00,24.99,0.1750,5.72,2329.0,86.0
46191,144.9,6.90,24.99,0.1725,5.80,2329.0,86.0
46198,142.9,7.00,24.99,0.1750,5.72,2329.0,86.0
46205,144.9,6.90,25.00,0.1725,5.80,2329.0,86.0
46212,144.9,6.90,25.00,0.1725,5.80,2329.0,86.0
46219,142.9,7.00,25.00,0.1750,5.72,2329.0,86.0
46226,144.9,6.90,25.00,0.1725,5.80,2329.0,86.0
46233,142.9,7.00,25.00,0.1750,5.72,2329.0,86.0
46240,144.9,6.90,25.00,0.1725,5.80,2329.0,86.0
46247,144.9,6.90,25.00,0.1725,5.80,2329.0,86.0
46254,142.9,7.00,25.00,0.1750,5.72,2329.0,86.0
46261,142.9,7.00,25.00,0.1750,5.72,2329.0,86.0
46268,147.1,6.80,25.00,0.1700,5.88,2329.0,86.0
46275,142.9,7.00,25.00,0.1750,5.72,2329.0,86.0
46282,142.9,7.00,25.00,0.1750,5.72,2329.0,86.0
46289,144.9,6.90,25.00,0.1725,5.80,2329.0,86.0
46296,142.9,7.00,25.00,0.1750,5.72,2329.0,86.0
46302,147.1,6.80,25.01,0.1700,5.88,2329.0,86.0
46309,142.9,7.00,25.01,0.1751,5.71,2329.0,86.0
46316,142.9,7.00,25.01,0.1751,5.71,2329.0,86.0
46323,144.9,6.90,25.01,0.1726,5.79,2329.0,86.0
46330,142.9,7.00,25.02,0.1751,5.71,2329.0,86.0
46337,142.9,7.00,25.02,0.1751,5.71,2329.0,86.0
46344,147.1,6.80,25.02,0.1702,5.88,2329.0,86.0
46351,140.8,7.10,25.03,0.1777,5.63,2329.0,86.0
46358,147.1,6.80,25.03,0.1702,5.88,2329.0,86.0
46365,142.9,7.00,25.03,0.1752,5.71,2329.0,86.0
46372,144.9,6.90,25.03,0.1727,5.79,2329.0,86.0
46379,140.8,7.10,25.04,0.1778,5.62,2329.0,86.0
46386,144.9,6.90,25.04,0.1728,5.79,2329.0,86.0
46393,144.9,6.90,25.04,0.1728,5.79,2329.0,86.0
46400,142.9,7.00,25.04,0.1753,5.71,2329.0,86.0
46407,142.9,7.00,25.05,0.1753,5.71,2329.0,86.0
46414,144.9,6.90,25.05,0.1728,5.78,2329.0,86.0
46421,144.9,6.90,25.05,0.1729,5.78,2329.0,86.0
46428,142.9,7.00,25.06,0.1754,5.70,2329.0,86.0
46434,144.9,6.90,25.06,0.1729,5.78,2329.0,86.0
46441,144.9,6.90,25.06,0.1729,5.78,2329.0,86.0
46448,144.9,6.90,25.06,0.1729,5.78,2329.0,86.0
46455,142.9,7.00,25.07,0.1755,5.70,2329.0,86.0
46462,144.9,6.90,25.07,0.1730,5.78,2329.0,86.0
46469,142.9,7.00,25.07,0.1755,5.70,2329.0,86.0
46476,142.9,7.00,25.08,0.1755,5.70,2329.0,86.0
46483,144.9,6.90,25.08,0.1730,5.78,2329.0,86.0
46490,142.9,7.00,25.08,0.1756,5.70,2329.0,86.0
46497,142.9,7.00,25.08,0.1756,5.70,2329.0,86.0
46504,144.9,6.90,25.09,0.1731,5.78,2329.0,86.0
46511,144.9,6.90,25.09,0.1731,5.78,2329.0,86.0
46518,142.9,7.00,25.09,0.1756,5.70,2329.0,86.0
46525,144.9,6.90,25.09,0.1732,5.77,2329.0,86.0
46532,142.9,7.00,25.10,0.1757,5.69,2329.0,86.0
46539,144.9,6.90,25.10,0.1732,5.77,2329.0,86.0
46546,144.9,6.90,25.10,0.1732,5.77,2329.0,86.0
46552,144.9,6.90,25.11,0.1732,5.77,2329.0,86.0
46559,142.9,7.00,25.11,0.1758,5.69,2329.0,86.0
46566,142.9,7.00,25.11,0.1758,5.69,2329.0,86.0
46573,144.9,6.90,25.11,0.1733,5.77,2329.0,86.0
46580,144.9,6.90,25.12,0.1733,5.77,2329.0,86.0
46587,142.9,7.00,25.12,0.1758,5.69,2329.0,86.0
46594,144.9,6.90,25.12,0.1733,5.77,2329.0,86.0
46601,144.9,6.90,25.13,0.1734,5.77,2329.0,86.0
46608,140.8,7.10,25.13,0.1784,5.60,2329.0,86.0
46615,147.1,6.80,25.13,0.1709,5.85,2329.0,86.0
46622,142.9,7.00,25.13,0.1759,5.69,2329.0,86.0
46629,142.9,7.00,25.14,0.1760,5.68,2329.0,86.0
46636,144.9,6.90,25.14,0.1735,5.76,2329.0,86.0
46643,142.9,7.00,25.14,0.1760,5.68,2329.0,86.0
46650,144.9,6.90,25.14,0.1735,5.76,2329.0,86.0
46657,144.9,6.90,25.15,0.1735,5.76,2329.0,86.0
46664,144.9,6.90,25.15,0.1735,5.76,2329.0,86.0
46671,142.9,7.00,25.15,0.1761,5.68,2329.0,86.0
46677,144.9,6.90,25.16,0.1736,5.76,2329.0,86.0
46684,144.9,6.90,25.16,0.1736,5.76,2329.0,86.0
46691,142.9,7.00,25.16,0.1761,5.68,2329.0,86.0
46698,142.9,7.00,25.16,0.1761,5.68,2329.0,86.0
46705,144.9,6.90,25.17,0.1737,5.76,2329.0,86.0
46712,144.9,6.90,25.17,0.1737,5.76,2329.0,86.0
46719,144.9,6.90,25.17,0.1737,5.76,2329.0,86.0
46726,142.9,7.00,25.18,0.1762,5.68,2329.0,86.0
46733,142.9,7.00,25.18,0.1762,5.68,2329.0,86.0
46740,144.9,6.90,25.18,0.1737,5.75,2329.0,86.0
46747,142.9,7.00,25.18,0.1763,5.67,2329.0,86.0
46754,144.9,6.90,25.19,0.1738,5.75,2329.0,86.0
46761,144.9,6.90,25.19,0.1738,5.75,2329.0,86.0
46768,142.9,7.00,25.19,0.1763,5.67,2329.0,86.0
46775,144.9,6.90,25.19,0.1738,5.75,2329.0,86.0
46782,142.9,7.00,25.20,0.1764,5.67,2329.0,86.0
46789,144.9,6.90,25.20,0.1739,5.75,2329.0,86.0
46796,142.9,7.00,25.20,0.1764,5.67,2329.0,86.0
46802,144.9,6.90,25.21,0.1739,5.75,2329.0,86.0
46809,142.9,7.00,25.21,0.1765,5.67,2329.0,86.0
46816,144.9,6.90,25.21,0.1740,5.75,2329.0,86.0
46823,142.9,7.00,25.21,0.1765,5.67,2329.0,86.0
46830,144.9,6.90,25.22,0.1740,5.75,2329.0,86.0
46837,142.9,7.00,25.22,0.1765,5.67,2329.0,86.0
46844,142.9,7.00,25.22,0.1766,5.67,2329.0,86.0
46851,147.1,6.80,25.23,0.1715,5.83,2329.0,86.0
46858,142.9,7.00,25.23,0.1766,5.66,2329.0,86.0
46865,144.9,6.90,25.23,0.1741,5.74,2329.0,86.0
46872,142.9,7.00,25.23,0.1766,5.66,2329.0,86.0
46879,144.9,6.90,25.24,0.1741,5.74,2329.0,86.0
46886,142.9,7.00,25.24,0.1767,5.66,2329.0,86.0
46893,142.9,7.00,25.24,0.1767,5.66,2329.0,86.0
46900,144.9,6.90,25.24,0.1742,5.74,2329.0,86.0
46907,144.9,6.90,25.25,0.1742,5.74,2329.0,86.0
46914,142.9,7.00,25.25,0.1768,5.66,2329.0,86.0
46921,142.9,7.00,25.25,0.1768,5.66,2329.0,86.0
46928,144.9,6.90,25.26,0.1743,5.74,2329.0,86.0
46934,144.9,6.90,25.26,0.1743,5.74,2329.0,86.0
46941,142.9,7.00,25.26,0.1768,5.66,2329.0,86.0
46948,147.1,6.80,25.26,0.1718,5.82,2329.0,86.0
46955,142.9,7.00,25.27,0.1769,5.66,2329.0,86.0
46962,144.9,6.90,25.27,0.1744,5.73,2329.0,86.0
46969,142.9,7.00,25.27,0.1769,5.65,2329.0,86.0
46976,144.9,6.90,25.28,0.1744,5.73,2329.0,86.0
46983,142.9,7.00,25.28,0.1769,5.65,2329.0,86.0
46990,144.9,6.90,25.28,0.1744,5.73,2329.0,86.0
46997,142.9,7.00,25.28,0.1770,5.65,2329.0,86.0
47004,144.9,6.90,25.29,0.1745,5.73,2329.0,86.0
47011,142.9,7.00,25.29,0.1770,5.65,2329.0,86.0
47018,142.9,7.00,25.29,0.1770,5.65,2329.0,86.0
47025,144.9,6.90,25.29,0.1745,5.73,2329.0,86.0
47032,144.9,6.90,25.30,0.1746,5.73,2329.0,86.0
47039,144.9,6.90,25.30,0.1746,5.73,2329.0,86.0
47046,142.9,7.00,25.30,0.1771,5.65,2329.0,86.0
47052,144.9,6.90,25.31,0.1746,5.73,2329.0,86.0
47060,140.8,7.10,25.31,0.1797,5.56,2329.0,86.0
47066,147.1,6.80,25.31,0.1721,5.81,2329.0,86.0
47073,144.9,6.90,25.31,0.1747,5.72,2329.0,86.0
47080,142.9,7.00,25.32,0.1772,5.64,2329.0,86.0
47087,140.8,7.10,25.32,0.1798,5.56,2329.0,86.0
47094,144.9,6.90,25.32,0.1747,5.72,2329.0,86.0
47101,142.9,7.00,25.33,0.1773,5.64,2329.0,86.0
47108,144.9,6.90,25.33,0.1748,5.72,2329.0,86.0
47115,144.9,6.90,25.33,0.1748,5.72,2329.0,86.0
47122,142.9,7.00,25.33,0.1773,5.64,2329.0,86.0
47129,147.1,6.80,25.34,0.1723,5.81,2329.0,86.0
47136,140.8,7.10,25.34,0.1799,5.56,2329.0,86.0
47143,147.1,6.80,25.34,0.1723,5.80,2329.0,86.0
47150,142.9,7.00,25.34,0.1774,5.64,2329.0,86.0
47157,144.9,6.90,25.35,0.1749,5.72,2329.0,86.0
47164,144.9,6.90,25.35,0.1749,5.72,2329.0,86.0
47171,142.9,7.00,25.35,0.1775,5.64,2329.0,86.0
47178,142.9,7.00,25.36,0.1775,5.64,2329.0,86.0
47184,144.9,6.90,25.36,0.1750,5.71,2329.0,86.0
47191,144.9,6.90,25.36,0.1750,5.71,2329.0,86.0
47198,142.9,7.00,25.36,0.1775,5.63,2329.0,86.0
47205,144.9,6.90,25.37,0.1750,5.71,2329.0,86.0
47212,144.9,6.90,25.37,0.1751,5.71,2329.0,86.0
47219,140.8,7.10,25.37,0.1801,5.55,2329.0,86.0
47226,147.1,6.80,25.38,0.1726,5.80,2329.0,86.0
47233,142.9,7.00,25.38,0.1776,5.63,2329.0,86.0
47240,144.9,6.90,25.38,0.1751,5.71,2329.0,86.0
47247,142.9,7.00,25.38,0.1777,5.63,2329.0,86.0
47254,144.9,6.90,25.39,0.1752,5.71,2329.0,86.0
47261,144.9,6.90,25.39,0.1752,5.71,2329.0,86.0
47268,144.9,6.90,25.39,0.1752,5.71,2329.0,86.0
47275,140.8,7.10,25.39,0.1803,5.54,2329.0,86.0
47282,144.9,6.90,25.40,0.1752,5.71,2329.0,86.0
47289,144.9,6.90,25.40,0.1753,5.70,2329.0,86.0
47295,144.9,6.90,25.40,0.1753,5.70,2329.0,86.0
47302,142.9,7.00,25.41,0.1779,5.62,2329.0,86.0
47309,142.9,7.00,25.41,0.1779,5.62,2329.0,86.0
47316,144.9,6.90,25.42,0.1754,5.70,2329.0,86.0
47323,144.9,6.90,25.42,0.1754,5.70,2329.0,86.0
47330,142.9,7.00,25.43,0.1780,5.62,2329.0,86.0
47337,144.9,6.90,25.43,0.1755,5.70,2329.0,86.0
47344,142.9,7.00,25.43,0.1780,5.62,2329.0,86.0
47351,144.9,6.90,25.44,0.1755,5.70,2329.0,86.0
47358,144.9,6.90,25.44,0.1756,5.69,2329.0,86.0
47365,140.8,7.10,25.45,0.1807,5.53,2329.0,86.0
47372,147.1,6.80,25.45,0.1731,5.78,2329.0,86.0
47379,142.9,7.00,25.46,0.1782,5.61,2329.0,86.0
47386,142.9,7.00,25.46,0.1782,5.61,2329.0,86.0
47393,147.1,6.80,25.47,0.1732,5.78,2329.0,86.0
47400,142.9,7.00,25.47,0.1783,5.61,2329.0,86.0
47407,142.9,7.00,25.47,0.1783,5.61,2329.0,86.0
47414,144.9,6.90,25.48,0.1758,5.69,2329.0,86.0
47421,142.9,7.00,25.48,0.1784,5.61,2329.0,86.0
47427,144.9,6.90,25.49,0.1759,5.69,2329.0,86.0
47434,144.9,6.90,25.49,0.1759,5.68,2329.0,86.0
47441,140.8,7.10,25.49,0.1810,5.52,2329.0,86.0
47448,144.9,6.90,25.50,0.1759,5.68,2329.0,86.0
47455,144.9,6.90,25.50,0.1760,5.68,2329.0,86.0
47462,144.9,6.90,25.51,0.1760,5.68,2329.0,86.0
47469,142.9,7.00,25.51,0.1786,5.60,2329.0,86.0
47476,144.9,6.90,25.52,0.1761,5.68,2329.0,86.0
47483,142.9,7.00,25.52,0.1786,5.60,2329.0,86.0
47490,144.9,6.90,25.53,0.1761,5.68,2329.0,86.0
47497,142.9,7.00,25.53,0.1787,5.60,2329.0,86.0
47504,144.9,6.90,25.53,0.1762,5.67,2329.0,86.0
47511,144.9,6.90,25.54,0.1762,5.67,2329.0,86.0
47518,142.9,7.00,25.54,0.1788,5.59,2329.0,86.0
47525,144.9,6.90,25.55,0.1763,5.67,2329.0,86.0
47532,142.9,7.00,25.55,0.1789,5.59,2329.0,86.0
47539,144.9,6.90,25.56,0.1763,5.67,2329.0,86.0
47546,142.9,7.00,25.56,0.1789,5.59,2329.0,86.0
47552,144.9,6.90,25.56,0.1764,5.67,2329.0,86.0
47559,144.9,6.90,25.57,0.1764,5.67,2329.0,86.0
47566,142.9,7.00,25.57,0.1790,5.59,2329.0,86.0
47573,142.9,7.00,25.58,0.1790,5.59,2329.0,86.0
47580,147.1,6.80,25.58,0.1740,5.75,2329.0,86.0
47587,142.9,7.00,25.59,0.1791,5.59,2329.0,86.0
47594,144.9,6.90,25.59,0.1766,5.66,2329.0,86.0
47601,142.9,7.00,25.59,0.1792,5.58,2329.0,86.0
47608,144.9,6.90,25.60,0.1766,5.66,2329.0,86.0
47615,142.9,7.00,25.60,0.1792,5.58,2329.0,86.0
47622,144.9,6.90,25.61,0.1767,5.66,2329.0,86.0
47629,142.9,7.00,25.61,0.1793,5.58,2329.0,86.0
47636,144.9,6.90,25.62,0.1767,5.66,2329.0,86.0
47643,142.9,7.00,25.62,0.1793,5.58,2329.0,86.0
47650,144.9,6.90,25.62,0.1768,5.65,2329.0,86.0
47657,142.9,7.00,25.63,0.1794,5.58,2329.0,86.0
47664,144.9,6.90,25.63,0.1769,5.65,2329.0,86.0
47671,142.9,7.00,25.64,0.1795,5.57,2329.0,86.0
47677,144.9,6.90,25.64,0.1769,5.65,2329.0,86.0
47684,144.9,6.90,25.65,0.1770,5.65,2329.0,86.0
47691,144.9,6.90,25.65,0.1770,5.65,2329.0,86.0
47698,142.9,7.00,25.65,0.1796,5.57,2329.0,86.0
47705,142.9,7.00,25.66,0.1796,5.57,2329.0,86.0
47712,142.9,7.00,25.66,0.1796,5.57,2329.0,86.0
47719,144.9,6.90,25.67,0.1771,5.65,2329.0,86.0
47726,144.9,6.90,25.67,0.1771,5.64,2329.0,86.0
47733,144.9,6.90,25.68,0.1772,5.64,2329.0,86.0
47740,144.9,6.90,25.68,0.1772,5.64,2329.0,86.0
47747,140.8,7.10,25.68,0.1824,5.48,2329.0,86.0
47754,144.9,6.90,25.69,0.1773,5.64,2329.0,86.0
47761,144.9,6.90,25.69,0.1773,5.64,2329.0,86.0
47768,144.9,6.90,25.70,0.1773,5.64,2329.0,86.0
47775,142.9,7.00,25.70,0.1799,5.56,2329.0,86.0
47782,144.9,6.90,25.71,0.1774,5.64,2329.0,86.0
47789,142.9,7.00,25.71,0.1800,5.56,2329.0,86.0
47795,144.9,6.90,25.71,0.1774,5.63,2329.0,86.0
47802,142.9,7.00,25.72,0.1800,5.56,2329.0,86.0
47809,144.9,6.90,25.72,0.1775,5.63,2329.0,86.0
47816,142.9,7.00,25.73,0.1801,5.55,2329.0,86.0
47823,142.9,7.00,25.73,0.1801,5.55,2329.0,86.0
47830,144.9,6.90,25.74,0.1776,5.63,2329.0,86.0
47837,144.9,6.90,25.74,0.1776,5.63,2329.0,86.0
47844,142.9,7.00,25.74,0.1802,5.55,2329.0,86.0
47851,144.9,6.90,25.75,0.1777,5.63,2329.0,86.0
47858,144.9,6.90,25.75,0.1777,5.63,2329.0,86.0
47865,142.9,7.00,25.76,0.1803,5.55,2329.0,86.0
47872,144.9,6.90,25.76,0.1778,5.62,2329.0,86.0
47879,142.9,7.00,25.77,0.1804,5.55,2329.0,86.0
47886,142.9,7.00,25.77,0.1804,5.55,2329.0,86.0
47893,144.9,6.90,25.78,0.1778,5.62,2329.0,86.0
47900,142.9,7.00,25.78,0.1805,5.54,2329.0,86.0
47907,147.1,6.80,25.78,0.1753,5.71,2329.0,86.0
47914,140.8,7.10,25.79,0.1831,5.46,2329.0,86.0
47920,147.1,6.80,25.79,0.1754,5.70,2329.0,86.0
47927,142.9,7.00,25.80,0.1806,5.54,2329.0,86.0
47934,144.9,6.90,25.80,0.1780,5.62,2329.0,86.0
47941,142.9,7.00,25.80,0.1806,5.54,2329.0,86.0
47948,144.9,6.90,25.81,0.1781,5.61,2329.0,86.0
47955,142.9,7.00,25.81,0.1807,5.54,2329.0,86.0
47962,144.9,6.90,25.82,0.1781,5.61,2329.0,86.0
47969,144.9,6.90,25.82,0.1782,5.61,2329.0,86.0
47976,142.9,7.00,25.83,0.1808,5.53,2329.0,86.0
47983,142.9,7.00,25.83,0.1808,5.53,2329.0,86.0
47990,144.9,6.90,25.84,0.1783,5.61,2329.0,86.0
47997,144.9,6.90,25.84,0.1783,5.61,2329.0,86.0
48004,142.9,7.00,25.84,0.1809,5.53,2329.0,86.0
48011,144.9,6.90,25.85,0.1784,5.61,2329.0,86.0
48018,142.9,7.00,25.85,0.1810,5.53,2329.0,86.0
48025,144.9,6.90,25.86,0.1784,5.60,2329.0,86.0
48032,144.9,6.90,25.86,0.1784,5.60,2329.0,86.0
48039,142.9,7.00,25.87,0.1811,5.52,2329.0,86.0
48046,142.9,7.00,25.87,0.1811,5.52,2329.0,86.0
48052,147.1,6.80,25.87,0.1759,5.69,2329.0,86.0
48059,142.9,7.00,25.88,0.1811,5.52,2329.0,86.0
48066,144.9,6.90,25.88,0.1786,5.60,2329.0,86.0
48073,140.8,7.10,25.89,0.1838,5.44,2329.0,86.0
48080,142.9,7.00,25.89,0.1812,5.52,2329.0,86.0
48087,144.9,6.90,25.90,0.1787,5.60,2329.0,86.0
48094,144.9,6.90,25.90,0.1787,5.59,2329.0,86.0
48101,142.9,7.00,25.90,0.1813,5.52,2329.0,86.0
48108,144.9,6.90,25.91,0.1788,5.59,2329.0,86.0
48115,144.9,6.90,25.91,0.1788,5.59,2329.0,86.0
48122,144.9,6.90,25.92,0.1788,5.59,2329.0,86.0
48129,144.9,6.90,25.92,0.1789,5.59,2329.0,86.0
48136,144.9,6.90,25.93,0.1789,5.59,2329.0,86.0
48143,142.9,7.00,25.93,0.1815,5.51,2329.0,86.0
48150,142.9,7.00,25.93,0.1815,5.51,2329.0,86.0
48157,142.9,7.00,25.94,0.1816,5.51,2329.0,86.0
48164,142.9,7.00,25.94,0.1816,5.51,2329.0,86.0
48170,147.1,6.80,25.95,0.1764,5.67,2329.0,86.0
48177,144.9,6.90,25.95,0.1791,5.58,2329.0,86.0
48184,142.9,7.00,25.96,0.1817,5.51,2329.0,86.0
48191,142.9,7.00,25.96,0.1817,5.50,2329.0,86.0
48198,142.9,7.00,25.96,0.1817,5.50,2329.0,86.0
48205,144.9,6.90,25.97,0.1792,5.58,2329.0,86.0
48212,144.9,6.90,25.97,0.1792,5.58,2329.0,86.0
48219,142.9,7.00,25.98,0.1818,5.50,2329.0,86.0
48226,144.9,6.90,25.98,0.1793,5.58,2329.0,86.0
48233,144.9,6.90,25.99,0.1793,5.58,2329.0,86.0
48240,142.9,7.00,25.99,0.1819,5.50,2329.0,86.0
48247,144.9,6.90,25.99,0.1794,5.57,2329.0,86.0
48254,144.9,6.90,26.00,0.1794,5.57,2329.0,86.0
48261,142.9,7.00,26.00,0.1820,5.50,2329.0,86.0
48268,140.8,7.10,26.01,0.1847,5.41,2329.0,86.0
48275,144.9,6.90,26.01,0.1795,5.57,2329.0,86.0
48282,147.1,6.80,26.02,0.1769,5.65,2329.0,86.0
48289,142.9,7.00,26.02,0.1821,5.49,2329.0,86.0
48295,144.9,6.90,26.02,0.1796,5.57,2329.0,86.0
48302,142.9,7.00,26.03,0.1822,5.49,2329.0,86.0
48309,144.9,6.90,26.03,0.1796,5.57,2329.0,86.0
48316,144.9,6.90,26.03,0.1796,5.57,2329.0,86.0
48323,142.9,7.00,26.04,0.1823,5.49,2329.0,86.0
48330,142.9,7.00,26.04,0.1823,5.49,2329.0,86.0
48337,144.9,6.90,26.04,0.1797,5.56,2329.0,86.0
48344,142.9,7.00,26.05,0.1823,5.49,2329.0,86.1
48351,144.9,6.90,26.05,0.1798,5.56,2329.0,86.1
48358,144.9,6.90,26.06,0.1798,5.56,2329.0,86.1
48365,142.9,7.00,26.06,0.1824,5.48,2329.0,86.1
48372,144.9,6.90,26.06,0.1798,5.56,2329.0,86.1
48379,142.9,7.00,26.07,0.1825,5.48,2329.0,86.1
48386,142.9,7.00,26.07,0.1825,5.48,2329.0,86.1
48393,144.9,6.90,26.07,0.1799,5.56,2329.0,86.1
48400,142.9,7.00,26.08,0.1825,5.48,2329.0,86.1
48407,144.9,6.90,26.08,0.1800,5.56,2329.0,86.1
48414,142.9,7.00,26.08,0.1826,5.48,2329.0,86.1
48421,144.9,6.90,26.09,0.1800,5.55,2329.0,86.1
48428,142.9,7.00,26.09,0.1826,5.48,2329.0,86.1
48434,144.9,6.90,26.09,0.1801,5.55,2329.0,86.1
48441,144.9,6.90,26.10,0.1801,5.55,2329.0,86.2
48448,142.9,7.00,26.10,0.1827,5.47,2329.0,86.2
48455,142.9,7.00,26.11,0.1827,5.47,2329.0,86.2
48462,144.9,6.90,26.11,0.1802,5.55,2329.0,86.2
48469,144.9,6.90,26.11,0.1802,5.55,2329.0,86.2
48476,142.9,7.00,26.12,0.1828,5.47,2329.0,86.2
48483,147.1,6.80,26.12,0.1776,5.63,2329.0,86.2
48490,142.9,7.00,26.12,0.1829,5.47,2329.0,86.2
48497,142.9,7.00,26.13,0.1829,5.47,2329.0,86.2
48504,144.9,6.90,26.13,0.1803,5.55,2329.0,86.2
48511,144.9,6.90,26.13,0.1803,5.54,2329.0,86.2
48518,142.9,7.00,26.14,0.1830,5.47,2329.0,86.2
48525,142.9,7.00,26.14,0.1830,5.47,2329.0,86.2
48532,144.9,6.90,26.14,0.1804,5.54,2329.0,86.2
48539,142.9,7.00,26.15,0.1830,5.47,2329.0,86.3
48546,144.9,6.90,26.15,0.1804,5.54,2329.0,86.3
48553,142.9,7.00,26.16,0.1831,5.46,2329.0,86.3
48559,147.1,6.80,26.16,0.1779,5.62,2329.0,86.3
48566,144.9,6.90,26.16,0.1805,5.54,2329.0,86.3
48573,142.9,7.00,26.17,0.1832,5.46,2329.0,86.3
48580,142.9,7.00,26.17,0.1832,5.46,2329.0,86.3
48587,144.9,6.90,26.17,0.1806,5.54,2329.0,86.3
48594,144.9,6.90,26.18,0.1806,5.54,2329.0,86.3
48601,142.9,7.00,26.18,0.1833,5.46,2329.0,86.3
48608,144.9,6.90,26.18,0.1807,5.53,2329.0,86.3
48615,144.9,6.90,26.19,0.1807,5.53,2329.0,86.3
48622,142.9,7.00,26.19,0.1833,5.46,2329.0,86.3
48629,144.9,6.90,26.19,0.1807,5.53,2329.0,86.3
48636,142.9,7.00,26.20,0.1834,5.45,2329.0,86.3
48643,144.9,6.90,26.20,0.1808,5.53,2329.0,86.4
48650,142.9,7.00,26.20,0.1834,5.45,2329.0,86.4
48657,144.9,6.90,26.21,0.1808,5.53,2329.0,86.4
48664,142.9,7.00,26.21,0.1835,5.45,2329.0,86.4
48670,144.9,6.90,26.21,0.1809,5.53,2329.0,86.4
48677,142.9,7.00,26.22,0.1835,5.45,2329.0,86.4
48684,144.9,6.90,26.22,0.1809,5.53,2329.0,86.4
48691,144.9,6.90,26.23,0.1810,5.53,2329.0,86.4
48698,144.9,6.90,26.23,0.1810,5.52,2329.0,86.4
48705,140.8,7.10,26.23,0.1863,5.37,2329.0,86.4
48712,144.9,6.90,26.24,0.1810,5.52,2329.0,86.4
48719,144.9,6.90,26.24,0.1811,5.52,2329.0,86.4
48726,142.9,7.00,26.24,0.1837,5.45,2329.0,86.4
48733,144.9,6.90,26.25,0.1811,5.52,2329.0,86.4
48740,142.9,7.00,26.25,0.1838,5.44,2329.0,86.5
48747,142.9,7.00,26.25,0.1838,5.44,2329.0,86.5
48754,144.9,6.90,26.26,0.1812,5.52,2329.0,86.5
48761,144.9,6.90,26.26,0.1812,5.52,2329.0,86.5
48768,144.9,6.90,26.26,0.1812,5.52,2329.0,86.5
48775,142.9,7.00,26.27,0.1839,5.44,2329.0,86.5
48782,144.9,6.90,26.27,0.1813,5.52,2329.0,86.5
48789,142.9,7.00,26.28,0.1839,5.44,2329.0,86.5
48795,144.9,6.90,26.28,0.1813,5.51,2329.0,86.5
48802,144.9,6.90,26.28,0.1813,5.51,2329.0,86.5
48809,142.9,7.00,26.29,0.1840,5.44,2329.0,86.5
48816,144.9,6.90,26.29,0.1814,5.51,2329.0,86.5
48823,142.9,7.00,26.29,0.1840,5.43,2329.0,86.5
48830,144.9,6.90,26.30,0.1814,5.51,2329.0,86.5
48837,142.9,7.00,26.30,0.1841,5.43,2329.0,86.5
48844,144.9,6.90,26.30,0.1815,5.51,2329.0,86.6
48851,142.9,7.00,26.31,0.1841,5.43,2329.0,86.6
48858,142.9,7.00,26.31,0.1842,5.43,2329.0,86.6
48865,144.9,6.90,26.31,0.1816,5.51,2329.0,86.6
48872,144.9,6.90,26.32,0.1816,5.51,2329.0,86.6
48879,142.9,7.00,26.32,0.1842,5.43,2329.0,86.6
48886,144.9,6.90,26.32,0.1816,5.50,2329.0,86.6
48893,144.9,6.90,26.33,0.1817,5.50,2329.0,86.6
48900,142.9,7.00,26.33,0.1843,5.43,2329.0,86.6
48907,144.9,6.90,26.34,0.1817,5.50,2329.0,86.6
48914,142.9,7.00,26.34,0.1844,5.43,2329.0,86.6
48920,144.9,6.90,26.34,0.1818,5.50,2329.0,86.6
48927,142.9,7.00,26.35,0.1844,5.42,2329.0,86.6
48934,144.9,6.90,26.35,0.1818,5.50,2329.0,86.6
48941,142.9,7.00,26.35,0.1845,5.42,2329.0,86.7
48948,142.9,7.00,26.36,0.1845,5.42,2329.0,86.7
48955,144.9,6.90,26.36,0.1819,5.50,2329.0,86.7
48962,147.1,6.80,26.36,0.1793,5.58,2329.0,86.7
48969,140.8,7.10,26.37,0.1872,5.34,2329.0,86.7
48976,144.9,6.90,26.37,0.1820,5.49,2329.0,86.7
48983,144.9,6.90,26.37,0.1820,5.49,2329.0,86.7
48990,142.9,7.00,26.38,0.1846,5.42,2329.0,86.7
48997,142.9,7.00,26.38,0.1847,5.42,2329.0,86.7
49004,144.9,6.90,26.39,0.1821,5.49,2329.0,86.7
49011,144.9,6.90,26.39,0.1821,5.49,2329.0,86.7
49018,144.9,6.90,26.39,0.1821,5.49,2329.0,86.7
49025,142.9,7.00,26.40,0.1848,5.41,2329.0,86.7
49032,142.9,7.00,26.40,0.1848,5.41,2329.0,86.7
49039,142.9,7.00,26.40,0.1848,5.41,2329.0,86.8
49046,144.9,6.90,26.41,0.1822,5.49,2329.0,86.8
49052,144.9,6.90,26.41,0.1822,5.49,2329.0,86.8
49059,144.9,6.90,26.41,0.1823,5.49,2329.0,86.8
49066,142.9,7.00,26.42,0.1849,5.41,2329.0,86.8
49073,144.9,6.90,26.42,0.1823,5.48,2329.0,86.8
49080,142.9,7.00,26.42,0.1850,5.41,2329.0,86.8
49087,144.9,6.90,26.43,0.1823,5.48,2329.0,86.8
49094,142.9,7.00,26.43,0.1850,5.41,2329.0,86.8
49101,144.9,6.90,26.43,0.1824,5.48,2329.0,86.8
49108,144.9,6.90,26.44,0.1824,5.48,2329.0,86.8
49115,142.9,7.00,26.44,0.1851,5.40,2329.0,86.8
49122,144.9,6.90,26.45,0.1825,5.48,2329.0,86.8
49129,144.9,6.90,26.45,0.1825,5.48,2329.0,86.8
49136,142.9,7.00,26.45,0.1852,5.40,2329.0,86.8
49143,144.9,6.90,26.46,0.1825,5.48,2329.0,86.9
49150,142.9,7.00,26.46,0.1852,5.40,2329.0,86.9
49157,144.9,6.90,26.46,0.1826,5.48,2329.0,86.9
49164,142.9,7.00,26.47,0.1853,5.40,2329.0,86.9
49170,144.9,6.90,26.47,0.1826,5.47,2329.0,86.9
49177,144.9,6.90,26.47,0.1827,5.47,2329.0,86.9
49184,142.9,7.00,26.48,0.1853,5.40,2329.0,86.9
49191,142.9,7.00,26.48,0.1854,5.40,2329.0,86.9
49198,144.9,6.90,26.48,0.1827,5.47,2329.0,86.9
49205,142.9,7.00,26.49,0.1854,5.39,2329.0,86.9
49212,144.9,6.90,26.49,0.1828,5.47,2329.0,86.9
49219,144.9,6.90,26.49,0.1828,5.47,2329.0,86.9
49226,142.9,7.00,26.50,0.1855,5.39,2329.0,86.9
49233,144.9,6.90,26.50,0.1829,5.47,2329.0,86.9
49240,144.9,6.90,26.51,0.1829,5.47,2329.0,87.0
49247,142.9,7.00,26.51,0.1856,5.39,2329.0,87.0
49254,144.9,6.90,26.51,0.1829,5.47,2329.0,87.0
49261,142.9,7.00,26.52,0.1856,5.39,2329.0,87.0
49268,144.9,6.90,26.52,0.1830,5.46,2329.0,87.0
49275,142.9,7.00,26.52,0.1857,5.39,2329.0,87.0
49282,144.9,6.90,26.53,0.1830,5.46,2329.0,87.0
49288,144.9,6.90,26.53,0.1831,5.46,2329.0,87.0
49295,142.9,7.00,26.53,0.1857,5.39,2329.0,87.0
49302,144.9,6.90,26.53,0.1831,5.46,2329.0,87.0
49309,142.9,7.00,26.54,0.1858,5.38,2329.0,87.0
49316,142.9,7.00,26.54,0.1858,5.38,2329.0,87.0
49323,144.9,6.90,26.54,0.1831,5.46,2329.0,87.0
49330,144.9,6.90,26.54,0.1832,5.46,2329.0,87.0
49337,142.9,7.00,26.55,0.1858,5.38,2329.0,87.0
49344,144.9,6.90,26.55,0.1832,5.46,2329.0,86.9
49351,142.9,7.00,26.55,0.1859,5.38,2329.0,86.9
49358,144.9,6.90,26.55,0.1832,5.46,2329.0,86.9
49365,142.9,7.00,26.56,0.1859,5.38,2329.0,86.9
49372,144.9,6.90,26.56,0.1833,5.46,2329.0,86.9
49379,142.9,7.00,26.56,0.1859,5.38,2329.0,86.9
49386,144.9,6.90,26.56,0.1833,5.45,2329.0,86.9
49393,144.9,6.90,26.57,0.1833,5.45,2329.0,86.9
49400,142.9,7.00,26.57,0.1860,5.38,2329.0,86.9
49407,144.9,6.90,26.57,0.1833,5.45,2329.0,86.9
49414,140.8,7.10,26.57,0.1887,5.30,2329.0,86.9
49420,147.1,6.80,26.57,0.1807,5.54,2329.0,86.9
49427,142.9,7.00,26.58,0.1860,5.38,2329.0,86.9
49434,142.9,7.00,26.58,0.1861,5.38,2329.0,86.9
49441,144.9,6.90,26.58,0.1834,5.45,2329.0,86.8
49448,144.9,6.90,26.58,0.1834,5.45,2329.0,86.8
49455,142.9,7.00,26.59,0.1861,5.37,2329.0,86.8
49462,142.9,7.00,26.59,0.1861,5.37,2329.0,86.8
49469,144.9,6.90,26.59,0.1835,5.45,2329.0,86.8
49476,144.9,6.90,26.59,0.1835,5.45,2329.0,86.8
49483,142.9,7.00,26.60,0.1862,5.37,2329.0,86.8
49490,142.9,7.00,26.60,0.1862,5.37,2329.0,86.8
49497,147.1,6.80,26.60,0.1809,5.53,2329.0,86.8
49504,142.9,7.00,26.60,0.1862,5.37,2329.0,86.8
49511,144.9,6.90,26.61,0.1836,5.45,2329.0,86.8
49518,144.9,6.90,26.61,0.1836,5.45,2329.0,86.8
49525,142.9,7.00,26.61,0.1863,5.37,2329.0,86.8
49532,144.9,6.90,26.61,0.1836,5.44,2329.0,86.8
49539,142.9,7.00,26.62,0.1863,5.37,2329.0,86.7
49546,142.9,7.00,26.62,0.1863,5.37,2329.0,86.7
49552,147.1,6.80,26.62,0.1810,5.53,2329.0,86.7
49559,142.9,7.00,26.62,0.1864,5.37,2329.0,86.7
49566,144.9,6.90,26.62,0.1837,5.44,2329.0,86.7
49573,144.9,6.90,26.63,0.1837,5.44,2329.0,86.7
49580,142.9,7.00,26.63,0.1864,5.37,2329.0,86.7
49587,142.9,7.00,26.63,0.1864,5.37,2329.0,86.7
49594,144.9,6.90,26.63,0.1838,5.44,2329.0,86.7
49601,144.9,6.90,26.64,0.1838,5.44,2329.0,86.7
49608,142.9,7.00,26.64,0.1865,5.36,2329.0,86.7
49615,142.9,7.00,26.64,0.1865,5.36,2329.0,86.7
49622,144.9,6.90,26.64,0.1838,5.44,2329.0,86.7
49629,142.9,7.00,26.65,0.1865,5.36,2329.0,86.7
49636,144.9,6.90,26.65,0.1839,5.44,2329.0,86.7
49643,140.8,7.10,26.65,0.1892,5.28,2329.0,86.6
49650,147.1,6.80,26.65,0.1812,5.52,2329.0,86.6
49657,142.9,7.00,26.66,0.1866,5.36,2329.0,86.6
49664,142.9,7.00,26.66,0.1866,5.36,2329.0,86.6
49671,144.9,6.90,26.66,0.1840,5.44,2329.0,86.6
49677,144.9,6.90,26.66,0.1840,5.43,2329.0,86.6
49684,142.9,7.00,26.66,0.1867,5.36,2329.0,86.6
49691,144.9,6.90,26.67,0.1840,5.43,2329.0,86.6
49698,142.9,7.00,26.67,0.1867,5.36,2329.0,86.6
49705,144.9,6.90,26.67,0.1840,5.43,2329.0,86.6
49712,147.1,6.80,26.67,0.1814,5.51,2329.0,86.6
49719,142.9,7.00,26.68,0.1867,5.36,2329.0,86.6
49726,144.9,6.90,26.68,0.1841,5.43,2329.0,86.6
49733,142.9,7.00,26.68,0.1868,5.36,2329.0,86.6
49740,142.9,7.00,26.68,0.1868,5.36,2329.0,86.5
49747,144.9,6.90,26.69,0.1841,5.43,2329.0,86.5
49754,144.9,6.90,26.69,0.1842,5.43,2329.0,86.5
49761,142.9,7.00,26.69,0.1868,5.35,2329.0,86.5
49768,142.9,7.00,26.69,0.1869,5.35,2329.0,86.5
49775,144.9,6.90,26.70,0.1842,5.43,2329.0,86.5
49782,142.9,7.00,26.70,0.1869,5.35,2329.0,86.5
49789,144.9,6.90,26.70,0.1842,5.43,2329.0,86.5
49795,144.9,6.90,26.70,0.1842,5.43,2329.0,86.5
49802,144.9,6.90,26.70,0.1843,5.43,2329.0,86.5
49809,142.9,7.00,26.71,0.1869,5.35,2329.0,86.5
49816,144.9,6.90,26.71,0.1843,5.43,2329.0,86.5
49823,144.9,6.90,26.71,0.1843,5.42,2329.0,86.5
49830,142.9,7.00,26.71,0.1870,5.35,2329.0,86.5
49837,142.9,7.00,26.72,0.1870,5.35,2329.0,86.5
49844,144.9,6.90,26.72,0.1844,5.42,2329.0,86.4
49851,144.9,6.90,26.72,0.1844,5.42,2329.0,86.4
49858,142.9,7.00,26.72,0.1871,5.35,2329.0,86.4
49865,144.9,6.90,26.73,0.1844,5.42,2329.0,86.4
49872,142.9,7.00,26.73,0.1871,5.35,2329.0,86.4
49879,144.9,6.90,26.73,0.1844,5.42,2329.0,86.4
49886,142.9,7.00,26.73,0.1871,5.35,2329.0,86.4
49893,144.9,6.90,26.74,0.1845,5.42,2329.0,86.4
49900,142.9,7.00,26.74,0.1872,5.34,2329.0,86.4
49907,144.9,6.90,26.74,0.1845,5.42,2329.0,86.4
49914,142.9,7.00,26.74,0.1872,5.34,2329.0,86.4
49920,144.9,6.90,26.74,0.1845,5.42,2329.0,86.4
49927,144.9,6.90,26.75,0.1846,5.42,2329.0,86.4
49934,142.9,7.00,26.75,0.1872,5.34,2329.0,86.4
49941,144.9,6.90,26.75,0.1846,5.42,2329.0,86.3
49948,142.9,7.00,26.75,0.1873,5.34,2329.0,86.3
49955,144.9,6.90,26.76,0.1846,5.42,2329.0,86.3
49962,144.9,6.90,26.76,0.1846,5.41,2329.0,86.3
49969,144.9,6.90,26.76,0.1847,5.41,2329.0,86.3
49976,142.9,7.00,26.76,0.1873,5.34,2329.0,86.3
49983,144.9,6.90,26.77,0.1847,5.41,2329.0,86.3
49990,142.9,7.00,26.77,0.1874,5.34,2329.0,86.3
49997,144.9,6.90,26.77,0.1847,5.41,2329.0,86.3
50004,142.9,7.00,26.77,0.1874,5.34,2329.0,86.3
50011,144.9,6.90,26.78,0.1848,5.41,2329.0,86.3
50018,144.9,6.90,26.78,0.1848,5.41,2329.0,86.3
50025,140.8,7.10,26.78,0.1901,5.26,2329.0,86.3
50031,147.1,6.80,26.78,0.1821,5.49,2329.0,86.3
50038,142.9,7.00,26.79,0.1875,5.34,2329.0,86.3
50045,144.9,6.90,26.79,0.1848,5.41,2329.0,86.2
50052,142.9,7.00,26.79,0.1875,5.33,2329.0,86.2
50059,142.9,7.00,26.79,0.1875,5.33,2329.0,86.2
50066,144.9,6.90,26.79,0.1849,5.41,2329.0,86.2
50073,144.9,6.90,26.80,0.1849,5.41,2329.0,86.2
50080,142.9,7.00,26.80,0.1876,5.33,2329.0,86.2
50087,142.9,7.00,26.80,0.1876,5.33,2329.0,86.2
50094,144.9,6.90,26.80,0.1849,5.41,2329.0,86.2
50101,142.9,7.00,26.81,0.1876,5.33,2329.0,86.2
50108,144.9,6.90,26.81,0.1850,5.40,2329.0,86.2
50115,144.9,6.90,26.81,0.1850,5.40,2329.0,86.2
50122,142.9,7.00,26.81,0.1877,5.33,2329.0,86.2
50129,144.9,6.90,26.82,0.1850,5.40,2329.0,86.2
50136,144.9,6.90,26.82,0.1850,5.40,2329.0,86.2
50143,142.9,7.00,26.82,0.1877,5.33,2329.0,86.1
50150,144.9,6.90,26.82,0.1851,5.40,2329.0,86.1
50157,142.9,7.00,26.83,0.1878,5.33,2329.0,86.1
50163,144.9,6.90,26.83,0.1851,5.40,2329.0,86.1
50170,142.9,7.00,26.83,0.1878,5.33,2329.0,86.1
50177,144.9,6.90,26.83,0.1851,5.40,2329.0,86.1
50184,144.9,6.90,26.83,0.1852,5.40,2329.0,86.1
50191,144.9,6.90,26.84,0.1852,5.40,2329.0,86.1
50198,140.8,7.10,26.84,0.1906,5.25,2329.0,86.1
50205,144.9,6.90,26.84,0.1852,5.40,2329.0,86.1
50212,142.9,7.00,26.84,0.1879,5.32,2329.0,86.1
50219,144.9,6.90,26.85,0.1852,5.40,2329.0,86.1
50226,142.9,7.00,26.85,0.1879,5.32,2329.0,86.1
50233,144.9,6.90,26.85,0.1853,5.40,2329.0,86.1
50240,144.9,6.90,26.85,0.1853,5.40,2329.0,86.0
50247,142.9,7.00,26.86,0.1880,5.32,2329.0,86.0
50254,144.9,6.90,26.86,0.1853,5.39,2329.0,86.0
50261,142.9,7.00,26.86,0.1880,5.32,2329.0,86.0
50268,144.9,6.90,26.86,0.1854,5.39,2329.0,86.0
50275,144.9,6.90,26.87,0.1854,5.39,2329.0,86.0
50282,142.9,7.00,26.87,0.1881,5.32,2329.0,86.0
50288,144.9,6.90,26.87,0.1854,5.39,2329.0,86.0
50295,142.9,7.00,26.86,0.1880,5.32,2329.0,86.0
50302,144.9,6.90,26.85,0.1853,5.40,2329.0,86.0
50309,142.9,7.00,26.84,0.1879,5.32,2329.0,86.0
50316,142.9,7.00,26.84,0.1878,5.33,2329.0,86.0
50323,144.9,6.90,26.83,0.1851,5.40,2329.0,86.0
50330,144.9,6.90,26.82,0.1850,5.40,2329.0,86.0
50337,142.9,7.00,26.81,0.1877,5.33,2329.0,86.0
50344,144.9,6.90,26.80,0.1849,5.41,2329.0,86.0
50351,142.9,7.00,26.79,0.1875,5.33,2329.0,86.0
50358,144.9,6.90,26.78,0.1848,5.41,2329.0,86.0
50365,142.9,7.00,26.77,0.1874,5.34,2329.0,86.0
50372,142.9,7.00,26.77,0.1874,5.34,2329.0,86.0
50379,144.9,6.90,26.76,0.1846,5.42,2329.0,86.0
50386,144.9,6.90,26.75,0.1846,5.42,2329.0,86.0
50393,144.9,6.90,26.74,0.1845,5.42,2329.0,86.0
50400,142.9,7.00,26.73,0.1871,5.35,2329.0,86.0
50407,144.9,6.90,26.72,0.1844,5.42,2329.0,86.0
50414,142.9,7.00,26.71,0.1870,5.35,2329.0,86.0
50421,142.9,7.00,26.70,0.1869,5.35,2329.0,86.0
50427,147.1,6.80,26.70,0.1815,5.51,2329.0,86.0
50434,142.9,7.00,26.69,0.1868,5.35,2329.0,86.0
50441,142.9,7.00,26.68,0.1868,5.36,2329.0,86.0
50448,144.9,6.90,26.67,0.1840,5.43,2329.0,86.0
50455,142.9,7.00,26.66,0.1866,5.36,2329.0,86.0
50462,147.1,6.80,26.65,0.1812,5.52,2329.0,86.0
50469,142.9,7.00,26.64,0.1865,5.36,2329.0,86.0
50476,142.9,7.00,26.64,0.1864,5.37,2329.0,86.0
50483,144.9,6.90,26.63,0.1837,5.44,2329.0,86.0
50490,140.8,7.10,26.62,0.1890,5.29,2329.0,86.0
50497,147.1,6.80,26.61,0.1809,5.53,2329.0,86.0
50504,142.9,7.00,26.60,0.1862,5.37,2329.0,86.0
50511,144.9,6.90,26.59,0.1835,5.45,2329.0,86.0
50518,144.9,6.90,26.58,0.1834,5.45,2329.0,86.0
50525,142.9,7.00,26.57,0.1860,5.38,2329.0,86.0
50532,144.9,6.90,26.57,0.1833,5.45,2329.0,86.0
50539,142.9,7.00,26.56,0.1859,5.38,2329.0,86.0
50545,144.9,6.90,26.55,0.1832,5.46,2329.0,86.0
50552,142.9,7.00,26.54,0.1858,5.38,2329.0,86.0
50559,142.9,7.00,26.53,0.1857,5.39,2329.0,86.0
50566,144.9,6.90,26.52,0.1830,5.46,2329.0,86.0
50573,147.1,6.80,26.51,0.1803,5.55,2329.0,86.0
50580,142.9,7.00,26.51,0.1855,5.39,2329.0,86.0
50587,144.9,6.90,26.50,0.1828,5.47,2329.0,86.0
50594,142.9,7.00,26.49,0.1854,5.39,2329.0,86.0
50601,144.9,6.90,26.48,0.1827,5.47,2329.0,86.0
50608,142.9,7.00,26.47,0.1853,5.40,2329.0,86.0
50615,144.9,6.90,26.46,0.1826,5.48,2329.0,86.0
50622,142.9,7.00,26.45,0.1852,5.40,2329.0,86.0
50629,142.9,7.00,26.44,0.1851,5.40,2329.0,86.0
50636,142.9,7.00,26.44,0.1850,5.41,2329.0,86.0
50643,142.9,7.00,26.43,0.1850,5.41,2329.0,86.0
50650,147.1,6.80,26.42,0.1796,5.57,2329.0,86.0
50657,144.9,6.90,26.41,0.1822,5.49,2329.0,86.0
50664,142.9,7.00,26.40,0.1848,5.41,2329.0,86.0
50671,142.9,7.00,26.39,0.1847,5.41,2329.0,86.0
50677,144.9,6.90,26.38,0.1820,5.49,2329.0,86.0
50684,142.9,7.00,26.38,0.1846,5.42,2329.0,86.0
50691,144.9,6.90,26.37,0.1819,5.50,2329.0,86.0
50698,144.9,6.90,26.36,0.1819,5.50,2329.0,86.0
50705,144.9,6.90,26.35,0.1818,5.50,2329.0,86.0
50712,144.9,6.90,26.34,0.1817,5.50,2329.0,86.0
50719,142.9,7.00,26.33,0.1843,5.43,2329.0,86.0
50726,144.9,6.90,26.32,0.1816,5.50,2329.0,86.0
50733,142.9,7.00,26.31,0.1842,5.43,2329.0,86.0
50740,144.9,6.90,26.31,0.1815,5.51,2329.0,86.0
50747,142.9,7.00,26.30,0.1841,5.43,2329.0,86.0
50754,142.9,7.00,26.29,0.1840,5.44,2329.0,86.0
50761,144.9,6.90,26.28,0.1813,5.51,2329.0,86.0
50768,142.9,7.00,26.27,0.1839,5.44,2329.0,86.0
50775,147.1,6.80,26.26,0.1786,5.60,2329.0,86.0
50782,142.9,7.00,26.25,0.1838,5.44,2329.0,86.0
50788,144.9,6.90,26.25,0.1811,5.52,2329.0,86.0
50795,144.9,6.90,26.24,0.1810,5.52,2329.0,86.0
50802,142.9,7.00,26.23,0.1836,5.45,2329.0,86.0
50809,144.9,6.90,26.22,0.1809,5.53,2329.0,86.0
50816,142.9,7.00,26.21,0.1835,5.45,2329.0,86.0
50823,144.9,6.90,26.20,0.1808,5.53,2329.0,86.0
50830,142.9,7.00,26.19,0.1833,5.46,2329.0,86.0
50837,144.9,6.90,26.18,0.1807,5.53,2329.0,86.0
50844,144.9,6.90,26.18,0.1806,5.54,2329.0,86.0
50851,142.9,7.00,26.17,0.1832,5.46,2329.0,86.0
50858,144.9,6.90,26.16,0.1805,5.54,2329.0,86.0
50865,142.9,7.00,26.15,0.1830,5.46,2329.0,86.0
50872,142.9,7.00,26.14,0.1830,5.47,2329.0,86.0
50879,144.9,6.90,26.13,0.1803,5.55,2329.0,86.0
50886,142.9,7.00,26.12,0.1829,5.47,2329.0,86.0
50893,142.9,7.00,26.11,0.1828,5.47,2329.0,86.0
50900,147.1,6.80,26.11,0.1775,5.63,2329.0,86.0
50907,142.9,7.00,26.10,0.1827,5.48,2329.0,86.0
50914,142.9,7.00,26.09,0.1826,5.48,2329.0,86.0
50920,144.9,6.90,26.08,0.1800,5.56,2329.0,86.0
50927,142.9,7.00,26.07,0.1825,5.48,2329.0,86.0
50934,144.9,6.90,26.06,0.1798,5.56,2329.0,86.0
50941,142.9,7.00,26.05,0.1824,5.48,2329.0,86.0
50948,144.9,6.90,26.05,0.1797,5.56,2329.0,86.0
50955,142.9,7.00,26.04,0.1823,5.49,2329.0,86.0
50962,144.9,6.90,26.03,0.1796,5.57,2329.0,86.0
50969,144.9,6.90,26.02,0.1795,5.57,2329.0,86.0
50976,140.8,7.10,26.01,0.1847,5.41,2329.0,86.0
50983,144.9,6.90,26.00,0.1794,5.57,2329.0,86.0
50990,144.9,6.90,25.99,0.1793,5.57,2329.0,86.0
50997,144.9,6.90,25.98,0.1793,5.58,2329.0,86.0
51004,144.9,6.90,25.98,0.1792,5.58,2329.0,86.0
51011,142.9,7.00,25.97,0.1818,5.50,2329.0,86.0
51018,144.9,6.90,25.96,0.1791,5.58,2329.0,86.0
51025,142.9,7.00,25.95,0.1816,5.51,2329.0,86.0
51032,142.9,7.00,25.94,0.1816,5.51,2329.0,86.0
51038,147.1,6.80,25.93,0.1763,5.67,2329.0,86.0
51045,142.9,7.00,25.92,0.1815,5.51,2329.0,86.0
51052,144.9,6.90,25.92,0.1788,5.59,2329.0,86.0
51059,142.9,7.00,25.91,0.1813,5.52,2329.0,86.0
51066,142.9,7.00,25.90,0.1813,5.52,2329.0,86.0
51073,144.9,6.90,25.89,0.1786,5.60,2329.0,86.0
51080,144.9,6.90,25.88,0.1786,5.60,2329.0,86.0
51087,144.9,6.90,25.87,0.1785,5.60,2329.0,86.0
51094,142.9,7.00,25.86,0.1810,5.53,2329.0,86.0
51101,142.9,7.00,25.85,0.1810,5.53,2329.0,86.0
51108,144.9,6.90,25.85,0.1783,5.61,2329.0,86.0
51115,142.9,7.00,25.84,0.1809,5.53,2329.0,86.0
51122,147.1,6.80,25.83,0.1756,5.70,2329.0,86.0
51129,140.8,7.10,25.82,0.1833,5.45,2329.0,86.0
51136,147.1,6.80,25.81,0.1755,5.70,2329.0,86.0
51143,142.9,7.00,25.80,0.1806,5.54,2329.0,86.0
51150,144.9,6.90,25.79,0.1780,5.62,2329.0,86.0
51157,142.9,7.00,25.78,0.1805,5.54,2329.0,86.0
51164,142.9,7.00,25.78,0.1804,5.54,2329.0,86.0
51170,147.1,6.80,25.77,0.1752,5.71,2329.0,86.0
51177,142.9,7.00,25.76,0.1803,5.55,2329.0,86.0
51184,142.9,7.00,25.75,0.1803,5.55,2329.0,86.0
51191,147.1,6.80,25.74,0.1750,5.71,2329.0,86.0
51198,140.8,7.10,25.73,0.1827,5.47,2329.0,86.0
51205,144.9,6.90,25.72,0.1775,5.63,2329.0,86.0
51212,144.9,6.90,25.72,0.1774,5.63,2329.0,86.0
51219,142.9,7.00,25.71,0.1799,5.56,2329.0,86.0
51226,144.9,6.90,25.70,0.1773,5.64,2329.0,86.0
51233,144.9,6.90,25.69,0.1773,5.64,2329.0,86.0
51240,142.9,7.00,25.68,0.1798,5.56,2329.0,86.0
51247,144.9,6.90,25.67,0.1771,5.64,2329.0,86.0
51254,142.9,7.00,25.66,0.1796,5.57,2329.0,86.0
51261,142.9,7.00,25.65,0.1796,5.57,2329.0,86.0
51268,144.9,6.90,25.65,0.1770,5.65,2329.0,86.0
51275,142.9,7.00,25.64,0.1795,5.57,2329.0,86.0
51282,144.9,6.90,25.63,0.1768,5.65,2329.0,86.0
51288,144.9,6.90,25.62,0.1768,5.66,2329.0,86.0
51295,142.9,7.00,25.61,0.1793,5.58,2329.0,86.0
51302,144.9,6.90,25.61,0.1767,5.66,2329.0,86.0
51309,142.9,7.00,25.60,0.1792,5.58,2329.0,86.0
51316,144.9,6.90,25.60,0.1766,5.66,2329.0,86.0
51323,144.9,6.90,25.59,0.1766,5.66,2329.0,86.0
51330,142.9,7.00,25.59,0.1791,5.58,2329.0,86.0
51337,144.9,6.90,25.58,0.1765,5.66,2329.0,86.0
51344,142.9,7.00,25.58,0.1790,5.59,2329.0,86.0
51351,144.9,6.90,25.57,0.1764,5.67,2329.0,86.0
51358,144.9,6.90,25.57,0.1764,5.67,2329.0,86.0
51365,144.9,6.90,25.56,0.1764,5.67,2329.0,86.0
51372,142.9,7.00,25.56,0.1789,5.59,2329.0,86.0
51379,142.9,7.00,25.55,0.1788,5.59,2329.0,86.0
51386,144.9,6.90,25.54,0.1763,5.67,2329.0,86.0
51393,144.9,6.90,25.54,0.1762,5.67,2329.0,86.0
51400,142.9,7.00,25.53,0.1787,5.60,2329.0,86.0
51407,142.9,7.00,25.53,0.1787,5.60,2329.0,86.0
51413,144.9,6.90,25.52,0.1761,5.68,2329.0,86.0
51420,144.9,6.90,25.52,0.1761,5.68,2329.0,86.0
51427,142.9,7.00,25.51,0.1786,5.60,2329.0,86.0
51434,142.9,7.00,25.51,0.1786,5.60,2329.0,86.0
51441,144.9,6.90,25.50,0.1760,5.68,2329.0,86.0
51448,142.9,7.00,25.50,0.1785,5.60,2329.0,86.0
51455,144.9,6.90,25.49,0.1759,5.68,2329.0,86.0
51462,144.9,6.90,25.49,0.1759,5.69,2329.0,86.0
51469,142.9,7.00,25.48,0.1784,5.61,2329.0,86.0
51476,142.9,7.00,25.48,0.1783,5.61,2329.0,86.0
51483,144.9,6.90,25.47,0.1757,5.69,2329.0,86.0
51490,142.9,7.00,25.46,0.1783,5.61,2329.0,86.0
51497,144.9,6.90,25.46,0.1757,5.69,2329.0,86.0
51504,142.9,7.00,25.45,0.1782,5.61,2329.0,86.0
51511,142.9,7.00,25.45,0.1781,5.62,2329.0,86.0
51518,144.9,6.90,25.44,0.1756,5.70,2329.0,86.0
51525,144.9,6.90,25.44,0.1755,5.70,2329.0,86.0
51532,142.9,7.00,25.43,0.1780,5.62,2329.0,86.0
51539,144.9,6.90,25.43,0.1754,5.70,2329.0,86.0
51545,147.1,6.80,25.42,0.1729,5.79,2329.0,86.0
51552,140.8,7.10,25.42,0.1805,5.54,2329.0,86.0
51559,147.1,6.80,25.41,0.1728,5.79,2329.0,86.0
51566,142.9,7.00,25.41,0.1778,5.62,2329.0,86.0
51573,142.9,7.00,25.40,0.1778,5.63,2329.0,86.0
51580,144.9,6.90,25.40,0.1752,5.71,2329.0,86.0
51587,144.9,6.90,25.39,0.1752,5.71,2329.0,86.0
51594,144.9,6.90,25.38,0.1752,5.71,2329.0,86.0
51601,142.9,7.00,25.38,0.1777,5.63,2329.0,86.0
51608,140.8,7.10,25.37,0.1802,5.55,2329.0,86.0
51615,149.3,6.70,25.37,0.1700,5.89,2329.0,86.0
51622,142.9,7.00,25.36,0.1775,5.63,2329.0,86.0
51629,144.9,6.90,25.36,0.1750,5.71,2329.0,86.0
51636,140.8,7.10,25.35,0.1800,5.55,2329.0,86.0
51643,144.9,6.90,25.35,0.1749,5.72,2329.0,86.0
51650,144.9,6.90,25.34,0.1749,5.72,2329.0,86.0
51657,142.9,7.00,25.34,0.1774,5.64,2329.0,86.0
51663,147.1,6.80,25.33,0.1723,5.81,2329.0,86.0
51670,140.8,7.10,25.33,0.1798,5.56,2329.0,86.0
51677,142.9,7.00,25.32,0.1772,5.64,2329.0,86.0
51684,147.1,6.80,25.32,0.1721,5.81,2329.0,86.0
51691,142.9,7.00,25.31,0.1772,5.65,2329.0,86.0
51698,144.9,6.90,25.30,0.1746,5.73,2329.0,86.0
51705,142.9,7.00,25.30,0.1771,5.65,2329.0,86.0
51712,144.9,6.90,25.29,0.1745,5.73,2329.0,86.0
51719,142.9,7.00,25.29,0.1770,5.65,2329.0,86.0
51726,142.9,7.00,25.28,0.1770,5.65,2329.0,86.0
51733,144.9,6.90,25.28,0.1744,5.73,2329.0,86.0
51740,144.9,6.90,25.27,0.1744,5.73,2329.0,86.0
51747,142.9,7.00,25.27,0.1769,5.66,2329.0,86.0
51754,147.1,6.80,25.26,0.1718,5.82,2329.0,86.0
51761,142.9,7.00,25.26,0.1768,5.66,2329.0,86.0
51768,144.9,6.90,25.25,0.1742,5.74,2329.0,86.0
51775,140.8,7.10,25.25,0.1792,5.58,2329.0,86.0
51781,147.1,6.80,25.24,0.1716,5.83,2329.0,86.0
51788,142.9,7.00,25.23,0.1766,5.66,2329.0,86.0
51795,142.9,7.00,25.23,0.1766,5.66,2329.0,86.0
51802,147.1,6.80,25.22,0.1715,5.83,2329.0,86.0
51809,142.9,7.00,25.22,0.1765,5.67,2329.0,86.0
51816,142.9,7.00,25.21,0.1765,5.67,2329.0,86.0
51823,144.9,6.90,25.21,0.1739,5.75,2329.0,86.0
51830,142.9,7.00,25.20,0.1764,5.67,2329.0,86.0
51837,142.9,7.00,25.20,0.1764,5.67,2329.0,86.0
51844,142.9,7.00,25.19,0.1763,5.67,2329.0,86.0
51851,144.9,6.90,25.19,0.1738,5.75,2329.0,86.0
51858,144.9,6.90,25.18,0.1737,5.75,2329.0,86.0
51865,142.9,7.00,25.18,0.1762,5.68,2329.0,86.0
51872,142.9,7.00,25.17,0.1762,5.68,2329.0,86.0
51879,144.9,6.90,25.16,0.1736,5.76,2329.0,86.0
51886,144.9,6.90,25.16,0.1736,5.76,2329.0,86.0
51893,144.9,6.90,25.15,0.1736,5.76,2329.0,86.0
51900,144.9,6.90,25.15,0.1735,5.76,2329.0,86.0
51906,144.9,6.90,25.14,0.1735,5.76,2329.0,86.0
51914,140.8,7.10,25.14,0.1785,5.60,2329.0,86.0
51920,144.9,6.90,25.13,0.1734,5.77,2329.0,86.0
51927,142.9,7.00,25.13,0.1759,5.69,2329.0,86.0
51934,147.1,6.80,25.12,0.1708,5.86,2329.0,86.0
51941,140.8,7.10,25.12,0.1783,5.61,2329.0,86.0
51948,144.9,6.90,25.11,0.1733,5.77,2329.0,86.0
51955,144.9,6.90,25.11,0.1732,5.77,2329.0,86.0
51962,144.9,6.90,25.10,0.1732,5.77,2329.0,86.0
51969,142.9,7.00,25.10,0.1757,5.69,2329.0,86.0
51976,144.9,6.90,25.09,0.1731,5.78,2329.0,86.0
51983,142.9,7.00,25.08,0.1756,5.70,2329.0,86.0
51990,142.9,7.00,25.08,0.1756,5.70,2329.0,86.0
51997,144.9,6.90,25.07,0.1730,5.78,2329.0,86.0
52004,144.9,6.90,25.07,0.1730,5.78,2329.0,86.0
52011,142.9,7.00,25.06,0.1754,5.70,2329.0,86.0
52018,142.9,7.00,25.06,0.1754,5.70,2329.0,86.0
52025,147.1,6.80,25.05,0.1704,5.87,2329.0,86.0
52032,142.9,7.00,25.05,0.1753,5.71,2329.0,86.0
52039,142.9,7.00,25.04,0.1753,5.71,2329.0,86.0
52045,144.9,6.90,25.04,0.1728,5.79,2329.0,86.0
52052,144.9,6.90,25.03,0.1727,5.79,2329.0,86.0
52059,142.9,7.00,25.03,0.1752,5.71,2329.0,86.0
52066,144.9,6.90,25.02,0.1726,5.79,2329.0,86.0
52073,144.9,6.90,25.02,0.1726,5.79,2329.0,86.0
52080,142.9,7.00,25.01,0.1751,5.71,2329.0,86.0
52087,144.9,6.90,25.00,0.1725,5.79,2329.0,86.0
52094,144.9,6.90,25.00,0.1725,5.80,2329.0,86.0
52101,142.9,7.00,24.99,0.1750,5.72,2329.0,86.0
52108,142.9,7.00,24.99,0.1749,5.72,2329.0,86.0
52115,144.9,6.90,24.98,0.1724,5.80,2329.0,86.0
52122,144.9,6.90,24.98,0.1723,5.80,2329.0,86.0
52129,142.9,7.00,24.97,0.1748,5.72,2329.0,86.0
52136,144.9,6.90,24.97,0.1723,5.80,2329.0,86.0
52143,142.9,7.00,24.96,0.1747,5.72,2329.0,86.0
52150,144.9,6.90,24.96,0.1722,5.81,2329.0,86.0
52157,142.9,7.00,24.95,0.1747,5.73,2329.0,86.0
52163,144.9,6.90,24.95,0.1721,5.81,2329.0,86.0
52170,144.9,6.90,24.94,0.1721,5.81,2329.0,86.0
52177,142.9,7.00,24.94,0.1745,5.73,2329.0,86.0
52184,142.9,7.00,24.93,0.1745,5.73,2329.0,86.0
52191,144.9,6.90,24.92,0.1720,5.81,2329.0,86.0
52198,144.9,6.90,24.92,0.1719,5.81,2329.0,86.0
52205,142.9,7.00,24.91,0.1744,5.74,2329.0,86.0
52212,144.9,6.90,24.91,0.1719,5.82,2329.0,86.0
52219,144.9,6.90,24.90,0.1718,5.82,2329.0,86.0
52226,142.9,7.00,24.90,0.1743,5.74,2329.0,86.0
52233,144.9,6.90,24.89,0.1718,5.82,2329.0,86.0
52240,144.9,6.90,24.89,0.1717,5.82,2329.0,86.0
52247,142.9,7.00,24.88,0.1742,5.74,2329.0,86.0
52254,142.9,7.00,24.88,0.1741,5.74,2329.0,86.0
52261,142.9,7.00,24.87,0.1741,5.75,2329.0,86.0
52268,144.9,6.90,24.87,0.1716,5.83,2329.0,86.0
52275,142.9,7.00,24.86,0.1740,5.75,2329.0,86.0
52281,147.1,6.80,24.86,0.1690,5.92,2329.0,86.0
52288,142.9,7.00,24.85,0.1740,5.75,2329.0,86.0
52295,142.9,7.00,24.85,0.1739,5.75,2329.0,86.0
52302,144.9,6.90,24.85,0.1714,5.83,2329.0,86.0
52309,142.9,7.00,24.84,0.1739,5.75,2329.0,86.0
52316,147.1,6.80,24.84,0.1689,5.92,2329.0,86.0
52323,142.9,7.00,24.84,0.1739,5.75,2329.0,86.0
52330,144.9,6.90,24.84,0.1714,5.83,2329.0,86.0
52337,142.9,7.00,24.83,0.1738,5.75,2329.0,86.0
52344,142.9,7.00,24.83,0.1738,5.75,2329.0,86.0
52351,144.9,6.90,24.83,0.1713,5.84,2329.0,86.0
52358,142.9,7.00,24.83,0.1738,5.76,2329.0,86.0
52365,144.9,6.90,24.82,0.1713,5.84,2329.0,86.0
52372,142.9,7.00,24.82,0.1738,5.76,2329.0,86.0
52379,142.9,7.00,24.82,0.1737,5.76,2329.0,86.0
52386,144.9,6.90,24.82,0.1712,5.84,2329.0,86.0
52393,144.9,6.90,24.81,0.1712,5.84,2329.0,86.0
52400,144.9,6.90,24.81,0.1712,5.84,2329.0,86.0
52407,142.9,7.00,24.81,0.1737,5.76,2329.0,86.0
52413,144.9,6.90,24.81,0.1712,5.84,2329.0,86.0
52420,144.9,6.90,24.81,0.1712,5.84,2329.0,86.0
52427,142.9,7.00,24.80,0.1736,5.76,2329.0,86.0
52434,144.9,6.90,24.80,0.1711,5.84,2329.0,86.0
52441,142.9,7.00,24.80,0.1736,5.76,2329.0,86.0
52448,144.9,6.90,24.80,0.1711,5.84,2329.0,86.0
52455,142.9,7.00,24.79,0.1736,5.76,2329.0,86.0
52462,144.9,6.90,24.79,0.1711,5.84,2329.0,86.0
52469,144.9,6.90,24.79,0.1710,5.85,2329.0,86.0
52476,142.9,7.00,24.79,0.1735,5.77,2329.0,86.0
52483,142.9,7.00,24.78,0.1735,5.77,2329.0,86.0
52490,147.1,6.80,24.78,0.1685,5.94,2329.0,86.0
52497,142.9,7.00,24.78,0.1735,5.77,2329.0,86.0
52504,144.9,6.90,24.78,0.1710,5.85,2329.0,86.0
52511,142.9,7.00,24.77,0.1734,5.77,2329.0,86.0
52518,142.9,7.00,24.77,0.1734,5.77,2329.0,86.0
52525,144.9,6.90,24.77,0.1709,5.85,2329.0,86.0
52531,144.9,6.90,24.77,0.1709,5.85,2329.0,86.0
52538,142.9,7.00,24.77,0.1734,5.77,2329.0,86.0
52545,144.9,6.90,24.76,0.1709,5.85,2329.0,86.0
52552,142.9,7.00,24.76,0.1733,5.77,2329.0,86.0
52559,144.9,6.90,24.76,0.1708,5.85,2329.0,86.0
52566,142.9,7.00,24.76,0.1733,5.77,2329.0,86.0
52573,144.9,6.90,24.75,0.1708,5.85,2329.0,86.0
52580,142.9,7.00,24.75,0.1733,5.77,2329.0,86.0
52587,144.9,6.90,24.75,0.1708,5.85,2329.0,86.0
52594,142.9,7.00,24.75,0.1732,5.77,2329.0,86.0
52601,144.9,6.90,24.74,0.1707,5.86,2329.0,86.0
52608,144.9,6.90,24.74,0.1707,5.86,2329.0,86.0
52615,142.9,7.00,24.74,0.1732,5.78,2329.0,86.0
52622,144.9,6.90,24.74,0.1707,5.86,2329.0,86.0
52629,142.9,7.00,24.73,0.1731,5.78,2329.0,86.0
52636,144.9,6.90,24.73,0.1706,5.86,2329.0,86.0
52643,144.9,6.90,24.73,0.1706,5.86,2329.0,86.0
52650,142.9,7.00,24.73,0.1731,5.78,2329.0,86.0
52656,144.9,6.90,24.72,0.1706,5.86,2329.0,86.0
52663,144.9,6.90,24.72,0.1706,5.86,2329.0,86.0
52670,142.9,7.00,24.72,0.1730,5.78,2329.0,86.0
52677,144.9,6.90,24.72,0.1706,5.86,2329.0,86.0
52684,142.9,7.00,24.72,0.1730,5.78,2329.0,86.0
52691,140.8,7.10,24.71,0.1755,5.70,2329.0,86.0
52698,144.9,6.90,24.71,0.1705,5.86,2329.0,86.0
52705,144.9,6.90,24.71,0.1705,5.86,2329.0,86.0
52712,142.9,7.00,24.71,0.1729,5.78,2329.0,86.0
52719,147.1,6.80,24.70,0.1680,5.95,2329.0,86.0
52726,142.9,7.00,24.70,0.1729,5.79,2329.0,86.0
52733,144.9,6.90,24.70,0.1704,5.87,2329.0,86.0
52740,142.9,7.00,24.70,0.1729,5.79,2329.0,86.0
52747,144.9,6.90,24.69,0.1704,5.87,2329.0,86.0
52754,142.9,7.00,24.69,0.1728,5.79,2329.0,86.0
52761,142.9,7.00,24.69,0.1728,5.79,2329.0,86.0
52768,147.1,6.80,24.69,0.1679,5.96,2329.0,86.0
52775,142.9,7.00,24.68,0.1728,5.79,2329.0,86.0
52781,144.9,6.90,24.68,0.1703,5.87,2329.0,86.0
52788,142.9,7.00,24.68,0.1728,5.79,2329.0,86.0
52795,144.9,6.90,24.68,0.1703,5.87,2329.0,86.0
52802,142.9,7.00,24.68,0.1727,5.79,2329.0,86.0
52809,144.9,6.90,24.67,0.1702,5.87,2329.0,86.0
52816,142.9,7.00,24.67,0.1727,5.79,2329.0,86.0
52823,144.9,6.90,24.67,0.1702,5.87,2329.0,86.0
52830,144.9,6.90,24.67,0.1702,5.87,2329.0,86.0
52837,142.9,7.00,24.66,0.1726,5.79,2329.0,86.0
52844,144.9,6.90,24.66,0.1702,5.88,2329.0,86.0
52851,140.8,7.10,24.66,0.1751,5.71,2329.0,86.0
52858,144.9,6.90,24.66,0.1701,5.88,2329.0,86.0
52865,142.9,7.00,24.65,0.1726,5.80,2329.0,86.0
52872,144.9,6.90,24.65,0.1701,5.88,2329.0,86.0
52879,147.1,6.80,24.65,0.1676,5.97,2329.0,86.0
52886,142.9,7.00,24.65,0.1725,5.80,2329.0,86.0
52893,142.9,7.00,24.64,0.1725,5.80,2329.0,86.0
52900,144.9,6.90,24.64,0.1700,5.88,2329.0,86.0
52906,144.9,6.90,24.64,0.1700,5.88,2329.0,86.0
52913,142.9,7.00,24.64,0.1725,5.80,2329.0,86.0
52920,144.9,6.90,24.64,0.1700,5.88,2329.0,86.0
52927,144.9,6.90,24.63,0.1700,5.88,2329.0,86.0
52934,142.9,7.00,24.63,0.1724,5.80,2329.0,86.0
52941,142.9,7.00,24.63,0.1724,5.80,2329.0,86.0
52948,144.9,6.90,24.63,0.1699,5.88,2329.0,86.0
52955,144.9,6.90,24.62,0.1699,5.88,2329.0,86.0
52962,142.9,7.00,24.62,0.1723,5.80,2329.0,86.0
52969,142.9,7.00,24.62,0.1723,5.80,2329.0,86.0
52976,144.9,6.90,24.62,0.1699,5.89,2329.0,86.0
52983,144.9,6.90,24.61,0.1698,5.89,2329.0,86.0
52990,144.9,6.90,24.61,0.1698,5.89,2329.0,86.0
52997,142.9,7.00,24.61,0.1723,5.81,2329.0,86.0
53004,144.9,6.90,24.61,0.1698,5.89,2329.0,86.0
53011,142.9,7.00,24.60,0.1722,5.81,2329.0,86.0
53018,144.9,6.90,24.60,0.1698,5.89,2329.0,86.0
53025,142.9,7.00,24.60,0.1722,5.81,2329.0,86.0
53031,144.9,6.90,24.60,0.1697,5.89,2329.0,86.0
53038,144.9,6.90,24.60,0.1697,5.89,2329.0,86.0
53045,142.9,7.00,24.59,0.1721,5.81,2329.0,86.0
53052,142.9,7.00,24.59,0.1721,5.81,2329.0,86.0
53059,144.9,6.90,24.59,0.1697,5.89,2329.0,86.0
53066,142.9,7.00,24.59,0.1721,5.81,2329.0,86.0
53073,144.9,6.90,24.58,0.1696,5.89,2329.0,86.0
53080,144.9,6.90,24.58,0.1696,5.89,2329.0,86.0
53087,144.9,6.90,24.58,0.1696,5.90,2329.0,86.0
53094,140.8,7.10,24.58,0.1745,5.73,2329.0,86.0
53101,144.9,6.90,24.57,0.1696,5.90,2329.0,86.0
53108,144.9,6.90,24.57,0.1695,5.90,2329.0,86.0
53115,142.9,7.00,24.57,0.1720,5.82,2329.0,86.0
53122,144.9,6.90,24.57,0.1695,5.90,2329.0,86.0
53129,142.9,7.00,24.56,0.1719,5.82,2329.0,86.0
53136,144.9,6.90,24.56,0.1695,5.90,2329.0,86.0
53143,144.9,6.90,24.56,0.1695,5.90,2329.0,86.0
53150,142.9,7.00,24.56,0.1719,5.82,2329.0,86.0
53156,144.9,6.90,24.55,0.1694,5.90,2329.0,86.0
53163,142.9,7.00,24.55,0.1719,5.82,2329.0,86.0
53170,144.9,6.90,24.55,0.1694,5.90,2329.0,86.0
53177,144.9,6.90,24.55,0.1694,5.90,2329.0,86.0
53184,142.9,7.00,24.55,0.1718,5.82,2329.0,86.0
53191,142.9,7.00,24.54,0.1718,5.82,2329.0,86.0
53198,144.9,6.90,24.54,0.1693,5.90,2329.0,86.0
53205,144.9,6.90,24.54,0.1693,5.91,2329.0,86.0
53212,142.9,7.00,24.54,0.1718,5.82,2329.0,86.0
53219,142.9,7.00,24.53,0.1717,5.82,2329.0,86.0
53226,144.9,6.90,24.53,0.1693,5.91,2329.0,86.0
53233,144.9,6.90,24.53,0.1692,5.91,2329.0,86.0
53240,142.9,7.00,24.53,0.1717,5.83,2329.0,86.0
53247,144.9,6.90,24.52,0.1692,5.91,2329.0,86.0
53254,142.9,7.00,24.52,0.1717,5.83,2329.0,86.0
53261,144.9,6.90,24.52,0.1692,5.91,2329.0,86.0
53268,144.9,6.90,24.52,0.1692,5.91,2329.0,86.0
53275,142.9,7.00,24.51,0.1716,5.83,2329.0,86.0
53281,144.9,6.90,24.51,0.1691,5.91,2329.0,86.0
53288,142.9,7.00,24.51,0.1716,5.83,2329.0,86.0
53295,144.9,6.90,24.51,0.1691,5.91,2329.0,86.0
53302,142.9,7.00,24.51,0.1716,5.83,2329.0,86.0
53309,144.9,6.90,24.51,0.1691,5.91,2329.0,86.0
53316,144.9,6.90,24.51,0.1691,5.91,2329.0,86.0
53323,142.9,7.00,24.51,0.1716,5.83,2329.0,86.0
53330,142.9,7.00,24.51,0.1716,5.83,2329.0,86.0
53337,144.9,6.90,24.51,0.1691,5.91,2329.0,86.0
53344,142.9,7.00,24.51,0.1715,5.83,2329.0,86.0
53351,144.9,6.90,24.51,0.1691,5.91,2329.0,86.0
53358,142.9,7.00,24.51,0.1715,5.83,2329.0,86.0
53365,147.1,6.80,24.51,0.1666,6.00,2329.0,86.0
53372,142.9,7.00,24.50,0.1715,5.83,2329.0,86.0
53379,144.9,6.90,24.50,0.1691,5.91,2329.0,86.0
53386,142.9,7.00,24.50,0.1715,5.83,2329.0,86.0
53393,142.9,7.00,24.50,0.1715,5.83,2329.0,86.0
53400,144.9,6.90,24.50,0.1691,5.91,2329.0,86.0
53406,144.9,6.90,24.50,0.1691,5.91,2329.0,86.0
53413,144.9,6.90,24.50,0.1691,5.91,2329.0,86.0
53420,142.9,7.00,24.50,0.1715,5.83,2329.0,86.0
53427,144.9,6.90,24.50,0.1691,5.91,2329.0,86.0
53434,144.9,6.90,24.50,0.1691,5.91,2329.0,86.0
53441,142.9,7.00,24.50,0.1715,5.83,2329.0,86.0
53448,144.9,6.90,24.50,0.1691,5.91,2329.0,86.0
53455,140.8,7.10,24.50,0.1739,5.75,2329.0,86.0
53462,144.9,6.90,24.50,0.1690,5.91,2329.0,86.0
53469,144.9,6.90,24.50,0.1690,5.91,2329.0,86.0
53476,144.9,6.90,24.50,0.1690,5.91,2329.0,86.0
53483,142.9,7.00,24.50,0.1715,5.83,2329.0,86.0
53490,144.9,6.90,24.50,0.1690,5.91,2329.0,86.0
53497,142.9,7.00,24.50,0.1715,5.83,2329.0,86.0
53504,144.9,6.90,24.50,0.1690,5.92,2329.0,86.0
53511,142.9,7.00,24.50,0.1715,5.83,2329.0,86.0
53518,144.9,6.90,24.50,0.1690,5.92,2329.0,86.0
53525,142.9,7.00,24.50,0.1715,5.83,2329.0,86.0
53532,142.9,7.00,24.50,0.1715,5.83,2329.0,86.0
53539,142.9,7.00,24.49,0.1715,5.83,2329.0,86.0
53545,144.9,6.90,24.49,0.1690,5.92,2329.0,86.0
53552,144.9,6.90,24.49,0.1690,5.92,2329.0,86.0
53559,144.9,6.90,24.49,0.1690,5.92,2329.0,86.0
53566,142.9,7.00,24.49,0.1715,5.83,2329.0,86.0
53573,142.9,7.00,24.49,0.1715,5.83,2329.0,86.0
53580,144.9,6.90,24.49,0.1690,5.92,2329.0,86.0
53587,144.9,6.90,24.49,0.1690,5.92,2329.0,86.0
53594,142.9,7.00,24.49,0.1714,5.83,2329.0,86.0
53601,142.9,7.00,24.49,0.1714,5.83,2329.0,86.0
53608,144.9,6.90,24.49,0.1690,5.92,2329.0,86.0
53615,144.9,6.90,24.49,0.1690,5.92,2329.0,86.0
53622,144.9,6.90,24.49,0.1690,5.92,2329.0,86.0
53629,142.9,7.00,24.49,0.1714,5.84,2329.0,86.0
53636,144.9,6.90,24.49,0.1690,5.92,2329.0,86.0
53643,144.9,6.90,24.49,0.1690,5.92,2329.0,86.0
53649,144.9,6.90,24.49,0.1690,5.92,2329.0,86.0
53656,144.9,6.90,24.49,0.1690,5.92,2329.0,86.0
53663,140.8,7.10,24.49,0.1739,5.75,2329.0,86.0
53670,147.1,6.80,24.49,0.1665,6.01,2329.0,86.0
53677,142.9,7.00,24.49,0.1714,5.84,2329.0,86.0
53684,142.9,7.00,24.49,0.1714,5.84,2329.0,86.0
53691,144.9,6.90,24.49,0.1690,5.92,2329.0,86.0
53698,144.9,6.90,24.49,0.1689,5.92,2329.0,86.0
53705,142.9,7.00,24.48,0.1714,5.84,2329.0,86.0
53712,144.9,6.90,24.48,0.1689,5.92,2329.0,86.0
53719,142.9,7.00,24.48,0.1714,5.84,2329.0,86.0
53726,142.9,7.00,24.48,0.1714,5.84,2329.0,86.0
53733,144.9,6.90,24.48,0.1689,5.92,2329.0,86.0
53740,144.9,6.90,24.48,0.1689,5.92,2329.0,86.0
53747,144.9,6.90,24.48,0.1689,5.92,2329.0,86.0
53754,142.9,7.00,24.48,0.1714,5.84,2329.0,86.0
53761,142.9,7.00,24.48,0.1714,5.84,2329.0,86.0
53768,144.9,6.90,24.48,0.1689,5.92,2329.0,86.0
53775,142.9,7.00,24.48,0.1714,5.84,2329.0,86.0
53781,144.9,6.90,24.48,0.1689,5.92,2329.0,86.0
53788,144.9,6.90,24.48,0.1689,5.92,2329.0,86.0
53795,142.9,7.00,24.48,0.1714,5.84,2329.0,86.0
53802,144.9,6.90,24.48,0.1689,5.92,2329.0,86.0
53809,144.9,6.90,24.48,0.1689,5.92,2329.0,86.0
53816,142.9,7.00,24.48,0.1713,5.84,2329.0,86.0
53823,142.9,7.00,24.48,0.1713,5.84,2329.0,86.0
53830,144.9,6.90,24.48,0.1689,5.92,2329.0,86.0
53837,140.8,7.10,24.48,0.1738,5.75,2329.0,86.0
53844,147.1,6.80,24.48,0.1664,6.01,2329.0,86.0
53851,144.9,6.90,24.48,0.1689,5.92,2329.0,86.0
53858,142.9,7.00,24.48,0.1713,5.84,2329.0,86.0
53865,144.9,6.90,24.48,0.1689,5.92,2329.0,86.0
53872,142.9,7.00,24.47,0.1713,5.84,2329.0,86.0
53879,144.9,6.90,24.47,0.1689,5.92,2329.0,86.0
53886,142.9,7.00,24.47,0.1713,5.84,2329.0,86.0
53893,144.9,6.90,24.47,0.1689,5.92,2329.0,86.0
53900,142.9,7.00,24.47,0.1713,5.84,2329.0,86.0
53906,144.9,6.90,24.47,0.1689,5.92,2329.0,86.0
53913,142.9,7.00,24.47,0.1713,5.84,2329.0,86.0
53920,144.9,6.90,24.47,0.1689,5.92,2329.0,86.0
53927,144.9,6.90,24.47,0.1689,5.92,2329.0,86.0
53934,142.9,7.00,24.47,0.1713,5.84,2329.0,86.0
53941,144.9,6.90,24.47,0.1688,5.92,2329.0,86.0
53948,142.9,7.00,24.47,0.1713,5.84,2329.0,86.0
53955,142.9,7.00,24.47,0.1713,5.84,2329.0,86.0
53962,147.1,6.80,24.47,0.1664,6.01,2329.0,86.0
53969,140.8,7.10,24.47,0.1737,5.75,2329.0,86.0
53976,144.9,6.90,24.47,0.1688,5.92,2329.0,86.0
53983,144.9,6.90,24.47,0.1688,5.92,2329.0,86.0
53990,144.9,6.90,24.47,0.1688,5.92,2329.0,86.0
53997,142.9,7.00,24.47,0.1713,5.84,2329.0,86.0
54004,142.9,7.00,24.47,0.1713,5.84,2329.0,86.0
54011,147.1,6.80,24.47,0.1664,6.01,2329.0,86.0
54018,142.9,7.00,24.47,0.1713,5.84,2329.0,86.0
54024,144.9,6.90,24.47,0.1688,5.92,2329.0,86.0
54031,142.9,7.00,24.47,0.1713,5.84,2329.0,86.0
54038,144.9,6.90,24.46,0.1688,5.92,2329.0,86.0
54045,144.9,6.90,24.46,0.1688,5.92,2329.0,86.0
54052,142.9,7.00,24.46,0.1712,5.84,2329.0,86.0
54059,142.9,7.00,24.46,0.1712,5.84,2329.0,86.0
54066,144.9,6.90,24.46,0.1688,5.92,2329.0,86.0
54073,142.9,7.00,24.46,0.1712,5.84,2329.0,86.0
54080,144.9,6.90,24.46,0.1688,5.92,2329.0,86.0
54087,142.9,7.00,24.46,0.1712,5.84,2329.0,86.0
54094,144.9,6.90,24.46,0.1688,5.92,2329.0,86.0
54101,142.9,7.00,24.46,0.1712,5.84,2329.0,86.0
54108,144.9,6.90,24.46,0.1688,5.92,2329.0,86.0
54115,142.9,7.00,24.46,0.1712,5.84,2329.0,86.0
54122,144.9,6.90,24.46,0.1688,5.92,2329.0,86.0
54129,144.9,6.90,24.46,0.1688,5.92,2329.0,86.0
54136,142.9,7.00,24.46,0.1712,5.84,2329.0,86.0
54143,142.9,7.00,24.46,0.1712,5.84,2329.0,86.0
54150,140.8,7.10,24.46,0.1737,5.76,2329.0,86.0
54157,147.1,6.80,24.46,0.1663,6.01,2329.0,86.0
54163,144.9,6.90,24.46,0.1688,5.92,2329.0,86.0
54170,144.9,6.90,24.46,0.1688,5.92,2329.0,86.0
54177,142.9,7.00,24.46,0.1712,5.84,2329.0,86.0
54184,144.9,6.90,24.46,0.1687,5.92,2329.0,86.0
54191,142.9,7.00,24.46,0.1712,5.84,2329.0,86.0
54198,144.9,6.90,24.46,0.1687,5.93,2329.0,86.0
54205,142.9,7.00,24.45,0.1712,5.84,2329.0,86.0
54212,144.9,6.90,24.45,0.1687,5.93,2329.0,86.0
54219,142.9,7.00,24.45,0.1712,5.84,2329.0,86.0
54226,144.9,6.90,24.45,0.1687,5.93,2329.0,86.0
54233,144.9,6.90,24.45,0.1687,5.93,2329.0,86.0
54240,142.9,7.00,24.45,0.1712,5.84,2329.0,86.0
54247,144.9,6.90,24.45,0.1687,5.93,2329.0,86.0
54254,144.9,6.90,24.45,0.1687,5.93,2329.0,86.0
54261,142.9,7.00,24.45,0.1712,5.84,2329.0,86.0
54268,144.9,6.90,24.45,0.1687,5.93,2329.0,86.0
54275,142.9,7.00,24.45,0.1712,5.84,2329.0,86.0
54281,144.9,6.90,24.45,0.1687,5.93,2329.0,86.0
54288,142.9,7.00,24.45,0.1711,5.84,2329.0,86.0
54295,144.9,6.90,24.45,0.1687,5.93,2329.0,86.0
54302,144.9,6.90,24.45,0.1687,5.93,2329.0,86.0
54309,142.9,7.00,24.45,0.1712,5.84,2329.0,86.0
54316,144.9,6.90,24.45,0.1687,5.93,2329.0,86.0
54323,142.9,7.00,24.45,0.1712,5.84,2329.0,86.0
54330,142.9,7.00,24.45,0.1712,5.84,2329.0,86.0
54337,147.1,6.80,24.45,0.1663,6.02,2329.0,86.0
54344,142.9,7.00,24.45,0.1712,5.84,2329.0,86.0
54351,142.9,7.00,24.45,0.1712,5.84,2329.0,86.0
54358,144.9,6.90,24.45,0.1687,5.93,2329.0,86.0
54365,144.9,6.90,24.45,0.1687,5.93,2329.0,86.0
54372,142.9,7.00,24.46,0.1712,5.84,2329.0,86.0
54379,144.9,6.90,24.46,0.1687,5.93,2329.0,86.0
54386,142.9,7.00,24.46,0.1712,5.84,2329.0,86.0
54393,144.9,6.90,24.46,0.1687,5.92,2329.0,86.0
54400,142.9,7.00,24.46,0.1712,5.84,2329.0,86.0
54407,142.9,7.00,24.46,0.1712,5.84,2329.0,86.0
54413,147.1,6.80,24.46,0.1663,6.01,2329.0,86.0
54420,140.8,7.10,24.46,0.1737,5.76,2329.0,86.0
54427,142.9,7.00,24.46,0.1712,5.84,2329.0,86.0
54434,147.1,6.80,24.46,0.1663,6.01,2329.0,86.0
54441,142.9,7.00,24.46,0.1712,5.84,2329.0,86.0
54448,144.9,6.90,24.46,0.1688,5.92,2329.0,86.0
54455,142.9,7.00,24.46,0.1712,5.84,2329.0,86.0
54462,144.9,6.90,24.46,0.1688,5.92,2329.0,86.0
54469,142.9,7.00,24.46,0.1712,5.84,2329.0,86.0
54476,142.9,7.00,24.46,0.1712,5.84,2329.0,86.0
54483,144.9,6.90,24.46,0.1688,5.92,2329.0,86.0
54490,144.9,6.90,24.46,0.1688,5.92,2329.0,86.0
54497,144.9,6.90,24.46,0.1688,5.92,2329.0,86.0
54504,144.9,6.90,24.46,0.1688,5.92,2329.0,86.0
54511,142.9,7.00,24.46,0.1712,5.84,2329.0,86.0
54518,144.9,6.90,24.46,0.1688,5.92,2329.0,86.0
54525,142.9,7.00,24.46,0.1712,5.84,2329.0,86.0
54531,144.9,6.90,24.46,0.1688,5.92,2329.0,86.0
54538,144.9,6.90,24.46,0.1688,5.92,2329.0,86.0
54545,142.9,7.00,24.47,0.1713,5.84,2329.0,86.0
54552,144.9,6.90,24.47,0.1688,5.92,2329.0,86.0
54559,140.8,7.10,24.47,0.1737,5.75,2329.0,86.0
54566,144.9,6.90,24.47,0.1688,5.92,2329.0,86.0
54573,144.9,6.90,24.47,0.1688,5.92,2329.0,86.0
54580,144.9,6.90,24.47,0.1688,5.92,2329.0,86.0
54587,140.8,7.10,24.47,0.1737,5.75,2329.0,86.0
54594,147.1,6.80,24.47,0.1664,6.01,2329.0,86.0
54601,142.9,7.00,24.47,0.1713,5.84,2329.0,86.0
54608,147.1,6.80,24.47,0.1664,6.01,2329.0,86.0
54615,142.9,7.00,24.47,0.1713,5.84,2329.0,86.0
54622,144.9,6.90,24.47,0.1688,5.92,2329.0,86.0
54629,140.8,7.10,24.47,0.1737,5.75,2329.0,86.0
54636,144.9,6.90,24.47,0.1688,5.92,2329.0,86.0
54643,142.9,7.00,24.47,0.1713,5.84,2329.0,86.0
54650,142.9,7.00,24.47,0.1713,5.84,2329.0,86.0
54656,149.3,6.70,24.47,0.1640,6.10,2329.0,86.0
54663,142.9,7.00,24.47,0.1713,5.84,2329.0,86.0
54670,140.8,7.10,24.47,0.1738,5.75,2329.0,86.0
54677,147.1,6.80,24.47,0.1664,6.01,2329.0,86.0
54684,142.9,7.00,24.47,0.1713,5.84,2329.0,86.0
54691,147.1,6.80,24.47,0.1664,6.01,2329.0,86.0
54698,142.9,7.00,24.47,0.1713,5.84,2329.0,86.0
54705,142.9,7.00,24.48,0.1713,5.84,2329.0,86.0
54712,144.9,6.90,24.48,0.1689,5.92,2329.0,86.0
54719,144.9,6.90,24.48,0.1689,5.92,2329.0,86.0
54726,142.9,7.00,24.48,0.1713,5.84,2329.0,86.0
54733,144.9,6.90,24.48,0.1689,5.92,2329.0,86.0
54740,142.9,7.00,24.48,0.1713,5.84,2329.0,86.0
54747,144.9,6.90,24.48,0.1689,5.92,2329.0,86.0
54754,142.9,7.00,24.48,0.1713,5.84,2329.0,86.0
54761,144.9,6.90,24.48,0.1689,5.92,2329.0,86.0
54768,142.9,7.00,24.48,0.1714,5.84,2329.0,86.0
54774,144.9,6.90,24.48,0.1689,5.92,2329.0,86.0
54781,142.9,7.00,24.48,0.1714,5.84,2329.0,86.0
54788,142.9,7.00,24.48,0.1714,5.84,2329.0,86.0
54795,144.9,6.90,24.48,0.1689,5.92,2329.0,86.0
54802,142.9,7.00,24.48,0.1714,5.84,2329.0,86.0
54809,144.9,6.90,24.48,0.1689,5.92,2329.0,86.0
54816,144.9,6.90,24.48,0.1689,5.92,2329.0,86.0
54823,142.9,7.00,24.48,0.1714,5.84,2329.0,86.0
54830,142.9,7.00,24.48,0.1714,5.84,2329.0,86.0
54837,144.9,6.90,24.48,0.1689,5.92,2329.0,86.0
54844,144.9,6.90,24.48,0.1689,5.92,2329.0,86.0
54851,144.9,6.90,24.48,0.1689,5.92,2329.0,86.0
54858,142.9,7.00,24.48,0.1714,5.84,2329.0,86.0
54865,144.9,6.90,24.48,0.1689,5.92,2329.0,86.0
54872,144.9,6.90,24.49,0.1689,5.92,2329.0,86.0
54879,140.8,7.10,24.49,0.1738,5.75,2329.0,86.0
54886,144.9,6.90,24.49,0.1690,5.92,2329.0,86.0
54893,144.9,6.90,24.49,0.1690,5.92,2329.0,86.0
54900,142.9,7.00,24.49,0.1714,5.84,2329.0,86.0
54906,144.9,6.90,24.49,0.1690,5.92,2329.0,86.0
54913,142.9,7.00,24.49,0.1714,5.84,2329.0,86.0
54920,144.9,6.90,24.49,0.1690,5.92,2329.0,86.0
54927,144.9,6.90,24.49,0.1690,5.92,2329.0,86.0
54934,142.9,7.00,24.49,0.1714,5.84,2329.0,86.0
54941,142.9,7.00,24.49,0.1714,5.84,2329.0,86.0
54948,147.1,6.80,24.49,0.1665,6.01,2329.0,86.0
54955,142.9,7.00,24.49,0.1714,5.84,2329.0,86.0
54962,142.9,7.00,24.49,0.1714,5.83,2329.0,86.0
54969,142.9,7.00,24.49,0.1714,5.83,2329.0,86.0
54976,144.9,6.90,24.49,0.1690,5.92,2329.0,86.0
54983,142.9,7.00,24.49,0.1714,5.83,2329.0,86.0
54990,147.1,6.80,24.49,0.1665,6.01,2329.0,86.0
54997,142.9,7.00,24.49,0.1714,5.83,2329.0,86.0
55004,144.9,6.90,24.49,0.1690,5.92,2329.0,86.0
55011,142.9,7.00,24.49,0.1715,5.83,2329.0,86.0
55018,144.9,6.90,24.49,0.1690,5.92,2329.0,86.0
55025,142.9,7.00,24.49,0.1715,5.83,2329.0,86.0
55032,142.9,7.00,24.49,0.1715,5.83,2329.0,86.0
55039,142.9,7.00,24.50,0.1715,5.83,2329.0,86.0
55045,144.9,6.90,24.50,0.1690,5.92,2329.0,86.0
55052,144.9,6.90,24.50,0.1690,5.92,2329.0,86.0
55059,142.9,7.00,24.50,0.1715,5.83,2329.0,86.0
55066,144.9,6.90,24.50,0.1690,5.92,2329.0,86.0
55073,144.9,6.90,24.50,0.1690,5.91,2329.0,86.0
55080,142.9,7.00,24.50,0.1715,5.83,2329.0,86.0
55087,144.9,6.90,24.50,0.1690,5.91,2329.0,86.0
55094,144.9,6.90,24.50,0.1690,5.91,2329.0,86.0
55101,142.9,7.00,24.50,0.1715,5.83,2329.0,86.0
55108,142.9,7.00,24.50,0.1715,5.83,2329.0,86.0
55115,144.9,6.90,24.50,0.1690,5.91,2329.0,86.0
55122,142.9,7.00,24.50,0.1715,5.83,2329.0,86.0
55129,147.1,6.80,24.50,0.1666,6.00,2329.0,86.0
55136,144.9,6.90,24.50,0.1691,5.91,2329.0,86.0
55142,144.9,6.90,24.50,0.1691,5.91,2329.0,86.0
55149,142.9,7.00,24.50,0.1715,5.83,2329.0,86.0
55156,142.9,7.00,24.50,0.1715,5.83,2329.0,86.0
55163,144.9,6.90,24.50,0.1691,5.91,2329.0,86.0
55170,142.9,7.00,24.50,0.1715,5.83,2329.0,86.0
55177,144.9,6.90,24.50,0.1691,5.91,2329.0,86.0
55184,142.9,7.00,24.50,0.1715,5.83,2329.0,86.0
55191,144.9,6.90,24.50,0.1691,5.91,2329.0,86.0
55198,142.9,7.00,24.50,0.1715,5.83,2329.0,86.0
55205,144.9,6.90,24.51,0.1691,5.91,2329.0,86.0
55212,144.9,6.90,24.51,0.1691,5.91,2329.0,86.0
55219,144.9,6.90,24.51,0.1691,5.91,2329.0,86.0
55226,140.8,7.10,24.51,0.1740,5.75,2329.0,86.0
55233,147.1,6.80,24.51,0.1666,6.00,2329.0,86.0
55240,142.9,7.00,24.51,0.1715,5.83,2329.0,86.0
55247,142.9,7.00,24.51,0.1716,5.83,2329.0,86.0
55254,144.9,6.90,24.51,0.1691,5.91,2329.0,86.0
55261,144.9,6.90,24.51,0.1691,5.91,2329.0,86.0
55268,142.9,7.00,24.51,0.1716,5.83,2329.0,86.0
55274,144.9,6.90,24.51,0.1691,5.91,2329.0,86.0
55281,142.9,7.00,24.51,0.1716,5.83,2329.0,86.0
55288,144.9,6.90,24.51,0.1691,5.91,2329.0,86.0
55295,142.9,7.00,24.51,0.1716,5.83,2329.0,86.0
55302,144.9,6.90,24.51,0.1691,5.91,2329.0,86.0
55309,144.9,6.90,24.51,0.1691,5.91,2329.0,86.0
55316,142.9,7.00,24.51,0.1716,5.83,2329.0,86.0
55323,144.9,6.90,24.51,0.1691,5.91,2329.0,86.0
55330,142.9,7.00,24.51,0.1716,5.83,2329.0,86.0
55337,144.9,6.90,24.51,0.1691,5.91,2329.0,86.0
55344,144.9,6.90,24.51,0.1691,5.91,2329.0,86.0
55351,140.8,7.10,24.51,0.1740,5.75,2329.0,86.0
55358,147.1,6.80,24.51,0.1666,6.00,2329.0,86.0
55365,142.9,7.00,24.51,0.1715,5.83,2329.0,86.0
55372,144.9,6.90,24.50,0.1691,5.91,2329.0,86.0
55379,142.9,7.00,24.50,0.1715,5.83,2329.0,86.0
55386,144.9,6.90,24.50,0.1691,5.91,2329.0,86.0
55393,142.9,7.00,24.50,0.1715,5.83,2329.0,86.0
55400,142.9,7.00,24.50,0.1715,5.83,2329.0,86.0
55406,144.9,6.90,24.50,0.1691,5.91,2329.0,86.0
55413,142.9,7.00,24.50,0.1715,5.83,2329.0,86.0
55420,147.1,6.80,24.50,0.1666,6.00,2329.0,86.0
55427,142.9,7.00,24.50,0.1715,5.83,2329.0,86.0
55434,144.9,6.90,24.50,0.1691,5.91,2329.0,86.0
55441,144.9,6.90,24.50,0.1691,5.91,2329.0,86.0
55448,142.9,7.00,24.50,0.1715,5.83,2329.0,86.0
55455,142.9,7.00,24.50,0.1715,5.83,2329.0,86.0
55462,144.9,6.90,24.50,0.1690,5.91,2329.0,86.0
55469,144.9,6.90,24.50,0.1690,5.91,2329.0,86.0
55476,142.9,7.00,24.50,0.1715,5.83,2329.0,86.0
55483,144.9,6.90,24.50,0.1690,5.91,2329.0,86.0
55490,142.9,7.00,24.50,0.1715,5.83,2329.0,86.0
55497,144.9,6.90,24.50,0.1690,5.91,2329.0,86.0
55504,142.9,7.00,24.50,0.1715,5.83,2329.0,86.0
55511,142.9,7.00,24.50,0.1715,5.83,2329.0,86.0
55518,142.9,7.00,24.50,0.1715,5.83,2329.0,86.0
55525,144.9,6.90,24.50,0.1690,5.92,2329.0,86.0
55531,144.9,6.90,24.50,0.1690,5.92,2329.0,86.0
55538,144.9,6.90,24.50,0.1690,5.92,2329.0,86.0
55545,142.9,7.00,24.49,0.1715,5.83,2329.0,86.0
55552,144.9,6.90,24.49,0.1690,5.92,2329.0,86.0
55559,142.9,7.00,24.49,0.1715,5.83,2329.0,86.0
55566,142.9,7.00,24.49,0.1715,5.83,2329.0,86.0
55573,147.1,6.80,24.49,0.1666,6.01,2329.0,86.0
55580,142.9,7.00,24.49,0.1714,5.83,2329.0,86.0
55587,142.9,7.00,24.49,0.1714,5.83,2329.0,86.0
55594,144.9,6.90,24.49,0.1690,5.92,2329.0,86.0
55601,144.9,6.90,24.49,0.1690,5.92,2329.0,86.0
55608,142.9,7.00,24.49,0.1714,5.83,2329.0,86.0
55615,144.9,6.90,24.49,0.1690,5.92,2329.0,86.0
55622,142.9,7.00,24.49,0.1714,5.84,2329.0,86.0
55629,144.9,6.90,24.49,0.1690,5.92,2329.0,86.0
55636,144.9,6.90,24.49,0.1690,5.92,2329.0,86.0
55643,142.9,7.00,24.49,0.1714,5.84,2329.0,86.0
55649,144.9,6.90,24.49,0.1690,5.92,2329.0,86.0
55657,140.8,7.10,24.49,0.1739,5.75,2329.0,86.0
55664,142.9,7.00,24.49,0.1714,5.84,2329.0,86.0
55670,144.9,6.90,24.49,0.1690,5.92,2329.0,86.0
55677,147.1,6.80,24.49,0.1665,6.01,2329.0,86.0
55684,142.9,7.00,24.49,0.1714,5.84,2329.0,86.0
55691,144.9,6.90,24.49,0.1690,5.92,2329.0,86.0
55698,142.9,7.00,24.49,0.1714,5.84,2329.0,86.0
55705,144.9,6.90,24.48,0.1689,5.92,2329.0,86.0
55712,144.9,6.90,24.48,0.1689,5.92,2329.0,86.0
55719,142.9,7.00,24.48,0.1714,5.84,2329.0,86.0
55726,144.9,6.90,24.48,0.1689,5.92,2329.0,86.0
55733,142.9,7.00,24.48,0.1714,5.84,2329.0,86.0
55740,142.9,7.00,24.48,0.1714,5.84,2329.0,86.0
55747,147.1,6.80,24.48,0.1665,6.01,2329.0,86.0
55754,142.9,7.00,24.48,0.1714,5.84,2329.0,86.0
55761,144.9,6.90,24.48,0.1689,5.92,2329.0,86.0
55768,140.8,7.10,24.48,0.1738,5.75,2329.0,86.0
55774,147.1,6.80,24.48,0.1665,6.01,2329.0,86.0
55781,142.9,7.00,24.48,0.1714,5.84,2329.0,86.0
55788,142.9,7.00,24.48,0.1714,5.84,2329.0,86.0
55795,144.9,6.90,24.48,0.1689,5.92,2329.0,86.0
55802,144.9,6.90,24.48,0.1689,5.92,2329.0,86.0
55809,142.9,7.00,24.48,0.1714,5.84,2329.0,86.0
55816,142.9,7.00,24.48,0.1713,5.84,2329.0,86.0
55823,144.9,6.90,24.48,0.1689,5.92,2329.0,86.0
55830,142.9,7.00,24.48,0.1713,5.84,2329.0,86.0
55837,144.9,6.90,24.48,0.1689,5.92,2329.0,86.0
55844,144.9,6.90,24.48,0.1689,5.92,2329.0,86.0
55851,142.9,7.00,24.48,0.1713,5.84,2329.0,86.0
55858,142.9,7.00,24.48,0.1713,5.84,2329.0,86.0
55865,144.9,6.90,24.48,0.1689,5.92,2329.0,86.0
55872,142.9,7.00,24.47,0.1713,5.84,2329.0,86.0
55879,144.9,6.90,24.47,0.1689,5.92,2329.0,86.0
55886,144.9,6.90,24.47,0.1689,5.92,2329.0,86.0
55893,142.9,7.00,24.47,0.1713,5.84,2329.0,86.0
55899,147.1,6.80,24.47,0.1664,6.01,2329.0,86.0
55907,140.8,7.10,24.47,0.1738,5.75,2329.0,86.0
55913,147.1,6.80,24.47,0.1664,6.01,2329.0,86.0
55920,140.8,7.10,24.47,0.1738,5.75,2329.0,86.0
55927,147.1,6.80,24.47,0.1664,6.01,2329.0,86.0
55934,142.9,7.00,24.47,0.1713,5.84,2329.0,86.0
55941,144.9,6.90,24.47,0.1688,5.92,2329.0,86.0
55948,142.9,7.00,24.47,0.1713,5.84,2329.0,86.0
55955,144.9,6.90,24.47,0.1688,5.92,2329.0,86.0
55962,144.9,6.90,24.47,0.1688,5.92,2329.0,86.0
55969,142.9,7.00,24.47,0.1713,5.84,2329.0,86.0
55976,142.9,7.00,24.47,0.1713,5.84,2329.0,86.0
55983,144.9,6.90,24.47,0.1688,5.92,2329.0,86.0
55990,144.9,6.90,24.47,0.1688,5.92,2329.0,86.0
55997,142.9,7.00,24.47,0.1713,5.84,2329.0,86.0
56004,144.9,6.90,24.47,0.1688,5.92,2329.0,86.0
56011,142.9,7.00,24.47,0.1713,5.84,2329.0,86.0
56018,144.9,6.90,24.47,0.1688,5.92,2329.0,86.0
56025,142.9,7.00,24.47,0.1713,5.84,2329.0,86.0
56032,142.9,7.00,24.47,0.1713,5.84,2329.0,86.0
56038,144.9,6.90,24.46,0.1688,5.92,2329.0,86.0
56045,142.9,7.00,24.46,0.1713,5.84,2329.0,86.0
56052,144.9,6.90,24.46,0.1688,5.92,2329.0,86.0
56059,142.9,7.00,24.46,0.1712,5.84,2329.0,86.0
56066,144.9,6.90,24.46,0.1688,5.92,2329.0,86.0
56073,144.9,6.90,24.46,0.1688,5.92,2329.0,86.0
56080,142.9,7.00,24.46,0.1712,5.84,2329.0,86.0
56087,147.1,6.80,24.46,0.1663,6.01,2329.0,86.0
56094,144.9,6.90,24.46,0.1688,5.92,2329.0,86.0
56101,142.9,7.00,24.46,0.1712,5.84,2329.0,86.0
56108,142.9,7.00,24.46,0.1712,5.84,2329.0,86.0
56115,144.9,6.90,24.46,0.1688,5.92,2329.0,86.0
56122,144.9,6.90,24.46,0.1688,5.92,2329.0,86.0
56129,142.9,7.00,24.46,0.1712,5.84,2329.0,86.0
56136,142.9,7.00,24.46,0.1712,5.84,2329.0,86.0
56142,147.1,6.80,24.46,0.1663,6.01,2329.0,86.0
56149,142.9,7.00,24.46,0.1712,5.84,2329.0,86.0
56156,142.9,7.00,24.46,0.1712,5.84,2329.0,86.0
56163,144.9,6.90,24.46,0.1688,5.92,2329.0,86.0
56170,142.9,7.00,24.46,0.1712,5.84,2329.0,86.0
56177,144.9,6.90,24.46,0.1688,5.92,2329.0,86.0
56184,144.9,6.90,24.46,0.1687,5.92,2329.0,86.0
56191,142.9,7.00,24.46,0.1712,5.84,2329.0,86.0
56198,142.9,7.00,24.46,0.1712,5.84,2329.0,86.0
56205,144.9,6.90,24.45,0.1687,5.93,2329.0,86.0
56212,144.9,6.90,24.45,0.1687,5.93,2329.0,86.0
56219,140.8,7.10,24.45,0.1736,5.76,2329.0,86.0
56226,147.1,6.80,24.45,0.1663,6.02,2329.0,86.0
56233,142.9,7.00,24.45,0.1712,5.84,2329.0,86.0
56240,142.9,7.00,24.45,0.1712,5.84,2329.0,86.0
56247,144.9,6.90,24.45,0.1687,5.93,2329.0,86.0
56254,144.9,6.90,24.45,0.1687,5.93,2329.0,86.0
56261,140.8,7.10,24.45,0.1736,5.76,2329.0,86.0
56268,144.9,6.90,24.45,0.1687,5.93,2329.0,86.0
56275,144.9,6.90,24.45,0.1687,5.93,2329.0,86.0
56282,142.9,7.00,24.45,0.1712,5.84,2329.0,86.0
56288,147.1,6.80,24.45,0.1663,6.02,2329.0,86.0
56295,142.9,7.00,24.45,0.1711,5.84,2329.0,86.0
56302,142.9,7.00,24.45,0.1711,5.84,2329.0,86.0
56309,144.9,6.90,24.45,0.1687,5.93,2329.0,86.0
56316,142.9,7.00,24.45,0.1711,5.84,2329.0,86.0
56323,147.1,6.80,24.45,0.1663,6.02,2329.0,86.0
56330,144.9,6.90,24.45,0.1687,5.93,2329.0,86.0
56337,142.9,7.00,24.45,0.1711,5.84,2329.0,86.0
56344,142.9,7.00,24.45,0.1711,5.84,2329.0,86.0
56351,144.9,6.90,24.45,0.1687,5.93,2329.0,86.0
56358,144.9,6.90,24.45,0.1687,5.93,2329.0,86.0
56365,142.9,7.00,24.45,0.1711,5.84,2329.0,86.0
56372,144.9,6.90,24.45,0.1687,5.93,2329.0,86.0
56379,142.9,7.00,24.45,0.1711,5.85,2329.0,86.0
56386,144.9,6.90,24.45,0.1687,5.93,2329.0,86.0
56393,142.9,7.00,24.45,0.1711,5.85,2329.0,86.0
56399,144.9,6.90,24.45,0.1687,5.93,2329.0,86.0
56406,144.9,6.90,24.45,0.1687,5.93,2329.0,86.0
56413,142.9,7.00,24.45,0.1711,5.85,2329.0,86.0
56420,142.9,7.00,24.45,0.1711,5.85,2329.0,86.0
56427,147.1,6.80,24.45,0.1662,6.02,2329.0,86.0
56434,142.9,7.00,24.45,0.1711,5.85,2329.0,86.0
56441,144.9,6.90,24.45,0.1687,5.93,2329.0,86.0
56448,142.9,7.00,24.45,0.1711,5.85,2329.0,86.0
56455,144.9,6.90,24.45,0.1687,5.93,2329.0,86.0
56462,142.9,7.00,24.45,0.1711,5.85,2329.0,86.0
56469,144.9,6.90,24.45,0.1687,5.93,2329.0,86.0
56476,142.9,7.00,24.45,0.1711,5.85,2329.0,86.0
56483,144.9,6.90,24.45,0.1687,5.93,2329.0,86.0
56490,142.9,7.00,24.45,0.1711,5.85,2329.0,86.0
56497,144.9,6.90,24.45,0.1687,5.93,2329.0,86.0
56504,144.9,6.90,24.45,0.1687,5.93,2329.0,86.0
56511,142.9,7.00,24.45,0.1711,5.85,2329.0,86.0
56518,142.9,7.00,24.45,0.1711,5.85,2329.0,86.0
56525,142.9,7.00,24.45,0.1711,5.85,2329.0,86.0
56532,142.9,7.00,24.45,0.1711,5.85,2329.0,86.0
56538,144.9,6.90,24.45,0.1687,5.93,2329.0,86.0
56545,142.9,7.00,24.44,0.1711,5.85,2329.0,86.0
56552,147.1,6.80,24.44,0.1662,6.02,2329.0,86.0
56559,144.9,6.90,24.44,0.1687,5.93,2329.0,86.0
56566,142.9,7.00,24.44,0.1711,5.85,2329.0,86.0
56573,140.8,7.10,24.44,0.1736,5.76,2329.0,86.0
56580,147.1,6.80,24.44,0.1662,6.02,2329.0,86.0
56587,142.9,7.00,24.44,0.1711,5.85,2329.0,86.0
56594,142.9,7.00,24.44,0.1711,5.85,2329.0,86.0
56601,144.9,6.90,24.44,0.1687,5.93,2329.0,86.0
56608,142.9,7.00,24.44,0.1711,5.85,2329.0,86.0
56615,144.9,6.90,24.44,0.1687,5.93,2329.0,86.0
56622,144.9,6.90,24.44,0.1687,5.93,2329.0,86.0
56629,142.9,7.00,24.44,0.1711,5.85,2329.0,86.0
56636,142.9,7.00,24.44,0.1711,5.85,2329.0,86.0
56643,144.9,6.90,24.44,0.1687,5.93,2329.0,86.0
56650,144.9,6.90,24.44,0.1687,5.93,2329.0,86.0
56657,142.9,7.00,24.44,0.1711,5.85,2329.0,86.0
56663,144.9,6.90,24.44,0.1687,5.93,2329.0,86.0
56670,144.9,6.90,24.44,0.1687,5.93,2329.0,86.0
56677,142.9,7.00,24.44,0.1711,5.85,2329.0,86.0
56684,142.9,7.00,24.44,0.1711,5.85,2329.0,86.0
56691,144.9,6.90,24.44,0.1686,5.93,2329.0,86.0
56698,144.9,6.90,24.44,0.1686,5.93,2329.0,86.0
56705,147.1,6.80,24.44,0.1662,6.02,2329.0,86.0
56712,142.9,7.00,24.44,0.1711,5.85,2329.0,86.0
56719,144.9,6.90,24.44,0.1686,5.93,2329.0,86.0
56726,142.9,7.00,24.44,0.1711,5.85,2329.0,86.0
56733,144.9,6.90,24.44,0.1686,5.93,2329.0,86.0
56740,144.9,6.90,24.44,0.1686,5.93,2329.0,86.0
56747,142.9,7.00,24.44,0.1711,5.85,2329.0,86.0
56754,142.9,7.00,24.44,0.1711,5.85,2329.0,86.0
56761,144.9,6.90,24.44,0.1686,5.93,2329.0,86.0
56767,144.9,6.90,24.44,0.1686,5.93,2329.0,86.0
56774,142.9,7.00,24.44,0.1711,5.85,2329.0,86.0
56781,142.9,7.00,24.44,0.1711,5.85,2329.0,86.0
56788,144.9,6.90,24.44,0.1686,5.93,2329.0,86.0
56795,144.9,6.90,24.44,0.1686,5.93,2329.0,86.0
56802,140.8,7.10,24.44,0.1735,5.76,2329.0,86.0
56809,147.1,6.80,24.44,0.1662,6.02,2329.0,86.0
56816,144.9,6.90,24.44,0.1686,5.93,2329.0,86.0
56823,142.9,7.00,24.44,0.1711,5.85,2329.0,86.0
56830,142.9,7.00,24.44,0.1711,5.85,2329.0,86.0
56837,144.9,6.90,24.44,0.1686,5.93,2329.0,86.0
56844,142.9,7.00,24.44,0.1711,5.85,2329.0,86.0
56851,147.1,6.80,24.44,0.1662,6.02,2329.0,86.0
56858,142.9,7.00,24.44,0.1711,5.85,2329.0,86.0
56865,142.9,7.00,24.44,0.1711,5.85,2329.0,86.0
56872,144.9,6.90,24.44,0.1686,5.93,2329.0,86.0
56879,144.9,6.90,24.44,0.1686,5.93,2329.0,86.0
56886,142.9,7.00,24.44,0.1711,5.85,2329.0,86.0
56892,144.9,6.90,24.44,0.1686,5.93,2329.0,86.0
56899,142.9,7.00,24.44,0.1711,5.85,2329.0,86.0
56906,144.9,6.90,24.44,0.1686,5.93,2329.0,86.0
56913,142.9,7.00,24.44,0.1711,5.85,2329.0,86.0
56920,144.9,6.90,24.44,0.1686,5.93,2329.0,86.0
56927,142.9,7.00,24.44,0.1711,5.85,2329.0,86.0
56934,144.9,6.90,24.44,0.1686,5.93,2329.0,86.0
56941,142.9,7.00,24.44,0.1711,5.85,2329.0,86.0
56948,144.9,6.90,24.44,0.1686,5.93,2329.0,86.0
56955,144.9,6.90,24.44,0.1686,5.93,2329.0,86.0
56962,142.9,7.00,24.44,0.1711,5.85,2329.0,86.0
56969,144.9,6.90,24.44,0.1686,5.93,2329.0,86.0
56976,142.9,7.00,24.44,0.1711,5.85,2329.0,86.0
56983,142.9,7.00,24.44,0.1711,5.85,2329.0,86.0
56990,144.9,6.90,24.44,0.1686,5.93,2329.0,86.0
56997,144.9,6.90,24.44,0.1686,5.93,2329.0,86.0
57004,142.9,7.00,24.44,0.1710,5.85,2329.0,86.0
57011,144.9,6.90,24.44,0.1686,5.93,2329.0,86.0
57017,144.9,6.90,24.44,0.1686,5.93,2329.0,86.0
57024,142.9,7.00,24.44,0.1710,5.85,2329.0,86.0
57031,144.9,6.90,24.44,0.1686,5.93,2329.0,86.0
57038,142.9,7.00,24.43,0.1710,5.85,2329.0,86.0
57045,140.8,7.10,24.43,0.1735,5.76,2329.0,86.0
57052,144.9,6.90,24.43,0.1686,5.93,2329.0,86.0
57059,147.1,6.80,24.43,0.1662,6.02,2329.0,86.0
57066,142.9,7.00,24.43,0.1710,5.85,2329.0,86.0
57073,142.9,7.00,24.43,0.1710,5.85,2329.0,86.0
57080,144.9,6.90,24.43,0.1686,5.93,2329.0,86.0
57087,144.9,6.90,24.43,0.1686,5.93,2329.0,86.0
57094,142.9,7.00,24.43,0.1710,5.85,2329.0,86.0
57101,144.9,6.90,24.43,0.1686,5.93,2329.0,86.0
57108,142.9,7.00,24.43,0.1710,5.85,2329.0,86.0
57115,142.9,7.00,24.43,0.1710,5.85,2329.0,86.0
57122,142.9,7.00,24.43,0.1710,5.85,2329.0,86.0
57129,147.1,6.80,24.43,0.1661,6.02,2329.0,86.0
57136,144.9,6.90,24.43,0.1686,5.93,2329.0,86.0
57142,144.9,6.90,24.43,0.1686,5.93,2329.0,86.0
57149,142.9,7.00,24.43,0.1710,5.85,2329.0,86.0
57156,144.9,6.90,24.43,0.1686,5.93,2329.0,86.0
57163,144.9,6.90,24.43,0.1686,5.93,2329.0,86.0
57170,138.9,7.20,24.43,0.1759,5.69,2329.0,86.0
57177,147.1,6.80,24.43,0.1661,6.02,2329.0,86.0
57184,144.9,6.90,24.43,0.1686,5.93,2329.0,86.0
57191,142.9,7.00,24.43,0.1710,5.85,2329.0,86.0
57198,144.9,6.90,24.43,0.1686,5.93,2329.0,86.0
57205,142.9,7.00,24.43,0.1710,5.85,2329.0,86.0
57212,144.9,6.90,24.43,0.1686,5.93,2329.0,86.0
57219,142.9,7.00,24.43,0.1710,5.85,2329.0,86.0
57226,144.9,6.90,24.43,0.1686,5.93,2329.0,86.0
57233,144.9,6.90,24.43,0.1686,5.93,2329.0,86.0
57240,144.9,6.90,24.43,0.1686,5.93,2329.0,86.0
57247,142.9,7.00,24.43,0.1710,5.85,2329.0,86.0
57254,142.9,7.00,24.43,0.1710,5.85,2329.0,86.0
57261,144.9,6.90,24.43,0.1686,5.93,2329.0,86.0
57268,142.9,7.00,24.43,0.1710,5.85,2329.0,86.0
57274,144.9,6.90,24.43,0.1686,5.93,2329.0,86.0
57281,142.9,7.00,24.43,0.1710,5.85,2329.0,86.0
57288,147.1,6.80,24.43,0.1661,6.02,2329.0,86.0
57295,142.9,7.00,24.43,0.1710,5.85,2329.0,86.0
57302,142.9,7.00,24.43,0.1710,5.85,2329.0,86.0
57309,144.9,6.90,24.43,0.1686,5.93,2329.0,86.0
57316,142.9,7.00,24.43,0.1710,5.85,2329.0,86.0
57323,142.9,7.00,24.43,0.1710,5.85,2329.0,86.0
57330,147.1,6.80,24.43,0.1661,6.02,2329.0,86.0
57337,142.9,7.00,24.43,0.1710,5.85,2329.0,86.0
57344,142.9,7.00,24.43,0.1710,5.85,2329.0,86.0
57351,144.9,6.90,24.43,0.1686,5.93,2329.0,86.0
57358,142.9,7.00,24.43,0.1710,5.85,2329.0,86.0
57365,147.1,6.80,24.43,0.1661,6.02,2329.0,86.0
57372,140.8,7.10,24.43,0.1735,5.76,2329.0,86.0
57379,147.1,6.80,24.43,0.1661,6.02,2329.0,86.0
57386,142.9,7.00,24.43,0.1710,5.85,2329.0,86.0
57393,142.9,7.00,24.43,0.1710,5.85,2329.0,86.0
57399,144.9,6.90,24.43,0.1686,5.93,2329.0,86.0
57406,144.9,6.90,24.43,0.1686,5.93,2329.0,86.0
57413,142.9,7.00,24.43,0.1710,5.85,2329.0,86.0
57420,144.9,6.90,24.43,0.1686,5.93,2329.0,86.0
57427,142.9,7.00,24.43,0.1710,5.85,2329.0,86.0
57434,144.9,6.90,24.43,0.1686,5.93,2329.0,86.0
57441,144.9,6.90,24.43,0.1686,5.93,2329.0,86.0
57448,142.9,7.00,24.43,0.1710,5.85,2329.0,86.0
57455,142.9,7.00,24.43,0.1710,5.85,2329.0,86.0
57462,147.1,6.80,24.43,0.1661,6.02,2329.0,86.0
57469,140.8,7.10,24.43,0.1735,5.76,2329.0,86.0
57476,144.9,6.90,24.43,0.1686,5.93,2329.0,86.0
57483,142.9,7.00,24.43,0.1710,5.85,2329.0,86.0
57490,144.9,6.90,24.43,0.1686,5.93,2329.0,86.0
57497,144.9,6.90,24.43,0.1686,5.93,2329.0,86.0
57504,142.9,7.00,24.43,0.1710,5.85,2329.0,86.0
57511,144.9,6.90,24.43,0.1686,5.93,2329.0,86.0
57518,142.9,7.00,24.43,0.1710,5.85,2329.0,86.0
57524,147.1,6.80,24.43,0.1662,6.02,2329.0,86.0
57531,142.9,7.00,24.43,0.1710,5.85,2329.0,86.0
57538,142.9,7.00,24.43,0.1710,5.85,2329.0,86.0
57545,144.9,6.90,24.44,0.1686,5.93,2329.0,86.0
57552,140.8,7.10,24.44,0.1735,5.76,2329.0,86.0
57559,147.1,6.80,24.44,0.1662,6.02,2329.0,86.0
57566,142.9,7.00,24.44,0.1710,5.85,2329.0,86.0
57573,144.9,6.90,24.44,0.1686,5.93,2329.0,86.0
57580,142.9,7.00,24.44,0.1711,5.85,2329.0,86.0
57587,144.9,6.90,24.44,0.1686,5.93,2329.0,86.0
57594,142.9,7.00,24.44,0.1711,5.85,2329.0,86.0
57601,142.9,7.00,24.44,0.1711,5.85,2329.0,86.0
57608,144.9,6.90,24.44,0.1686,5.93,2329.0,86.0
57615,147.1,6.80,24.44,0.1662,6.02,2329.0,86.0
57622,142.9,7.00,24.44,0.1711,5.85,2329.0,86.0
57629,144.9,6.90,24.44,0.1686,5.93,2329.0,86.0
57635,144.9,6.90,24.44,0.1686,5.93,2329.0,86.0
57642,142.9,7.00,24.44,0.1711,5.85,2329.0,86.0
57649,142.9,7.00,24.44,0.1711,5.85,2329.0,86.0
57656,144.9,6.90,24.44,0.1686,5.93,2329.0,86.0
57663,142.9,7.00,24.44,0.1711,5.85,2329.0,86.0
57670,142.9,7.00,24.44,0.1711,5.85,2329.0,86.0
57677,144.9,6.90,24.44,0.1686,5.93,2329.0,86.0
57684,144.9,6.90,24.44,0.1686,5.93,2329.0,86.0
57691,144.9,6.90,24.44,0.1686,5.93,2329.0,86.0
57698,142.9,7.00,24.44,0.1711,5.85,2329.0,86.0
57705,142.9,7.00,24.44,0.1711,5.85,2329.0,86.0
57712,144.9,6.90,24.44,0.1686,5.93,2329.0,86.0
57719,144.9,6.90,24.44,0.1686,5.93,2329.0,86.0
57726,144.9,6.90,24.44,0.1686,5.93,2329.0,86.0
57733,142.9,7.00,24.44,0.1711,5.85,2329.0,86.0
57740,144.9,6.90,24.44,0.1686,5.93,2329.0,86.0
57747,142.9,7.00,24.44,0.1711,5.85,2329.0,86.0
57754,144.9,6.90,24.44,0.1686,5.93,2329.0,86.0
57760,144.9,6.90,24.44,0.1686,5.93,2329.0,86.0
57767,142.9,7.00,24.44,0.1711,5.85,2329.0,86.0
57774,142.9,7.00,24.44,0.1711,5.85,2329.0,86.0
57781,144.9,6.90,24.44,0.1686,5.93,2329.0,86.0
57788,144.9,6.90,24.44,0.1686,5.93,2329.0,86.0
57795,142.9,7.00,24.44,0.1711,5.85,2329.0,86.0
57802,144.9,6.90,24.44,0.1686,5.93,2329.0,86.0
57809,142.9,7.00,24.44,0.1711,5.85,2329.0,86.0
57816,144.9,6.90,24.44,0.1686,5.93,2329.0,86.0
57823,142.9,7.00,24.44,0.1711,5.85,2329.0,86.0
57830,140.8,7.10,24.44,0.1735,5.76,2329.0,86.0
57837,144.9,6.90,24.44,0.1686,5.93,2329.0,86.0
57844,144.9,6.90,24.44,0.1686,5.93,2329.0,86.0
57851,142.9,7.00,24.44,0.1711,5.85,2329.0,86.0
57858,144.9,6.90,24.44,0.1686,5.93,2329.0,86.0
57865,140.8,7.10,24.44,0.1735,5.76,2329.0,86.0
57872,147.1,6.80,24.44,0.1662,6.02,2329.0,86.0
57879,142.9,7.00,24.44,0.1711,5.85,2329.0,86.0
57886,144.9,6.90,24.44,0.1686,5.93,2329.0,86.0
57893,142.9,7.00,24.44,0.1711,5.85,2329.0,86.0
57899,147.1,6.80,24.44,0.1662,6.02,2329.0,86.0
57906,144.9,6.90,24.44,0.1687,5.93,2329.0,86.0
57913,142.9,7.00,24.44,0.1711,5.85,2329.0,86.0
57920,144.9,6.90,24.44,0.1687,5.93,2329.0,86.0
57927,142.9,7.00,24.44,0.1711,5.85,2329.0,86.0
57934,142.9,7.00,24.44,0.1711,5.85,2329.0,86.0
57941,147.1,6.80,24.44,0.1662,6.02,2329.0,86.0
57948,142.9,7.00,24.44,0.1711,5.85,2329.0,86.0
57955,144.9,6.90,24.44,0.1687,5.93,2329.0,86.0
57962,142.9,7.00,24.44,0.1711,5.85,2329.0,86.0
57969,144.9,6.90,24.44,0.1687,5.93,2329.0,86.0
57976,142.9,7.00,24.44,0.1711,5.85,2329.0,86.0
57983,144.9,6.90,24.44,0.1687,5.93,2329.0,86.0
57990,144.9,6.90,24.44,0.1687,5.93,2329.0,86.0
57997,142.9,7.00,24.44,0.1711,5.85,2329.0,86.0
58004,142.9,7.00,24.44,0.1711,5.85,2329.0,86.0
58011,144.9,6.90,24.44,0.1687,5.93,2329.0,86.0
58018,140.8,7.10,24.44,0.1736,5.76,2329.0,86.0
58024,147.1,6.80,24.44,0.1662,6.02,2329.0,86.0
58031,144.9,6.90,24.44,0.1687,5.93,2329.0,86.0
58038,142.9,7.00,24.45,0.1711,5.85,2329.0,86.0
58045,144.9,6.90,24.45,0.1687,5.93,2329.0,86.0
58052,144.9,6.90,24.45,0.1687,5.93,2329.0,86.0
58059,144.9,6.90,24.45,0.1687,5.93,2329.0,86.0
58066,142.9,7.00,24.45,0.1711,5.85,2329.0,86.0
58073,142.9,7.00,24.45,0.1711,5.85,2329.0,86.0
58080,144.9,6.90,24.45,0.1687,5.93,2329.0,86.0
58087,144.9,6.90,24.45,0.1687,5.93,2329.0,86.0
58094,144.9,6.90,24.45,0.1687,5.93,2329.0,86.0
58101,140.8,7.10,24.45,0.1736,5.76,2329.0,86.0
58108,147.1,6.80,24.45,0.1662,6.02,2329.0,86.0
58115,140.8,7.10,24.45,0.1736,5.76,2329.0,86.0
58122,142.9,7.00,24.45,0.1711,5.85,2329.0,86.0
58129,147.1,6.80,24.45,0.1662,6.02,2329.0,86.0
58136,142.9,7.00,24.45,0.1711,5.85,2329.0,86.0
58142,144.9,6.90,24.45,0.1687,5.93,2329.0,86.0
58149,142.9,7.00,24.45,0.1711,5.85,2329.0,86.0
58156,144.9,6.90,24.45,0.1687,5.93,2329.0,86.0
58163,142.9,7.00,24.45,0.1711,5.85,2329.0,86.0
58170,147.1,6.80,24.45,0.1662,6.02,2329.0,86.0
58177,140.8,7.10,24.45,0.1736,5.76,2329.0,86.0
58184,144.9,6.90,24.45,0.1687,5.93,2329.0,86.0
58191,144.9,6.90,24.45,0.1687,5.93,2329.0,86.0
58198,142.9,7.00,24.45,0.1711,5.85,2329.0,86.0
58205,147.1,6.80,24.45,0.1662,6.02,2329.0,86.0
58212,142.9,7.00,24.45,0.1711,5.84,2329.0,86.0
58219,144.9,6.90,24.45,0.1687,5.93,2329.0,86.0
58226,142.9,7.00,24.45,0.1711,5.84,2329.0,86.0
58233,142.9,7.00,24.45,0.1711,5.84,2329.0,86.0
58240,144.9,6.90,24.45,0.1687,5.93,2329.0,86.0
58247,142.9,7.00,24.45,0.1711,5.84,2329.0,86.0
58254,142.9,7.00,24.45,0.1711,5.84,2329.0,86.0
58260,147.1,6.80,24.45,0.1663,6.02,2329.0,86.0
58267,142.9,7.00,24.45,0.1711,5.84,2329.0,86.0
58274,144.9,6.90,24.45,0.1687,5.93,2329.0,86.0
58281,142.9,7.00,24.45,0.1711,5.84,2329.0,86.0
58288,144.9,6.90,24.45,0.1687,5.93,2329.0,86.0
58295,140.8,7.10,24.45,0.1736,5.76,2329.0,86.0
58302,144.9,6.90,24.45,0.1687,5.93,2329.0,86.0
58309,144.9,6.90,24.45,0.1687,5.93,2329.0,86.0
58316,144.9,6.90,24.45,0.1687,5.93,2329.0,86.0
58323,144.9,6.90,24.45,0.1687,5.93,2329.0,86.0
58330,142.9,7.00,24.45,0.1711,5.84,2329.0,86.0
58337,142.9,7.00,24.45,0.1711,5.84,2329.0,86.0
58344,142.9,7.00,24.45,0.1711,5.84,2329.0,86.0
58351,144.9,6.90,24.45,0.1687,5.93,2329.0,86.0
58358,144.9,6.90,24.45,0.1687,5.93,2329.0,86.0
58365,142.9,7.00,24.45,0.1711,5.84,2329.0,86.0
58372,144.9,6.90,24.45,0.1687,5.93,2329.0,86.0
58379,142.9,7.00,24.45,0.1711,5.84,2329.0,86.0
58386,144.9,6.90,24.45,0.1687,5.93,2329.0,86.0
58392,144.9,6.90,24.45,0.1687,5.93,2329.0,86.0
58399,144.9,6.90,24.45,0.1687,5.93,2329.0,86.0
58406,140.8,7.10,24.45,0.1736,5.76,2329.0,86.0
58413,144.9,6.90,24.45,0.1687,5.93,2329.0,86.0
58420,144.9,6.90,24.45,0.1687,5.93,2329.0,86.0
58427,144.9,6.90,24.45,0.1687,5.93,2329.0,86.0
58434,142.9,7.00,24.45,0.1711,5.84,2329.0,86.0
58441,142.9,7.00,24.45,0.1711,5.84,2329.0,86.0
58448,147.1,6.80,24.45,0.1663,6.02,2329.0,86.0
58455,142.9,7.00,24.45,0.1711,5.84,2329.0,86.0
58462,142.9,7.00,24.45,0.1711,5.84,2329.0,86.0
58469,147.1,6.80,24.45,0.1663,6.02,2329.0,86.0
58476,142.9,7.00,24.45,0.1711,5.84,2329.0,86.0
58483,142.9,7.00,24.45,0.1711,5.84,2329.0,86.0
58490,144.9,6.90,24.45,0.1687,5.93,2329.0,86.0
58497,142.9,7.00,24.45,0.1711,5.84,2329.0,86.0
58504,144.9,6.90,24.45,0.1687,5.93,2329.0,86.0
58511,142.9,7.00,24.45,0.1711,5.84,2329.0,86.0
58518,142.9,7.00,24.45,0.1711,5.84,2329.0,86.0
58524,147.1,6.80,24.45,0.1663,6.02,2329.0,86.0
58531,142.9,7.00,24.45,0.1711,5.84,2329.0,86.0
58538,142.9,7.00,24.45,0.1711,5.84,2329.0,86.0
58545,144.9,6.90,24.45,0.1687,5.93,2329.0,86.0
58552,144.9,6.90,24.45,0.1687,5.93,2329.0,86.0
58559,142.9,7.00,24.45,0.1711,5.84,2329.0,86.0
58566,144.9,6.90,24.45,0.1687,5.93,2329.0,86.0
58573,142.9,7.00,24.45,0.1711,5.84,2329.0,86.0
58580,142.9,7.00,24.45,0.1711,5.84,2329.0,86.0
58587,147.1,6.80,24.45,0.1663,6.02,2329.0,86.0
58594,142.9,7.00,24.45,0.1711,5.84,2329.0,86.0
58601,142.9,7.00,24.45,0.1711,5.84,2329.0,86.0
58608,144.9,6.90,24.45,0.1687,5.93,2329.0,86.0
58615,142.9,7.00,24.45,0.1711,5.84,2329.0,86.0
58622,144.9,6.90,24.45,0.1687,5.93,2329.0,86.0
58629,144.9,6.90,24.45,0.1687,5.93,2329.0,86.0
58636,142.9,7.00,24.45,0.1711,5.84,2329.0,86.0
58643,142.9,7.00,24.45,0.1711,5.84,2329.0,86.0
58649,144.9,6.90,24.45,0.1687,5.93,2329.0,86.0
58656,142.9,7.00,24.45,0.1711,5.84,2329.0,86.0
58663,147.1,6.80,24.45,0.1663,6.02,2329.0,86.0
58670,142.9,7.00,24.45,0.1711,5.84,2329.0,86.0
58677,142.9,7.00,24.45,0.1711,5.84,2329.0,86.0
58684,144.9,6.90,24.45,0.1687,5.93,2329.0,86.0
58691,144.9,6.90,24.45,0.1687,5.93,2329.0,86.0
58698,142.9,7.00,24.45,0.1711,5.84,2329.0,86.0
58705,142.9,7.00,24.45,0.1711,5.84,2329.0,86.0
58712,144.9,6.90,24.45,0.1687,5.93,2329.0,86.0
58719,142.9,7.00,24.45,0.1711,5.84,2329.0,86.0
58726,144.9,6.90,24.45,0.1687,5.93,2329.0,86.0
58733,142.9,7.00,24.45,0.1711,5.84,2329.0,86.0
58740,144.9,6.90,24.45,0.1687,5.93,2329.0,86.0
58747,144.9,6.90,24.45,0.1687,5.93,2329.0,86.0
58754,142.9,7.00,24.45,0.1711,5.84,2329.0,86.0
58760,147.1,6.80,24.45,0.1663,6.02,2329.0,86.0
58767,142.9,7.00,24.45,0.1711,5.84,2329.0,86.0
58774,142.9,7.00,24.45,0.1711,5.84,2329.0,86.0
58781,144.9,6.90,24.45,0.1687,5.93,2329.0,86.0
58788,144.9,6.90,24.45,0.1687,5.93,2329.0,86.0
58795,142.9,7.00,24.45,0.1711,5.84,2329.0,86.0
58802,142.9,7.00,24.45,0.1711,5.84,2329.0,86.0
58809,144.9,6.90,24.45,0.1687,5.93,2329.0,86.0
58816,144.9,6.90,24.45,0.1687,5.93,2329.0,86.0
58823,142.9,7.00,24.45,0.1711,5.84,2329.0,86.0
58830,144.9,6.90,24.45,0.1687,5.93,2329.0,86.0
58837,142.9,7.00,24.45,0.1711,5.84,2329.0,86.0
58844,144.9,6.90,24.45,0.1687,5.93,2329.0,86.0
58851,144.9,6.90,24.45,0.1687,5.93,2329.0,86.0
58858,144.9,6.90,24.45,0.1687,5.93,2329.0,86.0
58865,142.9,7.00,24.45,0.1711,5.84,2329.0,86.0
58872,142.9,7.00,24.45,0.1711,5.84,2329.0,86.0
58879,142.9,7.00,24.45,0.1711,5.84,2329.0,86.0
58885,147.1,6.80,24.45,0.1663,6.02,2329.0,86.0
58893,140.8,7.10,24.45,0.1736,5.76,2329.0,86.0
58899,144.9,6.90,24.45,0.1687,5.93,2329.0,86.0
58906,144.9,6.90,24.45,0.1687,5.93,2329.0,86.0
58913,142.9,7.00,24.45,0.1711,5.84,2329.0,86.0
58920,144.9,6.90,24.45,0.1687,5.93,2329.0,86.0
58927,144.9,6.90,24.45,0.1687,5.93,2329.0,86.0
58934,142.9,7.00,24.45,0.1711,5.84,2329.0,86.0
58941,142.9,7.00,24.45,0.1711,5.84,2329.0,86.0
58948,147.1,6.80,24.45,0.1663,6.02,2329.0,86.0
58955,142.9,7.00,24.45,0.1711,5.84,2329.0,86.0
58962,144.9,6.90,24.45,0.1687,5.93,2329.0,86.0
58969,142.9,7.00,24.45,0.1711,5.84,2329.0,86.0
58976,144.9,6.90,24.45,0.1687,5.93,2329.0,86.0
58983,142.9,7.00,24.45,0.1711,5.84,2329.0,86.0
58990,144.9,6.90,24.45,0.1687,5.93,2329.0,86.0
58997,144.9,6.90,24.45,0.1687,5.93,2329.0,86.0
59004,142.9,7.00,24.45,0.1711,5.84,2329.0,86.0
59010,144.9,6.90,24.45,0.1687,5.93,2329.0,86.0
59017,142.9,7.00,24.45,0.1711,5.84,2329.0,86.0
59024,142.9,7.00,24.45,0.1711,5.84,2329.0,86.0
59031,144.9,6.90,24.45,0.1687,5.93,2329.0,86.0
59038,142.9,7.00,24.45,0.1711,5.84,2329.0,86.0
59045,144.9,6.90,24.45,0.1687,5.93,2329.0,86.0
59052,142.9,7.00,24.45,0.1711,5.84,2329.0,86.0
59059,144.9,6.90,24.45,0.1687,5.93,2329.0,86.0
59066,144.9,6.90,24.45,0.1687,5.93,2329.0,86.0
59073,142.9,7.00,24.45,0.1711,5.84,2329.0,86.0
59080,144.9,6.90,24.45,0.1687,5.93,2329.0,86.0
59087,142.9,7.00,24.45,0.1711,5.84,2329.0,86.0
59094,144.9,6.90,24.45,0.1687,5.93,2329.0,86.0
59101,144.9,6.90,24.45,0.1687,5.93,2329.0,86.0
59108,142.9,7.00,24.45,0.1711,5.84,2329.0,86.0
59115,144.9,6.90,24.45,0.1687,5.93,2329.0,86.0
59122,144.9,6.90,24.45,0.1687,5.93,2329.0,86.0
59129,142.9,7.00,24.45,0.1711,5.84,2329.0,86.0
59136,142.9,7.00,24.45,0.1711,5.84,2329.0,86.0
59142,144.9,6.90,24.45,0.1687,5.93,2329.0,86.0
59149,144.9,6.90,24.45,0.1687,5.93,2329.0,86.0
59156,142.9,7.00,24.45,0.1711,5.84,2329.0,86.0
59163,144.9,6.90,24.45,0.1687,5.93,2329.0,86.0
59170,142.9,7.00,24.45,0.1711,5.84,2329.0,86.0
59177,147.1,6.80,24.45,0.1663,6.02,2329.0,86.0
59184,142.9,7.00,24.45,0.1711,5.84,2329.0,86.0
59191,142.9,7.00,24.45,0.1711,5.84,2329.0,86.0
59198,142.9,7.00,24.45,0.1711,5.84,2329.0,86.0
59205,144.9,6.90,24.45,0.1687,5.93,2329.0,86.0
59212,142.9,7.00,24.45,0.1711,5.84,2329.0,86.0
59219,144.9,6.90,24.45,0.1687,5.93,2329.0,86.0
59226,144.9,6.90,24.45,0.1687,5.93,2329.0,86.0
59233,142.9,7.00,24.45,0.1711,5.84,2329.0,86.0
59240,144.9,6.90,24.45,0.1687,5.93,2329.0,86.0
59247,142.9,7.00,24.45,0.1711,5.84,2329.0,86.0
59254,142.9,7.00,24.45,0.1711,5.84,2329.0,86.0
59261,144.9,6.90,24.45,0.1687,5.93,2329.0,86.0
59267,144.9,6.90,24.45,0.1687,5.93,2329.0,86.0
59274,142.9,7.00,24.45,0.1711,5.84,2329.0,86.0
59281,144.9,6.90,24.45,0.1687,5.93,2329.0,86.0
59288,144.9,6.90,24.45,0.1687,5.93,2329.0,86.0
59295,142.9,7.00,24.45,0.1711,5.84,2329.0,86.0
59302,142.9,7.00,24.45,0.1711,5.84,2329.0,86.0
59309,144.9,6.90,24.45,0.1687,5.93,2329.0,86.0
59316,142.9,7.00,24.45,0.1711,5.84,2329.0,86.0
59323,147.1,6.80,24.45,0.1663,6.02,2329.0,86.0
59330,142.9,7.00,24.45,0.1711,5.84,2329.0,86.0
59337,144.9,6.90,24.45,0.1687,5.93,2329.0,86.0
59344,142.9,7.00,24.45,0.1711,5.84,2329.0,86.0
59351,144.9,6.90,24.45,0.1687,5.93,2329.0,86.0
59358,144.9,6.90,24.45,0.1687,5.93,2329.0,86.0
59365,142.9,7.00,24.45,0.1711,5.84,2329.0,86.0
59372,142.9,7.00,24.45,0.1711,5.84,2329.0,86.0
59379,144.9,6.90,24.45,0.1687,5.93,2329.0,86.0
59386,142.9,7.00,24.45,0.1711,5.84,2329.0,86.0
59393,142.9,7.00,24.45,0.1711,5.84,2329.0,86.0
59399,144.9,6.90,24.45,0.1687,5.93,2329.0,86.0
59406,142.9,7.00,24.45,0.1711,5.84,2329.0,86.0
59413,147.1,6.80,24.45,0.1663,6.02,2329.0,86.0
59420,142.9,7.00,24.45,0.1711,5.84,2329.0,86.0
59427,142.9,7.00,24.45,0.1711,5.84,2329.0,86.0
59434,144.9,6.90,24.45,0.1687,5.93,2329.0,86.0
59441,144.9,6.90,24.45,0.1687,5.93,2329.0,86.0
59448,144.9,6.90,24.45,0.1687,5.93,2329.0,86.0
59455,142.9,7.00,24.45,0.1711,5.84,2329.0,86.0
59462,144.9,6.90,24.45,0.1687,5.93,2329.0,86.0
59469,144.9,6.90,24.45,0.1687,5.93,2329.0,86.0
59476,142.9,7.00,24.45,0.1711,5.84,2329.0,86.0
59483,144.9,6.90,24.45,0.1687,5.93,2329.0,86.0
59490,140.8,7.10,24.45,0.1736,5.76,2329.0,86.0
59497,147.1,6.80,24.45,0.1663,6.02,2329.0,86.0
59504,142.9,7.00,24.45,0.1711,5.84,2329.0,86.0
59511,142.9,7.00,24.45,0.1711,5.84,2329.0,86.0
59518,142.9,7.00,24.45,0.1711,5.84,2329.0,86.0
59524,144.9,6.90,24.45,0.1687,5.93,2329.0,86.0
59531,144.9,6.90,24.45,0.1687,5.93,2329.0,86.0
59538,144.9,6.90,24.45,0.1687,5.93,2329.0,86.0
59545,142.9,7.00,24.45,0.1711,5.84,2329.0,86.0
59552,144.9,6.90,24.45,0.1687,5.93,2329.0,86.0
59559,142.9,7.00,24.45,0.1711,5.84,2329.0,86.0
59566,144.9,6.90,24.45,0.1687,5.93,2329.0,86.0
59573,144.9,6.90,24.45,0.1687,5.93,2329.0,86.0
59580,142.9,7.00,24.45,0.1711,5.84,2329.0,86.0
59587,144.9,6.90,24.45,0.1687,5.93,2329.0,86.0
59594,142.9,7.00,24.45,0.1711,5.84,2329.0,86.0
59601,144.9,6.90,24.45,0.1687,5.93,2329.0,86.0
59608,142.9,7.00,24.45,0.1711,5.84,2329.0,86.0
59615,144.9,6.90,24.45,0.1687,5.93,2329.0,86.0
59622,142.9,7.00,24.45,0.1711,5.84,2329.0,86.0
59628,147.1,6.80,24.45,0.1663,6.02,2329.0,86.0
59635,142.9,7.00,24.45,0.1711,5.84,2329.0,86.0
59642,144.9,6.90,24.45,0.1687,5.93,2329.0,86.0
59649,140.8,7.10,24.45,0.1736,5.76,2329.0,86.0
59656,144.9,6.90,24.45,0.1687,5.93,2329.0,86.0
59663,144.9,6.90,24.45,0.1687,5.93,2329.0,86.0
59670,142.9,7.00,24.45,0.1711,5.84,2329.0,86.0
59677,144.9,6.90,24.45,0.1687,5.93,2329.0,86.0
59684,142.9,7.00,24.45,0.1711,5.84,2329.0,86.0
59691,144.9,6.90,24.45,0.1687,5.93,2329.0,86.0
59698,140.8,7.10,24.45,0.1736,5.76,2329.0,86.0
59705,147.1,6.80,24.45,0.1663,6.02,2329.0,86.0
59712,142.9,7.00,24.45,0.1711,5.84,2329.0,86.0
59719,144.9,6.90,24.45,0.1687,5.93,2329.0,86.0
59726,142.9,7.00,24.45,0.1711,5.84,2329.0,86.0
59733,144.9,6.90,24.45,0.1687,5.93,2329.0,86.0
59740,144.9,6.90,24.45,0.1687,5.93,2329.0,86.0
59747,142.9,7.00,24.45,0.1711,5.84,2329.0,86.0
59754,144.9,6.90,24.45,0.1687,5.93,2329.0,86.0
59761,142.9,7.00,24.45,0.1711,5.84,2329.0,86.0
59767,144.9,6.90,24.45,0.1687,5.93,2329.0,86.0
59774,142.9,7.00,24.45,0.1711,5.84,2329.0,86.0
59781,144.9,6.90,24.45,0.1687,5.93,2329.0,86.0
59788,142.9,7.00,24.45,0.1711,5.84,2329.0,86.0
59795,144.9,6.90,24.45,0.1687,5.93,2329.0,86.0
59802,142.9,7.00,24.45,0.1711,5.84,2329.0,86.0
59809,144.9,6.90,24.45,0.1687,5.93,2329.0,86.0
59816,142.9,7.00,24.45,0.1711,5.84,2329.0,86.0
59823,147.1,6.80,24.45,0.1663,6.02,2329.0,86.0
59830,142.9,7.00,24.45,0.1711,5.84,2329.0,86.0
59837,142.9,7.00,24.45,0.1711,5.84,2329.0,86.0
59844,144.9,6.90,24.45,0.1687,5.93,2329.0,86.0
59851,142.9,7.00,24.45,0.1711,5.84,2329.0,86.0
59858,147.1,6.80,24.45,0.1663,6.02,2329.0,86.0
59865,142.9,7.00,24.45,0.1711,5.84,2329.0,86.0
59872,144.9,6.90,24.45,0.1687,5.93,2329.0,86.0
59879,142.9,7.00,24.45,0.1711,5.84,2329.0,86.0
59885,144.9,6.90,24.45,0.1687,5.93,2329.0,86.0
59894,119.0,8.40,24.45,0.2054,4.87,2329.0,86.0
59899,178.6,5.60,24.45,0.1369,7.30,2329.0,86.0
59906,144.9,6.90,24.45,0.1687,5.93,2329.0,86.0
59913,144.9,6.90,24.45,0.1687,5.93,2329.0,86.0
59920,142.9,7.00,24.45,0.1711,5.84,2329.0,86.0
59927,144.9,6.90,24.45,0.1687,5.93,2329.0,86.0
59934,142.9,7.00,24.45,0.1711,5.84,2329.0,86.0
59941,144.9,6.90,24.45,0.1687,5.93,2329.0,86.0
59948,142.9,7.00,24.45,0.1711,5.84,2329.0,86.0
59955,144.9,6.90,24.45,0.1687,5.93,2329.0,86.0
59962,144.9,6.90,24.45,0.1687,5.93,2329.0,86.0
59969,142.9,7.00,24.45,0.1711,5.84,2329.0,86.0
59976,142.9,7.00,24.45,0.1711,5.84,2329.0,86.0
59983,144.9,6.90,24.45,0.1687,5.93,2329.0,86.0
59990,144.9,6.90,24.45,0.1687,5.93,2329.0,86.0
59997,144.9,6.90,24.45,0.1687,5.93,2329.0,86.0
60004,142.9,7.00,24.45,0.1711,5.84,2329.0,86.0
