=== ANALISE DE METRICAS DE GPU (Green IT + VRAM) ===
API de Renderizacao: WEBGL-RAW
Cenario: B
Timestamp Unix de Inicio do Ensaio (ms): 1787800810728
Janela do Ensaio: 60.00 s
Amostras de GPU Utilizadas (nvidia-smi): 15571

--- CONSUMO ACUMULADO DO ENSAIO (integral da curva de potencia) ---
Potencia Media (ponderada pelo tempo, janela de 60s): 23.06 W
Consumo Acumulado do Ensaio: 1383.39 J (0.3843 Wh)

--- METRICAS POR QUADRO (media sobre 8635 frames correlacionados) ---
Potencia Instantanea Media: 23.06 W
Potencia Instantanea Minima: 11.72 W
Potencia Instantanea Maxima: 24.17 W
Assinatura Energetica Media por Quadro (Joules/Frame): 0.1602 J
Coeficiente de Eficiencia Medio (Frames por Watt): 6.26 FPS/W
Total de Quadros Correlacionados: 8635 frames

--- ALOCACAO DE VRAM (MB, via nvidia-smi memory.used) ---
VRAM Media durante o Ensaio: 589.3 MB
VRAM Minima durante o Ensaio: 589.0 MB
VRAM Maxima durante o Ensaio: 604.0 MB

--- TEMPERATURA DA GPU (°C, via nvidia-smi temperature.gpu) ---
Temperatura Media durante o Ensaio: 81.9 °C
Temperatura Minima durante o Ensaio: 79.0 °C
Temperatura Maxima durante o Ensaio: 82.0 °C
Deriva Termica no Ensaio (fim - inicio): +3.0 °C
  (nao e uma metrica da pesquisa — serve para auditar se a GPU estava em
  equilibrio termico. Compare entre ensaios do mesmo lote para checar vies
  sistematico entre condicoes testadas no inicio vs. no fim do lote.)

--- CLOCK E THROTTLING TERMICO (via nvidia-smi, 549 amostras na janela do ensaio) ---
Clock de Nucleo Medio: 780 MHz
Clock de Nucleo Minimo: 780 MHz
Clock de Nucleo Maximo: 780 MHz
Tempo em SW Thermal Slowdown: 0.0 %
Tempo em HW Thermal Slowdown: 0.0 %
Tempo em Throttling Termico (SW ou HW): 0.0 %
  (a temperatura de nucleo do nvidia-smi satura num teto de fabrica e por
  isso nao revela throttling sustentado por si so -- clock e o flag do
  proprio driver mostram o efeito direto, sem precisar inferir a partir
  de temperatura+potencia+FPS.)

--- DADOS BRUTOS QUADRO A QUADRO (COM ENERGIA, VRAM E TEMPERATURA) ---
Tempo Decorrido (ms),FPS Instantaneo,Tempo de Frame (ms),Potencia Instantanea (W),Energia do Quadro (J),Frames por Watt,VRAM (MB),Temperatura (C)
3,384.6,2.60,11.72,0.0305,32.82,604.0,79.0
10,142.9,7.00,11.72,0.0820,12.19,604.0,79.0
17,142.9,7.00,11.72,0.0820,12.19,604.0,79.0
24,144.9,6.90,11.72,0.0809,12.36,604.0,79.0
31,142.9,7.00,11.72,0.0820,12.19,604.0,79.0
38,142.9,7.00,11.72,0.0820,12.19,604.0,79.0
44,147.1,6.80,11.72,0.0797,12.55,604.0,79.0
51,142.9,7.00,11.72,0.0820,12.19,604.0,79.0
58,142.9,7.00,11.72,0.0820,12.19,604.0,79.0
93,28.7,34.80,11.72,0.4079,2.45,604.0,79.0
100,147.1,6.80,11.72,0.0797,12.55,604.0,79.0
121,48.1,20.80,11.72,0.2438,4.10,602.5,79.0
128,140.8,7.10,11.72,0.0832,12.01,601.9,79.0
135,144.9,6.90,11.72,0.0809,12.36,601.2,79.0
142,144.9,6.90,11.72,0.0809,12.36,600.6,79.0
149,142.9,7.00,11.72,0.0820,12.19,600.0,79.0
156,144.9,6.90,11.72,0.0809,12.36,599.3,79.0
163,142.9,7.00,11.72,0.0820,12.19,598.7,79.0
169,147.1,6.80,11.72,0.0797,12.55,598.1,79.0
176,142.9,7.00,11.72,0.0820,12.19,597.5,79.0
183,142.9,7.00,11.72,0.0820,12.19,596.8,79.0
190,144.9,6.90,11.72,0.0809,12.36,596.2,79.0
197,142.9,7.00,11.72,0.0820,12.19,595.6,79.0
204,144.9,6.90,11.72,0.0809,12.36,594.9,79.0
211,144.9,6.90,11.72,0.0809,12.36,594.3,79.0
218,142.9,7.00,11.94,0.0836,11.97,594.0,79.1
225,142.9,7.00,12.33,0.0863,11.59,594.0,79.2
232,144.9,6.90,12.72,0.0877,11.39,594.0,79.3
239,144.9,6.90,13.10,0.0904,11.06,594.0,79.5
246,142.9,7.00,13.49,0.0944,10.59,594.0,79.6
253,144.9,6.90,13.88,0.0958,10.44,594.0,79.7
260,142.9,7.00,14.27,0.0999,10.02,594.0,79.8
267,144.9,6.90,14.65,0.1011,9.89,594.0,80.0
274,144.9,6.90,15.04,0.1038,9.63,594.0,80.1
281,142.9,7.00,15.43,0.1080,9.26,594.0,80.2
287,144.9,6.90,15.76,0.1088,9.19,594.0,80.3
294,142.9,7.00,16.15,0.1130,8.85,594.0,80.5
301,142.9,7.00,16.54,0.1158,8.64,594.0,80.6
308,147.1,6.80,16.92,0.1151,8.69,594.0,80.7
315,142.9,7.00,17.31,0.1212,8.25,594.0,80.8
322,142.9,7.00,17.70,0.1239,8.07,594.0,81.0
329,144.9,6.90,17.81,0.1229,8.14,594.0,81.0
336,142.9,7.00,17.81,0.1247,8.02,594.0,81.0
343,144.9,6.90,17.81,0.1229,8.14,594.0,81.0
350,144.9,6.90,17.81,0.1229,8.14,594.0,81.0
357,142.9,7.00,17.81,0.1247,8.02,594.0,81.0
364,144.9,6.90,17.81,0.1229,8.14,594.0,81.0
371,144.9,6.90,17.81,0.1229,8.14,594.0,81.0
378,142.9,7.00,17.81,0.1247,8.02,594.0,81.0
385,142.9,7.00,17.81,0.1247,8.02,594.0,81.0
392,144.9,6.90,17.81,0.1229,8.14,594.0,81.0
399,142.9,7.00,17.81,0.1247,8.02,594.0,81.0
406,144.9,6.90,17.81,0.1229,8.14,594.0,81.0
412,144.9,6.90,17.81,0.1229,8.14,594.0,81.0
419,142.9,7.00,17.81,0.1247,8.02,594.0,81.0
426,144.9,6.90,17.81,0.1229,8.14,594.0,81.0
433,144.9,6.90,17.81,0.1229,8.14,594.0,81.0
440,142.9,7.00,17.81,0.1247,8.02,594.0,81.0
447,144.9,6.90,17.81,0.1229,8.14,594.0,81.0
454,142.9,7.00,17.81,0.1247,8.02,594.0,81.0
461,142.9,7.00,17.81,0.1247,8.02,594.0,81.0
468,144.9,6.90,17.81,0.1229,8.14,594.0,81.0
475,142.9,7.00,17.81,0.1247,8.02,594.0,81.0
482,147.1,6.80,17.81,0.1211,8.26,594.0,81.0
489,142.9,7.00,17.81,0.1247,8.02,594.0,81.0
496,144.9,6.90,17.81,0.1229,8.14,594.0,81.0
503,142.9,7.00,17.81,0.1247,8.02,594.0,81.0
510,144.9,6.90,17.81,0.1229,8.14,594.0,81.0
517,140.8,7.10,17.81,0.1265,7.91,594.0,81.0
524,147.1,6.80,17.81,0.1211,8.26,594.0,81.0
531,142.9,7.00,17.81,0.1247,8.02,594.0,81.0
537,144.9,6.90,17.81,0.1229,8.14,594.0,81.0
544,144.9,6.90,17.81,0.1229,8.14,594.0,81.0
551,142.9,7.00,17.81,0.1247,8.02,594.0,81.0
558,142.9,7.00,17.81,0.1247,8.02,594.0,81.0
565,142.9,7.00,17.81,0.1247,8.02,594.0,81.0
572,147.1,6.80,17.81,0.1211,8.26,594.0,81.0
579,142.9,7.00,17.81,0.1247,8.02,594.0,81.0
586,142.9,7.00,17.81,0.1247,8.02,594.0,81.0
593,144.9,6.90,17.81,0.1229,8.14,594.0,81.0
600,144.9,6.90,17.81,0.1229,8.14,594.0,81.0
607,144.9,6.90,17.81,0.1229,8.14,594.0,81.0
614,140.8,7.10,17.81,0.1265,7.91,594.0,81.0
621,144.9,6.90,17.81,0.1229,8.14,594.0,81.0
628,144.9,6.90,17.81,0.1229,8.14,594.0,81.0
635,142.9,7.00,17.81,0.1247,8.02,594.0,81.0
642,144.9,6.90,17.81,0.1229,8.14,594.0,81.0
649,142.9,7.00,17.81,0.1247,8.02,594.0,81.0
656,144.9,6.90,17.81,0.1229,8.14,594.0,81.0
662,144.9,6.90,17.81,0.1229,8.14,594.0,81.0
669,144.9,6.90,17.81,0.1229,8.14,594.0,81.0
676,142.9,7.00,17.81,0.1247,8.02,594.0,81.0
683,142.9,7.00,17.81,0.1247,8.02,594.0,81.0
690,144.9,6.90,17.81,0.1229,8.14,594.0,81.0
697,142.9,7.00,17.81,0.1247,8.02,594.0,81.0
704,144.9,6.90,17.81,0.1229,8.14,594.0,81.0
711,144.9,6.90,17.81,0.1229,8.14,594.0,81.0
718,142.9,7.00,17.81,0.1247,8.02,594.0,81.0
725,144.9,6.90,17.81,0.1229,8.14,594.0,81.0
732,142.9,7.00,17.81,0.1247,8.02,594.0,81.0
739,144.9,6.90,17.81,0.1229,8.14,594.0,81.0
746,142.9,7.00,17.81,0.1247,8.02,594.0,81.0
753,144.9,6.90,17.81,0.1229,8.14,594.0,81.0
760,144.9,6.90,17.81,0.1229,8.14,594.0,81.0
767,142.9,7.00,18.01,0.1261,7.94,594.0,81.0
774,144.9,6.90,18.35,0.1266,7.89,594.0,81.0
781,142.9,7.00,18.70,0.1309,7.64,594.0,81.0
787,144.9,6.90,19.00,0.1311,7.63,594.0,81.0
794,144.9,6.90,19.35,0.1335,7.49,594.0,81.0
801,142.9,7.00,19.69,0.1378,7.26,594.0,81.0
808,144.9,6.90,20.04,0.1383,7.23,594.0,81.0
815,142.9,7.00,20.39,0.1427,7.01,594.0,81.0
822,142.9,7.00,20.73,0.1451,6.89,594.0,81.0
829,144.9,6.90,21.08,0.1455,6.87,594.0,81.0
836,144.9,6.90,21.43,0.1478,6.76,594.0,81.0
843,142.9,7.00,21.77,0.1524,6.56,594.0,81.0
850,144.9,6.90,22.12,0.1526,6.55,594.0,81.0
857,142.9,7.00,22.47,0.1573,6.36,594.0,81.0
864,144.9,6.90,22.81,0.1574,6.35,594.0,81.0
871,144.9,6.90,23.16,0.1598,6.26,594.0,81.0
878,142.9,7.00,23.21,0.1625,6.16,594.0,81.0
885,144.9,6.90,23.21,0.1601,6.24,594.0,81.0
892,142.9,7.00,23.21,0.1625,6.16,594.0,81.0
899,142.9,7.00,23.21,0.1625,6.16,594.0,81.0
905,147.1,6.80,23.21,0.1578,6.34,594.0,81.0
912,142.9,7.00,23.21,0.1625,6.16,594.0,81.0
919,144.9,6.90,23.21,0.1601,6.24,594.0,81.0
926,142.9,7.00,23.21,0.1625,6.16,594.0,81.0
933,142.9,7.00,23.21,0.1625,6.16,594.0,81.0
940,144.9,6.90,23.21,0.1601,6.24,594.0,81.0
947,142.9,7.00,23.21,0.1625,6.16,594.0,81.0
954,144.9,6.90,23.21,0.1601,6.24,594.0,81.0
961,144.9,6.90,23.21,0.1601,6.24,594.0,81.0
968,144.9,6.90,23.21,0.1601,6.24,594.0,81.0
975,142.9,7.00,23.21,0.1625,6.16,594.0,81.0
982,142.9,7.00,23.21,0.1625,6.16,594.0,81.0
989,144.9,6.90,23.21,0.1601,6.24,594.0,81.0
996,142.9,7.00,23.21,0.1625,6.16,594.0,81.0
1003,144.9,6.90,23.21,0.1601,6.24,594.0,81.0
1010,144.9,6.90,23.21,0.1601,6.24,594.0,81.0
1017,142.9,7.00,23.21,0.1625,6.16,594.0,81.0
1024,142.9,7.00,23.21,0.1625,6.16,594.0,81.0
1031,144.9,6.90,23.21,0.1601,6.24,594.0,81.0
1037,144.9,6.90,23.21,0.1601,6.24,594.0,81.0
1044,144.9,6.90,23.21,0.1601,6.24,594.0,81.0
1051,142.9,7.00,23.21,0.1625,6.16,594.0,81.0
1058,144.9,6.90,23.21,0.1601,6.24,594.0,81.0
1065,142.9,7.00,23.21,0.1625,6.16,594.0,81.0
1072,144.9,6.90,23.21,0.1601,6.24,594.0,81.0
1079,142.9,7.00,23.21,0.1625,6.16,594.0,81.0
1086,142.9,7.00,23.21,0.1625,6.16,594.0,81.0
1093,147.1,6.80,23.21,0.1578,6.34,594.0,81.0
1100,140.8,7.10,23.21,0.1648,6.07,594.0,81.0
1107,144.9,6.90,23.21,0.1601,6.24,594.0,81.0
1114,142.9,7.00,23.21,0.1625,6.16,594.0,81.0
1121,144.9,6.90,23.21,0.1601,6.24,594.0,81.0
1128,144.9,6.90,23.21,0.1601,6.24,594.0,81.0
1135,142.9,7.00,23.21,0.1625,6.16,594.0,81.0
1142,144.9,6.90,23.21,0.1601,6.24,594.0,81.0
1149,144.9,6.90,23.21,0.1601,6.24,594.0,81.0
1156,142.9,7.00,23.21,0.1625,6.16,594.0,81.0
1162,144.9,6.90,23.21,0.1601,6.24,594.0,81.0
1169,142.9,7.00,23.21,0.1625,6.16,594.0,81.0
1176,144.9,6.90,23.21,0.1601,6.24,594.0,81.0
1183,144.9,6.90,23.21,0.1601,6.24,594.0,81.0
1190,142.9,7.00,23.21,0.1625,6.16,594.0,81.0
1197,144.9,6.90,23.21,0.1601,6.24,594.0,81.0
1204,142.9,7.00,23.22,0.1626,6.15,594.0,81.0
1211,142.9,7.00,23.28,0.1629,6.14,594.0,81.0
1218,144.9,6.90,23.33,0.1610,6.21,594.0,81.0
1225,144.9,6.90,23.38,0.1613,6.20,594.0,81.0
1232,142.9,7.00,23.43,0.1640,6.10,594.0,81.0
1239,144.9,6.90,23.48,0.1620,6.17,594.0,81.0
1246,144.9,6.90,23.54,0.1624,6.16,594.0,81.0
1253,142.9,7.00,23.59,0.1651,6.06,594.0,81.0
1260,142.9,7.00,23.64,0.1655,6.04,594.0,81.0
1267,144.9,6.90,23.69,0.1635,6.12,594.0,81.0
1274,144.9,6.90,23.74,0.1638,6.10,594.0,81.0
1280,144.9,6.90,23.79,0.1641,6.09,594.0,81.0
1287,142.9,7.00,23.84,0.1669,5.99,594.0,81.0
1294,142.9,7.00,23.89,0.1672,5.98,594.0,81.0
1301,144.9,6.90,23.94,0.1652,6.05,594.0,81.0
1308,144.9,6.90,24.00,0.1656,6.04,594.0,81.0
1315,142.9,7.00,24.04,0.1683,5.94,594.0,81.0
1322,142.9,7.00,24.04,0.1683,5.94,594.0,81.0
1329,147.1,6.80,24.04,0.1635,6.12,594.0,81.0
1336,140.8,7.10,24.04,0.1707,5.86,594.0,81.0
1343,147.1,6.80,24.04,0.1635,6.12,594.0,81.0
1350,140.8,7.10,24.04,0.1707,5.86,594.0,81.0
1357,144.9,6.90,24.04,0.1659,6.03,594.0,81.0
1364,144.9,6.90,24.04,0.1659,6.03,594.0,81.0
1371,142.9,7.00,24.04,0.1683,5.94,594.0,81.0
1378,144.9,6.90,24.04,0.1659,6.03,594.0,81.0
1385,144.9,6.90,24.04,0.1659,6.03,594.0,81.0
1392,144.9,6.90,24.04,0.1659,6.03,594.0,81.0
1399,140.8,7.10,24.04,0.1707,5.86,594.0,81.0
1405,147.1,6.80,24.04,0.1635,6.12,594.0,81.0
1412,144.9,6.90,24.04,0.1659,6.03,594.0,81.0
1419,140.8,7.10,24.04,0.1707,5.86,594.0,81.0
1426,144.9,6.90,24.04,0.1659,6.03,594.0,81.0
1433,144.9,6.90,24.04,0.1659,6.03,594.0,81.0
1440,142.9,7.00,24.04,0.1683,5.94,594.0,81.0
1447,144.9,6.90,24.04,0.1659,6.03,594.0,81.0
1454,144.9,6.90,24.04,0.1659,6.03,594.0,81.0
1461,142.9,7.00,24.04,0.1683,5.94,594.0,81.0
1468,142.9,7.00,24.04,0.1683,5.94,594.0,81.0
1475,144.9,6.90,24.04,0.1659,6.03,594.0,81.0
1482,142.9,7.00,24.04,0.1683,5.94,594.0,81.0
1489,144.9,6.90,24.04,0.1659,6.03,594.0,81.0
1496,142.9,7.00,24.04,0.1683,5.94,594.0,81.0
1503,147.1,6.80,24.04,0.1635,6.12,594.0,81.0
1510,140.8,7.10,24.04,0.1707,5.86,594.0,81.0
1517,147.1,6.80,24.04,0.1635,6.12,594.0,81.0
1524,142.9,7.00,24.04,0.1683,5.94,594.0,81.0
1531,142.9,7.00,24.04,0.1683,5.94,594.0,81.0
1537,144.9,6.90,24.04,0.1659,6.03,594.0,81.0
1544,144.9,6.90,24.04,0.1659,6.03,594.0,81.0
1551,142.9,7.00,24.04,0.1683,5.94,594.0,81.0
1558,142.9,7.00,24.04,0.1683,5.94,594.0,81.0
1565,144.9,6.90,24.04,0.1659,6.03,594.0,81.0
1572,142.9,7.00,24.04,0.1683,5.94,594.0,81.0
1579,144.9,6.90,24.04,0.1659,6.03,594.0,81.0
1586,144.9,6.90,24.04,0.1659,6.03,594.0,81.0
1593,142.9,7.00,24.04,0.1683,5.94,594.0,81.0
1600,144.9,6.90,24.04,0.1659,6.03,594.0,81.0
1607,144.9,6.90,24.04,0.1659,6.03,594.0,81.0
1614,142.9,7.00,24.04,0.1683,5.94,594.0,81.0
1621,142.9,7.00,24.04,0.1683,5.94,594.0,81.0
1628,144.9,6.90,24.04,0.1659,6.03,594.0,81.0
1635,144.9,6.90,24.04,0.1659,6.03,594.0,81.0
1642,142.9,7.00,24.04,0.1683,5.94,594.0,81.0
1649,144.9,6.90,24.04,0.1659,6.03,593.9,81.0
1656,142.9,7.00,24.04,0.1683,5.94,593.9,81.0
1662,144.9,6.90,24.04,0.1659,6.03,593.8,81.0
1669,142.9,7.00,24.04,0.1683,5.94,593.8,81.0
1676,144.9,6.90,24.04,0.1659,6.03,593.7,81.0
1683,144.9,6.90,24.04,0.1659,6.03,593.6,81.0
1690,142.9,7.00,24.04,0.1683,5.94,593.6,81.0
1697,144.9,6.90,24.04,0.1659,6.03,593.5,81.0
1704,144.9,6.90,24.04,0.1659,6.03,593.4,81.0
1711,140.8,7.10,24.04,0.1707,5.86,593.4,81.0
1718,144.9,6.90,24.04,0.1659,6.03,593.3,81.0
1725,144.9,6.90,24.04,0.1659,6.03,593.2,81.0
1732,142.9,7.00,24.04,0.1683,5.94,593.2,81.0
1739,142.9,7.00,24.04,0.1683,5.94,593.1,81.0
1746,144.9,6.90,24.04,0.1659,6.03,593.0,81.0
1753,144.9,6.90,24.04,0.1659,6.03,593.0,81.0
1760,142.9,7.00,24.03,0.1682,5.95,593.0,81.0
1767,144.9,6.90,24.02,0.1657,6.03,593.0,81.0
1774,144.9,6.90,24.01,0.1657,6.03,593.0,81.0
1780,144.9,6.90,24.01,0.1656,6.04,593.0,81.0
1787,142.9,7.00,24.00,0.1680,5.95,593.0,81.0
1794,142.9,7.00,23.99,0.1679,5.96,593.0,81.0
1801,144.9,6.90,23.98,0.1655,6.04,593.0,81.0
1808,144.9,6.90,23.97,0.1654,6.04,593.0,81.0
1815,142.9,7.00,23.96,0.1678,5.96,593.0,81.0
1822,142.9,7.00,23.96,0.1677,5.97,593.0,81.0
1829,144.9,6.90,23.95,0.1652,6.05,593.0,81.0
1836,144.9,6.90,23.94,0.1652,6.05,593.0,81.0
1843,144.9,6.90,23.93,0.1651,6.05,593.0,81.0
1850,142.9,7.00,23.92,0.1675,5.97,593.0,81.0
1857,144.9,6.90,23.91,0.1650,6.06,593.0,81.0
1864,144.9,6.90,23.91,0.1650,6.06,593.0,81.0
1871,142.9,7.00,23.91,0.1674,5.98,593.0,81.0
1878,142.9,7.00,23.91,0.1674,5.98,593.0,81.0
1885,142.9,7.00,23.91,0.1674,5.98,593.0,81.0
1892,144.9,6.90,23.91,0.1650,6.06,593.0,81.0
1899,144.9,6.90,23.91,0.1650,6.06,593.0,81.0
1906,142.9,7.00,23.91,0.1674,5.98,593.0,81.0
1912,144.9,6.90,23.91,0.1650,6.06,593.0,81.0
1919,142.9,7.00,23.91,0.1674,5.98,593.0,81.0
1926,147.1,6.80,23.91,0.1626,6.15,593.0,81.0
1933,140.8,7.10,23.91,0.1698,5.89,593.0,81.0
1940,144.9,6.90,23.91,0.1650,6.06,593.0,81.0
1947,144.9,6.90,23.91,0.1650,6.06,593.0,81.0
1954,142.9,7.00,23.91,0.1674,5.98,593.0,81.0
1961,144.9,6.90,23.91,0.1650,6.06,593.0,81.0
1968,142.9,7.00,23.91,0.1674,5.98,593.0,81.0
1975,144.9,6.90,23.91,0.1650,6.06,593.0,81.0
1982,142.9,7.00,23.91,0.1674,5.98,593.0,81.0
1989,144.9,6.90,23.91,0.1650,6.06,593.0,81.0
1996,142.9,7.00,23.91,0.1674,5.98,593.0,81.0
2003,147.1,6.80,23.91,0.1626,6.15,593.0,81.0
2010,142.9,7.00,23.91,0.1674,5.98,593.0,81.0
2017,144.9,6.90,23.91,0.1650,6.06,593.0,81.0
2024,142.9,7.00,23.91,0.1674,5.98,593.0,81.0
2030,144.9,6.90,23.91,0.1650,6.06,593.0,81.0
2037,142.9,7.00,23.91,0.1674,5.98,593.0,81.0
2044,144.9,6.90,23.91,0.1650,6.06,593.0,81.0
2051,144.9,6.90,23.91,0.1650,6.06,593.0,81.0
2058,142.9,7.00,23.91,0.1674,5.98,593.0,81.0
2065,142.9,7.00,23.91,0.1674,5.98,593.0,81.0
2072,144.9,6.90,23.91,0.1650,6.06,593.0,81.0
2079,142.9,7.00,23.91,0.1674,5.98,593.0,81.0
2086,144.9,6.90,23.91,0.1650,6.06,593.0,81.0
2093,142.9,7.00,23.91,0.1674,5.98,593.0,81.0
2100,144.9,6.90,23.91,0.1650,6.06,593.0,81.0
2107,144.9,6.90,23.91,0.1650,6.06,593.0,81.0
2114,142.9,7.00,23.91,0.1674,5.98,593.0,81.0
2121,144.9,6.90,23.91,0.1650,6.06,593.0,81.0
2128,142.9,7.00,23.91,0.1674,5.98,593.0,81.0
2135,142.9,7.00,23.91,0.1674,5.98,593.0,81.0
2142,147.1,6.80,23.91,0.1626,6.15,593.0,81.0
2149,142.9,7.00,23.91,0.1674,5.98,593.0,81.0
2156,142.9,7.00,23.91,0.1674,5.98,593.0,81.0
2162,144.9,6.90,23.91,0.1650,6.06,593.0,81.0
2169,144.9,6.90,23.91,0.1650,6.06,593.0,81.0
2176,142.9,7.00,23.91,0.1674,5.98,593.0,81.0
2183,144.9,6.90,23.91,0.1650,6.06,593.0,81.0
2190,142.9,7.00,23.91,0.1674,5.98,593.0,81.0
2197,144.9,6.90,23.91,0.1650,6.06,593.0,81.0
2204,142.9,7.00,23.90,0.1673,5.98,593.0,81.0
2211,144.9,6.90,23.90,0.1649,6.06,593.0,81.0
2218,142.9,7.00,23.90,0.1673,5.98,593.0,81.0
2225,144.9,6.90,23.90,0.1649,6.06,593.0,81.0
2232,144.9,6.90,23.89,0.1649,6.06,593.0,81.0
2239,144.9,6.90,23.89,0.1648,6.07,593.0,81.0
2246,140.8,7.10,23.89,0.1696,5.89,593.0,81.0
2253,144.9,6.90,23.89,0.1648,6.07,593.0,81.0
2260,142.9,7.00,23.88,0.1672,5.98,593.0,81.0
2267,144.9,6.90,23.88,0.1648,6.07,593.0,81.0
2274,144.9,6.90,23.88,0.1648,6.07,593.0,81.0
2280,144.9,6.90,23.88,0.1647,6.07,593.0,81.0
2287,142.9,7.00,23.87,0.1671,5.99,593.0,81.0
2294,142.9,7.00,23.87,0.1671,5.99,593.0,81.0
2301,144.9,6.90,23.87,0.1647,6.07,593.0,81.0
2308,144.9,6.90,23.87,0.1647,6.07,593.0,81.0
2315,142.9,7.00,23.87,0.1671,5.99,593.0,81.0
2322,144.9,6.90,23.87,0.1647,6.07,593.0,81.0
2329,142.9,7.00,23.87,0.1671,5.99,593.0,81.0
2336,144.9,6.90,23.87,0.1647,6.07,593.0,81.0
2343,142.9,7.00,23.87,0.1671,5.99,593.0,81.0
2350,147.1,6.80,23.87,0.1623,6.16,593.0,81.0
2357,140.8,7.10,23.87,0.1695,5.90,593.0,81.0
2364,147.1,6.80,23.87,0.1623,6.16,593.0,81.0
2371,142.9,7.00,23.87,0.1671,5.99,593.0,81.0
2378,142.9,7.00,23.87,0.1671,5.99,593.0,81.0
2385,142.9,7.00,23.87,0.1671,5.99,593.0,81.0
2392,147.1,6.80,23.87,0.1623,6.16,593.0,81.0
2399,142.9,7.00,23.87,0.1671,5.99,593.0,81.0
2406,142.9,7.00,23.87,0.1671,5.99,593.0,81.0
2412,147.1,6.80,23.87,0.1623,6.16,593.0,81.0
2419,140.8,7.10,23.87,0.1695,5.90,593.0,81.0
2426,147.1,6.80,23.87,0.1623,6.16,593.0,81.0
2433,142.9,7.00,23.87,0.1671,5.99,593.0,81.0
2440,142.9,7.00,23.87,0.1671,5.99,593.0,81.0
2447,144.9,6.90,23.87,0.1647,6.07,593.0,81.0
2454,142.9,7.00,23.87,0.1671,5.99,593.0,81.0
2461,142.9,7.00,23.87,0.1671,5.99,593.0,81.0
2468,144.9,6.90,23.87,0.1647,6.07,593.0,81.0
2475,144.9,6.90,23.87,0.1647,6.07,593.0,81.0
2482,144.9,6.90,23.87,0.1647,6.07,593.0,81.0
2489,142.9,7.00,23.87,0.1671,5.99,593.0,81.0
2496,144.9,6.90,23.87,0.1647,6.07,593.0,81.0
2503,142.9,7.00,23.87,0.1671,5.99,593.0,81.0
2510,142.9,7.00,23.87,0.1671,5.99,593.0,81.0
2517,147.1,6.80,23.87,0.1623,6.16,592.9,81.0
2524,142.9,7.00,23.87,0.1671,5.99,592.7,81.0
2530,144.9,6.90,23.87,0.1647,6.07,592.6,81.0
2537,144.9,6.90,23.87,0.1647,6.07,592.4,81.0
2544,140.8,7.10,23.87,0.1695,5.90,592.2,81.0
2551,144.9,6.90,23.87,0.1647,6.07,592.0,81.0
2558,144.9,6.90,23.87,0.1647,6.07,591.8,81.0
2565,142.9,7.00,23.87,0.1671,5.99,591.6,81.0
2572,144.9,6.90,23.87,0.1647,6.07,591.4,81.0
2579,144.9,6.90,23.87,0.1647,6.07,591.2,81.0
2586,142.9,7.00,23.87,0.1671,5.99,591.0,81.0
2593,144.9,6.90,23.87,0.1647,6.07,590.8,81.0
2600,142.9,7.00,23.87,0.1671,5.99,590.6,81.0
2607,142.9,7.00,23.87,0.1671,5.99,590.4,81.0
2614,144.9,6.90,23.87,0.1647,6.07,590.2,81.0
2621,144.9,6.90,23.87,0.1647,6.07,590.0,81.0
2628,142.9,7.00,23.87,0.1671,5.99,590.0,81.0
2635,144.9,6.90,23.87,0.1647,6.07,590.0,81.0
2642,144.9,6.90,23.87,0.1647,6.07,590.0,81.0
2649,142.9,7.00,23.87,0.1671,5.99,590.0,81.0
2655,144.9,6.90,23.87,0.1647,6.07,590.0,81.0
2662,144.9,6.90,23.87,0.1647,6.07,590.0,81.0
2669,142.9,7.00,23.87,0.1671,5.99,590.0,81.0
2676,142.9,7.00,23.87,0.1671,5.99,590.0,81.0
2683,144.9,6.90,23.87,0.1647,6.07,590.0,81.0
2690,142.9,7.00,23.87,0.1671,5.99,590.0,81.0
2697,144.9,6.90,23.87,0.1647,6.07,590.0,81.0
2704,144.9,6.90,23.87,0.1647,6.07,590.0,81.0
2711,142.9,7.00,23.87,0.1671,5.99,590.0,81.0
2718,144.9,6.90,23.87,0.1647,6.07,590.0,81.0
2725,142.9,7.00,23.87,0.1671,5.99,590.0,81.0
2732,144.9,6.90,23.87,0.1647,6.07,590.0,81.0
2739,142.9,7.00,23.88,0.1671,5.99,590.0,81.0
2746,144.9,6.90,23.88,0.1648,6.07,590.0,81.0
2753,142.9,7.00,23.89,0.1672,5.98,590.0,81.0
2760,142.9,7.00,23.89,0.1672,5.98,590.0,81.0
2767,144.9,6.90,23.90,0.1649,6.06,590.0,81.0
2774,144.9,6.90,23.90,0.1649,6.06,590.0,81.0
2781,142.9,7.00,23.91,0.1673,5.98,590.0,81.0
2787,144.9,6.90,23.91,0.1650,6.06,590.0,81.0
2794,144.9,6.90,23.92,0.1650,6.06,590.0,81.0
2801,142.9,7.00,23.92,0.1674,5.97,590.0,81.0
2808,144.9,6.90,23.93,0.1651,6.06,590.0,81.0
2815,144.9,6.90,23.93,0.1651,6.05,590.0,81.0
2822,142.9,7.00,23.94,0.1676,5.97,590.0,81.0
2829,144.9,6.90,23.94,0.1652,6.05,590.0,81.0
2836,142.9,7.00,23.95,0.1676,5.97,590.0,81.0
2843,144.9,6.90,23.95,0.1653,6.05,590.0,81.0
2850,144.9,6.90,23.95,0.1653,6.05,590.0,81.0
2857,142.9,7.00,23.95,0.1676,5.97,590.0,81.0
2864,142.9,7.00,23.95,0.1676,5.97,590.0,81.0
2871,144.9,6.90,23.95,0.1653,6.05,590.0,81.0
2878,142.9,7.00,23.95,0.1676,5.97,590.0,81.0
2885,144.9,6.90,23.95,0.1653,6.05,590.0,81.0
2892,144.9,6.90,23.95,0.1653,6.05,590.0,81.0
2899,142.9,7.00,23.95,0.1676,5.97,590.0,81.0
2905,144.9,6.90,23.95,0.1653,6.05,590.0,81.0
2912,142.9,7.00,23.95,0.1676,5.97,590.0,81.0
2919,142.9,7.00,23.95,0.1676,5.97,590.0,81.0
2926,144.9,6.90,23.95,0.1653,6.05,590.0,81.0
2933,144.9,6.90,23.95,0.1653,6.05,590.0,81.0
2940,142.9,7.00,23.95,0.1676,5.97,590.0,81.0
2947,144.9,6.90,23.95,0.1653,6.05,590.0,81.0
2954,142.9,7.00,23.95,0.1676,5.97,590.0,81.0
2961,144.9,6.90,23.95,0.1653,6.05,590.0,81.0
2968,144.9,6.90,23.95,0.1653,6.05,590.0,81.0
2975,142.9,7.00,23.95,0.1676,5.97,590.0,81.0
2982,144.9,6.90,23.95,0.1653,6.05,590.0,81.0
2989,142.9,7.00,23.95,0.1676,5.97,590.0,81.0
2996,142.9,7.00,23.95,0.1676,5.97,590.0,81.0
3003,147.1,6.80,23.95,0.1629,6.14,590.0,81.0
3010,142.9,7.00,23.95,0.1676,5.97,590.0,81.0
3017,142.9,7.00,23.95,0.1676,5.97,590.0,81.0
3024,144.9,6.90,23.95,0.1653,6.05,590.0,81.0
3030,144.9,6.90,23.95,0.1653,6.05,590.0,81.0
3037,142.9,7.00,23.95,0.1676,5.97,590.0,81.0
3044,142.9,7.00,23.95,0.1676,5.97,590.0,81.0
3051,144.9,6.90,23.95,0.1653,6.05,590.0,81.0
3058,144.9,6.90,23.95,0.1653,6.05,590.0,81.0
3065,142.9,7.00,23.95,0.1676,5.97,590.0,81.0
3072,144.9,6.90,23.95,0.1653,6.05,590.0,81.0
3079,142.9,7.00,23.95,0.1676,5.97,590.0,81.0
3086,147.1,6.80,23.95,0.1629,6.14,590.0,81.0
3093,140.8,7.10,23.95,0.1700,5.88,590.0,81.0
3100,144.9,6.90,23.95,0.1653,6.05,590.0,81.0
3107,144.9,6.90,23.95,0.1653,6.05,590.0,81.0
3114,142.9,7.00,23.95,0.1676,5.97,590.0,81.0
3121,144.9,6.90,23.95,0.1653,6.05,590.0,81.0
3128,142.9,7.00,23.95,0.1676,5.97,590.0,81.0
3135,144.9,6.90,23.95,0.1653,6.05,590.0,81.0
3142,144.9,6.90,23.95,0.1653,6.05,590.0,81.0
3149,142.9,7.00,23.95,0.1676,5.97,590.0,81.0
3155,144.9,6.90,23.95,0.1653,6.05,590.0,81.0
3162,142.9,7.00,23.95,0.1676,5.97,590.0,81.0
3169,144.9,6.90,23.95,0.1653,6.05,590.0,81.0
3176,142.9,7.00,23.95,0.1676,5.97,590.0,81.0
3183,144.9,6.90,23.95,0.1653,6.05,590.0,81.0
3190,142.9,7.00,23.95,0.1676,5.97,590.0,81.0
3197,144.9,6.90,23.95,0.1653,6.05,590.0,81.0
3204,144.9,6.90,23.95,0.1653,6.05,590.0,81.0
3211,142.9,7.00,23.95,0.1676,5.97,590.0,81.0
3218,144.9,6.90,23.95,0.1653,6.05,590.0,81.0
3225,142.9,7.00,23.95,0.1676,5.97,590.0,81.0
3232,144.9,6.90,23.95,0.1653,6.05,590.0,81.0
3239,142.9,7.00,23.95,0.1676,5.97,590.0,81.0
3246,144.9,6.90,23.95,0.1653,6.05,590.0,81.0
3253,142.9,7.00,23.95,0.1676,5.97,590.0,81.0
3260,144.9,6.90,23.95,0.1653,6.05,590.0,81.0
3267,144.9,6.90,23.95,0.1653,6.05,590.0,81.0
3274,142.9,7.00,23.95,0.1676,5.97,590.0,81.0
3280,144.9,6.90,23.95,0.1653,6.05,590.0,81.0
3287,142.9,7.00,23.95,0.1676,5.97,590.0,81.0
3294,144.9,6.90,23.95,0.1652,6.05,590.0,81.0
3301,142.9,7.00,23.95,0.1676,5.97,590.0,81.0
3308,144.9,6.90,23.95,0.1652,6.05,590.0,81.0
3315,144.9,6.90,23.95,0.1652,6.05,590.0,81.0
3322,142.9,7.00,23.95,0.1676,5.97,590.0,81.0
3329,144.9,6.90,23.95,0.1652,6.05,590.0,81.0
3336,142.9,7.00,23.95,0.1676,5.97,590.0,81.0
3343,144.9,6.90,23.94,0.1652,6.05,590.0,81.0
3350,142.9,7.00,23.94,0.1676,5.97,590.0,81.0
3357,144.9,6.90,23.94,0.1652,6.05,590.0,81.0
3364,142.9,7.00,23.94,0.1676,5.97,590.0,81.0
3371,144.9,6.90,23.94,0.1652,6.05,590.0,81.0
3378,144.9,6.90,23.94,0.1652,6.05,590.0,81.0
3385,142.9,7.00,23.94,0.1676,5.97,590.0,81.0
3392,144.9,6.90,23.94,0.1652,6.05,590.0,81.0
3399,142.9,7.00,23.94,0.1676,5.97,590.0,81.0
3405,144.9,6.90,23.94,0.1652,6.05,590.0,81.0
3412,142.9,7.00,23.94,0.1676,5.97,590.0,81.0
3419,144.9,6.90,23.94,0.1652,6.05,590.0,81.0
3426,142.9,7.00,23.94,0.1676,5.97,590.0,81.0
3433,147.1,6.80,23.94,0.1628,6.14,590.0,81.0
3440,142.9,7.00,23.94,0.1676,5.97,590.0,81.0
3447,142.9,7.00,23.94,0.1676,5.97,590.0,81.0
3454,144.9,6.90,23.94,0.1652,6.05,590.0,81.0
3461,142.9,7.00,23.94,0.1676,5.97,590.0,81.0
3468,144.9,6.90,23.94,0.1652,6.05,590.0,81.0
3475,142.9,7.00,23.94,0.1676,5.97,590.0,81.0
3482,142.9,7.00,23.94,0.1676,5.97,590.0,81.0
3489,144.9,6.90,23.94,0.1652,6.05,590.0,81.0
3496,144.9,6.90,23.94,0.1652,6.05,590.0,81.0
3503,142.9,7.00,23.94,0.1676,5.97,590.0,81.0
3510,144.9,6.90,23.94,0.1652,6.05,590.0,81.0
3517,144.9,6.90,23.94,0.1652,6.05,590.0,81.0
3524,142.9,7.00,23.94,0.1676,5.97,590.0,81.0
3530,144.9,6.90,23.94,0.1652,6.05,590.0,81.0
3537,142.9,7.00,23.94,0.1676,5.97,590.0,81.0
3544,144.9,6.90,23.94,0.1652,6.05,590.0,81.0
3551,142.9,7.00,23.94,0.1676,5.97,590.0,81.0
3558,144.9,6.90,23.94,0.1652,6.05,590.0,81.0
3565,142.9,7.00,23.94,0.1676,5.97,590.0,81.0
3572,144.9,6.90,23.94,0.1652,6.05,590.0,81.0
3579,144.9,6.90,23.94,0.1652,6.05,590.0,81.0
3586,142.9,7.00,23.94,0.1676,5.97,590.0,81.0
3593,144.9,6.90,23.94,0.1652,6.05,590.0,81.0
3600,142.9,7.00,23.94,0.1676,5.97,590.0,81.0
3607,144.9,6.90,23.94,0.1652,6.05,590.0,81.0
3614,142.9,7.00,23.94,0.1676,5.97,590.0,81.0
3621,144.9,6.90,23.94,0.1652,6.05,590.0,81.0
3628,142.9,7.00,23.94,0.1676,5.97,590.0,81.0
3635,144.9,6.90,23.94,0.1652,6.05,590.0,81.0
3642,144.9,6.90,23.94,0.1652,6.05,590.0,81.0
3649,142.9,7.00,23.94,0.1676,5.97,590.0,81.0
3656,142.9,7.00,23.94,0.1676,5.97,590.0,81.0
3662,144.9,6.90,23.94,0.1652,6.05,590.0,81.0
3669,144.9,6.90,23.94,0.1652,6.05,590.0,81.0
3676,144.9,6.90,23.94,0.1652,6.05,590.0,81.0
3683,142.9,7.00,23.94,0.1676,5.97,590.0,81.0
3690,142.9,7.00,23.94,0.1676,5.97,590.0,81.0
3697,147.1,6.80,23.94,0.1628,6.14,590.0,81.0
3704,142.9,7.00,23.94,0.1676,5.97,590.0,81.0
3711,144.9,6.90,23.94,0.1652,6.05,590.0,81.0
3718,142.9,7.00,23.94,0.1676,5.97,590.0,81.0
3725,142.9,7.00,23.94,0.1676,5.97,590.0,81.0
3732,142.9,7.00,23.94,0.1676,5.97,590.0,81.0
3739,147.1,6.80,23.95,0.1628,6.14,590.0,81.0
3746,142.9,7.00,23.95,0.1676,5.97,590.0,81.0
3753,144.9,6.90,23.95,0.1653,6.05,590.0,81.0
3760,142.9,7.00,23.95,0.1677,5.97,590.0,81.0
3767,144.9,6.90,23.96,0.1653,6.05,590.0,81.0
3774,142.9,7.00,23.96,0.1677,5.96,590.0,81.0
3780,144.9,6.90,23.96,0.1653,6.05,590.0,81.0
3787,142.9,7.00,23.96,0.1677,5.96,590.0,81.0
3794,144.9,6.90,23.97,0.1654,6.05,590.0,81.0
3801,144.9,6.90,23.97,0.1654,6.05,590.0,81.0
3808,142.9,7.00,23.97,0.1678,5.96,590.0,81.0
3815,144.9,6.90,23.97,0.1654,6.04,590.0,81.0
3822,144.9,6.90,23.98,0.1654,6.04,590.0,81.0
3829,142.9,7.00,23.98,0.1679,5.96,590.0,81.0
3836,142.9,7.00,23.98,0.1679,5.96,590.0,81.0
3843,144.9,6.90,23.98,0.1655,6.04,590.0,81.0
3850,144.9,6.90,23.98,0.1655,6.04,590.0,81.0
3857,142.9,7.00,23.98,0.1679,5.96,590.0,81.0
3864,144.9,6.90,23.98,0.1655,6.04,590.0,81.0
3871,142.9,7.00,23.98,0.1679,5.96,590.0,81.0
3878,144.9,6.90,23.98,0.1655,6.04,590.0,81.0
3885,142.9,7.00,23.98,0.1679,5.96,590.0,81.0
3892,142.9,7.00,23.98,0.1679,5.96,590.0,81.0
3899,144.9,6.90,23.98,0.1655,6.04,590.0,81.0
3905,144.9,6.90,23.98,0.1655,6.04,590.0,81.0
3912,144.9,6.90,23.98,0.1655,6.04,590.0,81.0
3919,140.8,7.10,23.98,0.1703,5.87,590.0,81.0
3926,147.1,6.80,23.98,0.1631,6.13,590.0,81.0
3933,142.9,7.00,23.98,0.1679,5.96,590.0,81.0
3940,144.9,6.90,23.98,0.1655,6.04,590.0,81.0
3947,142.9,7.00,23.98,0.1679,5.96,590.0,81.0
3954,144.9,6.90,23.98,0.1655,6.04,590.0,81.0
3961,142.9,7.00,23.98,0.1679,5.96,590.0,81.0
3968,144.9,6.90,23.98,0.1655,6.04,590.0,81.0
3975,142.9,7.00,23.98,0.1679,5.96,590.0,81.0
3982,144.9,6.90,23.98,0.1655,6.04,590.0,81.0
3989,142.9,7.00,23.98,0.1679,5.96,590.0,81.0
3996,144.9,6.90,23.98,0.1655,6.04,590.0,81.0
4003,144.9,6.90,23.98,0.1655,6.04,590.0,81.0
4010,142.9,7.00,23.98,0.1679,5.96,590.0,81.0
4017,144.9,6.90,23.98,0.1655,6.04,590.0,81.0
4024,142.9,7.00,23.98,0.1679,5.96,590.0,81.0
4030,144.9,6.90,23.98,0.1655,6.04,590.0,81.0
4037,144.9,6.90,23.98,0.1655,6.04,590.0,81.0
4044,140.8,7.10,23.98,0.1703,5.87,590.0,81.0
4051,147.1,6.80,23.98,0.1631,6.13,590.0,81.0
4058,142.9,7.00,23.98,0.1679,5.96,590.0,81.0
4065,144.9,6.90,23.98,0.1655,6.04,590.0,81.0
4072,142.9,7.00,23.98,0.1679,5.96,590.0,81.0
4079,144.9,6.90,23.98,0.1655,6.04,590.0,81.0
4086,142.9,7.00,23.98,0.1679,5.96,590.0,81.0
4093,144.9,6.90,23.98,0.1655,6.04,590.0,81.0
4100,142.9,7.00,23.98,0.1679,5.96,590.0,81.0
4107,142.9,7.00,23.98,0.1679,5.96,590.0,81.0
4114,144.9,6.90,23.98,0.1655,6.04,590.0,81.0
4121,144.9,6.90,23.98,0.1655,6.04,590.0,81.0
4128,144.9,6.90,23.98,0.1655,6.04,590.0,81.0
4135,142.9,7.00,23.98,0.1679,5.96,590.0,81.0
4142,144.9,6.90,23.98,0.1655,6.04,590.0,81.0
4149,142.9,7.00,23.98,0.1679,5.96,590.0,81.0
4155,144.9,6.90,23.98,0.1655,6.04,590.0,81.0
4162,142.9,7.00,23.98,0.1679,5.96,590.0,81.0
4169,142.9,7.00,23.98,0.1679,5.96,590.0,81.0
4176,147.1,6.80,23.98,0.1631,6.13,590.0,81.0
4183,142.9,7.00,23.98,0.1679,5.96,590.0,81.0
4190,142.9,7.00,23.98,0.1679,5.96,590.0,81.0
4197,144.9,6.90,23.98,0.1655,6.04,590.0,81.0
4204,144.9,6.90,23.98,0.1655,6.04,590.0,81.0
4211,142.9,7.00,23.98,0.1679,5.96,590.0,81.0
4218,144.9,6.90,23.98,0.1655,6.04,590.0,81.0
4225,142.9,7.00,23.98,0.1679,5.96,590.0,81.0
4232,144.9,6.90,23.98,0.1655,6.04,590.0,81.0
4239,144.9,6.90,23.98,0.1655,6.04,590.0,81.0
4246,142.9,7.00,23.98,0.1679,5.96,590.0,81.0
4253,144.9,6.90,23.98,0.1655,6.04,590.0,81.0
4260,142.9,7.00,23.98,0.1679,5.96,590.0,81.0
4267,144.9,6.90,23.98,0.1655,6.04,590.0,81.0
4274,142.9,7.00,23.99,0.1679,5.96,590.0,81.0
4280,144.9,6.90,23.99,0.1655,6.04,590.0,81.0
4287,144.9,6.90,24.00,0.1656,6.04,590.0,81.0
4294,142.9,7.00,24.00,0.1680,5.95,590.0,81.0
4301,144.9,6.90,24.01,0.1657,6.04,590.0,81.0
4308,144.9,6.90,24.01,0.1657,6.03,590.0,81.0
4315,142.9,7.00,24.02,0.1681,5.95,590.0,81.0
4322,142.9,7.00,24.03,0.1682,5.95,590.0,81.0
4329,144.9,6.90,24.03,0.1658,6.03,590.0,81.0
4336,144.9,6.90,24.04,0.1659,6.03,590.0,81.0
4343,142.9,7.00,24.04,0.1683,5.94,590.0,81.0
4350,142.9,7.00,24.05,0.1683,5.94,590.0,81.0
4357,144.9,6.90,24.05,0.1660,6.02,590.0,81.0
4364,144.9,6.90,24.06,0.1660,6.02,590.0,81.0
4371,142.9,7.00,24.07,0.1685,5.94,590.0,81.0
4378,144.9,6.90,24.07,0.1661,6.02,590.0,81.0
4385,142.9,7.00,24.07,0.1685,5.94,590.0,81.0
4392,144.9,6.90,24.07,0.1661,6.02,590.0,81.0
4399,142.9,7.00,24.07,0.1685,5.94,590.0,81.0
4405,144.9,6.90,24.07,0.1661,6.02,590.0,81.0
4412,142.9,7.00,24.07,0.1685,5.94,590.0,81.0
4419,144.9,6.90,24.07,0.1661,6.02,590.0,81.0
4426,144.9,6.90,24.07,0.1661,6.02,590.0,81.0
4433,144.9,6.90,24.07,0.1661,6.02,590.0,81.0
4440,142.9,7.00,24.07,0.1685,5.94,590.0,81.0
4447,142.9,7.00,24.07,0.1685,5.94,590.0,81.0
4454,144.9,6.90,24.07,0.1661,6.02,590.0,81.0
4461,144.9,6.90,24.07,0.1661,6.02,590.0,81.0
4468,142.9,7.00,24.07,0.1685,5.94,590.0,81.0
4475,142.9,7.00,24.07,0.1685,5.94,590.0,81.0
4482,144.9,6.90,24.07,0.1661,6.02,590.0,81.0
4489,142.9,7.00,24.07,0.1685,5.94,590.0,81.0
4496,144.9,6.90,24.07,0.1661,6.02,590.0,81.0
4503,144.9,6.90,24.07,0.1661,6.02,590.0,81.0
4510,142.9,7.00,24.07,0.1685,5.94,590.0,81.0
4517,142.9,7.00,24.07,0.1685,5.94,590.0,81.0
4524,144.9,6.90,24.07,0.1661,6.02,590.0,81.0
4530,144.9,6.90,24.07,0.1661,6.02,590.0,81.0
4537,142.9,7.00,24.07,0.1685,5.94,590.0,81.0
4544,144.9,6.90,24.07,0.1661,6.02,590.0,81.0
4551,142.9,7.00,24.07,0.1685,5.94,590.0,81.0
4558,147.1,6.80,24.07,0.1637,6.11,590.0,81.0
4565,142.9,7.00,24.07,0.1685,5.94,590.0,81.0
4572,142.9,7.00,24.07,0.1685,5.94,590.0,81.0
4579,144.9,6.90,24.07,0.1661,6.02,590.0,81.0
4586,142.9,7.00,24.07,0.1685,5.94,590.0,81.0
4593,144.9,6.90,24.07,0.1661,6.02,590.0,81.0
4600,142.9,7.00,24.07,0.1685,5.94,590.0,81.0
4607,144.9,6.90,24.07,0.1661,6.02,590.0,81.0
4614,144.9,6.90,24.07,0.1661,6.02,590.0,81.0
4621,144.9,6.90,24.07,0.1661,6.02,590.0,81.0
4628,140.8,7.10,24.07,0.1709,5.85,590.0,81.0
4635,144.9,6.90,24.07,0.1661,6.02,590.0,81.0
4642,144.9,6.90,24.07,0.1661,6.02,590.0,81.0
4649,142.9,7.00,24.07,0.1685,5.94,590.0,81.0
4655,144.9,6.90,24.07,0.1661,6.02,590.0,81.0
4662,142.9,7.00,24.07,0.1685,5.94,590.0,81.0
4669,144.9,6.90,24.07,0.1661,6.02,590.0,81.0
4676,144.9,6.90,24.07,0.1661,6.02,590.0,81.0
4683,142.9,7.00,24.07,0.1685,5.94,590.0,81.0
4690,144.9,6.90,24.07,0.1661,6.02,590.0,81.0
4697,142.9,7.00,24.07,0.1685,5.94,590.0,81.0
4704,144.9,6.90,24.07,0.1661,6.02,590.0,81.0
4711,142.9,7.00,24.08,0.1685,5.94,589.9,81.1
4718,144.9,6.90,24.08,0.1662,6.02,589.9,81.1
4725,144.9,6.90,24.09,0.1662,6.01,589.8,81.2
4732,142.9,7.00,24.10,0.1687,5.93,589.7,81.3
4739,144.9,6.90,24.10,0.1663,6.01,589.7,81.3
4746,144.9,6.90,24.11,0.1664,6.01,589.6,81.4
4753,140.8,7.10,24.12,0.1712,5.84,589.5,81.5
4760,144.9,6.90,24.12,0.1664,6.01,589.5,81.5
4767,144.9,6.90,24.13,0.1665,6.01,589.4,81.6
4774,142.9,7.00,24.14,0.1689,5.92,589.3,81.7
4780,144.9,6.90,24.14,0.1666,6.00,589.3,81.7
4787,144.9,6.90,24.15,0.1666,6.00,589.2,81.8
4794,142.9,7.00,24.15,0.1691,5.92,589.2,81.8
4801,144.9,6.90,24.16,0.1667,6.00,589.1,81.9
4808,142.9,7.00,24.17,0.1692,5.91,589.0,82.0
4815,144.9,6.90,24.17,0.1668,6.00,589.0,82.0
4822,142.9,7.00,24.17,0.1692,5.91,589.0,82.0
4829,142.9,7.00,24.17,0.1692,5.91,589.0,82.0
4836,144.9,6.90,24.17,0.1668,6.00,589.0,82.0
4843,144.9,6.90,24.17,0.1668,6.00,589.0,82.0
4850,142.9,7.00,24.17,0.1692,5.91,589.0,82.0
4857,144.9,6.90,24.17,0.1668,6.00,589.0,82.0
4864,142.9,7.00,24.17,0.1692,5.91,589.0,82.0
4871,144.9,6.90,24.17,0.1668,6.00,589.0,82.0
4878,142.9,7.00,24.17,0.1692,5.91,589.0,82.0
4885,147.1,6.80,24.17,0.1644,6.09,589.0,82.0
4892,142.9,7.00,24.17,0.1692,5.91,589.0,82.0
4899,142.9,7.00,24.17,0.1692,5.91,589.0,82.0
4905,144.9,6.90,24.17,0.1668,6.00,589.0,82.0
4912,144.9,6.90,24.17,0.1668,6.00,589.0,82.0
4919,144.9,6.90,24.17,0.1668,6.00,589.0,82.0
4926,142.9,7.00,24.17,0.1692,5.91,589.0,82.0
4933,142.9,7.00,24.17,0.1692,5.91,589.0,82.0
4940,144.9,6.90,24.17,0.1668,6.00,589.0,82.0
4947,144.9,6.90,24.17,0.1668,6.00,589.0,82.0
4954,142.9,7.00,24.17,0.1692,5.91,589.0,82.0
4961,144.9,6.90,24.17,0.1668,6.00,589.0,82.0
4968,142.9,7.00,24.17,0.1692,5.91,589.0,82.0
4975,144.9,6.90,24.17,0.1668,6.00,589.0,82.0
4982,142.9,7.00,24.17,0.1692,5.91,589.0,82.0
4989,144.9,6.90,24.17,0.1668,6.00,589.0,82.0
4996,142.9,7.00,24.17,0.1692,5.91,589.0,82.0
5003,144.9,6.90,24.17,0.1668,6.00,589.0,82.0
5010,144.9,6.90,24.17,0.1668,6.00,589.0,82.0
5017,142.9,7.00,24.17,0.1692,5.91,589.0,82.0
5024,142.9,7.00,24.17,0.1692,5.91,589.0,82.0
5030,144.9,6.90,24.17,0.1668,6.00,589.0,82.0
5037,144.9,6.90,24.17,0.1668,6.00,589.0,82.0
5044,142.9,7.00,24.17,0.1692,5.91,589.0,82.0
5051,144.9,6.90,24.17,0.1668,6.00,589.0,82.0
5058,142.9,7.00,24.17,0.1692,5.91,589.0,82.0
5065,144.9,6.90,24.17,0.1668,6.00,589.0,82.0
5072,144.9,6.90,24.17,0.1668,6.00,589.0,82.0
5079,144.9,6.90,24.17,0.1668,6.00,589.0,82.0
5086,142.9,7.00,24.17,0.1692,5.91,589.0,82.0
5093,142.9,7.00,24.17,0.1692,5.91,589.0,82.0
5100,144.9,6.90,24.17,0.1668,6.00,589.0,82.0
5107,142.9,7.00,24.17,0.1692,5.91,589.0,82.0
5114,142.9,7.00,24.17,0.1692,5.91,589.0,82.0
5121,147.1,6.80,24.17,0.1644,6.09,589.0,82.0
5128,140.8,7.10,24.17,0.1716,5.83,589.0,82.0
5135,147.1,6.80,24.17,0.1644,6.09,589.0,82.0
5141,144.9,6.90,24.17,0.1668,6.00,589.0,82.0
5148,142.9,7.00,24.17,0.1692,5.91,589.0,82.0
5155,142.9,7.00,24.17,0.1692,5.91,589.0,82.0
5162,142.9,7.00,24.17,0.1692,5.91,589.0,82.0
5169,147.1,6.80,24.17,0.1644,6.09,589.0,82.0
5176,140.8,7.10,24.17,0.1716,5.83,589.0,82.0
5183,144.9,6.90,24.17,0.1668,6.00,589.0,82.0
5190,144.9,6.90,24.17,0.1668,6.00,589.0,82.0
5197,142.9,7.00,24.17,0.1692,5.91,589.0,82.0
5204,144.9,6.90,24.17,0.1668,6.00,589.0,82.0
5211,144.9,6.90,24.17,0.1668,6.00,589.0,82.0
5218,144.9,6.90,24.17,0.1668,6.00,589.0,82.0
5225,140.8,7.10,24.17,0.1716,5.83,589.0,82.0
5232,144.9,6.90,24.17,0.1668,6.00,589.0,82.0
5239,144.9,6.90,24.17,0.1668,6.00,589.0,82.0
5246,144.9,6.90,24.17,0.1668,6.00,589.0,82.0
5253,142.9,7.00,24.17,0.1692,5.91,589.0,82.0
5260,142.9,7.00,24.17,0.1692,5.91,589.0,82.0
5267,144.9,6.90,24.17,0.1668,6.00,589.0,82.0
5273,144.9,6.90,24.17,0.1668,6.00,589.0,82.0
5280,142.9,7.00,24.17,0.1692,5.91,589.0,82.0
5287,144.9,6.90,24.17,0.1668,6.00,589.0,82.0
5294,144.9,6.90,24.17,0.1668,6.00,589.0,82.0
5301,142.9,7.00,24.17,0.1692,5.91,589.0,82.0
5308,142.9,7.00,24.17,0.1692,5.91,589.0,82.0
5315,144.9,6.90,24.17,0.1668,6.00,589.0,82.0
5322,142.9,7.00,24.17,0.1692,5.91,589.0,82.0
5329,147.1,6.80,24.17,0.1644,6.09,589.0,82.0
5336,142.9,7.00,24.17,0.1692,5.91,589.0,82.0
5343,142.9,7.00,24.17,0.1692,5.91,589.0,82.0
5350,142.9,7.00,24.17,0.1692,5.91,589.0,82.0
5357,144.9,6.90,24.17,0.1668,6.00,589.0,82.0
5364,142.9,7.00,24.17,0.1692,5.91,589.0,82.0
5371,147.1,6.80,24.17,0.1644,6.09,589.0,82.0
5378,142.9,7.00,24.17,0.1692,5.91,589.0,82.0
5385,144.9,6.90,24.17,0.1668,6.00,589.0,82.0
5392,142.9,7.00,24.17,0.1692,5.91,589.0,82.0
5398,144.9,6.90,24.17,0.1668,6.00,589.0,82.0
5405,142.9,7.00,24.17,0.1692,5.91,589.0,82.0
5412,142.9,7.00,24.17,0.1692,5.91,589.0,82.0
5419,144.9,6.90,24.17,0.1668,6.00,589.0,82.0
5426,144.9,6.90,24.17,0.1668,6.00,589.0,82.0
5433,144.9,6.90,24.17,0.1668,6.00,589.0,82.0
5440,142.9,7.00,24.17,0.1692,5.91,589.0,82.0
5447,142.9,7.00,24.17,0.1692,5.91,589.0,82.0
5454,144.9,6.90,24.17,0.1668,6.00,589.0,82.0
5461,142.9,7.00,24.17,0.1692,5.91,589.0,82.0
5468,147.1,6.80,24.17,0.1644,6.09,589.0,82.0
5475,142.9,7.00,24.17,0.1692,5.91,589.0,82.0
5482,144.9,6.90,24.17,0.1668,6.00,589.0,82.0
5489,142.9,7.00,24.17,0.1692,5.91,589.0,82.0
5496,142.9,7.00,24.17,0.1692,5.91,589.0,82.0
5503,144.9,6.90,24.17,0.1668,6.00,589.0,82.0
5510,144.9,6.90,24.17,0.1668,6.00,589.0,82.0
5517,142.9,7.00,24.17,0.1692,5.91,589.0,82.0
5523,144.9,6.90,24.17,0.1668,6.00,589.0,82.0
5530,142.9,7.00,24.17,0.1692,5.91,589.0,82.0
5537,144.9,6.90,24.17,0.1668,6.00,589.0,82.0
5544,142.9,7.00,24.17,0.1692,5.91,589.0,82.0
5551,142.9,7.00,24.17,0.1692,5.91,589.0,82.0
5558,144.9,6.90,24.17,0.1668,6.00,589.0,82.0
5565,144.9,6.90,24.17,0.1668,6.00,589.0,82.0
5572,144.9,6.90,24.17,0.1668,6.00,589.0,82.0
5579,142.9,7.00,24.17,0.1692,5.91,589.0,82.0
5586,142.9,7.00,24.17,0.1692,5.91,589.0,82.0
5593,144.9,6.90,24.17,0.1668,6.00,589.0,82.0
5600,144.9,6.90,24.17,0.1668,6.00,589.0,82.0
5607,142.9,7.00,24.17,0.1692,5.91,589.0,82.0
5614,142.9,7.00,24.17,0.1692,5.91,589.0,82.0
5621,147.1,6.80,24.17,0.1644,6.09,589.0,82.0
5628,142.9,7.00,24.17,0.1692,5.91,589.0,82.0
5635,142.9,7.00,24.17,0.1692,5.91,589.0,82.0
5642,144.9,6.90,24.17,0.1668,6.00,589.0,82.0
5649,142.9,7.00,24.17,0.1692,5.91,589.0,82.0
5655,147.1,6.80,24.17,0.1644,6.09,589.0,82.0
5662,142.9,7.00,24.17,0.1692,5.91,589.0,82.0
5669,142.9,7.00,24.17,0.1692,5.91,589.0,82.0
5676,144.9,6.90,24.17,0.1668,6.00,589.0,82.0
5683,142.9,7.00,24.17,0.1692,5.91,589.0,82.0
5690,144.9,6.90,24.17,0.1668,6.00,589.0,82.0
5697,144.9,6.90,24.17,0.1668,6.00,589.0,82.0
5704,142.9,7.00,24.17,0.1692,5.91,589.0,82.0
5711,142.9,7.00,24.17,0.1692,5.91,589.0,82.0
5718,144.9,6.90,24.16,0.1667,6.00,589.0,82.0
5725,144.9,6.90,24.16,0.1667,6.00,589.0,82.0
5732,142.9,7.00,24.16,0.1691,5.91,589.0,82.0
5739,144.9,6.90,24.16,0.1667,6.00,589.0,82.0
5746,144.9,6.90,24.16,0.1667,6.00,589.0,82.0
5753,142.9,7.00,24.16,0.1691,5.92,589.0,82.0
5760,144.9,6.90,24.16,0.1667,6.00,589.0,82.0
5767,142.9,7.00,24.16,0.1691,5.92,589.0,82.0
5774,142.9,7.00,24.15,0.1691,5.92,589.0,82.0
5780,147.1,6.80,24.15,0.1642,6.09,589.0,82.0
5787,142.9,7.00,24.15,0.1691,5.92,589.0,82.0
5794,142.9,7.00,24.15,0.1691,5.92,589.0,82.0
5801,144.9,6.90,24.15,0.1666,6.00,589.0,82.0
5808,142.9,7.00,24.15,0.1691,5.92,589.0,82.0
5815,144.9,6.90,24.15,0.1666,6.00,589.0,82.0
5822,142.9,7.00,24.15,0.1691,5.92,589.0,82.0
5829,144.9,6.90,24.15,0.1666,6.00,589.0,82.0
5836,144.9,6.90,24.15,0.1666,6.00,589.0,82.0
5843,144.9,6.90,24.15,0.1666,6.00,589.0,82.0
5850,142.9,7.00,24.15,0.1691,5.92,589.0,82.0
5857,144.9,6.90,24.15,0.1666,6.00,589.0,82.0
5864,142.9,7.00,24.15,0.1691,5.92,589.0,82.0
5871,142.9,7.00,24.15,0.1691,5.92,589.0,82.0
5878,144.9,6.90,24.15,0.1666,6.00,589.0,82.0
5885,144.9,6.90,24.15,0.1666,6.00,589.0,82.0
5892,142.9,7.00,24.15,0.1691,5.92,589.0,82.0
5899,142.9,7.00,24.15,0.1691,5.92,589.0,82.0
5905,147.1,6.80,24.15,0.1642,6.09,589.0,82.0
5912,142.9,7.00,24.15,0.1691,5.92,589.0,82.0
5919,142.9,7.00,24.15,0.1691,5.92,589.0,82.0
5926,144.9,6.90,24.15,0.1666,6.00,589.0,82.0
5933,144.9,6.90,24.15,0.1666,6.00,589.0,82.0
5940,142.9,7.00,24.15,0.1691,5.92,589.0,82.0
5947,144.9,6.90,24.15,0.1666,6.00,589.0,82.0
5954,142.9,7.00,24.15,0.1691,5.92,589.0,82.0
5961,144.9,6.90,24.15,0.1666,6.00,589.0,82.0
5968,144.9,6.90,24.15,0.1666,6.00,589.0,82.0
5975,142.9,7.00,24.15,0.1691,5.92,589.0,82.0
5982,142.9,7.00,24.15,0.1691,5.92,589.0,82.0
5989,144.9,6.90,24.15,0.1666,6.00,589.0,82.0
5996,144.9,6.90,24.15,0.1666,6.00,589.0,82.0
6003,142.9,7.00,24.15,0.1691,5.92,589.0,82.0
6010,144.9,6.90,24.15,0.1666,6.00,589.0,82.0
6017,142.9,7.00,24.15,0.1691,5.92,589.0,82.0
6024,142.9,7.00,24.15,0.1691,5.92,589.0,82.0
6030,147.1,6.80,24.15,0.1642,6.09,589.0,82.0
6037,142.9,7.00,24.15,0.1691,5.92,589.0,82.0
6044,142.9,7.00,24.15,0.1691,5.92,589.0,82.0
6051,144.9,6.90,24.15,0.1666,6.00,589.0,82.0
6058,144.9,6.90,24.15,0.1666,6.00,589.0,82.0
6065,144.9,6.90,24.15,0.1666,6.00,589.0,82.0
6072,140.8,7.10,24.15,0.1715,5.83,589.0,82.0
6079,147.1,6.80,24.15,0.1642,6.09,589.0,82.0
6086,142.9,7.00,24.15,0.1691,5.92,589.0,82.0
6093,144.9,6.90,24.15,0.1666,6.00,589.0,82.0
6100,140.8,7.10,24.15,0.1715,5.83,589.0,82.0
6107,147.1,6.80,24.15,0.1642,6.09,589.0,82.0
6114,142.9,7.00,24.15,0.1691,5.92,589.0,82.0
6121,144.9,6.90,24.15,0.1666,6.00,589.0,82.0
6128,142.9,7.00,24.15,0.1691,5.92,589.0,82.0
6135,144.9,6.90,24.15,0.1666,6.00,589.0,82.0
6141,144.9,6.90,24.15,0.1666,6.00,589.0,82.0
6148,142.9,7.00,24.15,0.1691,5.92,589.0,82.0
6155,144.9,6.90,24.15,0.1666,6.00,589.0,82.0
6162,142.9,7.00,24.15,0.1691,5.92,589.0,82.0
6169,144.9,6.90,24.15,0.1666,6.00,589.0,82.0
6176,142.9,7.00,24.15,0.1691,5.92,589.0,82.0
6183,144.9,6.90,24.15,0.1666,6.00,589.0,82.0
6190,142.9,7.00,24.15,0.1691,5.92,589.0,82.0
6197,144.9,6.90,24.15,0.1666,6.00,589.0,82.0
6204,142.9,7.00,24.15,0.1691,5.92,589.0,82.0
6211,144.9,6.90,24.15,0.1666,6.00,589.0,82.0
6218,142.9,7.00,24.15,0.1691,5.92,589.0,82.0
6225,144.9,6.90,24.15,0.1666,6.00,589.0,82.0
6232,144.9,6.90,24.15,0.1666,6.00,589.0,82.0
6239,142.9,7.00,24.15,0.1690,5.92,589.0,82.0
6246,144.9,6.90,24.14,0.1666,6.00,589.0,82.0
6253,142.9,7.00,24.14,0.1690,5.92,589.0,82.0
6260,144.9,6.90,24.14,0.1665,6.00,589.0,82.0
6267,142.9,7.00,24.13,0.1689,5.92,589.0,82.0
6274,142.9,7.00,24.13,0.1689,5.92,589.0,82.0
6280,144.9,6.90,24.13,0.1665,6.01,589.0,82.0
6287,144.9,6.90,24.12,0.1665,6.01,589.0,82.0
6294,144.9,6.90,24.12,0.1664,6.01,589.0,82.0
6301,142.9,7.00,24.12,0.1688,5.93,589.0,82.0
6308,144.9,6.90,24.11,0.1664,6.01,589.0,82.0
6315,142.9,7.00,24.11,0.1688,5.93,589.0,82.0
6322,142.9,7.00,24.11,0.1688,5.93,589.0,82.0
6329,144.9,6.90,24.10,0.1663,6.01,589.0,82.0
6336,144.9,6.90,24.10,0.1663,6.01,589.0,82.0
6343,142.9,7.00,24.10,0.1687,5.93,589.0,82.0
6350,144.9,6.90,24.10,0.1663,6.01,589.0,82.0
6357,142.9,7.00,24.10,0.1687,5.93,589.0,82.0
6364,144.9,6.90,24.10,0.1663,6.01,589.0,82.0
6371,144.9,6.90,24.10,0.1663,6.01,589.0,82.0
6378,142.9,7.00,24.10,0.1687,5.93,589.0,82.0
6385,142.9,7.00,24.10,0.1687,5.93,589.0,82.0
6392,144.9,6.90,24.10,0.1663,6.01,589.0,82.0
6399,142.9,7.00,24.10,0.1687,5.93,589.0,82.0
6405,147.1,6.80,24.10,0.1639,6.10,589.0,82.0
6412,142.9,7.00,24.10,0.1687,5.93,589.0,82.0
6419,144.9,6.90,24.10,0.1663,6.01,589.0,82.0
6426,142.9,7.00,24.10,0.1687,5.93,589.0,82.0
6433,144.9,6.90,24.10,0.1663,6.01,589.0,82.0
6440,142.9,7.00,24.10,0.1687,5.93,589.0,82.0
6447,144.9,6.90,24.10,0.1663,6.01,589.0,82.0
6454,142.9,7.00,24.10,0.1687,5.93,589.0,82.0
6461,142.9,7.00,24.10,0.1687,5.93,589.0,82.0
6468,147.1,6.80,24.10,0.1639,6.10,589.0,82.0
6475,140.8,7.10,24.10,0.1711,5.84,589.0,82.0
6482,144.9,6.90,24.10,0.1663,6.01,589.0,82.0
6489,144.9,6.90,24.10,0.1663,6.01,589.0,82.0
6496,142.9,7.00,24.10,0.1687,5.93,589.0,82.0
6503,144.9,6.90,24.10,0.1663,6.01,589.0,82.0
6510,144.9,6.90,24.10,0.1663,6.01,589.0,82.0
6517,142.9,7.00,24.10,0.1687,5.93,589.0,82.0
6523,144.9,6.90,24.10,0.1663,6.01,589.0,82.0
6530,142.9,7.00,24.10,0.1687,5.93,589.0,82.0
6537,144.9,6.90,24.10,0.1663,6.01,589.0,82.0
6544,144.9,6.90,24.10,0.1663,6.01,589.0,82.0
6551,142.9,7.00,24.10,0.1687,5.93,589.0,82.0
6558,142.9,7.00,24.10,0.1687,5.93,589.0,82.0
6565,147.1,6.80,24.10,0.1639,6.10,589.0,82.0
6572,140.8,7.10,24.10,0.1711,5.84,589.0,82.0
6579,144.9,6.90,24.10,0.1663,6.01,589.0,82.0
6586,142.9,7.00,24.10,0.1687,5.93,589.0,82.0
6593,147.1,6.80,24.10,0.1639,6.10,589.0,82.0
6600,144.9,6.90,24.10,0.1663,6.01,589.0,82.0
6607,140.8,7.10,24.10,0.1711,5.84,589.0,82.0
6614,144.9,6.90,24.10,0.1663,6.01,589.0,82.0
6621,144.9,6.90,24.10,0.1663,6.01,589.0,82.0
6628,142.9,7.00,24.10,0.1687,5.93,589.0,82.0
6635,144.9,6.90,24.10,0.1663,6.01,589.0,82.0
6642,142.9,7.00,24.10,0.1687,5.93,589.0,82.0
6649,142.9,7.00,24.10,0.1687,5.93,589.0,82.0
6655,144.9,6.90,24.10,0.1663,6.01,589.0,82.0
6662,144.9,6.90,24.10,0.1663,6.01,589.0,82.0
6669,144.9,6.90,24.10,0.1663,6.01,589.0,82.0
6676,144.9,6.90,24.10,0.1663,6.01,589.0,82.0
6683,142.9,7.00,24.10,0.1687,5.93,589.0,82.0
6690,144.9,6.90,24.10,0.1663,6.01,589.0,82.0
6697,140.8,7.10,24.10,0.1711,5.84,589.0,82.0
6704,144.9,6.90,24.10,0.1663,6.01,589.0,82.0
6711,144.9,6.90,24.10,0.1663,6.01,589.0,82.0
6718,142.9,7.00,24.10,0.1687,5.93,589.0,82.0
6725,144.9,6.90,24.10,0.1663,6.01,589.0,82.0
6732,142.9,7.00,24.10,0.1687,5.93,589.0,82.0
6739,144.9,6.90,24.10,0.1663,6.01,589.0,82.0
6746,142.9,7.00,24.10,0.1687,5.93,589.0,82.0
6753,147.1,6.80,24.10,0.1639,6.10,589.0,82.0
6760,142.9,7.00,24.10,0.1687,5.93,589.0,82.0
6767,142.9,7.00,24.10,0.1687,5.93,589.0,82.0
6773,144.9,6.90,24.10,0.1663,6.01,589.0,82.0
6780,144.9,6.90,24.10,0.1663,6.01,589.0,82.0
6787,142.9,7.00,24.09,0.1686,5.93,589.0,82.0
6794,142.9,7.00,24.09,0.1686,5.93,589.0,82.0
6801,144.9,6.90,24.08,0.1662,6.02,589.0,82.0
6808,144.9,6.90,24.08,0.1661,6.02,589.0,82.0
6815,144.9,6.90,24.07,0.1661,6.02,589.0,82.0
6822,142.9,7.00,24.07,0.1685,5.94,589.0,82.0
6829,144.9,6.90,24.06,0.1660,6.02,589.0,82.0
6836,142.9,7.00,24.06,0.1684,5.94,589.0,82.0
6843,144.9,6.90,24.05,0.1659,6.02,589.0,82.0
6850,142.9,7.00,24.05,0.1683,5.94,589.0,82.0
6857,144.9,6.90,24.04,0.1659,6.03,589.0,82.0
6864,144.9,6.90,24.03,0.1658,6.03,589.0,82.0
6871,142.9,7.00,24.03,0.1682,5.95,589.0,82.0
6878,142.9,7.00,24.02,0.1682,5.95,589.0,82.0
6885,142.9,7.00,24.02,0.1681,5.95,589.0,82.0
6892,144.9,6.90,24.02,0.1657,6.03,589.0,82.0
6899,142.9,7.00,24.02,0.1681,5.95,589.0,82.0
6905,144.9,6.90,24.02,0.1657,6.03,589.0,82.0
6912,144.9,6.90,24.02,0.1657,6.03,589.0,82.0
6919,142.9,7.00,24.02,0.1681,5.95,589.0,82.0
6926,147.1,6.80,24.02,0.1633,6.12,589.0,82.0
6933,142.9,7.00,24.02,0.1681,5.95,589.0,82.0
6940,142.9,7.00,24.02,0.1681,5.95,589.0,82.0
6947,144.9,6.90,24.02,0.1657,6.03,589.0,82.0
6954,144.9,6.90,24.02,0.1657,6.03,589.0,82.0
6961,142.9,7.00,24.02,0.1681,5.95,589.0,82.0
6968,142.9,7.00,24.02,0.1681,5.95,589.0,82.0
6975,144.9,6.90,24.02,0.1657,6.03,589.0,82.0
6982,144.9,6.90,24.02,0.1657,6.03,589.0,82.0
6989,142.9,7.00,24.02,0.1681,5.95,589.0,82.0
6996,144.9,6.90,24.02,0.1657,6.03,589.0,82.0
7003,144.9,6.90,24.02,0.1657,6.03,589.0,82.0
7010,142.9,7.00,24.02,0.1681,5.95,589.0,82.0
7016,144.9,6.90,24.02,0.1657,6.03,589.0,82.0
7023,142.9,7.00,24.02,0.1681,5.95,589.0,82.0
7030,142.9,7.00,24.02,0.1681,5.95,589.0,82.0
7037,144.9,6.90,24.02,0.1657,6.03,589.0,82.0
7044,144.9,6.90,24.02,0.1657,6.03,589.0,82.0
7051,142.9,7.00,24.02,0.1681,5.95,589.0,82.0
7058,142.9,7.00,24.02,0.1681,5.95,589.0,82.0
7065,147.1,6.80,24.02,0.1633,6.12,589.0,82.0
7072,142.9,7.00,24.02,0.1681,5.95,589.0,82.0
7079,142.9,7.00,24.02,0.1681,5.95,589.0,82.0
7086,144.9,6.90,24.02,0.1657,6.03,589.0,82.0
7093,142.9,7.00,24.02,0.1681,5.95,589.0,82.0
7100,144.9,6.90,24.02,0.1657,6.03,589.0,82.0
7107,142.9,7.00,24.02,0.1681,5.95,589.0,82.0
7114,144.9,6.90,24.02,0.1657,6.03,589.0,82.0
7121,144.9,6.90,24.02,0.1657,6.03,589.0,82.0
7128,142.9,7.00,24.02,0.1681,5.95,589.0,82.0
7135,144.9,6.90,24.02,0.1657,6.03,589.0,82.0
7142,142.9,7.00,24.02,0.1681,5.95,589.0,82.0
7148,144.9,6.90,24.02,0.1657,6.03,589.0,82.0
7155,144.9,6.90,24.02,0.1657,6.03,589.0,82.0
7162,142.9,7.00,24.02,0.1681,5.95,589.0,82.0
7169,142.9,7.00,24.02,0.1681,5.95,589.0,82.0
7176,144.9,6.90,24.02,0.1657,6.03,589.0,82.0
7183,142.9,7.00,24.02,0.1681,5.95,589.0,82.0
7190,147.1,6.80,24.02,0.1633,6.12,589.0,82.0
7197,142.9,7.00,24.02,0.1681,5.95,589.0,82.0
7204,144.9,6.90,24.02,0.1657,6.03,589.0,82.0
7211,142.9,7.00,24.02,0.1681,5.95,589.0,82.0
7218,144.9,6.90,24.02,0.1657,6.03,589.0,82.0
7225,144.9,6.90,24.01,0.1657,6.03,589.0,82.0
7232,142.9,7.00,24.01,0.1681,5.95,589.0,82.0
7239,142.9,7.00,24.00,0.1680,5.95,589.0,82.0
7246,144.9,6.90,24.00,0.1656,6.04,589.0,82.0
7253,142.9,7.00,24.00,0.1680,5.96,589.0,82.0
7260,142.9,7.00,23.99,0.1679,5.96,589.0,82.0
7267,144.9,6.90,23.99,0.1655,6.04,589.0,82.0
7273,144.9,6.90,23.98,0.1655,6.04,589.0,82.0
7280,142.9,7.00,23.98,0.1679,5.96,589.0,82.0
7287,147.1,6.80,23.98,0.1630,6.14,589.0,82.0
7294,142.9,7.00,23.97,0.1678,5.96,589.0,82.0
7301,144.9,6.90,23.97,0.1654,6.05,589.0,82.0
7308,140.8,7.10,23.97,0.1702,5.88,589.0,82.0
7315,147.1,6.80,23.96,0.1629,6.14,589.0,82.0
7322,142.9,7.00,23.96,0.1677,5.96,589.0,82.0
7329,142.9,7.00,23.96,0.1677,5.96,589.0,82.0
7336,144.9,6.90,23.96,0.1653,6.05,589.0,82.0
7343,142.9,7.00,23.96,0.1677,5.96,589.0,82.0
7350,147.1,6.80,23.96,0.1629,6.14,589.0,82.0
7357,142.9,7.00,23.96,0.1677,5.96,589.0,82.0
7364,142.9,7.00,23.96,0.1677,5.96,589.0,82.0
7371,142.9,7.00,23.96,0.1677,5.96,589.0,82.0
7378,147.1,6.80,23.96,0.1629,6.14,589.0,82.0
7385,142.9,7.00,23.96,0.1677,5.96,589.0,82.0
7392,142.9,7.00,23.96,0.1677,5.96,589.0,82.0
7398,144.9,6.90,23.96,0.1653,6.05,589.0,82.0
7405,144.9,6.90,23.96,0.1653,6.05,589.0,82.0
7412,142.9,7.00,23.96,0.1677,5.96,589.0,82.0
7419,142.9,7.00,23.96,0.1677,5.96,589.0,82.0
7426,144.9,6.90,23.96,0.1653,6.05,589.0,82.0
7433,144.9,6.90,23.96,0.1653,6.05,589.0,82.0
7440,142.9,7.00,23.96,0.1677,5.96,589.0,82.0
7447,144.9,6.90,23.96,0.1653,6.05,589.0,82.0
7454,142.9,7.00,23.96,0.1677,5.96,589.0,82.0
7461,147.1,6.80,23.96,0.1629,6.14,589.0,82.0
7468,142.9,7.00,23.96,0.1677,5.96,589.0,82.0
7475,142.9,7.00,23.96,0.1677,5.96,589.0,82.0
7482,144.9,6.90,23.96,0.1653,6.05,589.0,82.0
7489,144.9,6.90,23.96,0.1653,6.05,589.0,82.0
7496,142.9,7.00,23.96,0.1677,5.96,589.0,82.0
7503,142.9,7.00,23.96,0.1677,5.96,589.0,82.0
7510,144.9,6.90,23.96,0.1653,6.05,589.0,82.0
7517,142.9,7.00,23.96,0.1677,5.96,589.0,82.0
7523,144.9,6.90,23.96,0.1653,6.05,589.0,82.0
7530,142.9,7.00,23.96,0.1677,5.96,589.0,82.0
7537,147.1,6.80,23.96,0.1629,6.14,589.0,82.0
7544,142.9,7.00,23.96,0.1677,5.96,589.0,82.0
7551,144.9,6.90,23.96,0.1653,6.05,589.0,82.0
7558,142.9,7.00,23.96,0.1677,5.96,589.0,82.0
7565,144.9,6.90,23.96,0.1653,6.05,589.0,82.0
7572,144.9,6.90,23.96,0.1653,6.05,589.0,82.0
7579,140.8,7.10,23.96,0.1701,5.88,589.0,82.0
7586,144.9,6.90,23.96,0.1653,6.05,589.0,82.0
7593,144.9,6.90,23.96,0.1653,6.05,589.0,82.0
7600,142.9,7.00,23.96,0.1677,5.96,589.0,82.0
7607,144.9,6.90,23.96,0.1653,6.05,589.0,82.0
7614,142.9,7.00,23.96,0.1677,5.96,589.0,82.0
7621,144.9,6.90,23.96,0.1653,6.05,589.0,82.0
7628,142.9,7.00,23.96,0.1677,5.96,589.0,82.0
7635,144.9,6.90,23.96,0.1653,6.05,589.0,82.0
7641,144.9,6.90,23.96,0.1653,6.05,589.0,82.0
7648,142.9,7.00,23.96,0.1677,5.96,589.0,82.0
7655,142.9,7.00,23.96,0.1677,5.96,589.0,82.0
7662,144.9,6.90,23.96,0.1653,6.05,589.0,82.0
7669,144.9,6.90,23.96,0.1653,6.05,589.0,82.0
7676,144.9,6.90,23.96,0.1653,6.05,589.0,82.0
7683,142.9,7.00,23.96,0.1677,5.96,589.0,82.0
7690,144.9,6.90,23.96,0.1653,6.05,589.0,82.0
7697,142.9,7.00,23.96,0.1677,5.96,589.0,82.0
7704,142.9,7.00,23.96,0.1677,5.96,589.0,82.0
7711,144.9,6.90,23.96,0.1653,6.05,589.0,82.0
7718,144.9,6.90,23.96,0.1653,6.05,589.0,82.0
7725,142.9,7.00,23.96,0.1677,5.96,589.0,82.0
7732,144.9,6.90,23.96,0.1653,6.05,589.0,82.0
7739,142.9,7.00,23.96,0.1677,5.96,589.0,82.0
7746,144.9,6.90,23.96,0.1653,6.05,589.0,82.0
7753,144.9,6.90,23.96,0.1653,6.05,589.0,82.0
7760,142.9,7.00,23.96,0.1677,5.96,589.0,82.0
7766,144.9,6.90,23.96,0.1654,6.05,589.0,82.0
7773,142.9,7.00,23.97,0.1678,5.96,589.0,82.0
7780,144.9,6.90,23.97,0.1654,6.05,589.0,82.0
7787,142.9,7.00,23.97,0.1678,5.96,589.0,82.0
7794,142.9,7.00,23.98,0.1678,5.96,589.0,82.0
7801,144.9,6.90,23.98,0.1654,6.04,589.0,82.0
7808,144.9,6.90,23.98,0.1655,6.04,589.0,82.0
7815,144.9,6.90,23.98,0.1655,6.04,589.0,82.0
7822,142.9,7.00,23.99,0.1679,5.96,589.0,82.0
7829,142.9,7.00,23.99,0.1679,5.96,589.0,82.0
7836,144.9,6.90,23.99,0.1655,6.04,589.0,82.0
7843,144.9,6.90,23.99,0.1656,6.04,589.0,82.0
7850,142.9,7.00,24.00,0.1680,5.96,589.0,82.0
7857,144.9,6.90,24.00,0.1656,6.04,589.0,82.0
7864,142.9,7.00,24.00,0.1680,5.95,589.0,82.0
7871,144.9,6.90,24.00,0.1656,6.04,589.0,82.0
7878,142.9,7.00,24.00,0.1680,5.95,589.0,82.0
7885,144.9,6.90,24.00,0.1656,6.04,589.0,82.0
7892,142.9,7.00,24.00,0.1680,5.95,589.0,82.0
7898,144.9,6.90,24.00,0.1656,6.04,589.0,82.0
7905,144.9,6.90,24.00,0.1656,6.04,589.0,82.0
7912,144.9,6.90,24.00,0.1656,6.04,589.0,82.0
7919,140.8,7.10,24.00,0.1704,5.87,589.0,82.0
7926,144.9,6.90,24.00,0.1656,6.04,589.0,82.0
7933,144.9,6.90,24.00,0.1656,6.04,589.0,82.0
7940,142.9,7.00,24.00,0.1680,5.95,589.0,82.0
7947,144.9,6.90,24.00,0.1656,6.04,589.0,82.0
7954,142.9,7.00,24.00,0.1680,5.95,589.0,82.0
7961,144.9,6.90,24.00,0.1656,6.04,589.0,82.0
7968,144.9,6.90,24.00,0.1656,6.04,589.0,82.0
7975,137.0,7.30,24.00,0.1752,5.71,589.0,82.0
7982,151.5,6.60,24.00,0.1584,6.31,589.0,82.0
7989,142.9,7.00,24.00,0.1680,5.95,589.0,82.0
7996,144.9,6.90,24.00,0.1656,6.04,589.0,82.0
8003,142.9,7.00,24.00,0.1680,5.95,589.0,82.0
8010,144.9,6.90,24.00,0.1656,6.04,589.0,82.0
8016,144.9,6.90,24.00,0.1656,6.04,589.0,82.0
8023,142.9,7.00,24.00,0.1680,5.95,589.0,82.0
8030,142.9,7.00,24.00,0.1680,5.95,589.0,82.0
8037,144.9,6.90,24.00,0.1656,6.04,589.0,82.0
8044,144.9,6.90,24.00,0.1656,6.04,589.0,82.0
8051,142.9,7.00,24.00,0.1680,5.95,589.0,82.0
8058,142.9,7.00,24.00,0.1680,5.95,589.0,82.0
8065,147.1,6.80,24.00,0.1632,6.13,589.0,82.0
8072,142.9,7.00,24.00,0.1680,5.95,589.0,82.0
8079,144.9,6.90,24.00,0.1656,6.04,589.0,82.0
8086,142.9,7.00,24.00,0.1680,5.95,589.0,82.0
8093,144.9,6.90,24.00,0.1656,6.04,589.0,82.0
8100,142.9,7.00,24.00,0.1680,5.95,589.0,82.0
8107,144.9,6.90,24.00,0.1656,6.04,589.0,82.0
8114,144.9,6.90,24.00,0.1656,6.04,589.0,82.0
8121,142.9,7.00,24.00,0.1680,5.95,589.0,82.0
8128,142.9,7.00,24.00,0.1680,5.95,589.0,82.0
8135,144.9,6.90,24.00,0.1656,6.04,589.0,82.0
8142,142.9,7.00,24.00,0.1680,5.95,589.0,82.0
8148,144.9,6.90,24.00,0.1656,6.04,589.0,82.0
8155,142.9,7.00,24.00,0.1680,5.95,589.0,82.0
8162,144.9,6.90,24.00,0.1656,6.04,589.0,82.0
8169,144.9,6.90,24.00,0.1656,6.04,589.0,82.0
8176,144.9,6.90,24.00,0.1656,6.04,589.0,82.0
8183,142.9,7.00,24.00,0.1680,5.95,589.0,82.0
8190,144.9,6.90,24.00,0.1656,6.04,589.0,82.0
8197,142.9,7.00,24.00,0.1680,5.95,589.0,82.0
8204,142.9,7.00,24.00,0.1680,5.95,589.0,82.0
8211,144.9,6.90,24.00,0.1656,6.04,589.0,82.0
8218,144.9,6.90,24.00,0.1656,6.04,589.0,82.0
8225,142.9,7.00,24.01,0.1680,5.95,589.0,82.0
8232,144.9,6.90,24.01,0.1656,6.04,589.0,82.0
8239,142.9,7.00,24.01,0.1681,5.95,589.0,82.0
8246,144.9,6.90,24.01,0.1657,6.04,589.0,82.0
8253,144.9,6.90,24.01,0.1657,6.03,589.0,82.0
8259,144.9,6.90,24.01,0.1657,6.03,589.0,82.0
8267,140.8,7.10,24.01,0.1705,5.86,589.0,82.0
8273,147.1,6.80,24.01,0.1633,6.13,589.0,82.0
8280,142.9,7.00,24.02,0.1681,5.95,589.0,82.0
8287,144.9,6.90,24.02,0.1657,6.03,589.0,82.0
8294,142.9,7.00,24.02,0.1681,5.95,589.0,82.0
8301,144.9,6.90,24.02,0.1657,6.03,589.0,82.0
8308,142.9,7.00,24.02,0.1681,5.95,589.0,82.0
8315,142.9,7.00,24.02,0.1681,5.95,589.0,82.0
8322,142.9,7.00,24.02,0.1681,5.95,589.0,82.0
8329,147.1,6.80,24.02,0.1633,6.12,589.0,82.0
8336,142.9,7.00,24.02,0.1681,5.95,589.0,82.0
8343,144.9,6.90,24.02,0.1657,6.03,589.0,82.0
8350,142.9,7.00,24.02,0.1681,5.95,589.0,82.0
8357,142.9,7.00,24.02,0.1681,5.95,589.0,82.0
8364,144.9,6.90,24.02,0.1657,6.03,589.0,82.0
8371,147.1,6.80,24.02,0.1633,6.12,589.0,82.0
8378,140.8,7.10,24.02,0.1705,5.86,589.0,82.0
8385,144.9,6.90,24.02,0.1657,6.03,589.0,82.0
8391,144.9,6.90,24.02,0.1657,6.03,589.0,82.0
8398,142.9,7.00,24.02,0.1681,5.95,589.0,82.0
8405,144.9,6.90,24.02,0.1657,6.03,589.0,82.0
8412,142.9,7.00,24.02,0.1681,5.95,589.0,82.0
8419,144.9,6.90,24.02,0.1657,6.03,589.0,82.0
8426,142.9,7.00,24.02,0.1681,5.95,589.0,82.0
8433,144.9,6.90,24.02,0.1657,6.03,589.0,82.0
8440,144.9,6.90,24.02,0.1657,6.03,589.0,82.0
8447,142.9,7.00,24.02,0.1681,5.95,589.0,82.0
8454,144.9,6.90,24.02,0.1657,6.03,589.0,82.0
8461,142.9,7.00,24.02,0.1681,5.95,589.0,82.0
8468,142.9,7.00,24.02,0.1681,5.95,589.0,82.0
8475,144.9,6.90,24.02,0.1657,6.03,589.0,82.0
8482,144.9,6.90,24.02,0.1657,6.03,589.0,82.0
8489,144.9,6.90,24.02,0.1657,6.03,589.0,82.0
8496,142.9,7.00,24.02,0.1681,5.95,589.0,82.0
8503,144.9,6.90,24.02,0.1657,6.03,589.0,82.0
8509,144.9,6.90,24.02,0.1657,6.03,589.0,82.0
8516,142.9,7.00,24.02,0.1681,5.95,589.0,82.0
8523,142.9,7.00,24.02,0.1681,5.95,589.0,82.0
8530,144.9,6.90,24.02,0.1657,6.03,589.0,82.0
8537,142.9,7.00,24.02,0.1681,5.95,589.0,82.0
8544,144.9,6.90,24.02,0.1657,6.03,589.0,82.0
8551,144.9,6.90,24.02,0.1657,6.03,589.0,82.0
8558,140.8,7.10,24.02,0.1705,5.86,589.0,82.0
8565,147.1,6.80,24.02,0.1633,6.12,589.0,82.0
8572,142.9,7.00,24.02,0.1681,5.95,589.0,82.0
8579,142.9,7.00,24.02,0.1681,5.95,589.0,82.0
8586,144.9,6.90,24.02,0.1657,6.03,589.0,82.0
8593,144.9,6.90,24.02,0.1657,6.03,589.0,82.0
8600,142.9,7.00,24.02,0.1681,5.95,589.0,82.0
8607,144.9,6.90,24.02,0.1657,6.03,589.0,82.0
8614,142.9,7.00,24.02,0.1681,5.95,589.0,82.0
8621,144.9,6.90,24.02,0.1657,6.03,589.0,82.0
8628,144.9,6.90,24.02,0.1657,6.03,589.0,82.0
8635,142.9,7.00,24.02,0.1681,5.95,589.0,82.0
8641,144.9,6.90,24.02,0.1657,6.03,589.0,82.0
8648,144.9,6.90,24.02,0.1657,6.03,589.0,82.0
8655,142.9,7.00,24.02,0.1681,5.95,589.0,82.0
8662,144.9,6.90,24.02,0.1657,6.03,589.0,82.0
8669,142.9,7.00,24.02,0.1681,5.95,589.0,82.0
8676,144.9,6.90,24.02,0.1657,6.03,589.0,82.0
8683,142.9,7.00,24.02,0.1681,5.95,589.0,82.0
8690,144.9,6.90,24.02,0.1657,6.03,589.0,82.0
8697,144.9,6.90,24.02,0.1657,6.03,589.0,82.0
8704,142.9,7.00,24.02,0.1681,5.95,589.0,82.0
8711,142.9,7.00,24.02,0.1681,5.95,589.0,82.0
8718,144.9,6.90,24.02,0.1657,6.03,589.0,82.0
8725,142.9,7.00,24.02,0.1681,5.95,589.0,82.0
8732,147.1,6.80,24.02,0.1633,6.12,589.0,82.0
8739,140.8,7.10,24.02,0.1705,5.86,589.0,82.0
8746,147.1,6.80,24.02,0.1633,6.12,589.0,82.0
8753,142.9,7.00,24.02,0.1681,5.95,589.0,82.0
8759,144.9,6.90,24.02,0.1657,6.03,589.0,82.0
8767,140.8,7.10,24.02,0.1705,5.86,589.0,82.0
8773,147.1,6.80,24.02,0.1633,6.12,589.0,82.0
8780,142.9,7.00,24.02,0.1681,5.95,589.0,82.0
8787,142.9,7.00,24.02,0.1681,5.95,589.0,82.0
8794,144.9,6.90,24.02,0.1657,6.03,589.0,82.0
8801,144.9,6.90,24.01,0.1657,6.03,589.0,82.0
8808,142.9,7.00,24.01,0.1681,5.95,589.0,82.0
8815,144.9,6.90,24.01,0.1657,6.03,589.0,82.0
8822,142.9,7.00,24.01,0.1681,5.95,589.0,82.0
8829,144.9,6.90,24.01,0.1657,6.03,589.0,82.0
8836,144.9,6.90,24.01,0.1657,6.03,589.0,82.0
8843,142.9,7.00,24.01,0.1681,5.95,589.0,82.0
8850,142.9,7.00,24.01,0.1681,5.95,589.0,82.0
8857,144.9,6.90,24.01,0.1657,6.03,589.0,82.0
8864,142.9,7.00,24.01,0.1681,5.95,589.0,82.0
8871,147.1,6.80,24.01,0.1633,6.13,589.0,82.0
8878,140.8,7.10,24.01,0.1705,5.86,589.0,82.0
8885,144.9,6.90,24.01,0.1657,6.03,589.0,82.0
8891,144.9,6.90,24.01,0.1657,6.03,589.0,82.0
8898,142.9,7.00,24.01,0.1681,5.95,589.0,82.0
8905,144.9,6.90,24.01,0.1657,6.03,589.0,82.0
8912,144.9,6.90,24.01,0.1657,6.03,589.0,82.0
8919,144.9,6.90,24.01,0.1657,6.03,589.0,82.0
8926,142.9,7.00,24.01,0.1681,5.95,589.0,82.0
8933,142.9,7.00,24.01,0.1681,5.95,589.0,82.0
8940,144.9,6.90,24.01,0.1657,6.03,589.0,82.0
8947,144.9,6.90,24.01,0.1657,6.03,589.0,82.0
8954,140.8,7.10,24.01,0.1705,5.86,589.0,82.0
8961,144.9,6.90,24.01,0.1657,6.03,589.0,82.0
8968,142.9,7.00,24.01,0.1681,5.95,589.0,82.0
8975,144.9,6.90,24.01,0.1657,6.03,589.0,82.0
8982,144.9,6.90,24.01,0.1657,6.03,589.0,82.0
8989,144.9,6.90,24.01,0.1657,6.03,589.0,82.0
8996,142.9,7.00,24.01,0.1681,5.95,589.0,82.0
9003,144.9,6.90,24.01,0.1657,6.03,589.0,82.0
9010,142.9,7.00,24.01,0.1681,5.95,589.0,82.0
9016,144.9,6.90,24.01,0.1657,6.03,589.0,82.0
9023,142.9,7.00,24.01,0.1681,5.95,589.0,82.0
9030,144.9,6.90,24.01,0.1657,6.03,589.0,82.0
9037,142.9,7.00,24.01,0.1681,5.95,589.0,82.0
9044,144.9,6.90,24.01,0.1657,6.03,589.0,82.0
9051,144.9,6.90,24.01,0.1657,6.03,589.0,82.0
9058,142.9,7.00,24.01,0.1681,5.95,589.0,82.0
9065,144.9,6.90,24.01,0.1657,6.03,589.0,82.0
9072,142.9,7.00,24.01,0.1681,5.95,589.0,82.0
9079,144.9,6.90,24.01,0.1657,6.03,589.0,82.0
9086,144.9,6.90,24.01,0.1657,6.03,589.0,82.0
9093,142.9,7.00,24.01,0.1681,5.95,589.0,82.0
9100,144.9,6.90,24.01,0.1657,6.03,589.0,82.0
9107,142.9,7.00,24.01,0.1681,5.95,589.0,82.0
9114,142.9,7.00,24.01,0.1681,5.95,589.0,82.0
9121,144.9,6.90,24.01,0.1657,6.03,589.0,82.0
9128,144.9,6.90,24.01,0.1657,6.03,589.0,82.0
9134,144.9,6.90,24.01,0.1657,6.03,589.0,82.0
9141,142.9,7.00,24.01,0.1681,5.95,589.0,82.0
9148,142.9,7.00,24.01,0.1681,5.95,589.0,82.0
9155,144.9,6.90,24.01,0.1657,6.03,589.0,82.0
9162,142.9,7.00,24.01,0.1681,5.95,589.0,82.0
9169,144.9,6.90,24.01,0.1657,6.03,589.0,82.0
9176,142.9,7.00,24.01,0.1681,5.95,589.0,82.0
9183,144.9,6.90,24.01,0.1657,6.03,589.0,82.0
9190,142.9,7.00,24.01,0.1681,5.95,589.0,82.0
9197,144.9,6.90,24.01,0.1657,6.03,589.0,82.0
9204,144.9,6.90,24.01,0.1657,6.03,589.0,82.0
9211,142.9,7.00,24.01,0.1681,5.95,589.0,82.0
9218,144.9,6.90,24.01,0.1657,6.03,589.0,82.0
9225,144.9,6.90,24.01,0.1657,6.03,589.0,82.0
9232,142.9,7.00,24.01,0.1681,5.95,589.0,82.0
9239,142.9,7.00,24.01,0.1681,5.95,589.0,82.0
9246,144.9,6.90,24.01,0.1657,6.03,589.0,82.0
9253,144.9,6.90,24.01,0.1657,6.03,589.0,82.0
9260,142.9,7.00,24.01,0.1681,5.95,589.0,82.0
9266,144.9,6.90,24.01,0.1657,6.03,589.0,82.0
9273,142.9,7.00,24.01,0.1681,5.95,589.0,82.0
9280,144.9,6.90,24.01,0.1657,6.03,589.0,82.0
9287,144.9,6.90,24.01,0.1657,6.04,589.0,82.0
9294,142.9,7.00,24.00,0.1680,5.95,589.0,82.0
9301,144.9,6.90,24.00,0.1656,6.04,589.0,82.0
9308,142.9,7.00,23.99,0.1679,5.96,589.0,82.0
9315,144.9,6.90,23.98,0.1655,6.04,589.0,82.0
9322,142.9,7.00,23.98,0.1678,5.96,589.0,82.0
9329,144.9,6.90,23.97,0.1654,6.04,589.0,82.0
9336,142.9,7.00,23.97,0.1678,5.96,589.0,82.0
9343,144.9,6.90,23.96,0.1653,6.05,589.0,82.0
9350,142.9,7.00,23.96,0.1677,5.97,589.0,82.0
9357,144.9,6.90,23.95,0.1652,6.05,589.0,82.0
9364,144.9,6.90,23.94,0.1652,6.05,589.0,82.0
9371,142.9,7.00,23.94,0.1676,5.97,589.0,82.0
9378,142.9,7.00,23.93,0.1675,5.97,589.0,82.0
9384,147.1,6.80,23.93,0.1627,6.15,589.0,82.0
9391,142.9,7.00,23.92,0.1674,5.97,589.0,82.0
9398,144.9,6.90,23.92,0.1650,6.06,589.0,82.0
9405,142.9,7.00,23.92,0.1674,5.97,589.0,82.0
9412,142.9,7.00,23.92,0.1674,5.97,589.0,82.0
9419,144.9,6.90,23.92,0.1650,6.06,589.0,82.0
9426,144.9,6.90,23.92,0.1650,6.06,589.0,82.0
9433,142.9,7.00,23.92,0.1674,5.97,589.0,82.0
9440,144.9,6.90,23.92,0.1650,6.06,589.0,82.0
9447,144.9,6.90,23.92,0.1650,6.06,589.0,82.0
9454,142.9,7.00,23.92,0.1674,5.97,589.0,82.0
9461,142.9,7.00,23.92,0.1674,5.97,589.0,82.0
9468,144.9,6.90,23.92,0.1650,6.06,589.0,82.0
9475,142.9,7.00,23.92,0.1674,5.97,589.0,82.0
9482,144.9,6.90,23.92,0.1650,6.06,589.0,82.0
9489,144.9,6.90,23.92,0.1650,6.06,589.0,82.0
9496,142.9,7.00,23.92,0.1674,5.97,589.0,82.0
9503,144.9,6.90,23.92,0.1650,6.06,589.0,82.0
9510,142.9,7.00,23.92,0.1674,5.97,589.0,82.0
9516,144.9,6.90,23.92,0.1650,6.06,589.0,82.0
9523,142.9,7.00,23.92,0.1674,5.97,589.0,82.0
9530,144.9,6.90,23.92,0.1650,6.06,589.0,82.0
9537,144.9,6.90,23.92,0.1650,6.06,589.0,82.0
9544,142.9,7.00,23.92,0.1674,5.97,589.0,82.0
9551,142.9,7.00,23.92,0.1674,5.97,589.0,82.0
9558,144.9,6.90,23.92,0.1650,6.06,589.0,82.0
9565,144.9,6.90,23.92,0.1650,6.06,589.0,82.0
9572,144.9,6.90,23.92,0.1650,6.06,589.0,82.0
9579,140.8,7.10,23.92,0.1698,5.89,589.0,82.0
9586,147.1,6.80,23.92,0.1627,6.15,589.0,82.0
9593,142.9,7.00,23.92,0.1674,5.97,589.0,82.0
9600,144.9,6.90,23.92,0.1650,6.06,589.0,82.0
9607,142.9,7.00,23.92,0.1674,5.97,589.0,82.0
9614,144.9,6.90,23.92,0.1650,6.06,589.0,82.0
9621,144.9,6.90,23.92,0.1650,6.06,589.0,82.0
9628,142.9,7.00,23.92,0.1674,5.97,589.0,82.0
9634,144.9,6.90,23.92,0.1650,6.06,589.0,82.0
9641,144.9,6.90,23.92,0.1650,6.06,589.0,82.0
9648,142.9,7.00,23.92,0.1674,5.97,589.0,82.0
9655,142.9,7.00,23.92,0.1674,5.97,589.0,82.0
9662,144.9,6.90,23.92,0.1650,6.06,589.0,82.0
9669,142.9,7.00,23.92,0.1674,5.97,589.0,82.0
9676,144.9,6.90,23.92,0.1650,6.06,589.0,82.0
9683,144.9,6.90,23.92,0.1650,6.06,589.0,82.0
9690,142.9,7.00,23.92,0.1674,5.97,589.0,82.0
9697,142.9,7.00,23.92,0.1674,5.97,589.0,82.0
9704,142.9,7.00,23.92,0.1674,5.97,589.0,82.0
9711,147.1,6.80,23.92,0.1627,6.15,589.0,82.0
9718,142.9,7.00,23.92,0.1674,5.97,589.0,82.0
9725,142.9,7.00,23.91,0.1674,5.98,589.0,82.0
9732,144.9,6.90,23.90,0.1649,6.06,589.0,82.0
9739,144.9,6.90,23.89,0.1648,6.07,589.0,82.0
9746,144.9,6.90,23.88,0.1648,6.07,589.0,82.0
9753,142.9,7.00,23.87,0.1671,5.99,589.0,82.0
9760,142.9,7.00,23.86,0.1670,5.99,589.0,82.0
9766,144.9,6.90,23.85,0.1646,6.07,589.0,82.0
9773,142.9,7.00,23.84,0.1669,5.99,589.0,82.0
9780,144.9,6.90,23.83,0.1644,6.08,589.0,82.0
9787,142.9,7.00,23.82,0.1668,6.00,589.0,82.0
9794,144.9,6.90,23.81,0.1643,6.09,589.0,82.0
9801,144.9,6.90,23.80,0.1642,6.09,589.0,82.0
9808,144.9,6.90,23.79,0.1642,6.09,589.0,82.0
9815,142.9,7.00,23.78,0.1665,6.01,589.0,82.0
9822,142.9,7.00,23.77,0.1664,6.01,589.0,82.0
9829,144.9,6.90,23.76,0.1640,6.10,589.0,82.0
9836,144.9,6.90,23.76,0.1639,6.10,589.0,82.0
9843,138.9,7.20,23.76,0.1711,5.85,589.0,82.0
9850,149.3,6.70,23.76,0.1592,6.28,589.0,82.0
9857,142.9,7.00,23.76,0.1663,6.01,589.0,82.0
9864,142.9,7.00,23.76,0.1663,6.01,589.0,82.0
9871,144.9,6.90,23.76,0.1639,6.10,589.0,82.0
9878,144.9,6.90,23.76,0.1639,6.10,589.0,82.0
9885,142.9,7.00,23.76,0.1663,6.01,589.0,82.0
9891,144.9,6.90,23.76,0.1639,6.10,589.0,82.0
9898,142.9,7.00,23.76,0.1663,6.01,589.0,82.0
9905,144.9,6.90,23.76,0.1639,6.10,589.0,82.0
9912,142.9,7.00,23.76,0.1663,6.01,589.0,82.0
9919,144.9,6.90,23.76,0.1639,6.10,589.0,82.0
9926,142.9,7.00,23.76,0.1663,6.01,589.0,82.0
9933,144.9,6.90,23.76,0.1639,6.10,589.0,82.0
9940,144.9,6.90,23.76,0.1639,6.10,589.0,82.0
9947,142.9,7.00,23.76,0.1663,6.01,589.0,82.0
9954,144.9,6.90,23.76,0.1639,6.10,589.0,82.0
9961,142.9,7.00,23.76,0.1663,6.01,589.0,82.0
9968,144.9,6.90,23.76,0.1639,6.10,589.0,82.0
9975,144.9,6.90,23.76,0.1639,6.10,589.0,82.0
9982,144.9,6.90,23.76,0.1639,6.10,589.0,82.0
9989,142.9,7.00,23.76,0.1663,6.01,589.0,82.0
9996,144.9,6.90,23.76,0.1639,6.10,589.0,82.0
10003,142.9,7.00,23.76,0.1663,6.01,589.0,82.0
10010,142.9,7.00,23.76,0.1663,6.01,589.0,82.0
10016,144.9,6.90,23.76,0.1639,6.10,589.0,82.0
10023,142.9,7.00,23.76,0.1663,6.01,589.0,82.0
10030,147.1,6.80,23.76,0.1616,6.19,589.0,82.0
10037,140.8,7.10,23.76,0.1687,5.93,589.0,82.0
10044,144.9,6.90,23.76,0.1639,6.10,589.0,82.0
10051,144.9,6.90,23.76,0.1639,6.10,589.0,82.0
10058,142.9,7.00,23.76,0.1663,6.01,589.0,82.0
10065,144.9,6.90,23.76,0.1639,6.10,589.0,82.0
10072,142.9,7.00,23.76,0.1663,6.01,589.0,82.0
10079,144.9,6.90,23.76,0.1639,6.10,589.0,82.0
10086,144.9,6.90,23.76,0.1639,6.10,589.0,82.0
10093,142.9,7.00,23.76,0.1663,6.01,589.0,82.0
10100,144.9,6.90,23.76,0.1639,6.10,589.0,82.0
10107,144.9,6.90,23.76,0.1639,6.10,589.0,82.0
10114,142.9,7.00,23.76,0.1663,6.01,589.0,82.0
10121,144.9,6.90,23.76,0.1639,6.10,589.0,82.0
10128,142.9,7.00,23.76,0.1663,6.01,589.0,82.0
10134,144.9,6.90,23.76,0.1639,6.10,589.0,82.0
10141,142.9,7.00,23.76,0.1663,6.01,589.0,82.0
10148,144.9,6.90,23.76,0.1639,6.10,589.0,82.0
10155,142.9,7.00,23.76,0.1663,6.01,589.0,82.0
10162,142.9,7.00,23.76,0.1663,6.01,589.0,82.0
10169,147.1,6.80,23.76,0.1616,6.19,589.0,82.0
10176,140.8,7.10,23.76,0.1687,5.93,589.0,82.0
10183,147.1,6.80,23.76,0.1616,6.19,589.0,82.0
10190,142.9,7.00,23.76,0.1663,6.01,589.0,82.0
10197,142.9,7.00,23.76,0.1663,6.01,589.0,82.0
10204,144.9,6.90,23.76,0.1639,6.10,589.0,82.0
10211,144.9,6.90,23.76,0.1639,6.10,589.0,82.0
10218,142.9,7.00,23.76,0.1663,6.01,589.0,82.0
10225,144.9,6.90,23.76,0.1639,6.10,589.0,82.0
10232,144.9,6.90,23.76,0.1639,6.10,589.0,82.0
10239,140.8,7.10,23.76,0.1687,5.93,589.0,82.0
10246,144.9,6.90,23.76,0.1639,6.10,589.0,82.0
10253,144.9,6.90,23.76,0.1639,6.10,589.0,82.0
10260,142.9,7.00,23.76,0.1663,6.01,589.0,82.0
10266,144.9,6.90,23.76,0.1639,6.10,589.0,82.0
10273,144.9,6.90,23.76,0.1639,6.10,589.0,82.0
10280,142.9,7.00,23.75,0.1663,6.02,589.0,82.0
10287,142.9,7.00,23.75,0.1662,6.02,589.0,82.0
10294,144.9,6.90,23.74,0.1638,6.10,589.0,82.0
10301,147.1,6.80,23.74,0.1614,6.20,589.0,82.0
10308,142.9,7.00,23.73,0.1661,6.02,589.0,82.0
10315,142.9,7.00,23.73,0.1661,6.02,589.0,82.0
10322,144.9,6.90,23.73,0.1637,6.11,589.0,82.0
10329,144.9,6.90,23.72,0.1637,6.11,589.0,82.0
10336,142.9,7.00,23.72,0.1660,6.03,589.0,82.0
10343,142.9,7.00,23.71,0.1660,6.03,589.0,82.0
10350,142.9,7.00,23.71,0.1660,6.03,589.0,82.0
10357,147.1,6.80,23.70,0.1612,6.21,589.0,82.0
10364,142.9,7.00,23.70,0.1659,6.03,589.0,82.0
10371,142.9,7.00,23.69,0.1659,6.03,589.0,82.0
10378,144.9,6.90,23.69,0.1635,6.12,589.0,82.0
10384,144.9,6.90,23.69,0.1635,6.12,589.0,82.0
10391,142.9,7.00,23.69,0.1658,6.03,589.0,82.0
10398,142.9,7.00,23.69,0.1658,6.03,589.0,82.0
10405,144.9,6.90,23.69,0.1635,6.12,589.0,82.0
10412,144.9,6.90,23.69,0.1635,6.12,589.0,82.0
10419,142.9,7.00,23.69,0.1658,6.03,589.0,82.0
10426,142.9,7.00,23.69,0.1658,6.03,589.0,82.0
10433,144.9,6.90,23.69,0.1635,6.12,589.0,82.0
10440,144.9,6.90,23.69,0.1635,6.12,589.0,82.0
10447,142.9,7.00,23.69,0.1658,6.03,589.0,82.0
10454,144.9,6.90,23.69,0.1635,6.12,589.0,82.0
10461,144.9,6.90,23.69,0.1635,6.12,589.0,82.0
10468,144.9,6.90,23.69,0.1635,6.12,589.0,82.0
10475,142.9,7.00,23.69,0.1658,6.03,589.0,82.0
10482,144.9,6.90,23.69,0.1635,6.12,589.0,82.0
10489,142.9,7.00,23.69,0.1658,6.03,589.0,82.0
10496,144.9,6.90,23.69,0.1635,6.12,589.0,82.0
10503,142.9,7.00,23.69,0.1658,6.03,589.0,82.0
10510,142.9,7.00,23.69,0.1658,6.03,589.0,82.0
10516,147.1,6.80,23.69,0.1611,6.21,589.0,82.0
10523,142.9,7.00,23.69,0.1658,6.03,589.0,82.0
10530,142.9,7.00,23.69,0.1658,6.03,589.0,82.0
10537,144.9,6.90,23.69,0.1635,6.12,589.0,82.0
10544,142.9,7.00,23.69,0.1658,6.03,589.0,82.0
10551,144.9,6.90,23.69,0.1635,6.12,589.0,82.0
10558,144.9,6.90,23.69,0.1635,6.12,589.0,82.0
10565,142.9,7.00,23.69,0.1658,6.03,589.0,82.0
10572,142.9,7.00,23.69,0.1658,6.03,589.0,82.0
10579,144.9,6.90,23.69,0.1635,6.12,589.0,82.0
10586,144.9,6.90,23.69,0.1635,6.12,589.0,82.0
10593,144.9,6.90,23.69,0.1635,6.12,589.0,82.0
10600,142.9,7.00,23.69,0.1658,6.03,589.0,82.0
10607,144.9,6.90,23.69,0.1635,6.12,589.0,82.0
10614,142.9,7.00,23.69,0.1658,6.03,589.0,82.0
10621,144.9,6.90,23.69,0.1635,6.12,589.0,82.0
10628,142.9,7.00,23.69,0.1658,6.03,589.0,82.0
10634,144.9,6.90,23.69,0.1635,6.12,589.0,82.0
10641,142.9,7.00,23.69,0.1658,6.03,589.0,82.0
10648,144.9,6.90,23.69,0.1635,6.12,589.0,82.0
10655,142.9,7.00,23.69,0.1658,6.03,589.0,82.0
10662,144.9,6.90,23.69,0.1635,6.12,589.0,82.0
10669,144.9,6.90,23.69,0.1635,6.12,589.0,82.0
10676,140.8,7.10,23.69,0.1682,5.94,589.0,82.0
10683,144.9,6.90,23.69,0.1635,6.12,589.0,82.0
10690,144.9,6.90,23.69,0.1635,6.12,589.0,82.0
10697,144.9,6.90,23.69,0.1635,6.12,589.0,82.0
10704,142.9,7.00,23.69,0.1658,6.03,589.0,82.0
10711,144.9,6.90,23.69,0.1635,6.12,589.0,82.0
10718,144.9,6.90,23.69,0.1634,6.12,589.0,82.0
10725,142.9,7.00,23.69,0.1658,6.03,589.0,82.0
10732,144.9,6.90,23.68,0.1634,6.12,589.0,82.0
10739,142.9,7.00,23.68,0.1658,6.03,589.0,82.0
10746,142.9,7.00,23.68,0.1658,6.03,589.0,82.0
10753,144.9,6.90,23.68,0.1634,6.12,589.0,82.0
10759,144.9,6.90,23.68,0.1634,6.12,589.0,82.0
10766,144.9,6.90,23.67,0.1633,6.12,589.0,82.0
10773,142.9,7.00,23.67,0.1657,6.04,589.0,82.0
10780,142.9,7.00,23.67,0.1657,6.04,589.0,82.0
10787,144.9,6.90,23.67,0.1633,6.12,589.0,82.0
10794,142.9,7.00,23.67,0.1657,6.04,589.0,82.0
10801,144.9,6.90,23.66,0.1633,6.12,589.0,82.0
10808,142.9,7.00,23.66,0.1656,6.04,589.0,82.0
10815,144.9,6.90,23.66,0.1633,6.12,589.0,82.0
10822,144.9,6.90,23.66,0.1633,6.12,589.0,82.0
10829,142.9,7.00,23.66,0.1656,6.04,589.0,82.0
10836,144.9,6.90,23.66,0.1633,6.12,589.0,82.0
10843,142.9,7.00,23.66,0.1656,6.04,589.0,82.0
10850,144.9,6.90,23.66,0.1633,6.12,589.0,82.0
10857,142.9,7.00,23.66,0.1656,6.04,589.0,82.0
10864,144.9,6.90,23.66,0.1633,6.12,589.0,82.0
10871,142.9,7.00,23.66,0.1656,6.04,589.0,82.0
10878,144.9,6.90,23.66,0.1633,6.12,589.0,82.0
10884,144.9,6.90,23.66,0.1633,6.12,589.0,82.0
10891,142.9,7.00,23.66,0.1656,6.04,589.0,82.0
10898,142.9,7.00,23.66,0.1656,6.04,589.0,82.0
10905,147.1,6.80,23.66,0.1609,6.22,589.0,82.0
10912,144.9,6.90,23.66,0.1633,6.12,589.0,82.0
10919,142.9,7.00,23.66,0.1656,6.04,589.0,82.0
10926,142.9,7.00,23.66,0.1656,6.04,589.0,82.0
10933,142.9,7.00,23.66,0.1656,6.04,589.0,82.0
10940,147.1,6.80,23.66,0.1609,6.22,589.0,82.0
10947,140.8,7.10,23.66,0.1680,5.95,589.0,82.0
10954,144.9,6.90,23.66,0.1633,6.12,589.0,82.0
10961,144.9,6.90,23.66,0.1633,6.12,589.0,82.0
10968,142.9,7.00,23.66,0.1656,6.04,589.0,82.0
10975,144.9,6.90,23.66,0.1633,6.12,589.0,82.0
10982,142.9,7.00,23.66,0.1656,6.04,589.0,82.0
10989,144.9,6.90,23.66,0.1633,6.12,589.0,82.0
10996,142.9,7.00,23.66,0.1656,6.04,589.0,82.0
11003,144.9,6.90,23.66,0.1633,6.12,589.0,82.0
11010,142.9,7.00,23.66,0.1656,6.04,589.0,82.0
11016,144.9,6.90,23.66,0.1633,6.12,589.0,82.0
11023,142.9,7.00,23.66,0.1656,6.04,589.0,82.0
11030,144.9,6.90,23.66,0.1633,6.12,589.0,82.0
11037,144.9,6.90,23.66,0.1633,6.12,589.0,82.0
11044,142.9,7.00,23.66,0.1656,6.04,589.0,82.0
11051,144.9,6.90,23.66,0.1633,6.12,589.0,82.0
11058,144.9,6.90,23.66,0.1633,6.12,589.0,82.0
11065,144.9,6.90,23.66,0.1633,6.12,589.0,82.0
11072,140.8,7.10,23.66,0.1680,5.95,589.0,82.0
11079,144.9,6.90,23.66,0.1633,6.12,589.0,82.0
11086,144.9,6.90,23.66,0.1633,6.12,589.0,82.0
11093,142.9,7.00,23.66,0.1656,6.04,589.0,82.0
11100,144.9,6.90,23.66,0.1633,6.12,589.0,82.0
11107,144.9,6.90,23.66,0.1633,6.12,589.0,82.0
11114,142.9,7.00,23.66,0.1656,6.04,589.0,82.0
11121,142.9,7.00,23.66,0.1656,6.04,589.0,82.0
11128,144.9,6.90,23.66,0.1633,6.12,589.0,82.0
11134,144.9,6.90,23.66,0.1633,6.12,589.0,82.0
11141,144.9,6.90,23.66,0.1633,6.12,589.0,82.0
11148,140.8,7.10,23.66,0.1680,5.95,589.0,82.0
11155,144.9,6.90,23.66,0.1633,6.12,589.0,82.0
11162,142.9,7.00,23.66,0.1656,6.04,589.0,82.0
11169,147.1,6.80,23.66,0.1609,6.22,589.0,82.0
11176,144.9,6.90,23.66,0.1633,6.12,589.0,82.0
11183,140.8,7.10,23.66,0.1680,5.95,589.0,82.0
11190,144.9,6.90,23.66,0.1633,6.12,589.0,82.0
11197,144.9,6.90,23.66,0.1633,6.12,589.0,82.0
11204,144.9,6.90,23.66,0.1633,6.12,589.0,82.0
11211,142.9,7.00,23.66,0.1656,6.04,589.0,82.0
11218,142.9,7.00,23.66,0.1656,6.04,589.0,82.0
11225,144.9,6.90,23.66,0.1633,6.12,589.0,82.0
11232,144.9,6.90,23.66,0.1633,6.12,589.0,82.0
11239,144.9,6.90,23.66,0.1633,6.12,589.0,82.0
11246,140.8,7.10,23.66,0.1680,5.95,589.0,82.0
11253,144.9,6.90,23.66,0.1632,6.12,589.0,82.0
11259,144.9,6.90,23.65,0.1632,6.13,589.0,82.0
11266,144.9,6.90,23.65,0.1632,6.13,589.0,82.0
11273,142.9,7.00,23.65,0.1655,6.04,589.0,82.0
11280,144.9,6.90,23.64,0.1631,6.13,589.0,82.0
11287,142.9,7.00,23.64,0.1655,6.05,589.0,82.0
11294,142.9,7.00,23.63,0.1654,6.05,589.0,82.0
11301,144.9,6.90,23.63,0.1630,6.13,589.0,82.0
11308,144.9,6.90,23.62,0.1630,6.13,589.0,82.0
11315,142.9,7.00,23.62,0.1653,6.05,589.0,82.0
11322,142.9,7.00,23.61,0.1653,6.05,589.0,82.0
11329,147.1,6.80,23.61,0.1605,6.23,589.0,82.0
11336,142.9,7.00,23.60,0.1652,6.05,589.0,82.0
11343,144.9,6.90,23.60,0.1628,6.14,589.0,82.0
11350,142.9,7.00,23.60,0.1652,6.06,589.0,82.0
11357,144.9,6.90,23.59,0.1628,6.14,589.0,82.0
11364,142.9,7.00,23.59,0.1651,6.06,589.0,82.0
11371,142.9,7.00,23.59,0.1651,6.06,589.0,82.0
11378,144.9,6.90,23.59,0.1628,6.14,589.0,82.0
11384,144.9,6.90,23.59,0.1628,6.14,589.0,82.0
11391,142.9,7.00,23.59,0.1651,6.06,589.0,82.0
11398,144.9,6.90,23.59,0.1628,6.14,589.0,82.0
11405,144.9,6.90,23.59,0.1628,6.14,589.0,82.0
11412,144.9,6.90,23.59,0.1628,6.14,589.0,82.0
11419,142.9,7.00,23.59,0.1651,6.06,589.0,82.0
11426,144.9,6.90,23.59,0.1628,6.14,589.0,82.0
11433,142.9,7.00,23.59,0.1651,6.06,589.0,82.0
11440,142.9,7.00,23.59,0.1651,6.06,589.0,82.0
11447,144.9,6.90,23.59,0.1628,6.14,589.0,82.0
11454,142.9,7.00,23.59,0.1651,6.06,589.0,82.0
11461,144.9,6.90,23.59,0.1628,6.14,589.0,82.0
11468,142.9,7.00,23.59,0.1651,6.06,589.0,82.0
11475,144.9,6.90,23.59,0.1628,6.14,589.0,82.0
11482,144.9,6.90,23.59,0.1628,6.14,589.0,82.0
11489,144.9,6.90,23.59,0.1628,6.14,589.0,82.0
11496,142.9,7.00,23.59,0.1651,6.06,589.0,82.0
11502,144.9,6.90,23.59,0.1628,6.14,589.0,82.0
11509,142.9,7.00,23.59,0.1651,6.06,589.0,82.0
11516,144.9,6.90,23.59,0.1628,6.14,589.0,82.0
11523,142.9,7.00,23.59,0.1651,6.06,589.0,82.0
11530,142.9,7.00,23.59,0.1651,6.06,589.0,82.0
11537,144.9,6.90,23.59,0.1628,6.14,589.0,82.0
11544,144.9,6.90,23.59,0.1628,6.14,589.0,82.0
11551,144.9,6.90,23.59,0.1628,6.14,589.0,82.0
11558,142.9,7.00,23.59,0.1651,6.06,589.0,82.0
11565,142.9,7.00,23.59,0.1651,6.06,589.0,82.0
11572,144.9,6.90,23.59,0.1628,6.14,589.0,82.0
11579,142.9,7.00,23.59,0.1651,6.06,589.0,82.0
11586,144.9,6.90,23.59,0.1628,6.14,589.0,82.0
11593,144.9,6.90,23.59,0.1628,6.14,589.0,82.0
11600,142.9,7.00,23.59,0.1651,6.06,589.0,82.0
11607,144.9,6.90,23.59,0.1628,6.14,589.0,82.0
11614,142.9,7.00,23.59,0.1651,6.06,589.0,82.0
11621,142.9,7.00,23.59,0.1651,6.06,589.0,82.0
11628,144.9,6.90,23.59,0.1628,6.14,589.0,82.0
11635,142.9,7.00,23.59,0.1651,6.06,589.0,82.0
11641,144.9,6.90,23.59,0.1628,6.14,589.0,82.0
11648,144.9,6.90,23.59,0.1628,6.14,589.0,82.0
11655,142.9,7.00,23.59,0.1651,6.06,589.0,82.0
11662,144.9,6.90,23.59,0.1628,6.14,589.0,82.0
11669,144.9,6.90,23.59,0.1628,6.14,589.0,82.0
11676,142.9,7.00,23.59,0.1651,6.06,589.0,82.0
11683,144.9,6.90,23.59,0.1628,6.14,589.0,82.0
11690,142.9,7.00,23.58,0.1651,6.06,589.0,82.0
11697,142.9,7.00,23.57,0.1650,6.06,589.0,82.0
11704,147.1,6.80,23.56,0.1602,6.24,589.0,82.0
11711,142.9,7.00,23.55,0.1648,6.07,589.0,82.0
11718,142.9,7.00,23.54,0.1648,6.07,589.0,82.0
11725,144.9,6.90,23.53,0.1623,6.16,589.0,82.0
11732,144.9,6.90,23.52,0.1623,6.16,589.0,82.0
11739,142.9,7.00,23.51,0.1646,6.08,589.0,82.0
11746,144.9,6.90,23.50,0.1621,6.17,589.0,82.0
11753,142.9,7.00,23.49,0.1644,6.08,589.0,82.0
11760,142.9,7.00,23.48,0.1643,6.09,589.0,82.0
11766,144.9,6.90,23.47,0.1619,6.17,589.0,82.0
11773,144.9,6.90,23.46,0.1619,6.18,589.0,82.0
11780,142.9,7.00,23.45,0.1641,6.09,589.0,82.0
11787,144.9,6.90,23.44,0.1617,6.18,589.0,82.0
11794,144.9,6.90,23.43,0.1617,6.18,589.0,82.0
11801,142.9,7.00,23.43,0.1640,6.10,589.0,82.0
11808,142.9,7.00,23.43,0.1640,6.10,589.0,82.0
11815,144.9,6.90,23.43,0.1617,6.18,589.0,82.0
11822,144.9,6.90,23.43,0.1617,6.18,589.0,82.0
11829,144.9,6.90,23.43,0.1617,6.18,589.0,82.0
11836,142.9,7.00,23.43,0.1640,6.10,589.0,82.0
11843,142.9,7.00,23.43,0.1640,6.10,589.0,82.0
11850,147.1,6.80,23.43,0.1593,6.28,589.0,82.0
11857,140.8,7.10,23.43,0.1664,6.01,589.0,82.0
11864,147.1,6.80,23.43,0.1593,6.28,589.0,82.0
11871,142.9,7.00,23.43,0.1640,6.10,589.0,82.0
11877,144.9,6.90,23.43,0.1617,6.18,589.0,82.0
11884,142.9,7.00,23.43,0.1640,6.10,589.0,82.0
11891,144.9,6.90,23.43,0.1617,6.18,589.0,82.0
11898,142.9,7.00,23.43,0.1640,6.10,589.0,82.0
11905,142.9,7.00,23.43,0.1640,6.10,589.0,82.0
11912,144.9,6.90,23.43,0.1617,6.18,589.0,82.0
11919,144.9,6.90,23.43,0.1617,6.18,589.0,82.0
11926,142.9,7.00,23.43,0.1640,6.10,589.0,82.0
11933,144.9,6.90,23.43,0.1617,6.18,589.0,82.0
11940,142.9,7.00,23.43,0.1640,6.10,589.0,82.0
11947,144.9,6.90,23.43,0.1617,6.18,589.0,82.0
11954,142.9,7.00,23.43,0.1640,6.10,589.0,82.0
11961,144.9,6.90,23.43,0.1617,6.18,589.0,82.0
11968,144.9,6.90,23.43,0.1617,6.18,589.0,82.0
11975,142.9,7.00,23.43,0.1640,6.10,589.0,82.0
11982,144.9,6.90,23.43,0.1617,6.18,589.0,82.0
11989,142.9,7.00,23.43,0.1640,6.10,589.0,82.0
11996,142.9,7.00,23.43,0.1640,6.10,589.0,82.0
12003,144.9,6.90,23.43,0.1617,6.18,589.0,82.0
12009,144.9,6.90,23.43,0.1617,6.18,589.0,82.0
12016,142.9,7.00,23.43,0.1640,6.10,589.0,82.0
12023,144.9,6.90,23.43,0.1617,6.18,589.0,82.0
12030,142.9,7.00,23.43,0.1640,6.10,589.0,82.0
12037,144.9,6.90,23.43,0.1617,6.18,589.0,82.0
12044,144.9,6.90,23.43,0.1617,6.18,589.0,82.0
12051,142.9,7.00,23.43,0.1640,6.10,589.0,82.0
12058,144.9,6.90,23.43,0.1617,6.18,589.0,82.0
12065,142.9,7.00,23.43,0.1640,6.10,589.0,82.0
12072,144.9,6.90,23.43,0.1617,6.18,589.0,82.0
12079,142.9,7.00,23.43,0.1640,6.10,589.0,82.0
12086,144.9,6.90,23.43,0.1617,6.18,589.0,82.0
12093,142.9,7.00,23.43,0.1640,6.10,589.0,82.0
12100,147.1,6.80,23.43,0.1593,6.28,589.0,82.0
12107,140.8,7.10,23.43,0.1664,6.01,589.0,82.0
12114,147.1,6.80,23.43,0.1593,6.28,589.0,82.0
12121,142.9,7.00,23.43,0.1640,6.10,589.0,82.0
12128,142.9,7.00,23.43,0.1640,6.10,589.0,82.0
12134,144.9,6.90,23.43,0.1617,6.18,589.0,82.0
12141,144.9,6.90,23.43,0.1617,6.18,589.0,82.0
12148,142.9,7.00,23.43,0.1640,6.10,589.0,82.0
12155,144.9,6.90,23.43,0.1617,6.18,589.0,82.0
12162,142.9,7.00,23.43,0.1640,6.10,589.0,82.0
12169,144.9,6.90,23.43,0.1617,6.18,589.0,82.0
12176,142.9,7.00,23.43,0.1640,6.10,589.0,82.0
12183,142.9,7.00,23.43,0.1640,6.10,589.0,82.0
12190,144.9,6.90,23.43,0.1617,6.18,589.0,82.0
12197,144.9,6.90,23.43,0.1617,6.18,589.0,82.0
12204,142.9,7.00,23.43,0.1640,6.10,589.0,82.0
12211,144.9,6.90,23.43,0.1617,6.18,589.0,82.0
12218,144.9,6.90,23.43,0.1617,6.18,589.0,82.0
12225,142.9,7.00,23.43,0.1640,6.10,589.0,82.0
12232,144.9,6.90,23.42,0.1616,6.19,589.0,82.0
12239,142.9,7.00,23.41,0.1639,6.10,589.0,82.0
12246,144.9,6.90,23.41,0.1615,6.19,589.0,82.0
12252,144.9,6.90,23.40,0.1615,6.19,589.0,82.0
12260,140.8,7.10,23.39,0.1661,6.02,589.0,82.0
12266,144.9,6.90,23.38,0.1613,6.20,589.0,82.0
12273,147.1,6.80,23.37,0.1589,6.29,589.0,82.0
12280,140.8,7.10,23.37,0.1659,6.03,589.0,82.0
12287,147.1,6.80,23.36,0.1588,6.30,589.0,82.0
12294,142.9,7.00,23.35,0.1634,6.12,589.0,82.0
12301,144.9,6.90,23.34,0.1611,6.21,589.0,82.0
12308,142.9,7.00,23.33,0.1633,6.12,589.0,82.0
12315,142.9,7.00,23.32,0.1633,6.13,589.0,82.0
12322,144.9,6.90,23.32,0.1609,6.21,589.0,82.0
12329,144.9,6.90,23.31,0.1608,6.22,589.0,82.0
12336,142.9,7.00,23.30,0.1631,6.13,589.0,82.0
12343,144.9,6.90,23.30,0.1608,6.22,589.0,82.0
12350,144.9,6.90,23.30,0.1608,6.22,589.0,82.0
12357,142.9,7.00,23.30,0.1631,6.13,589.0,82.0
12364,142.9,7.00,23.30,0.1631,6.13,589.0,82.0
12371,142.9,7.00,23.30,0.1631,6.13,589.0,82.0
12377,147.1,6.80,23.30,0.1584,6.31,589.0,82.0
12384,142.9,7.00,23.30,0.1631,6.13,589.0,82.0
12391,142.9,7.00,23.30,0.1631,6.13,589.0,82.0
12398,144.9,6.90,23.30,0.1608,6.22,589.0,82.0
12405,142.9,7.00,23.30,0.1631,6.13,589.0,82.0
12412,144.9,6.90,23.30,0.1608,6.22,589.0,82.0
12419,144.9,6.90,23.30,0.1608,6.22,589.0,82.0
12426,142.9,7.00,23.30,0.1631,6.13,589.0,82.0
12433,144.9,6.90,23.30,0.1608,6.22,589.0,82.0
12440,142.9,7.00,23.30,0.1631,6.13,589.0,82.0
12447,144.9,6.90,23.30,0.1608,6.22,589.0,82.0
12454,144.9,6.90,23.30,0.1608,6.22,589.0,82.0
12461,142.9,7.00,23.30,0.1631,6.13,589.0,82.0
12468,144.9,6.90,23.30,0.1608,6.22,589.0,82.0
12475,142.9,7.00,23.30,0.1631,6.13,589.0,82.0
12482,144.9,6.90,23.30,0.1608,6.22,589.0,82.0
12489,142.9,7.00,23.30,0.1631,6.13,589.0,82.0
12496,144.9,6.90,23.30,0.1608,6.22,589.0,82.0
12502,144.9,6.90,23.30,0.1608,6.22,589.0,82.0
12509,142.9,7.00,23.30,0.1631,6.13,589.0,82.0
12516,144.9,6.90,23.30,0.1608,6.22,589.0,82.0
12523,142.9,7.00,23.30,0.1631,6.13,589.0,82.0
12530,144.9,6.90,23.30,0.1608,6.22,589.0,82.0
12537,142.9,7.00,23.30,0.1631,6.13,589.0,82.0
12544,144.9,6.90,23.30,0.1608,6.22,589.0,82.0
12551,142.9,7.00,23.30,0.1631,6.13,589.0,82.0
12558,144.9,6.90,23.30,0.1608,6.22,589.0,82.0
12565,144.9,6.90,23.30,0.1608,6.22,589.0,82.0
12572,142.9,7.00,23.30,0.1631,6.13,589.0,82.0
12579,144.9,6.90,23.30,0.1608,6.22,589.0,82.0
12586,142.9,7.00,23.30,0.1631,6.13,589.0,82.0
12593,144.9,6.90,23.30,0.1608,6.22,589.0,82.0
12600,142.9,7.00,23.30,0.1631,6.13,589.0,82.0
12607,142.9,7.00,23.30,0.1631,6.13,589.0,82.0
12614,147.1,6.80,23.30,0.1584,6.31,589.0,82.0
12621,142.9,7.00,23.30,0.1631,6.13,589.0,82.0
12627,144.9,6.90,23.30,0.1608,6.22,589.0,82.0
12634,142.9,7.00,23.30,0.1631,6.13,589.0,82.0
12641,142.9,7.00,23.30,0.1631,6.13,589.0,82.0
12648,147.1,6.80,23.30,0.1584,6.31,589.0,82.0
12655,142.9,7.00,23.30,0.1631,6.13,589.0,82.0
12662,144.9,6.90,23.30,0.1608,6.22,589.0,82.0
12669,142.9,7.00,23.30,0.1631,6.13,589.0,82.0
12676,142.9,7.00,23.30,0.1631,6.13,589.0,82.0
12683,142.9,7.00,23.30,0.1631,6.13,589.0,82.0
12690,147.1,6.80,23.30,0.1584,6.31,589.0,82.0
12697,142.9,7.00,23.30,0.1631,6.13,589.0,82.0
12704,142.9,7.00,23.30,0.1631,6.13,589.0,82.0
12711,147.1,6.80,23.30,0.1584,6.31,589.0,82.0
12718,142.9,7.00,23.30,0.1631,6.13,589.0,82.0
12725,144.9,6.90,23.30,0.1608,6.22,589.0,82.0
12732,140.8,7.10,23.30,0.1654,6.04,589.0,82.0
12739,144.9,6.90,23.30,0.1608,6.22,589.0,82.0
12746,144.9,6.90,23.30,0.1608,6.22,589.0,82.0
12752,144.9,6.90,23.30,0.1608,6.22,589.0,82.0
12760,140.8,7.10,23.30,0.1654,6.04,589.0,82.0
12766,144.9,6.90,23.30,0.1608,6.22,589.0,82.0
12773,144.9,6.90,23.30,0.1608,6.22,589.0,82.0
12780,144.9,6.90,23.29,0.1607,6.22,589.0,82.0
12787,142.9,7.00,23.29,0.1630,6.14,589.0,82.0
12794,144.9,6.90,23.29,0.1607,6.22,589.0,82.0
12801,142.9,7.00,23.28,0.1630,6.14,589.0,82.0
12808,144.9,6.90,23.28,0.1606,6.22,589.0,82.0
12815,142.9,7.00,23.28,0.1629,6.14,589.0,82.0
12822,144.9,6.90,23.27,0.1606,6.23,589.0,82.0
12829,144.9,6.90,23.27,0.1605,6.23,589.0,82.0
12836,142.9,7.00,23.26,0.1628,6.14,589.0,82.0
12843,144.9,6.90,23.26,0.1605,6.23,589.0,82.0
12850,142.9,7.00,23.26,0.1628,6.14,589.0,82.0
12857,144.9,6.90,23.25,0.1604,6.23,589.0,82.0
12864,142.9,7.00,23.25,0.1627,6.15,589.0,82.0
12871,144.9,6.90,23.24,0.1604,6.23,589.0,82.0
12878,142.9,7.00,23.24,0.1627,6.15,589.0,82.0
12884,144.9,6.90,23.24,0.1604,6.23,589.0,82.0
12891,144.9,6.90,23.24,0.1604,6.23,589.0,82.0
12898,142.9,7.00,23.24,0.1627,6.15,589.0,82.0
12905,144.9,6.90,23.24,0.1604,6.23,589.0,82.0
12912,144.9,6.90,23.24,0.1604,6.23,589.0,82.0
12919,142.9,7.00,23.24,0.1627,6.15,589.0,82.0
12926,142.9,7.00,23.24,0.1627,6.15,589.0,82.0
12933,144.9,6.90,23.24,0.1604,6.23,589.0,82.0
12940,144.9,6.90,23.24,0.1604,6.23,589.0,82.0
12947,142.9,7.00,23.24,0.1627,6.15,589.0,82.0
12954,144.9,6.90,23.24,0.1604,6.23,589.0,82.0
12961,142.9,7.00,23.24,0.1627,6.15,589.0,82.0
12968,142.9,7.00,23.24,0.1627,6.15,589.0,82.0
12975,144.9,6.90,23.24,0.1604,6.23,589.0,82.0
12982,144.9,6.90,23.24,0.1604,6.23,589.0,82.0
12989,144.9,6.90,23.24,0.1604,6.23,589.0,82.0
12996,140.8,7.10,23.24,0.1650,6.06,589.0,82.0
13002,147.1,6.80,23.24,0.1580,6.33,589.0,82.0
13009,142.9,7.00,23.24,0.1627,6.15,589.0,82.0
13016,142.9,7.00,23.24,0.1627,6.15,589.0,82.0
13023,144.9,6.90,23.24,0.1604,6.23,589.0,82.0
13030,144.9,6.90,23.24,0.1604,6.23,589.0,82.0
13037,142.9,7.00,23.24,0.1627,6.15,589.0,82.0
13044,144.9,6.90,23.24,0.1604,6.23,589.0,82.0
13051,144.9,6.90,23.24,0.1604,6.23,589.0,82.0
13058,142.9,7.00,23.24,0.1627,6.15,589.0,82.0
13065,142.9,7.00,23.24,0.1627,6.15,589.0,82.0
13072,144.9,6.90,23.24,0.1604,6.23,589.0,82.0
13079,144.9,6.90,23.24,0.1604,6.23,589.0,82.0
13086,144.9,6.90,23.24,0.1604,6.23,589.0,82.0
13093,142.9,7.00,23.24,0.1627,6.15,589.0,82.0
13100,142.9,7.00,23.24,0.1627,6.15,589.0,82.0
13107,144.9,6.90,23.24,0.1604,6.23,589.0,82.0
13114,144.9,6.90,23.24,0.1604,6.23,589.0,82.0
13120,144.9,6.90,23.24,0.1604,6.23,589.0,82.0
13127,142.9,7.00,23.24,0.1627,6.15,589.0,82.0
13134,142.9,7.00,23.24,0.1627,6.15,589.0,82.0
13141,144.9,6.90,23.24,0.1604,6.23,589.0,82.0
13148,142.9,7.00,23.24,0.1627,6.15,589.0,82.0
13155,144.9,6.90,23.24,0.1604,6.23,589.0,82.0
13162,142.9,7.00,23.24,0.1627,6.15,589.0,82.0
13169,142.9,7.00,23.24,0.1627,6.15,589.0,82.0
13176,147.1,6.80,23.24,0.1580,6.33,589.0,82.0
13183,142.9,7.00,23.24,0.1627,6.15,589.0,82.0
13190,142.9,7.00,23.24,0.1627,6.15,589.0,82.0
13197,144.9,6.90,23.24,0.1604,6.23,589.0,82.0
13204,144.9,6.90,23.24,0.1604,6.23,589.0,82.0
13211,142.9,7.00,23.24,0.1627,6.15,589.0,82.0
13218,144.9,6.90,23.24,0.1604,6.23,589.0,82.0
13225,142.9,7.00,23.24,0.1627,6.15,589.0,82.0
13232,144.9,6.90,23.24,0.1604,6.23,589.0,82.0
13239,142.9,7.00,23.24,0.1627,6.15,589.0,82.0
13246,144.9,6.90,23.24,0.1604,6.23,589.0,82.0
13252,144.9,6.90,23.24,0.1604,6.23,589.0,82.0
13259,144.9,6.90,23.24,0.1604,6.23,589.0,82.0
13266,142.9,7.00,23.24,0.1627,6.15,589.0,82.0
13273,142.9,7.00,23.24,0.1627,6.15,589.0,82.0
13280,144.9,6.90,23.24,0.1604,6.23,589.0,82.0
13287,144.9,6.90,23.24,0.1604,6.23,589.0,82.0
13294,142.9,7.00,23.24,0.1627,6.15,589.0,82.0
13301,142.9,7.00,23.24,0.1627,6.15,589.0,82.0
13308,144.9,6.90,23.24,0.1604,6.23,589.0,82.0
13315,142.9,7.00,23.24,0.1627,6.15,589.0,82.0
13322,144.9,6.90,23.24,0.1604,6.23,589.0,82.0
13329,144.9,6.90,23.24,0.1604,6.23,589.0,82.0
13336,144.9,6.90,23.24,0.1604,6.23,589.0,82.0
13343,142.9,7.00,23.24,0.1627,6.15,589.0,82.0
13350,144.9,6.90,23.24,0.1604,6.23,589.0,82.0
13357,142.9,7.00,23.24,0.1627,6.15,589.0,82.0
13364,142.9,7.00,23.24,0.1627,6.15,589.0,82.0
13371,144.9,6.90,23.24,0.1604,6.23,589.0,82.0
13377,144.9,6.90,23.24,0.1604,6.23,589.0,82.0
13384,142.9,7.00,23.24,0.1627,6.15,589.0,82.0
13391,144.9,6.90,23.24,0.1604,6.23,589.0,82.0
13398,144.9,6.90,23.24,0.1604,6.23,589.0,82.0
13405,142.9,7.00,23.24,0.1627,6.15,589.0,82.0
13412,142.9,7.00,23.24,0.1627,6.15,589.0,82.0
13419,144.9,6.90,23.24,0.1604,6.23,589.0,82.0
13426,144.9,6.90,23.24,0.1604,6.23,589.0,82.0
13433,142.9,7.00,23.24,0.1627,6.15,589.0,82.0
13440,142.9,7.00,23.24,0.1627,6.15,589.0,82.0
13447,147.1,6.80,23.24,0.1580,6.33,589.0,82.0
13454,144.9,6.90,23.24,0.1604,6.23,589.0,82.0
13461,142.9,7.00,23.24,0.1627,6.15,589.0,82.0
13468,142.9,7.00,23.24,0.1627,6.15,589.0,82.0
13475,144.9,6.90,23.24,0.1604,6.23,589.0,82.0
13482,142.9,7.00,23.24,0.1627,6.15,589.0,82.0
13489,144.9,6.90,23.24,0.1604,6.23,589.0,82.0
13496,142.9,7.00,23.24,0.1627,6.15,589.0,82.0
13502,144.9,6.90,23.24,0.1604,6.23,589.0,82.0
13509,142.9,7.00,23.24,0.1627,6.15,589.0,82.0
13516,144.9,6.90,23.24,0.1604,6.23,589.0,82.0
13523,142.9,7.00,23.24,0.1627,6.15,589.0,82.0
13530,144.9,6.90,23.24,0.1604,6.23,589.0,82.0
13537,144.9,6.90,23.24,0.1604,6.23,589.0,82.0
13544,142.9,7.00,23.24,0.1627,6.15,589.0,82.0
13551,142.9,7.00,23.24,0.1627,6.15,589.0,82.0
13558,144.9,6.90,23.24,0.1604,6.23,589.0,82.0
13565,142.9,7.00,23.24,0.1627,6.15,589.0,82.0
13572,144.9,6.90,23.24,0.1604,6.23,589.0,82.0
13579,144.9,6.90,23.24,0.1604,6.23,589.0,82.0
13586,144.9,6.90,23.24,0.1604,6.23,589.0,82.0
13593,142.9,7.00,23.24,0.1627,6.15,589.0,82.0
13600,142.9,7.00,23.24,0.1627,6.15,589.0,82.0
13607,144.9,6.90,23.24,0.1604,6.23,589.0,82.0
13614,142.9,7.00,23.24,0.1627,6.15,589.0,82.0
13621,144.9,6.90,23.24,0.1604,6.23,589.0,82.0
13627,144.9,6.90,23.24,0.1604,6.23,589.0,82.0
13634,142.9,7.00,23.24,0.1627,6.15,589.0,82.0
13641,144.9,6.90,23.24,0.1604,6.23,589.0,82.0
13648,142.9,7.00,23.24,0.1627,6.15,589.0,82.0
13655,144.9,6.90,23.24,0.1604,6.23,589.0,82.0
13662,142.9,7.00,23.24,0.1627,6.15,589.0,82.0
13669,144.9,6.90,23.24,0.1604,6.23,589.0,82.0
13676,144.9,6.90,23.24,0.1604,6.23,589.0,82.0
13683,142.9,7.00,23.24,0.1627,6.15,589.0,82.0
13690,144.9,6.90,23.24,0.1604,6.23,589.0,82.0
13697,142.9,7.00,23.24,0.1627,6.15,589.0,82.0
13704,144.9,6.90,23.24,0.1604,6.23,589.0,82.0
13711,142.9,7.00,23.24,0.1627,6.15,589.0,82.0
13718,147.1,6.80,23.24,0.1580,6.33,589.0,82.0
13725,142.9,7.00,23.24,0.1627,6.15,589.0,82.0
13732,144.9,6.90,23.24,0.1604,6.23,589.0,82.0
13739,140.8,7.10,23.24,0.1650,6.06,589.0,82.0
13746,144.9,6.90,23.24,0.1604,6.23,589.0,82.0
13753,142.9,7.00,23.24,0.1627,6.15,589.0,82.0
13759,144.9,6.90,23.24,0.1604,6.23,589.0,82.0
13766,144.9,6.90,23.25,0.1604,6.23,589.0,82.0
13773,142.9,7.00,23.25,0.1628,6.15,589.0,82.0
13780,144.9,6.90,23.26,0.1605,6.23,589.0,82.0
13787,144.9,6.90,23.26,0.1605,6.23,589.0,82.0
13794,142.9,7.00,23.26,0.1628,6.14,589.0,82.0
13801,144.9,6.90,23.27,0.1605,6.23,589.0,82.0
13808,142.9,7.00,23.27,0.1629,6.14,589.0,82.0
13815,142.9,7.00,23.28,0.1629,6.14,589.0,82.0
13822,147.1,6.80,23.28,0.1583,6.32,589.0,82.0
13829,144.9,6.90,23.28,0.1607,6.22,589.0,82.0
13836,140.8,7.10,23.29,0.1653,6.05,589.0,82.0
13843,144.9,6.90,23.29,0.1607,6.22,589.0,82.0
13850,142.9,7.00,23.30,0.1631,6.13,589.0,82.0
13857,144.9,6.90,23.30,0.1608,6.22,589.0,82.0
13864,144.9,6.90,23.30,0.1608,6.22,589.0,82.0
13871,142.9,7.00,23.30,0.1631,6.13,589.0,82.0
13877,144.9,6.90,23.30,0.1608,6.22,589.0,82.0
13884,142.9,7.00,23.30,0.1631,6.13,589.0,82.0
13891,144.9,6.90,23.30,0.1608,6.22,589.0,82.0
13898,142.9,7.00,23.30,0.1631,6.13,589.0,82.0
13905,144.9,6.90,23.30,0.1608,6.22,589.0,82.0
13912,142.9,7.00,23.30,0.1631,6.13,589.0,82.0
13919,144.9,6.90,23.30,0.1608,6.22,589.0,82.0
13926,144.9,6.90,23.30,0.1608,6.22,589.0,82.0
13933,142.9,7.00,23.30,0.1631,6.13,589.0,82.0
13940,144.9,6.90,23.30,0.1608,6.22,589.0,82.0
13947,144.9,6.90,23.30,0.1608,6.22,589.0,82.0
13954,142.9,7.00,23.30,0.1631,6.13,589.0,82.0
13961,142.9,7.00,23.30,0.1631,6.13,589.0,82.0
13968,144.9,6.90,23.30,0.1608,6.22,589.0,82.0
13975,142.9,7.00,23.30,0.1631,6.13,589.0,82.0
13982,142.9,7.00,23.30,0.1631,6.13,589.0,82.0
13989,144.9,6.90,23.30,0.1608,6.22,589.0,82.0
13996,144.9,6.90,23.30,0.1608,6.22,589.0,82.0
14003,142.9,7.00,23.30,0.1631,6.13,589.0,82.0
14009,144.9,6.90,23.30,0.1608,6.22,589.0,82.0
14016,144.9,6.90,23.30,0.1608,6.22,589.0,82.0
14023,144.9,6.90,23.30,0.1608,6.22,589.0,82.0
14030,142.9,7.00,23.30,0.1631,6.13,589.0,82.0
14037,142.9,7.00,23.30,0.1631,6.13,589.0,82.0
14044,144.9,6.90,23.30,0.1608,6.22,589.0,82.0
14051,144.9,6.90,23.30,0.1608,6.22,589.0,82.0
14058,142.9,7.00,23.30,0.1631,6.13,589.0,82.0
14065,142.9,7.00,23.30,0.1631,6.13,589.0,82.0
14072,147.1,6.80,23.30,0.1584,6.31,589.0,82.0
14079,142.9,7.00,23.30,0.1631,6.13,589.0,82.0
14086,142.9,7.00,23.30,0.1631,6.13,589.0,82.0
14093,144.9,6.90,23.30,0.1608,6.22,589.0,82.0
14100,142.9,7.00,23.30,0.1631,6.13,589.0,82.0
14107,144.9,6.90,23.30,0.1608,6.22,589.0,82.0
14114,144.9,6.90,23.30,0.1608,6.22,589.0,82.0
14121,140.8,7.10,23.30,0.1654,6.04,589.0,82.0
14128,144.9,6.90,23.30,0.1608,6.22,589.0,82.0
14134,144.9,6.90,23.30,0.1608,6.22,589.0,82.0
14141,142.9,7.00,23.30,0.1631,6.13,589.0,82.0
14148,144.9,6.90,23.30,0.1608,6.22,589.0,82.0
14155,144.9,6.90,23.30,0.1608,6.22,589.0,82.0
14162,144.9,6.90,23.30,0.1608,6.22,589.0,82.0
14169,142.9,7.00,23.30,0.1631,6.13,589.0,82.0
14176,142.9,7.00,23.30,0.1631,6.13,589.0,82.0
14183,144.9,6.90,23.30,0.1608,6.22,589.0,82.0
14190,144.9,6.90,23.30,0.1608,6.22,589.0,82.0
14197,142.9,7.00,23.30,0.1631,6.13,589.0,82.0
14204,144.9,6.90,23.30,0.1608,6.22,589.0,82.0
14211,144.9,6.90,23.30,0.1608,6.22,589.0,82.0
14218,142.9,7.00,23.30,0.1631,6.13,589.0,82.0
14225,144.9,6.90,23.30,0.1608,6.22,589.0,82.0
14232,142.9,7.00,23.30,0.1631,6.13,589.0,82.0
14239,144.9,6.90,23.30,0.1608,6.22,589.0,82.0
14246,142.9,7.00,23.30,0.1631,6.13,589.0,82.0
14253,142.9,7.00,23.30,0.1631,6.13,589.0,82.0
14259,144.9,6.90,23.30,0.1608,6.22,589.0,82.0
14266,144.9,6.90,23.30,0.1608,6.22,589.0,82.0
14273,142.9,7.00,23.30,0.1631,6.13,589.0,82.0
14280,144.9,6.90,23.30,0.1608,6.22,589.0,82.0
14287,142.9,7.00,23.30,0.1631,6.13,589.0,82.0
14294,144.9,6.90,23.30,0.1608,6.22,589.0,82.0
14301,144.9,6.90,23.30,0.1608,6.22,589.0,82.0
14308,142.9,7.00,23.30,0.1631,6.13,589.0,82.0
14315,144.9,6.90,23.30,0.1608,6.22,589.0,82.0
14322,142.9,7.00,23.30,0.1631,6.13,589.0,82.0
14329,144.9,6.90,23.30,0.1608,6.22,589.0,82.0
14336,144.9,6.90,23.30,0.1608,6.22,589.0,82.0
14343,142.9,7.00,23.30,0.1631,6.13,589.0,82.0
14350,144.9,6.90,23.30,0.1608,6.22,589.0,82.0
14357,144.9,6.90,23.30,0.1608,6.22,589.0,82.0
14364,142.9,7.00,23.30,0.1631,6.13,589.0,82.0
14370,144.9,6.90,23.30,0.1608,6.22,589.0,82.0
14377,142.9,7.00,23.30,0.1631,6.13,589.0,82.0
14384,142.9,7.00,23.30,0.1631,6.13,589.0,82.0
14391,144.9,6.90,23.30,0.1608,6.22,589.0,82.0
14398,144.9,6.90,23.30,0.1608,6.22,589.0,82.0
14405,142.9,7.00,23.30,0.1631,6.13,589.0,82.0
14412,144.9,6.90,23.30,0.1608,6.22,589.0,82.0
14419,144.9,6.90,23.30,0.1608,6.22,589.0,82.0
14426,142.9,7.00,23.30,0.1631,6.13,589.0,82.0
14433,142.9,7.00,23.30,0.1631,6.13,589.0,82.0
14440,144.9,6.90,23.30,0.1608,6.22,589.0,82.0
14447,144.9,6.90,23.30,0.1608,6.22,589.0,82.0
14454,142.9,7.00,23.30,0.1631,6.13,589.0,82.0
14461,142.9,7.00,23.30,0.1631,6.13,589.0,82.0
14468,144.9,6.90,23.30,0.1608,6.22,589.0,82.0
14475,144.9,6.90,23.30,0.1608,6.22,589.0,82.0
14482,142.9,7.00,23.30,0.1631,6.13,589.0,82.0
14489,144.9,6.90,23.30,0.1608,6.22,589.0,82.0
14496,142.9,7.00,23.30,0.1631,6.13,589.0,82.0
14502,144.9,6.90,23.30,0.1608,6.22,589.0,82.0
14509,142.9,7.00,23.30,0.1631,6.13,589.0,82.0
14516,144.9,6.90,23.30,0.1608,6.22,589.0,82.0
14523,144.9,6.90,23.30,0.1608,6.22,589.0,82.0
14530,142.9,7.00,23.30,0.1631,6.13,589.0,82.0
14537,144.9,6.90,23.30,0.1608,6.22,589.0,82.0
14544,142.9,7.00,23.30,0.1631,6.13,589.0,82.0
14551,142.9,7.00,23.30,0.1631,6.13,589.0,82.0
14558,144.9,6.90,23.30,0.1608,6.22,589.0,82.0
14565,144.9,6.90,23.30,0.1608,6.22,589.0,82.0
14572,142.9,7.00,23.30,0.1631,6.13,589.0,82.0
14579,144.9,6.90,23.30,0.1608,6.22,589.0,82.0
14586,144.9,6.90,23.30,0.1608,6.22,589.0,82.0
14593,142.9,7.00,23.30,0.1631,6.13,589.0,82.0
14600,142.9,7.00,23.30,0.1631,6.13,589.0,82.0
14607,144.9,6.90,23.30,0.1608,6.22,589.0,82.0
14614,144.9,6.90,23.30,0.1608,6.22,589.0,82.0
14621,142.9,7.00,23.30,0.1631,6.13,589.0,82.0
14627,144.9,6.90,23.30,0.1608,6.22,589.0,82.0
14634,142.9,7.00,23.30,0.1631,6.13,589.0,82.0
14641,144.9,6.90,23.30,0.1608,6.22,589.0,82.0
14648,144.9,6.90,23.30,0.1608,6.22,589.0,82.0
14655,142.9,7.00,23.30,0.1631,6.13,589.0,82.0
14662,144.9,6.90,23.30,0.1608,6.22,589.0,82.0
14669,142.9,7.00,23.30,0.1631,6.13,589.0,82.0
14676,147.1,6.80,23.30,0.1584,6.31,589.0,82.0
14683,140.8,7.10,23.30,0.1654,6.04,589.0,82.0
14690,144.9,6.90,23.30,0.1608,6.22,589.0,82.0
14697,142.9,7.00,23.30,0.1631,6.13,589.0,82.0
14704,144.9,6.90,23.30,0.1608,6.22,589.0,82.0
14711,144.9,6.90,23.30,0.1608,6.22,589.0,82.0
14718,142.9,7.00,23.30,0.1631,6.13,589.0,82.0
14725,144.9,6.90,23.30,0.1608,6.22,589.0,82.0
14732,142.9,7.00,23.30,0.1631,6.13,589.0,82.0
14738,147.1,6.80,23.30,0.1584,6.31,589.0,82.0
14746,140.8,7.10,23.29,0.1654,6.05,589.0,82.0
14752,144.9,6.90,23.28,0.1607,6.22,589.0,82.0
14759,142.9,7.00,23.28,0.1629,6.14,589.0,82.0
14766,144.9,6.90,23.27,0.1605,6.23,589.0,82.0
14773,144.9,6.90,23.26,0.1605,6.23,589.0,82.0
14780,144.9,6.90,23.25,0.1604,6.23,589.0,82.0
14787,140.8,7.10,23.24,0.1650,6.06,589.0,82.0
14794,144.9,6.90,23.23,0.1603,6.24,589.0,82.0
14801,147.1,6.80,23.23,0.1579,6.33,589.0,82.0
14808,142.9,7.00,23.22,0.1625,6.15,589.0,82.0
14815,140.8,7.10,23.21,0.1648,6.07,589.0,82.0
14822,147.1,6.80,23.20,0.1578,6.34,589.0,82.0
14829,142.9,7.00,23.19,0.1623,6.16,589.0,82.0
14836,144.9,6.90,23.18,0.1600,6.25,589.0,82.0
14843,142.9,7.00,23.18,0.1622,6.17,589.0,82.0
14850,144.9,6.90,23.17,0.1599,6.25,589.0,82.0
14857,144.9,6.90,23.17,0.1599,6.25,589.0,82.0
14864,140.8,7.10,23.17,0.1645,6.08,589.0,82.0
14871,144.9,6.90,23.17,0.1599,6.25,589.0,82.0
14877,144.9,6.90,23.17,0.1599,6.25,589.0,82.0
14884,144.9,6.90,23.17,0.1599,6.25,589.0,82.0
14891,142.9,7.00,23.17,0.1622,6.17,589.0,82.0
14898,142.9,7.00,23.17,0.1622,6.17,589.0,82.0
14905,144.9,6.90,23.17,0.1599,6.25,589.0,82.0
14912,144.9,6.90,23.17,0.1599,6.25,589.0,82.0
14919,142.9,7.00,23.17,0.1622,6.17,589.0,82.0
14926,144.9,6.90,23.17,0.1599,6.25,589.0,82.0
14933,142.9,7.00,23.17,0.1622,6.17,589.0,82.0
14940,144.9,6.90,23.17,0.1599,6.25,589.0,82.0
14947,142.9,7.00,23.17,0.1622,6.17,589.0,82.0
14954,144.9,6.90,23.17,0.1599,6.25,589.0,82.0
14961,142.9,7.00,23.17,0.1622,6.17,589.0,82.0
14968,144.9,6.90,23.17,0.1599,6.25,589.0,82.0
14975,142.9,7.00,23.17,0.1622,6.17,589.0,82.0
14982,144.9,6.90,23.17,0.1599,6.25,589.0,82.0
14989,144.9,6.90,23.17,0.1599,6.25,589.0,82.0
14996,142.9,7.00,23.17,0.1622,6.17,589.0,82.0
15002,144.9,6.90,23.17,0.1599,6.25,589.0,82.0
15009,142.9,7.00,23.17,0.1622,6.17,589.0,82.0
15016,144.9,6.90,23.17,0.1599,6.25,589.0,82.0
15023,144.9,6.90,23.17,0.1599,6.25,589.0,82.0
15030,142.9,7.00,23.17,0.1622,6.17,589.0,82.0
15037,142.9,7.00,23.17,0.1622,6.17,589.0,82.0
15044,144.9,6.90,23.17,0.1599,6.25,589.0,82.0
15051,144.9,6.90,23.17,0.1599,6.25,589.0,82.0
15058,142.9,7.00,23.17,0.1622,6.17,589.0,82.0
15065,144.9,6.90,23.17,0.1599,6.25,589.0,82.0
15072,142.9,7.00,23.17,0.1622,6.17,589.0,82.0
15079,144.9,6.90,23.17,0.1599,6.25,589.0,82.0
15086,144.9,6.90,23.17,0.1599,6.25,589.0,82.0
15093,142.9,7.00,23.17,0.1622,6.17,589.0,82.0
15100,144.9,6.90,23.17,0.1599,6.25,589.0,82.0
15107,142.9,7.00,23.17,0.1622,6.17,589.0,82.0
15114,144.9,6.90,23.17,0.1599,6.25,589.0,82.0
15121,142.9,7.00,23.17,0.1622,6.17,589.0,82.0
15128,142.9,7.00,23.17,0.1622,6.17,589.0,82.0
15134,147.1,6.80,23.17,0.1576,6.35,589.0,82.0
15141,142.9,7.00,23.17,0.1622,6.17,589.0,82.0
15148,144.9,6.90,23.17,0.1599,6.25,589.0,82.0
15155,142.9,7.00,23.17,0.1622,6.17,589.0,82.0
15162,142.9,7.00,23.17,0.1622,6.17,589.0,82.0
15169,147.1,6.80,23.17,0.1576,6.35,589.0,82.0
15176,142.9,7.00,23.17,0.1622,6.17,589.0,82.0
15183,142.9,7.00,23.17,0.1622,6.17,589.0,82.0
15190,144.9,6.90,23.17,0.1599,6.25,589.0,82.0
15197,144.9,6.90,23.17,0.1599,6.25,589.0,82.0
15204,140.8,7.10,23.17,0.1645,6.08,589.0,82.0
15211,147.1,6.80,23.17,0.1576,6.35,589.0,82.0
15218,142.9,7.00,23.17,0.1622,6.17,589.0,82.0
15225,144.9,6.90,23.17,0.1599,6.25,589.0,82.0
15232,144.9,6.90,23.17,0.1599,6.25,589.0,82.0
15239,142.9,7.00,23.17,0.1622,6.17,589.0,82.0
15246,142.9,7.00,23.17,0.1622,6.17,589.0,82.0
15253,142.9,7.00,23.17,0.1622,6.17,589.0,82.0
15259,144.9,6.90,23.17,0.1599,6.25,589.0,82.0
15266,144.9,6.90,23.17,0.1599,6.25,589.0,82.0
15273,144.9,6.90,23.17,0.1599,6.25,589.0,82.0
15280,142.9,7.00,23.17,0.1622,6.17,589.0,82.0
15287,142.9,7.00,23.17,0.1622,6.17,589.0,82.0
15294,144.9,6.90,23.16,0.1598,6.26,589.0,82.0
15301,144.9,6.90,23.15,0.1598,6.26,589.0,82.0
15308,142.9,7.00,23.15,0.1620,6.17,589.0,82.0
15315,144.9,6.90,23.14,0.1597,6.26,589.0,82.0
15322,144.9,6.90,23.14,0.1596,6.26,589.0,82.0
15329,142.9,7.00,23.13,0.1619,6.18,589.0,82.0
15336,144.9,6.90,23.12,0.1595,6.27,589.0,82.0
15343,144.9,6.90,23.12,0.1595,6.27,589.0,82.0
15350,142.9,7.00,23.11,0.1618,6.18,589.0,82.0
15357,142.9,7.00,23.10,0.1617,6.19,589.0,82.0
15364,144.9,6.90,23.10,0.1594,6.27,589.0,82.0
15371,142.9,7.00,23.09,0.1616,6.19,589.0,82.0
15377,144.9,6.90,23.08,0.1593,6.28,589.0,82.0
15384,144.9,6.90,23.08,0.1592,6.28,589.0,82.0
15391,144.9,6.90,23.07,0.1592,6.28,589.0,82.0
15398,140.8,7.10,23.07,0.1638,6.10,589.0,82.0
15405,144.9,6.90,23.07,0.1592,6.28,589.0,82.0
15412,144.9,6.90,23.07,0.1592,6.28,589.0,82.0
15419,144.9,6.90,23.07,0.1592,6.28,589.0,82.0
15426,144.9,6.90,23.07,0.1592,6.28,589.0,82.0
15433,142.9,7.00,23.07,0.1615,6.19,589.0,82.0
15440,142.9,7.00,23.07,0.1615,6.19,589.0,82.0
15447,144.9,6.90,23.07,0.1592,6.28,589.0,82.0
15454,142.9,7.00,23.07,0.1615,6.19,589.0,82.0
15461,144.9,6.90,23.07,0.1592,6.28,589.0,82.0
15468,142.9,7.00,23.07,0.1615,6.19,589.0,82.0
15475,144.9,6.90,23.07,0.1592,6.28,589.0,82.0
15482,142.9,7.00,23.07,0.1615,6.19,589.0,82.0
15489,142.9,7.00,23.07,0.1615,6.19,589.0,82.0
15496,144.9,6.90,23.07,0.1592,6.28,589.0,82.0
15502,144.9,6.90,23.07,0.1592,6.28,589.0,82.0
15509,144.9,6.90,23.07,0.1592,6.28,589.0,82.0
15516,142.9,7.00,23.07,0.1615,6.19,589.0,82.0
15523,144.9,6.90,23.07,0.1592,6.28,589.0,82.0
15530,142.9,7.00,23.07,0.1615,6.19,589.0,82.0
15537,144.9,6.90,23.07,0.1592,6.28,589.0,82.0
15544,144.9,6.90,23.07,0.1592,6.28,589.0,82.0
15551,142.9,7.00,23.07,0.1615,6.19,589.0,82.0
15558,142.9,7.00,23.07,0.1615,6.19,589.0,82.0
15565,144.9,6.90,23.07,0.1592,6.28,589.0,82.0
15572,144.9,6.90,23.07,0.1592,6.28,589.0,82.0
15579,142.9,7.00,23.07,0.1615,6.19,589.0,82.0
15586,142.9,7.00,23.07,0.1615,6.19,589.0,82.0
15593,144.9,6.90,23.07,0.1592,6.28,589.0,82.0
15600,142.9,7.00,23.07,0.1615,6.19,589.0,82.0
15607,144.9,6.90,23.07,0.1592,6.28,589.0,82.0
15614,142.9,7.00,23.07,0.1615,6.19,589.0,82.0
15621,144.9,6.90,23.07,0.1592,6.28,589.0,82.0
15627,144.9,6.90,23.07,0.1592,6.28,589.0,82.0
15634,142.9,7.00,23.07,0.1615,6.19,589.0,82.0
15641,144.9,6.90,23.07,0.1592,6.28,589.0,82.0
15648,144.9,6.90,23.07,0.1592,6.28,589.0,82.0
15655,142.9,7.00,23.07,0.1615,6.19,589.0,82.0
15662,144.9,6.90,23.07,0.1592,6.28,589.0,82.0
15669,142.9,7.00,23.07,0.1615,6.19,589.0,82.0
15676,144.9,6.90,23.07,0.1592,6.28,589.0,82.0
15683,144.9,6.90,23.07,0.1592,6.28,589.0,82.0
15690,142.9,7.00,23.07,0.1615,6.19,589.0,82.0
15697,142.9,7.00,23.07,0.1615,6.19,589.0,82.0
15704,144.9,6.90,23.07,0.1592,6.28,589.0,82.0
15711,142.9,7.00,23.07,0.1615,6.19,589.0,82.0
15718,147.1,6.80,23.07,0.1569,6.38,589.0,82.0
15725,142.9,7.00,23.07,0.1615,6.19,589.0,82.0
15732,142.9,7.00,23.07,0.1615,6.20,589.0,82.0
15739,144.9,6.90,23.06,0.1591,6.28,589.0,82.0
15745,144.9,6.90,23.06,0.1591,6.28,589.0,82.0
15752,144.9,6.90,23.06,0.1591,6.28,589.0,82.0
15759,140.8,7.10,23.06,0.1637,6.11,589.0,82.0
15766,144.9,6.90,23.06,0.1591,6.28,589.0,82.0
15773,144.9,6.90,23.06,0.1591,6.28,589.0,82.0
15780,142.9,7.00,23.05,0.1614,6.20,589.0,82.0
15787,142.9,7.00,23.05,0.1614,6.20,589.0,82.0
15794,147.1,6.80,23.05,0.1567,6.38,589.0,82.0
15801,142.9,7.00,23.05,0.1613,6.20,589.0,82.0
15808,144.9,6.90,23.05,0.1590,6.29,589.0,82.0
15815,142.9,7.00,23.04,0.1613,6.20,589.0,82.0
15822,144.9,6.90,23.04,0.1590,6.29,589.0,82.0
15829,144.9,6.90,23.04,0.1590,6.29,589.0,82.0
15836,142.9,7.00,23.04,0.1613,6.20,589.0,82.0
15843,142.9,7.00,23.04,0.1613,6.20,589.0,82.0
15850,144.9,6.90,23.04,0.1590,6.29,589.0,82.0
15857,144.9,6.90,23.04,0.1590,6.29,589.0,82.0
15864,142.9,7.00,23.04,0.1613,6.20,589.0,82.0
15871,142.9,7.00,23.04,0.1613,6.20,589.0,82.0
15877,144.9,6.90,23.04,0.1590,6.29,589.0,82.0
15884,144.9,6.90,23.04,0.1590,6.29,589.0,82.0
15891,142.9,7.00,23.04,0.1613,6.20,589.0,82.0
15898,144.9,6.90,23.04,0.1590,6.29,589.0,82.0
15905,142.9,7.00,23.04,0.1613,6.20,589.0,82.0
15912,144.9,6.90,23.04,0.1590,6.29,589.0,82.0
15919,144.9,6.90,23.04,0.1590,6.29,589.0,82.0
15926,142.9,7.00,23.04,0.1613,6.20,589.0,82.0
15933,142.9,7.00,23.04,0.1613,6.20,589.0,82.0
15940,144.9,6.90,23.04,0.1590,6.29,589.0,82.0
15947,144.9,6.90,23.04,0.1590,6.29,589.0,82.0
15954,142.9,7.00,23.04,0.1613,6.20,589.0,82.0
15961,144.9,6.90,23.04,0.1590,6.29,589.0,82.0
15968,142.9,7.00,23.04,0.1613,6.20,589.0,82.0
15975,144.9,6.90,23.04,0.1590,6.29,589.0,82.0
15982,142.9,7.00,23.04,0.1613,6.20,589.0,82.0
15989,144.9,6.90,23.04,0.1590,6.29,589.0,82.0
15995,144.9,6.90,23.04,0.1590,6.29,589.0,82.0
16002,142.9,7.00,23.04,0.1613,6.20,589.0,82.0
16009,142.9,7.00,23.04,0.1613,6.20,589.0,82.0
16016,144.9,6.90,23.04,0.1590,6.29,589.0,82.0
16023,144.9,6.90,23.04,0.1590,6.29,589.0,82.0
16030,144.9,6.90,23.04,0.1590,6.29,589.0,82.0
16037,142.9,7.00,23.04,0.1613,6.20,589.0,82.0
16044,142.9,7.00,23.04,0.1613,6.20,589.0,82.0
16051,144.9,6.90,23.04,0.1590,6.29,589.0,82.0
16058,144.9,6.90,23.04,0.1590,6.29,589.0,82.0
16065,142.9,7.00,23.04,0.1613,6.20,589.0,82.0
16072,142.9,7.00,23.04,0.1613,6.20,589.0,82.0
16079,144.9,6.90,23.04,0.1590,6.29,589.0,82.0
16086,144.9,6.90,23.04,0.1590,6.29,589.0,82.0
16093,144.9,6.90,23.04,0.1590,6.29,589.0,82.0
16100,142.9,7.00,23.04,0.1613,6.20,589.0,82.0
16107,142.9,7.00,23.04,0.1613,6.20,589.0,82.0
16114,144.9,6.90,23.04,0.1590,6.29,589.0,82.0
16121,142.9,7.00,23.04,0.1613,6.20,589.0,82.0
16127,147.1,6.80,23.04,0.1567,6.38,589.0,82.0
16134,142.9,7.00,23.04,0.1613,6.20,589.0,82.0
16141,142.9,7.00,23.04,0.1613,6.20,589.0,82.0
16148,144.9,6.90,23.04,0.1590,6.29,589.0,82.0
16155,142.9,7.00,23.04,0.1613,6.20,589.0,82.0
16162,142.9,7.00,23.04,0.1613,6.20,589.0,82.0
16169,144.9,6.90,23.04,0.1590,6.29,589.0,82.0
16176,144.9,6.90,23.04,0.1590,6.29,589.0,82.0
16183,144.9,6.90,23.04,0.1590,6.29,589.0,82.0
16190,142.9,7.00,23.04,0.1613,6.20,589.0,82.0
16197,144.9,6.90,23.04,0.1590,6.29,589.0,82.0
16204,142.9,7.00,23.04,0.1613,6.20,589.0,82.0
16211,142.9,7.00,23.04,0.1613,6.20,589.0,82.0
16218,144.9,6.90,23.04,0.1590,6.29,589.0,82.0
16225,144.9,6.90,23.04,0.1590,6.29,589.0,82.0
16232,144.9,6.90,23.04,0.1590,6.29,589.0,82.0
16239,142.9,7.00,23.04,0.1613,6.20,589.0,82.0
16245,144.9,6.90,23.04,0.1590,6.29,589.0,82.0
16252,142.9,7.00,23.04,0.1613,6.20,589.0,82.0
16259,144.9,6.90,23.04,0.1590,6.29,589.0,82.0
16266,142.9,7.00,23.04,0.1613,6.20,589.0,82.0
16273,142.9,7.00,23.04,0.1613,6.20,589.0,82.0
16280,147.1,6.80,23.03,0.1566,6.39,589.0,82.0
16287,142.9,7.00,23.03,0.1612,6.21,589.0,82.0
16294,142.9,7.00,23.03,0.1612,6.21,589.0,82.0
16301,147.1,6.80,23.02,0.1565,6.39,589.0,82.0
16308,142.9,7.00,23.02,0.1611,6.21,589.0,82.0
16315,142.9,7.00,23.01,0.1611,6.21,589.0,82.0
16322,144.9,6.90,23.01,0.1588,6.30,589.0,82.0
16329,142.9,7.00,23.01,0.1610,6.21,589.0,82.0
16336,142.9,7.00,23.00,0.1610,6.21,589.0,82.0
16343,144.9,6.90,23.00,0.1587,6.30,589.0,82.0
16350,144.9,6.90,23.00,0.1587,6.30,589.0,82.0
16357,144.9,6.90,22.99,0.1586,6.30,589.0,82.0
16364,142.9,7.00,22.99,0.1609,6.22,589.0,82.0
16370,144.9,6.90,22.98,0.1586,6.30,589.0,82.0
16377,142.9,7.00,22.98,0.1609,6.22,589.0,82.0
16384,144.9,6.90,22.98,0.1586,6.31,589.0,82.0
16391,144.9,6.90,22.98,0.1586,6.31,589.0,82.0
16398,142.9,7.00,22.98,0.1609,6.22,589.0,82.0
16405,144.9,6.90,22.98,0.1586,6.31,589.0,82.0
16412,142.9,7.00,22.98,0.1609,6.22,589.0,82.0
16419,144.9,6.90,22.98,0.1586,6.31,589.0,82.0
16426,142.9,7.00,22.98,0.1609,6.22,589.0,82.0
16433,144.9,6.90,22.98,0.1586,6.31,589.0,82.0
16440,144.9,6.90,22.98,0.1586,6.31,589.0,82.0
16447,140.8,7.10,22.98,0.1632,6.13,589.0,82.0
16454,144.9,6.90,22.98,0.1586,6.31,589.0,82.0
16461,142.9,7.00,22.98,0.1609,6.22,589.0,82.0
16468,147.1,6.80,22.98,0.1563,6.40,589.0,82.0
16475,142.9,7.00,22.98,0.1609,6.22,589.0,82.0
16482,144.9,6.90,22.98,0.1586,6.31,589.0,82.0
16489,142.9,7.00,22.98,0.1609,6.22,589.0,82.0
16495,144.9,6.90,22.98,0.1586,6.31,589.0,82.0
16502,144.9,6.90,22.98,0.1586,6.31,589.0,82.0
16509,140.8,7.10,22.98,0.1632,6.13,589.0,82.0
16516,144.9,6.90,22.98,0.1586,6.31,589.0,82.0
16523,144.9,6.90,22.98,0.1586,6.31,589.0,82.0
16530,142.9,7.00,22.98,0.1609,6.22,589.0,82.0
16537,144.9,6.90,22.98,0.1586,6.31,589.0,82.0
16544,144.9,6.90,22.98,0.1586,6.31,589.0,82.0
16551,142.9,7.00,22.98,0.1609,6.22,589.0,82.0
16558,144.9,6.90,22.98,0.1586,6.31,589.0,82.0
16565,142.9,7.00,22.98,0.1609,6.22,589.0,82.0
16572,144.9,6.90,22.98,0.1586,6.31,589.0,82.0
16579,144.9,6.90,22.98,0.1586,6.31,589.0,82.0
16586,142.9,7.00,22.98,0.1609,6.22,589.0,82.0
16593,142.9,7.00,22.98,0.1609,6.22,589.0,82.0
16600,144.9,6.90,22.98,0.1586,6.31,589.0,82.0
16607,142.9,7.00,22.98,0.1609,6.22,589.0,82.0
16614,144.9,6.90,22.98,0.1586,6.31,589.0,82.0
16621,142.9,7.00,22.98,0.1609,6.22,589.0,82.0
16627,147.1,6.80,22.98,0.1563,6.40,589.0,82.0
16634,142.9,7.00,22.98,0.1609,6.22,589.0,82.0
16641,144.9,6.90,22.98,0.1586,6.31,589.0,82.0
16648,142.9,7.00,22.98,0.1609,6.22,589.0,82.0
16655,142.9,7.00,22.98,0.1609,6.22,589.0,82.0
16662,144.9,6.90,22.98,0.1586,6.31,589.0,82.0
16669,142.9,7.00,22.98,0.1609,6.22,589.0,82.0
16676,147.1,6.80,22.98,0.1563,6.40,589.0,82.0
16683,142.9,7.00,22.98,0.1609,6.22,589.0,82.0
16690,142.9,7.00,22.98,0.1609,6.22,589.0,82.0
16697,144.9,6.90,22.98,0.1586,6.31,589.0,82.0
16704,144.9,6.90,22.98,0.1586,6.31,589.0,82.0
16711,144.9,6.90,22.98,0.1585,6.31,589.0,82.0
16718,142.9,7.00,22.97,0.1608,6.22,589.0,82.0
16725,144.9,6.90,22.97,0.1585,6.31,589.0,82.0
16732,140.8,7.10,22.96,0.1630,6.13,589.0,82.0
16739,144.9,6.90,22.96,0.1584,6.31,589.0,82.0
16745,144.9,6.90,22.96,0.1584,6.31,589.0,82.0
16752,142.9,7.00,22.95,0.1607,6.23,589.0,82.0
16759,142.9,7.00,22.95,0.1607,6.23,589.0,82.0
16766,144.9,6.90,22.95,0.1583,6.31,589.0,82.0
16773,144.9,6.90,22.94,0.1583,6.32,589.0,82.0
16780,144.9,6.90,22.94,0.1583,6.32,589.0,82.0
16787,142.9,7.00,22.93,0.1605,6.23,589.0,82.0
16794,142.9,7.00,22.93,0.1605,6.23,589.0,82.0
16801,144.9,6.90,22.93,0.1582,6.32,589.0,82.0
16808,144.9,6.90,22.92,0.1582,6.32,589.0,82.0
16815,142.9,7.00,22.92,0.1604,6.23,589.0,82.0
16822,144.9,6.90,22.92,0.1581,6.32,589.0,82.0
16829,144.9,6.90,22.92,0.1581,6.32,589.0,82.0
16836,142.9,7.00,22.92,0.1604,6.23,589.0,82.0
16843,144.9,6.90,22.92,0.1581,6.32,589.0,82.0
16850,142.9,7.00,22.92,0.1604,6.23,589.0,82.0
16857,144.9,6.90,22.92,0.1581,6.32,589.0,82.0
16863,144.9,6.90,22.92,0.1581,6.32,589.0,82.0
16870,142.9,7.00,22.92,0.1604,6.23,589.0,82.0
16877,142.9,7.00,22.92,0.1604,6.23,589.0,82.0
16884,144.9,6.90,22.92,0.1581,6.32,589.0,82.0
16891,144.9,6.90,22.92,0.1581,6.32,589.0,82.0
16898,142.9,7.00,22.92,0.1604,6.23,589.0,82.0
16905,144.9,6.90,22.92,0.1581,6.32,589.0,82.0
16912,142.9,7.00,22.92,0.1604,6.23,589.0,82.0
16919,142.9,7.00,22.92,0.1604,6.23,589.0,82.0
16926,144.9,6.90,22.92,0.1581,6.32,589.0,82.0
16933,142.9,7.00,22.92,0.1604,6.23,589.0,82.0
16940,144.9,6.90,22.92,0.1581,6.32,589.0,82.0
16947,144.9,6.90,22.92,0.1581,6.32,589.0,82.0
16954,142.9,7.00,22.92,0.1604,6.23,589.0,82.0
16961,144.9,6.90,22.92,0.1581,6.32,589.0,82.0
16968,142.9,7.00,22.92,0.1604,6.23,589.0,82.0
16975,144.9,6.90,22.92,0.1581,6.32,589.0,82.0
16982,144.9,6.90,22.92,0.1581,6.32,589.0,82.0
16989,142.9,7.00,22.92,0.1604,6.23,589.0,82.0
16995,144.9,6.90,22.92,0.1581,6.32,589.0,82.0
17002,144.9,6.90,22.92,0.1581,6.32,589.0,82.0
17009,142.9,7.00,22.92,0.1604,6.23,589.0,82.0
17016,142.9,7.00,22.92,0.1604,6.23,589.0,82.0
17023,144.9,6.90,22.92,0.1581,6.32,589.0,82.0
17030,144.9,6.90,22.92,0.1581,6.32,589.0,82.0
17037,144.9,6.90,22.92,0.1581,6.32,589.0,82.0
17044,142.9,7.00,22.92,0.1604,6.23,589.0,82.0
17051,142.9,7.00,22.92,0.1604,6.23,589.0,82.0
17058,144.9,6.90,22.92,0.1581,6.32,589.0,82.0
17065,144.9,6.90,22.92,0.1581,6.32,589.0,82.0
17072,142.9,7.00,22.92,0.1604,6.23,589.0,82.0
17079,144.9,6.90,22.92,0.1581,6.32,589.0,82.0
17086,144.9,6.90,22.92,0.1581,6.32,589.0,82.0
17093,142.9,7.00,22.92,0.1604,6.23,589.0,82.0
17100,142.9,7.00,22.92,0.1604,6.23,589.0,82.0
17107,144.9,6.90,22.92,0.1581,6.32,589.0,82.0
17114,142.9,7.00,22.92,0.1604,6.23,589.0,82.0
17120,144.9,6.90,22.92,0.1581,6.32,589.0,82.0
17127,144.9,6.90,22.92,0.1581,6.32,589.0,82.0
17134,142.9,7.00,22.92,0.1604,6.23,589.0,82.0
17141,144.9,6.90,22.92,0.1581,6.32,589.0,82.0
17148,142.9,7.00,22.92,0.1604,6.23,589.0,82.0
17155,144.9,6.90,22.92,0.1581,6.32,589.0,82.0
17162,142.9,7.00,22.92,0.1604,6.23,589.0,82.0
17169,144.9,6.90,22.92,0.1581,6.32,589.0,82.0
17176,142.9,7.00,22.92,0.1604,6.23,589.0,82.0
17183,147.1,6.80,22.92,0.1559,6.42,589.0,82.0
17190,142.9,7.00,22.92,0.1604,6.23,589.0,82.0
17197,142.9,7.00,22.92,0.1604,6.23,589.0,82.0
17204,142.9,7.00,22.92,0.1604,6.23,589.0,82.0
17211,147.1,6.80,22.92,0.1559,6.42,589.0,82.0
17218,140.8,7.10,22.92,0.1627,6.14,589.0,82.0
17225,147.1,6.80,22.92,0.1559,6.42,589.0,82.0
17232,142.9,7.00,22.92,0.1604,6.23,589.0,82.0
17238,144.9,6.90,22.92,0.1581,6.32,589.0,82.0
17245,142.9,7.00,22.92,0.1604,6.23,589.0,82.0
17252,142.9,7.00,22.92,0.1604,6.23,589.0,82.0
17259,144.9,6.90,22.92,0.1582,6.32,589.0,82.0
17266,144.9,6.90,22.92,0.1582,6.32,589.0,82.0
17273,142.9,7.00,22.92,0.1605,6.23,589.0,82.0
17280,142.9,7.00,22.92,0.1605,6.23,589.0,82.0
17287,144.9,6.90,22.92,0.1582,6.32,589.0,82.0
17294,144.9,6.90,22.92,0.1582,6.32,589.0,82.0
17301,142.9,7.00,22.92,0.1605,6.23,589.0,82.0
17308,144.9,6.90,22.93,0.1582,6.32,589.0,82.0
17315,144.9,6.90,22.93,0.1582,6.32,589.0,82.0
17322,142.9,7.00,22.93,0.1605,6.23,589.0,82.0
17329,142.9,7.00,22.93,0.1605,6.23,589.0,82.0
17336,144.9,6.90,22.93,0.1582,6.32,589.0,82.0
17343,144.9,6.90,22.93,0.1582,6.32,589.0,82.0
17350,142.9,7.00,22.93,0.1605,6.23,589.0,82.0
17357,144.9,6.90,22.93,0.1582,6.32,589.0,82.0
17363,144.9,6.90,22.93,0.1582,6.32,589.0,82.0
17370,142.9,7.00,22.93,0.1605,6.23,589.0,82.0
17377,142.9,7.00,22.93,0.1605,6.23,589.0,82.0
17384,144.9,6.90,22.93,0.1582,6.32,589.0,82.0
17391,142.9,7.00,22.93,0.1605,6.23,589.0,82.0
17398,144.9,6.90,22.93,0.1582,6.32,589.0,82.0
17405,142.9,7.00,22.93,0.1605,6.23,589.0,82.0
17412,147.1,6.80,22.93,0.1559,6.42,589.0,82.0
17419,142.9,7.00,22.93,0.1605,6.23,589.0,82.0
17426,142.9,7.00,22.93,0.1605,6.23,589.0,82.0
17433,142.9,7.00,22.93,0.1605,6.23,589.0,82.0
17440,147.1,6.80,22.93,0.1559,6.42,589.0,82.0
17447,142.9,7.00,22.93,0.1605,6.23,589.0,82.0
17454,144.9,6.90,22.93,0.1582,6.32,589.0,82.0
17461,142.9,7.00,22.93,0.1605,6.23,589.0,82.0
17468,142.9,7.00,22.93,0.1605,6.23,589.0,82.0
17475,144.9,6.90,22.93,0.1582,6.32,589.0,82.0
17482,144.9,6.90,22.93,0.1582,6.32,589.0,82.0
17488,144.9,6.90,22.93,0.1582,6.32,589.0,82.0
17495,144.9,6.90,22.93,0.1582,6.32,589.0,82.0
17502,142.9,7.00,22.93,0.1605,6.23,589.0,82.0
17509,142.9,7.00,22.93,0.1605,6.23,589.0,82.0
17516,142.9,7.00,22.93,0.1605,6.23,589.0,82.0
17523,144.9,6.90,22.93,0.1582,6.32,589.0,82.0
17530,144.9,6.90,22.93,0.1582,6.32,589.0,82.0
17537,142.9,7.00,22.93,0.1605,6.23,589.0,82.0
17544,144.9,6.90,22.93,0.1582,6.32,589.0,82.0
17551,144.9,6.90,22.93,0.1582,6.32,589.0,82.0
17558,142.9,7.00,22.93,0.1605,6.23,589.0,82.0
17565,144.9,6.90,22.93,0.1582,6.32,589.0,82.0
17572,142.9,7.00,22.93,0.1605,6.23,589.0,82.0
17579,144.9,6.90,22.93,0.1582,6.32,589.0,82.0
17586,142.9,7.00,22.93,0.1605,6.23,589.0,82.0
17593,144.9,6.90,22.93,0.1582,6.32,589.0,82.0
17600,142.9,7.00,22.93,0.1605,6.23,589.0,82.0
17607,144.9,6.90,22.93,0.1582,6.32,589.0,82.0
17614,142.9,7.00,22.93,0.1605,6.23,589.0,82.0
17621,142.9,7.00,22.93,0.1605,6.23,589.0,82.0
17627,144.9,6.90,22.93,0.1582,6.32,589.0,82.0
17634,144.9,6.90,22.93,0.1582,6.32,589.0,82.0
17641,144.9,6.90,22.93,0.1582,6.32,589.0,82.0
17648,144.9,6.90,22.93,0.1582,6.32,589.0,82.0
17655,142.9,7.00,22.93,0.1605,6.23,589.0,82.0
17662,144.9,6.90,22.93,0.1582,6.32,589.0,82.0
17669,142.9,7.00,22.93,0.1605,6.23,589.0,82.0
17676,142.9,7.00,22.93,0.1605,6.23,589.0,82.0
17683,144.9,6.90,22.93,0.1582,6.32,589.0,82.0
17690,142.9,7.00,22.93,0.1605,6.23,589.0,82.0
17697,144.9,6.90,22.94,0.1583,6.32,589.0,82.0
17704,144.9,6.90,22.94,0.1583,6.32,589.0,82.0
17711,142.9,7.00,22.95,0.1607,6.23,589.0,82.0
17718,144.9,6.90,22.96,0.1584,6.31,589.0,82.0
17725,142.9,7.00,22.96,0.1607,6.22,589.0,82.0
17732,144.9,6.90,22.97,0.1585,6.31,589.0,82.0
17739,142.9,7.00,22.97,0.1608,6.22,589.0,82.0
17745,144.9,6.90,22.98,0.1586,6.31,589.0,82.0
17752,144.9,6.90,22.98,0.1586,6.30,589.0,82.0
17759,142.9,7.00,22.99,0.1609,6.22,589.0,82.0
17766,142.9,7.00,23.00,0.1610,6.21,589.0,82.0
17773,147.1,6.80,23.00,0.1564,6.40,589.0,82.0
17780,142.9,7.00,23.01,0.1611,6.21,589.0,82.0
17787,142.9,7.00,23.01,0.1611,6.21,589.0,82.0
17794,142.9,7.00,23.02,0.1611,6.21,589.0,82.0
17801,144.9,6.90,23.02,0.1588,6.29,589.0,82.0
17808,142.9,7.00,23.02,0.1611,6.21,589.0,82.0
17815,144.9,6.90,23.02,0.1588,6.29,589.0,82.0
17822,144.9,6.90,23.02,0.1588,6.29,589.0,82.0
17829,144.9,6.90,23.02,0.1588,6.29,589.0,82.0
17836,142.9,7.00,23.02,0.1611,6.21,589.0,82.0
17843,144.9,6.90,23.02,0.1588,6.29,589.0,82.0
17850,144.9,6.90,23.02,0.1588,6.29,589.0,82.0
17857,142.9,7.00,23.02,0.1611,6.21,589.0,82.0
17864,142.9,7.00,23.02,0.1611,6.21,589.0,82.0
17870,144.9,6.90,23.02,0.1588,6.29,589.0,82.0
17877,142.9,7.00,23.02,0.1611,6.21,589.0,82.0
17884,147.1,6.80,23.02,0.1565,6.39,589.0,82.0
17891,142.9,7.00,23.02,0.1611,6.21,589.0,82.0
17898,142.9,7.00,23.02,0.1611,6.21,589.0,82.0
17905,144.9,6.90,23.02,0.1588,6.29,589.0,82.0
17912,144.9,6.90,23.02,0.1588,6.29,589.0,82.0
17919,142.9,7.00,23.02,0.1611,6.21,589.0,82.0
17926,142.9,7.00,23.02,0.1611,6.21,589.0,82.0
17933,144.9,6.90,23.02,0.1588,6.29,589.0,82.0
17940,142.9,7.00,23.02,0.1611,6.21,589.0,82.0
17947,144.9,6.90,23.02,0.1588,6.29,589.0,82.0
17954,144.9,6.90,23.02,0.1588,6.29,589.0,82.0
17961,142.9,7.00,23.02,0.1611,6.21,589.0,82.0
17968,144.9,6.90,23.02,0.1588,6.29,589.0,82.0
17975,144.9,6.90,23.02,0.1588,6.29,589.0,82.0
17982,142.9,7.00,23.02,0.1611,6.21,589.0,82.0
17988,144.9,6.90,23.02,0.1588,6.29,589.0,82.0
17995,144.9,6.90,23.02,0.1588,6.29,589.0,82.0
18002,140.8,7.10,23.02,0.1634,6.12,589.0,82.0
18009,144.9,6.90,23.02,0.1588,6.29,589.0,82.0
18016,142.9,7.00,23.02,0.1611,6.21,589.0,82.0
18023,144.9,6.90,23.02,0.1588,6.29,589.0,82.0
18030,144.9,6.90,23.02,0.1588,6.29,589.0,82.0
18037,142.9,7.00,23.02,0.1611,6.21,589.0,82.0
18044,144.9,6.90,23.02,0.1588,6.29,589.0,82.0
18051,144.9,6.90,23.02,0.1588,6.29,589.0,82.0
18058,142.9,7.00,23.02,0.1611,6.21,589.0,82.0
18065,144.9,6.90,23.02,0.1588,6.29,589.0,82.0
18072,142.9,7.00,23.02,0.1611,6.21,589.0,82.0
18079,144.9,6.90,23.02,0.1588,6.29,589.0,82.0
18086,142.9,7.00,23.02,0.1611,6.21,589.0,82.0
18093,144.9,6.90,23.02,0.1588,6.29,589.0,82.0
18100,142.9,7.00,23.02,0.1611,6.21,589.0,82.0
18107,144.9,6.90,23.02,0.1588,6.29,589.0,82.0
18113,144.9,6.90,23.02,0.1588,6.29,589.0,82.0
18120,142.9,7.00,23.02,0.1611,6.21,589.0,82.0
18127,142.9,7.00,23.02,0.1611,6.21,589.0,82.0
18134,144.9,6.90,23.02,0.1588,6.29,589.0,82.0
18141,142.9,7.00,23.02,0.1611,6.21,589.0,82.0
18148,144.9,6.90,23.02,0.1588,6.29,589.0,82.0
18155,144.9,6.90,23.02,0.1588,6.29,589.0,82.0
18162,142.9,7.00,23.02,0.1611,6.21,589.0,82.0
18169,144.9,6.90,23.02,0.1588,6.29,589.0,82.0
18176,142.9,7.00,23.02,0.1611,6.21,589.0,82.0
18183,144.9,6.90,23.02,0.1588,6.29,589.0,82.0
18190,142.9,7.00,23.02,0.1611,6.21,589.0,82.0
18197,144.9,6.90,23.02,0.1588,6.29,589.0,82.0
18204,144.9,6.90,23.02,0.1588,6.29,589.0,82.0
18211,142.9,7.00,23.02,0.1611,6.21,589.0,82.0
18218,144.9,6.90,23.02,0.1588,6.29,589.0,82.0
18225,142.9,7.00,23.02,0.1611,6.21,589.0,82.0
18231,147.1,6.80,23.02,0.1565,6.39,589.0,82.0
18239,140.8,7.10,23.02,0.1635,6.12,589.0,82.0
18245,144.9,6.90,23.03,0.1589,6.29,589.0,82.0
18252,144.9,6.90,23.03,0.1589,6.29,589.0,82.0
18259,142.9,7.00,23.03,0.1612,6.20,589.0,82.0
18266,144.9,6.90,23.03,0.1589,6.29,589.0,82.0
18273,144.9,6.90,23.04,0.1589,6.29,589.0,82.0
18280,142.9,7.00,23.04,0.1613,6.20,589.0,82.0
18287,144.9,6.90,23.04,0.1590,6.29,589.0,82.0
18294,142.9,7.00,23.04,0.1613,6.20,589.0,82.0
18301,142.9,7.00,23.05,0.1613,6.20,589.0,82.0
18308,144.9,6.90,23.05,0.1590,6.29,589.0,82.0
18315,142.9,7.00,23.05,0.1614,6.20,589.0,82.0
18322,144.9,6.90,23.05,0.1591,6.29,589.0,82.0
18329,144.9,6.90,23.06,0.1591,6.28,589.0,82.0
18336,142.9,7.00,23.06,0.1614,6.20,589.0,82.0
18343,142.9,7.00,23.06,0.1614,6.20,589.0,82.0
18350,144.9,6.90,23.06,0.1591,6.28,589.0,82.0
18356,147.1,6.80,23.06,0.1568,6.38,589.0,82.0
18363,142.9,7.00,23.06,0.1614,6.20,589.0,82.0
18370,142.9,7.00,23.06,0.1614,6.20,589.0,82.0
18377,144.9,6.90,23.06,0.1591,6.28,589.0,82.0
18384,142.9,7.00,23.06,0.1614,6.20,589.0,82.0
18391,144.9,6.90,23.06,0.1591,6.28,589.0,82.0
18398,144.9,6.90,23.06,0.1591,6.28,589.0,82.0
18405,142.9,7.00,23.06,0.1614,6.20,589.0,82.0
18412,144.9,6.90,23.06,0.1591,6.28,589.0,82.0
18419,142.9,7.00,23.06,0.1614,6.20,589.0,82.0
18426,144.9,6.90,23.06,0.1591,6.28,589.0,82.0
18433,142.9,7.00,23.06,0.1614,6.20,589.0,82.0
18440,142.9,7.00,23.06,0.1614,6.20,589.0,82.0
18447,144.9,6.90,23.06,0.1591,6.28,589.0,82.0
18454,144.9,6.90,23.06,0.1591,6.28,589.0,82.0
18461,142.9,7.00,23.06,0.1614,6.20,589.0,82.0
18468,144.9,6.90,23.06,0.1591,6.28,589.0,82.0
18475,144.9,6.90,23.06,0.1591,6.28,589.0,82.0
18482,142.9,7.00,23.06,0.1614,6.20,589.0,82.0
18488,144.9,6.90,23.06,0.1591,6.28,589.0,82.0
18495,142.9,7.00,23.06,0.1614,6.20,589.0,82.0
18502,142.9,7.00,23.06,0.1614,6.20,589.0,82.0
18509,144.9,6.90,23.06,0.1591,6.28,589.0,82.0
18516,144.9,6.90,23.06,0.1591,6.28,589.0,82.0
18523,144.9,6.90,23.06,0.1591,6.28,589.0,82.0
18530,142.9,7.00,23.06,0.1614,6.20,589.0,82.0
18537,144.9,6.90,23.06,0.1591,6.28,589.0,82.0
18544,142.9,7.00,23.06,0.1614,6.20,589.0,82.0
18551,144.9,6.90,23.06,0.1591,6.28,589.0,82.0
18558,142.9,7.00,23.06,0.1614,6.20,589.0,82.0
18565,142.9,7.00,23.06,0.1614,6.20,589.0,82.0
18572,144.9,6.90,23.06,0.1591,6.28,589.0,82.0
18579,142.9,7.00,23.06,0.1614,6.20,589.0,82.0
18586,144.9,6.90,23.06,0.1591,6.28,589.0,82.0
18593,144.9,6.90,23.06,0.1591,6.28,589.0,82.0
18600,142.9,7.00,23.06,0.1614,6.20,589.0,82.0
18607,144.9,6.90,23.06,0.1591,6.28,589.0,82.0
18613,144.9,6.90,23.06,0.1591,6.28,589.0,82.0
18620,142.9,7.00,23.06,0.1614,6.20,589.0,82.0
18627,142.9,7.00,23.06,0.1614,6.20,589.0,82.0
18634,144.9,6.90,23.06,0.1591,6.28,589.0,82.0
18641,144.9,6.90,23.06,0.1591,6.28,589.0,82.0
18648,142.9,7.00,23.06,0.1614,6.20,589.0,82.0
18655,147.1,6.80,23.06,0.1568,6.38,589.0,82.0
18662,140.8,7.10,23.06,0.1637,6.11,589.0,82.0
18669,144.9,6.90,23.06,0.1591,6.28,589.0,82.0
18676,144.9,6.90,23.06,0.1591,6.28,589.0,82.0
18683,144.9,6.90,23.06,0.1591,6.28,589.0,82.0
18690,140.8,7.10,23.06,0.1637,6.11,589.0,82.0
18697,144.9,6.90,23.06,0.1591,6.28,589.0,82.0
18704,144.9,6.90,23.06,0.1591,6.28,589.0,82.0
18711,144.9,6.90,23.06,0.1591,6.28,589.0,82.0
18718,142.9,7.00,23.06,0.1614,6.20,589.0,82.0
18725,142.9,7.00,23.06,0.1614,6.20,589.0,82.0
18732,144.9,6.90,23.06,0.1591,6.28,589.0,82.0
18738,144.9,6.90,23.06,0.1591,6.28,589.0,82.0
18745,142.9,7.00,23.06,0.1614,6.20,589.0,82.0
18752,144.9,6.90,23.06,0.1591,6.28,589.0,82.0
18759,142.9,7.00,23.06,0.1614,6.20,589.0,82.0
18766,142.9,7.00,23.06,0.1614,6.20,589.0,82.0
18773,147.1,6.80,23.06,0.1568,6.38,589.0,82.0
18780,142.9,7.00,23.06,0.1614,6.20,589.0,82.0
18787,144.9,6.90,23.06,0.1591,6.28,589.0,82.0
18794,142.9,7.00,23.06,0.1614,6.20,589.0,82.0
18801,142.9,7.00,23.06,0.1614,6.20,589.0,82.0
18808,144.9,6.90,23.07,0.1592,6.28,589.0,82.0
18815,144.9,6.90,23.07,0.1592,6.28,589.0,82.0
18822,142.9,7.00,23.07,0.1615,6.19,589.0,82.0
18829,144.9,6.90,23.07,0.1592,6.28,589.0,82.0
18836,142.9,7.00,23.07,0.1615,6.19,589.0,82.0
18843,144.9,6.90,23.07,0.1592,6.28,589.0,82.0
18850,144.9,6.90,23.07,0.1592,6.28,589.0,82.0
18857,142.9,7.00,23.07,0.1615,6.19,589.0,82.0
18863,144.9,6.90,23.08,0.1592,6.28,589.0,82.0
18870,144.9,6.90,23.08,0.1592,6.28,589.0,82.0
18877,142.9,7.00,23.08,0.1615,6.19,589.0,82.0
18884,142.9,7.00,23.08,0.1616,6.19,589.0,82.0
18891,144.9,6.90,23.08,0.1593,6.28,589.0,82.0
18898,144.9,6.90,23.08,0.1593,6.28,589.0,82.0
18905,142.9,7.00,23.08,0.1616,6.19,589.0,82.0
18912,144.9,6.90,23.08,0.1593,6.28,589.0,82.0
18919,142.9,7.00,23.08,0.1616,6.19,589.0,82.0
18926,144.9,6.90,23.08,0.1593,6.28,589.0,82.0
18933,142.9,7.00,23.08,0.1616,6.19,589.0,82.0
18940,144.9,6.90,23.08,0.1593,6.28,589.0,82.0
18947,142.9,7.00,23.08,0.1616,6.19,589.0,82.0
18954,144.9,6.90,23.08,0.1593,6.28,589.0,82.0
18961,144.9,6.90,23.08,0.1593,6.28,589.0,82.0
18968,142.9,7.00,23.08,0.1616,6.19,589.0,82.0
18975,144.9,6.90,23.08,0.1593,6.28,589.0,82.0
18982,142.9,7.00,23.08,0.1616,6.19,589.0,82.0
18989,142.9,7.00,23.08,0.1616,6.19,589.0,82.0
18995,144.9,6.90,23.08,0.1593,6.28,589.0,82.0
19002,142.9,7.00,23.08,0.1616,6.19,589.0,82.0
19009,144.9,6.90,23.08,0.1593,6.28,589.0,82.0
19016,144.9,6.90,23.08,0.1593,6.28,589.0,82.0
19023,142.9,7.00,23.08,0.1616,6.19,589.0,82.0
19030,144.9,6.90,23.08,0.1593,6.28,589.0,82.0
19037,144.9,6.90,23.08,0.1593,6.28,589.0,82.0
19044,144.9,6.90,23.08,0.1593,6.28,589.0,82.0
19051,140.8,7.10,23.08,0.1639,6.10,589.0,82.0
19058,147.1,6.80,23.08,0.1569,6.37,589.0,82.0
19065,142.9,7.00,23.08,0.1616,6.19,589.0,82.0
19072,144.9,6.90,23.08,0.1593,6.28,589.0,82.0
19079,142.9,7.00,23.08,0.1616,6.19,589.0,82.0
19086,142.9,7.00,23.08,0.1616,6.19,589.0,82.0
19093,142.9,7.00,23.08,0.1616,6.19,589.0,82.0
19100,147.1,6.80,23.08,0.1569,6.37,589.0,82.0
19107,142.9,7.00,23.08,0.1616,6.19,589.0,82.0
19114,142.9,7.00,23.08,0.1616,6.19,589.0,82.0
19120,144.9,6.90,23.08,0.1593,6.28,589.0,82.0
19127,144.9,6.90,23.08,0.1593,6.28,589.0,82.0
19134,142.9,7.00,23.08,0.1616,6.19,589.0,82.0
19141,144.9,6.90,23.08,0.1593,6.28,589.0,82.0
19148,142.9,7.00,23.08,0.1616,6.19,589.0,82.0
19155,144.9,6.90,23.08,0.1593,6.28,589.0,82.0
19162,144.9,6.90,23.08,0.1593,6.28,589.0,82.0
19169,140.8,7.10,23.08,0.1639,6.10,589.0,82.0
19176,144.9,6.90,23.08,0.1593,6.28,589.0,82.0
19183,144.9,6.90,23.08,0.1593,6.28,589.0,82.0
19190,144.9,6.90,23.08,0.1593,6.28,589.0,82.0
19197,144.9,6.90,23.08,0.1593,6.28,589.0,82.0
19204,142.9,7.00,23.08,0.1616,6.19,589.0,82.0
19211,142.9,7.00,23.08,0.1616,6.19,589.0,82.0
19218,144.9,6.90,23.08,0.1593,6.28,589.0,82.0
19225,144.9,6.90,23.08,0.1593,6.28,589.0,82.0
19232,142.9,7.00,23.08,0.1616,6.19,589.0,82.0
19238,144.9,6.90,23.09,0.1593,6.28,589.0,82.0
19245,144.9,6.90,23.09,0.1593,6.28,589.0,82.0
19252,142.9,7.00,23.09,0.1616,6.19,589.0,82.0
19259,144.9,6.90,23.09,0.1593,6.28,589.0,82.0
19266,142.9,7.00,23.09,0.1617,6.19,589.0,82.0
19273,144.9,6.90,23.09,0.1594,6.27,589.0,82.0
19280,142.9,7.00,23.10,0.1617,6.19,589.0,82.0
19287,144.9,6.90,23.10,0.1594,6.27,589.0,82.0
19294,142.9,7.00,23.10,0.1617,6.19,589.0,82.0
19301,144.9,6.90,23.10,0.1594,6.27,589.0,82.0
19308,142.9,7.00,23.10,0.1617,6.18,589.0,82.0
19315,142.9,7.00,23.11,0.1617,6.18,589.0,82.0
19322,147.1,6.80,23.11,0.1571,6.37,589.0,82.0
19329,142.9,7.00,23.11,0.1618,6.18,589.0,82.0
19336,142.9,7.00,23.11,0.1618,6.18,589.0,82.0
19343,144.9,6.90,23.11,0.1595,6.27,589.0,82.0
19350,144.9,6.90,23.11,0.1595,6.27,589.0,82.0
19357,142.9,7.00,23.11,0.1618,6.18,589.0,82.0
19363,144.9,6.90,23.11,0.1595,6.27,589.0,82.0
19370,144.9,6.90,23.11,0.1595,6.27,589.0,82.0
19377,144.9,6.90,23.11,0.1595,6.27,589.0,82.0
19384,140.8,7.10,23.11,0.1641,6.09,589.0,82.0
19391,144.9,6.90,23.11,0.1595,6.27,589.0,82.0
19398,142.9,7.00,23.11,0.1618,6.18,589.0,82.0
19405,144.9,6.90,23.11,0.1595,6.27,589.0,82.0
19412,144.9,6.90,23.11,0.1595,6.27,589.0,82.0
19419,142.9,7.00,23.11,0.1618,6.18,589.0,82.0
19426,144.9,6.90,23.11,0.1595,6.27,589.0,82.0
19433,142.9,7.00,23.11,0.1618,6.18,589.0,82.0
19440,144.9,6.90,23.11,0.1595,6.27,589.0,82.0
19447,142.9,7.00,23.11,0.1618,6.18,589.0,82.0
19454,144.9,6.90,23.11,0.1595,6.27,589.0,82.0
19461,144.9,6.90,23.11,0.1595,6.27,589.0,82.0
19468,142.9,7.00,23.11,0.1618,6.18,589.0,82.0
19475,144.9,6.90,23.11,0.1595,6.27,589.0,82.0
19482,142.9,7.00,23.11,0.1618,6.18,589.0,82.0
19488,144.9,6.90,23.11,0.1595,6.27,589.0,82.0
19495,142.9,7.00,23.11,0.1618,6.18,589.0,82.0
19502,144.9,6.90,23.11,0.1595,6.27,589.0,82.0
19509,142.9,7.00,23.11,0.1618,6.18,589.0,82.0
19516,142.9,7.00,23.11,0.1618,6.18,589.0,82.0
19523,147.1,6.80,23.11,0.1571,6.37,589.0,82.0
19530,142.9,7.00,23.11,0.1618,6.18,589.0,82.0
19537,142.9,7.00,23.11,0.1618,6.18,589.0,82.0
19544,144.9,6.90,23.11,0.1595,6.27,589.0,82.0
19551,144.9,6.90,23.11,0.1595,6.27,589.0,82.0
19558,144.9,6.90,23.11,0.1595,6.27,589.0,82.0
19565,142.9,7.00,23.11,0.1618,6.18,589.0,82.0
19572,144.9,6.90,23.11,0.1595,6.27,589.0,82.0
19579,142.9,7.00,23.11,0.1618,6.18,589.0,82.0
19586,142.9,7.00,23.11,0.1618,6.18,589.0,82.0
19593,144.9,6.90,23.11,0.1595,6.27,589.0,82.0
19600,144.9,6.90,23.11,0.1595,6.27,589.0,82.0
19607,142.9,7.00,23.11,0.1618,6.18,589.0,82.0
19614,142.9,7.00,23.11,0.1618,6.18,589.0,82.0
19620,144.9,6.90,23.11,0.1595,6.27,589.0,82.0
19627,144.9,6.90,23.11,0.1595,6.27,589.0,82.0
19634,142.9,7.00,23.11,0.1618,6.18,589.0,82.0
19641,147.1,6.80,23.11,0.1571,6.37,589.0,82.0
19648,142.9,7.00,23.11,0.1618,6.18,589.0,82.0
19655,142.9,7.00,23.11,0.1618,6.18,589.0,82.0
19662,144.9,6.90,23.11,0.1595,6.27,589.0,82.0
19669,144.9,6.90,23.11,0.1595,6.27,589.0,82.0
19676,142.9,7.00,23.11,0.1618,6.18,589.0,82.0
19683,144.9,6.90,23.11,0.1595,6.27,589.0,82.0
19690,142.9,7.00,23.11,0.1618,6.18,589.0,82.0
19697,144.9,6.90,23.11,0.1595,6.27,589.0,82.0
19704,142.9,7.00,23.11,0.1618,6.18,589.0,82.0
19711,144.9,6.90,23.11,0.1595,6.27,589.0,82.0
19718,144.9,6.90,23.11,0.1595,6.27,589.0,82.0
19725,140.8,7.10,23.11,0.1641,6.09,589.0,82.0
19732,144.9,6.90,23.11,0.1595,6.27,589.0,82.0
19738,144.9,6.90,23.11,0.1595,6.27,589.0,82.0
19746,140.8,7.10,23.11,0.1641,6.09,589.0,82.0
19752,147.1,6.80,23.11,0.1571,6.37,589.0,82.0
19759,144.9,6.90,23.11,0.1595,6.27,589.0,82.0
19766,142.9,7.00,23.11,0.1618,6.18,589.0,82.0
19773,144.9,6.90,23.11,0.1595,6.27,589.0,82.0
19780,142.9,7.00,23.11,0.1618,6.18,589.0,82.0
19787,142.9,7.00,23.11,0.1618,6.18,589.0,82.0
19794,144.9,6.90,23.12,0.1595,6.27,589.0,82.0
19801,142.9,7.00,23.12,0.1618,6.18,589.0,82.0
19808,144.9,6.90,23.12,0.1595,6.27,589.0,82.0
19815,142.9,7.00,23.12,0.1618,6.18,589.0,82.0
19822,144.9,6.90,23.12,0.1595,6.27,589.0,82.0
19829,144.9,6.90,23.12,0.1595,6.27,589.0,82.0
19836,144.9,6.90,23.12,0.1596,6.27,589.0,82.0
19843,142.9,7.00,23.12,0.1619,6.18,589.0,82.0
19850,144.9,6.90,23.13,0.1596,6.27,589.0,82.0
19857,142.9,7.00,23.13,0.1619,6.18,589.0,82.0
19863,144.9,6.90,23.13,0.1596,6.27,589.0,82.0
19870,142.9,7.00,23.13,0.1619,6.18,589.0,82.0
19877,144.9,6.90,23.13,0.1596,6.26,589.0,82.0
19884,142.9,7.00,23.13,0.1619,6.18,589.0,82.0
19891,144.9,6.90,23.13,0.1596,6.26,589.0,82.0
19898,144.9,6.90,23.13,0.1596,6.26,589.0,82.0
19905,142.9,7.00,23.13,0.1619,6.18,589.0,82.0
19912,144.9,6.90,23.13,0.1596,6.26,589.0,82.0
19919,144.9,6.90,23.13,0.1596,6.26,589.0,82.0
19926,142.9,7.00,23.13,0.1619,6.18,589.0,82.0
19933,142.9,7.00,23.13,0.1619,6.18,589.0,82.0
19940,147.1,6.80,23.13,0.1573,6.36,589.0,82.0
19947,142.9,7.00,23.13,0.1619,6.18,589.0,82.0
19954,142.9,7.00,23.13,0.1619,6.18,589.0,82.0
19961,144.9,6.90,23.13,0.1596,6.26,589.0,82.0
19968,144.9,6.90,23.13,0.1596,6.26,589.0,82.0
19975,142.9,7.00,23.13,0.1619,6.18,589.0,82.0
19982,142.9,7.00,23.13,0.1619,6.18,589.0,82.0
19988,144.9,6.90,23.13,0.1596,6.26,589.0,82.0
19995,144.9,6.90,23.13,0.1596,6.26,589.0,82.0
20002,142.9,7.00,23.13,0.1619,6.18,589.0,82.0
20009,142.9,7.00,23.13,0.1619,6.18,589.0,82.0
20016,144.9,6.90,23.13,0.1596,6.26,589.0,82.0
20023,144.9,6.90,23.13,0.1596,6.26,589.0,82.0
20030,142.9,7.00,23.13,0.1619,6.18,589.0,82.0
20037,144.9,6.90,23.13,0.1596,6.26,589.0,82.0
20044,144.9,6.90,23.13,0.1596,6.26,589.0,82.0
20051,142.9,7.00,23.13,0.1619,6.18,589.0,82.0
20058,142.9,7.00,23.13,0.1619,6.18,589.0,82.0
20065,144.9,6.90,23.13,0.1596,6.26,589.0,82.0
20072,144.9,6.90,23.13,0.1596,6.26,589.0,82.0
20079,142.9,7.00,23.13,0.1619,6.18,589.0,82.0
20086,144.9,6.90,23.13,0.1596,6.26,589.0,82.0
20093,142.9,7.00,23.13,0.1619,6.18,589.0,82.0
20100,144.9,6.90,23.13,0.1596,6.26,589.0,82.0
20107,142.9,7.00,23.13,0.1619,6.18,589.0,82.0
20113,144.9,6.90,23.13,0.1596,6.26,589.0,82.0
20120,144.9,6.90,23.13,0.1596,6.26,589.0,82.0
20127,140.8,7.10,23.13,0.1642,6.09,589.0,82.0
20134,147.1,6.80,23.13,0.1573,6.36,589.0,82.0
20141,142.9,7.00,23.13,0.1619,6.18,589.0,82.0
20148,144.9,6.90,23.13,0.1596,6.26,589.0,82.0
20155,142.9,7.00,23.13,0.1619,6.18,589.0,82.0
20162,144.9,6.90,23.13,0.1596,6.26,589.0,82.0
20169,142.9,7.00,23.13,0.1619,6.18,589.0,82.0
20176,144.9,6.90,23.13,0.1596,6.26,589.0,82.0
20183,142.9,7.00,23.13,0.1619,6.18,589.0,82.0
20190,144.9,6.90,23.13,0.1596,6.26,589.0,82.0
20197,142.9,7.00,23.13,0.1619,6.18,589.0,82.0
20204,144.9,6.90,23.13,0.1596,6.26,589.0,82.0
20211,144.9,6.90,23.13,0.1596,6.26,589.0,82.0
20218,142.9,7.00,23.13,0.1619,6.18,589.0,82.0
20225,144.9,6.90,23.13,0.1596,6.26,589.0,82.0
20231,144.9,6.90,23.13,0.1596,6.26,589.0,82.0
20238,142.9,7.00,23.13,0.1619,6.18,589.0,82.0
20245,144.9,6.90,23.13,0.1596,6.26,589.0,82.0
20252,142.9,7.00,23.13,0.1619,6.18,589.0,82.0
20259,142.9,7.00,23.13,0.1619,6.18,589.0,82.0
20266,144.9,6.90,23.13,0.1596,6.26,589.0,82.0
20273,144.9,6.90,23.13,0.1596,6.26,589.0,82.0
20280,144.9,6.90,23.13,0.1596,6.26,589.0,82.0
20287,140.8,7.10,23.13,0.1642,6.09,589.0,82.0
20294,144.9,6.90,23.13,0.1596,6.26,589.0,82.0
20301,144.9,6.90,23.13,0.1596,6.26,589.0,82.0
20308,144.9,6.90,23.13,0.1596,6.26,589.0,82.0
20315,142.9,7.00,23.13,0.1619,6.18,589.0,82.0
20322,142.9,7.00,23.13,0.1619,6.18,589.0,82.0
20329,144.9,6.90,23.13,0.1596,6.26,589.0,82.0
20336,144.9,6.90,23.13,0.1596,6.26,589.0,82.0
20343,142.9,7.00,23.13,0.1619,6.18,589.0,82.0
20350,144.9,6.90,23.13,0.1596,6.26,589.0,82.0
20356,144.9,6.90,23.13,0.1596,6.26,589.0,82.0
20363,142.9,7.00,23.13,0.1619,6.18,589.0,82.0
20370,142.9,7.00,23.13,0.1619,6.18,589.0,82.0
20377,144.9,6.90,23.13,0.1596,6.26,589.0,82.0
20384,144.9,6.90,23.13,0.1596,6.26,589.0,82.0
20391,144.9,6.90,23.13,0.1596,6.26,589.0,82.0
20398,140.8,7.10,23.13,0.1642,6.09,589.0,82.0
20405,144.9,6.90,23.13,0.1596,6.26,589.0,82.0
20412,144.9,6.90,23.13,0.1596,6.26,589.0,82.0
20419,144.9,6.90,23.13,0.1596,6.26,589.0,82.0
20426,142.9,7.00,23.13,0.1619,6.18,589.0,82.0
20433,144.9,6.90,23.13,0.1596,6.26,589.0,82.0
20440,142.9,7.00,23.13,0.1619,6.18,589.0,82.0
20447,142.9,7.00,23.13,0.1619,6.18,589.0,82.0
20454,144.9,6.90,23.13,0.1596,6.26,589.0,82.0
20461,144.9,6.90,23.13,0.1596,6.26,589.0,82.0
20468,142.9,7.00,23.13,0.1619,6.18,589.0,82.0
20475,144.9,6.90,23.13,0.1596,6.26,589.0,82.0
20481,144.9,6.90,23.13,0.1596,6.26,589.0,82.0
20488,142.9,7.00,23.13,0.1619,6.18,589.0,82.0
20495,142.9,7.00,23.13,0.1619,6.18,589.0,82.0
20502,144.9,6.90,23.13,0.1596,6.26,589.0,82.0
20509,144.9,6.90,23.13,0.1596,6.26,589.0,82.0
20516,142.9,7.00,23.13,0.1619,6.18,589.0,82.0
20523,142.9,7.00,23.13,0.1619,6.18,589.0,82.0
20530,144.9,6.90,23.13,0.1596,6.26,589.0,82.0
20537,144.9,6.90,23.13,0.1596,6.26,589.0,82.0
20544,142.9,7.00,23.13,0.1619,6.18,589.0,82.0
20551,142.9,7.00,23.13,0.1619,6.18,589.0,82.0
20558,144.9,6.90,23.13,0.1596,6.26,589.0,82.0
20565,144.9,6.90,23.13,0.1596,6.26,589.0,82.0
20572,144.9,6.90,23.13,0.1596,6.26,589.0,82.0
20579,144.9,6.90,23.13,0.1596,6.26,589.0,82.0
20586,140.8,7.10,23.13,0.1642,6.09,589.0,82.0
20593,147.1,6.80,23.13,0.1573,6.36,589.0,82.0
20600,142.9,7.00,23.13,0.1619,6.18,589.0,82.0
20607,142.9,7.00,23.13,0.1619,6.18,589.0,82.0
20613,144.9,6.90,23.13,0.1596,6.26,589.0,82.0
20620,144.9,6.90,23.13,0.1596,6.26,589.0,82.0
20627,144.9,6.90,23.13,0.1596,6.26,589.0,82.0
20634,142.9,7.00,23.13,0.1619,6.18,589.0,82.0
20641,142.9,7.00,23.13,0.1619,6.18,589.0,82.0
20648,144.9,6.90,23.13,0.1596,6.26,589.0,82.0
20655,144.9,6.90,23.13,0.1596,6.26,589.0,82.0
20662,142.9,7.00,23.13,0.1619,6.18,589.0,82.0
20669,142.9,7.00,23.13,0.1619,6.18,589.0,82.0
20676,144.9,6.90,23.13,0.1596,6.26,589.0,82.0
20683,142.9,7.00,23.13,0.1619,6.18,589.0,82.0
20690,144.9,6.90,23.13,0.1596,6.26,589.0,82.0
20697,142.9,7.00,23.13,0.1619,6.18,589.0,82.0
20704,144.9,6.90,23.13,0.1596,6.26,589.0,82.0
20711,142.9,7.00,23.13,0.1619,6.18,589.0,82.0
20718,147.1,6.80,23.13,0.1573,6.36,589.0,82.0
20725,142.9,7.00,23.13,0.1619,6.18,589.0,82.0
20732,142.9,7.00,23.13,0.1619,6.18,589.0,82.0
20738,144.9,6.90,23.13,0.1596,6.26,589.0,82.0
20745,144.9,6.90,23.13,0.1596,6.26,589.0,82.0
20752,142.9,7.00,23.13,0.1619,6.18,589.0,82.0
20759,144.9,6.90,23.12,0.1596,6.27,589.0,82.0
20766,142.9,7.00,23.12,0.1618,6.18,589.0,82.0
20773,144.9,6.90,23.12,0.1595,6.27,589.0,82.0
20780,144.9,6.90,23.11,0.1595,6.27,589.0,82.0
20787,142.9,7.00,23.11,0.1618,6.18,589.0,82.0
20794,142.9,7.00,23.11,0.1618,6.18,589.0,82.0
20801,144.9,6.90,23.10,0.1594,6.27,589.0,82.0
20808,144.9,6.90,23.10,0.1594,6.27,589.0,82.0
20815,142.9,7.00,23.10,0.1617,6.19,589.0,82.0
20822,142.9,7.00,23.09,0.1617,6.19,589.0,82.0
20829,144.9,6.90,23.09,0.1593,6.28,589.0,82.0
20836,144.9,6.90,23.09,0.1593,6.28,589.0,82.0
20843,142.9,7.00,23.09,0.1616,6.19,589.0,82.0
20850,144.9,6.90,23.08,0.1593,6.28,589.0,82.0
20856,144.9,6.90,23.08,0.1593,6.28,589.0,82.0
20863,144.9,6.90,23.08,0.1593,6.28,589.0,82.0
20870,140.8,7.10,23.08,0.1639,6.10,589.0,82.0
20877,144.9,6.90,23.08,0.1593,6.28,589.0,82.0
20884,144.9,6.90,23.08,0.1593,6.28,589.0,82.0
20891,144.9,6.90,23.08,0.1593,6.28,589.0,82.0
20898,142.9,7.00,23.08,0.1616,6.19,589.0,82.0
20905,142.9,7.00,23.08,0.1616,6.19,589.0,82.0
20912,147.1,6.80,23.08,0.1569,6.37,589.0,82.0
20919,142.9,7.00,23.08,0.1616,6.19,589.0,82.0
20926,142.9,7.00,23.08,0.1616,6.19,589.0,82.0
20933,142.9,7.00,23.08,0.1616,6.19,589.0,82.0
20940,144.9,6.90,23.08,0.1593,6.28,589.0,82.0
20947,144.9,6.90,23.08,0.1593,6.28,589.0,82.0
20954,144.9,6.90,23.08,0.1593,6.28,589.0,82.0
20961,142.9,7.00,23.08,0.1616,6.19,589.0,82.0
20968,142.9,7.00,23.08,0.1616,6.19,589.0,82.0
20975,142.9,7.00,23.08,0.1616,6.19,589.0,82.0
20982,144.9,6.90,23.08,0.1593,6.28,589.0,82.0
20988,147.1,6.80,23.08,0.1569,6.37,589.0,82.0
20995,140.8,7.10,23.08,0.1639,6.10,589.0,82.0
21002,144.9,6.90,23.08,0.1593,6.28,589.0,82.0
21009,144.9,6.90,23.08,0.1593,6.28,589.0,82.0
21016,142.9,7.00,23.08,0.1616,6.19,589.0,82.0
21023,144.9,6.90,23.08,0.1593,6.28,589.0,82.0
21030,142.9,7.00,23.08,0.1616,6.19,589.0,82.0
21037,144.9,6.90,23.08,0.1593,6.28,589.0,82.0
21044,142.9,7.00,23.08,0.1616,6.19,589.0,82.0
21051,144.9,6.90,23.08,0.1593,6.28,589.0,82.0
21058,144.9,6.90,23.08,0.1593,6.28,589.0,82.0
21065,142.9,7.00,23.08,0.1616,6.19,589.0,82.0
21072,142.9,7.00,23.08,0.1616,6.19,589.0,82.0
21079,144.9,6.90,23.08,0.1593,6.28,589.0,82.0
21086,142.9,7.00,23.08,0.1616,6.19,589.0,82.0
21093,144.9,6.90,23.08,0.1593,6.28,589.0,82.0
21099,147.1,6.80,23.08,0.1569,6.37,589.0,82.0
21106,142.9,7.00,23.08,0.1616,6.19,589.0,82.0
21113,142.9,7.00,23.08,0.1616,6.19,589.0,82.0
21120,142.9,7.00,23.08,0.1616,6.19,589.0,82.0
21127,144.9,6.90,23.08,0.1593,6.28,589.0,82.0
21134,142.9,7.00,23.08,0.1616,6.19,589.0,82.0
21141,144.9,6.90,23.08,0.1593,6.28,589.0,82.0
21148,144.9,6.90,23.08,0.1593,6.28,589.0,82.0
21155,142.9,7.00,23.08,0.1616,6.19,589.0,82.0
21162,144.9,6.90,23.08,0.1593,6.28,589.0,82.0
21169,142.9,7.00,23.08,0.1616,6.19,589.0,82.0
21176,144.9,6.90,23.08,0.1593,6.28,589.0,82.0
21183,144.9,6.90,23.08,0.1592,6.28,589.0,82.0
21190,142.9,7.00,23.07,0.1615,6.19,589.0,82.0
21197,144.9,6.90,23.07,0.1592,6.28,589.0,82.0
21204,142.9,7.00,23.06,0.1614,6.20,589.0,82.0
21211,144.9,6.90,23.05,0.1591,6.29,589.0,82.0
21218,144.9,6.90,23.05,0.1590,6.29,589.0,82.0
21225,142.9,7.00,23.04,0.1613,6.20,589.0,82.0
21231,144.9,6.90,23.04,0.1589,6.29,589.0,82.0
21238,142.9,7.00,23.03,0.1612,6.21,589.0,82.0
21245,144.9,6.90,23.02,0.1589,6.29,589.0,82.0
21252,142.9,7.00,23.02,0.1611,6.21,589.0,82.0
21259,144.9,6.90,23.01,0.1588,6.30,589.0,82.0
21266,142.9,7.00,23.00,0.1610,6.21,589.0,82.0
21273,142.9,7.00,23.00,0.1610,6.21,589.0,82.0
21280,144.9,6.90,22.99,0.1586,6.30,589.0,82.0
21287,144.9,6.90,22.98,0.1586,6.30,589.0,82.0
21294,144.9,6.90,22.98,0.1586,6.31,589.0,82.0
21301,142.9,7.00,22.98,0.1609,6.22,589.0,82.0
21308,144.9,6.90,22.98,0.1586,6.31,589.0,82.0
21315,144.9,6.90,22.98,0.1586,6.31,589.0,82.0
21322,142.9,7.00,22.98,0.1609,6.22,589.0,82.0
21329,142.9,7.00,22.98,0.1609,6.22,589.0,82.0
21336,142.9,7.00,22.98,0.1609,6.22,589.0,82.0
21343,144.9,6.90,22.98,0.1586,6.31,589.0,82.0
21350,144.9,6.90,22.98,0.1586,6.31,589.0,82.0
21357,142.9,7.00,22.98,0.1609,6.22,589.0,82.0
21363,144.9,6.90,22.98,0.1586,6.31,589.0,82.0
21370,142.9,7.00,22.98,0.1609,6.22,589.0,82.0
21377,144.9,6.90,22.98,0.1586,6.31,589.0,82.0
21384,144.9,6.90,22.98,0.1586,6.31,589.0,82.0
21391,144.9,6.90,22.98,0.1586,6.31,589.0,82.0
21398,142.9,7.00,22.98,0.1609,6.22,589.0,82.0
21405,142.9,7.00,22.98,0.1609,6.22,589.0,82.0
21412,144.9,6.90,22.98,0.1586,6.31,589.0,82.0
21419,144.9,6.90,22.98,0.1586,6.31,589.0,82.0
21426,142.9,7.00,22.98,0.1609,6.22,589.0,82.0
21433,144.9,6.90,22.98,0.1586,6.31,589.0,82.0
21440,142.9,7.00,22.98,0.1609,6.22,589.0,82.0
21447,142.9,7.00,22.98,0.1609,6.22,589.0,82.0
21454,144.9,6.90,22.98,0.1586,6.31,589.0,82.0
21461,144.9,6.90,22.98,0.1586,6.31,589.0,82.0
21468,144.9,6.90,22.98,0.1586,6.31,589.0,82.0
21475,142.9,7.00,22.98,0.1609,6.22,589.0,82.0
21481,144.9,6.90,22.98,0.1586,6.31,589.0,82.0
21489,140.8,7.10,22.98,0.1632,6.13,589.0,82.0
21495,144.9,6.90,22.98,0.1586,6.31,589.0,82.0
21502,144.9,6.90,22.98,0.1586,6.31,589.0,82.0
21509,144.9,6.90,22.98,0.1586,6.31,589.0,82.0
21516,142.9,7.00,22.98,0.1609,6.22,589.0,82.0
21523,147.1,6.80,22.98,0.1563,6.40,589.0,82.0
21530,140.8,7.10,22.98,0.1632,6.13,589.0,82.0
21537,144.9,6.90,22.98,0.1586,6.31,589.0,82.0
21544,144.9,6.90,22.98,0.1586,6.31,589.0,82.0
21551,144.9,6.90,22.98,0.1586,6.31,589.0,82.0
21558,140.8,7.10,22.98,0.1632,6.13,589.0,82.0
21565,144.9,6.90,22.98,0.1586,6.31,589.0,82.0
21572,142.9,7.00,22.98,0.1609,6.22,589.0,82.0
21579,147.1,6.80,22.98,0.1563,6.40,589.0,82.0
21586,142.9,7.00,22.98,0.1609,6.22,589.0,82.0
21593,144.9,6.90,22.98,0.1586,6.31,589.0,82.0
21600,142.9,7.00,22.98,0.1609,6.22,589.0,82.0
21606,144.9,6.90,22.98,0.1586,6.31,589.0,82.0
21613,142.9,7.00,22.98,0.1609,6.22,589.0,82.0
21620,144.9,6.90,22.98,0.1586,6.31,589.0,82.0
21627,142.9,7.00,22.98,0.1609,6.22,589.0,82.0
21634,142.9,7.00,22.98,0.1609,6.22,589.0,82.0
21641,144.9,6.90,22.98,0.1586,6.31,589.0,82.0
21648,144.9,6.90,22.98,0.1586,6.31,589.0,82.0
21655,144.9,6.90,22.98,0.1586,6.31,589.0,82.0
21662,142.9,7.00,22.98,0.1609,6.22,589.0,82.0
21669,144.9,6.90,22.98,0.1586,6.31,589.0,82.0
21676,142.9,7.00,22.98,0.1609,6.22,589.0,82.0
21683,144.9,6.90,22.98,0.1586,6.31,589.0,82.0
21690,142.9,7.00,22.98,0.1609,6.22,589.0,82.0
21697,144.9,6.90,22.98,0.1586,6.31,589.0,82.0
21704,144.9,6.90,22.98,0.1586,6.31,589.0,82.0
21711,142.9,7.00,22.98,0.1609,6.22,589.0,82.0
21718,144.9,6.90,22.98,0.1586,6.31,589.0,82.0
21725,142.9,7.00,22.98,0.1609,6.22,589.0,82.0
21731,144.9,6.90,22.98,0.1586,6.31,589.0,82.0
21738,144.9,6.90,22.98,0.1585,6.31,589.0,82.0
21745,140.8,7.10,22.98,0.1631,6.13,589.0,82.0
21752,147.1,6.80,22.97,0.1562,6.40,589.0,82.0
21759,142.9,7.00,22.97,0.1608,6.22,589.0,82.0
21766,144.9,6.90,22.97,0.1585,6.31,589.0,82.0
21773,142.9,7.00,22.97,0.1608,6.22,589.0,82.0
21780,144.9,6.90,22.97,0.1585,6.31,589.0,82.0
21787,142.9,7.00,22.96,0.1608,6.22,589.0,82.0
21794,144.9,6.90,22.96,0.1584,6.31,589.0,82.0
21801,142.9,7.00,22.96,0.1607,6.22,589.0,82.0
21808,144.9,6.90,22.96,0.1584,6.31,589.0,82.0
21815,144.9,6.90,22.96,0.1584,6.31,589.0,82.0
21822,142.9,7.00,22.96,0.1607,6.23,589.0,82.0
21829,144.9,6.90,22.95,0.1584,6.31,589.0,82.0
21836,142.9,7.00,22.95,0.1607,6.23,589.0,82.0
21843,144.9,6.90,22.95,0.1584,6.31,589.0,82.0
21849,144.9,6.90,22.95,0.1584,6.31,589.0,82.0
21856,142.9,7.00,22.95,0.1606,6.23,589.0,82.0
21863,144.9,6.90,22.95,0.1584,6.31,589.0,82.0
21870,142.9,7.00,22.95,0.1606,6.23,589.0,82.0
21877,144.9,6.90,22.95,0.1584,6.31,589.0,82.0
21884,142.9,7.00,22.95,0.1606,6.23,589.0,82.0
21891,142.9,7.00,22.95,0.1606,6.23,589.0,82.0
21898,144.9,6.90,22.95,0.1584,6.31,589.0,82.0
21905,144.9,6.90,22.95,0.1584,6.31,589.0,82.0
21912,142.9,7.00,22.95,0.1606,6.23,589.0,82.0
21919,144.9,6.90,22.95,0.1584,6.31,589.0,82.0
21926,142.9,7.00,22.95,0.1606,6.23,589.0,82.0
21933,142.9,7.00,22.95,0.1606,6.23,589.0,82.0
21940,144.9,6.90,22.95,0.1584,6.31,589.0,82.0
21947,144.9,6.90,22.95,0.1584,6.31,589.0,82.0
21954,142.9,7.00,22.95,0.1606,6.23,589.0,82.0
21961,144.9,6.90,22.95,0.1584,6.31,589.0,82.0
21968,142.9,7.00,22.95,0.1606,6.23,589.0,82.0
21975,144.9,6.90,22.95,0.1584,6.31,589.0,82.0
21981,147.1,6.80,22.95,0.1561,6.41,589.0,82.0
21988,140.8,7.10,22.95,0.1629,6.14,589.0,82.0
21995,142.9,7.00,22.95,0.1606,6.23,589.0,82.0
22002,144.9,6.90,22.95,0.1584,6.31,589.0,82.0
22009,144.9,6.90,22.95,0.1584,6.31,589.0,82.0
22016,142.9,7.00,22.95,0.1606,6.23,589.0,82.0
22023,144.9,6.90,22.95,0.1584,6.31,589.0,82.0
22030,144.9,6.90,22.95,0.1584,6.31,589.0,82.0
22037,142.9,7.00,22.95,0.1606,6.23,589.0,82.0
22044,144.9,6.90,22.95,0.1584,6.31,589.0,82.0
22051,142.9,7.00,22.95,0.1606,6.23,589.0,82.0
22058,142.9,7.00,22.95,0.1606,6.23,589.0,82.0
22065,144.9,6.90,22.95,0.1584,6.31,589.0,82.0
22072,142.9,7.00,22.95,0.1606,6.23,589.0,82.0
22079,147.1,6.80,22.95,0.1561,6.41,589.0,82.0
22086,142.9,7.00,22.95,0.1606,6.23,589.0,82.0
22093,144.9,6.90,22.95,0.1584,6.31,589.0,82.0
22100,142.9,7.00,22.95,0.1606,6.23,589.0,82.0
22106,144.9,6.90,22.95,0.1584,6.31,589.0,82.0
22113,142.9,7.00,22.95,0.1606,6.23,589.0,82.0
22120,144.9,6.90,22.95,0.1584,6.31,589.0,82.0
22127,144.9,6.90,22.95,0.1584,6.31,589.0,82.0
22134,142.9,7.00,22.95,0.1606,6.23,589.0,82.0
22141,142.9,7.00,22.95,0.1606,6.23,589.0,82.0
22148,144.9,6.90,22.95,0.1584,6.31,589.0,82.0
22155,142.9,7.00,22.95,0.1606,6.23,589.0,82.0
22162,144.9,6.90,22.95,0.1584,6.31,589.0,82.0
22169,144.9,6.90,22.95,0.1584,6.31,589.0,82.0
22176,142.9,7.00,22.95,0.1606,6.23,589.0,82.0
22183,144.9,6.90,22.95,0.1584,6.31,589.0,82.0
22190,142.9,7.00,22.95,0.1606,6.23,589.0,82.0
22197,144.9,6.90,22.95,0.1584,6.31,589.0,82.0
22204,142.9,7.00,22.95,0.1606,6.23,589.0,82.0
22211,144.9,6.90,22.95,0.1584,6.31,589.0,82.0
22218,142.9,7.00,22.95,0.1606,6.23,589.0,82.0
22224,147.1,6.80,22.95,0.1561,6.41,589.0,82.0
22231,142.9,7.00,22.95,0.1606,6.23,589.0,82.0
22238,142.9,7.00,22.95,0.1606,6.23,589.0,82.0
22245,144.9,6.90,22.95,0.1584,6.31,589.0,82.0
22252,142.9,7.00,22.95,0.1606,6.23,589.0,82.0
22259,144.9,6.90,22.95,0.1584,6.31,589.0,82.0
22266,142.9,7.00,22.95,0.1606,6.23,589.0,82.0
22273,144.9,6.90,22.95,0.1584,6.31,589.0,82.0
22280,142.9,7.00,22.95,0.1606,6.23,589.0,82.0
22287,144.9,6.90,22.95,0.1583,6.31,589.0,82.0
22294,144.9,6.90,22.94,0.1583,6.32,589.0,82.0
22301,144.9,6.90,22.94,0.1583,6.32,589.0,82.0
22308,142.9,7.00,22.94,0.1606,6.23,589.0,82.0
22315,142.9,7.00,22.93,0.1605,6.23,589.0,82.0
22322,144.9,6.90,22.93,0.1582,6.32,589.0,82.0
22329,144.9,6.90,22.93,0.1582,6.32,589.0,82.0
22336,142.9,7.00,22.92,0.1605,6.23,589.0,82.0
22343,142.9,7.00,22.92,0.1604,6.23,589.0,82.0
22350,144.9,6.90,22.92,0.1581,6.32,589.0,82.0
22356,144.9,6.90,22.91,0.1581,6.32,589.0,82.0
22363,142.9,7.00,22.91,0.1604,6.24,589.0,82.0
22370,144.9,6.90,22.91,0.1581,6.33,589.0,82.0
22377,144.9,6.90,22.90,0.1580,6.33,589.0,82.0
22384,142.9,7.00,22.90,0.1603,6.24,589.0,82.0
22391,142.9,7.00,22.90,0.1603,6.24,589.0,82.0
22398,144.9,6.90,22.90,0.1580,6.33,589.0,82.0
22405,144.9,6.90,22.90,0.1580,6.33,589.0,82.0
22412,142.9,7.00,22.90,0.1603,6.24,589.0,82.0
22419,144.9,6.90,22.90,0.1580,6.33,589.0,82.0
22426,142.9,7.00,22.90,0.1603,6.24,589.0,82.0
22433,144.9,6.90,22.90,0.1580,6.33,589.0,82.0
22440,144.9,6.90,22.90,0.1580,6.33,589.0,82.0
22447,142.9,7.00,22.90,0.1603,6.24,589.0,82.0
22454,142.9,7.00,22.90,0.1603,6.24,589.0,82.0
22461,144.9,6.90,22.90,0.1580,6.33,589.0,82.0
22468,142.9,7.00,22.90,0.1603,6.24,589.0,82.0
22475,144.9,6.90,22.90,0.1580,6.33,589.0,82.0
22481,144.9,6.90,22.90,0.1580,6.33,589.0,82.0
22488,144.9,6.90,22.90,0.1580,6.33,589.0,82.0
22495,142.9,7.00,22.90,0.1603,6.24,589.0,82.0
22502,144.9,6.90,22.90,0.1580,6.33,589.0,82.0
22509,142.9,7.00,22.90,0.1603,6.24,589.0,82.0
22516,142.9,7.00,22.90,0.1603,6.24,589.0,82.0
22523,144.9,6.90,22.90,0.1580,6.33,589.0,82.0
22530,144.9,6.90,22.90,0.1580,6.33,589.0,82.0
22537,142.9,7.00,22.90,0.1603,6.24,589.0,82.0
22544,144.9,6.90,22.90,0.1580,6.33,589.0,82.0
22551,142.9,7.00,22.90,0.1603,6.24,589.0,82.0
22558,144.9,6.90,22.90,0.1580,6.33,589.0,82.0
22565,142.9,7.00,22.90,0.1603,6.24,589.0,82.0
22572,147.1,6.80,22.90,0.1557,6.42,589.0,82.0
22579,142.9,7.00,22.90,0.1603,6.24,589.0,82.0
22586,142.9,7.00,22.90,0.1603,6.24,589.0,82.0
22593,142.9,7.00,22.90,0.1603,6.24,589.0,82.0
22600,144.9,6.90,22.90,0.1580,6.33,589.0,82.0
22607,142.9,7.00,22.90,0.1603,6.24,589.0,82.0
22613,144.9,6.90,22.90,0.1580,6.33,589.0,82.0
22620,144.9,6.90,22.90,0.1580,6.33,589.0,82.0
22627,142.9,7.00,22.90,0.1603,6.24,589.0,82.0
22634,144.9,6.90,22.90,0.1580,6.33,589.0,82.0
22641,144.9,6.90,22.90,0.1580,6.33,589.0,82.0
22648,142.9,7.00,22.90,0.1603,6.24,589.0,82.0
22655,142.9,7.00,22.90,0.1603,6.24,589.0,82.0
22662,144.9,6.90,22.90,0.1580,6.33,589.0,82.0
22669,144.9,6.90,22.90,0.1580,6.33,589.0,82.0
22676,144.9,6.90,22.90,0.1580,6.33,589.0,82.0
22683,142.9,7.00,22.90,0.1603,6.24,589.0,82.0
22690,142.9,7.00,22.90,0.1603,6.24,589.0,82.0
22697,144.9,6.90,22.90,0.1580,6.33,589.0,82.0
22704,144.9,6.90,22.90,0.1580,6.33,589.0,82.0
22711,142.9,7.00,22.90,0.1603,6.24,589.0,82.0
22718,144.9,6.90,22.90,0.1580,6.33,589.0,82.0
22725,142.9,7.00,22.89,0.1602,6.24,589.0,82.0
22731,144.9,6.90,22.88,0.1579,6.33,589.0,82.0
22738,142.9,7.00,22.88,0.1602,6.25,589.0,82.0
22745,142.9,7.00,22.87,0.1601,6.25,589.0,82.0
22752,147.1,6.80,22.87,0.1555,6.43,589.0,82.0
22759,142.9,7.00,22.86,0.1600,6.25,589.0,82.0
22766,144.9,6.90,22.86,0.1577,6.34,589.0,82.0
22773,144.9,6.90,22.85,0.1577,6.34,589.0,82.0
22780,140.8,7.10,22.84,0.1622,6.16,589.0,82.0
22787,144.9,6.90,22.84,0.1576,6.34,589.0,82.0
22794,144.9,6.90,22.83,0.1575,6.35,589.0,82.0
22801,144.9,6.90,22.83,0.1575,6.35,589.0,82.0
22808,142.9,7.00,22.82,0.1598,6.26,589.0,82.0
22815,142.9,7.00,22.82,0.1597,6.26,589.0,82.0
22822,142.9,7.00,22.81,0.1597,6.26,589.0,82.0
22829,147.1,6.80,22.81,0.1551,6.45,589.0,82.0
22836,142.9,7.00,22.81,0.1597,6.26,589.0,82.0
22843,144.9,6.90,22.81,0.1574,6.35,589.0,82.0
22850,142.9,7.00,22.81,0.1597,6.26,589.0,82.0
22856,144.9,6.90,22.81,0.1574,6.35,589.0,82.0
22863,144.9,6.90,22.81,0.1574,6.35,589.0,82.0
22870,142.9,7.00,22.81,0.1597,6.26,589.0,82.0
22877,144.9,6.90,22.81,0.1574,6.35,589.0,82.0
22884,142.9,7.00,22.81,0.1597,6.26,589.0,82.0
22891,144.9,6.90,22.81,0.1574,6.35,589.0,82.0
22898,142.9,7.00,22.81,0.1597,6.26,589.0,82.0
22905,142.9,7.00,22.81,0.1597,6.26,589.0,82.0
22912,144.9,6.90,22.81,0.1574,6.35,589.0,82.0
22919,144.9,6.90,22.81,0.1574,6.35,589.0,82.0
22926,142.9,7.00,22.81,0.1597,6.26,589.0,82.0
22933,144.9,6.90,22.81,0.1574,6.35,589.0,82.0
22940,142.9,7.00,22.81,0.1597,6.26,589.0,82.0
22947,144.9,6.90,22.81,0.1574,6.35,589.0,82.0
22954,144.9,6.90,22.81,0.1574,6.35,589.0,82.0
22961,144.9,6.90,22.81,0.1574,6.35,589.0,82.0
22968,142.9,7.00,22.81,0.1597,6.26,589.0,82.0
22975,142.9,7.00,22.81,0.1597,6.26,589.0,82.0
22981,144.9,6.90,22.81,0.1574,6.35,589.0,82.0
22988,144.9,6.90,22.81,0.1574,6.35,589.0,82.0
22995,142.9,7.00,22.81,0.1597,6.26,589.0,82.0
23002,144.9,6.90,22.81,0.1574,6.35,589.0,82.0
23009,144.9,6.90,22.81,0.1574,6.35,589.0,82.0
23016,140.8,7.10,22.81,0.1620,6.17,589.0,82.0
23023,144.9,6.90,22.81,0.1574,6.35,589.0,82.0
23030,144.9,6.90,22.81,0.1574,6.35,589.0,82.0
23037,144.9,6.90,22.81,0.1574,6.35,589.0,82.0
23044,142.9,7.00,22.81,0.1597,6.26,589.0,82.0
23051,144.9,6.90,22.81,0.1574,6.35,589.0,82.0
23058,142.9,7.00,22.81,0.1597,6.26,589.0,82.0
23065,142.9,7.00,22.81,0.1597,6.26,589.0,82.0
23072,147.1,6.80,22.81,0.1551,6.45,589.0,82.0
23079,142.9,7.00,22.81,0.1597,6.26,589.0,82.0
23086,142.9,7.00,22.81,0.1597,6.26,589.0,82.0
23093,144.9,6.90,22.81,0.1574,6.35,589.0,82.0
23100,142.9,7.00,22.81,0.1597,6.26,589.0,82.0
23106,144.9,6.90,22.81,0.1574,6.35,589.0,82.0
23113,142.9,7.00,22.81,0.1597,6.26,589.0,82.0
23120,144.9,6.90,22.81,0.1574,6.35,589.0,82.0
23127,142.9,7.00,22.81,0.1597,6.26,589.0,82.0
23134,144.9,6.90,22.81,0.1574,6.35,589.0,82.0
23141,142.9,7.00,22.81,0.1597,6.26,589.0,82.0
23148,144.9,6.90,22.81,0.1574,6.35,589.0,82.0
23155,144.9,6.90,22.81,0.1574,6.35,589.0,82.0
23162,142.9,7.00,22.81,0.1597,6.26,589.0,82.0
23169,144.9,6.90,22.81,0.1574,6.35,589.0,82.0
23176,144.9,6.90,22.81,0.1574,6.35,589.0,82.0
23183,142.9,7.00,22.81,0.1597,6.26,589.0,82.0
23190,144.9,6.90,22.81,0.1574,6.35,589.0,82.0
23197,140.8,7.10,22.81,0.1620,6.17,589.0,82.0
23204,147.1,6.80,22.81,0.1551,6.45,589.0,82.0
23211,144.9,6.90,22.81,0.1574,6.35,589.0,82.0
23217,144.9,6.90,22.81,0.1574,6.35,589.0,82.0
23225,140.8,7.10,22.81,0.1620,6.17,589.0,82.0
23231,144.9,6.90,22.81,0.1574,6.35,589.0,82.0
23238,144.9,6.90,22.81,0.1574,6.35,589.0,82.0
23245,142.9,7.00,22.81,0.1597,6.26,589.0,82.0
23252,144.9,6.90,22.81,0.1574,6.35,589.0,82.0
23259,142.9,7.00,22.81,0.1597,6.26,589.0,82.0
23266,142.9,7.00,22.80,0.1596,6.27,589.0,82.0
23273,147.1,6.80,22.79,0.1550,6.45,589.0,82.0
23280,142.9,7.00,22.79,0.1595,6.27,589.0,82.0
23287,142.9,7.00,22.78,0.1594,6.27,589.0,82.0
23294,144.9,6.90,22.77,0.1571,6.36,589.0,82.0
23301,142.9,7.00,22.76,0.1593,6.28,589.0,82.0
23308,144.9,6.90,22.75,0.1570,6.37,589.0,82.0
23315,144.9,6.90,22.74,0.1569,6.37,589.0,82.0
23322,142.9,7.00,22.74,0.1591,6.29,589.0,82.0
23329,144.9,6.90,22.73,0.1568,6.38,589.0,82.0
23336,142.9,7.00,22.72,0.1590,6.29,589.0,82.0
23343,142.9,7.00,22.71,0.1590,6.29,589.0,82.0
23349,147.1,6.80,22.70,0.1544,6.48,589.0,82.0
23356,144.9,6.90,22.69,0.1566,6.38,589.0,82.0
23363,142.9,7.00,22.69,0.1588,6.30,589.0,82.0
23370,140.8,7.10,22.68,0.1610,6.21,589.0,82.0
23377,144.9,6.90,22.68,0.1565,6.39,589.0,82.0
23384,147.1,6.80,22.68,0.1542,6.49,589.0,82.0
23391,142.9,7.00,22.68,0.1588,6.30,589.0,82.0
23398,142.9,7.00,22.68,0.1588,6.30,589.0,82.0
23405,144.9,6.90,22.68,0.1565,6.39,589.0,82.0
23412,144.9,6.90,22.68,0.1565,6.39,589.0,82.0
23419,142.9,7.00,22.68,0.1588,6.30,589.0,82.0
23426,144.9,6.90,22.68,0.1565,6.39,589.0,82.0
23433,144.9,6.90,22.68,0.1565,6.39,589.0,82.0
23440,140.8,7.10,22.68,0.1610,6.21,589.0,82.0
23447,142.9,7.00,22.68,0.1588,6.30,589.0,82.0
23454,147.1,6.80,22.68,0.1542,6.49,589.0,82.0
23461,142.9,7.00,22.68,0.1588,6.30,589.0,82.0
23468,144.9,6.90,22.68,0.1565,6.39,589.0,82.0
23475,142.9,7.00,22.68,0.1588,6.30,589.0,82.0
23481,144.9,6.90,22.68,0.1565,6.39,589.0,82.0
23488,144.9,6.90,22.68,0.1565,6.39,589.0,82.0
23495,142.9,7.00,22.68,0.1588,6.30,589.0,82.0
23502,144.9,6.90,22.68,0.1565,6.39,589.0,82.0
23509,144.9,6.90,22.68,0.1565,6.39,589.0,82.0
23516,142.9,7.00,22.68,0.1588,6.30,589.0,82.0
23523,142.9,7.00,22.68,0.1588,6.30,589.0,82.0
23530,144.9,6.90,22.68,0.1565,6.39,589.0,82.0
23537,144.9,6.90,22.68,0.1565,6.39,589.0,82.0
23544,142.9,7.00,22.68,0.1588,6.30,589.0,82.0
23551,142.9,7.00,22.68,0.1588,6.30,589.0,82.0
23558,144.9,6.90,22.68,0.1565,6.39,589.0,82.0
23565,144.9,6.90,22.68,0.1565,6.39,589.0,82.0
23572,144.9,6.90,22.68,0.1565,6.39,589.0,82.0
23579,142.9,7.00,22.68,0.1588,6.30,589.0,82.0
23586,142.9,7.00,22.68,0.1588,6.30,589.0,82.0
23593,144.9,6.90,22.68,0.1565,6.39,589.0,82.0
23599,144.9,6.90,22.68,0.1565,6.39,589.0,82.0
23606,142.9,7.00,22.68,0.1588,6.30,589.0,82.0
23613,144.9,6.90,22.68,0.1565,6.39,589.0,82.0
23620,142.9,7.00,22.68,0.1588,6.30,589.0,82.0
23627,144.9,6.90,22.68,0.1565,6.39,589.0,82.0
23634,144.9,6.90,22.68,0.1565,6.39,589.0,82.0
23641,142.9,7.00,22.68,0.1588,6.30,589.0,82.0
23648,144.9,6.90,22.68,0.1565,6.39,589.0,82.0
23655,142.9,7.00,22.68,0.1588,6.30,589.0,82.0
23662,142.9,7.00,22.68,0.1588,6.30,589.0,82.0
23669,147.1,6.80,22.68,0.1542,6.49,589.0,82.0
23676,140.8,7.10,22.68,0.1610,6.21,589.0,82.0
23683,144.9,6.90,22.68,0.1565,6.39,589.0,82.0
23690,144.9,6.90,22.68,0.1565,6.39,589.0,82.0
23697,144.9,6.90,22.68,0.1565,6.39,589.0,82.0
23704,142.9,7.00,22.70,0.1589,6.29,589.0,82.0
23711,144.9,6.90,22.72,0.1568,6.38,589.0,82.0
23718,142.9,7.00,22.74,0.1592,6.28,589.0,82.0
23724,144.9,6.90,22.76,0.1570,6.37,589.0,82.0
23731,142.9,7.00,22.78,0.1594,6.27,589.0,82.0
23738,144.9,6.90,22.80,0.1573,6.36,589.0,82.0
23745,142.9,7.00,22.81,0.1597,6.26,589.0,82.0
23752,144.9,6.90,22.83,0.1576,6.35,589.0,82.0
23759,142.9,7.00,22.85,0.1600,6.25,589.0,82.0
23766,144.9,6.90,22.87,0.1578,6.34,589.0,82.0
23773,144.9,6.90,22.89,0.1580,6.33,589.0,82.0
23780,142.9,7.00,22.91,0.1604,6.24,589.0,82.0
23787,142.9,7.00,22.93,0.1605,6.23,589.0,82.0
23794,144.9,6.90,22.95,0.1584,6.31,589.0,82.0
23801,142.9,7.00,22.97,0.1608,6.22,589.0,82.0
23808,144.9,6.90,22.98,0.1586,6.31,589.0,82.0
23815,144.9,6.90,22.98,0.1586,6.31,589.0,82.0
23822,142.9,7.00,22.98,0.1609,6.22,589.0,82.0
23829,144.9,6.90,22.98,0.1586,6.31,589.0,82.0
23836,144.9,6.90,22.98,0.1586,6.31,589.0,82.0
23843,142.9,7.00,22.98,0.1609,6.22,589.0,82.0
23850,142.9,7.00,22.98,0.1609,6.22,589.0,82.0
23856,144.9,6.90,22.98,0.1586,6.31,589.0,82.0
23863,142.9,7.00,22.98,0.1609,6.22,589.0,82.0
23870,144.9,6.90,22.98,0.1586,6.31,589.0,82.0
23877,142.9,7.00,22.98,0.1609,6.22,589.0,82.0
23884,144.9,6.90,22.98,0.1586,6.31,589.0,82.0
23891,144.9,6.90,22.98,0.1586,6.31,589.0,82.0
23898,142.9,7.00,22.98,0.1609,6.22,589.0,82.0
23905,144.9,6.90,22.98,0.1586,6.31,589.0,82.0
23912,144.9,6.90,22.98,0.1586,6.31,589.0,82.0
23919,142.9,7.00,22.98,0.1609,6.22,589.0,82.0
23926,142.9,7.00,22.98,0.1609,6.22,589.0,82.0
23933,144.9,6.90,22.98,0.1586,6.31,589.0,82.0
23940,144.9,6.90,22.98,0.1586,6.31,589.0,82.0
23947,142.9,7.00,22.98,0.1609,6.22,589.0,82.0
23954,144.9,6.90,22.98,0.1586,6.31,589.0,82.0
23961,142.9,7.00,22.98,0.1609,6.22,589.0,82.0
23968,144.9,6.90,22.98,0.1586,6.31,589.0,82.0
23974,144.9,6.90,22.98,0.1586,6.31,589.0,82.0
23981,142.9,7.00,22.98,0.1609,6.22,589.0,82.0
23988,144.9,6.90,22.98,0.1586,6.31,589.0,82.0
23995,142.9,7.00,22.98,0.1609,6.22,589.0,82.0
24002,142.9,7.00,22.98,0.1609,6.22,589.0,82.0
24009,144.9,6.90,22.98,0.1586,6.31,589.0,82.0
24016,144.9,6.90,22.98,0.1586,6.31,589.0,82.0
24023,144.9,6.90,22.98,0.1586,6.31,589.0,82.0
24030,138.9,7.20,22.98,0.1655,6.04,589.0,82.0
24037,149.3,6.70,22.98,0.1540,6.50,589.0,82.0
24044,140.8,7.10,22.98,0.1632,6.13,589.0,82.0
24051,144.9,6.90,22.98,0.1586,6.31,589.0,82.0
24058,144.9,6.90,22.98,0.1586,6.31,589.0,82.0
24065,144.9,6.90,22.98,0.1586,6.31,589.0,82.0
24072,142.9,7.00,22.98,0.1609,6.22,589.0,82.0
24079,144.9,6.90,22.98,0.1586,6.31,589.0,82.0
24086,142.9,7.00,22.98,0.1609,6.22,589.0,82.0
24093,142.9,7.00,22.98,0.1609,6.22,589.0,82.0
24099,147.1,6.80,22.98,0.1563,6.40,589.0,82.0
24106,142.9,7.00,22.98,0.1609,6.22,589.0,82.0
24113,144.9,6.90,22.98,0.1586,6.31,589.0,82.0
24120,142.9,7.00,22.98,0.1609,6.22,589.0,82.0
24127,144.9,6.90,22.98,0.1586,6.31,589.0,82.0
24134,142.9,7.00,22.98,0.1609,6.22,589.0,82.0
24141,142.9,7.00,22.98,0.1609,6.22,589.0,82.0
24148,147.1,6.80,22.98,0.1563,6.40,589.0,82.0
24155,144.9,6.90,22.98,0.1586,6.31,589.0,82.0
24162,142.9,7.00,22.98,0.1609,6.22,589.0,82.0
24169,142.9,7.00,22.98,0.1609,6.22,589.0,82.0
24176,144.9,6.90,22.98,0.1586,6.31,589.0,82.0
24183,142.9,7.00,22.98,0.1609,6.22,589.0,82.0
24190,142.9,7.00,22.98,0.1609,6.22,589.0,82.0
24197,144.9,6.90,22.98,0.1586,6.31,589.0,82.0
24204,144.9,6.90,22.98,0.1586,6.31,589.0,82.0
24211,142.9,7.00,22.98,0.1609,6.22,589.0,82.0
24218,144.9,6.90,22.98,0.1586,6.31,589.0,82.0
24224,144.9,6.90,22.98,0.1586,6.31,589.0,82.0
24231,142.9,7.00,22.98,0.1609,6.22,589.0,82.0
24238,144.9,6.90,22.98,0.1586,6.31,589.0,82.0
24245,142.9,7.00,22.96,0.1607,6.22,589.0,82.0
24252,144.9,6.90,22.94,0.1583,6.32,589.0,82.0
24259,144.9,6.90,22.92,0.1581,6.32,589.0,82.0
24266,142.9,7.00,22.89,0.1603,6.24,589.0,82.0
24273,142.9,7.00,22.87,0.1601,6.25,589.0,82.0
24280,144.9,6.90,22.85,0.1577,6.34,589.0,82.0
24287,144.9,6.90,22.83,0.1575,6.35,589.0,82.0
24294,142.9,7.00,22.80,0.1596,6.27,589.0,82.0
24301,144.9,6.90,22.78,0.1572,6.36,589.0,82.0
24308,142.9,7.00,22.76,0.1593,6.28,589.0,82.0
24315,140.8,7.10,22.74,0.1614,6.19,589.0,82.0
24322,147.1,6.80,22.71,0.1545,6.48,589.0,82.0
24329,142.9,7.00,22.69,0.1588,6.30,589.0,82.0
24336,144.9,6.90,22.67,0.1564,6.39,589.0,82.0
24343,144.9,6.90,22.65,0.1563,6.40,589.0,82.0
24349,144.9,6.90,22.63,0.1561,6.40,589.0,82.0
24356,142.9,7.00,22.63,0.1584,6.31,589.0,82.0
24363,144.9,6.90,22.63,0.1561,6.40,589.0,82.0
24370,144.9,6.90,22.63,0.1561,6.40,589.0,82.0
24377,142.9,7.00,22.63,0.1584,6.31,589.0,82.0
24384,144.9,6.90,22.63,0.1561,6.40,589.0,82.0
24391,142.9,7.00,22.63,0.1584,6.31,589.0,82.0
24398,144.9,6.90,22.63,0.1561,6.40,589.0,82.0
24405,142.9,7.00,22.63,0.1584,6.31,589.0,82.0
24412,144.9,6.90,22.63,0.1561,6.40,589.0,82.0
24419,142.9,7.00,22.63,0.1584,6.31,589.0,82.0
24426,144.9,6.90,22.63,0.1561,6.40,589.0,82.0
24433,144.9,6.90,22.63,0.1561,6.40,589.0,82.0
24440,142.9,7.00,22.63,0.1584,6.31,589.0,82.0
24447,142.9,7.00,22.63,0.1584,6.31,589.0,82.0
24454,144.9,6.90,22.63,0.1561,6.40,589.0,82.0
24461,142.9,7.00,22.63,0.1584,6.31,589.0,82.0
24468,144.9,6.90,22.63,0.1561,6.40,589.0,82.0
24475,142.9,7.00,22.63,0.1584,6.31,589.0,82.0
24481,147.1,6.80,22.63,0.1539,6.50,589.0,82.0
24488,142.9,7.00,22.63,0.1584,6.31,589.0,82.0
24495,142.9,7.00,22.63,0.1584,6.31,589.0,82.0
24502,142.9,7.00,22.63,0.1584,6.31,589.0,82.0
24509,147.1,6.80,22.63,0.1539,6.50,589.0,82.0
24516,142.9,7.00,22.63,0.1584,6.31,589.0,82.0
24523,144.9,6.90,22.63,0.1561,6.40,589.0,82.0
24530,142.9,7.00,22.63,0.1584,6.31,589.0,82.0
24537,144.9,6.90,22.63,0.1561,6.40,589.0,82.0
24544,142.9,7.00,22.63,0.1584,6.31,589.0,82.0
24551,144.9,6.90,22.63,0.1561,6.40,589.0,82.0
24558,142.9,7.00,22.63,0.1584,6.31,589.0,82.0
24565,144.9,6.90,22.63,0.1561,6.40,589.0,82.0
24572,142.9,7.00,22.63,0.1584,6.31,589.0,82.0
24579,144.9,6.90,22.63,0.1561,6.40,589.0,82.0
24586,144.9,6.90,22.63,0.1561,6.40,589.0,82.0
24593,142.9,7.00,22.63,0.1584,6.31,589.0,82.0
24599,144.9,6.90,22.63,0.1561,6.40,589.0,82.0
24606,142.9,7.00,22.63,0.1584,6.31,589.0,82.0
24613,142.9,7.00,22.63,0.1584,6.31,589.0,82.0
24620,147.1,6.80,22.63,0.1539,6.50,589.0,82.0
24627,142.9,7.00,22.63,0.1584,6.31,589.0,82.0
24634,144.9,6.90,22.63,0.1561,6.40,589.0,82.0
24641,142.9,7.00,22.63,0.1584,6.31,589.0,82.0
24648,144.9,6.90,22.63,0.1561,6.40,589.0,82.0
24655,142.9,7.00,22.63,0.1584,6.31,589.0,82.0
24662,144.9,6.90,22.63,0.1561,6.40,589.0,82.0
24669,144.9,6.90,22.63,0.1561,6.40,589.0,82.0
24676,142.9,7.00,22.63,0.1584,6.31,589.0,82.0
24683,142.9,7.00,22.63,0.1584,6.31,589.0,82.0
24690,144.9,6.90,22.63,0.1561,6.40,589.0,82.0
24697,142.9,7.00,22.63,0.1584,6.31,589.0,82.0
24704,144.9,6.90,22.63,0.1561,6.40,589.0,82.0
24711,142.9,7.00,22.63,0.1584,6.31,589.0,82.0
24718,144.9,6.90,22.63,0.1561,6.40,589.0,82.0
24724,144.9,6.90,22.63,0.1561,6.40,589.0,82.0
24731,142.9,7.00,22.63,0.1584,6.31,589.0,82.0
24738,144.9,6.90,22.63,0.1561,6.40,589.0,82.0
24745,142.9,7.00,22.63,0.1584,6.31,589.0,82.0
24752,144.9,6.90,22.63,0.1561,6.40,589.0,82.0
24759,142.9,7.00,22.63,0.1584,6.31,589.0,82.0
24766,144.9,6.90,22.63,0.1561,6.40,589.0,82.0
24773,144.9,6.90,22.63,0.1561,6.40,589.0,82.0
24780,142.9,7.00,22.63,0.1584,6.31,589.0,82.0
24787,144.9,6.90,22.63,0.1561,6.40,589.0,82.0
24794,142.9,7.00,22.63,0.1584,6.32,589.0,82.0
24801,144.9,6.90,22.62,0.1561,6.41,589.0,82.0
24808,142.9,7.00,22.62,0.1583,6.32,589.0,82.0
24815,144.9,6.90,22.62,0.1560,6.41,589.0,82.0
24822,144.9,6.90,22.61,0.1560,6.41,589.0,82.0
24829,142.9,7.00,22.61,0.1583,6.32,589.0,82.0
24836,144.9,6.90,22.61,0.1560,6.41,589.0,82.0
24842,144.9,6.90,22.60,0.1560,6.41,589.0,82.0
24849,142.9,7.00,22.60,0.1582,6.32,589.0,82.0
24856,142.9,7.00,22.60,0.1582,6.32,589.0,82.0
24863,144.9,6.90,22.59,0.1559,6.41,589.0,82.0
24870,142.9,7.00,22.59,0.1581,6.33,589.0,82.0
24877,144.9,6.90,22.59,0.1559,6.42,589.0,82.0
24884,142.9,7.00,22.58,0.1581,6.33,589.0,82.0
24891,144.9,6.90,22.58,0.1558,6.42,589.0,82.0
24898,144.9,6.90,22.58,0.1558,6.42,589.0,82.0
24905,142.9,7.00,22.58,0.1581,6.33,589.0,82.0
24912,142.9,7.00,22.58,0.1581,6.33,589.0,82.0
24919,144.9,6.90,22.58,0.1558,6.42,589.0,82.0
24926,144.9,6.90,22.58,0.1558,6.42,589.0,82.0
24933,142.9,7.00,22.58,0.1581,6.33,589.0,82.0
24940,147.1,6.80,22.58,0.1535,6.51,589.0,82.0
24947,142.9,7.00,22.58,0.1581,6.33,589.0,82.0
24954,142.9,7.00,22.58,0.1581,6.33,589.0,82.0
24961,142.9,7.00,22.58,0.1581,6.33,589.0,82.0
24968,144.9,6.90,22.58,0.1558,6.42,589.0,82.0
24974,144.9,6.90,22.58,0.1558,6.42,589.0,82.0
24981,142.9,7.00,22.58,0.1581,6.33,589.0,82.0
24988,144.9,6.90,22.58,0.1558,6.42,589.0,82.0
24995,144.9,6.90,22.58,0.1558,6.42,589.0,82.0
25002,144.9,6.90,22.58,0.1558,6.42,589.0,82.0
25009,142.9,7.00,22.58,0.1581,6.33,589.0,82.0
25016,142.9,7.00,22.58,0.1581,6.33,589.0,82.0
25023,144.9,6.90,22.58,0.1558,6.42,589.0,82.0
25030,144.9,6.90,22.58,0.1558,6.42,589.0,82.0
25037,140.8,7.10,22.58,0.1603,6.24,589.0,82.0
25044,144.9,6.90,22.58,0.1558,6.42,589.0,82.0
25051,147.1,6.80,22.58,0.1535,6.51,589.0,82.0
25058,142.9,7.00,22.58,0.1581,6.33,589.0,82.0
25065,142.9,7.00,22.58,0.1581,6.33,589.0,82.0
25072,144.9,6.90,22.58,0.1558,6.42,589.0,82.0
25079,142.9,7.00,22.58,0.1581,6.33,589.0,82.0
25086,144.9,6.90,22.58,0.1558,6.42,589.0,82.0
25092,144.9,6.90,22.58,0.1558,6.42,589.0,82.0
25099,142.9,7.00,22.58,0.1581,6.33,589.0,82.0
25106,144.9,6.90,22.58,0.1558,6.42,589.0,82.0
25113,142.9,7.00,22.58,0.1581,6.33,589.0,82.0
25120,144.9,6.90,22.58,0.1558,6.42,589.0,82.0
25127,142.9,7.00,22.58,0.1581,6.33,589.0,82.0
25134,142.9,7.00,22.58,0.1581,6.33,589.0,82.0
25141,144.9,6.90,22.58,0.1558,6.42,589.0,82.0
25148,144.9,6.90,22.58,0.1558,6.42,589.0,82.0
25155,142.9,7.00,22.58,0.1581,6.33,589.0,82.0
25162,142.9,7.00,22.58,0.1581,6.33,589.0,82.0
25169,144.9,6.90,22.58,0.1558,6.42,589.0,82.0
25176,144.9,6.90,22.58,0.1558,6.42,589.0,82.0
25183,144.9,6.90,22.58,0.1558,6.42,589.0,82.0
25190,142.9,7.00,22.58,0.1581,6.33,589.0,82.0
25197,142.9,7.00,22.58,0.1581,6.33,589.0,82.0
25204,144.9,6.90,22.58,0.1558,6.42,589.0,82.0
25211,144.9,6.90,22.58,0.1558,6.42,589.0,82.0
25218,142.9,7.00,22.58,0.1581,6.33,589.0,82.0
25224,144.9,6.90,22.58,0.1558,6.42,589.0,82.0
25231,142.9,7.00,22.59,0.1581,6.33,589.0,82.0
25238,144.9,6.90,22.60,0.1559,6.41,589.0,82.0
25245,144.9,6.90,22.60,0.1560,6.41,589.0,82.0
25252,142.9,7.00,22.61,0.1583,6.32,589.0,82.0
25259,142.9,7.00,22.61,0.1583,6.32,589.0,82.0
25266,147.1,6.80,22.62,0.1538,6.50,589.0,82.0
25273,142.9,7.00,22.63,0.1584,6.32,589.0,82.0
25280,142.9,7.00,22.63,0.1584,6.31,589.0,82.0
25287,142.9,7.00,22.64,0.1585,6.31,589.0,82.0
25294,147.1,6.80,22.65,0.1540,6.50,589.0,82.0
25301,142.9,7.00,22.65,0.1586,6.31,589.0,82.0
25308,144.9,6.90,22.66,0.1563,6.39,589.0,82.0
25315,144.9,6.90,22.67,0.1564,6.39,589.0,82.0
25322,140.8,7.10,22.67,0.1610,6.21,589.0,82.0
25329,144.9,6.90,22.68,0.1565,6.39,589.0,82.0
25336,144.9,6.90,22.68,0.1565,6.39,589.0,82.0
25342,144.9,6.90,22.68,0.1565,6.39,589.0,82.0
25349,142.9,7.00,22.68,0.1588,6.30,589.0,82.0
25356,142.9,7.00,22.68,0.1588,6.30,589.0,82.0
25363,144.9,6.90,22.68,0.1565,6.39,589.0,82.0
25370,144.9,6.90,22.68,0.1565,6.39,589.0,82.0
25377,142.9,7.00,22.68,0.1588,6.30,589.0,82.0
25384,142.9,7.00,22.68,0.1588,6.30,589.0,82.0
25391,144.9,6.90,22.68,0.1565,6.39,589.0,82.0
25398,142.9,7.00,22.68,0.1588,6.30,589.0,82.0
25405,144.9,6.90,22.68,0.1565,6.39,589.0,82.0
25412,144.9,6.90,22.68,0.1565,6.39,589.0,82.0
25419,144.9,6.90,22.68,0.1565,6.39,589.0,82.0
25426,142.9,7.00,22.68,0.1588,6.30,589.0,82.0
25433,144.9,6.90,22.68,0.1565,6.39,589.0,82.0
25440,142.9,7.00,22.68,0.1588,6.30,589.0,82.0
25447,144.9,6.90,22.68,0.1565,6.39,589.0,82.0
25454,142.9,7.00,22.68,0.1588,6.30,589.0,82.0
25461,144.9,6.90,22.68,0.1565,6.39,589.0,82.0
25468,142.9,7.00,22.68,0.1588,6.30,589.0,82.0
25474,144.9,6.90,22.68,0.1565,6.39,589.0,82.0
25481,144.9,6.90,22.68,0.1565,6.39,589.0,82.0
25488,142.9,7.00,22.68,0.1588,6.30,589.0,82.0
25495,144.9,6.90,22.68,0.1565,6.39,589.0,82.0
25502,144.9,6.90,22.68,0.1565,6.39,589.0,82.0
25509,142.9,7.00,22.68,0.1588,6.30,589.0,82.0
25516,142.9,7.00,22.68,0.1588,6.30,589.0,82.0
25523,144.9,6.90,22.68,0.1565,6.39,589.0,82.0
25530,142.9,7.00,22.68,0.1588,6.30,589.0,82.0
25537,147.1,6.80,22.68,0.1542,6.49,589.0,82.0
25544,140.8,7.10,22.68,0.1610,6.21,589.0,82.0
25551,144.9,6.90,22.68,0.1565,6.39,589.0,82.0
25558,144.9,6.90,22.68,0.1565,6.39,589.0,82.0
25565,142.9,7.00,22.68,0.1588,6.30,589.0,82.0
25572,144.9,6.90,22.68,0.1565,6.39,589.0,82.0
25579,144.9,6.90,22.68,0.1565,6.39,589.0,82.0
25586,142.9,7.00,22.68,0.1588,6.30,589.0,82.0
25593,142.9,7.00,22.68,0.1588,6.30,589.0,82.0
25599,144.9,6.90,22.68,0.1565,6.39,589.0,82.0
25606,144.9,6.90,22.68,0.1565,6.39,589.0,82.0
25613,142.9,7.00,22.68,0.1588,6.30,589.0,82.0
25620,144.9,6.90,22.68,0.1565,6.39,589.0,82.0
25627,144.9,6.90,22.68,0.1565,6.39,589.0,82.0
25634,140.8,7.10,22.68,0.1610,6.21,589.0,82.0
25641,144.9,6.90,22.68,0.1565,6.39,589.0,82.0
25648,144.9,6.90,22.68,0.1565,6.39,589.0,82.0
25655,142.9,7.00,22.68,0.1588,6.30,589.0,82.0
25662,144.9,6.90,22.68,0.1565,6.39,589.0,82.0
25669,142.9,7.00,22.68,0.1588,6.30,589.0,82.0
25676,144.9,6.90,22.68,0.1565,6.39,589.0,82.0
25683,144.9,6.90,22.68,0.1565,6.39,589.0,82.0
25690,142.9,7.00,22.68,0.1588,6.30,589.0,82.0
25697,144.9,6.90,22.68,0.1565,6.39,589.0,82.0
25704,142.9,7.00,22.68,0.1588,6.30,589.0,82.0
25711,144.9,6.90,22.68,0.1565,6.39,589.0,82.0
25717,144.9,6.90,22.68,0.1565,6.39,589.0,82.0
25724,142.9,7.00,22.68,0.1588,6.30,589.0,82.0
25731,142.9,7.00,22.68,0.1588,6.30,589.0,82.0
25738,144.9,6.90,22.68,0.1565,6.39,589.0,82.0
25745,142.9,7.00,22.68,0.1588,6.30,589.0,82.0
25752,147.1,6.80,22.68,0.1542,6.49,589.0,82.0
25759,142.9,7.00,22.68,0.1588,6.30,589.0,82.0
25766,144.9,6.90,22.68,0.1565,6.39,589.0,82.0
25773,142.9,7.00,22.68,0.1588,6.30,589.0,82.0
25780,142.9,7.00,22.68,0.1588,6.30,589.0,82.0
25787,144.9,6.90,22.68,0.1565,6.39,589.0,82.0
25794,142.9,7.00,22.68,0.1587,6.30,589.0,82.0
25801,144.9,6.90,22.68,0.1565,6.39,589.0,82.0
25808,144.9,6.90,22.68,0.1565,6.39,589.0,82.0
25815,144.9,6.90,22.68,0.1565,6.39,589.0,82.0
25822,142.9,7.00,22.67,0.1587,6.30,589.0,82.0
25829,144.9,6.90,22.67,0.1565,6.39,589.0,82.0
25836,140.8,7.10,22.67,0.1610,6.21,589.0,82.0
25843,144.9,6.90,22.67,0.1564,6.39,589.0,82.0
25849,144.9,6.90,22.67,0.1564,6.39,589.0,82.0
25856,142.9,7.00,22.67,0.1587,6.30,589.0,82.0
25863,144.9,6.90,22.67,0.1564,6.39,589.0,82.0
25870,144.9,6.90,22.67,0.1564,6.39,589.0,82.0
25877,144.9,6.90,22.67,0.1564,6.39,589.0,82.0
25884,142.9,7.00,22.67,0.1587,6.30,589.0,82.0
25891,142.9,7.00,22.67,0.1587,6.30,589.0,82.0
25898,142.9,7.00,22.67,0.1587,6.30,589.0,82.0
25905,147.1,6.80,22.67,0.1542,6.49,589.0,82.0
25912,142.9,7.00,22.67,0.1587,6.30,589.0,82.0
25919,142.9,7.00,22.67,0.1587,6.30,589.0,82.0
25926,144.9,6.90,22.67,0.1564,6.39,589.0,82.0
25933,144.9,6.90,22.67,0.1564,6.39,589.0,82.0
25940,142.9,7.00,22.67,0.1587,6.30,589.0,82.0
25947,144.9,6.90,22.67,0.1564,6.39,589.0,82.0
25954,142.9,7.00,22.67,0.1587,6.30,589.0,82.0
25961,144.9,6.90,22.67,0.1564,6.39,589.0,82.0
25967,144.9,6.90,22.67,0.1564,6.39,589.0,82.0
25974,142.9,7.00,22.67,0.1587,6.30,589.0,82.0
25981,144.9,6.90,22.67,0.1564,6.39,589.0,82.0
25988,142.9,7.00,22.67,0.1587,6.30,589.0,82.0
25995,142.9,7.00,22.67,0.1587,6.30,589.0,82.0
26002,144.9,6.90,22.67,0.1564,6.39,589.0,82.0
26009,144.9,6.90,22.67,0.1564,6.39,589.0,82.0
26016,142.9,7.00,22.67,0.1587,6.30,589.0,82.0
26023,142.9,7.00,22.67,0.1587,6.30,589.0,82.0
26030,144.9,6.90,22.67,0.1564,6.39,589.0,82.0
26037,144.9,6.90,22.67,0.1564,6.39,589.0,82.0
26044,142.9,7.00,22.67,0.1587,6.30,589.0,82.0
26051,144.9,6.90,22.67,0.1564,6.39,589.0,82.0
26058,144.9,6.90,22.67,0.1564,6.39,589.0,82.0
26065,142.9,7.00,22.67,0.1587,6.30,589.0,82.0
26072,147.1,6.80,22.67,0.1542,6.49,589.0,82.0
26079,140.8,7.10,22.67,0.1610,6.21,589.0,82.0
26086,144.9,6.90,22.67,0.1564,6.39,589.0,82.0
26093,142.9,7.00,22.67,0.1587,6.30,589.0,82.0
26099,144.9,6.90,22.67,0.1564,6.39,589.0,82.0
26106,144.9,6.90,22.67,0.1564,6.39,589.0,82.0
26113,142.9,7.00,22.67,0.1587,6.30,589.0,82.0
26120,144.9,6.90,22.67,0.1564,6.39,589.0,82.0
26127,144.9,6.90,22.67,0.1564,6.39,589.0,82.0
26134,142.9,7.00,22.67,0.1587,6.30,589.0,82.0
26141,144.9,6.90,22.67,0.1564,6.39,589.0,82.0
26148,142.9,7.00,22.67,0.1587,6.30,589.0,82.0
26155,142.9,7.00,22.67,0.1587,6.30,589.0,82.0
26162,144.9,6.90,22.67,0.1564,6.39,589.0,82.0
26169,142.9,7.00,22.67,0.1587,6.30,589.0,82.0
26176,144.9,6.90,22.67,0.1564,6.39,589.0,82.0
26183,142.9,7.00,22.67,0.1587,6.30,589.0,82.0
26190,147.1,6.80,22.67,0.1542,6.49,589.0,82.0
26197,140.8,7.10,22.67,0.1610,6.21,589.0,82.0
26204,147.1,6.80,22.67,0.1542,6.49,589.0,82.0
26211,142.9,7.00,22.67,0.1587,6.30,589.0,82.0
26218,142.9,7.00,22.68,0.1587,6.30,589.0,82.0
26224,144.9,6.90,22.68,0.1565,6.39,589.0,82.0
26231,144.9,6.90,22.68,0.1565,6.39,589.0,82.0
26238,142.9,7.00,22.68,0.1588,6.30,589.0,82.0
26245,144.9,6.90,22.69,0.1565,6.39,589.0,82.0
26252,142.9,7.00,22.69,0.1588,6.30,589.0,82.0
26259,144.9,6.90,22.69,0.1566,6.39,589.0,82.0
26266,142.9,7.00,22.69,0.1588,6.30,589.0,82.0
26273,144.9,6.90,22.70,0.1566,6.38,589.0,82.0
26280,144.9,6.90,22.70,0.1566,6.38,589.0,82.0
26287,144.9,6.90,22.70,0.1566,6.38,589.0,82.0
26294,142.9,7.00,22.70,0.1589,6.29,589.0,82.0
26301,142.9,7.00,22.71,0.1589,6.29,589.0,82.0
26308,142.9,7.00,22.71,0.1590,6.29,589.0,82.0
26315,144.9,6.90,22.71,0.1567,6.38,589.0,82.0
26322,144.9,6.90,22.71,0.1567,6.38,589.0,82.0
26329,144.9,6.90,22.71,0.1567,6.38,589.0,82.0
26336,142.9,7.00,22.71,0.1590,6.29,589.0,82.0
26342,144.9,6.90,22.71,0.1567,6.38,589.0,82.0
26349,142.9,7.00,22.71,0.1590,6.29,589.0,82.0
26356,142.9,7.00,22.71,0.1590,6.29,589.0,82.0
26363,144.9,6.90,22.71,0.1567,6.38,589.0,82.0
26370,144.9,6.90,22.71,0.1567,6.38,589.0,82.0
26377,144.9,6.90,22.71,0.1567,6.38,589.0,82.0
26384,140.8,7.10,22.71,0.1612,6.20,589.0,82.0
26391,147.1,6.80,22.71,0.1544,6.48,589.0,82.0
26398,142.9,7.00,22.71,0.1590,6.29,589.0,82.0
26405,142.9,7.00,22.71,0.1590,6.29,589.0,82.0
26412,144.9,6.90,22.71,0.1567,6.38,589.0,82.0
26419,144.9,6.90,22.71,0.1567,6.38,589.0,82.0
26426,144.9,6.90,22.71,0.1567,6.38,589.0,82.0
26433,140.8,7.10,22.71,0.1612,6.20,589.0,82.0
26440,144.9,6.90,22.71,0.1567,6.38,589.0,82.0
26447,147.1,6.80,22.71,0.1544,6.48,589.0,82.0
26454,140.8,7.10,22.71,0.1612,6.20,589.0,82.0
26461,144.9,6.90,22.71,0.1567,6.38,589.0,82.0
26468,142.9,7.00,22.71,0.1590,6.29,589.0,82.0
26474,144.9,6.90,22.71,0.1567,6.38,589.0,82.0
26481,144.9,6.90,22.71,0.1567,6.38,589.0,82.0
26488,142.9,7.00,22.71,0.1590,6.29,589.0,82.0
26495,144.9,6.90,22.71,0.1567,6.38,589.0,82.0
26502,142.9,7.00,22.71,0.1590,6.29,589.0,82.0
26509,144.9,6.90,22.71,0.1567,6.38,589.0,82.0
26516,142.9,7.00,22.71,0.1590,6.29,589.0,82.0
26523,144.9,6.90,22.71,0.1567,6.38,589.0,82.0
26530,144.9,6.90,22.71,0.1567,6.38,589.0,82.0
26537,142.9,7.00,22.71,0.1590,6.29,589.0,82.0
26544,142.9,7.00,22.71,0.1590,6.29,589.0,82.0
26551,144.9,6.90,22.71,0.1567,6.38,589.0,82.0
26558,144.9,6.90,22.71,0.1567,6.38,589.0,82.0
26565,142.9,7.00,22.71,0.1590,6.29,589.0,82.0
26572,144.9,6.90,22.71,0.1567,6.38,589.0,82.0
26579,142.9,7.00,22.71,0.1590,6.29,589.0,82.0
26586,144.9,6.90,22.71,0.1567,6.38,589.0,82.0
26593,142.9,7.00,22.71,0.1590,6.29,589.0,82.0
26599,144.9,6.90,22.71,0.1567,6.38,589.0,82.0
26606,144.9,6.90,22.71,0.1567,6.38,589.0,82.0
26613,142.9,7.00,22.71,0.1590,6.29,589.0,82.0
26620,142.9,7.00,22.71,0.1590,6.29,589.0,82.0
26627,147.1,6.80,22.71,0.1544,6.48,589.0,82.0
26634,142.9,7.00,22.71,0.1590,6.29,589.0,82.0
26641,144.9,6.90,22.71,0.1567,6.38,589.0,82.0
26648,140.8,7.10,22.71,0.1612,6.20,589.0,82.0
26655,147.1,6.80,22.71,0.1544,6.48,589.0,82.0
26662,142.9,7.00,22.71,0.1590,6.29,589.0,82.0
26669,144.9,6.90,22.71,0.1567,6.38,589.0,82.0
26676,142.9,7.00,22.71,0.1590,6.29,589.0,82.0
26683,144.9,6.90,22.71,0.1567,6.38,589.0,82.0
26690,142.9,7.00,22.71,0.1590,6.29,589.0,82.0
26697,144.9,6.90,22.71,0.1567,6.38,589.0,82.0
26704,142.9,7.00,22.71,0.1590,6.29,589.0,82.0
26711,144.9,6.90,22.71,0.1567,6.38,589.0,82.0
26718,142.9,7.00,22.71,0.1590,6.29,589.0,82.0
26724,144.9,6.90,22.71,0.1567,6.38,589.0,82.0
26731,142.9,7.00,22.71,0.1590,6.29,589.0,82.0
26738,144.9,6.90,22.71,0.1567,6.38,589.0,82.0
26745,144.9,6.90,22.71,0.1567,6.38,589.0,82.0
26752,142.9,7.00,22.71,0.1590,6.29,589.0,82.0
26759,147.1,6.80,22.72,0.1545,6.47,589.0,82.0
26766,142.9,7.00,22.73,0.1591,6.29,589.0,82.0
26773,144.9,6.90,22.74,0.1569,6.37,589.0,82.0
26780,142.9,7.00,22.75,0.1593,6.28,589.0,82.0
26787,142.9,7.00,22.76,0.1594,6.28,589.0,82.0
26794,142.9,7.00,22.77,0.1594,6.27,589.0,82.0
26801,147.1,6.80,22.78,0.1549,6.46,589.0,82.0
26808,142.9,7.00,22.80,0.1596,6.27,589.0,82.0
26815,142.9,7.00,22.81,0.1596,6.27,589.0,82.0
26822,144.9,6.90,22.82,0.1574,6.35,589.0,82.0
26829,144.9,6.90,22.83,0.1575,6.35,589.0,82.0
26836,142.9,7.00,22.84,0.1598,6.26,589.0,82.0
26842,144.9,6.90,22.84,0.1576,6.34,589.0,82.0
26849,142.9,7.00,22.85,0.1600,6.25,589.0,82.0
26856,144.9,6.90,22.86,0.1578,6.34,589.0,82.0
26863,142.9,7.00,22.87,0.1601,6.25,589.0,82.0
26870,144.9,6.90,22.87,0.1578,6.34,589.0,82.0
26877,144.9,6.90,22.87,0.1578,6.34,589.0,82.0
26884,144.9,6.90,22.87,0.1578,6.34,589.0,82.0
26891,142.9,7.00,22.87,0.1601,6.25,589.0,82.0
26898,142.9,7.00,22.87,0.1601,6.25,589.0,82.0
26905,144.9,6.90,22.87,0.1578,6.34,589.0,82.0
26912,142.9,7.00,22.87,0.1601,6.25,589.0,82.0
26919,144.9,6.90,22.87,0.1578,6.34,589.0,82.0
26926,142.9,7.00,22.87,0.1601,6.25,589.0,82.0
26933,144.9,6.90,22.87,0.1578,6.34,589.0,82.0
26940,142.9,7.00,22.87,0.1601,6.25,589.0,82.0
26947,144.9,6.90,22.87,0.1578,6.34,589.0,82.0
26954,144.9,6.90,22.87,0.1578,6.34,589.0,82.0
26961,142.9,7.00,22.87,0.1601,6.25,589.0,82.0
26968,142.9,7.00,22.87,0.1601,6.25,589.0,82.0
26974,144.9,6.90,22.87,0.1578,6.34,589.0,82.0
26981,144.9,6.90,22.87,0.1578,6.34,589.0,82.0
26988,142.9,7.00,22.87,0.1601,6.25,589.0,82.0
26995,144.9,6.90,22.87,0.1578,6.34,589.0,82.0
27002,142.9,7.00,22.87,0.1601,6.25,589.0,82.0
27009,144.9,6.90,22.87,0.1578,6.34,589.0,82.0
27016,142.9,7.00,22.87,0.1601,6.25,589.0,82.0
27023,142.9,7.00,22.87,0.1601,6.25,589.0,82.0
27030,144.9,6.90,22.87,0.1578,6.34,589.0,82.0
27037,144.9,6.90,22.87,0.1578,6.34,589.0,82.0
27044,142.9,7.00,22.87,0.1601,6.25,589.0,82.0
27051,144.9,6.90,22.87,0.1578,6.34,589.0,82.0
27058,144.9,6.90,22.87,0.1578,6.34,589.0,82.0
27065,142.9,7.00,22.87,0.1601,6.25,589.0,82.0
27072,144.9,6.90,22.87,0.1578,6.34,589.0,82.0
27079,142.9,7.00,22.87,0.1601,6.25,589.0,82.0
27086,144.9,6.90,22.87,0.1578,6.34,589.0,82.0
27093,142.9,7.00,22.87,0.1601,6.25,589.0,82.0
27099,144.9,6.90,22.87,0.1578,6.34,589.0,82.0
27106,144.9,6.90,22.87,0.1578,6.34,589.0,82.0
27113,142.9,7.00,22.87,0.1601,6.25,589.0,82.0
27120,144.9,6.90,22.87,0.1578,6.34,589.0,82.0
27127,144.9,6.90,22.87,0.1578,6.34,589.0,82.0
27134,142.9,7.00,22.87,0.1601,6.25,589.0,82.0
27141,142.9,7.00,22.87,0.1601,6.25,589.0,82.0
27148,147.1,6.80,22.87,0.1555,6.43,589.0,82.0
27155,142.9,7.00,22.87,0.1601,6.25,589.0,82.0
27162,142.9,7.00,22.87,0.1601,6.25,589.0,82.0
27169,144.9,6.90,22.87,0.1578,6.34,589.0,82.0
27176,142.9,7.00,22.87,0.1601,6.25,589.0,82.0
27183,144.9,6.90,22.87,0.1578,6.34,589.0,82.0
27190,142.9,7.00,22.88,0.1601,6.25,589.0,82.0
27197,144.9,6.90,22.89,0.1579,6.33,589.0,82.0
27204,144.9,6.90,22.91,0.1581,6.33,589.0,82.0
27211,142.9,7.00,22.92,0.1604,6.23,589.0,82.0
27217,144.9,6.90,22.93,0.1582,6.32,589.0,82.0
27224,142.9,7.00,22.95,0.1606,6.23,589.0,82.0
27231,144.9,6.90,22.96,0.1584,6.31,589.0,82.0
27238,144.9,6.90,22.98,0.1585,6.31,589.0,82.0
27245,140.8,7.10,22.99,0.1632,6.12,589.0,82.0
27252,144.9,6.90,23.01,0.1587,6.30,589.0,82.0
27259,144.9,6.90,23.02,0.1589,6.29,589.0,82.0
27266,144.9,6.90,23.04,0.1590,6.29,589.0,82.0
27273,144.9,6.90,23.05,0.1591,6.29,589.0,82.0
27280,140.8,7.10,23.07,0.1638,6.10,589.0,82.0
27287,144.9,6.90,23.08,0.1593,6.28,589.0,82.0
27294,142.9,7.00,23.10,0.1617,6.19,589.0,82.0
27301,144.9,6.90,23.10,0.1594,6.27,589.0,82.0
27308,144.9,6.90,23.10,0.1594,6.27,589.0,82.0
27315,144.9,6.90,23.10,0.1594,6.27,589.0,82.0
27322,142.9,7.00,23.10,0.1617,6.19,589.0,82.0
27329,144.9,6.90,23.10,0.1594,6.27,589.0,82.0
27336,142.9,7.00,23.10,0.1617,6.19,589.0,82.0
27343,142.9,7.00,23.10,0.1617,6.19,589.0,82.0
27349,147.1,6.80,23.10,0.1571,6.37,589.0,82.0
27356,142.9,7.00,23.10,0.1617,6.19,589.0,82.0
27363,142.9,7.00,23.10,0.1617,6.19,589.0,82.0
27370,144.9,6.90,23.10,0.1594,6.27,589.0,82.0
27377,144.9,6.90,23.10,0.1594,6.27,589.0,82.0
27384,142.9,7.00,23.10,0.1617,6.19,589.0,82.0
27391,142.9,7.00,23.10,0.1617,6.19,589.0,82.0
27398,147.1,6.80,23.10,0.1571,6.37,589.0,82.0
27405,140.8,7.10,23.10,0.1640,6.10,589.0,82.0
27412,144.9,6.90,23.10,0.1594,6.27,589.0,82.0
27419,144.9,6.90,23.10,0.1594,6.27,589.0,82.0
27426,142.9,7.00,23.10,0.1617,6.19,589.0,82.0
27433,144.9,6.90,23.10,0.1594,6.27,589.0,82.0
27440,142.9,7.00,23.10,0.1617,6.19,589.0,82.0
27447,144.9,6.90,23.10,0.1594,6.27,589.0,82.0
27454,144.9,6.90,23.10,0.1594,6.27,589.0,82.0
27460,144.9,6.90,23.10,0.1594,6.27,589.0,82.0
27467,142.9,7.00,23.10,0.1617,6.19,589.0,82.0
27474,142.9,7.00,23.10,0.1617,6.19,589.0,82.0
27481,144.9,6.90,23.10,0.1594,6.27,589.0,82.0
27488,142.9,7.00,23.10,0.1617,6.19,589.0,82.0
27495,144.9,6.90,23.10,0.1594,6.27,589.0,82.0
27502,142.9,7.00,23.10,0.1617,6.19,589.0,82.0
27509,144.9,6.90,23.10,0.1594,6.27,589.0,82.0
27516,144.9,6.90,23.10,0.1594,6.27,589.0,82.0
27523,142.9,7.00,23.10,0.1617,6.19,589.0,82.0
27530,142.9,7.00,23.10,0.1617,6.19,589.0,82.0
27537,144.9,6.90,23.10,0.1594,6.27,589.0,82.0
27544,144.9,6.90,23.10,0.1594,6.27,589.0,82.0
27551,142.9,7.00,23.10,0.1617,6.19,589.0,82.0
27558,142.9,7.00,23.10,0.1617,6.19,589.0,82.0
27565,144.9,6.90,23.10,0.1594,6.27,589.0,82.0
27572,147.1,6.80,23.10,0.1571,6.37,589.0,82.0
27579,142.9,7.00,23.10,0.1617,6.19,589.0,82.0
27586,142.9,7.00,23.10,0.1617,6.19,589.0,82.0
27592,144.9,6.90,23.10,0.1594,6.27,589.0,82.0
27599,142.9,7.00,23.10,0.1617,6.19,589.0,82.0
27606,144.9,6.90,23.10,0.1594,6.27,589.0,82.0
27613,142.9,7.00,23.10,0.1617,6.19,589.0,82.0
27620,144.9,6.90,23.10,0.1594,6.27,589.0,82.0
27627,144.9,6.90,23.10,0.1594,6.27,589.0,82.0
27634,142.9,7.00,23.10,0.1617,6.19,589.0,82.0
27641,144.9,6.90,23.10,0.1594,6.27,589.0,82.0
27648,144.9,6.90,23.10,0.1594,6.27,589.0,82.0
27655,142.9,7.00,23.10,0.1617,6.19,589.0,82.0
27662,142.9,7.00,23.10,0.1617,6.19,589.0,82.0
27669,142.9,7.00,23.10,0.1617,6.19,589.0,82.0
27676,144.9,6.90,23.10,0.1594,6.27,589.0,82.0
27683,144.9,6.90,23.10,0.1594,6.27,589.0,82.0
27690,144.9,6.90,23.10,0.1594,6.27,589.0,82.0
27697,142.9,7.00,23.10,0.1617,6.19,589.0,82.0
27704,142.9,7.00,23.10,0.1617,6.19,589.0,82.0
27711,144.9,6.90,23.10,0.1594,6.27,589.0,82.0
27717,144.9,6.90,23.10,0.1594,6.27,589.0,82.0
27724,142.9,7.00,23.10,0.1617,6.19,589.0,82.0
27731,144.9,6.90,23.10,0.1594,6.27,589.0,82.0
27738,144.9,6.90,23.12,0.1595,6.27,589.0,82.0
27745,142.9,7.00,23.13,0.1619,6.18,589.0,82.0
27752,144.9,6.90,23.15,0.1597,6.26,589.0,82.0
27759,144.9,6.90,23.17,0.1599,6.25,589.0,82.0
27766,142.9,7.00,23.19,0.1623,6.16,589.0,82.0
27773,144.9,6.90,23.21,0.1601,6.24,589.0,82.0
27780,144.9,6.90,23.22,0.1602,6.24,589.0,82.0
27787,140.8,7.10,23.24,0.1650,6.06,589.0,82.0
27794,144.9,6.90,23.26,0.1605,6.23,589.0,82.0
27801,142.9,7.00,23.28,0.1629,6.14,589.0,82.0
27808,144.9,6.90,23.30,0.1607,6.22,589.0,82.0
27815,144.9,6.90,23.31,0.1609,6.22,589.0,82.0
27822,142.9,7.00,23.33,0.1633,6.12,589.0,82.0
27829,142.9,7.00,23.35,0.1634,6.12,589.0,82.0
27836,144.9,6.90,23.37,0.1612,6.20,589.0,82.0
27842,144.9,6.90,23.38,0.1613,6.20,589.0,82.0
27849,144.9,6.90,23.38,0.1613,6.20,589.0,82.0
27856,142.9,7.00,23.38,0.1637,6.11,589.0,82.0
27863,144.9,6.90,23.38,0.1613,6.20,589.0,82.0
27870,142.9,7.00,23.38,0.1637,6.11,589.0,82.0
27877,144.9,6.90,23.38,0.1613,6.20,589.0,82.0
27884,144.9,6.90,23.38,0.1613,6.20,589.0,82.0
27891,142.9,7.00,23.38,0.1637,6.11,589.0,82.0
27898,142.9,7.00,23.38,0.1637,6.11,589.0,82.0
27905,144.9,6.90,23.38,0.1613,6.20,589.0,82.0
27912,142.9,7.00,23.38,0.1637,6.11,589.0,82.0
27919,144.9,6.90,23.38,0.1613,6.20,589.0,82.0
27926,142.9,7.00,23.38,0.1637,6.11,589.0,82.0
27933,144.9,6.90,23.38,0.1613,6.20,589.0,82.0
27940,144.9,6.90,23.38,0.1613,6.20,589.0,82.0
27947,142.9,7.00,23.38,0.1637,6.11,589.0,82.0
27954,144.9,6.90,23.38,0.1613,6.20,589.0,82.0
27961,142.9,7.00,23.38,0.1637,6.11,589.0,82.0
27967,144.9,6.90,23.38,0.1613,6.20,589.0,82.0
27974,142.9,7.00,23.38,0.1637,6.11,589.0,82.0
27981,144.9,6.90,23.38,0.1613,6.20,589.0,82.0
27988,142.9,7.00,23.38,0.1637,6.11,589.0,82.0
27995,144.9,6.90,23.38,0.1613,6.20,589.0,82.0
28002,142.9,7.00,23.38,0.1637,6.11,589.0,82.0
28009,144.9,6.90,23.38,0.1613,6.20,589.0,82.0
28016,144.9,6.90,23.38,0.1613,6.20,589.0,82.0
28023,142.9,7.00,23.38,0.1637,6.11,589.0,82.0
28030,144.9,6.90,23.38,0.1613,6.20,589.0,82.0
28037,142.9,7.00,23.38,0.1637,6.11,589.0,82.0
28044,144.9,6.90,23.38,0.1613,6.20,589.0,82.0
28051,144.9,6.90,23.38,0.1613,6.20,589.0,82.0
28058,142.9,7.00,23.38,0.1637,6.11,589.0,82.0
28065,142.9,7.00,23.38,0.1637,6.11,589.0,82.0
28072,144.9,6.90,23.38,0.1613,6.20,589.0,82.0
28079,144.9,6.90,23.38,0.1613,6.20,589.0,82.0
28085,144.9,6.90,23.38,0.1613,6.20,589.0,82.0
28092,142.9,7.00,23.38,0.1637,6.11,589.0,82.0
28099,142.9,7.00,23.38,0.1637,6.11,589.0,82.0
28106,144.9,6.90,23.38,0.1613,6.20,589.0,82.0
28113,144.9,6.90,23.38,0.1613,6.20,589.0,82.0
28120,142.9,7.00,23.38,0.1637,6.11,589.0,82.0
28127,144.9,6.90,23.38,0.1613,6.20,589.0,82.0
28134,142.9,7.00,23.38,0.1637,6.11,589.0,82.0
28141,144.9,6.90,23.38,0.1613,6.20,589.0,82.0
28148,144.9,6.90,23.38,0.1613,6.20,589.0,82.0
28155,140.8,7.10,23.38,0.1660,6.02,589.0,82.0
28162,144.9,6.90,23.38,0.1613,6.20,589.0,82.0
28169,144.9,6.90,23.38,0.1613,6.20,589.0,82.0
28176,144.9,6.90,23.38,0.1613,6.20,589.0,82.0
28183,142.9,7.00,23.38,0.1637,6.11,589.0,82.0
28190,142.9,7.00,23.38,0.1637,6.11,589.0,82.0
28197,144.9,6.90,23.38,0.1613,6.20,589.0,82.0
28204,142.9,7.00,23.38,0.1637,6.11,589.0,82.0
28211,144.9,6.90,23.38,0.1613,6.20,589.0,82.0
28217,147.1,6.80,23.38,0.1590,6.29,589.0,82.0
28224,140.8,7.10,23.38,0.1660,6.02,589.0,82.0
28231,144.9,6.90,23.38,0.1613,6.20,589.0,82.0
28238,144.9,6.90,23.38,0.1613,6.20,589.0,82.0
28245,144.9,6.90,23.38,0.1613,6.20,589.0,82.0
28252,140.8,7.10,23.38,0.1660,6.02,589.0,82.0
28259,144.9,6.90,23.38,0.1613,6.20,589.0,82.0
28266,144.9,6.90,23.38,0.1613,6.20,589.0,82.0
28273,144.9,6.90,23.38,0.1613,6.20,589.0,82.0
28280,142.9,7.00,23.38,0.1637,6.11,589.0,82.0
28287,144.9,6.90,23.39,0.1614,6.19,589.0,82.0
28294,142.9,7.00,23.41,0.1638,6.11,589.0,82.0
28301,142.9,7.00,23.42,0.1639,6.10,589.0,82.0
28308,144.9,6.90,23.43,0.1617,6.18,589.0,82.0
28315,142.9,7.00,23.45,0.1641,6.09,589.0,82.0
28322,147.1,6.80,23.46,0.1595,6.27,589.0,82.0
28329,142.9,7.00,23.47,0.1643,6.09,589.0,82.0
28335,144.9,6.90,23.48,0.1620,6.17,589.0,82.0
28342,142.9,7.00,23.50,0.1645,6.08,589.0,82.0
28349,142.9,7.00,23.51,0.1646,6.08,589.0,82.0
28356,142.9,7.00,23.52,0.1647,6.07,589.0,82.0
28363,147.1,6.80,23.54,0.1601,6.25,589.0,82.0
28370,142.9,7.00,23.55,0.1649,6.07,589.0,82.0
28377,144.9,6.90,23.56,0.1626,6.15,589.0,82.0
28384,142.9,7.00,23.58,0.1650,6.06,589.0,82.0
28391,144.9,6.90,23.59,0.1628,6.14,589.0,82.0
28398,144.9,6.90,23.59,0.1628,6.14,589.0,82.0
28405,142.9,7.00,23.59,0.1651,6.06,589.0,82.0
28412,142.9,7.00,23.59,0.1651,6.06,589.0,82.0
28419,144.9,6.90,23.59,0.1628,6.14,589.0,82.0
28426,144.9,6.90,23.59,0.1628,6.14,589.0,82.0
28433,142.9,7.00,23.59,0.1651,6.06,589.0,82.0
28440,144.9,6.90,23.59,0.1628,6.14,589.0,82.0
28447,142.9,7.00,23.59,0.1651,6.06,589.0,82.0
28454,144.9,6.90,23.59,0.1628,6.14,589.0,82.0
28460,144.9,6.90,23.59,0.1628,6.14,589.0,82.0
28467,142.9,7.00,23.59,0.1651,6.06,589.0,82.0
28474,144.9,6.90,23.59,0.1628,6.14,589.0,82.0
28481,142.9,7.00,23.59,0.1651,6.06,589.0,82.0
28488,144.9,6.90,23.59,0.1628,6.14,589.0,82.0
28495,144.9,6.90,23.59,0.1628,6.14,589.0,82.0
28502,142.9,7.00,23.59,0.1651,6.06,589.0,82.0
28509,142.9,7.00,23.59,0.1651,6.06,589.0,82.0
28516,144.9,6.90,23.59,0.1628,6.14,589.0,82.0
28523,142.9,7.00,23.59,0.1651,6.06,589.0,82.0
28530,142.9,7.00,23.59,0.1651,6.06,589.0,82.0
28537,144.9,6.90,23.59,0.1628,6.14,589.0,82.0
28544,144.9,6.90,23.59,0.1628,6.14,589.0,82.0
28551,144.9,6.90,23.59,0.1628,6.14,589.0,82.0
28558,142.9,7.00,23.59,0.1651,6.06,589.0,82.0
28565,144.9,6.90,23.59,0.1628,6.14,589.0,82.0
28572,142.9,7.00,23.59,0.1651,6.06,589.0,82.0
28579,144.9,6.90,23.59,0.1628,6.14,589.0,82.0
28586,142.9,7.00,23.59,0.1651,6.06,589.0,82.0
28592,144.9,6.90,23.59,0.1628,6.14,589.0,82.0
28599,144.9,6.90,23.59,0.1628,6.14,589.0,82.0
28606,142.9,7.00,23.59,0.1651,6.06,589.0,82.0
28613,142.9,7.00,23.59,0.1651,6.06,589.0,82.0
28620,144.9,6.90,23.59,0.1628,6.14,589.0,82.0
28627,144.9,6.90,23.59,0.1628,6.14,589.0,82.0
28634,144.9,6.90,23.59,0.1628,6.14,589.0,82.0
28641,140.8,7.10,23.59,0.1675,5.97,589.0,82.0
28648,147.1,6.80,23.59,0.1604,6.24,589.0,82.0
28655,142.9,7.00,23.59,0.1651,6.06,589.0,82.0
28662,144.9,6.90,23.59,0.1628,6.14,589.0,82.0
28669,142.9,7.00,23.59,0.1651,6.06,589.0,82.0
28676,142.9,7.00,23.59,0.1651,6.06,589.0,82.0
28683,144.9,6.90,23.59,0.1628,6.14,589.0,82.0
28690,142.9,7.00,23.59,0.1651,6.06,589.0,82.0
28697,144.9,6.90,23.59,0.1628,6.14,589.0,82.0
28704,144.9,6.90,23.59,0.1628,6.14,589.0,82.0
28710,144.9,6.90,23.59,0.1628,6.14,589.0,82.0
28717,142.9,7.00,23.59,0.1651,6.06,589.0,82.0
28724,144.9,6.90,23.60,0.1628,6.14,589.0,82.0
28731,142.9,7.00,23.60,0.1652,6.05,589.0,82.0
28738,144.9,6.90,23.61,0.1629,6.14,589.0,82.0
28745,142.9,7.00,23.61,0.1653,6.05,589.0,82.0
28752,142.9,7.00,23.62,0.1653,6.05,589.0,82.0
28759,147.1,6.80,23.62,0.1606,6.23,589.0,82.0
28766,142.9,7.00,23.63,0.1654,6.05,589.0,82.0
28773,144.9,6.90,23.63,0.1631,6.13,589.0,82.0
28780,142.9,7.00,23.64,0.1655,6.05,589.0,82.0
28787,144.9,6.90,23.64,0.1631,6.13,589.0,82.0
28794,142.9,7.00,23.65,0.1655,6.04,589.0,82.0
28801,144.9,6.90,23.65,0.1632,6.13,589.0,82.0
28808,142.9,7.00,23.66,0.1656,6.04,589.0,82.0
28815,142.9,7.00,23.66,0.1656,6.04,589.0,82.0
28822,144.9,6.90,23.67,0.1633,6.12,589.0,82.0
28829,144.9,6.90,23.67,0.1633,6.12,589.0,82.0
28836,142.9,7.00,23.67,0.1657,6.04,589.0,82.0
28842,144.9,6.90,23.67,0.1633,6.12,589.0,82.0
28849,142.9,7.00,23.67,0.1657,6.04,589.0,82.0
28856,144.9,6.90,23.67,0.1633,6.12,589.0,82.0
28863,147.1,6.80,23.67,0.1610,6.21,589.0,82.0
28870,140.8,7.10,23.67,0.1681,5.95,589.0,82.0
28877,144.9,6.90,23.67,0.1633,6.12,589.0,82.0
28884,142.9,7.00,23.67,0.1657,6.04,589.0,82.0
28891,144.9,6.90,23.67,0.1633,6.12,589.0,82.0
28898,142.9,7.00,23.67,0.1657,6.04,589.0,82.0
28905,144.9,6.90,23.67,0.1633,6.12,589.0,82.0
28912,144.9,6.90,23.67,0.1633,6.12,589.0,82.0
28919,142.9,7.00,23.67,0.1657,6.04,589.0,82.0
28926,144.9,6.90,23.67,0.1633,6.12,589.0,82.0
28933,144.9,6.90,23.67,0.1633,6.12,589.0,82.0
28940,142.9,7.00,23.67,0.1657,6.04,589.0,82.0
28947,144.9,6.90,23.67,0.1633,6.12,589.0,82.0
28954,142.9,7.00,23.67,0.1657,6.04,589.0,82.0
28961,142.9,7.00,23.67,0.1657,6.04,589.0,82.0
28967,144.9,6.90,23.67,0.1633,6.12,589.0,82.0
28974,144.9,6.90,23.67,0.1633,6.12,589.0,82.0
28981,142.9,7.00,23.67,0.1657,6.04,589.0,82.0
28988,142.9,7.00,23.67,0.1657,6.04,589.0,82.0
28995,144.9,6.90,23.67,0.1633,6.12,589.0,82.0
29002,144.9,6.90,23.67,0.1633,6.12,589.0,82.0
29009,142.9,7.00,23.67,0.1657,6.04,589.0,82.0
29016,144.9,6.90,23.67,0.1633,6.12,589.0,82.0
29023,144.9,6.90,23.67,0.1633,6.12,589.0,82.0
29030,142.9,7.00,23.67,0.1657,6.04,589.0,82.0
29037,142.9,7.00,23.67,0.1657,6.04,589.0,82.0
29044,144.9,6.90,23.67,0.1633,6.12,589.0,82.0
29051,142.9,7.00,23.67,0.1657,6.04,589.0,82.0
29058,147.1,6.80,23.67,0.1610,6.21,589.0,82.0
29065,142.9,7.00,23.67,0.1657,6.04,589.0,82.0
29072,144.9,6.90,23.67,0.1633,6.12,589.0,82.0
29079,142.9,7.00,23.67,0.1657,6.04,589.0,82.0
29086,142.9,7.00,23.67,0.1657,6.04,589.0,82.0
29092,144.9,6.90,23.67,0.1633,6.12,589.0,82.0
29099,144.9,6.90,23.67,0.1633,6.12,589.0,82.0
29106,142.9,7.00,23.67,0.1657,6.04,589.0,82.0
29113,144.9,6.90,23.67,0.1633,6.12,589.0,82.0
29120,142.9,7.00,23.67,0.1657,6.04,589.0,82.0
29127,144.9,6.90,23.67,0.1633,6.12,589.0,82.0
29134,142.9,7.00,23.67,0.1657,6.04,589.0,82.0
29141,144.9,6.90,23.67,0.1633,6.12,589.0,82.0
29148,144.9,6.90,23.67,0.1633,6.12,589.0,82.0
29155,142.9,7.00,23.67,0.1657,6.04,589.0,82.0
29162,142.9,7.00,23.67,0.1657,6.04,589.0,82.0
29169,144.9,6.90,23.67,0.1633,6.12,589.0,82.0
29176,144.9,6.90,23.67,0.1633,6.12,589.0,82.0
29183,142.9,7.00,23.67,0.1657,6.04,589.0,82.0
29190,144.9,6.90,23.67,0.1633,6.12,589.0,82.0
29197,142.9,7.00,23.67,0.1657,6.04,589.0,82.0
29204,144.9,6.90,23.67,0.1633,6.12,589.0,82.0
29211,142.9,7.00,23.67,0.1657,6.04,589.0,82.0
29217,144.9,6.90,23.67,0.1633,6.12,589.0,82.0
29224,144.9,6.90,23.67,0.1633,6.12,589.0,82.0
29231,144.9,6.90,23.67,0.1633,6.12,589.0,82.0
29238,140.8,7.10,23.67,0.1681,5.95,589.0,82.0
29245,147.1,6.80,23.67,0.1610,6.21,589.0,82.0
29252,142.9,7.00,23.67,0.1657,6.04,589.0,82.0
29259,142.9,7.00,23.67,0.1657,6.04,589.0,82.0
29266,144.9,6.90,23.67,0.1633,6.12,589.0,82.0
29273,144.9,6.90,23.67,0.1633,6.12,589.0,82.0
29280,142.9,7.00,23.67,0.1657,6.04,589.0,82.0
29287,144.9,6.90,23.67,0.1634,6.12,589.0,82.0
29294,142.9,7.00,23.68,0.1657,6.04,589.0,82.0
29301,142.9,7.00,23.68,0.1657,6.04,589.0,82.0
29308,147.1,6.80,23.68,0.1610,6.21,589.0,82.0
29315,142.9,7.00,23.68,0.1658,6.03,589.0,82.0
29322,144.9,6.90,23.68,0.1634,6.12,589.0,82.0
29329,142.9,7.00,23.68,0.1658,6.03,589.0,82.0
29335,144.9,6.90,23.68,0.1634,6.12,589.0,82.0
29342,142.9,7.00,23.68,0.1658,6.03,589.0,82.0
29349,142.9,7.00,23.69,0.1658,6.03,589.0,82.0
29356,147.1,6.80,23.69,0.1611,6.21,589.0,82.0
29363,142.9,7.00,23.69,0.1658,6.03,589.0,82.0
29370,142.9,7.00,23.69,0.1658,6.03,589.0,82.0
29377,144.9,6.90,23.69,0.1635,6.12,589.0,82.0
29384,142.9,7.00,23.69,0.1658,6.03,589.0,82.0
29391,144.9,6.90,23.69,0.1635,6.12,589.0,82.0
29398,142.9,7.00,23.69,0.1658,6.03,589.0,82.0
29405,144.9,6.90,23.69,0.1635,6.12,589.0,82.0
29412,144.9,6.90,23.69,0.1635,6.12,589.0,82.0
29419,142.9,7.00,23.69,0.1658,6.03,589.0,82.0
29426,144.9,6.90,23.69,0.1635,6.12,589.0,82.0
29433,142.9,7.00,23.69,0.1658,6.03,589.0,82.0
29440,144.9,6.90,23.69,0.1635,6.12,589.0,82.0
29447,142.9,7.00,23.69,0.1658,6.03,589.0,82.0
29454,144.9,6.90,23.69,0.1635,6.12,589.0,82.0
29461,142.9,7.00,23.69,0.1658,6.03,589.0,82.0
29467,144.9,6.90,23.69,0.1635,6.12,589.0,82.0
29474,144.9,6.90,23.69,0.1635,6.12,589.0,82.0
29481,142.9,7.00,23.69,0.1658,6.03,589.0,82.0
29488,144.9,6.90,23.69,0.1635,6.12,589.0,82.0
29495,144.9,6.90,23.69,0.1635,6.12,589.0,82.0
29502,142.9,7.00,23.69,0.1658,6.03,589.0,82.0
29509,144.9,6.90,23.69,0.1635,6.12,589.0,82.0
29516,142.9,7.00,23.69,0.1658,6.03,589.0,82.0
29523,142.9,7.00,23.69,0.1658,6.03,589.0,82.0
29530,144.9,6.90,23.69,0.1635,6.12,589.0,82.0
29537,142.9,7.00,23.69,0.1658,6.03,589.0,82.0
29544,147.1,6.80,23.69,0.1611,6.21,589.0,82.0
29551,142.9,7.00,23.69,0.1658,6.03,589.0,82.0
29558,142.9,7.00,23.69,0.1658,6.03,589.0,82.0
29565,144.9,6.90,23.69,0.1635,6.12,589.0,82.0
29572,142.9,7.00,23.69,0.1658,6.03,589.0,82.0
29579,144.9,6.90,23.69,0.1635,6.12,589.0,82.0
29586,142.9,7.00,23.69,0.1658,6.03,589.0,82.0
29592,144.9,6.90,23.69,0.1635,6.12,589.0,82.0
29599,144.9,6.90,23.69,0.1635,6.12,589.0,82.0
29606,142.9,7.00,23.69,0.1658,6.03,589.0,82.0
29613,144.9,6.90,23.69,0.1635,6.12,589.0,82.0
29620,144.9,6.90,23.69,0.1635,6.12,589.0,82.0
29627,142.9,7.00,23.69,0.1658,6.03,589.0,82.0
29634,144.9,6.90,23.69,0.1635,6.12,589.0,82.0
29641,142.9,7.00,23.69,0.1658,6.03,589.0,82.0
29648,144.9,6.90,23.69,0.1635,6.12,589.0,82.0
29655,144.9,6.90,23.69,0.1635,6.12,589.0,82.0
29662,140.8,7.10,23.69,0.1682,5.94,589.0,82.0
29669,144.9,6.90,23.69,0.1635,6.12,589.0,82.0
29676,142.9,7.00,23.69,0.1658,6.03,589.0,82.0
29683,144.9,6.90,23.69,0.1635,6.12,589.0,82.0
29690,144.9,6.90,23.69,0.1635,6.12,589.0,82.0
29697,144.9,6.90,23.69,0.1635,6.12,589.0,82.0
29703,144.9,6.90,23.68,0.1634,6.12,589.0,82.0
29711,140.8,7.10,23.67,0.1681,5.95,589.0,82.0
29717,144.9,6.90,23.67,0.1633,6.12,589.0,82.0
29724,142.9,7.00,23.66,0.1656,6.04,589.0,82.0
29731,144.9,6.90,23.65,0.1632,6.13,589.0,82.0
29738,144.9,6.90,23.65,0.1632,6.13,589.0,82.0
29745,144.9,6.90,23.64,0.1631,6.13,589.0,82.0
29752,142.9,7.00,23.63,0.1654,6.05,589.0,82.0
29759,142.9,7.00,23.62,0.1654,6.05,589.0,82.0
29766,144.9,6.90,23.61,0.1629,6.14,589.0,82.0
29773,144.9,6.90,23.61,0.1629,6.14,589.0,82.0
29780,142.9,7.00,23.60,0.1652,6.06,589.0,82.0
29787,142.9,7.00,23.59,0.1651,6.06,589.0,82.0
29794,144.9,6.90,23.58,0.1627,6.14,589.0,82.0
29801,144.9,6.90,23.58,0.1627,6.15,589.0,82.0
29808,144.9,6.90,23.57,0.1626,6.15,589.0,82.0
29815,142.9,7.00,23.57,0.1650,6.06,589.0,82.0
29822,142.9,7.00,23.57,0.1650,6.06,589.0,82.0
29829,144.9,6.90,23.57,0.1626,6.15,589.0,82.0
29835,144.9,6.90,23.57,0.1626,6.15,589.0,82.0
29842,144.9,6.90,23.57,0.1626,6.15,589.0,82.0
29849,142.9,7.00,23.57,0.1650,6.06,589.0,82.0
29856,144.9,6.90,23.57,0.1626,6.15,589.0,82.0
29863,142.9,7.00,23.57,0.1650,6.06,589.0,82.0
29870,144.9,6.90,23.57,0.1626,6.15,589.0,82.0
29877,142.9,7.00,23.57,0.1650,6.06,589.0,82.0
29884,144.9,6.90,23.57,0.1626,6.15,589.0,82.0
29891,142.9,7.00,23.57,0.1650,6.06,589.0,82.0
29898,142.9,7.00,23.57,0.1650,6.06,589.0,82.0
29905,144.9,6.90,23.57,0.1626,6.15,589.0,82.0
29912,144.9,6.90,23.57,0.1626,6.15,589.0,82.0
29919,142.9,7.00,23.57,0.1650,6.06,589.0,82.0
29926,144.9,6.90,23.57,0.1626,6.15,589.0,82.0
29933,142.9,7.00,23.57,0.1650,6.06,589.0,82.0
29940,144.9,6.90,23.57,0.1626,6.15,589.0,82.0
29947,144.9,6.90,23.57,0.1626,6.15,589.0,82.0
29954,142.9,7.00,23.57,0.1650,6.06,589.0,82.0
29961,142.9,7.00,23.57,0.1650,6.06,589.0,82.0
29967,147.1,6.80,23.57,0.1603,6.24,589.0,82.0
29974,142.9,7.00,23.57,0.1650,6.06,589.0,82.0
29981,144.9,6.90,23.57,0.1626,6.15,589.0,82.0
29988,142.9,7.00,23.57,0.1650,6.06,589.0,82.0
29995,144.9,6.90,23.57,0.1626,6.15,589.0,82.0
30002,142.9,7.00,23.57,0.1650,6.06,589.0,82.0
30009,144.9,6.90,23.57,0.1626,6.15,589.0,82.0
30016,142.9,7.00,23.57,0.1650,6.06,589.0,82.0
30023,144.9,6.90,23.57,0.1626,6.15,589.0,82.0
30030,142.9,7.00,23.57,0.1650,6.06,589.0,82.0
30037,144.9,6.90,23.57,0.1626,6.15,589.0,82.0
30044,142.9,7.00,23.57,0.1650,6.06,589.0,82.0
30051,144.9,6.90,23.57,0.1626,6.15,589.0,82.0
30058,142.9,7.00,23.57,0.1650,6.06,589.0,82.0
30065,144.9,6.90,23.57,0.1626,6.15,589.0,82.0
30072,142.9,7.00,23.57,0.1650,6.06,589.0,82.0
30079,144.9,6.90,23.57,0.1626,6.15,589.0,82.0
30086,142.9,7.00,23.57,0.1650,6.06,589.0,82.0
30092,144.9,6.90,23.57,0.1626,6.15,589.0,82.0
30099,144.9,6.90,23.57,0.1626,6.15,589.0,82.0
30106,144.9,6.90,23.57,0.1626,6.15,589.0,82.0
30113,142.9,7.00,23.57,0.1650,6.06,589.0,82.0
30120,144.9,6.90,23.57,0.1626,6.15,589.0,82.0
30127,144.9,6.90,23.57,0.1626,6.15,589.0,82.0
30134,140.8,7.10,23.57,0.1673,5.97,589.0,82.0
30141,144.9,6.90,23.57,0.1626,6.15,589.0,82.0
30148,144.9,6.90,23.57,0.1626,6.15,589.0,82.0
30155,142.9,7.00,23.57,0.1650,6.06,589.0,82.0
30162,142.9,7.00,23.57,0.1650,6.06,589.0,82.0
30169,144.9,6.90,23.57,0.1626,6.15,589.0,82.0
30176,144.9,6.90,23.57,0.1626,6.15,589.0,82.0
30183,144.9,6.90,23.57,0.1626,6.15,589.0,82.0
30190,142.9,7.00,23.57,0.1650,6.06,589.0,82.0
30197,144.9,6.90,23.57,0.1626,6.15,589.0,82.0
30204,142.9,7.00,23.57,0.1650,6.06,589.0,82.0
30211,142.9,7.00,23.57,0.1650,6.06,589.0,82.0
30217,147.1,6.80,23.57,0.1603,6.24,589.0,82.0
30224,142.9,7.00,23.57,0.1650,6.06,589.0,82.0
30231,142.9,7.00,23.57,0.1650,6.06,589.0,82.0
30238,144.9,6.90,23.57,0.1626,6.15,589.0,82.0
30245,142.9,7.00,23.57,0.1650,6.06,589.0,82.0
30252,144.9,6.90,23.56,0.1625,6.15,589.0,82.0
30259,142.9,7.00,23.54,0.1648,6.07,589.0,82.0
30266,144.9,6.90,23.53,0.1624,6.16,589.0,82.0
30273,147.1,6.80,23.52,0.1599,6.26,589.0,82.0
30280,142.9,7.00,23.50,0.1645,6.08,589.0,82.0
30287,142.9,7.00,23.49,0.1644,6.08,589.0,82.0
30294,142.9,7.00,23.48,0.1643,6.09,589.0,82.0
30301,144.9,6.90,23.46,0.1619,6.18,589.0,82.0
30308,144.9,6.90,23.45,0.1618,6.18,589.0,82.0
30315,142.9,7.00,23.44,0.1641,6.10,589.0,82.0
30322,144.9,6.90,23.42,0.1616,6.19,589.0,82.0
30329,142.9,7.00,23.41,0.1639,6.10,589.0,82.0
30335,144.9,6.90,23.40,0.1615,6.19,589.0,82.0
30342,142.9,7.00,23.39,0.1637,6.11,589.0,82.0
30349,144.9,6.90,23.37,0.1613,6.20,589.0,82.0
30356,142.9,7.00,23.36,0.1635,6.12,589.0,82.0
30363,144.9,6.90,23.36,0.1612,6.20,589.0,82.0
30370,142.9,7.00,23.36,0.1635,6.12,589.0,82.0
30377,144.9,6.90,23.36,0.1612,6.20,589.0,82.0
30384,144.9,6.90,23.36,0.1612,6.20,589.0,82.0
30391,142.9,7.00,23.36,0.1635,6.12,589.0,82.0
30398,144.9,6.90,23.36,0.1612,6.20,589.0,82.0
30405,144.9,6.90,23.36,0.1612,6.20,589.0,82.0
30412,142.9,7.00,23.36,0.1635,6.12,589.0,82.0
30419,142.9,7.00,23.36,0.1635,6.12,589.0,82.0
30426,147.1,6.80,23.36,0.1588,6.30,589.0,82.0
30433,142.9,7.00,23.36,0.1635,6.12,589.0,82.0
30440,142.9,7.00,23.36,0.1635,6.12,589.0,82.0
30447,144.9,6.90,23.36,0.1612,6.20,589.0,82.0
30454,142.9,7.00,23.36,0.1635,6.12,589.0,82.0
30460,144.9,6.90,23.36,0.1612,6.20,589.0,82.0
30467,142.9,7.00,23.36,0.1635,6.12,589.0,82.0
30474,144.9,6.90,23.36,0.1612,6.20,589.0,82.0
30481,144.9,6.90,23.36,0.1612,6.20,589.0,82.0
30488,142.9,7.00,23.36,0.1635,6.12,589.0,82.0
30495,142.9,7.00,23.36,0.1635,6.12,589.0,82.0
30502,144.9,6.90,23.36,0.1612,6.20,589.0,82.0
30509,142.9,7.00,23.36,0.1635,6.12,589.0,82.0
30516,144.9,6.90,23.36,0.1612,6.20,589.0,82.0
30523,144.9,6.90,23.36,0.1612,6.20,589.0,82.0
30530,142.9,7.00,23.36,0.1635,6.12,589.0,82.0
30537,144.9,6.90,23.36,0.1612,6.20,589.0,82.0
30544,144.9,6.90,23.36,0.1612,6.20,589.0,82.0
30551,142.9,7.00,23.36,0.1635,6.12,589.0,82.0
30558,144.9,6.90,23.36,0.1612,6.20,589.0,82.0
30565,142.9,7.00,23.36,0.1635,6.12,589.0,82.0
30571,147.1,6.80,23.36,0.1588,6.30,589.0,82.0
30579,140.8,7.10,23.36,0.1659,6.03,589.0,82.0
30585,144.9,6.90,23.36,0.1612,6.20,589.0,82.0
30592,144.9,6.90,23.36,0.1612,6.20,589.0,82.0
30599,142.9,7.00,23.36,0.1635,6.12,589.0,82.0
30606,142.9,7.00,23.36,0.1635,6.12,589.0,82.0
30613,144.9,6.90,23.36,0.1612,6.20,589.0,82.0
30620,144.9,6.90,23.36,0.1612,6.20,589.0,82.0
30627,142.9,7.00,23.36,0.1635,6.12,589.0,82.0
30634,144.9,6.90,23.36,0.1612,6.20,589.0,82.0
30641,142.9,7.00,23.36,0.1635,6.12,589.0,82.0
30648,144.9,6.90,23.36,0.1612,6.20,589.0,82.0
30655,142.9,7.00,23.36,0.1635,6.12,589.0,82.0
30662,144.9,6.90,23.36,0.1612,6.20,589.0,82.0
30669,142.9,7.00,23.36,0.1635,6.12,589.0,82.0
30676,147.1,6.80,23.36,0.1588,6.30,589.0,82.0
30683,142.9,7.00,23.36,0.1635,6.12,589.0,82.0
30690,142.9,7.00,23.36,0.1635,6.12,589.0,82.0
30697,144.9,6.90,23.35,0.1611,6.20,589.0,82.0
30704,142.9,7.00,23.35,0.1635,6.12,589.0,82.0
30710,147.1,6.80,23.35,0.1588,6.30,589.0,82.0
30717,140.8,7.10,23.34,0.1657,6.03,589.0,82.0
30724,144.9,6.90,23.34,0.1610,6.21,589.0,82.0
30731,142.9,7.00,23.34,0.1633,6.12,589.0,82.0
30738,144.9,6.90,23.33,0.1610,6.21,589.0,82.0
30745,144.9,6.90,23.33,0.1610,6.21,589.0,82.0
30752,142.9,7.00,23.32,0.1633,6.13,589.0,82.0
30759,144.9,6.90,23.32,0.1609,6.21,589.0,82.0
30766,142.9,7.00,23.32,0.1632,6.13,589.0,82.0
30773,144.9,6.90,23.31,0.1609,6.22,589.0,82.0
30780,142.9,7.00,23.31,0.1632,6.13,589.0,82.0
30787,144.9,6.90,23.30,0.1608,6.22,589.0,82.0
30794,144.9,6.90,23.30,0.1608,6.22,589.0,82.0
30801,142.9,7.00,23.30,0.1631,6.13,589.0,82.0
30808,142.9,7.00,23.30,0.1631,6.13,589.0,82.0
30815,147.1,6.80,23.30,0.1584,6.31,589.0,82.0
30822,142.9,7.00,23.30,0.1631,6.13,589.0,82.0
30828,144.9,6.90,23.30,0.1608,6.22,589.0,82.0
30835,142.9,7.00,23.30,0.1631,6.13,589.0,82.0
30842,144.9,6.90,23.30,0.1608,6.22,589.0,82.0
30849,142.9,7.00,23.30,0.1631,6.13,589.0,82.0
30856,142.9,7.00,23.30,0.1631,6.13,589.0,82.0
30863,144.9,6.90,23.30,0.1608,6.22,589.0,82.0
30870,144.9,6.90,23.30,0.1608,6.22,589.0,82.0
30877,142.9,7.00,23.30,0.1631,6.13,589.0,82.0
30884,144.9,6.90,23.30,0.1608,6.22,589.0,82.0
30891,144.9,6.90,23.30,0.1608,6.22,589.0,82.0
30898,142.9,7.00,23.30,0.1631,6.13,589.0,82.0
30905,144.9,6.90,23.30,0.1608,6.22,589.0,82.0
30912,142.9,7.00,23.30,0.1631,6.13,589.0,82.0
30919,142.9,7.00,23.30,0.1631,6.13,589.0,82.0
30926,144.9,6.90,23.30,0.1608,6.22,589.0,82.0
30933,144.9,6.90,23.30,0.1608,6.22,589.0,82.0
30940,142.9,7.00,23.30,0.1631,6.13,589.0,82.0
30947,142.9,7.00,23.30,0.1631,6.13,589.0,82.0
30954,144.9,6.90,23.30,0.1608,6.22,589.0,82.0
30960,144.9,6.90,23.30,0.1608,6.22,589.0,82.0
30967,144.9,6.90,23.30,0.1608,6.22,589.0,82.0
30974,142.9,7.00,23.30,0.1631,6.13,589.0,82.0
30981,144.9,6.90,23.30,0.1608,6.22,589.0,82.0
30988,142.9,7.00,23.30,0.1631,6.13,589.0,82.0
30995,144.9,6.90,23.30,0.1608,6.22,589.0,82.0
31002,142.9,7.00,23.30,0.1631,6.13,589.0,82.0
31009,144.9,6.90,23.30,0.1608,6.22,589.0,82.0
31016,142.9,7.00,23.30,0.1631,6.13,589.0,82.0
31023,144.9,6.90,23.30,0.1608,6.22,589.0,82.0
31030,142.9,7.00,23.30,0.1631,6.13,589.0,82.0
31037,144.9,6.90,23.30,0.1608,6.22,589.0,82.0
31044,144.9,6.90,23.30,0.1608,6.22,589.0,82.0
31051,142.9,7.00,23.30,0.1631,6.13,589.0,82.0
31058,144.9,6.90,23.30,0.1608,6.22,589.0,82.0
31065,144.9,6.90,23.30,0.1608,6.22,589.0,82.0
31072,140.8,7.10,23.30,0.1654,6.04,589.0,82.0
31078,147.1,6.80,23.30,0.1584,6.31,589.0,82.0
31085,144.9,6.90,23.30,0.1608,6.22,589.0,82.0
31092,142.9,7.00,23.30,0.1631,6.13,589.0,82.0
31099,142.9,7.00,23.30,0.1631,6.13,589.0,82.0
31106,144.9,6.90,23.30,0.1608,6.22,589.0,82.0
31113,142.9,7.00,23.30,0.1631,6.13,589.0,82.0
31120,144.9,6.90,23.30,0.1608,6.22,589.0,82.0
31127,142.9,7.00,23.30,0.1631,6.13,589.0,82.0
31134,142.9,7.00,23.30,0.1631,6.13,589.0,82.0
31141,147.1,6.80,23.30,0.1584,6.31,589.0,82.0
31148,142.9,7.00,23.30,0.1631,6.13,589.0,82.0
31155,144.9,6.90,23.30,0.1608,6.22,589.0,82.0
31162,142.9,7.00,23.30,0.1631,6.13,589.0,82.0
31169,142.9,7.00,23.30,0.1631,6.13,589.0,82.0
31176,144.9,6.90,23.30,0.1608,6.22,589.0,82.0
31183,144.9,6.90,23.30,0.1608,6.22,589.0,82.0
31190,144.9,6.90,23.30,0.1608,6.22,589.0,82.0
31197,142.9,7.00,23.30,0.1631,6.13,589.0,82.0
31203,144.9,6.90,23.30,0.1608,6.22,589.0,82.0
31210,142.9,7.00,23.30,0.1631,6.13,589.0,82.0
31217,142.9,7.00,23.30,0.1631,6.13,589.0,82.0
31224,144.9,6.90,23.30,0.1608,6.22,589.0,82.0
31231,142.9,7.00,23.30,0.1631,6.13,589.0,82.0
31238,144.9,6.90,23.30,0.1608,6.22,589.0,82.0
31245,144.9,6.90,23.30,0.1607,6.22,589.0,82.0
31252,142.9,7.00,23.29,0.1631,6.13,589.0,82.0
31259,144.9,6.90,23.29,0.1607,6.22,589.0,82.0
31266,142.9,7.00,23.29,0.1630,6.14,589.0,82.0
31273,144.9,6.90,23.29,0.1607,6.22,589.0,82.0
31280,142.9,7.00,23.28,0.1630,6.14,589.0,82.0
31287,144.9,6.90,23.28,0.1606,6.22,589.0,82.0
31294,144.9,6.90,23.28,0.1606,6.22,589.0,82.0
31301,142.9,7.00,23.28,0.1629,6.14,589.0,82.0
31308,142.9,7.00,23.27,0.1629,6.14,589.0,82.0
31315,144.9,6.90,23.27,0.1606,6.23,589.0,82.0
31322,142.9,7.00,23.27,0.1629,6.14,589.0,82.0
31329,144.9,6.90,23.27,0.1605,6.23,589.0,82.0
31335,144.9,6.90,23.26,0.1605,6.23,589.0,82.0
31342,142.9,7.00,23.26,0.1628,6.14,589.0,82.0
31349,144.9,6.90,23.26,0.1605,6.23,589.0,82.0
31356,144.9,6.90,23.26,0.1605,6.23,589.0,82.0
31363,142.9,7.00,23.26,0.1628,6.14,589.0,82.0
31370,144.9,6.90,23.26,0.1605,6.23,589.0,82.0
31377,142.9,7.00,23.26,0.1628,6.14,589.0,82.0
31384,144.9,6.90,23.26,0.1605,6.23,589.0,82.0
31391,144.9,6.90,23.26,0.1605,6.23,589.0,82.0
31398,142.9,7.00,23.26,0.1628,6.14,589.0,82.0
31405,144.9,6.90,23.26,0.1605,6.23,589.0,82.0
31412,142.9,7.00,23.26,0.1628,6.14,589.0,82.0
31419,144.9,6.90,23.26,0.1605,6.23,589.0,82.0
31426,144.9,6.90,23.26,0.1605,6.23,589.0,82.0
31433,142.9,7.00,23.26,0.1628,6.14,589.0,82.0
31440,142.9,7.00,23.26,0.1628,6.14,589.0,82.0
31447,144.9,6.90,23.26,0.1605,6.23,589.0,82.0
31453,144.9,6.90,23.26,0.1605,6.23,589.0,82.0
31460,142.9,7.00,23.26,0.1628,6.14,589.0,82.0
31467,142.9,7.00,23.26,0.1628,6.14,589.0,82.0
31474,144.9,6.90,23.26,0.1605,6.23,589.0,82.0
31481,142.9,7.00,23.26,0.1628,6.14,589.0,82.0
31488,144.9,6.90,23.26,0.1605,6.23,589.0,82.0
31495,142.9,7.00,23.26,0.1628,6.14,589.0,82.0
31502,144.9,6.90,23.26,0.1605,6.23,589.0,82.0
31509,144.9,6.90,23.26,0.1605,6.23,589.0,82.0
31516,142.9,7.00,23.26,0.1628,6.14,589.0,82.0
31523,144.9,6.90,23.26,0.1605,6.23,589.0,82.0
31530,144.9,6.90,23.26,0.1605,6.23,589.0,82.0
31537,142.9,7.00,23.26,0.1628,6.14,589.0,82.0
31544,144.9,6.90,23.26,0.1605,6.23,589.0,82.0
31551,142.9,7.00,23.26,0.1628,6.14,589.0,82.0
31558,144.9,6.90,23.26,0.1605,6.23,589.0,82.0
31565,144.9,6.90,23.26,0.1605,6.23,589.0,82.0
31572,142.9,7.00,23.26,0.1628,6.14,589.0,82.0
31579,142.9,7.00,23.26,0.1628,6.14,589.0,82.0
31585,144.9,6.90,23.26,0.1605,6.23,589.0,82.0
31592,142.9,7.00,23.26,0.1628,6.14,589.0,82.0
31599,144.9,6.90,23.26,0.1605,6.23,589.0,82.0
31606,142.9,7.00,23.26,0.1628,6.14,589.0,82.0
31613,144.9,6.90,23.26,0.1605,6.23,589.0,82.0
31620,142.9,7.00,23.26,0.1628,6.14,589.0,82.0
31627,147.1,6.80,23.26,0.1582,6.32,589.0,82.0
31634,140.8,7.10,23.26,0.1651,6.05,589.0,82.0
31641,144.9,6.90,23.26,0.1605,6.23,589.0,82.0
31648,144.9,6.90,23.26,0.1605,6.23,589.0,82.0
31655,144.9,6.90,23.26,0.1605,6.23,589.0,82.0
31662,144.9,6.90,23.26,0.1605,6.23,589.0,82.0
31669,142.9,7.00,23.26,0.1628,6.14,589.0,82.0
31676,142.9,7.00,23.26,0.1628,6.14,589.0,82.0
31683,144.9,6.90,23.26,0.1605,6.23,589.0,82.0
31690,142.9,7.00,23.26,0.1628,6.14,589.0,82.0
31697,144.9,6.90,23.26,0.1605,6.23,589.0,82.0
31704,142.9,7.00,23.26,0.1628,6.14,589.0,82.0
31710,144.9,6.90,23.26,0.1605,6.23,589.0,82.0
31717,144.9,6.90,23.26,0.1605,6.23,589.0,82.0
31724,142.9,7.00,23.26,0.1628,6.14,589.0,82.0
31731,142.9,7.00,23.26,0.1628,6.14,589.0,82.0
31738,147.1,6.80,23.26,0.1582,6.32,589.0,82.0
31745,142.9,7.00,23.26,0.1628,6.14,589.0,82.0
31752,144.9,6.90,23.26,0.1605,6.23,589.0,82.0
31759,142.9,7.00,23.26,0.1628,6.14,589.0,82.0
31766,142.9,7.00,23.26,0.1628,6.14,589.0,82.0
31773,144.9,6.90,23.26,0.1605,6.23,589.0,82.0
31780,142.9,7.00,23.26,0.1628,6.14,589.0,82.0
31787,144.9,6.90,23.26,0.1605,6.23,589.0,82.0
31794,144.9,6.90,23.26,0.1605,6.23,589.0,82.0
31801,142.9,7.00,23.26,0.1628,6.14,589.0,82.0
31808,144.9,6.90,23.26,0.1605,6.23,589.0,82.0
31815,144.9,6.90,23.27,0.1605,6.23,589.0,82.0
31822,142.9,7.00,23.27,0.1629,6.14,589.0,82.0
31829,142.9,7.00,23.27,0.1629,6.14,589.0,82.0
31835,144.9,6.90,23.27,0.1606,6.23,589.0,82.0
31842,142.9,7.00,23.27,0.1629,6.14,589.0,82.0
31849,144.9,6.90,23.27,0.1606,6.23,589.0,82.0
31856,142.9,7.00,23.27,0.1629,6.14,589.0,82.0
31863,144.9,6.90,23.27,0.1606,6.23,589.0,82.0
31870,144.9,6.90,23.28,0.1606,6.23,589.0,82.0
31877,144.9,6.90,23.28,0.1606,6.23,589.0,82.0
31884,142.9,7.00,23.28,0.1629,6.14,589.0,82.0
31891,144.9,6.90,23.28,0.1606,6.22,589.0,82.0
31898,142.9,7.00,23.28,0.1630,6.14,589.0,82.0
31905,142.9,7.00,23.28,0.1630,6.14,589.0,82.0
31912,144.9,6.90,23.28,0.1606,6.22,589.0,82.0
31919,142.9,7.00,23.28,0.1630,6.14,589.0,82.0
31926,144.9,6.90,23.28,0.1606,6.22,589.0,82.0
31933,142.9,7.00,23.28,0.1630,6.14,589.0,82.0
31940,144.9,6.90,23.28,0.1606,6.22,589.0,82.0
31947,144.9,6.90,23.28,0.1606,6.22,589.0,82.0
31954,142.9,7.00,23.28,0.1630,6.14,589.0,82.0
31961,142.9,7.00,23.28,0.1630,6.14,589.0,82.0
31967,147.1,6.80,23.28,0.1583,6.32,589.0,82.0
31974,144.9,6.90,23.28,0.1606,6.22,589.0,82.0
31981,142.9,7.00,23.28,0.1630,6.14,589.0,82.0
31988,144.9,6.90,23.28,0.1606,6.22,589.0,82.0
31995,142.9,7.00,23.28,0.1630,6.14,589.0,82.0
32002,142.9,7.00,23.28,0.1630,6.14,589.0,82.0
32009,144.9,6.90,23.28,0.1606,6.22,589.0,82.0
32016,142.9,7.00,23.28,0.1630,6.14,589.0,82.0
32023,147.1,6.80,23.28,0.1583,6.32,589.0,82.0
32030,140.8,7.10,23.28,0.1653,6.05,589.0,82.0
32037,144.9,6.90,23.28,0.1606,6.22,589.0,82.0
32044,144.9,6.90,23.28,0.1606,6.22,589.0,82.0
32051,144.9,6.90,23.28,0.1606,6.22,589.0,82.0
32058,142.9,7.00,23.28,0.1630,6.14,589.0,82.0
32065,142.9,7.00,23.28,0.1630,6.14,589.0,82.0
32072,144.9,6.90,23.28,0.1606,6.22,589.0,82.0
32078,144.9,6.90,23.28,0.1606,6.22,589.0,82.0
32085,142.9,7.00,23.28,0.1630,6.14,589.0,82.0
32092,144.9,6.90,23.28,0.1606,6.22,589.0,82.0
32099,144.9,6.90,23.28,0.1606,6.22,589.0,82.0
32106,142.9,7.00,23.28,0.1630,6.14,589.0,82.0
32113,144.9,6.90,23.28,0.1606,6.22,589.0,82.0
32120,142.9,7.00,23.28,0.1630,6.14,589.0,82.0
32127,142.9,7.00,23.28,0.1630,6.14,589.0,82.0
32134,144.9,6.90,23.28,0.1606,6.22,589.0,82.0
32141,142.9,7.00,23.28,0.1630,6.14,589.0,82.0
32148,144.9,6.90,23.28,0.1606,6.22,589.0,82.0
32155,144.9,6.90,23.28,0.1606,6.22,589.0,82.0
32162,144.9,6.90,23.28,0.1606,6.22,589.0,82.0
32169,142.9,7.00,23.28,0.1630,6.14,589.0,82.0
32176,142.9,7.00,23.28,0.1630,6.14,589.0,82.0
32183,144.9,6.90,23.28,0.1606,6.22,589.0,82.0
32190,142.9,7.00,23.28,0.1630,6.14,589.0,82.0
32197,144.9,6.90,23.28,0.1606,6.22,589.0,82.0
32204,142.9,7.00,23.28,0.1630,6.14,589.0,82.0
32210,144.9,6.90,23.28,0.1606,6.22,589.0,82.0
32217,144.9,6.90,23.28,0.1606,6.22,589.0,82.0
32224,144.9,6.90,23.28,0.1606,6.22,589.0,82.0
32231,142.9,7.00,23.28,0.1630,6.14,589.0,82.0
32238,144.9,6.90,23.28,0.1606,6.22,589.0,82.0
32245,142.9,7.00,23.28,0.1629,6.14,589.0,82.0
32252,142.9,7.00,23.28,0.1629,6.14,589.0,82.0
32259,144.9,6.90,23.28,0.1606,6.23,589.0,82.0
32266,144.9,6.90,23.28,0.1606,6.23,589.0,82.0
32273,142.9,7.00,23.28,0.1629,6.14,589.0,82.0
32280,144.9,6.90,23.27,0.1606,6.23,589.0,82.0
32287,142.9,7.00,23.27,0.1629,6.14,589.0,82.0
32294,144.9,6.90,23.27,0.1606,6.23,589.0,82.0
32301,142.9,7.00,23.27,0.1629,6.14,589.0,82.0
32308,144.9,6.90,23.27,0.1606,6.23,589.0,82.0
32315,144.9,6.90,23.27,0.1606,6.23,589.0,82.0
32322,142.9,7.00,23.27,0.1629,6.14,589.0,82.0
32328,144.9,6.90,23.27,0.1606,6.23,589.0,82.0
32335,142.9,7.00,23.27,0.1629,6.14,589.0,82.0
32342,144.9,6.90,23.27,0.1606,6.23,589.0,82.0
32349,142.9,7.00,23.27,0.1629,6.14,589.0,82.0
32356,144.9,6.90,23.27,0.1606,6.23,589.0,82.0
32363,142.9,7.00,23.27,0.1629,6.14,589.0,82.0
32370,144.9,6.90,23.27,0.1606,6.23,589.0,82.0
32377,142.9,7.00,23.27,0.1629,6.14,589.0,82.0
32384,147.1,6.80,23.27,0.1582,6.32,589.0,82.0
32391,142.9,7.00,23.27,0.1629,6.14,589.0,82.0
32398,142.9,7.00,23.27,0.1629,6.14,589.0,82.0
32405,144.9,6.90,23.27,0.1606,6.23,589.0,82.0
32412,144.9,6.90,23.27,0.1606,6.23,589.0,82.0
32419,140.8,7.10,23.27,0.1652,6.05,589.0,82.0
32426,147.1,6.80,23.27,0.1582,6.32,589.0,82.0
32433,142.9,7.00,23.27,0.1629,6.14,589.0,82.0
32440,144.9,6.90,23.27,0.1606,6.23,589.0,82.0
32447,142.9,7.00,23.27,0.1629,6.14,589.0,82.0
32454,142.9,7.00,23.27,0.1629,6.14,589.0,82.0
32460,144.9,6.90,23.27,0.1606,6.23,589.0,82.0
32467,144.9,6.90,23.27,0.1606,6.23,589.0,82.0
32474,144.9,6.90,23.27,0.1606,6.23,589.0,82.0
32481,142.9,7.00,23.27,0.1629,6.14,589.0,82.0
32488,142.9,7.00,23.27,0.1629,6.14,589.0,82.0
32495,144.9,6.90,23.27,0.1606,6.23,589.0,82.0
32502,144.9,6.90,23.27,0.1606,6.23,589.0,82.0
32509,142.9,7.00,23.27,0.1629,6.14,589.0,82.0
32516,142.9,7.00,23.27,0.1629,6.14,589.0,82.0
32523,144.9,6.90,23.27,0.1606,6.23,589.0,82.0
32530,144.9,6.90,23.27,0.1606,6.23,589.0,82.0
32537,142.9,7.00,23.27,0.1629,6.14,589.0,82.0
32544,144.9,6.90,23.27,0.1606,6.23,589.0,82.0
32551,144.9,6.90,23.27,0.1606,6.23,589.0,82.0
32558,144.9,6.90,23.27,0.1606,6.23,589.0,82.0
32565,140.8,7.10,23.27,0.1652,6.05,589.0,82.0
32572,144.9,6.90,23.27,0.1606,6.23,589.0,82.0
32578,144.9,6.90,23.27,0.1606,6.23,589.0,82.0
32585,142.9,7.00,23.27,0.1629,6.14,589.0,82.0
32592,142.9,7.00,23.27,0.1629,6.14,589.0,82.0
32599,144.9,6.90,23.27,0.1606,6.23,589.0,82.0
32606,144.9,6.90,23.27,0.1606,6.23,589.0,82.0
32613,142.9,7.00,23.27,0.1629,6.14,589.0,82.0
32620,144.9,6.90,23.27,0.1606,6.23,589.0,82.0
32627,142.9,7.00,23.27,0.1629,6.14,589.0,82.0
32634,144.9,6.90,23.27,0.1606,6.23,589.0,82.0
32641,144.9,6.90,23.27,0.1606,6.23,589.0,82.0
32648,142.9,7.00,23.27,0.1629,6.14,589.0,82.0
32655,142.9,7.00,23.27,0.1629,6.14,589.0,82.0
32662,144.9,6.90,23.27,0.1606,6.23,589.0,82.0
32669,144.9,6.90,23.27,0.1606,6.23,589.0,82.0
32676,142.9,7.00,23.27,0.1629,6.14,589.0,82.0
32683,147.1,6.80,23.27,0.1582,6.32,589.0,82.0
32690,142.9,7.00,23.27,0.1629,6.14,589.0,82.0
32697,142.9,7.00,23.27,0.1629,6.14,589.0,82.0
32704,142.9,7.00,23.27,0.1629,6.14,589.0,82.0
32710,144.9,6.90,23.27,0.1606,6.23,589.0,82.0
32717,144.9,6.90,23.27,0.1606,6.23,589.0,82.0
32724,144.9,6.90,23.27,0.1606,6.23,589.0,82.0
32731,142.9,7.00,23.27,0.1629,6.14,589.0,82.0
32738,144.9,6.90,23.27,0.1606,6.23,589.0,82.0
32745,142.9,7.00,23.27,0.1629,6.14,589.0,82.0
32752,142.9,7.00,23.27,0.1629,6.14,589.0,82.0
32759,144.9,6.90,23.27,0.1606,6.23,589.0,82.0
32766,144.9,6.90,23.27,0.1606,6.23,589.0,82.0
32773,142.9,7.00,23.27,0.1629,6.14,589.0,82.0
32780,144.9,6.90,23.27,0.1606,6.23,589.0,82.0
32787,142.9,7.00,23.27,0.1629,6.14,589.0,82.0
32794,144.9,6.90,23.27,0.1605,6.23,589.0,82.0
32801,142.9,7.00,23.27,0.1629,6.14,589.0,82.0
32808,144.9,6.90,23.27,0.1605,6.23,589.0,82.0
32815,142.9,7.00,23.27,0.1629,6.14,589.0,82.0
32821,147.1,6.80,23.27,0.1582,6.32,589.0,82.0
32828,142.9,7.00,23.26,0.1629,6.14,589.0,82.0
32835,142.9,7.00,23.26,0.1628,6.14,589.0,82.0
32842,144.9,6.90,23.26,0.1605,6.23,589.0,82.0
32849,142.9,7.00,23.26,0.1628,6.14,589.0,82.0
32856,144.9,6.90,23.26,0.1605,6.23,589.0,82.0
32863,144.9,6.90,23.26,0.1605,6.23,589.0,82.0
32870,144.9,6.90,23.26,0.1605,6.23,589.0,82.0
32877,140.8,7.10,23.26,0.1651,6.05,589.0,82.0
32884,144.9,6.90,23.26,0.1605,6.23,589.0,82.0
32891,142.9,7.00,23.26,0.1628,6.14,589.0,82.0
32898,144.9,6.90,23.26,0.1605,6.23,589.0,82.0
32905,144.9,6.90,23.26,0.1605,6.23,589.0,82.0
32912,142.9,7.00,23.26,0.1628,6.14,589.0,82.0
32919,144.9,6.90,23.26,0.1605,6.23,589.0,82.0
32926,144.9,6.90,23.26,0.1605,6.23,589.0,82.0
32933,142.9,7.00,23.26,0.1628,6.14,589.0,82.0
32940,144.9,6.90,23.26,0.1605,6.23,589.0,82.0
32947,142.9,7.00,23.26,0.1628,6.14,589.0,82.0
32953,144.9,6.90,23.26,0.1605,6.23,589.0,82.0
32960,144.9,6.90,23.26,0.1605,6.23,589.0,82.0
32967,142.9,7.00,23.26,0.1628,6.14,589.0,82.0
32974,142.9,7.00,23.26,0.1628,6.14,589.0,82.0
32981,147.1,6.80,23.26,0.1582,6.32,589.0,82.0
32988,142.9,7.00,23.26,0.1628,6.14,589.0,82.0
32995,142.9,7.00,23.26,0.1628,6.14,589.0,82.0
33002,144.9,6.90,23.26,0.1605,6.23,589.0,82.0
33009,142.9,7.00,23.26,0.1628,6.14,589.0,82.0
33016,142.9,7.00,23.26,0.1628,6.14,589.0,82.0
33023,144.9,6.90,23.26,0.1605,6.23,589.0,82.0
33030,144.9,6.90,23.26,0.1605,6.23,589.0,82.0
33037,142.9,7.00,23.26,0.1628,6.14,589.0,82.0
33044,144.9,6.90,23.26,0.1605,6.23,589.0,82.0
33051,144.9,6.90,23.26,0.1605,6.23,589.0,82.0
33058,142.9,7.00,23.26,0.1628,6.14,589.0,82.0
33065,144.9,6.90,23.26,0.1605,6.23,589.0,82.0
33072,142.9,7.00,23.26,0.1628,6.14,589.0,82.0
33078,144.9,6.90,23.26,0.1605,6.23,589.0,82.0
33085,144.9,6.90,23.26,0.1605,6.23,589.0,82.0
33092,142.9,7.00,23.26,0.1628,6.14,589.0,82.0
33099,142.9,7.00,23.26,0.1628,6.14,589.0,82.0
33106,144.9,6.90,23.26,0.1605,6.23,589.0,82.0
33113,142.9,7.00,23.26,0.1628,6.14,589.0,82.0
33120,144.9,6.90,23.26,0.1605,6.23,589.0,82.0
33127,144.9,6.90,23.26,0.1605,6.23,589.0,82.0
33134,142.9,7.00,23.26,0.1628,6.14,589.0,82.0
33141,144.9,6.90,23.26,0.1605,6.23,589.0,82.0
33148,142.9,7.00,23.26,0.1628,6.14,589.0,82.0
33155,144.9,6.90,23.26,0.1605,6.23,589.0,82.0
33162,144.9,6.90,23.26,0.1605,6.23,589.0,82.0
33169,142.9,7.00,23.26,0.1628,6.14,589.0,82.0
33176,142.9,7.00,23.26,0.1628,6.14,589.0,82.0
33183,144.9,6.90,23.26,0.1605,6.23,589.0,82.0
33190,144.9,6.90,23.26,0.1605,6.23,589.0,82.0
33197,142.9,7.00,23.26,0.1628,6.14,589.0,82.0
33204,142.9,7.00,23.27,0.1629,6.14,589.0,82.0
33210,147.1,6.80,23.29,0.1583,6.32,589.0,82.0
33217,144.9,6.90,23.31,0.1608,6.22,589.0,82.0
33224,140.8,7.10,23.33,0.1657,6.03,589.0,82.0
33231,144.9,6.90,23.36,0.1612,6.20,589.0,82.0
33238,144.9,6.90,23.38,0.1613,6.20,589.0,82.0
33245,142.9,7.00,23.40,0.1638,6.11,589.0,82.0
33252,144.9,6.90,23.43,0.1616,6.19,589.0,82.0
33259,144.9,6.90,23.45,0.1618,6.18,589.0,82.0
33266,140.8,7.10,23.47,0.1666,6.00,589.0,82.0
33273,147.1,6.80,23.49,0.1598,6.26,589.0,82.0
33280,142.9,7.00,23.52,0.1646,6.08,589.0,82.0
33287,142.9,7.00,23.54,0.1648,6.07,589.0,82.0
33294,144.9,6.90,23.56,0.1626,6.15,589.0,82.0
33301,144.9,6.90,23.59,0.1628,6.14,589.0,82.0
33308,142.9,7.00,23.61,0.1653,6.05,589.0,82.0
33315,144.9,6.90,23.62,0.1630,6.13,589.0,82.0
33322,142.9,7.00,23.62,0.1653,6.05,589.0,82.0
33328,144.9,6.90,23.62,0.1630,6.13,589.0,82.0
33335,142.9,7.00,23.62,0.1653,6.05,589.0,82.0
33342,144.9,6.90,23.62,0.1630,6.13,589.0,82.0
33349,144.9,6.90,23.62,0.1630,6.13,589.0,82.0
33356,142.9,7.00,23.62,0.1653,6.05,589.0,82.0
33363,142.9,7.00,23.62,0.1653,6.05,589.0,82.0
33370,144.9,6.90,23.62,0.1630,6.13,589.0,82.0
33377,142.9,7.00,23.62,0.1653,6.05,589.0,82.0
33384,144.9,6.90,23.62,0.1630,6.13,589.0,82.0
33391,144.9,6.90,23.62,0.1630,6.13,589.0,82.0
33398,144.9,6.90,23.62,0.1630,6.13,589.0,82.0
33405,142.9,7.00,23.62,0.1653,6.05,589.0,82.0
33412,144.9,6.90,23.62,0.1630,6.13,589.0,82.0
33419,142.9,7.00,23.62,0.1653,6.05,589.0,82.0
33426,144.9,6.90,23.62,0.1630,6.13,589.0,82.0
33433,142.9,7.00,23.62,0.1653,6.05,589.0,82.0
33440,142.9,7.00,23.62,0.1653,6.05,589.0,82.0
33447,144.9,6.90,23.62,0.1630,6.13,589.0,82.0
33453,144.9,6.90,23.62,0.1630,6.13,589.0,82.0
33460,142.9,7.00,23.62,0.1653,6.05,589.0,82.0
33467,144.9,6.90,23.62,0.1630,6.13,589.0,82.0
33474,144.9,6.90,23.62,0.1630,6.13,589.0,82.0
33481,144.9,6.90,23.62,0.1630,6.13,589.0,82.0
33488,142.9,7.00,23.62,0.1653,6.05,589.0,82.0
33495,144.9,6.90,23.62,0.1630,6.13,589.0,82.0
33502,142.9,7.00,23.62,0.1653,6.05,589.0,82.0
33509,142.9,7.00,23.62,0.1653,6.05,589.0,82.0
33516,142.9,7.00,23.62,0.1653,6.05,589.0,82.0
33523,147.1,6.80,23.62,0.1606,6.23,589.0,82.0
33530,142.9,7.00,23.62,0.1653,6.05,589.0,82.0
33537,144.9,6.90,23.62,0.1630,6.13,589.0,82.0
33544,142.9,7.00,23.62,0.1653,6.05,589.0,82.0
33551,144.9,6.90,23.62,0.1630,6.13,589.0,82.0
33558,142.9,7.00,23.62,0.1653,6.05,589.0,82.0
33565,144.9,6.90,23.62,0.1630,6.13,589.0,82.0
33572,142.9,7.00,23.62,0.1653,6.05,589.0,82.0
33578,144.9,6.90,23.62,0.1630,6.13,589.0,82.0
33585,142.9,7.00,23.62,0.1653,6.05,589.0,82.0
33592,144.9,6.90,23.62,0.1630,6.13,589.0,82.0
33599,142.9,7.00,23.62,0.1653,6.05,589.0,82.0
33606,144.9,6.90,23.62,0.1630,6.13,589.0,82.0
33613,144.9,6.90,23.62,0.1630,6.13,589.0,82.0
33620,142.9,7.00,23.62,0.1653,6.05,589.0,82.0
33627,142.9,7.00,23.62,0.1653,6.05,589.0,82.0
33634,144.9,6.90,23.62,0.1630,6.13,589.0,82.0
33641,144.9,6.90,23.62,0.1630,6.13,589.0,82.0
33648,142.9,7.00,23.62,0.1653,6.05,589.0,82.0
33655,144.9,6.90,23.62,0.1630,6.13,589.0,82.0
33662,144.9,6.90,23.62,0.1630,6.13,589.0,82.0
33669,142.9,7.00,23.62,0.1653,6.05,589.0,82.0
33676,144.9,6.90,23.62,0.1630,6.13,589.0,82.0
33683,142.9,7.00,23.62,0.1653,6.05,589.0,82.0
33689,147.1,6.80,23.62,0.1606,6.23,589.0,82.0
33697,140.8,7.10,23.62,0.1677,5.96,589.0,82.0
33703,144.9,6.90,23.62,0.1630,6.13,589.0,82.0
33710,142.9,7.00,23.62,0.1653,6.05,589.0,82.0
33717,144.9,6.90,23.62,0.1630,6.13,589.0,82.0
33724,144.9,6.90,23.62,0.1630,6.13,589.0,82.0
33731,142.9,7.00,23.62,0.1653,6.05,589.0,82.0
33738,144.9,6.90,23.62,0.1630,6.13,589.0,82.0
33745,142.9,7.00,23.62,0.1653,6.05,589.0,82.0
33752,144.9,6.90,23.62,0.1630,6.13,589.0,82.0
33759,142.9,7.00,23.60,0.1652,6.05,589.0,82.0
33766,144.9,6.90,23.59,0.1628,6.14,589.0,82.0
33773,144.9,6.90,23.57,0.1626,6.15,589.0,82.0
33780,142.9,7.00,23.55,0.1649,6.07,589.0,82.0
33787,144.9,6.90,23.54,0.1624,6.16,589.0,82.0
33794,140.8,7.10,23.52,0.1670,5.99,589.0,82.0
33801,147.1,6.80,23.50,0.1598,6.26,589.0,82.0
33808,142.9,7.00,23.48,0.1644,6.09,589.0,82.0
33815,142.9,7.00,23.46,0.1643,6.09,589.0,82.0
33821,147.1,6.80,23.45,0.1595,6.27,589.0,82.0
33828,142.9,7.00,23.43,0.1640,6.10,589.0,82.0
33835,142.9,7.00,23.42,0.1639,6.10,589.0,82.0
33842,144.9,6.90,23.40,0.1614,6.19,589.0,82.0
33849,144.9,6.90,23.38,0.1613,6.20,589.0,82.0
33856,140.8,7.10,23.36,0.1659,6.03,589.0,82.0
33863,144.9,6.90,23.35,0.1611,6.21,589.0,82.0
33870,147.1,6.80,23.35,0.1588,6.30,589.0,82.0
33877,142.9,7.00,23.35,0.1635,6.12,589.0,82.0
33884,144.9,6.90,23.35,0.1611,6.21,589.0,82.0
33891,140.8,7.10,23.35,0.1658,6.03,589.0,82.0
33898,147.1,6.80,23.35,0.1588,6.30,589.0,82.0
33905,144.9,6.90,23.35,0.1611,6.21,589.0,82.0
33912,142.9,7.00,23.35,0.1635,6.12,589.0,82.0
33919,142.9,7.00,23.35,0.1635,6.12,589.0,82.0
33926,144.9,6.90,23.35,0.1611,6.21,589.0,82.0
33933,142.9,7.00,23.35,0.1635,6.12,589.0,82.0
33940,142.9,7.00,23.35,0.1635,6.12,589.0,82.0
33946,147.1,6.80,23.35,0.1588,6.30,589.0,82.0
33953,142.9,7.00,23.35,0.1635,6.12,589.0,82.0
33960,144.9,6.90,23.35,0.1611,6.21,589.0,82.0
33967,144.9,6.90,23.35,0.1611,6.21,589.0,82.0
33974,142.9,7.00,23.35,0.1635,6.12,589.0,82.0
33981,142.9,7.00,23.35,0.1635,6.12,589.0,82.0
33988,144.9,6.90,23.35,0.1611,6.21,589.0,82.0
33995,142.9,7.00,23.35,0.1635,6.12,589.0,82.0
34002,144.9,6.90,23.35,0.1611,6.21,589.0,82.0
34009,144.9,6.90,23.35,0.1611,6.21,589.0,82.0
34016,142.9,7.00,23.35,0.1635,6.12,589.0,82.0
34023,144.9,6.90,23.35,0.1611,6.21,589.0,82.0
34030,142.9,7.00,23.35,0.1635,6.12,589.0,82.0
34037,144.9,6.90,23.35,0.1611,6.21,589.0,82.0
34044,142.9,7.00,23.35,0.1635,6.12,589.0,82.0
34051,144.9,6.90,23.35,0.1611,6.21,589.0,82.0
34058,144.9,6.90,23.35,0.1611,6.21,589.0,82.0
34065,142.9,7.00,23.35,0.1635,6.12,589.0,82.0
34071,144.9,6.90,23.35,0.1611,6.21,589.0,82.0
34078,142.9,7.00,23.35,0.1635,6.12,589.0,82.0
34085,142.9,7.00,23.35,0.1635,6.12,589.0,82.0
34092,147.1,6.80,23.35,0.1588,6.30,589.0,82.0
34099,142.9,7.00,23.35,0.1635,6.12,589.0,82.0
34106,142.9,7.00,23.35,0.1635,6.12,589.0,82.0
34113,144.9,6.90,23.35,0.1611,6.21,589.0,82.0
34120,144.9,6.90,23.35,0.1611,6.21,589.0,82.0
34127,142.9,7.00,23.35,0.1635,6.12,589.0,82.0
34134,144.9,6.90,23.35,0.1611,6.21,589.0,82.0
34141,142.9,7.00,23.35,0.1635,6.12,589.0,82.0
34148,142.9,7.00,23.35,0.1635,6.12,589.0,82.0
34155,144.9,6.90,23.35,0.1611,6.21,589.0,82.0
34162,142.9,7.00,23.35,0.1635,6.12,589.0,82.0
34169,144.9,6.90,23.35,0.1611,6.21,589.0,82.0
34176,144.9,6.90,23.35,0.1611,6.21,589.0,82.0
34183,142.9,7.00,23.35,0.1635,6.12,589.0,82.0
34190,142.9,7.00,23.35,0.1635,6.12,589.0,82.0
34197,144.9,6.90,23.35,0.1611,6.21,589.0,82.0
34203,147.1,6.80,23.35,0.1588,6.30,589.0,82.0
34210,140.8,7.10,23.35,0.1658,6.03,589.0,82.0
34217,144.9,6.90,23.35,0.1611,6.20,589.0,82.0
34224,142.9,7.00,23.35,0.1635,6.12,589.0,82.0
34231,147.1,6.80,23.35,0.1588,6.30,589.0,82.0
34238,142.9,7.00,23.35,0.1635,6.12,589.0,82.0
34245,142.9,7.00,23.35,0.1635,6.12,589.0,82.0
34252,144.9,6.90,23.36,0.1612,6.20,589.0,82.0
34259,144.9,6.90,23.36,0.1612,6.20,589.0,82.0
34266,142.9,7.00,23.36,0.1635,6.12,589.0,82.0
34273,142.9,7.00,23.36,0.1635,6.12,589.0,82.0
34280,147.1,6.80,23.36,0.1588,6.30,589.0,82.0
34287,140.8,7.10,23.36,0.1658,6.03,589.0,82.0
34294,144.9,6.90,23.36,0.1612,6.20,589.0,82.0
34301,144.9,6.90,23.36,0.1612,6.20,589.0,82.0
34308,144.9,6.90,23.36,0.1612,6.20,589.0,82.0
34315,142.9,7.00,23.36,0.1635,6.12,589.0,82.0
34321,144.9,6.90,23.36,0.1612,6.20,589.0,82.0
34328,142.9,7.00,23.36,0.1635,6.12,589.0,82.0
34335,144.9,6.90,23.36,0.1612,6.20,589.0,82.0
34342,142.9,7.00,23.36,0.1635,6.12,589.0,82.0
34349,144.9,6.90,23.36,0.1612,6.20,589.0,82.0
34356,142.9,7.00,23.36,0.1635,6.12,589.0,82.0
34363,144.9,6.90,23.36,0.1612,6.20,589.0,82.0
34370,142.9,7.00,23.36,0.1635,6.12,589.0,82.0
34377,144.9,6.90,23.36,0.1612,6.20,589.0,82.0
34384,142.9,7.00,23.36,0.1635,6.12,589.0,82.0
34391,144.9,6.90,23.36,0.1612,6.20,589.0,82.0
34398,142.9,7.00,23.36,0.1635,6.12,589.0,82.0
34405,144.9,6.90,23.36,0.1612,6.20,589.0,82.0
34412,144.9,6.90,23.36,0.1612,6.20,589.0,82.0
34419,144.9,6.90,23.36,0.1612,6.20,589.0,82.0
34426,142.9,7.00,23.36,0.1635,6.12,589.0,82.0
34433,142.9,7.00,23.36,0.1635,6.12,589.0,82.0
34440,144.9,6.90,23.36,0.1612,6.20,589.0,82.0
34446,144.9,6.90,23.36,0.1612,6.20,589.0,82.0
34453,144.9,6.90,23.36,0.1612,6.20,589.0,82.0
34460,142.9,7.00,23.36,0.1635,6.12,589.0,82.0
34467,142.9,7.00,23.36,0.1635,6.12,589.0,82.0
34474,144.9,6.90,23.36,0.1612,6.20,589.0,82.0
34481,142.9,7.00,23.36,0.1635,6.12,589.0,82.0
34488,144.9,6.90,23.36,0.1612,6.20,589.0,82.0
34495,142.9,7.00,23.36,0.1635,6.12,589.0,82.0
34502,144.9,6.90,23.36,0.1612,6.20,589.0,82.0
34509,144.9,6.90,23.36,0.1612,6.20,589.0,82.0
34516,142.9,7.00,23.36,0.1635,6.12,589.0,82.0
34523,144.9,6.90,23.36,0.1612,6.20,589.0,82.0
34530,142.9,7.00,23.36,0.1635,6.12,589.0,82.0
34537,144.9,6.90,23.36,0.1612,6.20,589.0,82.0
34544,144.9,6.90,23.36,0.1612,6.20,589.0,82.0
34551,142.9,7.00,23.36,0.1635,6.12,589.0,82.0
34558,142.9,7.00,23.36,0.1635,6.12,589.0,82.0
34565,144.9,6.90,23.36,0.1612,6.20,589.0,82.0
34571,144.9,6.90,23.36,0.1612,6.20,589.0,82.0
34578,142.9,7.00,23.36,0.1635,6.12,589.0,82.0
34585,144.9,6.90,23.36,0.1612,6.20,589.0,82.0
34592,144.9,6.90,23.36,0.1612,6.20,589.0,82.0
34599,142.9,7.00,23.36,0.1635,6.12,589.0,82.0
34606,144.9,6.90,23.36,0.1612,6.20,589.0,82.0
34613,142.9,7.00,23.36,0.1635,6.12,589.0,82.0
34620,142.9,7.00,23.36,0.1635,6.12,589.0,82.0
34627,144.9,6.90,23.36,0.1612,6.20,589.0,82.0
34634,144.9,6.90,23.36,0.1612,6.20,589.0,82.0
34641,142.9,7.00,23.36,0.1635,6.12,589.0,82.0
34648,144.9,6.90,23.36,0.1612,6.20,589.0,82.0
34655,142.9,7.00,23.36,0.1635,6.12,589.0,82.0
34662,144.9,6.90,23.36,0.1612,6.20,589.0,82.0
34669,144.9,6.90,23.36,0.1612,6.20,589.0,82.0
34676,142.9,7.00,23.36,0.1635,6.12,589.0,82.0
34683,142.9,7.00,23.36,0.1635,6.12,589.0,82.0
34690,144.9,6.90,23.36,0.1612,6.20,589.0,82.0
34696,144.9,6.90,23.36,0.1612,6.20,589.0,82.0
34703,142.9,7.00,23.36,0.1635,6.12,589.0,82.0
34710,144.9,6.90,23.36,0.1612,6.20,589.0,82.0
34717,142.9,7.00,23.36,0.1635,6.12,589.0,82.0
34724,144.9,6.90,23.36,0.1612,6.20,589.0,82.0
34731,144.9,6.90,23.36,0.1612,6.20,589.0,82.0
34738,142.9,7.00,23.36,0.1635,6.12,589.0,82.0
34745,144.9,6.90,23.36,0.1612,6.20,589.0,82.0
34752,142.9,7.00,23.36,0.1635,6.12,589.0,82.0
34759,144.9,6.90,23.36,0.1612,6.20,589.0,82.0
34766,142.9,7.00,23.37,0.1636,6.12,589.0,82.0
34773,144.9,6.90,23.37,0.1612,6.20,589.0,82.0
34780,144.9,6.90,23.37,0.1612,6.20,589.0,82.0
34787,142.9,7.00,23.37,0.1636,6.11,589.0,82.0
34794,142.9,7.00,23.37,0.1636,6.11,589.0,82.0
34801,142.9,7.00,23.37,0.1636,6.11,589.0,82.0
34808,147.1,6.80,23.37,0.1589,6.29,589.0,82.0
34815,142.9,7.00,23.37,0.1636,6.11,589.0,82.0
34821,144.9,6.90,23.38,0.1613,6.20,589.0,82.0
34828,142.9,7.00,23.38,0.1636,6.11,589.0,82.0
34835,142.9,7.00,23.38,0.1636,6.11,589.0,82.0
34842,144.9,6.90,23.38,0.1613,6.20,589.0,82.0
34849,144.9,6.90,23.38,0.1613,6.20,589.0,82.0
34856,144.9,6.90,23.38,0.1613,6.20,589.0,82.0
34863,142.9,7.00,23.38,0.1637,6.11,589.0,82.0
34870,144.9,6.90,23.38,0.1613,6.20,589.0,82.0
34877,142.9,7.00,23.38,0.1637,6.11,589.0,82.0
34884,144.9,6.90,23.38,0.1613,6.20,589.0,82.0
34891,142.9,7.00,23.38,0.1637,6.11,589.0,82.0
34898,144.9,6.90,23.38,0.1613,6.20,589.0,82.0
34905,142.9,7.00,23.38,0.1637,6.11,589.0,82.0
34912,142.9,7.00,23.38,0.1637,6.11,589.0,82.0
34919,147.1,6.80,23.38,0.1590,6.29,589.0,82.0
34926,142.9,7.00,23.38,0.1637,6.11,589.0,82.0
34933,142.9,7.00,23.38,0.1637,6.11,589.0,82.0
34940,144.9,6.90,23.38,0.1613,6.20,589.0,82.0
34947,142.9,7.00,23.38,0.1637,6.11,589.0,82.0
34953,144.9,6.90,23.38,0.1613,6.20,589.0,82.0
34960,144.9,6.90,23.38,0.1613,6.20,589.0,82.0
34967,142.9,7.00,23.38,0.1637,6.11,589.0,82.0
34974,144.9,6.90,23.38,0.1613,6.20,589.0,82.0
34981,142.9,7.00,23.38,0.1637,6.11,589.0,82.0
34988,142.9,7.00,23.38,0.1637,6.11,589.0,82.0
34995,144.9,6.90,23.38,0.1613,6.20,589.0,82.0
35002,144.9,6.90,23.38,0.1613,6.20,589.0,82.0
35009,144.9,6.90,23.38,0.1613,6.20,589.0,82.0
35016,142.9,7.00,23.38,0.1637,6.11,589.0,82.0
35023,142.9,7.00,23.38,0.1637,6.11,589.0,82.0
35030,144.9,6.90,23.38,0.1613,6.20,589.0,82.0
35037,144.9,6.90,23.38,0.1613,6.20,589.0,82.0
35044,142.9,7.00,23.38,0.1637,6.11,589.0,82.0
35051,144.9,6.90,23.38,0.1613,6.20,589.0,82.0
35058,144.9,6.90,23.38,0.1613,6.20,589.0,82.0
35064,144.9,6.90,23.38,0.1613,6.20,589.0,82.0
35071,142.9,7.00,23.38,0.1637,6.11,589.0,82.0
35078,142.9,7.00,23.38,0.1637,6.11,589.0,82.0
35085,144.9,6.90,23.38,0.1613,6.20,589.0,82.0
35092,144.9,6.90,23.38,0.1613,6.20,589.0,82.0
35099,142.9,7.00,23.38,0.1637,6.11,589.0,82.0
35106,144.9,6.90,23.38,0.1613,6.20,589.0,82.0
35113,142.9,7.00,23.38,0.1637,6.11,589.0,82.0
35120,142.9,7.00,23.38,0.1637,6.11,589.0,82.0
35127,144.9,6.90,23.38,0.1613,6.20,589.0,82.0
35134,144.9,6.90,23.38,0.1613,6.20,589.0,82.0
35141,142.9,7.00,23.38,0.1637,6.11,589.0,82.0
35148,144.9,6.90,23.38,0.1613,6.20,589.0,82.0
35155,142.9,7.00,23.38,0.1637,6.11,589.0,82.0
35162,144.9,6.90,23.38,0.1613,6.20,589.0,82.0
35169,142.9,7.00,23.38,0.1637,6.11,589.0,82.0
35176,144.9,6.90,23.38,0.1613,6.20,589.0,82.0
35183,142.9,7.00,23.38,0.1637,6.11,589.0,82.0
35190,144.9,6.90,23.38,0.1613,6.20,589.0,82.0
35197,142.9,7.00,23.38,0.1637,6.11,589.0,82.0
35203,144.9,6.90,23.38,0.1613,6.20,589.0,82.0
35210,144.9,6.90,23.38,0.1613,6.20,589.0,82.0
35217,144.9,6.90,23.38,0.1613,6.20,589.0,82.0
35224,142.9,7.00,23.38,0.1637,6.11,589.0,82.0
35231,142.9,7.00,23.38,0.1637,6.11,589.0,82.0
35238,144.9,6.90,23.38,0.1613,6.20,589.0,82.0
35245,142.9,7.00,23.38,0.1637,6.11,589.0,82.0
35252,144.9,6.90,23.38,0.1613,6.20,589.0,82.0
35259,144.9,6.90,23.38,0.1613,6.20,589.0,82.0
35266,142.9,7.00,23.38,0.1637,6.11,589.0,82.0
35273,144.9,6.90,23.38,0.1613,6.20,589.0,82.0
35280,144.9,6.90,23.38,0.1613,6.20,589.0,82.0
35287,142.9,7.00,23.36,0.1636,6.12,589.0,82.0
35294,144.9,6.90,23.35,0.1611,6.21,589.0,82.0
35301,142.9,7.00,23.34,0.1634,6.12,589.0,82.0
35308,142.9,7.00,23.32,0.1633,6.13,589.0,82.0
35315,144.9,6.90,23.31,0.1608,6.22,589.0,82.0
35322,142.9,7.00,23.30,0.1631,6.13,589.0,82.0
35328,144.9,6.90,23.29,0.1607,6.22,589.0,82.0
35335,144.9,6.90,23.27,0.1606,6.23,589.0,82.0
35342,144.9,6.90,23.26,0.1605,6.23,589.0,82.0
35349,142.9,7.00,23.25,0.1627,6.15,589.0,82.0
35356,142.9,7.00,23.23,0.1626,6.15,589.0,82.0
35363,144.9,6.90,23.22,0.1602,6.24,589.0,82.0
35370,144.9,6.90,23.20,0.1601,6.24,589.0,82.0
35377,142.9,7.00,23.19,0.1623,6.16,589.0,82.0
35384,142.9,7.00,23.18,0.1622,6.17,589.0,82.0
35391,144.9,6.90,23.17,0.1599,6.25,589.0,82.0
35398,144.9,6.90,23.17,0.1599,6.25,589.0,82.0
35405,142.9,7.00,23.17,0.1622,6.17,589.0,82.0
35412,144.9,6.90,23.17,0.1599,6.25,589.0,82.0
35419,142.9,7.00,23.17,0.1622,6.17,589.0,82.0
35426,144.9,6.90,23.17,0.1599,6.25,589.0,82.0
35433,144.9,6.90,23.17,0.1599,6.25,589.0,82.0
35439,144.9,6.90,23.17,0.1599,6.25,589.0,82.0
35446,142.9,7.00,23.17,0.1622,6.17,589.0,82.0
35453,142.9,7.00,23.17,0.1622,6.17,589.0,82.0
35460,144.9,6.90,23.17,0.1599,6.25,589.0,82.0
35467,142.9,7.00,23.17,0.1622,6.17,589.0,82.0
35474,144.9,6.90,23.17,0.1599,6.25,589.0,82.0
35481,144.9,6.90,23.17,0.1599,6.25,589.0,82.0
35488,142.9,7.00,23.17,0.1622,6.17,589.0,82.0
35495,144.9,6.90,23.17,0.1599,6.25,589.0,82.0
35502,142.9,7.00,23.17,0.1622,6.17,589.0,82.0
35509,144.9,6.90,23.17,0.1599,6.25,589.0,82.0
35516,144.9,6.90,23.17,0.1599,6.25,589.0,82.0
35523,142.9,7.00,23.17,0.1622,6.17,589.0,82.0
35530,142.9,7.00,23.17,0.1622,6.17,589.0,82.0
35537,144.9,6.90,23.17,0.1599,6.25,589.0,82.0
35544,144.9,6.90,23.17,0.1599,6.25,589.0,82.0
35551,144.9,6.90,23.17,0.1599,6.25,589.0,82.0
35558,142.9,7.00,23.17,0.1622,6.17,589.0,82.0
35565,142.9,7.00,23.17,0.1622,6.17,589.0,82.0
35572,142.9,7.00,23.17,0.1622,6.17,589.0,82.0
35578,147.1,6.80,23.17,0.1576,6.35,589.0,82.0
35585,140.8,7.10,23.17,0.1645,6.08,589.0,82.0
35592,147.1,6.80,23.17,0.1576,6.35,589.0,82.0
35599,142.9,7.00,23.17,0.1622,6.17,589.0,82.0
35606,142.9,7.00,23.17,0.1622,6.17,589.0,82.0
35613,144.9,6.90,23.17,0.1599,6.25,589.0,82.0
35620,142.9,7.00,23.17,0.1622,6.17,589.0,82.0
35627,144.9,6.90,23.17,0.1599,6.25,589.0,82.0
35634,142.9,7.00,23.17,0.1622,6.17,589.0,82.0
35641,147.1,6.80,23.17,0.1576,6.35,589.0,82.0
35648,142.9,7.00,23.17,0.1622,6.17,589.0,82.0
35655,144.9,6.90,23.17,0.1599,6.25,589.0,82.0
35662,140.8,7.10,23.17,0.1645,6.08,589.0,82.0
35669,144.9,6.90,23.17,0.1599,6.25,589.0,82.0
35676,144.9,6.90,23.17,0.1599,6.25,589.0,82.0
35683,144.9,6.90,23.17,0.1599,6.25,589.0,82.0
35690,142.9,7.00,23.17,0.1622,6.17,589.0,82.0
35696,144.9,6.90,23.17,0.1599,6.25,589.0,82.0
35703,144.9,6.90,23.17,0.1599,6.25,589.0,82.0
35710,142.9,7.00,23.17,0.1622,6.17,589.0,82.0
35717,144.9,6.90,23.17,0.1599,6.25,589.0,82.0
35724,140.8,7.10,23.16,0.1644,6.08,589.0,82.0
35731,147.1,6.80,23.15,0.1574,6.35,589.0,82.0
35738,142.9,7.00,23.14,0.1620,6.17,589.0,82.0
35745,144.9,6.90,23.13,0.1596,6.26,589.0,82.0
35752,144.9,6.90,23.13,0.1596,6.27,589.0,82.0
35759,142.9,7.00,23.12,0.1618,6.18,589.0,82.0
35766,142.9,7.00,23.11,0.1617,6.18,589.0,82.0
35773,144.9,6.90,23.10,0.1594,6.27,589.0,82.0
35780,142.9,7.00,23.09,0.1616,6.19,589.0,82.0
35787,144.9,6.90,23.08,0.1593,6.28,589.0,82.0
35794,142.9,7.00,23.07,0.1615,6.19,589.0,82.0
35801,144.9,6.90,23.06,0.1591,6.28,589.0,82.0
35808,142.9,7.00,23.05,0.1614,6.20,589.0,82.0
35815,144.9,6.90,23.04,0.1590,6.29,589.0,82.0
35822,142.9,7.00,23.04,0.1612,6.20,589.0,82.0
35828,147.1,6.80,23.03,0.1566,6.39,589.0,82.0
35835,142.9,7.00,23.03,0.1612,6.20,589.0,82.0
35842,144.9,6.90,23.03,0.1589,6.29,589.0,82.0
35849,142.9,7.00,23.03,0.1612,6.20,589.0,82.0
35856,142.9,7.00,23.03,0.1612,6.20,589.0,82.0
35863,144.9,6.90,23.03,0.1589,6.29,589.0,82.0
35870,144.9,6.90,23.03,0.1589,6.29,589.0,82.0
35877,142.9,7.00,23.03,0.1612,6.20,589.0,82.0
35884,144.9,6.90,23.03,0.1589,6.29,589.0,82.0
35891,142.9,7.00,23.03,0.1612,6.20,589.0,82.0
35898,144.9,6.90,23.03,0.1589,6.29,589.0,82.0
35905,142.9,7.00,23.03,0.1612,6.20,589.0,82.0
35912,142.9,7.00,23.03,0.1612,6.20,589.0,82.0
35919,144.9,6.90,23.03,0.1589,6.29,589.0,82.0
35926,144.9,6.90,23.03,0.1589,6.29,589.0,82.0
35933,144.9,6.90,23.03,0.1589,6.29,589.0,82.0
35940,142.9,7.00,23.03,0.1612,6.20,589.0,82.0
35946,144.9,6.90,23.03,0.1589,6.29,589.0,82.0
35953,142.9,7.00,23.03,0.1612,6.20,589.0,82.0
35960,147.1,6.80,23.03,0.1566,6.39,589.0,82.0
35967,140.8,7.10,23.03,0.1635,6.11,589.0,82.0
35974,144.9,6.90,23.03,0.1589,6.29,589.0,82.0
35981,144.9,6.90,23.03,0.1589,6.29,589.0,82.0
35988,144.9,6.90,23.03,0.1589,6.29,589.0,82.0
35995,142.9,7.00,23.03,0.1612,6.20,589.0,82.0
36002,144.9,6.90,23.03,0.1589,6.29,589.0,82.0
36009,142.9,7.00,23.03,0.1612,6.20,589.0,82.0
36016,142.9,7.00,23.03,0.1612,6.20,589.0,82.0
36023,144.9,6.90,23.03,0.1589,6.29,589.0,82.0
36030,144.9,6.90,23.03,0.1589,6.29,589.0,82.0
36037,142.9,7.00,23.03,0.1612,6.20,589.0,82.0
36044,142.9,7.00,23.03,0.1612,6.20,589.0,82.0
36051,144.9,6.90,23.03,0.1589,6.29,589.0,82.0
36058,144.9,6.90,23.03,0.1589,6.29,589.0,82.0
36064,144.9,6.90,23.03,0.1589,6.29,589.0,82.0
36071,142.9,7.00,23.03,0.1612,6.20,589.0,82.0
36078,142.9,7.00,23.03,0.1612,6.20,589.0,82.0
36085,144.9,6.90,23.03,0.1589,6.29,589.0,82.0
36092,144.9,6.90,23.03,0.1589,6.29,589.0,82.0
36099,142.9,7.00,23.03,0.1612,6.20,589.0,82.0
36106,144.9,6.90,23.03,0.1589,6.29,589.0,82.0
36113,142.9,7.00,23.03,0.1612,6.20,589.0,82.0
36120,144.9,6.90,23.03,0.1589,6.29,589.0,82.0
36127,142.9,7.00,23.03,0.1612,6.20,589.0,82.0
36134,144.9,6.90,23.03,0.1589,6.29,589.0,82.0
36141,142.9,7.00,23.03,0.1612,6.20,589.0,82.0
36148,144.9,6.90,23.03,0.1589,6.29,589.0,82.0
36155,144.9,6.90,23.03,0.1589,6.29,589.0,82.0
36162,142.9,7.00,23.03,0.1612,6.20,589.0,82.0
36169,142.9,7.00,23.03,0.1612,6.20,589.0,82.0
36176,144.9,6.90,23.03,0.1589,6.29,589.0,82.0
36183,144.9,6.90,23.03,0.1589,6.29,589.0,82.0
36190,142.9,7.00,23.03,0.1612,6.20,589.0,82.0
36197,142.9,7.00,23.03,0.1612,6.20,589.0,82.0
36203,144.9,6.90,23.03,0.1589,6.29,589.0,82.0
36210,144.9,6.90,23.03,0.1589,6.29,589.0,82.0
36217,142.9,7.00,23.03,0.1612,6.20,589.0,82.0
36224,144.9,6.90,23.03,0.1589,6.29,589.0,82.0
36231,144.9,6.90,23.03,0.1589,6.29,589.0,82.0
36238,142.9,7.00,23.03,0.1612,6.20,589.0,82.0
36245,144.9,6.90,23.03,0.1589,6.29,589.0,82.0
36252,142.9,7.00,23.03,0.1612,6.20,589.0,82.0
36259,142.9,7.00,23.03,0.1612,6.20,589.0,82.0
36266,147.1,6.80,23.03,0.1566,6.39,589.0,82.0
36273,144.9,6.90,23.02,0.1588,6.29,589.0,82.0
36280,140.8,7.10,23.01,0.1634,6.12,589.0,82.0
36287,144.9,6.90,23.01,0.1587,6.30,589.0,82.0
36294,144.9,6.90,23.00,0.1587,6.30,589.0,82.0
36301,142.9,7.00,22.99,0.1609,6.22,589.0,82.0
36308,144.9,6.90,22.98,0.1586,6.30,589.0,82.0
36315,142.9,7.00,22.98,0.1608,6.22,589.0,82.0
36321,144.9,6.90,22.97,0.1585,6.31,589.0,82.0
36328,144.9,6.90,22.96,0.1585,6.31,589.0,82.0
36335,142.9,7.00,22.96,0.1607,6.22,589.0,82.0
36342,144.9,6.90,22.95,0.1584,6.31,589.0,82.0
36349,142.9,7.00,22.94,0.1606,6.23,589.0,82.0
36356,144.9,6.90,22.94,0.1583,6.32,589.0,82.0
36363,142.9,7.00,22.93,0.1605,6.23,589.0,82.0
36370,144.9,6.90,22.92,0.1582,6.32,589.0,82.0
36377,142.9,7.00,22.92,0.1604,6.23,589.0,82.0
36384,144.9,6.90,22.92,0.1581,6.32,589.0,82.0
36391,142.9,7.00,22.92,0.1604,6.23,589.0,82.0
36398,144.9,6.90,22.92,0.1581,6.32,589.0,82.0
36405,144.9,6.90,22.92,0.1581,6.32,589.0,82.0
36412,142.9,7.00,22.92,0.1604,6.23,589.0,82.0
36419,142.9,7.00,22.92,0.1604,6.23,589.0,82.0
36426,144.9,6.90,22.92,0.1581,6.32,589.0,82.0
36433,144.9,6.90,22.92,0.1581,6.32,589.0,82.0
36440,142.9,7.00,22.92,0.1604,6.23,589.0,82.0
36446,144.9,6.90,22.92,0.1581,6.32,589.0,82.0
36453,144.9,6.90,22.92,0.1581,6.32,589.0,82.0
36460,142.9,7.00,22.92,0.1604,6.23,589.0,82.0
36467,144.9,6.90,22.92,0.1581,6.32,589.0,82.0
36474,142.9,7.00,22.92,0.1604,6.23,589.0,82.0
36481,142.9,7.00,22.92,0.1604,6.23,589.0,82.0
36488,144.9,6.90,22.92,0.1581,6.32,589.0,82.0
36495,144.9,6.90,22.92,0.1581,6.32,589.0,82.0
36502,144.9,6.90,22.92,0.1581,6.32,589.0,82.0
36509,140.8,7.10,22.92,0.1627,6.14,589.0,82.0
36516,147.1,6.80,22.92,0.1559,6.42,589.0,82.0
36523,142.9,7.00,22.92,0.1604,6.23,589.0,82.0
36530,144.9,6.90,22.92,0.1581,6.32,589.0,82.0
36537,142.9,7.00,22.92,0.1604,6.23,589.0,82.0
36544,144.9,6.90,22.92,0.1581,6.32,589.0,82.0
36551,144.9,6.90,22.92,0.1581,6.32,589.0,82.0
36558,142.9,7.00,22.92,0.1604,6.23,589.0,82.0
36565,142.9,7.00,22.92,0.1604,6.23,589.0,82.0
36571,144.9,6.90,22.92,0.1581,6.32,589.0,82.0
36578,142.9,7.00,22.92,0.1604,6.23,589.0,82.0
36585,144.9,6.90,22.92,0.1581,6.32,589.0,82.0
36592,144.9,6.90,22.92,0.1581,6.32,589.0,82.0
36599,142.9,7.00,22.92,0.1604,6.23,589.0,82.0
36606,144.9,6.90,22.92,0.1581,6.32,589.0,82.0
36613,144.9,6.90,22.92,0.1581,6.32,589.0,82.0
36620,142.9,7.00,22.92,0.1604,6.23,589.0,82.0
36627,142.9,7.00,22.92,0.1604,6.23,589.0,82.0
36634,144.9,6.90,22.92,0.1581,6.32,589.0,82.0
36641,142.9,7.00,22.92,0.1604,6.23,589.0,82.0
36648,144.9,6.90,22.92,0.1581,6.32,589.0,82.0
36655,142.9,7.00,22.92,0.1604,6.23,589.0,82.0
36662,147.1,6.80,22.92,0.1559,6.42,589.0,82.0
36669,142.9,7.00,22.92,0.1604,6.23,589.0,82.0
36676,142.9,7.00,22.92,0.1604,6.23,589.0,82.0
36683,144.9,6.90,22.92,0.1581,6.32,589.0,82.0
36689,144.9,6.90,22.92,0.1581,6.32,589.0,82.0
36696,142.9,7.00,22.92,0.1604,6.23,589.0,82.0
36703,144.9,6.90,22.92,0.1581,6.32,589.0,82.0
36710,142.9,7.00,22.90,0.1603,6.24,589.0,82.0
36717,144.9,6.90,22.89,0.1579,6.33,589.0,82.0
36724,142.9,7.00,22.87,0.1601,6.25,589.0,82.0
36731,144.9,6.90,22.86,0.1577,6.34,589.0,82.0
36738,144.9,6.90,22.84,0.1576,6.34,589.0,82.0
36745,142.9,7.00,22.82,0.1598,6.26,589.0,82.0
36752,142.9,7.00,22.81,0.1597,6.27,589.0,82.0
36759,144.9,6.90,22.79,0.1573,6.36,589.0,82.0
36766,144.9,6.90,22.78,0.1572,6.36,589.0,82.0
36773,144.9,6.90,22.76,0.1571,6.37,589.0,82.0
36780,144.9,6.90,22.75,0.1570,6.37,589.0,82.0
36787,140.8,7.10,22.73,0.1614,6.19,589.0,82.0
36794,144.9,6.90,22.72,0.1567,6.38,589.0,82.0
36801,142.9,7.00,22.70,0.1589,6.30,589.0,82.0
36808,144.9,6.90,22.68,0.1565,6.39,589.0,82.0
36815,142.9,7.00,22.68,0.1588,6.30,589.0,82.0
36821,144.9,6.90,22.68,0.1565,6.39,589.0,82.0
36828,144.9,6.90,22.68,0.1565,6.39,589.0,82.0
36835,142.9,7.00,22.68,0.1588,6.30,589.0,82.0
36842,144.9,6.90,22.68,0.1565,6.39,589.0,82.0
36849,142.9,7.00,22.68,0.1588,6.30,589.0,82.0
36856,144.9,6.90,22.68,0.1565,6.39,589.0,82.0
36863,142.9,7.00,22.68,0.1588,6.30,589.0,82.0
36870,144.9,6.90,22.68,0.1565,6.39,589.0,82.0
36877,142.9,7.00,22.68,0.1588,6.30,589.0,82.0
36884,144.9,6.90,22.68,0.1565,6.39,589.0,82.0
36891,142.9,7.00,22.68,0.1588,6.30,589.0,82.0
36898,147.1,6.80,22.68,0.1542,6.49,589.0,82.0
36905,142.9,7.00,22.68,0.1588,6.30,589.0,82.0
36912,142.9,7.00,22.68,0.1588,6.30,589.0,82.0
36919,144.9,6.90,22.68,0.1565,6.39,589.0,82.0
36926,144.9,6.90,22.68,0.1565,6.39,589.0,82.0
36933,142.9,7.00,22.68,0.1588,6.30,589.0,82.0
36939,144.9,6.90,22.68,0.1565,6.39,589.0,82.0
36946,142.9,7.00,22.68,0.1588,6.30,589.0,82.0
36953,144.9,6.90,22.68,0.1565,6.39,589.0,82.0
36960,142.9,7.00,22.68,0.1588,6.30,589.0,82.0
36967,142.9,7.00,22.68,0.1588,6.30,589.0,82.0
36974,144.9,6.90,22.68,0.1565,6.39,589.0,82.0
36981,144.9,6.90,22.68,0.1565,6.39,589.0,82.0
36988,142.9,7.00,22.68,0.1588,6.30,589.0,82.0
36995,144.9,6.90,22.68,0.1565,6.39,589.0,82.0
37002,142.9,7.00,22.68,0.1588,6.30,589.0,82.0
37009,147.1,6.80,22.68,0.1542,6.49,589.0,82.0
37016,140.8,7.10,22.68,0.1610,6.21,589.0,82.0
37023,144.9,6.90,22.68,0.1565,6.39,589.0,82.0
37030,144.9,6.90,22.68,0.1565,6.39,589.0,82.0
37037,142.9,7.00,22.68,0.1588,6.30,589.0,82.0
37044,144.9,6.90,22.68,0.1565,6.39,589.0,82.0
37051,142.9,7.00,22.68,0.1588,6.30,589.0,82.0
37058,144.9,6.90,22.68,0.1565,6.39,589.0,82.0
37065,142.9,7.00,22.68,0.1588,6.30,589.0,82.0
37071,144.9,6.90,22.68,0.1565,6.39,589.0,82.0
37078,144.9,6.90,22.68,0.1565,6.39,589.0,82.0
37085,142.9,7.00,22.68,0.1588,6.30,589.0,82.0
37092,144.9,6.90,22.68,0.1565,6.39,589.0,82.0
37099,142.9,7.00,22.68,0.1588,6.30,589.0,82.0
37106,144.9,6.90,22.68,0.1565,6.39,589.0,82.0
37113,142.9,7.00,22.68,0.1588,6.30,589.0,82.0
37120,144.9,6.90,22.68,0.1565,6.39,589.0,82.0
37127,144.9,6.90,22.68,0.1565,6.39,589.0,82.0
37134,142.9,7.00,22.68,0.1588,6.30,589.0,82.0
37141,144.9,6.90,22.68,0.1565,6.39,589.0,82.0
37148,142.9,7.00,22.68,0.1588,6.30,589.0,82.0
37155,142.9,7.00,22.68,0.1588,6.30,589.0,82.0
37162,147.1,6.80,22.68,0.1542,6.49,589.0,82.0
37169,142.9,7.00,22.68,0.1588,6.30,589.0,82.0
37176,142.9,7.00,22.68,0.1588,6.30,589.0,82.0
37183,144.9,6.90,22.68,0.1565,6.39,589.0,82.0
37190,142.9,7.00,22.68,0.1588,6.30,589.0,82.0
37197,142.9,7.00,22.68,0.1588,6.30,589.0,82.0
37203,147.1,6.80,22.68,0.1542,6.49,589.0,82.0
37210,142.9,7.00,22.68,0.1588,6.30,589.0,82.0
37217,144.9,6.90,22.68,0.1565,6.39,589.0,82.0
37224,144.9,6.90,22.68,0.1565,6.39,589.0,82.0
37231,142.9,7.00,22.68,0.1588,6.30,589.0,82.0
37238,142.9,7.00,22.68,0.1588,6.30,589.0,82.0
37245,144.9,6.90,22.68,0.1565,6.39,589.0,82.0
37252,142.9,7.00,22.67,0.1587,6.30,589.0,82.0
37259,147.1,6.80,22.65,0.1540,6.49,589.0,82.0
37266,140.8,7.10,22.64,0.1607,6.22,589.0,82.0
37273,144.9,6.90,22.62,0.1561,6.41,589.0,82.0
37280,144.9,6.90,22.60,0.1560,6.41,589.0,82.0
37287,144.9,6.90,22.59,0.1559,6.41,589.0,82.0
37294,142.9,7.00,22.57,0.1580,6.33,589.0,82.0
37301,144.9,6.90,22.56,0.1556,6.42,589.0,82.0
37308,142.9,7.00,22.54,0.1578,6.34,589.0,82.0
37314,144.9,6.90,22.53,0.1554,6.43,589.0,82.0
37321,142.9,7.00,22.51,0.1576,6.35,589.0,82.0
37328,142.9,7.00,22.49,0.1575,6.35,589.0,82.0
37335,144.9,6.90,22.48,0.1551,6.45,589.0,82.0
37342,144.9,6.90,22.46,0.1550,6.45,589.0,82.0
37349,144.9,6.90,22.45,0.1549,6.46,589.0,82.0
37356,142.9,7.00,22.43,0.1570,6.37,589.0,82.0
37363,142.9,7.00,22.43,0.1570,6.37,589.0,82.0
37370,144.9,6.90,22.43,0.1548,6.46,589.0,82.0
37377,144.9,6.90,22.43,0.1548,6.46,589.0,82.0
37384,142.9,7.00,22.43,0.1570,6.37,589.0,82.0
37391,144.9,6.90,22.43,0.1548,6.46,589.0,82.0
37398,142.9,7.00,22.43,0.1570,6.37,589.0,82.0
37405,144.9,6.90,22.43,0.1548,6.46,589.0,82.0
37412,144.9,6.90,22.43,0.1548,6.46,589.0,82.0
37419,142.9,7.00,22.43,0.1570,6.37,589.0,82.0
37426,142.9,7.00,22.43,0.1570,6.37,589.0,82.0
37433,144.9,6.90,22.43,0.1548,6.46,589.0,82.0
37440,142.9,7.00,22.43,0.1570,6.37,589.0,82.0
37446,144.9,6.90,22.43,0.1548,6.46,589.0,82.0
37453,144.9,6.90,22.43,0.1548,6.46,589.0,82.0
37460,142.9,7.00,22.43,0.1570,6.37,589.0,82.0
37467,142.9,7.00,22.43,0.1570,6.37,589.0,82.0
37474,144.9,6.90,22.43,0.1548,6.46,589.0,82.0
37481,144.9,6.90,22.43,0.1548,6.46,589.0,82.0
37488,142.9,7.00,22.43,0.1570,6.37,589.0,82.0
37495,144.9,6.90,22.43,0.1548,6.46,589.0,82.0
37502,144.9,6.90,22.43,0.1548,6.46,589.0,82.0
37509,142.9,7.00,22.43,0.1570,6.37,589.0,82.0
37516,144.9,6.90,22.43,0.1548,6.46,589.0,82.0
37523,144.9,6.90,22.43,0.1548,6.46,589.0,82.0
37530,140.8,7.10,22.43,0.1593,6.28,589.0,82.0
37537,144.9,6.90,22.43,0.1548,6.46,589.0,82.0
37544,142.9,7.00,22.43,0.1570,6.37,589.0,82.0
37551,144.9,6.90,22.43,0.1548,6.46,589.0,82.0
37558,144.9,6.90,22.43,0.1548,6.46,589.0,82.0
37565,142.9,7.00,22.43,0.1570,6.37,589.0,82.0
37571,144.9,6.90,22.43,0.1548,6.46,589.0,82.0
37578,144.9,6.90,22.43,0.1548,6.46,589.0,82.0
37585,144.9,6.90,22.43,0.1548,6.46,589.0,82.0
37592,142.9,7.00,22.43,0.1570,6.37,589.0,82.0
37599,144.9,6.90,22.43,0.1548,6.46,589.0,82.0
37606,142.9,7.00,22.43,0.1570,6.37,589.0,82.0
37613,144.9,6.90,22.43,0.1548,6.46,589.0,82.0
37620,142.9,7.00,22.43,0.1570,6.37,589.0,82.0
37627,142.9,7.00,22.43,0.1570,6.37,589.0,82.0
37634,147.1,6.80,22.43,0.1525,6.56,589.0,82.0
37641,142.9,7.00,22.43,0.1570,6.37,589.0,82.0
37648,142.9,7.00,22.43,0.1570,6.37,589.0,82.0
37655,142.9,7.00,22.43,0.1570,6.37,589.0,82.0
37662,144.9,6.90,22.43,0.1548,6.46,589.0,82.0
37669,144.9,6.90,22.43,0.1548,6.46,589.0,82.0
37676,142.9,7.00,22.43,0.1570,6.37,589.0,82.0
37683,144.9,6.90,22.43,0.1548,6.46,589.0,82.0
37690,142.9,7.00,22.43,0.1570,6.37,589.0,82.0
37696,144.9,6.90,22.43,0.1548,6.46,589.0,82.0
37703,144.9,6.90,22.43,0.1548,6.46,589.0,82.0
37710,142.9,7.00,22.43,0.1570,6.37,589.0,82.0
37717,142.9,7.00,22.43,0.1570,6.37,589.0,82.0
37724,147.1,6.80,22.43,0.1525,6.56,589.0,82.0
37731,142.9,7.00,22.43,0.1570,6.37,589.0,82.0
37738,142.9,7.00,22.43,0.1570,6.37,589.0,82.0
37745,144.9,6.90,22.43,0.1548,6.46,589.0,82.0
37752,144.9,6.90,22.43,0.1548,6.46,589.0,82.0
37759,144.9,6.90,22.43,0.1548,6.46,589.0,82.0
37766,142.9,7.00,22.43,0.1570,6.37,589.0,82.0
37773,144.9,6.90,22.43,0.1548,6.46,589.0,82.0
37780,140.8,7.10,22.43,0.1593,6.28,589.0,82.0
37787,144.9,6.90,22.43,0.1548,6.46,589.0,82.0
37794,144.9,6.90,22.43,0.1548,6.46,589.0,82.0
37801,144.9,6.90,22.44,0.1548,6.46,589.0,82.0
37808,142.9,7.00,22.45,0.1571,6.37,589.0,82.0
37814,144.9,6.90,22.45,0.1549,6.45,589.0,82.0
37821,142.9,7.00,22.46,0.1572,6.36,589.0,82.0
37828,144.9,6.90,22.47,0.1550,6.45,589.0,82.0
37835,142.9,7.00,22.48,0.1573,6.36,589.0,82.0
37842,144.9,6.90,22.48,0.1551,6.45,589.0,82.0
37849,144.9,6.90,22.49,0.1552,6.44,589.0,82.0
37856,142.9,7.00,22.50,0.1575,6.35,589.0,82.0
37863,144.9,6.90,22.50,0.1553,6.44,589.0,82.0
37870,142.9,7.00,22.51,0.1576,6.35,589.0,82.0
37877,142.9,7.00,22.52,0.1576,6.35,589.0,82.0
37884,144.9,6.90,22.52,0.1554,6.43,589.0,82.0
37891,144.9,6.90,22.53,0.1555,6.43,589.0,82.0
37898,144.9,6.90,22.54,0.1555,6.43,589.0,82.0
37905,142.9,7.00,22.54,0.1578,6.34,589.0,82.0
37912,144.9,6.90,22.54,0.1555,6.43,589.0,82.0
37919,142.9,7.00,22.54,0.1578,6.34,589.0,82.0
37926,144.9,6.90,22.54,0.1555,6.43,589.0,82.0
37933,142.9,7.00,22.54,0.1578,6.34,589.0,82.0
37939,144.9,6.90,22.54,0.1555,6.43,589.0,82.0
37946,142.9,7.00,22.54,0.1578,6.34,589.0,82.0
37953,144.9,6.90,22.54,0.1555,6.43,589.0,82.0
37960,142.9,7.00,22.54,0.1578,6.34,589.0,82.0
37967,144.9,6.90,22.54,0.1555,6.43,589.0,82.0
37974,144.9,6.90,22.54,0.1555,6.43,589.0,82.0
37981,142.9,7.00,22.54,0.1578,6.34,589.0,82.0
37988,144.9,6.90,22.54,0.1555,6.43,589.0,82.0
37995,142.9,7.00,22.54,0.1578,6.34,589.0,82.0
38002,144.9,6.90,22.54,0.1555,6.43,589.0,82.0
38009,142.9,7.00,22.54,0.1578,6.34,589.0,82.0
38016,144.9,6.90,22.54,0.1555,6.43,589.0,82.0
38023,144.9,6.90,22.54,0.1555,6.43,589.0,82.0
38030,142.9,7.00,22.54,0.1578,6.34,589.0,82.0
38037,144.9,6.90,22.54,0.1555,6.43,589.0,82.0
38044,142.9,7.00,22.54,0.1578,6.34,589.0,82.0
38051,144.9,6.90,22.54,0.1555,6.43,589.0,82.0
38057,144.9,6.90,22.54,0.1555,6.43,589.0,82.0
38065,140.8,7.10,22.54,0.1600,6.25,589.0,82.0
38071,144.9,6.90,22.54,0.1555,6.43,589.0,82.0
38078,144.9,6.90,22.54,0.1555,6.43,589.0,82.0
38085,142.9,7.00,22.54,0.1578,6.34,589.0,82.0
38092,142.9,7.00,22.54,0.1578,6.34,589.0,82.0
38099,144.9,6.90,22.54,0.1555,6.43,589.0,82.0
38106,144.9,6.90,22.54,0.1555,6.43,589.0,82.0
38113,144.9,6.90,22.54,0.1555,6.43,589.0,82.0
38120,144.9,6.90,22.54,0.1555,6.43,589.0,82.0
38127,142.9,7.00,22.54,0.1578,6.34,589.0,82.0
38134,142.9,7.00,22.54,0.1578,6.34,589.0,82.0
38141,144.9,6.90,22.54,0.1555,6.43,589.0,82.0
38148,142.9,7.00,22.54,0.1578,6.34,589.0,82.0
38155,147.1,6.80,22.54,0.1533,6.53,589.0,82.0
38162,140.8,7.10,22.54,0.1600,6.25,589.0,82.0
38169,147.1,6.80,22.54,0.1533,6.53,589.0,82.0
38176,142.9,7.00,22.54,0.1578,6.34,589.0,82.0
38183,142.9,7.00,22.54,0.1578,6.34,589.0,82.0
38189,144.9,6.90,22.54,0.1555,6.43,589.0,82.0
38196,142.9,7.00,22.54,0.1578,6.34,589.0,82.0
38203,144.9,6.90,22.54,0.1555,6.43,589.0,82.0
38210,142.9,7.00,22.54,0.1578,6.34,589.0,82.0
38217,144.9,6.90,22.54,0.1555,6.43,589.0,82.0
38224,142.9,7.00,22.54,0.1578,6.34,589.0,82.0
38231,147.1,6.80,22.54,0.1533,6.53,589.0,82.0
38238,140.8,7.10,22.57,0.1603,6.24,589.0,82.0
38245,144.9,6.90,22.60,0.1559,6.41,589.0,82.0
38252,144.9,6.90,22.62,0.1561,6.40,589.0,82.0
38259,142.9,7.00,22.65,0.1586,6.31,589.0,82.0
38266,142.9,7.00,22.68,0.1588,6.30,589.0,82.0
38273,147.1,6.80,22.71,0.1544,6.48,589.0,82.0
38280,142.9,7.00,22.73,0.1591,6.29,589.0,82.0
38287,144.9,6.90,22.76,0.1570,6.37,589.0,82.0
38294,142.9,7.00,22.79,0.1595,6.27,589.0,82.0
38301,144.9,6.90,22.81,0.1574,6.35,589.0,82.0
38307,144.9,6.90,22.84,0.1576,6.35,589.0,82.0
38314,142.9,7.00,22.86,0.1600,6.25,589.0,82.0
38321,142.9,7.00,22.89,0.1602,6.24,589.0,82.0
38328,147.1,6.80,22.92,0.1558,6.42,589.0,82.0
38335,142.9,7.00,22.94,0.1606,6.23,589.0,82.0
38342,142.9,7.00,22.96,0.1607,6.22,589.0,82.0
38349,142.9,7.00,22.96,0.1607,6.22,589.0,82.0
38356,144.9,6.90,22.96,0.1584,6.31,589.0,82.0
38363,144.9,6.90,22.96,0.1584,6.31,589.0,82.0
38370,144.9,6.90,22.96,0.1584,6.31,589.0,82.0
38377,142.9,7.00,22.96,0.1607,6.22,589.0,82.0
38384,144.9,6.90,22.96,0.1584,6.31,589.0,82.0
38391,142.9,7.00,22.96,0.1607,6.22,589.0,82.0
38398,142.9,7.00,22.96,0.1607,6.22,589.0,82.0
38405,144.9,6.90,22.96,0.1584,6.31,589.0,82.0
38412,142.9,7.00,22.96,0.1607,6.22,589.0,82.0
38419,144.9,6.90,22.96,0.1584,6.31,589.0,82.0
38426,144.9,6.90,22.96,0.1584,6.31,589.0,82.0
38433,140.8,7.10,22.96,0.1630,6.13,589.0,82.0
38439,147.1,6.80,22.96,0.1561,6.41,589.0,82.0
38446,142.9,7.00,22.96,0.1607,6.22,589.0,82.0
38453,142.9,7.00,22.96,0.1607,6.22,589.0,82.0
38460,144.9,6.90,22.96,0.1584,6.31,589.0,82.0
38467,144.9,6.90,22.96,0.1584,6.31,589.0,82.0
38474,142.9,7.00,22.96,0.1607,6.22,589.0,82.0
38481,144.9,6.90,22.96,0.1584,6.31,589.0,82.0
38488,142.9,7.00,22.96,0.1607,6.22,589.0,82.0
38495,144.9,6.90,22.96,0.1584,6.31,589.0,82.0
38502,144.9,6.90,22.96,0.1584,6.31,589.0,82.0
38509,144.9,6.90,22.96,0.1584,6.31,589.0,82.0
38516,140.8,7.10,22.96,0.1630,6.13,589.0,82.0
38523,147.1,6.80,22.96,0.1561,6.41,589.0,82.0
38530,142.9,7.00,22.96,0.1607,6.22,589.0,82.0
38537,144.9,6.90,22.96,0.1584,6.31,589.0,82.0
38544,142.9,7.00,22.96,0.1607,6.22,589.0,82.0
38551,144.9,6.90,22.96,0.1584,6.31,589.0,82.0
38558,142.9,7.00,22.96,0.1607,6.22,589.0,82.0
38564,144.9,6.90,22.96,0.1584,6.31,589.0,82.0
38571,142.9,7.00,22.96,0.1607,6.22,589.0,82.0
38578,147.1,6.80,22.96,0.1561,6.41,589.0,82.0
38585,142.9,7.00,22.96,0.1607,6.22,589.0,82.0
38592,142.9,7.00,22.96,0.1607,6.22,589.0,82.0
38599,142.9,7.00,22.96,0.1607,6.22,589.0,82.0
38606,144.9,6.90,22.96,0.1584,6.31,589.0,82.0
38613,144.9,6.90,22.96,0.1584,6.31,589.0,82.0
38620,142.9,7.00,22.96,0.1607,6.22,589.0,82.0
38627,144.9,6.90,22.96,0.1584,6.31,589.0,82.0
38634,142.9,7.00,22.96,0.1607,6.22,589.0,82.0
38641,144.9,6.90,22.96,0.1584,6.31,589.0,82.0
38648,142.9,7.00,22.96,0.1607,6.22,589.0,82.0
38655,144.9,6.90,22.96,0.1584,6.31,589.0,82.0
38662,144.9,6.90,22.96,0.1584,6.31,589.0,82.0
38669,142.9,7.00,22.96,0.1607,6.22,589.0,82.0
38676,144.9,6.90,22.96,0.1584,6.31,589.0,82.0
38682,144.9,6.90,22.96,0.1584,6.31,589.0,82.0
38689,142.9,7.00,22.96,0.1607,6.22,589.0,82.0
38696,142.9,7.00,22.96,0.1607,6.22,589.0,82.0
38703,144.9,6.90,22.96,0.1584,6.31,589.0,82.0
38710,142.9,7.00,22.96,0.1607,6.22,589.0,82.0
38717,144.9,6.90,22.96,0.1584,6.31,589.0,82.0
38724,144.9,6.90,22.96,0.1584,6.31,589.0,82.0
38731,142.9,7.00,22.96,0.1607,6.22,589.0,82.0
38738,144.9,6.90,22.96,0.1584,6.31,589.0,82.0
38745,144.9,6.90,22.96,0.1584,6.31,589.0,82.0
38752,142.9,7.00,22.96,0.1607,6.22,589.0,82.0
38759,142.9,7.00,22.96,0.1607,6.22,589.0,82.0
38766,144.9,6.90,22.96,0.1584,6.31,589.0,82.0
38773,144.9,6.90,22.96,0.1584,6.31,589.0,82.0
38780,142.9,7.00,22.97,0.1608,6.22,589.0,82.0
38787,142.9,7.00,23.00,0.1610,6.21,589.0,82.0
38794,144.9,6.90,23.02,0.1589,6.29,589.0,82.0
38801,142.9,7.00,23.05,0.1614,6.20,589.0,82.0
38807,147.1,6.80,23.07,0.1569,6.38,589.0,82.0
38814,142.9,7.00,23.10,0.1617,6.19,589.0,82.0
38821,144.9,6.90,23.12,0.1595,6.27,589.0,82.0
38828,144.9,6.90,23.15,0.1597,6.26,589.0,82.0
38835,142.9,7.00,23.17,0.1622,6.17,589.0,82.0
38842,142.9,7.00,23.20,0.1624,6.16,589.0,82.0
38849,144.9,6.90,23.22,0.1602,6.24,589.0,82.0
38856,142.9,7.00,23.25,0.1627,6.15,589.0,82.0
38863,144.9,6.90,23.27,0.1606,6.23,589.0,82.0
38870,142.9,7.00,23.30,0.1631,6.13,589.0,82.0
38877,144.9,6.90,23.32,0.1609,6.21,589.0,82.0
38884,144.9,6.90,23.35,0.1611,6.21,589.0,82.0
38891,142.9,7.00,23.35,0.1635,6.12,589.0,82.0
38898,142.9,7.00,23.35,0.1635,6.12,589.0,82.0
38905,147.1,6.80,23.35,0.1588,6.30,589.0,82.0
38912,142.9,7.00,23.35,0.1635,6.12,589.0,82.0
38919,142.9,7.00,23.35,0.1635,6.12,589.0,82.0
38926,144.9,6.90,23.35,0.1611,6.21,589.0,82.0
38932,144.9,6.90,23.35,0.1611,6.21,589.0,82.0
38939,142.9,7.00,23.35,0.1635,6.12,589.0,82.0
38946,144.9,6.90,23.35,0.1611,6.21,589.0,82.0
38953,142.9,7.00,23.35,0.1635,6.12,589.0,82.0
38960,144.9,6.90,23.35,0.1611,6.21,589.0,82.0
38967,142.9,7.00,23.35,0.1635,6.12,589.0,82.0
38974,144.9,6.90,23.35,0.1611,6.21,589.0,82.0
38981,142.9,7.00,23.35,0.1635,6.12,589.0,82.0
38988,144.9,6.90,23.35,0.1611,6.21,589.0,82.0
38995,144.9,6.90,23.35,0.1611,6.21,589.0,82.0
39002,142.9,7.00,23.35,0.1635,6.12,589.0,82.0
39009,142.9,7.00,23.35,0.1635,6.12,589.0,82.0
39016,144.9,6.90,23.35,0.1611,6.21,589.0,82.0
39023,144.9,6.90,23.35,0.1611,6.21,589.0,82.0
39030,142.9,7.00,23.35,0.1635,6.12,589.0,82.0
39037,144.9,6.90,23.35,0.1611,6.21,589.0,82.0
39044,142.9,7.00,23.35,0.1635,6.12,589.0,82.0
39051,142.9,7.00,23.35,0.1635,6.12,589.0,82.0
39058,144.9,6.90,23.35,0.1611,6.21,589.0,82.0
39064,144.9,6.90,23.35,0.1611,6.21,589.0,82.0
39071,144.9,6.90,23.35,0.1611,6.21,589.0,82.0
39078,142.9,7.00,23.35,0.1635,6.12,589.0,82.0
39085,144.9,6.90,23.35,0.1611,6.21,589.0,82.0
39092,142.9,7.00,23.35,0.1635,6.12,589.0,82.0
39099,144.9,6.90,23.35,0.1611,6.21,589.0,82.0
39106,142.9,7.00,23.35,0.1635,6.12,589.0,82.0
39113,144.9,6.90,23.35,0.1611,6.21,589.0,82.0
39120,144.9,6.90,23.35,0.1611,6.21,589.0,82.0
39127,142.9,7.00,23.35,0.1635,6.12,589.0,82.0
39134,142.9,7.00,23.35,0.1635,6.12,589.0,82.0
39141,144.9,6.90,23.35,0.1611,6.21,589.0,82.0
39148,144.9,6.90,23.35,0.1611,6.21,589.0,82.0
39155,142.9,7.00,23.35,0.1635,6.12,589.0,82.0
39162,144.9,6.90,23.35,0.1611,6.21,589.0,82.0
39169,142.9,7.00,23.35,0.1635,6.12,589.0,82.0
39176,142.9,7.00,23.35,0.1635,6.12,589.0,82.0
39182,147.1,6.80,23.35,0.1588,6.30,589.0,82.0
39189,142.9,7.00,23.35,0.1635,6.12,589.0,82.0
39196,142.9,7.00,23.35,0.1635,6.12,589.0,82.0
39203,144.9,6.90,23.35,0.1611,6.21,589.0,82.0
39210,144.9,6.90,23.35,0.1611,6.21,589.0,82.0
39217,144.9,6.90,23.36,0.1612,6.20,589.0,82.0
39224,142.9,7.00,23.38,0.1636,6.11,589.0,82.0
39231,144.9,6.90,23.39,0.1614,6.19,589.0,82.0
39238,142.9,7.00,23.41,0.1639,6.10,589.0,82.0
39245,144.9,6.90,23.42,0.1616,6.19,589.0,82.0
39252,142.9,7.00,23.44,0.1641,6.10,589.0,82.0
39259,144.9,6.90,23.46,0.1619,6.18,589.0,82.0
39266,142.9,7.00,23.47,0.1643,6.09,589.0,82.0
39273,144.9,6.90,23.49,0.1621,6.17,589.0,82.0
39280,142.9,7.00,23.50,0.1645,6.08,589.0,82.0
39287,144.9,6.90,23.52,0.1623,6.16,589.0,82.0
39294,142.9,7.00,23.54,0.1648,6.07,589.0,82.0
39301,144.9,6.90,23.55,0.1625,6.15,589.0,82.0
39307,144.9,6.90,23.57,0.1626,6.15,589.0,82.0
39314,142.9,7.00,23.58,0.1651,6.06,589.0,82.0
39321,144.9,6.90,23.60,0.1628,6.14,589.0,82.0
39328,142.9,7.00,23.60,0.1652,6.06,589.0,82.0
39335,144.9,6.90,23.60,0.1628,6.14,589.0,82.0
39342,142.9,7.00,23.60,0.1652,6.06,589.0,82.0
39349,144.9,6.90,23.60,0.1628,6.14,589.0,82.0
39356,144.9,6.90,23.60,0.1628,6.14,589.0,82.0
39363,142.9,7.00,23.60,0.1652,6.06,589.0,82.0
39370,144.9,6.90,23.60,0.1628,6.14,589.0,82.0
39377,142.9,7.00,23.60,0.1652,6.06,589.0,82.0
39384,142.9,7.00,23.60,0.1652,6.06,589.0,82.0
39391,144.9,6.90,23.60,0.1628,6.14,589.0,82.0
39398,144.9,6.90,23.60,0.1628,6.14,589.0,82.0
39405,142.9,7.00,23.60,0.1652,6.06,589.0,82.0
39412,144.9,6.90,23.60,0.1628,6.14,589.0,82.0
39419,144.9,6.90,23.60,0.1628,6.14,589.0,82.0
39426,142.9,7.00,23.60,0.1652,6.06,589.0,82.0
39432,144.9,6.90,23.60,0.1628,6.14,589.0,82.0
39439,142.9,7.00,23.60,0.1652,6.06,589.0,82.0
39446,144.9,6.90,23.60,0.1628,6.14,589.0,82.0
39453,142.9,7.00,23.60,0.1652,6.06,589.0,82.0
39460,144.9,6.90,23.60,0.1628,6.14,589.0,82.0
39467,142.9,7.00,23.60,0.1652,6.06,589.0,82.0
39474,144.9,6.90,23.60,0.1628,6.14,589.0,82.0
39481,142.9,7.00,23.60,0.1652,6.06,589.0,82.0
39488,144.9,6.90,23.60,0.1628,6.14,589.0,82.0
39495,142.9,7.00,23.60,0.1652,6.06,589.0,82.0
39502,144.9,6.90,23.60,0.1628,6.14,589.0,82.0
39509,144.9,6.90,23.60,0.1628,6.14,589.0,82.0
39516,142.9,7.00,23.60,0.1652,6.06,589.0,82.0
39523,142.9,7.00,23.60,0.1652,6.06,589.0,82.0
39530,144.9,6.90,23.60,0.1628,6.14,589.0,82.0
39537,144.9,6.90,23.60,0.1628,6.14,589.0,82.0
39544,142.9,7.00,23.60,0.1652,6.06,589.0,82.0
39551,144.9,6.90,23.60,0.1628,6.14,589.0,82.0
39557,144.9,6.90,23.60,0.1628,6.14,589.0,82.0
39564,142.9,7.00,23.60,0.1652,6.06,589.0,82.0
39571,144.9,6.90,23.60,0.1628,6.14,589.0,82.0
39578,142.9,7.00,23.60,0.1652,6.06,589.0,82.0
39585,142.9,7.00,23.60,0.1652,6.06,589.0,82.0
39592,144.9,6.90,23.60,0.1628,6.14,589.0,82.0
39599,144.9,6.90,23.60,0.1628,6.14,589.0,82.0
39606,142.9,7.00,23.60,0.1652,6.06,589.0,82.0
39613,144.9,6.90,23.60,0.1628,6.14,589.0,82.0
39620,144.9,6.90,23.60,0.1628,6.14,589.0,82.0
39627,142.9,7.00,23.60,0.1652,6.06,589.0,82.0
39634,144.9,6.90,23.60,0.1628,6.14,589.0,82.0
39641,142.9,7.00,23.60,0.1652,6.06,589.0,82.0
39648,142.9,7.00,23.60,0.1652,6.06,589.0,82.0
39655,144.9,6.90,23.60,0.1628,6.14,589.0,82.0
39662,144.9,6.90,23.60,0.1628,6.14,589.0,82.0
39669,144.9,6.90,23.60,0.1628,6.14,589.0,82.0
39676,142.9,7.00,23.60,0.1652,6.06,589.0,82.0
39682,144.9,6.90,23.60,0.1628,6.14,589.0,82.0
39689,142.9,7.00,23.60,0.1652,6.06,589.0,82.0
39696,144.9,6.90,23.60,0.1628,6.14,589.0,82.0
39703,142.9,7.00,23.60,0.1652,6.06,589.0,82.0
39710,142.9,7.00,23.60,0.1652,6.06,589.0,82.0
39717,144.9,6.90,23.60,0.1628,6.14,589.0,82.0
39724,144.9,6.90,23.60,0.1628,6.14,589.0,82.0
39731,144.9,6.90,23.60,0.1628,6.14,589.0,82.0
39738,140.8,7.10,23.60,0.1676,5.97,589.0,82.0
39745,144.9,6.90,23.60,0.1628,6.14,589.0,82.0
39752,144.9,6.90,23.60,0.1628,6.14,589.0,82.0
39759,144.9,6.90,23.60,0.1629,6.14,589.0,82.0
39766,142.9,7.00,23.61,0.1653,6.05,589.0,82.0
39773,140.8,7.10,23.62,0.1677,5.96,589.0,82.0
39780,147.1,6.80,23.63,0.1607,6.23,589.0,82.0
39787,144.9,6.90,23.64,0.1631,6.13,589.0,82.0
39794,142.9,7.00,23.64,0.1655,6.04,589.0,82.0
39801,144.9,6.90,23.65,0.1632,6.13,589.0,82.0
39808,142.9,7.00,23.66,0.1656,6.04,589.0,82.0
39814,144.9,6.90,23.67,0.1633,6.12,589.0,82.0
39821,144.9,6.90,23.68,0.1634,6.12,589.0,82.0
39828,142.9,7.00,23.68,0.1658,6.03,589.0,82.0
39835,144.9,6.90,23.69,0.1635,6.12,589.0,82.0
39842,144.9,6.90,23.70,0.1635,6.11,589.0,82.0
39849,142.9,7.00,23.71,0.1660,6.03,589.0,82.0
39856,142.9,7.00,23.72,0.1660,6.03,589.0,82.0
39863,144.9,6.90,23.73,0.1637,6.11,589.0,82.0
39870,144.9,6.90,23.73,0.1637,6.11,589.0,82.0
39877,142.9,7.00,23.73,0.1661,6.02,589.0,82.0
39884,147.1,6.80,23.73,0.1614,6.20,589.0,82.0
39891,140.8,7.10,23.73,0.1685,5.93,589.0,82.0
39898,144.9,6.90,23.73,0.1637,6.11,589.0,82.0
39905,142.9,7.00,23.73,0.1661,6.02,589.0,82.0
39912,144.9,6.90,23.73,0.1637,6.11,589.0,82.0
39919,142.9,7.00,23.73,0.1661,6.02,589.0,82.0
39926,144.9,6.90,23.73,0.1637,6.11,589.0,82.0
39932,144.9,6.90,23.73,0.1637,6.11,589.0,82.0
39939,142.9,7.00,23.73,0.1661,6.02,589.0,82.0
39946,142.9,7.00,23.73,0.1661,6.02,589.0,82.0
39953,147.1,6.80,23.73,0.1614,6.20,589.0,82.0
39960,142.9,7.00,23.73,0.1661,6.02,589.0,82.0
39967,142.9,7.00,23.73,0.1661,6.02,589.0,82.0
39974,144.9,6.90,23.73,0.1637,6.11,589.0,82.0
39981,144.9,6.90,23.73,0.1637,6.11,589.0,82.0
39988,142.9,7.00,23.73,0.1661,6.02,589.0,82.0
39995,147.1,6.80,23.73,0.1614,6.20,589.0,82.0
40002,140.8,7.10,23.73,0.1685,5.93,589.0,82.0
40009,144.9,6.90,23.73,0.1637,6.11,589.0,82.0
40016,142.9,7.00,23.73,0.1661,6.02,589.0,82.0
40023,142.9,7.00,23.73,0.1661,6.02,589.0,82.0
40030,144.9,6.90,23.73,0.1637,6.11,589.0,82.0
40037,144.9,6.90,23.73,0.1637,6.11,589.0,82.0
40044,142.9,7.00,23.73,0.1661,6.02,589.0,82.0
40051,144.9,6.90,23.73,0.1637,6.11,589.0,82.0
40058,142.9,7.00,23.73,0.1661,6.02,589.0,82.0
40064,147.1,6.80,23.73,0.1614,6.20,589.0,82.0
40071,142.9,7.00,23.73,0.1661,6.02,589.0,82.0
40078,142.9,7.00,23.73,0.1661,6.02,589.0,82.0
40085,144.9,6.90,23.73,0.1637,6.11,589.0,82.0
40092,144.9,6.90,23.73,0.1637,6.11,589.0,82.0
40099,142.9,7.00,23.73,0.1661,6.02,589.0,82.0
40106,142.9,7.00,23.73,0.1661,6.02,589.0,82.0
40113,142.9,7.00,23.73,0.1661,6.02,589.0,82.0
40120,144.9,6.90,23.73,0.1637,6.11,589.0,82.0
40127,144.9,6.90,23.73,0.1637,6.11,589.0,82.0
40134,144.9,6.90,23.73,0.1637,6.11,589.0,82.0
40141,142.9,7.00,23.73,0.1661,6.02,589.0,82.0
40148,144.9,6.90,23.73,0.1637,6.11,589.0,82.0
40155,142.9,7.00,23.73,0.1661,6.02,589.0,82.0
40162,144.9,6.90,23.73,0.1637,6.11,589.0,82.0
40169,144.9,6.90,23.73,0.1637,6.11,589.0,82.0
40176,142.9,7.00,23.73,0.1661,6.02,589.0,82.0
40182,144.9,6.90,23.73,0.1637,6.11,589.0,82.0
40189,142.9,7.00,23.73,0.1661,6.02,589.0,82.0
40196,144.9,6.90,23.73,0.1637,6.11,589.0,82.0
40203,142.9,7.00,23.73,0.1661,6.02,589.0,82.0
40210,144.9,6.90,23.73,0.1637,6.11,589.0,82.0
40217,142.9,7.00,23.73,0.1661,6.02,589.0,82.0
40224,142.9,7.00,23.73,0.1661,6.02,589.0,82.0
40231,144.9,6.90,23.73,0.1637,6.11,589.0,82.0
40238,144.9,6.90,23.73,0.1637,6.11,589.0,82.0
40245,142.9,7.00,23.73,0.1661,6.02,589.0,82.0
40252,144.9,6.90,23.73,0.1637,6.11,589.0,82.0
40259,142.9,7.00,23.73,0.1661,6.02,589.0,82.0
40266,144.9,6.90,23.73,0.1637,6.11,589.0,82.0
40273,144.9,6.90,23.73,0.1637,6.11,589.0,82.0
40280,142.9,7.00,23.73,0.1661,6.02,589.0,82.0
40287,144.9,6.90,23.73,0.1637,6.11,589.0,82.0
40294,142.9,7.00,23.73,0.1661,6.02,589.0,82.0
40301,144.9,6.90,23.73,0.1637,6.11,589.0,82.0
40307,144.9,6.90,23.73,0.1637,6.11,589.0,82.0
40314,142.9,7.00,23.73,0.1661,6.02,589.0,82.0
40321,144.9,6.90,23.73,0.1637,6.11,589.0,82.0
40328,142.9,7.00,23.73,0.1661,6.02,589.0,82.0
40335,144.9,6.90,23.73,0.1637,6.11,589.0,82.0
40342,142.9,7.00,23.73,0.1661,6.02,589.0,82.0
40349,144.9,6.90,23.73,0.1637,6.11,589.0,82.0
40356,142.9,7.00,23.73,0.1661,6.02,589.0,82.0
40363,144.9,6.90,23.73,0.1637,6.11,589.0,82.0
40370,144.9,6.90,23.73,0.1637,6.11,589.0,82.0
40377,142.9,7.00,23.73,0.1661,6.02,589.0,82.0
40384,144.9,6.90,23.73,0.1637,6.11,589.0,82.0
40391,142.9,7.00,23.73,0.1661,6.02,589.0,82.0
40398,144.9,6.90,23.73,0.1637,6.11,589.0,82.0
40405,142.9,7.00,23.73,0.1661,6.02,589.0,82.0
40412,144.9,6.90,23.73,0.1637,6.11,589.0,82.0
40419,144.9,6.90,23.73,0.1637,6.11,589.0,82.0
40426,142.9,7.00,23.73,0.1661,6.02,589.0,82.0
40432,144.9,6.90,23.73,0.1637,6.11,589.0,82.0
40439,144.9,6.90,23.73,0.1637,6.11,589.0,82.0
40446,142.9,7.00,23.73,0.1661,6.02,589.0,82.0
40453,142.9,7.00,23.73,0.1661,6.02,589.0,82.0
40460,144.9,6.90,23.73,0.1637,6.11,589.0,82.0
40467,142.9,7.00,23.73,0.1661,6.02,589.0,82.0
40474,144.9,6.90,23.73,0.1637,6.11,589.0,82.0
40481,142.9,7.00,23.73,0.1661,6.02,589.0,82.0
40488,144.9,6.90,23.73,0.1637,6.11,589.0,82.0
40495,144.9,6.90,23.73,0.1637,6.11,589.0,82.0
40502,142.9,7.00,23.73,0.1661,6.02,589.0,82.0
40509,147.1,6.80,23.73,0.1614,6.20,589.0,82.0
40516,140.8,7.10,23.73,0.1685,5.93,589.0,82.0
40523,144.9,6.90,23.73,0.1637,6.11,589.0,82.0
40530,142.9,7.00,23.73,0.1661,6.02,589.0,82.0
40537,144.9,6.90,23.73,0.1637,6.11,589.0,82.0
40544,144.9,6.90,23.73,0.1637,6.11,589.0,82.0
40551,142.9,7.00,23.73,0.1661,6.02,589.0,82.0
40557,144.9,6.90,23.73,0.1637,6.11,589.0,82.0
40564,142.9,7.00,23.73,0.1661,6.02,589.0,82.0
40571,142.9,7.00,23.73,0.1661,6.02,589.0,82.0
40578,147.1,6.80,23.73,0.1614,6.20,589.0,82.0
40585,140.8,7.10,23.73,0.1685,5.93,589.0,82.0
40592,144.9,6.90,23.73,0.1637,6.11,589.0,82.0
40599,144.9,6.90,23.73,0.1637,6.11,589.0,82.0
40606,144.9,6.90,23.73,0.1637,6.11,589.0,82.0
40613,142.9,7.00,23.73,0.1661,6.02,589.0,82.0
40620,142.9,7.00,23.73,0.1661,6.02,589.0,82.0
40627,144.9,6.90,23.73,0.1637,6.11,589.0,82.0
40634,144.9,6.90,23.73,0.1637,6.11,589.0,82.0
40641,144.9,6.90,23.73,0.1637,6.11,589.0,82.0
40648,142.9,7.00,23.73,0.1661,6.02,589.0,82.0
40655,144.9,6.90,23.73,0.1637,6.11,589.0,82.0
40662,142.9,7.00,23.73,0.1661,6.02,589.0,82.0
40669,142.9,7.00,23.73,0.1661,6.02,589.0,82.0
40676,144.9,6.90,23.73,0.1637,6.11,589.0,82.0
40682,144.9,6.90,23.73,0.1637,6.11,589.0,82.0
40689,144.9,6.90,23.73,0.1637,6.11,589.0,82.0
40696,142.9,7.00,23.73,0.1661,6.02,589.0,82.0
40703,142.9,7.00,23.73,0.1661,6.02,589.0,82.0
40710,142.9,7.00,23.73,0.1661,6.02,589.0,82.0
40717,147.1,6.80,23.73,0.1614,6.20,589.0,82.0
40724,142.9,7.00,23.73,0.1661,6.02,589.0,82.0
40731,142.9,7.00,23.73,0.1661,6.02,589.0,82.0
40738,144.9,6.90,23.73,0.1637,6.11,589.0,82.0
40745,144.9,6.90,23.73,0.1637,6.11,589.0,82.0
40752,142.9,7.00,23.72,0.1660,6.03,589.0,82.0
40759,142.9,7.00,23.70,0.1659,6.03,589.0,82.0
40766,144.9,6.90,23.69,0.1635,6.12,589.0,82.0
40773,144.9,6.90,23.68,0.1634,6.12,589.0,82.0
40780,144.9,6.90,23.66,0.1633,6.12,589.0,82.0
40787,142.9,7.00,23.65,0.1656,6.04,589.0,82.0
40794,142.9,7.00,23.64,0.1655,6.05,589.0,82.0
40801,144.9,6.90,23.63,0.1630,6.13,589.0,82.0
40807,144.9,6.90,23.61,0.1629,6.14,589.0,82.0
40814,142.9,7.00,23.60,0.1652,6.05,589.0,82.0
40821,144.9,6.90,23.59,0.1628,6.14,589.0,82.0
40828,142.9,7.00,23.58,0.1650,6.06,589.0,82.0
40835,142.9,7.00,23.56,0.1649,6.06,589.0,82.0
40842,144.9,6.90,23.55,0.1625,6.15,589.0,82.0
40849,144.9,6.90,23.54,0.1624,6.16,589.0,82.0
40856,142.9,7.00,23.53,0.1647,6.07,589.0,82.0
40863,144.9,6.90,23.53,0.1624,6.16,589.0,82.0
40870,142.9,7.00,23.53,0.1647,6.07,589.0,82.0
40877,144.9,6.90,23.53,0.1624,6.16,589.0,82.0
40884,144.9,6.90,23.53,0.1624,6.16,589.0,82.0
40891,142.9,7.00,23.53,0.1647,6.07,589.0,82.0
40898,144.9,6.90,23.53,0.1624,6.16,589.0,82.0
40905,142.9,7.00,23.53,0.1647,6.07,589.0,82.0
40912,144.9,6.90,23.53,0.1624,6.16,589.0,82.0
40919,144.9,6.90,23.53,0.1624,6.16,589.0,82.0
40926,142.9,7.00,23.53,0.1647,6.07,589.0,82.0
40933,142.9,7.00,23.53,0.1647,6.07,589.0,82.0
40939,147.1,6.80,23.53,0.1600,6.25,589.0,82.0
40946,142.9,7.00,23.53,0.1647,6.07,589.0,82.0
40953,142.9,7.00,23.53,0.1647,6.07,589.0,82.0
40960,144.9,6.90,23.53,0.1624,6.16,589.0,82.0
40967,144.9,6.90,23.53,0.1624,6.16,589.0,82.0
40974,142.9,7.00,23.53,0.1647,6.07,589.0,82.0
40981,142.9,7.00,23.53,0.1647,6.07,589.0,82.0
40988,144.9,6.90,23.53,0.1624,6.16,589.0,82.0
40995,142.9,7.00,23.53,0.1647,6.07,589.0,82.0
41002,147.1,6.80,23.53,0.1600,6.25,589.0,82.0
41009,142.9,7.00,23.53,0.1647,6.07,589.0,82.0
41016,144.9,6.90,23.53,0.1624,6.16,589.0,82.0
41023,142.9,7.00,23.53,0.1647,6.07,589.0,82.0
41030,142.9,7.00,23.53,0.1647,6.07,589.0,82.0
41037,144.9,6.90,23.53,0.1624,6.16,589.0,82.0
41044,144.9,6.90,23.53,0.1624,6.16,589.0,82.0
41051,142.9,7.00,23.53,0.1647,6.07,589.0,82.0
41058,142.9,7.00,23.53,0.1647,6.07,589.0,82.0
41064,144.9,6.90,23.53,0.1624,6.16,589.0,82.0
41071,144.9,6.90,23.53,0.1624,6.16,589.0,82.0
41078,144.9,6.90,23.53,0.1624,6.16,589.0,82.0
41085,142.9,7.00,23.53,0.1647,6.07,589.0,82.0
41092,144.9,6.90,23.53,0.1624,6.16,589.0,82.0
41099,142.9,7.00,23.53,0.1647,6.07,589.0,82.0
41106,142.9,7.00,23.53,0.1647,6.07,589.0,82.0
41113,147.1,6.80,23.53,0.1600,6.25,589.0,82.0
41120,140.8,7.10,23.53,0.1671,5.98,589.0,82.0
41127,144.9,6.90,23.53,0.1624,6.16,589.0,82.0
41134,142.9,7.00,23.53,0.1647,6.07,589.0,82.0
41141,144.9,6.90,23.53,0.1624,6.16,589.0,82.0
41148,144.9,6.90,23.53,0.1624,6.16,589.0,82.0
41155,144.9,6.90,23.53,0.1624,6.16,589.0,82.0
41162,142.9,7.00,23.53,0.1647,6.07,589.0,82.0
41169,144.9,6.90,23.53,0.1624,6.16,589.0,82.0
41176,142.9,7.00,23.53,0.1647,6.07,589.0,82.0
41183,142.9,7.00,23.53,0.1647,6.07,589.0,82.0
41189,147.1,6.80,23.53,0.1600,6.25,589.0,82.0
41196,142.9,7.00,23.53,0.1647,6.07,589.0,82.0
41203,144.9,6.90,23.53,0.1624,6.16,589.0,82.0
41210,144.9,6.90,23.53,0.1624,6.16,589.0,82.0
41217,140.8,7.10,23.53,0.1671,5.98,589.0,82.0
41224,144.9,6.90,23.53,0.1624,6.16,589.0,82.0
41231,144.9,6.90,23.53,0.1624,6.16,589.0,82.0
41238,144.9,6.90,23.53,0.1624,6.16,589.0,82.0
41245,142.9,7.00,23.53,0.1647,6.07,589.0,82.0
41252,144.9,6.90,23.53,0.1624,6.16,589.0,82.0
41259,142.9,7.00,23.53,0.1647,6.07,589.0,82.0
41266,144.9,6.90,23.53,0.1624,6.16,589.0,82.0
41273,140.8,7.10,23.53,0.1671,5.98,589.0,82.0
41280,144.9,6.90,23.53,0.1624,6.16,589.0,82.0
41287,144.9,6.90,23.53,0.1624,6.16,589.0,82.0
41294,144.9,6.90,23.52,0.1623,6.16,589.0,82.0
41301,142.9,7.00,23.49,0.1645,6.08,589.0,82.0
41307,144.9,6.90,23.48,0.1620,6.17,589.0,82.0
41314,142.9,7.00,23.46,0.1642,6.09,589.0,82.0
41321,144.9,6.90,23.44,0.1617,6.18,589.0,82.0
41328,144.9,6.90,23.42,0.1616,6.19,589.0,82.0
41335,142.9,7.00,23.39,0.1638,6.11,589.0,82.0
41342,144.9,6.90,23.37,0.1613,6.20,589.0,82.0
41349,142.9,7.00,23.35,0.1635,6.12,589.0,82.0
41356,142.9,7.00,23.33,0.1633,6.12,589.0,82.0
41363,144.9,6.90,23.31,0.1609,6.22,589.0,82.0
41370,142.9,7.00,23.29,0.1630,6.14,589.0,82.0
41377,147.1,6.80,23.27,0.1582,6.32,589.0,82.0
41384,142.9,7.00,23.25,0.1628,6.15,589.0,82.0
41391,142.9,7.00,23.23,0.1626,6.15,589.0,82.0
41398,144.9,6.90,23.21,0.1601,6.24,589.0,82.0
41405,142.9,7.00,23.21,0.1625,6.16,589.0,82.0
41412,144.9,6.90,23.21,0.1601,6.24,589.0,82.0
41419,144.9,6.90,23.21,0.1601,6.24,589.0,82.0
41426,142.9,7.00,23.21,0.1625,6.16,589.0,82.0
41433,142.9,7.00,23.21,0.1625,6.16,589.0,82.0
41439,144.9,6.90,23.21,0.1601,6.24,589.0,82.0
41446,147.1,6.80,23.21,0.1578,6.34,589.0,82.0
41453,140.8,7.10,23.21,0.1648,6.07,589.0,82.0
41460,142.9,7.00,23.21,0.1625,6.16,589.0,82.0
41467,147.1,6.80,23.21,0.1578,6.34,589.0,82.0
41474,142.9,7.00,23.21,0.1625,6.16,589.0,82.0
41481,144.9,6.90,23.21,0.1601,6.24,589.0,82.0
41488,144.9,6.90,23.21,0.1601,6.24,589.0,82.0
41495,142.9,7.00,23.21,0.1625,6.16,589.0,82.0
41502,144.9,6.90,23.21,0.1601,6.24,589.0,82.0
41509,142.9,7.00,23.21,0.1625,6.16,589.0,82.0
41516,144.9,6.90,23.21,0.1601,6.24,589.0,82.0
41523,144.9,6.90,23.21,0.1601,6.24,589.0,82.0
41530,142.9,7.00,23.21,0.1625,6.16,589.0,82.0
41537,144.9,6.90,23.21,0.1601,6.24,589.0,82.0
41544,142.9,7.00,23.21,0.1625,6.16,589.0,82.0
41551,142.9,7.00,23.21,0.1625,6.16,589.0,82.0
41557,144.9,6.90,23.21,0.1601,6.24,589.0,82.0
41564,142.9,7.00,23.21,0.1625,6.16,589.0,82.0
41571,147.1,6.80,23.21,0.1578,6.34,589.0,82.0
41578,142.9,7.00,23.21,0.1625,6.16,589.0,82.0
41585,142.9,7.00,23.21,0.1625,6.16,589.0,82.0
41592,144.9,6.90,23.21,0.1601,6.24,589.0,82.0
41599,144.9,6.90,23.21,0.1601,6.24,589.0,82.0
41606,142.9,7.00,23.21,0.1625,6.16,589.0,82.0
41613,142.9,7.00,23.21,0.1625,6.16,589.0,82.0
41620,144.9,6.90,23.21,0.1601,6.24,589.0,82.0
41627,142.9,7.00,23.21,0.1625,6.16,589.0,82.0
41634,144.9,6.90,23.21,0.1601,6.24,589.0,82.0
41641,144.9,6.90,23.21,0.1601,6.24,589.0,82.0
41648,142.9,7.00,23.21,0.1625,6.16,589.0,82.0
41655,144.9,6.90,23.21,0.1601,6.24,589.0,82.0
41662,144.9,6.90,23.21,0.1601,6.24,589.0,82.0
41669,142.9,7.00,23.21,0.1625,6.16,589.0,82.0
41676,142.9,7.00,23.21,0.1625,6.16,589.0,82.0
41682,144.9,6.90,23.21,0.1601,6.24,589.0,82.0
41689,144.9,6.90,23.21,0.1601,6.24,589.0,82.0
41696,142.9,7.00,23.21,0.1625,6.16,589.0,82.0
41703,144.9,6.90,23.21,0.1601,6.24,589.0,82.0
41710,142.9,7.00,23.21,0.1625,6.16,589.0,82.0
41717,144.9,6.90,23.21,0.1601,6.24,589.0,82.0
41724,144.9,6.90,23.21,0.1601,6.24,589.0,82.0
41731,142.9,7.00,23.20,0.1624,6.16,589.0,82.0
41738,144.9,6.90,23.19,0.1600,6.25,589.0,82.0
41745,142.9,7.00,23.18,0.1623,6.16,589.0,82.0
41752,142.9,7.00,23.17,0.1622,6.17,589.0,82.0
41759,144.9,6.90,23.16,0.1598,6.26,589.0,82.0
41766,144.9,6.90,23.15,0.1597,6.26,589.0,82.0
41773,142.9,7.00,23.14,0.1620,6.18,589.0,82.0
41780,144.9,6.90,23.13,0.1596,6.26,589.0,82.0
41787,142.9,7.00,23.12,0.1618,6.18,589.0,82.0
41794,144.9,6.90,23.11,0.1595,6.27,589.0,82.0
41801,142.9,7.00,23.10,0.1617,6.19,589.0,82.0
41808,142.9,7.00,23.09,0.1616,6.19,589.0,82.0
41814,147.1,6.80,23.08,0.1569,6.37,589.0,82.0
41821,142.9,7.00,23.07,0.1615,6.19,589.0,82.0
41828,142.9,7.00,23.06,0.1614,6.20,589.0,82.0
41835,144.9,6.90,23.05,0.1590,6.29,589.0,82.0
41842,144.9,6.90,23.05,0.1590,6.29,589.0,82.0
41849,142.9,7.00,23.05,0.1614,6.20,589.0,82.0
41856,144.9,6.90,23.05,0.1590,6.29,589.0,82.0
41863,144.9,6.90,23.05,0.1590,6.29,589.0,82.0
41870,140.8,7.10,23.05,0.1637,6.11,589.0,82.0
41877,144.9,6.90,23.05,0.1590,6.29,589.0,82.0
41884,142.9,7.00,23.05,0.1614,6.20,589.0,82.0
41891,144.9,6.90,23.05,0.1590,6.29,589.0,82.0
41898,144.9,6.90,23.05,0.1590,6.29,589.0,82.0
41905,144.9,6.90,23.05,0.1590,6.29,589.0,82.0
41912,144.9,6.90,23.05,0.1590,6.29,589.0,82.0
41919,142.9,7.00,23.05,0.1614,6.20,589.0,82.0
41925,144.9,6.90,23.05,0.1590,6.29,589.0,82.0
41932,142.9,7.00,23.05,0.1614,6.20,589.0,82.0
41939,142.9,7.00,23.05,0.1614,6.20,589.0,82.0
41946,142.9,7.00,23.05,0.1614,6.20,589.0,82.0
41953,147.1,6.80,23.05,0.1567,6.38,589.0,82.0
41960,142.9,7.00,23.05,0.1614,6.20,589.0,82.0
41967,144.9,6.90,23.05,0.1590,6.29,589.0,82.0
41974,142.9,7.00,23.05,0.1614,6.20,589.0,82.0
41981,144.9,6.90,23.05,0.1590,6.29,589.0,82.0
41988,144.9,6.90,23.05,0.1590,6.29,589.0,82.0
41995,142.9,7.00,23.05,0.1614,6.20,589.0,82.0
42002,144.9,6.90,23.05,0.1590,6.29,589.0,82.0
42009,142.9,7.00,23.05,0.1614,6.20,589.0,82.0
42016,142.9,7.00,23.05,0.1614,6.20,589.0,82.0
42023,147.1,6.80,23.05,0.1567,6.38,589.0,82.0
42030,142.9,7.00,23.05,0.1614,6.20,589.0,82.0
42037,142.9,7.00,23.05,0.1614,6.20,589.0,82.0
42044,144.9,6.90,23.05,0.1590,6.29,589.0,82.0
42051,142.9,7.00,23.05,0.1614,6.20,589.0,82.0
42057,144.9,6.90,23.05,0.1590,6.29,589.0,82.0
42064,142.9,7.00,23.05,0.1614,6.20,589.0,82.0
42071,144.9,6.90,23.05,0.1590,6.29,589.0,82.0
42078,144.9,6.90,23.05,0.1590,6.29,589.0,82.0
42085,142.9,7.00,23.05,0.1614,6.20,589.0,82.0
42092,144.9,6.90,23.05,0.1590,6.29,589.0,82.0
42099,142.9,7.00,23.05,0.1614,6.20,589.0,82.0
42106,144.9,6.90,23.05,0.1590,6.29,589.0,82.0
42113,142.9,7.00,23.05,0.1614,6.20,589.0,82.0
42120,144.9,6.90,23.05,0.1590,6.29,589.0,82.0
42127,144.9,6.90,23.05,0.1590,6.29,589.0,82.0
42134,142.9,7.00,23.05,0.1614,6.20,589.0,82.0
42141,142.9,7.00,23.05,0.1614,6.20,589.0,82.0
42148,147.1,6.80,23.05,0.1567,6.38,589.0,82.0
42155,142.9,7.00,23.05,0.1614,6.20,589.0,82.0
42162,142.9,7.00,23.05,0.1614,6.20,589.0,82.0
42169,144.9,6.90,23.05,0.1590,6.29,589.0,82.0
42175,144.9,6.90,23.05,0.1590,6.29,589.0,82.0
42182,142.9,7.00,23.05,0.1614,6.20,589.0,82.0
42189,142.9,7.00,23.05,0.1614,6.20,589.0,82.0
42196,144.9,6.90,23.05,0.1590,6.29,589.0,82.0
42203,144.9,6.90,23.05,0.1590,6.29,589.0,82.0
42210,144.9,6.90,23.05,0.1590,6.29,589.0,82.0
42217,140.8,7.10,23.05,0.1637,6.11,589.0,82.0
42224,147.1,6.80,23.05,0.1567,6.38,589.0,82.0
42231,142.9,7.00,23.05,0.1614,6.20,589.0,82.0
42238,142.9,7.00,23.05,0.1614,6.20,589.0,82.0
42245,144.9,6.90,23.05,0.1590,6.29,589.0,82.0
42252,144.9,6.90,23.05,0.1590,6.29,589.0,82.0
42259,142.9,7.00,23.05,0.1614,6.20,589.0,82.0
42266,142.9,7.00,23.05,0.1614,6.20,589.0,82.0
42273,144.9,6.90,23.05,0.1590,6.29,589.0,82.0
42280,144.9,6.90,23.05,0.1590,6.29,589.0,82.0
42287,142.9,7.00,23.05,0.1614,6.20,589.0,82.0
42294,144.9,6.90,23.05,0.1590,6.29,589.0,82.0
42300,144.9,6.90,23.05,0.1590,6.29,589.0,82.0
42307,142.9,7.00,23.05,0.1614,6.20,589.0,82.0
42314,144.9,6.90,23.05,0.1590,6.29,589.0,82.0
42321,142.9,7.00,23.05,0.1614,6.20,589.0,82.0
42328,144.9,6.90,23.05,0.1590,6.29,589.0,82.0
42335,144.9,6.90,23.05,0.1590,6.29,589.0,82.0
42342,142.9,7.00,23.05,0.1614,6.20,589.0,82.0
42349,142.9,7.00,23.05,0.1614,6.20,589.0,82.0
42356,144.9,6.90,23.05,0.1590,6.29,589.0,82.0
42363,142.9,7.00,23.05,0.1614,6.20,589.0,82.0
42370,144.9,6.90,23.05,0.1590,6.29,589.0,82.0
42377,144.9,6.90,23.05,0.1590,6.29,589.0,82.0
42384,142.9,7.00,23.05,0.1614,6.20,589.0,82.0
42391,144.9,6.90,23.05,0.1590,6.29,589.0,82.0
42398,144.9,6.90,23.05,0.1590,6.29,589.0,82.0
42405,142.9,7.00,23.05,0.1614,6.20,589.0,82.0
42412,142.9,7.00,23.05,0.1614,6.20,589.0,82.0
42419,144.9,6.90,23.05,0.1590,6.29,589.0,82.0
42425,144.9,6.90,23.05,0.1590,6.29,589.0,82.0
42432,142.9,7.00,23.05,0.1614,6.20,589.0,82.0
42439,144.9,6.90,23.05,0.1590,6.29,589.0,82.0
42446,144.9,6.90,23.05,0.1590,6.29,589.0,82.0
42453,142.9,7.00,23.05,0.1614,6.20,589.0,82.0
42460,142.9,7.00,23.05,0.1614,6.20,589.0,82.0
42467,144.9,6.90,23.05,0.1590,6.29,589.0,82.0
42474,142.9,7.00,23.05,0.1614,6.20,589.0,82.0
42481,147.1,6.80,23.05,0.1567,6.38,589.0,82.0
42488,142.9,7.00,23.05,0.1614,6.20,589.0,82.0
42495,142.9,7.00,23.05,0.1614,6.20,589.0,82.0
42502,142.9,7.00,23.05,0.1614,6.20,589.0,82.0
42509,147.1,6.80,23.05,0.1567,6.38,589.0,82.0
42516,142.9,7.00,23.05,0.1614,6.20,589.0,82.0
42523,142.9,7.00,23.05,0.1614,6.20,589.0,82.0
42530,144.9,6.90,23.05,0.1590,6.29,589.0,82.0
42537,142.9,7.00,23.05,0.1614,6.20,589.0,82.0
42544,144.9,6.90,23.05,0.1590,6.29,589.0,82.0
42551,142.9,7.00,23.05,0.1614,6.20,589.0,82.0
42557,144.9,6.90,23.05,0.1590,6.29,589.0,82.0
42564,142.9,7.00,23.05,0.1614,6.20,589.0,82.0
42571,147.1,6.80,23.05,0.1567,6.38,589.0,82.0
42578,142.9,7.00,23.05,0.1614,6.20,589.0,82.0
42585,142.9,7.00,23.05,0.1614,6.20,589.0,82.0
42592,142.9,7.00,23.05,0.1614,6.20,589.0,82.0
42599,144.9,6.90,23.05,0.1590,6.29,589.0,82.0
42606,144.9,6.90,23.05,0.1590,6.29,589.0,82.0
42613,144.9,6.90,23.05,0.1590,6.29,589.0,82.0
42620,142.9,7.00,23.05,0.1614,6.20,589.0,82.0
42627,144.9,6.90,23.05,0.1590,6.29,589.0,82.0
42634,144.9,6.90,23.05,0.1590,6.29,589.0,82.0
42641,142.9,7.00,23.05,0.1614,6.20,589.0,82.0
42648,144.9,6.90,23.05,0.1590,6.29,589.0,82.0
42655,142.9,7.00,23.05,0.1614,6.20,589.0,82.0
42662,144.9,6.90,23.05,0.1590,6.29,589.0,82.0
42669,142.9,7.00,23.05,0.1614,6.20,589.0,82.0
42675,144.9,6.90,23.05,0.1590,6.29,589.0,82.0
42682,142.9,7.00,23.05,0.1614,6.20,589.0,82.0
42689,142.9,7.00,23.05,0.1614,6.20,589.0,82.0
42696,144.9,6.90,23.05,0.1590,6.29,589.0,82.0
42703,142.9,7.00,23.05,0.1614,6.20,589.0,82.0
42710,147.1,6.80,23.05,0.1567,6.38,589.0,82.0
42717,142.9,7.00,23.05,0.1614,6.20,589.0,82.0
42724,144.9,6.90,23.05,0.1590,6.29,589.0,82.0
42731,142.9,7.00,23.05,0.1614,6.20,589.0,82.0
42738,144.9,6.90,23.05,0.1590,6.29,589.0,82.0
42745,142.9,7.00,23.05,0.1614,6.20,589.0,82.0
42752,144.9,6.90,23.05,0.1590,6.29,589.0,82.0
42759,142.9,7.00,23.05,0.1614,6.20,589.0,82.0
42766,142.9,7.00,23.05,0.1614,6.20,589.0,82.0
42773,144.9,6.90,23.05,0.1590,6.29,589.0,82.0
42780,144.9,6.90,23.05,0.1590,6.29,589.0,82.0
42787,142.9,7.00,23.05,0.1614,6.20,589.0,82.0
42794,142.9,7.00,23.05,0.1614,6.20,589.0,82.0
42800,147.1,6.80,23.05,0.1567,6.38,589.0,82.0
42807,142.9,7.00,23.05,0.1614,6.20,589.0,82.0
42814,142.9,7.00,23.05,0.1614,6.20,589.0,82.0
42821,142.9,7.00,23.05,0.1614,6.20,589.0,82.0
42828,147.1,6.80,23.05,0.1567,6.38,589.0,82.0
42835,142.9,7.00,23.05,0.1614,6.20,589.0,82.0
42842,144.9,6.90,23.05,0.1590,6.29,589.0,82.0
42849,144.9,6.90,23.05,0.1590,6.29,589.0,82.0
42856,142.9,7.00,23.05,0.1614,6.20,589.0,82.0
42863,144.9,6.90,23.05,0.1590,6.29,589.0,82.0
42870,144.9,6.90,23.05,0.1590,6.29,589.0,82.0
42877,142.9,7.00,23.05,0.1614,6.20,589.0,82.0
42884,144.9,6.90,23.05,0.1590,6.29,589.0,82.0
42891,142.9,7.00,23.05,0.1614,6.20,589.0,82.0
42898,142.9,7.00,23.05,0.1614,6.20,589.0,82.0
42905,144.9,6.90,23.05,0.1590,6.29,589.0,82.0
42912,142.9,7.00,23.05,0.1614,6.20,589.0,82.0
42919,144.9,6.90,23.05,0.1590,6.29,589.0,82.0
42926,142.9,7.00,23.05,0.1614,6.20,589.0,82.0
42932,144.9,6.90,23.05,0.1590,6.29,589.0,82.0
42939,144.9,6.90,23.05,0.1590,6.29,589.0,82.0
42946,144.9,6.90,23.05,0.1590,6.29,589.0,82.0
42953,140.8,7.10,23.05,0.1637,6.11,589.0,82.0
42960,147.1,6.80,23.05,0.1567,6.38,589.0,82.0
42967,142.9,7.00,23.05,0.1614,6.20,589.0,82.0
42974,142.9,7.00,23.05,0.1614,6.20,589.0,82.0
42981,144.9,6.90,23.05,0.1590,6.29,589.0,82.0
42988,142.9,7.00,23.05,0.1614,6.20,589.0,82.0
42995,144.9,6.90,23.05,0.1590,6.29,589.0,82.0
43002,144.9,6.90,23.05,0.1590,6.29,589.0,82.0
43009,144.9,6.90,23.05,0.1590,6.29,589.0,82.0
43016,142.9,7.00,23.05,0.1614,6.20,589.0,82.0
43023,144.9,6.90,23.05,0.1590,6.29,589.0,82.0
43030,142.9,7.00,23.05,0.1614,6.20,589.0,82.0
43037,142.9,7.00,23.05,0.1614,6.20,589.0,82.0
43044,144.9,6.90,23.05,0.1590,6.29,589.0,82.0
43051,142.9,7.00,23.05,0.1614,6.20,589.0,82.0
43057,144.9,6.90,23.05,0.1590,6.29,589.0,82.0
43064,142.9,7.00,23.05,0.1614,6.20,589.0,82.0
43071,147.1,6.80,23.05,0.1567,6.38,589.0,82.0
43078,142.9,7.00,23.05,0.1614,6.20,589.0,82.0
43085,144.9,6.90,23.05,0.1590,6.29,589.0,82.0
43092,142.9,7.00,23.05,0.1614,6.20,589.0,82.0
43099,142.9,7.00,23.05,0.1614,6.20,589.0,82.0
43106,147.1,6.80,23.05,0.1567,6.38,589.0,82.0
43113,140.8,7.10,23.05,0.1637,6.11,589.0,82.0
43120,144.9,6.90,23.05,0.1590,6.29,589.0,82.0
43127,144.9,6.90,23.05,0.1590,6.29,589.0,82.0
43134,144.9,6.90,23.05,0.1590,6.29,589.0,82.0
43141,142.9,7.00,23.05,0.1614,6.20,589.0,82.0
43148,142.9,7.00,23.05,0.1614,6.20,589.0,82.0
43155,144.9,6.90,23.05,0.1590,6.29,589.0,82.0
43162,142.9,7.00,23.05,0.1614,6.20,589.0,82.0
43169,144.9,6.90,23.05,0.1590,6.29,589.0,82.0
43175,144.9,6.90,23.05,0.1590,6.29,589.0,82.0
43182,142.9,7.00,23.05,0.1614,6.20,589.0,82.0
43189,144.9,6.90,23.05,0.1590,6.29,589.0,82.0
43196,142.9,7.00,23.05,0.1614,6.20,589.0,82.0
43203,144.9,6.90,23.05,0.1590,6.29,589.0,82.0
43210,144.9,6.90,23.05,0.1590,6.29,589.0,82.0
43217,142.9,7.00,23.05,0.1614,6.20,589.0,82.0
43224,144.9,6.90,23.05,0.1590,6.29,589.0,82.0
43231,142.9,7.00,23.05,0.1614,6.20,589.0,82.0
43238,144.9,6.90,23.05,0.1590,6.29,589.0,82.0
43245,142.9,7.00,23.05,0.1614,6.20,589.0,82.0
43252,144.9,6.90,23.05,0.1590,6.29,589.0,82.0
43259,142.9,7.00,23.05,0.1613,6.20,589.0,82.0
43266,144.9,6.90,23.04,0.1590,6.29,589.0,82.0
43273,144.9,6.90,23.04,0.1590,6.29,589.0,82.0
43280,142.9,7.00,23.03,0.1612,6.20,589.0,82.0
43287,142.9,7.00,23.03,0.1612,6.21,589.0,82.0
43294,144.9,6.90,23.02,0.1589,6.29,589.0,82.0
43300,144.9,6.90,23.02,0.1588,6.29,589.0,82.0
43307,142.9,7.00,23.01,0.1611,6.21,589.0,82.0
43314,144.9,6.90,23.01,0.1588,6.30,589.0,82.0
43321,144.9,6.90,23.00,0.1587,6.30,589.0,82.0
43328,142.9,7.00,23.00,0.1610,6.21,589.0,82.0
43335,142.9,7.00,22.99,0.1610,6.21,589.0,82.0
43342,144.9,6.90,22.99,0.1586,6.30,589.0,82.0
43349,142.9,7.00,22.98,0.1609,6.22,589.0,82.0
43356,144.9,6.90,22.98,0.1586,6.31,589.0,82.0
43363,144.9,6.90,22.97,0.1585,6.31,589.0,82.0
43370,142.9,7.00,22.97,0.1608,6.22,589.0,82.0
43377,144.9,6.90,22.97,0.1585,6.31,589.0,82.0
43384,144.9,6.90,22.97,0.1585,6.31,589.0,82.0
43391,142.9,7.00,22.97,0.1608,6.22,589.0,82.0
43398,144.9,6.90,22.97,0.1585,6.31,589.0,82.0
43405,142.9,7.00,22.97,0.1608,6.22,589.0,82.0
43412,144.9,6.90,22.97,0.1585,6.31,589.0,82.0
43419,142.9,7.00,22.97,0.1608,6.22,589.0,82.0
43425,144.9,6.90,22.97,0.1585,6.31,589.0,82.0
43432,142.9,7.00,22.97,0.1608,6.22,589.0,82.0
43439,144.9,6.90,22.97,0.1585,6.31,589.0,82.0
43446,142.9,7.00,22.97,0.1608,6.22,589.0,82.0
43453,144.9,6.90,22.97,0.1585,6.31,589.0,82.0
43460,142.9,7.00,22.97,0.1608,6.22,589.0,82.0
43467,144.9,6.90,22.97,0.1585,6.31,589.0,82.0
43474,142.9,7.00,22.97,0.1608,6.22,589.0,82.0
43481,144.9,6.90,22.97,0.1585,6.31,589.0,82.0
43488,144.9,6.90,22.97,0.1585,6.31,589.0,82.0
43495,144.9,6.90,22.97,0.1585,6.31,589.0,82.0
43502,142.9,7.00,22.97,0.1608,6.22,589.0,82.0
43509,144.9,6.90,22.97,0.1585,6.31,589.0,82.0
43516,142.9,7.00,22.97,0.1608,6.22,589.0,82.0
43523,142.9,7.00,22.97,0.1608,6.22,589.0,82.0
43530,144.9,6.90,22.97,0.1585,6.31,589.0,82.0
43537,144.9,6.90,22.97,0.1585,6.31,589.0,82.0
43544,142.9,7.00,22.97,0.1608,6.22,589.0,82.0
43550,144.9,6.90,22.97,0.1585,6.31,589.0,82.0
43557,142.9,7.00,22.97,0.1608,6.22,589.0,82.0
43564,144.9,6.90,22.97,0.1585,6.31,589.0,82.0
43571,142.9,7.00,22.97,0.1608,6.22,589.0,82.0
43578,144.9,6.90,22.97,0.1585,6.31,589.0,82.0
43585,144.9,6.90,22.97,0.1585,6.31,589.0,82.0
43592,142.9,7.00,22.97,0.1608,6.22,589.0,82.0
43599,142.9,7.00,22.97,0.1608,6.22,589.0,82.0
43606,147.1,6.80,22.97,0.1562,6.40,589.0,82.0
43613,142.9,7.00,22.97,0.1608,6.22,589.0,82.0
43620,142.9,7.00,22.97,0.1608,6.22,589.0,82.0
43627,144.9,6.90,22.97,0.1585,6.31,589.0,82.0
43634,144.9,6.90,22.97,0.1585,6.31,589.0,82.0
43641,142.9,7.00,22.97,0.1608,6.22,589.0,82.0
43648,144.9,6.90,22.97,0.1585,6.31,589.0,82.0
43655,142.9,7.00,22.97,0.1608,6.22,589.0,82.0
43662,142.9,7.00,22.97,0.1608,6.22,589.0,82.0
43668,147.1,6.80,22.97,0.1562,6.40,589.0,82.0
43675,142.9,7.00,22.97,0.1608,6.22,589.0,82.0
43682,144.9,6.90,22.97,0.1585,6.31,589.0,82.0
43689,142.9,7.00,22.97,0.1608,6.22,589.0,82.0
43696,142.9,7.00,22.97,0.1608,6.22,589.0,82.0
43703,144.9,6.90,22.96,0.1584,6.31,589.0,82.0
43710,144.9,6.90,22.96,0.1584,6.31,589.0,82.0
43717,142.9,7.00,22.95,0.1607,6.23,589.0,82.0
43724,144.9,6.90,22.94,0.1583,6.32,589.0,82.0
43731,144.9,6.90,22.94,0.1583,6.32,589.0,82.0
43738,144.9,6.90,22.93,0.1582,6.32,589.0,82.0
43745,142.9,7.00,22.93,0.1605,6.23,589.0,82.0
43752,142.9,7.00,22.92,0.1604,6.23,589.0,82.0
43759,142.9,7.00,22.91,0.1604,6.24,589.0,82.0
43766,144.9,6.90,22.91,0.1581,6.33,589.0,82.0
43773,144.9,6.90,22.90,0.1580,6.33,589.0,82.0
43780,144.9,6.90,22.89,0.1580,6.33,589.0,82.0
43787,142.9,7.00,22.89,0.1602,6.24,589.0,82.0
43794,142.9,7.00,22.88,0.1602,6.25,589.0,82.0
43800,144.9,6.90,22.88,0.1578,6.33,589.0,82.0
43807,142.9,7.00,22.87,0.1601,6.25,589.0,82.0
43814,144.9,6.90,22.87,0.1578,6.34,589.0,82.0
43821,144.9,6.90,22.87,0.1578,6.34,589.0,82.0
43828,144.9,6.90,22.87,0.1578,6.34,589.0,82.0
43835,142.9,7.00,22.87,0.1601,6.25,589.0,82.0
43842,144.9,6.90,22.87,0.1578,6.34,589.0,82.0
43849,142.9,7.00,22.87,0.1601,6.25,589.0,82.0
43856,142.9,7.00,22.87,0.1601,6.25,589.0,82.0
43863,142.9,7.00,22.87,0.1601,6.25,589.0,82.0
43870,147.1,6.80,22.87,0.1555,6.43,589.0,82.0
43877,142.9,7.00,22.87,0.1601,6.25,589.0,82.0
43884,144.9,6.90,22.87,0.1578,6.34,589.0,82.0
43891,142.9,7.00,22.87,0.1601,6.25,589.0,82.0
43898,144.9,6.90,22.87,0.1578,6.34,589.0,82.0
43905,142.9,7.00,22.87,0.1601,6.25,589.0,82.0
43912,144.9,6.90,22.87,0.1578,6.34,589.0,82.0
43919,142.9,7.00,22.87,0.1601,6.25,589.0,82.0
43925,144.9,6.90,22.87,0.1578,6.34,589.0,82.0
43932,144.9,6.90,22.87,0.1578,6.34,589.0,82.0
43939,142.9,7.00,22.87,0.1601,6.25,589.0,82.0
43946,142.9,7.00,22.87,0.1601,6.25,589.0,82.0
43953,144.9,6.90,22.87,0.1578,6.34,589.0,82.0
43960,144.9,6.90,22.87,0.1578,6.34,589.0,82.0
43967,142.9,7.00,22.87,0.1601,6.25,589.0,82.0
43974,144.9,6.90,22.87,0.1578,6.34,589.0,82.0
43981,142.9,7.00,22.87,0.1601,6.25,589.0,82.0
43988,144.9,6.90,22.87,0.1578,6.34,589.0,82.0
43995,144.9,6.90,22.87,0.1578,6.34,589.0,82.0
44002,142.9,7.00,22.87,0.1601,6.25,589.0,82.0
44009,144.9,6.90,22.87,0.1578,6.34,589.0,82.0
44016,142.9,7.00,22.87,0.1601,6.25,589.0,82.0
44023,142.9,7.00,22.87,0.1601,6.25,589.0,82.0
44030,144.9,6.90,22.87,0.1578,6.34,589.0,82.0
44037,144.9,6.90,22.87,0.1578,6.34,589.0,82.0
44044,142.9,7.00,22.87,0.1601,6.25,589.0,82.0
44050,144.9,6.90,22.87,0.1578,6.34,589.0,82.0
44057,142.9,7.00,22.87,0.1601,6.25,589.0,82.0
44064,147.1,6.80,22.87,0.1555,6.43,589.0,82.0
44071,142.9,7.00,22.87,0.1601,6.25,589.0,82.0
44078,142.9,7.00,22.87,0.1601,6.25,589.0,82.0
44085,144.9,6.90,22.87,0.1578,6.34,589.0,82.0
44092,142.9,7.00,22.87,0.1601,6.25,589.0,82.0
44099,142.9,7.00,22.87,0.1601,6.25,589.0,82.0
44106,147.1,6.80,22.87,0.1555,6.43,589.0,82.0
44113,142.9,7.00,22.87,0.1601,6.25,589.0,82.0
44120,142.9,7.00,22.87,0.1601,6.25,589.0,82.0
44127,144.9,6.90,22.87,0.1578,6.34,589.0,82.0
44134,144.9,6.90,22.87,0.1578,6.34,589.0,82.0
44141,142.9,7.00,22.87,0.1601,6.25,589.0,82.0
44148,142.9,7.00,22.87,0.1601,6.25,589.0,82.0
44155,144.9,6.90,22.87,0.1578,6.34,589.0,82.0
44162,144.9,6.90,22.87,0.1578,6.34,589.0,82.0
44168,144.9,6.90,22.87,0.1578,6.34,589.0,82.0
44175,142.9,7.00,22.87,0.1601,6.25,589.0,82.0
44182,142.9,7.00,22.87,0.1601,6.25,589.0,82.0
44189,144.9,6.90,22.87,0.1578,6.34,589.0,82.0
44196,142.9,7.00,22.87,0.1601,6.25,589.0,82.0
44203,144.9,6.90,22.87,0.1578,6.34,589.0,82.0
44210,144.9,6.90,22.87,0.1578,6.34,589.0,82.0
44217,144.9,6.90,22.87,0.1578,6.34,589.0,82.0
44224,140.8,7.10,22.87,0.1624,6.16,589.0,82.0
44231,144.9,6.90,22.87,0.1578,6.34,589.0,82.0
44238,144.9,6.90,22.87,0.1578,6.34,589.0,82.0
44245,144.9,6.90,22.87,0.1578,6.34,589.0,82.0
44252,142.9,7.00,22.87,0.1601,6.25,589.0,82.0
44259,142.9,7.00,22.86,0.1600,6.25,589.0,82.0
44266,144.9,6.90,22.86,0.1577,6.34,589.0,82.0
44273,142.9,7.00,22.85,0.1600,6.25,589.0,82.0
44280,144.9,6.90,22.85,0.1577,6.34,589.0,82.0
44287,144.9,6.90,22.84,0.1576,6.34,589.0,82.0
44293,144.9,6.90,22.84,0.1576,6.34,589.0,82.0
44300,142.9,7.00,22.84,0.1599,6.26,589.0,82.0
44307,142.9,7.00,22.83,0.1598,6.26,589.0,82.0
44314,144.9,6.90,22.83,0.1575,6.35,589.0,82.0
44321,142.9,7.00,22.82,0.1598,6.26,589.0,82.0
44328,144.9,6.90,22.82,0.1574,6.35,589.0,82.0
44335,144.9,6.90,22.81,0.1574,6.35,589.0,82.0
44342,142.9,7.00,22.81,0.1597,6.27,589.0,82.0
44349,142.9,7.00,22.80,0.1596,6.27,589.0,82.0
44356,144.9,6.90,22.80,0.1573,6.36,589.0,82.0
44363,144.9,6.90,22.80,0.1573,6.36,589.0,82.0
44370,142.9,7.00,22.80,0.1596,6.27,589.0,82.0
44377,144.9,6.90,22.80,0.1573,6.36,589.0,82.0
44384,144.9,6.90,22.80,0.1573,6.36,589.0,82.0
44391,142.9,7.00,22.80,0.1596,6.27,589.0,82.0
44398,144.9,6.90,22.80,0.1573,6.36,589.0,82.0
44405,142.9,7.00,22.80,0.1596,6.27,589.0,82.0
44412,144.9,6.90,22.80,0.1573,6.36,589.0,82.0
44418,144.9,6.90,22.80,0.1573,6.36,589.0,82.0
44425,142.9,7.00,22.80,0.1596,6.27,589.0,82.0
44432,142.9,7.00,22.80,0.1596,6.27,589.0,82.0
44439,144.9,6.90,22.80,0.1573,6.36,589.0,82.0
44446,142.9,7.00,22.80,0.1596,6.27,589.0,82.0
44453,144.9,6.90,22.80,0.1573,6.36,589.0,82.0
44460,144.9,6.90,22.80,0.1573,6.36,589.0,82.0
44467,142.9,7.00,22.80,0.1596,6.27,589.0,82.0
44474,144.9,6.90,22.80,0.1573,6.36,589.0,82.0
44481,142.9,7.00,22.80,0.1596,6.27,589.0,82.0
44488,142.9,7.00,22.80,0.1596,6.27,589.0,82.0
44495,144.9,6.90,22.80,0.1573,6.36,589.0,82.0
44502,144.9,6.90,22.80,0.1573,6.36,589.0,82.0
44509,144.9,6.90,22.80,0.1573,6.36,589.0,82.0
44516,142.9,7.00,22.80,0.1596,6.27,589.0,82.0
44523,144.9,6.90,22.80,0.1573,6.36,589.0,82.0
44530,142.9,7.00,22.80,0.1596,6.27,589.0,82.0
44537,144.9,6.90,22.80,0.1573,6.36,589.0,82.0
44544,142.9,7.00,22.80,0.1596,6.27,589.0,82.0
44550,144.9,6.90,22.80,0.1573,6.36,589.0,82.0
44557,142.9,7.00,22.80,0.1596,6.27,589.0,82.0
44564,144.9,6.90,22.80,0.1573,6.36,589.0,82.0
44571,144.9,6.90,22.80,0.1573,6.36,589.0,82.0
44578,144.9,6.90,22.80,0.1573,6.36,589.0,82.0
44585,140.8,7.10,22.80,0.1619,6.18,589.0,82.0
44592,144.9,6.90,22.80,0.1573,6.36,589.0,82.0
44599,144.9,6.90,22.80,0.1573,6.36,589.0,82.0
44606,144.9,6.90,22.80,0.1573,6.36,589.0,82.0
44613,142.9,7.00,22.80,0.1596,6.27,589.0,82.0
44620,144.9,6.90,22.80,0.1573,6.36,589.0,82.0
44627,144.9,6.90,22.80,0.1573,6.36,589.0,82.0
44634,140.8,7.10,22.80,0.1619,6.18,589.0,82.0
44641,144.9,6.90,22.80,0.1573,6.36,589.0,82.0
44648,144.9,6.90,22.80,0.1573,6.36,589.0,82.0
44655,144.9,6.90,22.80,0.1573,6.36,589.0,82.0
44662,140.8,7.10,22.80,0.1619,6.18,589.0,82.0
44669,144.9,6.90,22.80,0.1573,6.36,589.0,82.0
44675,144.9,6.90,22.80,0.1573,6.36,589.0,82.0
44682,144.9,6.90,22.80,0.1573,6.36,589.0,82.0
44689,142.9,7.00,22.80,0.1596,6.27,589.0,82.0
44696,142.9,7.00,22.79,0.1596,6.27,589.0,82.0
44703,144.9,6.90,22.79,0.1573,6.36,589.0,82.0
44710,144.9,6.90,22.79,0.1572,6.36,589.0,82.0
44717,144.9,6.90,22.79,0.1572,6.36,589.0,82.0
44724,142.9,7.00,22.78,0.1595,6.27,589.0,82.0
44731,142.9,7.00,22.78,0.1595,6.27,589.0,82.0
44738,144.9,6.90,22.78,0.1572,6.36,589.0,82.0
44745,144.9,6.90,22.77,0.1571,6.36,589.0,82.0
44752,142.9,7.00,22.77,0.1594,6.28,589.0,82.0
44759,144.9,6.90,22.77,0.1571,6.36,589.0,82.0
44766,142.9,7.00,22.76,0.1593,6.28,589.0,82.0
44773,142.9,7.00,22.76,0.1593,6.28,589.0,82.0
44780,147.1,6.80,22.76,0.1547,6.46,589.0,82.0
44787,142.9,7.00,22.75,0.1593,6.28,589.0,82.0
44794,142.9,7.00,22.75,0.1593,6.28,589.0,82.0
44800,144.9,6.90,22.75,0.1570,6.37,589.0,82.0
44807,144.9,6.90,22.75,0.1570,6.37,589.0,82.0
44814,142.9,7.00,22.75,0.1593,6.28,589.0,82.0
44821,144.9,6.90,22.75,0.1570,6.37,589.0,82.0
44828,142.9,7.00,22.75,0.1593,6.28,589.0,82.0
44835,144.9,6.90,22.75,0.1570,6.37,589.0,82.0
44842,142.9,7.00,22.75,0.1593,6.28,589.0,82.0
44849,142.9,7.00,22.75,0.1593,6.28,589.0,82.0
44856,147.1,6.80,22.75,0.1547,6.47,589.0,82.0
44863,142.9,7.00,22.75,0.1593,6.28,589.0,82.0
44870,144.9,6.90,22.75,0.1570,6.37,589.0,82.0
44877,142.9,7.00,22.75,0.1593,6.28,589.0,82.0
44884,144.9,6.90,22.75,0.1570,6.37,589.0,82.0
44891,142.9,7.00,22.75,0.1593,6.28,589.0,82.0
44898,144.9,6.90,22.75,0.1570,6.37,589.0,82.0
44905,142.9,7.00,22.75,0.1593,6.28,589.0,82.0
44912,144.9,6.90,22.75,0.1570,6.37,589.0,82.0
44919,142.9,7.00,22.75,0.1593,6.28,589.0,82.0
44926,142.9,7.00,22.75,0.1593,6.28,589.0,82.0
44932,144.9,6.90,22.75,0.1570,6.37,589.0,82.0
44939,144.9,6.90,22.75,0.1570,6.37,589.0,82.0
44946,142.9,7.00,22.75,0.1593,6.28,589.0,82.0
44953,144.9,6.90,22.75,0.1570,6.37,589.0,82.0
44960,144.9,6.90,22.75,0.1570,6.37,589.0,82.0
44967,142.9,7.00,22.75,0.1593,6.28,589.0,82.0
44974,144.9,6.90,22.75,0.1570,6.37,589.0,82.0
44981,144.9,6.90,22.75,0.1570,6.37,589.0,82.0
44988,142.9,7.00,22.75,0.1593,6.28,589.0,82.0
44995,142.9,7.00,22.75,0.1593,6.28,589.0,82.0
45002,147.1,6.80,22.75,0.1547,6.47,589.0,82.0
45009,142.9,7.00,22.75,0.1593,6.28,589.0,82.0
45016,142.9,7.00,22.75,0.1593,6.28,589.0,82.0
45023,144.9,6.90,22.75,0.1570,6.37,589.0,82.0
45030,142.9,7.00,22.75,0.1593,6.28,589.0,82.0
45037,144.9,6.90,22.75,0.1570,6.37,589.0,82.0
45044,142.9,7.00,22.75,0.1593,6.28,589.0,82.0
45050,144.9,6.90,22.75,0.1570,6.37,589.0,82.0
45057,144.9,6.90,22.75,0.1570,6.37,589.0,82.0
45064,144.9,6.90,22.75,0.1570,6.37,589.0,82.0
45071,142.9,7.00,22.75,0.1593,6.28,589.0,82.0
45078,142.9,7.00,22.75,0.1593,6.28,589.0,82.0
45085,144.9,6.90,22.75,0.1570,6.37,589.0,82.0
45092,142.9,7.00,22.75,0.1593,6.28,589.0,82.0
45099,144.9,6.90,22.75,0.1570,6.37,589.0,82.0
45106,144.9,6.90,22.75,0.1570,6.37,589.0,82.0
45113,142.9,7.00,22.75,0.1593,6.28,589.0,82.0
45120,144.9,6.90,22.75,0.1570,6.37,589.0,82.0
45127,142.9,7.00,22.75,0.1593,6.28,589.0,82.0
45134,144.9,6.90,22.75,0.1570,6.37,589.0,82.0
45141,142.9,7.00,22.75,0.1593,6.28,589.0,82.0
45148,144.9,6.90,22.75,0.1570,6.37,589.0,82.0
45155,144.9,6.90,22.75,0.1570,6.37,589.0,82.0
45162,142.9,7.00,22.75,0.1593,6.28,589.0,82.0
45169,142.9,7.00,22.75,0.1593,6.28,589.0,82.0
45175,144.9,6.90,22.75,0.1570,6.37,589.0,82.0
45182,144.9,6.90,22.75,0.1570,6.37,589.0,82.0
45189,144.9,6.90,22.75,0.1570,6.37,589.0,82.0
45196,142.9,7.00,22.75,0.1593,6.28,589.0,82.0
45203,142.9,7.00,22.75,0.1593,6.28,589.0,82.0
45210,142.9,7.00,22.75,0.1593,6.28,589.0,82.0
45217,144.9,6.90,22.75,0.1570,6.37,589.0,82.0
45224,144.9,6.90,22.75,0.1570,6.37,589.0,82.0
45231,142.9,7.00,22.75,0.1592,6.28,589.0,82.0
45238,144.9,6.90,22.74,0.1569,6.37,589.0,82.0
45245,142.9,7.00,22.74,0.1592,6.28,589.0,82.0
45252,144.9,6.90,22.73,0.1569,6.37,589.0,82.0
45259,142.9,7.00,22.73,0.1591,6.29,589.0,82.0
45266,144.9,6.90,22.72,0.1568,6.38,589.0,82.0
45273,142.9,7.00,22.72,0.1590,6.29,589.0,82.0
45280,147.1,6.80,22.71,0.1545,6.48,589.0,82.0
45287,142.9,7.00,22.71,0.1590,6.29,589.0,82.0
45293,144.9,6.90,22.70,0.1567,6.38,589.0,82.0
45300,142.9,7.00,22.70,0.1589,6.30,589.0,82.0
45307,144.9,6.90,22.69,0.1566,6.39,589.0,82.0
45314,142.9,7.00,22.69,0.1588,6.30,589.0,82.0
45321,144.9,6.90,22.68,0.1565,6.39,589.0,82.0
45328,144.9,6.90,22.68,0.1565,6.39,589.0,82.0
45335,142.9,7.00,22.67,0.1587,6.30,589.0,82.0
45342,142.9,7.00,22.67,0.1587,6.30,589.0,82.0
45349,144.9,6.90,22.67,0.1564,6.39,589.0,82.0
45356,144.9,6.90,22.67,0.1564,6.39,589.0,82.0
45363,142.9,7.00,22.67,0.1587,6.30,589.0,82.0
45370,142.9,7.00,22.67,0.1587,6.30,589.0,82.0
45377,147.1,6.80,22.67,0.1542,6.49,589.0,82.0
45384,142.9,7.00,22.67,0.1587,6.30,589.0,82.0
45391,142.9,7.00,22.67,0.1587,6.30,589.0,82.0
45398,142.9,7.00,22.67,0.1587,6.30,589.0,82.0
45405,144.9,6.90,22.67,0.1564,6.39,589.0,82.0
45412,144.9,6.90,22.67,0.1564,6.39,589.0,82.0
45418,144.9,6.90,22.67,0.1564,6.39,589.0,82.0
45425,144.9,6.90,22.67,0.1564,6.39,589.0,82.0
45432,142.9,7.00,22.67,0.1587,6.30,589.0,82.0
45439,142.9,7.00,22.67,0.1587,6.30,589.0,82.0
45446,144.9,6.90,22.67,0.1564,6.39,589.0,82.0
45453,142.9,7.00,22.67,0.1587,6.30,589.0,82.0
45460,142.9,7.00,22.67,0.1587,6.30,589.0,82.0
45467,144.9,6.90,22.67,0.1564,6.39,589.0,82.0
45474,144.9,6.90,22.67,0.1564,6.39,589.0,82.0
45481,144.9,6.90,22.67,0.1564,6.39,589.0,82.0
45488,142.9,7.00,22.67,0.1587,6.30,589.0,82.0
45495,144.9,6.90,22.67,0.1564,6.39,589.0,82.0
45502,142.9,7.00,22.67,0.1587,6.30,589.0,82.0
45509,144.9,6.90,22.67,0.1564,6.39,589.0,82.0
45516,142.9,7.00,22.67,0.1587,6.30,589.0,82.0
45523,142.9,7.00,22.67,0.1587,6.30,589.0,82.0
45530,144.9,6.90,22.67,0.1564,6.39,589.0,82.0
45537,142.9,7.00,22.67,0.1587,6.30,589.0,82.0
45544,144.9,6.90,22.67,0.1564,6.39,589.0,82.0
45550,144.9,6.90,22.67,0.1564,6.39,589.0,82.0
45557,144.9,6.90,22.67,0.1564,6.39,589.0,82.0
45564,142.9,7.00,22.67,0.1587,6.30,589.0,82.0
45571,144.9,6.90,22.67,0.1564,6.39,589.0,82.0
45578,144.9,6.90,22.67,0.1564,6.39,589.0,82.0
45585,142.9,7.00,22.67,0.1587,6.30,589.0,82.0
45592,144.9,6.90,22.67,0.1564,6.39,589.0,82.0
45599,142.9,7.00,22.67,0.1587,6.30,589.0,82.0
45606,142.9,7.00,22.67,0.1587,6.30,589.0,82.0
45613,147.1,6.80,22.67,0.1542,6.49,589.0,82.0
45620,142.9,7.00,22.67,0.1587,6.30,589.0,82.0
45627,144.9,6.90,22.67,0.1564,6.39,589.0,82.0
45634,142.9,7.00,22.67,0.1587,6.30,589.0,82.0
45641,144.9,6.90,22.67,0.1564,6.39,589.0,82.0
45648,142.9,7.00,22.67,0.1587,6.30,589.0,82.0
45655,142.9,7.00,22.67,0.1587,6.30,589.0,82.0
45662,144.9,6.90,22.67,0.1564,6.39,589.0,82.0
45669,142.9,7.00,22.67,0.1587,6.30,589.0,82.0
45675,144.9,6.90,22.67,0.1564,6.39,589.0,82.0
45682,142.9,7.00,22.67,0.1587,6.30,589.0,82.0
45689,144.9,6.90,22.67,0.1564,6.39,589.0,82.0
45696,144.9,6.90,22.67,0.1564,6.39,589.0,82.0
45703,144.9,6.90,22.67,0.1564,6.39,589.0,82.0
45710,142.9,7.00,22.67,0.1587,6.30,589.0,82.0
45717,142.9,7.00,22.67,0.1587,6.30,589.0,82.0
45724,144.9,6.90,22.67,0.1564,6.39,589.0,82.0
45731,144.9,6.90,22.67,0.1564,6.39,589.0,82.0
45738,142.9,7.00,22.67,0.1587,6.30,589.0,82.0
45745,144.9,6.90,22.67,0.1564,6.39,589.0,82.0
45752,142.9,7.00,22.67,0.1587,6.30,589.0,82.0
45759,144.9,6.90,22.67,0.1564,6.39,589.0,82.0
45766,142.9,7.00,22.67,0.1587,6.30,589.0,82.0
45773,144.9,6.90,22.67,0.1564,6.39,589.0,82.0
45780,144.9,6.90,22.66,0.1564,6.39,589.0,82.0
45787,142.9,7.00,22.65,0.1586,6.31,589.0,82.0
45794,142.9,7.00,22.64,0.1585,6.31,589.0,82.0
45800,144.9,6.90,22.63,0.1561,6.40,589.0,82.0
45807,144.9,6.90,22.62,0.1561,6.41,589.0,82.0
45814,142.9,7.00,22.60,0.1582,6.32,589.0,82.0
45821,144.9,6.90,22.59,0.1559,6.41,589.0,82.0
45828,144.9,6.90,22.58,0.1558,6.42,589.0,82.0
45835,142.9,7.00,22.57,0.1580,6.33,589.0,82.0
45842,144.9,6.90,22.55,0.1556,6.42,589.0,82.0
45849,142.9,7.00,22.54,0.1578,6.34,589.0,82.0
45856,144.9,6.90,22.53,0.1555,6.43,589.0,82.0
45863,142.9,7.00,22.52,0.1576,6.35,589.0,82.0
45870,144.9,6.90,22.51,0.1553,6.44,589.0,82.0
45877,144.9,6.90,22.49,0.1552,6.44,589.0,82.0
45884,142.9,7.00,22.48,0.1574,6.36,589.0,82.0
45891,142.9,7.00,22.48,0.1574,6.36,589.0,82.0
45898,142.9,7.00,22.48,0.1574,6.36,589.0,82.0
45905,147.1,6.80,22.48,0.1529,6.54,589.0,82.0
45912,142.9,7.00,22.48,0.1574,6.36,589.0,82.0
45918,144.9,6.90,22.48,0.1551,6.45,589.0,82.0
45925,142.9,7.00,22.48,0.1574,6.36,589.0,82.0
45932,144.9,6.90,22.48,0.1551,6.45,589.0,82.0
45939,142.9,7.00,22.48,0.1574,6.36,589.0,82.0
45946,144.9,6.90,22.48,0.1551,6.45,589.0,82.0
45953,142.9,7.00,22.48,0.1574,6.36,589.0,82.0
45960,144.9,6.90,22.48,0.1551,6.45,589.0,82.0
45967,144.9,6.90,22.48,0.1551,6.45,589.0,82.0
45974,142.9,7.00,22.48,0.1574,6.36,589.0,82.0
45981,144.9,6.90,22.48,0.1551,6.45,589.0,82.0
45988,144.9,6.90,22.48,0.1551,6.45,589.0,82.0
45995,142.9,7.00,22.48,0.1574,6.36,589.0,82.0
46002,142.9,7.00,22.48,0.1574,6.36,589.0,82.0
46009,144.9,6.90,22.48,0.1551,6.45,589.0,82.0
46016,142.9,7.00,22.48,0.1574,6.36,589.0,82.0
46023,144.9,6.90,22.48,0.1551,6.45,589.0,82.0
46030,144.9,6.90,22.48,0.1551,6.45,589.0,82.0
46037,142.9,7.00,22.48,0.1574,6.36,589.0,82.0
46044,142.9,7.00,22.48,0.1574,6.36,589.0,82.0
46050,144.9,6.90,22.48,0.1551,6.45,589.0,82.0
46057,142.9,7.00,22.48,0.1574,6.36,589.0,82.0
46064,144.9,6.90,22.48,0.1551,6.45,589.0,82.0
46071,144.9,6.90,22.48,0.1551,6.45,589.0,82.0
46078,144.9,6.90,22.48,0.1551,6.45,589.0,82.0
46085,144.9,6.90,22.48,0.1551,6.45,589.0,82.0
46092,140.8,7.10,22.48,0.1596,6.26,589.0,82.0
46099,144.9,6.90,22.48,0.1551,6.45,589.0,82.0
46106,144.9,6.90,22.48,0.1551,6.45,589.0,82.0
46113,142.9,7.00,22.48,0.1574,6.36,589.0,82.0
46120,144.9,6.90,22.48,0.1551,6.45,589.0,82.0
46127,144.9,6.90,22.48,0.1551,6.45,589.0,82.0
46134,142.9,7.00,22.48,0.1574,6.36,589.0,82.0
46141,142.9,7.00,22.48,0.1574,6.36,589.0,82.0
46148,144.9,6.90,22.48,0.1551,6.45,589.0,82.0
46155,144.9,6.90,22.48,0.1551,6.45,589.0,82.0
46162,142.9,7.00,22.48,0.1574,6.36,589.0,82.0
46168,144.9,6.90,22.48,0.1551,6.45,589.0,82.0
46175,142.9,7.00,22.48,0.1574,6.36,589.0,82.0
46182,144.9,6.90,22.48,0.1551,6.45,589.0,82.0
46189,142.9,7.00,22.48,0.1574,6.36,589.0,82.0
46196,144.9,6.90,22.48,0.1551,6.45,589.0,82.0
46203,142.9,7.00,22.48,0.1574,6.36,589.0,82.0
46210,144.9,6.90,22.48,0.1551,6.45,589.0,82.0
46217,144.9,6.90,22.48,0.1551,6.45,589.0,82.0
46224,140.8,7.10,22.48,0.1596,6.26,589.0,82.0
46231,147.1,6.80,22.49,0.1529,6.54,589.0,82.0
46238,142.9,7.00,22.49,0.1574,6.35,589.0,82.0
46245,142.9,7.00,22.49,0.1574,6.35,589.0,82.0
46252,144.9,6.90,22.49,0.1552,6.44,589.0,82.0
46259,144.9,6.90,22.50,0.1552,6.44,589.0,82.0
46266,144.9,6.90,22.50,0.1552,6.44,589.0,82.0
46273,142.9,7.00,22.50,0.1575,6.35,589.0,82.0
46280,144.9,6.90,22.50,0.1553,6.44,589.0,82.0
46287,142.9,7.00,22.51,0.1576,6.35,589.0,82.0
46293,144.9,6.90,22.51,0.1553,6.44,589.0,82.0
46300,142.9,7.00,22.51,0.1576,6.35,589.0,82.0
46307,142.9,7.00,22.51,0.1576,6.35,589.0,82.0
46314,147.1,6.80,22.52,0.1531,6.53,589.0,82.0
46321,142.9,7.00,22.52,0.1576,6.35,589.0,82.0
46328,144.9,6.90,22.52,0.1554,6.43,589.0,82.0
46335,142.9,7.00,22.52,0.1576,6.35,589.0,82.0
46342,144.9,6.90,22.52,0.1554,6.43,589.0,82.0
46349,142.9,7.00,22.52,0.1576,6.35,589.0,82.0
46356,144.9,6.90,22.52,0.1554,6.43,589.0,82.0
46363,144.9,6.90,22.52,0.1554,6.43,589.0,82.0
46370,142.9,7.00,22.52,0.1576,6.35,589.0,82.0
46377,142.9,7.00,22.52,0.1576,6.35,589.0,82.0
46384,144.9,6.90,22.52,0.1554,6.43,589.0,82.0
46391,144.9,6.90,22.52,0.1554,6.43,589.0,82.0
46398,142.9,7.00,22.52,0.1576,6.35,589.0,82.0
46405,144.9,6.90,22.52,0.1554,6.43,589.0,82.0
46412,142.9,7.00,22.52,0.1576,6.35,589.0,82.0
46418,144.9,6.90,22.52,0.1554,6.43,589.0,82.0
46425,142.9,7.00,22.52,0.1576,6.35,589.0,82.0
46432,142.9,7.00,22.52,0.1576,6.35,589.0,82.0
46439,144.9,6.90,22.52,0.1554,6.43,589.0,82.0
46446,142.9,7.00,22.52,0.1576,6.35,589.0,82.0
46453,144.9,6.90,22.52,0.1554,6.43,589.0,82.0
46460,147.1,6.80,22.52,0.1531,6.53,589.0,82.0
46467,140.8,7.10,22.52,0.1599,6.25,589.0,82.0
46474,144.9,6.90,22.52,0.1554,6.43,589.0,82.0
46481,144.9,6.90,22.52,0.1554,6.43,589.0,82.0
46488,144.9,6.90,22.52,0.1554,6.43,589.0,82.0
46495,142.9,7.00,22.52,0.1576,6.35,589.0,82.0
46502,144.9,6.90,22.52,0.1554,6.43,589.0,82.0
46509,142.9,7.00,22.52,0.1576,6.35,589.0,82.0
46516,142.9,7.00,22.52,0.1576,6.35,589.0,82.0
46523,144.9,6.90,22.52,0.1554,6.43,589.0,82.0
46530,144.9,6.90,22.52,0.1554,6.43,589.0,82.0
46536,144.9,6.90,22.52,0.1554,6.43,589.0,82.0
46543,142.9,7.00,22.52,0.1576,6.35,589.0,82.0
46550,144.9,6.90,22.52,0.1554,6.43,589.0,82.0
46557,142.9,7.00,22.52,0.1576,6.35,589.0,82.0
46564,142.9,7.00,22.52,0.1576,6.35,589.0,82.0
46571,144.9,6.90,22.52,0.1554,6.43,589.0,82.0
46578,144.9,6.90,22.52,0.1554,6.43,589.0,82.0
46585,142.9,7.00,22.52,0.1576,6.35,589.0,82.0
46592,144.9,6.90,22.52,0.1554,6.43,589.0,82.0
46599,142.9,7.00,22.52,0.1576,6.35,589.0,82.0
46606,144.9,6.90,22.52,0.1554,6.43,589.0,82.0
46613,142.9,7.00,22.52,0.1576,6.35,589.0,82.0
46620,144.9,6.90,22.52,0.1554,6.43,589.0,82.0
46627,144.9,6.90,22.52,0.1554,6.43,589.0,82.0
46634,140.8,7.10,22.52,0.1599,6.25,589.0,82.0
46641,147.1,6.80,22.52,0.1531,6.53,589.0,82.0
46648,142.9,7.00,22.52,0.1576,6.35,589.0,82.0
46655,142.9,7.00,22.52,0.1576,6.35,589.0,82.0
46662,144.9,6.90,22.52,0.1554,6.43,589.0,82.0
46669,142.9,7.00,22.52,0.1576,6.35,589.0,82.0
46675,147.1,6.80,22.52,0.1531,6.53,589.0,82.0
46682,142.9,7.00,22.52,0.1576,6.35,589.0,82.0
46689,142.9,7.00,22.52,0.1576,6.35,589.0,82.0
46696,144.9,6.90,22.52,0.1554,6.43,589.0,82.0
46703,142.9,7.00,22.52,0.1576,6.35,589.0,82.0
46710,144.9,6.90,22.52,0.1554,6.43,589.0,82.0
46717,144.9,6.90,22.52,0.1554,6.43,589.0,82.0
46724,142.9,7.00,22.52,0.1576,6.35,589.0,82.0
46731,144.9,6.90,22.52,0.1554,6.43,589.0,82.0
46738,144.9,6.90,22.52,0.1554,6.43,589.0,82.0
46745,142.9,7.00,22.52,0.1576,6.35,589.0,82.0
46752,144.9,6.90,22.52,0.1554,6.43,589.0,82.0
46759,142.9,7.00,22.52,0.1576,6.35,589.0,82.0
46766,144.9,6.90,22.52,0.1554,6.43,589.0,82.0
46773,144.9,6.90,22.52,0.1554,6.43,589.0,82.0
46780,142.9,7.00,22.53,0.1577,6.34,589.0,82.0
46787,142.9,7.00,22.53,0.1577,6.34,589.0,82.0
46793,144.9,6.90,22.53,0.1555,6.43,589.0,82.0
46800,144.9,6.90,22.53,0.1555,6.43,589.0,82.0
46807,142.9,7.00,22.53,0.1577,6.34,589.0,82.0
46814,144.9,6.90,22.54,0.1555,6.43,589.0,82.0
46821,142.9,7.00,22.54,0.1578,6.34,589.0,82.0
46828,144.9,6.90,22.54,0.1555,6.43,589.0,82.0
46835,144.9,6.90,22.54,0.1555,6.43,589.0,82.0
46842,142.9,7.00,22.54,0.1578,6.34,589.0,82.0
46849,144.9,6.90,22.55,0.1556,6.43,589.0,82.0
46856,140.8,7.10,22.55,0.1601,6.24,589.0,82.0
46863,147.1,6.80,22.55,0.1533,6.52,589.0,82.0
46870,144.9,6.90,22.55,0.1556,6.43,589.0,82.0
46877,140.8,7.10,22.55,0.1601,6.24,589.0,82.0
46884,144.9,6.90,22.55,0.1556,6.43,589.0,82.0
46891,144.9,6.90,22.55,0.1556,6.43,589.0,82.0
46898,142.9,7.00,22.55,0.1579,6.34,589.0,82.0
46905,144.9,6.90,22.55,0.1556,6.43,589.0,82.0
46912,142.9,7.00,22.55,0.1579,6.34,589.0,82.0
46918,144.9,6.90,22.55,0.1556,6.43,589.0,82.0
46925,144.9,6.90,22.55,0.1556,6.43,589.0,82.0
46932,140.8,7.10,22.55,0.1601,6.24,589.0,82.0
46939,147.1,6.80,22.55,0.1533,6.52,589.0,82.0
46946,142.9,7.00,22.55,0.1579,6.34,589.0,82.0
46953,142.9,7.00,22.55,0.1579,6.34,589.0,82.0
46960,144.9,6.90,22.55,0.1556,6.43,589.0,82.0
46967,144.9,6.90,22.55,0.1556,6.43,589.0,82.0
46974,142.9,7.00,22.55,0.1579,6.34,589.0,82.0
46981,144.9,6.90,22.55,0.1556,6.43,589.0,82.0
46988,142.9,7.00,22.55,0.1579,6.34,589.0,82.0
46995,144.9,6.90,22.55,0.1556,6.43,589.0,82.0
47002,144.9,6.90,22.55,0.1556,6.43,589.0,82.0
47009,142.9,7.00,22.55,0.1579,6.34,589.0,82.0
47016,142.9,7.00,22.55,0.1579,6.34,589.0,82.0
47023,144.9,6.90,22.55,0.1556,6.43,589.0,82.0
47030,142.9,7.00,22.55,0.1579,6.34,589.0,82.0
47037,144.9,6.90,22.55,0.1556,6.43,589.0,82.0
47043,144.9,6.90,22.55,0.1556,6.43,589.0,82.0
47050,142.9,7.00,22.55,0.1579,6.34,589.0,82.0
47057,144.9,6.90,22.55,0.1556,6.43,589.0,82.0
47064,142.9,7.00,22.55,0.1579,6.34,589.0,82.0
47071,144.9,6.90,22.55,0.1556,6.43,589.0,82.0
47078,144.9,6.90,22.55,0.1556,6.43,589.0,82.0
47085,142.9,7.00,22.55,0.1579,6.34,589.0,82.0
47092,144.9,6.90,22.55,0.1556,6.43,589.0,82.0
47099,142.9,7.00,22.55,0.1579,6.34,589.0,82.0
47106,144.9,6.90,22.55,0.1556,6.43,589.0,82.0
47113,142.9,7.00,22.55,0.1579,6.34,589.0,82.0
47120,147.1,6.80,22.55,0.1533,6.52,589.0,82.0
47127,142.9,7.00,22.55,0.1579,6.34,589.0,82.0
47134,142.9,7.00,22.55,0.1579,6.34,589.0,82.0
47141,144.9,6.90,22.55,0.1556,6.43,589.0,82.0
47148,142.9,7.00,22.55,0.1579,6.34,589.0,82.0
47155,142.9,7.00,22.55,0.1579,6.34,589.0,82.0
47162,144.9,6.90,22.55,0.1556,6.43,589.0,82.0
47168,144.9,6.90,22.55,0.1556,6.43,589.0,82.0
47175,142.9,7.00,22.55,0.1579,6.34,589.0,82.0
47182,144.9,6.90,22.55,0.1556,6.43,589.0,82.0
47189,144.9,6.90,22.55,0.1556,6.43,589.0,82.0
47196,142.9,7.00,22.55,0.1579,6.34,589.0,82.0
47203,142.9,7.00,22.55,0.1579,6.34,589.0,82.0
47210,144.9,6.90,22.56,0.1556,6.42,589.0,82.0
47217,144.9,6.90,22.56,0.1557,6.42,589.0,82.0
47224,142.9,7.00,22.56,0.1579,6.33,589.0,82.0
47231,144.9,6.90,22.56,0.1557,6.42,589.0,82.0
47238,144.9,6.90,22.56,0.1557,6.42,589.0,82.0
47245,142.9,7.00,22.57,0.1580,6.33,589.0,82.0
47252,142.9,7.00,22.57,0.1580,6.33,589.0,82.0
47259,147.1,6.80,22.57,0.1535,6.52,589.0,82.0
47266,142.9,7.00,22.57,0.1580,6.33,589.0,82.0
47273,142.9,7.00,22.57,0.1580,6.33,589.0,82.0
47280,144.9,6.90,22.58,0.1558,6.42,589.0,82.0
47287,142.9,7.00,22.58,0.1580,6.33,589.0,82.0
47293,144.9,6.90,22.58,0.1558,6.42,589.0,82.0
47300,142.9,7.00,22.58,0.1581,6.33,589.0,82.0
47307,144.9,6.90,22.58,0.1558,6.42,589.0,82.0
47314,144.9,6.90,22.58,0.1558,6.42,589.0,82.0
47321,142.9,7.00,22.58,0.1581,6.33,589.0,82.0
47328,144.9,6.90,22.58,0.1558,6.42,589.0,82.0
47335,142.9,7.00,22.58,0.1581,6.33,589.0,82.0
47342,144.9,6.90,22.58,0.1558,6.42,589.0,82.0
47349,144.9,6.90,22.58,0.1558,6.42,589.0,82.0
47356,142.9,7.00,22.58,0.1581,6.33,589.0,82.0
47363,142.9,7.00,22.58,0.1581,6.33,589.0,82.0
47370,144.9,6.90,22.58,0.1558,6.42,589.0,82.0
47377,142.9,7.00,22.58,0.1581,6.33,589.0,82.0
47384,144.9,6.90,22.58,0.1558,6.42,589.0,82.0
47391,144.9,6.90,22.58,0.1558,6.42,589.0,82.0
47398,142.9,7.00,22.58,0.1581,6.33,589.0,82.0
47405,144.9,6.90,22.58,0.1558,6.42,589.0,82.0
47411,144.9,6.90,22.58,0.1558,6.42,589.0,82.0
47418,142.9,7.00,22.58,0.1581,6.33,589.0,82.0
47425,142.9,7.00,22.58,0.1581,6.33,589.0,82.0
47432,144.9,6.90,22.58,0.1558,6.42,589.0,82.0
47439,144.9,6.90,22.58,0.1558,6.42,589.0,82.0
47446,140.8,7.10,22.58,0.1603,6.24,589.0,82.0
47453,147.1,6.80,22.58,0.1535,6.51,589.0,82.0
47460,142.9,7.00,22.58,0.1581,6.33,589.0,82.0
47467,144.9,6.90,22.58,0.1558,6.42,589.0,82.0
47474,144.9,6.90,22.58,0.1558,6.42,589.0,82.0
47481,142.9,7.00,22.58,0.1581,6.33,589.0,82.0
47488,142.9,7.00,22.58,0.1581,6.33,589.0,82.0
47495,144.9,6.90,22.58,0.1558,6.42,589.0,82.0
47502,142.9,7.00,22.58,0.1581,6.33,589.0,82.0
47509,144.9,6.90,22.58,0.1558,6.42,589.0,82.0
47516,142.9,7.00,22.58,0.1581,6.33,589.0,82.0
47523,147.1,6.80,22.58,0.1535,6.51,589.0,82.0
47530,142.9,7.00,22.58,0.1581,6.33,589.0,82.0
47536,144.9,6.90,22.58,0.1558,6.42,589.0,82.0
47543,142.9,7.00,22.58,0.1581,6.33,589.0,82.0
47550,144.9,6.90,22.58,0.1558,6.42,589.0,82.0
47557,142.9,7.00,22.58,0.1581,6.33,589.0,82.0
47564,142.9,7.00,22.58,0.1581,6.33,589.0,82.0
47571,147.1,6.80,22.58,0.1535,6.51,589.0,82.0
47578,142.9,7.00,22.58,0.1581,6.33,589.0,82.0
47585,142.9,7.00,22.58,0.1581,6.33,589.0,82.0
47592,144.9,6.90,22.58,0.1558,6.42,589.0,82.0
47599,142.9,7.00,22.58,0.1581,6.33,589.0,82.0
47606,144.9,6.90,22.58,0.1558,6.42,589.0,82.0
47613,142.9,7.00,22.58,0.1581,6.33,589.0,82.0
47620,147.1,6.80,22.58,0.1535,6.51,589.0,82.0
47627,142.9,7.00,22.58,0.1581,6.33,589.0,82.0
47634,144.9,6.90,22.58,0.1558,6.42,589.0,82.0
47641,142.9,7.00,22.58,0.1581,6.33,589.0,82.0
47648,142.9,7.00,22.58,0.1581,6.33,589.0,82.0
47655,144.9,6.90,22.58,0.1558,6.42,589.0,82.0
47662,142.9,7.00,22.58,0.1581,6.33,589.0,82.0
47668,144.9,6.90,22.58,0.1558,6.42,589.0,82.0
47675,142.9,7.00,22.58,0.1581,6.33,589.0,82.0
47682,144.9,6.90,22.58,0.1558,6.42,589.0,82.0
47689,142.9,7.00,22.58,0.1581,6.33,589.0,82.0
47696,144.9,6.90,22.58,0.1558,6.42,589.0,82.0
47703,144.9,6.90,22.58,0.1558,6.42,589.0,82.0
47710,144.9,6.90,22.58,0.1558,6.42,589.0,82.0
47717,142.9,7.00,22.58,0.1581,6.33,589.0,82.0
47724,144.9,6.90,22.58,0.1558,6.42,589.0,82.0
47731,144.9,6.90,22.58,0.1558,6.42,589.0,82.0
47738,142.9,7.00,22.58,0.1581,6.33,589.0,82.0
47745,142.9,7.00,22.59,0.1581,6.33,589.0,82.0
47752,144.9,6.90,22.59,0.1559,6.41,589.0,82.0
47759,142.9,7.00,22.59,0.1581,6.33,589.0,82.0
47766,144.9,6.90,22.60,0.1559,6.41,589.0,82.0
47773,144.9,6.90,22.60,0.1559,6.41,589.0,82.0
47779,144.9,6.90,22.60,0.1560,6.41,589.0,82.0
47786,142.9,7.00,22.60,0.1582,6.32,589.0,82.0
47793,144.9,6.90,22.61,0.1560,6.41,589.0,82.0
47800,142.9,7.00,22.61,0.1583,6.32,589.0,82.0
47807,142.9,7.00,22.61,0.1583,6.32,589.0,82.0
47814,144.9,6.90,22.62,0.1561,6.41,589.0,82.0
47821,144.9,6.90,22.62,0.1561,6.41,589.0,82.0
47828,142.9,7.00,22.62,0.1584,6.32,589.0,82.0
47835,144.9,6.90,22.63,0.1561,6.40,589.0,82.0
47842,140.8,7.10,22.63,0.1607,6.22,589.0,82.0
47849,144.9,6.90,22.63,0.1561,6.40,589.0,82.0
47856,144.9,6.90,22.63,0.1561,6.40,589.0,82.0
47863,144.9,6.90,22.63,0.1561,6.40,589.0,82.0
47870,142.9,7.00,22.63,0.1584,6.31,589.0,82.0
47877,144.9,6.90,22.63,0.1561,6.40,589.0,82.0
47884,142.9,7.00,22.63,0.1584,6.31,589.0,82.0
47891,142.9,7.00,22.63,0.1584,6.31,589.0,82.0
47898,147.1,6.80,22.63,0.1539,6.50,589.0,82.0
47905,142.9,7.00,22.63,0.1584,6.31,589.0,82.0
47911,144.9,6.90,22.63,0.1561,6.40,589.0,82.0
47918,142.9,7.00,22.63,0.1584,6.31,589.0,82.0
47925,142.9,7.00,22.63,0.1584,6.31,589.0,82.0
47932,144.9,6.90,22.63,0.1561,6.40,589.0,82.0
47939,144.9,6.90,22.63,0.1561,6.40,589.0,82.0
47946,142.9,7.00,22.63,0.1584,6.31,589.0,82.0
47953,144.9,6.90,22.63,0.1561,6.40,589.0,82.0
47960,142.9,7.00,22.63,0.1584,6.31,589.0,82.0
47967,144.9,6.90,22.63,0.1561,6.40,589.0,82.0
47974,142.9,7.00,22.63,0.1584,6.31,589.0,82.0
47981,144.9,6.90,22.63,0.1561,6.40,589.0,82.0
47988,142.9,7.00,22.63,0.1584,6.31,589.0,82.0
47995,147.1,6.80,22.63,0.1539,6.50,589.0,82.0
48002,142.9,7.00,22.63,0.1584,6.31,589.0,82.0
48009,144.9,6.90,22.63,0.1561,6.40,589.0,82.0
48016,142.9,7.00,22.63,0.1584,6.31,589.0,82.0
48023,144.9,6.90,22.63,0.1561,6.40,589.0,82.0
48030,142.9,7.00,22.63,0.1584,6.31,589.0,82.0
48037,142.9,7.00,22.63,0.1584,6.31,589.0,82.0
48043,144.9,6.90,22.63,0.1561,6.40,589.0,82.0
48050,144.9,6.90,22.63,0.1561,6.40,589.0,82.0
48057,142.9,7.00,22.63,0.1584,6.31,589.0,82.0
48064,142.9,7.00,22.63,0.1584,6.31,589.0,82.0
48071,144.9,6.90,22.63,0.1561,6.40,589.0,82.0
48078,144.9,6.90,22.63,0.1561,6.40,589.0,82.0
48085,142.9,7.00,22.63,0.1584,6.31,589.0,82.0
48092,144.9,6.90,22.63,0.1561,6.40,589.0,82.0
48099,144.9,6.90,22.63,0.1561,6.40,589.0,82.0
48106,142.9,7.00,22.63,0.1584,6.31,589.0,82.0
48113,144.9,6.90,22.63,0.1561,6.40,589.0,82.0
48120,142.9,7.00,22.63,0.1584,6.31,589.0,82.0
48127,142.9,7.00,22.63,0.1584,6.31,589.0,82.0
48134,144.9,6.90,22.63,0.1561,6.40,589.0,82.0
48141,144.9,6.90,22.63,0.1561,6.40,589.0,82.0
48148,142.9,7.00,22.63,0.1584,6.31,589.0,82.0
48155,144.9,6.90,22.63,0.1561,6.40,589.0,82.0
48161,144.9,6.90,22.63,0.1561,6.40,589.0,82.0
48168,142.9,7.00,22.63,0.1584,6.31,589.0,82.0
48175,144.9,6.90,22.63,0.1561,6.40,589.0,82.0
48182,144.9,6.90,22.63,0.1561,6.40,589.0,82.0
48189,142.9,7.00,22.63,0.1584,6.31,589.0,82.0
48196,144.9,6.90,22.63,0.1561,6.40,589.0,82.0
48203,142.9,7.00,22.63,0.1584,6.31,589.0,82.0
48210,142.9,7.00,22.63,0.1584,6.31,589.0,82.0
48217,144.9,6.90,22.63,0.1561,6.40,589.0,82.0
48224,144.9,6.90,22.63,0.1561,6.40,589.0,82.0
48231,142.9,7.00,22.63,0.1584,6.31,589.0,82.0
48238,144.9,6.90,22.63,0.1561,6.40,589.0,82.0
48245,142.9,7.00,22.63,0.1584,6.31,589.0,82.0
48252,144.9,6.90,22.63,0.1561,6.40,589.0,82.0
48259,142.9,7.00,22.63,0.1584,6.31,589.0,82.0
48266,144.9,6.90,22.63,0.1561,6.40,589.0,82.0
48273,144.9,6.90,22.63,0.1561,6.40,589.0,82.0
48280,142.9,7.00,22.63,0.1584,6.31,589.0,82.0
48287,142.9,7.00,22.64,0.1584,6.31,589.0,82.0
48293,144.9,6.90,22.64,0.1562,6.40,589.0,82.0
48300,144.9,6.90,22.64,0.1562,6.40,589.0,82.0
48307,142.9,7.00,22.64,0.1585,6.31,589.0,82.0
48314,144.9,6.90,22.64,0.1562,6.40,589.0,82.0
48321,144.9,6.90,22.65,0.1563,6.40,589.0,82.0
48328,142.9,7.00,22.65,0.1585,6.31,589.0,82.0
48335,144.9,6.90,22.65,0.1563,6.40,589.0,82.0
48342,142.9,7.00,22.65,0.1586,6.31,589.0,82.0
48349,142.9,7.00,22.66,0.1586,6.31,589.0,82.0
48356,144.9,6.90,22.66,0.1564,6.39,589.0,82.0
48363,142.9,7.00,22.66,0.1586,6.31,589.0,82.0
48370,147.1,6.80,22.66,0.1541,6.49,589.0,82.0
48377,142.9,7.00,22.67,0.1587,6.30,589.0,82.0
48384,142.9,7.00,22.67,0.1587,6.30,589.0,82.0
48391,144.9,6.90,22.67,0.1564,6.39,589.0,82.0
48398,144.9,6.90,22.67,0.1564,6.39,589.0,82.0
48405,142.9,7.00,22.67,0.1587,6.30,589.0,82.0
48412,142.9,7.00,22.67,0.1587,6.30,589.0,82.0
48418,144.9,6.90,22.67,0.1564,6.39,589.0,82.0
48425,142.9,7.00,22.67,0.1587,6.30,589.0,82.0
48432,147.1,6.80,22.67,0.1542,6.49,589.0,82.0
48439,142.9,7.00,22.67,0.1587,6.30,589.0,82.0
48446,142.9,7.00,22.67,0.1587,6.30,589.0,82.0
48453,144.9,6.90,22.67,0.1564,6.39,589.0,82.0
48460,142.9,7.00,22.67,0.1587,6.30,589.0,82.0
48467,144.9,6.90,22.67,0.1564,6.39,589.0,82.0
48474,144.9,6.90,22.67,0.1564,6.39,589.0,82.0
48481,142.9,7.00,22.67,0.1587,6.30,589.0,82.0
48488,144.9,6.90,22.67,0.1564,6.39,589.0,82.0
48495,142.9,7.00,22.67,0.1587,6.30,589.0,82.0
48502,144.9,6.90,22.67,0.1564,6.39,589.0,82.0
48509,144.9,6.90,22.67,0.1564,6.39,589.0,82.0
48516,142.9,7.00,22.67,0.1587,6.30,589.0,82.0
48523,142.9,7.00,22.67,0.1587,6.30,589.0,82.0
48530,144.9,6.90,22.67,0.1564,6.39,589.0,82.0
48537,142.9,7.00,22.67,0.1587,6.30,589.0,82.0
48543,144.9,6.90,22.67,0.1564,6.39,589.0,82.0
48550,144.9,6.90,22.67,0.1564,6.39,589.0,82.0
48557,142.9,7.00,22.67,0.1587,6.30,589.0,82.0
48564,144.9,6.90,22.67,0.1564,6.39,589.0,82.0
48571,142.9,7.00,22.67,0.1587,6.30,589.0,82.0
48578,144.9,6.90,22.67,0.1564,6.39,589.0,82.0
48585,144.9,6.90,22.67,0.1564,6.39,589.0,82.0
48592,142.9,7.00,22.67,0.1587,6.30,589.0,82.0
48599,144.9,6.90,22.67,0.1564,6.39,589.0,82.0
48606,142.9,7.00,22.67,0.1587,6.30,589.0,82.0
48613,144.9,6.90,22.67,0.1564,6.39,589.0,82.0
48620,144.9,6.90,22.67,0.1564,6.39,589.0,82.0
48627,142.9,7.00,22.67,0.1587,6.30,589.0,82.0
48634,142.9,7.00,22.67,0.1587,6.30,589.0,82.0
48641,144.9,6.90,22.67,0.1564,6.39,589.0,82.0
48648,142.9,7.00,22.67,0.1587,6.30,589.0,82.0
48655,142.9,7.00,22.67,0.1587,6.30,589.0,82.0
48661,147.1,6.80,22.67,0.1542,6.49,589.0,82.0
48668,142.9,7.00,22.67,0.1587,6.30,589.0,82.0
48675,142.9,7.00,22.67,0.1587,6.30,589.0,82.0
48682,147.1,6.80,22.67,0.1542,6.49,589.0,82.0
48689,142.9,7.00,22.67,0.1587,6.30,589.0,82.0
48696,144.9,6.90,22.67,0.1564,6.39,589.0,82.0
48703,142.9,7.00,22.67,0.1587,6.30,589.0,82.0
48710,144.9,6.90,22.67,0.1564,6.39,589.0,82.0
48717,142.9,7.00,22.67,0.1587,6.30,589.0,82.0
48724,142.9,7.00,22.67,0.1587,6.30,589.0,82.0
48731,144.9,6.90,22.67,0.1564,6.39,589.0,82.0
48738,142.9,7.00,22.67,0.1587,6.30,589.0,82.0
48745,147.1,6.80,22.67,0.1542,6.49,589.0,82.0
48752,142.9,7.00,22.67,0.1587,6.30,589.0,82.0
48759,142.9,7.00,22.67,0.1587,6.30,589.0,82.0
48766,144.9,6.90,22.67,0.1565,6.39,589.0,82.0
48772,147.1,6.80,22.68,0.1542,6.49,589.0,82.0
48780,140.8,7.10,22.68,0.1610,6.21,589.0,82.0
48786,144.9,6.90,22.68,0.1565,6.39,589.0,82.0
48793,142.9,7.00,22.68,0.1587,6.30,589.0,82.0
48800,144.9,6.90,22.68,0.1565,6.39,589.0,82.0
48807,144.9,6.90,22.68,0.1565,6.39,589.0,82.0
48814,142.9,7.00,22.68,0.1588,6.30,589.0,82.0
48821,142.9,7.00,22.68,0.1588,6.30,589.0,82.0
48828,144.9,6.90,22.68,0.1565,6.39,589.0,82.0
48835,144.9,6.90,22.68,0.1565,6.39,589.0,82.0
48842,142.9,7.00,22.68,0.1588,6.30,589.0,82.0
48849,144.9,6.90,22.68,0.1565,6.39,589.0,82.0
48856,142.9,7.00,22.68,0.1588,6.30,589.0,82.0
48863,144.9,6.90,22.68,0.1565,6.39,589.0,82.0
48870,142.9,7.00,22.68,0.1588,6.30,589.0,82.0
48877,144.9,6.90,22.68,0.1565,6.39,589.0,82.0
48884,144.9,6.90,22.68,0.1565,6.39,589.0,82.0
48891,142.9,7.00,22.68,0.1588,6.30,589.0,82.0
48898,142.9,7.00,22.68,0.1588,6.30,589.0,82.0
48905,144.9,6.90,22.68,0.1565,6.39,589.0,82.0
48911,144.9,6.90,22.68,0.1565,6.39,589.0,82.0
48918,142.9,7.00,22.68,0.1588,6.30,589.0,82.0
48925,142.9,7.00,22.68,0.1588,6.30,589.0,82.0
48932,144.9,6.90,22.68,0.1565,6.39,589.0,82.0
48939,144.9,6.90,22.68,0.1565,6.39,589.0,82.0
48946,144.9,6.90,22.68,0.1565,6.39,589.0,82.0
48953,144.9,6.90,22.68,0.1565,6.39,589.0,82.0
48960,142.9,7.00,22.68,0.1588,6.30,589.0,82.0
48967,142.9,7.00,22.68,0.1588,6.30,589.0,82.0
48974,144.9,6.90,22.68,0.1565,6.39,589.0,82.0
48981,142.9,7.00,22.68,0.1588,6.30,589.0,82.0
48988,144.9,6.90,22.68,0.1565,6.39,589.0,82.0
48995,142.9,7.00,22.68,0.1588,6.30,589.0,82.0
49002,142.9,7.00,22.68,0.1588,6.30,589.0,82.0
49009,144.9,6.90,22.68,0.1565,6.39,589.0,82.0
49016,147.1,6.80,22.68,0.1542,6.49,589.0,82.0
49023,142.9,7.00,22.68,0.1588,6.30,589.0,82.0
49030,142.9,7.00,22.68,0.1588,6.30,589.0,82.0
49036,144.9,6.90,22.68,0.1565,6.39,589.0,82.0
49043,142.9,7.00,22.68,0.1588,6.30,589.0,82.0
49050,144.9,6.90,22.68,0.1565,6.39,589.0,82.0
49057,142.9,7.00,22.68,0.1588,6.30,589.0,82.0
49064,144.9,6.90,22.68,0.1565,6.39,589.0,82.0
49071,144.9,6.90,22.68,0.1565,6.39,589.0,82.0
49078,142.9,7.00,22.68,0.1588,6.30,589.0,82.0
49085,144.9,6.90,22.68,0.1565,6.39,589.0,82.0
49092,142.9,7.00,22.68,0.1588,6.30,589.0,82.0
49099,144.9,6.90,22.68,0.1565,6.39,589.0,82.0
49106,142.9,7.00,22.68,0.1588,6.30,589.0,82.0
49113,142.9,7.00,22.68,0.1588,6.30,589.0,82.0
49120,144.9,6.90,22.68,0.1565,6.39,589.0,82.0
49127,144.9,6.90,22.68,0.1565,6.39,589.0,82.0
49134,142.9,7.00,22.68,0.1588,6.30,589.0,82.0
49141,144.9,6.90,22.68,0.1565,6.39,589.0,82.0
49148,142.9,7.00,22.68,0.1588,6.30,589.0,82.0
49155,144.9,6.90,22.68,0.1565,6.39,589.0,82.0
49161,144.9,6.90,22.68,0.1565,6.39,589.0,82.0
49168,142.9,7.00,22.68,0.1588,6.30,589.0,82.0
49175,144.9,6.90,22.68,0.1565,6.39,589.0,82.0
49182,144.9,6.90,22.68,0.1565,6.39,589.0,82.0
49189,142.9,7.00,22.68,0.1588,6.30,589.0,82.0
49196,142.9,7.00,22.68,0.1588,6.30,589.0,82.0
49203,144.9,6.90,22.68,0.1565,6.39,589.0,82.0
49210,144.9,6.90,22.68,0.1565,6.39,589.0,82.0
49217,142.9,7.00,22.68,0.1588,6.30,589.0,82.0
49224,144.9,6.90,22.68,0.1565,6.39,589.0,82.0
49231,142.9,7.00,22.68,0.1588,6.30,589.0,82.0
49238,142.9,7.00,22.68,0.1588,6.30,589.0,82.0
49245,144.9,6.90,22.68,0.1565,6.39,589.0,82.0
49252,144.9,6.90,22.68,0.1565,6.39,589.0,82.0
49259,144.9,6.90,22.68,0.1565,6.39,589.0,82.0
49266,142.9,7.00,22.68,0.1588,6.30,589.0,82.0
49273,144.9,6.90,22.68,0.1565,6.39,589.0,82.0
49280,142.9,7.00,22.69,0.1588,6.30,589.0,82.0
49286,144.9,6.90,22.69,0.1565,6.39,589.0,82.0
49293,144.9,6.90,22.69,0.1566,6.39,589.0,82.0
49300,142.9,7.00,22.69,0.1588,6.30,589.0,82.0
49307,144.9,6.90,22.69,0.1566,6.39,589.0,82.0
49314,142.9,7.00,22.69,0.1589,6.30,589.0,82.0
49321,144.9,6.90,22.70,0.1566,6.38,589.0,82.0
49328,142.9,7.00,22.70,0.1589,6.30,589.0,82.0
49335,142.9,7.00,22.70,0.1589,6.30,589.0,82.0
49342,144.9,6.90,22.70,0.1566,6.38,589.0,82.0
49349,144.9,6.90,22.70,0.1567,6.38,589.0,82.0
49356,142.9,7.00,22.71,0.1589,6.29,589.0,82.0
49363,144.9,6.90,22.71,0.1567,6.38,589.0,82.0
49370,144.9,6.90,22.71,0.1567,6.38,589.0,82.0
49377,142.9,7.00,22.71,0.1590,6.29,589.0,82.0
49384,144.9,6.90,22.71,0.1567,6.38,589.0,82.0
49391,144.9,6.90,22.71,0.1567,6.38,589.0,82.0
49398,140.8,7.10,22.71,0.1612,6.20,589.0,82.0
49404,147.1,6.80,22.71,0.1544,6.48,589.0,82.0
49411,142.9,7.00,22.71,0.1590,6.29,589.0,82.0
49418,144.9,6.90,22.71,0.1567,6.38,589.0,82.0
49425,142.9,7.00,22.71,0.1590,6.29,589.0,82.0
49432,142.9,7.00,22.71,0.1590,6.29,589.0,82.0
49439,144.9,6.90,22.71,0.1567,6.38,589.0,82.0
49446,142.9,7.00,22.71,0.1590,6.29,589.0,82.0
49453,144.9,6.90,22.71,0.1567,6.38,589.0,82.0
49460,144.9,6.90,22.71,0.1567,6.38,589.0,82.0
49467,144.9,6.90,22.71,0.1567,6.38,589.0,82.0
49474,142.9,7.00,22.71,0.1590,6.29,589.0,82.0
49481,144.9,6.90,22.71,0.1567,6.38,589.0,82.0
49488,144.9,6.90,22.71,0.1567,6.38,589.0,82.0
49495,142.9,7.00,22.71,0.1590,6.29,589.0,82.0
49502,140.8,7.10,22.71,0.1612,6.20,589.0,82.0
49509,147.1,6.80,22.71,0.1544,6.48,589.0,82.0
49516,142.9,7.00,22.71,0.1590,6.29,589.0,82.0
49523,144.9,6.90,22.71,0.1567,6.38,589.0,82.0
49530,142.9,7.00,22.71,0.1590,6.29,589.0,82.0
49536,144.9,6.90,22.71,0.1567,6.38,589.0,82.0
49543,142.9,7.00,22.71,0.1590,6.29,589.0,82.0
49550,144.9,6.90,22.71,0.1567,6.38,589.0,82.0
49557,144.9,6.90,22.71,0.1567,6.38,589.0,82.0
49564,142.9,7.00,22.71,0.1590,6.29,589.0,82.0
49571,144.9,6.90,22.71,0.1567,6.38,589.0,82.0
49578,142.9,7.00,22.71,0.1590,6.29,589.0,82.0
49585,144.9,6.90,22.71,0.1567,6.38,589.0,82.0
49592,144.9,6.90,22.71,0.1567,6.38,589.0,82.0
49599,142.9,7.00,22.71,0.1590,6.29,589.0,82.0
49606,142.9,7.00,22.71,0.1590,6.29,589.0,82.0
49613,144.9,6.90,22.71,0.1567,6.38,589.0,82.0
49620,144.9,6.90,22.71,0.1567,6.38,589.0,82.0
49627,142.9,7.00,22.71,0.1590,6.29,589.0,82.0
49634,144.9,6.90,22.71,0.1567,6.38,589.0,82.0
49641,142.9,7.00,22.71,0.1590,6.29,589.0,82.0
49648,142.9,7.00,22.71,0.1590,6.29,589.0,82.0
49654,147.1,6.80,22.71,0.1544,6.48,589.0,82.0
49661,142.9,7.00,22.71,0.1590,6.29,589.0,82.0
49668,144.9,6.90,22.71,0.1567,6.38,589.0,82.0
49675,144.9,6.90,22.71,0.1567,6.38,589.0,82.0
49682,142.9,7.00,22.71,0.1590,6.29,589.0,82.0
49689,142.9,7.00,22.71,0.1590,6.29,589.0,82.0
49696,144.9,6.90,22.71,0.1567,6.38,589.0,82.0
49703,144.9,6.90,22.71,0.1567,6.38,589.0,82.0
49710,142.9,7.00,22.71,0.1590,6.29,589.0,82.0
49717,144.9,6.90,22.71,0.1567,6.38,589.0,82.0
49724,142.9,7.00,22.71,0.1590,6.29,589.0,82.0
49731,142.9,7.00,22.71,0.1590,6.29,589.0,82.0
49738,144.9,6.90,22.71,0.1567,6.38,589.0,82.0
49745,142.9,7.00,22.71,0.1590,6.29,589.0,82.0
49752,144.9,6.90,22.72,0.1567,6.38,589.0,82.0
49759,144.9,6.90,22.72,0.1567,6.38,589.0,82.0
49766,142.9,7.00,22.72,0.1590,6.29,589.0,82.0
49773,144.9,6.90,22.72,0.1567,6.38,589.0,82.0
49780,142.9,7.00,22.72,0.1590,6.29,589.0,82.0
49786,144.9,6.90,22.72,0.1568,6.38,589.0,82.0
49793,142.9,7.00,22.72,0.1590,6.29,589.0,82.0
49800,144.9,6.90,22.72,0.1568,6.38,589.0,82.0
49807,142.9,7.00,22.72,0.1590,6.29,589.0,82.0
49814,144.9,6.90,22.72,0.1568,6.38,589.0,82.0
49821,144.9,6.90,22.72,0.1568,6.38,589.0,82.0
49828,142.9,7.00,22.72,0.1590,6.29,589.0,82.0
49835,144.9,6.90,22.72,0.1568,6.38,589.0,82.0
49842,142.9,7.00,22.72,0.1590,6.29,589.0,82.0
49849,142.9,7.00,22.72,0.1590,6.29,589.0,82.0
49856,144.9,6.90,22.72,0.1568,6.38,589.0,82.0
49863,144.9,6.90,22.72,0.1568,6.38,589.0,82.0
49870,144.9,6.90,22.72,0.1568,6.38,589.0,82.0
49877,142.9,7.00,22.72,0.1590,6.29,589.0,82.0
49884,144.9,6.90,22.72,0.1568,6.38,589.0,82.0
49891,142.9,7.00,22.72,0.1590,6.29,589.0,82.0
49898,144.9,6.90,22.72,0.1568,6.38,589.0,82.0
49905,142.9,7.00,22.72,0.1590,6.29,589.0,82.0
49911,144.9,6.90,22.72,0.1568,6.38,589.0,82.0
49918,142.9,7.00,22.72,0.1590,6.29,589.0,82.0
49925,144.9,6.90,22.72,0.1568,6.38,589.0,82.0
49932,144.9,6.90,22.72,0.1568,6.38,589.0,82.0
49939,142.9,7.00,22.72,0.1590,6.29,589.0,82.0
49946,144.9,6.90,22.72,0.1568,6.38,589.0,82.0
49953,144.9,6.90,22.72,0.1568,6.38,589.0,82.0
49960,142.9,7.00,22.72,0.1590,6.29,589.0,82.0
49967,142.9,7.00,22.72,0.1590,6.29,589.0,82.0
49974,144.9,6.90,22.72,0.1568,6.38,589.0,82.0
49981,144.9,6.90,22.72,0.1568,6.38,589.0,82.0
49988,142.9,7.00,22.72,0.1590,6.29,589.0,82.0
49995,144.9,6.90,22.72,0.1568,6.38,589.0,82.0
50002,142.9,7.00,22.72,0.1590,6.29,589.0,82.0
50009,144.9,6.90,22.72,0.1568,6.38,589.0,82.0
50016,142.9,7.00,22.72,0.1590,6.29,589.0,82.0
50023,144.9,6.90,22.72,0.1568,6.38,589.0,82.0
50029,144.9,6.90,22.72,0.1568,6.38,589.0,82.0
50036,142.9,7.00,22.72,0.1590,6.29,589.0,82.0
50043,144.9,6.90,22.72,0.1568,6.38,589.0,82.0
50050,142.9,7.00,22.72,0.1590,6.29,589.0,82.0
50057,144.9,6.90,22.72,0.1568,6.38,589.0,82.0
50064,142.9,7.00,22.72,0.1590,6.29,589.0,82.0
50071,144.9,6.90,22.72,0.1568,6.38,589.0,82.0
50078,142.9,7.00,22.72,0.1590,6.29,589.0,82.0
50085,144.9,6.90,22.72,0.1568,6.38,589.0,82.0
50092,144.9,6.90,22.72,0.1568,6.38,589.0,82.0
50099,142.9,7.00,22.72,0.1590,6.29,589.0,82.0
50106,142.9,7.00,22.72,0.1590,6.29,589.0,82.0
50113,144.9,6.90,22.72,0.1568,6.38,589.0,82.0
50120,142.9,7.00,22.72,0.1590,6.29,589.0,82.0
50127,144.9,6.90,22.72,0.1568,6.38,589.0,82.0
50134,142.9,7.00,22.72,0.1590,6.29,589.0,82.0
50141,144.9,6.90,22.72,0.1568,6.38,589.0,82.0
50148,144.9,6.90,22.72,0.1568,6.38,589.0,82.0
50155,142.9,7.00,22.72,0.1590,6.29,589.0,82.0
50161,144.9,6.90,22.72,0.1568,6.38,589.0,82.0
50168,144.9,6.90,22.72,0.1568,6.38,589.0,82.0
50175,142.9,7.00,22.72,0.1590,6.29,589.0,82.0
50182,144.9,6.90,22.72,0.1568,6.38,589.0,82.0
50189,142.9,7.00,22.72,0.1590,6.29,589.0,82.0
50196,144.9,6.90,22.72,0.1568,6.38,589.0,82.0
50203,144.9,6.90,22.72,0.1568,6.38,589.0,82.0
50210,142.9,7.00,22.72,0.1590,6.29,589.0,82.0
50217,142.9,7.00,22.72,0.1590,6.29,589.0,82.0
50224,144.9,6.90,22.72,0.1568,6.38,589.0,82.0
50231,144.9,6.90,22.72,0.1568,6.38,589.0,82.0
50238,142.9,7.00,22.72,0.1590,6.29,589.0,82.0
50245,144.9,6.90,22.72,0.1568,6.38,589.0,82.0
50252,142.9,7.00,22.73,0.1591,6.29,589.0,82.0
50259,144.9,6.90,22.73,0.1568,6.37,589.0,82.0
50266,142.9,7.00,22.73,0.1591,6.29,589.0,82.0
50273,144.9,6.90,22.74,0.1569,6.37,589.0,82.0
50280,142.9,7.00,22.74,0.1592,6.28,589.0,82.0
50286,144.9,6.90,22.75,0.1569,6.37,589.0,82.0
50293,144.9,6.90,22.75,0.1570,6.37,589.0,82.0
50300,142.9,7.00,22.75,0.1593,6.28,589.0,82.0
50307,144.9,6.90,22.76,0.1570,6.37,589.0,82.0
50314,142.9,7.00,22.76,0.1593,6.28,589.0,82.0
50321,144.9,6.90,22.77,0.1571,6.36,589.0,82.0
50328,144.9,6.90,22.77,0.1571,6.36,589.0,82.0
50335,142.9,7.00,22.77,0.1594,6.28,589.0,82.0
50342,142.9,7.00,22.78,0.1594,6.27,589.0,82.0
50349,144.9,6.90,22.78,0.1572,6.36,589.0,82.0
50356,144.9,6.90,22.78,0.1572,6.36,589.0,82.0
50363,142.9,7.00,22.78,0.1595,6.27,589.0,82.0
50370,144.9,6.90,22.78,0.1572,6.36,589.0,82.0
50377,142.9,7.00,22.78,0.1595,6.27,589.0,82.0
50384,144.9,6.90,22.78,0.1572,6.36,589.0,82.0
50391,144.9,6.90,22.78,0.1572,6.36,589.0,82.0
50398,142.9,7.00,22.78,0.1595,6.27,589.0,82.0
50405,142.9,7.00,22.78,0.1595,6.27,589.0,82.0
50411,144.9,6.90,22.78,0.1572,6.36,589.0,82.0
50418,142.9,7.00,22.78,0.1595,6.27,589.0,82.0
50425,144.9,6.90,22.78,0.1572,6.36,589.0,82.0
50432,142.9,7.00,22.78,0.1595,6.27,589.0,82.0
50439,144.9,6.90,22.78,0.1572,6.36,589.0,82.0
50446,144.9,6.90,22.78,0.1572,6.36,589.0,82.0
50453,144.9,6.90,22.78,0.1572,6.36,589.0,82.0
50460,142.9,7.00,22.78,0.1595,6.27,589.0,82.0
50467,142.9,7.00,22.78,0.1595,6.27,589.0,82.0
50474,144.9,6.90,22.78,0.1572,6.36,589.0,82.0
50481,144.9,6.90,22.78,0.1572,6.36,589.0,82.0
50488,142.9,7.00,22.78,0.1595,6.27,589.0,82.0
50495,144.9,6.90,22.78,0.1572,6.36,589.0,82.0
50502,142.9,7.00,22.78,0.1595,6.27,589.0,82.0
50509,144.9,6.90,22.78,0.1572,6.36,589.0,82.0
50516,142.9,7.00,22.78,0.1595,6.27,589.0,82.0
50523,144.9,6.90,22.78,0.1572,6.36,589.0,82.0
50530,142.9,7.00,22.78,0.1595,6.27,589.0,82.0
50536,144.9,6.90,22.78,0.1572,6.36,589.0,82.0
50543,144.9,6.90,22.78,0.1572,6.36,589.0,82.0
50550,142.9,7.00,22.78,0.1595,6.27,589.0,82.0
50557,142.9,7.00,22.78,0.1595,6.27,589.0,82.0
50564,144.9,6.90,22.78,0.1572,6.36,589.0,82.0
50571,144.9,6.90,22.78,0.1572,6.36,589.0,82.0
50578,142.9,7.00,22.78,0.1595,6.27,589.0,82.0
50585,144.9,6.90,22.78,0.1572,6.36,589.0,82.0
50592,144.9,6.90,22.78,0.1572,6.36,589.0,82.0
50599,142.9,7.00,22.78,0.1595,6.27,589.0,82.0
50606,142.9,7.00,22.78,0.1595,6.27,589.0,82.0
50613,144.9,6.90,22.78,0.1572,6.36,589.0,82.0
50620,144.9,6.90,22.78,0.1572,6.36,589.0,82.0
50627,142.9,7.00,22.78,0.1595,6.27,589.0,82.0
50634,144.9,6.90,22.78,0.1572,6.36,589.0,82.0
50641,144.9,6.90,22.78,0.1572,6.36,589.0,82.0
50648,142.9,7.00,22.78,0.1595,6.27,589.0,82.0
50654,144.9,6.90,22.78,0.1572,6.36,589.0,82.0
50661,142.9,7.00,22.78,0.1595,6.27,589.0,82.0
50668,142.9,7.00,22.78,0.1595,6.27,589.0,82.0
50675,147.1,6.80,22.78,0.1549,6.46,589.0,82.0
50682,142.9,7.00,22.78,0.1595,6.27,589.0,82.0
50689,142.9,7.00,22.78,0.1595,6.27,589.0,82.0
50696,144.9,6.90,22.78,0.1572,6.36,589.0,82.0
50703,142.9,7.00,22.78,0.1595,6.27,589.0,82.0
50710,144.9,6.90,22.78,0.1572,6.36,589.0,82.0
50717,144.9,6.90,22.78,0.1572,6.36,589.0,82.0
50724,144.9,6.90,22.78,0.1572,6.36,589.0,82.0
50731,142.9,7.00,22.78,0.1595,6.27,589.0,82.0
50738,142.9,7.00,22.78,0.1595,6.27,589.0,82.0
50745,144.9,6.90,22.78,0.1572,6.36,589.0,82.0
50752,142.9,7.00,22.78,0.1595,6.27,589.0,82.0
50759,144.9,6.90,22.78,0.1572,6.36,589.0,82.0
50766,142.9,7.00,22.78,0.1595,6.27,589.0,82.0
50773,144.9,6.90,22.78,0.1572,6.36,589.0,82.0
50780,142.9,7.00,22.78,0.1595,6.27,589.0,82.0
50786,144.9,6.90,22.78,0.1572,6.36,589.0,82.0
50793,144.9,6.90,22.79,0.1572,6.36,589.0,82.0
50800,142.9,7.00,22.79,0.1595,6.27,589.0,82.0
50807,144.9,6.90,22.80,0.1573,6.36,589.0,82.0
50814,142.9,7.00,22.81,0.1596,6.27,589.0,82.0
50821,144.9,6.90,22.81,0.1574,6.35,589.0,82.0
50828,142.9,7.00,22.82,0.1597,6.26,589.0,82.0
50835,144.9,6.90,22.82,0.1575,6.35,589.0,82.0
50842,142.9,7.00,22.83,0.1598,6.26,589.0,82.0
50849,144.9,6.90,22.84,0.1576,6.34,589.0,82.0
50856,144.9,6.90,22.84,0.1576,6.34,589.0,82.0
50863,142.9,7.00,22.85,0.1600,6.25,589.0,82.0
50870,144.9,6.90,22.86,0.1577,6.34,589.0,82.0
50877,142.9,7.00,22.86,0.1600,6.25,589.0,82.0
50884,144.9,6.90,22.87,0.1578,6.34,589.0,82.0
50891,144.9,6.90,22.88,0.1578,6.33,589.0,82.0
50898,140.8,7.10,22.88,0.1624,6.15,589.0,82.0
50905,144.9,6.90,22.88,0.1579,6.33,589.0,82.0
50911,147.1,6.80,22.88,0.1556,6.43,589.0,82.0
50918,140.8,7.10,22.88,0.1624,6.15,589.0,82.0
50925,144.9,6.90,22.88,0.1579,6.33,589.0,82.0
50932,144.9,6.90,22.88,0.1579,6.33,589.0,82.0
50939,142.9,7.00,22.88,0.1602,6.25,589.0,82.0
50946,144.9,6.90,22.88,0.1579,6.33,589.0,82.0
50953,142.9,7.00,22.88,0.1602,6.25,589.0,82.0
50960,144.9,6.90,22.88,0.1579,6.33,589.0,82.0
50967,144.9,6.90,22.88,0.1579,6.33,589.0,82.0
50974,142.9,7.00,22.88,0.1602,6.25,589.0,82.0
50981,142.9,7.00,22.88,0.1602,6.25,589.0,82.0
50988,147.1,6.80,22.88,0.1556,6.43,589.0,82.0
50995,142.9,7.00,22.88,0.1602,6.25,589.0,82.0
51002,144.9,6.90,22.88,0.1579,6.33,589.0,82.0
51009,142.9,7.00,22.88,0.1602,6.25,589.0,82.0
51016,142.9,7.00,22.88,0.1602,6.25,589.0,82.0
51022,147.1,6.80,22.88,0.1556,6.43,589.0,82.0
51029,142.9,7.00,22.88,0.1602,6.25,589.0,82.0
51036,142.9,7.00,22.88,0.1602,6.25,589.0,82.0
51043,144.9,6.90,22.88,0.1579,6.33,589.0,82.0
51050,142.9,7.00,22.88,0.1602,6.25,589.0,82.0
51057,144.9,6.90,22.88,0.1579,6.33,589.0,82.0
51064,144.9,6.90,22.88,0.1579,6.33,589.0,82.0
51071,140.8,7.10,22.88,0.1624,6.15,589.0,82.0
51078,144.9,6.90,22.88,0.1579,6.33,589.0,82.0
51085,144.9,6.90,22.88,0.1579,6.33,589.0,82.0
51092,142.9,7.00,22.88,0.1602,6.25,589.0,82.0
51099,144.9,6.90,22.88,0.1579,6.33,589.0,82.0
51106,144.9,6.90,22.88,0.1579,6.33,589.0,82.0
51113,142.9,7.00,22.88,0.1602,6.25,589.0,82.0
51120,144.9,6.90,22.88,0.1579,6.33,589.0,82.0
51127,142.9,7.00,22.88,0.1602,6.25,589.0,82.0
51134,144.9,6.90,22.88,0.1579,6.33,589.0,82.0
51141,144.9,6.90,22.88,0.1579,6.33,589.0,82.0
51148,142.9,7.00,22.88,0.1602,6.25,589.0,82.0
51154,144.9,6.90,22.88,0.1579,6.33,589.0,82.0
51161,144.9,6.90,22.88,0.1579,6.33,589.0,82.0
51168,142.9,7.00,22.88,0.1602,6.25,589.0,82.0
51175,142.9,7.00,22.88,0.1602,6.25,589.0,82.0
51182,144.9,6.90,22.88,0.1579,6.33,589.0,82.0
51189,142.9,7.00,22.88,0.1602,6.25,589.0,82.0
51196,144.9,6.90,22.88,0.1579,6.33,589.0,82.0
51203,144.9,6.90,22.88,0.1579,6.33,589.0,82.0
51210,142.9,7.00,22.88,0.1602,6.25,589.0,82.0
51217,142.9,7.00,22.88,0.1602,6.25,589.0,82.0
51224,144.9,6.90,22.88,0.1579,6.33,589.0,82.0
51231,144.9,6.90,22.89,0.1579,6.33,589.0,82.0
51238,144.9,6.90,22.89,0.1579,6.33,589.0,82.0
51245,140.8,7.10,22.89,0.1625,6.15,589.0,82.0
51252,147.1,6.80,22.90,0.1557,6.42,589.0,82.0
51259,142.9,7.00,22.90,0.1603,6.24,589.0,82.0
51266,142.9,7.00,22.90,0.1603,6.24,589.0,82.0
51273,144.9,6.90,22.91,0.1581,6.33,589.0,82.0
51279,144.9,6.90,22.91,0.1581,6.32,589.0,82.0
51286,144.9,6.90,22.92,0.1581,6.32,589.0,82.0
51293,142.9,7.00,22.92,0.1604,6.23,589.0,82.0
51300,142.9,7.00,22.92,0.1605,6.23,589.0,82.0
51307,144.9,6.90,22.93,0.1582,6.32,589.0,82.0
51314,142.9,7.00,22.93,0.1605,6.23,589.0,82.0
51321,144.9,6.90,22.93,0.1582,6.32,589.0,82.0
51328,144.9,6.90,22.94,0.1583,6.32,589.0,82.0
51335,142.9,7.00,22.94,0.1606,6.23,589.0,82.0
51342,144.9,6.90,22.94,0.1583,6.32,589.0,82.0
51349,144.9,6.90,22.94,0.1583,6.32,589.0,82.0
51356,142.9,7.00,22.94,0.1606,6.23,589.0,82.0
51363,144.9,6.90,22.94,0.1583,6.32,589.0,82.0
51370,142.9,7.00,22.94,0.1606,6.23,589.0,82.0
51377,142.9,7.00,22.94,0.1606,6.23,589.0,82.0
51384,144.9,6.90,22.94,0.1583,6.32,589.0,82.0
51391,144.9,6.90,22.94,0.1583,6.32,589.0,82.0
51397,144.9,6.90,22.94,0.1583,6.32,589.0,82.0
51404,142.9,7.00,22.94,0.1606,6.23,589.0,82.0
51411,142.9,7.00,22.94,0.1606,6.23,589.0,82.0
51418,144.9,6.90,22.94,0.1583,6.32,589.0,82.0
51425,144.9,6.90,22.94,0.1583,6.32,589.0,82.0
51432,142.9,7.00,22.94,0.1606,6.23,589.0,82.0
51439,142.9,7.00,22.94,0.1606,6.23,589.0,82.0
51446,147.1,6.80,22.94,0.1560,6.41,589.0,82.0
51453,142.9,7.00,22.94,0.1606,6.23,589.0,82.0
51460,142.9,7.00,22.94,0.1606,6.23,589.0,82.0
51467,142.9,7.00,22.94,0.1606,6.23,589.0,82.0
51474,144.9,6.90,22.94,0.1583,6.32,589.0,82.0
51481,144.9,6.90,22.94,0.1583,6.32,589.0,82.0
51488,144.9,6.90,22.94,0.1583,6.32,589.0,82.0
51495,142.9,7.00,22.94,0.1606,6.23,589.0,82.0
51502,144.9,6.90,22.94,0.1583,6.32,589.0,82.0
51509,142.9,7.00,22.94,0.1606,6.23,589.0,82.0
51516,142.9,7.00,22.94,0.1606,6.23,589.0,82.0
51523,144.9,6.90,22.94,0.1583,6.32,589.0,82.0
51529,144.9,6.90,22.94,0.1583,6.32,589.0,82.0
51536,142.9,7.00,22.94,0.1606,6.23,589.0,82.0
51543,144.9,6.90,22.94,0.1583,6.32,589.0,82.0
51550,142.9,7.00,22.94,0.1606,6.23,589.0,82.0
51557,144.9,6.90,22.94,0.1583,6.32,589.0,82.0
51564,144.9,6.90,22.94,0.1583,6.32,589.0,82.0
51571,142.9,7.00,22.94,0.1606,6.23,589.0,82.0
51578,142.9,7.00,22.94,0.1606,6.23,589.0,82.0
51585,147.1,6.80,22.94,0.1560,6.41,589.0,82.0
51592,142.9,7.00,22.94,0.1606,6.23,589.0,82.0
51599,142.9,7.00,22.94,0.1606,6.23,589.0,82.0
51606,144.9,6.90,22.94,0.1583,6.32,589.0,82.0
51613,142.9,7.00,22.94,0.1606,6.23,589.0,82.0
51620,144.9,6.90,22.94,0.1583,6.32,589.0,82.0
51627,144.9,6.90,22.94,0.1583,6.32,589.0,82.0
51634,142.9,7.00,22.94,0.1606,6.23,589.0,82.0
51641,144.9,6.90,22.94,0.1583,6.32,589.0,82.0
51648,142.9,7.00,22.94,0.1606,6.23,589.0,82.0
51654,144.9,6.90,22.94,0.1583,6.32,589.0,82.0
51661,142.9,7.00,22.94,0.1606,6.23,589.0,82.0
51668,144.9,6.90,22.94,0.1583,6.32,589.0,82.0
51675,142.9,7.00,22.94,0.1606,6.23,589.0,82.0
51682,142.9,7.00,22.94,0.1606,6.23,589.0,82.0
51689,144.9,6.90,22.94,0.1583,6.32,589.0,82.0
51696,144.9,6.90,22.94,0.1583,6.32,589.0,82.0
51703,144.9,6.90,22.94,0.1583,6.32,589.0,82.0
51710,142.9,7.00,22.94,0.1606,6.23,589.0,82.0
51717,144.9,6.90,22.94,0.1583,6.32,589.0,82.0
51724,142.9,7.00,22.94,0.1606,6.23,589.0,82.0
51731,144.9,6.90,22.94,0.1583,6.32,589.0,82.0
51738,144.9,6.90,22.94,0.1583,6.32,589.0,82.0
51745,142.9,7.00,22.94,0.1606,6.23,589.0,82.0
51752,144.9,6.90,22.94,0.1583,6.32,589.0,82.0
51759,144.9,6.90,22.94,0.1583,6.32,589.0,82.0
51766,140.8,7.10,22.94,0.1629,6.14,589.0,82.0
51773,144.9,6.90,22.94,0.1583,6.32,589.0,82.0
51779,144.9,6.90,22.95,0.1584,6.31,589.0,82.0
51786,142.9,7.00,22.96,0.1607,6.22,589.0,82.0
51793,142.9,7.00,22.96,0.1607,6.22,589.0,82.0
51800,144.9,6.90,22.97,0.1585,6.31,589.0,82.0
51807,144.9,6.90,22.98,0.1586,6.31,589.0,82.0
51814,142.9,7.00,22.99,0.1609,6.22,589.0,82.0
51821,144.9,6.90,22.99,0.1586,6.30,589.0,82.0
51828,144.9,6.90,23.00,0.1587,6.30,589.0,82.0
51835,142.9,7.00,23.01,0.1610,6.21,589.0,82.0
51842,142.9,7.00,23.01,0.1611,6.21,589.0,82.0
51849,147.1,6.80,23.02,0.1565,6.39,589.0,82.0
51856,142.9,7.00,23.03,0.1612,6.21,589.0,82.0
51863,144.9,6.90,23.03,0.1589,6.29,589.0,82.0
51870,142.9,7.00,23.04,0.1613,6.20,589.0,82.0
51877,144.9,6.90,23.05,0.1590,6.29,589.0,82.0
51884,144.9,6.90,23.05,0.1590,6.29,589.0,82.0
51891,140.8,7.10,23.05,0.1637,6.11,589.0,82.0
51898,144.9,6.90,23.05,0.1590,6.29,589.0,82.0
51905,142.9,7.00,23.05,0.1614,6.20,589.0,82.0
51911,147.1,6.80,23.05,0.1567,6.38,589.0,82.0
51918,142.9,7.00,23.05,0.1614,6.20,589.0,82.0
51925,144.9,6.90,23.05,0.1590,6.29,589.0,82.0
51932,142.9,7.00,23.05,0.1614,6.20,589.0,82.0
51939,144.9,6.90,23.05,0.1590,6.29,589.0,82.0
51946,142.9,7.00,23.05,0.1614,6.20,589.0,82.0
51953,144.9,6.90,23.05,0.1590,6.29,589.0,82.0
51960,142.9,7.00,23.05,0.1614,6.20,589.0,82.0
51967,144.9,6.90,23.05,0.1590,6.29,589.0,82.0
51974,144.9,6.90,23.05,0.1590,6.29,589.0,82.0
51981,142.9,7.00,23.05,0.1614,6.20,589.0,82.0
51988,144.9,6.90,23.05,0.1590,6.29,589.0,82.0
51995,140.8,7.10,23.05,0.1637,6.11,589.0,82.0
52002,144.9,6.90,23.05,0.1590,6.29,589.0,82.0
52009,144.9,6.90,23.05,0.1590,6.29,589.0,82.0
52015,147.1,6.80,23.05,0.1567,6.38,589.0,82.0
52023,140.8,7.10,23.05,0.1637,6.11,589.0,82.0
52029,144.9,6.90,23.05,0.1590,6.29,589.0,82.0
52036,142.9,7.00,23.05,0.1614,6.20,589.0,82.0
52043,144.9,6.90,23.05,0.1590,6.29,589.0,82.0
52050,142.9,7.00,23.05,0.1614,6.20,589.0,82.0
52057,144.9,6.90,23.05,0.1590,6.29,589.0,82.0
52064,144.9,6.90,23.05,0.1590,6.29,589.0,82.0
52071,142.9,7.00,23.05,0.1614,6.20,589.0,82.0
52078,144.9,6.90,23.05,0.1590,6.29,589.0,82.0
52085,144.9,6.90,23.05,0.1590,6.29,589.0,82.0
52092,140.8,7.10,23.05,0.1637,6.11,589.0,82.0
52099,144.9,6.90,23.05,0.1590,6.29,589.0,82.0
52106,144.9,6.90,23.05,0.1590,6.29,589.0,82.0
52113,144.9,6.90,23.05,0.1590,6.29,589.0,82.0
52120,142.9,7.00,23.05,0.1614,6.20,589.0,82.0
52127,142.9,7.00,23.05,0.1614,6.20,589.0,82.0
52134,144.9,6.90,23.05,0.1590,6.29,589.0,82.0
52141,142.9,7.00,23.05,0.1614,6.20,589.0,82.0
52148,144.9,6.90,23.05,0.1590,6.29,589.0,82.0
52154,144.9,6.90,23.05,0.1590,6.29,589.0,82.0
52161,144.9,6.90,23.05,0.1590,6.29,589.0,82.0
52168,142.9,7.00,23.05,0.1614,6.20,589.0,82.0
52175,142.9,7.00,23.05,0.1614,6.20,589.0,82.0
52182,144.9,6.90,23.05,0.1590,6.29,589.0,82.0
52189,142.9,7.00,23.05,0.1614,6.20,589.0,82.0
52196,144.9,6.90,23.05,0.1590,6.29,589.0,82.0
52203,144.9,6.90,23.05,0.1590,6.29,589.0,82.0
52210,144.9,6.90,23.05,0.1591,6.29,589.0,82.0
52217,142.9,7.00,23.06,0.1614,6.20,589.0,82.0
52224,144.9,6.90,23.07,0.1592,6.28,589.0,82.0
52231,142.9,7.00,23.08,0.1615,6.19,589.0,82.0
52238,144.9,6.90,23.08,0.1593,6.28,589.0,82.0
52245,142.9,7.00,23.09,0.1616,6.19,589.0,82.0
52252,144.9,6.90,23.10,0.1594,6.27,589.0,82.0
52259,142.9,7.00,23.10,0.1617,6.19,589.0,82.0
52266,144.9,6.90,23.11,0.1595,6.27,589.0,82.0
52272,144.9,6.90,23.12,0.1595,6.27,589.0,82.0
52279,142.9,7.00,23.12,0.1619,6.18,589.0,82.0
52286,144.9,6.90,23.13,0.1596,6.26,589.0,82.0
52293,142.9,7.00,23.14,0.1620,6.18,589.0,82.0
52300,144.9,6.90,23.15,0.1597,6.26,589.0,82.0
52307,142.9,7.00,23.15,0.1621,6.17,589.0,82.0
52314,144.9,6.90,23.16,0.1598,6.26,589.0,82.0
52321,142.9,7.00,23.16,0.1621,6.17,589.0,82.0
52328,144.9,6.90,23.16,0.1598,6.26,589.0,82.0
52335,142.9,7.00,23.16,0.1621,6.17,589.0,82.0
52342,144.9,6.90,23.16,0.1598,6.26,589.0,82.0
52349,142.9,7.00,23.16,0.1621,6.17,589.0,82.0
52356,144.9,6.90,23.16,0.1598,6.26,589.0,82.0
52363,144.9,6.90,23.16,0.1598,6.26,589.0,82.0
52370,142.9,7.00,23.16,0.1621,6.17,589.0,82.0
52377,144.9,6.90,23.16,0.1598,6.26,589.0,82.0
52384,142.9,7.00,23.16,0.1621,6.17,589.0,82.0
52391,142.9,7.00,23.16,0.1621,6.17,589.0,82.0
52398,144.9,6.90,23.16,0.1598,6.26,589.0,82.0
52404,144.9,6.90,23.16,0.1598,6.26,589.0,82.0
52411,144.9,6.90,23.16,0.1598,6.26,589.0,82.0
52418,142.9,7.00,23.16,0.1621,6.17,589.0,82.0
52425,144.9,6.90,23.16,0.1598,6.26,589.0,82.0
52432,142.9,7.00,23.16,0.1621,6.17,589.0,82.0
52439,142.9,7.00,23.16,0.1621,6.17,589.0,82.0
52446,144.9,6.90,23.16,0.1598,6.26,589.0,82.0
52453,144.9,6.90,23.16,0.1598,6.26,589.0,82.0
52460,144.9,6.90,23.16,0.1598,6.26,589.0,82.0
52467,142.9,7.00,23.16,0.1621,6.17,589.0,82.0
52474,144.9,6.90,23.16,0.1598,6.26,589.0,82.0
52481,142.9,7.00,23.16,0.1621,6.17,589.0,82.0
52488,142.9,7.00,23.16,0.1621,6.17,589.0,82.0
52495,144.9,6.90,23.16,0.1598,6.26,589.0,82.0
52502,144.9,6.90,23.16,0.1598,6.26,589.0,82.0
52509,142.9,7.00,23.16,0.1621,6.17,589.0,82.0
52516,144.9,6.90,23.16,0.1598,6.26,589.0,82.0
52523,142.9,7.00,23.16,0.1621,6.17,589.0,82.0
52529,144.9,6.90,23.16,0.1598,6.26,589.0,82.0
52536,142.9,7.00,23.16,0.1621,6.17,589.0,82.0
52543,144.9,6.90,23.16,0.1598,6.26,589.0,82.0
52550,142.9,7.00,23.16,0.1621,6.17,589.0,82.0
52557,144.9,6.90,23.16,0.1598,6.26,589.0,82.0
52564,142.9,7.00,23.16,0.1621,6.17,589.0,82.0
52571,147.1,6.80,23.16,0.1575,6.35,589.0,82.0
52578,140.8,7.10,23.16,0.1644,6.08,589.0,82.0
52585,144.9,6.90,23.16,0.1598,6.26,589.0,82.0
52592,144.9,6.90,23.16,0.1598,6.26,589.0,82.0
52599,144.9,6.90,23.16,0.1598,6.26,589.0,82.0
52606,142.9,7.00,23.16,0.1621,6.17,589.0,82.0
52613,144.9,6.90,23.16,0.1598,6.26,589.0,82.0
52620,142.9,7.00,23.16,0.1621,6.17,589.0,82.0
52627,142.9,7.00,23.16,0.1621,6.17,589.0,82.0
52634,144.9,6.90,23.16,0.1598,6.26,589.0,82.0
52641,144.9,6.90,23.16,0.1598,6.26,589.0,82.0
52647,144.9,6.90,23.16,0.1598,6.26,589.0,82.0
52654,142.9,7.00,23.16,0.1621,6.17,589.0,82.0
52661,142.9,7.00,23.16,0.1621,6.17,589.0,82.0
52668,144.9,6.90,23.16,0.1598,6.26,589.0,82.0
52675,144.9,6.90,23.16,0.1598,6.26,589.0,82.0
52682,144.9,6.90,23.16,0.1598,6.26,589.0,82.0
52689,142.9,7.00,23.16,0.1621,6.17,589.0,82.0
52696,142.9,7.00,23.16,0.1621,6.17,589.0,82.0
52703,144.9,6.90,23.16,0.1598,6.26,589.0,82.0
52710,142.9,7.00,23.16,0.1621,6.17,589.0,82.0
52717,147.1,6.80,23.16,0.1575,6.35,589.0,82.0
52724,142.9,7.00,23.16,0.1621,6.17,589.0,82.0
52731,144.9,6.90,23.16,0.1598,6.26,589.0,82.0
52738,142.9,7.00,23.16,0.1621,6.17,589.0,82.0
52745,142.9,7.00,23.16,0.1621,6.17,589.0,82.0
52752,144.9,6.90,23.16,0.1598,6.26,589.0,82.0
52759,144.9,6.90,23.17,0.1599,6.25,589.0,82.0
52766,142.9,7.00,23.17,0.1622,6.17,589.0,82.0
52772,144.9,6.90,23.18,0.1599,6.25,589.0,82.0
52779,142.9,7.00,23.18,0.1623,6.16,589.0,82.0
52786,144.9,6.90,23.19,0.1600,6.25,589.0,82.0
52793,142.9,7.00,23.19,0.1624,6.16,589.0,82.0
52800,144.9,6.90,23.20,0.1601,6.25,589.0,82.0
52807,142.9,7.00,23.20,0.1624,6.16,589.0,82.0
52814,144.9,6.90,23.21,0.1601,6.24,589.0,82.0
52821,142.9,7.00,23.21,0.1625,6.16,589.0,82.0
52828,144.9,6.90,23.22,0.1602,6.24,589.0,82.0
52835,142.9,7.00,23.22,0.1626,6.15,589.0,82.0
52842,144.9,6.90,23.23,0.1603,6.24,589.0,82.0
52849,144.9,6.90,23.23,0.1603,6.24,589.0,82.0
52856,142.9,7.00,23.24,0.1627,6.15,589.0,82.0
52863,142.9,7.00,23.24,0.1627,6.15,589.0,82.0
52870,144.9,6.90,23.24,0.1604,6.23,589.0,82.0
52877,144.9,6.90,23.24,0.1604,6.23,589.0,82.0
52884,144.9,6.90,23.24,0.1604,6.23,589.0,82.0
52891,142.9,7.00,23.24,0.1627,6.15,589.0,82.0
52898,142.9,7.00,23.24,0.1627,6.15,589.0,82.0
52905,142.9,7.00,23.24,0.1627,6.15,589.0,82.0
52911,144.9,6.90,23.24,0.1604,6.23,589.0,82.0
52918,144.9,6.90,23.24,0.1604,6.23,589.0,82.0
52925,142.9,7.00,23.24,0.1627,6.15,589.0,82.0
52932,144.9,6.90,23.24,0.1604,6.23,589.0,82.0
52939,144.9,6.90,23.24,0.1604,6.23,589.0,82.0
52946,142.9,7.00,23.24,0.1627,6.15,589.0,82.0
52953,142.9,7.00,23.24,0.1627,6.15,589.0,82.0
52960,144.9,6.90,23.24,0.1604,6.23,589.0,82.0
52967,144.9,6.90,23.24,0.1604,6.23,589.0,82.0
52974,144.9,6.90,23.24,0.1604,6.23,589.0,82.0
52981,142.9,7.00,23.24,0.1627,6.15,589.0,82.0
52988,142.9,7.00,23.24,0.1627,6.15,589.0,82.0
52995,147.1,6.80,23.24,0.1580,6.33,589.0,82.0
53002,140.8,7.10,23.24,0.1650,6.06,589.0,82.0
53009,144.9,6.90,23.24,0.1604,6.23,589.0,82.0
53016,144.9,6.90,23.24,0.1604,6.23,589.0,82.0
53022,144.9,6.90,23.24,0.1604,6.23,589.0,82.0
53029,142.9,7.00,23.24,0.1627,6.15,589.0,82.0
53036,144.9,6.90,23.24,0.1604,6.23,589.0,82.0
53043,142.9,7.00,23.24,0.1627,6.15,589.0,82.0
53050,142.9,7.00,23.24,0.1627,6.15,589.0,82.0
53057,144.9,6.90,23.24,0.1604,6.23,589.0,82.0
53064,144.9,6.90,23.24,0.1604,6.23,589.0,82.0
53071,144.9,6.90,23.24,0.1604,6.23,589.0,82.0
53078,142.9,7.00,23.24,0.1627,6.15,589.0,82.0
53085,142.9,7.00,23.24,0.1627,6.15,589.0,82.0
53092,147.1,6.80,23.24,0.1580,6.33,589.0,82.0
53099,142.9,7.00,23.24,0.1627,6.15,589.0,82.0
53106,142.9,7.00,23.24,0.1627,6.15,589.0,82.0
53113,144.9,6.90,23.24,0.1604,6.23,589.0,82.0
53120,142.9,7.00,23.24,0.1627,6.15,589.0,82.0
53127,144.9,6.90,23.24,0.1604,6.23,589.0,82.0
53134,142.9,7.00,23.24,0.1627,6.15,589.0,82.0
53141,144.9,6.90,23.24,0.1604,6.23,589.0,82.0
53147,144.9,6.90,23.24,0.1604,6.23,589.0,82.0
53154,142.9,7.00,23.24,0.1627,6.15,589.0,82.0
53161,142.9,7.00,23.24,0.1627,6.15,589.0,82.0
53168,144.9,6.90,23.24,0.1604,6.23,589.0,82.0
53175,142.9,7.00,23.24,0.1627,6.15,589.0,82.0
53182,144.9,6.90,23.24,0.1604,6.23,589.0,82.0
53189,142.9,7.00,23.24,0.1627,6.15,589.0,82.0
53196,147.1,6.80,23.24,0.1581,6.33,589.0,82.0
53203,142.9,7.00,23.25,0.1627,6.15,589.0,82.0
53210,142.9,7.00,23.25,0.1628,6.15,589.0,82.0
53217,147.1,6.80,23.25,0.1581,6.33,589.0,82.0
53224,142.9,7.00,23.26,0.1628,6.14,589.0,82.0
53231,142.9,7.00,23.26,0.1628,6.14,589.0,82.0
53238,144.9,6.90,23.26,0.1605,6.23,589.0,82.0
53245,142.9,7.00,23.27,0.1629,6.14,589.0,82.0
53252,144.9,6.90,23.27,0.1606,6.23,589.0,82.0
53259,142.9,7.00,23.27,0.1629,6.14,589.0,82.0
53266,144.9,6.90,23.28,0.1606,6.23,589.0,82.0
53273,142.9,7.00,23.28,0.1630,6.14,589.0,82.0
53279,144.9,6.90,23.28,0.1606,6.22,589.0,82.0
53286,142.9,7.00,23.29,0.1630,6.14,589.0,82.0
53293,144.9,6.90,23.29,0.1607,6.22,589.0,82.0
53300,144.9,6.90,23.29,0.1607,6.22,589.0,82.0
53307,142.9,7.00,23.29,0.1630,6.14,589.0,82.0
53314,144.9,6.90,23.29,0.1607,6.22,589.0,82.0
53321,144.9,6.90,23.29,0.1607,6.22,589.0,82.0
53328,142.9,7.00,23.29,0.1630,6.14,589.0,82.0
53335,142.9,7.00,23.29,0.1630,6.14,589.0,82.0
53342,144.9,6.90,23.29,0.1607,6.22,589.0,82.0
53349,142.9,7.00,23.29,0.1630,6.14,589.0,82.0
53356,147.1,6.80,23.29,0.1584,6.32,589.0,82.0
53363,140.8,7.10,23.29,0.1654,6.05,589.0,82.0
53370,147.1,6.80,23.29,0.1584,6.32,589.0,82.0
53377,142.9,7.00,23.29,0.1630,6.14,589.0,82.0
53384,144.9,6.90,23.29,0.1607,6.22,589.0,82.0
53391,142.9,7.00,23.29,0.1630,6.14,589.0,82.0
53397,144.9,6.90,23.29,0.1607,6.22,589.0,82.0
53404,144.9,6.90,23.29,0.1607,6.22,589.0,82.0
53411,142.9,7.00,23.29,0.1630,6.14,589.0,82.0
53418,144.9,6.90,23.29,0.1607,6.22,589.0,82.0
53425,140.8,7.10,23.29,0.1654,6.05,589.0,82.0
53432,144.9,6.90,23.29,0.1607,6.22,589.0,82.0
53439,144.9,6.90,23.29,0.1607,6.22,589.0,82.0
53446,142.9,7.00,23.29,0.1630,6.14,589.0,82.0
53453,144.9,6.90,23.29,0.1607,6.22,589.0,82.0
53460,144.9,6.90,23.29,0.1607,6.22,589.0,82.0
53467,144.9,6.90,23.29,0.1607,6.22,589.0,82.0
53474,140.8,7.10,23.29,0.1654,6.05,589.0,82.0
53481,144.9,6.90,23.29,0.1607,6.22,589.0,82.0
53488,144.9,6.90,23.29,0.1607,6.22,589.0,82.0
53495,144.9,6.90,23.29,0.1607,6.22,589.0,82.0
53502,142.9,7.00,23.29,0.1630,6.14,589.0,82.0
53509,142.9,7.00,23.29,0.1630,6.14,589.0,82.0
53516,144.9,6.90,23.29,0.1607,6.22,589.0,82.0
53522,144.9,6.90,23.29,0.1607,6.22,589.0,82.0
53529,142.9,7.00,23.29,0.1630,6.14,589.0,82.0
53536,142.9,7.00,23.29,0.1630,6.14,589.0,82.0
53543,147.1,6.80,23.29,0.1584,6.32,589.0,82.0
53550,142.9,7.00,23.29,0.1630,6.14,589.0,82.0
53557,142.9,7.00,23.29,0.1630,6.14,589.0,82.0
53564,144.9,6.90,23.29,0.1607,6.22,589.0,82.0
53571,142.9,7.00,23.29,0.1630,6.14,589.0,82.0
53578,147.1,6.80,23.29,0.1584,6.32,589.0,82.0
53585,140.8,7.10,23.29,0.1654,6.05,589.0,82.0
53592,144.9,6.90,23.29,0.1607,6.22,589.0,82.0
53599,144.9,6.90,23.29,0.1607,6.22,589.0,82.0
53606,144.9,6.90,23.29,0.1607,6.22,589.0,82.0
53613,142.9,7.00,23.29,0.1630,6.14,589.0,82.0
53620,144.9,6.90,23.29,0.1607,6.22,589.0,82.0
53627,142.9,7.00,23.29,0.1630,6.14,589.0,82.0
53634,144.9,6.90,23.29,0.1607,6.22,589.0,82.0
53641,142.9,7.00,23.29,0.1630,6.14,589.0,82.0
53647,144.9,6.90,23.29,0.1607,6.22,589.0,82.0
53654,142.9,7.00,23.29,0.1630,6.14,589.0,82.0
53661,142.9,7.00,23.29,0.1630,6.14,589.0,82.0
53668,147.1,6.80,23.29,0.1584,6.32,589.0,82.0
53675,142.9,7.00,23.29,0.1630,6.14,589.0,82.0
53682,142.9,7.00,23.29,0.1630,6.14,589.0,82.0
53689,144.9,6.90,23.29,0.1607,6.22,589.0,82.0
53696,142.9,7.00,23.29,0.1630,6.14,589.0,82.0
53703,144.9,6.90,23.29,0.1607,6.22,589.0,82.0
53710,144.9,6.90,23.29,0.1607,6.22,589.0,82.0
53717,144.9,6.90,23.29,0.1607,6.22,589.0,82.0
53724,142.9,7.00,23.29,0.1630,6.14,589.0,82.0
53731,142.9,7.00,23.29,0.1630,6.14,589.0,82.0
53738,144.9,6.90,23.29,0.1607,6.22,589.0,82.0
53745,144.9,6.90,23.28,0.1607,6.22,589.0,82.0
53752,142.9,7.00,23.28,0.1630,6.14,589.0,82.0
53759,144.9,6.90,23.28,0.1606,6.22,589.0,82.0
53766,142.9,7.00,23.28,0.1629,6.14,589.0,82.0
53773,142.9,7.00,23.27,0.1629,6.14,589.0,82.0
53779,144.9,6.90,23.27,0.1606,6.23,589.0,82.0
53786,144.9,6.90,23.27,0.1605,6.23,589.0,82.0
53793,142.9,7.00,23.26,0.1628,6.14,589.0,82.0
53800,144.9,6.90,23.26,0.1605,6.23,589.0,82.0
53807,144.9,6.90,23.26,0.1605,6.23,589.0,82.0
53814,142.9,7.00,23.25,0.1628,6.15,589.0,82.0
53821,142.9,7.00,23.25,0.1628,6.15,589.0,82.0
53828,144.9,6.90,23.25,0.1604,6.23,589.0,82.0
53835,144.9,6.90,23.24,0.1604,6.23,589.0,82.0
53842,142.9,7.00,23.24,0.1627,6.15,589.0,82.0
53849,142.9,7.00,23.24,0.1627,6.15,589.0,82.0
53856,144.9,6.90,23.24,0.1604,6.23,589.0,82.0
53863,147.1,6.80,23.24,0.1580,6.33,589.0,82.0
53870,142.9,7.00,23.24,0.1627,6.15,589.0,82.0
53877,142.9,7.00,23.24,0.1627,6.15,589.0,82.0
53884,144.9,6.90,23.24,0.1604,6.23,589.0,82.0
53891,142.9,7.00,23.24,0.1627,6.15,589.0,82.0
53897,144.9,6.90,23.24,0.1604,6.23,589.0,82.0
53904,142.9,7.00,23.24,0.1627,6.15,589.0,82.0
53911,144.9,6.90,23.24,0.1604,6.23,589.0,82.0
53918,142.9,7.00,23.24,0.1627,6.15,589.0,82.0
53925,144.9,6.90,23.24,0.1604,6.23,589.0,82.0
53932,144.9,6.90,23.24,0.1604,6.23,589.0,82.0
53939,142.9,7.00,23.24,0.1627,6.15,589.0,82.0
53946,144.9,6.90,23.24,0.1604,6.23,589.0,82.0
53953,142.9,7.00,23.24,0.1627,6.15,589.0,82.0
53960,144.9,6.90,23.24,0.1604,6.23,589.0,82.0
53967,144.9,6.90,23.24,0.1604,6.23,589.0,82.0
53974,142.9,7.00,23.24,0.1627,6.15,589.0,82.0
53981,142.9,7.00,23.24,0.1627,6.15,589.0,82.0
53988,144.9,6.90,23.24,0.1604,6.23,589.0,82.0
53995,142.9,7.00,23.24,0.1627,6.15,589.0,82.0
54002,144.9,6.90,23.24,0.1604,6.23,589.0,82.0
54009,144.9,6.90,23.24,0.1604,6.23,589.0,82.0
54015,144.9,6.90,23.24,0.1604,6.23,589.0,82.0
54022,142.9,7.00,23.24,0.1627,6.15,589.0,82.0
54029,144.9,6.90,23.24,0.1604,6.23,589.0,82.0
54036,140.8,7.10,23.24,0.1650,6.06,589.0,82.0
54043,147.1,6.80,23.24,0.1580,6.33,589.0,82.0
54050,142.9,7.00,23.24,0.1627,6.15,589.0,82.0
54057,144.9,6.90,23.24,0.1604,6.23,589.0,82.0
54064,142.9,7.00,23.24,0.1627,6.15,589.0,82.0
54071,142.9,7.00,23.24,0.1627,6.15,589.0,82.0
54078,147.1,6.80,23.24,0.1580,6.33,589.0,82.0
54085,142.9,7.00,23.24,0.1627,6.15,589.0,82.0
54092,142.9,7.00,23.24,0.1627,6.15,589.0,82.0
54099,142.9,7.00,23.24,0.1627,6.15,589.0,82.0
54106,147.1,6.80,23.24,0.1580,6.33,589.0,82.0
54113,140.8,7.10,23.24,0.1650,6.06,589.0,82.0
54120,147.1,6.80,23.24,0.1580,6.33,589.0,82.0
54127,142.9,7.00,23.24,0.1627,6.15,589.0,82.0
54134,144.9,6.90,23.24,0.1604,6.23,589.0,82.0
54140,144.9,6.90,23.24,0.1604,6.23,589.0,82.0
54147,142.9,7.00,23.24,0.1627,6.15,589.0,82.0
54154,144.9,6.90,23.24,0.1604,6.23,589.0,82.0
54161,142.9,7.00,23.24,0.1627,6.15,589.0,82.0
54168,142.9,7.00,23.24,0.1627,6.15,589.0,82.0
54175,144.9,6.90,23.24,0.1604,6.23,589.0,82.0
54182,142.9,7.00,23.24,0.1627,6.15,589.0,82.0
54189,144.9,6.90,23.24,0.1604,6.23,589.0,82.0
54196,144.9,6.90,23.24,0.1604,6.23,589.0,82.0
54203,142.9,7.00,23.24,0.1627,6.15,589.0,82.0
54210,144.9,6.90,23.24,0.1604,6.23,589.0,82.0
54217,142.9,7.00,23.24,0.1627,6.15,589.0,82.0
54224,142.9,7.00,23.24,0.1627,6.15,589.0,82.0
54231,144.9,6.90,23.24,0.1604,6.23,589.0,82.0
54238,144.9,6.90,23.24,0.1604,6.23,589.0,82.0
54245,144.9,6.90,23.24,0.1604,6.23,589.0,82.0
54252,142.9,7.00,23.24,0.1627,6.15,589.0,82.0
54259,142.9,7.00,23.24,0.1627,6.15,589.0,82.0
54266,144.9,6.90,23.24,0.1604,6.23,589.0,82.0
54272,144.9,6.90,23.24,0.1604,6.23,589.0,82.0
54279,142.9,7.00,23.24,0.1627,6.15,589.0,82.0
54286,142.9,7.00,23.22,0.1625,6.15,589.0,82.0
54293,144.9,6.90,23.20,0.1601,6.24,589.0,82.0
54300,144.9,6.90,23.19,0.1600,6.25,589.0,82.0
54307,144.9,6.90,23.17,0.1599,6.25,589.0,82.0
54314,142.9,7.00,23.15,0.1621,6.17,589.0,82.0
54321,144.9,6.90,23.14,0.1596,6.26,589.0,82.0
54328,142.9,7.00,23.12,0.1618,6.18,589.0,82.0
54335,144.9,6.90,23.10,0.1594,6.27,589.0,82.0
54342,142.9,7.00,23.09,0.1616,6.19,589.0,82.0
54349,144.9,6.90,23.07,0.1592,6.28,589.0,82.0
54356,144.9,6.90,23.05,0.1591,6.29,589.0,82.0
54363,142.9,7.00,23.04,0.1613,6.20,589.0,82.0
54370,142.9,7.00,23.02,0.1611,6.21,589.0,82.0
54377,144.9,6.90,23.00,0.1587,6.30,589.0,82.0
54384,142.9,7.00,22.99,0.1609,6.22,589.0,82.0
54391,144.9,6.90,22.98,0.1586,6.31,589.0,82.0
54398,142.9,7.00,22.98,0.1609,6.22,589.0,82.0
54404,144.9,6.90,22.98,0.1586,6.31,589.0,82.0
54411,144.9,6.90,22.98,0.1586,6.31,589.0,82.0
54418,144.9,6.90,22.98,0.1586,6.31,589.0,82.0
54425,142.9,7.00,22.98,0.1609,6.22,589.0,82.0
54432,144.9,6.90,22.98,0.1586,6.31,589.0,82.0
54439,142.9,7.00,22.98,0.1609,6.22,589.0,82.0
54446,144.9,6.90,22.98,0.1586,6.31,589.0,82.0
54453,144.9,6.90,22.98,0.1586,6.31,589.0,82.0
54460,142.9,7.00,22.98,0.1609,6.22,589.0,82.0
54467,142.9,7.00,22.98,0.1609,6.22,589.0,82.0
54474,147.1,6.80,22.98,0.1563,6.40,589.0,82.0
54481,142.9,7.00,22.98,0.1609,6.22,589.0,82.0
54488,142.9,7.00,22.98,0.1609,6.22,589.0,82.0
54495,142.9,7.00,22.98,0.1609,6.22,589.0,82.0
54502,144.9,6.90,22.98,0.1586,6.31,589.0,82.0
54509,142.9,7.00,22.98,0.1609,6.22,589.0,82.0
54516,144.9,6.90,22.98,0.1586,6.31,589.0,82.0
54522,144.9,6.90,22.98,0.1586,6.31,589.0,82.0
54529,144.9,6.90,22.98,0.1586,6.31,589.0,82.0
54536,142.9,7.00,22.98,0.1609,6.22,589.0,82.0
54543,144.9,6.90,22.98,0.1586,6.31,589.0,82.0
54550,142.9,7.00,22.98,0.1609,6.22,589.0,82.0
54557,144.9,6.90,22.98,0.1586,6.31,589.0,82.0
54564,142.9,7.00,22.98,0.1609,6.22,589.0,82.0
54571,144.9,6.90,22.98,0.1586,6.31,589.0,82.0
54578,142.9,7.00,22.98,0.1609,6.22,589.0,82.0
54585,144.9,6.90,22.98,0.1586,6.31,589.0,82.0
54592,142.9,7.00,22.98,0.1609,6.22,589.0,82.0
54599,144.9,6.90,22.98,0.1586,6.31,589.0,82.0
54606,144.9,6.90,22.98,0.1586,6.31,589.0,82.0
54613,142.9,7.00,22.98,0.1609,6.22,589.0,82.0
54620,142.9,7.00,22.98,0.1609,6.22,589.0,82.0
54627,144.9,6.90,22.98,0.1586,6.31,589.0,82.0
54634,144.9,6.90,22.98,0.1586,6.31,589.0,82.0
54641,142.9,7.00,22.98,0.1609,6.22,589.0,82.0
54647,144.9,6.90,22.98,0.1586,6.31,589.0,82.0
54654,144.9,6.90,22.98,0.1586,6.31,589.0,82.0
54661,142.9,7.00,22.98,0.1609,6.22,589.0,82.0
54668,144.9,6.90,22.98,0.1586,6.31,589.0,82.0
54675,142.9,7.00,22.98,0.1609,6.22,589.0,82.0
54682,142.9,7.00,22.98,0.1609,6.22,589.0,82.0
54689,144.9,6.90,22.98,0.1586,6.31,589.0,82.0
54696,142.9,7.00,22.98,0.1609,6.22,589.0,82.0
54703,144.9,6.90,22.98,0.1586,6.31,589.0,82.0
54710,144.9,6.90,22.98,0.1586,6.31,589.0,82.0
54717,142.9,7.00,22.97,0.1608,6.22,589.0,82.0
54724,144.9,6.90,22.95,0.1584,6.31,589.0,82.0
54731,144.9,6.90,22.93,0.1582,6.32,589.0,82.0
54738,142.9,7.00,22.91,0.1604,6.24,589.0,82.0
54745,144.9,6.90,22.90,0.1580,6.33,589.0,82.0
54752,142.9,7.00,22.88,0.1601,6.25,589.0,82.0
54759,142.9,7.00,22.86,0.1600,6.25,589.0,82.0
54766,144.9,6.90,22.84,0.1576,6.34,589.0,82.0
54772,144.9,6.90,22.83,0.1575,6.35,589.0,82.0
54779,144.9,6.90,22.81,0.1574,6.35,589.0,82.0
54786,140.8,7.10,22.79,0.1618,6.18,589.0,82.0
54793,144.9,6.90,22.77,0.1571,6.36,589.0,82.0
54800,147.1,6.80,22.75,0.1547,6.47,589.0,82.0
54807,142.9,7.00,22.73,0.1591,6.29,589.0,82.0
54814,144.9,6.90,22.72,0.1567,6.38,589.0,82.0
54821,142.9,7.00,22.70,0.1589,6.30,589.0,82.0
54828,142.9,7.00,22.69,0.1588,6.30,589.0,82.0
54835,144.9,6.90,22.69,0.1566,6.39,589.0,82.0
54842,142.9,7.00,22.69,0.1588,6.30,589.0,82.0
54849,142.9,7.00,22.69,0.1588,6.30,589.0,82.0
54856,144.9,6.90,22.69,0.1566,6.39,589.0,82.0
54863,144.9,6.90,22.69,0.1566,6.39,589.0,82.0
54870,144.9,6.90,22.69,0.1566,6.39,589.0,82.0
54877,142.9,7.00,22.69,0.1588,6.30,589.0,82.0
54884,144.9,6.90,22.69,0.1566,6.39,589.0,82.0
54890,144.9,6.90,22.69,0.1566,6.39,589.0,82.0
54897,142.9,7.00,22.69,0.1588,6.30,589.0,82.0
54904,142.9,7.00,22.69,0.1588,6.30,589.0,82.0
54911,144.9,6.90,22.69,0.1566,6.39,589.0,82.0
54918,144.9,6.90,22.69,0.1566,6.39,589.0,82.0
54925,142.9,7.00,22.69,0.1588,6.30,589.0,82.0
54932,144.9,6.90,22.69,0.1566,6.39,589.0,82.0
54939,144.9,6.90,22.69,0.1566,6.39,589.0,82.0
54946,142.9,7.00,22.69,0.1588,6.30,589.0,82.0
54953,142.9,7.00,22.69,0.1588,6.30,589.0,82.0
54960,144.9,6.90,22.69,0.1566,6.39,589.0,82.0
54967,142.9,7.00,22.69,0.1588,6.30,589.0,82.0
54974,144.9,6.90,22.69,0.1566,6.39,589.0,82.0
54981,144.9,6.90,22.69,0.1566,6.39,589.0,82.0
54988,142.9,7.00,22.69,0.1588,6.30,589.0,82.0
54995,144.9,6.90,22.69,0.1566,6.39,589.0,82.0
55002,142.9,7.00,22.69,0.1588,6.30,589.0,82.0
55009,144.9,6.90,22.69,0.1566,6.39,589.0,82.0
55016,142.9,7.00,22.69,0.1588,6.30,589.0,82.0
55022,144.9,6.90,22.69,0.1566,6.39,589.0,82.0
55029,144.9,6.90,22.69,0.1566,6.39,589.0,82.0
55036,142.9,7.00,22.69,0.1588,6.30,589.0,82.0
55043,144.9,6.90,22.69,0.1566,6.39,589.0,82.0
55050,142.9,7.00,22.69,0.1588,6.30,589.0,82.0
55057,142.9,7.00,22.69,0.1588,6.30,589.0,82.0
55064,147.1,6.80,22.69,0.1543,6.48,589.0,82.0
55071,142.9,7.00,22.69,0.1588,6.30,589.0,82.0
55078,142.9,7.00,22.69,0.1588,6.30,589.0,82.0
55085,144.9,6.90,22.69,0.1566,6.39,589.0,82.0
55092,142.9,7.00,22.69,0.1588,6.30,589.0,82.0
55099,144.9,6.90,22.69,0.1566,6.39,589.0,82.0
55106,142.9,7.00,22.69,0.1588,6.30,589.0,82.0
55113,144.9,6.90,22.69,0.1566,6.39,589.0,82.0
55120,142.9,7.00,22.69,0.1588,6.30,589.0,82.0
55127,144.9,6.90,22.69,0.1566,6.39,589.0,82.0
55134,144.9,6.90,22.69,0.1566,6.39,589.0,82.0
55140,144.9,6.90,22.69,0.1566,6.39,589.0,82.0
55147,142.9,7.00,22.69,0.1588,6.30,589.0,82.0
55154,144.9,6.90,22.69,0.1566,6.39,589.0,82.0
55161,142.9,7.00,22.69,0.1588,6.30,589.0,82.0
55168,144.9,6.90,22.69,0.1566,6.39,589.0,82.0
55175,142.9,7.00,22.69,0.1588,6.30,589.0,82.0
55182,144.9,6.90,22.69,0.1566,6.39,589.0,82.0
55189,144.9,6.90,22.69,0.1566,6.39,589.0,82.0
55196,142.9,7.00,22.69,0.1588,6.30,589.0,82.0
55203,144.9,6.90,22.69,0.1566,6.39,589.0,82.0
55210,142.9,7.00,22.69,0.1588,6.30,589.0,82.0
55217,142.9,7.00,22.69,0.1588,6.30,589.0,82.0
55224,144.9,6.90,22.69,0.1566,6.39,589.0,82.0
55231,142.9,7.00,22.69,0.1588,6.30,589.0,82.0
55238,144.9,6.90,22.69,0.1566,6.39,589.0,82.0
55245,144.9,6.90,22.69,0.1566,6.39,589.0,82.0
55252,144.9,6.90,22.69,0.1566,6.39,589.0,82.0
55258,144.9,6.90,22.69,0.1566,6.39,589.0,82.0
55265,142.9,7.00,22.68,0.1588,6.30,589.0,82.0
55272,142.9,7.00,22.67,0.1587,6.30,589.0,82.0
55279,144.9,6.90,22.67,0.1564,6.39,589.0,82.0
55286,142.9,7.00,22.66,0.1586,6.31,589.0,82.0
55293,142.9,7.00,22.65,0.1585,6.31,589.0,82.0
55300,144.9,6.90,22.64,0.1562,6.40,589.0,82.0
55307,144.9,6.90,22.63,0.1562,6.40,589.0,82.0
55314,144.9,6.90,22.62,0.1561,6.40,589.0,82.0
55321,142.9,7.00,22.62,0.1583,6.32,589.0,82.0
55328,142.9,7.00,22.61,0.1583,6.32,589.0,82.0
55335,144.9,6.90,22.60,0.1559,6.41,589.0,82.0
55342,142.9,7.00,22.59,0.1581,6.33,589.0,82.0
55349,144.9,6.90,22.58,0.1558,6.42,589.0,82.0
55356,142.9,7.00,22.57,0.1580,6.33,589.0,82.0
55363,144.9,6.90,22.57,0.1557,6.42,589.0,82.0
55370,144.9,6.90,22.56,0.1557,6.42,589.0,82.0
55377,142.9,7.00,22.56,0.1579,6.33,589.0,82.0
55384,144.9,6.90,22.56,0.1557,6.42,589.0,82.0
55391,142.9,7.00,22.56,0.1579,6.33,589.0,82.0
55397,144.9,6.90,22.56,0.1557,6.42,589.0,82.0
55404,142.9,7.00,22.56,0.1579,6.33,589.0,82.0
55411,144.9,6.90,22.56,0.1557,6.42,589.0,82.0
55418,144.9,6.90,22.56,0.1557,6.42,589.0,82.0
55425,142.9,7.00,22.56,0.1579,6.33,589.0,82.0
55432,144.9,6.90,22.56,0.1557,6.42,589.0,82.0
55439,144.9,6.90,22.56,0.1557,6.42,589.0,82.0
55446,142.9,7.00,22.56,0.1579,6.33,589.0,82.0
55453,144.9,6.90,22.56,0.1557,6.42,589.0,82.0
55460,142.9,7.00,22.56,0.1579,6.33,589.0,82.0
55467,144.9,6.90,22.56,0.1557,6.42,589.0,82.0
55474,144.9,6.90,22.56,0.1557,6.42,589.0,82.0
55481,140.8,7.10,22.56,0.1602,6.24,589.0,82.0
55488,144.9,6.90,22.56,0.1557,6.42,589.0,82.0
55495,144.9,6.90,22.56,0.1557,6.42,589.0,82.0
55502,142.9,7.00,22.56,0.1579,6.33,589.0,82.0
55509,144.9,6.90,22.56,0.1557,6.42,589.0,82.0
55515,144.9,6.90,22.56,0.1557,6.42,589.0,82.0
55522,142.9,7.00,22.56,0.1579,6.33,589.0,82.0
55529,144.9,6.90,22.56,0.1557,6.42,589.0,82.0
55536,142.9,7.00,22.56,0.1579,6.33,589.0,82.0
55543,142.9,7.00,22.56,0.1579,6.33,589.0,82.0
55550,144.9,6.90,22.56,0.1557,6.42,589.0,82.0
55557,142.9,7.00,22.56,0.1579,6.33,589.0,82.0
55564,144.9,6.90,22.56,0.1557,6.42,589.0,82.0
55571,144.9,6.90,22.56,0.1557,6.42,589.0,82.0
55578,144.9,6.90,22.56,0.1557,6.42,589.0,82.0
55585,142.9,7.00,22.56,0.1579,6.33,589.0,82.0
55592,144.9,6.90,22.56,0.1557,6.42,589.0,82.0
55599,142.9,7.00,22.56,0.1579,6.33,589.0,82.0
55606,142.9,7.00,22.56,0.1579,6.33,589.0,82.0
55613,144.9,6.90,22.56,0.1557,6.42,589.0,82.0
55620,142.9,7.00,22.56,0.1579,6.33,589.0,82.0
55627,144.9,6.90,22.56,0.1557,6.42,589.0,82.0
55634,144.9,6.90,22.56,0.1557,6.42,589.0,82.0
55640,144.9,6.90,22.56,0.1557,6.42,589.0,82.0
55647,142.9,7.00,22.56,0.1579,6.33,589.0,82.0
55654,144.9,6.90,22.56,0.1557,6.42,589.0,82.0
55661,142.9,7.00,22.56,0.1579,6.33,589.0,82.0
55668,144.9,6.90,22.56,0.1557,6.42,589.0,82.0
55675,144.9,6.90,22.56,0.1557,6.42,589.0,82.0
55682,140.8,7.10,22.56,0.1602,6.24,589.0,82.0
55689,147.1,6.80,22.56,0.1534,6.52,589.0,82.0
55696,142.9,7.00,22.56,0.1579,6.33,589.0,82.0
55703,142.9,7.00,22.56,0.1579,6.33,589.0,82.0
55710,142.9,7.00,22.56,0.1579,6.34,589.0,82.0
55717,147.1,6.80,22.56,0.1534,6.52,589.0,82.0
55724,142.9,7.00,22.55,0.1579,6.34,589.0,82.0
55731,144.9,6.90,22.55,0.1556,6.43,589.0,82.0
55738,142.9,7.00,22.55,0.1579,6.34,589.0,82.0
55745,144.9,6.90,22.55,0.1556,6.43,589.0,82.0
55752,144.9,6.90,22.55,0.1556,6.43,589.0,82.0
55759,142.9,7.00,22.55,0.1578,6.34,589.0,82.0
55766,142.9,7.00,22.55,0.1578,6.34,589.0,82.0
55772,144.9,6.90,22.54,0.1556,6.43,589.0,82.0
55779,142.9,7.00,22.54,0.1578,6.34,589.0,82.0
55786,144.9,6.90,22.54,0.1555,6.43,589.0,82.0
55793,142.9,7.00,22.54,0.1578,6.34,589.0,82.0
55800,144.9,6.90,22.54,0.1555,6.43,589.0,82.0
55807,144.9,6.90,22.54,0.1555,6.43,589.0,82.0
55814,142.9,7.00,22.54,0.1578,6.34,589.0,82.0
55821,144.9,6.90,22.54,0.1555,6.43,589.0,82.0
55828,144.9,6.90,22.54,0.1555,6.43,589.0,82.0
55835,140.8,7.10,22.54,0.1600,6.25,589.0,82.0
55842,147.1,6.80,22.54,0.1533,6.53,589.0,82.0
55849,142.9,7.00,22.54,0.1578,6.34,589.0,82.0
55856,142.9,7.00,22.54,0.1578,6.34,589.0,82.0
55863,144.9,6.90,22.54,0.1555,6.43,589.0,82.0
55870,144.9,6.90,22.54,0.1555,6.43,589.0,82.0
55877,142.9,7.00,22.54,0.1578,6.34,589.0,82.0
55884,144.9,6.90,22.54,0.1555,6.43,589.0,82.0
55890,144.9,6.90,22.54,0.1555,6.43,589.0,82.0
55897,144.9,6.90,22.54,0.1555,6.43,589.0,82.0
55904,142.9,7.00,22.54,0.1578,6.34,589.0,82.0
55911,142.9,7.00,22.54,0.1578,6.34,589.0,82.0
55918,144.9,6.90,22.54,0.1555,6.43,589.0,82.0
55925,142.9,7.00,22.54,0.1578,6.34,589.0,82.0
55932,144.9,6.90,22.54,0.1555,6.43,589.0,82.0
55939,142.9,7.00,22.54,0.1578,6.34,589.0,82.0
55946,144.9,6.90,22.54,0.1555,6.43,589.0,82.0
55953,142.9,7.00,22.54,0.1578,6.34,589.0,82.0
55960,144.9,6.90,22.54,0.1555,6.43,589.0,82.0
55967,142.9,7.00,22.54,0.1578,6.34,589.0,82.0
55974,144.9,6.90,22.54,0.1555,6.43,589.0,82.0
55981,142.9,7.00,22.54,0.1578,6.34,589.0,82.0
55988,144.9,6.90,22.54,0.1555,6.43,589.0,82.0
55995,144.9,6.90,22.54,0.1555,6.43,589.0,82.0
56002,144.9,6.90,22.54,0.1555,6.43,589.0,82.0
56009,142.9,7.00,22.54,0.1578,6.34,589.0,82.0
56016,142.9,7.00,22.54,0.1578,6.34,589.0,82.0
56022,144.9,6.90,22.54,0.1555,6.43,589.0,82.0
56029,144.9,6.90,22.54,0.1555,6.43,589.0,82.0
56036,144.9,6.90,22.54,0.1555,6.43,589.0,82.0
56043,142.9,7.00,22.54,0.1578,6.34,589.0,82.0
56050,144.9,6.90,22.54,0.1555,6.43,589.0,82.0
56057,142.9,7.00,22.54,0.1578,6.34,589.0,82.0
56064,142.9,7.00,22.54,0.1578,6.34,589.0,82.0
56071,144.9,6.90,22.54,0.1555,6.43,589.0,82.0
56078,144.9,6.90,22.54,0.1555,6.43,589.0,82.0
56085,142.9,7.00,22.54,0.1578,6.34,589.0,82.0
56092,144.9,6.90,22.54,0.1555,6.43,589.0,82.0
56099,142.9,7.00,22.54,0.1578,6.34,589.0,82.0
56106,144.9,6.90,22.54,0.1555,6.43,589.0,82.0
56113,142.9,7.00,22.54,0.1578,6.34,589.0,82.0
56120,144.9,6.90,22.54,0.1555,6.43,589.0,82.0
56127,142.9,7.00,22.54,0.1578,6.34,589.0,82.0
56134,144.9,6.90,22.54,0.1555,6.43,589.0,82.0
56141,142.9,7.00,22.54,0.1578,6.34,589.0,82.0
56147,144.9,6.90,22.54,0.1555,6.43,589.0,82.0
56154,142.9,7.00,22.54,0.1578,6.34,589.0,82.0
56161,144.9,6.90,22.54,0.1555,6.43,589.0,82.0
56168,142.9,7.00,22.54,0.1578,6.34,589.0,82.0
56175,144.9,6.90,22.54,0.1555,6.43,589.0,82.0
56182,144.9,6.90,22.54,0.1555,6.43,589.0,82.0
56189,142.9,7.00,22.54,0.1578,6.34,589.0,82.0
56196,144.9,6.90,22.54,0.1555,6.43,589.0,82.0
56203,144.9,6.90,22.54,0.1555,6.43,589.0,82.0
56210,142.9,7.00,22.54,0.1578,6.34,589.0,82.0
56217,144.9,6.90,22.54,0.1555,6.43,589.0,82.0
56224,142.9,7.00,22.54,0.1578,6.34,589.0,82.0
56231,144.9,6.90,22.54,0.1555,6.43,589.0,82.0
56238,144.9,6.90,22.54,0.1555,6.43,589.0,82.0
56245,144.9,6.90,22.53,0.1555,6.43,589.0,82.0
56252,142.9,7.00,22.52,0.1577,6.34,589.0,82.0
56259,142.9,7.00,22.52,0.1576,6.35,589.0,82.0
56265,144.9,6.90,22.51,0.1553,6.44,589.0,82.0
56272,144.9,6.90,22.51,0.1553,6.44,589.0,82.0
56279,140.8,7.10,22.50,0.1598,6.26,589.0,82.0
56286,144.9,6.90,22.50,0.1552,6.44,589.0,82.0
56293,142.9,7.00,22.49,0.1574,6.35,589.0,82.0
56300,144.9,6.90,22.49,0.1551,6.44,589.0,82.0
56307,144.9,6.90,22.48,0.1551,6.45,589.0,82.0
56314,142.9,7.00,22.47,0.1573,6.36,589.0,82.0
56321,144.9,6.90,22.47,0.1550,6.45,589.0,82.0
56328,144.9,6.90,22.46,0.1550,6.45,589.0,82.0
56335,142.9,7.00,22.46,0.1572,6.36,589.0,82.0
56342,144.9,6.90,22.45,0.1549,6.45,589.0,82.0
56349,142.9,7.00,22.45,0.1572,6.37,589.0,82.0
56356,144.9,6.90,22.45,0.1549,6.45,589.0,82.0
56363,142.9,7.00,22.45,0.1572,6.37,589.0,82.0
56370,144.9,6.90,22.45,0.1549,6.45,589.0,82.0
56377,144.9,6.90,22.45,0.1549,6.45,589.0,82.0
56384,142.9,7.00,22.45,0.1572,6.37,589.0,82.0
56390,144.9,6.90,22.45,0.1549,6.45,589.0,82.0
56397,142.9,7.00,22.45,0.1572,6.37,589.0,82.0
56404,142.9,7.00,22.45,0.1572,6.37,589.0,82.0
56411,144.9,6.90,22.45,0.1549,6.45,589.0,82.0
56418,144.9,6.90,22.45,0.1549,6.45,589.0,82.0
56425,144.9,6.90,22.45,0.1549,6.45,589.0,82.0
56432,142.9,7.00,22.45,0.1572,6.37,589.0,82.0
56439,144.9,6.90,22.45,0.1549,6.45,589.0,82.0
56446,144.9,6.90,22.45,0.1549,6.45,589.0,82.0
56453,140.8,7.10,22.45,0.1594,6.27,589.0,82.0
56460,144.9,6.90,22.45,0.1549,6.45,589.0,82.0
56467,144.9,6.90,22.45,0.1549,6.45,589.0,82.0
56474,144.9,6.90,22.45,0.1549,6.45,589.0,82.0
56481,142.9,7.00,22.45,0.1572,6.37,589.0,82.0
56488,142.9,7.00,22.45,0.1572,6.37,589.0,82.0
56495,144.9,6.90,22.45,0.1549,6.45,589.0,82.0
56502,142.9,7.00,22.45,0.1572,6.37,589.0,82.0
56509,142.9,7.00,22.45,0.1572,6.37,589.0,82.0
56516,144.9,6.90,22.45,0.1549,6.45,589.0,82.0
56522,147.1,6.80,22.45,0.1527,6.55,589.0,82.0
56529,142.9,7.00,22.45,0.1572,6.37,589.0,82.0
56536,142.9,7.00,22.45,0.1572,6.37,589.0,82.0
56543,144.9,6.90,22.45,0.1549,6.45,589.0,82.0
56550,142.9,7.00,22.45,0.1572,6.37,589.0,82.0
56557,144.9,6.90,22.45,0.1549,6.45,589.0,82.0
56564,144.9,6.90,22.45,0.1549,6.45,589.0,82.0
56571,142.9,7.00,22.45,0.1572,6.37,589.0,82.0
56578,144.9,6.90,22.45,0.1549,6.45,589.0,82.0
56585,142.9,7.00,22.45,0.1572,6.37,589.0,82.0
56592,144.9,6.90,22.45,0.1549,6.45,589.0,82.0
56599,142.9,7.00,22.45,0.1572,6.37,589.0,82.0
56606,144.9,6.90,22.45,0.1549,6.45,589.0,82.0
56613,142.9,7.00,22.45,0.1572,6.37,589.0,82.0
56620,142.9,7.00,22.45,0.1572,6.37,589.0,82.0
56627,144.9,6.90,22.45,0.1549,6.45,589.0,82.0
56634,144.9,6.90,22.45,0.1549,6.45,589.0,82.0
56640,144.9,6.90,22.45,0.1549,6.45,589.0,82.0
56647,142.9,7.00,22.45,0.1572,6.37,589.0,82.0
56654,144.9,6.90,22.45,0.1549,6.45,589.0,82.0
56661,142.9,7.00,22.45,0.1572,6.37,589.0,82.0
56668,144.9,6.90,22.45,0.1549,6.45,589.0,82.0
56675,142.9,7.00,22.45,0.1572,6.37,589.0,82.0
56682,144.9,6.90,22.45,0.1549,6.45,589.0,82.0
56689,144.9,6.90,22.45,0.1549,6.45,589.0,82.0
56696,142.9,7.00,22.45,0.1572,6.37,589.0,82.0
56703,142.9,7.00,22.45,0.1572,6.37,589.0,82.0
56710,144.9,6.90,22.45,0.1549,6.45,589.0,82.0
56717,144.9,6.90,22.45,0.1549,6.45,589.0,82.0
56724,142.9,7.00,22.45,0.1572,6.37,589.0,82.0
56731,144.9,6.90,22.45,0.1549,6.45,589.0,82.0
56738,144.9,6.90,22.45,0.1549,6.45,589.0,82.0
56745,144.9,6.90,22.45,0.1549,6.45,589.0,82.0
56752,142.9,7.00,22.45,0.1572,6.37,589.0,82.0
56759,142.9,7.00,22.45,0.1572,6.37,589.0,82.0
56766,142.9,7.00,22.45,0.1572,6.37,589.0,82.0
56772,147.1,6.80,22.45,0.1527,6.55,589.0,82.0
56779,140.8,7.10,22.45,0.1594,6.27,589.0,82.0
56786,147.1,6.80,22.45,0.1526,6.55,589.0,82.0
56793,142.9,7.00,22.44,0.1571,6.37,589.0,82.0
56800,144.9,6.90,22.43,0.1548,6.46,589.0,82.0
56807,142.9,7.00,22.42,0.1570,6.37,589.0,82.0
56814,142.9,7.00,22.42,0.1569,6.37,589.0,82.0
56821,144.9,6.90,22.41,0.1546,6.47,589.0,82.0
56828,144.9,6.90,22.40,0.1546,6.47,589.0,82.0
56835,144.9,6.90,22.40,0.1545,6.47,589.0,82.0
56842,140.8,7.10,22.39,0.1590,6.29,589.0,82.0
56849,147.1,6.80,22.38,0.1522,6.57,589.0,82.0
56856,142.9,7.00,22.38,0.1566,6.39,589.0,82.0
56863,142.9,7.00,22.37,0.1566,6.39,589.0,82.0
56870,144.9,6.90,22.36,0.1543,6.48,589.0,82.0
56877,144.9,6.90,22.35,0.1542,6.48,589.0,82.0
56884,142.9,7.00,22.35,0.1564,6.39,589.0,82.0
56890,144.9,6.90,22.34,0.1542,6.49,589.0,82.0
56897,144.9,6.90,22.34,0.1541,6.49,589.0,82.0
56904,142.9,7.00,22.34,0.1564,6.40,589.0,82.0
56911,142.9,7.00,22.34,0.1564,6.40,589.0,82.0
56918,144.9,6.90,22.34,0.1541,6.49,589.0,82.0
56925,144.9,6.90,22.34,0.1541,6.49,589.0,82.0
56932,144.9,6.90,22.34,0.1541,6.49,589.0,82.0
56939,140.8,7.10,22.34,0.1586,6.30,589.0,82.0
56946,147.1,6.80,22.34,0.1519,6.58,589.0,82.0
56953,142.9,7.00,22.34,0.1564,6.40,589.0,82.0
56960,142.9,7.00,22.34,0.1564,6.40,589.0,82.0
56967,144.9,6.90,22.34,0.1541,6.49,589.0,82.0
56974,142.9,7.00,22.34,0.1564,6.40,589.0,82.0
56981,144.9,6.90,22.34,0.1541,6.49,589.0,82.0
56988,142.9,7.00,22.34,0.1564,6.40,589.0,82.0
56995,144.9,6.90,22.34,0.1541,6.49,589.0,82.0
57002,144.9,6.90,22.34,0.1541,6.49,589.0,82.0
57009,142.9,7.00,22.34,0.1564,6.40,589.0,82.0
57016,142.9,7.00,22.34,0.1564,6.40,589.0,82.0
57022,147.1,6.80,22.34,0.1519,6.58,589.0,82.0
57029,142.9,7.00,22.34,0.1564,6.40,589.0,82.0
57036,142.9,7.00,22.34,0.1564,6.40,589.0,82.0
57043,144.9,6.90,22.34,0.1541,6.49,589.0,82.0
57050,142.9,7.00,22.34,0.1564,6.40,589.0,82.0
57057,144.9,6.90,22.34,0.1541,6.49,589.0,82.0
57064,144.9,6.90,22.34,0.1541,6.49,589.0,82.0
57071,142.9,7.00,22.34,0.1564,6.40,589.0,82.0
57078,144.9,6.90,22.34,0.1541,6.49,589.0,82.0
57085,144.9,6.90,22.34,0.1541,6.49,589.0,82.0
57092,140.8,7.10,22.34,0.1586,6.30,589.0,82.0
57099,144.9,6.90,22.34,0.1541,6.49,589.0,82.0
57106,144.9,6.90,22.34,0.1541,6.49,589.0,82.0
57113,144.9,6.90,22.34,0.1541,6.49,589.0,82.0
57120,142.9,7.00,22.34,0.1564,6.40,589.0,82.0
57127,144.9,6.90,22.34,0.1541,6.49,589.0,82.0
57134,142.9,7.00,22.34,0.1564,6.40,589.0,82.0
57141,142.9,7.00,22.34,0.1564,6.40,589.0,82.0
57147,147.1,6.80,22.34,0.1519,6.58,589.0,82.0
57154,140.8,7.10,22.34,0.1586,6.30,589.0,82.0
57161,144.9,6.90,22.34,0.1541,6.49,589.0,82.0
57168,142.9,7.00,22.34,0.1564,6.40,589.0,82.0
57175,144.9,6.90,22.34,0.1541,6.49,589.0,82.0
57182,144.9,6.90,22.34,0.1541,6.49,589.0,82.0
57189,144.9,6.90,22.34,0.1541,6.49,589.0,82.0
57196,140.8,7.10,22.34,0.1586,6.30,589.0,82.0
57203,142.9,7.00,22.34,0.1564,6.40,589.0,82.0
57210,147.1,6.80,22.34,0.1519,6.58,589.0,82.0
57217,144.9,6.90,22.34,0.1541,6.49,589.0,82.0
57224,142.9,7.00,22.34,0.1564,6.40,589.0,82.0
57231,144.9,6.90,22.34,0.1541,6.49,589.0,82.0
57238,144.9,6.90,22.33,0.1541,6.49,589.0,82.0
57245,142.9,7.00,22.33,0.1563,6.40,589.0,82.0
57252,142.9,7.00,22.33,0.1563,6.40,589.0,82.0
57259,144.9,6.90,22.33,0.1540,6.49,589.0,82.0
57265,144.9,6.90,22.32,0.1540,6.49,589.0,82.0
57272,144.9,6.90,22.32,0.1540,6.49,589.0,82.0
57279,142.9,7.00,22.32,0.1562,6.40,589.0,82.0
57286,142.9,7.00,22.32,0.1562,6.40,589.0,82.0
57293,144.9,6.90,22.31,0.1540,6.49,589.0,82.0
57300,142.9,7.00,22.31,0.1562,6.41,589.0,82.0
57307,144.9,6.90,22.31,0.1539,6.50,589.0,82.0
57314,144.9,6.90,22.31,0.1539,6.50,589.0,82.0
57321,142.9,7.00,22.30,0.1561,6.41,589.0,82.0
57328,144.9,6.90,22.30,0.1539,6.50,589.0,82.0
57335,142.9,7.00,22.30,0.1561,6.41,589.0,82.0
57342,142.9,7.00,22.30,0.1561,6.41,589.0,82.0
57349,144.9,6.90,22.30,0.1539,6.50,589.0,82.0
57356,144.9,6.90,22.30,0.1539,6.50,589.0,82.0
57363,142.9,7.00,22.30,0.1561,6.41,589.0,82.0
57370,144.9,6.90,22.30,0.1539,6.50,589.0,82.0
57377,144.9,6.90,22.30,0.1539,6.50,589.0,82.0
57384,142.9,7.00,22.30,0.1561,6.41,589.0,82.0
57390,144.9,6.90,22.30,0.1539,6.50,589.0,82.0
57397,144.9,6.90,22.30,0.1539,6.50,589.0,82.0
57404,142.9,7.00,22.30,0.1561,6.41,589.0,82.0
57411,142.9,7.00,22.30,0.1561,6.41,589.0,82.0
57418,144.9,6.90,22.30,0.1539,6.50,589.0,82.0
57425,144.9,6.90,22.30,0.1539,6.50,589.0,82.0
57432,142.9,7.00,22.30,0.1561,6.41,589.0,82.0
57439,144.9,6.90,22.30,0.1539,6.50,589.0,82.0
57446,142.9,7.00,22.30,0.1561,6.41,589.0,82.0
57453,144.9,6.90,22.30,0.1539,6.50,589.0,82.0
57460,142.9,7.00,22.30,0.1561,6.41,589.0,82.0
57467,144.9,6.90,22.30,0.1539,6.50,589.0,82.0
57474,142.9,7.00,22.30,0.1561,6.41,589.0,82.0
57481,144.9,6.90,22.30,0.1539,6.50,589.0,82.0
57488,142.9,7.00,22.30,0.1561,6.41,589.0,82.0
57495,144.9,6.90,22.30,0.1539,6.50,589.0,82.0
57502,144.9,6.90,22.30,0.1539,6.50,589.0,82.0
57509,142.9,7.00,22.30,0.1561,6.41,589.0,82.0
57515,144.9,6.90,22.30,0.1539,6.50,589.0,82.0
57522,144.9,6.90,22.30,0.1539,6.50,589.0,82.0
57529,140.8,7.10,22.30,0.1583,6.31,589.0,82.0
57536,144.9,6.90,22.30,0.1539,6.50,589.0,82.0
57543,142.9,7.00,22.30,0.1561,6.41,589.0,82.0
57550,147.1,6.80,22.30,0.1516,6.60,589.0,82.0
57557,142.9,7.00,22.30,0.1561,6.41,589.0,82.0
57564,144.9,6.90,22.30,0.1539,6.50,589.0,82.0
57571,144.9,6.90,22.30,0.1539,6.50,589.0,82.0
57578,142.9,7.00,22.30,0.1561,6.41,589.0,82.0
57585,144.9,6.90,22.30,0.1539,6.50,589.0,82.0
57592,142.9,7.00,22.30,0.1561,6.41,589.0,82.0
57599,142.9,7.00,22.30,0.1561,6.41,589.0,82.0
57606,144.9,6.90,22.30,0.1539,6.50,589.0,82.0
57613,144.9,6.90,22.30,0.1539,6.50,589.0,82.0
57620,144.9,6.90,22.30,0.1539,6.50,589.0,82.0
57627,140.8,7.10,22.30,0.1583,6.31,589.0,82.0
57634,144.9,6.90,22.30,0.1539,6.50,589.0,82.0
57640,144.9,6.90,22.30,0.1539,6.50,589.0,82.0
57647,142.9,7.00,22.30,0.1561,6.41,589.0,82.0
57654,144.9,6.90,22.30,0.1539,6.50,589.0,82.0
57661,144.9,6.90,22.30,0.1539,6.50,589.0,82.0
57668,142.9,7.00,22.30,0.1561,6.41,589.0,82.0
57675,142.9,7.00,22.30,0.1561,6.41,589.0,82.0
57682,144.9,6.90,22.30,0.1539,6.50,589.0,82.0
57689,144.9,6.90,22.30,0.1539,6.50,589.0,82.0
57696,142.9,7.00,22.30,0.1561,6.41,589.0,82.0
57703,144.9,6.90,22.30,0.1539,6.50,589.0,82.0
57710,142.9,7.00,22.30,0.1561,6.41,589.0,82.0
57717,144.9,6.90,22.30,0.1539,6.50,589.0,82.0
57724,144.9,6.90,22.30,0.1539,6.50,589.0,82.0
57731,144.9,6.90,22.30,0.1539,6.50,589.0,82.0
57738,140.8,7.10,22.30,0.1583,6.31,589.0,82.0
57745,144.9,6.90,22.30,0.1539,6.50,589.0,82.0
57752,144.9,6.90,22.30,0.1539,6.50,589.0,82.0
57759,142.9,7.00,22.30,0.1561,6.41,589.0,82.0
57765,144.9,6.90,22.30,0.1539,6.50,589.0,82.0
57772,144.9,6.90,22.29,0.1538,6.50,589.0,82.0
57779,142.9,7.00,22.29,0.1560,6.41,589.0,82.0
57786,142.9,7.00,22.28,0.1560,6.41,589.0,82.0
57793,144.9,6.90,22.28,0.1537,6.50,589.0,82.0
57800,144.9,6.90,22.27,0.1537,6.51,589.0,82.0
57807,142.9,7.00,22.27,0.1559,6.42,589.0,82.0
57814,144.9,6.90,22.26,0.1536,6.51,589.0,82.0
57821,142.9,7.00,22.26,0.1558,6.42,589.0,82.0
57828,144.9,6.90,22.25,0.1536,6.51,589.0,82.0
57835,144.9,6.90,22.25,0.1535,6.51,589.0,82.0
57842,142.9,7.00,22.24,0.1557,6.42,589.0,82.0
57849,144.9,6.90,22.24,0.1534,6.52,589.0,82.0
57856,142.9,7.00,22.23,0.1556,6.43,589.0,82.0
57863,144.9,6.90,22.23,0.1534,6.52,589.0,82.0
57870,142.9,7.00,22.22,0.1556,6.43,589.0,82.0
57877,144.9,6.90,22.22,0.1533,6.52,589.0,82.0
57884,142.9,7.00,22.22,0.1555,6.43,589.0,82.0
57891,142.9,7.00,22.22,0.1555,6.43,589.0,82.0
57897,144.9,6.90,22.22,0.1533,6.52,589.0,82.0
57904,144.9,6.90,22.22,0.1533,6.52,589.0,82.0
57911,142.9,7.00,22.22,0.1555,6.43,589.0,82.0
57918,144.9,6.90,22.22,0.1533,6.52,589.0,82.0
57925,144.9,6.90,22.22,0.1533,6.52,589.0,82.0
57932,142.9,7.00,22.22,0.1555,6.43,589.0,82.0
57939,142.9,7.00,22.22,0.1555,6.43,589.0,82.0
57946,144.9,6.90,22.22,0.1533,6.52,589.0,82.0
57953,144.9,6.90,22.22,0.1533,6.52,589.0,82.0
57960,142.9,7.00,22.22,0.1555,6.43,589.0,82.0
57967,144.9,6.90,22.22,0.1533,6.52,589.0,82.0
57974,142.9,7.00,22.22,0.1555,6.43,589.0,82.0
57981,144.9,6.90,22.22,0.1533,6.52,589.0,82.0
57988,144.9,6.90,22.22,0.1533,6.52,589.0,82.0
57995,142.9,7.00,22.22,0.1555,6.43,589.0,82.0
58002,144.9,6.90,22.22,0.1533,6.52,589.0,82.0
58008,144.9,6.90,22.22,0.1533,6.52,589.0,82.0
58015,142.9,7.00,22.22,0.1555,6.43,589.0,82.0
58022,142.9,7.00,22.22,0.1555,6.43,589.0,82.0
58029,147.1,6.80,22.22,0.1511,6.62,589.0,82.0
58036,142.9,7.00,22.22,0.1555,6.43,589.0,82.0
58043,142.9,7.00,22.22,0.1555,6.43,589.0,82.0
58050,144.9,6.90,22.22,0.1533,6.52,589.0,82.0
58057,142.9,7.00,22.22,0.1555,6.43,589.0,82.0
58064,142.9,7.00,22.22,0.1555,6.43,589.0,82.0
58071,144.9,6.90,22.22,0.1533,6.52,589.0,82.0
58078,144.9,6.90,22.22,0.1533,6.52,589.0,82.0
58085,142.9,7.00,22.22,0.1555,6.43,589.0,82.0
58092,144.9,6.90,22.22,0.1533,6.52,589.0,82.0
58099,144.9,6.90,22.22,0.1533,6.52,589.0,82.0
58106,142.9,7.00,22.22,0.1555,6.43,589.0,82.0
58113,144.9,6.90,22.22,0.1533,6.52,589.0,82.0
58120,142.9,7.00,22.22,0.1555,6.43,589.0,82.0
58127,144.9,6.90,22.22,0.1533,6.52,589.0,82.0
58134,142.9,7.00,22.22,0.1555,6.43,589.0,82.0
58140,147.1,6.80,22.22,0.1511,6.62,589.0,82.0
58147,140.8,7.10,22.22,0.1578,6.34,589.0,82.0
58154,144.9,6.90,22.22,0.1533,6.52,589.0,82.0
58161,144.9,6.90,22.22,0.1533,6.52,589.0,82.0
58168,142.9,7.00,22.22,0.1555,6.43,589.0,82.0
58175,142.9,7.00,22.22,0.1555,6.43,589.0,82.0
58182,144.9,6.90,22.22,0.1533,6.52,589.0,82.0
58189,144.9,6.90,22.22,0.1533,6.52,589.0,82.0
58196,144.9,6.90,22.22,0.1533,6.52,589.0,82.0
58203,142.9,7.00,22.22,0.1556,6.43,589.0,82.0
58210,142.9,7.00,22.23,0.1556,6.43,589.0,82.0
58217,147.1,6.80,22.23,0.1512,6.62,589.0,82.0
58224,140.8,7.10,22.23,0.1579,6.33,589.0,82.0
58231,144.9,6.90,22.24,0.1534,6.52,589.0,82.0
58238,144.9,6.90,22.24,0.1535,6.52,589.0,82.0
58245,142.9,7.00,22.24,0.1557,6.42,589.0,82.0
58252,142.9,7.00,22.25,0.1557,6.42,589.0,82.0
58258,147.1,6.80,22.25,0.1513,6.61,589.0,82.0
58265,144.9,6.90,22.26,0.1536,6.51,589.0,82.0
58272,142.9,7.00,22.26,0.1558,6.42,589.0,82.0
58279,142.9,7.00,22.26,0.1558,6.42,589.0,82.0
58286,142.9,7.00,22.27,0.1559,6.42,589.0,82.0
58293,144.9,6.90,22.27,0.1537,6.51,589.0,82.0
58300,144.9,6.90,22.28,0.1537,6.51,589.0,82.0
58307,142.9,7.00,22.28,0.1560,6.41,589.0,82.0
58314,144.9,6.90,22.28,0.1537,6.50,589.0,82.0
58321,142.9,7.00,22.28,0.1560,6.41,589.0,82.0
58328,144.9,6.90,22.28,0.1537,6.50,589.0,82.0
58335,144.9,6.90,22.28,0.1537,6.50,589.0,82.0
58342,142.9,7.00,22.28,0.1560,6.41,589.0,82.0
58349,144.9,6.90,22.28,0.1537,6.50,589.0,82.0
58356,142.9,7.00,22.28,0.1560,6.41,589.0,82.0
58363,142.9,7.00,22.28,0.1560,6.41,589.0,82.0
58370,144.9,6.90,22.28,0.1537,6.50,589.0,82.0
58377,144.9,6.90,22.28,0.1537,6.50,589.0,82.0
58384,142.9,7.00,22.28,0.1560,6.41,589.0,82.0
58390,147.1,6.80,22.28,0.1515,6.60,589.0,82.0
58397,142.9,7.00,22.28,0.1560,6.41,589.0,82.0
58404,142.9,7.00,22.28,0.1560,6.41,589.0,82.0
58411,144.9,6.90,22.28,0.1537,6.50,589.0,82.0
58418,144.9,6.90,22.28,0.1537,6.50,589.0,82.0
58425,142.9,7.00,22.28,0.1560,6.41,589.0,82.0
58432,144.9,6.90,22.28,0.1537,6.50,589.0,82.0
58439,142.9,7.00,22.28,0.1560,6.41,589.0,82.0
58446,144.9,6.90,22.28,0.1537,6.50,589.0,82.0
58453,142.9,7.00,22.28,0.1560,6.41,589.0,82.0
58460,142.9,7.00,22.28,0.1560,6.41,589.0,82.0
58467,144.9,6.90,22.28,0.1537,6.50,589.0,82.0
58474,144.9,6.90,22.28,0.1537,6.50,589.0,82.0
58481,142.9,7.00,22.28,0.1560,6.41,589.0,82.0
58488,142.9,7.00,22.28,0.1560,6.41,589.0,82.0
58495,144.9,6.90,22.28,0.1537,6.50,589.0,82.0
58502,142.9,7.00,22.28,0.1560,6.41,589.0,82.0
58508,147.1,6.80,22.28,0.1515,6.60,589.0,82.0
58515,142.9,7.00,22.28,0.1560,6.41,589.0,82.0
58522,144.9,6.90,22.28,0.1537,6.50,589.0,82.0
58529,142.9,7.00,22.28,0.1560,6.41,589.0,82.0
58536,144.9,6.90,22.28,0.1537,6.50,589.0,82.0
58543,142.9,7.00,22.28,0.1560,6.41,589.0,82.0
58550,142.9,7.00,22.28,0.1560,6.41,589.0,82.0
58557,144.9,6.90,22.28,0.1537,6.50,589.0,82.0
58564,147.1,6.80,22.28,0.1515,6.60,589.0,82.0
58571,142.9,7.00,22.28,0.1560,6.41,589.0,82.0
58578,142.9,7.00,22.28,0.1560,6.41,589.0,82.0
58585,144.9,6.90,22.28,0.1537,6.50,589.0,82.0
58592,142.9,7.00,22.28,0.1560,6.41,589.0,82.0
58599,144.9,6.90,22.28,0.1537,6.50,589.0,82.0
58606,144.9,6.90,22.28,0.1537,6.50,589.0,82.0
58613,140.8,7.10,22.28,0.1582,6.32,589.0,82.0
58620,142.9,7.00,22.28,0.1560,6.41,589.0,82.0
58627,147.1,6.80,22.28,0.1515,6.60,589.0,82.0
58634,142.9,7.00,22.28,0.1560,6.41,589.0,82.0
58640,144.9,6.90,22.28,0.1537,6.50,589.0,82.0
58647,144.9,6.90,22.28,0.1537,6.50,589.0,82.0
58654,142.9,7.00,22.28,0.1560,6.41,589.0,82.0
58661,144.9,6.90,22.28,0.1537,6.50,589.0,82.0
58668,142.9,7.00,22.28,0.1560,6.41,589.0,82.0
58675,144.9,6.90,22.28,0.1537,6.50,589.0,82.0
58682,144.9,6.90,22.28,0.1537,6.50,589.0,82.0
58689,142.9,7.00,22.28,0.1560,6.41,589.0,82.0
58696,144.9,6.90,22.28,0.1537,6.50,589.0,82.0
58703,140.8,7.10,22.28,0.1582,6.32,589.0,82.0
58710,147.1,6.80,22.28,0.1515,6.60,589.0,82.0
58717,142.9,7.00,22.28,0.1560,6.41,589.0,82.0
58724,142.9,7.00,22.28,0.1560,6.41,589.0,82.0
58731,147.1,6.80,22.28,0.1515,6.60,589.0,82.0
58738,142.9,7.00,22.28,0.1560,6.41,589.0,82.0
58745,144.9,6.90,22.28,0.1537,6.50,589.0,82.0
58752,142.9,7.00,22.28,0.1560,6.41,589.0,82.0
58758,144.9,6.90,22.28,0.1537,6.50,589.0,82.0
58765,144.9,6.90,22.28,0.1537,6.50,589.0,82.0
58772,142.9,7.00,22.28,0.1560,6.41,589.0,82.0
58779,142.9,7.00,22.28,0.1560,6.41,589.0,82.0
58786,144.9,6.90,22.28,0.1537,6.50,589.0,82.0
58793,142.9,7.00,22.28,0.1560,6.41,589.0,82.0
58800,144.9,6.90,22.28,0.1537,6.50,589.0,82.0
58807,142.9,7.00,22.28,0.1560,6.41,589.0,82.0
58814,147.1,6.80,22.28,0.1515,6.60,589.0,82.0
58821,142.9,7.00,22.28,0.1560,6.41,589.0,82.0
58828,142.9,7.00,22.28,0.1560,6.41,589.0,82.0
58835,144.9,6.90,22.28,0.1537,6.50,589.0,82.0
58842,144.9,6.90,22.28,0.1537,6.50,589.0,82.0
58849,142.9,7.00,22.28,0.1560,6.41,589.0,82.0
58856,142.9,7.00,22.28,0.1560,6.41,589.0,82.0
58863,144.9,6.90,22.28,0.1537,6.50,589.0,82.0
58870,144.9,6.90,22.28,0.1537,6.50,589.0,82.0
58877,142.9,7.00,22.28,0.1560,6.41,589.0,82.0
58883,144.9,6.90,22.28,0.1537,6.50,589.0,82.0
58890,142.9,7.00,22.28,0.1560,6.41,589.0,82.0
58897,144.9,6.90,22.28,0.1537,6.50,589.0,82.0
58904,142.9,7.00,22.28,0.1560,6.41,589.0,82.0
58911,144.9,6.90,22.28,0.1537,6.50,589.0,82.0
58918,144.9,6.90,22.28,0.1537,6.50,589.0,82.0
58925,142.9,7.00,22.28,0.1560,6.41,589.0,82.0
58932,142.9,7.00,22.28,0.1560,6.41,589.0,82.0
58939,144.9,6.90,22.28,0.1537,6.50,589.0,82.0
58946,142.9,7.00,22.28,0.1560,6.41,589.0,82.0
58953,144.9,6.90,22.28,0.1537,6.50,589.0,82.0
58960,142.9,7.00,22.28,0.1560,6.41,589.0,82.0
58967,144.9,6.90,22.28,0.1537,6.50,589.0,82.0
58974,144.9,6.90,22.28,0.1537,6.50,589.0,82.0
58981,142.9,7.00,22.28,0.1560,6.41,589.0,82.0
58988,142.9,7.00,22.28,0.1560,6.41,589.0,82.0
58995,147.1,6.80,22.28,0.1515,6.60,589.0,82.0
59002,142.9,7.00,22.28,0.1560,6.41,589.0,82.0
59008,144.9,6.90,22.28,0.1537,6.50,589.0,82.0
59015,142.9,7.00,22.28,0.1560,6.41,589.0,82.0
59022,144.9,6.90,22.28,0.1537,6.50,589.0,82.0
59029,142.9,7.00,22.28,0.1560,6.41,589.0,82.0
59036,144.9,6.90,22.28,0.1537,6.50,589.0,82.0
59043,142.9,7.00,22.28,0.1560,6.41,589.0,82.0
59050,142.9,7.00,22.28,0.1560,6.41,589.0,82.0
59057,147.1,6.80,22.28,0.1515,6.60,589.0,82.0
59064,142.9,7.00,22.28,0.1560,6.41,589.0,82.0
59071,144.9,6.90,22.28,0.1537,6.50,589.0,82.0
59078,142.9,7.00,22.28,0.1560,6.41,589.0,82.0
59085,144.9,6.90,22.28,0.1537,6.50,589.0,82.0
59092,142.9,7.00,22.28,0.1560,6.41,589.0,82.0
59099,144.9,6.90,22.28,0.1537,6.50,589.0,82.0
59106,142.9,7.00,22.28,0.1560,6.41,589.0,82.0
59113,144.9,6.90,22.28,0.1537,6.50,589.0,82.0
59120,144.9,6.90,22.28,0.1537,6.50,589.0,82.0
59127,142.9,7.00,22.28,0.1560,6.41,589.0,82.0
59134,142.9,7.00,22.28,0.1560,6.41,589.0,82.0
59140,144.9,6.90,22.28,0.1537,6.50,589.0,82.0
59147,144.9,6.90,22.28,0.1537,6.50,589.0,82.0
59154,142.9,7.00,22.28,0.1560,6.41,589.0,82.0
59161,144.9,6.90,22.28,0.1537,6.50,589.0,82.0
59168,144.9,6.90,22.28,0.1537,6.50,589.0,82.0
59175,142.9,7.00,22.28,0.1560,6.41,589.0,82.0
59182,144.9,6.90,22.28,0.1537,6.50,589.0,82.0
59189,142.9,7.00,22.28,0.1560,6.41,589.0,82.0
59196,142.9,7.00,22.28,0.1560,6.41,589.0,82.0
59203,144.9,6.90,22.28,0.1537,6.50,589.0,82.0
59210,142.9,7.00,22.28,0.1560,6.41,589.0,82.0
59217,144.9,6.90,22.28,0.1537,6.50,589.0,82.0
59224,144.9,6.90,22.28,0.1537,6.50,589.0,82.0
59231,142.9,7.00,22.28,0.1560,6.41,589.0,82.0
59238,142.9,7.00,22.28,0.1560,6.41,589.0,82.0
59245,144.9,6.90,22.28,0.1537,6.50,589.0,82.0
59252,144.9,6.90,22.28,0.1537,6.50,589.0,82.0
59258,144.9,6.90,22.28,0.1537,6.50,589.0,82.0
59265,142.9,7.00,22.28,0.1560,6.41,589.0,82.0
59272,144.9,6.90,22.28,0.1537,6.50,589.0,82.0
59279,144.9,6.90,22.28,0.1537,6.50,589.0,82.0
59286,142.9,7.00,22.28,0.1560,6.41,589.0,82.0
59293,142.9,7.00,22.28,0.1560,6.41,589.0,82.0
59300,144.9,6.90,22.28,0.1537,6.50,589.0,82.0
59307,142.9,7.00,22.27,0.1559,6.42,589.0,82.0
59314,144.9,6.90,22.27,0.1537,6.51,589.0,82.0
59321,144.9,6.90,22.27,0.1537,6.51,589.0,82.0
59328,142.9,7.00,22.27,0.1559,6.42,589.0,82.0
59335,144.9,6.90,22.27,0.1536,6.51,589.0,82.0
59342,142.9,7.00,22.27,0.1559,6.42,589.0,82.0
59349,144.9,6.90,22.26,0.1536,6.51,589.0,82.0
59356,142.9,7.00,22.26,0.1558,6.42,589.0,82.0
59363,144.9,6.90,22.26,0.1536,6.51,589.0,82.0
59370,144.9,6.90,22.26,0.1536,6.51,589.0,82.0
59377,142.9,7.00,22.26,0.1558,6.42,589.0,82.0
59384,142.9,7.00,22.25,0.1558,6.42,589.0,82.0
59390,144.9,6.90,22.25,0.1535,6.51,589.0,82.0
59397,144.9,6.90,22.25,0.1535,6.51,589.0,82.0
59404,142.9,7.00,22.25,0.1557,6.42,589.0,82.0
59411,144.9,6.90,22.25,0.1535,6.51,589.0,82.0
59418,144.9,6.90,22.25,0.1535,6.51,589.0,82.0
59425,142.9,7.00,22.25,0.1557,6.42,589.0,82.0
59432,144.9,6.90,22.25,0.1535,6.51,589.0,82.0
59439,142.9,7.00,22.25,0.1557,6.42,589.0,82.0
59446,140.8,7.10,22.25,0.1580,6.33,589.0,82.0
59453,147.1,6.80,22.25,0.1513,6.61,589.0,82.0
59460,142.9,7.00,22.25,0.1557,6.42,589.0,82.0
59467,144.9,6.90,22.25,0.1535,6.51,589.0,82.0
59474,142.9,7.00,22.25,0.1557,6.42,589.0,82.0
59481,147.1,6.80,22.25,0.1513,6.61,589.0,82.0
59488,142.9,7.00,22.25,0.1557,6.42,589.0,82.0
59495,144.9,6.90,22.25,0.1535,6.51,589.0,82.0
59502,142.9,7.00,22.25,0.1557,6.42,589.0,82.0
59508,144.9,6.90,22.25,0.1535,6.51,589.0,82.0
59515,144.9,6.90,22.25,0.1535,6.51,589.0,82.0
59522,140.8,7.10,22.25,0.1580,6.33,589.0,82.0
59529,147.1,6.80,22.25,0.1513,6.61,589.0,82.0
59536,142.9,7.00,22.25,0.1557,6.42,589.0,82.0
59543,144.9,6.90,22.25,0.1535,6.51,589.0,82.0
59550,142.9,7.00,22.25,0.1557,6.42,589.0,82.0
59557,144.9,6.90,22.25,0.1535,6.51,589.0,82.0
59564,142.9,7.00,22.25,0.1557,6.42,589.0,82.0
59571,144.9,6.90,22.25,0.1535,6.51,589.0,82.0
59578,142.9,7.00,22.25,0.1557,6.42,589.0,82.0
59585,144.9,6.90,22.25,0.1535,6.51,589.0,82.0
59592,144.9,6.90,22.25,0.1535,6.51,589.0,82.0
59599,142.9,7.00,22.25,0.1557,6.42,589.0,82.0
59606,142.9,7.00,22.25,0.1557,6.42,589.0,82.0
59613,144.9,6.90,22.25,0.1535,6.51,589.0,82.0
59620,144.9,6.90,22.25,0.1535,6.51,589.0,82.0
59626,144.9,6.90,22.25,0.1535,6.51,589.0,82.0
59633,142.9,7.00,22.25,0.1557,6.42,589.0,82.0
59640,144.9,6.90,22.25,0.1535,6.51,589.0,82.0
59647,142.9,7.00,22.25,0.1557,6.42,589.0,82.0
59654,144.9,6.90,22.25,0.1535,6.51,589.0,82.0
59661,142.9,7.00,22.25,0.1557,6.42,589.0,82.0
59668,142.9,7.00,22.25,0.1557,6.42,589.0,82.0
59675,144.9,6.90,22.25,0.1535,6.51,589.0,82.0
59682,142.9,7.00,22.25,0.1557,6.42,589.0,82.0
59689,144.9,6.90,22.25,0.1535,6.51,589.0,82.0
59696,144.9,6.90,22.25,0.1535,6.51,589.0,82.0
59703,142.9,7.00,22.25,0.1557,6.42,589.0,82.0
59710,144.9,6.90,22.25,0.1535,6.51,589.0,82.0
59717,144.9,6.90,22.25,0.1535,6.51,589.0,82.0
59724,142.9,7.00,22.25,0.1557,6.42,589.0,82.0
59731,142.9,7.00,22.25,0.1557,6.42,589.0,82.0
59738,144.9,6.90,22.25,0.1535,6.51,589.0,82.0
59745,144.9,6.90,22.25,0.1535,6.51,589.0,82.0
59752,142.9,7.00,22.25,0.1557,6.42,589.0,82.0
59758,144.9,6.90,22.25,0.1535,6.51,589.0,82.0
59765,144.9,6.90,22.25,0.1535,6.51,589.0,82.0
59772,142.9,7.00,22.25,0.1557,6.42,589.0,82.0
59779,144.9,6.90,22.24,0.1535,6.51,589.0,82.0
59786,142.9,7.00,22.24,0.1557,6.42,589.0,82.0
59793,144.9,6.90,22.24,0.1535,6.51,589.0,82.0
59800,144.9,6.90,22.24,0.1535,6.51,589.0,82.0
59807,140.8,7.10,22.24,0.1579,6.33,589.0,82.0
59814,144.9,6.90,22.24,0.1535,6.51,589.0,82.0
59821,144.9,6.90,22.24,0.1535,6.51,589.0,82.0
59828,142.9,7.00,22.24,0.1557,6.43,589.0,82.0
59835,144.9,6.90,22.24,0.1535,6.52,589.0,82.0
59842,144.9,6.90,22.24,0.1535,6.52,589.0,82.0
59849,142.9,7.00,22.24,0.1557,6.43,589.0,82.0
59856,142.9,7.00,22.24,0.1557,6.43,589.0,82.0
59863,144.9,6.90,22.24,0.1535,6.52,589.0,82.0
59870,144.9,6.90,22.24,0.1535,6.52,589.0,82.0
59877,142.9,7.00,22.24,0.1557,6.43,589.0,82.0
59884,142.9,7.00,22.24,0.1557,6.43,589.0,82.0
59890,144.9,6.90,22.24,0.1535,6.52,589.0,82.0
59897,144.9,6.90,22.24,0.1535,6.52,589.0,82.0
59904,144.9,6.90,22.24,0.1535,6.52,589.0,82.0
59911,142.9,7.00,22.24,0.1557,6.43,589.0,82.0
59918,144.9,6.90,22.24,0.1535,6.52,589.0,82.0
59925,142.9,7.00,22.24,0.1557,6.43,589.0,82.0
59932,142.9,7.00,22.24,0.1557,6.43,589.0,82.0
59939,144.9,6.90,22.24,0.1535,6.52,589.0,82.0
59946,144.9,6.90,22.24,0.1535,6.52,589.1,82.0
59953,144.9,6.90,22.24,0.1535,6.52,589.3,82.0
59960,142.9,7.00,22.24,0.1557,6.43,589.6,82.0
59967,142.9,7.00,22.24,0.1557,6.43,589.8,82.0
59974,144.9,6.90,22.24,0.1535,6.52,590.1,82.0
59981,144.9,6.90,22.24,0.1535,6.52,590.4,82.0
59988,142.9,7.00,22.24,0.1557,6.43,590.6,82.0
59995,144.9,6.90,22.24,0.1535,6.52,590.9,82.0
60002,142.9,7.00,22.24,0.1557,6.43,591.1,82.0
