timestamp,watts,vram_mb,temp_c
1787276995,14.03,432,63
1787276996,26.90,533,65
1787276997,30.00,532,66
1787276998,38.28,534,69
1787276999,59.36,531,74
1787277000,70.43,527,76
1787277001,70.97,526,77
1787277002,71.10,525,78
1787277003,71.25,522,79
1787277004,71.36,522,79
1787277005,71.55,522,80
1787277006,71.78,522,80
1787277007,71.96,522,80
1787277008,72.21,522,81
1787277009,72.40,522,81
1787277010,72.63,522,82
1787277011,72.59,522,82
1787277012,72.80,522,83
1787277013,73.09,522,83
1787277014,73.24,522,83
1787277015,73.40,522,84
1787277016,73.60,522,84
1787277017,73.86,522,84
1787277018,74.05,522,85
1787277019,74.29,522,85
1787277020,74.54,522,85
1787277021,74.74,522,86
1787277022,74.81,522,86
1787277023,74.74,522,86
1787277024,74.78,522,87
1787277025,74.71,522,87
1787277026,71.70,522,86
1787277027,67.89,522,86
1787277028,68.01,522,86
1787277029,68.07,522,86
1787277030,68.01,522,87
1787277031,68.17,522,87
1787277032,68.07,522,87
1787277033,67.90,522,87
1787277034,63.33,522,86
1787277035,62.48,522,86
1787277036,62.57,522,86
1787277037,62.39,522,86
1787277038,62.14,522,86
1787277039,61.75,522,87
1787277040,61.70,522,87
1787277041,61.79,522,87
1787277042,61.77,522,87
1787277043,60.65,522,86
1787277044,57.46,522,86
1787277045,57.67,522,86
1787277046,57.70,522,86
1787277047,57.33,522,87
1787277048,57.18,522,87
1787277049,57.40,522,87
1787277050,57.20,522,87
1787277051,57.15,522,87
1787277052,56.91,522,87
1787277053,56.52,522,87
1787277054,52.06,522,86
1787277055,52.05,522,86
1787277056,32.22,351,81
1787277057,14.96,342,79
1787277058,14.02,341,78
1787277059,13.66,340,78
1787277060,13.35,340,77
1787277061,10.32,340,76
1787277062,10.08,326,75
1787277064,9.80,325,75
1787277065,13.10,538,76
1787277066,28.30,542,78
1787277067,34.07,538,80
1787277068,46.77,537,84
1787277069,69.24,529,87
1787277070,64.43,529,86
1787277071,62.51,529,87
1787277072,61.13,529,86
1787277073,56.95,529,86
1787277074,56.92,529,87
1787277075,56.96,529,87
1787277076,57.09,529,87
1787277077,57.11,529,87
1787277078,54.21,529,86
1787277079,54.76,529,87
1787277080,52.12,529,86
1787277081,51.16,529,86
1787277082,51.13,529,86
1787277083,51.17,529,86
1787277084,51.28,529,86
1787277085,51.25,529,86
1787277086,51.32,529,87
1787277087,51.46,529,87
1787277088,51.43,529,87
1787277089,51.65,529,87
1787277090,51.69,529,87
1787277091,51.48,529,87
1787277092,46.46,529,86
1787277093,46.96,529,87
1787277094,51.26,529,87
1787277095,47.02,529,86
1787277096,49.28,529,87
1787277097,48.85,529,86
1787277098,44.70,529,86
1787277099,47.57,529,87
1787277100,49.88,529,87
1787277101,45.44,529,86
1787277102,44.12,529,86
1787277103,48.54,529,87
1787277104,47.49,529,86
1787277105,43.44,529,86
1787277106,45.67,529,87
1787277107,48.69,529,87
1787277108,44.60,529,86
1787277109,43.31,529,86
1787277110,43.35,529,86
1787277111,43.42,529,86
1787277112,43.41,529,86
1787277113,43.40,529,86
1787277114,43.32,529,86
1787277115,43.53,529,86
1787277116,43.13,529,86
1787277117,43.39,529,86
1787277118,43.28,529,86
1787277119,43.22,529,86
1787277120,43.32,529,86
1787277121,43.31,529,86
1787277122,43.50,529,86
1787277123,43.37,529,86
1787277124,43.40,529,86
1787277125,42.78,366,85
1787277126,16.61,360,82
1787277127,15.01,351,81
1787277128,13.93,351,80
1787277129,13.71,351,80
1787277130,11.87,350,79
1787277131,10.17,350,78
1787277132,10.06,349,78
1787277133,9.92,361,77
1787277134,13.90,369,79
1787277135,14.69,399,79
1787277136,17.74,826,80
1787277137,21.89,816,80
1787277138,22.12,814,80
1787277139,22.23,811,80
1787277140,22.16,811,80
1787277141,22.13,811,80
1787277142,22.02,811,80
1787277143,21.90,811,80
1787277144,21.90,811,80
1787277145,21.82,811,80
1787277146,21.71,811,80
1787277147,21.58,811,80
1787277148,21.44,811,80
1787277149,21.37,811,80
1787277150,21.33,811,80
1787277151,21.38,811,80
1787277152,21.47,811,80
1787277153,21.47,811,80
1787277154,21.47,811,80
1787277155,21.47,811,80
1787277156,21.40,811,80
1787277157,21.85,811,80
1787277158,21.85,811,80
1787277159,21.67,811,80
1787277160,21.65,811,80
1787277161,21.69,811,80
1787277162,21.54,811,80
1787277163,21.19,811,80
1787277164,21.71,811,80
1787277165,21.72,811,80
1787277166,21.82,811,80
1787277167,22.00,811,80
1787277168,21.76,811,80
1787277169,21.49,811,80
1787277170,21.17,811,80
1787277171,21.17,811,80
1787277172,21.38,811,80
1787277173,21.18,811,80
1787277174,20.09,811,80
1787277175,21.12,811,80
1787277176,20.92,811,80
1787277177,20.96,811,80
1787277178,20.89,811,80
1787277179,20.64,811,80
1787277180,21.07,811,80
1787277181,21.29,811,80
1787277182,21.15,811,80
1787277183,21.40,811,80
1787277184,21.57,811,80
1787277185,21.74,811,80
1787277186,21.60,811,80
1787277187,21.10,811,80
1787277188,21.09,811,80
1787277189,20.90,811,80
1787277190,21.12,811,80
1787277191,20.78,811,80
1787277192,20.92,811,80
1787277193,20.89,811,80
1787277194,20.86,811,80
1787277195,20.81,811,80
1787277196,18.07,361,80
1787277197,14.65,343,79
1787277198,14.39,343,79
1787277199,11.63,343,77
1787277200,10.02,342,77
1787277201,9.99,342,77
1787277202,9.87,341,76
1787277203,9.73,333,76
1787277204,9.89,447,76
1787277205,19.81,454,79
1787277206,31.04,459,81
1787277207,40.32,455,83
1787277208,59.83,447,87
1787277209,58.47,447,87
1787277210,54.85,447,86
1787277211,51.37,447,86
1787277212,51.47,447,87
1787277213,51.48,453,87
1787277214,51.42,447,87
1787277215,47.66,447,86
1787277216,46.77,447,86
1787277217,46.72,447,86
1787277218,46.70,447,87
1787277219,46.69,447,87
1787277220,46.67,447,87
1787277221,46.48,447,87
1787277222,46.63,447,87
1787277223,42.86,447,87
1787277224,44.83,447,87
1787277225,44.91,447,87
1787277226,44.92,447,87
1787277227,42.73,447,86
1787277228,39.89,447,86
1787277229,39.94,447,86
1787277230,39.94,447,86
1787277231,40.51,447,87
1787277233,45.03,447,87
1787277234,41.02,447,86
1787277235,39.11,447,86
1787277236,41.16,447,87
1787277237,40.93,447,86
1787277238,38.88,447,86
1787277239,38.92,447,86
1787277240,38.88,447,86
1787277241,38.75,447,86
1787277242,38.84,447,86
1787277243,38.80,447,86
1787277244,38.81,447,86
1787277245,38.93,447,86
1787277246,38.94,447,86
1787277247,39.04,447,86
1787277248,39.03,447,86
1787277249,38.94,447,86
1787277250,39.06,447,86
1787277251,38.87,447,86
1787277252,38.73,447,86
1787277253,38.97,447,86
1787277254,38.73,447,86
1787277255,38.93,447,87
1787277256,38.73,447,86
1787277257,38.96,447,87
1787277258,38.69,447,87
1787277259,38.88,447,87
1787277260,38.82,447,87
1787277261,38.87,447,87
1787277262,38.87,447,87
1787277263,38.98,447,87
1787277264,38.94,447,87
1787277265,38.89,448,87
1787277266,27.30,454,83
1787277267,15.38,442,83
1787277268,14.45,442,82
1787277269,14.04,442,81
1787277270,10.66,441,80
1787277271,10.41,441,80
1787277272,10.26,440,79
1787277273,10.21,440,79
1787277274,10.45,421,79
1787277275,10.07,433,79
1787277276,10.05,433,79
1787277277,12.40,432,78
1787277278,14.07,1124,80
1787277279,22.99,1108,81
1787277280,24.51,1108,82
1787277281,24.74,1114,82
1787277282,24.88,1114,82
1787277283,24.61,1114,82
1787277284,24.55,1114,82
1787277285,24.51,1114,82
1787277286,24.32,1114,82
1787277287,24.10,1114,82
1787277288,23.72,1114,82
1787277289,23.94,1114,82
1787277290,23.64,1114,82
1787277291,23.62,1114,82
1787277292,23.64,1114,82
1787277293,23.43,1114,82
1787277294,23.49,1114,82
1787277295,23.56,1114,82
1787277296,23.59,1114,82
1787277297,23.45,1114,82
1787277298,23.11,1114,82
1787277299,23.81,1114,82
1787277300,24.08,1114,83
1787277301,23.92,1114,83
1787277302,23.74,1114,83
1787277303,23.86,1114,83
1787277304,23.84,1114,83
1787277305,23.49,1114,83
1787277306,23.12,1114,82
1787277307,23.70,1114,83
1787277308,24.19,1114,83
1787277309,24.42,1114,83
1787277310,24.18,1114,83
1787277311,23.35,1114,83
1787277312,23.40,1114,83
1787277313,23.28,1114,83
1787277314,23.10,1114,83
1787277315,23.19,1114,83
1787277316,23.07,1114,83
1787277317,23.05,1114,83
1787277318,23.02,1114,83
1787277319,22.99,1114,83
1787277320,22.95,1114,83
1787277321,23.00,1114,83
1787277322,23.04,1114,83
1787277323,23.07,1114,83
1787277324,23.16,1114,83
1787277325,23.28,1114,83
1787277326,23.39,1114,83
1787277327,23.52,1114,83
1787277328,23.56,1114,83
1787277329,23.27,1114,83
1787277330,22.94,1114,83
1787277331,22.73,1114,83
1787277332,22.77,1114,83
1787277333,22.79,1114,83
1787277334,22.52,1114,83
1787277335,22.71,1114,83
1787277336,22.65,1114,83
1787277337,22.58,1114,83
1787277338,22.51,1123,83
1787277339,20.27,634,82
1787277340,15.25,347,82
1787277341,13.94,347,81
1787277342,11.02,347,80
1787277343,10.27,346,79
1787277344,10.07,346,79
1787277345,10.12,345,79
1787277346,10.07,345,78
1787277347,18.01,425,81
1787277348,30.59,449,83
1787277349,38.17,449,85
1787277350,52.95,438,87
1787277351,49.57,438,87
1787277352,44.62,434,86
1787277353,43.36,434,86
1787277354,43.32,434,87
1787277355,43.23,434,87
1787277356,43.30,434,87
1787277357,43.30,434,87
1787277358,40.94,434,86
1787277359,37.94,434,86
1787277360,42.27,433,87
1787277361,39.79,433,86
1787277362,37.30,433,86
1787277363,37.20,433,86
1787277364,37.17,433,86
1787277365,39.28,433,87
1787277366,39.87,433,86
1787277367,36.55,433,86
1787277368,36.59,433,86
1787277369,36.73,433,86
1787277370,36.84,433,86
1787277371,36.90,433,86
1787277372,36.91,433,86
1787277373,37.04,433,86
1787277374,37.04,433,86
1787277375,37.14,433,86
1787277376,37.16,433,86
1787277377,37.16,433,86
1787277378,37.09,433,87
1787277379,37.03,433,87
1787277380,37.00,433,87
1787277381,36.91,433,87
1787277382,36.90,433,87
1787277383,36.81,433,87
1787277384,36.77,433,87
1787277385,36.72,433,87
1787277386,36.51,433,87
1787277387,36.43,433,87
1787277388,36.46,433,87
1787277389,36.55,433,87
1787277390,36.53,433,87
1787277391,36.48,433,87
1787277392,36.60,433,87
1787277393,36.59,433,87
1787277394,36.59,433,87
1787277395,36.51,433,87
1787277396,36.56,433,87
1787277397,35.11,433,87
1787277398,34.96,433,87
1787277399,34.89,433,87
1787277400,34.81,433,87
1787277401,34.83,433,87
1787277402,34.82,433,87
1787277403,34.81,433,87
1787277404,34.79,433,87
1787277405,34.77,433,87
1787277406,34.73,433,87
1787277407,34.69,367,87
1787277408,20.85,348,84
1787277409,15.43,349,83
1787277410,14.31,349,83
1787277411,11.41,348,81
1787277412,10.63,348,81
1787277413,10.39,347,81
1787277414,10.36,347,80
1787277415,10.94,466,80
1787277416,11.35,471,80
1787277417,12.37,473,80
1787277418,11.15,456,80
1787277419,10.87,455,80
1787277420,11.88,452,80
1787277422,11.36,452,80
1787277422,11.40,452,79
1787277423,11.45,455,80
1787277424,14.60,1521,80
1787277425,15.88,3117,81
1787277427,16.84,3738,81
1787277428,16.11,3769,81
1787277429,17.74,3813,82
1787277430,31.57,3813,84
1787277431,32.81,3813,84
1787277432,34.66,3807,85
1787277433,42.27,3807,87
1787277434,41.30,3807,86
1787277435,35.81,3807,86
1787277436,32.99,3807,85
1787277437,33.05,3807,86
1787277438,34.34,3807,86
1787277439,36.36,3807,87
1787277440,37.72,3807,87
1787277441,34.56,3807,86
1787277442,32.16,3807,86
1787277443,30.88,3807,86
1787277444,29.93,3813,86
1787277445,31.59,3813,86
1787277446,34.11,3813,87
1787277447,36.85,3813,87
1787277448,34.84,3813,87
1787277449,34.04,3813,87
1787277450,33.52,3813,87
1787277451,32.64,3813,87
1787277452,30.74,3813,86
1787277453,31.62,3813,86
1787277454,31.63,3813,86
1787277455,32.19,3813,87
1787277456,33.21,3813,87
1787277457,33.10,3813,87
1787277458,32.57,3807,87
1787277459,31.89,3807,87
1787277460,31.64,3807,87
1787277461,31.96,3807,87
1787277462,32.41,3807,87
1787277463,33.47,3807,87
1787277464,34.31,3807,87
1787277465,34.48,3807,87
1787277466,33.17,3807,87
1787277467,33.50,3807,87
1787277468,33.92,3807,87
1787277469,32.18,3807,87
1787277470,30.65,3807,87
1787277471,30.33,3807,87
1787277472,29.75,3807,87
1787277473,29.55,3807,87
1787277474,29.05,3807,87
1787277475,28.86,3807,87
1787277476,28.73,3807,86
1787277477,28.68,3807,86
1787277478,28.80,3807,86
1787277479,28.93,3807,86
1787277480,29.11,3807,87
1787277481,29.24,3807,87
1787277482,28.97,3807,86
1787277483,27.80,3807,86
1787277484,27.37,3792,86
1787277485,27.06,3792,86
1787277486,26.86,3792,86
1787277487,26.65,3792,86
1787277488,26.55,3792,86
1787277489,19.09,3838,84
1787277490,17.19,3808,84
1787277491,16.44,3709,84
1787277492,15.65,435,84
1787277493,12.05,435,82
1787277494,10.75,430,82
1787277495,10.61,430,81
1787277496,10.71,430,81
1787277497,10.75,378,81
1787277498,14.66,765,82
1787277499,15.63,1453,82
1787277500,13.86,1996,81
1787277501,17.63,2373,82
1787277502,24.04,2403,84
1787277503,23.40,2627,82
1787277504,15.56,2883,82
1787277505,14.86,3139,81
1787277506,12.27,3423,80
1787277507,11.31,3711,80
1787277508,11.03,3832,80
1787277509,11.45,3832,80
1787277510,14.97,3830,82
1787277511,37.10,3812,85
1787277512,39.38,3804,85
1787277513,36.38,3804,85
1787277514,36.65,3804,85
1787277515,36.68,3804,85
1787277516,36.52,3804,85
1787277517,35.80,3804,85
1787277518,35.57,3804,85
1787277519,36.49,3804,86
1787277520,36.44,3804,85
1787277521,36.66,3804,86
1787277522,36.09,3804,86
1787277523,36.50,3804,86
1787277524,36.67,3804,86
1787277525,36.45,3804,86
1787277526,36.25,3804,86
1787277527,36.41,3804,86
1787277528,36.90,3804,86
1787277529,36.46,3804,86
1787277530,36.74,3804,86
1787277531,37.04,3804,86
1787277532,37.20,3804,86
1787277533,37.77,3804,86
1787277534,37.54,3804,86
1787277535,36.96,3804,86
1787277536,37.76,3804,86
1787277537,36.70,3804,86
1787277538,36.99,3804,86
1787277539,36.11,3804,87
1787277540,36.96,3804,86
1787277541,37.13,3804,86
1787277542,36.39,3804,86
1787277543,36.54,3804,86
1787277544,36.44,3804,86
1787277545,37.18,3804,87
1787277546,36.60,3804,86
1787277547,36.10,3804,87
1787277548,37.03,3804,87
1787277549,36.95,3804,86
1787277550,35.93,3804,87
1787277551,36.63,3804,86
1787277552,36.78,3804,87
1787277553,36.59,3804,87
1787277554,36.82,3804,86
1787277555,36.40,3804,87
1787277556,36.48,3804,87
1787277557,36.43,3804,87
1787277558,37.30,3804,87
1787277559,37.02,3804,87
1787277560,35.23,3828,86
1787277561,20.47,314,84
1787277562,15.63,307,83
1787277563,14.60,307,83
1787277564,12.52,306,81
1787277565,10.72,306,81
1787277566,10.52,302,80
1787277567,10.46,302,80
1787277568,10.52,313,80
1787277569,14.26,346,81
1787277570,18.56,674,82
1787277571,21.85,666,82
1787277572,21.86,665,82
1787277573,21.83,661,82
1787277574,21.92,661,82
1787277575,21.96,661,82
1787277576,21.76,661,82
1787277577,21.73,661,82
1787277578,21.80,661,83
1787277579,21.66,661,82
1787277580,21.52,661,83
1787277581,21.43,661,82
1787277582,21.31,661,83
1787277583,21.20,661,83
1787277584,21.24,661,82
1787277585,21.05,661,82
1787277586,21.08,661,83
1787277587,20.98,661,82
1787277588,21.07,661,82
1787277589,20.73,661,82
1787277590,20.73,661,82
1787277591,21.23,661,83
1787277592,21.57,661,83
1787277593,21.50,661,83
1787277594,21.41,661,83
1787277595,21.47,661,83
1787277596,21.41,661,83
1787277597,21.31,661,83
1787277598,20.65,661,82
1787277599,20.82,661,83
1787277600,21.17,661,83
1787277601,21.42,661,83
1787277602,21.24,661,83
1787277603,20.96,661,83
1787277604,20.08,661,82
1787277605,20.11,661,82
1787277606,20.06,661,82
1787277607,19.84,661,82
1787277608,19.81,661,82
1787277609,19.77,661,82
1787277610,19.81,661,82
1787277611,19.77,661,82
1787277612,19.71,661,82
1787277613,19.73,661,82
1787277614,19.76,661,82
1787277615,19.76,661,82
1787277616,20.05,661,82
1787277617,20.66,661,82
1787277618,20.89,661,82
1787277619,20.93,661,82
1787277620,20.73,661,82
1787277621,20.11,661,82
1787277622,19.60,661,82
1787277623,19.55,661,82
1787277624,19.51,661,82
1787277625,19.49,661,82
1787277626,19.46,661,82
1787277627,19.48,661,82
1787277628,19.50,661,82
1787277629,19.39,661,82
1787277630,17.98,342,82
1787277631,15.11,342,81
1787277632,12.86,330,80
1787277633,10.25,328,80
1787277634,10.11,327,79
1787277635,9.94,327,79
1787277636,9.90,322,79
1787277638,10.10,314,79
1787277639,10.41,407,78
1787277640,11.42,531,79
1787277641,22.48,532,81
1787277642,23.14,522,81
1787277643,23.26,522,81
1787277644,23.38,522,82
1787277645,23.54,522,82
1787277646,23.38,522,82
1787277647,23.28,522,82
1787277648,23.11,522,82
1787277649,22.90,522,82
1787277650,22.72,522,82
1787277651,22.59,522,82
1787277652,22.45,522,82
1787277653,22.32,522,82
1787277654,22.28,522,82
1787277655,22.24,522,82
1787277656,22.32,522,82
1787277657,22.47,522,82
1787277658,22.56,522,82
1787277659,22.43,522,82
1787277660,22.26,522,82
1787277661,22.65,522,82
1787277662,23.02,522,83
1787277663,22.72,522,82
1787277664,22.65,522,83
1787277665,22.61,522,82
1787277666,22.68,522,83
1787277667,22.56,522,83
1787277668,22.19,522,82
1787277669,22.43,522,83
1787277670,22.80,522,83
1787277671,23.04,522,83
1787277672,22.91,522,83
1787277673,22.45,522,83
1787277674,22.48,522,83
1787277675,22.26,522,83
1787277676,22.23,522,83
1787277677,22.25,522,83
1787277678,22.02,522,83
1787277679,22.02,522,83
1787277680,22.11,522,83
1787277681,22.06,522,83
1787277682,22.07,522,83
1787277683,22.15,522,83
1787277684,22.09,522,83
1787277685,22.23,522,83
1787277686,22.33,522,83
1787277687,22.44,522,83
1787277688,22.56,522,83
1787277689,22.73,522,83
1787277690,22.76,522,83
1787277691,22.49,522,83
1787277692,22.12,522,83
1787277693,22.07,522,83
1787277694,21.83,522,83
1787277695,21.34,522,83
1787277696,21.29,522,83
1787277697,21.14,522,83
1787277698,21.55,522,83
1787277699,21.55,522,83
1787277700,21.11,522,83
1787277701,18.47,517,82
1787277702,15.23,351,82
1787277703,14.36,351,82
1787277704,11.10,350,80
1787277705,10.24,350,80
1787277706,10.09,349,80
1787277707,9.98,349,79
1787277708,9.99,341,79
1787277709,11.72,611,80
1787277710,15.75,589,80
1787277711,15.30,565,81
1787277712,14.97,556,80
1787277713,12.31,1456,79
1787277714,20.29,1981,83
1787277715,31.54,1971,83
1787277716,32.05,1971,84
1787277717,32.13,1971,84
1787277718,32.17,1971,84
1787277719,31.47,1971,84
1787277720,30.99,1971,84
1787277721,32.63,1971,85
1787277722,32.54,1971,85
1787277723,31.45,1971,85
1787277724,32.00,1971,85
1787277725,31.14,1971,85
1787277726,30.99,1971,85
1787277727,31.03,1971,85
1787277728,31.31,1971,85
1787277729,31.46,1971,85
1787277730,31.71,1971,85
1787277731,32.20,1971,85
1787277732,32.02,1971,85
1787277733,31.92,1971,85
1787277734,32.72,1971,86
1787277735,33.73,1971,86
1787277736,33.68,1971,86
1787277737,33.39,1971,86
1787277738,32.77,1971,86
1787277739,33.24,1971,86
1787277740,34.09,1971,86
1787277741,34.69,1971,86
1787277742,34.71,1971,86
1787277743,33.34,1971,86
1787277744,32.19,1971,86
1787277745,32.03,1971,86
1787277746,32.37,1971,86
1787277747,32.74,1971,86
1787277748,33.50,1971,87
1787277749,33.15,1971,87
1787277750,31.72,1971,86
1787277751,32.83,1971,87
1787277752,34.56,1971,87
1787277753,34.67,1971,87
1787277754,34.15,1971,87
1787277755,33.71,1971,87
1787277756,33.11,1971,87
1787277757,32.11,1971,87
1787277758,31.67,1971,87
1787277759,31.78,1971,87
1787277760,31.82,1971,87
1787277761,31.80,1971,87
1787277762,31.84,1971,87
1787277763,32.12,1971,87
1787277764,32.61,1971,87
1787277765,32.98,1971,87
1787277766,33.00,1971,87
1787277767,32.38,1971,87
1787277768,31.04,1971,87
1787277769,30.49,1971,87
1787277770,30.26,1971,87
1787277771,30.06,1971,87
1787277772,29.91,1971,87
1787277773,27.29,336,86
1787277774,15.36,337,84
1787277775,14.29,324,84
1787277776,12.96,323,83
1787277777,10.51,322,82
1787277778,10.42,321,82
1787277779,10.25,321,82
1787277780,10.20,312,81
1787277781,10.26,459,81
1787277782,14.32,719,82
1787277783,20.02,817,84
1787277784,28.07,816,85
1787277785,28.19,813,85
1787277786,27.40,810,85
1787277787,27.94,808,85
1787277788,28.23,808,85
1787277789,27.30,808,85
1787277790,27.33,808,85
1787277791,27.91,808,85
1787277792,27.68,808,85
1787277793,27.41,808,85
1787277794,26.48,808,85
1787277795,26.23,808,85
1787277796,26.32,808,85
1787277797,26.24,808,85
1787277798,26.33,808,85
1787277799,26.42,808,85
1787277800,26.64,808,85
1787277801,26.64,808,85
1787277802,26.39,808,85
1787277803,26.77,808,85
1787277804,27.32,808,85
1787277805,27.54,808,86
1787277806,27.38,808,86
1787277807,27.04,808,86
1787277808,27.13,808,86
1787277809,27.58,808,86
1787277810,28.25,808,86
1787277811,28.74,808,86
1787277812,28.33,808,86
1787277813,27.20,808,86
1787277814,26.85,808,86
1787277815,26.95,808,86
1787277816,27.17,808,86
1787277817,27.51,808,86
1787277818,27.55,808,86
1787277819,26.64,808,86
1787277820,26.63,808,86
1787277821,27.86,808,86
1787277822,28.47,808,86
1787277823,28.31,808,86
1787277824,27.77,808,86
1787277825,27.58,808,86
1787277826,26.96,808,86
1787277827,26.62,808,86
1787277828,26.59,808,86
1787277829,26.55,808,86
1787277830,26.47,808,86
1787277831,26.54,808,86
1787277832,26.71,808,86
1787277833,27.01,808,86
1787277834,27.34,808,86
1787277835,27.54,808,86
1787277836,27.20,808,86
1787277837,26.25,808,86
1787277838,25.81,808,86
1787277839,25.56,808,86
1787277840,25.33,808,86
1787277841,25.22,808,86
1787277842,25.07,889,86
1787277843,18.53,334,84
1787277844,15.30,316,84
1787277845,13.65,316,83
1787277846,10.44,315,82
1787277847,10.39,314,82
1787277848,10.27,314,81
1787277849,10.25,314,81
1787277850,10.16,305,81
1787277851,12.01,498,82
1787277852,16.54,498,82
1787277853,15.86,492,82
1787277854,11.31,492,81
1787277855,12.16,489,82
1787277856,15.33,485,82
1787277857,14.31,483,81
1787277858,11.67,556,81
1787277859,13.82,2290,81
1787277860,16.66,3708,82
1787277861,15.59,3746,82
1787277862,13.51,3751,81
1787277863,12.02,3753,81
1787277864,11.99,3765,80
1787277865,11.02,3783,80
1787277866,11.25,3789,80
1787277867,16.46,3789,82
1787277868,18.05,3789,82
1787277869,18.19,3789,82
1787277870,18.29,3789,82
1787277871,18.39,3789,82
1787277872,18.32,3789,82
1787277873,18.27,3789,82
1787277874,18.27,3789,82
1787277875,18.20,3789,82
1787277876,17.98,3789,82
1787277877,17.97,3789,82
1787277878,18.23,3789,82
1787277879,18.23,3789,82
1787277880,17.97,3789,82
1787277881,18.05,3789,82
1787277882,18.17,3789,82
1787277883,18.03,3789,81
1787277884,18.09,3789,82
1787277885,18.17,3789,82
1787277886,17.96,3789,81
1787277887,18.29,3789,81
1787277888,18.63,3789,82
1787277889,18.53,3789,81
1787277890,18.42,3789,81
1787277891,18.28,3789,81
1787277892,18.26,3789,81
1787277893,18.32,3789,81
1787277894,18.23,3789,81
1787277895,18.29,3789,81
1787277896,18.23,3789,81
1787277897,18.07,3789,81
1787277898,18.20,3789,81
1787277899,18.36,3789,81
1787277900,18.46,3789,81
1787277901,18.52,3789,81
1787277902,20.12,3772,82
1787277903,34.07,3772,85
1787277904,41.58,3772,85
1787277905,41.19,3739,86
1787277906,37.62,3757,86
1787277907,42.60,3757,86
1787277908,34.42,3757,85
1787277909,33.25,3757,85
1787277910,33.02,3757,85
1787277911,31.75,3757,85
1787277912,32.25,3757,85
1787277913,33.06,3757,85
1787277914,32.29,3757,85
1787277915,30.28,3757,85
1787277916,29.86,3757,85
1787277917,30.09,3761,85
1787277918,29.66,3761,85
1787277919,29.63,3761,85
1787277921,20.01,1314,83
1787277922,15.29,266,82
1787277923,14.35,266,82
1787277924,11.73,259,81
1787277925,10.29,259,80
1787277926,10.13,258,80
1787277927,10.11,258,80
1787277928,10.16,249,79
1787277929,10.73,389,80
1787277930,11.15,415,80
1787277931,11.32,421,79
1787277932,11.48,416,79
1787277933,10.86,651,79
1787277934,21.44,1608,83
1787277935,34.28,1608,84
1787277936,33.27,1608,84
1787277937,33.79,1608,84
1787277938,33.84,1608,85
1787277939,34.26,1608,85
1787277940,34.73,1608,85
1787277941,34.54,1608,85
1787277942,33.57,1608,85
1787277943,33.31,1608,85
1787277944,32.90,1608,85
1787277945,32.37,1608,85
1787277946,31.93,1608,85
1787277947,31.19,1608,85
1787277948,30.76,1608,85
1787277949,30.82,1608,85
1787277950,30.98,1608,86
1787277951,30.45,1608,86
1787277952,31.17,1608,86
1787277953,31.10,1608,86
1787277954,30.80,1608,86
1787277955,31.48,1608,86
1787277956,31.72,1608,86
1787277957,31.58,1608,86
1787277958,31.69,1608,86
1787277959,31.09,1608,86
1787277960,30.93,1608,86
1787277961,31.50,1608,87
1787277962,32.45,1608,87
1787277963,32.56,1608,87
1787277964,31.76,1608,87
1787277965,30.49,1608,86
1787277966,30.28,1608,86
1787277967,30.49,1608,86
1787277968,30.71,1608,87
1787277969,31.44,1608,87
1787277970,32.21,1608,87
1787277971,31.66,1608,87
1787277972,31.63,1608,87
1787277973,32.32,1608,87
1787277974,32.60,1608,87
1787277975,31.08,1608,87
1787277976,29.60,1608,87
1787277977,29.38,1608,87
1787277978,29.15,1608,87
1787277979,28.89,1608,87
1787277980,28.44,1608,87
1787277981,28.36,1608,87
1787277982,28.45,1608,87
1787277983,28.41,1608,87
1787277984,28.55,1608,87
1787277985,28.68,1608,87
1787277986,28.71,1608,87
1787277987,28.55,1608,87
1787277988,28.27,1608,87
1787277989,27.54,1608,87
1787277990,27.34,1608,86
1787277991,26.98,1608,87
1787277992,26.81,1608,86
1787277993,26.68,1608,86
1787277994,26.65,1696,86
1787277995,18.68,1697,85
1787277996,14.46,427,84
1787277997,12.40,427,83
1787277998,10.50,427,82
1787277999,10.35,426,82
1787278000,10.24,426,82
1787278001,10.19,426,81
1787278002,10.19,425,81
1787278003,10.75,346,81
1787278004,10.14,358,81
1787278005,11.98,630,81
1787278006,22.81,618,83
1787278007,24.27,611,84
1787278008,24.26,609,84
1787278009,24.39,608,84
1787278010,24.30,608,84
1787278011,24.15,608,84
1787278012,24.18,608,84
1787278013,24.05,608,84
1787278014,23.81,608,84
1787278015,23.60,608,84
1787278016,23.50,608,84
1787278017,23.53,608,84
1787278018,23.38,608,84
1787278019,23.22,608,84
1787278020,23.22,608,84
1787278021,23.31,608,84
1787278022,23.44,608,84
1787278023,23.43,608,84
1787278024,23.22,608,84
1787278025,23.08,608,84
1787278026,23.58,608,84
1787278027,24.07,608,85
1787278028,23.64,608,84
1787278029,23.46,608,84
1787278030,23.48,608,85
1787278031,23.48,608,84
1787278032,23.33,608,84
1787278033,22.83,608,84
1787278034,23.26,608,85
1787278035,23.81,608,85
1787278036,24.13,608,85
1787278037,23.90,608,85
1787278038,23.42,608,85
1787278039,23.38,608,85
1787278040,23.13,608,85
1787278041,23.03,608,85
1787278042,22.97,608,85
1787278043,22.75,608,85
1787278044,22.67,608,85
1787278045,22.69,608,85
1787278046,22.68,608,85
1787278047,22.76,608,85
1787278048,22.80,608,85
1787278049,22.82,608,85
1787278050,22.92,608,85
1787278051,22.96,608,85
1787278052,23.09,608,85
1787278053,23.33,608,85
1787278054,23.41,608,85
1787278055,23.24,608,85
1787278056,22.82,608,85
1787278057,22.64,608,85
1787278058,22.67,608,85
1787278059,22.61,608,85
1787278060,22.34,608,84
1787278061,22.30,608,85
1787278062,22.57,608,85
1787278063,22.29,608,85
1787278064,22.33,608,85
1787278065,21.94,631,84
1787278066,15.37,308,84
1787278067,14.75,302,83
1787278068,13.65,302,82
1787278069,10.29,302,82
1787278070,10.36,301,81
1787278071,10.10,301,81
1787278072,10.04,300,81
1787278073,10.11,444,81
1787278074,19.36,481,84
1787278075,30.69,482,85
1787278076,39.60,477,87
1787278077,42.42,470,87
1787278078,38.14,465,87
1787278079,38.00,459,87
1787278080,38.19,450,87
1787278081,38.15,434,87
1787278082,38.22,423,87
1787278083,36.64,409,86
1787278084,34.28,400,86
1787278085,34.31,395,86
1787278086,34.28,388,86
1787278087,34.24,375,86
1787278088,34.21,371,86
1787278089,34.17,371,86
1787278090,34.26,371,86
1787278091,34.42,371,86
1787278092,34.41,371,87
1787278093,34.45,371,87
1787278094,34.41,371,87
1787278095,34.44,371,87
1787278096,34.48,371,87
1787278097,34.49,371,87
1787278098,34.57,371,87
1787278099,34.43,371,87
1787278100,34.54,371,87
1787278101,34.44,371,87
1787278102,34.51,371,87
1787278103,34.48,371,87
1787278104,34.58,371,87
1787278105,34.55,371,87
1787278106,34.57,371,87
1787278107,34.53,371,87
1787278108,34.44,371,87
1787278109,34.24,371,87
1787278110,34.23,371,87
1787278111,34.06,371,87
1787278112,34.06,371,87
1787278113,33.86,371,87
1787278114,33.83,371,87
1787278115,33.61,371,87
1787278116,33.64,371,87
1787278117,33.78,371,87
1787278118,33.93,371,87
1787278119,33.96,371,87
1787278120,34.04,371,87
1787278121,34.19,371,87
1787278122,34.26,371,87
1787278123,34.24,371,87
1787278124,34.26,371,87
1787278125,34.22,371,87
1787278126,34.20,371,87
1787278127,34.17,371,87
1787278128,34.04,371,87
1787278129,33.89,371,87
1787278130,33.76,371,87
1787278131,33.83,371,87
1787278132,33.71,371,87
1787278133,33.87,371,87
1787278134,33.97,375,87
1787278135,19.80,366,84
1787278136,15.37,366,84
1787278137,14.15,366,83
1787278138,12.48,365,82
1787278139,10.48,364,81
1787278140,10.42,364,81
1787278141,10.26,355,81
1787278143,10.21,407,81
1787278144,13.53,451,82
1787278145,15.89,554,82
1787278146,15.31,1194,81
1787278147,30.38,1194,85
1787278148,31.98,1187,85
1787278149,32.32,1185,85
1787278150,31.83,1185,85
1787278151,32.04,1185,85
1787278152,30.82,1185,85
1787278153,30.52,1185,85
1787278154,31.37,1185,86
1787278155,31.48,1185,86
1787278156,30.59,1185,86
1787278157,30.96,1185,86
1787278158,30.40,1185,86
1787278159,30.39,1185,86
1787278160,30.68,1185,86
1787278161,30.86,1185,86
1787278162,30.99,1185,86
1787278163,31.50,1185,86
1787278164,31.68,1185,86
1787278165,31.37,1185,86
1787278166,31.94,1185,87
1787278167,32.92,1185,87
1787278168,33.12,1185,87
1787278169,33.15,1185,87
1787278170,32.64,1185,87
1787278171,32.63,1185,87
1787278172,33.35,1185,87
1787278173,34.11,1185,87
1787278174,34.41,1185,88
1787278175,33.82,1185,87
1787278176,32.44,1185,87
1787278177,31.77,1185,87
1787278178,31.88,1185,87
1787278179,32.28,1185,87
1787278180,32.79,1185,87
1787278181,33.02,1185,88
1787278182,31.92,1185,87
1787278183,31.60,1185,88
1787278184,33.73,1185,88
1787278185,34.39,1185,88
1787278186,34.21,1185,88
1787278187,33.45,1185,88
1787278188,33.03,1185,88
1787278189,32.20,1185,88
1787278190,31.48,1185,88
1787278191,31.50,1185,88
1787278192,31.41,1185,88
1787278193,31.50,1185,88
1787278194,31.58,1185,88
1787278195,31.85,1185,88
1787278196,32.29,1185,88
1787278197,32.77,1185,88
1787278198,32.98,1185,88
1787278199,32.70,1185,88
1787278200,31.39,1185,88
1787278201,30.65,1185,88
1787278202,30.31,1185,88
1787278203,30.04,1185,88
1787278204,29.96,1185,88
1787278205,29.77,1185,88
1787278206,20.95,290,86
1787278207,15.68,278,85
1787278208,14.74,276,85
1787278209,11.42,271,83
1787278210,10.66,270,83
1787278211,10.53,270,83
1787278212,10.49,269,82
1787278213,10.39,261,82
1787278214,12.03,653,83
1787278215,24.52,673,85
1787278216,33.53,669,86
1787278217,38.15,667,87
1787278218,34.36,666,87
1787278219,34.32,666,87
1787278220,34.24,664,87
1787278221,34.34,660,87
1787278222,34.22,660,87
1787278223,34.16,660,87
1787278224,34.24,660,87
1787278225,34.25,660,87
1787278226,34.22,660,87
1787278227,34.04,660,87
1787278228,34.17,660,87
1787278229,34.27,660,87
1787278230,34.16,660,87
1787278231,34.12,660,87
1787278232,34.34,660,87
1787278233,34.29,660,87
1787278234,34.37,660,87
1787278235,34.35,660,87
1787278236,34.35,660,87
1787278237,34.37,660,87
1787278238,34.38,660,87
1787278239,34.42,660,87
1787278240,34.32,660,87
1787278241,34.40,660,87
1787278242,34.34,660,87
1787278243,34.36,660,86
1787278244,34.28,660,86
1787278245,34.26,660,86
1787278246,34.35,660,86
1787278247,34.31,660,86
1787278248,34.31,660,86
1787278249,34.25,660,86
1787278250,34.30,660,87
1787278251,34.34,660,86
1787278252,34.48,660,87
1787278253,34.51,660,86
1787278254,34.53,660,86
1787278255,34.48,660,86
1787278256,34.44,660,86
1787278257,34.53,660,86
1787278258,34.48,660,86
1787278259,34.46,660,86
1787278260,34.45,660,87
1787278261,34.44,660,86
1787278262,34.49,660,87
1787278263,34.47,660,86
1787278264,34.54,660,86
1787278265,34.56,660,86
1787278266,34.49,660,86
1787278267,34.42,660,86
1787278268,34.28,660,86
1787278269,34.09,660,86
1787278270,34.13,660,86
1787278271,34.16,660,86
1787278272,34.17,660,86
1787278273,34.13,660,86
1787278274,34.23,665,86
1787278275,23.55,295,84
1787278276,15.26,275,83
1787278277,14.37,275,83
1787278278,13.45,275,82
1787278279,10.43,274,81
1787278280,10.23,273,81
1787278281,10.11,273,80
1787278282,10.06,272,80
1787278283,15.30,388,83
1787278284,30.83,390,84
1787278285,38.72,379,87
1787278286,44.80,376,87
1787278287,41.15,373,87
1787278288,40.78,373,87
1787278289,36.43,373,86
1787278290,36.33,373,86
1787278291,36.38,373,87
1787278292,36.35,373,87
1787278293,36.36,373,87
1787278294,36.53,373,87
1787278295,36.67,373,87
1787278296,37.04,373,87
1787278297,37.17,373,87
1787278298,37.52,373,87
1787278299,37.66,373,88
1787278300,37.83,373,88
1787278301,38.04,373,88
1787278302,38.22,373,88
1787278303,38.38,373,88
1787278304,38.53,373,88
1787278305,38.72,373,88
1787278306,38.85,373,88
1787278307,39.01,373,89
1787278308,39.21,373,89
1787278309,39.38,373,89
1787278310,39.35,373,89
1787278311,39.28,373,89
1787278312,37.60,373,88
1787278313,35.17,373,89
1787278314,38.58,373,89
1787278315,36.61,373,88
1787278316,33.49,373,88
1787278317,37.34,373,89
1787278318,37.66,373,88
1787278319,33.26,379,88
1787278320,37.10,373,89
1787278321,38.13,373,89
1787278322,33.45,373,88
1787278323,32.21,373,88
1787278324,33.89,373,89
1787278326,37.45,373,89
1787278327,32.10,373,88
1787278328,32.64,373,89
1787278329,36.54,373,89
1787278330,34.58,373,88
1787278331,31.74,373,88
1787278332,35.20,373,89
1787278333,37.18,373,89
1787278334,31.71,373,88
1787278335,33.43,373,89
1787278336,36.15,373,89
1787278337,31.08,373,88
1787278338,31.57,373,88
1787278339,35.05,373,89
1787278340,34.40,373,88
1787278341,30.58,373,88
1787278342,33.29,373,89
1787278343,36.48,373,89
1787278344,27.28,380,86
1787278345,15.86,380,86
1787278346,15.42,380,85
1787278347,14.42,378,85
1787278348,11.85,377,83
1787278349,10.65,377,83
1787278350,10.56,372,83
1787278351,10.61,372,82
1787278352,10.99,345,83
1787278353,10.50,353,82
1787278354,10.33,353,82
1787278355,10.32,353,82
1787278356,10.26,352,81
1787278357,10.25,352,81
1787278358,10.02,352,81
1787278359,9.98,352,81
1787278360,10.31,352,81
1787278361,12.33,1678,82
1787278362,18.66,2765,84
1787278363,25.12,2765,84
1787278364,25.18,2765,84
1787278365,25.18,2765,85
1787278366,25.34,2765,85
1787278367,25.27,2765,85
1787278368,25.15,2765,85
1787278369,25.10,2765,85
1787278370,24.96,2765,85
1787278371,24.63,2765,85
1787278372,24.41,2765,85
1787278373,24.37,2765,85
1787278374,24.33,2765,85
1787278375,24.32,2765,85
1787278376,24.26,2765,85
1787278377,24.25,2765,85
1787278378,24.22,2765,85
1787278379,24.33,2765,85
1787278380,24.21,2765,85
1787278381,23.93,2765,85
1787278382,23.36,2765,85
1787278383,19.86,2765,85
1787278384,24.72,2765,85
1787278385,24.34,2765,85
1787278386,24.40,2765,85
1787278387,24.49,2765,85
1787278388,24.48,2765,85
1787278389,24.13,2765,85
1787278390,23.83,2765,85
1787278391,24.59,2765,85
1787278392,24.90,2765,86
1787278393,24.99,2765,86
1787278394,24.38,2765,85
1787278395,24.06,2765,85
1787278396,23.97,2765,85
1787278397,23.73,2765,85
1787278398,23.76,2765,85
1787278399,23.71,2765,85
1787278400,23.56,2765,85
1787278401,23.55,2765,85
1787278402,23.53,2765,85
1787278403,23.50,2765,85
1787278404,23.43,2765,85
1787278405,23.51,2765,85
1787278406,23.57,2765,85
1787278407,23.74,2765,85
1787278408,23.73,2765,85
1787278409,23.92,2765,85
1787278410,24.17,2765,85
1787278411,24.40,2765,86
1787278412,24.34,2765,85
1787278413,23.53,2765,85
1787278414,23.05,2765,85
1787278415,23.07,2765,85
1787278416,23.18,2765,85
1787278417,23.12,2765,85
1787278418,23.13,2765,85
1787278419,23.18,2765,85
1787278420,23.19,2765,85
1787278421,23.12,2765,85
1787278422,23.17,2779,85
1787278423,17.27,2773,84
1787278424,15.34,321,84
1787278425,14.24,321,84
1787278426,11.62,321,82
1787278427,10.49,320,82
1787278428,10.32,320,82
1787278429,10.26,319,81
1787278430,10.32,392,81
1787278431,13.45,649,82
1787278432,20.49,864,83
1787278433,28.66,866,86
1787278434,46.35,855,88
1787278435,50.32,851,89
1787278436,46.96,849,89
1787278437,45.68,849,89
1787278438,44.05,845,88
1787278439,39.90,845,88
1787278440,39.94,845,88
1787278441,39.90,845,88
1787278442,39.92,845,88
1787278443,39.84,845,88
1787278444,39.78,845,88
1787278445,39.80,845,88
1787278446,39.65,845,88
1787278447,39.60,845,88
1787278448,39.53,845,89
1787278449,39.40,845,89
1787278450,39.45,845,89
1787278451,39.38,845,89
1787278452,39.35,845,89
1787278453,39.31,845,89
1787278454,39.21,845,89
1787278455,39.21,845,89
1787278456,39.20,845,89
1787278457,39.22,845,89
1787278458,39.22,845,89
1787278459,39.22,845,89
1787278460,39.27,845,89
1787278461,36.84,845,88
1787278462,33.41,845,88
1787278463,36.67,845,89
1787278464,39.34,845,89
1787278465,39.34,845,89
1787278466,36.54,845,88
1787278467,33.72,845,88
1787278468,36.27,845,89
1787278469,39.28,845,89
1787278470,34.49,845,88
1787278471,34.26,845,88
1787278472,34.30,845,88
1787278473,34.34,845,88
1787278474,34.22,845,88
1787278475,39.08,845,89
1787278476,37.36,845,88
1787278477,34.14,845,88
1787278478,34.12,845,88
1787278479,34.15,845,88
1787278480,34.10,845,88
1787278481,34.22,845,88
1787278482,34.15,845,88
1787278483,34.25,845,88
1787278484,34.24,845,88
1787278485,34.26,845,88
1787278486,34.38,845,88
1787278487,34.38,845,88
1787278488,34.45,845,88
1787278489,34.46,845,88
1787278490,34.55,845,88
1787278491,32.91,299,87
1787278492,15.98,299,85
1787278493,15.29,293,85
1787278494,13.25,292,83
1787278495,10.63,291,83
1787278496,10.62,290,83
1787278497,10.28,290,82
1787278498,10.24,281,82
1787278499,10.40,369,82
1787278500,14.61,425,85
1787278501,31.17,428,84
1787278502,22.65,404,85
1787278503,28.77,392,85
1787278504,28.77,386,85
1787278505,29.00,379,85
1787278506,28.66,379,86
1787278507,28.54,375,86
1787278508,28.73,375,85
1787278509,28.55,375,86
1787278510,28.35,375,86
1787278511,28.14,375,86
1787278512,28.78,375,86
1787278513,28.78,375,86
1787278514,28.21,375,86
1787278515,28.88,375,86
1787278516,28.79,375,86
1787278517,29.08,375,86
1787278518,29.01,375,86
1787278519,28.92,375,86
1787278520,28.99,375,86
1787278521,29.05,375,86
1787278522,29.34,375,86
1787278523,29.48,375,86
1787278524,29.15,375,86
1787278525,28.97,375,86
1787278526,28.69,375,86
1787278527,29.18,375,86
1787278528,29.05,375,86
1787278529,29.51,375,86
1787278530,28.77,375,86
1787278531,29.13,375,86
1787278532,29.09,375,86
1787278533,29.03,375,86
1787278534,29.87,375,86
1787278535,29.70,375,86
1787278536,29.48,375,86
1787278537,28.77,375,86
1787278538,29.03,375,86
1787278539,28.75,375,86
1787278540,29.03,375,86
1787278541,28.95,375,86
1787278542,28.87,375,86
1787278543,28.51,375,86
1787278544,28.70,375,86
1787278545,29.17,375,86
1787278546,29.37,375,86
1787278547,28.63,375,86
1787278548,28.89,375,86
1787278549,29.28,375,86
1787278550,28.38,375,86
1787278551,28.91,375,86
1787278552,29.31,375,86
1787278553,29.36,375,86
1787278554,28.58,375,86
1787278555,29.46,375,86
1787278556,29.41,375,86
1787278557,29.23,375,86
1787278558,28.77,375,86
1787278559,28.52,375,86
1787278560,28.83,375,86
1787278561,25.87,387,85
1787278562,15.41,383,84
1787278563,14.92,383,84
1787278564,11.81,382,82
1787278565,10.38,382,82
1787278567,10.26,381,81
1787278568,10.31,381,81
1787278569,10.36,372,81
1787278570,10.46,327,81
1787278571,14.55,337,82
1787278572,15.04,302,82
1787278573,13.74,302,81
1787278574,9.88,302,81
1787278575,10.16,305,80
1787278576,10.10,305,80
1787278577,10.16,481,80
1787278578,11.40,2374,81
1787278579,20.90,2368,83
1787278580,24.85,2368,83
1787278581,24.33,2352,84
1787278582,24.72,2352,84
1787278583,24.78,2352,84
1787278584,24.66,2352,84
1787278585,24.81,2352,84
1787278586,24.64,2352,84
1787278587,24.49,2352,84
1787278588,24.34,2352,84
1787278589,24.38,2352,84
1787278590,24.27,2352,84
1787278591,24.06,2352,84
1787278592,24.05,2352,84
1787278593,23.98,2352,84
1787278594,24.07,2352,84
1787278595,24.29,2352,84
1787278596,24.47,2352,84
1787278597,24.41,2352,84
1787278598,24.49,2352,84
1787278599,25.05,2352,85
1787278600,21.62,2352,83
1787278601,23.22,2352,84
1787278602,25.14,2352,85
1787278603,25.18,2352,85
1787278604,25.23,2352,85
1787278605,24.79,2352,85
1787278606,24.26,2352,85
1787278607,25.07,2352,85
1787278608,25.58,2352,85
1787278609,26.36,2352,85
1787278610,26.26,2352,85
1787278611,25.58,2352,85
1787278612,25.39,2352,85
1787278613,24.91,2352,85
1787278614,24.87,2352,85
1787278615,24.86,2352,85
1787278616,24.78,2352,85
1787278617,24.82,2352,85
1787278618,24.77,2352,85
1787278619,24.74,2352,85
1787278620,24.81,2352,85
1787278621,24.84,2352,85
1787278622,24.85,2352,85
1787278623,25.07,2352,85
1787278624,25.25,2352,85
1787278625,25.65,2352,85
1787278626,26.25,2352,85
1787278627,26.89,2352,85
1787278628,26.93,2352,85
1787278629,25.68,2352,85
1787278630,25.05,2352,85
1787278631,24.83,2352,85
1787278632,24.88,2352,85
1787278633,24.69,2352,85
1787278634,24.77,2352,85
1787278635,24.73,2352,85
1787278636,24.64,2352,85
1787278637,24.64,2352,85
1787278638,24.56,303,85
1787278639,18.58,283,84
1787278640,15.39,266,84
1787278641,14.34,266,83
1787278642,13.99,266,83
1787278643,11.69,264,82
1787278644,10.34,264,81
1787278645,10.26,263,81
1787278646,10.13,274,81
1787278647,11.42,420,81
1787278648,17.06,424,83
1787278649,26.61,425,84
1787278650,26.98,422,84
1787278651,26.98,422,84
1787278652,27.27,417,85
1787278653,27.51,417,85
1787278654,27.63,417,85
1787278655,27.46,417,85
1787278656,27.07,422,85
1787278657,26.77,415,85
1787278658,26.60,415,85
1787278659,26.34,415,85
1787278660,25.71,415,85
1787278661,25.95,415,85
1787278662,25.97,415,85
1787278663,25.72,415,85
1787278664,25.24,415,85
1787278665,25.32,415,85
1787278666,25.57,415,85
1787278667,25.68,415,85
1787278668,25.67,415,85
1787278669,25.76,415,85
1787278670,25.60,415,85
1787278671,25.24,415,85
1787278672,25.18,415,85
1787278673,24.91,415,85
1787278674,24.86,415,85
1787278675,25.62,415,85
1787278676,26.34,415,85
1787278677,26.61,416,86
1787278678,26.21,416,85
1787278679,25.65,416,85
1787278680,25.51,416,85
1787278681,25.58,416,85
1787278682,25.62,416,86
1787278683,25.68,416,85
1787278684,25.04,416,85
1787278685,24.42,416,85
1787278686,25.71,416,86
1787278687,26.60,416,86
1787278688,26.08,416,85
1787278689,22.90,416,85
1787278690,22.34,416,85
1787278691,22.10,416,85
1787278692,22.12,416,85
1787278693,21.64,416,85
1787278694,21.46,416,85
1787278695,21.42,416,85
1787278696,21.40,416,85
1787278697,21.38,416,85
1787278698,21.57,416,85
1787278699,21.78,416,85
1787278700,21.84,416,85
1787278701,22.11,416,85
1787278702,21.54,416,85
1787278703,20.85,416,85
1787278704,20.88,416,84
1787278705,20.67,416,84
1787278706,20.58,416,84
1787278707,20.50,416,84
1787278708,18.85,452,84
1787278709,14.32,324,83
1787278710,10.92,325,82
1787278711,10.55,324,82
1787278712,10.30,323,81
1787278713,10.30,323,81
1787278714,10.24,322,81
1787278715,10.23,322,80
1787278716,10.69,389,81
1787278717,14.88,901,82
1787278718,20.35,1231,83
1787278719,17.63,1539,82
1787278720,15.24,1931,82
1787278721,23.94,1977,85
1787278722,43.90,1965,87
1787278723,40.44,1964,86
1787278724,38.78,1959,87
1787278725,42.15,1959,87
1787278726,41.15,1959,87
1787278727,40.31,1959,87
1787278728,39.96,1959,87
1787278729,40.73,1959,87
1787278730,40.31,1959,88
1787278731,41.10,1959,88
1787278732,40.39,1959,88
1787278733,41.02,1959,88
1787278734,40.57,1959,88
1787278735,41.02,1959,88
1787278736,40.55,1959,88
1787278737,41.70,1959,88
1787278738,39.83,1959,88
1787278739,40.95,1959,88
1787278740,41.35,1959,88
1787278741,41.89,1959,89
1787278742,41.18,1959,88
1787278743,42.76,1959,89
1787278744,40.66,1959,88
1787278745,38.93,1959,88
1787278746,40.00,1959,88
1787278747,39.87,1959,88
1787278748,39.92,1959,88
1787278749,39.98,1959,88
1787278750,39.93,1959,88
1787278751,39.95,1959,89
1787278752,40.01,1959,88
1787278754,39.89,1959,88
1787278755,39.95,1959,89
1787278756,39.95,1959,89
1787278757,39.99,1959,88
1787278758,39.98,1959,89
1787278759,40.05,1959,89
1787278760,40.06,1959,89
1787278761,39.96,1959,89
1787278762,40.07,1959,89
1787278763,40.00,1959,89
1787278764,39.97,1959,89
1787278765,40.01,1959,89
1787278766,40.02,1959,89
1787278767,40.07,1959,89
1787278768,40.10,1959,89
1787278769,40.13,1959,89
1787278770,40.17,1959,89
1787278771,36.70,1959,88
1787278772,35.88,1959,88
1787278773,35.85,1959,88
1787278774,35.89,1959,88
1787278775,35.95,1959,88
1787278776,35.96,1959,88
1787278777,35.97,1959,88
1787278778,36.01,1959,88
1787278779,30.01,280,86
1787278780,15.75,259,85
1787278781,14.56,259,84
1787278782,12.07,258,83
1787278783,10.72,258,82
1787278784,10.41,257,82
1787278785,10.26,257,82
1787278786,10.19,249,81
1787278787,12.94,410,82
1787278788,27.64,402,85
1787278789,30.47,386,85
1787278790,30.42,386,86
1787278791,30.17,382,86
1787278792,30.27,376,86
1787278793,30.34,376,86
1787278794,30.26,376,86
1787278795,30.16,376,86
1787278796,30.33,376,86
1787278797,30.37,376,86
1787278798,30.49,376,86
1787278799,29.38,376,86
1787278800,30.54,376,86
1787278801,30.48,376,86
1787278802,30.18,376,86
1787278803,30.44,376,86
1787278804,30.36,376,86
1787278805,30.53,376,86
1787278806,30.45,376,86
1787278807,31.22,376,86
1787278808,30.86,376,86
1787278809,31.55,376,87
1787278810,32.06,376,87
1787278811,31.72,376,87
1787278812,31.81,376,87
1787278813,31.79,376,87
1787278814,31.66,376,87
1787278815,31.50,376,87
1787278816,31.51,376,87
1787278817,32.13,376,87
1787278818,32.18,376,87
1787278819,32.18,376,87
1787278820,31.28,376,87
1787278821,32.01,376,87
1787278822,31.62,376,87
1787278823,30.59,376,87
1787278824,29.66,376,87
1787278825,30.79,376,87
1787278826,31.26,376,87
1787278827,30.98,376,87
1787278828,31.07,376,87
1787278829,31.19,376,87
1787278830,30.78,376,87
1787278831,30.71,376,87
1787278832,30.22,376,87
1787278833,30.23,376,87
1787278834,31.20,376,87
1787278835,30.26,376,87
1787278836,31.16,376,87
1787278837,30.97,376,87
1787278838,30.95,376,87
1787278839,30.91,376,87
1787278840,30.69,376,87
1787278841,30.79,376,87
1787278842,29.79,376,87
1787278843,30.07,376,87
1787278844,30.19,376,87
1787278845,30.33,376,87
1787278846,29.74,376,87
1787278847,30.51,376,87
1787278848,25.70,387,85
1787278849,15.53,383,84
1787278850,14.72,383,84
1787278851,12.16,382,83
1787278852,10.29,382,82
1787278853,10.27,381,82
1787278854,10.24,381,82
1787278855,10.14,372,81
1787278856,10.72,441,82
1787278857,24.85,402,85
1787278858,33.10,394,86
1787278859,33.18,394,86
1787278860,33.03,391,86
1787278861,33.24,388,86
1787278862,32.82,388,86
1787278863,33.21,388,87
1787278864,33.53,388,87
1787278865,33.90,388,87
1787278866,33.60,388,87
1787278867,33.60,388,87
1787278868,34.04,388,87
1787278869,34.87,388,87
1787278870,33.88,388,87
1787278871,34.54,388,87
1787278872,34.66,388,87
1787278873,34.80,388,87
1787278874,35.06,388,87
1787278875,35.30,388,88
1787278876,34.98,388,88
1787278877,35.47,388,88
1787278878,36.87,388,88
1787278879,37.33,388,88
1787278880,37.30,388,88
1787278881,38.70,388,89
1787278882,38.81,388,89
1787278883,37.97,388,89
1787278884,37.68,388,89
1787278885,38.82,388,89
1787278886,37.52,388,89
1787278887,36.00,388,89
1787278888,38.06,388,89
1787278889,38.17,388,89
1787278890,38.23,388,89
1787278891,38.21,388,89
1787278892,38.09,388,89
1787278893,33.28,388,88
1787278894,32.88,388,88
1787278895,32.85,388,88
1787278896,36.87,388,89
1787278897,37.14,388,89
1787278898,35.52,388,89
1787278899,36.97,388,89
1787278900,35.78,388,89
1787278901,35.39,388,89
1787278902,35.67,388,89
1787278903,34.23,388,89
1787278904,34.95,388,89
1787278905,34.64,388,89
1787278906,34.31,388,89
1787278907,34.06,388,89
1787278908,34.46,388,89
1787278909,34.00,388,89
1787278910,33.30,388,88
1787278911,32.90,388,88
1787278912,33.29,388,88
1787278913,33.32,388,89
1787278914,32.12,388,88
1787278915,32.75,388,89
1787278916,32.27,397,88
1787278917,22.39,392,86
1787278918,15.53,383,85
1787278919,14.12,383,84
1787278920,10.53,382,84
1787278921,10.44,381,83
1787278922,10.35,381,83
1787278923,10.36,381,83
1787278924,10.27,372,82
1787278925,11.90,320,83
1787278926,15.12,323,83
1787278927,15.14,316,83
1787278928,13.68,293,82
1787278929,11.19,1067,82
1787278930,19.60,1051,84
1787278931,23.29,1051,84
1787278932,23.35,1047,84
1787278933,23.34,1047,85
1787278934,23.39,1047,85
1787278936,23.31,1047,85
1787278937,23.32,1047,85
1787278938,23.26,1047,85
1787278939,23.15,1047,85
1787278940,23.04,1047,85
1787278941,23.01,1047,85
1787278942,22.89,1047,85
1787278943,22.69,1047,85
1787278944,22.61,1047,85
1787278945,22.60,1047,85
1787278946,22.62,1047,85
1787278947,22.72,1047,85
1787278948,22.80,1047,85
1787278949,22.70,1047,85
1787278950,22.76,1047,85
1787278951,23.17,1047,85
1787278952,23.48,1047,85
1787278953,23.32,1047,85
1787278954,23.23,1047,85
1787278955,23.13,1047,85
1787278956,23.18,1047,85
1787278957,23.03,1047,85
1787278958,22.60,1047,85
1787278959,23.01,1047,85
1787278960,23.45,1047,85
1787278961,23.76,1047,85
1787278962,23.73,1047,85
1787278963,23.19,1047,85
1787278964,23.00,1047,85
1787278965,22.94,1047,85
1787278966,22.88,1047,85
1787278967,22.86,1047,85
1787278968,22.74,1047,85
1787278969,22.82,1047,85
1787278970,22.67,1047,85
1787278971,22.70,1047,85
1787278972,22.75,1047,85
1787278973,22.72,1047,85
1787278974,22.71,1047,85
1787278975,22.84,1047,85
1787278976,22.81,1047,85
1787278977,22.94,1047,85
1787278978,23.18,1047,85
1787278979,23.27,1047,85
1787278980,23.12,1047,85
1787278981,22.81,1047,85
1787278982,22.70,1047,85
1787278983,22.67,1047,85
1787278984,22.74,1047,85
1787278985,22.68,1047,85
1787278986,22.60,1047,85
1787278987,22.53,1047,85
1787278988,22.53,1047,85
1787278989,22.61,1047,85
1787278990,22.52,285,85
1787278991,16.00,285,84
1787278992,15.02,266,83
1787278993,13.91,266,83
1787278994,11.07,266,82
1787278995,10.37,265,81
1787278996,10.12,264,81
1787278997,10.11,264,81
1787278998,10.04,377,81
1787278999,13.00,389,82
1787279000,15.17,843,82
1787279001,27.28,764,85
1787279002,33.35,761,85
1787279003,33.41,757,86
1787279004,33.32,755,86
1787279005,33.86,755,86
1787279006,34.28,755,86
1787279007,33.77,755,86
1787279008,33.04,755,86
1787279009,32.80,755,86
1787279010,32.55,755,86
1787279011,32.30,755,86
1787279012,31.92,755,86
1787279013,31.50,755,86
1787279014,30.67,755,86
1787279015,30.68,755,86
1787279016,31.23,755,87
1787279017,31.14,755,87
1787279018,30.91,755,87
1787279019,31.38,755,87
1787279020,30.89,755,87
1787279021,30.75,755,87
1787279022,30.94,755,87
1787279023,30.57,755,87
1787279024,30.30,755,87
1787279025,30.21,755,87
1787279026,29.81,755,87
1787279027,30.01,755,87
1787279028,30.93,755,87
1787279029,31.93,755,87
1787279030,32.50,755,87
1787279031,31.44,755,87
1787279032,30.22,755,87
1787279033,29.74,755,87
1787279034,29.64,755,87
1787279035,29.65,755,87
1787279036,30.14,755,87
1787279037,30.35,755,87
1787279038,29.78,755,87
1787279039,30.48,755,87
1787279040,31.75,755,88
1787279041,32.11,755,88
1787279042,30.05,755,87
1787279043,29.08,755,87
1787279044,28.72,755,87
1787279045,28.48,755,87
1787279046,28.18,755,87
1787279047,27.72,755,87
1787279048,27.75,755,87
1787279049,27.69,755,87
1787279050,27.59,755,87
1787279051,27.53,755,87
1787279052,27.80,755,87
1787279053,28.11,755,87
1787279054,28.35,755,87
1787279055,28.22,755,87
1787279056,27.69,755,87
1787279057,27.69,755,87
1787279058,27.19,755,87
1787279059,26.88,755,87
1787279060,26.85,755,87
1787279061,26.34,810,87
1787279062,17.59,421,85
1787279063,15.50,421,85
1787279064,12.43,420,83
1787279065,10.59,420,83
1787279066,10.47,419,82
1787279067,10.40,418,82
1787279068,10.22,410,82
1787279069,10.94,346,82
1787279070,10.42,350,81
1787279071,10.04,350,81
1787279072,10.05,350,81
1787279073,10.15,349,81
1787279074,10.16,349,81
1787279075,9.89,349,81
1787279076,10.03,349,81
1787279077,12.16,1739,82
1787279078,19.42,2768,84
1787279079,25.03,2768,84
1787279080,25.07,2768,84
1787279081,25.06,2768,84
1787279082,25.25,2768,84
1787279083,25.02,2768,84
1787279084,24.94,2768,85
1787279085,24.86,2768,85
1787279086,24.67,2768,84
1787279087,24.47,2768,85
1787279088,24.18,2768,85
1787279089,24.15,2768,85
1787279090,24.13,2768,85
1787279091,24.05,2768,85
1787279092,24.00,2768,85
1787279093,24.05,2768,85
1787279094,24.15,2768,85
1787279095,24.25,2768,85
1787279096,24.02,2768,85
1787279097,23.81,2768,85
1787279098,23.99,2768,85
1787279099,23.12,2768,84
1787279100,20.62,2768,85
1787279101,24.22,2768,85
1787279102,24.17,2768,85
1787279103,24.26,2768,85
1787279104,24.36,2768,85
1787279105,24.01,2768,85
1787279106,23.67,2768,85
1787279107,24.50,2768,85
1787279108,24.79,2768,85
1787279109,24.75,2768,85
1787279110,24.12,2768,85
1787279111,23.88,2768,85
1787279112,23.78,2768,85
1787279113,23.75,2768,85
1787279114,23.62,2768,85
1787279115,23.49,2768,85
1787279116,23.41,2768,85
1787279117,23.33,2768,85
1787279118,23.39,2768,85
1787279119,23.51,2768,85
1787279120,23.55,2768,85
1787279121,23.49,2768,85
1787279122,23.53,2768,85
1787279123,23.60,2768,85
1787279124,23.73,2768,85
1787279125,23.91,2768,85
1787279126,24.09,2768,85
1787279127,24.30,2768,85
1787279128,24.05,2768,85
1787279129,23.40,2768,85
1787279130,23.12,2768,85
1787279131,23.11,2768,85
1787279132,23.05,2768,85
1787279133,22.97,2768,85
1787279134,22.90,2768,85
1787279135,22.99,2768,85
1787279136,22.98,2768,85
1787279137,23.08,2768,85
1787279138,22.29,2772,85
1787279139,15.36,2770,84
1787279140,15.09,363,83
1787279141,13.22,363,82
1787279142,10.37,362,82
1787279143,10.28,362,82
1787279144,10.13,361,81
1787279145,10.13,356,81
1787279146,10.29,349,81
1787279147,20.53,383,84
1787279148,31.50,373,85
1787279149,39.73,375,87
1787279150,40.05,370,87
1787279151,36.50,365,86
1787279152,34.31,365,86
1787279153,34.33,365,86
1787279154,34.21,365,86
1787279155,34.20,365,86
1787279156,34.17,365,86
1787279157,34.18,365,86
1787279158,34.33,365,87
1787279159,34.36,372,87
1787279160,34.40,365,87
1787279161,34.58,365,87
1787279162,34.75,365,87
1787279163,34.86,365,87
1787279164,35.14,365,87
1787279166,35.22,365,87
1787279167,35.34,365,87
1787279168,35.39,365,87
1787279169,35.53,365,87
1787279170,35.58,365,87
1787279171,35.66,365,87
1787279172,35.73,365,87
1787279173,35.81,365,87
1787279174,35.77,365,87
1787279175,35.74,365,87
1787279176,35.77,365,87
1787279177,35.82,365,88
1787279178,35.89,365,87
1787279179,35.90,365,88
1787279180,35.95,365,88
1787279181,35.95,365,88
1787279182,35.81,365,88
1787279183,35.76,365,88
1787279184,35.62,372,88
1787279185,35.53,365,88
1787279186,35.25,365,88
1787279187,35.11,365,88
1787279188,35.04,372,88
1787279189,34.97,365,88
1787279190,34.86,365,88
1787279191,34.98,365,88
1787279192,34.96,365,88
1787279193,34.93,365,88
1787279194,35.12,365,88
1787279195,35.17,365,88
1787279196,35.19,365,88
1787279197,35.27,365,88
1787279198,35.23,365,88
1787279199,35.19,365,88
1787279200,35.21,365,88
1787279201,35.08,365,88
1787279202,35.00,365,88
1787279203,34.90,365,88
1787279204,34.88,365,88
1787279205,34.81,365,88
1787279206,34.72,365,88
1787279207,34.77,365,88
1787279208,25.85,372,85
1787279209,15.39,360,85
1787279210,14.55,360,84
1787279211,13.47,360,83
1787279212,10.44,359,82
1787279213,10.33,359,82
1787279214,10.16,358,82
1787279215,10.14,350,81
1787279216,11.52,381,82
1787279217,14.88,381,83
1787279218,15.49,380,83
1787279219,13.14,707,81
1787279220,19.95,1622,85
1787279221,34.63,1620,86
1787279222,34.68,1620,86
1787279223,33.43,1619,86
1787279224,34.09,1619,87
1787279225,34.54,1619,87
1787279226,34.91,1619,87
1787279227,34.17,1619,87
1787279228,33.08,1619,87
1787279229,33.01,1619,87
1787279230,32.82,1619,87
1787279231,32.46,1619,87
1787279232,32.02,1619,87
1787279233,31.22,1619,87
1787279234,30.80,1619,87
1787279235,30.67,1619,87
1787279236,30.91,1619,87
1787279237,30.72,1619,87
1787279238,31.38,1619,87
1787279239,31.46,1619,87
1787279240,31.11,1619,87
1787279241,31.56,1619,87
1787279242,31.90,1619,88
1787279243,32.09,1619,88
1787279244,32.08,1619,88
1787279245,31.53,1619,88
1787279246,31.24,1619,88
1787279247,31.64,1619,88
1787279248,32.42,1619,88
1787279249,32.83,1620,88
1787279250,32.19,1620,88
1787279251,30.87,1620,88
1787279252,30.47,1620,88
1787279253,30.59,1620,88
1787279254,30.83,1620,88
1787279255,31.60,1620,88
1787279256,32.37,1620,88
1787279257,32.05,1620,88
1787279258,31.91,1620,88
1787279259,32.47,1620,88
1787279260,32.96,1620,88
1787279261,31.54,1620,88
1787279262,29.89,1620,88
1787279263,29.73,1620,88
1787279264,29.42,1620,88
1787279265,29.32,1620,88
1787279266,28.68,1620,88
1787279267,28.52,1620,88
1787279268,28.59,1620,87
1787279269,28.61,1620,88
1787279270,28.67,1620,88
1787279271,28.81,1620,88
1787279272,28.79,1620,88
1787279273,28.82,1620,88
1787279274,28.53,1620,88
1787279275,27.80,1620,87
1787279276,27.52,1620,87
1787279277,27.21,1620,87
1787279278,26.99,1620,87
1787279279,26.91,1620,87
1787279280,26.69,1707,87
1787279281,20.26,1698,86
1787279282,15.53,360,85
1787279283,14.30,360,84
1787279284,10.79,359,83
1787279285,10.48,359,83
1787279286,10.27,358,83
1787279287,10.29,358,83
1787279288,10.22,363,82
1787279289,11.64,393,82
1787279290,14.96,439,84
1787279291,26.22,430,85
1787279292,26.66,430,85
1787279293,27.12,428,86
1787279294,27.17,424,86
1787279295,27.65,422,86
1787279296,27.37,422,86
1787279297,27.64,422,86
1787279298,27.14,422,86
1787279299,26.87,422,86
1787279300,26.67,422,86
1787279301,26.60,422,86
1787279302,26.21,422,86
1787279303,25.90,422,86
1787279304,25.90,422,86
1787279305,25.80,422,86
1787279306,25.36,422,86
1787279307,25.24,422,86
1787279308,25.48,422,86
1787279309,25.69,422,86
1787279310,25.50,422,86
1787279311,25.61,422,86
1787279312,25.45,422,86
1787279313,24.99,422,86
1787279314,24.92,422,86
1787279315,24.71,422,86
1787279316,24.68,422,86
1787279317,25.40,422,86
1787279318,26.21,422,86
1787279319,26.43,422,86
1787279320,26.09,422,86
1787279321,25.47,422,86
1787279322,25.34,422,86
1787279323,25.37,422,86
1787279324,25.38,422,86
1787279325,25.47,422,86
1787279326,25.25,422,86
1787279327,24.28,422,86
1787279328,24.80,422,86
1787279329,26.03,422,86
1787279330,26.53,422,86
1787279331,24.59,422,86
1787279332,22.40,422,86
1787279333,21.94,422,86
1787279334,21.71,422,86
1787279335,21.67,422,85
1787279336,21.23,422,85
1787279337,21.35,428,85
1787279338,22.26,428,85
1787279339,21.51,428,85
1787279340,21.66,428,85
1787279341,21.77,428,85
1787279342,22.91,428,86
1787279343,22.90,428,86
1787279344,21.45,428,85
1787279345,20.62,428,85
1787279346,20.53,428,85
1787279347,20.37,428,85
1787279348,20.24,428,85
1787279349,20.27,428,85
1787279350,19.13,457,84
1787279351,14.10,451,84
1787279352,11.46,272,83
1787279353,10.10,272,82
1787279354,10.14,272,82
1787279355,10.15,272,82
1787279356,10.18,271,81
1787279357,10.08,267,81
1787279358,10.26,425,81
1787279359,10.45,461,81
1787279360,18.70,492,83
1787279361,23.25,463,83
1787279362,23.32,462,84
1787279363,23.41,462,84
1787279364,23.59,462,84
1787279365,23.49,462,84
1787279366,23.30,462,84
1787279367,23.10,462,84
1787279368,23.02,462,84
1787279369,22.67,462,84
1787279370,22.62,462,84
1787279371,22.60,462,84
1787279372,22.60,462,84
1787279373,22.52,462,84
1787279374,22.42,462,84
1787279375,22.41,462,84
1787279376,22.57,462,84
1787279377,22.72,462,84
1787279378,22.59,462,84
1787279379,22.36,462,84
1787279380,22.50,462,84
1787279381,23.08,462,84
1787279382,23.04,462,84
1787279383,22.74,462,85
1787279384,22.83,462,85
1787279385,22.81,462,85
1787279386,22.76,462,85
1787279387,22.42,462,84
1787279388,22.32,462,85
1787279389,22.86,462,85
1787279390,23.17,462,85
1787279391,23.17,462,85
1787279392,22.77,462,85
1787279393,22.61,462,85
1787279394,22.46,462,85
1787279395,22.49,462,85
1787279396,22.51,462,85
1787279397,22.36,462,85
1787279398,22.09,462,85
1787279399,22.14,462,85
1787279400,22.08,462,85
1787279401,22.09,462,85
1787279402,22.16,462,85
1787279403,22.21,462,85
1787279404,22.21,462,85
1787279405,22.29,462,85
1787279406,22.50,462,85
1787279407,22.61,462,85
1787279408,22.71,462,85
1787279409,22.81,462,85
1787279410,22.58,462,85
1787279411,22.19,462,85
1787279412,22.12,462,85
1787279413,21.92,462,85
1787279414,21.51,462,85
1787279415,21.41,462,85
1787279416,21.36,462,85
1787279417,21.19,462,85
1787279418,21.17,462,85
1787279419,21.36,462,85
1787279420,21.06,467,84
1787279421,15.36,303,84
1787279422,14.87,303,83
1787279424,12.67,303,82
1787279424,10.24,302,82
1787279426,10.17,301,81
1787279427,10.06,301,81
1787279428,10.12,293,81
1787279429,10.27,475,81
1787279430,21.84,460,84
1787279431,33.18,384,86
1787279432,40.68,363,87
1787279433,36.46,360,87
1787279434,36.43,360,87
1787279435,36.37,360,87
1787279436,36.29,360,87
1787279437,36.23,360,87
1787279438,36.09,360,87
1787279439,36.12,360,87
1787279440,36.21,360,87
1787279441,36.45,360,87
1787279442,36.59,360,88
1787279443,36.81,360,88
1787279444,37.10,360,88
1787279445,37.40,367,88
1787279446,37.57,360,88
1787279447,37.76,360,88
1787279448,37.91,360,88
1787279449,38.14,360,88
1787279450,38.38,360,89
1787279451,38.41,360,89
1787279452,38.53,360,89
1787279453,38.77,360,89
1787279454,38.90,360,89
1787279455,34.71,360,88
1787279456,33.71,360,88
1787279457,38.56,360,89
1787279458,35.41,360,88
1787279459,32.72,360,88
1787279460,36.09,360,89
1787279461,36.55,360,88
1787279462,32.23,360,88
1787279463,33.70,360,88
1787279464,37.48,360,89
1787279465,33.47,360,88
1787279466,31.91,360,88
1787279467,34.45,360,89
1787279468,36.71,360,88
1787279469,31.69,360,88
1787279470,32.73,360,88
1787279471,36.55,360,89
1787279472,32.31,360,88
1787279473,32.83,360,88
1787279474,36.44,360,89
1787279475,31.10,360,88
1787279476,33.25,360,89
1787279477,36.46,360,89
1787279478,32.43,360,88
1787279479,33.62,360,89
1787279480,36.01,360,89
1787279481,34.53,360,88
1787279482,30.63,360,88
1787279483,34.36,360,89
1787279484,32.57,360,88
1787279485,32.35,360,89
1787279486,35.52,360,89
1787279487,32.82,360,88
1787279488,29.52,360,88
1787279489,32.72,372,89
1787279490,26.76,367,86
1787279491,15.52,363,86
1787279492,14.64,363,85
1787279493,13.15,362,84
1787279494,10.44,361,83
1787279495,10.36,361,83
1787279496,10.11,361,83
1787279497,10.15,352,83
1787279498,11.16,396,83
1787279499,12.11,396,82
1787279500,11.33,387,82
1787279501,10.27,387,82
1787279502,11.21,379,82
1787279503,10.53,379,82
1787279504,10.31,379,82
1787279505,10.68,1001,82
1787279506,15.09,2700,83
1787279507,17.09,3726,83
1787279508,16.37,3771,83
1787279509,16.18,3787,83
1787279510,18.99,3819,84
1787279511,29.97,3819,86
1787279512,30.83,3826,86
1787279513,31.47,3826,87
1787279514,33.05,3819,87
1787279515,29.31,3819,87
1787279516,30.27,3819,87
1787279517,31.95,3819,87
1787279518,30.55,3819,87
1787279519,31.63,3813,87
1787279520,33.46,3826,88
1787279521,31.16,3819,87
1787279522,30.32,3819,87
1787279523,29.85,3817,87
1787279524,29.82,3817,87
1787279525,31.98,3817,88
1787279526,32.60,3824,88
1787279527,31.24,3817,88
1787279528,32.09,3817,88
1787279529,33.11,3817,88
1787279530,33.31,3817,88
1787279531,30.77,3817,88
1787279532,31.83,3817,88
1787279533,31.44,3817,88
1787279534,31.40,3817,88
1787279535,31.69,3817,88
1787279536,32.87,3817,88
1787279537,33.04,3818,88
1787279538,32.87,3818,88
1787279539,31.75,3818,88
1787279540,31.29,3818,88
1787279541,31.47,3818,88
1787279542,31.84,3818,88
1787279543,32.60,3818,89
1787279544,33.87,3818,89
1787279545,34.19,3818,89
1787279546,33.57,3818,89
1787279547,32.63,3818,89
1787279548,33.67,3818,89
1787279549,32.63,3818,89
1787279550,30.42,3818,88
1787279551,30.07,3818,88
1787279552,29.40,3818,88
1787279553,29.23,3818,88
1787279554,28.83,3818,88
1787279555,28.66,3818,88
1787279556,28.56,3818,88
1787279557,28.62,3818,88
1787279558,28.67,3818,88
1787279559,28.90,3811,88
1787279560,28.90,3818,88
1787279561,29.01,3811,88
1787279562,28.63,3811,88
1787279563,27.49,3811,88
1787279564,27.37,3818,88
1787279565,27.07,3818,88
1787279566,26.97,3818,88
1787279567,26.84,3818,88
1787279568,26.47,3818,88
1787279569,17.23,3847,86
1787279570,17.11,3850,86
1787279571,16.28,3850,86
1787279572,15.56,396,85
1787279573,11.52,395,84
1787279574,10.46,394,83
1787279575,10.33,394,83
1787279576,10.25,394,83
1787279577,10.72,480,83
1787279578,15.19,469,84
1787279579,16.16,463,84
1787279580,14.41,463,83
1787279581,11.18,450,82
1787279582,15.07,448,84
1787279583,15.44,448,84
1787279584,13.38,448,83
1787279585,12.62,1025,83
1787279586,15.75,2777,83
1787279587,17.49,3777,84
1787279588,15.08,3783,83
1787279589,12.72,3802,82
1787279590,14.59,3785,83
1787279591,17.51,3785,84
1787279592,17.26,3785,83
1787279593,17.03,3753,84
1787279594,17.55,3753,84
1787279595,17.59,3753,84
1787279596,17.75,3753,83
1787279597,17.67,3753,83
1787279598,17.79,3753,83
1787279599,17.73,3753,83
1787279600,17.79,3753,83
1787279601,17.70,3753,83
1787279602,17.60,3753,83
1787279603,17.56,3753,83
1787279604,17.41,3753,83
1787279605,17.61,3753,83
1787279606,17.57,3774,83
1787279607,17.45,3774,83
1787279608,17.44,3774,83
1787279609,17.65,3774,83
1787279610,17.80,3757,83
1787279611,19.01,3763,83
1787279612,19.37,3763,83
1787279613,19.66,3763,83
1787279614,19.64,3763,83
1787279615,19.53,3763,83
1787279616,19.51,3763,83
1787279617,19.46,3763,83
1787279618,19.47,3763,83
1787279619,19.44,3763,83
1787279620,19.59,3763,83
1787279622,19.19,3763,83
1787279623,19.68,3763,83
1787279624,19.74,3763,83
1787279625,19.76,3763,83
1787279626,19.22,3763,82
1787279627,19.75,3763,83
1787279628,19.98,3763,83
1787279629,20.20,3763,83
1787279630,22.69,3763,83
1787279631,30.98,3763,86
1787279632,41.89,3763,87
1787279633,38.17,3744,86
1787279634,32.31,3744,86
1787279635,32.19,3744,86
1787279636,32.28,3744,86
1787279637,32.37,3744,86
1787279638,32.69,3744,86
1787279639,33.60,3744,86
1787279640,34.23,3744,86
1787279641,33.34,3744,86
1787279642,31.25,3744,86
1787279643,30.27,3744,86
1787279644,30.02,3744,86
1787279645,29.83,3748,86
1787279646,29.68,3748,86
1787279647,29.42,3798,86
1787279648,19.45,296,84
1787279649,15.10,266,83
1787279650,14.21,260,83
1787279651,11.53,258,82
1787279652,10.14,257,81
1787279653,10.06,257,81
1787279654,9.87,256,81
1787279655,9.86,273,81
1787279656,11.34,410,81
1787279657,25.41,410,84
1787279658,33.00,406,85
1787279659,41.66,395,87
1787279660,38.16,395,86
1787279661,37.60,395,87
1787279662,37.67,395,87
1787279663,37.77,395,87
1787279664,37.76,395,87
1787279665,36.81,395,87
1787279666,34.01,395,86
1787279667,34.14,395,87
1787279668,34.26,395,87
1787279669,34.25,395,87
1787279670,34.25,395,87
1787279671,34.16,395,87
1787279672,34.24,395,87
1787279673,34.43,395,87
1787279674,34.53,395,87
1787279675,34.59,395,87
1787279676,34.80,395,87
1787279677,34.85,395,87
1787279678,34.85,395,87
1787279679,34.88,395,87
1787279680,35.10,395,87
1787279681,35.09,395,87
1787279682,35.08,395,87
1787279683,35.11,395,88
1787279684,35.32,395,88
1787279685,35.27,395,88
1787279686,35.34,395,88
1787279687,35.39,395,88
1787279688,35.36,395,88
1787279689,35.36,395,88
1787279690,35.16,395,88
1787279691,35.05,395,88
1787279692,35.09,395,88
1787279693,35.06,395,88
1787279694,34.87,395,88
1787279695,34.66,395,88
1787279696,34.58,395,88
1787279697,34.71,395,88
1787279698,34.76,395,88
1787279699,34.73,395,88
1787279700,34.96,395,88
1787279701,34.91,395,88
1787279702,34.97,395,88
1787279703,34.74,395,88
1787279704,34.80,395,88
1787279705,35.00,395,88
1787279706,34.99,395,88
1787279707,34.82,395,88
1787279708,34.95,395,88
1787279709,34.92,395,88
1787279710,34.84,395,88
1787279711,34.90,395,88
1787279712,34.81,395,88
1787279713,34.74,395,88
1787279714,34.87,395,88
1787279715,34.93,395,89
1787279716,34.85,306,89
1787279717,19.12,299,86
1787279718,15.47,295,85
1787279719,14.23,295,85
1787279720,13.76,295,84
1787279721,10.59,295,83
1787279722,10.38,294,83
1787279723,10.29,293,82
1787279724,10.10,370,82
1787279725,16.38,387,85
1787279726,30.17,388,86
1787279727,35.40,392,87
1787279728,34.84,390,87
1787279729,34.74,384,87
1787279730,34.76,384,87
1787279731,34.61,380,87
1787279732,34.52,380,87
1787279733,34.54,380,87
1787279734,34.37,380,87
1787279735,34.29,380,87
1787279736,34.23,380,87
1787279737,34.33,380,88
1787279738,34.34,380,88
1787279739,34.44,380,88
1787279740,34.54,380,88
1787279741,34.54,380,88
1787279742,34.40,380,88
1787279743,34.54,380,88
1787279744,34.47,380,88
1787279745,34.61,380,88
1787279746,34.58,380,88
1787279747,34.61,380,88
1787279748,34.69,380,88
1787279749,34.66,380,88
1787279750,34.64,380,88
1787279751,34.60,380,88
1787279752,34.65,380,88
1787279753,34.58,380,88
1787279754,34.59,380,88
1787279755,34.58,380,88
1787279756,34.60,380,88
1787279757,34.67,380,88
1787279758,34.54,380,88
1787279759,34.58,380,88
1787279760,34.34,380,88
1787279761,34.36,380,88
1787279762,34.27,380,88
1787279763,34.21,380,88
1787279764,33.97,380,88
1787279765,33.88,380,88
1787279766,33.82,380,88
1787279767,33.79,380,88
1787279768,33.91,380,88
1787279769,34.00,380,88
1787279770,34.12,380,88
1787279771,34.20,380,88
1787279772,34.23,380,88
1787279773,34.25,380,88
1787279774,34.22,380,88
1787279775,34.27,380,88
1787279776,34.35,380,88
1787279777,34.30,380,88
1787279778,34.26,380,88
1787279779,34.12,380,88
1787279780,34.18,380,88
1787279781,34.16,380,88
1787279782,34.19,380,88
1787279783,34.21,380,88
1787279784,34.17,380,88
1787279785,31.19,394,87
1787279787,15.84,391,85
1787279788,15.20,391,85
1787279789,14.17,390,84
1787279790,12.19,389,83
1787279791,10.44,384,83
1787279792,10.41,384,82
1787279793,10.09,376,82
1787279794,10.48,446,82
1787279795,14.91,714,83
1787279796,22.24,839,85
1787279797,27.45,833,85
1787279798,28.05,826,85
1787279799,28.37,824,86
1787279800,28.09,824,86
1787279801,28.24,814,86
1787279802,27.58,766,86
1787279803,27.59,766,86
1787279804,27.87,766,86
1787279805,27.58,766,86
1787279806,26.99,766,86
1787279807,26.70,766,86
1787279808,26.31,766,86
1787279809,26.40,766,86
1787279810,26.38,766,86
1787279811,26.41,766,86
1787279812,26.49,766,86
1787279813,26.70,766,86
1787279814,26.99,766,86
1787279815,26.71,766,86
1787279816,26.86,766,86
1787279817,27.39,766,86
1787279818,27.69,766,87
1787279819,27.72,766,87
1787279820,27.31,766,87
1787279821,27.09,766,87
1787279822,27.53,766,87
1787279823,28.24,766,87
1787279824,28.72,766,87
1787279825,28.60,766,87
1787279826,27.50,766,87
1787279827,27.02,766,87
1787279828,27.00,766,87
1787279829,27.08,766,87
1787279830,27.24,766,87
1787279831,27.54,766,87
1787279832,27.04,766,87
1787279833,26.51,766,87
1787279834,27.65,766,87
1787279835,28.52,766,87
1787279836,28.43,766,87
1787279837,27.91,766,87
1787279838,27.73,766,87
1787279839,27.17,766,87
1787279840,26.50,766,87
1787279841,26.53,766,87
1787279842,26.51,766,87
1787279843,26.45,766,87
1787279844,26.36,766,87
1787279845,26.48,766,87
1787279846,26.93,766,87
1787279847,27.17,766,87
1787279848,27.46,766,87
1787279849,27.41,766,87
1787279850,26.56,766,87
1787279851,25.99,766,87
1787279852,25.70,766,87
1787279853,25.50,766,87
1787279854,25.35,766,87
1787279855,25.15,847,87
1787279856,21.15,287,85
1787279857,15.52,262,85
1787279858,14.51,262,84
1787279859,10.69,261,83
1787279860,10.47,260,83
1787279861,10.27,260,83
1787279862,10.26,260,82
1787279863,10.19,251,82
1787279864,10.58,315,83
1787279865,14.85,334,83
1787279866,15.16,338,83
1787279867,13.53,338,82
1787279868,10.21,338,82
1787279869,10.05,337,81
1787279870,10.29,337,82
1787279871,10.34,657,82
1787279872,16.33,2393,84
1787279873,24.74,2390,84
1787279874,24.89,2390,84
1787279875,24.87,2390,85
1787279876,25.18,2390,85
1787279877,25.03,2390,85
1787279878,24.92,2390,85
1787279879,24.99,2390,85
1787279880,24.89,2390,85
1787279881,24.66,2374,85
1787279882,24.58,2374,85
1787279883,24.59,2374,85
1787279884,24.49,2374,85
1787279885,24.35,2374,85
1787279886,24.41,2374,85
1787279887,24.48,2374,85
1787279888,24.44,2374,85
1787279889,24.59,2374,85
1787279890,24.73,2374,85
1787279891,24.61,2374,85
1787279892,24.79,2374,85
1787279893,25.44,2374,86
1787279894,21.09,2374,84
1787279895,24.21,2374,85
1787279896,25.18,2374,86
1787279897,25.27,2374,85
1787279898,25.28,2374,86
1787279899,24.74,2374,85
1787279900,24.18,2374,85
1787279901,25.12,2374,86
1787279902,25.81,2374,86
1787279903,26.51,2374,86
1787279904,26.08,2374,86
1787279905,25.50,2374,86
1787279906,25.30,2374,86
1787279907,24.86,2374,86
1787279908,24.98,2374,86
1787279909,24.98,2374,86
1787279910,24.90,2374,86
1787279911,24.86,2374,86
1787279912,24.84,2374,86
1787279913,24.81,2374,86
1787279914,24.97,2374,86
1787279915,24.93,2374,86
1787279916,24.99,2374,86
1787279917,25.10,2374,86
1787279918,25.35,2374,86
1787279919,25.78,2374,86
1787279920,26.30,2374,86
1787279921,26.93,2374,86
1787279922,26.78,2374,86
1787279923,25.57,2374,86
1787279924,24.93,2374,86
1787279925,24.73,2374,86
1787279926,24.87,2374,86
1787279927,24.73,2374,86
1787279928,24.68,2374,86
1787279929,24.77,2374,86
1787279930,24.73,2374,86
1787279931,24.68,2374,86
1787279932,24.58,314,86
1787279933,17.45,303,85
1787279934,15.35,287,84
1787279935,14.28,287,84
1787279936,13.51,287,83
1787279937,10.51,286,82
1787279938,10.38,285,82
1787279939,10.20,285,82
1787279940,10.15,304,82
1787279941,13.68,467,83
1787279942,15.81,471,83
1787279943,15.56,1111,83
1787279944,22.13,1218,85
1787279945,30.70,1213,86
1787279946,30.61,1209,86
1787279947,30.85,1209,86
1787279948,30.97,1209,86
1787279949,31.52,1207,86
1787279950,29.45,1207,86
1787279951,30.59,1207,86
1787279952,31.60,1207,87
1787279953,30.95,1207,86
1787279954,30.83,1207,87
1787279955,30.89,1207,87
1787279956,30.33,1207,87
1787279957,30.96,1207,87
1787279958,31.07,1207,87
1787279959,31.20,1207,87
1787279960,31.29,1207,87
1787279961,31.61,1207,87
1787279962,31.80,1207,87
1787279963,31.67,1207,87
1787279964,32.49,1207,87
1787279965,33.22,1207,88
1787279966,33.23,1207,88
1787279967,33.22,1207,88
1787279968,32.73,1207,88
1787279969,33.20,1207,88
1787279970,33.78,1207,88
1787279971,34.34,1207,88
1787279972,34.54,1207,88
1787279973,32.96,1207,88
1787279974,32.19,1207,88
1787279975,31.89,1207,88
1787279976,32.33,1207,88
1787279977,32.34,1207,88
1787279978,33.08,1207,88
1787279979,32.94,1207,88
1787279980,31.60,1207,88
1787279981,32.40,1207,88
1787279982,34.20,1207,89
1787279983,34.55,1207,89
1787279984,34.08,1207,89
1787279985,33.51,1207,89
1787279986,32.97,1207,89
1787279987,32.11,1207,88
1787279988,31.75,1207,89
1787279989,31.64,1207,88
1787279990,31.61,1207,88
1787279991,31.74,1207,89
1787279992,31.91,1207,89
1787279993,32.21,1207,89
1787279994,32.74,1207,89
1787279995,33.07,1207,89
1787279996,32.89,1207,89
1787279997,31.71,1207,89
1787279998,30.69,1207,89
1787279999,30.42,1207,89
1787280000,30.11,1207,88
1787280001,30.02,1207,89
1787280002,29.81,1207,88
1787280003,22.90,313,87
1787280004,14.72,295,86
1787280005,14.29,295,86
1787280006,12.71,295,84
1787280007,10.58,294,84
1787280008,10.47,294,83
1787280009,10.26,293,83
1787280010,10.28,293,83
1787280011,10.80,329,83
1787280012,15.01,332,84
1787280013,19.05,662,85
1787280014,21.65,655,85
1787280015,21.72,654,85
1787280016,21.68,652,85
1787280017,21.83,650,85
1787280018,21.78,650,85
1787280019,21.61,650,85
1787280020,21.59,650,85
1787280021,21.50,650,85
1787280022,21.49,650,85
1787280024,21.49,650,85
1787280025,21.50,650,85
1787280026,21.35,650,85
1787280027,21.25,650,85
1787280028,21.13,650,85
1787280029,20.91,650,85
1787280030,21.08,650,85
1787280031,20.90,650,85
1787280032,21.21,650,85
1787280033,20.71,650,85
1787280034,20.93,650,85
1787280035,21.19,650,85
1787280036,21.35,650,85
1787280037,21.18,650,85
1787280038,20.68,650,85
1787280039,21.29,650,85
1787280040,21.22,650,85
1787280041,20.77,650,85
1787280042,20.63,650,85
1787280043,20.84,650,85
1787280044,21.18,650,85
1787280045,21.33,650,85
1787280046,21.00,650,85
1787280047,20.79,650,85
1787280048,20.59,650,85
1787280049,20.05,650,85
1787280050,20.03,650,85
1787280051,20.06,650,85
1787280052,19.94,650,85
1787280053,19.98,650,85
1787280054,19.98,650,85
1787280055,19.91,650,85
1787280056,19.95,650,85
1787280057,19.93,650,84
1787280058,19.86,650,84
1787280059,20.14,650,85
1787280060,20.54,650,85
1787280061,20.76,650,85
1787280062,21.14,650,85
1787280063,21.08,650,85
1787280064,20.78,650,85
1787280065,20.14,650,84
1787280066,19.69,650,85
1787280067,19.72,650,84
1787280068,19.71,650,84
1787280069,19.70,650,84
1787280070,19.71,650,84
1787280071,19.66,650,84
1787280072,19.58,650,84
1787280073,19.71,650,84
1787280074,19.79,321,84
1787280075,15.59,319,84
1787280076,14.93,306,83
1787280077,11.07,306,82
1787280078,10.30,305,82
1787280079,10.24,304,82
1787280080,10.21,304,81
1787280081,10.14,296,81
1787280082,10.12,324,81
1787280083,14.04,324,82
1787280084,14.99,324,82
1787280085,13.25,323,81
1787280086,10.52,1092,81
1787280087,17.40,1083,83
1787280088,23.34,1080,83
1787280089,23.23,1076,84
1787280090,23.22,1076,84
1787280091,23.29,1076,84
1787280092,23.11,1076,84
1787280093,23.11,1076,84
1787280094,23.00,1076,84
1787280095,22.88,1076,84
1787280096,22.78,1076,84
1787280097,22.81,1076,84
1787280098,22.69,1076,84
1787280099,22.46,1076,84
1787280100,22.37,1076,84
1787280101,22.44,1076,84
1787280102,22.44,1076,84
1787280103,22.59,1076,84
1787280104,22.69,1076,84
1787280105,22.55,1076,84
1787280106,22.57,1076,84
1787280107,22.93,1076,84
1787280108,23.22,1076,84
1787280109,23.14,1076,84
1787280110,22.94,1076,85
1787280111,22.92,1076,85
1787280112,22.94,1076,85
1787280113,22.76,1076,85
1787280114,22.32,1076,84
1787280115,22.85,1076,85
1787280116,23.12,1076,85
1787280117,23.45,1076,85
1787280118,23.32,1076,85
1787280119,22.91,1076,85
1787280120,22.69,1077,85
1787280121,22.55,1077,85
1787280122,22.55,1077,85
1787280123,22.53,1077,85
1787280124,22.50,1077,85
1787280125,22.55,1077,85
1787280126,22.65,1077,85
1787280127,22.74,1077,85
1787280128,22.68,1077,85
1787280129,22.63,1077,85
1787280130,22.64,1077,85
1787280131,22.61,1077,85
1787280132,22.57,1077,85
1787280133,22.72,1077,85
1787280134,23.03,1077,85
1787280135,23.11,1077,85
1787280136,22.92,1077,85
1787280137,22.63,1077,85
1787280138,22.57,1077,85
1787280139,22.67,1077,85
1787280140,22.64,1077,85
1787280141,22.64,1077,85
1787280142,22.50,1077,85
1787280143,22.51,1077,85
1787280144,22.54,1077,85
1787280145,22.43,1077,85
1787280146,22.35,319,85
1787280147,17.45,313,84
1787280148,15.15,302,84
1787280149,13.92,302,83
1787280150,11.33,302,82
1787280151,10.16,301,82
1787280152,10.00,300,81
1787280153,9.90,300,81
1787280154,9.91,322,81
1787280155,12.78,687,82
1787280156,27.57,691,84
1787280157,34.53,688,86
1787280158,42.65,687,87
1787280159,38.42,684,87
1787280160,38.45,684,87
1787280161,38.27,679,87
1787280162,34.14,679,86
1787280163,33.95,679,86
1787280164,33.98,679,86
1787280165,34.00,679,86
1787280166,34.06,679,86
1787280167,34.06,679,86
1787280168,33.95,679,86
1787280169,33.93,679,86
1787280170,33.91,679,86
1787280171,34.00,679,86
1787280172,34.11,679,86
1787280173,34.03,679,86
1787280174,33.99,679,86
1787280175,34.06,679,86
1787280176,33.99,679,86
1787280177,34.07,679,86
1787280178,34.04,679,87
1787280179,34.10,679,86
1787280180,34.06,679,87
1787280181,34.05,679,87
1787280182,34.08,679,86
1787280183,34.11,679,87
1787280184,34.13,679,86
1787280185,34.11,679,87
1787280186,34.10,679,87
1787280187,34.11,679,87
1787280188,34.07,679,87
1787280189,34.01,679,87
1787280190,33.98,679,87
1787280191,33.94,679,87
1787280192,34.02,679,87
1787280193,34.08,679,87
1787280194,34.13,679,87
1787280195,34.04,679,87
1787280196,34.05,679,87
1787280197,34.06,679,87
1787280198,34.11,679,87
1787280200,34.09,679,87
1787280201,34.05,679,87
1787280202,33.92,679,87
1787280203,34.04,679,87
1787280204,34.02,679,87
1787280205,34.07,679,87
1787280206,34.32,679,87
1787280207,34.34,679,87
1787280208,34.30,679,87
1787280209,34.31,679,87
1787280210,34.22,679,87
1787280211,34.13,679,87
1787280212,34.22,679,87
1787280213,34.12,679,87
1787280214,33.97,679,87
1787280215,33.94,679,87
1787280216,33.97,315,87
1787280217,18.99,302,84
1787280218,15.12,293,83
1787280219,13.93,293,83
1787280220,13.61,293,82
1787280221,10.63,292,81
1787280222,10.08,292,81
1787280223,9.79,292,81
1787280224,9.77,324,81
1787280225,13.77,331,82
1787280226,14.89,574,82
1787280227,17.51,770,83
1787280228,21.63,762,83
1787280229,22.29,762,83
1787280230,22.27,762,83
1787280231,22.42,762,83
1787280232,22.26,762,84
1787280233,22.18,762,84
1787280234,22.20,762,84
1787280235,22.15,761,84
1787280236,22.06,761,84
1787280237,21.80,761,84
1787280238,21.82,761,84
1787280239,21.77,761,84
1787280240,21.64,761,84
1787280241,21.65,761,84
1787280242,21.64,761,84
1787280243,21.64,761,84
1787280244,21.75,761,84
1787280245,21.85,761,84
1787280246,21.80,761,84
1787280247,21.85,761,84
1787280248,22.12,761,84
1787280249,22.26,761,84
1787280250,22.02,761,84
1787280251,22.01,761,84
1787280252,22.03,761,84
1787280253,22.02,761,84
1787280254,21.83,761,84
1787280255,21.74,761,84
1787280256,22.05,761,84
1787280257,22.19,761,84
1787280258,22.48,761,84
1787280259,22.27,761,84
1787280260,21.92,761,84
1787280261,21.82,761,84
1787280262,21.68,761,84
1787280263,21.62,761,84
1787280264,21.60,761,84
1787280265,21.57,761,84
1787280266,21.58,761,84
1787280267,21.66,761,84
1787280268,21.69,761,84
1787280269,21.82,761,84
1787280270,21.80,761,84
1787280271,21.72,761,84
1787280272,21.66,761,84
1787280273,21.72,761,85
1787280274,21.79,761,84
1787280275,21.83,761,84
1787280276,22.02,761,85
1787280277,21.93,761,85
1787280278,21.63,761,84
1787280279,21.60,761,84
1787280280,21.61,761,84
1787280281,21.50,761,85
1787280282,21.47,761,84
1787280283,21.48,761,85
1787280284,21.38,761,84
1787280285,21.35,761,85
1787280286,21.36,761,84
1787280287,21.61,307,85
1787280288,16.33,293,83
1787280289,14.94,293,83
1787280290,12.77,293,82
1787280291,10.12,292,82
1787280292,10.08,292,81
1787280293,9.94,291,81
1787280294,9.98,283,81
1787280295,9.96,448,81
1787280296,13.16,978,82
1787280297,16.64,1268,84
1787280298,22.61,1600,82
1787280299,14.94,1944,82
1787280300,17.84,2009,84
1787280301,39.00,1995,87
1787280302,42.98,1990,87
1787280303,37.61,1990,86
1787280304,40.63,1990,87
1787280305,40.59,1990,87
1787280306,40.36,1990,87
1787280307,39.19,1990,87
1787280308,39.29,1990,87
1787280309,40.22,1990,88
1787280310,39.88,1990,88
1787280311,39.97,1990,87
1787280312,40.98,1990,88
1787280313,40.70,1990,88
1787280314,40.65,1990,88
1787280315,40.42,1990,88
1787280316,40.78,1990,88
1787280317,40.98,1990,88
1787280318,41.51,1990,89
1787280319,41.73,1990,88
1787280320,41.67,1990,89
1787280321,40.78,1990,88
1787280322,38.95,1990,88
1787280323,38.96,1990,88
1787280324,38.99,1990,88
1787280325,38.86,1990,88
1787280326,38.88,1990,88
1787280327,38.90,1990,89
1787280328,38.85,1990,89
1787280329,38.96,1990,88
1787280330,38.81,1990,89
1787280331,39.02,1990,89
1787280332,39.02,1990,89
1787280333,38.97,1990,89
1787280334,38.95,1990,89
1787280335,39.01,1990,89
1787280336,38.95,1990,89
1787280337,38.95,1990,89
1787280338,39.11,1990,89
1787280339,39.06,1990,89
1787280340,38.97,1990,89
1787280341,38.31,1990,89
1787280342,33.85,1990,88
1787280343,37.17,1990,89
1787280344,37.20,1990,89
1787280345,37.14,1990,89
1787280346,37.09,1990,89
1787280347,37.19,1990,89
1787280348,37.15,1990,89
1787280349,37.13,1990,89
1787280350,37.22,1990,89
1787280351,37.15,1990,89
1787280352,37.27,1990,89
1787280353,37.38,1990,89
1787280354,37.25,1990,89
1787280355,37.33,1990,89
1787280356,37.31,1990,89
1787280357,28.23,315,86
1787280358,15.68,302,85
1787280359,14.84,302,85
1787280360,13.40,301,84
1787280361,10.46,300,83
1787280362,10.32,300,83
1787280363,10.24,299,82
1787280364,10.09,291,82
1787280365,11.66,497,83
1787280366,26.28,501,85
1787280367,34.01,490,87
1787280368,36.84,484,87
1787280369,34.23,483,87
1787280370,34.23,483,87
1787280371,34.17,483,87
1787280372,34.27,483,87
1787280373,34.26,483,87
1787280374,34.31,483,87
1787280375,34.25,483,87
1787280376,34.31,483,87
1787280377,34.50,483,87
1787280378,34.54,483,87
1787280379,34.56,483,87
1787280380,34.57,483,87
1787280381,34.59,483,87
1787280382,34.58,483,87
1787280383,34.60,483,87
1787280384,34.71,483,87
1787280385,34.66,483,87
1787280386,34.65,483,87
1787280387,34.74,483,87
1787280388,34.63,483,87
1787280389,34.47,483,87
1787280390,34.54,483,87
1787280391,34.65,483,87
1787280392,34.74,483,87
1787280393,34.54,483,87
1787280394,34.79,483,87
1787280395,34.86,483,87
1787280396,34.90,483,87
1787280397,34.89,483,87
1787280398,34.78,483,88
1787280399,34.71,483,87
1787280400,34.66,483,87
1787280401,34.91,483,87
1787280402,34.91,483,87
1787280403,34.79,483,87
1787280404,34.58,483,87
1787280405,34.43,483,87
1787280406,34.54,483,88
1787280407,34.69,483,87
1787280408,34.78,483,88
1787280409,34.85,483,88
1787280410,34.71,483,88
1787280412,34.69,483,87
1787280413,34.61,483,87
1787280414,34.55,483,88
1787280415,34.60,483,88
1787280416,34.64,483,87
1787280417,34.50,483,88
1787280418,34.47,483,87
1787280419,34.41,483,88
1787280420,34.33,483,88
1787280421,34.31,483,88
1787280422,34.40,483,88
1787280423,34.45,483,88
1787280424,34.47,483,88
1787280425,34.41,483,88
1787280426,34.36,317,88
1787280427,20.61,318,85
1787280428,15.36,299,84
1787280429,14.31,299,84
1787280430,13.59,299,83
1787280431,10.50,299,82
1787280432,10.25,298,82
1787280433,10.05,297,82
1787280434,9.99,316,81
1787280435,13.57,443,84
1787280436,32.14,456,85
1787280437,28.75,405,85
1787280438,28.80,404,85
1787280439,29.28,402,85
1787280440,28.96,398,86
1787280441,29.03,397,85
1787280442,28.92,393,86
1787280443,29.92,393,86
1787280444,28.93,393,86
1787280445,28.82,393,86
1787280446,28.86,393,86
1787280447,28.86,393,86
1787280448,29.06,393,86
1787280449,28.97,393,86
1787280450,29.27,393,86
1787280451,29.28,393,86
1787280452,29.87,393,86
1787280453,29.21,393,86
1787280454,29.35,393,86
1787280455,29.85,393,86
1787280456,29.30,393,86
1787280457,28.64,393,86
1787280458,29.44,393,86
1787280459,28.95,393,86
1787280460,29.20,393,86
1787280461,29.59,393,86
1787280462,29.28,393,86
1787280463,29.93,393,87
1787280464,30.45,393,86
1787280465,29.17,393,87
1787280466,29.24,393,87
1787280467,29.54,393,86
1787280468,29.21,393,86
1787280469,29.77,393,87
1787280470,29.80,393,86
1787280471,28.68,393,86
1787280472,28.85,393,86
1787280473,29.46,393,87
1787280474,29.27,393,86
1787280475,28.59,393,86
1787280476,28.60,393,86
1787280477,29.34,393,87
1787280478,29.06,393,87
1787280479,29.38,393,86
1787280480,29.20,393,87
1787280481,29.66,393,87
1787280482,29.47,393,87
1787280483,29.51,393,87
1787280484,29.36,393,87
1787280485,29.46,393,87
1787280486,29.60,393,87
1787280487,28.92,393,86
1787280488,28.78,393,87
1787280489,28.93,393,87
1787280490,29.03,393,87
1787280491,28.45,393,86
1787280492,28.61,393,87
1787280493,29.30,393,87
1787280494,29.35,393,87
1787280495,29.18,393,87
1787280496,28.88,397,86
1787280497,18.68,389,85
1787280498,15.18,389,84
1787280499,13.66,389,84
1787280500,10.39,388,82
1787280501,10.25,388,82
1787280502,10.18,387,82
1787280503,10.12,387,82
1787280504,10.01,356,81
1787280505,15.16,408,84
1787280506,32.55,397,86
1787280507,33.86,393,86
1787280508,33.53,390,86
1787280509,33.87,389,86
1787280510,33.66,387,87
1787280511,33.94,386,87
1787280512,33.19,386,87
1787280513,33.58,386,87
1787280514,33.72,386,87
1787280515,33.68,386,87
1787280516,33.51,386,87
1787280517,33.56,386,87
1787280518,34.60,386,87
1787280519,34.73,386,88
1787280520,34.83,386,88
1787280521,35.19,386,88
1787280522,34.68,386,88
1787280523,37.13,386,88
1787280524,36.04,386,88
1787280525,35.11,386,88
1787280526,36.19,386,88
1787280527,36.91,386,89
1787280528,37.68,386,89
1787280529,37.66,386,89
1787280530,38.14,386,89
1787280531,35.37,386,88
1787280532,35.26,386,89
1787280533,37.96,386,89
1787280534,37.16,386,89
1787280535,33.15,386,88
1787280536,33.16,386,88
1787280537,33.18,386,88
1787280538,33.22,386,88
1787280539,33.29,386,88
1787280540,33.33,386,88
1787280541,33.19,386,88
1787280542,33.14,386,88
1787280543,33.14,386,88
1787280544,33.12,386,88
1787280545,33.21,386,88
1787280546,33.34,386,88
1787280547,33.24,386,88
1787280548,33.46,386,88
1787280549,33.22,386,88
1787280550,33.17,386,88
1787280551,33.39,386,88
1787280552,33.32,386,88
1787280553,33.18,386,88
1787280554,33.06,386,88
1787280555,33.01,386,88
1787280556,33.05,386,88
1787280557,33.37,386,88
1787280558,33.29,386,88
1787280559,33.28,386,88
1787280560,33.34,386,88
1787280561,33.51,386,88
1787280562,33.41,386,88
1787280563,33.46,386,89
1787280564,33.51,386,89
1787280565,33.60,397,89
1787280566,16.52,398,86
1787280567,14.18,391,85
1787280568,13.55,391,85
1787280569,10.41,390,84
1787280570,10.29,390,83
1787280571,10.07,389,83
1787280572,10.03,389,83
1787280573,10.15,390,82
1787280574,10.57,392,82
1787280575,10.11,572,82
1787280576,17.32,624,84
1787280577,24.32,624,85
1787280578,24.37,621,85
1787280579,24.26,619,85
1787280580,24.37,619,85
1787280581,24.36,619,85
1787280582,24.31,619,85
1787280583,24.19,619,85
1787280584,24.05,619,86
1787280585,23.66,619,85
1787280586,23.45,619,86
1787280587,23.48,619,86
1787280588,23.47,619,86
1787280589,23.48,619,86
1787280590,23.38,619,86
1787280591,23.43,619,86
1787280592,23.47,619,86
1787280593,23.58,619,86
1787280594,23.49,619,86
1787280595,23.27,619,86
1787280596,23.34,619,86
1787280597,23.99,619,86
1787280598,24.03,619,86
1787280599,23.61,619,86
1787280600,23.67,619,86
1787280601,23.73,619,86
1787280602,23.68,625,86
1787280603,23.32,625,86
1787280604,23.05,625,86
1787280605,23.82,625,86
1787280606,24.16,625,86
1787280607,24.34,625,86
1787280608,23.96,625,86
1787280609,23.57,625,86
1787280610,23.52,625,86
1787280611,23.25,625,86
1787280612,23.41,625,86
1787280613,23.39,625,86
1787280614,23.23,625,86
1787280615,23.21,625,86
1787280616,23.23,625,86
1787280617,23.29,625,86
1787280618,23.26,625,86
1787280619,23.32,625,86
1787280620,23.27,625,86
1787280621,23.34,625,86
1787280622,23.49,625,86
1787280623,23.61,625,86
1787280624,23.60,625,86
1787280625,23.69,625,86
1787280626,23.60,625,86
1787280627,22.89,625,86
1787280628,23.01,625,86
1787280629,22.88,625,86
1787280630,22.65,625,86
1787280631,22.65,625,86
1787280632,22.34,625,86
1787280633,22.64,625,86
1787280634,22.71,625,86
1787280635,22.70,625,86
1787280636,20.25,628,85
1787280638,15.30,318,85
1787280638,14.68,318,84
1787280640,11.48,318,83
1787280641,10.31,317,82
1787280642,10.20,317,82
1787280643,10.13,316,82
1787280644,10.13,308,82
1787280645,11.03,401,82
1787280646,11.58,401,82
1787280647,12.60,742,83
1787280648,31.32,742,86
1787280649,33.29,739,86
1787280650,32.63,738,86
1787280651,33.34,736,87
1787280652,33.66,736,87
1787280653,33.76,736,87
1787280654,33.70,736,87
1787280655,32.98,736,87
1787280656,32.82,736,87
1787280657,32.81,736,87
1787280658,32.26,736,87
1787280659,31.88,736,87
1787280660,31.26,736,87
1787280661,30.50,736,87
1787280662,30.74,736,87
1787280663,31.27,736,88
1787280664,30.86,736,88
1787280665,31.02,736,88
1787280666,31.08,736,88
1787280667,30.62,736,88
1787280668,30.96,736,88
1787280669,30.99,736,88
1787280670,30.47,736,88
1787280671,30.29,736,88
1787280672,30.03,736,88
1787280673,29.81,736,88
1787280674,30.27,736,88
1787280675,31.27,736,88
1787280676,32.21,736,88
1787280677,32.46,736,88
1787280678,31.00,736,88
1787280679,30.04,736,88
1787280680,29.63,736,88
1787280681,29.61,736,88
1787280682,29.75,736,88
1787280683,30.54,736,88
1787280684,30.33,736,88
1787280685,30.09,736,88
1787280686,30.93,736,88
1787280687,32.09,736,89
1787280688,31.55,736,88
1787280689,29.38,736,88
1787280690,29.09,736,88
1787280691,28.53,736,88
1787280692,28.45,736,88
1787280693,27.89,736,88
1787280694,27.63,736,88
1787280695,27.51,736,88
1787280696,27.45,736,88
1787280697,27.48,736,88
1787280698,27.66,736,88
1787280699,27.84,736,88
1787280700,28.26,736,88
1787280701,28.31,736,88
1787280702,27.93,736,88
1787280703,27.89,736,88
1787280704,27.56,736,88
1787280705,27.08,736,88
1787280706,26.95,736,88
1787280707,26.82,736,88
1787280708,23.23,794,87
1787280709,15.70,423,86
1787280710,14.98,417,85
1787280711,11.06,416,84
1787280712,10.61,416,84
1787280713,10.37,415,83
1787280714,10.25,415,83
1787280715,10.22,407,83
1787280716,10.75,426,83
1787280717,22.28,415,86
1787280718,29.81,387,86
1787280719,28.99,385,86
1787280720,29.03,381,87
1787280721,29.44,373,87
1787280722,29.56,373,87
1787280723,29.25,373,87
1787280724,29.67,373,87
1787280725,30.04,373,87
1787280726,29.66,373,87
1787280727,29.42,373,87
1787280728,29.62,373,87
1787280729,29.75,373,87
1787280730,30.16,373,87
1787280731,30.25,373,87
1787280732,29.45,373,87
1787280733,30.14,373,87
1787280734,30.18,373,87
1787280735,29.89,373,87
1787280736,29.87,373,87
1787280737,30.18,373,87
1787280738,30.52,373,87
1787280739,30.38,373,87
1787280740,30.27,373,87
1787280741,29.29,373,87
1787280742,30.92,373,87
1787280743,30.76,373,88
1787280744,30.78,373,87
1787280745,30.92,373,87
1787280746,31.50,373,88
1787280747,32.71,373,88
1787280748,31.01,373,88
1787280749,30.66,373,88
1787280750,30.45,373,87
1787280751,30.95,373,88
1787280752,30.67,373,88
1787280753,31.00,373,88
1787280754,30.96,373,88
1787280755,30.95,373,88
1787280756,30.89,373,88
1787280757,30.75,373,88
1787280758,30.85,373,88
1787280759,30.42,373,88
1787280760,30.47,373,88
1787280761,29.41,373,88
1787280762,30.29,373,88
1787280763,30.24,373,87
1787280764,30.37,373,88
1787280765,30.23,373,87
1787280766,30.79,373,87
1787280767,30.35,373,87
1787280768,30.02,373,87
1787280769,30.04,373,87
1787280770,29.92,373,88
1787280771,29.65,373,87
1787280772,28.77,373,87
1787280773,29.71,373,87
1787280774,30.04,373,87
1787280775,29.36,373,87
1787280776,29.42,373,87
1787280777,29.49,375,88
1787280778,19.58,368,85
1787280779,15.40,368,85
1787280780,14.26,368,84
1787280781,10.27,367,83
1787280782,10.17,367,83
1787280783,10.19,366,82
1787280784,10.06,366,82
1787280785,10.46,325,82
1787280786,14.70,712,83
1787280787,15.08,1383,83
1787280788,15.07,1943,83
1787280789,17.87,2287,83
1787280790,25.47,2357,86
1787280791,18.03,2605,83
1787280792,14.83,2861,83
1787280793,13.57,3113,82
1787280794,10.96,3357,81
1787280795,10.83,3605,81
1787280796,10.57,3861,81
1787280797,10.83,3909,81
1787280798,13.66,3913,83
1787280799,35.04,3897,86
1787280800,37.46,3884,86
1787280801,34.59,3884,86
1787280802,35.86,3884,86
1787280803,34.79,3884,86
1787280804,34.87,3884,86
1787280805,34.40,3884,86
1787280806,33.89,3884,87
1787280807,35.13,3884,87
1787280808,34.62,3884,87
1787280809,34.99,3884,87
1787280810,35.06,3884,87
1787280811,35.00,3884,87
1787280812,35.31,3884,87
1787280813,35.29,3884,87
1787280814,35.13,3884,87
1787280815,35.14,3884,87
1787280816,35.09,3884,87
1787280817,35.02,3884,87
1787280818,35.20,3884,87
1787280819,35.75,3884,87
1787280820,35.77,3884,87
1787280821,35.85,3884,87
1787280822,35.72,3884,88
1787280823,35.64,3884,88
1787280824,35.47,3884,87
1787280825,35.29,3884,88
1787280826,35.31,3884,88
1787280827,35.39,3884,87
1787280828,35.58,3884,88
1787280829,35.62,3884,88
1787280830,35.37,3884,88
1787280831,34.28,3884,87
1787280832,34.63,3884,88
1787280833,33.57,3884,88
1787280834,33.17,3884,88
1787280835,32.74,3884,87
1787280836,33.28,3884,88
1787280837,34.17,3884,88
1787280838,35.51,3884,88
1787280839,34.84,3884,88
1787280840,35.24,3884,88
1787280841,34.69,3884,88
1787280842,35.34,3884,88
1787280843,34.77,3884,88
1787280844,34.69,3884,88
1787280845,35.74,3884,88
1787280846,35.31,3884,88
1787280847,35.17,3884,88
1787280848,35.38,3896,88
1787280849,24.60,257,85
1787280850,15.49,257,85
1787280851,14.57,248,84
1787280852,12.76,247,83
1787280853,10.41,246,83
1787280854,10.34,245,82
1787280855,10.17,245,82
1787280856,10.12,248,82
1787280857,12.09,437,83
1787280858,15.79,437,83
1787280859,15.46,427,83
1787280860,15.20,694,83
1787280861,13.45,1917,83
1787280862,22.61,1915,85
1787280863,31.10,1907,86
1787280864,30.92,1907,86
1787280865,31.24,1907,86
1787280867,31.80,1907,87
1787280867,31.01,1907,86
1787280868,30.72,1907,87
1787280870,31.72,1907,87
1787280871,32.28,1907,87
1787280872,31.62,1907,87
1787280873,31.11,1907,87
1787280874,31.00,1907,87
1787280875,31.27,1907,87
1787280876,31.35,1907,87
1787280877,31.60,1907,87
1787280878,31.67,1907,87
1787280879,32.16,1907,87
1787280880,32.35,1907,87
1787280881,32.09,1907,87
1787280882,32.55,1907,88
1787280883,33.63,1907,88
1787280884,34.02,1907,88
1787280885,34.03,1907,88
1787280886,33.21,1907,88
1787280887,33.00,1907,88
1787280888,33.85,1907,88
1787280889,34.56,1907,88
1787280890,34.83,1907,89
1787280891,34.23,1907,88
1787280892,32.50,1907,88
1787280893,32.34,1907,88
1787280894,32.21,1907,88
1787280895,32.63,1907,88
1787280896,33.42,1907,89
1787280897,33.64,1907,89
1787280898,32.55,1907,88
1787280899,32.03,1907,88
1787280900,34.26,1907,89
1787280901,32.98,1907,88
1787280902,28.98,1907,88
1787280903,33.67,1907,89
1787280904,33.70,1907,89
1787280905,32.81,1907,89
1787280906,32.05,1907,89
1787280907,32.11,1907,89
1787280908,31.89,1907,89
1787280909,31.90,1907,89
1787280910,31.98,1907,89
1787280911,32.20,1907,89
1787280912,32.70,1907,89
1787280913,33.13,1907,89
1787280914,28.82,1907,88
1787280915,27.73,1907,88
1787280916,27.88,1907,88
1787280917,29.79,1907,88
1787280918,30.34,1907,88
1787280919,30.13,1907,88
1787280920,29.97,1907,88
1787280921,29.83,1907,88
1787280922,21.72,273,87
1787280923,15.49,254,86
1787280924,14.54,254,85
1787280925,12.75,253,84
1787280926,10.37,253,84
1787280927,10.35,252,83
1787280928,10.15,252,83
1787280929,10.07,243,83
1787280930,11.17,430,84
1787280931,16.30,663,84
1787280932,21.66,847,87
1787280933,43.07,847,89
1787280934,41.21,839,88
1787280935,37.70,839,88
1787280936,37.68,839,88
1787280937,37.69,839,88
1787280938,37.68,839,89
1787280939,37.64,839,89
1787280940,37.63,839,89
1787280941,37.57,839,89
1787280942,37.51,839,89
1787280943,37.49,839,89
1787280944,37.51,839,89
1787280945,31.55,839,88
1787280946,35.92,839,89
1787280947,36.86,839,89
1787280948,36.73,839,89
1787280949,35.08,839,88
1787280950,33.06,839,89
1787280951,35.84,839,89
1787280952,35.70,839,89
1787280953,35.68,839,89
1787280954,35.73,839,89
1787280955,35.70,839,89
1787280956,35.67,839,89
1787280957,35.71,839,89
1787280958,35.70,839,89
1787280959,35.72,839,89
1787280960,32.07,839,88
1787280961,34.42,839,89
1787280962,35.24,839,89
1787280963,35.29,839,89
1787280964,35.25,839,89
1787280965,35.27,839,89
1787280966,35.23,839,89
1787280967,33.84,839,88
1787280968,31.26,839,89
1787280969,35.35,839,89
1787280970,35.38,839,89
1787280971,35.38,839,89
1787280972,35.44,839,89
1787280973,31.80,839,88
1787280974,33.75,839,89
1787280975,35.84,839,89
1787280976,32.21,839,88
1787280977,33.32,839,89
1787280978,34.56,839,89
1787280979,34.60,839,89
1787280980,34.61,839,89
1787280981,34.55,839,89
1787280982,34.54,839,89
1787280983,34.47,839,89
1787280984,34.51,839,89
1787280985,34.53,839,89
1787280986,34.65,839,89
1787280987,34.66,839,89
1787280988,34.62,839,89
1787280989,34.69,839,89
1787280990,34.73,844,89
1787280991,23.25,280,86
1787280992,15.57,271,86
1787280993,14.44,271,85
1787280994,11.17,270,84
1787280995,10.38,270,83
1787280996,10.22,269,83
1787280997,10.15,269,83
1787280998,10.14,261,83
1787280999,10.53,331,82
1787281000,10.10,331,82
1787281001,10.05,330,82
1787281002,9.76,371,82
1787281003,12.84,1011,84
1787281004,22.84,1009,85
1787281005,24.47,1009,85
1787281006,24.48,1009,85
1787281007,24.62,1009,85
1787281008,24.53,1009,85
1787281009,24.40,1009,85
1787281010,24.36,1009,86
1787281011,24.12,1009,85
1787281012,23.88,1009,85
1787281013,23.63,1009,86
1787281014,23.64,1009,85
1787281015,23.65,1009,86
1787281016,23.61,1009,86
1787281017,23.47,1009,86
1787281018,23.48,1009,86
1787281019,23.49,1009,86
1787281020,23.67,1009,86
1787281021,23.69,1009,86
1787281022,23.47,1009,86
1787281023,23.39,1009,86
1787281024,23.98,1009,86
1787281025,24.18,1009,86
1787281026,23.74,1009,86
1787281027,23.65,1009,86
1787281028,23.95,1009,86
1787281029,23.94,1009,86
1787281030,23.56,1009,86
1787281031,23.17,1009,86
1787281032,24.00,1009,86
1787281033,24.52,1009,86
1787281034,24.67,1009,86
1787281035,24.17,1009,86
1787281036,23.72,1009,86
1787281037,23.57,1009,86
1787281038,23.34,1009,86
1787281039,23.27,1009,86
1787281040,23.15,1009,86
1787281041,23.04,1009,86
1787281042,23.01,1009,86
1787281043,23.04,1009,86
1787281044,22.82,1015,86
1787281045,23.11,1015,86
1787281046,23.09,1015,86
1787281047,23.13,1015,86
1787281048,23.18,1015,86
1787281049,23.26,1015,86
1787281050,23.42,1015,86
1787281051,23.61,1015,86
1787281052,23.57,1015,86
1787281053,23.54,1015,86
1787281054,23.14,1015,86
1787281055,22.86,1015,86
1787281056,22.86,1015,86
1787281057,22.75,1015,86
1787281058,22.69,1015,86
1787281059,22.57,1015,86
1787281060,22.65,1015,86
1787281061,22.66,1015,86
1787281062,22.60,1015,86
1787281063,22.63,1033,86
1787281064,16.57,1027,85
1787281065,14.10,366,84
1787281066,13.97,366,84
1787281067,11.40,366,83
1787281068,10.23,365,82
1787281069,10.08,365,82
1787281070,9.97,364,82
1787281071,10.06,439,82
1787281072,10.51,451,82
1787281073,9.98,451,81
1787281074,9.95,451,81
1787281076,10.11,1031,81
1787281076,14.11,1028,83
1787281077,23.53,1022,84
1787281078,24.22,1022,84
1787281079,24.34,1022,85
1787281080,24.42,1022,85
1787281081,24.27,1022,85
1787281082,24.23,1022,85
1787281083,24.05,1022,85
1787281084,23.99,1022,85
1787281085,23.77,1022,85
1787281086,23.54,1022,85
1787281087,23.58,1022,85
1787281088,23.57,1022,85
1787281089,23.41,1022,85
1787281090,23.28,1022,85
1787281091,23.30,1022,85
1787281092,23.51,1022,85
1787281093,23.53,1022,85
1787281094,23.38,1022,85
1787281095,23.21,1022,85
1787281096,23.24,1022,85
1787281097,23.91,1022,85
1787281098,23.97,1022,85
1787281099,23.58,1022,85
1787281100,23.49,1022,85
1787281101,23.56,1022,85
1787281102,23.59,1022,86
1787281104,23.19,1022,85
1787281105,22.85,1022,85
1787281106,23.73,1022,86
1787281107,24.11,1022,86
1787281108,24.21,1022,86
1787281109,23.87,1022,86
1787281110,23.60,1022,86
1787281111,23.51,1022,86
1787281112,23.40,1022,85
1787281113,23.30,1022,86
1787281114,23.17,1022,85
1787281115,23.11,1022,85
1787281116,23.02,1022,86
1787281117,23.03,1022,86
1787281118,22.99,1022,85
1787281119,23.04,1022,86
1787281120,22.91,1022,86
1787281121,23.05,1022,86
1787281122,23.20,1022,86
1787281123,23.30,1022,86
1787281124,23.53,1022,86
1787281125,23.63,1022,86
1787281126,23.62,1022,86
1787281127,23.30,1022,86
1787281128,22.86,1022,86
1787281129,22.78,1022,86
1787281130,22.83,1022,86
1787281131,22.62,1022,86
1787281132,22.73,1022,86
1787281133,22.70,1022,86
1787281134,22.70,1022,86
1787281135,22.56,1022,86
1787281136,22.45,1022,86
1787281137,19.58,1039,85
1787281138,15.37,381,84
1787281139,14.59,381,84
1787281140,11.83,381,83
1787281141,10.37,380,82
1787281142,10.21,379,82
1787281143,10.20,379,82
1787281144,10.17,371,82
1787281145,10.58,438,82
1787281146,10.04,437,81
1787281147,10.03,437,81
1787281148,9.98,437,81
1787281149,10.22,322,81
1787281150,10.14,322,81
1787281151,9.68,322,81
1787281152,9.83,322,81
1787281153,10.60,2182,81
1787281154,19.92,2736,83
1787281155,24.75,2736,84
1787281156,24.75,2736,84
1787281157,24.75,2736,84
1787281158,24.99,2736,84
1787281159,24.95,2736,84
1787281160,24.83,2736,85
1787281161,24.76,2736,85
1787281162,24.56,2736,85
1787281163,24.33,2736,85
1787281164,24.13,2736,85
1787281165,24.02,2736,85
1787281166,23.96,2736,85
1787281167,23.92,2736,85
1787281168,23.88,2736,85
1787281169,23.84,2736,85
1787281170,23.81,2736,85
1787281171,23.84,2736,85
1787281172,23.69,2736,85
1787281173,23.55,2736,85
1787281174,23.61,2736,85
1787281175,22.73,2736,84
1787281176,20.14,2736,85
1787281177,23.95,2736,85
1787281178,23.95,2736,85
1787281179,24.02,2736,85
1787281180,24.12,2736,85
1787281181,23.67,2736,85
1787281182,23.32,2736,85
1787281183,24.19,2736,85
1787281184,24.69,2736,85
1787281185,24.62,2736,85
1787281186,24.06,2742,85
1787281187,23.79,2742,85
1787281188,23.67,2742,85
1787281189,23.49,2742,85
1787281190,23.47,2742,85
1787281191,23.31,2742,85
1787281192,23.27,2742,85
1787281193,23.25,2742,85
1787281194,23.27,2742,85
1787281195,23.24,2742,85
1787281196,23.24,2742,85
1787281197,23.24,2742,85
1787281198,23.34,2742,85
1787281199,23.40,2742,85
1787281200,23.70,2742,86
1787281201,23.81,2742,86
1787281202,24.08,2742,86
1787281203,24.30,2742,86
1787281204,23.91,2742,86
1787281205,23.29,2742,85
1787281206,22.97,2742,85
1787281207,22.95,2742,86
1787281208,22.98,2742,85
1787281209,22.93,2742,85
1787281210,22.90,2742,85
1787281211,22.89,2742,85
1787281212,22.91,2742,86
1787281213,22.88,2742,85
1787281214,23.04,2762,86
1787281215,15.80,2756,84
1787281216,14.12,298,84
1787281217,12.93,298,83
1787281218,10.35,297,82
1787281219,10.21,296,82
1787281220,10.03,296,82
1787281221,10.08,296,82
1787281222,10.08,353,81
1787281223,17.05,359,84
1787281224,29.81,359,86
1787281225,37.76,364,87
1787281226,36.07,361,86
1787281227,34.50,356,87
1787281228,34.35,356,87
1787281229,34.24,352,87
1787281230,34.08,352,87
1787281231,34.08,352,87
1787281232,33.95,352,87
1787281233,33.83,352,87
1787281234,33.98,352,87
1787281235,34.01,352,87
1787281236,34.06,352,87
1787281237,34.14,352,87
1787281238,34.17,352,87
1787281239,34.08,352,87
1787281240,34.22,352,87
1787281241,34.37,352,87
1787281242,34.37,352,87
1787281243,34.27,352,87
1787281244,34.27,352,87
1787281245,34.38,352,87
1787281246,34.30,352,87
1787281247,34.30,352,87
1787281248,34.29,352,88
1787281249,34.31,352,87
1787281250,34.41,352,88
1787281251,34.37,352,88
1787281252,34.46,352,87
1787281253,34.43,352,88
1787281254,34.47,352,88
1787281255,34.47,352,88
1787281256,34.34,352,88
1787281257,34.32,352,88
1787281258,34.34,352,88
1787281259,34.29,352,88
1787281260,34.16,352,88
1787281261,34.20,352,88
1787281262,33.85,352,88
1787281263,33.90,352,88
1787281264,33.91,352,88
1787281265,33.77,352,88
1787281266,34.03,352,88
1787281267,34.11,352,88
1787281268,34.27,352,88
1787281269,34.22,352,88
1787281270,34.21,352,88
1787281271,34.19,352,88
1787281272,34.23,352,88
1787281273,34.32,352,88
1787281274,34.14,352,88
1787281275,34.27,352,88
1787281276,34.06,352,88
1787281277,34.04,352,88
1787281278,34.00,352,88
1787281279,34.05,352,88
1787281280,33.99,352,88
1787281281,33.79,352,88
1787281282,33.81,352,88
1787281283,29.14,360,86
1787281284,15.67,288,85
1787281285,14.93,288,84
1787281286,14.04,288,84
1787281287,11.59,287,83
1787281288,10.47,286,82
1787281289,10.30,286,82
1787281290,10.20,278,82
1787281291,10.59,326,82
1787281292,10.65,462,82
1787281293,21.56,461,84
1787281294,23.46,451,84
1787281295,23.58,450,84
1787281296,23.67,450,85
1787281297,23.78,450,85
1787281298,23.64,450,85
1787281299,23.52,450,85
1787281300,23.34,450,85
1787281301,23.22,450,85
1787281302,23.00,450,85
1787281303,22.90,450,85
1787281304,22.81,450,85
1787281305,22.77,450,85
1787281306,22.74,450,85
1787281307,22.80,450,85
1787281308,22.84,450,85
1787281309,22.88,450,85
1787281310,22.90,450,85
1787281311,22.75,450,85
1787281312,22.52,450,85
1787281313,22.92,450,85
1787281314,23.37,450,85
1787281315,23.03,450,85
1787281316,22.88,450,85
1787281317,22.95,450,85
1787281318,22.97,450,85
1787281319,22.83,450,85
1787281320,22.44,450,85
1787281321,22.57,450,85
1787281322,23.14,450,85
1787281323,23.45,450,85
1787281324,23.52,450,85
1787281325,23.01,450,85
1787281326,22.90,450,85
1787281327,22.81,450,85
1787281328,22.67,450,85
1787281329,22.66,450,85
1787281330,22.54,450,85
1787281331,22.36,450,85
1787281332,22.28,450,85
1787281333,22.28,450,85
1787281334,22.33,450,85
1787281336,22.35,450,85
1787281337,22.39,450,85
1787281338,22.39,450,85
1787281339,22.42,450,85
1787281340,22.47,450,85
1787281341,22.65,450,86
1787281342,22.85,450,85
1787281343,23.05,450,86
1787281344,22.77,450,86
1787281345,22.34,450,85
1787281346,22.37,450,86
1787281347,21.89,450,85
1787281348,21.80,450,85
1787281349,21.57,450,85
1787281350,21.47,450,85
1787281351,21.30,450,85
1787281352,21.67,450,85
1787281353,21.65,452,85
1787281354,20.25,456,85
1787281355,15.50,308,84
1787281356,14.90,308,84
1787281357,10.50,308,82
1787281358,10.41,307,82
1787281359,10.25,307,82
1787281360,10.23,306,82
1787281361,10.20,298,81
1787281362,12.06,390,82
1787281363,17.17,433,84
1787281364,26.09,424,85
1787281365,26.62,424,85
1787281366,26.69,422,85
1787281367,26.85,418,85
1787281368,27.29,416,85
1787281369,27.60,416,85
1787281370,27.35,416,85
1787281371,26.91,416,85
1787281372,26.68,416,86
1787281373,26.61,416,86
1787281374,26.30,416,86
1787281375,25.98,416,86
1787281376,25.85,416,86
1787281377,25.90,416,86
1787281378,25.52,416,86
1787281379,25.20,416,86
1787281380,25.15,416,86
1787281381,25.47,416,86
1787281382,25.69,416,86
1787281383,25.62,416,86
1787281384,25.72,416,86
1787281385,25.66,416,86
1787281386,25.23,416,86
1787281387,25.05,416,86
1787281388,24.84,416,86
1787281389,24.88,416,86
1787281390,25.57,416,86
1787281391,26.28,416,86
1787281392,26.60,416,86
1787281393,26.12,416,86
1787281394,25.52,416,86
1787281395,25.31,416,86
1787281396,25.40,416,86
1787281397,25.57,416,86
1787281398,25.62,416,86
1787281399,25.38,416,86
1787281400,24.37,416,86
1787281401,24.93,416,86
1787281402,26.18,416,86
1787281403,26.58,416,86
1787281404,24.18,416,86
1787281405,22.30,416,86
1787281406,21.98,416,85
1787281407,21.79,416,85
1787281408,21.64,416,85
1787281409,21.21,416,85
1787281410,21.06,416,85
1787281411,21.15,416,85
1787281412,21.23,416,85
1787281413,21.32,416,85
1787281414,21.58,416,85
1787281415,21.84,416,85
1787281416,21.96,416,85
1787281417,21.49,416,85
1787281418,20.79,416,85
1787281419,20.71,416,85
1787281420,20.61,416,85
1787281421,20.50,416,85
1787281422,20.55,416,85
1787281423,20.32,449,85
1787281424,16.06,444,84
1787281425,13.46,321,83
1787281426,10.43,321,82
1787281427,10.23,321,82
1787281428,10.08,320,82
1787281429,10.02,320,82
1787281430,10.00,319,81
1787281431,9.91,332,81
1787281432,12.00,420,83
1787281433,29.70,380,85
1787281434,29.35,375,85
1787281435,29.76,374,85
1787281436,29.92,369,85
1787281437,29.82,365,85
1787281438,29.56,365,85
1787281439,29.44,365,86
1787281440,29.90,365,86
1787281441,29.64,365,86
1787281442,29.55,365,86
1787281443,29.74,365,86
1787281444,29.74,365,86
1787281445,29.87,365,86
1787281446,29.37,365,86
1787281447,29.52,365,86
1787281448,30.71,365,86
1787281449,29.75,365,86
1787281450,29.51,365,86
1787281451,29.68,365,86
1787281452,29.53,365,86
1787281453,29.63,365,86
1787281454,30.39,365,86
1787281455,30.60,365,86
1787281456,30.59,365,86
1787281457,30.29,365,86
1787281458,30.37,365,86
1787281459,31.11,365,87
1787281460,31.22,365,87
1787281461,31.54,365,87
1787281462,31.63,365,87
1787281463,31.65,365,87
1787281464,31.58,365,87
1787281465,31.49,365,87
1787281466,31.47,365,87
1787281467,31.60,365,87
1787281468,31.35,365,87
1787281469,30.07,365,87
1787281470,29.96,365,87
1787281471,31.23,365,87
1787281472,31.08,365,87
1787281473,30.95,365,87
1787281474,30.74,365,87
1787281475,31.29,365,87
1787281476,31.58,365,87
1787281477,29.97,365,87
1787281478,30.34,365,87
1787281479,30.47,365,87
1787281480,30.98,365,87
1787281481,30.74,365,87
1787281482,30.76,365,87
1787281483,30.23,365,87
1787281484,29.86,365,87
1787281485,30.33,365,87
1787281486,29.75,365,87
1787281487,29.30,365,87
1787281488,29.93,365,87
1787281489,29.62,365,87
1787281490,29.32,365,87
1787281491,29.70,365,87
1787281492,29.42,372,87
1787281493,25.65,377,85
1787281494,15.40,375,85
1787281495,14.83,371,84
1787281496,12.60,370,83
1787281497,10.30,370,82
1787281498,10.28,369,82
1787281499,10.06,369,82
1787281500,10.03,361,82
1787281501,12.60,433,83
1787281502,16.64,440,83
1787281503,15.48,453,83
1787281504,11.14,453,81
1787281505,13.33,445,82
1787281506,15.16,441,83
1787281507,13.84,441,82
1787281508,12.59,1015,82
1787281509,16.26,2946,83
1787281510,15.86,3807,82
1787281511,14.75,3806,82
1787281512,12.62,3804,81
1787281513,13.45,3787,82
1787281514,17.82,3787,83
1787281515,18.61,3787,83
1787281516,19.31,3787,83
1787281517,19.86,3791,83
1787281518,20.40,3791,83
1787281519,21.34,3791,84
1787281520,21.90,3791,84
1787281521,23.20,3791,84
1787281522,25.91,3791,85
1787281523,32.51,3791,87
1787281524,37.56,3791,87
1787281525,34.32,3791,87
1787281526,34.37,3791,87
1787281527,33.69,3800,87
1787281528,29.62,3800,86
1787281529,29.06,3800,86
1787281530,28.32,3800,86
1787281531,29.41,3800,86
1787281532,28.02,3800,86
1787281533,28.32,3800,86
1787281534,28.35,3800,86
1787281535,26.42,3800,85
1787281536,25.02,3800,85
1787281537,23.26,3800,85
1787281538,21.02,3800,84
1787281539,19.61,3800,84
1787281540,19.03,3800,84
1787281541,18.88,3800,83
1787281542,18.84,3785,83
1787281543,18.64,3792,83
1787281544,18.54,3792,83
1787281545,18.90,3792,83
1787281546,20.16,3792,83
1787281547,21.89,3792,84
1787281548,24.16,3792,84
1787281549,29.11,3792,86
1787281550,36.88,3794,87
1787281551,33.54,3794,86
1787281552,31.26,3786,86
1787281553,33.35,3786,86
1787281554,32.12,3786,86
1787281555,32.11,3786,86
1787281556,32.00,3786,86
1787281557,31.82,3786,86
1787281558,32.02,3786,86
1787281559,32.27,3786,87
1787281560,32.70,3786,87
1787281561,33.10,3786,87
1787281562,33.32,3786,87
1787281563,32.68,3786,87
1787281564,30.81,3786,87
1787281565,30.15,3786,86
1787281566,29.83,3790,87
1787281567,29.75,3790,87
1787281568,29.59,3790,87
1787281569,29.31,3331,86
1787281571,17.71,224,84
1787281572,15.19,224,84
1787281573,13.64,223,83
1787281574,10.34,223,82
1787281575,10.25,222,82
1787281576,9.96,221,82
1787281577,9.95,221,81
1787281578,9.94,238,81
1787281579,11.87,442,82
1787281580,15.13,442,82
1787281581,15.36,930,82
1787281582,16.96,1189,84
1787281583,30.50,1189,85
1787281584,30.34,1184,85
1787281585,30.03,1182,85
1787281586,31.15,1182,86
1787281587,31.01,1182,85
1787281588,29.04,1182,86
1787281589,30.69,1182,86
1787281590,31.26,1182,86
1787281591,30.33,1182,86
1787281592,30.53,1182,86
1787281593,30.28,1182,86
1787281594,30.16,1182,86
1787281595,30.63,1182,86
1787281596,30.70,1182,86
1787281597,30.70,1182,86
1787281598,30.98,1182,87
1787281599,31.46,1182,87
1787281600,31.43,1182,87
1787281601,31.58,1182,87
1787281602,32.44,1182,87
1787281603,32.93,1182,87
1787281604,33.14,1182,87
1787281605,32.87,1182,87
1787281606,32.52,1182,87
1787281607,33.06,1182,88
1787281608,33.69,1182,88
1787281609,34.21,1182,88
1787281610,34.23,1182,88
1787281611,32.85,1182,88
1787281612,32.04,1182,88
1787281613,31.55,1182,88
1787281614,31.67,1182,87
1787281615,32.13,1182,88
1787281616,32.99,1182,88
1787281617,32.65,1182,88
1787281618,31.26,1182,88
1787281619,32.70,1182,88
1787281620,33.95,1182,88
1787281621,34.05,1182,88
1787281622,33.69,1182,88
1787281623,33.41,1182,88
1787281624,32.54,1182,88
1787281625,31.54,1182,88
1787281626,31.54,1182,88
1787281627,31.38,1182,88
1787281628,31.38,1182,88
1787281629,31.41,1182,88
1787281630,31.46,1182,88
1787281631,31.70,1182,88
1787281632,32.55,1182,88
1787281633,32.97,1182,89
1787281634,32.79,1182,89
1787281635,31.96,1182,88
1787281636,30.48,1182,88
1787281637,30.03,1182,88
1787281638,29.73,1182,88
1787281639,29.58,1182,88
1787281640,29.52,1182,88
1787281641,26.07,278,87
1787281642,15.81,258,86
1787281643,15.03,258,85
1787281644,13.21,258,84
1787281645,10.47,257,84
1787281646,10.33,256,83
1787281647,10.19,256,83
1787281648,10.16,256,83
1787281649,10.12,361,83
1787281650,19.49,366,85
1787281651,31.79,371,87
1787281652,35.85,368,87
1787281653,34.82,370,87
1787281654,34.59,360,87
1787281655,34.40,360,87
1787281656,34.30,360,88
1787281657,34.34,360,88
1787281658,34.28,360,88
1787281659,34.26,360,88
1787281660,34.19,360,88
1787281661,34.25,366,88
1787281662,34.48,360,88
1787281663,34.56,360,88
1787281664,34.74,366,88
1787281665,34.87,360,88
1787281666,34.87,360,88
1787281667,35.06,360,88
1787281668,35.12,360,88
1787281669,35.26,360,88
1787281670,35.29,360,88
1787281671,35.36,360,88
1787281672,35.46,360,88
1787281673,35.55,360,88
1787281674,35.65,360,88
1787281675,35.67,360,88
1787281676,35.74,360,88
1787281677,35.70,360,89
1787281678,35.79,366,89
1787281679,35.82,360,89
1787281680,35.88,360,89
1787281681,35.87,360,89
1787281682,35.88,360,89
1787281683,35.83,360,89
1787281684,35.80,360,89
1787281685,35.67,360,89
1787281686,35.67,360,89
1787281687,35.41,360,89
1787281688,35.26,360,89
1787281689,35.15,360,89
1787281690,34.94,360,89
1787281691,34.88,360,89
1787281692,34.69,360,89
1787281693,34.76,360,89
1787281694,34.95,360,89
1787281695,35.05,360,89
1787281696,35.16,360,89
1787281697,35.26,360,89
1787281698,35.20,360,89
1787281699,35.23,360,89
1787281700,35.18,360,89
1787281701,35.16,360,89
1787281702,35.12,360,89
1787281703,35.00,360,89
1787281704,35.08,360,89
1787281705,34.90,360,89
1787281706,34.74,360,89
1787281707,34.65,360,89
1787281708,34.69,360,89
1787281709,34.73,360,89
1787281710,26.29,368,86
1787281711,15.53,369,86
1787281712,14.65,369,85
1787281713,13.09,369,84
1787281714,10.42,368,83
1787281715,10.33,367,83
1787281716,10.09,367,83
1787281717,10.11,358,83
1787281718,11.67,345,83
1787281719,15.07,349,84
1787281720,14.88,349,83
1787281721,10.52,338,82
1787281722,10.19,324,82
1787281723,10.10,324,82
1787281724,10.08,324,82
1787281725,9.76,631,82
1787281726,14.57,2345,83
1787281727,23.54,2345,84
1787281728,24.82,2345,85
1787281729,24.79,2345,85
1787281730,24.98,2345,85
1787281731,24.97,2345,85
1787281732,24.86,2345,85
1787281733,24.93,2345,85
1787281734,24.66,2345,85
1787281735,24.56,2345,85
1787281736,24.41,2345,85
1787281737,24.44,2345,85
1787281738,24.50,2345,85
1787281739,24.29,2345,85
1787281740,24.26,2345,85
1787281741,24.31,2345,86
1787281742,24.37,2345,85
1787281743,24.53,2345,85
1787281744,24.71,2345,86
1787281745,24.61,2345,86
1787281746,24.57,2345,86
1787281747,25.19,2345,86
1787281748,23.59,2329,85
1787281749,24.44,2329,86
1787281750,25.09,2329,86
1787281751,25.11,2329,86
1787281752,25.07,2329,86
1787281753,24.67,2329,86
1787281754,24.11,2329,86
1787281755,24.70,2329,86
1787281756,25.30,2329,86
1787281757,26.06,2329,86
1787281758,26.03,2329,86
1787281759,25.58,2329,86
1787281761,25.50,2329,86
1787281761,24.90,2329,86
1787281762,24.73,2329,86
1787281764,24.72,2329,86
1787281765,24.67,2329,86
1787281765,24.69,2329,86
1787281767,24.68,2329,86
1787281768,24.66,2329,86
1787281769,24.73,2329,86
1787281770,24.78,2329,86
1787281771,24.89,2329,86
1787281772,24.94,2329,86
1787281773,25.00,2329,86
1787281774,25.40,2329,86
1787281775,26.02,2329,86
1787281776,26.53,2329,87
1787281777,26.87,2329,86
1787281778,25.62,2329,86
1787281779,24.85,2329,86
1787281780,24.51,2329,86
1787281781,24.45,2329,86
1787281782,24.51,2329,86
1787281783,24.45,2329,86
1787281784,24.43,2329,86
1787281785,24.45,2329,86
1787281786,24.45,2329,86
1787281787,23.89,290,85
1787281788,19.43,270,85
1787281789,14.06,254,84
1787281790,13.84,254,84
1787281791,12.52,254,83
1787281792,10.17,253,83
1787281793,10.21,253,82
1787281794,10.03,252,82
1787281795,10.15,279,82
1787281796,13.95,677,83
1787281797,17.41,1208,85
1787281798,18.58,1453,83
1787281799,15.12,1829,83
1787281800,18.98,1975,86
1787281801,40.97,1967,88
1787281802,40.55,1957,87
1787281803,36.47,1957,87
1787281804,39.66,1957,88
1787281805,39.34,1957,88
1787281806,39.94,1957,88
1787281807,38.32,1957,88
1787281808,39.07,1957,88
1787281809,38.29,1957,88
1787281810,38.41,1957,88
1787281811,41.00,1957,89
1787281812,40.37,1957,89
1787281813,40.07,1957,89
1787281814,39.12,1957,89
1787281815,39.31,1957,89
1787281816,38.24,1957,89
1787281817,35.28,1957,88
1787281818,37.93,1957,89
1787281819,39.39,1957,89
1787281820,37.37,1957,88
1787281821,34.17,1957,88
1787281822,38.96,1957,89
1787281823,38.99,1957,89
1787281824,38.89,1957,89
1787281825,37.27,1957,88
1787281826,34.86,1957,88
1787281827,34.91,1957,88
1787281828,34.92,1957,88
1787281829,34.91,1957,88
1787281830,34.91,1957,88
1787281831,34.88,1957,88
1787281832,34.92,1957,88
1787281833,34.89,1957,88
1787281834,34.96,1957,88
1787281835,34.91,1957,88
1787281836,35.09,1957,88
1787281837,34.96,1957,88
1787281838,35.02,1957,88
1787281839,35.10,1957,88
1787281840,34.94,1957,88
1787281841,35.12,1957,88
1787281842,35.04,1957,88
1787281843,34.97,1957,88
1787281844,35.16,1957,88
1787281845,35.04,1957,88
1787281846,35.08,1957,88
1787281847,35.01,1957,89
1787281848,35.01,1957,89
1787281849,35.07,1957,88
1787281850,35.15,1957,88
1787281851,35.10,1957,89
1787281852,35.07,1957,88
1787281853,35.03,1957,89
1787281854,35.08,1957,89
1787281855,35.14,1957,88
1787281856,35.10,1957,89
1787281857,34.60,277,88
1787281858,16.82,265,85
1787281859,14.18,256,85
1787281860,13.95,255,85
1787281861,11.05,255,83
1787281862,10.25,254,83
1787281863,10.17,254,83
1787281864,10.24,245,82
1787281865,10.32,404,82
1787281866,14.46,765,83
1787281867,21.28,763,85
1787281868,27.91,757,86
1787281869,28.15,756,86
1787281870,27.92,751,86
1787281871,27.76,751,86
1787281872,28.06,751,86
1787281873,27.60,751,86
1787281874,27.20,751,86
1787281875,27.65,751,86
1787281876,27.21,751,86
1787281877,26.97,751,86
1787281878,26.69,751,86
1787281879,26.16,751,86
1787281880,26.08,751,86
1787281881,26.10,751,86
1787281882,26.16,751,86
1787281883,26.17,751,86
1787281884,26.44,751,86
1787281885,26.62,751,86
1787281886,26.48,751,87
1787281887,26.59,751,87
1787281888,27.13,751,87
1787281889,27.47,751,87
1787281890,27.54,751,87
1787281891,27.10,751,87
1787281892,27.14,751,87
1787281893,27.43,751,87
1787281894,28.25,751,87
1787281895,28.76,751,87
1787281896,28.04,751,87
1787281897,26.89,751,87
1787281898,26.82,751,87
1787281899,26.89,751,87
1787281900,27.04,751,87
1787281901,27.37,751,87
1787281902,27.36,751,87
1787281903,26.51,751,87
1787281904,26.54,751,87
1787281905,27.76,751,87
1787281906,28.28,751,87
1787281907,28.07,751,87
1787281908,27.61,751,87
1787281909,27.31,751,87
1787281910,26.70,751,87
1787281911,26.36,751,87
1787281912,26.30,751,87
1787281913,26.30,751,87
1787281914,26.43,751,87
1787281915,26.38,751,87
1787281916,26.49,751,87
1787281917,26.92,751,87
1787281918,27.23,751,87
1787281919,27.43,751,87
1787281920,27.17,751,87
1787281921,26.18,751,87
1787281922,25.69,751,87
1787281923,25.40,751,87
1787281924,25.19,751,87
1787281925,25.07,751,87
1787281926,24.89,832,87
1787281927,17.87,276,85
1787281928,15.20,259,85
1787281929,13.07,259,84
1787281930,10.37,258,83
1787281931,10.28,258,83
1787281932,10.09,257,83
1787281933,10.02,257,83
1787281934,9.95,248,82
1787281935,12.18,617,83
1787281936,25.14,620,86
1787281937,33.76,614,87
1787281938,35.66,614,87
1787281939,34.26,614,87
1787281940,34.20,609,87
1787281941,34.26,609,87
1787281942,34.03,609,87
1787281943,33.92,605,87
1787281944,33.91,605,87
1787281945,33.87,605,87
1787281946,33.91,605,87
1787281947,33.97,605,87
1787281948,33.97,605,87
1787281949,33.92,605,87
1787281950,33.93,605,87
1787281951,34.04,605,87
1787281952,34.12,605,87
1787281953,34.13,605,88
1787281954,34.07,605,88
1787281955,34.08,605,87
1787281956,34.30,605,88
1787281957,34.18,605,88
1787281958,34.43,605,88
1787281959,34.52,605,88
1787281960,34.59,605,88
1787281961,34.39,605,88
1787281962,34.44,605,88
1787281963,34.40,605,88
1787281964,34.44,605,88
1787281965,34.49,605,88
1787281967,34.42,605,88
1787281967,34.45,605,88
1787281968,34.38,605,88
1787281969,34.39,605,88
1787281970,34.54,605,88
1787281972,34.60,605,88
1787281973,34.31,605,88
1787281974,34.24,605,88
1787281975,34.35,605,88
1787281976,34.41,609,88
1787281977,34.31,609,88
1787281978,34.28,610,88
1787281979,34.33,610,88
1787281980,34.33,607,88
1787281981,34.29,607,88
1787281982,34.32,607,88
1787281983,34.49,607,88
1787281984,34.52,607,88
1787281985,34.42,607,88
1787281986,34.31,607,88
1787281987,34.35,607,88
1787281988,34.30,607,88
1787281989,34.32,607,88
1787281990,34.31,607,88
1787281991,34.22,607,88
1787281992,34.22,607,88
1787281993,34.24,607,88
1787281994,34.22,607,88
1787281995,34.18,607,88
1787281996,34.18,607,88
1787281997,30.56,246,86
1787281998,15.31,225,85
1787281999,14.71,225,85
1787282000,13.75,224,84
1787282001,11.73,224,83
1787282002,10.16,223,83
1787282003,10.09,223,82
1787282004,9.92,215,82
1787282005,10.61,417,83
1787282006,14.76,1080,83
1787282007,14.98,1688,83
1787282008,14.82,2100,83
1787282009,18.07,2313,83
1787282010,26.74,2341,86
1787282011,20.53,2641,83
1787282012,14.99,2949,83
1787282013,12.68,3229,82
1787282014,10.70,3473,82
1787282015,10.53,3725,81
1787282016,10.38,3883,81
1787282017,10.81,3885,81
1787282018,22.99,3868,85
1787282019,38.96,3860,85
1787282020,35.26,3860,86
1787282021,35.51,3860,86
1787282022,34.28,3860,86
1787282023,35.04,3860,86
1787282024,35.17,3860,86
1787282025,35.64,3860,87
1787282026,34.88,3860,87
1787282027,34.85,3860,87
1787282028,35.09,3860,87
1787282029,35.28,3860,87
1787282030,34.96,3860,87
1787282031,35.26,3860,87
1787282032,35.53,3860,87
1787282033,35.31,3860,87
1787282034,35.17,3860,87
1787282035,35.86,3860,87
1787282036,36.17,3860,87
1787282037,35.92,3860,88
1787282038,35.42,3860,87
1787282039,35.98,3860,87
1787282040,36.09,3860,88
1787282041,36.32,3860,88
1787282042,36.17,3860,88
1787282043,35.94,3860,88
1787282044,36.14,3860,88
1787282045,36.12,3860,88
1787282046,36.06,3860,88
1787282047,35.40,3860,88
1787282048,36.15,3860,88
1787282049,36.37,3860,88
1787282050,35.34,3860,88
1787282051,35.58,3860,88
1787282052,35.51,3860,88
1787282053,35.46,3860,88
1787282054,36.07,3860,88
1787282055,35.51,3860,88
1787282056,35.21,3860,88
1787282057,35.74,3860,88
1787282058,35.50,3860,88
1787282059,35.40,3860,88
1787282060,34.96,3860,88
1787282061,35.35,3860,88
1787282062,35.35,3860,88
1787282063,35.16,3860,88
1787282064,34.93,3860,88
1787282065,35.27,3860,88
1787282066,35.61,3860,88
1787282067,35.75,3860,88
1787282068,31.47,247,86
1787282069,15.31,242,85
1787282070,14.76,233,85
1787282071,13.79,232,84
1787282072,11.21,232,83
1787282073,10.16,231,83
1787282074,10.23,231,82
1787282075,9.99,222,82
1787282076,10.22,457,82
1787282077,21.57,468,85
1787282078,31.41,464,86
1787282079,38.19,463,87
1787282080,34.54,455,87
1787282081,34.35,455,87
1787282082,34.32,455,87
1787282083,34.32,455,87
1787282084,34.27,455,87
1787282085,34.26,455,87
1787282086,34.38,455,87
1787282087,34.39,455,87
1787282088,34.36,455,87
1787282089,34.39,455,87
1787282090,34.53,455,87
1787282091,34.51,455,87
1787282092,34.43,455,87
1787282093,34.51,455,87
1787282094,34.58,455,87
1787282095,34.38,455,87
1787282096,34.44,455,87
1787282097,34.54,455,87
1787282098,34.50,455,87
1787282099,34.50,455,87
1787282100,34.60,455,87
1787282101,34.65,455,87
1787282102,34.83,455,87
1787282103,34.79,455,87
1787282104,34.45,455,87
1787282105,34.35,455,87
1787282106,34.45,455,87
1787282107,34.56,455,88
1787282108,34.55,455,87
1787282109,34.55,455,87
1787282110,34.50,455,87
1787282111,34.48,455,87
1787282112,34.54,455,88
1787282113,34.48,455,88
1787282114,34.54,455,88
1787282115,34.37,455,88
1787282116,34.14,455,87
1787282117,34.15,455,88
1787282118,34.22,455,87
1787282119,34.26,455,88
1787282120,34.47,455,88
1787282121,34.53,455,88
1787282122,34.55,455,88
1787282123,34.58,455,88
1787282124,34.54,455,88
1787282125,34.55,455,88
1787282126,34.60,455,88
1787282127,34.61,455,88
1787282128,34.54,455,88
1787282129,34.58,455,88
1787282130,34.58,455,88
1787282131,34.64,455,88
1787282132,34.57,455,88
1787282133,34.51,455,88
1787282134,34.50,455,88
1787282135,34.49,455,88
1787282137,34.58,460,88
1787282138,26.94,290,85
1787282139,15.35,266,85
1787282140,14.51,266,84
1787282141,13.88,265,84
1787282142,11.56,265,83
1787282143,10.23,264,82
1787282144,10.15,264,82
1787282145,9.91,255,82
1787282146,10.67,409,82
1787282147,25.82,421,85
1787282148,29.30,388,85
1787282149,29.24,375,86
1787282150,29.48,375,85
1787282151,28.59,369,86
1787282152,28.17,364,86
1787282153,29.00,364,86
1787282154,28.72,364,86
1787282155,28.66,364,86
1787282156,28.53,364,86
1787282157,28.17,364,86
1787282158,28.46,364,86
1787282159,28.88,364,86
1787282160,28.91,364,86
1787282161,29.05,364,86
1787282162,29.45,364,86
1787282163,28.98,364,86
1787282164,28.92,364,86
1787282165,28.62,364,86
1787282166,29.18,364,86
1787282167,29.31,364,86
1787282168,29.30,364,86
1787282169,29.12,364,86
1787282170,29.11,364,86
1787282171,28.91,364,86
1787282172,29.03,364,86
1787282173,29.15,364,87
1787282174,29.43,364,87
1787282175,29.48,364,87
1787282176,29.55,364,87
1787282177,28.79,364,86
1787282178,29.33,364,86
1787282179,29.19,364,87
1787282180,29.95,364,87
1787282181,29.60,364,87
1787282182,29.20,364,87
1787282183,29.80,364,87
1787282184,29.22,364,87
1787282185,29.05,364,87
1787282186,29.36,364,87
1787282187,29.28,364,87
1787282188,28.90,364,87
1787282189,29.12,364,87
1787282190,28.59,364,87
1787282191,29.13,364,87
1787282192,29.14,364,87
1787282193,29.57,364,87
1787282194,28.78,364,87
1787282195,29.20,364,87
1787282196,29.43,364,87
1787282197,29.24,364,87
1787282198,29.05,364,87
1787282199,29.34,364,87
1787282200,29.33,364,87
1787282201,29.48,364,87
1787282202,28.30,364,87
1787282203,28.40,364,87
1787282204,29.34,364,87
1787282205,28.94,364,87
1787282206,28.65,364,87
1787282207,28.70,376,87
1787282208,20.91,376,85
1787282209,14.99,377,85
1787282210,12.82,371,83
1787282211,10.20,370,83
1787282212,9.97,369,82
1787282213,9.82,369,82
1787282214,9.74,368,82
1787282215,9.88,307,81
1787282216,13.87,349,83
1787282217,14.77,356,83
1787282218,15.88,744,83
1787282219,21.52,740,84
1787282220,22.28,736,84
1787282221,22.17,736,84
1787282222,22.37,736,84
1787282223,22.20,736,84
1787282224,22.13,736,84
1787282225,22.09,736,84
1787282226,21.91,736,85
1787282227,21.79,736,84
1787282228,21.74,736,84
1787282229,21.73,736,85
1787282230,21.50,736,84
1787282231,21.37,736,84
1787282232,21.32,736,85
1787282233,21.45,736,85
1787282234,21.53,736,85
1787282235,21.64,735,85
1787282236,21.57,735,85
1787282237,21.53,735,85
1787282238,21.67,735,85
1787282239,21.87,735,85
1787282240,22.05,735,85
1787282241,21.92,735,85
1787282242,21.87,735,85
1787282243,21.93,735,85
1787282244,21.89,735,85
1787282245,21.81,735,85
1787282246,21.59,735,85
1787282247,21.86,735,85
1787282248,21.99,735,85
1787282249,22.22,735,85
1787282250,22.02,735,85
1787282251,21.74,735,85
1787282252,21.69,736,85
1787282253,21.65,736,85
1787282254,21.58,736,85
1787282255,21.54,736,85
1787282256,21.55,736,85
1787282257,21.56,736,85
1787282258,21.48,736,85
1787282259,21.50,736,85
1787282260,21.59,736,85
1787282261,21.65,736,85
1787282262,21.51,736,85
1787282263,21.51,736,85
1787282264,21.66,736,85
1787282265,21.82,736,85
1787282266,21.89,736,85
1787282267,21.95,736,85
1787282268,21.90,736,85
1787282269,21.58,736,85
1787282270,21.47,736,85
1787282271,21.39,736,85
1787282272,21.44,736,85
1787282273,21.36,736,85
1787282274,21.33,736,85
1787282275,21.37,736,85
1787282276,21.33,736,85
1787282277,21.35,736,85
1787282278,21.44,304,85
1787282279,15.45,283,84
1787282280,13.77,258,84
1787282281,11.94,258,82
1787282282,9.98,258,82
1787282283,9.88,257,82
1787282284,9.82,257,81
1787282285,9.73,256,81
1787282286,9.76,277,81
1787282287,12.98,296,82
1787282288,14.64,296,82
1787282289,14.61,295,82
1787282290,12.21,603,81
1787282291,15.65,1055,83
1787282292,23.10,1054,84
1787282293,23.13,1048,84
1787282294,23.12,1048,84
1787282295,23.21,1048,84
1787282296,23.17,1048,84
1787282297,23.14,1048,84
1787282298,23.02,1048,84
1787282299,22.88,1048,84
1787282300,22.82,1048,84
1787282301,22.74,1048,84
1787282302,22.57,1048,84
1787282303,22.32,1048,84
1787282304,22.20,1048,84
1787282305,22.22,1048,84
1787282306,22.26,1048,84
1787282307,22.38,1048,84
1787282308,22.52,1048,84
1787282309,22.64,1048,84
1787282310,22.58,1048,84
1787282311,22.67,1048,84
1787282312,23.01,1048,85
1787282313,23.14,1048,85
1787282314,22.95,1048,85
1787282315,22.91,1048,85
1787282316,22.91,1048,85
1787282317,22.94,1048,85
1787282318,22.64,1048,85
1787282319,22.54,1048,85
1787282320,23.00,1048,85
1787282321,23.25,1048,85
1787282322,23.60,1048,85
1787282323,23.27,1048,85
1787282324,22.93,1048,85
1787282325,22.76,1048,85
1787282326,22.77,1048,85
1787282327,22.78,1048,85
1787282328,22.76,1048,85
1787282329,22.69,1048,85
1787282330,22.61,1048,85
1787282331,22.71,1048,85
1787282332,22.73,1048,85
1787282333,22.75,1048,85
1787282334,22.71,1048,85
1787282335,22.77,1048,85
1787282336,22.70,1048,85
1787282337,22.73,1048,85
1787282338,22.94,1048,85
1787282339,23.06,1048,85
1787282340,23.17,1048,85
1787282341,23.03,1048,85
1787282342,22.80,1048,85
1787282343,22.76,1048,85
1787282344,22.72,1048,85
1787282345,22.72,1048,85
1787282346,22.61,1048,85
1787282347,22.62,1048,85
1787282348,22.61,1048,85
1787282349,22.63,1048,85
1787282350,22.56,1048,85
1787282351,22.13,273,84
1787282352,15.24,273,84
1787282353,14.75,261,83
1787282354,13.77,259,83
1787282355,11.28,258,82
1787282356,10.08,258,82
1787282357,9.91,253,81
1787282358,9.86,245,81
1787282359,9.92,357,81
1787282360,12.17,378,81
1787282361,10.64,371,81
1787282362,11.43,371,81
1787282363,12.76,1616,82
1787282364,30.46,1615,85
1787282365,34.62,1613,86
1787282366,34.74,1613,86
1787282367,33.27,1613,86
1787282368,34.80,1613,86
1787282369,35.08,1613,87
1787282370,35.65,1613,87
1787282371,34.05,1613,87
1787282372,33.43,1613,87
1787282373,33.33,1613,87
1787282374,32.85,1613,87
1787282375,32.60,1613,87
1787282376,32.01,1613,87
1787282377,31.55,1613,87
1787282378,31.23,1613,87
1787282379,31.37,1613,87
1787282380,31.08,1613,87
1787282381,31.31,1613,87
1787282382,31.79,1613,87
1787282383,31.19,1613,87
1787282384,31.31,1613,87
1787282385,31.50,1613,88
1787282386,31.64,1613,87
1787282387,31.84,1613,88
1787282388,31.42,1613,88
1787282389,30.93,1613,88
1787282390,31.28,1613,88
1787282391,32.22,1613,88
1787282392,32.92,1613,88
1787282393,32.79,1613,88
1787282394,31.38,1613,88
1787282395,30.60,1613,88
1787282396,30.61,1613,88
1787282397,30.79,1613,88
1787282398,31.30,1613,88
1787282399,32.22,1613,88
1787282400,32.36,1613,88
1787282401,32.06,1613,88
1787282402,32.06,1613,88
1787282403,33.03,1613,88
1787282404,32.23,1613,88
1787282405,29.91,1613,88
1787282406,29.50,1613,88
1787282407,29.10,1613,88
1787282408,29.02,1613,88
1787282409,28.55,1613,88
1787282410,28.46,1613,88
1787282411,28.44,1613,88
1787282412,28.36,1613,88
1787282413,28.35,1613,88
1787282414,28.53,1613,88
1787282415,28.61,1613,88
1787282416,28.51,1613,88
1787282417,28.22,1613,88
1787282418,27.57,1613,88
1787282419,27.30,1613,88
1787282420,26.90,1613,88
1787282421,26.67,1613,88
1787282422,26.67,1613,87
1787282423,26.26,1676,87
1787282424,18.23,1691,86
1787282425,15.42,320,85
1787282426,13.64,320,84
1787282427,10.52,320,84
1787282428,10.23,319,83
1787282429,10.13,319,83
1787282430,10.02,318,83
1787282431,9.99,310,83
1787282432,13.31,433,84
1787282433,30.21,395,86
1787282434,32.18,390,87
1787282435,32.10,385,87
1787282436,31.76,384,87
1787282437,32.00,378,87
1787282438,33.05,378,87
1787282439,32.38,378,87
1787282440,32.50,378,87
1787282441,32.44,378,87
1787282442,32.48,378,88
1787282443,33.08,378,88
1787282444,33.17,378,88
1787282445,33.21,378,88
1787282446,33.35,378,88
1787282447,34.08,378,88
1787282448,33.76,378,88
1787282449,34.43,378,88
1787282450,34.56,378,88
1787282451,35.06,378,89
1787282452,36.10,378,89
1787282453,35.08,378,89
1787282454,36.05,378,89
1787282455,36.06,378,89
1787282456,35.74,378,88
1787282457,32.82,378,88
1787282458,32.84,378,88
1787282459,32.88,378,88
1787282461,32.89,378,88
1787282462,32.94,378,88
1787282463,32.92,378,88
1787282464,33.00,378,88
1787282465,32.81,378,88
1787282466,32.96,378,88
1787282467,32.91,378,88
1787282468,33.00,378,88
1787282469,33.00,378,88
1787282470,32.89,378,88
1787282471,32.92,378,88
1787282472,32.88,378,88
1787282473,32.95,378,88
1787282474,32.86,378,88
1787282475,32.96,378,88
1787282476,33.21,378,88
1787282477,33.28,378,88
1787282478,33.30,378,89
1787282479,33.09,378,88
1787282480,32.94,378,88
1787282481,33.02,378,88
1787282482,33.04,378,88
1787282483,32.98,378,88
1787282484,33.10,378,89
1787282485,33.09,378,88
1787282486,33.17,378,89
1787282487,33.10,378,89
1787282488,33.14,378,89
1787282489,33.17,378,89
1787282490,33.21,378,89
1787282491,33.29,378,89
1787282492,33.33,378,89
1787282493,33.28,387,89
1787282494,26.83,385,86
1787282495,14.41,378,86
1787282496,13.39,378,84
1787282497,10.28,378,84
1787282498,10.27,377,83
1787282499,10.08,376,83
1787282500,10.01,376,83
1787282501,10.04,376,82
1787282502,13.23,502,84
1787282503,16.00,735,84
1787282504,33.64,850,88
1787282505,45.65,850,89
1787282506,43.18,834,89
1787282507,37.99,834,88
1787282508,37.80,834,88
1787282509,37.83,834,88
1787282510,37.81,834,89
1787282511,37.84,834,89
1787282512,37.81,834,89
1787282513,37.82,834,89
1787282514,37.78,834,89
1787282515,37.77,834,89
1787282516,34.49,834,88
1787282517,36.50,834,89
1787282518,36.46,834,89
1787282519,36.36,834,89
1787282520,36.29,834,89
1787282521,36.25,834,89
1787282522,36.13,834,89
1787282523,36.03,834,89
1787282524,36.00,834,89
1787282525,34.73,834,88
1787282526,31.80,834,89
1787282527,35.80,834,89
1787282528,35.81,834,89
1787282529,35.78,834,89
1787282530,35.77,834,89
1787282531,35.85,834,89
1787282532,35.65,834,89
1787282533,29.71,834,88
1787282534,32.67,834,89
1787282535,35.57,834,89
1787282536,35.61,834,89
1787282537,35.62,834,89
1787282538,35.62,834,89
1787282539,35.55,834,89
1787282540,35.67,834,89
1787282541,30.83,834,88
1787282542,33.98,834,89
1787282543,35.80,834,89
1787282544,33.79,834,88
1787282545,29.83,834,88
1787282546,33.71,834,89
1787282547,35.99,834,89
1787282548,31.77,834,88
1787282549,34.70,834,89
1787282550,35.04,834,89
1787282551,35.13,834,89
1787282552,35.14,834,89
1787282553,35.14,834,89
1787282554,35.11,834,89
1787282555,35.11,834,89
1787282556,35.16,834,89
1787282557,35.18,834,89
1787282558,35.03,834,88
1787282559,30.10,834,89
1787282560,35.04,834,89
1787282561,35.19,834,89
1787282562,31.47,310,88
1787282563,23.16,287,86
1787282564,15.31,287,86
1787282565,14.07,275,84
1787282566,10.35,275,84
1787282567,10.18,274,83
1787282568,10.04,273,83
1787282569,9.98,273,83
1787282570,10.00,292,83
1787282571,11.66,386,84
1787282572,28.58,380,86
1787282573,34.97,376,87
1787282574,36.42,375,88
1787282575,36.23,374,88
1787282576,36.16,374,88
1787282577,36.18,374,88
1787282578,36.24,374,88
1787282579,36.22,374,88
1787282580,36.23,374,88
1787282581,36.32,374,89
1787282582,36.40,374,89
1787282583,36.61,374,89
1787282584,36.92,374,89
1787282585,34.35,374,88
1787282586,30.98,374,88
1787282587,31.04,374,88
1787282588,32.75,374,89
1787282589,36.45,374,89
1787282590,32.43,374,88
1787282591,30.73,374,88
1787282592,34.18,374,89
1787282593,34.64,374,88
1787282594,30.17,374,88
1787282595,34.35,374,89
1787282596,35.70,374,89
1787282597,29.55,374,88
1787282598,33.10,374,89
1787282599,33.35,374,88
1787282600,30.73,374,89
1787282601,34.77,374,89
1787282603,35.10,374,89
1787282604,30.26,374,88
1787282605,30.24,374,88
1787282606,34.25,374,89
1787282607,34.61,374,89
1787282608,34.24,374,89
1787282609,28.79,374,88
1787282610,33.21,374,89
1787282611,33.97,374,89
1787282612,33.94,374,89
1787282613,31.98,374,88
1787282614,28.52,374,88
1787282615,32.90,374,89
1787282616,33.59,374,89
1787282617,29.09,374,89
1787282618,33.15,374,89
1787282619,33.37,374,89
1787282620,33.58,374,89
1787282621,32.78,374,89
1787282622,27.46,374,88
1787282623,32.28,374,89
1787282624,29.60,374,88
1787282625,28.91,374,89
1787282626,33.11,374,89
1787282627,33.43,374,89
1787282628,33.42,374,89
1787282629,28.65,374,88
1787282630,32.18,374,89
1787282631,33.01,374,89
1787282632,32.16,383,89
1787282633,16.30,371,86
1787282634,15.13,371,86
1787282635,13.89,371,85
1787282636,12.00,370,84
1787282637,10.23,369,84
1787282638,10.15,369,83
1787282639,10.07,360,83
1787282640,10.19,395,83
1787282641,19.95,378,86
1787282642,31.41,367,87
1787282643,34.20,360,87
1787282644,34.10,360,88
1787282645,34.32,360,88
1787282646,34.23,360,88
1787282647,34.26,360,88
1787282648,34.43,360,88
1787282649,34.44,360,88
1787282650,34.23,360,88
1787282651,34.24,360,88
1787282652,34.20,360,88
1787282653,34.20,360,88
1787282654,34.28,360,88
1787282655,34.24,360,88
1787282656,34.40,360,89
1787282657,34.45,355,89
1787282658,34.64,355,89
1787282659,34.76,355,89
1787282660,34.76,355,89
1787282661,34.98,355,89
1787282662,35.00,355,89
1787282663,35.03,355,89
1787282664,29.78,355,88
1787282665,30.15,355,88
1787282666,33.39,355,89
1787282667,34.99,355,89
1787282668,35.03,355,89
1787282669,34.53,355,89
1787282670,29.96,355,88
1787282671,33.54,355,89
1787282672,34.64,355,89
1787282673,31.34,355,88
1787282674,28.87,355,88
1787282675,32.42,355,89
1787282676,34.40,355,89
1787282677,29.48,355,88
1787282678,32.06,355,89
1787282679,34.12,355,89
1787282680,34.18,355,89
1787282681,33.14,355,88
1787282682,28.26,355,88
1787282683,30.48,355,88
1787282684,33.50,355,89
1787282685,34.18,355,89
1787282686,31.53,355,88
1787282687,28.27,355,88
1787282688,31.62,355,89
1787282689,33.80,355,89
1787282690,33.97,355,89
1787282691,34.04,355,89
1787282692,34.02,355,89
1787282693,33.94,355,89
1787282694,28.76,355,88
1787282695,30.68,355,89
1787282696,33.46,355,89
1787282697,33.81,355,89
1787282698,29.94,355,88
1787282699,29.94,355,89
1787282700,32.85,355,89
1787282701,27.87,286,87
1787282702,15.44,266,86
1787282703,14.79,266,86
1787282704,13.95,266,85
1787282705,12.33,265,84
1787282706,10.26,265,84
1787282707,10.09,264,83
1787282708,10.02,256,83
1787282709,10.68,388,83
1787282710,11.40,395,83
1787282711,12.74,756,85
1787282712,31.16,757,87
1787282713,33.12,755,87
1787282714,33.17,751,88
1787282715,33.19,755,88
1787282716,33.56,749,88
1787282717,33.76,749,88
1787282718,33.75,749,88
1787282719,32.91,749,88
1787282720,32.85,754,88
1787282721,32.55,748,88
1787282722,32.29,748,88
1787282723,31.88,748,88
1787282724,31.25,748,88
1787282725,30.69,748,88
1787282726,31.03,748,88
1787282727,31.41,748,89
1787282728,30.98,748,88
1787282729,31.20,748,89
1787282730,31.56,748,89
1787282731,30.93,748,88
1787282732,31.01,748,89
1787282733,30.82,748,89
1787282734,30.38,748,88
1787282735,30.40,748,89
1787282736,30.07,748,89
1787282737,29.82,748,89
1787282738,30.31,748,89
1787282739,31.31,748,89
1787282740,32.12,754,89
1787282741,26.50,754,88
1787282742,30.00,754,89
1787282743,30.87,754,89
1787282744,29.51,754,89
1787282745,29.49,754,89
1787282746,29.73,754,89
1787282747,30.29,754,89
1787282748,30.10,754,89
1787282749,30.14,754,89
1787282750,30.59,760,89
1787282751,26.40,754,88
1787282752,25.96,754,88
1787282753,29.54,754,89
1787282754,28.70,754,89
1787282755,28.34,754,88
1787282756,28.09,754,88
1787282757,27.51,754,88
1787282758,27.43,754,88
1787282759,27.41,754,88
1787282760,27.40,754,88
1787282761,27.46,754,88
1787282762,27.73,754,88
1787282763,28.01,754,88
1787282764,28.35,754,88
1787282765,28.23,754,88
1787282766,27.64,754,88
1787282767,27.74,754,88
1787282768,27.15,754,88
1787282769,26.70,754,88
1787282770,26.63,754,88
1787282771,26.62,817,88
1787282772,18.21,796,86
1787282773,14.33,414,86
1787282774,12.76,414,85
1787282775,10.24,414,84
1787282776,10.13,413,84
1787282777,10.01,412,84
1787282778,9.99,412,83
1787282779,9.99,404,83
1787282780,12.24,419,84
1787282781,15.54,424,84
1787282782,15.23,410,84
1787282783,13.86,425,83
1787282784,12.25,1245,83
1787282785,19.03,1899,86
1787282787,30.72,1891,87
1787282787,30.58,1891,87
1787282788,30.56,1891,87
1787282789,31.30,1891,87
1787282791,31.32,1891,87
1787282792,29.95,1891,87
1787282793,30.62,1891,87
1787282794,30.93,1891,88
1787282795,31.23,1891,88
1787282796,31.23,1891,88
1787282797,31.05,1891,88
1787282798,30.70,1891,88
1787282799,31.19,1891,88
1787282800,31.58,1891,88
1787282801,31.66,1891,88
1787282802,31.81,1891,88
1787282803,32.32,1891,88
1787282804,32.19,1891,88
1787282805,32.08,1891,88
1787282806,32.91,1891,89
1787282807,33.86,1891,89
1787282808,34.02,1891,89
1787282809,33.62,1891,89
1787282810,33.01,1891,89
1787282811,33.36,1891,89
1787282812,30.23,1891,88
1787282813,28.11,1891,88
1787282814,32.83,1891,89
1787282815,33.63,1891,89
1787282816,32.29,1891,89
1787282817,32.27,1891,89
1787282818,32.63,1891,89
1787282819,32.42,1891,89
1787282820,29.86,1891,88
1787282821,27.70,1891,88
1787282822,27.75,1891,88
1787282823,32.00,1891,89
1787282824,28.33,1891,88
1787282825,27.85,1891,88
1787282826,27.76,1891,88
1787282827,28.41,1891,88
1787282828,33.72,1891,89
1787282829,32.35,1891,89
1787282830,31.75,1891,89
1787282831,31.85,1891,89
1787282832,31.74,1891,89
1787282833,31.76,1891,89
1787282834,31.87,1891,89
1787282835,30.12,1891,88
1787282836,25.90,1891,88
1787282837,29.81,1891,89
1787282838,31.97,1891,89
1787282839,32.03,1891,89
1787282840,29.47,1891,88
1787282841,25.82,1891,88
1787282842,29.29,1891,89
1787282843,29.91,1891,89
1787282844,29.77,1891,89
1787282845,27.75,296,88
1787282846,16.40,266,86
1787282847,15.06,248,86
1787282848,13.24,248,85
1787282849,10.31,248,84
1787282850,10.27,247,84
1787282851,10.12,247,84
1787282852,10.04,246,83
1787282853,9.99,290,83
1787282854,13.16,290,84
1787282855,16.58,620,85
1787282856,21.54,614,85
1787282857,21.58,613,85
1787282858,21.59,609,85
1787282859,21.59,607,85
1787282860,21.54,607,86
1787282861,21.47,607,85
1787282862,21.44,607,85
1787282863,21.42,607,85
1787282864,21.31,607,85
1787282865,21.27,607,85
1787282866,21.20,607,85
1787282867,21.10,607,85
1787282868,20.84,607,85
1787282869,21.04,607,85
1787282870,20.90,607,85
1787282871,20.92,607,85
1787282872,20.97,607,85
1787282873,20.88,607,85
1787282874,20.42,607,85
1787282875,20.55,607,85
1787282876,20.98,607,85
1787282877,21.24,607,85
1787282878,21.09,607,85
1787282879,20.90,607,85
1787282880,21.00,607,85
1787282881,21.06,607,85
1787282882,20.72,607,85
1787282883,20.38,607,85
1787282884,20.53,607,85
1787282885,21.05,607,85
1787282886,21.09,607,85
1787282887,20.60,607,85
1787282888,20.19,607,85
1787282889,19.98,607,85
1787282890,19.64,607,85
1787282891,19.68,607,85
1787282892,19.69,607,85
1787282893,19.73,607,85
1787282894,19.70,607,85
1787282895,19.60,607,85
1787282896,19.59,607,85
1787282897,19.61,607,85
1787282898,19.66,607,85
1787282899,19.63,607,85
1787282900,19.67,607,85
1787282901,20.18,607,85
1787282902,20.36,607,85
1787282903,20.60,607,85
1787282904,20.59,607,85
1787282905,20.50,607,85
1787282906,19.81,607,85
1787282907,19.33,607,85
1787282908,19.41,607,85
1787282909,19.46,607,85
1787282910,19.41,607,85
1787282911,19.42,607,85
1787282912,19.40,607,85
1787282913,19.41,607,85
1787282914,19.37,607,85
1787282915,18.96,274,84
1787282916,15.04,267,84
1787282917,14.19,253,83
1787282918,10.45,253,82
1787282919,10.07,252,82
1787282920,10.02,251,82
1787282921,9.80,251,82
1787282922,9.69,242,81
1787282923,9.80,381,81
1787282924,12.25,369,81
1787282925,10.82,360,81
1787282926,9.80,360,81
1787282927,10.54,351,81
1787282928,10.53,351,81
1787282929,9.94,351,81
1787282930,9.99,351,81
1787282931,11.38,1601,81
1787282932,15.98,3613,82
1787282933,16.84,3526,82
1787282934,16.01,3707,82
1787282935,14.84,3665,82
1787282936,21.77,3771,84
1787282937,30.97,3771,85
1787282938,30.61,3778,86
1787282939,36.15,3771,87
1787282940,35.39,3778,87
1787282941,33.35,3778,86
1787282942,30.48,3778,86
1787282943,30.09,3771,86
1787282944,30.15,3771,87
1787282945,30.22,3771,87
1787282946,30.10,3771,87
1787282947,30.01,3778,87
1787282948,30.10,3778,87
1787282949,30.14,3771,87
1787282950,30.09,3778,87
1787282951,28.98,3771,87
1787282952,27.49,3771,87
1787282953,26.92,3771,87
1787282954,29.51,3771,87
1787282955,31.83,3771,88
1787282956,32.14,3771,88
1787282957,33.95,3771,88
1787282958,32.38,3771,88
1787282959,31.62,3771,88
1787282960,31.71,3771,88
1787282961,32.76,3771,88
1787282962,33.15,3771,88
1787282963,33.06,3772,88
1787282964,31.81,3772,88
1787282965,31.38,3772,88
1787282966,31.32,3772,88
1787282967,31.75,3772,88
1787282968,32.54,3772,88
1787282969,33.69,3772,89
1787282970,34.04,3772,89
1787282971,33.62,3772,89
1787282972,32.51,3772,89
1787282973,33.57,3772,89
1787282974,32.97,3778,89
1787282975,30.80,3772,88
1787282976,29.91,3772,88
1787282977,29.20,3772,88
1787282978,29.14,3772,88
1787282979,28.77,3772,88
1787282980,28.40,3772,88
1787282981,28.29,3772,88
1787282982,28.21,3765,88
1787282983,28.34,3765,88
1787282984,28.51,3765,88
1787282985,28.65,3765,88
1787282986,28.73,3765,88
1787282987,28.79,3765,88
1787282988,27.98,3765,88
1787282989,27.06,3765,88
1787282990,27.02,3765,88
1787282991,26.81,3765,88
1787282992,26.71,3765,88
1787282993,26.57,3765,88
1787282995,23.51,3832,87
1787282995,16.54,3811,86
1787282996,15.45,2818,86
1787282997,13.19,456,84
1787282998,10.91,455,84
1787282999,10.29,454,83
1787283000,10.26,454,83
1787283001,10.20,450,83
1787283003,10.15,477,83
1787283003,10.96,372,83
1787283004,10.13,372,82
1787283006,15.07,639,85
1787283007,23.92,639,85
1787283008,24.31,635,85
1787283009,24.34,635,85
1787283010,24.63,635,86
1787283011,24.54,635,86
1787283012,24.30,635,86
1787283013,24.20,635,86
1787283014,24.05,635,86
1787283015,23.65,635,86
1787283016,23.54,635,86
1787283017,23.44,635,86
1787283018,23.49,635,86
1787283019,23.31,635,86
1787283020,23.32,635,86
1787283021,23.29,635,86
1787283022,23.41,635,86
1787283023,23.47,635,86
1787283024,23.37,635,86
1787283025,23.17,635,86
1787283026,23.08,635,86
1787283027,23.74,635,86
1787283028,23.92,635,86
1787283029,23.63,635,86
1787283030,23.45,635,86
1787283031,23.51,635,86
1787283032,23.44,635,86
1787283033,23.25,635,86
1787283034,22.88,635,86
1787283035,23.50,635,86
1787283036,23.82,635,86
1787283037,23.86,635,86
1787283038,23.54,635,86
1787283039,23.25,635,86
1787283040,23.19,635,86
1787283041,23.06,635,86
1787283042,23.02,635,86
1787283043,22.93,635,86
1787283044,22.79,635,86
1787283045,22.90,635,86
1787283046,22.84,635,86
1787283047,22.74,635,86
1787283048,22.80,635,86
1787283049,22.83,635,86
1787283050,22.90,635,86
1787283051,22.93,635,86
1787283052,22.98,635,86
1787283053,23.07,635,86
1787283054,23.34,635,86
1787283055,23.55,635,86
1787283056,23.42,635,86
1787283057,22.96,635,86
1787283058,22.66,635,86
1787283059,22.54,635,86
1787283060,22.51,635,86
1787283061,22.44,635,86
1787283062,22.39,635,86
1787283063,22.11,635,86
1787283064,22.37,635,86
1787283065,22.45,635,86
1787283066,22.21,646,86
1787283067,17.10,148,85
