timestamp,watts,vram_mb,temp_c
1787447445,13.60,360,64
1787447446,13.45,388,64
1787447447,15.02,380,64
1787447448,14.94,369,64
1787447449,13.78,362,64
1787447450,12.42,355,64
1787447451,14.12,349,64
1787447452,13.78,354,64
1787447453,11.74,354,64
1787447454,10.66,756,64
1787447455,14.28,2518,65
1787447456,18.21,3817,65
1787447458,14.19,3821,65
1787447458,14.10,3654,65
1787447459,14.51,3784,65
1787447460,13.40,3715,65
1787447461,23.21,3809,67
1787447462,22.96,3802,67
1787447463,23.23,3802,67
1787447464,30.54,3809,68
1787447465,37.22,3802,71
1787447466,53.21,3802,74
1787447467,53.68,3802,75
1787447468,51.03,3802,75
1787447469,51.28,3802,76
1787447470,51.94,3796,76
1787447471,49.86,3796,76
1787447472,49.94,3796,76
1787447473,50.91,3796,77
1787447474,51.66,3796,77
1787447475,53.56,3802,78
1787447476,52.16,3798,78
1787447477,46.90,3798,77
1787447478,55.21,3798,79
1787447479,60.15,3798,80
1787447480,61.43,3798,80
1787447481,35.94,3798,78
1787447482,29.47,3798,74
1787447483,29.86,3798,74
1787447484,29.40,3794,73
1787447485,29.23,3799,73
1787447486,30.73,3805,73
1787447487,31.05,3799,73
1787447488,28.07,3800,73
1787447489,29.67,3800,73
1787447490,28.03,3799,73
1787447491,29.30,3799,73
1787447492,29.30,3799,73
1787447493,23.99,3800,73
1787447494,31.48,3793,73
1787447495,30.19,3793,73
1787447496,30.45,3794,73
1787447497,28.96,3794,73
1787447498,31.07,3792,73
1787447499,30.46,3798,73
1787447500,29.21,3798,73
1787447501,28.25,3798,73
1787447502,27.25,3798,73
1787447503,27.13,3798,72
1787447504,26.86,3798,72
1787447505,26.52,3798,72
1787447506,26.35,3798,72
1787447507,26.34,3798,72
1787447508,26.47,3798,72
1787447509,26.65,3798,72
1787447510,26.72,3798,72
1787447511,26.84,3798,72
1787447512,26.86,3798,72
1787447513,26.05,3798,71
1787447514,25.18,3798,71
1787447515,24.96,3798,71
1787447516,24.79,3798,71
1787447517,24.60,3798,71
1787447518,24.47,3798,71
1787447519,21.18,3822,69
1787447520,13.65,3840,69
1787447521,13.63,518,68
1787447522,11.69,517,67
1787447523,10.06,516,67
1787447524,9.72,515,66
1787447525,9.78,515,66
1787447526,9.83,511,66
1787447527,9.65,511,66
1787447529,10.53,437,66
1787447530,11.23,452,66
1787447530,11.38,465,66
1787447532,9.73,464,65
1787447533,10.78,446,66
1787447534,10.96,439,66
1787447535,9.74,439,65
1787447536,12.95,1335,66
1787447537,14.60,3120,67
1787447538,14.50,3734,67
1787447539,14.28,3815,67
1787447540,27.66,3823,69
1787447541,30.19,3830,70
1787447542,38.65,3830,72
1787447543,48.43,3830,75
1787447544,58.24,3830,77
1787447545,54.86,3836,78
1787447546,61.24,3830,79
1787447547,63.03,3830,81
1787447548,61.39,3830,81
1787447549,57.76,3830,81
1787447550,56.49,3830,81
1787447551,59.60,3830,81
1787447552,59.23,3830,82
1787447553,58.85,3836,82
1787447554,57.12,3830,82
1787447555,60.51,3830,83
1787447556,56.51,3836,83
1787447557,52.06,3830,82
1787447558,61.75,3830,84
1787447559,47.54,3830,82
1787447560,30.70,3830,78
1787447561,31.76,3830,77
1787447562,30.79,3830,77
1787447563,31.20,3830,76
1787447564,29.44,3830,76
1787447565,29.77,3830,76
1787447566,31.25,3830,76
1787447567,30.99,3830,76
1787447568,30.24,3830,76
1787447569,29.58,3830,76
1787447570,29.02,3830,75
1787447571,29.36,3830,75
1787447572,29.64,3830,76
1787447573,31.51,3830,76
1787447574,32.27,3830,76
1787447575,32.71,3830,76
1787447576,31.87,3830,76
1787447577,30.61,3830,76
1787447578,31.99,3830,76
1787447579,31.27,3830,76
1787447580,28.88,3823,75
1787447581,28.26,3823,75
1787447582,27.68,3823,75
1787447583,27.33,3823,75
1787447584,26.98,3823,75
1787447585,26.70,3823,75
1787447586,26.55,3823,74
1787447587,26.36,3823,74
1787447588,26.44,3823,74
1787447589,26.44,3823,74
1787447590,26.52,3823,74
1787447591,26.72,3823,74
1787447592,26.55,3823,74
1787447593,25.46,3823,74
1787447594,25.26,3823,74
1787447595,25.14,3823,74
1787447596,24.81,3830,74
1787447597,24.70,3830,73
1787447598,24.57,3830,73
1787447599,22.81,3817,72
1787447600,15.95,3698,72
1787447601,13.99,2525,71
1787447602,13.79,384,71
1787447603,10.87,379,69
1787447604,9.25,378,69
1787447605,9.13,378,68
1787447606,9.09,378,68
1787447607,9.12,373,68
1787447608,9.62,498,68
1787447609,9.61,498,68
1787447610,22.63,670,70
1787447611,22.85,670,70
1787447612,22.62,658,71
1787447613,22.84,656,71
1787447614,22.85,653,71
1787447615,22.56,653,71
1787447616,22.50,653,71
1787447617,22.39,653,71
1787447618,22.36,653,71
1787447619,21.71,653,71
1787447620,22.40,653,71
1787447621,21.65,653,71
1787447622,21.64,653,71
1787447623,21.53,653,71
1787447624,21.30,653,71
1787447625,21.56,659,71
1787447626,21.35,659,71
1787447627,21.67,659,71
1787447628,21.66,659,71
1787447629,21.36,659,72
1787447630,21.68,659,72
1787447631,22.36,659,72
1787447632,22.22,659,72
1787447633,21.69,659,72
1787447634,21.56,659,72
1787447635,21.86,659,72
1787447636,21.83,659,72
1787447637,21.53,659,72
1787447638,21.24,659,72
1787447639,22.03,659,72
1787447640,22.15,659,72
1787447641,22.22,659,72
1787447642,21.70,659,72
1787447643,21.70,659,72
1787447644,21.35,659,72
1787447645,21.42,659,72
1787447646,21.35,659,72
1787447647,21.02,659,72
1787447648,20.90,659,72
1787447649,20.71,659,72
1787447650,21.26,659,72
1787447651,21.30,659,72
1787447652,21.18,659,72
1787447653,21.14,659,72
1787447654,20.96,659,72
1787447655,21.38,659,72
1787447656,21.67,659,72
1787447657,21.65,659,72
1787447658,21.67,659,72
1787447659,22.07,659,72
1787447660,21.63,659,72
1787447661,21.22,659,72
1787447662,20.98,659,72
1787447663,21.65,659,72
1787447664,20.78,659,72
1787447665,20.77,659,72
1787447666,20.82,659,72
1787447667,20.72,659,72
1787447668,20.86,659,72
1787447669,21.04,659,72
1787447670,20.06,670,72
1787447671,14.49,660,71
1787447672,13.83,346,70
1787447673,12.10,346,69
1787447674,9.34,345,69
1787447675,9.25,344,68
1787447676,9.11,344,68
1787447677,9.04,343,67
1787447678,9.75,551,68
1787447679,13.87,471,68
1787447680,38.31,420,73
1787447681,38.26,415,74
1787447682,34.37,415,74
1787447683,37.65,411,74
1787447684,38.76,409,75
1787447685,38.79,409,75
1787447686,36.11,409,75
1787447687,39.80,409,76
1787447688,37.71,409,76
1787447689,38.08,409,76
1787447690,38.90,409,76
1787447691,39.08,409,76
1787447692,38.53,409,76
1787447693,37.33,409,76
1787447694,39.94,409,77
1787447695,39.31,409,77
1787447696,43.29,409,78
1787447697,42.46,409,78
1787447698,43.36,409,78
1787447699,44.74,409,78
1787447700,43.46,409,79
1787447701,43.04,409,79
1787447702,47.19,409,79
1787447703,47.46,409,80
1787447704,45.50,409,80
1787447705,49.86,409,80
1787447706,48.05,409,80
1787447707,48.85,409,80
1787447708,50.19,409,81
1787447709,50.10,409,81
1787447710,49.06,409,81
1787447711,48.19,409,81
1787447712,44.30,409,81
1787447713,43.80,409,81
1787447714,48.11,409,82
1787447715,48.51,409,82
1787447716,46.84,409,82
1787447717,47.63,409,82
1787447718,48.73,409,82
1787447719,44.03,409,81
1787447720,45.97,409,82
1787447721,44.87,409,82
1787447722,44.09,409,81
1787447723,44.33,409,81
1787447724,42.07,409,81
1787447725,43.57,409,81
1787447726,41.31,409,81
1787447727,40.63,409,81
1787447728,40.72,409,81
1787447729,38.39,409,81
1787447730,39.06,409,81
1787447731,39.49,409,81
1787447732,38.54,409,81
1787447733,37.58,409,80
1787447734,38.22,409,80
1787447735,38.13,409,80
1787447736,37.40,409,80
1787447737,36.25,409,80
1787447738,37.51,409,80
1787447739,38.88,418,80
1787447740,14.33,416,76
1787447741,14.32,416,76
1787447742,13.60,416,75
1787447743,13.10,416,74
1787447744,10.00,414,73
1787447745,9.51,413,72
1787447746,9.30,413,72
1787447747,9.28,412,71
1787447748,9.78,399,71
1787447749,9.74,402,71
1787447750,9.75,390,71
1787447751,11.76,1074,71
1787447752,22.71,1068,74
1787447753,22.91,1062,74
1787447754,22.85,1061,74
1787447755,23.06,1061,74
1787447756,23.01,1061,74
1787447757,22.74,1061,74
1787447758,22.77,1061,74
1787447759,22.70,1061,74
1787447760,22.29,1061,74
1787447761,22.02,1061,74
1787447762,22.25,1061,74
1787447763,21.88,1061,74
1787447764,21.93,1061,74
1787447765,21.76,1061,74
1787447766,21.83,1061,74
1787447767,22.16,1061,74
1787447768,21.93,1061,74
1787447769,21.73,1061,74
1787447770,21.49,1061,74
1787447771,21.38,1061,74
1787447772,22.09,1061,74
1787447773,22.41,1061,74
1787447774,21.87,1061,74
1787447775,21.72,1061,74
1787447776,21.97,1061,74
1787447777,22.23,1061,74
1787447778,21.71,1061,74
1787447779,21.11,1061,74
1787447780,22.03,1061,74
1787447781,22.30,1061,74
1787447782,22.68,1061,74
1787447783,22.43,1061,74
1787447784,22.52,1061,74
1787447785,21.94,1061,74
1787447786,21.54,1061,74
1787447787,21.53,1061,74
1787447788,21.49,1061,74
1787447789,21.33,1061,73
1787447790,21.30,1061,73
1787447791,21.24,1061,73
1787447792,21.47,1061,73
1787447793,21.51,1061,73
1787447794,21.28,1061,73
1787447795,21.42,1061,73
1787447796,21.42,1061,73
1787447797,21.34,1061,73
1787447798,21.55,1061,73
1787447799,21.79,1061,73
1787447800,21.87,1061,73
1787447801,21.94,1061,73
1787447802,21.24,1061,73
1787447803,21.33,1061,73
1787447804,21.09,1061,73
1787447805,21.09,1061,73
1787447806,20.99,1061,73
1787447807,21.07,1061,73
1787447808,20.94,1061,73
1787447809,20.96,1061,73
1787447810,20.83,1061,73
1787447811,20.81,1069,73
1787447812,13.86,1069,72
1787447813,13.73,410,72
1787447814,13.26,410,71
1787447815,11.11,410,70
1787447816,9.33,409,70
1787447817,9.07,408,69
1787447818,8.95,408,69
1787447819,8.93,407,69
1787447820,10.18,324,69
1787447821,13.60,324,70
1787447822,13.32,320,70
1787447823,9.34,319,69
1787447824,9.35,319,69
1787447825,9.49,319,68
1787447826,12.78,883,69
1787447827,17.08,2396,71
1787447828,23.28,2388,71
1787447829,22.62,2372,72
1787447830,22.71,2372,72
1787447831,22.91,2372,72
1787447832,22.65,2372,72
1787447833,22.92,2372,72
1787447834,22.72,2372,72
1787447835,22.61,2372,72
1787447836,22.47,2372,72
1787447837,22.46,2372,72
1787447838,22.60,2372,72
1787447839,22.41,2372,72
1787447841,22.45,2372,72
1787447842,22.17,2372,72
1787447843,22.32,2372,72
1787447844,22.43,2372,72
1787447845,22.59,2372,72
1787447846,22.23,2372,72
1787447847,22.38,2372,72
1787447848,22.87,2372,72
1787447849,23.40,2372,72
1787447850,23.25,2372,72
1787447851,23.43,2372,72
1787447852,23.31,2372,72
1787447853,23.32,2372,72
1787447854,22.87,2372,72
1787447855,22.41,2372,72
1787447856,22.47,2372,72
1787447857,23.26,2372,72
1787447858,23.89,2372,72
1787447859,24.40,2372,72
1787447860,23.83,2372,72
1787447861,23.51,2372,72
1787447862,23.17,2372,72
1787447863,22.75,2372,72
1787447864,22.83,2372,72
1787447865,22.83,2372,72
1787447866,22.72,2372,72
1787447867,22.66,2372,72
1787447868,22.62,2372,72
1787447869,22.72,2372,72
1787447870,22.78,2372,72
1787447871,22.92,2372,72
1787447872,22.94,2372,72
1787447873,23.01,2372,72
1787447874,23.26,2372,72
1787447875,23.71,2372,72
1787447876,24.56,2372,72
1787447877,24.84,2372,72
1787447878,24.18,2372,72
1787447879,23.07,2372,72
1787447880,22.65,2372,72
1787447881,22.46,2372,72
1787447882,22.53,2372,72
1787447883,22.39,2372,72
1787447884,22.47,2372,72
1787447885,22.45,2372,72
1787447886,22.40,2372,72
1787447887,22.45,2372,72
1787447888,13.64,316,71
1787447889,13.55,299,70
1787447890,13.13,299,70
1787447891,12.63,298,69
1787447892,11.35,297,68
1787447893,8.99,296,68
1787447894,8.91,296,68
1787447895,8.76,288,67
1787447896,9.20,336,67
1787447897,13.32,336,68
1787447898,13.37,333,69
1787447899,11.34,893,68
1787447900,21.03,1095,69
1787447901,21.35,1089,70
1787447902,21.37,1089,70
1787447903,21.50,1089,70
1787447904,21.50,1089,70
1787447905,21.35,1089,70
1787447906,21.30,1089,70
1787447907,21.26,1089,70
1787447908,21.12,1089,71
1787447909,20.98,1085,71
1787447910,20.88,1085,71
1787447911,20.81,1085,70
1787447912,20.65,1085,71
1787447913,20.53,1085,71
1787447914,20.58,1085,70
1787447915,20.50,1085,71
1787447916,20.59,1085,71
1787447917,20.74,1085,71
1787447918,20.75,1085,71
1787447919,20.64,1085,71
1787447920,20.74,1085,71
1787447921,21.06,1085,71
1787447922,21.27,1085,71
1787447923,21.06,1085,71
1787447924,21.01,1085,71
1787447925,21.00,1085,71
1787447926,21.08,1085,71
1787447927,20.68,1085,71
1787447928,20.65,1085,71
1787447929,21.05,1085,71
1787447930,21.28,1085,71
1787447931,21.56,1085,71
1787447932,21.24,1085,71
1787447933,20.96,1085,71
1787447934,20.80,1085,71
1787447935,20.78,1085,71
1787447936,20.76,1085,71
1787447937,20.75,1085,71
1787447938,20.72,1085,71
1787447939,20.70,1085,71
1787447940,20.65,1085,71
1787447941,20.76,1085,71
1787447942,20.83,1085,71
1787447943,20.78,1085,71
1787447944,20.72,1085,71
1787447945,20.90,1085,71
1787447946,20.84,1085,71
1787447947,20.99,1085,71
1787447948,21.26,1085,71
1787447949,21.36,1085,71
1787447950,21.20,1085,71
1787447951,20.80,1085,71
1787447952,20.76,1085,71
1787447953,20.84,1085,71
1787447954,20.75,1085,71
1787447955,20.68,1085,71
1787447956,20.66,1085,71
1787447957,20.62,1085,71
1787447958,20.72,1085,71
1787447959,20.72,1085,71
1787447960,13.57,315,70
1787447961,13.41,293,69
1787447962,12.60,293,69
1787447963,10.91,292,68
1787447964,8.92,292,68
1787447965,8.81,291,67
1787447966,8.69,290,67
1787447967,8.73,282,67
1787447968,10.31,453,67
1787447969,35.24,463,71
1787447970,31.24,436,72
1787447971,31.28,426,72
1787447972,36.10,424,72
1787447973,30.92,418,72
1787447974,30.92,414,73
1787447975,31.18,414,73
1787447976,29.70,414,73
1787447977,30.05,414,73
1787447978,30.71,414,73
1787447979,29.73,414,73
1787447980,30.46,414,73
1787447981,30.22,414,74
1787447982,29.89,414,74
1787447983,31.55,414,74
1787447984,31.50,414,74
1787447985,30.96,414,74
1787447986,28.37,414,74
1787447987,32.50,414,74
1787447988,33.68,414,74
1787447989,31.77,414,74
1787447990,31.70,414,75
1787447991,31.35,414,74
1787447992,33.85,414,75
1787447993,32.56,414,75
1787447994,33.88,414,75
1787447995,31.06,414,75
1787447996,31.82,414,75
1787447997,31.66,414,75
1787447998,30.50,414,75
1787447999,32.13,414,75
1787448000,30.16,414,76
1787448001,32.55,414,75
1787448002,32.55,414,76
1787448003,33.47,414,76
1787448004,30.75,414,75
1787448005,32.24,414,76
1787448006,32.32,414,76
1787448007,29.05,414,75
1787448008,30.71,414,76
1787448009,29.61,414,76
1787448010,31.46,414,76
1787448011,31.92,414,76
1787448012,29.15,414,76
1787448013,32.96,414,76
1787448014,31.69,414,76
1787448015,31.94,414,76
1787448016,31.49,414,76
1787448017,31.28,414,76
1787448018,32.05,414,76
1787448019,34.85,414,76
1787448020,31.55,414,76
1787448021,31.82,414,76
1787448022,34.03,414,76
1787448023,32.42,414,77
1787448024,31.80,414,77
1787448025,31.93,414,76
1787448026,31.76,414,77
1787448027,32.58,414,77
1787448028,30.87,414,77
1787448029,30.38,423,77
1787448030,13.91,414,74
1787448031,13.72,415,73
1787448032,12.92,415,73
1787448033,12.00,414,71
1787448034,9.51,413,71
1787448035,9.19,413,70
1787448036,9.09,412,70
1787448037,9.13,341,70
1787448038,11.81,847,71
1787448039,13.93,1648,71
1787448040,37.29,2239,72
1787448041,21.58,2349,73
1787448042,23.10,2606,71
1787448043,13.69,3026,71
1787448044,13.37,3362,71
1787448045,12.15,3690,69
1787448046,10.06,3904,69
1787448047,10.06,3905,69
1787448048,21.88,3893,73
1787448049,38.42,3878,76
1787448050,45.64,3878,76
1787448051,39.67,3878,76
1787448052,38.81,3878,76
1787448053,39.02,3878,76
1787448054,39.48,3878,76
1787448055,38.37,3878,77
1787448056,38.69,3878,77
1787448057,39.34,3878,77
1787448058,38.56,3878,77
1787448059,38.82,3878,77
1787448060,38.30,3878,77
1787448061,38.99,3878,77
1787448062,38.69,3878,77
1787448063,37.98,3878,77
1787448064,39.27,3878,78
1787448065,39.26,3878,77
1787448067,39.65,3878,78
1787448068,39.13,3878,78
1787448069,39.27,3878,78
1787448070,39.45,3878,78
1787448071,39.98,3878,78
1787448072,40.60,3878,78
1787448073,39.38,3878,78
1787448074,41.02,3878,78
1787448075,40.06,3878,78
1787448076,40.16,3878,79
1787448077,39.02,3878,78
1787448078,40.25,3878,79
1787448079,39.25,3878,79
1787448080,41.22,3878,78
1787448081,39.49,3878,79
1787448082,39.90,3878,78
1787448083,39.38,3878,79
1787448084,39.29,3878,79
1787448085,39.34,3878,79
1787448086,41.74,3878,79
1787448087,39.47,3878,79
1787448088,40.30,3878,79
1787448089,39.94,3878,79
1787448090,38.49,3878,79
1787448091,40.17,3878,79
1787448092,39.78,3878,79
1787448093,39.83,3878,79
1787448094,38.88,3878,79
1787448095,39.72,3878,79
1787448096,39.28,3878,79
1787448097,41.13,3878,79
1787448098,39.81,3878,79
1787448099,39.98,3878,80
1787448100,40.78,3878,80
1787448101,14.56,275,76
1787448102,14.17,267,75
1787448103,13.46,267,74
1787448104,12.95,266,73
1787448105,11.13,266,72
1787448106,9.41,265,71
1787448107,9.47,265,71
1787448108,9.31,256,71
1787448109,10.60,450,71
1787448110,16.32,478,72
1787448111,15.19,1227,72
1787448112,32.08,1227,75
1787448113,31.74,1225,75
1787448114,31.53,1217,75
1787448115,31.35,1217,75
1787448116,33.03,1217,75
1787448117,31.00,1217,76
1787448118,30.74,1217,76
1787448119,30.86,1217,76
1787448120,31.14,1217,76
1787448121,30.85,1217,76
1787448122,29.66,1217,76
1787448123,29.06,1217,76
1787448124,28.95,1217,76
1787448125,29.26,1217,76
1787448126,29.23,1217,76
1787448127,29.06,1217,76
1787448128,29.19,1217,76
1787448129,29.83,1217,76
1787448130,29.73,1217,76
1787448131,30.27,1217,76
1787448132,30.51,1217,77
1787448133,31.11,1217,77
1787448134,31.65,1217,77
1787448135,32.87,1217,77
1787448136,30.67,1217,77
1787448137,31.61,1217,77
1787448138,32.01,1217,77
1787448139,32.60,1217,77
1787448140,32.20,1217,77
1787448141,30.39,1217,77
1787448142,30.25,1217,77
1787448143,30.02,1217,77
1787448144,30.49,1217,77
1787448145,30.69,1217,77
1787448146,31.26,1217,77
1787448147,30.68,1217,77
1787448148,29.18,1217,77
1787448149,31.15,1217,77
1787448150,32.36,1217,78
1787448151,32.51,1217,78
1787448152,31.45,1217,78
1787448153,31.42,1217,78
1787448154,30.72,1217,77
1787448155,29.49,1217,77
1787448156,29.70,1217,77
1787448157,29.74,1217,77
1787448158,29.65,1217,77
1787448159,29.71,1217,77
1787448160,29.90,1217,77
1787448161,30.17,1217,77
1787448162,30.65,1217,77
1787448163,30.99,1217,77
1787448164,31.13,1217,77
1787448165,30.50,1217,77
1787448166,28.81,1217,77
1787448167,28.62,1217,77
1787448168,28.24,1217,76
1787448169,28.15,1217,76
1787448170,28.02,1217,76
1787448171,21.24,313,74
1787448172,14.07,310,74
1787448173,13.48,298,73
1787448174,11.69,297,72
1787448175,9.55,297,71
1787448176,9.48,296,71
1787448177,9.26,296,70
1787448178,9.16,287,70
1787448179,9.46,369,70
1787448180,14.79,481,70
1787448181,21.72,485,72
1787448182,21.85,480,72
1787448183,21.69,474,72
1787448184,21.92,472,73
1787448185,21.93,470,73
1787448186,21.63,470,73
1787448187,21.59,470,73
1787448188,21.56,470,73
1787448189,21.29,470,72
1787448190,21.04,470,73
1787448191,21.32,470,72
1787448192,22.74,470,72
1787448193,20.96,470,72
1787448194,20.76,470,73
1787448195,20.90,470,72
1787448196,20.86,470,72
1787448197,20.79,470,72
1787448198,20.86,470,72
1787448199,20.53,470,72
1787448200,20.59,470,72
1787448201,21.17,470,72
1787448202,21.28,470,73
1787448203,21.02,470,72
1787448204,20.88,470,72
1787448205,20.92,470,72
1787448206,20.84,470,72
1787448207,20.46,470,72
1787448208,20.24,470,72
1787448209,20.98,470,72
1787448210,21.35,470,73
1787448211,21.42,470,72
1787448212,21.17,470,72
1787448213,20.94,470,72
1787448214,20.72,470,72
1787448215,20.76,470,72
1787448216,20.57,470,72
1787448217,20.50,470,72
1787448218,20.14,470,72
1787448219,20.28,470,72
1787448220,20.31,470,72
1787448221,20.28,470,72
1787448222,20.58,470,72
1787448223,20.28,470,72
1787448224,20.29,470,72
1787448225,20.34,470,72
1787448226,20.22,470,72
1787448227,20.60,470,72
1787448228,20.88,470,72
1787448229,20.76,470,72
1787448230,20.88,470,72
1787448231,20.54,470,72
1787448232,20.06,470,72
1787448233,20.31,470,72
1787448234,20.18,470,72
1787448235,19.94,470,72
1787448236,20.08,470,72
1787448237,20.16,475,72
1787448238,20.15,475,72
1787448239,20.32,475,72
1787448240,20.10,484,72
1787448241,13.91,490,71
1787448242,13.78,332,71
1787448243,13.03,332,71
1787448244,10.48,330,69
1787448245,9.23,330,69
1787448246,9.09,325,69
1787448247,8.97,325,68
1787448248,9.05,321,68
1787448249,10.21,393,68
1787448250,10.79,654,68
1787448251,32.49,777,72
1787448252,32.62,777,73
1787448253,32.32,769,73
1787448254,33.47,769,74
1787448255,32.19,764,74
1787448256,32.71,764,74
1787448257,33.38,764,75
1787448258,31.43,764,75
1787448259,30.66,764,75
1787448260,30.42,764,75
1787448261,30.09,764,75
1787448262,30.80,764,75
1787448263,28.83,764,75
1787448264,28.74,764,75
1787448265,28.64,764,75
1787448266,28.46,764,75
1787448267,28.43,764,75
1787448268,28.80,764,75
1787448269,29.31,764,75
1787448270,29.35,764,75
1787448271,29.55,764,75
1787448272,29.68,764,76
1787448273,30.25,764,76
1787448274,30.53,764,76
1787448275,30.45,764,76
1787448276,29.57,764,76
1787448277,29.66,764,76
1787448278,30.37,764,76
1787448279,30.69,764,76
1787448280,30.97,764,76
1787448281,29.35,764,76
1787448282,29.17,764,76
1787448283,29.18,764,76
1787448284,29.22,764,76
1787448285,29.80,764,76
1787448286,30.67,764,76
1787448287,26.57,764,76
1787448288,29.92,764,76
1787448289,29.49,764,76
1787448290,31.53,764,77
1787448291,30.93,762,77
1787448292,28.30,762,76
1787448293,27.95,762,76
1787448294,27.70,762,76
1787448295,27.35,762,76
1787448296,27.30,762,76
1787448297,26.89,762,76
1787448298,26.96,762,76
1787448299,27.05,762,76
1787448300,27.05,762,76
1787448301,27.32,762,76
1787448302,27.55,762,76
1787448303,27.77,762,76
1787448304,28.02,762,76
1787448305,27.50,762,76
1787448306,26.02,762,75
1787448307,25.54,762,75
1787448308,25.15,762,75
1787448309,24.81,762,75
1787448310,24.78,762,75
1787448311,24.14,821,74
1787448312,15.98,815,73
1787448313,13.87,326,72
1787448314,11.26,326,71
1787448315,9.43,325,70
1787448317,9.21,325,70
1787448318,9.20,324,70
1787448319,9.13,324,69
1787448320,9.18,290,69
1787448321,12.13,299,70
1787448322,13.53,755,70
1787448323,19.44,748,71
1787448324,21.07,742,72
1787448325,20.70,739,72
1787448326,20.68,736,72
1787448327,20.71,736,72
1787448328,20.67,736,72
1787448329,20.59,736,72
1787448330,20.50,736,72
1787448331,20.33,736,72
1787448332,20.34,736,72
1787448333,20.33,736,71
1787448334,20.20,736,72
1787448335,20.07,736,71
1787448336,19.96,736,71
1787448337,19.98,736,71
1787448338,20.05,736,71
1787448339,20.06,736,71
1787448340,20.17,736,71
1787448341,20.03,736,71
1787448342,20.10,736,71
1787448343,20.28,736,71
1787448344,20.53,736,71
1787448345,20.47,736,71
1787448346,20.43,736,71
1787448347,20.27,736,71
1787448348,20.22,736,71
1787448349,20.22,736,71
1787448350,19.90,736,71
1787448351,20.14,736,71
1787448352,20.49,736,71
1787448353,20.50,736,71
1787448354,20.43,736,71
1787448355,20.18,736,71
1787448356,20.14,736,71
1787448357,19.96,736,71
1787448358,19.69,736,71
1787448359,19.63,736,71
1787448360,19.77,736,71
1787448361,19.59,736,71
1787448362,19.50,736,71
1787448363,19.69,736,71
1787448364,19.31,736,71
1787448365,19.74,736,71
1787448366,19.76,737,71
1787448367,19.83,737,71
1787448368,19.86,737,71
1787448369,19.96,737,71
1787448370,20.01,737,71
1787448371,20.12,737,71
1787448372,20.10,737,71
1787448373,19.84,737,71
1787448374,19.68,737,71
1787448375,19.65,737,71
1787448376,19.63,737,71
1787448377,19.60,737,71
1787448378,19.61,737,71
1787448379,19.56,737,71
1787448380,19.57,737,71
1787448381,19.47,737,71
1787448382,19.24,356,71
1787448383,13.68,286,70
1787448384,13.59,270,70
1787448385,11.62,270,69
1787448386,9.15,270,68
1787448387,8.98,269,68
1787448388,8.82,268,68
1787448389,8.82,268,68
1787448390,8.71,282,67
1787448391,11.20,421,68
1787448392,13.39,447,69
1787448393,15.41,438,69
1787448394,12.08,1351,68
1787448395,31.09,1927,71
1787448396,32.15,1925,72
1787448397,30.47,1917,73
1787448398,31.39,1917,73
1787448399,32.30,1917,73
1787448400,32.14,1917,74
1787448401,29.78,1917,74
1787448402,31.27,1917,74
1787448403,31.16,1917,74
1787448404,30.16,1917,74
1787448405,30.08,1917,74
1787448406,29.44,1917,74
1787448407,29.43,1917,74
1787448408,29.36,1917,74
1787448409,29.54,1917,74
1787448410,29.83,1917,74
1787448411,30.10,1917,75
1787448412,30.60,1917,75
1787448413,30.22,1917,75
1787448414,30.15,1917,75
1787448415,31.43,1917,75
1787448416,25.74,1917,75
1787448417,31.94,1917,75
1787448418,31.77,1917,75
1787448419,31.05,1917,75
1787448420,31.10,1917,75
1787448421,31.93,1917,75
1787448422,32.83,1917,76
1787448423,33.39,1917,76
1787448424,31.50,1917,75
1787448425,31.05,1917,75
1787448426,30.24,1917,75
1787448427,31.29,1917,75
1787448428,30.98,1917,75
1787448429,31.62,1917,76
1787448430,31.25,1917,76
1787448431,29.53,1917,75
1787448432,31.12,1917,76
1787448433,32.64,1917,76
1787448434,32.83,1917,76
1787448435,32.23,1917,76
1787448436,31.77,1917,76
1787448437,31.42,1917,76
1787448438,30.53,1917,76
1787448439,29.73,1917,76
1787448440,29.85,1917,76
1787448441,29.83,1917,76
1787448442,29.85,1917,76
1787448443,29.86,1917,76
1787448444,30.25,1917,76
1787448445,30.54,1917,76
1787448446,31.03,1917,76
1787448447,31.25,1917,76
1787448448,30.76,1917,76
1787448449,29.44,1917,75
1787448450,28.68,1917,75
1787448451,28.23,1917,75
1787448452,28.06,1917,75
1787448453,27.77,1917,75
1787448454,14.13,317,73
1787448455,13.93,287,72
1787448456,13.52,275,72
1787448457,12.09,275,71
1787448458,9.40,274,70
1787448459,9.12,273,70
1787448460,8.93,273,69
1787448461,9.01,272,69
1787448462,9.18,369,69
1787448463,20.93,370,72
1787448464,30.47,370,74
1787448465,41.26,375,77
1787448466,64.79,371,83
1787448467,74.82,367,84
1787448468,74.76,363,85
1787448469,74.78,363,86
1787448470,74.90,363,87
1787448471,74.89,363,87
1787448472,71.18,363,87
1787448473,69.84,363,87
1787448474,69.74,363,87
1787448475,67.86,363,86
1787448476,63.80,363,87
1787448477,65.45,363,86
1787448478,62.48,363,86
1787448479,62.40,363,86
1787448480,62.15,363,87
1787448481,62.33,363,87
1787448482,62.26,363,87
1787448483,62.35,363,87
1787448484,60.00,363,86
1787448485,58.18,363,86
1787448486,58.32,363,86
1787448487,58.30,363,86
1787448488,58.43,363,87
1787448489,58.48,363,87
1787448490,58.58,363,87
1787448491,58.59,363,87
1787448492,58.56,363,87
1787448493,57.38,363,86
1787448494,53.80,363,86
1787448495,57.31,363,87
1787448496,56.28,363,87
1787448497,57.69,363,87
1787448498,57.91,363,87
1787448499,57.89,363,87
1787448500,56.05,363,86
1787448501,53.42,363,86
1787448502,54.57,363,87
1787448503,56.32,363,86
1787448504,54.01,363,87
1787448505,57.23,363,87
1787448506,55.51,363,86
1787448507,53.81,363,86
1787448508,53.33,363,86
1787448509,53.06,363,86
1787448510,53.17,363,86
1787448511,53.23,363,86
1787448512,53.55,363,86
1787448513,53.41,363,86
1787448514,53.53,363,86
1787448515,53.50,363,86
1787448516,53.94,363,86
1787448517,53.96,363,86
1787448518,53.85,363,86
1787448520,53.77,363,86
1787448521,53.76,363,86
1787448522,53.63,363,87
1787448523,53.44,363,86
1787448524,48.95,366,84
1787448525,16.38,365,79
1787448526,14.31,365,78
1787448527,13.37,364,77
1787448528,12.77,364,76
1787448529,9.87,363,74
1787448530,9.61,362,74
1787448531,9.44,354,73
1787448532,13.22,461,75
1787448533,28.40,466,77
1787448534,34.73,461,79
1787448535,49.60,461,83
1787448536,71.28,455,87
1787448537,71.00,454,87
1787448538,66.25,454,86
1787448539,63.99,454,87
1787448540,63.92,454,87
1787448541,59.89,454,86
1787448542,57.75,454,86
1787448543,57.74,454,86
1787448544,57.79,454,86
1787448545,57.83,454,86
1787448546,57.95,454,87
1787448547,58.13,454,87
1787448548,58.19,454,87
1787448549,58.18,454,87
1787448550,57.96,454,87
1787448551,57.96,454,87
1787448552,55.66,454,86
1787448553,53.39,454,86
1787448554,57.37,454,87
1787448555,57.40,454,87
1787448556,57.46,454,87
1787448557,56.87,454,87
1787448558,53.38,454,87
1787448559,57.18,454,87
1787448560,57.20,454,87
1787448561,57.20,454,87
1787448562,57.14,454,87
1787448563,54.35,454,87
1787448564,56.18,454,87
1787448565,56.26,454,87
1787448566,56.14,454,87
1787448567,56.49,454,87
1787448568,56.71,454,87
1787448569,56.67,454,87
1787448570,56.55,454,87
1787448571,56.55,454,87
1787448572,56.57,454,87
1787448573,56.39,454,87
1787448574,56.63,454,87
1787448575,52.92,454,87
1787448576,56.00,454,87
1787448577,56.05,454,87
1787448578,56.13,454,87
1787448579,54.13,454,86
1787448580,54.80,454,87
1787448581,55.18,454,87
1787448582,55.33,454,87
1787448583,55.24,454,87
1787448584,55.12,454,87
1787448585,55.12,454,87
1787448586,55.21,454,87
1787448587,55.13,454,87
1787448588,55.22,454,87
1787448589,55.18,454,87
1787448590,55.03,454,87
1787448591,55.01,454,87
1787448592,55.13,286,87
1787448593,35.56,286,80
1787448594,14.81,278,78
1787448595,13.94,278,77
1787448596,13.39,277,77
1787448597,11.56,276,75
1787448598,9.76,275,74
1787448599,9.54,275,73
1787448600,9.43,276,73
1787448601,11.52,387,73
1787448602,11.85,393,73
1787448603,11.05,585,73
1787448604,33.10,1630,77
1787448605,34.21,1630,78
1787448606,34.28,1627,79
1787448607,33.74,1627,79
1787448608,33.84,1627,79
1787448609,34.63,1627,79
1787448610,34.71,1627,79
1787448611,32.68,1627,79
1787448612,32.65,1627,79
1787448613,32.79,1627,80
1787448614,32.26,1627,80
1787448615,31.86,1627,79
1787448616,31.18,1627,80
1787448617,30.61,1627,79
1787448618,30.39,1627,79
1787448619,31.02,1627,79
1787448620,30.21,1627,79
1787448621,30.15,1627,79
1787448622,26.68,1627,80
1787448623,30.09,1627,80
1787448624,30.99,1627,80
1787448625,30.56,1627,80
1787448626,30.92,1627,80
1787448627,31.14,1627,80
1787448628,30.99,1627,80
1787448629,30.12,1627,80
1787448630,30.14,1627,80
1787448631,31.63,1627,80
1787448632,32.12,1627,80
1787448633,31.54,1627,80
1787448634,30.18,1627,80
1787448635,29.64,1627,80
1787448636,30.14,1627,80
1787448637,30.02,1627,80
1787448638,30.77,1627,80
1787448639,31.17,1627,80
1787448640,31.45,1627,80
1787448641,31.49,1627,80
1787448642,38.03,1627,80
1787448643,32.21,1627,80
1787448644,31.61,1627,81
1787448645,28.80,1627,80
1787448646,28.91,1627,80
1787448647,40.12,1627,80
1787448648,28.14,1627,80
1787448649,27.70,1627,80
1787448650,27.41,1627,80
1787448651,27.01,1627,79
1787448652,27.32,1627,79
1787448653,27.28,1627,79
1787448654,27.55,1627,79
1787448655,27.61,1627,79
1787448656,28.02,1627,79
1787448657,27.38,1627,79
1787448658,26.96,1627,79
1787448659,26.23,1627,79
1787448660,26.08,1627,79
1787448661,25.65,1627,78
1787448662,25.41,1627,79
1787448663,25.33,1627,78
1787448664,25.26,1715,78
1787448665,14.48,1714,76
1787448666,14.33,1318,76
1787448667,12.32,380,74
1787448668,9.74,380,74
1787448669,9.63,380,73
1787448670,9.51,379,73
1787448671,9.43,378,72
1787448672,9.42,378,72
1787448673,12.03,308,73
1787448674,16.71,645,74
1787448675,20.25,643,74
1787448676,20.22,635,74
1787448677,20.20,634,75
1787448678,20.30,630,75
1787448679,20.30,628,75
1787448680,20.15,628,75
1787448681,20.14,628,74
1787448682,20.03,628,74
1787448683,19.96,628,74
1787448684,19.93,628,74
1787448685,19.87,628,74
1787448686,19.70,628,74
1787448687,19.60,628,74
1787448688,19.55,628,74
1787448689,19.57,628,74
1787448690,19.60,628,74
1787448691,19.59,628,74
1787448692,19.54,628,74
1787448693,19.17,628,74
1787448694,19.28,628,74
1787448695,19.72,628,74
1787448696,19.85,628,74
1787448697,19.82,628,74
1787448698,19.74,628,74
1787448699,19.82,628,74
1787448700,19.68,628,74
1787448701,19.66,628,74
1787448702,19.47,628,73
1787448703,19.66,628,73
1787448704,19.77,628,73
1787448705,19.80,628,73
1787448706,19.34,628,73
1787448707,18.71,628,73
1787448708,18.57,628,73
1787448709,18.40,628,73
1787448710,18.38,628,73
1787448711,18.27,628,73
1787448712,18.26,628,73
1787448713,18.24,628,73
1787448714,18.22,628,73
1787448715,18.20,628,73
1787448716,18.41,628,73
1787448717,18.19,628,72
1787448718,18.66,628,73
1787448719,18.23,628,73
1787448720,18.68,628,73
1787448721,18.94,628,73
1787448722,19.27,628,73
1787448723,19.28,628,73
1787448724,19.18,628,73
1787448725,18.48,628,72
1787448726,17.99,628,72
1787448727,17.86,628,72
1787448728,17.89,628,72
1787448729,17.91,628,72
1787448730,17.96,628,72
1787448731,17.98,628,72
1787448732,18.06,628,72
1787448734,17.98,628,72
1787448734,18.08,295,72
1787448736,13.08,279,71
1787448737,12.94,279,71
1787448738,9.80,279,70
1787448739,9.28,278,69
1787448740,9.11,278,69
1787448741,9.09,277,69
1787448742,8.98,277,68
1787448743,9.02,355,68
1787448744,18.35,387,71
1787448745,30.01,383,73
1787448746,38.12,375,75
1787448747,58.84,371,81
1787448748,71.64,371,83
1787448749,71.90,371,84
1787448750,72.07,371,85
1787448751,72.21,371,85
1787448752,72.33,371,86
1787448753,72.55,371,86
1787448754,72.60,371,86
1787448755,72.79,371,87
1787448756,68.70,371,86
1787448757,68.51,371,87
1787448758,68.50,371,87
1787448759,66.51,371,86
1787448760,66.67,371,87
1787448761,63.95,371,86
1787448762,61.26,371,86
1787448763,61.30,371,86
1787448764,61.14,371,86
1787448765,61.33,371,86
1787448766,61.30,371,87
1787448767,61.49,371,87
1787448768,61.39,371,87
1787448769,61.23,371,87
1787448770,57.76,371,86
1787448771,58.80,371,87
1787448772,56.92,371,86
1787448773,56.34,371,87
1787448774,57.88,371,86
1787448775,55.11,371,86
1787448776,58.80,371,86
1787448777,54.84,371,86
1787448778,54.68,371,86
1787448779,54.56,371,86
1787448780,55.22,371,86
1787448781,57.28,371,86
1787448782,53.95,371,86
1787448783,54.50,371,86
1787448784,54.51,371,86
1787448785,54.20,371,86
1787448786,54.38,371,86
1787448787,54.26,371,86
1787448788,54.28,371,86
1787448789,54.09,371,86
1787448790,54.36,371,86
1787448791,54.44,371,86
1787448792,54.54,371,86
1787448793,54.75,371,87
1787448794,54.70,371,87
1787448795,54.66,371,87
1787448796,54.60,371,87
1787448797,54.58,371,87
1787448798,54.60,371,87
1787448799,54.61,371,87
1787448800,54.56,371,87
1787448801,54.52,371,87
1787448802,54.59,371,87
1787448803,54.54,371,87
1787448804,43.33,294,82
1787448805,14.83,280,79
1787448806,14.14,280,78
1787448807,13.35,279,77
1787448808,13.22,278,77
1787448809,10.13,278,75
1787448810,9.89,277,74
1787448811,9.69,269,74
1787448812,10.17,383,74
1787448813,21.08,460,74
1787448814,25.98,452,77
1787448815,25.83,452,77
1787448816,25.87,449,77
1787448817,26.28,445,77
1787448818,26.44,444,77
1787448819,26.09,444,77
1787448820,32.46,444,78
1787448821,25.63,444,78
1787448822,25.50,444,78
1787448823,24.98,444,78
1787448824,24.87,444,78
1787448825,24.25,444,78
1787448826,24.26,450,77
1787448827,24.26,448,77
1787448828,24.78,448,77
1787448829,23.75,448,77
1787448830,23.83,448,77
1787448831,24.34,448,77
1787448832,24.18,448,77
1787448833,24.02,448,77
1787448834,24.13,448,77
1787448835,23.99,448,77
1787448836,23.51,448,77
1787448837,23.34,448,77
1787448838,23.18,448,77
1787448839,23.05,448,77
1787448840,23.74,448,77
1787448841,24.56,448,77
1787448842,24.89,449,77
1787448843,24.25,449,77
1787448844,23.85,449,77
1787448845,23.19,449,77
1787448846,23.81,449,77
1787448847,23.79,449,77
1787448848,23.75,449,77
1787448849,23.20,449,77
1787448850,22.42,449,77
1787448851,24.06,449,77
1787448852,24.58,449,77
1787448853,25.24,449,77
1787448854,21.23,449,76
1787448855,20.80,449,76
1787448856,20.82,449,76
1787448857,20.58,449,76
1787448858,20.27,449,76
1787448859,19.86,449,76
1787448860,19.76,449,76
1787448861,19.78,449,75
1787448862,19.85,449,75
1787448863,19.94,449,75
1787448864,19.93,449,75
1787448865,20.22,449,75
1787448866,20.40,449,75
1787448867,20.11,449,75
1787448868,19.31,449,75
1787448869,19.19,449,75
1787448870,19.08,449,74
1787448871,19.02,449,74
1787448872,19.00,449,74
1787448873,18.91,470,74
1787448874,15.59,469,73
1787448875,11.94,353,72
1787448876,9.58,353,71
1787448877,9.17,353,71
1787448878,9.11,352,71
1787448879,9.01,352,70
1787448880,8.98,351,70
1787448881,8.91,362,70
1787448882,11.10,415,71
1787448883,15.86,441,71
1787448884,13.48,440,71
1787448885,13.26,435,71
1787448886,10.04,435,70
1787448887,10.37,431,70
1787448888,10.51,1304,70
1787448889,13.82,3740,71
1787448890,14.44,3796,71
1787448891,13.99,3805,71
1787448892,16.00,3801,72
1787448893,16.44,3801,72
1787448894,17.27,3786,72
1787448895,17.67,3786,72
1787448896,18.35,3786,72
1787448897,19.12,3786,72
1787448898,20.22,3786,72
1787448899,21.93,3786,73
1787448900,23.51,3786,73
1787448901,25.11,3786,74
1787448902,31.78,3786,76
1787448903,38.12,3786,77
1787448904,39.66,3786,77
1787448905,40.26,3786,77
1787448906,40.26,3786,78
1787448907,40.22,3799,78
1787448908,38.56,3799,77
1787448909,39.49,3799,78
1787448910,39.70,3799,78
1787448911,40.31,3799,78
1787448912,40.24,3799,78
1787448913,40.40,3799,78
1787448914,40.43,3799,78
1787448915,39.92,3799,78
1787448916,37.91,3799,77
1787448917,24.17,3799,74
1787448918,19.64,3799,73
1787448919,17.92,3799,73
1787448920,17.18,3799,72
1787448921,16.72,3799,72
1787448922,16.40,3799,71
1787448923,16.19,3799,71
1787448924,16.32,3799,71
1787448925,16.20,3799,71
1787448926,16.12,3799,71
1787448927,16.01,3799,70
1787448928,16.03,3799,70
1787448929,15.98,3799,70
1787448930,16.19,3799,70
1787448931,18.22,3799,71
1787448932,23.22,3801,72
1787448933,35.78,3784,75
1787448934,43.95,3767,75
1787448935,29.89,3767,73
1787448936,29.97,3767,73
1787448937,29.89,3767,73
1787448938,30.14,3767,73
1787448939,30.34,3767,73
1787448940,30.88,3767,74
1787448941,31.30,3767,74
1787448942,31.01,3771,74
1787448943,29.90,3771,73
1787448944,28.41,3771,73
1787448945,27.60,3771,73
1787448946,27.80,3775,73
1787448947,27.58,3775,73
1787448948,27.39,3775,73
1787448949,14.62,1714,71
1787448950,13.47,251,71
1787448951,12.66,252,70
1787448952,10.80,238,69
1787448953,8.81,237,69
1787448954,8.63,236,68
1787448955,8.47,236,68
1787448956,8.54,236,68
1787448957,8.80,427,68
1787448958,13.45,876,69
1787448959,25.93,869,71
1787448960,25.31,869,71
1787448961,25.79,866,72
1787448962,25.84,866,72
1787448963,26.52,862,72
1787448964,26.24,862,72
1787448965,25.29,862,72
1787448966,25.82,862,72
1787448967,24.96,862,73
1787448968,25.12,862,73
1787448969,24.87,862,73
1787448970,24.26,862,73
1787448971,24.34,862,73
1787448972,24.41,862,73
1787448973,24.15,862,73
1787448974,24.51,862,73
1787448975,24.42,862,73
1787448976,24.70,862,73
1787448977,24.58,862,73
1787448979,24.44,862,73
1787448980,24.72,862,73
1787448981,22.73,862,73
1787448982,25.26,862,73
1787448983,25.36,862,73
1787448984,24.94,862,73
1787448985,24.84,862,73
1787448986,25.24,862,73
1787448987,26.28,862,74
1787448988,26.80,862,74
1787448989,25.57,862,74
1787448990,24.95,862,74
1787448991,25.50,862,74
1787448992,24.96,862,74
1787448993,25.06,862,74
1787448994,25.61,862,74
1787448995,25.25,862,74
1787448996,24.01,862,74
1787448997,24.99,862,74
1787448998,26.34,862,74
1787448999,26.21,862,74
1787449000,25.84,862,74
1787449001,25.37,862,74
1787449002,25.16,862,74
1787449003,24.62,862,74
1787449004,24.12,862,74
1787449005,24.14,862,74
1787449006,24.09,862,74
1787449007,24.03,862,73
1787449008,24.17,862,74
1787449009,24.30,862,74
1787449010,24.64,862,74
1787449011,24.91,862,74
1787449012,24.99,862,74
1787449013,24.43,862,73
1787449014,23.64,862,73
1787449015,23.48,862,73
1787449016,23.09,862,73
1787449017,22.87,862,73
1787449018,22.71,862,73
1787449019,13.85,301,72
1787449020,12.98,293,71
1787449021,12.66,280,70
1787449022,9.35,280,70
1787449023,9.18,280,69
1787449024,8.93,279,69
1787449025,8.79,279,69
1787449026,8.81,278,68
1787449027,8.88,363,68
1787449028,18.70,395,71
1787449029,30.42,386,73
1787449030,39.78,386,76
1787449031,60.89,383,82
1787449032,74.65,382,83
1787449033,73.45,382,84
1787449034,73.73,382,85
1787449035,74.20,382,86
1787449036,75.15,382,86
1787449037,73.84,382,87
1787449038,74.64,382,87
1787449039,66.72,382,86
1787449040,67.29,382,86
1787449041,65.42,382,86
1787449042,67.06,382,87
1787449043,61.67,382,86
1787449044,61.76,382,86
1787449045,61.96,382,86
1787449046,61.80,382,86
1787449047,61.78,382,87
1787449048,62.03,382,87
1787449049,61.73,382,87
1787449050,56.41,382,86
1787449051,56.64,382,86
1787449052,56.70,382,86
1787449053,56.20,382,86
1787449054,56.25,382,86
1787449055,56.34,382,86
1787449056,56.56,382,86
1787449057,56.49,382,87
1787449058,56.31,382,87
1787449059,57.01,382,87
1787449060,56.75,382,87
1787449061,56.77,382,87
1787449062,56.54,382,87
1787449063,56.37,382,87
1787449064,56.05,382,87
1787449065,56.17,382,87
1787449066,53.41,382,86
1787449067,56.19,382,87
1787449068,51.02,382,86
1787449069,51.01,382,86
1787449070,55.83,382,87
1787449071,55.86,382,87
1787449072,52.11,382,86
1787449073,54.34,382,87
1787449074,54.63,382,87
1787449075,53.55,382,86
1787449076,49.61,382,86
1787449077,54.58,382,87
1787449078,54.40,382,87
1787449079,50.80,382,87
1787449080,53.26,382,87
1787449081,53.12,382,87
1787449082,53.12,382,86
1787449083,48.47,382,86
1787449084,51.78,382,87
1787449085,53.25,382,87
1787449086,50.12,382,86
1787449087,50.75,382,87
1787449088,51.71,394,85
1787449089,18.85,383,80
1787449090,14.39,383,79
1787449091,13.50,382,78
1787449092,13.36,382,77
1787449093,11.28,381,76
1787449094,9.82,381,75
1787449095,9.65,372,75
1787449096,9.44,340,74
1787449097,9.90,362,74
1787449098,10.09,349,74
1787449099,11.38,354,74
1787449100,10.00,354,73
1787449101,9.79,354,73
1787449102,9.96,354,73
1787449103,9.90,1540,73
1787449104,17.52,2767,75
1787449105,23.78,2767,76
1787449106,23.68,2767,77
1787449107,24.16,2767,77
1787449108,23.96,2767,77
1787449109,23.87,2767,77
1787449110,23.45,2767,77
1787449111,23.45,2767,77
1787449112,23.25,2767,77
1787449113,23.10,2767,77
1787449114,22.80,2767,77
1787449115,22.61,2767,77
1787449116,22.70,2767,77
1787449117,22.57,2767,77
1787449118,22.69,2767,77
1787449119,22.58,2767,77
1787449120,22.68,2767,77
1787449121,22.56,2767,77
1787449122,22.43,2767,77
1787449123,22.34,2767,77
1787449124,23.10,2767,77
1787449125,24.66,2767,77
1787449126,21.44,2761,76
1787449127,23.31,2761,77
1787449128,23.03,2761,77
1787449129,23.15,2761,77
1787449130,22.71,2761,77
1787449131,22.20,2761,77
1787449132,23.07,2761,77
1787449133,23.46,2761,77
1787449134,23.62,2761,77
1787449135,22.24,2761,77
1787449136,22.44,2761,77
1787449137,22.38,2761,77
1787449138,22.03,2761,77
1787449139,22.16,2761,77
1787449140,22.08,2761,77
1787449141,21.83,2761,77
1787449142,21.64,2761,77
1787449143,22.40,2761,77
1787449144,21.74,2761,76
1787449145,21.85,2761,76
1787449146,21.70,2761,77
1787449147,22.31,2761,76
1787449148,22.07,2761,76
1787449149,22.32,2761,77
1787449150,22.47,2761,77
1787449151,22.86,2761,77
1787449152,22.93,2761,77
1787449153,22.82,2761,77
1787449154,22.02,2761,76
1787449155,21.65,2761,76
1787449156,21.46,2761,76
1787449157,21.42,2761,76
1787449158,21.41,2761,76
1787449159,21.37,2761,76
1787449160,21.26,2761,76
1787449161,21.16,2761,76
1787449162,21.20,2761,76
1787449163,21.15,2761,76
1787449164,14.14,2775,75
1787449165,13.79,2775,75
1787449166,13.30,323,74
1787449167,12.03,322,73
1787449168,9.35,321,73
1787449169,9.30,321,72
1787449170,9.29,320,72
1787449171,9.21,312,72
1787449172,10.50,440,72
1787449173,13.97,1215,73
1787449174,13.71,1416,73
1787449175,13.79,1991,73
1787449176,30.36,1985,77
1787449177,44.04,1972,80
1787449178,50.52,1970,80
1787449179,48.67,1966,80
1787449180,46.91,1966,81
1787449181,47.69,1966,81
1787449182,46.99,1966,81
1787449183,49.58,1966,82
1787449184,48.47,1966,82
1787449185,48.19,1966,82
1787449186,46.70,1966,81
1787449187,47.13,1966,83
1787449188,46.24,1966,82
1787449189,47.10,1966,82
1787449190,47.82,1966,82
1787449191,46.11,1966,82
1787449192,47.20,1966,82
1787449193,44.81,1966,82
1787449195,46.87,1966,83
1787449196,45.63,1966,83
1787449197,50.96,1966,83
1787449198,50.74,1966,84
1787449199,50.06,1966,83
1787449200,50.11,1966,84
1787449201,48.24,1966,84
1787449202,53.33,1966,85
1787449203,51.00,1966,84
1787449204,47.03,1966,84
1787449205,48.10,1966,84
1787449206,51.36,1966,85
1787449207,51.53,1966,85
1787449208,50.90,1966,85
1787449209,51.56,1966,85
1787449210,52.10,1966,85
1787449211,49.04,1966,85
1787449212,50.75,1966,85
1787449213,47.63,1966,84
1787449214,51.47,1966,86
1787449215,51.56,1966,85
1787449216,48.44,1966,86
1787449217,46.14,1966,84
1787449218,49.68,1966,86
1787449219,49.77,1966,85
1787449220,45.37,1966,84
1787449221,45.36,1966,84
1787449222,46.63,1966,85
1787449223,51.26,1966,86
1787449224,48.13,1966,85
1787449225,48.57,1966,85
1787449226,44.58,1966,85
1787449227,45.43,1966,85
1787449228,45.22,1966,85
1787449229,47.70,1966,85
1787449230,45.23,1966,85
1787449231,44.72,1966,85
1787449232,47.84,1966,85
1787449233,45.36,1966,85
1787449234,40.87,294,81
1787449235,14.79,292,79
1787449236,14.16,286,78
1787449237,13.34,285,78
1787449238,13.19,285,77
1787449239,9.93,284,76
1787449240,9.71,284,75
1787449241,9.53,283,75
1787449242,9.76,413,74
1787449243,14.67,672,76
1787449244,27.93,856,80
1787449245,46.49,850,83
1787449246,64.33,841,87
1787449247,56.62,837,86
1787449248,56.12,835,87
1787449249,57.25,835,87
1787449250,60.40,835,87
1787449251,59.42,835,87
1787449252,56.03,835,87
1787449253,55.37,835,87
1787449254,55.17,835,87
1787449255,55.54,835,87
1787449256,53.76,835,86
1787449257,52.18,835,87
1787449258,52.35,835,86
1787449259,52.34,835,87
1787449260,52.33,835,87
1787449261,52.43,835,87
1787449262,52.60,835,87
1787449263,52.77,835,87
1787449264,52.85,835,87
1787449265,52.72,835,87
1787449266,52.74,835,87
1787449267,52.74,835,87
1787449268,52.76,835,87
1787449269,52.90,835,87
1787449270,52.91,835,87
1787449271,52.96,835,87
1787449272,52.96,835,87
1787449273,53.06,835,87
1787449274,53.21,835,87
1787449275,53.34,835,88
1787449276,53.41,835,87
1787449277,53.46,835,88
1787449278,53.49,835,88
1787449279,53.49,835,88
1787449280,53.46,835,88
1787449281,53.47,835,88
1787449282,53.49,835,88
1787449283,53.45,835,88
1787449284,53.38,835,88
1787449285,53.26,835,88
1787449286,53.21,835,88
1787449287,53.16,835,88
1787449288,53.11,835,88
1787449289,53.05,835,88
1787449290,52.87,835,88
1787449291,52.90,835,88
1787449292,52.78,835,88
1787449293,52.64,835,88
1787449294,52.55,835,88
1787449295,52.51,835,88
1787449296,52.29,835,88
1787449297,52.17,835,88
1787449298,51.88,835,88
1787449299,51.85,835,88
1787449300,51.66,835,88
1787449301,51.58,835,88
1787449302,51.52,835,88
1787449303,48.07,296,84
1787449304,15.38,283,81
1787449305,14.64,283,80
1787449306,13.67,283,79
1787449307,13.49,282,79
1787449308,10.41,281,77
1787449309,9.92,281,77
1787449310,9.70,280,76
1787449311,10.08,380,76
1787449312,21.17,355,79
1787449313,31.03,359,80
1787449314,40.33,383,83
1787449315,59.79,393,87
1787449316,59.16,377,86
1787449317,56.04,377,87
1787449318,55.79,377,87
1787449319,52.40,377,86
1787449320,52.92,377,87
1787449321,53.59,377,87
1787449322,48.88,377,87
1787449323,52.49,377,87
1787449324,52.42,377,87
1787449325,49.99,377,86
1787449326,47.88,377,86
1787449327,47.93,377,86
1787449328,47.75,377,86
1787449329,47.74,377,86
1787449330,47.88,377,86
1787449331,47.94,377,86
1787449332,47.77,377,86
1787449333,47.70,377,86
1787449334,47.75,377,86
1787449335,47.77,377,86
1787449336,47.74,377,86
1787449337,47.74,377,86
1787449338,47.77,377,86
1787449339,47.71,377,86
1787449341,47.81,377,86
1787449341,47.90,377,86
1787449342,47.90,377,86
1787449343,47.92,377,86
1787449345,48.01,377,86
1787449346,47.96,377,86
1787449347,47.86,377,86
1787449348,50.81,377,87
1787449349,49.01,377,86
1787449350,48.06,377,86
1787449351,48.03,377,86
1787449352,48.05,377,86
1787449353,47.99,377,86
1787449354,48.07,377,86
1787449355,48.02,377,86
1787449356,48.03,377,86
1787449357,47.99,384,86
1787449358,48.75,377,87
1787449359,51.48,377,86
1787449360,48.67,377,86
1787449361,48.65,377,86
1787449362,48.70,377,86
1787449363,48.71,377,86
1787449364,48.77,377,86
1787449365,48.94,377,86
1787449366,48.67,377,86
1787449367,48.64,377,86
1787449368,48.56,377,86
1787449369,48.51,377,86
1787449370,48.51,377,86
1787449371,48.59,377,86
1787449372,48.57,377,86
1787449373,43.27,396,83
1787449374,15.91,387,80
1787449375,14.44,387,79
1787449376,13.39,386,78
1787449377,13.33,386,78
1787449378,9.83,385,76
1787449379,9.68,385,75
1787449380,9.45,376,75
1787449381,10.81,432,75
1787449382,18.36,443,76
1787449383,32.25,405,79
1787449384,32.43,404,79
1787449385,31.79,403,79
1787449386,32.98,397,80
1787449387,32.66,395,80
1787449388,32.01,395,80
1787449389,33.29,395,80
1787449390,32.23,395,80
1787449391,32.10,395,80
1787449392,32.61,395,80
1787449393,32.24,395,80
1787449394,32.46,395,80
1787449395,31.33,395,80
1787449396,32.76,395,80
1787449397,33.46,395,81
1787449398,32.42,395,80
1787449399,32.62,395,81
1787449400,33.88,395,81
1787449401,33.03,395,81
1787449402,33.12,395,81
1787449403,33.12,395,81
1787449404,34.58,395,81
1787449405,33.65,395,81
1787449406,34.28,395,81
1787449407,33.14,395,81
1787449408,32.91,395,81
1787449409,34.01,395,81
1787449410,34.81,395,81
1787449411,35.01,395,81
1787449412,32.57,395,81
1787449413,35.34,395,81
1787449414,34.11,395,81
1787449415,34.32,395,81
1787449416,34.37,395,81
1787449417,35.49,395,81
1787449418,33.67,395,81
1787449419,34.93,395,82
1787449420,34.94,395,81
1787449421,33.60,395,81
1787449422,34.59,395,81
1787449423,33.24,395,82
1787449424,33.35,395,81
1787449425,32.90,395,81
1787449426,33.63,395,81
1787449427,33.63,395,81
1787449428,33.55,395,81
1787449429,33.52,395,81
1787449430,33.54,395,82
1787449431,33.12,395,81
1787449432,33.50,395,81
1787449433,33.68,395,82
1787449434,33.40,395,81
1787449435,32.35,395,81
1787449436,33.62,395,81
1787449437,35.67,395,81
1787449438,31.73,395,81
1787449439,33.60,395,82
1787449440,32.58,395,81
1787449441,32.79,395,81
1787449442,32.86,395,81
1787449443,14.86,404,79
1787449444,14.38,395,78
1787449445,13.70,395,77
1787449446,11.78,395,76
1787449447,9.65,394,75
1787449448,9.45,393,75
1787449449,9.30,393,74
1787449450,9.39,384,74
1787449451,10.55,695,75
1787449452,23.29,670,77
1787449453,31.93,664,79
1787449454,41.44,663,82
1787449455,64.62,662,87
1787449456,69.05,662,87
1787449457,63.60,660,87
1787449458,61.75,659,87
1787449459,61.66,658,87
1787449460,59.46,658,86
1787449461,56.37,658,86
1787449462,56.35,658,86
1787449463,56.24,658,86
1787449464,56.24,658,86
1787449465,56.31,658,86
1787449466,56.43,658,87
1787449467,56.37,658,87
1787449468,56.33,658,87
1787449469,56.44,658,87
1787449470,56.49,658,87
1787449471,56.35,658,87
1787449472,54.70,658,86
1787449473,51.65,658,86
1787449474,51.70,658,86
1787449475,54.88,658,87
1787449476,53.02,658,87
1787449477,55.72,658,87
1787449478,55.61,658,87
1787449479,54.33,658,86
1787449480,52.67,658,87
1787449481,54.85,658,87
1787449482,54.83,658,87
1787449483,54.81,658,87
1787449484,54.82,658,87
1787449485,54.79,658,87
1787449486,54.72,658,87
1787449487,54.67,658,87
1787449488,54.66,658,87
1787449489,54.54,658,87
1787449490,54.52,658,87
1787449491,54.54,658,87
1787449492,54.40,658,87
1787449493,54.39,658,87
1787449494,54.70,658,87
1787449495,54.59,658,87
1787449496,54.66,658,87
1787449497,54.74,658,87
1787449498,54.68,658,87
1787449499,54.77,658,87
1787449500,54.65,658,87
1787449501,54.56,658,87
1787449502,54.57,658,87
1787449503,54.78,658,87
1787449504,54.61,658,87
1787449505,54.63,658,87
1787449506,54.52,658,87
1787449507,54.63,658,87
1787449508,54.58,658,87
1787449509,54.48,658,87
1787449510,54.49,658,87
1787449511,54.47,662,87
1787449512,25.81,288,80
1787449513,14.49,279,78
1787449514,13.40,279,78
1787449515,13.24,279,77
1787449516,12.40,277,76
1787449517,9.79,277,75
1787449518,9.59,276,74
1787449519,9.35,272,74
1787449520,17.80,394,77
1787449521,29.66,394,78
1787449522,36.87,385,80
1787449523,54.97,385,85
1787449524,70.93,383,87
1787449525,65.67,379,87
1787449526,61.53,379,86
1787449527,58.36,379,86
1787449528,58.71,379,87
1787449529,58.49,379,87
1787449530,58.10,379,87
1787449531,53.15,379,86
1787449532,55.93,379,87
1787449533,52.29,379,86
1787449534,52.31,379,86
1787449535,52.44,379,86
1787449536,52.37,379,86
1787449537,52.28,379,86
1787449538,52.42,379,86
1787449539,52.32,379,87
1787449540,52.07,379,86
1787449541,51.75,379,87
1787449542,51.96,379,87
1787449543,52.00,379,87
1787449544,52.07,379,87
1787449545,52.29,379,87
1787449546,52.33,379,87
1787449547,52.28,379,87
1787449548,52.39,379,87
1787449549,52.27,379,87
1787449550,52.28,379,87
1787449551,52.24,379,87
1787449552,52.24,379,87
1787449554,50.19,379,86
1787449555,49.78,379,87
1787449556,52.05,379,87
1787449557,52.04,379,87
1787449558,48.73,379,86
1787449559,51.55,379,87
1787449560,51.40,379,87
1787449561,51.27,379,87
1787449562,51.25,379,87
1787449563,51.36,379,87
1787449564,51.33,379,87
1787449565,51.36,379,87
1787449566,51.37,379,87
1787449567,51.30,379,87
1787449568,51.32,379,87
1787449569,51.33,379,87
1787449570,51.36,379,87
1787449571,51.27,379,87
1787449572,48.25,379,86
1787449573,48.62,379,87
1787449574,50.88,379,87
1787449575,50.83,379,87
1787449576,50.85,379,87
1787449577,50.85,379,87
1787449578,50.83,379,87
1787449579,48.67,379,86
1787449580,46.75,379,86
1787449581,50.84,311,87
1787449582,23.07,302,81
1787449583,14.66,288,80
1787449584,13.67,288,79
1787449585,13.30,288,78
1787449586,12.42,287,77
1787449587,9.74,287,76
1787449588,9.77,286,76
1787449589,9.58,355,75
1787449590,9.86,355,75
1787449591,9.75,348,75
1787449592,9.85,348,74
1787449593,9.67,348,74
1787449594,8.97,345,74
1787449595,9.90,345,74
1787449596,11.22,1916,74
1787449597,16.01,2759,75
1787449598,22.89,2765,77
1787449599,23.99,2765,77
1787449600,23.95,2765,77
1787449601,24.11,2765,78
1787449602,23.85,2765,78
1787449603,24.02,2765,78
1787449604,23.62,2765,78
1787449605,23.42,2765,78
1787449606,22.91,2765,78
1787449607,23.38,2765,78
1787449608,22.80,2765,78
1787449609,22.94,2765,78
1787449610,22.72,2765,78
1787449611,22.85,2765,78
1787449612,22.89,2765,78
1787449613,22.97,2765,78
1787449614,22.82,2765,78
1787449615,22.57,2765,78
1787449616,22.60,2765,78
1787449617,23.95,2765,78
1787449618,23.57,2765,78
1787449619,23.17,2765,78
1787449620,23.23,2765,78
1787449621,23.28,2765,78
1787449622,23.18,2765,78
1787449623,22.73,2765,78
1787449624,21.94,2765,78
1787449625,23.10,2765,78
1787449626,23.68,2765,78
1787449627,23.63,2765,78
1787449628,22.87,2765,78
1787449629,22.49,2765,78
1787449630,22.57,2765,78
1787449631,22.22,2765,78
1787449632,22.35,2765,78
1787449633,22.28,2765,78
1787449634,22.06,2765,78
1787449635,22.03,2765,78
1787449636,22.07,2765,78
1787449637,22.00,2765,78
1787449638,22.02,2765,78
1787449639,22.12,2765,78
1787449640,22.15,2765,78
1787449641,22.22,2765,78
1787449642,22.18,2765,78
1787449643,22.60,2765,78
1787449644,23.02,2765,78
1787449645,22.81,2765,78
1787449646,23.05,2765,78
1787449647,22.26,2765,78
1787449648,21.70,2765,78
1787449649,21.52,2765,78
1787449650,21.61,2765,78
1787449651,21.64,2765,77
1787449652,21.67,2765,77
1787449653,21.56,2765,77
1787449654,21.74,2765,77
1787449655,21.53,2765,77
1787449656,21.90,2765,77
1787449657,14.34,2786,76
1787449658,14.29,2786,76
1787449659,13.65,329,75
1787449660,12.09,328,74
1787449661,9.75,327,74
1787449662,9.71,327,73
1787449663,9.60,326,73
1787449664,9.46,318,72
1787449665,10.44,391,73
1787449666,11.65,462,73
1787449667,32.92,775,76
1787449668,33.06,775,77
1787449669,32.86,771,78
1787449670,32.40,771,78
1787449671,33.00,771,78
1787449672,33.10,771,78
1787449673,33.44,758,79
1787449674,32.74,758,79
1787449675,31.09,758,78
1787449676,30.96,758,79
1787449677,30.62,758,79
1787449678,30.02,758,79
1787449679,29.61,758,79
1787449680,29.42,758,79
1787449681,29.17,758,79
1787449682,29.20,758,79
1787449683,28.84,758,79
1787449684,28.88,758,79
1787449685,29.85,758,79
1787449686,29.31,758,79
1787449687,29.76,758,79
1787449688,30.20,758,79
1787449689,30.45,758,79
1787449690,30.94,758,79
1787449691,30.80,758,79
1787449692,29.75,758,79
1787449693,29.93,758,79
1787449694,30.57,758,79
1787449695,31.31,758,79
1787449696,31.47,759,79
1787449697,29.62,759,79
1787449698,28.91,759,79
1787449699,29.30,759,79
1787449700,29.59,759,79
1787449701,29.93,759,79
1787449702,30.98,759,80
1787449703,30.35,759,80
1787449704,30.19,759,80
1787449705,29.73,759,80
1787449706,31.28,759,80
1787449707,30.99,759,80
1787449708,28.75,759,79
1787449709,28.75,759,79
1787449710,27.70,759,79
1787449711,27.85,759,79
1787449712,27.69,759,79
1787449713,27.25,759,79
1787449714,27.25,759,79
1787449715,27.27,759,79
1787449716,27.35,759,79
1787449717,27.54,759,79
1787449718,27.81,759,79
1787449719,28.03,759,79
1787449720,28.26,759,79
1787449721,27.91,759,79
1787449722,26.49,759,79
1787449723,25.98,759,78
1787449724,25.57,759,78
1787449725,25.33,759,78
1787449726,25.18,759,78
1787449727,25.02,812,78
1787449728,17.38,806,76
1787449729,14.23,432,75
1787449730,13.00,432,75
1787449731,9.87,432,74
1787449732,9.57,431,73
1787449733,9.32,430,73
1787449734,9.29,430,72
1787449735,9.35,458,72
1787449736,11.94,752,73
1787449737,16.93,863,75
1787449738,26.79,864,76
1787449739,26.32,861,76
1787449740,26.77,861,76
1787449741,26.93,859,76
1787449742,26.98,856,76
1787449743,25.44,856,76
1787449744,26.31,856,76
1787449745,26.37,856,77
1787449746,26.02,856,76
1787449747,25.73,856,76
1787449748,25.06,856,76
1787449749,24.57,856,76
1787449750,24.87,856,76
1787449751,25.35,856,76
1787449752,25.06,856,76
1787449753,24.83,856,76
1787449754,25.83,856,76
1787449755,25.28,856,77
1787449756,24.83,856,76
1787449757,25.24,856,77
1787449758,25.76,856,77
1787449759,25.91,856,77
1787449760,26.16,856,77
1787449761,25.86,856,77
1787449762,25.91,856,77
1787449763,26.32,856,77
1787449764,27.72,856,77
1787449765,28.11,856,77
1787449766,26.47,856,77
1787449767,25.60,856,77
1787449768,25.36,856,77
1787449769,25.61,856,77
1787449770,25.34,856,77
1787449771,25.74,856,77
1787449772,25.75,856,77
1787449773,24.70,856,76
1787449774,25.65,856,77
1787449775,26.70,856,77
1787449776,26.83,856,77
1787449777,26.37,856,77
1787449778,26.46,856,77
1787449779,25.94,856,77
1787449780,25.34,856,77
1787449781,24.83,856,77
1787449782,24.84,856,76
1787449783,24.74,856,76
1787449784,24.71,856,76
1787449785,24.76,856,76
1787449786,24.93,856,76
1787449787,25.26,856,76
1787449788,25.59,856,76
1787449789,25.81,856,76
1787449790,25.59,856,76
1787449791,24.31,856,76
1787449792,24.12,856,76
1787449793,23.85,856,76
1787449794,23.58,856,76
1787449795,23.47,856,76
1787449796,23.35,856,76
1787449797,13.46,289,74
1787449798,13.27,274,74
1787449799,12.48,274,73
1787449800,9.44,274,72
1787449801,9.25,273,71
1787449802,9.05,273,71
1787449803,9.15,272,71
1787449804,9.18,264,70
1787449806,11.29,447,72
1787449806,14.62,449,72
1787449807,15.11,1193,72
1787449808,31.87,1193,75
1787449809,31.77,1189,75
1787449811,32.55,1183,76
1787449812,31.63,1183,76
1787449812,31.30,1183,76
1787449814,29.41,1183,76
1787449815,31.45,1183,76
1787449816,31.05,1183,76
1787449817,31.26,1183,76
1787449818,30.25,1183,77
1787449819,29.73,1183,77
1787449820,29.17,1183,76
1787449821,30.13,1183,77
1787449822,29.47,1183,77
1787449823,29.21,1183,77
1787449824,29.52,1183,77
1787449825,29.94,1183,77
1787449826,30.07,1183,77
1787449827,29.83,1183,77
1787449828,30.69,1183,77
1787449829,31.25,1183,78
1787449830,31.45,1183,78
1787449831,31.60,1183,78
1787449832,30.90,1183,78
1787449833,30.91,1183,78
1787449834,34.14,1183,78
1787449835,32.19,1183,78
1787449836,32.72,1183,78
1787449837,31.98,1183,78
1787449838,30.50,1183,78
1787449839,30.34,1183,78
1787449840,30.57,1183,78
1787449841,30.73,1183,78
1787449842,31.08,1183,78
1787449843,31.40,1183,78
1787449844,30.99,1183,78
1787449845,29.90,1183,78
1787449846,32.28,1183,78
1787449847,32.88,1183,79
1787449848,32.78,1183,79
1787449849,31.72,1183,79
1787449850,31.56,1183,78
1787449851,30.83,1183,78
1787449852,30.08,1183,78
1787449853,29.85,1183,78
1787449854,29.80,1183,78
1787449855,29.83,1183,78
1787449856,30.00,1183,78
1787449857,29.98,1183,78
1787449858,30.22,1183,78
1787449859,30.78,1183,78
1787449860,31.16,1183,78
1787449861,31.11,1183,78
1787449862,30.29,1183,78
1787449863,28.92,1183,78
1787449864,28.46,1183,78
1787449865,28.18,1183,78
1787449866,27.99,1183,78
1787449867,27.77,1183,78
1787449868,24.73,283,76
1787449869,14.07,283,75
1787449870,13.61,271,74
1787449871,11.67,270,73
1787449872,9.47,269,73
1787449873,9.42,268,72
1787449874,9.23,267,72
1787449875,9.20,259,71
1787449876,9.45,380,71
1787449877,12.78,387,71
1787449878,12.48,397,71
1787449879,13.67,1646,71
1787449880,33.67,1637,76
1787449881,33.71,1637,76
1787449882,32.48,1626,77
1787449883,33.12,1626,77
1787449884,33.33,1626,77
1787449885,33.93,1626,78
1787449886,34.13,1626,78
1787449887,32.09,1633,78
1787449888,32.16,1633,78
1787449889,31.98,1633,78
1787449890,31.69,1633,78
1787449891,31.10,1631,78
1787449892,30.46,1631,78
1787449893,30.75,1631,78
1787449894,30.04,1631,78
1787449895,30.29,1631,78
1787449896,29.82,1631,78
1787449897,29.83,1631,78
1787449898,30.51,1631,78
1787449899,29.79,1631,78
1787449900,30.28,1631,78
1787449901,30.92,1631,78
1787449902,32.54,1631,78
1787449903,30.91,1631,78
1787449904,30.54,1631,78
1787449905,29.77,1631,78
1787449906,30.00,1631,78
1787449907,31.17,1631,78
1787449908,31.32,1631,79
1787449909,31.32,1632,79
1787449910,29.68,1632,78
1787449911,29.30,1632,78
1787449912,29.57,1632,78
1787449913,29.69,1632,78
1787449914,30.13,1632,78
1787449915,31.53,1632,79
1787449916,31.33,1632,79
1787449917,30.27,1632,79
1787449918,31.28,1632,79
1787449919,31.44,1632,79
1787449920,28.41,1632,79
1787449921,28.18,1632,78
1787449922,28.03,1632,78
1787449923,27.61,1632,78
1787449924,27.59,1632,78
1787449925,27.08,1632,78
1787449926,26.91,1632,78
1787449927,27.02,1632,78
1787449928,27.00,1632,78
1787449929,27.18,1632,78
1787449930,27.35,1632,78
1787449931,27.28,1632,78
1787449932,27.42,1632,78
1787449933,27.16,1632,78
1787449934,26.44,1632,77
1787449935,26.07,1632,77
1787449936,25.67,1632,77
1787449937,25.36,1632,77
1787449938,25.20,1632,77
1787449939,25.14,1632,77
1787449940,20.13,1707,75
1787449941,14.23,1707,75
1787449942,13.74,382,74
1787449943,10.51,381,73
1787449944,9.69,380,72
1787449945,9.44,379,72
1787449946,9.49,379,71
1787449947,9.41,370,71
1787449948,10.55,490,72
1787449949,14.07,494,72
1787449950,19.44,759,73
1787449951,20.43,758,73
1787449952,21.42,750,74
1787449953,21.06,744,74
1787449954,21.22,744,74
1787449955,21.09,744,74
1787449956,20.95,744,74
1787449957,20.79,744,74
1787449958,20.66,744,74
1787449959,20.50,744,74
1787449960,21.24,744,74
1787449961,20.91,744,74
1787449962,20.12,744,74
1787449963,20.80,744,74
1787449964,20.31,744,73
1787449965,20.28,744,74
1787449966,20.27,744,73
1787449967,20.34,744,73
1787449968,20.41,744,73
1787449969,20.27,744,73
1787449970,20.38,744,73
1787449971,20.46,744,73
1787449972,20.63,744,73
1787449973,20.63,744,73
1787449974,20.56,744,73
1787449975,20.56,744,73
1787449976,20.53,744,73
1787449977,20.36,744,73
1787449978,20.13,744,73
1787449979,20.70,744,73
1787449980,20.67,744,73
1787449981,20.90,744,73
1787449982,20.73,744,73
1787449983,20.38,744,73
1787449984,20.28,744,73
1787449985,20.15,744,73
1787449986,20.07,744,73
1787449987,19.85,744,73
1787449988,19.97,744,73
1787449989,19.81,744,73
1787449990,19.70,744,73
1787449991,19.87,744,73
1787449992,19.84,744,73
1787449993,20.27,744,73
1787449994,19.93,744,73
1787449995,19.74,744,73
1787449996,20.11,744,73
1787449997,19.97,744,73
1787449998,20.34,744,73
1787449999,20.17,744,73
1787450000,20.31,744,73
1787450001,19.78,744,73
1787450002,20.12,744,73
1787450003,19.92,744,73
1787450004,19.82,744,73
1787450005,19.78,744,73
1787450006,19.76,744,73
1787450007,19.62,744,73
1787450008,19.65,744,73
1787450009,19.58,744,73
1787450010,19.62,301,73
1787450011,13.70,301,72
1787450012,13.74,289,71
1787450013,12.56,289,70
1787450014,9.36,289,70
1787450015,9.20,288,69
1787450016,9.06,287,69
1787450017,9.08,286,69
1787450018,8.98,304,69
1787450019,11.27,680,70
1787450020,36.77,868,73
1787450021,42.26,866,76
1787450022,55.81,850,80
1787450023,72.54,850,83
1787450024,72.03,845,84
1787450025,72.64,845,85
1787450026,67.96,845,85
1787450027,70.24,845,85
1787450028,71.10,845,86
1787450029,73.03,845,86
1787450030,69.35,845,87
1787450031,66.21,845,86
1787450032,66.09,845,87
1787450033,65.88,845,87
1787450034,66.17,845,87
1787450035,58.39,845,86
1787450036,64.67,845,87
1787450037,63.64,845,87
1787450038,59.80,845,86
1787450039,59.56,845,86
1787450040,59.76,845,87
1787450041,60.79,845,87
1787450042,59.22,845,87
1787450043,59.11,845,87
1787450044,54.92,845,86
1787450045,55.09,845,86
1787450046,55.08,845,86
1787450047,55.12,845,86
1787450049,55.04,845,86
1787450049,55.16,845,86
1787450050,55.35,845,86
1787450052,55.38,845,87
1787450053,55.21,845,87
1787450054,55.46,845,87
1787450055,55.45,845,87
1787450056,55.51,845,87
1787450057,55.34,845,87
1787450058,55.39,845,87
1787450059,55.50,845,87
1787450060,55.21,845,87
1787450061,55.39,845,87
1787450062,55.44,845,87
1787450063,55.36,845,87
1787450064,55.42,845,87
1787450065,53.08,845,86
1787450066,52.57,845,86
1787450067,52.38,845,86
1787450068,52.40,845,86
1787450069,52.33,845,86
1787450070,52.27,845,86
1787450071,52.17,845,86
1787450072,52.07,845,86
1787450073,51.90,845,86
1787450074,51.85,845,86
1787450075,51.59,845,86
1787450076,51.44,845,86
1787450077,51.31,845,86
1787450078,51.13,845,86
1787450079,51.08,845,86
1787450080,51.06,298,86
1787450081,14.95,292,80
1787450082,14.69,279,79
1787450083,13.69,279,78
1787450084,13.22,279,78
1787450085,12.23,278,76
1787450086,9.69,278,75
1787450087,9.60,277,75
1787450088,9.40,304,74
1787450089,11.79,458,75
1787450090,15.98,454,76
1787450091,14.82,450,75
1787450092,13.27,450,74
1787450093,10.24,448,74
1787450094,10.24,442,74
1787450095,12.80,2139,74
1787450096,16.23,3773,75
1787450097,14.51,3799,75
1787450098,15.73,3805,75
1787450099,16.51,3805,75
1787450100,16.72,3805,75
1787450101,17.06,3805,75
1787450102,17.88,3805,75
1787450103,18.65,3805,76
1787450104,19.38,3805,76
1787450105,20.32,3805,76
1787450106,21.11,3805,76
1787450107,22.30,3805,76
1787450108,23.77,3805,76
1787450109,25.89,3805,77
1787450110,32.26,3805,79
1787450111,39.91,3805,80
1787450112,40.85,3805,80
1787450113,41.09,3805,80
1787450114,41.17,3805,81
1787450115,41.35,3805,81
1787450116,41.24,3805,81
1787450117,41.32,3805,81
1787450118,40.30,3797,81
1787450119,39.42,3797,81
1787450120,40.21,3797,81
1787450121,40.76,3797,81
1787450122,37.98,3779,80
1787450123,25.17,3779,77
1787450124,18.87,3779,76
1787450125,18.16,3779,75
1787450126,18.49,3779,75
1787450127,18.60,3779,75
1787450128,18.17,3779,74
1787450129,18.06,3779,74
1787450130,18.41,3779,74
1787450131,18.38,3779,74
1787450132,18.12,3779,74
1787450133,17.89,3779,74
1787450134,17.87,3779,73
1787450135,18.14,3779,73
1787450136,18.18,3779,73
1787450137,18.10,3779,73
1787450138,19.43,3779,74
1787450139,23.68,3760,75
1787450140,32.97,3760,75
1787450141,30.63,3760,76
1787450142,30.47,3760,76
1787450143,30.26,3760,76
1787450144,30.32,3760,76
1787450145,30.55,3760,76
1787450146,30.96,3760,76
1787450147,31.32,3760,76
1787450148,31.68,3760,76
1787450149,31.39,3760,76
1787450150,29.74,3760,76
1787450151,28.55,3760,76
1787450152,28.18,3760,76
1787450153,28.02,3760,76
1787450154,27.78,3760,76
1787450155,27.57,3760,76
1787450156,13.81,269,73
1787450157,13.79,242,73
1787450158,12.92,242,73
1787450159,11.02,229,71
1787450160,9.24,228,71
1787450161,9.14,228,70
1787450162,8.95,227,70
1787450163,9.01,219,70
1787450164,9.49,354,70
1787450165,10.93,490,71
1787450166,21.52,491,72
1787450167,21.69,481,72
1787450168,21.63,481,72
1787450169,21.64,481,73
1787450170,21.79,481,73
1787450171,21.71,481,73
1787450172,21.73,481,73
1787450173,21.54,481,73
1787450174,20.98,481,73
1787450175,21.05,481,73
1787450176,21.00,481,73
1787450177,20.97,481,73
1787450178,20.96,481,73
1787450179,20.80,481,73
1787450180,20.68,481,73
1787450181,20.72,481,73
1787450182,20.83,481,73
1787450183,20.82,481,73
1787450184,20.70,481,73
1787450185,20.86,481,73
1787450186,21.04,480,73
1787450187,21.40,480,73
1787450188,21.07,480,73
1787450189,20.78,480,73
1787450190,20.90,480,73
1787450191,20.98,480,73
1787450192,20.81,480,73
1787450193,20.38,480,73
1787450194,21.06,480,73
1787450195,21.39,480,73
1787450196,21.48,480,73
1787450197,21.30,480,73
1787450198,20.91,481,73
1787450199,20.82,481,73
1787450200,20.64,481,73
1787450201,20.55,481,73
1787450202,20.56,481,73
1787450203,20.38,481,73
1787450204,20.25,481,72
1787450205,20.22,481,72
1787450206,20.25,481,72
1787450207,20.46,481,72
1787450208,20.30,481,72
1787450209,20.51,481,72
1787450210,20.51,481,72
1787450211,20.80,481,72
1787450212,20.85,481,72
1787450213,20.91,481,73
1787450214,21.02,481,72
1787450215,21.10,481,73
1787450216,20.60,481,72
1787450217,20.26,481,72
1787450218,20.26,481,72
1787450219,19.97,481,72
1787450220,19.62,481,72
1787450221,19.28,481,72
1787450222,19.44,481,72
1787450223,19.63,481,72
1787450224,19.64,481,72
1787450225,19.57,483,72
1787450226,13.78,485,71
1787450227,13.55,338,71
1787450228,12.97,338,71
1787450229,9.86,338,69
1787450230,9.15,337,69
1787450231,8.89,337,69
1787450232,8.84,336,68
1787450233,8.75,348,68
1787450234,10.49,428,69
1787450235,13.66,428,69
1787450236,13.47,428,70
1787450237,11.41,1087,69
1787450238,21.83,1078,71
1787450239,21.49,1075,71
1787450240,21.47,1071,71
1787450241,21.59,1069,72
1787450242,21.54,1069,71
1787450243,21.40,1069,72
1787450244,21.43,1069,72
1787450245,21.18,1069,72
1787450246,21.17,1069,72
1787450247,21.03,1069,72
1787450248,21.02,1069,72
1787450249,20.85,1069,72
1787450250,20.72,1069,72
1787450251,20.59,1069,72
1787450252,20.59,1069,72
1787450253,20.62,1069,72
1787450254,20.96,1069,72
1787450255,20.93,1069,72
1787450256,20.88,1069,72
1787450257,20.99,1069,72
1787450258,21.40,1069,72
1787450259,21.61,1069,72
1787450260,21.42,1069,72
1787450261,21.25,1069,72
1787450262,21.26,1069,72
1787450263,21.24,1069,72
1787450264,21.07,1069,72
1787450266,20.92,1069,72
1787450267,21.39,1069,72
1787450268,21.66,1069,72
1787450269,21.93,1069,72
1787450270,21.76,1069,72
1787450271,21.36,1069,72
1787450272,21.32,1069,72
1787450273,21.13,1069,72
1787450274,21.03,1069,72
1787450275,20.95,1069,72
1787450276,20.92,1069,72
1787450277,20.88,1069,72
1787450278,20.97,1069,72
1787450279,20.91,1069,72
1787450280,21.08,1069,72
1787450281,21.07,1069,72
1787450282,21.11,1069,72
1787450283,21.35,1069,72
1787450284,21.21,1069,72
1787450285,22.14,1069,72
1787450286,21.53,1069,72
1787450287,21.53,1069,72
1787450288,21.46,1069,72
1787450289,21.09,1069,72
1787450290,21.04,1069,72
1787450291,21.01,1069,72
1787450292,20.93,1069,72
1787450293,20.84,1069,72
1787450294,20.76,1069,72
1787450295,20.72,1069,72
1787450296,20.71,1069,72
1787450297,20.82,1069,72
1787450298,20.86,298,72
1787450299,13.70,295,71
1787450300,13.28,282,70
1787450301,12.85,282,70
1787450302,10.28,281,69
1787450303,9.17,281,68
1787450304,8.87,280,68
1787450305,8.88,280,68
1787450306,8.81,385,68
1787450307,16.27,440,71
1787450308,33.81,400,73
1787450309,33.45,400,73
1787450310,33.81,396,74
1787450311,33.81,390,74
1787450312,33.30,389,74
1787450313,31.41,389,74
1787450314,33.84,389,74
1787450315,32.91,389,74
1787450316,32.45,389,74
1787450317,31.29,389,75
1787450318,31.60,389,75
1787450319,34.15,389,75
1787450320,33.76,389,75
1787450321,28.61,389,75
1787450322,34.11,389,75
1787450323,31.96,389,75
1787450324,35.77,389,76
1787450325,33.58,389,76
1787450326,34.58,389,76
1787450327,33.83,389,76
1787450328,34.95,389,76
1787450329,35.31,389,77
1787450330,34.28,389,76
1787450331,34.07,389,76
1787450332,33.53,389,76
1787450333,34.58,389,77
1787450334,29.84,389,77
1787450335,34.14,389,77
1787450336,34.81,389,77
1787450337,34.70,389,77
1787450338,34.61,389,77
1787450339,34.07,389,77
1787450340,36.62,389,77
1787450341,33.91,389,77
1787450342,34.68,389,77
1787450343,34.79,389,78
1787450344,35.02,389,78
1787450345,35.88,389,78
1787450346,33.11,389,77
1787450347,35.04,389,78
1787450348,34.31,389,77
1787450349,33.71,389,77
1787450350,34.83,389,78
1787450351,33.61,389,78
1787450352,32.52,389,78
1787450353,34.16,389,78
1787450354,35.91,389,78
1787450355,34.72,389,78
1787450356,33.71,389,78
1787450357,34.97,389,78
1787450358,33.68,389,78
1787450359,35.32,389,78
1787450360,32.80,389,78
1787450361,33.29,389,78
1787450362,32.89,389,78
1787450363,33.78,389,78
1787450364,33.15,389,78
1787450365,35.24,389,78
1787450366,33.72,389,78
1787450367,19.49,397,78
1787450368,14.09,396,75
1787450369,13.97,394,74
1787450370,13.19,394,74
1787450371,10.60,394,72
1787450372,9.58,393,72
1787450373,9.43,393,72
1787450374,9.32,392,71
1787450375,9.35,330,71
1787450376,21.46,390,74
1787450377,32.21,386,76
1787450378,42.39,383,79
1787450379,65.43,381,84
1787450380,73.17,379,86
1787450381,73.87,379,87
1787450382,70.26,379,87
1787450383,65.92,379,87
1787450384,65.79,379,87
1787450385,66.32,379,87
1787450386,64.21,379,86
1787450387,61.65,379,87
1787450388,58.33,379,86
1787450389,58.80,379,86
1787450390,58.92,379,86
1787450391,58.57,379,87
1787450392,58.88,379,87
1787450393,58.93,379,87
1787450394,59.81,379,87
1787450395,54.31,379,86
1787450396,54.63,379,86
1787450397,54.45,379,86
1787450398,54.38,379,86
1787450399,54.27,379,87
1787450400,54.10,379,87
1787450401,54.22,379,87
1787450402,54.31,379,87
1787450403,55.09,379,87
1787450404,54.55,379,87
1787450405,54.33,379,87
1787450406,54.28,379,87
1787450407,54.35,379,87
1787450408,54.15,379,87
1787450409,54.53,379,87
1787450410,49.05,379,86
1787450411,53.81,379,87
1787450412,53.64,379,87
1787450413,53.93,379,87
1787450414,48.78,379,86
1787450415,49.20,379,86
1787450416,53.42,379,87
1787450417,47.43,379,86
1787450418,52.97,379,87
1787450419,52.10,379,87
1787450420,52.61,379,87
1787450421,51.09,379,86
1787450422,48.00,379,86
1787450423,52.61,379,87
1787450424,48.50,379,86
1787450425,48.05,379,86
1787450426,48.04,379,86
1787450427,48.76,379,86
1787450428,49.63,379,86
1787450429,48.44,379,86
1787450430,48.21,379,86
1787450431,48.21,379,86
1787450432,48.24,379,86
1787450433,48.15,379,86
1787450434,48.10,379,86
1787450435,48.17,379,86
1787450436,43.52,379,84
1787450437,15.09,374,80
1787450438,14.56,374,79
1787450439,13.56,374,78
1787450440,12.90,373,77
1787450441,10.02,373,76
1787450442,9.99,372,76
1787450443,9.76,364,75
1787450444,9.73,333,75
1787450445,16.53,662,78
1787450446,29.09,655,79
1787450447,35.76,651,81
1787450448,52.58,651,86
1787450449,68.51,653,87
1787450450,61.47,649,87
1787450451,61.32,648,87
1787450452,58.03,648,86
1787450453,55.43,648,86
1787450454,55.42,648,86
1787450455,55.52,648,86
1787450456,55.34,648,86
1787450457,55.61,648,86
1787450458,55.53,648,87
1787450459,55.41,648,87
1787450460,55.56,648,87
1787450461,55.17,648,87
1787450462,55.40,648,87
1787450463,55.36,648,87
1787450464,55.39,648,87
1787450465,55.45,648,87
1787450466,52.25,648,87
1787450467,54.04,648,87
1787450468,54.11,648,87
1787450469,54.14,648,87
1787450470,54.20,648,87
1787450471,54.17,648,87
1787450472,54.21,648,87
1787450473,54.13,648,87
1787450474,54.21,648,87
1787450475,54.18,648,87
1787450477,54.22,648,87
1787450478,54.06,648,87
1787450479,54.22,648,87
1787450480,54.16,648,87
1787450481,54.18,648,87
1787450482,54.22,648,87
1787450483,54.23,648,87
1787450484,54.33,648,87
1787450485,54.30,648,87
1787450486,54.23,648,87
1787450487,54.28,648,87
1787450488,54.24,648,87
1787450489,54.16,648,87
1787450490,54.05,648,86
1787450491,54.03,648,87
1787450492,54.03,648,86
1787450493,54.01,648,86
1787450494,54.09,648,86
1787450495,54.11,648,87
1787450496,54.08,648,87
1787450497,54.07,648,87
1787450498,54.00,648,87
1787450499,54.04,648,87
1787450500,54.07,648,87
1787450501,54.13,648,87
1787450502,54.21,648,86
1787450503,54.22,648,87
1787450504,54.37,648,87
1787450505,54.21,648,87
1787450506,47.12,292,82
1787450507,14.97,292,79
1787450508,14.13,284,78
1787450509,13.31,283,77
1787450510,13.20,282,76
1787450511,11.72,281,75
1787450512,9.64,281,74
1787450513,9.54,272,74
1787450514,10.42,316,74
1787450515,13.90,320,75
1787450516,11.77,320,74
1787450517,10.00,314,73
1787450518,9.72,314,73
1787450519,9.92,314,73
1787450520,9.15,606,73
1787450521,15.44,2384,74
1787450522,23.28,2381,76
1787450523,23.74,2364,76
1787450524,23.60,2364,76
1787450525,23.81,2364,76
1787450526,23.71,2364,76
1787450527,23.53,2364,76
1787450528,23.67,2364,76
1787450529,23.45,2364,76
1787450530,23.30,2364,76
1787450531,23.07,2364,76
1787450532,23.20,2364,76
1787450533,23.19,2364,76
1787450534,22.82,2364,76
1787450535,22.86,2364,76
1787450536,22.90,2364,76
1787450537,23.00,2364,76
1787450538,23.12,2364,76
1787450539,23.21,2364,76
1787450540,23.16,2364,76
1787450541,22.87,2364,76
1787450542,23.93,2364,76
1787450543,23.99,2364,76
1787450544,22.16,2364,75
1787450545,22.98,2364,76
1787450546,24.15,2364,76
1787450547,24.18,2364,76
1787450548,23.89,2364,76
1787450549,23.17,2364,76
1787450550,24.03,2364,76
1787450551,24.40,2364,76
1787450552,24.92,2364,76
1787450553,25.27,2364,76
1787450554,24.35,2364,76
1787450555,24.36,2364,76
1787450556,23.68,2364,76
1787450557,23.69,2364,76
1787450558,23.64,2364,76
1787450559,23.70,2364,76
1787450560,23.71,2364,76
1787450561,23.69,2364,76
1787450562,23.60,2364,76
1787450563,23.49,2364,76
1787450564,23.59,2364,76
1787450565,23.61,2364,76
1787450566,23.69,2364,76
1787450567,23.97,2364,76
1787450568,24.40,2364,76
1787450569,24.96,2364,76
1787450570,25.50,2364,76
1787450571,25.50,2364,76
1787450572,24.26,2364,76
1787450573,23.50,2364,76
1787450574,23.34,2364,75
1787450575,21.97,2364,75
1787450576,23.28,2364,75
1787450577,23.18,2364,75
1787450578,23.10,2364,75
1787450579,23.09,2364,75
1787450580,23.18,2364,75
1787450581,23.20,2375,75
1787450582,13.99,296,74
1787450583,14.00,278,74
1787450584,13.08,278,73
1787450585,12.69,278,73
1787450586,9.53,277,71
1787450587,9.44,277,71
1787450588,9.33,276,71
1787450589,9.40,276,70
1787450590,12.35,735,72
1787450591,20.13,1239,73
1787450592,13.82,1671,72
1787450593,35.04,1980,74
1787450594,38.96,1976,77
1787450595,48.53,1964,79
1787450596,51.44,1962,80
1787450597,44.02,1962,79
1787450598,55.71,1962,81
1787450599,51.77,1962,81
1787450600,48.12,1962,81
1787450601,47.24,1962,81
1787450602,47.50,1962,81
1787450603,48.16,1962,81
1787450604,47.67,1962,81
1787450605,46.12,1962,81
1787450606,49.14,1962,82
1787450607,48.74,1962,82
1787450608,48.79,1962,82
1787450609,45.86,1962,81
1787450610,49.04,1962,82
1787450611,51.32,1962,83
1787450612,50.76,1962,82
1787450613,46.78,1962,82
1787450614,50.49,1962,84
1787450615,50.41,1962,84
1787450616,51.03,1962,84
1787450617,50.92,1962,84
1787450618,49.70,1962,83
1787450619,49.86,1962,84
1787450620,50.68,1962,84
1787450621,50.35,1962,84
1787450622,52.64,1962,84
1787450623,51.33,1962,84
1787450624,52.39,1962,85
1787450625,55.55,1962,86
1787450626,53.28,1962,85
1787450627,49.24,1962,85
1787450628,49.62,1962,85
1787450629,53.54,1962,85
1787450630,50.18,1962,85
1787450631,50.58,1962,86
1787450632,52.86,1962,85
1787450633,49.23,1962,85
1787450634,48.04,1962,85
1787450635,48.22,1962,85
1787450636,50.57,1962,85
1787450637,50.92,1962,85
1787450638,50.14,1962,86
1787450639,45.96,1962,85
1787450640,46.59,1962,85
1787450641,46.21,1962,85
1787450642,48.24,1962,86
1787450643,46.50,1962,85
1787450644,44.56,1962,84
1787450645,46.96,1962,85
1787450646,49.64,1962,86
1787450647,48.50,1962,86
1787450649,47.63,1962,86
1787450650,46.01,1962,85
1787450651,51.49,1967,86
1787450652,26.22,289,80
1787450653,15.05,279,79
1787450654,13.85,279,78
1787450655,13.59,278,78
1787450656,12.38,278,76
1787450657,10.20,277,76
1787450658,9.84,277,75
1787450659,9.73,269,75
1787450660,12.32,587,76
1787450661,14.52,1431,76
1787450662,14.38,1981,75
1787450663,20.89,2349,78
1787450664,28.14,2373,77
1787450665,14.42,2777,76
1787450666,14.06,3177,75
1787450667,13.48,3441,75
1787450668,10.84,3777,74
1787450669,10.26,3885,73
1787450670,11.16,3885,74
1787450671,29.59,3873,78
1787450672,42.24,3863,81
1787450673,41.37,3863,79
1787450674,40.27,3863,80
1787450675,40.23,3863,80
1787450676,39.25,3863,80
1787450677,39.88,3863,80
1787450678,39.22,3863,80
1787450679,37.73,3863,80
1787450680,39.43,3863,80
1787450681,40.07,3863,81
1787450682,39.51,3863,81
1787450683,37.90,3863,81
1787450684,40.51,3863,81
1787450685,38.36,3863,81
1787450686,39.13,3863,81
1787450687,38.97,3863,81
1787450688,40.52,3863,81
1787450689,40.09,3863,81
1787450690,38.75,3863,81
1787450691,40.38,3863,81
1787450692,39.42,3863,81
1787450693,40.54,3863,81
1787450694,39.71,3863,81
1787450695,40.52,3863,81
1787450696,40.22,3863,81
1787450697,40.72,3863,82
1787450698,40.63,3863,82
1787450699,40.44,3863,82
1787450700,39.58,3863,82
1787450701,41.75,3863,82
1787450702,39.47,3863,81
1787450703,40.55,3863,82
1787450704,39.00,3863,81
1787450705,39.74,3863,82
1787450706,40.33,3863,82
1787450707,39.98,3863,82
1787450708,39.96,3863,82
1787450709,38.58,3863,82
1787450710,39.21,3863,82
1787450711,38.31,3863,82
1787450712,39.47,3863,82
1787450713,39.18,3863,82
1787450714,38.57,3863,82
1787450715,39.75,3863,82
1787450716,40.60,3863,82
1787450717,38.56,3863,82
1787450718,38.84,3863,82
1787450719,40.13,3863,82
1787450720,38.77,3863,82
1787450721,39.46,3863,82
1787450722,34.39,2159,79
1787450723,14.35,270,77
1787450724,13.96,261,77
1787450725,13.10,261,76
1787450726,12.64,260,75
1787450727,9.72,260,74
1787450728,9.43,259,74
1787450729,9.30,259,74
1787450730,9.55,354,73
1787450731,21.68,393,76
1787450732,30.62,395,78
1787450733,40.11,386,80
1787450734,62.58,384,86
1787450735,71.66,380,87
1787450736,64.86,380,86
1787450737,63.76,380,87
1787450738,59.78,380,86
1787450739,58.46,380,86
1787450740,58.51,380,87
1787450741,58.39,386,87
1787450742,58.17,380,87
1787450743,57.16,380,86
1787450744,53.55,380,86
1787450745,53.34,380,86
1787450746,53.10,380,86
1787450747,53.26,367,86
1787450748,53.25,367,86
1787450749,53.33,366,87
1787450750,53.39,372,87
1787450751,53.44,366,87
1787450752,53.31,366,87
1787450753,53.29,366,87
1787450754,50.90,372,86
1787450755,51.35,366,87
1787450756,51.78,366,87
1787450757,52.03,366,87
1787450758,51.86,366,87
1787450759,51.72,366,87
1787450760,51.75,366,87
1787450761,51.80,366,87
1787450762,51.75,366,87
1787450763,51.74,366,87
1787450764,51.77,366,87
1787450765,51.92,366,87
1787450766,51.92,366,87
1787450767,51.87,366,87
1787450768,51.95,366,87
1787450769,52.14,366,87
1787450770,52.12,366,87
1787450771,52.04,366,87
1787450772,52.04,366,87
1787450773,52.06,372,87
1787450774,49.78,366,86
1787450775,49.28,366,86
1787450776,50.15,366,86
1787450777,50.02,366,86
1787450778,50.00,366,87
1787450779,50.20,366,86
1787450780,50.09,366,87
1787450781,50.06,366,87
1787450782,49.95,366,86
1787450783,50.08,366,86
1787450784,50.07,366,86
1787450785,49.89,366,86
1787450786,50.13,366,86
1787450787,50.19,366,86
1787450788,50.16,366,87
1787450789,49.83,366,86
1787450790,49.95,366,86
1787450791,46.05,383,84
1787450792,14.75,384,79
1787450793,13.74,377,78
1787450794,13.34,376,78
1787450795,11.20,375,76
1787450796,10.06,375,76
1787450797,9.74,374,75
1787450798,9.55,366,74
1787450800,11.71,295,75
1787450801,16.28,643,76
1787450802,20.60,663,77
1787450803,20.53,655,77
1787450804,20.54,650,77
1787450805,20.66,648,77
1787450806,20.59,645,76
1787450807,20.44,626,76
1787450808,20.46,626,76
1787450809,20.32,626,76
1787450810,20.09,626,76
1787450811,20.32,626,76
1787450812,19.94,626,76
1787450813,19.93,626,76
1787450814,19.84,626,76
1787450815,19.94,626,76
1787450816,19.64,626,76
1787450817,19.63,626,76
1787450818,19.78,626,76
1787450819,19.51,626,76
1787450820,19.45,626,76
1787450821,19.38,626,76
1787450822,19.86,626,76
1787450823,19.92,626,76
1787450824,19.86,626,76
1787450825,19.96,626,76
1787450826,19.89,626,76
1787450827,19.90,626,76
1787450828,19.83,626,76
1787450829,18.64,626,75
1787450830,19.75,626,75
1787450831,19.78,626,75
1787450832,19.98,626,75
1787450833,19.84,626,75
1787450834,19.48,626,75
1787450835,19.06,626,75
1787450836,18.55,626,75
1787450837,19.48,626,75
1787450838,18.72,626,75
1787450839,18.55,626,75
1787450840,18.41,626,75
1787450841,18.35,626,75
1787450842,18.39,626,74
1787450843,18.40,626,74
1787450844,18.42,626,74
1787450845,18.60,626,74
1787450846,18.58,626,74
1787450847,19.07,626,74
1787450848,19.23,626,74
1787450849,19.45,626,74
1787450850,19.33,626,74
1787450851,19.46,626,74
1787450852,18.85,626,74
1787450853,18.24,626,74
1787450854,18.18,626,74
1787450855,18.27,626,74
1787450856,18.26,626,74
1787450857,18.24,626,74
1787450858,18.22,626,74
1787450859,18.16,626,74
1787450860,18.13,626,74
1787450861,18.18,306,74
1787450862,13.33,295,73
1787450863,13.08,284,72
1787450864,10.24,284,71
1787450865,9.48,284,71
1787450866,9.37,283,70
1787450867,9.22,282,70
1787450868,9.31,282,70
1787450869,9.17,304,70
1787450870,10.34,456,70
1787450871,25.62,444,73
1787450872,25.33,444,73
1787450873,25.61,441,74
1787450874,26.27,433,74
1787450875,25.80,430,74
1787450876,26.00,430,74
1787450877,27.04,430,74
1787450878,25.61,430,74
1787450879,25.25,430,75
1787450880,32.20,430,75
1787450881,25.19,430,75
1787450882,24.73,430,75
1787450883,24.28,430,75
1787450884,24.50,430,75
1787450885,23.95,430,75
1787450886,23.96,430,75
1787450887,23.59,430,75
1787450888,23.59,430,75
1787450889,23.85,430,75
1787450890,24.07,430,75
1787450891,24.04,430,75
1787450892,24.09,430,75
1787450893,23.43,430,75
1787450894,23.42,430,75
1787450895,23.28,430,75
1787450896,22.97,430,75
1787450897,23.24,430,75
1787450898,24.19,430,75
1787450899,24.68,430,75
1787450900,24.75,430,75
1787450901,24.04,430,75
1787450902,26.37,430,75
1787450903,23.76,430,75
1787450904,24.47,430,75
1787450905,24.16,430,75
1787450906,24.10,430,75
1787450907,22.89,430,75
1787450908,22.60,430,75
1787450909,24.10,430,75
1787450910,24.61,430,75
1787450911,36.82,430,75
1787450912,20.95,430,75
1787450913,20.93,430,74
1787450914,20.56,430,74
1787450915,20.55,430,74
1787450916,20.17,430,74
1787450917,19.85,430,74
1787450918,19.85,430,74
1787450919,19.95,430,74
1787450920,19.92,430,74
1787450921,20.01,430,74
1787450922,20.26,430,74
1787450923,20.34,430,74
1787450924,20.65,430,74
1787450925,20.09,430,73
1787450926,19.33,430,73
1787450927,19.15,430,73
1787450928,19.01,430,73
1787450929,19.03,430,73
1787450930,19.01,430,73
1787450931,15.75,459,72
1787450932,11.66,345,71
1787450933,9.51,345,70
1787450934,9.08,344,70
1787450935,9.01,343,70
1787450936,9.05,343,69
1787450937,9.06,342,69
1787450938,9.08,334,69
1787450939,10.24,424,69
1787450940,30.66,444,74
1787450941,31.58,415,74
1787450942,31.51,407,74
1787450943,30.92,405,74
1787450944,31.83,398,74
1787450945,31.35,394,74
1787450946,30.11,394,75
1787450947,31.46,394,75
1787450948,32.59,394,75
1787450949,31.30,394,75
1787450950,30.72,394,75
1787450951,32.20,394,75
1787450952,31.73,394,76
1787450953,31.22,394,75
1787450954,32.04,394,76
1787450955,32.33,394,76
1787450956,29.92,394,76
1787450957,31.24,394,76
1787450958,33.13,394,76
1787450959,28.55,394,76
1787450960,31.60,394,76
1787450961,32.94,394,76
1787450962,32.33,394,77
1787450963,30.29,394,76
1787450964,33.48,394,77
1787450965,32.56,394,77
1787450966,28.75,394,76
1787450967,32.64,394,77
1787450968,33.14,394,77
1787450969,30.11,394,77
1787450970,31.38,394,77
1787450971,32.51,394,77
1787450972,32.84,394,77
1787450973,33.10,394,77
1787450974,32.49,394,77
1787450975,32.88,394,77
1787450976,31.88,394,77
1787450977,34.74,394,77
1787450978,31.70,394,78
1787450979,32.00,394,77
1787450980,26.82,394,77
1787450981,32.53,394,77
1787450982,34.46,394,78
1787450983,31.66,394,77
1787450984,31.69,394,78
1787450985,32.25,394,78
1787450986,31.61,394,78
1787450987,30.24,394,78
1787450988,33.52,394,78
1787450989,32.54,394,78
1787450990,31.06,394,78
1787450991,31.90,394,78
1787450992,31.24,394,78
1787450993,31.85,394,78
1787450994,30.44,394,78
1787450995,32.30,394,78
1787450996,32.14,394,78
1787450997,32.11,394,78
1787450998,32.37,394,78
1787450999,31.24,394,78
1787451000,32.37,398,78
1787451001,14.53,399,75
1787451002,14.44,395,75
1787451003,13.50,395,74
1787451004,11.72,394,73
1787451005,9.87,393,72
1787451006,9.69,393,72
1787451007,9.51,392,72
1787451008,9.48,384,71
1787451009,12.35,482,72
1787451010,27.34,482,75
1787451011,33.27,474,76
1787451012,44.89,474,80
1787451013,67.75,466,84
1787451014,73.43,466,86
1787451015,73.71,466,86
1787451016,73.79,466,87
1787451017,69.48,466,86
1787451018,68.29,466,87
1787451019,68.35,466,87
1787451020,65.21,466,86
1787451021,62.63,466,86
1787451022,62.61,466,86
1787451023,62.66,466,87
1787451024,62.74,466,87
1787451025,62.98,466,87
1787451026,62.98,466,87
1787451027,60.48,466,86
1787451028,56.91,466,86
1787451029,61.39,466,87
1787451030,59.34,466,86
1787451031,56.60,466,86
1787451032,56.72,466,86
1787451034,56.66,466,86
1787451035,56.61,466,86
1787451036,56.63,466,86
1787451037,56.71,466,86
1787451038,56.75,466,86
1787451039,56.76,466,86
1787451040,56.85,466,86
1787451041,56.75,466,86
1787451042,56.61,466,86
1787451043,56.60,466,86
1787451044,56.55,466,86
1787451045,56.55,466,86
1787451046,56.58,466,86
1787451047,56.57,466,86
1787451048,56.53,466,86
1787451049,56.40,466,86
1787451050,56.33,466,86
1787451051,56.25,466,86
1787451052,56.38,466,86
1787451053,56.39,466,86
1787451054,56.48,466,86
1787451055,56.48,466,86
1787451056,56.53,466,86
1787451057,56.55,466,86
1787451058,56.57,466,87
1787451059,56.54,466,86
1787451060,56.64,466,86
1787451061,56.57,466,87
1787451062,56.41,466,86
1787451063,56.54,466,87
1787451064,56.66,466,87
1787451065,56.58,466,87
1787451066,56.65,466,87
1787451067,56.76,466,87
1787451068,56.50,466,87
1787451069,56.67,466,87
1787451070,56.43,300,85
1787451071,21.45,300,79
1787451072,14.54,294,78
1787451073,13.42,294,77
1787451074,13.32,293,76
1787451075,10.92,293,75
1787451076,9.73,292,74
1787451077,9.49,292,73
1787451078,9.42,360,73
1787451079,10.10,359,73
1787451080,10.02,359,73
1787451081,9.88,603,73
1787451082,20.95,1047,74
1787451083,23.11,1039,75
1787451084,23.31,1039,76
1787451085,23.17,1039,76
1787451086,23.57,1039,76
1787451087,23.48,1039,76
1787451088,23.36,1039,76
1787451089,22.99,1039,76
1787451090,22.87,1039,76
1787451091,22.49,1039,76
1787451092,22.31,1039,76
1787451093,22.62,1039,76
1787451094,22.36,1039,76
1787451095,22.74,1039,76
1787451096,22.26,1039,76
1787451097,22.53,1039,76
1787451098,22.52,1039,76
1787451099,22.37,1039,76
1787451100,22.48,1039,76
1787451101,22.10,1039,76
1787451102,22.29,1039,76
1787451103,22.86,1039,76
1787451104,22.56,1039,76
1787451105,21.83,1039,76
1787451106,22.49,1039,76
1787451107,22.49,1039,76
1787451108,22.45,1039,76
1787451109,22.12,1039,76
1787451110,21.76,1039,76
1787451111,22.49,1039,76
1787451112,22.89,1039,76
1787451113,22.95,1039,76
1787451114,22.69,1039,76
1787451115,22.23,1039,76
1787451116,22.17,1039,76
1787451117,22.12,1039,76
1787451118,22.20,1039,76
1787451119,21.78,1039,76
1787451120,21.67,1039,76
1787451121,21.65,1039,76
1787451122,21.56,1039,76
1787451123,21.65,1039,76
1787451124,21.84,1039,76
1787451125,21.77,1039,76
1787451126,21.79,1039,76
1787451127,21.85,1039,76
1787451128,21.95,1039,76
1787451129,22.36,1039,76
1787451130,26.47,1039,76
1787451131,22.38,1039,76
1787451132,22.11,1039,76
1787451133,21.58,1039,76
1787451134,21.41,1039,76
1787451135,21.36,1039,76
1787451136,21.20,1039,76
1787451137,21.06,1039,76
1787451138,21.26,1039,76
1787451139,21.18,1038,76
1787451140,21.08,1038,76
1787451141,21.44,1038,76
1787451142,21.56,1041,76
1787451143,14.23,388,75
1787451144,14.11,389,74
1787451145,12.95,389,74
1787451146,9.78,389,72
1787451147,9.69,388,72
1787451148,9.51,388,72
1787451149,9.59,387,71
1787451150,9.46,341,71
1787451151,9.85,342,71
1787451152,12.00,620,71
1787451153,22.82,610,74
1787451154,22.81,602,74
1787451155,21.55,598,74
1787451156,23.15,598,74
1787451157,22.94,598,74
1787451158,22.74,598,74
1787451159,22.70,598,74
1787451160,22.74,598,74
1787451161,22.33,598,74
1787451162,22.05,598,74
1787451163,21.85,598,75
1787451164,22.05,598,74
1787451165,21.98,598,74
1787451166,21.65,598,75
1787451167,21.88,598,75
1787451168,22.08,598,75
1787451169,22.58,598,75
1787451170,21.89,598,75
1787451171,22.13,598,75
1787451172,21.74,598,75
1787451173,22.44,598,75
1787451174,22.67,598,75
1787451175,22.13,598,75
1787451176,21.95,598,75
1787451177,22.07,598,75
1787451178,22.00,598,75
1787451179,21.86,598,75
1787451180,21.89,598,75
1787451181,22.20,598,75
1787451182,22.54,598,75
1787451183,22.38,598,75
1787451184,21.82,598,75
1787451185,21.77,598,75
1787451186,21.64,598,75
1787451187,21.58,598,75
1787451188,21.59,598,75
1787451189,21.46,598,75
1787451190,21.30,598,75
1787451191,14.49,598,75
1787451192,21.32,598,75
1787451193,21.25,598,75
1787451194,21.57,598,75
1787451195,21.66,598,75
1787451196,21.38,598,75
1787451197,21.75,598,75
1787451198,21.82,598,75
1787451199,21.91,598,75
1787451200,21.77,598,75
1787451201,21.98,598,75
1787451202,21.75,598,75
1787451203,21.30,598,75
1787451204,21.10,598,75
1787451205,21.12,598,75
1787451206,21.04,598,75
1787451207,20.95,598,75
1787451208,20.77,598,75
1787451209,20.86,598,75
1787451210,20.98,598,75
1787451211,21.18,596,75
1787451212,20.86,613,75
1787451213,14.01,624,74
1787451214,13.98,316,73
1787451215,13.09,316,73
1787451216,10.24,314,72
1787451217,9.32,314,71
1787451218,9.08,313,71
1787451219,9.13,313,71
1787451220,9.20,305,71
1787451221,10.57,506,71
1787451222,10.80,479,71
1787451223,9.70,474,70
1787451224,10.77,446,70
1787451225,9.75,437,70
1787451226,9.75,423,70
1787451227,15.49,1965,71
1787451228,16.04,3730,72
1787451229,17.53,3770,72
1787451230,25.70,3795,74
1787451231,28.17,3789,75
1787451232,43.15,3789,77
1787451233,50.66,3789,80
1787451234,61.81,3789,83
1787451235,62.59,3789,84
1787451236,60.37,3789,84
1787451237,33.35,3789,79
1787451238,32.13,3789,79
1787451239,42.10,3789,80
1787451240,58.34,3789,84
1787451241,62.43,3789,85
1787451242,60.22,3789,86
1787451243,37.92,3789,83
1787451244,35.15,3789,81
1787451245,32.18,3789,81
1787451246,51.72,3795,83
1787451247,60.23,3789,86
1787451248,59.84,3789,87
1787451249,33.47,3789,82
1787451250,30.53,3789,81
1787451251,32.83,3797,81
1787451252,37.64,3797,82
1787451253,60.40,3797,86
1787451254,52.20,3797,85
1787451255,30.84,3797,81
1787451256,31.47,3797,81
1787451257,33.09,3797,81
1787451258,32.03,3797,81
1787451259,31.60,3797,81
1787451260,30.62,3797,80
1787451261,30.30,3797,80
1787451262,30.21,3797,80
1787451263,30.38,3797,80
1787451264,31.57,3797,80
1787451265,32.51,3797,81
1787451266,32.53,3797,81
1787451267,31.16,3797,80
1787451268,31.75,3797,80
1787451269,31.92,3797,81
1787451270,30.28,3797,80
1787451271,28.61,3797,80
1787451272,28.44,3797,80
1787451273,27.71,3797,80
1787451274,27.65,3797,80
1787451275,27.17,3797,79
1787451276,27.03,3797,79
1787451277,26.76,3797,79
1787451278,26.71,3797,79
1787451279,26.80,3797,79
1787451280,27.02,3797,79
1787451281,27.13,3797,79
1787451282,27.25,3797,79
1787451283,27.09,3797,79
1787451284,26.10,3797,79
1787451285,25.42,3797,78
1787451286,25.34,3797,78
1787451287,25.21,3797,78
1787451288,24.92,3797,78
1787451289,24.75,3797,78
1787451290,16.07,3854,76
1787451291,14.18,2878,76
1787451292,14.10,366,75
1787451293,10.98,365,74
1787451294,10.11,365,74
1787451295,9.85,364,73
1787451296,9.84,364,73
1787451297,9.82,355,72
1787451298,10.05,459,72
1787451299,16.44,494,74
1787451300,14.65,485,74
1787451301,12.83,812,73
1787451302,15.48,1974,74
1787451303,30.32,1972,76
1787451304,31.11,1962,77
1787451305,32.28,1962,77
1787451306,32.51,1962,77
1787451307,32.81,1962,78
1787451308,29.96,1962,77
1787451309,31.89,1962,78
1787451310,32.03,1962,78
1787451311,31.51,1962,78
1787451312,30.97,1962,78
1787451313,30.08,1962,78
1787451314,29.69,1962,78
1787451315,29.75,1962,78
1787451316,30.25,1962,78
1787451317,29.92,1962,78
1787451318,30.37,1962,78
1787451319,30.83,1962,78
1787451320,31.00,1962,78
1787451322,30.63,1962,78
1787451323,31.49,1962,78
1787451324,32.56,1962,79
1787451325,32.40,1962,79
1787451326,33.90,1962,79
1787451327,31.94,1962,78
1787451328,31.50,1962,79
1787451329,32.44,1962,79
1787451330,33.39,1962,79
1787451331,33.40,1962,79
1787451332,31.83,1962,79
1787451333,30.60,1962,79
1787451334,33.42,1962,79
1787451335,31.11,1962,79
1787451336,31.66,1962,79
1787451337,32.15,1962,79
1787451338,31.81,1962,79
1787451339,29.69,1962,79
1787451340,32.22,1962,79
1787451341,33.53,1962,79
1787451342,33.18,1962,79
1787451343,32.37,1962,79
1787451344,32.30,1962,79
1787451345,32.02,1962,79
1787451346,31.10,1962,79
1787451347,30.22,1962,79
1787451348,30.45,1962,79
1787451349,30.43,1962,79
1787451350,30.36,1962,79
1787451351,30.48,1962,79
1787451352,30.72,1962,79
1787451353,31.29,1962,79
1787451354,31.62,1962,79
1787451355,31.73,1962,79
1787451356,31.18,1962,79
1787451357,29.74,1962,79
1787451358,29.20,1962,79
1787451359,28.76,1962,78
1787451360,28.56,1962,78
1787451361,28.39,1962,78
1787451362,27.98,2047,78
1787451363,16.09,335,76
1787451364,13.35,313,75
1787451365,13.07,313,75
1787451366,9.75,313,73
1787451367,9.56,312,73
1787451368,9.34,311,72
1787451369,9.26,311,72
1787451370,9.30,303,72
1787451371,14.81,422,74
1787451372,37.13,423,77
1787451373,37.04,411,78
1787451374,36.56,411,78
1787451375,35.88,408,78
1787451376,37.78,407,78
1787451377,36.32,405,78
1787451378,36.34,405,79
1787451379,37.82,405,79
1787451380,36.03,405,79
1787451381,37.34,405,79
1787451382,37.45,405,79
1787451383,38.52,405,79
1787451384,40.34,405,79
1787451385,38.84,405,80
1787451386,39.08,405,80
1787451387,39.75,405,80
1787451388,40.77,405,81
1787451389,40.96,405,81
1787451390,41.77,405,81
1787451391,41.15,405,81
1787451392,42.02,405,81
1787451393,41.94,405,82
1787451394,43.34,405,82
1787451395,43.69,405,82
1787451396,43.78,405,82
1787451397,46.51,405,83
1787451398,43.15,405,83
1787451399,46.89,405,83
1787451400,45.90,405,83
1787451401,46.46,405,83
1787451402,46.91,405,84
1787451403,45.85,405,83
1787451404,47.18,405,84
1787451405,46.17,405,84
1787451406,46.13,405,84
1787451407,45.94,405,84
1787451408,43.56,405,84
1787451409,40.37,405,83
1787451410,42.35,405,84
1787451411,40.80,405,83
1787451412,43.04,405,84
1787451413,41.12,405,83
1787451414,42.65,405,84
1787451415,40.53,405,83
1787451416,38.48,405,83
1787451417,41.64,405,83
1787451418,39.19,405,83
1787451419,39.64,405,83
1787451420,39.92,405,83
1787451421,40.00,405,83
1787451422,39.62,405,83
1787451423,36.75,405,83
1787451424,38.39,405,83
1787451425,36.04,405,82
1787451426,36.39,405,83
1787451427,38.93,405,83
1787451428,34.31,405,83
1787451429,36.53,405,82
1787451430,37.07,405,83
1787451431,35.45,411,82
1787451432,14.60,411,79
1787451433,14.49,412,78
1787451434,13.32,412,77
1787451435,10.37,411,76
1787451436,9.84,410,75
1787451437,9.49,409,75
1787451438,9.37,409,75
1787451439,9.51,347,74
1787451440,18.79,364,77
1787451441,30.01,365,79
1787451442,39.02,369,81
1787451443,60.48,378,86
1787451444,68.90,389,87
1787451445,62.86,397,87
1787451446,60.56,392,86
1787451447,57.74,387,87
1787451448,57.55,387,87
1787451449,57.40,387,87
1787451450,57.45,387,87
1787451451,51.96,387,86
1787451452,55.85,387,87
1787451453,53.65,387,86
1787451454,52.60,387,87
1787451455,55.19,387,87
1787451456,51.41,387,86
1787451457,51.21,387,86
1787451458,51.50,387,86
1787451459,51.18,387,86
1787451460,51.12,387,86
1787451461,50.85,387,86
1787451462,51.04,387,87
1787451463,51.12,387,87
1787451464,51.17,387,87
1787451465,51.24,387,87
1787451466,51.00,387,86
1787451467,51.12,387,87
1787451468,50.92,387,87
1787451469,50.96,387,87
1787451470,50.94,387,87
1787451471,51.16,387,86
1787451472,51.01,387,87
1787451473,50.87,387,87
1787451474,51.03,387,86
1787451475,51.10,387,87
1787451476,51.20,387,87
1787451477,50.93,387,86
1787451478,50.95,387,87
1787451479,50.86,387,87
1787451480,50.97,387,87
1787451481,51.10,387,87
1787451482,51.15,387,87
1787451483,51.13,387,87
1787451484,51.08,387,87
1787451485,51.07,387,87
1787451486,50.96,387,87
1787451487,50.90,387,87
1787451488,50.77,387,87
1787451489,50.79,387,87
1787451490,50.76,387,87
1787451491,50.99,387,87
1787451492,50.92,387,87
1787451493,51.03,387,87
1787451494,51.07,387,87
1787451495,51.01,387,87
1787451496,51.06,387,87
1787451498,51.09,387,87
1787451499,50.93,387,87
1787451500,50.88,387,87
1787451501,50.92,389,87
1787451502,21.42,387,80
1787451503,14.74,387,79
1787451504,13.47,386,78
1787451505,13.29,386,78
1787451506,11.08,385,76
1787451507,9.78,385,76
1787451508,9.51,376,75
1787451509,10.06,402,75
1787451510,24.36,463,79
1787451511,31.22,452,79
1787451512,30.72,415,79
1787451513,30.78,415,79
1787451514,30.97,409,79
1787451515,30.93,408,79
1787451516,31.44,404,79
1787451517,31.02,404,79
1787451518,30.56,404,80
1787451519,30.85,404,80
1787451520,32.62,404,80
1787451521,31.49,404,80
1787451522,30.49,404,79
1787451523,28.79,404,80
1787451524,29.88,404,79
1787451525,30.29,404,80
1787451526,30.80,404,80
1787451527,31.34,404,80
1787451528,32.60,404,80
1787451529,31.02,404,80
1787451530,30.68,404,80
1787451531,31.99,404,80
1787451532,30.82,404,80
1787451533,32.17,404,80
1787451534,31.93,404,80
1787451535,31.76,404,80
1787451536,32.04,404,80
1787451537,31.55,404,80
1787451538,33.52,404,80
1787451539,30.47,404,80
1787451540,32.80,404,80
1787451541,31.61,404,80
1787451542,31.86,404,80
1787451543,32.41,404,80
1787451544,31.69,404,80
1787451545,32.16,404,80
1787451546,30.04,404,80
1787451547,31.92,404,80
1787451548,31.66,404,80
1787451549,31.72,404,80
1787451550,31.88,404,80
1787451551,31.27,404,80
1787451552,31.44,404,80
1787451553,31.98,404,80
1787451554,32.17,404,80
1787451555,32.49,404,80
1787451556,32.36,404,80
1787451557,31.16,404,81
1787451558,32.84,404,80
1787451559,31.85,404,80
1787451560,31.82,404,80
1787451561,31.56,404,80
1787451562,31.83,404,80
1787451563,31.82,404,80
1787451564,31.89,404,81
1787451565,31.23,404,80
1787451566,29.80,404,80
1787451567,30.78,404,80
1787451568,31.47,404,80
1787451569,32.13,404,80
1787451570,31.33,404,80
1787451571,14.50,411,78
1787451572,14.37,411,77
1787451573,13.65,411,76
1787451574,12.19,410,75
1787451575,9.73,409,75
1787451576,9.60,409,74
1787451577,9.34,408,74
1787451578,9.22,400,73
1787451579,10.62,395,74
1787451580,24.71,395,77
1787451581,32.74,396,78
1787451582,45.35,399,82
1787451583,69.44,392,87
1787451584,69.75,392,87
1787451585,64.46,388,86
1787451586,60.84,388,86
1787451587,60.91,388,87
1787451588,60.38,388,87
1787451589,55.89,388,87
1787451590,56.99,388,86
1787451591,53.54,388,86
1787451592,57.78,388,87
1787451593,53.75,388,86
1787451594,53.23,388,86
1787451595,53.27,388,86
1787451596,53.37,388,86
1787451597,53.27,388,86
1787451598,53.22,388,87
1787451599,53.13,388,87
1787451600,53.14,388,87
1787451601,53.13,388,87
1787451602,53.20,388,87
1787451603,53.32,388,87
1787451604,51.89,388,86
1787451605,49.28,388,86
1787451606,49.26,388,86
1787451607,49.21,388,86
1787451608,51.29,388,87
1787451609,50.90,388,86
1787451610,53.22,388,87
1787451611,52.98,388,86
1787451612,48.34,388,86
1787451613,52.49,388,87
1787451614,53.28,388,87
1787451615,52.80,388,87
1787451616,49.42,388,87
1787451617,52.36,388,87
1787451618,52.31,388,87
1787451619,52.20,388,87
1787451620,52.28,388,87
1787451621,52.41,388,87
1787451622,52.50,388,87
1787451623,52.12,388,87
1787451624,50.55,388,86
1787451625,48.44,388,86
1787451626,48.62,388,86
1787451627,48.66,388,86
1787451628,50.54,388,87
1787451629,50.91,388,86
1787451630,48.94,388,86
1787451631,48.90,388,86
1787451632,51.62,388,86
1787451633,50.43,388,86
1787451634,50.38,388,87
1787451635,50.36,388,87
1787451636,50.52,388,87
1787451637,50.50,388,87
1787451638,50.44,388,87
1787451639,50.49,398,87
1787451640,22.95,396,80
1787451641,14.62,392,79
1787451642,13.52,392,78
1787451643,13.24,392,78
1787451644,11.27,391,76
1787451645,9.71,391,76
1787451646,9.64,390,75
1787451647,9.48,326,75
1787451648,12.55,769,76
1787451649,14.32,1542,76
1787451650,16.70,2082,78
1787451651,22.50,2356,78
1787451652,26.07,2456,76
1787451653,14.19,2860,76
1787451654,13.80,3200,75
1787451655,12.76,3520,74
1787451656,10.12,3780,74
1787451657,10.40,3901,74
1787451658,11.90,3900,75
1787451659,33.52,3890,79
1787451660,43.02,3882,80
1787451661,40.59,3882,81
1787451662,39.91,3882,80
1787451663,38.40,3882,80
1787451664,40.19,3882,81
1787451665,38.40,3882,81
1787451666,39.81,3882,81
1787451667,38.47,3882,81
1787451668,37.96,3882,80
1787451669,39.60,3882,81
1787451670,39.99,3882,81
1787451671,38.51,3882,81
1787451672,37.71,3882,81
1787451673,39.98,3882,81
1787451674,39.86,3882,81
1787451675,38.92,3882,81
1787451676,38.09,3882,81
1787451677,39.41,3882,82
1787451678,39.38,3882,81
1787451679,40.58,3882,82
1787451681,39.63,3882,82
1787451682,38.56,3882,82
1787451683,38.78,3882,82
1787451684,40.00,3882,82
1787451685,40.50,3882,82
1787451686,39.31,3882,82
1787451687,41.49,3882,82
1787451688,39.50,3882,82
1787451689,40.13,3882,82
1787451690,38.11,3882,82
1787451691,40.81,3882,82
1787451692,39.19,3882,82
1787451693,39.11,3882,82
1787451694,38.83,3882,82
1787451695,38.52,3882,82
1787451696,38.84,3882,82
1787451697,39.55,3882,82
1787451698,38.09,3882,82
1787451699,38.82,3882,82
1787451700,38.22,3882,82
1787451701,38.27,3882,82
1787451702,40.23,3882,82
1787451703,37.80,3882,82
1787451704,39.54,3882,83
1787451705,40.18,3882,82
1787451706,41.38,3882,82
1787451707,38.93,3882,82
1787451708,40.19,3882,83
1787451709,38.32,3882,82
1787451710,38.72,3882,82
1787451711,14.98,288,79
1787451712,14.38,288,78
1787451713,13.86,282,77
1787451714,13.08,281,76
1787451715,12.13,281,75
1787451716,9.60,280,75
1787451717,9.40,280,74
1787451718,9.36,271,74
1787451719,9.68,370,73
1787451720,9.49,370,73
1787451721,23.31,655,75
1787451722,23.01,649,76
1787451723,23.01,637,76
1787451724,23.33,633,76
1787451725,23.68,633,76
1787451726,22.86,633,76
1787451727,23.15,633,77
1787451728,28.87,633,77
1787451729,22.68,633,76
1787451730,22.43,633,77
1787451731,22.13,633,77
1787451732,22.13,633,76
1787451733,22.10,633,76
1787451734,22.10,633,76
1787451735,22.56,633,77
1787451736,22.15,633,76
1787451737,22.03,633,76
1787451738,22.34,633,77
1787451739,22.29,633,76
1787451740,21.96,633,76
1787451741,21.96,633,77
1787451742,22.72,633,77
1787451743,22.67,633,77
1787451744,22.32,633,77
1787451745,22.48,633,77
1787451746,22.46,633,77
1787451747,22.36,633,77
1787451748,22.06,633,77
1787451749,21.90,633,76
1787451750,22.45,633,77
1787451751,22.88,633,77
1787451752,22.87,633,77
1787451753,22.28,633,77
1787451754,22.11,633,77
1787451755,21.94,633,77
1787451756,22.44,633,77
1787451757,21.93,633,76
1787451758,21.45,633,77
1787451759,21.65,633,76
1787451760,21.66,633,76
1787451761,21.78,633,76
1787451762,21.70,633,76
1787451763,21.76,633,76
1787451764,21.79,633,76
1787451765,21.75,633,76
1787451766,21.79,633,76
1787451767,21.81,633,76
1787451768,22.10,633,76
1787451769,22.17,633,76
1787451770,22.26,633,77
1787451771,21.90,633,76
1787451772,21.54,633,76
1787451773,21.53,633,76
1787451774,21.58,633,76
1787451775,21.56,633,76
1787451776,21.34,633,76
1787451777,21.41,633,76
1787451778,21.43,633,76
1787451779,21.42,633,76
1787451780,21.43,633,76
1787451781,21.36,646,76
1787451782,14.26,646,75
1787451783,14.22,332,75
1787451784,13.43,332,74
1787451785,10.75,332,73
1787451786,9.68,331,73
1787451787,9.48,330,72
1787451788,9.42,329,72
1787451789,9.26,352,72
1787451790,11.38,433,73
1787451791,15.82,735,74
1787451792,20.23,670,74
1787451793,20.34,639,74
1787451794,20.20,639,74
1787451795,20.36,635,74
1787451796,20.21,633,74
1787451797,20.06,633,74
1787451798,20.16,633,74
1787451799,20.10,633,74
1787451800,19.91,633,74
1787451801,19.86,633,74
1787451802,19.80,633,74
1787451803,19.73,633,74
1787451804,19.56,633,74
1787451805,19.56,633,74
1787451806,19.57,633,74
1787451807,19.57,633,74
1787451808,19.61,633,74
1787451809,19.56,633,74
1787451810,19.30,633,74
1787451811,19.58,633,73
1787451812,19.66,633,73
1787451813,19.60,633,74
1787451814,19.57,633,73
1787451815,19.69,633,73
1787451816,19.55,633,73
1787451817,19.60,633,73
1787451818,19.42,633,73
1787451819,19.34,633,73
1787451820,19.24,633,73
1787451821,19.53,633,73
1787451822,19.57,633,73
1787451823,19.40,633,73
1787451824,19.00,633,73
1787451825,19.20,633,73
1787451826,18.52,633,73
1787451827,18.92,633,73
1787451828,18.65,633,73
1787451829,18.49,633,73
1787451830,18.18,633,73
1787451831,18.41,633,73
1787451832,18.56,634,73
1787451833,18.42,634,73
1787451834,18.90,634,73
1787451835,18.72,634,73
1787451836,18.85,634,73
1787451837,18.90,634,73
1787451838,18.90,634,73
1787451839,19.18,634,73
1787451840,19.27,634,73
1787451841,18.85,634,73
1787451842,18.48,634,72
1787451843,18.09,634,72
1787451844,17.97,634,72
1787451845,17.91,634,72
1787451846,18.13,634,72
1787451847,17.85,634,72
1787451848,17.83,634,72
1787451849,17.77,634,72
1787451850,17.81,634,72
1787451851,13.76,312,72
1787451852,13.67,299,71
1787451853,12.65,299,70
1787451854,9.94,298,70
1787451855,9.11,297,69
1787451856,9.04,296,69
1787451857,9.01,296,69
1787451858,8.88,287,68
1787451859,9.16,463,69
1787451860,13.38,1238,70
1787451861,21.74,1320,70
1787451862,13.55,1992,70
1787451863,35.94,2009,74
1787451864,41.17,1996,76
1787451865,51.60,1988,78
1787451866,49.51,1988,78
1787451867,46.99,1988,79
1787451868,50.11,1988,79
1787451869,48.18,1988,79
1787451870,49.86,1988,80
1787451871,48.16,1988,79
1787451872,47.87,1988,80
1787451873,48.35,1988,80
1787451875,49.56,1988,80
1787451875,48.40,1988,80
1787451877,48.65,1988,81
1787451878,49.46,1988,81
1787451879,46.68,1988,80
1787451880,51.23,1988,82
1787451881,48.59,1988,81
1787451882,48.76,1988,81
1787451883,49.83,1988,81
1787451884,49.81,1988,82
1787451885,49.50,1988,82
1787451886,49.06,1988,82
1787451887,40.34,1988,81
1787451888,51.79,1988,83
1787451889,49.81,1988,81
1787451890,50.61,1988,84
1787451891,48.69,1988,83
1787451892,50.35,1988,83
1787451893,54.21,1988,84
1787451894,57.49,1988,85
1787451895,55.69,1988,84
1787451896,55.30,1988,85
1787451897,51.58,1988,84
1787451898,49.72,1988,84
1787451899,54.79,1988,84
1787451900,52.07,1988,85
1787451901,54.04,1988,84
1787451902,46.91,1988,84
1787451903,48.54,1988,85
1787451904,53.06,1988,85
1787451905,53.69,1988,85
1787451906,50.19,1988,84
1787451907,46.48,1988,84
1787451908,48.34,1988,85
1787451909,51.12,1988,85
1787451910,52.12,1988,85
1787451911,50.02,1988,85
1787451912,52.32,1988,85
1787451913,43.39,1988,84
1787451914,50.43,1988,85
1787451915,49.11,1988,84
1787451916,44.73,1988,84
1787451917,49.37,1988,85
1787451918,48.90,1988,84
1787451919,49.94,1988,86
1787451920,52.79,1988,86
1787451921,46.32,312,82
1787451922,14.72,307,79
1787451923,14.49,298,78
1787451924,13.32,297,77
1787451925,13.26,297,77
1787451926,10.66,296,75
1787451927,9.78,296,75
1787451928,9.55,287,74
1787451929,9.62,375,74
1787451930,9.62,375,73
1787451931,9.86,377,73
1787451932,11.03,980,73
1787451933,19.12,1070,75
1787451934,23.17,1070,76
1787451935,23.11,1066,76
1787451936,23.11,1066,76
1787451937,23.30,1066,76
1787451938,22.66,1066,76
1787451939,23.35,1066,76
1787451940,22.90,1066,76
1787451941,22.64,1066,76
1787451942,22.11,1066,76
1787451943,22.09,1066,76
1787451944,22.20,1066,76
1787451945,22.16,1066,76
1787451946,22.11,1066,76
1787451947,22.11,1066,76
1787451948,21.85,1066,76
1787451949,22.19,1066,76
1787451950,22.35,1066,76
1787451951,22.09,1066,76
1787451952,21.96,1066,76
1787451953,22.28,1066,76
1787451954,22.89,1066,76
1787451955,22.41,1066,76
1787451956,22.92,1066,76
1787451957,22.45,1066,76
1787451958,22.63,1066,76
1787451959,22.53,1066,76
1787451960,21.45,1066,76
1787451961,22.17,1066,76
1787451962,22.73,1066,76
1787451963,23.13,1066,76
1787451964,22.97,1066,76
1787451965,22.12,1066,76
1787451966,22.43,1066,76
1787451967,22.01,1066,76
1787451968,21.86,1066,76
1787451969,21.77,1066,76
1787451970,21.62,1066,76
1787451971,21.58,1066,76
1787451972,21.65,1066,76
1787451973,21.59,1066,76
1787451974,21.70,1066,76
1787451975,21.75,1066,76
1787451976,21.52,1066,76
1787451977,21.53,1066,76
1787451978,21.74,1066,76
1787451979,21.84,1066,76
1787451980,22.11,1066,76
1787451981,23.83,1066,76
1787451982,22.49,1066,76
1787451983,21.91,1066,76
1787451984,21.55,1066,76
1787451985,21.42,1066,76
1787451986,21.37,1066,76
1787451987,21.16,1066,76
1787451988,21.14,1066,76
1787451989,20.61,1066,76
1787451990,20.98,1066,76
1787451991,21.00,1066,76
1787451992,21.00,1066,76
1787451993,14.22,1073,75
1787451994,14.19,1068,74
1787451995,13.47,427,74
1787451996,11.05,426,73
1787451997,9.48,425,72
1787451998,9.36,425,72
1787451999,9.29,424,72
1787452000,9.24,416,71
1787452001,10.98,418,72
1787452002,13.78,434,73
1787452003,13.79,431,72
1787452004,10.37,432,71
1787452005,11.30,432,71
1787452006,9.71,432,71
1787452007,11.55,912,71
1787452008,15.50,2394,72
1787452009,22.94,2377,74
1787452010,23.01,2361,74
1787452011,23.21,2361,74
1787452012,23.11,2361,74
1787452013,22.87,2361,74
1787452014,23.01,2361,74
1787452015,22.82,2361,74
1787452016,22.59,2361,74
1787452017,22.64,2361,74
1787452018,22.66,2361,74
1787452019,22.77,2361,74
1787452020,22.50,2361,74
1787452021,22.50,2361,74
1787452022,22.47,2361,74
1787452023,22.51,2361,74
1787452024,22.67,2361,74
1787452025,22.88,2361,74
1787452026,22.91,2361,74
1787452027,22.75,2361,74
1787452028,23.50,2361,74
1787452029,23.54,2361,74
1787452030,23.46,2361,74
1787452031,23.49,2361,74
1787452032,23.51,2361,74
1787452033,23.64,2361,74
1787452034,23.43,2361,74
1787452035,22.65,2361,74
1787452036,22.67,2361,74
1787452037,23.51,2361,74
1787452038,24.48,2361,75
1787452039,24.65,2361,75
1787452040,24.22,2361,75
1787452041,23.87,2361,75
1787452042,23.59,2361,74
1787452043,23.22,2361,74
1787452044,23.15,2361,74
1787452045,23.03,2361,74
1787452046,23.01,2361,74
1787452047,23.02,2361,74
1787452049,22.96,2361,74
1787452050,23.18,2361,74
1787452051,23.12,2361,74
1787452052,23.02,2361,74
1787452053,23.11,2361,74
1787452054,23.53,2361,74
1787452055,23.83,2361,74
1787452056,24.11,2361,75
1787452057,24.59,2361,75
1787452058,25.22,2361,75
1787452059,23.71,2361,75
1787452060,23.40,2361,74
1787452061,23.02,2361,74
1787452062,22.90,2361,74
1787452063,22.98,2361,74
1787452064,22.93,2361,74
1787452065,22.86,2361,74
1787452066,22.82,2361,74
1787452067,22.88,2361,74
1787452068,22.94,2361,74
1787452069,14.35,317,73
1787452070,13.88,305,73
1787452071,13.62,305,72
1787452072,12.92,304,72
1787452073,11.68,303,71
1787452074,9.38,302,70
1787452075,9.46,302,70
1787452076,9.27,293,70
1787452077,9.39,395,70
1787452078,18.74,472,71
1787452079,25.48,464,73
1787452080,25.49,456,73
1787452081,25.69,455,73
1787452082,25.87,453,74
1787452083,25.90,450,74
1787452084,26.17,450,74
1787452085,25.36,450,74
1787452086,25.66,450,74
1787452087,24.95,450,74
1787452088,24.90,450,74
1787452089,24.66,450,74
1787452090,24.34,450,74
1787452091,24.50,450,74
1787452092,25.93,450,74
1787452093,23.49,450,74
1787452094,23.61,450,74
1787452095,24.02,450,74
1787452096,24.00,450,74
1787452097,24.02,450,74
1787452098,24.02,450,75
1787452099,24.06,450,74
1787452100,23.81,450,74
1787452101,23.27,450,74
1787452102,23.45,450,74
1787452103,22.13,450,74
1787452104,23.35,450,74
1787452105,24.05,450,74
1787452106,24.54,450,75
1787452107,24.26,450,75
1787452108,23.93,450,74
1787452109,23.67,450,75
1787452110,23.65,450,75
1787452111,23.93,450,75
1787452112,24.03,450,75
1787452113,24.03,450,75
1787452114,23.42,450,75
1787452115,23.16,450,74
1787452116,24.47,450,75
1787452117,25.21,450,75
1787452118,24.98,450,75
1787452119,21.05,450,74
1787452120,21.00,450,74
1787452121,21.04,450,74
1787452122,20.59,450,74
1787452123,20.23,450,74
1787452124,19.93,450,74
1787452125,19.99,450,74
1787452126,19.91,450,74
1787452127,19.90,450,74
1787452128,20.06,450,73
1787452129,20.26,450,73
1787452130,20.39,450,73
1787452131,20.72,450,74
1787452132,20.07,450,73
1787452133,19.47,450,73
1787452134,19.44,450,73
1787452135,19.28,450,73
1787452136,19.08,450,73
1787452137,18.98,450,73
1787452138,19.04,480,73
1787452139,14.23,474,72
1787452140,10.90,352,70
1787452141,9.40,352,70
1787452142,9.14,352,70
1787452143,9.02,351,69
1787452144,8.98,351,69
1787452145,8.99,350,69
1787452146,8.94,414,69
1787452147,12.96,760,70
1787452148,26.23,795,72
1787452149,26.37,793,73
1787452150,26.10,791,73
1787452151,25.91,791,73
1787452152,26.44,787,73
1787452153,26.43,787,73
1787452154,24.53,787,73
1787452155,26.23,787,74
1787452156,26.04,787,74
1787452157,24.65,785,74
1787452158,25.29,785,74
1787452159,24.89,785,74
1787452160,24.55,785,74
1787452161,24.22,785,74
1787452162,24.43,785,74
1787452163,24.16,785,74
1787452164,24.75,785,74
1787452165,25.27,785,74
1787452166,25.16,785,74
1787452167,24.55,785,74
1787452168,25.18,785,74
1787452169,25.48,785,74
1787452170,25.53,785,74
1787452171,25.74,785,74
1787452172,25.45,785,74
1787452173,25.28,785,74
1787452174,25.75,785,74
1787452175,26.35,785,74
1787452176,27.01,785,75
1787452177,25.98,785,74
1787452178,25.09,785,74
1787452179,25.50,785,74
1787452180,25.17,785,74
1787452181,25.10,785,74
1787452182,25.52,785,74
1787452183,25.67,785,74
1787452184,24.66,785,74
1787452185,24.69,785,74
1787452186,25.79,785,75
1787452187,26.80,785,75
1787452188,26.58,785,75
1787452189,26.08,785,75
1787452190,25.77,785,75
1787452191,25.26,785,75
1787452192,24.74,785,74
1787452193,24.70,785,74
1787452194,24.68,785,74
1787452195,24.64,785,74
1787452196,24.74,785,74
1787452197,24.83,785,74
1787452198,25.00,785,74
1787452199,25.34,785,74
1787452200,25.68,785,74
1787452201,25.39,785,74
1787452202,24.69,785,74
1787452203,23.89,785,74
1787452204,23.52,785,74
1787452205,23.48,785,74
1787452206,23.22,785,74
1787452207,23.11,785,74
1787452208,18.67,307,72
1787452209,13.19,287,72
1787452210,13.09,287,72
1787452211,9.64,287,70
1787452212,9.32,286,70
1787452213,9.09,286,69
1787452214,9.06,285,69
1787452215,9.03,277,69
1787452216,10.36,319,70
1787452217,13.65,319,70
1787452218,13.51,316,70
1787452219,12.05,1079,70
1787452220,21.50,1079,71
1787452221,21.96,1073,72
1787452222,21.74,1067,72
1787452223,21.78,1067,72
1787452224,21.68,1067,72
1787452225,19.01,1067,72
1787452226,21.42,1067,72
1787452227,21.48,1067,72
1787452228,21.33,1067,72
1787452229,21.24,1067,72
1787452230,21.42,1067,72
1787452231,21.09,1067,72
1787452232,20.71,1067,72
1787452233,20.71,1067,72
1787452234,20.88,1067,72
1787452235,20.85,1067,72
1787452236,21.35,1067,72
1787452237,24.76,1067,72
1787452238,20.86,1067,72
1787452239,21.02,1067,72
1787452240,21.59,1067,72
1787452241,21.58,1067,73
1787452242,21.49,1067,73
1787452243,21.23,1067,73
1787452244,21.33,1067,73
1787452245,21.28,1067,73
1787452246,21.16,1067,73
1787452247,20.58,1067,72
1787452248,21.31,1067,73
1787452249,21.08,1067,73
1787452250,21.95,1067,73
1787452251,21.71,1067,73
1787452252,21.31,1067,73
1787452253,20.98,1067,73
1787452254,21.11,1067,73
1787452255,20.96,1067,73
1787452256,21.28,1067,73
1787452257,21.05,1067,72
1787452258,20.91,1067,73
1787452259,21.12,1067,72
1787452260,21.06,1067,73
1787452261,21.85,1067,73
1787452262,20.86,1067,73
1787452263,21.00,1067,73
1787452264,21.24,1067,73
1787452265,21.08,1067,73
1787452266,21.23,1067,73
1787452267,21.31,1067,73
1787452268,21.34,1067,73
1787452269,20.98,1067,73
1787452270,20.87,1067,73
1787452271,20.80,1067,73
1787452272,20.77,1067,73
1787452273,20.73,1067,73
1787452274,20.70,1067,72
1787452275,20.73,1067,72
1787452276,20.52,1067,73
1787452277,20.67,1067,72
1787452278,20.74,1067,73
1787452279,22.39,304,73
1787452280,13.61,304,71
1787452281,13.54,292,71
1787452282,12.70,292,71
1787452283,9.61,292,70
1787452284,9.16,291,69
1787452285,8.98,290,69
1787452286,8.84,289,69
1787452287,8.90,315,68
1787452288,16.70,490,71
1787452289,28.78,487,73
1787452291,35.93,487,75
1787452292,53.44,486,80
1787452293,70.76,478,83
1787452294,72.46,478,84
1787452295,72.60,478,84
1787452296,72.87,478,85
1787452297,73.02,478,85
1787452298,73.16,478,86
1787452299,73.36,478,86
1787452300,73.50,478,87
1787452301,73.70,478,87
1787452302,73.76,478,87
1787452303,68.97,478,86
1787452304,68.19,478,86
1787452305,68.47,478,87
1787452306,68.28,478,87
1787452307,67.81,478,87
1787452308,67.96,478,87
1787452309,64.01,478,86
1787452310,62.77,478,86
1787452311,62.81,478,86
1787452312,62.79,478,86
1787452313,62.75,478,86
1787452314,62.84,478,87
1787452315,62.96,478,87
1787452316,63.02,478,87
1787452317,63.05,478,87
1787452318,61.03,478,86
1787452319,61.74,478,87
1787452320,62.91,478,87
1787452321,61.02,478,86
1787452322,58.04,478,86
1787452323,58.16,478,86
1787452324,58.04,478,86
1787452325,58.21,478,86
1787452326,58.15,478,86
1787452327,58.03,478,86
1787452328,57.99,478,86
1787452329,57.95,478,86
1787452330,57.97,478,86
1787452331,58.02,478,86
1787452332,58.10,478,86
1787452333,58.11,478,86
1787452334,58.07,478,86
1787452335,58.15,478,86
1787452336,58.04,478,86
1787452337,58.11,478,86
1787452338,58.06,478,86
1787452339,58.03,478,87
1787452340,58.02,478,86
1787452341,57.86,478,87
1787452342,57.92,478,87
1787452343,58.06,478,87
1787452344,58.12,478,87
1787452345,57.92,478,87
1787452346,58.11,478,87
1787452347,58.10,478,87
1787452348,58.12,478,87
1787452349,43.59,303,81
1787452350,14.77,292,78
1787452351,14.09,292,77
1787452352,13.35,291,76
1787452353,13.23,291,76
1787452354,11.04,290,75
1787452355,9.82,290,74
1787452356,9.52,282,73
1787452357,9.75,368,73
1787452358,11.72,494,74
1787452359,22.19,492,75
1787452360,22.44,483,75
1787452361,22.38,482,75
1787452362,22.42,482,75
1787452363,22.53,482,75
1787452364,22.33,482,75
1787452365,22.03,482,75
1787452366,21.91,482,75
1787452367,21.49,482,75
1787452368,21.52,482,75
1787452369,21.45,482,75
1787452370,21.33,482,75
1787452371,21.17,482,75
1787452372,21.10,482,75
1787452373,21.49,482,75
1787452374,21.20,482,75
1787452375,21.23,482,75
1787452376,21.41,482,75
1787452377,21.22,482,75
1787452378,21.10,482,75
1787452379,21.47,482,75
1787452380,21.69,482,75
1787452381,21.49,482,75
1787452382,21.35,482,75
1787452383,21.45,482,75
1787452384,21.40,482,75
1787452385,20.99,482,75
1787452386,20.74,482,75
1787452387,21.42,482,75
1787452388,22.88,482,75
1787452389,21.96,482,75
1787452390,21.54,482,75
1787452391,21.18,482,75
1787452392,21.13,482,75
1787452393,20.79,482,75
1787452394,20.75,482,75
1787452395,20.85,482,75
1787452396,20.71,482,75
1787452397,17.71,482,75
1787452398,20.57,482,75
1787452399,20.65,482,75
1787452400,20.65,482,74
1787452401,20.67,482,74
1787452402,20.59,482,74
1787452403,20.71,482,74
1787452404,20.83,482,74
1787452405,21.06,482,74
1787452406,21.14,482,74
1787452407,21.32,482,74
1787452408,21.30,482,74
1787452409,20.74,482,74
1787452410,20.46,482,74
1787452411,20.46,482,74
1787452412,20.24,482,74
1787452413,19.53,482,74
1787452414,19.96,482,74
1787452415,19.67,482,74
1787452416,19.67,482,74
1787452417,19.65,482,74
1787452418,19.62,489,74
1787452419,13.95,489,73
1787452420,13.92,347,73
1787452421,13.27,347,72
1787452422,10.25,347,71
1787452423,9.46,346,71
1787452424,9.31,345,70
1787452425,9.17,344,70
1787452426,9.17,379,70
1787452427,10.77,418,71
1787452428,13.63,745,71
1787452429,20.33,847,72
1787452430,20.77,779,72
1787452431,20.83,756,72
1787452432,20.85,751,72
1787452433,20.90,751,72
1787452434,20.72,751,73
1787452435,20.64,751,72
1787452436,20.67,751,72
1787452437,20.44,751,73
1787452438,20.28,751,72
1787452439,20.20,751,73
1787452440,20.14,751,72
1787452441,19.92,751,73
1787452442,19.94,751,72
1787452443,19.77,751,72
1787452444,19.95,751,73
1787452445,20.04,751,72
1787452446,20.13,751,72
1787452447,20.10,751,72
1787452448,20.08,751,72
1787452449,20.27,751,72
1787452450,20.42,751,73
1787452451,20.34,751,72
1787452452,20.03,751,72
1787452453,20.18,751,72
1787452454,20.31,751,72
1787452455,20.40,751,72
1787452456,20.17,751,72
1787452457,20.19,751,72
1787452458,20.39,751,72
1787452459,20.62,751,73
1787452460,20.76,751,72
1787452461,20.26,751,72
1787452462,20.01,751,72
1787452463,20.00,751,72
1787452464,19.68,751,72
1787452465,19.68,751,72
1787452466,19.61,751,72
1787452467,19.73,751,72
1787452468,19.52,751,72
1787452469,19.33,751,72
1787452470,19.73,751,72
1787452471,19.77,751,72
1787452472,19.83,751,72
1787452473,19.75,751,72
1787452474,19.78,751,72
1787452475,19.84,751,72
1787452477,19.99,751,72
1787452478,20.20,751,72
1787452479,20.28,751,72
1787452480,20.01,751,72
1787452481,19.81,751,72
1787452482,19.78,751,72
1787452483,19.77,751,72
1787452484,19.79,751,72
1787452485,19.80,751,72
1787452486,19.75,751,72
1787452487,19.58,751,72
1787452488,19.59,751,72
1787452489,15.03,751,72
1787452490,13.63,308,71
1787452491,13.64,291,71
1787452492,12.76,291,70
1787452493,9.21,290,69
1787452494,9.02,290,69
1787452495,8.95,289,69
1787452496,8.90,288,68
1787452497,8.94,280,68
1787452498,9.81,594,69
1787452499,14.65,858,69
1787452500,30.54,862,74
1787452501,45.69,852,77
1787452502,71.21,844,81
1787452503,72.31,842,83
1787452504,70.82,839,84
1787452505,74.75,839,84
1787452506,72.79,839,85
1787452507,72.81,839,86
1787452508,71.55,839,86
1787452509,73.72,839,86
1787452510,74.40,839,87
1787452511,69.18,839,86
1787452512,71.10,839,87
1787452513,66.25,839,87
1787452514,65.84,839,87
1787452515,65.62,839,87
1787452516,65.45,839,87
1787452517,62.01,839,87
1787452518,61.86,839,87
1787452519,61.63,839,87
1787452520,61.68,839,87
1787452521,61.71,839,87
1787452522,57.17,839,86
1787452523,56.01,839,86
1787452524,55.89,839,86
1787452525,55.76,839,86
1787452526,55.96,839,86
1787452527,55.82,839,86
1787452528,55.41,839,86
1787452529,55.55,839,86
1787452530,55.55,839,86
1787452531,55.70,839,86
1787452532,55.76,839,86
1787452533,55.73,839,87
1787452534,55.72,839,87
1787452535,55.88,839,87
1787452536,55.96,839,87
1787452537,56.02,839,87
1787452538,56.19,839,87
1787452539,56.10,839,87
1787452540,56.09,839,87
1787452541,55.99,839,87
1787452542,54.85,839,86
1787452543,52.78,839,86
1787452544,52.71,839,86
1787452545,52.61,839,86
1787452546,52.59,839,86
1787452547,52.56,839,86
1787452548,52.40,839,86
1787452549,52.46,839,86
1787452550,52.26,839,86
1787452551,52.05,839,86
1787452552,51.92,839,86
1787452553,51.71,839,86
1787452554,51.58,839,86
1787452555,51.41,839,86
1787452556,51.41,839,86
1787452557,51.30,839,86
1787452558,51.30,839,86
1787452559,15.19,300,81
1787452560,14.93,287,80
1787452561,14.19,287,79
1787452562,13.39,286,78
1787452563,12.32,285,77
1787452564,9.91,285,76
1787452565,9.66,284,75
1787452566,9.69,276,75
1787452567,10.26,432,75
1787452568,29.33,427,79
1787452569,36.94,418,80
1787452570,36.40,418,80
1787452571,36.85,415,81
1787452572,35.79,412,81
1787452573,36.07,410,81
1787452574,36.21,410,81
1787452575,35.37,410,81
1787452576,35.87,410,81
1787452577,36.41,410,81
1787452578,38.22,410,81
1787452579,37.33,410,81
1787452580,36.21,410,81
1787452581,37.09,410,82
1787452582,37.34,410,82
1787452583,38.15,410,82
1787452584,40.34,410,82
1787452585,37.99,410,82
1787452586,42.03,410,83
1787452587,41.76,410,83
1787452588,41.20,410,83
1787452589,40.31,410,83
1787452590,43.92,410,84
1787452591,43.53,410,84
1787452592,43.49,410,84
1787452593,43.70,410,84
1787452594,48.63,410,85
1787452595,42.78,410,84
1787452596,47.21,410,85
1787452597,48.97,410,85
1787452598,48.60,410,85
1787452599,45.12,410,85
1787452600,43.24,410,85
1787452601,41.47,410,84
1787452602,41.62,410,84
1787452603,42.72,410,85
1787452604,41.87,410,84
1787452605,43.42,410,85
1787452606,41.68,410,84
1787452607,40.71,410,84
1787452608,41.42,410,84
1787452609,40.67,410,84
1787452610,40.07,410,84
1787452611,39.59,410,84
1787452612,38.88,410,84
1787452613,39.25,410,84
1787452614,38.17,410,84
1787452615,38.93,410,84
1787452616,39.72,410,84
1787452617,38.72,410,84
1787452618,38.08,410,84
1787452619,37.76,410,84
1787452620,38.00,410,84
1787452621,36.74,410,83
1787452622,37.35,410,84
1787452623,36.44,410,83
1787452624,36.83,410,83
1787452625,35.66,410,83
1787452626,37.24,410,83
1787452627,37.20,420,83
1787452628,14.85,420,80
1787452629,14.66,410,79
1787452630,13.71,410,78
1787452631,11.76,410,77
1787452633,9.93,409,76
1787452634,9.76,409,76
1787452635,9.73,408,76
1787452636,9.71,408,75
1787452637,10.96,417,75
1787452638,11.93,424,75
1787452639,9.99,424,75
1787452640,14.81,413,76
1787452641,14.10,407,76
1787452642,12.20,407,75
1787452643,15.61,2319,76
1787452644,16.11,3808,76
1787452645,16.17,3824,76
1787452646,14.55,3826,76
1787452647,29.74,3826,79
1787452648,37.38,3832,80
1787452649,50.93,3832,84
1787452650,61.35,3826,86
1787452651,70.50,3826,87
1787452652,56.61,3826,87
1787452653,53.64,3826,87
1787452654,53.80,3826,87
1787452655,47.96,3832,86
1787452656,51.47,3826,87
1787452657,46.24,3832,87
1787452658,46.35,3826,86
1787452659,45.81,3826,86
1787452660,45.08,3826,86
1787452661,45.92,3832,86
1787452662,45.95,3832,86
1787452663,44.73,3832,86
1787452664,45.78,3826,86
1787452665,45.56,3832,87
1787452666,45.87,3832,87
1787452667,46.55,3826,87
1787452668,46.29,3826,87
1787452669,42.99,3826,87
1787452670,31.30,3826,84
1787452671,30.55,3826,83
1787452672,32.22,3826,83
1787452673,32.70,3826,83
1787452674,33.03,3826,83
1787452675,33.87,3832,83
1787452676,30.70,3826,83
1787452677,31.33,3826,82
1787452678,30.56,3826,82
1787452679,31.02,3832,82
1787452680,31.96,3826,82
1787452681,33.08,3826,82
1787452682,33.55,3826,83
1787452683,32.07,3826,82
1787452684,32.53,3826,82
1787452685,32.80,3826,82
1787452686,29.41,3826,82
1787452687,29.18,3826,81
1787452688,28.86,3826,81
1787452689,28.55,3826,81
1787452690,27.79,3826,81
1787452691,27.59,3826,81
1787452692,27.31,3826,81
1787452693,27.30,3826,81
1787452694,27.23,3826,81
1787452695,27.26,3826,81
1787452696,27.34,3826,81
1787452697,27.54,3826,80
1787452698,27.70,3826,81
1787452699,27.58,3826,80
1787452700,26.44,3826,80
1787452701,26.07,3826,80
1787452702,25.70,3826,80
1787452703,25.55,3826,80
1787452704,25.44,3826,80
1787452705,25.30,3864,79
1787452706,15.59,3860,78
1787452707,14.23,1462,77
1787452708,14.02,410,76
1787452709,10.81,409,75
1787452710,10.34,409,75
1787452711,10.04,408,75
1787452712,9.98,408,74
1787452713,9.90,400,74
1787452714,11.21,434,74
1787452715,13.98,777,74
1787452716,31.72,760,78
1787452717,31.87,760,79
1787452718,31.77,758,79
1787452719,31.86,754,79
1787452720,22.91,754,79
1787452721,32.36,754,79
1787452722,32.58,754,80
1787452723,31.49,754,80
1787452724,31.35,754,80
1787452725,30.91,754,80
1787452726,30.61,754,80
1787452727,30.37,754,80
1787452728,29.80,754,80
1787452729,28.85,754,80
1787452730,29.35,754,80
1787452731,29.76,754,80
1787452732,29.40,754,80
1787452733,29.75,754,80
1787452734,31.49,754,80
1787452735,28.86,754,80
1787452736,29.60,754,80
1787452737,29.51,754,80
1787452738,29.09,754,80
1787452739,29.27,754,80
1787452740,28.62,754,80
1787452741,28.59,754,80
1787452742,28.92,754,80
1787452743,30.26,754,80
1787452744,30.91,754,80
1787452745,30.63,754,81
1787452746,28.83,754,80
1787452747,29.58,754,80
1787452748,28.64,754,80
1787452749,28.15,754,80
1787452750,28.36,754,80
1787452751,29.01,754,80
1787452752,28.69,754,80
1787452753,28.70,754,80
1787452754,29.56,754,81
1787452755,30.82,754,81
1787452756,30.60,754,81
1787452757,28.03,754,80
1787452758,27.95,754,80
1787452759,27.26,754,80
1787452760,27.22,754,80
1787452761,26.55,754,80
1787452762,26.42,754,80
1787452763,26.56,754,80
1787452764,26.58,754,80
1787452765,26.29,754,80
1787452766,26.36,754,80
1787452767,26.46,754,80
1787452768,26.78,754,80
1787452769,27.10,754,80
1787452770,26.64,754,80
1787452771,26.40,754,80
1787452772,26.16,754,79
1787452773,25.64,754,79
1787452774,25.41,754,79
1787452775,25.43,754,79
1787452776,14.22,807,78
1787452777,13.64,807,77
1787452778,13.14,435,76
1787452779,9.97,435,75
1787452780,9.77,434,74
1787452781,9.53,434,74
1787452782,9.57,433,74
1787452783,9.55,433,73
1787452784,9.79,375,73
1787452785,11.67,386,73
1787452786,13.59,402,73
1787452787,13.41,1513,74
1787452788,33.96,1636,78
1787452789,32.79,1626,78
1787452790,33.84,1624,79
1787452791,33.47,1624,79
1787452792,33.75,1624,79
1787452793,34.46,1624,79
1787452794,33.49,1624,80
1787452795,32.67,1624,79
1787452796,32.50,1624,80
1787452797,32.09,1624,80
1787452798,31.76,1624,80
1787452799,31.45,1624,80
1787452800,30.62,1624,80
1787452801,30.48,1624,80
1787452802,30.18,1624,80
1787452803,30.20,1624,80
1787452804,29.91,1624,80
1787452805,30.43,1624,80
1787452806,30.87,1624,80
1787452807,29.99,1624,80
1787452808,30.59,1624,80
1787452809,30.40,1624,80
1787452810,30.73,1624,80
1787452811,31.19,1624,80
1787452812,30.53,1624,80
1787452813,29.86,1624,80
1787452814,30.31,1624,80
1787452815,31.27,1624,80
1787452816,32.05,1624,80
1787452817,31.65,1624,80
1787452818,29.68,1624,80
1787452819,29.45,1624,80
1787452820,28.89,1624,80
1787452821,29.66,1624,80
1787452822,30.14,1624,80
1787452823,31.27,1624,80
1787452824,31.25,1624,80
1787452825,30.97,1624,80
1787452826,30.50,1624,80
1787452827,31.75,1624,81
1787452828,30.94,1624,81
1787452829,28.36,1624,80
1787452830,28.04,1624,80
1787452831,27.86,1624,80
1787452832,27.76,1624,80
1787452833,27.33,1624,80
1787452834,27.09,1624,80
1787452835,27.02,1624,80
1787452836,27.08,1624,80
1787452837,27.01,1624,80
1787452838,27.19,1624,80
1787452839,27.31,1624,79
1787452840,27.33,1624,80
1787452841,27.38,1624,79
1787452842,26.89,1624,79
1787452843,26.17,1624,79
1787452844,26.01,1624,79
1787452845,25.69,1624,79
1787452846,25.33,1624,79
1787452847,25.25,1624,79
1787452848,24.67,1710,78
1787452849,13.58,1702,77
1787452850,13.39,339,76
1787452851,11.68,338,75
1787452852,9.70,337,74
1787452853,9.62,337,74
1787452854,9.46,336,74
1787452855,9.37,336,73
1787452856,9.43,525,73
1787452857,13.09,452,74
1787452858,15.34,452,74
1787452859,12.38,441,74
1787452860,11.41,441,73
1787452861,10.76,440,73
1787452862,10.41,793,73
1787452863,16.35,2943,74
1787452864,16.24,3776,75
1787452865,14.52,3794,74
1787452866,15.73,3794,75
1787452867,16.48,3794,75
1787452868,16.44,3794,75
1787452869,16.51,3794,74
1787452870,16.33,3794,74
1787452871,16.50,3794,74
1787452872,16.54,3794,74
1787452873,16.49,3794,74
1787452874,16.51,3794,74
1787452875,16.38,3794,74
1787452876,16.42,3794,74
1787452877,16.28,3794,73
1787452878,16.29,3794,73
1787452879,16.15,3794,73
1787452880,16.08,3794,73
1787452881,16.15,3794,73
1787452882,16.24,3794,73
1787452883,16.71,3794,73
1787452884,16.99,3794,73
1787452885,17.31,3794,73
1787452886,17.69,3775,73
1787452887,17.83,3775,72
1787452888,17.26,3775,72
1787452889,17.28,3775,72
1787452890,17.02,3775,72
1787452891,17.32,3775,72
1787452892,17.17,3779,72
1787452893,17.39,3779,72
1787452894,17.34,3779,72
1787452895,17.22,3779,72
1787452896,17.24,3779,72
1787452897,17.25,3779,72
1787452898,17.40,3779,72
1787452899,17.33,3775,72
1787452900,17.11,3775,71
1787452901,17.02,3775,71
1787452902,17.04,3775,71
1787452903,17.14,3775,71
1787452904,17.08,3775,71
1787452905,20.41,3757,72
1787452906,32.39,3763,75
1787452907,32.79,3763,74
1787452908,30.07,3763,74
1787452909,30.19,3763,74
1787452910,30.03,3763,74
1787452911,29.94,3763,74
1787452912,29.89,3763,74
1787452913,30.39,3763,75
1787452914,30.80,3763,75
1787452915,31.42,3763,75
1787452916,31.32,3763,75
1787452917,30.39,3763,75
1787452918,28.56,3763,75
1787452919,28.24,3763,75
1787452920,28.04,3763,75
1787452921,27.81,3767,74
1787452922,27.64,3767,75
1787452924,27.20,3763,73
1787452924,13.58,258,72
1787452925,12.96,258,72
1787452927,9.26,246,71
1787452928,9.13,245,70
1787452929,8.93,244,70
1787452930,8.78,243,69
1787452931,8.77,243,69
1787452932,8.73,256,69
1787452933,11.77,458,70
1787452934,13.54,450,70
1787452935,13.63,471,70
1787452936,15.47,1882,70
1787452937,31.72,1944,73
1787452938,31.90,1934,74
1787452939,31.63,1932,75
1787452940,30.43,1932,75
1787452941,31.09,1932,75
1787452942,30.12,1932,75
1787452943,31.54,1932,75
1787452944,31.05,1932,76
1787452945,31.14,1932,76
1787452946,30.65,1932,76
1787452947,30.05,1932,76
1787452948,29.33,1932,76
1787452949,29.37,1932,76
1787452950,29.35,1932,76
1787452951,29.90,1932,76
1787452952,30.53,1932,76
1787452953,30.00,1932,76
1787452954,30.44,1932,76
1787452955,30.17,1932,76
1787452956,30.25,1932,76
1787452957,31.97,1932,77
1787452958,32.22,1932,77
1787452959,32.14,1932,77
1787452960,31.22,1932,77
1787452961,31.01,1932,77
1787452962,32.11,1932,77
1787452963,33.19,1932,77
1787452964,33.11,1932,77
1787452965,32.39,1932,77
1787452966,30.91,1932,77
1787452967,30.52,1932,77
1787452968,30.58,1932,77
1787452969,31.43,1932,77
1787452970,31.53,1932,77
1787452971,32.26,1932,77
1787452972,31.21,1932,77
1787452973,30.25,1932,77
1787452974,33.27,1932,78
1787452975,33.46,1932,78
1787452976,32.95,1932,78
1787452977,32.08,1932,78
1787452978,32.06,1932,78
1787452979,31.32,1932,78
1787452980,30.33,1932,78
1787452981,29.99,1932,77
1787452982,30.01,1932,78
1787452983,30.07,1932,77
1787452984,30.07,1932,77
1787452985,30.10,1932,78
1787452986,30.43,1932,78
1787452987,31.00,1932,78
1787452988,31.29,1932,78
1787452989,31.19,1932,78
1787452990,30.35,1932,78
1787452991,28.95,1932,77
1787452992,28.55,1932,77
1787452993,28.23,1932,77
1787452994,28.02,1932,77
1787452995,27.88,1932,77
1787452996,25.22,302,76
1787452997,13.84,297,75
1787452998,13.60,284,74
1787452999,11.36,284,73
1787453000,9.29,283,72
1787453001,9.27,282,72
1787453002,9.00,282,71
1787453003,9.00,274,71
1787453004,9.07,432,71
1787453005,13.38,461,72
1787453006,13.45,1116,72
1787453007,31.46,1210,75
1787453008,31.42,1208,76
1787453009,31.47,1202,76
1787453010,31.61,1202,76
1787453011,28.44,1202,76
1787453012,29.11,1202,76
1787453013,30.95,1202,76
1787453014,31.03,1202,77
1787453015,30.28,1202,77
1787453016,30.05,1202,77
1787453017,29.34,1202,77
1787453018,29.21,1202,77
1787453019,28.91,1202,77
1787453020,29.27,1202,77
1787453021,29.05,1202,77
1787453022,28.84,1202,77
1787453023,29.45,1202,77
1787453024,30.02,1202,77
1787453025,31.41,1202,77
1787453026,30.14,1202,77
1787453027,30.83,1202,78
1787453028,31.28,1202,78
1787453029,31.48,1202,78
1787453030,30.62,1202,78
1787453031,30.64,1202,78
1787453032,31.19,1202,78
1787453033,32.52,1202,78
1787453034,32.40,1202,78
1787453035,32.59,1202,78
1787453036,30.49,1202,78
1787453037,30.12,1202,78
1787453038,29.89,1202,78
1787453039,30.45,1202,78
1787453040,31.01,1202,78
1787453041,31.19,1202,79
1787453042,30.48,1202,78
1787453043,29.27,1202,78
1787453044,32.10,1202,79
1787453045,36.46,1202,79
1787453046,32.51,1202,79
1787453047,31.86,1202,79
1787453048,31.50,1202,79
1787453049,30.99,1202,79
1787453050,29.82,1202,79
1787453051,29.76,1202,78
1787453052,29.77,1202,79
1787453053,29.72,1202,79
1787453054,29.75,1202,79
1787453055,29.83,1202,79
1787453056,30.16,1202,79
1787453057,30.88,1202,79
1787453058,31.23,1202,79
1787453059,31.06,1202,79
1787453060,30.18,1202,78
1787453061,28.90,1202,78
1787453062,28.46,1202,78
1787453063,28.16,1202,78
1787453064,27.97,1202,78
1787453065,27.76,1202,78
1787453066,14.70,300,77
1787453067,14.11,294,75
1787453068,13.66,282,75
1787453069,12.42,282,74
1787453070,9.43,282,73
1787453071,9.22,281,73
1787453072,8.99,281,72
1787453073,9.08,281,72
1787453074,9.10,381,72
1787453075,19.79,444,76
1787453076,32.77,399,76
1787453077,32.51,397,77
1787453078,32.67,393,77
1787453079,32.80,392,77
1787453080,32.22,389,77
1787453081,31.82,389,77
1787453082,32.32,389,77
1787453083,32.24,389,77
1787453084,31.42,389,77
1787453085,32.16,389,78
1787453086,31.66,389,78
1787453087,31.76,389,78
1787453088,31.07,389,78
1787453089,32.58,389,78
1787453090,33.10,389,78
1787453091,33.17,389,78
1787453092,33.29,389,78
1787453093,33.19,389,78
1787453094,32.69,389,78
1787453095,32.42,389,78
1787453096,33.19,389,79
1787453097,33.46,389,79
1787453098,33.67,389,79
1787453099,33.28,389,79
1787453100,32.87,389,79
1787453101,33.65,389,79
1787453102,33.94,389,79
1787453103,34.32,389,79
1787453104,34.06,389,79
1787453105,34.63,389,79
1787453106,34.12,389,79
1787453107,36.82,389,79
1787453108,38.79,389,80
1787453109,33.76,389,79
1787453110,34.03,389,79
1787453111,34.98,389,80
1787453112,33.96,389,79
1787453113,33.80,389,80
1787453114,33.83,389,79
1787453115,32.44,389,80
1787453116,33.07,389,79
1787453117,33.70,389,80
1787453118,33.12,389,80
1787453119,33.85,389,80
1787453120,33.92,389,80
1787453121,31.89,389,79
1787453122,32.98,389,79
1787453123,34.03,389,80
1787453124,35.84,389,80
1787453125,33.25,389,80
1787453126,33.26,389,80
1787453127,33.66,389,80
1787453128,32.95,389,80
1787453129,33.14,389,80
1787453130,32.63,389,80
1787453131,32.77,389,80
1787453132,32.72,389,80
1787453133,32.91,389,80
1787453134,31.44,389,80
1787453135,33.13,392,80
1787453136,14.18,395,77
1787453137,14.12,396,76
1787453138,13.46,396,76
1787453139,13.06,395,75
1787453140,9.73,394,74
1787453141,9.50,393,74
1787453142,9.23,393,73
1787453143,9.18,330,73
1787453144,11.21,393,74
1787453145,27.05,388,77
1787453146,34.62,382,79
1787453147,48.45,381,83
1787453148,73.86,380,87
1787453149,68.00,380,87
1787453150,66.82,380,87
1787453151,60.20,380,86
1787453152,60.12,380,87
1787453153,60.11,380,87
1787453154,59.98,380,87
1787453155,54.62,380,86
1787453156,54.59,380,86
1787453157,54.54,380,86
1787453158,54.67,380,87
1787453159,54.79,380,87
1787453160,54.67,380,87
1787453161,54.80,380,87
1787453162,54.76,380,87
1787453163,49.99,380,86
1787453164,49.46,380,86
1787453165,49.47,380,86
1787453166,49.55,380,86
1787453167,49.61,380,86
1787453168,49.68,380,86
1787453169,49.53,380,86
1787453170,49.42,380,86
1787453171,49.55,380,86
1787453172,49.63,380,86
1787453173,49.45,380,86
1787453174,49.83,380,86
1787453175,49.78,380,87
1787453176,49.66,380,86
1787453177,49.66,380,86
1787453178,49.51,380,86
1787453179,49.41,380,86
1787453180,49.42,380,87
1787453181,49.44,380,87
1787453182,49.45,380,87
1787453183,49.34,380,87
1787453184,49.37,386,87
1787453185,49.37,380,87
1787453186,49.24,380,87
1787453187,49.41,380,87
1787453189,49.45,380,87
1787453190,49.33,380,87
1787453191,49.35,380,87
1787453192,49.34,380,87
1787453193,49.23,380,87
1787453194,49.38,380,87
1787453195,49.43,380,87
1787453196,49.32,380,87
1787453197,49.35,380,87
1787453198,49.45,380,87
1787453199,46.13,380,86
1787453200,49.03,380,87
1787453201,49.10,380,87
1787453202,48.77,380,87
1787453203,43.94,380,86
1787453204,48.39,380,87
1787453205,46.04,394,85
1787453206,16.36,383,81
1787453207,14.73,384,80
1787453208,13.72,383,79
1787453209,13.58,382,78
1787453210,10.56,382,77
1787453211,9.94,381,76
1787453212,9.84,381,76
1787453213,9.93,355,76
1787453214,18.35,670,78
1787453215,29.51,662,80
1787453216,36.17,661,81
1787453217,53.70,661,86
1787453218,65.20,659,87
1787453219,61.06,653,87
1787453220,56.79,653,86
1787453221,56.72,653,87
1787453222,56.52,653,87
1787453223,56.44,653,87
1787453224,55.56,653,86
1787453225,52.60,653,87
1787453226,55.24,653,87
1787453227,54.70,653,87
1787453228,50.77,653,87
1787453229,54.42,653,87
1787453230,53.58,653,86
1787453231,49.26,653,86
1787453232,49.96,653,86
1787453233,54.24,653,87
1787453234,51.96,653,86
1787453235,49.66,653,86
1787453236,49.53,653,86
1787453237,49.52,653,86
1787453238,52.40,653,87
1787453239,54.66,653,87
1787453240,50.38,653,87
1787453241,53.09,653,87
1787453242,53.09,653,87
1787453243,53.19,653,87
1787453244,53.25,653,87
1787453245,53.44,653,87
1787453246,53.35,653,87
1787453247,53.18,653,87
1787453248,53.16,653,87
1787453249,53.24,653,87
1787453250,53.36,653,87
1787453251,53.15,653,87
1787453252,53.17,653,87
1787453253,53.34,653,87
1787453254,53.21,653,87
1787453255,53.24,653,87
1787453256,53.24,653,87
1787453257,53.30,653,87
1787453258,53.28,653,87
1787453259,53.26,653,87
1787453260,53.18,653,87
1787453261,53.22,653,87
1787453262,53.37,653,87
1787453263,53.33,653,87
1787453264,53.07,653,87
1787453265,53.20,653,87
1787453266,53.28,653,87
1787453267,53.29,653,87
1787453268,53.25,653,87
1787453269,53.28,653,87
1787453270,53.18,653,87
1787453271,53.21,653,87
1787453272,53.34,653,87
1787453273,53.16,653,87
1787453274,42.29,285,81
1787453275,15.01,285,79
1787453276,14.22,276,78
1787453277,13.40,275,78
1787453278,13.31,274,77
1787453279,10.45,274,76
1787453280,9.78,273,75
1787453281,9.50,265,75
1787453282,10.57,388,75
1787453283,26.16,388,78
1787453284,33.63,382,80
1787453285,46.12,380,84
1787453286,68.71,378,87
1787453287,65.03,378,87
1787453288,61.29,378,86
1787453289,57.39,378,86
1787453290,57.44,374,87
1787453291,57.58,374,87
1787453292,56.33,374,86
1787453293,51.65,374,86
1787453294,51.71,374,86
1787453295,51.79,374,86
1787453296,51.90,374,86
1787453297,51.99,374,86
1787453298,52.05,374,87
1787453299,51.91,374,87
1787453300,51.59,374,87
1787453301,51.41,374,87
1787453302,51.60,374,87
1787453303,51.82,374,87
1787453304,51.22,374,86
1787453305,46.33,374,86
1787453306,49.61,374,87
1787453307,51.29,374,87
1787453308,51.44,374,87
1787453309,51.38,374,87
1787453310,51.36,374,87
1787453311,50.54,374,86
1787453312,48.15,374,87
1787453313,50.64,374,87
1787453314,50.66,374,87
1787453315,50.72,374,87
1787453316,50.58,374,87
1787453317,50.85,374,87
1787453318,50.92,374,87
1787453319,50.74,374,87
1787453320,48.99,374,86
1787453321,46.05,374,87
1787453322,50.74,374,87
1787453323,50.68,374,87
1787453324,50.72,374,87
1787453325,50.46,374,87
1787453326,45.57,374,86
1787453327,47.10,374,87
1787453328,50.37,374,87
1787453329,50.12,374,87
1787453330,50.00,374,87
1787453331,50.05,374,87
1787453332,49.93,374,87
1787453333,50.15,374,87
1787453334,47.04,374,86
1787453335,45.69,374,87
1787453336,49.75,374,87
1787453337,49.75,374,87
1787453338,49.78,374,87
1787453339,49.80,374,87
1787453340,49.78,374,87
1787453341,49.78,374,87
1787453342,49.76,377,87
1787453343,42.73,289,83
1787453344,15.29,282,80
1787453345,14.40,282,79
1787453346,13.49,281,79
1787453347,13.44,280,78
1787453348,10.11,280,76
1787453349,9.95,280,76
1787453350,9.68,271,75
1787453351,14.68,372,78
1787453352,28.90,377,80
1787453353,37.06,377,82
1787453354,55.14,373,87
1787453355,62.87,365,86
1787453356,56.74,365,87
1787453357,56.71,365,87
1787453358,54.30,365,86
1787453359,53.28,365,87
1787453360,52.45,365,86
1787453361,50.06,365,86
1787453362,49.96,365,86
1787453364,49.95,365,86
1787453364,49.98,365,86
1787453365,50.04,365,87
1787453367,49.95,365,87
1787453368,49.90,365,87
1787453369,49.97,365,87
1787453370,49.88,365,87
1787453371,49.92,365,87
1787453372,49.99,365,87
1787453373,49.53,365,87
1787453374,45.57,365,86
1787453375,45.61,365,86
1787453376,46.56,365,87
1787453377,50.65,365,87
1787453378,48.10,365,86
1787453379,48.14,371,87
1787453380,48.78,365,87
1787453381,49.00,365,87
1787453382,48.85,365,87
1787453383,48.91,365,87
1787453384,49.13,365,87
1787453385,49.08,365,87
1787453386,49.00,365,87
1787453387,48.85,365,87
1787453388,48.95,365,87
1787453389,48.92,365,87
1787453390,48.91,365,87
1787453391,49.04,365,87
1787453392,48.98,365,87
1787453393,48.87,365,87
1787453394,48.81,365,87
1787453395,48.76,365,87
1787453396,48.80,365,87
1787453397,48.86,365,87
1787453398,48.89,365,87
1787453399,48.99,365,87
1787453400,48.99,365,87
1787453401,48.96,365,87
1787453402,48.72,365,87
1787453403,48.79,365,87
1787453404,48.82,365,87
1787453405,48.84,365,87
1787453406,48.80,365,87
1787453407,48.73,365,87
1787453408,48.72,365,87
1787453409,48.63,365,87
1787453410,48.67,365,87
1787453411,48.72,365,87
1787453412,48.66,382,87
1787453413,23.65,383,81
1787453414,14.75,381,80
1787453415,13.51,380,79
1787453416,13.15,379,78
1787453417,9.97,379,77
1787453418,9.95,378,76
1787453419,9.70,378,76
1787453420,9.93,357,75
1787453421,10.32,357,75
1787453422,9.95,356,75
1787453423,10.09,356,75
1787453424,9.89,355,75
1787453425,9.81,355,75
1787453426,9.92,355,75
1787453427,13.11,2528,75
1787453428,23.72,2773,77
1787453429,23.78,2773,78
1787453430,23.68,2773,78
1787453431,23.93,2773,78
1787453432,24.04,2773,78
1787453433,23.81,2773,78
1787453434,23.78,2773,78
1787453435,23.35,2773,78
1787453436,23.22,2773,78
1787453437,22.95,2773,78
1787453438,22.95,2773,78
1787453439,23.04,2773,78
1787453440,22.93,2773,78
1787453441,23.17,2773,78
1787453442,22.89,2773,78
1787453443,23.27,2773,78
1787453444,23.09,2773,78
1787453445,22.97,2773,78
1787453446,22.66,2773,78
1787453447,22.70,2773,78
1787453448,23.21,2773,79
1787453449,23.48,2773,79
1787453450,23.03,2773,79
1787453451,23.01,2773,78
1787453452,23.20,2773,78
1787453453,23.25,2773,79
1787453454,22.96,2773,78
1787453455,22.42,2773,78
1787453456,23.42,2773,79
1787453457,23.65,2773,79
1787453458,23.80,2773,79
1787453459,23.01,2773,79
1787453460,22.90,2773,78
1787453461,22.65,2773,79
1787453462,22.70,2773,78
1787453463,22.53,2773,78
1787453464,22.24,2773,78
1787453465,22.09,2773,78
1787453466,21.95,2773,78
1787453467,22.06,2773,78
1787453468,22.12,2773,78
1787453469,21.95,2773,78
1787453470,22.18,2773,78
1787453471,22.28,2773,78
1787453472,22.24,2773,78
1787453473,19.64,2773,78
1787453474,22.60,2773,78
1787453475,22.74,2773,78
1787453476,23.14,2773,79
1787453477,23.18,2773,78
1787453478,22.28,2773,78
1787453479,21.95,2773,78
1787453480,21.99,2773,78
1787453481,21.99,2773,78
1787453482,21.65,2773,78
1787453483,21.67,2772,78
1787453484,21.51,2772,78
1787453485,21.67,2772,78
1787453486,21.65,2772,78
1787453487,21.71,2772,78
