timestamp,watts,vram_mb,temp_c
1787346937,12.49,355,59
1787346938,26.53,370,62
1787346939,33.56,390,63
1787346940,48.24,393,67
1787346941,71.96,401,72
1787346942,73.71,377,74
1787346943,73.88,377,75
1787346944,74.12,381,76
1787346945,73.26,381,76
1787346946,74.55,380,77
1787346947,74.57,380,78
1787346948,74.56,380,79
1787346949,74.45,380,79
1787346950,74.83,380,80
1787346951,74.85,381,80
1787346952,74.81,388,81
1787346953,68.45,382,80
1787346954,69.25,376,81
1787346955,67.48,380,81
1787346956,71.72,380,82
1787346957,74.98,380,83
1787346958,74.81,380,84
1787346959,74.91,380,84
1787346960,74.86,380,84
1787346961,75.29,380,85
1787346962,74.90,380,85
1787346963,74.82,380,85
1787346964,74.89,380,86
1787346965,73.66,380,86
1787346966,73.34,381,86
1787346967,71.72,375,86
1787346968,69.57,380,86
1787346969,72.65,380,87
1787346970,69.32,380,87
1787346971,69.01,382,87
1787346972,68.70,382,87
1787346973,68.56,381,87
1787346974,63.44,381,86
1787346975,63.28,387,86
1787346976,63.31,387,86
1787346977,63.23,381,87
1787346978,63.47,381,87
1787346979,63.43,381,87
1787346980,60.25,382,86
1787346981,58.58,382,86
1787346982,58.82,382,86
1787346983,58.67,382,86
1787346984,58.73,382,87
1787346985,58.55,388,87
1787346986,58.65,388,87
1787346987,58.74,388,87
1787346988,55.96,382,86
1787346989,54.26,388,86
1787346990,54.55,382,86
1787346991,54.49,388,86
1787346992,54.56,382,87
1787346993,54.50,382,87
1787346994,54.58,382,87
1787346995,54.62,388,87
1787346996,54.65,382,87
1787346997,54.67,386,87
1787346998,14.83,401,80
1787346999,14.52,401,79
1787347000,13.42,400,78
1787347001,13.15,399,78
1787347002,10.80,398,76
1787347003,9.68,394,76
1787347004,9.46,394,75
1787347005,9.35,392,75
1787347006,12.67,403,77
1787347007,27.92,414,78
1787347008,35.20,407,80
1787347009,51.04,403,86
1787347010,70.19,396,87
1787347011,64.14,402,87
1787347012,62.10,396,87
1787347013,58.42,396,87
1787347014,58.42,396,87
1787347015,56.05,402,86
1787347016,53.05,396,86
1787347017,52.94,396,86
1787347018,52.87,396,86
1787347019,52.77,396,86
1787347020,52.74,396,87
1787347021,52.92,396,86
1787347022,52.88,396,87
1787347023,52.99,402,87
1787347024,52.99,402,87
1787347025,52.84,396,87
1787347026,50.09,396,86
1787347027,47.91,396,86
1787347028,47.97,396,86
1787347029,47.80,396,86
1787347030,47.92,396,86
1787347031,47.94,396,86
1787347032,47.93,396,86
1787347033,47.84,396,86
1787347034,47.94,396,86
1787347035,47.92,396,87
1787347036,47.99,396,87
1787347037,48.07,396,87
1787347038,48.11,396,87
1787347039,48.07,396,87
1787347040,47.84,396,87
1787347041,48.00,396,87
1787347042,47.63,396,87
1787347043,44.00,396,87
1787347044,46.09,396,87
1787347045,46.10,396,87
1787347046,46.12,396,87
1787347047,46.07,396,87
1787347048,46.07,396,87
1787347049,46.03,396,87
1787347050,46.02,396,87
1787347051,44.75,396,86
1787347053,41.19,396,86
1787347054,44.14,396,87
1787347055,43.71,396,86
1787347056,41.77,402,86
1787347057,41.67,403,86
1787347058,41.75,402,86
1787347059,41.84,396,86
1787347060,41.78,396,86
1787347061,41.81,396,86
1787347062,41.92,396,86
1787347063,41.85,402,86
1787347064,41.81,396,86
1787347065,41.86,396,86
1787347066,41.81,396,86
1787347067,39.03,409,84
1787347068,16.13,409,82
1787347069,14.29,410,81
1787347070,13.47,408,80
1787347071,12.70,408,79
1787347072,9.83,407,78
1787347073,9.70,407,78
1787347074,9.53,406,78
1787347075,9.83,446,77
1787347076,14.37,483,79
1787347077,14.40,484,79
1787347078,12.31,485,78
1787347079,11.51,474,77
1787347080,10.45,473,77
1787347081,10.54,468,77
1787347082,10.15,827,77
1787347083,15.65,2755,78
1787347084,16.85,3794,78
1787347085,14.46,3807,78
1787347086,16.40,3803,78
1787347087,16.57,3803,79
1787347088,18.23,3803,79
1787347089,21.09,3803,80
1787347090,27.62,3803,81
1787347091,38.80,3803,83
1787347092,41.66,3803,84
1787347093,42.15,3803,85
1787347094,42.35,3803,85
1787347095,42.59,3803,85
1787347096,42.58,3803,85
1787347097,42.77,3803,85
1787347098,42.42,3805,85
1787347099,42.07,3805,85
1787347100,42.17,3802,85
1787347101,42.24,3802,85
1787347102,42.42,3802,86
1787347103,42.32,3802,86
1787347104,42.26,3802,86
1787347105,42.46,3802,86
1787347106,42.72,3802,86
1787347107,42.78,3802,86
1787347108,42.75,3802,86
1787347109,42.47,3802,86
1787347110,42.88,3802,86
1787347111,41.93,3802,86
1787347112,42.38,3802,86
1787347113,40.13,3800,85
1787347114,36.26,3800,85
1787347115,37.06,3800,85
1787347116,39.24,3800,85
1787347117,41.12,3800,86
1787347118,41.62,3800,86
1787347119,42.59,3800,86
1787347120,42.97,3800,86
1787347121,43.18,3800,86
1787347122,43.31,3800,86
1787347123,43.07,3800,87
1787347124,43.41,3800,87
1787347125,43.35,3800,87
1787347126,43.25,3800,87
1787347127,42.92,3800,87
1787347128,42.41,3781,86
1787347129,42.98,3781,87
1787347130,47.33,3749,88
1787347131,39.30,3755,85
1787347132,31.69,3763,84
1787347133,32.08,3763,84
1787347134,32.16,3763,84
1787347135,32.88,3763,84
1787347136,32.83,3763,84
1787347137,32.42,3763,84
1787347138,30.28,3763,83
1787347139,29.73,3763,83
1787347140,29.43,3763,83
1787347141,29.29,3767,83
1787347142,28.98,3767,83
1787347143,28.09,3749,83
1787347144,14.66,228,81
1787347145,14.38,218,80
1787347146,12.69,218,79
1787347147,9.78,204,78
1787347148,9.76,203,78
1787347149,9.48,203,78
1787347150,9.43,203,77
1787347151,9.34,194,77
1787347152,9.79,314,77
1787347153,9.98,325,77
1787347154,9.89,318,77
1787347155,11.20,908,77
1787347156,23.69,1006,79
1787347157,24.95,1004,80
1787347158,23.61,1004,80
1787347159,23.58,1004,80
1787347160,23.67,1004,80
1787347161,23.40,1004,80
1787347162,24.04,1004,80
1787347163,23.40,1004,80
1787347164,23.06,1004,80
1787347165,22.79,1004,80
1787347166,23.06,1004,80
1787347167,22.68,1004,80
1787347168,22.60,1004,81
1787347169,22.59,1004,80
1787347170,22.51,1004,81
1787347171,22.68,1004,81
1787347172,22.63,1004,81
1787347173,22.37,1004,81
1787347174,22.52,1004,81
1787347175,22.26,1004,81
1787347176,22.94,1004,81
1787347177,23.50,1004,81
1787347178,22.78,1004,81
1787347179,23.77,1004,81
1787347180,22.81,1004,81
1787347181,23.07,1004,81
1787347182,22.60,1004,81
1787347183,21.88,1004,81
1787347184,22.97,1004,81
1787347185,23.09,1004,81
1787347186,23.25,1004,81
1787347187,23.07,1004,81
1787347188,22.65,1004,81
1787347189,22.38,1004,81
1787347190,22.22,1004,81
1787347191,22.25,1004,81
1787347192,22.21,1004,81
1787347193,22.14,1004,81
1787347194,24.81,1004,81
1787347195,22.04,1004,81
1787347196,22.04,1004,81
1787347197,21.92,1004,81
1787347198,22.13,1004,81
1787347199,22.17,1004,81
1787347200,22.34,1004,81
1787347201,22.46,1004,81
1787347202,22.52,1004,81
1787347203,22.77,1004,81
1787347204,22.73,1004,82
1787347205,22.80,1004,81
1787347206,22.37,1004,81
1787347207,21.71,1004,81
1787347208,22.11,1004,81
1787347209,21.81,1004,81
1787347210,21.23,1004,81
1787347211,21.75,1004,81
1787347212,21.81,1004,81
1787347213,21.94,1004,81
1787347214,21.86,1004,81
1787347215,21.69,1004,81
1787347216,14.67,1015,81
1787347217,14.48,1015,80
1787347218,14.05,365,80
1787347219,11.34,364,79
1787347220,9.78,363,78
1787347221,9.59,363,78
1787347222,9.44,362,77
1787347223,9.48,354,77
1787347224,10.12,542,78
1787347225,14.50,531,78
1787347226,14.15,1001,79
1787347227,22.02,1190,81
1787347228,24.75,1179,81
1787347229,30.82,1173,82
1787347230,30.61,1173,82
1787347231,31.61,1173,82
1787347232,31.30,1173,82
1787347233,30.20,1173,82
1787347234,30.78,1173,82
1787347235,31.11,1173,82
1787347236,31.19,1173,83
1787347237,30.68,1173,82
1787347238,30.26,1173,82
1787347239,29.80,1173,83
1787347240,30.10,1173,83
1787347241,30.09,1173,83
1787347242,30.23,1173,83
1787347243,30.50,1173,83
1787347244,31.04,1173,83
1787347245,30.60,1173,83
1787347246,30.89,1173,83
1787347247,31.06,1173,84
1787347248,32.44,1173,84
1787347249,32.68,1173,84
1787347250,32.09,1173,84
1787347251,31.58,1173,84
1787347252,32.74,1173,84
1787347253,33.45,1173,84
1787347254,32.29,1173,85
1787347255,33.57,1173,85
1787347256,31.78,1173,84
1787347257,31.39,1173,84
1787347258,31.25,1173,84
1787347259,31.50,1173,84
1787347260,31.48,1173,85
1787347261,32.41,1173,85
1787347263,31.49,1173,85
1787347264,30.60,1173,85
1787347265,32.08,1173,85
1787347266,33.62,1173,85
1787347267,33.70,1173,85
1787347268,32.93,1173,85
1787347269,32.58,1173,85
1787347270,31.93,1173,85
1787347271,31.02,1173,85
1787347272,30.97,1173,85
1787347273,30.94,1173,85
1787347274,31.00,1173,85
1787347275,31.03,1173,85
1787347276,31.18,1173,85
1787347277,31.37,1173,85
1787347278,32.03,1173,85
1787347279,32.53,1173,85
1787347280,32.06,1173,85
1787347281,31.14,1173,85
1787347282,29.92,1173,85
1787347283,29.70,1173,85
1787347284,29.37,1173,85
1787347285,29.17,1173,85
1787347286,29.07,1173,85
1787347287,24.26,267,83
1787347288,15.07,267,82
1787347289,14.53,255,82
1787347290,12.41,254,81
1787347291,10.09,253,80
1787347292,10.01,252,80
1787347293,9.87,252,79
1787347294,9.77,251,79
1787347295,10.07,351,79
1787347296,13.39,403,80
1787347297,24.33,384,83
1787347298,34.02,381,83
1787347299,34.30,377,84
1787347300,34.01,375,84
1787347301,33.58,373,84
1787347302,33.78,373,84
1787347303,33.20,373,84
1787347304,34.04,373,84
1787347305,33.50,373,84
1787347306,33.46,373,84
1787347307,33.92,373,84
1787347308,34.16,373,85
1787347309,34.28,373,85
1787347310,34.42,373,85
1787347311,35.50,373,85
1787347312,36.07,373,85
1787347313,36.56,373,85
1787347314,35.76,373,85
1787347315,36.13,373,85
1787347316,36.70,373,85
1787347317,37.83,373,86
1787347318,38.30,373,86
1787347319,38.48,373,86
1787347320,39.06,373,86
1787347321,39.58,373,86
1787347322,40.68,373,87
1787347323,39.84,373,87
1787347324,39.96,373,87
1787347325,40.27,373,87
1787347326,39.08,373,87
1787347327,40.54,373,87
1787347328,40.23,373,87
1787347329,40.34,373,87
1787347330,40.19,373,87
1787347331,40.27,373,87
1787347332,40.00,373,87
1787347333,39.56,373,87
1787347334,39.50,373,87
1787347335,39.19,373,87
1787347336,38.13,373,87
1787347337,38.61,373,87
1787347338,38.35,373,87
1787347339,37.37,373,87
1787347340,37.52,373,87
1787347341,37.23,373,87
1787347342,36.34,373,87
1787347343,36.88,373,87
1787347344,36.19,373,87
1787347345,36.18,373,87
1787347346,34.90,373,87
1787347347,35.49,373,87
1787347348,35.13,373,87
1787347349,34.81,373,87
1787347350,34.52,373,87
1787347351,34.76,373,87
1787347352,34.78,373,87
1787347353,34.33,373,87
1787347354,34.37,373,87
1787347355,33.69,373,87
1787347356,33.85,382,87
1787347357,19.47,384,84
1787347358,15.21,384,83
1787347359,14.00,384,83
1787347360,11.61,383,81
1787347361,10.46,382,81
1787347362,10.18,381,81
1787347363,10.07,381,80
1787347364,10.03,373,80
1787347365,12.85,362,81
1787347366,16.65,638,82
1787347367,21.27,633,82
1787347368,21.33,627,82
1787347369,21.36,626,82
1787347370,21.41,620,82
1787347371,21.41,620,82
1787347372,21.40,620,82
1787347373,21.49,620,82
1787347374,21.32,620,82
1787347375,21.43,620,82
1787347376,21.24,620,82
1787347377,21.16,620,82
1787347378,21.17,620,82
1787347379,20.77,620,82
1787347380,20.88,620,82
1787347381,20.28,620,82
1787347382,20.84,620,82
1787347383,20.65,620,82
1787347384,19.71,620,82
1787347385,21.37,620,82
1787347386,20.77,620,82
1787347387,20.39,620,82
1787347388,21.07,620,82
1787347389,20.76,620,82
1787347390,20.91,620,82
1787347391,20.85,620,82
1787347392,20.87,620,82
1787347393,20.46,620,82
1787347394,20.31,620,82
1787347395,20.51,620,82
1787347396,20.50,620,82
1787347397,20.78,620,82
1787347398,20.90,620,82
1787347399,19.66,620,82
1787347400,19.74,620,82
1787347401,19.54,620,82
1787347402,19.44,620,82
1787347403,19.41,620,82
1787347404,19.27,620,82
1787347405,19.41,620,82
1787347406,19.40,620,82
1787347407,19.29,620,82
1787347408,19.46,620,82
1787347409,19.42,620,82
1787347410,19.50,620,82
1787347411,19.44,620,82
1787347412,19.78,620,82
1787347413,19.85,620,82
1787347414,19.81,620,82
1787347415,20.34,620,82
1787347416,20.68,620,82
1787347417,19.28,620,82
1787347418,19.27,620,82
1787347419,19.28,620,82
1787347420,19.36,620,82
1787347421,19.56,620,82
1787347422,19.15,620,82
1787347423,19.12,620,82
1787347424,19.03,620,82
1787347425,18.50,620,81
1787347426,19.09,285,82
1787347427,16.44,285,81
1787347428,14.73,273,81
1787347429,11.69,273,79
1787347430,10.08,272,79
1787347431,9.92,271,79
1787347432,9.83,270,78
1787347433,9.86,270,78
1787347434,9.86,276,78
1787347435,12.39,294,79
1787347436,14.86,291,79
1787347437,14.60,290,79
1787347438,10.17,290,78
1787347439,10.23,289,78
1787347440,10.21,289,78
1787347441,10.40,613,78
1787347442,14.33,2359,79
1787347443,24.31,2347,80
1787347444,24.11,2331,81
1787347445,23.98,2331,81
1787347446,24.19,2331,81
1787347447,24.13,2331,81
1787347448,24.09,2331,81
1787347449,24.15,2331,81
1787347450,23.96,2331,81
1787347451,23.81,2331,81
1787347452,23.71,2331,81
1787347453,23.84,2331,81
1787347454,23.74,2331,81
1787347455,23.49,2331,81
1787347456,23.45,2331,81
1787347457,23.58,2331,82
1787347458,23.75,2331,82
1787347459,23.76,2331,82
1787347460,24.48,2331,82
1787347461,23.81,2331,82
1787347462,23.84,2331,82
1787347463,24.45,2331,82
1787347464,20.17,2331,82
1787347465,24.43,2331,82
1787347466,24.50,2331,82
1787347467,24.62,2331,82
1787347468,24.48,2331,82
1787347469,23.95,2331,82
1787347470,23.67,2331,82
1787347471,24.98,2331,82
1787347472,25.32,2331,83
1787347473,25.90,2331,83
1787347474,25.58,2331,82
1787347475,25.08,2331,83
1787347476,24.43,2331,82
1787347477,29.04,2331,82
1787347478,24.41,2331,82
1787347479,23.91,2331,82
1787347480,24.18,2331,82
1787347481,24.23,2331,82
1787347482,24.25,2331,82
1787347483,24.31,2331,83
1787347484,24.31,2331,82
1787347485,24.33,2331,83
1787347486,24.31,2331,83
1787347487,26.96,2331,83
1787347488,24.76,2331,83
1787347489,25.45,2331,83
1787347490,26.10,2331,83
1787347492,26.77,2331,83
1787347493,25.95,2331,83
1787347494,24.81,2331,83
1787347495,24.34,2331,83
1787347496,24.20,2331,83
1787347497,24.08,2331,83
1787347498,23.81,2331,83
1787347499,23.75,2331,83
1787347500,24.06,2331,83
1787347501,24.05,2331,83
1787347502,24.01,2331,83
1787347503,15.39,279,82
1787347504,14.72,275,81
1787347505,14.40,258,81
1787347506,13.48,258,81
1787347507,12.44,258,80
1787347508,9.86,256,79
1787347509,9.73,256,79
1787347510,9.58,255,79
1787347511,9.65,293,78
1787347512,20.13,383,82
1787347513,31.41,379,83
1787347514,40.20,372,85
1787347515,51.94,368,87
1787347516,49.44,368,87
1787347517,44.52,368,86
1787347518,43.83,368,86
1787347519,43.84,368,87
1787347520,43.89,368,87
1787347521,43.98,368,87
1787347522,39.31,368,86
1787347523,40.65,368,87
1787347524,43.26,368,87
1787347525,38.67,368,86
1787347526,38.16,368,86
1787347527,38.24,368,86
1787347528,38.25,368,86
1787347529,38.25,367,86
1787347530,38.28,367,86
1787347531,38.21,367,86
1787347532,38.16,367,86
1787347533,38.17,367,87
1787347534,38.21,367,86
1787347535,38.08,367,87
1787347536,38.01,367,87
1787347537,37.99,367,87
1787347538,38.15,367,87
1787347539,38.12,367,87
1787347540,38.13,367,87
1787347541,38.21,367,87
1787347542,38.20,367,87
1787347543,38.17,367,87
1787347544,38.13,367,87
1787347545,36.53,367,87
1787347546,34.61,367,86
1787347547,34.60,367,86
1787347548,34.53,367,86
1787347549,34.51,367,86
1787347550,34.41,367,86
1787347551,34.26,367,86
1787347552,34.12,367,86
1787347553,34.19,367,86
1787347554,34.27,367,86
1787347555,34.26,367,86
1787347556,34.18,367,86
1787347557,34.18,367,86
1787347558,34.17,367,86
1787347559,34.19,367,86
1787347560,34.21,367,86
1787347561,34.15,367,86
1787347562,34.13,367,86
1787347563,34.11,367,86
1787347564,34.06,367,86
1787347565,34.15,367,86
1787347566,34.14,367,86
1787347567,34.04,367,86
1787347568,34.12,367,86
1787347569,34.11,367,86
1787347570,34.08,367,86
1787347571,34.12,367,86
1787347572,27.65,291,84
1787347573,15.14,276,83
1787347574,14.39,276,83
1787347575,13.62,276,82
1787347576,11.39,275,81
1787347577,10.04,275,81
1787347578,9.95,274,80
1787347579,9.85,266,80
1787347580,11.00,433,81
1787347581,14.73,434,81
1787347582,16.66,428,81
1787347583,11.49,646,80
1787347584,14.94,1916,81
1787347585,25.25,1913,84
1787347586,31.65,1903,84
1787347587,32.07,1903,84
1787347588,32.42,1903,85
1787347589,33.17,1903,85
1787347590,31.15,1903,85
1787347591,31.30,1903,85
1787347592,32.72,1903,85
1787347593,32.25,1903,85
1787347594,31.39,1903,85
1787347595,31.50,1903,85
1787347596,31.08,1903,85
1787347597,30.91,1903,85
1787347598,31.07,1903,85
1787347599,31.30,1903,85
1787347600,31.29,1903,85
1787347601,31.59,1903,86
1787347602,32.12,1903,86
1787347603,31.85,1903,86
1787347604,31.92,1903,86
1787347605,32.81,1903,86
1787347606,33.59,1903,86
1787347607,33.43,1903,86
1787347608,32.88,1903,86
1787347609,32.54,1903,86
1787347610,33.26,1903,86
1787347611,33.92,1903,87
1787347612,34.41,1903,87
1787347613,34.50,1903,87
1787347614,32.97,1903,87
1787347615,32.14,1903,86
1787347616,31.99,1903,86
1787347617,32.40,1903,87
1787347618,32.86,1903,87
1787347619,33.38,1903,87
1787347620,32.78,1903,87
1787347621,31.45,1903,87
1787347622,33.10,1903,87
1787347623,34.58,1903,87
1787347624,34.45,1903,87
1787347625,33.85,1903,87
1787347626,33.63,1903,87
1787347627,32.84,1903,87
1787347628,31.81,1903,87
1787347629,31.54,1903,87
1787347630,31.58,1903,87
1787347631,31.62,1903,87
1787347632,31.60,1903,87
1787347633,31.82,1903,87
1787347634,32.14,1903,87
1787347635,32.69,1903,87
1787347636,32.96,1903,87
1787347637,32.82,1903,87
1787347638,31.88,1903,87
1787347639,30.63,1903,87
1787347640,30.22,1903,87
1787347641,29.95,1903,87
1787347642,29.75,1903,87
1787347643,29.67,1903,87
1787347644,25.76,281,85
1787347645,15.53,268,84
1787347646,14.89,268,84
1787347647,12.71,267,83
1787347648,10.45,266,82
1787347649,10.29,265,82
1787347650,10.09,265,81
1787347651,10.07,257,81
1787347652,10.32,397,81
1787347653,13.60,385,82
1787347654,15.41,828,82
1787347655,30.82,764,85
1787347656,33.18,762,85
1787347657,32.96,758,86
1787347658,32.41,756,86
1787347659,32.99,756,86
1787347660,33.58,756,86
1787347661,33.06,756,86
1787347662,32.69,756,86
1787347663,32.03,762,86
1787347664,32.30,761,86
1787347665,32.01,761,86
1787347666,31.58,761,86
1787347667,30.98,761,86
1787347668,30.29,761,86
1787347669,30.62,761,86
1787347670,31.02,761,86
1787347671,30.56,761,86
1787347672,30.77,761,86
1787347673,30.83,761,86
1787347674,30.23,761,86
1787347675,30.44,761,87
1787347677,30.20,761,86
1787347678,29.57,761,87
1787347679,29.34,761,86
1787347680,29.12,761,86
1787347681,28.97,761,86
1787347682,29.52,761,86
1787347683,30.59,761,87
1787347684,31.88,761,87
1787347685,32.10,761,87
1787347686,30.57,761,87
1787347687,29.56,761,87
1787347688,29.28,761,87
1787347689,29.25,761,87
1787347690,29.49,761,87
1787347691,30.11,761,87
1787347692,29.73,761,87
1787347693,29.74,761,87
1787347694,30.69,761,87
1787347695,31.78,761,87
1787347696,30.74,761,87
1787347697,28.92,761,87
1787347698,28.56,761,87
1787347699,28.04,761,87
1787347700,28.00,761,87
1787347701,27.38,761,87
1787347702,27.18,761,87
1787347703,27.30,761,86
1787347704,27.40,761,86
1787347705,27.26,761,86
1787347706,27.40,761,87
1787347707,27.62,761,86
1787347708,28.25,761,87
1787347709,28.15,761,87
1787347710,27.68,761,86
1787347711,27.58,761,86
1787347712,27.01,761,86
1787347713,26.60,761,86
1787347714,26.22,761,86
1787347715,26.19,761,86
1787347716,21.65,805,85
1787347717,15.43,803,84
1787347718,14.28,427,83
1787347719,10.47,426,82
1787347720,10.47,425,82
1787347721,10.25,425,82
1787347722,10.17,424,81
1787347723,10.14,416,81
1787347724,11.04,298,81
1787347725,14.92,298,82
1787347726,15.01,297,82
1787347727,14.51,297,81
1787347728,10.93,1067,81
1787347729,20.29,1056,83
1787347730,23.06,1056,83
1787347731,23.01,1052,83
1787347732,23.09,1052,83
1787347733,23.06,1052,83
1787347734,22.89,1052,84
1787347735,22.87,1052,83
1787347736,22.71,1052,84
1787347737,22.64,1052,84
1787347738,22.61,1052,84
1787347739,22.60,1052,84
1787347740,22.46,1052,84
1787347741,22.18,1052,83
1787347742,22.15,1052,84
1787347743,22.13,1052,84
1787347744,22.19,1052,84
1787347745,22.41,1052,84
1787347746,22.48,1052,84
1787347747,22.42,1052,84
1787347748,22.36,1052,84
1787347749,22.69,1052,84
1787347750,22.99,1052,84
1787347751,22.89,1052,84
1787347752,22.80,1052,84
1787347753,22.65,1052,84
1787347754,22.76,1052,84
1787347755,22.66,1052,84
1787347756,22.16,1052,84
1787347757,22.84,1052,84
1787347758,23.14,1052,84
1787347759,23.31,1052,84
1787347760,22.88,1052,84
1787347761,22.69,1052,84
1787347762,22.54,1052,84
1787347763,22.40,1052,84
1787347764,22.37,1052,84
1787347765,22.28,1052,84
1787347766,22.25,1052,84
1787347767,22.26,1052,84
1787347768,22.19,1052,84
1787347769,22.31,1052,84
1787347770,22.37,1052,84
1787347771,22.34,1052,84
1787347772,22.26,1052,84
1787347773,22.23,1052,84
1787347774,22.36,1052,84
1787347775,22.49,1052,84
1787347776,22.65,1052,84
1787347777,22.73,1052,84
1787347778,22.59,1052,84
1787347779,22.39,1052,84
1787347780,22.30,1052,84
1787347781,22.27,1052,84
1787347782,22.23,1052,84
1787347783,22.30,1052,84
1787347784,22.30,1052,84
1787347785,22.36,1052,84
1787347786,22.31,1052,84
1787347787,22.30,1052,84
1787347788,21.23,293,83
1787347789,14.16,283,82
1787347790,13.76,271,82
1787347791,13.54,270,82
1787347792,10.73,270,81
1787347793,10.04,269,80
1787347794,9.90,269,80
1787347795,9.73,268,80
1787347796,9.93,361,80
1787347797,18.52,428,83
1787347798,32.66,420,83
1787347799,29.39,387,84
1787347800,29.29,385,84
1787347801,29.27,381,84
1787347802,28.93,378,84
1787347803,28.75,377,84
1787347804,28.74,377,84
1787347805,28.98,373,84
1787347806,29.30,373,84
1787347807,29.21,373,84
1787347808,28.95,373,84
1787347809,28.90,373,84
1787347810,29.28,373,84
1787347811,29.49,373,84
1787347812,29.22,373,84
1787347813,29.35,373,84
1787347814,29.90,373,84
1787347815,29.92,373,85
1787347816,29.71,373,84
1787347817,29.13,373,85
1787347818,29.91,373,84
1787347819,29.67,373,85
1787347820,29.74,373,85
1787347821,29.72,373,85
1787347822,29.82,373,85
1787347823,30.22,373,85
1787347824,30.44,373,85
1787347825,30.04,373,85
1787347826,29.93,373,85
1787347827,30.32,373,85
1787347828,30.14,373,85
1787347829,30.34,373,85
1787347830,30.10,373,85
1787347831,30.56,373,85
1787347832,30.28,373,85
1787347833,30.46,373,85
1787347834,30.17,373,85
1787347835,30.00,373,85
1787347836,30.05,373,85
1787347837,29.94,373,85
1787347838,30.11,373,85
1787347839,30.00,373,85
1787347840,30.11,373,85
1787347841,29.93,373,85
1787347842,30.02,373,85
1787347843,29.76,373,85
1787347844,30.16,373,85
1787347845,29.98,373,85
1787347846,29.73,373,85
1787347847,30.57,373,85
1787347848,30.58,373,86
1787347849,30.19,373,85
1787347850,29.47,373,85
1787347851,29.56,373,85
1787347852,29.35,373,85
1787347853,29.86,373,85
1787347854,29.54,373,85
1787347855,29.46,373,85
1787347856,29.38,373,85
1787347857,29.17,384,85
1787347858,25.81,385,83
1787347859,15.15,386,83
1787347860,14.47,386,82
1787347861,12.96,384,81
1787347862,10.22,383,81
1787347863,10.15,383,80
1787347864,10.03,383,80
1787347865,9.98,374,80
1787347866,10.41,369,80
1787347867,23.52,369,83
1787347868,32.18,374,84
1787347869,43.13,374,87
1787347870,42.66,366,87
1787347871,42.45,366,87
1787347872,42.42,362,87
1787347873,41.67,362,86
1787347875,37.42,362,86
1787347875,37.55,362,86
1787347876,37.52,362,86
1787347878,37.34,362,86
1787347879,37.37,362,86
1787347880,37.38,362,86
1787347881,37.40,362,87
1787347882,37.45,362,87
1787347883,37.40,362,87
1787347884,37.33,362,87
1787347885,37.28,362,87
1787347886,37.32,362,87
1787347887,37.29,362,87
1787347888,37.21,362,87
1787347889,37.40,362,87
1787347890,37.49,362,87
1787347891,37.44,362,87
1787347892,37.35,362,87
1787347893,37.38,362,87
1787347894,34.24,362,86
1787347895,34.12,362,86
1787347896,34.20,362,86
1787347897,34.21,362,86
1787347898,34.19,362,86
1787347899,34.10,362,86
1787347900,34.09,362,86
1787347901,33.94,362,86
1787347902,34.03,362,86
1787347903,34.02,362,86
1787347904,33.94,362,86
1787347905,33.77,362,86
1787347906,33.65,362,86
1787347907,33.53,362,86
1787347908,33.40,362,86
1787347909,33.32,362,86
1787347910,33.42,362,86
1787347911,33.46,362,86
1787347912,33.59,362,86
1787347913,33.57,362,86
1787347914,33.69,362,86
1787347915,33.75,362,86
1787347916,33.85,362,86
1787347917,33.81,362,86
1787347918,33.78,362,86
1787347919,33.79,362,86
1787347920,33.88,362,86
1787347921,33.77,362,86
1787347922,33.68,362,86
1787347923,33.70,362,86
1787347924,33.61,362,86
1787347925,33.44,362,86
1787347926,33.34,362,86
1787347927,33.49,365,86
1787347928,23.25,363,84
1787347929,15.20,303,83
1787347930,14.14,303,82
1787347931,12.99,301,81
1787347932,10.22,300,81
1787347933,10.04,300,80
1787347934,9.92,299,80
1787347935,9.96,296,80
1787347936,10.29,347,80
1787347937,10.40,339,79
1787347938,10.33,339,79
1787347939,10.35,339,79
1787347940,10.40,337,79
1787347941,10.44,337,79
1787347942,9.78,337,79
1787347943,10.95,2627,79
1787347944,18.44,2750,82
1787347945,24.55,2750,82
1787347946,24.34,2750,83
1787347947,24.67,2750,83
1787347948,24.81,2750,83
1787347949,24.42,2750,83
1787347950,24.34,2750,83
1787347951,24.52,2750,83
1787347952,23.96,2750,83
1787347953,23.71,2750,83
1787347954,23.69,2750,83
1787347955,24.10,2750,83
1787347956,23.52,2750,83
1787347957,23.59,2750,83
1787347958,23.48,2750,83
1787347959,23.58,2750,83
1787347960,23.66,2750,83
1787347961,23.48,2750,83
1787347962,23.46,2750,83
1787347963,23.35,2750,83
1787347964,28.01,2750,84
1787347965,24.40,2750,84
1787347966,23.95,2744,83
1787347967,23.76,2744,84
1787347968,24.12,2744,84
1787347969,23.97,2744,84
1787347970,24.21,2744,84
1787347971,23.31,2744,84
1787347972,24.01,2744,84
1787347973,24.38,2744,84
1787347974,24.65,2744,84
1787347975,24.60,2744,84
1787347976,31.43,2744,84
1787347977,23.54,2744,84
1787347978,23.58,2744,84
1787347979,23.37,2744,84
1787347980,23.30,2744,84
1787347981,23.24,2744,84
1787347982,23.12,2744,84
1787347983,23.08,2744,84
1787347984,22.74,2744,84
1787347985,23.21,2744,84
1787347986,27.73,2744,84
1787347987,23.14,2744,84
1787347988,23.48,2744,84
1787347989,23.50,2744,84
1787347990,23.89,2744,84
1787347991,24.03,2744,84
1787347992,24.11,2744,84
1787347993,24.06,2744,84
1787347994,22.94,2744,84
1787347995,22.86,2744,84
1787347996,22.70,2744,84
1787347997,22.51,2744,84
1787347998,22.69,2744,84
1787347999,22.72,2744,84
1787348000,22.62,2744,84
1787348001,22.53,2744,84
1787348002,22.66,2744,84
1787348003,22.27,2755,84
1787348004,15.18,806,83
1787348005,15.07,320,83
1787348006,14.03,270,82
1787348007,11.72,269,81
1787348008,10.16,268,81
1787348009,10.08,268,80
1787348010,9.98,267,80
1787348011,9.97,259,80
1787348012,14.82,380,83
1787348013,30.54,380,84
1787348014,38.32,374,86
1787348015,44.67,371,86
1787348016,40.32,369,87
1787348017,40.38,368,87
1787348018,39.09,368,86
1787348019,35.99,368,86
1787348020,35.96,368,86
1787348021,35.91,368,86
1787348022,36.00,368,86
1787348023,36.11,368,87
1787348024,36.33,368,87
1787348025,36.54,368,87
1787348026,36.78,368,87
1787348027,37.09,368,87
1787348028,37.23,368,87
1787348029,37.43,368,87
1787348030,37.63,368,87
1787348031,37.85,368,87
1787348032,38.15,368,88
1787348033,38.36,368,88
1787348034,38.43,368,88
1787348035,38.56,368,88
1787348036,38.67,368,88
1787348037,38.69,368,88
1787348038,38.78,368,88
1787348039,38.85,368,88
1787348040,38.94,368,88
1787348041,38.90,368,88
1787348042,38.90,368,88
1787348043,38.86,368,88
1787348044,38.87,368,89
1787348045,38.80,368,89
1787348046,38.61,368,89
1787348047,38.49,368,89
1787348048,38.40,368,89
1787348049,38.15,368,89
1787348050,37.88,368,89
1787348051,37.65,368,89
1787348052,37.40,368,89
1787348053,37.39,368,89
1787348054,37.38,368,89
1787348055,37.37,368,89
1787348056,37.43,368,89
1787348057,37.41,368,89
1787348058,37.45,368,89
1787348059,37.53,368,89
1787348060,37.56,368,89
1787348061,37.54,368,89
1787348062,33.51,368,88
1787348063,33.97,368,89
1787348064,36.93,368,89
1787348065,37.04,368,89
1787348066,36.95,368,89
1787348067,36.90,368,89
1787348068,36.91,368,89
1787348069,36.05,368,88
1787348070,31.32,368,88
1787348071,36.12,368,89
1787348072,33.91,374,87
1787348073,15.76,370,86
1787348074,15.12,371,85
1787348076,14.04,371,84
1787348076,12.34,371,83
1787348077,10.35,370,83
1787348079,10.26,370,82
1787348080,10.12,369,82
1787348081,10.24,271,82
1787348082,14.24,285,83
1787348083,14.89,292,83
1787348084,16.83,740,84
1787348085,22.08,732,84
1787348086,22.19,728,84
1787348087,22.10,727,84
1787348088,22.23,727,84
1787348089,22.11,727,84
1787348090,21.98,727,84
1787348091,21.89,727,84
1787348092,21.94,727,84
1787348093,21.84,727,84
1787348094,21.75,727,84
1787348095,21.78,727,84
1787348096,21.61,727,84
1787348097,21.36,727,84
1787348098,21.45,727,84
1787348099,21.57,727,84
1787348100,21.57,727,84
1787348101,21.54,727,84
1787348102,21.74,727,84
1787348103,21.57,727,84
1787348104,21.48,727,84
1787348105,21.90,727,84
1787348106,22.01,727,84
1787348107,21.90,727,84
1787348108,21.93,727,84
1787348109,21.85,727,84
1787348110,21.84,727,84
1787348111,21.60,727,84
1787348112,21.50,727,84
1787348113,21.80,727,84
1787348114,21.98,727,84
1787348115,22.12,727,84
1787348116,21.80,727,84
1787348117,21.39,727,84
1787348118,21.33,727,84
1787348119,21.14,727,84
1787348120,21.20,727,84
1787348121,21.14,727,84
1787348122,20.84,727,84
1787348123,20.58,727,84
1787348124,21.13,727,84
1787348125,21.06,727,84
1787348126,20.48,727,84
1787348127,21.15,727,84
1787348128,21.05,727,84
1787348129,21.29,727,84
1787348130,21.27,727,84
1787348131,21.09,727,84
1787348132,21.61,727,84
1787348133,21.70,727,84
1787348134,21.65,727,84
1787348135,21.04,727,84
1787348136,21.22,727,84
1787348137,21.43,727,84
1787348138,20.69,727,84
1787348139,20.55,727,84
1787348140,20.90,727,84
1787348141,20.95,727,84
1787348142,20.93,727,84
1787348143,20.53,727,84
1787348144,18.14,287,83
1787348145,15.00,287,83
1787348146,14.02,274,82
1787348147,10.66,273,81
1787348148,10.12,272,81
1787348149,9.93,272,80
1787348150,9.83,271,80
1787348151,9.81,263,80
1787348152,10.96,386,80
1787348153,10.79,399,80
1787348154,10.59,393,80
1787348155,10.75,407,80
1787348156,11.80,377,79
1787348157,10.67,377,79
1787348158,10.96,591,79
1787348159,16.06,2400,81
1787348160,16.91,3767,81
1787348161,16.31,3811,81
1787348162,26.98,3819,83
1787348163,29.05,3834,84
1787348164,35.37,3834,86
1787348165,41.68,3834,87
1787348166,34.35,3834,86
1787348167,38.04,3834,87
1787348168,37.02,3840,87
1787348169,33.76,3840,86
1787348170,36.21,3834,87
1787348171,31.73,3840,86
1787348172,31.76,3840,86
1787348173,31.53,3834,86
1787348174,31.38,3834,86
1787348175,31.66,3840,86
1787348176,31.89,3840,86
1787348177,32.01,3834,87
1787348178,31.98,3834,87
1787348179,31.62,3834,87
1787348180,31.34,3834,87
1787348181,32.93,3834,87
1787348182,34.26,3834,87
1787348183,34.26,3834,87
1787348184,32.15,3834,87
1787348185,32.27,3834,87
1787348186,31.61,3834,87
1787348187,31.44,3834,87
1787348188,31.87,3834,87
1787348189,32.90,3834,87
1787348190,33.09,3834,87
1787348191,32.12,3834,87
1787348192,31.32,3834,87
1787348193,31.20,3828,87
1787348194,31.52,3828,87
1787348195,32.07,3828,87
1787348196,33.42,3828,87
1787348197,34.00,3828,88
1787348198,33.99,3834,88
1787348199,32.57,3834,87
1787348200,32.88,3834,88
1787348201,33.39,3834,88
1787348202,31.74,3834,87
1787348203,30.27,3834,87
1787348204,30.03,3834,87
1787348205,29.12,3834,87
1787348206,28.95,3834,87
1787348207,28.54,3834,87
1787348208,28.36,3834,87
1787348209,28.24,3834,87
1787348210,28.25,3834,87
1787348211,28.37,3834,87
1787348212,28.52,3834,87
1787348213,28.60,3834,87
1787348214,28.69,3834,87
1787348215,28.47,3834,87
1787348216,27.20,3834,87
1787348217,26.90,3834,87
1787348218,26.58,3834,87
1787348219,26.43,3834,87
1787348220,26.14,3834,86
1787348221,26.01,3834,87
1787348222,18.15,3867,85
1787348223,16.83,3788,85
1787348224,15.52,1819,84
1787348225,14.96,424,83
1787348226,10.90,423,82
1787348227,10.20,423,82
1787348228,10.12,422,82
1787348229,9.94,414,81
1787348230,10.26,456,81
1787348231,14.38,1015,83
1787348232,14.94,1634,83
1787348233,14.81,2097,82
1787348234,17.92,2379,83
1787348235,26.16,2411,83
1787348236,15.51,2795,83
1787348237,14.59,3059,82
1787348238,11.81,3367,81
1787348239,10.69,3623,81
1787348240,10.49,3859,80
1787348241,10.54,3859,80
1787348242,10.90,3854,80
1787348243,23.10,3841,84
1787348244,40.05,3825,87
1787348245,37.63,3825,85
1787348246,35.37,3825,86
1787348247,35.88,3825,86
1787348248,36.29,3825,86
1787348249,35.51,3825,86
1787348250,35.13,3825,86
1787348251,36.14,3825,86
1787348252,35.73,3825,86
1787348253,36.22,3825,86
1787348254,35.35,3825,86
1787348255,36.65,3825,86
1787348256,35.83,3825,86
1787348257,36.08,3825,86
1787348258,35.70,3825,86
1787348259,36.09,3825,86
1787348260,36.34,3825,87
1787348261,37.22,3825,87
1787348262,35.97,3825,87
1787348263,36.95,3825,87
1787348264,36.72,3825,87
1787348266,36.68,3825,87
1787348267,36.97,3825,86
1787348268,36.57,3825,87
1787348269,36.29,3825,87
1787348270,36.79,3825,87
1787348271,37.43,3825,87
1787348272,36.01,3825,87
1787348273,36.95,3825,87
1787348274,36.72,3825,87
1787348275,36.33,3825,87
1787348276,36.09,3825,87
1787348277,36.41,3825,87
1787348278,35.98,3825,87
1787348279,36.52,3825,87
1787348280,35.79,3825,87
1787348281,35.74,3825,87
1787348282,36.53,3825,87
1787348283,36.48,3825,87
1787348284,36.84,3825,87
1787348285,35.85,3825,87
1787348286,36.44,3825,87
1787348287,36.17,3825,87
1787348288,36.22,3825,87
1787348289,35.44,3825,87
1787348290,36.10,3825,87
1787348291,35.79,3825,87
1787348292,36.26,3825,87
1787348293,35.46,3825,87
1787348294,29.99,312,85
1787348295,15.18,312,84
1787348296,14.65,306,83
1787348297,13.72,305,83
1787348298,11.02,304,82
1787348299,10.20,303,81
1787348300,10.00,303,81
1787348301,9.88,294,80
1787348302,10.34,397,80
1787348303,9.75,398,80
1787348304,11.40,671,81
1787348305,23.17,661,83
1787348306,23.83,660,83
1787348307,23.98,656,83
1787348308,24.06,654,83
1787348309,24.00,654,83
1787348310,23.72,654,84
1787348311,23.72,654,84
1787348312,23.23,654,84
1787348313,23.21,654,84
1787348314,22.78,654,84
1787348315,23.06,654,84
1787348316,22.82,654,84
1787348317,22.97,654,84
1787348318,25.14,654,84
1787348319,22.87,654,84
1787348320,22.83,654,84
1787348321,23.10,654,84
1787348322,23.67,654,84
1787348323,22.63,654,84
1787348324,22.86,654,84
1787348325,23.30,654,84
1787348326,23.79,654,84
1787348327,23.89,654,84
1787348328,23.06,654,84
1787348329,23.17,654,84
1787348330,23.25,654,84
1787348331,23.12,654,84
1787348332,22.48,654,84
1787348333,22.96,654,84
1787348334,23.51,654,84
1787348335,23.84,654,85
1787348336,23.24,654,84
1787348337,22.82,654,84
1787348338,22.98,654,84
1787348339,22.88,654,84
1787348340,22.78,654,84
1787348341,22.83,654,84
1787348342,22.56,654,84
1787348343,22.56,654,84
1787348344,23.23,654,84
1787348345,22.74,654,84
1787348346,22.64,654,84
1787348347,22.98,654,84
1787348348,22.86,654,84
1787348349,22.84,654,84
1787348350,22.89,654,85
1787348351,22.87,654,85
1787348352,23.05,654,85
1787348353,23.15,654,85
1787348354,23.03,654,85
1787348355,22.71,654,85
1787348356,22.41,654,84
1787348357,22.17,654,84
1787348358,21.88,654,84
1787348359,21.72,654,84
1787348360,21.33,654,84
1787348361,21.77,660,84
1787348362,21.23,660,84
1787348363,22.01,660,85
1787348364,22.02,670,84
1787348365,19.34,665,84
1787348366,14.93,373,83
1787348367,13.24,373,82
1787348368,10.10,373,81
1787348369,10.04,372,81
1787348370,9.87,372,81
1787348371,9.81,371,80
1787348372,9.79,371,80
1787348373,14.61,826,82
1787348374,28.98,831,84
1787348375,34.98,815,85
1787348376,43.60,809,87
1787348377,41.08,803,86
1787348378,37.33,799,86
1787348379,37.36,794,86
1787348380,37.22,784,86
1787348381,37.31,773,86
1787348382,37.21,759,86
1787348383,37.33,743,86
1787348384,37.29,733,87
1787348385,37.19,726,86
1787348386,37.22,712,86
1787348387,37.36,704,87
1787348388,37.38,704,87
1787348389,37.36,704,87
1787348390,37.42,704,87
1787348391,37.41,704,87
1787348392,37.41,704,87
1787348393,37.36,704,87
1787348394,37.33,704,87
1787348395,37.42,704,87
1787348396,37.46,704,87
1787348397,37.32,704,87
1787348398,37.34,704,87
1787348399,37.37,704,87
1787348400,37.26,704,87
1787348401,37.32,704,87
1787348402,37.23,704,87
1787348403,37.39,704,87
1787348404,37.17,704,87
1787348405,37.26,704,87
1787348406,37.23,704,87
1787348407,37.23,704,87
1787348408,37.20,704,87
1787348409,37.20,704,87
1787348410,37.25,704,87
1787348411,37.14,704,87
1787348412,37.15,704,87
1787348413,37.21,704,87
1787348414,37.23,704,87
1787348415,37.20,704,87
1787348416,36.53,704,86
1787348417,34.06,704,86
1787348418,33.92,704,86
1787348419,33.93,704,86
1787348420,33.85,704,86
1787348421,33.93,704,86
1787348422,33.91,704,86
1787348423,33.81,704,86
1787348424,33.91,704,86
1787348425,33.93,704,86
1787348426,36.51,704,87
1787348427,36.92,704,87
1787348428,36.87,704,87
1787348429,36.89,704,87
1787348430,36.88,704,87
1787348431,36.79,704,87
1787348432,36.94,704,87
1787348433,36.97,362,87
1787348434,26.84,335,84
1787348435,15.11,326,83
1787348436,14.32,326,83
1787348437,13.78,326,82
1787348438,12.61,324,81
1787348439,10.09,324,80
1787348440,9.96,323,80
1787348441,9.86,335,80
1787348442,12.32,756,81
1787348443,15.80,915,82
1787348444,26.00,913,83
1787348445,28.03,910,83
1787348446,27.47,909,84
1787348447,26.97,904,84
1787348448,28.30,904,84
1787348449,27.66,904,84
1787348450,27.52,904,84
1787348451,27.29,904,84
1787348452,27.18,904,84
1787348453,26.77,904,84
1787348454,26.29,904,84
1787348456,25.88,904,84
1787348456,20.69,904,84
1787348457,25.78,904,84
1787348458,25.86,904,84
1787348460,25.73,904,85
1787348460,26.26,904,85
1787348462,26.20,904,85
1787348462,26.04,904,85
1787348464,26.36,904,85
1787348465,27.64,904,85
1787348466,27.21,904,85
1787348467,27.21,904,85
1787348468,26.77,904,85
1787348469,26.76,904,85
1787348470,27.15,904,85
1787348471,21.70,904,85
1787348472,28.15,904,85
1787348473,27.99,904,85
1787348474,27.06,904,85
1787348475,26.79,904,85
1787348476,26.72,904,85
1787348477,26.81,904,85
1787348478,27.04,904,86
1787348479,27.26,904,85
1787348480,26.78,904,85
1787348481,26.40,904,85
1787348482,27.24,904,86
1787348483,28.00,904,86
1787348484,27.90,904,86
1787348485,27.53,904,86
1787348486,27.32,904,86
1787348487,26.80,904,86
1787348488,26.23,904,86
1787348489,26.09,904,86
1787348490,26.08,904,86
1787348491,26.07,904,86
1787348492,26.08,904,85
1787348493,26.25,904,86
1787348494,26.43,904,86
1787348495,26.77,904,86
1787348496,27.06,904,86
1787348497,26.88,904,86
1787348498,26.10,904,86
1787348499,25.41,904,85
1787348500,25.17,904,85
1787348501,24.94,904,85
1787348502,24.78,904,85
1787348503,24.66,904,85
1787348504,20.06,338,84
1787348505,14.19,322,83
1787348506,13.31,322,83
1787348507,10.28,321,82
1787348508,10.17,321,81
1787348509,10.00,320,81
1787348510,10.01,320,81
1787348511,10.00,311,81
1787348512,10.98,439,81
1787348513,15.44,440,82
1787348514,14.84,432,81
1787348515,11.75,934,81
1787348516,27.05,1622,84
1787348517,34.55,1618,85
1787348518,34.70,1615,85
1787348519,31.26,1615,86
1787348520,34.97,1615,86
1787348521,35.35,1615,86
1787348522,35.66,1615,86
1787348523,35.23,1615,86
1787348524,34.13,1615,86
1787348525,33.75,1615,87
1787348526,33.36,1615,87
1787348527,32.73,1615,87
1787348528,32.13,1615,86
1787348529,31.58,1615,87
1787348530,31.33,1615,87
1787348531,31.04,1615,86
1787348532,31.25,1615,87
1787348533,30.90,1615,87
1787348534,31.56,1615,87
1787348535,31.52,1615,87
1787348536,31.16,1615,87
1787348537,31.72,1615,87
1787348538,32.33,1615,87
1787348539,31.64,1615,87
1787348540,31.48,1615,87
1787348541,31.00,1615,87
1787348542,30.79,1615,87
1787348543,31.55,1615,87
1787348544,32.87,1615,87
1787348545,32.83,1615,88
1787348546,32.06,1622,87
1787348547,30.69,1622,87
1787348548,30.45,1622,87
1787348549,30.64,1622,87
1787348550,30.93,1622,87
1787348551,31.74,1622,87
1787348552,32.42,1622,88
1787348553,32.00,1621,87
1787348554,31.87,1621,88
1787348555,32.46,1621,88
1787348556,32.82,1621,88
1787348557,31.16,1621,88
1787348558,29.68,1621,87
1787348559,29.32,1621,87
1787348560,28.86,1621,87
1787348561,28.77,1621,87
1787348562,28.38,1621,87
1787348563,28.41,1621,87
1787348564,28.52,1621,87
1787348565,28.46,1621,87
1787348566,28.52,1621,87
1787348567,28.75,1621,87
1787348568,28.62,1621,87
1787348569,28.47,1615,87
1787348570,28.14,1615,87
1787348571,27.37,1615,87
1787348572,27.21,1615,87
1787348573,26.89,1615,87
1787348574,26.57,1615,87
1787348575,26.41,1615,87
1787348576,24.36,1698,86
1787348577,19.39,1695,85
1787348578,14.94,375,84
1787348579,10.91,375,83
1787348580,10.33,375,83
1787348581,10.28,375,82
1787348582,10.22,374,82
1787348583,10.05,373,82
1787348584,10.27,429,82
1787348585,19.32,455,85
1787348586,30.74,387,85
1787348587,30.25,387,85
1787348588,30.29,384,85
1787348589,29.80,379,86
1787348590,30.56,377,86
1787348591,30.04,377,86
1787348592,29.18,377,86
1787348593,29.97,377,86
1787348594,30.12,377,86
1787348595,30.38,377,86
1787348596,30.44,377,86
1787348597,30.70,377,86
1787348598,30.52,377,86
1787348599,30.72,377,86
1787348600,30.67,377,86
1787348601,29.50,377,86
1787348602,30.78,377,86
1787348603,31.01,377,86
1787348604,31.36,377,86
1787348605,31.36,377,86
1787348606,31.51,377,86
1787348607,31.34,377,86
1787348608,31.81,377,87
1787348609,31.99,377,87
1787348610,31.04,377,86
1787348611,31.91,377,87
1787348612,31.76,377,87
1787348613,31.38,377,87
1787348614,31.46,377,87
1787348615,31.83,377,87
1787348616,31.78,377,87
1787348617,32.57,377,87
1787348618,32.16,377,87
1787348619,33.84,377,87
1787348620,32.66,377,87
1787348621,32.21,377,87
1787348622,32.02,377,87
1787348623,31.83,377,87
1787348624,31.31,377,87
1787348625,31.33,377,87
1787348626,31.96,377,87
1787348627,31.50,377,87
1787348628,31.26,377,87
1787348629,30.87,377,87
1787348630,31.43,377,87
1787348631,31.49,377,87
1787348632,31.40,377,87
1787348633,31.15,377,87
1787348634,31.47,377,87
1787348635,31.57,377,87
1787348636,31.33,377,87
1787348637,31.23,377,87
1787348638,31.12,377,87
1787348639,30.92,377,87
1787348640,30.41,377,87
1787348641,31.25,377,87
1787348642,30.64,377,87
1787348643,30.52,377,87
1787348644,30.64,377,87
1787348645,30.73,386,87
1787348646,21.86,385,85
1787348647,15.29,385,84
1787348648,14.36,385,84
1787348649,11.11,385,82
1787348650,10.51,384,82
1787348651,10.10,383,82
1787348652,9.95,383,81
1787348653,10.00,382,81
1787348654,11.52,399,81
1787348655,16.47,442,83
1787348656,26.53,440,84
1787348657,27.10,438,84
1787348658,27.02,436,85
1787348659,27.21,431,85
1787348660,27.30,430,85
1787348661,27.87,424,85
1787348662,27.02,424,85
1787348663,27.01,424,85
1787348664,26.57,424,85
1787348665,26.28,424,85
1787348666,26.10,424,85
1787348667,25.76,424,85
1787348668,25.38,424,85
1787348669,25.44,424,85
1787348670,24.84,424,85
1787348671,24.80,424,85
1787348672,24.88,424,85
1787348673,25.23,424,85
1787348674,25.34,424,85
1787348675,25.27,424,85
1787348676,25.40,424,85
1787348677,25.23,424,85
1787348678,24.74,424,85
1787348679,24.81,424,85
1787348680,24.51,424,85
1787348681,24.54,424,85
1787348682,25.32,424,85
1787348683,26.02,424,86
1787348684,26.28,424,86
1787348685,25.85,424,86
1787348686,25.15,424,86
1787348687,24.99,424,86
1787348688,25.09,424,86
1787348689,25.18,424,86
1787348690,25.33,424,86
1787348691,25.17,424,86
1787348692,24.09,424,85
1787348693,24.66,424,86
1787348694,25.97,424,86
1787348695,26.42,424,86
1787348696,24.02,424,85
1787348697,21.95,424,85
1787348698,21.85,424,85
1787348699,21.65,424,85
1787348700,21.48,424,85
1787348701,21.10,424,85
1787348702,21.17,424,85
1787348703,21.10,424,85
1787348704,21.21,424,85
1787348705,21.20,424,85
1787348706,21.40,424,85
1787348707,21.55,424,85
1787348708,21.65,424,85
1787348709,21.68,424,85
1787348710,20.48,424,85
1787348711,20.50,424,85
1787348712,20.31,424,84
1787348713,20.18,424,84
1787348714,20.12,424,84
1787348715,19.91,457,84
1787348716,15.65,453,83
1787348717,12.24,371,82
1787348718,10.31,371,82
1787348719,10.06,371,81
1787348720,10.00,371,81
1787348721,9.94,370,81
1787348722,9.89,369,81
1787348723,9.88,404,80
1787348724,12.55,785,82
1787348725,14.91,1222,82
1787348726,16.65,1523,82
1787348727,14.76,1875,81
1787348728,29.39,1963,85
1787348729,43.56,1952,87
1787348730,41.39,1946,87
1787348732,38.24,1946,87
1787348733,42.80,1946,87
1787348734,40.72,1946,87
1787348735,40.80,1946,87
1787348736,41.11,1946,87
1787348737,40.99,1946,88
1787348738,41.75,1946,88
1787348739,40.79,1946,88
1787348740,41.24,1946,88
1787348741,41.31,1946,88
1787348742,41.78,1946,88
1787348743,40.23,1946,88
1787348744,42.44,1946,88
1787348745,41.93,1946,88
1787348746,41.65,1946,89
1787348747,41.50,1946,88
1787348748,42.32,1946,89
1787348749,42.21,1946,89
1787348750,42.09,1946,89
1787348751,42.46,1946,89
1787348752,42.02,1946,89
1787348753,39.21,1946,88
1787348754,37.60,1946,88
1787348755,37.60,1946,88
1787348756,37.59,1946,88
1787348757,37.62,1946,88
1787348758,37.65,1946,88
1787348759,37.60,1946,88
1787348760,39.68,1946,89
1787348761,41.00,1946,89
1787348762,40.91,1946,89
1787348763,40.82,1946,89
1787348764,40.28,1946,89
1787348765,39.72,1946,89
1787348766,40.28,1946,89
1787348767,39.94,1946,89
1787348768,40.20,1946,89
1787348769,39.24,1946,89
1787348770,38.79,1946,89
1787348771,38.72,1946,89
1787348772,38.77,1946,89
1787348773,38.76,1946,89
1787348774,38.64,1946,89
1787348775,38.67,1946,89
1787348776,38.89,1946,89
1787348777,38.72,1946,89
1787348778,38.77,1946,89
1787348779,38.76,1946,89
1787348780,38.86,1946,89
1787348781,38.81,1946,89
1787348782,38.82,1946,89
1787348783,38.76,1946,89
1787348784,38.85,1946,89
1787348785,38.89,1946,89
1787348786,32.24,268,86
1787348787,15.45,259,85
1787348788,14.77,259,85
1787348789,13.88,258,84
1787348790,12.29,257,83
1787348791,10.20,257,82
1787348792,10.24,256,82
1787348793,9.95,248,82
1787348794,10.64,458,82
1787348795,23.58,468,85
1787348796,32.83,464,86
1787348797,37.69,457,87
1787348798,36.62,457,87
1787348799,36.61,457,87
1787348800,35.10,457,87
1787348801,34.12,457,87
1787348802,34.12,457,87
1787348803,34.06,457,87
1787348804,34.01,457,87
1787348805,34.07,457,87
1787348806,34.01,457,87
1787348807,34.10,457,87
1787348808,34.15,457,87
1787348809,34.25,457,87
1787348810,34.32,457,87
1787348811,34.36,457,87
1787348812,34.24,457,87
1787348813,34.32,457,87
1787348814,34.34,457,87
1787348815,34.34,457,87
1787348816,34.34,457,87
1787348817,34.30,457,87
1787348818,34.34,457,87
1787348819,34.37,457,87
1787348820,34.43,457,87
1787348821,34.40,457,87
1787348822,34.38,457,87
1787348823,34.39,457,87
1787348824,34.38,457,87
1787348825,34.27,457,87
1787348826,34.30,457,87
1787348827,34.26,457,87
1787348828,34.15,457,87
1787348829,34.10,457,87
1787348830,34.16,457,87
1787348831,34.48,457,87
1787348832,34.44,457,87
1787348833,34.34,457,87
1787348834,34.47,457,87
1787348835,34.44,457,87
1787348836,34.24,457,87
1787348837,34.34,457,87
1787348838,34.33,457,87
1787348839,34.30,457,87
1787348840,34.25,457,87
1787348841,34.24,457,87
1787348842,34.19,457,87
1787348843,34.22,457,87
1787348844,34.22,457,87
1787348845,34.16,457,87
1787348846,34.19,457,87
1787348847,34.19,457,87
1787348848,34.21,457,87
1787348849,34.21,457,87
1787348850,34.24,457,87
1787348851,34.17,457,87
1787348852,34.20,457,87
1787348853,34.42,457,87
1787348854,34.48,284,87
1787348855,23.30,276,84
1787348856,15.21,268,84
1787348857,14.15,268,83
1787348858,13.45,268,82
1787348859,10.20,267,81
1787348860,9.99,266,81
1787348861,9.78,266,81
1787348862,9.80,266,81
1787348863,12.48,663,82
1787348864,15.80,847,82
1787348865,34.36,841,86
1787348866,47.35,829,88
1787348867,50.50,828,89
1787348868,49.69,822,89
1787348869,46.43,822,89
1787348870,46.57,822,89
1787348871,44.58,822,88
1787348872,40.76,822,88
1787348873,40.77,822,88
1787348874,40.74,822,88
1787348875,40.68,822,88
1787348876,40.56,822,88
1787348877,40.55,822,88
1787348878,40.49,822,89
1787348879,40.46,822,89
1787348880,40.39,822,89
1787348881,40.29,822,89
1787348883,40.26,822,89
1787348884,40.20,822,89
1787348885,40.10,822,89
1787348886,40.06,822,89
1787348887,39.97,822,89
1787348888,39.68,822,89
1787348889,34.89,822,88
1787348890,34.81,822,88
1787348891,34.69,822,88
1787348892,34.63,822,88
1787348893,34.75,822,88
1787348894,34.82,822,88
1787348895,37.35,822,89
1787348896,40.08,822,89
1787348897,34.33,822,88
1787348898,34.27,822,88
1787348899,38.54,822,89
1787348900,38.90,822,89
1787348901,33.66,822,88
1787348902,37.55,822,89
1787348903,39.47,822,89
1787348904,35.17,822,88
1787348905,37.33,822,89
1787348906,38.49,822,89
1787348907,38.56,822,89
1787348908,38.59,822,89
1787348909,38.46,822,89
1787348910,34.08,822,88
1787348911,37.09,822,89
1787348912,37.05,822,89
1787348913,37.07,822,89
1787348914,37.12,822,89
1787348915,37.06,822,89
1787348916,37.08,822,89
1787348917,37.15,822,89
1787348918,37.16,822,89
1787348919,37.19,822,89
1787348920,37.18,822,89
1787348921,37.19,822,89
1787348922,36.96,822,89
1787348923,33.17,822,89
1787348924,36.59,831,89
1787348925,28.16,282,86
1787348926,15.51,270,85
1787348927,14.77,270,85
1787348928,12.24,270,83
1787348929,10.41,268,83
1787348930,10.27,268,83
1787348931,10.25,267,82
1787348932,10.23,267,82
1787348933,10.56,350,82
1787348934,11.66,471,82
1787348935,22.78,471,84
1787348936,23.57,461,84
1787348937,23.33,460,85
1787348938,23.52,458,85
1787348939,23.32,456,85
1787348940,23.28,456,85
1787348941,23.11,456,85
1787348942,23.04,456,85
1787348943,22.68,456,85
1787348944,22.59,456,85
1787348945,22.47,456,85
1787348946,22.50,456,85
1787348947,22.50,456,85
1787348948,22.43,456,85
1787348949,22.60,456,85
1787348950,22.54,456,85
1787348951,22.67,456,85
1787348952,22.55,456,85
1787348953,22.36,456,85
1787348954,22.42,456,85
1787348955,22.96,456,85
1787348956,22.98,456,85
1787348957,22.65,456,85
1787348958,22.65,456,85
1787348959,22.66,456,85
1787348960,22.48,456,85
1787348961,22.03,456,85
1787348962,22.13,456,85
1787348963,22.68,456,85
1787348964,22.97,456,85
1787348965,23.13,456,85
1787348966,22.73,456,85
1787348967,22.48,456,85
1787348968,22.25,456,85
1787348969,22.31,456,85
1787348970,22.31,456,85
1787348971,22.03,456,85
1787348972,22.01,456,85
1787348973,21.96,456,85
1787348974,21.93,456,85
1787348975,22.07,456,85
1787348976,22.09,456,85
1787348977,22.10,456,85
1787348978,22.10,456,85
1787348979,22.24,456,85
1787348980,22.47,456,85
1787348981,22.63,456,85
1787348982,22.64,456,85
1787348983,22.74,456,85
1787348984,22.57,456,85
1787348985,22.15,456,85
1787348986,22.00,456,85
1787348987,22.08,456,85
1787348988,22.00,456,85
1787348989,21.89,456,85
1787348990,21.82,456,85
1787348991,21.79,456,85
1787348992,21.76,456,85
1787348993,21.77,456,85
1787348994,21.47,455,85
1787348995,15.17,296,84
1787348996,14.85,297,84
1787348997,12.34,296,82
1787348998,10.25,296,82
1787348999,10.13,295,82
1787349000,10.04,291,81
1787349001,9.98,290,81
1787349002,9.93,439,81
1787349003,10.36,467,81
1787349004,19.08,463,83
1787349005,23.21,453,84
1787349006,23.25,453,84
1787349007,23.27,450,84
1787349008,23.29,448,84
1787349009,23.17,448,84
1787349010,23.07,448,84
1787349011,22.84,448,84
1787349012,22.76,448,84
1787349013,22.38,448,84
1787349014,22.32,448,84
1787349015,22.24,448,84
1787349016,25.01,448,84
1787349017,22.29,448,84
1787349018,22.19,448,84
1787349019,22.20,448,84
1787349020,21.63,448,84
1787349021,22.43,448,84
1787349022,22.28,448,84
1787349023,22.14,448,84
1787349024,22.77,448,84
1787349025,22.81,448,84
1787349026,22.79,448,84
1787349027,22.50,448,84
1787349028,22.84,448,84
1787349029,22.52,448,85
1787349030,22.47,448,84
1787349031,22.00,448,85
1787349032,22.40,448,85
1787349033,22.55,448,85
1787349034,22.92,448,85
1787349035,22.75,448,85
1787349036,22.61,448,85
1787349037,22.49,448,85
1787349038,22.19,448,85
1787349039,22.18,448,85
1787349040,22.28,448,85
1787349041,21.94,448,85
1787349043,21.75,448,85
1787349044,21.88,448,85
1787349045,21.81,448,85
1787349046,21.89,448,85
1787349047,22.00,448,85
1787349048,21.97,448,85
1787349049,21.99,448,85
1787349050,22.19,448,85
1787349051,22.16,448,85
1787349052,22.33,448,85
1787349053,22.51,448,85
1787349054,22.38,448,85
1787349055,22.03,448,85
1787349056,21.92,448,85
1787349057,21.88,448,85
1787349058,21.81,448,85
1787349059,21.77,448,85
1787349060,21.69,448,85
1787349061,21.63,448,85
1787349062,21.62,448,85
1787349063,21.61,448,85
1787349064,20.72,453,85
1787349065,17.37,457,84
1787349066,15.02,298,84
1787349067,14.06,298,83
1787349068,10.57,297,82
1787349069,10.08,296,82
1787349070,10.03,296,81
1787349071,9.83,295,81
1787349072,9.85,287,81
1787349073,10.31,447,80
1787349074,9.84,450,80
1787349075,12.80,608,81
1787349076,23.52,597,83
1787349077,23.94,596,83
1787349078,24.32,594,84
1787349079,24.30,594,84
1787349080,23.97,593,84
1787349081,24.11,593,84
1787349082,23.67,593,84
1787349083,23.66,593,84
1787349084,23.49,593,84
1787349085,23.17,593,84
1787349086,23.16,593,84
1787349087,22.99,593,84
1787349088,22.91,593,84
1787349089,23.02,593,84
1787349090,23.24,593,84
1787349091,23.04,593,84
1787349092,22.98,593,84
1787349093,23.04,593,84
1787349094,22.86,593,84
1787349095,22.65,593,84
1787349096,23.68,593,84
1787349097,23.54,593,84
1787349098,23.08,593,84
1787349099,23.17,593,85
1787349100,23.25,593,84
1787349101,23.28,593,85
1787349102,22.92,593,84
1787349103,22.52,593,84
1787349104,23.22,593,85
1787349105,23.79,593,85
1787349106,23.81,593,85
1787349107,23.49,593,85
1787349108,23.17,593,85
1787349109,23.18,593,85
1787349110,22.99,593,85
1787349111,23.23,593,85
1787349112,22.74,593,85
1787349113,22.74,593,85
1787349114,22.66,593,85
1787349115,22.71,593,85
1787349116,22.72,593,85
1787349117,22.73,593,85
1787349118,22.78,593,85
1787349119,22.87,593,85
1787349120,22.85,593,85
1787349121,23.06,593,85
1787349122,23.32,593,85
1787349123,23.51,593,85
1787349124,23.58,593,85
1787349125,23.58,593,85
1787349126,23.05,593,85
1787349127,27.64,593,85
1787349128,22.65,593,85
1787349129,22.48,593,85
1787349130,21.83,593,85
1787349131,21.77,593,85
1787349132,21.84,593,85
1787349133,22.02,593,85
1787349134,22.01,593,85
1787349135,21.61,608,85
1787349136,18.36,607,84
1787349137,15.15,297,84
1787349138,14.00,297,83
1787349139,10.39,297,82
1787349140,10.25,296,81
1787349141,10.06,295,81
1787349142,9.94,295,81
1787349143,9.91,294,81
1787349144,12.83,432,82
1787349145,28.57,415,84
1787349146,35.09,379,86
1787349147,41.54,371,86
1787349148,37.70,366,87
1787349149,37.71,366,87
1787349150,37.69,366,87
1787349151,37.72,366,87
1787349152,36.00,366,86
1787349153,34.03,366,86
1787349154,34.07,366,86
1787349155,34.05,366,87
1787349156,34.02,366,86
1787349157,34.00,366,86
1787349158,34.21,366,87
1787349159,34.29,366,87
1787349160,34.32,366,87
1787349161,34.32,366,87
1787349162,34.37,366,87
1787349163,34.57,366,87
1787349164,34.55,366,87
1787349165,34.63,366,87
1787349166,34.73,366,87
1787349167,34.81,366,87
1787349168,34.84,366,87
1787349169,34.94,366,87
1787349170,34.98,366,87
1787349171,35.07,366,87
1787349172,35.07,366,87
1787349173,35.13,366,87
1787349174,35.11,366,87
1787349175,35.16,362,87
1787349176,35.00,362,87
1787349177,34.95,362,87
1787349178,34.96,362,87
1787349179,34.92,362,88
1787349180,34.89,362,87
1787349181,34.82,362,88
1787349182,34.80,362,88
1787349183,34.59,362,87
1787349184,34.51,362,88
1787349185,34.41,362,88
1787349186,34.57,362,87
1787349187,34.53,362,88
1787349188,34.52,362,88
1787349189,34.55,362,88
1787349190,34.55,362,88
1787349191,34.60,362,88
1787349192,34.61,362,88
1787349193,34.64,362,88
1787349194,34.62,362,88
1787349195,34.49,362,88
1787349196,34.43,362,88
1787349197,34.45,362,88
1787349198,34.44,362,88
1787349199,34.38,362,88
1787349200,34.47,362,88
1787349201,34.49,362,88
1787349202,34.52,362,88
1787349203,34.56,362,88
1787349204,34.52,274,88
1787349205,18.79,274,85
1787349206,15.23,261,84
1787349207,14.37,261,84
1787349208,12.79,260,83
1787349209,10.42,259,82
1787349210,10.44,258,82
1787349211,10.19,258,82
1787349212,10.14,368,81
1787349213,12.11,376,82
1787349214,11.68,376,81
1787349215,10.43,376,81
1787349216,11.09,386,81
1787349217,11.51,366,81
1787349218,11.00,366,81
1787349219,10.99,818,81
1787349220,14.85,2763,82
1787349221,16.37,3754,83
1787349222,17.54,3741,82
1787349223,16.78,3772,84
1787349224,35.14,3778,86
1787349225,37.64,3766,87
1787349226,37.18,3766,87
1787349227,33.89,3772,87
1787349228,33.38,3772,87
1787349229,32.63,3778,87
1787349230,34.15,3772,87
1787349231,33.51,3772,87
1787349232,31.89,3772,87
1787349233,30.16,3772,87
1787349234,29.02,3772,87
1787349235,29.41,3772,87
1787349236,30.62,3772,87
1787349237,31.05,3772,87
1787349238,31.22,3772,87
1787349239,30.81,3772,87
1787349240,28.77,3772,87
1787349241,29.98,3772,88
1787349242,33.31,3772,88
1787349243,33.43,3772,88
1787349244,33.91,3772,88
1787349245,30.89,3772,88
1787349246,31.17,3772,88
1787349247,31.52,3772,87
1787349248,31.22,3772,88
1787349249,31.66,3772,88
1787349250,32.81,3772,88
1787349251,33.00,3772,88
1787349252,32.72,3772,88
1787349253,31.50,3772,88
1787349254,31.28,3772,88
1787349255,31.41,3772,88
1787349256,31.80,3772,88
1787349257,32.91,3772,88
1787349258,33.98,3772,89
1787349259,33.97,3772,89
1787349260,33.01,3772,88
1787349261,32.93,3772,89
1787349262,33.58,3772,88
1787349263,32.03,3772,88
1787349264,30.07,3772,88
1787349265,29.76,3772,88
1787349266,29.14,3772,88
1787349267,28.99,3772,88
1787349268,28.62,3772,88
1787349269,28.48,3772,88
1787349270,28.45,3772,88
1787349271,28.40,3772,88
1787349272,28.47,3772,88
1787349273,28.58,3772,88
1787349274,28.67,3772,88
1787349275,28.77,3772,88
1787349276,28.51,3772,88
1787349277,27.36,3772,88
1787349278,27.07,3772,88
1787349279,26.79,3772,87
1787349280,26.59,3772,87
1787349281,26.38,3772,87
1787349282,26.30,3762,87
1787349283,19.07,3820,86
1787349284,16.49,3818,85
1787349285,15.34,412,85
1787349286,13.12,411,84
1787349287,10.42,411,83
1787349288,10.08,410,83
1787349289,10.07,410,83
1787349290,10.05,401,82
1787349291,10.40,341,82
1787349292,14.62,343,83
1787349293,14.93,334,83
1787349294,14.95,334,83
1787349295,10.39,1109,82
1787349296,17.68,1095,84
1787349297,23.14,1094,84
1787349298,23.03,1090,84
1787349299,22.98,1090,85
1787349300,23.09,1090,85
1787349301,23.01,1090,85
1787349302,23.04,1090,85
1787349304,22.80,1090,85
1787349305,22.69,1090,85
1787349306,22.67,1090,85
1787349307,22.55,1090,85
1787349308,22.34,1090,85
1787349309,22.16,1090,85
1787349310,22.29,1090,85
1787349311,22.29,1090,85
1787349312,22.42,1090,85
1787349313,22.50,1090,85
1787349314,22.58,1090,85
1787349315,22.51,1090,85
1787349316,22.60,1090,85
1787349317,22.99,1090,85
1787349318,23.22,1090,85
1787349319,23.07,1090,85
1787349320,22.94,1090,85
1787349321,22.87,1090,85
1787349322,22.69,1090,85
1787349323,22.47,1090,85
1787349324,22.16,1090,85
1787349325,22.81,1090,85
1787349326,23.09,1090,85
1787349327,23.34,1090,85
1787349328,23.32,1090,85
1787349329,22.94,1090,85
1787349330,22.65,1090,85
1787349331,22.60,1090,85
1787349332,22.55,1090,85
1787349333,22.52,1090,85
1787349334,22.46,1090,85
1787349335,22.49,1090,85
1787349336,22.46,1090,85
1787349337,22.49,1090,85
1787349338,22.47,1090,85
1787349339,22.53,1090,85
1787349340,22.44,1090,85
1787349341,22.43,1090,85
1787349342,22.51,1090,85
1787349343,22.59,1090,85
1787349344,22.75,1090,85
1787349345,22.90,1090,85
1787349346,22.88,1090,85
1787349347,22.57,1090,85
1787349348,22.56,1090,85
1787349349,22.48,1090,85
1787349350,22.43,1090,85
1787349351,22.33,1090,85
1787349352,22.33,1090,85
1787349353,22.36,1090,85
1787349354,22.42,1090,85
1787349355,22.32,1090,85
1787349356,22.18,353,85
1787349357,17.26,334,84
1787349358,14.94,322,83
1787349359,13.89,322,83
1787349360,11.20,322,82
1787349361,10.00,321,81
1787349362,9.92,320,81
1787349363,9.83,319,81
1787349364,9.81,327,81
1787349365,13.18,400,82
1787349366,31.39,395,85
1787349367,33.09,394,85
1787349368,33.68,389,86
1787349369,33.51,386,86
1787349370,33.04,381,86
1787349371,33.05,381,86
1787349372,33.49,381,86
1787349373,33.33,381,86
1787349374,33.00,381,86
1787349375,33.74,381,87
1787349376,33.80,381,87
1787349377,33.59,381,86
1787349378,33.17,381,87
1787349379,34.29,381,87
1787349380,34.28,381,87
1787349381,34.58,381,87
1787349382,35.26,381,87
1787349383,35.74,381,87
1787349384,36.51,381,88
1787349385,36.50,381,88
1787349386,36.21,381,88
1787349387,37.60,381,88
1787349388,37.68,381,88
1787349389,38.09,381,88
1787349390,38.15,381,88
1787349391,38.60,381,89
1787349392,38.36,381,88
1787349393,38.59,381,89
1787349394,38.55,381,89
1787349395,39.76,381,89
1787349396,39.74,381,89
1787349397,39.93,381,89
1787349398,39.36,381,89
1787349399,37.65,381,89
1787349400,36.04,381,88
1787349401,36.10,381,88
1787349402,36.07,381,88
1787349403,36.08,381,88
1787349404,35.98,381,88
1787349405,36.08,381,88
1787349406,36.16,381,89
1787349407,36.18,381,89
1787349408,36.30,381,89
1787349409,36.31,381,89
1787349410,36.32,381,89
1787349411,36.31,381,89
1787349412,36.25,381,89
1787349413,36.09,381,89
1787349414,36.10,381,89
1787349415,36.15,381,89
1787349416,35.97,381,89
1787349417,34.95,381,89
1787349418,34.47,381,88
1787349419,33.94,381,88
1787349420,33.28,381,88
1787349421,33.50,381,88
1787349422,33.39,381,88
1787349423,33.45,381,88
1787349424,33.21,381,88
1787349425,32.81,395,87
1787349426,16.92,395,85
1787349427,15.21,395,85
1787349428,13.27,395,84
1787349429,10.39,394,83
1787349430,10.33,393,83
1787349431,10.20,393,82
1787349432,10.11,393,82
1787349433,10.05,359,82
1787349434,17.76,487,85
1787349435,30.74,483,86
1787349436,37.28,481,87
1787349437,35.86,478,87
1787349438,35.81,474,87
1787349439,34.56,474,87
1787349440,34.27,474,87
1787349441,34.24,474,87
1787349442,34.27,474,87
1787349443,34.36,474,87
1787349444,34.35,474,87
1787349445,34.26,474,87
1787349446,34.20,474,87
1787349447,34.20,474,87
1787349448,34.21,474,87
1787349449,34.24,474,87
1787349450,34.34,474,87
1787349451,34.43,474,87
1787349452,34.31,474,87
1787349453,34.34,474,87
1787349454,34.42,474,87
1787349455,34.43,474,87
1787349456,34.45,474,87
1787349458,34.48,474,87
1787349458,34.44,474,87
1787349460,34.46,474,87
1787349461,34.49,474,87
1787349462,34.50,474,87
1787349463,34.56,474,87
1787349464,34.47,474,87
1787349465,34.46,474,87
1787349466,34.40,474,87
1787349467,34.42,474,87
1787349468,34.36,474,87
1787349469,34.32,474,87
1787349470,34.35,474,87
1787349471,34.30,474,87
1787349472,34.33,474,87
1787349473,34.25,474,87
1787349474,34.26,474,87
1787349475,34.27,474,87
1787349476,34.24,474,87
1787349477,34.23,474,87
1787349478,34.25,474,87
1787349479,34.30,474,87
1787349480,34.34,474,87
1787349481,34.38,474,87
1787349482,34.34,474,87
1787349483,34.35,474,87
1787349484,34.33,474,87
1787349485,34.33,474,87
1787349486,34.35,474,87
1787349487,34.39,474,87
1787349488,34.48,474,87
1787349489,34.41,474,87
1787349490,34.34,474,87
1787349491,34.31,474,87
1787349492,34.31,474,87
1787349493,34.20,474,87
1787349494,34.20,474,87
1787349495,27.87,307,85
1787349496,15.27,292,84
1787349497,14.67,292,83
1787349498,13.77,291,83
1787349499,11.65,291,82
1787349500,10.16,290,81
1787349501,10.15,290,81
1787349502,10.00,281,81
1787349503,10.34,361,81
1787349504,10.12,361,80
1787349505,9.62,345,80
1787349506,11.74,474,80
1787349507,20.80,1037,82
1787349508,24.20,1035,83
1787349509,24.10,1029,83
1787349510,24.10,1029,84
1787349511,24.57,1027,84
1787349512,24.23,1027,84
1787349513,24.56,1027,84
1787349514,24.00,1027,84
1787349515,23.94,1027,84
1787349516,23.55,1027,84
1787349517,23.33,1027,84
1787349518,23.55,1027,84
1787349519,23.23,1027,84
1787349520,23.15,1027,84
1787349521,23.17,1027,84
1787349522,23.37,1027,84
1787349523,23.47,1027,84
1787349524,23.50,1027,84
1787349525,23.36,1027,84
1787349526,23.27,1027,85
1787349527,23.20,1027,85
1787349528,23.99,1027,85
1787349529,23.84,1027,85
1787349530,23.38,1027,85
1787349531,23.40,1027,85
1787349532,23.53,1027,85
1787349533,23.56,1027,85
1787349534,22.70,1027,85
1787349535,22.99,1027,85
1787349536,23.73,1027,85
1787349537,23.97,1027,85
1787349538,23.99,1027,85
1787349539,23.57,1027,85
1787349540,23.28,1027,85
1787349541,23.22,1027,85
1787349542,23.14,1027,85
1787349543,23.07,1027,85
1787349544,22.95,1027,85
1787349545,22.92,1027,85
1787349546,22.83,1027,85
1787349547,23.02,1027,85
1787349548,22.83,1027,85
1787349549,22.92,1027,85
1787349550,22.91,1027,85
1787349551,22.89,1027,85
1787349552,23.18,1027,85
1787349553,23.19,1027,85
1787349554,23.31,1027,85
1787349555,23.49,1027,85
1787349556,23.54,1027,85
1787349557,23.25,1027,85
1787349558,22.76,1027,85
1787349559,22.72,1027,85
1787349560,22.67,1027,85
1787349561,22.60,1027,85
1787349562,22.54,1027,85
1787349563,22.33,1027,85
1787349564,22.07,1027,85
1787349565,22.54,1027,85
1787349566,22.11,1027,85
1787349567,21.05,1053,85
1787349568,15.22,1054,84
1787349569,15.11,406,84
1787349570,12.92,404,82
1787349571,10.28,404,82
1787349572,10.17,403,82
1787349573,9.99,403,81
1787349574,9.99,402,81
1787349575,10.02,422,81
1787349576,14.09,782,83
1787349577,28.57,780,85
1787349578,39.19,770,88
1787349579,40.96,764,87
1787349580,38.07,759,87
1787349581,37.92,751,87
1787349582,37.91,745,87
1787349583,37.80,737,87
1787349584,37.67,721,87
1787349585,35.93,713,86
1787349586,33.97,699,86
1787349587,33.96,690,86
1787349588,33.93,683,86
1787349589,33.99,669,86
1787349590,33.91,661,86
1787349591,34.09,661,86
1787349592,34.09,661,86
1787349593,34.04,661,86
1787349594,34.08,661,86
1787349595,34.00,661,86
1787349596,34.03,661,86
1787349597,34.00,661,86
1787349598,34.08,661,86
1787349599,34.10,661,86
1787349600,34.15,661,86
1787349601,34.15,661,86
1787349602,34.23,661,86
1787349603,34.19,661,86
1787349604,34.21,661,86
1787349605,34.19,661,86
1787349606,34.17,661,86
1787349607,34.15,661,86
1787349608,34.12,661,86
1787349609,33.96,661,86
1787349610,33.93,661,86
1787349611,33.98,661,86
1787349612,34.03,661,86
1787349613,34.01,661,86
1787349614,33.91,661,86
1787349615,33.86,661,86
1787349616,33.87,661,86
1787349617,34.13,661,86
1787349618,37.32,661,87
1787349619,37.49,661,87
1787349620,37.54,661,87
1787349621,37.46,661,87
1787349622,37.57,661,87
1787349623,36.30,661,86
1787349624,34.13,661,86
1787349625,34.08,661,86
1787349626,34.02,661,86
1787349627,33.91,661,86
1787349628,33.90,661,86
1787349629,33.98,661,86
1787349630,34.01,661,86
1787349631,33.94,661,86
1787349632,33.95,661,86
1787349633,33.97,661,86
1787349634,33.98,661,86
1787349635,33.98,661,86
1787349636,33.68,291,85
1787349637,17.09,291,83
1787349638,14.93,282,83
1787349639,13.85,281,82
1787349640,11.62,280,81
1787349641,10.06,280,81
1787349642,9.96,279,80
1787349643,9.89,271,80
1787349644,10.14,417,80
1787349645,14.84,445,81
1787349646,15.03,438,81
1787349647,13.75,661,81
1787349648,14.33,1926,81
1787349649,29.89,1923,84
1787349650,31.91,1913,84
1787349651,29.36,1913,84
1787349652,31.95,1913,85
1787349653,32.46,1913,85
1787349654,31.41,1913,85
1787349655,30.42,1913,85
1787349656,31.83,1913,85
1787349657,31.78,1913,85
1787349658,31.44,1913,85
1787349659,30.83,1913,85
1787349660,30.48,1913,85
1787349661,30.66,1913,85
1787349662,30.83,1913,86
1787349664,31.08,1913,86
1787349665,31.28,1913,86
1787349666,31.42,1913,86
1787349667,31.96,1913,86
1787349668,31.65,1913,86
1787349669,32.05,1913,86
1787349670,32.81,1913,86
1787349671,33.42,1913,87
1787349672,33.55,1913,87
1787349673,32.90,1913,87
1787349674,32.63,1913,87
1787349675,33.24,1913,87
1787349676,34.06,1913,87
1787349677,34.45,1913,87
1787349678,34.58,1913,87
1787349679,33.16,1913,87
1787349680,32.25,1913,87
1787349681,32.06,1913,87
1787349682,32.30,1913,87
1787349683,33.00,1913,87
1787349684,33.25,1913,87
1787349685,32.12,1913,87
1787349686,31.63,1913,87
1787349687,33.94,1913,88
1787349688,34.59,1913,88
1787349689,34.14,1913,88
1787349690,33.61,1913,88
1787349691,33.32,1913,88
1787349692,32.34,1913,88
1787349693,31.52,1913,88
1787349694,31.58,1913,88
1787349695,31.48,1913,88
1787349696,31.59,1913,88
1787349697,31.61,1913,88
1787349698,31.80,1913,88
1787349699,32.27,1913,88
1787349700,32.72,1913,88
1787349701,32.93,1913,88
1787349702,32.60,1913,88
1787349703,31.30,1913,88
1787349704,30.39,1913,88
1787349705,30.04,1913,88
1787349706,29.80,1913,88
1787349707,29.65,1913,88
1787349708,29.50,1913,88
1787349709,21.11,292,86
1787349710,15.31,279,85
1787349711,14.36,279,85
1787349712,11.21,278,83
1787349713,10.31,277,83
1787349714,10.32,277,83
1787349715,10.05,276,82
1787349716,10.06,268,82
1787349717,11.01,407,82
1787349718,11.72,394,82
1787349719,11.18,394,82
1787349720,11.51,847,82
1787349721,21.89,1612,85
1787349722,34.93,1610,86
1787349723,35.04,1609,87
1787349724,33.77,1609,86
1787349725,34.84,1609,87
1787349726,35.29,1609,87
1787349727,35.72,1609,87
1787349728,34.74,1609,87
1787349729,33.73,1609,87
1787349730,33.69,1609,87
1787349731,33.01,1609,87
1787349732,32.59,1609,87
1787349733,32.10,1609,87
1787349734,31.59,1609,87
1787349735,31.30,1609,87
1787349736,30.97,1609,87
1787349737,31.04,1609,87
1787349738,30.86,1609,87
1787349739,31.53,1609,88
1787349740,31.66,1609,88
1787349741,31.19,1609,88
1787349742,31.37,1609,88
1787349743,31.67,1609,88
1787349744,31.63,1609,88
1787349745,31.71,1609,88
1787349746,31.00,1609,88
1787349747,30.86,1609,88
1787349748,31.60,1609,88
1787349749,32.79,1609,88
1787349750,32.96,1609,88
1787349751,31.97,1609,88
1787349752,30.74,1609,88
1787349753,30.56,1609,88
1787349754,30.79,1609,88
1787349755,31.09,1609,88
1787349756,31.83,1609,88
1787349757,32.32,1609,88
1787349758,32.06,1609,88
1787349759,31.94,1609,88
1787349760,32.55,1609,88
1787349761,32.87,1609,88
1787349762,31.27,1609,88
1787349763,29.76,1609,88
1787349764,29.39,1609,88
1787349765,29.02,1609,88
1787349766,28.90,1609,88
1787349767,28.34,1609,88
1787349768,28.40,1609,88
1787349769,28.47,1609,88
1787349770,28.48,1609,88
1787349771,28.61,1609,88
1787349772,28.71,1609,88
1787349773,28.67,1609,88
1787349774,28.59,1609,88
1787349775,28.23,1609,88
1787349776,27.51,1609,88
1787349777,27.38,1609,88
1787349778,26.95,1609,88
1787349779,26.81,1609,88
1787349780,26.63,1609,87
1787349781,26.35,1698,87
1787349782,18.90,1697,86
1787349783,15.33,434,85
1787349784,13.74,434,84
1787349785,10.45,434,83
1787349786,10.39,433,83
1787349787,10.28,432,83
1787349788,10.25,432,82
1787349789,10.10,451,82
1787349790,12.57,353,83
1787349791,27.53,358,86
1787349792,34.60,359,87
1787349793,34.97,355,87
1787349794,34.63,352,87
1787349795,34.43,351,87
1787349796,34.36,347,87
1787349797,34.38,347,87
1787349798,34.44,347,87
1787349799,34.23,347,87
1787349800,34.12,347,87
1787349801,33.93,347,87
1787349802,34.15,347,87
1787349803,34.16,347,87
1787349804,34.27,347,87
1787349805,34.40,347,87
1787349806,34.50,347,87
1787349807,34.52,347,87
1787349808,34.62,347,87
1787349809,34.50,347,87
1787349810,34.64,347,88
1787349811,34.54,347,87
1787349812,34.51,347,87
1787349813,34.53,347,88
1787349814,34.48,347,87
1787349815,34.54,347,87
1787349816,34.47,347,88
1787349817,34.41,347,88
1787349818,34.45,347,88
1787349819,34.52,347,88
1787349820,34.53,347,88
1787349821,34.57,347,88
1787349822,34.47,347,88
1787349823,34.47,347,88
1787349824,34.40,347,88
1787349825,34.40,347,87
1787349826,34.13,347,88
1787349827,34.24,347,87
1787349828,34.03,347,88
1787349829,34.00,347,87
1787349830,33.90,347,87
1787349831,33.93,347,87
1787349832,33.84,347,87
1787349833,33.91,347,87
1787349834,33.98,347,87
1787349835,34.21,347,87
1787349836,34.14,347,87
1787349837,34.04,347,88
1787349838,34.18,347,87
1787349839,34.29,347,87
1787349840,34.20,347,87
1787349841,34.17,347,88
1787349842,34.21,347,88
1787349843,34.02,347,87
1787349844,34.02,347,88
1787349845,34.01,347,87
1787349846,33.96,347,87
1787349847,33.74,347,87
1787349848,33.53,347,87
1787349849,33.65,347,87
1787349850,33.69,362,87
1787349851,18.27,362,85
1787349852,15.14,301,84
1787349853,14.03,300,84
1787349854,12.04,300,83
1787349855,10.33,299,82
1787349856,10.17,299,82
1787349857,10.02,298,81
1787349858,9.97,272,81
1787349859,14.02,434,82
1787349860,15.59,447,83
1787349861,13.81,449,82
1787349862,12.47,437,81
1787349863,11.07,436,81
1787349864,11.31,432,81
1787349865,11.53,1047,81
1787349866,16.55,3132,82
1787349867,17.20,3800,83
1787349868,16.30,3795,82
1787349869,17.05,3795,83
1787349870,17.77,3795,83
1787349871,17.92,3795,83
1787349872,18.45,3795,83
1787349873,18.84,3795,83
1787349874,19.25,3795,83
1787349875,19.71,3795,83
1787349876,20.40,3795,83
1787349877,20.73,3795,83
1787349878,21.28,3795,83
1787349879,21.77,3808,83
1787349880,23.04,3808,84
1787349881,25.45,3808,84
1787349882,30.82,3808,85
1787349883,38.32,3808,86
1787349885,36.01,3809,86
1787349886,36.28,3809,87
1787349887,36.47,3809,87
1787349888,36.13,3809,87
1787349889,35.78,3809,87
1787349890,35.74,3809,87
1787349891,32.04,3809,86
1787349892,31.38,3809,86
1787349893,31.24,3809,86
1787349894,31.25,3807,86
1787349895,24.97,3807,84
1787349896,17.74,3807,83
1787349897,17.81,3807,83
1787349898,17.84,3807,83
1787349899,17.83,3807,83
1787349900,17.71,3807,82
1787349901,17.80,3807,82
1787349902,17.90,3807,82
1787349903,17.83,3807,82
1787349904,17.62,3807,82
1787349905,17.60,3807,82
1787349906,17.60,3807,82
1787349907,17.98,3807,82
1787349908,18.01,3807,82
1787349909,19.51,3807,82
1787349910,24.59,3807,83
1787349911,39.36,3807,86
1787349912,42.89,3807,87
1787349913,37.87,3807,86
1787349914,37.61,3771,86
1787349915,35.87,3746,85
1787349916,31.93,3746,85
1787349917,33.01,3746,85
1787349918,32.76,3746,85
1787349919,33.40,3746,85
1787349920,33.10,3746,86
1787349921,31.65,3746,85
1787349922,30.28,3746,85
1787349923,29.99,3746,85
1787349924,29.74,3746,85
1787349925,29.53,3746,85
1787349926,29.45,3746,85
1787349927,16.08,3740,85
1787349928,15.11,248,83
1787349929,14.23,248,83
1787349930,12.21,236,81
1787349931,10.18,236,81
1787349932,10.11,235,81
1787349933,10.02,234,80
1787349934,9.98,234,80
1787349935,9.95,236,80
1787349936,13.48,443,81
1787349937,15.60,477,81
1787349938,15.47,1194,81
1787349939,26.40,1192,84
1787349940,30.34,1190,84
1787349941,30.52,1188,84
1787349942,31.12,1186,85
1787349943,30.79,1184,85
1787349944,31.36,1184,84
1787349945,29.67,1184,85
1787349946,31.71,1184,85
1787349947,30.65,1184,85
1787349948,30.78,1184,85
1787349949,30.73,1184,85
1787349950,30.33,1184,85
1787349951,30.33,1184,85
1787349952,30.40,1184,85
1787349953,30.47,1184,85
1787349954,30.48,1184,85
1787349955,30.91,1184,86
1787349956,31.53,1184,86
1787349957,31.26,1184,86
1787349958,31.91,1184,86
1787349959,32.81,1184,86
1787349960,33.05,1184,86
1787349961,33.22,1184,87
1787349962,32.82,1184,86
1787349963,32.47,1184,87
1787349964,33.17,1184,87
1787349965,33.73,1184,87
1787349966,34.27,1184,87
1787349967,34.20,1184,87
1787349968,33.08,1184,87
1787349969,31.97,1184,87
1787349970,32.03,1184,87
1787349971,32.24,1184,87
1787349972,32.61,1184,87
1787349973,32.78,1184,87
1787349974,31.74,1184,87
1787349975,31.57,1184,87
1787349976,33.57,1184,87
1787349977,34.50,1184,88
1787349978,34.12,1184,88
1787349979,33.48,1184,88
1787349980,33.17,1184,88
1787349981,32.42,1184,87
1787349982,31.78,1184,87
1787349983,31.77,1184,87
1787349984,31.70,1184,87
1787349985,31.76,1184,87
1787349986,31.78,1184,88
1787349987,31.98,1184,88
1787349988,32.39,1184,88
1787349989,32.94,1184,88
1787349990,33.28,1184,88
1787349991,32.99,1184,88
1787349992,31.67,1184,88
1787349993,30.93,1184,88
1787349994,30.41,1184,87
1787349995,30.22,1184,88
1787349996,30.05,1184,87
1787349997,29.82,1184,87
1787349998,20.45,288,85
1787349999,15.85,267,85
1787350000,14.70,267,84
1787350001,12.38,266,83
1787350002,10.69,266,83
1787350003,10.55,265,82
1787350004,10.47,265,82
1787350005,10.38,256,82
1787350006,11.31,375,82
1787350007,11.08,382,82
1787350008,18.82,431,84
1787350009,27.26,431,85
1787350010,26.69,430,85
1787350011,27.26,426,85
1787350012,27.45,426,85
1787350013,27.77,426,85
1787350014,27.92,426,85
1787350015,27.74,426,85
1787350016,27.18,426,86
1787350017,26.99,426,85
1787350018,26.76,426,86
1787350019,26.49,426,85
1787350020,26.18,426,86
1787350021,26.01,426,86
1787350022,25.97,426,85
1787350023,25.59,426,85
1787350024,25.32,426,85
1787350025,25.19,426,86
1787350026,25.54,426,86
1787350027,25.74,426,86
1787350028,25.73,426,86
1787350029,25.78,426,86
1787350030,25.15,426,86
1787350031,25.36,426,86
1787350032,25.09,426,86
1787350033,24.84,426,86
1787350034,24.87,426,86
1787350035,25.83,426,86
1787350036,26.42,426,86
1787350037,26.64,427,86
1787350038,25.91,427,86
1787350039,25.48,427,86
1787350040,25.38,427,86
1787350041,25.37,427,86
1787350042,25.47,427,86
1787350043,25.58,427,86
1787350044,25.03,427,86
1787350045,24.14,427,86
1787350046,25.19,427,86
1787350047,26.23,427,86
1787350048,26.42,427,86
1787350049,23.24,427,85
1787350050,22.29,427,85
1787350051,22.35,427,85
1787350052,21.87,427,85
1787350053,21.48,427,85
1787350054,21.21,427,85
1787350055,21.20,427,85
1787350056,21.24,427,85
1787350057,21.22,427,85
1787350058,21.27,427,85
1787350059,21.46,427,85
1787350060,21.63,427,85
1787350061,22.05,427,85
1787350062,21.27,427,85
1787350063,20.60,427,85
1787350064,20.54,427,85
1787350065,20.45,427,85
1787350066,20.33,427,85
1787350067,20.37,426,84
1787350068,20.17,452,85
1787350069,15.38,448,83
1787350070,11.93,327,82
1787350071,10.30,327,82
1787350072,10.04,327,81
1787350073,9.99,326,81
1787350074,9.95,326,81
1787350075,9.88,325,81
1787350076,9.87,472,81
1787350077,12.17,414,81
1787350078,23.63,397,84
1787350079,30.51,388,85
1787350080,30.44,387,85
1787350081,30.72,377,85
1787350083,30.45,377,85
1787350084,29.82,377,85
1787350085,30.59,377,85
1787350086,30.88,377,85
1787350087,30.46,377,85
1787350088,30.42,377,85
1787350089,30.09,377,85
1787350090,31.04,377,85
1787350091,30.61,377,85
1787350092,31.05,377,86
1787350093,30.68,377,85
1787350094,31.86,377,86
1787350095,30.92,377,86
1787350096,30.88,377,86
1787350097,31.05,377,86
1787350098,32.05,377,86
1787350099,31.75,377,86
1787350100,32.22,377,86
1787350101,31.93,377,86
1787350102,31.78,377,86
1787350103,31.82,377,86
1787350104,31.64,377,86
1787350105,32.49,377,86
1787350106,32.22,377,86
1787350107,32.00,377,86
1787350108,32.13,377,86
1787350109,32.11,377,87
1787350110,32.20,377,86
1787350111,31.89,377,86
1787350112,32.06,377,87
1787350113,32.51,377,87
1787350114,31.94,377,86
1787350115,32.06,377,86
1787350116,31.53,377,87
1787350117,32.12,377,86
1787350118,32.10,377,87
1787350119,32.00,377,87
1787350120,31.81,377,87
1787350121,32.44,377,87
1787350122,32.02,377,86
1787350123,31.59,377,87
1787350124,31.48,377,87
1787350125,31.75,377,87
1787350126,31.88,377,87
1787350127,32.02,377,87
1787350128,31.15,377,86
1787350129,31.11,377,86
1787350130,31.44,377,87
1787350131,31.46,377,87
1787350132,31.39,377,87
1787350133,31.40,377,87
1787350134,31.23,377,87
1787350135,31.09,377,87
1787350136,31.04,377,87
1787350137,31.20,377,87
1787350138,31.01,377,87
1787350139,30.19,385,86
1787350140,16.50,377,84
1787350141,15.07,377,84
1787350142,13.05,377,82
1787350143,10.20,376,82
1787350144,10.07,376,81
1787350145,10.03,375,81
1787350146,9.98,367,81
1787350147,11.51,409,82
1787350148,15.07,976,82
1787350149,15.05,1632,82
1787350150,17.62,2090,83
1787350151,23.89,2322,84
1787350152,20.63,2526,82
1787350153,14.97,2782,82
1787350154,14.23,3038,82
1787350155,12.19,3330,80
1787350156,10.66,3614,80
1787350157,10.53,3870,80
1787350158,10.75,3878,80
1787350159,13.48,3878,82
1787350160,34.79,3866,85
1787350161,39.59,3858,85
1787350162,36.40,3858,85
1787350163,36.06,3858,86
1787350164,36.06,3858,86
1787350165,35.93,3858,86
1787350166,35.73,3858,86
1787350167,36.44,3858,86
1787350168,36.69,3858,86
1787350169,36.19,3858,86
1787350170,35.56,3858,86
1787350171,36.45,3858,86
1787350172,36.21,3858,86
1787350173,36.42,3858,86
1787350174,36.02,3858,86
1787350175,36.69,3858,86
1787350176,36.39,3858,86
1787350177,36.27,3858,86
1787350178,36.64,3858,87
1787350179,36.21,3858,87
1787350180,36.80,3858,87
1787350181,36.85,3858,87
1787350182,37.36,3858,87
1787350183,36.33,3858,87
1787350184,37.48,3858,87
1787350185,36.89,3858,87
1787350186,36.96,3858,87
1787350187,36.67,3858,87
1787350188,36.79,3858,87
1787350189,36.67,3858,87
1787350190,36.92,3858,87
1787350191,36.38,3858,87
1787350192,35.32,3858,87
1787350193,36.65,3858,87
1787350194,35.53,3858,87
1787350195,35.71,3858,87
1787350196,35.15,3858,87
1787350197,35.17,3858,87
1787350198,35.22,3858,87
1787350199,35.43,3858,87
1787350200,34.00,3858,87
1787350201,34.41,3858,87
1787350202,34.72,3858,87
1787350203,33.91,3858,87
1787350204,34.09,3858,87
1787350205,33.62,3857,87
1787350206,33.59,3857,87
1787350207,36.24,3857,87
1787350208,36.24,3857,88
1787350209,36.03,3857,88
1787350210,33.25,256,85
1787350211,15.51,256,84
1787350212,14.94,249,84
1787350213,14.02,248,83
1787350214,11.36,247,82
1787350215,10.21,247,82
1787350216,10.03,246,81
1787350217,9.98,238,81
1787350218,10.31,288,81
1787350219,14.88,291,82
1787350220,16.18,735,83
1787350221,21.64,735,83
1787350222,22.08,732,83
1787350223,22.05,729,84
1787350224,22.16,727,84
1787350225,22.18,727,84
1787350226,22.16,727,84
1787350227,21.98,727,84
1787350228,21.87,727,84
1787350229,21.75,727,84
1787350230,21.56,727,84
1787350231,21.58,727,84
1787350232,21.58,727,84
1787350233,21.41,727,84
1787350234,21.19,727,84
1787350235,21.40,727,84
1787350236,21.45,727,84
1787350237,21.32,727,84
1787350238,21.36,727,84
1787350239,21.08,727,84
1787350240,21.33,727,84
1787350241,21.68,727,84
1787350242,21.76,727,84
1787350243,21.76,727,84
1787350244,21.49,727,84
1787350245,21.86,727,84
1787350246,21.83,727,84
1787350247,21.79,727,84
1787350248,21.52,727,84
1787350249,21.79,727,84
1787350250,21.92,727,84
1787350251,22.03,727,84
1787350252,21.84,727,84
1787350253,21.57,727,84
1787350254,21.42,727,84
1787350255,20.46,727,84
1787350256,20.85,727,84
1787350257,21.02,727,84
1787350258,20.90,728,84
1787350259,20.71,728,84
1787350260,20.66,728,84
1787350261,20.83,728,84
1787350262,21.08,728,84
1787350263,21.15,728,84
1787350264,21.02,728,84
1787350265,21.27,728,84
1787350266,21.46,728,84
1787350267,21.52,728,84
1787350268,21.92,728,84
1787350269,22.04,728,84
1787350270,22.05,728,84
1787350271,21.63,728,84
1787350272,21.53,728,84
1787350273,21.08,728,84
1787350274,21.38,728,84
1787350275,21.15,728,84
1787350276,21.41,728,84
1787350277,21.41,728,84
1787350278,21.07,728,84
1787350279,21.03,728,84
1787350280,20.93,282,84
1787350281,17.27,273,83
1787350282,15.10,261,83
1787350283,13.59,261,82
1787350284,10.26,261,81
1787350285,10.29,260,80
1787350286,10.10,259,80
1787350288,10.02,259,80
1787350289,9.90,320,80
1787350290,14.57,361,82
1787350291,29.53,360,84
1787350292,36.76,356,86
1787350293,44.65,355,86
1787350294,40.81,348,86
1787350295,40.70,348,87
1787350296,40.67,348,87
1787350297,40.60,348,87
1787350298,38.56,348,86
1787350299,34.64,354,86
1787350300,36.88,348,87
1787350301,40.09,348,87
1787350302,35.12,354,86
1787350303,34.25,348,86
1787350304,34.45,348,86
1787350305,34.63,348,86
1787350306,34.78,348,86
1787350307,34.90,348,86
1787350308,35.05,348,86
1787350309,35.15,348,86
1787350310,35.24,348,86
1787350311,35.28,348,87
1787350312,35.34,348,86
1787350313,35.41,348,87
1787350314,35.45,348,87
1787350315,35.50,348,87
1787350316,35.48,348,87
1787350317,35.58,348,87
1787350318,35.64,348,87
1787350319,35.73,348,87
1787350320,35.79,348,87
1787350321,35.74,348,87
1787350322,35.67,348,87
1787350323,35.67,348,87
1787350324,35.58,348,87
1787350325,35.40,348,87
1787350326,35.35,348,87
1787350327,35.30,348,87
1787350328,35.05,348,87
1787350329,34.88,348,87
1787350330,34.68,348,87
1787350331,34.66,348,87
1787350332,34.56,348,87
1787350333,34.66,354,87
1787350334,34.73,348,87
1787350335,34.78,348,87
1787350336,34.88,354,87
1787350337,35.03,348,87
1787350338,35.03,348,87
1787350339,35.03,348,87
1787350340,35.08,348,87
1787350341,34.97,348,87
1787350342,34.86,348,87
1787350343,34.82,354,87
1787350344,34.74,348,87
1787350345,34.68,348,87
1787350346,34.58,348,87
1787350347,34.54,348,87
1787350348,34.60,348,87
1787350349,34.58,348,87
1787350350,31.80,362,85
1787350351,15.56,362,84
1787350352,15.09,362,83
1787350353,14.12,361,83
1787350354,12.57,360,82
1787350355,10.35,360,81
1787350356,10.19,359,81
1787350357,10.18,351,81
1787350358,10.30,359,81
1787350359,11.36,379,80
1787350360,13.98,752,82
1787350361,34.06,758,85
1787350362,33.12,755,85
1787350363,33.12,751,85
1787350364,33.20,751,85
1787350365,33.58,750,86
1787350366,33.40,743,86
1787350367,33.78,743,86
1787350368,32.66,743,86
1787350369,32.51,743,86
1787350370,32.05,743,86
1787350371,32.03,743,86
1787350372,32.04,743,86
1787350373,31.43,743,86
1787350374,30.67,743,86
1787350375,30.79,743,86
1787350376,31.39,743,87
1787350377,30.84,743,87
1787350378,17.27,743,87
1787350379,31.46,743,87
1787350380,30.83,743,87
1787350381,30.66,743,87
1787350382,30.78,743,87
1787350383,30.07,743,87
1787350384,30.16,743,87
1787350385,30.12,743,87
1787350386,29.67,743,87
1787350387,29.85,743,87
1787350388,30.66,743,87
1787350389,31.75,743,87
1787350390,32.43,743,87
1787350391,31.20,743,87
1787350392,30.02,743,87
1787350393,29.54,743,87
1787350394,29.44,743,87
1787350395,29.48,743,87
1787350396,30.00,743,87
1787350397,30.17,743,87
1787350398,29.63,743,87
1787350399,30.34,743,87
1787350400,31.50,743,88
1787350401,32.03,743,88
1787350402,29.79,743,87
1787350403,28.81,743,87
1787350404,28.51,743,87
1787350405,28.34,743,87
1787350406,27.86,743,87
1787350407,27.49,743,87
1787350408,27.37,743,87
1787350409,27.30,743,87
1787350410,27.21,743,87
1787350411,27.28,743,87
1787350412,27.41,743,87
1787350413,27.93,743,87
1787350414,28.41,743,87
1787350415,28.03,743,87
1787350416,27.59,743,87
1787350417,27.45,743,87
1787350418,27.02,743,87
1787350419,26.72,743,87
1787350420,26.74,743,87
1787350421,26.14,794,87
1787350422,14.38,416,85
1787350423,14.21,416,85
1787350424,10.50,415,83
1787350425,10.30,415,82
1787350426,10.30,414,82
1787350427,10.16,414,82
1787350428,10.21,405,82
1787350429,11.96,417,83
1787350430,16.17,659,83
1787350431,30.47,862,87
1787350432,44.73,869,88
1787350433,47.69,854,88
1787350434,43.87,854,89
1787350435,44.01,854,89
1787350436,43.99,854,89
1787350437,40.91,854,88
1787350438,38.10,854,88
1787350439,38.13,854,88
1787350440,38.09,854,88
1787350441,38.10,854,88
1787350442,38.01,854,88
1787350443,37.98,854,88
1787350444,37.89,854,88
1787350445,37.84,854,88
1787350446,37.69,854,88
1787350447,37.65,854,88
1787350448,37.60,854,88
1787350449,37.56,854,88
1787350450,37.55,854,89
1787350451,37.56,854,88
1787350452,37.51,854,89
1787350453,37.48,854,88
1787350454,37.43,854,89
1787350455,37.46,854,89
1787350456,37.49,854,89
1787350457,37.46,854,89
1787350458,37.38,854,89
1787350459,37.43,854,89
1787350460,37.48,854,89
1787350461,37.39,854,89
1787350462,37.44,854,89
1787350463,37.47,854,89
1787350464,37.51,854,89
1787350465,37.55,854,89
1787350466,37.43,854,89
1787350467,37.46,854,89
1787350468,37.48,854,89
1787350469,37.54,854,89
1787350470,37.50,854,89
1787350471,37.57,854,89
1787350472,37.59,854,89
1787350473,37.66,854,89
1787350474,37.62,854,89
1787350475,37.49,854,89
1787350476,37.56,854,89
1787350477,35.69,854,88
1787350478,32.21,854,88
1787350479,37.32,854,89
1787350480,38.19,854,89
1787350482,33.72,854,88
1787350483,32.88,854,88
1787350484,33.09,854,88
1787350485,38.34,854,89
1787350486,36.80,854,88
1787350487,33.67,854,88
1787350488,33.71,854,88
1787350489,33.82,854,88
1787350490,33.81,854,88
1787350491,28.85,295,86
1787350492,15.67,293,85
1787350493,15.10,284,85
1787350494,11.26,283,83
1787350495,10.54,282,83
1787350496,10.32,282,83
1787350497,10.34,282,82
1787350498,10.25,273,82
1787350499,12.54,413,82
1787350500,32.19,419,86
1787350501,29.74,394,85
1787350502,29.65,384,86
1787350503,29.67,384,86
1787350504,29.25,377,86
1787350505,29.25,373,86
1787350506,28.77,373,86
1787350507,29.42,373,86
1787350508,28.71,373,86
1787350509,29.12,373,86
1787350510,28.70,373,86
1787350511,28.99,373,86
1787350512,28.99,373,86
1787350513,28.70,373,86
1787350514,29.13,373,86
1787350515,28.98,373,86
1787350516,29.52,373,86
1787350517,28.78,373,86
1787350518,29.57,373,86
1787350519,29.81,373,86
1787350520,29.46,373,86
1787350521,29.57,373,86
1787350522,29.69,373,86
1787350523,29.15,373,86
1787350524,30.12,373,86
1787350525,30.22,373,86
1787350526,30.24,373,86
1787350527,30.21,373,86
1787350528,30.15,373,86
1787350529,30.25,373,86
1787350530,29.84,373,86
1787350531,30.88,373,86
1787350532,30.37,373,86
1787350533,30.31,373,87
1787350534,30.16,373,86
1787350535,29.93,373,86
1787350536,29.98,373,86
1787350537,30.61,373,86
1787350538,30.71,373,86
1787350539,29.72,373,86
1787350540,29.87,373,87
1787350541,29.71,373,86
1787350542,30.11,373,86
1787350543,29.47,373,86
1787350544,29.58,373,86
1787350545,29.88,373,86
1787350546,29.63,373,86
1787350547,29.81,373,86
1787350548,29.86,373,86
1787350549,29.97,373,86
1787350550,29.92,373,86
1787350551,30.51,373,86
1787350552,29.52,373,86
1787350553,29.74,373,86
1787350554,30.03,373,86
1787350555,29.82,373,86
1787350556,29.95,373,86
1787350557,29.40,373,86
1787350558,29.97,373,86
1787350559,29.88,373,86
1787350560,29.36,377,86
1787350561,20.21,375,84
1787350562,15.41,373,84
1787350563,13.57,373,82
1787350564,10.48,372,82
1787350565,10.27,372,81
1787350566,10.10,371,81
1787350567,10.10,371,81
1787350568,10.03,363,81
1787350569,12.49,518,82
1787350570,15.23,1201,82
1787350571,21.93,1344,82
1787350572,15.23,1852,82
1787350573,21.02,1971,85
1787350574,42.01,1951,87
1787350575,42.86,1951,87
1787350576,39.14,1951,87
1787350577,41.38,1951,87
1787350578,40.90,1951,87
1787350579,41.19,1951,87
1787350580,40.93,1951,88
1787350581,41.37,1951,88
1787350582,40.03,1951,88
1787350583,40.58,1951,88
1787350584,40.65,1951,88
1787350585,40.28,1951,88
1787350586,40.45,1951,88
1787350587,40.70,1951,88
1787350588,41.48,1951,88
1787350589,41.65,1951,88
1787350590,41.20,1951,89
1787350591,41.29,1951,88
1787350592,42.15,1951,89
1787350593,42.00,1951,89
1787350594,40.90,1951,89
1787350595,41.50,1951,89
1787350596,39.25,1951,88
1787350597,39.17,1951,89
1787350598,39.19,1951,89
1787350599,39.24,1951,89
1787350600,39.28,1951,89
1787350601,39.27,1951,89
1787350602,39.28,1951,89
1787350603,39.23,1951,89
1787350604,39.23,1951,89
1787350605,39.24,1951,89
1787350606,39.19,1951,89
1787350607,39.28,1951,89
1787350608,39.39,1951,89
1787350609,39.29,1951,89
1787350610,39.43,1951,89
1787350611,39.27,1951,89
1787350612,39.40,1951,89
1787350613,39.28,1951,89
1787350614,39.39,1951,89
1787350615,35.04,1951,88
1787350616,37.12,1951,88
1787350617,37.11,1951,89
1787350618,37.10,1951,89
1787350619,37.17,1951,89
1787350620,37.24,1951,89
1787350621,37.18,1951,88
1787350622,37.17,1951,88
1787350623,37.15,1951,88
1787350624,37.10,1951,88
1787350625,37.11,1951,89
1787350626,37.13,1951,89
1787350627,37.14,1951,89
1787350628,37.17,1951,89
1787350629,37.11,1951,89
1787350630,37.28,274,89
1787350631,20.00,269,85
1787350632,15.57,260,85
1787350633,14.33,260,84
1787350634,12.51,259,83
1787350635,10.57,258,83
1787350636,10.43,258,82
1787350637,10.19,258,82
1787350638,10.99,382,82
1787350639,15.41,678,83
1787350640,24.32,764,85
1787350641,27.94,758,85
1787350642,28.13,757,85
1787350643,28.29,757,85
1787350644,28.32,752,86
1787350645,27.91,752,86
1787350646,27.45,752,85
1787350647,28.02,752,86
1787350648,27.85,752,86
1787350649,25.93,752,86
1787350650,27.11,752,86
1787350651,26.65,752,86
1787350652,26.30,752,86
1787350653,26.25,752,86
1787350654,27.15,752,86
1787350655,26.55,752,86
1787350656,26.43,752,86
1787350657,26.68,752,86
1787350658,26.82,752,86
1787350659,26.62,752,86
1787350660,27.17,752,86
1787350661,27.67,752,86
1787350662,27.74,752,86
1787350663,27.72,752,86
1787350664,27.27,752,86
1787350665,27.23,752,86
1787350666,27.81,752,86
1787350667,28.37,752,87
1787350668,28.70,752,87
1787350669,28.26,752,87
1787350670,27.09,752,86
1787350671,26.83,752,86
1787350672,27.01,752,86
1787350673,27.09,752,86
1787350674,27.44,752,87
1787350675,27.53,752,87
1787350676,26.71,752,86
1787350677,26.39,752,87
1787350678,27.67,752,87
1787350679,28.33,752,87
1787350680,28.28,752,87
1787350681,27.69,752,87
1787350682,27.31,752,87
1787350683,26.74,752,87
1787350684,26.37,752,87
1787350685,26.25,752,87
1787350686,26.33,752,87
1787350687,26.22,752,87
1787350688,26.18,752,87
1787350689,26.38,752,86
1787350690,26.79,752,87
1787350691,27.05,752,87
1787350692,27.32,752,87
1787350693,27.10,752,87
1787350694,26.04,752,87
1787350695,25.50,752,87
1787350696,25.24,752,86
1787350697,25.08,752,86
1787350698,24.91,752,86
1787350699,24.73,834,86
1787350700,19.37,275,85
1787350701,15.42,262,85
1787350702,12.98,262,83
1787350703,10.51,260,83
1787350704,10.37,260,82
1787350705,10.30,259,82
1787350706,10.22,259,82
1787350707,10.20,251,82
1787350708,11.71,293,83
1787350710,15.16,626,83
1787350711,21.01,653,84
1787350712,21.53,646,84
1787350713,21.60,639,84
1787350714,21.60,638,84
1787350715,21.75,636,84
1787350716,21.71,574,84
1787350717,21.61,574,84
1787350718,21.57,574,84
1787350719,21.43,574,84
1787350720,21.38,574,84
1787350721,21.29,574,84
1787350722,21.10,574,84
1787350723,20.65,574,84
1787350724,20.88,574,84
1787350725,20.95,574,84
1787350726,20.79,574,84
1787350727,20.87,574,84
1787350728,20.59,574,84
1787350729,20.36,574,84
1787350730,20.57,574,84
1787350731,20.44,574,84
1787350732,20.94,574,84
1787350733,21.15,574,84
1787350734,21.08,574,84
1787350735,21.12,574,84
1787350736,21.16,574,84
1787350737,21.10,574,84
1787350738,20.81,574,84
1787350739,20.60,574,84
1787350740,20.70,574,84
1787350741,20.88,574,84
1787350742,20.17,574,84
1787350743,19.88,574,84
1787350744,19.99,574,84
1787350745,19.85,574,84
1787350746,19.83,574,84
1787350747,19.82,574,84
1787350748,19.87,574,84
1787350749,19.83,574,84
1787350750,19.82,574,84
1787350751,19.89,574,84
1787350752,20.03,574,83
1787350753,19.88,574,84
1787350754,19.88,574,83
1787350755,19.89,574,84
1787350756,20.16,574,84
1787350757,20.15,574,84
1787350758,20.45,574,84
1787350759,20.81,574,84
1787350760,20.91,574,84
1787350761,20.02,574,83
1787350762,19.76,574,83
1787350763,19.73,574,83
1787350764,19.69,574,83
1787350765,19.60,574,83
1787350766,19.70,574,83
1787350767,19.59,574,83
1787350768,19.54,574,83
1787350769,19.51,574,83
1787350770,19.59,247,83
1787350771,15.15,226,83
1787350772,14.10,226,82
1787350773,10.84,226,81
1787350774,10.26,226,81
1787350775,10.14,225,80
1787350776,10.16,225,80
1787350777,10.03,224,80
1787350778,9.95,308,80
1787350779,16.88,367,83
1787350780,30.80,355,84
1787350781,38.87,351,87
1787350782,46.00,351,86
1787350783,37.64,349,86
1787350784,37.57,349,86
1787350785,37.51,349,86
1787350786,37.52,349,86
1787350787,37.66,349,87
1787350788,37.62,349,87
1787350789,37.63,349,87
1787350790,37.72,349,87
1787350791,37.74,349,87
1787350792,36.88,349,87
1787350793,37.03,349,87
1787350794,37.32,349,87
1787350795,37.56,349,87
1787350796,37.74,349,87
1787350797,37.90,349,88
1787350798,38.11,349,88
1787350799,38.36,349,88
1787350800,38.47,349,88
1787350801,38.63,349,88
1787350802,38.72,349,88
1787350803,38.88,349,88
1787350804,39.15,349,88
1787350805,39.21,349,88
1787350806,39.28,349,89
1787350807,39.35,349,89
1787350808,39.36,349,89
1787350809,39.26,349,89
1787350810,39.23,349,89
1787350811,39.25,349,89
1787350812,39.12,349,89
1787350813,38.99,349,89
1787350814,38.96,349,89
1787350815,38.35,349,89
1787350816,34.01,349,88
1787350817,37.68,349,89
1787350818,37.85,349,89
1787350819,37.62,349,89
1787350820,37.74,349,89
1787350821,35.68,349,88
1787350822,32.83,349,88
1787350823,36.46,349,89
1787350824,37.14,349,89
1787350825,37.24,349,89
1787350826,34.76,349,88
1787350827,32.79,349,88
1787350828,36.30,349,89
1787350829,36.83,349,89
1787350830,36.97,349,89
1787350831,31.84,349,88
1787350832,34.22,349,89
1787350833,36.34,349,89
1787350834,36.41,349,89
1787350835,36.40,349,89
1787350836,36.45,349,89
1787350837,31.46,349,88
1787350838,32.08,349,88
1787350839,28.22,360,86
1787350840,15.78,361,86
1787350841,15.18,361,85
1787350842,13.22,360,84
1787350843,10.65,359,83
1787350844,10.36,358,83
1787350845,10.31,358,82
1787350846,10.25,349,82
1787350847,11.26,311,83
1787350848,15.23,318,83
1787350849,15.16,318,83
1787350850,13.86,288,82
1787350851,10.31,288,82
1787350852,9.91,288,81
1787350853,9.97,288,81
1787350854,9.72,288,81
1787350855,10.52,945,81
1787350856,19.22,2351,84
1787350857,24.58,2351,84
1787350858,24.58,2335,84
1787350859,24.81,2335,84
1787350860,24.77,2335,84
1787350861,24.71,2335,85
1787350862,24.75,2335,85
1787350863,24.69,2335,85
1787350864,24.44,2335,85
1787350865,24.37,2335,85
1787350866,24.33,2335,85
1787350867,24.46,2335,85
1787350868,24.19,2335,85
1787350869,24.12,2335,85
1787350870,24.11,2335,85
1787350871,24.14,2335,85
1787350872,24.13,2335,85
1787350873,24.43,2335,85
1787350874,24.43,2335,85
1787350875,24.30,2335,85
1787350876,24.62,2335,85
1787350877,23.63,2335,84
1787350878,21.47,2335,85
1787350879,25.28,2335,85
1787350880,25.22,2335,85
1787350881,25.33,2335,85
1787350882,25.20,2335,85
1787350883,24.55,2335,85
1787350884,24.32,2335,85
1787350885,25.19,2335,85
1787350886,25.87,2335,85
1787350887,26.40,2335,85
1787350888,26.04,2335,85
1787350889,25.53,2335,85
1787350890,25.35,2335,85
1787350891,24.97,2335,85
1787350892,24.94,2335,85
1787350893,24.96,2335,85
1787350894,24.92,2335,85
1787350895,24.88,2335,85
1787350896,24.73,2335,85
1787350897,24.82,2335,85
1787350898,24.88,2335,85
1787350899,25.04,2335,85
1787350900,24.98,2335,85
1787350901,25.09,2335,85
1787350902,25.35,2335,86
1787350903,25.85,2335,86
1787350904,26.42,2335,86
1787350905,27.02,2335,86
1787350906,26.76,2335,86
1787350907,25.56,2335,86
1787350908,24.90,2335,86
1787350909,24.72,2335,85
1787350910,24.67,2335,86
1787350911,24.64,2335,86
1787350912,24.65,2335,86
1787350913,24.57,2335,85
1787350914,24.62,2335,85
1787350915,24.71,2335,86
1787350916,24.69,270,85
1787350917,16.40,268,84
1787350919,15.10,255,84
1787350920,14.07,255,83
1787350921,13.06,254,82
1787350922,10.36,254,82
1787350923,10.25,253,81
1787350924,10.10,253,81
1787350925,10.11,327,81
1787350926,10.55,329,81
1787350927,10.00,324,81
1787350928,10.09,324,81
1787350929,10.10,322,80
1787350930,9.89,322,80
1787350931,10.07,324,80
1787350932,11.26,324,80
1787350933,11.02,2634,81
1787350934,20.02,2746,83
1787350935,24.75,2746,83
1787350936,27.33,2746,84
1787350937,25.33,2746,84
1787350938,25.03,2746,84
1787350939,24.82,2746,84
1787350940,24.75,2746,84
1787350941,24.58,2746,84
1787350942,24.52,2746,84
1787350943,24.20,2746,84
1787350944,24.10,2746,84
1787350945,24.01,2746,84
1787350946,23.98,2746,84
1787350947,23.98,2746,84
1787350948,23.92,2746,84
1787350949,23.97,2746,84
1787350950,24.06,2746,84
1787350951,24.07,2746,84
1787350952,23.84,2746,84
1787350953,23.56,2746,84
1787350954,23.80,2746,85
1787350955,24.51,2746,85
1787350956,24.34,2746,85
1787350957,24.09,2746,85
1787350958,24.24,2746,85
1787350959,24.22,2746,85
1787350960,24.27,2746,85
1787350961,23.82,2746,85
1787350962,24.30,2746,85
1787350963,24.65,2746,85
1787350964,24.84,2746,85
1787350965,24.45,2746,85
1787350966,23.96,2746,85
1787350967,23.90,2746,85
1787350968,23.51,2746,85
1787350969,23.47,2746,85
1787350970,23.44,2746,85
1787350971,23.36,2746,85
1787350972,23.26,2746,85
1787350973,23.27,2746,85
1787350974,23.28,2746,85
1787350975,23.28,2746,85
1787350976,23.32,2746,85
1787350977,23.46,2746,85
1787350978,23.54,2746,85
1787350979,23.67,2746,85
1787350980,23.72,2746,85
1787350981,24.00,2746,85
1787350982,24.30,2746,85
1787350983,24.09,2746,85
1787350984,23.40,2746,85
1787350985,23.02,2746,85
1787350986,22.87,2746,85
1787350987,22.84,2746,85
1787350988,22.93,2746,85
1787350989,22.87,2746,85
1787350990,22.88,2746,85
1787350991,22.87,2746,85
1787350992,22.89,2746,85
1787350993,22.84,2755,85
1787350994,18.08,2761,84
1787350995,15.30,301,84
1787350996,14.08,301,83
1787350997,12.17,301,82
1787350998,10.34,300,82
1787350999,10.23,299,81
1787351000,10.15,299,81
1787351001,10.09,298,81
1787351002,12.70,418,82
1787351003,15.12,1174,82
1787351004,14.99,1746,82
1787351005,17.60,2171,83
1787351006,23.43,2340,83
1787351007,19.69,2589,82
1787351008,14.99,2860,82
1787351009,14.05,3108,81
1787351010,11.04,3364,81
1787351011,10.80,3660,80
1787351012,10.55,3840,80
1787351013,10.97,3840,80
1787351014,18.71,3845,83
1787351015,38.20,3834,85
1787351016,37.92,3826,85
1787351017,35.55,3826,85
1787351018,35.34,3826,85
1787351019,34.89,3826,85
1787351020,35.76,3826,85
1787351021,35.60,3826,86
1787351022,35.23,3826,86
1787351023,35.76,3826,86
1787351024,36.14,3826,86
1787351025,35.58,3826,86
1787351026,35.91,3826,86
1787351027,35.44,3826,86
1787351028,36.02,3826,86
1787351029,35.71,3826,86
1787351030,35.41,3826,86
1787351031,36.42,3826,86
1787351032,35.86,3826,86
1787351033,36.36,3826,86
1787351034,36.43,3826,86
1787351035,36.07,3826,86
1787351036,36.48,3826,87
1787351037,36.84,3826,87
1787351038,36.19,3826,87
1787351039,36.57,3826,87
1787351040,36.17,3826,87
1787351041,36.69,3826,87
1787351042,36.47,3826,87
1787351043,35.92,3826,87
1787351044,36.15,3826,87
1787351045,36.46,3826,87
1787351046,35.94,3826,87
1787351047,36.04,3826,87
1787351048,35.72,3826,87
1787351049,35.99,3826,87
1787351050,35.93,3826,87
1787351051,36.25,3826,87
1787351052,36.30,3826,87
1787351053,35.94,3826,87
1787351054,35.81,3826,87
1787351055,36.52,3826,87
1787351056,36.08,3826,87
1787351057,35.51,3826,87
1787351058,35.92,3826,87
1787351059,36.16,3826,87
1787351060,35.79,3826,87
1787351061,35.87,3826,87
1787351062,35.87,3826,87
1787351063,35.86,3826,87
1787351064,36.29,3826,87
1787351065,33.57,253,86
1787351066,15.32,252,84
1787351067,14.22,242,83
1787351068,13.37,242,82
1787351069,10.40,241,81
1787351070,10.25,241,81
1787351071,10.09,240,81
1787351072,9.94,232,81
1787351073,13.91,323,82
1787351074,29.32,350,84
1787351075,35.35,387,86
1787351076,42.54,378,87
1787351077,38.03,367,86
1787351078,37.92,367,87
1787351079,38.13,367,87
1787351080,38.31,367,87
1787351081,38.23,367,87
1787351082,35.41,367,86
1787351083,33.99,367,86
1787351084,34.02,367,86
1787351085,34.07,367,86
1787351086,34.12,367,86
1787351087,34.12,367,86
1787351088,34.22,367,86
1787351089,34.30,367,87
1787351090,34.30,367,87
1787351091,34.29,367,87
1787351092,34.45,367,87
1787351093,34.46,367,87
1787351094,34.51,367,87
1787351095,34.69,367,87
1787351096,34.80,367,87
1787351097,34.91,367,87
1787351098,35.06,367,87
1787351099,35.19,367,87
1787351100,35.16,367,87
1787351101,35.00,367,87
1787351102,35.04,367,87
1787351103,35.04,367,87
1787351104,35.17,367,87
1787351105,35.08,367,87
1787351106,35.04,367,87
1787351107,35.20,367,87
1787351108,35.12,367,87
1787351109,35.11,367,87
1787351110,34.90,367,87
1787351112,34.72,367,87
1787351113,34.70,367,87
1787351114,34.49,367,87
1787351115,34.42,367,87
1787351116,34.49,367,87
1787351117,34.58,367,87
1787351118,34.59,367,88
1787351119,34.61,367,87
1787351120,34.56,367,88
1787351121,34.63,367,88
1787351122,34.68,367,87
1787351123,34.62,367,88
1787351124,34.61,367,88
1787351125,34.56,367,88
1787351126,34.54,367,88
1787351127,34.47,367,88
1787351128,34.52,367,88
1787351129,34.46,367,88
1787351130,34.55,367,88
1787351131,34.57,367,88
1787351132,34.60,367,88
1787351133,34.57,367,88
1787351134,34.64,332,88
1787351135,26.14,265,85
1787351136,15.44,250,85
1787351137,14.72,250,84
1787351138,14.03,250,84
1787351139,12.16,248,83
1787351140,10.29,248,82
1787351141,10.20,247,82
1787351142,10.13,259,81
1787351143,14.07,379,83
1787351144,15.27,379,83
1787351145,11.73,379,81
1787351146,11.88,363,81
1787351147,10.84,363,81
1787351148,11.05,363,81
1787351149,14.44,1170,81
1787351150,15.92,3101,82
1787351151,16.59,3750,82
1787351152,16.79,3743,83
1787351153,19.00,3763,84
1787351154,33.44,3763,86
1787351155,40.69,3763,87
1787351156,34.77,3763,87
1787351157,32.24,3770,86
1787351158,29.44,3763,86
1787351159,33.08,3763,87
1787351160,32.79,3770,87
1787351161,28.15,3763,86
1787351162,28.62,3770,86
1787351163,28.59,3763,86
1787351164,27.99,3763,86
1787351165,28.26,3770,86
1787351166,29.32,3763,86
1787351167,28.68,3763,87
1787351168,30.91,3763,87
1787351169,28.90,3770,87
1787351170,28.32,3763,87
1787351171,28.49,3763,87
1787351172,32.07,3763,88
1787351173,32.45,3763,87
1787351174,32.19,3763,87
1787351175,32.31,3763,88
1787351176,31.62,3763,87
1787351177,31.75,3763,88
1787351178,31.97,3763,88
1787351179,32.41,3763,88
1787351180,33.12,3763,88
1787351181,33.39,3764,88
1787351182,32.49,3764,88
1787351183,31.65,3764,88
1787351184,31.70,3764,88
1787351185,31.90,3764,88
1787351186,32.82,3764,88
1787351187,35.16,3764,89
1787351188,36.43,3764,89
1787351189,35.76,3764,89
1787351190,34.47,3764,89
1787351191,33.44,3764,89
1787351192,33.37,3764,89
1787351193,31.52,3764,88
1787351194,30.17,3764,88
1787351195,29.72,3764,88
1787351196,29.40,3764,88
1787351197,29.28,3764,88
1787351198,28.85,3764,88
1787351199,28.66,3764,88
1787351200,28.59,3764,88
1787351201,28.56,3764,88
1787351202,28.72,3764,88
1787351203,28.80,3764,88
1787351204,28.92,3764,88
1787351205,28.92,3764,88
1787351206,28.42,3764,88
1787351207,27.40,3764,88
1787351208,27.33,3764,87
1787351209,27.01,3764,87
1787351210,26.88,3764,87
1787351211,26.67,3764,87
1787351212,25.12,3779,86
1787351213,16.86,3769,86
1787351214,17.10,3820,85
1787351215,15.45,2215,85
1787351216,13.77,414,84
1787351217,10.89,413,83
1787351218,10.43,412,83
1787351219,10.35,412,83
1787351220,10.31,404,82
1787351221,12.09,320,83
1787351222,15.14,336,83
1787351223,15.27,336,83
1787351224,11.32,337,82
1787351225,10.22,337,82
1787351226,10.24,337,82
1787351227,9.86,337,81
1787351228,10.10,852,81
1787351229,15.23,2404,83
1787351230,24.11,2404,84
1787351231,24.58,2388,84
1787351232,24.59,2388,84
1787351233,24.84,2388,85
1787351234,24.56,2388,85
1787351235,24.75,2388,85
1787351236,24.73,2388,85
1787351237,24.61,2388,85
1787351238,24.46,2388,85
1787351239,24.32,2388,85
1787351240,24.40,2388,85
1787351241,24.38,2388,85
1787351242,24.10,2388,85
1787351243,24.13,2388,85
1787351244,24.15,2388,85
1787351245,24.25,2388,85
1787351246,24.45,2388,85
1787351247,24.60,2388,85
1787351248,24.49,2388,85
1787351249,24.59,2388,85
1787351250,25.20,2388,85
1787351251,23.53,2388,85
1787351252,25.31,2388,85
1787351253,25.32,2388,85
1787351254,25.36,2388,85
1787351255,25.25,2388,85
1787351256,24.85,2388,85
1787351257,24.32,2388,85
1787351258,25.14,2388,85
1787351259,25.76,2388,85
1787351260,26.51,2388,86
1787351261,26.30,2388,86
1787351262,25.77,2388,86
1787351263,25.62,2388,85
1787351264,25.16,2388,85
1787351265,25.14,2388,85
1787351266,25.14,2388,85
1787351267,25.12,2388,85
1787351268,25.11,2388,85
1787351269,25.01,2388,86
1787351270,24.95,2388,85
1787351271,24.97,2388,85
1787351272,25.11,2388,86
1787351273,25.22,2388,85
1787351274,25.34,2388,86
1787351275,25.47,2388,86
1787351276,25.82,2388,86
1787351277,26.36,2388,86
1787351278,26.90,2388,86
1787351279,26.96,2388,86
1787351280,25.76,2388,86
1787351281,25.13,2388,86
1787351282,24.82,2388,86
1787351283,24.81,2388,86
1787351284,24.81,2388,86
1787351285,24.85,2388,86
1787351286,24.80,2388,86
1787351287,24.84,2388,86
1787351288,24.85,2388,86
1787351289,24.72,331,86
1787351290,18.16,331,84
1787351291,15.42,315,84
1787351292,14.30,315,84
1787351293,13.88,314,83
1787351294,11.19,313,82
1787351295,10.32,313,82
1787351296,10.21,312,81
1787351297,10.13,399,81
1787351298,23.36,421,84
1787351299,29.80,425,85
1787351300,36.94,422,87
1787351301,39.41,418,86
1787351302,35.30,414,86
1787351303,35.35,414,87
1787351304,35.19,414,87
1787351305,35.19,420,87
1787351306,35.20,414,87
1787351307,35.14,414,87
1787351308,35.22,414,87
1787351309,35.17,414,87
1787351310,35.00,414,87
1787351311,35.12,414,87
1787351312,34.95,414,87
1787351313,34.85,414,87
1787351314,35.03,414,87
1787351315,35.10,420,87
1787351316,35.19,420,87
1787351317,35.27,414,87
1787351318,35.41,414,87
1787351319,35.39,414,87
1787351320,35.54,414,87
1787351321,35.64,414,87
1787351322,35.69,414,87
1787351323,35.72,414,87
1787351324,35.68,414,87
1787351325,35.70,414,87
1787351326,35.80,414,88
1787351327,35.83,414,88
1787351328,35.89,420,88
1787351329,35.89,414,88
1787351330,35.92,414,88
1787351331,35.86,414,88
1787351332,35.77,414,88
1787351333,35.56,414,88
1787351334,35.47,414,88
1787351335,35.38,414,88
1787351336,35.17,414,88
1787351337,34.94,414,88
1787351338,34.77,414,88
1787351339,34.71,420,88
1787351340,34.69,414,88
1787351341,34.69,414,88
1787351342,34.69,414,88
1787351344,34.92,414,88
1787351345,35.00,414,88
1787351346,34.98,414,88
1787351347,35.08,414,88
1787351348,35.15,414,88
1787351349,35.11,414,88
1787351350,35.04,414,88
1787351351,35.03,414,88
1787351352,34.83,420,88
1787351353,34.76,414,88
1787351354,34.75,420,88
1787351355,34.73,414,88
1787351356,34.74,414,88
1787351357,34.63,414,88
1787351358,34.84,414,88
1787351359,31.65,416,86
1787351360,15.56,414,85
1787351361,15.03,414,84
1787351362,14.04,414,84
1787351363,10.90,413,82
1787351364,10.31,413,82
1787351365,10.08,412,82
1787351366,10.08,404,81
1787351367,10.33,489,81
1787351368,14.65,831,82
1787351369,22.71,827,84
1787351370,27.76,821,85
1787351371,27.97,820,85
1787351372,27.93,816,85
1787351373,27.94,816,85
1787351374,27.75,816,85
1787351375,27.12,816,85
1787351376,27.47,816,85
1787351377,27.72,816,85
1787351378,27.39,816,85
1787351379,27.19,816,85
1787351380,26.60,816,85
1787351381,26.43,816,85
1787351382,26.44,816,85
1787351383,26.27,816,85
1787351384,26.34,816,85
1787351385,26.53,816,85
1787351386,26.94,816,86
1787351387,26.80,816,86
1787351388,26.63,816,86
1787351389,27.01,816,86
1787351390,27.50,816,86
1787351391,27.72,816,86
1787351392,27.54,816,86
1787351393,27.09,816,86
1787351394,27.33,816,86
1787351395,27.81,816,86
1787351396,28.36,816,86
1787351397,28.77,816,86
1787351398,27.98,816,86
1787351399,27.21,816,86
1787351400,26.92,816,86
1787351401,26.94,816,86
1787351402,27.04,816,86
1787351403,27.50,816,86
1787351404,27.25,816,86
1787351405,26.32,816,86
1787351406,26.91,816,86
1787351407,28.10,816,86
1787351408,28.35,816,86
1787351409,28.05,816,86
1787351410,27.69,816,86
1787351411,27.32,816,86
1787351412,26.77,816,86
1787351413,26.49,816,86
1787351414,26.39,816,86
1787351415,26.42,816,86
1787351416,26.22,816,86
1787351417,26.33,816,86
1787351418,26.61,816,86
1787351419,27.06,816,86
1787351420,27.28,816,86
1787351421,27.35,816,86
1787351422,26.88,816,86
1787351423,25.96,816,86
1787351424,25.55,816,86
1787351425,25.29,816,86
1787351426,25.05,816,86
1787351427,25.01,816,86
1787351428,24.02,335,86
1787351429,15.92,331,84
1787351430,14.20,318,84
1787351431,12.32,318,83
1787351432,10.37,318,82
1787351433,10.29,317,82
1787351434,10.16,317,82
1787351435,10.17,316,81
1787351436,10.09,390,81
1787351437,10.51,399,81
1787351438,17.31,525,83
1787351439,23.48,515,84
1787351440,23.51,515,84
1787351441,23.57,515,84
1787351442,23.74,511,84
1787351443,23.47,511,84
1787351444,23.40,511,84
1787351445,23.29,511,84
1787351446,22.89,511,84
1787351447,22.93,511,84
1787351448,22.74,511,84
1787351449,22.84,511,84
1787351450,22.48,511,84
1787351451,22.50,511,84
1787351452,22.43,511,84
1787351453,22.29,511,84
1787351454,22.60,511,84
1787351455,22.57,511,84
1787351456,22.57,511,85
1787351457,22.32,511,84
1787351458,22.44,511,85
1787351459,22.84,511,85
1787351460,22.98,511,85
1787351461,22.62,511,85
1787351462,22.68,511,85
1787351463,22.68,511,85
1787351464,22.68,511,85
1787351465,22.44,511,85
1787351466,22.24,511,85
1787351467,23.23,511,85
1787351468,23.68,511,85
1787351469,23.18,511,85
1787351470,22.68,511,85
1787351471,22.54,511,85
1787351472,22.51,511,85
1787351473,22.46,511,85
1787351474,22.47,511,85
1787351475,22.01,511,85
1787351476,22.09,511,85
1787351477,22.06,511,85
1787351478,22.01,511,85
1787351479,22.07,511,85
1787351480,22.11,511,85
1787351481,22.08,511,85
1787351482,22.25,511,85
1787351483,22.20,511,85
1787351484,22.31,511,85
1787351485,22.40,511,85
1787351486,24.08,511,85
1787351487,22.60,511,85
1787351488,22.45,511,85
1787351489,21.81,511,85
1787351490,22.01,511,85
1787351491,21.98,511,85
1787351492,21.93,511,85
1787351493,21.97,511,85
1787351494,21.90,511,85
1787351495,21.94,511,85
1787351496,21.91,511,85
1787351497,21.94,511,85
1787351498,22.08,519,85
1787351499,16.76,375,84
1787351500,15.18,375,84
1787351501,13.06,374,82
1787351502,10.28,374,82
1787351503,10.18,373,81
1787351504,10.02,372,81
1787351505,10.02,364,81
1787351506,11.26,332,81
1787351507,14.97,345,82
1787351508,14.96,655,82
1787351509,20.33,793,83
1787351510,22.26,786,83
1787351511,22.22,781,83
1787351512,22.26,781,83
1787351513,22.38,781,84
1787351514,22.21,781,83
1787351515,22.17,781,84
1787351516,22.01,781,84
1787351517,21.92,781,84
1787351518,21.82,781,84
1787351519,21.85,781,84
1787351520,21.74,781,84
1787351521,21.58,781,84
1787351522,21.59,781,84
1787351523,21.57,781,84
1787351524,21.44,781,84
1787351525,21.62,781,84
1787351526,21.70,781,84
1787351527,21.65,781,84
1787351528,21.30,781,84
1787351529,21.68,781,84
1787351530,22.04,781,84
1787351531,22.05,781,84
1787351532,22.03,781,84
1787351533,21.94,781,84
1787351534,21.92,781,84
1787351535,21.92,781,84
1787351536,21.50,781,84
1787351537,21.37,781,84
1787351538,21.94,781,84
1787351539,22.16,781,84
1787351540,22.21,781,84
1787351541,21.86,781,84
1787351542,21.46,781,84
1787351543,21.40,781,84
1787351544,21.16,781,84
1787351545,20.44,781,83
1787351546,20.70,781,84
1787351547,20.74,781,84
1787351549,20.79,781,84
1787351550,20.76,781,84
1787351551,20.91,781,84
1787351552,20.99,781,84
1787351553,21.12,781,84
1787351554,20.87,781,84
1787351555,21.10,781,84
1787351556,21.46,781,84
1787351557,21.81,781,84
1787351558,21.93,781,84
1787351559,21.88,781,84
1787351560,21.57,781,84
1787351561,21.37,781,84
1787351562,21.26,781,84
1787351563,21.10,781,84
1787351564,21.27,781,84
1787351565,21.18,781,84
1787351566,21.33,781,84
1787351567,20.96,781,84
1787351568,20.99,781,84
1787351569,20.91,781,84
1787351570,19.53,333,83
1787351571,14.19,332,83
1787351572,13.96,319,82
1787351573,10.71,319,81
1787351574,10.27,318,81
1787351575,10.14,318,80
1787351576,10.01,317,80
1787351577,9.95,309,80
1787351578,10.28,494,80
1787351579,15.13,495,81
1787351580,15.71,485,81
1787351581,13.57,481,80
1787351582,12.88,481,81
1787351583,14.99,476,81
1787351584,13.27,509,80
1787351585,14.73,2076,81
1787351586,16.69,3794,81
1787351587,17.15,3791,81
1787351588,15.64,3796,81
1787351589,17.28,3796,82
1787351590,18.17,3796,82
1787351591,18.98,3796,82
1787351592,20.21,3796,82
1787351593,21.56,3796,83
1787351594,23.24,3796,83
1787351595,25.79,3796,84
1787351596,31.61,3796,85
1787351597,39.33,3796,87
1787351598,39.80,3796,86
1787351599,37.83,3796,87
1787351600,37.88,3796,87
1787351601,37.63,3796,87
1787351602,36.53,3796,86
1787351603,32.73,3796,86
1787351604,34.82,3796,87
1787351605,37.22,3793,87
1787351606,30.80,3793,85
1787351607,20.95,3793,83
1787351608,17.49,3793,83
1787351609,17.42,3793,83
1787351610,17.71,3793,82
1787351611,17.76,3793,82
1787351612,17.48,3793,82
1787351613,17.78,3793,82
1787351614,17.73,3793,82
1787351615,17.81,3793,82
1787351616,17.76,3793,82
1787351617,17.75,3793,82
1787351618,17.84,3793,81
1787351619,17.70,3793,81
1787351620,17.74,3793,81
1787351621,17.62,3793,81
1787351622,17.49,3793,81
1787351623,17.48,3793,81
1787351624,17.59,3793,81
1787351625,17.72,3793,81
1787351626,17.45,3793,81
1787351627,17.69,3793,81
1787351628,19.87,3793,81
1787351629,24.78,3793,82
1787351630,38.49,3725,86
1787351631,40.39,3729,84
1787351632,38.43,3729,84
1787351633,33.00,3729,84
1787351634,32.09,3729,84
1787351635,32.20,3729,84
1787351636,32.87,3729,84
1787351637,33.11,3729,85
1787351638,29.43,3729,85
1787351639,32.64,3729,85
1787351640,30.72,3729,85
1787351641,29.71,3729,85
1787351642,32.14,3729,85
1787351643,29.64,3733,85
1787351644,29.50,3733,85
1787351645,29.32,3733,85
1787351646,15.13,306,83
1787351647,14.98,292,82
1787351648,14.35,286,82
1787351649,11.34,284,80
1787351650,10.24,284,80
1787351651,10.12,283,80
1787351652,10.00,283,79
1787351653,10.02,274,79
1787351654,10.59,391,79
1787351655,10.07,391,79
1787351656,10.48,390,79
1787351657,10.30,389,79
1787351658,10.60,388,79
1787351659,10.56,388,79
1787351660,10.02,388,78
1787351661,11.38,388,79
1787351662,15.02,2806,80
1787351663,24.90,2806,82
1787351664,24.63,2806,82
1787351665,24.80,2806,82
1787351666,24.81,2806,82
1787351667,24.70,2806,82
1787351668,24.61,2806,83
1787351669,24.61,2806,83
1787351670,24.46,2806,83
1787351671,24.00,2806,83
1787351672,23.83,2806,83
1787351673,23.81,2806,83
1787351674,23.84,2806,83
1787351675,23.87,2806,83
1787351676,17.86,2806,83
1787351677,23.83,2806,83
1787351678,23.83,2806,83
1787351679,23.74,2806,83
1787351680,23.81,2806,83
1787351681,23.52,2806,83
1787351682,23.68,2806,83
1787351683,24.31,2806,84
1787351684,24.38,2806,84
1787351685,23.89,2806,83
1787351686,23.89,2806,84
1787351687,23.94,2806,84
1787351688,24.11,2806,84
1787351689,23.58,2806,84
1787351690,23.32,2806,84
1787351691,24.15,2806,84
1787351692,24.64,2806,84
1787351693,24.52,2806,84
1787351694,23.69,2806,84
1787351695,23.63,2806,84
1787351696,24.52,2806,84
1787351697,23.33,2806,84
1787351698,23.41,2806,84
1787351699,23.52,2806,84
1787351700,23.15,2806,84
1787351701,23.09,2806,84
1787351702,23.15,2806,84
1787351703,23.14,2806,84
1787351704,23.04,2806,84
1787351705,23.15,2806,84
1787351706,23.28,2806,84
1787351707,23.36,2806,84
1787351708,23.61,2806,84
1787351709,23.64,2806,84
1787351710,23.90,2806,84
1787351711,24.01,2806,84
1787351712,23.92,2806,84
1787351713,23.07,2806,84
1787351714,22.78,2806,84
1787351715,22.70,2806,84
1787351716,22.79,2806,84
1787351717,22.71,2806,84
1787351718,23.02,2806,84
1787351719,22.71,2806,84
1787351720,22.74,2806,84
1787351721,22.68,2806,84
1787351722,15.27,2812,83
1787351723,15.09,2809,83
1787351724,14.62,364,83
1787351725,12.13,364,81
1787351726,10.18,363,81
1787351727,10.00,362,81
1787351728,9.89,362,80
1787351729,9.97,362,80
1787351730,10.28,364,80
1787351731,22.08,513,83
1787351732,31.77,505,85
1787351733,40.31,506,87
1787351734,44.47,502,86
1787351735,37.13,497,86
1787351736,37.18,497,86
1787351737,37.11,497,86
1787351738,37.09,497,86
1787351739,37.11,497,86
1787351740,37.13,497,86
1787351741,37.09,497,86
1787351742,37.14,497,86
1787351743,37.13,497,87
1787351744,37.23,497,87
1787351745,37.20,497,87
1787351746,37.22,497,87
1787351747,37.19,497,87
1787351748,37.15,497,87
1787351749,37.22,497,87
1787351751,37.26,497,87
1787351752,37.21,497,87
1787351753,37.18,497,87
1787351754,37.07,497,87
1787351755,37.07,497,87
1787351756,37.10,497,87
1787351757,36.56,497,87
1787351758,37.10,497,87
1787351759,37.02,497,87
1787351760,36.77,497,87
1787351761,36.58,497,87
1787351762,36.38,497,87
1787351763,36.90,497,87
1787351764,37.17,497,87
1787351765,35.63,497,87
1787351766,34.33,497,86
1787351767,34.26,497,86
1787351768,34.26,497,86
1787351769,34.27,497,86
1787351770,34.30,497,86
1787351771,34.29,497,86
1787351772,34.24,497,86
1787351773,34.15,497,86
1787351774,34.09,497,86
1787351775,34.18,497,86
1787351776,34.24,497,86
1787351777,34.33,497,86
1787351778,34.28,497,86
1787351779,34.35,497,86
1787351780,34.45,497,86
1787351781,34.42,497,86
1787351782,34.38,497,86
1787351783,34.36,497,86
1787351784,34.34,497,86
1787351785,34.35,497,86
1787351786,34.26,497,86
1787351787,34.24,497,86
1787351788,34.27,497,86
1787351789,34.20,497,86
1787351790,34.39,497,86
1787351791,34.36,497,86
1787351792,31.45,335,85
1787351793,15.64,335,83
1787351794,14.15,329,83
1787351795,13.81,328,83
1787351796,12.45,327,81
1787351797,10.16,326,81
1787351798,10.00,326,80
1787351799,9.90,317,80
1787351800,10.19,393,80
1787351801,10.05,393,80
1787351802,10.64,390,80
1787351803,11.40,852,80
1787351804,24.28,1077,82
1787351805,24.25,1076,83
1787351806,24.04,1074,83
1787351807,24.32,1074,83
1787351808,24.23,1074,83
1787351809,24.20,1074,83
1787351810,24.52,1074,83
1787351811,23.80,1074,83
1787351812,23.59,1074,83
1787351813,23.43,1074,83
1787351814,28.88,1074,84
1787351815,23.25,1074,83
1787351816,23.38,1074,84
1787351817,23.25,1074,84
1787351818,23.51,1074,84
1787351819,23.27,1074,84
1787351820,23.29,1074,84
1787351821,23.56,1074,84
1787351822,23.19,1074,84
1787351823,23.44,1074,84
1787351824,23.82,1074,84
1787351825,23.98,1074,84
1787351826,23.56,1074,84
1787351827,23.40,1074,84
1787351828,23.46,1074,84
1787351829,23.58,1074,84
1787351830,23.29,1074,84
1787351831,22.76,1074,84
1787351832,23.43,1074,84
1787351833,23.86,1074,84
1787351834,24.05,1074,84
1787351835,23.74,1074,84
1787351836,23.36,1074,84
1787351837,23.22,1074,84
1787351838,23.12,1074,84
1787351839,23.29,1074,84
1787351840,22.95,1074,84
1787351841,22.85,1074,84
1787351842,22.80,1074,84
1787351843,23.49,1074,84
1787351844,22.84,1074,84
1787351845,22.89,1074,84
1787351846,22.88,1074,84
1787351847,22.94,1074,84
1787351848,22.98,1074,84
1787351849,23.07,1074,85
1787351850,23.31,1074,84
1787351851,23.41,1074,85
1787351852,23.44,1074,85
1787351853,23.50,1074,85
1787351854,23.02,1074,85
1787351855,22.58,1074,85
1787351856,22.69,1074,85
1787351857,22.63,1074,85
1787351858,22.30,1074,84
1787351859,21.44,1074,85
1787351860,21.87,1074,84
1787351861,22.59,1074,85
1787351862,22.74,1074,85
1787351863,22.49,1074,85
1787351864,15.52,1080,84
1787351865,15.40,1075,83
1787351866,14.73,425,83
1787351867,12.41,424,82
1787351868,10.34,424,81
1787351869,10.29,423,81
1787351870,10.12,422,81
1787351871,10.09,414,80
1787351872,10.48,460,81
1787351873,16.12,702,82
1787351874,23.77,889,85
1787351875,44.50,887,87
1787351876,49.85,871,88
1787351877,50.19,870,89
1787351878,49.55,869,89
1787351879,47.64,869,89
1787351880,45.03,869,89
1787351881,45.24,869,89
1787351882,45.10,869,89
1787351883,40.01,869,88
1787351884,39.70,869,88
1787351885,39.73,869,88
1787351886,39.61,869,88
1787351887,39.43,869,88
1787351888,39.42,869,88
1787351889,39.30,869,88
1787351890,39.35,869,88
1787351891,39.24,869,88
1787351892,39.17,869,88
1787351893,39.15,869,88
1787351894,39.14,869,88
1787351895,39.13,869,88
1787351896,39.10,869,88
1787351897,39.11,869,88
1787351898,39.02,869,89
1787351899,38.97,869,88
1787351900,38.89,869,89
1787351901,38.82,869,89
1787351902,38.90,869,89
1787351903,38.93,869,89
1787351904,39.05,869,89
1787351905,39.08,869,89
1787351906,39.06,869,89
1787351907,39.11,869,89
1787351908,39.11,869,89
1787351909,39.10,869,89
1787351910,39.10,869,89
1787351911,39.21,869,89
1787351912,39.22,869,89
1787351913,39.19,869,89
1787351914,34.91,869,89
1787351915,38.31,869,89
1787351916,38.25,869,89
1787351917,38.27,869,89
1787351918,38.22,869,89
1787351919,38.16,869,89
1787351920,38.18,869,89
1787351921,38.15,869,89
1787351922,38.24,869,89
1787351923,37.51,869,88
1787351924,32.54,869,88
1787351925,36.25,869,89
1787351927,38.53,869,89
1787351928,34.50,869,88
1787351929,37.35,869,89
1787351930,37.79,869,89
1787351931,37.72,869,89
1787351932,37.69,869,89
1787351933,37.75,869,89
1787351934,37.62,334,89
1787351935,18.43,334,86
1787351936,15.38,322,85
1787351937,14.21,322,85
1787351938,11.70,320,83
1787351939,10.52,320,83
1787351940,10.42,319,82
1787351941,10.26,319,82
1787351942,10.20,413,82
1787351943,14.30,432,83
1787351944,15.57,887,83
1787351945,33.64,753,86
1787351946,33.44,750,86
1787351947,33.31,747,86
1787351948,33.37,745,87
1787351949,34.03,744,87
1787351950,33.95,750,87
1787351951,33.24,744,87
1787351952,33.11,744,87
1787351953,33.10,744,87
1787351954,32.79,744,87
1787351955,32.40,744,87
1787351956,31.99,744,87
1787351957,31.51,744,87
1787351958,30.73,744,87
1787351959,30.71,744,87
1787351960,31.56,744,87
1787351961,31.08,744,87
1787351962,31.02,744,88
1787351963,31.54,744,88
1787351964,30.85,744,88
1787351965,31.00,744,88
1787351966,31.17,744,88
1787351967,30.85,744,88
1787351968,30.62,744,88
1787351969,30.51,744,88
1787351970,29.89,744,88
1787351971,30.58,744,88
1787351972,31.09,744,88
1787351973,32.21,744,88
1787351974,32.78,744,88
1787351975,31.69,744,88
1787351976,30.45,744,88
1787351977,29.95,744,88
1787351978,29.96,744,88
1787351979,30.01,744,88
1787351980,30.72,744,88
1787351981,30.99,744,88
1787351982,30.57,744,88
1787351983,31.02,744,88
1787351984,32.25,744,88
1787351985,32.49,744,88
1787351986,29.64,744,88
1787351987,29.54,744,88
1787351988,29.14,744,88
1787351989,28.85,744,88
1787351990,28.45,744,88
1787351991,28.06,744,88
1787351992,28.04,744,88
1787351993,27.88,744,88
1787351994,27.86,744,88
1787351995,28.05,744,88
1787351996,28.21,744,88
1787351997,28.49,744,88
1787351998,28.50,744,88
1787351999,27.89,744,88
1787352000,27.81,744,88
1787352001,27.33,744,88
1787352002,26.95,744,87
1787352003,26.87,744,87
1787352004,26.81,744,87
1787352005,21.25,794,86
1787352006,15.70,415,85
1787352007,14.03,415,84
1787352008,10.64,415,84
1787352009,10.52,414,83
1787352010,10.40,413,83
1787352011,10.48,413,83
1787352012,10.31,405,82
1787352013,11.93,351,83
1787352014,28.86,359,86
1787352015,35.44,349,87
1787352016,36.48,348,87
1787352017,36.60,345,88
1787352018,36.49,345,88
1787352019,36.46,345,88
1787352020,36.43,345,88
1787352021,36.35,345,88
1787352022,36.43,345,88
1787352023,36.36,345,88
1787352024,36.46,345,88
1787352025,36.62,345,88
1787352026,36.97,345,88
1787352027,37.24,345,89
1787352028,37.37,345,89
1787352029,37.69,345,89
1787352030,37.97,345,89
1787352031,37.03,345,88
1787352032,32.20,345,88
1787352033,34.18,345,89
1787352034,37.83,345,89
1787352035,37.40,345,89
1787352036,31.59,345,88
1787352037,34.46,345,89
1787352038,37.36,345,89
1787352039,35.15,345,88
1787352040,31.23,345,88
1787352041,32.44,345,88
1787352042,36.27,345,89
1787352043,33.08,345,88
1787352044,33.45,345,89
1787352045,36.64,345,89
1787352046,34.57,345,88
1787352047,30.93,345,88
1787352048,33.95,345,89
1787352049,36.70,351,89
1787352050,32.72,345,88
1787352051,30.76,345,88
1787352052,32.98,345,89
1787352053,36.06,345,89
1787352054,31.22,345,88
1787352055,31.49,345,88
1787352056,35.15,345,89
1787352057,32.68,345,88
1787352058,30.88,345,88
1787352059,32.36,345,89
1787352060,36.04,345,89
1787352061,33.10,345,88
1787352062,30.80,345,88
1787352063,33.50,345,89
1787352064,34.28,345,88
1787352065,30.65,345,88
1787352066,33.77,345,89
1787352067,35.60,345,89
1787352068,30.13,345,88
1787352069,30.56,345,88
1787352070,33.93,345,89
1787352071,35.91,345,89
1787352072,30.73,345,88
1787352073,34.49,356,89
1787352074,19.20,361,86
1787352075,15.29,361,85
1787352076,14.16,361,85
1787352077,12.44,361,84
1787352078,10.39,359,83
1787352079,10.27,359,83
1787352080,10.20,358,83
1787352081,10.03,358,82
1787352082,13.45,589,83
1787352083,16.85,1192,85
1787352084,20.94,1235,83
1787352085,14.00,1775,83
1787352086,16.46,1964,84
1787352087,40.52,1948,88
1787352088,42.43,1945,88
1787352089,38.16,1941,88
1787352090,42.37,1941,88
1787352091,41.54,1941,88
1787352092,40.77,1941,89
1787352093,41.03,1941,89
1787352094,40.28,1941,89
1787352095,40.31,1941,89
1787352096,39.98,1941,89
1787352097,40.26,1941,89
1787352098,38.87,1941,89
1787352099,39.22,1941,88
1787352100,37.33,1941,89
1787352101,38.73,1941,89
1787352102,38.62,1941,89
1787352104,38.54,1941,89
1787352105,38.50,1941,89
1787352106,38.52,1941,89
1787352107,38.53,1941,89
1787352108,38.46,1941,89
1787352109,38.45,1941,89
1787352110,38.47,1941,89
1787352111,38.31,1941,89
1787352112,38.40,1941,89
1787352113,38.37,1941,89
1787352114,38.38,1941,89
1787352115,38.40,1941,89
1787352116,38.42,1941,89
1787352117,35.78,1941,88
1787352118,34.04,1941,88
1787352119,34.05,1941,88
1787352120,34.04,1941,88
1787352121,34.09,1941,88
1787352122,34.28,1941,88
1787352123,36.73,1941,89
1787352124,39.77,1941,89
1787352125,36.56,1941,88
1787352126,35.76,1941,88
1787352127,35.81,1941,88
1787352128,35.80,1941,88
1787352129,35.81,1941,88
1787352130,35.78,1941,88
1787352131,35.83,1941,88
1787352132,35.84,1941,88
1787352133,35.87,1941,88
1787352134,35.83,1941,88
1787352135,35.83,1941,88
1787352136,35.84,1941,88
1787352137,35.87,1941,88
1787352138,35.86,1941,89
1787352139,35.88,1941,88
1787352140,35.83,1941,88
1787352141,35.82,1941,88
1787352142,35.88,1941,89
1787352143,35.96,1941,88
1787352144,35.87,271,88
1787352145,18.83,262,85
1787352146,15.50,252,85
1787352147,14.26,252,84
1787352148,11.31,251,83
1787352149,10.47,251,83
1787352150,10.23,250,82
1787352151,10.20,242,82
1787352152,10.20,259,82
1787352153,13.61,270,83
1787352154,15.15,273,83
1787352155,13.57,277,82
1787352156,10.59,1044,82
1787352157,17.78,1031,84
1787352158,23.44,1027,84
1787352159,23.42,1023,84
1787352160,23.48,1023,84
1787352161,23.52,1023,85
1787352162,23.35,1023,84
1787352163,23.33,1023,85
1787352164,23.26,1023,85
1787352165,23.20,1023,84
1787352166,23.03,1023,85
1787352167,23.05,1023,85
1787352168,22.70,1023,84
1787352169,22.50,1023,85
1787352170,22.55,1023,85
1787352171,22.62,1023,85
1787352172,22.68,1023,85
1787352173,22.78,1023,85
1787352174,22.85,1023,85
1787352175,22.75,1023,85
1787352176,22.82,1023,85
1787352177,23.14,1023,85
1787352178,23.33,1023,85
1787352179,23.19,1023,85
1787352180,23.17,1023,85
1787352181,23.17,1023,85
1787352182,23.03,1023,85
1787352183,22.79,1023,85
1787352184,22.60,1023,85
1787352185,23.14,1023,85
1787352186,23.41,1023,85
1787352187,23.75,1023,85
1787352188,23.60,1023,85
1787352189,23.20,1023,85
1787352190,23.06,1023,85
1787352191,22.88,1023,85
1787352192,22.96,1023,85
1787352193,22.86,1023,85
1787352194,22.76,1023,85
1787352195,22.70,1023,85
1787352196,22.72,1023,85
1787352197,22.71,1023,85
1787352198,22.83,1023,85
1787352199,22.86,1023,85
1787352200,22.82,1023,85
1787352201,22.83,1023,85
1787352202,22.90,1023,85
1787352203,22.90,1023,85
1787352204,23.15,1023,85
1787352205,23.24,1023,85
1787352206,23.26,1023,85
1787352207,22.91,1023,85
1787352208,22.76,1023,85
1787352209,22.76,1023,85
1787352210,22.67,1023,85
1787352211,22.68,1023,85
1787352212,22.66,1023,85
1787352213,22.60,1023,85
1787352214,22.59,1023,85
1787352215,22.61,1023,85
1787352216,22.65,263,85
1787352217,15.95,263,83
1787352218,14.15,250,83
1787352219,13.88,250,83
1787352220,10.79,250,82
1787352221,10.35,249,81
1787352222,10.24,248,81
1787352223,10.11,247,81
1787352224,10.11,267,80
1787352225,13.42,285,82
1787352226,17.59,621,83
1787352227,21.52,613,83
1787352228,21.57,613,83
1787352229,21.44,609,83
1787352230,21.55,607,83
1787352231,21.53,607,83
1787352232,21.45,607,83
1787352233,21.32,607,83
1787352234,21.25,607,83
1787352235,21.19,607,83
1787352236,21.09,607,83
1787352237,20.99,607,83
1787352238,20.97,607,83
1787352239,20.90,607,83
1787352240,20.56,607,83
1787352241,20.49,607,83
1787352242,20.65,607,83
1787352243,20.73,607,83
1787352244,20.50,607,83
1787352245,20.51,607,83
1787352246,20.78,607,83
1787352247,20.98,607,83
1787352248,20.94,607,83
1787352249,21.07,607,83
1787352250,21.07,607,83
1787352251,20.87,607,83
1787352252,21.01,607,83
1787352253,20.62,607,83
1787352254,20.25,607,83
1787352255,20.76,607,83
1787352256,20.90,607,83
1787352257,20.89,607,83
1787352258,20.44,607,83
1787352259,20.26,607,83
1787352260,19.91,607,83
1787352261,19.63,607,83
1787352262,19.64,607,83
1787352263,19.56,607,83
1787352264,19.76,607,83
1787352265,19.69,607,83
1787352266,19.64,607,83
1787352267,19.65,607,83
1787352268,19.73,607,83
1787352269,19.68,607,83
1787352270,19.73,607,83
1787352271,20.00,607,83
1787352272,20.18,607,83
1787352273,20.42,607,83
1787352274,20.36,607,83
1787352275,20.80,607,83
1787352276,20.69,607,83
1787352277,19.88,607,83
1787352278,19.53,607,83
1787352279,19.67,607,83
1787352280,19.65,607,83
1787352281,19.58,607,83
1787352282,19.55,607,83
1787352283,19.59,607,83
1787352284,19.67,607,83
1787352285,19.63,607,83
1787352286,18.51,281,83
1787352287,15.15,276,82
1787352288,13.70,264,81
1787352289,10.36,263,81
1787352291,10.23,263,80
1787352292,10.07,262,80
1787352293,10.04,262,80
1787352294,10.08,253,80
1787352295,10.77,397,80
1787352296,15.32,397,81
1787352297,16.37,416,81
1787352298,13.73,550,80
1787352299,13.85,1794,81
1787352300,24.34,1903,83
1787352301,31.53,1893,84
1787352302,31.36,1893,84
1787352303,32.37,1893,85
1787352304,32.01,1893,84
1787352305,31.50,1893,84
1787352306,30.88,1893,85
1787352307,32.12,1893,85
1787352308,32.10,1893,85
1787352309,31.28,1893,85
1787352310,31.54,1893,85
1787352311,31.47,1893,85
1787352312,31.23,1893,85
1787352313,31.26,1893,85
1787352314,31.70,1893,85
1787352315,31.41,1893,86
1787352316,32.13,1893,86
1787352317,32.53,1893,86
1787352318,31.96,1893,86
1787352319,32.43,1893,86
1787352320,33.44,1893,86
1787352321,33.80,1893,86
1787352322,34.07,1893,87
1787352323,33.45,1893,86
1787352324,33.02,1893,87
1787352325,33.53,1893,87
1787352326,34.99,1893,87
1787352327,35.16,1893,87
1787352328,34.58,1893,87
1787352329,33.35,1893,87
1787352330,32.09,1893,87
1787352331,32.02,1893,87
1787352332,32.63,1893,87
1787352333,33.02,1893,87
1787352334,33.65,1893,87
1787352335,33.21,1893,87
1787352336,31.39,1893,87
1787352337,32.82,1893,88
1787352338,34.76,1893,88
1787352339,34.67,1893,88
1787352340,34.01,1893,88
1787352341,33.71,1893,88
1787352342,32.83,1893,88
1787352343,31.78,1893,88
1787352344,31.65,1893,88
1787352345,31.62,1893,88
1787352346,31.66,1893,88
1787352347,31.76,1893,88
1787352348,31.89,1893,88
1787352349,32.23,1893,88
1787352350,32.76,1893,88
1787352351,33.13,1893,88
1787352352,33.06,1893,88
1787352353,32.19,1893,88
1787352354,30.86,1893,88
1787352355,30.38,1893,88
1787352356,30.18,1893,87
1787352357,29.92,1893,88
1787352358,29.82,1893,88
1787352359,26.65,271,86
1787352360,16.24,271,85
1787352361,15.00,259,85
1787352362,13.55,258,84
1787352363,10.44,257,83
1787352364,10.32,256,82
1787352365,10.18,256,82
1787352366,10.14,247,82
1787352367,11.91,425,83
1787352368,15.56,435,83
1787352369,15.85,650,83
1787352370,19.76,1183,85
1787352371,30.36,1183,86
1787352372,29.93,1179,86
1787352373,30.18,1176,86
1787352374,31.03,1176,86
1787352375,31.35,1176,86
1787352376,29.93,1176,86
1787352377,29.48,1176,86
1787352378,31.15,1176,86
1787352379,30.61,1176,86
1787352380,30.73,1176,86
1787352381,30.39,1176,86
1787352382,30.61,1176,86
1787352383,30.58,1176,86
1787352384,30.88,1176,87
1787352385,31.18,1176,87
1787352386,31.21,1176,87
1787352387,31.71,1176,87
1787352388,31.74,1176,87
1787352389,31.60,1176,87
1787352390,32.21,1176,87
1787352391,33.07,1176,87
1787352392,33.23,1176,87
1787352393,33.08,1176,87
1787352394,32.58,1176,87
1787352395,32.79,1176,88
1787352396,33.59,1176,88
1787352397,34.22,1176,88
1787352398,34.11,1176,88
1787352399,33.41,1176,88
1787352400,32.32,1176,88
1787352401,31.96,1176,88
1787352402,31.85,1176,88
1787352403,32.21,1176,88
1787352404,33.00,1176,88
1787352405,32.98,1176,88
1787352406,31.74,1176,88
1787352407,31.91,1176,88
1787352408,34.07,1176,88
1787352409,34.52,1176,88
1787352410,34.15,1176,88
1787352411,33.47,1176,88
1787352412,33.04,1176,88
1787352413,32.19,1176,88
1787352414,31.55,1176,88
1787352415,31.59,1176,88
1787352416,31.62,1176,88
1787352417,31.59,1176,88
1787352418,31.70,1176,88
1787352419,31.97,1176,88
1787352420,32.49,1176,88
1787352421,32.91,1176,88
1787352422,33.16,1176,88
1787352423,32.64,1176,88
1787352424,31.28,1176,88
1787352425,30.65,1176,88
1787352426,30.28,1176,88
1787352427,30.16,1176,88
1787352428,29.89,1176,88
1787352429,29.70,1041,88
1787352430,18.48,274,86
1787352431,15.36,258,85
1787352432,14.38,258,85
1787352433,10.78,258,84
1787352434,10.59,257,83
1787352435,10.43,256,83
1787352436,10.31,256,82
1787352437,10.17,267,82
1787352438,12.14,419,83
1787352439,30.01,388,86
1787352440,29.93,384,86
1787352441,30.36,379,86
1787352442,29.79,379,86
1787352443,29.74,373,86
1787352444,30.23,373,86
1787352445,29.85,373,86
1787352446,29.89,373,86
1787352447,30.21,373,86
1787352448,29.97,373,86
1787352449,30.37,373,86
1787352450,30.34,373,87
1787352451,30.54,373,87
1787352452,30.59,373,87
1787352453,30.81,373,87
1787352454,30.35,373,87
1787352455,30.38,373,87
1787352456,30.69,373,87
1787352457,29.97,373,87
1787352458,30.99,373,87
1787352459,31.36,373,87
1787352460,31.31,373,87
1787352461,31.48,373,87
1787352462,32.19,373,87
1787352463,31.20,373,87
1787352464,31.18,373,87
1787352465,32.00,373,87
1787352466,32.51,373,87
1787352467,31.36,373,87
1787352468,31.27,373,87
1787352469,31.30,373,87
1787352470,31.70,373,87
1787352471,31.28,373,87
1787352472,32.21,373,87
1787352473,31.86,373,87
1787352474,32.17,373,87
1787352475,31.88,373,87
1787352476,31.99,373,87
1787352477,30.97,373,87
1787352478,32.10,373,87
1787352479,31.28,373,87
1787352480,30.83,373,87
1787352481,31.82,373,87
1787352482,31.57,373,87
1787352483,31.83,373,87
1787352484,31.09,373,87
1787352485,31.56,373,87
1787352486,31.57,373,87
1787352487,30.22,373,87
1787352488,30.81,373,87
1787352489,30.93,373,87
1787352490,30.92,373,87
1787352491,30.77,373,87
1787352492,30.21,373,87
1787352493,30.62,373,87
1787352494,30.74,373,87
1787352495,30.80,373,87
1787352496,30.79,373,87
1787352497,30.10,373,87
1787352498,30.64,373,87
1787352499,21.36,375,85
1787352500,15.47,373,84
1787352501,14.25,373,84
1787352502,11.22,373,83
1787352503,10.37,372,82
1787352504,10.19,371,82
1787352505,10.14,371,81
1787352506,10.09,362,81
1787352507,12.29,679,82
1787352508,25.69,649,85
1787352509,33.14,641,86
1787352510,40.30,639,87
1787352511,35.08,639,86
1787352512,35.11,639,86
1787352513,35.02,637,86
1787352514,35.05,633,86
1787352516,35.08,633,87
1787352517,35.11,633,87
1787352518,35.03,633,87
1787352519,35.04,633,87
1787352520,35.08,633,87
1787352521,35.13,633,87
1787352522,35.09,633,87
1787352523,35.09,633,87
1787352524,35.06,633,87
1787352525,35.02,633,87
1787352526,34.97,633,87
1787352527,35.03,633,87
1787352528,35.01,633,87
1787352529,34.88,633,87
1787352530,34.92,633,87
1787352531,35.01,633,87
1787352532,35.07,633,87
1787352533,34.96,633,87
1787352534,34.86,633,87
1787352535,35.02,633,87
1787352536,35.07,633,87
1787352537,35.04,633,87
1787352538,35.03,633,87
1787352539,35.05,633,87
1787352540,35.17,633,87
1787352541,35.15,633,87
1787352542,35.13,633,87
1787352543,34.99,633,87
1787352544,34.99,635,87
1787352545,34.96,635,87
1787352546,35.10,635,87
1787352547,35.09,635,87
1787352548,35.07,635,87
1787352549,35.09,635,87
1787352550,35.03,635,87
1787352551,35.11,635,87
1787352552,35.07,635,87
1787352553,35.06,635,87
1787352554,35.03,635,87
1787352555,35.05,635,87
1787352556,34.90,635,87
1787352557,35.00,635,87
1787352558,34.96,635,87
1787352559,35.01,635,87
1787352560,34.91,635,87
1787352561,34.98,635,87
1787352562,34.99,635,87
1787352563,35.07,635,87
1787352564,35.01,635,87
1787352565,34.98,635,87
1787352566,35.03,635,87
1787352567,35.07,635,87
1787352568,35.08,635,87
1787352569,28.87,271,84
1787352570,15.26,263,84
1787352571,14.58,263,83
1787352572,13.78,263,83
1787352573,11.39,261,81
1787352574,10.25,260,81
1787352575,10.07,260,81
1787352576,9.96,259,80
1787352577,11.37,387,80
1787352578,29.67,388,84
1787352579,34.55,379,85
1787352580,34.94,379,85
1787352581,34.41,377,85
1787352582,33.71,373,86
1787352583,33.72,373,86
1787352584,34.50,373,86
1787352585,34.40,373,86
1787352586,34.46,373,86
1787352587,34.72,373,86
1787352588,34.92,373,86
1787352589,35.34,373,87
1787352590,35.15,373,87
1787352591,35.13,373,87
1787352592,35.46,373,87
1787352593,36.12,373,87
1787352594,37.03,373,87
1787352595,37.03,373,87
1787352596,37.28,373,88
1787352597,37.64,373,88
1787352598,37.92,373,88
1787352599,38.63,373,88
1787352600,38.35,373,88
1787352601,39.27,373,89
1787352602,39.62,373,88
1787352603,39.76,373,89
1787352604,39.70,373,89
1787352605,40.17,373,89
1787352606,39.67,373,89
1787352607,40.40,373,89
1787352608,36.57,373,88
1787352609,35.32,373,88
1787352610,40.58,373,89
1787352611,37.30,373,88
1787352612,34.03,373,88
1787352613,37.67,373,89
1787352614,39.64,373,89
1787352615,38.82,373,89
1787352616,38.07,373,89
1787352617,36.98,373,89
1787352618,36.39,373,89
1787352619,35.99,373,88
1787352620,33.59,373,88
1787352621,33.80,373,88
1787352622,33.79,373,88
1787352623,33.69,373,88
1787352624,33.87,373,88
1787352625,33.83,373,88
1787352626,33.84,373,88
1787352627,33.89,373,88
1787352628,33.98,373,88
1787352629,33.98,373,88
1787352630,33.91,373,88
1787352631,34.03,373,88
1787352632,34.04,373,88
1787352633,34.02,373,88
1787352634,34.13,373,88
1787352635,34.11,373,88
1787352636,34.17,373,88
1787352637,34.26,381,88
1787352638,20.82,372,86
1787352639,15.27,373,85
1787352640,14.37,373,85
1787352641,11.14,373,83
1787352642,10.35,372,83
1787352643,10.12,372,82
1787352644,10.00,371,82
1787352645,9.90,335,82
1787352646,11.07,435,82
1787352647,18.58,414,84
1787352648,26.72,414,85
1787352649,26.95,412,85
1787352650,26.68,411,85
1787352651,26.86,406,85
1787352652,27.62,406,86
1787352653,27.77,406,86
1787352654,27.33,406,86
1787352655,25.72,406,86
1787352656,26.50,406,86
1787352657,26.22,406,86
1787352658,26.00,406,86
1787352659,25.64,406,86
1787352660,25.66,406,86
1787352661,25.58,406,86
1787352662,25.15,406,86
1787352663,24.99,406,86
1787352664,24.99,406,86
1787352665,25.41,406,86
1787352666,25.58,406,86
1787352667,25.54,406,86
1787352668,25.59,406,86
1787352669,25.36,406,86
1787352670,25.00,406,86
1787352671,24.79,406,86
1787352672,24.65,406,86
1787352673,25.09,406,86
1787352674,25.95,406,86
1787352675,26.12,406,86
1787352676,26.09,406,86
1787352677,25.23,406,86
1787352678,25.03,406,86
1787352679,25.05,406,86
1787352680,25.26,406,86
1787352681,25.41,406,86
1787352682,25.48,406,86
1787352683,24.58,406,86
1787352684,24.45,406,86
1787352685,25.84,406,86
1787352686,26.61,406,86
1787352688,25.29,406,86
1787352688,22.30,406,86
1787352690,22.35,406,86
1787352691,22.01,406,86
1787352692,21.68,406,85
1787352693,21.26,406,85
1787352694,21.12,406,85
1787352695,21.05,406,85
1787352696,21.22,406,85
1787352697,21.35,406,85
1787352698,21.45,406,85
1787352699,21.58,406,85
1787352700,21.74,406,85
1787352701,21.92,406,85
1787352702,20.94,406,85
1787352703,20.57,406,85
1787352704,20.48,406,85
1787352705,20.30,406,85
1787352706,20.21,406,85
1787352707,20.17,406,85
1787352708,17.65,438,84
1787352709,14.04,380,83
1787352710,10.69,380,82
1787352711,10.20,379,82
1787352712,9.91,378,82
1787352713,9.88,377,81
1787352714,9.96,377,81
1787352715,9.89,369,81
1787352716,10.68,374,81
1787352717,11.51,380,81
1787352718,10.83,359,81
1787352719,11.15,1276,81
1787352720,21.90,1620,85
1787352721,34.54,1611,86
1787352722,34.85,1609,86
1787352723,30.89,1609,86
1787352724,35.29,1609,86
1787352725,35.19,1614,87
1787352726,35.43,1608,87
1787352727,34.70,1608,87
1787352728,33.56,1608,87
1787352729,33.31,1608,87
1787352730,33.09,1608,87
1787352731,32.56,1608,87
1787352732,31.98,1608,87
1787352733,31.52,1608,87
1787352734,31.18,1608,87
1787352735,30.76,1608,87
1787352736,30.89,1608,87
1787352737,30.65,1608,87
1787352738,31.21,1608,87
1787352739,31.30,1608,87
1787352740,30.93,1608,87
1787352741,31.31,1608,87
1787352742,31.67,1608,87
1787352743,31.92,1608,88
1787352744,32.06,1608,88
1787352745,31.05,1608,88
1787352746,31.01,1608,88
1787352747,31.67,1608,88
1787352748,32.81,1608,88
1787352749,33.01,1608,88
1787352750,32.01,1608,88
1787352751,30.70,1608,88
1787352752,30.59,1608,88
1787352753,30.86,1608,88
1787352754,31.14,1608,88
1787352755,31.86,1608,88
1787352756,32.37,1608,88
1787352757,32.04,1608,88
1787352758,31.85,1608,88
1787352759,32.37,1608,88
1787352760,32.61,1608,88
1787352761,30.99,1608,88
1787352762,29.51,1608,88
1787352763,29.23,1608,88
1787352764,28.89,1608,88
1787352765,28.88,1608,88
1787352766,28.32,1608,88
1787352767,28.16,1608,88
1787352768,28.17,1608,87
1787352769,28.17,1608,88
1787352770,28.33,1608,88
1787352771,28.47,1608,88
1787352772,28.64,1608,88
1787352773,28.65,1608,88
1787352774,28.23,1608,88
1787352775,27.28,1608,87
1787352776,27.11,1608,87
1787352777,26.77,1608,87
1787352778,26.57,1608,87
1787352779,26.58,1608,87
1787352780,22.69,1693,86
1787352781,14.49,1687,85
1787352782,14.08,368,85
1787352783,11.53,368,84
1787352784,10.28,368,83
1787352785,10.29,367,83
1787352786,10.12,367,82
1787352787,10.03,366,82
1787352788,10.39,330,82
1787352789,10.30,331,82
1787352790,10.19,503,82
1787352791,20.28,597,84
1787352792,24.31,597,85
1787352793,24.12,594,85
1787352794,24.13,592,85
1787352795,24.34,592,85
1787352796,24.18,592,85
1787352797,24.11,592,85
1787352798,23.86,592,85
1787352799,23.69,592,85
1787352800,23.32,592,85
1787352801,23.37,592,85
1787352802,23.40,592,85
1787352803,23.27,592,85
1787352804,23.27,592,85
1787352805,23.18,592,85
1787352806,23.22,592,85
1787352807,23.19,592,85
1787352808,23.30,592,85
1787352809,23.25,592,85
1787352810,23.07,592,85
1787352811,23.20,592,85
1787352812,23.76,592,85
1787352813,23.74,592,85
1787352814,23.33,592,85
1787352815,23.38,592,85
1787352816,23.40,592,85
1787352817,23.30,592,85
1787352818,22.81,592,85
1787352819,22.95,592,85
1787352820,23.57,592,85
1787352821,23.96,592,85
1787352822,23.99,592,85
1787352823,23.59,592,85
1787352824,23.42,592,85
1787352825,22.60,592,85
1787352826,23.09,592,85
1787352827,23.09,592,85
1787352828,22.98,592,85
1787352829,22.85,592,85
1787352830,22.84,592,85
1787352831,22.96,592,85
1787352832,23.04,592,85
1787352833,22.97,592,85
1787352834,23.02,592,85
1787352835,23.14,592,85
1787352836,23.23,592,85
1787352837,23.36,592,85
1787352838,23.45,592,85
1787352839,23.67,592,85
1787352840,23.63,592,85
1787352841,23.39,592,85
1787352842,22.84,592,85
1787352843,22.76,592,85
1787352844,22.68,592,85
1787352845,22.59,592,85
1787352846,22.44,592,85
1787352847,22.40,592,85
1787352848,22.49,592,85
1787352849,22.57,592,85
1787352850,22.52,592,85
1787352851,21.75,606,85
1787352852,15.35,298,84
1787352853,14.84,298,84
1787352854,12.59,297,82
1787352855,10.41,296,82
1787352856,10.32,296,82
1787352857,10.15,295,81
1787352858,10.11,287,81
1787352859,10.31,491,81
1787352860,16.96,432,84
1787352861,31.77,429,84
1787352862,29.35,393,85
1787352863,28.99,388,85
1787352864,28.78,385,85
1787352865,29.24,380,85
1787352866,28.49,376,85
1787352867,28.41,376,85
1787352868,28.66,376,85
1787352869,28.90,376,85
1787352870,29.32,376,85
1787352871,28.75,376,85
1787352872,28.14,376,85
1787352873,29.23,376,85
1787352874,28.88,376,85
1787352875,29.13,376,85
1787352876,29.29,376,85
1787352877,29.64,376,86
1787352878,29.31,376,86
1787352879,29.50,376,86
1787352880,29.68,376,86
1787352881,29.56,376,86
1787352882,29.27,376,86
1787352883,29.58,376,86
1787352884,29.50,376,86
1787352885,29.78,376,86
1787352886,29.79,376,86
1787352887,29.43,376,86
1787352888,29.71,376,86
1787352889,29.91,376,86
1787352890,30.17,376,86
1787352891,30.00,376,86
1787352892,29.82,376,86
1787352893,30.02,376,86
1787352894,29.97,376,86
1787352895,29.86,376,86
1787352896,30.06,376,86
1787352897,29.89,376,86
1787352898,29.68,376,86
1787352899,29.73,376,86
1787352900,29.73,376,86
1787352901,29.66,376,86
1787352902,29.52,376,86
1787352903,29.42,376,86
1787352904,29.89,376,86
1787352905,29.76,376,86
1787352906,30.13,376,86
1787352907,30.01,376,86
1787352908,29.72,376,86
1787352909,29.74,376,86
1787352910,29.95,376,86
1787352911,29.69,376,86
1787352912,29.77,376,86
1787352913,29.71,376,86
1787352914,29.73,376,86
1787352915,29.96,376,86
1787352916,29.78,376,86
1787352917,29.40,376,86
1787352918,29.72,376,86
1787352920,29.45,376,86
1787352920,28.94,381,86
1787352921,19.20,379,84
1787352922,15.31,377,83
1787352924,13.45,377,82
1787352925,10.44,377,82
1787352926,10.28,376,81
1787352927,10.18,376,81
1787352928,10.16,375,81
1787352929,10.14,367,81
1787352930,15.97,352,83
1787352931,30.00,352,85
1787352932,38.15,355,87
1787352933,42.61,354,87
1787352934,37.97,347,87
1787352935,38.01,347,87
1787352936,38.08,343,87
1787352937,38.11,343,87
1787352938,36.02,343,86
1787352939,34.18,343,86
1787352940,34.00,343,86
1787352941,34.02,343,86
1787352942,33.98,343,86
1787352943,34.08,343,86
1787352944,34.18,343,86
1787352945,34.19,343,86
1787352946,34.12,343,86
1787352947,34.27,343,86
1787352948,34.18,343,87
1787352949,34.32,343,86
1787352950,34.29,343,87
1787352951,34.31,343,87
1787352952,34.37,343,87
1787352953,34.28,343,87
1787352954,34.22,343,87
1787352955,34.22,343,87
1787352956,34.24,343,87
1787352957,34.17,343,87
1787352958,34.24,343,87
1787352959,34.10,343,87
1787352960,34.29,343,87
1787352961,34.24,343,87
1787352962,34.24,343,87
1787352963,34.26,343,87
1787352964,34.24,343,87
1787352965,34.21,343,87
1787352966,34.01,343,87
1787352967,33.95,343,87
1787352968,33.85,343,87
1787352969,33.69,342,87
1787352970,33.59,342,87
1787352971,33.64,342,87
1787352972,33.70,342,87
1787352973,33.62,342,87
1787352974,33.61,342,87
1787352975,33.75,342,87
1787352976,33.89,342,87
1787352977,33.90,342,87
1787352978,33.79,342,87
1787352979,33.89,342,87
1787352980,33.95,342,87
1787352981,33.95,342,87
1787352982,33.88,342,87
1787352983,33.88,342,87
1787352984,33.92,342,87
1787352985,33.77,342,87
1787352986,33.70,342,87
1787352987,33.80,342,87
1787352988,33.72,342,87
1787352989,33.86,342,87
1787352990,31.43,145,85
