timestamp,watts,vram_mb,temp_c
1787319633,12.93,152,53
1787319634,12.88,283,54
1787319635,18.19,371,54
1787319636,23.21,362,56
1787319637,22.78,356,56
1787319638,23.20,356,57
1787319639,22.94,356,57
1787319640,23.49,354,58
1787319641,24.59,359,58
1787319642,24.23,359,58
1787319643,18.51,358,59
1787319644,23.78,358,59
1787319645,23.73,358,59
1787319646,23.32,358,59
1787319647,23.02,359,59
1787319648,23.65,359,60
1787319649,22.74,359,60
1787319650,21.45,359,60
1787319651,22.36,359,60
1787319652,22.29,359,60
1787319653,28.68,359,61
1787319654,23.14,359,61
1787319655,22.90,359,61
1787319656,22.89,359,61
1787319657,23.06,359,61
1787319658,22.45,359,61
1787319659,22.32,359,62
1787319660,22.15,359,62
1787319661,22.10,359,62
1787319662,23.73,359,62
1787319663,23.39,359,62
1787319664,23.91,359,62
1787319665,23.41,359,62
1787319666,22.93,359,63
1787319667,22.60,359,63
1787319668,23.04,359,63
1787319669,22.88,359,63
1787319670,23.01,359,63
1787319671,22.73,359,63
1787319672,21.48,359,63
1787319673,22.76,359,63
1787319674,23.57,359,64
1787319675,23.95,359,64
1787319676,21.29,359,64
1787319677,20.14,359,64
1787319678,20.32,359,64
1787319679,19.93,359,64
1787319680,19.86,359,64
1787319681,19.50,359,64
1787319682,19.31,359,64
1787319683,19.24,359,64
1787319684,19.31,359,64
1787319685,19.36,359,64
1787319686,19.54,359,64
1787319687,19.77,359,64
1787319688,20.07,359,64
1787319689,20.03,359,64
1787319690,19.13,359,64
1787319691,18.78,359,64
1787319692,18.61,359,64
1787319693,18.44,359,64
1787319694,18.41,359,64
1787319695,18.39,359,64
1787319696,12.76,393,63
1787319697,12.71,278,63
1787319698,10.34,277,62
1787319699,9.68,277,62
1787319700,8.68,277,61
1787319701,8.53,277,61
1787319702,8.47,277,61
1787319703,8.44,277,61
1787319704,9.23,439,61
1787319705,21.17,384,63
1787319706,25.08,381,64
1787319707,24.24,373,64
1787319708,24.66,373,65
1787319709,25.01,369,65
1787319710,24.66,366,65
1787319711,25.10,366,65
1787319712,25.00,366,66
1787319713,24.64,366,66
1787319714,24.51,366,66
1787319715,24.37,366,66
1787319716,24.27,366,66
1787319717,23.87,366,66
1787319718,24.32,366,66
1787319719,23.63,366,66
1787319720,23.13,366,66
1787319721,23.10,366,66
1787319722,22.99,366,66
1787319723,23.45,366,67
1787319724,23.58,366,67
1787319725,23.26,366,67
1787319726,23.32,366,67
1787319727,23.36,366,67
1787319728,22.96,366,67
1787319729,22.94,366,67
1787319730,22.52,366,67
1787319731,22.63,366,67
1787319732,23.09,366,67
1787319733,23.89,366,67
1787319734,24.32,366,67
1787319735,23.73,366,67
1787319736,23.36,366,67
1787319737,23.35,366,67
1787319738,23.32,366,67
1787319739,23.64,366,67
1787319740,23.92,366,68
1787319741,23.19,366,68
1787319742,22.10,366,68
1787319743,24.02,366,68
1787319744,23.98,366,68
1787319745,24.59,366,68
1787319746,20.80,366,68
1787319747,20.40,366,68
1787319748,20.26,366,67
1787319749,20.13,366,67
1787319750,19.95,366,67
1787319751,19.51,366,67
1787319752,19.44,373,67
1787319753,20.01,366,68
1787319754,20.53,366,67
1787319755,20.53,366,68
1787319756,20.55,366,67
1787319757,20.01,366,67
1787319758,20.08,366,67
1787319759,19.83,366,67
1787319760,19.17,366,67
1787319761,19.01,366,67
1787319762,18.84,366,67
1787319763,18.72,366,67
1787319764,18.58,366,67
1787319765,17.72,399,67
1787319766,12.90,400,66
1787319767,10.26,217,65
1787319768,9.20,217,65
1787319769,9.08,217,64
1787319770,8.75,217,64
1787319771,8.73,217,64
1787319772,8.73,217,64
1787319773,8.80,268,64
1787319774,14.89,396,65
1787319775,14.76,362,65
1787319776,9.80,358,64
1787319777,12.34,320,64
1787319778,9.73,307,64
1787319779,9.62,307,64
1787319780,10.56,307,64
1787319781,13.67,1691,66
1787319782,17.25,3758,66
1787319783,15.49,3812,66
1787319784,14.69,3859,66
1787319785,27.85,3853,68
1787319786,34.44,3853,70
1787319787,52.87,3853,74
1787319788,54.84,3853,76
1787319789,53.67,3853,76
1787319790,51.16,3853,76
1787319791,59.35,3859,78
1787319792,54.87,3853,78
1787319793,55.64,3853,78
1787319794,55.17,3853,79
1787319795,54.20,3853,79
1787319796,54.76,3857,79
1787319797,55.47,3855,80
1787319798,55.62,3855,80
1787319799,57.10,3849,81
1787319800,59.84,3849,81
1787319801,56.24,3855,81
1787319802,57.62,3855,81
1787319803,60.14,3849,82
1787319804,56.97,3849,82
1787319805,59.49,3849,83
1787319806,52.27,3855,82
1787319807,39.81,3834,81
1787319808,30.94,3840,77
1787319809,29.98,3834,77
1787319810,30.58,3834,77
1787319811,31.73,3834,77
1787319812,31.71,3834,77
1787319813,31.02,3834,76
1787319814,29.96,3834,76
1787319815,29.76,3834,76
1787319816,29.97,3834,76
1787319817,30.56,3834,76
1787319818,31.88,3834,77
1787319819,32.72,3834,77
1787319820,32.69,3834,77
1787319821,30.83,3834,77
1787319822,32.04,3834,77
1787319823,32.08,3834,77
1787319824,29.75,3828,77
1787319825,30.57,3828,77
1787319826,28.40,3828,77
1787319827,27.35,3828,76
1787319828,27.51,3828,76
1787319829,27.14,3828,76
1787319830,26.99,3828,76
1787319831,26.94,3828,76
1787319832,27.09,3828,76
1787319833,26.83,3828,76
1787319834,26.93,3828,76
1787319835,26.31,3828,76
1787319836,27.26,3828,76
1787319837,27.08,3828,76
1787319838,25.24,3828,76
1787319839,25.63,3828,76
1787319840,25.47,3828,76
1787319841,25.25,3828,76
1787319842,24.99,3828,76
1787319843,24.85,3828,76
1787319844,15.48,3868,74
1787319845,14.24,3261,74
1787319846,14.27,330,73
1787319847,13.15,330,72
1787319848,12.11,330,72
1787319849,9.52,330,71
1787319850,9.35,330,71
1787319851,9.24,330,71
1787319852,9.21,448,70
1787319853,10.02,485,70
1787319854,10.93,467,70
1787319855,20.63,703,72
1787319856,31.10,704,75
1787319857,31.36,700,75
1787319858,30.89,698,75
1787319859,29.70,698,75
1787319860,29.76,698,75
1787319861,31.75,698,76
1787319862,30.81,698,76
1787319863,30.10,698,76
1787319864,30.87,698,76
1787319865,31.53,698,76
1787319866,29.43,698,76
1787319867,29.09,698,76
1787319868,28.44,698,76
1787319869,28.74,698,76
1787319870,28.96,698,76
1787319871,29.11,698,77
1787319872,29.05,698,77
1787319873,29.28,698,77
1787319874,29.06,698,77
1787319875,29.58,698,77
1787319876,29.69,698,77
1787319877,29.01,698,77
1787319878,28.65,698,77
1787319879,28.99,698,77
1787319880,28.45,698,77
1787319881,28.27,698,77
1787319882,27.73,698,77
1787319883,30.15,698,78
1787319884,30.39,698,78
1787319885,29.36,698,78
1787319886,28.22,698,78
1787319887,28.46,698,78
1787319888,28.14,698,77
1787319890,28.20,698,78
1787319891,28.70,698,78
1787319892,29.42,698,78
1787319893,28.57,698,78
1787319894,28.99,698,78
1787319895,30.27,698,78
1787319896,31.04,698,78
1787319897,28.67,698,78
1787319898,27.92,698,78
1787319899,27.61,698,78
1787319900,27.62,698,78
1787319901,26.75,698,78
1787319902,26.23,698,78
1787319903,26.18,698,78
1787319904,26.45,698,78
1787319905,26.05,698,78
1787319906,26.15,698,78
1787319907,26.45,698,78
1787319908,26.67,698,78
1787319909,26.99,698,78
1787319910,26.62,698,78
1787319911,26.38,698,78
1787319912,26.44,698,78
1787319913,25.91,698,78
1787319914,25.49,698,78
1787319915,25.36,698,78
1787319916,24.79,754,77
1787319917,14.63,755,76
1787319918,14.40,385,75
1787319919,12.35,384,74
1787319920,9.91,384,73
1787319921,9.89,384,73
1787319922,9.46,384,73
1787319923,9.43,384,73
1787319924,9.40,384,72
1787319925,10.72,371,73
1787319926,30.35,342,77
1787319927,35.98,337,78
1787319928,30.42,332,77
1787319929,33.06,331,77
1787319930,31.01,325,77
1787319931,30.58,325,77
1787319932,31.03,325,77
1787319933,30.98,325,77
1787319934,31.08,325,78
1787319935,30.40,325,77
1787319936,30.68,325,78
1787319937,30.49,325,78
1787319938,31.77,325,78
1787319939,31.20,325,78
1787319940,32.27,325,78
1787319941,32.61,325,78
1787319942,32.49,325,78
1787319943,31.60,325,78
1787319944,32.91,325,79
1787319945,32.58,325,78
1787319946,34.01,325,79
1787319947,33.85,325,79
1787319948,34.53,325,79
1787319949,35.81,325,79
1787319950,34.78,325,79
1787319951,34.78,325,79
1787319952,34.69,325,79
1787319953,35.00,325,80
1787319954,35.09,325,79
1787319955,35.70,325,80
1787319956,35.89,325,80
1787319957,36.00,325,80
1787319958,36.49,325,80
1787319959,36.00,325,80
1787319960,36.01,325,80
1787319961,34.53,325,80
1787319962,35.15,325,80
1787319963,36.79,325,80
1787319964,35.15,325,80
1787319965,35.24,325,80
1787319966,35.49,325,80
1787319967,34.54,325,80
1787319968,35.48,325,80
1787319969,34.16,325,80
1787319970,33.84,325,80
1787319971,33.97,325,80
1787319972,32.67,325,80
1787319973,33.15,325,80
1787319974,32.45,325,80
1787319975,32.76,325,80
1787319976,31.99,325,80
1787319977,33.10,325,80
1787319978,31.37,325,80
1787319979,31.72,325,80
1787319980,31.68,325,80
1787319981,30.79,325,80
1787319982,31.55,325,80
1787319983,30.62,325,80
1787319984,30.96,325,80
1787319985,30.69,335,80
1787319986,20.93,335,77
1787319987,14.55,335,77
1787319988,13.71,335,76
1787319989,11.14,335,75
1787319990,9.59,335,74
1787319991,9.42,335,74
1787319992,9.23,335,73
1787319993,9.24,315,73
1787319994,11.48,320,74
1787319995,27.60,319,77
1787319996,35.74,317,79
1787319997,51.44,311,83
1787319998,72.97,309,87
1787319999,70.99,309,87
1787320000,64.82,309,87
1787320001,64.36,309,87
1787320002,59.37,309,86
1787320003,59.32,309,87
1787320004,59.37,309,87
1787320005,56.13,309,86
1787320006,53.73,315,86
1787320007,53.67,309,86
1787320008,54.06,309,87
1787320009,53.94,309,87
1787320010,54.12,309,87
1787320011,53.25,309,86
1787320012,48.47,309,86
1787320013,48.49,309,86
1787320014,48.36,309,86
1787320015,48.50,309,86
1787320016,48.46,309,86
1787320017,48.55,309,86
1787320018,48.60,309,87
1787320019,48.50,309,87
1787320020,48.60,315,87
1787320021,48.59,309,87
1787320022,48.55,309,87
1787320023,48.21,309,87
1787320024,44.78,309,87
1787320025,47.94,309,87
1787320026,44.11,309,86
1787320027,43.22,309,86
1787320028,47.68,309,87
1787320029,44.09,309,86
1787320030,45.19,309,87
1787320031,47.27,309,87
1787320032,43.57,315,87
1787320033,46.18,309,87
1787320034,44.15,309,86
1787320035,41.15,309,86
1787320036,45.38,309,87
1787320037,45.68,309,87
1787320038,41.26,309,86
1787320039,45.28,309,87
1787320040,41.81,309,86
1787320041,42.62,309,87
1787320042,41.01,309,86
1787320043,44.19,309,87
1787320044,40.19,309,86
1787320045,44.06,315,87
1787320046,44.31,309,87
1787320047,41.65,309,86
1787320048,41.30,309,87
1787320049,43.80,309,87
1787320050,39.46,309,87
1787320051,43.48,309,87
1787320052,43.59,309,87
1787320053,40.46,315,86
1787320054,39.93,321,85
1787320055,17.23,321,82
1787320056,15.13,321,81
1787320057,14.07,321,81
1787320058,13.05,321,79
1787320059,12.18,321,79
1787320060,10.22,321,79
1787320061,10.07,321,78
1787320062,9.86,269,78
1787320063,14.06,238,79
1787320064,14.95,241,79
1787320065,14.44,683,79
1787320066,21.96,683,80
1787320067,22.22,675,80
1787320068,22.16,675,80
1787320069,22.15,675,80
1787320070,22.14,675,80
1787320071,22.01,675,80
1787320072,21.88,675,80
1787320073,21.82,675,80
1787320074,21.67,675,80
1787320075,21.54,675,80
1787320076,21.54,675,80
1787320077,21.40,675,79
1787320078,21.32,675,80
1787320079,21.03,675,79
1787320080,21.08,675,79
1787320081,21.00,675,79
1787320082,21.32,675,79
1787320083,21.01,675,79
1787320084,20.63,676,79
1787320085,20.58,676,79
1787320087,21.59,676,79
1787320088,21.64,676,79
1787320089,21.65,676,79
1787320090,21.55,676,79
1787320091,21.19,676,79
1787320092,21.50,676,79
1787320093,21.36,676,79
1787320094,21.01,676,79
1787320095,21.18,676,79
1787320096,21.48,676,79
1787320097,21.78,676,79
1787320098,21.64,676,79
1787320099,20.85,676,79
1787320100,20.65,676,79
1787320101,20.06,676,79
1787320102,20.04,676,79
1787320103,20.02,676,79
1787320104,20.06,676,79
1787320105,19.99,676,79
1787320106,19.89,676,79
1787320107,19.79,676,79
1787320108,19.83,676,79
1787320109,19.84,676,79
1787320110,19.90,676,79
1787320111,19.77,676,79
1787320112,20.56,676,79
1787320113,21.18,676,79
1787320114,21.33,676,79
1787320115,21.42,676,79
1787320116,21.19,676,79
1787320117,20.21,676,79
1787320118,20.37,676,79
1787320119,19.93,676,78
1787320120,19.71,676,79
1787320121,20.19,676,78
1787320122,19.78,676,78
1787320123,19.63,676,78
1787320124,19.60,676,78
1787320125,19.60,676,78
1787320126,14.74,231,78
1787320127,14.59,219,77
1787320128,13.52,219,76
1787320129,10.25,219,75
1787320130,9.69,219,75
1787320131,9.60,219,75
1787320132,9.53,219,74
1787320133,9.49,219,74
1787320134,11.01,377,75
1787320135,15.41,738,75
1787320136,32.69,797,80
1787320137,48.55,790,83
1787320138,55.90,781,84
1787320139,54.25,776,84
1787320140,55.81,776,84
1787320141,53.76,776,86
1787320142,55.88,776,86
1787320143,54.44,776,86
1787320144,53.93,776,86
1787320145,51.47,776,86
1787320146,54.46,776,86
1787320147,55.69,776,87
1787320148,56.84,776,87
1787320149,53.40,776,87
1787320150,51.42,776,86
1787320151,51.77,776,87
1787320152,52.30,776,87
1787320153,50.96,776,87
1787320154,52.04,776,87
1787320155,52.75,776,87
1787320156,52.91,776,87
1787320157,53.08,776,88
1787320158,53.12,776,88
1787320159,53.20,776,88
1787320160,53.25,776,88
1787320161,53.42,776,88
1787320162,53.46,776,88
1787320163,53.46,776,88
1787320164,53.63,776,89
1787320165,53.71,776,89
1787320166,53.92,776,89
1787320167,53.77,776,89
1787320168,48.56,776,88
1787320169,48.47,776,88
1787320170,48.41,776,88
1787320171,48.41,776,88
1787320172,48.50,776,88
1787320173,48.56,776,88
1787320174,48.58,776,88
1787320175,48.35,776,88
1787320176,48.44,776,88
1787320177,48.50,776,89
1787320178,46.30,776,88
1787320179,47.00,776,89
1787320180,49.31,776,89
1787320181,47.56,776,89
1787320182,47.30,776,89
1787320183,47.50,776,89
1787320184,47.15,776,89
1787320185,47.58,776,89
1787320186,47.37,776,89
1787320187,46.97,776,89
1787320188,46.15,776,89
1787320189,46.97,776,89
1787320190,45.41,776,88
1787320191,45.53,776,89
1787320192,45.30,776,89
1787320193,47.29,776,89
1787320194,44.68,776,89
1787320195,31.82,233,85
1787320196,15.73,233,83
1787320197,14.95,219,83
1787320198,14.23,219,82
1787320199,12.87,219,82
1787320200,11.55,219,81
1787320201,10.23,219,80
1787320202,9.98,219,80
1787320203,10.35,333,79
1787320204,13.39,340,79
1787320205,11.48,318,79
1787320206,11.19,318,79
1787320207,27.65,1565,81
1787320208,31.16,1564,83
1787320209,30.30,1562,83
1787320210,30.97,1562,83
1787320211,32.39,1562,83
1787320212,32.89,1562,84
1787320213,33.36,1562,84
1787320214,33.28,1562,84
1787320215,32.10,1562,84
1787320216,32.59,1561,84
1787320217,31.51,1561,84
1787320218,31.89,1561,84
1787320219,31.68,1561,84
1787320220,30.86,1561,84
1787320221,30.41,1561,84
1787320222,30.11,1561,84
1787320223,30.52,1561,84
1787320224,30.14,1561,84
1787320225,30.80,1561,84
1787320226,31.18,1561,84
1787320227,30.70,1561,84
1787320228,30.97,1561,84
1787320229,31.31,1561,84
1787320230,31.59,1561,84
1787320231,31.72,1561,84
1787320232,31.27,1561,84
1787320233,31.58,1561,84
1787320234,31.03,1561,84
1787320235,32.29,1561,84
1787320236,32.29,1561,84
1787320237,31.80,1561,84
1787320238,30.30,1561,84
1787320239,30.01,1561,84
1787320240,30.10,1561,84
1787320241,30.34,1561,84
1787320242,31.30,1561,84
1787320243,32.10,1561,85
1787320244,31.46,1561,85
1787320245,31.14,1561,85
1787320246,35.76,1561,85
1787320247,32.62,1561,85
1787320248,31.72,1561,84
1787320249,29.54,1561,84
1787320250,29.22,1561,84
1787320251,28.87,1561,84
1787320252,28.88,1561,84
1787320253,28.42,1561,84
1787320254,28.30,1561,84
1787320255,28.37,1561,84
1787320256,28.22,1561,84
1787320257,28.34,1561,84
1787320258,28.63,1561,84
1787320259,28.66,1561,84
1787320260,28.69,1561,84
1787320261,28.33,1561,84
1787320262,27.70,1561,84
1787320263,27.35,1561,84
1787320264,26.85,1561,84
1787320265,26.48,1561,84
1787320266,26.34,1561,84
1787320267,26.32,1561,84
1787320268,21.29,1650,82
1787320269,14.22,325,81
1787320270,14.12,325,81
1787320271,11.13,325,79
1787320272,10.09,325,79
1787320273,9.98,325,79
1787320274,9.84,325,78
1787320275,9.80,325,78
1787320276,10.27,377,79
1787320277,15.05,1173,79
1787320279,14.97,1801,79
1787320280,17.36,2158,80
1787320281,22.26,2273,82
1787320282,25.43,2331,80
1787320283,14.96,2643,79
1787320284,14.64,2899,79
1787320285,13.37,3147,78
1787320286,11.09,3391,77
1787320287,10.85,3643,77
1787320288,10.73,3867,77
1787320289,10.84,3877,77
1787320290,11.90,3865,78
1787320291,34.46,3856,82
1787320292,36.52,3848,82
1787320293,34.97,3848,82
1787320294,34.78,3848,82
1787320295,34.80,3848,82
1787320296,35.61,3848,82
1787320297,35.55,3848,83
1787320298,36.79,3848,82
1787320299,34.65,3848,82
1787320300,35.17,3848,83
1787320301,35.05,3848,83
1787320302,34.80,3848,83
1787320303,35.35,3848,83
1787320304,34.55,3848,83
1787320305,36.37,3848,83
1787320306,35.69,3848,83
1787320307,35.55,3848,83
1787320308,35.78,3848,83
1787320309,35.13,3848,83
1787320310,36.06,3848,82
1787320311,34.77,3848,83
1787320312,37.06,3848,83
1787320313,36.09,3848,83
1787320314,35.41,3848,83
1787320315,36.59,3848,82
1787320316,35.73,3848,84
1787320317,34.62,3848,83
1787320318,35.94,3848,84
1787320319,35.18,3848,83
1787320320,34.87,3848,83
1787320321,35.01,3848,83
1787320322,35.46,3848,83
1787320323,35.76,3848,83
1787320324,34.33,3848,83
1787320325,34.90,3848,83
1787320326,35.52,3848,83
1787320327,34.71,3848,84
1787320328,34.32,3848,83
1787320329,34.78,3848,83
1787320330,34.61,3848,84
1787320331,35.23,3848,83
1787320332,36.03,3848,83
1787320333,36.10,3848,84
1787320334,34.66,3848,84
1787320335,35.26,3848,83
1787320336,35.34,3848,84
1787320337,35.15,3848,84
1787320338,35.97,3848,84
1787320339,34.85,3853,84
1787320340,20.66,217,80
1787320341,14.97,211,80
1787320342,13.84,211,79
1787320343,13.59,211,79
1787320344,11.60,211,78
1787320345,10.65,211,77
1787320346,9.75,211,77
1787320347,9.55,208,76
1787320348,11.77,251,78
1787320349,14.47,250,78
1787320350,11.16,250,77
1787320351,10.38,249,76
1787320352,10.16,249,76
1787320353,10.29,249,76
1787320354,9.68,249,76
1787320355,12.05,1181,76
1787320356,18.07,2317,79
1787320357,24.22,2317,79
1787320358,24.09,2301,79
1787320359,24.48,2301,79
1787320360,24.40,2301,79
1787320361,24.24,2301,79
1787320362,24.30,2301,80
1787320363,24.12,2301,80
1787320364,23.78,2301,80
1787320365,22.89,2301,80
1787320366,23.66,2301,80
1787320367,16.84,2301,80
1787320368,23.56,2301,80
1787320369,23.54,2301,80
1787320370,23.60,2301,80
1787320371,22.94,2301,80
1787320372,23.96,2301,80
1787320373,23.99,2301,80
1787320374,23.94,2301,80
1787320375,23.71,2301,80
1787320376,24.29,2301,80
1787320377,24.59,2301,80
1787320378,20.20,2302,79
1787320379,24.21,2302,80
1787320380,24.66,2302,80
1787320381,24.80,2302,80
1787320382,24.11,2302,80
1787320383,26.64,2302,80
1787320384,24.16,2302,80
1787320385,24.77,2302,80
1787320386,25.30,2302,81
1787320387,25.77,2302,81
1787320388,25.13,2302,81
1787320389,24.89,2302,80
1787320390,24.50,2302,81
1787320391,24.38,2302,80
1787320392,24.32,2302,81
1787320393,24.19,2302,81
1787320394,24.40,2302,81
1787320395,24.40,2302,81
1787320396,24.40,2302,81
1787320397,15.77,2302,81
1787320398,24.35,2302,81
1787320399,24.57,2302,81
1787320400,24.53,2302,81
1787320401,24.72,2302,81
1787320402,25.11,2302,81
1787320403,25.86,2302,81
1787320404,26.26,2301,81
1787320405,26.43,2301,81
1787320406,24.85,2301,81
1787320407,24.63,2301,81
1787320408,24.37,2301,81
1787320409,24.34,2301,81
1787320410,24.30,2301,81
1787320411,24.29,2301,81
1787320412,24.15,2301,81
1787320413,24.19,2301,81
1787320414,24.27,2301,81
1787320415,24.23,2301,81
1787320416,18.67,246,80
1787320417,15.04,233,79
1787320418,14.12,233,79
1787320419,13.66,233,79
1787320420,11.23,233,77
1787320421,10.60,233,77
1787320422,9.92,233,76
1787320423,9.84,233,76
1787320424,10.47,313,77
1787320425,25.70,313,80
1787320426,33.23,317,81
1787320427,45.12,317,85
1787320428,63.20,310,87
1787320429,57.46,310,86
1787320430,52.96,306,86
1787320431,52.96,306,87
1787320432,53.03,306,87
1787320433,51.05,306,86
1787320434,49.05,306,87
1787320435,49.56,306,86
1787320436,46.25,306,86
1787320437,46.33,306,86
1787320438,46.31,306,86
1787320439,46.26,306,86
1787320440,46.21,306,86
1787320441,46.37,306,87
1787320442,46.17,306,87
1787320443,46.07,306,87
1787320444,46.16,306,87
1787320445,46.16,306,87
1787320446,46.19,306,87
1787320447,46.23,306,87
1787320448,46.16,306,87
1787320450,46.06,306,87
1787320451,46.10,306,87
1787320452,44.47,306,86
1787320453,43.14,306,87
1787320454,45.47,306,87
1787320455,45.36,306,87
1787320456,41.71,306,87
1787320457,45.08,306,87
1787320458,44.99,306,87
1787320459,41.22,306,86
1787320460,44.08,306,87
1787320461,44.03,306,86
1787320462,40.59,306,87
1787320463,44.04,306,87
1787320464,43.84,306,87
1787320465,41.56,306,86
1787320466,41.57,306,87
1787320467,42.72,306,87
1787320468,42.69,306,87
1787320469,42.83,306,87
1787320470,42.72,306,87
1787320471,42.59,306,87
1787320472,42.65,306,87
1787320473,42.64,306,87
1787320474,42.64,306,87
1787320475,42.54,306,87
1787320476,42.61,306,87
1787320477,37.46,306,86
1787320478,41.65,306,87
1787320479,42.80,306,87
1787320480,40.12,306,86
1787320481,37.39,306,86
1787320482,42.05,306,87
1787320483,42.55,306,87
1787320484,39.87,306,86
1787320485,37.87,309,86
1787320486,23.01,317,83
1787320487,15.63,317,82
1787320488,14.60,317,81
1787320489,14.15,317,81
1787320490,11.41,317,79
1787320491,10.69,317,79
1787320492,10.13,317,78
1787320493,9.98,317,78
1787320494,12.27,393,79
1787320495,17.19,393,80
1787320496,13.66,383,79
1787320497,10.48,383,78
1787320498,16.08,380,79
1787320499,15.49,378,79
1787320500,13.41,376,78
1787320501,16.13,1546,79
1787320502,17.73,3728,79
1787320503,16.68,3819,79
1787320504,15.17,3806,79
1787320505,17.33,3806,79
1787320506,17.68,3818,79
1787320507,17.51,3818,79
1787320508,17.38,3818,79
1787320509,17.31,3818,79
1787320510,17.63,3818,79
1787320511,17.71,3818,79
1787320512,17.72,3818,79
1787320513,17.50,3818,79
1787320514,17.56,3818,79
1787320515,17.47,3818,79
1787320516,17.56,3818,79
1787320517,17.44,3818,79
1787320518,17.32,3818,78
1787320519,17.46,3818,78
1787320520,17.56,3818,78
1787320521,17.52,3818,78
1787320522,17.48,3818,78
1787320523,17.61,3818,78
1787320524,17.49,3818,78
1787320525,17.91,3818,78
1787320526,18.11,3799,78
1787320527,22.17,3782,79
1787320528,25.35,3782,79
1787320529,24.97,3782,79
1787320530,24.88,3782,79
1787320531,24.69,3782,79
1787320532,24.55,3782,79
1787320533,24.50,3782,79
1787320534,24.22,3782,79
1787320535,24.28,3782,79
1787320536,24.33,3782,79
1787320537,23.92,3782,79
1787320538,24.23,3782,80
1787320539,23.66,3782,79
1787320540,23.87,3782,80
1787320541,24.22,3782,80
1787320542,24.47,3782,80
1787320543,25.42,3782,80
1787320544,27.95,3782,81
1787320545,32.80,3782,82
1787320546,46.71,3782,86
1787320547,57.85,3782,86
1787320548,53.69,3782,87
1787320549,49.22,3782,87
1787320550,42.62,3782,86
1787320551,45.24,3782,86
1787320552,47.64,3782,87
1787320553,47.16,3782,87
1787320554,47.27,3782,87
1787320555,47.09,3782,87
1787320556,41.09,3750,86
1787320557,37.67,3750,85
1787320558,37.07,3750,85
1787320559,36.76,3750,85
1787320560,36.94,3750,85
1787320561,32.19,3750,85
1787320562,24.50,3593,84
1787320563,15.21,195,82
1787320564,14.98,195,81
1787320565,13.65,183,80
1787320566,10.43,183,79
1787320567,10.36,183,79
1787320568,10.04,183,78
1787320569,9.78,183,78
1787320570,9.77,284,78
1787320571,13.67,318,80
1787320572,30.04,326,81
1787320573,37.84,323,83
1787320574,54.81,319,87
1787320575,55.55,315,87
1787320576,50.16,315,86
1787320577,50.23,322,87
1787320578,50.37,315,87
1787320579,48.00,315,86
1787320580,44.74,315,86
1787320581,44.93,315,86
1787320582,44.86,315,86
1787320583,44.73,315,86
1787320584,44.75,315,86
1787320585,44.86,315,86
1787320586,44.81,315,86
1787320587,44.64,315,87
1787320588,44.70,315,87
1787320589,44.77,315,87
1787320590,44.64,315,87
1787320591,44.77,315,87
1787320592,44.84,315,87
1787320593,44.71,315,87
1787320594,44.73,315,87
1787320595,41.96,315,86
1787320596,39.48,315,86
1787320597,42.65,316,87
1787320598,44.35,310,87
1787320599,39.51,310,86
1787320600,39.50,310,86
1787320601,39.52,310,86
1787320602,39.46,310,86
1787320603,42.88,316,87
1787320604,39.98,310,86
1787320605,39.38,316,86
1787320606,39.35,310,86
1787320607,39.28,310,86
1787320608,43.07,310,87
1787320609,40.21,310,86
1787320610,38.88,310,86
1787320611,38.89,316,86
1787320612,38.90,310,86
1787320613,39.00,316,86
1787320614,38.83,310,86
1787320615,38.94,310,86
1787320616,38.83,310,86
1787320617,38.93,310,86
1787320618,38.73,310,86
1787320619,40.44,316,87
1787320620,40.81,310,87
1787320621,42.21,310,87
1787320622,42.51,310,87
1787320623,38.64,310,86
1787320624,39.74,310,87
1787320625,42.22,310,87
1787320626,39.02,316,86
1787320627,40.76,310,87
1787320629,40.86,316,87
1787320630,40.89,310,87
1787320631,40.86,310,87
1787320632,35.03,323,84
1787320633,15.47,323,82
1787320634,14.82,323,82
1787320635,13.86,323,81
1787320636,13.86,323,81
1787320637,11.15,323,80
1787320638,10.55,323,79
1787320639,9.77,323,79
1787320640,10.00,589,79
1787320641,21.27,606,81
1787320642,30.85,602,83
1787320643,38.68,602,85
1787320644,53.76,601,87
1787320645,52.61,599,87
1787320646,48.02,595,87
1787320647,47.46,595,87
1787320648,47.51,595,87
1787320649,47.47,595,87
1787320650,47.51,595,87
1787320651,46.25,595,86
1787320652,42.29,595,86
1787320653,42.28,595,86
1787320654,42.26,595,86
1787320655,42.30,595,86
1787320656,42.32,595,86
1787320657,42.33,595,86
1787320658,42.28,595,86
1787320659,42.27,595,86
1787320660,42.21,595,86
1787320661,42.27,595,86
1787320662,42.26,595,86
1787320663,42.35,595,86
1787320664,42.33,595,86
1787320665,42.37,595,86
1787320666,42.26,595,86
1787320667,42.35,595,86
1787320668,42.33,595,86
1787320669,42.36,595,86
1787320670,42.26,595,86
1787320671,42.36,595,86
1787320672,42.40,595,86
1787320673,42.37,595,86
1787320674,42.41,595,86
1787320675,42.31,595,86
1787320676,42.26,595,86
1787320677,42.24,595,87
1787320678,42.32,595,86
1787320679,42.26,595,86
1787320680,42.25,595,86
1787320681,42.16,595,87
1787320682,42.23,595,86
1787320683,42.26,595,87
1787320684,42.21,595,86
1787320685,42.13,595,87
1787320686,42.16,595,87
1787320687,42.14,595,87
1787320688,42.17,595,87
1787320689,42.16,595,87
1787320690,42.11,595,87
1787320691,42.17,595,87
1787320692,42.16,595,87
1787320693,42.12,595,87
1787320694,42.06,595,87
1787320695,42.14,595,87
1787320696,42.22,595,87
1787320697,42.17,595,87
1787320698,42.08,598,87
1787320699,42.13,598,87
1787320700,42.20,597,87
1787320701,28.58,237,83
1787320702,15.46,237,82
1787320703,14.43,228,81
1787320704,13.93,228,81
1787320705,13.19,228,80
1787320706,11.64,228,79
1787320707,10.03,228,79
1787320708,9.82,228,78
1787320709,12.13,393,79
1787320710,17.50,733,81
1787320711,27.66,727,82
1787320712,27.49,721,82
1787320713,27.17,721,82
1787320714,27.72,715,82
1787320715,26.90,715,82
1787320716,27.45,715,82
1787320717,26.63,715,82
1787320718,27.52,715,82
1787320719,26.57,715,82
1787320720,26.65,715,82
1787320721,26.39,715,82
1787320722,26.07,715,82
1787320723,25.65,715,82
1787320724,26.06,715,82
1787320725,26.10,715,82
1787320726,26.08,715,82
1787320727,26.09,715,82
1787320728,26.66,715,82
1787320729,26.56,715,83
1787320730,26.46,715,83
1787320731,26.71,715,83
1787320732,27.16,715,83
1787320733,27.35,715,83
1787320734,27.24,715,83
1787320735,26.92,715,83
1787320736,27.62,715,83
1787320737,28.27,715,83
1787320738,28.31,715,83
1787320739,28.68,715,83
1787320740,27.50,715,83
1787320741,26.95,715,83
1787320742,26.28,715,83
1787320743,26.60,715,83
1787320744,26.90,715,83
1787320745,27.34,715,83
1787320746,26.88,715,83
1787320747,26.09,715,83
1787320748,26.66,715,83
1787320749,28.09,715,83
1787320750,28.34,715,83
1787320751,27.92,715,83
1787320752,27.60,715,83
1787320753,27.28,715,83
1787320754,26.74,715,83
1787320755,26.46,715,83
1787320756,26.41,715,83
1787320757,26.23,715,83
1787320758,26.26,715,83
1787320759,26.37,715,83
1787320760,26.56,715,83
1787320761,26.87,715,83
1787320762,27.13,715,83
1787320763,27.21,715,83
1787320764,26.82,715,83
1787320765,25.97,715,83
1787320766,25.49,715,83
1787320767,25.21,715,83
1787320768,25.14,715,83
1787320769,24.98,715,83
1787320770,23.94,240,82
1787320771,16.21,240,81
1787320772,15.07,227,81
1787320773,12.37,227,79
1787320774,10.46,227,79
1787320775,10.43,227,79
1787320776,10.04,227,78
1787320777,9.97,227,78
1787320778,9.90,307,78
1787320779,11.08,364,79
1787320780,21.25,375,79
1787320781,27.02,371,81
1787320782,27.05,344,81
1787320783,26.50,337,81
1787320784,27.07,333,81
1787320785,26.39,331,81
1787320786,26.49,331,81
1787320787,25.86,331,81
1787320788,25.88,327,81
1787320789,25.87,327,81
1787320790,26.03,327,81
1787320791,25.93,327,81
1787320792,26.12,327,81
1787320793,25.63,327,81
1787320794,26.45,327,81
1787320795,25.96,327,81
1787320796,26.15,327,81
1787320797,26.34,327,81
1787320798,27.03,327,81
1787320799,26.70,327,81
1787320800,26.39,327,81
1787320801,26.32,327,81
1787320802,25.94,327,81
1787320803,26.90,327,81
1787320804,26.58,327,81
1787320805,26.74,327,81
1787320806,26.83,327,81
1787320807,26.64,327,81
1787320808,27.01,327,81
1787320809,25.90,327,81
1787320810,26.71,327,81
1787320811,26.25,327,81
1787320812,26.08,327,81
1787320813,26.30,327,81
1787320814,26.60,327,81
1787320815,26.60,327,81
1787320816,26.73,327,81
1787320817,26.16,327,81
1787320818,26.72,327,81
1787320819,26.59,327,81
1787320820,26.54,327,81
1787320821,26.97,327,81
1787320822,25.98,327,81
1787320823,26.49,327,81
1787320824,26.30,327,81
1787320825,26.92,327,81
1787320826,26.33,327,81
1787320827,26.68,327,81
1787320828,26.31,327,81
1787320829,27.31,327,81
1787320830,27.11,327,81
1787320831,27.04,327,81
1787320832,26.92,327,81
1787320833,27.11,327,81
1787320834,26.13,327,81
1787320835,26.83,327,81
1787320836,27.47,327,81
1787320837,26.44,327,81
1787320838,26.99,327,81
1787320839,26.06,327,81
1787320840,26.20,332,81
1787320841,19.92,338,79
1787320842,14.84,338,79
1787320843,13.09,337,77
1787320844,10.65,337,77
1787320845,9.97,337,77
1787320846,9.75,337,76
1787320847,9.54,337,76
1787320848,9.50,337,76
1787320849,9.81,316,75
1787320850,15.19,417,78
1787320851,22.76,419,78
1787320852,22.80,409,79
1787320853,22.90,408,79
1787320854,23.16,404,79
1787320855,23.07,401,79
1787320856,23.00,401,79
1787320857,22.67,401,79
1787320858,22.55,401,79
1787320859,22.07,401,79
1787320860,22.08,401,79
1787320861,22.07,401,79
1787320862,22.14,401,79
1787320863,21.98,401,79
1787320864,21.85,402,79
1787320865,22.02,402,79
1787320866,22.06,402,79
1787320867,22.04,402,79
1787320868,21.99,402,79
1787320869,22.25,402,79
1787320870,22.28,402,80
1787320871,22.52,402,80
1787320872,22.65,402,80
1787320873,22.17,402,80
1787320874,22.17,402,80
1787320875,22.39,402,80
1787320876,22.42,402,80
1787320877,21.79,402,80
1787320878,21.61,402,80
1787320879,22.33,402,80
1787320880,22.84,402,80
1787320881,22.83,402,80
1787320882,22.40,402,80
1787320883,22.25,402,80
1787320884,22.21,402,80
1787320885,21.89,402,80
1787320886,22.05,402,80
1787320887,21.88,402,80
1787320888,21.17,402,80
1787320889,21.68,402,80
1787320890,21.74,402,80
1787320891,21.11,402,80
1787320892,21.71,402,80
1787320893,21.64,402,80
1787320894,21.64,402,80
1787320896,21.69,402,80
1787320897,21.85,402,80
1787320898,21.85,402,80
1787320899,22.00,402,80
1787320900,22.21,402,80
1787320901,21.92,402,80
1787320902,21.67,402,80
1787320903,21.46,402,80
1787320904,21.56,402,80
1787320905,20.74,402,80
1787320906,20.49,402,80
1787320907,20.55,402,80
1787320908,20.63,402,80
1787320909,20.58,402,80
1787320910,20.42,402,80
1787320911,20.49,417,80
1787320912,14.94,417,79
1787320913,14.82,258,79
1787320914,13.18,258,78
1787320915,11.17,258,77
1787320916,9.92,258,77
1787320917,9.77,258,76
1787320918,9.60,258,76
1787320919,9.57,281,76
1787320920,11.98,842,77
1787320921,17.93,1290,78
1787320922,21.35,1598,77
1787320923,14.78,1958,77
1787320924,19.58,1912,79
1787320925,40.40,1900,82
1787320926,40.21,1900,82
1787320927,35.98,1900,82
1787320928,38.03,1900,82
1787320929,37.85,1900,82
1787320930,38.71,1900,83
1787320931,38.29,1900,82
1787320932,37.28,1900,82
1787320933,37.13,1900,83
1787320934,38.46,1900,83
1787320935,37.41,1900,83
1787320936,37.76,1900,83
1787320937,37.57,1900,83
1787320938,37.70,1900,83
1787320939,37.83,1900,83
1787320940,39.22,1900,84
1787320941,39.11,1900,84
1787320942,37.61,1900,83
1787320943,37.76,1900,84
1787320944,39.67,1900,84
1787320945,38.97,1900,84
1787320946,39.53,1900,83
1787320947,37.91,1900,84
1787320948,44.17,1900,85
1787320949,43.21,1900,85
1787320950,42.77,1900,85
1787320951,42.90,1900,85
1787320952,41.84,1900,85
1787320953,41.07,1900,85
1787320954,42.29,1900,85
1787320955,40.62,1900,85
1787320956,46.68,1900,86
1787320957,43.98,1900,86
1787320958,42.21,1900,85
1787320959,40.46,1900,85
1787320960,43.56,1900,86
1787320961,42.48,1900,86
1787320962,39.90,1900,85
1787320963,38.01,1900,85
1787320964,38.21,1900,85
1787320965,38.18,1900,85
1787320966,38.05,1900,85
1787320967,37.75,1900,85
1787320968,37.77,1900,85
1787320969,37.03,1900,85
1787320970,39.23,1900,85
1787320971,38.54,1900,85
1787320972,37.10,1900,85
1787320973,38.39,1900,85
1787320974,37.28,1900,85
1787320975,38.00,1900,85
1787320976,36.90,1900,85
1787320977,38.27,1900,85
1787320978,38.80,1900,85
1787320979,37.62,1900,85
1787320980,39.65,1900,85
1787320981,26.31,234,82
1787320982,15.18,234,81
1787320983,14.31,222,80
1787320984,13.71,222,80
1787320985,13.48,222,79
1787320986,10.14,222,78
1787320987,9.98,222,78
1787320988,9.79,222,77
1787320989,9.85,294,77
1787320990,10.24,294,77
1787320991,10.45,293,77
1787320992,12.09,288,77
1787320993,10.51,288,77
1787320994,10.46,288,77
1787320995,10.53,288,77
1787320996,10.56,288,77
1787320997,12.07,2655,78
1787320998,24.59,2704,79
1787320999,24.57,2704,80
1787321000,24.78,2704,80
1787321001,24.81,2704,80
1787321002,24.90,2704,80
1787321003,24.55,2704,80
1787321004,24.57,2704,80
1787321005,24.43,2704,81
1787321006,25.15,2704,81
1787321007,23.83,2704,80
1787321008,23.59,2704,81
1787321009,23.55,2704,81
1787321010,23.66,2704,81
1787321011,23.38,2704,81
1787321012,23.58,2704,81
1787321013,23.49,2704,81
1787321014,23.66,2704,81
1787321015,23.58,2704,81
1787321016,23.29,2704,81
1787321017,23.31,2704,81
1787321018,24.01,2704,81
1787321019,24.28,2704,81
1787321020,23.93,2704,81
1787321021,23.93,2704,81
1787321022,24.38,2704,81
1787321023,23.25,2704,81
1787321024,23.72,2704,81
1787321025,23.35,2704,81
1787321026,23.88,2704,81
1787321027,24.45,2704,81
1787321028,24.59,2704,81
1787321029,23.94,2704,81
1787321030,23.80,2704,81
1787321031,23.75,2704,81
1787321032,23.61,2704,81
1787321033,23.25,2704,81
1787321034,23.29,2704,81
1787321035,23.29,2704,81
1787321036,22.79,2704,81
1787321037,23.26,2704,81
1787321038,23.20,2704,81
1787321039,23.11,2704,81
1787321040,23.13,2704,81
1787321041,23.12,2704,81
1787321042,23.20,2704,81
1787321043,23.33,2704,81
1787321044,23.48,2704,82
1787321045,23.72,2704,82
1787321046,23.97,2704,82
1787321047,23.90,2704,82
1787321048,23.11,2704,82
1787321049,22.92,2704,81
1787321050,22.71,2704,81
1787321051,22.78,2704,82
1787321052,22.77,2704,81
1787321053,22.60,2704,81
1787321054,22.81,2704,81
1787321055,22.77,2704,81
1787321056,22.63,2704,81
1787321057,22.35,2715,81
1787321058,15.24,2722,80
1787321059,15.12,262,80
1787321060,14.20,262,80
1787321061,11.44,262,78
1787321062,10.36,262,78
1787321063,10.08,262,78
1787321064,9.93,262,77
1787321065,9.76,262,77
1787321066,10.30,372,77
1787321067,29.36,340,81
1787321068,31.80,335,81
1787321069,29.99,335,81
1787321070,26.65,331,81
1787321071,26.24,325,81
1787321072,27.33,325,81
1787321073,27.91,325,81
1787321074,27.60,325,81
1787321075,26.42,325,81
1787321076,27.42,325,81
1787321077,27.50,325,81
1787321078,27.54,325,81
1787321079,26.57,325,81
1787321080,27.23,325,81
1787321081,27.15,325,81
1787321082,28.18,325,81
1787321083,26.93,325,81
1787321084,28.18,325,81
1787321085,28.41,325,81
1787321086,28.92,325,81
1787321087,28.31,325,81
1787321088,28.08,325,81
1787321089,29.36,325,81
1787321090,29.22,325,82
1787321091,28.97,325,81
1787321092,27.66,325,81
1787321093,29.04,325,82
1787321094,29.63,325,82
1787321095,29.35,325,82
1787321096,29.18,325,82
1787321097,29.26,325,82
1787321098,29.51,325,82
1787321099,29.39,325,82
1787321100,28.49,325,82
1787321101,30.01,325,82
1787321102,29.93,325,82
1787321103,29.45,325,82
1787321104,28.73,325,82
1787321105,28.74,325,82
1787321106,27.81,325,81
1787321107,27.35,325,81
1787321108,28.32,325,82
1787321109,27.76,325,81
1787321110,28.17,325,81
1787321111,28.05,325,81
1787321112,27.90,325,81
1787321113,27.30,325,81
1787321114,28.33,325,82
1787321115,28.10,325,82
1787321116,27.81,325,82
1787321117,28.12,325,82
1787321118,27.81,325,82
1787321119,27.52,325,81
1787321120,27.65,325,81
1787321121,27.55,325,82
1787321122,27.47,325,81
1787321123,27.53,325,81
1787321124,26.96,325,81
1787321125,27.57,325,81
1787321126,27.58,325,81
1787321127,20.70,335,79
1787321128,14.78,335,79
1787321129,13.36,335,78
1787321130,10.26,335,77
1787321131,10.20,335,77
1787321132,9.74,335,77
1787321133,9.64,335,76
1787321134,9.55,335,76
1787321135,9.77,306,75
1787321136,9.79,314,75
1787321137,14.93,555,78
1787321139,23.16,550,78
1787321140,23.86,544,79
1787321141,23.91,542,79
1787321142,23.81,542,79
1787321143,23.54,542,79
1787321144,23.70,542,79
1787321145,24.11,542,79
1787321146,23.44,542,79
1787321147,23.08,542,79
1787321148,24.00,542,79
1787321149,22.72,542,79
1787321150,22.95,542,80
1787321151,22.79,542,80
1787321152,22.90,542,80
1787321153,22.70,542,80
1787321154,22.85,542,80
1787321155,23.22,542,80
1787321156,22.79,542,80
1787321157,22.64,542,80
1787321158,22.64,542,80
1787321159,23.29,542,80
1787321160,23.42,542,80
1787321161,22.86,542,80
1787321162,23.00,542,80
1787321163,22.80,542,80
1787321164,23.05,542,80
1787321165,22.60,542,80
1787321166,22.31,542,80
1787321167,23.32,542,80
1787321168,23.64,542,80
1787321169,23.31,542,80
1787321170,23.26,542,81
1787321171,22.95,542,80
1787321172,22.67,542,80
1787321173,22.69,542,80
1787321174,22.79,542,80
1787321175,22.68,542,80
1787321176,22.40,542,80
1787321177,22.32,542,80
1787321178,22.45,546,80
1787321179,22.34,546,81
1787321180,22.45,546,81
1787321181,22.47,546,81
1787321182,22.52,546,81
1787321183,22.70,546,81
1787321184,22.64,546,81
1787321185,22.71,546,81
1787321186,23.04,546,81
1787321187,23.21,546,81
1787321188,23.05,546,81
1787321189,22.56,546,81
1787321190,22.33,546,81
1787321191,22.42,546,81
1787321192,22.16,546,81
1787321193,22.15,546,81
1787321194,22.13,546,81
1787321195,22.07,546,81
1787321196,22.14,546,81
1787321197,22.11,546,81
1787321198,21.47,564,81
1787321199,14.99,564,80
1787321200,14.90,249,79
1787321201,13.76,249,79
1787321202,10.89,249,77
1787321203,10.15,249,77
1787321204,9.89,249,77
1787321205,9.75,249,77
1787321206,9.63,335,76
1787321207,12.21,522,79
1787321208,29.34,507,80
1787321209,35.62,495,82
1787321210,51.97,467,87
1787321211,61.66,429,87
1787321212,56.63,402,87
1787321213,52.14,402,86
1787321214,50.69,402,86
1787321215,50.70,402,86
1787321216,50.85,402,87
1787321217,50.86,402,87
1787321218,50.76,402,87
1787321219,48.06,402,86
1787321220,45.11,402,86
1787321221,49.74,402,87
1787321222,46.81,402,86
1787321223,45.86,402,87
1787321224,48.61,402,86
1787321225,44.25,402,86
1787321226,44.32,402,86
1787321227,44.28,402,86
1787321228,44.42,402,86
1787321229,44.42,402,86
1787321230,44.31,402,86
1787321231,44.44,402,86
1787321232,44.32,402,86
1787321233,44.30,402,86
1787321234,44.28,402,86
1787321235,44.28,402,86
1787321236,44.21,402,87
1787321237,44.19,402,87
1787321238,44.08,402,87
1787321239,44.18,402,87
1787321240,44.17,402,87
1787321241,44.07,402,87
1787321242,44.16,402,87
1787321243,44.15,402,87
1787321244,44.18,402,87
1787321245,44.17,402,87
1787321246,44.18,402,87
1787321247,39.47,402,86
1787321248,41.46,402,87
1787321249,44.23,402,87
1787321250,44.07,402,87
1787321251,41.78,402,86
1787321252,39.03,402,86
1787321253,41.78,402,87
1787321254,43.08,402,86
1787321255,38.81,402,86
1787321256,43.10,402,87
1787321257,43.14,402,87
1787321258,43.18,402,87
1787321259,38.94,402,86
1787321260,39.95,402,87
1787321261,43.07,402,87
1787321262,40.11,402,86
1787321263,38.08,402,86
1787321264,42.22,402,87
1787321265,43.01,402,87
1787321266,41.48,402,86
1787321267,35.47,235,85
1787321268,15.96,235,82
1787321269,14.83,229,82
1787321270,13.96,229,81
1787321271,13.91,229,81
1787321272,11.82,229,79
1787321273,10.80,229,79
1787321274,9.86,229,79
1787321275,9.68,284,78
1787321276,10.15,284,78
1787321277,9.88,283,78
1787321278,10.36,375,78
1787321279,12.72,972,78
1787321280,24.18,971,80
1787321281,23.94,969,81
1787321282,24.10,969,81
1787321283,24.24,969,81
1787321284,23.96,969,81
1787321285,24.26,969,81
1787321286,26.75,969,81
1787321287,23.89,969,81
1787321288,23.56,969,81
1787321289,23.66,969,81
1787321290,23.38,969,81
1787321291,23.45,969,81
1787321292,23.46,969,81
1787321293,23.19,969,81
1787321294,23.20,969,81
1787321295,23.50,969,81
1787321296,23.36,969,81
1787321297,23.23,969,81
1787321298,23.19,969,81
1787321299,23.06,969,81
1787321300,23.80,969,82
1787321301,23.85,969,82
1787321302,23.42,969,82
1787321303,23.30,969,82
1787321304,23.39,969,82
1787321305,23.54,969,82
1787321306,22.97,969,82
1787321307,22.68,969,82
1787321308,23.27,969,82
1787321309,23.95,969,82
1787321310,23.77,975,82
1787321311,23.48,975,82
1787321312,23.26,975,82
1787321313,23.03,975,82
1787321314,22.79,974,82
1787321315,22.85,974,82
1787321316,22.75,974,82
1787321317,22.57,974,82
1787321318,22.59,974,82
1787321319,22.58,974,82
1787321320,22.59,974,82
1787321321,22.52,974,82
1787321322,22.50,974,82
1787321323,22.15,974,82
1787321324,22.88,974,82
1787321325,22.73,974,82
1787321326,23.07,974,82
1787321327,23.20,974,82
1787321328,23.37,974,82
1787321329,22.84,974,82
1787321330,22.44,974,82
1787321331,22.42,974,82
1787321332,22.41,974,82
1787321333,22.35,974,82
1787321334,22.31,974,82
1787321335,22.30,974,82
1787321336,22.20,974,82
1787321337,22.27,974,82
1787321338,22.20,974,82
1787321339,21.40,992,81
1787321340,15.08,992,81
1787321341,14.53,351,80
1787321342,12.55,351,79
1787321343,10.20,351,78
1787321344,10.20,351,78
1787321345,9.84,351,78
1787321346,9.67,351,78
1787321347,9.61,300,77
1787321349,14.93,389,79
1787321350,15.46,388,79
1787321351,15.63,380,79
1787321352,13.59,878,78
1787321353,16.58,1870,80
1787321354,27.65,1868,81
1787321355,29.21,1860,81
1787321356,29.60,1860,81
1787321357,30.34,1860,82
1787321358,29.59,1860,82
1787321359,28.76,1860,82
1787321360,29.55,1860,82
1787321361,29.58,1860,82
1787321362,29.85,1860,82
1787321363,29.71,1860,82
1787321364,30.33,1860,82
1787321365,30.07,1860,82
1787321366,30.51,1860,82
1787321367,30.44,1860,82
1787321368,29.59,1860,83
1787321369,31.34,1860,83
1787321370,31.91,1860,83
1787321371,31.60,1860,83
1787321372,31.96,1860,83
1787321373,31.83,1860,83
1787321374,33.33,1860,84
1787321375,33.49,1860,84
1787321376,33.23,1860,84
1787321377,32.42,1860,84
1787321378,32.51,1860,84
1787321379,33.30,1860,84
1787321380,34.02,1860,84
1787321381,34.43,1860,84
1787321382,33.64,1860,84
1787321383,31.74,1860,84
1787321384,31.42,1860,84
1787321385,31.29,1860,84
1787321386,32.27,1860,84
1787321387,32.76,1860,84
1787321388,32.93,1860,84
1787321389,31.58,1860,84
1787321390,33.10,1860,84
1787321391,33.67,1860,85
1787321392,34.28,1860,85
1787321393,34.05,1860,85
1787321394,33.49,1860,85
1787321395,33.19,1860,85
1787321396,32.32,1860,85
1787321397,31.50,1860,85
1787321398,31.55,1860,85
1787321399,31.47,1860,85
1787321400,31.57,1860,85
1787321401,31.65,1860,85
1787321402,31.60,1860,85
1787321403,32.03,1860,85
1787321404,32.39,1860,85
1787321405,32.68,1860,85
1787321406,32.33,1860,85
1787321407,30.97,1860,85
1787321408,30.14,1860,85
1787321409,29.63,1860,85
1787321410,29.45,1860,85
1787321411,29.31,1860,85
1787321412,29.09,1997,84
1787321413,20.83,234,82
1787321414,15.32,222,82
1787321415,14.19,222,81
1787321416,11.45,222,80
1787321417,10.35,222,80
1787321418,10.06,222,79
1787321419,9.95,222,79
1787321420,9.84,222,79
1787321421,10.78,242,79
1787321422,14.84,242,80
1787321423,14.91,242,80
1787321424,11.03,515,78
1787321425,13.42,1008,80
1787321426,21.84,1006,81
1787321427,22.99,1000,81
1787321428,22.93,1000,81
1787321429,23.04,1000,81
1787321430,22.89,1000,81
1787321431,22.86,1000,81
1787321432,22.81,1000,81
1787321433,22.69,1000,81
1787321434,22.62,1000,81
1787321435,22.55,1000,81
1787321436,22.55,1000,81
1787321437,22.27,1000,81
1787321438,22.20,1000,81
1787321439,22.08,1000,81
1787321440,22.16,1000,81
1787321441,22.23,1000,81
1787321442,22.34,1000,81
1787321443,22.21,1000,81
1787321444,22.29,1000,81
1787321445,22.55,1000,81
1787321446,22.97,1000,81
1787321447,22.94,1000,81
1787321448,22.77,1000,81
1787321449,22.71,1000,81
1787321450,22.68,1000,81
1787321451,22.61,1000,81
1787321452,22.04,1000,81
1787321453,22.58,1000,81
1787321454,22.77,1000,81
1787321455,23.17,1000,81
1787321456,23.28,1000,81
1787321457,22.88,1000,81
1787321458,22.57,1000,81
1787321459,22.37,1000,81
1787321460,22.47,1000,81
1787321461,22.40,1000,81
1787321462,22.33,1000,81
1787321463,22.27,1000,81
1787321464,22.29,1000,81
1787321465,22.32,1000,81
1787321466,22.34,1000,81
1787321467,22.32,1000,81
1787321468,22.27,1000,81
1787321469,22.22,1000,81
1787321470,22.35,1000,81
1787321471,22.47,1000,81
1787321472,22.66,1000,81
1787321473,22.84,1000,81
1787321474,22.90,1000,81
1787321475,22.71,1000,81
1787321476,22.54,1000,81
1787321477,22.49,1000,81
1787321478,22.41,1000,81
1787321479,22.34,1000,81
1787321480,22.21,1000,81
1787321481,22.23,1000,81
1787321482,22.28,1000,81
1787321483,22.18,1000,81
1787321484,22.22,1000,81
1787321485,19.89,235,80
1787321486,15.11,235,80
1787321487,14.43,221,79
1787321488,13.22,221,78
1787321489,12.09,221,78
1787321490,10.08,221,78
1787321491,9.94,221,77
1787321492,9.67,221,77
1787321493,10.26,248,77
1787321494,14.58,576,78
1787321495,19.58,573,79
1787321496,20.86,566,79
1787321497,20.93,565,79
1787321498,20.97,559,79
1787321499,21.11,559,79
1787321500,21.11,559,79
1787321501,20.99,559,80
1787321502,20.96,559,79
1787321503,20.94,559,80
1787321504,20.89,559,80
1787321505,20.82,559,79
1787321506,20.77,559,79
1787321507,20.11,559,79
1787321508,20.12,559,79
1787321509,20.42,559,79
1787321510,19.97,559,79
1787321511,19.39,559,79
1787321512,19.39,559,79
1787321513,19.30,559,79
1787321514,19.36,559,79
1787321515,19.66,559,79
1787321516,20.53,559,79
1787321517,20.65,559,80
1787321518,20.56,559,80
1787321519,20.58,559,80
1787321520,20.40,559,79
1787321521,20.60,559,80
1787321522,19.58,559,79
1787321523,19.54,559,79
1787321524,19.64,559,79
1787321525,19.69,559,79
1787321526,20.42,559,80
1787321527,19.78,559,79
1787321528,19.40,559,79
1787321529,19.39,559,79
1787321530,19.37,559,79
1787321531,19.27,559,79
1787321532,19.24,559,79
1787321533,19.20,559,79
1787321534,19.11,559,79
1787321535,19.15,559,79
1787321536,19.14,559,79
1787321537,19.04,559,79
1787321538,19.03,559,79
1787321539,19.10,559,79
1787321540,19.14,559,79
1787321541,19.17,559,79
1787321542,19.16,559,79
1787321543,19.62,559,79
1787321544,19.83,559,79
1787321545,19.07,559,79
1787321546,19.02,559,79
1787321547,18.99,559,79
1787321548,19.09,559,79
1787321549,18.99,559,79
1787321550,18.94,559,79
1787321551,18.99,559,79
1787321552,19.00,559,79
1787321553,19.08,559,79
1787321554,19.00,568,79
1787321555,15.89,237,79
1787321556,14.53,225,78
1787321557,11.67,225,77
1787321558,9.91,225,76
1787321559,9.92,225,76
1787321560,9.53,225,76
1787321561,9.51,225,76
1787321562,9.48,225,75
1787321563,13.49,323,78
1787321565,29.98,323,80
1787321565,37.50,314,82
1787321566,56.31,314,87
1787321567,64.05,312,87
1787321569,57.08,312,87
1787321570,56.47,312,87
1787321571,51.66,312,86
1787321572,51.69,308,87
1787321573,51.74,308,87
1787321574,51.61,308,87
1787321575,46.28,308,86
1787321576,46.24,308,86
1787321577,46.10,308,86
1787321578,46.08,308,86
1787321579,45.98,308,86
1787321580,46.10,308,86
1787321581,45.82,308,86
1787321582,45.93,308,87
1787321583,46.08,308,87
1787321584,46.17,308,87
1787321585,45.92,308,87
1787321586,45.28,308,86
1787321587,40.65,308,86
1787321588,44.50,308,87
1787321589,45.26,308,86
1787321590,40.46,308,86
1787321591,40.52,308,86
1787321592,40.45,308,86
1787321593,40.51,308,86
1787321594,40.55,308,86
1787321595,40.39,308,86
1787321596,40.53,308,86
1787321597,40.50,308,86
1787321598,40.47,308,86
1787321599,40.38,308,86
1787321600,40.38,308,86
1787321601,40.41,308,86
1787321602,40.48,308,86
1787321603,40.41,308,86
1787321604,40.41,308,86
1787321605,40.33,308,87
1787321606,40.54,308,87
1787321607,40.54,308,87
1787321608,40.58,308,87
1787321609,40.44,308,87
1787321610,40.45,308,87
1787321611,40.47,308,87
1787321612,40.44,308,87
1787321613,40.39,308,87
1787321614,40.46,308,87
1787321615,40.48,308,87
1787321616,40.35,308,87
1787321617,36.80,308,86
1787321618,37.10,308,87
1787321619,39.86,308,87
1787321620,39.90,308,87
1787321621,39.88,308,87
1787321622,39.86,308,87
1787321623,39.84,308,87
1787321624,37.56,241,86
1787321625,23.00,241,83
1787321626,15.35,228,83
1787321627,14.22,228,82
1787321628,13.75,228,82
1787321629,12.55,228,80
1787321630,10.00,228,80
1787321631,9.90,228,79
1787321632,9.70,244,79
1787321633,11.73,393,80
1787321634,15.42,471,80
1787321635,15.37,1142,80
1787321636,24.58,1139,82
1787321637,27.47,1136,82
1787321638,29.79,1131,83
1787321639,29.66,1131,83
1787321640,29.28,1131,83
1787321641,28.67,1131,83
1787321642,27.57,1131,83
1787321643,29.42,1131,83
1787321644,28.51,1131,83
1787321645,28.22,1131,83
1787321646,29.24,1131,83
1787321647,29.95,1131,83
1787321648,30.06,1131,83
1787321649,29.89,1131,83
1787321650,30.24,1131,83
1787321651,30.73,1131,84
1787321652,31.09,1131,84
1787321653,31.30,1131,84
1787321654,30.91,1131,84
1787321655,32.77,1131,84
1787321656,32.77,1131,84
1787321657,32.59,1131,84
1787321658,32.64,1131,84
1787321659,31.93,1131,84
1787321660,32.16,1131,84
1787321661,32.99,1131,85
1787321662,33.61,1131,85
1787321663,33.52,1131,85
1787321664,33.13,1131,85
1787321665,31.51,1131,85
1787321666,30.86,1131,85
1787321667,31.01,1131,85
1787321668,31.53,1131,85
1787321669,31.44,1131,85
1787321670,31.98,1131,85
1787321671,31.24,1131,85
1787321672,30.86,1131,85
1787321673,33.23,1131,85
1787321674,33.78,1131,85
1787321675,33.79,1131,85
1787321676,33.07,1131,85
1787321677,32.75,1131,85
1787321678,31.95,1131,85
1787321679,31.19,1131,85
1787321680,31.31,1131,85
1787321681,31.14,1131,85
1787321682,31.10,1131,85
1787321683,31.17,1131,85
1787321684,31.32,1131,85
1787321685,31.79,1131,85
1787321686,32.44,1131,85
1787321687,32.69,1131,86
1787321688,32.29,1131,85
1787321689,30.85,1131,85
1787321690,30.12,1131,85
1787321691,29.76,1131,85
1787321692,29.50,1131,85
1787321693,29.36,1131,85
1787321694,29.06,1140,85
1787321695,19.76,234,83
1787321696,15.27,222,83
1787321697,14.09,222,82
1787321698,11.06,222,81
1787321699,10.40,222,80
1787321700,10.04,222,80
1787321701,9.90,222,80
1787321702,9.77,222,79
1787321703,10.82,242,80
1787321704,14.77,246,80
1787321705,15.02,695,80
1787321706,21.46,694,81
1787321707,22.15,685,81
1787321708,22.13,680,81
1787321709,22.11,680,81
1787321710,22.14,680,81
1787321711,22.13,680,82
1787321712,22.11,680,81
1787321713,21.97,680,82
1787321714,21.83,680,81
1787321715,21.76,680,81
1787321716,21.91,680,81
1787321717,21.63,680,81
1787321718,21.53,680,81
1787321719,21.15,680,81
1787321720,20.77,680,81
1787321721,20.90,680,81
1787321722,21.13,680,81
1787321723,21.48,680,81
1787321724,20.70,680,81
1787321725,20.85,680,81
1787321726,21.28,680,81
1787321727,21.90,680,81
1787321728,21.81,680,81
1787321729,21.71,680,81
1787321730,21.62,680,81
1787321731,21.66,680,81
1787321732,21.67,680,81
1787321733,21.41,680,81
1787321734,21.37,680,81
1787321735,21.44,680,81
1787321736,21.91,680,82
1787321737,21.87,680,81
1787321738,21.15,680,81
1787321739,20.98,680,81
1787321740,20.60,680,81
1787321741,20.37,680,81
1787321742,20.32,680,81
1787321743,20.32,680,81
1787321744,20.36,680,81
1787321745,20.25,680,81
1787321746,20.26,680,81
1787321747,20.23,680,81
1787321748,20.21,680,81
1787321749,20.10,680,81
1787321750,20.16,680,81
1787321751,20.25,680,81
1787321752,20.46,680,81
1787321753,21.50,680,81
1787321754,21.69,680,81
1787321755,21.74,680,81
1787321756,21.13,680,81
1787321757,20.18,680,81
1787321758,20.12,680,81
1787321759,20.38,680,81
1787321760,20.09,680,81
1787321761,19.98,680,81
1787321762,19.93,680,81
1787321763,20.09,680,81
1787321764,19.72,680,81
1787321765,19.81,244,80
1787321766,15.30,235,80
1787321767,14.59,222,79
1787321768,12.09,222,78
1787321769,10.11,222,78
1787321770,9.73,222,77
1787321771,9.68,222,77
1787321772,9.67,222,77
1787321773,9.61,228,77
1787321774,20.10,342,80
1787321775,34.87,338,82
1787321776,34.52,333,82
1787321778,30.06,331,81
1787321779,29.62,331,81
1787321780,29.26,325,81
1787321781,29.78,325,82
1787321782,29.74,325,81
1787321783,29.23,325,82
1787321784,29.75,325,82
1787321785,29.63,325,82
1787321786,29.56,325,82
1787321787,29.89,325,82
1787321788,30.36,325,82
1787321789,31.01,325,82
1787321790,32.11,325,82
1787321791,31.79,325,82
1787321792,31.32,325,82
1787321793,31.57,325,82
1787321794,31.63,325,83
1787321795,31.59,325,83
1787321796,31.49,325,83
1787321797,32.58,325,83
1787321798,33.98,325,83
1787321799,33.38,325,83
1787321800,33.48,325,83
1787321801,34.19,325,83
1787321802,33.52,325,83
1787321803,34.08,325,83
1787321804,34.24,325,84
1787321805,35.07,325,84
1787321806,34.47,325,84
1787321807,35.03,325,84
1787321808,34.80,325,84
1787321809,33.91,325,84
1787321810,34.83,325,84
1787321811,34.58,325,84
1787321812,33.67,325,84
1787321813,33.10,325,84
1787321814,34.13,325,84
1787321815,33.05,325,84
1787321816,33.32,325,84
1787321817,32.60,325,84
1787321818,32.62,325,84
1787321819,32.59,325,84
1787321820,31.10,325,84
1787321821,32.27,325,83
1787321822,32.17,325,84
1787321823,31.49,325,84
1787321824,32.52,325,84
1787321825,32.04,325,84
1787321826,31.07,325,84
1787321827,30.51,325,83
1787321828,31.32,325,84
1787321829,31.10,325,83
1787321830,30.85,325,83
1787321831,30.32,325,83
1787321832,30.00,325,83
1787321833,29.66,325,83
1787321834,29.91,325,83
1787321835,29.82,334,83
1787321836,17.71,334,81
1787321837,14.90,334,80
1787321838,13.51,334,80
1787321839,10.66,334,78
1787321840,9.90,334,78
1787321841,9.73,334,78
1787321842,9.56,334,77
1787321843,9.52,314,77
1787321844,12.92,333,78
1787321845,16.20,335,79
1787321846,12.47,341,78
1787321847,12.75,322,77
1787321848,12.51,321,77
1787321849,10.89,321,77
1787321850,11.87,321,77
1787321851,14.69,1575,77
1787321852,15.77,3632,78
1787321853,15.83,3762,78
1787321854,14.98,3738,78
1787321855,26.26,3793,80
1787321856,32.18,3793,81
1787321857,28.93,3787,81
1787321858,37.82,3787,83
1787321859,50.31,3787,87
1787321860,50.58,3787,86
1787321861,50.16,3793,87
1787321862,45.23,3787,86
1787321863,44.61,3787,87
1787321864,45.17,3787,87
1787321865,40.74,3793,86
1787321866,40.28,3787,86
1787321867,40.11,3787,87
1787321868,40.28,3787,86
1787321869,40.41,3793,87
1787321870,40.48,3787,87
1787321871,40.97,3787,87
1787321872,40.33,3787,87
1787321873,38.43,3787,86
1787321874,35.02,3787,86
1787321875,35.24,3793,86
1787321876,38.76,3787,87
1787321877,34.51,3787,86
1787321878,30.89,3787,85
1787321879,31.11,3787,85
1787321880,31.35,3787,85
1787321881,32.35,3787,85
1787321882,32.64,3787,85
1787321883,32.51,3787,85
1787321884,31.34,3787,85
1787321885,30.67,3781,85
1787321886,31.13,3781,85
1787321887,31.43,3781,85
1787321888,32.80,3781,85
1787321889,33.74,3781,86
1787321890,33.78,3781,86
1787321891,33.00,3781,85
1787321892,32.46,3781,86
1787321893,33.41,3781,86
1787321894,32.13,3781,85
1787321895,29.91,3781,85
1787321896,29.62,3781,85
1787321897,28.95,3781,85
1787321898,28.85,3781,85
1787321899,28.44,3781,85
1787321900,28.29,3781,85
1787321901,28.16,3781,85
1787321902,28.07,3781,85
1787321903,28.08,3781,85
1787321904,28.28,3781,85
1787321905,28.44,3781,85
1787321906,28.48,3781,85
1787321907,28.34,3781,85
1787321908,27.37,3781,85
1787321909,26.95,3781,85
1787321910,26.68,3787,85
1787321911,26.55,3787,84
1787321912,26.31,3787,84
1787321913,26.09,3787,84
1787321914,21.10,3829,83
1787321915,16.72,3672,83
1787321916,15.52,3117,82
1787321917,14.58,369,81
1787321918,11.96,369,80
1787321919,10.16,369,80
1787321920,10.00,369,80
1787321921,9.88,369,79
1787321922,9.79,388,79
1787321923,12.62,445,80
1787321924,15.58,446,80
1787321925,15.23,436,80
1787321926,11.31,690,79
1787321927,14.25,1820,80
1787321928,23.70,1922,82
1787321929,29.89,1914,83
1787321930,29.45,1914,83
1787321931,30.15,1914,83
1787321932,28.81,1914,83
1787321933,28.52,1914,83
1787321934,28.87,1914,83
1787321935,29.39,1914,83
1787321936,29.02,1914,83
1787321937,29.27,1914,83
1787321938,29.28,1914,83
1787321939,30.16,1914,83
1787321940,29.66,1914,83
1787321941,30.39,1914,84
1787321942,31.00,1914,84
1787321943,31.16,1914,84
1787321944,31.43,1914,84
1787321945,31.82,1914,84
1787321946,31.54,1914,84
1787321947,31.75,1914,84
1787321948,32.69,1914,84
1787321949,33.38,1914,85
1787321950,33.47,1914,85
1787321951,32.70,1914,85
1787321952,32.42,1914,85
1787321953,32.95,1914,85
1787321954,33.72,1914,85
1787321955,34.29,1914,85
1787321956,33.53,1914,85
1787321957,31.58,1914,85
1787321958,31.34,1914,85
1787321959,31.66,1914,85
1787321960,31.91,1914,85
1787321961,32.62,1914,85
1787321962,32.94,1914,85
1787321963,32.65,1914,85
1787321964,31.08,1914,85
1787321965,32.65,1914,85
1787321966,34.13,1914,86
1787321967,34.47,1914,86
1787321968,33.64,1914,86
1787321969,33.51,1914,86
1787321970,32.74,1914,85
1787321971,31.72,1914,85
1787321972,31.56,1914,85
1787321973,31.49,1914,85
1787321974,31.40,1914,85
1787321975,31.41,1914,85
1787321976,31.46,1914,86
1787321977,31.75,1914,86
1787321978,32.45,1914,86
1787321979,32.74,1914,86
1787321980,32.62,1914,86
1787321981,31.57,1914,86
1787321982,30.25,1914,86
1787321983,29.88,1914,85
1787321984,29.67,1914,85
1787321985,29.46,1914,85
1787321986,29.27,1914,85
1787321987,25.16,288,84
1787321988,15.36,275,83
1787321989,14.60,275,82
1787321990,13.24,275,81
1787321991,11.45,275,81
1787321992,10.02,275,80
1787321993,9.87,275,80
1787321994,9.73,275,79
1787321995,9.77,349,79
1787321996,10.23,349,79
1787321997,9.92,347,79
1787321998,9.93,344,79
1787321999,9.94,341,78
1787322000,10.00,341,78
1787322001,10.00,341,78
1787322002,11.78,341,78
1787322003,11.01,2727,79
1787322004,19.57,2756,81
1787322005,24.61,2756,81
1787322006,24.73,2756,82
1787322007,24.75,2756,82
1787322009,24.77,2756,82
1787322010,24.71,2756,82
1787322011,24.65,2756,82
1787322012,24.61,2756,82
1787322013,24.03,2756,82
1787322014,23.87,2756,82
1787322015,23.75,2756,82
1787322016,23.78,2756,82
1787322017,23.78,2756,82
1787322018,23.69,2756,82
1787322019,23.85,2756,82
1787322020,23.94,2756,82
1787322021,24.06,2756,82
1787322022,23.64,2756,82
1787322023,23.64,2756,82
1787322024,23.59,2756,82
1787322025,24.24,2756,82
1787322026,22.94,2762,82
1787322027,23.82,2756,82
1787322028,24.01,2756,82
1787322029,24.06,2756,82
1787322030,24.10,2756,82
1787322031,23.84,2756,82
1787322032,23.39,2756,82
1787322033,24.14,2756,82
1787322034,24.58,2756,83
1787322035,24.55,2756,83
1787322036,23.98,2756,82
1787322037,23.57,2756,83
1787322038,23.37,2756,82
1787322039,23.32,2756,82
1787322040,23.26,2756,82
1787322041,23.28,2756,82
1787322042,23.14,2756,82
1787322043,23.01,2756,82
1787322044,23.01,2756,82
1787322045,23.19,2756,82
1787322046,23.17,2756,82
1787322047,23.19,2756,83
1787322048,23.24,2756,82
1787322049,23.29,2756,82
1787322050,23.37,2756,83
1787322051,23.46,2756,83
1787322052,24.38,2756,83
1787322053,23.95,2756,83
1787322054,23.85,2756,83
1787322055,23.13,2756,82
1787322056,22.70,2756,83
1787322057,22.58,2756,83
1787322058,22.76,2756,82
1787322059,22.64,2756,82
1787322060,22.96,2756,82
1787322061,22.72,2756,82
1787322062,22.73,2756,82
1787322063,22.72,2756,82
1787322064,22.47,2774,82
1787322065,16.44,2774,81
1787322066,14.92,315,81
1787322067,13.80,315,80
1787322068,10.48,315,79
1787322069,10.37,315,79
1787322070,10.03,315,79
1787322071,9.86,315,78
1787322072,9.70,379,78
1787322073,11.91,294,79
1787322074,16.80,627,80
1787322075,21.07,618,80
1787322076,21.11,618,80
1787322077,21.24,614,80
1787322078,21.17,612,81
1787322079,21.27,612,81
1787322080,21.24,612,81
1787322081,21.05,612,81
1787322082,20.96,612,81
1787322083,20.85,612,81
1787322084,20.82,612,81
1787322085,20.83,612,81
1787322086,20.83,612,81
1787322087,19.98,612,80
1787322088,20.25,612,81
1787322089,20.07,612,81
1787322090,20.13,612,80
1787322091,19.56,612,80
1787322092,19.64,612,80
1787322093,19.70,612,80
1787322094,19.63,612,80
1787322095,19.80,612,80
1787322096,20.72,612,81
1787322097,20.84,612,81
1787322098,20.68,612,80
1787322099,20.50,612,80
1787322100,20.47,612,81
1787322101,20.70,612,81
1787322102,19.65,612,80
1787322103,19.57,612,80
1787322104,20.21,612,81
1787322105,20.61,612,81
1787322106,19.88,612,80
1787322107,19.37,612,80
1787322108,19.47,612,80
1787322109,19.43,612,80
1787322110,19.30,612,80
1787322111,19.41,612,80
1787322112,19.33,612,80
1787322113,19.35,612,80
1787322114,19.31,612,80
1787322115,19.25,612,80
1787322116,19.27,612,80
1787322117,19.17,612,80
1787322118,19.15,612,80
1787322119,19.21,612,80
1787322120,19.37,612,80
1787322121,19.42,612,80
1787322122,19.38,612,80
1787322123,19.84,612,80
1787322124,20.39,612,80
1787322125,19.37,612,80
1787322126,19.36,612,80
1787322127,19.31,612,80
1787322128,19.31,612,80
1787322129,19.23,612,80
1787322130,19.29,612,80
1787322131,19.34,612,80
1787322132,19.34,612,80
1787322133,19.26,612,80
1787322134,19.22,286,80
1787322135,15.04,286,79
1787322136,14.90,272,79
1787322137,11.15,272,78
1787322138,10.16,272,77
1787322139,10.05,272,77
1787322140,9.67,272,77
1787322141,9.63,272,77
1787322142,9.72,349,76
1787322143,9.84,349,76
1787322144,9.71,345,76
1787322145,11.37,345,76
1787322146,14.63,1038,78
1787322147,23.68,1038,79
1787322148,23.74,1032,79
1787322149,24.01,1032,79
1787322150,24.58,1030,80
1787322151,23.76,1030,80
1787322152,23.79,1030,80
1787322153,23.84,1030,80
1787322154,23.53,1030,80
1787322155,23.07,1030,80
1787322156,23.11,1030,80
1787322157,23.02,1030,80
1787322158,22.80,1030,80
1787322159,23.00,1030,80
1787322160,23.85,1030,80
1787322161,23.03,1030,80
1787322162,22.89,1030,80
1787322163,23.01,1029,80
1787322164,22.91,1029,80
1787322165,27.31,1029,80
1787322166,22.79,1029,80
1787322167,23.99,1029,80
1787322168,23.42,1029,81
1787322169,23.23,1029,80
1787322170,23.81,1029,80
1787322171,23.24,1029,81
1787322172,23.17,1029,81
1787322173,22.30,1029,81
1787322174,22.49,1029,81
1787322175,23.48,1029,81
1787322176,31.35,1029,81
1787322177,23.69,1029,81
1787322178,23.37,1029,81
1787322179,23.11,1029,81
1787322180,22.91,1029,81
1787322181,22.90,1029,81
1787322182,22.82,1029,81
1787322183,22.81,1029,81
1787322184,22.62,1029,81
1787322185,22.38,1029,81
1787322186,22.68,1029,81
1787322187,22.57,1029,81
1787322188,22.63,1029,81
1787322189,22.76,1029,81
1787322190,22.58,1029,81
1787322191,22.60,1029,81
1787322192,22.67,1029,81
1787322193,22.70,1029,81
1787322194,22.97,1029,81
1787322195,23.00,1029,81
1787322196,22.89,1029,81
1787322197,22.45,1029,81
1787322198,22.13,1029,81
1787322199,22.55,1029,81
1787322200,22.22,1029,81
1787322201,22.20,1029,81
1787322202,22.14,1029,81
1787322203,22.18,1029,81
1787322204,22.38,1029,81
1787322205,22.33,1029,81
1787322206,21.92,1046,81
1787322207,15.57,1046,80
1787322208,13.93,404,79
1787322209,12.65,404,78
1787322210,10.27,404,78
1787322211,10.25,404,77
1787322212,9.95,404,77
1787322213,9.81,404,77
1787322214,9.68,423,77
1787322215,9.95,426,76
1787322216,17.70,475,79
1787322217,23.01,465,79
1787322218,23.00,465,79
1787322219,22.95,459,79
1787322220,23.16,459,80
1787322221,23.28,459,80
1787322222,23.09,459,80
1787322223,22.87,459,80
1787322224,22.67,459,80
1787322225,22.40,459,80
1787322226,22.34,459,80
1787322227,22.31,459,80
1787322228,22.24,459,80
1787322229,22.22,459,80
1787322230,22.24,459,80
1787322231,22.22,459,80
1787322232,22.68,459,80
1787322233,22.22,459,80
1787322234,22.23,459,80
1787322235,21.93,459,80
1787322236,22.42,459,80
1787322237,22.68,459,80
1787322238,22.58,459,80
1787322239,22.46,459,80
1787322240,22.34,459,80
1787322241,22.43,459,80
1787322242,22.31,459,80
1787322243,21.88,459,80
1787322244,21.85,459,80
1787322245,22.36,459,80
1787322246,22.60,459,80
1787322247,22.79,459,80
1787322248,22.49,459,80
1787322249,22.21,459,80
1787322250,21.83,459,80
1787322251,21.97,459,80
1787322252,21.98,459,80
1787322253,21.75,459,80
1787322254,21.68,459,80
1787322255,21.64,459,81
1787322256,21.61,459,80
1787322258,21.57,459,80
1787322258,21.58,459,81
1787322260,21.64,459,80
1787322261,21.70,459,80
1787322262,21.88,459,81
1787322263,22.04,459,81
1787322264,22.16,459,81
1787322265,22.35,459,81
1787322266,22.22,459,81
1787322267,21.86,459,81
1787322268,21.64,459,81
1787322269,21.59,459,81
1787322270,21.50,459,81
1787322271,21.03,459,80
1787322272,20.96,459,81
1787322273,20.84,459,81
1787322274,20.81,459,80
1787322275,20.99,459,81
1787322276,20.95,459,80
1787322277,17.83,474,80
1787322278,14.89,332,79
1787322279,13.83,332,79
1787322280,11.43,332,78
1787322281,9.96,332,78
1787322282,9.81,332,77
1787322283,9.63,332,77
1787322284,9.53,332,77
1787322285,11.83,292,77
1787322286,14.62,295,78
1787322287,14.57,295,78
1787322288,11.03,296,76
1787322289,10.44,296,76
1787322290,10.52,296,76
1787322291,9.49,296,76
1787322292,13.06,1164,77
1787322293,19.43,2362,79
1787322294,23.89,2362,79
1787322295,23.89,2346,79
1787322296,24.02,2346,79
1787322297,24.12,2346,80
1787322298,26.27,2346,80
1787322299,24.09,2346,80
1787322300,23.97,2346,80
1787322301,23.89,2346,80
1787322302,23.62,2346,80
1787322303,23.58,2346,80
1787322304,23.67,2346,80
1787322305,23.44,2346,80
1787322306,23.34,2346,80
1787322307,23.40,2346,80
1787322308,23.54,2346,80
1787322309,23.67,2346,80
1787322310,23.92,2346,80
1787322311,23.71,2346,80
1787322312,23.65,2346,80
1787322313,24.43,2346,80
1787322314,24.57,2346,80
1787322315,22.76,2346,80
1787322316,24.23,2346,80
1787322317,24.43,2346,81
1787322318,24.62,2346,81
1787322319,24.40,2346,81
1787322320,23.70,2346,81
1787322321,23.73,2346,81
1787322322,24.55,2346,81
1787322323,25.25,2346,81
1787322324,25.64,2346,81
1787322325,24.99,2346,81
1787322326,24.77,2346,81
1787322327,24.50,2346,81
1787322328,24.26,2346,81
1787322329,24.28,2346,81
1787322330,24.25,2346,81
1787322331,24.15,2346,81
1787322332,24.05,2346,81
1787322333,24.18,2346,81
1787322334,24.20,2346,81
1787322335,24.26,2346,81
1787322336,24.26,2346,81
1787322337,24.45,2346,81
1787322338,24.59,2346,81
1787322339,24.87,2346,81
1787322340,25.36,2346,81
1787322341,25.96,2346,81
1787322342,26.49,2346,82
1787322343,25.87,2346,81
1787322344,24.67,2346,81
1787322345,24.24,2346,81
1787322346,24.06,2346,81
1787322347,24.10,2346,81
1787322348,23.98,2346,81
1787322349,23.97,2346,81
1787322350,23.96,2346,81
1787322351,23.96,2346,81
1787322352,23.99,2346,81
1787322353,21.41,290,80
1787322354,14.92,278,80
1787322355,14.42,278,79
1787322356,13.56,278,79
1787322357,13.57,278,79
1787322358,10.98,278,78
1787322359,10.28,278,77
1787322360,9.70,278,77
1787322361,9.69,369,77
1787322362,22.53,372,80
1787322363,32.51,374,82
1787322364,42.99,370,85
1787322365,60.23,369,87
1787322366,54.27,362,86
1787322367,50.51,362,87
1787322368,50.55,362,87
1787322369,50.46,362,87
1787322370,48.01,362,86
1787322371,47.45,362,87
1787322372,48.20,362,86
1787322373,44.16,362,87
1787322374,46.74,362,87
1787322375,46.76,362,87
1787322376,46.83,362,87
1787322377,45.33,362,86
1787322378,43.66,362,87
1787322379,45.36,362,87
1787322380,45.44,362,87
1787322381,41.66,362,86
1787322382,44.08,362,87
1787322383,45.11,362,87
1787322384,40.67,362,86
1787322385,40.52,362,87
1787322386,44.68,362,87
1787322387,39.77,362,86
1787322388,39.27,362,86
1787322389,43.71,368,87
1787322390,40.72,362,86
1787322391,43.58,362,87
1787322392,39.98,362,87
1787322393,43.61,362,87
1787322394,39.22,362,86
1787322395,42.92,362,87
1787322396,38.93,362,86
1787322397,41.73,362,87
1787322398,42.72,362,87
1787322399,39.64,362,87
1787322400,41.75,368,87
1787322401,41.78,362,87
1787322402,41.76,362,87
1787322403,41.65,362,87
1787322404,41.71,368,87
1787322405,36.84,362,86
1787322406,38.82,362,87
1787322407,42.02,362,87
1787322408,39.28,368,86
1787322409,37.94,362,87
1787322410,41.40,362,87
1787322411,41.36,368,87
1787322412,41.38,362,87
1787322413,36.75,362,86
1787322414,36.93,362,87
1787322415,41.62,368,87
1787322416,36.28,368,86
1787322417,39.50,362,87
1787322418,40.88,368,87
1787322419,37.47,362,86
1787322420,38.67,362,87
1787322421,40.38,372,87
1787322422,25.63,372,83
1787322423,15.16,372,82
1787322424,14.15,372,82
1787322425,13.80,372,81
1787322426,13.23,372,80
1787322427,10.10,372,80
1787322428,10.00,372,79
1787322429,9.83,247,79
1787322430,10.24,415,78
1787322431,20.55,427,80
1787322432,23.81,427,82
1787322433,26.87,404,82
1787322434,26.09,351,82
1787322435,26.78,348,82
1787322436,26.40,344,82
1787322437,25.54,343,82
1787322438,25.66,339,82
1787322439,25.82,339,82
1787322440,25.76,339,82
1787322441,25.99,339,82
1787322442,25.91,339,82
1787322443,25.59,339,82
1787322444,25.39,339,82
1787322445,25.40,339,82
1787322446,25.26,339,82
1787322447,25.65,339,82
1787322448,25.91,339,82
1787322449,25.75,339,82
1787322450,25.88,339,82
1787322451,25.74,339,82
1787322452,25.52,339,82
1787322453,26.56,339,82
1787322454,25.94,339,82
1787322455,25.63,339,81
1787322456,26.00,339,82
1787322457,26.20,339,82
1787322458,25.54,339,82
1787322459,25.33,339,82
1787322460,26.24,339,82
1787322461,26.45,339,82
1787322463,26.85,339,82
1787322464,26.38,339,82
1787322465,27.01,339,82
1787322466,26.39,339,82
1787322467,26.27,339,82
1787322468,26.15,339,82
1787322469,26.25,339,82
1787322470,26.54,339,82
1787322471,26.32,339,82
1787322472,24.73,339,81
1787322473,25.69,339,81
1787322474,26.45,339,82
1787322475,26.01,339,81
1787322476,26.21,339,82
1787322477,25.96,339,81
1787322478,25.92,339,81
1787322479,26.09,339,81
1787322480,26.09,339,82
1787322481,26.49,339,82
1787322482,26.36,339,82
1787322483,26.33,339,81
1787322484,27.21,339,82
1787322485,26.88,339,82
1787322486,26.13,339,81
1787322487,26.48,339,82
1787322488,26.13,339,82
1787322489,26.10,339,81
1787322490,26.20,339,82
1787322491,26.39,339,82
1787322492,26.25,339,81
1787322493,22.46,350,80
1787322494,14.97,350,79
1787322495,14.29,350,79
1787322496,11.42,350,77
1787322497,11.08,350,77
1787322498,9.92,350,77
1787322499,9.82,350,77
1787322500,9.70,350,76
1787322501,10.09,378,77
1787322502,14.87,967,77
1787322503,14.82,1699,77
1787322504,16.69,2119,79
1787322505,22.89,2297,80
1787322506,19.10,2425,78
1787322507,14.72,2733,78
1787322508,13.90,3029,77
1787322509,12.12,3317,76
1787322510,10.65,3565,76
1787322511,10.57,3773,76
1787322512,10.67,3897,76
1787322513,11.44,3904,76
1787322514,30.03,3895,80
1787322515,36.36,3876,81
1787322516,34.74,3876,81
1787322517,36.65,3876,82
1787322518,35.01,3876,81
1787322519,36.35,3876,81
1787322520,37.49,3876,82
1787322521,34.82,3876,82
1787322522,36.31,3876,82
1787322523,34.48,3876,82
1787322524,35.38,3876,82
1787322525,34.92,3876,82
1787322526,33.81,3876,82
1787322527,34.51,3876,82
1787322528,34.75,3876,82
1787322529,35.57,3876,82
1787322530,35.57,3876,82
1787322531,35.05,3876,82
1787322532,34.15,3876,82
1787322533,35.78,3876,83
1787322534,36.38,3876,83
1787322535,35.38,3876,83
1787322536,36.12,3876,82
1787322537,34.61,3876,82
1787322538,35.44,3876,83
1787322539,36.45,3876,83
1787322540,35.47,3876,82
1787322541,34.89,3876,83
1787322542,36.08,3876,83
1787322543,34.52,3876,83
1787322544,33.99,3876,83
1787322545,34.61,3876,83
1787322546,35.79,3876,83
1787322547,34.49,3876,83
1787322548,36.27,3876,83
1787322549,34.56,3876,83
1787322550,35.85,3876,83
1787322551,34.85,3876,83
1787322552,35.40,3876,83
1787322553,34.88,3876,83
1787322554,35.16,3876,83
1787322555,35.65,3876,84
1787322556,35.02,3876,83
1787322557,34.79,3876,83
1787322558,34.44,3876,83
1787322559,34.72,3876,83
1787322560,35.62,3876,83
1787322561,35.45,3876,83
1787322562,35.16,3876,84
1787322563,36.49,3876,83
1787322564,32.26,221,81
1787322565,15.15,221,80
1787322566,14.98,211,80
1787322567,13.74,211,79
1787322568,10.42,211,78
1787322569,9.97,211,77
1787322570,9.78,211,77
1787322571,9.67,211,77
1787322572,13.77,341,79
1787322573,29.40,341,81
1787322574,35.93,337,83
1787322575,51.75,330,87
1787322576,60.07,330,86
1787322577,53.23,330,87
1787322578,53.42,330,87
1787322579,49.93,330,86
1787322580,48.14,330,87
1787322581,48.14,330,87
1787322582,48.25,330,87
1787322583,48.29,330,87
1787322584,46.19,330,86
1787322585,43.14,330,86
1787322586,43.24,330,86
1787322587,43.14,330,86
1787322588,42.98,330,86
1787322589,43.01,330,86
1787322590,43.22,330,87
1787322591,43.12,330,86
1787322592,43.05,330,87
1787322593,43.11,330,87
1787322594,43.15,330,87
1787322595,43.07,330,87
1787322596,43.04,330,87
1787322597,43.03,330,87
1787322598,42.69,330,87
1787322599,38.39,330,87
1787322600,42.55,330,87
1787322601,42.70,330,87
1787322602,38.03,330,86
1787322603,41.94,330,87
1787322604,42.19,330,87
1787322605,37.58,330,86
1787322606,36.65,330,86
1787322607,39.78,330,87
1787322608,40.02,330,86
1787322609,36.54,330,86
1787322610,36.45,330,86
1787322611,40.33,330,86
1787322612,36.36,330,86
1787322613,38.56,330,87
1787322614,37.70,330,86
1787322615,36.35,330,86
1787322616,36.35,330,86
1787322617,36.20,330,86
1787322618,39.96,330,87
1787322619,36.32,330,86
1787322620,36.27,330,86
1787322621,36.20,330,86
1787322622,36.21,330,86
1787322623,36.20,330,86
1787322624,36.20,330,86
1787322625,36.21,330,86
1787322626,38.42,330,87
1787322627,37.14,330,86
1787322628,36.08,330,86
1787322629,35.97,330,86
1787322630,36.05,330,86
1787322631,36.08,330,86
1787322632,36.08,257,86
1787322633,23.83,257,83
1787322634,15.57,244,83
1787322635,14.44,244,82
1787322636,14.01,244,82
1787322637,13.45,244,81
1787322639,10.27,244,80
1787322640,10.15,244,80
1787322641,9.98,251,79
1787322642,10.90,343,79
1787322643,11.44,343,79
1787322644,12.09,336,79
1787322645,12.69,1426,79
1787322646,26.39,1561,82
1787322647,32.74,1559,83
1787322648,33.12,1557,83
1787322649,33.52,1557,84
1787322650,33.30,1557,84
1787322651,33.99,1557,84
1787322652,33.85,1557,84
1787322653,32.35,1557,84
1787322654,31.99,1557,84
1787322655,32.59,1557,84
1787322656,32.20,1557,84
1787322657,31.67,1557,84
1787322658,32.18,1562,84
1787322659,31.55,1562,84
1787322660,31.22,1562,84
1787322661,31.07,1562,84
1787322662,30.56,1562,84
1787322663,30.65,1562,85
1787322664,31.05,1562,85
1787322665,30.56,1562,85
1787322666,30.68,1562,85
1787322667,31.01,1562,85
1787322668,31.15,1562,85
1787322669,31.42,1562,85
1787322670,31.07,1562,85
1787322671,30.33,1562,85
1787322672,31.09,1562,85
1787322673,32.78,1555,85
1787322674,33.04,1562,85
1787322675,32.97,1562,85
1787322676,31.51,1562,85
1787322677,30.84,1562,85
1787322678,30.97,1562,85
1787322679,31.31,1562,85
1787322680,32.10,1562,85
1787322681,32.95,1562,86
1787322682,32.72,1562,86
1787322683,32.39,1562,86
1787322684,31.99,1562,86
1787322685,32.87,1562,86
1787322686,31.70,1562,86
1787322687,30.25,1562,85
1787322688,29.55,1562,85
1787322689,29.17,1562,85
1787322690,28.89,1562,85
1787322691,28.62,1562,85
1787322692,28.30,1562,85
1787322693,28.29,1562,85
1787322694,28.33,1562,85
1787322695,28.39,1562,85
1787322696,28.51,1562,85
1787322697,28.66,1562,85
1787322698,28.67,1562,85
1787322699,28.40,1562,85
1787322700,27.89,1562,85
1787322701,27.30,1562,85
1787322702,26.90,1562,85
1787322703,26.67,1562,85
1787322704,26.13,1555,85
1787322705,26.16,1555,85
1787322706,23.86,1645,84
1787322707,15.37,379,83
1787322708,14.65,379,82
1787322709,11.10,379,81
1787322710,10.40,379,80
1787322711,10.34,379,80
1787322712,9.89,379,80
1787322713,9.88,379,80
1787322714,9.91,318,79
1787322715,22.93,374,83
1787322716,30.30,332,83
1787322717,30.80,332,83
1787322718,27.37,330,83
1787322719,27.48,326,83
1787322720,27.12,321,83
1787322721,26.68,321,83
1787322722,27.04,321,83
1787322723,26.91,321,83
1787322724,26.39,321,83
1787322725,27.05,321,83
1787322726,27.17,321,83
1787322727,27.22,321,83
1787322728,27.02,321,83
1787322729,27.40,321,83
1787322730,27.74,321,83
1787322731,28.18,321,83
1787322732,27.87,321,83
1787322733,27.83,321,83
1787322734,27.52,321,83
1787322735,28.61,321,83
1787322736,28.39,321,83
1787322737,28.89,321,83
1787322738,28.18,321,83
1787322739,28.44,321,83
1787322740,28.95,321,83
1787322741,29.17,321,83
1787322742,28.77,321,83
1787322743,28.76,321,83
1787322744,28.74,321,83
1787322745,28.97,321,83
1787322746,27.98,321,83
1787322747,28.13,321,83
1787322748,28.79,321,83
1787322749,28.51,321,83
1787322750,28.30,321,83
1787322751,28.17,321,83
1787322752,28.90,321,83
1787322753,28.37,321,83
1787322754,28.01,321,83
1787322755,27.65,321,83
1787322756,28.62,321,83
1787322757,28.44,321,83
1787322758,28.07,321,83
1787322759,28.29,321,83
1787322760,27.32,321,83
1787322761,28.39,321,83
1787322762,28.12,321,83
1787322763,28.07,321,83
1787322764,27.52,321,83
1787322765,27.81,321,83
1787322766,28.17,321,83
1787322767,28.79,321,83
1787322768,28.11,321,83
1787322769,27.58,321,83
1787322770,28.40,321,83
1787322771,29.08,321,83
1787322772,28.37,321,83
1787322773,28.48,321,83
1787322774,27.69,321,83
1787322775,27.85,332,83
1787322776,20.42,332,81
1787322777,14.90,332,80
1787322778,12.89,332,79
1787322779,10.18,332,78
1787322780,10.18,332,78
1787322781,9.64,332,78
1787322782,9.57,332,78
1787322783,9.54,260,77
1787322784,11.03,384,78
1787322785,15.21,415,79
1787322786,15.28,1140,78
1787322787,23.02,1138,81
1787322788,28.81,1134,81
1787322789,28.68,1130,81
1787322790,29.13,1128,81
1787322791,29.43,1128,82
1787322792,29.21,1128,82
1787322793,28.20,1128,82
1787322794,30.25,1128,82
1787322795,29.84,1128,82
1787322796,28.91,1128,82
1787322797,29.90,1128,82
1787322798,29.65,1128,82
1787322799,29.78,1128,82
1787322800,30.18,1128,82
1787322801,30.47,1128,83
1787322802,30.50,1128,83
1787322803,31.19,1128,83
1787322804,31.19,1128,83
1787322805,30.97,1128,83
1787322806,31.49,1128,83
1787322807,32.69,1128,84
1787322808,32.67,1128,84
1787322809,32.72,1128,84
1787322810,32.15,1128,84
1787322811,32.26,1128,84
1787322812,32.99,1128,84
1787322813,33.64,1128,84
1787322814,33.57,1128,84
1787322815,33.04,1128,84
1787322816,31.79,1128,84
1787322817,31.35,1128,84
1787322818,31.19,1128,84
1787322819,31.58,1128,84
1787322820,32.31,1128,84
1787322821,32.71,1128,84
1787322822,31.13,1128,84
1787322823,30.80,1128,84
1787322824,33.25,1128,85
1787322825,34.29,1128,85
1787322826,33.81,1128,85
1787322827,33.59,1128,85
1787322828,32.68,1128,85
1787322829,31.92,1128,85
1787322830,31.18,1128,85
1787322831,31.29,1128,85
1787322832,31.14,1128,85
1787322833,31.18,1128,85
1787322834,31.26,1128,85
1787322835,31.40,1128,85
1787322836,31.80,1128,85
1787322837,32.24,1128,85
1787322838,32.57,1128,85
1787322839,32.13,1128,85
1787322840,30.86,1128,85
1787322841,30.18,1128,85
1787322842,29.73,1128,85
1787322843,29.49,1128,85
1787322844,29.38,1128,85
1787322845,29.08,1128,85
1787322846,20.49,232,83
1787322847,15.31,219,82
1787322848,14.19,219,82
1787322849,10.39,219,80
1787322850,10.38,219,80
1787322851,10.02,219,80
1787322852,9.87,219,79
1787322853,9.75,219,79
1787322854,10.62,327,79
1787322855,18.21,383,81
1787322856,26.44,380,82
1787322857,25.73,373,82
1787322858,24.93,372,82
1787322859,25.59,366,82
1787322860,26.06,366,82
1787322861,25.92,366,82
1787322862,26.02,366,82
1787322863,25.60,366,82
1787322864,25.80,366,82
1787322865,25.52,366,82
1787322866,25.42,366,82
1787322867,25.51,366,82
1787322868,25.47,366,82
1787322869,25.38,366,82
1787322870,25.09,366,83
1787322871,24.63,366,83
1787322872,24.78,366,83
1787322873,24.95,366,83
1787322874,25.20,366,83
1787322875,24.93,366,83
1787322876,25.31,366,83
1787322877,24.91,366,83
1787322878,24.60,366,83
1787322879,24.58,366,83
1787322880,24.39,366,83
1787322881,24.33,366,83
1787322882,24.89,366,83
1787322883,25.72,366,83
1787322884,26.05,366,83
1787322885,25.89,366,83
1787322886,25.05,366,83
1787322887,24.92,366,83
1787322888,25.01,366,83
1787322889,25.04,366,83
1787322890,25.29,366,83
1787322891,25.26,366,83
1787322893,24.16,366,83
1787322894,25.03,366,83
1787322895,26.03,366,83
1787322896,25.94,366,83
1787322896,23.68,366,83
1787322898,22.04,366,83
1787322899,21.81,366,83
1787322900,21.57,366,83
1787322901,21.52,366,82
1787322902,21.11,366,82
1787322903,21.13,366,82
1787322904,21.17,366,82
1787322905,21.15,366,82
1787322906,21.38,366,82
1787322907,21.45,366,82
1787322908,21.65,366,82
1787322909,22.03,366,82
1787322910,21.73,366,82
1787322911,20.71,366,82
1787322912,20.56,366,82
1787322913,20.45,366,82
1787322914,20.39,366,82
1787322915,20.35,366,82
1787322916,20.30,398,82
1787322917,16.50,398,81
1787322918,13.81,315,80
1787322919,10.65,315,79
1787322920,10.46,315,79
1787322921,10.43,315,78
1787322922,9.96,315,78
1787322923,9.93,315,78
1787322924,9.94,327,78
1787322925,11.55,742,79
1787322926,16.29,1171,81
1787322927,21.84,1500,79
1787322928,14.87,1840,79
1787322929,26.59,1911,82
1787322930,38.80,1897,83
1787322931,41.30,1895,83
1787322932,36.14,1895,83
1787322933,39.51,1895,84
1787322934,37.18,1895,83
1787322935,37.06,1895,84
1787322936,37.47,1895,84
1787322937,38.36,1895,84
1787322938,37.26,1895,84
1787322939,37.56,1895,84
1787322940,39.24,1895,84
1787322941,38.90,1895,85
1787322942,38.15,1895,84
1787322943,37.94,1895,84
1787322944,39.24,1895,84
1787322945,38.30,1895,85
1787322946,39.35,1895,85
1787322947,39.10,1895,85
1787322948,40.03,1895,85
1787322949,39.87,1895,85
1787322950,40.41,1895,85
1787322951,40.25,1895,86
1787322952,41.28,1895,86
1787322953,42.77,1895,86
1787322954,42.76,1895,86
1787322955,40.65,1895,85
1787322956,39.17,1895,86
1787322957,41.06,1895,86
1787322958,43.44,1895,86
1787322959,42.66,1895,86
1787322960,40.86,1895,86
1787322961,40.32,1895,86
1787322962,40.70,1895,86
1787322963,40.65,1895,86
1787322964,41.53,1895,87
1787322965,40.22,1895,86
1787322966,41.85,1895,86
1787322967,39.08,1895,87
1787322968,40.49,1895,86
1787322969,39.04,1895,86
1787322970,40.75,1895,86
1787322971,39.35,1895,86
1787322972,41.31,1895,86
1787322973,38.15,1895,86
1787322974,38.99,1895,86
1787322975,39.60,1895,86
1787322976,41.80,1895,87
1787322977,39.93,1895,86
1787322978,38.05,1895,86
1787322979,40.17,1895,86
1787322980,38.04,1895,86
1787322981,39.95,1895,87
1787322982,40.49,1895,86
1787322983,39.54,1895,87
1787322984,39.93,1895,87
1787322985,39.08,1900,86
1787322986,33.70,216,84
1787322987,15.40,216,82
1787322988,14.68,207,82
1787322989,13.82,207,81
1787322990,13.56,207,81
1787322991,10.16,207,80
1787322992,10.06,207,79
1787322993,9.96,207,79
1787322994,10.39,312,79
1787322995,26.90,312,82
1787322996,39.94,306,85
1787322997,47.54,303,87
1787322998,48.75,301,87
1787322999,43.86,301,86
1787323000,43.79,301,87
1787323001,43.70,301,87
1787323002,43.73,301,87
1787323003,43.83,301,87
1787323004,43.07,301,87
1787323005,38.35,301,86
1787323006,38.50,301,86
1787323007,38.76,301,86
1787323008,38.67,301,86
1787323009,38.63,301,86
1787323010,38.80,301,86
1787323011,38.71,301,86
1787323012,38.68,301,86
1787323013,38.78,301,86
1787323014,38.94,301,87
1787323015,39.05,301,87
1787323016,39.04,301,87
1787323017,38.86,301,87
1787323018,38.86,301,87
1787323019,38.94,301,87
1787323020,39.01,301,87
1787323021,39.05,301,87
1787323022,39.08,301,87
1787323023,39.13,301,87
1787323024,39.10,301,87
1787323025,39.07,301,87
1787323026,38.95,301,87
1787323027,38.88,301,87
1787323028,38.71,301,87
1787323029,38.63,307,87
1787323030,38.34,301,87
1787323031,38.15,301,87
1787323032,37.98,301,87
1787323033,37.68,301,87
1787323034,37.45,301,87
1787323035,37.40,301,87
1787323036,37.40,301,87
1787323037,37.50,301,87
1787323038,37.46,301,87
1787323039,37.51,301,87
1787323040,37.58,301,87
1787323041,37.55,301,87
1787323042,37.46,301,87
1787323043,37.38,301,87
1787323044,37.42,301,87
1787323045,37.40,301,87
1787323046,37.21,301,87
1787323047,37.07,301,87
1787323048,37.01,301,87
1787323050,36.82,301,87
1787323051,36.83,301,87
1787323052,36.79,301,87
1787323053,36.72,301,87
1787323054,36.76,301,87
1787323055,36.75,313,87
1787323056,20.85,313,84
1787323057,15.48,313,83
1787323058,14.26,313,83
1787323059,13.45,313,82
1787323060,12.13,313,81
1787323061,10.13,313,81
1787323062,10.02,313,80
1787323063,9.90,287,80
1787323064,12.02,603,81
1787323065,16.07,787,81
1787323066,35.68,789,85
1787323067,41.51,776,85
1787323068,42.83,769,87
1787323069,46.37,767,87
1787323070,46.10,767,87
1787323071,45.20,767,88
1787323072,46.40,767,88
1787323073,45.93,767,88
1787323074,44.95,767,88
1787323075,46.42,767,88
1787323076,47.48,767,89
1787323077,44.71,767,88
1787323078,44.08,767,88
1787323079,44.85,767,88
1787323080,44.79,767,89
1787323081,44.70,767,89
1787323082,44.68,767,89
1787323083,44.63,767,89
1787323084,44.63,767,89
1787323085,44.58,767,89
1787323086,44.57,767,89
1787323087,44.47,767,89
1787323088,41.07,767,88
1787323089,38.74,767,88
1787323090,43.14,767,89
1787323091,42.48,767,88
1787323092,39.07,767,88
1787323093,39.08,767,88
1787323094,39.02,767,88
1787323095,39.02,767,88
1787323096,39.15,767,88
1787323097,39.22,767,88
1787323098,39.27,767,88
1787323099,39.23,767,88
1787323100,39.17,767,88
1787323101,39.12,767,88
1787323102,39.21,767,88
1787323103,39.25,767,88
1787323104,39.23,767,88
1787323105,39.22,767,88
1787323106,39.25,767,88
1787323107,39.26,767,88
1787323108,39.33,767,88
1787323109,39.31,767,88
1787323110,39.25,767,88
1787323111,39.27,767,88
1787323112,39.22,767,88
1787323113,39.27,767,88
1787323114,39.19,767,88
1787323115,39.35,767,88
1787323116,39.31,767,88
1787323117,39.34,767,88
1787323118,39.42,767,88
1787323119,39.37,767,88
1787323120,39.40,767,88
1787323121,39.44,767,88
1787323122,39.49,767,88
1787323123,39.42,767,88
1787323124,37.53,229,86
1787323125,16.18,229,85
1787323126,15.31,217,84
1787323127,14.32,217,83
1787323128,14.01,217,83
1787323129,10.58,217,82
1787323130,10.30,217,81
1787323131,10.03,217,81
1787323132,9.91,236,81
1787323133,14.52,237,82
1787323134,15.15,237,82
1787323135,14.96,236,81
1787323136,11.03,1006,80
1787323137,17.87,998,83
1787323138,23.23,996,83
1787323139,23.26,992,83
1787323140,23.41,992,83
1787323141,23.26,992,83
1787323142,23.22,992,83
1787323143,23.17,992,83
1787323144,23.00,992,83
1787323145,22.82,992,83
1787323146,22.79,992,83
1787323147,22.70,992,83
1787323148,22.62,992,83
1787323149,22.52,992,83
1787323150,22.44,992,83
1787323151,22.28,992,83
1787323152,22.25,992,83
1787323153,22.34,992,83
1787323154,22.63,992,83
1787323155,22.57,992,83
1787323156,22.60,992,83
1787323157,22.94,992,83
1787323158,23.25,992,83
1787323159,23.00,992,83
1787323160,22.95,992,83
1787323161,22.94,992,83
1787323162,22.80,992,83
1787323163,22.67,992,83
1787323164,22.33,992,83
1787323165,22.89,992,83
1787323166,23.09,992,83
1787323167,23.44,992,83
1787323168,23.43,992,83
1787323169,22.97,992,83
1787323170,22.69,992,83
1787323171,22.61,992,83
1787323172,22.58,992,83
1787323173,22.52,992,83
1787323174,22.50,992,83
1787323175,22.46,992,83
1787323176,22.50,992,83
1787323177,22.36,992,83
1787323178,22.40,992,83
1787323179,22.47,992,83
1787323180,22.44,992,83
1787323181,22.50,992,83
1787323182,22.60,992,83
1787323183,22.71,992,83
1787323184,22.86,992,83
1787323185,22.91,992,83
1787323186,22.89,992,83
1787323187,22.58,992,83
1787323188,22.48,992,83
1787323189,22.47,992,83
1787323190,22.46,992,83
1787323191,22.43,992,83
1787323192,22.35,992,83
1787323193,22.42,992,83
1787323194,22.43,992,83
1787323195,22.42,992,83
1787323196,22.36,232,83
1787323197,16.48,232,82
1787323198,14.94,220,81
1787323199,13.84,220,81
1787323200,11.51,220,79
1787323201,10.80,220,79
1787323202,10.13,220,79
1787323203,9.97,220,79
1787323204,9.77,231,78
1787323205,13.12,586,81
1787323206,29.42,595,82
1787323207,35.84,592,84
1787323208,51.37,592,88
1787323209,49.42,589,86
1787323210,46.41,589,86
1787323211,46.47,584,87
1787323212,46.30,584,87
1787323213,46.30,584,87
1787323214,46.22,584,87
1787323216,42.98,584,86
1787323217,44.05,584,87
1787323218,45.55,584,87
1787323219,43.99,584,86
1787323220,40.41,584,86
1787323221,41.53,584,87
1787323222,45.44,584,87
1787323223,41.92,584,86
1787323224,39.73,584,86
1787323225,43.29,584,87
1787323226,43.76,584,86
1787323227,39.30,584,86
1787323228,41.51,584,87
1787323229,42.82,584,86
1787323230,38.88,584,86
1787323231,42.74,584,87
1787323232,43.71,584,87
1787323233,38.83,584,86
1787323234,40.00,584,87
1787323235,43.63,584,87
1787323236,40.77,584,86
1787323237,38.39,584,86
1787323238,42.83,584,87
1787323239,43.26,584,87
1787323240,39.87,584,86
1787323241,38.51,584,86
1787323242,42.66,584,87
1787323243,42.76,584,87
1787323244,42.68,584,87
1787323245,37.81,584,86
1787323246,39.12,584,87
1787323247,42.17,584,87
1787323248,42.28,584,87
1787323249,41.19,584,86
1787323250,37.23,584,86
1787323251,39.52,584,87
1787323252,42.20,584,87
1787323253,42.21,584,87
1787323254,37.72,584,86
1787323255,39.72,584,87
1787323256,41.80,584,87
1787323257,41.77,584,87
1787323258,39.62,584,86
1787323259,37.37,584,86
1787323260,37.27,584,86
1787323261,37.26,584,86
1787323262,38.80,584,87
1787323263,42.32,584,87
1787323264,40.43,584,86
1787323265,36.85,584,86
1787323266,37.84,222,86
1787323267,16.52,222,83
1787323268,14.94,213,82
1787323269,14.05,213,81
1787323270,13.86,213,81
1787323271,13.63,213,79
1787323272,10.31,213,79
1787323273,10.14,213,79
1787323274,10.02,343,79
1787323275,15.00,681,80
1787323276,23.95,715,82
1787323277,26.13,707,82
1787323278,27.41,706,82
1787323279,27.51,702,83
1787323280,27.85,699,83
1787323281,27.65,699,82
1787323282,26.53,699,83
1787323283,27.36,699,83
1787323284,27.58,699,83
1787323285,26.43,699,83
1787323286,26.42,699,83
1787323287,26.39,699,83
1787323288,25.98,699,83
1787323289,26.09,699,83
1787323290,26.06,699,83
1787323291,26.23,699,83
1787323292,26.21,699,83
1787323293,26.66,699,83
1787323294,26.68,699,83
1787323295,26.43,699,83
1787323296,26.57,699,83
1787323297,27.16,699,83
1787323298,27.41,699,83
1787323299,27.34,699,83
1787323300,27.00,699,83
1787323301,26.96,699,84
1787323302,27.45,699,84
1787323303,28.09,699,84
1787323304,28.61,699,84
1787323305,28.48,699,84
1787323306,27.14,699,84
1787323307,26.95,699,84
1787323308,26.90,699,84
1787323309,27.07,699,84
1787323310,27.31,699,84
1787323311,27.53,699,84
1787323312,26.83,699,84
1787323313,26.42,699,84
1787323314,27.60,699,84
1787323315,28.41,699,84
1787323316,28.22,699,84
1787323317,27.79,699,84
1787323318,27.59,699,84
1787323319,27.02,699,84
1787323320,26.64,699,84
1787323321,26.49,699,84
1787323322,26.44,699,84
1787323323,26.50,699,84
1787323324,26.41,699,84
1787323325,26.60,699,84
1787323326,26.92,699,84
1787323327,27.27,699,84
1787323328,27.50,699,84
1787323329,27.28,699,84
1787323330,26.33,699,84
1787323331,25.66,699,84
1787323332,25.45,699,84
1787323333,25.24,699,84
1787323334,25.09,699,84
1787323335,24.98,740,83
1787323336,19.88,224,82
1787323337,15.54,211,82
1787323338,14.04,211,80
1787323339,10.64,211,80
1787323340,10.57,211,80
1787323341,10.22,211,79
1787323342,10.03,211,79
1787323343,10.03,211,79
1787323344,10.80,404,79
1787323345,26.13,405,82
1787323346,33.82,402,84
1787323347,45.83,399,87
1787323348,53.74,396,87
1787323349,48.98,396,86
1787323350,44.47,395,86
1787323351,44.51,395,87
1787323352,44.48,395,86
1787323353,44.46,395,87
1787323354,44.39,395,87
1787323355,44.44,395,87
1787323356,44.34,395,87
1787323357,44.31,395,87
1787323358,44.23,395,87
1787323359,44.28,395,87
1787323360,39.51,395,86
1787323361,42.90,395,87
1787323362,43.24,395,87
1787323363,43.33,395,87
1787323364,41.77,395,86
1787323365,37.84,395,86
1787323366,42.28,395,87
1787323367,42.74,395,87
1787323368,39.88,395,86
1787323369,37.57,395,86
1787323370,41.73,395,87
1787323371,42.69,395,87
1787323372,38.68,395,86
1787323373,37.94,395,86
1787323374,38.81,395,87
1787323375,43.01,395,87
1787323376,39.12,395,86
1787323377,37.72,395,86
1787323378,39.87,395,87
1787323379,39.63,395,86
1787323380,37.39,395,86
1787323381,39.43,395,87
1787323382,42.54,395,87
1787323383,37.81,395,86
1787323384,37.91,395,86
1787323385,41.88,395,87
1787323386,39.76,395,86
1787323387,39.16,395,87
1787323388,41.84,395,87
1787323389,36.74,395,86
1787323390,36.91,395,86
1787323391,41.38,395,87
1787323392,41.62,395,87
1787323393,40.10,395,86
1787323394,36.28,395,86
1787323395,38.01,395,87
1787323396,41.38,395,87
1787323397,41.29,395,87
1787323398,37.97,395,86
1787323399,36.25,395,86
1787323400,40.81,395,87
1787323401,41.07,395,87
1787323402,41.03,395,87
1787323403,36.93,395,86
1787323404,35.88,227,86
1787323405,20.14,227,83
1787323406,15.48,221,82
1787323407,14.30,221,82
1787323408,14.02,221,81
1787323409,13.45,221,81
1787323410,10.23,221,80
1787323411,10.10,221,79
1787323412,10.07,226,79
1787323413,11.07,331,79
1787323414,11.25,779,79
1787323415,33.05,701,83
1787323416,31.86,699,83
1787323417,32.61,699,84
1787323418,31.79,693,84
1787323420,32.29,693,84
1787323421,32.93,693,84
1787323422,33.36,693,84
1787323423,32.17,693,84
1787323424,31.85,692,84
1787323425,31.79,692,84
1787323426,31.78,692,84
1787323427,31.50,692,84
1787323428,30.98,692,84
1787323429,30.00,692,84
1787323430,30.66,692,84
1787323431,31.23,692,85
1787323432,30.66,692,85
1787323433,30.91,692,85
1787323434,31.62,692,85
1787323435,30.30,692,85
1787323436,30.84,692,85
1787323437,30.60,692,85
1787323438,30.07,692,85
1787323439,30.05,692,85
1787323440,30.04,692,85
1787323441,29.61,692,85
1787323442,29.79,692,85
1787323443,30.72,692,85
1787323444,31.78,692,85
1787323445,32.19,692,85
1787323446,31.18,692,85
1787323447,29.87,692,85
1787323448,29.38,692,85
1787323449,29.43,692,85
1787323450,29.45,692,85
1787323451,30.02,692,85
1787323452,29.71,692,85
1787323453,29.61,692,85
1787323454,30.23,692,85
1787323455,31.56,692,86
1787323456,31.94,692,86
1787323457,29.85,692,85
1787323458,28.97,692,86
1787323459,28.59,692,85
1787323460,28.46,692,85
1787323461,28.02,692,85
1787323462,27.58,692,85
1787323463,27.43,692,85
1787323464,27.28,692,85
1787323465,27.34,692,85
1787323466,27.38,692,85
1787323467,27.56,692,85
1787323468,27.84,692,85
1787323469,28.19,692,85
1787323470,27.91,692,85
1787323471,27.53,692,85
1787323472,27.55,692,85
1787323473,27.00,692,85
1787323474,26.65,692,85
1787323475,26.50,692,85
1787323476,25.59,749,85
1787323477,14.37,372,83
1787323478,12.39,372,81
1787323479,10.38,372,81
1787323480,10.10,372,80
1787323481,10.05,372,80
1787323482,9.98,372,80
1787323483,9.90,372,79
1787323484,10.44,297,80
1787323485,25.90,303,83
1787323486,34.03,303,85
1787323487,45.29,307,87
1787323488,46.58,300,87
1787323489,44.17,300,87
1787323490,44.22,300,87
1787323491,40.14,296,87
1787323492,43.36,296,87
1787323493,39.10,296,86
1787323494,37.75,296,86
1787323495,37.81,296,86
1787323496,40.18,296,87
1787323497,39.40,296,86
1787323498,37.54,296,86
1787323499,37.50,296,86
1787323500,37.52,296,86
1787323501,40.22,296,86
1787323502,37.60,296,86
1787323503,37.58,296,86
1787323504,37.46,296,86
1787323505,37.41,296,86
1787323506,37.49,296,86
1787323507,37.34,296,86
1787323508,37.45,296,86
1787323509,37.46,296,86
1787323510,37.45,296,86
1787323511,37.40,296,86
1787323512,37.29,296,86
1787323513,37.28,296,86
1787323514,37.07,296,86
1787323515,37.28,296,86
1787323516,37.16,296,86
1787323517,37.18,296,86
1787323518,36.96,296,86
1787323519,36.66,296,86
1787323520,37.02,296,86
1787323521,37.13,296,86
1787323522,37.24,296,86
1787323523,37.22,296,86
1787323524,37.31,296,86
1787323525,37.19,296,86
1787323526,37.11,296,86
1787323527,37.05,296,86
1787323528,36.97,296,86
1787323529,37.10,296,86
1787323530,36.84,296,86
1787323531,36.81,296,86
1787323532,36.81,296,86
1787323533,36.75,296,86
1787323534,36.78,296,86
1787323535,36.67,296,86
1787323536,36.61,296,86
1787323537,36.86,296,86
1787323538,36.65,296,86
1787323539,36.56,296,86
1787323540,36.73,296,86
1787323541,36.89,296,86
1787323542,37.11,296,86
1787323543,37.08,296,86
1787323544,37.05,296,86
1787323545,31.51,310,84
1787323546,15.64,310,83
1787323547,15.02,310,82
1787323548,14.27,310,82
1787323549,13.85,310,81
1787323550,10.48,310,80
1787323551,10.34,310,79
1787323552,10.14,310,79
1787323553,10.40,385,79
1787323554,16.06,386,80
1787323555,17.31,377,80
1787323556,12.82,377,80
1787323557,14.59,374,79
1787323558,11.15,368,79
1787323559,11.65,368,79
1787323560,12.11,899,79
1787323561,15.42,2873,80
1787323562,16.62,3802,80
1787323563,16.37,3816,80
1787323564,17.13,3801,80
1787323565,17.69,3801,80
1787323566,17.95,3801,80
1787323567,18.58,3801,81
1787323568,19.27,3813,81
1787323569,19.25,3813,81
1787323570,18.13,3813,80
1787323571,17.73,3813,80
1787323572,17.61,3813,80
1787323573,17.40,3813,80
1787323574,17.65,3813,80
1787323575,17.57,3813,80
1787323576,17.49,3813,80
1787323577,17.41,3813,80
1787323578,17.54,3813,79
1787323579,17.63,3813,79
1787323580,17.57,3813,79
1787323581,17.48,3813,79
1787323582,17.63,3813,79
1787323583,18.07,3813,79
1787323584,18.58,3813,79
1787323585,19.28,3813,79
1787323586,19.99,3813,79
1787323587,20.91,3813,80
1787323588,20.77,3813,79
1787323589,18.41,3813,79
1787323590,17.89,3813,79
1787323591,17.56,3813,79
1787323592,17.30,3813,78
1787323593,17.33,3813,78
1787323594,17.25,3813,78
1787323595,17.26,3813,78
1787323596,17.32,3813,78
1787323597,17.37,3813,78
1787323598,17.32,3813,78
1787323599,17.37,3813,78
1787323600,17.69,3813,78
1787323601,18.00,3813,78
1787323602,18.35,3813,78
1787323603,20.36,3813,79
1787323604,27.88,3813,81
1787323605,41.06,3813,83
1787323606,42.58,3813,83
1787323607,43.35,3796,84
1787323608,48.68,3777,86
1787323610,53.15,3783,85
1787323610,32.88,3783,83
1787323611,31.87,3783,82
1787323612,32.33,3787,82
1787323613,32.77,3787,82
1787323614,32.79,3755,82
1787323615,32.20,3755,82
1787323616,30.29,3755,82
1787323618,29.45,3755,82
1787323619,29.31,3755,82
1787323620,29.40,3755,82
1787323621,29.20,3755,82
1787323622,28.85,3745,81
1787323623,16.60,177,79
1787323624,14.70,177,79
1787323625,13.37,164,78
1787323626,10.27,164,77
1787323627,10.19,164,77
1787323628,9.81,164,76
1787323629,9.71,164,76
1787323630,9.61,164,76
1787323631,9.70,276,76
1787323632,9.77,453,76
1787323633,17.18,539,78
1787323634,23.72,539,79
1787323635,23.79,538,79
1787323636,23.72,538,79
1787323637,23.76,544,79
1787323638,23.63,538,79
1787323639,23.83,538,79
1787323640,23.27,538,79
1787323641,23.18,538,80
1787323642,22.89,538,80
1787323643,22.91,538,80
1787323644,22.97,538,80
1787323645,22.83,538,80
1787323646,22.66,538,80
1787323647,22.76,538,80
1787323648,24.85,538,80
1787323649,22.49,538,80
1787323650,22.75,538,80
1787323651,22.69,538,80
1787323652,22.50,538,80
1787323653,22.91,538,80
1787323654,23.35,538,80
1787323655,22.98,538,80
1787323656,22.92,538,80
1787323657,23.11,538,80
1787323658,22.98,538,80
1787323659,22.64,538,80
1787323660,22.26,538,80
1787323661,22.97,538,80
1787323662,23.32,538,81
1787323663,23.70,538,81
1787323664,23.53,538,81
1787323665,22.99,538,81
1787323666,22.87,538,81
1787323667,22.81,538,81
1787323668,22.69,538,81
1787323669,22.69,538,81
1787323670,22.40,538,81
1787323671,22.46,538,81
1787323672,21.30,538,81
1787323673,22.37,538,81
1787323674,22.28,538,81
1787323675,22.53,538,81
1787323676,22.45,538,81
1787323677,22.25,538,81
1787323678,22.74,538,81
1787323679,22.63,538,81
1787323680,22.83,538,81
1787323681,22.96,538,81
1787323682,23.02,538,81
1787323683,22.55,538,81
1787323684,22.14,538,81
1787323685,22.35,538,81
1787323686,22.24,538,81
1787323687,22.21,538,81
1787323688,22.05,538,81
1787323689,22.00,538,81
1787323690,22.09,538,81
1787323691,22.11,538,81
1787323692,22.14,538,81
1787323693,15.65,554,81
1787323694,15.02,240,80
1787323695,14.60,240,79
1787323696,12.89,240,78
1787323697,9.97,240,78
1787323698,9.97,240,78
1787323699,9.84,240,77
1787323700,9.69,240,77
1787323701,11.40,478,78
1787323702,15.67,709,78
1787323703,32.03,882,82
1787323704,47.23,844,85
1787323705,50.84,780,86
1787323706,49.08,767,85
1787323707,48.13,767,86
1787323708,50.79,767,87
1787323709,52.44,767,87
1787323710,48.40,767,86
1787323711,45.75,767,87
1787323712,47.37,767,87
1787323713,47.91,767,87
1787323714,48.97,767,87
1787323715,45.42,767,87
1787323716,49.91,767,88
1787323717,49.06,767,88
1787323718,50.34,767,88
1787323719,49.21,767,88
1787323720,52.17,767,89
1787323721,50.22,767,88
1787323722,52.28,767,89
1787323723,48.07,767,88
1787323724,51.34,767,89
1787323725,47.64,767,88
1787323726,47.68,767,88
1787323727,47.63,767,89
1787323728,47.68,767,89
1787323729,47.61,767,89
1787323730,47.66,767,89
1787323731,47.72,767,89
1787323732,47.65,767,89
1787323733,47.60,767,89
1787323734,46.22,767,89
1787323735,43.09,767,88
1787323736,43.06,767,88
1787323737,43.12,767,88
1787323738,43.07,767,88
1787323739,43.17,767,88
1787323740,43.20,767,88
1787323741,43.18,767,88
1787323742,43.15,767,88
1787323743,43.11,767,88
1787323744,43.10,767,88
1787323745,43.04,767,88
1787323746,43.01,767,88
1787323747,43.06,767,89
1787323748,42.97,767,88
1787323749,42.57,767,89
1787323750,44.43,767,89
1787323751,41.49,767,88
1787323752,41.64,767,88
1787323753,41.69,767,88
1787323754,41.65,767,88
1787323755,41.74,767,89
1787323756,41.76,767,88
1787323757,41.83,767,89
1787323758,41.84,767,89
1787323759,41.83,767,89
1787323760,41.86,767,89
1787323761,41.91,767,89
1787323762,41.43,224,88
1787323763,19.52,210,85
1787323764,15.51,210,84
1787323765,14.27,210,83
1787323766,13.88,210,83
1787323767,12.26,210,82
1787323768,10.28,210,81
1787323769,10.12,210,81
1787323770,9.90,304,80
1787323771,12.67,359,82
1787323772,24.33,360,84
1787323773,29.83,328,84
1787323774,26.59,328,83
1787323775,27.33,324,83
1787323776,27.91,318,84
1787323777,27.15,318,84
1787323778,27.13,318,83
1787323779,27.11,318,84
1787323780,26.98,318,83
1787323781,27.69,318,84
1787323782,26.82,318,83
1787323783,27.31,318,84
1787323784,27.85,318,84
1787323785,27.55,318,83
1787323786,27.60,318,84
1787323787,27.44,318,83
1787323788,27.79,318,84
1787323789,27.56,318,84
1787323790,27.44,318,83
1787323791,27.61,318,83
1787323792,28.21,318,84
1787323793,27.94,318,83
1787323794,27.94,318,83
1787323795,27.78,318,83
1787323796,27.64,318,84
1787323797,28.42,318,84
1787323798,28.23,318,84
1787323799,28.34,318,83
1787323800,28.36,318,83
1787323801,28.02,318,84
1787323802,28.57,318,83
1787323803,28.73,318,84
1787323804,28.60,318,84
1787323805,28.23,318,84
1787323806,29.17,318,84
1787323807,28.38,318,84
1787323808,28.28,318,83
1787323809,28.24,318,84
1787323810,28.40,318,84
1787323811,28.75,318,83
1787323812,28.09,318,83
1787323813,28.49,318,83
1787323814,28.15,318,83
1787323815,27.97,318,83
1787323816,28.74,318,83
1787323817,28.06,318,84
1787323818,28.82,318,83
1787323819,28.22,318,83
1787323820,29.13,318,84
1787323821,28.14,318,83
1787323822,27.91,318,83
1787323823,28.50,318,83
1787323824,28.57,318,83
1787323825,28.60,318,83
1787323826,28.43,318,83
1787323828,28.07,318,83
1787323829,27.72,318,83
1787323830,28.13,318,83
1787323831,27.82,318,83
1787323832,28.86,318,83
1787323833,25.08,328,82
1787323834,15.17,328,81
1787323835,14.58,328,80
1787323836,12.12,328,79
1787323837,10.16,328,79
1787323838,10.15,328,78
1787323839,9.74,328,78
1787323840,9.74,328,78
1787323841,9.80,358,78
1787323842,15.54,387,79
1787323843,15.79,377,79
1787323844,13.22,394,78
1787323845,15.08,1372,79
1787323846,21.50,1864,81
1787323847,28.34,1854,81
1787323848,28.05,1854,82
1787323849,29.55,1854,82
1787323850,29.21,1854,82
1787323851,29.20,1854,82
1787323852,27.63,1854,82
1787323853,28.60,1854,82
1787323854,29.61,1854,82
1787323855,28.96,1854,82
1787323856,29.45,1854,83
1787323857,29.32,1854,82
1787323858,30.19,1854,83
1787323859,30.68,1854,83
1787323860,30.93,1854,83
1787323861,31.00,1854,83
1787323862,31.49,1854,83
1787323863,32.00,1854,83
1787323864,31.65,1854,83
1787323865,31.77,1854,84
1787323866,32.47,1854,84
1787323867,33.33,1854,84
1787323868,33.43,1854,84
1787323869,33.20,1854,84
1787323870,32.58,1854,84
1787323871,32.90,1854,84
1787323872,33.69,1854,85
1787323873,34.51,1854,85
1787323874,34.16,1854,85
1787323875,33.22,1854,85
1787323876,31.89,1854,84
1787323877,31.73,1854,84
1787323878,31.23,1854,84
1787323879,32.39,1854,85
1787323880,33.05,1854,85
1787323881,33.04,1854,85
1787323882,31.14,1854,84
1787323883,31.52,1854,85
1787323884,34.32,1854,85
1787323885,34.59,1854,85
1787323886,34.06,1854,85
1787323887,33.59,1854,85
1787323888,32.58,1854,85
1787323889,31.97,1854,85
1787323890,31.58,1854,85
1787323891,31.60,1854,85
1787323892,31.50,1854,85
1787323893,31.56,1854,85
1787323894,31.63,1854,85
1787323895,31.94,1854,85
1787323896,32.54,1854,86
1787323897,32.87,1854,86
1787323898,32.93,1854,86
1787323899,32.08,1854,85
1787323900,30.68,1854,85
1787323901,30.01,1854,85
1787323902,29.72,1854,85
1787323903,29.55,1854,85
1787323904,29.48,1854,85
1787323905,27.23,228,84
1787323906,16.04,228,83
1787323907,14.93,215,82
1787323908,13.59,215,81
1787323909,10.46,215,80
1787323910,10.37,215,80
1787323911,10.12,215,80
1787323912,9.97,215,79
1787323913,9.83,302,79
1787323914,14.98,314,82
1787323915,31.22,309,83
1787323916,40.17,303,86
1787323917,49.79,301,87
1787323918,46.27,301,87
1787323919,40.60,301,86
1787323920,40.33,301,86
1787323921,40.22,301,86
1787323922,40.17,301,86
1787323923,40.26,301,86
1787323924,40.37,301,86
1787323925,40.51,301,87
1787323926,40.37,301,87
1787323927,40.35,301,87
1787323928,40.39,301,87
1787323929,39.55,301,87
1787323930,39.72,301,87
1787323931,39.95,301,87
1787323932,40.18,301,87
1787323933,38.60,301,87
1787323934,38.33,307,87
1787323935,38.50,301,87
1787323936,38.57,301,87
1787323937,38.69,301,87
1787323938,38.80,301,87
1787323939,38.97,301,87
1787323940,39.04,301,87
1787323941,39.10,301,87
1787323942,39.18,301,87
1787323943,39.15,301,87
1787323944,39.17,301,87
1787323945,39.10,301,87
1787323946,38.98,301,87
1787323947,38.84,301,87
1787323948,38.67,301,87
1787323949,38.50,301,87
1787323950,38.36,301,87
1787323951,38.09,301,87
1787323952,37.80,301,87
1787323953,37.48,301,87
1787323954,37.39,301,87
1787323955,37.43,307,87
1787323956,37.48,301,87
1787323957,37.53,301,87
1787323958,37.58,301,87
1787323959,37.65,301,87
1787323960,37.67,301,87
1787323961,37.69,301,87
1787323962,37.70,301,87
1787323963,37.60,301,87
1787323964,37.47,301,87
1787323965,37.35,301,87
1787323966,37.23,301,87
1787323967,37.15,301,87
1787323968,37.09,301,87
1787323969,37.03,301,87
1787323970,36.90,301,87
1787323971,36.86,301,87
1787323972,36.89,301,87
1787323973,36.87,301,87
1787323974,30.37,314,85
1787323975,15.64,314,84
1787323976,15.11,314,83
1787323977,14.17,314,83
1787323978,13.22,314,82
1787323979,10.37,314,81
1787323980,10.32,314,81
1787323981,10.09,314,80
1787323982,10.54,582,81
1787323983,22.65,596,83
1787323984,32.60,594,84
1787323985,41.60,591,87
1787323986,45.41,591,86
1787323987,42.20,589,86
1787323988,42.25,585,87
1787323989,42.18,585,87
1787323990,42.18,585,87
1787323991,42.08,585,87
1787323992,42.23,585,87
1787323993,42.29,585,87
1787323994,38.38,585,86
1787323995,37.14,585,86
1787323996,40.29,585,87
1787323997,42.20,585,87
1787323998,41.65,585,86
1787323999,36.82,585,86
1787324000,37.65,585,87
1787324001,41.85,585,87
1787324002,41.79,585,86
1787324003,36.38,585,86
1787324004,39.65,585,87
1787324005,41.49,585,87
1787324006,41.55,585,87
1787324007,41.49,585,87
1787324008,41.09,585,86
1787324009,37.08,585,87
1787324010,39.42,585,87
1787324011,40.99,585,87
1787324012,40.99,585,87
1787324013,40.89,585,87
1787324014,40.89,585,87
1787324015,41.01,585,87
1787324016,40.92,585,87
1787324017,40.95,585,87
1787324018,40.91,585,87
1787324019,40.83,585,87
1787324020,36.71,585,86
1787324021,36.80,585,87
1787324022,40.92,585,87
1787324023,41.05,585,87
1787324024,41.00,585,87
1787324025,41.05,585,87
1787324027,40.94,585,87
1787324028,36.23,585,86
1787324029,36.78,585,87
1787324030,40.66,585,87
1787324031,40.73,585,87
1787324032,38.82,585,86
1787324033,35.88,585,86
1787324034,38.27,585,87
1787324035,41.06,585,87
1787324036,41.09,585,87
1787324037,41.11,585,87
1787324038,39.68,585,86
1787324039,35.93,585,86
1787324040,38.69,585,87
1787324041,41.33,585,87
1787324042,38.28,585,86
1787324043,35.85,585,86
1787324044,28.93,226,83
1787324045,15.51,217,82
1787324046,14.72,217,82
1787324047,14.09,217,81
1787324048,14.01,217,81
1787324049,12.23,217,80
1787324050,11.24,217,80
1787324051,10.10,217,79
1787324052,10.70,327,79
1787324053,13.02,321,79
1787324054,10.85,333,79
1787324055,10.93,310,79
1787324056,11.86,310,79
1787324057,10.62,309,78
1787324058,11.11,309,78
1787324059,14.18,1375,79
1787324060,15.34,3073,80
1787324061,15.69,3750,80
1787324062,15.57,3784,80
1787324063,29.75,3832,82
1787324064,33.40,3825,83
1787324065,33.81,3825,84
1787324066,32.71,3825,84
1787324067,32.81,3838,84
1787324068,43.58,3838,86
1787324069,46.12,3825,87
1787324070,42.71,3838,86
1787324071,38.82,3832,87
1787324072,39.38,3825,86
1787324073,36.43,3825,86
1787324074,36.09,3832,86
1787324075,39.66,3838,87
1787324076,35.93,3838,87
1787324077,36.01,3832,87
1787324078,36.89,3832,87
1787324079,35.38,3832,86
1787324080,35.03,3838,87
1787324081,36.69,3832,87
1787324082,36.63,3832,87
1787324083,36.54,3838,87
1787324084,34.93,3810,87
1787324085,32.75,3810,86
1787324086,31.92,3810,86
1787324087,31.67,3810,86
1787324088,31.58,3810,86
1787324089,32.41,3810,86
1787324090,33.14,3810,86
1787324091,33.10,3810,86
1787324092,32.13,3816,86
1787324093,31.38,3810,86
1787324094,31.33,3810,86
1787324095,31.59,3810,86
1787324096,32.11,3810,86
1787324097,33.28,3810,87
1787324098,34.00,3810,87
1787324099,34.01,3810,87
1787324100,32.50,3816,87
1787324101,33.23,3810,87
1787324102,32.96,3810,87
1787324103,31.08,3810,86
1787324104,30.00,3810,86
1787324105,29.47,3810,86
1787324106,29.09,3810,86
1787324107,28.83,3810,86
1787324108,28.50,3810,86
1787324109,28.27,3810,86
1787324110,28.25,3810,86
1787324111,28.27,3810,86
1787324112,28.35,3810,86
1787324113,28.49,3810,86
1787324114,28.70,3810,86
1787324115,28.69,3810,86
1787324116,28.13,3810,86
1787324117,27.00,3810,86
1787324118,26.96,3810,85
1787324119,26.81,3810,85
1787324120,26.66,3810,85
1787324121,26.36,3810,85
1787324122,24.97,3847,85
1787324123,17.08,3859,84
1787324124,16.59,3853,83
1787324125,15.36,379,83
1787324126,12.73,379,81
1787324127,12.23,379,81
1787324128,10.15,379,81
1787324129,9.94,379,80
1787324130,9.95,379,80
1787324131,10.82,427,81
1787324132,24.90,429,83
1787324133,33.37,429,85
1787324134,43.70,429,87
1787324135,45.94,424,87
1787324136,43.86,422,87
1787324137,41.90,422,86
1787324138,38.80,422,86
1787324139,38.70,422,86
1787324140,38.70,422,86
1787324141,38.72,422,86
1787324142,38.73,422,86
1787324143,38.81,422,86
1787324144,38.81,422,86
1787324145,38.75,422,86
1787324146,38.74,422,86
1787324147,38.79,422,86
1787324148,38.79,422,86
1787324149,38.79,422,86
1787324150,38.82,422,86
1787324151,38.88,422,87
1787324152,38.72,422,86
1787324153,38.78,422,87
1787324154,38.81,422,87
1787324155,38.85,422,87
1787324156,38.86,418,87
1787324157,38.82,418,87
1787324158,38.95,418,87
1787324159,38.83,418,87
1787324160,38.90,418,87
1787324161,38.94,418,87
1787324162,38.84,418,87
1787324163,38.81,418,87
1787324164,38.87,418,87
1787324165,38.83,418,87
1787324166,38.87,418,87
1787324167,38.82,418,87
1787324168,38.73,418,87
1787324169,38.75,418,87
1787324170,38.74,418,87
1787324171,38.80,418,87
1787324172,38.80,430,87
1787324173,38.80,430,87
1787324174,38.80,429,87
1787324175,38.73,429,87
1787324176,38.85,429,87
1787324177,38.84,429,87
1787324178,38.72,429,87
1787324179,38.83,429,87
1787324180,38.85,429,87
1787324181,38.78,429,87
1787324182,38.73,429,87
1787324183,38.84,429,87
1787324184,38.79,429,87
1787324185,38.75,429,87
1787324186,38.90,429,87
1787324187,38.77,429,87
1787324188,35.93,429,86
1787324189,34.45,429,86
1787324190,34.66,429,86
1787324191,38.85,269,87
1787324192,23.87,263,83
1787324193,15.44,263,83
1787324194,14.32,263,82
1787324195,13.94,263,82
1787324196,13.69,263,81
1787324197,10.35,263,80
1787324198,10.16,263,80
1787324199,9.96,264,79
1787324200,11.71,817,80
1787324201,16.94,1210,82
1787324202,23.00,1522,81
1787324203,15.17,1860,80
1787324204,17.51,1948,82
1787324205,40.62,1936,85
1787324206,41.51,1936,85
1787324207,37.28,1936,85
1787324208,40.44,1935,86
1787324209,39.43,1935,85
1787324210,40.93,1935,86
1787324211,36.43,1935,85
1787324212,37.84,1935,86
1787324213,37.69,1935,85
1787324214,37.66,1935,85
1787324215,37.89,1935,86
1787324216,39.70,1935,86
1787324217,38.26,1935,86
1787324218,39.00,1935,86
1787324219,41.52,1935,86
1787324220,37.89,1935,86
1787324221,40.22,1935,86
1787324222,38.52,1935,86
1787324224,40.13,1935,86
1787324225,38.12,1935,86
1787324226,40.42,1935,86
1787324227,39.49,1935,87
1787324228,40.92,1935,87
1787324229,40.48,1935,86
1787324230,40.80,1935,87
1787324231,40.88,1935,87
1787324232,42.35,1935,87
1787324233,40.46,1935,87
1787324234,38.02,1935,87
1787324235,41.91,1935,87
1787324236,39.79,1935,87
1787324237,41.52,1935,88
1787324238,39.89,1935,87
1787324239,39.26,1935,87
1787324240,40.06,1935,87
1787324241,39.90,1935,87
1787324242,38.99,1935,87
1787324243,38.56,1935,87
1787324244,37.74,1935,86
1787324245,39.39,1935,87
1787324246,38.42,1935,86
1787324247,38.26,1935,87
1787324248,39.94,1935,87
1787324249,38.64,1935,87
1787324250,38.92,1935,87
1787324251,38.37,1935,87
1787324252,38.49,1935,87
1787324253,38.45,1935,87
1787324254,38.39,1935,87
1787324255,37.59,1935,87
1787324256,38.51,1935,87
1787324257,38.32,1935,87
1787324258,39.88,1935,87
1787324259,38.51,1935,87
1787324260,37.50,1935,87
1787324261,38.99,1943,87
1787324262,26.31,258,84
1787324263,15.48,258,83
1787324264,14.66,248,83
1787324265,13.45,248,82
1787324266,10.24,248,81
1787324267,10.18,248,80
1787324268,10.02,248,80
1787324269,9.85,248,79
1787324270,11.49,274,80
1787324271,15.02,279,81
1787324272,15.04,279,81
1787324273,11.59,400,80
1787324274,12.84,1043,80
1787324275,23.02,1039,82
1787324276,23.12,1033,82
1787324277,23.19,1033,82
1787324278,23.25,1033,82
1787324279,23.15,1033,82
1787324280,23.02,1033,82
1787324281,23.02,1033,82
1787324282,22.89,1033,82
1787324283,22.76,1033,82
1787324284,22.67,1033,82
1787324285,22.60,1033,82
1787324286,22.48,1033,82
1787324287,22.23,1033,82
1787324288,22.25,1033,82
1787324289,22.25,1033,82
1787324290,22.39,1033,82
1787324291,22.43,1033,82
1787324292,22.50,1033,82
1787324293,22.47,1033,82
1787324294,22.44,1033,82
1787324295,22.92,1033,82
1787324296,23.12,1033,82
1787324297,22.97,1033,82
1787324298,22.91,1033,82
1787324299,22.98,1033,82
1787324300,22.84,1033,82
1787324301,22.43,1033,82
1787324302,22.57,1033,82
1787324303,23.12,1033,82
1787324304,23.38,1033,82
1787324305,23.45,1033,83
1787324306,23.03,1033,82
1787324307,22.80,1033,82
1787324308,22.59,1033,82
1787324309,22.56,1033,82
1787324310,22.51,1033,82
1787324311,22.44,1033,82
1787324312,22.51,1033,82
1787324313,22.51,1033,82
1787324314,22.44,1033,82
1787324315,22.53,1033,82
1787324316,22.53,1033,82
1787324317,22.55,1033,82
1787324318,22.56,1033,82
1787324319,22.51,1033,82
1787324320,22.58,1033,82
1787324321,22.72,1033,82
1787324322,22.87,1033,82
1787324323,23.00,1033,82
1787324324,22.78,1033,82
1787324325,22.58,1033,82
1787324326,22.54,1033,82
1787324327,22.47,1033,82
1787324328,22.55,1033,82
1787324329,22.49,1033,82
1787324330,22.43,1033,82
1787324331,22.47,1033,82
1787324332,22.48,1033,82
1787324333,22.50,1033,82
1787324334,15.32,273,81
1787324335,15.17,273,81
1787324336,14.48,261,81
1787324337,13.28,261,80
1787324338,12.56,261,79
1787324339,10.12,261,79
1787324340,10.02,261,78
1787324341,9.83,261,78
1787324342,9.90,395,78
1787324343,14.65,1046,79
1787324344,14.79,1714,79
1787324345,18.41,2110,80
1787324346,20.13,2309,82
1787324347,22.79,2380,80
1787324348,14.86,2700,79
1787324349,14.12,3004,78
1787324350,11.41,3260,78
1787324351,10.83,3480,77
1787324352,10.50,3692,77
1787324353,10.41,3884,77
1787324354,11.01,3886,77
1787324355,20.49,3879,81
1787324356,38.32,3877,83
1787324357,34.47,3869,82
1787324358,35.46,3869,83
1787324359,34.63,3869,82
1787324360,34.15,3869,83
1787324361,35.15,3869,83
1787324362,34.87,3869,82
1787324363,36.09,3869,84
1787324364,35.14,3869,83
1787324365,34.50,3869,83
1787324366,35.26,3869,83
1787324367,35.36,3869,83
1787324368,34.92,3869,83
1787324369,35.83,3869,84
1787324370,34.32,3869,83
1787324371,35.86,3869,84
1787324372,35.07,3869,83
1787324373,34.70,3869,84
1787324374,35.37,3869,83
1787324375,35.33,3869,84
1787324376,34.41,3869,84
1787324377,35.69,3869,84
1787324378,36.80,3869,84
1787324379,34.50,3869,84
1787324380,35.54,3869,84
1787324381,35.28,3869,84
1787324382,35.55,3869,84
1787324383,35.07,3869,84
1787324384,35.25,3869,84
1787324385,35.65,3869,84
1787324386,34.15,3869,84
1787324387,33.89,3869,84
1787324388,36.46,3869,84
1787324389,35.65,3869,84
1787324390,35.28,3869,84
1787324391,34.46,3869,84
1787324392,34.35,3869,84
1787324393,36.23,3869,84
1787324394,35.37,3869,85
1787324396,35.26,3869,84
1787324397,35.54,3869,85
1787324398,34.28,3869,85
1787324399,36.21,3869,85
1787324400,35.91,3869,85
1787324401,34.50,3869,84
1787324402,34.01,3869,85
1787324403,34.53,3869,85
1787324404,35.03,3869,85
1787324405,35.43,3869,85
1787324406,26.90,242,82
1787324407,15.16,242,81
1787324408,14.35,233,81
1787324409,13.66,233,79
1787324410,10.00,233,79
1787324411,9.91,233,78
1787324412,9.75,233,78
1787324413,9.64,233,78
1787324414,10.08,309,77
1787324415,9.85,317,77
1787324416,9.88,318,77
1787324417,11.89,1005,78
1787324418,24.25,1004,80
1787324419,24.28,1004,80
1787324420,24.26,1004,81
1787324421,24.34,1004,81
1787324422,24.49,1004,81
1787324423,24.21,1004,81
1787324424,24.16,1004,81
1787324425,23.94,1004,81
1787324426,23.88,1008,81
1787324427,23.31,1006,81
1787324428,23.26,1006,81
1787324429,23.22,1006,81
1787324430,23.24,1006,81
1787324431,23.16,1006,81
1787324432,23.20,1006,81
1787324433,23.02,1006,81
1787324434,23.26,1006,81
1787324435,23.23,1006,81
1787324436,23.06,1006,81
1787324437,22.62,1006,81
1787324438,23.26,1006,82
1787324439,23.81,1006,82
1787324440,23.22,1006,82
1787324441,23.32,1006,82
1787324442,23.42,1006,82
1787324443,22.99,1005,82
1787324444,23.09,1005,82
1787324445,22.70,1005,82
1787324446,23.27,1005,82
1787324447,23.78,1005,82
1787324448,24.02,1005,82
1787324449,23.66,1005,82
1787324450,23.12,1005,82
1787324451,23.08,1005,82
1787324452,22.91,1005,82
1787324453,22.91,1005,82
1787324454,22.92,1005,82
1787324455,22.76,1005,82
1787324456,22.64,1005,82
1787324457,22.75,1005,82
1787324458,23.92,1005,82
1787324459,22.75,1005,82
1787324460,22.77,1005,82
1787324461,22.82,1005,82
1787324462,22.87,1005,82
1787324463,22.96,1005,82
1787324464,23.07,1005,82
1787324465,23.19,1005,82
1787324466,23.40,1005,82
1787324467,23.44,1005,82
1787324468,23.15,1005,82
1787324469,22.80,1005,82
1787324470,22.81,1005,82
1787324471,22.71,1005,82
1787324472,22.57,1005,82
1787324473,22.63,1005,82
1787324474,22.48,1005,82
1787324475,22.44,1005,82
1787324476,22.47,1005,82
1787324477,22.76,1005,82
1787324478,17.89,1021,81
1787324479,14.24,1021,81
1787324480,14.04,380,80
1787324481,12.68,380,79
1787324482,12.01,380,79
1787324483,10.11,380,79
1787324484,9.99,380,78
1787324485,9.85,380,78
1787324486,9.93,526,78
1787324487,14.71,850,79
1787324488,24.61,793,81
1787324489,25.80,748,81
1787324490,26.43,746,81
1787324491,26.16,741,82
1787324492,26.99,741,82
1787324493,27.54,741,82
1787324494,26.37,741,82
1787324495,17.87,741,82
1787324496,26.50,741,82
1787324497,25.56,741,82
1787324498,26.51,741,82
1787324499,25.95,741,82
1787324500,25.78,741,82
1787324501,22.89,741,82
1787324502,25.75,741,82
1787324503,26.58,741,82
1787324504,26.02,741,82
1787324505,26.39,741,82
1787324506,26.15,741,83
1787324507,26.14,741,83
1787324508,26.63,741,83
1787324509,27.18,741,83
1787324510,27.35,741,83
1787324511,27.05,741,83
1787324512,26.68,741,83
1787324513,27.01,741,83
1787324514,27.55,741,83
1787324515,28.02,741,83
1787324516,28.28,741,83
1787324517,27.62,741,83
1787324518,26.70,741,83
1787324519,26.62,741,83
1787324520,26.55,741,83
1787324521,26.83,741,83
1787324522,27.21,741,83
1787324523,26.97,741,83
1787324524,26.11,741,83
1787324525,26.56,741,83
1787324526,27.82,741,83
1787324527,28.02,741,84
1787324528,27.54,741,83
1787324529,27.19,741,84
1787324530,26.74,741,83
1787324531,26.20,741,83
1787324532,26.00,741,83
1787324533,25.96,741,83
1787324534,25.97,741,83
1787324535,26.01,741,83
1787324536,26.00,741,83
1787324537,26.24,741,83
1787324538,26.56,741,83
1787324539,26.98,741,83
1787324540,27.05,741,84
1787324541,26.53,741,83
1787324542,25.60,741,83
1787324543,25.30,741,83
1787324544,25.05,741,83
1787324545,24.92,741,83
1787324546,24.79,741,83
1787324547,23.71,266,83
1787324548,16.22,266,81
1787324549,14.83,252,81
1787324550,11.33,252,79
1787324551,10.27,252,79
1787324552,10.23,252,79
1787324553,9.84,252,79
1787324554,9.79,252,78
1787324555,9.82,268,78
1787324556,12.26,416,79
1787324557,15.50,527,79
1787324558,15.36,1169,80
1787324559,26.91,1167,82
1787324560,29.14,1163,82
1787324561,29.49,1161,82
1787324562,29.99,1161,83
1787324563,29.49,1161,82
1787324564,28.48,1161,82
1787324565,29.65,1161,83
1787324566,29.02,1161,83
1787324567,28.58,1161,83
1787324568,28.83,1161,83
1787324569,28.72,1161,83
1787324570,29.59,1161,83
1787324571,30.12,1161,83
1787324572,29.78,1161,83
1787324573,30.51,1161,83
1787324574,30.72,1161,83
1787324575,31.05,1161,83
1787324576,31.36,1161,84
1787324577,31.14,1161,84
1787324578,31.60,1161,84
1787324579,32.27,1161,84
1787324580,32.80,1161,84
1787324581,33.04,1161,84
1787324582,32.54,1161,84
1787324583,32.14,1161,84
1787324584,32.89,1161,84
1787324585,33.60,1161,85
1787324586,34.15,1161,85
1787324587,33.27,1161,85
1787324588,31.77,1161,85
1787324589,31.16,1161,85
1787324590,31.16,1161,85
1787324591,31.74,1161,85
1787324592,31.88,1161,85
1787324593,32.17,1161,85
1787324594,31.93,1161,85
1787324595,30.90,1161,85
1787324596,32.62,1161,85
1787324597,33.85,1161,85
1787324598,33.77,1161,85
1787324599,33.18,1161,85
1787324600,32.92,1161,85
1787324601,32.13,1161,85
1787324602,31.24,1161,85
1787324603,31.22,1161,85
1787324604,31.19,1161,85
1787324605,31.18,1161,85
1787324606,31.22,1161,85
1787324607,31.36,1161,85
1787324608,31.71,1161,85
1787324609,32.35,1161,85
1787324610,32.74,1161,86
1787324612,32.64,1161,86
1787324612,31.60,1161,85
1787324613,30.57,1161,85
1787324615,30.06,1161,85
1787324616,29.78,1161,85
1787324617,29.56,1161,85
1787324618,29.31,1193,85
1787324619,24.58,264,83
1787324620,15.51,251,83
1787324621,14.72,251,82
1787324622,12.42,251,81
1787324623,10.31,251,80
1787324624,10.16,251,80
1787324625,10.00,251,79
1787324626,9.99,251,79
1787324627,11.32,275,80
1787324628,16.57,604,81
1787324629,21.34,601,81
1787324630,21.31,593,81
1787324631,21.34,592,81
1787324632,21.35,590,81
1787324633,21.38,588,81
1787324634,21.29,588,82
1787324635,21.25,588,82
1787324636,21.18,588,82
1787324637,21.13,588,81
1787324638,21.08,588,81
1787324639,21.02,588,81
1787324640,20.80,588,81
1787324641,19.79,588,81
1787324642,20.21,588,81
1787324643,20.43,588,81
1787324644,19.98,588,81
1787324645,19.82,588,81
1787324646,20.04,588,81
1787324647,19.65,588,81
1787324648,19.58,588,81
1787324649,19.91,588,81
1787324650,20.68,588,81
1787324651,20.80,588,81
1787324652,20.62,588,81
1787324653,20.47,588,81
1787324654,20.24,588,81
1787324655,20.59,588,81
1787324656,19.52,588,81
1787324657,19.69,588,81
1787324658,19.55,588,81
1787324659,20.74,588,81
1787324660,19.60,588,81
1787324661,19.46,588,81
1787324662,19.46,588,81
1787324663,19.39,588,81
1787324664,19.56,588,81
1787324665,19.29,588,81
1787324666,19.31,588,81
1787324667,19.47,588,81
1787324668,19.35,588,81
1787324669,19.56,588,81
1787324670,19.41,588,81
1787324671,19.24,588,81
1787324672,19.19,588,81
1787324673,19.19,588,81
1787324674,19.30,588,81
1787324675,19.20,588,81
1787324676,19.43,588,81
1787324677,19.48,588,81
1787324678,19.31,588,81
1787324679,19.23,588,81
1787324680,19.08,588,81
1787324681,19.23,588,81
1787324682,19.15,588,81
1787324683,19.70,588,81
1787324684,19.17,588,81
1787324685,19.36,588,81
1787324686,19.26,588,81
1787324687,19.33,588,81
1787324688,19.20,267,81
1787324689,16.55,267,80
1787324690,14.94,254,80
1787324691,12.25,254,79
1787324692,10.23,254,78
1787324693,10.22,254,78
1787324694,9.81,254,78
1787324695,9.75,254,78
1787324696,9.72,260,77
1787324697,9.89,320,77
1787324698,9.96,320,77
1787324699,16.36,584,79
1787324700,23.37,581,80
1787324701,23.86,573,80
1787324702,23.85,572,80
1787324703,24.15,572,81
1787324704,23.81,571,81
1787324705,23.78,571,81
1787324706,23.36,571,81
1787324707,23.22,571,81
1787324708,23.40,571,81
1787324709,23.01,571,81
1787324710,22.95,571,81
1787324711,22.83,571,81
1787324712,23.11,571,81
1787324713,22.78,571,81
1787324714,23.06,571,81
1787324715,22.95,571,81
1787324716,23.14,571,81
1787324717,23.05,571,81
1787324718,22.86,571,81
1787324719,22.88,571,81
1787324720,23.47,571,81
1787324721,23.52,571,81
1787324722,23.09,571,81
1787324723,23.11,571,82
1787324724,22.99,571,81
1787324725,23.07,571,82
1787324726,22.84,577,81
1787324727,22.39,577,81
1787324728,23.18,577,82
1787324729,23.44,577,82
1787324730,23.46,577,82
1787324731,23.01,577,82
1787324732,22.87,577,82
1787324733,22.78,577,82
1787324734,22.68,577,82
1787324735,22.95,577,82
1787324736,22.71,577,82
1787324737,22.56,577,82
1787324738,22.61,577,82
1787324739,21.82,577,82
1787324740,22.50,577,82
1787324741,22.56,577,82
1787324742,22.67,577,82
1787324743,22.79,577,82
1787324744,22.71,577,82
1787324745,22.75,577,82
1787324746,22.90,577,82
1787324747,23.16,577,82
1787324748,23.22,577,82
1787324749,22.94,577,82
1787324750,22.51,577,82
1787324751,22.44,577,82
1787324752,22.29,577,82
1787324753,22.18,577,82
1787324754,22.04,577,82
1787324755,22.31,577,82
1787324756,22.28,577,82
1787324757,22.25,577,82
1787324758,22.17,577,82
1787324759,15.19,599,81
1787324760,15.04,285,81
1787324761,14.25,285,80
1787324762,11.85,285,79
1787324763,9.97,285,78
1787324764,9.90,285,78
1787324765,9.80,285,78
1787324766,9.74,285,77
1787324767,10.25,385,78
1787324768,14.73,386,79
1787324769,14.88,386,79
1787324770,14.74,386,79
1787324771,11.20,385,77
1787324772,10.41,385,77
1787324773,9.75,385,77
1787324774,9.63,385,77
1787324775,11.52,677,77
1787324776,15.76,2341,79
1787324777,24.37,2341,80
1787324778,24.12,2325,80
1787324779,24.17,2325,80
1787324780,24.38,2325,81
1787324781,24.23,2325,80
1787324782,24.15,2325,81
1787324783,24.08,2325,81
1787324784,23.92,2325,81
1787324785,23.81,2325,81
1787324786,23.58,2325,81
1787324787,23.74,2325,81
1787324788,23.73,2325,81
1787324789,23.66,2325,81
1787324790,23.67,2325,81
1787324791,23.66,2325,81
1787324792,23.73,2325,81
1787324793,23.89,2325,81
1787324794,24.00,2325,81
1787324795,23.89,2325,81
1787324796,23.98,2325,81
1787324797,23.43,2325,81
1787324798,20.17,2325,81
1787324799,24.62,2325,81
1787324800,24.54,2325,81
1787324801,24.67,2325,81
1787324802,24.28,2325,81
1787324803,23.86,2325,81
1787324804,23.75,2325,81
1787324805,24.59,2325,82
1787324806,24.96,2325,82
1787324807,25.82,2325,82
1787324808,25.56,2325,82
1787324809,25.06,2325,82
1787324810,25.00,2325,82
1787324811,24.43,2325,82
1787324812,24.35,2325,82
1787324813,24.41,2325,82
1787324814,24.35,2325,82
1787324815,24.32,2325,82
1787324816,24.26,2325,82
1787324817,24.36,2325,82
1787324818,24.33,2325,82
1787324819,24.41,2325,82
1787324820,24.51,2325,82
1787324821,24.54,2325,82
1787324822,24.90,2325,82
1787324823,25.18,2325,82
1787324824,25.76,2325,82
1787324825,26.36,2325,82
1787324826,26.39,2325,82
1787324827,25.23,2325,82
1787324828,24.50,2325,82
1787324829,24.34,2325,82
1787324830,24.29,2325,82
1787324831,24.22,2325,82
1787324832,24.25,2325,82
1787324833,24.25,2325,82
1787324834,24.26,2325,82
1787324835,24.23,2325,82
1787324836,24.01,2335,82
1787324837,17.36,270,81
1787324838,15.10,270,81
1787324839,14.00,257,80
1787324840,13.42,257,80
1787324841,12.04,257,79
1787324842,10.00,257,78
1787324843,9.84,257,78
1787324844,9.65,352,78
1787324845,10.35,404,77
1787324847,10.78,395,77
1787324848,23.64,387,80
1787324849,24.93,387,81
1787324850,24.85,383,81
1787324851,25.31,383,81
1787324852,25.76,382,81
1787324853,25.72,382,81
1787324854,25.83,382,81
1787324855,25.36,382,81
1787324856,25.40,382,81
1787324857,25.42,382,81
1787324858,25.22,382,81
1787324859,25.23,382,82
1787324860,25.32,382,82
1787324861,25.22,382,82
1787324862,24.81,382,82
1787324863,24.51,382,82
1787324864,24.69,382,82
1787324865,25.57,382,82
1787324866,25.00,382,82
1787324867,25.16,382,82
1787324868,25.09,382,82
1787324869,24.88,382,82
1787324870,24.50,382,82
1787324871,24.34,382,82
1787324872,24.18,382,82
1787324873,24.94,382,82
1787324874,25.71,382,82
1787324875,25.75,382,82
1787324876,25.69,382,82
1787324877,25.00,382,82
1787324878,24.87,382,82
1787324879,25.08,382,82
1787324880,24.98,382,82
1787324881,25.36,382,83
1787324882,25.22,382,82
1787324883,23.90,382,82
1787324884,23.86,382,82
1787324885,25.52,382,83
1787324886,26.13,382,83
1787324887,25.21,382,83
1787324888,22.49,382,82
1787324889,21.88,382,82
1787324890,21.69,382,82
1787324891,21.61,382,82
1787324892,21.16,382,82
1787324893,21.13,382,82
1787324894,21.08,382,82
1787324895,21.06,382,82
1787324896,21.09,382,82
1787324897,21.22,382,82
1787324898,21.49,382,82
1787324899,21.88,382,82
1787324900,21.89,382,82
1787324901,20.87,382,82
1787324902,20.37,382,82
1787324903,20.32,382,82
1787324904,20.18,382,82
1787324905,20.21,382,81
1787324906,20.07,382,81
1787324907,18.41,414,81
1787324908,13.86,297,80
1787324909,11.47,297,79
1787324910,10.20,297,78
1787324911,10.22,297,78
1787324912,9.81,297,78
1787324913,9.70,297,78
1787324914,9.68,297,77
1787324915,9.79,416,77
1787324916,11.46,418,77
1787324917,11.57,704,77
1787324918,31.43,697,81
1787324919,30.69,697,82
1787324920,30.67,691,82
1787324921,31.26,691,82
1787324922,31.54,691,82
1787324923,32.08,691,82
1787324924,32.29,691,83
1787324925,31.52,691,83
1787324926,30.91,691,83
1787324927,31.08,691,83
1787324928,30.76,691,83
1787324929,30.90,691,83
1787324930,30.64,691,83
1787324931,30.14,691,83
1787324932,30.31,691,83
1787324933,28.52,691,83
1787324934,30.00,691,83
1787324935,30.65,691,83
1787324936,30.58,691,83
1787324937,30.03,691,83
1787324938,30.23,691,83
1787324939,30.18,691,83
1787324940,29.49,691,83
1787324941,29.90,691,84
1787324942,29.61,691,83
1787324943,29.20,691,83
1787324944,29.92,691,84
1787324945,30.77,691,84
1787324946,31.42,691,84
1787324947,31.94,691,84
1787324948,30.61,691,84
1787324949,29.36,691,84
1787324950,29.17,691,84
1787324951,29.00,691,84
1787324952,29.28,691,84
1787324953,29.77,691,84
1787324954,29.59,691,84
1787324955,29.25,691,84
1787324956,30.01,691,84
1787324957,31.29,691,85
1787324958,31.33,691,85
1787324959,28.51,691,84
1787324960,28.27,691,84
1787324961,27.92,691,84
1787324962,27.91,691,84
1787324963,27.44,691,84
1787324964,27.12,691,84
1787324965,27.04,691,84
1787324966,26.99,691,84
1787324967,26.91,691,84
1787324968,27.12,691,84
1787324969,27.37,691,84
1787324970,27.76,691,84
1787324971,27.68,691,84
1787324972,27.18,691,84
1787324973,27.25,691,84
1787324974,26.83,691,84
1787324975,26.48,691,84
1787324976,26.43,691,84
1787324977,26.27,691,84
1787324978,19.38,753,82
1787324979,14.19,310,82
1787324980,12.91,310,80
1787324981,10.53,310,80
1787324982,10.49,310,79
1787324983,10.00,310,79
1787324984,9.85,310,79
1787324985,9.78,310,78
1787324986,10.96,338,80
1787324987,15.84,377,80
1787324988,12.76,377,79
1787324989,11.44,376,79
1787324990,15.66,367,80
1787324991,15.05,362,80
1787324992,12.86,362,79
1787324993,12.15,892,79
1787324994,16.04,2666,80
1787324995,15.98,3753,80
1787324996,14.76,3775,79
1787324997,14.94,3788,80
1787324998,15.06,3804,79
1787324999,16.68,3801,80
1787325000,16.87,3801,80
1787325001,17.03,3801,80
1787325002,17.38,3801,80
1787325003,18.11,3801,80
1787325004,18.69,3801,80
1787325005,19.13,3801,80
1787325006,20.59,3801,81
1787325007,22.28,3801,81
1787325008,25.23,3801,82
1787325009,32.28,3792,84
1787325010,39.91,3792,85
1787325011,41.17,3792,85
1787325012,41.90,3792,86
1787325013,41.89,3792,86
1787325014,42.46,3792,86
1787325015,42.71,3792,86
1787325016,42.81,3792,86
1787325017,42.98,3792,87
1787325018,43.31,3792,87
1787325019,42.92,3798,87
1787325020,43.12,3798,87
1787325021,40.17,3798,86
1787325022,38.13,3798,86
1787325023,40.90,3798,87
1787325024,40.49,3798,87
1787325025,40.49,3798,87
1787325026,40.53,3798,87
1787325027,40.26,3798,87
1787325028,40.44,3798,87
1787325029,40.38,3798,87
1787325030,40.72,3798,87
1787325031,41.06,3798,87
1787325032,39.80,3798,86
1787325033,37.36,3798,87
1787325034,40.90,3798,87
1787325035,38.17,3798,86
1787325036,37.73,3798,86
1787325037,37.79,3798,86
1787325038,37.71,3798,86
1787325039,37.91,3798,86
1787325040,37.82,3798,86
1787325041,37.80,3781,86
1787325042,39.21,3753,86
1787325043,32.56,3753,85
1787325044,32.22,3753,85
1787325045,32.56,3753,85
1787325046,33.05,3753,85
1787325048,33.35,3753,85
1787325049,32.87,3753,85
1787325050,31.10,3753,85
1787325051,30.15,3753,84
1787325052,29.87,3757,84
1787325053,29.64,3757,84
1787325054,29.48,3757,84
1787325055,29.32,3747,84
1787325056,20.36,186,82
1787325057,15.14,177,82
1787325058,14.28,177,81
1787325059,10.47,164,80
1787325060,10.26,164,79
1787325061,9.88,164,79
1787325062,9.76,164,79
1787325063,9.65,164,78
1787325064,10.52,305,79
1787325065,24.92,310,82
1787325066,33.22,310,83
1787325067,45.08,306,86
1787325068,53.58,298,87
1787325069,49.31,298,87
1787325070,45.27,298,86
1787325071,44.21,298,86
1787325072,44.29,298,87
1787325073,44.22,298,87
1787325074,44.14,305,87
1787325075,44.14,298,87
1787325076,44.10,298,87
1787325077,40.49,298,86
1787325078,43.39,298,87
1787325079,42.65,298,86
1787325080,40.32,298,87
1787325081,42.58,298,87
1787325082,42.80,298,87
1787325083,39.23,305,87
1787325084,42.73,298,87
1787325085,40.56,298,86
1787325086,37.84,298,86
1787325087,42.46,298,87
1787325088,38.14,298,86
1787325089,40.30,298,87
1787325090,41.46,305,87
1787325091,41.53,298,87
1787325092,41.50,298,87
1787325093,39.28,298,86
1787325094,38.27,298,87
1787325095,41.09,298,87
1787325096,40.96,298,87
1787325097,40.87,298,87
1787325098,37.61,298,86
1787325099,35.98,298,86
1787325100,40.63,305,87
1787325101,37.01,298,86
1787325102,35.84,298,86
1787325103,38.27,298,87
1787325104,41.10,298,87
1787325105,37.04,298,86
1787325106,38.33,298,87
1787325107,40.45,298,87
1787325108,40.06,298,86
1787325109,35.00,298,86
1787325110,35.66,298,86
1787325111,40.01,305,87
1787325112,40.20,298,87
1787325113,39.54,298,86
1787325114,35.08,298,86
1787325115,35.73,298,86
1787325116,38.64,298,87
1787325117,38.68,298,87
1787325118,38.62,305,87
1787325119,38.57,298,87
1787325120,38.62,298,87
1787325121,38.52,298,87
1787325122,38.60,298,87
1787325123,38.56,298,87
1787325124,38.60,311,87
1787325125,21.42,313,83
1787325126,15.44,313,82
1787325127,14.25,313,82
1787325128,13.15,313,81
1787325129,11.68,313,80
1787325130,10.21,313,80
1787325131,10.07,313,79
1787325132,9.91,307,79
1787325133,11.99,316,80
1787325134,15.53,316,80
1787325135,14.40,308,79
1787325136,15.02,658,80
1787325137,23.43,1556,81
1787325138,32.45,1556,83
1787325139,33.98,1556,84
1787325140,32.56,1556,84
1787325141,33.79,1556,84
1787325142,33.24,1556,84
1787325143,34.32,1556,84
1787325144,32.23,1556,84
1787325145,31.64,1556,84
1787325146,31.14,1556,84
1787325147,31.13,1556,84
1787325148,31.81,1556,84
1787325149,32.21,1556,84
1787325150,31.51,1556,84
1787325151,31.40,1556,84
1787325152,31.13,1556,84
1787325153,31.18,1556,85
1787325154,31.02,1556,85
1787325155,31.20,1556,85
1787325156,31.12,1556,85
1787325157,30.73,1556,85
1787325158,31.13,1556,85
1787325159,31.58,1556,85
1787325160,31.97,1556,85
1787325161,32.22,1556,85
1787325162,31.35,1556,85
1787325163,31.16,1556,85
1787325164,31.51,1556,85
1787325165,32.48,1556,86
1787325166,32.97,1556,86
1787325167,32.41,1556,85
1787325168,30.89,1556,85
1787325169,30.66,1556,85
1787325170,30.92,1556,85
1787325171,31.55,1556,86
1787325172,32.41,1554,86
1787325173,32.94,1554,86
1787325174,32.35,1554,86
1787325175,31.99,1554,86
1787325176,32.81,1554,86
1787325177,32.63,1554,86
1787325178,30.61,1554,86
1787325179,29.49,1554,86
1787325180,29.26,1554,86
1787325181,29.09,1554,85
1787325182,28.90,1554,85
1787325183,28.48,1554,85
1787325184,28.41,1554,85
1787325185,28.38,1554,85
1787325186,28.33,1554,85
1787325187,28.60,1554,85
1787325188,28.73,1554,85
1787325189,28.85,1554,85
1787325190,28.73,1554,85
1787325191,28.12,1554,85
1787325192,27.42,1554,85
1787325193,27.21,1554,85
1787325194,26.75,1554,85
1787325195,26.52,1554,85
1787325196,26.42,1554,85
1787325197,25.11,1644,84
1787325198,16.68,1644,83
1787325199,14.93,324,83
1787325200,11.52,324,81
1787325201,10.71,324,81
1787325202,10.67,324,81
1787325203,10.06,324,80
1787325204,9.98,324,80
1787325205,9.89,345,80
1787325206,10.21,287,79
1787325207,17.86,418,82
1787325208,23.13,414,82
1787325209,23.23,409,82
1787325210,23.29,409,82
1787325211,23.43,404,82
1787325212,23.36,402,82
1787325213,23.23,402,82
1787325214,23.10,402,82
1787325215,22.97,402,82
1787325216,22.72,402,82
1787325217,22.56,402,82
1787325218,22.48,402,82
1787325219,22.49,402,82
1787325220,22.47,402,82
1787325221,22.46,402,82
1787325222,22.39,402,82
1787325223,22.45,402,82
1787325224,22.44,402,82
1787325225,22.42,402,82
1787325226,22.21,402,82
1787325227,22.24,402,82
1787325228,22.80,402,83
1787325229,22.59,402,82
1787325230,22.53,402,82
1787325231,22.51,402,82
1787325232,22.63,402,82
1787325233,22.60,402,82
1787325234,22.41,402,82
1787325235,22.20,402,82
1787325236,22.66,402,83
1787325237,23.00,402,83
1787325238,23.21,402,83
1787325239,22.77,402,83
1787325240,22.42,402,83
1787325241,22.30,402,82
1787325242,21.93,402,83
1787325243,22.09,402,83
1787325244,22.07,402,82
1787325245,21.86,402,82
1787325246,21.52,402,82
1787325247,21.67,402,82
1787325248,21.40,402,82
1787325249,21.55,402,82
1787325250,21.97,402,82
1787325251,21.93,402,82
1787325252,22.25,402,82
1787325253,22.30,402,83
1787325254,22.49,402,83
1787325255,22.66,402,83
1787325256,22.56,402,83
1787325257,22.39,402,83
1787325258,22.03,402,83
1787325259,21.41,402,82
1787325261,21.21,402,82
1787325261,20.96,402,82
1787325262,20.68,402,82
1787325263,20.84,402,82
1787325264,20.77,402,82
1787325266,20.52,402,82
1787325266,20.75,402,82
1787325267,21.05,425,82
1787325268,15.52,282,81
1787325269,14.18,282,81
1787325270,11.62,282,80
1787325272,10.34,282,79
1787325273,10.33,282,79
1787325274,9.92,282,79
1787325275,9.89,282,78
1787325276,9.84,400,78
1787325277,10.08,403,78
1787325278,12.16,402,78
1787325279,10.51,286,78
1787325280,10.60,286,78
1787325281,10.58,286,78
1787325282,10.67,286,77
1787325283,9.74,286,77
1787325284,10.75,1487,77
1787325285,15.44,2707,79
1787325286,24.49,2707,80
1787325287,24.70,2707,81
1787325288,24.64,2707,81
1787325289,24.80,2707,81
1787325290,24.34,2707,81
1787325291,24.98,2707,81
1787325292,24.08,2707,81
1787325293,24.15,2707,81
1787325294,23.68,2707,81
1787325295,23.74,2707,82
1787325296,23.58,2707,81
1787325297,23.44,2707,82
1787325298,23.62,2707,82
1787325299,23.54,2707,82
1787325300,23.68,2707,82
1787325301,23.74,2707,82
1787325302,23.80,2707,82
1787325303,23.56,2707,82
1787325304,23.36,2707,82
1787325305,23.34,2707,82
1787325306,24.01,2707,82
1787325307,24.06,2707,82
1787325308,23.86,2707,82
1787325309,23.88,2707,82
1787325310,24.00,2707,82
1787325311,24.08,2707,82
1787325312,23.72,2707,82
1787325313,23.28,2707,82
1787325314,24.00,2707,82
1787325315,24.37,2707,82
1787325316,24.48,2707,82
1787325317,23.71,2707,82
1787325318,23.55,2707,82
1787325319,23.41,2707,82
1787325320,23.26,2707,82
1787325321,23.15,2707,82
1787325322,22.77,2707,82
1787325323,22.99,2707,82
1787325324,22.94,2707,82
1787325325,23.04,2707,82
1787325326,22.91,2707,82
1787325327,23.04,2707,82
1787325328,23.25,2707,82
1787325329,23.46,2707,82
1787325330,23.34,2707,82
1787325331,23.40,2707,82
1787325332,23.71,2707,82
1787325333,23.90,2707,83
1787325334,23.89,2707,83
1787325335,23.37,2707,82
1787325336,22.83,2707,82
1787325337,22.75,2707,82
1787325338,22.70,2707,82
1787325339,22.58,2707,83
1787325340,22.67,2707,82
1787325341,22.59,2707,82
1787325342,22.54,2707,82
1787325343,22.53,2707,82
1787325344,22.59,2707,82
1787325345,14.38,2724,81
1787325346,14.11,2724,81
1787325347,13.89,266,81
1787325348,11.31,266,79
1787325349,10.66,266,79
1787325350,10.00,266,79
1787325351,9.89,266,78
1787325352,9.73,266,78
1787325353,10.09,328,78
1787325354,19.09,386,80
1787325355,27.30,375,82
1787325356,27.97,352,81
1787325357,25.71,333,81
1787325358,26.37,329,81
1787325359,25.71,325,81
1787325360,25.25,325,81
1787325361,25.21,323,82
1787325362,25.98,323,82
1787325363,25.44,323,82
1787325364,25.55,319,81
1787325365,25.36,319,82
1787325366,26.38,319,82
1787325367,25.84,319,82
1787325368,25.65,319,81
1787325369,25.97,319,81
1787325370,26.14,319,82
1787325371,26.38,319,82
1787325372,26.24,319,82
1787325373,26.34,319,82
1787325374,26.71,319,82
1787325375,26.11,319,82
1787325376,25.99,319,82
1787325377,26.49,319,82
1787325378,26.25,319,82
1787325379,27.39,319,82
1787325380,26.77,319,82
1787325381,26.79,319,82
1787325382,26.54,319,82
1787325383,27.12,319,82
1787325384,26.78,319,82
1787325385,26.76,319,82
1787325386,27.33,319,82
1787325387,26.67,319,82
1787325388,27.48,319,82
1787325389,26.60,319,82
1787325390,27.38,319,82
1787325391,27.19,319,82
1787325392,27.10,319,82
1787325393,26.58,319,82
1787325394,26.81,319,82
1787325395,26.47,319,82
1787325396,26.09,319,82
1787325397,25.73,319,82
1787325398,26.07,319,82
1787325399,26.77,319,82
1787325400,27.43,319,82
1787325401,27.60,319,82
1787325402,26.30,319,82
1787325403,26.83,319,82
1787325404,27.23,319,82
1787325405,26.98,319,82
1787325406,27.50,319,82
1787325407,27.01,319,82
1787325408,26.06,319,82
1787325409,26.58,319,82
1787325410,27.36,319,82
1787325411,26.51,319,82
1787325412,26.39,319,82
1787325413,26.49,319,82
1787325414,26.50,319,82
1787325415,26.37,330,82
1787325416,15.69,330,80
1787325417,14.44,330,79
1787325418,11.52,330,78
1787325419,10.76,330,78
1787325420,9.78,330,77
1787325421,9.64,330,77
1787325422,9.54,330,77
1787325423,9.51,302,77
1787325424,15.36,309,79
1787325425,30.23,309,81
1787325426,38.85,313,83
1787325427,56.80,311,87
1787325428,57.42,306,87
1787325429,51.85,306,86
1787325430,50.56,302,86
1787325431,50.44,302,87
1787325432,50.35,302,87
1787325433,48.78,302,86
1787325434,45.22,302,86
1787325435,45.37,302,86
1787325436,45.30,302,86
1787325437,45.31,302,86
1787325438,45.25,302,86
1787325439,45.25,302,87
1787325440,45.11,302,87
1787325441,45.19,302,87
1787325442,45.18,302,87
1787325443,45.23,302,87
1787325444,45.19,302,87
1787325445,44.51,302,87
1787325446,42.08,302,86
1787325447,43.75,302,87
1787325448,43.41,302,86
1787325449,39.13,302,86
1787325450,41.08,302,87
1787325451,44.59,302,87
1787325452,40.40,302,86
1787325453,43.16,302,87
1787325454,43.52,302,87
1787325455,43.49,302,87
1787325456,38.86,302,86
1787325457,39.67,302,87
1787325458,43.20,302,87
1787325459,40.09,302,86
1787325460,38.24,302,86
1787325461,42.87,302,87
1787325462,39.85,302,87
1787325463,42.30,302,87
1787325464,42.37,302,87
1787325465,42.25,302,87
1787325466,38.06,302,86
1787325467,37.06,302,86
1787325468,40.57,302,87
1787325469,42.47,302,87
1787325470,37.82,302,86
1787325471,41.04,302,87
1787325472,41.24,302,87
1787325473,41.25,302,87
1787325474,41.13,302,87
1787325475,40.16,302,87
1787325476,36.88,302,86
1787325477,36.95,302,86
1787325478,37.05,302,86
1787325479,36.97,302,86
1787325480,37.03,302,86
1787325481,39.58,302,87
1787325482,36.33,302,86
1787325483,40.21,302,87
1787325484,33.24,315,83
1787325485,15.34,315,82
1787325486,14.96,315,82
1787325487,13.95,315,81
1787325488,13.93,315,81
1787325489,11.81,315,80
1787325490,10.80,315,79
1787325491,9.90,315,79
1787325492,10.24,292,79
1787325493,14.71,296,80
1787325494,14.79,688,80
1787325495,20.10,687,81
1787325496,22.15,679,81
1787325497,22.06,676,81
1787325498,22.17,676,81
1787325499,22.23,676,81
1787325500,22.19,676,81
1787325501,22.13,676,81
1787325503,21.99,676,81
1787325504,21.83,676,81
1787325505,21.71,676,81
1787325506,21.74,676,81
1787325507,21.72,676,81
1787325508,21.47,676,81
1787325509,21.46,676,81
1787325510,21.30,676,81
1787325511,21.16,676,81
1787325512,21.41,676,81
1787325513,21.46,676,81
1787325514,21.39,676,81
1787325515,20.94,676,81
1787325516,21.32,676,81
1787325517,21.99,676,81
1787325518,21.85,676,81
1787325519,21.77,676,81
1787325520,21.78,676,81
1787325521,21.83,676,81
1787325522,21.72,676,81
1787325523,21.17,676,81
1787325524,21.03,676,81
1787325525,21.63,676,81
1787325526,21.82,676,81
1787325527,21.94,676,81
1787325528,21.36,676,81
1787325529,20.45,676,81
1787325530,20.41,676,81
1787325531,20.34,676,81
1787325532,20.28,676,81
1787325533,20.21,676,81
1787325534,20.16,676,81
1787325535,20.13,676,81
1787325536,20.11,676,81
1787325537,20.15,676,81
1787325538,20.29,676,81
1787325539,20.30,676,81
1787325540,20.33,676,81
1787325541,20.25,676,81
1787325542,20.70,676,81
1787325543,21.57,676,81
1787325544,21.73,676,81
1787325545,21.66,676,81
1787325546,20.85,676,81
1787325547,20.13,676,81
1787325548,20.08,676,81
1787325549,20.58,676,81
1787325550,20.15,676,81
1787325551,19.92,676,81
1787325552,20.13,676,81
1787325553,19.89,676,81
1787325554,20.49,676,81
1787325555,20.09,252,81
1787325556,16.06,231,80
1787325557,14.74,217,80
1787325558,12.73,217,79
1787325559,10.10,217,78
1787325560,10.10,217,78
1787325561,9.82,217,78
1787325562,9.69,217,77
1787325563,9.59,217,77
1787325564,13.62,340,80
1787325565,34.15,339,82
1787325566,35.17,332,82
1787325567,31.20,330,82
1787325568,30.96,329,82
1787325569,30.53,323,82
1787325570,30.09,323,82
1787325571,30.34,323,82
1787325572,30.34,323,82
1787325573,30.46,323,82
1787325574,29.84,323,82
1787325575,30.39,323,82
1787325576,31.19,323,83
1787325577,31.26,323,83
1787325578,31.22,323,83
1787325579,31.16,323,83
1787325580,31.49,323,83
1787325581,32.25,323,83
1787325582,32.12,323,83
1787325583,32.12,323,83
1787325584,32.18,323,83
1787325585,32.18,323,83
1787325586,32.88,323,83
1787325587,32.86,323,83
1787325588,33.26,323,84
1787325589,35.01,323,84
1787325590,36.06,323,84
1787325591,35.83,323,84
1787325592,33.81,323,84
1787325593,34.36,323,84
1787325594,34.91,323,84
1787325595,35.12,323,84
1787325596,34.60,323,84
1787325597,34.85,323,84
1787325598,34.56,323,84
1787325599,35.01,323,85
1787325600,33.37,323,84
1787325601,32.86,323,84
1787325602,33.63,323,84
1787325603,32.99,323,84
1787325604,33.19,323,84
1787325605,32.74,323,84
1787325606,32.01,323,84
1787325607,32.61,323,84
1787325608,32.30,323,84
1787325609,30.91,323,83
1787325610,31.80,323,84
1787325611,31.39,323,84
1787325612,30.84,323,84
1787325613,31.14,323,84
1787325614,30.24,323,84
1787325615,30.45,323,84
1787325616,30.23,323,84
1787325617,29.93,323,84
1787325618,29.60,323,84
1787325619,30.10,323,83
1787325620,29.93,323,84
1787325621,30.09,323,84
1787325622,30.28,323,83
1787325623,30.00,323,84
1787325624,29.67,333,83
1787325625,19.31,333,81
1787325626,15.13,333,81
1787325627,12.59,333,79
1787325628,10.19,333,79
1787325629,10.16,333,78
1787325630,9.72,333,78
1787325631,9.69,333,78
1787325632,9.76,290,77
1787325633,13.36,329,80
1787325634,29.79,324,81
1787325635,36.69,319,83
1787325636,53.31,318,88
1787325637,53.78,318,87
1787325638,50.85,318,86
1787325639,47.16,318,86
1787325640,47.17,318,86
1787325641,47.21,318,87
1787325642,47.11,318,87
1787325643,45.48,318,86
1787325644,42.04,318,86
1787325645,42.03,318,86
1787325646,41.99,318,86
1787325647,41.88,318,86
1787325648,41.75,318,86
1787325649,41.71,318,86
1787325650,41.73,318,86
1787325651,41.91,318,86
1787325652,41.91,318,87
1787325653,41.72,318,87
1787325654,41.74,318,87
1787325655,41.91,318,87
1787325656,41.97,318,87
1787325657,42.00,318,87
1787325658,42.03,318,87
1787325659,37.28,318,86
1787325660,41.12,318,87
1787325661,39.88,318,86
1787325662,35.73,318,86
1787325663,39.53,318,87
1787325664,41.03,318,87
1787325665,37.23,318,86
1787325666,36.08,318,86
1787325667,36.16,318,86
1787325668,36.15,318,86
1787325669,39.11,318,87
1787325670,39.48,318,86
1787325671,35.22,318,86
1787325672,36.90,318,87
1787325673,40.52,318,87
1787325674,37.15,318,86
1787325675,34.79,318,86
1787325676,37.94,318,87
1787325677,39.98,318,87
1787325678,39.47,318,86
1787325679,34.76,318,86
1787325680,34.81,318,86
1787325681,34.94,318,86
1787325682,34.94,318,86
1787325683,37.32,318,87
1787325684,38.31,318,86
1787325685,34.77,318,86
1787325686,34.81,318,86
1787325687,34.87,318,86
1787325688,34.82,318,86
1787325689,34.78,318,86
1787325690,34.77,318,86
1787325691,34.87,318,86
1787325693,34.81,318,86
