=== ANALISE DE METRICAS DE GPU (Green IT + VRAM) ===
API de Renderizacao: WEBGPU-RAW
Cenario: C
Timestamp Unix de Inicio do Ensaio (ms): 1787282290816
Janela do Ensaio: 60.00 s
Amostras de GPU Utilizadas (nvidia-smi, 1 Hz): 5331

--- CONSUMO ACUMULADO DO ENSAIO (integral da curva de potencia) ---
Potencia Media (ponderada pelo tempo, janela de 60s): 22.72 W
Consumo Acumulado do Ensaio: 1363.26 J (0.3787 Wh)

--- METRICAS POR QUADRO (media sobre 8617 frames correlacionados) ---
Potencia Instantanea Media: 22.74 W
Potencia Instantanea Minima: 15.03 W
Potencia Instantanea Maxima: 23.60 W
Assinatura Energetica Media por Quadro (Joules/Frame): 0.1582 J
Coeficiente de Eficiencia Medio (Frames por Watt): 6.34 FPS/W
Total de Quadros Correlacionados: 8617 frames

--- ALOCACAO DE VRAM (MB, via nvidia-smi memory.used) ---
VRAM Media durante o Ensaio: 1048.1 MB
VRAM Minima durante o Ensaio: 973.2 MB
VRAM Maxima durante o Ensaio: 1055.0 MB

--- TEMPERATURA DA GPU (°C, via nvidia-smi temperature.gpu) ---
Temperatura Media durante o Ensaio: 84.6 °C
Temperatura Minima durante o Ensaio: 82.6 °C
Temperatura Maxima durante o Ensaio: 85.0 °C
Deriva Termica no Ensaio (fim - inicio): +2.4 °C
  (nao e uma metrica da pesquisa — serve para auditar se a GPU estava em
  equilibrio termico. Compare entre ensaios do mesmo lote para checar vies
  sistematico entre condicoes testadas no inicio vs. no fim do lote.)

--- DADOS BRUTOS QUADRO A QUADRO (COM ENERGIA, VRAM E TEMPERATURA) ---
Tempo Decorrido (ms),FPS Instantaneo,Tempo de Frame (ms),Potencia Instantanea (W),Energia do Quadro (J),Frames por Watt,VRAM (MB),Temperatura (C)
3,303.0,3.30,15.03,0.0496,20.16,973.2,82.6
10,144.9,6.90,15.05,0.1039,9.63,976.4,82.7
17,144.9,6.90,15.08,0.1040,9.61,979.5,82.7
24,144.9,6.90,15.10,0.1042,9.60,982.7,82.7
170,6.9,145.90,15.60,2.2763,0.44,1048.7,83.0
177,142.9,7.00,15.63,0.1094,9.15,1051.8,83.0
212,28.7,34.80,15.86,0.5519,1.81,1055.0,83.0
219,147.1,6.80,15.91,0.1082,9.25,1055.0,83.0
226,142.9,7.00,15.96,0.1117,8.95,1055.0,83.0
232,144.9,6.90,16.01,0.1105,9.05,1055.0,83.0
239,142.9,7.00,16.06,0.1124,8.90,1054.9,83.1
246,144.9,6.90,16.11,0.1112,8.99,1054.9,83.1
253,144.9,6.90,16.16,0.1115,8.96,1054.9,83.1
260,142.9,7.00,16.22,0.1135,8.81,1054.9,83.1
267,144.9,6.90,16.27,0.1123,8.91,1054.9,83.1
274,144.9,6.90,16.32,0.1126,8.88,1054.9,83.1
281,142.9,7.00,16.37,0.1146,8.73,1054.9,83.1
288,144.9,6.90,16.42,0.1133,8.82,1054.9,83.1
295,144.9,6.90,16.48,0.1137,8.79,1054.9,83.1
302,142.9,7.00,16.53,0.1157,8.65,1054.9,83.1
309,144.9,6.90,16.58,0.1144,8.74,1054.9,83.1
316,144.9,6.90,16.63,0.1148,8.71,1054.9,83.1
323,140.8,7.10,16.69,0.1185,8.44,1054.9,83.1
330,144.9,6.90,16.74,0.1155,8.66,1054.9,83.1
337,142.9,7.00,16.79,0.1175,8.51,1054.8,83.2
343,147.1,6.80,16.83,0.1145,8.74,1054.8,83.2
351,140.8,7.10,16.89,0.1199,8.33,1054.8,83.2
357,144.9,6.90,16.94,0.1169,8.55,1054.8,83.2
364,144.9,6.90,16.99,0.1172,8.53,1054.8,83.2
371,142.9,7.00,17.04,0.1193,8.38,1054.8,83.2
378,144.9,6.90,17.10,0.1180,8.48,1054.8,83.2
385,142.9,7.00,17.15,0.1200,8.33,1054.8,83.2
392,142.9,7.00,17.20,0.1204,8.31,1054.8,83.2
399,144.9,6.90,17.25,0.1190,8.40,1054.8,83.2
406,144.9,6.90,17.30,0.1194,8.37,1054.8,83.2
413,144.9,6.90,17.36,0.1198,8.35,1054.8,83.2
420,142.9,7.00,17.41,0.1219,8.21,1054.8,83.2
427,142.9,7.00,17.46,0.1222,8.18,1054.8,83.2
434,144.9,6.90,17.51,0.1208,8.27,1054.8,83.3
441,142.9,7.00,17.56,0.1230,8.14,1054.7,83.3
448,144.9,6.90,17.62,0.1216,8.23,1054.7,83.3
455,144.9,6.90,17.67,0.1219,8.20,1054.7,83.3
462,142.9,7.00,17.72,0.1240,8.06,1054.7,83.3
469,144.9,6.90,17.77,0.1226,8.15,1054.7,83.3
475,144.9,6.90,17.82,0.1229,8.13,1054.7,83.3
482,142.9,7.00,17.87,0.1251,8.00,1054.7,83.3
489,144.9,6.90,17.92,0.1237,8.08,1054.7,83.3
496,142.9,7.00,17.97,0.1258,7.95,1054.7,83.3
503,147.1,6.80,18.03,0.1226,8.16,1054.7,83.3
510,140.8,7.10,18.08,0.1284,7.79,1054.7,83.3
517,144.9,6.90,18.13,0.1251,7.99,1054.7,83.3
524,142.9,7.00,18.18,0.1273,7.86,1054.7,83.3
531,142.9,7.00,18.24,0.1276,7.84,1054.7,83.3
538,144.9,6.90,18.29,0.1262,7.92,1054.6,83.4
545,144.9,6.90,18.34,0.1265,7.90,1054.6,83.4
552,144.9,6.90,18.39,0.1269,7.88,1054.6,83.4
559,144.9,6.90,18.44,0.1273,7.86,1054.6,83.4
566,142.9,7.00,18.50,0.1295,7.73,1054.6,83.4
573,144.9,6.90,18.55,0.1280,7.81,1054.6,83.4
580,144.9,6.90,18.60,0.1283,7.79,1054.6,83.4
587,142.9,7.00,18.65,0.1306,7.66,1054.6,83.4
593,144.9,6.90,18.70,0.1290,7.75,1054.6,83.4
601,140.8,7.10,18.76,0.1332,7.51,1054.6,83.4
607,144.9,6.90,18.80,0.1297,7.71,1054.6,83.4
614,144.9,6.90,18.85,0.1301,7.69,1054.6,83.4
621,140.8,7.10,18.91,0.1342,7.45,1054.6,83.4
628,144.9,6.90,18.96,0.1308,7.64,1054.6,83.4
635,144.9,6.90,19.01,0.1312,7.62,1054.5,83.5
642,144.9,6.90,19.06,0.1315,7.60,1054.5,83.5
649,142.9,7.00,19.11,0.1338,7.48,1054.5,83.5
656,144.9,6.90,19.17,0.1322,7.56,1054.5,83.5
663,142.9,7.00,19.22,0.1345,7.44,1054.5,83.5
670,144.9,6.90,19.27,0.1330,7.52,1054.5,83.5
677,144.9,6.90,19.32,0.1333,7.50,1054.5,83.5
684,144.9,6.90,19.38,0.1337,7.48,1054.5,83.5
691,142.9,7.00,19.43,0.1360,7.36,1054.5,83.5
698,142.9,7.00,19.48,0.1364,7.34,1054.5,83.5
705,142.9,7.00,19.53,0.1367,7.32,1054.5,83.5
712,147.1,6.80,19.58,0.1332,7.51,1054.5,83.5
719,142.9,7.00,19.64,0.1375,7.28,1054.5,83.5
726,142.9,7.00,19.69,0.1378,7.26,1054.5,83.5
732,147.1,6.80,19.73,0.1342,7.45,1054.5,83.5
739,142.9,7.00,19.78,0.1385,7.22,1054.4,83.6
746,144.9,6.90,19.84,0.1369,7.30,1054.4,83.6
753,142.9,7.00,19.89,0.1392,7.18,1054.4,83.6
760,142.9,7.00,19.94,0.1396,7.17,1054.4,83.6
767,144.9,6.90,19.99,0.1380,7.25,1054.4,83.6
774,142.9,7.00,20.05,0.1403,7.13,1054.4,83.6
781,142.9,7.00,20.10,0.1407,7.11,1054.4,83.6
788,144.9,6.90,20.15,0.1390,7.19,1054.4,83.6
795,142.9,7.00,20.20,0.1414,7.07,1054.4,83.6
802,144.9,6.90,20.25,0.1398,7.15,1054.4,83.6
809,147.1,6.80,20.31,0.1381,7.24,1054.4,83.6
816,142.9,7.00,20.36,0.1425,7.02,1054.4,83.6
823,144.9,6.90,20.41,0.1408,7.10,1054.4,83.6
830,142.9,7.00,20.46,0.1432,6.98,1054.4,83.6
837,144.9,6.90,20.51,0.1416,7.06,1054.3,83.7
844,142.9,7.00,20.57,0.1440,6.95,1054.3,83.7
850,144.9,6.90,20.61,0.1422,7.03,1054.3,83.7
857,142.9,7.00,20.66,0.1446,6.92,1054.3,83.7
864,142.9,7.00,20.72,0.1450,6.90,1054.3,83.7
871,147.1,6.80,20.77,0.1412,7.08,1054.3,83.7
878,140.8,7.10,20.82,0.1478,6.76,1054.3,83.7
885,149.3,6.70,20.87,0.1398,7.15,1054.3,83.7
892,142.9,7.00,20.92,0.1465,6.83,1054.3,83.7
899,142.9,7.00,20.98,0.1468,6.81,1054.3,83.7
906,142.9,7.00,21.03,0.1472,6.80,1054.3,83.7
913,144.9,6.90,21.08,0.1455,6.87,1054.3,83.7
920,142.9,7.00,21.13,0.1479,6.76,1054.3,83.7
927,142.9,7.00,21.19,0.1483,6.75,1054.3,83.7
934,144.9,6.90,21.24,0.1465,6.82,1054.3,83.8
941,144.9,6.90,21.29,0.1469,6.81,1054.2,83.8
948,142.9,7.00,21.34,0.1494,6.70,1054.2,83.8
955,144.9,6.90,21.39,0.1476,6.77,1054.2,83.8
962,144.9,6.90,21.45,0.1480,6.76,1054.2,83.8
969,142.9,7.00,21.50,0.1505,6.65,1054.2,83.8
975,144.9,6.90,21.54,0.1486,6.73,1054.2,83.8
982,142.9,7.00,21.60,0.1512,6.62,1054.2,83.8
989,144.9,6.90,21.65,0.1494,6.69,1054.2,83.8
996,142.9,7.00,21.70,0.1519,6.59,1054.2,83.8
1003,142.9,7.00,21.75,0.1523,6.57,1054.2,83.8
1010,147.1,6.80,21.80,0.1483,6.75,1054.2,83.8
1017,142.9,7.00,21.86,0.1530,6.54,1054.2,83.8
1024,144.9,6.90,21.91,0.1512,6.61,1054.2,83.8
1031,142.9,7.00,21.96,0.1537,6.51,1054.2,83.8
1038,144.9,6.90,22.01,0.1519,6.58,1054.1,83.9
1045,142.9,7.00,22.06,0.1545,6.48,1054.1,83.9
1052,144.9,6.90,22.12,0.1526,6.55,1054.1,83.9
1059,142.9,7.00,22.17,0.1552,6.45,1054.1,83.9
1066,142.9,7.00,22.22,0.1555,6.43,1054.1,83.9
1073,144.9,6.90,22.27,0.1537,6.51,1054.1,83.9
1080,142.9,7.00,22.33,0.1563,6.40,1054.1,83.9
1087,144.9,6.90,22.38,0.1544,6.48,1054.1,83.9
1094,144.9,6.90,22.43,0.1548,6.46,1054.1,83.9
1100,144.9,6.90,22.47,0.1551,6.45,1054.1,83.9
1107,142.9,7.00,22.53,0.1577,6.34,1054.1,83.9
1114,144.9,6.90,22.58,0.1558,6.42,1054.1,83.9
1121,142.9,7.00,22.63,0.1584,6.31,1054.1,83.9
1128,142.9,7.00,22.68,0.1588,6.30,1054.1,83.9
1135,144.9,6.90,22.73,0.1569,6.37,1054.0,84.0
1142,144.9,6.90,22.79,0.1572,6.36,1054.0,84.0
1149,144.9,6.90,22.84,0.1576,6.34,1054.0,84.0
1156,144.9,6.90,22.89,0.1580,6.33,1054.0,84.0
1163,144.9,6.90,22.94,0.1583,6.32,1054.0,84.0
1170,142.9,7.00,23.00,0.1610,6.21,1054.0,84.0
1177,140.8,7.10,23.05,0.1636,6.11,1054.0,84.0
1184,144.9,6.90,23.10,0.1594,6.27,1054.0,84.0
1191,144.9,6.90,23.10,0.1594,6.27,1054.0,84.0
1198,144.9,6.90,23.10,0.1594,6.27,1053.9,84.0
1205,142.9,7.00,23.10,0.1617,6.19,1053.9,84.0
1212,144.9,6.90,23.10,0.1594,6.27,1053.8,84.0
1218,144.9,6.90,23.10,0.1594,6.27,1053.8,84.0
1225,142.9,7.00,23.10,0.1617,6.19,1053.8,84.0
1232,144.9,6.90,23.10,0.1594,6.27,1053.7,84.0
1239,142.9,7.00,23.10,0.1617,6.19,1053.7,84.0
1246,144.9,6.90,23.10,0.1594,6.27,1053.6,84.0
1253,144.9,6.90,23.10,0.1594,6.27,1053.6,84.0
1260,142.9,7.00,23.10,0.1617,6.19,1053.5,84.0
1267,142.9,7.00,23.10,0.1617,6.19,1053.5,84.0
1274,144.9,6.90,23.10,0.1594,6.27,1053.5,84.0
1281,144.9,6.90,23.10,0.1594,6.27,1053.4,84.0
1288,142.9,7.00,23.10,0.1617,6.19,1053.4,84.0
1295,144.9,6.90,23.10,0.1594,6.27,1053.3,84.0
1302,142.9,7.00,23.10,0.1617,6.19,1053.3,84.0
1309,142.9,7.00,23.10,0.1617,6.19,1053.3,84.0
1316,144.9,6.90,23.10,0.1594,6.27,1053.2,84.0
1323,144.9,6.90,23.10,0.1594,6.27,1053.2,84.0
1330,142.9,7.00,23.10,0.1617,6.18,1053.1,84.0
1337,144.9,6.90,23.10,0.1594,6.27,1053.1,84.0
1344,142.9,7.00,23.10,0.1617,6.18,1053.0,84.0
1350,144.9,6.90,23.10,0.1594,6.27,1053.0,84.0
1357,144.9,6.90,23.11,0.1594,6.27,1053.0,84.0
1364,142.9,7.00,23.11,0.1617,6.18,1052.9,84.0
1371,142.9,7.00,23.11,0.1617,6.18,1052.9,84.0
1378,142.9,7.00,23.11,0.1617,6.18,1052.8,84.0
1385,144.9,6.90,23.11,0.1594,6.27,1052.8,84.0
1392,144.9,6.90,23.11,0.1594,6.27,1052.8,84.0
1399,142.9,7.00,23.11,0.1617,6.18,1052.7,84.0
1406,144.9,6.90,23.11,0.1594,6.27,1052.7,84.0
1413,144.9,6.90,23.11,0.1594,6.27,1052.6,84.0
1420,144.9,6.90,23.11,0.1594,6.27,1052.6,84.0
1427,142.9,7.00,23.11,0.1618,6.18,1052.5,84.0
1434,142.9,7.00,23.11,0.1618,6.18,1052.5,84.0
1441,144.9,6.90,23.11,0.1594,6.27,1052.5,84.0
1448,142.9,7.00,23.11,0.1618,6.18,1052.4,84.0
1455,144.9,6.90,23.11,0.1594,6.27,1052.4,84.0
1462,144.9,6.90,23.11,0.1594,6.27,1052.3,84.0
1468,144.9,6.90,23.11,0.1594,6.27,1052.3,84.0
1475,142.9,7.00,23.11,0.1618,6.18,1052.3,84.0
1482,142.9,7.00,23.11,0.1618,6.18,1052.2,84.0
1489,142.9,7.00,23.11,0.1618,6.18,1052.2,84.0
1496,144.9,6.90,23.11,0.1595,6.27,1052.1,84.0
1503,142.9,7.00,23.11,0.1618,6.18,1052.1,84.0
1510,149.3,6.70,23.11,0.1548,6.46,1052.0,84.0
1517,140.8,7.10,23.11,0.1641,6.09,1052.0,84.0
1524,142.9,7.00,23.11,0.1618,6.18,1052.0,84.0
1531,147.1,6.80,23.11,0.1572,6.37,1051.9,84.0
1538,144.9,6.90,23.11,0.1595,6.27,1051.9,84.0
1545,140.8,7.10,23.11,0.1641,6.09,1051.8,84.0
1552,144.9,6.90,23.11,0.1595,6.27,1051.8,84.0
1559,144.9,6.90,23.11,0.1595,6.27,1051.8,84.0
1566,144.9,6.90,23.11,0.1595,6.27,1051.7,84.0
1573,142.9,7.00,23.11,0.1618,6.18,1051.7,84.0
1580,144.9,6.90,23.11,0.1595,6.27,1051.6,84.0
1587,142.9,7.00,23.11,0.1618,6.18,1051.6,84.0
1593,144.9,6.90,23.11,0.1595,6.27,1051.5,84.0
1600,144.9,6.90,23.11,0.1595,6.27,1051.5,84.0
1607,140.8,7.10,23.11,0.1641,6.09,1051.5,84.0
1614,147.1,6.80,23.11,0.1572,6.36,1051.4,84.0
1621,140.8,7.10,23.11,0.1641,6.09,1051.4,84.0
1628,147.1,6.80,23.11,0.1572,6.36,1051.3,84.0
1635,142.9,7.00,23.11,0.1618,6.18,1051.3,84.0
1642,144.9,6.90,23.11,0.1595,6.27,1051.3,84.0
1649,140.8,7.10,23.11,0.1641,6.09,1051.2,84.0
1656,147.1,6.80,23.11,0.1572,6.36,1051.2,84.0
1663,144.9,6.90,23.11,0.1595,6.27,1051.1,84.0
1670,142.9,7.00,23.11,0.1618,6.18,1051.1,84.0
1677,142.9,7.00,23.11,0.1618,6.18,1051.0,84.0
1684,144.9,6.90,23.12,0.1595,6.27,1051.0,84.0
1691,144.9,6.90,23.12,0.1595,6.27,1051.0,84.0
1698,142.9,7.00,23.12,0.1618,6.18,1050.9,84.0
1705,140.8,7.10,23.12,0.1641,6.09,1050.9,84.0
1712,147.1,6.80,23.12,0.1572,6.36,1050.8,84.0
1719,142.9,7.00,23.12,0.1618,6.18,1050.8,84.0
1725,144.9,6.90,23.12,0.1595,6.27,1050.8,84.0
1732,142.9,7.00,23.12,0.1618,6.18,1050.7,84.0
1739,144.9,6.90,23.12,0.1595,6.27,1050.7,84.0
1746,144.9,6.90,23.12,0.1595,6.27,1050.6,84.0
1753,142.9,7.00,23.12,0.1618,6.18,1050.6,84.0
1760,142.9,7.00,23.12,0.1618,6.18,1050.5,84.0
1767,147.1,6.80,23.12,0.1572,6.36,1050.5,84.0
1774,142.9,7.00,23.12,0.1618,6.18,1050.5,84.0
1781,142.9,7.00,23.12,0.1618,6.18,1050.4,84.0
1788,144.9,6.90,23.12,0.1595,6.27,1050.4,84.0
1795,142.9,7.00,23.12,0.1618,6.18,1050.3,84.0
1802,144.9,6.90,23.12,0.1595,6.27,1050.3,84.0
1809,142.9,7.00,23.12,0.1618,6.18,1050.3,84.0
1816,144.9,6.90,23.12,0.1595,6.27,1050.2,84.0
1823,144.9,6.90,23.12,0.1595,6.27,1050.2,84.0
1830,142.9,7.00,23.12,0.1618,6.18,1050.1,84.0
1837,144.9,6.90,23.12,0.1595,6.27,1050.1,84.0
1844,142.9,7.00,23.12,0.1618,6.18,1050.0,84.0
1851,142.9,7.00,23.12,0.1618,6.18,1050.0,84.0
1857,144.9,6.90,23.12,0.1595,6.27,1050.0,84.0
1864,144.9,6.90,23.12,0.1595,6.27,1049.9,84.0
1871,144.9,6.90,23.12,0.1595,6.27,1049.9,84.0
1878,144.9,6.90,23.12,0.1595,6.27,1049.8,84.0
1885,142.9,7.00,23.12,0.1618,6.18,1049.8,84.0
1892,142.9,7.00,23.12,0.1618,6.18,1049.8,84.0
1899,147.1,6.80,23.12,0.1572,6.36,1049.7,84.0
1906,140.8,7.10,23.12,0.1642,6.09,1049.7,84.0
1913,142.9,7.00,23.12,0.1619,6.18,1049.6,84.0
1920,144.9,6.90,23.12,0.1595,6.27,1049.6,84.0
1927,142.9,7.00,23.12,0.1619,6.18,1049.5,84.0
1934,144.9,6.90,23.12,0.1595,6.27,1049.5,84.0
1941,144.9,6.90,23.12,0.1595,6.27,1049.5,84.0
1948,142.9,7.00,23.12,0.1619,6.18,1049.4,84.0
1955,144.9,6.90,23.12,0.1595,6.27,1049.4,84.0
1962,142.9,7.00,23.12,0.1619,6.18,1049.3,84.0
1968,147.1,6.80,23.12,0.1572,6.36,1049.3,84.0
1975,142.9,7.00,23.12,0.1619,6.18,1049.3,84.0
1982,144.9,6.90,23.12,0.1596,6.27,1049.2,84.0
1989,142.9,7.00,23.12,0.1619,6.18,1049.2,84.0
1996,144.9,6.90,23.12,0.1596,6.27,1049.1,84.0
2003,144.9,6.90,23.12,0.1596,6.27,1049.1,84.0
2010,140.8,7.10,23.12,0.1642,6.09,1049.0,84.0
2017,147.1,6.80,23.12,0.1572,6.36,1049.0,84.0
2024,140.8,7.10,23.13,0.1642,6.09,1049.0,84.0
2031,147.1,6.80,23.13,0.1573,6.36,1048.9,84.0
2038,140.8,7.10,23.13,0.1642,6.09,1048.9,84.0
2045,144.9,6.90,23.13,0.1596,6.27,1048.8,84.0
2052,144.9,6.90,23.13,0.1596,6.27,1048.8,84.0
2059,144.9,6.90,23.13,0.1596,6.27,1048.8,84.0
2066,142.9,7.00,23.13,0.1619,6.18,1048.7,84.0
2073,144.9,6.90,23.13,0.1596,6.27,1048.7,84.0
2080,142.9,7.00,23.13,0.1619,6.18,1048.6,84.0
2087,144.9,6.90,23.13,0.1596,6.27,1048.6,84.0
2093,144.9,6.90,23.13,0.1596,6.27,1048.5,84.0
2100,142.9,7.00,23.13,0.1619,6.18,1048.5,84.0
2107,144.9,6.90,23.13,0.1596,6.27,1048.5,84.0
2114,142.9,7.00,23.13,0.1619,6.18,1048.4,84.0
2121,142.9,7.00,23.13,0.1619,6.18,1048.4,84.0
2128,147.1,6.80,23.13,0.1573,6.36,1048.3,84.0
2135,140.8,7.10,23.13,0.1642,6.09,1048.3,84.0
2142,147.1,6.80,23.13,0.1573,6.36,1048.3,84.0
2149,142.9,7.00,23.13,0.1619,6.18,1048.2,84.0
2156,142.9,7.00,23.13,0.1619,6.18,1048.2,84.0
2163,144.9,6.90,23.13,0.1596,6.26,1048.1,84.0
2170,144.9,6.90,23.13,0.1596,6.26,1048.1,84.0
2177,144.9,6.90,23.13,0.1596,6.26,1048.0,84.0
2184,142.9,7.00,23.13,0.1619,6.18,1048.0,84.0
2191,142.9,7.00,23.13,0.1619,6.18,1048.0,84.0
2198,144.9,6.90,23.13,0.1596,6.26,1048.0,84.0
2205,142.9,7.00,23.13,0.1619,6.18,1048.0,84.0
2212,144.9,6.90,23.13,0.1596,6.26,1048.0,84.0
2219,142.9,7.00,23.13,0.1619,6.18,1048.0,84.0
2225,144.9,6.90,23.13,0.1596,6.26,1048.0,84.0
2232,144.9,6.90,23.13,0.1596,6.26,1048.0,84.0
2239,142.9,7.00,23.13,0.1619,6.18,1048.0,84.0
2246,144.9,6.90,23.13,0.1596,6.26,1048.0,84.0
2253,144.9,6.90,23.13,0.1596,6.26,1048.0,84.0
2260,142.9,7.00,23.13,0.1619,6.18,1048.0,84.0
2267,142.9,7.00,23.13,0.1619,6.18,1048.0,84.0
2274,144.9,6.90,23.13,0.1596,6.26,1048.0,84.0
2281,144.9,6.90,23.13,0.1596,6.26,1048.0,84.0
2288,140.8,7.10,23.13,0.1642,6.09,1048.0,84.0
2295,144.9,6.90,23.13,0.1596,6.26,1048.0,84.0
2302,144.9,6.90,23.13,0.1596,6.26,1048.0,84.0
2309,144.9,6.90,23.13,0.1596,6.26,1048.0,84.0
2316,140.8,7.10,23.13,0.1642,6.09,1048.0,84.0
2323,147.1,6.80,23.13,0.1573,6.36,1048.0,84.0
2330,140.8,7.10,23.13,0.1642,6.09,1048.0,84.0
2337,144.9,6.90,23.13,0.1596,6.27,1048.0,84.0
2344,144.9,6.90,23.13,0.1596,6.27,1048.0,84.0
2350,144.9,6.90,23.13,0.1596,6.27,1048.0,84.0
2357,142.9,7.00,23.13,0.1619,6.18,1048.0,84.0
2364,144.9,6.90,23.13,0.1596,6.27,1048.0,84.0
2371,142.9,7.00,23.13,0.1619,6.18,1048.0,84.0
2378,147.1,6.80,23.13,0.1573,6.36,1048.0,84.0
2385,140.8,7.10,23.13,0.1642,6.09,1048.0,84.0
2392,147.1,6.80,23.13,0.1573,6.36,1048.0,84.0
2399,142.9,7.00,23.13,0.1619,6.18,1048.0,84.0
2406,144.9,6.90,23.13,0.1596,6.27,1048.0,84.0
2413,142.9,7.00,23.13,0.1619,6.18,1048.0,84.0
2420,144.9,6.90,23.13,0.1596,6.27,1048.0,84.0
2427,142.9,7.00,23.13,0.1619,6.18,1048.0,84.0
2434,142.9,7.00,23.13,0.1619,6.18,1048.0,84.0
2441,144.9,6.90,23.13,0.1596,6.27,1048.0,84.0
2448,142.9,7.00,23.13,0.1619,6.18,1048.0,84.0
2455,144.9,6.90,23.13,0.1596,6.27,1048.0,84.0
2462,144.9,6.90,23.13,0.1596,6.27,1048.0,84.0
2468,144.9,6.90,23.13,0.1596,6.27,1048.0,84.0
2475,142.9,7.00,23.13,0.1619,6.18,1048.0,84.0
2482,144.9,6.90,23.13,0.1596,6.27,1048.0,84.0
2489,142.9,7.00,23.13,0.1619,6.18,1048.0,84.0
2496,144.9,6.90,23.13,0.1596,6.27,1048.0,84.0
2503,142.9,7.00,23.13,0.1619,6.18,1048.0,84.0
2510,147.1,6.80,23.13,0.1573,6.36,1048.0,84.0
2517,142.9,7.00,23.13,0.1619,6.18,1048.0,84.0
2524,144.9,6.90,23.13,0.1596,6.27,1048.0,84.0
2531,142.9,7.00,23.13,0.1619,6.18,1048.0,84.0
2538,142.9,7.00,23.13,0.1619,6.18,1048.0,84.0
2545,144.9,6.90,23.13,0.1596,6.27,1048.0,84.0
2552,142.9,7.00,23.13,0.1619,6.18,1048.0,84.0
2559,144.9,6.90,23.13,0.1596,6.27,1048.0,84.0
2566,142.9,7.00,23.13,0.1619,6.18,1048.0,84.0
2573,144.9,6.90,23.13,0.1596,6.27,1048.0,84.0
2580,144.9,6.90,23.13,0.1596,6.27,1048.0,84.0
2586,144.9,6.90,23.13,0.1596,6.27,1048.0,84.0
2594,140.8,7.10,23.13,0.1642,6.09,1048.0,84.0
2600,147.1,6.80,23.13,0.1573,6.36,1048.0,84.0
2607,142.9,7.00,23.13,0.1619,6.18,1048.0,84.0
2614,142.9,7.00,23.13,0.1619,6.18,1048.0,84.0
2621,144.9,6.90,23.13,0.1596,6.27,1048.0,84.0
2628,144.9,6.90,23.13,0.1596,6.27,1048.0,84.0
2635,144.9,6.90,23.13,0.1596,6.27,1048.0,84.0
2642,140.8,7.10,23.13,0.1642,6.09,1048.0,84.0
2649,147.1,6.80,23.13,0.1573,6.36,1048.0,84.0
2656,142.9,7.00,23.13,0.1619,6.18,1048.0,84.0
2663,142.9,7.00,23.13,0.1619,6.18,1048.0,84.0
2670,144.9,6.90,23.13,0.1596,6.27,1048.0,84.0
2677,142.9,7.00,23.13,0.1619,6.18,1048.0,84.0
2684,144.9,6.90,23.13,0.1596,6.27,1048.0,84.0
2691,144.9,6.90,23.12,0.1596,6.27,1048.0,84.0
2698,142.9,7.00,23.12,0.1619,6.18,1048.0,84.0
2705,142.9,7.00,23.12,0.1619,6.18,1048.0,84.0
2712,144.9,6.90,23.12,0.1596,6.27,1048.0,84.0
2719,142.9,7.00,23.12,0.1619,6.18,1048.0,84.0
2725,144.9,6.90,23.12,0.1596,6.27,1048.0,84.0
2732,144.9,6.90,23.12,0.1596,6.27,1048.0,84.0
2739,142.9,7.00,23.12,0.1619,6.18,1048.0,84.0
2746,144.9,6.90,23.12,0.1596,6.27,1048.0,84.0
2753,144.9,6.90,23.12,0.1596,6.27,1048.0,84.0
2760,144.9,6.90,23.12,0.1596,6.27,1048.0,84.0
2767,142.9,7.00,23.12,0.1619,6.18,1048.0,84.0
2774,142.9,7.00,23.12,0.1619,6.18,1048.0,84.0
2781,142.9,7.00,23.12,0.1619,6.18,1048.0,84.0
2788,144.9,6.90,23.12,0.1596,6.27,1048.0,84.0
2795,144.9,6.90,23.12,0.1596,6.27,1048.0,84.0
2802,142.9,7.00,23.12,0.1619,6.18,1048.0,84.0
2809,144.9,6.90,23.12,0.1596,6.27,1048.0,84.0
2816,144.9,6.90,23.12,0.1596,6.27,1048.0,84.0
2823,142.9,7.00,23.12,0.1619,6.18,1048.0,84.0
2830,142.9,7.00,23.12,0.1619,6.18,1048.0,84.0
2837,144.9,6.90,23.12,0.1596,6.27,1048.0,84.0
2844,142.9,7.00,23.12,0.1619,6.18,1048.0,84.0
2850,144.9,6.90,23.12,0.1596,6.27,1048.0,84.0
2857,142.9,7.00,23.12,0.1619,6.18,1048.0,84.0
2864,147.1,6.80,23.12,0.1572,6.36,1048.0,84.0
2871,140.8,7.10,23.12,0.1642,6.09,1048.0,84.0
2878,144.9,6.90,23.12,0.1595,6.27,1048.0,84.0
2885,144.9,6.90,23.12,0.1595,6.27,1048.0,84.0
2892,142.9,7.00,23.12,0.1619,6.18,1048.0,84.0
2899,144.9,6.90,23.12,0.1595,6.27,1048.0,84.0
2906,142.9,7.00,23.12,0.1619,6.18,1048.0,84.0
2913,144.9,6.90,23.12,0.1595,6.27,1048.0,84.0
2920,142.9,7.00,23.12,0.1619,6.18,1048.0,84.0
2927,144.9,6.90,23.12,0.1595,6.27,1048.0,84.0
2934,144.9,6.90,23.12,0.1595,6.27,1048.0,84.0
2941,142.9,7.00,23.12,0.1619,6.18,1048.0,84.0
2948,144.9,6.90,23.12,0.1595,6.27,1048.0,84.0
2955,140.8,7.10,23.12,0.1642,6.09,1048.0,84.0
2961,149.3,6.70,23.12,0.1549,6.46,1048.0,84.0
2969,140.8,7.10,23.12,0.1642,6.09,1048.0,84.0
2975,144.9,6.90,23.12,0.1595,6.27,1048.0,84.0
2982,142.9,7.00,23.12,0.1619,6.18,1048.0,84.0
2989,147.1,6.80,23.12,0.1572,6.36,1048.0,84.0
2996,142.9,7.00,23.12,0.1619,6.18,1048.0,84.0
3003,144.9,6.90,23.12,0.1595,6.27,1048.0,84.0
3010,142.9,7.00,23.12,0.1619,6.18,1048.0,84.0
3017,144.9,6.90,23.12,0.1595,6.27,1048.0,84.0
3024,140.8,7.10,23.12,0.1642,6.09,1048.0,84.0
3031,147.1,6.80,23.12,0.1572,6.36,1048.0,84.0
3038,144.9,6.90,23.12,0.1595,6.27,1048.0,84.0
3045,142.9,7.00,23.12,0.1618,6.18,1048.0,84.0
3052,144.9,6.90,23.12,0.1595,6.27,1048.0,84.0
3059,144.9,6.90,23.12,0.1595,6.27,1048.0,84.0
3066,140.8,7.10,23.12,0.1642,6.09,1048.0,84.0
3073,142.9,7.00,23.12,0.1618,6.18,1048.0,84.0
3080,144.9,6.90,23.12,0.1595,6.27,1048.0,84.0
3087,142.9,7.00,23.12,0.1618,6.18,1048.0,84.0
3094,144.9,6.90,23.12,0.1595,6.27,1048.0,84.0
3100,144.9,6.90,23.12,0.1595,6.27,1048.0,84.0
3107,142.9,7.00,23.12,0.1618,6.18,1048.0,84.0
3114,142.9,7.00,23.12,0.1618,6.18,1048.0,84.0
3121,144.9,6.90,23.12,0.1595,6.27,1048.0,84.0
3128,147.1,6.80,23.12,0.1572,6.36,1048.0,84.0
3135,142.9,7.00,23.12,0.1618,6.18,1048.0,84.0
3142,144.9,6.90,23.12,0.1595,6.27,1048.0,84.0
3149,142.9,7.00,23.12,0.1618,6.18,1048.0,84.0
3156,144.9,6.90,23.12,0.1595,6.27,1048.0,84.0
3163,144.9,6.90,23.12,0.1595,6.27,1048.0,84.0
3170,142.9,7.00,23.12,0.1618,6.18,1048.0,84.0
3177,144.9,6.90,23.12,0.1595,6.27,1048.0,84.0
3184,142.9,7.00,23.12,0.1618,6.18,1048.0,84.0
3191,144.9,6.90,23.12,0.1595,6.27,1048.0,84.0
3198,142.9,7.00,23.12,0.1618,6.18,1048.0,84.0
3205,144.9,6.90,23.12,0.1595,6.27,1048.0,84.0
3211,144.9,6.90,23.12,0.1595,6.27,1048.0,84.0
3218,142.9,7.00,23.12,0.1619,6.18,1048.0,84.0
3225,142.9,7.00,23.12,0.1619,6.18,1048.0,84.0
3232,142.9,7.00,23.12,0.1619,6.18,1048.0,84.0
3239,144.9,6.90,23.12,0.1596,6.27,1048.0,84.0
3246,144.9,6.90,23.13,0.1596,6.27,1048.0,84.0
3253,144.9,6.90,23.13,0.1596,6.27,1048.0,84.0
3260,144.9,6.90,23.13,0.1596,6.27,1048.0,84.0
3267,142.9,7.00,23.13,0.1619,6.18,1048.0,84.0
3274,142.9,7.00,23.13,0.1619,6.18,1048.0,84.0
3281,144.9,6.90,23.13,0.1596,6.26,1048.0,84.0
3288,142.9,7.00,23.13,0.1619,6.18,1048.0,84.0
3295,144.9,6.90,23.13,0.1596,6.26,1048.0,84.0
3302,144.9,6.90,23.13,0.1596,6.26,1048.0,84.0
3309,142.9,7.00,23.13,0.1619,6.18,1048.0,84.0
3316,144.9,6.90,23.13,0.1596,6.26,1048.0,84.0
3323,142.9,7.00,23.13,0.1619,6.18,1048.0,84.0
3330,144.9,6.90,23.13,0.1596,6.26,1048.0,84.0
3337,142.9,7.00,23.13,0.1619,6.18,1048.0,84.0
3343,144.9,6.90,23.13,0.1596,6.26,1048.0,84.0
3350,142.9,7.00,23.13,0.1619,6.18,1048.0,84.0
3357,144.9,6.90,23.14,0.1596,6.26,1048.0,84.0
3364,142.9,7.00,23.14,0.1620,6.18,1048.0,84.0
3371,142.9,7.00,23.14,0.1620,6.18,1048.0,84.0
3378,144.9,6.90,23.14,0.1596,6.26,1048.0,84.0
3385,144.9,6.90,23.14,0.1597,6.26,1048.0,84.0
3392,144.9,6.90,23.14,0.1597,6.26,1048.0,84.0
3399,142.9,7.00,23.14,0.1620,6.18,1048.0,84.0
3406,142.9,7.00,23.14,0.1620,6.18,1048.0,84.0
3413,144.9,6.90,23.14,0.1597,6.26,1048.0,84.0
3420,142.9,7.00,23.14,0.1620,6.18,1048.0,84.0
3427,144.9,6.90,23.14,0.1597,6.26,1048.0,84.0
3434,144.9,6.90,23.14,0.1597,6.26,1048.0,84.0
3441,142.9,7.00,23.14,0.1620,6.17,1048.0,84.0
3448,142.9,7.00,23.14,0.1620,6.17,1048.0,84.0
3455,144.9,6.90,23.14,0.1597,6.26,1048.0,84.0
3462,142.9,7.00,23.15,0.1620,6.17,1048.0,84.0
3468,147.1,6.80,23.15,0.1574,6.36,1048.0,84.0
3476,140.8,7.10,23.15,0.1643,6.08,1048.0,84.0
3482,144.9,6.90,23.15,0.1597,6.26,1048.0,84.0
3489,144.9,6.90,23.15,0.1597,6.26,1048.0,84.0
3496,144.9,6.90,23.15,0.1597,6.26,1048.0,84.0
3503,144.9,6.90,23.15,0.1597,6.26,1048.0,84.0
3510,144.9,6.90,23.15,0.1597,6.26,1048.0,84.0
3517,142.9,7.00,23.15,0.1620,6.17,1048.0,84.0
3524,142.9,7.00,23.15,0.1621,6.17,1048.0,84.0
3531,144.9,6.90,23.15,0.1597,6.26,1048.0,84.0
3538,142.9,7.00,23.15,0.1621,6.17,1048.0,84.0
3545,144.9,6.90,23.15,0.1598,6.26,1048.0,84.0
3552,142.9,7.00,23.15,0.1621,6.17,1048.0,84.0
3559,144.9,6.90,23.15,0.1598,6.26,1048.0,84.0
3566,144.9,6.90,23.15,0.1598,6.26,1048.0,84.0
3573,144.9,6.90,23.16,0.1598,6.26,1048.0,84.0
3580,142.9,7.00,23.16,0.1621,6.17,1048.0,84.0
3587,142.9,7.00,23.16,0.1621,6.17,1048.0,84.0
3594,142.9,7.00,23.16,0.1621,6.17,1048.0,84.0
3600,147.1,6.80,23.16,0.1575,6.35,1048.0,84.0
3607,142.9,7.00,23.16,0.1621,6.17,1048.0,84.0
3614,142.9,7.00,23.16,0.1621,6.17,1048.0,84.0
3621,144.9,6.90,23.16,0.1598,6.26,1048.0,84.0
3628,142.9,7.00,23.16,0.1621,6.17,1048.0,84.0
3635,144.9,6.90,23.16,0.1598,6.26,1048.0,84.0
3642,144.9,6.90,23.16,0.1598,6.26,1048.0,84.0
3649,142.9,7.00,23.16,0.1621,6.17,1048.0,84.0
3656,144.9,6.90,23.16,0.1598,6.26,1048.0,84.0
3663,142.9,7.00,23.16,0.1621,6.17,1048.0,84.0
3670,142.9,7.00,23.16,0.1621,6.17,1048.0,84.0
3677,144.9,6.90,23.16,0.1598,6.26,1048.0,84.0
3684,144.9,6.90,23.16,0.1598,6.26,1048.0,84.0
3691,144.9,6.90,23.17,0.1598,6.25,1048.0,84.0
3698,140.8,7.10,23.17,0.1645,6.08,1048.0,84.0
3705,144.9,6.90,23.17,0.1599,6.25,1048.0,84.0
3712,142.9,7.00,23.17,0.1622,6.17,1048.0,84.0
3718,147.1,6.80,23.17,0.1575,6.35,1048.0,84.0
3725,144.9,6.90,23.17,0.1599,6.25,1048.0,84.0
3732,140.8,7.10,23.17,0.1645,6.08,1048.0,84.0
3739,144.9,6.90,23.17,0.1599,6.25,1048.0,84.0
3746,144.9,6.90,23.17,0.1599,6.25,1048.0,84.0
3753,144.9,6.90,23.17,0.1599,6.25,1048.0,84.0
3760,142.9,7.00,23.17,0.1622,6.17,1048.0,84.0
3767,144.9,6.90,23.17,0.1599,6.25,1048.0,84.0
3774,142.9,7.00,23.17,0.1622,6.17,1048.0,84.0
3781,144.9,6.90,23.17,0.1599,6.25,1048.0,84.0
3788,144.9,6.90,23.17,0.1599,6.25,1048.0,84.0
3795,144.9,6.90,23.17,0.1599,6.25,1048.0,84.0
3802,142.9,7.00,23.18,0.1622,6.17,1048.0,84.0
3809,140.8,7.10,23.18,0.1646,6.08,1048.0,84.0
3816,142.9,7.00,23.18,0.1622,6.17,1048.0,84.0
3823,144.9,6.90,23.18,0.1599,6.25,1048.0,84.0
3830,147.1,6.80,23.18,0.1576,6.35,1048.0,84.0
3837,142.9,7.00,23.18,0.1623,6.17,1048.0,84.0
3843,144.9,6.90,23.18,0.1599,6.25,1048.0,84.0
3850,144.9,6.90,23.18,0.1599,6.25,1048.0,84.0
3857,142.9,7.00,23.18,0.1623,6.16,1048.0,84.0
3864,142.9,7.00,23.18,0.1623,6.16,1048.0,84.0
3871,147.1,6.80,23.18,0.1576,6.35,1048.0,84.0
3878,140.8,7.10,23.18,0.1646,6.07,1048.0,84.0
3885,147.1,6.80,23.18,0.1576,6.35,1048.0,84.0
3892,140.8,7.10,23.18,0.1646,6.07,1048.0,84.0
3899,144.9,6.90,23.18,0.1600,6.25,1048.0,84.0
3906,144.9,6.90,23.18,0.1600,6.25,1048.0,84.0
3913,140.8,7.10,23.19,0.1646,6.07,1048.0,84.0
3920,144.9,6.90,23.19,0.1600,6.25,1048.0,84.0
3927,144.9,6.90,23.19,0.1600,6.25,1048.0,84.0
3934,144.9,6.90,23.19,0.1600,6.25,1048.0,84.0
3941,142.9,7.00,23.19,0.1623,6.16,1048.0,84.0
3948,144.9,6.90,23.19,0.1600,6.25,1048.0,84.0
3955,144.9,6.90,23.19,0.1600,6.25,1048.0,84.0
3961,144.9,6.90,23.19,0.1600,6.25,1048.0,84.0
3969,140.8,7.10,23.19,0.1647,6.07,1048.0,84.0
3975,144.9,6.90,23.19,0.1600,6.25,1048.0,84.0
3982,144.9,6.90,23.19,0.1600,6.25,1048.0,84.0
3989,142.9,7.00,23.19,0.1623,6.16,1048.0,84.0
3996,142.9,7.00,23.19,0.1624,6.16,1048.0,84.0
4003,144.9,6.90,23.19,0.1600,6.25,1048.0,84.0
4010,144.9,6.90,23.19,0.1600,6.25,1048.0,84.0
4017,144.9,6.90,23.19,0.1600,6.25,1048.0,84.0
4024,144.9,6.90,23.20,0.1600,6.25,1048.0,84.0
4031,142.9,7.00,23.20,0.1624,6.16,1048.0,84.0
4038,144.9,6.90,23.20,0.1601,6.25,1048.0,84.0
4045,142.9,7.00,23.20,0.1624,6.16,1048.0,84.0
4052,144.9,6.90,23.20,0.1601,6.25,1048.0,84.0
4059,142.9,7.00,23.20,0.1624,6.16,1048.0,84.0
4066,142.9,7.00,23.20,0.1624,6.16,1048.0,84.0
4073,144.9,6.90,23.20,0.1601,6.25,1048.0,84.0
4080,142.9,7.00,23.20,0.1624,6.16,1048.0,84.0
4087,144.9,6.90,23.20,0.1601,6.25,1048.0,84.0
4093,144.9,6.90,23.20,0.1601,6.25,1048.0,84.0
4100,142.9,7.00,23.20,0.1624,6.16,1048.0,84.0
4107,144.9,6.90,23.20,0.1601,6.24,1048.0,84.0
4114,144.9,6.90,23.20,0.1601,6.24,1048.0,84.0
4121,142.9,7.00,23.20,0.1624,6.16,1048.0,84.0
4128,144.9,6.90,23.20,0.1601,6.24,1048.0,84.0
4135,142.9,7.00,23.21,0.1624,6.16,1048.0,84.0
4142,144.9,6.90,23.21,0.1601,6.24,1048.0,84.0
4149,144.9,6.90,23.21,0.1601,6.24,1048.0,84.0
4156,142.9,7.00,23.21,0.1625,6.16,1048.0,84.0
4163,142.9,7.00,23.21,0.1625,6.16,1048.0,84.0
4170,144.9,6.90,23.21,0.1601,6.24,1048.0,84.0
4177,144.9,6.90,23.21,0.1601,6.24,1048.0,84.0
4184,142.9,7.00,23.21,0.1625,6.16,1048.0,84.0
4191,144.9,6.90,23.21,0.1601,6.24,1048.0,84.0
4198,144.9,6.90,23.21,0.1601,6.24,1048.0,84.0
4205,142.9,7.00,23.21,0.1625,6.16,1048.0,84.0
4211,144.9,6.90,23.21,0.1601,6.24,1048.0,84.0
4218,142.9,7.00,23.21,0.1625,6.16,1048.0,84.0
4225,142.9,7.00,23.21,0.1625,6.16,1048.0,84.0
4232,142.9,7.00,23.21,0.1625,6.16,1048.0,84.0
4239,147.1,6.80,23.21,0.1578,6.34,1048.0,84.0
4246,142.9,7.00,23.21,0.1625,6.16,1048.0,84.0
4253,144.9,6.90,23.21,0.1601,6.24,1048.0,84.0
4260,142.9,7.00,23.21,0.1624,6.16,1048.0,84.0
4267,144.9,6.90,23.21,0.1601,6.24,1048.0,84.0
4274,142.9,7.00,23.21,0.1624,6.16,1048.0,84.0
4281,144.9,6.90,23.21,0.1601,6.24,1048.0,84.0
4288,142.9,7.00,23.21,0.1624,6.16,1048.0,84.0
4295,144.9,6.90,23.21,0.1601,6.24,1048.0,84.0
4302,142.9,7.00,23.21,0.1624,6.16,1048.0,84.0
4309,144.9,6.90,23.21,0.1601,6.24,1048.0,84.0
4316,144.9,6.90,23.20,0.1601,6.24,1048.0,84.0
4323,144.9,6.90,23.20,0.1601,6.24,1048.0,84.0
4330,142.9,7.00,23.20,0.1624,6.16,1048.0,84.0
4336,144.9,6.90,23.20,0.1601,6.24,1048.0,84.0
4343,142.9,7.00,23.20,0.1624,6.16,1048.0,84.0
4350,144.9,6.90,23.20,0.1601,6.24,1048.0,84.0
4357,142.9,7.00,23.20,0.1624,6.16,1048.0,84.0
4364,142.9,7.00,23.20,0.1624,6.16,1048.0,84.0
4371,144.9,6.90,23.20,0.1601,6.25,1048.0,84.0
4378,142.9,7.00,23.20,0.1624,6.16,1048.0,84.0
4385,144.9,6.90,23.20,0.1601,6.25,1048.0,84.0
4392,144.9,6.90,23.20,0.1601,6.25,1048.0,84.0
4399,142.9,7.00,23.20,0.1624,6.16,1048.0,84.0
4406,142.9,7.00,23.20,0.1624,6.16,1048.0,84.0
4413,142.9,7.00,23.20,0.1624,6.16,1048.0,84.0
4420,149.3,6.70,23.20,0.1554,6.44,1048.0,84.0
4427,142.9,7.00,23.20,0.1624,6.16,1048.0,84.0
4434,144.9,6.90,23.20,0.1601,6.25,1048.0,84.0
4441,144.9,6.90,23.20,0.1601,6.25,1048.0,84.0
4448,142.9,7.00,23.20,0.1624,6.16,1048.0,84.0
4455,142.9,7.00,23.20,0.1624,6.16,1048.0,84.0
4461,144.9,6.90,23.20,0.1601,6.25,1048.0,84.0
4468,142.9,7.00,23.20,0.1624,6.16,1048.0,84.0
4475,142.9,7.00,23.20,0.1624,6.16,1048.0,84.0
4482,144.9,6.90,23.20,0.1601,6.25,1048.0,84.0
4489,142.9,7.00,23.20,0.1624,6.16,1048.0,84.0
4496,144.9,6.90,23.20,0.1601,6.25,1048.0,84.0
4503,144.9,6.90,23.20,0.1601,6.25,1048.0,84.0
4510,142.9,7.00,23.20,0.1624,6.16,1048.0,84.0
4517,144.9,6.90,23.20,0.1601,6.25,1048.0,84.0
4524,142.9,7.00,23.20,0.1624,6.16,1048.0,84.0
4531,144.9,6.90,23.20,0.1601,6.25,1048.0,84.0
4538,144.9,6.90,23.20,0.1601,6.25,1048.0,84.0
4545,142.9,7.00,23.20,0.1624,6.16,1048.0,84.0
4552,144.9,6.90,23.20,0.1600,6.25,1048.0,84.0
4559,144.9,6.90,23.20,0.1600,6.25,1048.0,84.0
4566,140.8,7.10,23.19,0.1647,6.07,1048.0,84.0
4573,144.9,6.90,23.19,0.1600,6.25,1048.0,84.0
4580,144.9,6.90,23.19,0.1600,6.25,1048.0,84.0
4586,144.9,6.90,23.19,0.1600,6.25,1048.0,84.0
4593,142.9,7.00,23.19,0.1624,6.16,1048.0,84.0
4601,140.8,7.10,23.19,0.1647,6.07,1048.0,84.0
4607,147.1,6.80,23.19,0.1577,6.34,1048.0,84.0
4614,144.9,6.90,23.19,0.1600,6.25,1048.0,84.0
4621,140.8,7.10,23.19,0.1647,6.07,1048.0,84.0
4628,144.9,6.90,23.19,0.1600,6.25,1048.0,84.0
4635,147.1,6.80,23.19,0.1577,6.34,1048.0,84.0
4642,142.9,7.00,23.19,0.1623,6.16,1048.0,84.0
4649,144.9,6.90,23.19,0.1600,6.25,1048.0,84.0
4656,142.9,7.00,23.19,0.1623,6.16,1048.0,84.0
4663,144.9,6.90,23.19,0.1600,6.25,1048.0,84.0
4670,142.9,7.00,23.19,0.1623,6.16,1048.0,84.0
4677,142.9,7.00,23.19,0.1623,6.16,1048.0,84.0
4684,144.9,6.90,23.19,0.1600,6.25,1048.0,84.0
4691,144.9,6.90,23.19,0.1600,6.25,1048.0,84.0
4698,142.9,7.00,23.19,0.1623,6.16,1048.0,84.0
4705,142.9,7.00,23.19,0.1623,6.16,1048.0,84.0
4712,144.9,6.90,23.19,0.1600,6.25,1048.0,84.0
4718,144.9,6.90,23.19,0.1600,6.25,1048.0,84.0
4725,142.9,7.00,23.19,0.1623,6.16,1048.0,84.0
4732,144.9,6.90,23.19,0.1600,6.25,1048.0,84.0
4739,144.9,6.90,23.19,0.1600,6.25,1048.0,84.0
4746,142.9,7.00,23.19,0.1623,6.16,1048.0,84.0
4753,144.9,6.90,23.19,0.1600,6.25,1048.0,84.0
4760,142.9,7.00,23.19,0.1623,6.16,1048.0,84.0
4767,144.9,6.90,23.19,0.1600,6.25,1048.0,84.0
4774,142.9,7.00,23.19,0.1623,6.16,1048.0,84.0
4781,144.9,6.90,23.19,0.1600,6.25,1048.0,84.0
4788,144.9,6.90,23.19,0.1600,6.25,1048.0,84.0
4795,142.9,7.00,23.19,0.1623,6.16,1048.0,84.0
4802,144.9,6.90,23.19,0.1600,6.25,1048.0,84.0
4809,142.9,7.00,23.19,0.1623,6.16,1048.0,84.0
4816,142.9,7.00,23.18,0.1623,6.16,1048.0,84.0
4823,147.1,6.80,23.18,0.1577,6.34,1048.0,84.0
4830,142.9,7.00,23.18,0.1623,6.16,1048.0,84.0
4837,142.9,7.00,23.18,0.1623,6.16,1048.0,84.0
4843,144.9,6.90,23.18,0.1600,6.25,1048.0,84.0
4850,144.9,6.90,23.18,0.1600,6.25,1048.0,84.0
4857,142.9,7.00,23.18,0.1623,6.16,1048.0,84.0
4864,144.9,6.90,23.18,0.1600,6.25,1048.0,84.0
4871,142.9,7.00,23.18,0.1623,6.16,1048.0,84.0
4878,144.9,6.90,23.18,0.1600,6.25,1048.0,84.0
4885,142.9,7.00,23.18,0.1623,6.16,1048.0,84.0
4892,144.9,6.90,23.18,0.1600,6.25,1048.0,84.0
4899,144.9,6.90,23.18,0.1600,6.25,1048.0,84.0
4906,142.9,7.00,23.18,0.1623,6.16,1048.0,84.0
4913,144.9,6.90,23.18,0.1599,6.25,1048.0,84.0
4920,142.9,7.00,23.18,0.1623,6.16,1048.0,84.0
4927,144.9,6.90,23.18,0.1599,6.25,1048.0,84.0
4934,140.8,7.10,23.18,0.1646,6.07,1048.0,84.0
4941,144.9,6.90,23.18,0.1599,6.25,1048.0,84.0
4948,144.9,6.90,23.18,0.1599,6.25,1048.0,84.0
4955,144.9,6.90,23.18,0.1599,6.25,1048.0,84.0
4961,144.9,6.90,23.18,0.1599,6.25,1048.0,84.0
4968,144.9,6.90,23.18,0.1599,6.25,1048.0,84.0
4975,142.9,7.00,23.18,0.1622,6.17,1048.0,84.0
4982,144.9,6.90,23.18,0.1599,6.25,1048.0,84.0
4989,142.9,7.00,23.18,0.1622,6.17,1048.0,84.0
4996,142.9,7.00,23.18,0.1622,6.17,1048.0,84.0
5003,142.9,7.00,23.18,0.1622,6.17,1048.0,84.0
5010,144.9,6.90,23.18,0.1599,6.25,1048.0,84.0
5017,144.9,6.90,23.18,0.1599,6.25,1048.0,84.0
5024,142.9,7.00,23.18,0.1622,6.17,1048.0,84.0
5031,144.9,6.90,23.18,0.1599,6.25,1048.0,84.0
5038,144.9,6.90,23.18,0.1599,6.25,1048.0,84.0
5045,142.9,7.00,23.18,0.1622,6.17,1048.0,84.0
5052,142.9,7.00,23.18,0.1622,6.17,1048.0,84.0
5059,144.9,6.90,23.18,0.1599,6.25,1048.0,84.0
5066,142.9,7.00,23.17,0.1622,6.17,1048.0,84.0
5073,144.9,6.90,23.17,0.1599,6.25,1048.0,84.0
5079,147.1,6.80,23.17,0.1576,6.35,1048.0,84.0
5086,142.9,7.00,23.17,0.1622,6.17,1048.0,84.0
5093,142.9,7.00,23.17,0.1622,6.17,1048.0,84.0
5100,144.9,6.90,23.17,0.1599,6.25,1048.0,84.0
5107,142.9,7.00,23.17,0.1622,6.17,1048.0,84.0
5114,144.9,6.90,23.17,0.1599,6.25,1048.0,84.0
5121,142.9,7.00,23.17,0.1622,6.17,1048.0,84.0
5128,142.9,7.00,23.17,0.1622,6.17,1048.0,84.0
5135,144.9,6.90,23.17,0.1599,6.25,1048.0,84.0
5142,142.9,7.00,23.17,0.1622,6.17,1048.0,84.0
5149,144.9,6.90,23.17,0.1599,6.25,1048.0,84.0
5156,142.9,7.00,23.17,0.1622,6.17,1048.0,84.0
5163,144.9,6.90,23.17,0.1599,6.25,1048.0,84.0
5170,144.9,6.90,23.17,0.1599,6.25,1048.0,84.0
5177,142.9,7.00,23.17,0.1622,6.17,1048.0,84.0
5184,144.9,6.90,23.17,0.1599,6.25,1048.0,84.0
5191,144.9,6.90,23.17,0.1599,6.25,1048.0,84.0
5198,142.9,7.00,23.17,0.1622,6.17,1048.0,84.0
5205,142.9,7.00,23.17,0.1622,6.17,1048.0,84.0
5212,144.9,6.90,23.17,0.1599,6.25,1048.0,84.0
5218,144.9,6.90,23.17,0.1599,6.25,1048.0,84.0
5225,144.9,6.90,23.17,0.1599,6.25,1048.0,84.0
5232,142.9,7.00,23.17,0.1622,6.17,1048.0,84.0
5239,142.9,7.00,23.17,0.1622,6.17,1048.0,84.0
5246,147.1,6.80,23.17,0.1575,6.35,1048.0,84.0
5253,142.9,7.00,23.17,0.1622,6.17,1048.0,84.0
5260,142.9,7.00,23.17,0.1622,6.17,1048.0,84.0
5267,144.9,6.90,23.17,0.1599,6.25,1048.0,84.0
5274,142.9,7.00,23.17,0.1622,6.17,1048.0,84.0
5281,144.9,6.90,23.17,0.1599,6.25,1048.0,84.0
5288,144.9,6.90,23.17,0.1599,6.25,1048.0,84.0
5295,142.9,7.00,23.17,0.1622,6.17,1048.0,84.0
5302,144.9,6.90,23.17,0.1598,6.25,1048.0,84.0
5309,144.9,6.90,23.17,0.1598,6.25,1048.0,84.0
5316,142.9,7.00,23.17,0.1622,6.17,1048.0,84.0
5323,144.9,6.90,23.17,0.1598,6.25,1048.0,84.0
5330,142.9,7.00,23.17,0.1622,6.17,1048.0,84.0
5337,142.9,7.00,23.17,0.1622,6.17,1048.0,84.0
5343,144.9,6.90,23.17,0.1598,6.26,1048.0,84.0
5350,142.9,7.00,23.17,0.1622,6.17,1048.0,84.0
5357,142.9,7.00,23.16,0.1622,6.17,1048.0,84.0
5364,142.9,7.00,23.16,0.1622,6.17,1048.0,84.0
5371,144.9,6.90,23.16,0.1598,6.26,1048.0,84.0
5378,144.9,6.90,23.16,0.1598,6.26,1048.0,84.0
5385,142.9,7.00,23.16,0.1621,6.17,1048.0,84.0
5392,144.9,6.90,23.16,0.1598,6.26,1048.0,84.0
5399,144.9,6.90,23.16,0.1598,6.26,1048.0,84.0
5406,147.1,6.80,23.16,0.1575,6.35,1048.0,84.0
5413,142.9,7.00,23.16,0.1621,6.17,1048.0,84.0
5420,142.9,7.00,23.16,0.1621,6.17,1048.0,84.0
5427,142.9,7.00,23.16,0.1621,6.17,1048.0,84.0
5434,147.1,6.80,23.16,0.1575,6.35,1048.0,84.0
5441,144.9,6.90,23.16,0.1598,6.26,1048.0,84.0
5448,140.8,7.10,23.16,0.1645,6.08,1048.0,84.0
5455,142.9,7.00,23.16,0.1621,6.17,1048.0,84.0
5461,149.3,6.70,23.16,0.1552,6.45,1048.0,84.0
5468,140.8,7.10,23.16,0.1644,6.08,1048.0,84.0
5475,142.9,7.00,23.16,0.1621,6.17,1048.0,84.0
5482,147.1,6.80,23.16,0.1575,6.35,1048.0,84.0
5489,142.9,7.00,23.16,0.1621,6.17,1048.0,84.0
5496,142.9,7.00,23.16,0.1621,6.17,1048.0,84.0
5503,142.9,7.00,23.16,0.1621,6.17,1048.0,84.0
5510,144.9,6.90,23.16,0.1598,6.26,1048.0,84.0
5517,144.9,6.90,23.16,0.1598,6.26,1048.0,84.0
5524,142.9,7.00,23.16,0.1621,6.17,1048.0,84.0
5531,144.9,6.90,23.16,0.1598,6.26,1048.0,84.0
5538,144.9,6.90,23.16,0.1598,6.26,1048.0,84.0
5545,142.9,7.00,23.16,0.1621,6.17,1048.0,84.0
5552,142.9,7.00,23.16,0.1621,6.17,1048.0,84.0
5559,147.1,6.80,23.16,0.1575,6.35,1048.0,84.0
5566,142.9,7.00,23.16,0.1621,6.17,1048.0,84.0
5573,142.9,7.00,23.16,0.1621,6.17,1048.0,84.0
5580,142.9,7.00,23.16,0.1621,6.17,1048.0,84.0
5586,147.1,6.80,23.16,0.1575,6.35,1048.0,84.0
5593,142.9,7.00,23.16,0.1621,6.17,1048.0,84.0
5600,144.9,6.90,23.16,0.1598,6.26,1048.0,84.0
5607,142.9,7.00,23.16,0.1621,6.17,1048.0,84.0
5614,144.9,6.90,23.16,0.1598,6.26,1048.0,84.0
5621,142.9,7.00,23.16,0.1621,6.17,1048.0,84.0
5628,142.9,7.00,23.16,0.1621,6.17,1048.0,84.0
5635,147.1,6.80,23.16,0.1575,6.35,1048.0,84.0
5642,144.9,6.90,23.16,0.1598,6.26,1048.0,84.0
5649,144.9,6.90,23.16,0.1598,6.26,1048.0,84.0
5656,140.8,7.10,23.16,0.1644,6.08,1048.0,84.0
5663,144.9,6.90,23.16,0.1598,6.26,1048.0,84.0
5670,142.9,7.00,23.16,0.1621,6.17,1048.0,84.0
5677,144.9,6.90,23.16,0.1598,6.26,1048.0,84.0
5684,142.9,7.00,23.16,0.1621,6.17,1048.0,84.0
5691,147.1,6.80,23.15,0.1575,6.35,1048.0,84.0
5698,140.8,7.10,23.15,0.1644,6.08,1048.0,84.0
5705,144.9,6.90,23.15,0.1598,6.26,1048.0,84.0
5711,144.9,6.90,23.15,0.1598,6.26,1048.0,84.0
5718,142.9,7.00,23.15,0.1621,6.17,1048.0,84.0
5725,144.9,6.90,23.15,0.1598,6.26,1048.0,84.0
5732,142.9,7.00,23.15,0.1621,6.17,1048.0,84.0
5739,147.1,6.80,23.15,0.1574,6.35,1048.0,84.0
5746,142.9,7.00,23.15,0.1621,6.17,1048.0,84.0
5753,144.9,6.90,23.15,0.1598,6.26,1048.0,84.0
5760,142.9,7.00,23.15,0.1621,6.17,1048.0,84.0
5767,142.9,7.00,23.15,0.1621,6.17,1048.0,84.0
5774,144.9,6.90,23.15,0.1598,6.26,1048.0,84.0
5781,142.9,7.00,23.15,0.1621,6.17,1048.0,84.0
5788,144.9,6.90,23.15,0.1597,6.26,1048.0,84.0
5795,144.9,6.90,23.15,0.1597,6.26,1048.0,84.0
5802,142.9,7.00,23.15,0.1621,6.17,1048.0,84.0
5809,142.9,7.00,23.15,0.1621,6.17,1048.0,84.0
5816,144.9,6.90,23.15,0.1597,6.26,1048.0,84.0
5823,144.9,6.90,23.15,0.1597,6.26,1048.0,84.0
5830,142.9,7.00,23.15,0.1621,6.17,1048.0,84.0
5836,144.9,6.90,23.15,0.1597,6.26,1048.0,84.0
5843,142.9,7.00,23.15,0.1621,6.17,1048.0,84.0
5850,144.9,6.90,23.15,0.1597,6.26,1048.0,84.0
5857,144.9,6.90,23.15,0.1597,6.26,1048.0,84.0
5864,144.9,6.90,23.15,0.1597,6.26,1048.0,84.0
5871,140.8,7.10,23.15,0.1644,6.08,1048.0,84.0
5878,144.9,6.90,23.15,0.1597,6.26,1048.0,84.0
5885,144.9,6.90,23.15,0.1597,6.26,1048.0,84.0
5892,142.9,7.00,23.15,0.1620,6.17,1048.0,84.0
5899,144.9,6.90,23.15,0.1597,6.26,1048.0,84.0
5906,144.9,6.90,23.15,0.1597,6.26,1048.0,84.0
5913,142.9,7.00,23.15,0.1620,6.17,1048.0,84.0
5920,144.9,6.90,23.15,0.1597,6.26,1048.0,84.0
5927,140.8,7.10,23.15,0.1643,6.08,1048.0,84.0
5934,144.9,6.90,23.15,0.1597,6.26,1048.0,84.0
5941,144.9,6.90,23.15,0.1597,6.26,1048.0,84.0
5948,144.9,6.90,23.15,0.1597,6.26,1048.0,84.0
5955,142.9,7.00,23.15,0.1620,6.17,1048.0,84.0
5961,144.9,6.90,23.15,0.1597,6.26,1048.0,84.0
5968,142.9,7.00,23.15,0.1620,6.17,1048.0,84.0
5975,144.9,6.90,23.15,0.1597,6.26,1048.0,84.0
5982,144.9,6.90,23.15,0.1597,6.26,1048.0,84.0
5989,142.9,7.00,23.15,0.1620,6.17,1048.0,84.0
5996,144.9,6.90,23.15,0.1597,6.26,1048.0,84.0
6003,142.9,7.00,23.15,0.1620,6.17,1048.0,84.0
6010,144.9,6.90,23.15,0.1597,6.26,1048.0,84.0
6017,142.9,7.00,23.15,0.1620,6.17,1048.0,84.0
6024,142.9,7.00,23.14,0.1620,6.17,1048.0,84.0
6031,142.9,7.00,23.14,0.1620,6.17,1048.0,84.0
6038,142.9,7.00,23.14,0.1620,6.17,1048.0,84.0
6045,147.1,6.80,23.14,0.1574,6.36,1048.0,84.0
6052,144.9,6.90,23.14,0.1597,6.26,1048.0,84.0
6059,142.9,7.00,23.14,0.1620,6.17,1048.0,84.0
6066,144.9,6.90,23.14,0.1597,6.26,1048.0,84.0
6073,144.9,6.90,23.14,0.1597,6.26,1048.0,84.0
6080,142.9,7.00,23.14,0.1620,6.17,1048.0,84.0
6086,144.9,6.90,23.14,0.1597,6.26,1048.0,84.0
6093,142.9,7.00,23.14,0.1620,6.17,1048.0,84.0
6100,144.9,6.90,23.14,0.1597,6.26,1048.0,84.0
6107,142.9,7.00,23.14,0.1620,6.17,1048.0,84.0
6114,142.9,7.00,23.14,0.1620,6.17,1048.0,84.0
6121,147.1,6.80,23.14,0.1574,6.36,1048.0,84.0
6128,140.8,7.10,23.14,0.1643,6.08,1048.0,84.0
6135,147.1,6.80,23.14,0.1574,6.36,1048.0,84.0
6142,144.9,6.90,23.14,0.1597,6.26,1048.0,84.0
6149,144.9,6.90,23.14,0.1597,6.26,1048.0,84.0
6156,142.9,7.00,23.14,0.1620,6.18,1048.0,84.0
6163,140.8,7.10,23.14,0.1643,6.08,1048.0,84.0
6170,144.9,6.90,23.14,0.1597,6.26,1048.0,84.0
6177,142.9,7.00,23.14,0.1620,6.18,1048.0,84.0
6184,144.9,6.90,23.14,0.1597,6.26,1048.0,84.0
6191,142.9,7.00,23.14,0.1620,6.18,1048.0,84.0
6198,144.9,6.90,23.14,0.1597,6.26,1048.0,84.0
6205,144.9,6.90,23.14,0.1596,6.26,1048.0,84.0
6212,142.9,7.00,23.14,0.1620,6.18,1048.0,84.0
6218,144.9,6.90,23.14,0.1596,6.26,1048.0,84.0
6225,144.9,6.90,23.14,0.1596,6.26,1048.0,84.0
6232,142.9,7.00,23.13,0.1619,6.18,1048.0,84.0
6239,144.9,6.90,23.13,0.1596,6.26,1048.0,84.0
6246,142.9,7.00,23.13,0.1619,6.18,1048.0,84.0
6253,144.9,6.90,23.13,0.1596,6.26,1048.0,84.0
6260,144.9,6.90,23.13,0.1596,6.26,1048.0,84.0
6267,142.9,7.00,23.13,0.1619,6.18,1048.0,84.0
6274,144.9,6.90,23.13,0.1596,6.26,1048.0,84.0
6281,142.9,7.00,23.13,0.1619,6.18,1048.0,84.0
6288,142.9,7.00,23.13,0.1619,6.18,1048.0,84.0
6295,147.1,6.80,23.13,0.1573,6.36,1048.0,84.0
6302,142.9,7.00,23.13,0.1619,6.18,1048.0,84.0
6309,142.9,7.00,23.13,0.1619,6.18,1048.0,84.0
6316,142.9,7.00,23.12,0.1619,6.18,1048.0,84.0
6323,144.9,6.90,23.12,0.1596,6.27,1048.0,84.0
6330,144.9,6.90,23.12,0.1595,6.27,1048.0,84.0
6336,147.1,6.80,23.12,0.1572,6.36,1048.0,84.0
6343,140.8,7.10,23.12,0.1642,6.09,1048.0,84.0
6350,144.9,6.90,23.12,0.1595,6.27,1048.0,84.0
6357,144.9,6.90,23.12,0.1595,6.27,1048.0,84.0
6364,142.9,7.00,23.12,0.1618,6.18,1048.0,84.0
6371,144.9,6.90,23.12,0.1595,6.27,1048.0,84.0
6378,144.9,6.90,23.12,0.1595,6.27,1048.0,84.0
6385,142.9,7.00,23.12,0.1618,6.18,1048.0,84.0
6392,144.9,6.90,23.12,0.1595,6.27,1048.0,84.0
6399,140.8,7.10,23.11,0.1641,6.09,1048.0,84.0
6406,144.9,6.90,23.11,0.1595,6.27,1048.0,84.0
6413,142.9,7.00,23.11,0.1618,6.18,1048.0,84.0
6420,147.1,6.80,23.11,0.1572,6.36,1048.0,84.0
6427,142.9,7.00,23.11,0.1618,6.18,1048.0,84.0
6434,144.9,6.90,23.11,0.1595,6.27,1048.0,84.0
6441,142.9,7.00,23.11,0.1618,6.18,1048.0,84.0
6448,142.9,7.00,23.11,0.1618,6.18,1048.0,84.0
6455,144.9,6.90,23.11,0.1594,6.27,1048.0,84.0
6461,144.9,6.90,23.11,0.1594,6.27,1048.0,84.0
6468,142.9,7.00,23.11,0.1617,6.18,1048.0,84.0
6475,144.9,6.90,23.11,0.1594,6.27,1048.0,84.0
6482,142.9,7.00,23.10,0.1617,6.19,1048.0,84.0
6489,147.1,6.80,23.10,0.1571,6.37,1048.0,84.0
6496,140.8,7.10,23.10,0.1640,6.09,1048.0,84.0
6503,144.9,6.90,23.10,0.1594,6.27,1048.0,84.0
6510,142.9,7.00,23.10,0.1617,6.19,1048.0,84.0
6517,144.9,6.90,23.10,0.1594,6.27,1048.0,84.0
6524,142.9,7.00,23.10,0.1617,6.19,1048.0,84.0
6531,144.9,6.90,23.10,0.1594,6.27,1048.0,84.0
6538,144.9,6.90,23.10,0.1594,6.27,1048.0,84.0
6545,144.9,6.90,23.10,0.1594,6.27,1048.0,84.0
6552,142.9,7.00,23.10,0.1617,6.19,1048.0,84.0
6559,144.9,6.90,23.09,0.1594,6.27,1048.0,84.0
6566,142.9,7.00,23.09,0.1617,6.19,1048.0,84.0
6573,144.9,6.90,23.09,0.1593,6.27,1048.0,84.0
6580,142.9,7.00,23.09,0.1616,6.19,1048.0,84.0
6586,144.9,6.90,23.09,0.1593,6.27,1048.0,84.0
6593,142.9,7.00,23.09,0.1616,6.19,1048.0,84.0
6600,142.9,7.00,23.09,0.1616,6.19,1048.0,84.0
6607,144.9,6.90,23.09,0.1593,6.28,1048.0,84.0
6614,142.9,7.00,23.09,0.1616,6.19,1048.0,84.0
6621,147.1,6.80,23.09,0.1570,6.37,1048.0,84.0
6628,144.9,6.90,23.09,0.1593,6.28,1048.0,84.0
6635,144.9,6.90,23.09,0.1593,6.28,1048.0,84.0
6642,140.8,7.10,23.09,0.1639,6.10,1048.0,84.0
6649,142.9,7.00,23.08,0.1616,6.19,1048.0,84.0
6656,144.9,6.90,23.08,0.1593,6.28,1048.0,84.0
6663,144.9,6.90,23.08,0.1593,6.28,1048.0,84.0
6670,144.9,6.90,23.08,0.1593,6.28,1048.0,84.0
6677,142.9,7.00,23.08,0.1616,6.19,1048.0,84.0
6684,144.9,6.90,23.08,0.1593,6.28,1048.0,84.0
6691,142.9,7.00,23.08,0.1616,6.19,1048.0,84.0
6698,142.9,7.00,23.08,0.1615,6.19,1048.0,84.0
6704,147.1,6.80,23.08,0.1569,6.37,1048.0,84.0
6711,142.9,7.00,23.08,0.1615,6.19,1048.0,84.0
6718,144.9,6.90,23.08,0.1592,6.28,1048.0,84.0
6725,142.9,7.00,23.08,0.1615,6.19,1048.0,84.0
6732,144.9,6.90,23.07,0.1592,6.28,1048.0,84.0
6739,142.9,7.00,23.07,0.1615,6.19,1048.0,84.0
6746,144.9,6.90,23.07,0.1592,6.28,1048.0,84.0
6753,142.9,7.00,23.07,0.1615,6.19,1048.0,84.0
6760,147.1,6.80,23.07,0.1569,6.38,1048.0,84.0
6767,140.8,7.10,23.07,0.1638,6.10,1048.0,84.0
6774,144.9,6.90,23.07,0.1592,6.28,1048.0,84.0
6781,144.9,6.90,23.07,0.1592,6.28,1048.0,84.0
6788,140.8,7.10,23.07,0.1638,6.10,1048.0,84.0
6795,147.1,6.80,23.07,0.1569,6.38,1048.0,84.0
6802,142.9,7.00,23.07,0.1615,6.20,1048.0,84.0
6809,144.9,6.90,23.07,0.1591,6.28,1048.0,84.0
6816,142.9,7.00,23.06,0.1614,6.20,1048.0,84.0
6823,144.9,6.90,23.06,0.1591,6.28,1048.0,84.0
6829,144.9,6.90,23.06,0.1591,6.28,1048.0,84.0
6836,142.9,7.00,23.06,0.1614,6.20,1048.0,84.0
6843,142.9,7.00,23.06,0.1614,6.20,1048.0,84.0
6850,144.9,6.90,23.06,0.1591,6.28,1048.0,84.0
6857,142.9,7.00,23.06,0.1614,6.20,1048.0,84.0
6864,144.9,6.90,23.06,0.1591,6.28,1048.0,84.0
6871,147.1,6.80,23.06,0.1568,6.38,1048.0,84.0
6878,140.8,7.10,23.06,0.1637,6.11,1048.0,84.0
6885,147.1,6.80,23.06,0.1568,6.38,1048.0,84.0
6892,140.8,7.10,23.06,0.1637,6.11,1048.0,84.0
6899,144.9,6.90,23.05,0.1591,6.29,1048.0,84.0
6906,142.9,7.00,23.05,0.1614,6.20,1048.0,84.0
6913,142.9,7.00,23.05,0.1614,6.20,1048.0,84.0
6920,147.1,6.80,23.05,0.1568,6.38,1048.0,84.0
6927,142.9,7.00,23.05,0.1614,6.20,1048.0,84.0
6934,144.9,6.90,23.05,0.1590,6.29,1048.0,84.0
6941,142.9,7.00,23.05,0.1613,6.20,1048.0,84.0
6948,142.9,7.00,23.05,0.1613,6.20,1048.0,84.0
6954,147.1,6.80,23.05,0.1567,6.38,1048.0,84.0
6962,140.8,7.10,23.05,0.1636,6.11,1048.0,84.0
6968,144.9,6.90,23.05,0.1590,6.29,1048.0,84.0
6975,144.9,6.90,23.05,0.1590,6.29,1048.0,84.0
6982,144.9,6.90,23.04,0.1590,6.29,1048.0,84.0
6989,142.9,7.00,23.04,0.1613,6.20,1048.0,84.0
6996,144.9,6.90,23.04,0.1590,6.29,1048.0,84.0
7003,142.9,7.00,23.04,0.1613,6.20,1048.0,84.0
7010,144.9,6.90,23.04,0.1590,6.29,1048.0,84.0
7017,142.9,7.00,23.04,0.1613,6.20,1048.0,84.0
7024,144.9,6.90,23.04,0.1590,6.29,1048.0,84.0
7031,142.9,7.00,23.04,0.1613,6.20,1048.0,84.0
7038,147.1,6.80,23.04,0.1567,6.39,1048.0,84.0
7045,142.9,7.00,23.04,0.1613,6.20,1048.0,84.0
7052,144.9,6.90,23.04,0.1589,6.29,1048.0,84.0
7059,140.8,7.10,23.04,0.1635,6.11,1048.0,84.0
7066,144.9,6.90,23.03,0.1589,6.29,1048.0,84.0
7072,147.1,6.80,23.03,0.1566,6.39,1048.0,84.0
7079,142.9,7.00,23.03,0.1612,6.20,1048.0,84.0
7086,144.9,6.90,23.03,0.1589,6.29,1048.0,84.0
7093,142.9,7.00,23.03,0.1612,6.20,1048.0,84.0
7100,142.9,7.00,23.03,0.1612,6.20,1048.0,84.0
7107,142.9,7.00,23.03,0.1612,6.21,1048.0,84.0
7114,144.9,6.90,23.03,0.1589,6.29,1048.0,84.0
7121,142.9,7.00,23.03,0.1612,6.21,1048.0,84.0
7128,144.9,6.90,23.03,0.1589,6.29,1048.0,84.0
7135,144.9,6.90,23.03,0.1589,6.29,1048.0,84.0
7142,142.9,7.00,23.03,0.1612,6.21,1048.0,84.0
7149,142.9,7.00,23.02,0.1612,6.21,1048.0,84.0
7156,144.9,6.90,23.02,0.1589,6.29,1048.0,84.0
7163,144.9,6.90,23.02,0.1589,6.29,1048.0,84.0
7170,142.9,7.00,23.02,0.1612,6.21,1048.0,84.0
7177,144.9,6.90,23.02,0.1588,6.29,1048.0,84.0
7184,144.9,6.90,23.02,0.1588,6.29,1048.0,84.0
7191,144.9,6.90,23.02,0.1588,6.29,1048.0,84.0
7198,142.9,7.00,23.02,0.1611,6.21,1048.0,84.0
7204,144.9,6.90,23.02,0.1588,6.30,1048.0,84.0
7211,144.9,6.90,23.02,0.1588,6.30,1048.0,84.0
7218,140.8,7.10,23.02,0.1634,6.12,1048.0,84.0
7225,147.1,6.80,23.01,0.1565,6.39,1048.0,84.0
7232,142.9,7.00,23.01,0.1611,6.21,1048.0,84.0
7239,142.9,7.00,23.01,0.1611,6.21,1048.0,84.0
7246,144.9,6.90,23.01,0.1588,6.30,1048.0,84.0
7253,142.9,7.00,23.01,0.1611,6.21,1048.0,84.0
7260,144.9,6.90,23.01,0.1588,6.30,1048.0,84.0
7267,144.9,6.90,23.01,0.1588,6.30,1048.0,84.0
7274,142.9,7.00,23.01,0.1611,6.21,1048.0,84.0
7281,144.9,6.90,23.01,0.1587,6.30,1048.0,84.0
7288,142.9,7.00,23.01,0.1610,6.21,1048.0,84.0
7295,144.9,6.90,23.00,0.1587,6.30,1048.0,84.0
7302,144.9,6.90,23.00,0.1587,6.30,1048.0,84.0
7309,142.9,7.00,23.00,0.1610,6.21,1048.0,84.0
7316,144.9,6.90,23.00,0.1587,6.30,1048.0,84.0
7323,142.9,7.00,23.00,0.1610,6.21,1048.0,84.0
7329,144.9,6.90,23.00,0.1587,6.30,1048.0,84.0
7336,144.9,6.90,23.00,0.1587,6.30,1048.0,84.0
7343,142.9,7.00,23.00,0.1610,6.21,1048.0,84.0
7350,144.9,6.90,23.00,0.1587,6.30,1048.0,84.0
7357,140.8,7.10,23.00,0.1633,6.12,1048.0,84.0
7364,144.9,6.90,22.99,0.1587,6.30,1048.0,84.0
7371,144.9,6.90,22.99,0.1587,6.30,1048.0,84.0
7378,142.9,7.00,22.99,0.1609,6.21,1048.0,84.0
7385,144.9,6.90,22.99,0.1586,6.30,1048.0,84.0
7392,142.9,7.00,22.99,0.1609,6.22,1048.0,84.0
7399,144.9,6.90,22.99,0.1586,6.30,1048.0,84.0
7406,144.9,6.90,22.99,0.1586,6.30,1048.0,84.0
7413,140.8,7.10,22.99,0.1632,6.12,1048.0,84.0
7420,144.9,6.90,22.99,0.1586,6.30,1048.0,84.0
7427,144.9,6.90,22.99,0.1586,6.30,1048.0,84.0
7434,142.9,7.00,22.98,0.1609,6.22,1048.0,84.0
7441,144.9,6.90,22.98,0.1586,6.30,1048.0,84.0
7447,147.1,6.80,22.98,0.1563,6.40,1048.0,84.0
7455,140.8,7.10,22.98,0.1632,6.13,1048.0,84.0
7461,144.9,6.90,22.98,0.1586,6.31,1048.0,84.0
7468,144.9,6.90,22.98,0.1586,6.31,1048.0,84.0
7475,142.9,7.00,22.98,0.1609,6.22,1048.0,84.0
7482,144.9,6.90,22.98,0.1586,6.31,1048.0,84.0
7489,142.9,7.00,22.98,0.1608,6.22,1048.0,84.0
7496,144.9,6.90,22.98,0.1585,6.31,1048.0,84.0
7503,142.9,7.00,22.98,0.1608,6.22,1048.0,84.0
7510,142.9,7.00,22.97,0.1608,6.22,1048.0,84.0
7517,147.1,6.80,22.97,0.1562,6.40,1048.0,84.0
7524,142.9,7.00,22.97,0.1608,6.22,1048.0,84.0
7531,142.9,7.00,22.97,0.1608,6.22,1048.0,84.0
7538,144.9,6.90,22.97,0.1585,6.31,1048.0,84.0
7545,142.9,7.00,22.97,0.1608,6.22,1048.0,84.0
7552,144.9,6.90,22.97,0.1585,6.31,1048.0,84.0
7559,144.9,6.90,22.97,0.1585,6.31,1048.0,84.0
7566,144.9,6.90,22.97,0.1585,6.31,1048.0,84.0
7573,142.9,7.00,22.97,0.1608,6.22,1048.0,84.0
7579,144.9,6.90,22.96,0.1585,6.31,1048.0,84.0
7586,142.9,7.00,22.96,0.1607,6.22,1048.0,84.0
7593,144.9,6.90,22.96,0.1584,6.31,1048.0,84.0
7600,142.9,7.00,22.96,0.1607,6.22,1048.0,84.0
7607,142.9,7.00,22.96,0.1607,6.22,1048.0,84.0
7614,144.9,6.90,22.96,0.1584,6.31,1048.0,84.0
7621,144.9,6.90,22.96,0.1584,6.31,1048.0,84.0
7628,144.9,6.90,22.96,0.1584,6.31,1048.0,84.0
7635,142.9,7.00,22.96,0.1607,6.22,1048.0,84.0
7642,140.8,7.10,22.96,0.1630,6.13,1048.0,84.0
7649,144.9,6.90,22.95,0.1584,6.31,1048.0,84.0
7656,144.9,6.90,22.95,0.1584,6.31,1048.0,84.0
7663,142.9,7.00,22.95,0.1607,6.23,1048.0,84.0
7670,144.9,6.90,22.95,0.1584,6.31,1048.0,84.0
7677,144.9,6.90,22.95,0.1584,6.31,1048.0,84.0
7684,144.9,6.90,22.95,0.1584,6.31,1048.0,84.0
7691,144.9,6.90,22.95,0.1583,6.31,1048.0,84.0
7697,144.9,6.90,22.95,0.1583,6.31,1048.0,84.0
7704,142.9,7.00,22.95,0.1606,6.23,1048.0,84.0
7711,142.9,7.00,22.95,0.1606,6.23,1048.0,84.0
7718,144.9,6.90,22.95,0.1583,6.32,1048.0,84.0
7725,144.9,6.90,22.94,0.1583,6.32,1048.0,84.0
7732,142.9,7.00,22.94,0.1606,6.23,1048.0,84.0
7739,142.9,7.00,22.94,0.1606,6.23,1048.0,84.0
7746,144.9,6.90,22.94,0.1583,6.32,1048.0,84.0
7753,142.9,7.00,22.94,0.1606,6.23,1048.0,84.0
7760,144.9,6.90,22.94,0.1583,6.32,1048.0,84.0
7767,142.9,7.00,22.94,0.1606,6.23,1048.0,84.0
7774,144.9,6.90,22.94,0.1583,6.32,1048.0,84.0
7781,144.9,6.90,22.94,0.1583,6.32,1048.0,84.0
7788,142.9,7.00,22.94,0.1605,6.23,1048.0,84.0
7795,144.9,6.90,22.93,0.1582,6.32,1048.0,84.0
7802,142.9,7.00,22.93,0.1605,6.23,1048.0,84.0
7809,142.9,7.00,22.93,0.1605,6.23,1048.0,84.0
7816,147.1,6.80,22.93,0.1559,6.41,1048.0,84.0
7823,142.9,7.00,22.93,0.1605,6.23,1048.0,84.0
7829,144.9,6.90,22.93,0.1582,6.32,1048.0,84.0
7836,142.9,7.00,22.93,0.1605,6.23,1048.0,84.0
7843,142.9,7.00,22.93,0.1605,6.23,1048.0,84.0
7850,144.9,6.90,22.93,0.1582,6.32,1048.0,84.0
7857,144.9,6.90,22.93,0.1582,6.32,1048.0,84.0
7864,144.9,6.90,22.92,0.1582,6.32,1048.0,84.0
7871,142.9,7.00,22.92,0.1605,6.23,1048.0,84.0
7878,142.9,7.00,22.92,0.1605,6.23,1048.0,84.0
7885,142.9,7.00,22.92,0.1605,6.23,1048.0,84.0
7892,147.1,6.80,22.92,0.1559,6.42,1048.0,84.0
7899,142.9,7.00,22.92,0.1604,6.23,1048.0,84.0
7906,142.9,7.00,22.92,0.1604,6.24,1048.0,84.0
7913,144.9,6.90,22.92,0.1581,6.32,1048.0,84.0
7920,142.9,7.00,22.92,0.1604,6.24,1048.0,84.0
7927,147.1,6.80,22.92,0.1558,6.42,1048.0,84.0
7934,142.9,7.00,22.91,0.1604,6.24,1048.0,84.0
7941,142.9,7.00,22.91,0.1604,6.24,1048.0,84.0
7948,144.9,6.90,22.91,0.1581,6.32,1048.0,84.0
7955,142.9,7.00,22.91,0.1604,6.24,1048.0,84.0
7961,144.9,6.90,22.91,0.1581,6.32,1048.0,84.0
7968,144.9,6.90,22.91,0.1581,6.32,1048.0,84.0
7975,144.9,6.90,22.91,0.1581,6.32,1048.0,84.0
7982,142.9,7.00,22.91,0.1604,6.24,1048.0,84.0
7989,142.9,7.00,22.91,0.1604,6.24,1048.0,84.0
7996,144.9,6.90,22.91,0.1581,6.33,1048.0,84.0
8003,142.9,7.00,22.91,0.1603,6.24,1048.0,84.0
8010,144.9,6.90,22.90,0.1580,6.33,1048.0,84.0
8017,142.9,7.00,22.90,0.1603,6.24,1048.0,84.0
8024,144.9,6.90,22.90,0.1580,6.33,1048.0,84.0
8031,142.9,7.00,22.90,0.1603,6.24,1048.0,84.0
8038,144.9,6.90,22.90,0.1580,6.33,1048.0,84.0
8045,144.9,6.90,22.90,0.1580,6.33,1048.0,84.0
8052,144.9,6.90,22.90,0.1580,6.33,1048.0,84.0
8059,140.8,7.10,22.90,0.1626,6.15,1048.0,84.0
8066,144.9,6.90,22.90,0.1580,6.33,1048.0,84.0
8073,144.9,6.90,22.90,0.1580,6.33,1048.0,84.0
8079,144.9,6.90,22.89,0.1580,6.33,1048.0,84.0
8086,142.9,7.00,22.89,0.1603,6.24,1048.0,84.0
8093,142.9,7.00,22.89,0.1602,6.24,1048.0,84.0
8100,144.9,6.90,22.89,0.1580,6.33,1048.0,84.0
8107,144.9,6.90,22.89,0.1579,6.33,1048.0,84.0
8114,142.9,7.00,22.89,0.1602,6.24,1048.0,84.0
8121,147.1,6.80,22.89,0.1556,6.43,1048.0,84.0
8128,142.9,7.00,22.89,0.1602,6.24,1048.0,84.0
8135,144.9,6.90,22.89,0.1579,6.33,1048.0,84.0
8142,142.9,7.00,22.89,0.1602,6.24,1048.0,84.0
8149,144.9,6.90,22.88,0.1579,6.33,1048.0,84.0
8156,144.9,6.90,22.88,0.1579,6.33,1048.0,84.0
8163,140.8,7.10,22.88,0.1625,6.15,1048.0,84.0
8170,142.9,7.00,22.88,0.1602,6.25,1048.0,84.0
8177,147.1,6.80,22.88,0.1556,6.43,1048.0,84.0
8184,142.9,7.00,22.88,0.1602,6.25,1048.0,84.0
8191,144.9,6.90,22.88,0.1579,6.33,1048.0,84.0
8197,144.9,6.90,22.88,0.1579,6.33,1048.0,84.0
8204,142.9,7.00,22.88,0.1602,6.25,1048.0,84.0
8211,142.9,7.00,22.88,0.1601,6.25,1048.0,84.0
8218,142.9,7.00,22.88,0.1601,6.25,1048.0,84.0
8225,144.9,6.90,22.88,0.1579,6.33,1048.0,84.0
8232,144.9,6.90,22.88,0.1579,6.33,1048.0,84.0
8239,140.8,7.10,22.88,0.1624,6.15,1048.0,84.0
8246,144.9,6.90,22.88,0.1578,6.33,1048.0,84.0
8253,144.9,6.90,22.88,0.1578,6.33,1048.0,84.0
8260,144.9,6.90,22.88,0.1578,6.33,1048.0,84.0
8267,142.9,7.00,22.88,0.1601,6.25,1048.0,84.0
8274,147.1,6.80,22.87,0.1555,6.43,1048.0,84.0
8281,140.8,7.10,22.87,0.1624,6.16,1048.0,84.0
8288,144.9,6.90,22.87,0.1578,6.33,1048.0,84.0
8295,144.9,6.90,22.87,0.1578,6.33,1048.0,84.0
8302,142.9,7.00,22.87,0.1601,6.25,1048.0,84.0
8309,144.9,6.90,22.87,0.1578,6.34,1048.0,84.0
8316,142.9,7.00,22.87,0.1601,6.25,1048.0,84.0
8323,144.9,6.90,22.87,0.1578,6.34,1048.0,84.0
8329,147.1,6.80,22.87,0.1555,6.43,1048.0,84.0
8336,140.8,7.10,22.87,0.1624,6.16,1048.0,84.0
8343,142.9,7.00,22.87,0.1601,6.25,1048.0,84.0
8350,147.1,6.80,22.87,0.1555,6.43,1048.0,84.0
8357,144.9,6.90,22.87,0.1578,6.34,1048.0,84.0
8364,142.9,7.00,22.87,0.1601,6.25,1048.0,84.0
8371,140.8,7.10,22.87,0.1624,6.16,1048.0,84.0
8378,144.9,6.90,22.87,0.1578,6.34,1048.0,84.0
8385,147.1,6.80,22.87,0.1555,6.43,1048.0,84.0
8392,144.9,6.90,22.87,0.1578,6.34,1048.0,84.0
8399,140.8,7.10,22.87,0.1624,6.16,1048.0,84.0
8406,144.9,6.90,22.87,0.1578,6.34,1048.0,84.0
8413,142.9,7.00,22.87,0.1601,6.25,1048.0,84.0
8420,144.9,6.90,22.87,0.1578,6.34,1048.0,84.0
8427,144.9,6.90,22.87,0.1578,6.34,1048.0,84.0
8434,142.9,7.00,22.86,0.1601,6.25,1048.0,84.0
8441,142.9,7.00,22.86,0.1601,6.25,1048.0,84.0
8448,144.9,6.90,22.86,0.1578,6.34,1048.0,84.0
8454,144.9,6.90,22.86,0.1578,6.34,1048.0,84.0
8461,142.9,7.00,22.86,0.1600,6.25,1048.0,84.0
8468,142.9,7.00,22.86,0.1600,6.25,1048.0,84.0
8475,144.9,6.90,22.86,0.1578,6.34,1048.0,84.0
8482,144.9,6.90,22.86,0.1577,6.34,1048.0,84.0
8489,142.9,7.00,22.86,0.1600,6.25,1048.0,84.0
8496,147.1,6.80,22.86,0.1555,6.43,1048.0,84.0
8503,140.8,7.10,22.86,0.1623,6.16,1048.0,84.0
8510,144.9,6.90,22.86,0.1577,6.34,1048.0,84.0
8517,142.9,7.00,22.86,0.1600,6.25,1048.0,84.0
8524,144.9,6.90,22.86,0.1577,6.34,1048.0,84.0
8531,144.9,6.90,22.86,0.1577,6.34,1048.0,84.0
8538,144.9,6.90,22.86,0.1577,6.34,1048.0,84.0
8545,142.9,7.00,22.86,0.1600,6.25,1048.0,84.0
8552,142.9,7.00,22.86,0.1600,6.25,1048.0,84.0
8559,144.9,6.90,22.86,0.1577,6.34,1048.0,84.0
8566,144.9,6.90,22.86,0.1577,6.34,1048.0,84.0
8572,144.9,6.90,22.86,0.1577,6.34,1048.0,84.0
8579,142.9,7.00,22.86,0.1600,6.25,1048.0,84.0
8586,142.9,7.00,22.86,0.1600,6.25,1048.0,84.0
8593,142.9,7.00,22.86,0.1600,6.25,1048.0,84.0
8600,144.9,6.90,22.86,0.1577,6.34,1048.0,84.0
8607,142.9,7.00,22.85,0.1600,6.25,1048.0,84.0
8614,144.9,6.90,22.85,0.1577,6.34,1048.0,84.0
8621,142.9,7.00,22.85,0.1600,6.25,1048.0,84.0
8628,147.1,6.80,22.85,0.1554,6.44,1048.0,84.0
8635,142.9,7.00,22.85,0.1600,6.25,1048.0,84.0
8642,144.9,6.90,22.85,0.1577,6.34,1048.0,84.0
8649,142.9,7.00,22.85,0.1600,6.25,1048.0,84.0
8656,142.9,7.00,22.85,0.1600,6.25,1048.0,84.0
8663,144.9,6.90,22.85,0.1577,6.34,1048.0,84.0
8670,147.1,6.80,22.85,0.1554,6.44,1048.0,84.0
8677,142.9,7.00,22.85,0.1600,6.25,1048.0,84.0
8684,142.9,7.00,22.85,0.1600,6.25,1048.0,84.0
8691,142.9,7.00,22.85,0.1599,6.25,1048.0,84.0
8698,144.9,6.90,22.85,0.1577,6.34,1048.0,84.0
8704,144.9,6.90,22.85,0.1577,6.34,1048.0,84.0
8711,142.9,7.00,22.85,0.1599,6.25,1048.0,84.0
8718,144.9,6.90,22.85,0.1577,6.34,1048.0,84.0
8725,144.9,6.90,22.85,0.1576,6.34,1048.0,84.0
8732,142.9,7.00,22.85,0.1599,6.25,1048.0,84.0
8739,144.9,6.90,22.85,0.1576,6.34,1048.0,84.0
8746,142.9,7.00,22.85,0.1599,6.25,1048.0,84.0
8753,144.9,6.90,22.85,0.1576,6.34,1048.0,84.0
8760,142.9,7.00,22.85,0.1599,6.26,1048.0,84.0
8767,144.9,6.90,22.85,0.1576,6.34,1048.0,84.0
8774,142.9,7.00,22.84,0.1599,6.26,1048.0,84.0
8781,144.9,6.90,22.84,0.1576,6.34,1048.0,84.0
8788,142.9,7.00,22.84,0.1599,6.26,1048.0,84.0
8795,142.9,7.00,22.84,0.1599,6.26,1048.0,84.0
8802,144.9,6.90,22.84,0.1576,6.34,1048.0,84.0
8809,144.9,6.90,22.84,0.1576,6.34,1048.0,84.0
8816,142.9,7.00,22.84,0.1599,6.26,1048.0,84.0
8823,144.9,6.90,22.84,0.1576,6.34,1048.0,84.0
8830,142.9,7.00,22.84,0.1599,6.26,1048.0,84.0
8837,142.9,7.00,22.84,0.1599,6.26,1048.0,84.0
8843,147.1,6.80,22.84,0.1553,6.44,1048.0,84.0
8850,142.9,7.00,22.84,0.1599,6.26,1048.0,84.0
8857,142.9,7.00,22.84,0.1599,6.26,1048.0,84.0
8864,142.9,7.00,22.84,0.1599,6.26,1048.0,84.0
8871,142.9,7.00,22.84,0.1599,6.26,1048.0,84.0
8878,144.9,6.90,22.84,0.1576,6.34,1048.0,84.0
8885,144.9,6.90,22.84,0.1576,6.34,1048.0,84.0
8892,144.9,6.90,22.84,0.1576,6.34,1048.0,84.0
8899,142.9,7.00,22.84,0.1599,6.26,1048.0,84.0
8906,147.1,6.80,22.84,0.1553,6.44,1048.0,84.0
8913,142.9,7.00,22.84,0.1599,6.26,1048.0,84.0
8920,144.9,6.90,22.84,0.1576,6.35,1048.0,84.0
8927,142.9,7.00,22.84,0.1598,6.26,1048.0,84.0
8934,142.9,7.00,22.84,0.1598,6.26,1048.0,84.0
8941,147.1,6.80,22.83,0.1553,6.44,1048.0,84.0
8948,142.9,7.00,22.83,0.1598,6.26,1048.0,84.0
8954,144.9,6.90,22.83,0.1576,6.35,1048.0,84.0
8961,144.9,6.90,22.83,0.1576,6.35,1048.0,84.0
8968,142.9,7.00,22.83,0.1598,6.26,1048.0,84.0
8975,142.9,7.00,22.83,0.1598,6.26,1048.0,84.0
8982,142.9,7.00,22.83,0.1598,6.26,1048.0,84.0
8989,147.1,6.80,22.83,0.1553,6.44,1048.0,84.0
8996,144.9,6.90,22.83,0.1575,6.35,1048.0,84.0
9003,140.8,7.10,22.83,0.1621,6.17,1048.0,84.0
9010,144.9,6.90,22.83,0.1575,6.35,1048.0,84.0
9017,147.1,6.80,22.83,0.1552,6.44,1048.0,84.0
9024,140.8,7.10,22.83,0.1621,6.17,1048.0,84.0
9031,144.9,6.90,22.83,0.1575,6.35,1048.0,84.0
9038,144.9,6.90,22.83,0.1575,6.35,1048.0,84.0
9045,142.9,7.00,22.83,0.1598,6.26,1048.0,84.0
9052,142.9,7.00,22.83,0.1598,6.26,1048.0,84.0
9059,144.9,6.90,22.83,0.1575,6.35,1048.0,84.0
9066,142.9,7.00,22.83,0.1598,6.26,1048.0,84.0
9073,144.9,6.90,22.83,0.1575,6.35,1048.0,84.0
9079,144.9,6.90,22.83,0.1575,6.35,1048.0,84.0
9086,142.9,7.00,22.83,0.1598,6.26,1048.0,84.0
9093,142.9,7.00,22.83,0.1598,6.26,1048.0,84.0
9100,144.9,6.90,22.83,0.1575,6.35,1048.0,84.0
9107,144.9,6.90,22.82,0.1575,6.35,1048.0,84.0
9114,142.9,7.00,22.82,0.1598,6.26,1048.0,84.0
9121,144.9,6.90,22.82,0.1575,6.35,1048.0,84.0
9128,144.9,6.90,22.82,0.1575,6.35,1048.0,84.0
9135,142.9,7.00,22.82,0.1598,6.26,1048.0,84.0
9142,142.9,7.00,22.82,0.1598,6.26,1048.0,84.0
9149,144.9,6.90,22.82,0.1575,6.35,1048.0,84.0
9156,142.9,7.00,22.82,0.1598,6.26,1048.0,84.0
9163,144.9,6.90,22.82,0.1575,6.35,1048.0,84.0
9170,142.9,7.00,22.82,0.1597,6.26,1048.0,84.0
9177,147.1,6.80,22.82,0.1552,6.45,1048.0,84.0
9184,142.9,7.00,22.82,0.1597,6.26,1048.0,84.0
9191,144.9,6.90,22.82,0.1575,6.35,1048.0,84.0
9197,144.9,6.90,22.82,0.1575,6.35,1048.0,84.0
9204,142.9,7.00,22.82,0.1597,6.26,1048.0,84.0
9211,144.9,6.90,22.82,0.1574,6.35,1048.0,84.0
9218,142.9,7.00,22.82,0.1597,6.26,1048.0,84.0
9225,144.9,6.90,22.82,0.1574,6.35,1048.0,84.0
9232,144.9,6.90,22.82,0.1574,6.35,1048.0,84.0
9239,142.9,7.00,22.82,0.1597,6.26,1048.0,84.0
9246,142.9,7.00,22.82,0.1597,6.26,1048.0,84.0
9253,147.1,6.80,22.81,0.1551,6.45,1048.0,84.0
9260,140.8,7.10,22.81,0.1620,6.17,1048.0,84.0
9267,144.9,6.90,22.81,0.1574,6.35,1048.0,84.0
9274,144.9,6.90,22.81,0.1574,6.35,1048.0,84.0
9281,142.9,7.00,22.81,0.1597,6.26,1048.0,84.0
9288,144.9,6.90,22.81,0.1574,6.35,1048.0,84.0
9295,142.9,7.00,22.81,0.1597,6.26,1048.0,84.0
9302,144.9,6.90,22.81,0.1574,6.35,1048.0,84.0
9309,142.9,7.00,22.81,0.1597,6.26,1048.0,84.0
9316,142.9,7.00,22.81,0.1597,6.26,1048.0,84.0
9322,147.1,6.80,22.81,0.1551,6.45,1048.0,84.0
9329,142.9,7.00,22.81,0.1597,6.27,1048.0,84.0
9336,142.9,7.00,22.81,0.1597,6.27,1048.0,84.0
9343,144.9,6.90,22.81,0.1574,6.35,1048.0,84.0
9350,144.9,6.90,22.81,0.1574,6.35,1048.0,84.0
9357,144.9,6.90,22.81,0.1574,6.35,1048.0,84.0
9364,142.9,7.00,22.81,0.1596,6.27,1048.0,84.0
9371,144.9,6.90,22.81,0.1574,6.35,1048.0,84.0
9378,142.9,7.00,22.80,0.1596,6.27,1048.0,84.0
9385,142.9,7.00,22.80,0.1596,6.27,1048.0,84.0
9392,144.9,6.90,22.80,0.1573,6.35,1048.0,84.0
9399,144.9,6.90,22.80,0.1573,6.35,1048.0,84.0
9406,142.9,7.00,22.80,0.1596,6.27,1048.0,84.0
9413,142.9,7.00,22.80,0.1596,6.27,1048.0,84.0
9420,144.9,6.90,22.80,0.1573,6.35,1048.0,84.0
9427,144.9,6.90,22.80,0.1573,6.36,1048.0,84.0
9434,144.9,6.90,22.80,0.1573,6.36,1048.0,84.0
9441,142.9,7.00,22.80,0.1596,6.27,1048.0,84.0
9448,142.9,7.00,22.80,0.1596,6.27,1048.0,84.0
9455,142.9,7.00,22.80,0.1596,6.27,1048.0,84.0
9461,147.1,6.80,22.80,0.1550,6.45,1048.0,84.0
9468,142.9,7.00,22.80,0.1596,6.27,1048.0,84.0
9475,144.9,6.90,22.80,0.1573,6.36,1048.0,84.0
9482,142.9,7.00,22.80,0.1596,6.27,1048.0,84.0
9489,142.9,7.00,22.80,0.1596,6.27,1048.0,84.0
9496,144.9,6.90,22.80,0.1573,6.36,1048.0,84.0
9503,142.9,7.00,22.79,0.1596,6.27,1048.0,84.0
9510,144.9,6.90,22.79,0.1573,6.36,1048.0,84.0
9517,144.9,6.90,22.79,0.1573,6.36,1048.0,84.0
9524,144.9,6.90,22.79,0.1573,6.36,1048.0,84.0
9531,142.9,7.00,22.79,0.1595,6.27,1048.0,84.0
9538,142.9,7.00,22.79,0.1595,6.27,1048.0,84.0
9545,144.9,6.90,22.79,0.1573,6.36,1048.0,84.0
9552,144.9,6.90,22.79,0.1573,6.36,1048.0,84.0
9559,142.9,7.00,22.79,0.1595,6.27,1048.0,84.0
9566,144.9,6.90,22.79,0.1572,6.36,1048.0,84.0
9573,142.9,7.00,22.79,0.1595,6.27,1048.0,84.0
9579,144.9,6.90,22.79,0.1572,6.36,1048.0,84.0
9586,144.9,6.90,22.79,0.1572,6.36,1048.0,84.0
9593,142.9,7.00,22.79,0.1595,6.27,1048.0,84.0
9600,144.9,6.90,22.79,0.1572,6.36,1048.0,84.0
9607,142.9,7.00,22.79,0.1595,6.27,1048.0,84.0
9614,144.9,6.90,22.79,0.1572,6.36,1048.0,84.0
9621,142.9,7.00,22.79,0.1595,6.27,1048.0,84.0
9628,144.9,6.90,22.78,0.1572,6.36,1048.0,84.0
9635,144.9,6.90,22.78,0.1572,6.36,1048.0,84.0
9642,142.9,7.00,22.78,0.1595,6.27,1048.0,84.0
9649,144.9,6.90,22.78,0.1572,6.36,1048.0,84.0
9656,144.9,6.90,22.78,0.1572,6.36,1048.0,84.0
9663,142.9,7.00,22.78,0.1595,6.27,1048.0,84.0
9670,144.9,6.90,22.78,0.1572,6.36,1048.0,84.0
9677,142.9,7.00,22.78,0.1595,6.27,1048.0,84.0
9684,144.9,6.90,22.78,0.1572,6.36,1048.0,84.0
9691,142.9,7.00,22.78,0.1595,6.27,1048.0,84.0
9698,142.9,7.00,22.78,0.1595,6.27,1048.0,84.0
9705,142.9,7.00,22.78,0.1594,6.27,1048.0,84.0
9711,144.9,6.90,22.78,0.1572,6.36,1048.0,84.0
9718,144.9,6.90,22.78,0.1572,6.36,1048.0,84.0
9725,142.9,7.00,22.78,0.1594,6.27,1048.0,84.0
9732,144.9,6.90,22.78,0.1572,6.36,1048.0,84.0
9739,144.9,6.90,22.78,0.1572,6.36,1048.0,84.0
9746,142.9,7.00,22.78,0.1594,6.27,1048.0,84.0
9753,144.9,6.90,22.77,0.1571,6.36,1048.0,84.0
9760,144.9,6.90,22.77,0.1571,6.36,1048.0,84.0
9767,140.8,7.10,22.77,0.1617,6.18,1048.0,84.0
9774,144.9,6.90,22.77,0.1571,6.36,1048.0,84.0
9781,144.9,6.90,22.77,0.1571,6.36,1048.0,84.0
9788,142.9,7.00,22.77,0.1594,6.28,1048.0,84.0
9795,144.9,6.90,22.77,0.1571,6.36,1048.0,84.0
9802,142.9,7.00,22.77,0.1594,6.28,1048.0,84.0
9809,144.9,6.90,22.77,0.1571,6.36,1048.0,84.0
9816,142.9,7.00,22.77,0.1594,6.28,1048.0,84.0
9823,144.9,6.90,22.77,0.1571,6.36,1048.0,84.0
9830,142.9,7.00,22.77,0.1594,6.28,1048.0,84.0
9836,144.9,6.90,22.77,0.1571,6.36,1048.0,84.0
9843,144.9,6.90,22.77,0.1571,6.36,1048.0,84.0
9850,147.1,6.80,22.77,0.1548,6.46,1048.0,84.0
9857,140.8,7.10,22.77,0.1616,6.18,1048.0,84.0
9864,142.9,7.00,22.77,0.1594,6.28,1048.0,84.0
9871,144.9,6.90,22.77,0.1571,6.37,1048.0,84.0
9878,142.9,7.00,22.76,0.1594,6.28,1048.0,84.0
9885,144.9,6.90,22.76,0.1571,6.37,1048.0,84.0
9892,144.9,6.90,22.76,0.1571,6.37,1048.0,84.0
9899,142.9,7.00,22.76,0.1593,6.28,1048.0,84.0
9906,144.9,6.90,22.76,0.1571,6.37,1048.0,84.0
9913,142.9,7.00,22.76,0.1593,6.28,1048.0,84.0
9920,144.9,6.90,22.76,0.1571,6.37,1048.0,84.0
9927,144.9,6.90,22.76,0.1570,6.37,1048.0,84.0
9934,142.9,7.00,22.76,0.1593,6.28,1048.0,84.0
9941,142.9,7.00,22.76,0.1593,6.28,1048.0,84.0
9948,144.9,6.90,22.76,0.1570,6.37,1048.0,84.0
9954,144.9,6.90,22.76,0.1570,6.37,1048.0,84.0
9961,144.9,6.90,22.76,0.1570,6.37,1048.0,84.0
9968,142.9,7.00,22.76,0.1593,6.28,1048.0,84.0
9975,144.9,6.90,22.76,0.1570,6.37,1048.0,84.0
9982,144.9,6.90,22.76,0.1570,6.37,1048.0,84.0
9989,140.8,7.10,22.76,0.1616,6.19,1048.0,84.0
9996,144.9,6.90,22.76,0.1570,6.37,1048.0,84.0
10003,142.9,7.00,22.75,0.1593,6.28,1048.0,84.0
10010,147.1,6.80,22.75,0.1547,6.46,1048.0,84.0
10017,140.8,7.10,22.75,0.1615,6.19,1048.0,84.0
10024,147.1,6.80,22.75,0.1547,6.47,1048.0,84.0
10031,142.9,7.00,22.75,0.1593,6.28,1048.0,84.0
10038,144.9,6.90,22.75,0.1570,6.37,1048.0,84.0
10045,142.9,7.00,22.75,0.1593,6.28,1048.0,84.0
10052,147.1,6.80,22.75,0.1547,6.47,1048.0,84.0
10059,140.8,7.10,22.75,0.1615,6.19,1048.0,84.0
10066,142.9,7.00,22.75,0.1592,6.28,1048.0,84.0
10073,144.9,6.90,22.75,0.1570,6.37,1048.0,84.0
10079,144.9,6.90,22.75,0.1570,6.37,1048.0,84.0
10086,142.9,7.00,22.75,0.1592,6.28,1048.0,84.0
10093,142.9,7.00,22.75,0.1592,6.28,1048.0,84.0
10100,144.9,6.90,22.75,0.1570,6.37,1048.0,84.0
10107,147.1,6.80,22.75,0.1547,6.47,1048.0,84.0
10114,142.9,7.00,22.75,0.1592,6.28,1048.0,84.0
10121,142.9,7.00,22.75,0.1592,6.28,1048.0,84.0
10128,144.9,6.90,22.74,0.1569,6.37,1048.0,84.0
10135,142.9,7.00,22.74,0.1592,6.28,1048.0,84.0
10142,144.9,6.90,22.74,0.1569,6.37,1048.0,84.0
10149,142.9,7.00,22.74,0.1592,6.28,1048.0,84.0
10156,144.9,6.90,22.74,0.1569,6.37,1048.0,84.0
10163,142.9,7.00,22.74,0.1592,6.28,1048.0,84.0
10170,144.9,6.90,22.74,0.1569,6.37,1048.0,84.0
10177,144.9,6.90,22.74,0.1569,6.37,1048.0,84.0
10184,142.9,7.00,22.74,0.1592,6.28,1048.0,84.0
10191,142.9,7.00,22.74,0.1592,6.28,1048.0,84.0
10198,144.9,6.90,22.74,0.1569,6.37,1048.0,84.0
10204,144.9,6.90,22.74,0.1569,6.37,1048.0,84.0
10211,144.9,6.90,22.74,0.1569,6.37,1048.0,84.0
10218,142.9,7.00,22.73,0.1591,6.29,1048.0,84.0
10225,142.9,7.00,22.73,0.1591,6.29,1048.0,84.0
10232,144.9,6.90,22.73,0.1568,6.37,1048.0,84.0
10239,144.9,6.90,22.73,0.1568,6.37,1048.0,84.0
10246,142.9,7.00,22.73,0.1591,6.29,1048.0,84.0
10253,142.9,7.00,22.73,0.1591,6.29,1048.0,84.0
10260,147.1,6.80,22.73,0.1545,6.47,1048.0,84.0
10267,142.9,7.00,22.73,0.1591,6.29,1048.0,84.0
10274,144.9,6.90,22.72,0.1568,6.38,1048.0,84.0
10281,142.9,7.00,22.72,0.1591,6.29,1048.0,84.0
10288,144.9,6.90,22.72,0.1568,6.38,1048.0,84.0
10295,142.9,7.00,22.72,0.1590,6.29,1048.0,84.0
10302,144.9,6.90,22.72,0.1568,6.38,1048.0,84.0
10309,142.9,7.00,22.72,0.1590,6.29,1048.0,84.0
10315,147.1,6.80,22.72,0.1545,6.48,1048.0,84.0
10322,142.9,7.00,22.72,0.1590,6.29,1048.0,84.0
10329,142.9,7.00,22.72,0.1590,6.29,1048.0,84.0
10336,144.9,6.90,22.71,0.1567,6.38,1048.0,84.0
10343,144.9,6.90,22.71,0.1567,6.38,1048.0,84.0
10350,142.9,7.00,22.71,0.1590,6.29,1048.0,84.0
10357,142.9,7.00,22.71,0.1590,6.29,1048.0,84.0
10364,144.9,6.90,22.71,0.1567,6.38,1048.0,84.0
10371,144.9,6.90,22.71,0.1567,6.38,1048.0,84.0
10378,142.9,7.00,22.71,0.1589,6.29,1048.0,84.0
10385,144.9,6.90,22.71,0.1567,6.38,1048.0,84.0
10392,142.9,7.00,22.70,0.1589,6.29,1048.0,84.0
10399,144.9,6.90,22.70,0.1567,6.38,1048.0,84.0
10406,142.9,7.00,22.70,0.1589,6.29,1048.0,84.0
10413,144.9,6.90,22.70,0.1566,6.38,1048.0,84.0
10420,144.9,6.90,22.70,0.1566,6.38,1048.0,84.0
10427,142.9,7.00,22.70,0.1589,6.30,1048.0,84.0
10434,142.9,7.00,22.70,0.1589,6.30,1048.0,84.0
10441,144.9,6.90,22.70,0.1566,6.38,1048.0,84.0
10448,142.9,7.00,22.70,0.1589,6.30,1048.0,84.0
10454,144.9,6.90,22.69,0.1566,6.38,1048.0,84.0
10461,144.9,6.90,22.69,0.1566,6.39,1048.0,84.0
10468,142.9,7.00,22.69,0.1588,6.30,1048.0,84.0
10475,142.9,7.00,22.69,0.1588,6.30,1048.0,84.0
10482,144.9,6.90,22.69,0.1566,6.39,1048.0,84.0
10489,144.9,6.90,22.69,0.1565,6.39,1048.0,84.0
10496,144.9,6.90,22.69,0.1565,6.39,1048.0,84.0
10503,142.9,7.00,22.69,0.1588,6.30,1048.0,84.0
10510,144.9,6.90,22.68,0.1565,6.39,1048.0,84.0
10517,144.9,6.90,22.68,0.1565,6.39,1048.0,84.0
10524,142.9,7.00,22.68,0.1588,6.30,1048.0,84.0
10531,144.9,6.90,22.68,0.1565,6.39,1048.0,84.0
10538,140.8,7.10,22.68,0.1610,6.21,1048.0,84.0
10545,144.9,6.90,22.68,0.1565,6.39,1048.0,84.0
10552,144.9,6.90,22.68,0.1565,6.39,1048.0,84.0
10559,142.9,7.00,22.68,0.1587,6.30,1048.0,84.0
10565,147.1,6.80,22.68,0.1542,6.49,1048.0,84.0
10572,142.9,7.00,22.67,0.1587,6.30,1048.0,84.0
10579,142.9,7.00,22.67,0.1587,6.30,1048.0,84.0
10586,144.9,6.90,22.67,0.1564,6.39,1048.0,84.0
10593,144.9,6.90,22.67,0.1564,6.39,1048.0,84.0
10600,142.9,7.00,22.67,0.1587,6.30,1048.0,84.0
10607,144.9,6.90,22.67,0.1564,6.39,1048.0,84.0
10614,142.9,7.00,22.67,0.1587,6.30,1048.0,84.0
10621,147.1,6.80,22.67,0.1541,6.49,1048.0,84.0
10628,140.8,7.10,22.66,0.1609,6.21,1048.0,84.0
10635,144.9,6.90,22.66,0.1564,6.39,1048.0,84.0
10642,142.9,7.00,22.66,0.1586,6.31,1048.0,84.0
10649,144.9,6.90,22.66,0.1564,6.39,1048.0,84.0
10656,142.9,7.00,22.66,0.1586,6.31,1048.0,84.0
10663,142.9,7.00,22.66,0.1586,6.31,1048.0,84.0
10670,144.9,6.90,22.66,0.1563,6.40,1048.0,84.0
10677,144.9,6.90,22.66,0.1563,6.40,1048.0,84.0
10684,144.9,6.90,22.66,0.1563,6.40,1048.0,84.0
10691,142.9,7.00,22.65,0.1586,6.31,1048.0,84.0
10697,144.9,6.90,22.65,0.1563,6.40,1048.0,84.0
10704,142.9,7.00,22.65,0.1586,6.31,1048.0,84.0
10711,144.9,6.90,22.65,0.1563,6.40,1048.0,84.0
10718,142.9,7.00,22.65,0.1585,6.31,1048.0,84.0
10725,144.9,6.90,22.65,0.1563,6.40,1048.0,84.0
10732,142.9,7.00,22.65,0.1585,6.31,1048.0,84.0
10739,142.9,7.00,22.65,0.1585,6.31,1048.0,84.0
10746,144.9,6.90,22.64,0.1562,6.40,1048.0,84.0
10753,144.9,6.90,22.64,0.1562,6.40,1048.0,84.0
10760,144.9,6.90,22.64,0.1562,6.40,1048.0,84.0
10767,142.9,7.00,22.64,0.1585,6.31,1048.0,84.0
10774,144.9,6.90,22.64,0.1562,6.40,1048.0,84.0
10781,144.9,6.90,22.64,0.1562,6.40,1048.0,84.0
10788,142.9,7.00,22.64,0.1585,6.31,1048.0,84.0
10795,142.9,7.00,22.64,0.1585,6.31,1048.0,84.0
10802,144.9,6.90,22.63,0.1562,6.40,1048.0,84.0
10809,142.9,7.00,22.63,0.1584,6.31,1048.0,84.0
10816,144.9,6.90,22.63,0.1562,6.40,1048.0,84.0
10823,142.9,7.00,22.63,0.1584,6.31,1048.0,84.0
10829,144.9,6.90,22.63,0.1561,6.40,1048.0,84.0
10836,142.9,7.00,22.63,0.1584,6.31,1048.0,84.0
10843,144.9,6.90,22.63,0.1561,6.40,1048.0,84.0
10850,144.9,6.90,22.63,0.1561,6.40,1048.0,84.0
10857,144.9,6.90,22.63,0.1561,6.40,1048.0,84.0
10864,142.9,7.00,22.62,0.1584,6.32,1048.0,84.0
10871,142.9,7.00,22.62,0.1584,6.32,1048.0,84.0
10878,144.9,6.90,22.62,0.1561,6.41,1048.0,84.0
10885,144.9,6.90,22.62,0.1561,6.41,1048.0,84.0
10892,144.9,6.90,22.62,0.1561,6.41,1048.0,84.0
10899,140.8,7.10,22.62,0.1606,6.23,1048.0,84.0
10906,144.9,6.90,22.62,0.1561,6.41,1048.0,84.0
10913,144.9,6.90,22.62,0.1561,6.41,1048.0,84.0
10920,144.9,6.90,22.61,0.1560,6.41,1048.0,84.0
10927,142.9,7.00,22.61,0.1583,6.32,1048.0,84.0
10934,144.9,6.90,22.61,0.1560,6.41,1048.0,84.0
10941,142.9,7.00,22.61,0.1583,6.32,1048.0,84.0
10948,142.9,7.00,22.61,0.1583,6.32,1048.0,84.0
10954,144.9,6.90,22.61,0.1560,6.41,1048.0,84.0
10961,144.9,6.90,22.61,0.1560,6.41,1048.0,84.0
10968,142.9,7.00,22.61,0.1582,6.32,1048.0,84.0
10975,144.9,6.90,22.61,0.1560,6.41,1048.0,84.0
10982,144.9,6.90,22.60,0.1560,6.41,1048.0,84.0
10989,142.9,7.00,22.60,0.1582,6.32,1048.0,84.0
10996,142.9,7.00,22.60,0.1582,6.32,1048.0,84.0
11003,144.9,6.90,22.60,0.1559,6.41,1048.0,84.0
11010,142.9,7.00,22.60,0.1582,6.32,1048.0,84.0
11017,144.9,6.90,22.60,0.1559,6.41,1048.0,84.0
11024,142.9,7.00,22.60,0.1582,6.32,1048.0,84.0
11031,144.9,6.90,22.60,0.1559,6.41,1048.0,84.0
11038,144.9,6.90,22.59,0.1559,6.41,1048.0,84.0
11045,142.9,7.00,22.59,0.1582,6.32,1048.0,84.0
11052,144.9,6.90,22.59,0.1559,6.41,1048.0,84.0
11059,142.9,7.00,22.59,0.1581,6.33,1048.0,84.0
11066,142.9,7.00,22.59,0.1581,6.33,1048.0,84.0
11073,144.9,6.90,22.59,0.1559,6.41,1048.0,84.0
11079,144.9,6.90,22.59,0.1559,6.41,1048.0,84.0
11086,144.9,6.90,22.59,0.1558,6.42,1048.0,84.0
11093,144.9,6.90,22.59,0.1558,6.42,1048.0,84.0
11100,140.8,7.10,22.58,0.1603,6.23,1048.0,84.0
11107,147.1,6.80,22.58,0.1536,6.51,1048.0,84.0
11114,140.8,7.10,22.58,0.1603,6.24,1048.0,84.0
11121,144.9,6.90,22.58,0.1558,6.42,1048.0,84.0
11128,144.9,6.90,22.58,0.1558,6.42,1048.0,84.0
11135,144.9,6.90,22.58,0.1558,6.42,1048.0,84.0
11142,142.9,7.00,22.58,0.1580,6.33,1048.0,84.0
11149,142.9,7.00,22.58,0.1580,6.33,1048.0,84.0
11156,144.9,6.90,22.57,0.1558,6.42,1048.0,84.0
11163,144.9,6.90,22.57,0.1558,6.42,1048.0,84.0
11170,144.9,6.90,22.57,0.1557,6.42,1048.0,84.0
11177,142.9,7.00,22.57,0.1580,6.33,1048.0,84.0
11184,144.9,6.90,22.57,0.1557,6.42,1048.0,84.0
11191,142.9,7.00,22.57,0.1580,6.33,1048.0,84.0
11197,144.9,6.90,22.57,0.1557,6.42,1048.0,84.0
11204,144.9,6.90,22.57,0.1557,6.42,1048.0,84.0
11211,142.9,7.00,22.56,0.1579,6.33,1048.0,84.0
11218,142.9,7.00,22.56,0.1579,6.33,1048.0,84.0
11225,144.9,6.90,22.56,0.1557,6.42,1048.0,84.0
11232,144.9,6.90,22.56,0.1557,6.42,1048.0,84.0
11239,142.9,7.00,22.56,0.1579,6.34,1048.0,84.0
11246,144.9,6.90,22.55,0.1556,6.42,1048.0,84.0
11253,144.9,6.90,22.55,0.1556,6.42,1048.0,84.0
11260,144.9,6.90,22.55,0.1556,6.43,1048.0,84.0
11267,142.9,7.00,22.55,0.1578,6.34,1048.0,84.0
11274,142.9,7.00,22.55,0.1578,6.34,1048.0,84.0
11281,144.9,6.90,22.55,0.1556,6.43,1048.0,84.0
11288,144.9,6.90,22.54,0.1556,6.43,1048.0,84.0
11295,142.9,7.00,22.54,0.1578,6.34,1048.0,84.0
11302,142.9,7.00,22.54,0.1578,6.34,1048.0,84.0
11309,142.9,7.00,22.54,0.1578,6.34,1048.0,84.0
11316,142.9,7.00,22.54,0.1578,6.34,1048.0,84.0
11323,144.9,6.90,22.54,0.1555,6.43,1048.0,84.0
11329,144.9,6.90,22.53,0.1555,6.43,1048.0,84.0
11336,144.9,6.90,22.53,0.1555,6.43,1048.0,84.0
11343,144.9,6.90,22.53,0.1555,6.43,1048.0,84.0
11350,142.9,7.00,22.53,0.1577,6.34,1048.0,84.0
11357,144.9,6.90,22.53,0.1554,6.43,1048.0,84.0
11364,142.9,7.00,22.52,0.1577,6.34,1048.0,84.0
11371,142.9,7.00,22.52,0.1577,6.34,1048.0,84.0
11378,144.9,6.90,22.52,0.1554,6.43,1048.0,84.0
11385,144.9,6.90,22.52,0.1554,6.43,1048.0,84.0
11392,142.9,7.00,22.52,0.1576,6.35,1048.0,84.0
11399,142.9,7.00,22.52,0.1576,6.35,1048.0,84.0
11406,147.1,6.80,22.51,0.1531,6.53,1048.0,84.0
11413,142.9,7.00,22.51,0.1576,6.35,1048.0,84.0
11420,142.9,7.00,22.51,0.1576,6.35,1048.0,84.0
11427,144.9,6.90,22.51,0.1553,6.44,1048.0,84.0
11433,147.1,6.80,22.51,0.1531,6.54,1048.0,84.0
11441,140.8,7.10,22.51,0.1598,6.26,1048.0,84.0
11448,142.9,7.00,22.50,0.1575,6.35,1048.0,84.0
11454,144.9,6.90,22.50,0.1553,6.44,1048.0,84.0
11461,144.9,6.90,22.50,0.1553,6.44,1048.0,84.0
11468,142.9,7.00,22.50,0.1575,6.35,1048.0,84.0
11475,144.9,6.90,22.50,0.1552,6.44,1048.0,84.0
11482,144.9,6.90,22.50,0.1552,6.44,1048.0,84.0
11489,142.9,7.00,22.49,0.1575,6.35,1048.0,84.0
11496,144.9,6.90,22.49,0.1552,6.44,1048.0,84.0
11503,142.9,7.00,22.49,0.1574,6.35,1048.0,84.0
11510,142.9,7.00,22.49,0.1574,6.35,1048.0,84.0
11517,144.9,6.90,22.49,0.1552,6.44,1048.0,84.0
11524,144.9,6.90,22.49,0.1551,6.44,1048.0,84.0
11531,142.9,7.00,22.48,0.1574,6.36,1048.0,84.0
11538,144.9,6.90,22.48,0.1551,6.45,1048.0,84.0
11545,142.9,7.00,22.48,0.1574,6.36,1048.0,84.0
11552,144.9,6.90,22.48,0.1551,6.45,1048.0,84.0
11559,142.9,7.00,22.48,0.1573,6.36,1048.0,84.0
11566,144.9,6.90,22.47,0.1551,6.45,1048.0,84.0
11572,147.1,6.80,22.47,0.1528,6.55,1048.0,84.0
11579,142.9,7.00,22.47,0.1573,6.36,1048.0,84.0
11586,142.9,7.00,22.47,0.1573,6.36,1048.0,84.0
11593,144.9,6.90,22.47,0.1550,6.45,1048.0,84.0
11600,142.9,7.00,22.47,0.1573,6.36,1048.0,84.0
11607,144.9,6.90,22.46,0.1550,6.45,1048.0,84.0
11614,142.9,7.00,22.46,0.1572,6.36,1048.0,84.0
11621,144.9,6.90,22.46,0.1550,6.45,1048.0,84.0
11628,142.9,7.00,22.46,0.1572,6.36,1048.0,84.0
11635,144.9,6.90,22.46,0.1550,6.45,1048.0,84.0
11642,142.9,7.00,22.46,0.1572,6.36,1048.0,84.0
11649,144.9,6.90,22.45,0.1549,6.45,1048.0,84.0
11656,142.9,7.00,22.45,0.1572,6.36,1048.0,84.0
11663,147.1,6.80,22.45,0.1527,6.55,1048.0,84.0
11670,142.9,7.00,22.45,0.1571,6.37,1048.0,84.0
11677,142.9,7.00,22.45,0.1571,6.37,1048.0,84.0
11684,144.9,6.90,22.45,0.1549,6.46,1048.0,84.0
11691,142.9,7.00,22.44,0.1571,6.37,1048.0,84.0
11698,142.9,7.00,22.44,0.1571,6.37,1048.0,84.0
11704,144.9,6.90,22.44,0.1548,6.46,1048.0,84.0
11711,144.9,6.90,22.44,0.1548,6.46,1048.0,84.0
11718,144.9,6.90,22.44,0.1548,6.46,1048.0,84.0
11725,142.9,7.00,22.43,0.1570,6.37,1048.0,84.0
11732,144.9,6.90,22.43,0.1548,6.46,1048.0,84.0
11739,142.9,7.00,22.43,0.1570,6.37,1048.0,84.0
11746,144.9,6.90,22.43,0.1548,6.46,1048.0,84.0
11753,142.9,7.00,22.43,0.1570,6.37,1048.0,84.0
11760,142.9,7.00,22.43,0.1570,6.37,1048.0,84.0
11767,144.9,6.90,22.42,0.1547,6.46,1048.0,84.0
11774,144.9,6.90,22.42,0.1547,6.46,1048.0,84.0
11781,144.9,6.90,22.42,0.1547,6.46,1048.0,84.0
11788,140.8,7.10,22.42,0.1592,6.28,1048.0,84.0
11795,144.9,6.90,22.42,0.1547,6.46,1048.0,84.0
11802,144.9,6.90,22.42,0.1547,6.46,1048.0,84.0
11809,142.9,7.00,22.41,0.1569,6.38,1048.0,84.0
11815,147.1,6.80,22.41,0.1524,6.56,1048.0,84.0
11822,142.9,7.00,22.41,0.1569,6.38,1048.0,84.0
11829,142.9,7.00,22.41,0.1569,6.38,1048.0,84.0
11836,144.9,6.90,22.41,0.1546,6.47,1048.0,84.0
11843,142.9,7.00,22.41,0.1568,6.38,1048.0,84.0
11850,144.9,6.90,22.40,0.1546,6.47,1048.0,84.0
11857,142.9,7.00,22.40,0.1568,6.38,1048.0,84.0
11864,144.9,6.90,22.40,0.1546,6.47,1048.0,84.0
11871,142.9,7.00,22.40,0.1568,6.38,1048.0,84.0
11878,144.9,6.90,22.40,0.1545,6.47,1048.0,84.0
11885,144.9,6.90,22.39,0.1545,6.47,1048.0,84.0
11892,142.9,7.00,22.39,0.1568,6.38,1048.0,84.0
11899,142.9,7.00,22.39,0.1567,6.38,1048.0,84.0
11906,144.9,6.90,22.39,0.1545,6.47,1048.0,84.0
11913,142.9,7.00,22.39,0.1567,6.38,1048.0,84.0
11920,147.1,6.80,22.39,0.1522,6.57,1048.0,84.0
11927,142.9,7.00,22.38,0.1567,6.38,1048.0,84.0
11934,144.9,6.90,22.38,0.1544,6.47,1048.0,84.0
11941,142.9,7.00,22.38,0.1567,6.38,1048.0,84.0
11948,142.9,7.00,22.38,0.1567,6.39,1048.0,84.0
11954,144.9,6.90,22.38,0.1544,6.48,1048.0,84.0
11961,147.1,6.80,22.38,0.1522,6.57,1048.0,84.0
11968,142.9,7.00,22.37,0.1566,6.39,1048.0,84.0
11975,142.9,7.00,22.37,0.1566,6.39,1048.0,84.0
11982,144.9,6.90,22.37,0.1544,6.48,1048.0,84.0
11989,142.9,7.00,22.37,0.1566,6.39,1048.0,84.0
11996,142.9,7.00,22.37,0.1566,6.39,1048.0,84.0
12003,144.9,6.90,22.37,0.1543,6.48,1048.0,84.0
12010,144.9,6.90,22.36,0.1543,6.48,1048.0,84.0
12017,142.9,7.00,22.36,0.1565,6.39,1048.0,84.0
12024,144.9,6.90,22.36,0.1543,6.48,1048.0,84.0
12031,142.9,7.00,22.36,0.1565,6.39,1048.0,84.0
12038,144.9,6.90,22.36,0.1543,6.48,1048.0,84.0
12045,142.9,7.00,22.35,0.1565,6.39,1048.0,84.0
12052,144.9,6.90,22.35,0.1542,6.48,1048.0,84.0
12059,144.9,6.90,22.35,0.1542,6.48,1048.0,84.0
12066,142.9,7.00,22.35,0.1564,6.39,1048.0,84.0
12072,144.9,6.90,22.35,0.1542,6.48,1048.0,84.0
12079,142.9,7.00,22.35,0.1564,6.39,1048.0,84.0
12086,144.9,6.90,22.34,0.1542,6.48,1048.0,84.0
12093,144.9,6.90,22.34,0.1542,6.49,1048.0,84.0
12100,142.9,7.00,22.34,0.1564,6.40,1048.0,84.0
12107,142.9,7.00,22.34,0.1564,6.40,1048.0,84.0
12114,144.9,6.90,22.34,0.1541,6.49,1048.0,84.0
12121,144.9,6.90,22.34,0.1541,6.49,1048.0,84.0
12128,142.9,7.00,22.33,0.1563,6.40,1048.0,84.0
12135,144.9,6.90,22.33,0.1541,6.49,1048.0,84.0
12142,142.9,7.00,22.33,0.1563,6.40,1048.0,84.0
12149,144.9,6.90,22.33,0.1541,6.49,1048.0,84.0
12156,142.9,7.00,22.33,0.1563,6.40,1048.0,84.0
12163,144.9,6.90,22.33,0.1540,6.49,1048.0,84.0
12170,144.9,6.90,22.32,0.1540,6.49,1048.0,84.0
12177,142.9,7.00,22.32,0.1563,6.40,1048.0,84.0
12184,142.9,7.00,22.32,0.1562,6.40,1048.0,84.0
12191,144.9,6.90,22.32,0.1540,6.49,1048.0,84.0
12197,144.9,6.90,22.32,0.1540,6.49,1048.0,84.0
12204,144.9,6.90,22.32,0.1540,6.49,1048.0,84.0
12211,142.9,7.00,22.32,0.1562,6.40,1048.0,84.0
12218,144.9,6.90,22.32,0.1540,6.49,1048.0,84.0
12225,144.9,6.90,22.32,0.1540,6.49,1048.0,84.0
12232,140.8,7.10,22.31,0.1584,6.31,1048.0,84.0
12239,147.1,6.80,22.31,0.1517,6.59,1048.0,84.0
12246,142.9,7.00,22.31,0.1562,6.40,1048.0,84.0
12253,142.9,7.00,22.31,0.1562,6.40,1048.0,84.0
12260,144.9,6.90,22.31,0.1539,6.49,1048.0,84.0
12267,144.9,6.90,22.31,0.1539,6.49,1048.0,84.0
12274,142.9,7.00,22.31,0.1562,6.41,1048.0,84.0
12281,144.9,6.90,22.31,0.1539,6.50,1048.0,84.0
12288,142.9,7.00,22.31,0.1562,6.41,1048.0,84.0
12295,144.9,6.90,22.31,0.1539,6.50,1048.0,84.0
12302,142.9,7.00,22.31,0.1561,6.41,1048.0,84.0
12309,142.9,7.00,22.30,0.1561,6.41,1048.0,84.0
12315,147.1,6.80,22.30,0.1517,6.60,1048.0,84.0
12323,140.8,7.10,22.30,0.1584,6.31,1048.0,84.0
12329,147.1,6.80,22.30,0.1517,6.60,1048.0,84.0
12336,142.9,7.00,22.30,0.1561,6.41,1048.0,84.0
12343,142.9,7.00,22.30,0.1561,6.41,1048.0,84.0
12350,144.9,6.90,22.30,0.1539,6.50,1048.0,84.0
12357,142.9,7.00,22.30,0.1561,6.41,1048.0,84.0
12364,144.9,6.90,22.30,0.1539,6.50,1048.0,84.0
12371,142.9,7.00,22.30,0.1561,6.41,1048.0,84.0
12378,144.9,6.90,22.30,0.1538,6.50,1048.0,84.0
12385,147.1,6.80,22.30,0.1516,6.60,1048.0,84.0
12392,142.9,7.00,22.30,0.1561,6.41,1048.0,84.0
12399,142.9,7.00,22.29,0.1561,6.41,1048.0,84.0
12406,144.9,6.90,22.29,0.1538,6.50,1048.0,84.0
12413,142.9,7.00,22.29,0.1560,6.41,1048.0,84.0
12420,144.9,6.90,22.29,0.1538,6.50,1048.0,84.0
12427,144.9,6.90,22.29,0.1538,6.50,1048.0,84.0
12434,142.9,7.00,22.29,0.1560,6.41,1048.0,84.0
12441,142.9,7.00,22.29,0.1560,6.41,1048.0,84.0
12447,144.9,6.90,22.29,0.1538,6.50,1048.0,84.0
12454,142.9,7.00,22.29,0.1560,6.41,1048.0,84.0
12461,144.9,6.90,22.29,0.1538,6.50,1048.0,84.0
12468,142.9,7.00,22.29,0.1560,6.41,1048.0,84.0
12475,147.1,6.80,22.29,0.1515,6.60,1048.0,84.0
12482,142.9,7.00,22.28,0.1560,6.41,1048.0,84.0
12489,142.9,7.00,22.28,0.1560,6.41,1048.0,84.0
12496,144.9,6.90,22.28,0.1537,6.50,1048.0,84.0
12503,142.9,7.00,22.28,0.1560,6.41,1048.0,84.0
12510,144.9,6.90,22.28,0.1537,6.50,1048.0,84.0
12517,144.9,6.90,22.28,0.1537,6.50,1048.0,84.0
12524,144.9,6.90,22.28,0.1537,6.50,1048.0,84.0
12531,142.9,7.00,22.28,0.1559,6.41,1048.0,84.0
12538,142.9,7.00,22.28,0.1559,6.41,1048.0,84.0
12545,144.9,6.90,22.28,0.1537,6.50,1048.0,84.0
12552,144.9,6.90,22.28,0.1537,6.50,1048.0,84.0
12559,142.9,7.00,22.27,0.1559,6.42,1048.0,84.0
12566,142.9,7.00,22.27,0.1559,6.42,1048.0,84.0
12572,144.9,6.90,22.27,0.1537,6.51,1048.0,84.0
12579,144.9,6.90,22.27,0.1537,6.51,1048.0,84.0
12586,144.9,6.90,22.27,0.1537,6.51,1048.0,84.0
12593,142.9,7.00,22.27,0.1559,6.42,1048.0,84.0
12600,144.9,6.90,22.27,0.1537,6.51,1048.0,84.0
12607,142.9,7.00,22.27,0.1559,6.42,1048.0,84.0
12614,144.9,6.90,22.27,0.1537,6.51,1048.0,84.0
12621,142.9,7.00,22.27,0.1559,6.42,1048.0,84.0
12628,142.9,7.00,22.27,0.1559,6.42,1048.0,84.0
12635,147.1,6.80,22.27,0.1514,6.61,1048.0,84.0
12642,140.8,7.10,22.27,0.1581,6.32,1048.0,84.0
12649,144.9,6.90,22.26,0.1536,6.51,1048.0,84.0
12656,144.9,6.90,22.26,0.1536,6.51,1048.0,84.0
12663,144.9,6.90,22.26,0.1536,6.51,1048.0,84.0
12670,140.8,7.10,22.26,0.1581,6.32,1048.0,84.0
12677,144.9,6.90,22.26,0.1536,6.51,1048.0,84.0
12684,144.9,6.90,22.26,0.1536,6.51,1048.0,84.0
12691,142.9,7.00,22.26,0.1558,6.42,1048.0,84.0
12697,144.9,6.90,22.26,0.1536,6.51,1048.0,84.0
12704,142.9,7.00,22.26,0.1558,6.42,1048.0,84.0
12711,142.9,7.00,22.26,0.1558,6.42,1048.0,84.0
12718,147.1,6.80,22.26,0.1513,6.61,1048.0,84.0
12725,142.9,7.00,22.26,0.1558,6.42,1048.0,84.0
12732,144.9,6.90,22.25,0.1536,6.51,1048.0,84.0
12739,142.9,7.00,22.25,0.1558,6.42,1048.0,84.0
12746,144.9,6.90,22.25,0.1535,6.51,1048.0,84.0
12753,142.9,7.00,22.25,0.1558,6.42,1048.0,84.0
12760,144.9,6.90,22.25,0.1535,6.51,1048.0,84.0
12767,142.9,7.00,22.25,0.1558,6.42,1048.0,84.0
12774,144.9,6.90,22.25,0.1535,6.51,1048.0,84.0
12781,142.9,7.00,22.25,0.1557,6.42,1048.0,84.0
12788,144.9,6.90,22.25,0.1535,6.51,1048.0,84.0
12795,142.9,7.00,22.25,0.1557,6.42,1048.0,84.0
12802,144.9,6.90,22.25,0.1535,6.51,1048.0,84.0
12809,142.9,7.00,22.25,0.1557,6.42,1048.0,84.0
12815,147.1,6.80,22.24,0.1513,6.61,1048.0,84.0
12822,142.9,7.00,22.24,0.1557,6.42,1048.0,84.0
12829,144.9,6.90,22.24,0.1535,6.51,1048.0,84.0
12836,142.9,7.00,22.24,0.1557,6.42,1048.0,84.0
12843,142.9,7.00,22.24,0.1557,6.43,1048.0,84.0
12850,144.9,6.90,22.24,0.1535,6.52,1048.0,84.0
12857,144.9,6.90,22.24,0.1535,6.52,1048.0,84.0
12864,142.9,7.00,22.24,0.1557,6.43,1048.0,84.0
12871,144.9,6.90,22.24,0.1534,6.52,1048.0,84.0
12878,142.9,7.00,22.24,0.1557,6.43,1048.0,84.0
12885,144.9,6.90,22.24,0.1534,6.52,1048.0,84.0
12892,144.9,6.90,22.24,0.1534,6.52,1048.0,84.0
12899,142.9,7.00,22.23,0.1556,6.43,1048.0,84.0
12906,142.9,7.00,22.23,0.1556,6.43,1048.0,84.0
12913,144.9,6.90,22.23,0.1534,6.52,1048.0,84.0
12920,147.1,6.80,22.23,0.1512,6.62,1048.0,84.0
12927,140.8,7.10,22.23,0.1578,6.33,1048.0,84.0
12934,144.9,6.90,22.23,0.1534,6.52,1048.0,84.0
12941,142.9,7.00,22.23,0.1556,6.43,1048.0,84.0
12948,142.9,7.00,22.23,0.1556,6.43,1048.0,84.0
12955,142.9,7.00,22.23,0.1556,6.43,1048.0,84.0
12961,147.1,6.80,22.23,0.1511,6.62,1048.0,84.0
12968,140.8,7.10,22.23,0.1578,6.33,1048.0,84.0
12975,144.9,6.90,22.23,0.1534,6.52,1048.0,84.0
12982,144.9,6.90,22.22,0.1533,6.52,1048.0,84.0
12989,142.9,7.00,22.22,0.1556,6.43,1048.0,84.0
12996,144.9,6.90,22.22,0.1533,6.52,1048.0,84.0
13003,144.9,6.90,22.22,0.1533,6.52,1048.0,84.0
13010,144.9,6.90,22.22,0.1533,6.52,1048.0,84.0
13017,142.9,7.00,22.22,0.1555,6.43,1048.0,84.0
13024,144.9,6.90,22.22,0.1533,6.52,1048.0,84.0
13031,144.9,6.90,22.22,0.1533,6.52,1048.0,84.0
13038,142.9,7.00,22.22,0.1555,6.43,1048.0,84.0
13045,144.9,6.90,22.22,0.1533,6.52,1048.0,84.0
13052,142.9,7.00,22.22,0.1555,6.43,1048.0,84.0
13059,144.9,6.90,22.21,0.1533,6.52,1048.0,84.0
13066,142.9,7.00,22.21,0.1555,6.43,1048.0,84.0
13072,144.9,6.90,22.21,0.1533,6.52,1048.0,84.0
13079,142.9,7.00,22.21,0.1555,6.43,1048.0,84.0
13086,142.9,7.00,22.21,0.1555,6.43,1048.0,84.0
13093,144.9,6.90,22.21,0.1533,6.52,1048.0,84.0
13100,142.9,7.00,22.21,0.1555,6.43,1048.0,84.0
13107,144.9,6.90,22.21,0.1532,6.52,1048.0,84.0
13114,144.9,6.90,22.21,0.1532,6.52,1048.0,84.0
13121,144.9,6.90,22.21,0.1532,6.52,1048.0,84.0
13128,142.9,7.00,22.21,0.1554,6.43,1048.0,84.0
13135,144.9,6.90,22.21,0.1532,6.53,1048.0,84.0
13142,142.9,7.00,22.21,0.1554,6.44,1048.0,84.0
13149,144.9,6.90,22.20,0.1532,6.53,1048.0,84.0
13156,142.9,7.00,22.20,0.1554,6.44,1048.0,84.0
13163,142.9,7.00,22.20,0.1554,6.44,1048.0,84.0
13170,142.9,7.00,22.20,0.1554,6.44,1048.0,84.0
13177,144.9,6.90,22.20,0.1532,6.53,1048.0,84.0
13184,144.9,6.90,22.20,0.1532,6.53,1048.0,84.0
13190,147.1,6.80,22.20,0.1510,6.63,1048.0,84.0
13197,142.9,7.00,22.20,0.1554,6.44,1048.0,84.0
13204,144.9,6.90,22.20,0.1532,6.53,1048.0,84.0
13211,144.9,6.90,22.20,0.1532,6.53,1048.0,84.0
13218,142.9,7.00,22.20,0.1554,6.44,1048.0,84.0
13225,144.9,6.90,22.20,0.1532,6.53,1048.0,84.0
13232,144.9,6.90,22.20,0.1532,6.53,1048.0,84.0
13239,142.9,7.00,22.20,0.1554,6.44,1048.0,84.0
13246,142.9,7.00,22.20,0.1554,6.44,1048.0,84.0
13253,144.9,6.90,22.20,0.1532,6.53,1048.0,84.0
13260,142.9,7.00,22.20,0.1554,6.44,1048.0,84.0
13267,144.9,6.90,22.20,0.1532,6.53,1048.0,84.0
13274,144.9,6.90,22.20,0.1532,6.53,1048.0,84.0
13281,142.9,7.00,22.20,0.1554,6.44,1048.0,84.0
13288,144.9,6.90,22.20,0.1532,6.53,1048.0,84.0
13295,142.9,7.00,22.20,0.1554,6.44,1048.0,84.0
13302,142.9,7.00,22.20,0.1554,6.44,1048.0,84.0
13308,147.1,6.80,22.20,0.1510,6.63,1048.0,84.0
13315,142.9,7.00,22.20,0.1554,6.44,1048.0,84.0
13322,142.9,7.00,22.20,0.1554,6.44,1048.0,84.0
13329,144.9,6.90,22.20,0.1532,6.53,1048.0,84.0
13336,144.9,6.90,22.20,0.1532,6.53,1048.0,84.0
13343,142.9,7.00,22.20,0.1554,6.44,1048.0,84.0
13350,144.9,6.90,22.20,0.1532,6.53,1048.0,84.0
13357,142.9,7.00,22.20,0.1554,6.44,1048.0,84.0
13364,144.9,6.90,22.20,0.1532,6.53,1048.0,84.0
13371,142.9,7.00,22.20,0.1554,6.44,1048.0,84.0
13378,144.9,6.90,22.20,0.1532,6.53,1048.0,84.0
13385,144.9,6.90,22.20,0.1532,6.53,1048.0,84.0
13392,140.8,7.10,22.20,0.1576,6.34,1048.0,84.0
13399,144.9,6.90,22.20,0.1532,6.53,1048.0,84.0
13406,144.9,6.90,22.20,0.1532,6.53,1048.0,84.0
13413,142.9,7.00,22.20,0.1554,6.44,1048.0,84.0
13420,147.1,6.80,22.20,0.1510,6.62,1048.0,84.0
13427,142.9,7.00,22.20,0.1554,6.44,1048.0,84.0
13434,142.9,7.00,22.20,0.1554,6.44,1048.0,84.0
13441,142.9,7.00,22.21,0.1554,6.44,1048.0,84.0
13447,144.9,6.90,22.21,0.1532,6.53,1048.0,84.0
13454,144.9,6.90,22.21,0.1532,6.53,1048.0,84.0
13461,142.9,7.00,22.21,0.1554,6.44,1048.0,84.0
13468,144.9,6.90,22.21,0.1532,6.53,1048.0,84.0
13475,142.9,7.00,22.21,0.1554,6.44,1048.0,84.0
13482,144.9,6.90,22.21,0.1532,6.53,1048.0,84.0
13489,142.9,7.00,22.21,0.1554,6.44,1048.0,84.0
13496,144.9,6.90,22.21,0.1532,6.53,1048.0,84.0
13503,142.9,7.00,22.21,0.1554,6.44,1048.0,84.0
13510,144.9,6.90,22.21,0.1532,6.53,1048.0,84.0
13517,142.9,7.00,22.21,0.1554,6.44,1048.0,84.0
13524,144.9,6.90,22.21,0.1532,6.53,1048.0,84.0
13531,142.9,7.00,22.21,0.1554,6.43,1048.0,84.0
13538,144.9,6.90,22.21,0.1532,6.52,1048.0,84.0
13545,147.1,6.80,22.21,0.1510,6.62,1048.0,84.0
13552,140.8,7.10,22.21,0.1577,6.34,1048.0,84.0
13559,144.9,6.90,22.21,0.1532,6.52,1048.0,84.0
13566,142.9,7.00,22.21,0.1555,6.43,1048.0,84.0
13572,144.9,6.90,22.21,0.1532,6.52,1048.0,84.0
13579,144.9,6.90,22.21,0.1532,6.52,1048.0,84.0
13586,144.9,6.90,22.21,0.1532,6.52,1048.0,84.0
13593,142.9,7.00,22.21,0.1555,6.43,1048.0,84.0
13600,142.9,7.00,22.21,0.1555,6.43,1048.0,84.0
13607,144.9,6.90,22.21,0.1532,6.52,1048.0,84.0
13614,144.9,6.90,22.21,0.1532,6.52,1048.0,84.0
13621,144.9,6.90,22.21,0.1532,6.52,1048.0,84.0
13628,140.8,7.10,22.21,0.1577,6.34,1048.0,84.0
13635,144.9,6.90,22.21,0.1532,6.52,1048.0,84.0
13642,144.9,6.90,22.21,0.1532,6.52,1048.0,84.0
13649,142.9,7.00,22.21,0.1555,6.43,1048.0,84.0
13656,144.9,6.90,22.21,0.1532,6.52,1048.0,84.0
13663,144.9,6.90,22.21,0.1532,6.52,1048.0,84.0
13670,142.9,7.00,22.21,0.1555,6.43,1048.0,84.0
13677,144.9,6.90,22.21,0.1532,6.52,1048.0,84.0
13684,142.9,7.00,22.21,0.1555,6.43,1048.0,84.0
13690,144.9,6.90,22.21,0.1532,6.52,1048.0,84.0
13697,144.9,6.90,22.21,0.1533,6.52,1048.0,84.0
13704,142.9,7.00,22.21,0.1555,6.43,1048.0,84.0
13711,142.9,7.00,22.21,0.1555,6.43,1048.0,84.0
13718,142.9,7.00,22.21,0.1555,6.43,1048.0,84.0
13725,144.9,6.90,22.21,0.1533,6.52,1048.0,84.0
13732,144.9,6.90,22.21,0.1533,6.52,1048.0,84.0
13739,142.9,7.00,22.21,0.1555,6.43,1048.0,84.0
13746,147.1,6.80,22.21,0.1510,6.62,1048.0,84.0
13753,142.9,7.00,22.21,0.1555,6.43,1048.0,84.0
13760,142.9,7.00,22.21,0.1555,6.43,1048.0,84.0
13767,147.1,6.80,22.21,0.1510,6.62,1048.0,84.0
13774,140.8,7.10,22.21,0.1577,6.34,1048.0,84.0
13781,144.9,6.90,22.21,0.1533,6.52,1048.0,84.0
13788,142.9,7.00,22.21,0.1555,6.43,1048.0,84.0
13795,147.1,6.80,22.21,0.1510,6.62,1048.0,84.0
13802,140.8,7.10,22.21,0.1577,6.34,1048.0,84.0
13809,142.9,7.00,22.21,0.1555,6.43,1048.0,84.0
13815,147.1,6.80,22.21,0.1510,6.62,1048.0,84.0
13822,142.9,7.00,22.21,0.1555,6.43,1048.0,84.0
13829,142.9,7.00,22.21,0.1555,6.43,1048.0,84.0
13836,144.9,6.90,22.21,0.1533,6.52,1048.0,84.0
13843,144.9,6.90,22.21,0.1533,6.52,1048.0,84.0
13850,142.9,7.00,22.21,0.1555,6.43,1048.0,84.0
13857,144.9,6.90,22.21,0.1533,6.52,1048.0,84.0
13864,142.9,7.00,22.21,0.1555,6.43,1048.0,84.0
13871,144.9,6.90,22.21,0.1533,6.52,1048.0,84.0
13878,142.9,7.00,22.21,0.1555,6.43,1048.0,84.0
13885,144.9,6.90,22.21,0.1533,6.52,1048.0,84.0
13892,142.9,7.00,22.21,0.1555,6.43,1048.0,84.0
13899,144.9,6.90,22.21,0.1533,6.52,1048.0,84.0
13906,144.9,6.90,22.21,0.1533,6.52,1048.0,84.0
13913,142.9,7.00,22.21,0.1555,6.43,1048.0,84.0
13920,142.9,7.00,22.21,0.1555,6.43,1048.0,84.0
13927,144.9,6.90,22.21,0.1533,6.52,1048.0,84.0
13934,144.9,6.90,22.21,0.1533,6.52,1048.0,84.0
13941,142.9,7.00,22.22,0.1555,6.43,1048.0,84.0
13947,144.9,6.90,22.22,0.1533,6.52,1048.0,84.0
13954,142.9,7.00,22.22,0.1555,6.43,1048.0,84.0
13961,144.9,6.90,22.22,0.1533,6.52,1048.0,84.0
13968,144.9,6.90,22.22,0.1533,6.52,1048.0,84.0
13975,144.9,6.90,22.22,0.1533,6.52,1048.0,84.0
13982,142.9,7.00,22.22,0.1555,6.43,1048.0,84.0
13989,144.9,6.90,22.22,0.1533,6.52,1048.0,84.0
13996,144.9,6.90,22.22,0.1533,6.52,1048.0,84.0
14003,142.9,7.00,22.22,0.1555,6.43,1048.0,84.0
14010,142.9,7.00,22.22,0.1555,6.43,1048.0,84.0
14017,144.9,6.90,22.22,0.1533,6.52,1048.0,84.0
14024,142.9,7.00,22.22,0.1555,6.43,1048.0,84.0
14031,144.9,6.90,22.22,0.1533,6.52,1048.0,84.0
14038,142.9,7.00,22.22,0.1555,6.43,1048.0,84.0
14045,142.9,7.00,22.22,0.1555,6.43,1048.0,84.0
14052,144.9,6.90,22.22,0.1533,6.52,1048.0,84.0
14058,147.1,6.80,22.22,0.1511,6.62,1048.0,84.0
14066,140.8,7.10,22.22,0.1577,6.34,1048.0,84.0
14072,144.9,6.90,22.22,0.1533,6.52,1048.0,84.0
14079,144.9,6.90,22.22,0.1533,6.52,1048.0,84.0
14086,142.9,7.00,22.22,0.1555,6.43,1048.0,84.0
14093,142.9,7.00,22.22,0.1555,6.43,1048.0,84.0
14100,144.9,6.90,22.22,0.1533,6.52,1048.0,84.0
14107,144.9,6.90,22.22,0.1533,6.52,1048.0,84.0
14114,142.9,7.00,22.22,0.1555,6.43,1048.0,84.0
14121,144.9,6.90,22.22,0.1533,6.52,1048.0,84.0
14128,144.9,6.90,22.22,0.1533,6.52,1048.0,84.0
14135,142.9,7.00,22.22,0.1555,6.43,1048.0,84.0
14142,144.9,6.90,22.22,0.1533,6.52,1048.0,84.0
14149,142.9,7.00,22.22,0.1555,6.43,1048.0,84.0
14156,144.9,6.90,22.22,0.1533,6.52,1048.0,84.0
14163,142.9,7.00,22.22,0.1555,6.43,1048.0,84.0
14170,144.9,6.90,22.22,0.1533,6.52,1048.0,84.0
14177,142.9,7.00,22.22,0.1555,6.43,1048.0,84.0
14184,144.9,6.90,22.22,0.1533,6.52,1048.0,84.0
14190,144.9,6.90,22.22,0.1533,6.52,1048.0,84.0
14197,144.9,6.90,22.22,0.1533,6.52,1048.0,84.0
14204,142.9,7.00,22.22,0.1555,6.43,1048.0,84.0
14211,144.9,6.90,22.22,0.1533,6.52,1048.0,84.0
14218,142.9,7.00,22.22,0.1555,6.43,1048.0,84.0
14225,144.9,6.90,22.22,0.1533,6.52,1048.0,84.0
14232,142.9,7.00,22.22,0.1556,6.43,1048.0,84.0
14239,142.9,7.00,22.22,0.1556,6.43,1048.0,84.0
14246,147.1,6.80,22.22,0.1511,6.62,1048.0,84.0
14253,144.9,6.90,22.22,0.1533,6.52,1048.0,84.0
14260,140.8,7.10,22.22,0.1578,6.34,1048.0,84.0
14267,147.1,6.80,22.22,0.1511,6.62,1048.0,84.0
14274,142.9,7.00,22.22,0.1556,6.43,1048.0,84.0
14281,144.9,6.90,22.22,0.1533,6.52,1048.0,84.0
14288,140.8,7.10,22.22,0.1578,6.34,1048.0,84.0
14295,147.1,6.80,22.22,0.1511,6.62,1048.0,84.0
14302,142.9,7.00,22.22,0.1556,6.43,1048.0,84.0
14309,142.9,7.00,22.22,0.1556,6.43,1048.0,84.0
14315,144.9,6.90,22.23,0.1534,6.52,1048.0,84.0
14322,144.9,6.90,22.23,0.1534,6.52,1048.0,84.0
14329,142.9,7.00,22.23,0.1556,6.43,1048.0,84.0
14336,142.9,7.00,22.23,0.1556,6.43,1048.0,84.0
14343,142.9,7.00,22.23,0.1556,6.43,1048.0,84.0
14350,144.9,6.90,22.23,0.1534,6.52,1048.0,84.0
14357,144.9,6.90,22.23,0.1534,6.52,1048.0,84.0
14364,144.9,6.90,22.23,0.1534,6.52,1048.0,84.0
14371,142.9,7.00,22.23,0.1556,6.43,1048.0,84.0
14378,142.9,7.00,22.23,0.1556,6.43,1048.0,84.0
14385,144.9,6.90,22.23,0.1534,6.52,1048.0,84.0
14392,142.9,7.00,22.23,0.1556,6.43,1048.0,84.0
14399,144.9,6.90,22.23,0.1534,6.52,1048.0,84.0
14406,144.9,6.90,22.23,0.1534,6.52,1048.0,84.0
14413,142.9,7.00,22.23,0.1556,6.43,1048.0,84.0
14420,144.9,6.90,22.23,0.1534,6.52,1048.0,84.0
14427,144.9,6.90,22.23,0.1534,6.52,1048.0,84.0
14434,142.9,7.00,22.23,0.1556,6.43,1048.0,84.0
14441,142.9,7.00,22.23,0.1556,6.43,1048.0,84.0
14447,144.9,6.90,22.23,0.1534,6.52,1048.0,84.0
14454,144.9,6.90,22.23,0.1534,6.52,1048.0,84.0
14461,142.9,7.00,22.23,0.1556,6.43,1048.0,84.0
14468,142.9,7.00,22.23,0.1556,6.43,1048.0,84.0
14475,147.1,6.80,22.23,0.1512,6.62,1048.0,84.0
14482,142.9,7.00,22.23,0.1556,6.43,1048.0,84.0
14489,144.9,6.90,22.23,0.1534,6.52,1048.0,84.0
14496,142.9,7.00,22.23,0.1556,6.43,1048.0,84.0
14503,144.9,6.90,22.23,0.1534,6.52,1048.0,84.0
14510,142.9,7.00,22.23,0.1556,6.43,1048.0,84.0
14517,144.9,6.90,22.23,0.1534,6.52,1048.0,84.0
14524,142.9,7.00,22.23,0.1556,6.43,1048.0,84.0
14531,144.9,6.90,22.23,0.1534,6.52,1048.0,84.0
14538,144.9,6.90,22.23,0.1534,6.52,1048.0,84.0
14545,142.9,7.00,22.23,0.1556,6.43,1048.0,84.0
14552,142.9,7.00,22.23,0.1556,6.43,1048.0,84.0
14559,144.9,6.90,22.23,0.1534,6.52,1048.0,84.0
14565,144.9,6.90,22.24,0.1534,6.52,1048.0,84.0
14572,142.9,7.00,22.24,0.1556,6.43,1048.0,84.0
14579,144.9,6.90,22.24,0.1534,6.52,1048.0,84.0
14586,142.9,7.00,22.24,0.1557,6.43,1048.0,84.0
14593,147.1,6.80,22.24,0.1512,6.62,1048.0,84.0
14600,142.9,7.00,22.24,0.1557,6.43,1048.0,84.0
14607,142.9,7.00,22.24,0.1557,6.43,1048.0,84.0
14614,142.9,7.00,22.24,0.1557,6.43,1048.0,84.0
14621,144.9,6.90,22.24,0.1534,6.52,1048.0,84.0
14628,144.9,6.90,22.24,0.1534,6.52,1048.0,84.0
14635,142.9,7.00,22.24,0.1557,6.43,1048.0,84.0
14642,144.9,6.90,22.24,0.1534,6.52,1048.0,84.0
14649,142.9,7.00,22.24,0.1557,6.43,1048.0,84.0
14656,144.9,6.90,22.24,0.1534,6.52,1048.0,84.0
14663,144.9,6.90,22.24,0.1535,6.52,1048.0,84.0
14670,142.9,7.00,22.24,0.1557,6.43,1048.0,84.0
14677,144.9,6.90,22.24,0.1535,6.52,1048.0,84.0
14684,142.9,7.00,22.24,0.1557,6.43,1048.0,84.0
14690,147.1,6.80,22.24,0.1512,6.61,1048.0,84.0
14697,140.8,7.10,22.24,0.1579,6.33,1048.0,84.0
14704,147.1,6.80,22.24,0.1512,6.61,1048.0,84.0
14711,142.9,7.00,22.24,0.1557,6.43,1048.0,84.0
14718,144.9,6.90,22.24,0.1535,6.51,1048.0,84.0
14725,144.9,6.90,22.24,0.1535,6.51,1048.0,84.0
14732,140.8,7.10,22.24,0.1579,6.33,1048.0,84.0
14739,144.9,6.90,22.24,0.1535,6.51,1048.0,84.0
14746,142.9,7.00,22.24,0.1557,6.42,1048.0,84.0
14753,147.1,6.80,22.24,0.1513,6.61,1048.0,84.0
14760,142.9,7.00,22.24,0.1557,6.42,1048.0,84.0
14767,144.9,6.90,22.24,0.1535,6.51,1048.0,84.0
14774,142.9,7.00,22.24,0.1557,6.42,1048.0,84.0
14781,142.9,7.00,22.24,0.1557,6.42,1048.0,84.0
14788,144.9,6.90,22.24,0.1535,6.51,1048.0,84.0
14795,142.9,7.00,22.24,0.1557,6.42,1048.0,84.0
14802,144.9,6.90,22.24,0.1535,6.51,1048.0,84.0
14808,144.9,6.90,22.24,0.1535,6.51,1048.0,84.0
14816,140.8,7.10,22.25,0.1579,6.33,1048.0,84.0
14822,144.9,6.90,22.25,0.1535,6.51,1048.0,84.0
14829,142.9,7.00,22.25,0.1557,6.42,1048.0,84.0
14836,144.9,6.90,22.25,0.1535,6.51,1048.0,84.0
14843,144.9,6.90,22.25,0.1535,6.51,1048.0,84.0
14850,144.9,6.90,22.25,0.1535,6.51,1048.0,84.0
14857,144.9,6.90,22.25,0.1535,6.51,1048.0,84.0
14864,142.9,7.00,22.25,0.1557,6.42,1048.0,84.0
14871,142.9,7.00,22.25,0.1557,6.42,1048.0,84.0
14878,144.9,6.90,22.25,0.1535,6.51,1048.0,84.0
14885,144.9,6.90,22.25,0.1535,6.51,1048.0,84.0
14892,142.9,7.00,22.25,0.1557,6.42,1048.0,84.0
14899,144.9,6.90,22.25,0.1535,6.51,1048.0,84.0
14906,142.9,7.00,22.25,0.1557,6.42,1048.0,84.0
14913,144.9,6.90,22.25,0.1535,6.51,1048.0,84.0
14920,144.9,6.90,22.25,0.1535,6.51,1048.0,84.0
14927,140.8,7.10,22.25,0.1580,6.33,1048.0,84.0
14934,144.9,6.90,22.25,0.1535,6.51,1048.0,84.0
14940,144.9,6.90,22.25,0.1535,6.51,1048.0,84.0
14947,142.9,7.00,22.25,0.1558,6.42,1048.0,84.0
14954,144.9,6.90,22.25,0.1535,6.51,1048.0,84.0
14961,142.9,7.00,22.25,0.1558,6.42,1048.0,84.0
14968,144.9,6.90,22.25,0.1535,6.51,1048.0,84.0
14975,144.9,6.90,22.25,0.1535,6.51,1048.0,84.0
14982,142.9,7.00,22.25,0.1558,6.42,1048.0,84.0
14989,142.9,7.00,22.25,0.1558,6.42,1048.0,84.0
14996,144.9,6.90,22.25,0.1535,6.51,1048.0,84.0
15003,142.9,7.00,22.25,0.1558,6.42,1048.0,84.0
15010,144.9,6.90,22.25,0.1535,6.51,1048.0,84.0
15017,142.9,7.00,22.25,0.1558,6.42,1048.0,84.0
15024,144.9,6.90,22.25,0.1535,6.51,1048.0,84.0
15031,144.9,6.90,22.25,0.1536,6.51,1048.0,84.0
15038,142.9,7.00,22.25,0.1558,6.42,1048.0,84.0
15045,147.1,6.80,22.25,0.1513,6.61,1048.0,84.0
15052,140.8,7.10,22.25,0.1580,6.33,1048.0,84.0
15059,144.9,6.90,22.26,0.1536,6.51,1048.0,84.0
15065,144.9,6.90,22.26,0.1536,6.51,1048.0,84.0
15072,142.9,7.00,22.26,0.1558,6.42,1048.0,84.0
15079,144.9,6.90,22.26,0.1536,6.51,1048.0,84.0
15086,144.9,6.90,22.26,0.1536,6.51,1048.0,84.0
15093,142.9,7.00,22.26,0.1558,6.42,1048.0,84.0
15100,144.9,6.90,22.26,0.1536,6.51,1048.0,84.0
15107,142.9,7.00,22.26,0.1558,6.42,1048.0,84.0
15114,144.9,6.90,22.26,0.1536,6.51,1048.0,84.0
15121,144.9,6.90,22.26,0.1536,6.51,1048.0,84.0
15128,142.9,7.00,22.26,0.1558,6.42,1048.0,84.0
15135,142.9,7.00,22.26,0.1558,6.42,1048.0,84.0
15142,144.9,6.90,22.26,0.1536,6.51,1048.0,84.0
15149,144.9,6.90,22.26,0.1536,6.51,1048.0,84.0
15156,140.8,7.10,22.26,0.1580,6.33,1048.0,84.0
15163,147.1,6.80,22.26,0.1514,6.61,1048.0,84.0
15170,140.8,7.10,22.26,0.1580,6.33,1048.0,84.0
15177,147.1,6.80,22.26,0.1514,6.61,1048.0,84.0
15184,142.9,7.00,22.26,0.1558,6.42,1048.0,84.0
15191,142.9,7.00,22.26,0.1558,6.42,1048.0,84.0
15197,144.9,6.90,22.26,0.1536,6.51,1048.0,84.0
15204,144.9,6.90,22.26,0.1536,6.51,1048.0,84.0
15211,144.9,6.90,22.26,0.1536,6.51,1048.0,84.0
15218,142.9,7.00,22.26,0.1558,6.42,1048.0,84.0
15225,144.9,6.90,22.26,0.1536,6.51,1048.0,84.0
15232,144.9,6.90,22.27,0.1536,6.51,1048.0,84.0
15239,142.9,7.00,22.27,0.1559,6.42,1048.0,84.0
15246,142.9,7.00,22.27,0.1559,6.42,1048.0,84.0
15253,144.9,6.90,22.27,0.1537,6.51,1048.0,84.0
15260,144.9,6.90,22.27,0.1537,6.51,1048.0,84.0
15267,142.9,7.00,22.27,0.1559,6.42,1048.0,84.0
15274,144.9,6.90,22.27,0.1537,6.51,1048.0,84.0
15281,142.9,7.00,22.27,0.1559,6.42,1048.0,84.0
15288,144.9,6.90,22.27,0.1537,6.51,1048.0,84.0
15295,142.9,7.00,22.27,0.1559,6.42,1048.0,84.0
15301,147.1,6.80,22.27,0.1515,6.60,1048.0,84.0
15308,142.9,7.00,22.27,0.1559,6.42,1048.0,84.0
15315,142.9,7.00,22.28,0.1559,6.42,1048.0,84.0
15322,144.9,6.90,22.28,0.1537,6.50,1048.0,84.0
15329,144.9,6.90,22.28,0.1537,6.50,1048.0,84.0
15336,142.9,7.00,22.28,0.1559,6.41,1048.0,84.0
15343,142.9,7.00,22.28,0.1560,6.41,1048.0,84.0
15350,144.9,6.90,22.28,0.1537,6.50,1048.0,84.0
15357,144.9,6.90,22.28,0.1537,6.50,1048.0,84.0
15364,142.9,7.00,22.28,0.1560,6.41,1048.0,84.0
15371,144.9,6.90,22.28,0.1537,6.50,1048.0,84.0
15378,142.9,7.00,22.28,0.1560,6.41,1048.0,84.0
15385,142.9,7.00,22.28,0.1560,6.41,1048.0,84.0
15392,144.9,6.90,22.28,0.1538,6.50,1048.0,84.0
15399,142.9,7.00,22.29,0.1560,6.41,1048.0,84.0
15406,142.9,7.00,22.29,0.1560,6.41,1048.0,84.0
15413,144.9,6.90,22.29,0.1538,6.50,1048.0,84.0
15420,144.9,6.90,22.29,0.1538,6.50,1048.0,84.0
15427,144.9,6.90,22.29,0.1538,6.50,1048.0,84.0
15433,144.9,6.90,22.29,0.1538,6.50,1048.0,84.0
15440,142.9,7.00,22.29,0.1560,6.41,1048.0,84.0
15447,142.9,7.00,22.29,0.1560,6.41,1048.0,84.0
15454,144.9,6.90,22.29,0.1538,6.50,1048.0,84.0
15461,144.9,6.90,22.29,0.1538,6.50,1048.0,84.0
15468,142.9,7.00,22.29,0.1561,6.41,1048.0,84.0
15475,142.9,7.00,22.29,0.1561,6.41,1048.0,84.0
15482,144.9,6.90,22.30,0.1538,6.50,1048.0,84.0
15489,142.9,7.00,22.30,0.1561,6.41,1048.0,84.0
15496,144.9,6.90,22.30,0.1539,6.50,1048.0,84.0
15503,142.9,7.00,22.30,0.1561,6.41,1048.0,84.0
15510,144.9,6.90,22.30,0.1539,6.50,1048.0,84.0
15517,142.9,7.00,22.30,0.1561,6.41,1048.0,84.0
15524,144.9,6.90,22.30,0.1539,6.50,1048.0,84.0
15531,142.9,7.00,22.30,0.1561,6.41,1048.0,84.0
15538,147.1,6.80,22.30,0.1517,6.60,1048.0,84.0
15545,142.9,7.00,22.30,0.1561,6.41,1048.0,84.0
15552,144.9,6.90,22.30,0.1539,6.50,1048.0,84.0
15558,144.9,6.90,22.30,0.1539,6.50,1048.0,84.0
15565,142.9,7.00,22.31,0.1561,6.41,1048.0,84.0
15572,142.9,7.00,22.31,0.1561,6.41,1048.0,84.0
15579,144.9,6.90,22.31,0.1539,6.50,1048.0,84.0
15586,147.1,6.80,22.31,0.1517,6.59,1048.0,84.0
15593,142.9,7.00,22.31,0.1562,6.41,1048.0,84.0
15600,140.8,7.10,22.31,0.1584,6.31,1048.0,84.0
15607,144.9,6.90,22.31,0.1539,6.49,1048.0,84.0
15614,142.9,7.00,22.31,0.1562,6.40,1048.0,84.0
15621,144.9,6.90,22.31,0.1540,6.49,1048.0,84.0
15628,147.1,6.80,22.31,0.1517,6.59,1048.0,84.0
15635,140.8,7.10,22.31,0.1584,6.31,1048.0,84.0
15642,147.1,6.80,22.31,0.1517,6.59,1048.0,84.0
15649,140.8,7.10,22.32,0.1584,6.31,1048.0,84.0
15656,147.1,6.80,22.32,0.1518,6.59,1048.0,84.0
15663,142.9,7.00,22.32,0.1562,6.40,1048.0,84.0
15670,142.9,7.00,22.32,0.1562,6.40,1048.0,84.0
15676,147.1,6.80,22.32,0.1518,6.59,1048.0,84.0
15684,140.8,7.10,22.32,0.1585,6.31,1048.0,84.0
15690,144.9,6.90,22.32,0.1540,6.49,1048.0,84.0
15697,144.9,6.90,22.32,0.1540,6.49,1048.0,84.0
15704,142.9,7.00,22.32,0.1563,6.40,1048.0,84.0
15711,144.9,6.90,22.32,0.1540,6.49,1048.0,84.0
15718,142.9,7.00,22.32,0.1563,6.40,1048.0,84.0
15725,144.9,6.90,22.32,0.1540,6.49,1048.0,84.0
15732,144.9,6.90,22.33,0.1540,6.49,1048.0,84.0
15739,142.9,7.00,22.33,0.1563,6.40,1048.0,84.0
15746,144.9,6.90,22.33,0.1541,6.49,1048.0,84.0
15753,142.9,7.00,22.33,0.1563,6.40,1048.0,84.0
15760,142.9,7.00,22.33,0.1563,6.40,1048.0,84.0
15767,144.9,6.90,22.33,0.1541,6.49,1048.0,84.0
15774,142.9,7.00,22.33,0.1563,6.40,1048.0,84.0
15781,144.9,6.90,22.33,0.1541,6.49,1048.0,84.0
15788,144.9,6.90,22.33,0.1541,6.49,1048.0,84.0
15795,142.9,7.00,22.33,0.1563,6.40,1048.0,84.0
15802,144.9,6.90,22.33,0.1541,6.49,1048.0,84.0
15809,142.9,7.00,22.34,0.1563,6.40,1048.0,84.0
15815,147.1,6.80,22.34,0.1519,6.59,1048.0,84.0
15822,142.9,7.00,22.34,0.1564,6.40,1048.0,84.0
15829,144.9,6.90,22.34,0.1541,6.49,1048.0,84.0
15836,142.9,7.00,22.34,0.1564,6.40,1048.0,84.0
15843,142.9,7.00,22.34,0.1564,6.40,1048.0,84.0
15850,142.9,7.00,22.34,0.1564,6.40,1048.0,84.0
15857,144.9,6.90,22.34,0.1542,6.49,1048.0,84.0
15864,144.9,6.90,22.34,0.1542,6.49,1048.0,84.0
15871,144.9,6.90,22.34,0.1542,6.49,1048.0,84.0
15878,142.9,7.00,22.34,0.1564,6.40,1048.0,84.0
15885,142.9,7.00,22.34,0.1564,6.40,1048.0,84.0
15892,144.9,6.90,22.34,0.1542,6.48,1048.0,84.0
15899,144.9,6.90,22.35,0.1542,6.48,1048.0,84.0
15906,144.9,6.90,22.35,0.1542,6.48,1048.0,84.0
15913,142.9,7.00,22.35,0.1564,6.39,1048.0,84.0
15920,144.9,6.90,22.35,0.1542,6.48,1048.0,84.0
15927,142.9,7.00,22.35,0.1564,6.39,1048.0,84.0
15934,142.9,7.00,22.35,0.1565,6.39,1048.0,84.0
15940,144.9,6.90,22.35,0.1542,6.48,1048.0,84.0
15947,144.9,6.90,22.35,0.1542,6.48,1048.0,84.0
15954,144.9,6.90,22.35,0.1542,6.48,1048.0,84.0
15961,142.9,7.00,22.35,0.1565,6.39,1048.0,84.0
15968,142.9,7.00,22.35,0.1565,6.39,1048.0,84.0
15975,144.9,6.90,22.35,0.1542,6.48,1048.0,84.0
15982,144.9,6.90,22.36,0.1543,6.48,1048.0,84.0
15989,144.9,6.90,22.36,0.1543,6.48,1048.0,84.0
15996,140.8,7.10,22.36,0.1587,6.30,1048.0,84.0
16003,144.9,6.90,22.36,0.1543,6.48,1048.0,84.0
16010,144.9,6.90,22.36,0.1543,6.48,1048.0,84.0
16017,140.8,7.10,22.36,0.1588,6.30,1048.0,84.0
16024,144.9,6.90,22.36,0.1543,6.48,1048.0,84.0
16031,147.1,6.80,22.36,0.1521,6.58,1048.0,84.0
16038,142.9,7.00,22.36,0.1565,6.39,1048.0,84.0
16045,144.9,6.90,22.36,0.1543,6.48,1048.0,84.0
16052,142.9,7.00,22.36,0.1565,6.39,1048.0,84.0
16059,142.9,7.00,22.36,0.1566,6.39,1048.0,84.0
16065,144.9,6.90,22.37,0.1543,6.48,1048.0,84.0
16072,142.9,7.00,22.37,0.1566,6.39,1048.0,84.0
16079,144.9,6.90,22.37,0.1543,6.48,1048.0,84.0
16086,144.9,6.90,22.37,0.1543,6.48,1048.0,84.0
16093,142.9,7.00,22.37,0.1566,6.39,1048.0,84.0
16100,144.9,6.90,22.37,0.1544,6.48,1048.0,84.0
16107,142.9,7.00,22.37,0.1566,6.39,1048.0,84.0
16114,144.9,6.90,22.37,0.1544,6.48,1048.0,84.0
16121,142.9,7.00,22.37,0.1566,6.39,1048.0,84.0
16128,144.9,6.90,22.37,0.1544,6.48,1048.0,84.0
16135,142.9,7.00,22.37,0.1566,6.39,1048.0,84.0
16142,144.9,6.90,22.37,0.1544,6.48,1048.0,84.0
16149,144.9,6.90,22.38,0.1544,6.48,1048.0,84.0
16156,142.9,7.00,22.38,0.1566,6.39,1048.0,84.0
16163,144.9,6.90,22.38,0.1544,6.48,1048.0,84.0
16170,142.9,7.00,22.38,0.1566,6.39,1048.0,84.0
16177,144.9,6.90,22.38,0.1544,6.47,1048.0,84.0
16184,142.9,7.00,22.38,0.1567,6.39,1048.0,84.0
16191,142.9,7.00,22.38,0.1567,6.38,1048.0,84.0
16197,144.9,6.90,22.38,0.1544,6.47,1048.0,84.0
16204,144.9,6.90,22.38,0.1544,6.47,1048.0,84.0
16211,144.9,6.90,22.38,0.1544,6.47,1048.0,84.0
16218,142.9,7.00,22.38,0.1567,6.38,1048.0,84.0
16225,144.9,6.90,22.39,0.1545,6.47,1048.0,84.0
16232,142.9,7.00,22.39,0.1567,6.38,1048.0,84.0
16239,142.9,7.00,22.39,0.1567,6.38,1048.0,84.0
16246,147.1,6.80,22.39,0.1522,6.57,1048.0,84.0
16253,142.9,7.00,22.39,0.1567,6.38,1048.0,84.0
16260,144.9,6.90,22.39,0.1545,6.47,1048.0,84.0
16267,142.9,7.00,22.39,0.1567,6.38,1048.0,84.0
16274,142.9,7.00,22.39,0.1567,6.38,1048.0,84.0
16281,144.9,6.90,22.39,0.1545,6.47,1048.0,84.0
16288,144.9,6.90,22.39,0.1545,6.47,1048.0,84.0
16295,142.9,7.00,22.40,0.1568,6.38,1048.0,84.0
16302,144.9,6.90,22.40,0.1545,6.47,1048.0,84.0
16308,144.9,6.90,22.40,0.1545,6.47,1048.0,84.0
16315,142.9,7.00,22.40,0.1568,6.38,1048.0,84.0
16322,142.9,7.00,22.40,0.1568,6.38,1048.0,84.0
16329,144.9,6.90,22.40,0.1546,6.47,1048.0,84.0
16336,144.9,6.90,22.40,0.1546,6.47,1048.0,84.0
16343,142.9,7.00,22.40,0.1568,6.38,1048.0,84.0
16350,144.9,6.90,22.40,0.1546,6.47,1048.0,84.0
16357,144.9,6.90,22.40,0.1546,6.47,1048.0,84.0
16364,142.9,7.00,22.41,0.1568,6.38,1048.0,84.0
16371,144.9,6.90,22.41,0.1546,6.47,1048.0,84.0
16378,142.9,7.00,22.41,0.1569,6.38,1048.0,84.0
16385,144.9,6.90,22.41,0.1546,6.47,1048.0,84.0
16392,142.9,7.00,22.41,0.1569,6.38,1048.0,84.0
16399,144.9,6.90,22.41,0.1546,6.47,1048.0,84.0
16406,142.9,7.00,22.41,0.1569,6.38,1048.0,84.0
16413,144.9,6.90,22.41,0.1546,6.47,1048.0,84.0
16420,144.9,6.90,22.41,0.1546,6.46,1048.0,84.0
16427,142.9,7.00,22.41,0.1569,6.38,1048.0,84.0
16434,142.9,7.00,22.41,0.1569,6.38,1048.0,84.0
16440,144.9,6.90,22.42,0.1547,6.46,1048.0,84.0
16447,142.9,7.00,22.42,0.1569,6.37,1048.0,84.0
16454,144.9,6.90,22.42,0.1547,6.46,1048.0,84.0
16461,144.9,6.90,22.42,0.1547,6.46,1048.0,84.0
16468,142.9,7.00,22.42,0.1569,6.37,1048.0,84.0
16475,144.9,6.90,22.42,0.1547,6.46,1048.0,84.0
16482,142.9,7.00,22.42,0.1570,6.37,1048.0,84.0
16489,142.9,7.00,22.42,0.1570,6.37,1048.0,84.0
16496,144.9,6.90,22.42,0.1547,6.46,1048.0,84.0
16503,147.1,6.80,22.42,0.1525,6.56,1048.0,84.0
16510,140.8,7.10,22.43,0.1592,6.28,1048.0,84.0
16517,147.1,6.80,22.43,0.1525,6.56,1048.0,84.0
16524,142.9,7.00,22.43,0.1570,6.37,1048.0,84.0
16531,142.9,7.00,22.43,0.1570,6.37,1048.0,84.0
16538,144.9,6.90,22.43,0.1548,6.46,1048.0,84.0
16545,144.9,6.90,22.43,0.1548,6.46,1048.0,84.0
16552,142.9,7.00,22.43,0.1570,6.37,1048.0,84.0
16559,142.9,7.00,22.43,0.1570,6.37,1048.0,84.0
16565,147.1,6.80,22.43,0.1525,6.56,1048.0,84.0
16572,142.9,7.00,22.43,0.1570,6.37,1048.0,84.0
16579,142.9,7.00,22.44,0.1570,6.37,1048.0,84.0
16586,147.1,6.80,22.44,0.1526,6.56,1048.0,84.0
16593,142.9,7.00,22.44,0.1571,6.37,1048.0,84.0
16600,142.9,7.00,22.44,0.1571,6.37,1048.0,84.0
16607,144.9,6.90,22.44,0.1548,6.46,1048.0,84.0
16614,142.9,7.00,22.44,0.1571,6.37,1048.0,84.0
16621,144.9,6.90,22.44,0.1548,6.46,1048.0,84.0
16628,144.9,6.90,22.44,0.1549,6.46,1048.0,84.0
16635,142.9,7.00,22.44,0.1571,6.37,1048.0,84.0
16642,144.9,6.90,22.44,0.1549,6.46,1048.0,84.0
16649,142.9,7.00,22.45,0.1571,6.37,1048.0,84.0
16656,144.9,6.90,22.45,0.1549,6.46,1048.0,84.0
16663,142.9,7.00,22.45,0.1571,6.37,1048.0,84.0
16670,144.9,6.90,22.45,0.1549,6.45,1048.0,84.0
16677,142.9,7.00,22.45,0.1571,6.37,1048.0,84.0
16683,144.9,6.90,22.45,0.1549,6.45,1048.0,84.0
16690,142.9,7.00,22.45,0.1572,6.37,1048.0,84.0
16697,142.9,7.00,22.45,0.1572,6.36,1048.0,84.0
16704,147.1,6.80,22.45,0.1527,6.55,1048.0,84.0
16711,140.8,7.10,22.45,0.1594,6.27,1048.0,84.0
16718,144.9,6.90,22.45,0.1549,6.45,1048.0,84.0
16725,144.9,6.90,22.46,0.1549,6.45,1048.0,84.0
16732,142.9,7.00,22.46,0.1572,6.36,1048.0,84.0
16739,144.9,6.90,22.46,0.1550,6.45,1048.0,84.0
16746,144.9,6.90,22.46,0.1550,6.45,1048.0,84.0
16753,142.9,7.00,22.46,0.1572,6.36,1048.0,84.0
16760,144.9,6.90,22.46,0.1550,6.45,1048.0,84.0
16767,144.9,6.90,22.46,0.1550,6.45,1048.0,84.0
16774,142.9,7.00,22.46,0.1572,6.36,1048.0,84.0
16781,144.9,6.90,22.46,0.1550,6.45,1048.0,84.0
16788,144.9,6.90,22.46,0.1550,6.45,1048.0,84.0
16795,140.8,7.10,22.47,0.1595,6.27,1048.0,84.0
16802,144.9,6.90,22.47,0.1550,6.45,1048.0,84.0
16808,144.9,6.90,22.47,0.1550,6.45,1048.0,84.0
16815,142.9,7.00,22.47,0.1573,6.36,1048.0,84.0
16822,144.9,6.90,22.47,0.1550,6.45,1048.0,84.0
16829,142.9,7.00,22.47,0.1573,6.36,1048.0,84.0
16836,142.9,7.00,22.47,0.1573,6.36,1048.0,84.0
16843,142.9,7.00,22.47,0.1573,6.36,1048.0,84.0
16850,147.1,6.80,22.47,0.1528,6.55,1048.0,84.0
16857,144.9,6.90,22.47,0.1551,6.45,1048.0,84.0
16864,144.9,6.90,22.48,0.1551,6.45,1048.0,84.0
16871,142.9,7.00,22.48,0.1573,6.36,1048.0,84.0
16878,144.9,6.90,22.48,0.1551,6.45,1048.0,84.0
16885,142.9,7.00,22.48,0.1573,6.36,1048.0,84.0
16892,144.9,6.90,22.48,0.1551,6.45,1048.0,84.0
16899,144.9,6.90,22.48,0.1551,6.45,1048.0,84.0
16906,142.9,7.00,22.48,0.1574,6.36,1048.0,84.0
16913,144.9,6.90,22.48,0.1551,6.45,1048.0,84.0
16920,142.9,7.00,22.48,0.1574,6.36,1048.0,84.0
16926,144.9,6.90,22.48,0.1551,6.44,1048.0,84.0
16933,142.9,7.00,22.48,0.1574,6.36,1048.0,84.0
16940,144.9,6.90,22.49,0.1552,6.44,1048.0,84.0
16947,142.9,7.00,22.49,0.1574,6.35,1048.0,84.0
16954,144.9,6.90,22.49,0.1552,6.44,1048.0,84.0
16961,144.9,6.90,22.49,0.1552,6.44,1048.0,84.0
16968,144.9,6.90,22.49,0.1552,6.44,1048.0,84.0
16975,138.9,7.20,22.49,0.1619,6.18,1048.0,84.0
16982,147.1,6.80,22.49,0.1529,6.54,1048.0,84.0
16989,142.9,7.00,22.49,0.1574,6.35,1048.0,84.0
16996,144.9,6.90,22.49,0.1552,6.44,1048.0,84.0
17003,142.9,7.00,22.49,0.1575,6.35,1048.0,84.0
17010,144.9,6.90,22.50,0.1552,6.44,1048.0,84.0
17017,144.9,6.90,22.50,0.1552,6.44,1048.0,84.0
17024,142.9,7.00,22.50,0.1575,6.35,1048.0,84.0
17031,144.9,6.90,22.50,0.1552,6.44,1048.0,84.0
17038,142.9,7.00,22.50,0.1575,6.35,1048.0,84.0
17045,142.9,7.00,22.50,0.1575,6.35,1048.0,84.0
17052,144.9,6.90,22.50,0.1553,6.44,1048.0,84.0
17059,142.9,7.00,22.50,0.1575,6.35,1048.0,84.0
17065,147.1,6.80,22.50,0.1530,6.54,1048.0,84.0
17072,142.9,7.00,22.50,0.1575,6.35,1048.0,84.0
17079,142.9,7.00,22.51,0.1575,6.35,1048.0,84.0
17086,144.9,6.90,22.51,0.1553,6.44,1048.0,84.0
17093,142.9,7.00,22.51,0.1576,6.35,1048.0,84.0
17100,142.9,7.00,22.51,0.1576,6.35,1048.0,84.0
17107,144.9,6.90,22.51,0.1553,6.44,1048.0,84.0
17114,144.9,6.90,22.51,0.1553,6.44,1048.0,84.0
17121,144.9,6.90,22.51,0.1553,6.44,1048.0,84.0
17128,142.9,7.00,22.51,0.1576,6.35,1048.0,84.0
17135,144.9,6.90,22.51,0.1553,6.44,1048.0,84.0
17142,142.9,7.00,22.51,0.1576,6.35,1048.0,84.0
17149,144.9,6.90,22.52,0.1554,6.44,1048.0,84.0
17156,142.9,7.00,22.52,0.1576,6.35,1048.0,84.0
17163,144.9,6.90,22.52,0.1554,6.44,1048.0,84.0
17170,144.9,6.90,22.52,0.1554,6.43,1048.0,84.0
17177,142.9,7.00,22.52,0.1576,6.35,1048.0,84.0
17183,144.9,6.90,22.52,0.1554,6.43,1048.0,84.0
17190,144.9,6.90,22.52,0.1554,6.43,1048.0,84.0
17197,140.8,7.10,22.52,0.1599,6.25,1048.0,84.0
17204,144.9,6.90,22.52,0.1554,6.43,1048.0,84.0
17211,144.9,6.90,22.52,0.1554,6.43,1048.0,84.0
17218,144.9,6.90,22.52,0.1554,6.43,1048.0,84.0
17225,144.9,6.90,22.52,0.1554,6.43,1048.0,84.0
17232,142.9,7.00,22.53,0.1577,6.34,1048.0,84.0
17239,144.9,6.90,22.53,0.1554,6.43,1048.0,84.0
17246,142.9,7.00,22.53,0.1577,6.34,1048.0,84.0
17253,144.9,6.90,22.53,0.1554,6.43,1048.0,84.0
17260,142.9,7.00,22.53,0.1577,6.34,1048.0,84.0
17267,144.9,6.90,22.53,0.1555,6.43,1048.0,84.0
17274,142.9,7.00,22.53,0.1577,6.34,1048.0,84.0
17281,142.9,7.00,22.53,0.1577,6.34,1048.0,84.0
17288,144.9,6.90,22.53,0.1555,6.43,1048.0,84.0
17295,142.9,7.00,22.53,0.1577,6.34,1048.0,84.0
17302,144.9,6.90,22.53,0.1555,6.43,1048.0,84.0
17309,142.9,7.00,22.54,0.1577,6.34,1048.0,84.0
17315,144.9,6.90,22.54,0.1555,6.43,1048.0,84.0
17322,144.9,6.90,22.54,0.1555,6.43,1048.0,84.0
17329,144.9,6.90,22.54,0.1555,6.43,1048.0,84.0
17336,142.9,7.00,22.54,0.1578,6.34,1048.0,84.0
17343,144.9,6.90,22.54,0.1555,6.43,1048.0,84.0
17350,142.9,7.00,22.54,0.1578,6.34,1048.0,84.0
17357,144.9,6.90,22.54,0.1555,6.43,1048.0,84.0
17364,142.9,7.00,22.54,0.1578,6.34,1048.0,84.0
17371,144.9,6.90,22.54,0.1555,6.43,1048.0,84.0
17378,144.9,6.90,22.54,0.1555,6.43,1048.0,84.0
17385,142.9,7.00,22.54,0.1578,6.34,1048.0,84.0
17392,142.9,7.00,22.54,0.1578,6.34,1048.0,84.0
17399,144.9,6.90,22.55,0.1556,6.43,1048.0,84.0
17406,140.8,7.10,22.55,0.1601,6.24,1048.0,84.0
17413,147.1,6.80,22.55,0.1533,6.52,1048.0,84.0
17420,144.9,6.90,22.55,0.1556,6.43,1048.0,84.0
17427,142.9,7.00,22.55,0.1578,6.34,1048.0,84.0
17433,144.9,6.90,22.55,0.1556,6.43,1048.0,84.0
17440,142.9,7.00,22.55,0.1579,6.34,1048.0,84.0
17447,147.1,6.80,22.55,0.1534,6.52,1048.0,84.0
17454,140.8,7.10,22.55,0.1601,6.24,1048.0,84.0
17461,144.9,6.90,22.55,0.1556,6.42,1048.0,84.0
17468,144.9,6.90,22.55,0.1556,6.42,1048.0,84.0
17475,142.9,7.00,22.55,0.1579,6.34,1048.0,84.0
17482,147.1,6.80,22.56,0.1534,6.52,1048.0,84.0
17489,140.8,7.10,22.56,0.1602,6.24,1048.0,84.0
17496,142.9,7.00,22.56,0.1579,6.33,1048.0,84.0
17503,144.9,6.90,22.56,0.1557,6.42,1048.0,84.0
17510,142.9,7.00,22.56,0.1579,6.33,1048.0,84.0
17517,144.9,6.90,22.56,0.1557,6.42,1048.0,84.0
17524,144.9,6.90,22.56,0.1557,6.42,1048.0,84.0
17531,144.9,6.90,22.56,0.1557,6.42,1048.0,84.0
17538,142.9,7.00,22.56,0.1579,6.33,1048.0,84.0
17545,144.9,6.90,22.56,0.1557,6.42,1048.0,84.0
17552,142.9,7.00,22.56,0.1579,6.33,1048.0,84.0
17558,144.9,6.90,22.56,0.1557,6.42,1048.0,84.0
17565,142.9,7.00,22.57,0.1580,6.33,1048.0,84.0
17572,144.9,6.90,22.57,0.1557,6.42,1048.0,84.0
17579,144.9,6.90,22.57,0.1557,6.42,1048.0,84.0
17586,144.9,6.90,22.57,0.1557,6.42,1048.0,84.0
17593,140.8,7.10,22.57,0.1602,6.24,1048.0,84.0
17600,144.9,6.90,22.57,0.1557,6.42,1048.0,84.0
17607,142.9,7.00,22.57,0.1580,6.33,1048.0,84.0
17614,144.9,6.90,22.57,0.1557,6.42,1048.0,84.0
17621,142.9,7.00,22.57,0.1580,6.33,1048.0,84.0
17628,144.9,6.90,22.57,0.1558,6.42,1048.0,84.0
17635,144.9,6.90,22.57,0.1558,6.42,1048.0,84.0
17642,144.9,6.90,22.57,0.1558,6.42,1048.0,84.0
17649,142.9,7.00,22.58,0.1580,6.33,1048.0,84.0
17656,144.9,6.90,22.58,0.1558,6.42,1048.0,84.0
17663,142.9,7.00,22.58,0.1580,6.33,1048.0,84.0
17670,142.9,7.00,22.58,0.1580,6.33,1048.0,84.0
17677,144.9,6.90,22.58,0.1558,6.42,1048.0,84.0
17684,142.9,7.00,22.58,0.1581,6.33,1048.0,84.0
17690,144.9,6.90,22.58,0.1558,6.42,1048.0,84.0
17697,144.9,6.90,22.58,0.1558,6.42,1048.0,84.0
17704,144.9,6.90,22.58,0.1558,6.42,1048.0,84.0
17711,142.9,7.00,22.58,0.1581,6.33,1048.0,84.0
17718,144.9,6.90,22.58,0.1558,6.42,1048.0,84.0
17725,142.9,7.00,22.58,0.1581,6.33,1048.0,84.0
17732,142.9,7.00,22.59,0.1581,6.33,1048.0,84.0
17739,144.9,6.90,22.59,0.1558,6.42,1048.0,84.0
17746,144.9,6.90,22.59,0.1559,6.42,1048.0,84.0
17753,142.9,7.00,22.59,0.1581,6.33,1048.0,84.0
17760,144.9,6.90,22.59,0.1559,6.41,1048.0,84.0
17767,142.9,7.00,22.59,0.1581,6.33,1048.0,84.0
17774,144.9,6.90,22.59,0.1559,6.41,1048.0,84.0
17781,144.9,6.90,22.59,0.1559,6.41,1048.0,84.0
17788,142.9,7.00,22.59,0.1581,6.33,1048.0,84.0
17795,142.9,7.00,22.59,0.1582,6.32,1048.0,84.0
17802,144.9,6.90,22.59,0.1559,6.41,1048.0,84.0
17808,144.9,6.90,22.59,0.1559,6.41,1048.0,84.0
17815,142.9,7.00,22.60,0.1582,6.32,1048.0,84.0
17822,144.9,6.90,22.60,0.1559,6.41,1048.0,84.0
17829,142.9,7.00,22.60,0.1582,6.32,1048.0,84.0
17836,144.9,6.90,22.60,0.1559,6.41,1048.0,84.0
17843,142.9,7.00,22.60,0.1582,6.32,1048.0,84.0
17850,147.1,6.80,22.60,0.1537,6.51,1048.0,84.0
17857,142.9,7.00,22.60,0.1582,6.32,1048.0,84.0
17864,142.9,7.00,22.60,0.1582,6.32,1048.0,84.0
17871,142.9,7.00,22.60,0.1582,6.32,1048.0,84.0
17878,144.9,6.90,22.60,0.1560,6.41,1048.0,84.0
17885,144.9,6.90,22.60,0.1560,6.41,1048.0,84.0
17892,144.9,6.90,22.60,0.1560,6.41,1048.0,84.0
17899,142.9,7.00,22.61,0.1582,6.32,1048.0,84.0
17906,142.9,7.00,22.61,0.1582,6.32,1048.0,84.0
17913,144.9,6.90,22.61,0.1560,6.41,1048.0,84.0
17920,144.9,6.90,22.61,0.1560,6.41,1048.0,84.0
17926,144.9,6.90,22.61,0.1560,6.41,1048.0,84.0
17934,140.8,7.10,22.61,0.1605,6.23,1048.0,84.0
17940,147.1,6.80,22.61,0.1538,6.51,1048.0,84.0
17947,142.9,7.00,22.61,0.1583,6.32,1048.0,84.0
17954,142.9,7.00,22.61,0.1583,6.32,1048.0,84.0
17961,144.9,6.90,22.61,0.1560,6.41,1048.0,84.0
17968,142.9,7.00,22.61,0.1583,6.32,1048.0,84.0
17975,144.9,6.90,22.61,0.1560,6.41,1048.0,84.0
17982,142.9,7.00,22.62,0.1583,6.32,1048.0,84.0
17989,144.9,6.90,22.62,0.1561,6.41,1048.0,84.0
17996,142.9,7.00,22.62,0.1583,6.32,1048.0,84.0
18003,144.9,6.90,22.62,0.1561,6.41,1048.0,84.0
18010,142.9,7.00,22.62,0.1583,6.32,1048.0,84.0
18017,147.1,6.80,22.62,0.1538,6.50,1048.0,84.0
18024,142.9,7.00,22.62,0.1583,6.32,1048.0,84.0
18031,144.9,6.90,22.62,0.1561,6.41,1048.0,84.0
18038,142.9,7.00,22.62,0.1584,6.32,1048.0,84.0
18045,144.9,6.90,22.62,0.1561,6.40,1048.0,84.0
18052,142.9,7.00,22.62,0.1584,6.32,1048.0,84.0
18059,142.9,7.00,22.63,0.1584,6.32,1048.0,84.0
18065,147.1,6.80,22.63,0.1539,6.50,1048.0,84.0
18072,142.9,7.00,22.63,0.1584,6.32,1048.0,84.0
18079,144.9,6.90,22.63,0.1561,6.40,1048.0,84.0
18086,142.9,7.00,22.63,0.1584,6.32,1048.0,84.0
18093,144.9,6.90,22.63,0.1561,6.40,1048.0,84.0
18100,142.9,7.00,22.63,0.1584,6.31,1048.0,84.0
18107,144.9,6.90,22.63,0.1562,6.40,1048.0,84.0
18114,142.9,7.00,22.63,0.1584,6.31,1048.0,84.0
18121,144.9,6.90,22.63,0.1562,6.40,1048.0,84.0
18128,142.9,7.00,22.63,0.1584,6.31,1048.0,84.0
18135,144.9,6.90,22.63,0.1562,6.40,1048.0,84.0
18142,142.9,7.00,22.63,0.1584,6.31,1048.0,84.0
18149,144.9,6.90,22.64,0.1562,6.40,1048.0,84.0
18156,144.9,6.90,22.64,0.1562,6.40,1048.0,84.0
18163,142.9,7.00,22.64,0.1585,6.31,1048.0,84.0
18170,142.9,7.00,22.64,0.1585,6.31,1048.0,84.0
18177,144.9,6.90,22.64,0.1562,6.40,1048.0,84.0
18183,144.9,6.90,22.64,0.1562,6.40,1048.0,84.0
18190,142.9,7.00,22.64,0.1585,6.31,1048.0,84.0
18197,142.9,7.00,22.64,0.1585,6.31,1048.0,84.0
18204,147.1,6.80,22.64,0.1539,6.50,1048.0,84.0
18211,142.9,7.00,22.64,0.1585,6.31,1048.0,84.0
18218,144.9,6.90,22.64,0.1562,6.40,1048.0,84.0
18225,144.9,6.90,22.64,0.1562,6.40,1048.0,84.0
18232,142.9,7.00,22.64,0.1585,6.31,1048.0,84.0
18239,144.9,6.90,22.64,0.1562,6.40,1048.0,84.0
18246,142.9,7.00,22.64,0.1585,6.31,1048.0,84.0
18253,144.9,6.90,22.64,0.1562,6.40,1048.0,84.0
18260,142.9,7.00,22.64,0.1584,6.31,1048.0,84.0
18267,144.9,6.90,22.64,0.1562,6.40,1048.0,84.0
18274,142.9,7.00,22.63,0.1584,6.31,1048.0,84.0
18281,144.9,6.90,22.63,0.1562,6.40,1048.0,84.0
18288,144.9,6.90,22.63,0.1562,6.40,1048.0,84.0
18295,142.9,7.00,22.63,0.1584,6.31,1048.0,84.0
18301,144.9,6.90,22.63,0.1562,6.40,1048.0,84.0
18308,142.9,7.00,22.63,0.1584,6.31,1048.0,84.0
18315,142.9,7.00,22.63,0.1584,6.31,1048.0,84.0
18322,144.9,6.90,22.63,0.1562,6.40,1048.0,84.0
18329,144.9,6.90,22.63,0.1562,6.40,1048.0,84.0
18336,142.9,7.00,22.63,0.1584,6.31,1048.0,84.0
18343,144.9,6.90,22.63,0.1562,6.40,1048.0,84.0
18350,142.9,7.00,22.63,0.1584,6.31,1048.0,84.0
18357,144.9,6.90,22.63,0.1561,6.40,1048.0,84.0
18364,142.9,7.00,22.63,0.1584,6.31,1048.0,84.0
18371,142.9,7.00,22.63,0.1584,6.31,1048.0,84.0
18378,144.9,6.90,22.63,0.1561,6.40,1048.0,84.0
18385,144.9,6.90,22.63,0.1561,6.40,1048.0,84.0
18392,144.9,6.90,22.63,0.1561,6.40,1048.0,84.0
18399,142.9,7.00,22.63,0.1584,6.32,1048.0,84.0
18406,147.1,6.80,22.63,0.1539,6.50,1048.0,84.0
18413,140.8,7.10,22.63,0.1606,6.22,1048.0,84.0
18420,144.9,6.90,22.63,0.1561,6.40,1048.0,84.0
18427,142.9,7.00,22.63,0.1584,6.32,1048.0,84.0
18433,144.9,6.90,22.63,0.1561,6.40,1048.0,84.0
18440,142.9,7.00,22.62,0.1584,6.32,1048.0,84.0
18447,144.9,6.90,22.62,0.1561,6.40,1048.0,84.0
18454,144.9,6.90,22.62,0.1561,6.40,1048.0,84.0
18461,142.9,7.00,22.62,0.1584,6.32,1048.0,84.0
18468,142.9,7.00,22.62,0.1584,6.32,1048.0,84.0
18475,144.9,6.90,22.62,0.1561,6.41,1048.0,84.0
18482,144.9,6.90,22.62,0.1561,6.41,1048.0,84.0
18489,144.9,6.90,22.62,0.1561,6.41,1048.0,84.0
18496,142.9,7.00,22.62,0.1583,6.32,1048.0,84.0
18503,142.9,7.00,22.62,0.1583,6.32,1048.0,84.0
18510,142.9,7.00,22.62,0.1583,6.32,1048.0,84.0
18517,144.9,6.90,22.62,0.1561,6.41,1048.0,84.0
18524,144.9,6.90,22.62,0.1561,6.41,1048.0,84.0
18531,144.9,6.90,22.62,0.1561,6.41,1048.0,84.0
18538,144.9,6.90,22.62,0.1561,6.41,1048.0,84.0
18545,142.9,7.00,22.62,0.1583,6.32,1048.0,84.0
18552,142.9,7.00,22.62,0.1583,6.32,1048.0,84.0
18558,144.9,6.90,22.62,0.1561,6.41,1048.0,84.0
18565,144.9,6.90,22.62,0.1561,6.41,1048.0,84.0
18572,142.9,7.00,22.62,0.1583,6.32,1048.0,84.0
18579,142.9,7.00,22.62,0.1583,6.32,1048.0,84.0
18586,144.9,6.90,22.62,0.1560,6.41,1048.0,84.0
18593,144.9,6.90,22.62,0.1560,6.41,1048.0,84.0
18600,144.9,6.90,22.62,0.1560,6.41,1048.0,84.0
18607,144.9,6.90,22.61,0.1560,6.41,1048.0,84.0
18614,142.9,7.00,22.61,0.1583,6.32,1048.0,84.0
18621,142.9,7.00,22.61,0.1583,6.32,1048.0,84.0
18628,144.9,6.90,22.61,0.1560,6.41,1048.0,84.0
18635,142.9,7.00,22.61,0.1583,6.32,1048.0,84.0
18642,144.9,6.90,22.61,0.1560,6.41,1048.0,84.0
18649,142.9,7.00,22.61,0.1583,6.32,1048.0,84.0
18656,144.9,6.90,22.61,0.1560,6.41,1048.0,84.0
18663,142.9,7.00,22.61,0.1583,6.32,1048.0,84.0
18670,142.9,7.00,22.61,0.1583,6.32,1048.0,84.0
18676,147.1,6.80,22.61,0.1538,6.51,1048.0,84.0
18683,142.9,7.00,22.61,0.1583,6.32,1048.0,84.0
18690,144.9,6.90,22.61,0.1560,6.41,1048.0,84.0
18697,142.9,7.00,22.61,0.1583,6.32,1048.0,84.0
18704,142.9,7.00,22.61,0.1583,6.32,1048.0,84.0
18711,144.9,6.90,22.61,0.1560,6.41,1048.0,84.0
18718,144.9,6.90,22.61,0.1560,6.41,1048.0,84.0
18725,142.9,7.00,22.61,0.1583,6.32,1048.0,84.0
18732,142.9,7.00,22.61,0.1582,6.32,1048.0,84.0
18739,144.9,6.90,22.61,0.1560,6.41,1048.0,84.0
18746,144.9,6.90,22.61,0.1560,6.41,1048.0,84.0
18753,142.9,7.00,22.61,0.1582,6.32,1048.0,84.0
18760,142.9,7.00,22.61,0.1582,6.32,1048.0,84.0
18767,147.1,6.80,22.61,0.1537,6.51,1048.0,84.0
18774,142.9,7.00,22.60,0.1582,6.32,1048.0,84.0
18781,142.9,7.00,22.60,0.1582,6.32,1048.0,84.0
18788,147.1,6.80,22.60,0.1537,6.51,1048.0,84.0
18795,142.9,7.00,22.60,0.1582,6.32,1048.0,84.0
18801,144.9,6.90,22.60,0.1560,6.41,1048.0,84.0
18808,142.9,7.00,22.60,0.1582,6.32,1048.0,84.0
18815,144.9,6.90,22.60,0.1560,6.41,1048.0,84.0
18822,144.9,6.90,22.60,0.1560,6.41,1048.0,84.0
18829,140.8,7.10,22.60,0.1605,6.23,1048.0,84.0
18836,147.1,6.80,22.60,0.1537,6.51,1048.0,84.0
18843,142.9,7.00,22.60,0.1582,6.32,1048.0,84.0
18850,142.9,7.00,22.60,0.1582,6.32,1048.0,84.0
18857,142.9,7.00,22.60,0.1582,6.32,1048.0,84.0
18864,147.1,6.80,22.60,0.1537,6.51,1048.0,84.0
18871,142.9,7.00,22.60,0.1582,6.32,1048.0,84.0
18878,142.9,7.00,22.60,0.1582,6.32,1048.0,84.0
18885,144.9,6.90,22.60,0.1559,6.41,1048.0,84.0
18892,144.9,6.90,22.60,0.1559,6.41,1048.0,84.0
18899,142.9,7.00,22.60,0.1582,6.32,1048.0,84.0
18906,147.1,6.80,22.60,0.1537,6.51,1048.0,84.0
18913,140.8,7.10,22.60,0.1604,6.23,1048.0,84.0
18920,144.9,6.90,22.60,0.1559,6.41,1048.0,84.0
18926,144.9,6.90,22.60,0.1559,6.41,1048.0,84.0
18933,142.9,7.00,22.60,0.1582,6.32,1048.0,84.0
18940,144.9,6.90,22.59,0.1559,6.41,1048.0,84.0
18947,142.9,7.00,22.59,0.1582,6.32,1048.0,84.0
18954,142.9,7.00,22.59,0.1582,6.32,1048.0,84.0
18961,147.1,6.80,22.59,0.1536,6.51,1048.0,84.0
18968,142.9,7.00,22.59,0.1582,6.32,1048.0,84.0
18975,142.9,7.00,22.59,0.1581,6.33,1048.0,84.0
18982,144.9,6.90,22.59,0.1559,6.41,1048.0,84.0
18989,144.9,6.90,22.59,0.1559,6.41,1048.0,84.0
18996,142.9,7.00,22.59,0.1581,6.33,1048.0,84.0
19003,142.9,7.00,22.59,0.1581,6.33,1048.0,84.0
19010,147.1,6.80,22.59,0.1536,6.51,1048.0,84.0
19017,142.9,7.00,22.59,0.1581,6.33,1048.0,84.0
19024,144.9,6.90,22.59,0.1559,6.41,1048.0,84.0
19031,142.9,7.00,22.59,0.1581,6.33,1048.0,84.0
19038,144.9,6.90,22.59,0.1559,6.41,1048.0,84.0
19045,142.9,7.00,22.59,0.1581,6.33,1048.0,84.0
19051,147.1,6.80,22.59,0.1536,6.51,1048.0,84.0
19058,142.9,7.00,22.59,0.1581,6.33,1048.0,84.0
19065,142.9,7.00,22.59,0.1581,6.33,1048.0,84.0
19072,144.9,6.90,22.59,0.1558,6.42,1048.0,84.0
19079,142.9,7.00,22.59,0.1581,6.33,1048.0,84.0
19086,144.9,6.90,22.59,0.1558,6.42,1048.0,84.0
19093,142.9,7.00,22.59,0.1581,6.33,1048.0,84.0
19100,142.9,7.00,22.59,0.1581,6.33,1048.0,84.0
19107,147.1,6.80,22.58,0.1536,6.51,1048.0,84.0
19114,142.9,7.00,22.58,0.1581,6.33,1048.0,84.0
19121,144.9,6.90,22.58,0.1558,6.42,1048.0,84.0
19128,144.9,6.90,22.58,0.1558,6.42,1048.0,84.0
19135,142.9,7.00,22.58,0.1581,6.33,1048.0,84.0
19142,142.9,7.00,22.58,0.1581,6.33,1048.0,84.0
19149,142.9,7.00,22.58,0.1581,6.33,1048.0,84.0
19156,142.9,7.00,22.58,0.1581,6.33,1048.0,84.0
19163,144.9,6.90,22.58,0.1558,6.42,1048.0,84.0
19170,144.9,6.90,22.58,0.1558,6.42,1048.0,84.0
19177,142.9,7.00,22.58,0.1581,6.33,1048.0,84.0
19183,144.9,6.90,22.58,0.1558,6.42,1048.0,84.0
19190,142.9,7.00,22.58,0.1581,6.33,1048.0,84.0
19197,147.1,6.80,22.58,0.1536,6.51,1048.0,84.0
19204,142.9,7.00,22.58,0.1581,6.33,1048.0,84.0
19211,142.9,7.00,22.58,0.1581,6.33,1048.0,84.0
19218,144.9,6.90,22.58,0.1558,6.42,1048.0,84.0
19225,142.9,7.00,22.58,0.1581,6.33,1048.0,84.0
19232,144.9,6.90,22.58,0.1558,6.42,1048.0,84.0
19239,144.9,6.90,22.58,0.1558,6.42,1048.0,84.0
19246,144.9,6.90,22.59,0.1558,6.42,1048.0,84.0
19253,144.9,6.90,22.59,0.1558,6.42,1048.0,84.0
19260,142.9,7.00,22.59,0.1581,6.33,1048.0,84.0
19267,142.9,7.00,22.59,0.1581,6.33,1048.0,84.0
19274,142.9,7.00,22.59,0.1581,6.33,1048.0,84.0
19281,144.9,6.90,22.59,0.1559,6.41,1048.0,84.0
19288,142.9,7.00,22.59,0.1581,6.33,1048.0,84.0
19295,144.9,6.90,22.59,0.1559,6.41,1048.0,84.0
19301,144.9,6.90,22.59,0.1559,6.41,1048.0,84.0
19308,142.9,7.00,22.59,0.1581,6.33,1048.0,84.0
19315,144.9,6.90,22.59,0.1559,6.41,1048.0,84.0
19322,142.9,7.00,22.59,0.1581,6.33,1048.0,84.0
19329,144.9,6.90,22.59,0.1559,6.41,1048.0,84.0
19336,142.9,7.00,22.59,0.1582,6.32,1048.0,84.0
19343,144.9,6.90,22.59,0.1559,6.41,1048.0,84.0
19350,142.9,7.00,22.59,0.1582,6.32,1048.0,84.0
19357,142.9,7.00,22.60,0.1582,6.32,1048.0,84.0
19364,147.1,6.80,22.60,0.1537,6.51,1048.0,84.0
19371,142.9,7.00,22.60,0.1582,6.32,1048.0,84.0
19378,142.9,7.00,22.60,0.1582,6.32,1048.0,84.0
19385,147.1,6.80,22.60,0.1537,6.51,1048.0,84.0
19392,140.8,7.10,22.60,0.1605,6.23,1048.0,84.0
19399,144.9,6.90,22.60,0.1559,6.41,1048.0,84.0
19406,144.9,6.90,22.60,0.1559,6.41,1048.0,84.0
19413,142.9,7.00,22.60,0.1582,6.32,1048.0,84.0
19420,144.9,6.90,22.60,0.1559,6.41,1048.0,84.0
19426,144.9,6.90,22.60,0.1560,6.41,1048.0,84.0
19433,144.9,6.90,22.60,0.1560,6.41,1048.0,84.0
19440,142.9,7.00,22.60,0.1582,6.32,1048.0,84.0
19447,142.9,7.00,22.60,0.1582,6.32,1048.0,84.0
19454,144.9,6.90,22.60,0.1560,6.41,1048.0,84.0
19461,142.9,7.00,22.60,0.1582,6.32,1048.0,84.0
19468,144.9,6.90,22.61,0.1560,6.41,1048.0,84.0
19475,144.9,6.90,22.61,0.1560,6.41,1048.0,84.0
19482,142.9,7.00,22.61,0.1582,6.32,1048.0,84.0
19489,144.9,6.90,22.61,0.1560,6.41,1048.0,84.0
19496,142.9,7.00,22.61,0.1583,6.32,1048.0,84.0
19503,142.9,7.00,22.61,0.1583,6.32,1048.0,84.0
19510,144.9,6.90,22.61,0.1560,6.41,1048.0,84.0
19517,142.9,7.00,22.61,0.1583,6.32,1048.0,84.0
19524,144.9,6.90,22.61,0.1560,6.41,1048.0,84.0
19531,144.9,6.90,22.61,0.1560,6.41,1048.0,84.0
19538,142.9,7.00,22.61,0.1583,6.32,1048.0,84.0
19544,147.1,6.80,22.61,0.1538,6.51,1048.0,84.0
19551,142.9,7.00,22.61,0.1583,6.32,1048.0,84.0
19558,144.9,6.90,22.61,0.1560,6.41,1048.0,84.0
19565,140.8,7.10,22.61,0.1606,6.23,1048.0,84.0
19572,144.9,6.90,22.61,0.1560,6.41,1048.0,84.0
19579,144.9,6.90,22.62,0.1560,6.41,1048.0,84.0
19586,142.9,7.00,22.62,0.1583,6.32,1048.0,84.0
19593,147.1,6.80,22.62,0.1538,6.50,1048.0,84.0
19600,142.9,7.00,22.62,0.1583,6.32,1048.0,84.0
19607,142.9,7.00,22.62,0.1583,6.32,1048.0,84.0
19614,144.9,6.90,22.62,0.1561,6.41,1048.0,84.0
19621,144.9,6.90,22.62,0.1561,6.41,1048.0,84.0
19628,142.9,7.00,22.62,0.1583,6.32,1048.0,84.0
19635,142.9,7.00,22.62,0.1583,6.32,1048.0,84.0
19642,144.9,6.90,22.62,0.1561,6.41,1048.0,84.0
19649,144.9,6.90,22.62,0.1561,6.41,1048.0,84.0
19656,142.9,7.00,22.62,0.1584,6.32,1048.0,84.0
19663,144.9,6.90,22.62,0.1561,6.40,1048.0,84.0
19670,142.9,7.00,22.62,0.1584,6.32,1048.0,84.0
19676,144.9,6.90,22.62,0.1561,6.40,1048.0,84.0
19683,142.9,7.00,22.62,0.1584,6.32,1048.0,84.0
19690,142.9,7.00,22.63,0.1584,6.32,1048.0,84.0
19697,144.9,6.90,22.63,0.1561,6.40,1048.0,84.0
19704,144.9,6.90,22.63,0.1561,6.40,1048.0,84.0
19711,142.9,7.00,22.63,0.1584,6.32,1048.0,84.0
19718,144.9,6.90,22.63,0.1561,6.40,1048.0,84.0
19725,144.9,6.90,22.63,0.1561,6.40,1048.0,84.0
19732,144.9,6.90,22.63,0.1561,6.40,1048.0,84.0
19739,140.8,7.10,22.63,0.1607,6.22,1048.0,84.0
19746,144.9,6.90,22.63,0.1562,6.40,1048.0,84.0
19753,144.9,6.90,22.63,0.1562,6.40,1048.0,84.0
19760,142.9,7.00,22.63,0.1584,6.31,1048.0,84.0
19767,144.9,6.90,22.63,0.1562,6.40,1048.0,84.0
19774,142.9,7.00,22.63,0.1584,6.31,1048.0,84.0
19781,144.9,6.90,22.63,0.1562,6.40,1048.0,84.0
19788,144.9,6.90,22.63,0.1562,6.40,1048.0,84.0
19795,142.9,7.00,22.63,0.1584,6.31,1048.0,84.0
19801,144.9,6.90,22.64,0.1562,6.40,1048.0,84.0
19808,144.9,6.90,22.64,0.1562,6.40,1048.0,84.0
19815,142.9,7.00,22.64,0.1585,6.31,1048.0,84.0
19822,144.9,6.90,22.64,0.1562,6.40,1048.0,84.0
19829,142.9,7.00,22.64,0.1585,6.31,1048.0,84.0
19836,144.9,6.90,22.64,0.1562,6.40,1048.0,84.0
19843,142.9,7.00,22.64,0.1585,6.31,1048.0,84.0
19850,144.9,6.90,22.64,0.1562,6.40,1048.0,84.0
19857,140.8,7.10,22.64,0.1607,6.22,1048.0,84.0
19864,147.1,6.80,22.64,0.1540,6.50,1048.0,84.0
19871,142.9,7.00,22.64,0.1585,6.31,1048.0,84.0
19878,144.9,6.90,22.64,0.1562,6.40,1048.0,84.0
19885,142.9,7.00,22.64,0.1585,6.31,1048.0,84.0
19892,144.9,6.90,22.64,0.1562,6.40,1048.0,84.0
19899,144.9,6.90,22.64,0.1562,6.40,1048.0,84.0
19906,142.9,7.00,22.64,0.1585,6.31,1048.0,84.0
19913,144.9,6.90,22.65,0.1563,6.40,1048.0,84.0
19920,142.9,7.00,22.65,0.1585,6.31,1048.0,84.0
19926,147.1,6.80,22.65,0.1540,6.50,1048.0,84.0
19933,140.8,7.10,22.65,0.1608,6.22,1048.0,84.0
19940,144.9,6.90,22.65,0.1563,6.40,1048.0,84.0
19947,144.9,6.90,22.65,0.1563,6.40,1048.0,84.0
19954,142.9,7.00,22.65,0.1585,6.31,1048.0,84.0
19961,142.9,7.00,22.65,0.1585,6.31,1048.0,84.0
19968,144.9,6.90,22.65,0.1563,6.40,1048.0,84.0
19975,144.9,6.90,22.65,0.1563,6.40,1048.0,84.0
19982,142.9,7.00,22.65,0.1586,6.31,1048.0,84.0
19989,144.9,6.90,22.65,0.1563,6.40,1048.0,84.0
19996,142.9,7.00,22.65,0.1586,6.31,1048.0,84.0
20003,144.9,6.90,22.65,0.1563,6.40,1048.0,84.0
20010,144.9,6.90,22.65,0.1563,6.40,1048.0,84.0
20017,142.9,7.00,22.65,0.1586,6.31,1048.0,84.0
20024,144.9,6.90,22.66,0.1563,6.40,1048.0,84.0
20031,142.9,7.00,22.66,0.1586,6.31,1048.0,84.0
20038,142.9,7.00,22.66,0.1586,6.31,1048.0,84.0
20044,147.1,6.80,22.66,0.1541,6.49,1048.0,84.0
20052,140.8,7.10,22.66,0.1609,6.21,1048.0,84.0
20059,142.9,7.00,22.66,0.1586,6.31,1048.0,84.0
20065,147.1,6.80,22.66,0.1541,6.49,1048.0,84.0
20072,144.9,6.90,22.66,0.1564,6.39,1048.0,84.0
20079,142.9,7.00,22.66,0.1586,6.31,1048.0,84.0
20086,142.9,7.00,22.66,0.1586,6.31,1048.0,84.0
20093,144.9,6.90,22.66,0.1564,6.39,1048.0,84.0
20100,144.9,6.90,22.66,0.1564,6.39,1048.0,84.0
20107,142.9,7.00,22.66,0.1586,6.31,1048.0,84.0
20114,144.9,6.90,22.66,0.1564,6.39,1048.0,84.0
20121,142.9,7.00,22.66,0.1587,6.31,1048.0,84.0
20128,144.9,6.90,22.66,0.1564,6.39,1048.0,84.0
20135,142.9,7.00,22.67,0.1587,6.30,1048.0,84.0
20142,144.9,6.90,22.67,0.1564,6.39,1048.0,84.0
20149,144.9,6.90,22.67,0.1564,6.39,1048.0,84.0
20156,142.9,7.00,22.67,0.1587,6.30,1048.0,84.0
20163,144.9,6.90,22.67,0.1564,6.39,1048.0,84.0
20170,142.9,7.00,22.67,0.1587,6.30,1048.0,84.0
20176,144.9,6.90,22.67,0.1564,6.39,1048.0,84.0
20183,142.9,7.00,22.67,0.1587,6.30,1048.0,84.0
20190,142.9,7.00,22.67,0.1587,6.30,1048.0,84.0
20197,147.1,6.80,22.67,0.1542,6.49,1048.0,84.0
20204,142.9,7.00,22.68,0.1587,6.30,1048.0,84.0
20211,142.9,7.00,22.68,0.1588,6.30,1048.0,84.0
20218,144.9,6.90,22.68,0.1565,6.39,1048.0,84.0
20225,142.9,7.00,22.68,0.1588,6.30,1048.0,84.0
20232,144.9,6.90,22.69,0.1565,6.39,1048.0,84.0
20239,144.9,6.90,22.69,0.1566,6.39,1048.0,84.1
20246,142.9,7.00,22.69,0.1588,6.30,1048.0,84.1
20253,142.9,7.00,22.69,0.1589,6.30,1048.0,84.1
20260,144.9,6.90,22.70,0.1566,6.38,1048.0,84.1
20267,144.9,6.90,22.70,0.1566,6.38,1048.0,84.1
20274,142.9,7.00,22.70,0.1589,6.29,1048.0,84.1
20281,144.9,6.90,22.70,0.1567,6.38,1048.0,84.1
20288,142.9,7.00,22.71,0.1589,6.29,1048.0,84.1
20295,144.9,6.90,22.71,0.1567,6.38,1048.0,84.1
20302,142.9,7.00,22.71,0.1590,6.29,1048.0,84.1
20308,144.9,6.90,22.71,0.1567,6.38,1048.0,84.1
20315,142.9,7.00,22.71,0.1590,6.29,1048.0,84.1
20322,144.9,6.90,22.72,0.1567,6.38,1048.0,84.1
20329,144.9,6.90,22.72,0.1568,6.38,1048.0,84.1
20336,142.9,7.00,22.72,0.1591,6.29,1048.0,84.2
20343,144.9,6.90,22.72,0.1568,6.38,1048.0,84.2
20350,144.9,6.90,22.73,0.1568,6.38,1048.0,84.2
20357,144.9,6.90,22.73,0.1568,6.38,1048.0,84.2
20364,142.9,7.00,22.73,0.1591,6.29,1048.0,84.2
20371,144.9,6.90,22.73,0.1569,6.37,1048.0,84.2
20378,142.9,7.00,22.74,0.1592,6.29,1048.0,84.2
20385,144.9,6.90,22.74,0.1569,6.37,1048.0,84.2
20392,142.9,7.00,22.74,0.1592,6.28,1048.0,84.2
20399,144.9,6.90,22.74,0.1569,6.37,1048.0,84.2
20406,142.9,7.00,22.75,0.1592,6.28,1048.0,84.2
20413,144.9,6.90,22.75,0.1570,6.37,1048.0,84.2
20420,142.9,7.00,22.75,0.1593,6.28,1048.0,84.2
20426,144.9,6.90,22.75,0.1570,6.37,1048.0,84.2
20433,144.9,6.90,22.75,0.1570,6.37,1048.0,84.2
20440,142.9,7.00,22.76,0.1593,6.28,1048.0,84.3
20447,142.9,7.00,22.76,0.1593,6.28,1048.0,84.3
20454,144.9,6.90,22.76,0.1571,6.37,1048.0,84.3
20461,142.9,7.00,22.76,0.1593,6.28,1048.0,84.3
20468,147.1,6.80,22.77,0.1548,6.46,1048.0,84.3
20475,142.9,7.00,22.77,0.1594,6.28,1048.0,84.3
20482,144.9,6.90,22.77,0.1571,6.36,1048.0,84.3
20489,142.9,7.00,22.77,0.1594,6.27,1048.0,84.3
20496,142.9,7.00,22.78,0.1594,6.27,1048.0,84.3
20503,144.9,6.90,22.78,0.1572,6.36,1048.0,84.3
20510,144.9,6.90,22.78,0.1572,6.36,1048.0,84.3
20517,142.9,7.00,22.78,0.1595,6.27,1048.0,84.3
20524,144.9,6.90,22.79,0.1572,6.36,1048.0,84.3
20531,142.9,7.00,22.79,0.1595,6.27,1048.0,84.3
20537,147.1,6.80,22.79,0.1550,6.45,1048.0,84.4
20545,140.8,7.10,22.79,0.1618,6.18,1048.0,84.4
20551,144.9,6.90,22.79,0.1573,6.36,1048.0,84.4
20558,144.9,6.90,22.80,0.1573,6.36,1048.0,84.4
20565,142.9,7.00,22.80,0.1596,6.27,1048.0,84.4
20572,142.9,7.00,22.80,0.1596,6.27,1048.0,84.4
20579,147.1,6.80,22.80,0.1551,6.45,1048.0,84.4
20586,142.9,7.00,22.81,0.1596,6.27,1048.0,84.4
20593,142.9,7.00,22.81,0.1597,6.27,1048.0,84.4
20600,144.9,6.90,22.81,0.1574,6.35,1048.0,84.4
20607,144.9,6.90,22.81,0.1574,6.35,1048.0,84.4
20614,142.9,7.00,22.82,0.1597,6.26,1048.0,84.4
20621,142.9,7.00,22.82,0.1597,6.26,1048.0,84.4
20628,144.9,6.90,22.82,0.1575,6.35,1048.0,84.4
20635,142.9,7.00,22.82,0.1598,6.26,1048.0,84.5
20642,144.9,6.90,22.83,0.1575,6.35,1048.0,84.5
20649,144.9,6.90,22.83,0.1575,6.35,1048.0,84.5
20656,144.9,6.90,22.83,0.1575,6.35,1048.0,84.5
20663,142.9,7.00,22.83,0.1598,6.26,1048.0,84.5
20670,142.9,7.00,22.84,0.1598,6.26,1048.0,84.5
20676,147.1,6.80,22.84,0.1553,6.44,1048.0,84.5
20683,142.9,7.00,22.84,0.1599,6.26,1048.0,84.5
20690,142.9,7.00,22.84,0.1599,6.26,1048.0,84.5
20697,144.9,6.90,22.84,0.1576,6.34,1048.0,84.5
20704,142.9,7.00,22.85,0.1599,6.25,1048.0,84.5
20711,144.9,6.90,22.85,0.1577,6.34,1048.0,84.5
20718,142.9,7.00,22.85,0.1600,6.25,1048.0,84.5
20725,142.9,7.00,22.85,0.1600,6.25,1048.0,84.5
20732,144.9,6.90,22.86,0.1577,6.34,1048.0,84.5
20739,144.9,6.90,22.86,0.1577,6.34,1048.0,84.6
20746,142.9,7.00,22.86,0.1600,6.25,1048.0,84.6
20753,144.9,6.90,22.86,0.1578,6.34,1048.0,84.6
20760,144.9,6.90,22.87,0.1578,6.34,1048.0,84.6
20767,144.9,6.90,22.87,0.1578,6.34,1048.0,84.6
20774,142.9,7.00,22.87,0.1601,6.25,1048.0,84.6
20781,144.9,6.90,22.87,0.1578,6.33,1048.0,84.6
20788,142.9,7.00,22.88,0.1601,6.25,1048.0,84.6
20794,144.9,6.90,22.88,0.1579,6.33,1048.0,84.6
20801,142.9,7.00,22.88,0.1602,6.25,1048.0,84.6
20808,147.1,6.80,22.88,0.1556,6.43,1048.0,84.6
20815,142.9,7.00,22.88,0.1602,6.24,1048.0,84.6
20822,140.8,7.10,22.89,0.1625,6.15,1048.0,84.6
20829,144.9,6.90,22.89,0.1579,6.33,1048.0,84.6
20836,144.9,6.90,22.89,0.1580,6.33,1048.0,84.7
20843,142.9,7.00,22.89,0.1603,6.24,1048.0,84.7
20850,144.9,6.90,22.90,0.1580,6.33,1048.0,84.7
20857,142.9,7.00,22.90,0.1603,6.24,1048.0,84.7
20864,144.9,6.90,22.90,0.1580,6.33,1048.0,84.7
20871,144.9,6.90,22.90,0.1580,6.33,1048.0,84.7
20878,140.8,7.10,22.91,0.1626,6.15,1048.0,84.7
20885,147.1,6.80,22.91,0.1558,6.42,1048.0,84.7
20892,142.9,7.00,22.91,0.1604,6.24,1048.0,84.7
20899,144.9,6.90,22.91,0.1581,6.32,1048.0,84.7
20906,142.9,7.00,22.92,0.1604,6.24,1048.0,84.7
20913,144.9,6.90,22.92,0.1581,6.32,1048.0,84.7
20920,142.9,7.00,22.92,0.1604,6.23,1048.0,84.7
20926,144.9,6.90,22.92,0.1582,6.32,1048.0,84.7
20933,144.9,6.90,22.92,0.1582,6.32,1048.0,84.7
20940,142.9,7.00,22.93,0.1605,6.23,1048.0,84.8
20947,144.9,6.90,22.93,0.1582,6.32,1048.0,84.8
20954,142.9,7.00,22.93,0.1605,6.23,1048.0,84.8
20961,147.1,6.80,22.93,0.1560,6.41,1048.0,84.8
20968,140.8,7.10,22.94,0.1628,6.14,1048.0,84.8
20975,144.9,6.90,22.94,0.1583,6.32,1048.0,84.8
20982,142.9,7.00,22.94,0.1606,6.23,1048.0,84.8
20989,144.9,6.90,22.94,0.1583,6.32,1048.0,84.8
20996,144.9,6.90,22.95,0.1583,6.31,1048.0,84.8
21003,142.9,7.00,22.95,0.1606,6.23,1048.0,84.8
21010,142.9,7.00,22.95,0.1607,6.23,1048.0,84.8
21017,144.9,6.90,22.95,0.1584,6.31,1048.0,84.8
21024,142.9,7.00,22.96,0.1607,6.23,1048.0,84.8
21031,144.9,6.90,22.96,0.1584,6.31,1048.0,84.8
21038,142.9,7.00,22.96,0.1607,6.22,1048.0,84.9
21045,144.9,6.90,22.96,0.1584,6.31,1048.0,84.9
21051,144.9,6.90,22.96,0.1585,6.31,1048.0,84.9
21058,142.9,7.00,22.97,0.1608,6.22,1048.0,84.9
21065,144.9,6.90,22.97,0.1585,6.31,1048.0,84.9
21072,142.9,7.00,22.97,0.1608,6.22,1048.0,84.9
21079,144.9,6.90,22.97,0.1585,6.31,1048.0,84.9
21086,142.9,7.00,22.98,0.1608,6.22,1048.0,84.9
21093,144.9,6.90,22.98,0.1586,6.31,1048.0,84.9
21100,144.9,6.90,22.98,0.1586,6.31,1048.0,84.9
21107,142.9,7.00,22.98,0.1609,6.22,1048.0,84.9
21114,147.1,6.80,22.99,0.1563,6.40,1048.0,84.9
21121,142.9,7.00,22.99,0.1609,6.22,1048.0,84.9
21128,142.9,7.00,22.99,0.1609,6.22,1048.0,84.9
21135,144.9,6.90,22.99,0.1587,6.30,1048.0,85.0
21142,142.9,7.00,23.00,0.1610,6.21,1048.0,85.0
21149,142.9,7.00,23.00,0.1610,6.21,1048.0,85.0
21156,147.1,6.80,23.00,0.1564,6.40,1048.0,85.0
21163,142.9,7.00,23.00,0.1610,6.21,1048.0,85.0
21170,142.9,7.00,23.01,0.1610,6.21,1048.0,85.0
21176,144.9,6.90,23.01,0.1588,6.30,1048.0,85.0
21183,144.9,6.90,23.01,0.1588,6.30,1048.0,85.0
21190,142.9,7.00,23.01,0.1611,6.21,1048.0,85.0
21197,144.9,6.90,23.01,0.1588,6.30,1048.0,85.0
21204,144.9,6.90,23.01,0.1588,6.30,1048.0,85.0
21211,142.9,7.00,23.01,0.1611,6.21,1048.0,85.0
21218,144.9,6.90,23.01,0.1588,6.30,1048.0,85.0
21225,142.9,7.00,23.02,0.1611,6.21,1048.0,85.0
21232,142.9,7.00,23.02,0.1611,6.21,1048.0,85.0
21239,144.9,6.90,23.02,0.1588,6.30,1048.0,85.0
21246,142.9,7.00,23.02,0.1611,6.21,1048.0,85.0
21253,144.9,6.90,23.02,0.1588,6.29,1048.0,85.0
21260,144.9,6.90,23.02,0.1588,6.29,1048.0,85.0
21267,144.9,6.90,23.02,0.1588,6.29,1048.0,85.0
21274,142.9,7.00,23.02,0.1612,6.21,1048.0,85.0
21281,144.9,6.90,23.02,0.1589,6.29,1048.0,85.0
21288,142.9,7.00,23.02,0.1612,6.21,1048.0,85.0
21294,144.9,6.90,23.02,0.1589,6.29,1048.0,85.0
21301,144.9,6.90,23.03,0.1589,6.29,1048.0,85.0
21308,142.9,7.00,23.03,0.1612,6.21,1048.0,85.0
21315,142.9,7.00,23.03,0.1612,6.21,1048.0,85.0
21322,142.9,7.00,23.03,0.1612,6.21,1048.0,85.0
21329,144.9,6.90,23.03,0.1589,6.29,1048.0,85.0
21336,142.9,7.00,23.03,0.1612,6.21,1048.0,85.0
21343,144.9,6.90,23.03,0.1589,6.29,1048.0,85.0
21350,147.1,6.80,23.03,0.1566,6.39,1048.0,85.0
21357,140.8,7.10,23.03,0.1635,6.11,1048.0,85.0
21364,144.9,6.90,23.03,0.1589,6.29,1048.0,85.0
21371,144.9,6.90,23.03,0.1589,6.29,1048.0,85.0
21378,144.9,6.90,23.04,0.1589,6.29,1048.0,85.0
21385,144.9,6.90,23.04,0.1589,6.29,1048.0,85.0
21392,140.8,7.10,23.04,0.1636,6.11,1048.0,85.0
21399,142.9,7.00,23.04,0.1613,6.20,1048.0,85.0
21406,147.1,6.80,23.04,0.1567,6.38,1048.0,85.0
21413,142.9,7.00,23.04,0.1613,6.20,1048.0,85.0
21419,144.9,6.90,23.04,0.1590,6.29,1048.0,85.0
21426,142.9,7.00,23.04,0.1613,6.20,1048.0,85.0
21433,142.9,7.00,23.04,0.1613,6.20,1048.0,85.0
21440,142.9,7.00,23.04,0.1613,6.20,1048.0,85.0
21447,144.9,6.90,23.04,0.1590,6.29,1048.0,85.0
21454,144.9,6.90,23.05,0.1590,6.29,1048.0,85.0
21461,142.9,7.00,23.05,0.1613,6.20,1048.0,85.0
21468,144.9,6.90,23.05,0.1590,6.29,1048.0,85.0
21475,142.9,7.00,23.05,0.1613,6.20,1048.0,85.0
21482,147.1,6.80,23.05,0.1567,6.38,1048.0,85.0
21489,142.9,7.00,23.05,0.1613,6.20,1048.0,85.0
21496,142.9,7.00,23.05,0.1614,6.20,1048.0,85.0
21503,144.9,6.90,23.05,0.1591,6.29,1048.0,85.0
21510,142.9,7.00,23.05,0.1614,6.20,1048.0,85.0
21517,144.9,6.90,23.05,0.1591,6.29,1048.0,85.0
21524,144.9,6.90,23.05,0.1591,6.29,1048.0,85.0
21531,142.9,7.00,23.06,0.1614,6.20,1048.0,85.0
21538,144.9,6.90,23.06,0.1591,6.28,1048.0,85.0
21545,140.8,7.10,23.06,0.1637,6.11,1048.0,85.0
21551,147.1,6.80,23.06,0.1568,6.38,1048.0,85.0
21558,142.9,7.00,23.06,0.1614,6.20,1048.0,85.0
21565,144.9,6.90,23.06,0.1591,6.28,1048.0,85.0
21572,144.9,6.90,23.06,0.1591,6.28,1048.0,85.0
21579,142.9,7.00,23.06,0.1614,6.20,1048.0,85.0
21586,144.9,6.90,23.06,0.1591,6.28,1048.0,85.0
21593,144.9,6.90,23.06,0.1591,6.28,1048.0,85.0
21600,142.9,7.00,23.06,0.1614,6.20,1048.0,85.0
21607,142.9,7.00,23.06,0.1615,6.20,1048.0,85.0
21614,144.9,6.90,23.07,0.1592,6.28,1048.0,85.0
21621,144.9,6.90,23.07,0.1592,6.28,1048.0,85.0
21628,144.9,6.90,23.07,0.1592,6.28,1048.0,85.0
21635,142.9,7.00,23.07,0.1615,6.19,1048.0,85.0
21642,144.9,6.90,23.07,0.1592,6.28,1048.0,85.0
21649,142.9,7.00,23.07,0.1615,6.19,1048.0,85.0
21656,144.9,6.90,23.07,0.1592,6.28,1048.0,85.0
21662,144.9,6.90,23.07,0.1592,6.28,1048.0,85.0
21670,140.8,7.10,23.07,0.1638,6.10,1048.0,85.0
21676,144.9,6.90,23.07,0.1592,6.28,1048.0,85.0
21683,144.9,6.90,23.07,0.1592,6.28,1048.0,85.0
21690,142.9,7.00,23.08,0.1615,6.19,1048.0,85.0
21697,144.9,6.90,23.08,0.1592,6.28,1048.0,85.0
21704,142.9,7.00,23.08,0.1615,6.19,1048.0,85.0
21711,144.9,6.90,23.08,0.1592,6.28,1048.0,85.0
21718,142.9,7.00,23.08,0.1616,6.19,1048.0,85.0
21725,144.9,6.90,23.08,0.1593,6.28,1048.0,85.0
21732,142.9,7.00,23.08,0.1616,6.19,1048.0,85.0
21739,144.9,6.90,23.08,0.1593,6.28,1048.0,85.0
21746,142.9,7.00,23.08,0.1616,6.19,1048.0,85.0
21753,144.9,6.90,23.08,0.1593,6.28,1048.0,85.0
21760,144.9,6.90,23.08,0.1593,6.28,1048.0,85.0
21767,144.9,6.90,23.09,0.1593,6.28,1048.0,85.0
21774,140.8,7.10,23.09,0.1639,6.10,1048.0,85.0
21781,144.9,6.90,23.09,0.1593,6.28,1048.0,85.0
21787,147.1,6.80,23.09,0.1570,6.37,1048.0,85.0
21795,140.8,7.10,23.09,0.1639,6.10,1048.0,85.0
21801,147.1,6.80,23.09,0.1570,6.37,1048.0,85.0
21808,142.9,7.00,23.09,0.1616,6.19,1048.0,85.0
21815,144.9,6.90,23.09,0.1593,6.27,1048.0,85.0
21822,142.9,7.00,23.09,0.1617,6.19,1048.0,85.0
21829,142.9,7.00,23.09,0.1617,6.19,1048.0,85.0
21836,144.9,6.90,23.09,0.1594,6.27,1048.0,85.0
21843,142.9,7.00,23.10,0.1617,6.19,1048.0,85.0
21850,144.9,6.90,23.10,0.1594,6.27,1048.0,85.0
21857,144.9,6.90,23.10,0.1594,6.27,1048.0,85.0
21864,142.9,7.00,23.10,0.1617,6.19,1048.0,85.0
21871,144.9,6.90,23.10,0.1594,6.27,1048.0,85.0
21878,142.9,7.00,23.10,0.1617,6.19,1048.0,85.0
21885,142.9,7.00,23.10,0.1617,6.19,1048.0,85.0
21892,147.1,6.80,23.10,0.1571,6.37,1048.0,85.0
21899,142.9,7.00,23.10,0.1617,6.19,1048.0,85.0
21906,144.9,6.90,23.10,0.1594,6.27,1048.0,85.0
21913,142.9,7.00,23.10,0.1617,6.18,1048.0,85.0
21920,142.9,7.00,23.11,0.1617,6.18,1048.0,85.0
21926,147.1,6.80,23.11,0.1571,6.37,1048.0,85.0
21933,142.9,7.00,23.11,0.1618,6.18,1048.0,85.0
21940,144.9,6.90,23.11,0.1594,6.27,1048.0,85.0
21947,142.9,7.00,23.11,0.1618,6.18,1048.0,85.0
21954,144.9,6.90,23.11,0.1595,6.27,1048.0,85.0
21961,144.9,6.90,23.11,0.1595,6.27,1048.0,85.0
21968,140.8,7.10,23.11,0.1641,6.09,1048.0,85.0
21975,144.9,6.90,23.11,0.1595,6.27,1048.0,85.0
21982,142.9,7.00,23.11,0.1618,6.18,1048.0,85.0
21989,144.9,6.90,23.11,0.1595,6.27,1048.0,85.0
21996,142.9,7.00,23.12,0.1618,6.18,1048.0,85.0
22003,147.1,6.80,23.12,0.1572,6.36,1048.0,85.0
22010,142.9,7.00,23.12,0.1618,6.18,1048.0,85.0
22017,142.9,7.00,23.12,0.1618,6.18,1048.0,85.0
22024,144.9,6.90,23.12,0.1595,6.27,1048.0,85.0
22031,142.9,7.00,23.12,0.1618,6.18,1048.0,85.0
22038,144.9,6.90,23.12,0.1595,6.27,1048.0,85.0
22044,144.9,6.90,23.12,0.1595,6.27,1048.0,85.0
22051,144.9,6.90,23.12,0.1595,6.27,1048.0,85.0
22058,142.9,7.00,23.12,0.1619,6.18,1048.0,85.0
22065,142.9,7.00,23.12,0.1619,6.18,1048.0,85.0
22072,144.9,6.90,23.13,0.1596,6.27,1048.0,85.0
22079,144.9,6.90,23.13,0.1596,6.27,1048.0,85.0
22086,144.9,6.90,23.13,0.1596,6.27,1048.0,85.0
22093,140.8,7.10,23.13,0.1642,6.09,1048.0,85.0
22100,144.9,6.90,23.13,0.1596,6.26,1048.0,85.0
22107,142.9,7.00,23.13,0.1619,6.18,1048.0,85.0
22114,144.9,6.90,23.13,0.1596,6.26,1048.0,85.0
22121,142.9,7.00,23.13,0.1619,6.18,1048.0,85.0
22128,144.9,6.90,23.13,0.1596,6.26,1048.0,85.0
22135,144.9,6.90,23.13,0.1596,6.26,1048.0,85.0
22142,144.9,6.90,23.13,0.1596,6.26,1048.0,85.0
22149,142.9,7.00,23.14,0.1619,6.18,1048.0,85.0
22156,144.9,6.90,23.14,0.1596,6.26,1048.0,85.0
22163,142.9,7.00,23.14,0.1620,6.18,1048.0,85.0
22169,144.9,6.90,23.14,0.1597,6.26,1048.0,85.0
22176,142.9,7.00,23.14,0.1620,6.18,1048.0,85.0
22183,147.1,6.80,23.14,0.1574,6.36,1048.0,85.0
22190,142.9,7.00,23.14,0.1620,6.18,1048.0,85.0
22197,142.9,7.00,23.14,0.1620,6.18,1048.0,85.0
22204,144.9,6.90,23.14,0.1596,6.26,1048.0,85.0
22211,142.9,7.00,23.13,0.1619,6.18,1048.0,85.0
22218,142.9,7.00,23.13,0.1619,6.18,1048.0,85.0
22225,147.1,6.80,23.13,0.1573,6.36,1048.0,85.0
22232,140.8,7.10,23.13,0.1642,6.09,1048.0,85.0
22239,142.9,7.00,23.13,0.1619,6.18,1048.0,85.0
22246,144.9,6.90,23.13,0.1596,6.27,1048.0,85.0
22253,144.9,6.90,23.13,0.1596,6.27,1048.0,85.0
22260,142.9,7.00,23.13,0.1619,6.18,1048.0,85.0
22267,144.9,6.90,23.12,0.1596,6.27,1048.0,85.0
22274,147.1,6.80,23.12,0.1572,6.36,1048.0,85.0
22281,142.9,7.00,23.12,0.1619,6.18,1048.0,85.0
22288,142.9,7.00,23.12,0.1618,6.18,1048.0,85.0
22294,144.9,6.90,23.12,0.1595,6.27,1048.0,85.0
22301,144.9,6.90,23.12,0.1595,6.27,1048.0,85.0
22308,142.9,7.00,23.12,0.1618,6.18,1048.0,85.0
22315,144.9,6.90,23.12,0.1595,6.27,1048.0,85.0
22322,142.9,7.00,23.11,0.1618,6.18,1048.0,85.0
22329,144.9,6.90,23.11,0.1595,6.27,1048.0,85.0
22336,144.9,6.90,23.11,0.1595,6.27,1048.0,85.0
22343,142.9,7.00,23.11,0.1618,6.18,1048.0,85.0
22350,144.9,6.90,23.11,0.1594,6.27,1048.0,85.0
22357,142.9,7.00,23.11,0.1617,6.18,1048.0,85.0
22364,142.9,7.00,23.11,0.1617,6.18,1048.0,85.0
22371,147.1,6.80,23.10,0.1571,6.37,1048.0,85.0
22378,140.8,7.10,23.10,0.1640,6.09,1048.0,85.0
22385,144.9,6.90,23.10,0.1594,6.27,1048.0,85.0
22392,144.9,6.90,23.10,0.1594,6.27,1048.0,85.0
22399,144.9,6.90,23.10,0.1594,6.27,1048.0,85.0
22405,144.9,6.90,23.10,0.1594,6.27,1048.0,85.0
22412,142.9,7.00,23.10,0.1617,6.19,1048.0,85.0
22419,142.9,7.00,23.10,0.1617,6.19,1048.0,85.0
22426,144.9,6.90,23.09,0.1593,6.27,1048.0,85.0
22433,142.9,7.00,23.09,0.1616,6.19,1048.0,85.0
22440,144.9,6.90,23.09,0.1593,6.28,1048.0,85.0
22447,144.9,6.90,23.09,0.1593,6.28,1048.0,85.0
22454,142.9,7.00,23.09,0.1616,6.19,1048.0,85.0
22461,142.9,7.00,23.09,0.1616,6.19,1048.0,85.0
22468,144.9,6.90,23.09,0.1593,6.28,1048.0,85.0
22475,142.9,7.00,23.08,0.1616,6.19,1048.0,85.0
22482,144.9,6.90,23.08,0.1593,6.28,1048.0,85.0
22489,142.9,7.00,23.08,0.1616,6.19,1048.0,85.0
22496,142.9,7.00,23.08,0.1616,6.19,1048.0,85.0
22503,144.9,6.90,23.08,0.1592,6.28,1048.0,85.0
22510,144.9,6.90,23.08,0.1592,6.28,1048.0,85.0
22517,144.9,6.90,23.08,0.1592,6.28,1048.0,85.0
22524,142.9,7.00,23.08,0.1615,6.19,1048.0,85.0
22531,144.9,6.90,23.07,0.1592,6.28,1048.0,85.0
22538,142.9,7.00,23.07,0.1615,6.19,1048.0,85.0
22544,144.9,6.90,23.07,0.1592,6.28,1048.0,85.0
22551,142.9,7.00,23.07,0.1615,6.19,1048.0,85.0
22558,142.9,7.00,23.07,0.1615,6.19,1048.0,85.0
22565,147.1,6.80,23.07,0.1569,6.38,1048.0,85.0
22572,142.9,7.00,23.07,0.1615,6.20,1048.0,85.0
22579,144.9,6.90,23.06,0.1591,6.28,1048.0,85.0
22586,142.9,7.00,23.06,0.1614,6.20,1048.0,85.0
22593,142.9,7.00,23.06,0.1614,6.20,1048.0,85.0
22600,147.1,6.80,23.06,0.1568,6.38,1048.0,85.0
22607,142.9,7.00,23.06,0.1614,6.20,1048.0,85.0
22614,144.9,6.90,23.06,0.1591,6.28,1048.0,85.0
22621,142.9,7.00,23.06,0.1614,6.20,1048.0,85.0
22628,144.9,6.90,23.06,0.1591,6.28,1048.0,85.0
22635,142.9,7.00,23.05,0.1614,6.20,1048.0,85.0
22642,144.9,6.90,23.05,0.1591,6.29,1048.0,85.0
22649,142.9,7.00,23.05,0.1614,6.20,1048.0,85.0
22656,142.9,7.00,23.05,0.1614,6.20,1048.0,85.0
22663,144.9,6.90,23.05,0.1590,6.29,1048.0,85.0
22670,142.9,7.00,23.05,0.1613,6.20,1048.0,85.0
22676,144.9,6.90,23.05,0.1590,6.29,1048.0,85.0
22683,144.9,6.90,23.05,0.1590,6.29,1048.0,85.0
22690,144.9,6.90,23.04,0.1590,6.29,1048.0,85.0
22697,142.9,7.00,23.04,0.1613,6.20,1048.0,85.0
22704,144.9,6.90,23.04,0.1590,6.29,1048.0,85.0
22711,142.9,7.00,23.04,0.1613,6.20,1048.0,85.0
22718,144.9,6.90,23.04,0.1590,6.29,1048.0,85.0
22725,142.9,7.00,23.04,0.1613,6.20,1048.0,85.0
22732,144.9,6.90,23.04,0.1589,6.29,1048.0,85.0
22739,142.9,7.00,23.03,0.1612,6.20,1048.0,85.0
22746,147.1,6.80,23.03,0.1566,6.39,1048.0,85.0
22753,140.8,7.10,23.03,0.1635,6.11,1048.0,85.0
22760,144.9,6.90,23.03,0.1589,6.29,1048.0,85.0
22767,142.9,7.00,23.03,0.1612,6.21,1048.0,85.0
22774,147.1,6.80,23.03,0.1566,6.39,1048.0,85.0
22781,142.9,7.00,23.03,0.1612,6.21,1048.0,85.0
22788,142.9,7.00,23.03,0.1612,6.21,1048.0,85.0
22794,144.9,6.90,23.02,0.1589,6.29,1048.0,85.0
22801,142.9,7.00,23.02,0.1612,6.21,1048.0,85.0
22808,144.9,6.90,23.02,0.1588,6.29,1048.0,85.0
22815,142.9,7.00,23.02,0.1611,6.21,1048.0,85.0
22822,144.9,6.90,23.02,0.1588,6.29,1048.0,85.0
22829,144.9,6.90,23.02,0.1588,6.30,1048.0,85.0
22836,142.9,7.00,23.02,0.1611,6.21,1048.0,85.0
22843,142.9,7.00,23.01,0.1611,6.21,1048.0,85.0
22850,144.9,6.90,23.01,0.1588,6.30,1048.0,85.0
22857,144.9,6.90,23.01,0.1588,6.30,1048.0,85.0
22864,144.9,6.90,23.01,0.1588,6.30,1048.0,85.0
22871,144.9,6.90,23.01,0.1588,6.30,1048.0,85.0
22878,140.8,7.10,23.01,0.1634,6.12,1048.0,85.0
22885,144.9,6.90,23.01,0.1587,6.30,1048.0,85.0
22892,144.9,6.90,23.01,0.1587,6.30,1048.0,85.0
22899,144.9,6.90,23.00,0.1587,6.30,1048.0,85.0
22906,142.9,7.00,23.00,0.1610,6.21,1048.0,85.0
22912,144.9,6.90,23.00,0.1587,6.30,1048.0,85.0
22919,142.9,7.00,23.00,0.1610,6.21,1048.0,85.0
22926,144.9,6.90,23.00,0.1587,6.30,1048.0,85.0
22933,144.9,6.90,23.00,0.1587,6.30,1048.0,85.0
22940,142.9,7.00,23.00,0.1610,6.21,1048.0,85.0
22947,144.9,6.90,23.00,0.1587,6.30,1048.0,85.0
22954,140.8,7.10,22.99,0.1633,6.12,1048.0,85.0
22961,144.9,6.90,22.99,0.1586,6.30,1048.0,85.0
22968,142.9,7.00,22.99,0.1609,6.22,1048.0,85.0
22975,144.9,6.90,22.99,0.1586,6.30,1048.0,85.0
22982,142.9,7.00,22.99,0.1609,6.22,1048.0,85.0
22989,147.1,6.80,22.99,0.1563,6.40,1048.0,85.0
22996,142.9,7.00,22.99,0.1609,6.22,1048.0,85.0
23003,144.9,6.90,22.98,0.1586,6.30,1048.0,85.0
23010,144.9,6.90,22.98,0.1586,6.30,1048.0,85.0
23017,140.8,7.10,22.98,0.1632,6.13,1048.0,85.0
23024,147.1,6.80,22.98,0.1563,6.40,1048.0,85.0
23031,142.9,7.00,22.98,0.1609,6.22,1048.0,85.0
23038,142.9,7.00,22.98,0.1608,6.22,1048.0,85.0
23044,144.9,6.90,22.98,0.1585,6.31,1048.0,85.0
23051,142.9,7.00,22.98,0.1608,6.22,1048.0,85.0
23058,144.9,6.90,22.97,0.1585,6.31,1048.0,85.0
23065,144.9,6.90,22.97,0.1585,6.31,1048.0,85.0
23072,144.9,6.90,22.97,0.1585,6.31,1048.0,85.0
23079,140.8,7.10,22.97,0.1631,6.13,1048.0,85.0
23086,144.9,6.90,22.97,0.1585,6.31,1048.0,85.0
23093,144.9,6.90,22.97,0.1585,6.31,1048.0,85.0
23100,144.9,6.90,22.97,0.1585,6.31,1048.0,85.0
23107,142.9,7.00,22.96,0.1608,6.22,1048.0,85.0
23114,142.9,7.00,22.96,0.1607,6.22,1048.0,85.0
23121,142.9,7.00,22.96,0.1607,6.22,1048.0,85.0
23128,144.9,6.90,22.96,0.1584,6.31,1048.0,85.0
23135,144.9,6.90,22.96,0.1584,6.31,1048.0,85.0
23142,144.9,6.90,22.96,0.1584,6.31,1048.0,85.0
23149,142.9,7.00,22.96,0.1607,6.22,1048.0,85.0
23156,144.9,6.90,22.96,0.1584,6.31,1048.0,85.0
23163,142.9,7.00,22.95,0.1607,6.23,1048.0,85.0
23170,142.9,7.00,22.95,0.1607,6.23,1048.0,85.0
23176,147.1,6.80,22.95,0.1561,6.41,1048.0,85.0
23183,144.9,6.90,22.95,0.1584,6.31,1048.0,85.0
23190,142.9,7.00,22.95,0.1606,6.23,1048.0,85.0
23197,142.9,7.00,22.95,0.1606,6.23,1048.0,85.0
23204,144.9,6.90,22.95,0.1583,6.31,1048.0,85.0
23211,142.9,7.00,22.95,0.1606,6.23,1048.0,85.0
23218,144.9,6.90,22.95,0.1583,6.31,1048.0,85.0
23225,144.9,6.90,22.95,0.1583,6.31,1048.0,85.0
23232,142.9,7.00,22.95,0.1606,6.23,1048.0,85.0
23239,144.9,6.90,22.95,0.1583,6.31,1048.0,85.0
23246,142.9,7.00,22.95,0.1606,6.23,1048.0,85.0
23253,142.9,7.00,22.95,0.1606,6.23,1048.0,85.0
23260,147.1,6.80,22.95,0.1560,6.41,1048.0,85.0
23267,142.9,7.00,22.95,0.1606,6.23,1048.0,85.0
23274,144.9,6.90,22.95,0.1583,6.31,1048.0,85.0
23281,140.8,7.10,22.95,0.1629,6.14,1048.0,85.0
23288,144.9,6.90,22.95,0.1583,6.31,1048.0,85.0
23294,144.9,6.90,22.95,0.1583,6.31,1048.0,85.0
23301,144.9,6.90,22.95,0.1583,6.32,1048.0,85.0
23308,142.9,7.00,22.95,0.1606,6.23,1048.0,85.0
23315,144.9,6.90,22.94,0.1583,6.32,1048.0,85.0
23322,142.9,7.00,22.94,0.1606,6.23,1048.0,85.0
23329,144.9,6.90,22.94,0.1583,6.32,1048.0,85.0
23336,142.9,7.00,22.94,0.1606,6.23,1048.0,85.0
23343,144.9,6.90,22.94,0.1583,6.32,1048.0,85.0
23350,144.9,6.90,22.94,0.1583,6.32,1048.0,85.0
23357,142.9,7.00,22.94,0.1606,6.23,1048.0,85.0
23364,142.9,7.00,22.94,0.1606,6.23,1048.0,85.0
23371,144.9,6.90,22.94,0.1583,6.32,1048.0,85.0
23378,142.9,7.00,22.94,0.1606,6.23,1048.0,85.0
23385,144.9,6.90,22.94,0.1583,6.32,1048.0,85.0
23392,142.9,7.00,22.94,0.1606,6.23,1048.0,85.0
23399,144.9,6.90,22.94,0.1583,6.32,1048.0,85.0
23406,144.9,6.90,22.94,0.1583,6.32,1048.0,85.0
23413,142.9,7.00,22.94,0.1606,6.23,1048.0,85.0
23419,144.9,6.90,22.94,0.1583,6.32,1048.0,85.0
23426,142.9,7.00,22.94,0.1606,6.23,1048.0,85.0
23433,144.9,6.90,22.94,0.1583,6.32,1048.0,85.0
23440,144.9,6.90,22.94,0.1583,6.32,1048.0,85.0
23447,142.9,7.00,22.94,0.1606,6.23,1048.0,85.0
23454,144.9,6.90,22.94,0.1583,6.32,1048.0,85.0
23461,144.9,6.90,22.94,0.1583,6.32,1048.0,85.0
23468,144.9,6.90,22.94,0.1583,6.32,1048.0,85.0
23475,140.8,7.10,22.94,0.1629,6.14,1048.0,85.0
23482,147.1,6.80,22.94,0.1560,6.41,1048.0,85.0
23489,140.8,7.10,22.94,0.1629,6.14,1048.0,85.0
23496,147.1,6.80,22.94,0.1560,6.41,1048.0,85.0
23503,140.8,7.10,22.94,0.1629,6.14,1048.0,85.0
23510,142.9,7.00,22.94,0.1606,6.23,1048.0,85.0
23517,142.9,7.00,22.94,0.1606,6.23,1048.0,85.0
23524,147.1,6.80,22.94,0.1560,6.41,1048.0,85.0
23531,144.9,6.90,22.94,0.1583,6.32,1048.0,85.0
23538,142.9,7.00,22.94,0.1606,6.23,1048.0,85.0
23544,144.9,6.90,22.94,0.1583,6.32,1048.0,85.0
23551,142.9,7.00,22.94,0.1605,6.23,1048.0,85.0
23558,144.9,6.90,22.94,0.1583,6.32,1048.0,85.0
23565,142.9,7.00,22.93,0.1605,6.23,1048.0,85.0
23572,142.9,7.00,22.93,0.1605,6.23,1048.0,85.0
23579,147.1,6.80,22.93,0.1560,6.41,1048.0,85.0
23586,144.9,6.90,22.93,0.1582,6.32,1048.0,85.0
23593,142.9,7.00,22.93,0.1605,6.23,1048.0,85.0
23600,142.9,7.00,22.93,0.1605,6.23,1048.0,85.0
23607,147.1,6.80,22.93,0.1559,6.41,1048.0,85.0
23614,142.9,7.00,22.93,0.1605,6.23,1048.0,85.0
23621,144.9,6.90,22.93,0.1582,6.32,1048.0,85.0
23628,142.9,7.00,22.93,0.1605,6.23,1048.0,85.0
23635,144.9,6.90,22.93,0.1582,6.32,1048.0,85.0
23642,142.9,7.00,22.93,0.1605,6.23,1048.0,85.0
23649,144.9,6.90,22.93,0.1582,6.32,1048.0,85.0
23656,142.9,7.00,22.93,0.1605,6.23,1048.0,85.0
23662,144.9,6.90,22.93,0.1582,6.32,1048.0,85.0
23669,142.9,7.00,22.93,0.1605,6.23,1048.0,85.0
23676,144.9,6.90,22.93,0.1582,6.32,1048.0,85.0
23683,142.9,7.00,22.93,0.1605,6.23,1048.0,85.0
23690,142.9,7.00,22.93,0.1605,6.23,1048.0,85.0
23697,147.1,6.80,22.93,0.1559,6.42,1048.0,85.0
23704,142.9,7.00,22.93,0.1605,6.23,1048.0,85.0
23711,142.9,7.00,22.93,0.1605,6.23,1048.0,85.0
23718,144.9,6.90,22.93,0.1582,6.32,1048.0,85.0
23725,144.9,6.90,22.93,0.1582,6.32,1048.0,85.0
23732,142.9,7.00,22.93,0.1605,6.23,1048.0,85.0
23739,144.9,6.90,22.93,0.1582,6.32,1048.0,85.0
23746,144.9,6.90,22.93,0.1582,6.32,1048.0,85.0
23753,142.9,7.00,22.93,0.1605,6.23,1048.0,85.0
23760,144.9,6.90,22.93,0.1582,6.32,1048.0,85.0
23767,142.9,7.00,22.93,0.1605,6.23,1048.0,85.0
23774,144.9,6.90,22.93,0.1582,6.32,1048.0,85.0
23780,144.9,6.90,22.93,0.1582,6.32,1048.0,85.0
23788,140.8,7.10,22.93,0.1628,6.14,1048.0,85.0
23794,144.9,6.90,22.93,0.1582,6.32,1048.0,85.0
23801,144.9,6.90,22.93,0.1582,6.32,1048.0,85.0
23808,142.9,7.00,22.93,0.1605,6.23,1048.0,85.0
23815,142.9,7.00,22.92,0.1605,6.23,1048.0,85.0
23822,147.1,6.80,22.92,0.1559,6.42,1048.0,85.0
23829,142.9,7.00,22.92,0.1605,6.23,1048.0,85.0
23836,144.9,6.90,22.92,0.1582,6.32,1048.0,85.0
23843,142.9,7.00,22.92,0.1605,6.23,1048.0,85.0
23850,144.9,6.90,22.92,0.1582,6.32,1048.0,85.0
23857,142.9,7.00,22.92,0.1605,6.23,1048.0,85.0
23864,144.9,6.90,22.92,0.1582,6.32,1048.0,85.0
23871,144.9,6.90,22.92,0.1582,6.32,1048.0,85.0
23878,140.8,7.10,22.92,0.1627,6.14,1048.0,85.0
23885,147.1,6.80,22.92,0.1559,6.42,1048.0,85.0
23892,142.9,7.00,22.92,0.1605,6.23,1048.0,85.0
23899,144.9,6.90,22.92,0.1582,6.32,1048.0,85.0
23906,142.9,7.00,22.92,0.1604,6.23,1048.0,85.0
23913,142.9,7.00,22.92,0.1604,6.23,1048.0,85.0
23919,144.9,6.90,22.92,0.1582,6.32,1048.0,85.0
23926,142.9,7.00,22.92,0.1604,6.23,1048.0,85.0
23933,144.9,6.90,22.92,0.1581,6.32,1048.0,85.0
23940,144.9,6.90,22.92,0.1581,6.32,1048.0,85.0
23947,142.9,7.00,22.92,0.1604,6.23,1048.0,85.0
23954,144.9,6.90,22.92,0.1581,6.32,1048.0,85.0
23961,144.9,6.90,22.92,0.1581,6.32,1048.0,85.0
23968,142.9,7.00,22.92,0.1604,6.24,1048.0,85.0
23975,144.9,6.90,22.92,0.1581,6.32,1048.0,85.0
23982,142.9,7.00,22.92,0.1604,6.24,1048.0,85.0
23989,144.9,6.90,22.92,0.1581,6.32,1048.0,85.0
23996,142.9,7.00,22.92,0.1604,6.24,1048.0,85.0
24003,144.9,6.90,22.92,0.1581,6.32,1048.0,85.0
24010,142.9,7.00,22.92,0.1604,6.24,1048.0,85.0
24017,144.9,6.90,22.92,0.1581,6.32,1048.0,85.0
24024,142.9,7.00,22.92,0.1604,6.24,1048.0,85.0
24030,147.1,6.80,22.92,0.1558,6.42,1048.0,85.0
24037,142.9,7.00,22.92,0.1604,6.24,1048.0,85.0
24044,142.9,7.00,22.92,0.1604,6.24,1048.0,85.0
24051,144.9,6.90,22.92,0.1581,6.32,1048.0,85.0
24058,144.9,6.90,22.92,0.1581,6.32,1048.0,85.0
24065,142.9,7.00,22.91,0.1604,6.24,1048.0,85.0
24072,144.9,6.90,22.91,0.1581,6.32,1048.0,85.0
24079,142.9,7.00,22.91,0.1604,6.24,1048.0,85.0
24086,144.9,6.90,22.91,0.1581,6.32,1048.0,85.0
24093,142.9,7.00,22.91,0.1604,6.24,1048.0,85.0
24100,144.9,6.90,22.91,0.1581,6.32,1048.0,85.0
24107,142.9,7.00,22.91,0.1604,6.24,1048.0,85.0
24114,144.9,6.90,22.91,0.1581,6.32,1048.0,85.0
24121,144.9,6.90,22.91,0.1581,6.32,1048.0,85.0
24128,142.9,7.00,22.91,0.1604,6.24,1048.0,85.0
24135,142.9,7.00,22.91,0.1604,6.24,1048.0,85.0
24142,142.9,7.00,22.91,0.1604,6.24,1048.0,85.0
24149,147.1,6.80,22.91,0.1558,6.42,1048.0,85.0
24156,142.9,7.00,22.91,0.1604,6.24,1048.0,85.0
24163,142.9,7.00,22.91,0.1604,6.24,1048.0,85.0
24169,144.9,6.90,22.91,0.1581,6.32,1048.0,85.0
24176,144.9,6.90,22.91,0.1581,6.32,1048.0,85.0
24183,142.9,7.00,22.91,0.1604,6.24,1048.0,85.0
24190,142.9,7.00,22.91,0.1604,6.24,1048.0,85.0
24197,144.9,6.90,22.91,0.1581,6.32,1048.0,85.0
24204,142.9,7.00,22.91,0.1604,6.24,1048.0,85.0
24211,147.1,6.80,22.91,0.1558,6.42,1048.0,85.0
24218,140.8,7.10,22.91,0.1627,6.15,1048.0,85.0
24225,144.9,6.90,22.91,0.1581,6.32,1048.0,85.0
24232,142.9,7.00,22.91,0.1604,6.24,1048.0,85.0
24239,144.9,6.90,22.91,0.1581,6.32,1048.0,85.0
24246,144.9,6.90,22.91,0.1581,6.32,1048.0,85.0
24253,142.9,7.00,22.91,0.1604,6.24,1048.0,85.0
24260,142.9,7.00,22.91,0.1604,6.24,1048.0,85.0
24267,144.9,6.90,22.91,0.1581,6.32,1048.0,85.0
24274,144.9,6.90,22.91,0.1581,6.32,1048.0,85.0
24281,144.9,6.90,22.91,0.1581,6.32,1048.0,85.0
24287,144.9,6.90,22.91,0.1581,6.32,1048.0,85.0
24294,144.9,6.90,22.91,0.1581,6.32,1048.0,85.0
24301,142.9,7.00,22.91,0.1604,6.24,1048.0,85.0
24308,144.9,6.90,22.91,0.1581,6.32,1048.0,85.0
24315,142.9,7.00,22.91,0.1604,6.24,1048.0,85.0
24322,144.9,6.90,22.91,0.1581,6.32,1048.0,85.0
24329,142.9,7.00,22.91,0.1604,6.24,1048.0,85.0
24336,144.9,6.90,22.91,0.1581,6.32,1048.0,85.0
24343,142.9,7.00,22.91,0.1604,6.24,1048.0,85.0
24350,144.9,6.90,22.91,0.1581,6.32,1048.0,85.0
24357,144.9,6.90,22.91,0.1581,6.32,1048.0,85.0
24364,144.9,6.90,22.91,0.1581,6.32,1048.0,85.0
24371,142.9,7.00,22.91,0.1604,6.24,1048.0,85.0
24378,144.9,6.90,22.91,0.1581,6.32,1048.0,85.0
24385,140.8,7.10,22.91,0.1627,6.15,1048.0,85.0
24392,144.9,6.90,22.91,0.1581,6.32,1048.0,85.0
24399,142.9,7.00,22.91,0.1604,6.24,1048.0,85.0
24406,144.9,6.90,22.91,0.1581,6.32,1048.0,85.0
24413,142.9,7.00,22.91,0.1604,6.24,1048.0,85.0
24419,144.9,6.90,22.91,0.1581,6.32,1048.0,85.0
24426,142.9,7.00,22.91,0.1604,6.24,1048.0,85.0
24433,144.9,6.90,22.91,0.1581,6.32,1048.0,85.0
24440,144.9,6.90,22.91,0.1581,6.32,1048.0,85.0
24447,144.9,6.90,22.91,0.1581,6.32,1048.0,85.0
24454,142.9,7.00,22.91,0.1604,6.24,1048.0,85.0
24461,142.9,7.00,22.91,0.1604,6.24,1048.0,85.0
24468,144.9,6.90,22.91,0.1581,6.32,1048.0,85.0
24475,144.9,6.90,22.91,0.1581,6.32,1048.0,85.0
24482,142.9,7.00,22.91,0.1604,6.24,1048.0,85.0
24489,144.9,6.90,22.91,0.1581,6.32,1048.0,85.0
24496,144.9,6.90,22.91,0.1581,6.32,1048.0,85.0
24503,140.8,7.10,22.91,0.1627,6.15,1048.0,85.0
24510,144.9,6.90,22.91,0.1581,6.32,1048.0,85.0
24517,144.9,6.90,22.91,0.1581,6.32,1048.0,85.0
24524,144.9,6.90,22.91,0.1581,6.32,1048.0,85.0
24531,142.9,7.00,22.91,0.1604,6.24,1048.0,85.0
24538,142.9,7.00,22.91,0.1604,6.24,1048.0,85.0
24544,144.9,6.90,22.91,0.1581,6.32,1048.0,85.0
24551,144.9,6.90,22.91,0.1581,6.32,1048.0,85.0
24558,142.9,7.00,22.91,0.1604,6.24,1048.0,85.0
24565,142.9,7.00,22.91,0.1604,6.24,1048.0,85.0
24572,147.1,6.80,22.91,0.1558,6.42,1048.0,85.0
24579,142.9,7.00,22.91,0.1604,6.24,1048.0,85.0
24586,142.9,7.00,22.91,0.1604,6.24,1048.0,85.0
24593,144.9,6.90,22.91,0.1581,6.32,1048.0,85.0
24600,144.9,6.90,22.91,0.1581,6.32,1048.0,85.0
24607,142.9,7.00,22.91,0.1604,6.24,1048.0,85.0
24614,144.9,6.90,22.91,0.1581,6.32,1048.0,85.0
24621,144.9,6.90,22.91,0.1581,6.32,1048.0,85.0
24628,142.9,7.00,22.91,0.1604,6.24,1048.0,85.0
24635,144.9,6.90,22.91,0.1581,6.32,1048.0,85.0
24642,142.9,7.00,22.91,0.1604,6.24,1048.0,85.0
24649,144.9,6.90,22.91,0.1581,6.32,1048.0,85.0
24656,142.9,7.00,22.91,0.1604,6.24,1048.0,85.0
24662,144.9,6.90,22.91,0.1581,6.32,1048.0,85.0
24669,144.9,6.90,22.91,0.1581,6.32,1048.0,85.0
24676,142.9,7.00,22.91,0.1604,6.24,1048.0,85.0
24683,144.9,6.90,22.91,0.1581,6.32,1048.0,85.0
24690,142.9,7.00,22.91,0.1604,6.24,1048.0,85.0
24697,144.9,6.90,22.91,0.1581,6.32,1048.0,85.0
24704,142.9,7.00,22.91,0.1604,6.24,1048.0,85.0
24711,144.9,6.90,22.91,0.1581,6.32,1048.0,85.0
24718,142.9,7.00,22.91,0.1604,6.24,1048.0,85.0
24725,142.9,7.00,22.91,0.1604,6.24,1048.0,85.0
24732,144.9,6.90,22.91,0.1581,6.32,1048.0,85.0
24739,144.9,6.90,22.91,0.1581,6.32,1048.0,85.0
24746,142.9,7.00,22.91,0.1604,6.24,1048.0,85.0
24753,142.9,7.00,22.91,0.1604,6.24,1048.0,85.0
24760,144.9,6.90,22.91,0.1581,6.32,1048.0,85.0
24767,144.9,6.90,22.91,0.1581,6.32,1048.0,85.0
24774,144.9,6.90,22.91,0.1581,6.32,1048.0,85.0
24781,142.9,7.00,22.91,0.1604,6.24,1048.0,85.0
24787,144.9,6.90,22.91,0.1581,6.32,1048.0,85.0
24794,144.9,6.90,22.91,0.1581,6.32,1048.0,85.0
24801,140.8,7.10,22.91,0.1627,6.15,1048.0,85.0
24808,144.9,6.90,22.91,0.1581,6.32,1048.0,85.0
24815,144.9,6.90,22.91,0.1581,6.32,1048.0,85.0
24822,142.9,7.00,22.91,0.1604,6.24,1048.0,85.0
24829,144.9,6.90,22.91,0.1581,6.32,1048.0,85.0
24836,147.1,6.80,22.91,0.1558,6.42,1048.0,85.0
24843,140.8,7.10,22.91,0.1627,6.15,1048.0,85.0
24850,144.9,6.90,22.91,0.1581,6.32,1048.0,85.0
24857,142.9,7.00,22.91,0.1604,6.24,1048.0,85.0
24864,144.9,6.90,22.91,0.1581,6.32,1048.0,85.0
24871,142.9,7.00,22.91,0.1604,6.24,1048.0,85.0
24878,147.1,6.80,22.91,0.1558,6.42,1048.0,85.0
24885,140.8,7.10,22.91,0.1627,6.15,1048.0,85.0
24892,144.9,6.90,22.91,0.1581,6.32,1048.0,85.0
24899,142.9,7.00,22.91,0.1604,6.24,1048.0,85.0
24906,144.9,6.90,22.91,0.1581,6.32,1048.0,85.0
24912,144.9,6.90,22.91,0.1581,6.32,1048.0,85.0
24919,144.9,6.90,22.91,0.1581,6.32,1048.0,85.0
24926,142.9,7.00,22.91,0.1604,6.24,1048.0,85.0
24933,142.9,7.00,22.91,0.1604,6.24,1048.0,85.0
24940,144.9,6.90,22.91,0.1581,6.32,1048.0,85.0
24947,144.9,6.90,22.91,0.1581,6.32,1048.0,85.0
24954,142.9,7.00,22.91,0.1604,6.24,1048.0,85.0
24961,142.9,7.00,22.91,0.1604,6.24,1048.0,85.0
24968,147.1,6.80,22.91,0.1558,6.42,1048.0,85.0
24975,142.9,7.00,22.91,0.1604,6.24,1048.0,85.0
24982,144.9,6.90,22.91,0.1581,6.32,1048.0,85.0
24989,142.9,7.00,22.91,0.1604,6.24,1048.0,85.0
24996,142.9,7.00,22.91,0.1604,6.24,1048.0,85.0
25003,144.9,6.90,22.91,0.1581,6.32,1048.0,85.0
25010,142.9,7.00,22.91,0.1604,6.24,1048.0,85.0
25017,147.1,6.80,22.91,0.1558,6.42,1048.0,85.0
25024,142.9,7.00,22.91,0.1604,6.24,1048.0,85.0
25030,144.9,6.90,22.91,0.1581,6.32,1048.0,85.0
25037,142.9,7.00,22.91,0.1604,6.24,1048.0,85.0
25044,147.1,6.80,22.91,0.1558,6.42,1048.0,85.0
25051,140.8,7.10,22.91,0.1627,6.15,1048.0,85.0
25058,144.9,6.90,22.91,0.1581,6.32,1048.0,85.0
25065,142.9,7.00,22.91,0.1604,6.24,1048.0,85.0
25072,144.9,6.90,22.91,0.1581,6.32,1048.0,85.0
25079,142.9,7.00,22.91,0.1604,6.24,1048.0,85.0
25086,144.9,6.90,22.91,0.1581,6.32,1048.0,85.0
25093,142.9,7.00,22.91,0.1604,6.24,1048.0,85.0
25100,144.9,6.90,22.91,0.1581,6.32,1048.0,85.0
25107,144.9,6.90,22.91,0.1581,6.32,1048.0,85.0
25114,142.9,7.00,22.91,0.1604,6.24,1048.0,85.0
25121,144.9,6.90,22.91,0.1581,6.32,1048.0,85.0
25128,142.9,7.00,22.91,0.1604,6.24,1048.0,85.0
25135,144.9,6.90,22.91,0.1581,6.32,1048.0,85.0
25142,142.9,7.00,22.91,0.1604,6.24,1048.0,85.0
25149,144.9,6.90,22.91,0.1581,6.32,1048.0,85.0
25156,142.9,7.00,22.91,0.1604,6.24,1048.0,85.0
25162,144.9,6.90,22.91,0.1581,6.32,1048.0,85.0
25169,144.9,6.90,22.91,0.1581,6.32,1048.0,85.0
25176,144.9,6.90,22.91,0.1581,6.32,1048.0,85.0
25183,142.9,7.00,22.91,0.1604,6.24,1048.0,85.0
25190,142.9,7.00,22.91,0.1604,6.24,1048.0,85.0
25197,144.9,6.90,22.91,0.1581,6.32,1048.0,85.0
25204,142.9,7.00,22.91,0.1604,6.24,1048.0,85.0
25211,142.9,7.00,22.91,0.1604,6.24,1048.0,85.0
25218,147.1,6.80,22.91,0.1558,6.42,1048.0,85.0
25225,142.9,7.00,22.91,0.1604,6.24,1048.0,85.0
25232,142.9,7.00,22.91,0.1604,6.24,1048.0,85.0
25239,144.9,6.90,22.91,0.1581,6.32,1048.0,85.0
25246,142.9,7.00,22.91,0.1604,6.24,1048.0,85.0
25253,147.1,6.80,22.91,0.1558,6.42,1048.0,85.0
25260,142.9,7.00,22.91,0.1604,6.24,1048.0,85.0
25267,144.9,6.90,22.91,0.1581,6.32,1048.0,85.0
25274,142.9,7.00,22.91,0.1604,6.24,1048.0,85.0
25280,144.9,6.90,22.91,0.1581,6.32,1048.0,85.0
25287,142.9,7.00,22.91,0.1604,6.24,1048.0,85.0
25294,144.9,6.90,22.91,0.1581,6.32,1048.0,85.0
25301,142.9,7.00,22.91,0.1604,6.24,1048.0,85.0
25308,144.9,6.90,22.91,0.1581,6.32,1048.0,85.0
25315,144.9,6.90,22.91,0.1581,6.32,1048.0,85.0
25322,142.9,7.00,22.91,0.1604,6.24,1048.0,85.0
25329,142.9,7.00,22.91,0.1604,6.24,1048.0,85.0
25336,144.9,6.90,22.91,0.1581,6.32,1048.0,85.0
25343,144.9,6.90,22.91,0.1581,6.32,1048.0,85.0
25350,142.9,7.00,22.91,0.1604,6.24,1048.0,85.0
25357,144.9,6.90,22.92,0.1581,6.32,1048.0,85.0
25364,142.9,7.00,22.92,0.1604,6.24,1048.0,85.0
25371,144.9,6.90,22.92,0.1581,6.32,1048.0,85.0
25378,142.9,7.00,22.92,0.1604,6.24,1048.0,85.0
25385,144.9,6.90,22.92,0.1581,6.32,1048.0,85.0
25392,144.9,6.90,22.92,0.1581,6.32,1048.0,85.0
25399,140.8,7.10,22.92,0.1627,6.14,1048.0,85.0
25405,147.1,6.80,22.92,0.1558,6.42,1048.0,85.0
25413,140.8,7.10,22.92,0.1627,6.14,1048.0,85.0
25419,147.1,6.80,22.92,0.1558,6.42,1048.0,85.0
25426,144.9,6.90,22.92,0.1581,6.32,1048.0,85.0
25433,142.9,7.00,22.92,0.1604,6.24,1048.0,85.0
25440,142.9,7.00,22.92,0.1604,6.24,1048.0,85.0
25447,144.9,6.90,22.92,0.1581,6.32,1048.0,85.0
25454,142.9,7.00,22.92,0.1604,6.24,1048.0,85.0
25461,144.9,6.90,22.92,0.1581,6.32,1048.0,85.0
25468,144.9,6.90,22.92,0.1581,6.32,1048.0,85.0
25475,142.9,7.00,22.92,0.1604,6.24,1048.0,85.0
25482,142.9,7.00,22.92,0.1604,6.24,1048.0,85.0
25489,144.9,6.90,22.92,0.1581,6.32,1048.0,85.0
25496,142.9,7.00,22.92,0.1604,6.23,1048.0,85.0
25503,144.9,6.90,22.92,0.1581,6.32,1048.0,85.0
25510,142.9,7.00,22.92,0.1604,6.23,1048.0,85.0
25517,144.9,6.90,22.92,0.1581,6.32,1048.0,85.0
25524,144.9,6.90,22.92,0.1581,6.32,1048.0,85.0
25530,144.9,6.90,22.92,0.1582,6.32,1048.0,85.0
25537,142.9,7.00,22.92,0.1604,6.23,1048.0,85.0
25544,142.9,7.00,22.92,0.1604,6.23,1048.0,85.0
25551,144.9,6.90,22.92,0.1582,6.32,1048.0,85.0
25558,142.9,7.00,22.92,0.1604,6.23,1048.0,85.0
25565,144.9,6.90,22.92,0.1582,6.32,1048.0,85.0
25572,144.9,6.90,22.92,0.1582,6.32,1048.0,85.0
25579,142.9,7.00,22.92,0.1605,6.23,1048.0,85.0
25586,144.9,6.90,22.92,0.1582,6.32,1048.0,85.0
25593,142.9,7.00,22.92,0.1605,6.23,1048.0,85.0
25600,142.9,7.00,22.92,0.1605,6.23,1048.0,85.0
25607,144.9,6.90,22.92,0.1582,6.32,1048.0,85.0
25614,147.1,6.80,22.92,0.1559,6.42,1048.0,85.0
25621,142.9,7.00,22.92,0.1605,6.23,1048.0,85.0
25628,144.9,6.90,22.92,0.1582,6.32,1048.0,85.0
25635,140.8,7.10,22.92,0.1628,6.14,1048.0,85.0
25642,144.9,6.90,22.92,0.1582,6.32,1048.0,85.0
25649,144.9,6.90,22.92,0.1582,6.32,1048.0,85.0
25655,144.9,6.90,22.92,0.1582,6.32,1048.0,85.0
25662,142.9,7.00,22.92,0.1605,6.23,1048.0,85.0
25669,142.9,7.00,22.92,0.1605,6.23,1048.0,85.0
25676,147.1,6.80,22.92,0.1559,6.42,1048.0,85.0
25683,142.9,7.00,22.92,0.1605,6.23,1048.0,85.0
25690,142.9,7.00,22.93,0.1605,6.23,1048.0,85.0
25697,144.9,6.90,22.93,0.1582,6.32,1048.0,85.0
25704,142.9,7.00,22.93,0.1605,6.23,1048.0,85.0
25711,144.9,6.90,22.93,0.1582,6.32,1048.0,85.0
25718,142.9,7.00,22.93,0.1605,6.23,1048.0,85.0
25725,144.9,6.90,22.93,0.1582,6.32,1048.0,85.0
25732,144.9,6.90,22.93,0.1582,6.32,1048.0,85.0
25739,142.9,7.00,22.93,0.1605,6.23,1048.0,85.0
25746,144.9,6.90,22.93,0.1582,6.32,1048.0,85.0
25753,142.9,7.00,22.93,0.1605,6.23,1048.0,85.0
25760,142.9,7.00,22.93,0.1605,6.23,1048.0,85.0
25767,147.1,6.80,22.93,0.1559,6.42,1048.0,85.0
25774,142.9,7.00,22.93,0.1605,6.23,1048.0,85.0
25780,144.9,6.90,22.93,0.1582,6.32,1048.0,85.0
25787,144.9,6.90,22.93,0.1582,6.32,1048.0,85.0
25794,142.9,7.00,22.93,0.1605,6.23,1048.0,85.0
25801,142.9,7.00,22.93,0.1605,6.23,1048.0,85.0
25808,142.9,7.00,22.93,0.1605,6.23,1048.0,85.0
25815,144.9,6.90,22.93,0.1582,6.32,1048.0,85.0
25822,142.9,7.00,22.93,0.1605,6.23,1048.0,85.0
25829,144.9,6.90,22.93,0.1582,6.32,1048.0,85.0
25836,144.9,6.90,22.93,0.1582,6.32,1048.0,85.0
25843,142.9,7.00,22.93,0.1605,6.23,1048.0,85.0
25850,147.1,6.80,22.93,0.1559,6.42,1048.0,85.0
25857,142.9,7.00,22.93,0.1605,6.23,1048.0,85.0
25864,144.9,6.90,22.93,0.1582,6.32,1048.0,85.0
25871,142.9,7.00,22.93,0.1605,6.23,1048.0,85.0
25878,142.9,7.00,22.93,0.1605,6.23,1048.0,85.0
25885,142.9,7.00,22.93,0.1605,6.23,1048.0,85.0
25892,144.9,6.90,22.93,0.1582,6.32,1048.0,85.0
25899,142.9,7.00,22.93,0.1605,6.23,1048.0,85.0
25906,144.9,6.90,22.93,0.1582,6.32,1048.0,85.0
25913,142.9,7.00,22.93,0.1605,6.23,1048.0,85.0
25919,144.9,6.90,22.93,0.1582,6.32,1048.0,85.0
25926,144.9,6.90,22.93,0.1582,6.32,1048.0,85.0
25933,144.9,6.90,22.93,0.1582,6.32,1048.0,85.0
25940,142.9,7.00,22.93,0.1605,6.23,1048.0,85.0
25947,142.9,7.00,22.93,0.1605,6.23,1048.0,85.0
25954,147.1,6.80,22.93,0.1559,6.41,1048.0,85.0
25961,142.9,7.00,22.93,0.1605,6.23,1048.0,85.0
25968,142.9,7.00,22.93,0.1605,6.23,1048.0,85.0
25975,147.1,6.80,22.93,0.1559,6.41,1048.0,85.0
25982,142.9,7.00,22.93,0.1605,6.23,1048.0,85.0
25989,142.9,7.00,22.93,0.1605,6.23,1048.0,85.0
25996,144.9,6.90,22.93,0.1582,6.32,1048.0,85.0
26003,142.9,7.00,22.93,0.1605,6.23,1048.0,85.0
26010,144.9,6.90,22.93,0.1582,6.32,1048.0,85.0
26017,142.9,7.00,22.93,0.1605,6.23,1048.0,85.0
26024,144.9,6.90,22.94,0.1583,6.32,1048.0,85.0
26031,142.9,7.00,22.94,0.1605,6.23,1048.0,85.0
26037,144.9,6.90,22.94,0.1583,6.32,1048.0,85.0
26044,144.9,6.90,22.94,0.1583,6.32,1048.0,85.0
26051,142.9,7.00,22.94,0.1606,6.23,1048.0,85.0
26058,142.9,7.00,22.94,0.1606,6.23,1048.0,85.0
26065,144.9,6.90,22.94,0.1583,6.32,1048.0,85.0
26072,144.9,6.90,22.94,0.1583,6.32,1048.0,85.0
26079,142.9,7.00,22.94,0.1606,6.23,1048.0,85.0
26086,144.9,6.90,22.94,0.1583,6.32,1048.0,85.0
26093,142.9,7.00,22.94,0.1606,6.23,1048.0,85.0
26100,147.1,6.80,22.94,0.1560,6.41,1048.0,85.0
26107,142.9,7.00,22.94,0.1606,6.23,1048.0,85.0
26114,142.9,7.00,22.94,0.1606,6.23,1048.0,85.0
26121,144.9,6.90,22.94,0.1583,6.32,1048.0,85.0
26128,142.9,7.00,22.94,0.1606,6.23,1048.0,85.0
26135,144.9,6.90,22.94,0.1583,6.32,1048.0,85.0
26142,144.9,6.90,22.94,0.1583,6.32,1048.0,85.0
26149,142.9,7.00,22.94,0.1606,6.23,1048.0,85.0
26156,142.9,7.00,22.94,0.1606,6.23,1048.0,85.0
26163,142.9,7.00,22.94,0.1606,6.23,1048.0,85.0
26169,144.9,6.90,22.94,0.1583,6.32,1048.0,85.0
26176,144.9,6.90,22.94,0.1583,6.32,1048.0,85.0
26183,144.9,6.90,22.94,0.1583,6.32,1048.0,85.0
26190,142.9,7.00,22.94,0.1606,6.23,1048.0,85.0
26197,144.9,6.90,22.94,0.1583,6.32,1048.0,85.0
26204,142.9,7.00,22.93,0.1605,6.23,1048.0,85.0
26211,144.9,6.90,22.93,0.1582,6.32,1048.0,85.0
26218,144.9,6.90,22.93,0.1582,6.32,1048.0,85.0
26225,142.9,7.00,22.93,0.1605,6.23,1048.0,85.0
26232,142.9,7.00,22.93,0.1605,6.23,1048.0,85.0
26239,144.9,6.90,22.92,0.1582,6.32,1048.0,85.0
26246,142.9,7.00,22.92,0.1604,6.23,1048.0,85.0
26253,144.9,6.90,22.92,0.1581,6.32,1048.0,85.0
26260,144.9,6.90,22.92,0.1581,6.32,1048.0,85.0
26267,142.9,7.00,22.92,0.1604,6.24,1048.0,85.0
26274,144.9,6.90,22.91,0.1581,6.32,1048.0,85.0
26280,144.9,6.90,22.91,0.1581,6.32,1048.0,85.0
26288,140.8,7.10,22.91,0.1627,6.15,1048.0,85.0
26294,147.1,6.80,22.91,0.1558,6.42,1048.0,85.0
26301,142.9,7.00,22.90,0.1603,6.24,1048.0,85.0
26308,144.9,6.90,22.90,0.1580,6.33,1048.0,85.0
26315,144.9,6.90,22.90,0.1580,6.33,1048.0,85.0
26322,142.9,7.00,22.90,0.1603,6.24,1048.0,85.0
26329,144.9,6.90,22.90,0.1580,6.33,1048.0,85.0
26336,144.9,6.90,22.89,0.1580,6.33,1048.0,85.0
26343,142.9,7.00,22.89,0.1602,6.24,1048.0,85.0
26350,142.9,7.00,22.89,0.1602,6.24,1048.0,85.0
26357,142.9,7.00,22.89,0.1602,6.24,1048.0,85.0
26364,144.9,6.90,22.89,0.1579,6.33,1048.0,85.0
26371,144.9,6.90,22.88,0.1579,6.33,1048.0,85.0
26378,142.9,7.00,22.88,0.1602,6.25,1048.0,85.0
26385,144.9,6.90,22.88,0.1579,6.33,1048.0,85.0
26392,144.9,6.90,22.88,0.1579,6.33,1048.0,85.0
26399,142.9,7.00,22.88,0.1601,6.25,1048.0,85.0
26406,142.9,7.00,22.87,0.1601,6.25,1048.0,85.0
26412,144.9,6.90,22.87,0.1578,6.34,1048.0,85.0
26419,142.9,7.00,22.87,0.1601,6.25,1048.0,85.0
26426,144.9,6.90,22.87,0.1578,6.34,1048.0,85.0
26433,144.9,6.90,22.87,0.1578,6.34,1048.0,85.0
26440,142.9,7.00,22.86,0.1600,6.25,1048.0,85.0
26447,142.9,7.00,22.86,0.1600,6.25,1048.0,85.0
26454,144.9,6.90,22.86,0.1577,6.34,1048.0,85.0
26461,144.9,6.90,22.86,0.1577,6.34,1048.0,85.0
26468,142.9,7.00,22.85,0.1600,6.25,1048.0,85.0
26475,144.9,6.90,22.85,0.1577,6.34,1048.0,85.0
26482,142.9,7.00,22.85,0.1600,6.25,1048.0,85.0
26489,144.9,6.90,22.85,0.1577,6.34,1048.0,85.0
26496,144.9,6.90,22.85,0.1576,6.34,1048.0,85.0
26503,144.9,6.90,22.84,0.1576,6.34,1048.0,85.0
26510,140.8,7.10,22.84,0.1622,6.16,1048.0,85.0
26517,144.9,6.90,22.84,0.1576,6.34,1048.0,85.0
26524,144.9,6.90,22.84,0.1576,6.34,1048.0,85.0
26531,142.9,7.00,22.84,0.1599,6.26,1048.0,85.0
26537,144.9,6.90,22.83,0.1576,6.35,1048.0,85.0
26544,142.9,7.00,22.83,0.1598,6.26,1048.0,85.0
26551,144.9,6.90,22.83,0.1575,6.35,1048.0,85.0
26558,144.9,6.90,22.83,0.1575,6.35,1048.0,85.0
26565,142.9,7.00,22.83,0.1598,6.26,1048.0,85.0
26572,142.9,7.00,22.82,0.1598,6.26,1048.0,85.0
26579,144.9,6.90,22.82,0.1575,6.35,1048.0,85.0
26586,144.9,6.90,22.82,0.1575,6.35,1048.0,85.0
26593,142.9,7.00,22.82,0.1597,6.26,1048.0,85.0
26600,144.9,6.90,22.82,0.1574,6.35,1048.0,85.0
26607,144.9,6.90,22.81,0.1574,6.35,1048.0,85.0
26614,144.9,6.90,22.81,0.1574,6.35,1048.0,85.0
26621,142.9,7.00,22.81,0.1597,6.27,1048.0,85.0
26628,144.9,6.90,22.81,0.1574,6.35,1048.0,85.0
26635,140.8,7.10,22.80,0.1619,6.17,1048.0,85.0
26642,144.9,6.90,22.80,0.1573,6.35,1048.0,85.0
26649,144.9,6.90,22.80,0.1573,6.36,1048.0,85.0
26655,144.9,6.90,22.80,0.1573,6.36,1048.0,85.0
26662,142.9,7.00,22.80,0.1596,6.27,1048.0,85.0
26669,144.9,6.90,22.79,0.1573,6.36,1048.0,85.0
26676,142.9,7.00,22.79,0.1595,6.27,1048.0,85.0
26683,144.9,6.90,22.79,0.1573,6.36,1048.0,85.0
26690,142.9,7.00,22.79,0.1595,6.27,1048.0,85.0
26697,142.9,7.00,22.79,0.1595,6.27,1048.0,85.0
26704,142.9,7.00,22.78,0.1595,6.27,1048.0,85.0
26711,144.9,6.90,22.78,0.1572,6.36,1048.0,85.0
26718,144.9,6.90,22.78,0.1572,6.36,1048.0,85.0
26725,144.9,6.90,22.78,0.1572,6.36,1048.0,85.0
26732,142.9,7.00,22.78,0.1594,6.27,1048.0,85.0
26739,142.9,7.00,22.77,0.1594,6.27,1048.0,85.0
26746,147.1,6.80,22.77,0.1548,6.46,1048.0,85.0
26753,142.9,7.00,22.77,0.1594,6.28,1048.0,85.0
26760,144.9,6.90,22.77,0.1571,6.36,1048.0,85.0
26767,142.9,7.00,22.77,0.1594,6.28,1048.0,85.0
26774,144.9,6.90,22.76,0.1571,6.37,1048.0,85.0
26780,144.9,6.90,22.76,0.1571,6.37,1048.0,85.0
26787,144.9,6.90,22.76,0.1570,6.37,1048.0,85.0
26794,142.9,7.00,22.76,0.1593,6.28,1048.0,85.0
26801,142.9,7.00,22.75,0.1593,6.28,1048.0,85.0
26808,142.9,7.00,22.75,0.1593,6.28,1048.0,85.0
26815,147.1,6.80,22.75,0.1547,6.47,1048.0,85.0
26822,142.9,7.00,22.75,0.1592,6.28,1048.0,85.0
26829,142.9,7.00,22.75,0.1592,6.28,1048.0,85.0
26836,144.9,6.90,22.74,0.1569,6.37,1048.0,85.0
26843,142.9,7.00,22.74,0.1592,6.28,1048.0,85.0
26850,144.9,6.90,22.74,0.1569,6.37,1048.0,85.0
26857,144.9,6.90,22.74,0.1569,6.37,1048.0,85.0
26864,142.9,7.00,22.74,0.1592,6.29,1048.0,85.0
26871,144.9,6.90,22.73,0.1569,6.37,1048.0,85.0
26878,142.9,7.00,22.73,0.1591,6.29,1048.0,85.0
26885,144.9,6.90,22.73,0.1568,6.37,1048.0,85.0
26892,144.9,6.90,22.73,0.1568,6.38,1048.0,85.0
26899,142.9,7.00,22.73,0.1591,6.29,1048.0,85.0
26906,142.9,7.00,22.72,0.1591,6.29,1048.0,85.0
26912,144.9,6.90,22.72,0.1568,6.38,1048.0,85.0
26919,142.9,7.00,22.72,0.1590,6.29,1048.0,85.0
26926,147.1,6.80,22.72,0.1545,6.48,1048.0,85.0
26933,142.9,7.00,22.72,0.1590,6.29,1048.0,85.0
26940,142.9,7.00,22.71,0.1590,6.29,1048.0,85.0
26947,142.9,7.00,22.71,0.1590,6.29,1048.0,85.0
26954,147.1,6.80,22.71,0.1544,6.48,1048.0,85.0
26961,142.9,7.00,22.71,0.1589,6.29,1048.0,85.0
26968,144.9,6.90,22.70,0.1567,6.38,1048.0,85.0
26975,142.9,7.00,22.70,0.1589,6.29,1048.0,85.0
26982,144.9,6.90,22.70,0.1566,6.38,1048.0,85.0
26989,140.8,7.10,22.70,0.1612,6.20,1048.0,85.0
26996,147.1,6.80,22.70,0.1543,6.48,1048.0,85.0
27003,142.9,7.00,22.69,0.1589,6.30,1048.0,85.0
27010,144.9,6.90,22.69,0.1566,6.39,1048.0,85.0
27017,144.9,6.90,22.69,0.1566,6.39,1048.0,85.0
27023,144.9,6.90,22.69,0.1565,6.39,1048.0,85.0
27031,140.8,7.10,22.69,0.1611,6.21,1048.0,85.0
27037,147.1,6.80,22.68,0.1543,6.48,1048.0,85.0
27044,140.8,7.10,22.68,0.1610,6.21,1048.0,85.0
27051,144.9,6.90,22.68,0.1565,6.39,1048.0,85.0
27058,142.9,7.00,22.68,0.1587,6.30,1048.0,85.0
27065,144.9,6.90,22.68,0.1565,6.39,1048.0,85.0
27072,144.9,6.90,22.67,0.1564,6.39,1048.0,85.0
27079,144.9,6.90,22.67,0.1564,6.39,1048.0,85.0
27086,142.9,7.00,22.67,0.1587,6.30,1048.0,85.0
27093,142.9,7.00,22.67,0.1587,6.30,1048.0,85.0
27100,144.9,6.90,22.67,0.1564,6.39,1048.0,85.0
27107,142.9,7.00,22.66,0.1586,6.31,1048.0,85.0
27114,147.1,6.80,22.66,0.1541,6.49,1048.0,85.0
27121,142.9,7.00,22.66,0.1586,6.31,1048.0,85.0
27128,142.9,7.00,22.66,0.1586,6.31,1048.0,85.0
27135,144.9,6.90,22.65,0.1563,6.40,1048.0,85.0
27142,142.9,7.00,22.65,0.1586,6.31,1048.0,85.0
27149,144.9,6.90,22.65,0.1563,6.40,1048.0,85.0
27156,142.9,7.00,22.65,0.1585,6.31,1048.0,85.0
27162,144.9,6.90,22.65,0.1563,6.40,1048.0,85.0
27169,142.9,7.00,22.64,0.1585,6.31,1048.0,85.0
27176,144.9,6.90,22.64,0.1562,6.40,1048.0,85.0
27183,144.9,6.90,22.64,0.1562,6.40,1048.0,85.0
27190,144.9,6.90,22.64,0.1562,6.40,1048.0,85.0
27197,142.9,7.00,22.64,0.1585,6.31,1048.0,85.0
27204,142.9,7.00,22.64,0.1585,6.31,1048.0,85.0
27211,144.9,6.90,22.64,0.1562,6.40,1048.0,85.0
27218,142.9,7.00,22.64,0.1585,6.31,1048.0,85.0
27225,144.9,6.90,22.64,0.1562,6.40,1048.0,85.0
27232,144.9,6.90,22.64,0.1562,6.40,1048.0,85.0
27239,142.9,7.00,22.63,0.1584,6.31,1048.0,85.0
27246,142.9,7.00,22.63,0.1584,6.31,1048.0,85.0
27253,144.9,6.90,22.63,0.1562,6.40,1048.0,85.0
27260,142.9,7.00,22.63,0.1584,6.31,1048.0,85.0
27267,144.9,6.90,22.63,0.1562,6.40,1048.0,85.0
27274,144.9,6.90,22.63,0.1562,6.40,1048.0,85.0
27281,142.9,7.00,22.63,0.1584,6.31,1048.0,85.0
27287,147.1,6.80,22.63,0.1539,6.50,1048.0,85.0
27294,142.9,7.00,22.63,0.1584,6.31,1048.0,85.0
27301,142.9,7.00,22.63,0.1584,6.32,1048.0,85.0
27308,144.9,6.90,22.63,0.1561,6.40,1048.0,85.0
27315,142.9,7.00,22.63,0.1584,6.32,1048.0,85.0
27322,144.9,6.90,22.63,0.1561,6.40,1048.0,85.0
27329,144.9,6.90,22.63,0.1561,6.40,1048.0,85.0
27336,142.9,7.00,22.62,0.1584,6.32,1048.0,85.0
27343,142.9,7.00,22.62,0.1584,6.32,1048.0,85.0
27350,147.1,6.80,22.62,0.1538,6.50,1048.0,85.0
27357,142.9,7.00,22.62,0.1584,6.32,1048.0,85.0
27364,142.9,7.00,22.62,0.1584,6.32,1048.0,85.0
27371,147.1,6.80,22.62,0.1538,6.50,1048.0,85.0
27378,140.8,7.10,22.62,0.1606,6.22,1048.0,85.0
27385,144.9,6.90,22.62,0.1561,6.41,1048.0,85.0
27392,144.9,6.90,22.62,0.1561,6.41,1048.0,85.0
27398,144.9,6.90,22.62,0.1561,6.41,1048.0,85.0
27405,142.9,7.00,22.62,0.1583,6.32,1048.0,85.0
27412,142.9,7.00,22.62,0.1583,6.32,1048.0,85.0
27419,144.9,6.90,22.62,0.1561,6.41,1048.0,85.0
27426,144.9,6.90,22.62,0.1560,6.41,1048.0,85.0
27433,142.9,7.00,22.62,0.1583,6.32,1048.0,85.0
27440,144.9,6.90,22.61,0.1560,6.41,1048.0,85.0
27447,144.9,6.90,22.61,0.1560,6.41,1048.0,85.0
27454,142.9,7.00,22.61,0.1583,6.32,1048.0,85.0
27461,142.9,7.00,22.61,0.1583,6.32,1048.0,85.0
27468,144.9,6.90,22.61,0.1560,6.41,1048.0,85.0
27475,142.9,7.00,22.61,0.1583,6.32,1048.0,85.0
27482,142.9,7.00,22.61,0.1583,6.32,1048.0,85.0
27489,144.9,6.90,22.61,0.1560,6.41,1048.0,85.0
27496,144.9,6.90,22.61,0.1560,6.41,1048.0,85.0
27503,144.9,6.90,22.61,0.1560,6.41,1048.0,85.0
27510,142.9,7.00,22.61,0.1583,6.32,1048.0,85.0
27517,142.9,7.00,22.61,0.1582,6.32,1048.0,85.0
27524,144.9,6.90,22.61,0.1560,6.41,1048.0,85.0
27530,147.1,6.80,22.61,0.1537,6.51,1048.0,85.0
27537,140.8,7.10,22.60,0.1605,6.23,1048.0,85.0
27544,142.9,7.00,22.60,0.1582,6.32,1048.0,85.0
27551,144.9,6.90,22.60,0.1560,6.41,1048.0,85.0
27558,144.9,6.90,22.60,0.1560,6.41,1048.0,85.0
27565,144.9,6.90,22.60,0.1560,6.41,1048.0,85.0
27572,142.9,7.00,22.60,0.1582,6.32,1048.0,85.0
27579,144.9,6.90,22.60,0.1559,6.41,1048.0,85.0
27586,142.9,7.00,22.60,0.1582,6.32,1048.0,85.0
27593,142.9,7.00,22.60,0.1582,6.32,1048.0,85.0
27600,144.9,6.90,22.60,0.1559,6.41,1048.0,85.0
27607,144.9,6.90,22.60,0.1559,6.41,1048.0,85.0
27614,144.9,6.90,22.60,0.1559,6.41,1048.0,85.0
27621,142.9,7.00,22.60,0.1582,6.32,1048.0,85.0
27628,144.9,6.90,22.60,0.1559,6.41,1048.0,85.0
27635,144.9,6.90,22.59,0.1559,6.41,1048.0,85.0
27642,140.8,7.10,22.59,0.1604,6.23,1048.0,85.0
27649,144.9,6.90,22.59,0.1559,6.41,1048.0,85.0
27655,144.9,6.90,22.59,0.1559,6.41,1048.0,85.0
27662,144.9,6.90,22.59,0.1559,6.41,1048.0,85.0
27669,144.9,6.90,22.59,0.1559,6.41,1048.0,85.0
27676,142.9,7.00,22.59,0.1581,6.33,1048.0,85.0
27683,142.9,7.00,22.59,0.1581,6.33,1048.0,85.0
27690,142.9,7.00,22.59,0.1581,6.33,1048.0,85.0
27697,144.9,6.90,22.59,0.1559,6.41,1048.0,85.0
27704,144.9,6.90,22.59,0.1559,6.41,1048.0,85.0
27711,142.9,7.00,22.59,0.1581,6.33,1048.0,85.0
27718,142.9,7.00,22.59,0.1581,6.33,1048.0,85.0
27725,144.9,6.90,22.59,0.1558,6.42,1048.0,85.0
27732,144.9,6.90,22.59,0.1558,6.42,1048.0,85.0
27739,142.9,7.00,22.58,0.1581,6.33,1048.0,85.0
27746,144.9,6.90,22.58,0.1558,6.42,1048.0,85.0
27753,142.9,7.00,22.58,0.1581,6.33,1048.0,85.0
27760,144.9,6.90,22.58,0.1558,6.42,1048.0,85.0
27767,144.9,6.90,22.58,0.1558,6.42,1048.0,85.0
27773,144.9,6.90,22.58,0.1558,6.42,1048.0,85.0
27781,140.8,7.10,22.58,0.1603,6.24,1048.0,85.0
27787,144.9,6.90,22.58,0.1558,6.42,1048.0,85.0
27794,144.9,6.90,22.58,0.1558,6.42,1048.0,85.0
27801,142.9,7.00,22.58,0.1580,6.33,1048.0,85.0
27808,144.9,6.90,22.58,0.1558,6.42,1048.0,85.0
27815,147.1,6.80,22.58,0.1535,6.52,1048.0,85.0
27822,140.8,7.10,22.58,0.1603,6.24,1048.0,85.0
27829,144.9,6.90,22.58,0.1558,6.42,1048.0,85.0
27836,144.9,6.90,22.57,0.1558,6.42,1048.0,85.0
27843,142.9,7.00,22.57,0.1580,6.33,1048.0,85.0
27850,144.9,6.90,22.57,0.1558,6.42,1048.0,85.0
27857,142.9,7.00,22.57,0.1580,6.33,1048.0,85.0
27864,142.9,7.00,22.57,0.1580,6.33,1048.0,85.0
27871,144.9,6.90,22.57,0.1557,6.42,1048.0,85.0
27878,144.9,6.90,22.57,0.1557,6.42,1048.0,85.0
27885,144.9,6.90,22.57,0.1557,6.42,1048.0,85.0
27892,142.9,7.00,22.57,0.1580,6.33,1048.0,85.0
27898,144.9,6.90,22.57,0.1557,6.42,1048.0,85.0
27905,144.9,6.90,22.57,0.1557,6.42,1048.0,85.0
27912,142.9,7.00,22.57,0.1580,6.33,1048.0,85.0
27919,144.9,6.90,22.57,0.1557,6.42,1048.0,85.0
27926,142.9,7.00,22.57,0.1580,6.33,1048.0,85.0
27933,142.9,7.00,22.57,0.1580,6.33,1048.0,85.0
27940,142.9,7.00,22.56,0.1580,6.33,1048.0,85.0
27947,144.9,6.90,22.56,0.1557,6.42,1048.0,85.0
27954,144.9,6.90,22.56,0.1557,6.42,1048.0,85.0
27961,144.9,6.90,22.56,0.1557,6.42,1048.0,85.0
27968,142.9,7.00,22.56,0.1579,6.33,1048.0,85.0
27975,144.9,6.90,22.56,0.1557,6.42,1048.0,85.0
27982,142.9,7.00,22.56,0.1579,6.33,1048.0,85.0
27989,144.9,6.90,22.56,0.1557,6.42,1048.0,85.0
27996,140.8,7.10,22.56,0.1602,6.24,1048.0,85.0
28003,144.9,6.90,22.56,0.1557,6.42,1048.0,85.0
28010,144.9,6.90,22.56,0.1556,6.42,1048.0,85.0
28017,142.9,7.00,22.56,0.1579,6.34,1048.0,85.0
28024,144.9,6.90,22.56,0.1556,6.42,1048.0,85.0
28030,144.9,6.90,22.56,0.1556,6.42,1048.0,85.0
28037,142.9,7.00,22.55,0.1579,6.34,1048.0,85.0
28044,144.9,6.90,22.55,0.1556,6.42,1048.0,85.0
28051,142.9,7.00,22.55,0.1579,6.34,1048.0,85.0
28058,144.9,6.90,22.55,0.1556,6.42,1048.0,85.0
28065,144.9,6.90,22.55,0.1556,6.43,1048.0,85.0
28072,142.9,7.00,22.55,0.1579,6.34,1048.0,85.0
28079,144.9,6.90,22.55,0.1556,6.43,1048.0,85.0
28086,144.9,6.90,22.55,0.1556,6.43,1048.0,85.0
28093,142.9,7.00,22.55,0.1578,6.34,1048.0,85.0
28100,144.9,6.90,22.55,0.1556,6.43,1048.0,85.0
28107,142.9,7.00,22.55,0.1578,6.34,1048.0,85.0
28114,144.9,6.90,22.55,0.1556,6.43,1048.0,85.0
28121,144.9,6.90,22.55,0.1556,6.43,1048.0,85.0
28128,140.8,7.10,22.55,0.1601,6.25,1048.0,85.0
28135,144.9,6.90,22.54,0.1556,6.43,1048.0,85.0
28142,142.9,7.00,22.54,0.1578,6.34,1048.0,85.0
28149,144.9,6.90,22.54,0.1556,6.43,1048.0,85.0
28155,144.9,6.90,22.54,0.1555,6.43,1048.0,85.0
28162,144.9,6.90,22.54,0.1555,6.43,1048.0,85.0
28169,142.9,7.00,22.54,0.1578,6.34,1048.0,85.0
28176,142.9,7.00,22.54,0.1578,6.34,1048.0,85.0
28183,144.9,6.90,22.54,0.1555,6.43,1048.0,85.0
28190,144.9,6.90,22.54,0.1555,6.43,1048.0,85.0
28197,142.9,7.00,22.55,0.1578,6.34,1048.0,85.0
28204,142.9,7.00,22.55,0.1578,6.34,1048.0,85.0
28211,147.1,6.80,22.55,0.1534,6.52,1048.0,85.0
28218,142.9,7.00,22.56,0.1579,6.34,1048.0,85.0
28225,142.9,7.00,22.56,0.1579,6.33,1048.0,85.0
28232,147.1,6.80,22.56,0.1534,6.52,1048.0,85.0
28239,142.9,7.00,22.57,0.1580,6.33,1048.0,85.0
28246,140.8,7.10,22.57,0.1602,6.24,1048.0,85.0
28253,147.1,6.80,22.57,0.1535,6.52,1048.0,85.0
28260,142.9,7.00,22.57,0.1580,6.33,1048.0,85.0
28267,144.9,6.90,22.58,0.1558,6.42,1048.0,85.0
28273,144.9,6.90,22.58,0.1558,6.42,1048.0,85.0
28280,144.9,6.90,22.58,0.1558,6.42,1048.0,85.0
28287,142.9,7.00,22.59,0.1581,6.33,1048.0,85.0
28294,142.9,7.00,22.59,0.1581,6.33,1048.0,85.0
28301,142.9,7.00,22.59,0.1582,6.32,1048.0,85.0
28308,142.9,7.00,22.60,0.1582,6.32,1048.0,85.0
28315,144.9,6.90,22.60,0.1559,6.41,1048.0,85.0
28322,144.9,6.90,22.60,0.1560,6.41,1048.0,85.0
28329,144.9,6.90,22.61,0.1560,6.41,1048.0,85.0
28336,142.9,7.00,22.61,0.1583,6.32,1048.0,85.0
28343,144.9,6.90,22.61,0.1560,6.41,1048.0,85.0
28350,142.9,7.00,22.62,0.1583,6.32,1048.0,85.0
28357,147.1,6.80,22.62,0.1538,6.50,1048.0,85.0
28364,142.9,7.00,22.62,0.1584,6.32,1048.0,85.0
28371,142.9,7.00,22.63,0.1584,6.32,1048.0,85.0
28378,144.9,6.90,22.63,0.1561,6.40,1048.0,85.0
28385,142.9,7.00,22.63,0.1584,6.31,1048.0,85.0
28392,142.9,7.00,22.64,0.1584,6.31,1048.0,85.0
28398,147.1,6.80,22.64,0.1539,6.50,1048.0,85.0
28406,140.8,7.10,22.64,0.1608,6.22,1048.0,85.0
28412,144.9,6.90,22.64,0.1562,6.40,1048.0,85.0
28419,144.9,6.90,22.65,0.1563,6.40,1048.0,85.0
28426,144.9,6.90,22.65,0.1563,6.40,1048.0,85.0
28433,144.9,6.90,22.65,0.1563,6.40,1048.0,85.0
28440,142.9,7.00,22.66,0.1586,6.31,1048.0,85.0
28447,142.9,7.00,22.66,0.1586,6.31,1048.0,85.0
28454,142.9,7.00,22.66,0.1586,6.31,1048.0,85.0
28461,144.9,6.90,22.67,0.1564,6.39,1048.0,85.0
28468,144.9,6.90,22.67,0.1564,6.39,1048.0,85.0
28475,142.9,7.00,22.67,0.1587,6.30,1048.0,85.0
28482,144.9,6.90,22.68,0.1565,6.39,1048.0,85.0
28489,142.9,7.00,22.68,0.1588,6.30,1048.0,85.0
28496,144.9,6.90,22.68,0.1565,6.39,1048.0,85.0
28503,142.9,7.00,22.69,0.1588,6.30,1048.0,85.0
28510,144.9,6.90,22.69,0.1566,6.39,1048.0,85.0
28517,144.9,6.90,22.69,0.1566,6.39,1048.0,85.0
28524,142.9,7.00,22.70,0.1589,6.30,1048.0,85.0
28531,142.9,7.00,22.70,0.1589,6.30,1048.0,85.0
28537,147.1,6.80,22.70,0.1544,6.48,1048.0,85.0
28544,142.9,7.00,22.71,0.1589,6.29,1048.0,85.0
28551,144.9,6.90,22.71,0.1567,6.38,1048.0,85.0
28558,142.9,7.00,22.71,0.1590,6.29,1048.0,85.0
28565,144.9,6.90,22.72,0.1567,6.38,1048.0,85.0
28572,142.9,7.00,22.72,0.1590,6.29,1048.0,85.0
28579,144.9,6.90,22.72,0.1568,6.38,1048.0,85.0
28586,144.9,6.90,22.72,0.1568,6.38,1048.0,85.0
28593,144.9,6.90,22.73,0.1568,6.38,1048.0,85.0
28600,142.9,7.00,22.73,0.1591,6.29,1048.0,85.0
28607,142.9,7.00,22.73,0.1591,6.29,1048.0,85.0
28614,144.9,6.90,22.74,0.1569,6.37,1048.0,85.0
28621,144.9,6.90,22.74,0.1569,6.37,1048.0,85.0
28628,142.9,7.00,22.74,0.1592,6.28,1048.0,85.0
28635,144.9,6.90,22.75,0.1570,6.37,1048.0,85.0
28642,142.9,7.00,22.75,0.1593,6.28,1048.0,85.0
28648,144.9,6.90,22.75,0.1570,6.37,1048.0,85.0
28655,142.9,7.00,22.76,0.1593,6.28,1048.0,85.0
28662,142.9,7.00,22.76,0.1593,6.28,1048.0,85.0
28669,144.9,6.90,22.76,0.1571,6.37,1048.0,85.0
28676,142.9,7.00,22.77,0.1594,6.28,1048.0,85.0
28683,144.9,6.90,22.77,0.1571,6.36,1048.0,85.0
28690,142.9,7.00,22.77,0.1594,6.28,1048.0,85.0
28697,144.9,6.90,22.78,0.1572,6.36,1048.0,85.0
28704,147.1,6.80,22.78,0.1549,6.46,1048.0,85.0
28711,140.8,7.10,22.78,0.1618,6.18,1048.0,85.0
28718,144.9,6.90,22.79,0.1572,6.36,1048.0,85.0
28725,144.9,6.90,22.79,0.1572,6.36,1048.0,85.0
28732,142.9,7.00,22.79,0.1595,6.27,1048.0,85.0
28739,142.9,7.00,22.80,0.1596,6.27,1048.0,85.0
28746,144.9,6.90,22.80,0.1573,6.36,1048.0,85.0
28753,144.9,6.90,22.80,0.1573,6.35,1048.0,85.0
28760,142.9,7.00,22.80,0.1596,6.27,1048.0,85.0
28767,144.9,6.90,22.81,0.1574,6.35,1048.0,85.0
28773,144.9,6.90,22.81,0.1574,6.35,1048.0,85.0
28780,142.9,7.00,22.81,0.1597,6.26,1048.0,85.0
28787,142.9,7.00,22.82,0.1597,6.26,1048.0,85.0
28794,147.1,6.80,22.82,0.1552,6.45,1048.0,85.0
28801,140.8,7.10,22.82,0.1620,6.17,1048.0,85.0
28808,147.1,6.80,22.83,0.1552,6.44,1048.0,85.0
28815,140.8,7.10,22.83,0.1621,6.17,1048.0,85.0
28822,144.9,6.90,22.83,0.1576,6.35,1048.0,85.0
28829,144.9,6.90,22.84,0.1576,6.35,1048.0,85.0
28836,144.9,6.90,22.84,0.1576,6.34,1048.0,85.0
28843,142.9,7.00,22.84,0.1599,6.26,1048.0,85.0
28850,142.9,7.00,22.85,0.1599,6.25,1048.0,85.0
28857,144.9,6.90,22.85,0.1577,6.34,1048.0,85.0
28864,144.9,6.90,22.85,0.1577,6.34,1048.0,85.0
28871,140.8,7.10,22.86,0.1623,6.16,1048.0,85.0
28878,144.9,6.90,22.86,0.1577,6.34,1048.0,85.0
28885,144.9,6.90,22.86,0.1578,6.34,1048.0,85.0
28892,142.9,7.00,22.87,0.1601,6.25,1048.0,85.0
28898,147.1,6.80,22.87,0.1555,6.43,1048.0,85.0
28905,142.9,7.00,22.87,0.1601,6.25,1048.0,85.0
28912,142.9,7.00,22.87,0.1601,6.25,1048.0,85.0
28919,144.9,6.90,22.88,0.1579,6.33,1048.0,85.0
28926,144.9,6.90,22.88,0.1579,6.33,1048.0,85.0
28933,142.9,7.00,22.88,0.1602,6.24,1048.0,85.0
28940,144.9,6.90,22.89,0.1579,6.33,1048.0,85.0
28947,142.9,7.00,22.89,0.1602,6.24,1048.0,85.0
28954,144.9,6.90,22.89,0.1580,6.33,1048.0,85.0
28961,144.9,6.90,22.90,0.1580,6.33,1048.0,85.0
28968,142.9,7.00,22.90,0.1603,6.24,1048.0,85.0
28975,144.9,6.90,22.90,0.1580,6.33,1048.0,85.0
28982,142.9,7.00,22.91,0.1603,6.24,1048.0,85.0
28989,144.9,6.90,22.91,0.1581,6.32,1048.0,85.0
28996,142.9,7.00,22.91,0.1604,6.24,1048.0,85.0
29003,147.1,6.80,22.92,0.1558,6.42,1048.0,85.0
29010,140.8,7.10,22.92,0.1627,6.14,1048.0,85.0
29017,144.9,6.90,22.92,0.1582,6.32,1048.0,85.0
29024,142.9,7.00,22.93,0.1605,6.23,1048.0,85.0
29030,144.9,6.90,22.93,0.1582,6.32,1048.0,85.0
29037,144.9,6.90,22.93,0.1582,6.32,1048.0,85.0
29044,142.9,7.00,22.94,0.1605,6.23,1048.0,85.0
29051,142.9,7.00,22.94,0.1606,6.23,1048.0,85.0
29058,144.9,6.90,22.94,0.1583,6.32,1048.0,85.0
29065,144.9,6.90,22.95,0.1583,6.32,1048.0,85.0
29072,142.9,7.00,22.95,0.1606,6.23,1048.0,85.0
29079,144.9,6.90,22.95,0.1584,6.31,1048.0,85.0
29086,142.9,7.00,22.95,0.1607,6.23,1048.0,85.0
29093,144.9,6.90,22.96,0.1584,6.31,1048.0,85.0
29100,144.9,6.90,22.96,0.1584,6.31,1048.0,85.0
29107,142.9,7.00,22.96,0.1608,6.22,1048.0,85.0
29114,142.9,7.00,22.97,0.1608,6.22,1048.0,85.0
29121,144.9,6.90,22.97,0.1585,6.31,1048.0,85.0
29128,142.9,7.00,22.97,0.1608,6.22,1048.0,85.0
29135,144.9,6.90,22.98,0.1585,6.31,1048.0,85.0
29142,144.9,6.90,22.98,0.1586,6.31,1048.0,85.0
29149,142.9,7.00,22.98,0.1609,6.22,1048.0,85.0
29155,144.9,6.90,22.99,0.1586,6.30,1048.0,85.0
29162,144.9,6.90,22.99,0.1586,6.30,1048.0,85.0
29169,142.9,7.00,22.99,0.1610,6.21,1048.0,85.0
29176,144.9,6.90,23.00,0.1587,6.30,1048.0,85.0
29183,144.9,6.90,23.00,0.1587,6.30,1048.0,85.0
29190,144.9,6.90,23.00,0.1587,6.30,1048.0,85.0
29197,140.8,7.10,23.00,0.1633,6.12,1048.0,85.0
29204,144.9,6.90,23.00,0.1587,6.30,1048.0,85.0
29211,144.9,6.90,23.01,0.1587,6.30,1048.0,85.0
29218,142.9,7.00,23.01,0.1611,6.21,1048.0,85.0
29225,144.9,6.90,23.01,0.1588,6.30,1048.0,85.0
29232,142.9,7.00,23.01,0.1611,6.21,1048.0,85.0
29239,142.9,7.00,23.01,0.1611,6.21,1048.0,85.0
29246,144.9,6.90,23.02,0.1588,6.30,1048.0,85.0
29253,142.9,7.00,23.02,0.1611,6.21,1048.0,85.0
29260,144.9,6.90,23.02,0.1588,6.29,1048.0,85.0
29267,144.9,6.90,23.02,0.1588,6.29,1048.0,85.0
29273,144.9,6.90,23.02,0.1589,6.29,1048.0,85.0
29280,142.9,7.00,23.02,0.1612,6.21,1048.0,85.0
29287,144.9,6.90,23.03,0.1589,6.29,1048.0,85.0
29294,142.9,7.00,23.03,0.1612,6.21,1048.0,85.0
29301,144.9,6.90,23.03,0.1589,6.29,1048.0,85.0
29308,144.9,6.90,23.03,0.1589,6.29,1048.0,85.0
29315,142.9,7.00,23.03,0.1612,6.20,1048.0,85.0
29322,144.9,6.90,23.03,0.1589,6.29,1048.0,85.0
29329,142.9,7.00,23.04,0.1613,6.20,1048.0,85.0
29336,144.9,6.90,23.04,0.1590,6.29,1048.0,85.0
29343,142.9,7.00,23.04,0.1613,6.20,1048.0,85.0
29350,144.9,6.90,23.04,0.1590,6.29,1048.0,85.0
29357,142.9,7.00,23.04,0.1613,6.20,1048.0,85.0
29364,144.9,6.90,23.05,0.1590,6.29,1048.0,85.0
29371,144.9,6.90,23.05,0.1590,6.29,1048.0,85.0
29378,144.9,6.90,23.05,0.1590,6.29,1048.0,85.0
29385,142.9,7.00,23.05,0.1614,6.20,1048.0,85.0
29392,142.9,7.00,23.05,0.1614,6.20,1048.0,85.0
29398,144.9,6.90,23.05,0.1591,6.29,1048.0,85.0
29405,142.9,7.00,23.06,0.1614,6.20,1048.0,85.0
29412,144.9,6.90,23.06,0.1591,6.28,1048.0,85.0
29419,140.8,7.10,23.06,0.1637,6.11,1048.0,85.0
29426,147.1,6.80,23.06,0.1568,6.38,1048.0,85.0
29433,144.9,6.90,23.06,0.1591,6.28,1048.0,85.0
29440,142.9,7.00,23.06,0.1614,6.20,1048.0,85.0
29447,144.9,6.90,23.07,0.1592,6.28,1048.0,85.0
29454,142.9,7.00,23.07,0.1615,6.19,1048.0,85.0
29461,144.9,6.90,23.07,0.1592,6.28,1048.0,85.0
29468,142.9,7.00,23.07,0.1615,6.19,1048.0,85.0
29475,144.9,6.90,23.07,0.1592,6.28,1048.0,85.0
29482,142.9,7.00,23.07,0.1615,6.19,1048.0,85.0
29489,142.9,7.00,23.08,0.1615,6.19,1048.0,85.0
29496,144.9,6.90,23.08,0.1592,6.28,1048.0,85.0
29503,142.9,7.00,23.08,0.1616,6.19,1048.0,85.0
29510,144.9,6.90,23.08,0.1593,6.28,1048.0,85.0
29517,144.9,6.90,23.08,0.1593,6.28,1048.0,85.0
29524,142.9,7.00,23.08,0.1616,6.19,1048.0,85.0
29530,144.9,6.90,23.09,0.1593,6.28,1048.0,85.0
29537,144.9,6.90,23.09,0.1593,6.28,1048.0,85.0
29544,142.9,7.00,23.09,0.1616,6.19,1048.0,85.0
29551,142.9,7.00,23.09,0.1616,6.19,1048.0,85.0
29558,144.9,6.90,23.09,0.1593,6.27,1048.0,85.0
29565,144.9,6.90,23.10,0.1594,6.27,1048.0,85.0
29572,144.9,6.90,23.10,0.1594,6.27,1048.0,85.0
29579,142.9,7.00,23.10,0.1617,6.19,1048.0,85.0
29586,142.9,7.00,23.10,0.1617,6.19,1048.0,85.0
29593,144.9,6.90,23.10,0.1594,6.27,1048.0,85.0
29600,142.9,7.00,23.10,0.1617,6.19,1048.0,85.0
29607,147.1,6.80,23.11,0.1571,6.37,1048.0,85.0
29614,144.9,6.90,23.11,0.1594,6.27,1048.0,85.0
29621,142.9,7.00,23.11,0.1618,6.18,1048.0,85.0
29628,142.9,7.00,23.11,0.1618,6.18,1048.0,85.0
29635,144.9,6.90,23.11,0.1595,6.27,1048.0,85.0
29642,142.9,7.00,23.11,0.1618,6.18,1048.0,85.0
29649,142.9,7.00,23.12,0.1618,6.18,1048.0,85.0
29655,147.1,6.80,23.12,0.1572,6.36,1048.0,85.0
29662,144.9,6.90,23.12,0.1595,6.27,1048.0,85.0
29669,142.9,7.00,23.12,0.1618,6.18,1048.0,85.0
29676,142.9,7.00,23.12,0.1619,6.18,1048.0,85.0
29683,142.9,7.00,23.12,0.1619,6.18,1048.0,85.0
29690,144.9,6.90,23.13,0.1596,6.27,1048.0,85.0
29697,142.9,7.00,23.13,0.1619,6.18,1048.0,85.0
29704,144.9,6.90,23.13,0.1596,6.26,1048.0,85.0
29711,144.9,6.90,23.13,0.1596,6.26,1048.0,85.0
29718,144.9,6.90,23.13,0.1596,6.26,1048.0,85.0
29725,142.9,7.00,23.14,0.1619,6.18,1048.0,85.0
29732,142.9,7.00,23.14,0.1620,6.18,1048.0,85.0
29739,144.9,6.90,23.14,0.1597,6.26,1048.0,85.0
29746,142.9,7.00,23.14,0.1620,6.18,1048.0,85.0
29753,147.1,6.80,23.14,0.1574,6.36,1048.0,85.0
29760,140.8,7.10,23.14,0.1643,6.08,1048.0,85.0
29766,147.1,6.80,23.15,0.1574,6.36,1048.0,85.0
29773,142.9,7.00,23.15,0.1620,6.17,1048.0,85.0
29780,142.9,7.00,23.15,0.1620,6.17,1048.0,85.0
29787,142.9,7.00,23.15,0.1621,6.17,1048.0,85.0
29794,147.1,6.80,23.15,0.1574,6.35,1048.0,85.0
29801,142.9,7.00,23.15,0.1621,6.17,1048.0,85.0
29808,142.9,7.00,23.16,0.1621,6.17,1048.0,85.0
29815,142.9,7.00,23.16,0.1621,6.17,1048.0,85.0
29822,147.1,6.80,23.16,0.1575,6.35,1048.0,85.0
29829,142.9,7.00,23.16,0.1621,6.17,1048.0,85.0
29836,144.9,6.90,23.16,0.1598,6.26,1048.0,85.0
29843,142.9,7.00,23.16,0.1622,6.17,1048.0,85.0
29850,144.9,6.90,23.17,0.1598,6.25,1048.0,85.0
29857,142.9,7.00,23.17,0.1622,6.17,1048.0,85.0
29864,144.9,6.90,23.17,0.1599,6.25,1048.0,85.0
29871,142.9,7.00,23.17,0.1622,6.17,1048.0,85.0
29878,144.9,6.90,23.17,0.1599,6.25,1048.0,85.0
29885,144.9,6.90,23.18,0.1599,6.25,1048.0,85.0
29892,142.9,7.00,23.18,0.1622,6.17,1048.0,85.0
29899,142.9,7.00,23.18,0.1623,6.17,1048.0,85.0
29905,147.1,6.80,23.18,0.1576,6.35,1048.0,85.0
29912,140.8,7.10,23.18,0.1646,6.07,1048.0,85.0
29919,144.9,6.90,23.18,0.1600,6.25,1048.0,85.0
29926,147.1,6.80,23.19,0.1577,6.34,1048.0,85.0
29933,140.8,7.10,23.19,0.1646,6.07,1048.0,85.0
29940,144.9,6.90,23.19,0.1600,6.25,1048.0,85.0
29947,142.9,7.00,23.19,0.1623,6.16,1048.0,85.0
29954,147.1,6.80,23.19,0.1577,6.34,1048.0,85.0
29961,140.8,7.10,23.19,0.1647,6.07,1048.0,85.0
29968,144.9,6.90,23.20,0.1601,6.25,1048.0,85.0
29975,142.9,7.00,23.20,0.1624,6.16,1048.0,85.0
29982,149.3,6.70,23.20,0.1554,6.44,1048.0,85.0
29989,140.8,7.10,23.20,0.1647,6.07,1048.0,85.0
29996,142.9,7.00,23.20,0.1624,6.16,1048.0,85.0
30003,144.9,6.90,23.20,0.1601,6.24,1048.0,85.0
30010,144.9,6.90,23.21,0.1601,6.24,1048.0,85.0
30017,142.9,7.00,23.21,0.1625,6.16,1048.0,85.0
30023,144.9,6.90,23.21,0.1601,6.24,1048.0,85.0
30030,142.9,7.00,23.21,0.1625,6.16,1048.0,85.0
30037,144.9,6.90,23.21,0.1602,6.24,1048.0,85.0
30044,142.9,7.00,23.21,0.1625,6.16,1048.0,85.0
30051,147.1,6.80,23.22,0.1579,6.34,1048.0,85.0
30058,142.9,7.00,23.22,0.1625,6.15,1048.0,85.0
30065,144.9,6.90,23.22,0.1602,6.24,1048.0,85.0
30072,142.9,7.00,23.22,0.1626,6.15,1048.0,85.0
30079,144.9,6.90,23.22,0.1602,6.24,1048.0,85.0
30086,142.9,7.00,23.23,0.1626,6.15,1048.0,85.0
30093,144.9,6.90,23.23,0.1603,6.24,1048.0,85.0
30100,140.8,7.10,23.23,0.1649,6.06,1048.0,85.0
30107,144.9,6.90,23.23,0.1603,6.24,1048.0,85.0
30114,144.9,6.90,23.23,0.1603,6.24,1048.0,85.0
30121,142.9,7.00,23.23,0.1626,6.15,1048.0,85.0
30128,144.9,6.90,23.24,0.1603,6.24,1048.0,85.0
30135,144.9,6.90,23.24,0.1603,6.24,1048.0,85.0
30142,142.9,7.00,23.24,0.1627,6.15,1048.0,85.0
30149,142.9,7.00,23.24,0.1627,6.15,1048.0,85.0
30155,144.9,6.90,23.24,0.1604,6.23,1048.0,85.0
30162,144.9,6.90,23.24,0.1604,6.23,1048.0,85.0
30169,144.9,6.90,23.25,0.1604,6.23,1048.0,85.0
30176,142.9,7.00,23.25,0.1627,6.15,1048.0,85.0
30183,142.9,7.00,23.25,0.1627,6.15,1048.0,85.0
30190,142.9,7.00,23.25,0.1628,6.15,1048.0,85.0
30197,144.9,6.90,23.25,0.1605,6.23,1048.0,85.0
30204,142.9,7.00,23.26,0.1628,6.14,1048.0,85.0
30211,147.1,6.80,23.26,0.1582,6.32,1048.0,85.0
30218,140.8,7.10,23.26,0.1652,6.05,1048.0,85.0
30225,144.9,6.90,23.26,0.1605,6.23,1048.0,85.0
30232,144.9,6.90,23.27,0.1605,6.23,1048.0,85.0
30239,144.9,6.90,23.27,0.1606,6.23,1048.0,85.0
30246,144.9,6.90,23.27,0.1606,6.23,1048.0,85.0
30253,144.9,6.90,23.27,0.1606,6.23,1048.0,85.0
30260,142.9,7.00,23.28,0.1629,6.14,1048.0,85.0
30266,144.9,6.90,23.28,0.1606,6.22,1048.0,85.0
30273,142.9,7.00,23.28,0.1630,6.14,1048.0,85.0
30280,142.9,7.00,23.28,0.1630,6.14,1048.0,85.0
30287,144.9,6.90,23.29,0.1607,6.22,1048.0,85.0
30294,144.9,6.90,23.29,0.1607,6.22,1048.0,85.0
30301,142.9,7.00,23.29,0.1630,6.14,1048.0,85.0
30308,142.9,7.00,23.29,0.1631,6.13,1048.0,85.0
30315,144.9,6.90,23.30,0.1607,6.22,1048.0,85.0
30322,144.9,6.90,23.30,0.1608,6.22,1048.0,85.0
30329,142.9,7.00,23.30,0.1631,6.13,1048.0,85.0
30336,142.9,7.00,23.30,0.1631,6.13,1048.0,85.0
30343,144.9,6.90,23.31,0.1608,6.22,1048.0,85.0
30350,144.9,6.90,23.31,0.1608,6.22,1048.0,85.0
30357,142.9,7.00,23.31,0.1632,6.13,1048.0,85.0
30364,147.1,6.80,23.31,0.1585,6.31,1048.0,85.0
30371,142.9,7.00,23.32,0.1632,6.13,1048.0,85.0
30378,142.9,7.00,23.32,0.1632,6.13,1048.0,85.0
30385,144.9,6.90,23.32,0.1609,6.21,1048.0,85.0
30392,142.9,7.00,23.32,0.1633,6.13,1048.0,85.0
30398,144.9,6.90,23.32,0.1609,6.21,1048.0,85.0
30405,142.9,7.00,23.33,0.1633,6.13,1048.0,85.0
30412,144.9,6.90,23.33,0.1610,6.21,1048.0,85.0
30419,144.9,6.90,23.33,0.1610,6.21,1048.0,85.0
30426,142.9,7.00,23.33,0.1633,6.12,1048.0,85.0
30433,140.8,7.10,23.34,0.1657,6.03,1048.0,85.0
30440,147.1,6.80,23.34,0.1587,6.30,1048.0,85.0
30447,144.9,6.90,23.34,0.1611,6.21,1048.0,85.0
30454,142.9,7.00,23.34,0.1634,6.12,1048.0,85.0
30461,142.9,7.00,23.35,0.1634,6.12,1048.0,85.0
30468,147.1,6.80,23.35,0.1588,6.30,1048.0,85.0
30475,140.8,7.10,23.35,0.1658,6.03,1048.0,85.0
30482,144.9,6.90,23.35,0.1611,6.20,1048.0,85.0
30489,144.9,6.90,23.36,0.1612,6.20,1048.0,85.0
30496,144.9,6.90,23.36,0.1612,6.20,1048.0,85.0
30503,144.9,6.90,23.36,0.1612,6.20,1048.0,85.0
30510,142.9,7.00,23.36,0.1635,6.12,1048.0,85.0
30517,142.9,7.00,23.37,0.1636,6.12,1048.0,85.0
30523,144.9,6.90,23.37,0.1612,6.20,1048.0,85.0
30530,144.9,6.90,23.37,0.1613,6.20,1048.0,85.0
30537,142.9,7.00,23.37,0.1636,6.11,1048.0,85.0
30544,142.9,7.00,23.38,0.1636,6.11,1048.0,85.0
30551,147.1,6.80,23.38,0.1590,6.29,1048.0,85.0
30558,140.8,7.10,23.38,0.1660,6.02,1048.0,85.0
30565,144.9,6.90,23.38,0.1613,6.20,1048.0,85.0
30572,142.9,7.00,23.39,0.1637,6.11,1048.0,85.0
30579,147.1,6.80,23.39,0.1590,6.29,1048.0,85.0
30586,142.9,7.00,23.39,0.1637,6.11,1048.0,85.0
30593,142.9,7.00,23.39,0.1638,6.11,1048.0,85.0
30600,144.9,6.90,23.40,0.1614,6.19,1048.0,85.0
30607,144.9,6.90,23.40,0.1614,6.19,1048.0,85.0
30614,144.9,6.90,23.40,0.1615,6.19,1048.0,85.0
30621,142.9,7.00,23.40,0.1638,6.11,1048.0,85.0
30628,142.9,7.00,23.41,0.1638,6.11,1048.0,85.0
30635,144.9,6.90,23.41,0.1615,6.19,1048.0,85.0
30642,142.9,7.00,23.41,0.1639,6.10,1048.0,85.0
30649,142.9,7.00,23.41,0.1639,6.10,1048.0,85.0
30655,144.9,6.90,23.41,0.1616,6.19,1048.0,85.0
30662,142.9,7.00,23.42,0.1639,6.10,1048.0,85.0
30669,147.1,6.80,23.42,0.1593,6.28,1048.0,85.0
30676,142.9,7.00,23.42,0.1640,6.10,1048.0,85.0
30683,144.9,6.90,23.42,0.1616,6.19,1048.0,85.0
30690,142.9,7.00,23.43,0.1640,6.10,1048.0,85.0
30697,144.9,6.90,23.43,0.1617,6.18,1048.0,85.0
30704,142.9,7.00,23.43,0.1640,6.10,1048.0,85.0
30711,142.9,7.00,23.43,0.1640,6.10,1048.0,85.0
30718,147.1,6.80,23.44,0.1594,6.28,1048.0,85.0
30725,142.9,7.00,23.44,0.1641,6.10,1048.0,85.0
30732,144.9,6.90,23.44,0.1617,6.18,1048.0,85.0
30739,140.8,7.10,23.44,0.1665,6.01,1048.0,85.0
30746,144.9,6.90,23.45,0.1618,6.18,1048.0,85.0
30753,144.9,6.90,23.45,0.1618,6.18,1048.0,85.0
30760,144.9,6.90,23.45,0.1618,6.18,1048.0,85.0
30767,142.9,7.00,23.45,0.1642,6.09,1048.0,85.0
30774,142.9,7.00,23.46,0.1642,6.09,1048.0,85.0
30780,147.1,6.80,23.46,0.1595,6.27,1048.0,85.0
30787,142.9,7.00,23.46,0.1642,6.09,1048.0,85.0
30794,144.9,6.90,23.46,0.1619,6.18,1048.0,85.0
30801,142.9,7.00,23.47,0.1643,6.09,1048.0,85.0
30808,144.9,6.90,23.47,0.1619,6.17,1048.0,85.0
30815,144.9,6.90,23.47,0.1619,6.17,1048.0,85.0
30822,140.8,7.10,23.47,0.1667,6.00,1048.0,85.0
30829,144.9,6.90,23.48,0.1620,6.17,1048.0,85.0
30836,147.1,6.80,23.48,0.1597,6.27,1048.0,85.0
30843,140.8,7.10,23.48,0.1667,6.00,1048.0,85.0
30850,144.9,6.90,23.48,0.1620,6.17,1048.0,85.0
30857,142.9,7.00,23.49,0.1644,6.08,1048.0,85.0
30864,144.9,6.90,23.49,0.1621,6.17,1048.0,85.0
30871,144.9,6.90,23.49,0.1621,6.17,1048.0,85.0
30878,142.9,7.00,23.49,0.1645,6.08,1048.0,85.0
30885,144.9,6.90,23.50,0.1621,6.17,1048.0,85.0
30892,142.9,7.00,23.50,0.1645,6.08,1048.0,85.0
30898,144.9,6.90,23.50,0.1621,6.17,1048.0,85.0
30905,142.9,7.00,23.50,0.1645,6.08,1048.0,85.0
30912,144.9,6.90,23.50,0.1622,6.16,1048.0,85.0
30919,144.9,6.90,23.51,0.1622,6.16,1048.0,85.0
30926,142.9,7.00,23.51,0.1646,6.08,1048.0,85.0
30933,144.9,6.90,23.51,0.1622,6.16,1048.0,85.0
30940,142.9,7.00,23.51,0.1646,6.08,1048.0,85.0
30947,144.9,6.90,23.52,0.1623,6.16,1048.0,85.0
30954,142.9,7.00,23.52,0.1646,6.08,1048.0,85.0
30961,142.9,7.00,23.52,0.1647,6.08,1048.0,85.0
30968,144.9,6.90,23.52,0.1623,6.16,1048.0,85.0
30975,142.9,7.00,23.53,0.1647,6.07,1048.0,85.0
30982,144.9,6.90,23.53,0.1624,6.16,1048.0,85.0
30989,144.9,6.90,23.53,0.1624,6.16,1048.0,85.0
30996,144.9,6.90,23.53,0.1624,6.16,1048.0,85.0
31003,142.9,7.00,23.54,0.1648,6.07,1048.0,85.0
31010,144.9,6.90,23.54,0.1624,6.16,1048.0,85.0
31016,144.9,6.90,23.54,0.1624,6.16,1048.0,85.0
31023,142.9,7.00,23.54,0.1648,6.07,1048.0,85.0
31030,144.9,6.90,23.55,0.1625,6.15,1048.0,85.0
31037,144.9,6.90,23.55,0.1625,6.15,1048.0,85.0
31044,142.9,7.00,23.55,0.1649,6.07,1048.0,85.0
31051,142.9,7.00,23.55,0.1649,6.07,1048.0,85.0
31058,142.9,7.00,23.56,0.1649,6.07,1048.0,85.0
31065,144.9,6.90,23.56,0.1626,6.15,1048.0,85.0
31072,144.9,6.90,23.56,0.1626,6.15,1048.0,85.0
31079,142.9,7.00,23.56,0.1649,6.06,1048.0,85.0
31086,144.9,6.90,23.57,0.1626,6.15,1048.0,85.0
31093,144.9,6.90,23.57,0.1626,6.15,1048.0,85.0
31100,142.9,7.00,23.57,0.1650,6.06,1048.0,85.0
31107,144.9,6.90,23.57,0.1627,6.15,1048.0,85.0
31114,144.9,6.90,23.58,0.1627,6.15,1048.0,85.0
31121,142.9,7.00,23.58,0.1650,6.06,1048.0,85.0
31128,142.9,7.00,23.58,0.1651,6.06,1048.0,85.0
31135,144.9,6.90,23.58,0.1627,6.14,1048.0,85.0
31141,144.9,6.90,23.58,0.1627,6.14,1048.0,85.0
31148,142.9,7.00,23.59,0.1651,6.06,1048.0,85.0
31155,144.9,6.90,23.59,0.1628,6.14,1048.0,85.0
31162,142.9,7.00,23.59,0.1651,6.06,1048.0,85.0
31169,144.9,6.90,23.59,0.1628,6.14,1048.0,85.0
31176,142.9,7.00,23.60,0.1652,6.06,1048.0,85.0
31183,144.9,6.90,23.60,0.1628,6.14,1048.0,85.0
31190,144.9,6.90,23.60,0.1628,6.14,1048.0,85.0
31197,142.9,7.00,23.60,0.1652,6.06,1048.0,85.0
31204,142.9,7.00,23.59,0.1652,6.06,1048.0,85.0
31211,144.9,6.90,23.59,0.1628,6.14,1048.0,85.0
31218,142.9,7.00,23.59,0.1651,6.06,1048.0,85.0
31225,144.9,6.90,23.59,0.1627,6.14,1048.0,85.0
31232,144.9,6.90,23.58,0.1627,6.14,1048.0,85.0
31239,142.9,7.00,23.58,0.1651,6.06,1048.0,85.0
31246,144.9,6.90,23.58,0.1627,6.15,1048.0,85.0
31253,142.9,7.00,23.58,0.1650,6.06,1048.0,85.0
31260,142.9,7.00,23.57,0.1650,6.06,1048.0,85.0
31266,147.1,6.80,23.57,0.1603,6.24,1048.0,85.0
31273,142.9,7.00,23.57,0.1650,6.06,1048.0,85.0
31281,140.8,7.10,23.57,0.1673,5.97,1048.0,85.0
31287,147.1,6.80,23.57,0.1602,6.24,1048.0,85.0
31294,144.9,6.90,23.56,0.1626,6.15,1048.0,85.0
31301,142.9,7.00,23.56,0.1649,6.07,1048.0,85.0
31308,144.9,6.90,23.56,0.1626,6.15,1048.0,85.0
31315,142.9,7.00,23.56,0.1649,6.07,1048.0,85.0
31322,142.9,7.00,23.55,0.1649,6.07,1048.0,85.0
31329,147.1,6.80,23.55,0.1602,6.25,1048.0,85.0
31336,142.9,7.00,23.55,0.1648,6.07,1048.0,85.0
31343,144.9,6.90,23.55,0.1625,6.15,1048.0,85.0
31350,144.9,6.90,23.55,0.1625,6.15,1048.0,85.0
31357,140.8,7.10,23.54,0.1672,5.98,1048.0,85.0
31364,142.9,7.00,23.54,0.1648,6.07,1048.0,85.0
31371,147.1,6.80,23.54,0.1601,6.25,1048.0,85.0
31378,142.9,7.00,23.54,0.1648,6.07,1048.0,85.0
31385,144.9,6.90,23.53,0.1624,6.16,1048.0,85.0
31391,144.9,6.90,23.53,0.1624,6.16,1048.0,85.0
31398,144.9,6.90,23.53,0.1624,6.16,1048.0,85.0
31405,142.9,7.00,23.53,0.1647,6.07,1048.0,85.0
31412,144.9,6.90,23.52,0.1623,6.16,1048.0,85.0
31419,142.9,7.00,23.52,0.1647,6.08,1048.0,85.0
31426,144.9,6.90,23.52,0.1623,6.16,1048.0,85.0
31433,142.9,7.00,23.52,0.1646,6.08,1048.0,85.0
31440,144.9,6.90,23.52,0.1623,6.16,1048.0,85.0
31447,144.9,6.90,23.51,0.1622,6.16,1048.0,85.0
31454,142.9,7.00,23.51,0.1646,6.08,1048.0,85.0
31461,142.9,7.00,23.51,0.1646,6.08,1048.0,85.0
31468,144.9,6.90,23.51,0.1622,6.16,1048.0,85.0
31475,142.9,7.00,23.50,0.1645,6.08,1048.0,85.0
31482,144.9,6.90,23.50,0.1622,6.17,1048.0,85.0
31489,142.9,7.00,23.50,0.1645,6.08,1048.0,85.0
31496,144.9,6.90,23.50,0.1621,6.17,1048.0,85.0
31503,142.9,7.00,23.49,0.1645,6.08,1048.0,85.0
31510,144.9,6.90,23.49,0.1621,6.17,1048.0,85.0
31516,144.9,6.90,23.49,0.1621,6.17,1048.0,85.0
31523,142.9,7.00,23.49,0.1644,6.08,1048.0,85.0
31530,144.9,6.90,23.49,0.1621,6.17,1048.0,85.0
31537,142.9,7.00,23.48,0.1644,6.09,1048.0,85.0
31544,144.9,6.90,23.48,0.1620,6.17,1048.0,85.0
31551,142.9,7.00,23.48,0.1644,6.09,1048.0,85.0
31558,142.9,7.00,23.48,0.1643,6.09,1048.0,85.0
31565,144.9,6.90,23.47,0.1620,6.17,1048.0,85.0
31572,147.1,6.80,23.47,0.1596,6.27,1048.0,85.0
31579,142.9,7.00,23.47,0.1643,6.09,1048.0,85.0
31586,140.8,7.10,23.47,0.1666,6.00,1048.0,85.0
31593,144.9,6.90,23.47,0.1619,6.18,1048.0,85.0
31600,144.9,6.90,23.46,0.1619,6.18,1048.0,85.0
31607,147.1,6.80,23.46,0.1595,6.27,1048.0,85.0
31614,140.8,7.10,23.46,0.1666,6.00,1048.0,85.0
31621,144.9,6.90,23.46,0.1618,6.18,1048.0,85.0
31628,142.9,7.00,23.45,0.1642,6.09,1048.0,85.0
31635,144.9,6.90,23.45,0.1618,6.18,1048.0,85.0
31642,142.9,7.00,23.45,0.1641,6.09,1048.0,85.0
31648,144.9,6.90,23.45,0.1618,6.18,1048.0,85.0
31655,144.9,6.90,23.44,0.1618,6.18,1048.0,85.0
31662,144.9,6.90,23.44,0.1618,6.18,1048.0,85.0
31669,142.9,7.00,23.44,0.1641,6.10,1048.0,85.0
31676,142.9,7.00,23.44,0.1641,6.10,1048.0,85.0
31683,144.9,6.90,23.44,0.1617,6.18,1048.0,85.0
31690,140.8,7.10,23.43,0.1664,6.01,1048.0,85.0
31697,147.1,6.80,23.43,0.1593,6.28,1048.0,85.0
31704,142.9,7.00,23.43,0.1640,6.10,1048.0,85.0
31711,144.9,6.90,23.43,0.1616,6.19,1048.0,85.0
31718,142.9,7.00,23.42,0.1640,6.10,1048.0,85.0
31725,144.9,6.90,23.42,0.1616,6.19,1048.0,85.0
31732,142.9,7.00,23.42,0.1639,6.10,1048.0,85.0
31739,144.9,6.90,23.42,0.1616,6.19,1048.0,85.0
31746,144.9,6.90,23.41,0.1616,6.19,1048.0,85.0
31753,144.9,6.90,23.41,0.1615,6.19,1048.0,85.0
31760,142.9,7.00,23.41,0.1639,6.10,1048.0,85.0
31767,142.9,7.00,23.41,0.1639,6.10,1048.0,85.0
31773,144.9,6.90,23.41,0.1615,6.19,1048.0,85.0
31780,144.9,6.90,23.40,0.1615,6.19,1048.0,85.0
31787,142.9,7.00,23.40,0.1638,6.11,1048.0,85.0
31794,142.9,7.00,23.40,0.1638,6.11,1048.0,85.0
31801,147.1,6.80,23.40,0.1591,6.29,1048.0,85.0
31808,142.9,7.00,23.39,0.1638,6.11,1048.0,85.0
31815,144.9,6.90,23.39,0.1614,6.19,1048.0,85.0
31822,142.9,7.00,23.39,0.1637,6.11,1048.0,85.0
31829,144.9,6.90,23.39,0.1614,6.20,1048.0,85.0
31836,140.8,7.10,23.38,0.1660,6.02,1048.0,85.0
31843,147.1,6.80,23.38,0.1590,6.29,1048.0,85.0
31850,144.9,6.90,23.38,0.1613,6.20,1048.0,85.0
31857,140.8,7.10,23.38,0.1660,6.02,1048.0,85.0
31864,144.9,6.90,23.38,0.1613,6.20,1048.0,85.0
31871,144.9,6.90,23.37,0.1613,6.20,1048.0,85.0
31878,142.9,7.00,23.37,0.1636,6.11,1048.0,85.0
31885,144.9,6.90,23.37,0.1612,6.20,1048.0,85.0
31892,142.9,7.00,23.37,0.1636,6.12,1048.0,85.0
31898,144.9,6.90,23.36,0.1612,6.20,1048.0,85.0
31905,142.9,7.00,23.36,0.1635,6.12,1048.0,85.0
31912,144.9,6.90,23.36,0.1612,6.20,1048.0,85.0
31919,144.9,6.90,23.36,0.1612,6.20,1048.0,85.0
31926,142.9,7.00,23.36,0.1635,6.12,1048.0,85.0
31933,144.9,6.90,23.35,0.1611,6.20,1048.0,85.0
31940,142.9,7.00,23.35,0.1635,6.12,1048.0,85.0
31947,144.9,6.90,23.35,0.1611,6.21,1048.0,85.0
31954,144.9,6.90,23.35,0.1611,6.21,1048.0,85.0
31961,142.9,7.00,23.34,0.1634,6.12,1048.0,85.0
31968,144.9,6.90,23.34,0.1611,6.21,1048.0,85.0
31975,142.9,7.00,23.34,0.1634,6.12,1048.0,85.0
31982,147.1,6.80,23.34,0.1587,6.30,1048.0,85.0
31989,140.8,7.10,23.33,0.1657,6.03,1048.0,85.0
31996,142.9,7.00,23.33,0.1633,6.12,1048.0,85.0
32003,147.1,6.80,23.33,0.1586,6.31,1048.0,85.0
32010,142.9,7.00,23.33,0.1633,6.13,1048.0,85.0
32017,142.9,7.00,23.33,0.1633,6.13,1048.0,85.0
32023,144.9,6.90,23.32,0.1609,6.21,1048.0,85.0
32030,144.9,6.90,23.32,0.1609,6.21,1048.0,85.0
32037,142.9,7.00,23.32,0.1632,6.13,1048.0,85.0
32044,142.9,7.00,23.32,0.1632,6.13,1048.0,85.0
32051,144.9,6.90,23.31,0.1609,6.22,1048.0,85.0
32058,142.9,7.00,23.31,0.1632,6.13,1048.0,85.0
32065,147.1,6.80,23.31,0.1585,6.31,1048.0,85.0
32072,140.8,7.10,23.31,0.1655,6.04,1048.0,85.0
32079,144.9,6.90,23.30,0.1608,6.22,1048.0,85.0
32086,144.9,6.90,23.30,0.1608,6.22,1048.0,85.0
32093,144.9,6.90,23.30,0.1608,6.22,1048.0,85.0
32100,142.9,7.00,23.30,0.1631,6.13,1048.0,85.0
32107,144.9,6.90,23.30,0.1607,6.22,1048.0,85.0
32114,144.9,6.90,23.29,0.1607,6.22,1048.0,85.0
32121,142.9,7.00,23.29,0.1630,6.14,1048.0,85.0
32128,142.9,7.00,23.29,0.1630,6.14,1048.0,85.0
32134,147.1,6.80,23.29,0.1583,6.32,1048.0,85.0
32141,142.9,7.00,23.28,0.1630,6.14,1048.0,85.0
32148,144.9,6.90,23.28,0.1606,6.22,1048.0,85.0
32155,142.9,7.00,23.28,0.1630,6.14,1048.0,85.0
32162,144.9,6.90,23.28,0.1606,6.22,1048.0,85.0
32169,142.9,7.00,23.27,0.1629,6.14,1048.0,85.0
32176,142.9,7.00,23.27,0.1629,6.14,1048.0,85.0
32183,144.9,6.90,23.27,0.1606,6.23,1048.0,85.0
32190,140.8,7.10,23.27,0.1652,6.05,1048.0,85.0
32197,149.3,6.70,23.27,0.1559,6.42,1048.0,85.0
32204,142.9,7.00,23.26,0.1628,6.14,1048.0,85.0
32211,142.9,7.00,23.26,0.1628,6.14,1048.0,85.0
32218,144.9,6.90,23.26,0.1605,6.23,1048.0,85.0
32225,144.9,6.90,23.26,0.1605,6.23,1048.0,85.0
32232,142.9,7.00,23.25,0.1628,6.15,1048.0,85.0
32239,144.9,6.90,23.25,0.1604,6.23,1048.0,85.0
32246,142.9,7.00,23.25,0.1627,6.15,1048.0,85.0
32253,144.9,6.90,23.25,0.1604,6.23,1048.0,85.0
32260,142.9,7.00,23.24,0.1627,6.15,1048.0,85.0
32266,144.9,6.90,23.24,0.1604,6.23,1048.0,85.0
32273,144.9,6.90,23.24,0.1604,6.24,1048.0,85.0
32280,144.9,6.90,23.24,0.1603,6.24,1048.0,85.0
32287,140.8,7.10,23.23,0.1650,6.06,1048.0,85.0
32294,147.1,6.80,23.23,0.1580,6.33,1048.0,85.0
32301,142.9,7.00,23.23,0.1626,6.15,1048.0,85.0
32308,142.9,7.00,23.23,0.1626,6.15,1048.0,85.0
32315,142.9,7.00,23.23,0.1626,6.15,1048.0,85.0
32322,144.9,6.90,23.22,0.1602,6.24,1048.0,85.0
32329,142.9,7.00,23.22,0.1625,6.15,1048.0,85.0
32336,147.1,6.80,23.22,0.1579,6.34,1048.0,85.0
32343,142.9,7.00,23.22,0.1625,6.16,1048.0,85.0
32350,144.9,6.90,23.21,0.1602,6.24,1048.0,85.0
32357,142.9,7.00,23.21,0.1625,6.16,1048.0,85.0
32364,144.9,6.90,23.21,0.1601,6.24,1048.0,85.0
32371,144.9,6.90,23.21,0.1601,6.24,1048.0,85.0
32378,142.9,7.00,23.20,0.1624,6.16,1048.0,85.0
32385,142.9,7.00,23.20,0.1624,6.16,1048.0,85.0
32391,144.9,6.90,23.20,0.1601,6.25,1048.0,85.0
32398,147.1,6.80,23.20,0.1577,6.34,1048.0,85.0
32405,140.8,7.10,23.19,0.1647,6.07,1048.0,85.0
32412,144.9,6.90,23.19,0.1600,6.25,1048.0,85.0
32419,142.9,7.00,23.19,0.1623,6.16,1048.0,85.0
32426,144.9,6.90,23.19,0.1600,6.25,1048.0,85.0
32433,142.9,7.00,23.19,0.1623,6.16,1048.0,85.0
32440,147.1,6.80,23.18,0.1576,6.35,1048.0,85.0
32447,142.9,7.00,23.18,0.1623,6.16,1048.0,85.0
32454,142.9,7.00,23.18,0.1622,6.17,1048.0,85.0
32461,142.9,7.00,23.18,0.1622,6.17,1048.0,85.0
32468,142.9,7.00,23.17,0.1622,6.17,1048.0,85.0
32475,144.9,6.90,23.17,0.1599,6.25,1048.0,85.0
32482,144.9,6.90,23.17,0.1599,6.25,1048.0,85.0
32489,144.9,6.90,23.17,0.1598,6.25,1048.0,85.0
32496,142.9,7.00,23.16,0.1621,6.17,1048.0,85.0
32503,144.9,6.90,23.16,0.1598,6.26,1048.0,85.0
32509,144.9,6.90,23.16,0.1598,6.26,1048.0,85.0
32516,142.9,7.00,23.16,0.1621,6.17,1048.0,85.0
32523,142.9,7.00,23.15,0.1621,6.17,1048.0,85.0
32530,144.9,6.90,23.15,0.1598,6.26,1048.0,85.0
32537,142.9,7.00,23.15,0.1620,6.17,1048.0,85.0
32544,144.9,6.90,23.15,0.1597,6.26,1048.0,85.0
32551,144.9,6.90,23.15,0.1597,6.26,1048.0,85.0
32558,142.9,7.00,23.14,0.1620,6.17,1048.0,85.0
32565,144.9,6.90,23.14,0.1597,6.26,1048.0,85.0
32572,142.9,7.00,23.14,0.1620,6.18,1048.0,85.0
32579,144.9,6.90,23.14,0.1596,6.26,1048.0,85.0
32586,142.9,7.00,23.13,0.1619,6.18,1048.0,85.0
32593,144.9,6.90,23.13,0.1596,6.26,1048.0,85.0
32600,142.9,7.00,23.13,0.1619,6.18,1048.0,85.0
32607,144.9,6.90,23.13,0.1596,6.27,1048.0,85.0
32614,144.9,6.90,23.12,0.1596,6.27,1048.0,85.0
32621,142.9,7.00,23.12,0.1618,6.18,1048.0,85.0
32628,144.9,6.90,23.12,0.1595,6.27,1048.0,85.0
32635,142.9,7.00,23.12,0.1618,6.18,1048.0,85.0
32641,144.9,6.90,23.11,0.1595,6.27,1048.0,85.0
32648,142.9,7.00,23.11,0.1618,6.18,1048.0,85.0
32655,142.9,7.00,23.11,0.1618,6.18,1048.0,85.0
32662,144.9,6.90,23.11,0.1594,6.27,1048.0,85.0
32669,142.9,7.00,23.11,0.1617,6.18,1048.0,85.0
32676,147.1,6.80,23.10,0.1571,6.37,1048.0,85.0
32683,142.9,7.00,23.10,0.1617,6.19,1048.0,85.0
32690,144.9,6.90,23.10,0.1594,6.27,1048.0,85.0
32697,142.9,7.00,23.10,0.1617,6.19,1048.0,85.0
32704,142.9,7.00,23.09,0.1617,6.19,1048.0,85.0
32711,144.9,6.90,23.09,0.1593,6.28,1048.0,85.0
32718,144.9,6.90,23.09,0.1593,6.28,1048.0,85.0
32725,142.9,7.00,23.09,0.1616,6.19,1048.0,85.0
32732,144.9,6.90,23.08,0.1593,6.28,1048.0,85.0
32739,142.9,7.00,23.08,0.1616,6.19,1048.0,85.0
32746,147.1,6.80,23.08,0.1569,6.37,1048.0,85.0
32753,140.8,7.10,23.08,0.1638,6.10,1048.0,85.0
32760,144.9,6.90,23.07,0.1592,6.28,1048.0,85.0
32766,144.9,6.90,23.07,0.1592,6.28,1048.0,85.0
32773,142.9,7.00,23.07,0.1615,6.19,1048.0,85.0
32780,144.9,6.90,23.07,0.1592,6.28,1048.0,85.0
32787,144.9,6.90,23.06,0.1591,6.28,1048.0,85.0
32794,142.9,7.00,23.06,0.1614,6.20,1048.0,85.0
32801,142.9,7.00,23.06,0.1614,6.20,1048.0,85.0
32808,144.9,6.90,23.06,0.1591,6.28,1048.0,85.0
32815,142.9,7.00,23.06,0.1614,6.20,1048.0,85.0
32822,144.9,6.90,23.05,0.1591,6.29,1048.0,85.0
32829,144.9,6.90,23.05,0.1590,6.29,1048.0,85.0
32836,144.9,6.90,23.05,0.1590,6.29,1048.0,85.0
32843,142.9,7.00,23.05,0.1613,6.20,1048.0,85.0
32850,142.9,7.00,23.04,0.1613,6.20,1048.0,85.0
32857,144.9,6.90,23.04,0.1590,6.29,1048.0,85.0
32864,142.9,7.00,23.04,0.1613,6.20,1048.0,85.0
32871,144.9,6.90,23.04,0.1590,6.29,1048.0,85.0
32878,142.9,7.00,23.03,0.1612,6.20,1048.0,85.0
32885,144.9,6.90,23.03,0.1589,6.29,1048.0,85.0
32892,142.9,7.00,23.03,0.1612,6.21,1048.0,85.0
32898,144.9,6.90,23.03,0.1589,6.29,1048.0,85.0
32905,144.9,6.90,23.02,0.1589,6.29,1048.0,85.0
32912,144.9,6.90,23.02,0.1589,6.29,1048.0,85.0
32919,142.9,7.00,23.02,0.1611,6.21,1048.0,85.0
32926,142.9,7.00,23.02,0.1611,6.21,1048.0,85.0
32933,144.9,6.90,23.02,0.1588,6.30,1048.0,85.0
32940,144.9,6.90,23.01,0.1588,6.30,1048.0,85.0
32947,142.9,7.00,23.01,0.1611,6.21,1048.0,85.0
32954,144.9,6.90,23.01,0.1588,6.30,1048.0,85.0
32961,144.9,6.90,23.01,0.1587,6.30,1048.0,85.0
32968,142.9,7.00,23.00,0.1610,6.21,1048.0,85.0
32975,144.9,6.90,23.00,0.1587,6.30,1048.0,85.0
32982,142.9,7.00,23.00,0.1610,6.21,1048.0,85.0
32989,144.9,6.90,23.00,0.1587,6.30,1048.0,85.0
32996,144.9,6.90,22.99,0.1587,6.30,1048.0,85.0
33003,142.9,7.00,22.99,0.1609,6.22,1048.0,85.0
33010,142.9,7.00,22.99,0.1609,6.22,1048.0,85.0
33016,144.9,6.90,22.99,0.1586,6.30,1048.0,85.0
33023,144.9,6.90,22.98,0.1586,6.30,1048.0,85.0
33030,140.8,7.10,22.98,0.1632,6.13,1048.0,85.0
33037,147.1,6.80,22.98,0.1563,6.40,1048.0,85.0
33044,142.9,7.00,22.98,0.1608,6.22,1048.0,85.0
33051,142.9,7.00,22.98,0.1608,6.22,1048.0,85.0
33058,144.9,6.90,22.97,0.1585,6.31,1048.0,85.0
33065,142.9,7.00,22.97,0.1608,6.22,1048.0,85.0
33072,147.1,6.80,22.97,0.1562,6.40,1048.0,85.0
33079,142.9,7.00,22.97,0.1608,6.22,1048.0,85.0
33086,142.9,7.00,22.96,0.1607,6.22,1048.0,85.0
33093,144.9,6.90,22.96,0.1584,6.31,1048.0,85.0
33100,142.9,7.00,22.96,0.1607,6.22,1048.0,85.0
33107,144.9,6.90,22.96,0.1584,6.31,1048.0,85.0
33114,142.9,7.00,22.95,0.1607,6.23,1048.0,85.0
33121,144.9,6.90,22.95,0.1584,6.31,1048.0,85.0
33128,142.9,7.00,22.95,0.1606,6.23,1048.0,85.0
33135,144.9,6.90,22.95,0.1583,6.31,1048.0,85.0
33141,144.9,6.90,22.94,0.1583,6.32,1048.0,85.0
33148,144.9,6.90,22.94,0.1583,6.32,1048.0,85.0
33155,142.9,7.00,22.94,0.1606,6.23,1048.0,85.0
33162,142.9,7.00,22.94,0.1606,6.23,1048.0,85.0
33169,144.9,6.90,22.94,0.1583,6.32,1048.0,85.0
33176,144.9,6.90,22.93,0.1582,6.32,1048.0,85.0
33183,142.9,7.00,22.93,0.1605,6.23,1048.0,85.0
33190,144.9,6.90,22.93,0.1582,6.32,1048.0,85.0
33197,142.9,7.00,22.93,0.1605,6.23,1048.0,85.0
33204,144.9,6.90,22.93,0.1582,6.32,1048.0,85.0
33211,142.9,7.00,22.93,0.1605,6.23,1048.0,85.0
33218,144.9,6.90,22.92,0.1582,6.32,1048.0,85.0
33225,142.9,7.00,22.92,0.1605,6.23,1048.0,85.0
33232,147.1,6.80,22.92,0.1559,6.42,1048.0,85.0
33239,142.9,7.00,22.92,0.1604,6.23,1048.0,85.0
33246,142.9,7.00,22.92,0.1604,6.23,1048.0,85.0
33253,144.9,6.90,22.92,0.1581,6.32,1048.0,85.0
33260,142.9,7.00,22.92,0.1604,6.24,1048.0,85.0
33266,144.9,6.90,22.92,0.1581,6.32,1048.0,85.0
33273,144.9,6.90,22.91,0.1581,6.32,1048.0,85.0
33280,142.9,7.00,22.91,0.1604,6.24,1048.0,85.0
33287,142.9,7.00,22.91,0.1604,6.24,1048.0,85.0
33294,144.9,6.90,22.91,0.1581,6.32,1048.0,85.0
33301,144.9,6.90,22.91,0.1581,6.32,1048.0,85.0
33308,144.9,6.90,22.91,0.1581,6.33,1048.0,85.0
33315,144.9,6.90,22.91,0.1581,6.33,1048.0,85.0
33322,142.9,7.00,22.91,0.1603,6.24,1048.0,85.0
33329,144.9,6.90,22.91,0.1580,6.33,1048.0,85.0
33336,140.8,7.10,22.90,0.1626,6.15,1048.0,85.0
33343,147.1,6.80,22.90,0.1557,6.42,1048.0,85.0
33350,142.9,7.00,22.90,0.1603,6.24,1048.0,85.0
33357,142.9,7.00,22.90,0.1603,6.24,1048.0,85.0
33364,144.9,6.90,22.90,0.1580,6.33,1048.0,85.0
33371,142.9,7.00,22.90,0.1603,6.24,1048.0,85.0
33378,142.9,7.00,22.90,0.1603,6.24,1048.0,85.0
33385,144.9,6.90,22.90,0.1580,6.33,1048.0,85.0
33392,142.9,7.00,22.89,0.1603,6.24,1048.0,85.0
33398,147.1,6.80,22.89,0.1557,6.43,1048.0,85.0
33405,142.9,7.00,22.89,0.1602,6.24,1048.0,85.0
33412,142.9,7.00,22.89,0.1602,6.24,1048.0,85.0
33419,144.9,6.90,22.89,0.1579,6.33,1048.0,85.0
33426,142.9,7.00,22.89,0.1602,6.24,1048.0,85.0
33433,147.1,6.80,22.89,0.1556,6.43,1048.0,85.0
33440,142.9,7.00,22.89,0.1602,6.24,1048.0,85.0
33447,140.8,7.10,22.89,0.1625,6.15,1048.0,85.0
33454,147.1,6.80,22.88,0.1556,6.43,1048.0,85.0
33461,142.9,7.00,22.88,0.1602,6.24,1048.0,85.0
33468,144.9,6.90,22.88,0.1579,6.33,1048.0,85.0
33475,144.9,6.90,22.88,0.1579,6.33,1048.0,85.0
33482,142.9,7.00,22.88,0.1602,6.25,1048.0,85.0
33489,144.9,6.90,22.88,0.1579,6.33,1048.0,85.0
33496,142.9,7.00,22.88,0.1601,6.25,1048.0,85.0
33503,144.9,6.90,22.88,0.1578,6.33,1048.0,85.0
33509,144.9,6.90,22.87,0.1578,6.33,1048.0,85.0
33517,140.8,7.10,22.87,0.1624,6.16,1048.0,85.0
33523,144.9,6.90,22.87,0.1578,6.34,1048.0,85.0
33530,144.9,6.90,22.87,0.1578,6.34,1048.0,85.0
33537,144.9,6.90,22.87,0.1578,6.34,1048.0,85.0
33544,142.9,7.00,22.87,0.1601,6.25,1048.0,85.0
33551,144.9,6.90,22.87,0.1578,6.34,1048.0,85.0
33558,144.9,6.90,22.87,0.1578,6.34,1048.0,85.0
33565,142.9,7.00,22.87,0.1601,6.25,1048.0,85.0
33572,142.9,7.00,22.86,0.1600,6.25,1048.0,85.0
33579,144.9,6.90,22.86,0.1578,6.34,1048.0,85.0
33586,142.9,7.00,22.86,0.1600,6.25,1048.0,85.0
33593,144.9,6.90,22.86,0.1577,6.34,1048.0,85.0
33600,142.9,7.00,22.86,0.1600,6.25,1048.0,85.0
33607,147.1,6.80,22.86,0.1554,6.44,1048.0,85.0
33614,142.9,7.00,22.86,0.1600,6.25,1048.0,85.0
33621,144.9,6.90,22.86,0.1577,6.34,1048.0,85.0
33628,142.9,7.00,22.85,0.1600,6.25,1048.0,85.0
33634,144.9,6.90,22.85,0.1577,6.34,1048.0,85.0
33641,142.9,7.00,22.85,0.1600,6.25,1048.0,85.0
33648,142.9,7.00,22.85,0.1600,6.25,1048.0,85.0
33655,144.9,6.90,22.85,0.1577,6.34,1048.0,85.0
33662,144.9,6.90,22.85,0.1577,6.34,1048.0,85.0
33669,142.9,7.00,22.85,0.1599,6.25,1048.0,85.0
33676,144.9,6.90,22.85,0.1576,6.34,1048.0,85.0
33683,142.9,7.00,22.85,0.1599,6.26,1048.0,85.0
33690,144.9,6.90,22.84,0.1576,6.34,1048.0,85.0
33697,142.9,7.00,22.84,0.1599,6.26,1048.0,85.0
33704,144.9,6.90,22.84,0.1576,6.34,1048.0,85.0
33711,144.9,6.90,22.84,0.1576,6.34,1048.0,85.0
33718,142.9,7.00,22.84,0.1599,6.26,1048.0,85.0
33725,144.9,6.90,22.84,0.1576,6.34,1048.0,85.0
33732,142.9,7.00,22.84,0.1599,6.26,1048.0,85.0
33739,144.9,6.90,22.84,0.1576,6.35,1048.0,85.0
33746,142.9,7.00,22.83,0.1598,6.26,1048.0,85.0
33753,144.9,6.90,22.83,0.1575,6.35,1048.0,85.0
33760,142.9,7.00,22.83,0.1598,6.26,1048.0,85.0
33767,142.9,7.00,22.83,0.1598,6.26,1048.0,85.0
33773,147.1,6.80,22.83,0.1552,6.44,1048.0,85.0
33780,142.9,7.00,22.83,0.1598,6.26,1048.0,85.0
33787,144.9,6.90,22.83,0.1575,6.35,1048.0,85.0
33794,142.9,7.00,22.83,0.1598,6.26,1048.0,85.0
33801,142.9,7.00,22.83,0.1598,6.26,1048.0,85.0
33808,144.9,6.90,22.82,0.1575,6.35,1048.0,85.0
33815,142.9,7.00,22.82,0.1598,6.26,1048.0,85.0
33822,144.9,6.90,22.82,0.1575,6.35,1048.0,85.0
33829,144.9,6.90,22.82,0.1575,6.35,1048.0,85.0
33836,142.9,7.00,22.82,0.1597,6.26,1048.0,85.0
33843,142.9,7.00,22.82,0.1597,6.26,1048.0,85.0
33850,144.9,6.90,22.82,0.1574,6.35,1048.0,85.0
33857,144.9,6.90,22.82,0.1574,6.35,1048.0,85.0
33864,144.9,6.90,22.81,0.1574,6.35,1048.0,85.0
33871,142.9,7.00,22.81,0.1597,6.26,1048.0,85.0
33878,144.9,6.90,22.81,0.1574,6.35,1048.0,85.0
33885,142.9,7.00,22.81,0.1597,6.26,1048.0,85.0
33891,144.9,6.90,22.81,0.1574,6.35,1048.0,85.0
33898,142.9,7.00,22.81,0.1597,6.27,1048.0,85.0
33905,144.9,6.90,22.81,0.1574,6.35,1048.0,85.0
33912,144.9,6.90,22.81,0.1574,6.35,1048.0,85.0
33919,142.9,7.00,22.81,0.1596,6.27,1048.0,85.0
33926,142.9,7.00,22.80,0.1596,6.27,1048.0,85.0
33933,144.9,6.90,22.80,0.1573,6.35,1048.0,85.0
33940,142.9,7.00,22.80,0.1596,6.27,1048.0,85.0
33947,144.9,6.90,22.80,0.1573,6.36,1048.0,85.0
33954,144.9,6.90,22.80,0.1573,6.36,1048.0,85.0
33961,144.9,6.90,22.80,0.1573,6.36,1048.0,85.0
33968,142.9,7.00,22.80,0.1596,6.27,1048.0,85.0
33975,142.9,7.00,22.80,0.1596,6.27,1048.0,85.0
33982,144.9,6.90,22.79,0.1573,6.36,1048.0,85.0
33989,144.9,6.90,22.79,0.1573,6.36,1048.0,85.0
33996,144.9,6.90,22.79,0.1573,6.36,1048.0,85.0
34003,142.9,7.00,22.79,0.1595,6.27,1048.0,85.0
34009,144.9,6.90,22.79,0.1572,6.36,1048.0,85.0
34017,140.8,7.10,22.79,0.1618,6.18,1048.0,85.0
34023,144.9,6.90,22.79,0.1572,6.36,1048.0,85.0
34030,147.1,6.80,22.79,0.1549,6.46,1048.0,85.0
34037,142.9,7.00,22.78,0.1595,6.27,1048.0,85.0
34044,142.9,7.00,22.78,0.1595,6.27,1048.0,85.0
34051,144.9,6.90,22.78,0.1572,6.36,1048.0,85.0
34058,142.9,7.00,22.78,0.1595,6.27,1048.0,85.0
34065,144.9,6.90,22.78,0.1572,6.36,1048.0,85.0
34072,142.9,7.00,22.78,0.1595,6.27,1048.0,85.0
34079,144.9,6.90,22.78,0.1572,6.36,1048.0,85.0
34086,142.9,7.00,22.78,0.1594,6.27,1048.0,85.0
34093,144.9,6.90,22.78,0.1572,6.36,1048.0,85.0
34100,144.9,6.90,22.77,0.1571,6.36,1048.0,85.0
34107,140.8,7.10,22.77,0.1617,6.18,1048.0,85.0
34114,147.1,6.80,22.77,0.1548,6.46,1048.0,85.0
34121,142.9,7.00,22.77,0.1594,6.28,1048.0,85.0
34128,142.9,7.00,22.77,0.1594,6.28,1048.0,85.0
34135,144.9,6.90,22.77,0.1571,6.36,1048.0,85.0
34141,147.1,6.80,22.77,0.1548,6.46,1048.0,85.0
34148,140.8,7.10,22.77,0.1616,6.18,1048.0,85.0
34155,147.1,6.80,22.76,0.1548,6.46,1048.0,85.0
34162,142.9,7.00,22.76,0.1593,6.28,1048.0,85.0
34169,144.9,6.90,22.76,0.1571,6.37,1048.0,85.0
34176,142.9,7.00,22.76,0.1593,6.28,1048.0,85.0
34183,142.9,7.00,22.76,0.1593,6.28,1048.0,85.0
34190,144.9,6.90,22.76,0.1570,6.37,1048.0,85.0
34197,144.9,6.90,22.76,0.1570,6.37,1048.0,85.0
34204,142.9,7.00,22.76,0.1593,6.28,1048.0,85.0
34211,144.9,6.90,22.76,0.1570,6.37,1048.0,85.0
34218,144.9,6.90,22.76,0.1570,6.37,1048.0,85.0
34225,144.9,6.90,22.76,0.1570,6.37,1048.0,85.0
34232,140.8,7.10,22.76,0.1616,6.19,1048.0,85.0
34239,142.9,7.00,22.76,0.1593,6.28,1048.0,85.0
34246,144.9,6.90,22.76,0.1570,6.37,1048.0,85.0
34253,144.9,6.90,22.76,0.1570,6.37,1048.0,85.0
34259,144.9,6.90,22.76,0.1570,6.37,1048.0,85.0
34266,142.9,7.00,22.76,0.1593,6.28,1048.0,85.0
34273,142.9,7.00,22.76,0.1593,6.28,1048.0,85.0
34280,142.9,7.00,22.76,0.1593,6.28,1048.0,85.0
34287,144.9,6.90,22.76,0.1571,6.37,1048.0,85.0
34294,147.1,6.80,22.76,0.1548,6.46,1048.0,85.0
34301,142.9,7.00,22.76,0.1593,6.28,1048.0,85.0
34308,144.9,6.90,22.76,0.1571,6.37,1048.0,85.0
34315,142.9,7.00,22.76,0.1593,6.28,1048.0,85.0
34322,142.9,7.00,22.76,0.1593,6.28,1048.0,85.0
34329,144.9,6.90,22.76,0.1571,6.37,1048.0,85.0
34336,142.9,7.00,22.76,0.1593,6.28,1048.0,85.0
34343,144.9,6.90,22.76,0.1571,6.37,1048.0,85.0
34350,142.9,7.00,22.76,0.1593,6.28,1048.0,85.0
34357,144.9,6.90,22.76,0.1571,6.37,1048.0,85.0
34364,147.1,6.80,22.76,0.1548,6.46,1048.0,85.0
34371,142.9,7.00,22.76,0.1593,6.28,1048.0,85.0
34377,144.9,6.90,22.76,0.1571,6.37,1048.0,85.0
34384,142.9,7.00,22.76,0.1593,6.28,1048.0,85.0
34391,142.9,7.00,22.76,0.1593,6.28,1048.0,85.0
34398,144.9,6.90,22.76,0.1571,6.37,1048.0,85.0
34405,144.9,6.90,22.76,0.1571,6.37,1048.0,85.0
34412,142.9,7.00,22.76,0.1593,6.28,1048.0,85.0
34419,142.9,7.00,22.76,0.1593,6.28,1048.0,85.0
34426,144.9,6.90,22.76,0.1571,6.37,1048.0,85.0
34433,144.9,6.90,22.76,0.1571,6.37,1048.0,85.0
34440,142.9,7.00,22.76,0.1593,6.28,1048.0,85.0
34447,144.9,6.90,22.76,0.1571,6.37,1048.0,85.0
34454,142.9,7.00,22.76,0.1593,6.28,1048.0,85.0
34461,144.9,6.90,22.76,0.1571,6.37,1048.0,85.0
34468,142.9,7.00,22.76,0.1593,6.28,1048.0,85.0
34475,144.9,6.90,22.76,0.1571,6.37,1048.0,85.0
34482,140.8,7.10,22.76,0.1616,6.19,1048.0,85.0
34489,147.1,6.80,22.76,0.1548,6.46,1048.0,85.0
34496,142.9,7.00,22.76,0.1593,6.28,1048.0,85.0
34503,142.9,7.00,22.76,0.1593,6.28,1048.0,85.0
34510,144.9,6.90,22.76,0.1571,6.37,1048.0,85.0
34516,144.9,6.90,22.76,0.1571,6.37,1048.0,85.0
34523,142.9,7.00,22.76,0.1593,6.28,1048.0,85.0
34530,144.9,6.90,22.76,0.1571,6.37,1048.0,85.0
34537,142.9,7.00,22.76,0.1593,6.28,1048.0,85.0
34544,144.9,6.90,22.76,0.1571,6.37,1048.0,85.0
34551,142.9,7.00,22.76,0.1593,6.28,1048.0,85.0
34558,147.1,6.80,22.76,0.1548,6.46,1048.0,85.0
34565,142.9,7.00,22.76,0.1593,6.28,1048.0,85.0
34572,144.9,6.90,22.76,0.1571,6.37,1048.0,85.0
34579,142.9,7.00,22.76,0.1593,6.28,1048.0,85.0
34586,144.9,6.90,22.76,0.1571,6.37,1048.0,85.0
34593,142.9,7.00,22.76,0.1593,6.28,1048.0,85.0
34600,144.9,6.90,22.76,0.1571,6.37,1048.0,85.0
34607,142.9,7.00,22.76,0.1593,6.28,1048.0,85.0
34614,144.9,6.90,22.76,0.1571,6.37,1048.0,85.0
34621,144.9,6.90,22.76,0.1571,6.37,1048.0,85.0
34627,144.9,6.90,22.76,0.1571,6.37,1048.0,85.0
34634,142.9,7.00,22.76,0.1594,6.28,1048.0,85.0
34641,144.9,6.90,22.76,0.1571,6.37,1048.0,85.0
34648,140.8,7.10,22.76,0.1616,6.19,1048.0,85.0
34655,147.1,6.80,22.76,0.1548,6.46,1048.0,85.0
34662,142.9,7.00,22.76,0.1594,6.28,1048.0,85.0
34669,144.9,6.90,22.76,0.1571,6.37,1048.0,85.0
34676,144.9,6.90,22.76,0.1571,6.37,1048.0,85.0
34683,140.8,7.10,22.76,0.1616,6.18,1048.0,85.0
34690,142.9,7.00,22.77,0.1594,6.28,1048.0,85.0
34697,144.9,6.90,22.77,0.1571,6.36,1048.0,85.0
34704,142.9,7.00,22.77,0.1594,6.28,1048.0,85.0
34711,144.9,6.90,22.77,0.1571,6.36,1048.0,85.0
34718,144.9,6.90,22.77,0.1571,6.36,1048.0,85.0
34725,144.9,6.90,22.77,0.1571,6.36,1048.0,85.0
34732,142.9,7.00,22.77,0.1594,6.28,1048.0,85.0
34739,144.9,6.90,22.77,0.1571,6.36,1048.0,85.0
34746,144.9,6.90,22.77,0.1571,6.36,1048.0,85.0
34753,142.9,7.00,22.77,0.1594,6.28,1048.0,85.0
34760,142.9,7.00,22.77,0.1594,6.28,1048.0,85.0
34766,144.9,6.90,22.77,0.1571,6.36,1048.0,85.0
34773,142.9,7.00,22.77,0.1594,6.28,1048.0,85.0
34780,144.9,6.90,22.77,0.1571,6.36,1048.0,85.0
34787,142.9,7.00,22.77,0.1594,6.28,1048.0,85.0
34794,144.9,6.90,22.77,0.1571,6.36,1048.0,85.0
34801,144.9,6.90,22.77,0.1571,6.36,1048.0,85.0
34808,142.9,7.00,22.77,0.1594,6.28,1048.0,85.0
34815,144.9,6.90,22.77,0.1571,6.36,1048.0,85.0
34822,144.9,6.90,22.77,0.1571,6.36,1048.0,85.0
34829,142.9,7.00,22.77,0.1594,6.28,1048.0,85.0
34836,147.1,6.80,22.77,0.1548,6.46,1048.0,85.0
34843,140.8,7.10,22.77,0.1616,6.18,1048.0,85.0
34850,142.9,7.00,22.77,0.1594,6.28,1048.0,85.0
34857,144.9,6.90,22.77,0.1571,6.36,1048.0,85.0
34864,144.9,6.90,22.77,0.1571,6.36,1048.0,85.0
34871,144.9,6.90,22.77,0.1571,6.36,1048.0,85.0
34878,140.8,7.10,22.77,0.1616,6.18,1048.0,85.0
34885,144.9,6.90,22.77,0.1571,6.36,1048.0,85.0
34891,144.9,6.90,22.77,0.1571,6.36,1048.0,85.0
34898,142.9,7.00,22.77,0.1594,6.28,1048.0,85.0
34905,144.9,6.90,22.77,0.1571,6.36,1048.0,85.0
34912,142.9,7.00,22.77,0.1594,6.28,1048.0,85.0
34919,147.1,6.80,22.77,0.1548,6.46,1048.0,85.0
34926,142.9,7.00,22.77,0.1594,6.28,1048.0,85.0
34933,144.9,6.90,22.77,0.1571,6.36,1048.0,85.0
34940,142.9,7.00,22.77,0.1594,6.28,1048.0,85.0
34947,142.9,7.00,22.77,0.1594,6.28,1048.0,85.0
34954,144.9,6.90,22.77,0.1571,6.36,1048.0,85.0
34961,144.9,6.90,22.77,0.1571,6.36,1048.0,85.0
34968,142.9,7.00,22.77,0.1594,6.28,1048.0,85.0
34975,144.9,6.90,22.77,0.1571,6.36,1048.0,85.0
34982,144.9,6.90,22.77,0.1571,6.36,1048.0,85.0
34989,142.9,7.00,22.77,0.1594,6.28,1048.0,85.0
34996,144.9,6.90,22.77,0.1571,6.36,1048.0,85.0
35003,142.9,7.00,22.77,0.1594,6.28,1048.0,85.0
35010,142.9,7.00,22.77,0.1594,6.28,1048.0,85.0
35016,147.1,6.80,22.77,0.1548,6.46,1048.0,85.0
35023,142.9,7.00,22.77,0.1594,6.28,1048.0,85.0
35030,142.9,7.00,22.77,0.1594,6.28,1048.0,85.0
35037,142.9,7.00,22.77,0.1594,6.28,1048.0,85.0
35044,147.1,6.80,22.77,0.1548,6.46,1048.0,85.0
35051,142.9,7.00,22.77,0.1594,6.28,1048.0,85.0
35058,144.9,6.90,22.77,0.1571,6.36,1048.0,85.0
35065,142.9,7.00,22.77,0.1594,6.28,1048.0,85.0
35072,142.9,7.00,22.77,0.1594,6.28,1048.0,85.0
35079,144.9,6.90,22.77,0.1571,6.36,1048.0,85.0
35086,144.9,6.90,22.77,0.1571,6.36,1048.0,85.0
35093,142.9,7.00,22.77,0.1594,6.28,1048.0,85.0
35100,144.9,6.90,22.77,0.1571,6.36,1048.0,85.0
35107,142.9,7.00,22.77,0.1594,6.28,1048.0,85.0
35114,142.9,7.00,22.77,0.1594,6.28,1048.0,85.0
35121,144.9,6.90,22.77,0.1571,6.36,1048.0,85.0
35127,147.1,6.80,22.77,0.1548,6.46,1048.0,85.0
35135,140.8,7.10,22.77,0.1617,6.18,1048.0,85.0
35141,144.9,6.90,22.77,0.1571,6.36,1048.0,85.0
35148,142.9,7.00,22.77,0.1594,6.28,1048.0,85.0
35155,144.9,6.90,22.77,0.1571,6.36,1048.0,85.0
35162,144.9,6.90,22.77,0.1571,6.36,1048.0,85.0
35169,142.9,7.00,22.77,0.1594,6.28,1048.0,85.0
35176,144.9,6.90,22.77,0.1571,6.36,1048.0,85.0
35183,142.9,7.00,22.77,0.1594,6.28,1048.0,85.0
35190,144.9,6.90,22.77,0.1571,6.36,1048.0,85.0
35197,144.9,6.90,22.77,0.1571,6.36,1048.0,85.0
35204,142.9,7.00,22.77,0.1594,6.28,1048.0,85.0
35211,144.9,6.90,22.77,0.1571,6.36,1048.0,85.0
35218,144.9,6.90,22.77,0.1571,6.36,1048.0,85.0
35225,142.9,7.00,22.77,0.1594,6.28,1048.0,85.0
35232,144.9,6.90,22.77,0.1571,6.36,1048.0,85.0
35239,142.9,7.00,22.77,0.1594,6.28,1048.0,85.0
35246,142.9,7.00,22.77,0.1594,6.28,1048.0,85.0
35253,144.9,6.90,22.77,0.1571,6.36,1048.0,85.0
35260,142.9,7.00,22.77,0.1594,6.28,1048.0,85.0
35266,147.1,6.80,22.77,0.1548,6.46,1048.0,85.0
35273,140.8,7.10,22.77,0.1617,6.18,1048.0,85.0
35280,144.9,6.90,22.77,0.1571,6.36,1048.0,85.0
35287,142.9,7.00,22.77,0.1594,6.28,1048.0,85.0
35294,147.1,6.80,22.77,0.1548,6.46,1048.0,85.0
35301,142.9,7.00,22.77,0.1594,6.28,1048.0,85.0
35308,144.9,6.90,22.77,0.1571,6.36,1048.0,85.0
35315,142.9,7.00,22.77,0.1594,6.28,1048.0,85.0
35322,144.9,6.90,22.77,0.1571,6.36,1048.0,85.0
35329,144.9,6.90,22.77,0.1571,6.36,1048.0,85.0
35336,142.9,7.00,22.77,0.1594,6.28,1048.0,85.0
35343,144.9,6.90,22.77,0.1571,6.36,1048.0,85.0
35350,144.9,6.90,22.77,0.1571,6.36,1048.0,85.0
35357,142.9,7.00,22.77,0.1594,6.28,1048.0,85.0
35364,142.9,7.00,22.77,0.1594,6.28,1048.0,85.0
35371,144.9,6.90,22.77,0.1571,6.36,1048.0,85.0
35377,144.9,6.90,22.77,0.1571,6.36,1048.0,85.0
35385,140.8,7.10,22.77,0.1617,6.18,1048.0,85.0
35391,147.1,6.80,22.77,0.1549,6.46,1048.0,85.0
35398,142.9,7.00,22.77,0.1594,6.28,1048.0,85.0
35405,144.9,6.90,22.77,0.1571,6.36,1048.0,85.0
35412,144.9,6.90,22.77,0.1571,6.36,1048.0,85.0
35419,142.9,7.00,22.77,0.1594,6.28,1048.0,85.0
35426,142.9,7.00,22.77,0.1594,6.28,1048.0,85.0
35433,144.9,6.90,22.77,0.1571,6.36,1048.0,85.0
35440,144.9,6.90,22.77,0.1571,6.36,1048.0,85.0
35447,140.8,7.10,22.77,0.1617,6.18,1048.0,85.0
35454,144.9,6.90,22.77,0.1571,6.36,1048.0,85.0
35461,144.9,6.90,22.77,0.1571,6.36,1048.0,85.0
35468,142.9,7.00,22.77,0.1594,6.28,1048.0,85.0
35475,142.9,7.00,22.77,0.1594,6.27,1048.0,85.0
35482,147.1,6.80,22.77,0.1549,6.46,1048.0,85.0
35489,140.8,7.10,22.77,0.1617,6.18,1048.0,85.0
35496,144.9,6.90,22.77,0.1571,6.36,1048.0,85.0
35503,144.9,6.90,22.77,0.1571,6.36,1048.0,85.0
35509,144.9,6.90,22.77,0.1571,6.36,1048.0,85.0
35516,144.9,6.90,22.77,0.1571,6.36,1048.0,85.0
35523,142.9,7.00,22.77,0.1594,6.27,1048.0,85.0
35530,142.9,7.00,22.77,0.1594,6.27,1048.0,85.0
35537,144.9,6.90,22.77,0.1571,6.36,1048.0,85.0
35544,142.9,7.00,22.77,0.1594,6.27,1048.0,85.0
35551,144.9,6.90,22.77,0.1571,6.36,1048.0,85.0
35558,142.9,7.00,22.77,0.1594,6.27,1048.0,85.0
35565,144.9,6.90,22.77,0.1571,6.36,1048.0,85.0
35572,142.9,7.00,22.77,0.1594,6.27,1048.0,85.0
35579,144.9,6.90,22.77,0.1571,6.36,1048.0,85.0
35586,144.9,6.90,22.77,0.1571,6.36,1048.0,85.0
35593,142.9,7.00,22.77,0.1594,6.27,1048.0,85.0
35600,142.9,7.00,22.77,0.1594,6.27,1048.0,85.0
35607,147.1,6.80,22.77,0.1549,6.46,1048.0,85.0
35614,142.9,7.00,22.77,0.1594,6.27,1048.0,85.0
35621,144.9,6.90,22.77,0.1571,6.36,1048.0,85.0
35628,142.9,7.00,22.77,0.1594,6.27,1048.0,85.0
35634,147.1,6.80,22.77,0.1549,6.46,1048.0,85.0
35641,142.9,7.00,22.77,0.1594,6.27,1048.0,85.0
35648,144.9,6.90,22.77,0.1571,6.36,1048.0,85.0
35655,142.9,7.00,22.77,0.1594,6.27,1048.0,85.0
35662,144.9,6.90,22.77,0.1571,6.36,1048.0,85.0
35669,142.9,7.00,22.77,0.1594,6.27,1048.0,85.0
35676,144.9,6.90,22.77,0.1571,6.36,1048.0,85.0
35683,142.9,7.00,22.77,0.1594,6.27,1048.0,85.0
35690,142.9,7.00,22.78,0.1594,6.27,1048.0,85.0
35697,142.9,7.00,22.78,0.1594,6.27,1048.0,85.0
35704,144.9,6.90,22.78,0.1571,6.36,1048.0,85.0
35711,144.9,6.90,22.78,0.1571,6.36,1048.0,85.0
35718,144.9,6.90,22.78,0.1571,6.36,1048.0,85.0
35725,140.8,7.10,22.78,0.1617,6.18,1048.0,85.0
35732,147.1,6.80,22.78,0.1549,6.46,1048.0,85.0
35739,142.9,7.00,22.78,0.1594,6.27,1048.0,85.0
35746,144.9,6.90,22.78,0.1572,6.36,1048.0,85.0
35752,144.9,6.90,22.78,0.1572,6.36,1048.0,85.0
35759,142.9,7.00,22.78,0.1594,6.27,1048.0,85.0
35766,142.9,7.00,22.78,0.1594,6.27,1048.0,85.0
35773,144.9,6.90,22.78,0.1572,6.36,1048.0,85.0
35780,142.9,7.00,22.78,0.1594,6.27,1048.0,85.0
35787,144.9,6.90,22.78,0.1572,6.36,1048.0,85.0
35794,144.9,6.90,22.78,0.1572,6.36,1048.0,85.0
35801,142.9,7.00,22.78,0.1594,6.27,1048.0,85.0
35808,144.9,6.90,22.78,0.1572,6.36,1048.0,85.0
35815,142.9,7.00,22.78,0.1594,6.27,1048.0,85.0
35822,144.9,6.90,22.78,0.1572,6.36,1048.0,85.0
35829,142.9,7.00,22.78,0.1594,6.27,1048.0,85.0
35836,144.9,6.90,22.78,0.1572,6.36,1048.0,85.0
35843,144.9,6.90,22.78,0.1572,6.36,1048.0,85.0
35850,142.9,7.00,22.78,0.1594,6.27,1048.0,85.0
35857,144.9,6.90,22.78,0.1572,6.36,1048.0,85.0
35864,142.9,7.00,22.78,0.1594,6.27,1048.0,85.0
35871,142.9,7.00,22.78,0.1594,6.27,1048.0,85.0
35878,144.9,6.90,22.78,0.1572,6.36,1048.0,85.0
35884,144.9,6.90,22.78,0.1572,6.36,1048.0,85.0
35891,142.9,7.00,22.78,0.1594,6.27,1048.0,85.0
35898,144.9,6.90,22.78,0.1572,6.36,1048.0,85.0
35905,142.9,7.00,22.78,0.1594,6.27,1048.0,85.0
35912,144.9,6.90,22.78,0.1572,6.36,1048.0,85.0
35919,142.9,7.00,22.78,0.1594,6.27,1048.0,85.0
35926,144.9,6.90,22.78,0.1572,6.36,1048.0,85.0
35933,142.9,7.00,22.78,0.1594,6.27,1048.0,85.0
35940,147.1,6.80,22.78,0.1549,6.46,1048.0,85.0
35947,142.9,7.00,22.78,0.1594,6.27,1048.0,85.0
35954,142.9,7.00,22.78,0.1594,6.27,1048.0,85.0
35961,144.9,6.90,22.78,0.1572,6.36,1048.0,85.0
35968,144.9,6.90,22.78,0.1572,6.36,1048.0,85.0
35975,144.9,6.90,22.78,0.1572,6.36,1048.0,85.0
35982,142.9,7.00,22.78,0.1594,6.27,1048.0,85.0
35989,144.9,6.90,22.78,0.1572,6.36,1048.0,85.0
35996,142.9,7.00,22.78,0.1594,6.27,1048.0,85.0
36003,142.9,7.00,22.78,0.1594,6.27,1048.0,85.0
36009,144.9,6.90,22.78,0.1572,6.36,1048.0,85.0
36016,144.9,6.90,22.78,0.1572,6.36,1048.0,85.0
36023,140.8,7.10,22.78,0.1617,6.18,1048.0,85.0
36030,144.9,6.90,22.78,0.1572,6.36,1048.0,85.0
36037,142.9,7.00,22.78,0.1594,6.27,1048.0,85.0
36044,144.9,6.90,22.78,0.1572,6.36,1048.0,85.0
36051,144.9,6.90,22.78,0.1572,6.36,1048.0,85.0
36058,142.9,7.00,22.78,0.1595,6.27,1048.0,85.0
36065,144.9,6.90,22.78,0.1572,6.36,1048.0,85.0
36072,142.9,7.00,22.78,0.1595,6.27,1048.0,85.0
36079,144.9,6.90,22.78,0.1572,6.36,1048.0,85.0
36086,144.9,6.90,22.78,0.1572,6.36,1048.0,85.0
36093,142.9,7.00,22.78,0.1595,6.27,1048.0,85.0
36100,142.9,7.00,22.78,0.1595,6.27,1048.0,85.0
36107,144.9,6.90,22.78,0.1572,6.36,1048.0,85.0
36114,144.9,6.90,22.78,0.1572,6.36,1048.0,85.0
36121,142.9,7.00,22.78,0.1595,6.27,1048.0,85.0
36128,144.9,6.90,22.78,0.1572,6.36,1048.0,85.0
36134,144.9,6.90,22.78,0.1572,6.36,1048.0,85.0
36141,142.9,7.00,22.78,0.1595,6.27,1048.0,85.0
36148,144.9,6.90,22.78,0.1572,6.36,1048.0,85.0
36155,144.9,6.90,22.78,0.1572,6.36,1048.0,85.0
36162,142.9,7.00,22.78,0.1595,6.27,1048.0,85.0
36169,144.9,6.90,22.78,0.1572,6.36,1048.0,85.0
36176,142.9,7.00,22.78,0.1595,6.27,1048.0,85.0
36183,144.9,6.90,22.78,0.1572,6.36,1048.0,85.0
36190,142.9,7.00,22.78,0.1595,6.27,1048.0,85.0
36197,142.9,7.00,22.78,0.1595,6.27,1048.0,85.0
36204,147.1,6.80,22.78,0.1549,6.46,1048.0,85.0
36211,142.9,7.00,22.78,0.1595,6.27,1048.0,85.0
36218,142.9,7.00,22.78,0.1595,6.27,1048.0,85.0
36225,144.9,6.90,22.78,0.1572,6.36,1048.0,85.0
36232,142.9,7.00,22.78,0.1595,6.27,1048.0,85.0
36239,144.9,6.90,22.78,0.1572,6.36,1048.0,85.0
36246,144.9,6.90,22.78,0.1572,6.36,1048.0,85.0
36252,144.9,6.90,22.78,0.1572,6.36,1048.0,85.0
36259,142.9,7.00,22.78,0.1594,6.27,1048.0,85.0
36266,142.9,7.00,22.78,0.1594,6.27,1048.0,85.0
36273,144.9,6.90,22.78,0.1572,6.36,1048.0,85.0
36280,142.9,7.00,22.78,0.1594,6.27,1048.0,85.0
36287,144.9,6.90,22.78,0.1572,6.36,1048.0,85.0
36294,142.9,7.00,22.78,0.1594,6.27,1048.0,85.0
36301,147.1,6.80,22.78,0.1549,6.46,1048.0,85.0
36308,142.9,7.00,22.78,0.1594,6.27,1048.0,85.0
36315,144.9,6.90,22.78,0.1572,6.36,1048.0,85.0
36322,142.9,7.00,22.78,0.1594,6.27,1048.0,85.0
36329,144.9,6.90,22.78,0.1572,6.36,1048.0,85.0
36336,142.9,7.00,22.78,0.1594,6.27,1048.0,85.0
36343,142.9,7.00,22.78,0.1594,6.27,1048.0,85.0
36350,142.9,7.00,22.78,0.1594,6.27,1048.0,85.0
36357,144.9,6.90,22.78,0.1572,6.36,1048.0,85.0
36364,142.9,7.00,22.78,0.1594,6.27,1048.0,85.0
36371,142.9,7.00,22.78,0.1594,6.27,1048.0,85.0
36378,144.9,6.90,22.78,0.1572,6.36,1048.0,85.0
36385,144.9,6.90,22.78,0.1572,6.36,1048.0,85.0
36392,142.9,7.00,22.78,0.1594,6.27,1048.0,85.0
36398,147.1,6.80,22.78,0.1549,6.46,1048.0,85.0
36405,142.9,7.00,22.78,0.1594,6.27,1048.0,85.0
36412,147.1,6.80,22.78,0.1549,6.46,1048.0,85.0
36419,142.9,7.00,22.78,0.1594,6.27,1048.0,85.0
36426,142.9,7.00,22.78,0.1594,6.27,1048.0,85.0
36433,144.9,6.90,22.78,0.1571,6.36,1048.0,85.0
36440,142.9,7.00,22.77,0.1594,6.27,1048.0,85.0
36447,144.9,6.90,22.77,0.1571,6.36,1048.0,85.0
36454,144.9,6.90,22.77,0.1571,6.36,1048.0,85.0
36461,144.9,6.90,22.77,0.1571,6.36,1048.0,85.0
36468,142.9,7.00,22.77,0.1594,6.27,1048.0,85.0
36475,144.9,6.90,22.77,0.1571,6.36,1048.0,85.0
36482,142.9,7.00,22.77,0.1594,6.27,1048.0,85.0
36489,142.9,7.00,22.77,0.1594,6.27,1048.0,85.0
36496,144.9,6.90,22.77,0.1571,6.36,1048.0,85.0
36503,142.9,7.00,22.77,0.1594,6.27,1048.0,85.0
36510,142.9,7.00,22.77,0.1594,6.27,1048.0,85.0
36516,144.9,6.90,22.77,0.1571,6.36,1048.0,85.0
36523,144.9,6.90,22.77,0.1571,6.36,1048.0,85.0
36530,142.9,7.00,22.77,0.1594,6.27,1048.0,85.0
36537,147.1,6.80,22.77,0.1549,6.46,1048.0,85.0
36544,140.8,7.10,22.77,0.1617,6.18,1048.0,85.0
36551,147.1,6.80,22.77,0.1549,6.46,1048.0,85.0
36558,142.9,7.00,22.77,0.1594,6.28,1048.0,85.0
36565,144.9,6.90,22.77,0.1571,6.36,1048.0,85.0
36572,144.9,6.90,22.77,0.1571,6.36,1048.0,85.0
36579,142.9,7.00,22.77,0.1594,6.28,1048.0,85.0
36586,144.9,6.90,22.77,0.1571,6.36,1048.0,85.0
36593,142.9,7.00,22.77,0.1594,6.28,1048.0,85.0
36600,144.9,6.90,22.77,0.1571,6.36,1048.0,85.0
36607,142.9,7.00,22.77,0.1594,6.28,1048.0,85.0
36614,142.9,7.00,22.77,0.1594,6.28,1048.0,85.0
36621,144.9,6.90,22.77,0.1571,6.36,1048.0,85.0
36628,142.9,7.00,22.77,0.1594,6.28,1048.0,85.0
36634,144.9,6.90,22.77,0.1571,6.36,1048.0,85.0
36641,144.9,6.90,22.77,0.1571,6.36,1048.0,85.0
36648,142.9,7.00,22.77,0.1594,6.28,1048.0,85.0
36655,144.9,6.90,22.77,0.1571,6.36,1048.0,85.0
36662,144.9,6.90,22.77,0.1571,6.36,1048.0,85.0
36669,140.8,7.10,22.77,0.1617,6.18,1048.0,85.0
36676,144.9,6.90,22.77,0.1571,6.36,1048.0,85.0
36683,144.9,6.90,22.77,0.1571,6.36,1048.0,85.0
36690,142.9,7.00,22.77,0.1594,6.28,1048.0,85.0
36697,144.9,6.90,22.77,0.1571,6.36,1048.0,85.0
36704,142.9,7.00,22.77,0.1594,6.28,1048.0,85.0
36711,147.1,6.80,22.77,0.1548,6.46,1048.0,85.0
36718,142.9,7.00,22.77,0.1594,6.28,1048.0,85.0
36725,142.9,7.00,22.77,0.1594,6.28,1048.0,85.0
36732,142.9,7.00,22.77,0.1594,6.28,1048.0,85.0
36739,147.1,6.80,22.77,0.1548,6.46,1048.0,85.0
36746,142.9,7.00,22.77,0.1594,6.28,1048.0,85.0
36752,144.9,6.90,22.77,0.1571,6.36,1048.0,85.0
36759,142.9,7.00,22.77,0.1594,6.28,1048.0,85.0
36766,144.9,6.90,22.77,0.1571,6.36,1048.0,85.0
36773,142.9,7.00,22.77,0.1594,6.28,1048.0,85.0
36780,144.9,6.90,22.77,0.1571,6.36,1048.0,85.0
36787,142.9,7.00,22.77,0.1594,6.28,1048.0,85.0
36794,144.9,6.90,22.77,0.1571,6.36,1048.0,85.0
36801,142.9,7.00,22.77,0.1594,6.28,1048.0,85.0
36808,144.9,6.90,22.77,0.1571,6.36,1048.0,85.0
36815,142.9,7.00,22.77,0.1594,6.28,1048.0,85.0
36822,144.9,6.90,22.77,0.1571,6.36,1048.0,85.0
36829,144.9,6.90,22.77,0.1571,6.36,1048.0,85.0
36836,142.9,7.00,22.77,0.1594,6.28,1048.0,85.0
36843,142.9,7.00,22.77,0.1594,6.28,1048.0,85.0
36850,142.9,7.00,22.77,0.1594,6.28,1048.0,85.0
36857,147.1,6.80,22.77,0.1548,6.46,1048.0,85.0
36864,142.9,7.00,22.77,0.1594,6.28,1048.0,85.0
36871,142.9,7.00,22.77,0.1594,6.28,1048.0,85.0
36878,144.9,6.90,22.77,0.1571,6.36,1048.0,85.0
36884,144.9,6.90,22.77,0.1571,6.36,1048.0,85.0
36891,147.1,6.80,22.77,0.1548,6.46,1048.0,85.0
36898,140.8,7.10,22.77,0.1616,6.18,1048.0,85.0
36905,142.9,7.00,22.77,0.1594,6.28,1048.0,85.0
36912,144.9,6.90,22.77,0.1571,6.36,1048.0,85.0
36919,144.9,6.90,22.77,0.1571,6.36,1048.0,85.0
36926,142.9,7.00,22.77,0.1594,6.28,1048.0,85.0
36933,144.9,6.90,22.77,0.1571,6.37,1048.0,85.0
36940,142.9,7.00,22.76,0.1594,6.28,1048.0,85.0
36947,144.9,6.90,22.76,0.1571,6.37,1048.0,85.0
36954,144.9,6.90,22.76,0.1571,6.37,1048.0,85.0
36961,142.9,7.00,22.76,0.1594,6.28,1048.0,85.0
36968,144.9,6.90,22.76,0.1571,6.37,1048.0,85.0
36975,142.9,7.00,22.76,0.1593,6.28,1048.0,85.0
36982,144.9,6.90,22.76,0.1571,6.37,1048.0,85.0
36989,144.9,6.90,22.76,0.1571,6.37,1048.0,85.0
36996,142.9,7.00,22.76,0.1593,6.28,1048.0,85.0
37003,142.9,7.00,22.76,0.1593,6.28,1048.0,85.0
37009,144.9,6.90,22.76,0.1571,6.37,1048.0,85.0
37016,142.9,7.00,22.76,0.1593,6.28,1048.0,85.0
37023,144.9,6.90,22.76,0.1571,6.37,1048.0,85.0
37030,142.9,7.00,22.76,0.1593,6.28,1048.0,85.0
37037,147.1,6.80,22.76,0.1548,6.46,1048.0,85.0
37044,140.8,7.10,22.76,0.1616,6.19,1048.0,85.0
37051,144.9,6.90,22.76,0.1571,6.37,1048.0,85.0
37058,144.9,6.90,22.76,0.1571,6.37,1048.0,85.0
37065,147.1,6.80,22.76,0.1548,6.46,1048.0,85.0
37072,140.8,7.10,22.76,0.1616,6.19,1048.0,85.0
37079,142.9,7.00,22.76,0.1593,6.28,1048.0,85.0
37086,147.1,6.80,22.76,0.1548,6.46,1048.0,85.0
37093,140.8,7.10,22.76,0.1616,6.19,1048.0,85.0
37100,144.9,6.90,22.76,0.1571,6.37,1048.0,85.0
37107,142.9,7.00,22.76,0.1593,6.28,1048.0,85.0
37114,144.9,6.90,22.76,0.1571,6.37,1048.0,85.0
37121,142.9,7.00,22.76,0.1593,6.28,1048.0,85.0
37128,144.9,6.90,22.76,0.1571,6.37,1048.0,85.0
37134,144.9,6.90,22.76,0.1571,6.37,1048.0,85.0
37141,142.9,7.00,22.76,0.1593,6.28,1048.0,85.0
37148,144.9,6.90,22.76,0.1570,6.37,1048.0,85.0
37155,142.9,7.00,22.76,0.1593,6.28,1048.0,85.0
37162,144.9,6.90,22.76,0.1570,6.37,1048.0,85.0
37169,144.9,6.90,22.76,0.1570,6.37,1048.0,85.0
37176,142.9,7.00,22.76,0.1593,6.28,1048.0,85.0
37183,144.9,6.90,22.76,0.1570,6.37,1048.0,85.0
37190,142.9,7.00,22.76,0.1593,6.28,1048.0,85.0
37197,144.9,6.90,22.76,0.1570,6.37,1048.0,85.0
37204,144.9,6.90,22.76,0.1570,6.37,1048.0,85.0
37211,142.9,7.00,22.76,0.1593,6.28,1048.0,85.0
37218,142.9,7.00,22.76,0.1593,6.28,1048.0,85.0
37225,144.9,6.90,22.76,0.1570,6.37,1048.0,85.0
37232,144.9,6.90,22.76,0.1570,6.37,1048.0,85.0
37239,142.9,7.00,22.76,0.1593,6.28,1048.0,85.0
37246,144.9,6.90,22.76,0.1570,6.37,1048.0,85.0
37253,142.9,7.00,22.76,0.1593,6.28,1048.0,85.0
37260,142.9,7.00,22.75,0.1593,6.28,1048.0,85.0
37266,144.9,6.90,22.75,0.1570,6.37,1048.0,85.0
37273,142.9,7.00,22.75,0.1593,6.28,1048.0,85.0
37280,147.1,6.80,22.75,0.1547,6.47,1048.0,85.0
37287,142.9,7.00,22.75,0.1593,6.28,1048.0,85.0
37294,144.9,6.90,22.75,0.1570,6.37,1048.0,85.0
37301,144.9,6.90,22.75,0.1570,6.37,1048.0,85.0
37308,142.9,7.00,22.75,0.1593,6.28,1048.0,85.0
37315,142.9,7.00,22.75,0.1593,6.28,1048.0,85.0
37322,147.1,6.80,22.75,0.1547,6.47,1048.0,85.0
37329,142.9,7.00,22.75,0.1592,6.28,1048.0,85.0
37336,144.9,6.90,22.75,0.1570,6.37,1048.0,85.0
37343,142.9,7.00,22.75,0.1592,6.28,1048.0,85.0
37350,142.9,7.00,22.75,0.1592,6.28,1048.0,85.0
37357,144.9,6.90,22.75,0.1570,6.37,1048.0,85.0
37364,142.9,7.00,22.75,0.1592,6.28,1048.0,85.0
37371,144.9,6.90,22.75,0.1570,6.37,1048.0,85.0
37378,142.9,7.00,22.75,0.1592,6.28,1048.0,85.0
37384,144.9,6.90,22.75,0.1569,6.37,1048.0,85.0
37391,144.9,6.90,22.75,0.1569,6.37,1048.0,85.0
37398,142.9,7.00,22.75,0.1592,6.28,1048.0,85.0
37405,144.9,6.90,22.74,0.1569,6.37,1048.0,85.0
37412,144.9,6.90,22.74,0.1569,6.37,1048.0,85.0
37419,142.9,7.00,22.74,0.1592,6.28,1048.0,85.0
37426,142.9,7.00,22.74,0.1592,6.28,1048.0,85.0
37433,144.9,6.90,22.74,0.1569,6.37,1048.0,85.0
37440,144.9,6.90,22.74,0.1569,6.37,1048.0,85.0
37447,142.9,7.00,22.74,0.1592,6.28,1048.0,85.0
37454,147.1,6.80,22.74,0.1546,6.47,1048.0,85.0
37461,140.8,7.10,22.74,0.1615,6.19,1048.0,85.0
37468,144.9,6.90,22.74,0.1569,6.37,1048.0,85.0
37475,144.9,6.90,22.74,0.1569,6.37,1048.0,85.0
37482,142.9,7.00,22.74,0.1592,6.28,1048.0,85.0
37489,144.9,6.90,22.74,0.1569,6.37,1048.0,85.0
37496,142.9,7.00,22.74,0.1592,6.28,1048.0,85.0
37502,144.9,6.90,22.74,0.1569,6.37,1048.0,85.0
37509,142.9,7.00,22.74,0.1592,6.28,1048.0,85.0
37516,144.9,6.90,22.74,0.1569,6.37,1048.0,85.0
37523,142.9,7.00,22.74,0.1592,6.29,1048.0,85.0
37530,144.9,6.90,22.74,0.1569,6.37,1048.0,85.0
37537,142.9,7.00,22.74,0.1591,6.29,1048.0,85.0
37544,144.9,6.90,22.73,0.1569,6.37,1048.0,85.0
37551,144.9,6.90,22.73,0.1569,6.37,1048.0,85.0
37558,142.9,7.00,22.73,0.1591,6.29,1048.0,85.0
37565,142.9,7.00,22.73,0.1591,6.29,1048.0,85.0
37572,144.9,6.90,22.73,0.1569,6.37,1048.0,85.0
37579,142.9,7.00,22.73,0.1591,6.29,1048.0,85.0
37586,144.9,6.90,22.73,0.1568,6.37,1048.0,85.0
37593,142.9,7.00,22.73,0.1591,6.29,1048.0,85.0
37600,144.9,6.90,22.73,0.1568,6.37,1048.0,85.0
37607,144.9,6.90,22.73,0.1568,6.37,1048.0,85.0
37614,144.9,6.90,22.73,0.1568,6.37,1048.0,85.0
37621,142.9,7.00,22.73,0.1591,6.29,1048.0,85.0
37627,144.9,6.90,22.73,0.1568,6.38,1048.0,85.0
37634,142.9,7.00,22.73,0.1591,6.29,1048.0,85.0
37641,144.9,6.90,22.73,0.1568,6.38,1048.0,85.0
37648,142.9,7.00,22.73,0.1591,6.29,1048.0,85.0
37655,144.9,6.90,22.73,0.1568,6.38,1048.0,85.0
37662,144.9,6.90,22.73,0.1568,6.38,1048.0,85.0
37669,142.9,7.00,22.73,0.1591,6.29,1048.0,85.0
37676,144.9,6.90,22.73,0.1568,6.38,1048.0,85.0
37683,144.9,6.90,22.73,0.1568,6.38,1048.0,85.0
37690,142.9,7.00,22.72,0.1591,6.29,1048.0,85.0
37697,142.9,7.00,22.72,0.1591,6.29,1048.0,85.0
37704,144.9,6.90,22.72,0.1568,6.38,1048.0,85.0
37711,142.9,7.00,22.72,0.1591,6.29,1048.0,85.0
37718,144.9,6.90,22.72,0.1568,6.38,1048.0,85.0
37725,142.9,7.00,22.72,0.1591,6.29,1048.0,85.0
37732,144.9,6.90,22.72,0.1568,6.38,1048.0,85.0
37739,142.9,7.00,22.72,0.1590,6.29,1048.0,85.0
37746,144.9,6.90,22.72,0.1568,6.38,1048.0,85.0
37753,142.9,7.00,22.72,0.1590,6.29,1048.0,85.0
37760,142.9,7.00,22.72,0.1590,6.29,1048.0,85.0
37766,144.9,6.90,22.72,0.1568,6.38,1048.0,85.0
37773,144.9,6.90,22.72,0.1568,6.38,1048.0,85.0
37780,144.9,6.90,22.72,0.1568,6.38,1048.0,85.0
37787,142.9,7.00,22.72,0.1590,6.29,1048.0,85.0
37794,144.9,6.90,22.72,0.1567,6.38,1048.0,85.0
37801,142.9,7.00,22.72,0.1590,6.29,1048.0,85.0
37808,142.9,7.00,22.72,0.1590,6.29,1048.0,85.0
37815,147.1,6.80,22.72,0.1545,6.48,1048.0,85.0
37822,140.8,7.10,22.72,0.1613,6.20,1048.0,85.0
37829,147.1,6.80,22.71,0.1545,6.48,1048.0,85.0
37836,142.9,7.00,22.71,0.1590,6.29,1048.0,85.0
37843,144.9,6.90,22.71,0.1567,6.38,1048.0,85.0
37850,142.9,7.00,22.71,0.1590,6.29,1048.0,85.0
37857,144.9,6.90,22.71,0.1567,6.38,1048.0,85.0
37864,142.9,7.00,22.71,0.1590,6.29,1048.0,85.0
37871,144.9,6.90,22.71,0.1567,6.38,1048.0,85.0
37878,142.9,7.00,22.71,0.1590,6.29,1048.0,85.0
37884,147.1,6.80,22.71,0.1544,6.48,1048.0,85.0
37891,140.8,7.10,22.71,0.1612,6.20,1048.0,85.0
37898,144.9,6.90,22.71,0.1567,6.38,1048.0,85.0
37905,144.9,6.90,22.71,0.1567,6.38,1048.0,85.0
37912,144.9,6.90,22.71,0.1567,6.38,1048.0,85.0
37919,142.9,7.00,22.71,0.1590,6.29,1048.0,85.0
37926,142.9,7.00,22.71,0.1590,6.29,1048.0,85.0
37933,144.9,6.90,22.71,0.1567,6.38,1048.0,85.0
37940,142.9,7.00,22.71,0.1589,6.29,1048.0,85.0
37947,144.9,6.90,22.71,0.1567,6.38,1048.0,85.0
37954,144.9,6.90,22.71,0.1567,6.38,1048.0,85.0
37961,142.9,7.00,22.71,0.1589,6.29,1048.0,85.0
37968,147.1,6.80,22.71,0.1544,6.48,1048.0,85.0
37975,142.9,7.00,22.70,0.1589,6.29,1048.0,85.0
37982,142.9,7.00,22.70,0.1589,6.29,1048.0,85.0
37989,144.9,6.90,22.70,0.1567,6.38,1048.0,85.0
37996,142.9,7.00,22.70,0.1589,6.29,1048.0,85.0
38002,144.9,6.90,22.70,0.1566,6.38,1048.0,85.0
38009,142.9,7.00,22.70,0.1589,6.29,1048.0,85.0
38016,142.9,7.00,22.70,0.1589,6.29,1048.0,85.0
38023,144.9,6.90,22.70,0.1566,6.38,1048.0,85.0
38030,144.9,6.90,22.70,0.1566,6.38,1048.0,85.0
38037,142.9,7.00,22.70,0.1589,6.30,1048.0,85.0
38044,142.9,7.00,22.70,0.1589,6.30,1048.0,85.0
38051,147.1,6.80,22.70,0.1544,6.48,1048.0,85.0
38058,140.8,7.10,22.70,0.1612,6.20,1048.0,85.0
38065,144.9,6.90,22.70,0.1566,6.38,1048.0,85.0
38072,147.1,6.80,22.70,0.1543,6.48,1048.0,85.0
38079,142.9,7.00,22.70,0.1589,6.30,1048.0,85.0
38086,142.9,7.00,22.70,0.1589,6.30,1048.0,85.0
38093,147.1,6.80,22.70,0.1543,6.48,1048.0,85.0
38100,142.9,7.00,22.70,0.1589,6.30,1048.0,85.0
38107,142.9,7.00,22.70,0.1589,6.30,1048.0,85.0
38114,144.9,6.90,22.69,0.1566,6.38,1048.0,85.0
38121,142.9,7.00,22.69,0.1589,6.30,1048.0,85.0
38128,142.9,7.00,22.69,0.1589,6.30,1048.0,85.0
38134,147.1,6.80,22.69,0.1543,6.48,1048.0,85.0
38141,142.9,7.00,22.69,0.1589,6.30,1048.0,85.0
38148,142.9,7.00,22.69,0.1588,6.30,1048.0,85.0
38155,144.9,6.90,22.69,0.1566,6.39,1048.0,85.0
38162,142.9,7.00,22.69,0.1588,6.30,1048.0,85.0
38169,144.9,6.90,22.69,0.1566,6.39,1048.0,85.0
38176,142.9,7.00,22.69,0.1588,6.30,1048.0,85.0
38183,144.9,6.90,22.69,0.1566,6.39,1048.0,85.0
38190,144.9,6.90,22.69,0.1566,6.39,1048.0,85.0
38197,142.9,7.00,22.69,0.1588,6.30,1048.0,85.0
38204,144.9,6.90,22.69,0.1565,6.39,1048.0,85.0
38211,142.9,7.00,22.69,0.1588,6.30,1048.0,85.0
38218,144.9,6.90,22.69,0.1565,6.39,1048.0,85.0
38225,142.9,7.00,22.69,0.1588,6.30,1048.0,85.0
38232,144.9,6.90,22.69,0.1565,6.39,1048.0,85.0
38239,142.9,7.00,22.69,0.1588,6.30,1048.0,85.0
38246,144.9,6.90,22.69,0.1565,6.39,1048.0,85.0
38253,142.9,7.00,22.68,0.1588,6.30,1048.0,85.0
38259,144.9,6.90,22.68,0.1565,6.39,1048.0,85.0
38266,144.9,6.90,22.68,0.1565,6.39,1048.0,85.0
38273,144.9,6.90,22.68,0.1565,6.39,1048.0,85.0
38280,142.9,7.00,22.68,0.1588,6.30,1048.0,85.0
38287,142.9,7.00,22.68,0.1588,6.30,1048.0,85.0
38294,144.9,6.90,22.68,0.1565,6.39,1048.0,85.0
38301,144.9,6.90,22.68,0.1565,6.39,1048.0,85.0
38308,142.9,7.00,22.68,0.1588,6.30,1048.0,85.0
38315,144.9,6.90,22.68,0.1565,6.39,1048.0,85.0
38322,144.9,6.90,22.68,0.1565,6.39,1048.0,85.0
38329,142.9,7.00,22.68,0.1587,6.30,1048.0,85.0
38336,142.9,7.00,22.68,0.1587,6.30,1048.0,85.0
38343,147.1,6.80,22.68,0.1542,6.49,1048.0,85.0
38350,142.9,7.00,22.68,0.1587,6.30,1048.0,85.0
38357,144.9,6.90,22.68,0.1565,6.39,1048.0,85.0
38364,142.9,7.00,22.68,0.1587,6.30,1048.0,85.0
38370,144.9,6.90,22.68,0.1565,6.39,1048.0,85.0
38377,142.9,7.00,22.67,0.1587,6.30,1048.0,85.0
38384,144.9,6.90,22.67,0.1565,6.39,1048.0,85.0
38391,142.9,7.00,22.67,0.1587,6.30,1048.0,85.0
38398,144.9,6.90,22.67,0.1564,6.39,1048.0,85.0
38405,142.9,7.00,22.67,0.1587,6.30,1048.0,85.0
38412,144.9,6.90,22.67,0.1564,6.39,1048.0,85.0
38419,144.9,6.90,22.67,0.1564,6.39,1048.0,85.0
38426,142.9,7.00,22.67,0.1587,6.30,1048.0,85.0
38433,144.9,6.90,22.67,0.1564,6.39,1048.0,85.0
38440,140.8,7.10,22.67,0.1610,6.21,1048.0,85.0
38447,147.1,6.80,22.67,0.1541,6.49,1048.0,85.0
38454,142.9,7.00,22.67,0.1587,6.30,1048.0,85.0
38461,142.9,7.00,22.67,0.1587,6.30,1048.0,85.0
38468,147.1,6.80,22.67,0.1541,6.49,1048.0,85.0
38475,142.9,7.00,22.67,0.1587,6.30,1048.0,85.0
38482,142.9,7.00,22.67,0.1587,6.30,1048.0,85.0
38489,144.9,6.90,22.67,0.1564,6.39,1048.0,85.0
38496,142.9,7.00,22.67,0.1587,6.30,1048.0,85.0
38502,144.9,6.90,22.66,0.1564,6.39,1048.0,85.0
38509,142.9,7.00,22.66,0.1586,6.31,1048.0,85.0
38516,144.9,6.90,22.66,0.1564,6.39,1048.0,85.0
38523,142.9,7.00,22.66,0.1586,6.31,1048.0,85.0
38530,144.9,6.90,22.66,0.1564,6.39,1048.0,85.0
38537,147.1,6.80,22.66,0.1541,6.49,1048.0,85.0
38544,142.9,7.00,22.66,0.1586,6.31,1048.0,85.0
38551,140.8,7.10,22.66,0.1609,6.21,1048.0,85.0
38558,147.1,6.80,22.66,0.1541,6.49,1048.0,85.0
38565,142.9,7.00,22.66,0.1586,6.31,1048.0,85.0
38572,142.9,7.00,22.66,0.1586,6.31,1048.0,85.0
38579,144.9,6.90,22.66,0.1563,6.39,1048.0,85.0
38586,142.9,7.00,22.66,0.1586,6.31,1048.0,85.0
38593,142.9,7.00,22.66,0.1586,6.31,1048.0,85.0
38600,147.1,6.80,22.66,0.1541,6.49,1048.0,85.0
38607,142.9,7.00,22.66,0.1586,6.31,1048.0,85.0
38614,144.9,6.90,22.66,0.1563,6.40,1048.0,85.0
38620,144.9,6.90,22.66,0.1563,6.40,1048.0,85.0
38627,142.9,7.00,22.65,0.1586,6.31,1048.0,85.0
38634,144.9,6.90,22.65,0.1563,6.40,1048.0,85.0
38641,142.9,7.00,22.65,0.1586,6.31,1048.0,85.0
38648,144.9,6.90,22.65,0.1563,6.40,1048.0,85.0
38655,144.9,6.90,22.65,0.1563,6.40,1048.0,85.0
38662,142.9,7.00,22.65,0.1586,6.31,1048.0,85.0
38669,142.9,7.00,22.65,0.1586,6.31,1048.0,85.0
38676,142.9,7.00,22.65,0.1586,6.31,1048.0,85.0
38683,142.9,7.00,22.65,0.1586,6.31,1048.0,85.0
38690,147.1,6.80,22.65,0.1540,6.49,1048.0,85.0
38697,142.9,7.00,22.65,0.1585,6.31,1048.0,85.0
38704,144.9,6.90,22.65,0.1563,6.40,1048.0,85.0
38711,142.9,7.00,22.65,0.1585,6.31,1048.0,85.0
38718,147.1,6.80,22.65,0.1540,6.50,1048.0,85.0
38725,140.8,7.10,22.65,0.1608,6.22,1048.0,85.0
38732,147.1,6.80,22.65,0.1540,6.50,1048.0,85.0
38739,140.8,7.10,22.65,0.1608,6.22,1048.0,85.0
38746,144.9,6.90,22.65,0.1563,6.40,1048.0,85.0
38752,144.9,6.90,22.64,0.1562,6.40,1048.0,85.0
38759,144.9,6.90,22.64,0.1562,6.40,1048.0,85.0
38766,142.9,7.00,22.64,0.1585,6.31,1048.0,85.0
38773,144.9,6.90,22.64,0.1562,6.40,1048.0,85.0
38780,144.9,6.90,22.64,0.1562,6.40,1048.0,85.0
38787,142.9,7.00,22.64,0.1585,6.31,1048.0,85.0
38794,142.9,7.00,22.64,0.1585,6.31,1048.0,85.0
38801,144.9,6.90,22.64,0.1562,6.40,1048.0,85.0
38808,142.9,7.00,22.64,0.1585,6.31,1048.0,85.0
38815,144.9,6.90,22.64,0.1562,6.40,1048.0,85.0
38822,142.9,7.00,22.64,0.1585,6.31,1048.0,85.0
38829,144.9,6.90,22.64,0.1562,6.40,1048.0,85.0
38836,144.9,6.90,22.64,0.1562,6.40,1048.0,85.0
38843,142.9,7.00,22.64,0.1585,6.31,1048.0,85.0
38850,144.9,6.90,22.64,0.1562,6.40,1048.0,85.0
38857,142.9,7.00,22.64,0.1585,6.31,1048.0,85.0
38864,144.9,6.90,22.64,0.1562,6.40,1048.0,85.0
38870,144.9,6.90,22.64,0.1562,6.40,1048.0,85.0
38877,142.9,7.00,22.63,0.1584,6.31,1048.0,85.0
38884,144.9,6.90,22.63,0.1562,6.40,1048.0,85.0
38891,142.9,7.00,22.63,0.1584,6.31,1048.0,85.0
38898,144.9,6.90,22.63,0.1562,6.40,1048.0,85.0
38905,142.9,7.00,22.63,0.1584,6.31,1048.0,85.0
38912,144.9,6.90,22.63,0.1562,6.40,1048.0,85.0
38919,142.9,7.00,22.63,0.1584,6.31,1048.0,85.0
38926,144.9,6.90,22.63,0.1562,6.40,1048.0,85.0
38933,142.9,7.00,22.63,0.1584,6.31,1048.0,85.0
38940,144.9,6.90,22.63,0.1561,6.40,1048.0,85.0
38947,142.9,7.00,22.63,0.1584,6.31,1048.0,85.0
38954,144.9,6.90,22.63,0.1561,6.40,1048.0,85.0
38961,142.9,7.00,22.63,0.1584,6.32,1048.0,85.0
38968,144.9,6.90,22.63,0.1561,6.40,1048.0,85.0
38975,142.9,7.00,22.63,0.1584,6.32,1048.0,85.0
38982,147.1,6.80,22.63,0.1539,6.50,1048.0,85.0
38989,142.9,7.00,22.63,0.1584,6.32,1048.0,85.0
38996,142.9,7.00,22.63,0.1584,6.32,1048.0,85.0
39003,142.9,7.00,22.62,0.1584,6.32,1048.0,85.0
39009,144.9,6.90,22.62,0.1561,6.40,1048.0,85.0
39016,144.9,6.90,22.62,0.1561,6.40,1048.0,85.0
39023,142.9,7.00,22.62,0.1584,6.32,1048.0,85.0
39030,144.9,6.90,22.62,0.1561,6.41,1048.0,85.0
39037,142.9,7.00,22.62,0.1584,6.32,1048.0,85.0
39044,144.9,6.90,22.62,0.1561,6.41,1048.0,85.0
39051,144.9,6.90,22.62,0.1561,6.41,1048.0,85.0
39058,144.9,6.90,22.62,0.1561,6.41,1048.0,85.0
39065,142.9,7.00,22.62,0.1583,6.32,1048.0,85.0
39072,142.9,7.00,22.62,0.1583,6.32,1048.0,85.0
39079,147.1,6.80,22.62,0.1538,6.50,1048.0,85.0
39086,140.8,7.10,22.62,0.1606,6.23,1048.0,85.0
39093,144.9,6.90,22.62,0.1561,6.41,1048.0,85.0
39100,144.9,6.90,22.62,0.1561,6.41,1048.0,85.0
39107,142.9,7.00,22.62,0.1583,6.32,1048.0,85.0
39114,144.9,6.90,22.62,0.1560,6.41,1048.0,85.0
39121,142.9,7.00,22.62,0.1583,6.32,1048.0,85.0
39127,144.9,6.90,22.61,0.1560,6.41,1048.0,85.0
39134,142.9,7.00,22.61,0.1583,6.32,1048.0,85.0
39141,144.9,6.90,22.61,0.1560,6.41,1048.0,85.0
39148,142.9,7.00,22.61,0.1583,6.32,1048.0,85.0
39155,144.9,6.90,22.61,0.1560,6.41,1048.0,85.0
39162,142.9,7.00,22.61,0.1583,6.32,1048.0,85.0
39169,147.1,6.80,22.61,0.1538,6.51,1048.0,85.0
39176,140.8,7.10,22.61,0.1605,6.23,1048.0,85.0
39183,147.1,6.80,22.61,0.1537,6.51,1048.0,85.0
39190,142.9,7.00,22.61,0.1583,6.32,1048.0,85.0
39197,144.9,6.90,22.61,0.1560,6.41,1048.0,85.0
39204,142.9,7.00,22.61,0.1583,6.32,1048.0,85.0
39211,142.9,7.00,22.61,0.1583,6.32,1048.0,85.0
39218,144.9,6.90,22.61,0.1560,6.41,1048.0,85.0
39225,142.9,7.00,22.61,0.1583,6.32,1048.0,85.0
39232,144.9,6.90,22.61,0.1560,6.41,1048.0,85.0
39239,144.9,6.90,22.62,0.1560,6.41,1048.0,85.0
39246,142.9,7.00,22.62,0.1583,6.32,1048.0,85.0
39252,144.9,6.90,22.62,0.1561,6.41,1048.0,85.0
39259,142.9,7.00,22.62,0.1583,6.32,1048.0,85.0
39266,142.9,7.00,22.62,0.1583,6.32,1048.0,85.0
39273,147.1,6.80,22.62,0.1538,6.50,1048.0,85.0
39280,142.9,7.00,22.62,0.1583,6.32,1048.0,85.0
39287,144.9,6.90,22.62,0.1561,6.41,1048.0,85.0
39294,142.9,7.00,22.62,0.1583,6.32,1048.0,85.0
39301,144.9,6.90,22.62,0.1561,6.41,1048.0,85.0
39308,142.9,7.00,22.62,0.1584,6.32,1048.0,85.0
39315,144.9,6.90,22.62,0.1561,6.40,1048.0,85.0
39322,142.9,7.00,22.62,0.1584,6.32,1048.0,85.0
39329,142.9,7.00,22.62,0.1584,6.32,1048.0,85.0
39336,147.1,6.80,22.63,0.1539,6.50,1048.0,85.0
39343,142.9,7.00,22.63,0.1584,6.32,1048.0,85.0
39350,144.9,6.90,22.63,0.1561,6.40,1048.0,85.0
39357,142.9,7.00,22.63,0.1584,6.32,1048.0,85.0
39364,144.9,6.90,22.63,0.1561,6.40,1048.0,85.0
39371,142.9,7.00,22.63,0.1584,6.31,1048.0,85.0
39378,142.9,7.00,22.63,0.1584,6.31,1048.0,85.0
39384,144.9,6.90,22.63,0.1561,6.40,1048.0,85.0
39391,147.1,6.80,22.63,0.1539,6.50,1048.0,85.0
39398,142.9,7.00,22.63,0.1584,6.31,1048.0,85.0
39405,142.9,7.00,22.63,0.1584,6.31,1048.0,85.0
39412,142.9,7.00,22.63,0.1584,6.31,1048.0,85.0
39419,144.9,6.90,22.63,0.1562,6.40,1048.0,85.0
39426,142.9,7.00,22.63,0.1584,6.31,1048.0,85.0
39433,144.9,6.90,22.63,0.1562,6.40,1048.0,85.0
39440,144.9,6.90,22.64,0.1562,6.40,1048.0,85.0
39447,144.9,6.90,22.64,0.1562,6.40,1048.0,85.0
39454,144.9,6.90,22.64,0.1562,6.40,1048.0,85.0
39461,142.9,7.00,22.64,0.1585,6.31,1048.0,85.0
39468,142.9,7.00,22.64,0.1585,6.31,1048.0,85.0
39475,144.9,6.90,22.64,0.1562,6.40,1048.0,85.0
39482,144.9,6.90,22.64,0.1562,6.40,1048.0,85.0
39489,142.9,7.00,22.64,0.1585,6.31,1048.0,85.0
39495,144.9,6.90,22.64,0.1562,6.40,1048.0,85.0
39502,142.9,7.00,22.64,0.1585,6.31,1048.0,85.0
39509,144.9,6.90,22.64,0.1562,6.40,1048.0,85.0
39516,142.9,7.00,22.64,0.1585,6.31,1048.0,85.0
39523,142.9,7.00,22.64,0.1585,6.31,1048.0,85.0
39530,144.9,6.90,22.64,0.1562,6.40,1048.0,85.0
39537,142.9,7.00,22.65,0.1585,6.31,1048.0,85.0
39544,144.9,6.90,22.65,0.1563,6.40,1048.0,85.0
39551,144.9,6.90,22.65,0.1563,6.40,1048.0,85.0
39558,144.9,6.90,22.65,0.1563,6.40,1048.0,85.0
39565,140.8,7.10,22.65,0.1608,6.22,1048.0,85.0
39572,144.9,6.90,22.65,0.1563,6.40,1048.0,85.0
39579,144.9,6.90,22.65,0.1563,6.40,1048.0,85.0
39586,142.9,7.00,22.65,0.1586,6.31,1048.0,85.0
39593,144.9,6.90,22.65,0.1563,6.40,1048.0,85.0
39600,144.9,6.90,22.65,0.1563,6.40,1048.0,85.0
39607,144.9,6.90,22.65,0.1563,6.40,1048.0,85.0
39614,142.9,7.00,22.65,0.1586,6.31,1048.0,85.0
39621,142.9,7.00,22.65,0.1586,6.31,1048.0,85.0
39628,142.9,7.00,22.65,0.1586,6.31,1048.0,85.0
39634,144.9,6.90,22.66,0.1563,6.40,1048.0,85.0
39641,144.9,6.90,22.66,0.1563,6.40,1048.0,85.0
39648,144.9,6.90,22.66,0.1563,6.40,1048.0,85.0
39655,142.9,7.00,22.66,0.1586,6.31,1048.0,85.0
39662,144.9,6.90,22.66,0.1563,6.40,1048.0,85.0
39669,142.9,7.00,22.66,0.1586,6.31,1048.0,85.0
39676,144.9,6.90,22.66,0.1563,6.39,1048.0,85.0
39683,144.9,6.90,22.66,0.1564,6.39,1048.0,85.0
39690,142.9,7.00,22.66,0.1586,6.31,1048.0,85.0
39697,144.9,6.90,22.66,0.1564,6.39,1048.0,85.0
39704,142.9,7.00,22.66,0.1586,6.31,1048.0,85.0
39711,144.9,6.90,22.66,0.1564,6.39,1048.0,85.0
39718,144.9,6.90,22.66,0.1564,6.39,1048.0,85.0
39725,142.9,7.00,22.66,0.1586,6.31,1048.0,85.0
39732,142.9,7.00,22.66,0.1587,6.30,1048.0,85.0
39739,144.9,6.90,22.67,0.1564,6.39,1048.0,85.0
39746,142.9,7.00,22.67,0.1587,6.30,1048.0,85.0
39752,144.9,6.90,22.67,0.1564,6.39,1048.0,85.0
39759,144.9,6.90,22.67,0.1564,6.39,1048.0,85.0
39766,140.8,7.10,22.67,0.1609,6.21,1048.0,85.0
39773,147.1,6.80,22.67,0.1541,6.49,1048.0,85.0
39780,144.9,6.90,22.67,0.1564,6.39,1048.0,85.0
39787,142.9,7.00,22.67,0.1587,6.30,1048.0,85.0
39794,142.9,7.00,22.67,0.1587,6.30,1048.0,85.0
39801,144.9,6.90,22.67,0.1564,6.39,1048.0,85.0
39808,144.9,6.90,22.67,0.1564,6.39,1048.0,85.0
39815,142.9,7.00,22.67,0.1587,6.30,1048.0,85.0
39822,144.9,6.90,22.67,0.1564,6.39,1048.0,85.0
39829,142.9,7.00,22.67,0.1587,6.30,1048.0,85.0
39836,144.9,6.90,22.68,0.1565,6.39,1048.0,85.0
39843,144.9,6.90,22.68,0.1565,6.39,1048.0,85.0
39850,142.9,7.00,22.68,0.1587,6.30,1048.0,85.0
39857,142.9,7.00,22.68,0.1587,6.30,1048.0,85.0
39864,144.9,6.90,22.68,0.1565,6.39,1048.0,85.0
39871,142.9,7.00,22.68,0.1588,6.30,1048.0,85.0
39877,144.9,6.90,22.68,0.1565,6.39,1048.0,85.0
39884,142.9,7.00,22.68,0.1588,6.30,1048.0,85.0
39891,144.9,6.90,22.68,0.1565,6.39,1048.0,85.0
39898,142.9,7.00,22.68,0.1588,6.30,1048.0,85.0
39905,144.9,6.90,22.68,0.1565,6.39,1048.0,85.0
39912,144.9,6.90,22.68,0.1565,6.39,1048.0,85.0
39919,144.9,6.90,22.68,0.1565,6.39,1048.0,85.0
39926,142.9,7.00,22.68,0.1588,6.30,1048.0,85.0
39933,142.9,7.00,22.68,0.1588,6.30,1048.0,85.0
39940,144.9,6.90,22.69,0.1565,6.39,1048.0,85.0
39947,142.9,7.00,22.69,0.1588,6.30,1048.0,85.0
39954,147.1,6.80,22.69,0.1543,6.48,1048.0,85.0
39961,142.9,7.00,22.69,0.1588,6.30,1048.0,85.0
39968,144.9,6.90,22.69,0.1565,6.39,1048.0,85.0
39975,142.9,7.00,22.69,0.1588,6.30,1048.0,85.0
39982,144.9,6.90,22.69,0.1566,6.39,1048.0,85.0
39989,142.9,7.00,22.69,0.1588,6.30,1048.0,85.0
39995,144.9,6.90,22.69,0.1566,6.39,1048.0,85.0
40002,142.9,7.00,22.69,0.1588,6.30,1048.0,85.0
40009,142.9,7.00,22.69,0.1588,6.30,1048.0,85.0
40016,144.9,6.90,22.69,0.1566,6.39,1048.0,85.0
40023,144.9,6.90,22.69,0.1566,6.38,1048.0,85.0
40030,142.9,7.00,22.69,0.1589,6.30,1048.0,85.0
40037,144.9,6.90,22.70,0.1566,6.38,1048.0,85.0
40044,142.9,7.00,22.70,0.1589,6.30,1048.0,85.0
40051,144.9,6.90,22.70,0.1566,6.38,1048.0,85.0
40058,142.9,7.00,22.70,0.1589,6.30,1048.0,85.0
40065,142.9,7.00,22.70,0.1589,6.30,1048.0,85.0
40072,144.9,6.90,22.70,0.1566,6.38,1048.0,85.0
40079,144.9,6.90,22.70,0.1566,6.38,1048.0,85.0
40086,144.9,6.90,22.70,0.1566,6.38,1048.0,85.0
40093,142.9,7.00,22.70,0.1589,6.29,1048.0,85.0
40100,144.9,6.90,22.70,0.1566,6.38,1048.0,85.0
40107,144.9,6.90,22.70,0.1566,6.38,1048.0,85.0
40114,142.9,7.00,22.70,0.1589,6.29,1048.0,85.0
40120,144.9,6.90,22.70,0.1567,6.38,1048.0,85.0
40127,144.9,6.90,22.70,0.1567,6.38,1048.0,85.0
40134,140.8,7.10,22.71,0.1612,6.20,1048.0,85.0
40141,147.1,6.80,22.71,0.1544,6.48,1048.0,85.0
40148,140.8,7.10,22.71,0.1612,6.20,1048.0,85.0
40155,144.9,6.90,22.71,0.1567,6.38,1048.0,85.0
40162,142.9,7.00,22.71,0.1590,6.29,1048.0,85.0
40169,144.9,6.90,22.71,0.1567,6.38,1048.0,85.0
40176,144.9,6.90,22.71,0.1567,6.38,1048.0,85.0
40183,142.9,7.00,22.71,0.1590,6.29,1048.0,85.0
40190,144.9,6.90,22.71,0.1567,6.38,1048.0,85.0
40197,142.9,7.00,22.71,0.1590,6.29,1048.0,85.0
40204,144.9,6.90,22.71,0.1567,6.38,1048.0,85.0
40211,142.9,7.00,22.71,0.1590,6.29,1048.0,85.0
40218,144.9,6.90,22.71,0.1567,6.38,1048.0,85.0
40225,144.9,6.90,22.71,0.1567,6.38,1048.0,85.0
40232,144.9,6.90,22.71,0.1567,6.38,1048.0,85.0
40239,140.8,7.10,22.71,0.1612,6.20,1048.0,85.0
40246,144.9,6.90,22.71,0.1567,6.38,1048.0,85.0
40252,144.9,6.90,22.71,0.1567,6.38,1048.0,85.0
40259,142.9,7.00,22.71,0.1590,6.29,1048.0,85.0
40266,144.9,6.90,22.71,0.1567,6.38,1048.0,85.0
40273,144.9,6.90,22.71,0.1567,6.38,1048.0,85.0
40280,142.9,7.00,22.71,0.1590,6.29,1048.0,85.0
40287,144.9,6.90,22.71,0.1567,6.38,1048.0,85.0
40294,144.9,6.90,22.71,0.1567,6.38,1048.0,85.0
40301,140.8,7.10,22.71,0.1613,6.20,1048.0,85.0
40308,147.1,6.80,22.71,0.1544,6.48,1048.0,85.0
40315,140.8,7.10,22.71,0.1613,6.20,1048.0,85.0
40322,147.1,6.80,22.71,0.1544,6.48,1048.0,85.0
40329,144.9,6.90,22.71,0.1567,6.38,1048.0,85.0
40336,142.9,7.00,22.71,0.1590,6.29,1048.0,85.0
40343,144.9,6.90,22.71,0.1567,6.38,1048.0,85.0
40350,144.9,6.90,22.71,0.1567,6.38,1048.0,85.0
40357,142.9,7.00,22.71,0.1590,6.29,1048.0,85.0
40363,144.9,6.90,22.71,0.1567,6.38,1048.0,85.0
40370,142.9,7.00,22.71,0.1590,6.29,1048.0,85.0
40377,144.9,6.90,22.71,0.1567,6.38,1048.0,85.0
40384,142.9,7.00,22.71,0.1590,6.29,1048.0,85.0
40391,144.9,6.90,22.71,0.1567,6.38,1048.0,85.0
40398,144.9,6.90,22.71,0.1567,6.38,1048.0,85.0
40405,142.9,7.00,22.71,0.1590,6.29,1048.0,85.0
40412,144.9,6.90,22.71,0.1567,6.38,1048.0,85.0
40419,142.9,7.00,22.71,0.1590,6.29,1048.0,85.0
40426,144.9,6.90,22.71,0.1567,6.38,1048.0,85.0
40433,142.9,7.00,22.71,0.1590,6.29,1048.0,85.0
40440,142.9,7.00,22.72,0.1590,6.29,1048.0,85.0
40447,144.9,6.90,22.72,0.1567,6.38,1048.0,85.0
40454,142.9,7.00,22.72,0.1590,6.29,1048.0,85.0
40461,144.9,6.90,22.72,0.1567,6.38,1048.0,85.0
40468,144.9,6.90,22.72,0.1567,6.38,1048.0,85.0
40475,142.9,7.00,22.72,0.1590,6.29,1048.0,85.0
40482,142.9,7.00,22.72,0.1590,6.29,1048.0,85.0
40488,147.1,6.80,22.72,0.1545,6.48,1048.0,85.0
40495,142.9,7.00,22.72,0.1590,6.29,1048.0,85.0
40502,142.9,7.00,22.72,0.1590,6.29,1048.0,85.0
40509,144.9,6.90,22.72,0.1567,6.38,1048.0,85.0
40516,142.9,7.00,22.72,0.1590,6.29,1048.0,85.0
40523,144.9,6.90,22.72,0.1567,6.38,1048.0,85.0
40530,144.9,6.90,22.72,0.1567,6.38,1048.0,85.0
40537,142.9,7.00,22.72,0.1590,6.29,1048.0,85.0
40544,144.9,6.90,22.72,0.1567,6.38,1048.0,85.0
40551,144.9,6.90,22.72,0.1567,6.38,1048.0,85.0
40558,142.9,7.00,22.72,0.1590,6.29,1048.0,85.0
40565,142.9,7.00,22.72,0.1590,6.29,1048.0,85.0
40572,142.9,7.00,22.72,0.1590,6.29,1048.0,85.0
40579,144.9,6.90,22.72,0.1568,6.38,1048.0,85.0
40586,144.9,6.90,22.72,0.1568,6.38,1048.0,85.0
40593,142.9,7.00,22.72,0.1590,6.29,1048.0,85.0
40600,142.9,7.00,22.72,0.1590,6.29,1048.0,85.0
40607,147.1,6.80,22.72,0.1545,6.47,1048.0,85.0
40614,142.9,7.00,22.72,0.1590,6.29,1048.0,85.0
40620,144.9,6.90,22.72,0.1568,6.38,1048.0,85.0
40627,144.9,6.90,22.72,0.1568,6.38,1048.0,85.0
40634,142.9,7.00,22.72,0.1590,6.29,1048.0,85.0
40641,144.9,6.90,22.72,0.1568,6.38,1048.0,85.0
40648,144.9,6.90,22.72,0.1568,6.38,1048.0,85.0
40655,142.9,7.00,22.72,0.1590,6.29,1048.0,85.0
40662,142.9,7.00,22.72,0.1590,6.29,1048.0,85.0
40669,142.9,7.00,22.72,0.1590,6.29,1048.0,85.0
40676,144.9,6.90,22.72,0.1568,6.38,1048.0,85.0
40683,144.9,6.90,22.72,0.1568,6.38,1048.0,85.0
40690,142.9,7.00,22.72,0.1590,6.29,1048.0,85.0
40697,142.9,7.00,22.72,0.1590,6.29,1048.0,85.0
40704,147.1,6.80,22.72,0.1545,6.47,1048.0,85.0
40711,142.9,7.00,22.72,0.1590,6.29,1048.0,85.0
40718,142.9,7.00,22.72,0.1590,6.29,1048.0,85.0
40725,144.9,6.90,22.72,0.1568,6.38,1048.0,85.0
40732,144.9,6.90,22.72,0.1568,6.38,1048.0,85.0
40739,142.9,7.00,22.72,0.1590,6.29,1048.0,85.0
40746,142.9,7.00,22.72,0.1590,6.29,1048.0,85.0
40752,144.9,6.90,22.72,0.1568,6.38,1048.0,85.0
40759,144.9,6.90,22.72,0.1568,6.38,1048.0,85.0
40766,142.9,7.00,22.72,0.1591,6.29,1048.0,85.0
40773,144.9,6.90,22.72,0.1568,6.38,1048.0,85.0
40780,144.9,6.90,22.72,0.1568,6.38,1048.0,85.0
40787,142.9,7.00,22.72,0.1591,6.29,1048.0,85.0
40794,144.9,6.90,22.72,0.1568,6.38,1048.0,85.0
40801,142.9,7.00,22.72,0.1591,6.29,1048.0,85.0
40808,144.9,6.90,22.72,0.1568,6.38,1048.0,85.0
40815,142.9,7.00,22.72,0.1591,6.29,1048.0,85.0
40822,144.9,6.90,22.72,0.1568,6.38,1048.0,85.0
40829,142.9,7.00,22.72,0.1591,6.29,1048.0,85.0
40836,144.9,6.90,22.72,0.1568,6.38,1048.0,85.0
40843,142.9,7.00,22.72,0.1591,6.29,1048.0,85.0
40850,147.1,6.80,22.72,0.1545,6.47,1048.0,85.0
40857,142.9,7.00,22.72,0.1591,6.29,1048.0,85.0
40864,142.9,7.00,22.72,0.1591,6.29,1048.0,85.0
40871,142.9,7.00,22.72,0.1591,6.29,1048.0,85.0
40877,144.9,6.90,22.72,0.1568,6.38,1048.0,85.0
40884,142.9,7.00,22.72,0.1591,6.29,1048.0,85.0
40891,144.9,6.90,22.72,0.1568,6.38,1048.0,85.0
40898,144.9,6.90,22.72,0.1568,6.38,1048.0,85.0
40905,142.9,7.00,22.72,0.1591,6.29,1048.0,85.0
40912,144.9,6.90,22.72,0.1568,6.38,1048.0,85.0
40919,142.9,7.00,22.72,0.1591,6.29,1048.0,85.0
40926,144.9,6.90,22.72,0.1568,6.38,1048.0,85.0
40933,142.9,7.00,22.72,0.1591,6.29,1048.0,85.0
40940,144.9,6.90,22.73,0.1568,6.38,1048.0,85.0
40947,144.9,6.90,22.73,0.1568,6.38,1048.0,85.0
40954,142.9,7.00,22.73,0.1591,6.29,1048.0,85.0
40961,147.1,6.80,22.73,0.1545,6.47,1048.0,85.0
40968,142.9,7.00,22.73,0.1591,6.29,1048.0,85.0
40975,142.9,7.00,22.73,0.1591,6.29,1048.0,85.0
40982,144.9,6.90,22.73,0.1568,6.38,1048.0,85.0
40989,142.9,7.00,22.73,0.1591,6.29,1048.0,85.0
40995,144.9,6.90,22.73,0.1568,6.38,1048.0,85.0
41002,144.9,6.90,22.73,0.1568,6.38,1048.0,85.0
41009,144.9,6.90,22.73,0.1568,6.38,1048.0,85.0
41016,142.9,7.00,22.73,0.1591,6.29,1048.0,85.0
41023,142.9,7.00,22.73,0.1591,6.29,1048.0,85.0
41030,144.9,6.90,22.73,0.1568,6.38,1048.0,85.0
41037,142.9,7.00,22.73,0.1591,6.29,1048.0,85.0
41044,144.9,6.90,22.73,0.1568,6.38,1048.0,85.0
41051,144.9,6.90,22.73,0.1568,6.38,1048.0,85.0
41058,142.9,7.00,22.73,0.1591,6.29,1048.0,85.0
41065,144.9,6.90,22.73,0.1568,6.38,1048.0,85.0
41072,142.9,7.00,22.73,0.1591,6.29,1048.0,85.0
41079,144.9,6.90,22.73,0.1568,6.38,1048.0,85.0
41086,140.8,7.10,22.73,0.1614,6.19,1048.0,85.0
41093,144.9,6.90,22.73,0.1568,6.38,1048.0,85.0
41100,144.9,6.90,22.73,0.1568,6.38,1048.0,85.0
41107,142.9,7.00,22.73,0.1591,6.29,1048.0,85.0
41114,144.9,6.90,22.73,0.1568,6.38,1048.0,85.0
41120,144.9,6.90,22.73,0.1568,6.38,1048.0,85.0
41127,142.9,7.00,22.73,0.1591,6.29,1048.0,85.0
41134,147.1,6.80,22.73,0.1546,6.47,1048.0,85.0
41141,142.9,7.00,22.73,0.1591,6.29,1048.0,85.0
41148,142.9,7.00,22.73,0.1591,6.29,1048.0,85.0
41155,144.9,6.90,22.73,0.1568,6.37,1048.0,85.0
41162,142.9,7.00,22.73,0.1591,6.29,1048.0,85.0
41169,144.9,6.90,22.73,0.1568,6.37,1048.0,85.0
41176,142.9,7.00,22.73,0.1591,6.29,1048.0,85.0
41183,142.9,7.00,22.73,0.1591,6.29,1048.0,85.0
41190,144.9,6.90,22.73,0.1568,6.37,1048.0,85.0
41197,144.9,6.90,22.73,0.1568,6.37,1048.0,85.0
41204,144.9,6.90,22.73,0.1568,6.37,1048.0,85.0
41211,142.9,7.00,22.73,0.1591,6.29,1048.0,85.0
41218,144.9,6.90,22.73,0.1568,6.37,1048.0,85.0
41225,142.9,7.00,22.73,0.1591,6.29,1048.0,85.0
41232,142.9,7.00,22.73,0.1591,6.29,1048.0,85.0
41239,144.9,6.90,22.73,0.1568,6.37,1048.0,85.0
41245,144.9,6.90,22.73,0.1568,6.37,1048.0,85.0
41252,142.9,7.00,22.73,0.1591,6.29,1048.0,85.0
41259,144.9,6.90,22.73,0.1568,6.37,1048.0,85.0
41266,142.9,7.00,22.73,0.1591,6.29,1048.0,85.0
41273,147.1,6.80,22.73,0.1546,6.47,1048.0,85.0
41280,142.9,7.00,22.73,0.1591,6.29,1048.0,85.0
41287,142.9,7.00,22.73,0.1591,6.29,1048.0,85.0
41294,142.9,7.00,22.73,0.1591,6.29,1048.0,85.0
41301,144.9,6.90,22.73,0.1569,6.37,1048.0,85.0
41308,144.9,6.90,22.73,0.1569,6.37,1048.0,85.0
41315,142.9,7.00,22.73,0.1591,6.29,1048.0,85.0
41322,144.9,6.90,22.73,0.1569,6.37,1048.0,85.0
41329,144.9,6.90,22.73,0.1569,6.37,1048.0,85.0
41336,142.9,7.00,22.73,0.1591,6.29,1048.0,85.0
41343,144.9,6.90,22.73,0.1569,6.37,1048.0,85.0
41350,144.9,6.90,22.73,0.1569,6.37,1048.0,85.0
41356,144.9,6.90,22.73,0.1569,6.37,1048.0,85.0
41363,142.9,7.00,22.73,0.1591,6.29,1048.0,85.0
41370,142.9,7.00,22.73,0.1591,6.29,1048.0,85.0
41377,144.9,6.90,22.73,0.1569,6.37,1048.0,85.0
41384,142.9,7.00,22.73,0.1591,6.29,1048.0,85.0
41391,142.9,7.00,22.73,0.1591,6.29,1048.0,85.0
41398,144.9,6.90,22.73,0.1569,6.37,1048.0,85.0
41405,142.9,7.00,22.73,0.1591,6.29,1048.0,85.0
41412,144.9,6.90,22.73,0.1569,6.37,1048.0,85.0
41419,144.9,6.90,22.73,0.1569,6.37,1048.0,85.0
41426,142.9,7.00,22.73,0.1591,6.29,1048.0,85.0
41433,147.1,6.80,22.73,0.1546,6.47,1048.0,85.0
41440,142.9,7.00,22.74,0.1591,6.29,1048.0,85.0
41447,140.8,7.10,22.74,0.1614,6.19,1048.0,85.0
41454,144.9,6.90,22.74,0.1569,6.37,1048.0,85.0
41461,144.9,6.90,22.74,0.1569,6.37,1048.0,85.0
41468,147.1,6.80,22.74,0.1546,6.47,1048.0,85.0
41475,138.9,7.20,22.74,0.1637,6.11,1048.0,85.0
41482,147.1,6.80,22.74,0.1546,6.47,1048.0,85.0
41489,142.9,7.00,22.74,0.1592,6.29,1048.0,85.0
41496,142.9,7.00,22.74,0.1592,6.29,1048.0,85.0
41502,144.9,6.90,22.74,0.1569,6.37,1048.0,85.0
41509,142.9,7.00,22.74,0.1592,6.29,1048.0,85.0
41516,144.9,6.90,22.74,0.1569,6.37,1048.0,85.0
41523,144.9,6.90,22.74,0.1569,6.37,1048.0,85.0
41530,144.9,6.90,22.74,0.1569,6.37,1048.0,85.0
41537,142.9,7.00,22.74,0.1592,6.28,1048.0,85.0
41544,144.9,6.90,22.74,0.1569,6.37,1048.0,85.0
41551,142.9,7.00,22.74,0.1592,6.28,1048.0,85.0
41558,144.9,6.90,22.74,0.1569,6.37,1048.0,85.0
41565,142.9,7.00,22.74,0.1592,6.28,1048.0,85.0
41572,142.9,7.00,22.74,0.1592,6.28,1048.0,85.0
41579,144.9,6.90,22.74,0.1569,6.37,1048.0,85.0
41586,144.9,6.90,22.74,0.1569,6.37,1048.0,85.0
41593,142.9,7.00,22.74,0.1592,6.28,1048.0,85.0
41600,144.9,6.90,22.74,0.1569,6.37,1048.0,85.0
41607,144.9,6.90,22.74,0.1569,6.37,1048.0,85.0
41614,142.9,7.00,22.74,0.1592,6.28,1048.0,85.0
41620,144.9,6.90,22.74,0.1569,6.37,1048.0,85.0
41627,144.9,6.90,22.74,0.1569,6.37,1048.0,85.0
41634,142.9,7.00,22.74,0.1592,6.28,1048.0,85.0
41641,147.1,6.80,22.74,0.1546,6.47,1048.0,85.0
41648,140.8,7.10,22.74,0.1614,6.19,1048.0,85.0
41655,144.9,6.90,22.74,0.1569,6.37,1048.0,85.0
41662,142.9,7.00,22.74,0.1592,6.28,1048.0,85.0
41669,144.9,6.90,22.74,0.1569,6.37,1048.0,85.0
41676,140.8,7.10,22.74,0.1615,6.19,1048.0,85.0
41683,147.1,6.80,22.74,0.1546,6.47,1048.0,85.0
41690,144.9,6.90,22.74,0.1569,6.37,1048.0,85.0
41697,142.9,7.00,22.74,0.1592,6.28,1048.0,85.0
41704,144.9,6.90,22.74,0.1569,6.37,1048.0,85.0
41711,142.9,7.00,22.74,0.1592,6.28,1048.0,85.0
41718,144.9,6.90,22.74,0.1569,6.37,1048.0,85.0
41725,142.9,7.00,22.74,0.1592,6.28,1048.0,85.0
41732,144.9,6.90,22.74,0.1569,6.37,1048.0,85.0
41738,144.9,6.90,22.74,0.1569,6.37,1048.0,85.0
41745,142.9,7.00,22.74,0.1592,6.28,1048.0,85.0
41752,144.9,6.90,22.74,0.1569,6.37,1048.0,85.0
41759,142.9,7.00,22.74,0.1592,6.28,1048.0,85.0
41766,142.9,7.00,22.74,0.1592,6.28,1048.0,85.0
41773,144.9,6.90,22.74,0.1569,6.37,1048.0,85.0
41780,144.9,6.90,22.74,0.1569,6.37,1048.0,85.0
41787,142.9,7.00,22.74,0.1592,6.28,1048.0,85.0
41794,144.9,6.90,22.74,0.1569,6.37,1048.0,85.0
41801,144.9,6.90,22.74,0.1569,6.37,1048.0,85.0
41808,144.9,6.90,22.74,0.1569,6.37,1048.0,85.0
41815,140.8,7.10,22.74,0.1615,6.19,1048.0,85.0
41822,144.9,6.90,22.74,0.1569,6.37,1048.0,85.0
41829,142.9,7.00,22.74,0.1592,6.28,1048.0,85.0
41836,147.1,6.80,22.74,0.1547,6.47,1048.0,85.0
41843,140.8,7.10,22.74,0.1615,6.19,1048.0,85.0
41850,144.9,6.90,22.74,0.1569,6.37,1048.0,85.0
41857,142.9,7.00,22.74,0.1592,6.28,1048.0,85.0
41863,147.1,6.80,22.74,0.1547,6.47,1048.0,85.0
41870,142.9,7.00,22.74,0.1592,6.28,1048.0,85.0
41877,142.9,7.00,22.74,0.1592,6.28,1048.0,85.0
41884,142.9,7.00,22.74,0.1592,6.28,1048.0,85.0
41891,144.9,6.90,22.74,0.1569,6.37,1048.0,85.0
41898,144.9,6.90,22.74,0.1569,6.37,1048.0,85.0
41905,144.9,6.90,22.74,0.1569,6.37,1048.0,85.0
41912,142.9,7.00,22.74,0.1592,6.28,1048.0,85.0
41919,144.9,6.90,22.74,0.1569,6.37,1048.0,85.0
41926,142.9,7.00,22.74,0.1592,6.28,1048.0,85.0
41933,144.9,6.90,22.74,0.1569,6.37,1048.0,85.0
41940,142.9,7.00,22.75,0.1592,6.28,1048.0,85.0
41947,147.1,6.80,22.75,0.1547,6.47,1048.0,85.0
41954,142.9,7.00,22.75,0.1592,6.28,1048.0,85.0
41961,144.9,6.90,22.75,0.1569,6.37,1048.0,85.0
41968,142.9,7.00,22.75,0.1592,6.28,1048.0,85.0
41975,144.9,6.90,22.75,0.1569,6.37,1048.0,85.0
41982,142.9,7.00,22.75,0.1592,6.28,1048.0,85.0
41989,142.9,7.00,22.75,0.1592,6.28,1048.0,85.0
41995,144.9,6.90,22.75,0.1569,6.37,1048.0,85.0
42002,142.9,7.00,22.75,0.1592,6.28,1048.0,85.0
42009,144.9,6.90,22.75,0.1570,6.37,1048.0,85.0
42016,144.9,6.90,22.75,0.1570,6.37,1048.0,85.0
42023,142.9,7.00,22.75,0.1592,6.28,1048.0,85.0
42030,144.9,6.90,22.75,0.1570,6.37,1048.0,85.0
42037,142.9,7.00,22.75,0.1592,6.28,1048.0,85.0
42044,144.9,6.90,22.75,0.1570,6.37,1048.0,85.0
42051,144.9,6.90,22.75,0.1570,6.37,1048.0,85.0
42058,140.8,7.10,22.75,0.1615,6.19,1048.0,85.0
42065,144.9,6.90,22.75,0.1570,6.37,1048.0,85.0
42072,144.9,6.90,22.75,0.1570,6.37,1048.0,85.0
42079,144.9,6.90,22.75,0.1570,6.37,1048.0,85.0
42086,142.9,7.00,22.75,0.1592,6.28,1048.0,85.0
42093,144.9,6.90,22.75,0.1570,6.37,1048.0,85.0
42100,142.9,7.00,22.75,0.1592,6.28,1048.0,85.0
42107,144.9,6.90,22.75,0.1570,6.37,1048.0,85.0
42113,144.9,6.90,22.75,0.1570,6.37,1048.0,85.0
42120,142.9,7.00,22.75,0.1592,6.28,1048.0,85.0
42127,144.9,6.90,22.75,0.1570,6.37,1048.0,85.0
42134,142.9,7.00,22.75,0.1592,6.28,1048.0,85.0
42141,144.9,6.90,22.75,0.1570,6.37,1048.0,85.0
42148,142.9,7.00,22.75,0.1592,6.28,1048.0,85.0
42155,144.9,6.90,22.75,0.1570,6.37,1048.0,85.0
42162,144.9,6.90,22.75,0.1570,6.37,1048.0,85.0
42169,142.9,7.00,22.75,0.1592,6.28,1048.0,85.0
42176,142.9,7.00,22.75,0.1592,6.28,1048.0,85.0
42183,144.9,6.90,22.75,0.1570,6.37,1048.0,85.0
42190,144.9,6.90,22.75,0.1570,6.37,1048.0,85.0
42197,142.9,7.00,22.75,0.1592,6.28,1048.0,85.0
42204,142.9,7.00,22.75,0.1592,6.28,1048.0,85.0
42211,144.9,6.90,22.75,0.1570,6.37,1048.0,85.0
42218,144.9,6.90,22.75,0.1570,6.37,1048.0,85.0
42225,142.9,7.00,22.75,0.1592,6.28,1048.0,85.0
42232,144.9,6.90,22.75,0.1570,6.37,1048.0,85.0
42239,142.9,7.00,22.75,0.1592,6.28,1048.0,85.0
42245,144.9,6.90,22.75,0.1570,6.37,1048.0,85.0
42252,142.9,7.00,22.75,0.1592,6.28,1048.0,85.0
42259,144.9,6.90,22.75,0.1570,6.37,1048.0,85.0
42266,144.9,6.90,22.75,0.1570,6.37,1048.0,85.0
42273,142.9,7.00,22.75,0.1592,6.28,1048.0,85.0
42280,144.9,6.90,22.75,0.1569,6.37,1048.0,85.0
42287,142.9,7.00,22.75,0.1592,6.28,1048.0,85.0
42294,144.9,6.90,22.75,0.1569,6.37,1048.0,85.0
42301,142.9,7.00,22.75,0.1592,6.28,1048.0,85.0
42308,144.9,6.90,22.75,0.1569,6.37,1048.0,85.0
42315,147.1,6.80,22.74,0.1547,6.47,1048.0,85.0
42322,140.8,7.10,22.74,0.1615,6.19,1048.0,85.0
42329,144.9,6.90,22.74,0.1569,6.37,1048.0,85.0
42336,142.9,7.00,22.74,0.1592,6.28,1048.0,85.0
42343,147.1,6.80,22.74,0.1547,6.47,1048.0,85.0
42350,140.8,7.10,22.74,0.1615,6.19,1048.0,85.0
42357,144.9,6.90,22.74,0.1569,6.37,1048.0,85.0
42363,144.9,6.90,22.74,0.1569,6.37,1048.0,85.0
42370,144.9,6.90,22.74,0.1569,6.37,1048.0,85.0
42377,142.9,7.00,22.74,0.1592,6.28,1048.0,85.0
42384,142.9,7.00,22.74,0.1592,6.28,1048.0,85.0
42391,144.9,6.90,22.74,0.1569,6.37,1048.0,85.0
42398,144.9,6.90,22.74,0.1569,6.37,1048.0,85.0
42405,140.8,7.10,22.74,0.1615,6.19,1048.0,85.0
42412,147.1,6.80,22.74,0.1546,6.47,1048.0,85.0
42419,142.9,7.00,22.74,0.1592,6.28,1048.0,85.0
42426,144.9,6.90,22.74,0.1569,6.37,1048.0,85.0
42433,142.9,7.00,22.74,0.1592,6.28,1048.0,85.0
42440,147.1,6.80,22.74,0.1546,6.47,1048.0,85.0
42447,140.8,7.10,22.74,0.1615,6.19,1048.0,85.0
42454,144.9,6.90,22.74,0.1569,6.37,1048.0,85.0
42461,142.9,7.00,22.74,0.1592,6.28,1048.0,85.0
42468,144.9,6.90,22.74,0.1569,6.37,1048.0,85.0
42475,144.9,6.90,22.74,0.1569,6.37,1048.0,85.0
42481,144.9,6.90,22.74,0.1569,6.37,1048.0,85.0
42488,142.9,7.00,22.74,0.1592,6.28,1048.0,85.0
42495,144.9,6.90,22.74,0.1569,6.37,1048.0,85.0
42502,142.9,7.00,22.74,0.1592,6.28,1048.0,85.0
42509,144.9,6.90,22.74,0.1569,6.37,1048.0,85.0
42516,142.9,7.00,22.74,0.1592,6.28,1048.0,85.0
42523,142.9,7.00,22.74,0.1592,6.29,1048.0,85.0
42530,144.9,6.90,22.74,0.1569,6.37,1048.0,85.0
42537,144.9,6.90,22.74,0.1569,6.37,1048.0,85.0
42544,142.9,7.00,22.74,0.1591,6.29,1048.0,85.0
42551,144.9,6.90,22.74,0.1569,6.37,1048.0,85.0
42558,142.9,7.00,22.74,0.1591,6.29,1048.0,85.0
42565,142.9,7.00,22.73,0.1591,6.29,1048.0,85.0
42572,144.9,6.90,22.73,0.1569,6.37,1048.0,85.0
42579,144.9,6.90,22.73,0.1569,6.37,1048.0,85.0
42586,142.9,7.00,22.73,0.1591,6.29,1048.0,85.0
42593,144.9,6.90,22.73,0.1569,6.37,1048.0,85.0
42600,142.9,7.00,22.73,0.1591,6.29,1048.0,85.0
42607,144.9,6.90,22.73,0.1569,6.37,1048.0,85.0
42614,142.9,7.00,22.73,0.1591,6.29,1048.0,85.0
42620,144.9,6.90,22.73,0.1569,6.37,1048.0,85.0
42627,144.9,6.90,22.73,0.1569,6.37,1048.0,85.0
42634,144.9,6.90,22.73,0.1569,6.37,1048.0,85.0
42641,144.9,6.90,22.73,0.1568,6.37,1048.0,85.0
42648,142.9,7.00,22.73,0.1591,6.29,1048.0,85.0
42655,144.9,6.90,22.73,0.1568,6.37,1048.0,85.0
42662,142.9,7.00,22.73,0.1591,6.29,1048.0,85.0
42669,144.9,6.90,22.73,0.1568,6.37,1048.0,85.0
42676,140.8,7.10,22.73,0.1614,6.19,1048.0,85.0
42683,144.9,6.90,22.73,0.1568,6.37,1048.0,85.0
42690,147.1,6.80,22.73,0.1546,6.47,1048.0,85.0
42697,142.9,7.00,22.73,0.1591,6.29,1048.0,85.0
42704,144.9,6.90,22.73,0.1568,6.38,1048.0,85.0
42711,142.9,7.00,22.73,0.1591,6.29,1048.0,85.0
42718,142.9,7.00,22.73,0.1591,6.29,1048.0,85.0
42725,144.9,6.90,22.73,0.1568,6.38,1048.0,85.0
42732,142.9,7.00,22.73,0.1591,6.29,1048.0,85.0
42738,144.9,6.90,22.73,0.1568,6.38,1048.0,85.0
42746,140.8,7.10,22.73,0.1614,6.20,1048.0,85.0
42752,149.3,6.70,22.73,0.1523,6.57,1048.0,85.0
42759,140.8,7.10,22.73,0.1614,6.20,1048.0,85.0
42766,142.9,7.00,22.73,0.1591,6.29,1048.0,85.0
42773,144.9,6.90,22.73,0.1568,6.38,1048.0,85.0
42780,142.9,7.00,22.73,0.1591,6.29,1048.0,85.0
42787,144.9,6.90,22.73,0.1568,6.38,1048.0,85.0
42794,144.9,6.90,22.73,0.1568,6.38,1048.0,85.0
42801,142.9,7.00,22.73,0.1591,6.29,1048.0,85.0
42808,144.9,6.90,22.73,0.1568,6.38,1048.0,85.0
42815,144.9,6.90,22.72,0.1568,6.38,1048.0,85.0
42822,144.9,6.90,22.72,0.1568,6.38,1048.0,85.0
42829,142.9,7.00,22.72,0.1591,6.29,1048.0,85.0
42836,144.9,6.90,22.72,0.1568,6.38,1048.0,85.0
42843,142.9,7.00,22.72,0.1591,6.29,1048.0,85.0
42850,142.9,7.00,22.72,0.1591,6.29,1048.0,85.0
42857,144.9,6.90,22.72,0.1568,6.38,1048.0,85.0
42864,142.9,7.00,22.72,0.1591,6.29,1048.0,85.0
42871,142.9,7.00,22.72,0.1591,6.29,1048.0,85.0
42877,147.1,6.80,22.72,0.1545,6.47,1048.0,85.0
42884,144.9,6.90,22.72,0.1568,6.38,1048.0,85.0
42891,142.9,7.00,22.72,0.1591,6.29,1048.0,85.0
42898,144.9,6.90,22.72,0.1568,6.38,1048.0,85.0
42905,142.9,7.00,22.72,0.1590,6.29,1048.0,85.0
42912,142.9,7.00,22.72,0.1590,6.29,1048.0,85.0
42919,144.9,6.90,22.72,0.1568,6.38,1048.0,85.0
42926,142.9,7.00,22.72,0.1590,6.29,1048.0,85.0
42933,147.1,6.80,22.72,0.1545,6.47,1048.0,85.0
42940,142.9,7.00,22.72,0.1590,6.29,1048.0,85.0
42947,144.9,6.90,22.72,0.1568,6.38,1048.0,85.0
42954,142.9,7.00,22.72,0.1590,6.29,1048.0,85.0
42961,144.9,6.90,22.72,0.1568,6.38,1048.0,85.0
42968,144.9,6.90,22.72,0.1568,6.38,1048.0,85.0
42975,140.8,7.10,22.72,0.1613,6.20,1048.0,85.0
42982,144.9,6.90,22.72,0.1568,6.38,1048.0,85.0
42988,144.9,6.90,22.72,0.1568,6.38,1048.0,85.0
42995,144.9,6.90,22.72,0.1568,6.38,1048.0,85.0
43002,144.9,6.90,22.72,0.1567,6.38,1048.0,85.0
43009,140.8,7.10,22.72,0.1613,6.20,1048.0,85.0
43016,147.1,6.80,22.72,0.1545,6.48,1048.0,85.0
43023,142.9,7.00,22.72,0.1590,6.29,1048.0,85.0
43030,142.9,7.00,22.72,0.1590,6.29,1048.0,85.0
43037,144.9,6.90,22.72,0.1567,6.38,1048.0,85.0
43044,142.9,7.00,22.72,0.1590,6.29,1048.0,85.0
43051,144.9,6.90,22.72,0.1567,6.38,1048.0,85.0
43058,144.9,6.90,22.72,0.1567,6.38,1048.0,85.0
43065,142.9,7.00,22.71,0.1590,6.29,1048.0,85.0
43072,142.9,7.00,22.71,0.1590,6.29,1048.0,85.0
43079,144.9,6.90,22.71,0.1567,6.38,1048.0,85.0
43086,144.9,6.90,22.71,0.1567,6.38,1048.0,85.0
43093,142.9,7.00,22.71,0.1590,6.29,1048.0,85.0
43100,144.9,6.90,22.71,0.1567,6.38,1048.0,85.0
43106,144.9,6.90,22.71,0.1567,6.38,1048.0,85.0
43113,142.9,7.00,22.71,0.1590,6.29,1048.0,85.0
43120,142.9,7.00,22.71,0.1590,6.29,1048.0,85.0
43127,144.9,6.90,22.71,0.1567,6.38,1048.0,85.0
43134,144.9,6.90,22.71,0.1567,6.38,1048.0,85.0
43141,144.9,6.90,22.71,0.1567,6.38,1048.0,85.0
43148,142.9,7.00,22.71,0.1590,6.29,1048.0,85.0
43155,144.9,6.90,22.71,0.1567,6.38,1048.0,85.0
43162,142.9,7.00,22.71,0.1590,6.29,1048.0,85.0
43169,144.9,6.90,22.71,0.1567,6.38,1048.0,85.0
43176,142.9,7.00,22.71,0.1590,6.29,1048.0,85.0
43183,144.9,6.90,22.71,0.1567,6.38,1048.0,85.0
43190,142.9,7.00,22.71,0.1590,6.29,1048.0,85.0
43197,144.9,6.90,22.71,0.1567,6.38,1048.0,85.0
43204,142.9,7.00,22.71,0.1590,6.29,1048.0,85.0
43211,144.9,6.90,22.71,0.1567,6.38,1048.0,85.0
43218,142.9,7.00,22.71,0.1590,6.29,1048.0,85.0
43225,144.9,6.90,22.71,0.1567,6.38,1048.0,85.0
43232,142.9,7.00,22.71,0.1590,6.29,1048.0,85.0
43238,144.9,6.90,22.71,0.1567,6.38,1048.0,85.0
43245,144.9,6.90,22.71,0.1567,6.38,1048.0,85.0
43252,144.9,6.90,22.71,0.1567,6.38,1048.0,85.0
43259,140.8,7.10,22.71,0.1613,6.20,1048.0,85.0
43266,144.9,6.90,22.71,0.1567,6.38,1048.0,85.0
43273,142.9,7.00,22.72,0.1590,6.29,1048.0,85.0
43280,144.9,6.90,22.72,0.1567,6.38,1048.0,85.0
43287,142.9,7.00,22.72,0.1590,6.29,1048.0,85.0
43294,144.9,6.90,22.72,0.1567,6.38,1048.0,85.0
43301,144.9,6.90,22.72,0.1567,6.38,1048.0,85.0
43308,142.9,7.00,22.72,0.1590,6.29,1048.0,85.0
43315,142.9,7.00,22.72,0.1590,6.29,1048.0,85.0
43322,147.1,6.80,22.72,0.1545,6.47,1048.0,85.0
43329,142.9,7.00,22.72,0.1590,6.29,1048.0,85.0
43336,144.9,6.90,22.72,0.1568,6.38,1048.0,85.0
43343,142.9,7.00,22.72,0.1590,6.29,1048.0,85.0
43350,142.9,7.00,22.72,0.1590,6.29,1048.0,85.0
43356,147.1,6.80,22.72,0.1545,6.47,1048.0,85.0
43363,142.9,7.00,22.72,0.1590,6.29,1048.0,85.0
43370,144.9,6.90,22.72,0.1568,6.38,1048.0,85.0
43377,142.9,7.00,22.72,0.1591,6.29,1048.0,85.0
43384,147.1,6.80,22.72,0.1545,6.47,1048.0,85.0
43391,142.9,7.00,22.72,0.1591,6.29,1048.0,85.0
43398,142.9,7.00,22.72,0.1591,6.29,1048.0,85.0
43405,144.9,6.90,22.72,0.1568,6.38,1048.0,85.0
43412,142.9,7.00,22.72,0.1591,6.29,1048.0,85.0
43419,144.9,6.90,22.72,0.1568,6.38,1048.0,85.0
43426,142.9,7.00,22.72,0.1591,6.29,1048.0,85.0
43433,144.9,6.90,22.72,0.1568,6.38,1048.0,85.0
43440,144.9,6.90,22.73,0.1568,6.38,1048.0,85.0
43447,142.9,7.00,22.73,0.1591,6.29,1048.0,85.0
43454,144.9,6.90,22.73,0.1568,6.38,1048.0,85.0
43461,142.9,7.00,22.73,0.1591,6.29,1048.0,85.0
43468,140.8,7.10,22.73,0.1614,6.20,1048.0,85.0
43475,144.9,6.90,22.73,0.1568,6.38,1048.0,85.0
43482,144.9,6.90,22.73,0.1568,6.38,1048.0,85.0
43488,144.9,6.90,22.73,0.1568,6.38,1048.0,85.0
43495,144.9,6.90,22.73,0.1568,6.38,1048.0,85.0
43502,142.9,7.00,22.73,0.1591,6.29,1048.0,85.0
43509,142.9,7.00,22.73,0.1591,6.29,1048.0,85.0
43516,144.9,6.90,22.73,0.1568,6.37,1048.0,85.0
43523,142.9,7.00,22.73,0.1591,6.29,1048.0,85.0
43530,144.9,6.90,22.73,0.1568,6.37,1048.0,85.0
43537,142.9,7.00,22.73,0.1591,6.29,1048.0,85.0
43544,144.9,6.90,22.73,0.1568,6.37,1048.0,85.0
43551,144.9,6.90,22.73,0.1569,6.37,1048.0,85.0
43558,142.9,7.00,22.73,0.1591,6.29,1048.0,85.0
43565,144.9,6.90,22.73,0.1569,6.37,1048.0,85.0
43572,142.9,7.00,22.73,0.1591,6.29,1048.0,85.0
43579,144.9,6.90,22.73,0.1569,6.37,1048.0,85.0
43586,144.9,6.90,22.73,0.1569,6.37,1048.0,85.0
43593,140.8,7.10,22.73,0.1614,6.19,1048.0,85.0
43600,144.9,6.90,22.73,0.1569,6.37,1048.0,85.0
43607,144.9,6.90,22.74,0.1569,6.37,1048.0,85.0
43613,144.9,6.90,22.74,0.1569,6.37,1048.0,85.0
43620,142.9,7.00,22.74,0.1592,6.29,1048.0,85.0
43627,142.9,7.00,22.74,0.1592,6.29,1048.0,85.0
43634,144.9,6.90,22.74,0.1569,6.37,1048.0,85.0
43641,144.9,6.90,22.74,0.1569,6.37,1048.0,85.0
43648,142.9,7.00,22.74,0.1592,6.28,1048.0,85.0
43655,144.9,6.90,22.74,0.1569,6.37,1048.0,85.0
43662,144.9,6.90,22.74,0.1569,6.37,1048.0,85.0
43669,142.9,7.00,22.74,0.1592,6.28,1048.0,85.0
43676,144.9,6.90,22.74,0.1569,6.37,1048.0,85.0
43683,144.9,6.90,22.74,0.1569,6.37,1048.0,85.0
43690,142.9,7.00,22.74,0.1592,6.28,1048.0,85.0
43697,144.9,6.90,22.74,0.1569,6.37,1048.0,85.0
43704,144.9,6.90,22.74,0.1569,6.37,1048.0,85.0
43711,142.9,7.00,22.74,0.1592,6.28,1048.0,85.0
43718,142.9,7.00,22.74,0.1592,6.28,1048.0,85.0
43725,142.9,7.00,22.74,0.1592,6.28,1048.0,85.0
43732,144.9,6.90,22.74,0.1569,6.37,1048.0,85.0
43739,142.9,7.00,22.74,0.1592,6.28,1048.0,85.0
43745,147.1,6.80,22.74,0.1547,6.47,1048.0,85.0
43752,142.9,7.00,22.74,0.1592,6.28,1048.0,85.0
43759,144.9,6.90,22.74,0.1569,6.37,1048.0,85.0
43766,142.9,7.00,22.74,0.1592,6.28,1048.0,85.0
43773,144.9,6.90,22.75,0.1569,6.37,1048.0,85.0
43780,142.9,7.00,22.75,0.1592,6.28,1048.0,85.0
43787,142.9,7.00,22.75,0.1592,6.28,1048.0,85.0
43794,144.9,6.90,22.75,0.1570,6.37,1048.0,85.0
43801,142.9,7.00,22.75,0.1592,6.28,1048.0,85.0
43808,144.9,6.90,22.75,0.1570,6.37,1048.0,85.0
43815,142.9,7.00,22.75,0.1592,6.28,1048.0,85.0
43822,147.1,6.80,22.75,0.1547,6.47,1048.0,85.0
43829,140.8,7.10,22.75,0.1615,6.19,1048.0,85.0
43836,147.1,6.80,22.75,0.1547,6.47,1048.0,85.0
43843,142.9,7.00,22.75,0.1592,6.28,1048.0,85.0
43850,144.9,6.90,22.75,0.1570,6.37,1048.0,85.0
43857,142.9,7.00,22.75,0.1593,6.28,1048.0,85.0
43863,147.1,6.80,22.75,0.1547,6.47,1048.0,85.0
43870,140.8,7.10,22.75,0.1615,6.19,1048.0,85.0
43877,144.9,6.90,22.75,0.1570,6.37,1048.0,85.0
43884,142.9,7.00,22.75,0.1593,6.28,1048.0,85.0
43891,144.9,6.90,22.75,0.1570,6.37,1048.0,85.0
43898,144.9,6.90,22.75,0.1570,6.37,1048.0,85.0
43905,142.9,7.00,22.75,0.1593,6.28,1048.0,85.0
43912,144.9,6.90,22.75,0.1570,6.37,1048.0,85.0
43919,142.9,7.00,22.75,0.1593,6.28,1048.0,85.0
43926,142.9,7.00,22.75,0.1593,6.28,1048.0,85.0
43933,147.1,6.80,22.75,0.1547,6.46,1048.0,85.0
43940,142.9,7.00,22.76,0.1593,6.28,1048.0,85.0
43947,142.9,7.00,22.76,0.1593,6.28,1048.0,85.0
43954,144.9,6.90,22.76,0.1570,6.37,1048.0,85.0
43961,142.9,7.00,22.76,0.1593,6.28,1048.0,85.0
43968,144.9,6.90,22.76,0.1570,6.37,1048.0,85.0
43975,142.9,7.00,22.76,0.1593,6.28,1048.0,85.0
43982,144.9,6.90,22.76,0.1570,6.37,1048.0,85.0
43989,142.9,7.00,22.76,0.1593,6.28,1048.0,85.0
43995,147.1,6.80,22.76,0.1548,6.46,1048.0,85.0
44002,142.9,7.00,22.76,0.1593,6.28,1048.0,85.0
44009,144.9,6.90,22.76,0.1570,6.37,1048.0,85.0
44016,142.9,7.00,22.76,0.1593,6.28,1048.0,85.0
44023,142.9,7.00,22.76,0.1593,6.28,1048.0,85.0
44030,144.9,6.90,22.76,0.1570,6.37,1048.0,85.0
44037,144.9,6.90,22.76,0.1571,6.37,1048.0,85.0
44044,142.9,7.00,22.76,0.1593,6.28,1048.0,85.0
44051,144.9,6.90,22.76,0.1571,6.37,1048.0,85.0
44058,142.9,7.00,22.76,0.1593,6.28,1048.0,85.0
44065,144.9,6.90,22.76,0.1571,6.37,1048.0,85.0
44072,144.9,6.90,22.76,0.1571,6.37,1048.0,85.0
44079,144.9,6.90,22.76,0.1571,6.37,1048.0,85.0
44086,142.9,7.00,22.76,0.1593,6.28,1048.0,85.0
44093,142.9,7.00,22.76,0.1594,6.28,1048.0,85.0
44100,142.9,7.00,22.76,0.1594,6.28,1048.0,85.0
44107,144.9,6.90,22.77,0.1571,6.36,1048.0,85.0
44113,144.9,6.90,22.77,0.1571,6.36,1048.0,85.0
44120,142.9,7.00,22.77,0.1594,6.28,1048.0,85.0
44127,144.9,6.90,22.77,0.1571,6.36,1048.0,85.0
44134,144.9,6.90,22.77,0.1571,6.36,1048.0,85.0
44141,142.9,7.00,22.77,0.1594,6.28,1048.0,85.0
44148,142.9,7.00,22.77,0.1594,6.28,1048.0,85.0
44155,142.9,7.00,22.77,0.1594,6.28,1048.0,85.0
44162,147.1,6.80,22.77,0.1548,6.46,1048.0,85.0
44169,142.9,7.00,22.77,0.1594,6.28,1048.0,85.0
44176,147.1,6.80,22.77,0.1548,6.46,1048.0,85.0
44183,140.8,7.10,22.77,0.1617,6.18,1048.0,85.0
44190,144.9,6.90,22.77,0.1571,6.36,1048.0,85.0
44197,144.9,6.90,22.77,0.1571,6.36,1048.0,85.0
44204,142.9,7.00,22.77,0.1594,6.28,1048.0,85.0
44211,142.9,7.00,22.77,0.1594,6.28,1048.0,85.0
44218,147.1,6.80,22.77,0.1548,6.46,1048.0,85.0
44225,142.9,7.00,22.77,0.1594,6.28,1048.0,85.0
44232,142.9,7.00,22.77,0.1594,6.28,1048.0,85.0
44239,142.9,7.00,22.77,0.1594,6.28,1048.0,85.0
44245,144.9,6.90,22.77,0.1571,6.36,1048.0,85.0
44252,142.9,7.00,22.77,0.1594,6.28,1048.0,85.0
44259,144.9,6.90,22.76,0.1571,6.37,1048.0,85.0
44266,144.9,6.90,22.76,0.1571,6.37,1048.0,85.0
44273,144.9,6.90,22.76,0.1571,6.37,1048.0,85.0
44280,142.9,7.00,22.76,0.1593,6.28,1048.0,85.0
44287,142.9,7.00,22.76,0.1593,6.28,1048.0,85.0
44294,147.1,6.80,22.76,0.1548,6.46,1048.0,85.0
44301,140.8,7.10,22.76,0.1616,6.19,1048.0,85.0
44308,144.9,6.90,22.76,0.1571,6.37,1048.0,85.0
44315,144.9,6.90,22.76,0.1570,6.37,1048.0,85.0
44322,142.9,7.00,22.76,0.1593,6.28,1048.0,85.0
44329,147.1,6.80,22.76,0.1548,6.46,1048.0,85.0
44336,142.9,7.00,22.76,0.1593,6.28,1048.0,85.0
44343,144.9,6.90,22.76,0.1570,6.37,1048.0,85.0
44350,142.9,7.00,22.76,0.1593,6.28,1048.0,85.0
44357,142.9,7.00,22.76,0.1593,6.28,1048.0,85.0
44363,144.9,6.90,22.76,0.1570,6.37,1048.0,85.0
44370,144.9,6.90,22.76,0.1570,6.37,1048.0,85.0
44377,142.9,7.00,22.76,0.1593,6.28,1048.0,85.0
44384,144.9,6.90,22.76,0.1570,6.37,1048.0,85.0
44391,144.9,6.90,22.76,0.1570,6.37,1048.0,85.0
44398,142.9,7.00,22.76,0.1593,6.28,1048.0,85.0
44405,144.9,6.90,22.75,0.1570,6.37,1048.0,85.0
44412,142.9,7.00,22.75,0.1593,6.28,1048.0,85.0
44419,144.9,6.90,22.75,0.1570,6.37,1048.0,85.0
44426,142.9,7.00,22.75,0.1593,6.28,1048.0,85.0
44433,142.9,7.00,22.75,0.1593,6.28,1048.0,85.0
44440,147.1,6.80,22.75,0.1547,6.47,1048.0,85.0
44447,142.9,7.00,22.75,0.1593,6.28,1048.0,85.0
44454,144.9,6.90,22.75,0.1570,6.37,1048.0,85.0
44461,142.9,7.00,22.75,0.1593,6.28,1048.0,85.0
44468,144.9,6.90,22.75,0.1570,6.37,1048.0,85.0
44475,142.9,7.00,22.75,0.1592,6.28,1048.0,85.0
44482,142.9,7.00,22.75,0.1592,6.28,1048.0,85.0
44488,144.9,6.90,22.75,0.1570,6.37,1048.0,85.0
44495,147.1,6.80,22.75,0.1547,6.47,1048.0,85.0
44502,142.9,7.00,22.75,0.1592,6.28,1048.0,85.0
44509,142.9,7.00,22.75,0.1592,6.28,1048.0,85.0
44516,142.9,7.00,22.75,0.1592,6.28,1048.0,85.0
44523,144.9,6.90,22.75,0.1569,6.37,1048.0,85.0
44530,142.9,7.00,22.75,0.1592,6.28,1048.0,85.0
44537,144.9,6.90,22.75,0.1569,6.37,1048.0,85.0
44544,144.9,6.90,22.74,0.1569,6.37,1048.0,85.0
44551,142.9,7.00,22.74,0.1592,6.28,1048.0,85.0
44558,142.9,7.00,22.74,0.1592,6.28,1048.0,85.0
44565,144.9,6.90,22.74,0.1569,6.37,1048.0,85.0
44572,142.9,7.00,22.74,0.1592,6.28,1048.0,85.0
44579,144.9,6.90,22.74,0.1569,6.37,1048.0,85.0
44586,144.9,6.90,22.74,0.1569,6.37,1048.0,85.0
44593,142.9,7.00,22.74,0.1592,6.28,1048.0,85.0
44600,144.9,6.90,22.74,0.1569,6.37,1048.0,85.0
44607,142.9,7.00,22.74,0.1592,6.28,1048.0,85.0
44613,144.9,6.90,22.74,0.1569,6.37,1048.0,85.0
44620,142.9,7.00,22.74,0.1592,6.28,1048.0,85.0
44627,147.1,6.80,22.74,0.1546,6.47,1048.0,85.0
44634,140.8,7.10,22.74,0.1614,6.19,1048.0,85.0
44641,147.1,6.80,22.74,0.1546,6.47,1048.0,85.0
44648,142.9,7.00,22.74,0.1592,6.28,1048.0,85.0
44655,144.9,6.90,22.74,0.1569,6.37,1048.0,85.0
44662,142.9,7.00,22.74,0.1592,6.29,1048.0,85.0
44669,147.1,6.80,22.74,0.1546,6.47,1048.0,85.0
44676,140.8,7.10,22.74,0.1614,6.19,1048.0,85.0
44683,142.9,7.00,22.74,0.1591,6.29,1048.0,85.0
44690,144.9,6.90,22.73,0.1569,6.37,1048.0,85.0
44697,144.9,6.90,22.73,0.1569,6.37,1048.0,85.0
44704,144.9,6.90,22.73,0.1569,6.37,1048.0,85.0
44711,142.9,7.00,22.73,0.1591,6.29,1048.0,85.0
44718,142.9,7.00,22.73,0.1591,6.29,1048.0,85.0
44725,144.9,6.90,22.73,0.1569,6.37,1048.0,85.0
44732,142.9,7.00,22.73,0.1591,6.29,1048.0,85.0
44738,144.9,6.90,22.73,0.1568,6.37,1048.0,85.0
44745,142.9,7.00,22.73,0.1591,6.29,1048.0,85.0
44752,144.9,6.90,22.73,0.1568,6.37,1048.0,85.0
44759,144.9,6.90,22.73,0.1568,6.37,1048.0,85.0
44766,142.9,7.00,22.73,0.1591,6.29,1048.0,85.0
44773,142.9,7.00,22.73,0.1591,6.29,1048.0,85.0
44780,144.9,6.90,22.73,0.1568,6.38,1048.0,85.0
44787,144.9,6.90,22.73,0.1568,6.38,1048.0,85.0
44794,144.9,6.90,22.73,0.1568,6.38,1048.0,85.0
44801,144.9,6.90,22.73,0.1568,6.38,1048.0,85.0
44808,142.9,7.00,22.73,0.1591,6.29,1048.0,85.0
44815,142.9,7.00,22.73,0.1591,6.29,1048.0,85.0
44822,144.9,6.90,22.73,0.1568,6.38,1048.0,85.0
44829,144.9,6.90,22.72,0.1568,6.38,1048.0,85.0
44836,142.9,7.00,22.72,0.1591,6.29,1048.0,85.0
44843,142.9,7.00,22.72,0.1591,6.29,1048.0,85.0
44850,144.9,6.90,22.72,0.1568,6.38,1048.0,85.0
44856,144.9,6.90,22.72,0.1568,6.38,1048.0,85.0
44864,140.8,7.10,22.72,0.1613,6.20,1048.0,85.0
44870,144.9,6.90,22.72,0.1568,6.38,1048.0,85.0
44877,144.9,6.90,22.72,0.1568,6.38,1048.0,85.0
44884,142.9,7.00,22.72,0.1590,6.29,1048.0,85.0
44891,144.9,6.90,22.72,0.1568,6.38,1048.0,85.0
44898,142.9,7.00,22.72,0.1590,6.29,1048.0,85.0
44905,144.9,6.90,22.72,0.1568,6.38,1048.0,85.0
44912,144.9,6.90,22.72,0.1568,6.38,1048.0,85.0
44919,142.9,7.00,22.72,0.1590,6.29,1048.0,85.0
44926,142.9,7.00,22.72,0.1590,6.29,1048.0,85.0
44933,147.1,6.80,22.72,0.1545,6.48,1048.0,85.0
44940,144.9,6.90,22.72,0.1567,6.38,1048.0,85.0
44947,142.9,7.00,22.72,0.1590,6.29,1048.0,85.0
44954,142.9,7.00,22.72,0.1590,6.29,1048.0,85.0
44961,144.9,6.90,22.72,0.1567,6.38,1048.0,85.0
44968,142.9,7.00,22.72,0.1590,6.29,1048.0,85.0
44975,144.9,6.90,22.71,0.1567,6.38,1048.0,85.0
44982,142.9,7.00,22.71,0.1590,6.29,1048.0,85.0
44988,147.1,6.80,22.71,0.1545,6.48,1048.0,85.0
44995,142.9,7.00,22.71,0.1590,6.29,1048.0,85.0
45002,142.9,7.00,22.71,0.1590,6.29,1048.0,85.0
45009,147.1,6.80,22.71,0.1544,6.48,1048.0,85.0
45016,140.8,7.10,22.71,0.1613,6.20,1048.0,85.0
45023,144.9,6.90,22.71,0.1567,6.38,1048.0,85.0
45030,142.9,7.00,22.71,0.1590,6.29,1048.0,85.0
45037,144.9,6.90,22.71,0.1567,6.38,1048.0,85.0
45044,142.9,7.00,22.71,0.1590,6.29,1048.0,85.0
45051,144.9,6.90,22.71,0.1567,6.38,1048.0,85.0
45058,144.9,6.90,22.71,0.1567,6.38,1048.0,85.0
45065,144.9,6.90,22.71,0.1567,6.38,1048.0,85.0
45072,142.9,7.00,22.71,0.1590,6.29,1048.0,85.0
45079,142.9,7.00,22.71,0.1590,6.29,1048.0,85.0
45086,144.9,6.90,22.71,0.1567,6.38,1048.0,85.0
45093,144.9,6.90,22.71,0.1567,6.38,1048.0,85.0
45100,140.8,7.10,22.71,0.1612,6.20,1048.0,85.0
45106,147.1,6.80,22.71,0.1544,6.48,1048.0,85.0
45113,142.9,7.00,22.70,0.1589,6.29,1048.0,85.0
45120,142.9,7.00,22.70,0.1589,6.29,1048.0,85.0
45127,144.9,6.90,22.70,0.1567,6.38,1048.0,85.0
45134,144.9,6.90,22.70,0.1567,6.38,1048.0,85.0
45141,142.9,7.00,22.70,0.1589,6.29,1048.0,85.0
45148,144.9,6.90,22.70,0.1566,6.38,1048.0,85.0
45155,142.9,7.00,22.70,0.1589,6.29,1048.0,85.0
45162,144.9,6.90,22.70,0.1566,6.38,1048.0,85.0
45169,142.9,7.00,22.70,0.1589,6.29,1048.0,85.0
45176,144.9,6.90,22.70,0.1566,6.38,1048.0,85.0
45183,142.9,7.00,22.70,0.1589,6.30,1048.0,85.0
45190,144.9,6.90,22.70,0.1566,6.38,1048.0,85.0
45197,142.9,7.00,22.70,0.1589,6.30,1048.0,85.0
45204,144.9,6.90,22.70,0.1566,6.38,1048.0,85.0
45211,142.9,7.00,22.70,0.1589,6.29,1048.0,85.0
45218,147.1,6.80,22.70,0.1544,6.48,1048.0,85.0
45225,142.9,7.00,22.70,0.1589,6.29,1048.0,85.0
45232,142.9,7.00,22.70,0.1589,6.29,1048.0,85.0
45238,144.9,6.90,22.70,0.1566,6.38,1048.0,85.0
45245,144.9,6.90,22.70,0.1566,6.38,1048.0,85.0
45252,142.9,7.00,22.70,0.1589,6.29,1048.0,85.0
45259,142.9,7.00,22.70,0.1589,6.29,1048.0,85.0
45266,144.9,6.90,22.70,0.1566,6.38,1048.0,85.0
45273,144.9,6.90,22.70,0.1566,6.38,1048.0,85.0
45280,144.9,6.90,22.70,0.1566,6.38,1048.0,85.0
45287,142.9,7.00,22.70,0.1589,6.29,1048.0,85.0
45294,144.9,6.90,22.70,0.1567,6.38,1048.0,85.0
45301,142.9,7.00,22.70,0.1589,6.29,1048.0,85.0
45308,142.9,7.00,22.70,0.1589,6.29,1048.0,85.0
45315,142.9,7.00,22.70,0.1589,6.29,1048.0,85.0
45322,144.9,6.90,22.70,0.1567,6.38,1048.0,85.0
45329,144.9,6.90,22.70,0.1567,6.38,1048.0,85.0
45336,144.9,6.90,22.70,0.1567,6.38,1048.0,85.0
45343,144.9,6.90,22.70,0.1567,6.38,1048.0,85.0
45350,142.9,7.00,22.70,0.1589,6.29,1048.0,85.0
45357,142.9,7.00,22.71,0.1589,6.29,1048.0,85.0
45363,147.1,6.80,22.71,0.1544,6.48,1048.0,85.0
45370,140.8,7.10,22.71,0.1612,6.20,1048.0,85.0
45377,144.9,6.90,22.71,0.1567,6.38,1048.0,85.0
45384,144.9,6.90,22.71,0.1567,6.38,1048.0,85.0
45391,144.9,6.90,22.71,0.1567,6.38,1048.0,85.0
45398,144.9,6.90,22.71,0.1567,6.38,1048.0,85.0
45405,140.8,7.10,22.71,0.1612,6.20,1048.0,85.0
45412,144.9,6.90,22.71,0.1567,6.38,1048.0,85.0
45419,144.9,6.90,22.71,0.1567,6.38,1048.0,85.0
45426,142.9,7.00,22.71,0.1590,6.29,1048.0,85.0
45433,144.9,6.90,22.71,0.1567,6.38,1048.0,85.0
45440,142.9,7.00,22.71,0.1590,6.29,1048.0,85.0
45447,144.9,6.90,22.71,0.1567,6.38,1048.0,85.0
45454,142.9,7.00,22.71,0.1590,6.29,1048.0,85.0
45461,147.1,6.80,22.71,0.1544,6.48,1048.0,85.0
45468,142.9,7.00,22.71,0.1590,6.29,1048.0,85.0
45475,142.9,7.00,22.71,0.1590,6.29,1048.0,85.0
45482,140.8,7.10,22.71,0.1612,6.20,1048.0,85.0
45488,149.3,6.70,22.71,0.1522,6.57,1048.0,85.0
45495,142.9,7.00,22.71,0.1590,6.29,1048.0,85.0
45502,144.9,6.90,22.71,0.1567,6.38,1048.0,85.0
45509,142.9,7.00,22.71,0.1590,6.29,1048.0,85.0
45516,144.9,6.90,22.71,0.1567,6.38,1048.0,85.0
45523,144.9,6.90,22.71,0.1567,6.38,1048.0,85.0
45530,140.8,7.10,22.71,0.1612,6.20,1048.0,85.0
45537,144.9,6.90,22.71,0.1567,6.38,1048.0,85.0
45544,142.9,7.00,22.71,0.1590,6.29,1048.0,85.0
45551,144.9,6.90,22.71,0.1567,6.38,1048.0,85.0
45558,142.9,7.00,22.71,0.1590,6.29,1048.0,85.0
45565,147.1,6.80,22.71,0.1544,6.48,1048.0,85.0
45572,142.9,7.00,22.71,0.1590,6.29,1048.0,85.0
45579,144.9,6.90,22.71,0.1567,6.38,1048.0,85.0
45586,144.9,6.90,22.71,0.1567,6.38,1048.0,85.0
45593,140.8,7.10,22.71,0.1613,6.20,1048.0,85.0
45600,144.9,6.90,22.71,0.1567,6.38,1048.0,85.0
45606,144.9,6.90,22.71,0.1567,6.38,1048.0,85.0
45613,142.9,7.00,22.71,0.1590,6.29,1048.0,85.0
45620,142.9,7.00,22.71,0.1590,6.29,1048.0,85.0
45627,147.1,6.80,22.71,0.1545,6.48,1048.0,85.0
45634,140.8,7.10,22.71,0.1613,6.20,1048.0,85.0
45641,147.1,6.80,22.71,0.1545,6.48,1048.0,85.0
45648,142.9,7.00,22.71,0.1590,6.29,1048.0,85.0
45655,144.9,6.90,22.71,0.1567,6.38,1048.0,85.0
45662,140.8,7.10,22.71,0.1613,6.20,1048.0,85.0
45669,149.3,6.70,22.71,0.1522,6.57,1048.0,85.0
45676,140.8,7.10,22.71,0.1613,6.20,1048.0,85.0
45683,144.9,6.90,22.71,0.1567,6.38,1048.0,85.0
45690,144.9,6.90,22.72,0.1567,6.38,1048.0,85.0
45697,142.9,7.00,22.72,0.1590,6.29,1048.0,85.0
45704,142.9,7.00,22.72,0.1590,6.29,1048.0,85.0
45711,142.9,7.00,22.72,0.1590,6.29,1048.0,85.0
45718,144.9,6.90,22.72,0.1567,6.38,1048.0,85.0
45724,147.1,6.80,22.72,0.1545,6.48,1048.0,85.0
45732,140.8,7.10,22.72,0.1613,6.20,1048.0,85.0
45738,144.9,6.90,22.72,0.1567,6.38,1048.0,85.0
45745,144.9,6.90,22.72,0.1567,6.38,1048.0,85.0
45752,144.9,6.90,22.72,0.1567,6.38,1048.0,85.0
45759,142.9,7.00,22.72,0.1590,6.29,1048.0,85.0
45766,142.9,7.00,22.72,0.1590,6.29,1048.0,85.0
45773,144.9,6.90,22.72,0.1568,6.38,1048.0,85.0
45780,142.9,7.00,22.72,0.1590,6.29,1048.0,85.0
45787,144.9,6.90,22.72,0.1568,6.38,1048.0,85.0
45794,144.9,6.90,22.72,0.1568,6.38,1048.0,85.0
45801,142.9,7.00,22.72,0.1590,6.29,1048.0,85.0
45808,144.9,6.90,22.72,0.1568,6.38,1048.0,85.0
45815,142.9,7.00,22.72,0.1590,6.29,1048.0,85.0
45822,142.9,7.00,22.72,0.1590,6.29,1048.0,85.0
45829,144.9,6.90,22.72,0.1568,6.38,1048.0,85.0
45836,144.9,6.90,22.72,0.1568,6.38,1048.0,85.0
45843,142.9,7.00,22.72,0.1590,6.29,1048.0,85.0
45850,144.9,6.90,22.72,0.1568,6.38,1048.0,85.0
45856,144.9,6.90,22.72,0.1568,6.38,1048.0,85.0
45863,144.9,6.90,22.72,0.1568,6.38,1048.0,85.0
45870,142.9,7.00,22.72,0.1590,6.29,1048.0,85.0
45877,144.9,6.90,22.72,0.1568,6.38,1048.0,85.0
45884,142.9,7.00,22.72,0.1590,6.29,1048.0,85.0
45891,142.9,7.00,22.72,0.1590,6.29,1048.0,85.0
45898,147.1,6.80,22.72,0.1545,6.47,1048.0,85.0
45905,140.8,7.10,22.72,0.1613,6.20,1048.0,85.0
45912,144.9,6.90,22.72,0.1568,6.38,1048.0,85.0
45919,147.1,6.80,22.72,0.1545,6.47,1048.0,85.0
45926,140.8,7.10,22.72,0.1613,6.20,1048.0,85.0
45933,144.9,6.90,22.72,0.1568,6.38,1048.0,85.0
45940,144.9,6.90,22.72,0.1568,6.38,1048.0,85.0
45947,144.9,6.90,22.72,0.1568,6.38,1048.0,85.0
45954,142.9,7.00,22.72,0.1591,6.29,1048.0,85.0
45961,142.9,7.00,22.72,0.1591,6.29,1048.0,85.0
45968,144.9,6.90,22.72,0.1568,6.38,1048.0,85.0
45975,142.9,7.00,22.72,0.1591,6.29,1048.0,85.0
45981,144.9,6.90,22.72,0.1568,6.38,1048.0,85.0
45988,144.9,6.90,22.72,0.1568,6.38,1048.0,85.0
45995,142.9,7.00,22.72,0.1591,6.29,1048.0,85.0
46002,142.9,7.00,22.72,0.1591,6.29,1048.0,85.0
46009,142.9,7.00,22.72,0.1591,6.29,1048.0,85.0
46016,144.9,6.90,22.72,0.1568,6.38,1048.0,85.0
46023,144.9,6.90,22.73,0.1568,6.38,1048.0,85.0
46030,142.9,7.00,22.73,0.1591,6.29,1048.0,85.0
46037,144.9,6.90,22.73,0.1568,6.38,1048.0,85.0
46044,144.9,6.90,22.73,0.1568,6.38,1048.0,85.0
46051,142.9,7.00,22.73,0.1591,6.29,1048.0,85.0
46058,144.9,6.90,22.73,0.1568,6.38,1048.0,85.0
46065,144.9,6.90,22.73,0.1568,6.38,1048.0,85.0
46072,142.9,7.00,22.73,0.1591,6.29,1048.0,85.0
46079,144.9,6.90,22.73,0.1568,6.38,1048.0,85.0
46086,142.9,7.00,22.73,0.1591,6.29,1048.0,85.0
46093,144.9,6.90,22.73,0.1568,6.38,1048.0,85.0
46100,142.9,7.00,22.73,0.1591,6.29,1048.0,85.0
46106,144.9,6.90,22.73,0.1568,6.38,1048.0,85.0
46113,142.9,7.00,22.73,0.1591,6.29,1048.0,85.0
46120,144.9,6.90,22.73,0.1568,6.38,1048.0,85.0
46127,142.9,7.00,22.73,0.1591,6.29,1048.0,85.0
46134,144.9,6.90,22.73,0.1568,6.38,1048.0,85.0
46141,142.9,7.00,22.73,0.1591,6.29,1048.0,85.0
46148,142.9,7.00,22.73,0.1591,6.29,1048.0,85.0
46155,147.1,6.80,22.73,0.1546,6.47,1048.0,85.0
46162,142.9,7.00,22.73,0.1591,6.29,1048.0,85.0
46169,142.9,7.00,22.73,0.1591,6.29,1048.0,85.0
46176,144.9,6.90,22.73,0.1568,6.37,1048.0,85.0
46183,142.9,7.00,22.73,0.1591,6.29,1048.0,85.0
46190,144.9,6.90,22.73,0.1568,6.37,1048.0,85.0
46197,144.9,6.90,22.73,0.1569,6.37,1048.0,85.0
46204,144.9,6.90,22.73,0.1569,6.37,1048.0,85.0
46211,142.9,7.00,22.74,0.1591,6.29,1048.0,85.0
46218,142.9,7.00,22.74,0.1592,6.28,1048.0,85.0
46225,144.9,6.90,22.74,0.1569,6.37,1048.0,85.0
46231,144.9,6.90,22.74,0.1569,6.37,1048.0,85.0
46238,142.9,7.00,22.74,0.1592,6.28,1048.0,85.0
46245,144.9,6.90,22.74,0.1569,6.37,1048.0,85.0
46252,142.9,7.00,22.74,0.1592,6.28,1048.0,85.0
46259,144.9,6.90,22.75,0.1569,6.37,1048.0,85.0
46266,142.9,7.00,22.75,0.1592,6.28,1048.0,85.0
46273,144.9,6.90,22.75,0.1570,6.37,1048.0,85.0
46280,142.9,7.00,22.75,0.1593,6.28,1048.0,85.0
46287,144.9,6.90,22.75,0.1570,6.37,1048.0,85.0
46294,144.9,6.90,22.75,0.1570,6.37,1048.0,85.0
46301,142.9,7.00,22.75,0.1593,6.28,1048.0,85.0
46308,144.9,6.90,22.76,0.1570,6.37,1048.0,85.0
46315,144.9,6.90,22.76,0.1570,6.37,1048.0,85.0
46322,140.8,7.10,22.76,0.1616,6.19,1048.0,85.0
46329,144.9,6.90,22.76,0.1570,6.37,1048.0,85.0
46336,142.9,7.00,22.76,0.1593,6.28,1048.0,85.0
46343,144.9,6.90,22.76,0.1571,6.37,1048.0,85.0
46350,144.9,6.90,22.76,0.1571,6.37,1048.0,85.0
46356,144.9,6.90,22.77,0.1571,6.36,1048.0,85.0
46363,144.9,6.90,22.77,0.1571,6.36,1048.0,85.0
46370,144.9,6.90,22.77,0.1571,6.36,1048.0,85.0
46377,142.9,7.00,22.77,0.1594,6.28,1048.0,85.0
46384,144.9,6.90,22.77,0.1571,6.36,1048.0,85.0
46391,142.9,7.00,22.77,0.1594,6.27,1048.0,85.0
46398,142.9,7.00,22.77,0.1594,6.27,1048.0,85.0
46405,144.9,6.90,22.78,0.1572,6.36,1048.0,85.0
46412,144.9,6.90,22.78,0.1572,6.36,1048.0,85.0
46419,144.9,6.90,22.78,0.1572,6.36,1048.0,85.0
46426,140.8,7.10,22.78,0.1617,6.18,1048.0,85.0
46433,144.9,6.90,22.78,0.1572,6.36,1048.0,85.0
46440,144.9,6.90,22.78,0.1572,6.36,1048.0,85.0
46447,144.9,6.90,22.79,0.1572,6.36,1048.0,85.0
46454,142.9,7.00,22.79,0.1595,6.27,1048.0,85.0
46461,142.9,7.00,22.79,0.1595,6.27,1048.0,85.0
46468,144.9,6.90,22.79,0.1572,6.36,1048.0,85.0
46475,142.9,7.00,22.79,0.1595,6.27,1048.0,85.0
46481,144.9,6.90,22.79,0.1573,6.36,1048.0,85.0
46488,142.9,7.00,22.79,0.1596,6.27,1048.0,85.0
46495,144.9,6.90,22.80,0.1573,6.36,1048.0,85.0
46502,142.9,7.00,22.80,0.1596,6.27,1048.0,85.0
46509,144.9,6.90,22.80,0.1573,6.36,1048.0,85.0
46516,144.9,6.90,22.80,0.1573,6.36,1048.0,85.0
46523,142.9,7.00,22.80,0.1596,6.27,1048.0,85.0
46530,142.9,7.00,22.80,0.1596,6.27,1048.0,85.0
46537,144.9,6.90,22.80,0.1573,6.35,1048.0,85.0
46544,142.9,7.00,22.81,0.1596,6.27,1048.0,85.0
46551,147.1,6.80,22.81,0.1551,6.45,1048.0,85.0
46558,142.9,7.00,22.81,0.1597,6.27,1048.0,85.0
46565,142.9,7.00,22.81,0.1597,6.26,1048.0,85.0
46572,142.9,7.00,22.81,0.1597,6.26,1048.0,85.0
46579,144.9,6.90,22.81,0.1574,6.35,1048.0,85.0
46586,144.9,6.90,22.81,0.1574,6.35,1048.0,85.0
46593,144.9,6.90,22.82,0.1574,6.35,1048.0,85.0
46600,142.9,7.00,22.82,0.1597,6.26,1048.0,85.0
46606,144.9,6.90,22.82,0.1574,6.35,1048.0,85.0
46613,147.1,6.80,22.82,0.1552,6.45,1048.0,85.0
46620,142.9,7.00,22.82,0.1598,6.26,1048.0,85.0
46627,140.8,7.10,22.82,0.1620,6.17,1048.0,85.0
46634,147.1,6.80,22.82,0.1552,6.44,1048.0,85.0
46641,140.8,7.10,22.83,0.1621,6.17,1048.0,85.0
46648,147.1,6.80,22.83,0.1552,6.44,1048.0,85.0
46655,142.9,7.00,22.83,0.1598,6.26,1048.0,85.0
46662,144.9,6.90,22.83,0.1575,6.35,1048.0,85.0
46669,142.9,7.00,22.83,0.1598,6.26,1048.0,85.0
46676,144.9,6.90,22.83,0.1575,6.35,1048.0,85.0
46683,142.9,7.00,22.83,0.1598,6.26,1048.0,85.0
46690,144.9,6.90,22.84,0.1576,6.35,1048.0,85.0
46697,142.9,7.00,22.84,0.1599,6.26,1048.0,85.0
46704,144.9,6.90,22.84,0.1576,6.34,1048.0,85.0
46711,142.9,7.00,22.84,0.1599,6.26,1048.0,85.0
46717,147.1,6.80,22.84,0.1553,6.44,1048.0,85.0
46724,142.9,7.00,22.84,0.1599,6.26,1048.0,85.0
46731,142.9,7.00,22.84,0.1599,6.26,1048.0,85.0
46738,142.9,7.00,22.85,0.1599,6.25,1048.0,85.0
46745,144.9,6.90,22.85,0.1576,6.34,1048.0,85.0
46752,142.9,7.00,22.85,0.1599,6.25,1048.0,85.0
46759,144.9,6.90,22.85,0.1577,6.34,1048.0,85.0
46766,142.9,7.00,22.85,0.1600,6.25,1048.0,85.0
46773,144.9,6.90,22.85,0.1577,6.34,1048.0,85.0
46780,144.9,6.90,22.86,0.1577,6.34,1048.0,85.0
46787,144.9,6.90,22.86,0.1577,6.34,1048.0,85.0
46794,142.9,7.00,22.86,0.1600,6.25,1048.0,85.0
46801,144.9,6.90,22.86,0.1577,6.34,1048.0,85.0
46808,140.8,7.10,22.86,0.1623,6.16,1048.0,85.0
46815,147.1,6.80,22.86,0.1555,6.43,1048.0,85.0
46822,142.9,7.00,22.86,0.1600,6.25,1048.0,85.0
46829,142.9,7.00,22.87,0.1601,6.25,1048.0,85.0
46836,144.9,6.90,22.87,0.1578,6.34,1048.0,85.0
46843,144.9,6.90,22.87,0.1578,6.34,1048.0,85.0
46849,144.9,6.90,22.87,0.1578,6.34,1048.0,85.0
46857,140.8,7.10,22.87,0.1624,6.16,1048.0,85.0
46863,144.9,6.90,22.87,0.1578,6.34,1048.0,85.0
46870,142.9,7.00,22.87,0.1601,6.25,1048.0,85.0
46877,144.9,6.90,22.88,0.1578,6.33,1048.0,85.0
46884,147.1,6.80,22.88,0.1556,6.43,1048.0,85.0
46891,140.8,7.10,22.88,0.1624,6.15,1048.0,85.0
46898,144.9,6.90,22.88,0.1579,6.33,1048.0,85.0
46905,144.9,6.90,22.88,0.1579,6.33,1048.0,85.0
46912,142.9,7.00,22.88,0.1602,6.24,1048.0,85.0
46919,142.9,7.00,22.88,0.1602,6.24,1048.0,85.0
46926,144.9,6.90,22.89,0.1579,6.33,1048.0,85.0
46933,144.9,6.90,22.89,0.1579,6.33,1048.0,85.0
46940,142.9,7.00,22.89,0.1602,6.24,1048.0,85.0
46947,147.1,6.80,22.89,0.1557,6.43,1048.0,85.0
46954,142.9,7.00,22.89,0.1602,6.24,1048.0,85.0
46961,144.9,6.90,22.89,0.1580,6.33,1048.0,85.0
46968,142.9,7.00,22.89,0.1603,6.24,1048.0,85.0
46975,142.9,7.00,22.90,0.1603,6.24,1048.0,85.0
46982,142.9,7.00,22.90,0.1603,6.24,1048.0,85.0
46988,144.9,6.90,22.90,0.1580,6.33,1048.0,85.0
46995,144.9,6.90,22.90,0.1580,6.33,1048.0,85.0
47002,144.9,6.90,22.90,0.1580,6.33,1048.0,85.0
47009,142.9,7.00,22.90,0.1603,6.24,1048.0,85.0
47016,144.9,6.90,22.90,0.1580,6.33,1048.0,85.0
47023,142.9,7.00,22.91,0.1603,6.24,1048.0,85.0
47030,144.9,6.90,22.91,0.1581,6.33,1048.0,85.0
47037,142.9,7.00,22.91,0.1604,6.24,1048.0,85.0
47044,142.9,7.00,22.91,0.1604,6.24,1048.0,85.0
47051,147.1,6.80,22.91,0.1558,6.42,1048.0,85.0
47058,142.9,7.00,22.91,0.1604,6.24,1048.0,85.0
47065,147.1,6.80,22.92,0.1558,6.42,1048.0,85.0
47072,140.8,7.10,22.92,0.1627,6.14,1048.0,85.0
47079,144.9,6.90,22.92,0.1581,6.32,1048.0,85.0
47085,147.1,6.80,22.92,0.1559,6.42,1048.0,85.0
47093,140.8,7.10,22.92,0.1627,6.14,1048.0,85.0
47100,142.9,7.00,22.92,0.1605,6.23,1048.0,85.0
47106,144.9,6.90,22.92,0.1582,6.32,1048.0,85.0
47113,142.9,7.00,22.93,0.1605,6.23,1048.0,85.0
47120,144.9,6.90,22.93,0.1582,6.32,1048.0,85.0
47127,144.9,6.90,22.93,0.1582,6.32,1048.0,85.0
47134,142.9,7.00,22.93,0.1605,6.23,1048.0,85.0
47141,144.9,6.90,22.93,0.1582,6.32,1048.0,85.0
47148,142.9,7.00,22.93,0.1605,6.23,1048.0,85.0
47155,144.9,6.90,22.93,0.1582,6.32,1048.0,85.0
47162,144.9,6.90,22.94,0.1583,6.32,1048.0,85.0
47169,142.9,7.00,22.94,0.1606,6.23,1048.0,85.0
47176,144.9,6.90,22.94,0.1583,6.32,1048.0,85.0
47183,142.9,7.00,22.94,0.1606,6.23,1048.0,85.0
47190,144.9,6.90,22.94,0.1583,6.32,1048.0,85.0
47197,142.9,7.00,22.94,0.1606,6.23,1048.0,85.0
47204,144.9,6.90,22.94,0.1583,6.32,1048.0,85.0
47211,142.9,7.00,22.94,0.1606,6.23,1048.0,85.0
47218,142.9,7.00,22.94,0.1606,6.23,1048.0,85.0
47225,142.9,7.00,22.94,0.1606,6.23,1048.0,85.0
47232,144.9,6.90,22.95,0.1583,6.31,1048.0,85.0
47239,142.9,7.00,22.95,0.1606,6.23,1048.0,85.0
47245,144.9,6.90,22.95,0.1583,6.31,1048.0,85.0
47252,142.9,7.00,22.95,0.1606,6.23,1048.0,85.0
47259,144.9,6.90,22.95,0.1583,6.31,1048.0,85.0
47266,144.9,6.90,22.95,0.1584,6.31,1048.0,85.0
47273,144.9,6.90,22.95,0.1584,6.31,1048.0,85.0
47280,142.9,7.00,22.95,0.1607,6.23,1048.0,85.0
47287,142.9,7.00,22.95,0.1607,6.23,1048.0,85.0
47294,142.9,7.00,22.95,0.1607,6.23,1048.0,85.0
47301,147.1,6.80,22.95,0.1561,6.41,1048.0,85.0
47308,147.1,6.80,22.95,0.1561,6.41,1048.0,85.0
47315,142.9,7.00,22.96,0.1607,6.23,1048.0,85.0
47322,137.0,7.30,22.96,0.1676,5.97,1048.0,85.0
47329,153.8,6.50,22.96,0.1492,6.70,1048.0,85.0
47336,140.8,7.10,22.96,0.1630,6.13,1048.0,85.0
47343,142.9,7.00,22.96,0.1607,6.22,1048.0,85.0
47350,144.9,6.90,22.96,0.1584,6.31,1048.0,85.0
47356,144.9,6.90,22.96,0.1584,6.31,1048.0,85.0
47363,144.9,6.90,22.96,0.1584,6.31,1048.0,85.0
47370,144.9,6.90,22.96,0.1584,6.31,1048.0,85.0
47377,142.9,7.00,22.96,0.1607,6.22,1048.0,85.0
47384,142.9,7.00,22.96,0.1607,6.22,1048.0,85.0
47391,147.1,6.80,22.96,0.1562,6.41,1048.0,85.0
47398,142.9,7.00,22.97,0.1608,6.22,1048.0,85.0
47405,142.9,7.00,22.97,0.1608,6.22,1048.0,85.0
47412,144.9,6.90,22.97,0.1585,6.31,1048.0,85.0
47419,142.9,7.00,22.97,0.1608,6.22,1048.0,85.0
47426,144.9,6.90,22.97,0.1585,6.31,1048.0,85.0
47433,144.9,6.90,22.97,0.1585,6.31,1048.0,85.0
47440,142.9,7.00,22.97,0.1608,6.22,1048.0,85.0
47447,144.9,6.90,22.97,0.1585,6.31,1048.0,85.0
47454,142.9,7.00,22.97,0.1608,6.22,1048.0,85.0
47461,144.9,6.90,22.97,0.1585,6.31,1048.0,85.0
47468,142.9,7.00,22.97,0.1608,6.22,1048.0,85.0
47474,144.9,6.90,22.97,0.1585,6.31,1048.0,85.0
47481,142.9,7.00,22.98,0.1608,6.22,1048.0,85.0
47488,144.9,6.90,22.98,0.1585,6.31,1048.0,85.0
47495,142.9,7.00,22.98,0.1608,6.22,1048.0,85.0
47502,144.9,6.90,22.98,0.1585,6.31,1048.0,85.0
47509,144.9,6.90,22.98,0.1586,6.31,1048.0,85.0
47516,142.9,7.00,22.98,0.1609,6.22,1048.0,85.0
47523,144.9,6.90,22.98,0.1586,6.31,1048.0,85.0
47530,142.9,7.00,22.98,0.1609,6.22,1048.0,85.0
47537,144.9,6.90,22.98,0.1586,6.30,1048.0,85.0
47544,142.9,7.00,22.98,0.1609,6.22,1048.0,85.0
47551,144.9,6.90,22.98,0.1586,6.30,1048.0,85.0
47558,142.9,7.00,22.98,0.1609,6.22,1048.0,85.0
47565,144.9,6.90,22.99,0.1586,6.30,1048.0,85.0
47572,144.9,6.90,22.99,0.1586,6.30,1048.0,85.0
47579,142.9,7.00,22.99,0.1609,6.22,1048.0,85.0
47585,147.1,6.80,22.99,0.1563,6.40,1048.0,85.0
47592,142.9,7.00,22.99,0.1609,6.22,1048.0,85.0
47599,142.9,7.00,22.99,0.1609,6.22,1048.0,85.0
47606,142.9,7.00,22.99,0.1609,6.22,1048.0,85.0
47613,144.9,6.90,22.99,0.1586,6.30,1048.0,85.0
47620,142.9,7.00,22.99,0.1609,6.22,1048.0,85.0
47627,144.9,6.90,22.99,0.1587,6.30,1048.0,85.0
47634,142.9,7.00,22.99,0.1610,6.21,1048.0,85.0
47641,144.9,6.90,22.99,0.1587,6.30,1048.0,85.0
47648,144.9,6.90,23.00,0.1587,6.30,1048.0,85.0
47655,142.9,7.00,23.00,0.1610,6.21,1048.0,85.0
47662,142.9,7.00,23.00,0.1610,6.21,1048.0,85.0
47669,144.9,6.90,23.00,0.1587,6.30,1048.0,85.0
47676,144.9,6.90,23.00,0.1587,6.30,1048.0,85.0
47683,142.9,7.00,23.00,0.1610,6.21,1048.0,85.0
47690,142.9,7.00,23.00,0.1610,6.21,1048.0,85.0
47697,147.1,6.80,23.00,0.1564,6.40,1048.0,85.0
47704,142.9,7.00,23.00,0.1610,6.21,1048.0,85.0
47711,142.9,7.00,23.00,0.1610,6.21,1048.0,85.0
47718,144.9,6.90,23.00,0.1587,6.30,1048.0,85.0
47725,140.8,7.10,23.00,0.1633,6.12,1048.0,85.0
47731,147.1,6.80,23.01,0.1564,6.39,1048.0,85.0
47738,142.9,7.00,23.01,0.1610,6.21,1048.0,85.0
47745,147.1,6.80,23.01,0.1564,6.39,1048.0,85.0
47752,142.9,7.00,23.01,0.1611,6.21,1048.0,85.0
47759,142.9,7.00,23.01,0.1611,6.21,1048.0,85.0
47766,144.9,6.90,23.01,0.1588,6.30,1048.0,85.0
47773,144.9,6.90,23.01,0.1588,6.30,1048.0,85.0
47780,142.9,7.00,23.01,0.1611,6.21,1048.0,85.0
47787,144.9,6.90,23.01,0.1588,6.30,1048.0,85.0
47794,144.9,6.90,23.01,0.1588,6.30,1048.0,85.0
47801,140.8,7.10,23.01,0.1634,6.12,1048.0,85.0
47808,144.9,6.90,23.01,0.1588,6.30,1048.0,85.0
47815,144.9,6.90,23.02,0.1588,6.30,1048.0,85.0
47822,142.9,7.00,23.02,0.1611,6.21,1048.0,85.0
47829,142.9,7.00,23.02,0.1611,6.21,1048.0,85.0
47836,144.9,6.90,23.02,0.1588,6.30,1048.0,85.0
47842,147.1,6.80,23.02,0.1565,6.39,1048.0,85.0
47849,142.9,7.00,23.02,0.1611,6.21,1048.0,85.0
47856,142.9,7.00,23.02,0.1611,6.21,1048.0,85.0
47863,144.9,6.90,23.02,0.1588,6.29,1048.0,85.0
47870,142.9,7.00,23.02,0.1612,6.21,1048.0,85.0
47877,144.9,6.90,23.02,0.1589,6.29,1048.0,85.0
47884,142.9,7.00,23.02,0.1612,6.21,1048.0,85.0
47891,144.9,6.90,23.02,0.1589,6.29,1048.0,85.0
47898,142.9,7.00,23.03,0.1612,6.21,1048.0,85.0
47905,144.9,6.90,23.03,0.1589,6.29,1048.0,85.0
47912,144.9,6.90,23.03,0.1589,6.29,1048.0,85.0
47919,140.8,7.10,23.03,0.1635,6.11,1048.0,85.0
47926,147.1,6.80,23.03,0.1566,6.39,1048.0,85.0
47933,142.9,7.00,23.03,0.1612,6.20,1048.0,85.0
47940,142.9,7.00,23.03,0.1612,6.20,1048.0,85.0
47947,144.9,6.90,23.03,0.1589,6.29,1048.0,85.0
47954,147.1,6.80,23.03,0.1566,6.39,1048.0,85.0
47961,140.8,7.10,23.03,0.1635,6.11,1048.0,85.0
47967,147.1,6.80,23.03,0.1566,6.39,1048.0,85.0
47974,142.9,7.00,23.03,0.1612,6.20,1048.0,85.0
47981,142.9,7.00,23.04,0.1612,6.20,1048.0,85.0
47988,144.9,6.90,23.04,0.1590,6.29,1048.0,85.0
47995,142.9,7.00,23.04,0.1613,6.20,1048.0,85.0
48002,142.9,7.00,23.04,0.1613,6.20,1048.0,85.0
48009,144.9,6.90,23.04,0.1590,6.29,1048.0,85.0
48016,144.9,6.90,23.04,0.1590,6.29,1048.0,85.0
48023,144.9,6.90,23.04,0.1590,6.29,1048.0,85.0
48030,144.9,6.90,23.04,0.1590,6.29,1048.0,85.0
48037,142.9,7.00,23.04,0.1613,6.20,1048.0,85.0
48044,142.9,7.00,23.04,0.1613,6.20,1048.0,85.0
48051,142.9,7.00,23.04,0.1613,6.20,1048.0,85.0
48058,144.9,6.90,23.04,0.1590,6.29,1048.0,85.0
48065,142.9,7.00,23.05,0.1613,6.20,1048.0,85.0
48072,144.9,6.90,23.05,0.1590,6.29,1048.0,85.0
48079,144.9,6.90,23.05,0.1590,6.29,1048.0,85.0
48086,144.9,6.90,23.05,0.1590,6.29,1048.0,85.0
48093,142.9,7.00,23.05,0.1613,6.20,1048.0,85.0
48099,144.9,6.90,23.05,0.1590,6.29,1048.0,85.0
48106,142.9,7.00,23.05,0.1614,6.20,1048.0,85.0
48113,144.9,6.90,23.05,0.1591,6.29,1048.0,85.0
48120,142.9,7.00,23.05,0.1614,6.20,1048.0,85.0
48127,144.9,6.90,23.05,0.1591,6.29,1048.0,85.0
48134,142.9,7.00,23.05,0.1614,6.20,1048.0,85.0
48141,144.9,6.90,23.05,0.1591,6.29,1048.0,85.0
48148,144.9,6.90,23.06,0.1591,6.28,1048.0,85.0
48155,140.8,7.10,23.06,0.1637,6.11,1048.0,85.0
48162,147.1,6.80,23.06,0.1568,6.38,1048.0,85.0
48169,142.9,7.00,23.06,0.1614,6.20,1048.0,85.0
48176,144.9,6.90,23.06,0.1591,6.28,1048.0,85.0
48183,142.9,7.00,23.06,0.1614,6.20,1048.0,85.0
48190,147.1,6.80,23.06,0.1568,6.38,1048.0,85.0
48197,142.9,7.00,23.06,0.1614,6.20,1048.0,85.0
48204,144.9,6.90,23.06,0.1591,6.28,1048.0,85.0
48211,142.9,7.00,23.06,0.1614,6.20,1048.0,85.0
48217,144.9,6.90,23.06,0.1591,6.28,1048.0,85.0
48224,142.9,7.00,23.06,0.1615,6.20,1048.0,85.0
48231,144.9,6.90,23.07,0.1591,6.28,1048.0,85.0
48238,142.9,7.00,23.07,0.1615,6.20,1048.0,85.0
48245,140.8,7.10,23.07,0.1638,6.10,1048.0,85.0
48252,144.9,6.90,23.07,0.1592,6.28,1048.0,85.0
48259,144.9,6.90,23.07,0.1592,6.28,1048.0,85.0
48266,144.9,6.90,23.07,0.1592,6.28,1048.0,85.0
48273,144.9,6.90,23.07,0.1592,6.28,1048.0,85.0
48280,142.9,7.00,23.07,0.1615,6.19,1048.0,85.0
48287,142.9,7.00,23.07,0.1615,6.19,1048.0,85.0
48294,144.9,6.90,23.07,0.1592,6.28,1048.0,85.0
48301,144.9,6.90,23.07,0.1592,6.28,1048.0,85.0
48308,142.9,7.00,23.07,0.1615,6.19,1048.0,85.0
48315,144.9,6.90,23.07,0.1592,6.28,1048.0,85.0
48322,142.9,7.00,23.08,0.1615,6.19,1048.0,85.0
48329,142.9,7.00,23.08,0.1615,6.19,1048.0,85.0
48336,144.9,6.90,23.08,0.1592,6.28,1048.0,85.0
48343,144.9,6.90,23.08,0.1592,6.28,1048.0,85.0
48350,142.9,7.00,23.08,0.1615,6.19,1048.0,85.0
48356,147.1,6.80,23.08,0.1569,6.37,1048.0,85.0
48363,142.9,7.00,23.08,0.1616,6.19,1048.0,85.0
48370,142.9,7.00,23.08,0.1616,6.19,1048.0,85.0
48377,144.9,6.90,23.08,0.1593,6.28,1048.0,85.0
48384,142.9,7.00,23.08,0.1616,6.19,1048.0,85.0
48391,144.9,6.90,23.08,0.1593,6.28,1048.0,85.0
48398,147.1,6.80,23.08,0.1570,6.37,1048.0,85.0
48405,140.8,7.10,23.08,0.1639,6.10,1048.0,85.0
48412,142.9,7.00,23.09,0.1616,6.19,1048.0,85.0
48419,144.9,6.90,23.09,0.1593,6.28,1048.0,85.0
48426,142.9,7.00,23.09,0.1616,6.19,1048.0,85.0
48433,147.1,6.80,23.09,0.1570,6.37,1048.0,85.0
48440,142.9,7.00,23.09,0.1616,6.19,1048.0,85.0
48447,142.9,7.00,23.09,0.1616,6.19,1048.0,85.0
48454,144.9,6.90,23.09,0.1593,6.28,1048.0,85.0
48461,142.9,7.00,23.09,0.1616,6.19,1048.0,85.0
48468,144.9,6.90,23.09,0.1593,6.28,1048.0,85.0
48475,142.9,7.00,23.09,0.1616,6.19,1048.0,85.0
48481,144.9,6.90,23.09,0.1593,6.27,1048.0,85.0
48488,142.9,7.00,23.09,0.1617,6.19,1048.0,85.0
48495,144.9,6.90,23.09,0.1594,6.27,1048.0,85.0
48502,144.9,6.90,23.09,0.1594,6.27,1048.0,85.0
48509,142.9,7.00,23.10,0.1617,6.19,1048.0,85.0
48516,147.1,6.80,23.10,0.1571,6.37,1048.0,85.0
48523,142.9,7.00,23.10,0.1617,6.19,1048.0,85.0
48530,144.9,6.90,23.10,0.1594,6.27,1048.0,85.0
48537,142.9,7.00,23.10,0.1617,6.19,1048.0,85.0
48544,144.9,6.90,23.10,0.1594,6.27,1048.0,85.0
48551,140.8,7.10,23.10,0.1640,6.10,1048.0,85.0
48558,147.1,6.80,23.10,0.1571,6.37,1048.0,85.0
48565,142.9,7.00,23.10,0.1617,6.19,1048.0,85.0
48572,142.9,7.00,23.10,0.1617,6.19,1048.0,85.0
48579,144.9,6.90,23.10,0.1594,6.27,1048.0,85.0
48586,144.9,6.90,23.10,0.1594,6.27,1048.0,85.0
48593,142.9,7.00,23.10,0.1617,6.18,1048.0,85.0
48599,144.9,6.90,23.11,0.1594,6.27,1048.0,85.0
48607,140.8,7.10,23.11,0.1641,6.09,1048.0,85.0
48613,144.9,6.90,23.11,0.1594,6.27,1048.0,85.0
48620,144.9,6.90,23.11,0.1594,6.27,1048.0,85.0
48627,144.9,6.90,23.11,0.1595,6.27,1048.0,85.0
48634,140.8,7.10,23.11,0.1641,6.09,1048.0,85.0
48641,147.1,6.80,23.11,0.1571,6.37,1048.0,85.0
48648,142.9,7.00,23.11,0.1618,6.18,1048.0,85.0
48655,144.9,6.90,23.11,0.1595,6.27,1048.0,85.0
48662,144.9,6.90,23.11,0.1595,6.27,1048.0,85.0
48669,144.9,6.90,23.11,0.1595,6.27,1048.0,85.0
48676,142.9,7.00,23.11,0.1618,6.18,1048.0,85.0
48683,144.9,6.90,23.11,0.1595,6.27,1048.0,85.0
48690,142.9,7.00,23.12,0.1618,6.18,1048.0,85.0
48697,142.9,7.00,23.12,0.1618,6.18,1048.0,85.0
48704,144.9,6.90,23.12,0.1595,6.27,1048.0,85.0
48710,147.1,6.80,23.12,0.1572,6.36,1048.0,85.0
48717,142.9,7.00,23.12,0.1618,6.18,1048.0,85.0
48724,142.9,7.00,23.12,0.1618,6.18,1048.0,85.0
48731,142.9,7.00,23.12,0.1618,6.18,1048.0,85.0
48738,144.9,6.90,23.12,0.1595,6.27,1048.0,85.0
48745,142.9,7.00,23.12,0.1619,6.18,1048.0,85.0
48752,144.9,6.90,23.12,0.1595,6.27,1048.0,85.0
48759,142.9,7.00,23.12,0.1619,6.18,1048.0,85.0
48766,142.9,7.00,23.12,0.1619,6.18,1048.0,85.0
48773,144.9,6.90,23.12,0.1596,6.27,1048.0,85.0
48780,147.1,6.80,23.13,0.1573,6.36,1048.0,85.0
48787,140.8,7.10,23.13,0.1642,6.09,1048.0,85.0
48794,147.1,6.80,23.13,0.1573,6.36,1048.0,85.0
48801,142.9,7.00,23.13,0.1619,6.18,1048.0,85.0
48808,144.9,6.90,23.13,0.1596,6.26,1048.0,85.0
48815,142.9,7.00,23.13,0.1619,6.18,1048.0,85.0
48822,135.1,7.40,23.13,0.1712,5.84,1048.0,85.0
48829,153.8,6.50,23.13,0.1504,6.65,1048.0,85.0
48836,142.9,7.00,23.13,0.1619,6.18,1048.0,85.0
48843,144.9,6.90,23.13,0.1596,6.26,1048.0,85.0
48850,142.9,7.00,23.13,0.1619,6.18,1048.0,85.0
48856,144.9,6.90,23.13,0.1596,6.26,1048.0,85.0
48863,142.9,7.00,23.13,0.1619,6.18,1048.0,85.0
48870,147.1,6.80,23.14,0.1573,6.36,1048.0,85.0
48877,140.8,7.10,23.14,0.1643,6.09,1048.0,85.0
48884,144.9,6.90,23.14,0.1596,6.26,1048.0,85.0
48891,144.9,6.90,23.14,0.1597,6.26,1048.0,85.0
48898,144.9,6.90,23.14,0.1597,6.26,1048.0,85.0
48905,142.9,7.00,23.14,0.1620,6.18,1048.0,85.0
48912,144.9,6.90,23.14,0.1597,6.26,1048.0,85.0
48919,142.9,7.00,23.14,0.1620,6.18,1048.0,85.0
48926,144.9,6.90,23.14,0.1597,6.26,1048.0,85.0
48933,144.9,6.90,23.14,0.1597,6.26,1048.0,85.0
48940,140.8,7.10,23.14,0.1643,6.08,1048.0,85.0
48947,147.1,6.80,23.14,0.1574,6.36,1048.0,85.0
48954,142.9,7.00,23.14,0.1620,6.17,1048.0,85.0
48961,144.9,6.90,23.15,0.1597,6.26,1048.0,85.0
48967,144.9,6.90,23.15,0.1597,6.26,1048.0,85.0
48974,142.9,7.00,23.15,0.1620,6.17,1048.0,85.0
48981,144.9,6.90,23.15,0.1597,6.26,1048.0,85.0
48988,142.9,7.00,23.15,0.1620,6.17,1048.0,85.0
48995,142.9,7.00,23.15,0.1620,6.17,1048.0,85.0
49002,144.9,6.90,23.15,0.1597,6.26,1048.0,85.0
49009,144.9,6.90,23.15,0.1597,6.26,1048.0,85.0
49016,142.9,7.00,23.15,0.1621,6.17,1048.0,85.0
49023,144.9,6.90,23.15,0.1598,6.26,1048.0,85.0
49030,144.9,6.90,23.15,0.1598,6.26,1048.0,85.0
49037,142.9,7.00,23.15,0.1621,6.17,1048.0,85.0
49044,144.9,6.90,23.15,0.1598,6.26,1048.0,85.0
49051,142.9,7.00,23.16,0.1621,6.17,1048.0,85.0
49058,142.9,7.00,23.16,0.1621,6.17,1048.0,85.0
49065,147.1,6.80,23.16,0.1575,6.35,1048.0,85.0
49072,140.8,7.10,23.16,0.1644,6.08,1048.0,85.0
49079,144.9,6.90,23.16,0.1598,6.26,1048.0,85.0
49086,144.9,6.90,23.16,0.1598,6.26,1048.0,85.0
49093,142.9,7.00,23.16,0.1621,6.17,1048.0,85.0
49099,144.9,6.90,23.16,0.1598,6.26,1048.0,85.0
49106,142.9,7.00,23.16,0.1621,6.17,1048.0,85.0
49113,144.9,6.90,23.16,0.1598,6.26,1048.0,85.0
49120,142.9,7.00,23.16,0.1621,6.17,1048.0,85.0
49127,144.9,6.90,23.16,0.1598,6.26,1048.0,85.0
49134,144.9,6.90,23.16,0.1598,6.26,1048.0,85.0
49141,142.9,7.00,23.17,0.1622,6.17,1048.0,85.0
49148,144.9,6.90,23.17,0.1598,6.25,1048.0,85.0
49155,142.9,7.00,23.17,0.1622,6.17,1048.0,85.0
49162,144.9,6.90,23.17,0.1599,6.25,1048.0,85.0
49169,142.9,7.00,23.17,0.1622,6.17,1048.0,85.0
49176,144.9,6.90,23.17,0.1599,6.25,1048.0,85.0
49183,142.9,7.00,23.17,0.1622,6.17,1048.0,85.0
49190,144.9,6.90,23.17,0.1599,6.25,1048.0,85.0
49197,144.9,6.90,23.17,0.1599,6.25,1048.0,85.0
49204,142.9,7.00,23.17,0.1622,6.17,1048.0,85.0
49211,142.9,7.00,23.17,0.1622,6.17,1048.0,85.0
49218,144.9,6.90,23.17,0.1598,6.26,1048.0,85.0
49225,142.9,7.00,23.16,0.1621,6.17,1048.0,85.0
49231,147.1,6.80,23.16,0.1575,6.35,1048.0,85.0
49238,142.9,7.00,23.16,0.1621,6.17,1048.0,85.0
49245,144.9,6.90,23.16,0.1598,6.26,1048.0,85.0
49252,144.9,6.90,23.16,0.1598,6.26,1048.0,85.0
49259,142.9,7.00,23.16,0.1621,6.17,1048.0,85.0
49266,142.9,7.00,23.16,0.1621,6.17,1048.0,85.0
49273,144.9,6.90,23.16,0.1598,6.26,1048.0,85.0
49280,142.9,7.00,23.16,0.1621,6.17,1048.0,85.0
49287,142.9,7.00,23.16,0.1621,6.17,1048.0,85.0
49294,144.9,6.90,23.15,0.1598,6.26,1048.0,85.0
49301,140.8,7.10,23.15,0.1644,6.08,1048.0,85.0
49308,147.1,6.80,23.15,0.1574,6.35,1048.0,85.0
49315,142.9,7.00,23.15,0.1621,6.17,1048.0,85.0
49322,144.9,6.90,23.15,0.1597,6.26,1048.0,85.0
49329,144.9,6.90,23.15,0.1597,6.26,1048.0,85.0
49336,144.9,6.90,23.15,0.1597,6.26,1048.0,85.0
49343,142.9,7.00,23.15,0.1620,6.17,1048.0,85.0
49350,142.9,7.00,23.15,0.1620,6.17,1048.0,85.0
49356,147.1,6.80,23.15,0.1574,6.36,1048.0,85.0
49363,142.9,7.00,23.14,0.1620,6.17,1048.0,85.0
49370,144.9,6.90,23.14,0.1597,6.26,1048.0,85.0
49377,144.9,6.90,23.14,0.1597,6.26,1048.0,85.0
49384,142.9,7.00,23.14,0.1620,6.17,1048.0,85.0
49391,142.9,7.00,23.14,0.1620,6.18,1048.0,85.0
49398,144.9,6.90,23.14,0.1597,6.26,1048.0,85.0
49405,144.9,6.90,23.14,0.1597,6.26,1048.0,85.0
49412,142.9,7.00,23.14,0.1620,6.18,1048.0,85.0
49419,144.9,6.90,23.14,0.1596,6.26,1048.0,85.0
49426,142.9,7.00,23.14,0.1620,6.18,1048.0,85.0
49433,144.9,6.90,23.14,0.1596,6.26,1048.0,85.0
49440,142.9,7.00,23.13,0.1619,6.18,1048.0,85.0
49447,144.9,6.90,23.13,0.1596,6.26,1048.0,85.0
49454,142.9,7.00,23.13,0.1619,6.18,1048.0,85.0
49461,144.9,6.90,23.13,0.1596,6.26,1048.0,85.0
49467,144.9,6.90,23.13,0.1596,6.26,1048.0,85.0
49475,140.8,7.10,23.13,0.1642,6.09,1048.0,85.0
49481,144.9,6.90,23.13,0.1596,6.27,1048.0,85.0
49488,142.9,7.00,23.13,0.1619,6.18,1048.0,85.0
49495,144.9,6.90,23.13,0.1596,6.27,1048.0,85.0
49502,144.9,6.90,23.13,0.1596,6.27,1048.0,85.0
49509,142.9,7.00,23.12,0.1619,6.18,1048.0,85.0
49516,142.9,7.00,23.12,0.1619,6.18,1048.0,85.0
49523,147.1,6.80,23.12,0.1572,6.36,1048.0,85.0
49530,144.9,6.90,23.12,0.1595,6.27,1048.0,85.0
49537,144.9,6.90,23.12,0.1595,6.27,1048.0,85.0
49544,142.9,7.00,23.12,0.1618,6.18,1048.0,85.0
49551,142.9,7.00,23.12,0.1618,6.18,1048.0,85.0
49558,144.9,6.90,23.12,0.1595,6.27,1048.0,85.0
49565,144.9,6.90,23.12,0.1595,6.27,1048.0,85.0
49572,142.9,7.00,23.12,0.1618,6.18,1048.0,85.0
49579,142.9,7.00,23.11,0.1618,6.18,1048.0,85.0
49586,144.9,6.90,23.11,0.1595,6.27,1048.0,85.0
49593,142.9,7.00,23.11,0.1618,6.18,1048.0,85.0
49599,144.9,6.90,23.11,0.1595,6.27,1048.0,85.0
49606,142.9,7.00,23.11,0.1618,6.18,1048.0,85.0
49613,144.9,6.90,23.11,0.1595,6.27,1048.0,85.0
49620,142.9,7.00,23.11,0.1618,6.18,1048.0,85.0
49627,144.9,6.90,23.11,0.1594,6.27,1048.0,85.0
49634,142.9,7.00,23.11,0.1617,6.18,1048.0,85.0
49641,142.9,7.00,23.11,0.1617,6.18,1048.0,85.0
49648,144.9,6.90,23.11,0.1594,6.27,1048.0,85.0
49655,144.9,6.90,23.10,0.1594,6.27,1048.0,85.0
49662,144.9,6.90,23.10,0.1594,6.27,1048.0,85.0
49669,142.9,7.00,23.10,0.1617,6.19,1048.0,85.0
49676,144.9,6.90,23.10,0.1594,6.27,1048.0,85.0
49683,144.9,6.90,23.10,0.1594,6.27,1048.0,85.0
49690,142.9,7.00,23.10,0.1617,6.19,1048.0,85.0
49697,144.9,6.90,23.10,0.1594,6.27,1048.0,85.0
49704,142.9,7.00,23.10,0.1617,6.19,1048.0,85.0
49711,144.9,6.90,23.10,0.1594,6.27,1048.0,85.0
49717,144.9,6.90,23.10,0.1594,6.27,1048.0,85.0
49724,142.9,7.00,23.09,0.1617,6.19,1048.0,85.0
49731,142.9,7.00,23.09,0.1617,6.19,1048.0,85.0
49738,147.1,6.80,23.09,0.1570,6.37,1048.0,85.0
49745,142.9,7.00,23.09,0.1616,6.19,1048.0,85.0
49752,144.9,6.90,23.09,0.1593,6.28,1048.0,85.0
49759,142.9,7.00,23.09,0.1616,6.19,1048.0,85.0
49766,144.9,6.90,23.09,0.1593,6.28,1048.0,85.0
49773,144.9,6.90,23.09,0.1593,6.28,1048.0,85.0
49780,142.9,7.00,23.09,0.1616,6.19,1048.0,85.0
49787,142.9,7.00,23.09,0.1616,6.19,1048.0,85.0
49794,142.9,7.00,23.08,0.1616,6.19,1048.0,85.0
49801,144.9,6.90,23.08,0.1593,6.28,1048.0,85.0
49808,144.9,6.90,23.08,0.1593,6.28,1048.0,85.0
49815,142.9,7.00,23.08,0.1616,6.19,1048.0,85.0
49822,144.9,6.90,23.08,0.1593,6.28,1048.0,85.0
49829,142.9,7.00,23.08,0.1616,6.19,1048.0,85.0
49836,144.9,6.90,23.08,0.1592,6.28,1048.0,85.0
49843,142.9,7.00,23.08,0.1615,6.19,1048.0,85.0
49849,144.9,6.90,23.08,0.1592,6.28,1048.0,85.0
49856,142.9,7.00,23.08,0.1615,6.19,1048.0,85.0
49863,144.9,6.90,23.07,0.1592,6.28,1048.0,85.0
49870,142.9,7.00,23.07,0.1615,6.19,1048.0,85.0
49877,144.9,6.90,23.07,0.1592,6.28,1048.0,85.0
49884,147.1,6.80,23.07,0.1569,6.38,1048.0,85.0
49891,140.8,7.10,23.07,0.1638,6.10,1048.0,85.0
49898,142.9,7.00,23.07,0.1615,6.19,1048.0,85.0
49905,144.9,6.90,23.07,0.1592,6.28,1048.0,85.0
49912,147.1,6.80,23.07,0.1569,6.38,1048.0,85.0
49919,142.9,7.00,23.07,0.1615,6.19,1048.0,85.0
49926,142.9,7.00,23.07,0.1615,6.20,1048.0,85.0
49933,144.9,6.90,23.07,0.1591,6.28,1048.0,85.0
49940,142.9,7.00,23.06,0.1614,6.20,1048.0,85.0
49947,144.9,6.90,23.06,0.1591,6.28,1048.0,85.0
49954,142.9,7.00,23.06,0.1614,6.20,1048.0,85.0
49961,144.9,6.90,23.06,0.1591,6.28,1048.0,85.0
49967,144.9,6.90,23.06,0.1591,6.28,1048.0,85.0
49974,142.9,7.00,23.06,0.1614,6.20,1048.0,85.0
49981,144.9,6.90,23.06,0.1591,6.28,1048.0,85.0
49988,144.9,6.90,23.06,0.1591,6.28,1048.0,85.0
49995,140.8,7.10,23.06,0.1637,6.11,1048.0,85.0
50002,147.1,6.80,23.06,0.1568,6.38,1048.0,85.0
50009,142.9,7.00,23.05,0.1614,6.20,1048.0,85.0
50016,142.9,7.00,23.05,0.1614,6.20,1048.0,85.0
50023,142.9,7.00,23.05,0.1614,6.20,1048.0,85.0
50030,144.9,6.90,23.05,0.1591,6.29,1048.0,85.0
50037,144.9,6.90,23.05,0.1590,6.29,1048.0,85.0
50044,144.9,6.90,23.05,0.1590,6.29,1048.0,85.0
50051,142.9,7.00,23.05,0.1613,6.20,1048.0,85.0
50058,144.9,6.90,23.05,0.1590,6.29,1048.0,85.0
50065,142.9,7.00,23.05,0.1613,6.20,1048.0,85.0
50072,144.9,6.90,23.05,0.1590,6.29,1048.0,85.0
50079,142.9,7.00,23.04,0.1613,6.20,1048.0,85.0
50086,144.9,6.90,23.04,0.1590,6.29,1048.0,85.0
50092,144.9,6.90,23.04,0.1590,6.29,1048.0,85.0
50099,142.9,7.00,23.04,0.1613,6.20,1048.0,85.0
50106,142.9,7.00,23.04,0.1613,6.20,1048.0,85.0
50113,147.1,6.80,23.04,0.1567,6.38,1048.0,85.0
50120,140.8,7.10,23.04,0.1636,6.11,1048.0,85.0
50127,147.1,6.80,23.04,0.1567,6.39,1048.0,85.0
50134,142.9,7.00,23.04,0.1613,6.20,1048.0,85.0
50141,147.1,6.80,23.04,0.1566,6.39,1048.0,85.0
50148,140.8,7.10,23.04,0.1635,6.11,1048.0,85.0
50155,147.1,6.80,23.03,0.1566,6.39,1048.0,85.0
50162,140.8,7.10,23.03,0.1635,6.11,1048.0,85.0
50169,142.9,7.00,23.03,0.1612,6.20,1048.0,85.0
50176,147.1,6.80,23.03,0.1566,6.39,1048.0,85.0
50183,142.9,7.00,23.03,0.1612,6.20,1048.0,85.0
50190,142.9,7.00,23.03,0.1612,6.21,1048.0,85.0
50197,147.1,6.80,23.03,0.1566,6.39,1048.0,85.0
50203,144.9,6.90,23.03,0.1589,6.29,1048.0,85.0
50211,138.9,7.20,23.02,0.1658,6.03,1048.0,85.0
50218,144.9,6.90,23.02,0.1589,6.29,1048.0,85.0
50224,144.9,6.90,23.02,0.1588,6.29,1048.0,85.0
50231,147.1,6.80,23.02,0.1565,6.39,1048.0,85.0
50238,140.8,7.10,23.02,0.1634,6.12,1048.0,85.0
50245,144.9,6.90,23.02,0.1588,6.30,1048.0,85.0
50252,142.9,7.00,23.01,0.1611,6.21,1048.0,85.0
50259,144.9,6.90,23.01,0.1588,6.30,1048.0,85.0
50266,142.9,7.00,23.01,0.1611,6.21,1048.0,85.0
50273,144.9,6.90,23.01,0.1588,6.30,1048.0,85.0
50280,144.9,6.90,23.01,0.1588,6.30,1048.0,85.0
50287,142.9,7.00,23.01,0.1610,6.21,1048.0,85.0
50294,142.9,7.00,23.00,0.1610,6.21,1048.0,85.0
50301,144.9,6.90,23.00,0.1587,6.30,1048.0,85.0
50308,142.9,7.00,23.00,0.1610,6.21,1048.0,85.0
50315,147.1,6.80,23.00,0.1564,6.40,1048.0,85.0
50322,142.9,7.00,23.00,0.1610,6.21,1048.0,85.0
50329,144.9,6.90,23.00,0.1587,6.30,1048.0,85.0
50335,144.9,6.90,23.00,0.1587,6.30,1048.0,85.0
50343,140.8,7.10,22.99,0.1633,6.12,1048.0,85.0
50349,144.9,6.90,22.99,0.1586,6.30,1048.0,85.0
50356,144.9,6.90,22.99,0.1586,6.30,1048.0,85.0
50363,142.9,7.00,22.99,0.1609,6.22,1048.0,85.0
50370,144.9,6.90,22.99,0.1586,6.30,1048.0,85.0
50377,142.9,7.00,22.99,0.1609,6.22,1048.0,85.0
50384,142.9,7.00,22.98,0.1609,6.22,1048.0,85.0
50391,144.9,6.90,22.98,0.1586,6.30,1048.0,85.0
50398,144.9,6.90,22.98,0.1586,6.31,1048.0,85.0
50405,144.9,6.90,22.98,0.1586,6.31,1048.0,85.0
50412,142.9,7.00,22.98,0.1608,6.22,1048.0,85.0
50419,142.9,7.00,22.98,0.1608,6.22,1048.0,85.0
50426,144.9,6.90,22.97,0.1585,6.31,1048.0,85.0
50433,142.9,7.00,22.97,0.1608,6.22,1048.0,85.0
50440,144.9,6.90,22.97,0.1585,6.31,1048.0,85.0
50447,142.9,7.00,22.97,0.1608,6.22,1048.0,85.0
50454,144.9,6.90,22.97,0.1585,6.31,1048.0,85.0
50461,144.9,6.90,22.97,0.1585,6.31,1048.0,85.0
50467,144.9,6.90,22.96,0.1585,6.31,1048.0,85.0
50474,142.9,7.00,22.96,0.1607,6.22,1048.0,85.0
50481,142.9,7.00,22.96,0.1607,6.22,1048.0,85.0
50488,144.9,6.90,22.96,0.1584,6.31,1048.0,85.0
50495,142.9,7.00,22.96,0.1607,6.22,1048.0,85.0
50502,144.9,6.90,22.96,0.1584,6.31,1048.0,85.0
50509,144.9,6.90,22.96,0.1584,6.31,1048.0,85.0
50516,144.9,6.90,22.95,0.1584,6.31,1048.0,85.0
50523,142.9,7.00,22.95,0.1607,6.23,1048.0,85.0
50530,144.9,6.90,22.95,0.1584,6.31,1048.0,85.0
50537,142.9,7.00,22.95,0.1606,6.23,1048.0,85.0
50544,144.9,6.90,22.95,0.1583,6.31,1048.0,85.0
50551,142.9,7.00,22.95,0.1606,6.23,1048.0,85.0
50558,142.9,7.00,22.94,0.1606,6.23,1048.0,85.0
50565,147.1,6.80,22.94,0.1560,6.41,1048.0,85.0
50572,142.9,7.00,22.94,0.1606,6.23,1048.0,85.0
50579,144.9,6.90,22.94,0.1583,6.32,1048.0,85.0
50586,142.9,7.00,22.94,0.1606,6.23,1048.0,85.0
50592,144.9,6.90,22.94,0.1583,6.32,1048.0,85.0
50599,142.9,7.00,22.93,0.1605,6.23,1048.0,85.0
50606,142.9,7.00,22.93,0.1605,6.23,1048.0,85.0
50613,144.9,6.90,22.93,0.1582,6.32,1048.0,85.0
50620,142.9,7.00,22.93,0.1605,6.23,1048.0,85.0
50627,144.9,6.90,22.93,0.1582,6.32,1048.0,85.0
50634,142.9,7.00,22.93,0.1605,6.23,1048.0,85.0
50641,147.1,6.80,22.92,0.1559,6.42,1048.0,85.0
50648,142.9,7.00,22.92,0.1605,6.23,1048.0,85.0
50655,142.9,7.00,22.92,0.1605,6.23,1048.0,85.0
50662,144.9,6.90,22.92,0.1581,6.32,1048.0,85.0
50669,142.9,7.00,22.92,0.1604,6.24,1048.0,85.0
50676,144.9,6.90,22.92,0.1581,6.32,1048.0,85.0
50683,144.9,6.90,22.92,0.1581,6.32,1048.0,85.0
50690,144.9,6.90,22.91,0.1581,6.32,1048.0,85.0
50697,140.8,7.10,22.91,0.1627,6.15,1048.0,85.0
50704,147.1,6.80,22.91,0.1558,6.42,1048.0,85.0
50711,142.9,7.00,22.91,0.1604,6.24,1048.0,85.0
50717,144.9,6.90,22.91,0.1581,6.33,1048.0,85.0
50724,142.9,7.00,22.91,0.1603,6.24,1048.0,85.0
50731,144.9,6.90,22.90,0.1580,6.33,1048.0,85.0
50738,142.9,7.00,22.90,0.1603,6.24,1048.0,85.0
50745,147.1,6.80,22.90,0.1557,6.42,1048.0,85.0
50752,140.8,7.10,22.90,0.1626,6.15,1048.0,85.0
50759,142.9,7.00,22.90,0.1603,6.24,1048.0,85.0
50766,147.1,6.80,22.90,0.1557,6.42,1048.0,85.0
50773,144.9,6.90,22.89,0.1580,6.33,1048.0,85.0
50780,142.9,7.00,22.89,0.1603,6.24,1048.0,85.0
50787,142.9,7.00,22.89,0.1602,6.24,1048.0,85.0
50794,142.9,7.00,22.89,0.1602,6.24,1048.0,85.0
50801,144.9,6.90,22.89,0.1579,6.33,1048.0,85.0
50808,142.9,7.00,22.89,0.1602,6.24,1048.0,85.0
50815,147.1,6.80,22.88,0.1556,6.43,1048.0,85.0
50822,142.9,7.00,22.88,0.1602,6.24,1048.0,85.0
50829,144.9,6.90,22.88,0.1579,6.33,1048.0,85.0
50836,142.9,7.00,22.88,0.1602,6.25,1048.0,85.0
50842,144.9,6.90,22.88,0.1579,6.33,1048.0,85.0
50849,142.9,7.00,22.88,0.1601,6.25,1048.0,85.0
50856,144.9,6.90,22.88,0.1578,6.33,1048.0,85.0
50863,142.9,7.00,22.87,0.1601,6.25,1048.0,85.0
50870,144.9,6.90,22.87,0.1578,6.34,1048.0,85.0
50877,144.9,6.90,22.87,0.1578,6.34,1048.0,85.0
50884,140.8,7.10,22.87,0.1624,6.16,1048.0,85.0
50891,147.1,6.80,22.87,0.1555,6.43,1048.0,85.0
50898,142.9,7.00,22.87,0.1601,6.25,1048.0,85.0
50905,144.9,6.90,22.86,0.1578,6.34,1048.0,85.0
50912,144.9,6.90,22.86,0.1578,6.34,1048.0,85.0
50919,142.9,7.00,22.86,0.1600,6.25,1048.0,85.0
50926,142.9,7.00,22.86,0.1600,6.25,1048.0,85.0
50933,144.9,6.90,22.86,0.1577,6.34,1048.0,85.0
50940,142.9,7.00,22.86,0.1600,6.25,1048.0,85.0
50947,144.9,6.90,22.85,0.1577,6.34,1048.0,85.0
50954,142.9,7.00,22.85,0.1600,6.25,1048.0,85.0
50961,144.9,6.90,22.85,0.1577,6.34,1048.0,85.0
50968,142.9,7.00,22.85,0.1599,6.25,1048.0,85.0
50974,144.9,6.90,22.85,0.1577,6.34,1048.0,85.0
50981,144.9,6.90,22.85,0.1576,6.34,1048.0,85.0
50988,142.9,7.00,22.85,0.1599,6.26,1048.0,85.0
50995,144.9,6.90,22.84,0.1576,6.34,1048.0,85.0
51002,144.9,6.90,22.84,0.1576,6.34,1048.0,85.0
51009,142.9,7.00,22.84,0.1599,6.26,1048.0,85.0
51016,142.9,7.00,22.84,0.1599,6.26,1048.0,85.0
51023,144.9,6.90,22.84,0.1576,6.34,1048.0,85.0
51030,144.9,6.90,22.84,0.1576,6.35,1048.0,85.0
51037,142.9,7.00,22.83,0.1598,6.26,1048.0,85.0
51044,144.9,6.90,22.83,0.1575,6.35,1048.0,85.0
51051,142.9,7.00,22.83,0.1598,6.26,1048.0,85.0
51058,144.9,6.90,22.83,0.1575,6.35,1048.0,85.0
51065,142.9,7.00,22.83,0.1598,6.26,1048.0,85.0
51072,144.9,6.90,22.83,0.1575,6.35,1048.0,85.0
51079,142.9,7.00,22.82,0.1598,6.26,1048.0,85.0
51086,144.9,6.90,22.82,0.1575,6.35,1048.0,85.0
51092,144.9,6.90,22.82,0.1575,6.35,1048.0,85.0
51100,140.8,7.10,22.82,0.1620,6.17,1048.0,85.0
51106,147.1,6.80,22.82,0.1552,6.45,1048.0,85.0
51113,142.9,7.00,22.82,0.1597,6.26,1048.0,85.0
51120,144.9,6.90,22.81,0.1574,6.35,1048.0,85.0
51127,142.9,7.00,22.81,0.1597,6.26,1048.0,85.0
51134,144.9,6.90,22.81,0.1574,6.35,1048.0,85.0
51141,144.9,6.90,22.81,0.1574,6.35,1048.0,85.0
51148,142.9,7.00,22.81,0.1597,6.27,1048.0,85.0
51155,142.9,7.00,22.81,0.1596,6.27,1048.0,85.0
51162,144.9,6.90,22.81,0.1574,6.35,1048.0,85.0
51169,144.9,6.90,22.80,0.1573,6.35,1048.0,85.0
51176,142.9,7.00,22.80,0.1596,6.27,1048.0,85.0
51183,144.9,6.90,22.80,0.1573,6.36,1048.0,85.0
51190,144.9,6.90,22.80,0.1573,6.36,1048.0,85.0
51197,140.8,7.10,22.80,0.1619,6.18,1048.0,85.0
51204,144.9,6.90,22.80,0.1573,6.36,1048.0,85.0
51211,144.9,6.90,22.80,0.1573,6.36,1048.0,85.0
51217,144.9,6.90,22.80,0.1573,6.36,1048.0,85.0
51224,142.9,7.00,22.80,0.1596,6.27,1048.0,85.0
51231,144.9,6.90,22.80,0.1573,6.36,1048.0,85.0
51238,142.9,7.00,22.80,0.1596,6.27,1048.0,85.0
51245,144.9,6.90,22.80,0.1573,6.36,1048.0,85.0
51252,144.9,6.90,22.80,0.1573,6.36,1048.0,85.0
51259,140.8,7.10,22.80,0.1619,6.18,1048.0,85.0
51266,147.1,6.80,22.80,0.1550,6.45,1048.0,85.0
51273,140.8,7.10,22.80,0.1619,6.18,1048.0,85.0
51280,147.1,6.80,22.80,0.1550,6.45,1048.0,85.0
51287,142.9,7.00,22.80,0.1596,6.27,1048.0,85.0
51294,144.9,6.90,22.80,0.1573,6.36,1048.0,85.0
51301,142.9,7.00,22.80,0.1596,6.27,1048.0,85.0
51308,144.9,6.90,22.80,0.1573,6.36,1048.0,85.0
51315,142.9,7.00,22.79,0.1596,6.27,1048.0,85.0
51322,144.9,6.90,22.79,0.1573,6.36,1048.0,85.0
51329,144.9,6.90,22.79,0.1573,6.36,1048.0,85.0
51336,142.9,7.00,22.79,0.1596,6.27,1048.0,85.0
51342,144.9,6.90,22.79,0.1573,6.36,1048.0,85.0
51349,144.9,6.90,22.79,0.1573,6.36,1048.0,85.0
51356,142.9,7.00,22.79,0.1596,6.27,1048.0,85.0
51363,144.9,6.90,22.79,0.1573,6.36,1048.0,85.0
51370,142.9,7.00,22.79,0.1595,6.27,1048.0,85.0
51377,142.9,7.00,22.79,0.1595,6.27,1048.0,85.0
51384,144.9,6.90,22.79,0.1573,6.36,1048.0,85.0
51391,144.9,6.90,22.79,0.1573,6.36,1048.0,85.0
51398,142.9,7.00,22.79,0.1595,6.27,1048.0,85.0
51405,144.9,6.90,22.79,0.1573,6.36,1048.0,85.0
51412,142.9,7.00,22.79,0.1595,6.27,1048.0,85.0
51419,142.9,7.00,22.79,0.1595,6.27,1048.0,85.0
51426,147.1,6.80,22.79,0.1550,6.45,1048.0,85.0
51433,142.9,7.00,22.79,0.1595,6.27,1048.0,85.0
51440,142.9,7.00,22.79,0.1595,6.27,1048.0,85.0
51447,142.9,7.00,22.79,0.1595,6.27,1048.0,85.0
51454,147.1,6.80,22.79,0.1550,6.45,1048.0,85.0
51460,144.9,6.90,22.79,0.1572,6.36,1048.0,85.0
51467,142.9,7.00,22.79,0.1595,6.27,1048.0,85.0
51474,144.9,6.90,22.79,0.1572,6.36,1048.0,85.0
51481,142.9,7.00,22.79,0.1595,6.27,1048.0,85.0
51488,142.9,7.00,22.79,0.1595,6.27,1048.0,85.0
51495,147.1,6.80,22.79,0.1550,6.46,1048.0,85.0
51502,144.9,6.90,22.79,0.1572,6.36,1048.0,85.0
51509,140.8,7.10,22.79,0.1618,6.18,1048.0,85.0
51516,144.9,6.90,22.79,0.1572,6.36,1048.0,85.0
51523,144.9,6.90,22.79,0.1572,6.36,1048.0,85.0
51530,142.9,7.00,22.79,0.1595,6.27,1048.0,85.0
51537,142.9,7.00,22.79,0.1595,6.27,1048.0,85.0
51544,142.9,7.00,22.79,0.1595,6.27,1048.0,85.0
51551,147.1,6.80,22.79,0.1549,6.46,1048.0,85.0
51558,142.9,7.00,22.79,0.1595,6.27,1048.0,85.0
51565,142.9,7.00,22.78,0.1595,6.27,1048.0,85.0
51572,144.9,6.90,22.78,0.1572,6.36,1048.0,85.0
51579,142.9,7.00,22.78,0.1595,6.27,1048.0,85.0
51586,142.9,7.00,22.78,0.1595,6.27,1048.0,85.0
51592,147.1,6.80,22.78,0.1549,6.46,1048.0,85.0
51599,142.9,7.00,22.78,0.1595,6.27,1048.0,85.0
51606,144.9,6.90,22.78,0.1572,6.36,1048.0,85.0
51613,144.9,6.90,22.78,0.1572,6.36,1048.0,85.0
51620,142.9,7.00,22.78,0.1595,6.27,1048.0,85.0
51627,142.9,7.00,22.78,0.1595,6.27,1048.0,85.0
51634,147.1,6.80,22.78,0.1549,6.46,1048.0,85.0
51641,142.9,7.00,22.78,0.1595,6.27,1048.0,85.0
51648,142.9,7.00,22.78,0.1595,6.27,1048.0,85.0
51655,144.9,6.90,22.78,0.1572,6.36,1048.0,85.0
51662,142.9,7.00,22.78,0.1595,6.27,1048.0,85.0
51669,144.9,6.90,22.78,0.1572,6.36,1048.0,85.0
51676,142.9,7.00,22.78,0.1595,6.27,1048.0,85.0
51683,144.9,6.90,22.78,0.1572,6.36,1048.0,85.0
51690,147.1,6.80,22.78,0.1549,6.46,1048.0,85.0
51697,142.9,7.00,22.78,0.1595,6.27,1048.0,85.0
51704,142.9,7.00,22.78,0.1595,6.27,1048.0,85.0
51710,144.9,6.90,22.78,0.1572,6.36,1048.0,85.0
51717,142.9,7.00,22.78,0.1595,6.27,1048.0,85.0
51724,142.9,7.00,22.78,0.1594,6.27,1048.0,85.0
51731,144.9,6.90,22.78,0.1572,6.36,1048.0,85.0
51738,144.9,6.90,22.78,0.1572,6.36,1048.0,85.0
51745,142.9,7.00,22.78,0.1594,6.27,1048.0,85.0
51752,144.9,6.90,22.78,0.1572,6.36,1048.0,85.0
51759,142.9,7.00,22.78,0.1594,6.27,1048.0,85.0
51766,142.9,7.00,22.78,0.1594,6.27,1048.0,85.0
51773,144.9,6.90,22.78,0.1572,6.36,1048.0,85.0
51780,142.9,7.00,22.78,0.1594,6.27,1048.0,85.0
51787,144.9,6.90,22.78,0.1572,6.36,1048.0,85.0
51794,144.9,6.90,22.78,0.1572,6.36,1048.0,85.0
51801,140.8,7.10,22.78,0.1617,6.18,1048.0,85.0
51808,147.1,6.80,22.78,0.1549,6.46,1048.0,85.0
51815,144.9,6.90,22.77,0.1571,6.36,1048.0,85.0
51822,142.9,7.00,22.77,0.1594,6.27,1048.0,85.0
51829,144.9,6.90,22.77,0.1571,6.36,1048.0,85.0
51836,142.9,7.00,22.77,0.1594,6.27,1048.0,85.0
51843,142.9,7.00,22.77,0.1594,6.27,1048.0,85.0
51849,144.9,6.90,22.77,0.1571,6.36,1048.0,85.0
51856,144.9,6.90,22.77,0.1571,6.36,1048.0,85.0
51863,144.9,6.90,22.77,0.1571,6.36,1048.0,85.0
51870,142.9,7.00,22.77,0.1594,6.28,1048.0,85.0
51877,147.1,6.80,22.77,0.1549,6.46,1048.0,85.0
51884,140.8,7.10,22.77,0.1617,6.18,1048.0,85.0
51891,144.9,6.90,22.77,0.1571,6.36,1048.0,85.0
51898,142.9,7.00,22.77,0.1594,6.28,1048.0,85.0
51905,147.1,6.80,22.77,0.1548,6.46,1048.0,85.0
51912,142.9,7.00,22.77,0.1594,6.28,1048.0,85.0
51919,142.9,7.00,22.77,0.1594,6.28,1048.0,85.0
51926,144.9,6.90,22.77,0.1571,6.36,1048.0,85.0
51933,142.9,7.00,22.77,0.1594,6.28,1048.0,85.0
51940,144.9,6.90,22.77,0.1571,6.36,1048.0,85.0
51947,142.9,7.00,22.77,0.1594,6.28,1048.0,85.0
51954,144.9,6.90,22.77,0.1571,6.36,1048.0,85.0
51961,142.9,7.00,22.77,0.1594,6.28,1048.0,85.0
51967,144.9,6.90,22.77,0.1571,6.36,1048.0,85.0
51974,144.9,6.90,22.77,0.1571,6.36,1048.0,85.0
51981,144.9,6.90,22.77,0.1571,6.36,1048.0,85.0
51988,142.9,7.00,22.77,0.1594,6.28,1048.0,85.0
51995,142.9,7.00,22.77,0.1594,6.28,1048.0,85.0
52002,144.9,6.90,22.77,0.1571,6.36,1048.0,85.0
52009,142.9,7.00,22.77,0.1594,6.28,1048.0,85.0
52016,142.9,7.00,22.77,0.1594,6.28,1048.0,85.0
52023,147.1,6.80,22.77,0.1548,6.46,1048.0,85.0
52030,142.9,7.00,22.77,0.1594,6.28,1048.0,85.0
52037,142.9,7.00,22.77,0.1594,6.28,1048.0,85.0
52044,144.9,6.90,22.77,0.1571,6.36,1048.0,85.0
52051,144.9,6.90,22.77,0.1571,6.36,1048.0,85.0
52058,142.9,7.00,22.77,0.1594,6.28,1048.0,85.0
52065,142.9,7.00,22.76,0.1594,6.28,1048.0,85.0
52072,144.9,6.90,22.76,0.1571,6.37,1048.0,85.0
52079,144.9,6.90,22.76,0.1571,6.37,1048.0,85.0
52086,142.9,7.00,22.76,0.1593,6.28,1048.0,85.0
52092,144.9,6.90,22.76,0.1571,6.37,1048.0,85.0
52099,144.9,6.90,22.76,0.1571,6.37,1048.0,85.0
52106,142.9,7.00,22.76,0.1593,6.28,1048.0,85.0
52113,144.9,6.90,22.76,0.1571,6.37,1048.0,85.0
52120,142.9,7.00,22.76,0.1593,6.28,1048.0,85.0
52127,144.9,6.90,22.76,0.1571,6.37,1048.0,85.0
52134,144.9,6.90,22.76,0.1571,6.37,1048.0,85.0
52141,140.8,7.10,22.76,0.1616,6.19,1048.0,85.0
52148,144.9,6.90,22.76,0.1571,6.37,1048.0,85.0
52155,144.9,6.90,22.76,0.1571,6.37,1048.0,85.0
52162,144.9,6.90,22.76,0.1571,6.37,1048.0,85.0
52169,142.9,7.00,22.76,0.1593,6.28,1048.0,85.0
52176,144.9,6.90,22.76,0.1570,6.37,1048.0,85.0
52183,140.8,7.10,22.76,0.1616,6.19,1048.0,85.0
52190,147.1,6.80,22.76,0.1548,6.46,1048.0,85.0
52197,142.9,7.00,22.76,0.1593,6.28,1048.0,85.0
52204,142.9,7.00,22.76,0.1593,6.28,1048.0,85.0
52210,147.1,6.80,22.76,0.1548,6.46,1048.0,85.0
52218,140.8,7.10,22.76,0.1616,6.19,1048.0,85.0
52224,144.9,6.90,22.76,0.1570,6.37,1048.0,85.0
52231,144.9,6.90,22.76,0.1570,6.37,1048.0,85.0
52238,142.9,7.00,22.76,0.1593,6.28,1048.0,85.0
52245,144.9,6.90,22.76,0.1570,6.37,1048.0,85.0
52252,142.9,7.00,22.76,0.1593,6.28,1048.0,85.0
52259,144.9,6.90,22.76,0.1570,6.37,1048.0,85.0
52266,142.9,7.00,22.76,0.1593,6.28,1048.0,85.0
52273,144.9,6.90,22.76,0.1570,6.37,1048.0,85.0
52280,144.9,6.90,22.76,0.1570,6.37,1048.0,85.0
52287,144.9,6.90,22.76,0.1570,6.37,1048.0,85.0
52294,142.9,7.00,22.76,0.1593,6.28,1048.0,85.0
52301,144.9,6.90,22.76,0.1570,6.37,1048.0,85.0
52308,142.9,7.00,22.76,0.1593,6.28,1048.0,85.0
52315,142.9,7.00,22.75,0.1593,6.28,1048.0,85.0
52322,144.9,6.90,22.75,0.1570,6.37,1048.0,85.0
52329,144.9,6.90,22.75,0.1570,6.37,1048.0,85.0
52336,142.9,7.00,22.75,0.1593,6.28,1048.0,85.0
52342,144.9,6.90,22.75,0.1570,6.37,1048.0,85.0
52349,142.9,7.00,22.75,0.1593,6.28,1048.0,85.0
52356,144.9,6.90,22.75,0.1570,6.37,1048.0,85.0
52363,144.9,6.90,22.75,0.1570,6.37,1048.0,85.0
52370,142.9,7.00,22.75,0.1593,6.28,1048.0,85.0
52377,144.9,6.90,22.75,0.1570,6.37,1048.0,85.0
52384,142.9,7.00,22.75,0.1593,6.28,1048.0,85.0
52391,144.9,6.90,22.75,0.1570,6.37,1048.0,85.0
52398,142.9,7.00,22.75,0.1593,6.28,1048.0,85.0
52405,144.9,6.90,22.75,0.1570,6.37,1048.0,85.0
52412,144.9,6.90,22.75,0.1570,6.37,1048.0,85.0
52419,144.9,6.90,22.75,0.1570,6.37,1048.0,85.0
52426,144.9,6.90,22.75,0.1570,6.37,1048.0,85.0
52433,140.8,7.10,22.75,0.1615,6.19,1048.0,85.0
52440,144.9,6.90,22.75,0.1570,6.37,1048.0,85.0
52447,142.9,7.00,22.75,0.1592,6.28,1048.0,85.0
52454,142.9,7.00,22.75,0.1592,6.28,1048.0,85.0
52461,144.9,6.90,22.75,0.1570,6.37,1048.0,85.0
52467,144.9,6.90,22.75,0.1570,6.37,1048.0,85.0
52474,144.9,6.90,22.75,0.1570,6.37,1048.0,85.0
52481,140.8,7.10,22.75,0.1615,6.19,1048.0,85.0
52488,144.9,6.90,22.75,0.1570,6.37,1048.0,85.0
52495,144.9,6.90,22.75,0.1570,6.37,1048.0,85.0
52502,142.9,7.00,22.75,0.1592,6.28,1048.0,85.0
52509,147.1,6.80,22.75,0.1547,6.47,1048.0,85.0
52516,142.9,7.00,22.75,0.1592,6.28,1048.0,85.0
52523,142.9,7.00,22.75,0.1592,6.28,1048.0,85.0
52530,144.9,6.90,22.75,0.1569,6.37,1048.0,85.0
52537,142.9,7.00,22.75,0.1592,6.28,1048.0,85.0
52544,144.9,6.90,22.75,0.1569,6.37,1048.0,85.0
52551,144.9,6.90,22.75,0.1569,6.37,1048.0,85.0
52558,142.9,7.00,22.75,0.1592,6.28,1048.0,85.0
52565,144.9,6.90,22.74,0.1569,6.37,1048.0,85.0
52572,142.9,7.00,22.74,0.1592,6.28,1048.0,85.0
52579,144.9,6.90,22.74,0.1569,6.37,1048.0,85.0
52586,142.9,7.00,22.74,0.1592,6.28,1048.0,85.0
52592,144.9,6.90,22.74,0.1569,6.37,1048.0,85.0
52599,142.9,7.00,22.74,0.1592,6.28,1048.0,85.0
52606,144.9,6.90,22.74,0.1569,6.37,1048.0,85.0
52613,144.9,6.90,22.74,0.1569,6.37,1048.0,85.0
52620,142.9,7.00,22.74,0.1592,6.28,1048.0,85.0
52627,144.9,6.90,22.74,0.1569,6.37,1048.0,85.0
52634,142.9,7.00,22.74,0.1592,6.28,1048.0,85.0
52641,144.9,6.90,22.74,0.1569,6.37,1048.0,85.0
52648,144.9,6.90,22.74,0.1569,6.37,1048.0,85.0
52655,144.9,6.90,22.74,0.1569,6.37,1048.0,85.0
52662,142.9,7.00,22.74,0.1592,6.28,1048.0,85.0
52669,142.9,7.00,22.74,0.1592,6.28,1048.0,85.0
52676,144.9,6.90,22.74,0.1569,6.37,1048.0,85.0
52683,142.9,7.00,22.74,0.1592,6.28,1048.0,85.0
52690,142.9,7.00,22.74,0.1592,6.28,1048.0,85.0
52697,147.1,6.80,22.74,0.1546,6.47,1048.0,85.0
52704,142.9,7.00,22.74,0.1592,6.28,1048.0,85.0
52710,144.9,6.90,22.74,0.1569,6.37,1048.0,85.0
52717,142.9,7.00,22.74,0.1592,6.28,1048.0,85.0
52724,144.9,6.90,22.74,0.1569,6.37,1048.0,85.0
52731,142.9,7.00,22.74,0.1592,6.28,1048.0,85.0
52738,142.9,7.00,22.74,0.1592,6.28,1048.0,85.0
52745,144.9,6.90,22.74,0.1569,6.37,1048.0,85.0
52752,144.9,6.90,22.74,0.1569,6.37,1048.0,85.0
52759,144.9,6.90,22.74,0.1569,6.37,1048.0,85.0
52766,142.9,7.00,22.74,0.1592,6.28,1048.0,85.0
52773,144.9,6.90,22.74,0.1569,6.37,1048.0,85.0
52780,142.9,7.00,22.74,0.1592,6.29,1048.0,85.0
52787,142.9,7.00,22.74,0.1592,6.29,1048.0,85.0
52794,144.9,6.90,22.74,0.1569,6.37,1048.0,85.0
52801,142.9,7.00,22.74,0.1591,6.29,1048.0,85.0
52808,144.9,6.90,22.74,0.1569,6.37,1048.0,85.0
52815,144.9,6.90,22.73,0.1569,6.37,1048.0,85.0
52822,144.9,6.90,22.73,0.1569,6.37,1048.0,85.0
52829,142.9,7.00,22.73,0.1591,6.29,1048.0,85.0
52835,144.9,6.90,22.73,0.1569,6.37,1048.0,85.0
52842,142.9,7.00,22.73,0.1591,6.29,1048.0,85.0
52849,142.9,7.00,22.73,0.1591,6.29,1048.0,85.0
52856,144.9,6.90,22.73,0.1569,6.37,1048.0,85.0
52863,142.9,7.00,22.73,0.1591,6.29,1048.0,85.0
52870,144.9,6.90,22.73,0.1569,6.37,1048.0,85.0
52877,144.9,6.90,22.73,0.1569,6.37,1048.0,85.0
52884,142.9,7.00,22.73,0.1591,6.29,1048.0,85.0
52891,144.9,6.90,22.73,0.1568,6.37,1048.0,85.0
52898,142.9,7.00,22.73,0.1591,6.29,1048.0,85.0
52905,144.9,6.90,22.73,0.1568,6.37,1048.0,85.0
52912,142.9,7.00,22.73,0.1591,6.29,1048.0,85.0
52919,144.9,6.90,22.73,0.1568,6.37,1048.0,85.0
52926,144.9,6.90,22.73,0.1568,6.37,1048.0,85.0
52933,142.9,7.00,22.73,0.1591,6.29,1048.0,85.0
52940,144.9,6.90,22.73,0.1568,6.37,1048.0,85.0
52947,142.9,7.00,22.73,0.1591,6.29,1048.0,85.0
52954,144.9,6.90,22.73,0.1568,6.38,1048.0,85.0
52961,142.9,7.00,22.73,0.1591,6.29,1048.0,85.0
52968,142.9,7.00,22.73,0.1591,6.29,1048.0,85.0
52974,144.9,6.90,22.73,0.1568,6.38,1048.0,85.0
52981,144.9,6.90,22.73,0.1568,6.38,1048.0,85.0
52988,144.9,6.90,22.73,0.1568,6.38,1048.0,85.0
52995,142.9,7.00,22.73,0.1591,6.29,1048.0,85.0
53002,144.9,6.90,22.73,0.1568,6.38,1048.0,85.0
53009,142.9,7.00,22.73,0.1591,6.29,1048.0,85.0
53016,144.9,6.90,22.73,0.1568,6.38,1048.0,85.0
53023,142.9,7.00,22.73,0.1591,6.29,1048.0,85.0
53030,144.9,6.90,22.73,0.1568,6.38,1048.0,85.0
53037,144.9,6.90,22.73,0.1568,6.38,1048.0,85.0
53044,142.9,7.00,22.73,0.1591,6.29,1048.0,85.0
53051,142.9,7.00,22.73,0.1591,6.29,1048.0,85.0
53058,144.9,6.90,22.73,0.1568,6.38,1048.0,85.0
53065,144.9,6.90,22.72,0.1568,6.38,1048.0,85.0
53072,144.9,6.90,22.72,0.1568,6.38,1048.0,85.0
53079,142.9,7.00,22.72,0.1591,6.29,1048.0,85.0
53086,142.9,7.00,22.72,0.1591,6.29,1048.0,85.0
53093,142.9,7.00,22.72,0.1591,6.29,1048.0,85.0
53099,144.9,6.90,22.72,0.1568,6.38,1048.0,85.0
53106,144.9,6.90,22.72,0.1568,6.38,1048.0,85.0
53113,144.9,6.90,22.72,0.1568,6.38,1048.0,85.0
53120,142.9,7.00,22.72,0.1591,6.29,1048.0,85.0
53127,144.9,6.90,22.72,0.1568,6.38,1048.0,85.0
53134,142.9,7.00,22.72,0.1591,6.29,1048.0,85.0
53141,144.9,6.90,22.72,0.1568,6.38,1048.0,85.0
53148,142.9,7.00,22.72,0.1591,6.29,1048.0,85.0
53155,144.9,6.90,22.72,0.1568,6.38,1048.0,85.0
53162,142.9,7.00,22.72,0.1590,6.29,1048.0,85.0
53169,144.9,6.90,22.72,0.1568,6.38,1048.0,85.0
53176,144.9,6.90,22.72,0.1568,6.38,1048.0,85.0
53183,144.9,6.90,22.72,0.1568,6.38,1048.0,85.0
53190,142.9,7.00,22.72,0.1590,6.29,1048.0,85.0
53197,142.9,7.00,22.72,0.1590,6.29,1048.0,85.0
53204,144.9,6.90,22.72,0.1568,6.38,1048.0,85.0
53211,142.9,7.00,22.72,0.1590,6.29,1048.0,85.0
53217,144.9,6.90,22.72,0.1568,6.38,1048.0,85.0
53224,144.9,6.90,22.72,0.1568,6.38,1048.0,85.0
53231,144.9,6.90,22.72,0.1568,6.38,1048.0,85.0
53238,142.9,7.00,22.72,0.1590,6.29,1048.0,85.0
53245,142.9,7.00,22.72,0.1590,6.29,1048.0,85.0
53252,142.9,7.00,22.72,0.1590,6.29,1048.0,85.0
53259,144.9,6.90,22.72,0.1568,6.38,1048.0,85.0
53266,144.9,6.90,22.72,0.1568,6.38,1048.0,85.0
53273,142.9,7.00,22.72,0.1590,6.29,1048.0,85.0
53280,144.9,6.90,22.72,0.1568,6.38,1048.0,85.0
53287,144.9,6.90,22.72,0.1568,6.38,1048.0,85.0
53294,142.9,7.00,22.72,0.1590,6.29,1048.0,85.0
53301,144.9,6.90,22.72,0.1568,6.38,1048.0,85.0
53308,142.9,7.00,22.72,0.1590,6.29,1048.0,85.0
53315,144.9,6.90,22.72,0.1568,6.38,1048.0,85.0
53322,142.9,7.00,22.72,0.1590,6.29,1048.0,85.0
53329,144.9,6.90,22.72,0.1568,6.38,1048.0,85.0
53336,142.9,7.00,22.72,0.1590,6.29,1048.0,85.0
53342,144.9,6.90,22.72,0.1568,6.38,1048.0,85.0
53349,144.9,6.90,22.72,0.1568,6.38,1048.0,85.0
53356,142.9,7.00,22.72,0.1590,6.29,1048.0,85.0
53363,144.9,6.90,22.72,0.1568,6.38,1048.0,85.0
53370,142.9,7.00,22.72,0.1590,6.29,1048.0,85.0
53377,144.9,6.90,22.72,0.1568,6.38,1048.0,85.0
53384,142.9,7.00,22.72,0.1590,6.29,1048.0,85.0
53391,144.9,6.90,22.72,0.1568,6.38,1048.0,85.0
53398,144.9,6.90,22.72,0.1568,6.38,1048.0,85.0
53405,142.9,7.00,22.72,0.1590,6.29,1048.0,85.0
53412,144.9,6.90,22.72,0.1568,6.38,1048.0,85.0
53419,142.9,7.00,22.72,0.1590,6.29,1048.0,85.0
53426,142.9,7.00,22.72,0.1590,6.29,1048.0,85.0
53433,147.1,6.80,22.72,0.1545,6.47,1048.0,85.0
53440,142.9,7.00,22.72,0.1590,6.29,1048.0,85.0
53447,144.9,6.90,22.72,0.1568,6.38,1048.0,85.0
53454,140.8,7.10,22.72,0.1613,6.20,1048.0,85.0
53460,147.1,6.80,22.72,0.1545,6.47,1048.0,85.0
53467,142.9,7.00,22.72,0.1590,6.29,1048.0,85.0
53474,144.9,6.90,22.72,0.1568,6.38,1048.0,85.0
53481,142.9,7.00,22.72,0.1590,6.29,1048.0,85.0
53488,142.9,7.00,22.72,0.1590,6.29,1048.0,85.0
53495,144.9,6.90,22.72,0.1568,6.38,1048.0,85.0
53502,144.9,6.90,22.72,0.1568,6.38,1048.0,85.0
53509,142.9,7.00,22.72,0.1590,6.29,1048.0,85.0
53516,144.9,6.90,22.72,0.1568,6.38,1048.0,85.0
53523,144.9,6.90,22.72,0.1568,6.38,1048.0,85.0
53530,142.9,7.00,22.72,0.1590,6.29,1048.0,85.0
53537,142.9,7.00,22.72,0.1590,6.29,1048.0,85.0
53544,147.1,6.80,22.72,0.1545,6.47,1048.0,85.0
53551,142.9,7.00,22.72,0.1590,6.29,1048.0,85.0
53558,142.9,7.00,22.72,0.1590,6.29,1048.0,85.0
53565,144.9,6.90,22.72,0.1568,6.38,1048.0,85.0
53572,142.9,7.00,22.72,0.1590,6.29,1048.0,85.0
53579,144.9,6.90,22.72,0.1568,6.38,1048.0,85.0
53586,142.9,7.00,22.72,0.1590,6.29,1048.0,85.0
53592,144.9,6.90,22.72,0.1568,6.38,1048.0,85.0
53599,144.9,6.90,22.72,0.1568,6.38,1048.0,85.0
53606,142.9,7.00,22.72,0.1590,6.29,1048.0,85.0
53613,144.9,6.90,22.72,0.1568,6.38,1048.0,85.0
53620,142.9,7.00,22.72,0.1590,6.29,1048.0,85.0
53627,144.9,6.90,22.72,0.1568,6.38,1048.0,85.0
53634,144.9,6.90,22.72,0.1568,6.38,1048.0,85.0
53641,142.9,7.00,22.72,0.1590,6.29,1048.0,85.0
53648,144.9,6.90,22.72,0.1568,6.38,1048.0,85.0
53655,142.9,7.00,22.72,0.1590,6.29,1048.0,85.0
53662,147.1,6.80,22.72,0.1545,6.47,1048.0,85.0
53669,140.8,7.10,22.72,0.1613,6.20,1048.0,85.0
53676,144.9,6.90,22.72,0.1568,6.38,1048.0,85.0
53683,144.9,6.90,22.72,0.1568,6.38,1048.0,85.0
53690,142.9,7.00,22.72,0.1590,6.29,1048.0,85.0
53697,144.9,6.90,22.72,0.1568,6.38,1048.0,85.0
53703,144.9,6.90,22.72,0.1568,6.38,1048.0,85.0
53710,142.9,7.00,22.72,0.1590,6.29,1048.0,85.0
53717,144.9,6.90,22.72,0.1568,6.38,1048.0,85.0
53724,144.9,6.90,22.72,0.1568,6.38,1048.0,85.0
53731,140.8,7.10,22.72,0.1613,6.20,1048.0,85.0
53738,142.9,7.00,22.72,0.1590,6.29,1048.0,85.0
53745,144.9,6.90,22.72,0.1568,6.38,1048.0,85.0
53752,144.9,6.90,22.72,0.1568,6.38,1048.0,85.0
53759,142.9,7.00,22.72,0.1590,6.29,1048.0,85.0
53766,147.1,6.80,22.72,0.1545,6.47,1048.0,85.0
53773,140.8,7.10,22.72,0.1613,6.20,1048.0,85.0
53780,144.9,6.90,22.72,0.1568,6.38,1048.0,85.0
53787,144.9,6.90,22.72,0.1568,6.38,1048.0,85.0
53794,142.9,7.00,22.72,0.1590,6.29,1048.0,85.0
53801,142.9,7.00,22.72,0.1590,6.29,1048.0,85.0
53808,147.1,6.80,22.72,0.1545,6.47,1048.0,85.0
53815,142.9,7.00,22.72,0.1590,6.29,1048.0,85.0
53822,142.9,7.00,22.72,0.1590,6.29,1048.0,85.0
53829,144.9,6.90,22.72,0.1568,6.38,1048.0,85.0
53836,142.9,7.00,22.72,0.1590,6.29,1048.0,85.0
53842,144.9,6.90,22.72,0.1568,6.38,1048.0,85.0
53849,142.9,7.00,22.72,0.1590,6.29,1048.0,85.0
53856,147.1,6.80,22.72,0.1545,6.47,1048.0,85.0
53863,142.9,7.00,22.72,0.1590,6.29,1048.0,85.0
53870,144.9,6.90,22.72,0.1568,6.38,1048.0,85.0
53877,142.9,7.00,22.72,0.1590,6.29,1048.0,85.0
53884,144.9,6.90,22.72,0.1568,6.38,1048.0,85.0
53891,142.9,7.00,22.72,0.1590,6.29,1048.0,85.0
53898,144.9,6.90,22.72,0.1568,6.38,1048.0,85.0
53905,140.8,7.10,22.72,0.1613,6.20,1048.0,85.0
53912,147.1,6.80,22.72,0.1545,6.47,1048.0,85.0
53919,142.9,7.00,22.72,0.1590,6.29,1048.0,85.0
53926,144.9,6.90,22.72,0.1568,6.38,1048.0,85.0
53933,144.9,6.90,22.72,0.1568,6.38,1048.0,85.0
53940,142.9,7.00,22.72,0.1590,6.29,1048.0,85.0
53947,144.9,6.90,22.72,0.1568,6.38,1048.0,85.0
53954,140.8,7.10,22.72,0.1613,6.20,1048.0,85.0
53960,147.1,6.80,22.72,0.1545,6.47,1048.0,85.0
53967,142.9,7.00,22.72,0.1590,6.29,1048.0,85.0
53974,142.9,7.00,22.72,0.1590,6.29,1048.0,85.0
53981,144.9,6.90,22.72,0.1568,6.38,1048.0,85.0
53988,144.9,6.90,22.72,0.1568,6.38,1048.0,85.0
53995,142.9,7.00,22.72,0.1590,6.29,1048.0,85.0
54002,147.1,6.80,22.72,0.1545,6.47,1048.0,85.0
54009,140.8,7.10,22.72,0.1613,6.20,1048.0,85.0
54016,144.9,6.90,22.72,0.1568,6.38,1048.0,85.0
54023,144.9,6.90,22.72,0.1568,6.38,1048.0,85.0
54030,142.9,7.00,22.72,0.1590,6.29,1048.0,85.0
54037,144.9,6.90,22.72,0.1568,6.38,1048.0,85.0
54044,144.9,6.90,22.72,0.1568,6.38,1048.0,85.0
54051,142.9,7.00,22.72,0.1590,6.29,1048.0,85.0
54058,142.9,7.00,22.72,0.1590,6.29,1048.0,85.0
54065,144.9,6.90,22.72,0.1568,6.38,1048.0,85.0
54072,142.9,7.00,22.72,0.1590,6.29,1048.0,85.0
54079,144.9,6.90,22.72,0.1568,6.38,1048.0,85.0
54085,144.9,6.90,22.72,0.1568,6.38,1048.0,85.0
54092,144.9,6.90,22.72,0.1568,6.38,1048.0,85.0
54099,142.9,7.00,22.72,0.1590,6.29,1048.0,85.0
54106,142.9,7.00,22.72,0.1590,6.29,1048.0,85.0
54113,147.1,6.80,22.72,0.1545,6.47,1048.0,85.0
54120,142.9,7.00,22.72,0.1590,6.29,1048.0,85.0
54127,144.9,6.90,22.72,0.1568,6.38,1048.0,85.0
54134,142.9,7.00,22.72,0.1590,6.29,1048.0,85.0
54141,144.9,6.90,22.72,0.1568,6.38,1048.0,85.0
54148,142.9,7.00,22.72,0.1590,6.29,1048.0,85.0
54155,144.9,6.90,22.72,0.1568,6.38,1048.0,85.0
54162,142.9,7.00,22.72,0.1590,6.29,1048.0,85.0
54169,144.9,6.90,22.72,0.1568,6.38,1048.0,85.0
54176,142.9,7.00,22.72,0.1590,6.29,1048.0,85.0
54183,144.9,6.90,22.72,0.1568,6.38,1048.0,85.0
54190,144.9,6.90,22.72,0.1568,6.38,1048.0,85.0
54197,142.9,7.00,22.72,0.1590,6.29,1048.0,85.0
54204,142.9,7.00,22.72,0.1590,6.29,1048.0,85.0
54210,144.9,6.90,22.72,0.1567,6.38,1048.0,85.0
54217,142.9,7.00,22.72,0.1590,6.29,1048.0,85.0
54224,144.9,6.90,22.72,0.1567,6.38,1048.0,85.0
54231,142.9,7.00,22.71,0.1590,6.29,1048.0,85.0
54238,144.9,6.90,22.71,0.1567,6.38,1048.0,85.0
54245,142.9,7.00,22.71,0.1590,6.29,1048.0,85.0
54252,147.1,6.80,22.71,0.1544,6.48,1048.0,85.0
54259,140.8,7.10,22.71,0.1613,6.20,1048.0,85.0
54266,144.9,6.90,22.71,0.1567,6.38,1048.0,85.0
54273,144.9,6.90,22.71,0.1567,6.38,1048.0,85.0
54280,144.9,6.90,22.71,0.1567,6.38,1048.0,85.0
54287,140.8,7.10,22.71,0.1612,6.20,1048.0,85.0
54294,147.1,6.80,22.71,0.1544,6.48,1048.0,85.0
54301,140.8,7.10,22.71,0.1612,6.20,1048.0,85.0
54308,144.9,6.90,22.71,0.1567,6.38,1048.0,85.0
54315,144.9,6.90,22.71,0.1567,6.38,1048.0,85.0
54322,142.9,7.00,22.70,0.1589,6.29,1048.0,85.0
54329,144.9,6.90,22.70,0.1567,6.38,1048.0,85.0
54336,142.9,7.00,22.70,0.1589,6.29,1048.0,85.0
54342,144.9,6.90,22.70,0.1566,6.38,1048.0,85.0
54349,144.9,6.90,22.70,0.1566,6.38,1048.0,85.0
54356,144.9,6.90,22.70,0.1566,6.38,1048.0,85.0
54363,142.9,7.00,22.70,0.1589,6.30,1048.0,85.0
54370,144.9,6.90,22.70,0.1566,6.38,1048.0,85.0
54377,142.9,7.00,22.70,0.1589,6.30,1048.0,85.0
54384,144.9,6.90,22.70,0.1566,6.38,1048.0,85.0
54391,142.9,7.00,22.70,0.1589,6.30,1048.0,85.0
54398,144.9,6.90,22.70,0.1566,6.38,1048.0,85.0
54405,144.9,6.90,22.70,0.1566,6.38,1048.0,85.0
54412,142.9,7.00,22.69,0.1589,6.30,1048.0,85.0
54419,144.9,6.90,22.69,0.1566,6.38,1048.0,85.0
54426,142.9,7.00,22.69,0.1589,6.30,1048.0,85.0
54433,144.9,6.90,22.69,0.1566,6.39,1048.0,85.0
54440,144.9,6.90,22.69,0.1566,6.39,1048.0,85.0
54447,142.9,7.00,22.69,0.1588,6.30,1048.0,85.0
54453,144.9,6.90,22.69,0.1566,6.39,1048.0,85.0
54460,142.9,7.00,22.69,0.1588,6.30,1048.0,85.0
54467,142.9,7.00,22.69,0.1588,6.30,1048.0,85.0
54474,147.1,6.80,22.69,0.1543,6.48,1048.0,85.0
54481,142.9,7.00,22.69,0.1588,6.30,1048.0,85.0
54488,142.9,7.00,22.69,0.1588,6.30,1048.0,85.0
54495,144.9,6.90,22.69,0.1565,6.39,1048.0,85.0
54502,142.9,7.00,22.69,0.1588,6.30,1048.0,85.0
54509,144.9,6.90,22.68,0.1565,6.39,1048.0,85.0
54516,142.9,7.00,22.68,0.1588,6.30,1048.0,85.0
54523,144.9,6.90,22.68,0.1565,6.39,1048.0,85.0
54530,142.9,7.00,22.68,0.1588,6.30,1048.0,85.0
54537,147.1,6.80,22.68,0.1542,6.49,1048.0,85.0
54544,142.9,7.00,22.68,0.1588,6.30,1048.0,85.0
54551,144.9,6.90,22.68,0.1565,6.39,1048.0,85.0
54558,140.8,7.10,22.68,0.1610,6.21,1048.0,85.0
54565,144.9,6.90,22.68,0.1565,6.39,1048.0,85.0
54572,142.9,7.00,22.68,0.1587,6.30,1048.0,85.0
54579,144.9,6.90,22.68,0.1565,6.39,1048.0,85.0
54585,144.9,6.90,22.68,0.1565,6.39,1048.0,85.0
54592,144.9,6.90,22.68,0.1565,6.39,1048.0,85.0
54599,142.9,7.00,22.67,0.1587,6.30,1048.0,85.0
54606,142.9,7.00,22.67,0.1587,6.30,1048.0,85.0
54613,144.9,6.90,22.67,0.1564,6.39,1048.0,85.0
54620,144.9,6.90,22.67,0.1564,6.39,1048.0,85.0
54627,144.9,6.90,22.67,0.1564,6.39,1048.0,85.0
54634,142.9,7.00,22.67,0.1587,6.30,1048.0,85.0
54641,142.9,7.00,22.67,0.1587,6.30,1048.0,85.0
54648,142.9,7.00,22.67,0.1587,6.30,1048.0,85.0
54655,144.9,6.90,22.67,0.1564,6.39,1048.0,85.0
54662,147.1,6.80,22.67,0.1541,6.49,1048.0,85.0
54669,144.9,6.90,22.67,0.1564,6.39,1048.0,85.0
54676,140.8,7.10,22.67,0.1609,6.21,1048.0,85.0
54683,147.1,6.80,22.67,0.1541,6.49,1048.0,85.0
54690,140.8,7.10,22.66,0.1609,6.21,1048.0,85.0
54697,144.9,6.90,22.66,0.1564,6.39,1048.0,85.0
54704,142.9,7.00,22.66,0.1586,6.31,1048.0,85.0
54710,144.9,6.90,22.66,0.1564,6.39,1048.0,85.0
54717,144.9,6.90,22.66,0.1564,6.39,1048.0,85.0
54724,140.8,7.10,22.66,0.1609,6.21,1048.0,85.0
54731,144.9,6.90,22.66,0.1564,6.39,1048.0,85.0
54738,144.9,6.90,22.66,0.1563,6.39,1048.0,85.0
54745,144.9,6.90,22.66,0.1563,6.40,1048.0,85.0
54752,144.9,6.90,22.66,0.1563,6.40,1048.0,85.0
54759,140.8,7.10,22.66,0.1609,6.21,1048.0,85.0
54766,144.9,6.90,22.66,0.1563,6.40,1048.0,85.0
54773,144.9,6.90,22.66,0.1563,6.40,1048.0,85.0
54780,142.9,7.00,22.65,0.1586,6.31,1048.0,85.0
54787,144.9,6.90,22.65,0.1563,6.40,1048.0,85.0
54794,144.9,6.90,22.65,0.1563,6.40,1048.0,85.0
54801,142.9,7.00,22.65,0.1586,6.31,1048.0,85.0
54808,142.9,7.00,22.65,0.1586,6.31,1048.0,85.0
54815,144.9,6.90,22.65,0.1563,6.40,1048.0,85.0
54822,144.9,6.90,22.65,0.1563,6.40,1048.0,85.0
54829,142.9,7.00,22.65,0.1585,6.31,1048.0,85.0
54835,144.9,6.90,22.65,0.1563,6.40,1048.0,85.0
54842,142.9,7.00,22.65,0.1585,6.31,1048.0,85.0
54849,142.9,7.00,22.65,0.1585,6.31,1048.0,85.0
54856,147.1,6.80,22.65,0.1540,6.50,1048.0,85.0
54863,142.9,7.00,22.65,0.1585,6.31,1048.0,85.0
54870,142.9,7.00,22.64,0.1585,6.31,1048.0,85.0
54877,144.9,6.90,22.64,0.1562,6.40,1048.0,85.0
54884,144.9,6.90,22.64,0.1562,6.40,1048.0,85.0
54891,142.9,7.00,22.64,0.1585,6.31,1048.0,85.0
54898,144.9,6.90,22.64,0.1562,6.40,1048.0,85.0
54905,142.9,7.00,22.64,0.1585,6.31,1048.0,85.0
54912,142.9,7.00,22.64,0.1585,6.31,1048.0,85.0
54919,144.9,6.90,22.64,0.1562,6.40,1048.0,85.0
54926,144.9,6.90,22.64,0.1562,6.40,1048.0,85.0
54933,144.9,6.90,22.64,0.1562,6.40,1048.0,85.0
54940,140.8,7.10,22.64,0.1607,6.22,1048.0,85.0
54947,147.1,6.80,22.64,0.1539,6.50,1048.0,85.0
54954,142.9,7.00,22.64,0.1584,6.31,1048.0,85.0
54960,144.9,6.90,22.63,0.1562,6.40,1048.0,85.0
54967,142.9,7.00,22.63,0.1584,6.31,1048.0,85.0
54974,142.9,7.00,22.63,0.1584,6.31,1048.0,85.0
54981,147.1,6.80,22.63,0.1539,6.50,1048.0,85.0
54988,142.9,7.00,22.63,0.1584,6.31,1048.0,85.0
54995,142.9,7.00,22.63,0.1584,6.31,1048.0,85.0
55002,147.1,6.80,22.63,0.1539,6.50,1048.0,85.0
55009,142.9,7.00,22.63,0.1584,6.31,1048.0,85.0
55016,142.9,7.00,22.63,0.1584,6.32,1048.0,85.0
55023,144.9,6.90,22.63,0.1561,6.40,1048.0,85.0
55030,142.9,7.00,22.63,0.1584,6.32,1048.0,85.0
55037,144.9,6.90,22.63,0.1561,6.40,1048.0,85.0
55044,144.9,6.90,22.63,0.1561,6.40,1048.0,85.0
55051,142.9,7.00,22.62,0.1584,6.32,1048.0,85.0
55058,144.9,6.90,22.62,0.1561,6.40,1048.0,85.0
55065,144.9,6.90,22.62,0.1561,6.40,1048.0,85.0
55072,142.9,7.00,22.62,0.1584,6.32,1048.0,85.0
55078,144.9,6.90,22.62,0.1561,6.41,1048.0,85.0
55085,144.9,6.90,22.62,0.1561,6.41,1048.0,85.0
55092,142.9,7.00,22.62,0.1583,6.32,1048.0,85.0
55099,142.9,7.00,22.62,0.1583,6.32,1048.0,85.0
55106,144.9,6.90,22.62,0.1561,6.41,1048.0,85.0
55113,142.9,7.00,22.62,0.1583,6.32,1048.0,85.0
55120,144.9,6.90,22.62,0.1561,6.41,1048.0,85.0
55127,142.9,7.00,22.62,0.1583,6.32,1048.0,85.0
55134,142.9,7.00,22.62,0.1583,6.32,1048.0,85.0
55141,144.9,6.90,22.61,0.1560,6.41,1048.0,85.0
55148,142.9,7.00,22.61,0.1583,6.32,1048.0,85.0
55155,144.9,6.90,22.61,0.1560,6.41,1048.0,85.0
55162,144.9,6.90,22.61,0.1560,6.41,1048.0,85.0
55169,144.9,6.90,22.61,0.1560,6.41,1048.0,85.0
55176,144.9,6.90,22.61,0.1560,6.41,1048.0,85.0
55183,140.8,7.10,22.61,0.1605,6.23,1048.0,85.0
55190,144.9,6.90,22.61,0.1560,6.41,1048.0,85.0
55197,144.9,6.90,22.61,0.1560,6.41,1048.0,85.0
55204,142.9,7.00,22.61,0.1583,6.32,1048.0,85.0
55210,144.9,6.90,22.61,0.1560,6.41,1048.0,85.0
55217,142.9,7.00,22.61,0.1583,6.32,1048.0,85.0
55224,144.9,6.90,22.61,0.1560,6.41,1048.0,85.0
55231,144.9,6.90,22.61,0.1560,6.41,1048.0,85.0
55238,144.9,6.90,22.61,0.1560,6.41,1048.0,85.0
55245,142.9,7.00,22.61,0.1583,6.32,1048.0,85.0
55252,142.9,7.00,22.61,0.1583,6.32,1048.0,85.0
55259,144.9,6.90,22.61,0.1560,6.41,1048.0,85.0
55266,144.9,6.90,22.61,0.1560,6.41,1048.0,85.0
55273,142.9,7.00,22.61,0.1583,6.32,1048.0,85.0
55280,144.9,6.90,22.61,0.1560,6.41,1048.0,85.0
55287,142.9,7.00,22.61,0.1583,6.32,1048.0,85.0
55294,144.9,6.90,22.61,0.1560,6.41,1048.0,85.0
55301,142.9,7.00,22.61,0.1583,6.32,1048.0,85.0
55308,144.9,6.90,22.61,0.1560,6.41,1048.0,85.0
55315,142.9,7.00,22.61,0.1583,6.32,1048.0,85.0
55322,144.9,6.90,22.61,0.1560,6.41,1048.0,85.0
55329,142.9,7.00,22.61,0.1583,6.32,1048.0,85.0
55335,144.9,6.90,22.61,0.1560,6.41,1048.0,85.0
55342,142.9,7.00,22.61,0.1583,6.32,1048.0,85.0
55349,144.9,6.90,22.61,0.1560,6.41,1048.0,85.0
55356,142.9,7.00,22.61,0.1583,6.32,1048.0,85.0
55363,144.9,6.90,22.61,0.1560,6.41,1048.0,85.0
55370,144.9,6.90,22.61,0.1560,6.41,1048.0,85.0
55377,140.8,7.10,22.61,0.1605,6.23,1048.0,85.0
55384,147.1,6.80,22.61,0.1538,6.51,1048.0,85.0
55391,144.9,6.90,22.61,0.1560,6.41,1048.0,85.0
55398,142.9,7.00,22.61,0.1583,6.32,1048.0,85.0
55405,142.9,7.00,22.61,0.1583,6.32,1048.0,85.0
55412,147.1,6.80,22.61,0.1538,6.51,1048.0,85.0
55419,142.9,7.00,22.61,0.1583,6.32,1048.0,85.0
55426,144.9,6.90,22.61,0.1560,6.41,1048.0,85.0
55433,142.9,7.00,22.61,0.1583,6.32,1048.0,85.0
55440,144.9,6.90,22.61,0.1560,6.41,1048.0,85.0
55447,142.9,7.00,22.61,0.1583,6.32,1048.0,85.0
55454,142.9,7.00,22.61,0.1583,6.32,1048.0,85.0
55460,147.1,6.80,22.61,0.1538,6.51,1048.0,85.0
55467,140.8,7.10,22.61,0.1606,6.23,1048.0,85.0
55474,147.1,6.80,22.61,0.1538,6.51,1048.0,85.0
55481,142.9,7.00,22.61,0.1583,6.32,1048.0,85.0
55488,144.9,6.90,22.61,0.1560,6.41,1048.0,85.0
55495,142.9,7.00,22.61,0.1583,6.32,1048.0,85.0
55502,144.9,6.90,22.61,0.1560,6.41,1048.0,85.0
55509,142.9,7.00,22.61,0.1583,6.32,1048.0,85.0
55516,144.9,6.90,22.61,0.1560,6.41,1048.0,85.0
55523,142.9,7.00,22.61,0.1583,6.32,1048.0,85.0
55530,144.9,6.90,22.61,0.1560,6.41,1048.0,85.0
55537,144.9,6.90,22.61,0.1560,6.41,1048.0,85.0
55544,142.9,7.00,22.61,0.1583,6.32,1048.0,85.0
55551,142.9,7.00,22.61,0.1583,6.32,1048.0,85.0
55558,144.9,6.90,22.61,0.1560,6.41,1048.0,85.0
55565,144.9,6.90,22.61,0.1560,6.41,1048.0,85.0
55572,142.9,7.00,22.61,0.1583,6.32,1048.0,85.0
55579,142.9,7.00,22.61,0.1583,6.32,1048.0,85.0
55586,142.9,7.00,22.61,0.1583,6.32,1048.0,85.0
55592,144.9,6.90,22.61,0.1560,6.41,1048.0,85.0
55599,144.9,6.90,22.61,0.1560,6.41,1048.0,85.0
55606,142.9,7.00,22.61,0.1583,6.32,1048.0,85.0
55613,144.9,6.90,22.61,0.1560,6.41,1048.0,85.0
55620,147.1,6.80,22.61,0.1538,6.50,1048.0,85.0
55627,138.9,7.20,22.61,0.1628,6.14,1048.0,85.0
55634,147.1,6.80,22.61,0.1538,6.50,1048.0,85.0
55641,142.9,7.00,22.61,0.1583,6.32,1048.0,85.0
55648,144.9,6.90,22.61,0.1560,6.41,1048.0,85.0
55655,142.9,7.00,22.61,0.1583,6.32,1048.0,85.0
55662,147.1,6.80,22.61,0.1538,6.50,1048.0,85.0
55669,142.9,7.00,22.61,0.1583,6.32,1048.0,85.0
55676,142.9,7.00,22.61,0.1583,6.32,1048.0,85.0
55683,144.9,6.90,22.61,0.1560,6.41,1048.0,85.0
55690,142.9,7.00,22.62,0.1583,6.32,1048.0,85.0
55696,147.1,6.80,22.62,0.1538,6.50,1048.0,85.0
55703,142.9,7.00,22.62,0.1583,6.32,1048.0,85.0
55710,142.9,7.00,22.62,0.1583,6.32,1048.0,85.0
55717,144.9,6.90,22.62,0.1560,6.41,1048.0,85.0
55724,144.9,6.90,22.62,0.1560,6.41,1048.0,85.0
55731,140.8,7.10,22.62,0.1606,6.23,1048.0,85.0
55738,144.9,6.90,22.62,0.1560,6.41,1048.0,85.0
55745,144.9,6.90,22.62,0.1560,6.41,1048.0,85.0
55752,142.9,7.00,22.62,0.1583,6.32,1048.0,85.0
55759,144.9,6.90,22.62,0.1560,6.41,1048.0,85.0
55766,142.9,7.00,22.62,0.1583,6.32,1048.0,85.0
55773,142.9,7.00,22.62,0.1583,6.32,1048.0,85.0
55780,144.9,6.90,22.62,0.1561,6.41,1048.0,85.0
55787,144.9,6.90,22.62,0.1561,6.41,1048.0,85.0
55794,142.9,7.00,22.62,0.1583,6.32,1048.0,85.0
55801,144.9,6.90,22.62,0.1561,6.41,1048.0,85.0
55808,142.9,7.00,22.62,0.1583,6.32,1048.0,85.0
55815,144.9,6.90,22.62,0.1561,6.41,1048.0,85.0
55822,144.9,6.90,22.62,0.1561,6.41,1048.0,85.0
55829,142.9,7.00,22.62,0.1583,6.32,1048.0,85.0
55836,142.9,7.00,22.62,0.1583,6.32,1048.0,85.0
55842,144.9,6.90,22.62,0.1561,6.41,1048.0,85.0
55849,142.9,7.00,22.62,0.1583,6.32,1048.0,85.0
55856,144.9,6.90,22.62,0.1561,6.41,1048.0,85.0
55863,144.9,6.90,22.62,0.1561,6.41,1048.0,85.0
55870,142.9,7.00,22.62,0.1583,6.32,1048.0,85.0
55877,144.9,6.90,22.62,0.1561,6.41,1048.0,85.0
55884,147.1,6.80,22.62,0.1538,6.50,1048.0,85.0
55891,142.9,7.00,22.62,0.1583,6.32,1048.0,85.0
55898,144.9,6.90,22.62,0.1561,6.41,1048.0,85.0
55905,140.8,7.10,22.62,0.1606,6.23,1048.0,85.0
55912,144.9,6.90,22.62,0.1561,6.41,1048.0,85.0
55919,142.9,7.00,22.62,0.1583,6.32,1048.0,85.0
55926,144.9,6.90,22.62,0.1561,6.41,1048.0,85.0
55933,144.9,6.90,22.62,0.1561,6.41,1048.0,85.0
55940,142.9,7.00,22.62,0.1583,6.32,1048.0,85.0
55947,144.9,6.90,22.62,0.1561,6.41,1048.0,85.0
55954,142.9,7.00,22.62,0.1583,6.32,1048.0,85.0
55960,144.9,6.90,22.62,0.1561,6.41,1048.0,85.0
55967,142.9,7.00,22.62,0.1583,6.32,1048.0,85.0
55974,142.9,7.00,22.62,0.1583,6.32,1048.0,85.0
55981,147.1,6.80,22.62,0.1538,6.50,1048.0,85.0
55988,142.9,7.00,22.62,0.1583,6.32,1048.0,85.0
55995,144.9,6.90,22.62,0.1561,6.41,1048.0,85.0
56002,144.9,6.90,22.62,0.1561,6.41,1048.0,85.0
56009,142.9,7.00,22.62,0.1583,6.32,1048.0,85.0
56016,144.9,6.90,22.62,0.1561,6.41,1048.0,85.0
56023,142.9,7.00,22.62,0.1583,6.32,1048.0,85.0
56030,142.9,7.00,22.62,0.1583,6.32,1048.0,85.0
56037,144.9,6.90,22.62,0.1561,6.41,1048.0,85.0
56044,144.9,6.90,22.62,0.1561,6.41,1048.0,85.0
56051,144.9,6.90,22.62,0.1561,6.41,1048.0,85.0
56058,142.9,7.00,22.62,0.1583,6.32,1048.0,85.0
56065,142.9,7.00,22.62,0.1583,6.32,1048.0,85.0
56072,144.9,6.90,22.62,0.1561,6.41,1048.0,85.0
56079,142.9,7.00,22.62,0.1583,6.32,1048.0,85.0
56085,144.9,6.90,22.62,0.1561,6.41,1048.0,85.0
56092,144.9,6.90,22.62,0.1561,6.41,1048.0,85.0
56099,142.9,7.00,22.62,0.1583,6.32,1048.0,85.0
56106,144.9,6.90,22.62,0.1561,6.41,1048.0,85.0
56113,142.9,7.00,22.62,0.1583,6.32,1048.0,85.0
56120,144.9,6.90,22.62,0.1561,6.41,1048.0,85.0
56127,144.9,6.90,22.62,0.1561,6.41,1048.0,85.0
56134,140.8,7.10,22.62,0.1606,6.22,1048.0,85.0
56141,144.9,6.90,22.62,0.1561,6.41,1048.0,85.0
56148,144.9,6.90,22.62,0.1561,6.41,1048.0,85.0
56155,144.9,6.90,22.62,0.1561,6.41,1048.0,85.0
56162,142.9,7.00,22.62,0.1583,6.32,1048.0,85.0
56169,142.9,7.00,22.62,0.1583,6.32,1048.0,85.0
56176,144.9,6.90,22.62,0.1561,6.41,1048.0,85.0
56183,142.9,7.00,22.62,0.1583,6.32,1048.0,85.0
56190,144.9,6.90,22.62,0.1561,6.41,1048.0,85.0
56197,144.9,6.90,22.62,0.1561,6.41,1048.0,85.0
56204,142.9,7.00,22.62,0.1583,6.32,1048.0,85.0
56211,142.9,7.00,22.62,0.1583,6.32,1048.0,85.0
56217,144.9,6.90,22.62,0.1561,6.41,1048.0,85.0
56224,144.9,6.90,22.62,0.1561,6.41,1048.0,85.0
56231,142.9,7.00,22.62,0.1583,6.32,1048.0,85.0
56238,144.9,6.90,22.62,0.1561,6.41,1048.0,85.0
56245,144.9,6.90,22.62,0.1561,6.41,1048.0,85.0
56252,144.9,6.90,22.62,0.1561,6.41,1048.0,85.0
56259,142.9,7.00,22.62,0.1583,6.32,1048.0,85.0
56266,142.9,7.00,22.62,0.1583,6.32,1048.0,85.0
56273,144.9,6.90,22.62,0.1561,6.41,1048.0,85.0
56280,147.1,6.80,22.62,0.1538,6.50,1048.0,85.0
56287,142.9,7.00,22.62,0.1583,6.32,1048.0,85.0
56294,142.9,7.00,22.62,0.1583,6.32,1048.0,85.0
56301,142.9,7.00,22.62,0.1583,6.32,1048.0,85.0
56308,144.9,6.90,22.62,0.1561,6.41,1048.0,85.0
56315,144.9,6.90,22.62,0.1561,6.41,1048.0,85.0
56322,142.9,7.00,22.62,0.1583,6.32,1048.0,85.0
56328,144.9,6.90,22.62,0.1561,6.41,1048.0,85.0
56335,144.9,6.90,22.62,0.1561,6.41,1048.0,85.0
56342,142.9,7.00,22.62,0.1583,6.32,1048.0,85.0
56349,144.9,6.90,22.62,0.1561,6.41,1048.0,85.0
56356,142.9,7.00,22.62,0.1583,6.32,1048.0,85.0
56363,144.9,6.90,22.62,0.1561,6.41,1048.0,85.0
56370,144.9,6.90,22.62,0.1561,6.41,1048.0,85.0
56377,142.9,7.00,22.62,0.1583,6.32,1048.0,85.0
56384,144.9,6.90,22.62,0.1561,6.41,1048.0,85.0
56391,142.9,7.00,22.62,0.1583,6.32,1048.0,85.0
56398,144.9,6.90,22.62,0.1561,6.41,1048.0,85.0
56405,142.9,7.00,22.62,0.1583,6.32,1048.0,85.0
56412,144.9,6.90,22.62,0.1561,6.41,1048.0,85.0
56419,144.9,6.90,22.62,0.1561,6.41,1048.0,85.0
56426,142.9,7.00,22.62,0.1583,6.32,1048.0,85.0
56433,142.9,7.00,22.62,0.1583,6.32,1048.0,85.0
56440,144.9,6.90,22.62,0.1561,6.41,1048.0,85.0
56447,142.9,7.00,22.62,0.1583,6.32,1048.0,85.0
56453,144.9,6.90,22.62,0.1561,6.41,1048.0,85.0
56460,142.9,7.00,22.62,0.1583,6.32,1048.0,85.0
56467,144.9,6.90,22.62,0.1561,6.41,1048.0,85.0
56474,144.9,6.90,22.62,0.1561,6.41,1048.0,85.0
56481,144.9,6.90,22.62,0.1561,6.41,1048.0,85.0
56488,140.8,7.10,22.62,0.1606,6.23,1048.0,85.0
56495,144.9,6.90,22.62,0.1561,6.41,1048.0,85.0
56502,142.9,7.00,22.62,0.1583,6.32,1048.0,85.0
56509,144.9,6.90,22.62,0.1561,6.41,1048.0,85.0
56516,142.9,7.00,22.62,0.1583,6.32,1048.0,85.0
56523,144.9,6.90,22.62,0.1561,6.41,1048.0,85.0
56530,144.9,6.90,22.62,0.1561,6.41,1048.0,85.0
56537,142.9,7.00,22.62,0.1583,6.32,1048.0,85.0
56544,144.9,6.90,22.62,0.1561,6.41,1048.0,85.0
56551,142.9,7.00,22.62,0.1583,6.32,1048.0,85.0
56558,142.9,7.00,22.62,0.1583,6.32,1048.0,85.0
56565,147.1,6.80,22.62,0.1538,6.50,1048.0,85.0
56572,142.9,7.00,22.62,0.1583,6.32,1048.0,85.0
56579,142.9,7.00,22.62,0.1583,6.32,1048.0,85.0
56585,144.9,6.90,22.62,0.1561,6.41,1048.0,85.0
56592,142.9,7.00,22.62,0.1583,6.32,1048.0,85.0
56599,144.9,6.90,22.62,0.1560,6.41,1048.0,85.0
56606,147.1,6.80,22.62,0.1538,6.50,1048.0,85.0
56613,140.8,7.10,22.62,0.1606,6.23,1048.0,85.0
56620,144.9,6.90,22.62,0.1560,6.41,1048.0,85.0
56627,142.9,7.00,22.62,0.1583,6.32,1048.0,85.0
56634,144.9,6.90,22.62,0.1560,6.41,1048.0,85.0
56641,144.9,6.90,22.62,0.1560,6.41,1048.0,85.0
56648,142.9,7.00,22.62,0.1583,6.32,1048.0,85.0
56655,144.9,6.90,22.62,0.1560,6.41,1048.0,85.0
56662,142.9,7.00,22.62,0.1583,6.32,1048.0,85.0
56669,144.9,6.90,22.62,0.1560,6.41,1048.0,85.0
56676,142.9,7.00,22.62,0.1583,6.32,1048.0,85.0
56683,147.1,6.80,22.62,0.1538,6.50,1048.0,85.0
56690,140.8,7.10,22.61,0.1606,6.23,1048.0,85.0
56697,144.9,6.90,22.61,0.1560,6.41,1048.0,85.0
56703,144.9,6.90,22.61,0.1560,6.41,1048.0,85.0
56710,142.9,7.00,22.61,0.1583,6.32,1048.0,85.0
56717,144.9,6.90,22.61,0.1560,6.41,1048.0,85.0
56724,144.9,6.90,22.61,0.1560,6.41,1048.0,85.0
56731,142.9,7.00,22.61,0.1583,6.32,1048.0,85.0
56738,142.9,7.00,22.61,0.1583,6.32,1048.0,85.0
56745,144.9,6.90,22.61,0.1560,6.41,1048.0,85.0
56752,144.9,6.90,22.61,0.1560,6.41,1048.0,85.0
56759,142.9,7.00,22.61,0.1583,6.32,1048.0,85.0
56766,144.9,6.90,22.61,0.1560,6.41,1048.0,85.0
56773,142.9,7.00,22.61,0.1583,6.32,1048.0,85.0
56780,144.9,6.90,22.61,0.1560,6.41,1048.0,85.0
56787,144.9,6.90,22.61,0.1560,6.41,1048.0,85.0
56794,142.9,7.00,22.61,0.1583,6.32,1048.0,85.0
56801,142.9,7.00,22.61,0.1583,6.32,1048.0,85.0
56808,144.9,6.90,22.61,0.1560,6.41,1048.0,85.0
56815,144.9,6.90,22.61,0.1560,6.41,1048.0,85.0
56822,142.9,7.00,22.61,0.1583,6.32,1048.0,85.0
56829,142.9,7.00,22.61,0.1583,6.32,1048.0,85.0
56835,147.1,6.80,22.61,0.1538,6.50,1048.0,85.0
56842,142.9,7.00,22.61,0.1583,6.32,1048.0,85.0
56849,142.9,7.00,22.61,0.1583,6.32,1048.0,85.0
56856,144.9,6.90,22.61,0.1560,6.41,1048.0,85.0
56863,142.9,7.00,22.61,0.1583,6.32,1048.0,85.0
56870,144.9,6.90,22.61,0.1560,6.41,1048.0,85.0
56877,144.9,6.90,22.61,0.1560,6.41,1048.0,85.0
56884,142.9,7.00,22.61,0.1583,6.32,1048.0,85.0
56891,144.9,6.90,22.61,0.1560,6.41,1048.0,85.0
56898,144.9,6.90,22.61,0.1560,6.41,1048.0,85.0
56905,142.9,7.00,22.61,0.1583,6.32,1048.0,85.0
56912,142.9,7.00,22.61,0.1583,6.32,1048.0,85.0
56919,142.9,7.00,22.61,0.1583,6.32,1048.0,85.0
56926,147.1,6.80,22.61,0.1538,6.51,1048.0,85.0
56933,142.9,7.00,22.61,0.1583,6.32,1048.0,85.0
56940,144.9,6.90,22.61,0.1560,6.41,1048.0,85.0
56946,144.9,6.90,22.61,0.1560,6.41,1048.0,85.0
56954,140.8,7.10,22.61,0.1605,6.23,1048.0,85.0
56960,144.9,6.90,22.61,0.1560,6.41,1048.0,85.0
56967,144.9,6.90,22.61,0.1560,6.41,1048.0,85.0
56974,144.9,6.90,22.61,0.1560,6.41,1048.0,85.0
56981,142.9,7.00,22.61,0.1583,6.32,1048.0,85.0
56988,147.1,6.80,22.61,0.1538,6.51,1048.0,85.0
56995,140.8,7.10,22.61,0.1605,6.23,1048.0,85.0
57002,142.9,7.00,22.61,0.1583,6.32,1048.0,85.0
57009,147.1,6.80,22.61,0.1538,6.51,1048.0,85.0
57016,140.8,7.10,22.61,0.1605,6.23,1048.0,85.0
57023,144.9,6.90,22.61,0.1560,6.41,1048.0,85.0
57030,144.9,6.90,22.61,0.1560,6.41,1048.0,85.0
57037,144.9,6.90,22.61,0.1560,6.41,1048.0,85.0
57044,142.9,7.00,22.61,0.1583,6.32,1048.0,85.0
57051,144.9,6.90,22.61,0.1560,6.41,1048.0,85.0
57058,142.9,7.00,22.61,0.1583,6.32,1048.0,85.0
57065,144.9,6.90,22.61,0.1560,6.41,1048.0,85.0
57072,142.9,7.00,22.61,0.1583,6.32,1048.0,85.0
57079,142.9,7.00,22.61,0.1583,6.32,1048.0,85.0
57085,144.9,6.90,22.61,0.1560,6.41,1048.0,85.0
57092,144.9,6.90,22.61,0.1560,6.41,1048.0,85.0
57099,142.9,7.00,22.61,0.1583,6.32,1048.0,85.0
57106,144.9,6.90,22.61,0.1560,6.41,1048.0,85.0
57113,142.9,7.00,22.61,0.1583,6.32,1048.0,85.0
57120,144.9,6.90,22.61,0.1560,6.41,1048.0,85.0
57127,142.9,7.00,22.61,0.1583,6.32,1048.0,85.0
57134,144.9,6.90,22.61,0.1560,6.41,1048.0,85.0
57141,144.9,6.90,22.61,0.1560,6.41,1048.0,85.0
57148,142.9,7.00,22.61,0.1583,6.32,1048.0,85.0
57155,144.9,6.90,22.61,0.1560,6.41,1048.0,85.0
57162,144.9,6.90,22.61,0.1560,6.41,1048.0,85.0
57169,142.9,7.00,22.61,0.1583,6.32,1048.0,85.0
57176,142.9,7.00,22.61,0.1583,6.32,1048.0,85.0
57183,144.9,6.90,22.61,0.1560,6.41,1048.0,85.0
57190,144.9,6.90,22.61,0.1560,6.41,1048.0,85.0
57197,142.9,7.00,22.61,0.1583,6.32,1048.0,85.0
57203,144.9,6.90,22.61,0.1560,6.41,1048.0,85.0
57210,142.9,7.00,22.61,0.1583,6.32,1048.0,85.0
57217,144.9,6.90,22.61,0.1560,6.41,1048.0,85.0
57224,142.9,7.00,22.61,0.1583,6.32,1048.0,85.0
57231,147.1,6.80,22.61,0.1538,6.51,1048.0,85.0
57238,140.8,7.10,22.61,0.1605,6.23,1048.0,85.0
57245,147.1,6.80,22.61,0.1538,6.51,1048.0,85.0
57252,140.8,7.10,22.61,0.1605,6.23,1048.0,85.0
57259,144.9,6.90,22.61,0.1560,6.41,1048.0,85.0
57266,144.9,6.90,22.61,0.1560,6.41,1048.0,85.0
57273,142.9,7.00,22.61,0.1583,6.32,1048.0,85.0
57280,144.9,6.90,22.61,0.1560,6.41,1048.0,85.0
57287,142.9,7.00,22.61,0.1583,6.32,1048.0,85.0
57294,147.1,6.80,22.61,0.1538,6.51,1048.0,85.0
57301,140.8,7.10,22.61,0.1605,6.23,1048.0,85.0
57308,147.1,6.80,22.61,0.1538,6.51,1048.0,85.0
57315,140.8,7.10,22.61,0.1605,6.23,1048.0,85.0
57321,147.1,6.80,22.61,0.1538,6.51,1048.0,85.0
57328,144.9,6.90,22.61,0.1560,6.41,1048.0,85.0
57335,140.8,7.10,22.61,0.1606,6.23,1048.0,85.0
57342,144.9,6.90,22.61,0.1560,6.41,1048.0,85.0
57349,142.9,7.00,22.61,0.1583,6.32,1048.0,85.0
57356,144.9,6.90,22.61,0.1560,6.41,1048.0,85.0
57363,144.9,6.90,22.61,0.1560,6.41,1048.0,85.0
57370,142.9,7.00,22.61,0.1583,6.32,1048.0,85.0
57377,144.9,6.90,22.61,0.1560,6.41,1048.0,85.0
57384,144.9,6.90,22.61,0.1560,6.41,1048.0,85.0
57391,144.9,6.90,22.61,0.1560,6.41,1048.0,85.0
57398,142.9,7.00,22.61,0.1583,6.32,1048.0,85.0
57405,142.9,7.00,22.61,0.1583,6.32,1048.0,85.0
57412,144.9,6.90,22.61,0.1560,6.41,1048.0,85.0
57419,144.9,6.90,22.61,0.1560,6.41,1048.0,85.0
57426,142.9,7.00,22.61,0.1583,6.32,1048.0,85.0
57433,144.9,6.90,22.61,0.1560,6.41,1048.0,85.0
57440,142.9,7.00,22.62,0.1583,6.32,1048.0,85.0
57446,144.9,6.90,22.62,0.1560,6.41,1048.0,85.0
57453,144.9,6.90,22.62,0.1560,6.41,1048.0,85.0
57460,140.8,7.10,22.62,0.1606,6.23,1048.0,85.0
57467,144.9,6.90,22.62,0.1560,6.41,1048.0,85.0
57474,144.9,6.90,22.62,0.1560,6.41,1048.0,85.0
57481,142.9,7.00,22.62,0.1583,6.32,1048.0,85.0
57488,142.9,7.00,22.62,0.1583,6.32,1048.0,85.0
57495,142.9,7.00,22.62,0.1583,6.32,1048.0,85.0
57502,144.9,6.90,22.62,0.1561,6.41,1048.0,85.0
57509,147.1,6.80,22.62,0.1538,6.50,1048.0,85.0
57516,142.9,7.00,22.62,0.1583,6.32,1048.0,85.0
57523,144.9,6.90,22.62,0.1561,6.41,1048.0,85.0
57530,142.9,7.00,22.62,0.1583,6.32,1048.0,85.0
57537,144.9,6.90,22.62,0.1561,6.41,1048.0,85.0
57544,142.9,7.00,22.62,0.1583,6.32,1048.0,85.0
57551,144.9,6.90,22.62,0.1561,6.41,1048.0,85.0
57558,144.9,6.90,22.62,0.1561,6.41,1048.0,85.0
57565,140.8,7.10,22.62,0.1606,6.23,1048.0,85.0
57572,144.9,6.90,22.62,0.1561,6.41,1048.0,85.0
57579,142.9,7.00,22.62,0.1583,6.32,1048.0,85.0
57585,144.9,6.90,22.62,0.1561,6.41,1048.0,85.0
57592,142.9,7.00,22.62,0.1583,6.32,1048.0,85.0
57599,144.9,6.90,22.62,0.1561,6.41,1048.0,85.0
57606,144.9,6.90,22.62,0.1561,6.41,1048.0,85.0
57613,144.9,6.90,22.62,0.1561,6.41,1048.0,85.0
57620,142.9,7.00,22.62,0.1583,6.32,1048.0,85.0
57627,142.9,7.00,22.62,0.1583,6.32,1048.0,85.0
57634,147.1,6.80,22.62,0.1538,6.50,1048.0,85.0
57641,142.9,7.00,22.62,0.1583,6.32,1048.0,85.0
57648,142.9,7.00,22.62,0.1583,6.32,1048.0,85.0
57655,144.9,6.90,22.62,0.1561,6.41,1048.0,85.0
57662,142.9,7.00,22.62,0.1583,6.32,1048.0,85.0
57669,144.9,6.90,22.62,0.1561,6.41,1048.0,85.0
57676,142.9,7.00,22.62,0.1583,6.32,1048.0,85.0
57683,147.1,6.80,22.62,0.1538,6.50,1048.0,85.0
57690,142.9,7.00,22.62,0.1583,6.32,1048.0,85.0
57697,142.9,7.00,22.62,0.1583,6.32,1048.0,85.0
57703,144.9,6.90,22.62,0.1561,6.41,1048.0,85.0
57710,144.9,6.90,22.62,0.1561,6.41,1048.0,85.0
57717,142.9,7.00,22.62,0.1583,6.32,1048.0,85.0
57724,147.1,6.80,22.62,0.1538,6.50,1048.0,85.0
57731,140.8,7.10,22.62,0.1606,6.22,1048.0,85.0
57738,144.9,6.90,22.62,0.1561,6.41,1048.0,85.0
57745,144.9,6.90,22.62,0.1561,6.41,1048.0,85.0
57752,142.9,7.00,22.62,0.1583,6.32,1048.0,85.0
57759,142.9,7.00,22.62,0.1584,6.32,1048.0,85.0
57766,144.9,6.90,22.62,0.1561,6.41,1048.0,85.0
57773,144.9,6.90,22.62,0.1561,6.41,1048.0,85.0
57780,144.9,6.90,22.62,0.1561,6.41,1048.0,85.0
57787,142.9,7.00,22.62,0.1584,6.32,1048.0,85.0
57794,142.9,7.00,22.62,0.1584,6.32,1048.0,85.0
57801,144.9,6.90,22.62,0.1561,6.41,1048.0,85.0
57808,142.9,7.00,22.62,0.1584,6.32,1048.0,85.0
57815,144.9,6.90,22.62,0.1561,6.41,1048.0,85.0
57822,142.9,7.00,22.62,0.1584,6.32,1048.0,85.0
57829,142.9,7.00,22.62,0.1584,6.32,1048.0,85.0
57835,144.9,6.90,22.62,0.1561,6.40,1048.0,85.0
57842,144.9,6.90,22.62,0.1561,6.40,1048.0,85.0
57849,144.9,6.90,22.62,0.1561,6.40,1048.0,85.0
57856,142.9,7.00,22.62,0.1584,6.32,1048.0,85.0
57863,144.9,6.90,22.62,0.1561,6.40,1048.0,85.0
57870,142.9,7.00,22.62,0.1584,6.32,1048.0,85.0
57877,144.9,6.90,22.62,0.1561,6.40,1048.0,85.0
57884,142.9,7.00,22.62,0.1584,6.32,1048.0,85.0
57891,144.9,6.90,22.62,0.1561,6.40,1048.0,85.0
57898,144.9,6.90,22.62,0.1561,6.40,1048.0,85.0
57905,144.9,6.90,22.62,0.1561,6.40,1048.0,85.0
57912,142.9,7.00,22.62,0.1584,6.32,1048.0,85.0
57919,142.9,7.00,22.62,0.1584,6.32,1048.0,85.0
57926,142.9,7.00,22.62,0.1584,6.32,1048.0,85.0
57933,144.9,6.90,22.62,0.1561,6.40,1048.0,85.0
57940,142.9,7.00,22.63,0.1584,6.32,1048.0,85.0
57947,144.9,6.90,22.63,0.1561,6.40,1048.0,85.0
57953,144.9,6.90,22.63,0.1561,6.40,1048.0,85.0
57960,142.9,7.00,22.63,0.1584,6.32,1048.0,85.0
57967,144.9,6.90,22.63,0.1561,6.40,1048.0,85.0
57974,142.9,7.00,22.63,0.1584,6.32,1048.0,85.0
57981,144.9,6.90,22.63,0.1561,6.40,1048.0,85.0
57988,144.9,6.90,22.63,0.1561,6.40,1048.0,85.0
57995,144.9,6.90,22.63,0.1561,6.40,1048.0,85.0
58002,140.8,7.10,22.63,0.1606,6.22,1048.0,85.0
58009,144.9,6.90,22.63,0.1561,6.40,1048.0,85.0
58016,144.9,6.90,22.63,0.1561,6.40,1048.0,85.0
58023,144.9,6.90,22.63,0.1561,6.40,1048.0,85.0
58030,142.9,7.00,22.63,0.1584,6.32,1048.0,85.0
58037,142.9,7.00,22.63,0.1584,6.32,1048.0,85.0
58044,144.9,6.90,22.63,0.1561,6.40,1048.0,85.0
58051,144.9,6.90,22.63,0.1561,6.40,1048.0,85.0
58058,142.9,7.00,22.63,0.1584,6.32,1048.0,85.0
58065,144.9,6.90,22.63,0.1561,6.40,1048.0,85.0
58072,142.9,7.00,22.63,0.1584,6.32,1048.0,85.0
58078,144.9,6.90,22.63,0.1561,6.40,1048.0,85.0
58085,144.9,6.90,22.63,0.1561,6.40,1048.0,85.0
58092,140.8,7.10,22.63,0.1607,6.22,1048.0,85.0
58099,147.1,6.80,22.63,0.1539,6.50,1048.0,85.0
58106,140.8,7.10,22.63,0.1607,6.22,1048.0,85.0
58113,147.1,6.80,22.63,0.1539,6.50,1048.0,85.0
58120,142.9,7.00,22.63,0.1584,6.31,1048.0,85.0
58127,144.9,6.90,22.63,0.1561,6.40,1048.0,85.0
58134,144.9,6.90,22.63,0.1561,6.40,1048.0,85.0
58141,142.9,7.00,22.63,0.1584,6.31,1048.0,85.0
58148,144.9,6.90,22.63,0.1561,6.40,1048.0,85.0
58155,142.9,7.00,22.63,0.1584,6.31,1048.0,85.0
58162,142.9,7.00,22.63,0.1584,6.31,1048.0,85.0
58169,144.9,6.90,22.63,0.1561,6.40,1048.0,85.0
58176,147.1,6.80,22.63,0.1539,6.50,1048.0,85.0
58183,140.8,7.10,22.63,0.1607,6.22,1048.0,85.0
58190,142.9,7.00,22.63,0.1584,6.31,1048.0,85.0
58196,147.1,6.80,22.63,0.1539,6.50,1048.0,85.0
58203,142.9,7.00,22.63,0.1584,6.31,1048.0,85.0
58210,142.9,7.00,22.63,0.1584,6.32,1048.0,85.0
58217,144.9,6.90,22.63,0.1561,6.40,1048.0,85.0
58224,144.9,6.90,22.63,0.1561,6.40,1048.0,85.0
58231,144.9,6.90,22.63,0.1561,6.40,1048.0,85.0
58238,140.8,7.10,22.63,0.1606,6.22,1048.0,85.0
58245,144.9,6.90,22.63,0.1561,6.40,1048.0,85.0
58252,144.9,6.90,22.63,0.1561,6.40,1048.0,85.0
58259,142.9,7.00,22.62,0.1584,6.32,1048.0,85.0
58266,144.9,6.90,22.62,0.1561,6.40,1048.0,85.0
58273,142.9,7.00,22.62,0.1584,6.32,1048.0,85.0
58280,144.9,6.90,22.62,0.1561,6.40,1048.0,85.0
58287,144.9,6.90,22.62,0.1561,6.41,1048.0,85.0
58294,142.9,7.00,22.62,0.1584,6.32,1048.0,85.0
58301,142.9,7.00,22.62,0.1584,6.32,1048.0,85.0
58308,144.9,6.90,22.62,0.1561,6.41,1048.0,85.0
58315,144.9,6.90,22.62,0.1561,6.41,1048.0,85.0
58322,142.9,7.00,22.62,0.1583,6.32,1048.0,85.0
58328,144.9,6.90,22.62,0.1561,6.41,1048.0,85.0
58335,144.9,6.90,22.62,0.1561,6.41,1048.0,85.0
58342,144.9,6.90,22.62,0.1561,6.41,1048.0,85.0
58349,140.8,7.10,22.62,0.1606,6.23,1048.0,85.0
58356,147.1,6.80,22.62,0.1538,6.50,1048.0,85.0
58363,144.9,6.90,22.62,0.1561,6.41,1048.0,85.0
58370,140.8,7.10,22.62,0.1606,6.23,1048.0,85.0
58377,144.9,6.90,22.62,0.1561,6.41,1048.0,85.0
58384,142.9,7.00,22.62,0.1583,6.32,1048.0,85.0
58391,144.9,6.90,22.62,0.1560,6.41,1048.0,85.0
58398,144.9,6.90,22.62,0.1560,6.41,1048.0,85.0
58405,142.9,7.00,22.61,0.1583,6.32,1048.0,85.0
58412,142.9,7.00,22.61,0.1583,6.32,1048.0,85.0
58419,144.9,6.90,22.61,0.1560,6.41,1048.0,85.0
58426,144.9,6.90,22.61,0.1560,6.41,1048.0,85.0
58433,144.9,6.90,22.61,0.1560,6.41,1048.0,85.0
58440,142.9,7.00,22.61,0.1583,6.32,1048.0,85.0
58446,144.9,6.90,22.61,0.1560,6.41,1048.0,85.0
58453,142.9,7.00,22.61,0.1583,6.32,1048.0,85.0
58460,144.9,6.90,22.61,0.1560,6.41,1048.0,85.0
58467,144.9,6.90,22.61,0.1560,6.41,1048.0,85.0
58474,144.9,6.90,22.61,0.1560,6.41,1048.0,85.0
58481,142.9,7.00,22.61,0.1583,6.32,1048.0,85.0
58488,142.9,7.00,22.61,0.1583,6.32,1048.0,85.0
58495,142.9,7.00,22.61,0.1583,6.32,1048.0,85.0
58502,144.9,6.90,22.61,0.1560,6.41,1048.0,85.0
58509,144.9,6.90,22.61,0.1560,6.41,1048.0,85.0
58516,142.9,7.00,22.61,0.1582,6.32,1048.0,85.0
58523,144.9,6.90,22.61,0.1560,6.41,1048.0,85.0
58530,142.9,7.00,22.61,0.1582,6.32,1048.0,85.0
58537,144.9,6.90,22.61,0.1560,6.41,1048.0,85.0
58544,144.9,6.90,22.60,0.1560,6.41,1048.0,85.0
58551,142.9,7.00,22.60,0.1582,6.32,1048.0,85.0
58558,144.9,6.90,22.60,0.1560,6.41,1048.0,85.0
58565,142.9,7.00,22.60,0.1582,6.32,1048.0,85.0
58571,144.9,6.90,22.60,0.1560,6.41,1048.0,85.0
58578,144.9,6.90,22.60,0.1560,6.41,1048.0,85.0
58585,142.9,7.00,22.60,0.1582,6.32,1048.0,85.0
58592,142.9,7.00,22.60,0.1582,6.32,1048.0,85.0
58599,147.1,6.80,22.60,0.1537,6.51,1048.0,85.0
58606,142.9,7.00,22.60,0.1582,6.32,1048.0,85.0
58613,142.9,7.00,22.60,0.1582,6.32,1048.0,85.0
58620,144.9,6.90,22.60,0.1559,6.41,1048.0,85.0
58627,142.9,7.00,22.60,0.1582,6.32,1048.0,85.0
58634,144.9,6.90,22.60,0.1559,6.41,1048.0,85.0
58641,140.8,7.10,22.60,0.1604,6.23,1048.0,85.0
58648,147.1,6.80,22.60,0.1537,6.51,1048.0,85.0
58655,140.8,7.10,22.60,0.1604,6.23,1048.0,85.0
58662,147.1,6.80,22.60,0.1537,6.51,1048.0,85.0
58669,142.9,7.00,22.60,0.1582,6.32,1048.0,85.0
58676,144.9,6.90,22.60,0.1559,6.41,1048.0,85.0
58683,142.9,7.00,22.60,0.1582,6.32,1048.0,85.0
58690,144.9,6.90,22.59,0.1559,6.41,1048.0,85.0
58696,144.9,6.90,22.59,0.1559,6.41,1048.0,85.0
58703,144.9,6.90,22.59,0.1559,6.41,1048.0,85.0
58710,142.9,7.00,22.59,0.1582,6.32,1048.0,85.0
58717,144.9,6.90,22.59,0.1559,6.41,1048.0,85.0
58724,140.8,7.10,22.59,0.1604,6.23,1048.0,85.0
58731,144.9,6.90,22.59,0.1559,6.41,1048.0,85.0
58738,144.9,6.90,22.59,0.1559,6.41,1048.0,85.0
58745,142.9,7.00,22.59,0.1581,6.33,1048.0,85.0
58752,144.9,6.90,22.59,0.1559,6.41,1048.0,85.0
58759,142.9,7.00,22.59,0.1581,6.33,1048.0,85.0
58766,142.9,7.00,22.59,0.1581,6.33,1048.0,85.0
58773,147.1,6.80,22.59,0.1536,6.51,1048.0,85.0
58780,142.9,7.00,22.59,0.1581,6.33,1048.0,85.0
58787,144.9,6.90,22.59,0.1559,6.41,1048.0,85.0
58794,142.9,7.00,22.59,0.1581,6.33,1048.0,85.0
58801,144.9,6.90,22.59,0.1558,6.42,1048.0,85.0
58808,144.9,6.90,22.59,0.1558,6.42,1048.0,85.0
58815,140.8,7.10,22.59,0.1604,6.23,1048.0,85.0
58821,147.1,6.80,22.59,0.1536,6.51,1048.0,85.0
58828,142.9,7.00,22.58,0.1581,6.33,1048.0,85.0
58835,142.9,7.00,22.58,0.1581,6.33,1048.0,85.0
58842,147.1,6.80,22.58,0.1536,6.51,1048.0,85.0
58849,142.9,7.00,22.58,0.1581,6.33,1048.0,85.0
58856,142.9,7.00,22.58,0.1581,6.33,1048.0,85.0
58863,142.9,7.00,22.58,0.1581,6.33,1048.0,85.0
58870,144.9,6.90,22.58,0.1558,6.42,1048.0,85.0
58877,142.9,7.00,22.58,0.1581,6.33,1048.0,85.0
58884,144.9,6.90,22.58,0.1558,6.42,1048.0,85.0
58891,142.9,7.00,22.58,0.1581,6.33,1048.0,85.0
58898,144.9,6.90,22.58,0.1558,6.42,1048.0,85.0
58905,144.9,6.90,22.58,0.1558,6.42,1048.0,85.0
58912,144.9,6.90,22.58,0.1558,6.42,1048.0,85.0
58919,142.9,7.00,22.58,0.1580,6.33,1048.0,85.0
58926,144.9,6.90,22.58,0.1558,6.42,1048.0,85.0
58933,144.9,6.90,22.58,0.1558,6.42,1048.0,85.0
58940,142.9,7.00,22.58,0.1580,6.33,1048.0,85.0
58946,144.9,6.90,22.58,0.1558,6.42,1048.0,85.0
58953,142.9,7.00,22.58,0.1580,6.33,1048.0,85.0
58960,144.9,6.90,22.58,0.1558,6.42,1048.0,85.0
58967,142.9,7.00,22.58,0.1580,6.33,1048.0,85.0
58974,142.9,7.00,22.57,0.1580,6.33,1048.0,85.0
58981,147.1,6.80,22.57,0.1535,6.52,1048.0,85.0
58988,142.9,7.00,22.57,0.1580,6.33,1048.0,85.0
58995,142.9,7.00,22.57,0.1580,6.33,1048.0,85.0
59002,144.9,6.90,22.57,0.1558,6.42,1048.0,85.0
59009,142.9,7.00,22.57,0.1580,6.33,1048.0,85.0
59016,144.9,6.90,22.57,0.1557,6.42,1048.0,85.0
59023,144.9,6.90,22.57,0.1557,6.42,1048.0,85.0
59030,144.9,6.90,22.57,0.1557,6.42,1048.0,85.0
59037,142.9,7.00,22.57,0.1580,6.33,1048.0,85.0
59044,144.9,6.90,22.57,0.1557,6.42,1048.0,85.0
59051,142.9,7.00,22.57,0.1580,6.33,1048.0,85.0
59058,142.9,7.00,22.57,0.1580,6.33,1048.0,85.0
59064,147.1,6.80,22.57,0.1535,6.52,1048.0,85.0
59072,140.8,7.10,22.57,0.1602,6.24,1048.0,85.0
59078,144.9,6.90,22.57,0.1557,6.42,1048.0,85.0
59085,142.9,7.00,22.57,0.1580,6.33,1048.0,85.0
59092,144.9,6.90,22.57,0.1557,6.42,1048.0,85.0
59099,144.9,6.90,22.57,0.1557,6.42,1048.0,85.0
59106,142.9,7.00,22.57,0.1580,6.33,1048.0,85.0
59113,147.1,6.80,22.56,0.1534,6.52,1048.0,85.0
59120,142.9,7.00,22.56,0.1580,6.33,1048.0,85.0
59127,142.9,7.00,22.56,0.1579,6.33,1048.0,85.0
59134,144.9,6.90,22.56,0.1557,6.42,1048.0,85.0
59141,142.9,7.00,22.56,0.1579,6.33,1048.0,85.0
59148,142.9,7.00,22.56,0.1579,6.33,1048.0,85.0
59155,144.9,6.90,22.56,0.1557,6.42,1048.0,85.0
59162,142.9,7.00,22.56,0.1579,6.33,1048.0,85.0
59169,144.9,6.90,22.56,0.1557,6.42,1048.0,85.0
59176,144.9,6.90,22.56,0.1557,6.42,1048.0,85.0
59183,142.9,7.00,22.56,0.1579,6.33,1048.0,85.0
59190,144.9,6.90,22.56,0.1557,6.42,1048.0,85.0
59197,142.9,7.00,22.56,0.1579,6.33,1048.0,85.0
59204,142.9,7.00,22.56,0.1579,6.33,1048.0,85.0
59210,147.1,6.80,22.56,0.1534,6.52,1048.0,85.0
59217,142.9,7.00,22.56,0.1579,6.33,1048.0,85.0
59224,144.9,6.90,22.56,0.1557,6.42,1048.0,85.0
59231,142.9,7.00,22.56,0.1579,6.33,1048.0,85.0
59238,142.9,7.00,22.56,0.1579,6.33,1048.0,85.0
59245,147.1,6.80,22.56,0.1534,6.52,1048.0,85.0
59252,142.9,7.00,22.56,0.1579,6.33,1048.0,85.0
59259,144.9,6.90,22.56,0.1557,6.42,1048.0,85.0
59266,142.9,7.00,22.56,0.1579,6.33,1048.0,85.0
59273,144.9,6.90,22.56,0.1557,6.42,1048.0,85.0
59280,142.9,7.00,22.56,0.1579,6.33,1048.0,85.0
59287,144.9,6.90,22.56,0.1557,6.42,1048.0,85.0
59294,144.9,6.90,22.56,0.1557,6.42,1048.0,85.0
59301,142.9,7.00,22.56,0.1579,6.33,1048.0,85.0
59308,142.9,7.00,22.56,0.1579,6.33,1048.0,85.0
59315,144.9,6.90,22.56,0.1557,6.42,1048.0,85.0
59322,142.9,7.00,22.56,0.1579,6.33,1048.0,85.0
59328,147.1,6.80,22.56,0.1534,6.52,1048.0,85.0
59335,142.9,7.00,22.56,0.1579,6.33,1048.0,85.0
59342,142.9,7.00,22.56,0.1579,6.33,1048.0,85.0
59349,147.1,6.80,22.56,0.1534,6.52,1048.0,85.0
59356,142.9,7.00,22.56,0.1579,6.33,1048.0,85.0
59363,142.9,7.00,22.56,0.1579,6.33,1048.0,85.0
59370,144.9,6.90,22.56,0.1557,6.42,1048.0,85.0
59377,144.9,6.90,22.56,0.1557,6.42,1048.0,85.0
59384,142.9,7.00,22.56,0.1579,6.33,1048.0,85.0
59391,144.9,6.90,22.56,0.1557,6.42,1048.0,85.0
59398,142.9,7.00,22.56,0.1579,6.33,1048.0,85.0
59405,142.9,7.00,22.56,0.1579,6.33,1048.0,85.0
59412,144.9,6.90,22.56,0.1557,6.42,1048.0,85.0
59419,144.9,6.90,22.56,0.1557,6.42,1048.0,85.0
59426,142.9,7.00,22.56,0.1579,6.33,1048.0,85.0
59433,144.9,6.90,22.56,0.1557,6.42,1048.0,85.0
59440,142.9,7.00,22.56,0.1579,6.33,1048.0,85.0
59446,144.9,6.90,22.56,0.1557,6.42,1048.0,85.0
59453,144.9,6.90,22.56,0.1557,6.42,1048.0,85.0
59460,140.8,7.10,22.56,0.1602,6.24,1048.0,85.0
59467,144.9,6.90,22.56,0.1557,6.42,1048.0,85.0
59474,144.9,6.90,22.56,0.1557,6.42,1048.0,85.0
59481,142.9,7.00,22.56,0.1579,6.33,1048.0,85.0
59488,144.9,6.90,22.56,0.1557,6.42,1048.0,85.0
59495,142.9,7.00,22.56,0.1579,6.33,1048.0,85.0
59502,144.9,6.90,22.56,0.1557,6.42,1048.0,85.0
59509,142.9,7.00,22.56,0.1579,6.33,1048.0,85.0
59516,144.9,6.90,22.56,0.1557,6.42,1048.0,85.0
59523,144.9,6.90,22.56,0.1557,6.42,1048.0,85.0
59530,142.9,7.00,22.56,0.1579,6.33,1048.0,85.0
59537,144.9,6.90,22.56,0.1557,6.42,1048.0,85.0
59544,144.9,6.90,22.56,0.1557,6.42,1048.0,85.0
59551,142.9,7.00,22.56,0.1579,6.33,1048.0,85.0
59558,144.9,6.90,22.56,0.1557,6.42,1048.0,85.0
59565,140.8,7.10,22.56,0.1602,6.24,1048.0,85.0
59571,147.1,6.80,22.56,0.1534,6.52,1048.0,85.0
59578,142.9,7.00,22.56,0.1579,6.33,1048.0,85.0
59585,144.9,6.90,22.56,0.1557,6.42,1048.0,85.0
59592,142.9,7.00,22.56,0.1579,6.33,1048.0,85.0
59599,142.9,7.00,22.56,0.1579,6.33,1048.0,85.0
59606,147.1,6.80,22.56,0.1534,6.52,1048.0,85.0
59613,142.9,7.00,22.56,0.1579,6.33,1048.0,85.0
59620,144.9,6.90,22.56,0.1557,6.42,1048.0,85.0
59627,144.9,6.90,22.56,0.1557,6.42,1048.0,85.0
59634,142.9,7.00,22.56,0.1579,6.33,1048.0,85.0
59641,142.9,7.00,22.56,0.1579,6.33,1048.0,85.0
59648,144.9,6.90,22.56,0.1557,6.42,1048.0,85.0
59655,142.9,7.00,22.56,0.1579,6.33,1048.0,85.0
59662,144.9,6.90,22.56,0.1557,6.42,1048.0,85.0
59669,142.9,7.00,22.56,0.1579,6.33,1048.0,85.0
59676,142.9,7.00,22.56,0.1579,6.33,1048.0,85.0
59683,147.1,6.80,22.56,0.1534,6.52,1048.0,85.0
59690,142.9,7.00,22.56,0.1579,6.33,1048.0,85.0
59696,144.9,6.90,22.56,0.1557,6.42,1048.0,85.0
59703,142.9,7.00,22.56,0.1579,6.33,1048.0,85.0
59710,144.9,6.90,22.56,0.1557,6.42,1048.0,85.0
59717,144.9,6.90,22.56,0.1557,6.42,1048.0,85.0
59724,142.9,7.00,22.56,0.1579,6.33,1048.0,85.0
59731,144.9,6.90,22.56,0.1557,6.42,1048.0,85.0
59738,142.9,7.00,22.56,0.1579,6.33,1048.0,85.0
59745,147.1,6.80,22.56,0.1534,6.52,1048.0,85.0
59752,142.9,7.00,22.56,0.1579,6.33,1048.0,85.0
59759,140.8,7.10,22.56,0.1602,6.24,1048.0,85.0
59766,144.9,6.90,22.56,0.1557,6.42,1048.0,85.0
59773,144.9,6.90,22.56,0.1557,6.42,1048.0,85.0
59780,144.9,6.90,22.56,0.1557,6.42,1048.0,85.0
59787,142.9,7.00,22.56,0.1579,6.33,1048.0,85.0
59794,142.9,7.00,22.56,0.1579,6.33,1048.0,85.0
59801,142.9,7.00,22.56,0.1579,6.33,1048.0,85.0
59808,144.9,6.90,22.56,0.1557,6.42,1048.0,85.0
59815,144.9,6.90,22.56,0.1557,6.42,1048.0,85.0
59822,142.9,7.00,22.56,0.1579,6.33,1048.0,85.0
59828,144.9,6.90,22.56,0.1557,6.42,1048.0,85.0
59835,144.9,6.90,22.56,0.1557,6.42,1048.0,85.0
59842,144.9,6.90,22.56,0.1557,6.42,1048.0,85.0
59849,142.9,7.00,22.56,0.1579,6.33,1048.0,85.0
59856,144.9,6.90,22.56,0.1557,6.42,1048.0,85.0
59863,142.9,7.00,22.56,0.1579,6.33,1048.0,85.0
59870,142.9,7.00,22.56,0.1579,6.33,1048.0,85.0
59877,144.9,6.90,22.56,0.1557,6.42,1048.0,85.0
59884,142.9,7.00,22.56,0.1579,6.33,1048.0,85.0
59891,144.9,6.90,22.56,0.1557,6.42,1048.0,85.0
59898,142.9,7.00,22.56,0.1579,6.33,1048.0,85.0
59905,144.9,6.90,22.56,0.1557,6.42,1048.0,85.0
59912,144.9,6.90,22.56,0.1557,6.42,1048.0,85.0
59919,142.9,7.00,22.56,0.1579,6.33,1048.0,85.0
59926,144.9,6.90,22.56,0.1557,6.42,1048.0,85.0
59933,144.9,6.90,22.56,0.1557,6.42,1048.0,85.0
59940,142.9,7.00,22.56,0.1579,6.33,1048.0,85.0
59947,142.9,7.00,22.56,0.1579,6.33,1048.0,85.0
59953,144.9,6.90,22.56,0.1557,6.42,1048.0,85.0
59960,144.9,6.90,22.56,0.1557,6.42,1048.0,85.0
59967,140.8,7.10,22.56,0.1602,6.24,1048.0,85.0
59974,147.1,6.80,22.56,0.1534,6.52,1048.0,85.0
59981,144.9,6.90,22.56,0.1557,6.42,1048.0,85.0
59988,142.9,7.00,22.56,0.1579,6.33,1048.0,85.0
59995,144.9,6.90,22.56,0.1557,6.42,1048.0,85.0
60002,142.9,7.00,22.56,0.1579,6.33,1048.0,85.0
